smiles,quantified_delivery
OC(CN(CCN(CCN1CCN(CC1)CCN(CC(CCCCCCCCCC)O)CC(CCCCCCCCCC)O)CC(CCCCCCCCCC)O)CC(CCCCCCCCCC)O)CCCCCCCCCC,0.5812143606898561
OC(CN(CCN(CCN1CCN(CC1)CCN(CC(CCCCCCCCCC)O)CC(CCCCCCCCCC)O)CC(CCCCCCCCCC)O)CC(CCCCCCCCCC)O)CCCCCCCCCC,-1.370671299808699
OC(CN(CCN(CCN1CCN(CC1)CCN(CC(CCCCCCCCCC)O)CC(CCCCCCCCCC)O)CC(CCCCCCCCCC)O)CC(CCCCCCCCCC)O)CCCCCCCCCC,1.6639009379976484
OC(CN(CCN(CCN1CCN(CC1)CCN(CC(CCCCCCCCCC)O)CC(CCCCCCCCCC)O)CC(CCCCCCCCCC)O)CC(CCCCCCCCCC)O)CCCCCCCCCC,-1.4316677266992788
OC(CN(CCN(CCN1CCN(CC1)CCN(CC(CCCCCCCCCC)O)CC(CCCCCCCCCC)O)CC(CCCCCCCCCC)O)CC(CCCCCCCCCC)O)CCCCCCCCCC,0.3296040997662142
OC(CN(CCN(CCN1CCN(CC1)CCN(CC(CCCCCCCCCC)O)CC(CCCCCCCCCC)O)CC(CCCCCCCCCC)O)CC(CCCCCCCCCC)O)CCCCCCCCCC,0.7642036413615959
OC(CN(CCN(CCN1CCN(CC1)CCN(CC(CCCCCCCCCC)O)CC(CCCCCCCCCC)O)CC(CCCCCCCCCC)O)CC(CCCCCCCCCC)O)CCCCCCCCCC,0.4668460602700193
OC(CN(CCN(CCN1CCN(CC1)CCN(CC(CCCCCCCCCC)O)CC(CCCCCCCCCC)O)CC(CCCCCCCCCC)O)CC(CCCCCCCCCC)O)CCCCCCCCCC,0.6117125741351461
OC(CN(CCN(CCN1CCN(CC1)CCN(CC(CCCCCCCCCC)O)CC(CCCCCCCCCC)O)CC(CCCCCCCCCC)O)CC(CCCCCCCCCC)O)CCCCCCCCCC,-0.0592481216612321
OC(CN(CCN(CCN1CCN(CC1)CCN(CC(CCCCCCCCCC)O)CC(CCCCCCCCCC)O)CC(CCCCCCCCCC)O)CC(CCCCCCCCCC)O)CCCCCCCCCC,1.0158139022852375
OC(CN(CCN(CCN1CCN(CC1)CCN(CC(CCCCCCCCCC)O)CC(CCCCCCCCCC)O)CC(CCCCCCCCCC)O)CC(CCCCCCCCCC)O)CCCCCCCCCC,1.877388432114678
OC(CN(CCN(CCN1CCN(CC1)CCN(CC(CCCCCCCCCC)O)CC(CCCCCCCCCC)O)CC(CCCCCCCCCC)O)CC(CCCCCCCCCC)O)CCCCCCCCCC,0.9471929220333356
OC(CN(CCN(CCN1CCN(CC1)CCN(CC(CCCCCCCCCC)O)CC(CCCCCCCCCC)O)CC(CCCCCCCCCC)O)CC(CCCCCCCCCC)O)CCCCCCCCCC,0.3906005266567941
OC(CN(CCN(CCN1CCN(CC1)CCN(CC(CCCCCCCCCC)O)CC(CCCCCCCCCC)O)CC(CCCCCCCCCC)O)CC(CCCCCCCCCC)O)CCCCCCCCCC,0.5278424871605986
OC(CN(CCN(CCN1CCN(CC1)CCN(CC(CCCCCCCCCC)O)CC(CCCCCCCCCC)O)CC(CCCCCCCCCC)O)CC(CCCCCCCCCC)O)CCCCCCCCCC,1.1911786295956546
OC(CN(CCN(CCN1CCN(CC1)CCN(CC(CCCCCCCCCC)O)CC(CCCCCCCCCC)O)CC(CCCCCCCCCC)O)CC(CCCCCCCCCC)O)CCCCCCCCCC,1.7935183451401306
OC(CN(CCN(CCN1CCN(CC1)CCN(CC(CCCCCCCCCC)O)CC(CCCCCCCCCC)O)CC(CCCCCCCCCC)O)CC(CCCCCCCCCC)O)CCCCCCCCCC,0.0703692854812499
OC(CN(CCN(CCN1CCN(CC1)CCN(CC(CCCCCCCCCC)O)CC(CCCCCCCCCC)O)CC(CCCCCCCCCC)O)CC(CCCCCCCCCC)O)CCCCCCCCCC,1.7630201316948406
OC(CN(CCN(CCN1CCN(CC1)CCN(CC(CCCCCCCCCC)O)CC(CCCCCCCCCC)O)CC(CCCCCCCCCC)O)CC(CCCCCCCCCC)O)CCCCCCCCCC,0.03987107203596
OC(CN(CCN(CCN1CCN(CC1)CCN(CC(CCCCCCCCCC)O)CC(CCCCCCCCCC)O)CC(CCCCCCCCCC)O)CC(CCCCCCCCCC)O)CCCCCCCCCC,0.2609831195143119
CCCCCCCCCCC(O)CN(CCCCC1NC(=O)C(CCCCN(CC(O)CCCCCCCCCC)CC(O)CCCCCCCCCC)NC1=O)CC(O)CCCCCCCCCC,0.9014456018654003
CCCCCCCCCCC(O)CN(CCCCC1NC(=O)C(CCCCN(CC(O)CCCCCCCCCC)CC(O)CCCCCCCCCC)NC1=O)CC(O)CCCCCCCCCC,2.2052442266515446
CCCCCCCCCCC(O)CN(CCCCC1NC(=O)C(CCCCN(CC(O)CCCCCCCCCC)CC(O)CCCCCCCCCC)NC1=O)CC(O)CCCCCCCCCC,-1.401169513253989
CCCCCCCCCCC(O)CN(CCCCC1NC(=O)C(CCCCN(CC(O)CCCCCCCCCC)CC(O)CCCCCCCCCC)NC1=O)CC(O)CCCCCCCCCC,0.863322835058788
CCCCCCCCCCC(O)CN(CCCCC1NC(=O)C(CCCCN(CC(O)CCCCCCCCCC)CC(O)CCCCCCCCCC)NC1=O)CC(O)CCCCCCCCCC,0.7260808745549836
CCCCCCCCCCC(O)CN(CCCCC1NC(=O)C(CCCCN(CC(O)CCCCCCCCCC)CC(O)CCCCCCCCCC)NC1=O)CC(O)CCCCCCCCCC,1.3284205900994597
CCCCCCCCCCC(O)CN(CCCCC1NC(=O)C(CCCCN(CC(O)CCCCCCCCCC)CC(O)CCCCCCCCCC)NC1=O)CC(O)CCCCCCCCCC,0.6498353409417583
CCCCCCCCCCC(O)CN(CCCCC1NC(=O)C(CCCCN(CC(O)CCCCCCCCCC)CC(O)CCCCCCCCCC)NC1=O)CC(O)CCCCCCCCCC,1.0158139022852375
CCCCCCCCCCC(O)CN(CCCCC1NC(=O)C(CCCCN(CC(O)CCCCCCCCCC)CC(O)CCCCCCCCCC)NC1=O)CC(O)CCCCCCCCCC,0.924319261949368
CCCCCCCCCCC(O)CN(CCCCC1NC(=O)C(CCCCN(CC(O)CCCCCCCCCC)CC(O)CCCCCCCCCC)NC1=O)CC(O)CCCCCCCCCC,2.06800226614774
CCCCCCCCCCC(O)CN(CCCCC1NC(=O)C(CCCCN(CC(O)CCCCCCCCCC)CC(O)CCCCCCCCCC)NC1=O)CC(O)CCCCCCCCCC,0.8328246216134981
CCCCCCCCCCC(O)CN(CCCCC1NC(=O)C(CCCCN(CC(O)CCCCCCCCCC)CC(O)CCCCCCCCCC)NC1=O)CC(O)CCCCCCCCCC,0.9395683686720124
CCCCCCCCCCC(O)CN(CCCCC1NC(=O)C(CCCCN(CC(O)CCCCCCCCCC)CC(O)CCCCCCCCCC)NC1=O)CC(O)CCCCCCCCCC,1.3131714833768142
CCCCCCCCCCC(O)CN(CCCCC1NC(=O)C(CCCCN(CC(O)CCCCCCCCCC)CC(O)CCCCCCCCCC)NC1=O)CC(O)CCCCCCCCCC,1.397041570351362
CCCCCCCCCCC(O)CN(CCCCC1NC(=O)C(CCCCN(CC(O)CCCCCCCCCC)CC(O)CCCCCCCCCC)NC1=O)CC(O)CCCCCCCCCC,2.235742440096834
CCCCCCCCCCC(O)CN(CCCCC1NC(=O)C(CCCCN(CC(O)CCCCCCCCCC)CC(O)CCCCCCCCCC)NC1=O)CC(O)CCCCCCCCCC,1.0463121157305275
CCCCCCCCCCC(O)CN(CCCCC1NC(=O)C(CCCCN(CC(O)CCCCCCCCCC)CC(O)CCCCCCCCCC)NC1=O)CC(O)CCCCCCCCCC,2.03750405270245
CCCCCCCCCCC(O)CN(CCCCC1NC(=O)C(CCCCN(CC(O)CCCCCCCCCC)CC(O)CCCCCCCCCC)NC1=O)CC(O)CCCCCCCCCC,0.0551201787586049
CCCCCCCCCCC(O)CN(CCCCC1NC(=O)C(CCCCN(CC(O)CCCCCCCCCC)CC(O)CCCCCCCCCC)NC1=O)CC(O)CCCCCCCCCC,0.230484906069022
CCCCCCCCC(OC(CCCCCCCN(CCO)CCCCCCCC(OCCCCCCCCC)=O)=O)CCCCCCCC,0.3982250800181164
CCCCCCCCC(OC(CCCCCCCN(CCO)CCCCCCCC(OCCCCCCCCC)=O)=O)CCCCCCCC,-0.7683315842642231
CCCCCCCCC(OC(CCCCCCCN(CCO)CCCCCCCC(OCCCCCCCCC)=O)=O)CCCCCCCC,1.2826732699315244
CCCCCCCCC(OC(CCCCCCCN(CCO)CCCCCCCC(OCCCCCCCCC)=O)=O)CCCCCCCC,0.7337054279163059
CCCCCCCCC(OC(CCCCCCCN(CCO)CCCCCCCC(OCCCCCCCCC)=O)=O)CCCCCCCC,1.6791500447202938
CCCCCCCCC(OC(CCCCCCCN(CCO)CCCCCCCC(OCCCCCCCCC)=O)=O)CCCCCCCC,0.4210987401020841
CCCCCCCCC(OC(CCCCCCCN(CCO)CCCCCCCC(OCCCCCCCCC)=O)=O)CCCCCCCC,0.215235799346377
CCCCCCCCC(OC(CCCCCCCN(CCO)CCCCCCCC(OCCCCCCCCC)=O)=O)CCCCCCCC,0.6650844476644037
CCCCCCCCC(OC(CCCCCCCN(CCO)CCCCCCCC(OCCCCCCCCC)=O)=O)CCCCCCCC,1.0310630090078825
CCCCCCCCC(OC(CCCCCCCN(CCO)CCCCCCCC(OCCCCCCCCC)=O)=O)CCCCCCCC,1.3284205900994597
CCCCCCCCC(OC(CCCCCCCN(CCO)CCCCCCCC(OCCCCCCCCC)=O)=O)CCCCCCCC,1.1073085426211076
CCCCCCCCC(OC(CCCCCCCN(CCO)CCCCCCCC(OCCCCCCCCC)=O)=O)CCCCCCCC,1.8316411119467435
CCCCCCCCC(OC(CCCCCCCN(CCO)CCCCCCCC(OCCCCCCCCC)=O)=O)CCCCCCCC,1.8850129854760005
CCCCCCCCC(OC(CCCCCCCN(CCO)CCCCCCCC(OCCCCCCCCC)=O)=O)CCCCCCCC,1.7858937917788082
CCCCCCCCC(OC(CCCCCCCN(CCO)CCCCCCCC(OCCCCCCCCC)=O)=O)CCCCCCCC,1.6639009379976484
CCCCCCCCC(OC(CCCCCCCN(CCO)CCCCCCCC(OCCCCCCCCC)=O)=O)CCCCCCCC,0.5125933804379539
CCCCCCCCC(OC(CCCCCCCN(CCO)CCCCCCCC(OCCCCCCCCC)=O)=O)CCCCCCCC,1.6029045111070686
CCCCCCCCC(OCCCCCCN1CCC[C@H]1COC(OC[C@@H]2CCCN2CCCCCCOC(CCCCCCCC)=O)=O)=O,-1.4926641535898586
CCCCCCCCC(OCCCCCCN1CCC[C@H]1COC(OC[C@@H]2CCCN2CCCCCCOC(CCCCCCCC)=O)=O)=O,-2.438108770393846
CCCCCCCCC(OCCCCCCN1CCC[C@H]1COC(OC[C@@H]2CCCN2CCCCCCOC(CCCCCCCC)=O)=O)=O,-0.8826998846840602
CCCCCCCCC(OCCCCCCN1CCC[C@H]1COC(OC[C@@H]2CCCN2CCCCCCOC(CCCCCCCC)=O)=O)=O,-1.1724329124143145
CCCCCCCCC(OCCCCCCN1CCC[C@H]1COC(OC[C@@H]2CCCN2CCCCCCOC(CCCCCCCC)=O)=O)=O,-0.6920860506509982
CCCCCCCCC(OCCCCCCN1CCC[C@H]1COC(OC[C@@H]2CCCN2CCCCCCOC(CCCCCCCC)=O)=O)=O,-1.767148074597468
CCCCCCCCC(OCCCCCCN1CCC[C@H]1COC(OC[C@@H]2CCCN2CCCCCCOC(CCCCCCCC)=O)=O)=O,-1.4316677266992788
CCCCCCCCC(OCCCCCCN1CCC[C@H]1COC(OC[C@@H]2CCCN2CCCCCCOC(CCCCCCCC)=O)=O)=O,-0.9131980981293502
O=C(OC(CCCCCCCC)CCCCCCCC)CCCCCN1[C@H](COC(OC[C@@H]2CCCN2CCCCCC(OC(CCCCCCCC)CCCCCCCC)=O)=O)CCC1,-1.0504400586331546
O=C(OC(CCCCCCCC)CCCCCCCC)CCCCCN1[C@H](COC(OC[C@@H]2CCCN2CCCCCC(OC(CCCCCCCC)CCCCCCCC)=O)=O)CCC1,-2.163624849386237
O=C(OC(CCCCCCCC)CCCCCCCC)CCCCCN1[C@H](COC(OC[C@@H]2CCCN2CCCCCC(OC(CCCCCCCC)CCCCCCCC)=O)=O)CCC1,-0.6005914103151283
O=C(OC(CCCCCCCC)CCCCCCCC)CCCCCN1[C@H](COC(OC[C@@H]2CCCN2CCCCCC(OC(CCCCCCCC)CCCCCCCC)=O)=O)CCC1,-1.0809382720784446
O=C(OC(CCCCCCCC)CCCCCCCC)CCCCCN1[C@H](COC(OC[C@@H]2CCCN2CCCCCC(OC(CCCCCCCC)CCCCCCCC)=O)=O)CCC1,-0.4481003430886786
O=C(OC(CCCCCCCC)CCCCCCCC)CCCCCN1[C@H](COC(OC[C@@H]2CCCN2CCCCCC(OC(CCCCCCCC)CCCCCCCC)=O)=O)CCC1,-1.401169513253989
O=C(OC(CCCCCCCC)CCCCCCCC)CCCCCN1[C@H](COC(OC[C@@H]2CCCN2CCCCCC(OC(CCCCCCCC)CCCCCCCC)=O)=O)CCC1,-1.4697904935058912
O=C(OC(CCCCCCCC)CCCCCCCC)CCCCCN1[C@H](COC(OC[C@@H]2CCCN2CCCCCC(OC(CCCCCCCC)CCCCCCCC)=O)=O)CCC1,-0.7759561376255454
CN(CCCCCCOC(CCCCCCCC)=O)CCOC(OCCN(CCCCCCOC(CCCCCCCC)=O)C)=O,-1.4469168334219238
CN(CCCCCCOC(CCCCCCCC)=O)CCOC(OCCN(CCCCCCOC(CCCCCCCC)=O)C)=O,-1.8433936082106928
CN(CCCCCCOC(CCCCCCCC)=O)CCOC(OCCN(CCCCCCOC(CCCCCCCC)=O)C)=O,-0.798829797709513
CN(CCCCCCOC(CCCCCCCC)=O)CCOC(OCCN(CCCCCCOC(CCCCCCCC)=O)C)=O,-1.515537813673826
CN(CCCCCCOC(CCCCCCCC)=O)CCOC(OCCN(CCCCCCOC(CCCCCCCC)=O)C)=O,-0.2651110624169391
CN(CCCCCCOC(CCCCCCCC)=O)CCOC(OCCN(CCCCCCOC(CCCCCCCC)=O)C)=O,-1.92726369518524
CN(CCCCCCOC(CCCCCCCC)=O)CCOC(OCCN(CCCCCCOC(CCCCCCCC)=O)C)=O,-1.6451552208163085
CN(CCCCCCOC(CCCCCCCC)=O)CCOC(OCCN(CCCCCCOC(CCCCCCCC)=O)C)=O,-1.4850396002285362
CN(CCCCCC(OC(CCCCCCCC)CCCCCCCC)=O)CCOC(OCCN(CCCCCC(OC(CCCCCCCC)CCCCCCCC)=O)C)=O,0.3372286531275365
CN(CCCCCC(OC(CCCCCCCC)CCCCCCCC)=O)CCOC(OCCN(CCCCCC(OC(CCCCCCCC)CCCCCCCC)=O)C)=O,-1.6222815607323406
CN(CCCCCC(OC(CCCCCCCC)CCCCCCCC)=O)CCOC(OCCN(CCCCCC(OC(CCCCCCCC)CCCCCCCC)=O)C)=O,0.3219795464048919
CN(CCCCCC(OC(CCCCCCCC)CCCCCCCC)=O)CCOC(OCCN(CCCCCC(OC(CCCCCCCC)CCCCCCCC)=O)C)=O,-0.2269882956103269
CN(CCCCCC(OC(CCCCCCCC)CCCCCCCC)=O)CCOC(OCCN(CCCCCC(OC(CCCCCCCC)CCCCCCCC)=O)C)=O,0.1466148190944748
CN(CCCCCC(OC(CCCCCCCC)CCCCCCCC)=O)CCOC(OCCN(CCCCCC(OC(CCCCCCCC)CCCCCCCC)=O)C)=O,-0.5167213233405811
CN(CCCCCC(OC(CCCCCCCC)CCCCCCCC)=O)CCOC(OCCN(CCCCCC(OC(CCCCCCCC)CCCCCCCC)=O)C)=O,-0.7225842640962882
CN(CCCCCC(OC(CCCCCCCC)CCCCCCCC)=O)CCOC(OCCN(CCCCCC(OC(CCCCCCCC)CCCCCCCC)=O)C)=O,0.924319261949368
CN(CCCCCC(OC(CCCCCCCC)CCCCCCCC)=O)CCOC(OCCN(CCCCCC(OC(CCCCCCCC)CCCCCCCC)=O)C)=O,-0.0592481216612321
CN(CCCCCC(OC(CCCCCCCC)CCCCCCCC)=O)CCOC(OCCN(CCCCCC(OC(CCCCCCCC)CCCCCCCC)=O)C)=O,0.1237411590105075
CN(CCCCCC(OC(CCCCCCCC)CCCCCCCC)=O)CCOC(OCCN(CCCCCC(OC(CCCCCCCC)CCCCCCCC)=O)C)=O,0.8252000682521757
CN(CCCCCC(OC(CCCCCCCC)CCCCCCCC)=O)CCOC(OCCN(CCCCCC(OC(CCCCCCCC)CCCCCCCC)=O)C)=O,0.0856183922038949
CN(CCCCCC(OC(CCCCCCCC)CCCCCCCC)=O)CCOC(OCCN(CCCCCC(OC(CCCCCCCC)CCCCCCCC)=O)C)=O,1.02343845564656
CN(CCCCCC(OC(CCCCCCCC)CCCCCCCC)=O)CCOC(OCCN(CCCCCC(OC(CCCCCCCC)CCCCCCCC)=O)C)=O,0.5430915938832439
CN(CCCCCC(OC(CCCCCCCC)CCCCCCCC)=O)CCOC(OCCN(CCCCCC(OC(CCCCCCCC)CCCCCCCC)=O)C)=O,0.1237411590105075
CN(CCCCCC(OC(CCCCCCCC)CCCCCCCC)=O)CCOC(OCCN(CCCCCC(OC(CCCCCCCC)CCCCCCCC)=O)C)=O,0.0474956253972826
CN(CCCCCC(OC(CCCCCCCC)CCCCCCCC)=O)CCOC(OCCN(CCCCCC(OC(CCCCCCCC)CCCCCCCC)=O)C)=O,-0.2041146355263592
CN(CCCCCC(OC(CCCCCCCC)CCCCCCCC)=O)CCOC(OCCN(CCCCCC(OC(CCCCCCCC)CCCCCCCC)=O)C)=O,0.4363478468247294
CN(CCCCCCOC(CCCCCCCC)=O)CCOC(OCCN(CCCCCC(OC(CCCCCCCC)CCCCCCCC)=O)C)=O,-0.135493655274457
CN(CCCCCCOC(CCCCCCCC)=O)CCOC(OCCN(CCCCCC(OC(CCCCCCCC)CCCCCCCC)=O)C)=O,-1.324923979640764
CN(CCCCCCOC(CCCCCCCC)=O)CCOC(OCCN(CCCCCC(OC(CCCCCCCC)CCCCCCCC)=O)C)=O,0.8785719417814334
CN(CCCCCCOC(CCCCCCCC)=O)CCOC(OCCN(CCCCCC(OC(CCCCCCCC)CCCCCCCC)=O)C)=O,-0.0744972283838771
CN(CCCCCCOC(CCCCCCCC)=O)CCOC(OCCN(CCCCCC(OC(CCCCCCCC)CCCCCCCC)=O)C)=O,0.0856183922038949
CN(CCCCCCOC(CCCCCCCC)=O)CCOC(OCCN(CCCCCC(OC(CCCCCCCC)CCCCCCCC)=O)C)=O,-1.0656891653557996
CN(CCCCCCOC(CCCCCCCC)=O)CCOC(OCCN(CCCCCC(OC(CCCCCCCC)CCCCCCCC)=O)C)=O,-0.3642302561141313
CN(CCCCCCOC(CCCCCCCC)=O)CCOC(OCCN(CCCCCC(OC(CCCCCCCC)CCCCCCCC)=O)C)=O,0.4592215069086963
CN(CCCCCCOC(CCCCCCCC)=O)CCOC(OCCN(CCCCCC(OC(CCCCCCCC)CCCCCCCC)=O)C)=O,0.5049688270766316
CN(CCCCCCOC(CCCCCCCC)=O)CCOC(OCCN(CCCCCC(OC(CCCCCCCC)CCCCCCCC)=O)C)=O,0.451596953547374
CN(CCCCCCOC(CCCCCCCC)=O)CCOC(OCCN(CCCCCC(OC(CCCCCCCC)CCCCCCCC)=O)C)=O,0.3829759732954718
CN(CCCCCCOC(CCCCCCCC)=O)CCOC(OCCN(CCCCCC(OC(CCCCCCCC)CCCCCCCC)=O)C)=O,0.5049688270766316
CN(CCCCCCOC(CCCCCCCC)=O)CCOC(OCCN(CCCCCC(OC(CCCCCCCC)CCCCCCCC)=O)C)=O,0.451596953547374
CN(CCCCCCOC(CCCCCCCC)=O)CCOC(OCCN(CCCCCC(OC(CCCCCCCC)CCCCCCCC)=O)C)=O,0.1923621392624097
CN(CCCCCCOC(CCCCCCCC)=O)CCOC(OCCN(CCCCCC(OC(CCCCCCCC)CCCCCCCC)=O)C)=O,0.0322465186746376
O=C(CCCCCCC/C=C\CCCCCCCC)OCCCCCCN(C)CCOC(OCCN(CCCCCCOC(CCCCCCC/C=C\CCCCCCCC)=O)C)=O,-0.798829797709513
O=C(CCCCCCC/C=C\CCCCCCCC)OCCCCCCN(C)CCOC(OCCN(CCCCCCOC(CCCCCCC/C=C\CCCCCCCC)=O)C)=O,-1.7595235212361455
O=C(CCCCCCC/C=C\CCCCCCCC)OCCCCCCN(C)CCOC(OCCN(CCCCCCOC(CCCCCCC/C=C\CCCCCCCC)=O)C)=O,-0.5472195367858711
O=C(CCCCCCC/C=C\CCCCCCCC)OCCCCCCN(C)CCOC(OCCN(CCCCCCOC(CCCCCCC/C=C\CCCCCCCC)=O)C)=O,-0.8674507779614152
O=C(CCCCCCC/C=C\CCCCCCCC)OCCCCCCN(C)CCOC(OCCN(CCCCCCOC(CCCCCCC/C=C\CCCCCCCC)=O)C)=O,-0.8903244380453825
O=C(CCCCCCC/C=C\CCCCCCCC)OCCCCCCN(C)CCOC(OCCN(CCCCCCOC(CCCCCCC/C=C\CCCCCCCC)=O)C)=O,-0.6920860506509982
O=C(CCCCCCC/C=C\CCCCCCCC)OCCCCCCN(C)CCOC(OCCN(CCCCCCOC(CCCCCCC/C=C\CCCCCCCC)=O)C)=O,-0.8674507779614152
O=C(CCCCCCC/C=C\CCCCCCCC)OCCCCCCN(C)CCOC(OCCN(CCCCCCOC(CCCCCCC/C=C\CCCCCCCC)=O)C)=O,-0.5243458767019035
O=C(CCCCCCC/C=C\CCCCCCCC)OCCCCCCN(C)CCOC(OCCN(CCCCCC(OC(CCCCCCCC)CCCCCCCC)=O)C)=O,-0.3794793628367763
O=C(CCCCCCC/C=C\CCCCCCCC)OCCCCCCN(C)CCOC(OCCN(CCCCCC(OC(CCCCCCCC)CCCCCCCC)=O)C)=O,-0.1888655288037143
O=C(CCCCCCC/C=C\CCCCCCCC)OCCCCCCN(C)CCOC(OCCN(CCCCCC(OC(CCCCCCCC)CCCCCCCC)=O)C)=O,0.9776911354786256
O=C(CCCCCCC/C=C\CCCCCCCC)OCCCCCCN(C)CCOC(OCCN(CCCCCC(OC(CCCCCCCC)CCCCCCCC)=O)C)=O,-0.2651110624169391
O=C(CCCCCCC/C=C\CCCCCCCC)OCCCCCCN(C)CCOC(OCCN(CCCCCC(OC(CCCCCCCC)CCCCCCCC)=O)C)=O,-0.2498619556942942
O=C(CCCCCCC/C=C\CCCCCCCC)OCCCCCCN(C)CCOC(OCCN(CCCCCC(OC(CCCCCCCC)CCCCCCCC)=O)C)=O,-0.4709740031726462
O=C(CCCCCCC/C=C\CCCCCCCC)OCCCCCCN(C)CCOC(OCCN(CCCCCC(OC(CCCCCCCC)CCCCCCCC)=O)C)=O,-0.1736164220810693
O=C(CCCCCCC/C=C\CCCCCCCC)OCCCCCCN(C)CCOC(OCCN(CCCCCC(OC(CCCCCCCC)CCCCCCCC)=O)C)=O,-0.4404757897273562
O=C(CCCCCCC/C=C\CCCCCCCC)OCCCCCCN(C)CCOC(OCCN(CCCCCC(OC(CCCCCCCC)CCCCCCCC)=O)C)=O,-0.2117391888876819
O=C(CCCCCCCCCCCCCCCCC)OCCCCCCN(C)CCOC(OCCN(CCCCCCOC(CCCCCCCCCCCCCCCCC)=O)C)=O,-1.2868012128341515
O=C(CCCCCCCCCCCCCCCCC)OCCCCCCN(C)CCOC(OCCN(CCCCCCOC(CCCCCCCCCCCCCCCCC)=O)C)=O,-0.4709740031726462
O=C(CCCCCCCCCCCCCCCCC)OCCCCCCN(C)CCOC(OCCN(CCCCCCOC(CCCCCCCCCCCCCCCCC)=O)C)=O,-0.4785985565339685
O=C(CCCCCCCCCCCCCCCCC)OCCCCCCN(C)CCOC(OCCN(CCCCCCOC(CCCCCCCCCCCCCCCCC)=O)C)=O,-0.4404757897273562
O=C(CCCCCCCCCCCCCCCCC)OCCCCCCN(C)CCOC(OCCN(CCCCCCOC(CCCCCCCCCCCCCCCCC)=O)C)=O,-0.1888655288037143
O=C(CCCCCCCCCCCCCCCCC)OCCCCCCN(C)CCOC(OCCN(CCCCCCOC(CCCCCCCCCCCCCCCCC)=O)C)=O,-0.4252266830047113
O=C(CCCCCCCCCCCCCCCCC)OCCCCCCN(C)CCOC(OCCN(CCCCCCOC(CCCCCCCCCCCCCCCCC)=O)C)=O,-0.165991868719747
O=C(CCCCCCCCCCCCCCCCC)OCCCCCCN(C)CCOC(OCCN(CCCCCCOC(CCCCCCCCCCCCCCCCC)=O)C)=O,-0.8674507779614152
O=C(CCCCCCCCCCCCCCCCC)OCCCCCCN(C)CCOC(OCCN(CCCCCCOC(CCCCCCCCCCCCCCCCC)=O)C)=O,0.1161166056491848
O=C(OCCN(C)CCCCCCOC(CCCCCCC/C=C\C/C=C\CCCCC)=O)OCCN(CCCCCCOC(CCCCCCC/C=C\C/C=C\CCCCC)=O)C,-0.94369631157464
O=C(OCCN(C)CCCCCCOC(CCCCCCC/C=C\C/C=C\CCCCC)=O)OCCN(CCCCCCOC(CCCCCCC/C=C\C/C=C\CCCCC)=O)C,-0.2346128489716492
O=C(OCCN(C)CCCCCCOC(CCCCCCC/C=C\C/C=C\CCCCC)=O)OCCN(CCCCCCOC(CCCCCCC/C=C\C/C=C\CCCCC)=O)C,-0.5472195367858711
O=C(OCCN(C)CCCCCCOC(CCCCCCC/C=C\C/C=C\CCCCC)=O)OCCN(CCCCCCOC(CCCCCCC/C=C\C/C=C\CCCCC)=O)C,-0.4481003430886786
O=C(OCCN(C)CCCCCCOC(CCCCCCC/C=C\C/C=C\CCCCC)=O)OCCN(CCCCCCOC(CCCCCCC/C=C\C/C=C\CCCCC)=O)C,-0.1431182086357793
O=C(OCCN(C)CCCCCCOC(CCCCCCC/C=C\C/C=C\CCCCC)=O)OCCN(CCCCCCOC(CCCCCCC/C=C\C/C=C\CCCCC)=O)C,-1.180057465775637
O=C(OCCN(C)CCCCCCOC(CCCCCCC/C=C\C/C=C\CCCCC)=O)OCCN(CCCCCCOC(CCCCCCC/C=C\C/C=C\CCCCC)=O)C,-0.356605702752809
O=C(OCCN(C)CCCCCCOC(CCCCCCC/C=C\C/C=C\CCCCC)=O)OCCN(CCCCCCOC(CCCCCCC/C=C\C/C=C\CCCCC)=O)C,-0.1812409754423919
O=C(OCCN(C)CCCCCCOC(CCCCCCC/C=C\C/C=C\CCCCC)=O)OCCN(CCCCCCOC(CCCCCCC/C=C\C/C=C\CCCCC)=O)C,0.0017483052293477
O=C(CCCCCCCCCCCCCCCCC)OCCCCCCN(C)CCOC(OCCN(CCCCCC(OC(CCCCCCCC)CCCCCCCC)=O)C)=O,-1.0961873788010896
O=C(CCCCCCCCCCCCCCCCC)OCCCCCCN(C)CCOC(OCCN(CCCCCC(OC(CCCCCCCC)CCCCCCCC)=O)C)=O,-0.0973708884678444
O=C(CCCCCCCCCCCCCCCCC)OCCCCCCN(C)CCOC(OCCN(CCCCCC(OC(CCCCCCCC)CCCCCCCC)=O)C)=O,0.1389902657331521
O=C(CCCCCCCCCCCCCCCCC)OCCCCCCN(C)CCOC(OCCN(CCCCCC(OC(CCCCCCCC)CCCCCCCC)=O)C)=O,-0.1888655288037143
O=C(CCCCCCCCCCCCCCCCC)OCCCCCCN(C)CCOC(OCCN(CCCCCC(OC(CCCCCCCC)CCCCCCCC)=O)C)=O,-0.1964900821650369
O=C(CCCCCCCCCCCCCCCCC)OCCCCCCN(C)CCOC(OCCN(CCCCCC(OC(CCCCCCCC)CCCCCCCC)=O)C)=O,-0.6997106040123205
O=C(CCCCCCCCCCCCCCCCC)OCCCCCCN(C)CCOC(OCCN(CCCCCC(OC(CCCCCCCC)CCCCCCCC)=O)C)=O,-0.8598262246000926
O=C(CCCCCCCCCCCCCCCCC)OCCCCCCN(C)CCOC(OCCN(CCCCCC(OC(CCCCCCCC)CCCCCCCC)=O)C)=O,-0.1964900821650369
O=C(CCCCCCCCCCCCCCCCC)OCCCCCCN(C)CCOC(OCCN(CCCCCC(OC(CCCCCCCC)CCCCCCCC)=O)C)=O,-0.2498619556942942
N(CCC(=O)OCCCCCCCC\C=C/CC(CCCCCC)OC(=O)CCC/C=C\C/C=C\C/C=C\C/C=C\C/C=C\CC)(CCC(=O)OCCCCCCCC\C=C/CC(CCCCCC)OC(=O)CCC/C=C\C/C=C\C/C=C\C/C=C\C/C=C\CC)CCCN(CC)CC,2.340266307079023
N(CCC(=O)OCCCCCCCC\C=C/CC(CCCCCC)OC(=O)CCC/C=C\C/C=C\C/C=C\C/C=C\C/C=C\CC)(CCC(=O)OCCCCCCCC\C=C/CC(CCCCCC)OC(=O)CCC/C=C\C/C=C\C/C=C\C/C=C\C/C=C\CC)CCCN(CC)CC,1.7866939427149175
N(CCC(=O)OCCCCCCCC\C=C/CC(CCCCCC)OC(=O)CCC/C=C\C/C=C\C/C=C\C/C=C\C/C=C\CC)(CCC(=O)OCCCCCCCC\C=C/CC(CCCCCC)OC(=O)CCC/C=C\C/C=C\C/C=C\C/C=C\C/C=C\CC)CCCN(CC)CC,1.4635918166350124
N(CCC(=O)OCCCCCCCC\C=C/CC(CCCCCC)OC(=O)CCC/C=C\C/C=C\C/C=C\C/C=C\C/C=C\CC)(CCC(=O)OCCCCCCCC\C=C/CC(CCCCCC)OC(=O)CCC/C=C\C/C=C\C/C=C\C/C=C\C/C=C\CC)CCCN(CC)CC,0.9439757962638886
N(CCC(=O)OCCCCCCCC\C=C/CC(CCCCCC)OC(=O)CCC/C=C\C/C=C\C/C=C\C/C=C\C/C=C\CC)(CCC(=O)OCCCCCCCC\C=C/CC(CCCCCC)OC(=O)CCC/C=C\C/C=C\C/C=C\C/C=C\C/C=C\CC)CCCN(CC)CC,0.9024085373158908
N(CCC(=O)OCCCCCCCC\C=C/CC(CCCCCC)OC(=O)CCC/C=C\C/C=C\C/C=C\C/C=C\C/C=C\CC)(CCC(=O)OCCCCCCCC\C=C/CC(CCCCCC)OC(=O)CCC/C=C\C/C=C\C/C=C\C/C=C\C/C=C\CC)CCCN(CC)CC,0.8539140014373935
N(CCC(=O)OCCCCCCCC\C=C/CC(CCCCCC)OC(=O)CCC/C=C\C/C=C\C/C=C\C/C=C\C/C=C\CC)(CCC(=O)OCCCCCCCC\C=C/CC(CCCCCC)OC(=O)CCC/C=C\C/C=C\C/C=C\C/C=C\C/C=C\CC)CCCN(CC)CC,0.397691807598062
N(CCC(=O)OCCCCCCCC\C=C/CC(CCCCCC)OC(=O)CCC/C=C\C/C=C\C/C=C\C/C=C\C/C=C\CC)(CCC(=O)OCCCCCCCC\C=C/CC(CCCCCC)OC(=O)CCC/C=C\C/C=C\C/C=C\C/C=C\C/C=C\CC)CCCN(CC)CC,0.3228014143132346
N(CCC(=O)OCCCCCCCC\C=C/CC(CCCCCC)OC(=O)CCC/C=C\C/C=C\C/C=C\C/C=C\C/C=C\CC)(CCC(=O)OCCCCCCCC\C=C/CC(CCCCCC)OC(=O)CCC/C=C\C/C=C\C/C=C\C/C=C\C/C=C\CC)CCCN(CC)CC,0.2406647532624319
N(CCC(=O)OCCCCCCCC\C=C/CC(CCCCCC)OC(=O)CCC/C=C\C/C=C\C/C=C\C/C=C\C/C=C\CC)(CCC(=O)OCCCCCCCC\C=C/CC(CCCCCC)OC(=O)CCC/C=C\C/C=C\C/C=C\C/C=C\C/C=C\CC)CCCN(CC)CC,0.0054772111239935
N(CCC(=O)OCCCCCCCC\C=C/CC(CCCCCC)OC(=O)CCC/C=C\C/C=C\C/C=C\C/C=C\C/C=C\CC)(CCC(=O)OCCCCCCCC\C=C/CC(CCCCCC)OC(=O)CCC/C=C\C/C=C\C/C=C\C/C=C\C/C=C\CC)CCCN(CC)CC,0.0025207236299191
N(CCC(=O)OCCCCCCCC\C=C/CC(CCCCCC)OC(=O)CCC/C=C\C/C=C\C/C=C\C/C=C\C/C=C\CC)(CCC(=O)OCCCCCCCC\C=C/CC(CCCCCC)OC(=O)CCC/C=C\C/C=C\C/C=C\C/C=C\C/C=C\CC)CCCN(CC)CC,-0.0602050126725845
N(CCC(=O)OCCCCCCCC\C=C/CC(CCCCCC)OC(=O)CCC/C=C\C/C=C\C/C=C\C/C=C\C/C=C\CC)(CCC(=O)OCCCCCCCC\C=C/CC(CCCCCC)OC(=O)CCC/C=C\C/C=C\C/C=C\C/C=C\C/C=C\CC)CCCN(CC)CC,-0.3434928162222677
N(CCC(=O)OCCCCCCCC\C=C/CC(CCCCCC)OC(=O)CCC/C=C\C/C=C\C/C=C\C/C=C\C/C=C\CC)(CCC(=O)OCCCCCCCC\C=C/CC(CCCCCC)OC(=O)CCC/C=C\C/C=C\C/C=C\C/C=C\C/C=C\CC)CCCN(CC)CC,-0.4429422246080717
N(CCC(=O)OCCCCCCCC\C=C/CC(CCCCCC)OC(=O)CCC/C=C\C/C=C\C/C=C\C/C=C\C/C=C\CC)(CCC(=O)OCCCCCCCC\C=C/CC(CCCCCC)OC(=O)CCC/C=C\C/C=C\C/C=C\C/C=C\C/C=C\CC)CCCN(CC)CC,-0.5391681655470002
N(CCC(=O)OCCCCCCCC\C=C/CC(CCCCCC)OC(=O)CCC/C=C\C/C=C\C/C=C\C/C=C\C/C=C\CC)(CCC(=O)OCCCCCCCC\C=C/CC(CCCCCC)OC(=O)CCC/C=C\C/C=C\C/C=C\C/C=C\C/C=C\CC)CCCN(CC)CC,-0.6133221431393515
N(CCC(=O)OCCCCCCCC\C=C/CC(CCCCCC)OC(=O)CCC/C=C\C/C=C\C/C=C\C/C=C\C/C=C\CC)(CCC(=O)OCCCCCCCC\C=C/CC(CCCCCC)OC(=O)CCC/C=C\C/C=C\C/C=C\C/C=C\C/C=C\CC)CCCN(CC)CC,-0.739132414156286
N(CCC(=O)OCCCCCCCC\C=C/CC(CCCCCC)OC(=O)CCC/C=C\C/C=C\C/C=C\C/C=C\C/C=C\CC)(CCC(=O)OCCCCCCCC\C=C/CC(CCCCCC)OC(=O)CCC/C=C\C/C=C\C/C=C\C/C=C\C/C=C\CC)CCCN(CC)CC,-0.8017420803757315
N(CCC(=O)OCCCCCCCC\C=C/CC(CCCCCC)OC(=O)CCC/C=C\C/C=C\C/C=C\C/C=C\C/C=C\CC)(CCC(=O)OCCCCCCCC\C=C/CC(CCCCCC)OC(=O)CCC/C=C\C/C=C\C/C=C\C/C=C\C/C=C\CC)CCCN(CC)CC,-0.8846812882711186
N(CCC(=O)OCCCCCCCC\C=C/CC(CCCCCC)OC(=O)CCC/C=C\C/C=C\C/C=C\C/C=C\C/C=C\CC)(CCC(=O)OCCCCCCCC\C=C/CC(CCCCCC)OC(=O)CCC/C=C\C/C=C\C/C=C\C/C=C\C/C=C\CC)CCCN(CC)CC,-0.9325055559238286
N(CCC(=O)OCCCCCCCC\C=C/CC(CCCCCC)OC(=O)CCC/C=C\C/C=C\C/C=C\C/C=C\C/C=C\CC)(CCC(=O)OCCCCCCCC\C=C/CC(CCCCCC)OC(=O)CCC/C=C\C/C=C\C/C=C\C/C=C\C/C=C\CC)CCCN(CC)CC,-1.0029088604000336
N(CCC(=O)OCCCCCCCC\C=C/CC(CCCCCC)OC(=O)CCC/C=C\C/C=C\C/C=C\C/C=C\C/C=C\CC)(CCC(=O)OCCCCCCCC\C=C/CC(CCCCCC)OC(=O)CCC/C=C\C/C=C\C/C=C\C/C=C\C/C=C\CC)CCCN(CC)CC,-1.0042524803073245
N(CCC(=O)OCCCCCCCC\C=C/CC(CCCCCC)OC(=O)CCC/C=C\C/C=C\C/C=C\C/C=C\C/C=C\CC)(CCC(=O)OCCCCCCCC\C=C/CC(CCCCCC)OC(=O)CCC/C=C\C/C=C\C/C=C\C/C=C\C/C=C\CC)CCCN(CC)CC,-1.895653269750163
[O-]S(=O)(=O)CCC[N+](C)(C)CCNC(=O)CCN(C)CCN(CCN(C)CC(O)CCCCCC)CCN(C)CC(O)CCCCCC,0.0224790059823498
[O-]S(=O)(=O)CCC[N+](C)(C)CCNC(=O)CCN(C(C)C)CCN(CCN(C(C)C)CC(O)CCCCCC)CCN(C(C)C)CC(O)CCCCCC,0.0224790059823498
[O-]S(=O)(=O)CCC[N+](C)(C)CCNC(=O)CCN(CC(O)CCCCCC)CCN(CCN(CC(O)CCCCCC)CC(O)CCCCCC)CCN(CC(O)CCCCCC)CC(O)CCCCCC,1.6409674367115423
[O-]S(=O)(=O)CCC[N+](C)(C)CCNC(=O)CCN(CC(O)CCCCCC)CCN(C)CCN(CC(O)CCCCCC)CC(O)CCCCCC,-0.7867652093822464
[O-]S(=O)(=O)CCC[N+](C)(C)CCNC(=O)CCN(CC(O)CCCCCC)CCCN(C)CCCN(CC(O)CCCCCC)CC(O)CCCCCC,0.0224790059823498
[O-]S(=O)(=O)CCC[N+](C)(C)CCNC(=O)CCN(CC(O)CCCCCC)CCCN5CCN(CCCN(CC(O)CCCCCC)CC(O)CCCCCC)CC5,-0.7867652093822464
[O-]S(=O)(=O)CCC[N+](C)(C)CCNC(=O)CCN(C)CCN(CCN(C)CC(O)CCCCCCCC)CCN(C)CC(O)CCCCCCCC,0.0224790059823498
[O-]S(=O)(=O)CCC[N+](C)(C)CCNC(=O)CCN(C(C)C)CCN(CCN(C(C)C)CC(O)CCCCCCCC)CCN(C(C)C)CC(O)CCCCCCCC,0.0224790059823498
[O-]S(=O)(=O)CCC[N+](C)(C)CCNC(=O)CCN(CC(O)CCCCCCCC)CCN(CCN(CC(O)CCCCCCCC)CC(O)CCCCCCCC)CCN(CC(O)CCCCCCCC)CC(O)CCCCCCCC,2.4502116520761383
[O-]S(=O)(=O)CCC[N+](C)(C)CCNC(=O)CCN(CC(O)CCCCCCCC)CCN(C)CCN(CC(O)CCCCCCCC)CC(O)CCCCCCCC,0.831723221346946
[O-]S(=O)(=O)CCC[N+](C)(C)CCNC(=O)CCN(CC(O)CCCCCCCC)CCCN(C)CCCN(CC(O)CCCCCCCC)CC(O)CCCCCCCC,-0.7867652093822464
[O-]S(=O)(=O)CCC[N+](C)(C)CCNC(=O)CCN(CC(O)CCCCCCCC)CCCN5CCN(CCCN(CC(O)CCCCCCCC)CC(O)CCCCCCCC)CC5,2.4502116520761383
[O-]S(=O)(=O)CCC[N+](C)(C)CCNC(=O)CCN(C)CCN(CCN(C)CC(O)CCCCCCCCCC)CCN(C)CC(O)CCCCCCCCCC,-0.7867652093822464
[O-]S(=O)(=O)CCC[N+](C)(C)CCNC(=O)CCN(C(C)C)CCN(CCN(C(C)C)CC(O)CCCCCCCCCC)CCN(C(C)C)CC(O)CCCCCCCCCC,-0.7867652093822464
[O-]S(=O)(=O)CCC[N+](C)(C)CCNC(=O)CCN(CC(O)CCCCCCCCCC)CCN(CCN(CC(O)CCCCCCCCCC)CC(O)CCCCCCCCCC)CCN(CC(O)CCCCCCCCCC)CC(O)CCCCCCCCCC,-0.7867652093822464
[O-]S(=O)(=O)CCC[N+](C)(C)CCNC(=O)CCN(CC(O)CCCCCCCCCC)CCN(C)CCN(CC(O)CCCCCCCCCC)CC(O)CCCCCCCCCC,0.0224790059823498
[O-]S(=O)(=O)CCC[N+](C)(C)CCNC(=O)CCN(CC(O)CCCCCCCCCC)CCCN(C)CCCN(CC(O)CCCCCCCCCC)CC(O)CCCCCCCCCC,2.4502116520761383
[O-]S(=O)(=O)CCC[N+](C)(C)CCNC(=O)CCN(CC(O)CCCCCCCCCC)CCCN5CCN(CCCN(CC(O)CCCCCCCCCC)CC(O)CCCCCCCCCC)CC5,1.6409674367115423
[O-]S(=O)(=O)CCC[N+](C)(C)CCNC(=O)CCN(C)CCN(CCN(C)CC(O)CCCCCCCCCCCC)CCN(C)CC(O)CCCCCCCCCCCC,-0.7867652093822464
[O-]S(=O)(=O)CCC[N+](C)(C)CCNC(=O)CCN(C(C)C)CCN(CCN(C(C)C)CC(O)CCCCCCCCCCCC)CCN(C(C)C)CC(O)CCCCCCCCCCCC,-0.7867652093822464
[O-]S(=O)(=O)CCC[N+](C)(C)CCNC(=O)CCN(CC(O)CCCCCCCCCCCC)CCN(CCN(CC(O)CCCCCCCCCCCC)CC(O)CCCCCCCCCCCC)CCN(CC(O)CCCCCCCCCCCC)CC(O)CCCCCCCCCCCC,0.831723221346946
[O-]S(=O)(=O)CCC[N+](C)(C)CCNC(=O)CCN(CC(O)CCCCCCCCCCCC)CCN(C)CCN(CC(O)CCCCCCCCCCCC)CC(O)CCCCCCCCCCCC,0.0224790059823498
[O-]S(=O)(=O)CCC[N+](C)(C)CCNC(=O)CCN(CC(O)CCCCCCCCCCCC)CCCN(C)CCCN(CC(O)CCCCCCCCCCCC)CC(O)CCCCCCCCCCCC,1.6409674367115423
[O-]S(=O)(=O)CCC[N+](C)(C)CCNC(=O)CCN(CC(O)CCCCCCCCCCCC)CCCN5CCN(CCCN(CC(O)CCCCCCCCCCCC)CC(O)CCCCCCCCCCCC)CC5,0.831723221346946
[O-]S(=O)(=O)CCC[N+](C)(C)CCNC(=O)CCN(C)CCN(CCN(C)CC(O)CCCCCCCCCCCCCC)CCN(C)CC(O)CCCCCCCCCCCCCC,0.831723221346946
[O-]S(=O)(=O)CCC[N+](C)(C)CCNC(=O)CCN(C(C)C)CCN(CCN(C(C)C)CC(O)CCCCCCCCCCCCCC)CCN(C(C)C)CC(O)CCCCCCCCCCCCCC,-0.7867652093822464
[O-]S(=O)(=O)CCC[N+](C)(C)CCNC(=O)CCN(CC(O)CCCCCCCCCCCCCC)CCN(CCN(CC(O)CCCCCCCCCCCCCC)CC(O)CCCCCCCCCCCCCC)CCN(CC(O)CCCCCCCCCCCCCC)CC(O)CCCCCCCCCCCCCC,-0.7867652093822464
[O-]S(=O)(=O)CCC[N+](C)(C)CCNC(=O)CCN(CC(O)CCCCCCCCCCCCCC)CCN(C)CCN(CC(O)CCCCCCCCCCCCCC)CC(O)CCCCCCCCCCCCCC,0.0224790059823498
[O-]S(=O)(=O)CCC[N+](C)(C)CCNC(=O)CCN(CC(O)CCCCCCCCCCCCCC)CCCN(C)CCCN(CC(O)CCCCCCCCCCCCCC)CC(O)CCCCCCCCCCCCCC,2.4502116520761383
[O-]S(=O)(=O)CCC[N+](C)(C)CCNC(=O)CCN(CC(O)CCCCCCCCCCCCCC)CCCN5CCN(CCCN(CC(O)CCCCCCCCCCCCCC)CC(O)CCCCCCCCCCCCCC)CC5,0.831723221346946
[O-]S(=O)(=O)CCC[N+](C)(C)CCNC(=O)CCN(C)CCN(CCN(C)CC(O)CCCCCCCCCCCCCCCC)CCN(C)CC(O)CCCCCCCCCCCCCCCC,0.0224790059823498
[O-]S(=O)(=O)CCC[N+](C)(C)CCNC(=O)CCN(C(C)C)CCN(CCN(C(C)C)CC(O)CCCCCCCCCCCCCCCC)CCN(C(C)C)CC(O)CCCCCCCCCCCCCCCC,-0.7867652093822464
[O-]S(=O)(=O)CCC[N+](C)(C)CCNC(=O)CCN(CC(O)CCCCCCCCCCCCCCCC)CCN(CCN(CC(O)CCCCCCCCCCCCCCCC)CC(O)CCCCCCCCCCCCCCCC)CCN(CC(O)CCCCCCCCCCCCCCCC)CC(O)CCCCCCCCCCCCCCCC,0.831723221346946
[O-]S(=O)(=O)CCC[N+](C)(C)CCNC(=O)CCN(CC(O)CCCCCCCCCCCCCCCC)CCN(C)CCN(CC(O)CCCCCCCCCCCCCCCC)CC(O)CCCCCCCCCCCCCCCC,-0.7867652093822464
[O-]S(=O)(=O)CCC[N+](C)(C)CCNC(=O)CCN(CC(O)CCCCCCCCCCCCCCCC)CCCN(C)CCCN(CC(O)CCCCCCCCCCCCCCCC)CC(O)CCCCCCCCCCCCCCCC,1.6409674367115423
[O-]S(=O)(=O)CCC[N+](C)(C)CCNC(=O)CCN(CC(O)CCCCCCCCCCCCCCCC)CCCN5CCN(CCCN(CC(O)CCCCCCCCCCCCCCCC)CC(O)CCCCCCCCCCCCCCCC)CC5,0.0224790059823498
[O-]S(=O)(=O)CCC[N+](C)(C)CCNC(=O)CCN(C)CCN(CCN(C)CCC(=O)OCCCCCCCC)CCN(C)CCC(=O)OCCCCCCCC,0.0224790059823498
[O-]S(=O)(=O)CCC[N+](C)(C)CCNC(=O)CCN(C(C)C)CCN(CCN(C(C)C)CCC(=O)OCCCCCCCC)CCN(C(C)C)CCC(=O)OCCCCCCCC,-0.7867652093822464
[O-]S(=O)(=O)CCC[N+](C)(C)CCNC(=O)CCN(CCC(=O)OCCCCCCCC)CCN(CCN(CCC(=O)OCCCCCCCC)CCC(=O)OCCCCCCCC)CCN(CCC(=O)OCCCCCCCC)CCC(=O)OCCCCCCCC,-0.7867652093822464
[O-]S(=O)(=O)CCC[N+](C)(C)CCNC(=O)CCN(CCC(=O)OCCCCCCCC)CCN(C)CCN(CCC(=O)OCCCCCCCC)CCC(=O)OCCCCCCCC,-0.7867652093822464
[O-]S(=O)(=O)CCC[N+](C)(C)CCNC(=O)CCN(CCC(=O)OCCCCCCCC)CCCN(C)CCCN(CCC(=O)OCCCCCCCC)CCC(=O)OCCCCCCCC,-0.7867652093822464
[O-]S(=O)(=O)CCC[N+](C)(C)CCNC(=O)CCN(CCC(=O)OCCCCCCCC)CCCN5CCN(CCCN(CCC(=O)OCCCCCCCC)CCC(=O)OCCCCCCCC)CC5,0.0224790059823498
[O-]S(=O)(=O)CCC[N+](C)(C)CCNC(=O)CCN(C)CCN(CCN(C)CCC(=O)OCCCCCCCCCC)CCN(C)CCC(=O)OCCCCCCCCCC,0.0224790059823498
[O-]S(=O)(=O)CCC[N+](C)(C)CCNC(=O)CCN(C(C)C)CCN(CCN(C(C)C)CCC(=O)OCCCCCCCCCC)CCN(C(C)C)CCC(=O)OCCCCCCCCCC,-0.7867652093822464
[O-]S(=O)(=O)CCC[N+](C)(C)CCNC(=O)CCN(CCC(=O)OCCCCCCCCCC)CCN(CCN(CCC(=O)OCCCCCCCCCC)CCC(=O)OCCCCCCCCCC)CCN(CCC(=O)OCCCCCCCCCC)CCC(=O)OCCCCCCCCCC,0.0224790059823498
[O-]S(=O)(=O)CCC[N+](C)(C)CCNC(=O)CCN(CCC(=O)OCCCCCCCCCC)CCN(C)CCN(CCC(=O)OCCCCCCCCCC)CCC(=O)OCCCCCCCCCC,-0.7867652093822464
[O-]S(=O)(=O)CCC[N+](C)(C)CCNC(=O)CCN(CCC(=O)OCCCCCCCCCC)CCCN(C)CCCN(CCC(=O)OCCCCCCCCCC)CCC(=O)OCCCCCCCCCC,-0.7867652093822464
[O-]S(=O)(=O)CCC[N+](C)(C)CCNC(=O)CCN(CCC(=O)OCCCCCCCCCC)CCCN5CCN(CCCN(CCC(=O)OCCCCCCCCCC)CCC(=O)OCCCCCCCCCC)CC5,2.4502116520761383
[O-]S(=O)(=O)CCC[N+](C)(C)CCNC(=O)CCN(C)CCN(CCN(C)CCC(=O)OCCCCCCCCCCCC)CCN(C)CCC(=O)OCCCCCCCCCCCC,0.0224790059823498
[O-]S(=O)(=O)CCC[N+](C)(C)CCNC(=O)CCN(C(C)C)CCN(CCN(C(C)C)CCC(=O)OCCCCCCCCCCCC)CCN(C(C)C)CCC(=O)OCCCCCCCCCCCC,0.0224790059823498
[O-]S(=O)(=O)CCC[N+](C)(C)CCNC(=O)CCN(CCC(=O)OCCCCCCCCCCCC)CCN(CCN(CCC(=O)OCCCCCCCCCCCC)CCC(=O)OCCCCCCCCCCCC)CCN(CCC(=O)OCCCCCCCCCCCC)CCC(=O)OCCCCCCCCCCCC,-0.7867652093822464
[O-]S(=O)(=O)CCC[N+](C)(C)CCNC(=O)CCN(CCC(=O)OCCCCCCCCCCCC)CCN(C)CCN(CCC(=O)OCCCCCCCCCCCC)CCC(=O)OCCCCCCCCCCCC,0.0224790059823498
[O-]S(=O)(=O)CCC[N+](C)(C)CCNC(=O)CCN(CCC(=O)OCCCCCCCCCCCC)CCCN(C)CCCN(CCC(=O)OCCCCCCCCCCCC)CCC(=O)OCCCCCCCCCCCC,-0.7867652093822464
[O-]S(=O)(=O)CCC[N+](C)(C)CCNC(=O)CCN(CCC(=O)OCCCCCCCCCCCC)CCCN5CCN(CCCN(CCC(=O)OCCCCCCCCCCCC)CCC(=O)OCCCCCCCCCCCC)CC5,2.4502116520761383
[O-]S(=O)(=O)CCC[N+](C)(C)CCNC(=O)CCN(C)CCN(CCN(C)CCC(=O)OCCCCCCCCCCCCCC)CCN(C)CCC(=O)OCCCCCCCCCCCCCC,0.0224790059823498
[O-]S(=O)(=O)CCC[N+](C)(C)CCNC(=O)CCN(C(C)C)CCN(CCN(C(C)C)CCC(=O)OCCCCCCCCCCCCCC)CCN(C(C)C)CCC(=O)OCCCCCCCCCCCCCC,0.0224790059823498
[O-]S(=O)(=O)CCC[N+](C)(C)CCNC(=O)CCN(CCC(=O)OCCCCCCCCCCCCCC)CCN(CCN(CCC(=O)OCCCCCCCCCCCCCC)CCC(=O)OCCCCCCCCCCCCCC)CCN(CCC(=O)OCCCCCCCCCCCCCC)CCC(=O)OCCCCCCCCCCCCCC,-0.7867652093822464
[O-]S(=O)(=O)CCC[N+](C)(C)CCNC(=O)CCN(CCC(=O)OCCCCCCCCCCCCCC)CCN(C)CCN(CCC(=O)OCCCCCCCCCCCCCC)CCC(=O)OCCCCCCCCCCCCCC,-0.7867652093822464
[O-]S(=O)(=O)CCC[N+](C)(C)CCNC(=O)CCN(CCC(=O)OCCCCCCCCCCCCCC)CCCN(C)CCCN(CCC(=O)OCCCCCCCCCCCCCC)CCC(=O)OCCCCCCCCCCCCCC,-0.7867652093822464
[O-]S(=O)(=O)CCC[N+](C)(C)CCNC(=O)CCN(CCC(=O)OCCCCCCCCCCCCCC)CCCN5CCN(CCCN(CCC(=O)OCCCCCCCCCCCCCC)CCC(=O)OCCCCCCCCCCCCCC)CC5,-0.7867652093822464
[O-]S(=O)(=O)CCC[N+](C)(C)CCNC(=O)CCN(C)CCN(CCN(C)CCC(=O)OCCCCCCCCCCCCCCCC)CCN(C)CCC(=O)OCCCCCCCCCCCCCCCC,0.0224790059823498
[O-]S(=O)(=O)CCC[N+](C)(C)CCNC(=O)CCN(C(C)C)CCN(CCN(C(C)C)CCC(=O)OCCCCCCCCCCCCCCCC)CCN(C(C)C)CCC(=O)OCCCCCCCCCCCCCCCC,-0.7867652093822464
[O-]S(=O)(=O)CCC[N+](C)(C)CCNC(=O)CCN(CCC(=O)OCCCCCCCCCCCCCCCC)CCN(CCN(CCC(=O)OCCCCCCCCCCCCCCCC)CCC(=O)OCCCCCCCCCCCCCCCC)CCN(CCC(=O)OCCCCCCCCCCCCCCCC)CCC(=O)OCCCCCCCCCCCCCCCC,-0.7867652093822464
[O-]S(=O)(=O)CCC[N+](C)(C)CCNC(=O)CCN(CCC(=O)OCCCCCCCCCCCCCCCC)CCN(C)CCN(CCC(=O)OCCCCCCCCCCCCCCCC)CCC(=O)OCCCCCCCCCCCCCCCC,-0.7867652093822464
[O-]S(=O)(=O)CCC[N+](C)(C)CCNC(=O)CCN(CCC(=O)OCCCCCCCCCCCCCCCC)CCCN(C)CCCN(CCC(=O)OCCCCCCCCCCCCCCCC)CCC(=O)OCCCCCCCCCCCCCCCC,-0.7867652093822464
[O-]S(=O)(=O)CCC[N+](C)(C)CCNC(=O)CCN(CCC(=O)OCCCCCCCCCCCCCCCC)CCCN5CCN(CCCN(CCC(=O)OCCCCCCCCCCCCCCCC)CCC(=O)OCCCCCCCCCCCCCCCC)CC5,-0.7867652093822464
[O-]S(=O)(=O)CCC[N+](C)(C)CCNC(=O)CCN(C)CCN(CCN(C)CCC(=O)OCCCCCCCCCCCCCCCCCC)CCN(C)CCC(=O)OCCCCCCCCCCCCCCCCCC,-0.7867652093822464
[O-]S(=O)(=O)CCC[N+](C)(C)CCNC(=O)CCN(C(C)C)CCN(CCN(C(C)C)CCC(=O)OCCCCCCCCCCCCCCCCCC)CCN(C(C)C)CCC(=O)OCCCCCCCCCCCCCCCCCC,0.0224790059823498
[O-]S(=O)(=O)CCC[N+](C)(C)CCNC(=O)CCN(CCC(=O)OCCCCCCCCCCCCCCCCCC)CCN(CCN(CCC(=O)OCCCCCCCCCCCCCCCCCC)CCC(=O)OCCCCCCCCCCCCCCCCCC)CCN(CCC(=O)OCCCCCCCCCCCCCCCCCC)CCC(=O)OCCCCCCCCCCCCCCCCCC,-0.7867652093822464
[O-]S(=O)(=O)CCC[N+](C)(C)CCNC(=O)CCN(CCC(=O)OCCCCCCCCCCCCCCCCCC)CCN(C)CCN(CCC(=O)OCCCCCCCCCCCCCCCCCC)CCC(=O)OCCCCCCCCCCCCCCCCCC,-0.7867652093822464
[O-]S(=O)(=O)CCC[N+](C)(C)CCNC(=O)CCN(CCC(=O)OCCCCCCCCCCCCCCCCCC)CCCN(C)CCCN(CCC(=O)OCCCCCCCCCCCCCCCCCC)CCC(=O)OCCCCCCCCCCCCCCCCCC,-0.7867652093822464
[O-]S(=O)(=O)CCC[N+](C)(C)CCNC(=O)CCN(CCC(=O)OCCCCCCCCCCCCCCCCCC)CCCN5CCN(CCCN(CCC(=O)OCCCCCCCCCCCCCCCCCC)CCC(=O)OCCCCCCCCCCCCCCCCCC)CC5,0.0224790059823498
N(CCC(=O)OCCOC(=O)C(C)CSCC/C=C/CC)(CCC(=O)OCCOC(=O)C(C)CSCC/C=C/CC)CCCN1CCN(C)CC1,-0.5256859485014388
N(CCC(=O)OCCOC(=O)C(C)CSCC/C=C/CC)(CCC(=O)OCCOC(=O)C(C)CSCC/C=C/CC)CCN(C)C,-0.5256859485014388
N(CCC(=O)OCCOC(=O)C(C)CSCC/C=C/CC)(CCC(=O)OCCOC(=O)C(C)CSCC/C=C/CC)CCCN(C)C,-0.5256859485014388
OCCN(CCC(=O)OCCOC(=O)C(C)CSCC/C=C/CC)CCCN(CCC(=O)OCCOC(=O)C(C)CSCC/C=C/CC)(CCC(=O)OCCOC(=O)C(C)CSCC/C=C/CC),0.3601922239732082
N(CCC(=O)OCCOC(=O)C(C)CSCC/C=C/CC)(CCC(=O)OCCOC(=O)C(C)CSCC/C=C/CC)CCCN1CCN(CCCN(CCC(=O)OCCOC(=O)C(C)CSCC/C=C/CC)(CCC(=O)OCCOC(=O)C(C)CSCC/C=C/CC))CC1,0.3601922239732082
N(CCC(=O)OCCOC(=O)C(C)CSCC/C=C/CC)(CCC(=O)OCCOC(=O)C(C)CSCC/C=C/CC)CCCN(C)CCCN(CCC(=O)OCCOC(=O)C(C)CSCC/C=C/CC)(CCC(=O)OCCOC(=O)C(C)CSCC/C=C/CC),2.1319485689225024
N(CCN(CCC(=O)OCCOC(=O)C(C)CSCC/C=C/CC)(CCC(=O)OCCOC(=O)C(C)CSCC/C=C/CC))(CCN(CCC(=O)OCCOC(=O)C(C)CSCC/C=C/CC)(CCC(=O)OCCOC(=O)C(C)CSCC/C=C/CC))CCN(CCC(=O)OCCOC(=O)C(C)CSCC/C=C/CC)(CCC(=O)OCCOC(=O)C(C)CSCC/C=C/CC),0.3601922239732082
N(CCC(=O)OCCOC(=O)C(C)CSCC/C=C\CC)(CCC(=O)OCCOC(=O)C(C)CSCC/C=C\CC)CCCN1CCN(C)CC1,0.3601922239732082
N(CCC(=O)OCCOC(=O)C(C)CSCC/C=C\CC)(CCC(=O)OCCOC(=O)C(C)CSCC/C=C\CC)CCN(C)C,-1.411564120976086
N(CCC(=O)OCCOC(=O)C(C)CSCC/C=C\CC)(CCC(=O)OCCOC(=O)C(C)CSCC/C=C\CC)CCCN(C)C,-1.411564120976086
OCCN(CCC(=O)OCCOC(=O)C(C)CSCC/C=C\CC)CCCN(CCC(=O)OCCOC(=O)C(C)CSCC/C=C\CC)(CCC(=O)OCCOC(=O)C(C)CSCC/C=C\CC),0.3601922239732082
N(CCC(=O)OCCOC(=O)C(C)CSCC/C=C\CC)(CCC(=O)OCCOC(=O)C(C)CSCC/C=C\CC)CCCN1CCN(CCCN(CCC(=O)OCCOC(=O)C(C)CSCC/C=C\CC)(CCC(=O)OCCOC(=O)C(C)CSCC/C=C\CC))CC1,1.2460703964478552
N(CCC(=O)OCCOC(=O)C(C)CSCC/C=C\CC)(CCC(=O)OCCOC(=O)C(C)CSCC/C=C\CC)CCCN(C)CCCN(CCC(=O)OCCOC(=O)C(C)CSCC/C=C\CC)(CCC(=O)OCCOC(=O)C(C)CSCC/C=C\CC),2.1319485689225024
N(CCN(CCC(=O)OCCOC(=O)C(C)CSCC/C=C\CC)(CCC(=O)OCCOC(=O)C(C)CSCC/C=C\CC))(CCN(CCC(=O)OCCOC(=O)C(C)CSCC/C=C\CC)(CCC(=O)OCCOC(=O)C(C)CSCC/C=C\CC))CCN(CCC(=O)OCCOC(=O)C(C)CSCC/C=C\CC)(CCC(=O)OCCOC(=O)C(C)CSCC/C=C\CC),0.3601922239732082
N(CCC(=O)OCCOC(=O)C(C)CSCCCCCCCC)(CCC(=O)OCCOC(=O)C(C)CSCCCCCCCC)CCCN1CCN(C)CC1,0.3601922239732082
N(CCC(=O)OCCOC(=O)C(C)CSCCCCCCCC)(CCC(=O)OCCOC(=O)C(C)CSCCCCCCCC)CCN(C)C,-0.5256859485014388
N(CCC(=O)OCCOC(=O)C(C)CSCCCCCCCC)(CCC(=O)OCCOC(=O)C(C)CSCCCCCCCC)CCCN(C)C,-1.411564120976086
OCCN(CCC(=O)OCCOC(=O)C(C)CSCCCCCCCC)CCCN(CCC(=O)OCCOC(=O)C(C)CSCCCCCCCC)(CCC(=O)OCCOC(=O)C(C)CSCCCCCCCC),0.3601922239732082
N(CCC(=O)OCCOC(=O)C(C)CSCCCCCCCC)(CCC(=O)OCCOC(=O)C(C)CSCCCCCCCC)CCCN1CCN(CCCN(CCC(=O)OCCOC(=O)C(C)CSCCCCCCCC)(CCC(=O)OCCOC(=O)C(C)CSCCCCCCCC))CC1,1.2460703964478552
N(CCC(=O)OCCOC(=O)C(C)CSCCCCCCCC)(CCC(=O)OCCOC(=O)C(C)CSCCCCCCCC)CCCN(C)CCCN(CCC(=O)OCCOC(=O)C(C)CSCCCCCCCC)(CCC(=O)OCCOC(=O)C(C)CSCCCCCCCC),2.1319485689225024
N(CCN(CCC(=O)OCCOC(=O)C(C)CSCCCCCCCC)(CCC(=O)OCCOC(=O)C(C)CSCCCCCCCC))(CCN(CCC(=O)OCCOC(=O)C(C)CSCCCCCCCC)(CCC(=O)OCCOC(=O)C(C)CSCCCCCCCC))CCN(CCC(=O)OCCOC(=O)C(C)CSCCCCCCCC)(CCC(=O)OCCOC(=O)C(C)CSCCCCCCCC),0.3601922239732082
N(CCC(=O)OCCOC(=O)C(C)CSC/C=C(C)\CCC=C(C)C)(CCC(=O)OCCOC(=O)C(C)CSC/C=C(C)\CCC=C(C)C)CCCN1CCN(C)CC1,-0.5256859485014388
N(CCC(=O)OCCOC(=O)C(C)CSC/C=C(C)\CCC=C(C)C)(CCC(=O)OCCOC(=O)C(C)CSC/C=C(C)\CCC=C(C)C)CCN(C)C,-1.411564120976086
N(CCC(=O)OCCOC(=O)C(C)CSC/C=C(C)\CCC=C(C)C)(CCC(=O)OCCOC(=O)C(C)CSC/C=C(C)\CCC=C(C)C)CCCN(C)C,-1.411564120976086
OCCN(CCC(=O)OCCOC(=O)C(C)CSC/C=C(C)\CCC=C(C)C)CCCN(CCC(=O)OCCOC(=O)C(C)CSC/C=C(C)\CCC=C(C)C)(CCC(=O)OCCOC(=O)C(C)CSC/C=C(C)\CCC=C(C)C),-0.5256859485014388
N(CCC(=O)OCCOC(=O)C(C)CSC/C=C(C)\CCC=C(C)C)(CCC(=O)OCCOC(=O)C(C)CSC/C=C(C)\CCC=C(C)C)CCCN1CCN(CCCN(CCC(=O)OCCOC(=O)C(C)CSC/C=C(C)\CCC=C(C)C)(CCC(=O)OCCOC(=O)C(C)CSC/C=C(C)\CCC=C(C)C))CC1,-0.5256859485014388
N(CCC(=O)OCCOC(=O)C(C)CSC/C=C(C)\CCC=C(C)C)(CCC(=O)OCCOC(=O)C(C)CSC/C=C(C)\CCC=C(C)C)CCCN(C)CCCN(CCC(=O)OCCOC(=O)C(C)CSC/C=C(C)\CCC=C(C)C)(CCC(=O)OCCOC(=O)C(C)CSC/C=C(C)\CCC=C(C)C),-0.5256859485014388
N(CCN(CCC(=O)OCCOC(=O)C(C)CSC/C=C(C)\CCC=C(C)C)(CCC(=O)OCCOC(=O)C(C)CSC/C=C(C)\CCC=C(C)C))(CCN(CCC(=O)OCCOC(=O)C(C)CSC/C=C(C)\CCC=C(C)C)(CCC(=O)OCCOC(=O)C(C)CSC/C=C(C)\CCC=C(C)C))CCN(CCC(=O)OCCOC(=O)C(C)CSC/C=C(C)\CCC=C(C)C)(CCC(=O)OCCOC(=O)C(C)CSC/C=C(C)\CCC=C(C)C),0.3601922239732082
N(CCC(=O)OCCOC(=O)C(C)CSCCC/C=C/C)(CCC(=O)OCCOC(=O)C(C)CSCCC/C=C/C)CCCN1CCN(C)CC1,-0.5256859485014388
N(CCC(=O)OCCOC(=O)C(C)CSCCC/C=C/C)(CCC(=O)OCCOC(=O)C(C)CSCCC/C=C/C)CCN(C)C,-1.411564120976086
N(CCC(=O)OCCOC(=O)C(C)CSCCC/C=C/C)(CCC(=O)OCCOC(=O)C(C)CSCCC/C=C/C)CCCN(C)C,-0.5256859485014388
OCCN(CCC(=O)OCCOC(=O)C(C)CSCCC/C=C/C)CCCN(CCC(=O)OCCOC(=O)C(C)CSCCC/C=C/C)(CCC(=O)OCCOC(=O)C(C)CSCCC/C=C/C),-0.5256859485014388
N(CCC(=O)OCCOC(=O)C(C)CSCCC/C=C/C)(CCC(=O)OCCOC(=O)C(C)CSCCC/C=C/C)CCCN1CCN(CCCN(CCC(=O)OCCOC(=O)C(C)CSCCC/C=C/C)(CCC(=O)OCCOC(=O)C(C)CSCCC/C=C/C))CC1,0.3601922239732082
N(CCC(=O)OCCOC(=O)C(C)CSCCC/C=C/C)(CCC(=O)OCCOC(=O)C(C)CSCCC/C=C/C)CCCN(C)CCCN(CCC(=O)OCCOC(=O)C(C)CSCCC/C=C/C)(CCC(=O)OCCOC(=O)C(C)CSCCC/C=C/C),2.1319485689225024
N(CCN(CCC(=O)OCCOC(=O)C(C)CSCCC/C=C/C)(CCC(=O)OCCOC(=O)C(C)CSCCC/C=C/C))(CCN(CCC(=O)OCCOC(=O)C(C)CSCCC/C=C/C)(CCC(=O)OCCOC(=O)C(C)CSCCC/C=C/C))CCN(CCC(=O)OCCOC(=O)C(C)CSCCC/C=C/C)(CCC(=O)OCCOC(=O)C(C)CSCCC/C=C/C),0.3601922239732082
N(CCC(=O)OCCOC(=O)C(C)CSCCC/C=C\C)(CCC(=O)OCCOC(=O)C(C)CSCCC/C=C\C)CCCN1CCN(C)CC1,-0.5256859485014388
N(CCC(=O)OCCOC(=O)C(C)CSCCC/C=C\C)(CCC(=O)OCCOC(=O)C(C)CSCCC/C=C\C)CCN(C)C,-1.411564120976086
N(CCC(=O)OCCOC(=O)C(C)CSCCC/C=C\C)(CCC(=O)OCCOC(=O)C(C)CSCCC/C=C\C)CCCN(C)C,-1.411564120976086
OCCN(CCC(=O)OCCOC(=O)C(C)CSCCC/C=C\C)CCCN(CCC(=O)OCCOC(=O)C(C)CSCCC/C=C\C)(CCC(=O)OCCOC(=O)C(C)CSCCC/C=C\C),-0.5256859485014388
N(CCC(=O)OCCOC(=O)C(C)CSCCC/C=C\C)(CCC(=O)OCCOC(=O)C(C)CSCCC/C=C\C)CCCN1CCN(CCCN(CCC(=O)OCCOC(=O)C(C)CSCCC/C=C\C)(CCC(=O)OCCOC(=O)C(C)CSCCC/C=C\C))CC1,-0.5256859485014388
N(CCC(=O)OCCOC(=O)C(C)CSCCC/C=C\C)(CCC(=O)OCCOC(=O)C(C)CSCCC/C=C\C)CCCN(C)CCCN(CCC(=O)OCCOC(=O)C(C)CSCCC/C=C\C)(CCC(=O)OCCOC(=O)C(C)CSCCC/C=C\C),0.3601922239732082
N(CCN(CCC(=O)OCCOC(=O)C(C)CSCCC/C=C\C)(CCC(=O)OCCOC(=O)C(C)CSCCC/C=C\C))(CCN(CCC(=O)OCCOC(=O)C(C)CSCCC/C=C\C)(CCC(=O)OCCOC(=O)C(C)CSCCC/C=C\C))CCN(CCC(=O)OCCOC(=O)C(C)CSCCC/C=C\C)(CCC(=O)OCCOC(=O)C(C)CSCCC/C=C\C),0.3601922239732082
N(CCC(=O)OCCOC(=O)C(C)CSC/C=C\C/C=C\CC)(CCC(=O)OCCOC(=O)C(C)CSC/C=C\C/C=C\CC)CCCN1CCN(C)CC1,-0.5256859485014388
N(CCC(=O)OCCOC(=O)C(C)CSC/C=C\C/C=C\CC)(CCC(=O)OCCOC(=O)C(C)CSC/C=C\C/C=C\CC)CCN(C)C,-0.5256859485014388
N(CCC(=O)OCCOC(=O)C(C)CSC/C=C\C/C=C\CC)(CCC(=O)OCCOC(=O)C(C)CSC/C=C\C/C=C\CC)CCCN(C)C,-1.411564120976086
OCCN(CCC(=O)OCCOC(=O)C(C)CSC/C=C\C/C=C\CC)CCCN(CCC(=O)OCCOC(=O)C(C)CSC/C=C\C/C=C\CC)(CCC(=O)OCCOC(=O)C(C)CSC/C=C\C/C=C\CC),0.3601922239732082
N(CCC(=O)OCCOC(=O)C(C)CSC/C=C\C/C=C\CC)(CCC(=O)OCCOC(=O)C(C)CSC/C=C\C/C=C\CC)CCCN1CCN(CCCN(CCC(=O)OCCOC(=O)C(C)CSC/C=C\C/C=C\CC)(CCC(=O)OCCOC(=O)C(C)CSC/C=C\C/C=C\CC))CC1,1.2460703964478552
N(CCC(=O)OCCOC(=O)C(C)CSC/C=C\C/C=C\CC)(CCC(=O)OCCOC(=O)C(C)CSC/C=C\C/C=C\CC)CCCN(C)CCCN(CCC(=O)OCCOC(=O)C(C)CSC/C=C\C/C=C\CC)(CCC(=O)OCCOC(=O)C(C)CSC/C=C\C/C=C\CC),2.1319485689225024
N(CCN(CCC(=O)OCCOC(=O)C(C)CSC/C=C\C/C=C\CC)(CCC(=O)OCCOC(=O)C(C)CSC/C=C\C/C=C\CC))(CCN(CCC(=O)OCCOC(=O)C(C)CSC/C=C\C/C=C\CC)(CCC(=O)OCCOC(=O)C(C)CSC/C=C\C/C=C\CC))CCN(CCC(=O)OCCOC(=O)C(C)CSC/C=C\C/C=C\CC)(CCC(=O)OCCOC(=O)C(C)CSC/C=C\C/C=C\CC),1.2460703964478552
N(CCC(=O)OCCOC(=O)C(C)CSC/C=C(C)/CC/C=C(C)/CCC=C(C)C)(CCC(=O)OCCOC(=O)C(C)CSC/C=C(C)/CC/C=C(C)/CCC=C(C)C)CCCN1CCN(C)CC1,-1.411564120976086
N(CCC(=O)OCCOC(=O)C(C)CSC/C=C(C)/CC/C=C(C)/CCC=C(C)C)(CCC(=O)OCCOC(=O)C(C)CSC/C=C(C)/CC/C=C(C)/CCC=C(C)C)CCN(C)C,-0.5256859485014388
N(CCC(=O)OCCOC(=O)C(C)CSC/C=C(C)/CC/C=C(C)/CCC=C(C)C)(CCC(=O)OCCOC(=O)C(C)CSC/C=C(C)/CC/C=C(C)/CCC=C(C)C)CCCN(C)C,-0.5256859485014388
OCCN(CCC(=O)OCCOC(=O)C(C)CSC/C=C(C)/CC/C=C(C)/CCC=C(C)C)CCCN(CCC(=O)OCCOC(=O)C(C)CSC/C=C(C)/CC/C=C(C)/CCC=C(C)C)(CCC(=O)OCCOC(=O)C(C)CSC/C=C(C)/CC/C=C(C)/CCC=C(C)C),-0.5256859485014388
N(CCC(=O)OCCOC(=O)C(C)CSC/C=C(C)/CC/C=C(C)/CCC=C(C)C)(CCC(=O)OCCOC(=O)C(C)CSC/C=C(C)/CC/C=C(C)/CCC=C(C)C)CCCN1CCN(CCCN(CCC(=O)OCCOC(=O)C(C)CSC/C=C(C)/CC/C=C(C)/CCC=C(C)C)(CCC(=O)OCCOC(=O)C(C)CSC/C=C(C)/CC/C=C(C)/CCC=C(C)C))CC1,-0.5256859485014388
N(CCC(=O)OCCOC(=O)C(C)CSC/C=C(C)/CC/C=C(C)/CCC=C(C)C)(CCC(=O)OCCOC(=O)C(C)CSC/C=C(C)/CC/C=C(C)/CCC=C(C)C)CCCN(C)CCCN(CCC(=O)OCCOC(=O)C(C)CSC/C=C(C)/CC/C=C(C)/CCC=C(C)C)(CCC(=O)OCCOC(=O)C(C)CSC/C=C(C)/CC/C=C(C)/CCC=C(C)C),-1.411564120976086
N(CCN(CCC(=O)OCCOC(=O)C(C)CSC/C=C(C)/CC/C=C(C)/CCC=C(C)C)(CCC(=O)OCCOC(=O)C(C)CSC/C=C(C)/CC/C=C(C)/CCC=C(C)C))(CCN(CCC(=O)OCCOC(=O)C(C)CSC/C=C(C)/CC/C=C(C)/CCC=C(C)C)(CCC(=O)OCCOC(=O)C(C)CSC/C=C(C)/CC/C=C(C)/CCC=C(C)C))CCN(CCC(=O)OCCOC(=O)C(C)CSC/C=C(C)/CC/C=C(C)/CCC=C(C)C)(CCC(=O)OCCOC(=O)C(C)CSC/C=C(C)/CC/C=C(C)/CCC=C(C)C),0.3601922239732082
N(CCC(=O)OCCOC(=O)C(C)CSCCCCCCCC)(CCC(=O)OCCOC(=O)C(C)CSCCCCCCCC)CCCN1CCN(C)CC1,-0.5256859485014388
N(CCC(=O)OCCOC(=O)C(C)CSCCCCCCCC)(CCC(=O)OCCOC(=O)C(C)CSCCCCCCCC)CCN(C)C,-0.5256859485014388
N(CCC(=O)OCCOC(=O)C(C)CSCCCCCCCC)(CCC(=O)OCCOC(=O)C(C)CSCCCCCCCC)CCCN(C)C,-1.411564120976086
OCCN(CCC(=O)OCCOC(=O)C(C)CSCCCCCCCC)CCCN(CCC(=O)OCCOC(=O)C(C)CSCCCCCCCC)(CCC(=O)OCCOC(=O)C(C)CSCCCCCCCC),0.3601922239732082
N(CCC(=O)OCCOC(=O)C(C)CSCCCCCCCC)(CCC(=O)OCCOC(=O)C(C)CSCCCCCCCC)CCCN1CCN(CCCN(CCC(=O)OCCOC(=O)C(C)CSCCCCCCCC)(CCC(=O)OCCOC(=O)C(C)CSCCCCCCCC))CC1,1.2460703964478552
N(CCC(=O)OCCOC(=O)C(C)CSCCCCCCCC)(CCC(=O)OCCOC(=O)C(C)CSCCCCCCCC)CCCN(C)CCCN(CCC(=O)OCCOC(=O)C(C)CSCCCCCCCC)(CCC(=O)OCCOC(=O)C(C)CSCCCCCCCC),1.2460703964478552
N(CCN(CCC(=O)OCCOC(=O)C(C)CSCCCCCCCC)(CCC(=O)OCCOC(=O)C(C)CSCCCCCCCC))(CCN(CCC(=O)OCCOC(=O)C(C)CSCCCCCCCC)(CCC(=O)OCCOC(=O)C(C)CSCCCCCCCC))CCN(CCC(=O)OCCOC(=O)C(C)CSCCCCCCCC)(CCC(=O)OCCOC(=O)C(C)CSCCCCCCCC),0.3601922239732082
N(CCC(=O)OCCOC(=O)C(C)CSC/C=C/CCC)(CCC(=O)OCCOC(=O)C(C)CSC/C=C/CCC)CCCN1CCN(C)CC1,-1.411564120976086
N(CCC(=O)OCCOC(=O)C(C)CSC/C=C/CCC)(CCC(=O)OCCOC(=O)C(C)CSC/C=C/CCC)CCN(C)C,-0.5256859485014388
N(CCC(=O)OCCOC(=O)C(C)CSC/C=C/CCC)(CCC(=O)OCCOC(=O)C(C)CSC/C=C/CCC)CCCN(C)C,-0.5256859485014388
OCCN(CCC(=O)OCCOC(=O)C(C)CSC/C=C/CCC)CCCN(CCC(=O)OCCOC(=O)C(C)CSC/C=C/CCC)(CCC(=O)OCCOC(=O)C(C)CSC/C=C/CCC),-0.5256859485014388
N(CCC(=O)OCCOC(=O)C(C)CSC/C=C/CCC)(CCC(=O)OCCOC(=O)C(C)CSC/C=C/CCC)CCCN1CCN(CCCN(CCC(=O)OCCOC(=O)C(C)CSC/C=C/CCC)(CCC(=O)OCCOC(=O)C(C)CSC/C=C/CCC))CC1,0.3601922239732082
N(CCC(=O)OCCOC(=O)C(C)CSC/C=C/CCC)(CCC(=O)OCCOC(=O)C(C)CSC/C=C/CCC)CCCN(C)CCCN(CCC(=O)OCCOC(=O)C(C)CSC/C=C/CCC)(CCC(=O)OCCOC(=O)C(C)CSC/C=C/CCC),2.1319485689225024
N(CCN(CCC(=O)OCCOC(=O)C(C)CSC/C=C/CCC)(CCC(=O)OCCOC(=O)C(C)CSC/C=C/CCC))(CCN(CCC(=O)OCCOC(=O)C(C)CSC/C=C/CCC)(CCC(=O)OCCOC(=O)C(C)CSC/C=C/CCC))CCN(CCC(=O)OCCOC(=O)C(C)CSC/C=C/CCC)(CCC(=O)OCCOC(=O)C(C)CSC/C=C/CCC),0.3601922239732082
N(CCC(=O)OCCOC(=O)C(C)CSC/C=C\CCC)(CCC(=O)OCCOC(=O)C(C)CSC/C=C\CCC)CCCN1CCN(C)CC1,-0.5256859485014388
N(CCC(=O)OCCOC(=O)C(C)CSC/C=C\CCC)(CCC(=O)OCCOC(=O)C(C)CSC/C=C\CCC)CCN(C)C,-1.411564120976086
N(CCC(=O)OCCOC(=O)C(C)CSC/C=C\CCC)(CCC(=O)OCCOC(=O)C(C)CSC/C=C\CCC)CCCN(C)C,-1.411564120976086
OCCN(CCC(=O)OCCOC(=O)C(C)CSC/C=C\CCC)CCCN(CCC(=O)OCCOC(=O)C(C)CSC/C=C\CCC)(CCC(=O)OCCOC(=O)C(C)CSC/C=C\CCC),-0.5256859485014388
N(CCC(=O)OCCOC(=O)C(C)CSC/C=C\CCC)(CCC(=O)OCCOC(=O)C(C)CSC/C=C\CCC)CCCN1CCN(CCCN(CCC(=O)OCCOC(=O)C(C)CSC/C=C\CCC)(CCC(=O)OCCOC(=O)C(C)CSC/C=C\CCC))CC1,-0.5256859485014388
N(CCC(=O)OCCOC(=O)C(C)CSC/C=C\CCC)(CCC(=O)OCCOC(=O)C(C)CSC/C=C\CCC)CCCN(C)CCCN(CCC(=O)OCCOC(=O)C(C)CSC/C=C\CCC)(CCC(=O)OCCOC(=O)C(C)CSC/C=C\CCC),2.1319485689225024
N(CCN(CCC(=O)OCCOC(=O)C(C)CSC/C=C\CCC)(CCC(=O)OCCOC(=O)C(C)CSC/C=C\CCC))(CCN(CCC(=O)OCCOC(=O)C(C)CSC/C=C\CCC)(CCC(=O)OCCOC(=O)C(C)CSC/C=C\CCC))CCN(CCC(=O)OCCOC(=O)C(C)CSC/C=C\CCC)(CCC(=O)OCCOC(=O)C(C)CSC/C=C\CCC),0.3601922239732082
N(CCC(=O)OCCOC(=O)C(C)CSCCCCC=C)(CCC(=O)OCCOC(=O)C(C)CSCCCCC=C)CCCN1CCN(C)CC1,0.3601922239732082
N(CCC(=O)OCCOC(=O)C(C)CSCCCCC=C)(CCC(=O)OCCOC(=O)C(C)CSCCCCC=C)CCN(C)C,-0.5256859485014388
N(CCC(=O)OCCOC(=O)C(C)CSCCCCC=C)(CCC(=O)OCCOC(=O)C(C)CSCCCCC=C)CCCN(C)C,0.3601922239732082
OCCN(CCC(=O)OCCOC(=O)C(C)CSCCCCC=C)CCCN(CCC(=O)OCCOC(=O)C(C)CSCCCCC=C)(CCC(=O)OCCOC(=O)C(C)CSCCCCC=C),0.3601922239732082
N(CCC(=O)OCCOC(=O)C(C)CSCCCCC=C)(CCC(=O)OCCOC(=O)C(C)CSCCCCC=C)CCCN1CCN(CCCN(CCC(=O)OCCOC(=O)C(C)CSCCCCC=C)(CCC(=O)OCCOC(=O)C(C)CSCCCCC=C))CC1,0.3601922239732082
N(CCC(=O)OCCOC(=O)C(C)CSCCCCC=C)(CCC(=O)OCCOC(=O)C(C)CSCCCCC=C)CCCN(C)CCCN(CCC(=O)OCCOC(=O)C(C)CSCCCCC=C)(CCC(=O)OCCOC(=O)C(C)CSCCCCC=C),2.1319485689225024
N(CCN(CCC(=O)OCCOC(=O)C(C)CSCCCCC=C)(CCC(=O)OCCOC(=O)C(C)CSCCCCC=C))(CCN(CCC(=O)OCCOC(=O)C(C)CSCCCCC=C)(CCC(=O)OCCOC(=O)C(C)CSCCCCC=C))CCN(CCC(=O)OCCOC(=O)C(C)CSCCCCC=C)(CCC(=O)OCCOC(=O)C(C)CSCCCCC=C),0.3601922239732082
N(CCC(=O)OCCOC(=O)C(C)CSCCC(C)CCC=C(C)C)(CCC(=O)OCCOC(=O)C(C)CSCCC(C)CCC=C(C)C)CCCN1CCN(C)CC1,0.3601922239732082
N(CCC(=O)OCCOC(=O)C(C)CSCCC(C)CCC=C(C)C)(CCC(=O)OCCOC(=O)C(C)CSCCC(C)CCC=C(C)C)CCN(C)C,-0.5256859485014388
N(CCC(=O)OCCOC(=O)C(C)CSCCC(C)CCC=C(C)C)(CCC(=O)OCCOC(=O)C(C)CSCCC(C)CCC=C(C)C)CCCN(C)C,-0.5256859485014388
OCCN(CCC(=O)OCCOC(=O)C(C)CSCCC(C)CCC=C(C)C)CCCN(CCC(=O)OCCOC(=O)C(C)CSCCC(C)CCC=C(C)C)(CCC(=O)OCCOC(=O)C(C)CSCCC(C)CCC=C(C)C),0.3601922239732082
N(CCC(=O)OCCOC(=O)C(C)CSCCC(C)CCC=C(C)C)(CCC(=O)OCCOC(=O)C(C)CSCCC(C)CCC=C(C)C)CCCN1CCN(CCCN(CCC(=O)OCCOC(=O)C(C)CSCCC(C)CCC=C(C)C)(CCC(=O)OCCOC(=O)C(C)CSCCC(C)CCC=C(C)C))CC1,1.2460703964478552
N(CCC(=O)OCCOC(=O)C(C)CSCCC(C)CCC=C(C)C)(CCC(=O)OCCOC(=O)C(C)CSCCC(C)CCC=C(C)C)CCCN(C)CCCN(CCC(=O)OCCOC(=O)C(C)CSCCC(C)CCC=C(C)C)(CCC(=O)OCCOC(=O)C(C)CSCCC(C)CCC=C(C)C),1.2460703964478552
N(CCN(CCC(=O)OCCOC(=O)C(C)CSCCC(C)CCC=C(C)C)(CCC(=O)OCCOC(=O)C(C)CSCCC(C)CCC=C(C)C))(CCN(CCC(=O)OCCOC(=O)C(C)CSCCC(C)CCC=C(C)C)(CCC(=O)OCCOC(=O)C(C)CSCCC(C)CCC=C(C)C))CCN(CCC(=O)OCCOC(=O)C(C)CSCCC(C)CCC=C(C)C)(CCC(=O)OCCOC(=O)C(C)CSCCC(C)CCC=C(C)C),0.3601922239732082
N(C)(C)CCCN(C(=O)CCCCCCCC/C=C\C/C=C\C/C=C\CC)C(CCCC(=O)OCCC#CCCCCCC)(CCCC(=O)OCCC#CCCCCCC)C(=O)NC(C)(C)C,0.2373787870177469
N(C)(C)CCCN(C(=O)CCCCCCC/C=C\CCCCCCCC)C(CCCC(=O)OCCC#CCCCCCC)(CCCC(=O)OCCC#CCCCCCC)C(=O)NC(C)(C)C,0.961024758052238
N(C)(C)CCCN(C(=O)CCCCCCC/C=C\CCCCCCCC)C(CCCC(=O)OCCCCCCCC/C=C\CCCCCCCC)(CCCC(=O)OCCCCCCCC/C=C\CCCCCCCC)C(=O)NC(C)(C)C,0.033087447031645
N(C)(C)CCCN(C(=O)CCCCCCC/C=C\C/C=C\CCCCC)C(CCCC(=O)OCCC#CCCCCCC)(CCCC(=O)OCCC#CCCCCCC)C(=O)NCCCC,0.8139210247735129
N(C)(C)CCCN(C(=O)CCCCCCC/C=C\CCCCCCCC)C(CCCC(=O)OCCC#CCCCCCC)(CCCC(=O)OCCC#CCCCCCC)C(=O)NC(C)(C)C,0.8382197683214462
N(C)(C)CCCN(C(=O)C)C(CCCC(=O)OCCCCCCCC/C=C\C/C=C\CCCCC)(CCCC(=O)OCCCCCCCC/C=C\C/C=C\CCCCC)C(=O)NCCCCCCCC/C=C\CCCCCCCC,-0.7284936106184773
N(C)(C)CCCN(C(=O)C)C(CCCC(=O)OCCCCCCCC/C=C\C/C=C\CCCCC)(CCCC(=O)OCCCCCCCC/C=C\C/C=C\CCCCC)C(=O)NC(C)(C)C,-1.4869935809294443
N(C)(C)CCCN(C(=O)CCCCCCC/C=C\C/C=C\CCCCC)C(CCCC(=O)OCCCCCCCC/C=C\C/C=C\CCCCC)(CCCC(=O)OCCCCCCCC/C=C\C/C=C\CCCCC)C(=O)NC12C[CH]3C[CH](C[CH](C3)C1)C2,0.4664140267111292
N(C)(C)CCCN(C(=O)CCCCCCC/C=C\C/C=C\CCCCC)C(CCCC(=O)OCCCCCCCC/C=C\C/C=C\CCCCC)(CCCC(=O)OCCCCCCCC/C=C\C/C=C\CCCCC)C(=O)NCCCCCCCC/C=C\CCCCCCCC,-0.2221178192508092
N(C)(C)CCCN(C(=O)C)C(CCCC(=O)OCCCCCCCC/C=C\C/C=C\CCCCC)(CCCC(=O)OCCCCCCCC/C=C\C/C=C\CCCCC)C(=O)NC12C[CH]3C[CH](C[CH](C3)C1)C2,-1.5562934433112194
N(C)(C)CCCN(C(=O)C)C(CCCC(=O)OCCCCCCCC/C=C\CCCCCCCC)(CCCC(=O)OCCC#CCCCCCC)C(=O)NCCCCCCCC/C=C\CCCCCCCC,-1.8903454139341245
N(C)(C)CCCN(C(=O)C)C(CCCC(=O)OCCCCCCCC/C=C\CCCCCCCC)(CCCC(=O)OCCCCCCCC/C=C\CCCCCCCC)C(=O)NCCCCCCCC/C=C\CCCCCCCC,-0.9355415682194432
N(C)(C)CCCN(C(=O)CCCCCCC/C=C\CCCCCCCC)C(CCCC(=O)OCCCCCCCC/C=C\C/C=C\CCCCC)(CCCC(=O)OCCCCCCCC/C=C\C/C=C\CCCCC)C(=O)NCCCCCCCC/C=C\CCCCCCCC,0.0119497531482305
N(C)(C)CCCN(C(=O)C)C(CCCC(=O)OCCC#CCCCCCC)(CCCC(=O)OCCC#CCCCCCC)C(=O)NCCCCCCCC/C=C\CCCCCCCC,-2.386300188305198
N(C)(C)CCCN(C(=O)C)C(CCCC(=O)OCCC#CCCCCCC)(CCCC(=O)OCCC#CCCCCCC)C(=O)NC(C)(C)C,-2.0987695039794945
CNCCCN(C(=O)CCCCCCCC/C=C\C/C=C\C/C=C\CC)C(CCCC(=O)OCCC#CCCCCCC)(CCCC(=O)OCCC#CCCCCCC)C(=O)NC12C[CH]3C[CH](C[CH](C3)C1)C2,-0.3773048773240251
N(C)(C)CCCN(C(=O)CCCCCCC/C=C\CCCCCCCC)C(CCCC(=O)OCCC#CCCCCCC)(CCCC(=O)OCCC#CCCCCCC)C(=O)NC12C[CH]3C[CH](C[CH](C3)C1)C2,0.6691217716069697
N(C)(C)CCCN(C(=O)CCCCCCCC/C=C\C/C=C\C/C=C\CC)C(CCCC(=O)OCCC#CCCCCCC)(CCCC(=O)OCCC#CCCCCCC)C(=O)NC12C[CH]3C[CH](C[CH](C3)C1)C2,0.5039486212548219
N(C)(C)CCCN(C(=O)CCCCCCC/C=C\C/C=C\CCCCC)C(CCCC(=O)OCCC#CCCCCCC)(CCCC(=O)OCCC#CCCCCCC)C(=O)NC12C[CH]3C[CH](C[CH](C3)C1)C2,0.9893473085042696
N(C)(C)CCCN(C(=O)CCCC\C=C/C\C=C/C\C=C/CCCCC)C(CCCC(=O)OCCC#CCCCCCC)(CCCC(=O)OCCC#CCCCCCC)C(=O)NC12C[CH]3C[CH](C[CH](C3)C1)C2,0.8463342190578249
N(C)(C)CCCN(C(=O)CC/C=C\C/C=C\C/C=C\C/C=C\C/C=C\C/C=C\CC)C(CCCC(=O)OCCC#CCCCCCC)(CCCC(=O)OCCC#CCCCCCC)C(=O)NC12C[CH]3C[CH](C[CH](C3)C1)C2,1.263623074040231
N(C)(C)CCCNCCCN(C(=O)CCCCCCCC/C=C\C/C=C\C/C=C\CC)C(CCCC(=O)OCCCCCCCC/C=C\CCCCCCCC)(CCCC(=O)OCCCCCCCC/C=C\CCCCCCCC)C(=O)NC12C[CH]3C[CH](C[CH](C3)C1)C2,-2.121950363463798
N(C)(C)CCCN(C(=O)CC/C=C\C/C=C\C/C=C\C/C=C\C/C=C\C/C=C\CC)C(CCCC(=O)OCCC#CCCCCCC)(CCCC(=O)OCCC#CCCCCCC)C(=O)NCCCC,0.4758285061738779
N(CC)(CC)CCCN(C(=O)CC/C=C\C/C=C\C/C=C\C/C=C\C/C=C\C/C=C\CC)C(CCCC(=O)OCCCCC#CCCCC)(CCCC(=O)OCCCCC#CCCCC)C(=O)NC12C[CH]3C[CH](C[CH](C3)C1)C2,-0.9910376862414506
N(CC)(CC)CCCN(C(=O)CCCCCCC/C=C\C/C=C\CCCCC)C(CCCC(=O)OCCCCC#CCCCC)(CCCC(=O)OCCCCC#CCCCC)C(=O)NC12C[CH]3C[CH](C[CH](C3)C1)C2,-1.0014445671970733
N(CC)(CC)CCCN(C(=O)CC/C=C\C/C=C\C/C=C\C/C=C\C/C=C\C/C=C\CC)C(CCCC(=O)OC(CCCCCCCC)CCCCCCCC)(CCCC(=O)OC(CCCCCCCC)CCCCCCCC)C(=O)NC12C[CH]3C[CH](C[CH](C3)C1)C2,-1.1283551646563577
N(CC)(CC)CCCN(C(=O)CC/C=C\C/C=C\C/C=C\C/C=C\C/C=C\C/C=C\CC)C(CCCC(=O)OC(CCCCCCCC)CCCCCCCC)(CCCC(=O)OC(CCCCCCCC)CCCCCCCC)C(=O)NCCCC,-0.7820408158917386
N(C)(C)CCCN(C(=O)CCCCCCC/C=C\C/C=C\CCCCC)C(CCCC(=O)OCCC#CCCCCCC)(CCCC(=O)OCCC#CCCCCCC)C(=O)NCCCCCCCC/C=C\CCCCCCCC,1.092624896004478
N(C)(C)CCCN(C(=O)CC/C=C\C/C=C\C/C=C\C/C=C\C/C=C\C/C=C\CC)C(CCCC(=O)OCCC#CCCCCCC)(CCCC(=O)OCCC#CCCCCCC)C(=O)NCCCCCCCC/C=C\CCCCCCCC,0.8003439901042931
CCN(CC)CCCCN(C(=O)CC/C=C\C/C=C\C/C=C\C/C=C\C/C=C\C/C=C\CC)C(CCCC(=O)OCCC#CCCCCCC)(CCCC(=O)OCCC#CCCCCCC)C(=O)NCCCCCCCC/C=C\CCCCCCCC,-0.7107164995602052
CCN(CC)CCCCN(C(=O)CC/C=C\C/C=C\C/C=C\C/C=C\C/C=C\C/C=C\CC)C(CCCC(=O)OCC(CCC)CCC)(CCCC(=O)OCC(CCC)CCC)C(=O)NCCCCCCCC/C=C\CCCCCCCC,0.6606055292310249
CCN(CC)CCCCN(C(=O)CC/C=C\C/C=C\C/C=C\C/C=C\C/C=C\C/C=C\CC)C(CCCC(=O)OCC(CCC)CCC)(CCCC(=O)OCC(CCC)CCC)C(=O)NCCCC,0.7715717927909855
CCN(CC)CCCCN(C(=O)CC/C=C\C/C=C\C/C=C\C/C=C\C/C=C\C/C=C\CC)C(CCCC(=O)OCC(CCC)CCC)(CCCC(=O)OCC(CCC)CCC)C(=O)NC(C)(C)C,0.5511061803437203
N(C)(C)CCCCN(C(=O)CC/C=C\C/C=C\C/C=C\C/C=C\C/C=C\C/C=C\CC)C(CCCC(=O)OCC(CCC)CCC)(CCCC(=O)OCC(CCC)CCC)C(=O)NCCCC,-0.4252107491516142
N(C)(C)CCCN(C(=O)CC/C=C\C/C=C\C/C=C\C/C=C\C/C=C\C/C=C\CC)C(CCCC(=O)OCC(CCC)CCC)(CCCC(=O)OCC(CCC)CCC)C(=O)NC12C[CH]3C[CH](C[CH](C3)C1)C2,0.3239718366158816
CCN(CC)CCCCN(C(=O)CC/C=C\C/C=C\C/C=C\C/C=C\C/C=C\C/C=C\CC)C(CCCC(=O)OCC(CCC)CCC)(CCCC(=O)OCC(CCC)CCC)C(=O)NC12C[CH]3C[CH](C[CH](C3)C1)C2,0.6357750113365933
CCN(CC)CCCCN(C(=O)CC/C=C\C/C=C\C/C=C\C/C=C\C/C=C\C/C=C\CC)C(CCCC(=O)OCC1=CC[C@@H](C(=C)C)CC1)(CCCC(=O)OCC2=CC[C@@H](C(=C)C)CC2)C(=O)NCCCCCCCC/C=C\CCCCCCCC,0.5001218002644549
CCN(CC)CCCCN(C(=O)CC/C=C\C/C=C\C/C=C\C/C=C\C/C=C\C/C=C\CC)C(CCCC(=O)OCC4=CC[C@@H](C(=C)C)CC4)(CCCC(=O)OCC5=CC[C@@H](C(=C)C)CC5)C(=O)NC12C[CH]3C[CH](C[CH](C3)C1)C2,0.4999122797733072
N(C)(C)CCCCN(C(=O)CC/C=C\C/C=C\C/C=C\C/C=C\C/C=C\C/C=C\CC)C(CCCC(=O)OCC1=CC[C@@H](C(=C)C)CC1)(CCCC(=O)OCC2=CC[C@@H](C(=C)C)CC2)C(=O)NCCCC,-0.3243697436384211
CCN(CC)CCCCN(C(=O)CC/C=C\C/C=C\C/C=C\C/C=C\C/C=C\C/C=C\CC)C(CCCC(=O)OCC1=CC[C@@H](C(=C)C)CC1)(CCCC(=O)OCC2=CC[C@@H](C(=C)C)CC2)C(=O)NC(C)(C)C,-0.3243697436384211
CCN(CC)CCCCN(C(=O)CC/C=C\C/C=C\C/C=C\C/C=C\C/C=C\C/C=C\CC)C(CCCC(=O)OCC1=CC[C@@H](C(=C)C)CC1)(CCCC(=O)OCC2=CC[C@@H](C(=C)C)CC2)C(=O)NCCCC,0.4999122797733072
N(C)(C)CCCCN(C(=O)CC/C=C\C/C=C\C/C=C\C/C=C\C/C=C\C/C=C\CC)C(CCCC(=O)O[C@H]1[C@H](C(=C)C)CC[C@@H](C)C1)(CCCC(=O)O[C@H]2[C@H](C(=C)C)CC[C@@H](C)C2)C(=O)NCCCC,0.51625399008425
N(C)(C)CCCN(C(=O)CCC/C=C\CCCCCC)C(CCCC(=O)OCCC#CCCCCCC)(CCCC(=O)OCCC#CCCCCCC)C(=O)NCCCC,0.2966574912009855
CCN(CC)CCCCN(C(=O)CCC/C=C\CCCCCC)C(CCCC(=O)OCC1=CC[C@@H](C(=C)C)CC1)(CCCC(=O)OCC2=CC[C@@H](C(=C)C)CC2)C(=O)NCCCC,-1.691066397793484
N(C)(C)CCCN(C(=O)CCC/C=C\CCCCCC)C(CCCC(=O)OCCC#CCCCCCC)(CCCC(=O)OCCC#CCCCCCC)C(=O)NCCCCCCCC/C=C\CCCCCCCC,0.9913920118875418
N(C)(C)CCCN(C(=O)CCCCC(=O)OC(CCCCCCCC)CCCCCCCC)C(CCCC(=O)OCCCCC#CCCCC)(CCCC(=O)OCCCCC#CCCCC)C(=O)NCCCC,0.9032611669341272
N(C)(C)CCCN(C(=O)CCCCC(=O)OC(CCCCCCCC)CCCCCCCC)C(CCCC(=O)OCCC#CCCCCC)(CCCC(=O)OCCC#CCCCCC)C(=O)NCCCC,1.0123110293423676
N(C)(C)CCCN(C(=O)CCCCC(=O)OC(CCCCCCCC)CCCCCCCC)C(CCCC(=O)OCCC#CCCCC)(CCCC(=O)OCCC#CCCCC)C(=O)NCCCC,0.6952985142011582
N(C)(C)CCCN(C(=O)CCCCC(=O)OC(CCCCCCCC)CCCCCCCC)C(CCCC(=O)OCCC#CCCC)(CCCC(=O)OCCC#CCCC)C(=O)NCCCC,0.7927046940765433
N(C)(C)CCCN(C(=O)CCCCC(=O)OC(CCCCCCCC)CCCCCCCC)C(CCCC(=O)OCCC#CCC)(CCCC(=O)OCCC#CCC)C(=O)NCCCC,0.3775015814551203
N(C)(C)CCCN(C(=O)CCCCC(=O)OC(CCCCCCCC)CCCCCCCC)C(CCCC(=O)OCCC#CC)(CCCC(=O)OCCC#CC)C(=O)NCCCC,-1.1970335624775594
N(C)(C)CCCN(C(=O)CCCCC(=O)OCC(CCCCCCCC)CCCCCC)C(CCCC(=O)OCCC#CCCCCCC)(CCCC(=O)OCCC#CCCCCCC)C(=O)NCCCC,1.1367719300309838
N(C)(C)CCCN(C(=O)CCCCC(=O)OCCC#CCCCCCC)C(CCCC(=O)OCCC#CCCCCCC)(CCCC(=O)OCCC#CCCCCCC)C(=O)NCCCC,-0.5626162432016204
CCN(CC)CCCCN(C(=O)CCCCC(=O)OC(CCCCCCCC)CCCCCCCC)C(CCCC(=O)OCC(CCC)CCC)(CCCC(=O)OCC(CCC)CCC)C(=O)NCCCC,0.1476506590598672
CCN(CC)CCCCN(C(=O)CCCCC(=O)OCC(CCC)CCC)C(CCCC(=O)OCC(CCC)CCC)(CCCC(=O)OCC(CCC)CCC)C(=O)NCCCC,-1.5108116566302203
N(C)(C)CCCN(C(=O)CCCCC(=O)OC(CCCCCCCC)CCCCCCCC)C(CCCC(=O)OCCC#CCCCCCC)(CCCC(=O)OCCC#CCCCCCC)C(=O)NCCCC,1.279020378414445
N(C)(C)CCCN(C(=O)CCCCC(=O)OCC(CCC)CCC)C(CCCC(=O)OCCC#CCCCCCC)(CCCC(=O)OCCC#CCCCCCC)C(=O)NCCCC,-0.7413197970949236
CCN(CC)CCCCN(C(=O)CCCCC(=O)OC(CCCCCCCC)CCCCCCCC)C(CCCC(=O)OCC1=CC[C@@H](C(=C)C)CC1)(CCCC(=O)OCC2=CC[C@@H](C(=C)C)CC2)C(=O)NCCCC,1.3599276793077837
CCN(CC)CCCCN(C(=O)CCCCC(=O)OCC(CCC)CCC)C(CCCC(=O)OCC1=CC[C@@H](C(=C)C)CC1)(CCCC(=O)OCC2=CC[C@@H](C(=C)C)CC2)C(=O)NCCCC,-2.14156721651442
N(C)(C)CCCN(C(=O)CCCCC(=O)OC(CCCCCCCC)CCCCCCCC)C(CCCC(=O)OCCCCCCCC/C=C\C/C=C\CCCCC)(CCCC(=O)OCCCCCCCC/C=C\C/C=C\CCCCC)C(=O)NC(C)(C)C,0.2534212288386999
N(C)(C)CCCN(C(=O)CC/C=C\C/C=C\C/C=C\C/C=C\C/C=C\C/C=C\CC)C(CCCC(=O)OCCC#CCCCCCC)(CCCC(=O)OCCC#CCCCCCC)C(=O)NC(C)(C)C,-1.2914892248194054
N(C)(C)CCCN(C(=O)CCCCCCCC/C=C\C/C=C\C/C=C\CC)C(CCCC(=O)OCCC#CCCCCCC)(CCCC(=O)OCCC#CCCCCCC)C(=O)NC(C)(C)C,-0.65668943634885
N(C)(C)CCCN(C(=O)CCCCCCC/C=C\CCCCCCCC)C(CCCC(=O)OCCC#CCCCCCC)(CCCC(=O)OCCC#CCCCCCC)C(=O)NC(C)(C)C,1.565109823298093
N(C)(C)CCCN(C(=O)CCCCCCC/C=C\CCCCCCCC)C(CCCC(=O)OCCCCCCCC/C=C\CCCCCCCC)(CCCC(=O)OCCCCCCCC/C=C\CCCCCCCC)C(=O)NC(C)(C)C,-1.6088891190546828
N(C)(C)CCCN(C(=O)CCCCCCC/C=C\C/C=C\CCCCC)C(CCCC(=O)OCCC#CCCCCCC)(CCCC(=O)OCCC#CCCCCCC)C(=O)NCCCC,1.2477099290628149
N(C)(C)CCCN(C(=O)CCCCCCC/C=C\CCCCCCCC)C(CCCC(=O)OCCC#CCCCCCC)(CCCC(=O)OCCC#CCCCCCC)C(=O)NC(C)(C)C,1.2477099290628149
N(C)(C)CCCN(C(=O)C)C(CCCC(=O)OCCCCCCCC/C=C\C/C=C\CCCCC)(CCCC(=O)OCCCCCCCC/C=C\C/C=C\CCCCC)C(=O)NCCCCCCCC/C=C\CCCCCCCC,-0.65668943634885
N(C)(C)CCCN(C(=O)CCCCCCC/C=C\C/C=C\CCCCC)C(CCCC(=O)OCCCCCCCC/C=C\C/C=C\CCCCC)(CCCC(=O)OCCCCCCCC/C=C\C/C=C\CCCCC)C(=O)NC12C[CH]3C[CH](C[CH](C3)C1)C2,0.2955102463569821
N(C)(C)CCCN(C(=O)CCCCCCC/C=C\C/C=C\CCCCC)C(CCCC(=O)OCCCCCCCC/C=C\C/C=C\CCCCC)(CCCC(=O)OCCCCCCCC/C=C\C/C=C\CCCCC)C(=O)NCCCCCCCC/C=C\CCCCCCCC,-0.9740893305841278
N(C)(C)CCCN(C(=O)CCCCCCC/C=C\CCCCCCCC)C(CCCC(=O)OCCCCCCCC/C=C\C/C=C\CCCCC)(CCCC(=O)OCCCCCCCC/C=C\C/C=C\CCCCC)C(=O)NCCCCCCCC/C=C\CCCCCCCC,-0.65668943634885
CNCCCN(C(=O)CCCCCCCC/C=C\C/C=C\C/C=C\CC)C(CCCC(=O)OCCC#CCCCCCC)(CCCC(=O)OCCC#CCCCCCC)C(=O)NC12C[CH]3C[CH](C[CH](C3)C1)C2,-0.9740893305841278
N(C)(C)CCCN(C(=O)CCCCCCC/C=C\CCCCCCCC)C(CCCC(=O)OCCC#CCCCCCC)(CCCC(=O)OCCC#CCCCCCC)C(=O)NC12C[CH]3C[CH](C[CH](C3)C1)C2,0.2955102463569821
N(C)(C)CCCN(C(=O)CCCCCCCC/C=C\C/C=C\C/C=C\CC)C(CCCC(=O)OCCC#CCCCCCC)(CCCC(=O)OCCC#CCCCCCC)C(=O)NC12C[CH]3C[CH](C[CH](C3)C1)C2,-0.65668943634885
N(C)(C)CCCN(C(=O)CCCCCCC/C=C\C/C=C\CCCCC)C(CCCC(=O)OCCC#CCCCCCC)(CCCC(=O)OCCC#CCCCCCC)C(=O)NC12C[CH]3C[CH](C[CH](C3)C1)C2,0.9303100348275376
N(C)(C)CCCN(C(=O)CCCC\C=C/C\C=C/C\C=C/CCCCC)C(CCCC(=O)OCCC#CCCCCCC)(CCCC(=O)OCCC#CCCCCCC)C(=O)NC12C[CH]3C[CH](C[CH](C3)C1)C2,0.6129101405922599
N(C)(C)CCCN(C(=O)CC/C=C\C/C=C\C/C=C\C/C=C\C/C=C\C/C=C\CC)C(CCCC(=O)OCCC#CCCCCCC)(CCCC(=O)OCCC#CCCCCCC)C(=O)NC12C[CH]3C[CH](C[CH](C3)C1)C2,0.2955102463569821
N(C)(C)CCCN(C(=O)CC/C=C\C/C=C\C/C=C\C/C=C\C/C=C\C/C=C\CC)C(CCCC(=O)OCCC#CCCCCCC)(CCCC(=O)OCCC#CCCCCCC)C(=O)NCCCC,0.6129101405922599
N(CC)(CC)CCCN(C(=O)CC/C=C\C/C=C\C/C=C\C/C=C\C/C=C\C/C=C\CC)C(CCCC(=O)OC(CCCCCCCC)CCCCCCCC)(CCCC(=O)OC(CCCCCCCC)CCCCCCCC)C(=O)NCCCC,-1.6088891190546828
N(C)(C)CCCN(C(=O)CC/C=C\C/C=C\C/C=C\C/C=C\C/C=C\C/C=C\CC)C(CCCC(=O)OCCC#CCCCCCC)(CCCC(=O)OCCC#CCCCCCC)C(=O)NCCCCCCCC/C=C\CCCCCCCC,-0.021889647878295
CCN(CC)CCCCN(C(=O)CC/C=C\C/C=C\C/C=C\C/C=C\C/C=C\C/C=C\CC)C(CCCC(=O)OCCC#CCCCCCC)(CCCC(=O)OCCC#CCCCCCC)C(=O)NCCCCCCCC/C=C\CCCCCCCC,-0.65668943634885
CCN(CC)CCCCN(C(=O)CC/C=C\C/C=C\C/C=C\C/C=C\C/C=C\C/C=C\CC)C(CCCC(=O)OCC(CCC)CCC)(CCCC(=O)OCC(CCC)CCC)C(=O)NCCCC,-0.021889647878295
N(C)(C)CCCN(C(=O)CC/C=C\C/C=C\C/C=C\C/C=C\C/C=C\C/C=C\CC)C(CCCC(=O)OCC(CCC)CCC)(CCCC(=O)OCC(CCC)CCC)C(=O)NC12C[CH]3C[CH](C[CH](C3)C1)C2,2.517309506003925
CCN(CC)CCCCN(C(=O)CC/C=C\C/C=C\C/C=C\C/C=C\C/C=C\C/C=C\CC)C(CCCC(=O)OCC1=CC[C@@H](C(=C)C)CC1)(CCCC(=O)OCC2=CC[C@@H](C(=C)C)CC2)C(=O)NCCCCCCCC/C=C\CCCCCCCC,-0.9740893305841278
CCN(CC)CCCCN(C(=O)CC/C=C\C/C=C\C/C=C\C/C=C\C/C=C\C/C=C\CC)C(CCCC(=O)OCC4=CC[C@@H](C(=C)C)CC4)(CCCC(=O)OCC5=CC[C@@H](C(=C)C)CC5)C(=O)NC12C[CH]3C[CH](C[CH](C3)C1)C2,-0.3392895421135729
CCN(CC)CCCCN(C(=O)CC/C=C\C/C=C\C/C=C\C/C=C\C/C=C\C/C=C\CC)C(CCCC(=O)OCC1=CC[C@@H](C(=C)C)CC1)(CCCC(=O)OCC2=CC[C@@H](C(=C)C)CC2)C(=O)NCCCC,-0.021889647878295
CCN(CC)CCCCN(C(=O)CC/C=C\C/C=C\C/C=C\C/C=C\C/C=C\C/C=C\CC)C(CCCC(=O)O[C@H]4[C@H](C(=C)C)CC[C@@H](C)C4)(CCCC(=O)O[C@H]5[C@H](C(=C)C)CC[C@@H](C)C5)C(=O)NC12C[CH]3C[CH](C[CH](C3)C1)C2,-0.65668943634885
CCN(CC)CCCCN(C(=O)CC/C=C\C/C=C\C/C=C\C/C=C\C/C=C\C/C=C\CC)C(CCCC(=O)O[C@H]1[C@H](C(=C)C)CC[C@@H](C)C1)(CCCC(=O)O[C@H]2[C@H](C(=C)C)CC[C@@H](C)C2)C(=O)NCCCC,-0.021889647878295
N(C)(C)CCCCN(C(=O)CC/C=C\C/C=C\C/C=C\C/C=C\C/C=C\C/C=C\CC)C(CCCC(=O)O[C@H]1[C@H](C(=C)C)CC[C@@H](C)C1)(CCCC(=O)O[C@H]2[C@H](C(=C)C)CC[C@@H](C)C2)C(=O)NCCCC,1.565109823298093
N(C)(C)CCCN(C(=O)CCCCC(=O)OC(CCCCCCCC)CCCCCCCC)C(CCCC(=O)OCCCCCCCC/C=C\C/C=C\CCCCC)(CCCC(=O)OCCCCCCCC/C=C\C/C=C\CCCCC)C(=O)NC(C)(C)C,0.6129101405922599
O=C(CCCC(CCCC(OCCC#CCCCCCC)=O)(C(NCCCC)=O)N(CCCN(C)C)C(CCCCC(OC(CCCCCCCC)CCCCCCCC)=O)=O)OCCC#CCCCCCC,1.5132342052392234
CCCCNC(C(CCCC(O[C@H]1C[C@@H](C)CC[C@@H]1C(C)=C)=O)(N(CCCCN(C)C)C(CCCCC(OC(CCCCCCCC)CCCCCCCC)=O)=O)CCCC(O[C@H]2C[C@@H](C)CC[C@@H]2C(C)=C)=O)=O,1.0533146274449037
O=C(CCCC(CCCC(OCCC#CCCCCCC)=O)(C(NCCCC)=O)N(CCCN(C)C)C(CSCC(OC(CCCCCCCC)CCCCCCCC)=O)=O)OCCC#CCCCCCC,1.1677048814091315
O=C(CCCCC(OCC(CCCCCCCCCC)CCCCCCCCCCCC)=O)N(C(CCCC(OCCC#CCCCCCC)=O)(C(NC1(C2)C[C@H](C[C@H]2C3)C[C@H]3C1)=O)CCCC(OCCC#CCCCCCC)=O)CCN(C)C,-0.7745708740453423
O=C(CCCCC(OCC(CCCCCCCCCC)CCCCCCCCCCCC)=O)N(C(CCCC(OCCC#CCCCCCC)=O)(C(NC1(C2)C[C@H](C[C@H]2C3)C[C@H]3C1)=O)CCCC(OCCC#CCCCCCC)=O)CCCN(C)C,-1.2226976421526283
CN(C)CCCN(C(CCCC(OCCC#CCCCCCC)=O)(C(NCCCC)=O)CCCC(OCCC#CCCCCCC)=O)C(CCCCC(OC(CCC(CC)CC)CCC(CC)CCCC)=O)=O,0.6051878593376173
O=C(CCCC(CCCC(OCCC#CCCCCCC)=O)(C(NCCCC)=O)N(CCCN(C)C)C(CCCC(OC(CCCCCCCC)CCCCCCCC)=O)=O)OCCC#CCCCCCC,0.6051878593376173
O=C(CCCCC(OCC(CCCCCCCCCC)CCCCCCCCCCCC)=O)N(C(CCCC(OCCC#CCCCCCC)=O)(C(NC1(C2)C[C@H](C[C@H]2C3)C[C@H]3C1)=O)CCCC(OCCC#CCCCCCC)=O)CCCN(C)C,0.5344310012154143
CCCCNC(C(CCCC(O[C@H]1C[C@@H](C)CC[C@@H]1C(C)=C)=O)(N(CCCN(C)C)C(CC/C=C\C/C=C\C/C=C\C/C=C\C/C=C\C/C=C\CC)=O)CCCC(O[C@H]2C[C@@H](C)CC[C@@H]2C(C)=C)=O)=O,-1.3760041680840682
O=C(CCCC(CCCC(OCCC#CCCCCCC)=O)(C(NCCCCCCCC/C=C\CCCCCCCC)=O)N(CCCN(C)C)C(CCCCC(OC(CCCCCCCC)CCCCCCCC)=O)=O)OCCC#CCCCCCC,0.5268848459778537
O=C(CCCC(CCCC(OCCC#CCCCCCC)=O)(C(NCCCC)=O)N(CCCN(C)C)C(CCCCCCCCC(OC(CCCCCCCC)CCCCCCCC)=O)=O)OCCC#CCCCCCC,0.4945411714859276
O=C(CCCC(CCCC(OCCC#CCCCCCC)=O)(C(NCCCCCCCC/C=C\CCCCCCCC)=O)N(CCCN(C)C)C(CCCCCCCCC(OC(CCCCCCCC)CCCCCCCC)=O)=O)OCCC#CCCCCCC,0.000539429092024
C=CCCN(CCC(=O)OCCCCCCCCCCCCCC)CCC(=O)OCCCCCCCCCCCCCC,0.0051305835601997
CCCCCCCCCCCCCCOC(=O)CCN(C)c1ccccc1N(CCC(=O)OCCCCCCCCCCCCCC)CCC(=O)OCCCCCCCCCCCCCC,-0.6181399909805828
CCCCCCCCCCCCCCOC(=O)CCN(C)CCN(CCN(C)CCC(=O)OCCCCCCCCCCCCCC)CCN(C)CCC(=O)OCCCCCCCCCCCCCC,1.5421836145942265
CCCCCCCCCCCCCCOC(=O)CCN(C)CCOCCOCCN(C)CCC(=O)OCCCCCCCCCCCCCC,-0.2678087156138258
CCCCCCCCCCCCCCOC(=O)CCN(C)CCOCCOCCN(C)CCC(=O)OCCCCCCCCCCCCCC,-0.0006936879478416
CCCCCCCCCCCCCCOC(=O)CCN(CC)CCN(CCC(=O)OCCCCCCCCCCCCCC)CCC(=O)OCCCCCCCCCCCCCC,0.5584137455913046
CCCCCCCCCCCCCCOC(=O)CCN(CCC(=O)OCCCCCCCCCCCCCC)C(C)c1ccc(C)cc1,-0.789180109969772
CCCCCCCCCCCCCCOC(=O)CCN(CCC(=O)OCCCCCCCCCCCCCC)C(CO)C(C)(C)C,-0.2753480648368655
CCCCCCCCCCCCCCOC(=O)CCN(CCC(=O)OCCCCCCCCCCCCCC)C[C@@H](C)O,-1.2771475721062835
CCCCCCCCCCCCCCOC(=O)CCN(CCC(=O)OCCCCCCCCCCCCCC)C1CC1,-0.1452148861220824
CCCCCCCCCCCCCCOC(=O)CCN(CCC(=O)OCCCCCCCCCCCCCC)c1ccc(-c2ccc(N(CCC(=O)OCCCCCCCCCCCCCC)CCC(=O)OCCCCCCCCCCCCCC)c(N(CCC(=O)OCCCCCCCCCCCCCC)CCC(=O)OCCCCCCCCCCCCCC)c2)cc1N(CCC(=O)OCCCCCCCCCCCCCC)CCC(=O)OCCCCCCCCCCCCCC,-0.4383850762149041
CCCCCCCCCCCCCCOC(=O)CCN(CCC(=O)OCCCCCCCCCCCCCC)c1ccc(-c2ccccc2)cc1,-0.9381930025706382
CCCCCCCCCCCCCCOC(=O)CCN(CCC(=O)OCCCCCCCCCCCCCC)c1ccc(C)c(F)c1,-0.2649701090035989
CCCCCCCCCCCCCCOC(=O)CCN(CCC(=O)OCCCCCCCCCCCCCC)c1ccc(N(CCC(=O)OCCCCCCCCCCCCCC)c2ccccc2)cc1,-0.4264893727046062
CCCCCCCCCCCCCCOC(=O)CCN(CCC(=O)OCCCCCCCCCCCCCC)c1ccc(OC)c(F)c1,-0.0471606420701974
CCCCCCCCCCCCCCOC(=O)CCN(CCC(=O)OCCCCCCCCCCCCCC)c1ccc2c(c1)CCCC2,-0.5304471840492062
CCCCCCCCCCCCCCOC(=O)CCN(CCC(=O)OCCCCCCCCCCCCCC)c1ccc2c(c1)OCCO2,2.369891543407016
CCCCCCCCCCCCCCOC(=O)CCN(CCC(=O)OCCCCCCCCCCCCCC)c1cccc(C)c1N(CCC(=O)OCCCCCCCCCCCCCC)CCC(=O)OCCCCCCCCCCCCCC,-0.904072277486182
CCCCCCCCCCCCCCOC(=O)CCN(CCC(=O)OCCCCCCCCCCCCCC)CC(CC)CCCC,-1.0772352717118658
CCCCCCCCCCCCCCOC(=O)CCN(CCC(=O)OCCCCCCCCCCCCCC)CCC1CCC(C)CC1,0.1576502319034739
CCCCCCCCCCCCCCOC(=O)CCN(CCC(=O)OCCCCCCCCCCCCCC)CCN(CCC(=O)OCCCCCCCCCCCCCC)Cc1ccccc1,-0.8211024687040852
CCCCCCCCCCCCCCOC(=O)CCN(CCC(=O)OCCCCCCCCCCCCCC)CCN(CCC(=O)OCCCCCCCCCCCCCC)CCC(=O)OCCCCCCCCCCCCCC,1.2324943300834157
CCCCCCCCCCCCCCOC(=O)CCN(CCC(=O)OCCCCCCCCCCCCCC)CCN(CCC(=O)OCCCCCCCCCCCCCC)CCN(CC)CC,0.6375221174179946
CCCCCCCCCCCCCCOC(=O)CCN(CCC(=O)OCCCCCCCCCCCCCC)CCN(CCC(=O)OCCCCCCCCCCCCCC)CCN(CCC(=O)OCCCCCCCCCCCCCC)CCN(CCC(=O)OCCCCCCCCCCCCCC)CCN(CCC(=O)OCCCCCCCCCCCCCC)CCC(=O)OCCCCCCCCCCCCCC,0.9715903622682512
CCCCCCCCCCCCCCOC(=O)CCN(CCC(=O)OCCCCCCCCCCCCCC)CCN(CCC(=O)OCCCCCCCCCCCCCC)CCN(CCC(=O)OCCCCCCCCCCCCCC)CCN(CCC(=O)OCCCCCCCCCCCCCC)CCN(CCC(=O)OCCCCCCCCCCCCCC)CCN(CCC(=O)OCCCCCCCCCCCCCC)CCC(=O)OCCCCCCCCCCCCCC,-0.2432449603751196
CCCCCCCCCCCCCCOC(=O)CCN(CCC(=O)OCCCCCCCCCCCCCC)CCN(CCC(=O)OCCCCCCCCCCCCCC)CCN1CCN(CCN(CCC(=O)OCCCCCCCCCCCCCC)CCC(=O)OCCCCCCCCCCCCCC)CC1,2.5300063527540897
CCCCCCCCCCCCCCOC(=O)CCN(CCC)CCCN(CCC(=O)OCCCCCCCCCCCCCC)CCC(=O)OCCCCCCCCCCCCCC,-0.2391434415219033
CCCCCCCCCCCCCCOC(=O)CCN(CCCc1ccccc1)CCC(=O)OCCCCCCCCCCCCCC,-0.2649973976785379
CCCCCCCCCCCCCCOC(=O)CCN(CCCCCCCCN(CCC(=O)OCCCCCCCCCCCCCC)CCC(=O)OCCCCCCCCCCCCCC)CCC(=O)OCCCCCCCCCCCCCC,0.172519560137919
CCCCCCCCCCCCCCOC(=O)CCN(CCCCCO)CCC(=O)OCCCCCCCCCCCCCC,-0.4759280134349911
CCCCCCCCCCCCCCOC(=O)CCN(CCCN(C)C)CCC(=O)OCCCCCCCCCCCCCC,-0.6440780554132975
CCCCCCCCCCCCCCOC(=O)CCN(CCCN(C)C)CCC(=O)OCCCCCCCCCCCCCC,-0.0190863085277553
CCCCCCCCCCCCCCOC(=O)CCN(CCCOCCOCCOCCCN(CCC(=O)OCCCCCCCCCCCCCC)CCC(=O)OCCCCCCCCCCCCCC)CCC(=O)OCCCCCCCCCCCCCC,-0.2112527936799587
CCCCCCCCCCCCCCOC(=O)CCN1CC[C@@H](N(CCC(=O)OCCCCCCCCCCCCCC)CCC(=O)OCCCCCCCCCCCCCC)C1,0.5738892032421596
CCCCCCCCCCCCCCOC(=O)CCN1CCCN(CCC(=O)OCCCCCCCCCCCCCC)CCCN(CCC(=O)OCCCCCCCCCCCCCC)CCN(CCC(=O)OCCCCCCCCCCCCCC)CCC1,0.0261220389511096
CCCCCCCCCCCCCOC(=O)CCN(CC)CCN(CCC(=O)OCCCCCCCCCCCCC)CCC(=O)OCCCCCCCCCCCCC,0.4793203658382152
CCCCCCCCCCCCCOC(=O)CCN(CCC(=O)OCCCCCCCCCCCCC)[C@@H](c1ccccc1)[C@@H](c1ccccc1)N(CCC(=O)OCCCCCCCCCCCCC)CCC(=O)OCCCCCCCCCCCCC,-0.1217898963530082
CCCCCCCCCCCCCOC(=O)CCN(CCC(=O)OCCCCCCCCCCCCC)[C@H]1CCCC[C@H]1N(CCC(=O)OCCCCCCCCCCCCC)CCC(=O)OCCCCCCCCCCCCC,1.126211799144658
CCCCCCCCCCCCCOC(=O)CCN(CCC(=O)OCCCCCCCCCCCCC)C[C@@H]1CCCN1CC,0.0089035470056856
CCCCCCCCCCCCCOC(=O)CCN(CCC(=O)OCCCCCCCCCCCCC)c1c(-c2ccccc2)cc(-c2ccccc2)cc1-c1ccccc1,-0.4462551515357262
CCCCCCCCCCCCCOC(=O)CCN(CCC(=O)OCCCCCCCCCCCCC)c1c(F)cc(F)cc1F,-0.4316612445102116
CCCCCCCCCCCCCOC(=O)CCN(CCC(=O)OCCCCCCCCCCCCC)c1c(N(CCC(=O)OCCCCCCCCCCCCC)CCC(=O)OCCCCCCCCCCCCC)c2ccccc2c2ccccc12,0.2472301318096
CCCCCCCCCCCCCOC(=O)CCN(CCC(=O)OCCCCCCCCCCCCC)c1cc(C(C)(C)C)ccc1OC,-0.7267224157368869
CCCCCCCCCCCCCOC(=O)CCN(CCC(=O)OCCCCCCCCCCCCC)c1cc(C)c(C)cc1N(CCC(=O)OCCCCCCCCCCCCC)CCC(=O)OCCCCCCCCCCCCC,-1.2771475721062835
CCCCCCCCCCCCCOC(=O)CCN(CCC(=O)OCCCCCCCCCCCCC)c1cc(F)ccc1F,-0.2847912165773075
CCCCCCCCCCCCCOC(=O)CCN(CCC(=O)OCCCCCCCCCCCCC)c1ccc(Cc2ccc(N(CCC(=O)OCCCCCCCCCCCCC)CCC(=O)OCCCCCCCCCCCCC)cc2)cc1,-0.5430780776190598
CCCCCCCCCCCCCOC(=O)CCN(CCC(=O)OCCCCCCCCCCCCC)c1ccc(F)cc1,-0.1650580106948897
CCCCCCCCCCCCCOC(=O)CCN(CCC(=O)OCCCCCCCCCCCCC)c1ccc(N(CCC(=O)OCCCCCCCCCCCCC)CCC(=O)OCCCCCCCCCCCCC)cc1,-0.3653365494378031
CCCCCCCCCCCCCOC(=O)CCN(CCC(=O)OCCCCCCCCCCCCC)c1ccc(Oc2ccc(F)cc2)cc1,-0.7553278944739984
CCCCCCCCCCCCCOC(=O)CCN(CCC(=O)OCCCCCCCCCCCCC)c1ccc(OCCCCCCCC)cc1,-0.7270153754058253
CCCCCCCCCCCCCOC(=O)CCN(CCC(=O)OCCCCCCCCCCCCC)c1cccc(C)c1N(CCC(=O)OCCCCCCCCCCCCC)CCC(=O)OCCCCCCCCCCCCC,-0.7356751286845682
CCCCCCCCCCCCCOC(=O)CCN(CCC(=O)OCCCCCCCCCCCCC)C1CCCCC1,-0.3130123460162317
CCCCCCCCCCCCCOC(=O)CCN(CCC(=O)OCCCCCCCCCCCCC)c1ccccc1OCC,-1.2771475721062835
CCCCCCCCCCCCCOC(=O)CCN(CCC(=O)OCCCCCCCCCCCCC)C1CCCCCCC1,-0.2773497451999357
CCCCCCCCCCCCCOC(=O)CCN(CCC(=O)OCCCCCCCCCCCCC)C1CCN(C)CC1,-1.2771475721062835
CCCCCCCCCCCCCOC(=O)CCN(CCC(=O)OCCCCCCCCCCCCC)CC[C@H](C)O,-0.7653828945642567
CCCCCCCCCCCCCOC(=O)CCN(CCC(=O)OCCCCCCCCCCCCC)CC12C[C@H]3C[C@@H](C1)C[C@@H](C2)C3,-0.5236349444323694
CCCCCCCCCCCCCOC(=O)CCN(CCC(=O)OCCCCCCCCCCCCC)CC1CCCC(CN(CCC(=O)OCCCCCCCCCCCCC)CCC(=O)OCCCCCCCCCCCCC)C1,-0.4477407145583329
CCCCCCCCCCCCCOC(=O)CCN(CCC(=O)OCCCCCCCCCCCCC)Cc1cccc(CN(CCC(=O)OCCCCCCCCCCCCC)CCC(=O)OCCCCCCCCCCCCC)c1,1.4166408489959603
CCCCCCCCCCCCCOC(=O)CCN(CCC(=O)OCCCCCCCCCCCCC)Cc1cccc(F)c1,-0.2672280023540133
CCCCCCCCCCCCCOC(=O)CCN(CCC(=O)OCCCCCCCCCCCCC)Cc1cccc(N(CCC(=O)OCCCCCCCCCCCCC)CCC(=O)OCCCCCCCCCCCCC)c1,-0.9929856145336268
CCCCCCCCCCCCCOC(=O)CCN(CCC(=O)OCCCCCCCCCCCCC)CC1CCCCC1,-0.4998323321188951
CCCCCCCCCCCCCOC(=O)CCN(CCC(=O)OCCCCCCCCCCCCC)Cc1ccccc1N(CCC(=O)OCCCCCCCCCCCCC)CCC(=O)OCCCCCCCCCCCCC,-1.0971955658400063
CCCCCCCCCCCCCOC(=O)CCN(CCC(=O)OCCCCCCCCCCCCC)Cc1ccccc1OC,-0.652075617030634
CCCCCCCCCCCCCOC(=O)CCN(CCC(=O)OCCCCCCCCCCCCC)Cc1ccccc1OCC,-0.590629160226827
CCCCCCCCCCCCCOC(=O)CCN(CCC(=O)OCCCCCCCCCCCCC)CC1CCCN1C,2.370957328368801
CCCCCCCCCCCCCOC(=O)CCN(CCC(=O)OCCCCCCCCCCCCC)CC1CCCO1,-0.1450250819380868
CCCCCCCCCCCCCOC(=O)CCN(CCC(=O)OCCCCCCCCCCCCC)CCC(C)C,-0.6702510254829287
CCCCCCCCCCCCCOC(=O)CCN(CCC(=O)OCCCCCCCCCCCCC)CCC1OCCO1,-0.1869074849997527
CCCCCCCCCCCCCOC(=O)CCN(CCC(=O)OCCCCCCCCCCCCC)CCN(C)C,0.6225805541049794
CCCCCCCCCCCCCOC(=O)CCN(CCC(=O)OCCCCCCCCCCCCC)CCN(C)CCN(CCC(=O)OCCCCCCCCCCCCC)CCC(=O)OCCCCCCCCCCCCC,2.477401975266524
CCCCCCCCCCCCCOC(=O)CCN(CCC(=O)OCCCCCCCCCCCCC)CCN(CCC(=O)OCCCCCCCCCCCCC)CCN(CCC(=O)OCCCCCCCCCCCCC)CCC(=O)OCCCCCCCCCCCCC,0.7896300621903662
CCCCCCCCCCCCCOC(=O)CCN(CCC(=O)OCCCCCCCCCCCCC)CCN(CCCCCCCCCCCC)CCN(CCC(=O)OCCCCCCCCCCCCC)CCC(=O)OCCCCCCCCCCCCC,0.2844212979725818
CCCCCCCCCCCCCOC(=O)CCN(CCC(=O)OCCCCCCCCCCCCC)CCN1CCCCC1,0.3423323864766474
CCCCCCCCCCCCCOC(=O)CCN(CCC)CCC(=O)OCCCCCCCCCCCCC,0.1366056602040668
CCCCCCCCCCCCCOC(=O)CCN(CCC)CCCN(CCC(=O)OCCCCCCCCCCCCC)CCC(=O)OCCCCCCCCCCCCC,-0.3410111347741174
CCCCCCCCCCCCCOC(=O)CCN(CCCCCCCCN(CCC(=O)OCCCCCCCCCCCCC)CCC(=O)OCCCCCCCCCCCCC)CCC(=O)OCCCCCCCCCCCCC,0.1325721364276984
CCCCCCCCCCCCCOC(=O)CCN(CCCCO)CCC(=O)OCCCCCCCCCCCCC,0.8186805622053047
CCCCCCCCCCCCCOC(=O)CCN(CCCN(CCC(=O)OCCCCCCCCCCCCC)CCC(=O)OCCCCCCCCCCCCC)CCCN(CCC(=O)OCCCCCCCCCCCCC)CCC(=O)OCCCCCCCCCCCCC,1.4197451921979627
CCCCCCCCCCCCCOC(=O)CCN(CCCN(CCC(=O)OCCCCCCCCCCCCC)CCN(CCC(=O)OCCCCCCCCCCCCC)CCC(=O)OCCCCCCCCCCCCC)CCN(CCC(=O)OCCCCCCCCCCCCC)CCC(=O)OCCCCCCCCCCCCC,-0.3227030816547178
CCCCCCCCCCCCCOC(=O)CCN(CCCN1CCN(CCCN(CCC(=O)OCCCCCCCCCCCCC)CCC(=O)OCCCCCCCCCCCCC)CC1)CCC(=O)OCCCCCCCCCCCCC,2.1091765031510192
CCCCCCCCCCCCCOC(=O)CCN(CCCn1ccnc1)CCC(=O)OCCCCCCCCCCCCC,-0.1028937532056797
CCCCCCCCCCCCCOC(=O)CCN(CCCN1CCOCC1)CCC(=O)OCCCCCCCCCCCCC,0.1050426401248692
CCCCCCCCCCCCCOC(=O)CCN(CCN(CCC(=O)OCCCCCCCCCCCCC)C(C)C)C(C)C,-0.6135713921064014
CCCCCCCCCCCCCOC(=O)CCN(CCOCC)CCC(=O)OCCCCCCCCCCCCC,-0.446675716769863
CCCCCCCCCCCCCOC(=O)CCN(CCOCCN1CCCC1)CCC(=O)OCCCCCCCCCCCCC,1.2345987007835604
CCCCCCCCCCCCCOC(=O)CCN1CCC(N(CCC(=O)OCCCCCCCCCCCCC)CCC(=O)OCCCCCCCCCCCCC)CC1,-0.292712672847272
CCCCCCCCCCCCCOC(=O)CCN1CCCN(CCC(=O)OCCCCCCCCCCCCC)CCN(CCC(=O)OCCCCCCCCCCCCC)CCN(CCC(=O)OCCCCCCCCCCCCC)CC1,0.0758810234403194
CCCCCCCCCCCCCOC(=O)CCN1CCN(CCC(=O)OCCCCCCCCCCCCC)[C@H](C)C1,-0.3017896935810344
CCCCCCCCCCCCCOC(=O)CCN1CCN(CCC(=O)OCCCCCCCCCCCCC)C2C1N(CCC(=O)OCCCCCCCCCCCCC)CCN2CCC(=O)OCCCCCCCCCCCCC,1.1614991926074083
CCCCCCCCCCCCOC(=O)CCN(C)CCCN(CCC(=O)OCCCCCCCCCCCC)CCC(=O)OCCCCCCCCCCCC,0.8365878844727457
CCCCCCCCCCCCOC(=O)CCN(C)CCN(C)CCC(=O)OCCCCCCCCCCCC,-0.8034396174220315
CCCCCCCCCCCCOC(=O)CCN(CC(C)N(CCC(=O)OCCCCCCCCCCCC)CCC(=O)OCCCCCCCCCCCC)CC(C)N(CCC(=O)OCCCCCCCCCCCC)CCC(=O)OCCCCCCCCCCCC,3.3657124335642026
CCCCCCCCCCCCOC(=O)CCN(CC)CCN(CC)CCC(=O)OCCCCCCCCCCCC,0.1976560793786374
CCCCCCCCCCCCOC(=O)CCN(CCC(=O)OCCCCCCCCCCCC)C[C@H]1CCCN1CC,0.0656940764047585
CCCCCCCCCCCCOC(=O)CCN(CCC(=O)OCCCCCCCCCCCC)c1c(C)c(C)c(N(CCC(=O)OCCCCCCCCCCCC)CCC(=O)OCCCCCCCCCCCC)c(C)c1C,-0.8656936782669907
CCCCCCCCCCCCOC(=O)CCN(CCC(=O)OCCCCCCCCCCCC)c1c(N(CCC(=O)OCCCCCCCCCCCC)CCC(=O)OCCCCCCCCCCCC)c2ccccc2c2ccccc12,-0.4663822369552509
CCCCCCCCCCCCOC(=O)CCN(CCC(=O)OCCCCCCCCCCCC)c1cc(C(C)(C)C)ccc1OC,-1.1510056781633686
CCCCCCCCCCCCOC(=O)CCN(CCC(=O)OCCCCCCCCCCCC)c1ccc(-c2ccccc2)cc1,-1.2771475721062835
CCCCCCCCCCCCOC(=O)CCN(CCC(=O)OCCCCCCCCCCCC)c1ccc(F)cc1,-0.2454952742006547
CCCCCCCCCCCCOC(=O)CCN(CCC(=O)OCCCCCCCCCCCC)c1ccc(OC(F)(F)F)cc1,-0.2519171653044904
CCCCCCCCCCCCOC(=O)CCN(CCC(=O)OCCCCCCCCCCCC)C1CCC1,-0.7853749260892563
CCCCCCCCCCCCOC(=O)CCN(CCC(=O)OCCCCCCCCCCCC)c1cccc(OC(C)C)c1,-0.8507047175788846
CCCCCCCCCCCCOC(=O)CCN(CCC(=O)OCCCCCCCCCCCC)c1ccccc1Oc1ccccc1,-1.2771475721062835
CCCCCCCCCCCCOC(=O)CCN(CCC(=O)OCCCCCCCCCCCC)c1ccccc1OCC,-1.124692990793661
CCCCCCCCCCCCOC(=O)CCN(CCC(=O)OCCCCCCCCCCCC)C1CCCCCCC1,-0.3351573263764402
CCCCCCCCCCCCOC(=O)CCN(CCC(=O)OCCCCCCCCCCCC)CC(C)N(CCC(=O)OCCCCCCCCCCCC)CCC(=O)OCCCCCCCCCCCC,2.535212967527396
CCCCCCCCCCCCOC(=O)CCN(CCC(=O)OCCCCCCCCCCCC)CC1CCCC(CN(CCC(=O)OCCCCCCCCCCCC)CCC(=O)OCCCCCCCCCCCC)C1,-1.1546759393449115
CCCCCCCCCCCCOC(=O)CCN(CCC(=O)OCCCCCCCCCCCC)Cc1cccc(CN(CCC(=O)OCCCCCCCCCCCC)CCC(=O)OCCCCCCCCCCCC)c1,3.6910883349677657
CCCCCCCCCCCCOC(=O)CCN(CCC(=O)OCCCCCCCCCCCC)Cc1cccc(N(CCC(=O)OCCCCCCCCCCCC)CCC(=O)OCCCCCCCCCCCC)c1,-0.9781945921537768
CCCCCCCCCCCCOC(=O)CCN(CCC(=O)OCCCCCCCCCCCC)CC1CCCCC1,-0.1646737091041762
CCCCCCCCCCCCOC(=O)CCN(CCC(=O)OCCCCCCCCCCCC)CC1CCCN1C,-0.2427344069187727
CCCCCCCCCCCCOC(=O)CCN(CCC(=O)OCCCCCCCCCCCC)CC1CCCO1,-0.6838559267620953
CCCCCCCCCCCCOC(=O)CCN(CCC(=O)OCCCCCCCCCCCC)CC1CCN(C)CC1,-1.2025093667087257
CCCCCCCCCCCCOC(=O)CCN(CCC(=O)OCCCCCCCCCCCC)Cc1nccn1C,-0.20372941453373
CCCCCCCCCCCCOC(=O)CCN(CCC(=O)OCCCCCCCCCCCC)CCC(c1ccccc1)c1ccccc1,0.3203220843146091
CCCCCCCCCCCCOC(=O)CCN(CCC(=O)OCCCCCCCCCCCC)CCc1ccc(OC)cc1,-0.9845661399460224
CCCCCCCCCCCCOC(=O)CCN(CCC(=O)OCCCCCCCCCCCC)CCN(C)CCN(C)CCN(CCC(=O)OCCCCCCCCCCCC)CCC(=O)OCCCCCCCCCCCC,4.313500646093793
CCCCCCCCCCCCOC(=O)CCN(CCC(=O)OCCCCCCCCCCCC)CCN(CCC(=O)OCCCCCCCCCCCC)C(C)C,-1.1415769996777512
CCCCCCCCCCCCOC(=O)CCN(CCC(=O)OCCCCCCCCCCCC)CCN(CCC(=O)OCCCCCCCCCCCC)CCN(CC)CC,0.4912841538768742
CCCCCCCCCCCCOC(=O)CCN(CCC(=O)OCCCCCCCCCCCC)CCN(CCCCCCCCCCCC)CCN(CCC(=O)OCCCCCCCCCCCC)CCC(=O)OCCCCCCCCCCCC,0.3573699252998181
CCCCCCCCCCCCOC(=O)CCN(CCC(=O)OCCCCCCCCCCCC)CCN1CCN(CCC(=O)OCCCCCCCCCCCC)CC1,1.5387846002176675
CCCCCCCCCCCCOC(=O)CCN(CCCCC)CCC(=O)OCCCCCCCCCCCC,0.0625932933729786
CCCCCCCCCCCCOC(=O)CCN(CCCN(CCC(=O)OCCCCCCCCCCCC)CCC(=O)OCCCCCCCCCCCC)CCCN(CCC(=O)OCCCCCCCCCCCC)CCC(=O)OCCCCCCCCCCCC,0.5487493027342446
CCCCCCCCCCCCOC(=O)CCN(CCCn1ccnc1)CCC(=O)OCCCCCCCCCCCC,0.105870597366976
CCCCCCCCCCCCOC(=O)CCN(CCCOC(C)C)CCC(=O)OCCCCCCCCCCCC,-0.9407070433106206
CCCCCCCCCCCCOC(=O)CCN(CCO)CCC(=O)OCCCCCCCCCCCC,0.4739585347993247
CCCCCCCCCCCCOC(=O)CCN(CCOCC)CCC(=O)OCCCCCCCCCCCC,-0.6505731774892165
CCCCCCCCCCCCOC(=O)CCN(CCOCCN1CCCC1)CCC(=O)OCCCCCCCCCCCC,-0.8828964505998407
CCCCCCCCCCCCOC(=O)CCN(CCOCCO)CCC(=O)OCCCCCCCCCCCC,0.8541992355369729
CCCCCCCCCCCCOC(=O)CCN(CCOCCO)CCC(=O)OCCCCCCCCCCCC,1.004559500499527
CCCCCCCCCCCCOC(=O)CCN(CCOCCOCCOCCN(CCC(=O)OCCCCCCCCCCCC)CCC(=O)OCCCCCCCCCCCC)CCC(=O)OCCCCCCCCCCCC,0.2452050390038263
CCCCCCCCCCCCOC(=O)CCN1CCCN(CCC(=O)OCCCCCCCCCCCC)CCN(CCC(=O)OCCCCCCCCCCCC)CCN(CCC(=O)OCCCCCCCCCCCC)CC1,-0.3425713838467544
CCCCCCCCCCCCOC(=O)CCN1CCN(CCC(=O)OCCCCCCCCCCCC)C(c2ccccc2)C1,-0.2521510094501174
CCCCCCCCCCCOC(=O)CCN(CC)CCCN(CC)CCC(=O)OCCCCCCCCCCC,0.6949568289071637
CCCCCCCCCCCOC(=O)CCN(CCC(=O)OCCCCCCCCCCC)[C@H]1CCCC[C@H]1N(CCC(=O)OCCCCCCCCCCC)CCC(=O)OCCCCCCCCCCC,-0.2317382934222969
CCCCCCCCCCCOC(=O)CCN(CCC(=O)OCCCCCCCCCCC)C(C)(C)CC(C)(C)C,-0.6044611371537938
CCCCCCCCCCCOC(=O)CCN(CCC(=O)OCCCCCCCCCCC)C(C)C,-0.2592804262422144
CCCCCCCCCCCOC(=O)CCN(CCC(=O)OCCCCCCCCCCC)C(C)CO,-0.6067033824528444
CCCCCCCCCCCOC(=O)CCN(CCC(=O)OCCCCCCCCCCC)C(CC)CC,-0.2684408933108597
CCCCCCCCCCCOC(=O)CCN(CCC(=O)OCCCCCCCCCCC)c1c(C)c(C)c(N(CCC(=O)OCCCCCCCCCCC)CCC(=O)OCCCCCCCCCCC)c(C)c1C,-1.0171066623069789
CCCCCCCCCCCOC(=O)CCN(CCC(=O)OCCCCCCCCCCC)c1c(CC)cccc1CC,-0.6745057151437964
CCCCCCCCCCCOC(=O)CCN(CCC(=O)OCCCCCCCCCCC)c1c(F)cc(F)cc1F,-0.3891886344014729
CCCCCCCCCCCOC(=O)CCN(CCC(=O)OCCCCCCCCCCC)c1cc(C(C)(C)C)ccc1C(C)(C)C,-0.8702210757742241
CCCCCCCCCCCOC(=O)CCN(CCC(=O)OCCCCCCCCCCC)c1cc(C(C)(C)C)ccc1OC,-1.2771475721062835
CCCCCCCCCCCOC(=O)CCN(CCC(=O)OCCCCCCCCCCC)c1cc(OC)ccc1OC,-0.6750700110692324
CCCCCCCCCCCOC(=O)CCN(CCC(=O)OCCCCCCCCCCC)C1Cc2ccccc2C1,0.8365488120518101
CCCCCCCCCCCOC(=O)CCN(CCC(=O)OCCCCCCCCCCC)c1ccc(C(C)(C)C)cc1,-0.5975602749411808
CCCCCCCCCCCOC(=O)CCN(CCC(=O)OCCCCCCCCCCC)c1ccc(C)c(N(CCC(=O)OCCCCCCCCCCC)CCC(=O)OCCCCCCCCCCC)c1,-0.9186267483212742
CCCCCCCCCCCOC(=O)CCN(CCC(=O)OCCCCCCCCCCC)c1ccc(C)cc1N(CCC(=O)OCCCCCCCCCCC)CCC(=O)OCCCCCCCCCCC,-0.3247556062578517
CCCCCCCCCCCOC(=O)CCN(CCC(=O)OCCCCCCCCCCC)c1ccc(OC(F)(F)F)cc1,-0.3586233505363049
CCCCCCCCCCCOC(=O)CCN(CCC(=O)OCCCCCCCCCCC)c1ccc(OC)c(F)c1,-0.3566992305985534
CCCCCCCCCCCOC(=O)CCN(CCC(=O)OCCCCCCCCCCC)c1ccc(Oc2ccc(F)cc2)cc1,-1.0170488289220223
CCCCCCCCCCCOC(=O)CCN(CCC(=O)OCCCCCCCCCCC)c1ccc(Oc2ccc(N(CCC(=O)OCCCCCCCCCCC)CCC(=O)OCCCCCCCCCCC)cc2)cc1,-0.0180748504516116
CCCCCCCCCCCOC(=O)CCN(CCC(=O)OCCCCCCCCCCC)c1ccccc1C(C)C,-1.218115745594199
CCCCCCCCCCCOC(=O)CCN(CCC(=O)OCCCCCCCCCCC)C1CCCCCCC1,-0.8226553588989087
CCCCCCCCCCCOC(=O)CCN(CCC(=O)OCCCCCCCCCCC)CC(C)(C)CO,-0.867277614100305
CCCCCCCCCCCOC(=O)CCN(CCC(=O)OCCCCCCCCCCC)Cc1cccc(CN(CCC(=O)OCCCCCCCCCCC)CCC(=O)OCCCCCCCCCCC)c1,1.2926168985294488
CCCCCCCCCCCOC(=O)CCN(CCC(=O)OCCCCCCCCCCC)Cc1ccccc1OC,-0.7724940513208066
CCCCCCCCCCCOC(=O)CCN(CCC(=O)OCCCCCCCCCCC)CC1CCN(C)CC1,-0.5019011249705505
CCCCCCCCCCCOC(=O)CCN(CCC(=O)OCCCCCCCCCCC)CCC(=O)N1CCN(CCC(=O)OCCCCCCCCCCC)CC1,0.1022755589445419
CCCCCCCCCCCOC(=O)CCN(CCC(=O)OCCCCCCCCCCC)CCC(C)(C)C,-0.2675428120458924
CCCCCCCCCCCOC(=O)CCN(CCC(=O)OCCCCCCCCCCC)CCN(C)CCN(C)CCN(CCC(=O)OCCCCCCCCCCC)CCC(=O)OCCCCCCCCCCC,4.13575995875676
CCCCCCCCCCCOC(=O)CCN(CCC(=O)OCCCCCCCCCCC)CCN(CC)CCN(CC)CCN(CCC(=O)OCCCCCCCCCCC)CCC(=O)OCCCCCCCCCCC,2.470238006336621
CCCCCCCCCCCOC(=O)CCN(CCC(=O)OCCCCCCCCCCC)CCN(CCC(=O)OCCCCCCCCCCC)C(C)C,-0.9894990330891468
CCCCCCCCCCCOC(=O)CCN(CCC(=O)OCCCCCCCCCCC)CCN(CCC(=O)OCCCCCCCCCCC)Cc1ccccc1,-1.003543803238984
CCCCCCCCCCCOC(=O)CCN(CCC(=O)OCCCCCCCCCCC)CCN1CCN(CCN(CCC(=O)OCCCCCCCCCCC)CCC(=O)OCCCCCCCCCCC)CC1,3.990380198996053
CCCCCCCCCCCOC(=O)CCN(CCC(=O)OCCCCCCCCCCC)CN(CC)CCC,-0.4578116608716654
CCCCCCCCCCCOC(=O)CCN(CCC)CCCN(CCC(=O)OCCCCCCCCCCC)CCC(=O)OCCCCCCCCCCC,-0.0437549247935879
CCCCCCCCCCCOC(=O)CCN(CCCN(C)C)CCC(=O)OCCCCCCCCCCC,-0.5279899152028912
CCCCCCCCCCCOC(=O)CCN(CCCN(C)C)CCC(=O)OCCCCCCCCCCC,0.2392835217741431
CCCCCCCCCCCOC(=O)CCN(CCCN(CCC(=O)OCCCCCCCCCCC)CCN(CCC(=O)OCCCCCCCCCCC)CCC(=O)OCCCCCCCCCCC)CCN(CCC(=O)OCCCCCCCCCCC)CCC(=O)OCCCCCCCCCCC,-0.0789633922045861
CCCCCCCCCCCOC(=O)CCN(CCCN1CCN(C(C)C)CC1)CCC(=O)OCCCCCCCCCCC,-0.0383644752339295
CCCCCCCCCCCOC(=O)CCN(CCCN1CCN(CCCN(CCC(=O)OCCCCCCCCCCC)CCC(=O)OCCCCCCCCCCC)CC1)CCC(=O)OCCCCCCCCCCC,2.760727149714445
CCCCCCCCCCCOC(=O)CCN(CCCn1ccnc1)CCC(=O)OCCCCCCCCCCC,-0.1963988332154697
CCCCCCCCCCCOC(=O)CCN(CCO)CCN(CCO)CCC(=O)OCCCCCCCCCCC,0.7856591425463212
CCCCCCCCCCCOC(=O)CCN(CCO)CCN(CCO)CCC(=O)OCCCCCCCCCCC,0.3289816765806282
CCCCCCCCCCCOC(=O)CCN(CCOCCOCCN(CCC(=O)OCCCCCCCCCCC)CCC(=O)OCCCCCCCCCCC)CCC(=O)OCCCCCCCCCCC,-0.2759848224513718
CCCCCCCCCCCOC(=O)CCN1CC[C@@H](N(CCC(=O)OCCCCCCCCCCC)CCC(=O)OCCCCCCCCCCC)C1,0.4665040094644698
CCCCCCCCCCCOC(=O)CCN1CCCN(CCC(=O)OCCCCCCCCCCC)CCCN(CCC(=O)OCCCCCCCCCCC)CCC1,0.83308902431723
CCCCCCCCCCCOC(=O)CCN1CCCN(CCC(=O)OCCCCCCCCCCC)CCN(CCC(=O)OCCCCCCCCCCC)CCCN(CCC(=O)OCCCCCCCCCCC)CC1,-0.086853635859902
CCCCCCCCCCCOC(=O)CCN1CCN(CCC(=O)OCCCCCCCCCCC)[C@H](C)C1,-0.8582838429080965
CCCCCCCCCCCOC(=O)CCN1CCN(CCC(=O)OCCCCCCCCCCC)CC1,-0.203473350632241
CCCCCCCCCCCOC(=O)CCN1CCN(CCC(=O)OCCCCCCCCCCC)CCN(CCC(=O)OCCCCCCCCCCC)CCN(CCC(=O)OCCCCCCCCCCC)CC1,0.1491625892994293
CCCCCCCCCCOC(=O)CCN(CC)CCCN(CC)CCC(=O)OCCCCCCCCCC,0.7965210012484559
CCCCCCCCCCOC(=O)CCN(CC)CCN(CC)CCC(=O)OCCCCCCCCCC,-0.025118572694129
CCCCCCCCCCOC(=O)CCN(CCC(=O)OCCCCCCCCCC)[C@@H]1CCCC[C@H]1N(CCC(=O)OCCCCCCCCCC)CCC(=O)OCCCCCCCCCC,0.6190202347965084
CCCCCCCCCCOC(=O)CCN(CCC(=O)OCCCCCCCCCC)[C@H]1CCCC[C@H]1N(CCC(=O)OCCCCCCCCCC)CCC(=O)OCCCCCCCCCC,0.4181567070114548
CCCCCCCCCCOC(=O)CCN(CCC(=O)OCCCCCCCCCC)C(c1ccccc1)(c1ccccc1)c1ccccc1,0.029283487999095
CCCCCCCCCCOC(=O)CCN(CCC(=O)OCCCCCCCCCC)C(CC)CC,-0.4748844184118964
CCCCCCCCCCOC(=O)CCN(CCC(=O)OCCCCCCCCCC)C[C@@H]1CCCN1CC,-0.5498239740303246
CCCCCCCCCCOC(=O)CCN(CCC(=O)OCCCCCCCCCC)C[C@H]1CCCN1CC,-0.2814106292124537
CCCCCCCCCCOC(=O)CCN(CCC(=O)OCCCCCCCCCC)c1c(C)c(C)c(N(CCC(=O)OCCCCCCCCCC)CCC(=O)OCCCCCCCCCC)c(C)c1C,-1.0104137688989616
CCCCCCCCCCOC(=O)CCN(CCC(=O)OCCCCCCCCCC)c1cc(F)c(F)c(F)c1,0.1121808052749505
CCCCCCCCCCOC(=O)CCN(CCC(=O)OCCCCCCCCCC)C1Cc2ccccc2C1,0.8396011064000385
CCCCCCCCCCOC(=O)CCN(CCC(=O)OCCCCCCCCCC)c1ccc(C(C)(C)C)cc1,-0.8185205879365445
CCCCCCCCCCOC(=O)CCN(CCC(=O)OCCCCCCCCCC)c1ccc(C)cc1N(CCC(=O)OCCCCCCCCCC)CCC(=O)OCCCCCCCCCC,-1.2771475721062835
CCCCCCCCCCOC(=O)CCN(CCC(=O)OCCCCCCCCCC)c1ccc(OC)c(F)c1,-0.4141307277966841
CCCCCCCCCCOC(=O)CCN(CCC(=O)OCCCCCCCCCC)c1ccc2c(c1)Cc1cc(N(CCC(=O)OCCCCCCCCCC)CCC(=O)OCCCCCCCCCC)ccc1-2,-1.2771475721062835
CCCCCCCCCCOC(=O)CCN(CCC(=O)OCCCCCCCCCC)c1ccc2ccccc2c1-c1c(N(CCC(=O)OCCCCCCCCCC)CCC(=O)OCCCCCCCCCC)ccc2ccccc12,-0.4781379727012355
CCCCCCCCCCOC(=O)CCN(CCC(=O)OCCCCCCCCCC)c1cccc(N(CCC(=O)OCCCCCCCCCC)CCC(=O)OCCCCCCCCCC)c1C,-0.2469182032737671
CCCCCCCCCCOC(=O)CCN(CCC(=O)OCCCCCCCCCC)C1CCCCCCC1,-0.3572520707668744
CCCCCCCCCCOC(=O)CCN(CCC(=O)OCCCCCCCCCC)C1CCN(C)CC1,-0.6835749237787454
CCCCCCCCCCOC(=O)CCN(CCC(=O)OCCCCCCCCCC)c1nc(N(CCC(=O)OCCCCCCCCCC)CCC(=O)OCCCCCCCCCC)nc(N(CCC(=O)OCCCCCCCCCC)CCC(=O)OCCCCCCCCCC)n1,0.519536633089434
CCCCCCCCCCOC(=O)CCN(CCC(=O)OCCCCCCCCCC)CC(C)(C)CN(C)C,0.5370342554998662
CCCCCCCCCCOC(=O)CCN(CCC(=O)OCCCCCCCCCC)CC(C)N(CCC(=O)OCCCCCCCCCC)CCC(=O)OCCCCCCCCCC,0.2102012485817404
CCCCCCCCCCOC(=O)CCN(CCC(=O)OCCCCCCCCCC)CC[C@H](C)O,-1.2771475721062835
CCCCCCCCCCOC(=O)CCN(CCC(=O)OCCCCCCCCCC)CC12C[C@H]3C[C@@H](C1)C[C@@H](C2)C3,-0.5812863194132102
CCCCCCCCCCOC(=O)CCN(CCC(=O)OCCCCCCCCCC)CC1CCCO1,-0.2773483915003703
CCCCCCCCCCOC(=O)CCN(CCC(=O)OCCCCCCCCCC)Cc1nccn1C,-0.9789758616694632
CCCCCCCCCCOC(=O)CCN(CCC(=O)OCCCCCCCCCC)CCC(=O)N1CCN(CCC(=O)OCCCCCCCCCC)CC1,0.0754001261422927
CCCCCCCCCCOC(=O)CCN(CCC(=O)OCCCCCCCCCC)CCC(c1ccccc1)c1ccccc1,0.2558211624725214
CCCCCCCCCCOC(=O)CCN(CCC(=O)OCCCCCCCCCC)CCC1CCC(C)CC1,-0.0305205734258496
CCCCCCCCCCOC(=O)CCN(CCC(=O)OCCCCCCCCCC)CCC1CCC(CC)CC1,0.0613149417988229
CCCCCCCCCCOC(=O)CCN(CCC(=O)OCCCCCCCCCC)CCc1ccc(OC)cc1,-1.2771475721062835
CCCCCCCCCCOC(=O)CCN(CCC(=O)OCCCCCCCCCC)CCN(C(C)C)C(C)C,-0.0844607303590018
CCCCCCCCCCOC(=O)CCN(CCC(=O)OCCCCCCCCCC)CCN(C)CCN(CCC(=O)OCCCCCCCCCC)CCC(=O)OCCCCCCCCCC,2.845691578153509
CCCCCCCCCCOC(=O)CCN(CCC(=O)OCCCCCCCCCC)CCN(CCC(=O)OCCCCCCCCCC)C(C)C,-0.5246956604750773
CCCCCCCCCCOC(=O)CCN(CCC(=O)OCCCCCCCCCC)CCN(CCC(=O)OCCCCCCCCCC)CCN(CCC(=O)OCCCCCCCCCC)CCC(=O)OCCCCCCCCCC,0.4871232272920705
CCCCCCCCCCOC(=O)CCN(CCC(=O)OCCCCCCCCCC)CCN(CCN(CCC(=O)OCCCCCCCCCC)CCC(=O)OCCCCCCCCCC)CCN(CCC(=O)OCCCCCCCCCC)CCC(=O)OCCCCCCCCCC,2.1038550207079845
CCCCCCCCCCOC(=O)CCN(CCC(=O)OCCCCCCCCCC)CCN(CCO)CCO,-0.0154659493636709
CCCCCCCCCCOC(=O)CCN(CCCCCCO)CCC(=O)OCCCCCCCCCC,0.8666680787456382
CCCCCCCCCCOC(=O)CCN(CCCCN1CCN(C)CC1)CCC(=O)OCCCCCCCCCC,0.0312454399634666
CCCCCCCCCCOC(=O)CCN(CCCCO)CCC(=O)OCCCCCCCCCC,0.2574127434284912
CCCCCCCCCCOC(=O)CCN(CCCN(C)CCCN(CCC(=O)OCCCCCCCCCC)CCC(=O)OCCCCCCCCCC)CCC(=O)OCCCCCCCCCC,3.8911005467389166
CCCCCCCCCCOC(=O)CCN(CCCN(CC)CC)CCC(=O)OCCCCCCCCCC,-0.3321255879859291
CCCCCCCCCCOC(=O)CCN(CCCN(CCC(=O)OCCCCCCCCCC)CCC(=O)OCCCCCCCCCC)CCCN(CCC(=O)OCCCCCCCCCC)CCC(=O)OCCCCCCCCCC,2.3123013771148937
CCCCCCCCCCOC(=O)CCN(CCCN(CCC(=O)OCCCCCCCCCC)CCN(CCC(=O)OCCCCCCCCCC)CCC(=O)OCCCCCCCCCC)CCN(CCC(=O)OCCCCCCCCCC)CCC(=O)OCCCCCCCCCC,0.4554365017336469
CCCCCCCCCCOC(=O)CCN(CCCN(CCCN(CCC(=O)OCCCCCCCCCC)CCC(=O)OCCCCCCCCCC)CCC(=O)OCCCCCCCCCC)CCCN(CCC(=O)OCCCCCCCCCC)CCC(=O)OCCCCCCCCCC,3.522572096385004
CCCCCCCCCCOC(=O)CCN(CCCO)CCC(=O)OCCCCCCCCCC,0.0155318981652619
CCCCCCCCCCOC(=O)CCN(CCCOCCCCOCCCN(CCC(=O)OCCCCCCCCCC)CCC(=O)OCCCCCCCCCC)CCC(=O)OCCCCCCCCCC,-0.1755913020624255
CCCCCCCCCCOC(=O)CCN(CCN(CCC(=O)OCCCCCCCCCC)C(C)C)C(C)C,-0.0263480658518126
CCCCCCCCCCOC(=O)CCN(CCOC)CCC(=O)OCCCCCCCCCC,-0.0220058985745368
CCCCCCCCCCOC(=O)CCN1CCN(CCC(=O)OCCCCCCCCCC)[C@H](C)C1,-0.267572515911686
CCCCCCCCCCOC(=O)CCN1CCN(CCC(=O)OCCCCCCCCCC)C(c2ccccc2)C1,-0.5678800064566287
CCCCCCCCCCOC(=O)CCN1CCOCCN(CCC(=O)OCCCCCCCCCC)CCN(CCC(=O)OCCCCCCCCCC)CC1,-0.1439991446436842
CCCCCCCCCCCCCCOC(=O)CCN(CCCCCO)CCC(=O)OCCCCCCCCCCCCCC,-0.9266111194819908
CCCCCCCCCCOC(=O)CCN(CCC(=O)OCCCCCCCCCC)CCN(CCN(CCC(=O)OCCCCCCCCCC)CCC(=O)OCCCCCCCCCC)CCN(CCC(=O)OCCCCCCCCCC)CCC(=O)OCCCCCCCCCC,0.4062307712236382
CCCCCCCCCCOC(=O)CCN(CCC(=O)OCCCCCCCCCC)CCN(C)CCN(CCC(=O)OCCCCCCCCCC)CCC(=O)OCCCCCCCCCC,0.954050245778353
CCCCCCCCCCCCCOC(=O)CCN(CCC(=O)OCCCCCCCCCCCCC)CCN(C)CCN(CCC(=O)OCCCCCCCCCCCCC)CCC(=O)OCCCCCCCCCCCCC,1.3402903065206349
CCCCCCCCCCCCOC(=O)CCN(CCC(=O)OCCCCCCCCCCCC)CCN(CCC(=O)OCCCCCCCCCCCC)CCN(CC)CC,-1.1522504314255226
CCCCCCCCCCCCCCOC(=O)CCN(CCCOCCOCCOCCCN(CCC(=O)OCCCCCCCCCCCCCC)CCC(=O)OCCCCCCCCCCCCCC)CCC(=O)OCCCCCCCCCCCCCC,-0.9367399728788516
CCCCCCCCCCCCCCOC(=O)CCN(CCC(=O)OCCCCCCCCCCCCCC)CCN(CCC(=O)OCCCCCCCCCCCCCC)CCN1CCN(CCN(CCC(=O)OCCCCCCCCCCCCCC)CCC(=O)OCCCCCCCCCCCCCC)CC1,-1.0864768044531323
CCCCCCCCCCCCOC(=O)CCN(CCC(=O)OCCCCCCCCCCCC)CCN1CCN(CCC(=O)OCCCCCCCCCCCC)CC1,-0.7616588736912612
CCCCCCCCCCCCOC(=O)CCN(CC(C)N(CCC(=O)OCCCCCCCCCCCC)CCC(=O)OCCCCCCCCCCCC)CC(C)N(CCC(=O)OCCCCCCCCCCCC)CCC(=O)OCCCCCCCCCCCC,-0.2738514120822661
CCCCCCCCCCCCCCOC(=O)CCN(C)CCN(CCN(C)CCC(=O)OCCCCCCCCCCCCCC)CCN(C)CCC(=O)OCCCCCCCCCCCCCC,-0.2155213379601283
CCCCCCCCCCCCOC(=O)CCN(CCC(=O)OCCCCCCCCCCCC)CC(C)N(CCC(=O)OCCCCCCCCCCCC)CCC(=O)OCCCCCCCCCCCC,-0.7253332676888449
CCCCCCCCCCOC(=O)CCN(CCCN(C)CCCN(CCC(=O)OCCCCCCCCCC)CCC(=O)OCCCCCCCCCC)CCC(=O)OCCCCCCCCCC,1.3368205728273057
CCCCCCCCCCCOC(=O)CCN(CCCN1CCN(CCCN(CCC(=O)OCCCCCCCCCCC)CCC(=O)OCCCCCCCCCCC)CC1)CCC(=O)OCCCCCCCCCCC,1.3157622647494869
CCCCCCCCCCCCCOC(=O)CCN(CCCN1CCN(CCCN(CCC(=O)OCCCCCCCCCCCCC)CCC(=O)OCCCCCCCCCCCCC)CC1)CCC(=O)OCCCCCCCCCCCCC,1.3151496829973528
CCCCCCCCCCCOC(=O)CCN(CCC(=O)OCCCCCCCCCCC)Cc1cccc(CN(CCC(=O)OCCCCCCCCCCC)CCC(=O)OCCCCCCCCCCC)c1,-0.9355419106860092
CCCCCCCCCCCCOC(=O)CCN(CCC(=O)OCCCCCCCCCCCC)Cc1cccc(CN(CCC(=O)OCCCCCCCCCCCC)CCC(=O)OCCCCCCCCCCCC)c1,0.927918171077763
CCCCCCCCCCCCCOC(=O)CCN(CCC(=O)OCCCCCCCCCCCCC)Cc1cccc(CN(CCC(=O)OCCCCCCCCCCCCC)CCC(=O)OCCCCCCCCCCCCC)c1,-0.4410445327938267
CCCCCCCCCCCCCCOC(=O)CCN(CCC(=O)OCCCCCCCCCCCCCC)c1ccc2c(c1)OCCO2,-0.9383892621332008
CCCCCCCCCCCOC(=O)CCN(CCC(=O)OCCCCCCCCCCC)CCN(CC)CCN(CC)CCN(CCC(=O)OCCCCCCCCCCC)CCC(=O)OCCCCCCCCCCC,-1.422598001088028
CCCCCCCCCCCOC(=O)CCN(CCC(=O)OCCCCCCCCCCC)CCN1CCN(CCN(CCC(=O)OCCCCCCCCCCC)CCC(=O)OCCCCCCCCCCC)CC1,1.2087954209532412
CCCCCCCCCCCCCOC(=O)CCN(CCC(=O)OCCCCCCCCCCCCC)CCN(CCC)CCN(CCC)CCN(CCC(=O)OCCCCCCCCCCCCC)CCC(=O)OCCCCCCCCCCCCC,-1.0103695071478491
N(CC(=O)OCC)C(=O)C(CCCCCCC/C=C\CCCCCCCC)(CCCCCCC/C=C\CCCCCCCC)N(C)CCN(C)C,3.1882617071977672
N(CC(=O)OCC)C(=O)C(CCCCCCC/C=C\CCCCCCCC)(CCCCCCC/C=C\CCCCCCCC)N(CC)CCO,0.7384835776923907
C1(C(=O)OC(C)(C)C)N=CC(CCCCCCC/C=C\CCCCCCCC)(CCCCCCC/C=C\CCCCCCCC)N1(CCCN(C)C),3.5462996676051235
C1(C(=O)OC(C)(C)C)N=CC(CCCCCCC/C=C\CCCCCCCC)(CCCCCCC/C=C\CCCCCCCC)N1(CCN(CC)CC),3.844042837340338
N(CS(=O)(=O)c3ccc(C)cc3)C(=O)C(CCCCCCC/C=C\CCCCCCCC)(CCCCCCC/C=C\CCCCCCCC)NCCN(C)C,3.820367389439904
N(CC(=O)OC(C)(C)C)C(=O)C(CCCCCCC/C=C\CCCCCCCC)(CCCCCCC/C=C\CCCCCCCC)N(CC)CCO,1.498663101330993
N(CC(=O)OC(C)(C)C)C(=O)C(CCCCCCC/C=C\CCCCCCCC)(CCCCCCC/C=C\CCCCCCCC)N(CC)CCN(C)C,0.5419995531342605
N(CC(=O)OC(C)(C)C)C(=O)C(CCCCCCC/C=C\CCCCCCCC)(CCCCCCC/C=C\CCCCCCCC)N(C)CCO,0.2787852896428626
C1(C(=O)OC)N=CC(CCCCCCC/C=C\CCCCCCCC)(CCCCCCC/C=C\CCCCCCCC)N1(CCN(CC)CC),0.7495681917267364
N(C(C)(C)C)C(=O)C(CCCCCCCCCC)(CCCCCCCCCC)NCCN(CC)CC,1.474084304449384
N(CCCC)C(=O)C(CCCCCCCCCC)(CCCCCCCCCC)NCCN(CC)CC,1.336896755906818
N(CCCCC)C(=O)C(CCCCCCCCCC)(CCCCCCCCCC)NCCN(CC)CC,1.0150417332373491
C1(C)(C(=O)OC(C)(C)C)N=CC(CCCCCCCCCC)(CCCCCCCCCC)N1(CCN(CC)CC),-0.9342693598612196
N(C3CCCCC3)C(=O)C(CCCCCCCCCC)(CCCCCCCCCC)NCCN(CC)CC,0.3483228657798617
N(CCCC)C(=O)C(CCCCCCCCC)(CCCCCCCCC)NCCN(CC)CC,-1.3005246330292424
C1(C(=O)OC)N=CC(CCCCCCCCC)(CCCCCCCCC)N1(CCN(CC)CC),1.80329897026696
C1(C(=O)OCC)N=CC(CCCCCCCC)(CCCCCCCC)N1(CCN(CC)CC),1.619136637358345
N(CS(=O)(=O)c3ccc(C)cc3)C(=O)C(CCCCCCCC)(CCCCCCCC)NCCN(CC)CC,2.316975098353674
N(C(C)(C)C)C(=O)C(CCCCCCC)(CCCCCCC)NCCN(CC)CC,-1.0542979869615543
N(CCCCC)C(=O)C(CCCCCCC)(CCCCCCC)NCCN(CC)CC,0.6077233975628958
C1(C(=O)OC(C)(C)C)N=CC(CCCCCC)(CCCCCC)N1(CCN(CC)CC),-0.400341463025024
C1(CC(=O)OCC)N=CC(CCCCCC)(CCCCCC)N1(CCN(CC)CC),0.3446501431301675
C1(C(=O)OCC)N=CC5(CCCCCCCCCCCCCC5)N1(CCN(CC)CC),0.167355043723518
N(C3CCCCC3)C(=O)C5(CCCCCCCCCCCCCC5)NCCN(CC)CC,-0.1263156348064633
C1(C(=O)OC(C)(C)C)N=CC5(CCCCCCCCCCC5)N1(CCN(CC)CC),0.5841893878752489
N(CS(=O)(=O)c3ccc(C)cc3)C(=O)C5(CCCCCCCCCCC5)NCCN(CC)CC,-1.157246598224014
N(CCCCC)C(=O)C(CCCCC)(CCCCC)NCCN(CC)CC,-1.3104523497426823
C1(C(=O)OC)N=CC(CCCCC)(CCCCC)N1(CCN(CC)CC),-0.5585427089668817
N(CCCCC)C(=O)C(CCCCCCC/C=C\CCCCCCCC)(CCCCCCC/C=C\CCCCCCCC)NCCCN1CCCC1,0.5373156079961129
N(CCCCC)C(=O)C(CCCCCCCCCC)(CCCCCCCCCC)NCCCN1CCCC1,0.9609223591940452
N(CS(=O)(=O)c3ccc(C)cc3)C(=O)C(CCCCCCCCC)(CCCCCCCCC)NCCCN1CCCC1,-0.7094736818283341
N(C(C)(C)C)C(=O)C(CCCCCC)(CCCCCC)NCCCN1CCCC1,-0.2273328852216957
C1(C(=O)OC)N=CC5(CCCCCCCCCCCCCC5)N1(CCCN3CCCC3),1.0034633096970038
C1(CC(=O)OCC)N=CC5(CCCCCCCCCCC5)N1(CCCN3CCCC3),-0.9144442839791654
C1(CC(=O)OCC)N=CC(CCCCC)(CCCCC)N1(CCCN3CCCC3),-0.7793941043098562
N(CCCCC)C(=O)C(CCCCCCC/C=C\CCCCCCCC)(CCCCCCC/C=C\CCCCCCCC)N(CC)CCCNCC,0.3094474751400192
N(CCC(=O)OCC)C(=O)C(CCCCCCC/C=C\CCCCCCCC)(CCCCCCC/C=C\CCCCCCCC)N(CC)CCCNCC,0.1343434118616988
N(CC(=O)OCC)C(=O)C(CCCCCCCCCC)(CCCCCCCCCC)N(CC)CCCNCC,2.088171035289083
N(CC(=O)OC(C)(C)C)C(=O)C(CCCCCCCCCC)(CCCCCCCCCC)N(CC)CCCNCC,1.330258418650478
N(CCCCC)C(=O)C(CCCCCCCC)(CCCCCCCC)N(CC)CCCNCC,0.5703977897294423
N(CC(=O)OCC)C(=O)C(CCCCCCCC)(CCCCCCCC)N(CC)CCCNCC,1.029909168388407
N(C(C)C(=O)OC(C)(C)C)C(=O)C(CCCCCCCC)(CCCCCCCC)N(CC)CCCNCC,-0.0457666524522194
N(C(C)(C)C)C(=O)C(CCCCCCC)(CCCCCCC)N(CC)CCCNCC,0.3046488985944881
N(CCCC)C(=O)C(CCCCCCC)(CCCCCCC)N(CC)CCCNCC,0.496897866835027
N(CS(=O)(=O)c3ccc(C)cc3)C(=O)C(CCCCCCC)(CCCCCCC)N(CC)CCCNCC,-0.4470143770640716
N(CCCC)C(=O)C(CCCCCC)(CCCCCC)N(CC)CCCNCC,0.9347636263203244
N(CC(=O)OC)C(=O)C(CCCCCC)(CCCCCC)N(CC)CCCNCC,1.2007043736133918
N(C(C)C(=O)OC(C)(C)C)C(=O)C5(CCCCCCCCCCCCCC5)N(CC)CCCNCC,-1.299059793361473
N(CS(=O)(=O)c3ccc(C)cc3)C(=O)C5(CCCCCCCCCCCCCC5)N(CC)CCCNCC,1.1516261669756676
N(CC(=O)OC(C)(C)C)C(=O)C5(CCCCCCCCCCC5)N(CC)CCCNCC,-0.4240700877186804
N(C3CCCCC3)C(=O)C5(CCCCCCCCCCC5)N(CC)CCCNCC,0.1569637920280195
N(CC(=O)OC)C(=O)C(CCCCC)(CCCCC)N(CC)CCCNCC,-0.9762036192756196
N(CS(=O)(=O)c3ccc(C)cc3)C(=O)C(CCCCC)(CCCCC)N(CC)CCCNCC,0.0868138385104075
N(C3CCCCC3)C(=O)C(CCCCC)(CCCCC)N(CC)CCCNCC,-0.3778593598916074
N(C(C)C(=O)OC(C)(C)C)C(=O)C(CCCCCCC/C=C\CCCCCCCC)(CCCCCCC/C=C\CCCCCCCC)N(C)CCN(C)C,-0.0752985928873021
N(CC(=O)OCC)C(=O)C(CCCCCCCCCC)(CCCCCCCCCC)N(C)CCN(C)C,0.0348421304846898
N(C(C)C(=O)OC(C)(C)C)C(=O)C(CCCCCCCCC)(CCCCCCCCC)N(C)CCN(C)C,-0.3026045185226951
N(C(C)(C)C)C(=O)C(CCCCCCCC)(CCCCCCCC)N(C)CCN(C)C,0.539994241113694
N(CCCCC)C(=O)C(CCCCCCCC)(CCCCCCCC)N(C)CCN(C)C,0.4458998647980915
N(CC(=O)OC(C)(C)C)C(=O)C(CCCCCCCC)(CCCCCCCC)N(C)CCN(C)C,-0.2139505838746297
N(CCC(=O)OCC)C(=O)C(CCCCCCCC)(CCCCCCCC)N(C)CCN(C)C,-0.9148814221512708
N(CC(=O)OCC)C(=O)C(CCCCCCC)(CCCCCCC)N(C)CCN(C)C,1.368036144178324
N(CC(=O)OC(C)(C)C)C(=O)C(CCCCCCC)(CCCCCCC)N(C)CCN(C)C,-0.8517883857010169
N(CCC(=O)OCC)C(=O)C(CCCCCCC)(CCCCCCC)N(C)CCN(C)C,-0.6591461781782956
N(CC(=O)OC)C(=O)C(CCCCCC)(CCCCCC)N(C)CCN(C)C,-1.207649427362363
N(CC(=O)OCC)C(=O)C(CCCCCC)(CCCCCC)N(C)CCN(C)C,0.5363316278534016
N(CCC(=O)OCC)C(=O)C(CCCCCC)(CCCCCC)N(C)CCN(C)C,-0.3286500479482687
N(CCCCC)C(=O)C5(CCCCCCCCCCCCCC5)N(C)CCN(C)C,-0.1260122649945405
N(CC(=O)OC)C(=O)C5(CCCCCCCCCCCCCC5)N(C)CCN(C)C,-1.301625641967069
N(CC(=O)OC(C)(C)C)C(=O)C5(CCCCCCCCCCCCCC5)N(C)CCN(C)C,-1.02319418910517
N(C(C)(C)C)C(=O)C5(CCCCCCCCCCC5)N(C)CCN(C)C,1.3223376935339852
N(CCCC)C(=O)C5(CCCCCCCCCCC5)N(C)CCN(C)C,-0.4497273603924651
N(CS(=O)(=O)c3ccc(C)cc3)C(=O)C5(CCCCCCCCCCC5)N(C)CCN(C)C,-0.2712608350098945
N(CCCCC)C(=O)C(CCCCC)(CCCCC)N(C)CCN(C)C,-0.7179614638625019
N(C(C)C(=O)OC(C)(C)C)C(=O)C(CCCCC)(CCCCC)N(C)CCN(C)C,-1.10989621459815
N(C(C)(C)C)C(=O)C(CCCCCCC/C=C\CCCCCCCC)(CCCCCCC/C=C\CCCCCCCC)NCCN(C)C,1.3509300585050616
C1(CC(=O)OCC)N=CC(CCCCCCC/C=C\CCCCCCCC)(CCCCCCC/C=C\CCCCCCCC)N1(CCN(C)C),-0.2572846967618817
C1(C(=O)OC(C)(C)C)N=CC(CCCCCCCCCC)(CCCCCCCCCC)N1(CCN(C)C),1.2410349006953196
N(CCCC)C(=O)C(CCCCCCCCC)(CCCCCCCCC)NCCN(C)C,0.1330277287946075
C1(C(=O)OC(C)(C)C)N=CC(CCCCCCCCC)(CCCCCCCCC)N1(CCN(C)C),2.364753201751459
N(C3CCCCC3)C(=O)C(CCCCCCCCC)(CCCCCCCCC)NCCN(C)C,0.5167290160141889
N(C(C)(C)C)C(=O)C(CCCCCCCC)(CCCCCCCC)NCCN(C)C,1.066068325112866
C1(C(=O)OC(C)(C)C)N=CC(CCCCCCCC)(CCCCCCCC)N1(CCN(C)C),1.8002077233469391
N(C3CCCCC3)C(=O)C(CCCCCCCC)(CCCCCCCC)NCCN(C)C,0.1063406739940373
N(C(C)(C)C)C(=O)C(CCCCCCC)(CCCCCCC)NCCN(C)C,-0.248160589014657
C1(C(=O)OC)N=CC(CCCCCCC)(CCCCCCC)N1(CCN(C)C),-0.2764752197461019
C1(C(=O)OC(C)(C)C)N=CC(CCCCCCC)(CCCCCCC)N1(CCN(C)C),-0.7792785354050861
N(C3CCCCC3)C(=O)C(CCCCCCC)(CCCCCCC)NCCN(C)C,0.0929694105930494
N(CCCC)C(=O)C5(CCCCCCCCCCCCCC5)NCCN(C)C,-1.2632642617306082
C1(C(=O)OC)N=CC5(CCCCCCCCCCCCCC5)N1(CCN(C)C),0.1575445052427879
C1(C(=O)OCC)N=CC5(CCCCCCCCCCCCCC5)N1(CCN(C)C),0.9355733583961792
C1(CC(=O)OCC)N=CC5(CCCCCCCCCCCCCC5)N1(CCN(C)C),0.5679714506975935
C1(C(=O)OCC)N=CC5(CCCCCCCCCCC5)N1(CCN(C)C),0.4488288952934757
C1(C)(C(=O)OC(C)(C)C)N=CC5(CCCCCCCCCCC5)N1(CCN(C)C),0.8970837338815523
N(CS(=O)(=O)c3ccc(C)cc3)C(=O)C5(CCCCCCCCCCC5)NCCN(C)C,-0.9082481108516324
N(CCCC)C(=O)C(CCCCC)(CCCCC)NCCN(C)C,-1.3263280646111042
C1(CC(=O)OCC)N=CC(CCCCC)(CCCCC)N1(CCN(C)C),-0.4766284736905003
N(CC(=O)OC)C(=O)C(CCCCCCC/C=C\CCCCCCCC)(CCCCCCC/C=C\CCCCCCCC)N(C)CCCN(C)C,0.2881240332020198
N(CC(=O)OCC)C(=O)C(CCCCCCCCCC)(CCCCCCCCCC)N(C)CCCN(C)C,1.1886488252106056
N(C(C)C(=O)OC(C)(C)C)C(=O)C(CCCCCCCCCC)(CCCCCCCCCC)N(C)CCCN(C)C,0.5499838901306994
N(CCC(=O)OCC)C(=O)C(CCCCCCCCCC)(CCCCCCCCCC)N(C)CCCN(C)C,-0.4175553059763244
N(CCCC)C(=O)C(CCCCCCCCC)(CCCCCCCCC)N(C)CCCN(C)C,0.4453037620655841
N(CC(=O)OCC)C(=O)C(CCCCCCCCC)(CCCCCCCCC)N(C)CCCN(C)C,1.3404574859360532
N(CC(=O)OC(C)(C)C)C(=O)C(CCCCCCCC)(CCCCCCCC)N(C)CCCN(C)C,-0.3370656784464526
N(CCCC)C(=O)C(CCCCCCC)(CCCCCCC)N(C)CCCN(C)C,-0.0943291857143567
N(CCC(=O)OCC)C(=O)C(CCCCCCC)(CCCCCCC)N(C)CCCN(C)C,-0.7617052069092819
N(CC(=O)OCC)C(=O)C(CCCCCC)(CCCCCC)N(C)CCCN(C)C,-0.5772062396356701
N(CS(=O)(=O)c3ccc(C)cc3)C(=O)C(CCCCCC)(CCCCCC)N(C)CCCN(C)C,-0.1902101127391915
N(C(C)(C)C)C(=O)C5(CCCCCCCCCCCCCC5)N(C)CCCN(C)C,-1.3251280487966015
N(CCCCC)C(=O)C5(CCCCCCCCCCC5)N(C)CCCN(C)C,0.1681933452020443
N(CCC(=O)OCC)C(=O)C5(CCCCCCCCCCC5)N(C)CCCN(C)C,-1.0066996480491748
N(CS(=O)(=O)c3ccc(C)cc3)C(=O)C5(CCCCCCCCCCC5)N(C)CCCN(C)C,-0.4211776426118027
N(CCCC)C(=O)C(CCCCC)(CCCCC)N(C)CCCN(C)C,-1.3314697447645034
N(CC(=O)OC)C(=O)C(CCCCC)(CCCCC)N(C)CCCN(C)C,-1.2999424394882175
N(C(C)(C)C)C(=O)C(CCCCCCCCCC)(CCCCCCCCCC)N(CC)CCN(C)C,1.089453694206572
N(CCCCC)C(=O)C(CCCCCCCCCC)(CCCCCCCCCC)N(CC)CCN(C)C,-0.8087011437197882
N(CC(=O)OCC)C(=O)C(CCCCCCCCC)(CCCCCCCCC)N(CC)CCN(C)C,0.1438297371791922
N(CCCC)C(=O)C(CCCCCCCC)(CCCCCCCC)N(CC)CCN(C)C,0.1360604536536037
N(CC(=O)OCC)C(=O)C(CCCCCCCC)(CCCCCCCC)N(CC)CCN(C)C,0.2268249656964554
N(CCC(=O)OCC)C(=O)C(CCCCCCCC)(CCCCCCCC)N(CC)CCN(C)C,-0.2613810456152056
N(CS(=O)(=O)c3ccc(C)cc3)C(=O)C(CCCCCCCC)(CCCCCCCC)N(CC)CCN(C)C,-0.0143771363014783
N(CC(=O)OC)C(=O)C(CCCCCCC)(CCCCCCC)N(CC)CCN(C)C,0.3033733248331945
N(CC(=O)OC(C)(C)C)C(=O)C(CCCCCCC)(CCCCCCC)N(CC)CCN(C)C,-0.5610957851285079
N(CCC(=O)OCC)C(=O)C(CCCCCCC)(CCCCCCC)N(CC)CCN(C)C,-0.6557381031221418
N(CC(=O)OC(C)(C)C)C(=O)C(CCCCCC)(CCCCCC)N(CC)CCN(C)C,-1.1969057622245876
N(C(C)(C)C)C(=O)C5(CCCCCCCCCCCCCC5)N(CC)CCN(C)C,-1.3109006139907302
N(CC(=O)OC)C(=O)C5(CCCCCCCCCCCCCC5)N(CC)CCN(C)C,-0.6352521541669655
N(C(C)C(=O)OC(C)(C)C)C(=O)C5(CCCCCCCCCCCCCC5)N(CC)CCN(C)C,-1.277922458704556
N(CCCC)C(=O)C5(CCCCCCCCCCC5)N(CC)CCN(C)C,1.2940456317110345
N(C(C)C(=O)OC(C)(C)C)C(=O)C5(CCCCCCCCCCC5)N(CC)CCN(C)C,-0.8804187052665938
N(CS(=O)(=O)c3ccc(C)cc3)C(=O)C5(CCCCCCCCCCC5)N(CC)CCN(C)C,-0.5169158490704764
N(CS(=O)(=O)c3ccc(C)cc3)C(=O)C(CCCCC)(CCCCC)N(CC)CCN(C)C,-0.5012310771304236
N(CC(=O)OC)C(=O)C(CCCCCCC/C=C\CCCCCCCC)(CCCCCCC/C=C\CCCCCCCC)N3CCN(C)CC3,-0.5992990412313804
N(C(C)C(=O)OC(C)(C)C)C(=O)C(CCCCCCC/C=C\CCCCCCCC)(CCCCCCC/C=C\CCCCCCCC)N3CCN(C)CC3,-0.358198445677406
N(C(C)(C)C)C(=O)C(CCCCCCCCCC)(CCCCCCCCCC)N3CCN(C)CC3,0.5746771012881433
N(CCCCC)C(=O)C(CCCCCCCCCC)(CCCCCCCCCC)N3CCN(C)CC3,-1.155526866555409
N(CC(=O)OC)C(=O)C(CCCCCCCCCC)(CCCCCCCCCC)N3CCN(C)CC3,-0.496436115186536
N(CS(=O)(=O)c3ccc(C)cc3)C(=O)C(CCCCCCCCCC)(CCCCCCCCCC)N3CCN(C)CC3,-0.7018255117254434
N(CC(=O)OC)C(=O)C(CCCCCCCCC)(CCCCCCCCC)N3CCN(C)CC3,0.1917193848846538
N(CCCCC)C(=O)C(CCCCCCC)(CCCCCCC)N3CCN(C)CC3,1.3789195551800602
N(C(C)(C)C)C(=O)C(CCCCCC)(CCCCCC)N3CCN(C)CC3,0.033716643157995
N(CCCC)C(=O)C(CCCCCC)(CCCCCC)N3CCN(C)CC3,0.6319591623623226
N(CC(=O)OC)C(=O)C(CCCCCC)(CCCCCC)N3CCN(C)CC3,1.219571316947596
N(CCCCC)C(=O)C5(CCCCCCCCCCCCCC5)N3CCN(C)CC3,-0.8137259687833092
N(CC(=O)OC(C)(C)C)C(=O)C5(CCCCCCCCCCCCCC5)N3CCN(C)CC3,-0.6243514569395604
N(CCCCC)C(=O)C5(CCCCCCCCCCC5)N3CCN(C)CC3,0.3828098107135046
N(CS(=O)(=O)c3ccc(C)cc3)C(=O)C5(CCCCCCCCCCC5)N3CCN(C)CC3,0.1716075446450818
N(CC(=O)OC)C(=O)C(CCCCC)(CCCCC)N3CCN(C)CC3,-1.3160096950353857
N(C(C)C(=O)OC(C)(C)C)C(=O)C(CCCCCCC/C=C\CCCCCCCC)(CCCCCCC/C=C\CCCCCCCC)N(C)CCN(CC)CC,0.4568193553995531
N(CCC(=O)OCC)C(=O)C(CCCCCCCCCC)(CCCCCCCCCC)N(C)CCN(CC)CC,0.3697960876138036
N(CCCC)C(=O)C(CCCCCCCCC)(CCCCCCCCC)N(C)CCN(CC)CC,0.4674514915565862
N(C(C)C(=O)OC(C)(C)C)C(=O)C(CCCCCCCCC)(CCCCCCCCC)N(C)CCN(CC)CC,-0.9464605605596738
N(CCCC)C(=O)C(CCCCCCC)(CCCCCCC)N(C)CCN(CC)CC,1.0404629289975091
N(C3CCCCC3)C(=O)C(CCCCCCC)(CCCCCCC)N(C)CCN(CC)CC,-0.0926791353910727
N(CCCC)C(=O)C(CCCCCC)(CCCCCC)N(C)CCN(CC)CC,0.5552697392454056
N(CS(=O)(=O)c3ccc(C)cc3)C(=O)C(CCCCCC)(CCCCCC)N(C)CCN(CC)CC,1.0530381012928005
N(C3CCCCC3)C(=O)C(CCCCCC)(CCCCCC)N(C)CCN(CC)CC,-0.0934329982425156
N(CCC(=O)OCC)C(=O)C5(CCCCCCCCCCCCCC5)N(C)CCN(CC)CC,-0.5517293483563358
N(CC(=O)OCC)C(=O)C5(CCCCCCCCCCC5)N(C)CCN(CC)CC,0.4160662890489771
N(CCC(=O)OCC)C(=O)C5(CCCCCCCCCCC5)N(C)CCN(CC)CC,-0.6149008944651825
N(C(C)(C)C)C(=O)C(CCCCC)(CCCCC)N(C)CCN(CC)CC,0.4945404721784819
N(CS(=O)(=O)c3ccc(C)cc3)C(=O)C(CCCCC)(CCCCC)N(C)CCN(CC)CC,-0.6951282270856939
N(CC(=O)OC)C(=O)C(CCCCCCC/C=C\CCCCCCCC)(CCCCCCC/C=C\CCCCCCCC)N(C)CCO,-0.4474818025325627
N(C3CCCCC3)C(=O)C(CCCCCCC/C=C\CCCCCCCC)(CCCCCCC/C=C\CCCCCCCC)N(C)CCO,-1.1738711040063778
N(C(C)(C)C)C(=O)C(CCCCCCCCC)(CCCCCCCCC)N(C)CCO,-0.421794902897746
N(CCCC)C(=O)C(CCCCCCCCC)(CCCCCCCCC)N(C)CCO,0.3950746611556211
N(CC(=O)OCC)C(=O)C(CCCCCCCCC)(CCCCCCCCC)N(C)CCO,-0.063869310620702
N(CC(=O)OC(C)(C)C)C(=O)C(CCCCCCCCC)(CCCCCCCCC)N(C)CCO,-0.4173248348883588
N(CCCC)C(=O)C(CCCCCCCC)(CCCCCCCC)N(C)CCO,-1.2935942014745148
N(C(C)C(=O)OC(C)(C)C)C(=O)C(CCCCCCCC)(CCCCCCCC)N(C)CCO,-0.2830209005849095
N(C3CCCCC3)C(=O)C(CCCCCCCC)(CCCCCCCC)N(C)CCO,-0.5961815354438024
N(CCC(=O)OCC)C(=O)C(CCCCCCC)(CCCCCCC)N(C)CCO,-0.5218394333568718
N(C(C)(C)C)C(=O)C5(CCCCCCCCCCCCCC5)N(C)CCO,-1.3511547771846522
N(CS(=O)(=O)c3ccc(C)cc3)C(=O)C5(CCCCCCCCCCCCCC5)N(C)CCO,-0.775863048499696
N(C3CCCCC3)C(=O)C5(CCCCCCCCCCCCCC5)N(C)CCO,0.9821154468461344
N(CC(=O)OC(C)(C)C)C(=O)C5(CCCCCCCCCCC5)N(C)CCO,-0.3066490815019446
N(CS(=O)(=O)c3ccc(C)cc3)C(=O)C5(CCCCCCCCCCC5)N(C)CCO,0.1751239006494778
N(CCCC)C(=O)C(CCCCC)(CCCCC)N(C)CCO,-1.2990909900558691
N(CC(=O)OC)C(=O)C(CCCCC)(CCCCC)N(C)CCO,-1.3406592154937425
N(CC(=O)OCC)C(=O)C(CCCCC)(CCCCC)N(C)CCO,-0.4998756308907657
N(CC(=O)OC(C)(C)C)C(=O)C(CCCCC)(CCCCC)N(C)CCO,-0.7605639826543718
N(CC(=O)OC)C(=O)C(CCCCCCC/C=C\CCCCCCCC)(CCCCCCC/C=C\CCCCCCCC)N(CC)CCO,0.5209731663118858
N(C(C)C(=O)OC(C)(C)C)C(=O)C(CCCCCCC/C=C\CCCCCCCC)(CCCCCCC/C=C\CCCCCCCC)N(CC)CCO,-0.5497684052516313
N(CCC(=O)OCC)C(=O)C(CCCCCCC/C=C\CCCCCCCC)(CCCCCCC/C=C\CCCCCCCC)N(CC)CCO,-0.4896028972573507
N(CCCCC)C(=O)C(CCCCCCCCCC)(CCCCCCCCCC)N(CC)CCO,0.6956952249497395
N(CS(=O)(=O)c3ccc(C)cc3)C(=O)C(CCCCCCCCCC)(CCCCCCCCCC)N(CC)CCO,-0.5767374321887417
N(C3CCCCC3)C(=O)C(CCCCCCCCCC)(CCCCCCCCCC)N(CC)CCO,0.71362649735606
N(CCCC)C(=O)C(CCCCCCCCC)(CCCCCCCCC)N(CC)CCO,1.2248829561811658
N(CC(=O)OC)C(=O)C(CCCCCCCCC)(CCCCCCCCC)N(CC)CCO,0.6043783072596894
N(C(C)C(=O)OC(C)(C)C)C(=O)C(CCCCCCCCC)(CCCCCCCCC)N(CC)CCO,-0.6124025584439209
N(CCCC)C(=O)C(CCCCCCCC)(CCCCCCCC)N(CC)CCO,-0.6888174212735334
N(C(C)C(=O)OC(C)(C)C)C(=O)C(CCCCCCCC)(CCCCCCCC)N(CC)CCO,-1.1253533075064892
N(CCCCC)C(=O)C(CCCCCCC)(CCCCCCC)N(CC)CCO,0.7745165375614517
N(C(C)C(=O)OC(C)(C)C)C(=O)C(CCCCCCC)(CCCCCCC)N(CC)CCO,-0.8343146656639988
N(CS(=O)(=O)c3ccc(C)cc3)C(=O)C(CCCCCCC)(CCCCCCC)N(CC)CCO,-1.190575397968976
N(C(C)C(=O)OC(C)(C)C)C(=O)C5(CCCCCCCCCCCCCC5)N(CC)CCO,-1.3855943440146343
N(C3CCCCC3)C(=O)C5(CCCCCCCCCCCCCC5)N(CC)CCO,-1.298857163646872
N(CC(=O)OCC)C(=O)C5(CCCCCCCCCCC5)N(CC)CCO,-0.2551442714427822
N(C(C)C(=O)OC(C)(C)C)C(=O)C(CCCCC)(CCCCC)N(CC)CCO,-1.261451655235678
N(C(C)(C)C)C(=O)C(CCCCCCCCCC)(CCCCCCCCCC)NCCCN(C)C,-0.0114624684193381
N(CCCCC)C(=O)C(CCCCCCCCCC)(CCCCCCCCCC)NCCCN(C)C,-0.0515418930845559
C1(C(=O)OC)N=CC(CCCCCCCCCC)(CCCCCCCCCC)N1(CCCN(C)C),1.3128528510972373
C1(C(=O)OCC)N=CC(CCCCCCCCC)(CCCCCCCCC)N1(CCCN(C)C),1.5813143296148222
N(CS(=O)(=O)c3ccc(C)cc3)C(=O)C(CCCCCCCCC)(CCCCCCCCC)NCCCN(C)C,-0.7285348467772743
N(CCCCC)C(=O)C(CCCCCCCC)(CCCCCCCC)NCCCN(C)C,0.0090407348303967
C1(C(=O)OC(C)(C)C)N=CC(CCCCCCCC)(CCCCCCCC)N1(CCCN(C)C),-0.559280920465484
C1(C)(C(=O)OC(C)(C)C)N=CC(CCCCCCCC)(CCCCCCCC)N1(CCCN(C)C),-0.972623080463032
N(C3CCCCC3)C(=O)C(CCCCCCCC)(CCCCCCCC)NCCCN(C)C,1.224720661844621
C1(C(=O)OCC)N=CC(CCCCCCC)(CCCCCCC)N1(CCCN(C)C),-0.1840575345174153
N(C3CCCCC3)C(=O)C(CCCCCCC)(CCCCCCC)NCCCN(C)C,-1.2523185569651427
N(CCCC)C(=O)C(CCCCCC)(CCCCCC)NCCCN(C)C,0.6239870473175189
N(C3CCCCC3)C(=O)C(CCCCCC)(CCCCCC)NCCCN(C)C,-0.4562626342439256
N(CCCC)C(=O)C5(CCCCCCCCCCCCCC5)NCCCN(C)C,-1.2783877958784575
C1(CC(=O)OCC)N=CC5(CCCCCCCCCCC5)N1(CCCN(C)C),-0.8438692750214426
N(CCCC)C(=O)C(CCCCC)(CCCCC)NCCCN(C)C,-1.3341723977402138
C1(C(=O)OCC)N=CC(CCCCC)(CCCCC)N1(CCCN(C)C),-0.3793177392572168
N(CC(=O)OCC)C(=O)C(CCCCCCC/C=C\CCCCCCCC)(CCCCCCC/C=C\CCCCCCCC)N(C)CCN(C)C,-0.4991958605072758
N(CC(=O)OCC)C(=O)C(CCCCCCC/C=C\CCCCCCCC)(CCCCCCC/C=C\CCCCCCCC)N(CC)CCO,-0.8625666834766355
C1(C(=O)OC(C)(C)C)N=CC(CCCCCCC/C=C\CCCCCCCC)(CCCCCCC/C=C\CCCCCCCC)N1(CCCN(C)C),1.6549641242649236
C1(C(=O)OC(C)(C)C)N=CC(CCCCCCC/C=C\CCCCCCCC)(CCCCCCC/C=C\CCCCCCCC)N1(CCN(CC)CC),0.6476598996636136
N(CS(=O)(=O)c3ccc(C)cc3)C(=O)C(CCCCCCC/C=C\CCCCCCCC)(CCCCCCC/C=C\CCCCCCCC)NCCN(C)C,0.1438102098192168
N(CC(=O)OC(C)(C)C)C(=O)C(CCCCCCC/C=C\CCCCCCCC)(CCCCCCC/C=C\CCCCCCCC)N(CC)CCO,-0.6706958963184212
N(CC(=O)OC(C)(C)C)C(=O)C(CCCCCCC/C=C\CCCCCCCC)(CCCCCCC/C=C\CCCCCCCC)N(CC)CCN(C)C,-0.8746489846035459
N(CC(=O)OC(C)(C)C)C(=O)C(CCCCCCC/C=C\CCCCCCCC)(CCCCCCC/C=C\CCCCCCCC)N(C)CCO,-1.03079690788154
N(CC(=O)OCC)C(=O)C(CCCCCCC/C=C\CCCCCCCC)(CCCCCCC/C=C\CCCCCCCC)N(C)CCN(C)C,-0.3415804243394049
N(CC(=O)OCC)C(=O)C(CCCCCCC/C=C\CCCCCCCC)(CCCCCCC/C=C\CCCCCCCC)N(CC)CCO,-0.8365345202322669
 OCCN1CCC(CCCC2CCN(CCC(=O)OCCCCCCCC/C=C\CC(CCCCCC)OC(OCCCCCCCC/C=C\CCCCCCCC)=O)CC2)CC1,2.404854894972515
 CN(CC1)CCN1CCCN(CCC(=O)OCCCCCCCC/C=C\CC(CCCCCC)OC(OCCCCCCCCCCCCCCCCCC)=O)(CCC(=O)OCCCCCCCC/C=C\CC(CCCCCC)OC(OCCCCCCCCCCCCCCCCCC)=O),2.37863546110763
 N(CCC(=O)OCCCCCCCC/C=C\CC(CCCCCC)OC(OCCCCCCCCCCCCCCCCCC)=O)(CCC(=O)OCCCCCCCC/C=C\CC(CCCCCC)OC(OCCCCCCCCCCCCCCCCCC)=O)CCCN1CCN(CCCN(CCC(=O)OCCCCCCCC/C=C\CC(CCCCCC)OC(OCCCCCCCCCCCCCCCCCC)=O)(CCC(=O)OCCCCCCCC/C=C\CC(CCCCCC)OC(OCCCCCCCCCCCCCCCCCC)=O))CC1,2.22699860334878
 N(CCC(=O)OCCCCCCCC/C=C\CC(CCCCCC)OC(OCCCCCCCCCCCCCCCCCC)=O)(CCC(=O)OCCCCCCCC/C=C\CC(CCCCCC)OC(OCCCCCCCCCCCCCCCCCC)=O)CCC1=NC=CC=C1,2.166059015288717
 N(CCC(=O)OCCCCCCCC/C=C\CC(CCCCCC)OC(OCCCCCCCCCCCCCCCCCC)=O)(CCC(=O)OCCCCCCCC/C=C\CC(CCCCCC)OC(OCCCCCCCCCCCCCCCCCC)=O)CCCN(CCC(=O)OCCCCCCCC/C=C\CC(CCCCCC)OC(OCCCCCCCCCCCCCCCCCC)=O)CCCN(C)C,2.052864271085888
 N(CCC(=O)OCCCCCCCC/C=C\CC(CCCCCC)OC(OCCCCCCCC/C=C\CCCCCCCC)=O)(CCC(=O)OCCCCCCCC/C=C\CC(CCCCCC)OC(OCCCCCCCC/C=C\CCCCCCCC)=O)CCCN(C)C,2.0155636485454727
 N(CCC(=O)OCCCCCCCC/C=C\CC(CCCCCC)OC(OCCCCCCCC/C=C\CCCCCCCC)=O)(CCC(=O)OCCCCCCCC/C=C\CC(CCCCCC)OC(OCCCCCCCC/C=C\CCCCCCCC)=O)CCN(C)C,1.9687536776968388
 CCN1CCN(C2CCN(CCC(=O)OCCCCCCCC/C=C\CC(CCCCCC)OC(OCCCCCCCC/C=C\C/C=C\CCCCC)=O)CC2)CC1,1.7464574775494477
 C1N(CCC(=O)OCCCCCCCC/C=C\CC(CCCCCC)OC(OCC#CCCC)=O)CCN(CCC(=O)OCCCCCCCC/C=C\CC(CCCCCC)OC(OCC#CCCC)=O)CCN(CCC(=O)OCCCCCCCC/C=C\CC(CCCCCC)OC(OCC#CCCC)=O)C1,1.7055882842662486
 N(CCC(=O)OCCCCCCCC/C=C\CC(CCCCCC)OC(OCC#CCCC)=O)(CCC(=O)OCCCCCCCC/C=C\CC(CCCCCC)OC(OCC#CCCC)=O)CCN(C)C,1.665309498568711
 N(CCC(=O)OCCCCCCCC/C=C\CC(CCCCCC)OC(OCC#CCCCCCC)=O)(CCC(=O)OCCCCCCCC/C=C\CC(CCCCCC)OC(OCC#CCCCCCC)=O)CCN(C)CCN(CCC(=O)OCCCCCCCC/C=C\CC(CCCCCC)OC(OCC#CCCCCCC)=O)(CCC(=O)OCCCCCCCC/C=C\CC(CCCCCC)OC(OCC#CCCCCCC)=O),1.6607218876273893
 N(CCC(=O)OCCCCCCCC/C=C\CC(CCCCCC)OC(OCCCCCCCC/C=C\CCCCCCCC)=O)(CCC(=O)OCCCCCCCC/C=C\CC(CCCCCC)OC(OCCCCCCCC/C=C\CCCCCCCC)=O)CCCN(CC)CC,1.6126625324350616
 N(CCC(=O)OCCCCCCCC/C=C\CC(CCCCCC)OC(OCC#CCCCC)=O)(CCC(=O)OCCCCCCCC/C=C\CC(CCCCCC)OC(OCC#CCCCC)=O)CCN(CC)CC,1.410327963389788
 N(CCC(=O)OCCCCCCCC/C=C\CC(CCCCCC)OC(OCC#CCCCCC)=O)(CCC(=O)OCCCCCCCC/C=C\CC(CCCCCC)OC(OCC#CCCCCC)=O)CCCN(CCC(=O)OCCCCCCCC/C=C\CC(CCCCCC)OC(OCC#CCCCCC)=O)CCN(CCC(=O)OCCCCCCCC/C=C\CC(CCCCCC)OC(OCC#CCCCCC)=O)CCCN(CCC(=O)OCCCCCCCC/C=C\CC(CCCCCC)OC(OCC#CCCCCC)=O)(CCC(=O)OCCCCCCCC/C=C\CC(CCCCCC)OC(OCC#CCCCCC)=O),1.355548906872025
 C1N(CCC(=O)OCCCCCCCC/C=C\CC(CCCCCC)OC(OCC#CCC)=O)CCN(CCC(=O)OCCCCCCCC/C=C\CC(CCCCCC)OC(OCC#CCC)=O)CCN(CCC(=O)OCCCCCCCC/C=C\CC(CCCCCC)OC(OCC#CCC)=O)C1,1.354737374199818
 N(CCC(=O)OCCCCCCCC/C=C\CC(CCCCCC)OC(OCC#CCCCC)=O)(CCC(=O)OCCCCCCCC/C=C\CC(CCCCCC)OC(OCC#CCCCC)=O)CCN(CCC(=O)OCCCCCCCC/C=C\CC(CCCCCC)OC(OCC#CCCCC)=O)CCN(CC1)CCN1CCN(CCC(=O)OCCCCCCCC/C=C\CC(CCCCCC)OC(OCC#CCCCC)=O)(CCC(=O)OCCCCCCCC/C=C\CC(CCCCCC)OC(OCC#CCCCC)=O),1.2859244043826892
 N(CCC(=O)OCCCCCCCC/C=C\CC(CCCCCC)OC(OCC#CCCCCC)=O)(CCC(=O)OCCCCCCCC/C=C\CC(CCCCCC)OC(OCC#CCCCCC)=O)CCCN(CCC(=O)OCCCCCCCC/C=C\CC(CCCCCC)OC(OCC#CCCCCC)=O)CCCN(C)C,1.2821547561845204
 CN(CCC(=O)OCCCCCCCC/C=C\CC(CCCCCC)OC(OCCCCCCCC/C=C\CCCCCCCC)=O)CCN(CCN(CCC(=O)OCCCCCCCC/C=C\CC(CCCCCC)OC(OCCCCCCCC/C=C\CCCCCCCC)=O)C)CCN(CCC(=O)OCCCCCCCC/C=C\CC(CCCCCC)OC(OCCCCCCCC/C=C\CCCCCCCC)=O)C,1.2774031390802836
 N(CCC(=O)OCCCCCCCC/C=C\CC(CCCCCC)OC(OCC#CCCCCCC)=O)(CCC(=O)OCCCCCCCC/C=C\CC(CCCCCC)OC(OCC#CCCCCCC)=O)CCCN(CCC(=O)OCCCCCCCC/C=C\CC(CCCCCC)OC(OCC#CCCCCCC)=O)CCN(CCC(=O)OCCCCCCCC/C=C\CC(CCCCCC)OC(OCC#CCCCCCC)=O)CCCN(CCC(=O)OCCCCCCCC/C=C\CC(CCCCCC)OC(OCC#CCCCCCC)=O)(CCC(=O)OCCCCCCCC/C=C\CC(CCCCCC)OC(OCC#CCCCCCC)=O),1.26101784111811
 N(CCC(=O)OCCCCCCCC/C=C\CC(CCCCCC)OC(OCCCCCCCCCCCCCCCCCC)=O)(CCC(=O)OCCCCCCCC/C=C\CC(CCCCCC)OC(OCCCCCCCCCCCCCCCCCC)=O)CCN1CCOCC1,1.2452886145758997
 C1(N2CCN(CCC(=O)OCCCCCCCC/C=C\CC(CCCCCC)OC(OCCCCCCCCCCCCCCCCCC)=O)CC2)=CC=NC=C1,1.2399883574002344
 N(CCC(=O)OCCCCCCCC/C=C\CC(CCCCCC)OC(OCC#CCC)=O)(CCC(=O)OCCCCCCCC/C=C\CC(CCCCCC)OC(OCC#CCC)=O)CCCN(CCC(=O)OCCCCCCCC/C=C\CC(CCCCCC)OC(OCC#CCC)=O)CCN(CCC(=O)OCCCCCCCC/C=C\CC(CCCCCC)OC(OCC#CCC)=O)CCCN(CCC(=O)OCCCCCCCC/C=C\CC(CCCCCC)OC(OCC#CCC)=O)(CCC(=O)OCCCCCCCC/C=C\CC(CCCCCC)OC(OCC#CCC)=O),1.2152658000207417
 N(CCC(=O)OCCCCCCCC/C=C\CC(CCCCCC)OC(OCCCCCCCC/C=C\C/C=C\CCCCC)=O)(CCC(=O)OCCCCCCCC/C=C\CC(CCCCCC)OC(OCCCCCCCC/C=C\C/C=C\CCCCC)=O)CCC1=NC=CC=C1,1.1951291094671772
 N(CCC(=O)OCCCCCCCC/C=C\CC(CCCCCC)OC(OCCCCCCCC/C=C\C/C=C\CCCCC)=O)(CCC(=O)OCCCCCCCC/C=C\CC(CCCCCC)OC(OCCCCCCCC/C=C\C/C=C\CCCCC)=O)CCN1CCCCC1,1.1888406392470094
 OCCC1CCN(CCC(=O)OCCCCCCCC/C=C\CC(CCCCCC)OC(OCCC#CCCCC)=O)CC1,1.134442261864659
 CN(CCCN(CCC(=O)OCCCCCCCC/C=C\CC(CCCCCC)OC(OCCC#CCCCC)=O)C)CCCN(CCC(=O)OCCCCCCCC/C=C\CC(CCCCCC)OC(OCCC#CCCCC)=O)C,1.1109216737571943
 CN(C)CCCN1CCN(CCC(=O)OCCCCCCCC/C=C\CC(CCCCCC)OC(OCCCCCCCCCCCCCCCCCC)=O)CC1,1.081983781106714
 N(CCC(=O)OCCCCCCCC/C=C\CC(CCCCCC)OC(OCCCCCCCC/C=C\CCCCCCCC)=O)(CCC(=O)OCCCCCCCC/C=C\CC(CCCCCC)OC(OCCCCCCCC/C=C\CCCCCCCC)=O)CCC1=CN(CCC(=O)OCCCCCCCC/C=C\CC(CCCCCC)OC(OCCCCCCCC/C=C\CCCCCCCC)=O)C=N1,1.030810537727742
 CN(CCC(=O)OCCCCCCCC/C=C\CC(CCCCCC)OC(OCC#CCCCCCC)=O)CCCCCCN(CCC(=O)OCCCCCCCC/C=C\CC(CCCCCC)OC(OCC#CCCCCCC)=O)C,1.0137296673829026
 N(CCC(=O)OCCCCCCCC/C=C\CC(CCCCCC)OC(OCC#CCCC)=O)(CCC(=O)OCCCCCCCC/C=C\CC(CCCCCC)OC(OCC#CCCC)=O)CCN(CC)CC,0.9833813842411744
 N(CCC(=O)OCCCCCCCC/C=C\CC(CCCCCC)OC(OCCC#CCCCCCC)=O)(CCC(=O)OCCCCCCCC/C=C\CC(CCCCCC)OC(OCCC#CCCCCCC)=O)CCC1N(C(C)C)CCCC1,0.8877406789655329
 N(CCC(=O)OCCCCCCCC/C=C\CC(CCCCCC)OC(OCC#CCCCC)=O)(CCC(=O)OCCCCCCCC/C=C\CC(CCCCCC)OC(OCC#CCCCC)=O)CCN1CCCCC1,0.8513940134006911
 N(CCC(=O)OCCCCCCCC/C=C\CC(CCCCCC)OC(OCCCCCCCCCCCCCCCCCC)=O)(CCC(=O)OCCCCCCCC/C=C\CC(CCCCCC)OC(OCCCCCCCCCCCCCCCCCC)=O)CCC1=CC=NC=C1,0.7918028843360756
 OC[C@@H]1CCCN(CCC(=O)OCCCCCCCC/C=C\CC(CCCCCC)OC(OCCC#CCCCCCC)=O)1,0.7564945640115798
 N(CCC(=O)OCCCCCCCC/C=C\CC(CCCCCC)OC(OCC#CCC)=O)(CCC(=O)OCCCCCCCC/C=C\CC(CCCCCC)OC(OCC#CCC)=O)CCC1N(C)CCCC1,0.6966088710813654
 N(CCC(=O)OCCCCCCCC/C=C\CC(CCCCCC)OC(OCC#CCC)=O)(CCC(=O)OCCCCCCCC/C=C\CC(CCCCCC)OC(OCC#CCC)=O)CCCN(CCC(=O)OCCCCCCCC/C=C\CC(CCCCCC)OC(OCC#CCC)=O)CCCN(C)C,0.6814759734479087
 N(CCC(=O)OCCCCCCCC/C=C\CC(CCCCCC)OC(OCCCCCCCC/C=C\CCCCCCCC)=O)(CCC(=O)OCCCCCCCC/C=C\CC(CCCCCC)OC(OCCCCCCCC/C=C\CCCCCCCC)=O)CCN(CCC(=O)OCCCCCCCC/C=C\CC(CCCCCC)OC(OCCCCCCCC/C=C\CCCCCCCC)=O)CCN(CC1)CCN1CCN(CCC(=O)OCCCCCCCC/C=C\CC(CCCCCC)OC(OCCCCCCCC/C=C\CCCCCCCC)=O)(CCC(=O)OCCCCCCCC/C=C\CC(CCCCCC)OC(OCCCCCCCC/C=C\CCCCCCCC)=O),0.6354377981858953
 N(CCC(=O)OCCCCCCCC/C=C\CC(CCCCCC)OC(OCCCCCCCCCCCCCCCCCC)=O)(CCC(=O)OCCCCCCCC/C=C\CC(CCCCCC)OC(OCCCCCCCCCCCCCCCCCC)=O)CCN(C)C,0.6101598718031848
 N(CCC(=O)OCCCCCCCC/C=C\CC(CCCCCC)OC(OCC#CCCC)=O)(CCC(=O)OCCCCCCCC/C=C\CC(CCCCCC)OC(OCC#CCCC)=O)CCC1N(CC(C)C)CCCC1,0.6024472155838723
 N(CCC(=O)OCCCCCCCC/C=C\CC(CCCCCC)OC(OCC#CCCCC)=O)(CCC(=O)OCCCCCCCC/C=C\CC(CCCCCC)OC(OCC#CCCCC)=O)CCCN1CCN(CCCN(CCC(=O)OCCCCCCCC/C=C\CC(CCCCCC)OC(OCC#CCCCC)=O)(CCC(=O)OCCCCCCCC/C=C\CC(CCCCCC)OC(OCC#CCCCC)=O))CC1,0.6013138417200921
 CN(CCC(=O)OCCCCCCCC/C=C\CC(CCCCCC)OC(OCC#CCCCC)=O)CCN(C)C,0.5472269708756399
 N(CCC(=O)OCCCCCCCC/C=C\CC(CCCCCC)OC(OCCC#CCCCCCC)=O)(CCC(=O)OCCCCCCCC/C=C\CC(CCCCCC)OC(OCCC#CCCCCCC)=O)CCCN1CCCCCC1,0.5030744854966132
 N(CCC(=O)OCCCCCCCC/C=C\CC(CCCCCC)OC(OCC#CCCCC)=O)(CCC(=O)OCCCCCCCC/C=C\CC(CCCCCC)OC(OCC#CCCCC)=O)CCC1N(CC(C)C)CCCC1,0.5009674617807651
 N(CCC(=O)OCCCCCCCC/C=C\CC(CCCCCC)OC(OCCC#CCCCCCC)=O)(CCC(=O)OCCCCCCCC/C=C\CC(CCCCCC)OC(OCCC#CCCCCCC)=O)CCN1CCN(C)CC1,0.4682603543944109
 C1N(CCC(=O)OCCCCCCCC/C=C\CC(CCCCCC)OC(OCCC#CCCCCCC)=O)CCN(CCC(=O)OCCCCCCCC/C=C\CC(CCCCCC)OC(OCCC#CCCCCCC)=O)CCN(CCC(=O)OCCCCCCCC/C=C\CC(CCCCCC)OC(OCCC#CCCCCCC)=O)C1,0.4558223009769735
 N1(CCN2CCCC2)CCN(CCC(=O)OCCCCCCCC/C=C\CC(CCCCCC)OC(OCCCCCCCCCCCCCCCCCC)=O)CC1,0.4163222816241804
 OC1CCN(CCC(=O)OCCCCCCCC/C=C\CC(CCCCCC)OC(OCCC#CCCCC)=O)CC1,0.3660256609845217
 CN(CCC(=O)OCCCCCCCC/C=C\CC(CCCCCC)OC(OCCC#CCCCCCC)=O)CCCN1C=CN=C1,0.3582066650572457
 N(CCC(=O)OCCCCCCCC/C=C\CC(CCCCCC)OC(OCC#CCC)=O)(CCC(=O)OCCCCCCCC/C=C\CC(CCCCCC)OC(OCC#CCC)=O)CCCN(CCC(=O)OCCCCCCCC/C=C\CC(CCCCCC)OC(OCC#CCC)=O)C,0.3164636699617245
 OCC1CCN(CCC(=O)OCCCCCCCC/C=C\CC(CCCCCC)OC(OCC#CCCCC)=O)CC1,0.2336336553726643
 N(CCC(=O)OCCCCCCCC/C=C\CC(CCCCCC)OC(OCC#CCC)=O)(CCC(=O)OCCCCCCCC/C=C\CC(CCCCCC)OC(OCC#CCC)=O)CCCN1CCCC1,0.2297524659189866
 N(CCC(=O)OCCCCCCCC/C=C\CC(CCCCCC)OC(OCC#CCCCCCC)=O)(CCC(=O)OCCCCCCCC/C=C\CC(CCCCCC)OC(OCC#CCCCCCC)=O)CCCN(CC)CC,0.221878439671929
 N(CCC(=O)OCCCCCCCC/C=C\CC(CCCCCC)OC(OCC#CCCC)=O)(CCC(=O)OCCCCCCCC/C=C\CC(CCCCCC)OC(OCC#CCCC)=O)CCC1N(C(C)C)CCCC1,0.214092026420985
 CN(CC1)CCN1CCCN(CCC(=O)OCCCCCCCC/C=C\CC(CCCCCC)OC(OCCC#CCCCCCC)=O)(CCC(=O)OCCCCCCCC/C=C\CC(CCCCCC)OC(OCCC#CCCCCCC)=O),0.2127431590584267
 N(CCC(=O)OCCCCCCCC/C=C\CC(CCCCCC)OC(OCCC#CCCCCCC)=O)(CCC(=O)OCCCCCCCC/C=C\CC(CCCCCC)OC(OCCC#CCCCCCC)=O)CCCN1CCCCC1,0.2090689615390856
 C1(N2CCN(CCC(=O)OCCCCCCCC/C=C\CC(CCCCCC)OC(OCC#CCCCC)=O)CC2)=CN=CC=C1,0.2021780152304015
 CN(CC1)CCC1CN2CCN(CCC(=O)OCCCCCCCC/C=C\CC(CCCCCC)OC(OCC#CCCCCC)=O)CC2,0.1776014753285652
 OCCOCCN1CCN(CCC(=O)OCCCCCCCC/C=C\CC(CCCCCC)OC(OCC#CCCCCC)=O)CC1,0.1408628560458698
 CN(C)CCCN(CCC(=O)OCCCCCCCC/C=C\CC(CCCCCC)OC(OCCCCCCCC/C=C\C/C=C\CCCCC)=O)CCCN(C)C,0.084853396270192
 CN(C)CCN1CCN(CCC(=O)OCCCCCCCC/C=C\CC(CCCCCC)OC(OCCC#CCCCCCC)=O)CC1,0.0819305508867935
 OCCOCCN1CCN(CCC(=O)OCCCCCCCC/C=C\CC(CCCCCC)OC(OCCCCCCCC/C=C\CCCCCCCC)=O)CC1,-0.0043389482327921
 CCN1CCN(C2CCN(CCC(=O)OCCCCCCCC/C=C\CC(CCCCCC)OC(OCC#CCCCCCC)=O)CC2)CC1,-0.0084213155225961
 N(CCC(=O)OCCCCCCCC/C=C\CC(CCCCCC)OC(OCCC#CCCCC)=O)(CCC(=O)OCCCCCCCC/C=C\CC(CCCCCC)OC(OCCC#CCCCC)=O)CCC1N(C(C)C)CCCC1,-0.0226655561345913
 OC[C@@H]1CCCN(CCC(=O)OCCCCCCCC/C=C\CC(CCCCCC)OC(OCCCCCCCC/C=C\C/C=C\CCCCC)=O)1,-0.024558187117754
 N(CCC(=O)OCCCCCCCC/C=C\CC(CCCCCC)OC(OCC#CCCC)=O)(CCC(=O)OCCCCCCCC/C=C\CC(CCCCCC)OC(OCC#CCCC)=O)CCCN(CC)CC,-0.0440246137832527
 CN(C)CCCN(CCC(=O)OCCCCCCCC/C=C\CC(CCCCCC)OC(OCCCCCCCCCCCCCCCCCC)=O)CCCN(C)C,-0.0542872545415315
 N(CCC(=O)OCCCCCCCC/C=C\CC(CCCCCC)OC(OCC#CCC)=O)(CCC(=O)OCCCCCCCC/C=C\CC(CCCCCC)OC(OCC#CCC)=O)CCCN1CCN(CCCN(CCC(=O)OCCCCCCCC/C=C\CC(CCCCCC)OC(OCC#CCC)=O)(CCC(=O)OCCCCCCCC/C=C\CC(CCCCCC)OC(OCC#CCC)=O))CC1,-0.0627829546940307
 CN(C)CCCN(CCC(=O)OCCCCCCCC/C=C\CC(CCCCCC)OC(OCC#CCCC)=O)CCCN(C)C,-0.0744235994659498
 CN(CCC(=O)OCCCCCCCC/C=C\CC(CCCCCC)OC(OCCCCCCCCCCCCCCCCCC)=O)CCCN1C=CN=C1,-0.0877426273560088
 N(CCC(=O)OCCCCCCCC/C=C\CC(CCCCCC)OC(OCCC#CCCCCCC)=O)(CCC(=O)OCCCCCCCC/C=C\CC(CCCCCC)OC(OCCC#CCCCCCC)=O)CCC1N(C)CCCC1,-0.1273415707894427
 N1(CCN2CCCC2)CCN(CCC(=O)OCCCCCCCC/C=C\CC(CCCCCC)OC(OCC#CCCCC)=O)CC1,-0.1467744463325873
 CCN(CC)CCN(CCC(=O)OCCCCCCCC/C=C\CC(CCCCCC)OC(OCC#CCC)=O)CCN(CC)CC,-0.154437455149412
 N(CCC(=O)OCCCCCCCC/C=C\CC(CCCCCC)OC(OCC#CCC)=O)(CCC(=O)OCCCCCCCC/C=C\CC(CCCCCC)OC(OCC#CCC)=O)CCN1CCOCC1,-0.1555477927735724
 CN(C)CCCN(CCC(=O)OCCCCCCCC/C=C\CC(CCCCCC)OC(OCCCCCCCC/C=C\CCCCCCCC)=O)CCCN(C)C,-0.1749857911566343
 N(CCC(=O)OCCCCCCCC/C=C\CC(CCCCCC)OC(OCCC#CCCCC)=O)(CCC(=O)OCCCCCCCC/C=C\CC(CCCCCC)OC(OCCC#CCCCC)=O)CCN1CCN(C)CC1,-0.2085990708632547
 N(CCC(=O)OCCCCCCCC/C=C\CC(CCCCCC)OC(OCC#CCCC)=O)(CCC(=O)OCCCCCCCC/C=C\CC(CCCCCC)OC(OCC#CCCC)=O)CCC1=CN(CCC(=O)OCCCCCCCC/C=C\CC(CCCCCC)OC(OCC#CCCC)=O)C=N1,-0.2493145789489295
 CN(CCC(=O)OCCCCCCCC/C=C\CC(CCCCCC)OC(OCC#CCCC)=O)CCN(C)C,-0.2511087695041169
 N(CCC(=O)OCCCCCCCC/C=C\CC(CCCCCC)OC(OCC#CCC)=O)(CCC(=O)OCCCCCCCC/C=C\CC(CCCCCC)OC(OCC#CCC)=O)CCC1=CC=NC=C1,-0.2576424356565088
 OCCC1CCN(CCC(=O)OCCCCCCCC/C=C\CC(CCCCCC)OC(OCCCCCCCC/C=C\C/C=C\CCCCC)=O)CC1,-0.2635461293818825
 CC1=NCCN(CCC(=O)OCCCCCCCC/C=C\CC(CCCCCC)OC(OCCCCCCCC/C=C\CCCCCCCC)=O)1,-0.2714420728514232
 N(CCC(=O)OCCCCCCCC/C=C\CC(CCCCCC)OC(OCCC#CCCCC)=O)(CCC(=O)OCCCCCCCC/C=C\CC(CCCCCC)OC(OCCC#CCCCC)=O)CCN1CCC(C)CC1,-0.2722230030855756
 OCCOCCN1CCN(CCC(=O)OCCCCCCCC/C=C\CC(CCCCCC)OC(OCCCCCCCCCCCCCCCCCC)=O)CC1,-0.3252988710349995
 N(CCC(=O)OCCCCCCCC/C=C\CC(CCCCCC)OC(OCCC#CCCCCCC)=O)(CCC(=O)OCCCCCCCC/C=C\CC(CCCCCC)OC(OCCC#CCCCCCC)=O)CCC1=CC=NC=C1,-0.3986097752886722
 CN(CCCN(CCC(=O)OCCCCCCCC/C=C\CC(CCCCCC)OC(OCC#CCCC)=O)C)CCCN(CCC(=O)OCCCCCCCC/C=C\CC(CCCCCC)OC(OCC#CCCC)=O)C,-0.4051077458210378
 CN(CCCN(CCC(=O)OCCCCCCCC/C=C\CC(CCCCCC)OC(OCC#CCCCCC)=O)C)CCCN(CCC(=O)OCCCCCCCC/C=C\CC(CCCCCC)OC(OCC#CCCCCC)=O)C,-0.4456982582096933
 N(CCC(=O)OCCCCCCCC/C=C\CC(CCCCCC)OC(OCCC#CCCCCCC)=O)(CCC(=O)OCCCCCCCC/C=C\CC(CCCCCC)OC(OCCC#CCCCCCC)=O)CCC1OCCO1,-0.4629291795129171
 N(CCC(=O)OCCCCCCCC/C=C\CC(CCCCCC)OC(OCCCCCCCC/C=C\C/C=C\CCCCC)=O)(CCC(=O)OCCCCCCCC/C=C\CC(CCCCCC)OC(OCCCCCCCC/C=C\C/C=C\CCCCC)=O)CCCN(CCC(=O)OCCCCCCCC/C=C\CC(CCCCCC)OC(OCCCCCCCC/C=C\C/C=C\CCCCC)=O)(CCC(=O)OCCCCCCCC/C=C\CC(CCCCCC)OC(OCCCCCCCC/C=C\C/C=C\CCCCC)=O),-0.4736098889516573
 OCC1CCN(CCC(=O)OCCCCCCCC/C=C\CC(CCCCCC)OC(OCC#CCCC)=O)CC1,-0.5004554009270432
 C1N(CCC(=O)OCCCCCCCC/C=C\CC(CCCCCC)OC(OCCC#CCCCCCC)=O)CCCN(CCC(=O)OCCCCCCCC/C=C\CC(CCCCCC)OC(OCCC#CCCCCCC)=O)CCN(CCC(=O)OCCCCCCCC/C=C\CC(CCCCCC)OC(OCCC#CCCCCCC)=O)CCCN(CCC(=O)OCCCCCCCC/C=C\CC(CCCCCC)OC(OCCC#CCCCCCC)=O)C1,-0.5102143276994318
 N(CCC(=O)OCCCCCCCC/C=C\CC(CCCCCC)OC(OCCCCCCCC/C=C\C/C=C\CCCCC)=O)(CCC(=O)OCCCCCCCC/C=C\CC(CCCCCC)OC(OCCCCCCCC/C=C\C/C=C\CCCCC)=O)CCC1N(CC(C)C)CCCC1,-0.5237057663581755
 OCC1N(CCC(=O)OCCCCCCCC/C=C\CC(CCCCCC)OC(OCC#CCCCC)=O)CCCC1,-0.5345574698283092
 N(CCC(=O)OCCCCCCCC/C=C\CC(CCCCCC)OC(OCC#CCCCCC)=O)(CCC(=O)OCCCCCCCC/C=C\CC(CCCCCC)OC(OCC#CCCCCC)=O)CC(O)CO,-0.5466485321155192
 N(CCC(=O)OCCCCCCCC/C=C\CC(CCCCCC)OC(OCCC#CCCCC)=O)(CCC(=O)OCCCCCCCC/C=C\CC(CCCCCC)OC(OCCC#CCCCC)=O)CCCN(CCC(=O)OCCCCCCCC/C=C\CC(CCCCCC)OC(OCCC#CCCCC)=O)(CCC(=O)OCCCCCCCC/C=C\CC(CCCCCC)OC(OCCC#CCCCC)=O),-0.5475560162295742
 N(CCC(=O)OCCCCCCCC/C=C\CC(CCCCCC)OC(OCCC#CCCCC)=O)(CCC(=O)OCCCCCCCC/C=C\CC(CCCCCC)OC(OCCC#CCCCC)=O)CCCN(CCC(=O)OCCCCCCCC/C=C\CC(CCCCCC)OC(OCCC#CCCCC)=O)C,-0.5634307024519091
 N(CCC(=O)OCCCCCCCC/C=C\CC(CCCCCC)OC(OCCC#CCCCC)=O)(CCC(=O)OCCCCCCCC/C=C\CC(CCCCCC)OC(OCCC#CCCCC)=O)CCN1CCCCC1,-0.600619847615469
 N(CCC(=O)OCCCCCCCC/C=C\CC(CCCCCC)OC(OCC#CCCCCCC)=O)(CCC(=O)OCCCCCCCC/C=C\CC(CCCCCC)OC(OCC#CCCCCCC)=O)CCCN1CCCCC1,-0.6089802904214503
 N(CCC(=O)OCCCCCCCC/C=C\CC(CCCCCC)OC(OCCC#CCCCC)=O)(CCC(=O)OCCCCCCCC/C=C\CC(CCCCCC)OC(OCCC#CCCCC)=O)CCN(C)C,-0.6358106483268509
 N(CCC(=O)OCCCCCCCC/C=C\CC(CCCCCC)OC(OCCCCCCCC/C=C\C/C=C\CCCCC)=O)(CCC(=O)OCCCCCCCC/C=C\CC(CCCCCC)OC(OCCCCCCCC/C=C\C/C=C\CCCCC)=O)CCC1N(C(C)C)CCCC1,-0.6678695824325407
 N(CCC(=O)OCCCCCCCC/C=C\CC(CCCCCC)OC(OCC#CCCCCC)=O)(CCC(=O)OCCCCCCCC/C=C\CC(CCCCCC)OC(OCC#CCCCCC)=O)CCCN(CCC(=O)OCCCCCCCC/C=C\CC(CCCCCC)OC(OCC#CCCCCC)=O)C,-0.6693772840684152
 N(CCC(=O)OCCCCCCCC/C=C\CC(CCCCCC)OC(OCCC#CCCCCCC)=O)(CCC(=O)OCCCCCCCC/C=C\CC(CCCCCC)OC(OCCC#CCCCCCC)=O)CCN(C)C,-0.7078892169933233
 N(CCC(=O)OCCCCCCCC/C=C\CC(CCCCCC)OC(OCCC#CCCCC)=O)(CCC(=O)OCCCCCCCC/C=C\CC(CCCCCC)OC(OCCC#CCCCC)=O)CCC1OCCO1,-0.7090204007318216
 CN(CCC(=O)OCCCCCCCC/C=C\CC(CCCCCC)OC(OCCCCCCCC/C=C\CCCCCCCC)=O)CCO,-0.7674482344866811
 N(CCC(=O)OCCCCCCCC/C=C\CC(CCCCCC)OC(OCC#CCCCC)=O)(CCC(=O)OCCCCCCCC/C=C\CC(CCCCCC)OC(OCC#CCCCC)=O)CCN1CCC(C)CC1,-0.8100001295413102
 C1(C2N(CCC(=O)OCCCCCCCC/C=C\CC(CCCCCC)OC(OCC#CCCCCC)=O)CC2)=CC=CC=C1,-0.8461554135179012
 CC1=NCCN(CCC(=O)OCCCCCCCC/C=C\CC(CCCCCC)OC(OCCC#CCCCC)=O)1,-0.8637232719074802
 CCOC(CN(CCC(=O)OCCCCCCCC/C=C\CC(CCCCCC)OC(OCCCCCCCC/C=C\C/C=C\CCCCC)=O)(CCC(=O)OCCCCCCCC/C=C\CC(CCCCCC)OC(OCCCCCCCC/C=C\C/C=C\CCCCC)=O))OCC,-0.8732721052087402
 N(CCC(=O)OCCCCCCCC/C=C\CC(CCCCCC)OC(OCC#CCCCCCC)=O)(CCC(=O)OCCCCCCCC/C=C\CC(CCCCCC)OC(OCC#CCCCCCC)=O)CCCN1CCCCCC1,-0.8840824518131319
 N(CCC(=O)OCCCCCCCC/C=C\CC(CCCCCC)OC(OCCC#CCCCCCC)=O)(CCC(=O)OCCCCCCCC/C=C\CC(CCCCCC)OC(OCCC#CCCCCCC)=O)CC1OCCO1,-0.8918471474623866
 OCC1N(CCC(=O)OCCCCCCCC/C=C\CC(CCCCCC)OC(OCCCCCCCCCCCCCCCCCC)=O)CCCC1,-0.8953172127578515
 CN(CCC(=O)OCCCCCCCC/C=C\CC(CCCCCC)OC(OCCCCCCCC/C=C\CCCCCCCC)=O)CCO,-0.9136119657437004
 N(CCC(=O)OCCCCCCCC/C=C\CC(CCCCCC)OC(OCC#CCC)=O)(CCC(=O)OCCCCCCCC/C=C\CC(CCCCCC)OC(OCC#CCC)=O)CCCN1CCCCCC1,-0.9155173348148964
 CN(C)CCCN1CCN(CCC(=O)OCCCCCCCC/C=C\CC(CCCCCC)OC(OCC#CCCC)=O)CC1,-0.9486744467866702
 CN(CC1)CCC1CN2CCN(CCC(=O)OCCCCCCCC/C=C\CC(CCCCCC)OC(OCCC#CCCCCCC)=O)CC2,-0.9579459999610144
 COC(CN(CCC(=O)OCCCCCCCC/C=C\CC(CCCCCC)OC(OCCC#CCCCC)=O)(CCC(=O)OCCCCCCCC/C=C\CC(CCCCCC)OC(OCCC#CCCCC)=O))OC,-0.9663356239049976
 N(CCC(=O)OCCCCCCCC/C=C\CC(CCCCCC)OC(OCCCCCCCC/C=C\C/C=C\CCCCC)=O)(CCC(=O)OCCCCCCCC/C=C\CC(CCCCCC)OC(OCCCCCCCC/C=C\C/C=C\CCCCC)=O)CCN1CCC(C)CC1,-0.9669706108063594
 N(CCC(=O)OCCCCCCCC/C=C\CC(CCCCCC)OC(OCCCCCCCCCCCCCCCCCC)=O)(CCC(=O)OCCCCCCCC/C=C\CC(CCCCCC)OC(OCCCCCCCCCCCCCCCCCC)=O)CCCN(CCC(=O)OCCCCCCCC/C=C\CC(CCCCCC)OC(OCCCCCCCCCCCCCCCCCC)=O)(CCC(=O)OCCCCCCCC/C=C\CC(CCCCCC)OC(OCCCCCCCCCCCCCCCCCC)=O),-1.0475191319649846
 COC(CN(CCC(=O)OCCCCCCCC/C=C\CC(CCCCCC)OC(OCC#CCCCCC)=O)(CCC(=O)OCCCCCCCC/C=C\CC(CCCCCC)OC(OCC#CCCCCC)=O))OC,-1.0495166961850313
 N(CCC(=O)OCCCCCCCC/C=C\CC(CCCCCC)OC(OCC#CCCCC)=O)(CCC(=O)OCCCCCCCC/C=C\CC(CCCCCC)OC(OCC#CCCCC)=O)CCC1OCCO1,-1.0909867697310862
 OCCN1CCC(CCCC2CCN(CCC(=O)OCCCCCCCC/C=C\CC(CCCCCC)OC(OCC#CCCCC)=O)CC2)CC1,-1.1455756252750084
 N(CCC(=O)OCCCCCCCC/C=C\CC(CCCCCC)OC(OCCC#CCCCC)=O)(CCC(=O)OCCCCCCCC/C=C\CC(CCCCCC)OC(OCCC#CCCCC)=O)CCO,-1.206246236292493
 N(CCC(=O)OCCCCCCCC/C=C\CC(CCCCCC)OC(OCCCCCCCC/C=C\CCCCCCCC)=O)(CCC(=O)OCCCCCCCC/C=C\CC(CCCCCC)OC(OCCCCCCCC/C=C\CCCCCCCC)=O)CC1N(C)CCCC1,-1.2212329613144195
 CN(CCC(=O)OCCCCCCCC/C=C\CC(CCCCCC)OC(OCC#CCCCCC)=O)CCO,-1.2222956625730057
 OCCOCCN1CCN(CCC(=O)OCCCCCCCC/C=C\CC(CCCCCC)OC(OCC#CCCCC)=O)CC1,-1.2280022244905728
 N(CCC(=O)OCCCCCCCC/C=C\CC(CCCCCC)OC(OCC#CCCCCC)=O)(CCC(=O)OCCCCCCCC/C=C\CC(CCCCCC)OC(OCC#CCCCCC)=O)CCCN(CCC(=O)OCCCCCCCC/C=C\CC(CCCCCC)OC(OCC#CCCCCC)=O)(CCC(=O)OCCCCCCCC/C=C\CC(CCCCCC)OC(OCC#CCCCCC)=O),-1.232325704041503
 N(CCC(=O)OCCCCCCCC/C=C\CC(CCCCCC)OC(OCCCCCCCC/C=C\CCCCCCCC)=O)(CCC(=O)OCCCCCCCC/C=C\CC(CCCCCC)OC(OCCCCCCCC/C=C\CCCCCCCC)=O)CCCN(CCC(=O)OCCCCCCCC/C=C\CC(CCCCCC)OC(OCCCCCCCC/C=C\CCCCCCCC)=O)(CCC(=O)OCCCCCCCC/C=C\CC(CCCCCC)OC(OCCCCCCCC/C=C\CCCCCCCC)=O),-1.251885756281427
 CCN(CC)CCN(CCC(=O)OCCCCCCCC/C=C\CC(CCCCCC)OC(OCCC#CCCCCCC)=O)CCN(CC)CC,-1.2813545820685686
 CN(CCC(=O)OCCCCCCCC/C=C\CC(CCCCCC)OC(OCC#CCCCC)=O)CCN(CCN(CCC(=O)OCCCCCCCC/C=C\CC(CCCCCC)OC(OCC#CCCCC)=O)C)CCN(CCC(=O)OCCCCCCCC/C=C\CC(CCCCCC)OC(OCC#CCCCC)=O)C,-1.3004967800777985
 CN(CCC(=O)OCCCCCCCC/C=C\CC(CCCCCC)OC(OCC#CCCCCC)=O)CCN(CCN(CCC(=O)OCCCCCCCC/C=C\CC(CCCCCC)OC(OCC#CCCCCC)=O)C)CCN(CCC(=O)OCCCCCCCC/C=C\CC(CCCCCC)OC(OCC#CCCCCC)=O)C,-1.3152480540843157
 N(CCC(=O)OCCCCCCCC/C=C\CC(CCCCCC)OC(OCCCCCCCC/C=C\CCCCCCCC)=O)(CCC(=O)OCCCCCCCC/C=C\CC(CCCCCC)OC(OCCCCCCCC/C=C\CCCCCCCC)=O)CCN1CCC(C)CC1,-1.337113716227963
 N(CCC(=O)OCCCCCCCC/C=C\CC(CCCCCC)OC(OCC#CCCCCC)=O)(CCC(=O)OCCCCCCCC/C=C\CC(CCCCCC)OC(OCC#CCCCCC)=O)CCCN1CCCC1,-1.3562574142448736
 CN(CCC(=O)OCCCCCCCC/C=C\CC(CCCCCC)OC(OCC#CCCC)=O)CCN(CCC(=O)OCCCCCCCC/C=C\CC(CCCCCC)OC(OCC#CCCC)=O)C,-1.424937493647754
 CN(CCC(=O)OCCCCCCCC/C=C\CC(CCCCCC)OC(OCC#CCCCCCC)=O)CCN(CCN(CCC(=O)OCCCCCCCC/C=C\CC(CCCCCC)OC(OCC#CCCCCCC)=O)C)CCN(CCC(=O)OCCCCCCCC/C=C\CC(CCCCCC)OC(OCC#CCCCCCC)=O)C,-1.4335532845291936
 N(CCC(=O)OCCCCCCCC/C=C\CC(CCCCCC)OC(OCC#CCCCCCC)=O)(CCC(=O)OCCCCCCCC/C=C\CC(CCCCCC)OC(OCC#CCCCCCC)=O)CCCN1CCCC1,-1.4346408710862968
 CN(CCC(=O)OCCCCCCCC/C=C\CC(CCCCCC)OC(OCC#CCC)=O)CCN(CCC(=O)OCCCCCCCC/C=C\CC(CCCCCC)OC(OCC#CCC)=O)C,-1.4614860203221829
 CN(CCC(=O)OCCCCCCCC/C=C\CC(CCCCCC)OC(OCC#CCCCCC)=O)CCN(CCC(=O)OCCCCCCCC/C=C\CC(CCCCCC)OC(OCC#CCCCCC)=O)C,-1.5078409447344874
 N(CCC(=O)OCCCCCCCC/C=C\CC(CCCCCC)OC(OCC#CCCCC)=O)(CCC(=O)OCCCCCCCC/C=C\CC(CCCCCC)OC(OCC#CCCCC)=O)CCO,-1.5922653317453883
 COC(CN(CCC(=O)OCCCCCCCC/C=C\CC(CCCCCC)OC(OCCCCCCCC/C=C\CCCCCCCC)=O)(CCC(=O)OCCCCCCCC/C=C\CC(CCCCCC)OC(OCCCCCCCC/C=C\CCCCCCCC)=O))OC,-1.6303615515152037
 N(CCC(=O)OCCCCCCCC/C=C\CC(CCCCCC)OC(OCCCCCCCC/C=C\CCCCCCCC)=O)(CCC(=O)OCCCCCCCC/C=C\CC(CCCCCC)OC(OCCCCCCCC/C=C\CCCCCCCC)=O)CCCN1CCOCC1,-1.6526767140591805
 N(CCC(=O)OCCCCCCCC/C=C\CC(CCCCCC)OC(OCCCCCCCCCCCCCCCCCC)=O)(CCC(=O)OCCCCCCCC/C=C\CC(CCCCCC)OC(OCCCCCCCCCCCCCCCCCC)=O)CCC1OCCO1,-1.7362806596070128
 N(CCC(=O)OCCCCCCCC/C=C\CC(CCCCCC)OC(OCCCCCCCC/C=C\CCCCCCCC)=O)(CCC(=O)OCCCCCCCC/C=C\CC(CCCCCC)OC(OCCCCCCCC/C=C\CCCCCCCC)=O)CCN1CCCC1,-1.7588025140837895
 CN(CCC(=O)OCCCCCCCC/C=C\CC(CCCCCC)OC(OCC#CCCCCC)=O)CCO,-1.8308232246593483
 N(CCC(=O)OCCCCCCCC/C=C\CC(CCCCCC)OC(OCCCCCCCC/C=C\CCCCCCCC)=O)(CCC(=O)OCCCCCCCC/C=C\CC(CCCCCC)OC(OCCCCCCCC/C=C\CCCCCCCC)=O)CCCN1C=NC=C1,-1.86856193271275
 N(CCC(=O)OCCCCCCCC/C=C\CC(CCCCCC)OC(OCCCCCCCC/C=C\C/C=C\CCCCC)=O)(CCC(=O)OCCCCCCCC/C=C\CC(CCCCCC)OC(OCCCCCCCC/C=C\C/C=C\CCCCC)=O)CCCN1CCCC1,-1.8804678712384264
 N(CCC(=O)OCCCCCCCC/C=C\CC(CCCCCC)OC(OCCCCCCCC/C=C\CCCCCCCC)=O)(CCC(=O)OCCCCCCCC/C=C\CC(CCCCCC)OC(OCCCCCCCC/C=C\CCCCCCCC)=O)CCCN1CCCC1,-1.9416704328882768
OC(C(CN1CCN(C)CC1)CCCCOC(CCCCCCC/C=C\C/C=C\CCCCC)=O)CCCCCOC(CCCCCCC/C=C\C/C=C\CCCCC)=O,-0.2062785610601497
OC(C(CN1CCN(C)CC1)CCCCOC(CCCCCCC/C=C\C/C=C\CCCCC)=O)CCCCCOC(CCCCCCC/C=C\C/C=C\CCCCC)=O,-0.3532603410496385
OC(C(CN1CCN(C)CC1)CCCCOC(CCCCCCC/C=C\C/C=C\CCCCC)=O)CCCCCOC(CCCCCCC/C=C\C/C=C\CCCCC)=O,0.3979798677855268
OC(C(CN1CCN(C)CC1)CCCCOC(CCCCCCC/C=C\C/C=C\CCCCC)=O)CCCCCOC(CCCCCCC/C=C\C/C=C\CCCCC)=O,0.2509980877960381
OC(C(CN1CCN(C)CC1)CCCCOC(CCCCCCC/C=C\C/C=C\CCCCC)=O)CCCCCOC(CCCCCCC/C=C\C/C=C\CCCCC)=O,-0.3369290321619175
OC(C(CN1CCN(C)CC1)CCCCOC(CCCCCCC/C=C\C/C=C\CCCCC)=O)CCCCCOC(CCCCCCC/C=C\C/C=C\CCCCC)=O,-0.1736159432847077
OC(C(CN1CCN(C)CC1)CCCCOC(CCCCCCC/C=C\C/C=C\CCCCC)=O)CCCCCOC(CCCCCCC/C=C\C/C=C\CCCCC)=O,0.0795193444749677
OC(C(CN1CCN(C)CC1)CCCCOC(CCCCCCC/C=C\C/C=C\CCCCC)=O)CCCCCOC(CCCCCCC/C=C\C/C=C\CCCCC)=O,-0.8921935343444314
OC(C(CN1CCN(C)CC1)CCCCOC(CCCCCCC/C=C\C/C=C\CCCCC)=O)CCCCCOC(CCCCCCC/C=C\C/C=C\CCCCC)=O,1.0267352599627857
OC(C(CN1CCN(C)CC1)CCCCOC(CCCCCCC/C=C\C/C=C\CCCCC)=O)CCCCCOC(CCCCCCC/C=C\C/C=C\CCCCC)=O,-0.3205977232741964
OC(C(CN1CCN(C)CC1)CCCCOC(CCCCCCC/C=C\C/C=C\CCCCC)=O)CCCCCOC(CCCCCCC/C=C\C/C=C\CCCCC)=O,1.3043675110540425
OC(C(CN1CCN(C)CC1)CCCCOC(CCCCCCC/C=C\C/C=C\CCCCC)=O)CCCCCOC(CCCCCCC/C=C\C/C=C\CCCCC)=O,0.1693415433574334
OC(C(CN1CCN(C)CC1)CCCCOC(CCCCCCC/C=C\C/C=C\CCCCC)=O)CCCCCOC(CCCCCCC/C=C\C/C=C\CCCCC)=O,-1.700593324286621
OC(C(CN1CCN(C)CC1)CCCCOC(CCCCCCC/C=C\C/C=C\CCCCC)=O)CCCCCOC(CCCCCCC/C=C\C/C=C\CCCCC)=O,-0.753377408798803
OC(C(CN1CCN(C)CC1)CCCCOC(CCCCCCC/C=C\C/C=C\CCCCC)=O)CCCCCOC(CCCCCCC/C=C\C/C=C\CCCCC)=O,0.5367959933311559
OC(C(CN1CCN(C)CC1)CCCCOC(CCCCCCC/C=C\C/C=C\CCCCC)=O)CCCCCOC(CCCCCCC/C=C\C/C=C\CCCCC)=O,0.3898142133416665
OC(C(CN1CCN(C)CC1)CCCCOC(CCCCCCC/C=C\C/C=C\CCCCC)=O)CCCCCOC(CCCCCCC/C=C\C/C=C\CCCCC)=O,0.977741333299622
OC(C(CN1CCN(C)CC1)CCCCOC(CCCCCCC/C=C\C/C=C\CCCCC)=O)CCCCCOC(CCCCCCC/C=C\C/C=C\CCCCC)=O,1.010403951075064
OC(C(CN1CCN(C)CC1)CCCCOC(CCCCCCC/C=C\C/C=C\CCCCC)=O)CCCCCOC(CCCCCCC/C=C\C/C=C\CCCCC)=O,1.5901654165891592
OC(C(CN1CCN(C)CC1)CCCCOC(CCCCCCC/C=C\C/C=C\CCCCC)=O)CCCCCOC(CCCCCCC/C=C\C/C=C\CCCCC)=O,1.1982140032838555
OC(C(CN1CCN(C)CC1)CCCCOC(CCCCCCC/C=C\C/C=C\CCCCC)=O)CCCCCOC(CCCCCCC/C=C\C/C=C\CCCCC)=O,-0.4675795032636855
OC(C(CN1CCN(C)CC1)CCCCOC(CCCCCCC/C=C\C/C=C\CCCCC)=O)CCCCCOC(CCCCCCC/C=C\C/C=C\CCCCC)=O,1.5003432177066942
CCCCCCCC/C=C\CCCCCCCC(OCCCCCC(C(CN1CCN(CC1)CC(CCCCOC(CCCCCCC/C=C\CCCCCCCC)=O)C(O)CCCCCOC(CCCCCCC/C=C\CCCCCCCC)=O)CCCCOC(CCCCCCC/C=C\CCCCCCCC)=O)O)=O,-1.1616601309918275
CCCCCCCC/C=C\CCCCCCCC(OCCCCCC(C(CN1CCN(CC1)CC(CCCCOC(CCCCCCC/C=C\CCCCCCCC)=O)C(O)CCCCCOC(CCCCCCC/C=C\CCCCCCCC)=O)CCCCOC(CCCCCCC/C=C\CCCCCCCC)=O)O)=O,-2.386508297570902
CCCCCCCC/C=C\CCCCCCCC(OCCCCCC(C(CN1CCN(CC1)CC(CCCCOC(CCCCCCC/C=C\CCCCCCCC)=O)C(O)CCCCCOC(CCCCCCC/C=C\CCCCCCCC)=O)CCCCOC(CCCCCCC/C=C\CCCCCCCC)=O)O)=O,-0.9330218065637336
CCCCCCCC/C=C\CCCCCCCC(OCCCCCC(C(CN1CCN(CC1)CC(CCCCOC(CCCCCCC/C=C\CCCCCCCC)=O)C(O)CCCCCOC(CCCCCCC/C=C\CCCCCCCC)=O)CCCCOC(CCCCCCC/C=C\CCCCCCCC)=O)O)=O,-1.0065126965584783
CCCCCCCC/C=C\CCCCCCCC(OCCCCCC(C(CN1CCN(CC1)CC(CCCCOC(CCCCCCC/C=C\CCCCCCCC)=O)C(O)CCCCCOC(CCCCCCC/C=C\CCCCCCCC)=O)CCCCOC(CCCCCCC/C=C\CCCCCCCC)=O)O)=O,-0.9248561521198734
CCCCCCCC/C=C\CCCCCCCC(OCCCCCC(C(CN1CCN(CC1)CC(CCCCOC(CCCCCCC/C=C\CCCCCCCC)=O)C(O)CCCCCOC(CCCCCCC/C=C\CCCCCCCC)=O)CCCCOC(CCCCCCC/C=C\CCCCCCCC)=O)O)=O,-1.741421596505923
CCCCCCCC/C=C\CCCCCCCC(OCCCCCC(C(CN1CCN(CC1)CC(CCCCOC(CCCCCCC/C=C\CCCCCCCC)=O)C(O)CCCCCOC(CCCCCCC/C=C\CCCCCCCC)=O)CCCCOC(CCCCCCC/C=C\CCCCCCCC)=O)O)=O,-1.4229610731953637
CCCCCCCC/C=C\CCCCCCCC(OCCCCCC(C(CN1CCN(CC1)CC(CCCCOC(CCCCCCC/C=C\CCCCCCCC)=O)C(O)CCCCCOC(CCCCCCC/C=C\CCCCCCCC)=O)CCCCOC(CCCCCCC/C=C\CCCCCCCC)=O)O)=O,-0.7452117543549424
CCCCCCCC/C=C\CCCCCCCC(OCCCCCC(C(CNCCCN(C)C)CCCCOC(CCCCCCC/C=C\CCCCCCCC)=O)O)=O,-0.2307755243917311
CCCCCCCC/C=C\CCCCCCCC(OCCCCCC(C(CNCCCN(C)C)CCCCOC(CCCCCCC/C=C\CCCCCCCC)=O)O)=O,-1.69242766984276
CCCCCCCC/C=C\CCCCCCCC(OCCCCCC(C(CNCCCN(C)C)CCCCOC(CCCCCCC/C=C\CCCCCCCC)=O)O)=O,-0.4104199221566622
CCCCCCCC/C=C\CCCCCCCC(OCCCCCC(C(CNCCCN(C)C)CCCCOC(CCCCCCC/C=C\CCCCCCCC)=O)O)=O,-0.6553895554724769
CCCCCCCC/C=C\CCCCCCCC(OCCCCCC(C(CNCCCN(C)C)CCCCOC(CCCCCCC/C=C\CCCCCCCC)=O)O)=O,-0.1899472521724287
CCCCCCCC/C=C\CCCCCCCC(OCCCCCC(C(CNCCCN(C)C)CCCCOC(CCCCCCC/C=C\CCCCCCCC)=O)O)=O,-1.6026054709602946
CCCCCCCC/C=C\CCCCCCCC(OCCCCCC(C(CNCCCN(C)C)CCCCOC(CCCCCCC/C=C\CCCCCCCC)=O)O)=O,-0.7942056810181053
CCCCCCCC/C=C\CCCCCCCC(OCCCCCC(C(CNCCCN(C)C)CCCCOC(CCCCCCC/C=C\CCCCCCCC)=O)O)=O,0.8389252077539937
CCCCCCCC/C=C\CCCCCCCC(OCCCCCC(C(CNCCCN(C)C)CCCCOC(CCCCCCC/C=C\CCCCCCCC)=O)O)=O,-0.4022542677128015
CCCCCCCC/C=C\CCCCCCCC(OCCCCCC(C(CNCCCN(C)C)CCCCOC(CCCCCCC/C=C\CCCCCCCC)=O)O)=O,-0.6227269376970349
CCCCCCCC/C=C\CCCCCCCC(OCCCCCC(C(CNCCCN(C)C)CCCCOC(CCCCCCC/C=C\CCCCCCCC)=O)O)=O,-0.4267512310443832
CCCCCCCC/C=C\CCCCCCCC(OCCCCCC(C(CNCCCN(C)C)CCCCOC(CCCCCCC/C=C\CCCCCCCC)=O)O)=O,0.4306424855609688
CCCCCCCC/C=C\CCCCCCCC(OCCCCCC(C(CNCCCN(C)C)CCCCOC(CCCCCCC/C=C\CCCCCCCC)=O)O)=O,0.1448445800258517
CCCCCCCC/C=C\CCCCCCCC(OCCCCCC(C(CNCCCN(C)C)CCCCOC(CCCCCCC/C=C\CCCCCCCC)=O)O)=O,-0.3287633777180571
CCCCCCCC/C=C\CCCCCCCC(OCCCCCC(C(CNCCCN(C)C)CCCCOC(CCCCCCC/C=C\CCCCCCCC)=O)O)=O,0.4959677211118528
CCCCCCCC/C=C\CCCCCCCC(OCCCCCC(C(CNCCCN(C)C)CCCCOC(CCCCCCC/C=C\CCCCCCCC)=O)O)=O,0.4714707577802718
CCCCCCCC/C=C\CCCCCCCC(OCCCCCC(C(CN[C@H]1CCCC[C@H]1O)CCCCOC(CCCCCCC/C=C\CCCCCCCC)=O)O)=O,-0.1736159432847077
CCCCCCCC/C=C\CCCCCCCC(OCCCCCC(C(CN[C@H]1CCCC[C@H]1O)CCCCOC(CCCCCCC/C=C\CCCCCCCC)=O)O)=O,-1.2433166754304328
CCCCCCCC/C=C\CCCCCCCC(OCCCCCC(C(CN[C@H]1CCCC[C@H]1O)CCCCOC(CCCCCCC/C=C\CCCCCCCC)=O)O)=O,1.1165574588452511
CCCCCCCC/C=C\CCCCCCCC(OCCCCCC(C(CN[C@H]1CCCC[C@H]1O)CCCCOC(CCCCCCC/C=C\CCCCCCCC)=O)O)=O,-0.3859229588250805
CCCCCCCC/C=C\CCCCCCCC(OCCCCCC(C(CN[C@H]1CCCC[C@H]1O)CCCCOC(CCCCCCC/C=C\CCCCCCCC)=O)O)=O,0.5367959933311559
CCCCCCCC/C=C\CCCCCCCC(OCCCCCC(C(CN[C@H]1CCCC[C@H]1O)CCCCOC(CCCCCCC/C=C\CCCCCCCC)=O)O)=O,0.6592808099890629
CCCCCCCC/C=C\CCCCCCCC(OCCCCCC(C(CN[C@H]1CCCC[C@H]1O)CCCCOC(CCCCCCC/C=C\CCCCCCCC)=O)O)=O,1.2553735843908795
CCCCCCCC/C=C\CCCCCCCC(OCCCCCC(C(CN[C@H]1CCCC[C@H]1O)CCCCOC(CCCCCCC/C=C\CCCCCCCC)=O)O)=O,0.757268663315389
CCCCCCCC/C=C\CCCCCCCC(OCCCCCC(C(CN[C@H]1CCCC[C@H]1O)CCCCOC(CCCCCCC/C=C\CCCCCCCC)=O)O)=O,1.5003432177066942
CCCCCCCC/C=C\CCCCCCCC(OCCCCCC(C(CN[C@H]1CCCC[C@H]1O)CCCCOC(CCCCCCC/C=C\CCCCCCCC)=O)O)=O,1.7044845788032068
CCCCCCCC/C=C\CCCCCCCC(OCCCCCC(C(CN[C@H]1CCCC[C@H]1O)CCCCOC(CCCCCCC/C=C\CCCCCCCC)=O)O)=O,1.647324997696183
CCCCCCCC/C=C\CCCCCCCC(OCCCCCC(C(CN[C@H]1CCCC[C@H]1O)CCCCOC(CCCCCCC/C=C\CCCCCCCC)=O)O)=O,1.3778584010487869
OC[C@H]1N(CC(CCCCOC(CCCCCCC/C=C\CCCCCCCC)=O)C(O)CCCCCOC(CCCCCCC/C=C\CCCCCCCC)=O)CCCC1,-0.0021371999636373
OC[C@H]1N(CC(CCCCOC(CCCCCCC/C=C\CCCCCCCC)=O)C(O)CCCCCOC(CCCCCCC/C=C\CCCCCCCC)=O)CCCC1,0.6511151555452026
OC[C@H]1N(CC(CCCCOC(CCCCCCC/C=C\CCCCCCCC)=O)C(O)CCCCCOC(CCCCCCC/C=C\CCCCCCCC)=O)CCCC1,0.7327716999838073
OC[C@H]1N(CC(CCCCOC(CCCCCCC/C=C\CCCCCCCC)=O)C(O)CCCCCOC(CCCCCCC/C=C\CCCCCCCC)=O)CCCC1,1.1573857310645534
OC[C@H]1N(CC(CCCCOC(CCCCCCC/C=C\CCCCCCCC)=O)C(O)CCCCCOC(CCCCCCC/C=C\CCCCCCCC)=O)CCCC1,0.9859069877434832
OC[C@H]1N(CC(CCCCOC(CCCCCCC/C=C\CCCCCCCC)=O)C(O)CCCCCOC(CCCCCCC/C=C\CCCCCCCC)=O)CCCC1,1.3533614377172056
OC[C@H]1N(CC(CCCCOC(CCCCCCC/C=C\CCCCCCCC)=O)C(O)CCCCCOC(CCCCCCC/C=C\CCCCCCCC)=O)CCCC1,0.2509980877960381
OC[C@H]1N(CC(CCCCOC(CCCCCCC/C=C\CCCCCCCC)=O)C(O)CCCCCOC(CCCCCCC/C=C\CCCCCCCC)=O)CCCC1,-0.2797694510548941
OC[C@H]1N(CC(CCCCOC(CCCCCCC/C=C\CCCCCCCC)=O)C(O)CCCCCOC(CCCCCCC/C=C\CCCCCCCC)=O)CCCC1,1.043066568850506
CCCCCCCC/C=C\CCCCCCCC(OCCCCCC(C(CNCCN1CCCCC1)CCCCOC(CCCCCCC/C=C\CCCCCCCC)=O)O)=O,1.0349009144066457
CCCCCCCC/C=C\CCCCCCCC(OCCCCCC(C(CNCCN1CCCCC1)CCCCOC(CCCCCCC/C=C\CCCCCCCC)=O)O)=O,1.2798705477224606
CCCCCCCC/C=C\CCCCCCCC(OCCCCCC(C(CNCCN1CCCCC1)CCCCOC(CCCCCCC/C=C\CCCCCCCC)=O)O)=O,1.0593978777382274
CCCCCCCC/C=C\CCCCCCCC(OCCCCCC(C(CNCCN1CCCCC1)CCCCOC(CCCCCCC/C=C\CCCCCCCC)=O)O)=O,1.0920604955136697
CCCCCCCC/C=C\CCCCCCCC(OCCCCCC(C(CNCCN1CCCCC1)CCCCOC(CCCCCCC/C=C\CCCCCCCC)=O)O)=O,1.3533614377172056
CCCCCCCC/C=C\CCCCCCCC(OCCCCCC(C(CNCCN1CCCCC1)CCCCOC(CCCCCCC/C=C\CCCCCCCC)=O)O)=O,1.6636563065839045
CCCCCCCC/C=C\CCCCCCCC(OCCCCCC(C(CNCCN1CCCCC1)CCCCOC(CCCCCCC/C=C\CCCCCCCC)=O)O)=O,0.822593898866273
CCCCCCCC/C=C\CCCCCCCC(OCCCCCC(C(CNCCN1CCCCC1)CCCCOC(CCCCCCC/C=C\CCCCCCCC)=O)O)=O,1.328864474385624
CCCCCCCC/C=C\CCCCCCCC(OCCCCCC(C(CNCCN1CCCCC1)CCCCOC(CCCCCCC/C=C\CCCCCCCC)=O)O)=O,1.7208158876909274
CCCCCCCC/C=C\CCCCCCCC(OCCCCCC(C(CNCCCO)CCCCOC(CCCCCCC/C=C\CCCCCCCC)=O)O)=O,-0.9411874610075944
CCCCCCCC/C=C\CCCCCCCC(OCCCCCC(C(CNCCCO)CCCCOC(CCCCCCC/C=C\CCCCCCCC)=O)O)=O,1.010403951075064
CCCCCCCC/C=C\CCCCCCCC(OCCCCCC(C(CNCCCO)CCCCOC(CCCCCCC/C=C\CCCCCCCC)=O)O)=O,0.1285132711381307
CCCCCCCC/C=C\CCCCCCCC(OCCCCCC(C(CNCCCO)CCCCOC(CCCCCCC/C=C\CCCCCCCC)=O)O)=O,0.757268663315389
CCCCCCCC/C=C\CCCCCCCC(OCCCCCC(C(CNCCCO)CCCCOC(CCCCCCC/C=C\CCCCCCCC)=O)O)=O,1.516674526594415
CCCCCCCC/C=C\CCCCCCCC(OCCCCCC(C(CNCCCO)CCCCOC(CCCCCCC/C=C\CCCCCCCC)=O)O)=O,0.2265011244644564
CCCCCCCC/C=C\CCCCCCCC(OCCCCCC(C(CNCCCO)CCCCOC(CCCCCCC/C=C\CCCCCCCC)=O)O)=O,-0.3287633777180571
CCCCCCCC/C=C\CCCCCCCC(OCCCCCC(C(CNCCCO)CCCCOC(CCCCCCC/C=C\CCCCCCCC)=O)O)=O,0.0795193444749677
CCCCCCCC/C=C\CCCCCCCC(OCCCCCC(C(CNCCCO)CCCCOC(CCCCCCC/C=C\CCCCCCCC)=O)O)=O,0.8389252077539937
OC(C(CNCCN1CCOCC1)CCCCOC(CCCCCCC/C=C\C/C=C\CCCCC)=O)CCCCCOC(CCCCCCC/C=C\C/C=C\CCCCC)=O,-0.4839108121514065
OC(C(CNCCN1CCOCC1)CCCCOC(CCCCCCC/C=C\C/C=C\CCCCC)=O)CCCCCOC(CCCCCCC/C=C\C/C=C\CCCCC)=O,1.2553735843908795
OC(C(CNCCN(C)CCNCC(CCCCOC(CCCCCCC/C=C\C/C=C\CCCCC)=O)C(O)CCCCCOC(CCCCCCC/C=C\C/C=C\CCCCC)=O)CCCCOC(CCCCCCC/C=C\C/C=C\CCCCC)=O)CCCCCOC(CCCCCCC/C=C\C/C=C\CCCCC)=O,1.018569605518925
OC(C(CNCCN(C)CCNCC(CCCCOC(CCCCCCC/C=C\C/C=C\CCCCC)=O)C(O)CCCCCOC(CCCCCCC/C=C\C/C=C\CCCCC)=O)CCCCOC(CCCCCCC/C=C\C/C=C\CCCCC)=O)CCCCCOC(CCCCCCC/C=C\C/C=C\CCCCC)=O,1.516674526594415
OC(C(CN1CCN(CC(CCCCOC(CCCCCCC/C=C\C/C=C\CCCCC)=O)C(O)CCCCCOC(CCCCCCC/C=C\C/C=C\CCCCC)=O)CC1)CCCCOC(CCCCCCC/C=C\C/C=C\CCCCC)=O)CCCCCOC(CCCCCCC/C=C\C/C=C\CCCCC)=O,-0.769708717686524
OC(C(CN1CCN(CC(CCCCOC(CCCCCCC/C=C\C/C=C\CCCCC)=O)C(O)CCCCCOC(CCCCCCC/C=C\C/C=C\CCCCC)=O)CC1)CCCCOC(CCCCCCC/C=C\C/C=C\CCCCC)=O)CCCCCOC(CCCCCCC/C=C\C/C=C\CCCCC)=O,-0.3042664143864754
CCCCN(CCCC)CCCN(CC(C(O)CCCCCOC(=O)CCCCCCCCC)CCCCOC(=O)CCCCCCCCC),0.161211618551157
CCCCN(CCCC)CCCN(CC(C(O)CCCCCOC(=O)CCCCCCCCCC)CCCCOC(=O)CCCCCCCCCC),0.4968963340333868
CCCCN(CCCC)CCCN(CC(C(O)CCCCCOC(=O)CCCCCCCCCCCCCCC)CCCCOC(=O)CCCCCCCCCCCCCCC),1.4068379412155978
CCCCN(CCCC)CCCN(CC(C(O)CCCCCOC(=O)CCCCCCCC)CCCCOC(=O)CCCCCCCC),0.089843981622476
O=C(CCN(CCC(OCCCCCCCC/C=C\CC(CCCCCC)OC(CCCC1CCCCC1)=O)=O)CCN2CCOCC2)OCCCCCCCC/C=C\CC(CCCCCC)OC(CCCC3CCCCC3)=O,-1.2587582612822927
O=C(CCN(CCC(OCCCCCCCC/C=C\CC(CCCCCC)OC(CCCC1CCCCC1)=O)=O)CCN2CCOCC2)OCCCCCCCC/C=C\CC(CCCCCC)OC(CCCC3CCCCC3)=O,-0.7730350399509074
O=C(CCN(CCC(OCCCCCCCC/C=C\CC(CCCCCC)OC(CCCC1CCCCC1)=O)=O)CCN2CCOCC2)OCCCCCCCC/C=C\CC(CCCCCC)OC(CCCC3CCCCC3)=O,-0.4402246845942173
O=C(CCN(CCC(OCCCCCCCC/C=C\CC(CCCCCC)OC(CCCC1CCCCC1)=O)=O)CCN2CCOCC2)OCCCCCCCC/C=C\CC(CCCCCC)OC(CCCC3CCCCC3)=O,-0.3053015675577214
O=C(CCN(CCC(OCCCCCCCC/C=C\CC(CCCCCC)OC(CCCC1CCCCC1)=O)=O)CCN2CCOCC2)OCCCCCCCC/C=C\CC(CCCCCC)OC(CCCC3CCCCC3)=O,-1.5196096208861851
O=C(CCN(CCC(OCCCCCCCC/C=C\CC(CCCCCC)OC(CCCC1CCCCC1)=O)=O)CCN2CCOCC2)OCCCCCCCC/C=C\CC(CCCCCC)OC(CCCC3CCCCC3)=O,-1.5016198719479856
O=C(CCN(CCC(OCCCCCCCC/C=C\CC(CCCCCC)OC(CCCC1CCCCC1)=O)=O)CCN2CCOCC2)OCCCCCCCC/C=C\CC(CCCCCC)OC(CCCC3CCCCC3)=O,-0.0984194547684276
O=C(CCN(CCC(OCCCCCCCC/C=C\CC(CCCCCC)OC(CCCC1CCCCC1)=O)=O)CCN2CCOCC2)OCCCCCCCC/C=C\CC(CCCCCC)OC(CCCC3CCCCC3)=O,-1.7354866081445786
O=C(CCN(CCC(OCCCCCCCC/C=C\CC(CCCCCC)OC(CCCC1CCCCC1)=O)=O)CCN2CCOCC2)OCCCCCCCC/C=C\CC(CCCCCC)OC(CCCC3CCCCC3)=O,-0.5841426760998131
O=C(CCN(CCC(OCCCCCCCC/C=C\CC(CCCCCC)OC(CCCC1CCCCC1)=O)=O)CCN2CCOCC2)OCCCCCCCC/C=C\CC(CCCCCC)OC(CCCC3CCCCC3)=O,-0.8090145378273064
O=C(CCN(CCC(OCCCCCCCC/C=C\CC(CCCCCC)OC(CCCC1CCCCC1)=O)=O)CCN2CCOCC2)OCCCCCCCC/C=C\CC(CCCCCC)OC(CCCC3CCCCC3)=O,-0.260327195212223
O=C(CCN(CCC(OCCCCCCCC/C=C\CC(CCCCCC)OC(CCCC1CCCCC1)=O)=O)CCN2CCOCC2)OCCCCCCCC/C=C\CC(CCCCCC)OC(CCCC3CCCCC3)=O,-1.186799265529495
O=C(CCN(CCC(OCCCCCCCC/C=C\CC(CCCCCC)OC(CCCC1CCCCC1)=O)=O)CCN2CCOCC2)OCCCCCCCC/C=C\CC(CCCCCC)OC(CCCC3CCCCC3)=O,-1.2137838889367942
O=C(CCN(CCC(OCCCCCCCC/C=C\CC(CCCCCC)OC(CCCC1CCCCC1)=O)=O)CCN2CCOCC2)OCCCCCCCC/C=C\CC(CCCCCC)OC(CCCC3CCCCC3)=O,0.1624319048354645
O=C(CCN(CCC(OCCCCCCCC/C=C\CC(CCCCCC)OC(CC/C=C\CCCCCC)=O)=O)CCN1CCCC1)OCCCCCCCC/C=C\CC(CCCCCC)OC(CC/C=C\CCCCCC)=O,-0.0624399568920287
O=C(CCN(CCC(OCCCCCCCC/C=C\CC(CCCCCC)OC(CC/C=C\CCCCCC)=O)=O)CCN1CCCC1)OCCCCCCCC/C=C\CC(CCCCCC)OC(CC/C=C\CCCCCC)=O,1.025939853869038
O=C(CCN(CCC(OCCCCCCCC/C=C\CC(CCCCCC)OC(CC/C=C\CCCCCC)=O)=O)CCN1CCCC1)OCCCCCCCC/C=C\CC(CCCCCC)OC(CC/C=C\CCCCCC)=O,0.7740833687342462
O=C(CCN(CCC(OCCCCCCCC/C=C\CC(CCCCCC)OC(CC/C=C\CCCCCC)=O)=O)CCN1CCCC1)OCCCCCCCC/C=C\CC(CCCCCC)OC(CC/C=C\CCCCCC)=O,0.2523806495264619
O=C(CCN(CCC(OCCCCCCCC/C=C\CC(CCCCCC)OC(CC/C=C\CCCCCC)=O)=O)CCN1CCCC1)OCCCCCCCC/C=C\CC(CCCCCC)OC(CC/C=C\CCCCCC)=O,-0.2333425718049235
O=C(CCN(CCC(OCCCCCCCC/C=C\CC(CCCCCC)OC(CC/C=C\CCCCCC)=O)=O)CCN1CCCC1)OCCCCCCCC/C=C\CC(CCCCCC)OC(CC/C=C\CCCCCC)=O,-0.9169530314565032
O=C(CCN(CCC(OCCCCCCCC/C=C\CC(CCCCCC)OC(CC/C=C\CCCCCC)=O)=O)CCN1CCCC1)OCCCCCCCC/C=C\CC(CCCCCC)OC(CC/C=C\CCCCCC)=O,0.3603191431556587
O=C(CCN(CCC(OCCCCCCCC/C=C\CC(CCCCCC)OC(CC/C=C\CCCCCC)=O)=O)CCN1CCCC1)OCCCCCCCC/C=C\CC(CCCCCC)OC(CC/C=C\CCCCCC)=O,-0.2693220696813225
O=C(CCN(CCC(OCCCCCCCC/C=C\CC(CCCCCC)OC(CC/C=C\CCCCCC)=O)=O)CCN1CCCC1)OCCCCCCCC/C=C\CC(CCCCCC)OC(CC/C=C\CCCCCC)=O,1.4217143305094266
O=C(CCN(CCC(OCCCCCCCC/C=C\CC(CCCCCC)OC(CC/C=C\CCCCCC)=O)=O)CCN1CCCC1)OCCCCCCCC/C=C\CC(CCCCCC)OC(CC/C=C\CCCCCC)=O,0.0904729090826666
O=C(CCN(CCC(OCCCCCCCC/C=C\CC(CCCCCC)OC(CC/C=C\CCCCCC)=O)=O)CCN1CCCC1)OCCCCCCCC/C=C\CC(CCCCCC)OC(CC/C=C\CCCCCC)=O,1.3407604602875292
O=C(CCN(CCC(OCCCCCCCC/C=C\CC(CCCCCC)OC(CC/C=C\CCCCCC)=O)=O)CCN1CCCC1)OCCCCCCCC/C=C\CC(CCCCCC)OC(CC/C=C\CCCCCC)=O,0.2343909005882624
O=C(CCN(CCC(OCCCCCCCC/C=C\CC(CCCCCC)OC(CC/C=C\CCCCCC)=O)=O)CCN1CCCC1)OCCCCCCCC/C=C\CC(CCCCCC)OC(CC/C=C\CCCCCC)=O,-0.4762041824706162
O=C(CCN(CCC(OCCCCCCCC/C=C\CC(CCCCCC)OC(CC/C=C\CCCCCC)=O)=O)CCN1CCCC1)OCCCCCCCC/C=C\CC(CCCCCC)OC(CC/C=C\CCCCCC)=O,1.1068937240909364
O=C(CCN(CCC(OCCCCCCCC/C=C\CC(CCCCCC)OC(CC/C=C\CCCCCC)=O)=O)CCN1CCCC1)OCCCCCCCC/C=C\CC(CCCCCC)OC(CC/C=C\CCCCCC)=O,0.171426779304564
O=C(CCN(CCC(OCCCCCCCC/C=C\CC(CCCCCC)OC(CC/C=C\CCCCCC)=O)=O)CCN1CCCC1)OCCCCCCCC/C=C\CC(CCCCCC)OC(CC/C=C\CCCCCC)=O,-0.6471067973835111
O=C(CCN(CCC(OCCCCCCCC/C=C\CC(CCCCCC)OC(CC/C=C\CCCCCC)=O)=O)CCN1CCCC1)OCCCCCCCC/C=C\CC(CCCCCC)OC(CC/C=C\CCCCCC)=O,-0.3772605633105193
O=C(CCN(CCC(OCCCCCCCC/C=C\CC(CCCCCC)OC(CC/C=C\CCCCCC)=O)=O)CCN1CCCC1)OCCCCCCCC/C=C\CC(CCCCCC)OC(CC/C=C\CCCCCC)=O,0.171426779304564
O=C(CCN(CCC(OCCCCCCCC/C=C\CC(CCCCCC)OC(CC/C=C\CCCCCC)=O)=O)CCN1CCCC1)OCCCCCCCC/C=C\CC(CCCCCC)OC(CC/C=C\CCCCCC)=O,0.7920731176724454
O=C(CCN(CCC(OCCCCCCCC/C=C\CC(CCCCCC)OC(CC/C=C\CCCCCC)=O)=O)CCN1CCCC1)OCCCCCCCC/C=C\CC(CCCCCC)OC(CC/C=C\CCCCCC)=O,1.5836220709532214
O=C(CCN(CCC(OCCCCCCCC/C=C\CC(CCCCCC)OC(CC/C=C\CCCCCC)=O)=O)CCN1CCCC1)OCCCCCCCC/C=C\CC(CCCCCC)OC(CC/C=C\CCCCCC)=O,0.3063498963410599
O=C(CCN(CCC(OCCCCCCCC/C=C\CC(CCCCCC)OC(CC/C=C\CCCCCC)=O)=O)CCN1CCCC1)OCCCCCCCC/C=C\CC(CCCCCC)OC(CC/C=C\CCCCCC)=O,0.8100628666106452
O=C(CCN(CCC(OCCCCCCCC/C=C\CC(CCCCCC)OC(CC/C=C\CCCCCC)=O)=O)CCN1CCCC1)OCCCCCCCC/C=C\CC(CCCCCC)OC(CC/C=C\CCCCCC)=O,0.6121756282904506
O=C(CCN(CCC(OCCCCCCCC/C=C\CC(CCCCCC)OC(CC/C=C\CCCCCC)=O)=O)CCN1CCCC1)OCCCCCCCC/C=C\CC(CCCCCC)OC(CC/C=C\CCCCCC)=O,1.1608629709055345
O=C(CCN(CCC(OCCCCCCCC/C=C\CC(CCCCCC)OC(C(CCCCCCCC)CCCCCC)=O)=O)CCCN(CC)CC)OCCCCCCCC/C=C\CC(CCCCCC)OC(C(CCCCCCCC)CCCCCC)=O,-0.0804297058302282
O=C(CCN(CCC(OCCCCCCCC/C=C\CC(CCCCCC)OC(C(CCCCCCCC)CCCCCC)=O)=O)CCCN(CC)CC)OCCCCCCCC/C=C\CC(CCCCCC)OC(C(CCCCCCCC)CCCCCC)=O,0.4232832644393563
O=C(CCN(CCC(OCCCCCCCC/C=C\CC(CCCCCC)OC(C(CCCCCCCC)CCCCCC)=O)=O)CCCN(CC)CC)OCCCCCCCC/C=C\CC(CCCCCC)OC(C(CCCCCCCC)CCCCCC)=O,0.8460423644870442
O=C(CCN(CCC(OCCCCCCCC/C=C\CC(CCCCCC)OC(C(CCCCCCCC)CCCCCC)=O)=O)CCCN(CC)CC)OCCCCCCCC/C=C\CC(CCCCCC)OC(C(CCCCCCCC)CCCCCC)=O,0.0185139133298687
O=C(CCN(CCC(OCCCCCCCC/C=C\CC(CCCCCC)OC(C(CCCCCCCC)CCCCCC)=O)=O)CCCN(CC)CC)OCCCCCCCC/C=C\CC(CCCCCC)OC(C(CCCCCCCC)CCCCCC)=O,-0.0264604590156297
O=C(CCN(CCC(OCCCCCCCC/C=C\CC(CCCCCC)OC(C(CCCCCCCC)CCCCCC)=O)=O)CCCN(CC)CC)OCCCCCCCC/C=C\CC(CCCCCC)OC(C(CCCCCCCC)CCCCCC)=O,-0.1523887015830261
O=C(CCN(CCC(OCCCCCCCC/C=C\CC(CCCCCC)OC(C(CCCCCCCC)CCCCCC)=O)=O)CCCN(CC)CC)OCCCCCCCC/C=C\CC(CCCCCC)OC(C(CCCCCCCC)CCCCCC)=O,0.0814780346135666
O=C(CCN(CCC(OCCCCCCCC/C=C\CC(CCCCCC)OC(C(CCCCCCCC)CCCCCC)=O)=O)CCCN(CC)CC)OCCCCCCCC/C=C\CC(CCCCCC)OC(C(CCCCCCCC)CCCCCC)=O,-0.6471067973835111
O=C(CCN(CCC(OCCCCCCCC/C=C\CC(CCCCCC)OC(C(CCCCCCCC)CCCCCC)=O)=O)CCCN(CC)CC)OCCCCCCCC/C=C\CC(CCCCCC)OC(C(CCCCCCCC)CCCCCC)=O,1.574627196484122
O=C(CCN(CCC(OCCCCCCCC/C=C\CC(CCCCCC)OC(C(CCCCCCCC)CCCCCC)=O)=O)CCCN(CC)CC)OCCCCCCCC/C=C\CC(CCCCCC)OC(C(CCCCCCCC)CCCCCC)=O,0.6841346240432485
O=C(CCN(CCC(OCCCCCCCC/C=C\CC(CCCCCC)OC(C(CCCCCCCC)CCCCCC)=O)=O)CCCN(CC)CC)OCCCCCCCC/C=C\CC(CCCCCC)OC(C(CCCCCCCC)CCCCCC)=O,1.1878475943128337
O=C(CCN(CCC(OCCCCCCCC/C=C\CC(CCCCCC)OC(C(CCCCCCCC)CCCCCC)=O)=O)CCCN(CC)CC)OCCCCCCCC/C=C\CC(CCCCCC)OC(C(CCCCCCCC)CCCCCC)=O,-0.0354553334847297
O=C(CCN(CCC(OCCCCCCCC/C=C\CC(CCCCCC)OC(C(CCCCCCCC)CCCCCC)=O)=O)CCCN(CC)CC)OCCCCCCCC/C=C\CC(CCCCCC)OC(C(CCCCCCCC)CCCCCC)=O,-0.5301734292852147
O=C(CCN(CCC(OCCCCCCCC/C=C\CC(CCCCCC)OC(C(CCCCCCCC)CCCCCC)=O)=O)CCCN(CC)CC)OCCCCCCCC/C=C\CC(CCCCCC)OC(C(CCCCCCCC)CCCCCC)=O,0.5402166325376527
O=C(CCN(CCC(OCCCCCCCC/C=C\CC(CCCCCC)OC(C(CCCCCCCC)CCCCCC)=O)=O)CCCN(CC)CC)OCCCCCCCC/C=C\CC(CCCCCC)OC(C(CCCCCCCC)CCCCCC)=O,0.4322781389084566
O=C(CCN(CCC(OCCCCCCCC/C=C\CC(CCCCCC)OC(C(CCCCCCCC)CCCCCC)=O)=O)CCCN(CC)CC)OCCCCCCCC/C=C\CC(CCCCCC)OC(C(CCCCCCCC)CCCCCC)=O,-0.6021324250380126
O=C(CCN(CCC(OCCCCCCCC/C=C\CC(CCCCCC)OC(C(CCCCCCCC)CCCCCC)=O)=O)CCCN(CC)CC)OCCCCCCCC/C=C\CC(CCCCCC)OC(C(CCCCCCCC)CCCCCC)=O,0.3693140176247583
O=C(CCN(CCC(OCCCCCCCC/C=C\CC(CCCCCC)OC(C(CCCCCCCC)CCCCCC)=O)=O)CCCN(CC)CC)OCCCCCCCC/C=C\CC(CCCCCC)OC(C(CCCCCCCC)CCCCCC)=O,0.8190577410797447
O=C(CCN(CCC(OCCCCCCCC/C=C\CC(CCCCCC)OC(C(CCCCCCCC)CCCCCC)=O)=O)CCCN(CC)CC)OCCCCCCCC/C=C\CC(CCCCCC)OC(C(CCCCCCCC)CCCCCC)=O,0.7830782432033458
O=C(CCN(CCC(OCCCCCCCC/C=C\CC(CCCCCC)OC(C(CCCCCCCC)CCCCCC)=O)=O)CCCN(CC)CC)OCCCCCCCC/C=C\CC(CCCCCC)OC(C(CCCCCCCC)CCCCCC)=O,1.5386476986077229
O=C(CCN(CCC(OCCCCCCCC/C=C\CC(CCCCCC)OC(C(CCCCCCCC)CCCCCC)=O)=O)CCCN(CC)CC)OCCCCCCCC/C=C\CC(CCCCCC)OC(C(CCCCCCCC)CCCCCC)=O,0.6481551261668496
O=C(CCN(CCC(OCCCCCCCC/C=C\CC(CCCCCC)OC(C(CCCCCCCC)CCCCCC)=O)=O)CCCN(CC)CC)OCCCCCCCC/C=C\CC(CCCCCC)OC(C(CCCCCCCC)CCCCCC)=O,0.8190577410797447
O=C(CCN(CCC(OCCCCCCCC/C=C\CC(CCCCCC)OC(C(CCCCCCCC)CCCCCC)=O)=O)CCCN(CC)CC)OCCCCCCCC/C=C\CC(CCCCCC)OC(C(CCCCCCCC)CCCCCC)=O,0.1804216537736639
O=C(CCN(CCC(OCCCCCCCC/C=C\CC(CCCCCC)OC(C(CCCCCCCC)CCCCCC)=O)=O)CCCN(CC)CC)OCCCCCCCC/C=C\CC(CCCCCC)OC(C(CCCCCCCC)CCCCCC)=O,0.5582063814758526
O=C(OCCCCCCCC/C=C\CC(CCCCCC)OC(CCCC1CCCCC1)=O)CCN(CCC(OCCCCCCCC/C=C\CC(CCCCCC)OC(CCCC2CCCCC2)=O)=O)CCCN(CC)CC,0.0994677835517661
O=C(OCCCCCCCC/C=C\CC(CCCCCC)OC(CCCC1CCCCC1)=O)CCN(CCC(OCCCCCCCC/C=C\CC(CCCCCC)OC(CCCC2CCCCC2)=O)=O)CCCN(CC)CC,0.3333345197483593
O=C(OCCCCCCCC/C=C\CC(CCCCCC)OC(CCCC1CCCCC1)=O)CCN(CCC(OCCCCCCCC/C=C\CC(CCCCCC)OC(CCCC2CCCCC2)=O)=O)CCCN(CC)CC,0.0544934112062676
O=C(OCCCCCCCC/C=C\CC(CCCCCC)OC(CCCC1CCCCC1)=O)CCN(CCC(OCCCCCCCC/C=C\CC(CCCCCC)OC(CCCC2CCCCC2)=O)=O)CCCN(CC)CC,-0.8000196633582068
O=C(OCCCCCCCC/C=C\CC(CCCCCC)OC(CCCC1CCCCC1)=O)CCN(CCC(OCCCCCCCC/C=C\CC(CCCCCC)OC(CCCC2CCCCC2)=O)=O)CCCN(CC)CC,0.0634882856753676
O=C(OCCCCCCCC/C=C\CC(CCCCCC)OC(CCCC1CCCCC1)=O)CCN(CCC(OCCCCCCCC/C=C\CC(CCCCCC)OC(CCCC2CCCCC2)=O)=O)CCCN(CC)CC,0.1264524069590655
O=C(OCCCCCCCC/C=C\CC(CCCCCC)OC(CCCC1CCCCC1)=O)CCN(CCC(OCCCCCCCC/C=C\CC(CCCCCC)OC(CCCC2CCCCC2)=O)=O)CCCN(CC)CC,1.2867912134729302
O=C(OCCCCCCCC/C=C\CC(CCCCCC)OC(CCCC1CCCCC1)=O)CCN(CCC(OCCCCCCCC/C=C\CC(CCCCCC)OC(CCCC2CCCCC2)=O)=O)CCCN(CC)CC,-0.7640401654818079
O=C(OCCCCCCCC/C=C\CC(CCCCCC)OC(CCCC1CCCCC1)=O)CCN(CCC(OCCCCCCCC/C=C\CC(CCCCCC)OC(CCCC2CCCCC2)=O)=O)CCCN(CC)CC,1.3857348326330277
O=C(OCCCCCCCC/C=C\CC(CCCCCC)OC(CCCC1CCCCC1)=O)CCN(CCC(OCCCCCCCC/C=C\CC(CCCCCC)OC(CCCC2CCCCC2)=O)=O)CCCN(CC)CC,0.5941858793522515
O=C(OCCCCCCCC/C=C\CC(CCCCCC)OC(CCCC1CCCCC1)=O)CCN(CCC(OCCCCCCCC/C=C\CC(CCCCCC)OC(CCCC2CCCCC2)=O)=O)CCCN(CC)CC,1.5926169454223218
O=C(OCCCCCCCC/C=C\CC(CCCCCC)OC(CCCC1CCCCC1)=O)CCN(CCC(OCCCCCCCC/C=C\CC(CCCCCC)OC(CCCC2CCCCC2)=O)=O)CCCN(CC)CC,0.6031807538213511
O=C(OCCCCCCCC/C=C\CC(CCCCCC)OC(CCCC1CCCCC1)=O)CCN(CCC(OCCCCCCCC/C=C\CC(CCCCCC)OC(CCCC2CCCCC2)=O)=O)CCCN(CC)CC,0.1174575324899656
O=C(OCCCCCCCC/C=C\CC(CCCCCC)OC(CCCC1CCCCC1)=O)CCN(CCC(OCCCCCCCC/C=C\CC(CCCCCC)OC(CCCC2CCCCC2)=O)=O)CCCN(CC)CC,0.3063498963410599
O=C(OCCCCCCCC/C=C\CC(CCCCCC)OC(CCCC1CCCCC1)=O)CCN(CCC(OCCCCCCCC/C=C\CC(CCCCCC)OC(CCCC2CCCCC2)=O)=O)CCCN(CC)CC,0.7291089963887478
O=C(OCCCCCCCC/C=C\CC(CCCCCC)OC(CCCC1CCCCC1)=O)CCN(CCC(OCCCCCCCC/C=C\CC(CCCCCC)OC(CCCC2CCCCC2)=O)=O)CCCN(CC)CC,0.3783088920938578
O=C(OCCCCCCCC/C=C\CC(CCCCCC)OC(CCCC1CCCCC1)=O)CCN(CCC(OCCCCCCCC/C=C\CC(CCCCCC)OC(CCCC2CCCCC2)=O)=O)CCCN(CC)CC,0.2523806495264619
O=C(OCCCCCCCC/C=C\CC(CCCCCC)OC(CCCC1CCCCC1)=O)CCN(CCC(OCCCCCCCC/C=C\CC(CCCCCC)OC(CCCC2CCCCC2)=O)=O)CCCN(CC)CC,0.8100628666106452
O=C(OCCCCCCCC/C=C\CC(CCCCCC)OC(CCCC1CCCCC1)=O)CCN(CCC(OCCCCCCCC/C=C\CC(CCCCCC)OC(CCCC2CCCCC2)=O)=O)CCCN(CC)CC,1.2598065900656317
O=C(OCCCCCCCC/C=C\CC(CCCCCC)OC(CCCC1CCCCC1)=O)CCN(CCC(OCCCCCCCC/C=C\CC(CCCCCC)OC(CCCC2CCCCC2)=O)=O)CCCN(CC)CC,1.5926169454223218
O=C(OCCCCCCCC/C=C\CC(CCCCCC)OC(CCCC1CCCCC1)=O)CCN(CCC(OCCCCCCCC/C=C\CC(CCCCCC)OC(CCCC2CCCCC2)=O)=O)CCCN(CC)CC,0.7201141219196474
O=C(OCCCCCCCC/C=C\CC(CCCCCC)OC(CCCC1CCCCC1)=O)CCN(CCC(OCCCCCCCC/C=C\CC(CCCCCC)OC(CCCC2CCCCC2)=O)=O)CCCN(CC)CC,1.3317655858184296
O=C(OCCCCCCCC/C=C\CC(CCCCCC)OC(CCCC1CCCCC1)=O)CCN(CCC(OCCCCCCCC/C=C\CC(CCCCCC)OC(CCCC2CCCCC2)=O)=O)CCCN(CC)CC,0.5312217580685532
O=C(OCCCCCCCC/C=C\CC(CCCCCC)OC(CCCC1CCCCC1)=O)CCN(CCC(OCCCCCCCC/C=C\CC(CCCCCC)OC(CCCC2CCCCC2)=O)=O)CCCN(CC)CC,1.0529244772763375
O=C(CCN(CCC(OCCCCCCCC/C=C\CC(CCCCCC)OC(CC/C=C\CCCCCC)=O)=O)CCCN1C=NC=C1)OCCCCCCCC/C=C\CC(CCCCCC)OC(CC/C=C\CCCCCC)=O,-1.7354866081445786
O=C(CCN(CCC(OCCCCCCCC/C=C\CC(CCCCCC)OC(CC/C=C\CCCCCC)=O)=O)CCCN1C=NC=C1)OCCCCCCCC/C=C\CC(CCCCCC)OC(CC/C=C\CCCCCC)=O,-1.4296608761951877
O=C(CCN(CCC(OCCCCCCCC/C=C\CC(CCCCCC)OC(CC/C=C\CCCCCC)=O)=O)CCCN1C=NC=C1)OCCCCCCCC/C=C\CC(CCCCCC)OC(CC/C=C\CCCCCC)=O,-1.483630123009786
O=C(CCN(CCC(OCCCCCCCC/C=C\CC(CCCCCC)OC(CC/C=C\CCCCCC)=O)=O)CCCN1C=NC=C1)OCCCCCCCC/C=C\CC(CCCCCC)OC(CC/C=C\CCCCCC)=O,-1.68151736132998
O=C(CCN(CCC(OCCCCCCCC/C=C\CC(CCCCCC)OC(CC/C=C\CCCCCC)=O)=O)CCCN1C=NC=C1)OCCCCCCCC/C=C\CC(CCCCCC)OC(CC/C=C\CCCCCC)=O,-1.5016198719479856
O=C(CCN(CCC(OCCCCCCCC/C=C\CC(CCCCCC)OC(CC/C=C\CCCCCC)=O)=O)CCCN1C=NC=C1)OCCCCCCCC/C=C\CC(CCCCCC)OC(CC/C=C\CCCCCC)=O,-2.589999682709053
O=C(CCN(CCC(OCCCCCCCC/C=C\CC(CCCCCC)OC(CC/C=C\CCCCCC)=O)=O)CCCN1C=NC=C1)OCCCCCCCC/C=C\CC(CCCCCC)OC(CC/C=C\CCCCCC)=O,-0.9979069016784008
O=C(CCN(CCC(OCCCCCCCC/C=C\CC(CCCCCC)OC(CC/C=C\CCCCCC)=O)=O)CCCN1C=NC=C1)OCCCCCCCC/C=C\CC(CCCCCC)OC(CC/C=C\CCCCCC)=O,-1.9333738464647725
O=C(CCN(CCC(OCCCCCCCC/C=C\CC(CCCCCC)OC(CC/C=C\CCCCCC)=O)=O)CCCN1C=NC=C1)OCCCCCCCC/C=C\CC(CCCCCC)OC(CC/C=C\CCCCCC)=O,-0.656101671852611
O=C(CCN(CCC(OCCCCCCCC/C=C\CC(CCCCCC)OC(CC/C=C\CCCCCC)=O)=O)CCCN1C=NC=C1)OCCCCCCCC/C=C\CC(CCCCCC)OC(CC/C=C\CCCCCC)=O,-1.3577018804423897
O=C(CCN(CCC(OCCCCCCCC/C=C\CC(CCCCCC)OC(CC/C=C\CCCCCC)=O)=O)CCCN1C=NC=C1)OCCCCCCCC/C=C\CC(CCCCCC)OC(CC/C=C\CCCCCC)=O,-0.2693220696813225
O=C(CCN(CCC(OCCCCCCCC/C=C\CC(CCCCCC)OC(CC/C=C\CCCCCC)=O)=O)CCCN1C=NC=C1)OCCCCCCCC/C=C\CC(CCCCCC)OC(CC/C=C\CCCCCC)=O,-1.5735788677007834
O=C(CCN(CCC(OCCCCCCCC/C=C\CC(CCCCCC)OC(CC/C=C\CCCCCC)=O)=O)CCCN1C=NC=C1)OCCCCCCCC/C=C\CC(CCCCCC)OC(CC/C=C\CCCCCC)=O,-1.2947377591586915
O=C(CCN(CCC(OCCCCCCCC/C=C\CC(CCCCCC)OC(CC/C=C\CCCCCC)=O)=O)CCCN1C=NC=C1)OCCCCCCCC/C=C\CC(CCCCCC)OC(CC/C=C\CCCCCC)=O,-1.3037326336277912
O=C(CCN(CCC(OCCCCCCCC/C=C\CC(CCCCCC)OC(CCCCCCC/C=C\CCCCCCCC)=O)=O)CCCN1C=NC=C1)OCCCCCCCC/C=C\CC(CCCCCC)OC(CCCCCCC/C=C\CCCCCCCC)=O,-1.4116711272569882
O=C(CCN(CCC(OCCCCCCCC/C=C\CC(CCCCCC)OC(CCCCCCC/C=C\CCCCCCCC)=O)=O)CCCN1C=NC=C1)OCCCCCCCC/C=C\CC(CCCCCC)OC(CCCCCCC/C=C\CCCCCCCC)=O,-0.68308629525991
O=C(CCN(CCC(OCCCCCCCC/C=C\CC(CCCCCC)OC(CCCCCCC/C=C\CCCCCCCC)=O)=O)CCCN1C=NC=C1)OCCCCCCCC/C=C\CC(CCCCCC)OC(CCCCCCC/C=C\CCCCCCCC)=O,-0.3952503122487188
O=C(CCN(CCC(OCCCCCCCC/C=C\CC(CCCCCC)OC(CCCCCCC/C=C\CCCCCCCC)=O)=O)CCCN1C=NC=C1)OCCCCCCCC/C=C\CC(CCCCCC)OC(CCCCCCC/C=C\CCCCCCCC)=O,-1.3577018804423897
O=C(CCN(CCC(OCCCCCCCC/C=C\CC(CCCCCC)OC(CCCCCCC/C=C\CCCCCCCC)=O)=O)CCCN1C=NC=C1)OCCCCCCCC/C=C\CC(CCCCCC)OC(CCCCCCC/C=C\CCCCCCCC)=O,-1.3846865038496892
O=C(CCN(CCC(OCCCCCCCC/C=C\CC(CCCCCC)OC(CCCCCCC/C=C\CCCCCCCC)=O)=O)CCCN1C=NC=C1)OCCCCCCCC/C=C\CC(CCCCCC)OC(CCCCCCC/C=C\CCCCCCCC)=O,-2.059302089032169
O=C(CCN(CCC(OCCCCCCCC/C=C\CC(CCCCCC)OC(CCCCCCC/C=C\CCCCCCCC)=O)=O)CCCN1C=NC=C1)OCCCCCCCC/C=C\CC(CCCCCC)OC(CCCCCCC/C=C\CCCCCCCC)=O,-0.8719786591110044
O=C(CCN(CCC(OCCCCCCCC/C=C\CC(CCCCCC)OC(CCCCCCC/C=C\CCCCCCCC)=O)=O)CCCN1C=NC=C1)OCCCCCCCC/C=C\CC(CCCCCC)OC(CCCCCCC/C=C\CCCCCCCC)=O,-1.0158966506166
O=C(CCN(CCC(OCCCCCCCC/C=C\CC(CCCCCC)OC(CCCCCCC/C=C\CCCCCCCC)=O)=O)CCCN1C=NC=C1)OCCCCCCCC/C=C\CC(CCCCCC)OC(CCCCCCC/C=C\CCCCCCCC)=O,0.3693140176247583
O=C(CCN(CCC(OCCCCCCCC/C=C\CC(CCCCCC)OC(CCCCCCC/C=C\CCCCCCCC)=O)=O)CCCN1C=NC=C1)OCCCCCCCC/C=C\CC(CCCCCC)OC(CCCCCCC/C=C\CCCCCCCC)=O,-1.3037326336277912
O=C(CCN(CCC(OCCCCCCCC/C=C\CC(CCCCCC)OC(CCCCCCC/C=C\CCCCCCCC)=O)=O)CCCN1C=NC=C1)OCCCCCCCC/C=C\CC(CCCCCC)OC(CCCCCCC/C=C\CCCCCCCC)=O,0.8370474900179439
O=C(CCN(CCC(OCCCCCCCC/C=C\CC(CCCCCC)OC(CCCCCCC/C=C\CCCCCCCC)=O)=O)CCCN1C=NC=C1)OCCCCCCCC/C=C\CC(CCCCCC)OC(CCCCCCC/C=C\CCCCCCCC)=O,-1.0158966506166
O=C(CCN(CCC(OCCCCCCCC/C=C\CC(CCCCCC)OC(CCCCCCC/C=C\CCCCCCCC)=O)=O)CCCN1C=NC=C1)OCCCCCCCC/C=C\CC(CCCCCC)OC(CCCCCCC/C=C\CCCCCCCC)=O,-1.3487070059732902
O=C(CCN(CCC(OCCCCCCCC/C=C\CC(CCCCCC)OC(CCCCCCC/C=C\CCCCCCCC)=O)=O)CCCN1C=NC=C1)OCCCCCCCC/C=C\CC(CCCCCC)OC(CCCCCCC/C=C\CCCCCCCC)=O,-0.4672093080015167
O=C(CCN(CCC(OCCCCCCCC/C=C\CC(CCCCCC)OC(CCCCCCC/C=C\CCCCCCCC)=O)=O)CCCN(CC)CC)OCCCCCCCC/C=C\CC(CCCCCC)OC(CCCCCCC/C=C\CCCCCCCC)=O,-0.5211785548161152
O=C(CCN(CCC(OCCCCCCCC/C=C\CC(CCCCCC)OC(CCCCCCC/C=C\CCCCCCCC)=O)=O)CCCN(CC)CC)OCCCCCCCC/C=C\CC(CCCCCC)OC(CCCCCCC/C=C\CCCCCCCC)=O,-0.0174655845465302
O=C(CCN(CCC(OCCCCCCCC/C=C\CC(CCCCCC)OC(CCCCCCC/C=C\CCCCCCCC)=O)=O)CCCN(CC)CC)OCCCCCCCC/C=C\CC(CCCCCC)OC(CCCCCCC/C=C\CCCCCCCC)=O,-0.287311818619522
O=C(CCN(CCC(OCCCCCCCC/C=C\CC(CCCCCC)OC(CCCCCCC/C=C\CCCCCCCC)=O)=O)CCCN(CC)CC)OCCCCCCCC/C=C\CC(CCCCCC)OC(CCCCCCC/C=C\CCCCCCCC)=O,-0.4402246845942173
O=C(CCN(CCC(OCCCCCCCC/C=C\CC(CCCCCC)OC(CCCCCCC/C=C\CCCCCCCC)=O)=O)CCCN(CC)CC)OCCCCCCCC/C=C\CC(CCCCCC)OC(CCCCCCC/C=C\CCCCCCCC)=O,0.5582063814758526
O=C(CCN(CCC(OCCCCCCCC/C=C\CC(CCCCCC)OC(CCCCCCC/C=C\CCCCCCCC)=O)=O)CCCN(CC)CC)OCCCCCCCC/C=C\CC(CCCCCC)OC(CCCCCCC/C=C\CCCCCCCC)=O,-0.4132400611869183
O=C(CCN(CCC(OCCCCCCCC/C=C\CC(CCCCCC)OC(CCCCCCC/C=C\CCCCCCCC)=O)=O)CCCN(CC)CC)OCCCCCCCC/C=C\CC(CCCCCC)OC(CCCCCCC/C=C\CCCCCCCC)=O,0.8730269878943427
O=C(CCN(CCC(OCCCCCCCC/C=C\CC(CCCCCC)OC(CCCCCCC/C=C\CCCCCCCC)=O)=O)CCCN(CC)CC)OCCCCCCCC/C=C\CC(CCCCCC)OC(CCCCCCC/C=C\CCCCCCCC)=O,-0.8899684080492037
O=C(CCN(CCC(OCCCCCCCC/C=C\CC(CCCCCC)OC(CCCCCCC/C=C\CCCCCCCC)=O)=O)CCCN(CC)CC)OCCCCCCCC/C=C\CC(CCCCCC)OC(CCCCCCC/C=C\CCCCCCCC)=O,1.5476425730768224
O=C(CCN(CCC(OCCCCCCCC/C=C\CC(CCCCCC)OC(CCCCCCC/C=C\CCCCCCCC)=O)=O)CCCN(CC)CC)OCCCCCCCC/C=C\CC(CCCCCC)OC(CCCCCCC/C=C\CCCCCCCC)=O,-0.0624399568920287
O=C(CCN(CCC(OCCCCCCCC/C=C\CC(CCCCCC)OC(CCCCCCC/C=C\CCCCCCCC)=O)=O)CCCN(CC)CC)OCCCCCCCC/C=C\CC(CCCCCC)OC(CCCCCCC/C=C\CCCCCCCC)=O,1.4397040794476257
O=C(CCN(CCC(OCCCCCCCC/C=C\CC(CCCCCC)OC(CCCCCCC/C=C\CCCCCCCC)=O)=O)CCCN(CC)CC)OCCCCCCCC/C=C\CC(CCCCCC)OC(CCCCCCC/C=C\CCCCCCCC)=O,0.2433857750573619
O=C(CCN(CCC(OCCCCCCCC/C=C\CC(CCCCCC)OC(CCCCCCC/C=C\CCCCCCCC)=O)=O)CCCN(CC)CC)OCCCCCCCC/C=C\CC(CCCCCC)OC(CCCCCCC/C=C\CCCCCCCC)=O,-0.0894245802993281
O=C(CCN(CCC(OCCCCCCCC/C=C\CC(CCCCCC)OC(CCCCCCC/C=C\CCCCCCCC)=O)=O)CCCN(CC)CC)OCCCCCCCC/C=C\CC(CCCCCC)OC(CCCCCCC/C=C\CCCCCCCC)=O,0.7381038708578473
O=C(CCN(CCC(OCCCCCCCC/C=C\CC(CCCCCC)OC(CCCCCCC/C=C\CCCCCCCC)=O)=O)CCCN(CC)CC)OCCCCCCCC/C=C\CC(CCCCCC)OC(CCCCCCC/C=C\CCCCCCCC)=O,1.2867912134729302
O=C(CCN(CCC(OCCCCCCCC/C=C\CC(CCCCCC)OC(CCCCCCC/C=C\CCCCCCCC)=O)=O)CCCN(CC)CC)OCCCCCCCC/C=C\CC(CCCCCC)OC(CCCCCCC/C=C\CCCCCCCC)=O,0.3873037665629573
O=C(CCN(CCC(OCCCCCCCC/C=C\CC(CCCCCC)OC(CCCCCCC/C=C\CCCCCCCC)=O)=O)CCCN(CC)CC)OCCCCCCCC/C=C\CC(CCCCCC)OC(CCCCCCC/C=C\CCCCCCCC)=O,0.4322781389084566
O=C(CCN(CCC(OCCCCCCCC/C=C\CC(CCCCCC)OC(CCCCCCC/C=C\CCCCCCCC)=O)=O)CCCN(CC)CC)OCCCCCCCC/C=C\CC(CCCCCC)OC(CCCCCCC/C=C\CCCCCCCC)=O,1.115888598560036
O=C(CCN(CCC(OCCCCCCCC/C=C\CC(CCCCCC)OC(CCCCCCC/C=C\CCCCCCCC)=O)=O)CCCN(CC)CC)OCCCCCCCC/C=C\CC(CCCCCC)OC(CCCCCCC/C=C\CCCCCCCC)=O,1.205837343251033
O=C(CCN(CCC(OCCCCCCCC/C=C\CC(CCCCCC)OC(CCCCCCC/C=C\CCCCCCCC)=O)=O)CCCN(CC)CC)OCCCCCCCC/C=C\CC(CCCCCC)OC(CCCCCCC/C=C\CCCCCCCC)=O,1.817488807149815
O=C(CCN(CCC(OCCCCCCCC/C=C\CC(CCCCCC)OC(CCCCCCC/C=C\CCCCCCCC)=O)=O)CCCN(CC)CC)OCCCCCCCC/C=C\CC(CCCCCC)OC(CCCCCCC/C=C\CCCCCCCC)=O,0.5672012559449521
O=C(CCN(CCC(OCCCCCCCC/C=C\CC(CCCCCC)OC(CCCCCCC/C=C\CCCCCCCC)=O)=O)CCCN(CC)CC)OCCCCCCCC/C=C\CC(CCCCCC)OC(CCCCCCC/C=C\CCCCCCCC)=O,1.4846784517931249
O=C(CCN(CCC(OCCCCCCCC/C=C\CC(CCCCCC)OC(CCCCCCC/C=C\CCCCCCCC)=O)=O)CCCN(CC)CC)OCCCCCCCC/C=C\CC(CCCCCC)OC(CCCCCCC/C=C\CCCCCCCC)=O,0.3333345197483593
O=C(CCN(CCC(OCCCCCCCC/C=C\CC(CCCCCC)OC(CCCCCCC/C=C\CCCCCCCC)=O)=O)CCCN(CC)CC)OCCCCCCCC/C=C\CC(CCCCCC)OC(CCCCCCC/C=C\CCCCCCCC)=O,0.6121756282904506
O=C(CCN(CCC(OCCCCCCCC/C=C\CC(CCCCCC)OC(CCC/C=C\C/C=C\C/C=C\C/C=C\CCCCC)=O)=O)CCN1CCCC1)OCCCCCCCC/C=C\CC(CCCCCC)OC(CCC/C=C\C/C=C\C/C=C\C/C=C\CCCCC)=O,-0.1433938271139265
O=C(CCN(CCC(OCCCCCCCC/C=C\CC(CCCCCC)OC(CCC/C=C\C/C=C\C/C=C\C/C=C\CCCCC)=O)=O)CCN1CCCC1)OCCCCCCCC/C=C\CC(CCCCCC)OC(CCC/C=C\C/C=C\C/C=C\C/C=C\CCCCC)=O,-0.4582144335324168
O=C(CCN(CCC(OCCCCCCCC/C=C\CC(CCCCCC)OC(CCC/C=C\C/C=C\C/C=C\C/C=C\CCCCC)=O)=O)CCN1CCCC1)OCCCCCCCC/C=C\CC(CCCCCC)OC(CCC/C=C\C/C=C\C/C=C\C/C=C\CCCCC)=O,0.6571500006359499
O=C(CCN(CCC(OCCCCCCCC/C=C\CC(CCCCCC)OC(CCC/C=C\C/C=C\C/C=C\C/C=C\CCCCC)=O)=O)CCN1CCCC1)OCCCCCCCC/C=C\CC(CCCCCC)OC(CCC/C=C\C/C=C\C/C=C\C/C=C\CCCCC)=O,0.0814780346135666
O=C(CCN(CCC(OCCCCCCCC/C=C\CC(CCCCCC)OC(CCC/C=C\C/C=C\C/C=C\C/C=C\CCCCC)=O)=O)CCN1CCCC1)OCCCCCCCC/C=C\CC(CCCCCC)OC(CCC/C=C\C/C=C\C/C=C\C/C=C\CCCCC)=O,-0.1164092037066271
O=C(CCN(CCC(OCCCCCCCC/C=C\CC(CCCCCC)OC(CCC/C=C\C/C=C\C/C=C\C/C=C\CCCCC)=O)=O)CCN1CCCC1)OCCCCCCCC/C=C\CC(CCCCCC)OC(CCC/C=C\C/C=C\C/C=C\C/C=C\CCCCC)=O,-0.4132400611869183
O=C(CCN(CCC(OCCCCCCCC/C=C\CC(CCCCCC)OC(CCC/C=C\C/C=C\C/C=C\C/C=C\CCCCC)=O)=O)CCN1CCCC1)OCCCCCCCC/C=C\CC(CCCCCC)OC(CCC/C=C\C/C=C\C/C=C\C/C=C\CCCCC)=O,0.0275087877989686
O=C(CCN(CCC(OCCCCCCCC/C=C\CC(CCCCCC)OC(CCC/C=C\C/C=C\C/C=C\C/C=C\CCCCC)=O)=O)CCN1CCCC1)OCCCCCCCC/C=C\CC(CCCCCC)OC(CCC/C=C\C/C=C\C/C=C\C/C=C\CCCCC)=O,-0.3322861909650209
O=C(CCN(CCC(OCCCCCCCC/C=C\CC(CCCCCC)OC(CCC/C=C\C/C=C\C/C=C\C/C=C\CCCCC)=O)=O)CCN1CCCC1)OCCCCCCCC/C=C\CC(CCCCCC)OC(CCC/C=C\C/C=C\C/C=C\C/C=C\CCCCC)=O,1.3947297071021272
O=C(CCN(CCC(OCCCCCCCC/C=C\CC(CCCCCC)OC(CCC/C=C\C/C=C\C/C=C\C/C=C\CCCCC)=O)=O)CCN1CCCC1)OCCCCCCCC/C=C\CC(CCCCCC)OC(CCC/C=C\C/C=C\C/C=C\C/C=C\CCCCC)=O,0.0904729090826666
O=C(CCN(CCC(OCCCCCCCC/C=C\CC(CCCCCC)OC(CCC/C=C\C/C=C\C/C=C\C/C=C\CCCCC)=O)=O)CCN1CCCC1)OCCCCCCCC/C=C\CC(CCCCCC)OC(CCC/C=C\C/C=C\C/C=C\C/C=C\CCCCC)=O,1.2328219666583322
O=C(CCN(CCC(OCCCCCCCC/C=C\CC(CCCCCC)OC(CCC/C=C\C/C=C\C/C=C\C/C=C\CCCCC)=O)=O)CCN1CCCC1)OCCCCCCCC/C=C\CC(CCCCCC)OC(CCC/C=C\C/C=C\C/C=C\C/C=C\CCCCC)=O,0.0724831601444671
O=C(CCN(CCC(OCCCCCCCC/C=C\CC(CCCCCC)OC(CCC/C=C\C/C=C\C/C=C\C/C=C\CCCCC)=O)=O)CCN1CCCC1)OCCCCCCCC/C=C\CC(CCCCCC)OC(CCC/C=C\C/C=C\C/C=C\C/C=C\CCCCC)=O,-0.0264604590156297
O=C(CCN(CCC(OCCCCCCCC/C=C\CC(CCCCCC)OC(CCC/C=C\C/C=C\C/C=C\C/C=C\CCCCC)=O)=O)CCN1CCCC1)OCCCCCCCC/C=C\CC(CCCCCC)OC(CCC/C=C\C/C=C\C/C=C\C/C=C\CCCCC)=O,0.7291089963887478
O=C(CCN(CCC(OCCCCCCCC/C=C\CC(CCCCCC)OC(CCC/C=C\C/C=C\C/C=C\C/C=C\CCCCC)=O)=O)CCN1CCCC1)OCCCCCCCC/C=C\CC(CCCCCC)OC(CCC/C=C\C/C=C\C/C=C\C/C=C\CCCCC)=O,0.3333345197483593
O=C(CCN(CCC(OCCCCCCCC/C=C\CC(CCCCCC)OC(CCC/C=C\C/C=C\C/C=C\C/C=C\CCCCC)=O)=O)CCN1CCCC1)OCCCCCCCC/C=C\CC(CCCCCC)OC(CCC/C=C\C/C=C\C/C=C\C/C=C\CCCCC)=O,0.0275087877989686
O=C(CCN(CCC(OCCCCCCCC/C=C\CC(CCCCCC)OC(CCC/C=C\C/C=C\C/C=C\C/C=C\CCCCC)=O)=O)CCN1CCCC1)OCCCCCCCC/C=C\CC(CCCCCC)OC(CCC/C=C\C/C=C\C/C=C\C/C=C\CCCCC)=O,0.5672012559449521
O=C(CCN(CCC(OCCCCCCCC/C=C\CC(CCCCCC)OC(CCC/C=C\C/C=C\C/C=C\C/C=C\CCCCC)=O)=O)CCN1CCCC1)OCCCCCCCC/C=C\CC(CCCCCC)OC(CCC/C=C\C/C=C\C/C=C\C/C=C\CCCCC)=O,0.6211705027595509
O=C(CCN(CCC(OCCCCCCCC/C=C\CC(CCCCCC)OC(CCC/C=C\C/C=C\C/C=C\C/C=C\CCCCC)=O)=O)CCN1CCCC1)OCCCCCCCC/C=C\CC(CCCCCC)OC(CCC/C=C\C/C=C\C/C=C\C/C=C\CCCCC)=O,0.6841346240432485
O=C(CCN(CCC(OCCCCCCCC/C=C\CC(CCCCCC)OC(CCC/C=C\C/C=C\C/C=C\C/C=C\CCCCC)=O)=O)CCN1CCCC1)OCCCCCCCC/C=C\CC(CCCCCC)OC(CCC/C=C\C/C=C\C/C=C\C/C=C\CCCCC)=O,1.9524119241863105
O=C(CCN(CCC(OCCCCCCCC/C=C\CC(CCCCCC)OC(CCC/C=C\C/C=C\C/C=C\C/C=C\CCCCC)=O)=O)CCN1CCCC1)OCCCCCCCC/C=C\CC(CCCCCC)OC(CCC/C=C\C/C=C\C/C=C\C/C=C\CCCCC)=O,1.169857845374634
O=C(CCN(CCC(OCCCCCCCC/C=C\CC(CCCCCC)OC(CCC/C=C\C/C=C\C/C=C\C/C=C\CCCCC)=O)=O)CCN1CCCC1)OCCCCCCCC/C=C\CC(CCCCCC)OC(CCC/C=C\C/C=C\C/C=C\C/C=C\CCCCC)=O,0.8370474900179439
O=C(CCN(CCC(OCCCCCCCC/C=C\CC(CCCCCC)OC(CCC/C=C\C/C=C\C/C=C\C/C=C\CCCCC)=O)=O)CCN1CCCC1)OCCCCCCCC/C=C\CC(CCCCCC)OC(CCC/C=C\C/C=C\C/C=C\C/C=C\CCCCC)=O,0.918001360239842
O=C(CCN(CCC(OCCCCCCCC/C=C\CC(CCCCCC)OC(CCC/C=C\C/C=C\C/C=C\C/C=C\CCCCC)=O)=O)CCN1CCCC1)OCCCCCCCC/C=C\CC(CCCCCC)OC(CCC/C=C\C/C=C\C/C=C\C/C=C\CCCCC)=O,1.2238270921892327
O=C(CCN(CCC(OCCCCCCCC/C=C\CC(CCCCCC)OC(CCC/C=C\C/C=C\C/C=C\C/C=C\CCCCC)=O)=O)CCN1CCOCC1)OCCCCCCCC/C=C\CC(CCCCCC)OC(CCC/C=C\C/C=C\C/C=C\C/C=C\CCCCC)=O,-1.3756916293805892
O=C(CCN(CCC(OCCCCCCCC/C=C\CC(CCCCCC)OC(CCC/C=C\C/C=C\C/C=C\C/C=C\CCCCC)=O)=O)CCN1CCOCC1)OCCCCCCCC/C=C\CC(CCCCCC)OC(CCC/C=C\C/C=C\C/C=C\C/C=C\CCCCC)=O,-1.68151736132998
O=C(CCN(CCC(OCCCCCCCC/C=C\CC(CCCCCC)OC(CCC/C=C\C/C=C\C/C=C\C/C=C\CCCCC)=O)=O)CCN1CCOCC1)OCCCCCCCC/C=C\CC(CCCCCC)OC(CCC/C=C\C/C=C\C/C=C\C/C=C\CCCCC)=O,-1.0608710229620986
O=C(CCN(CCC(OCCCCCCCC/C=C\CC(CCCCCC)OC(CCC/C=C\C/C=C\C/C=C\C/C=C\CCCCC)=O)=O)CCN1CCOCC1)OCCCCCCCC/C=C\CC(CCCCCC)OC(CCC/C=C\C/C=C\C/C=C\C/C=C\CCCCC)=O,-0.7550452910127079
O=C(CCN(CCC(OCCCCCCCC/C=C\CC(CCCCCC)OC(CCC/C=C\C/C=C\C/C=C\C/C=C\CCCCC)=O)=O)CCN1CCOCC1)OCCCCCCCC/C=C\CC(CCCCCC)OC(CCC/C=C\C/C=C\C/C=C\C/C=C\CCCCC)=O,-1.645537863453581
O=C(CCN(CCC(OCCCCCCCC/C=C\CC(CCCCCC)OC(CCC/C=C\C/C=C\C/C=C\C/C=C\CCCCC)=O)=O)CCN1CCOCC1)OCCCCCCCC/C=C\CC(CCCCCC)OC(CCC/C=C\C/C=C\C/C=C\C/C=C\CCCCC)=O,-1.3307172570350907
O=C(CCN(CCC(OCCCCCCCC/C=C\CC(CCCCCC)OC(CCC/C=C\C/C=C\C/C=C\C/C=C\CCCCC)=O)=O)CCN1CCOCC1)OCCCCCCCC/C=C\CC(CCCCCC)OC(CCC/C=C\C/C=C\C/C=C\C/C=C\CCCCC)=O,-0.3502759399032203
O=C(CCN(CCC(OCCCCCCCC/C=C\CC(CCCCCC)OC(CCC/C=C\C/C=C\C/C=C\C/C=C\CCCCC)=O)=O)CCN1CCOCC1)OCCCCCCCC/C=C\CC(CCCCCC)OC(CCC/C=C\C/C=C\C/C=C\C/C=C\CCCCC)=O,-1.9693533443411717
O=C(CCN(CCC(OCCCCCCCC/C=C\CC(CCCCCC)OC(CCC/C=C\C/C=C\C/C=C\C/C=C\CCCCC)=O)=O)CCN1CCOCC1)OCCCCCCCC/C=C\CC(CCCCCC)OC(CCC/C=C\C/C=C\C/C=C\C/C=C\CCCCC)=O,-0.8090145378273064
O=C(CCN(CCC(OCCCCCCCC/C=C\CC(CCCCCC)OC(CCC/C=C\C/C=C\C/C=C\C/C=C\CCCCC)=O)=O)CCN1CCOCC1)OCCCCCCCC/C=C\CC(CCCCCC)OC(CCC/C=C\C/C=C\C/C=C\C/C=C\CCCCC)=O,-0.8809735335801042
O=C(CCN(CCC(OCCCCCCCC/C=C\CC(CCCCCC)OC(CCC/C=C\C/C=C\C/C=C\C/C=C\CCCCC)=O)=O)CCN1CCOCC1)OCCCCCCCC/C=C\CC(CCCCCC)OC(CCC/C=C\C/C=C\C/C=C\C/C=C\CCCCC)=O,0.6661448751050494
O=C(CCN(CCC(OCCCCCCCC/C=C\CC(CCCCCC)OC(CCC/C=C\C/C=C\C/C=C\C/C=C\CCCCC)=O)=O)CCN1CCOCC1)OCCCCCCCC/C=C\CC(CCCCCC)OC(CCC/C=C\C/C=C\C/C=C\C/C=C\CCCCC)=O,-1.5196096208861851
O=C(CCN(CCC(OCCCCCCCC/C=C\CC(CCCCCC)OC(CCC/C=C\C/C=C\C/C=C\C/C=C\CCCCC)=O)=O)CCN1CCOCC1)OCCCCCCCC/C=C\CC(CCCCCC)OC(CCC/C=C\C/C=C\C/C=C\C/C=C\CCCCC)=O,-1.4386557506642876
O=C(CCN(CCC(OCCCCCCCC/C=C\CC(CCCCCC)OC(CCC/C=C\C/C=C\C/C=C\C/C=C\CCCCC)=O)=O)CCN1CCOCC1)OCCCCCCCC/C=C\CC(CCCCCC)OC(CCC/C=C\C/C=C\C/C=C\C/C=C\CCCCC)=O,-0.4222349356560178
O=C(OCCCCCCCC/C=C\CC(CCCCCC)OC(CC/C=C\CCCCC)=O)CCN1CCC(C2=CC=NC=C2)CC1,-0.9979069016784008
O=C(OCCCCCCCC/C=C\CC(CCCCCC)OC(CC/C=C\CCCCC)=O)CCN1CCC(C2=CC=NC=C2)CC1,-0.8989632825183037
O=C(OCCCCCCCC/C=C\CC(CCCCCC)OC(CC/C=C\CCCCC)=O)CCN1CCC(C2=CC=NC=C2)CC1,-1.1058453953075975
O=C(OCCCCCCCC/C=C\CC(CCCCCC)OC(CC/C=C\CCCCC)=O)CCN1CCC(C2=CC=NC=C2)CC1,-0.6381119229144115
O=C(OCCCCCCCC/C=C\CC(CCCCCC)OC(CC/C=C\CCCCC)=O)CCN1CCC(C2=CC=NC=C2)CC1,-0.215352822866724
O=C(OCCCCCCCC/C=C\CC(CCCCCC)OC(CC/C=C\CCCCC)=O)CCN1CCC(C2=CC=NC=C2)CC1,-0.8359991612346054
O=C(OCCCCCCCC/C=C\CC(CCCCCC)OC(CC/C=C\CCCCC)=O)CCN1CCC(C2=CC=NC=C2)CC1,-0.1703784505212255
O=C(OCCCCCCCC/C=C\CC(CCCCCC)OC(CC/C=C\CCCCC)=O)CCN1CCC(C2=CC=NC=C2)CC1,-1.5375993698243844
O=C(OCCCCCCCC/C=C\CC(CCCCCC)OC(CC/C=C\CCCCC)=O)CCN1CCC(C2=CC=NC=C2)CC1,-1.4296608761951877
O=C(OCCCCCCCC/C=C\CC(CCCCCC)OC(CC/C=C\CCCCC)=O)CCN1CCC(C2=CC=NC=C2)CC1,-1.1058453953075975
O=C(OCCCCCCCC/C=C\CC(CCCCCC)OC(CC/C=C\CCCCC)=O)CCN1CCC(C2=CC=NC=C2)CC1,0.9629757325853404
O=C(OCCCCCCCC/C=C\CC(CCCCCC)OC(CC/C=C\CCCCC)=O)CCN1CCC(C2=CC=NC=C2)CC1,-1.0608710229620986
O=C(OCCCCCCCC/C=C\CC(CCCCCC)OC(CC/C=C\CCCCC)=O)CCN1CCC(C2=CC=NC=C2)CC1,-0.9439376548638022
O=C(OCCCCCCCC/C=C\CC(CCCCCC)OC(CC/C=C\CCCCC)=O)CCN1CCC(C2=CC=NC=C2)CC1,-0.0354553334847297
O=C(OCCCCCCCC/C=C\CC(CCCCCC)OC(C(CCCCCCCC)CCCCCC)=O)CCN(C)CCCCCCN(CCC(OCCCCCCCC/C=C\CC(CCCCC)OC(C(CCCCCCCC)CCCCCC)=O)=O)C,-1.1418248931839965
O=C(OCCCCCCCC/C=C\CC(CCCCCC)OC(C(CCCCCCCC)CCCCCC)=O)CCN(C)CCCCCCN(CCC(OCCCCCCCC/C=C\CC(CCCCC)OC(C(CCCCCCCC)CCCCCC)=O)=O)C,-1.078860771900298
O=C(OCCCCCCCC/C=C\CC(CCCCCC)OC(C(CCCCCCCC)CCCCCC)=O)CCN(C)CCCCCCN(CCC(OCCCCCCCC/C=C\CC(CCCCC)OC(C(CCCCCCCC)CCCCCC)=O)=O)C,-0.5121836803470152
O=C(OCCCCCCCC/C=C\CC(CCCCCC)OC(C(CCCCCCCC)CCCCCC)=O)CCN(C)CCCCCCN(CCC(OCCCCCCCC/C=C\CC(CCCCC)OC(C(CCCCCCCC)CCCCCC)=O)=O)C,-1.0698658974311983
O=C(OCCCCCCCC/C=C\CC(CCCCCC)OC(C(CCCCCCCC)CCCCCC)=O)CCN(C)CCCCCCN(CCC(OCCCCCCCC/C=C\CC(CCCCC)OC(C(CCCCCCCC)CCCCCC)=O)=O)C,-0.6291170484453116
O=C(OCCCCCCCC/C=C\CC(CCCCCC)OC(C(CCCCCCCC)CCCCCC)=O)CCN(C)CCCCCCN(CCC(OCCCCCCCC/C=C\CC(CCCCC)OC(C(CCCCCCCC)CCCCCC)=O)=O)C,-2.0053328422175705
O=C(OCCCCCCCC/C=C\CC(CCCCCC)OC(C(CCCCCCCC)CCCCCC)=O)CCN(C)CCCCCCN(CCC(OCCCCCCCC/C=C\CC(CCCCC)OC(C(CCCCCCCC)CCCCCC)=O)=O)C,0.4682576367848556
O=C(OCCCCCCCC/C=C\CC(CCCCCC)OC(C(CCCCCCCC)CCCCCC)=O)CCN(C)CCCCCCN(CCC(OCCCCCCCC/C=C\CC(CCCCC)OC(C(CCCCCCCC)CCCCCC)=O)=O)C,-1.7354866081445786
O=C(OCCCCCCCC/C=C\CC(CCCCCC)OC(C(CCCCCCCC)CCCCCC)=O)CCN(C)CCCCCCN(CCC(OCCCCCCCC/C=C\CC(CCCCC)OC(C(CCCCCCCC)CCCCCC)=O)=O)C,-0.593137550568913
O=C(OCCCCCCCC/C=C\CC(CCCCCC)OC(C(CCCCCCCC)CCCCCC)=O)CCN(C)CCCCCCN(CCC(OCCCCCCCC/C=C\CC(CCCCC)OC(C(CCCCCCCC)CCCCCC)=O)=O)C,-0.5841426760998131
O=C(OCCCCCCCC/C=C\CC(CCCCCC)OC(C(CCCCCCCC)CCCCCC)=O)CCN(C)CCCCCCN(CCC(OCCCCCCCC/C=C\CC(CCCCC)OC(C(CCCCCCCC)CCCCCC)=O)=O)C,-0.0804297058302282
O=C(OCCCCCCCC/C=C\CC(CCCCCC)OC(C(CCCCCCCC)CCCCCC)=O)CCN(C)CCCCCCN(CCC(OCCCCCCCC/C=C\CC(CCCCC)OC(C(CCCCCCCC)CCCCCC)=O)=O)C,-1.4296608761951877
O=C(OCCCCCCCC/C=C\CC(CCCCCC)OC(C(CCCCCCCC)CCCCCC)=O)CCN(C)CCCCCCN(CCC(OCCCCCCCC/C=C\CC(CCCCC)OC(C(CCCCCCCC)CCCCCC)=O)=O)C,-0.5841426760998131
O=C(OCCCCCCCC/C=C\CC(CCCCCC)OC(C(CCCCCCCC)CCCCCC)=O)CCN(C)CCCCCCN(CCC(OCCCCCCCC/C=C\CC(CCCCC)OC(C(CCCCCCCC)CCCCCC)=O)=O)C,-0.0894245802993281
O=C(CCN(CCC(OCCCCCCCC/C=C\CC(CCCCCC)OC(CC/C=C\CCCCC)=O)=O)CCCN(CC)CC)OCCCCCCCC/C=C\CC(CCCCCC)OC(CC/C=C\CCCCC)=O,0.8010679921415449
O=C(CCN(CCC(OCCCCCCCC/C=C\CC(CCCCCC)OC(CC/C=C\CCCCC)=O)=O)CCCN(CC)CC)OCCCCCCCC/C=C\CC(CCCCCC)OC(CC/C=C\CCCCC)=O,-0.988912027209301
O=C(CCN(CCC(OCCCCCCCC/C=C\CC(CCCCCC)OC(CC/C=C\CCCCC)=O)=O)CCCN(CC)CC)OCCCCCCCC/C=C\CC(CCCCCC)OC(CC/C=C\CCCCC)=O,0.6121756282904506
O=C(CCN(CCC(OCCCCCCCC/C=C\CC(CCCCCC)OC(CC/C=C\CCCCC)=O)=O)CCCN(CC)CC)OCCCCCCCC/C=C\CC(CCCCCC)OC(CC/C=C\CCCCC)=O,0.0185139133298687
O=C(CCN(CCC(OCCCCCCCC/C=C\CC(CCCCCC)OC(CC/C=C\CCCCC)=O)=O)CCCN(CC)CC)OCCCCCCCC/C=C\CC(CCCCCC)OC(CC/C=C\CCCCC)=O,1.5296528241386234
O=C(CCN(CCC(OCCCCCCCC/C=C\CC(CCCCCC)OC(CC/C=C\CCCCC)=O)=O)CCCN(CC)CC)OCCCCCCCC/C=C\CC(CCCCCC)OC(CC/C=C\CCCCC)=O,-0.224347697335824
O=C(CCN(CCC(OCCCCCCCC/C=C\CC(CCCCCC)OC(CC/C=C\CCCCC)=O)=O)CCCN(CC)CC)OCCCCCCCC/C=C\CC(CCCCCC)OC(CC/C=C\CCCCC)=O,0.2253960261191624
O=C(CCN(CCC(OCCCCCCCC/C=C\CC(CCCCCC)OC(CC/C=C\CCCCC)=O)=O)CCCN(CC)CC)OCCCCCCCC/C=C\CC(CCCCCC)OC(CC/C=C\CCCCC)=O,0.2793652729337609
O=C(CCN(CCC(OCCCCCCCC/C=C\CC(CCCCCC)OC(CC/C=C\CCCCC)=O)=O)CCCN(CC)CC)OCCCCCCCC/C=C\CC(CCCCCC)OC(CC/C=C\CCCCC)=O,1.097898849621836
O=C(CCN(CCC(OCCCCCCCC/C=C\CC(CCCCCC)OC(CC/C=C\CCCCC)=O)=O)CCCN(CC)CC)OCCCCCCCC/C=C\CC(CCCCCC)OC(CC/C=C\CCCCC)=O,-0.4672093080015167
O=C(CCN(CCC(OCCCCCCCC/C=C\CC(CCCCCC)OC(CC/C=C\CCCCC)=O)=O)CCCN(CC)CC)OCCCCCCCC/C=C\CC(CCCCCC)OC(CC/C=C\CCCCC)=O,0.1534370303663645
O=C(CCN(CCC(OCCCCCCCC/C=C\CC(CCCCCC)OC(CC/C=C\CCCCC)=O)=O)CCCN(CC)CC)OCCCCCCCC/C=C\CC(CCCCCC)OC(CC/C=C\CCCCC)=O,0.6661448751050494
O=C(CCN(CCC(OCCCCCCCC/C=C\CC(CCCCCC)OC(CC/C=C\CCCCC)=O)=O)CCCN(CC)CC)OCCCCCCCC/C=C\CC(CCCCCC)OC(CC/C=C\CCCCC)=O,0.7291089963887478
O=C(CCN(CCC(OCCCCCCCC/C=C\CC(CCCCCC)OC(CC/C=C\CCCCC)=O)=O)CCCN(CC)CC)OCCCCCCCC/C=C\CC(CCCCCC)OC(CC/C=C\CCCCC)=O,1.9344221752481117
O=C(CCN(CCC(OCCCCCCCC/C=C\CC(CCCCCC)OC(CC/C=C\CCCCC)=O)=O)CCCN(CC)CC)OCCCCCCCC/C=C\CC(CCCCCC)OC(CC/C=C\CCCCC)=O,-0.0804297058302282
O=C(CCN(CCC(OCCCCCCCC/C=C\CC(CCCCCC)OC(CC/C=C\CCCCC)=O)=O)CCCN(CC)CC)OCCCCCCCC/C=C\CC(CCCCCC)OC(CC/C=C\CCCCC)=O,1.2148322177201325
O=C(CCN(CCC(OCCCCCCCC/C=C\CC(CCCCCC)OC(CC/C=C\CCCCC)=O)=O)CCCN(CC)CC)OCCCCCCCC/C=C\CC(CCCCCC)OC(CC/C=C\CCCCC)=O,0.585191004883152
O=C(CCN(CCC(OCCCCCCCC/C=C\CC(CCCCCC)OC(CC/C=C\CCCCC)=O)=O)CCCN(CC)CC)OCCCCCCCC/C=C\CC(CCCCCC)OC(CC/C=C\CCCCC)=O,1.151868096436435
O=C(CCN(CCC(OCCCCCCCC/C=C\CC(CCCCCC)OC(CC/C=C\CCCCC)=O)=O)CCCN(C)C)OCCCCCCCC/C=C\CC(CCCCCC)OC(CC/C=C\CCCCC)=O,0.5941858793522515
O=C(CCN(CCC(OCCCCCCCC/C=C\CC(CCCCCC)OC(CC/C=C\CCCCC)=O)=O)CCCN(C)C)OCCCCCCCC/C=C\CC(CCCCCC)OC(CC/C=C\CCCCC)=O,-2.248194452883263
O=C(CCN(CCC(OCCCCCCCC/C=C\CC(CCCCCC)OC(CC/C=C\CCCCC)=O)=O)CCCN(C)C)OCCCCCCCC/C=C\CC(CCCCCC)OC(CC/C=C\CCCCC)=O,1.4037245815712276
O=C(CCN(CCC(OCCCCCCCC/C=C\CC(CCCCCC)OC(CC/C=C\CCCCC)=O)=O)CCCN(C)C)OCCCCCCCC/C=C\CC(CCCCCC)OC(CC/C=C\CCCCC)=O,-0.0444502079538292
O=C(CCN(CCC(OCCCCCCCC/C=C\CC(CCCCCC)OC(CC/C=C\CCCCC)=O)=O)CCCN(C)C)OCCCCCCCC/C=C\CC(CCCCCC)OC(CC/C=C\CCCCC)=O,1.5116630752004236
O=C(CCN(CCC(OCCCCCCCC/C=C\CC(CCCCCC)OC(CC/C=C\CCCCC)=O)=O)CCCN(C)C)OCCCCCCCC/C=C\CC(CCCCCC)OC(CC/C=C\CCCCC)=O,0.1804216537736639
O=C(CCN(CCC(OCCCCCCCC/C=C\CC(CCCCCC)OC(CC/C=C\CCCCC)=O)=O)CCCN(C)C)OCCCCCCCC/C=C\CC(CCCCCC)OC(CC/C=C\CCCCC)=O,-0.7550452910127079
O=C(CCN(CCC(OCCCCCCCC/C=C\CC(CCCCCC)OC(CC/C=C\CCCCC)=O)=O)CCCN(C)C)OCCCCCCCC/C=C\CC(CCCCCC)OC(CC/C=C\CCCCC)=O,0.5761961304140516
O=C(CCN(CCC(OCCCCCCCC/C=C\CC(CCCCCC)OC(CC/C=C\CCCCC)=O)=O)CCCN(C)C)OCCCCCCCC/C=C\CC(CCCCCC)OC(CC/C=C\CCCCC)=O,0.7291089963887478
O=C(CCN(CCC(OCCCCCCCC/C=C\CC(CCCCCC)OC(CC/C=C\CCCCC)=O)=O)CCCN(C)C)OCCCCCCCC/C=C\CC(CCCCCC)OC(CC/C=C\CCCCC)=O,-0.1254040781757271
O=C(CCN(CCC(OCCCCCCCC/C=C\CC(CCCCCC)OC(CC/C=C\CCCCC)=O)=O)CCCN(C)C)OCCCCCCCC/C=C\CC(CCCCCC)OC(CC/C=C\CCCCC)=O,0.6841346240432485
O=C(CCN(CCC(OCCCCCCCC/C=C\CC(CCCCCC)OC(CC/C=C\CCCCC)=O)=O)CCCN(C)C)OCCCCCCCC/C=C\CC(CCCCCC)OC(CC/C=C\CCCCC)=O,0.8370474900179439
O=C(CCN(CCC(OCCCCCCCC/C=C\CC(CCCCCC)OC(CC/C=C\CCCCC)=O)=O)CCCN(C)C)OCCCCCCCC/C=C\CC(CCCCCC)OC(CC/C=C\CCCCC)=O,1.4576938283858256
O=C(CCN(CCC(OCCCCCCCC/C=C\CC(CCCCCC)OC(CC/C=C\CCCCC)=O)=O)CCCN(C)C)OCCCCCCCC/C=C\CC(CCCCCC)OC(CC/C=C\CCCCC)=O,1.9524119241863105
O=C(CCN(CCC(OCCCCCCCC/C=C\CC(CCCCCC)OC(CC/C=C\CCCCC)=O)=O)CCCN(C)C)OCCCCCCCC/C=C\CC(CCCCCC)OC(CC/C=C\CCCCC)=O,-0.1793733249903251
O=C(CCN(CCC(OCCCCCCCC/C=C\CC(CCCCCC)OC(CC/C=C\CCCCC)=O)=O)CCCN(C)C)OCCCCCCCC/C=C\CC(CCCCCC)OC(CC/C=C\CCCCC)=O,1.5656323220150223
O=C(CCN(CCC(OCCCCCCCC/C=C\CC(CCCCCC)OC(CC/C=C\CCCCC)=O)=O)CCCN(C)C)OCCCCCCCC/C=C\CC(CCCCCC)OC(CC/C=C\CCCCC)=O,1.376739958163928
O=C(CCN(CCC(OCCCCCCCC/C=C\CC(CCCCCC)OC(CC/C=C\CCCCC)=O)=O)CCCN(C)C)OCCCCCCCC/C=C\CC(CCCCCC)OC(CC/C=C\CCCCC)=O,1.5566374475459228
O=C(CCN(CCC(OCCCCCCCC/C=C\CC(CCCCCC)OC(CC/C=C\CCCCC)=O)=O)CCN(CCCC)CCCC)OCCCCCCCC/C=C\CC(CCCCCC)OC(CC/C=C\CCCCC)=O,-0.0534450824229291
O=C(CCN(CCC(OCCCCCCCC/C=C\CC(CCCCCC)OC(CC/C=C\CCCCC)=O)=O)CCN(CCCC)CCCC)OCCCCCCCC/C=C\CC(CCCCCC)OC(CC/C=C\CCCCC)=O,-2.67994842740005
O=C(CCN(CCC(OCCCCCCCC/C=C\CC(CCCCCC)OC(CC/C=C\CCCCC)=O)=O)CCN(CCCC)CCCC)OCCCCCCCC/C=C\CC(CCCCCC)OC(CC/C=C\CCCCC)=O,-0.656101671852611
O=C(CCN(CCC(OCCCCCCCC/C=C\CC(CCCCCC)OC(CC/C=C\CCCCC)=O)=O)CCN(CCCC)CCCC)OCCCCCCCC/C=C\CC(CCCCCC)OC(CC/C=C\CCCCC)=O,-1.4746352485406866
O=C(CCN(CCC(OCCCCCCCC/C=C\CC(CCCCCC)OC(CC/C=C\CCCCC)=O)=O)CCN(CCCC)CCCC)OCCCCCCCC/C=C\CC(CCCCCC)OC(CC/C=C\CCCCC)=O,-0.0804297058302282
O=C(CCN(CCC(OCCCCCCCC/C=C\CC(CCCCCC)OC(CC/C=C\CCCCC)=O)=O)CCN(CCCC)CCCC)OCCCCCCCC/C=C\CC(CCCCCC)OC(CC/C=C\CCCCC)=O,-1.1418248931839965
O=C(CCN(CCC(OCCCCCCCC/C=C\CC(CCCCCC)OC(CC/C=C\CCCCC)=O)=O)CCN(CCCC)CCCC)OCCCCCCCC/C=C\CC(CCCCCC)OC(CC/C=C\CCCCC)=O,-1.7804609804900773
O=C(CCN(CCC(OCCCCCCCC/C=C\CC(CCCCCC)OC(CC/C=C\CCCCC)=O)=O)CCN(CCCC)CCCC)OCCCCCCCC/C=C\CC(CCCCCC)OC(CC/C=C\CCCCC)=O,-0.8270042867655059
N(CCC(=O)OCCCCCCCC\C=C/CC(CCCCCC)OC(=O)CCCC5CCCCC5)(CCC(=O)OCCCCCCCC\C=C/CC(CCCCCC)OC(=O)CCCC5CCCCC5)CCN1CCCC1,1.6106066943605208
N(CCC(=O)OCCCCCCCC\C=C/CC(CCCCCC)OC(=O)CCCCCCC/C=C\CCCCCCCC)(CCC(=O)OCCCCCCCC\C=C/CC(CCCCCC)OC(=O)CCCCCCC/C=C\CCCCCCCC)CCc1ccncc1,0.4952422601921542
N(CCC(=O)OCCCCCCCC\C=C/CC(CCCCCC)OC(=O)CCCCCCC/C=C\C/C=C\CCCCC)(CCC(=O)OCCCCCCCC\C=C/CC(CCCCCC)OC(=O)CCCCCCC/C=C\C/C=C\CCCCC)CCc1ccncc1,0.144442155897265
N(CCC(=O)OCCCCCCCC\C=C/CC(CCCCCC)OC(=O)CCCCCC)(CCC(=O)OCCCCCCCC\C=C/CC(CCCCCC)OC(=O)CCCCCC)CCCN(C)C,1.667493321670166
N(CCC(=O)OCCCCCCCC\C=C/CC(CCCCCC)OC(=O)CCCCCC)(CCC(=O)OCCCCCCCC\C=C/CC(CCCCCC)OC(=O)CCCCCC)CCN(C)C,1.5990863973477782
N(CCC(=O)OCCCCCCCC\C=C/CC(CCCCCC)OC(=O)CCCCCCC/C=C\C/C=C\CCCCC)(CCC(=O)OCCCCCCCC\C=C/CC(CCCCCC)OC(=O)CCCCCCC/C=C\C/C=C\CCCCC)CCCN(C)C,1.543275787293424
N(CCC(=O)OCCCCCCCC\C=C/CC(CCCCCC)OC(=O)CCCCCCC/C=C\C/C=C\CCCCC)(CCC(=O)OCCCCCCCC\C=C/CC(CCCCCC)OC(=O)CCCCCCC/C=C\C/C=C\CCCCC)CCN(C)C,1.7806166012633933
N(CCC(=O)OCCCCCCCC\C=C/CC(CCCCCC)OC(=O)CC/C=C\CC)(CCC(=O)OCCCCCCCC\C=C/CC(CCCCCC)OC(=O)CC/C=C\CC)CCCN(C)C,-0.3045035837749413
N(CCC(=O)OCCCCCCCC\C=C/CC(CCCCCC)OC(=O)CCCCCCCCCCC)(CCC(=O)OCCCCCCCC\C=C/CC(CCCCCC)OC(=O)CCCCCCCCCCC)CCCN(C)C,-0.3045035837749413
N(CCC(=O)OCCCCCCCC\C=C/CC(CCCCCC)OC(=O)CCCCCC)(CCC(=O)OCCCCCCCC\C=C/CC(CCCCCC)OC(=O)CCCCCC)CCCN(C)C,-0.3045035837749413
N(CCC(=O)OCCCCCCCC\C=C/CC(CCCCCC)OC(=O)CCCCCCC/C=C\C/C=C\CCCCC)(CCC(=O)OCCCCCCCC\C=C/CC(CCCCCC)OC(=O)CCCCCCC/C=C\C/C=C\CCCCC)CCCN(C)C,-0.3045035837749413
N(CCC(=O)OCCCCCCCC\C=C/CC(CCCCCC)OC(=O)C(CCCCCC)CCCCCCCC)(CCC(=O)OCCCCCCCC\C=C/CC(CCCCCC)OC(=O)C(CCCCCC)CCCCCCCC)CCN(C)C,-0.3045035837749413
N(CCC(=O)OCCCCCCCC\C=C/CC(CCCCCC)OC(=O)CCC/C=C\C/C=C\C/C=C\C/C=C\CCCCC)(CCC(=O)OCCCCCCCC\C=C/CC(CCCCCC)OC(=O)CCC/C=C\C/C=C\C/C=C\C/C=C\CCCCC)CCN(C)C,-0.3045035837749413
N(CCC(=O)OCCCCCCCC\C=C/CC(CCCCCC)OC(=O)CCCCCC)(CCC(=O)OCCCCCCCC\C=C/CC(CCCCCC)OC(=O)CCCCCC)CCN(C)C,-0.3045035837749413
N(CCC(=O)OCCCCCCCC\C=C/CC(CCCCCC)OC(=O)CCCCCCC/C=C\C/C=C\CCCCC)(CCC(=O)OCCCCCCCC\C=C/CC(CCCCCC)OC(=O)CCCCCCC/C=C\C/C=C\CCCCC)CCN(C)C,-0.3045035837749413
N(CCC(=O)OCCCCCCCC\C=C/CC(CCCCCC)OC(=O)CCC/C=C\C/C=C\C/C=C\C/C=C\CCCCC)(CCC(=O)OCCCCCCCC\C=C/CC(CCCCCC)OC(=O)CCC/C=C\C/C=C\C/C=C\C/C=C\CCCCC)CCCN(CC)CC,-0.3045035837749413
N(CCC(=O)OCCCCCCCC\C=C/CC(CCCCCC)OC(=O)CC\C=C/C/C=C\C\C=C/C\C=C/C\C=C/C\C=C/CC)(CCC(=O)OCCCCCCCC\C=C/CC(CCCCCC)OC(=O)CC\C=C/C/C=C\C\C=C/C\C=C/C\C=C/C\C=C/CC)CCCN(CC)CC,3.0554115505630977
N(CCC(=O)OCCCCCCCC\C=C/CC(CCCCCC)OC(=O)CCCCCCCCCCCCCCCCC)(CCC(=O)OCCCCCCCC\C=C/CC(CCCCCC)OC(=O)CCCCCCCCCCCCCCCCC)CCCN(CC)CC,-0.3045035837749413
N(CCC(=O)OCCCCCCCC\C=C/CC(CCCCCC)OC(=O)CCCCCCCCCC)(CCC(=O)OCCCCCCCC\C=C/CC(CCCCCC)OC(=O)CCCCCCCCCC)CCN(CC)CC,-0.3045035837749413
CN(CCC(=O)OCCCCCCCC\C=C/CC(CCCCCC)OC(=O)CC/C=C\CC)CCCN(CCC(=O)OCCCCCCCC\C=C/CC(CCCCCC)OC(=O)CC/C=C\CC)C,-0.3045035837749413
CN(CCC(=O)OCCCCCCCC\C=C/CC(CCCCCC)OC(=O)CCCCCCC/C=C\CCCCCCCC)CCCN(CCC(=O)OCCCCCCCC\C=C/CC(CCCCCC)OC(=O)CCCCCCC/C=C\CCCCCCCC)C,-0.3045035837749413
CCN(CC)CCN(CCC(=O)OCCCCCCCC\C=C/CC(CCCCCC)OC(=O)CCCCCCCCCCC)CCN(CC)CC,-0.3045035837749413
CCN(CC)CCN(CCC(=O)OCCCCCCCC\C=C/CC(CCCCCC)OC(=O)CCCCC)CCN(CC)CC,-0.3045035837749413
CCN(CC)CCN(CCC(=O)OCCCCCCCC\C=C/CC(CCCCCC)OC(=O)CCCCCCCCCC)CCN(CC)CC,-0.3045035837749413
N(CCC(=O)OCCCCCCCC\C=C/CC(CCCCCC)OC(=O)CCCCCCCCCCCCC)(CCC(=O)OCCCCCCCC\C=C/CC(CCCCCC)OC(=O)CCCCCCCCCCCCC)CCCN1CCN(C)CC1,-0.3045035837749413
N(CCC(=O)OCCCCCCCC\C=C/CC(CCCCCC)OC(=O)CCCCCCC)(CCC(=O)OCCCCCCCC\C=C/CC(CCCCCC)OC(=O)CCCCCCC)CCCN1CCN(C)CC1,-0.3045035837749413
N(CCC(=O)OCCCCCCCC\C=C/CC(CCCCCC)OC(=O)CCCCCCCCCCCCC)(CCC(=O)OCCCCCCCC\C=C/CC(CCCCCC)OC(=O)CCCCCCCCCCCCC)CCc1ccncc1,-0.3045035837749413
N(CCC(=O)OCCCCCCCC\C=C/CC(CCCCCC)OC(=O)CC/C=C\CCCCC)(CCC(=O)OCCCCCCCC\C=C/CC(CCCCCC)OC(=O)CC/C=C\CCCCC)CCc1ccncc1,-0.3045035837749413
N(CCC(=O)OCCCCCCCC\C=C/CC(CCCCCC)OC(=O)CCCCCCC/C=C\CCCCCCCC)(CCC(=O)OCCCCCCCC\C=C/CC(CCCCCC)OC(=O)CCCCCCC/C=C\CCCCCCCC)CCc1ccncc1,-0.3045035837749413
N(CCC(=O)OCCCCCCCC\C=C/CC(CCCCCC)OC(=O)CCCCCCC/C=C\C/C=C\CCCCC)(CCC(=O)OCCCCCCCC\C=C/CC(CCCCCC)OC(=O)CCCCCCC/C=C\C/C=C\CCCCC)CCc1ccncc1,-0.3045035837749413
N(CCC(=O)OCCCCCCCC\C=C/CC(CCCCCC)OC(=O)CCCCCCCCCCC)(CCC(=O)OCCCCCCCC\C=C/CC(CCCCCC)OC(=O)CCCCCCCCCCC)CCN1CCOCC1,-0.3045035837749413
N(CCC(=O)OCCCCCCCC\C=C/CC(CCCCCC)OC(=O)CC/C=C\CCCCC)(CCC(=O)OCCCCCCCC\C=C/CC(CCCCCC)OC(=O)CC/C=C\CCCCC)CCN1CCOCC1,-0.3045035837749413
N(CCC(=O)OCCCCCCCC\C=C/CC(CCCCCC)OC(=O)CCCCCCCCCCCCCCCCC)(CCC(=O)OCCCCCCCC\C=C/CC(CCCCCC)OC(=O)CCCCCCCCCCCCCCCCC)CCN1CCOCC1,-0.3045035837749413
N(CCC(=O)OCCCCCCCC\C=C/CC(CCCCCC)OC(=O)CCCCCCC/C=C\CCCCCCCC)(CCC(=O)OCCCCCCCC\C=C/CC(CCCCCC)OC(=O)CCCCCCC/C=C\CCCCCCCC)CCN1CCOCC1,-0.3045035837749413
N(CCC(=O)OCCCCCCCC\C=C/CC(CCCCCC)OC(=O)CCCCCCCCCCCCCCC)(CCC(=O)OCCCCCCCC\C=C/CC(CCCCCC)OC(=O)CCCCCCCCCCCCCCC)CCN1CCCCC1,-0.3045035837749413
N(CCC(=O)OCCCCCCCC\C=C/CC(CCCCCC)OC(=O)CCCCCCC/C=C\CCCCCCCC)(CCC(=O)OCCCCCCCC\C=C/CC(CCCCCC)OC(=O)CCCCCCC/C=C\CCCCCCCC)CCN1CCCCC1,-0.3045035837749413
N(CCC(=O)OCCCCCCCC\C=C/CC(CCCCCC)OC(=O)CCCCCCCCCCC)(CCC(=O)OCCCCCCCC\C=C/CC(CCCCCC)OC(=O)CCCCCCCCCCC)CCCN1CCCCCC1,-0.3045035837749413
N(CCC(=O)OCCCCCCCC\C=C/CC(CCCCCC)OC(=O)CCCCCCCCCCCCC)(CCC(=O)OCCCCCCCC\C=C/CC(CCCCCC)OC(=O)CCCCCCCCCCCCC)CCCN1CCCCCC1,-0.3045035837749413
N(CCC(=O)OCCCCCCCC\C=C/CC(CCCCCC)OC(=O)CCCCCCCCCCCCCCCCC)(CCC(=O)OCCCCCCCC\C=C/CC(CCCCCC)OC(=O)CCCCCCCCCCCCCCCCC)CCCN1CCCCCC1,-0.3045035837749413
N(CCC(=O)OCCCCCCCC\C=C/CC(CCCCCC)OC(=O)CCCCCCCCCCC)(CCC(=O)OCCCCCCCC\C=C/CC(CCCCCC)OC(=O)CCCCCCCCCCC)CCCN1CCCCC1,-0.3045035837749413
N(CCC(=O)OCCCCCCCC\C=C/CC(CCCCCC)OC(=O)CCCCCCCCCCCCC)(CCC(=O)OCCCCCCCC\C=C/CC(CCCCCC)OC(=O)CCCCCCCCCCCCC)CCCN1CCCCC1,-0.3045035837749413
N(CCC(=O)OCCCCCCCC\C=C/CC(CCCCCC)OC(=O)CCC/C=C\C/C=C\C/C=C\C/C=C\CCCCC)(CCC(=O)OCCCCCCCC\C=C/CC(CCCCCC)OC(=O)CCC/C=C\C/C=C\C/C=C\C/C=C\CCCCC)CCCN1CCCCC1,-0.3045035837749413
N(CCC(=O)OCCCCCCCC\C=C/CC(CCCCCC)OC(=O)CCCCCC)(CCC(=O)OCCCCCCCC\C=C/CC(CCCCCC)OC(=O)CCCCCC)CCCN1CCCCC1,-0.3045035837749413
N(CCC(=O)OCCCCCCCC\C=C/CC(CCCCCC)OC(=O)CCCCCCC)(CCC(=O)OCCCCCCCC\C=C/CC(CCCCCC)OC(=O)CCCCCCC)CCCN1CCCCC1,-0.3045035837749413
N(CCC(=O)OCCCCCCCC\C=C/CC(CCCCCC)OC(=O)CCCCCCCCCCCCCCCCC)(CCC(=O)OCCCCCCCC\C=C/CC(CCCCCC)OC(=O)CCCCCCCCCCCCCCCCC)CCCN1CCCCC1,0.0837830166480221
N(CCC(=O)OCCCCCCCC\C=C/CC(CCCCCC)OC(=O)CCCCCCCCCC)(CCC(=O)OCCCCCCCC\C=C/CC(CCCCCC)OC(=O)CCCCCCCCCC)CCCN1CCCCC1,-0.3045035837749413
N(CCC(=O)OCCCCCCCC\C=C/CC(CCCCCC)OC(=O)CC\C=C/C/C=C\C\C=C/C\C=C/C\C=C/C\C=C/CC)(CCC(=O)OCCCCCCCC\C=C/CC(CCCCCC)OC(=O)CC\C=C/C/C=C\C\C=C/C\C=C/C\C=C/C\C=C/CC)CCN1CCN(C)CCCC1,-0.3045035837749413
N(CCC(=O)OCCCCCCCC\C=C/CC(CCCCCC)OC(=O)CCC/C=C\C/C=C\C/C=C\C/C=C\C/C=C\CC)(CCC(=O)OCCCCCCCC\C=C/CC(CCCCCC)OC(=O)CCC/C=C\C/C=C\C/C=C\C/C=C\C/C=C\CC)CCN1CCN(C)CCCC1,1.0241864023830616
N(CCC(=O)OCCCCCCCC\C=C/CC(CCCCCC)OC(=O)CC/C=C\CC)(CCC(=O)OCCCCCCCC\C=C/CC(CCCCCC)OC(=O)CC/C=C\CC)CCC1N(C)CCCC1,-0.3045035837749413
N(CCC(=O)OCCCCCCCC\C=C/CC(CCCCCC)OC(=O)CCCCCCCCCCCCCCC)(CCC(=O)OCCCCCCCC\C=C/CC(CCCCCC)OC(=O)CCCCCCCCCCCCCCC)CCC1N(C)CCCC1,-0.3045035837749413
N(CCC(=O)OCCCCCCCC\C=C/CC(CCCCCC)OC(=O)C(CCCCCC)CCCCCCCC)(CCC(=O)OCCCCCCCC\C=C/CC(CCCCCC)OC(=O)C(CCCCCC)CCCCCCCC)CCC1N(C)CCCC1,-0.3045035837749413
N(CCC(=O)OCCCCCCCC\C=C/CC(CCCCCC)OC(=O)CCCCCC)(CCC(=O)OCCCCCCCC\C=C/CC(CCCCCC)OC(=O)CCCCCC)CCC1N(C)CCCC1,-0.3045035837749413
N(CCC(=O)OCCCCCCCC\C=C/CC(CCCCCC)OC(=O)CCCCCCCCCC)(CCC(=O)OCCCCCCCC\C=C/CC(CCCCCC)OC(=O)CCCCCCCCCC)CCC1N(C)CCCC1,-0.3045035837749413
N(CCC(=O)OCCCCCCCC\C=C/CC(CCCCCC)OC(=O)CCCCCCCCCCCCCCC)(CCC(=O)OCCCCCCCC\C=C/CC(CCCCCC)OC(=O)CCCCCCCCCCCCCCC)CCN1CCN(C)CC1,-0.3045035837749413
N(CCC(=O)OCCCCCCCC\C=C/CC(CCCCCC)OC(=O)CCCCCC)(CCC(=O)OCCCCCCCC\C=C/CC(CCCCCC)OC(=O)CCCCCC)CCN1CCN(C)CC1,-0.3045035837749413
N(CCC(=O)OCCCCCCCC\C=C/CC(CCCCCC)OC(=O)CCCCCCCCCCC)(CCC(=O)OCCCCCCCC\C=C/CC(CCCCCC)OC(=O)CCCCCCCCCCC)CC1N(C)CCCC1,-0.3045035837749413
N(CCC(=O)OCCCCCCCC\C=C/CC(CCCCCC)OC(=O)CC/C=C\CCCCC)(CCC(=O)OCCCCCCCC\C=C/CC(CCCCCC)OC(=O)CC/C=C\CCCCC)CC1N(C)CCCC1,-0.3045035837749413
N(CCC(=O)OCCCCCCCC\C=C/CC(CCCCCC)OC(=O)CC/C=C\CCCCC)(CCC(=O)OCCCCCCCC\C=C/CC(CCCCCC)OC(=O)CC/C=C\CCCCC)CCC1N(CC(C)C)CCCC1,-0.3045035837749413
N(CCC(=O)OCCCCCCCC\C=C/CC(CCCCCC)OC(=O)CC\C=C/C/C=C\C\C=C/C\C=C/C\C=C/C\C=C/CC)(CCC(=O)OCCCCCCCC\C=C/CC(CCCCCC)OC(=O)CC\C=C/C/C=C\C\C=C/C\C=C/C\C=C/C\C=C/CC)CCC1N(CC(C)C)CCCC1,0.9795793236533183
N(CCC(=O)OCCCCCCCC\C=C/CC(CCCCCC)OC(=O)CCCCCCC/C=C\C/C=C\CCCCC)(CCC(=O)OCCCCCCCC\C=C/CC(CCCCCC)OC(=O)CCCCCCC/C=C\C/C=C\CCCCC)CCC1N(CC(C)C)CCCC1,-0.3045035837749413
N(CCC(=O)OCCCCCCCC\C=C/CC(CCCCCC)OC(=O)CCC/C=C\C/C=C\C/C=C\C/C=C\C/C=C\CC)(CCC(=O)OCCCCCCCC\C=C/CC(CCCCCC)OC(=O)CCC/C=C\C/C=C\C/C=C\C/C=C\C/C=C\CC)CCC1N(CC(C)C)CCCC1,-0.3045035837749413
N(CCC(=O)OCCCCCCCC\C=C/CC(CCCCCC)OC(=O)C(CCCCCC)CCCCCCCC)(CCC(=O)OCCCCCCCC\C=C/CC(CCCCCC)OC(=O)C(CCCCCC)CCCCCCCC)CCN1CCCCCC1,-0.3045035837749413
N(CCC(=O)OCCCCCCCC\C=C/CC(CCCCCC)OC(=O)CC/C=C\CCCCC)(CCC(=O)OCCCCCCCC\C=C/CC(CCCCCC)OC(=O)CC/C=C\CCCCC)CCN1CCCCCC1,-0.3045035837749413
N(CCC(=O)OCCCCCCCC\C=C/CC(CCCCCC)OC(=O)CCCCCCCCCCC)(CCC(=O)OCCCCCCCC\C=C/CC(CCCCCC)OC(=O)CCCCCCCCCCC)CCO,-0.3045035837749413
N(CCC(=O)OCCCCCCCC\C=C/CC(CCCCCC)OC(=O)CCCCC)(CCC(=O)OCCCCCCCC\C=C/CC(CCCCCC)OC(=O)CCCCC)CCO,-0.3045035837749413
N(CCC(=O)OCCCCCCCC\C=C/CC(CCCCCC)OC(=O)CCCCCC)(CCC(=O)OCCCCCCCC\C=C/CC(CCCCCC)OC(=O)CCCCCC)CCO,-0.3045035837749413
N(CCC(=O)OCCCCCCCC\C=C/CC(CCCCCC)OC(=O)CCC/C=C\C/C=C\C/C=C\C/C=C\C/C=C\CC)(CCC(=O)OCCCCCCCC\C=C/CC(CCCCCC)OC(=O)CCC/C=C\C/C=C\C/C=C\C/C=C\C/C=C\CC)CCO,1.214912986442808
N(CCC(=O)OCCCCCCCC\C=C/CC(CCCCCC)OC(=O)C(CCCCCC)CCCCCCCC)(CCC(=O)OCCCCCCCC\C=C/CC(CCCCCC)OC(=O)C(CCCCCC)CCCCCCCC)CCCCCO,-0.3045035837749413
N(CCC(=O)OCCCCCCCC\C=C/CC(CCCCCC)OC(=O)CCC/C=C\C/C=C\C/C=C\C/C=C\CCCCC)(CCC(=O)OCCCCCCCC\C=C/CC(CCCCCC)OC(=O)CCC/C=C\C/C=C\C/C=C\C/C=C\CCCCC)CCCCCO,-0.3045035837749413
N(CCC(=O)OCCCCCCCC\C=C/CC(CCCCCC)OC(=O)CCCCCCC/C=C\CCCCCCCC)(CCC(=O)OCCCCCCCC\C=C/CC(CCCCCC)OC(=O)CCCCCCC/C=C\CCCCCCCC)CCCCCO,-0.3045035837749413
N(CCC(=O)OCCCCCCCC\C=C/CC(CCCCCC)OC(=O)CCC/C=C\C/C=C\C/C=C\C/C=C\C/C=C\CC)(CCC(=O)OCCCCCCCC\C=C/CC(CCCCCC)OC(=O)CCC/C=C\C/C=C\C/C=C\C/C=C\C/C=C\CC)CCCCCO,1.3896527260516638
N(CCC(=O)OCCCCCCCC\C=C/CC(CCCCCC)OC(=O)CCCCCCCCCC)(CCC(=O)OCCCCCCCC\C=C/CC(CCCCCC)OC(=O)CCCCCCCCCC)CCCCCO,-0.3045035837749413
N(CCC(=O)OCCCCCCCC\C=C/CC(CCCCCC)OC(=O)CCCCCCCCCCCCCCC)(CCC(=O)OCCCCCCCC\C=C/CC(CCCCCC)OC(=O)CCCCCCCCCCCCCCC)CCC1OCCO1,-0.3045035837749413
N(CCC(=O)OCCCCCCCC\C=C/CC(CCCCCC)OC(=O)CC/C=C\CCCCC)(CCC(=O)OCCCCCCCC\C=C/CC(CCCCCC)OC(=O)CC/C=C\CCCCC)CCC1OCCO1,-0.3045035837749413
N(CCC(=O)OCCCCCCCC\C=C/CC(CCCCCC)OC(=O)CCCCCCC)(CCC(=O)OCCCCCCCC\C=C/CC(CCCCCC)OC(=O)CCCCCCC)CCC1OCCO1,-0.3045035837749413
N(CCC(=O)OCCCCCCCC\C=C/CC(CCCCCC)OC(=O)CCC/C=C\C/C=C\C/C=C\C/C=C\C/C=C\CC)(CCC(=O)OCCCCCCCC\C=C/CC(CCCCCC)OC(=O)CCC/C=C\C/C=C\C/C=C\C/C=C\C/C=C\CC)CCC1OCCO1,0.9785687537741714
N(CCC(=O)OCCCCCCCC\C=C/CC(CCCCCC)OC(=O)CCCCCCCCCCCCC)(CCC(=O)OCCCCCCCC\C=C/CC(CCCCCC)OC(=O)CCCCCCCCCCCCC)CCN1CCCC1,-0.3045035837749413
N(CCC(=O)OCCCCCCCC\C=C/CC(CCCCCC)OC(=O)CCCCCCCCCCCCCCC)(CCC(=O)OCCCCCCCC\C=C/CC(CCCCCC)OC(=O)CCCCCCCCCCCCCCC)CCN1CCCC1,-0.3045035837749413
N(CCC(=O)OCCCCCCCC\C=C/CC(CCCCCC)OC(=O)C(CCCCCC)CCCCCCCC)(CCC(=O)OCCCCCCCC\C=C/CC(CCCCCC)OC(=O)C(CCCCCC)CCCCCCCC)CCN1CCCC1,-0.3045035837749413
N(CCC(=O)OCCCCCCCC\C=C/CC(CCCCCC)OC(=O)CCC/C=C\C/C=C\C/C=C\C/C=C\C/C=C\CC)(CCC(=O)OCCCCCCCC\C=C/CC(CCCCCC)OC(=O)CCC/C=C\C/C=C\C/C=C\C/C=C\C/C=C\CC)CCN1CCCC1,3.898707057035871
N(CCC(=O)OCCCCCCCC\C=C/CC(CCCCCC)OC(=O)CCCCCCCCCCC)(CCC(=O)OCCCCCCCC\C=C/CC(CCCCCC)OC(=O)CCCCCCCCCCC)CCCN1CCCC1,-0.3045035837749413
N(CCC(=O)OCCCCCCCC\C=C/CC(CCCCCC)OC(=O)CCCCCCC)(CCC(=O)OCCCCCCCC\C=C/CC(CCCCCC)OC(=O)CCCCCCC)CCCN1CCCC1,-0.3045035837749413
N(CCC(=O)OCCCCCCCC\C=C/CC(CCCCCC)OC(=O)CCCCCCCCCCCCC)(CCC(=O)OCCCCCCCC\C=C/CC(CCCCCC)OC(=O)CCCCCCCCCCCCC)CCCn1ccnc1,-0.3045035837749413
N(CCC(=O)OCCCCCCCC\C=C/CC(CCCCCC)OC(=O)CCCCCCCCCCCCCCC)(CCC(=O)OCCCCCCCC\C=C/CC(CCCCCC)OC(=O)CCCCCCCCCCCCCCC)CCCn1ccnc1,-0.3045035837749413
N(CCC(=O)OCCCCCCCC\C=C/CC(CCCCCC)OC(=O)CCCCC)(CCC(=O)OCCCCCCCC\C=C/CC(CCCCCC)OC(=O)CCCCC)CCCn1ccnc1,-0.3045035837749413
N(CCC(=O)OCCCCCCCC\C=C/CC(CCCCCC)OC(=O)CCC/C=C\C/C=C\C/C=C\C/C=C\C/C=C\CC)(CCC(=O)OCCCCCCCC\C=C/CC(CCCCCC)OC(=O)CCC/C=C\C/C=C\C/C=C\C/C=C\C/C=C\CC)CCCN(CCC(=O)OCCCCCCCC\C=C/CC(CCCCCC)OC(=O)CCC/C=C\C/C=C\C/C=C\C/C=C\C/C=C\CC)(CCC(=O)OCCCCCCCC\C=C/CC(CCCCCC)OC(=O)CCC/C=C\C/C=C\C/C=C\C/C=C\C/C=C\CC),-1.499294165460229
N(CCC(=O)OCCCCCCCC\C=C/CC(CCCCCC)OC(=O)CC\C=C/C/C=C\C\C=C/C\C=C/C\C=C/C\C=C/CC)(CCC(=O)OCCCCCCCC\C=C/CC(CCCCCC)OC(=O)CC\C=C/C/C=C\C\C=C/C\C=C/C\C=C/C\C=C/CC)CCCN(CCCC)CCCC,-1.4737167111900658
N(CCC(=O)OCCCCCCCC\C=C/CC(CCCCCC)OC(=O)CC\C=C/C/C=C\C\C=C/C\C=C/C\C=C/C\C=C/CC)(CCC(=O)OCCCCCCCC\C=C/CC(CCCCCC)OC(=O)CC\C=C/C/C=C\C\C=C/C\C=C/C\C=C/C\C=C/CC)CCCN(CCC(=O)OCCCCCCCC\C=C/CC(CCCCCC)OC(=O)CC\C=C/C/C=C\C\C=C/C\C=C/C\C=C/C\C=C/CC)(CCC(=O)OCCCCCCCC\C=C/CC(CCCCCC)OC(=O)CC\C=C/C/C=C\C\C=C/C\C=C/C\C=C/C\C=C/CC),-0.3526422645613349
N(CCC(=O)OCCCCCCCC\C=C/CC(CCCCCC)OC(=O)CC\C=C/C/C=C\C\C=C/C\C=C/C\C=C/C\C=C/CC)(CCC(=O)OCCCCCCCC\C=C/CC(CCCCCC)OC(=O)CC\C=C/C/C=C\C\C=C/C\C=C/C\C=C/C\C=C/CC)CCCN(CC)CC,0.8608259316821824
CN(CCC(=O)OCCCCCCCC\C=C/CC(CCCCCC)OC(=O)CC\C=C/C/C=C\C\C=C/C\C=C/C\C=C/C\C=C/CC)CCN(CCN(CCC(=O)OCCCCCCCC\C=C/CC(CCCCCC)OC(=O)CC\C=C/C/C=C\C\C=C/C\C=C/C\C=C/C\C=C/CC)C)CCN(CCC(=O)OCCCCCCCC\C=C/CC(CCCCCC)OC(=O)CC\C=C/C/C=C\C\C=C/C\C=C/C\C=C/C\C=C/CC)C,0.256228260879953
C1N(CCC(=O)OCCCCCCCC\C=C/CC(CCCCCC)OC(=O)CCC/C=C\C/C=C\C/C=C\C/C=C\C/C=C\CC)CCN(CCC(=O)OCCCCCCCC\C=C/CC(CCCCCC)OC(=O)CCC/C=C\C/C=C\C/C=C\C/C=C\C/C=C\CC)CCN(CCC(=O)OCCCCCCCC\C=C/CC(CCCCCC)OC(=O)CCC/C=C\C/C=C\C/C=C\C/C=C\C/C=C\CC)C1,-1.1355698451757672
N(CCC(=O)OCCCCCCCC\C=C/CC(CCCCCC)OC(=O)CC\C=C/C/C=C\C\C=C/C\C=C/C\C=C/C\C=C/CC)(CCC(=O)OCCCCCCCC\C=C/CC(CCCCCC)OC(=O)CC\C=C/C/C=C\C\C=C/C\C=C/C\C=C/C\C=C/CC)CCCN(CCC(=O)OCCCCCCCC\C=C/CC(CCCCCC)OC(=O)CC\C=C/C/C=C\C\C=C/C\C=C/C\C=C/C\C=C/CC)C,-1.6131991285163043
N(CCC(=O)OCCCCCCCC\C=C/CC(CCCCCC)OC(=O)CCCCCCC/C=C\C/C=C\C/C=C\CC)(CCC(=O)OCCCCCCCC\C=C/CC(CCCCCC)OC(=O)CCCCCCC/C=C\C/C=C\C/C=C\CC)CCCN1CCN(CCCN(CCC(=O)OCCCCCCCC\C=C/CC(CCCCCC)OC(=O)CCCCCCC/C=C\C/C=C\C/C=C\CC)(CCC(=O)OCCCCCCCC\C=C/CC(CCCCCC)OC(=O)CCCCCCC/C=C\C/C=C\C/C=C\CC))CC1,0.346047576906655
N(CCC(=O)OCCCCCCCC\C=C/CC(CCCCCC)OC(=O)CCCCCCC/C=C\C/C=C\C/C=C\CC)(CCC(=O)OCCCCCCCC\C=C/CC(CCCCCC)OC(=O)CCCCCCC/C=C\C/C=C\C/C=C\CC)CCCN(CCC(=O)OCCCCCCCC\C=C/CC(CCCCCC)OC(=O)CCCCCCC/C=C\C/C=C\C/C=C\CC)CCCN(C)C,0.1499894422792446
N(CCC(=O)OCCCCCCCC\C=C/CC(CCCCCC)OC(=O)CCCCCCC/C=C\C/C=C\C/C=C\CC)(CCC(=O)OCCCCCCCC\C=C/CC(CCCCCC)OC(=O)CCCCCCC/C=C\C/C=C\C/C=C\CC)CCCn1ccnc1,-0.3831919935709746
OCCN(CCO)CCCN(CCC(=O)OCCCCCCCC\C=C/CC(CCCCCC)OC(=O)CCCCCCC/C=C\C/C=C\C/C=C\CC)(CCC(=O)OCCCCCCCC\C=C/CC(CCCCCC)OC(=O)CCCCCCC/C=C\C/C=C\C/C=C\CC),-0.5193427053858085
N(CCC(=O)OCCCCCCCC\C=C/CC(CCCCCC)OC(=O)CCCC\C=C/C\C=C/C\C=C/CCCCC)(CCC(=O)OCCCCCCCC\C=C/CC(CCCCCC)OC(=O)CCCC\C=C/C\C=C/C\C=C/CCCCC)CCN(CCC(=O)OCCCCCCCC\C=C/CC(CCCCCC)OC(=O)CCCC\C=C/C\C=C/C\C=C/CCCCC)CCN(CC1)CCN1CCN(CCC(=O)OCCCCCCCC\C=C/CC(CCCCCC)OC(=O)CCCC\C=C/C\C=C/C\C=C/CCCCC)(CCC(=O)OCCCCCCCC\C=C/CC(CCCCCC)OC(=O)CCCC\C=C/C\C=C/C\C=C/CCCCC),-1.4604922989133735
N(CCC(=O)OCCCCCCCC\C=C/CC(CCCCCC)OC(=O)CCCCCCC/C=C\CCCCCCCC)(CCC(=O)OCCCCCCCC\C=C/CC(CCCCCC)OC(=O)CCCCCCC/C=C\CCCCCCCC)CCCN(CCC(=O)OCCCCCCCC\C=C/CC(CCCCCC)OC(=O)CCCCCCC/C=C\CCCCCCCC)(CCC(=O)OCCCCCCCC\C=C/CC(CCCCCC)OC(=O)CCCCCCC/C=C\CCCCCCCC),-1.0498653581694706
CN(CCC(=O)OCCCCCCCC\C=C/CC(CCCCCC)OC(=O)CCCCCCCCCCCCC)CCN(CCN(CCC(=O)OCCCCCCCC\C=C/CC(CCCCCC)OC(=O)CCCCCCCCCCCCC)C)CCN(CCC(=O)OCCCCCCCC\C=C/CC(CCCCCC)OC(=O)CCCCCCCCCCCCC)C,1.5963665306033643
CN(CCC(=O)OCCCCCCCC\C=C/CC(CCCCCC)OC(=O)CCCCCCCCCCCCCCC)CCN(CCN(CCC(=O)OCCCCCCCC\C=C/CC(CCCCCC)OC(=O)CCCCCCCCCCCCCCC)C)CCN(CCC(=O)OCCCCCCCC\C=C/CC(CCCCCC)OC(=O)CCCCCCCCCCCCCCC)C,0.3204106391574902
N(CCC(=O)OCCCCCCCC\C=C/CC(CCCCCC)OC(=O)CCCC\C=C/C\C=C/C\C=C/CCCCC)(CCC(=O)OCCCCCCCC\C=C/CC(CCCCCC)OC(=O)CCCC\C=C/C\C=C/C\C=C/CCCCC)CCCN(C)C,0.8653690501019671
N(CCC(=O)OCCCCCCCC\C=C/CC(CCCCCC)OC(=O)CCCC\C=C/C\C=C/C\C=C/CCCCC)(CCC(=O)OCCCCCCCC\C=C/CC(CCCCCC)OC(=O)CCCC\C=C/C\C=C/C\C=C/CCCCC)CCN(CC)CC,0.9988610502695344
CN(CCC(=O)OCCCCCCCC\C=C/CC(CCCCCC)OC(=O)CCCC\C=C/C\C=C/C\C=C/CCCCC)CCCN(CCC(=O)OCCCCCCCC\C=C/CC(CCCCCC)OC(=O)CCCC\C=C/C\C=C/C\C=C/CCCCC)C,-0.0817428070999156
N(CCC(=O)OCCCCCCCC\C=C/CC(CCCCCC)OC(=O)CCC/C=C\C/C=C\C/C=C\C/C=C\CCCCC)(CCC(=O)OCCCCCCCC\C=C/CC(CCCCCC)OC(=O)CCC/C=C\C/C=C\C/C=C\C/C=C\CCCCC)CCN(C)C,0.1914268938083123
N(CCC(=O)OCCCCCCCC\C=C/CC(CCCCCC)OC(=O)CCC/C=C\C/C=C\C/C=C\C/C=C\CCCCC)(CCC(=O)OCCCCCCCC\C=C/CC(CCCCCC)OC(=O)CCC/C=C\C/C=C\C/C=C\C/C=C\CCCCC)CCCN(CC)CC,0.2955263805218799
N(CCC(=O)OCCCCCCCC\C=C/CC(CCCCCC)OC(=O)CCC/C=C\C/C=C\C/C=C\C/C=C\CCCCC)(CCC(=O)OCCCCCCCC\C=C/CC(CCCCCC)OC(=O)CCC/C=C\C/C=C\C/C=C\C/C=C\CCCCC)CCCN(C)CCCN(CCC(=O)OCCCCCCCC\C=C/CC(CCCCCC)OC(=O)CCC/C=C\C/C=C\C/C=C\C/C=C\CCCCC)(CCC(=O)OCCCCCCCC\C=C/CC(CCCCCC)OC(=O)CCC/C=C\C/C=C\C/C=C\C/C=C\CCCCC),-0.6959521266850005
CN(CCC(=O)OCCCCCCCC\C=C/CC(CCCCCC)OC(=O)C(CCCCCC)CCCCCCCC)CCN(CCN(CCC(=O)OCCCCCCCC\C=C/CC(CCCCCC)OC(=O)C(CCCCCC)CCCCCCCC)C)CCN(CCC(=O)OCCCCCCCC\C=C/CC(CCCCCC)OC(=O)C(CCCCCC)CCCCCCCC)C,1.0010987309148625
N(CCC(=O)OCCCCCCCC\C=C/CC(CCCCCC)OC(=O)CCC/C=C\C/C=C\C/C=C\C/C=C\C/C=C\CC)(CCC(=O)OCCCCCCCC\C=C/CC(CCCCCC)OC(=O)CCC/C=C\C/C=C\C/C=C\C/C=C\C/C=C\CC)CCCN(CCC(=O)OCCCCCCCC\C=C/CC(CCCCCC)OC(=O)CCC/C=C\C/C=C\C/C=C\C/C=C\C/C=C\CC)(CCC(=O)OCCCCCCCC\C=C/CC(CCCCCC)OC(=O)CCC/C=C\C/C=C\C/C=C\C/C=C\C/C=C\CC),-0.651063086129434
N(CCC(=O)OCCCCCCCC\C=C/CC(CCCCCC)OC(=O)CC\C=C/C/C=C\C\C=C/C\C=C/C\C=C/C\C=C/CC)(CCC(=O)OCCCCCCCC\C=C/CC(CCCCCC)OC(=O)CC\C=C/C/C=C\C\C=C/C\C=C/C\C=C/C\C=C/CC)CCCN(CCCC)CCCC,-0.7972479912486823
N(CCC(=O)OCCCCCCCC\C=C/CC(CCCCCC)OC(=O)CC\C=C/C/C=C\C\C=C/C\C=C/C\C=C/C\C=C/CC)(CCC(=O)OCCCCCCCC\C=C/CC(CCCCCC)OC(=O)CC\C=C/C/C=C\C\C=C/C\C=C/C\C=C/C\C=C/CC)CCCN(CCC(=O)OCCCCCCCC\C=C/CC(CCCCCC)OC(=O)CC\C=C/C/C=C\C\C=C/C\C=C/C\C=C/C\C=C/CC)(CCC(=O)OCCCCCCCC\C=C/CC(CCCCCC)OC(=O)CC\C=C/C/C=C\C\C=C/C\C=C/C\C=C/C\C=C/CC),-0.4244715982446639
N(CCC(=O)OCCCCCCCC\C=C/CC(CCCCCC)OC(=O)CC\C=C/C/C=C\C\C=C/C\C=C/C\C=C/C\C=C/CC)(CCC(=O)OCCCCCCCC\C=C/CC(CCCCCC)OC(=O)CC\C=C/C/C=C\C\C=C/C\C=C/C\C=C/C\C=C/CC)CCCN(CC)CC,-0.7400347147777457
CN(CCC(=O)OCCCCCCCC\C=C/CC(CCCCCC)OC(=O)CC\C=C/C/C=C\C\C=C/C\C=C/C\C=C/C\C=C/CC)CCN(CCN(CCC(=O)OCCCCCCCC\C=C/CC(CCCCCC)OC(=O)CC\C=C/C/C=C\C\C=C/C\C=C/C\C=C/C\C=C/CC)C)CCN(CCC(=O)OCCCCCCCC\C=C/CC(CCCCCC)OC(=O)CC\C=C/C/C=C\C\C=C/C\C=C/C\C=C/C\C=C/CC)C,0.6882935303027009
C1N(CCC(=O)OCCCCCCCC\C=C/CC(CCCCCC)OC(=O)CCC/C=C\C/C=C\C/C=C\C/C=C\C/C=C\CC)CCN(CCC(=O)OCCCCCCCC\C=C/CC(CCCCCC)OC(=O)CCC/C=C\C/C=C\C/C=C\C/C=C\C/C=C\CC)CCN(CCC(=O)OCCCCCCCC\C=C/CC(CCCCCC)OC(=O)CCC/C=C\C/C=C\C/C=C\C/C=C\C/C=C\CC)C1,-0.716713343105582
N(CCC(=O)OCCCCCCCC\C=C/CC(CCCCCC)OC(=O)CC\C=C/C/C=C\C\C=C/C\C=C/C\C=C/C\C=C/CC)(CCC(=O)OCCCCCCCC\C=C/CC(CCCCCC)OC(=O)CC\C=C/C/C=C\C\C=C/C\C=C/C\C=C/C\C=C/CC)CCCN(CCC(=O)OCCCCCCCC\C=C/CC(CCCCCC)OC(=O)CC\C=C/C/C=C\C\C=C/C\C=C/C\C=C/C\C=C/CC)C,-1.124567186244558
N(CCC(=O)OCCCCCCCC\C=C/CC(CCCCCC)OC(=O)CCCCCCC/C=C\C/C=C\C/C=C\CC)(CCC(=O)OCCCCCCCC\C=C/CC(CCCCCC)OC(=O)CCCCCCC/C=C\C/C=C\C/C=C\CC)CCCN1CCN(CCCN(CCC(=O)OCCCCCCCC\C=C/CC(CCCCCC)OC(=O)CCCCCCC/C=C\C/C=C\C/C=C\CC)(CCC(=O)OCCCCCCCC\C=C/CC(CCCCCC)OC(=O)CCCCCCC/C=C\C/C=C\C/C=C\CC))CC1,1.2466209513405864
N(CCC(=O)OCCCCCCCC\C=C/CC(CCCCCC)OC(=O)CCCCCCC/C=C\C/C=C\C/C=C\CC)(CCC(=O)OCCCCCCCC\C=C/CC(CCCCCC)OC(=O)CCCCCCC/C=C\C/C=C\C/C=C\CC)CCCN(CCC(=O)OCCCCCCCC\C=C/CC(CCCCCC)OC(=O)CCCCCCC/C=C\C/C=C\C/C=C\CC)CCCN(C)C,-0.39379949832695
N(CCC(=O)OCCCCCCCC\C=C/CC(CCCCCC)OC(=O)CCCCCCC/C=C\C/C=C\C/C=C\CC)(CCC(=O)OCCCCCCCC\C=C/CC(CCCCCC)OC(=O)CCCCCCC/C=C\C/C=C\C/C=C\CC)CCCn1ccnc1,1.0090349260844305
OCCN(CCO)CCCN(CCC(=O)OCCCCCCCC\C=C/CC(CCCCCC)OC(=O)CCCCCCC/C=C\C/C=C\C/C=C\CC)(CCC(=O)OCCCCCCCC\C=C/CC(CCCCCC)OC(=O)CCCCCCC/C=C\C/C=C\C/C=C\CC),-1.1978765970328664
N(CCC(=O)OCCCCCCCC\C=C/CC(CCCCCC)OC(=O)CCCC\C=C/C\C=C/C\C=C/CCCCC)(CCC(=O)OCCCCCCCC\C=C/CC(CCCCCC)OC(=O)CCCC\C=C/C\C=C/C\C=C/CCCCC)CCN(CCC(=O)OCCCCCCCC\C=C/CC(CCCCCC)OC(=O)CCCC\C=C/C\C=C/C\C=C/CCCCC)CCN(CC1)CCN1CCN(CCC(=O)OCCCCCCCC\C=C/CC(CCCCCC)OC(=O)CCCC\C=C/C\C=C/C\C=C/CCCCC)(CCC(=O)OCCCCCCCC\C=C/CC(CCCCCC)OC(=O)CCCC\C=C/C\C=C/C\C=C/CCCCC),-0.9886656376988328
N(CCC(=O)OCCCCCCCC\C=C/CC(CCCCCC)OC(=O)CCCCCCC/C=C\CCCCCCCC)(CCC(=O)OCCCCCCCC\C=C/CC(CCCCCC)OC(=O)CCCCCCC/C=C\CCCCCCCC)CCCN(CCC(=O)OCCCCCCCC\C=C/CC(CCCCCC)OC(=O)CCCCCCC/C=C\CCCCCCCC)(CCC(=O)OCCCCCCCC\C=C/CC(CCCCCC)OC(=O)CCCCCCC/C=C\CCCCCCCC),-1.40692097450404
CN(CCC(=O)OCCCCCCCC\C=C/CC(CCCCCC)OC(=O)CCCCCCCCCCCCC)CCN(CCN(CCC(=O)OCCCCCCCC\C=C/CC(CCCCCC)OC(=O)CCCCCCCCCCCCC)C)CCN(CCC(=O)OCCCCCCCC\C=C/CC(CCCCCC)OC(=O)CCCCCCCCCCCCC)C,0.8145433686711946
CN(CCC(=O)OCCCCCCCC\C=C/CC(CCCCCC)OC(=O)CCCCCCCCCCCCCCC)CCN(CCN(CCC(=O)OCCCCCCCC\C=C/CC(CCCCCC)OC(=O)CCCCCCCCCCCCCCC)C)CCN(CCC(=O)OCCCCCCCC\C=C/CC(CCCCCC)OC(=O)CCCCCCCCCCCCCCC)C,-1.076841548285698
N(CCC(=O)OCCCCCCCC\C=C/CC(CCCCCC)OC(=O)CCCC\C=C/C\C=C/C\C=C/CCCCC)(CCC(=O)OCCCCCCCC\C=C/CC(CCCCCC)OC(=O)CCCC\C=C/C\C=C/C\C=C/CCCCC)CCCN(C)C,1.358233204453423
N(CCC(=O)OCCCCCCCC\C=C/CC(CCCCCC)OC(=O)CCCC\C=C/C\C=C/C\C=C/CCCCC)(CCC(=O)OCCCCCCCC\C=C/CC(CCCCCC)OC(=O)CCCC\C=C/C\C=C/C\C=C/CCCCC)CCN(CC)CC,-0.889936819430596
CN(CCC(=O)OCCCCCCCC\C=C/CC(CCCCCC)OC(=O)CCCC\C=C/C\C=C/C\C=C/CCCCC)CCCN(CCC(=O)OCCCCCCCC\C=C/CC(CCCCCC)OC(=O)CCCC\C=C/C\C=C/C\C=C/CCCCC)C,-0.2493084930293633
N(CCC(=O)OCCCCCCCC\C=C/CC(CCCCCC)OC(=O)CCC/C=C\C/C=C\C/C=C\C/C=C\CCCCC)(CCC(=O)OCCCCCCCC\C=C/CC(CCCCCC)OC(=O)CCC/C=C\C/C=C\C/C=C\C/C=C\CCCCC)CCN(C)C,1.063550060006528
N(CCC(=O)OCCCCCCCC\C=C/CC(CCCCCC)OC(=O)CCC/C=C\C/C=C\C/C=C\C/C=C\CCCCC)(CCC(=O)OCCCCCCCC\C=C/CC(CCCCCC)OC(=O)CCC/C=C\C/C=C\C/C=C\C/C=C\CCCCC)CCCN(CC)CC,0.7101669781504686
N(CCC(=O)OCCCCCCCC\C=C/CC(CCCCCC)OC(=O)CCC/C=C\C/C=C\C/C=C\C/C=C\CCCCC)(CCC(=O)OCCCCCCCC\C=C/CC(CCCCCC)OC(=O)CCC/C=C\C/C=C\C/C=C\C/C=C\CCCCC)CCCN(C)CCCN(CCC(=O)OCCCCCCCC\C=C/CC(CCCCCC)OC(=O)CCC/C=C\C/C=C\C/C=C\C/C=C\CCCCC)(CCC(=O)OCCCCCCCC\C=C/CC(CCCCCC)OC(=O)CCC/C=C\C/C=C\C/C=C\C/C=C\CCCCC),0.0861836441554592
CN(CCC(=O)OCCCCCCCC\C=C/CC(CCCCCC)OC(=O)C(CCCCCC)CCCCCCCC)CCN(CCN(CCC(=O)OCCCCCCCC\C=C/CC(CCCCCC)OC(=O)C(CCCCCC)CCCCCCCC)C)CCN(CCC(=O)OCCCCCCCC\C=C/CC(CCCCCC)OC(=O)C(CCCCCC)CCCCCCCC)C,0.3677218285614267
N(CCC(=O)OCCCCCCCC\C=C/CC(CCCCCC)OC(=O)CCC/C=C\C/C=C\C/C=C\C/C=C\C/C=C\CC)(CCC(=O)OCCCCCCCC\C=C/CC(CCCCCC)OC(=O)CCC/C=C\C/C=C\C/C=C\C/C=C\C/C=C\CC)CCCN(CCC(=O)OCCCCCCCC\C=C/CC(CCCCCC)OC(=O)CCC/C=C\C/C=C\C/C=C\C/C=C\C/C=C\CC)(CCC(=O)OCCCCCCCC\C=C/CC(CCCCCC)OC(=O)CCC/C=C\C/C=C\C/C=C\C/C=C\C/C=C\CC),0.20958432226511
N(CCC(=O)OCCCCCCCC\C=C/CC(CCCCCC)OC(=O)CC\C=C/C/C=C\C\C=C/C\C=C/C\C=C/C\C=C/CC)(CCC(=O)OCCCCCCCC\C=C/CC(CCCCCC)OC(=O)CC\C=C/C/C=C\C\C=C/C\C=C/C\C=C/C\C=C/CC)CCCN(CCCC)CCCC,-0.1402736052789429
N(CCC(=O)OCCCCCCCC\C=C/CC(CCCCCC)OC(=O)CC\C=C/C/C=C\C\C=C/C\C=C/C\C=C/C\C=C/CC)(CCC(=O)OCCCCCCCC\C=C/CC(CCCCCC)OC(=O)CC\C=C/C/C=C\C\C=C/C\C=C/C\C=C/C\C=C/CC)CCCN(CCC(=O)OCCCCCCCC\C=C/CC(CCCCCC)OC(=O)CC\C=C/C/C=C\C\C=C/C\C=C/C\C=C/C\C=C/CC)(CCC(=O)OCCCCCCCC\C=C/CC(CCCCCC)OC(=O)CC\C=C/C/C=C\C\C=C/C\C=C/C\C=C/C\C=C/CC),0.4862402925190112
N(CCC(=O)OCCCCCCCC\C=C/CC(CCCCCC)OC(=O)CC\C=C/C/C=C\C\C=C/C\C=C/C\C=C/C\C=C/CC)(CCC(=O)OCCCCCCCC\C=C/CC(CCCCCC)OC(=O)CC\C=C/C/C=C\C\C=C/C\C=C/C\C=C/C\C=C/CC)CCCN(CC)CC,1.2963210236543088
CN(CCC(=O)OCCCCCCCC\C=C/CC(CCCCCC)OC(=O)CC\C=C/C/C=C\C\C=C/C\C=C/C\C=C/C\C=C/CC)CCN(CCN(CCC(=O)OCCCCCCCC\C=C/CC(CCCCCC)OC(=O)CC\C=C/C/C=C\C\C=C/C\C=C/C\C=C/C\C=C/CC)C)CCN(CCC(=O)OCCCCCCCC\C=C/CC(CCCCCC)OC(=O)CC\C=C/C/C=C\C\C=C/C\C=C/C\C=C/C\C=C/CC)C,1.2915587436074183
C1N(CCC(=O)OCCCCCCCC\C=C/CC(CCCCCC)OC(=O)CCC/C=C\C/C=C\C/C=C\C/C=C\C/C=C\CC)CCN(CCC(=O)OCCCCCCCC\C=C/CC(CCCCCC)OC(=O)CCC/C=C\C/C=C\C/C=C\C/C=C\C/C=C\CC)CCN(CCC(=O)OCCCCCCCC\C=C/CC(CCCCCC)OC(=O)CCC/C=C\C/C=C\C/C=C\C/C=C\C/C=C\CC)C1,-1.184857405488903
N(CCC(=O)OCCCCCCCC\C=C/CC(CCCCCC)OC(=O)CC\C=C/C/C=C\C\C=C/C\C=C/C\C=C/C\C=C/CC)(CCC(=O)OCCCCCCCC\C=C/CC(CCCCCC)OC(=O)CC\C=C/C/C=C\C\C=C/C\C=C/C\C=C/C\C=C/CC)CCCN(CCC(=O)OCCCCCCCC\C=C/CC(CCCCCC)OC(=O)CC\C=C/C/C=C\C\C=C/C\C=C/C\C=C/C\C=C/CC)C,-0.158114842893949
N(CCC(=O)OCCCCCCCC\C=C/CC(CCCCCC)OC(=O)CCCC\C=C/C\C=C/C\C=C/CCCCC)(CCC(=O)OCCCCCCCC\C=C/CC(CCCCCC)OC(=O)CCCC\C=C/C\C=C/C\C=C/CCCCC)CCN(CCC(=O)OCCCCCCCC\C=C/CC(CCCCCC)OC(=O)CCCC\C=C/C\C=C/C\C=C/CCCCC)CCN(CC1)CCN1CCN(CCC(=O)OCCCCCCCC\C=C/CC(CCCCCC)OC(=O)CCCC\C=C/C\C=C/C\C=C/CCCCC)(CCC(=O)OCCCCCCCC\C=C/CC(CCCCCC)OC(=O)CCCC\C=C/C\C=C/C\C=C/CCCCC),-0.0160616396128052
CN(CCC(=O)OCCCCCCCC\C=C/CC(CCCCCC)OC(=O)CCCCCCCCCCCCC)CCN(CCN(CCC(=O)OCCCCCCCC\C=C/CC(CCCCCC)OC(=O)CCCCCCCCCCCCC)C)CCN(CCC(=O)OCCCCCCCC\C=C/CC(CCCCCC)OC(=O)CCCCCCCCCCCCC)C,-0.1705600946062739
CN(CCC(=O)OCCCCCCCC\C=C/CC(CCCCCC)OC(=O)CCCCCCCCCCCCCCC)CCN(CCN(CCC(=O)OCCCCCCCC\C=C/CC(CCCCCC)OC(=O)CCCCCCCCCCCCCCC)C)CCN(CCC(=O)OCCCCCCCC\C=C/CC(CCCCCC)OC(=O)CCCCCCCCCCCCCCC)C,0.8477333174334546
N(CCC(=O)OCCCCCCCC\C=C/CC(CCCCCC)OC(=O)CCCC\C=C/C\C=C/C\C=C/CCCCC)(CCC(=O)OCCCCCCCC\C=C/CC(CCCCCC)OC(=O)CCCC\C=C/C\C=C/C\C=C/CCCCC)CCCN(C)C,0.4533622838287946
N(CCC(=O)OCCCCCCCC\C=C/CC(CCCCCC)OC(=O)CCCC\C=C/C\C=C/C\C=C/CCCCC)(CCC(=O)OCCCCCCCC\C=C/CC(CCCCCC)OC(=O)CCCC\C=C/C\C=C/C\C=C/CCCCC)CCN(CC)CC,-2.7496497562723645
CN(CCC(=O)OCCCCCCCC\C=C/CC(CCCCCC)OC(=O)CCCC\C=C/C\C=C/C\C=C/CCCCC)CCCN(CCC(=O)OCCCCCCCC\C=C/CC(CCCCCC)OC(=O)CCCC\C=C/C\C=C/C\C=C/CCCCC)C,-1.0408341713957423
N(C(CCCCCOC(=O)CCCCCCCCCCCCCCC)C(=O)NCC(=O)OC(C)(C)C)(C(=O)CCCCC(=O)OC(CCCCCCCC)CCCCCCCC)CCN(C)C,2.158071332128438
N(C(CCCCCOC(=O)CCCCCCCCCCCCCCCCC)C(=O)NCC(=O)OC(C)(C)C)(C(=O)CCCCCCC/C=C\C/C=C\CCCCC)CCCN(C)C,1.993929408188818
N(C(CCCCCOC(=O)CCCCCCCCCCCCCCC)C(=O)NC(C)(C)C)(C(=O)CCCCC(=O)OC(CCCCCCCC)CCCCCCCC)CCCN(C)C,1.9042874554819025
N(C(CCCCCOC(=O)CCCCCCCCCCCCCCC)C(=O)NC2CCCCC2)(C(=O)CCCCC(=O)OC(CCCCCCCC)CCCCCCCC)CCCN(C)C,1.693547833755689
N(C(CCCCCOC(=O)CCCCCCCC)C(=O)NC(C)(C)C)(C(=O)CCCCCCC/C=C\CCCCCCCC)CCCN(C)C,1.5403213987929258
N(C(CCCCCOC(=O)CCCCCCCCCC)C(=O)NCC(=O)OC(C)(C)C)(C(=O)CCCCCCC/C=C\CCCCCCCC)CCCN(C)C,0.3558306346817777
N(C(CCCCCOC(=O)CCCCCCCC)C(=O)NCCCC)(C(=O)CCCCCCC/C=C\CCCCCCCC)CCCN(C)C,1.14592653255986
N(C(CCCCCOC(=O)CCCCCCCCCC)C(=O)NCC(=O)OC(C)(C)C)(C(=O)CCCCC(=O)OC(CCCCCCCC)CCCCCCCC)CCCN(C)C,1.0005879445067534
N(C(CCCCCOC(=O)CCCCCCCCCC)C(=O)NCCCC)(C(=O)CCCCC(=O)OC(CCCCCCCC)CCCCCCCC)CCCN(C)C,0.9665596754215464
N(C(CCCCCOC(=O)CCCCCCCCCC)C(=O)NC(C)(C)C)(C(=O)CCCCCCC/C=C\C/C=C\CCCCC)CCCN(C)C,0.3428906410497029
N(C(CCCCCOC(=O)CCCCCCCCCCCCCCC)C(=O)NC2CCCCC2)(C(=O)CCCCCCCCCCCCCCC)CCCN(C)C,0.7577806966816482
N(C(CCCCCOC(=O)CCCCCCCCCCCC)C(=O)NC(C)(C)C)(C(=O)CCCCCCCCCCCCCCC)CCCN(CCCC)CCCC,0.6769544453518888
N(C(CCCCCOC(=O)CCCCCCCCCC)C(=O)NCC(=O)OC(C)(C)C)(C(=O)CCCCCCC/C=C\C/C=C\CCCCC)CCCN(C)C,-0.1595750112558171
N(C(CCCCCOC(=O)CCCCCCCCCCCCCCC)C(=O)NCC(=O)OC(C)(C)C)(C(=O)CCCCCCCCCCCCCCC)CCN(C)C,0.647290827981139
N(C(CCCCCOC(=O)CCCCCCC/C=C\CCCCCCCC)C(=O)NCCCC)(C(=O)CCCCCCCCCCCCCCC)CCN(C)C,0.647290827981139
N(C(CCCCCOC(=O)CCCCCCCCCCCC)C(=O)NCC(=O)OC(C)(C)C)(C(=O)CCCCCCC/C=C\C/C=C\CCCCC)CCN(C)C,0.5829675142341652
N(C(CCCCCOC(=O)CCCCCCCCCCCCCCC)C(=O)NC2CCCCC2)(C(=O)CCCCCCC/C=C\CCCCCCCC)CCCN(C)C,0.5829675142341652
N(C(CCCCCOC(=O)CCCCCCC/C=C\C/C=C\CCCCC)C(=O)NC(C)(C)C)(C(=O)CCCCCCCCCCCCCCC)CCCN(C)C,0.5829675142341652
N(C(CCCCCOC(=O)CCCCCCC/C=C\C/C=C\CCCCC)C(=O)NC(C)(C)C)(C(=O)CCCCC(=O)OC(CCCCCCCC)CCCCCCCC)CCN(C)C,0.5105839491763291
N(C(CCCCCOC(=O)CCCCCCCCCCCC)C(=O)NC2CCCCC2)(C(=O)CCCCCCC/C=C\C/C=C\CCCCC)CCCN(CCCC)CCCC,0.5105839491763291
N(C(CCCCCOC(=O)CCCCCCCCCC)C(=O)NCCCC)(C(=O)CCCCCCC/C=C\CCCCCCCC)CCCN(CCCC)CCCC,0.4706844240392303
N(C(CCCCCOC(=O)CCCCCCCCCCCC)C(=O)NCC(=O)OC(C)(C)C)(C(=O)CCCCC(=O)OC(CCCCCCCC)CCCCCCCC)CCCN(CCCC)CCCC,0.4706844240392303
N(C(CCCCCOC(=O)CCCCCCCCCC)C(=O)NC2CCCCC2)(C(=O)CCCCCCC/C=C\CCCCCCCC)CCN(C)C,0.54004939270143
N(C(CCCCCOC(=O)CCCCCCCCCCCCCCCCC)C(=O)NC(C)(C)C)(C(=O)CCCCCCCCCCCCCCC)CCN(C)C,0.4278267645582191
N(C(CCCCCOC(=O)CCCCCCC/C=C\C/C=C\CCCCC)C(=O)NCC(=O)OC(C)(C)C)(C(=O)CCCCC(=O)OC(CCCCCCCC)CCCCCCCC)CCCN(C)C,-1.1200769919245666
N(C(CCCCCOC(=O)CCCCCCC/C=C\CCCCCCCC)C(=O)NC2CCCCC2)(C(=O)CCCCCCC/C=C\CCCCCCCC)CCN(C)C,0.3815369671567343
N(C(CCCCCOC(=O)CCCCCCC/C=C\C/C=C\CCCCC)C(=O)NCCCC)(C(=O)CCCCCCC/C=C\CCCCCCCC)CCN(C)C,0.3815369671567343
N(C(CCCCCOC(=O)CCCCCCCC)C(=O)NCC(=O)OC(C)(C)C)(C(=O)CCCCCCC/C=C\CCCCCCCC)CCCN(CCCC)CCCC,0.3815369671567343
N(C(CCCCCOC(=O)CCCCCCCC)C(=O)NC(C)(C)C)(C(=O)CCCCCCCCCCCCCCC)CCCN(C)C,0.3815369671567343
N(C(CCCCCOC(=O)CCCCCCCCCC)C(=O)NC(C)(C)C)(C(=O)CCCCCCC/C=C\CCCCCCCC)CCCN(CCCC)CCCC,0.3312170920380163
N(C(CCCCCOC(=O)CCCCCCCCCC)C(=O)NCCCC)(C(=O)CCCCC(=O)OC(CCCCCCCC)CCCCCCCC)CCCN(CCCC)CCCC,0.3312170920380163
N(C(CCCCCOC(=O)CCCCCCCCCCCCCCCCC)C(=O)NC2CCCCC2)(C(=O)CCCCCCC/C=C\CCCCCCCC)CCCN(C)C,0.3312170920380163
N(C(CCCCCOC(=O)CCCCCCCCCC)C(=O)NC2CCCCC2)(C(=O)CCCCCCC/C=C\CCCCCCCC)CCCN(CCCC)CCCC,0.8006751194337521
N(C(CCCCCOC(=O)CCCCCCCCCCCCCCCCC)C(=O)NC2CCCCC2)(C(=O)CCCCC(=O)OC(CCCCCCCC)CCCCCCCC)CCN(C)C,0.2760979055723439
N(C(CCCCC(=O)OC(CCCCCCCC)CCCCCCCC)C(=O)NC(C)(C)C)(C(=O)CCCCCCC/C=C\C/C=C\CCCCC)CCCN(CCCC)CCCC,0.2760979055723439
N(C(CCCCCOC(=O)CCCCCCCCCCCC)C(=O)NC2CCCCC2)(C(=O)CCCCC(=O)OC(CCCCCCCC)CCCCCCCC)CCCN(CCCC)CCCC,0.2760979055723439
N(C(CCCCCOC(=O)CCCCCCCCCC)C(=O)NC(C)(C)C)(C(=O)CCCCCCC/C=C\C/C=C\CCCCC)CCN(C)C,-0.0838778700931075
N(C(CCCCC(=O)OC(CCCCCCCC)CCCCCCCC)C(=O)NCC(=O)OC(C)(C)C)(C(=O)CCCCCCC/C=C\C/C=C\CCCCC)CCN(C)C,0.2151664723127919
N(C(CCCCCOC(=O)CCCCCCC/C=C\C/C=C\CCCCC)C(=O)NCCCC)(C(=O)CCCCC(=O)OC(CCCCCCCC)CCCCCCCC)CCCN(CCCC)CCCC,0.2335702206848192
N(C(CCCCCOC(=O)CCCCCCCCCCCC)C(=O)NCC(=O)OC(C)(C)C)(C(=O)CCCCCCC/C=C\CCCCCCCC)CCN(C)C,0.0698278842596853
N(C(CCCCCOC(=O)CCCCCCCCCCCC)C(=O)NC(C)(C)C)(C(=O)CCCCCCC/C=C\C/C=C\CCCCC)CCN(C)C,0.0698278842596853
N(C(CCCCCOC(=O)CCCCCCCCCCCC)C(=O)NCCCC)(C(=O)CCCCCCCCCCCCCCC)CCN(C)C,0.0698278842596853
N(C(CCCCC(=O)OC(CCCCCCCC)CCCCCCCC)C(=O)NC(C)(C)C)(C(=O)CCCCCCC/C=C\C/C=C\CCCCC)CCCN(C)C,0.0698278842596853
N(C(CCCCCOC(=O)CCCCCCCCCCCCCCC)C(=O)NC2CCCCC2)(C(=O)CCCCCCCCCCCCCCC)CCN(C)C,-0.0193195726228103
N(C(CCCCCOC(=O)CCCCCCCCCCCC)C(=O)NC2CCCCC2)(C(=O)CCCCCCCCCCCCCCC)CCN(C)C,-0.0193195726228103
N(C(CCCCCOC(=O)CCCCCCCCCCCCCCCCC)C(=O)NCCCC)(C(=O)CCCCCCCCCCCCCCC)CCN(C)C,-0.0193195726228103
N(C(CCCCCOC(=O)CCCCCCCCCCCCCCCCC)C(=O)NCCCC)(C(=O)CCCCCCC/C=C\C/C=C\CCCCC)CCN(C)C,-0.1247586342072013
N(C(CCCCCOC(=O)CCCCCCCC)C(=O)NC2CCCCC2)(C(=O)CCCCC(=O)OC(CCCCCCCC)CCCCCCCC)CCCN(C)C,-0.1247586342072013
N(C(CCCCCOC(=O)CCCCCCC/C=C\CCCCCCCC)C(=O)NC2CCCCC2)(C(=O)CCCCCCCCCCCCCCC)CCN(C)C,-0.2538056162267961
N(C(CCCCC(=O)OC(CCCCCCCC)CCCCCCCC)C(=O)NC(C)(C)C)(C(=O)CCCCC(=O)OC(CCCCCCCC)CCCCCCCC)CCN(C)C,-0.2538056162267961
N(C(CCCCCOC(=O)CCCCCCCCCCCCCCC)C(=O)NC2CCCCC2)(C(=O)CCCCC(=O)OC(CCCCCCCC)CCCCCCCC)CCN(C)C,-0.2538056162267961
N(C(CCCCCOC(=O)CCCCCCCCCCCCCCC)C(=O)NCCCC)(C(=O)CCCCCCCCCCCCCCC)CCCN(CCCC)CCCC,-0.2538056162267961
N(C(CCCCCOC(=O)CCCCCCC/C=C\CCCCCCCC)C(=O)NC(C)(C)C)(C(=O)CCCCC(=O)OC(CCCCCCCC)CCCCCCCC)CCCN(C)C,-0.2538056162267961
N(C(CCCCCOC(=O)CCCCCCCCCCCC)C(=O)NCCCC)(C(=O)CCCCCCC/C=C\C/C=C\CCCCC)CCCN(CCCC)CCCC,-0.4201761110707385
N(C(CCCCCOC(=O)CCCCCCCCCCCCCCCCC)C(=O)NC2CCCCC2)(C(=O)CCCCC(=O)OC(CCCCCCCC)CCCCCCCC)CCCN(CCCC)CCCC,-0.4201761110707385
N(C(CCCCCOC(=O)CCCCCCCCCCCCCCC)C(=O)NCC(=O)OC(C)(C)C)(C(=O)CCCCCCC/C=C\C/C=C\CCCCC)CCCN(C)C,-0.4201761110707385
N(C(CCCCCOC(=O)CCCCCCCC)C(=O)NCC(=O)OC(C)(C)C)(C(=O)CCCCCCC/C=C\CCCCCCCC)CCN(C)C,-0.6546621546747243
N(C(CCCCCOC(=O)CCCCCCC/C=C\C/C=C\CCCCC)C(=O)NC(C)(C)C)(C(=O)CCCCCCCCCCCCCCC)CCN(C)C,-0.6546621546747243
N(C(CCCCCOC(=O)CCCCCCCCCCCCCCCCC)C(=O)NCC(=O)OC(C)(C)C)(C(=O)CCCCCCC/C=C\CCCCCCCC)CCCN(CCCC)CCCC,-0.6546621546747243
N(C(CCCCCOC(=O)CCCCCCC/C=C\C/C=C\CCCCC)C(=O)NC2CCCCC2)(C(=O)CCCCC(=O)OC(CCCCCCCC)CCCCCCCC)CCCN(CCCC)CCCC,-0.6546621546747243
N(C(CCCCCOC(=O)CCCCCCCC)C(=O)NC(C)(C)C)(C(=O)CCCCC(=O)OC(CCCCCCCC)CCCCCCCC)CCN(C)C,-1.0555186944542694
N(C(CCCCCOC(=O)CCCCCCC/C=C\CCCCCCCC)C(=O)NCCCC)(C(=O)CCCCC(=O)OC(CCCCCCCC)CCCCCCCC)CCN(C)C,-1.0555186944542694
N(C(CCCCCOC(=O)CCCCCCCC)C(=O)NCCCC)(C(=O)CCCCC(=O)OC(CCCCCCCC)CCCCCCCC)CCN(C)C,-1.0555186944542694
N(C(CCCCCOC(=O)CCCCCCC/C=C\C/C=C\CCCCC)C(=O)NC(C)(C)C)(C(=O)CCCCCCC/C=C\CCCCCCCC)CCCN(CCCC)CCCC,-1.0555186944542694
N(C(CCCCCOC(=O)CCCCCCCCCCCCCCC)C(=O)NC(C)(C)C)(C(=O)CCCCCCC/C=C\CCCCCCCC)CCCN(CCCC)CCCC,-1.0555186944542694
N(C(CCCCCOC(=O)CCCCCCCC)C(=O)NC(C)(C)C)(C(=O)CCCCCCC/C=C\CCCCCCCC)CCCN(CCCC)CCCC,-1.0555186944542694
N(C(CCCCCOC(=O)CCCCCCC/C=C\C/C=C\CCCCC)C(=O)NC2CCCCC2)(C(=O)CCCCCCC/C=C\CCCCCCCC)CCCN(CCCC)CCCC,-1.0555186944542694
N(C(CCCCCOC(=O)CCCCCCCCCCCCCCC)C(=O)NC2CCCCC2)(C(=O)CCCCCCC/C=C\C/C=C\CCCCC)CCCN(CCCC)CCCC,-1.0555186944542694
N(C(CCCCCOC(=O)CCCCCCC/C=C\CCCCCCCC)C(=O)NCCCC)(C(=O)CCCCCCC/C=C\C/C=C\CCCCC)CCCN(CCCC)CCCC,-1.0555186944542694
N(C(CCCCCOC(=O)CCCCCCCCCCCCCCCCC)C(=O)NCCCC)(C(=O)CCCCCCC/C=C\C/C=C\CCCCC)CCCN(CCCC)CCCC,-1.0555186944542694
N(C(CCCCCOC(=O)CCCCCCCCCCCCCCCCC)C(=O)NC2CCCCC2)(C(=O)CCCCCCCCCCCCCCC)CCCN(CCCC)CCCC,-1.0555186944542694
N(C(CCCCCOC(=O)CCCCCCCCCCCCCCCCC)C(=O)NCC(=O)OC(C)(C)C)(C(=O)CCCCC(=O)OC(CCCCCCCC)CCCCCCCC)CCCN(CCCC)CCCC,-1.0555186944542694
N(C(CCCCCOC(=O)CCCCCCCCCCCCCCC)C(=O)NCC(=O)OC(C)(C)C)(C(=O)CCCCC(=O)OC(CCCCCCCC)CCCCCCCC)CCCN(CCCC)CCCC,-1.0555186944542694
N(C(CCCCCOC(=O)CCCCCCCC)C(=O)NCC(=O)OC(C)(C)C)(C(=O)CCCCC(=O)OC(CCCCCCCC)CCCCCCCC)CCCN(CCCC)CCCC,-1.0555186944542694
N(C(CCCCCOC(=O)CCCCCCC/C=C\CCCCCCCC)C(=O)NC(C)(C)C)(C(=O)CCCCC(=O)OC(CCCCCCCC)CCCCCCCC)CCCN(CCCC)CCCC,-1.0555186944542694
N(C(CCCCCOC(=O)CCCCCCCCCCCCCCCCC)C(=O)NC(C)(C)C)(C(=O)CCCCC(=O)OC(CCCCCCCC)CCCCCCCC)CCCN(CCCC)CCCC,-1.0555186944542694
N(C(CCCCC(=O)OC(CCCCCCCC)CCCCCCCC)C(=O)NC(C)(C)C)(C(=O)CCCCC(=O)OC(CCCCCCCC)CCCCCCCC)CCCN(CCCC)CCCC,-1.0555186944542694
N(C(CCCCCOC(=O)CCCCCCCCCCCCCCCCC)C(=O)NC(C)(C)C)(C(=O)CCCCCCC/C=C\CCCCCCCC)CCCN(C)C,-1.0555186944542694
N(C(CCCCCOC(=O)CCCCCCCCCCCCCCCCC)C(=O)NC(C)(C)C)(C(=O)CCCCCCC/C=C\C/C=C\CCCCC)CCCN(C)C,-1.0555186944542694
N(C(CCCCCOC(=O)CCCCCCCCCC)C(=O)NC2CCCCC2)(C(=O)CCCCCCC/C=C\CCCCCCCC)CCN(C)CCN,3.627182454189077
N(C(CCCCCOC(=O)CCCCCCCCCC)C(=O)NC(C)(C)C)(C(=O)CCCCCCC/C=C\C/C=C\CCCCC)CCN(C)CCN,3.272692432901427
N(C(CCCCCOC(=O)CCCCCCC/C=C\C/C=C\CCCCC)C(=O)NCC(=O)OC(C)(C)C)(C(=O)CCCCC(=O)OC(CCCCCCCC)CCCCCCCC)CCCN(CCN1C)CC1,2.598132241246821
N(C(CCCCCOC(=O)CCCCCCC/C=C\C/C=C\CCCCC)C(=O)NCC(=O)OC(C)(C)C)(C(=O)CCCCC(=O)OC(CCCCCCCC)CCCCCCCC)CCCN1CCN(C)CCC1,1.5939909821013432
N(C(CCCCCOC(=O)CCCCCCC/C=C\CCCCCCCC)C(=O)NCC(=O)OC(C)(C)C)(C(=O)CCCCCCC/C=C\CCCCCCCC)CCCN(CC)CC,1.3531541393438464
N(C(CCCCCOC(=O)CCCCCCC/C=C\CCCCCCCC)C(=O)NCC(=O)OC(C)(C)C)(C(=O)CCCCCCC/C=C\CCCCCCCC)CCN1CCCCC1CC,1.25200950667251
N(C(CCCCCOC(=O)CCCCCCCCCC)C(=O)NC(C)(C)C)(C(=O)CCCCCCC/C=C\C/C=C\CCCCC)CCCN1CCCCC1,0.967657192491672
N(C(CCCCCOC(=O)CCCCCCCCCC)C(=O)NCCCC)(C(=O)CCCCCCC/C=C\C/C=C\CCCCC)CCCN1CCN(CC1)CCCN,0.9617978344341004
N(C(CCCCCOC(=O)CCCCCCC/C=C\C/C=C\CCCCC)C(=O)NCCCC)(C(=O)CCCCC(=O)OC(CCCCCCCC)CCCCCCCC)CCN1CCCC1,0.960618805117038
N(C(CCCCCOC(=O)CCCCCCCCCC)C(=O)NCCCC)(C(=O)CCCCCCC/C=C\C/C=C\CCCCC)CCCN(CC)CC,0.7839280925333318
N(C(CCCCCOC(=O)CCCCCCCCCC)C(=O)NCCCC)(C(=O)CCCCCCC/C=C\C/C=C\CCCCC)CCCN1CCCC1,0.4081514182095615
N(C(CCCCCOC(=O)CCCCCCC/C=C\C/C=C\CCCCC)C(=O)NCC(=O)OC(C)(C)C)(C(=O)CCCCC(=O)OC(CCCCCCCC)CCCCCCCC)CCN1CCCCC1CC,0.3701115995204946
N(C(CCCCCOC(=O)CCCCCCCCCC)C(=O)NCC(=O)OC(C)(C)C)(C(=O)CCCCCCC/C=C\C/C=C\CCCCC)CCN1C=CN=C1,0.3363811225187849
N(C(CCCCCOC(=O)CCCCCCC/C=C\CCCCCCCC)C(=O)NCC(=O)OC(C)(C)C)(C(=O)CCCCCCC/C=C\CCCCCCCC)CCCN1CCCCC1,0.1096577951441685
N(C(CCCCCOC(=O)CCCCCCC/C=C\C/C=C\CCCCC)C(=O)NCC(=O)OC(C)(C)C)(C(=O)CCCCC(=O)OC(CCCCCCCC)CCCCCCCC)CCCN1CCCC1,0.0913799937334044
N(C(CCCCCOC(=O)CCCCCCCCCC)C(=O)NC2CCCCC2)(C(=O)CCCCCCC/C=C\CCCCCCCC)CCCN1C=CN=C1,0.0357300009218625
N(C(CCCCCOC(=O)CCCCCCC/C=C\C/C=C\CCCCC)C(=O)NCCCC)(C(=O)CCCCC(=O)OC(CCCCCCCC)CCCCCCCC)CCCN1CCN(C)CCC1,0.0269006118576746
N(C(CCCCCOC(=O)CCCCCCC/C=C\CCCCCCCC)C(=O)NCC(=O)OC(C)(C)C)(C(=O)CCCCCCC/C=C\CCCCCCCC)CCN1CCN(C)CCC1,-0.069709060662528
N(C(CCCCCOC(=O)CCCCCCCCCC)C(=O)NC2CCCCC2)(C(=O)CCCCCCC/C=C\CCCCCCCC)CCN1CCCC1,-0.0875047343038531
N(C(CCCCCOC(=O)CCCCCCCCCC)C(=O)NC(C)(C)C)(C(=O)CCCCCCC/C=C\C/C=C\CCCCC)CCCN1C=CN=C1,-0.1565246038712231
N(C(CCCCCOC(=O)CCCCCCC/C=C\C/C=C\CCCCC)C(=O)NCCCC)(C(=O)CCCCC(=O)OC(CCCCCCCC)CCCCCCCC)CCN1C=CN=C1,-0.1814916640899597
N(C(CCCCCOC(=O)CCCCCCCCCC)C(=O)NCC(=O)OC(C)(C)C)(C(=O)CCCCCCC/C=C\CCCCCCCC)CCCN1CCCC1,-0.2443161075287102
N(C(CCCCCOC(=O)CCCCCCC/C=C\CCCCCCCC)C(=O)NCC(=O)OC(C)(C)C)(C(=O)CCCCCCC/C=C\CCCCCCCC)CCN1CCCCCC1,-0.3422200301555265
N(C(CCCCCOC(=O)CCCCCCC/C=C\C/C=C\CCCCC)C(=O)NCCCC)(C(=O)CCCCC(=O)OC(CCCCCCCC)CCCCCCCC)CCCN1C=CN=C1,-0.5104651255791722
N(C(CCCCCOC(=O)CCCCCCC/C=C\C/C=C\CCCCC)C(=O)NCC(=O)OC(C)(C)C)(C(=O)CCCCC(=O)OC(CCCCCCCC)CCCCCCCC)CCCN1CCCCC1CC,-0.6547317689273406
N(C(CCCCCOC(=O)CCCCCCCCCC)C(=O)NCCCC)(C(=O)CCCCCCC/C=C\C/C=C\CCCCC)CCN1CCCCC1CC,-0.6644515567473023
N(C(CCCCCOC(=O)CCCCCCCCCC)C(=O)NCC(=O)OC(C)(C)C)(C(=O)CCCCCCC/C=C\C/C=C\CCCCC)CCCN(CCO)CCO,-0.7050516440460588
N(C(CCCCCOC(=O)CCCCCCCCCC)C(=O)NC(C)(C)C)(C(=O)CCCCCCC/C=C\C/C=C\CCCCC)CCN1CCOCC1,-0.748718700045064
N(C(CCCCCOC(=O)CCCCCCCCCC)C(=O)NC(C)(C)C)(C(=O)CCCCCCC/C=C\C/C=C\CCCCC)C1CCN(CC2=CC=CC=C2)CC1,-0.8892178125313263
N(C(CCCCCOC(=O)CCCCCCCCCC)C(=O)NCC(=O)OC(C)(C)C)(C(=O)CCCCCCC/C=C\C/C=C\CCCCC)CCCN1CCCCC1CC,-1.1165197432980536
N(C(CCCCCOC(=O)CCCCCCCCCC)C(=O)NCCCC)(C(=O)CCCCCCC/C=C\C/C=C\CCCCC)CCN(CC1)CCS1(=O)=O,-1.2618583300195438
N(C(CCCCCOC(=O)CCCCCCCCCC)C(=O)NC2CCCCC2)(C(=O)CCCCCCC/C=C\CCCCCCCC)CC1=CC=CN=C1,-1.3840612820969778
N(C(CCCCCOC(=O)CCCCCCC/C=C\C/C=C\CCCCC)C(=O)NCC(=O)OC(C)(C)C)(C(=O)CCCCC(=O)OC(CCCCCCCC)CCCCCCCC)CCCN1CCOCC1,-2.621690952337484
N(C(CCCCCOC(=O)CCCCCCCCCC)C(=O)NC2CCCCC2)(C(=O)CCCCCCC/C=C\CCCCCCCC)CCN(C)CCN,2.143858270414708
N(C(CCCCCOC(=O)CCCCCCCCCC)C(=O)NC(C)(C)C)(C(=O)CCCCCCC/C=C\C/C=C\CCCCC)CCN(C)CCN,1.890696464839041
N(C(CCCCCOC(=O)CCCCCCC/C=C\CCCCCCCC)C(=O)NCC(=O)OC(C)(C)C)(C(=O)CCCCCCC/C=C\CCCCCCCC)CCN1CCCCC1CC,1.1720792968970222
N(C(CCCCCOC(=O)CCCCCCC/C=C\C/C=C\CCCCC)C(=O)NCC(=O)OC(C)(C)C)(C(=O)CCCCC(=O)OC(CCCCCCCC)CCCCCCCC)CCCN1CCN(C)CCC1,0.7996873611160548
N(C(CCCCCOC(=O)CCCCCCCCCC)C(=O)NC2CCCCC2)(C(=O)CCCCCCC/C=C\CCCCCCCC)CCCN(CCCC)CCCC,0.3858287665173506
N(C(CCCCCOC(=O)CCCCCCCCCC)C(=O)NC2CCCCC2)(C(=O)CCCCCCC/C=C\CCCCCCCC)CCN(C)C,-0.983757554841364
N(C(CCCCCOC(=O)CCCCCCC/C=C\C/C=C\CCCCC)C(=O)NCC(=O)OC(C)(C)C)(C(=O)CCCCC(=O)OC(CCCCCCCC)CCCCCCCC)CCCN(CCN1C)CC1,-0.983757554841364
N(C(CCCCCOC(=O)CCCCCCC/C=C\CCCCCCCC)C(=O)NCC(=O)OC(C)(C)C)(C(=O)CCCCCCC/C=C\CCCCCCCC)CCCN(CC)CC,-0.983757554841364
N(C(CCCCCOC(=O)CCCCCCCCCC)C(=O)NC(C)(C)C)(C(=O)CCCCCCC/C=C\C/C=C\CCCCC)CCCN1CCCCC1,-0.983757554841364
N(C(CCCCCOC(=O)CCCCCCCCCC)C(=O)NCCCC)(C(=O)CCCCCCC/C=C\C/C=C\CCCCC)CCCN1CCN(CC1)CCCN,-0.983757554841364
N(C(CCCCCOC(=O)CCCCCCC/C=C\C/C=C\CCCCC)C(=O)NCCCC)(C(=O)CCCCC(=O)OC(CCCCCCCC)CCCCCCCC)CCN1CCCC1,-0.983757554841364
C1COCCN1CCN(CCC(=O)OCCCCCCCCCCCC)(CCC(=O)OCCCCCCCCCCCC),2.550592490727602
CN(CCC(=O)OCCCCCCCCCCCC)CCN(CCC(=O)OCCCCCCCCCCCC)(CCC(=O)OCCCCCCCCCCCC),2.550592490727602
OCC(O)CN(CCC(=O)OCCCCCCCCCCCC)(CCC(=O)OCCCCCCCCCCCC),2.550592490727602
OCCN(CCC(=O)OCCCCCCCCCCCCC)CCN(CCC(=O)OCCCCCCCCCCCCC)CCO,2.550592490727602
C1COCCN1CCCN(CCC(=O)OCCCCCCCCCCCC)(CCC(=O)OCCCCCCCCCCCC),1.09185317209513
CC(O)CN(CCC(=O)OCCCCCCCCCCCCC)(CCC(=O)OCCCCCCCCCCCCC),1.09185317209513
CC(O)CN(CCC(=O)OCCCCCCCCCCCCC)(CCC(=O)OCCCCCCCCCCCCC),1.09185317209513
OCCOCCN(CCC(=O)OCCCCCCCCCCCCCCC)(CCC(=O)OCCCCCCCCCCCCCCC),1.09185317209513
c1nccn1CCCN(CCC(=O)NCCCCCCCCCCCC)(CCC(=O)NCCCCCCCCCCCC),1.09185317209513
OCCCCN(CCC(=O)NCCCCCCCCCCCCCC)(CCC(=O)NCCCCCCCCCCCCCC),1.09185317209513
COCCCN(CCC(=O)NCCCCCCCCCCCCCCCC)(CCC(=O)NCCCCCCCCCCCCCCCC),1.09185317209513
C1N(CCC(=O)NCCCCCCCCCCCCCCCC)CCCN(CCC(=O)NCCCCCCCCCCCCCCCC)C1,1.09185317209513
N(CCC(=O)NCCCCCCCCCCCCCCCC)(CCC(=O)NCCCCCCCCCCCCCCCC)CCCN(CCC(=O)NCCCCCCCCCCCCCCCC)(CCC(=O)NCCCCCCCCCCCCCCCC),1.09185317209513
OCC(O)CN(CCC(=O)NCCCCCCCCCCCCCCCCCC)(CCC(=O)NCCCCCCCCCCCCCCCCCC),1.09185317209513
COCCN(CCC(=O)OCCCCCCCCCC)(CCC(=O)OCCCCCCCCCC),-0.3668861465373421
OCCOCCN(CCC(=O)OCCCCCCCCCC)(CCC(=O)OCCCCCCCCCC),-0.3668861465373421
CCN(CCC(=O)OCCCCCCCCCC)CCCN(CCC(=O)OCCCCCCCCCC)CC,-0.3668861465373421
C1CCCCN1CCN(CCC(=O)OCCCCCCCCCC)(CCC(=O)OCCCCCCCCCC),-0.3668861465373421
CN(CCC(=O)OCCCCCCCCCC)CCN(CCC(=O)OCCCCCCCCCC)(CCC(=O)OCCCCCCCCCC),-0.3668861465373421
N(CCC(=O)OCCCCCCCCCC)(CCC(=O)OCCCCCCCCCC)CCCN(CCC(=O)OCCCCCCCCCC)(CCC(=O)OCCCCCCCCCC),-0.3668861465373421
O1CCCC1CN(CCC(=O)OCCCCCCCCCCCC)(CCC(=O)OCCCCCCCCCCCC),-0.3668861465373421
c1c(OC)c(OC)ccc1CCN(CCC(=O)OCCCCCCCCCCCC)(CCC(=O)OCCCCCCCCCCCC),-0.3668861465373421
OCCCCN(CCC(=O)OCCCCCCCCCCCC)(CCC(=O)OCCCCCCCCCCCC),-0.3668861465373421
OCC(CO)(CC)N(CCC(=O)OCCCCCCCCCCCC)(CCC(=O)OCCCCCCCCCCCC),-0.3668861465373421
CCN(CCC(=O)OCCCCCCCCCCCC)CCN(CCC(=O)OCCCCCCCCCCCC)CC,-0.3668861465373421
OCCN(CCO)CCCN(CCC(=O)OCCCCCCCCCCCC)(CCC(=O)OCCCCCCCCCCCC),-0.3668861465373421
N(CCC(=O)OCCCCCCCCCCCC)(CCC(=O)OCCCCCCCCCCCC)CCN(CCC(=O)OCCCCCCCCCCCC)CCO,-0.3668861465373421
OCCCCN(CCC(=O)OCCCCCCCCCCCCC)(CCC(=O)OCCCCCCCCCCCCC),-0.3668861465373421
CCN(CCC(=O)OCCCCCCCCCCCCC)CCN(CCC(=O)OCCCCCCCCCCCCC)CC,-0.3668861465373421
CCN(CCC(=O)OCCCCCCCCCCCCC)CCCN(CCC(=O)OCCCCCCCCCCCCC)CC,-0.3668861465373421
C1N(CCC(=O)OCCCCCCCCCCCCC)CCCN(CCC(=O)OCCCCCCCCCCCCC)C1,-0.3668861465373421
CCN(CC)CCN(CCC(=O)OCCCCCCCCCCCCC)(CCC(=O)OCCCCCCCCCCCCC),-0.3668861465373421
N1(C)CCCC1CCN(CCC(=O)OCCCCCCCCCCCCC)(CCC(=O)OCCCCCCCCCCCCC),-0.3668861465373421
CN(C)CCCN(CCC(=O)OCCCCCCCCCCCCC)(CCC(=O)OCCCCCCCCCCCCC),-0.3668861465373421
CCN(CC)CCCN(CCC(=O)OCCCCCCCCCCCCC)(CCC(=O)OCCCCCCCCCCCCC),-0.3668861465373421
OCCN(CCO)CCCN(CCC(=O)OCCCCCCCCCCCCC)(CCC(=O)OCCCCCCCCCCCCC),-0.3668861465373421
N1=CNC=C1CCN(CCC(=O)OCCCCCCCCCCCCC)(CCC(=O)OCCCCCCCCCCCCC),-0.3668861465373421
CN(CCC(=O)OCCCCCCCCCCCCC)CCN(CCC(=O)OCCCCCCCCCCCCC)(CCC(=O)OCCCCCCCCCCCCC),-0.3668861465373421
CN(CCC(=O)OCCCCCCCCCCCCC)CCCN(CCC(=O)OCCCCCCCCCCCCC)(CCC(=O)OCCCCCCCCCCCCC),-0.3668861465373421
N(CCC(=O)OCCCCCCCCCCCCC)(CCC(=O)OCCCCCCCCCCCCC)CCN(CCC(=O)OCCCCCCCCCCCCC)CCN(CCC(=O)OCCCCCCCCCCCCC)CCN(CCC(=O)OCCCCCCCCCCCCC)(CCC(=O)OCCCCCCCCCCCCC),-0.3668861465373421
OCC(O)CN(CCC(=O)OCCCCCCCCCCCCC)(CCC(=O)OCCCCCCCCCCCCC),-0.3668861465373421
c1c(OC)c(OC)ccc1CCN(CCC(=O)OCCCCCCCCCCCCCC)(CCC(=O)OCCCCCCCCCCCCCC),-0.3668861465373421
OCCCCN(CCC(=O)OCCCCCCCCCCCCCC)(CCC(=O)OCCCCCCCCCCCCCC),-0.3668861465373421
OCCOCCN(CCC(=O)OCCCCCCCCCCCCCC)(CCC(=O)OCCCCCCCCCCCCCC),-0.3668861465373421
OCCCCCN(CCC(=O)OCCCCCCCCCCCCCC)(CCC(=O)OCCCCCCCCCCCCCC),-0.3668861465373421
OCCCCCCN(CCC(=O)OCCCCCCCCCCCCCC)(CCC(=O)OCCCCCCCCCCCCCC),-0.3668861465373421
CC(C)N(CCC(=O)OCCCCCCCCCCCCCC)CCN(CCC(=O)OCCCCCCCCCCCCCC)C(C)C,-0.3668861465373421
CN(CCC(=O)OCCCCCCCCCCCCCC)CCCN(CCC(=O)OCCCCCCCCCCCCCC)C,-0.3668861465373421
N1=CNC=C1CCN(CCC(=O)OCCCCCCCCCCCCCC)(CCC(=O)OCCCCCCCCCCCCCC),-0.3668861465373421
O1CCOC1CCN(CCC(=O)OCCCCCCCCCCCCCCC)(CCC(=O)OCCCCCCCCCCCCCCC),-0.3668861465373421
CCOCCN(CCC(=O)OCCCCCCCCCCCCCCC)(CCC(=O)OCCCCCCCCCCCCCCC),-0.3668861465373421
c1c(OC)c(OC)ccc1CCN(CCC(=O)OCCCCCCCCCCCCCCC)(CCC(=O)OCCCCCCCCCCCCCCC),-0.3668861465373421
CC(C)N(CCC(=O)OCCCCCCCCCCCCCCC)CCN(CCC(=O)OCCCCCCCCCCCCCCC)C(C)C,-0.3668861465373421
CN(CCC(=O)OCCCCCCCCCCCCCCC)CCCN(CCC(=O)OCCCCCCCCCCCCCCC)C,-0.3668861465373421
C1CCCCN1CCN(CCC(=O)OCCCCCCCCCCCCCCC)(CCC(=O)OCCCCCCCCCCCCCCC),-0.3668861465373421
C1COCCN1CCN(CCC(=O)OCCCCCCCCCCCCCCC)(CCC(=O)OCCCCCCCCCCCCCCC),-0.3668861465373421
COCCCN(CCC(=O)OCCCCCCCCCCCCCCCCCC)(CCC(=O)OCCCCCCCCCCCCCCCCCC),-0.3668861465373421
OCCOCCN(CCC(=O)OCCCCCCCCCCCCCCCCCC)(CCC(=O)OCCCCCCCCCCCCCCCCCC),-0.3668861465373421
OCCCCCN(CCC(=O)OCCCCCCCCCCCCCCCCCC)(CCC(=O)OCCCCCCCCCCCCCCCCCC),-0.3668861465373421
C1N(CCC(=O)OCCCCCCCCCCCCCCCCCC)CCCN(CCC(=O)OCCCCCCCCCCCCCCCCCC)C1,-0.3668861465373421
C1CCCN1CCN(CCC(=O)OCCCCCCCCCCCCCCCCCC)(CCC(=O)OCCCCCCCCCCCCCCCCCC),-0.3668861465373421
OCCN(CCO)CCCN(CCC(=O)OCCCCCCCCCCCCCCCCCC)(CCC(=O)OCCCCCCCCCCCCCCCCCC),-0.3668861465373421
C1COCCN1CCN(CCC(=O)OCCCCCCCCCCCCCCCCCC)(CCC(=O)OCCCCCCCCCCCCCCCCCC),-0.3668861465373421
CN(CCC(=O)OCCCCCCCCCCCCCCCCCC)CCN(CCC(=O)OCCCCCCCCCCCCCCCCCC)(CCC(=O)OCCCCCCCCCCCCCCCCCC),-0.3668861465373421
N(CCC(=O)OCCCCCCCCCCCCCCCCCC)(CCC(=O)OCCCCCCCCCCCCCCCCCC)CCCN(CCC(=O)OCCCCCCCCCCCCCCCCCC)(CCC(=O)OCCCCCCCCCCCCCCCCCC),-0.3668861465373421
CCOCCN(CCC(=O)NCCCCCCCCCCCC)(CCC(=O)NCCCCCCCCCCCC),-0.3668861465373421
OCC(CO)(CC)N(CCC(=O)NCCCCCCCCCCCC)(CCC(=O)NCCCCCCCCCCCC),-0.3668861465373421
C1N(CCC(=O)NCCCCCCCCCCCC)CCCN(CCC(=O)NCCCCCCCCCCCC)C1,-0.3668861465373421
N1(C)CCCC1CCN(CCC(=O)NCCCCCCCCCCCC)(CCC(=O)NCCCCCCCCCCCC),-0.3668861465373421
CN(C)CCCN(CCC(=O)NCCCCCCCCCCCC)(CCC(=O)NCCCCCCCCCCCC),-0.3668861465373421
C1COCCN1CCN(CCC(=O)NCCCCCCCCCCCC)(CCC(=O)NCCCCCCCCCCCC),-0.3668861465373421
COC(OC)CN(CCC(=O)NCCCCCCCCCCCCCC)(CCC(=O)NCCCCCCCCCCCCCC),-0.3668861465373421
C1CC(O)CCC1N(CCC(=O)NCCCCCCCCCCCCCC)(CCC(=O)NCCCCCCCCCCCCCC),-0.3668861465373421
CCN(CC)CCN(CCC(=O)NCCCCCCCCCCCCCC)(CCC(=O)NCCCCCCCCCCCCCC),-0.3668861465373421
c1nccn1CCCN(CCC(=O)NCCCCCCCCCCCCCC)(CCC(=O)NCCCCCCCCCCCCCC),-0.3668861465373421
N(CCC(=O)NCCCCCCCCCCCCCC)(CCC(=O)NCCCCCCCCCCCCCC)CCN(CCC(=O)NCCCCCCCCCCCCCC)CCN(CCC(=O)NCCCCCCCCCCCCCC)CCN(CCC(=O)NCCCCCCCCCCCCCC)(CCC(=O)NCCCCCCCCCCCCCC),-0.3668861465373421
COC(OC)CN(CCC(=O)NCCCCCCCCCCCCCCC)(CCC(=O)NCCCCCCCCCCCCCCC),-0.3668861465373421
OCC(CO)N(CCC(=O)NCCCCCCCCCCCCCCC)(CCC(=O)NCCCCCCCCCCCCCCC),-0.3668861465373421
N1(C)CCCC1CCN(CCC(=O)NCCCCCCCCCCCCCCC)(CCC(=O)NCCCCCCCCCCCCCCC),-0.3668861465373421
CCN(CC)CCCN(CCC(=O)NCCCCCCCCCCCCCCC)(CCC(=O)NCCCCCCCCCCCCCCC),-0.3668861465373421
C1CCCCN1CCN(CCC(=O)NCCCCCCCCCCCCCCC)(CCC(=O)NCCCCCCCCCCCCCCC),-0.3668861465373421
COC(OC)CN(CCC(=O)NCCCCCCCCCCCCCCCC)(CCC(=O)NCCCCCCCCCCCCCCCC),-0.3668861465373421
OCC(CO)N(CCC(=O)NCCCCCCCCCCCCCCCC)(CCC(=O)NCCCCCCCCCCCCCCCC),-0.3668861465373421
C1CC(O)CCC1N(CCC(=O)NCCCCCCCCCCCCCCCC)(CCC(=O)NCCCCCCCCCCCCCCCC),-0.3668861465373421
C1CCCCN1CCN(CCC(=O)NCCCCCCCCCCCCCCCC)(CCC(=O)NCCCCCCCCCCCCCCCC),-0.3668861465373421
CN(CCC(=O)NCCCCCCCCCCCCCCCC)CCCN(CCC(=O)NCCCCCCCCCCCCCCCC)(CCC(=O)NCCCCCCCCCCCCCCCC),-0.3668861465373421
N(CCC(=O)NCCCCCCCCCCCCCCCC)(CCC(=O)NCCCCCCCCCCCCCCCC)CCN(CCC(=O)NCCCCCCCCCCCCCCCC)(CCC(=O)NCCCCCCCCCCCCCCCC),-0.3668861465373421
COCCCN(CCC(=O)NCCCCCCCCCCCCCCCCCC)(CCC(=O)NCCCCCCCCCCCCCCCCCC),-0.3668861465373421
C1OC(C)(C)OC1CN(CCC(=O)NCCCCCCCCCCCCCCCCCC)(CCC(=O)NCCCCCCCCCCCCCCCCCC),-0.3668861465373421
CCOCCN(CCC(=O)NCCCCCCCCCCCCCCCCCC)(CCC(=O)NCCCCCCCCCCCCCCCCCC),-0.3668861465373421
OCC(CO)N(CCC(=O)NCCCCCCCCCCCCCCCCCC)(CCC(=O)NCCCCCCCCCCCCCCCCCC),-0.3668861465373421
OCCOCCN(CCC(=O)NCCCCCCCCCCCCCCCCCC)(CCC(=O)NCCCCCCCCCCCCCCCCCC),-0.3668861465373421
OCCCCCN(CCC(=O)NCCCCCCCCCCCCCCCCCC)(CCC(=O)NCCCCCCCCCCCCCCCCCC),-0.3668861465373421
C1CC(O)CCC1N(CCC(=O)NCCCCCCCCCCCCCCCCCC)(CCC(=O)NCCCCCCCCCCCCCCCCCC),-0.3668861465373421
CCN(CCC(=O)NCCCCCCCCCCCCCCCCCC)CCN(CCC(=O)NCCCCCCCCCCCCCCCCCC)CC,-0.3668861465373421
CCN(CC)CCCN(CCC(=O)NCCCCCCCCCCCCCCCCCC)(CCC(=O)NCCCCCCCCCCCCCCCCCC),-0.3668861465373421
c1nccn1CCCN(CCC(=O)NCCCCCCCCCCCCCCCCCC)(CCC(=O)NCCCCCCCCCCCCCCCCCC),-0.3668861465373421
N1=CNC=C1CCN(CCC(=O)NCCCCCCCCCCCCCCCCCC)(CCC(=O)NCCCCCCCCCCCCCCCCCC),-0.3668861465373421
CN(CCC(=O)NCCCCCCCCCCCCCCCCCC)CCN(CCC(=O)NCCCCCCCCCCCCCCCCCC)(CCC(=O)NCCCCCCCCCCCCCCCCCC),-0.3668861465373421
CN(C)CCNC(=O)CCC(SCCCCCCCCCCC)CSCCCCCCCCCCC,3.045415792982377
CN(C)CCNC(=O)CCC(SCCCCCCCCCCCCCCCC)CSCCCCCCCCCCCCCCCC,-0.39550854503069
CN(C)CCNC(=O)CCC(SCCCCCCCC)CSCCCCCCCC,-0.5668955798917054
CN(C)CCNC(=O)CCC(SCCCCCCCCC)CSCCCCCCCCC,-0.5668955798917054
C1CCCN1CCNC(=O)CCC(SCCCCCC)CSCCCCCC,-0.5668955798917054
CCN(CC)CCNC(=O)CCC(SCCCCCCCCC)CSCCCCCCCCC,-0.5668955798917054
CN(C)CCCNC(=O)CCC(SCCCCCC)CSCCCCCC,-0.39550854503069
CN(C)CCCNC(=O)CCC(SCCCCCCC)CSCCCCCCC,0.3757331175255111
CN(C)CCCNC(=O)CCC(SCCCCCCCC)CSCCCCCCCC,-0.5668955798917054
CN(C)CCCNC(=O)CCC(SCCCCCCCCC)CSCCCCCCCCC,-0.5668955798917054
CN(C)CCNC(=O)CCCC(SCCCCCCCCCCC)CSCCCCCCCCCCC,2.287357748492408
CN(C)CCNC(=O)CCCC(SCCCCCCCCCCCC)CSCCCCCCCCCCCC,-0.39550854503069
CN(C)CCNC(=O)CCCC(SCCCCCC)CSCCCCCC,-0.5668955798917054
C1COCCN1CCNC(=O)CCCC(SCCCCCCCCC)CSCCCCCCCCC,-0.5668955798917054
C1CCCN1CCNC(=O)CCCC(SCCCCCCCCCCC)CSCCCCCCCCCCC,2.287357748492408
C1CCCN1CCNC(=O)CCCC(SCCCCCC)CSCCCCCC,-0.5668955798917054
CCN(CC)CCNC(=O)CCCC(SCCCCCCCCCCC)CSCCCCCCCCCCC,1.8984410136446883
CCN(CC)CCNC(=O)CCCC(SCCCCCCCCCCCCCCCC)CSCCCCCCCCCCCCCCCC,-0.5668955798917054
C1CN(CCN(C)C)CCN1C(=O)CCCC(SCCCCCCCCCC)CSCCCCCCCCCC,0.7514662343069991
C1CN(CCN(C)C)CCN1C(=O)CCCC(SCCCCCCCCCCC)CSCCCCCCCCCCC,0.7514662343069991
C1CN(CCN(C)C)CCN1C(=O)CCCC(SCCCCCC)CSCCCCCC,-0.5668955798917054
C1CN(CCN(C)C)CCN1C(=O)CCCC(SCCCCCCC)CSCCCCCCC,0.3757331175255111
C1CN(CCN(C)C)CCN1C(=O)CCCC(SCCCCCCCCC)CSCCCCCCCCC,-0.5668955798917054
N(CCCCCCCCCCCC)(CCCCCCCCCCCC)CCOP(=O)([O-])OCCCCCCCCCC,2.952204749893815
N(CCCCCCCCCC)(CCCCCCCCCC)CCOP(=O)([O-])OCCCCCCCCCCC,2.952204749893815
N(CCCCCCCC)(CCCCCCCC)CCOP(=O)([O-])OCCCCCCCCCCCCC,2.952204749893815
N(CCCCCCCCCCCC)(CCCCCCCCCCCC)CCOP(=O)([O-])OCCCCC,1.5815382588716866
N(CCCCCCCCCC)(CCCCCCCCCC)CCOP(=O)([O-])OCCCCCC,1.5815382588716866
N(CCN(CCOP(=O)([O-])OCCCCCCCCC)C)(CCN(CCOP(=O)([O-])OCCCCCCCCC)C)(CCN(CCOP(=O)([O-])OCCCCCCCCC)C),1.5815382588716866
N(CCOP(=O)([O-])OCCCCCCCCC)CCN([H])CCN(CCOP(=O)([O-])OCCCCCCCCC)CCN([H])CCN(CCOP(=O)([O-])OCCCCCCCCC),1.5815382588716866
N(CCCCCCCCCC)(CCCCCCCCCC)CCOP(=O)([O-])OCCCCCCCCCC,1.5815382588716866
[N+](CCCC)(CCCC)(CCCC)CCOP(=O)([O-])OCCCCCCCCCC,1.5815382588716866
[N+](CCCCCCCCCCCC)(CCCCCCCCCCCC)(CCCCCCCCCCCC)CCOP(=O)([O-])OCCCCCCCCCC,1.5815382588716866
C8N(CCCN(CCOP(=O)([O-])OCCCCCCCCCC)([H]))CCN(CCCN(CCOP(=O)([O-])OCCCCCCCCCC)([H]))C8,1.5815382588716866
N(CCOP(=O)([O-])OCCCCCCCCCC)CCN([H])CCN([H])CCN([H])CCN(CCOP(=O)([O-])OCCCCCCCCCC),1.5815382588716866
[N+](CCCCCCCC)(CCCCCCCC)(CCCCCCCC)CCOP(=O)([O-])OCCCCCCCCCCC,1.5815382588716866
[N+](CCCC)(CCCC)(CCCC)CCOP(=O)([O-])OCCCCCCCCCCCC,1.5815382588716866
[N+](CCCCCCCCCCCC)(CCCCCCCCCCCC)(CCCCCCCCCCCC)CCOP(=O)([O-])OCCCCCCCCCCCCC,1.5815382588716866
N(CCCCCCCCCCCC)(CCCCCCCCCCCC)CCOP(=O)([O-])OCCCCCCCCCCCCCC,1.5815382588716866
[N+](CCCCCC)(CCCCCC)(CCCCCC)CCOP(=O)([O-])OCCCCCCCCCCCCCC,1.5815382588716866
[N+](CCCCCCCCCCCC)(CCCCCCCCCCCC)(CCCCCCCCCCCC)CCOP(=O)([O-])OCCCCCCCCCCCCCC,1.5815382588716866
N(CCOP(=O)([O-])OCCCC)CCCC,0.2108717678495582
C8N(CCCN(CCOP(=O)([O-])OCCCC)(CCOP(=O)([O-])OCCCC))CCN(CCCN(CCOP(=O)([O-])OCCCC)([H]))C8,0.2108717678495582
N(CCNCCOP(=O)([O-])OCCCC)(CCNCCOP(=O)([O-])OCCCC)(CCN(CCOP(=O)([O-])OCCCC)[H]),0.2108717678495582
N(CCOP(=O)([O-])OCCCCC)CCCCCCCC,0.2108717678495582
N(CCOP(=O)([O-])OCCCCC)(CCOP(=O)([O-])OCCCCC)CCCN(C)CCCN(CCOP(=O)([O-])OCCCCC),0.2108717678495582
N(CCOP(=O)([O-])OCCCCCC)([H])CCCN(CCOP(=O)([O-])OCCCCCC)CCCN(C)C,0.2108717678495582
C8N(CCCN(CCOP(=O)([O-])OCCCCCC)([H]))CCN(CCCN(CCOP(=O)([O-])OCCCCCC)([H]))C8,0.2108717678495582
N(CCN(CCOP(=O)([O-])OCCCCCC)C)(CCN(CCOP(=O)([O-])OCCCCCC)C)(CCN([H])C),0.2108717678495582
N(CCN(CCOP(=O)([O-])OCCCCCC)C)(CCN(CCOP(=O)([O-])OCCCCCC)C)(CCN(CCOP(=O)([O-])OCCCCCC)C),0.2108717678495582
N(CCOP(=O)([O-])OCCCCCC)CCN([H])CCN([H])CCN([H])CCN(CCOP(=O)([O-])OCCCCCC),0.2108717678495582
N(CCOP(=O)([O-])OCCCCCCC)CCCC,0.2108717678495582
N(CCOP(=O)([O-])OCCCCCCC)CCCCCCCCCC,0.2108717678495582
N(CCOP(=O)([O-])OCCCCCCC)CCCCCCCCCCCCCC,0.2108717678495582
N(CCCCCCCCCCCCC)(CCCCCCCCCCCCC)CCOP(=O)([O-])OCCCCCCC,0.2108717678495582
N(CCOP(=O)([O-])OCCCCCCC)(CCOP(=O)([O-])OCCCCCCC)CCCN(C)CCCN(CCOP(=O)([O-])OCCCCCCC),0.2108717678495582
C8N(CCCN(CCOP(=O)([O-])OCCCCCCC)(CCOP(=O)([O-])OCCCCCCC))CCN(CCCN(CCOP(=O)([O-])OCCCCCCC)([H]))C8,0.2108717678495582
N(CCN(CCOP(=O)([O-])OCCCCCCC)C)(CCN(CCOP(=O)([O-])OCCCCCCC)C)(CCN([H])C),0.2108717678495582
N(CCOP(=O)([O-])OCCCCCCC)CCN([H])CCN([H])CCN([H])CCN(CCOP(=O)([O-])OCCCCCCC),0.2108717678495582
N(CCCCCCCC)(CCCCCCCC)CCOP(=O)([O-])OCCCCCCCC,0.2108717678495582
N(CCCCCCCCCCCCC)(CCCCCCCCCCCCC)CCOP(=O)([O-])OCCCCCCCC,0.2108717678495582
[N+](CCCCCCCCCC)(CCCCCCCCCC)(CCCCCCCCCC)CCOP(=O)([O-])OCCCCCCCC,0.2108717678495582
N(CCOP(=O)([O-])OCCCCCCCC)CCOCCOCCNCCOP(=O)([O-])OCCCCCCCC,0.2108717678495582
N(CCOP(=O)([O-])OCCCCCCCC)CCN([H])CCN([H])CCN(CCOP(=O)([O-])OCCCCCCCC),0.2108717678495582
N(CCNCCOP(=O)([O-])OCCCCCCCC)(CCNCCOP(=O)([O-])OCCCCCCCC)(CCN(CCOP(=O)([O-])OCCCCCCCC)CCOP(=O)([O-])OCCCCCCCC),0.2108717678495582
N(CCOP(=O)([O-])OCCCCCCCCC)CCCCCCCCCCCC,0.2108717678495582
[N+](CCCCCC)(CCCCCC)(CCCCCC)CCOP(=O)([O-])OCCCCCCCCC,0.2108717678495582
N(CCOP(=O)([O-])OCCCCCCCCC)(CCOP(=O)([O-])OCCCCCCCCC)CCCN(CCOP(=O)([O-])OCCCCCCCCC)CCCN(C)C,0.2108717678495582
N(CCOP(=O)([O-])OCCCCCCCCC)([H])CCCN(C)CCCN(CCOP(=O)([O-])OCCCCCCCCC),0.2108717678495582
N(CCOP(=O)([O-])OCCCCCCCCC)CCN([H])CCN([H])CCN(CCOP(=O)([O-])OCCCCCCCCC),0.2108717678495582
N(CCOP(=O)([O-])OCCCCCCCCC)CCN(CCOP(=O)([O-])OCCCCCCCCC)CCN(CCOP(=O)([O-])OCCCCCCCCC)CCN(CCOP(=O)([O-])OCCCCCCCCC),0.2108717678495582
N(CCOP(=O)([O-])OCCCCCCCCCC)CCCCCCCCCC,0.2108717678495582
[N+](CCCCCC)(CCCCCC)(CCCCCC)CCOP(=O)([O-])OCCCCCCCCCC,0.2108717678495582
C8CN(CCOP(=O)([O-])OCCCCCCCCCC)CCN8CCN(CCOP(=O)([O-])OCCCCCCCCCC)[H],0.2108717678495582
N(CCOP(=O)([O-])OCCCCCCCCCC)([H])CCCN(CCOP(=O)([O-])OCCCCCCCCCC)CCCN(C)C,0.2108717678495582
N(CCOP(=O)([O-])OCCCCCCCCCC)CCN(CCOP(=O)([O-])OCCCCCCCCCC)CCN([H])CCN(CCOP(=O)([O-])OCCCCCCCCCC),0.2108717678495582
[N+](CCCCCCCCCC)(CCCCCCCCCC)(CCCCCCCCCC)CCOP(=O)([O-])OCCCCCCCCCCC,0.2108717678495582
C8N(CCCN(CCOP(=O)([O-])OCCCCCCCCCCC)(CCOP(=O)([O-])OCCCCCCCCCCC))CCN(CCCN(CCOP(=O)([O-])OCCCCCCCCCCC)([H]))C8,0.2108717678495582
N(CCOP(=O)([O-])OCCCCCCCCCCC)CCN([H])CCN([H])CCN(CCOP(=O)([O-])OCCCCCCCCCCC),0.2108717678495582
N(CCOP(=O)([O-])OCCCCCCCCCCC)CCN(CCOP(=O)([O-])OCCCCCCCCCCC)CCN([H])CCN(CCOP(=O)([O-])OCCCCCCCCCCC),0.2108717678495582
N(CCOP(=O)([O-])OCCCCCCCCCCC)CCCN(CCOP(=O)([O-])OCCCCCCCCCCC)CCCCN(CCOP(=O)([O-])OCCCCCCCCCCC)CCCN(CCOP(=O)([O-])OCCCCCCCCCCC),0.2108717678495582
N(CCN(CCOP(=O)([O-])OCCCCCCCCCCC)C)(CCN(CCOP(=O)([O-])OCCCCCCCCCCC)C)(CCN(CCOP(=O)([O-])OCCCCCCCCCCC)C),0.2108717678495582
N(CCOP(=O)([O-])OCCCCCCCCCCC)CCN([H])CCN([H])CCN([H])CCN(CCOP(=O)([O-])OCCCCCCCCCCC),0.2108717678495582
N(CCOP(=O)([O-])OCCCCCCCCCCCC)CCCCCC,0.2108717678495582
[N+](CCCCCCCCCCCC)(CCCCCCCCCCCC)(CCCCCCCCCCCC)CCOP(=O)([O-])OCCCCCCCCCCCC,0.2108717678495582
C8CN(CCOP(=O)([O-])OCCCCCCCCCCCC)CCN8CCN(CCOP(=O)([O-])OCCCCCCCCCCCC)[H],0.2108717678495582
N(CCOP(=O)([O-])OCCCCCCCCCCCC)(CCOP(=O)([O-])OCCCCCCCCCCCC)CCCN(CCOP(=O)([O-])OCCCCCCCCCCCC)CCCN(C)C,0.2108717678495582
N(CCOP(=O)([O-])OCCCCCCCCCCCC)CCN([H])CCN([H])CCN(CCOP(=O)([O-])OCCCCCCCCCCCC),0.2108717678495582
N(CCOP(=O)([O-])OCCCCCCCCCCCC)CCN(CCOP(=O)([O-])OCCCCCCCCCCCC)CCN([H])CCN(CCOP(=O)([O-])OCCCCCCCCCCCC),0.2108717678495582
N(CCN(CCOP(=O)([O-])OCCCCCCCCCCCC)C)(CCN(CCOP(=O)([O-])OCCCCCCCCCCCC)C)(CCN([H])C),0.2108717678495582
N(CCOP(=O)([O-])OCCCCCCCCCCCCC)CCCCCC,0.2108717678495582
N(CCCCCCCCCCCCC)(CCCCCCCCCCCCC)CCOP(=O)([O-])OCCCCCCCCCCCCC,0.2108717678495582
N(CCOP(=O)([O-])OCCCCCCCCCCCCC)CCOCCOCCNCCOP(=O)([O-])OCCCCCCCCCCCCC,0.2108717678495582
N(CCOP(=O)([O-])OCCCCCCCCCCCCC)CCN([H])CCN(CCOP(=O)([O-])OCCCCCCCCCCCCC)CCN([H])CCN(CCOP(=O)([O-])OCCCCCCCCCCCCC),0.2108717678495582
N(CCOP(=O)([O-])OCCCCCCCCCCCCCC)CCCCCCCC,0.2108717678495582
[N+](CCCC)(CCCC)(CCCC)CCOP(=O)([O-])OCCCCCCCCCCCCCC,0.2108717678495582
N(CCOP(=O)([O-])OCCCCCCCCCCCCCC)([H])CCCN(CCOP(=O)([O-])OCCCCCCCCCCCCCC)CCCN(C)C,0.2108717678495582
C8N(CCCN(CCOP(=O)([O-])OCCCCCCCCCCCCCC)([H]))CCN(CCCN(CCOP(=O)([O-])OCCCCCCCCCCCCCC)([H]))C8,0.2108717678495582
N(CCOP(=O)([O-])OCCCCCCCCCCCCCC)CCCN(CCOP(=O)([O-])OCCCCCCCCCCCCCC)CCCCN([H])CCCN(CCOP(=O)([O-])OCCCCCCCCCCCCCC),0.2108717678495582
N(CCOP(=O)([O-])OCCCCCCCCCCCCCC)CCN([H])CCN(CCOP(=O)([O-])OCCCCCCCCCCCCCC)CCN([H])CCN(CCOP(=O)([O-])OCCCCCCCCCCCCCC),0.2108717678495582
N(CCOP(=O)([O-])OCCCCCCCCCCCCCCC)CCN([H])CCN(CCOP(=O)([O-])OCCCCCCCCCCCCCCC)CCN([H])CCN(CCOP(=O)([O-])OCCCCCCCCCCCCCCC),0.2108717678495582
[N+](CCCCCCCCCCCC)(CCCCCCCCCCCC)(CCCCCCCCCCCC)CCOP(=O)([O-])OCCCCCCCCCCCCCCCC,0.2108717678495582
N(CCOP(=O)([O-])OCCCCCCCCCCCCCCCC)CCCN(CCOP(=O)([O-])OCCCCCCCCCCCCCCCC)CCCCN([H])CCCN(CCOP(=O)([O-])OCCCCCCCCCCCCCCCC),0.2108717678495582
N(CCOP(=O)([O-])OCCCC)CCN(CCOP(=O)([O-])OCCCC)CCN(CCOP(=O)([O-])OCCCC)CCN([H])CCN(CCOP(=O)([O-])OCCCC),-1.1597947231725705
[N+](CCCCCCCC)(CCCCCCCC)(CCCCCCCC)CCOP(=O)([O-])OCCCCC,-1.1597947231725705
N(CCOP(=O)([O-])OCCCCC)CCN(CCOP(=O)([O-])OCCCCC)CCN([H])CCN(CCOP(=O)([O-])OCCCCC),-1.1597947231725705
N(CCOP(=O)([O-])OCCCCC)CCN(CCOP(=O)([O-])OCCCCC)CCN(CCOP(=O)([O-])OCCCCC)CCN(CCOP(=O)([O-])OCCCCC),-1.1597947231725705
N(CCN(CCOP(=O)([O-])OCCCCC)C)(CCN(CCOP(=O)([O-])OCCCCC)C)(CCN([H])C),-1.1597947231725705
N(CCOP(=O)([O-])OCCCCC)CCN([H])CCN([H])CCN([H])CCN(CCOP(=O)([O-])OCCCCC),-1.1597947231725705
N(CCOP(=O)([O-])OCCCCC)CCN([H])CCN(CCOP(=O)([O-])OCCCCC)CCN([H])CCN(CCOP(=O)([O-])OCCCCC),-1.1597947231725705
[N+](CCCC)(CCCC)(CCCC)CCOP(=O)([O-])OCCCCCC,-1.1597947231725705
N(CCOP(=O)([O-])OCCCCCC)CCN([H])CCN(CCOP(=O)([O-])OCCCCCC)CCN([H])CCN(CCOP(=O)([O-])OCCCCCC),-1.1597947231725705
[N+](CCCCCCCCCCCC)(CCCCCCCCCCCC)(CCCCCCCCCCCC)CCOP(=O)([O-])OCCCCCCC,-1.1597947231725705
C8CN(CCOP(=O)([O-])OCCCCCCC)CCN8CCN(CCOP(=O)([O-])OCCCCCCC)CCOP(=O)([O-])OCCCCCCC,-1.1597947231725705
N(CCOP(=O)([O-])OCCCCCCC)([H])CCCN(C)CCCN(CCOP(=O)([O-])OCCCCCCC),-1.1597947231725705
N(CCN(CCOP(=O)([O-])OCCCCCCCC)C)(CCN(CCOP(=O)([O-])OCCCCCCCC)C)(CCN(CCOP(=O)([O-])OCCCCCCCC)C),-1.1597947231725705
[N+](CCOP(=O)([O-])OCCCCCCCC)(CCN(CCOP(=O)([O-])OCCCCCCCC)C)(CCN(CCOP(=O)([O-])OCCCCCCCC)C)(CCN(CCOP(=O)([O-])OCCCCCCCC)C),-1.1597947231725705
N(CCN(CCOP(=O)([O-])OCCCCCCCCC)C)(CCN(CCOP(=O)([O-])OCCCCCCCCC)C)(CCN([H])C),-1.1597947231725705
N(CCOP(=O)([O-])OCCCCCCCCCC)CCCCCCCCCCCCCC,-1.1597947231725705
C8CN(CCOP(=O)([O-])OCCCCCCCCCCC)CCN8CCN(CCOP(=O)([O-])OCCCCCCCCCCC)[H],-1.1597947231725705
N(CCOP(=O)([O-])OCCCCCCCCCCC)([H])CCCN(CCOP(=O)([O-])OCCCCCCCCCCC)CCCN(C)C,-1.1597947231725705
N(CCOP(=O)([O-])OCCCCCCCCCCC)(CCOP(=O)([O-])OCCCCCCCCCCC)CCCN(C)CCCN(CCOP(=O)([O-])OCCCCCCCCCCC),-1.1597947231725705
[N+](CCOP(=O)([O-])OCCCCCCCCCCC)(CCN(CCOP(=O)([O-])OCCCCCCCCCCC)C)(CCN(CCOP(=O)([O-])OCCCCCCCCCCC)C)(CCN(CCOP(=O)([O-])OCCCCCCCCCCC)C),-1.1597947231725705
N(CCOP(=O)([O-])OCCCCCCCCCCCC)CCCCCCCC,-1.1597947231725705
N(CCOP(=O)([O-])OCCCCCCCCCCCC)CCCCCCCCCCCCCC,-1.1597947231725705
[N+](CCOP(=O)([O-])OCCCCCCCCCCCC)(CCN(CCOP(=O)([O-])OCCCCCCCCCCCC)C)(CCN(CCOP(=O)([O-])OCCCCCCCCCCCC)C)(CCN(CCOP(=O)([O-])OCCCCCCCCCCCC)C),-1.1597947231725705
N(CCNCCOP(=O)([O-])OCCCCCCCCCCCC)(CCNCCOP(=O)([O-])OCCCCCCCCCCCC)(CCN(CCOP(=O)([O-])OCCCCCCCCCCCC)CCOP(=O)([O-])OCCCCCCCCCCCC),-1.1597947231725705
N(CCN(CCOP(=O)([O-])OCCCCCCCCCCCCC)C)(CCN(CCOP(=O)([O-])OCCCCCCCCCCCCC)C)(CCN([H])C),-1.1597947231725705
[N+](CCOP(=O)([O-])OCCCCCCCCCCCCC)(CCN(CCOP(=O)([O-])OCCCCCCCCCCCCC)C)(CCN(CCOP(=O)([O-])OCCCCCCCCCCCCC)C)(CCN(CCOP(=O)([O-])OCCCCCCCCCCCCC)C),-1.1597947231725705
N(CCOP(=O)([O-])OCCCCCCCCCCCCC)CCN(CCOP(=O)([O-])OCCCCCCCCCCCCC)CCN(CCOP(=O)([O-])OCCCCCCCCCCCCC)CCN([H])CCN(CCOP(=O)([O-])OCCCCCCCCCCCCC),-1.1597947231725705
N(CCOP(=O)([O-])OCCCCCCCCCCCCC)CCN(CCOP(=O)([O-])OCCCCCCCCCCCCC)CCN(CCOP(=O)([O-])OCCCCCCCCCCCCC)CCN(CCOP(=O)([O-])OCCCCCCCCCCCCC)CCN(CCOP(=O)([O-])OCCCCCCCCCCCCC),-1.1597947231725705
N(CCOP(=O)([O-])OCCCCCCCCCCCCCC)CCCCCCCCCC,-1.1597947231725705
N(CCOP(=O)([O-])OCCCCCCCCCCCCCC)CCCCCCCCCCCCCC,-1.1597947231725705
N(CCOP(=O)([O-])OCCCCCCCCCCCCCC)CCN(CCOP(=O)([O-])OCCCCCCCCCCCCCC)CCN(CCOP(=O)([O-])OCCCCCCCCCCCCCC)CCN(CCOP(=O)([O-])OCCCCCCCCCCCCCC)CCN(CCOP(=O)([O-])OCCCCCCCCCCCCCC),-1.1597947231725705
N(CCOP(=O)([O-])OCCCCCCCCCCCCCCC)CCN([H])CCN([H])CCN(CCOP(=O)([O-])OCCCCCCCCCCCCCCC),-1.1597947231725705
N(CCOP(=O)([O-])OCCCCCCCCCCCCCCC)CCN(CCOP(=O)([O-])OCCCCCCCCCCCCCCC)CCN([H])CCN(CCOP(=O)([O-])OCCCCCCCCCCCCCCC),-1.1597947231725705
N(CCOP(=O)([O-])OCCCCCCCCCCCCCCCC)CCCCCCCCCC,-1.1597947231725705
N(CCOP(=O)([O-])OCCCCCCCCCCCCCCCC)CCOCCOCCNCCOP(=O)([O-])OCCCCCCCCCCCCCCCC,-1.1597947231725705
N(CCC(=O)OCCOC(=O)C(C)CSCCCC)(CCC(=O)OCCOC(=O)C(C)CSCCCC)CCCN1CCN(CCCN(CCC(=O)OCCOC(=O)C(C)CSCCCC)(CCC(=O)OCCOC(=O)C(C)CSCCCC))CC1,3.601853897883668
CN(C)CCCN(CCC(=O)OCCOC(=O)C(C)CSCCCCCCC)CCCN(CCC(=O)OCCOC(=O)C(C)CSCCCCCCC)CCC(=O)OCCOC(=O)C(C)CSCCCCCCC,3.601853897883668
N(CCC(=O)OCCOC(=O)C(C)CSCCCCCCC)(CCC(=O)OCCOC(=O)C(C)CSCCCCCCC)CCCN(C)CCCN(CCC(=O)OCCOC(=O)C(C)CSCCCCCCC)(CCC(=O)OCCOC(=O)C(C)CSCCCCCCC),3.601853897883668
CN(C)CCCN(CCC(=O)OCCOC(=O)C(C)CSCCCCCCCC)CCCN(CCC(=O)OCCOC(=O)C(C)CSCCCCCCCC)CCC(=O)OCCOC(=O)C(C)CSCCCCCCCC,3.601853897883668
N(CCN(CCC(=O)OCCOC(=O)C(C)CSCCCCCCCC)C)(CCN(CCC(=O)OCCOC(=O)C(C)CSCCCCCCCC)C)CCN(CCC(=O)OCCOC(=O)C(C)CSCCCCCCCC)C,3.601853897883668
N(CCC(=O)OCCOC(=O)C(C)CSCCCCCCCC)(CCC(=O)OCCOC(=O)C(C)CSCCCCCCCC)CCCN1CCN(CCCN(CCC(=O)OCCOC(=O)C(C)CSCCCCCCCC)(CCC(=O)OCCOC(=O)C(C)CSCCCCCCCC))CC1,3.601853897883668
CN(C)CCCN(CCC(=O)OCCOC(=O)C(C)CSCCCCCCCCC)CCCN(CCC(=O)OCCOC(=O)C(C)CSCCCCCCCCC)CCC(=O)OCCOC(=O)C(C)CSCCCCCCCCC,3.601853897883668
N(CCN(CCC(=O)OCCOC(=O)C(C)CSCCCCCCCCCC)C)(CCN(CCC(=O)OCCOC(=O)C(C)CSCCCCCCCCCC)C)CCN(CCC(=O)OCCOC(=O)C(C)CSCCCCCCCCCC)C,3.601853897883668
N(CCN(CCC(=O)OCCOC(=O)C(C)CSCCCCCCCCCCCC)C)(CCN(CCC(=O)OCCOC(=O)C(C)CSCCCCCCCCCCCC)C)CCN(CCC(=O)OCCOC(=O)C(C)CSCCCCCCCCCCCC)C,3.601853897883668
N(CCC(=O)OCCOC(=O)C(C)CSCCCCCCCCCCCCCC)(CCC(=O)OCCOC(=O)C(C)CSCCCCCCCCCCCCCC)CCN(C)C,3.601853897883668
CN(C)CCCN(CCC(=O)OCCOC(=O)C(C)CSCCCCCCCCCCCCCC)CCCN(CCC(=O)OCCOC(=O)C(C)CSCCCCCCCCCCCCCC)CCC(=O)OCCOC(=O)C(C)CSCCCCCCCCCCCCCC,3.601853897883668
C1N(C)CCN(CCC(=O)OCCOC(=O)C(C)CSCCC(C)C)C1,2.185099711203099
N(CCC(=O)OCCOC(=O)C(C)CSCCCCC)(CCC(=O)OCCOC(=O)C(C)CSCCCCC)CCCN1CCN(CCCN(CCC(=O)OCCOC(=O)C(C)CSCCCCC)(CCC(=O)OCCOC(=O)C(C)CSCCCCC))CC1,2.185099711203099
N(CCC(=O)OCCOC(=O)C(C)CSCCCCCCC)(CCC(=O)OCCOC(=O)C(C)CSCCCCCCC)CCOCCOCCN(CCC(=O)OCCOC(=O)C(C)CSCCCCCCC)CCC(=O)OCCOC(=O)C(C)CSCCCCCCC,2.185099711203099
N(CCN(CCC(=O)OCCOC(=O)C(C)CSCCCCCCC)(CCC(=O)OCCOC(=O)C(C)CSCCCCCCC))(CCN(CCC(=O)OCCOC(=O)C(C)CSCCCCCCC)(CCC(=O)OCCOC(=O)C(C)CSCCCCCCC))CCNCCC(=O)OCCOC(=O)C(C)CSCCCCCCC,2.185099711203099
N(CCC(=O)OCCOC(=O)C(C)CSCCCCCCC)(CCC(=O)OCCOC(=O)C(C)CSCCCCCCC)CCCN(CCC(=O)OCCOC(=O)C(C)CSCCCCCCC)CCCN(CCC(=O)OCCOC(=O)C(C)CSCCCCCCC)CCCN(CCC(=O)OCCOC(=O)C(C)CSCCCCCCC)CCC(=O)OCCOC(=O)C(C)CSCCCCCCC,2.185099711203099
N(CCC(=O)OCCOC(=O)C(C)CSCCCCCCCC)(CCC(=O)OCCOC(=O)C(C)CSCCCCCCCC)CCCN(CCC(=O)OCCOC(=O)C(C)CSCCCCCCCC)CCCN(CCC(=O)OCCOC(=O)C(C)CSCCCCCCCC)CCC(=O)OCCOC(=O)C(C)CSCCCCCCCC,2.185099711203099
N(CCC(=O)OCCOC(=O)C(C)CSCCCCCCCC)(CCC(=O)OCCOC(=O)C(C)CSCCCCCCCC)CCN(CCC(=O)OCCOC(=O)C(C)CSCCCCCCCC)CCN(CCC(=O)OCCOC(=O)C(C)CSCCCCCCCC)CCNCCN(CCC(=O)OCCOC(=O)C(C)CSCCCCCCCC)CCC(=O)OCCOC(=O)C(C)CSCCCCCCCC,2.185099711203099
N(CCC(=O)OCCOC(=O)C(C)CSCCCCCCCCC)(CCC(=O)OCCOC(=O)C(C)CSCCCCCCCCC)CCCN(CCC(=O)OCCOC(=O)C(C)CSCCCCCCCCC)CCCNCCCN(CCC(=O)OCCOC(=O)C(C)CSCCCCCCCCC)CCC(=O)OCCOC(=O)C(C)CSCCCCCCCCC,2.185099711203099
N(CCC(=O)OCCOC(=O)C(C)CSCCCCCCCCCC)(CCC(=O)OCCOC(=O)C(C)CSCCCCCCCCCC)CCCN(C)CCCN(CCC(=O)OCCOC(=O)C(C)CSCCCCCCCCCC)(CCC(=O)OCCOC(=O)C(C)CSCCCCCCCCCC),2.185099711203099
N(CCC(=O)OCCOC(=O)C(C)CSCCCCCCCCCC)(CCC(=O)OCCOC(=O)C(C)CSCCCCCCCCCC)CCCN(CCC(=O)OCCOC(=O)C(C)CSCCCCCCCCCC)CCCN(CCC(=O)OCCOC(=O)C(C)CSCCCCCCCCCC)CCCN(CCC(=O)OCCOC(=O)C(C)CSCCCCCCCCCC)CCC(=O)OCCOC(=O)C(C)CSCCCCCCCCCC,2.185099711203099
N(CCN(CCC(=O)OCCOC(=O)C(C)CSCCCCCCCCCC)(CCC(=O)OCCOC(=O)C(C)CSCCCCCCCCCC))(CCN(CCC(=O)OCCOC(=O)C(C)CSCCCCCCCCCC)(CCC(=O)OCCOC(=O)C(C)CSCCCCCCCCCC))CCN(CCC(=O)OCCOC(=O)C(C)CSCCCCCCCCCC)CCC(=O)OCCOC(=O)C(C)CSCCCCCCCCCC,2.185099711203099
N(CCN(CCC(=O)OCCOC(=O)C(C)CSCCCCCCCCCCCC)(CCC(=O)OCCOC(=O)C(C)CSCCCCCCCCCCCC))(CCN(CCC(=O)OCCOC(=O)C(C)CSCCCCCCCCCCCC)(CCC(=O)OCCOC(=O)C(C)CSCCCCCCCCCCCC))CCN(CCC(=O)OCCOC(=O)C(C)CSCCCCCCCCCCCC)CCC(=O)OCCOC(=O)C(C)CSCCCCCCCCCCCC,2.185099711203099
N(CCC(=O)OCCOC(=O)C(C)CSCCCCCCCCCCCO)(CCC(=O)OCCOC(=O)C(C)CSCCCCCCCCCCCO)CCCN(C)CCCN(CCC(=O)OCCOC(=O)C(C)CSCCCCCCCCCCCO)(CCC(=O)OCCOC(=O)C(C)CSCCCCCCCCCCCO),2.185099711203099
N(CCC(=O)OCCOC(=O)C(C)CSCCN5CCCCC5)(CCC(=O)OCCOC(=O)C(C)CSCCN5CCCCC5)CCCN(CCC(=O)OCCOC(=O)C(C)CSCCN5CCCCC5)CCCN(CCC(=O)OCCOC(=O)C(C)CSCCN5CCCCC5)CCCN(CCC(=O)OCCOC(=O)C(C)CSCCN5CCCCC5)CCC(=O)OCCOC(=O)C(C)CSCCN5CCCCC5,2.185099711203099
CN(C)CCCN(CCC(=O)OCCOC(=O)C(C)CSCC(C)C)C,0.7683455245225306
N(CCN(CCC(=O)OCCOC(=O)C(C)CSCC(C)C)C)(CCN(CCC(=O)OCCOC(=O)C(C)CSCC(C)C)C)CCN(CCC(=O)OCCOC(=O)C(C)CSCC(C)C)C,0.7683455245225306
N(CCC(=O)OCCOC(=O)C(C)CSCC(C)C)(CCC(=O)OCCOC(=O)C(C)CSCC(C)C)CCCN(CCC(=O)OCCOC(=O)C(C)CSCC(C)C)CCCN(CCC(=O)OCCOC(=O)C(C)CSCC(C)C)CCC(=O)OCCOC(=O)C(C)CSCC(C)C,0.7683455245225306
N(CCC(=O)OCCOC(=O)C(C)CSCC(C)C)(CCC(=O)OCCOC(=O)C(C)CSCC(C)C)CCN(CCC(=O)OCCOC(=O)C(C)CSCC(C)C)CCN(CCC(=O)OCCOC(=O)C(C)CSCC(C)C)CCNCCN(CCC(=O)OCCOC(=O)C(C)CSCC(C)C)CCC(=O)OCCOC(=O)C(C)CSCC(C)C,0.7683455245225306
OCCN1CCN(CCC(=O)OCCOC(=O)C(C)CSCCC(C)C)CC1,0.7683455245225306
N(CCN(CCC(=O)OCCOC(=O)C(C)CSCCC(C)C)C)(CCN(CCC(=O)OCCOC(=O)C(C)CSCCC(C)C)C)CCN(CCC(=O)OCCOC(=O)C(C)CSCCC(C)C)C,0.7683455245225306
C1N(C)CCN(CCC(=O)OCCOC(=O)C(C)CSCCC(C)C)C1,0.7683455245225306
OCCN1CCN(CCC(=O)OCCOC(=O)C(C)CSCCC(C)C)CC1,0.7683455245225306
N(CCN(CCC(=O)OCCOC(=O)C(C)CSCCC(C)C)C)(CCN(CCC(=O)OCCOC(=O)C(C)CSCCC(C)C)C)CCN(CCC(=O)OCCOC(=O)C(C)CSCCC(C)C)C,0.7683455245225306
CCCCCCCCN(CCC(=O)OCCOC(=O)C(C)CSCCC(C)C)CCCCCCCC,0.7683455245225306
CCCCCCCCCCN(CCC(=O)OCCOC(=O)C(C)CSCCC(C)C)CCCCCCCCCC,0.7683455245225306
N(CCN(CCC(=O)OCCOC(=O)C(C)CSCCCC)(CCC(=O)OCCOC(=O)C(C)CSCCCC))(CCN(CCC(=O)OCCOC(=O)C(C)CSCCCC)(CCC(=O)OCCOC(=O)C(C)CSCCCC))CCNCCC(=O)OCCOC(=O)C(C)CSCCCC,0.7683455245225306
CCCCCCCCN(CCC(=O)OCCOC(=O)C(C)CSCCCC)CCCCCCCC,0.7683455245225306
CN(C)CCCN(CCC(=O)OCCOC(=O)C(C)CSCCCCC)C,0.7683455245225306
N(CCC(=O)OCCOC(=O)C(C)CSCCCCC)(CCC(=O)OCCOC(=O)C(C)CSCCCCC)CC1CCN(C)CC1,0.7683455245225306
CN(CCC(=O)OCCOC(=O)C(C)CSCCCCC)CCCN(C)CCCN(CCC(=O)OCCOC(=O)C(C)CSCCCCC)C,0.7683455245225306
c1c(CN(CCC(=O)OCCOC(=O)C(C)CSCCCCC)(CCC(=O)OCCOC(=O)C(C)CSCCCCC))ccc(CN(CCC(=O)OCCOC(=O)C(C)CSCCCCC)(CCC(=O)OCCOC(=O)C(C)CSCCCCC))c1,0.7683455245225306
N(CCC(=O)OCCOC(=O)C(C)CSCCCCCC)(CCC(=O)OCCOC(=O)C(C)CSCCCCCC)CCN1CCCCC1,0.7683455245225306
C1C(CCN(CCC(=O)OCCOC(=O)C(C)CSCCCCCC)(CCC(=O)OCCOC(=O)C(C)CSCCCCCC))CCN(CCC(=O)OCCOC(=O)C(C)CSCCCCCC)C1,0.7683455245225306
CN(CCC(=O)OCCOC(=O)C(C)CSCCCCCC)CCCCCCCCCCCC,0.7683455245225306
CCCCCCCCN(CCC(=O)OCCOC(=O)C(C)CSCCCCCC)CCC(=O)OCCOC(=O)C(C)CSCCCCCC,0.7683455245225306
CCCCCCCCCCN(CCC(=O)OCCOC(=O)C(C)CSCCCCCC)CCC(=O)OCCOC(=O)C(C)CSCCCCCC,0.7683455245225306
OCCN1CCN(CCC(=O)OCCOC(=O)C(C)CSCCCCCCC)CC1,0.7683455245225306
CN(C)CCN(CCC(=O)OCCOC(=O)C(C)CSCCCCCCC)C,0.7683455245225306
N(CCC(=O)OCCOC(=O)C(C)CSCCCCCCC)(CCC(=O)OCCOC(=O)C(C)CSCCCCCCC)CCC1N(C)CCC1,0.7683455245225306
CCCCCCCCCCN(CCC(=O)OCCOC(=O)C(C)CSCCCCCCC)CCCCCCCCCC,0.7683455245225306
CN(C)CCN1CCN(CCC(=O)OCCOC(=O)C(C)CSCCCCCCCC)CC1,0.7683455245225306
CN(C)CCN(CCC(=O)OCCOC(=O)C(C)CSCCCCCCCC)C,0.7683455245225306
N(CCC(=O)OCCOC(=O)C(C)CSCCCCCCCC)(CCC(=O)OCCOC(=O)C(C)CSCCCCCCCC)CCN1CCCCC1,0.7683455245225306
N(CCC(=O)OCCOC(=O)C(C)CSCCCCCCCC)(CCC(=O)OCCOC(=O)C(C)CSCCCCCCCC)CCN1CCOCC1,0.7683455245225306
N(CCC(=O)OCCOC(=O)C(C)CSCCCCCCCC)(CCC(=O)OCCOC(=O)C(C)CSCCCCCCCC)CCOCCOCCN(CCC(=O)OCCOC(=O)C(C)CSCCCCCCCC)CCC(=O)OCCOC(=O)C(C)CSCCCCCCCC,0.7683455245225306
CCCCCCCCN(CCC(=O)OCCOC(=O)C(C)CSCCCCCCCC)CCCCCCCC,0.7683455245225306
CCCCCCCCCCCCCCN(CCC(=O)OCCOC(=O)C(C)CSCCCCCCCC)CCC(=O)OCCOC(=O)C(C)CSCCCCCCCC,0.7683455245225306
CN(C)CCN1CCN(CCC(=O)OCCOC(=O)C(C)CSCCCCCCCCC)CC1,0.7683455245225306
C1C(CN(CCC(=O)OCCOC(=O)C(C)CSCCCCCCCCC)(CCC(=O)OCCOC(=O)C(C)CSCCCCCCCCC))CCN(CCC(=O)OCCOC(=O)C(C)CSCCCCCCCCC)C1,0.7683455245225306
CCCCCCCCCCCCCCN(CCC(=O)OCCOC(=O)C(C)CSCCCCCCCCC)CCC(=O)OCCOC(=O)C(C)CSCCCCCCCCC,0.7683455245225306
CCCCCCCCCCCCCCCCCCN(CCC(=O)OCCOC(=O)C(C)CSCCCCCCCCC)CCC(=O)OCCOC(=O)C(C)CSCCCCCCCCC,0.7683455245225306
N(CCC(=O)OCCOC(=O)C(C)CSCCCCCCCCCC)(CCC(=O)OCCOC(=O)C(C)CSCCCCCCCCCC)CCC1N(C)CCC1,0.7683455245225306
CCCCCCCCCCCCCCN(CCC(=O)OCCOC(=O)C(C)CSCCCCCCCCCC)CCC(=O)OCCOC(=O)C(C)CSCCCCCCCCCC,0.7683455245225306
CCCCCCCCCCCCCCCCN(CCC(=O)OCCOC(=O)C(C)CSCCCCCCCCCC)CCC(=O)OCCOC(=O)C(C)CSCCCCCCCCCC,0.7683455245225306
C1C(CN(CCC(=O)OCCOC(=O)C(C)CSCCCCCCCCCCC)(CCC(=O)OCCOC(=O)C(C)CSCCCCCCCCCCC))CCN(CCC(=O)OCCOC(=O)C(C)CSCCCCCCCCCCC)C1,0.7683455245225306
N(CCC(=O)OCCOC(=O)C(C)CSCCCCCCCCCCCC)(CCC(=O)OCCOC(=O)C(C)CSCCCCCCCCCCCC)CCc1ncccc1,0.7683455245225306
N(CCC(=O)OCCOC(=O)C(C)CSCCCCCCCCCCCC)(CCC(=O)OCCOC(=O)C(C)CSCCCCCCCCCCCC)CCOCCOCCN(CCC(=O)OCCOC(=O)C(C)CSCCCCCCCCCCCC)CCC(=O)OCCOC(=O)C(C)CSCCCCCCCCCCCC,0.7683455245225306
CCCCCCCCCCCCN(CCC(=O)OCCOC(=O)C(C)CSCCCCCCCCCCCC)CCC(=O)OCCOC(=O)C(C)CSCCCCCCCCCCCC,0.7683455245225306
c1c(CN(CCC(=O)OCCOC(=O)C(C)CSCCCCCCCCCCCCCC)(CCC(=O)OCCOC(=O)C(C)CSCCCCCCCCCCCCCC))ccc(CN(CCC(=O)OCCOC(=O)C(C)CSCCCCCCCCCCCCCC)(CCC(=O)OCCOC(=O)C(C)CSCCCCCCCCCCCCCC))c1,0.7683455245225306
N(CCC(=O)OCCOC(=O)C(C)CSCCCCCCCCCCCCCCCC)(CCC(=O)OCCOC(=O)C(C)CSCCCCCCCCCCCCCCCC)CCN1CCCCC1,0.7683455245225306
CN(CCC(=O)OCCOC(=O)C(C)CSCCCCCCCCCCCCCCCC)CCCN(C)CCCN(CCC(=O)OCCOC(=O)C(C)CSCCCCCCCCCCCCCCCC)C,0.7683455245225306
N(CCC(=O)OCCOC(=O)C(C)CSCCCCCCCCCCCCCCCC)(CCC(=O)OCCOC(=O)C(C)CSCCCCCCCCCCCCCCCC)CCCN(CCC(=O)OCCOC(=O)C(C)CSCCCCCCCCCCCCCCCC)CCCN(CCC(=O)OCCOC(=O)C(C)CSCCCCCCCCCCCCCCCC)CCCN(CCC(=O)OCCOC(=O)C(C)CSCCCCCCCCCCCCCCCC)CCC(=O)OCCOC(=O)C(C)CSCCCCCCCCCCCCCCCC,0.7683455245225306
CCCCCCCCCCCCCCCCCCN(CCC(=O)OCCOC(=O)C(C)CSCCCCCCCCCCCCCCCC)CCC(=O)OCCOC(=O)C(C)CSCCCCCCCCCCCCCCCC,0.7683455245225306
CN(CCC(=O)OCCOC(=O)C(C)CSCCc5ccccc5)CCCN(C)CCCN(CCC(=O)OCCOC(=O)C(C)CSCCc5ccccc5)C,0.7683455245225306
N(CCC(=O)OCCOC(=O)C(C)CSCCc5ccccc5)(CCC(=O)OCCOC(=O)C(C)CSCCc5ccccc5)CCCN(CCC(=O)OCCOC(=O)C(C)CSCCc5ccccc5)CCCN(CCC(=O)OCCOC(=O)C(C)CSCCc5ccccc5)CCC(=O)OCCOC(=O)C(C)CSCCc5ccccc5,0.7683455245225306
CCN(CCC(=O)OCCOC(=O)C(C)CSCCCCCC(O)=O)CCN(CCC(=O)OCCOC(=O)C(C)CSCCCCCC(O)=O)CC,0.7683455245225306
c1c(CN(CCC(=O)OCCOC(=O)C(C)CSCCCCCC(O)=O)(CCC(=O)OCCOC(=O)C(C)CSCCCCCC(O)=O))ccc(CN(CCC(=O)OCCOC(=O)C(C)CSCCCCCC(O)=O)(CCC(=O)OCCOC(=O)C(C)CSCCCCCC(O)=O))c1,0.7683455245225306
c1c(CN(CCC(=O)OCCOC(=O)C(C)CSCCCCCCCCCCC(O)=O)(CCC(=O)OCCOC(=O)C(C)CSCCCCCCCCCCC(O)=O))ccc(CN(CCC(=O)OCCOC(=O)C(C)CSCCCCCCCCCCC(O)=O)(CCC(=O)OCCOC(=O)C(C)CSCCCCCCCCCCC(O)=O))c1,0.7683455245225306
CCN(CCC(=O)OCCOC(=O)C(C)CSCCO)CCN(CCC(=O)OCCOC(=O)C(C)CSCCO)CC,0.7683455245225306
N(CCC(=O)OCCOC(=O)C(C)CSCC(O)CO)(CCC(=O)OCCOC(=O)C(C)CSCC(O)CO)CCCN1CCN(C)CC1,0.7683455245225306
N(CCC(=O)OCCOC(=O)C(C)CSCC(O)CO)(CCC(=O)OCCOC(=O)C(C)CSCC(O)CO)CCN1CCCCC1,0.7683455245225306
N(CCC(=O)OCCOC(=O)C(C)CSCCCO)(CCC(=O)OCCOC(=O)C(C)CSCCCO)CCCN1C=NC=C1,0.7683455245225306
CCN(CCC(=O)OCCOC(=O)C(C)CSCCCO)CCN(CCC(=O)OCCOC(=O)C(C)CSCCCO)CC,0.7683455245225306
N(CCC(=O)OCCOC(=O)C(C)CSCCCO)(CCC(=O)OCCOC(=O)C(C)CSCCCO)CCCN1CCN(CCCN(CCC(=O)OCCOC(=O)C(C)CSCCCO)(CCC(=O)OCCOC(=O)C(C)CSCCCO))CC1,0.7683455245225306
N(CCC(=O)OCCOC(=O)C(C)CSCCCO)(CCC(=O)OCCOC(=O)C(C)CSCCCO)CCCN(C)CCCN(CCC(=O)OCCOC(=O)C(C)CSCCCO)(CCC(=O)OCCOC(=O)C(C)CSCCCO),0.7683455245225306
N(CCN(CCC(=O)OCCOC(=O)C(C)CSCCCO)(CCC(=O)OCCOC(=O)C(C)CSCCCO))(CCN(CCC(=O)OCCOC(=O)C(C)CSCCCO)(CCC(=O)OCCOC(=O)C(C)CSCCCO))CCNCCC(=O)OCCOC(=O)C(C)CSCCCO,0.7683455245225306
N(CCN(CCC(=O)OCCOC(=O)C(C)CSCCCO)(CCC(=O)OCCOC(=O)C(C)CSCCCO))(CCN(CCC(=O)OCCOC(=O)C(C)CSCCCO)(CCC(=O)OCCOC(=O)C(C)CSCCCO))CCN(CCC(=O)OCCOC(=O)C(C)CSCCCO)CCC(=O)OCCOC(=O)C(C)CSCCCO,0.7683455245225306
N(CCC(=O)OCCOC(=O)C(C)CSCCCCO)(CCC(=O)OCCOC(=O)C(C)CSCCCCO)CCNCCN(CCC(=O)OCCOC(=O)C(C)CSCCCCO)CCNCCN(CCC(=O)OCCOC(=O)C(C)CSCCCCO)CCC(=O)OCCOC(=O)C(C)CSCCCCO,0.7683455245225306
CCCCCCCCCCN(CCC(=O)OCCOC(=O)C(C)CSCCCCO)CCC(=O)OCCOC(=O)C(C)CSCCCCO,0.7683455245225306
N(CCC(=O)OCCOC(=O)C(C)CSCCCCCCCCCCCO)(CCC(=O)OCCOC(=O)C(C)CSCCCCCCCCCCCO)CCCN(CCC(=O)OCCOC(=O)C(C)CSCCCCCCCCCCCO)CCCNCCCN(CCC(=O)OCCOC(=O)C(C)CSCCCCCCCCCCCO)CCC(=O)OCCOC(=O)C(C)CSCCCCCCCCCCCO,0.7683455245225306
CN(CCC(=O)OCCOC(=O)C(C)CSCCN(C)C)CCOCCN(CCC(=O)OCCOC(=O)C(C)CSCCN(C)C)C,0.7683455245225306
N(CCN(CCC(=O)OCCOC(=O)C(C)CSCCNCCCC)(CCC(=O)OCCOC(=O)C(C)CSCCNCCCC))(CCN(CCC(=O)OCCOC(=O)C(C)CSCCNCCCC)(CCC(=O)OCCOC(=O)C(C)CSCCNCCCC))CCNCCC(=O)OCCOC(=O)C(C)CSCCNCCCC,0.7683455245225306
N(CCC(=O)OCCOC(=O)C(C)CSCCN(CC)CC)(CCC(=O)OCCOC(=O)C(C)CSCCN(CC)CC)CCc1ncccc1,0.7683455245225306
CCCCCCCCCCCCCCCCN(CCC(=O)OCCOC(=O)C(C)CSCCN(CC)CC)CCC(=O)OCCOC(=O)C(C)CSCCN(CC)CC,0.7683455245225306
N(CCC(=O)OCCOC(=O)C(C)CSCCN5CCCC5)(CCC(=O)OCCOC(=O)C(C)CSCCN5CCCC5)CCN1CCCCC1,0.7683455245225306
CCCCCCCCCCCCCCCCN(CCC(=O)OCCOC(=O)C(C)CSCCN5CCCC5)CCC(=O)OCCOC(=O)C(C)CSCCN5CCCC5,0.7683455245225306
N(CCC(=O)OCCOC(=O)C(C)CSCCN5CCCCC5)(CCC(=O)OCCOC(=O)C(C)CSCCN5CCCCC5)CCc1ncccc1,0.7683455245225306
N(CCC(=O)OCCOC(=O)C(C)CSCCN5CCCCC5)(CCC(=O)OCCOC(=O)C(C)CSCCN5CCCCC5)CCN1CCCC1,0.7683455245225306
CN(CCC(=O)OCCOC(=O)C(C)CSCCN5CCCCC5)CCOCCN(CCC(=O)OCCOC(=O)C(C)CSCCN5CCCCC5)C,0.7683455245225306
N(CCC(=O)OCCOC(=O)C(C)CSCCN5CCCCC5)(CCC(=O)OCCOC(=O)C(C)CSCCN5CCCCC5)CCCN(CCC(=O)OCCOC(=O)C(C)CSCCN5CCCCC5)CCCN(CCC(=O)OCCOC(=O)C(C)CSCCN5CCCCC5)CCC(=O)OCCOC(=O)C(C)CSCCN5CCCCC5,0.7683455245225306
N(CCC(=O)OCCOC(=O)C(C)CSCCN5CCCCC5)(CCC(=O)OCCOC(=O)C(C)CSCCN5CCCCC5)CCN(CCC(=O)OCCOC(=O)C(C)CSCCN5CCCCC5)CCN(CCC(=O)OCCOC(=O)C(C)CSCCN5CCCCC5)CCNCCN(CCC(=O)OCCOC(=O)C(C)CSCCN5CCCCC5)CCC(=O)OCCOC(=O)C(C)CSCCN5CCCCC5,0.7683455245225306
CCCCCCCCCCCCCCN(CCC(=O)OCCOC(=O)C(C)CSCCN5CCCCC5)CCC(=O)OCCOC(=O)C(C)CSCCN5CCCCC5,0.7683455245225306
CN(CCC(=O)OCCOC(=O)C(C)CSCCN5CCCCCC5)CCOCCN(CCC(=O)OCCOC(=O)C(C)CSCCN5CCCCCC5)C,0.7683455245225306
N(CCC(=O)OCCOC(=O)C(C)CSCCN5CCCCCC5)(CCC(=O)OCCOC(=O)C(C)CSCCN5CCCCCC5)CCN(CCC(=O)OCCOC(=O)C(C)CSCCN5CCCCCC5)CCN(CCC(=O)OCCOC(=O)C(C)CSCCN5CCCCCC5)CCNCCN(CCC(=O)OCCOC(=O)C(C)CSCCN5CCCCCC5)CCC(=O)OCCOC(=O)C(C)CSCCN5CCCCCC5,0.7683455245225306
N(CCC(=O)OCCOC(=O)C(C)CSCCN(CCCC)CCCC)(CCC(=O)OCCOC(=O)C(C)CSCCN(CCCC)CCCC)CCOCCOCCN(CCC(=O)OCCOC(=O)C(C)CSCCN(CCCC)CCCC)CCC(=O)OCCOC(=O)C(C)CSCCN(CCCC)CCCC,0.7683455245225306
C1N(C)CCN(CCC(=O)OCCOC(=O)C(C)CSCCCC(=O)N5CCN(CCO)CC5)C1,0.7683455245225306
CCCCCCCCCCN(CCC(=O)OCCOC(=O)C(C)CSCCCC(=O)N(C)CCCN(C)C)CCC(=O)OCCOC(=O)C(C)CSCCCC(=O)N(C)CCCN(C)C,0.7683455245225306
N(CCC(=O)OCCOC(=O)C(C)CSCCCC(=O)N(C)CCN5(CCCCC5))(CCC(=O)OCCOC(=O)C(C)CSCCCC(=O)N(C)CCN5(CCCCC5))CC1CCN(C)CC1,0.7683455245225306
CN(CCC(=O)OCCOC(=O)C(C)CSCCCC(=O)N(C)CCN5(CCCCC5))CCCN(C)CCCN(CCC(=O)OCCOC(=O)C(C)CSCCCC(=O)N(C)CCN5(CCCCC5))C,0.7683455245225306
N(CCN(CCC(=O)OCCOC(=O)C(C)CSCCCC(=O)N(C)CCN5(CCCCC5))C)(CCN(CCC(=O)OCCOC(=O)C(C)CSCCCC(=O)N(C)CCN5(CCCCC5))C)CCN(CCC(=O)OCCOC(=O)C(C)CSCCCC(=O)N(C)CCN5(CCCCC5))C,0.7683455245225306
CCCCCCCCCCCCCCN(CCC(=O)OCCOC(=O)C(C)CSCCCC(=O)N(C)CCN5(CCCCC5))CCC(=O)OCCOC(=O)C(C)CSCCCC(=O)N(C)CCN5(CCCCC5),0.7683455245225306
N(CCC(=O)OCCOC(=O)C(C)CSCC(C)C)(CCC(=O)OCCOC(=O)C(C)CSCC(C)C)CCN1CCOCC1,-0.6484086621580379
CN(CCC(=O)OCCOC(=O)C(C)CSCC(C)C)CCOCCN(CCC(=O)OCCOC(=O)C(C)CSCC(C)C)C,-0.6484086621580379
CCCCCCCCCCCCCCCCN(CCC(=O)OCCOC(=O)C(C)CSCC(C)C)CCC(=O)OCCOC(=O)C(C)CSCC(C)C,-0.6484086621580379
N(CCC(=O)OCCOC(=O)C(C)CSCCC(C)C)(CCC(=O)OCCOC(=O)C(C)CSCCC(C)C)CC1CCN(C)CC1,-0.6484086621580379
N(CCC(=O)OCCOC(=O)C(C)CSCCC(C)C)(CCC(=O)OCCOC(=O)C(C)CSCCC(C)C)CCCN1C=NC=C1,-0.6484086621580379
N(CCC(=O)OCCOC(=O)C(C)CSCCC(C)C)(CCC(=O)OCCOC(=O)C(C)CSCCC(C)C)CCN(C)C,-0.6484086621580379
C1C(CN(CCC(=O)OCCOC(=O)C(C)CSCCC(C)C)(CCC(=O)OCCOC(=O)C(C)CSCCC(C)C))CCN(CCC(=O)OCCOC(=O)C(C)CSCCC(C)C)C1,-0.6484086621580379
CCCCCCCCN(CCC(=O)OCCOC(=O)C(C)CSCCC(C)C)CCCCCCCC,-0.6484086621580379
CCCCCCCCCCN(CCC(=O)OCCOC(=O)C(C)CSCCC(C)C)CCCCCCCCCC,-0.6484086621580379
N(CCC(=O)OCCOC(=O)C(C)CSCCC(C)C)(CCC(=O)OCCOC(=O)C(C)CSCCC(C)C)CC1CCN(C)CC1,-0.6484086621580379
N(CCC(=O)OCCOC(=O)C(C)CSCCC(C)C)(CCC(=O)OCCOC(=O)C(C)CSCCC(C)C)CCCN1C=NC=C1,-0.6484086621580379
N(CCC(=O)OCCOC(=O)C(C)CSCCC(C)C)(CCC(=O)OCCOC(=O)C(C)CSCCC(C)C)CCN(C)C,-0.6484086621580379
C1C(CN(CCC(=O)OCCOC(=O)C(C)CSCCC(C)C)(CCC(=O)OCCOC(=O)C(C)CSCCC(C)C))CCN(CCC(=O)OCCOC(=O)C(C)CSCCC(C)C)C1,-0.6484086621580379
N(CCC(=O)OCCOC(=O)C(C)CSCCCC)(CCC(=O)OCCOC(=O)C(C)CSCCCC)CCCN1C=NC=C1,-0.6484086621580379
CCN(CCC(=O)OCCOC(=O)C(C)CSCCCCC)CCN(CCC(=O)OCCOC(=O)C(C)CSCCCCC)CC,-0.6484086621580379
CN(C)CCCN(CCC(=O)OCCOC(=O)C(C)CSCCCCCC)C,-0.6484086621580379
N(CCC(=O)OCCOC(=O)C(C)CSCCCCCC)(CCC(=O)OCCOC(=O)C(C)CSCCCCCC)CCC1N(C)CCC1,-0.6484086621580379
N(CCC(=O)OCCOC(=O)C(C)CSCCCCCC)(CCC(=O)OCCOC(=O)C(C)CSCCCCCC)CCN1CCOCC1,-0.6484086621580379
c1c(CN(CCC(=O)OCCOC(=O)C(C)CSCCCCCC)(CCC(=O)OCCOC(=O)C(C)CSCCCCCC))ccc(CN(CCC(=O)OCCOC(=O)C(C)CSCCCCCC)(CCC(=O)OCCOC(=O)C(C)CSCCCCCC))c1,-0.6484086621580379
N(CCC(=O)OCCOC(=O)C(C)CSCCCCCCC)(CCC(=O)OCCOC(=O)C(C)CSCCCCCCC)CCN1CCCCC1,-0.6484086621580379
N(CCC(=O)OCCOC(=O)C(C)CSCCCCCCC)(CCC(=O)OCCOC(=O)C(C)CSCCCCCCC)CCc1ncccc1,-0.6484086621580379
N(CCC(=O)OCCOC(=O)C(C)CSCCCCCCC)(CCC(=O)OCCOC(=O)C(C)CSCCCCCCC)CCN1CCCC1,-0.6484086621580379
CN(CCC(=O)OCCOC(=O)C(C)CSCCCCCCC)CCOCCN(CCC(=O)OCCOC(=O)C(C)CSCCCCCCC)C,-0.6484086621580379
C1N(C)CCN(CCC(=O)OCCOC(=O)C(C)CSCCCCCCCCC)C1,-0.6484086621580379
N(CCC(=O)OCCOC(=O)C(C)CSCCCCCCCCC)(CCC(=O)OCCOC(=O)C(C)CSCCCCCCCCC)CCN1CCCCC1,-0.6484086621580379
N(CCC(=O)OCCOC(=O)C(C)CSCCCCCCCCC)(CCC(=O)OCCOC(=O)C(C)CSCCCCCCCCC)CCN1CCOCC1,-0.6484086621580379
CCN(CCC(=O)OCCOC(=O)C(C)CSCCCCCCCCC)CCN(CCC(=O)OCCOC(=O)C(C)CSCCCCCCCCC)CC,-0.6484086621580379
CN(CCC(=O)OCCOC(=O)C(C)CSCCCCCCCCC)CCCN(C)CCCN(CCC(=O)OCCOC(=O)C(C)CSCCCCCCCCC)C,-0.6484086621580379
CN(C)CCN(CCC(=O)OCCOC(=O)C(C)CSCCCCCCCCCC)C,-0.6484086621580379
N(CCC(=O)OCCOC(=O)C(C)CSCCCCCCCCCC)(CCC(=O)OCCOC(=O)C(C)CSCCCCCCCCCC)CCc1ncccc1,-0.6484086621580379
CCCCCCCCCCCCCCCCCCN(CCC(=O)OCCOC(=O)C(C)CSCCCCCCCCCC)CCC(=O)OCCOC(=O)C(C)CSCCCCCCCCCC,-0.6484086621580379
CCN(CCC(=O)OCCOC(=O)C(C)CSCCCCCCCCCCC)CCN(CCC(=O)OCCOC(=O)C(C)CSCCCCCCCCCCC)CC,-0.6484086621580379
CN(CCC(=O)OCCOC(=O)C(C)CSCCCCCCCCCCC)CCCN(C)CCCN(CCC(=O)OCCOC(=O)C(C)CSCCCCCCCCCCC)C,-0.6484086621580379
CN(CCC(=O)OCCOC(=O)C(C)CSCCCCCCCCCCC)CCCCCCCCCCCC,-0.6484086621580379
CCCCCCCCCCN(CCC(=O)OCCOC(=O)C(C)CSCCCCCCCCCCC)CCCCCCCCCC,-0.6484086621580379
CCCCCCCCN(CCC(=O)OCCOC(=O)C(C)CSCCCCCCCCCCC)CCC(=O)OCCOC(=O)C(C)CSCCCCCCCCCCC,-0.6484086621580379
CCCCCCCCCCN(CCC(=O)OCCOC(=O)C(C)CSCCCCCCCCCCC)CCC(=O)OCCOC(=O)C(C)CSCCCCCCCCCCC,-0.6484086621580379
CCCCCCCCCCCCCCCCN(CCC(=O)OCCOC(=O)C(C)CSCCCCCCCCCCC)CCC(=O)OCCOC(=O)C(C)CSCCCCCCCCCCC,-0.6484086621580379
OCCN1CCN(CCC(=O)OCCOC(=O)C(C)CSCCCCCCCCCCCC)CC1,-0.6484086621580379
N(CCC(=O)OCCOC(=O)C(C)CSCCCCCCCCCCCC)(CCC(=O)OCCOC(=O)C(C)CSCCCCCCCCCCCC)CCN1CCCCC1,-0.6484086621580379
N(CCC(=O)OCCOC(=O)C(C)CSCCCCCCCCCCCC)(CCC(=O)OCCOC(=O)C(C)CSCCCCCCCCCCCC)CCN1CCOCC1,-0.6484086621580379
N(CCC(=O)OCCOC(=O)C(C)CSCCCCCCCCCCCC)(CCC(=O)OCCOC(=O)C(C)CSCCCCCCCCCCCC)CCCN1C=NC=C1,-0.6484086621580379
C1C(CN(CCC(=O)OCCOC(=O)C(C)CSCCCCCCCCCCCCCC)(CCC(=O)OCCOC(=O)C(C)CSCCCCCCCCCCCCCC))CCN(CCC(=O)OCCOC(=O)C(C)CSCCCCCCCCCCCCCC)C1,-0.6484086621580379
OCCN(CCC(=O)OCCOC(=O)C(C)CSCCCCCCCCCCCCCC)CCCN(CCC(=O)OCCOC(=O)C(C)CSCCCCCCCCCCCCCC)CCC(=O)OCCOC(=O)C(C)CSCCCCCCCCCCCCCC,-0.6484086621580379
N(CCC(=O)OCCOC(=O)C(C)CSCCCCCCCCCCCCCC)(CCC(=O)OCCOC(=O)C(C)CSCCCCCCCCCCCCCC)CCCN1CCN(CCCN(CCC(=O)OCCOC(=O)C(C)CSCCCCCCCCCCCCCC)(CCC(=O)OCCOC(=O)C(C)CSCCCCCCCCCCCCCC))CC1,-0.6484086621580379
CCCCCCCCN(CCC(=O)OCCOC(=O)C(C)CSCCCCCCCCCCCCCC)CCC(=O)OCCOC(=O)C(C)CSCCCCCCCCCCCCCC,-0.6484086621580379
CN(C)CCN(CCC(=O)OCCOC(=O)C(C)CSCCCCCCCCCCCCCCCC)C,-0.6484086621580379
N(CCC(=O)OCCOC(=O)C(C)CSCCCCCCCCCCCCCCCC)(CCC(=O)OCCOC(=O)C(C)CSCCCCCCCCCCCCCCCC)CCN1CCCC1,-0.6484086621580379
N(CCC(=O)OCCOC(=O)C(C)CSCCCCCCCCCCCCCCCC)(CCC(=O)OCCOC(=O)C(C)CSCCCCCCCCCCCCCCCC)CCC1N(C)CCC1,-0.6484086621580379
N(CCC(=O)OCCOC(=O)C(C)CSCCCCCCCCCCCCCCCC)(CCC(=O)OCCOC(=O)C(C)CSCCCCCCCCCCCCCCCC)CCN1CCOCC1,-0.6484086621580379
C1C(CCN(CCC(=O)OCCOC(=O)C(C)CSCCCCCCCCCCCCCCCC)(CCC(=O)OCCOC(=O)C(C)CSCCCCCCCCCCCCCCCC))CCN(CCC(=O)OCCOC(=O)C(C)CSCCCCCCCCCCCCCCCC)C1,-0.6484086621580379
N(CCC(=O)OCCOC(=O)C(C)CSCCCCCCCCCCCCCCCC)(CCC(=O)OCCOC(=O)C(C)CSCCCCCCCCCCCCCCCC)CCCN1CCN(CCCN(CCC(=O)OCCOC(=O)C(C)CSCCCCCCCCCCCCCCCC)(CCC(=O)OCCOC(=O)C(C)CSCCCCCCCCCCCCCCCC))CC1,-0.6484086621580379
N(CCC(=O)OCCOC(=O)C(C)CSCCCCCCCCCCCCCCCC)(CCC(=O)OCCOC(=O)C(C)CSCCCCCCCCCCCCCCCC)CCCN(C)CCCN(CCC(=O)OCCOC(=O)C(C)CSCCCCCCCCCCCCCCCC)(CCC(=O)OCCOC(=O)C(C)CSCCCCCCCCCCCCCCCC),-0.6484086621580379
N(CCC(=O)OCCOC(=O)C(C)CSCCCCCCCCCCCCCCCC)(CCC(=O)OCCOC(=O)C(C)CSCCCCCCCCCCCCCCCC)CCOCCOCCN(CCC(=O)OCCOC(=O)C(C)CSCCCCCCCCCCCCCCCC)CCC(=O)OCCOC(=O)C(C)CSCCCCCCCCCCCCCCCC,-0.6484086621580379
CN(CCC(=O)OCCOC(=O)C(C)CSCCCCCCCCCCCCCCCC)CCCCCCCCCCCC,-0.6484086621580379
CCCCCCCCN(CCC(=O)OCCOC(=O)C(C)CSCCCCCCCCCCCCCCCC)CCCCCCCC,-0.6484086621580379
CCCCCCCCN(CCC(=O)OCCOC(=O)C(C)CSCCCCCCCCCCCCCCCC)CCC(=O)OCCOC(=O)C(C)CSCCCCCCCCCCCCCCCC,-0.6484086621580379
CN(C)CCN1CCN(CCC(=O)OCCOC(=O)C(C)CSCCCCCCCCCCCCCCCCCC)CC1,-0.6484086621580379
CN(C)CCN(CCC(=O)OCCOC(=O)C(C)CSCCCCCCCCCCCCCCCCCC)C,-0.6484086621580379
N(CCC(=O)OCCOC(=O)C(C)CSCCCCCCCCCCCCCCCCCC)(CCC(=O)OCCOC(=O)C(C)CSCCCCCCCCCCCCCCCCCC)CCc1ncccc1,-0.6484086621580379
N(CCC(=O)OCCOC(=O)C(C)CSCCCCCCCCCCCCCCCCCC)(CCC(=O)OCCOC(=O)C(C)CSCCCCCCCCCCCCCCCCCC)CCN1CCCC1,-0.6484086621580379
CCN(CCC(=O)OCCOC(=O)C(C)CSCCCCCCCCCCCCCCCCCC)CCN(CCC(=O)OCCOC(=O)C(C)CSCCCCCCCCCCCCCCCCCC)CC,-0.6484086621580379
CCCCCCCCN(CCC(=O)OCCOC(=O)C(C)CSCCCCCCCCCCCCCCCCCC)CCCCCCCC,-0.6484086621580379
CCCCCCCCCCN(CCC(=O)OCCOC(=O)C(C)CSCCCCCCCCCCCCCCCCCC)CCCCCCCCCC,-0.6484086621580379
N(CCC(=O)OCCOC(=O)C(C)CSCCc5ccccc5)(CCC(=O)OCCOC(=O)C(C)CSCCc5ccccc5)CCC1N(C)CCC1,-0.6484086621580379
N(CCC(=O)OCCOC(=O)C(C)CSCCc5ccccc5)(CCC(=O)OCCOC(=O)C(C)CSCCc5ccccc5)CCN1CCOCC1,-0.6484086621580379
N(CCC(=O)OCCOC(=O)C(C)CSCCc5ccccc5)(CCC(=O)OCCOC(=O)C(C)CSCCc5ccccc5)CCNCCN(CCC(=O)OCCOC(=O)C(C)CSCCc5ccccc5)CCNCCN(CCC(=O)OCCOC(=O)C(C)CSCCc5ccccc5)CCC(=O)OCCOC(=O)C(C)CSCCc5ccccc5,-0.6484086621580379
N(CCC(=O)OCCOC(=O)C(C)CSCCc5ccccc5)(CCC(=O)OCCOC(=O)C(C)CSCCc5ccccc5)CCCN(CCC(=O)OCCOC(=O)C(C)CSCCc5ccccc5)CCCN(CCC(=O)OCCOC(=O)C(C)CSCCc5ccccc5)CCCN(CCC(=O)OCCOC(=O)C(C)CSCCc5ccccc5)CCC(=O)OCCOC(=O)C(C)CSCCc5ccccc5,-0.6484086621580379
N(CCN(CCC(=O)OCCOC(=O)C(C)CSCCc5ccccc5)(CCC(=O)OCCOC(=O)C(C)CSCCc5ccccc5))(CCN(CCC(=O)OCCOC(=O)C(C)CSCCc5ccccc5)(CCC(=O)OCCOC(=O)C(C)CSCCc5ccccc5))CCN(CCC(=O)OCCOC(=O)C(C)CSCCc5ccccc5)CCC(=O)OCCOC(=O)C(C)CSCCc5ccccc5,-0.6484086621580379
CCCCCCCCCCN(CCC(=O)OCCOC(=O)C(C)CSCCc5ccccc5)CCC(=O)OCCOC(=O)C(C)CSCCc5ccccc5,-0.6484086621580379
C1N(C)CCN(CCC(=O)OCCOC(=O)C(C)CSCCC(O)=O)C1,-0.6484086621580379
CN(C)CCN(CCC(=O)OCCOC(=O)C(C)CSCCC(O)=O)C,-0.6484086621580379
CN(C)CCCN(CCC(=O)OCCOC(=O)C(C)CSCCC(O)=O)C,-0.6484086621580379
C1C(CCN(CCC(=O)OCCOC(=O)C(C)CSCCC(O)=O)(CCC(=O)OCCOC(=O)C(C)CSCCC(O)=O))CCN(CCC(=O)OCCOC(=O)C(C)CSCCC(O)=O)C1,-0.6484086621580379
N(CCC(=O)OCCOC(=O)C(C)CSCCC(O)=O)(CCC(=O)OCCOC(=O)C(C)CSCCC(O)=O)CCCN1CCN(CCCN(CCC(=O)OCCOC(=O)C(C)CSCCC(O)=O)(CCC(=O)OCCOC(=O)C(C)CSCCC(O)=O))CC1,-0.6484086621580379
N(CCC(=O)OCCOC(=O)C(C)CSCCC(O)=O)(CCC(=O)OCCOC(=O)C(C)CSCCC(O)=O)CCCN(CCC(=O)OCCOC(=O)C(C)CSCCC(O)=O)CCCN(CCC(=O)OCCOC(=O)C(C)CSCCC(O)=O)CCC(=O)OCCOC(=O)C(C)CSCCC(O)=O,-0.6484086621580379
N(CCC(=O)OCCOC(=O)C(C)CSCCC(O)=O)(CCC(=O)OCCOC(=O)C(C)CSCCC(O)=O)CCCN(CCC(=O)OCCOC(=O)C(C)CSCCC(O)=O)CCCN(CCC(=O)OCCOC(=O)C(C)CSCCC(O)=O)CCCN(CCC(=O)OCCOC(=O)C(C)CSCCC(O)=O)CCC(=O)OCCOC(=O)C(C)CSCCC(O)=O,-0.6484086621580379
N(CCN(CCC(=O)OCCOC(=O)C(C)CSCCC(O)=O)(CCC(=O)OCCOC(=O)C(C)CSCCC(O)=O))(CCN(CCC(=O)OCCOC(=O)C(C)CSCCC(O)=O)(CCC(=O)OCCOC(=O)C(C)CSCCC(O)=O))CCN(CCC(=O)OCCOC(=O)C(C)CSCCC(O)=O)CCC(=O)OCCOC(=O)C(C)CSCCC(O)=O,-0.6484086621580379
CN(C)CCN1CCN(CCC(=O)OCCOC(=O)C(C)CSCCCCCC(O)=O)CC1,-0.6484086621580379
CCCCCCCCCCN(CCC(=O)OCCOC(=O)C(C)CSCCCCCC(O)=O)CCCCCCCCCC,-0.6484086621580379
CCCCCCCCCCCCN(CCC(=O)OCCOC(=O)C(C)CSCCCCCC(O)=O)CCC(=O)OCCOC(=O)C(C)CSCCCCCC(O)=O,-0.6484086621580379
N(CCC(=O)OCCOC(=O)C(C)CSCCCCCCCCCCC(O)=O)(CCC(=O)OCCOC(=O)C(C)CSCCCCCCCCCCC(O)=O)CC1CCN(C)CC1,-0.6484086621580379
N(CCC(=O)OCCOC(=O)C(C)CSCCCCCCCCCCC(O)=O)(CCC(=O)OCCOC(=O)C(C)CSCCCCCCCCCCC(O)=O)CCCN1C=NC=C1,-0.6484086621580379
CCN(CCC(=O)OCCOC(=O)C(C)CSCCCCCCCCCCC(O)=O)CCN(CCC(=O)OCCOC(=O)C(C)CSCCCCCCCCCCC(O)=O)CC,-0.6484086621580379
CN(CCC(=O)OCCOC(=O)C(C)CSCCCCCCCCCCC(O)=O)CCOCCN(CCC(=O)OCCOC(=O)C(C)CSCCCCCCCCCCC(O)=O)C,-0.6484086621580379
C1C(CN(CCC(=O)OCCOC(=O)C(C)CSCCCCCCCCCCC(O)=O)(CCC(=O)OCCOC(=O)C(C)CSCCCCCCCCCCC(O)=O))CCN(CCC(=O)OCCOC(=O)C(C)CSCCCCCCCCCCC(O)=O)C1,-0.6484086621580379
OCCN(CCC(=O)OCCOC(=O)C(C)CSCCCCCCCCCCC(O)=O)CCCN(CCC(=O)OCCOC(=O)C(C)CSCCCCCCCCCCC(O)=O)CCC(=O)OCCOC(=O)C(C)CSCCCCCCCCCCC(O)=O,-0.6484086621580379
N(CCN(CCC(=O)OCCOC(=O)C(C)CSCCCCCCCCCCC(O)=O)C)(CCN(CCC(=O)OCCOC(=O)C(C)CSCCCCCCCCCCC(O)=O)C)CCN(CCC(=O)OCCOC(=O)C(C)CSCCCCCCCCCCC(O)=O)C,-0.6484086621580379
N(CCC(=O)OCCOC(=O)C(C)CSCCCCCCCCCCC(O)=O)(CCC(=O)OCCOC(=O)C(C)CSCCCCCCCCCCC(O)=O)CCN(CCC(=O)OCCOC(=O)C(C)CSCCCCCCCCCCC(O)=O)CCN(CCC(=O)OCCOC(=O)C(C)CSCCCCCCCCCCC(O)=O)CCNCCN(CCC(=O)OCCOC(=O)C(C)CSCCCCCCCCCCC(O)=O)CCC(=O)OCCOC(=O)C(C)CSCCCCCCCCCCC(O)=O,-0.6484086621580379
N(CCC(=O)OCCOC(=O)C(C)CSCCO)(CCC(=O)OCCOC(=O)C(C)CSCCO)CCN1CCOCC1,-0.6484086621580379
C1C(CCN(CCC(=O)OCCOC(=O)C(C)CSCCO)(CCC(=O)OCCOC(=O)C(C)CSCCO))CCN(CCC(=O)OCCOC(=O)C(C)CSCCO)C1,-0.6484086621580379
OCCN(CCC(=O)OCCOC(=O)C(C)CSCCO)CCCN(CCC(=O)OCCOC(=O)C(C)CSCCO)CCC(=O)OCCOC(=O)C(C)CSCCO,-0.6484086621580379
N(CCN(CCC(=O)OCCOC(=O)C(C)CSCCO)C)(CCN(CCC(=O)OCCOC(=O)C(C)CSCCO)C)CCN(CCC(=O)OCCOC(=O)C(C)CSCCO)C,-0.6484086621580379
N(CCC(=O)OCCOC(=O)C(C)CSCCO)(CCC(=O)OCCOC(=O)C(C)CSCCO)CCNCCN(CCC(=O)OCCOC(=O)C(C)CSCCO)CCNCCN(CCC(=O)OCCOC(=O)C(C)CSCCO)CCC(=O)OCCOC(=O)C(C)CSCCO,-0.6484086621580379
N(CCC(=O)OCCOC(=O)C(C)CSCCO)(CCC(=O)OCCOC(=O)C(C)CSCCO)CCCN(CCC(=O)OCCOC(=O)C(C)CSCCO)CCCNCCCN(CCC(=O)OCCOC(=O)C(C)CSCCO)CCC(=O)OCCOC(=O)C(C)CSCCO,-0.6484086621580379
CCCCCCCCN(CCC(=O)OCCOC(=O)C(C)CSCCO)CCCCCCCC,-0.6484086621580379
CCCCCCCCN(CCC(=O)OCCOC(=O)C(C)CSCCO)CCC(=O)OCCOC(=O)C(C)CSCCO,-0.6484086621580379
CCCCCCCCCCCCCCN(CCC(=O)OCCOC(=O)C(C)CSCCO)CCC(=O)OCCOC(=O)C(C)CSCCO,-0.6484086621580379
CN(C)CCN(CCC(=O)OCCOC(=O)C(C)CSCC(O)CO)C,-0.6484086621580379
N(CCC(=O)OCCOC(=O)C(C)CSCC(O)CO)(CCC(=O)OCCOC(=O)C(C)CSCC(O)CO)CCCN1C=NC=C1,-0.6484086621580379
N(CCC(=O)OCCOC(=O)C(C)CSCC(O)CO)(CCC(=O)OCCOC(=O)C(C)CSCC(O)CO)CCN(C)C,-0.6484086621580379
CN(CCC(=O)OCCOC(=O)C(C)CSCC(O)CO)CCOCCN(CCC(=O)OCCOC(=O)C(C)CSCC(O)CO)C,-0.6484086621580379
N(CCC(=O)OCCOC(=O)C(C)CSCC(O)CO)(CCC(=O)OCCOC(=O)C(C)CSCC(O)CO)CCCN(C)CCCN(CCC(=O)OCCOC(=O)C(C)CSCC(O)CO)(CCC(=O)OCCOC(=O)C(C)CSCC(O)CO),-0.6484086621580379
N(CCN(CCC(=O)OCCOC(=O)C(C)CSCC(O)CO)(CCC(=O)OCCOC(=O)C(C)CSCC(O)CO))(CCN(CCC(=O)OCCOC(=O)C(C)CSCC(O)CO)(CCC(=O)OCCOC(=O)C(C)CSCC(O)CO))CCN(CCC(=O)OCCOC(=O)C(C)CSCC(O)CO)CCC(=O)OCCOC(=O)C(C)CSCC(O)CO,-0.6484086621580379
CCCCCCCCN(CCC(=O)OCCOC(=O)C(C)CSCC(O)CO)CCCCCCCC,-0.6484086621580379
OCCN1CCN(CCC(=O)OCCOC(=O)C(C)CSCCCO)CC1,-0.6484086621580379
CN(CCC(=O)OCCOC(=O)C(C)CSCCCO)CCOCCN(CCC(=O)OCCOC(=O)C(C)CSCCCO)C,-0.6484086621580379
C1C(CCN(CCC(=O)OCCOC(=O)C(C)CSCCCO)(CCC(=O)OCCOC(=O)C(C)CSCCCO))CCN(CCC(=O)OCCOC(=O)C(C)CSCCCO)C1,-0.6484086621580379
OCCN(CCC(=O)OCCOC(=O)C(C)CSCCCO)CCCN(CCC(=O)OCCOC(=O)C(C)CSCCCO)CCC(=O)OCCOC(=O)C(C)CSCCCO,-0.6484086621580379
CCCCCCCCCCN(CCC(=O)OCCOC(=O)C(C)CSCCCO)CCC(=O)OCCOC(=O)C(C)CSCCCO,-0.6484086621580379
CN(C)CCN1CCN(CCC(=O)OCCOC(=O)C(C)CSCCCCO)CC1,-0.6484086621580379
N(CCC(=O)OCCOC(=O)C(C)CSCCCCO)(CCC(=O)OCCOC(=O)C(C)CSCCCCO)CCCN1CCN(C)CC1,-0.6484086621580379
N(CCC(=O)OCCOC(=O)C(C)CSCCCCO)(CCC(=O)OCCOC(=O)C(C)CSCCCCO)CCN1CCOCC1,-0.6484086621580379
OCCN(CCC(=O)OCCOC(=O)C(C)CSCCCCO)CCCN(CCC(=O)OCCOC(=O)C(C)CSCCCCO)CCC(=O)OCCOC(=O)C(C)CSCCCCO,-0.6484086621580379
CCCCCCCCCCCCCCCCN(CCC(=O)OCCOC(=O)C(C)CSCCCCO)CCC(=O)OCCOC(=O)C(C)CSCCCCO,-0.6484086621580379
N(CCC(=O)OCCOC(=O)C(C)CSCCCCCCO)(CCC(=O)OCCOC(=O)C(C)CSCCCCCCO)CCN1CCCCC1,-0.6484086621580379
N(CCC(=O)OCCOC(=O)C(C)CSCCCCCCO)(CCC(=O)OCCOC(=O)C(C)CSCCCCCCO)CCc1ncccc1,-0.6484086621580379
C1C(CN(CCC(=O)OCCOC(=O)C(C)CSCCCCCCO)(CCC(=O)OCCOC(=O)C(C)CSCCCCCCO))CCN(CCC(=O)OCCOC(=O)C(C)CSCCCCCCO)C1,-0.6484086621580379
C1C(CCN(CCC(=O)OCCOC(=O)C(C)CSCCCCCCO)(CCC(=O)OCCOC(=O)C(C)CSCCCCCCO))CCN(CCC(=O)OCCOC(=O)C(C)CSCCCCCCO)C1,-0.6484086621580379
c1c(CN(CCC(=O)OCCOC(=O)C(C)CSCCCCCCO)(CCC(=O)OCCOC(=O)C(C)CSCCCCCCO))ccc(CN(CCC(=O)OCCOC(=O)C(C)CSCCCCCCO)(CCC(=O)OCCOC(=O)C(C)CSCCCCCCO))c1,-0.6484086621580379
N(CCN(CCC(=O)OCCOC(=O)C(C)CSCCCCCCO)(CCC(=O)OCCOC(=O)C(C)CSCCCCCCO))(CCN(CCC(=O)OCCOC(=O)C(C)CSCCCCCCO)(CCC(=O)OCCOC(=O)C(C)CSCCCCCCO))CCN(CCC(=O)OCCOC(=O)C(C)CSCCCCCCO)CCC(=O)OCCOC(=O)C(C)CSCCCCCCO,-0.6484086621580379
CCCCCCCCCCCCCCN(CCC(=O)OCCOC(=O)C(C)CSCCCCCCO)CCC(=O)OCCOC(=O)C(C)CSCCCCCCO,-0.6484086621580379
CN(C)CCN(CCC(=O)OCCOC(=O)C(C)CSCCCCCCCCCCCO)C,-0.6484086621580379
OCCN(CCC(=O)OCCOC(=O)C(C)CSCCCCCCCCCCCO)CCCN(CCC(=O)OCCOC(=O)C(C)CSCCCCCCCCCCCO)CCC(=O)OCCOC(=O)C(C)CSCCCCCCCCCCCO,-0.6484086621580379
N(CCC(=O)OCCOC(=O)C(C)CSCCCCCCCCCCCO)(CCC(=O)OCCOC(=O)C(C)CSCCCCCCCCCCCO)CCCN1CCN(CCCN(CCC(=O)OCCOC(=O)C(C)CSCCCCCCCCCCCO)(CCC(=O)OCCOC(=O)C(C)CSCCCCCCCCCCCO))CC1,-0.6484086621580379
CCCCCCCCCCCCCCCCCCN(CCC(=O)OCCOC(=O)C(C)CSCCCCCCCCCCCO)CCC(=O)OCCOC(=O)C(C)CSCCCCCCCCCCCO,-0.6484086621580379
OCCN1CCN(CCC(=O)OCCOC(=O)C(C)CSCCN(C)C)CC1,-0.6484086621580379
CN(C)CCN(CCC(=O)OCCOC(=O)C(C)CSCCN(C)C)C,-0.6484086621580379
N(CCC(=O)OCCOC(=O)C(C)CSCCN(C)C)(CCC(=O)OCCOC(=O)C(C)CSCCN(C)C)CCN1CCCCC1,-0.6484086621580379
N(CCC(=O)OCCOC(=O)C(C)CSCCN(C)C)(CCC(=O)OCCOC(=O)C(C)CSCCN(C)C)CCC1N(C)CCC1,-0.6484086621580379
N(CCC(=O)OCCOC(=O)C(C)CSCCN(C)C)(CCC(=O)OCCOC(=O)C(C)CSCCN(C)C)CCCN(CCC(=O)OCCOC(=O)C(C)CSCCN(C)C)CCCN(CCC(=O)OCCOC(=O)C(C)CSCCN(C)C)CCC(=O)OCCOC(=O)C(C)CSCCN(C)C,-0.6484086621580379
N(CCN(CCC(=O)OCCOC(=O)C(C)CSCCN(C)C)(CCC(=O)OCCOC(=O)C(C)CSCCN(C)C))(CCN(CCC(=O)OCCOC(=O)C(C)CSCCN(C)C)(CCC(=O)OCCOC(=O)C(C)CSCCN(C)C))CCN(CCC(=O)OCCOC(=O)C(C)CSCCN(C)C)CCC(=O)OCCOC(=O)C(C)CSCCN(C)C,-0.6484086621580379
CN(CCC(=O)OCCOC(=O)C(C)CSCCN(C)C)CCCCCCCCCCCC,-0.6484086621580379
CCCCCCCCN(CCC(=O)OCCOC(=O)C(C)CSCCN(C)C)CCC(=O)OCCOC(=O)C(C)CSCCN(C)C,-0.6484086621580379
CN(C)CCN(CCC(=O)OCCOC(=O)C(C)CSCCNCCCC)C,-0.6484086621580379
C1C(CN(CCC(=O)OCCOC(=O)C(C)CSCCNCCCC)(CCC(=O)OCCOC(=O)C(C)CSCCNCCCC))CCN(CCC(=O)OCCOC(=O)C(C)CSCCNCCCC)C1,-0.6484086621580379
CN(C)CCCN(CCC(=O)OCCOC(=O)C(C)CSCCNCCCC)CCCN(CCC(=O)OCCOC(=O)C(C)CSCCNCCCC)CCC(=O)OCCOC(=O)C(C)CSCCNCCCC,-0.6484086621580379
N(CCC(=O)OCCOC(=O)C(C)CSCCNCCCC)(CCC(=O)OCCOC(=O)C(C)CSCCNCCCC)CCOCCOCCN(CCC(=O)OCCOC(=O)C(C)CSCCNCCCC)CCC(=O)OCCOC(=O)C(C)CSCCNCCCC,-0.6484086621580379
N(CCC(=O)OCCOC(=O)C(C)CSCCNCCCC)(CCC(=O)OCCOC(=O)C(C)CSCCNCCCC)CCCN(CCC(=O)OCCOC(=O)C(C)CSCCNCCCC)CCCNCCCN(CCC(=O)OCCOC(=O)C(C)CSCCNCCCC)CCC(=O)OCCOC(=O)C(C)CSCCNCCCC,-0.6484086621580379
N(CCN(CCC(=O)OCCOC(=O)C(C)CSCCNCCCC)(CCC(=O)OCCOC(=O)C(C)CSCCNCCCC))(CCN(CCC(=O)OCCOC(=O)C(C)CSCCNCCCC)(CCC(=O)OCCOC(=O)C(C)CSCCNCCCC))CCN(CCC(=O)OCCOC(=O)C(C)CSCCNCCCC)CCC(=O)OCCOC(=O)C(C)CSCCNCCCC,-0.6484086621580379
CN(C)CCCN(CCC(=O)OCCOC(=O)C(C)CSCCN(CC)CC)C,-0.6484086621580379
N(CCC(=O)OCCOC(=O)C(C)CSCCN(CC)CC)(CCC(=O)OCCOC(=O)C(C)CSCCN(CC)CC)CCCN1C=NC=C1,-0.6484086621580379
N(CCC(=O)OCCOC(=O)C(C)CSCCN(CC)CC)(CCC(=O)OCCOC(=O)C(C)CSCCN(CC)CC)CCN(C)C,-0.6484086621580379
N(CCC(=O)OCCOC(=O)C(C)CSCCN(CC)CC)(CCC(=O)OCCOC(=O)C(C)CSCCN(CC)CC)CCOCCOCCN(CCC(=O)OCCOC(=O)C(C)CSCCN(CC)CC)CCC(=O)OCCOC(=O)C(C)CSCCN(CC)CC,-0.6484086621580379
N(CCN(CCC(=O)OCCOC(=O)C(C)CSCCN(CC)CC)(CCC(=O)OCCOC(=O)C(C)CSCCN(CC)CC))(CCN(CCC(=O)OCCOC(=O)C(C)CSCCN(CC)CC)(CCC(=O)OCCOC(=O)C(C)CSCCN(CC)CC))CCNCCC(=O)OCCOC(=O)C(C)CSCCN(CC)CC,-0.6484086621580379
N(CCC(=O)OCCOC(=O)C(C)CSCCN(CC)CC)(CCC(=O)OCCOC(=O)C(C)CSCCN(CC)CC)CCCN(CCC(=O)OCCOC(=O)C(C)CSCCN(CC)CC)CCCN(CCC(=O)OCCOC(=O)C(C)CSCCN(CC)CC)CCCN(CCC(=O)OCCOC(=O)C(C)CSCCN(CC)CC)CCC(=O)OCCOC(=O)C(C)CSCCN(CC)CC,-0.6484086621580379
CCCCCCCCCCCCN(CCC(=O)OCCOC(=O)C(C)CSCCN(CC)CC)CCC(=O)OCCOC(=O)C(C)CSCCN(CC)CC,-0.6484086621580379
N(CCC(=O)OCCOC(=O)C(C)CSCCN5CCCC5)(CCC(=O)OCCOC(=O)C(C)CSCCN5CCCC5)CCCN1CCN(C)CC1,-0.6484086621580379
N(CCC(=O)OCCOC(=O)C(C)CSCCN5CCCC5)(CCC(=O)OCCOC(=O)C(C)CSCCN5CCCC5)CCN1CCCC1,-0.6484086621580379
N(CCN(CCC(=O)OCCOC(=O)C(C)CSCCN5CCCC5)(CCC(=O)OCCOC(=O)C(C)CSCCN5CCCC5))(CCN(CCC(=O)OCCOC(=O)C(C)CSCCN5CCCC5)(CCC(=O)OCCOC(=O)C(C)CSCCN5CCCC5))CCN(CCC(=O)OCCOC(=O)C(C)CSCCN5CCCC5)CCC(=O)OCCOC(=O)C(C)CSCCN5CCCC5,-0.6484086621580379
CCCCCCCCCCN(CCC(=O)OCCOC(=O)C(C)CSCCN5CCCC5)CCCCCCCCCC,-0.6484086621580379
CCCCCCCCCCCCCCN(CCC(=O)OCCOC(=O)C(C)CSCCN5CCCC5)CCC(=O)OCCOC(=O)C(C)CSCCN5CCCC5,-0.6484086621580379
CCCCCCCCCCCCCCCCCCN(CCC(=O)OCCOC(=O)C(C)CSCCN5CCCC5)CCC(=O)OCCOC(=O)C(C)CSCCN5CCCC5,-0.6484086621580379
CN(C)CCCN(CCC(=O)OCCOC(=O)C(C)CSCCN5CCCCC5)CCCN(CCC(=O)OCCOC(=O)C(C)CSCCN5CCCCC5)CCC(=O)OCCOC(=O)C(C)CSCCN5CCCCC5,-0.6484086621580379
N(CCC(=O)OCCOC(=O)C(C)CSCCN5CCCCC5)(CCC(=O)OCCOC(=O)C(C)CSCCN5CCCCC5)CCCN(CCC(=O)OCCOC(=O)C(C)CSCCN5CCCCC5)CCCNCCCN(CCC(=O)OCCOC(=O)C(C)CSCCN5CCCCC5)CCC(=O)OCCOC(=O)C(C)CSCCN5CCCCC5,-0.6484086621580379
CN(C)CCN(CCC(=O)OCCOC(=O)C(C)CSCCN5CCCCCC5)C,-0.6484086621580379
CN(C)CCCN(CCC(=O)OCCOC(=O)C(C)CSCCN5CCCCCC5)C,-0.6484086621580379
N(CCC(=O)OCCOC(=O)C(C)CSCCN5CCCCCC5)(CCC(=O)OCCOC(=O)C(C)CSCCN5CCCCCC5)CCc1ncccc1,-0.6484086621580379
CN(C)CCCN(CCC(=O)OCCOC(=O)C(C)CSCCN5CCCCCC5)CCCN(CCC(=O)OCCOC(=O)C(C)CSCCN5CCCCCC5)CCC(=O)OCCOC(=O)C(C)CSCCN5CCCCCC5,-0.6484086621580379
N(CCN(CCC(=O)OCCOC(=O)C(C)CSCCN5CCCCCC5)(CCC(=O)OCCOC(=O)C(C)CSCCN5CCCCCC5))(CCN(CCC(=O)OCCOC(=O)C(C)CSCCN5CCCCCC5)(CCC(=O)OCCOC(=O)C(C)CSCCN5CCCCCC5))CCN(CCC(=O)OCCOC(=O)C(C)CSCCN5CCCCCC5)CCC(=O)OCCOC(=O)C(C)CSCCN5CCCCCC5,-0.6484086621580379
CCCCCCCCCCCCN(CCC(=O)OCCOC(=O)C(C)CSCCN5CCCCCC5)CCC(=O)OCCOC(=O)C(C)CSCCN5CCCCCC5,-0.6484086621580379
OCCN1CCN(CCC(=O)OCCOC(=O)C(C)CSCCN(CCC)CCC)CC1,-0.6484086621580379
CN(C)CCN(CCC(=O)OCCOC(=O)C(C)CSCCN(CCC)CCC)C,-0.6484086621580379
N(CCC(=O)OCCOC(=O)C(C)CSCCN(CCC)CCC)(CCC(=O)OCCOC(=O)C(C)CSCCN(CCC)CCC)CCCN1C=NC=C1,-0.6484086621580379
N(CCN(CCC(=O)OCCOC(=O)C(C)CSCCN(CCC)CCC)C)(CCN(CCC(=O)OCCOC(=O)C(C)CSCCN(CCC)CCC)C)CCN(CCC(=O)OCCOC(=O)C(C)CSCCN(CCC)CCC)C,-0.6484086621580379
N(CCN(CCC(=O)OCCOC(=O)C(C)CSCCN(CCC)CCC)(CCC(=O)OCCOC(=O)C(C)CSCCN(CCC)CCC))(CCN(CCC(=O)OCCOC(=O)C(C)CSCCN(CCC)CCC)(CCC(=O)OCCOC(=O)C(C)CSCCN(CCC)CCC))CCN(CCC(=O)OCCOC(=O)C(C)CSCCN(CCC)CCC)CCC(=O)OCCOC(=O)C(C)CSCCN(CCC)CCC,-0.6484086621580379
CCCCCCCCCCCCCCCCCCN(CCC(=O)OCCOC(=O)C(C)CSCCN(CCC)CCC)CCC(=O)OCCOC(=O)C(C)CSCCN(CCC)CCC,-0.6484086621580379
CN(C)CCN1CCN(CCC(=O)OCCOC(=O)C(C)CSCCN(CCCC)CCCC)CC1,-0.6484086621580379
N(CCC(=O)OCCOC(=O)C(C)CSCCN(CCCC)CCCC)(CCC(=O)OCCOC(=O)C(C)CSCCN(CCCC)CCCC)CC1CCN(C)CC1,-0.6484086621580379
N(CCC(=O)OCCOC(=O)C(C)CSCCN(CCCC)CCCC)(CCC(=O)OCCOC(=O)C(C)CSCCN(CCCC)CCCC)CCCN1CCN(C)CC1,-0.6484086621580379
N(CCC(=O)OCCOC(=O)C(C)CSCCN(CCCC)CCCC)(CCC(=O)OCCOC(=O)C(C)CSCCN(CCCC)CCCC)CCN1CCCC1,-0.6484086621580379
C1C(CN(CCC(=O)OCCOC(=O)C(C)CSCCN(CCCC)CCCC)(CCC(=O)OCCOC(=O)C(C)CSCCN(CCCC)CCCC))CCN(CCC(=O)OCCOC(=O)C(C)CSCCN(CCCC)CCCC)C1,-0.6484086621580379
C1C(CCN(CCC(=O)OCCOC(=O)C(C)CSCCN(CCCC)CCCC)(CCC(=O)OCCOC(=O)C(C)CSCCN(CCCC)CCCC))CCN(CCC(=O)OCCOC(=O)C(C)CSCCN(CCCC)CCCC)C1,-0.6484086621580379
CN(CCC(=O)OCCOC(=O)C(C)CSCCN(CCCC)CCCC)CCCCCCCCCCCC,-0.6484086621580379
N(CCC(=O)OCCOC(=O)C(C)CSCCCC(=O)N5CCN(CCO)CC5)(CCC(=O)OCCOC(=O)C(C)CSCCCC(=O)N5CCN(CCO)CC5)CCN1CCOCC1,-0.6484086621580379
N(CCC(=O)OCCOC(=O)C(C)CSCCCC(=O)N5CCN(CCO)CC5)(CCC(=O)OCCOC(=O)C(C)CSCCCC(=O)N5CCN(CCO)CC5)CCNCCN(CCC(=O)OCCOC(=O)C(C)CSCCCC(=O)N5CCN(CCO)CC5)CCNCCN(CCC(=O)OCCOC(=O)C(C)CSCCCC(=O)N5CCN(CCO)CC5)CCC(=O)OCCOC(=O)C(C)CSCCCC(=O)N5CCN(CCO)CC5,-0.6484086621580379
N(CCN(CCC(=O)OCCOC(=O)C(C)CSCCCC(=O)N5CCN(CCO)CC5)(CCC(=O)OCCOC(=O)C(C)CSCCCC(=O)N5CCN(CCO)CC5))(CCN(CCC(=O)OCCOC(=O)C(C)CSCCCC(=O)N5CCN(CCO)CC5)(CCC(=O)OCCOC(=O)C(C)CSCCCC(=O)N5CCN(CCO)CC5))CCN(CCC(=O)OCCOC(=O)C(C)CSCCCC(=O)N5CCN(CCO)CC5)CCC(=O)OCCOC(=O)C(C)CSCCCC(=O)N5CCN(CCO)CC5,-0.6484086621580379
CCCCCCCCN(CCC(=O)OCCOC(=O)C(C)CSCCCC(=O)N5CCN(CCO)CC5)CCCCCCCC,-0.6484086621580379
CCCCCCCCN(CCC(=O)OCCOC(=O)C(C)CSCCCC(=O)N5CCN(CCO)CC5)CCC(=O)OCCOC(=O)C(C)CSCCCC(=O)N5CCN(CCO)CC5,-0.6484086621580379
OCCN1CCN(CCC(=O)OCCOC(=O)C(C)CSCCCC(=O)N(C)CCCN(C)C)CC1,-0.6484086621580379
N(CCC(=O)OCCOC(=O)C(C)CSCCCC(=O)N(C)CCCN(C)C)(CCC(=O)OCCOC(=O)C(C)CSCCCC(=O)N(C)CCCN(C)C)CCC1N(C)CCC1,-0.6484086621580379
N(CCC(=O)OCCOC(=O)C(C)CSCCCC(=O)N(C)CCCN(C)C)(CCC(=O)OCCOC(=O)C(C)CSCCCC(=O)N(C)CCCN(C)C)CCN1CCOCC1,-0.6484086621580379
CN(C)CCCN(CCC(=O)OCCOC(=O)C(C)CSCCCC(=O)N(C)CCCN(C)C)CCCN(CCC(=O)OCCOC(=O)C(C)CSCCCC(=O)N(C)CCCN(C)C)CCC(=O)OCCOC(=O)C(C)CSCCCC(=O)N(C)CCCN(C)C,-0.6484086621580379
OCCN(CCC(=O)OCCOC(=O)C(C)CSCCCC(=O)N(C)CCCN(C)C)CCCN(CCC(=O)OCCOC(=O)C(C)CSCCCC(=O)N(C)CCCN(C)C)CCC(=O)OCCOC(=O)C(C)CSCCCC(=O)N(C)CCCN(C)C,-0.6484086621580379
CN(CCC(=O)OCCOC(=O)C(C)CSCCCC(=O)N(C)CCCN(C)C)CCCCCCCCCCCC,-0.6484086621580379
CCCCCCCCN(CCC(=O)OCCOC(=O)C(C)CSCCCC(=O)N(C)CCCN(C)C)CCC(=O)OCCOC(=O)C(C)CSCCCC(=O)N(C)CCCN(C)C,-0.6484086621580379
CCCCCCCCCCCCN(CCC(=O)OCCOC(=O)C(C)CSCCCC(=O)N(C)CCCN(C)C)CCC(=O)OCCOC(=O)C(C)CSCCCC(=O)N(C)CCCN(C)C,-0.6484086621580379
CCCCCCCCCCCCCCCCN(CCC(=O)OCCOC(=O)C(C)CSCCCC(=O)N(C)CCCN(C)C)CCC(=O)OCCOC(=O)C(C)CSCCCC(=O)N(C)CCCN(C)C,-0.6484086621580379
N(CCC(=O)OCCOC(=O)C(C)CSCCCC(=O)N(C)CCN5(CCCCC5))(CCC(=O)OCCOC(=O)C(C)CSCCCC(=O)N(C)CCN5(CCCCC5))CCC1N(C)CCC1,-0.6484086621580379
CCN(CCC(=O)OCCOC(=O)C(C)CSCCCC(=O)N(C)CCN5(CCCCC5))CCN(CCC(=O)OCCOC(=O)C(C)CSCCCC(=O)N(C)CCN5(CCCCC5))CC,-0.6484086621580379
N(CCC(=O)OCCOC(=O)C(C)CSCCCC(=O)N(C)CCN5(CCCCC5))(CCC(=O)OCCOC(=O)C(C)CSCCCC(=O)N(C)CCN5(CCCCC5))CCNCCN(CCC(=O)OCCOC(=O)C(C)CSCCCC(=O)N(C)CCN5(CCCCC5))CCNCCN(CCC(=O)OCCOC(=O)C(C)CSCCCC(=O)N(C)CCN5(CCCCC5))CCC(=O)OCCOC(=O)C(C)CSCCCC(=O)N(C)CCN5(CCCCC5),-0.6484086621580379
N(CCC(=O)OCCOC(=O)C(C)CSCCCCCCCCCCCCCC)(CCC(=O)OCCOC(=O)C(C)CSCCCCCCCCCCCCCC)CCN(C)C,-1.0896501184994567
CN(C)CCCN(CCC(=O)OCCOC(=O)C(C)CSCCCCCCCCCCCCCC)CCCN(CCC(=O)OCCOC(=O)C(C)CSCCCCCCCCCCCCCC)CCC(=O)OCCOC(=O)C(C)CSCCCCCCCCCCCCCC,-1.0896501184994567
N(CCN(CCC(=O)OCCOC(=O)C(C)CSCCCCCCCCCC)C)(CCN(CCC(=O)OCCOC(=O)C(C)CSCCCCCCCCCC)C)CCN(CCC(=O)OCCOC(=O)C(C)CSCCCCCCCCCC)C,-0.3239500352295682
N(CCC(=O)OCCOC(=O)C(C)CSCCCCCCCC)(CCC(=O)OCCOC(=O)C(C)CSCCCCCCCC)CCCN1CCN(CCCN(CCC(=O)OCCOC(=O)C(C)CSCCCCCCCC)(CCC(=O)OCCOC(=O)C(C)CSCCCCCCCC))CC1,1.2074501313102086
N(CCC(=O)OCCOC(=O)C(C)CSCCCCCCCC)(CCC(=O)OCCOC(=O)C(C)CSCCCCCCCC)CCCN(CCC(=O)OCCOC(=O)C(C)CSCCCCCCCC)CCCN(CCC(=O)OCCOC(=O)C(C)CSCCCCCCCC)CCC(=O)OCCOC(=O)C(C)CSCCCCCCCC,-1.0896501184994567
N(CCC(=O)OCCOC(=O)C(C)CSCCCCCCCC)(CCC(=O)OCCOC(=O)C(C)CSCCCCCCCC)CCN(CCC(=O)OCCOC(=O)C(C)CSCCCCCCCC)CCN(CCC(=O)OCCOC(=O)C(C)CSCCCCCCCC)CCNCCN(CCC(=O)OCCOC(=O)C(C)CSCCCCCCCC)CCC(=O)OCCOC(=O)C(C)CSCCCCCCCC,0.4417500480403202
N(CCN(CCC(=O)OCCOC(=O)C(C)CSCCCCCCCCCCCC)(CCC(=O)OCCOC(=O)C(C)CSCCCCCCCCCCCC))(CCN(CCC(=O)OCCOC(=O)C(C)CSCCCCCCCCCCCC)(CCC(=O)OCCOC(=O)C(C)CSCCCCCCCCCCCC))CCN(CCC(=O)OCCOC(=O)C(C)CSCCCCCCCCCCCC)CCC(=O)OCCOC(=O)C(C)CSCCCCCCCCCCCC,1.2074501313102086
CN(C)CCCN(CCC(=O)OCCOC(=O)C(C)CSCCCCCCCC)CCCN(CCC(=O)OCCOC(=O)C(C)CSCCCCCCCC)CCC(=O)OCCOC(=O)C(C)CSCCCCCCCC,1.2074501313102086
CCCCCCCCC(CCCCCC)C(=O)OCCCCCCN(CCCCO)CCCCCCOC(=O)C(CCCCCC)CCCCCCCC,-0.6357301523338502
CCCCCC(CC)OC(=O)CCCCCCCCN(CCCCCCCCC(=O)OC(CC)CCCCC)CCCCCC(=O)NC1CCN(c2cccc(Cl)n2)CC1,-0.1265429319908648
CCCCCC(CC)OC(=O)CCCCCCCCN(CCCCCCCCC(=O)OC(CC)CCCCC)CCCCCC(=O)NC1CCN(c2cccc(Cl)n2)CC1,1.8168549589540173
CCCCCC(CC)OC(=O)CCCCCCCCN(CCCCCCCCC(=O)OC(CC)CCCCC)CCCCCC(=O)NC1CCN(c2cccc(Cl)n2)CC1,-1.2220238900270664
CCCCCC(CC)OC(=O)CCCCCCCCN(CCCCCCCCC(=O)OC(CC)CCCCC)CCCCCC(=O)NC1CCN(c2cccc(Cl)n2)CC1,-0.6587168508877737
CCCCCC(CC)OC(=O)CCCCCCCCN(CCCCCCCCC(=O)OC(CC)CCCCC)CCCCCC(=O)NC1CCN(c2cccc(Cl)n2)CC1,-0.6587168508877737
CCCCCC(CC)OC(=O)CCCCCCCCN(CCCCCCCCC(=O)OC(CC)CCCCC)CCCCCC(=O)NC1CCN(c2cccc(Cl)n2)CC1,0.7495507475805451
CCCCCC(CC)OC(=O)CCCCCCCCN(CCCCCCCCC(=O)OC(CC)CCCCC)CCCCCC(=O)NC1CCN(c2cccc(Cl)n2)CC1,1.5945113071003667
CCCCCC(CC)OC(=O)CCCCCCCCN(CCCCCCCCC(=O)OC(CC)CCCCC)CCCCCC(=O)NC1CCN(c2cccc(Cl)n2)CC1,-0.0954098114909063
CCCCCCCCCCC(O)CN(CCCCC1NC(=O)C(CCCCN(CC(O)CCCCCCCCCC)CC(O)CCCCCCCCCC)NC1=O)CC(O)CCCCCCCCCC,1.8591185331295683
CCCCCCCCCCC(O)CN(CCCCC1NC(=O)C(CCCCN(CC(O)CCCCCCCCCC)CC(O)CCCCCCCCCC)NC1=O)CC(O)CCCCCCCCCC,-0.5551701138008298
CCCCCCCCCCC(O)CN(CCCCC1NC(=O)C(CCCCN(CC(O)CCCCCCCCCC)CC(O)CCCCCCCCCC)NC1=O)CC(O)CCCCCCCCCC,-0.5253640811862754
CCCCCCCCCCC(O)CN(CCCCC1NC(=O)C(CCCCN(CC(O)CCCCCCCCCC)CC(O)CCCCCCCCCC)NC1=O)CC(O)CCCCCCCCCC,-0.5253640811862754
CCCCCCCCCCC(O)CN(CCCCC1NC(=O)C(CCCCN(CC(O)CCCCCCCCCC)CC(O)CCCCCCCCCC)NC1=O)CC(O)CCCCCCCCCC,-0.4955580484763229
CCCCCCCCCCC(O)CN(CCCCC1NC(=O)C(CCCCN(CC(O)CCCCCCCCCC)CC(O)CCCCCCCCCC)NC1=O)CC(O)CCCCCCCCCC,2.775758730820977
CCCCCCCCCCC(O)CN(CCCCC1NC(=O)C(CCCCN(CC(O)CCCCCCCCCC)CC(O)CCCCCCCCCC)NC1=O)CC(O)CCCCCCCCCC,-0.4614966993527179
CCCCCCCCCCC(O)CN(CCCCC1NC(=O)C(CCCCN(CC(O)CCCCCCCCCC)CC(O)CCCCCCCCCC)NC1=O)CC(O)CCCCCCCCCC,-0.31942279327455
CCCCCCCCCCC(O)CN(CCCCC1NC(=O)C(CCCCN(CC(O)CCCCCCCCCC)CC(O)CCCCCCCCCC)NC1=O)CC(O)CCCCCCCCCC,-0.4513485632247198
CCCCCCCCCCC(O)CN(CCCCC1NC(=O)C(CCCCN(CC(O)CCCCCCCCCC)CC(O)CCCCCCCCCC)NC1=O)CC(O)CCCCCCCCCC,-0.4614966993527179
C=CCCN(CCC(=O)OCCCCCCCCCCCC)CCC(=O)OCCCCCCCCCCCC,0.3761021574944853
CCCCCCCCCCCCCCOC(=O)CCN(C)CCCCCCN(C)CCC(=O)OCCCCCCCCCCCCCC,0.156406217783492
CCCCCCCCCCCCCCOC(=O)CCN(C)CCCN(CCC(=O)OCCCCCCCCCCCCCC)CCC(=O)OCCCCCCCCCCCCCC,1.18835840486861
CCCCCCCCCCCCCCOC(=O)CCN(C)CCOCCN(C)CCC(=O)OCCCCCCCCCCCCCC,0.3690675354525705
CCCCCCCCCCCCCCOC(=O)CCN(c1ccccc1)c1ccc(-c2ccc(N(CCC(=O)OCCCCCCCCCCCCCC)c3ccccc3)cc2)cc1,-0.0181778747410016
CCCCCCCCCCCCCCOC(=O)CCN(CCC(=O)OCCCCCCCCCCCCCC)C(=O)C1CCCN1C,-0.4870388932228141
CCCCCCCCCCCCCCOC(=O)CCN(CCC(=O)OCCCCCCCCCCCCCC)C(C)(CO)CO,-0.1862201872803275
CCCCCCCCCCCCCCOC(=O)CCN(CCC(=O)OCCCCCCCCCCCCCC)C(C)C,-0.2214979378699626
CCCCCCCCCCCCCCOC(=O)CCN(CCC(=O)OCCCCCCCCCCCCCC)C(C)CO,-0.1550078350229063
CCCCCCCCCCCCCCOC(=O)CCN(CCC(=O)OCCCCCCCCCCCCCC)C(CC)CC,0.0121139260313536
CCCCCCCCCCCCCCOC(=O)CCN(CCC(=O)OCCCCCCCCCCCCCC)c1c(CC)cccc1CC,-0.2077617992941645
CCCCCCCCCCCCCCOC(=O)CCN(CCC(=O)OCCCCCCCCCCCCCC)c1c(N(CCC(=O)OCCCCCCCCCCCCCC)CCC(=O)OCCCCCCCCCCCCCC)c2ccccc2c2ccccc12,0.21180899640785
CCCCCCCCCCCCCCOC(=O)CCN(CCC(=O)OCCCCCCCCCCCCCC)c1cc(C(C)(C)C)ccc1C(C)(C)C,-0.684204406003517
CCCCCCCCCCCCCCOC(=O)CCN(CCC(=O)OCCCCCCCCCCCCCC)c1cc(F)c(F)c(F)c1,-0.4042862846414677
CCCCCCCCCCCCCCOC(=O)CCN(CCC(=O)OCCCCCCCCCCCCCC)c1cc(OC)ccc1OC,-1.2044873960917242
CCCCCCCCCCCCCCOC(=O)CCN(CCC(=O)OCCCCCCCCCCCCCC)C1Cc2ccccc2C1,-1.1077472901826813
CCCCCCCCCCCCCCOC(=O)CCN(CCC(=O)OCCCCCCCCCCCCCC)c1ccc(F)c(F)c1,-1.2771475721062835
CCCCCCCCCCCCCCOC(=O)CCN(CCC(=O)OCCCCCCCCCCCCCC)c1ccc(OC(F)F)cc1,-0.591290224799168
CCCCCCCCCCCCCCOC(=O)CCN(CCC(=O)OCCCCCCCCCCCCCC)c1ccc(Oc2ccccc2)cc1,-0.205617640560979
CCCCCCCCCCCCCCOC(=O)CCN(CCC(=O)OCCCCCCCCCCCCCC)c1ccc2c(c1)Cc1cc(N(CCC(=O)OCCCCCCCCCCCCCC)CCC(=O)OCCCCCCCCCCCCCC)ccc1-2,-0.07726506577628
CCCCCCCCCCCCCCOC(=O)CCN(CCC(=O)OCCCCCCCCCCCCCC)c1ccc2ccccc2c1-c1c(N(CCC(=O)OCCCCCCCCCCCCCC)CCC(=O)OCCCCCCCCCCCCCC)ccc2ccccc12,-0.7475413310858355
CCCCCCCCCCCCCCOC(=O)CCN(CCC(=O)OCCCCCCCCCCCCCC)c1cccc(-c2ccccc2)c1,0.067714875537902
CCCCCCCCCCCCCCOC(=O)CCN(CCC(=O)OCCCCCCCCCCCCCC)c1cccc(OC(C)C)c1,-1.2771475721062835
CCCCCCCCCCCCCCOC(=O)CCN(CCC(=O)OCCCCCCCCCCCCCC)C1CCCCC1,-0.7609976534016915
CCCCCCCCCCCCCCOC(=O)CCN(CCC(=O)OCCCCCCCCCCCCCC)c1ccccc1N(CCC(=O)OCCCCCCCCCCCCCC)c1ccccc1,-1.1102772354016983
CCCCCCCCCCCCCCOC(=O)CCN(CCC(=O)OCCCCCCCCCCCCCC)C1CCCCCCC1,-0.1999996979131258
CCCCCCCCCCCCCCOC(=O)CCN(CCC(=O)OCCCCCCCCCCCCCC)c1nc(N(CCC(=O)OCCCCCCCCCCCCCC)CCC(=O)OCCCCCCCCCCCCCC)nc(N(CCC(=O)OCCCCCCCCCCCCCC)CCC(=O)OCCCCCCCCCCCCCC)n1,0.4117232170280832
CCCCCCCCCCCCCCOC(=O)CCN(CCC(=O)OCCCCCCCCCCCCCC)CC(C)(C)CO,0.3479439243961605
CCCCCCCCCCCCCCOC(=O)CCN(CCC(=O)OCCCCCCCCCCCCCC)CC(C)C,-0.3271491259924755
CCCCCCCCCCCCCCOC(=O)CCN(CCC(=O)OCCCCCCCCCCCCCC)CC(OC)OC,-0.1589168601832988
CCCCCCCCCCCCCCOC(=O)CCN(CCC(=O)OCCCCCCCCCCCCCC)CC[C@H](C)O,-0.3210051011055958
CCCCCCCCCCCCCCOC(=O)CCN(CCC(=O)OCCCCCCCCCCCCCC)CC1(C)CC(N(CCC(=O)OCCCCCCCCCCCCCC)CCC(=O)OCCCCCCCCCCCCCC)CC(C)(C)C1,-0.0562014528314443
CCCCCCCCCCCCCCOC(=O)CCN(CCC(=O)OCCCCCCCCCCCCCC)CC12C[C@H]3C[C@@H](C1)C[C@@H](C2)C3,-0.3906018013327856
CCCCCCCCCCCCCCOC(=O)CCN(CCC(=O)OCCCCCCCCCCCCCC)Cc1cc(F)ccc1F,0.4658108556526515
CCCCCCCCCCCCCCOC(=O)CCN(CCC(=O)OCCCCCCCCCCCCCC)CC1CCC(CN(CCC(=O)OCCCCCCCCCCCCCC)CCC(=O)OCCCCCCCCCCCCCC)CC1,-0.0872164511971616
CCCCCCCCCCCCCCOC(=O)CCN(CCC(=O)OCCCCCCCCCCCCCC)CCC(=O)N1CCN(CCC(=O)OCCCCCCCCCCCCCC)CC1,-0.2196718210099975
CCCCCCCCCCCCCCOC(=O)CCN(CCC(=O)OCCCCCCCCCCCCCC)CCC(C)(C)C,-0.2238184651698714
CCCCCCCCCCCCCCOC(=O)CCN(CCC(=O)OCCCCCCCCCCCCCC)CCN(C)CCN(C)CCN(CCC(=O)OCCCCCCCCCCCCCC)CCC(=O)OCCCCCCCCCCCCCC,4.54449719225196
CCCCCCCCCCCCCCOC(=O)CCN(CCC(=O)OCCCCCCCCCCCCCC)CCN(C)CCN(CCC(=O)OCCCCCCCCCCCCCC)CCC(=O)OCCCCCCCCCCCCCC,3.544862966199694
CCCCCCCCCCCCCCOC(=O)CCN(CCC(=O)OCCCCCCCCCCCCCC)CCN1CCCCC1,0.3812252722620003
CCCCCCCCCCCCCCOC(=O)CCN(CCC(=O)OCCCCCCCCCCCCCC)CCN1CCN(CCC(=O)OCCCCCCCCCCCCCC)CC1,2.108306372502188
CCCCCCCCCCCCCCOC(=O)CCN(CCC)CCC(=O)OCCCCCCCCCCCCCC,0.2537975128178262
CCCCCCCCCCCCCCOC(=O)CCN(CCCCC)CCC(=O)OCCCCCCCCCCCCCC,0.2784054093965455
CCCCCCCCCCCCCCOC(=O)CCN(CCCCCC)CCC(=O)OCCCCCCCCCCCCCC,-0.0148272476696126
CCCCCCCCCCCCCCOC(=O)CCN(CCCN(C)C)CCCN(CCC(=O)OCCCCCCCCCCCCCC)CCC(=O)OCCCCCCCCCCCCCC,-0.6239618950052433
CCCCCCCCCCCCCCOC(=O)CCN(CCCN(C)CCCN(CCC(=O)OCCCCCCCCCCCCCC)CCC(=O)OCCCCCCCCCCCCCC)CCC(=O)OCCCCCCCCCCCCCC,4.181623818850717
CCCCCCCCCCCCCCOC(=O)CCN(CCCN(CCC(=O)OCCCCCCCCCCCCCC)CCC(=O)OCCCCCCCCCCCCCC)CCCN(CCC(=O)OCCCCCCCCCCCCCC)CCC(=O)OCCCCCCCCCCCCCC,3.251894519086154
CCCCCCCCCCCCCCOC(=O)CCN(CCCOC(C)C)CCC(=O)OCCCCCCCCCCCCCC,-0.536699206729606
CCCCCCCCCCCCCCOC(=O)CCN(CCN(CCC(=O)OCCCCCCCCCCCCCC)C(C)C)C(C)C,0.161324291792608
CCCCCCCCCCCCCCOC(=O)CCN(CCO)CCN(CCC(=O)OCCCCCCCCCCCCCC)CCC(=O)OCCCCCCCCCCCCCC,1.9521333335327469
CCCCCCCCCCCCCCOC(=O)CCN(CCOCC)CCC(=O)OCCCCCCCCCCCCCC,-0.3832877685444546
CCCCCCCCCCCCCCOC(=O)CCN(CCOCCOCCOCCN(CCC(=O)OCCCCCCCCCCCCCC)CCC(=O)OCCCCCCCCCCCCCC)CCC(=O)OCCCCCCCCCCCCCC,-0.2095047202834833
CCCCCCCCCCCCCCOC(=O)CCN1CCN(CCC(=O)OCCCCCCCCCCCCCC)CCN(CCC(=O)OCCCCCCCCCCCCCC)CCN(CCC(=O)OCCCCCCCCCCCCCC)CC1,-0.3556746291134137
CCCCCCCCCCCCCOC(=O)CCN(C)c1ccc(Cc2ccc(N(CCC(=O)OCCCCCCCCCCCCC)CCC(=O)OCCCCCCCCCCCCC)cc2)cc1,-0.9029946014365846
CCCCCCCCCCCCCOC(=O)CCN(C)CCN(C)CCC(=O)OCCCCCCCCCCCCC,-0.1013065315201167
CCCCCCCCCCCCCOC(=O)CCN(CCC(=O)OCCCCCCCCCCCCC)C(=O)C1CCCN1C,-0.040025416893181
CCCCCCCCCCCCCOC(=O)CCN(CCC(=O)OCCCCCCCCCCCCC)C(C)(C)C,-1.124315988446419
CCCCCCCCCCCCCOC(=O)CCN(CCC(=O)OCCCCCCCCCCCCC)C(C)(CO)CO,-0.323146940062874
CCCCCCCCCCCCCOC(=O)CCN(CCC(=O)OCCCCCCCCCCCCC)C(C)CO,-0.2288753202198931
CCCCCCCCCCCCCOC(=O)CCN(CCC(=O)OCCCCCCCCCCCCC)C(c1ccccc1)c1ccccc1,-0.3422276813161339
CCCCCCCCCCCCCOC(=O)CCN(CCC(=O)OCCCCCCCCCCCCC)C[C@@H](C)O,-0.5496919257066405
CCCCCCCCCCCCCOC(=O)CCN(CCC(=O)OCCCCCCCCCCCCC)c1c(C)c(C)c(N(CCC(=O)OCCCCCCCCCCCCC)CCC(=O)OCCCCCCCCCCCCC)c(C)c1C,-0.767050658392243
CCCCCCCCCCCCCOC(=O)CCN(CCC(=O)OCCCCCCCCCCCCC)c1c(C)cc(-c2cc(C)c(N(CCC(=O)OCCCCCCCCCCCCC)CCC(=O)OCCCCCCCCCCCCC)c(C)c2)cc1C,0.2505675319839142
CCCCCCCCCCCCCOC(=O)CCN(CCC(=O)OCCCCCCCCCCCCC)C1CC2CCC1C2,-0.3271495076522648
CCCCCCCCCCCCCOC(=O)CCN(CCC(=O)OCCCCCCCCCCCCC)C1Cc2ccccc2C1,0.8909158017884525
CCCCCCCCCCCCCOC(=O)CCN(CCC(=O)OCCCCCCCCCCCCC)c1ccc(-c2ccccc2)cc1,-1.2771475721062835
CCCCCCCCCCCCCOC(=O)CCN(CCC(=O)OCCCCCCCCCCCCC)c1ccc(C(C)(C)C)cc1,-0.3913193455905177
CCCCCCCCCCCCCOC(=O)CCN(CCC(=O)OCCCCCCCCCCCCC)c1ccc(OC(F)(F)F)cc1,-0.2472965891377455
CCCCCCCCCCCCCOC(=O)CCN(CCC(=O)OCCCCCCCCCCCCC)c1ccc2c(c1)Cc1cc(N(CCC(=O)OCCCCCCCCCCCCC)CCC(=O)OCCCCCCCCCCCCC)ccc1-2,-1.2771475721062835
CCCCCCCCCCCCCOC(=O)CCN(CCC(=O)OCCCCCCCCCCCCC)c1ccc2c(c1)CCCC2,-0.5112218891507266
CCCCCCCCCCCCCOC(=O)CCN(CCC(=O)OCCCCCCCCCCCCC)c1cccc(-c2ccccc2)c1,-0.2637058251707414
CCCCCCCCCCCCCOC(=O)CCN(CCC(=O)OCCCCCCCCCCCCC)C1CCCC(N(CCC(=O)OCCCCCCCCCCCCC)CCC(=O)OCCCCCCCCCCCCC)C1,0.7969638279824939
CCCCCCCCCCCCCOC(=O)CCN(CCC(=O)OCCCCCCCCCCCCC)c1ccccc1Oc1ccccc1,-1.086365027094336
CCCCCCCCCCCCCOC(=O)CCN(CCC(=O)OCCCCCCCCCCCCC)c1nc(N(CCC(=O)OCCCCCCCCCCCCC)CCC(=O)OCCCCCCCCCCCCC)nc(N(CCC(=O)OCCCCCCCCCCCCC)CCC(=O)OCCCCCCCCCCCCC)n1,0.3208167154016184
CCCCCCCCCCCCCOC(=O)CCN(CCC(=O)OCCCCCCCCCCCCC)CC(=O)N(C)c1ccccc1,-0.4992462159876894
CCCCCCCCCCCCCOC(=O)CCN(CCC(=O)OCCCCCCCCCCCCC)CC(C)(C)CN(C)C,-0.0236386331899811
CCCCCCCCCCCCCOC(=O)CCN(CCC(=O)OCCCCCCCCCCCCC)CC(C)(C)CO,0.2327417656427117
CCCCCCCCCCCCCOC(=O)CCN(CCC(=O)OCCCCCCCCCCCCC)CC(CC)CCCC,-0.913530367629317
CCCCCCCCCCCCCOC(=O)CCN(CCC(=O)OCCCCCCCCCCCCC)Cc1cc(F)ccc1F,0.6078360882559968
CCCCCCCCCCCCCOC(=O)CCN(CCC(=O)OCCCCCCCCCCCCC)CC1COC(C)(C)O1,-0.2009334166609244
CCCCCCCCCCCCCOC(=O)CCN(CCC(=O)OCCCCCCCCCCCCC)CCC(C)(C)C,-0.2688102087914067
CCCCCCCCCCCCCOC(=O)CCN(CCC(=O)OCCCCCCCCCCCCC)CCc1ccc(OC)c(OC)c1,-0.0441231191485037
CCCCCCCCCCCCCOC(=O)CCN(CCC(=O)OCCCCCCCCCCCCC)CCN(C(C)C)C(C)C,-0.5539107751279136
CCCCCCCCCCCCCOC(=O)CCN(CCC(=O)OCCCCCCCCCCCCC)CCN(CC)CCN(CC)CCN(CCC(=O)OCCCCCCCCCCCCC)CCC(=O)OCCCCCCCCCCCCC,3.2624496485497625
CCCCCCCCCCCCCOC(=O)CCN(CCC(=O)OCCCCCCCCCCCCC)CCN(CCC(=O)OCCCCCCCCCCCCC)CCN(CCC(=O)OCCCCCCCCCCCCC)CCN(CCC(=O)OCCCCCCCCCCCCC)CCN(CCC(=O)OCCCCCCCCCCCCC)CCN(CCC(=O)OCCCCCCCCCCCCC)CCC(=O)OCCCCCCCCCCCCC,-0.9513973578643068
CCCCCCCCCCCCCOC(=O)CCN(CCC(=O)OCCCCCCCCCCCCC)CCN(CCC(=O)OCCCCCCCCCCCCC)CCN1CCN(CCN(CCC(=O)OCCCCCCCCCCCCC)CCC(=O)OCCCCCCCCCCCCC)CC1,1.5243435479377916
CCCCCCCCCCCCCOC(=O)CCN(CCC(=O)OCCCCCCCCCCCCC)CCN1CCOCC1,-0.1601421729736021
CCCCCCCCCCCCCOC(=O)CCN(CCC(=O)OCCCCCCCCCCCCC)CN(CC)CCC,0.1463267556861095
CCCCCCCCCCCCCOC(=O)CCN(CCCCC)CCC(=O)OCCCCCCCCCCCCC,0.1503993578468476
CCCCCCCCCCCCCOC(=O)CCN(CCCCCO)CCC(=O)OCCCCCCCCCCCCC,0.6012544665668803
CCCCCCCCCCCCCOC(=O)CCN(CCCOC)CCC(=O)OCCCCCCCCCCCCC,-0.2343868692380283
CCCCCCCCCCCCCOC(=O)CCN(CCCOC)CCC(=O)OCCCCCCCCCCCCC,0.3231617464526908
CCCCCCCCCCCCCOC(=O)CCN(CCCOCCCCOCCCN(CCC(=O)OCCCCCCCCCCCCC)CCC(=O)OCCCCCCCCCCCCC)CCC(=O)OCCCCCCCCCCCCC,-0.0889045920798391
CCCCCCCCCCCCCOC(=O)CCN(CCCOCCOCCOCCCN(CCC(=O)OCCCCCCCCCCCCC)CCC(=O)OCCCCCCCCCCCCC)CCC(=O)OCCCCCCCCCCCCC,-0.0951785363443901
CCCCCCCCCCCCN(CCN(CCC(=O)OCCCCCCCCCC)CCC(=O)OCCCCCCCCCC)CCN(CCC(=O)OCCCCCCCCCC)CCC(=O)OCCCCCCCCCC,-0.5552734973692547
CCCCCCCCCCCCOC(=O)CCN(CCC(=O)OCCCCCCCCCCCC)[C@@H](CO)CC(C)C,2.469535305066635
CCCCCCCCCCCCOC(=O)CCN(CCC(=O)OCCCCCCCCCCCC)[C@@H](CO)CC(C)C,2.778658504621747
CCCCCCCCCCCCOC(=O)CCN(CCC(=O)OCCCCCCCCCCCC)C(C)(C)C,-0.6636093997188037
CCCCCCCCCCCCOC(=O)CCN(CCC(=O)OCCCCCCCCCCCC)C(C)(C)CC,-0.4125361412698731
CCCCCCCCCCCCOC(=O)CCN(CCC(=O)OCCCCCCCCCCCC)C(C)(CO)CO,-0.6017994835268426
CCCCCCCCCCCCOC(=O)CCN(CCC(=O)OCCCCCCCCCCCC)C(CC)CC,-0.2741480787516467
CCCCCCCCCCCCOC(=O)CCN(CCC(=O)OCCCCCCCCCCCC)C(CO)(CO)CO,-0.4423422441796637
CCCCCCCCCCCCOC(=O)CCN(CCC(=O)OCCCCCCCCCCCC)C(CO)C(C)(C)C,-0.7807781619153068
CCCCCCCCCCCCOC(=O)CCN(CCC(=O)OCCCCCCCCCCCC)c1cc(F)c(F)c(F)c1,-1.2143275813549153
CCCCCCCCCCCCOC(=O)CCN(CCC(=O)OCCCCCCCCCCCC)c1cc(F)cc(F)c1,-0.2725976693454542
CCCCCCCCCCCCOC(=O)CCN(CCC(=O)OCCCCCCCCCCCC)C1CC1,-0.2698862448965969
CCCCCCCCCCCCOC(=O)CCN(CCC(=O)OCCCCCCCCCCCC)c1ccc(C)c(F)c1,-0.8005860366285065
CCCCCCCCCCCCOC(=O)CCN(CCC(=O)OCCCCCCCCCCCC)c1ccc(C)c(N(CCC(=O)OCCCCCCCCCCCC)CCC(=O)OCCCCCCCCCCCC)c1,-0.5985887526585564
CCCCCCCCCCCCOC(=O)CCN(CCC(=O)OCCCCCCCCCCCC)c1ccc(F)c(F)c1,-0.348545480675856
CCCCCCCCCCCCOC(=O)CCN(CCC(=O)OCCCCCCCCCCCC)c1ccc(OCCCCCCCC)cc1,-0.832105809882822
CCCCCCCCCCCCOC(=O)CCN(CCC(=O)OCCCCCCCCCCCC)c1ccc2c(c1)Cc1cc(N(CCC(=O)OCCCCCCCCCCCC)CCC(=O)OCCCCCCCCCCCC)ccc1-2,-1.2771475721062835
CCCCCCCCCCCCOC(=O)CCN(CCC(=O)OCCCCCCCCCCCC)c1ccc2ccccc2c1-c1c(N(CCC(=O)OCCCCCCCCCCCC)CCC(=O)OCCCCCCCCCCCC)ccc2ccccc12,-0.3794485632717779
CCCCCCCCCCCCOC(=O)CCN(CCC(=O)OCCCCCCCCCCCC)c1cccc(C(F)(F)F)c1,-0.2455625477019634
CCCCCCCCCCCCOC(=O)CCN(CCC(=O)OCCCCCCCCCCCC)c1cccc(N(CCC(=O)OCCCCCCCCCCCC)CCC(=O)OCCCCCCCCCCCC)c1,0.3728614842230369
CCCCCCCCCCCCOC(=O)CCN(CCC(=O)OCCCCCCCCCCCC)CC(CC)CCCC,-0.4379835402993273
CCCCCCCCCCCCOC(=O)CCN(CCC(=O)OCCCCCCCCCCCC)CC1(C)CC(N(CCC(=O)OCCCCCCCCCCCC)CCC(=O)OCCCCCCCCCCCC)CC(C)(C)C1,2.9101758918313254
CCCCCCCCCCCCOC(=O)CCN(CCC(=O)OCCCCCCCCCCCC)Cc1ccccc1N(CCC(=O)OCCCCCCCCCCCC)CCC(=O)OCCCCCCCCCCCC,-0.8401753620779264
CCCCCCCCCCCCOC(=O)CCN(CCC(=O)OCCCCCCCCCCCC)Cc1ccccc1OCC,-0.3850684082551437
CCCCCCCCCCCCOC(=O)CCN(CCC(=O)OCCCCCCCCCCCC)CC1CCCN1CCC(=O)OCCCCCCCCCCCC,2.7368712660431846
CCCCCCCCCCCCOC(=O)CCN(CCC(=O)OCCCCCCCCCCCC)CCC1CCC(CC)CC1,-0.5090911839251161
CCCCCCCCCCCCOC(=O)CCN(CCC(=O)OCCCCCCCCCCCC)CCc1ccccc1F,-0.472915590607882
CCCCCCCCCCCCOC(=O)CCN(CCC(=O)OCCCCCCCCCCCC)CCN(C)C,-0.4895392538447214
CCCCCCCCCCCCOC(=O)CCN(CCC(=O)OCCCCCCCCCCCC)CCN(C)CCN(CCC(=O)OCCCCCCCCCCCC)CCC(=O)OCCCCCCCCCCCC,2.17543715690346
CCCCCCCCCCCCOC(=O)CCN(CCC(=O)OCCCCCCCCCCCC)CCN(CCC(=O)OCCCCCCCCCCCC)CCN(CCC(=O)OCCCCCCCCCCCC)CCC(=O)OCCCCCCCCCCCC,0.5961852970252176
CCCCCCCCCCCCOC(=O)CCN(CCC(=O)OCCCCCCCCCCCC)CCN(CCC(=O)OCCCCCCCCCCCC)CCN(CCC(=O)OCCCCCCCCCCCC)CCN(CCC(=O)OCCCCCCCCCCCC)CCN(CCC(=O)OCCCCCCCCCCCC)CCC(=O)OCCCCCCCCCCCC,1.2251194881564578
CCCCCCCCCCCCOC(=O)CCN(CCC(=O)OCCCCCCCCCCCC)CN(CC)CCC,-0.3582381484670258
CCCCCCCCCCCCOC(=O)CCN(CCCc1ccccc1)CCC(=O)OCCCCCCCCCCCC,-0.2324572569773705
CCCCCCCCCCCCOC(=O)CCN(CCCN(C)CCCN(CCC(=O)OCCCCCCCCCCCC)CCC(=O)OCCCCCCCCCCCC)CCC(=O)OCCCCCCCCCCCC,4.148872256516548
CCCCCCCCCCCCOC(=O)CCN(CCCN(CCC(=O)OCCCCCCCCCCCC)CCC(=O)OCCCCCCCCCCCC)CCC(=O)OCCCCCCCCCCCC,1.3804193968696612
CCCCCCCCCCCCOC(=O)CCN(CCCN(CCC(=O)OCCCCCCCCCCCC)CCN(CCC(=O)OCCCCCCCCCCCC)CCC(=O)OCCCCCCCCCCCC)CCC(=O)OCCCCCCCCCCCC,1.1239042482775876
CCCCCCCCCCCCOC(=O)CCN(CCCOCCCCOCCCN(CCC(=O)OCCCCCCCCCCCC)CCC(=O)OCCCCCCCCCCCC)CCC(=O)OCCCCCCCCCCCC,-0.132775639437395
CCCCCCCCCCCCOC(=O)CCN(CCN(CCC(=O)OCCCCCCCCCCCC)C(C)C)C(C)C,-0.6348900790226475
CCCCCCCCCCCCOC(=O)CCN(CCO)CCN(CCO)CCC(=O)OCCCCCCCCCCCC,0.4945630110175611
CCCCCCCCCCCCOC(=O)CCN(CCO)CCN(CCO)CCC(=O)OCCCCCCCCCCCC,-0.1267370361404575
CCCCCCCCCCCCOC(=O)CCN1CC[C@@H](N(CCC(=O)OCCCCCCCCCCCC)CCC(=O)OCCCCCCCCCCCC)C1,0.5476331923511717
CCCCCCCCCCCCOC(=O)CCN1CCCN(CCC(=O)OCCCCCCCCCCCC)CCCN(CCC(=O)OCCCCCCCCCCCC)CCC1,0.4584385481852328
CCCCCCCCCCCCOC(=O)CCN1CCCN(CCC(=O)OCCCCCCCCCCCC)CCCN(CCC(=O)OCCCCCCCCCCCC)CCN(CCC(=O)OCCCCCCCCCCCC)CCC1,0.0641741222570701
CCCCCCCCCCCCOC(=O)CCN1CCCN(CCC(=O)OCCCCCCCCCCCC)CCN(CCC(=O)OCCCCCCCCCCCC)CCCN(CCC(=O)OCCCCCCCCCCCC)CC1,-0.4654640231363949
CCCCCCCCCCCCOC(=O)CCN1CCN(CCC(=O)OCCCCCCCCCCCC)[C@H](C)C1,-0.5091578491561356
CCCCCCCCCCCOC(=O)CCN(C)c1ccccc1N(CCC(=O)OCCCCCCCCCCC)CCC(=O)OCCCCCCCCCCC,-0.922386043575554
CCCCCCCCCCCOC(=O)CCN(C)CCCCCCN(C)CCC(=O)OCCCCCCCCCCC,-0.7272251630578545
CCCCCCCCCCCOC(=O)CCN(C)CCOCCOCCN(C)CCC(=O)OCCCCCCCCCCC,-0.6739677954878658
CCCCCCCCCCCOC(=O)CCN(C)CCOCCOCCN(C)CCC(=O)OCCCCCCCCCCC,-0.5584110628632339
CCCCCCCCCCCOC(=O)CCN(CCC(=O)OCCCCCCCCCCC)[C@H]1CC[C@H](N(CCC(=O)OCCCCCCCCCCC)CCC(=O)OCCCCCCCCCCC)CC1,-0.1912295376134424
CCCCCCCCCCCOC(=O)CCN(CCC(=O)OCCCCCCCCCCC)C(C)(C)C,-0.5828033634050048
CCCCCCCCCCCOC(=O)CCN(CCC(=O)OCCCCCCCCCCC)C(C)C(C)C,-0.8027081306551195
CCCCCCCCCCCOC(=O)CCN(CCC(=O)OCCCCCCCCCCC)C(c1ccccc1)(c1ccccc1)c1ccccc1,-0.1875210388917527
CCCCCCCCCCCOC(=O)CCN(CCC(=O)OCCCCCCCCCCC)C(c1ccccc1)c1ccccc1,-1.0463311574418257
CCCCCCCCCCCOC(=O)CCN(CCC(=O)OCCCCCCCCCCC)C(CO)(CO)CO,-0.5933510564661547
CCCCCCCCCCCOC(=O)CCN(CCC(=O)OCCCCCCCCCCC)C(CO)C(C)(C)C,-1.1512526597545576
CCCCCCCCCCCOC(=O)CCN(CCC(=O)OCCCCCCCCCCC)c1c(C)cc(-c2cc(C)c(N(CCC(=O)OCCCCCCCCCCC)CCC(=O)OCCCCCCCCCCC)c(C)c2)cc1C,-0.0453676878678671
CCCCCCCCCCCOC(=O)CCN(CCC(=O)OCCCCCCCCCCC)c1cc(F)c(F)c(F)c1,-1.0805481323544108
CCCCCCCCCCCOC(=O)CCN(CCC(=O)OCCCCCCCCCCC)C1CC2CCC1C2,-0.1902670154784155
CCCCCCCCCCCOC(=O)CCN(CCC(=O)OCCCCCCCCCCC)c1ccc(-c2ccc(N(CCC(=O)OCCCCCCCCCCC)CCC(=O)OCCCCCCCCCCC)c(C)c2)cc1C,-0.7067458712505276
CCCCCCCCCCCOC(=O)CCN(CCC(=O)OCCCCCCCCCCC)c1ccc(C(C)C)cc1,-0.504047454393788
CCCCCCCCCCCOC(=O)CCN(CCC(=O)OCCCCCCCCCCC)c1ccc(C)c(F)c1,-0.1203990088118993
CCCCCCCCCCCOC(=O)CCN(CCC(=O)OCCCCCCCCCCC)c1ccc(C2(c3ccc(N(CCC(=O)OCCCCCCCCCCC)CCC(=O)OCCCCCCCCCCC)cc3)c3ccccc3-c3ccccc32)cc1,-0.0317282463777635
CCCCCCCCCCCOC(=O)CCN(CCC(=O)OCCCCCCCCCCC)c1ccc(N(CCC(=O)OCCCCCCCCCCC)c2ccccc2)cc1,-0.2783840670828359
CCCCCCCCCCCOC(=O)CCN(CCC(=O)OCCCCCCCCCCC)c1ccc(OC(F)F)cc1,-0.4063019194405864
CCCCCCCCCCCOC(=O)CCN(CCC(=O)OCCCCCCCCCCC)c1ccc(Oc2ccccc2)cc1,-0.2378679583596019
CCCCCCCCCCCOC(=O)CCN(CCC(=O)OCCCCCCCCCCC)c1ccc(OCCCCCCCC)cc1,-1.1690776389224442
CCCCCCCCCCCOC(=O)CCN(CCC(=O)OCCCCCCCCCCC)c1ccc2c(c1)CCCC2,-0.3583719142597619
CCCCCCCCCCCOC(=O)CCN(CCC(=O)OCCCCCCCCCCC)c1ccc2c(c1)OCO2,-0.8916749418171137
CCCCCCCCCCCOC(=O)CCN(CCC(=O)OCCCCCCCCCCC)C1CCc2ccccc21,0.3620379584759959
CCCCCCCCCCCOC(=O)CCN(CCC(=O)OCCCCCCCCCCC)c1ccc2ccccc2c1-c1c(N(CCC(=O)OCCCCCCCCCCC)CCC(=O)OCCCCCCCCCCC)ccc2ccccc12,-0.6180484463020445
CCCCCCCCCCCOC(=O)CCN(CCC(=O)OCCCCCCCCCCC)c1cccc(N(CCC(=O)OCCCCCCCCCCC)CCC(=O)OCCCCCCCCCCC)c1,0.2924077974194612
CCCCCCCCCCCOC(=O)CCN(CCC(=O)OCCCCCCCCCCC)c1ccccc1C(C)(C)C,-0.4767583441239128
CCCCCCCCCCCOC(=O)CCN(CCC(=O)OCCCCCCCCCCC)CC(C)N(CCC(=O)OCCCCCCCCCCC)CCC(=O)OCCCCCCCCCCC,-0.1644695807512111
CCCCCCCCCCCOC(=O)CCN(CCC(=O)OCCCCCCCCCCC)CC(OC)OC,-0.180346401378051
CCCCCCCCCCCOC(=O)CCN(CCC(=O)OCCCCCCCCCCC)CC[C@H](C)O,-1.08336034480483
CCCCCCCCCCCOC(=O)CCN(CCC(=O)OCCCCCCCCCCC)Cc1ccccc1N(CCC(=O)OCCCCCCCCCCC)CCC(=O)OCCCCCCCCCCC,-0.9769135928148324
CCCCCCCCCCCOC(=O)CCN(CCC(=O)OCCCCCCCCCCC)CCC(c1ccccc1)c1ccccc1,0.3304353590839552
CCCCCCCCCCCOC(=O)CCN(CCC(=O)OCCCCCCCCCCC)CCC1OCCO1,-0.0679838510917762
CCCCCCCCCCCOC(=O)CCN(CCC(=O)OCCCCCCCCCCC)CCN(C(C)C)C(C)C,-0.1440950724463659
CCCCCCCCCCCOC(=O)CCN(CCC(=O)OCCCCCCCCCCC)CCN(CCC(=O)OCCCCCCCCCCC)CCN(CC)CC,0.9726097278581558
CCCCCCCCCCCOC(=O)CCN(CCC(=O)OCCCCCCCCCCC)CCN(CCC(=O)OCCCCCCCCCCC)CCN(CCC(=O)OCCCCCCCCCCC)CCC(=O)OCCCCCCCCCCC,0.3075725780383436
CCCCCCCCCCCOC(=O)CCN(CCC(=O)OCCCCCCCCCCC)CCN(CCC(=O)OCCCCCCCCCCC)CCN(CCC(=O)OCCCCCCCCCCC)CCN(CCC(=O)OCCCCCCCCCCC)CCN(CCC(=O)OCCCCCCCCCCC)CCC(=O)OCCCCCCCCCCC,0.9804727484363088
CCCCCCCCCCCOC(=O)CCN(CCC(=O)OCCCCCCCCCCC)CCN(CCC(=O)OCCCCCCCCCCC)CCN1CCN(CCN(CCC(=O)OCCCCCCCCCCC)CCC(=O)OCCCCCCCCCCC)CC1,0.8728431194538373
CCCCCCCCCCCOC(=O)CCN(CCC(=O)OCCCCCCCCCCC)CCN(CCO)CCO,-0.4086715496577698
CCCCCCCCCCCOC(=O)CCN(CCCc1ccccc1)CCC(=O)OCCCCCCCCCCC,-0.2530559367375564
CCCCCCCCCCCOC(=O)CCN(CCCCCC)CCC(=O)OCCCCCCCCCCC,0.2311195743789489
CCCCCCCCCCCOC(=O)CCN(CCCCCCO)CCC(=O)OCCCCCCCCCCC,0.4929769581651031
CCCCCCCCCCCOC(=O)CCN(CCCCN(C)Cc1ccccc1)CCC(=O)OCCCCCCCCCCC,-0.1440950724463659
CCCCCCCCCCCOC(=O)CCN(CCCCO)CCC(=O)OCCCCCCCCCCC,0.3208214503683803
CCCCCCCCCCCOC(=O)CCN(CCCN1CCOCC1)CCC(=O)OCCCCCCCCCCC,-0.0791986675744233
CCCCCCCCCCCOC(=O)CCN(CCCOC)CCC(=O)OCCCCCCCCCCC,-0.4526610964164876
CCCCCCCCCCCOC(=O)CCN(CCCOC)CCC(=O)OCCCCCCCCCCC,-0.3612328002601927
CCCCCCCCCCCOC(=O)CCN(CCCOCCOCCOCCCN(CCC(=O)OCCCCCCCCCCC)CCC(=O)OCCCCCCCCCCC)CCC(=O)OCCCCCCCCCCC,-0.6028882336737659
CCCCCCCCCCCOC(=O)CCN(CCN(CCC(=O)OCCCCCCCCCCC)C(C)(C)C)C(C)(C)C,-0.2402450488329805
CCCCCCCCCCCOC(=O)CCN(CCN(CCC(=O)OCCCCCCCCCCC)C(C)C)C(C)C,-0.2189365414989288
CCCCCCCCCCCOC(=O)CCN(CCO)CCC(=O)OCCCCCCCCCCC,0.3015586872127673
CCCCCCCCCCCOC(=O)CCN(CCOCC)CCC(=O)OCCCCCCCCCCC,-0.4880522476710361
CCCCCCCCCCCOC(=O)CCN(CCOCCN1CCCC1)CCC(=O)OCCCCCCCCCCC,-1.07716454538215
CCCCCCCCCCCOC(=O)CCN1C(C)N(CCC(=O)OCCCCCCCCCCC)C(C)N(CCC(=O)OCCCCCCCCCCC)C1C,0.7488246136027586
CCCCCCCCCCCOC(=O)CCN1CCC(N(CCC(=O)OCCCCCCCCCCC)CCC(=O)OCCCCCCCCCCC)CC1,-0.8008702479394605
CCCCCCCCCCCOC(=O)CCN1CCCCN(C)CCN(CCC(=O)OCCCCCCCCCCC)CCCN(C)CC1,-0.2222885282333175
CCCCCCCCCCOC(=O)CCN(C)c1ccccc1N(CCC(=O)OCCCCCCCCCC)CCC(=O)OCCCCCCCCCC,-0.9623273666925788
CCCCCCCCCCOC(=O)CCN(C)CCCCCCN(C)CCC(=O)OCCCCCCCCCC,-0.2905757716135186
CCCCCCCCCCOC(=O)CCN(C)CCN(CCC(=O)OCCCCCCCCCC)CCC(=O)OCCCCCCCCCC,0.2834991005796745
CCCCCCCCCCOC(=O)CCN(C)CCOCCN(C)CCC(=O)OCCCCCCCCCC,0.6820734852769516
CCCCCCCCCCOC(=O)CCN(CC)CCN(CCC(=O)OCCCCCCCCCC)CCC(=O)OCCCCCCCCCC,0.1668848184958996
CCCCCCCCCCOC(=O)CCN(CCC(=O)OCCCCCCCCCC)[C@H]1CC[C@H](N(CCC(=O)OCCCCCCCCCC)CCC(=O)OCCCCCCCCCC)CC1,-0.1138216330879392
CCCCCCCCCCOC(=O)CCN(CCC(=O)OCCCCCCCCCC)C(C)C(C)C,-0.9825903766680232
CCCCCCCCCCOC(=O)CCN(CCC(=O)OCCCCCCCCCC)C(C)c1ccc(C)cc1,-0.468225528505737
CCCCCCCCCCOC(=O)CCN(CCC(=O)OCCCCCCCCCC)C(C)CCC,-0.4707593857375949
CCCCCCCCCCOC(=O)CCN(CCC(=O)OCCCCCCCCCC)C(CO)C(C)(C)C,-1.2417675545834028
CCCCCCCCCCOC(=O)CCN(CCC(=O)OCCCCCCCCCC)C[C@@H](C)O,0.2444956109800523
CCCCCCCCCCOC(=O)CCN(CCC(=O)OCCCCCCCCCC)c1c(F)cc(F)cc1F,-0.6484523477106557
CCCCCCCCCCOC(=O)CCN(CCC(=O)OCCCCCCCCCC)c1ccc(OC(F)F)cc1,0.1073004976946783
CCCCCCCCCCOC(=O)CCN(CCC(=O)OCCCCCCCCCC)c1ccc(Oc2ccc(F)cc2)cc1,-0.5726596631943257
CCCCCCCCCCOC(=O)CCN(CCC(=O)OCCCCCCCCCC)c1ccc(Oc2ccccc2)cc1,-0.5389127440563758
CCCCCCCCCCOC(=O)CCN(CCC(=O)OCCCCCCCCCC)c1ccc2cc3ccccc3cc2c1,-1.2771475721062835
CCCCCCCCCCOC(=O)CCN(CCC(=O)OCCCCCCCCCC)c1cccc(C(F)(F)F)c1,-0.7941735438969838
CCCCCCCCCCOC(=O)CCN(CCC(=O)OCCCCCCCCCC)c1cccc(F)c1,-1.1784651816388898
CCCCCCCCCCOC(=O)CCN(CCC(=O)OCCCCCCCCCC)c1cccc(N(CCC(=O)OCCCCCCCCCC)CCC(=O)OCCCCCCCCCC)c1,0.6785933204876805
CCCCCCCCCCOC(=O)CCN(CCC(=O)OCCCCCCCCCC)c1ccccc1C(C)(C)C,-0.1426314071541737
CCCCCCCCCCOC(=O)CCN(CCC(=O)OCCCCCCCCCC)c1ccccc1Cc1ccccc1,0.3226958412282649
CCCCCCCCCCOC(=O)CCN(CCC(=O)OCCCCCCCCCC)c1ccccc1OC,-0.1249109729514003
CCCCCCCCCCOC(=O)CCN(CCC(=O)OCCCCCCCCCC)CC1(C)CC(N(CCC(=O)OCCCCCCCCCC)CCC(=O)OCCCCCCCCCC)CC(C)(C)C1,-1.149887665444783
CCCCCCCCCCOC(=O)CCN(CCC(=O)OCCCCCCCCCC)CC1CCC(CN(CCC(=O)OCCCCCCCCCC)CCC(=O)OCCCCCCCCCC)CC1,-0.3509732961206141
CCCCCCCCCCOC(=O)CCN(CCC(=O)OCCCCCCCCCC)Cc1cccc(F)c1,-0.4403244148367563
CCCCCCCCCCOC(=O)CCN(CCC(=O)OCCCCCCCCCC)Cc1cccc(N(CCC(=O)OCCCCCCCCCC)CCC(=O)OCCCCCCCCCC)c1,-0.7050717265479379
CCCCCCCCCCOC(=O)CCN(CCC(=O)OCCCCCCCCCC)Cc1ccccc1F,-0.5852674365297521
CCCCCCCCCCOC(=O)CCN(CCC(=O)OCCCCCCCCCC)CC1CCCN1C,-0.8000728354073711
CCCCCCCCCCOC(=O)CCN(CCC(=O)OCCCCCCCCCC)CCN(C)CCCN(C)CCN(CCC(=O)OCCCCCCCCCC)CCC(=O)OCCCCCCCCCC,2.386703514005865
CCCCCCCCCCOC(=O)CCN(CCC(=O)OCCCCCCCCCC)CCN(CCC(=O)OCCCCCCCCCC)CCN(CC)CC,0.305866087668606
CCCCCCCCCCOC(=O)CCN(CCC(=O)OCCCCCCCCCC)CCN(CCC(=O)OCCCCCCCCCC)CCN(CCC(=O)OCCCCCCCCCC)CCN(CCC(=O)OCCCCCCCCCC)CCN(CCC(=O)OCCCCCCCCCC)CCN(CCC(=O)OCCCCCCCCCC)CCC(=O)OCCCCCCCCCC,0.0252681109530239
CCCCCCCCCCOC(=O)CCN(CCC(=O)OCCCCCCCCCC)CCN1CCCC1,-0.1836640625851341
CCCCCCCCCCOC(=O)CCN(CCC)CCC(=O)OCCCCCCCCCC,0.0034150645510698
CCCCCCCCCCOC(=O)CCN(CCCN(C)C)CCC(=O)OCCCCCCCCCC,-0.1649076427013165
CCCCCCCCCCOC(=O)CCN(CCCN(C)C)CCC(=O)OCCCCCCCCCC,0.1068819182841329
CCCCCCCCCCOC(=O)CCN(CCCN(C)C)CCCN(CCC(=O)OCCCCCCCCCC)CCC(=O)OCCCCCCCCCC,4.286499450427516
CCCCCCCCCCOC(=O)CCN(CCO)CCC(=O)OCCCCCCCCCC,0.2157490493164305
CCCCCCCCCCOC(=O)CCN(CCOCC)CCC(=O)OCCCCCCCCCC,-0.3583955234957943
CCCCCCCCCCOC(=O)CCN(CCOCCOCCN(CCC(=O)OCCCCCCCCCC)CCC(=O)OCCCCCCCCCC)CCC(=O)OCCCCCCCCCC,-0.6068006818453942
CCCCCCCCCCOC(=O)CCN1CC[C@@H](N(CCC(=O)OCCCCCCCCCC)CCC(=O)OCCCCCCCCCC)C1,0.3933920854182957
CCCCCCCCCCOC(=O)CCN1CCC(N(CCC(=O)OCCCCCCCCCC)CCC(=O)OCCCCCCCCCC)CC1,-0.3333865144053271
CCCCCCCCCCOC(=O)CCN1CCCN(CCC(=O)OCCCCCCCCCC)CCN(CCC(=O)OCCCCCCCCCC)CCCN(CCC(=O)OCCCCCCCCCC)CC1,-0.0020216433677457
CCCCCCCCCCOC(=O)CCN(C)CCOCCN(C)CCC(=O)OCCCCCCCCCC,-0.9036949108695278
CCCCCCCCCCCCOC(=O)CCN(CCC(=O)OCCCCCCCCCCCC)CCN(C)CCN(CCC(=O)OCCCCCCCCCCCC)CCC(=O)OCCCCCCCCCCCC,1.3158727131036352
CCCCCCCCCCCCCCOC(=O)CCN(CCC(=O)OCCCCCCCCCCCCCC)CCN(C)CCN(CCC(=O)OCCCCCCCCCCCCCC)CCC(=O)OCCCCCCCCCCCCCC,-0.6784216393438548
CCCCCCCCCCCCOC(=O)CCN(CCC(=O)OCCCCCCCCCCCC)CC1CCCN1CCC(=O)OCCCCCCCCCCCC,-0.922405564163292
CCCCCCCCCCCCOC(=O)CCN(CCC(=O)OCCCCCCCCCCCC)[C@@H](CO)CC(C)C,-0.8049691578838238
CCCCCCCCCCCOC(=O)CCN(CCC(=O)OCCCCCCCCCCC)CCN(CCC(=O)OCCCCCCCCCCC)CCN1CCN(CCN(CCC(=O)OCCCCCCCCCCC)CCC(=O)OCCCCCCCCCCC)CC1,-0.4437904437726154
CCCCCCCCCCCCCOC(=O)CCN(CCC(=O)OCCCCCCCCCCCCC)CCN(CCC(=O)OCCCCCCCCCCCCC)CCN1CCN(CCN(CCC(=O)OCCCCCCCCCCCCC)CCC(=O)OCCCCCCCCCCCCC)CC1,0.2333408563100939
CCCCCCCCCCCCCCOC(=O)CCN(CCC(=O)OCCCCCCCCCCCCCC)CCN1CCN(CCC(=O)OCCCCCCCCCCCCCC)CC1,-0.915713385197746
CCCCCCCCCCOC(=O)CCN(CCCN(C)C)CCCN(CCC(=O)OCCCCCCCCCC)CCC(=O)OCCCCCCCCCC,-1.1913891433784594
CCCCCCCCCCCCOC(=O)CCN(CCCN(C)CCCN(CCC(=O)OCCCCCCCCCCCC)CCC(=O)OCCCCCCCCCCCC)CCC(=O)OCCCCCCCCCCCC,1.3291929152872295
CCCCCCCCCCCCCCOC(=O)CCN(CCCN(C)CCCN(CCC(=O)OCCCCCCCCCCCCCC)CCC(=O)OCCCCCCCCCCCCCC)CCC(=O)OCCCCCCCCCCCCCC,-0.4064721280595083
CCCCCCCCCCCCOC(=O)CCN(CCC(=O)OCCCCCCCCCCCC)CC1(C)CC(N(CCC(=O)OCCCCCCCCCCCC)CCC(=O)OCCCCCCCCCCCC)CC(C)(C)C1,-1.3142095099491182
CCCCCCCCCCCCCOC(=O)CCN(CCC(=O)OCCCCCCCCCCCCC)CCN(CC)CCN(CC)CCN(CCC(=O)OCCCCCCCCCCCCC)CCC(=O)OCCCCCCCCCCCCC,1.2166292503610334
CCCCCCCCCCOC(=O)CCN(CCC(=O)OCCCCCCCCCC)CCN(C)CCCN(C)CCN(CCC(=O)OCCCCCCCCCC)CCC(=O)OCCCCCCCCCC,0.0457116035815954
N(CC(=O)OCC)C(=O)C(CCCCCCC/C=C\CCCCCCCC)(CCCCCCC/C=C\CCCCCCCC)N(C)CCCN(C)C,-0.4447941022570071
N(CC(=O)OCC)C(=O)C(CCCCCCC/C=C\CCCCCCCC)(CCCCCCC/C=C\CCCCCCCC)N3CCN(C)CC3,0.3845724424669149
C1(C(=O)OC(C)(C)C)N=CC(CCCCCCC/C=C\CCCCCCCC)(CCCCCCC/C=C\CCCCCCCC)N1(CCCN3CCCC3),3.6355453789589234
C1(C(=O)OC(C)(C)C)N=CC(CCCCCCC/C=C\CCCCCCCC)(CCCCCCC/C=C\CCCCCCCC)N1(CCN(C)C),1.7266607135605845
N(CS(=O)(=O)c3ccc(C)cc3)C(=O)C(CCCCCCC/C=C\CCCCCCCC)(CCCCCCC/C=C\CCCCCCCC)N(C)CCN(C)C,2.1073742464191425
N(CC(=O)OC(C)(C)C)C(=O)C(CCCCCCC/C=C\CCCCCCCC)(CCCCCCC/C=C\CCCCCCCC)N(C)CCN(C)C,3.5964889414803003
N(CCCCC)C(=O)C(CCCCCCC/C=C\CCCCCCCC)(CCCCCCC/C=C\CCCCCCCC)NCCN(CC)CC,-0.3798215432006214
N(CCCC)C(=O)C(CCCCCCCC)(CCCCCCCC)NCCN(CC)CC,-1.3268044793256606
N(CCCC)C(=O)C(CCCCCC)(CCCCCC)NCCN(CC)CC,-1.281441554398183
C1(C(=O)OC)N=CC(CCCCCC)(CCCCCC)N1(CCN(CC)CC),-0.4868195492578844
C1(C)(C(=O)OC(C)(C)C)N=CC(CCCCCC)(CCCCCC)N1(CCN(CC)CC),-0.9342693598612196
N(CCCC)C(=O)C5(CCCCCCCCCCCCCC5)NCCN(CC)CC,-1.312093408265412
N(CCCCC)C(=O)C5(CCCCCCCCCCCCCC5)NCCN(CC)CC,-0.3871244843609681
C1(C(=O)OC(C)(C)C)N=CC5(CCCCCCCCCCCCCC5)N1(CCN(CC)CC),-0.7312895065903405
C1(C(=O)OCC)N=CC5(CCCCCCCCCCC5)N1(CCN(CC)CC),-0.5405216884285198
C1(C)(C(=O)OC(C)(C)C)N=CC(CCCCC)(CCCCC)N1(CCN(CC)CC),0.1094800640871126
C1(CC(=O)OCC)N=CC(CCCCC)(CCCCC)N1(CCN(CC)CC),-0.3871244843609681
N(CS(=O)(=O)c3ccc(C)cc3)C(=O)C(CCCCC)(CCCCC)NCCN(CC)CC,-0.805556451785221
N(C3CCCCC3)C(=O)C(CCCCCCC/C=C\CCCCCCCC)(CCCCCCC/C=C\CCCCCCCC)NCCCN1CCCC1,0.3771702849618121
N(C(C)(C)C)C(=O)C(CCCCCCCCCC)(CCCCCCCCCC)NCCCN1CCCC1,0.3424753497188342
N(CCCC)C(=O)C(CCCCCCCCCC)(CCCCCCCCCC)NCCCN1CCCC1,0.5146578428862928
C1(C(=O)OC)N=CC(CCCCCCCCCC)(CCCCCCCCCC)N1(CCCN3CCCC3),2.1212656305607065
C1(C)(C(=O)OC(C)(C)C)N=CC(CCCCCCCCCC)(CCCCCCCCCC)N1(CCCN3CCCC3),-1.1558461112379417
N(C3CCCCC3)C(=O)C(CCCCCCCCCC)(CCCCCCCCCC)NCCCN1CCCC1,-0.1868051413869216
N(CCCCC)C(=O)C(CCCCCCCCC)(CCCCCCCCC)NCCCN1CCCC1,0.3797952457153444
C1(C(=O)OC)N=CC(CCCCCCCCC)(CCCCCCCCC)N1(CCCN3CCCC3),2.0430589637156578
C1(C)(C(=O)OC(C)(C)C)N=CC(CCCCCCCCC)(CCCCCCCCC)N1(CCCN3CCCC3),-1.0120921841111157
C1(CC(=O)OCC)N=CC(CCCCCCCCC)(CCCCCCCCC)N1(CCCN3CCCC3),-0.2700084534523611
C1(C(=O)OC)N=CC(CCCCCCCC)(CCCCCCCC)N1(CCCN3CCCC3),1.3931178828633697
C1(C(=O)OCC)N=CC(CCCCCCCC)(CCCCCCCC)N1(CCCN3CCCC3),0.8591999102161388
N(C3CCCCC3)C(=O)C(CCCCCCCC)(CCCCCCCC)NCCCN1CCCC1,-1.309681821406348
C1(C(=O)OCC)N=CC(CCCCCCC)(CCCCCCC)N1(CCCN3CCCC3),0.8690371941945404
C1(C(=O)OC(C)(C)C)N=CC(CCCCCCC)(CCCCCCC)N1(CCCN3CCCC3),-0.3670622344123525
C1(CC(=O)OCC)N=CC(CCCCCCC)(CCCCCCC)N1(CCCN3CCCC3),-0.4150080872575024
N(C3CCCCC3)C(=O)C(CCCCCCC)(CCCCCCC)NCCCN1CCCC1,0.863848542101199
C1(C(=O)OC)N=CC(CCCCCC)(CCCCCC)N1(CCCN3CCCC3),0.9115210046149124
C1(C(=O)OC(C)(C)C)N=CC5(CCCCCCCCCCCCCC5)N1(CCCN3CCCC3),0.9550315637066266
N(C(C)(C)C)C(=O)C5(CCCCCCCCCCC5)NCCCN1CCCC1,1.5616554245060572
C1(C(=O)OC)N=CC5(CCCCCCCCCCC5)N1(CCCN3CCCC3),-1.2830744053484175
C1(C(=O)OC(C)(C)C)N=CC5(CCCCCCCCCCC5)N1(CCCN3CCCC3),-0.5109594121617648
C1(C(=O)OCC)N=CC(CCCCC)(CCCCC)N1(CCCN3CCCC3),-0.7240639702721838
C1(C)(C(=O)OC(C)(C)C)N=CC(CCCCC)(CCCCC)N1(CCCN3CCCC3),-1.1059380086670687
N(C(C)(C)C)C(=O)C(CCCCCCC/C=C\CCCCCCCC)(CCCCCCC/C=C\CCCCCCCC)N(CC)CCCNCC,2.358653671321223
N(CC(=O)OC)C(=O)C(CCCCCCC/C=C\CCCCCCCC)(CCCCCCC/C=C\CCCCCCCC)N(CC)CCCNCC,3.0365621014306656
N(C(C)C(=O)OC(C)(C)C)C(=O)C(CCCCCCCCCC)(CCCCCCCCCC)N(CC)CCCNCC,2.2932484010218115
N(CCCC)C(=O)C(CCCCCCCCC)(CCCCCCCCC)N(CC)CCCNCC,0.7514701184768343
N(C3CCCCC3)C(=O)C(CCCCCCCCC)(CCCCCCCCC)N(CC)CCCNCC,-0.5809989542874813
N(CS(=O)(=O)c3ccc(C)cc3)C(=O)C(CCCCCCCC)(CCCCCCCC)N(CC)CCCNCC,-0.2165115572383629
N(CCCCC)C(=O)C(CCCCCCC)(CCCCCCC)N(CC)CCCNCC,0.1414420232951516
N(CC(=O)OCC)C(=O)C(CCCCCCC)(CCCCCCC)N(CC)CCCNCC,1.1208062967169954
N(C(C)C(=O)OC(C)(C)C)C(=O)C(CCCCCCC)(CCCCCCC)N(CC)CCCNCC,-0.8620296723001346
N(C(C)(C)C)C(=O)C(CCCCCC)(CCCCCC)N(CC)CCCNCC,0.0091207541918664
N(CCCCC)C(=O)C(CCCCCC)(CCCCCC)N(CC)CCCNCC,0.9713977940677472
N(C3CCCCC3)C(=O)C(CCCCCC)(CCCCCC)N(CC)CCCNCC,0.4348827697343027
N(CCC(=O)OCC)C(=O)C5(CCCCCCCCCCCCCC5)N(CC)CCCNCC,-0.4268011874816003
N(C3CCCCC3)C(=O)C5(CCCCCCCCCCCCCC5)N(CC)CCCNCC,0.4989957139349093
N(CCC(=O)OCC)C(=O)C5(CCCCCCCCCCC5)N(CC)CCCNCC,-0.5470014545157326
N(CS(=O)(=O)c3ccc(C)cc3)C(=O)C5(CCCCCCCCCCC5)N(CC)CCCNCC,-2.3256582454367005
N(C(C)(C)C)C(=O)C(CCCCC)(CCCCC)N(CC)CCCNCC,-0.266269648732057
N(CCCCC)C(=O)C(CCCCC)(CCCCC)N(CC)CCCNCC,1.0400091802620202
N(C(C)C(=O)OC(C)(C)C)C(=O)C(CCCCC)(CCCCC)N(CC)CCCNCC,-0.068040655433283
N(CCCCC)C(=O)C(CCCCCCC/C=C\CCCCCCCC)(CCCCCCC/C=C\CCCCCCCC)N(C)CCN(C)C,0.9034677717784568
N(CC(=O)OC)C(=O)C(CCCCCCC/C=C\CCCCCCCC)(CCCCCCC/C=C\CCCCCCCC)N(C)CCN(C)C,1.0599564450065544
N(CC(=O)OC(C)(C)C)C(=O)C(CCCCCCCCCC)(CCCCCCCCCC)N(C)CCN(C)C,1.0714478562723562
N(CCC(=O)OCC)C(=O)C(CCCCCCCCCC)(CCCCCCCCCC)N(C)CCN(C)C,-1.3173510813687217
N(CC(=O)OCC)C(=O)C(CCCCCCCCC)(CCCCCCCCC)N(C)CCN(C)C,0.4506326236626026
N(CCC(=O)OCC)C(=O)C(CCCCCCCCC)(CCCCCCCCC)N(C)CCN(C)C,-0.7125745808842626
N(CC(=O)OC)C(=O)C(CCCCCCCC)(CCCCCCCC)N(C)CCN(C)C,1.0829367079403864
N(CC(=O)OCC)C(=O)C(CCCCCCCC)(CCCCCCCC)N(C)CCN(C)C,0.922666144706742
N(C(C)C(=O)OC(C)(C)C)C(=O)C(CCCCCCCC)(CCCCCCCC)N(C)CCN(C)C,-0.931770889729296
N(CCCC)C(=O)C5(CCCCCCCCCCCCCC5)N(C)CCN(C)C,-1.356421130440883
N(CC(=O)OCC)C(=O)C5(CCCCCCCCCCCCCC5)N(C)CCN(C)C,0.1158191084956457
N(CC(=O)OCC)C(=O)C5(CCCCCCCCCCC5)N(C)CCN(C)C,0.6126903647324782
N(C(C)C(=O)OC(C)(C)C)C(=O)C5(CCCCCCCCCCC5)N(C)CCN(C)C,-0.5169014417536788
N(CCC(=O)OCC)C(=O)C5(CCCCCCCCCCC5)N(C)CCN(C)C,-0.3822723555123605
N(C3CCCCC3)C(=O)C5(CCCCCCCCCCC5)N(C)CCN(C)C,0.8479479643933462
N(CC(=O)OC(C)(C)C)C(=O)C(CCCCC)(CCCCC)N(C)CCN(C)C,-1.1233731431508542
N(CCCC)C(=O)C(CCCCCCC/C=C\CCCCCCCC)(CCCCCCC/C=C\CCCCCCCC)NCCN(C)C,-0.0965738277900268
N(C(C)(C)C)C(=O)C(CCCCCCCCCC)(CCCCCCCCCC)NCCN(C)C,1.0945821689301505
N(CCCCC)C(=O)C(CCCCCCCCCC)(CCCCCCCCCC)NCCN(C)C,-0.4686695679072498
C1(C(=O)OC)N=CC(CCCCCCCCCC)(CCCCCCCCCC)N1(CCN(C)C),1.239711480081671
C1(C(=O)OCC)N=CC(CCCCCCCCCC)(CCCCCCCCCC)N1(CCN(C)C),2.266314079369456
C1(C)(C(=O)OC(C)(C)C)N=CC(CCCCCCCCCC)(CCCCCCCCCC)N1(CCN(C)C),1.2022309859291749
N(C(C)(C)C)C(=O)C(CCCCCCCCC)(CCCCCCCCC)NCCN(C)C,0.1564255254762953
N(CCCCC)C(=O)C(CCCCCCCCC)(CCCCCCCCC)NCCN(C)C,0.7591870937353893
C1(CC(=O)OCC)N=CC(CCCCCCCCC)(CCCCCCCCC)N1(CCN(C)C),-0.7456050048428944
N(CS(=O)(=O)c3ccc(C)cc3)C(=O)C(CCCCCCCC)(CCCCCCCC)NCCN(C)C,-0.1834807283932572
C1(C(=O)OCC)N=CC(CCCCCCC)(CCCCCCC)N1(CCN(C)C),1.0061893617900668
C1(C)(C(=O)OC(C)(C)C)N=CC(CCCCCCC)(CCCCCCC)N1(CCN(C)C),-1.1749755474543888
C1(CC(=O)OCC)N=CC(CCCCCCC)(CCCCCCC)N1(CCN(C)C),-0.7574119389010553
N(CS(=O)(=O)c3ccc(C)cc3)C(=O)C(CCCCCCC)(CCCCCCC)NCCN(C)C,-0.4009868303511664
N(C(C)(C)C)C(=O)C(CCCCCC)(CCCCCC)NCCN(C)C,0.4558332831305202
C1(C)(C(=O)OC(C)(C)C)N=CC(CCCCCC)(CCCCCC)N1(CCN(C)C),-1.2575469939442054
N(C3CCCCC3)C(=O)C(CCCCCC)(CCCCCC)NCCN(C)C,1.0437482365994717
N(CCCCC)C(=O)C5(CCCCCCCCCCCCCC5)NCCN(C)C,-0.4766284736905003
C1(C(=O)OC(C)(C)C)N=CC5(CCCCCCCCCCCCCC5)N1(CCN(C)C),-1.139253421613506
N(CCCCC)C(=O)C(CCCCC)(CCCCC)NCCN(C)C,-0.8189677734022305
C1(C(=O)OC)N=CC(CCCCC)(CCCCC)N1(CCN(C)C),-1.3142785984461365
C1(C)(C(=O)OC(C)(C)C)N=CC(CCCCC)(CCCCC)N1(CCN(C)C),-1.1957242396317087
N(CS(=O)(=O)c3ccc(C)cc3)C(=O)C(CCCCC)(CCCCC)NCCN(C)C,-1.1019211682774552
N(CCC(=O)OCC)C(=O)C(CCCCCCC/C=C\CCCCCCCC)(CCCCCCC/C=C\CCCCCCCC)N(C)CCCN(C)C,-0.3100876916398968
N(C(C)(C)C)C(=O)C(CCCCCCCCCC)(CCCCCCCCCC)N(C)CCCN(C)C,0.9368352988507797
N(CCCC)C(=O)C(CCCCCCCCCC)(CCCCCCCCCC)N(C)CCCN(C)C,-0.9928252359311576
N(CC(=O)OC(C)(C)C)C(=O)C(CCCCCCCCCC)(CCCCCCCCCC)N(C)CCCN(C)C,-0.1902101127391915
N(CCCCC)C(=O)C(CCCCCCCCC)(CCCCCCCCC)N(C)CCCN(C)C,1.4372608937858853
N(CS(=O)(=O)c3ccc(C)cc3)C(=O)C(CCCCCCCCC)(CCCCCCCCC)N(C)CCCN(C)C,-0.4011391021509283
N(C(C)C(=O)OC(C)(C)C)C(=O)C(CCCCCCCC)(CCCCCCCC)N(C)CCCN(C)C,-1.2235935476089526
N(CCC(=O)OCC)C(=O)C(CCCCCCCC)(CCCCCCCC)N(C)CCCN(C)C,0.0676956969661624
N(CS(=O)(=O)c3ccc(C)cc3)C(=O)C(CCCCCCCC)(CCCCCCCC)N(C)CCCN(C)C,-0.591070207726253
N(C3CCCCC3)C(=O)C(CCCCCCCC)(CCCCCCCC)N(C)CCCN(C)C,1.2980936572998445
N(CS(=O)(=O)c3ccc(C)cc3)C(=O)C(CCCCCCC)(CCCCCCC)N(C)CCCN(C)C,-0.652524554942134
N(CCCC)C(=O)C(CCCCCC)(CCCCCC)N(C)CCCN(C)C,0.3021030375864601
N(CC(=O)OC(C)(C)C)C(=O)C(CCCCCC)(CCCCCC)N(C)CCCN(C)C,-0.8507508149378982
N(C(C)C(=O)OC(C)(C)C)C(=O)C(CCCCCC)(CCCCCC)N(C)CCCN(C)C,-1.1682515543570544
N(C3CCCCC3)C(=O)C(CCCCCC)(CCCCCC)N(C)CCCN(C)C,0.6242276073589764
N(CC(=O)OCC)C(=O)C5(CCCCCCCCCCCCCC5)N(C)CCCN(C)C,0.5205753557720069
N(CC(=O)OC)C(=O)C5(CCCCCCCCCCC5)N(C)CCCN(C)C,-1.3080619114963434
N(C(C)C(=O)OC(C)(C)C)C(=O)C5(CCCCCCCCCCC5)N(C)CCCN(C)C,-1.5993578261232255
N(CCCC)C(=O)C(CCCCCCC/C=C\CCCCCCCC)(CCCCCCC/C=C\CCCCCCCC)N(CC)CCN(C)C,-0.4082015713996806
N(CCCCC)C(=O)C(CCCCCCC/C=C\CCCCCCCC)(CCCCCCC/C=C\CCCCCCCC)N(CC)CCN(C)C,0.2457709640726103
N(CCC(=O)OCC)C(=O)C(CCCCCCC/C=C\CCCCCCCC)(CCCCCCC/C=C\CCCCCCCC)N(CC)CCN(C)C,0.3251417293424752
N(CC(=O)OC)C(=O)C(CCCCCCCCCC)(CCCCCCCCCC)N(CC)CCN(C)C,1.6735707895605247
N(CS(=O)(=O)c3ccc(C)cc3)C(=O)C(CCCCCCCCC)(CCCCCCCCC)N(CC)CCN(C)C,-1.198550944969475
N(C(C)(C)C)C(=O)C(CCCCCCCC)(CCCCCCCC)N(CC)CCN(C)C,-0.2283838619420053
N(C3CCCCC3)C(=O)C(CCCCCCCC)(CCCCCCCC)N(CC)CCN(C)C,1.2724015362899332
N(C3CCCCC3)C(=O)C(CCCCCCC)(CCCCCCC)N(CC)CCN(C)C,0.7307539755957262
N(CCCCC)C(=O)C(CCCCCC)(CCCCCC)N(CC)CCN(C)C,0.1959750022825466
N(CS(=O)(=O)c3ccc(C)cc3)C(=O)C(CCCCCC)(CCCCCC)N(CC)CCN(C)C,1.1164727584701777
N(CCC(=O)OCC)C(=O)C5(CCCCCCCCCCCCCC5)N(CC)CCN(C)C,0.6633214080679442
N(CS(=O)(=O)c3ccc(C)cc3)C(=O)C5(CCCCCCCCCCCCCC5)N(CC)CCN(C)C,-0.4818948959179288
N(C3CCCCC3)C(=O)C5(CCCCCCCCCCCCCC5)N(CC)CCN(C)C,-0.4680626124291013
N(CC(=O)OC)C(=O)C5(CCCCCCCCCCC5)N(CC)CCN(C)C,-0.913151788006856
N(CC(=O)OC(C)(C)C)C(=O)C5(CCCCCCCCCCC5)N(CC)CCN(C)C,-0.8098181744113309
N(C(C)(C)C)C(=O)C(CCCCC)(CCCCC)N(CC)CCN(C)C,0.6400684623960716
N(CCCCC)C(=O)C(CCCCCCC/C=C\CCCCCCCC)(CCCCCCC/C=C\CCCCCCCC)N3CCN(C)CC3,1.0509996830974653
N(CCC(=O)OCC)C(=O)C(CCCCCCC/C=C\CCCCCCCC)(CCCCCCC/C=C\CCCCCCCC)N3CCN(C)CC3,-0.0140065796025421
N(CC(=O)OCC)C(=O)C(CCCCCCCCCC)(CCCCCCCCCC)N3CCN(C)CC3,1.1609979132527986
N(CCC(=O)OCC)C(=O)C(CCCCCCCCCC)(CCCCCCCCCC)N3CCN(C)CC3,-0.5486291952111351
N(C(C)C(=O)OC(C)(C)C)C(=O)C(CCCCCCCCC)(CCCCCCCCC)N3CCN(C)CC3,-0.9728972805674172
N(CS(=O)(=O)c3ccc(C)cc3)C(=O)C(CCCCCCCCC)(CCCCCCCCC)N3CCN(C)CC3,-0.602074861152371
N(C3CCCCC3)C(=O)C(CCCCCCCCC)(CCCCCCCCC)N3CCN(C)CC3,0.4045082158436097
N(CC(=O)OC)C(=O)C(CCCCCCCC)(CCCCCCCC)N3CCN(C)CC3,0.5632696254151326
N(CC(=O)OC)C(=O)C(CCCCCCC)(CCCCCCC)N3CCN(C)CC3,-0.9428214856363736
N(CC(=O)OCC)C(=O)C(CCCCCCC)(CCCCCCC)N3CCN(C)CC3,0.8605256554145894
N(C(C)(C)C)C(=O)C5(CCCCCCCCCCCCCC5)N3CCN(C)CC3,-1.3385834085231745
N(CC(=O)OC)C(=O)C5(CCCCCCCCCCCCCC5)N3CCN(C)CC3,0.0211945237632197
N(C(C)C(=O)OC(C)(C)C)C(=O)C5(CCCCCCCCCCCCCC5)N3CCN(C)CC3,-1.293193924575706
N(CCCC)C(=O)C5(CCCCCCCCCCC5)N3CCN(C)CC3,0.9854801275239018
N(CC(=O)OCC)C(=O)C5(CCCCCCCCCCC5)N3CCN(C)CC3,0.8974137559523059
N(CCCC)C(=O)C(CCCCC)(CCCCC)N3CCN(C)CC3,-0.9204286235689726
N(CC(=O)OC(C)(C)C)C(=O)C(CCCCC)(CCCCC)N3CCN(C)CC3,-0.8323208169118952
N(CCC(=O)OCC)C(=O)C(CCCCC)(CCCCC)N3CCN(C)CC3,-0.8137259687833092
N(CC(=O)OCC)C(=O)C(CCCCCCCCC)(CCCCCCCCC)N(C)CCN(CC)CC,1.1890696491400292
N(CC(=O)OC(C)(C)C)C(=O)C(CCCCCCCCC)(CCCCCCCCC)N(C)CCN(CC)CC,-0.5272124658968701
N(CCCCC)C(=O)C(CCCCCCCC)(CCCCCCCC)N(C)CCN(CC)CC,-1.2244591514637089
N(CCCCC)C(=O)C(CCCCCCC)(CCCCCCC)N(C)CCN(CC)CC,0.9238601613043118
N(CC(=O)OC)C(=O)C(CCCCCCC)(CCCCCCC)N(C)CCN(CC)CC,0.3774232891954295
N(CS(=O)(=O)c3ccc(C)cc3)C(=O)C(CCCCCCC)(CCCCCCC)N(C)CCN(CC)CC,-1.2775898566001196
N(CC(=O)OC)C(=O)C(CCCCCC)(CCCCCC)N(C)CCN(CC)CC,0.8364928383636185
N(CC(=O)OCC)C(=O)C(CCCCCC)(CCCCCC)N(C)CCN(CC)CC,0.2953490458499741
N(C(C)(C)C)C(=O)C5(CCCCCCCCCCC5)N(C)CCN(CC)CC,-0.5909495643294935
N(CCCCC)C(=O)C5(CCCCCCCCCCC5)N(C)CCN(CC)CC,0.9364487152891504
N(CC(=O)OC)C(=O)C5(CCCCCCCCCCC5)N(C)CCN(CC)CC,-1.298134502598803
N(C(C)C(=O)OC(C)(C)C)C(=O)C5(CCCCCCCCCCC5)N(C)CCN(CC)CC,-1.0994656020620706
N(C3CCCCC3)C(=O)C5(CCCCCCCCCCC5)N(C)CCN(CC)CC,0.2340532493673104
N(CCCCC)C(=O)C(CCCCC)(CCCCC)N(C)CCN(CC)CC,-0.4536923753134267
N(CC(=O)OC)C(=O)C(CCCCC)(CCCCC)N(C)CCN(CC)CC,-1.0215985506704413
N(C3CCCCC3)C(=O)C(CCCCC)(CCCCC)N(C)CCN(CC)CC,0.8479479643933462
N(CCC(=O)OCC)C(=O)C(CCCCCCCCCC)(CCCCCCCCCC)N(C)CCO,0.1567886051865319
N(CCC(=O)OCC)C(=O)C(CCCCCCCCC)(CCCCCCCCC)N(C)CCO,-0.2557858530165323
N(C3CCCCC3)C(=O)C(CCCCCCCCC)(CCCCCCCCC)N(C)CCO,-0.3900730209327823
N(CCCCC)C(=O)C(CCCCCCCC)(CCCCCCCC)N(C)CCO,-0.6303818910024103
N(CC(=O)OCC)C(=O)C(CCCCCCCC)(CCCCCCCC)N(C)CCO,-0.8602082694230423
N(CS(=O)(=O)c3ccc(C)cc3)C(=O)C(CCCCCCCC)(CCCCCCCC)N(C)CCO,-0.7879620883514434
N(CCCC)C(=O)C(CCCCCCC)(CCCCCCC)N(C)CCO,-0.6492222497717366
N(CCCCC)C(=O)C(CCCCCCC)(CCCCCCC)N(C)CCO,0.8178726599241514
N(CC(=O)OC)C(=O)C(CCCCCCC)(CCCCCCC)N(C)CCO,-1.1001175127112588
N(CCCC)C(=O)C(CCCCCC)(CCCCCC)N(C)CCO,0.1435542023544121
N(CC(=O)OC(C)(C)C)C(=O)C(CCCCCC)(CCCCCC)N(C)CCO,-1.1010298164529009
N(CCC(=O)OCC)C(=O)C(CCCCCC)(CCCCCC)N(C)CCO,0.4342855609081473
N(CCCC)C(=O)C5(CCCCCCCCCCCCCC5)N(C)CCO,-1.3261385394240164
N(CCC(=O)OCC)C(=O)C5(CCCCCCCCCCCCCC5)N(C)CCO,-0.3311813049438616
N(C3CCCCC3)C(=O)C5(CCCCCCCCCCC5)N(C)CCO,-0.3778593598916074
N(C(C)(C)C)C(=O)C(CCCCCCC/C=C\CCCCCCCC)(CCCCCCC/C=C\CCCCCCCC)N(CC)CCO,0.9977822339078336
N(CCC(=O)OCC)C(=O)C(CCCCCCCCCC)(CCCCCCCCCC)N(CC)CCO,-0.8149514732869969
N(CC(=O)OC(C)(C)C)C(=O)C(CCCCCCCC)(CCCCCCCC)N(CC)CCO,-0.561531841474609
N(C(C)(C)C)C(=O)C(CCCCCCC)(CCCCCCC)N(CC)CCO,-1.1102771642347442
N(CC(=O)OC)C(=O)C(CCCCCCC)(CCCCCCC)N(CC)CCO,-1.1684819296516902
N(CC(=O)OCC)C(=O)C(CCCCCC)(CCCCCC)N(CC)CCO,-0.9315863751719776
N(C(C)(C)C)C(=O)C5(CCCCCCCCCCCCCC5)N(CC)CCO,-1.331215737894034
N(CC(=O)OC)C(=O)C5(CCCCCCCCCCCCCC5)N(CC)CCO,-1.3390126660973505
N(CCCC)C(=O)C5(CCCCCCCCCCC5)N(CC)CCO,0.3693594794981233
N(C(C)C(=O)OC(C)(C)C)C(=O)C5(CCCCCCCCCCC5)N(CC)CCO,0.0115169719691017
N(C3CCCCC3)C(=O)C(CCCCC)(CCCCC)N(CC)CCO,-1.353633281432162
N(C(C)(C)C)C(=O)C(CCCCCCC/C=C\CCCCCCCC)(CCCCCCC/C=C\CCCCCCCC)NCCCN(C)C,3.0816759023930045
N(CCCC)C(=O)C(CCCCCCC/C=C\CCCCCCCC)(CCCCCCC/C=C\CCCCCCCC)NCCCN(C)C,0.7191977250181131
C1(C(=O)OC)N=CC(CCCCCCC/C=C\CCCCCCCC)(CCCCCCC/C=C\CCCCCCCC)N1(CCCN(C)C),3.714937715609408
C1(C)(C(=O)OC(C)(C)C)N=CC(CCCCCCC/C=C\CCCCCCCC)(CCCCCCC/C=C\CCCCCCCC)N1(CCCN(C)C),0.5683768174153251
N(C3CCCCC3)C(=O)C(CCCCCCC/C=C\CCCCCCCC)(CCCCCCC/C=C\CCCCCCCC)NCCCN(C)C,0.5908443101500847
N(C(C)(C)C)C(=O)C(CCCCCCCCC)(CCCCCCCCC)NCCCN(C)C,-0.4025639921684491
N(CCCC)C(=O)C(CCCCCCCCC)(CCCCCCCCC)NCCCN(C)C,0.5292878063728457
N(CCCCC)C(=O)C(CCCCCCCCC)(CCCCCCCCC)NCCCN(C)C,1.5522434041586015
C1(C(=O)OC)N=CC(CCCCCCCCC)(CCCCCCCCC)N1(CCCN(C)C),1.688036468763762
N(C3CCCCC3)C(=O)C(CCCCCCCCC)(CCCCCCCCC)NCCCN(C)C,-0.2154862748435871
N(CCCC)C(=O)C(CCCCCCCC)(CCCCCCCC)NCCCN(C)C,-1.3395947944989108
N(C(C)(C)C)C(=O)C(CCCCCCC)(CCCCCCC)NCCCN(C)C,-0.6175559675326174
N(CCCCC)C(=O)C(CCCCCCC)(CCCCCCC)NCCCN(C)C,0.0880605261124189
C1(C(=O)OC(C)(C)C)N=CC(CCCCCCC)(CCCCCCC)N1(CCCN(C)C),-1.3593222582551716
C1(C)(C(=O)OC(C)(C)C)N=CC(CCCCCCC)(CCCCCCC)N1(CCCN(C)C),-0.0707876824338332
N(CS(=O)(=O)c3ccc(C)cc3)C(=O)C(CCCCCCC)(CCCCCCC)NCCCN(C)C,-0.2960653107584916
C1(C(=O)OCC)N=CC5(CCCCCCCCCCC5)N1(CCCN(C)C),0.5075339203006252
C1(C)(C(=O)OC(C)(C)C)N=CC5(CCCCCCCCCCC5)N1(CCCN(C)C),-0.8913053042703449
N(C3CCCCC3)C(=O)C5(CCCCCCCCCCC5)NCCCN(C)C,0.8083184835525588
N(C(C)(C)C)C(=O)C(CCCCC)(CCCCC)NCCCN(C)C,0.6548493731799461
N(CCCCC)C(=O)C(CCCCC)(CCCCC)NCCCN(C)C,-0.8719794930051089
C1(CC(=O)OCC)N=CC(CCCCC)(CCCCC)N1(CCCN(C)C),-0.969541720691888
N(CC(=O)OCC)C(=O)C(CCCCCCC/C=C\CCCCCCCC)(CCCCCCC/C=C\CCCCCCCC)N(C)CCCN(C)C,-0.506299189317896
N(CC(=O)OCC)C(=O)C(CCCCCCC/C=C\CCCCCCCC)(CCCCCCC/C=C\CCCCCCCC)N3CCN(C)CC3,-0.3743912537894381
C1(C(=O)OC(C)(C)C)N=CC(CCCCCCC/C=C\CCCCCCCC)(CCCCCCC/C=C\CCCCCCCC)N1(CCCN3CCCC3),1.7092698635008083
C1(C(=O)OC(C)(C)C)N=CC(CCCCCCC/C=C\CCCCCCCC)(CCCCCCC/C=C\CCCCCCCC)N1(CCN(C)C),1.0719097686489414
N(CS(=O)(=O)c3ccc(C)cc3)C(=O)C(CCCCCCC/C=C\CCCCCCCC)(CCCCCCC/C=C\CCCCCCCC)N(C)CCN(C)C,-0.595131993710596
N(CC(=O)OC(C)(C)C)C(=O)C(CCCCCCC/C=C\CCCCCCCC)(CCCCCCC/C=C\CCCCCCCC)N(C)CCN(C)C,-0.745508491374468
N(CC(=O)OCC)C(=O)C(CCCCCCC/C=C\CCCCCCCC)(CCCCCCC/C=C\CCCCCCCC)N(C)CCCN(C)C,-0.6256674002490298
N(CC(=O)OCC)C(=O)C(CCCCCCC/C=C\CCCCCCCC)(CCCCCCC/C=C\CCCCCCCC)N3CCN(C)CC3,-0.646289506936994
 OCCN1CCC(CCCC2CCN(CCC(=O)OCCCCCCCC/C=C\CC(CCCCCC)OC(OCCCCCCCCCCCCCCCCCC)=O)CC2)CC1,2.525359965958278
 CN(CC1)CCN1CCCN(CCC(=O)OCCCCCCCC/C=C\CC(CCCCCC)OC(OCCCCCCCC/C=C\CCCCCCCC)=O)(CCC(=O)OCCCCCCCC/C=C\CC(CCCCCC)OC(OCCCCCCCC/C=C\CCCCCCCC)=O),2.176469538553213
 CN(CCC(=O)OCCCCCCCC/C=C\CC(CCCCCC)OC(OCCC#CCCCCCC)=O)CCN(CCN(CCC(=O)OCCCCCCCC/C=C\CC(CCCCCC)OC(OCCC#CCCCCCC)=O)C)CCN(CCC(=O)OCCCCCCCC/C=C\CC(CCCCCC)OC(OCCC#CCCCCCC)=O)C,1.9094994617640837
 CN(CCC(=O)OCCCCCCCC/C=C\CC(CCCCCC)OC(OCCCCCCCCCCCCCCCCCC)=O)CCCN(CCC(=O)OCCCCCCCC/C=C\CC(CCCCCC)OC(OCCCCCCCCCCCCCCCCCC)=O)C,1.757412382688665
 OCC1CCN(CCC(=O)OCCCCCCCC/C=C\CC(CCCCCC)OC(OCCCCCCCC/C=C\C/C=C\CCCCC)=O)CC1,1.7501519154766043
 N(CCC(=O)OCCCCCCCC/C=C\CC(CCCCCC)OC(OCCCCCCCC/C=C\C/C=C\CCCCC)=O)(CCC(=O)OCCCCCCCC/C=C\CC(CCCCCC)OC(OCCCCCCCC/C=C\C/C=C\CCCCC)=O)CCCN1CCN(CCCN(CCC(=O)OCCCCCCCC/C=C\CC(CCCCCC)OC(OCCCCCCCC/C=C\C/C=C\CCCCC)=O)(CCC(=O)OCCCCCCCC/C=C\CC(CCCCCC)OC(OCCCCCCCC/C=C\C/C=C\CCCCC)=O))CC1,1.7277847579896042
 N(CCC(=O)OCCCCCCCC/C=C\CC(CCCCCC)OC(OCCCCCCCC/C=C\CCCCCCCC)=O)(CCC(=O)OCCCCCCCC/C=C\CC(CCCCCC)OC(OCCCCCCCC/C=C\CCCCCCCC)=O)CCCN1CCN(CCCN(CCC(=O)OCCCCCCCC/C=C\CC(CCCCCC)OC(OCCCCCCCC/C=C\CCCCCCCC)=O)(CCC(=O)OCCCCCCCC/C=C\CC(CCCCCC)OC(OCCCCCCCC/C=C\CCCCCCCC)=O))CC1,1.6802356620638284
 N(CCC(=O)OCCCCCCCC/C=C\CC(CCCCCC)OC(OCCCCCCCC/C=C\C/C=C\CCCCC)=O)(CCC(=O)OCCCCCCCC/C=C\CC(CCCCCC)OC(OCCCCCCCC/C=C\C/C=C\CCCCC)=O)CCCN(CC)CC,1.670481960793479
 CCN(CC)CCN(CCC(=O)OCCCCCCCC/C=C\CC(CCCCCC)OC(OCCCCCCCC/C=C\C/C=C\CCCCC)=O)CCN(CC)CC,1.6038982807174478
 OCC1CCN(CCC(=O)OCCCCCCCC/C=C\CC(CCCCCC)OC(OCCCCCCCCCCCCCCCCCC)=O)CC1,1.4245558579104851
 N(CCC(=O)OCCCCCCCC/C=C\CC(CCCCCC)OC(OCC#CCCCCCC)=O)(CCC(=O)OCCCCCCCC/C=C\CC(CCCCCC)OC(OCC#CCCCCCC)=O)CCN(CCC(=O)OCCCCCCCC/C=C\CC(CCCCCC)OC(OCC#CCCCCCC)=O)CCN(CC1)CCN1CCN(CCC(=O)OCCCCCCCC/C=C\CC(CCCCCC)OC(OCC#CCCCCCC)=O)(CCC(=O)OCCCCCCCC/C=C\CC(CCCCCC)OC(OCC#CCCCCCC)=O),1.4229048445142305
 CN(CCC(=O)OCCCCCCCC/C=C\CC(CCCCCC)OC(OCCCCCCCC/C=C\C/C=C\CCCCC)=O)CCN(CCN(CCC(=O)OCCCCCCCC/C=C\CC(CCCCCC)OC(OCCCCCCCC/C=C\C/C=C\CCCCC)=O)C)CCN(CCC(=O)OCCCCCCCC/C=C\CC(CCCCCC)OC(OCCCCCCCC/C=C\C/C=C\CCCCC)=O)C,1.419584503939738
 N(CCC(=O)OCCCCCCCC/C=C\CC(CCCCCC)OC(OCCCCCCCC/C=C\CCCCCCCC)=O)(CCC(=O)OCCCCCCCC/C=C\CC(CCCCCC)OC(OCCCCCCCC/C=C\CCCCCCCC)=O)CCN1CCOCC1,1.378500698911325
 N(CCC(=O)OCCCCCCCC/C=C\CC(CCCCCC)OC(OCCCCCCCCCCCCCCCCCC)=O)(CCC(=O)OCCCCCCCC/C=C\CC(CCCCCC)OC(OCCCCCCCCCCCCCCCCCC)=O)CCC1=CN(CCC(=O)OCCCCCCCC/C=C\CC(CCCCCC)OC(OCCCCCCCCCCCCCCCCCC)=O)C=N1,1.372763782085487
 C1(N2CCN(CCC(=O)OCCCCCCCC/C=C\CC(CCCCCC)OC(OCCC#CCCCCCC)=O)CC2)=CC=NC=C1,1.3463912493378676
 N(CCC(=O)OCCCCCCCC/C=C\CC(CCCCCC)OC(OCCC#CCCCCCC)=O)(CCC(=O)OCCCCCCCC/C=C\CC(CCCCCC)OC(OCCC#CCCCCCC)=O)CCCN(CCC(=O)OCCCCCCCC/C=C\CC(CCCCCC)OC(OCCC#CCCCCCC)=O)CCCN(C)C,1.34232604031082
 N(CCC(=O)OCCCCCCCC/C=C\CC(CCCCCC)OC(OCCCCCCCC/C=C\CCCCCCCC)=O)(CCC(=O)OCCCCCCCC/C=C\CC(CCCCCC)OC(OCCCCCCCC/C=C\CCCCCCCC)=O)CCCN(CCC(=O)OCCCCCCCC/C=C\CC(CCCCCC)OC(OCCCCCCCC/C=C\CCCCCCCC)=O)CCCN(C)C,1.3214610578154284
 N(CCC(=O)OCCCCCCCC/C=C\CC(CCCCCC)OC(OCC#CCC)=O)(CCC(=O)OCCCCCCCC/C=C\CC(CCCCCC)OC(OCC#CCC)=O)CCN(C)C,1.2945485496795273
 CN(CCC(=O)OCCCCCCCC/C=C\CC(CCCCCC)OC(OCCCCCCCC/C=C\C/C=C\CCCCC)=O)CCCN(CCC(=O)OCCCCCCCC/C=C\CC(CCCCCC)OC(OCCCCCCCC/C=C\C/C=C\CCCCC)=O)C,1.2923345816898832
 CN(CCC(=O)OCCCCCCCC/C=C\CC(CCCCCC)OC(OCCC#CCCCC)=O)CCN(CCN(CCC(=O)OCCCCCCCC/C=C\CC(CCCCCC)OC(OCCC#CCCCC)=O)C)CCN(CCC(=O)OCCCCCCCC/C=C\CC(CCCCCC)OC(OCCC#CCCCC)=O)C,1.2120758255129718
 CN(C)CCCN1CCN(CCC(=O)OCCCCCCCC/C=C\CC(CCCCCC)OC(OCCCCCCCC/C=C\C/C=C\CCCCC)=O)CC1,1.2113957254528709
 N(CCC(=O)OCCCCCCCC/C=C\CC(CCCCCC)OC(OCC#CCCCCCC)=O)(CCC(=O)OCCCCCCCC/C=C\CC(CCCCCC)OC(OCC#CCCCCCC)=O)CCC1N(C(C)C)CCCC1,1.1972613150610067
 N(CCC(=O)OCCCCCCCC/C=C\CC(CCCCCC)OC(OCC#CCCC)=O)(CCC(=O)OCCCCCCCC/C=C\CC(CCCCCC)OC(OCC#CCCC)=O)CCCN(CCC(=O)OCCCCCCCC/C=C\CC(CCCCCC)OC(OCC#CCCC)=O)CCCN(CCC(=O)OCCCCCCCC/C=C\CC(CCCCCC)OC(OCC#CCCC)=O)(CCC(=O)OCCCCCCCC/C=C\CC(CCCCCC)OC(OCC#CCCC)=O),1.1918063551921143
 N(CCC(=O)OCCCCCCCC/C=C\CC(CCCCCC)OC(OCCCCCCCC/C=C\C/C=C\CCCCC)=O)(CCC(=O)OCCCCCCCC/C=C\CC(CCCCCC)OC(OCCCCCCCC/C=C\C/C=C\CCCCC)=O)CCN(C)C,1.1455643842098489
 CN(CCC(=O)OCCCCCCCC/C=C\CC(CCCCCC)OC(OCCCCCCCC/C=C\CCCCCCCC)=O)CCOCCOCCN(CCC(=O)OCCCCCCCC/C=C\CC(CCCCCC)OC(OCCCCCCCC/C=C\CCCCCCCC)=O)C,1.1452635020609483
 CN(CCC(=O)OCCCCCCCC/C=C\CC(CCCCCC)OC(OCC#CCCC)=O)CCCN(CCC(=O)OCCCCCCCC/C=C\CC(CCCCCC)OC(OCC#CCCC)=O)C,1.1424694029641147
 N(CCC(=O)OCCCCCCCC/C=C\CC(CCCCCC)OC(OCC#CCCCC)=O)(CCC(=O)OCCCCCCCC/C=C\CC(CCCCCC)OC(OCC#CCCCC)=O)CCCN(CCC(=O)OCCCCCCCC/C=C\CC(CCCCCC)OC(OCC#CCCCC)=O)CCCN(C)C,1.083319431291333
 N(CCC(=O)OCCCCCCCC/C=C\CC(CCCCCC)OC(OCC#CCCCCCC)=O)(CCC(=O)OCCCCCCCC/C=C\CC(CCCCCC)OC(OCC#CCCCCCC)=O)CCC1=NC=CC=C1,1.06226965127182
 C1N(CCC(=O)OCCCCCCCC/C=C\CC(CCCCCC)OC(OCC#CCCCCCC)=O)CCN(CCC(=O)OCCCCCCCC/C=C\CC(CCCCCC)OC(OCC#CCCCCCC)=O)CCN(CCC(=O)OCCCCCCCC/C=C\CC(CCCCCC)OC(OCC#CCCCCCC)=O)C1,1.0575789915139082
 N(CCC(=O)OCCCCCCCC/C=C\CC(CCCCCC)OC(OCC#CCCCC)=O)(CCC(=O)OCCCCCCCC/C=C\CC(CCCCCC)OC(OCC#CCCCC)=O)CCC1N(C)CCCC1,0.9555781498716968
 N(CCC(=O)OCCCCCCCC/C=C\CC(CCCCCC)OC(OCCCCCCCC/C=C\C/C=C\CCCCC)=O)(CCC(=O)OCCCCCCCC/C=C\CC(CCCCCC)OC(OCCCCCCCC/C=C\C/C=C\CCCCC)=O)CCN(CCC(=O)OCCCCCCCC/C=C\CC(CCCCCC)OC(OCCCCCCCC/C=C\C/C=C\CCCCC)=O)CCN(CC1)CCN1CCN(CCC(=O)OCCCCCCCC/C=C\CC(CCCCCC)OC(OCCCCCCCC/C=C\C/C=C\CCCCC)=O)(CCC(=O)OCCCCCCCC/C=C\CC(CCCCCC)OC(OCCCCCCCC/C=C\C/C=C\CCCCC)=O),0.942699431840614
 CN(CC1)CCC1CN2CCN(CCC(=O)OCCCCCCCC/C=C\CC(CCCCCC)OC(OCCCCCCCC/C=C\CCCCCCCC)=O)CC2,0.9110531606842864
 CN(CCC(=O)OCCCCCCCC/C=C\CC(CCCCCC)OC(OCC#CCCCCCC)=O)CCOCCOCCN(CCC(=O)OCCCCCCCC/C=C\CC(CCCCCC)OC(OCC#CCCCCCC)=O)C,0.8645702861872113
 CN(CCC(=O)OCCCCCCCC/C=C\CC(CCCCCC)OC(OCCC#CCCCCCC)=O)CCOCCOCCN(CCC(=O)OCCCCCCCC/C=C\CC(CCCCCC)OC(OCCC#CCCCCCC)=O)C,0.8286498669112411
 CN(C)CCCN1CCN(CCC(=O)OCCCCCCCC/C=C\CC(CCCCCC)OC(OCCCCCCCC/C=C\CCCCCCCC)=O)CC1,0.8249034865128124
 CN(CCCN(CCC(=O)OCCCCCCCC/C=C\CC(CCCCCC)OC(OCCCCCCCCCCCCCCCCCC)=O)C)CCCN(CCC(=O)OCCCCCCCC/C=C\CC(CCCCCC)OC(OCCCCCCCCCCCCCCCCCC)=O)C,0.809487216325809
 N(CCC(=O)OCCCCCCCC/C=C\CC(CCCCCC)OC(OCC#CCCC)=O)(CCC(=O)OCCCCCCCC/C=C\CC(CCCCCC)OC(OCC#CCCC)=O)CCCN1C=NC=C1,0.7933757136818342
 N(CCC(=O)OCCCCCCCC/C=C\CC(CCCCCC)OC(OCC#CCCCCCC)=O)(CCC(=O)OCCCCCCCC/C=C\CC(CCCCCC)OC(OCC#CCCCCCC)=O)CCC1=CC=NC=C1,0.759989718789117
 CN(CCC(=O)OCCCCCCCC/C=C\CC(CCCCCC)OC(OCC#CCCC)=O)CCCCCCN(CCC(=O)OCCCCCCCC/C=C\CC(CCCCCC)OC(OCC#CCCC)=O)C,0.7582419691561204
 N(CCC(=O)OCCCCCCCC/C=C\CC(CCCCCC)OC(OCC#CCCC)=O)(CCC(=O)OCCCCCCCC/C=C\CC(CCCCCC)OC(OCC#CCCC)=O)CCN1CCCCN(C)CC1,0.7417710509837026
 CN(CCC(=O)OCCCCCCCC/C=C\CC(CCCCCC)OC(OCCCCCCCCCCCCCCCCCC)=O)CCOCCOCCN(CCC(=O)OCCCCCCCC/C=C\CC(CCCCCC)OC(OCCCCCCCCCCCCCCCCCC)=O)C,0.7339514425057628
 N(CCC(=O)OCCCCCCCC/C=C\CC(CCCCCC)OC(OCCCCCCCC/C=C\CCCCCCCC)=O)(CCC(=O)OCCCCCCCC/C=C\CC(CCCCCC)OC(OCCCCCCCC/C=C\CCCCCCCC)=O)CCN1CCCCC1,0.6948514666460844
 N(CCC(=O)OCCCCCCCC/C=C\CC(CCCCCC)OC(OCCCCCCCC/C=C\CCCCCCCC)=O)(CCC(=O)OCCCCCCCC/C=C\CC(CCCCCC)OC(OCCCCCCCC/C=C\CCCCCCCC)=O)CCCN(CCC(=O)OCCCCCCCC/C=C\CC(CCCCCC)OC(OCCCCCCCC/C=C\CCCCCCCC)=O)CCCN(CCC(=O)OCCCCCCCC/C=C\CC(CCCCCC)OC(OCCCCCCCC/C=C\CCCCCCCC)=O)(CCC(=O)OCCCCCCCC/C=C\CC(CCCCCC)OC(OCCCCCCCC/C=C\CCCCCCCC)=O),0.6837279298449838
 CN(CCC(=O)OCCCCCCCC/C=C\CC(CCCCCC)OC(OCC#CCCCCC)=O)CCCN1C=CN=C1,0.6415051592891803
 CCN1CCN(C2CCN(CCC(=O)OCCCCCCCC/C=C\CC(CCCCCC)OC(OCCC#CCCCC)=O)CC2)CC1,0.6132220901435277
 CN(CCC(=O)OCCCCCCCC/C=C\CC(CCCCCC)OC(OCC#CCCCC)=O)CCCCCCN(CCC(=O)OCCCCCCCC/C=C\CC(CCCCCC)OC(OCC#CCCCC)=O)C,0.5942683307417004
 CC1=NCCN(CCC(=O)OCCCCCCCC/C=C\CC(CCCCCC)OC(OCC#CCC)=O)1,0.5665750908517512
 CC1=NCCN(CCC(=O)OCCCCCCCC/C=C\CC(CCCCCC)OC(OCC#CCCC)=O)1,0.5557726572156306
 N(CCC(=O)OCCCCCCCC/C=C\CC(CCCCCC)OC(OCC#CCCCCC)=O)(CCC(=O)OCCCCCCCC/C=C\CC(CCCCCC)OC(OCC#CCCCCC)=O)CCCN1CCOCC1,0.5399490682130921
 CN(CCC(=O)OCCCCCCCC/C=C\CC(CCCCCC)OC(OCC#CCCCCC)=O)CCOCCOCCN(CCC(=O)OCCCCCCCC/C=C\CC(CCCCCC)OC(OCC#CCCCCC)=O)C,0.5275177072253572
 N1(CCN2CCCC2)CCN(CCC(=O)OCCCCCCCC/C=C\CC(CCCCCC)OC(OCCCCCCCC/C=C\CCCCCCCC)=O)CC1,0.5179692332415261
 N(CCC(=O)OCCCCCCCC/C=C\CC(CCCCCC)OC(OCC#CCCCCCC)=O)(CCC(=O)OCCCCCCCC/C=C\CC(CCCCCC)OC(OCC#CCCCCCC)=O)CCN1CCCCC1,0.51577611250691
 N(CCC(=O)OCCCCCCCC/C=C\CC(CCCCCC)OC(OCC#CCC)=O)(CCC(=O)OCCCCCCCC/C=C\CC(CCCCCC)OC(OCC#CCC)=O)CCCN1CCOCC1,0.5080389953258543
 N(CCC(=O)OCCCCCCCC/C=C\CC(CCCCCC)OC(OCC#CCCCCC)=O)(CCC(=O)OCCCCCCCC/C=C\CC(CCCCCC)OC(OCC#CCCCCC)=O)CCC1=CC=NC=C1,0.481259731218179
 N(CCC(=O)OCCCCCCCC/C=C\CC(CCCCCC)OC(OCC#CCCC)=O)(CCC(=O)OCCCCCCCC/C=C\CC(CCCCCC)OC(OCC#CCCC)=O)CCN1CCOCC1,0.4790233338361279
 CN(CCC(=O)OCCCCCCCC/C=C\CC(CCCCCC)OC(OCC#CCCCCC)=O)CCCN(CCC(=O)OCCCCCCCC/C=C\CC(CCCCCC)OC(OCC#CCCCCC)=O)C,0.4766848823193866
 CN(CCCN(CCC(=O)OCCCCCCCC/C=C\CC(CCCCCC)OC(OCCCCCCCC/C=C\C/C=C\CCCCC)=O)C)CCCN(CCC(=O)OCCCCCCCC/C=C\CC(CCCCCC)OC(OCCCCCCCC/C=C\C/C=C\CCCCC)=O)C,0.4104207609137354
 C1(N2CCN(CCC(=O)OCCCCCCCC/C=C\CC(CCCCCC)OC(OCC#CCCC)=O)CC2)=CN=CC=C1,0.4096320614382831
 OCC1N(CCC(=O)OCCCCCCCC/C=C\CC(CCCCCC)OC(OCCC#CCCCCCC)=O)CCCC1,0.3743027455690267
 C1N(CCC(=O)OCCCCCCCC/C=C\CC(CCCCCC)OC(OCC#CCCC)=O)CCCN(CCC(=O)OCCCCCCCC/C=C\CC(CCCCCC)OC(OCC#CCCC)=O)CCN(CCC(=O)OCCCCCCCC/C=C\CC(CCCCCC)OC(OCC#CCCC)=O)CCCN(CCC(=O)OCCCCCCCC/C=C\CC(CCCCCC)OC(OCC#CCCC)=O)C1,0.3695043441948336
 CN(CCC(=O)OCCCCCCCC/C=C\CC(CCCCCC)OC(OCCCCCCCC/C=C\CCCCCCCC)=O)CCCN1C=CN=C1,0.3686476789721523
 OCCC1CCCCN(CCC(=O)OCCCCCCCC/C=C\CC(CCCCCC)OC(OCC#CCCCCC)=O)1,0.3664851583942109
 CCN(CC)CCN(CCC(=O)OCCCCCCCC/C=C\CC(CCCCCC)OC(OCC#CCCCCC)=O)CCN(CC)CC,0.3648750490096678
 N1(CCN2CCCC2)CCN(CCC(=O)OCCCCCCCC/C=C\CC(CCCCCC)OC(OCCC#CCCCCCC)=O)CC1,0.3325380397159572
 C1(N2CCN(CCC(=O)OCCCCCCCC/C=C\CC(CCCCCC)OC(OCCCCCCCC/C=C\C/C=C\CCCCC)=O)CC2)=CN=CC=C1,0.280701434765629
 OC[C@@H]1CCCN(CCC(=O)OCCCCCCCC/C=C\CC(CCCCCC)OC(OCCCCCCCCCCCCCCCCCC)=O)1,0.2534804509058269
 N(CCC(=O)OCCCCCCCC/C=C\CC(CCCCCC)OC(OCC#CCC)=O)(CCC(=O)OCCCCCCCC/C=C\CC(CCCCCC)OC(OCC#CCC)=O)CCCN(CCC(=O)OCCCCCCCC/C=C\CC(CCCCCC)OC(OCC#CCC)=O)CCCN(CCC(=O)OCCCCCCCC/C=C\CC(CCCCCC)OC(OCC#CCC)=O)(CCC(=O)OCCCCCCCC/C=C\CC(CCCCCC)OC(OCC#CCC)=O),0.220897362785637
 OCCC1CCCCN(CCC(=O)OCCCCCCCC/C=C\CC(CCCCCC)OC(OCCC#CCCCCCC)=O)1,0.2125277830507461
 N(CCC(=O)OCCCCCCCC/C=C\CC(CCCCCC)OC(OCCCCCCCC/C=C\C/C=C\CCCCC)=O)(CCC(=O)OCCCCCCCC/C=C\CC(CCCCCC)OC(OCCCCCCCC/C=C\C/C=C\CCCCC)=O)CCCN(CCC(=O)OCCCCCCCC/C=C\CC(CCCCCC)OC(OCCCCCCCC/C=C\C/C=C\CCCCC)=O)CCCN(C)C,0.2108013917020105
 N(CCC(=O)OCCCCCCCC/C=C\CC(CCCCCC)OC(OCCC#CCCCC)=O)(CCC(=O)OCCCCCCCC/C=C\CC(CCCCCC)OC(OCCC#CCCCC)=O)CCCN(CCC(=O)OCCCCCCCC/C=C\CC(CCCCCC)OC(OCCC#CCCCC)=O)CCN(CCC(=O)OCCCCCCCC/C=C\CC(CCCCCC)OC(OCCC#CCCCC)=O)CCCN(CCC(=O)OCCCCCCCC/C=C\CC(CCCCCC)OC(OCCC#CCCCC)=O)(CCC(=O)OCCCCCCCC/C=C\CC(CCCCCC)OC(OCCC#CCCCC)=O),0.1722135880464342
 N(CCC(=O)OCCCCCCCC/C=C\CC(CCCCCC)OC(OCC#CCCCCC)=O)(CCC(=O)OCCCCCCCC/C=C\CC(CCCCCC)OC(OCC#CCCCCC)=O)CCC1N(C(C)C)CCCC1,0.150899701731715
 OCCC1CCN(CCC(=O)OCCCCCCCC/C=C\CC(CCCCCC)OC(OCCCCCCCCCCCCCCCCCC)=O)CC1,0.1141033441305818
 OCCOCCN1CCN(CCC(=O)OCCCCCCCC/C=C\CC(CCCCCC)OC(OCCC#CCCCCCC)=O)CC1,0.1014005102699988
 N(CCC(=O)OCCCCCCCC/C=C\CC(CCCCCC)OC(OCC#CCCCCC)=O)(CCC(=O)OCCCCCCCC/C=C\CC(CCCCCC)OC(OCC#CCCCCC)=O)CCC1N(C)CCCC1,0.0424689020726658
 N(CCC(=O)OCCCCCCCC/C=C\CC(CCCCCC)OC(OCCC#CCCCC)=O)(CCC(=O)OCCCCCCCC/C=C\CC(CCCCCC)OC(OCCC#CCCCC)=O)CCCN1CCCCCC1,0.0288112180760434
 OC[C@@H]1CCCN(CCC(=O)OCCCCCCCC/C=C\CC(CCCCCC)OC(OCCC#CCCCC)=O)1,0.0158452463662775
 CN(CC1)CCC1CN2CCN(CCC(=O)OCCCCCCCC/C=C\CC(CCCCCC)OC(OCC#CCCCC)=O)CC2,-0.0054932206826615
 N(CCC(=O)OCCCCCCCC/C=C\CC(CCCCCC)OC(OCC#CCCCCC)=O)(CCC(=O)OCCCCCCCC/C=C\CC(CCCCCC)OC(OCC#CCCCCC)=O)CCN1CCCCN(C)CC1,-0.0116746519517416
 OC1CCN(CCC(=O)OCCCCCCCC/C=C\CC(CCCCCC)OC(OCC#CCCCCCC)=O)CC1,-0.0865950484765317
 N(CCC(=O)OCCCCCCCC/C=C\CC(CCCCCC)OC(OCCC#CCCCCCC)=O)(CCC(=O)OCCCCCCCC/C=C\CC(CCCCCC)OC(OCCC#CCCCCCC)=O)CCN1CCCCN(C)CC1,-0.1177129644561664
 N(CCC(=O)OCCCCCCCC/C=C\CC(CCCCCC)OC(OCCC#CCCCC)=O)(CCC(=O)OCCCCCCCC/C=C\CC(CCCCCC)OC(OCCC#CCCCC)=O)CCN1CCCCN(C)CC1,-0.1266031894423451
 N(CCC(=O)OCCCCCCCC/C=C\CC(CCCCCC)OC(OCC#CCCC)=O)(CCC(=O)OCCCCCCCC/C=C\CC(CCCCCC)OC(OCC#CCCC)=O)CCC1N(C)CCCC1,-0.1685199504465699
 OCC1CCN(CCC(=O)OCCCCCCCC/C=C\CC(CCCCCC)OC(OCC#CCCCCC)=O)CC1,-0.1734040803965811
 OC1CCN(CCC(=O)OCCCCCCCC/C=C\CC(CCCCCC)OC(OCC#CCCCCC)=O)CC1,-0.1810167665222907
 N(CCC(=O)OCCCCCCCC/C=C\CC(CCCCCC)OC(OCCC#CCCCCCC)=O)(CCC(=O)OCCCCCCCC/C=C\CC(CCCCCC)OC(OCCC#CCCCCCC)=O)CCN1CCC(C)CC1,-0.2058572758365024
 OC1CCN(CCC(=O)OCCCCCCCC/C=C\CC(CCCCCC)OC(OCC#CCCCC)=O)CC1,-0.2380998257112135
 N(CCC(=O)OCCCCCCCC/C=C\CC(CCCCCC)OC(OCC#CCC)=O)(CCC(=O)OCCCCCCCC/C=C\CC(CCCCCC)OC(OCC#CCC)=O)CCCN1CCCCC1,-0.2603310870651549
 N(CCC(=O)OCCCCCCCC/C=C\CC(CCCCCC)OC(OCCC#CCCCC)=O)(CCC(=O)OCCCCCCCC/C=C\CC(CCCCCC)OC(OCCC#CCCCC)=O)CCN1CCCC1,-0.2634437433063286
 OCC1CCN(CCC(=O)OCCCCCCCC/C=C\CC(CCCCCC)OC(OCC#CCCCCCC)=O)CC1,-0.2924286666158601
 CCOC(CN(CCC(=O)OCCCCCCCC/C=C\CC(CCCCCC)OC(OCCC#CCCCCCC)=O)(CCC(=O)OCCCCCCCC/C=C\CC(CCCCCC)OC(OCCC#CCCCCCC)=O))OCC,-0.3187311404496405
 N(CCC(=O)OCCCCCCCC/C=C\CC(CCCCCC)OC(OCCC#CCCCCCC)=O)(CCC(=O)OCCCCCCCC/C=C\CC(CCCCCC)OC(OCCC#CCCCCCC)=O)CC1N(C)CCCC1,-0.3705067435667231
 N(CCC(=O)OCCCCCCCC/C=C\CC(CCCCCC)OC(OCCC#CCCCC)=O)(CCC(=O)OCCCCCCCC/C=C\CC(CCCCCC)OC(OCCC#CCCCC)=O)CCCN(CCC(=O)OCCCCCCCC/C=C\CC(CCCCCC)OC(OCCC#CCCCC)=O)CCCN(CCC(=O)OCCCCCCCC/C=C\CC(CCCCCC)OC(OCCC#CCCCC)=O)(CCC(=O)OCCCCCCCC/C=C\CC(CCCCCC)OC(OCCC#CCCCC)=O),-0.4701793748092677
 N1(CCN2CCCC2)CCN(CCC(=O)OCCCCCCCC/C=C\CC(CCCCCC)OC(OCCC#CCCCC)=O)CC1,-0.5008685406849298
 CN(CC1)CCN1CCCN(CCC(=O)OCCCCCCCC/C=C\CC(CCCCCC)OC(OCC#CCC)=O)(CCC(=O)OCCCCCCCC/C=C\CC(CCCCCC)OC(OCC#CCC)=O),-0.5124939538199267
 N(CCC(=O)OCCCCCCCC/C=C\CC(CCCCCC)OC(OCCCCCCCCCCCCCCCCCC)=O)(CCC(=O)OCCCCCCCC/C=C\CC(CCCCCC)OC(OCCCCCCCCCCCCCCCCCC)=O)CCN1CCCCN(C)CC1,-0.53971603388306
 N(CCC(=O)OCCCCCCCC/C=C\CC(CCCCCC)OC(OCC#CCCC)=O)(CCC(=O)OCCCCCCCC/C=C\CC(CCCCCC)OC(OCC#CCCC)=O)CCN1CCCCCC1,-0.5494671617562017
 CN(C)CCCN1CCN(CCC(=O)OCCCCCCCC/C=C\CC(CCCCCC)OC(OCC#CCCCC)=O)CC1,-0.5804129920638723
 N(CCC(=O)OCCCCCCCC/C=C\CC(CCCCCC)OC(OCC#CCCCCCC)=O)(CCC(=O)OCCCCCCCC/C=C\CC(CCCCCC)OC(OCC#CCCCCCC)=O)CCCN(CCC(=O)OCCCCCCCC/C=C\CC(CCCCCC)OC(OCC#CCCCCCC)=O)C,-0.5905124479562169
 N(CCC(=O)OCCCCCCCC/C=C\CC(CCCCCC)OC(OCCC#CCCCCCC)=O)(CCC(=O)OCCCCCCCC/C=C\CC(CCCCCC)OC(OCCC#CCCCCCC)=O)CCN1CCCCC1,-0.5912063492276649
 CCN1CCN(C2CCN(CCC(=O)OCCCCCCCC/C=C\CC(CCCCCC)OC(OCC#CCC)=O)CC2)CC1,-0.5920005696439322
 CN(CCC(=O)OCCCCCCCC/C=C\CC(CCCCCC)OC(OCCC#CCCCC)=O)CCCN(CCC(=O)OCCCCCCCC/C=C\CC(CCCCCC)OC(OCCC#CCCCC)=O)C,-0.6046804881780614
 CN(CCC(=O)OCCCCCCCC/C=C\CC(CCCCCC)OC(OCCC#CCCCCCC)=O)CCN(CCC(=O)OCCCCCCCC/C=C\CC(CCCCCC)OC(OCCC#CCCCCCC)=O)C,-0.6166481414683912
 N(CCC(=O)OCCCCCCCC/C=C\CC(CCCCCC)OC(OCCCCCCCCCCCCCCCCCC)=O)(CCC(=O)OCCCCCCCC/C=C\CC(CCCCCC)OC(OCCCCCCCCCCCCCCCCCC)=O)CCCN(CCC(=O)OCCCCCCCC/C=C\CC(CCCCCC)OC(OCCCCCCCCCCCCCCCCCC)=O)C,-0.6408290112835349
 OCC1N(CCC(=O)OCCCCCCCC/C=C\CC(CCCCCC)OC(OCC#CCCC)=O)CCCC1,-0.6497911841666081
 N(CCC(=O)OCCCCCCCC/C=C\CC(CCCCCC)OC(OCC#CCC)=O)(CCC(=O)OCCCCCCCC/C=C\CC(CCCCCC)OC(OCC#CCC)=O)CCN1CCN(C)CC1,-0.6591459894782349
 N(CCC(=O)OCCCCCCCC/C=C\CC(CCCCCC)OC(OCC#CCCC)=O)(CCC(=O)OCCCCCCCC/C=C\CC(CCCCCC)OC(OCC#CCCC)=O)CCC1=CC=NC=C1,-0.7042617626790891
 N(CCC(=O)OCCCCCCCC/C=C\CC(CCCCCC)OC(OCC#CCCC)=O)(CCC(=O)OCCCCCCCC/C=C\CC(CCCCCC)OC(OCC#CCCC)=O)CC1N(C)CCCC1,-0.7230588208983687
 CN(CCC(=O)OCCCCCCCC/C=C\CC(CCCCCC)OC(OCC#CCC)=O)CCO,-0.7537639495934042
 N(CCC(=O)OCCCCCCCC/C=C\CC(CCCCCC)OC(OCC#CCCCC)=O)(CCC(=O)OCCCCCCCC/C=C\CC(CCCCCC)OC(OCC#CCCCC)=O)CC(O)CO,-0.7882674490671295
 N(CCC(=O)OCCCCCCCC/C=C\CC(CCCCCC)OC(OCCC#CCCCCCC)=O)(CCC(=O)OCCCCCCCC/C=C\CC(CCCCCC)OC(OCCC#CCCCCCC)=O)CCCN(CCC(=O)OCCCCCCCC/C=C\CC(CCCCCC)OC(OCCC#CCCCCCC)=O)(CCC(=O)OCCCCCCCC/C=C\CC(CCCCCC)OC(OCCC#CCCCCCC)=O),-0.7915266418000243
 OCC1N(CCC(=O)OCCCCCCCC/C=C\CC(CCCCCC)OC(OCCCCCCCC/C=C\CCCCCCCC)=O)CCCC1,-0.8056989949717083
 CN(CCC(=O)OCCCCCCCC/C=C\CC(CCCCCC)OC(OCC#CCC)=O)CCO,-0.8109266802929116
 CN(CCC(=O)OCCCCCCCC/C=C\CC(CCCCCC)OC(OCCC#CCCCCCC)=O)CCCN(CCC(=O)OCCCCCCCC/C=C\CC(CCCCCC)OC(OCCC#CCCCCCC)=O)C,-0.8130953936782263
 C1(C2N(CCC(=O)OCCCCCCCC/C=C\CC(CCCCCC)OC(OCC#CCCC)=O)CC2)=CC=CC=C1,-0.8185590832496104
 N(CCC(=O)OCCCCCCCC/C=C\CC(CCCCCC)OC(OCC#CCCCCCC)=O)(CCC(=O)OCCCCCCCC/C=C\CC(CCCCCC)OC(OCC#CCCCCCC)=O)CCN1CCN(C)CC1,-0.822815491354469
 CN(CC1)CCN1CCCN(CCC(=O)OCCCCCCCC/C=C\CC(CCCCCC)OC(OCC#CCCC)=O)(CCC(=O)OCCCCCCCC/C=C\CC(CCCCCC)OC(OCC#CCCC)=O),-0.8267894850855912
 N1(CCN2CCCC2)CCN(CCC(=O)OCCCCCCCC/C=C\CC(CCCCCC)OC(OCC#CCCC)=O)CC1,-0.8645837823969973
 C1(C2N(CCC(=O)OCCCCCCCC/C=C\CC(CCCCCC)OC(OCC#CCCCCCC)=O)CC2)=CC=CC=C1,-0.9208916900885794
 N(CCC(=O)OCCCCCCCC/C=C\CC(CCCCCC)OC(OCCC#CCCCC)=O)(CCC(=O)OCCCCCCCC/C=C\CC(CCCCCC)OC(OCCC#CCCCC)=O)CCCN(C)C,-0.9320158690982914
 OCCN1CCC(CCCC2CCN(CCC(=O)OCCCCCCCC/C=C\CC(CCCCCC)OC(OCC#CCCC)=O)CC2)CC1,-0.9367755098177544
 OCCOCCN1CCN(CCC(=O)OCCCCCCCC/C=C\CC(CCCCCC)OC(OCCC#CCCCC)=O)CC1,-0.9556635449286964
 N(CCC(=O)OCCCCCCCC/C=C\CC(CCCCCC)OC(OCCCCCCCC/C=C\CCCCCCCC)=O)(CCC(=O)OCCCCCCCC/C=C\CC(CCCCCC)OC(OCCCCCCCC/C=C\CCCCCCCC)=O)CCN1CCN(C)CC1,-0.9569072166956122
 CCN1CCN(C2CCN(CCC(=O)OCCCCCCCC/C=C\CC(CCCCCC)OC(OCC#CCCCC)=O)CC2)CC1,-0.9930615265227288
 N(CCC(=O)OCCCCCCCC/C=C\CC(CCCCCC)OC(OCC#CCC)=O)(CCC(=O)OCCCCCCCC/C=C\CC(CCCCCC)OC(OCC#CCC)=O)CCC1OCCO1,-0.9957478178432452
 N(CCC(=O)OCCCCCCCC/C=C\CC(CCCCCC)OC(OCCCCCCCC/C=C\CCCCCCCC)=O)(CCC(=O)OCCCCCCCC/C=C\CC(CCCCCC)OC(OCCCCCCCC/C=C\CCCCCCCC)=O)CCC1N(C)CCCC1,-1.0080197091931935
 N(CCC(=O)OCCCCCCCC/C=C\CC(CCCCCC)OC(OCCC#CCCCC)=O)(CCC(=O)OCCCCCCCC/C=C\CC(CCCCCC)OC(OCCC#CCCCC)=O)CCCN(CC)CC,-1.1011561328254662
 N(CCC(=O)OCCCCCCCC/C=C\CC(CCCCCC)OC(OCCCCCCCC/C=C\C/C=C\CCCCC)=O)(CCC(=O)OCCCCCCCC/C=C\CC(CCCCCC)OC(OCCCCCCCC/C=C\C/C=C\CCCCC)=O)CCCN(CCC(=O)OCCCCCCCC/C=C\CC(CCCCCC)OC(OCCCCCCCC/C=C\C/C=C\CCCCC)=O)C,-1.1172427307791897
 C1N(CCC(=O)OCCCCCCCC/C=C\CC(CCCCCC)OC(OCCCCCCCC/C=C\CCCCCCCC)=O)CCCN(CCC(=O)OCCCCCCCC/C=C\CC(CCCCCC)OC(OCCCCCCCC/C=C\CCCCCCCC)=O)CCN(CCC(=O)OCCCCCCCC/C=C\CC(CCCCCC)OC(OCCCCCCCC/C=C\CCCCCCCC)=O)CCCN(CCC(=O)OCCCCCCCC/C=C\CC(CCCCCC)OC(OCCCCCCCC/C=C\CCCCCCCC)=O)C1,-1.1903678987206647
 N(CCC(=O)OCCCCCCCC/C=C\CC(CCCCCC)OC(OCC#CCCCCC)=O)(CCC(=O)OCCCCCCCC/C=C\CC(CCCCCC)OC(OCC#CCCCCC)=O)CCCCCO,-1.239249327703809
 N(CCC(=O)OCCCCCCCC/C=C\CC(CCCCCC)OC(OCC#CCCCCC)=O)(CCC(=O)OCCCCCCCC/C=C\CC(CCCCCC)OC(OCC#CCCCCC)=O)CCN1CCCCCC1,-1.2633096790311684
 CN(CCC(=O)OCCCCCCCC/C=C\CC(CCCCCC)OC(OCC#CCCCCCC)=O)CCN(CCC(=O)OCCCCCCCC/C=C\CC(CCCCCC)OC(OCC#CCCCCCC)=O)C,-1.2877883796487908
 N(CCC(=O)OCCCCCCCC/C=C\CC(CCCCCC)OC(OCC#CCCCC)=O)(CCC(=O)OCCCCCCCC/C=C\CC(CCCCCC)OC(OCC#CCCCC)=O)CCCN1CCCC1,-1.3256232079661971
 CN(CCC(=O)OCCCCCCCC/C=C\CC(CCCCCC)OC(OCC#CCCCCCC)=O)CCO,-1.365640184718695
 N(CCC(=O)OCCCCCCCC/C=C\CC(CCCCCC)OC(OCC#CCCCCC)=O)(CCC(=O)OCCCCCCCC/C=C\CC(CCCCCC)OC(OCC#CCCCCC)=O)CC1OCCO1,-1.415944483344434
 N(CCC(=O)OCCCCCCCC/C=C\CC(CCCCCC)OC(OCC#CCCC)=O)(CCC(=O)OCCCCCCCC/C=C\CC(CCCCCC)OC(OCC#CCCC)=O)CCC1OCCO1,-1.43627674181947
 N(CCC(=O)OCCCCCCCC/C=C\CC(CCCCCC)OC(OCCCCCCCC/C=C\CCCCCCCC)=O)(CCC(=O)OCCCCCCCC/C=C\CC(CCCCCC)OC(OCCCCCCCC/C=C\CCCCCCCC)=O)CCC1OCCO1,-1.4898696572831291
 C1(C2N(CCC(=O)OCCCCCCCC/C=C\CC(CCCCCC)OC(OCCCCCCCC/C=C\CCCCCCCC)=O)CC2)=CC=CC=C1,-1.5003253188015495
 N(CCC(=O)OCCCCCCCC/C=C\CC(CCCCCC)OC(OCCCCCCCC/C=C\C/C=C\CCCCC)=O)(CCC(=O)OCCCCCCCC/C=C\CC(CCCCCC)OC(OCCCCCCCC/C=C\C/C=C\CCCCC)=O)CCC1OCCO1,-1.5357487883848182
 CN(CCC(=O)OCCCCCCCC/C=C\CC(CCCCCC)OC(OCC#CCCCC)=O)CCN(CCC(=O)OCCCCCCCC/C=C\CC(CCCCCC)OC(OCC#CCCCC)=O)C,-1.5646149430254102
 N(CCC(=O)OCCCCCCCC/C=C\CC(CCCCCC)OC(OCC#CCC)=O)(CCC(=O)OCCCCCCCC/C=C\CC(CCCCCC)OC(OCC#CCC)=O)CCN1CCCC1,-1.584837974705457
 CN(CCC(=O)OCCCCCCCC/C=C\CC(CCCCCC)OC(OCCCCCCCC/C=C\C/C=C\CCCCC)=O)CCN(CCC(=O)OCCCCCCCC/C=C\CC(CCCCCC)OC(OCCCCCCCC/C=C\C/C=C\CCCCC)=O)C,-1.6501470292439206
 CN(CCC(=O)OCCCCCCCC/C=C\CC(CCCCCC)OC(OCC#CCCCCCC)=O)CCO,-1.7118720042149462
 N(CCC(=O)OCCCCCCCC/C=C\CC(CCCCCC)OC(OCCCCCCCC/C=C\C/C=C\CCCCC)=O)(CCC(=O)OCCCCCCCC/C=C\CC(CCCCCC)OC(OCCCCCCCC/C=C\C/C=C\CCCCC)=O)CCCN1C=NC=C1,-1.80717217010442
 COC(CN(CCC(=O)OCCCCCCCC/C=C\CC(CCCCCC)OC(OCCCCCCCCCCCCCCCCCC)=O)(CCC(=O)OCCCCCCCC/C=C\CC(CCCCCC)OC(OCCCCCCCCCCCCCCCCCC)=O))OC,-1.9094143658340907
CCCCCCCC/C=C\CCCCCCCC(OCCCCCC(C(CN1CCN(C)CC1)CCCCOC(CCCCCCC/C=C\CCCCCCCC)=O)O)=O,-0.4839108121514065
CCCCCCCC/C=C\CCCCCCCC(OCCCCCC(C(CN1CCN(C)CC1)CCCCOC(CCCCCCC/C=C\CCCCCCCC)=O)O)=O,0.9695756788557616
CCCCCCCC/C=C\CCCCCCCC(OCCCCCC(C(CN1CCN(C)CC1)CCCCOC(CCCCCCC/C=C\CCCCCCCC)=O)O)=O,0.2836607055714801
CCCCCCCC/C=C\CCCCCCCC(OCCCCCC(C(CN1CCN(C)CC1)CCCCOC(CCCCCCC/C=C\CCCCCCCC)=O)O)=O,-0.3940886132689412
CCCCCCCC/C=C\CCCCCCCC(OCCCCCC(C(CN1CCN(C)CC1)CCCCOC(CCCCCCC/C=C\CCCCCCCC)=O)O)=O,-0.5818986654777326
CCCCCCCC/C=C\CCCCCCCC(OCCCCCC(C(CN1CCN(C)CC1)CCCCOC(CCCCCCC/C=C\CCCCCCCC)=O)O)=O,-0.70438348213564
CCCCCCCC/C=C\CCCCCCCC(OCCCCCC(C(CN1CCN(C)CC1)CCCCOC(CCCCCCC/C=C\CCCCCCCC)=O)O)=O,0.4061455222293878
CCCCCCCC/C=C\CCCCCCCC(OCCCCCC(C(CN1CCN(C)CC1)CCCCOC(CCCCCCC/C=C\CCCCCCCC)=O)O)=O,0.1611758889135723
CCCCCCCC/C=C\CCCCCCCC(OCCCCCC(C(CN1CCN(C)CC1)CCCCOC(CCCCCCC/C=C\CCCCCCCC)=O)O)=O,1.394189709936508
CCCCCCCC/C=C\CCCCCCCC(OCCCCCC(C(CN1CCN(C)CC1)CCCCOC(CCCCCCC/C=C\CCCCCCCC)=O)O)=O,-0.5900643199215929
CCCCCCCC/C=C\CCCCCCCC(OCCCCCC(C(CN1CCN(C)CC1)CCCCOC(CCCCCCC/C=C\CCCCCCCC)=O)O)=O,1.1573857310645534
CCCCCCCC/C=C\CCCCCCCC(OCCCCCC(C(CN1CCN(C)CC1)CCCCOC(CCCCCCC/C=C\CCCCCCCC)=O)O)=O,0.185672852245154
CCCCCCCC/C=C\CCCCCCCC(OCCCCCC(C(CN1CCN(C)CC1)CCCCOC(CCCCCCC/C=C\CCCCCCCC)=O)O)=O,0.0713536900311073
CCCCCCCC/C=C\CCCCCCCC(OCCCCCC(C(CN1CCN(C)CC1)CCCCOC(CCCCCCC/C=C\CCCCCCCC)=O)O)=O,0.2428324333521777
CCCCCCCC/C=C\CCCCCCCC(OCCCCCC(C(CN1CCN(C)CC1)CCCCOC(CCCCCCC/C=C\CCCCCCCC)=O)O)=O,0.7164403910960866
CCCCCCCC/C=C\CCCCCCCC(OCCCCCC(C(CN1CCN(C)CC1)CCCCOC(CCCCCCC/C=C\CCCCCCCC)=O)O)=O,1.0267352599627857
CCCCCCCC/C=C\CCCCCCCC(OCCCCCC(C(CN1CCN(C)CC1)CCCCOC(CCCCCCC/C=C\CCCCCCCC)=O)O)=O,0.5857899199943186
CCCCCCCC/C=C\CCCCCCCC(OCCCCCC(C(CN1CCN(C)CC1)CCCCOC(CCCCCCC/C=C\CCCCCCCC)=O)O)=O,0.855256516641715
CCCCCCCC/C=C\CCCCCCCC(OCCCCCC(C(CN1CCN(C)CC1)CCCCOC(CCCCCCC/C=C\CCCCCCCC)=O)O)=O,0.8634221710855754
CCCCCCCC/C=C\CCCCCCCC(OCCCCCC(C(CN1CCN(C)CC1)CCCCOC(CCCCCCC/C=C\CCCCCCCC)=O)O)=O,-0.0347998177390793
CCCCCCCC/C=C\CCCCCCCC(OCCCCCC(C(CN1CCN(C)CC1)CCCCOC(CCCCCCC/C=C\CCCCCCCC)=O)O)=O,1.647324997696183
O=C(OCCCCCC(C(CN1CCN(C)CC1)CCCCOC(CCCCCCCCCCCCCCC)=O)O)CCCCCCCCCCCCCCC,-0.4675795032636855
O=C(OCCCCCC(C(CN1CCN(C)CC1)CCCCOC(CCCCCCCCCCCCCCC)=O)O)CCCCCCCCCCCCCCC,-0.181781597728568
O=C(OCCCCCC(C(CN1CCN(C)CC1)CCCCOC(CCCCCCCCCCCCCCC)=O)O)CCCCCCCCCCCCCCC,-0.3124320688303361
O=C(OCCCCCC(C(CN1CCN(C)CC1)CCCCOC(CCCCCCCCCCCCCCC)=O)O)CCCCCCCCCCCCCCC,-0.0592967810706607
O=C(OCCCCCC(C(CN1CCN(C)CC1)CCCCOC(CCCCCCCCCCCCCCC)=O)O)CCCCCCCCCCCCCCC,-0.8513652621251291
O=C(OCCCCCC(C(CN1CCN(C)CC1)CCCCOC(CCCCCCCCCCCCCCC)=O)O)CCCCCCCCCCCCCCC,-0.3287633777180571
O=C(OCCCCCC(C(CN1CCN(C)CC1)CCCCOC(CCCCCCCCCCCCCCC)=O)O)CCCCCCCCCCCCCCC,0.0223597633679443
O=C(OCCCCCC(C(CN1CCN(C)CC1)CCCCOC(CCCCCCCCCCCCCCC)=O)O)CCCCCCCCCCCCCCC,0.0468567266995256
O=C(OCCCCCC(C(CN1CCN(C)CC1)CCCCOC(CCCCCCCCCCCCCCC)=O)O)CCCCCCCCCCCCCCC,0.8715878255294357
O=C(OCCCCCC(C(CN1CCN(C)CC1)CCCCOC(CCCCCCCCCCCCCCC)=O)O)CCCCCCCCCCCCCCC,-0.6798865188040583
O=C(OCCCCCC(C(CN1CCN(C)CC1)CCCCOC(CCCCCCCCCCCCCCC)=O)O)CCCCCCCCCCCCCCC,-0.100125053289963
O=C(OCCCCCC(C(CN1CCN(C)CC1)CCCCOC(CCCCCCCCCCCCCCC)=O)O)CCCCCCCCCCCCCCC,-0.0184685088513583
O=C(OCCCCCC(C(CN1CCN(C)CC1)CCCCOC(CCCCCCCCCCCCCCC)=O)O)CCCCCCCCCCCCCCC,-0.5818986654777326
O=C(OCCCCCC(C(CN1CCN(C)CC1)CCCCOC(CCCCCCCCCCCCCCC)=O)O)CCCCCCCCCCCCCCC,-0.198112906616289
O=C(OCCCCCC(C(CN1CCN(C)CC1)CCCCOC(CCCCCCCCCCCCCCC)=O)O)CCCCCCCCCCCCCCC,0.0386910722556653
O=C(OCCCCCC(C(CN1CCN(C)CC1)CCCCOC(CCCCCCCCCCCCCCC)=O)O)CCCCCCCCCCCCCCC,0.5694586111065972
O=C(OCCCCCC(C(CN1CCN(C)CC1)CCCCOC(CCCCCCCCCCCCCCC)=O)O)CCCCCCCCCCCCCCC,0.4959677211118528
O=C(OCCCCCC(C(CN1CCN(C)CC1)CCCCOC(CCCCCCCCCCCCCCC)=O)O)CCCCCCCCCCCCCCC,0.7164403910960866
O=C(OCCCCCC(C(CN1CCN(C)CC1)CCCCOC(CCCCCCCCCCCCCCC)=O)O)CCCCCCCCCCCCCCC,0.6837777733206446
O=C(OCCCCCC(C(CN1CCN(C)CC1)CCCCOC(CCCCCCCCCCCCCCC)=O)O)CCCCCCCCCCCCCCC,0.9532443699680412
O=C(OCCCCCC(C(CN1CCN(C)CC1)CCCCOC(CCCCCCCCCCCCCCC)=O)O)CCCCCCCCCCCCCCC,1.1165574588452511
O=C(OCCCCCC(C(CN1CCN(C)CC1)CCCCOC(CCCCCCCCCCCCCCC)=O)O)CCCCCCCCCCCCCCC,0.8389252077539937
O=C(OCCCCCC(C(CN1CCN(C)CC1)CCCCOC(CCCCCCCCCCCCCCC)=O)O)CCCCCCCCCCCCCCC,1.549337144369857
CCCCCCCC/C=C\CCCCCCCC(OCCCCCC(C(CN(CCCN(C)C)CCCN(C)C)CCCCOC(CCCCCCC/C=C\CCCCCCCC)=O)O)=O,-1.3576358376444797
CCCCCCCC/C=C\CCCCCCCC(OCCCCCC(C(CN(CCCN(C)C)CCCN(C)C)CCCCOC(CCCCCCC/C=C\CCCCCCCC)=O)O)=O,-1.757752905393644
CCCCCCCC/C=C\CCCCCCCC(OCCCCCC(C(CN(CCCN(C)C)CCCN(C)C)CCCCOC(CCCCCCC/C=C\CCCCCCCC)=O)O)=O,-0.70438348213564
CCCCCCCC/C=C\CCCCCCCC(OCCCCCC(C(CN(CCCN(C)C)CCCN(C)C)CCCCOC(CCCCCCC/C=C\CCCCCCCC)=O)O)=O,-1.6434337431795971
CCCCCCCC/C=C\CCCCCCCC(OCCCCCC(C(CNCCN1CCOCC1)CCCCOC(CCCCCCC/C=C\CCCCCCCC)=O)O)=O,1.1492200766206933
CCCCCCCC/C=C\CCCCCCCC(OCCCCCC(C(CNCCN1CCOCC1)CCCCOC(CCCCCCC/C=C\CCCCCCCC)=O)O)=O,1.3043675110540425
CCCCCCCC/C=C\CCCCCCCC(OCCCCCC(C(CNCCN1CCOCC1)CCCCOC(CCCCCCC/C=C\CCCCCCCC)=O)O)=O,0.6347838466574812
CCCCCCCC/C=C\CCCCCCCC(OCCCCCC(C(CNCCN1CCOCC1)CCCCOC(CCCCCCC/C=C\CCCCCCCC)=O)O)=O,0.6102868833259003
CCCCCCCC/C=C\CCCCCCCC(OCCCCCC(C(CNCCN1CCOCC1)CCCCOC(CCCCCCC/C=C\CCCCCCCC)=O)O)=O,1.2880362021663216
CCCCCCCC/C=C\CCCCCCCC(OCCCCCC(C(CNCCN1CCOCC1)CCCCOC(CCCCCCC/C=C\CCCCCCCC)=O)O)=O,0.7817656266469707
CCCCCCCC/C=C\CCCCCCCC(OCCCCCC(C(CNCCN1CCOCC1)CCCCOC(CCCCCCC/C=C\CCCCCCCC)=O)O)=O,-0.4022542677128015
CCCCCCCC/C=C\CCCCCCCC(OCCCCCC(C(CNCCN1CCOCC1)CCCCOC(CCCCCCC/C=C\CCCCCCCC)=O)O)=O,1.1247231132891116
CCCCCCCC/C=C\CCCCCCCC(OCCCCCC(C(CNCCN1CCOCC1)CCCCOC(CCCCCCC/C=C\CCCCCCCC)=O)O)=O,1.459514945487392
OC(C(CNCCN1CCN(C)CC1)CCCCOC(CCCCCCC/C=C\C/C=C\CCCCC)=O)CCCCCOC(CCCCCCC/C=C\C/C=C\CCCCC)=O,-0.4594138488198252
OC(C(CNCCN1CCN(C)CC1)CCCCOC(CCCCCCC/C=C\C/C=C\CCCCC)=O)CCCCCOC(CCCCCCC/C=C\C/C=C\CCCCC)=O,-0.4839108121514065
OC(C(CN1CCN(C)CCC1)CCCCOC(CCCCCCC/C=C\C/C=C\CCCCC)=O)CCCCCOC(CCCCCCC/C=C\C/C=C\CCCCC)=O,-0.7370460999110819
OC(C(CN1CCN(C)CCC1)CCCCOC(CCCCCCC/C=C\C/C=C\CCCCC)=O)CCCCCOC(CCCCCCC/C=C\C/C=C\CCCCC)=O,-0.2144442155040101
OC(C(CNCCCNCC(CCCCOC(CCCCCCC/C=C\C/C=C\CCCCC)=O)C(O)CCCCCOC(CCCCCCC/C=C\C/C=C\CCCCC)=O)CCCCOC(CCCCCCC/C=C\C/C=C\CCCCC)=O)CCCCCOC(CCCCCCC/C=C\C/C=C\CCCCC)=O,0.2999920144592015
OC(C(CNCCCNCC(CCCCOC(CCCCCCC/C=C\C/C=C\CCCCC)=O)C(O)CCCCCOC(CCCCCCC/C=C\C/C=C\CCCCC)=O)CCCCOC(CCCCCCC/C=C\C/C=C\CCCCC)=O)CCCCCOC(CCCCCCC/C=C\C/C=C\CCCCC)=O,0.7817656266469707
CN(CCNCC(CCCCOC(CCCCCCC/C=C\CCCCCCCC)=O)C(O)CCCCCOC(CCCCCCC/C=C\CCCCCCCC)=O)CCNCC(CCCCOC(CCCCCCC/C=C\CCCCCCCC)=O)C(O)CCCCCOC(CCCCCCC/C=C\CCCCCCCC)=O,1.622828034364601
CN(CCNCC(CCCCOC(CCCCCCC/C=C\CCCCCCCC)=O)C(O)CCCCCOC(CCCCCCC/C=C\CCCCCCCC)=O)CCNCC(CCCCOC(CCCCCCC/C=C\CCCCCCCC)=O)C(O)CCCCCOC(CCCCCCC/C=C\CCCCCCCC)=O,1.5901654165891592
n1cccn1CCCN(CC(C(O)CCCCCOC(=O)CCCCCCCCCC)CCCCOC(=O)CCCCCCCCCC)C,0.1405623663034078
n1cccn1CCCN(CC(C(O)CCCCCOC(=O)CCCCCCCCCCC)CCCCOC(=O)CCCCCCCCCCC)C,1.0638903872755223
n1cccn1CCCN(CC(C(O)CCCCCOC(=O)CCCCCCCCCCCC)CCCCOC(=O)CCCCCCCCCCCC)C,1.054593912992569
n1cccn1CCCN(CC(C(O)CCCCCOC(=O)CCCCCCC/C=C\C/C=C\CCCCC)CCCCOC(=O)CCCCCCC/C=C\C/C=C\CCCCC)C,0.0470114919813312
CCCCN(CCCC)CCCN(CC(C(O)CCCCCOC(=O)CCCCCCCCCCCC)CCCCOC(=O)CCCCCCCCCCCC),1.3785563448476323
CCCCN(CCCC)CCCN(CC(C(O)CCCCCOC(=O)CCCCCCC/C=C\CCCCCCCC)CCCCOC(=O)CCCCCCC/C=C\CCCCCCCC),1.4999148866697107
CCCCN(CCCC)CCCN(CC(C(O)CCCCCOC(=O)CCCCCCC/C=C\CCCCCCCC)CCCCOC(=O)CCCCCCC/C=C\CCCCCCCC),1.3458622729712724
O=C(CCN(CCC(OCCCCCCCC/C=C\CC(CCCCCC)OC(C(CCCCCCCC)CCCCCC)=O)=O)CCN1CCCC1)OCCCCCCCC/C=C\CC(CCCCCC)OC(C(CCCCCCCC)CCCCCC)=O,-1.0338863995547996
O=C(CCN(CCC(OCCCCCCCC/C=C\CC(CCCCCC)OC(C(CCCCCCCC)CCCCCC)=O)=O)CCN1CCCC1)OCCCCCCCC/C=C\CC(CCCCCC)OC(C(CCCCCCCC)CCCCCC)=O,-1.3846865038496892
O=C(CCN(CCC(OCCCCCCCC/C=C\CC(CCCCCC)OC(C(CCCCCCCC)CCCCCC)=O)=O)CCN1CCCC1)OCCCCCCCC/C=C\CC(CCCCCC)OC(C(CCCCCCCC)CCCCCC)=O,0.0095190388607691
O=C(CCN(CCC(OCCCCCCCC/C=C\CC(CCCCCC)OC(C(CCCCCCCC)CCCCCC)=O)=O)CCN1CCCC1)OCCCCCCCC/C=C\CC(CCCCCC)OC(C(CCCCCCCC)CCCCCC)=O,-1.8614148507119743
O=C(CCN(CCC(OCCCCCCCC/C=C\CC(CCCCCC)OC(C(CCCCCCCC)CCCCCC)=O)=O)CCN1CCCC1)OCCCCCCCC/C=C\CC(CCCCCC)OC(C(CCCCCCCC)CCCCCC)=O,-1.114840269776697
O=C(CCN(CCC(OCCCCCCCC/C=C\CC(CCCCCC)OC(C(CCCCCCCC)CCCCCC)=O)=O)CCN1CCCC1)OCCCCCCCC/C=C\CC(CCCCCC)OC(C(CCCCCCCC)CCCCCC)=O,-1.7354866081445786
O=C(CCN(CCC(OCCCCCCCC/C=C\CC(CCCCCC)OC(C(CCCCCCCC)CCCCCC)=O)=O)CCN1CCCC1)OCCCCCCCC/C=C\CC(CCCCCC)OC(C(CCCCCCCC)CCCCCC)=O,-1.0248915250857
O=C(CCN(CCC(OCCCCCCCC/C=C\CC(CCCCCC)OC(C(CCCCCCCC)CCCCCC)=O)=O)CCN1CCCC1)OCCCCCCCC/C=C\CC(CCCCCC)OC(C(CCCCCCCC)CCCCCC)=O,-1.9603584698720715
O=C(CCN(CCC(OCCCCCCCC/C=C\CC(CCCCCC)OC(C(CCCCCCCC)CCCCCC)=O)=O)CCN1CCCC1)OCCCCCCCC/C=C\CC(CCCCCC)OC(C(CCCCCCCC)CCCCCC)=O,-1.2047890144676945
O=C(CCN(CCC(OCCCCCCCC/C=C\CC(CCCCCC)OC(C(CCCCCCCC)CCCCCC)=O)=O)CCN1CCCC1)OCCCCCCCC/C=C\CC(CCCCCC)OC(C(CCCCCCCC)CCCCCC)=O,-1.393681378318789
O=C(CCN(CCC(OCCCCCCCC/C=C\CC(CCCCCC)OC(C(CCCCCCCC)CCCCCC)=O)=O)CCN1CCCC1)OCCCCCCCC/C=C\CC(CCCCCC)OC(C(CCCCCCCC)CCCCCC)=O,-0.9079581569874032
O=C(CCN(CCC(OCCCCCCCC/C=C\CC(CCCCCC)OC(C(CCCCCCCC)CCCCCC)=O)=O)CCN1CCCC1)OCCCCCCCC/C=C\CC(CCCCCC)OC(C(CCCCCCCC)CCCCCC)=O,-0.8449940357037053
O=C(CCN(CCC(OCCCCCCCC/C=C\CC(CCCCCC)OC(C(CCCCCCCC)CCCCCC)=O)=O)CCN1CCCC1)OCCCCCCCC/C=C\CC(CCCCCC)OC(C(CCCCCCCC)CCCCCC)=O,-0.3772605633105193
O=C(CCN(CCC(OCCCCCCCC/C=C\CC(CCCCCC)OC(C(CCCCCCCC)CCCCCC)=O)=O)CCN1CCCC1)OCCCCCCCC/C=C\CC(CCCCCC)OC(C(CCCCCCCC)CCCCCC)=O,-0.5571580526925141
O=C(CCN(CCC(OCCCCCCCC/C=C\CC(CCCCCC)OC(CCCCCCCCCCCCCCCCC)=O)=O)CCN1CCOCC1)OCCCCCCCC/C=C\CC(CCCCCC)OC(CCCCCCCCCCCCCCCCC)=O,-1.0069017761475003
O=C(CCN(CCC(OCCCCCCCC/C=C\CC(CCCCCC)OC(CCCCCCCCCCCCCCCCC)=O)=O)CCN1CCOCC1)OCCCCCCCC/C=C\CC(CCCCCC)OC(CCCCCCCCCCCCCCCCC)=O,-1.0069017761475003
O=C(CCN(CCC(OCCCCCCCC/C=C\CC(CCCCCC)OC(CCCCCCCCCCCCCCCCC)=O)=O)CCN1CCOCC1)OCCCCCCCC/C=C\CC(CCCCCC)OC(CCCCCCCCCCCCCCCCC)=O,-0.0984194547684276
O=C(CCN(CCC(OCCCCCCCC/C=C\CC(CCCCCC)OC(CCCCCCCCCCCCCCCCC)=O)=O)CCN1CCOCC1)OCCCCCCCC/C=C\CC(CCCCCC)OC(CCCCCCCCCCCCCCCCC)=O,0.0724831601444671
O=C(CCN(CCC(OCCCCCCCC/C=C\CC(CCCCCC)OC(CCCCCCCCCCCCCCCCC)=O)=O)CCN1CCOCC1)OCCCCCCCC/C=C\CC(CCCCCC)OC(CCCCCCCCCCCCCCCCC)=O,-1.114840269776697
O=C(CCN(CCC(OCCCCCCCC/C=C\CC(CCCCCC)OC(CCCCCCCCCCCCCCCCC)=O)=O)CCN1CCOCC1)OCCCCCCCC/C=C\CC(CCCCCC)OC(CCCCCCCCCCCCCCCCC)=O,-0.9709222782711016
O=C(CCN(CCC(OCCCCCCCC/C=C\CC(CCCCCC)OC(CCCCCCCCCCCCCCCCC)=O)=O)CCN1CCOCC1)OCCCCCCCC/C=C\CC(CCCCCC)OC(CCCCCCCCCCCCCCCCC)=O,-0.6650965463217106
O=C(CCN(CCC(OCCCCCCCC/C=C\CC(CCCCCC)OC(CCCCCCCCCCCCCCCCC)=O)=O)CCN1CCOCC1)OCCCCCCCC/C=C\CC(CCCCCC)OC(CCCCCCCCCCCCCCCCC)=O,-2.311158574166961
O=C(CCN(CCC(OCCCCCCCC/C=C\CC(CCCCCC)OC(CCCCCCCCCCCCCCCCC)=O)=O)CCN1CCOCC1)OCCCCCCCC/C=C\CC(CCCCCC)OC(CCCCCCCCCCCCCCCCC)=O,-0.7640401654818079
O=C(CCN(CCC(OCCCCCCCC/C=C\CC(CCCCCC)OC(CCCCCCCCCCCCCCCCC)=O)=O)CCN1CCOCC1)OCCCCCCCC/C=C\CC(CCCCCC)OC(CCCCCCCCCCCCCCCCC)=O,-0.6381119229144115
O=C(CCN(CCC(OCCCCCCCC/C=C\CC(CCCCCC)OC(CCCCCCCCCCCCCCCCC)=O)=O)CCN1CCOCC1)OCCCCCCCC/C=C\CC(CCCCCC)OC(CCCCCCCCCCCCCCCCC)=O,-0.3952503122487188
O=C(CCN(CCC(OCCCCCCCC/C=C\CC(CCCCCC)OC(CCCCCCCCCCCCCCCCC)=O)=O)CCN1CCOCC1)OCCCCCCCC/C=C\CC(CCCCCC)OC(CCCCCCCCCCCCCCCCC)=O,-1.4476506251333872
O=C(CCN(CCC(OCCCCCCCC/C=C\CC(CCCCCC)OC(CCCCCCCCCCCCCCCCC)=O)=O)CCN1CCOCC1)OCCCCCCCC/C=C\CC(CCCCCC)OC(CCCCCCCCCCCCCCCCC)=O,-1.1418248931839965
O=C(CCN(CCC(OCCCCCCCC/C=C\CC(CCCCCC)OC(CCCCCCCCCCCCCCCCC)=O)=O)CCN1CCOCC1)OCCCCCCCC/C=C\CC(CCCCCC)OC(CCCCCCCCCCCCCCCCC)=O,0.1894165282427635
O=C(CCN(CCC(OCCCCCCCC/C=C\CC(CCCCCC)OC(CCCCCCCCCCCCCCCCC)=O)=O)CCN1CCCC1)OCCCCCCCC/C=C\CC(CCCCCC)OC(CCCCCCCCCCCCCCCCC)=O,0.3693140176247583
O=C(CCN(CCC(OCCCCCCCC/C=C\CC(CCCCCC)OC(CCCCCCCCCCCCCCCCC)=O)=O)CCN1CCCC1)OCCCCCCCC/C=C\CC(CCCCCC)OC(CCCCCCCCCCCCCCCCC)=O,0.3513242686865584
O=C(CCN(CCC(OCCCCCCCC/C=C\CC(CCCCCC)OC(CCCCCCCCCCCCCCCCC)=O)=O)CCN1CCCC1)OCCCCCCCC/C=C\CC(CCCCCC)OC(CCCCCCCCCCCCCCCCC)=O,0.144442155897265
O=C(CCN(CCC(OCCCCCCCC/C=C\CC(CCCCCC)OC(CCCCCCCCCCCCCCCCC)=O)=O)CCN1CCCC1)OCCCCCCCC/C=C\CC(CCCCCC)OC(CCCCCCCCCCCCCCCCC)=O,-0.215352822866724
O=C(CCN(CCC(OCCCCCCCC/C=C\CC(CCCCCC)OC(CCCCCCCCCCCCCCCCC)=O)=O)CCN1CCCC1)OCCCCCCCC/C=C\CC(CCCCCC)OC(CCCCCCCCCCCCCCCCC)=O,-0.1164092037066271
O=C(CCN(CCC(OCCCCCCCC/C=C\CC(CCCCCC)OC(CCCCCCCCCCCCCCCCC)=O)=O)CCN1CCCC1)OCCCCCCCC/C=C\CC(CCCCCC)OC(CCCCCCCCCCCCCCCCC)=O,-0.0084707100774303
O=C(CCN(CCC(OCCCCCCCC/C=C\CC(CCCCCC)OC(CCCCCCCCCCCCCCCCC)=O)=O)CCN1CCCC1)OCCCCCCCC/C=C\CC(CCCCCC)OC(CCCCCCCCCCCCCCCCC)=O,0.0185139133298687
O=C(CCN(CCC(OCCCCCCCC/C=C\CC(CCCCCC)OC(CCCCCCCCCCCCCCCCC)=O)=O)CCN1CCCC1)OCCCCCCCC/C=C\CC(CCCCCC)OC(CCCCCCCCCCCCCCCCC)=O,-0.5661529271616136
O=C(CCN(CCC(OCCCCCCCC/C=C\CC(CCCCCC)OC(CCCCCCCCCCCCCCCCC)=O)=O)CCN1CCCC1)OCCCCCCCC/C=C\CC(CCCCCC)OC(CCCCCCCCCCCCCCCCC)=O,1.502668200731324
O=C(CCN(CCC(OCCCCCCCC/C=C\CC(CCCCCC)OC(CCCCCCCCCCCCCCCCC)=O)=O)CCN1CCCC1)OCCCCCCCC/C=C\CC(CCCCCC)OC(CCCCCCCCCCCCCCCCC)=O,0.6031807538213511
O=C(CCN(CCC(OCCCCCCCC/C=C\CC(CCCCCC)OC(CCCCCCCCCCCCCCCCC)=O)=O)CCN1CCCC1)OCCCCCCCC/C=C\CC(CCCCCC)OC(CCCCCCCCCCCCCCCCC)=O,1.097898849621836
O=C(CCN(CCC(OCCCCCCCC/C=C\CC(CCCCCC)OC(CCCCCCCCCCCCCCCCC)=O)=O)CCN1CCCC1)OCCCCCCCC/C=C\CC(CCCCCC)OC(CCCCCCCCCCCCCCCCC)=O,-0.1254040781757271
O=C(CCN(CCC(OCCCCCCCC/C=C\CC(CCCCCC)OC(CCCCCCCCCCCCCCCCC)=O)=O)CCN1CCCC1)OCCCCCCCC/C=C\CC(CCCCCC)OC(CCCCCCCCCCCCCCCCC)=O,-0.3862554377796189
O=C(CCN(CCC(OCCCCCCCC/C=C\CC(CCCCCC)OC(CCCCCCCCCCCCCCCCC)=O)=O)CCN1CCCC1)OCCCCCCCC/C=C\CC(CCCCCC)OC(CCCCCCCCCCCCCCCCC)=O,0.8550372389561437
O=C(CCN(CCC(OCCCCCCCC/C=C\CC(CCCCCC)OC(CCCCCCCCCCCCCCCCC)=O)=O)CCN1CCCC1)OCCCCCCCC/C=C\CC(CCCCCC)OC(CCCCCCCCCCCCCCCCC)=O,1.601611819891421
O=C(CCN(CCC(OCCCCCCCC/C=C\CC(CCCCCC)OC(CCCCCCCCCCCCCCCCC)=O)=O)CCN1CCCC1)OCCCCCCCC/C=C\CC(CCCCCC)OC(CCCCCCCCCCCCCCCCC)=O,0.108462658020866
O=C(CCN(CCC(OCCCCCCCC/C=C\CC(CCCCCC)OC(CCCCCCCCCCCCCCCCC)=O)=O)CCN1CCCC1)OCCCCCCCC/C=C\CC(CCCCCC)OC(CCCCCCCCCCCCCCCCC)=O,0.1894165282427635
O=C(CCN(CCC(OCCCCCCCC/C=C\CC(CCCCCC)OC(CCCCCCCCCCCCCCCCC)=O)=O)CCN1CCCC1)OCCCCCCCC/C=C\CC(CCCCCC)OC(CCCCCCCCCCCCCCCCC)=O,1.169857845374634
O=C(CCN(CCC(OCCCCCCCC/C=C\CC(CCCCCC)OC(CCCCCCCCCCCCCCCCC)=O)=O)CCN1CCCC1)OCCCCCCCC/C=C\CC(CCCCCC)OC(CCCCCCCCCCCCCCCCC)=O,0.8640321134252432
O=C(CCN(CCC(OCCCCCCCC/C=C\CC(CCCCCC)OC(CCCCCCCCCCCCCCCCC)=O)=O)CCN1CCCC1)OCCCCCCCC/C=C\CC(CCCCCC)OC(CCCCCCCCCCCCCCCCC)=O,1.853468305026214
O=C(CCN(CCC(OCCCCCCCC/C=C\CC(CCCCCC)OC(CCCCCCCCCCCCCCCCC)=O)=O)CCN1CCCC1)OCCCCCCCC/C=C\CC(CCCCCC)OC(CCCCCCCCCCCCCCCCC)=O,0.7560936197960464
O=C(CCN(CCC(OCCCCCCCC/C=C\CC(CCCCCC)OC(CCCCCCCCCCCCCCCCC)=O)=O)CCN1CCCC1)OCCCCCCCC/C=C\CC(CCCCCC)OC(CCCCCCCCCCCCCCCCC)=O,1.6555810667060191
O=C(CCN(CCC(OCCCCCCCC/C=C\CC(CCCCCC)OC(CCCCCCCCCCCCCCCCC)=O)=O)CCN1CCCC1)OCCCCCCCC/C=C\CC(CCCCCC)OC(CCCCCCCCCCCCCCCCC)=O,1.2328219666583322
O=C(CCN(CCC(OCCCCCCCC/C=C\CC(CCCCCC)OC(CCCCCCCCCCCCCCCCC)=O)=O)CCN1CCCC1)OCCCCCCCC/C=C\CC(CCCCCC)OC(CCCCCCCCCCCCCCCCC)=O,0.8640321134252432
O=C(CCN(CCC(OCCCCCCCC/C=C\CC(CCCCCC)OC(CCCCCCCCCCCCCCCCC)=O)=O)CCCN1C=NC=C1)OCCCCCCCC/C=C\CC(CCCCCC)OC(CCCCCCCCCCCCCCCCC)=O,-1.5645839932316836
O=C(CCN(CCC(OCCCCCCCC/C=C\CC(CCCCCC)OC(CCCCCCCCCCCCCCCCC)=O)=O)CCCN1C=NC=C1)OCCCCCCCC/C=C\CC(CCCCCC)OC(CCCCCCCCCCCCCCCCC)=O,0.0904729090826666
O=C(CCN(CCC(OCCCCCCCC/C=C\CC(CCCCCC)OC(CCCCCCCCCCCCCCCCC)=O)=O)CCCN1C=NC=C1)OCCCCCCCC/C=C\CC(CCCCCC)OC(CCCCCCCCCCCCCCCCC)=O,-0.215352822866724
O=C(CCN(CCC(OCCCCCCCC/C=C\CC(CCCCCC)OC(CCCCCCCCCCCCCCCCC)=O)=O)CCCN1C=NC=C1)OCCCCCCCC/C=C\CC(CCCCCC)OC(CCCCCCCCCCCCCCCCC)=O,-0.9439376548638022
O=C(CCN(CCC(OCCCCCCCC/C=C\CC(CCCCCC)OC(CCCCCCCCCCCCCCCCC)=O)=O)CCCN1C=NC=C1)OCCCCCCCC/C=C\CC(CCCCCC)OC(CCCCCCCCCCCCCCCCC)=O,-1.7264917336754788
O=C(CCN(CCC(OCCCCCCCC/C=C\CC(CCCCCC)OC(CCCCCCCCCCCCCCCCC)=O)=O)CCCN1C=NC=C1)OCCCCCCCC/C=C\CC(CCCCCC)OC(CCCCCCCCCCCCCCCCC)=O,-1.5286044953552846
O=C(CCN(CCC(OCCCCCCCC/C=C\CC(CCCCCC)OC(CCCCCCCCCCCCCCCCC)=O)=O)CCCN1C=NC=C1)OCCCCCCCC/C=C\CC(CCCCCC)OC(CCCCCCCCCCCCCCCCC)=O,-0.3412810654341204
O=C(CCN(CCC(OCCCCCCCC/C=C\CC(CCCCCC)OC(CCCCCCCCCCCCCCCCC)=O)=O)CCCN1C=NC=C1)OCCCCCCCC/C=C\CC(CCCCCC)OC(CCCCCCCCCCCCCCCCC)=O,-0.0534450824229291
O=C(CCN(CCC(OCCCCCCCC/C=C\CC(CCCCCC)OC(CCCCCCCCCCCCCCCCC)=O)=O)CCCN1C=NC=C1)OCCCCCCCC/C=C\CC(CCCCCC)OC(CCCCCCCCCCCCCCCCC)=O,0.5312217580685532
O=C(CCN(CCC(OCCCCCCCC/C=C\CC(CCCCCC)OC(CCCCCCCCCCCCCCCCC)=O)=O)CCCN1C=NC=C1)OCCCCCCCC/C=C\CC(CCCCCC)OC(CCCCCCCCCCCCCCCCC)=O,-0.7010760441981095
O=C(CCN(CCC(OCCCCCCCC/C=C\CC(CCCCCC)OC(CCCCCCCCCCCCCCCCC)=O)=O)CCCN1C=NC=C1)OCCCCCCCC/C=C\CC(CCCCCC)OC(CCCCCCCCCCCCCCCCC)=O,0.6211705027595509
O=C(CCN(CCC(OCCCCCCCC/C=C\CC(CCCCCC)OC(CCCCCCCCCCCCCCCCC)=O)=O)CCCN1C=NC=C1)OCCCCCCCC/C=C\CC(CCCCCC)OC(CCCCCCCCCCCCCCCCC)=O,-0.9439376548638022
O=C(CCN(CCC(OCCCCCCCC/C=C\CC(CCCCCC)OC(CCCCCCCCCCCCCCCCC)=O)=O)CCCN1C=NC=C1)OCCCCCCCC/C=C\CC(CCCCCC)OC(CCCCCCCCCCCCCCCCC)=O,-1.0608710229620986
O=C(CCN(CCC(OCCCCCCCC/C=C\CC(CCCCCC)OC(CCCCCCCCCCCCCCCCC)=O)=O)CCCN1C=NC=C1)OCCCCCCCC/C=C\CC(CCCCCC)OC(CCCCCCCCCCCCCCCCC)=O,-0.3952503122487188
O=C(CCN(CCC(OCCCCCCCC/C=C\CC(CCCCCC)OC(CCC/C=C\C/C=C\C/C=C\C/C=C\CCCCC)=O)=O)CCCN(CC)CC)OCCCCCCCC/C=C\CC(CCCCCC)OC(CCC/C=C\C/C=C\C/C=C\C/C=C\CCCCC)=O,-0.68308629525991
O=C(CCN(CCC(OCCCCCCCC/C=C\CC(CCCCCC)OC(CCC/C=C\C/C=C\C/C=C\C/C=C\CCCCC)=O)=O)CCCN(CC)CC)OCCCCCCCC/C=C\CC(CCCCCC)OC(CCC/C=C\C/C=C\C/C=C\C/C=C\CCCCC)=O,-0.3592708143723199
O=C(CCN(CCC(OCCCCCCCC/C=C\CC(CCCCCC)OC(CCC/C=C\C/C=C\C/C=C\C/C=C\CCCCC)=O)=O)CCCN(CC)CC)OCCCCCCCC/C=C\CC(CCCCCC)OC(CCC/C=C\C/C=C\C/C=C\C/C=C\CCCCC)=O,-0.7280606676054089
O=C(CCN(CCC(OCCCCCCCC/C=C\CC(CCCCCC)OC(CCC/C=C\C/C=C\C/C=C\C/C=C\CCCCC)=O)=O)CCCN(CC)CC)OCCCCCCCC/C=C\CC(CCCCCC)OC(CCC/C=C\C/C=C\C/C=C\C/C=C\CCCCC)=O,0.0005241643916692
O=C(CCN(CCC(OCCCCCCCC/C=C\CC(CCCCCC)OC(CCC/C=C\C/C=C\C/C=C\C/C=C\CCCCC)=O)=O)CCCN(CC)CC)OCCCCCCCC/C=C\CC(CCCCCC)OC(CCC/C=C\C/C=C\C/C=C\C/C=C\CCCCC)=O,-0.6291170484453116
O=C(CCN(CCC(OCCCCCCCC/C=C\CC(CCCCCC)OC(CCC/C=C\C/C=C\C/C=C\C/C=C\CCCCC)=O)=O)CCCN(CC)CC)OCCCCCCCC/C=C\CC(CCCCCC)OC(CCC/C=C\C/C=C\C/C=C\C/C=C\CCCCC)=O,0.1174575324899656
O=C(CCN(CCC(OCCCCCCCC/C=C\CC(CCCCCC)OC(CCC/C=C\C/C=C\C/C=C\C/C=C\CCCCC)=O)=O)CCCN(CC)CC)OCCCCCCCC/C=C\CC(CCCCCC)OC(CCC/C=C\C/C=C\C/C=C\C/C=C\CCCCC)=O,0.7830782432033458
O=C(CCN(CCC(OCCCCCCCC/C=C\CC(CCCCCC)OC(CCC/C=C\C/C=C\C/C=C\C/C=C\CCCCC)=O)=O)CCCN(CC)CC)OCCCCCCCC/C=C\CC(CCCCCC)OC(CCC/C=C\C/C=C\C/C=C\C/C=C\CCCCC)=O,-0.7640401654818079
O=C(CCN(CCC(OCCCCCCCC/C=C\CC(CCCCCC)OC(CCC/C=C\C/C=C\C/C=C\C/C=C\CCCCC)=O)=O)CCCN(CC)CC)OCCCCCCCC/C=C\CC(CCCCCC)OC(CCC/C=C\C/C=C\C/C=C\C/C=C\CCCCC)=O,1.0169449793999386
O=C(CCN(CCC(OCCCCCCCC/C=C\CC(CCCCCC)OC(CCC/C=C\C/C=C\C/C=C\C/C=C\CCCCC)=O)=O)CCCN(CC)CC)OCCCCCCCC/C=C\CC(CCCCCC)OC(CCC/C=C\C/C=C\C/C=C\C/C=C\CCCCC)=O,-0.1164092037066271
O=C(CCN(CCC(OCCCCCCCC/C=C\CC(CCCCCC)OC(CCC/C=C\C/C=C\C/C=C\C/C=C\CCCCC)=O)=O)CCCN(CC)CC)OCCCCCCCC/C=C\CC(CCCCCC)OC(CCC/C=C\C/C=C\C/C=C\C/C=C\CCCCC)=O,0.6841346240432485
O=C(CCN(CCC(OCCCCCCCC/C=C\CC(CCCCCC)OC(CCC/C=C\C/C=C\C/C=C\C/C=C\CCCCC)=O)=O)CCCN(CC)CC)OCCCCCCCC/C=C\CC(CCCCCC)OC(CCC/C=C\C/C=C\C/C=C\C/C=C\CCCCC)=O,-0.5031888058779157
O=C(CCN(CCC(OCCCCCCCC/C=C\CC(CCCCCC)OC(CCC/C=C\C/C=C\C/C=C\C/C=C\CCCCC)=O)=O)CCCN(CC)CC)OCCCCCCCC/C=C\CC(CCCCCC)OC(CCC/C=C\C/C=C\C/C=C\C/C=C\CCCCC)=O,-0.1523887015830261
O=C(CCN(CCC(OCCCCCCCC/C=C\CC(CCCCCC)OC(CCC/C=C\C/C=C\C/C=C\C/C=C\CCCCC)=O)=O)CCCN(CC)CC)OCCCCCCCC/C=C\CC(CCCCCC)OC(CCC/C=C\C/C=C\C/C=C\C/C=C\CCCCC)=O,0.5941858793522515
O=C(CCN(CCC(OCCCCCCCC/C=C\CC(CCCCCC)OC(CCC/C=C\C/C=C\C/C=C\C/C=C\CCCCC)=O)=O)CCCN(CC)CC)OCCCCCCCC/C=C\CC(CCCCCC)OC(CCC/C=C\C/C=C\C/C=C\C/C=C\CCCCC)=O,0.2883601474028608
O=C(CCN(CCC(OCCCCCCCC/C=C\CC(CCCCCC)OC(CCC/C=C\C/C=C\C/C=C\C/C=C\CCCCC)=O)=O)CCCN(CC)CC)OCCCCCCCC/C=C\CC(CCCCCC)OC(CCC/C=C\C/C=C\C/C=C\C/C=C\CCCCC)=O,-1.0608710229620986
O=C(CCN(CCC(OCCCCCCCC/C=C\CC(CCCCCC)OC(CCC/C=C\C/C=C\C/C=C\C/C=C\CCCCC)=O)=O)CCCN(CC)CC)OCCCCCCCC/C=C\CC(CCCCCC)OC(CCC/C=C\C/C=C\C/C=C\C/C=C\CCCCC)=O,0.5761961304140516
O=C(CCN(CCC(OCCCCCCCC/C=C\CC(CCCCCC)OC(CCC/C=C\C/C=C\C/C=C\C/C=C\CCCCC)=O)=O)CCCN(CC)CC)OCCCCCCCC/C=C\CC(CCCCCC)OC(CCC/C=C\C/C=C\C/C=C\C/C=C\CCCCC)=O,0.953980858116241
O=C(CCN(CCC(OCCCCCCCC/C=C\CC(CCCCCC)OC(CCC/C=C\C/C=C\C/C=C\C/C=C\CCCCC)=O)=O)CCCN(CC)CC)OCCCCCCCC/C=C\CC(CCCCCC)OC(CCC/C=C\C/C=C\C/C=C\C/C=C\CCCCC)=O,0.9989552304617396
O=C(CCN(CCC(OCCCCCCCC/C=C\CC(CCCCCC)OC(CCC/C=C\C/C=C\C/C=C\C/C=C\CCCCC)=O)=O)CCCN(CC)CC)OCCCCCCCC/C=C\CC(CCCCCC)OC(CCC/C=C\C/C=C\C/C=C\C/C=C\CCCCC)=O,1.853468305026214
O=C(CCN(CCC(OCCCCCCCC/C=C\CC(CCCCCC)OC(CCC/C=C\C/C=C\C/C=C\C/C=C\CCCCC)=O)=O)CCCN(CC)CC)OCCCCCCCC/C=C\CC(CCCCCC)OC(CCC/C=C\C/C=C\C/C=C\C/C=C\CCCCC)=O,0.513232009130354
O=C(CCN(CCC(OCCCCCCCC/C=C\CC(CCCCCC)OC(CCC/C=C\C/C=C\C/C=C\C/C=C\CCCCC)=O)=O)CCCN(CC)CC)OCCCCCCCC/C=C\CC(CCCCCC)OC(CCC/C=C\C/C=C\C/C=C\C/C=C\CCCCC)=O,1.5386476986077229
O=C(CCN(CCC(OCCCCCCCC/C=C\CC(CCCCCC)OC(CCC/C=C\C/C=C\C/C=C\C/C=C\CCCCC)=O)=O)CCCN(CC)CC)OCCCCCCCC/C=C\CC(CCCCCC)OC(CCC/C=C\C/C=C\C/C=C\C/C=C\CCCCC)=O,0.1534370303663645
O=C(CCN(CCC(OCCCCCCCC/C=C\CC(CCCCCC)OC(CCC/C=C\C/C=C\C/C=C\C/C=C\CCCCC)=O)=O)CCCN(CC)CC)OCCCCCCCC/C=C\CC(CCCCCC)OC(CCC/C=C\C/C=C\C/C=C\C/C=C\CCCCC)=O,0.8820218623634432
CN(CCC(OCCCCCCCC/C=C\CC(CCCCCC)OC(C(CCCCCCCC)CCCCCC)=O)=O)CCCN(C)CCCN(CCC(OCCCCCCCC/C=C\CC(CCCCC)OC(C(CCCCCCCC)CCCCCC)=O)=O)C,-0.3142964420268214
CN(CCC(OCCCCCCCC/C=C\CC(CCCCCC)OC(C(CCCCCCCC)CCCCCC)=O)=O)CCCN(C)CCCN(CCC(OCCCCCCCC/C=C\CC(CCCCC)OC(C(CCCCCCCC)CCCCCC)=O)=O)C,0.0454985367371681
CN(CCC(OCCCCCCCC/C=C\CC(CCCCCC)OC(C(CCCCCCCC)CCCCCC)=O)=O)CCCN(C)CCCN(CCC(OCCCCCCCC/C=C\CC(CCCCC)OC(C(CCCCCCCC)CCCCCC)=O)=O)C,-0.1164092037066271
CN(CCC(OCCCCCCCC/C=C\CC(CCCCCC)OC(C(CCCCCCCC)CCCCCC)=O)=O)CCCN(C)CCCN(CCC(OCCCCCCCC/C=C\CC(CCCCC)OC(C(CCCCCCCC)CCCCCC)=O)=O)C,-0.7460504165436084
CN(CCC(OCCCCCCCC/C=C\CC(CCCCCC)OC(C(CCCCCCCC)CCCCCC)=O)=O)CCCN(C)CCCN(CCC(OCCCCCCCC/C=C\CC(CCCCC)OC(C(CCCCCCCC)CCCCCC)=O)=O)C,0.3873037665629573
CN(CCC(OCCCCCCCC/C=C\CC(CCCCCC)OC(C(CCCCCCCC)CCCCCC)=O)=O)CCCN(C)CCCN(CCC(OCCCCCCCC/C=C\CC(CCCCC)OC(C(CCCCCCCC)CCCCCC)=O)=O)C,-0.3142964420268214
CN(CCC(OCCCCCCCC/C=C\CC(CCCCCC)OC(C(CCCCCCCC)CCCCCC)=O)=O)CCCN(C)CCCN(CCC(OCCCCCCCC/C=C\CC(CCCCC)OC(C(CCCCCCCC)CCCCCC)=O)=O)C,0.8460423644870442
CN(CCC(OCCCCCCCC/C=C\CC(CCCCCC)OC(C(CCCCCCCC)CCCCCC)=O)=O)CCCN(C)CCCN(CCC(OCCCCCCCC/C=C\CC(CCCCC)OC(C(CCCCCCCC)CCCCCC)=O)=O)C,-0.2693220696813225
CN(CCC(OCCCCCCCC/C=C\CC(CCCCCC)OC(C(CCCCCCCC)CCCCCC)=O)=O)CCCN(C)CCCN(CCC(OCCCCCCCC/C=C\CC(CCCCC)OC(C(CCCCCCCC)CCCCCC)=O)=O)C,1.115888598560036
CN(CCC(OCCCCCCCC/C=C\CC(CCCCCC)OC(C(CCCCCCCC)CCCCCC)=O)=O)CCCN(C)CCCN(CCC(OCCCCCCCC/C=C\CC(CCCCC)OC(C(CCCCCCCC)CCCCCC)=O)=O)C,-0.5841426760998131
CN(CCC(OCCCCCCCC/C=C\CC(CCCCCC)OC(C(CCCCCCCC)CCCCCC)=O)=O)CCCN(C)CCCN(CCC(OCCCCCCCC/C=C\CC(CCCCC)OC(C(CCCCCCCC)CCCCCC)=O)=O)C,1.0889039751527363
CN(CCC(OCCCCCCCC/C=C\CC(CCCCCC)OC(C(CCCCCCCC)CCCCCC)=O)=O)CCCN(C)CCCN(CCC(OCCCCCCCC/C=C\CC(CCCCC)OC(C(CCCCCCCC)CCCCCC)=O)=O)C,0.0185139133298687
CN(CCC(OCCCCCCCC/C=C\CC(CCCCCC)OC(C(CCCCCCCC)CCCCCC)=O)=O)CCCN(C)CCCN(CCC(OCCCCCCCC/C=C\CC(CCCCC)OC(C(CCCCCCCC)CCCCCC)=O)=O)C,-0.5391683037543146
CN(CCC(OCCCCCCCC/C=C\CC(CCCCCC)OC(C(CCCCCCCC)CCCCCC)=O)=O)CCCN(C)CCCN(CCC(OCCCCCCCC/C=C\CC(CCCCC)OC(C(CCCCCCCC)CCCCCC)=O)=O)C,0.5672012559449521
CN(CCC(OCCCCCCCC/C=C\CC(CCCCCC)OC(C(CCCCCCCC)CCCCCC)=O)=O)CCCN(C)CCCN(CCC(OCCCCCCCC/C=C\CC(CCCCC)OC(C(CCCCCCCC)CCCCCC)=O)=O)C,-0.0174655845465302
CN(CCC(OCCCCCCCC/C=C\CC(CCCCCC)OC(C(CCCCCCCC)CCCCCC)=O)=O)CCCN(C)CCCN(CCC(OCCCCCCCC/C=C\CC(CCCCC)OC(C(CCCCCCCC)CCCCCC)=O)=O)C,-0.3772605633105193
CN(CCC(OCCCCCCCC/C=C\CC(CCCCCC)OC(C(CCCCCCCC)CCCCCC)=O)=O)CCCN(C)CCCN(CCC(OCCCCCCCC/C=C\CC(CCCCC)OC(C(CCCCCCCC)CCCCCC)=O)=O)C,0.7111192474505479
CN(CCC(OCCCCCCCC/C=C\CC(CCCCCC)OC(C(CCCCCCCC)CCCCCC)=O)=O)CCCN(C)CCCN(CCC(OCCCCCCCC/C=C\CC(CCCCC)OC(C(CCCCCCCC)CCCCCC)=O)=O)C,-0.1433938271139265
CN(CCC(OCCCCCCCC/C=C\CC(CCCCCC)OC(C(CCCCCCCC)CCCCCC)=O)=O)CCCN(C)CCCN(CCC(OCCCCCCCC/C=C\CC(CCCCC)OC(C(CCCCCCCC)CCCCCC)=O)=O)C,0.1174575324899656
CN(CCC(OCCCCCCCC/C=C\CC(CCCCCC)OC(C(CCCCCCCC)CCCCCC)=O)=O)CCCN(C)CCCN(CCC(OCCCCCCCC/C=C\CC(CCCCC)OC(C(CCCCCCCC)CCCCCC)=O)=O)C,1.5206579496695238
CN(CCC(OCCCCCCCC/C=C\CC(CCCCCC)OC(C(CCCCCCCC)CCCCCC)=O)=O)CCCN(C)CCCN(CCC(OCCCCCCCC/C=C\CC(CCCCC)OC(C(CCCCCCCC)CCCCCC)=O)=O)C,0.8910167368325427
CN(CCC(OCCCCCCCC/C=C\CC(CCCCCC)OC(C(CCCCCCCC)CCCCCC)=O)=O)CCCN(C)CCCN(CCC(OCCCCCCCC/C=C\CC(CCCCC)OC(C(CCCCCCCC)CCCCCC)=O)=O)C,0.953980858116241
CN(CCC(OCCCCCCCC/C=C\CC(CCCCCC)OC(C(CCCCCCCC)CCCCCC)=O)=O)CCCN(C)CCCN(CCC(OCCCCCCCC/C=C\CC(CCCCC)OC(C(CCCCCCCC)CCCCCC)=O)=O)C,-0.3142964420268214
CN(CCC(OCCCCCCCC/C=C\CC(CCCCCC)OC(C(CCCCCCCC)CCCCCC)=O)=O)CCCN(C)CCCN(CCC(OCCCCCCCC/C=C\CC(CCCCC)OC(C(CCCCCCCC)CCCCCC)=O)=O)C,-0.0264604590156297
O=C(CCN(CCC(OCCCCCCCC/C=C\CC(CCCCCC)OC(CCCCCCC/C=C\CCCCCCCC)=O)=O)CCCN(CCCC)CCCC)OCCCCCCCC/C=C\CC(CCCCCC)OC(CCCCCCC/C=C\CCCCCCCC)=O,-0.988912027209301
O=C(CCN(CCC(OCCCCCCCC/C=C\CC(CCCCCC)OC(CCCCCCC/C=C\CCCCCCCC)=O)=O)CCCN(CCCC)CCCC)OCCCCCCCC/C=C\CC(CCCCCC)OC(CCCCCCC/C=C\CCCCCCCC)=O,-2.185230331599565
O=C(CCN(CCC(OCCCCCCCC/C=C\CC(CCCCCC)OC(CCCCCCC/C=C\CCCCCCCC)=O)=O)CCCN(CCCC)CCCC)OCCCCCCCC/C=C\CC(CCCCCC)OC(CCCCCCC/C=C\CCCCCCCC)=O,-0.4941939314088157
O=C(CCN(CCC(OCCCCCCCC/C=C\CC(CCCCCC)OC(CCCCCCC/C=C\CCCCCCCC)=O)=O)CCCN(CCCC)CCCC)OCCCCCCCC/C=C\CC(CCCCCC)OC(CCCCCCC/C=C\CCCCCCCC)=O,-1.4296608761951877
O=C(CCN(CCC(OCCCCCCCC/C=C\CC(CCCCCC)OC(CCCCCCC/C=C\CCCCCCCC)=O)=O)CCCN(CCCC)CCCC)OCCCCCCCC/C=C\CC(CCCCCC)OC(CCCCCCC/C=C\CCCCCCCC)=O,-0.6021324250380126
O=C(CCN(CCC(OCCCCCCCC/C=C\CC(CCCCCC)OC(CCCCCCC/C=C\CCCCCCCC)=O)=O)CCCN(CCCC)CCCC)OCCCCCCCC/C=C\CC(CCCCCC)OC(CCCCCCC/C=C\CCCCCCCC)=O,-1.3846865038496892
O=C(CCN(CCC(OCCCCCCCC/C=C\CC(CCCCCC)OC(CCCCCCC/C=C\CCCCCCCC)=O)=O)CCCN(CCCC)CCCC)OCCCCCCCC/C=C\CC(CCCCCC)OC(CCCCCCC/C=C\CCCCCCCC)=O,-0.9439376548638022
O=C(CCN(CCC(OCCCCCCCC/C=C\CC(CCCCCC)OC(CCCCCCC/C=C\CCCCCCCC)=O)=O)CCCN(CCCC)CCCC)OCCCCCCCC/C=C\CC(CCCCCC)OC(CCCCCCC/C=C\CCCCCCCC)=O,-0.7370555420745084
O=C(CCN(CCC(OCCCCCCCC/C=C\CC(CCCCCC)OC(CCCCCCC/C=C\CCCCCCCC)=O)=O)CCCN(CCCC)CCCC)OCCCCCCCC/C=C\CC(CCCCCC)OC(CCCCCCC/C=C\CCCCCCCC)=O,-0.8000196633582068
O=C(CCN(CCC(OCCCCCCCC/C=C\CC(CCCCCC)OC(CCCCCCC/C=C\CCCCCCCC)=O)=O)CCCN(CCCC)CCCC)OCCCCCCCC/C=C\CC(CCCCCC)OC(CCCCCCC/C=C\CCCCCCCC)=O,-0.8359991612346054
O=C(CCN(CCC(OCCCCCCCC/C=C\CC(CCCCCC)OC(CCCCCCC/C=C\CCCCCCCC)=O)=O)CCCN(CCCC)CCCC)OCCCCCCCC/C=C\CC(CCCCCC)OC(CCCCCCC/C=C\CCCCCCCC)=O,-0.1074143292375276
O=C(CCN(CCC(OCCCCCCCC/C=C\CC(CCCCCC)OC(CCCCCCC/C=C\CCCCCCCC)=O)=O)CCCN(CCCC)CCCC)OCCCCCCCC/C=C\CC(CCCCCC)OC(CCCCCCC/C=C\CCCCCCCC)=O,0.2523806495264619
O=C(CCN(CCC(OCCCCCCCC/C=C\CC(CCCCCC)OC(CCCCCCC/C=C\CCCCCCCC)=O)=O)CCCN(CCCC)CCCC)OCCCCCCCC/C=C\CC(CCCCCC)OC(CCCCCCC/C=C\CCCCCCCC)=O,-0.2063579483976245
O=C(CCN(CCC(OCCCCCCCC/C=C\CC(CCCCCC)OC(CCCCCCC/C=C\CCCCCCCC)=O)=O)CCCN(CCCC)CCCC)OCCCCCCCC/C=C\CC(CCCCCC)OC(CCCCCCC/C=C\CCCCCCCC)=O,-0.2063579483976245
O=C(CCN(CCC(OCCCCCCCC/C=C\CC(CCCCCC)OC(CCCCCCC/C=C\CCCCCCCC)=O)=O)CCCN(CCCC)CCCC)OCCCCCCCC/C=C\CC(CCCCCC)OC(CCCCCCC/C=C\CCCCCCCC)=O,-0.6381119229144115
O=C(CCN(CCC(OCCCCCCCC/C=C\CC(CCCCCC)OC(CCCCCCC/C=C\CCCCCCCC)=O)=O)CCCN(CCCC)CCCC)OCCCCCCCC/C=C\CC(CCCCCC)OC(CCCCCCC/C=C\CCCCCCCC)=O,-0.5571580526925141
N(CCC(=O)OCCCCCCCC\C=C/CC(CCCCCC)OC(=O)C)(CCC(=O)OCCCCCCCC\C=C/CC(CCCCCC)OC(=O)C)CCCN(C)C,1.8721368818493096
N(CCC(=O)OCCCCCCCC\C=C/CC(CCCCCC)OC(=O)C)(CCC(=O)OCCCCCCCC\C=C/CC(CCCCCC)OC(=O)C)CCCN(CC)CC,0.9520512443640936
N(CCC(=O)OCCCCCCCC\C=C/CC(CCCCCC)OC(=O)C)(CCC(=O)OCCCCCCCC\C=C/CC(CCCCCC)OC(=O)C)CCCN(CC)CC,1.0712915531031288
N(CCC(=O)OCCCCCCCC\C=C/CC(CCCCCC)OC(=O)CCCCC)(CCC(=O)OCCCCCCCC\C=C/CC(CCCCCC)OC(=O)CCCCC)CCCN(CC)CC,1.261675322009934
N(CCC(=O)OCCCCCCCC\C=C/CC(CCCCCC)OC(=O)CCCCCCC)(CCC(=O)OCCCCCCCC\C=C/CC(CCCCCC)OC(=O)CCCCCCC)CCCN(C)C,1.5883624561492322
C[N+](C)(C)CCCC[N+](CCC(=O)OCCCCCCCC\C=C/CC(CCCCCC)OC(=O)CC/C=C\CCCCC)(CCC(=O)OCCCCCCCC\C=C/CC(CCCCCC)OC(=O)CC/C=C\CCCCC)C,0.144442155897265
N(CCC(=O)OCCCCCCCC\C=C/CC(CCCCCC)OC(=O)C(CCCCCC)CCCCCCCC)(CCC(=O)OCCCCCCCC\C=C/CC(CCCCCC)OC(=O)C(CCCCCC)CCCCCCCC)CCCN(C)C,-0.3045035837749413
N(CCC(=O)OCCCCCCCC\C=C/CC(CCCCCC)OC(=O)CC/C=C\CCCCC)(CCC(=O)OCCCCCCCC\C=C/CC(CCCCCC)OC(=O)CC/C=C\CCCCC)CCCN(C)C,-0.3045035837749413
N(CCC(=O)OCCCCCCCC\C=C/CC(CCCCCC)OC(=O)CCCCCCC)(CCC(=O)OCCCCCCCC\C=C/CC(CCCCCC)OC(=O)CCCCCCC)CCCN(C)C,-0.3045035837749413
N(CCC(=O)OCCCCCCCC\C=C/CC(CCCCCC)OC(=O)CCCCCCCCCCCCCCCCC)(CCC(=O)OCCCCCCCC\C=C/CC(CCCCCC)OC(=O)CCCCCCCCCCCCCCCCC)CCCN(C)C,-0.3045035837749413
N(CCC(=O)OCCCCCCCC\C=C/CC(CCCCCC)OC(=O)CCCCCCC/C=C\CCCCCCCC)(CCC(=O)OCCCCCCCC\C=C/CC(CCCCCC)OC(=O)CCCCCCC/C=C\CCCCCCCC)CCCN(C)C,-0.3045035837749413
N(CCC(=O)OCCCCCCCC\C=C/CC(CCCCCC)OC(=O)CCCCCCCCCCCCC)(CCC(=O)OCCCCCCCC\C=C/CC(CCCCCC)OC(=O)CCCCCCCCCCCCC)CCN(C)C,-0.3045035837749413
N(CCC(=O)OCCCCCCCC\C=C/CC(CCCCCC)OC(=O)CCC/C=C\C/C=C\C/C=C\C/C=C\C/C=C\CC)(CCC(=O)OCCCCCCCC\C=C/CC(CCCCCC)OC(=O)CCC/C=C\C/C=C\C/C=C\C/C=C\C/C=C\CC)CCN(C)C,0.4755825195557091
N(CCC(=O)OCCCCCCCC\C=C/CC(CCCCCC)OC(=O)CCCCCCCCCC)(CCC(=O)OCCCCCCCC\C=C/CC(CCCCCC)OC(=O)CCCCCCCCCC)CCN(C)C,-0.3045035837749413
N(CCC(=O)OCCCCCCCC\C=C/CC(CCCCCC)OC(=O)CCCCC)(CCC(=O)OCCCCCCCC\C=C/CC(CCCCCC)OC(=O)CCCCC)CCCN(CC)CC,-0.3045035837749413
N(CCC(=O)OCCCCCCCC\C=C/CC(CCCCCC)OC(=O)CCCCCCCCCCCCC)(CCC(=O)OCCCCCCCC\C=C/CC(CCCCCC)OC(=O)CCCCCCCCCCCCC)CCN(CC)CC,-0.3045035837749413
N(CCC(=O)OCCCCCCCC\C=C/CC(CCCCCC)OC(=O)CCCCCCCCCCCCCCC)(CCC(=O)OCCCCCCCC\C=C/CC(CCCCCC)OC(=O)CCCCCCCCCCCCCCC)CCN(CC)CC,1.0940518871045868
N(CCC(=O)OCCCCCCCC\C=C/CC(CCCCCC)OC(=O)CCCCCCCCCCCCCCCCC)(CCC(=O)OCCCCCCCC\C=C/CC(CCCCCC)OC(=O)CCCCCCCCCCCCCCCCC)CCN(CC)CC,0.9061381893683296
N(CCC(=O)OCCCCCCCC\C=C/CC(CCCCCC)OC(=O)CCCCCCC/C=C\CCCCCCCC)(CCC(=O)OCCCCCCCC\C=C/CC(CCCCCC)OC(=O)CCCCCCC/C=C\CCCCCCCC)CCN(CC)CC,-0.3045035837749413
CN(CCC(=O)OCCCCCCCC\C=C/CC(CCCCCC)OC(=O)CCCCCCCCCCC)CCCN(CCC(=O)OCCCCCCCC\C=C/CC(CCCCCC)OC(=O)CCCCCCCCCCC)C,-0.3045035837749413
CN(CCC(=O)OCCCCCCCC\C=C/CC(CCCCCC)OC(=O)CCCCC)CCCN(CCC(=O)OCCCCCCCC\C=C/CC(CCCCCC)OC(=O)CCCCC)C,-0.3045035837749413
CN(CCC(=O)OCCCCCCCC\C=C/CC(CCCCCC)OC(=O)CCCCCC)CCCN(CCC(=O)OCCCCCCCC\C=C/CC(CCCCCC)OC(=O)CCCCCC)C,-0.3045035837749413
CN(CCC(=O)OCCCCCCCC\C=C/CC(CCCCCC)OC(=O)CCCCCCC/C=C\C/C=C\CCCCC)CCCN(CCC(=O)OCCCCCCCC\C=C/CC(CCCCCC)OC(=O)CCCCCCC/C=C\C/C=C\CCCCC)C,-0.3045035837749413
CN(CCC(=O)OCCCCCCCC\C=C/CC(CCCCCC)OC(=O)CCCCCCCCCC)CCCN(CCC(=O)OCCCCCCCC\C=C/CC(CCCCCC)OC(=O)CCCCCCCCCC)C,-0.3045035837749413
CCN(CC)CCN(CCC(=O)OCCCCCCCC\C=C/CC(CCCCCC)OC(=O)CC/C=C\CC)CCN(CC)CC,-0.3045035837749413
CCN(CC)CCN(CCC(=O)OCCCCCCCC\C=C/CC(CCCCCC)OC(=O)CC/C=C\CCCCC)CCN(CC)CC,-0.3045035837749413
CCN(CC)CCN(CCC(=O)OCCCCCCCC\C=C/CC(CCCCCC)OC(=O)CCCCCCC)CCN(CC)CC,-0.3045035837749413
N(CCC(=O)OCCCCCCCC\C=C/CC(CCCCCC)OC(=O)CC/C=C\CC)(CCC(=O)OCCCCCCCC\C=C/CC(CCCCCC)OC(=O)CC/C=C\CC)CCCN1CCN(C)CC1,-0.3045035837749413
N(CCC(=O)OCCCCCCCC\C=C/CC(CCCCCC)OC(=O)CCCCCCCCCCC)(CCC(=O)OCCCCCCCC\C=C/CC(CCCCCC)OC(=O)CCCCCCCCCCC)CCCN1CCN(C)CC1,-0.3045035837749413
N(CCC(=O)OCCCCCCCC\C=C/CC(CCCCCC)OC(=O)CCC/C=C\C/C=C\C/C=C\C/C=C\CCCCC)(CCC(=O)OCCCCCCCC\C=C/CC(CCCCCC)OC(=O)CCC/C=C\C/C=C\C/C=C\C/C=C\CCCCC)CCCN1CCN(C)CC1,-0.3045035837749413
N(CCC(=O)OCCCCCCCC\C=C/CC(CCCCCC)OC(=O)CCCCCCCCCCCCCCCCC)(CCC(=O)OCCCCCCCC\C=C/CC(CCCCCC)OC(=O)CCCCCCCCCCCCCCCCC)CCCN1CCN(C)CC1,-0.3045035837749413
N(CCC(=O)OCCCCCCCC\C=C/CC(CCCCCC)OC(=O)CCCCCCC/C=C\C/C=C\CCCCC)(CCC(=O)OCCCCCCCC\C=C/CC(CCCCCC)OC(=O)CCCCCCC/C=C\C/C=C\CCCCC)CCCN1CCN(C)CC1,-0.3045035837749413
N(CCC(=O)OCCCCCCCC\C=C/CC(CCCCCC)OC(=O)CCCCCCCCCCCCCCC)(CCC(=O)OCCCCCCCC\C=C/CC(CCCCCC)OC(=O)CCCCCCCCCCCCCCC)CCc1ccncc1,-0.3045035837749413
N(CCC(=O)OCCCCCCCC\C=C/CC(CCCCCC)OC(=O)CC\C=C/C/C=C\C\C=C/C\C=C/C\C=C/C\C=C/CC)(CCC(=O)OCCCCCCCC\C=C/CC(CCCCCC)OC(=O)CC\C=C/C/C=C\C\C=C/C\C=C/C\C=C/C\C=C/CC)CCN1CCOCC1,-0.3045035837749413
N(CCC(=O)OCCCCCCCC\C=C/CC(CCCCCC)OC(=O)CCCCCC)(CCC(=O)OCCCCCCCC\C=C/CC(CCCCCC)OC(=O)CCCCCC)CCN1CCOCC1,-0.3045035837749413
N(CCC(=O)OCCCCCCCC\C=C/CC(CCCCCC)OC(=O)CCC/C=C\C/C=C\C/C=C\C/C=C\C/C=C\CC)(CCC(=O)OCCCCCCCC\C=C/CC(CCCCCC)OC(=O)CCC/C=C\C/C=C\C/C=C\C/C=C\C/C=C\CC)CCN1CCOCC1,1.6326051726997757
N(CCC(=O)OCCCCCCCC\C=C/CC(CCCCCC)OC(=O)CCCCCCCCCC)(CCC(=O)OCCCCCCCC\C=C/CC(CCCCCC)OC(=O)CCCCCCCCCC)CCN1CCOCC1,-0.3045035837749413
N(CCC(=O)OCCCCCCCC\C=C/CC(CCCCCC)OC(=O)CCCCCCCCCCC)(CCC(=O)OCCCCCCCC\C=C/CC(CCCCCC)OC(=O)CCCCCCCCCCC)CCN1CCCCC1,-0.3045035837749413
N(CCC(=O)OCCCCCCCC\C=C/CC(CCCCCC)OC(=O)CCCCCC)(CCC(=O)OCCCCCCCC\C=C/CC(CCCCCC)OC(=O)CCCCCC)CCN1CCCCC1,-0.3045035837749413
N(CCC(=O)OCCCCCCCC\C=C/CC(CCCCCC)OC(=O)CCCCCCC)(CCC(=O)OCCCCCCCC\C=C/CC(CCCCCC)OC(=O)CCCCCCC)CCN1CCCCC1,-0.3045035837749413
N(CCC(=O)OCCCCCCCC\C=C/CC(CCCCCC)OC(=O)CC/C=C\CC)(CCC(=O)OCCCCCCCC\C=C/CC(CCCCCC)OC(=O)CC/C=C\CC)CCCN1CCCCCC1,-0.3045035837749413
N(CCC(=O)OCCCCCCCC\C=C/CC(CCCCCC)OC(=O)CCCCCC)(CCC(=O)OCCCCCCCC\C=C/CC(CCCCCC)OC(=O)CCCCCC)CCCN1CCCCCC1,-0.3045035837749413
N(CCC(=O)OCCCCCCCC\C=C/CC(CCCCCC)OC(=O)CCCCCCC)(CCC(=O)OCCCCCCCC\C=C/CC(CCCCCC)OC(=O)CCCCCCC)CCCN1CCCCCC1,-0.3045035837749413
N(CCC(=O)OCCCCCCCC\C=C/CC(CCCCCC)OC(=O)CCCCCCC/C=C\C/C=C\CCCCC)(CCC(=O)OCCCCCCCC\C=C/CC(CCCCCC)OC(=O)CCCCCCC/C=C\C/C=C\CCCCC)CCCN1CCCCC1,-0.3045035837749413
N(CCC(=O)OCCCCCCCC\C=C/CC(CCCCCC)OC(=O)CCCCCCCCCCCCCCC)(CCC(=O)OCCCCCCCC\C=C/CC(CCCCCC)OC(=O)CCCCCCCCCCCCCCC)CCN1CCN(C)CCCC1,-0.3045035837749413
N(CCC(=O)OCCCCCCCC\C=C/CC(CCCCCC)OC(=O)C(CCCCCC)CCCCCCCC)(CCC(=O)OCCCCCCCC\C=C/CC(CCCCCC)OC(=O)C(CCCCCC)CCCCCCCC)CCN1CCN(C)CCCC1,-0.3045035837749413
N(CCC(=O)OCCCCCCCC\C=C/CC(CCCCCC)OC(=O)CC/C=C\CCCCC)(CCC(=O)OCCCCCCCC\C=C/CC(CCCCCC)OC(=O)CC/C=C\CCCCC)CCN1CCN(C)CCCC1,-0.3045035837749413
N(CCC(=O)OCCCCCCCC\C=C/CC(CCCCCC)OC(=O)CCCCCCC/C=C\CCCCCCCC)(CCC(=O)OCCCCCCCC\C=C/CC(CCCCCC)OC(=O)CCCCCCC/C=C\CCCCCCCC)CCN1CCN(C)CCCC1,-0.3045035837749413
N(CCC(=O)OCCCCCCCC\C=C/CC(CCCCCC)OC(=O)CC\C=C/C/C=C\C\C=C/C\C=C/C\C=C/C\C=C/CC)(CCC(=O)OCCCCCCCC\C=C/CC(CCCCCC)OC(=O)CC\C=C/C/C=C\C\C=C/C\C=C/C\C=C/C\C=C/CC)CCC1N(C)CCCC1,4.992373601708408
N(CCC(=O)OCCCCCCCC\C=C/CC(CCCCCC)OC(=O)CC\C=C/C/C=C\C\C=C/C\C=C/C\C=C/C\C=C/CC)(CCC(=O)OCCCCCCCC\C=C/CC(CCCCCC)OC(=O)CC\C=C/C/C=C\C\C=C/C\C=C/C\C=C/C\C=C/CC)CCN1CCN(C)CC1,5.201422000346438
N(CCC(=O)OCCCCCCCC\C=C/CC(CCCCCC)OC(=O)CCCCCCC/C=C\CCCCCCCC)(CCC(=O)OCCCCCCCC\C=C/CC(CCCCCC)OC(=O)CCCCCCC/C=C\CCCCCCCC)CCN1CCN(C)CC1,-0.3045035837749413
N(CCC(=O)OCCCCCCCC\C=C/CC(CCCCCC)OC(=O)CCCCCCCCCC)(CCC(=O)OCCCCCCCC\C=C/CC(CCCCCC)OC(=O)CCCCCCCCCC)CCN1CCN(C)CC1,-0.3045035837749413
N(CCC(=O)OCCCCCCCC\C=C/CC(CCCCCC)OC(=O)CC/C=C\CC)(CCC(=O)OCCCCCCCC\C=C/CC(CCCCCC)OC(=O)CC/C=C\CC)CC1N(C)CCCC1,-0.3045035837749413
N(CCC(=O)OCCCCCCCC\C=C/CC(CCCCCC)OC(=O)CCCCCCCCCCCCC)(CCC(=O)OCCCCCCCC\C=C/CC(CCCCCC)OC(=O)CCCCCCCCCCCCC)CC1N(C)CCCC1,-0.3045035837749413
N(CCC(=O)OCCCCCCCC\C=C/CC(CCCCCC)OC(=O)CCCCCCCCCCCCCCC)(CCC(=O)OCCCCCCCC\C=C/CC(CCCCCC)OC(=O)CCCCCCCCCCCCCCC)CC1N(C)CCCC1,-0.3045035837749413
N(CCC(=O)OCCCCCCCC\C=C/CC(CCCCCC)OC(=O)CCC/C=C\C/C=C\C/C=C\C/C=C\CCCCC)(CCC(=O)OCCCCCCCC\C=C/CC(CCCCCC)OC(=O)CCC/C=C\C/C=C\C/C=C\C/C=C\CCCCC)CC1N(C)CCCC1,-0.3045035837749413
N(CCC(=O)OCCCCCCCC\C=C/CC(CCCCCC)OC(=O)CCCCCCCCCCCCCCCCC)(CCC(=O)OCCCCCCCC\C=C/CC(CCCCCC)OC(=O)CCCCCCCCCCCCCCCCC)CC1N(C)CCCC1,-0.3045035837749413
N(CCC(=O)OCCCCCCCC\C=C/CC(CCCCCC)OC(=O)CCCCCCCCCC)(CCC(=O)OCCCCCCCC\C=C/CC(CCCCCC)OC(=O)CCCCCCCCCC)CC1N(C)CCCC1,-0.3045035837749413
N(CCC(=O)OCCCCCCCC\C=C/CC(CCCCCC)OC(=O)CCCCCCC)(CCC(=O)OCCCCCCCC\C=C/CC(CCCCCC)OC(=O)CCCCCCC)CCC1N(CC(C)C)CCCC1,-0.3045035837749413
N(CCC(=O)OCCCCCCCC\C=C/CC(CCCCCC)OC(=O)CCCCCCCCCCCCCCCCC)(CCC(=O)OCCCCCCCC\C=C/CC(CCCCCC)OC(=O)CCCCCCCCCCCCCCCCC)CCC1N(CC(C)C)CCCC1,-0.3045035837749413
N(CCC(=O)OCCCCCCCC\C=C/CC(CCCCCC)OC(=O)CC/C=C\CC)(CCC(=O)OCCCCCCCC\C=C/CC(CCCCCC)OC(=O)CC/C=C\CC)CCN1CCCCCC1,-0.3045035837749413
N(CCC(=O)OCCCCCCCC\C=C/CC(CCCCCC)OC(=O)CCCCCCCCCCCCCCC)(CCC(=O)OCCCCCCCC\C=C/CC(CCCCCC)OC(=O)CCCCCCCCCCCCCCC)CCN1CCCCCC1,-0.3045035837749413
N(CCC(=O)OCCCCCCCC\C=C/CC(CCCCCC)OC(=O)CCCCCCC/C=C\CCCCCCCC)(CCC(=O)OCCCCCCCC\C=C/CC(CCCCCC)OC(=O)CCCCCCC/C=C\CCCCCCCC)CCN1CCCCCC1,-0.3045035837749413
N(CCC(=O)OCCCCCCCC\C=C/CC(CCCCCC)OC(=O)CCC/C=C\C/C=C\C/C=C\C/C=C\C/C=C\CC)(CCC(=O)OCCCCCCCC\C=C/CC(CCCCCC)OC(=O)CCC/C=C\C/C=C\C/C=C\C/C=C\C/C=C\CC)CCN1CCCCCC1,3.4822980675342223
N(CCC(=O)OCCCCCCCC\C=C/CC(CCCCCC)OC(=O)CC/C=C\CC)(CCC(=O)OCCCCCCCC\C=C/CC(CCCCCC)OC(=O)CC/C=C\CC)CCO,-0.3045035837749413
N(CCC(=O)OCCCCCCCC\C=C/CC(CCCCCC)OC(=O)CCCCCCC/C=C\C/C=C\CCCCC)(CCC(=O)OCCCCCCCC\C=C/CC(CCCCCC)OC(=O)CCCCCCC/C=C\C/C=C\CCCCC)CCO,-0.3045035837749413
N(CCC(=O)OCCCCCCCC\C=C/CC(CCCCCC)OC(=O)CCCCCCCCCC)(CCC(=O)OCCCCCCCC\C=C/CC(CCCCCC)OC(=O)CCCCCCCCCC)CCO,-0.3045035837749413
N(CCC(=O)OCCCCCCCC\C=C/CC(CCCCCC)OC(=O)CC/C=C\CC)(CCC(=O)OCCCCCCCC\C=C/CC(CCCCCC)OC(=O)CC/C=C\CC)CCCCCO,-0.3045035837749413
N(CCC(=O)OCCCCCCCC\C=C/CC(CCCCCC)OC(=O)CC/C=C\CCCCC)(CCC(=O)OCCCCCCCC\C=C/CC(CCCCCC)OC(=O)CC/C=C\CCCCC)CCCCCO,-0.3045035837749413
N(CCC(=O)OCCCCCCCC\C=C/CC(CCCCCC)OC(=O)CCCCC)(CCC(=O)OCCCCCCCC\C=C/CC(CCCCCC)OC(=O)CCCCC)CCCCCO,-0.3045035837749413
N(CCC(=O)OCCCCCCCC\C=C/CC(CCCCCC)OC(=O)CC\C=C/C/C=C\C\C=C/C\C=C/C\C=C/C\C=C/CC)(CCC(=O)OCCCCCCCC\C=C/CC(CCCCCC)OC(=O)CC\C=C/C/C=C\C\C=C/C\C=C/C\C=C/C\C=C/CC)CCC1OCCO1,-0.3045035837749413
N(CCC(=O)OCCCCCCCC\C=C/CC(CCCCCC)OC(=O)CCCCCC)(CCC(=O)OCCCCCCCC\C=C/CC(CCCCCC)OC(=O)CCCCCC)CCC1OCCO1,-0.3045035837749413
N(CCC(=O)OCCCCCCCC\C=C/CC(CCCCCC)OC(=O)CCCCCCC)(CCC(=O)OCCCCCCCC\C=C/CC(CCCCCC)OC(=O)CCCCCCC)CCN1CCCC1,-0.3045035837749413
N(CCC(=O)OCCCCCCCC\C=C/CC(CCCCCC)OC(=O)CCCCCCC/C=C\C/C=C\CCCCC)(CCC(=O)OCCCCCCCC\C=C/CC(CCCCCC)OC(=O)CCCCCCC/C=C\C/C=C\CCCCC)CCN1CCCC1,-0.3045035837749413
N(CCC(=O)OCCCCCCCC\C=C/CC(CCCCCC)OC(=O)CC/C=C\CC)(CCC(=O)OCCCCCCCC\C=C/CC(CCCCCC)OC(=O)CC/C=C\CC)CCCN1CCCC1,-0.3045035837749413
N(CCC(=O)OCCCCCCCC\C=C/CC(CCCCCC)OC(=O)CCCCCCCCCCCCCCC)(CCC(=O)OCCCCCCCC\C=C/CC(CCCCCC)OC(=O)CCCCCCCCCCCCCCC)CCCN1CCCC1,-0.3045035837749413
N(CCC(=O)OCCCCCCCC\C=C/CC(CCCCCC)OC(=O)C(CCCCCC)CCCCCCCC)(CCC(=O)OCCCCCCCC\C=C/CC(CCCCCC)OC(=O)C(CCCCCC)CCCCCCCC)CCCN1CCCC1,-0.3045035837749413
N(CCC(=O)OCCCCCCCC\C=C/CC(CCCCCC)OC(=O)CCC/C=C\C/C=C\C/C=C\C/C=C\CCCCC)(CCC(=O)OCCCCCCCC\C=C/CC(CCCCCC)OC(=O)CCC/C=C\C/C=C\C/C=C\C/C=C\CCCCC)CCCN1CCCC1,-0.3045035837749413
N(CCC(=O)OCCCCCCCC\C=C/CC(CCCCCC)OC(=O)CCCCCC)(CCC(=O)OCCCCCCCC\C=C/CC(CCCCCC)OC(=O)CCCCCC)CCCN1CCCC1,-0.3045035837749413
N(CCC(=O)OCCCCCCCC\C=C/CC(CCCCCC)OC(=O)CCCCCCCCCC)(CCC(=O)OCCCCCCCC\C=C/CC(CCCCCC)OC(=O)CCCCCCCCCC)CCCN1CCCC1,-0.3045035837749413
N(CCC(=O)OCCCCCCCC\C=C/CC(CCCCCC)OC(=O)CCC/C=C\C/C=C\C/C=C\C/C=C\CCCCC)(CCC(=O)OCCCCCCCC\C=C/CC(CCCCCC)OC(=O)CCC/C=C\C/C=C\C/C=C\C/C=C\CCCCC)CCCn1ccnc1,-0.3045035837749413
N(CCC(=O)OCCCCCCCC\C=C/CC(CCCCCC)OC(=O)CC\C=C/C/C=C\C\C=C/C\C=C/C\C=C/C\C=C/CC)(CCC(=O)OCCCCCCCC\C=C/CC(CCCCCC)OC(=O)CC\C=C/C/C=C\C\C=C/C\C=C/C\C=C/C\C=C/CC)CCCn1ccnc1,0.7950825715926718
N(CCC(=O)OCCCCCCCC\C=C/CC(CCCCCC)OC(=O)CCCCCC)(CCC(=O)OCCCCCCCC\C=C/CC(CCCCCC)OC(=O)CCCCCC)CCCn1ccnc1,-0.3045035837749413
N(CCC(=O)OCCCCCCCC\C=C/CC(CCCCCC)OC(=O)CCCCCCC)(CCC(=O)OCCCCCCCC\C=C/CC(CCCCCC)OC(=O)CCCCCCC)CCCn1ccnc1,-0.3045035837749413
N(CCC(=O)OCCCCCCCC\C=C/CC(CCCCCC)OC(=O)CCC/C=C\C/C=C\C/C=C\C/C=C\C/C=C\CC)(CCC(=O)OCCCCCCCC\C=C/CC(CCCCCC)OC(=O)CCC/C=C\C/C=C\C/C=C\C/C=C\C/C=C\CC)CCCN1CCN(CCCN(CCC(=O)OCCCCCCCC\C=C/CC(CCCCCC)OC(=O)CCC/C=C\C/C=C\C/C=C\C/C=C\C/C=C\CC)(CCC(=O)OCCCCCCCC\C=C/CC(CCCCCC)OC(=O)CCC/C=C\C/C=C\C/C=C\C/C=C\C/C=C\CC))CC1,-0.938717645604038
CN(CCC(=O)OCCCCCCCC\C=C/CC(CCCCCC)OC(=O)CCC/C=C\C/C=C\C/C=C\C/C=C\C/C=C\CC)CCN(CCN(CCC(=O)OCCCCCCCC\C=C/CC(CCCCCC)OC(=O)CCC/C=C\C/C=C\C/C=C\C/C=C\C/C=C\CC)C)CCN(CCC(=O)OCCCCCCCC\C=C/CC(CCCCCC)OC(=O)CCC/C=C\C/C=C\C/C=C\C/C=C\C/C=C\CC)C,-0.1517394583928243
N(CCC(=O)OCCCCCCCC\C=C/CC(CCCCCC)OC(=O)CC\C=C/C/C=C\C\C=C/C\C=C/C\C=C/C\C=C/CC)(CCC(=O)OCCCCCCCC\C=C/CC(CCCCCC)OC(=O)CC\C=C/C/C=C\C\C=C/C\C=C/C\C=C/C\C=C/CC)CCCN1CCN(CCCN(CCC(=O)OCCCCCCCC\C=C/CC(CCCCCC)OC(=O)CC\C=C/C/C=C\C\C=C/C\C=C/C\C=C/C\C=C/CC)(CCC(=O)OCCCCCCCC\C=C/CC(CCCCCC)OC(=O)CC\C=C/C/C=C\C\C=C/C\C=C/C\C=C/C\C=C/CC))CC1,-1.550529583318708
N(CCC(=O)OCCCCCCCC\C=C/CC(CCCCCC)OC(=O)CC\C=C/C/C=C\C\C=C/C\C=C/C\C=C/C\C=C/CC)(CCC(=O)OCCCCCCCC\C=C/CC(CCCCCC)OC(=O)CC\C=C/C/C=C\C\C=C/C\C=C/C\C=C/C\C=C/CC)CCN(C)CCN(CCC(=O)OCCCCCCCC\C=C/CC(CCCCCC)OC(=O)CC\C=C/C/C=C\C\C=C/C\C=C/C\C=C/C\C=C/CC)(CCC(=O)OCCCCCCCC\C=C/CC(CCCCCC)OC(=O)CC\C=C/C/C=C\C\C=C/C\C=C/C\C=C/C\C=C/CC),-0.7129665475546629
N(CCC(=O)OCCCCCCCC\C=C/CC(CCCCCC)OC(=O)CCC/C=C\C/C=C\C/C=C\C/C=C\C/C=C\CC)(CCC(=O)OCCCCCCCC\C=C/CC(CCCCCC)OC(=O)CCC/C=C\C/C=C\C/C=C\C/C=C\C/C=C\CC)CCCN(CCC(=O)OCCCCCCCC\C=C/CC(CCCCCC)OC(=O)CCC/C=C\C/C=C\C/C=C\C/C=C\C/C=C\CC)CCCN(C)C,0.0780392822045095
C1N(CCC(=O)OCCCCCCCC\C=C/CC(CCCCCC)OC(=O)CC\C=C/C/C=C\C\C=C/C\C=C/C\C=C/C\C=C/CC)CCN(CCC(=O)OCCCCCCCC\C=C/CC(CCCCCC)OC(=O)CC\C=C/C/C=C\C\C=C/C\C=C/C\C=C/C\C=C/CC)CCN(CCC(=O)OCCCCCCCC\C=C/CC(CCCCCC)OC(=O)CC\C=C/C/C=C\C\C=C/C\C=C/C\C=C/C\C=C/CC)C1,-1.3948536615228757
CCN(CCC(=O)OCCCCCCCC\C=C/CC(CCCCCC)OC(=O)CC\C=C/C/C=C\C\C=C/C\C=C/C\C=C/C\C=C/CC)CCO,0.6305915349120698
N(CCC(=O)OCCCCCCCC\C=C/CC(CCCCCC)OC(=O)CCCCCCC/C=C\C/C=C\C/C=C\CC)(CCC(=O)OCCCCCCCC\C=C/CC(CCCCCC)OC(=O)CCCCCCC/C=C\C/C=C\C/C=C\CC)CCCN(CC)CC,0.8408492979454418
N(CCC(=O)OCCCCCCCC\C=C/CC(CCCCCC)OC(=O)CCCCCCC/C=C\C/C=C\C/C=C\CC)(CCC(=O)OCCCCCCCC\C=C/CC(CCCCCC)OC(=O)CCCCCCC/C=C\C/C=C\C/C=C\CC)CCN(CC)CC,1.0662111059231372
N(CCC(=O)OCCCCCCCC\C=C/CC(CCCCCC)OC(=O)CCCCCCC/C=C\C/C=C\C/C=C\CC)(CCC(=O)OCCCCCCCC\C=C/CC(CCCCCC)OC(=O)CCCCCCC/C=C\C/C=C\C/C=C\CC)CCCO,-1.2964313172929387
CN(CCC(=O)OCCCCCCCC\C=C/CC(CCCCCC)OC(=O)CC/C=C\CCCCC)CCN(CCN(CCC(=O)OCCCCCCCC\C=C/CC(CCCCCC)OC(=O)CC/C=C\CCCCC)C)CCN(CCC(=O)OCCCCCCCC\C=C/CC(CCCCCC)OC(=O)CC/C=C\CCCCC)C,1.1467047876481813
N(CCC(=O)OCCCCCCCC\C=C/CC(CCCCCC)OC(=O)CCCCCCCC=C)(CCC(=O)OCCCCCCCC\C=C/CC(CCCCCC)OC(=O)CCCCCCCC=C)CCN(C)CCN(CCC(=O)OCCCCCCCC\C=C/CC(CCCCCC)OC(=O)CCCCCCCC=C)(CCC(=O)OCCCCCCCC\C=C/CC(CCCCCC)OC(=O)CCCCCCCC=C),0.9581931679668696
N(CCC(=O)OCCCCCCCC\C=C/CC(CCCCCC)OC(=O)CCCCCCCC=C)(CCC(=O)OCCCCCCCC\C=C/CC(CCCCCC)OC(=O)CCCCCCCC=C)CCCN(CCC(=O)OCCCCCCCC\C=C/CC(CCCCCC)OC(=O)CCCCCCCC=C)(CCC(=O)OCCCCCCCC\C=C/CC(CCCCCC)OC(=O)CCCCCCCC=C),-0.0017271368843665
N(CCC(=O)OCCCCCCCC\C=C/CC(CCCCCC)OC(=O)CCCC\C=C/C\C=C/C\C=C/CCCCC)(CCC(=O)OCCCCCCCC\C=C/CC(CCCCCC)OC(=O)CCCC\C=C/C\C=C/C\C=C/CCCCC)CCN(C)CCN(CCC(=O)OCCCCCCCC\C=C/CC(CCCCCC)OC(=O)CCCC\C=C/C\C=C/C\C=C/CCCCC)(CCC(=O)OCCCCCCCC\C=C/CC(CCCCCC)OC(=O)CCCC\C=C/C\C=C/C\C=C/CCCCC),-0.9790311069302104
CN(CCC(=O)OCCCCCCCC\C=C/CC(CCCCCC)OC(=O)CCCCCCC/C=C\CCCCCCCC)CCN(CCN(CCC(=O)OCCCCCCCC\C=C/CC(CCCCCC)OC(=O)CCCCCCC/C=C\CCCCCCCC)C)CCN(CCC(=O)OCCCCCCCC\C=C/CC(CCCCCC)OC(=O)CCCCCCC/C=C\CCCCCCCC)C,1.0292966644378967
N(CCC(=O)OCCCCCCCC\C=C/CC(CCCCCC)OC(=O)CCCCCCC/C=C\CCCCCCCC)(CCC(=O)OCCCCCCCC\C=C/CC(CCCCCC)OC(=O)CCCCCCC/C=C\CCCCCCCC)CCN(C)CCN(CCC(=O)OCCCCCCCC\C=C/CC(CCCCCC)OC(=O)CCCCCCC/C=C\CCCCCCCC)(CCC(=O)OCCCCCCCC\C=C/CC(CCCCCC)OC(=O)CCCCCCC/C=C\CCCCCCCC),-0.3063113335479706
CN(CCC(=O)OCCCCCCCC\C=C/CC(CCCCCC)OC(=O)CCCCCC)CCN(CCN(CCC(=O)OCCCCCCCC\C=C/CC(CCCCCC)OC(=O)CCCCCC)C)CCN(CCC(=O)OCCCCCCCC\C=C/CC(CCCCCC)OC(=O)CCCCCC)C,1.4592671420676475
CN(CCC(=O)OCCCCCCCC\C=C/CC(CCCCCC)OC(=O)CCCCCCCCCC)CCN(CCN(CCC(=O)OCCCCCCCC\C=C/CC(CCCCCC)OC(=O)CCCCCCCCCC)C)CCN(CCC(=O)OCCCCCCCC\C=C/CC(CCCCCC)OC(=O)CCCCCCCCCC)C,1.6268960677314146
N(CCC(=O)OCCCCCCCC\C=C/CC(CCCCCC)OC(=O)CCCC\C=C/C\C=C/C\C=C/CCCCC)(CCC(=O)OCCCCCCCC\C=C/CC(CCCCCC)OC(=O)CCCC\C=C/C\C=C/C\C=C/CCCCC)CCCN1CCN(CCCN(CCC(=O)OCCCCCCCC\C=C/CC(CCCCCC)OC(=O)CCCC\C=C/C\C=C/C\C=C/CCCCC)(CCC(=O)OCCCCCCCC\C=C/CC(CCCCCC)OC(=O)CCCC\C=C/C\C=C/C\C=C/CCCCC))CC1,-0.6794251534612594
N(CCC(=O)OCCCCCCCC\C=C/CC(CCCCCC)OC(=O)C(CCCC)CCCCCC)(CCC(=O)OCCCCCCCC\C=C/CC(CCCCCC)OC(=O)C(CCCC)CCCCCC)CCCN(C)C,0.407411691742969
N(CCC(=O)OCCCCCCCC\C=C/CC(CCCCCC)OC(=O)C(CCCC)CCCCCC)(CCC(=O)OCCCCCCCC\C=C/CC(CCCCCC)OC(=O)C(CCCC)CCCCCC)CCCN(CC)CC,0.2294580462225983
N(CCC(=O)OCCCCCCCC\C=C/CC(CCCCCC)OC(=O)C(CCCC)CCCCCC)(CCC(=O)OCCCCCCCC\C=C/CC(CCCCCC)OC(=O)C(CCCC)CCCCCC)CCN(CC)CC,0.7966078107965968
CN(CCC(=O)OCCCCCCCC\C=C/CC(CCCCCC)OC(=O)CCC/C=C\C/C=C\C/C=C\C/C=C\CCCCC)CCN(CCN(CCC(=O)OCCCCCCCC\C=C/CC(CCCCCC)OC(=O)CCC/C=C\C/C=C\C/C=C\C/C=C\CCCCC)C)CCN(CCC(=O)OCCCCCCCC\C=C/CC(CCCCCC)OC(=O)CCC/C=C\C/C=C\C/C=C\C/C=C\CCCCC)C,0.8161902342219146
N(CCC(=O)OCCCCCCCC\C=C/CC(CCCCCC)OC(=O)CCC/C=C\C/C=C\C/C=C\C/C=C\CCCCC)(CCC(=O)OCCCCCCCC\C=C/CC(CCCCCC)OC(=O)CCC/C=C\C/C=C\C/C=C\C/C=C\CCCCC)CCCn1ccnc1,-1.3388703595459142
N(CCC(=O)OCCCCCCCC\C=C/CC(CCCCCC)OC(=O)CCC/C=C\C/C=C\C/C=C\C/C=C\C/C=C\CC)(CCC(=O)OCCCCCCCC\C=C/CC(CCCCCC)OC(=O)CCC/C=C\C/C=C\C/C=C\C/C=C\C/C=C\CC)CCCN1CCN(CCCN(CCC(=O)OCCCCCCCC\C=C/CC(CCCCCC)OC(=O)CCC/C=C\C/C=C\C/C=C\C/C=C\C/C=C\CC)(CCC(=O)OCCCCCCCC\C=C/CC(CCCCCC)OC(=O)CCC/C=C\C/C=C\C/C=C\C/C=C\C/C=C\CC))CC1,-0.1785956041551976
CN(CCC(=O)OCCCCCCCC\C=C/CC(CCCCCC)OC(=O)CCC/C=C\C/C=C\C/C=C\C/C=C\C/C=C\CC)CCN(CCN(CCC(=O)OCCCCCCCC\C=C/CC(CCCCCC)OC(=O)CCC/C=C\C/C=C\C/C=C\C/C=C\C/C=C\CC)C)CCN(CCC(=O)OCCCCCCCC\C=C/CC(CCCCCC)OC(=O)CCC/C=C\C/C=C\C/C=C\C/C=C\C/C=C\CC)C,-0.7073732130449286
N(CCC(=O)OCCCCCCCC\C=C/CC(CCCCCC)OC(=O)CC\C=C/C/C=C\C\C=C/C\C=C/C\C=C/C\C=C/CC)(CCC(=O)OCCCCCCCC\C=C/CC(CCCCCC)OC(=O)CC\C=C/C/C=C\C\C=C/C\C=C/C\C=C/C\C=C/CC)CCCN1CCN(CCCN(CCC(=O)OCCCCCCCC\C=C/CC(CCCCCC)OC(=O)CC\C=C/C/C=C\C\C=C/C\C=C/C\C=C/C\C=C/CC)(CCC(=O)OCCCCCCCC\C=C/CC(CCCCCC)OC(=O)CC\C=C/C/C=C\C\C=C/C\C=C/C\C=C/C\C=C/CC))CC1,-1.43236361081
N(CCC(=O)OCCCCCCCC\C=C/CC(CCCCCC)OC(=O)CC\C=C/C/C=C\C\C=C/C\C=C/C\C=C/C\C=C/CC)(CCC(=O)OCCCCCCCC\C=C/CC(CCCCCC)OC(=O)CC\C=C/C/C=C\C\C=C/C\C=C/C\C=C/C\C=C/CC)CCN(C)CCN(CCC(=O)OCCCCCCCC\C=C/CC(CCCCCC)OC(=O)CC\C=C/C/C=C\C\C=C/C\C=C/C\C=C/C\C=C/CC)(CCC(=O)OCCCCCCCC\C=C/CC(CCCCCC)OC(=O)CC\C=C/C/C=C\C\C=C/C\C=C/C\C=C/C\C=C/CC),-0.1927491099106347
N(CCC(=O)OCCCCCCCC\C=C/CC(CCCCCC)OC(=O)CCC/C=C\C/C=C\C/C=C\C/C=C\C/C=C\CC)(CCC(=O)OCCCCCCCC\C=C/CC(CCCCCC)OC(=O)CCC/C=C\C/C=C\C/C=C\C/C=C\C/C=C\CC)CCCN(CCC(=O)OCCCCCCCC\C=C/CC(CCCCCC)OC(=O)CCC/C=C\C/C=C\C/C=C\C/C=C\C/C=C\CC)CCCN(C)C,-1.2321568241566456
C1N(CCC(=O)OCCCCCCCC\C=C/CC(CCCCCC)OC(=O)CC\C=C/C/C=C\C\C=C/C\C=C/C\C=C/C\C=C/CC)CCN(CCC(=O)OCCCCCCCC\C=C/CC(CCCCCC)OC(=O)CC\C=C/C/C=C\C\C=C/C\C=C/C\C=C/C\C=C/CC)CCN(CCC(=O)OCCCCCCCC\C=C/CC(CCCCCC)OC(=O)CC\C=C/C/C=C\C\C=C/C\C=C/C\C=C/C\C=C/CC)C1,-1.5785597957466442
CCN(CCC(=O)OCCCCCCCC\C=C/CC(CCCCCC)OC(=O)CC\C=C/C/C=C\C\C=C/C\C=C/C\C=C/C\C=C/CC)CCO,0.6772714625790651
N(CCC(=O)OCCCCCCCC\C=C/CC(CCCCCC)OC(=O)CCCCCCC/C=C\C/C=C\C/C=C\CC)(CCC(=O)OCCCCCCCC\C=C/CC(CCCCCC)OC(=O)CCCCCCC/C=C\C/C=C\C/C=C\CC)CCCN(CC)CC,1.334032917299823
N(CCC(=O)OCCCCCCCC\C=C/CC(CCCCCC)OC(=O)CCCCCCC/C=C\C/C=C\C/C=C\CC)(CCC(=O)OCCCCCCCC\C=C/CC(CCCCCC)OC(=O)CCCCCCC/C=C\C/C=C\C/C=C\CC)CCN(CC)CC,0.827902908243561
N(CCC(=O)OCCCCCCCC\C=C/CC(CCCCCC)OC(=O)CCCCCCC/C=C\C/C=C\C/C=C\CC)(CCC(=O)OCCCCCCCC\C=C/CC(CCCCCC)OC(=O)CCCCCCC/C=C\C/C=C\C/C=C\CC)CCCO,-0.956102356583216
CN(CCC(=O)OCCCCCCCC\C=C/CC(CCCCCC)OC(=O)CC/C=C\CCCCC)CCN(CCN(CCC(=O)OCCCCCCCC\C=C/CC(CCCCCC)OC(=O)CC/C=C\CCCCC)C)CCN(CCC(=O)OCCCCCCCC\C=C/CC(CCCCCC)OC(=O)CC/C=C\CCCCC)C,2.011669851174322
N(CCC(=O)OCCCCCCCC\C=C/CC(CCCCCC)OC(=O)CCCCCCCC=C)(CCC(=O)OCCCCCCCC\C=C/CC(CCCCCC)OC(=O)CCCCCCCC=C)CCN(C)CCN(CCC(=O)OCCCCCCCC\C=C/CC(CCCCCC)OC(=O)CCCCCCCC=C)(CCC(=O)OCCCCCCCC\C=C/CC(CCCCCC)OC(=O)CCCCCCCC=C),0.4111863445485034
N(CCC(=O)OCCCCCCCC\C=C/CC(CCCCCC)OC(=O)CCCCCCCC=C)(CCC(=O)OCCCCCCCC\C=C/CC(CCCCCC)OC(=O)CCCCCCCC=C)CCCN(CCC(=O)OCCCCCCCC\C=C/CC(CCCCCC)OC(=O)CCCCCCCC=C)(CCC(=O)OCCCCCCCC\C=C/CC(CCCCCC)OC(=O)CCCCCCCC=C),0.2141907831016305
N(CCC(=O)OCCCCCCCC\C=C/CC(CCCCCC)OC(=O)CCCC\C=C/C\C=C/C\C=C/CCCCC)(CCC(=O)OCCCCCCCC\C=C/CC(CCCCCC)OC(=O)CCCC\C=C/C\C=C/C\C=C/CCCCC)CCN(C)CCN(CCC(=O)OCCCCCCCC\C=C/CC(CCCCCC)OC(=O)CCCC\C=C/C\C=C/C\C=C/CCCCC)(CCC(=O)OCCCCCCCC\C=C/CC(CCCCCC)OC(=O)CCCC\C=C/C\C=C/C\C=C/CCCCC),-0.8811908698235347
CN(CCC(=O)OCCCCCCCC\C=C/CC(CCCCCC)OC(=O)CCCCCCC/C=C\CCCCCCCC)CCN(CCN(CCC(=O)OCCCCCCCC\C=C/CC(CCCCCC)OC(=O)CCCCCCC/C=C\CCCCCCCC)C)CCN(CCC(=O)OCCCCCCCC\C=C/CC(CCCCCC)OC(=O)CCCCCCC/C=C\CCCCCCCC)C,1.604281505059188
N(CCC(=O)OCCCCCCCC\C=C/CC(CCCCCC)OC(=O)CCCCCCC/C=C\CCCCCCCC)(CCC(=O)OCCCCCCCC\C=C/CC(CCCCCC)OC(=O)CCCCCCC/C=C\CCCCCCCC)CCN(C)CCN(CCC(=O)OCCCCCCCC\C=C/CC(CCCCCC)OC(=O)CCCCCCC/C=C\CCCCCCCC)(CCC(=O)OCCCCCCCC\C=C/CC(CCCCCC)OC(=O)CCCCCCC/C=C\CCCCCCCC),-0.9210397484670564
CN(CCC(=O)OCCCCCCCC\C=C/CC(CCCCCC)OC(=O)CCCCCC)CCN(CCN(CCC(=O)OCCCCCCCC\C=C/CC(CCCCCC)OC(=O)CCCCCC)C)CCN(CCC(=O)OCCCCCCCC\C=C/CC(CCCCCC)OC(=O)CCCCCC)C,1.3759954364725857
CN(CCC(=O)OCCCCCCCC\C=C/CC(CCCCCC)OC(=O)CCCCCCCCCC)CCN(CCN(CCC(=O)OCCCCCCCC\C=C/CC(CCCCCC)OC(=O)CCCCCCCCCC)C)CCN(CCC(=O)OCCCCCCCC\C=C/CC(CCCCCC)OC(=O)CCCCCCCCCC)C,1.165503681634492
N(CCC(=O)OCCCCCCCC\C=C/CC(CCCCCC)OC(=O)CCCC\C=C/C\C=C/C\C=C/CCCCC)(CCC(=O)OCCCCCCCC\C=C/CC(CCCCCC)OC(=O)CCCC\C=C/C\C=C/C\C=C/CCCCC)CCCN1CCN(CCCN(CCC(=O)OCCCCCCCC\C=C/CC(CCCCCC)OC(=O)CCCC\C=C/C\C=C/C\C=C/CCCCC)(CCC(=O)OCCCCCCCC\C=C/CC(CCCCCC)OC(=O)CCCC\C=C/C\C=C/C\C=C/CCCCC))CC1,-0.1465165983293777
N(CCC(=O)OCCCCCCCC\C=C/CC(CCCCCC)OC(=O)C(CCCC)CCCCCC)(CCC(=O)OCCCCCCCC\C=C/CC(CCCCCC)OC(=O)C(CCCC)CCCCCC)CCCN(C)C,0.4587611105663483
N(CCC(=O)OCCCCCCCC\C=C/CC(CCCCCC)OC(=O)C(CCCC)CCCCCC)(CCC(=O)OCCCCCCCC\C=C/CC(CCCCCC)OC(=O)C(CCCC)CCCCCC)CCCN(CC)CC,0.6553460851989055
N(CCC(=O)OCCCCCCCC\C=C/CC(CCCCCC)OC(=O)C(CCCC)CCCCCC)(CCC(=O)OCCCCCCCC\C=C/CC(CCCCCC)OC(=O)C(CCCC)CCCCCC)CCN(CC)CC,0.4247527737975228
CN(CCC(=O)OCCCCCCCC\C=C/CC(CCCCCC)OC(=O)CCC/C=C\C/C=C\C/C=C\C/C=C\CCCCC)CCN(CCN(CCC(=O)OCCCCCCCC\C=C/CC(CCCCCC)OC(=O)CCC/C=C\C/C=C\C/C=C\C/C=C\CCCCC)C)CCN(CCC(=O)OCCCCCCCC\C=C/CC(CCCCCC)OC(=O)CCC/C=C\C/C=C\C/C=C\C/C=C\CCCCC)C,0.6787065665695438
N(CCC(=O)OCCCCCCCC\C=C/CC(CCCCCC)OC(=O)CCC/C=C\C/C=C\C/C=C\C/C=C\CCCCC)(CCC(=O)OCCCCCCCC\C=C/CC(CCCCCC)OC(=O)CCC/C=C\C/C=C\C/C=C\C/C=C\CCCCC)CCCn1ccnc1,-0.7038587448511535
N(CCC(=O)OCCCCCCCC\C=C/CC(CCCCCC)OC(=O)CCC/C=C\C/C=C\C/C=C\C/C=C\C/C=C\CC)(CCC(=O)OCCCCCCCC\C=C/CC(CCCCCC)OC(=O)CCC/C=C\C/C=C\C/C=C\C/C=C\C/C=C\CC)CCCN1CCN(CCCN(CCC(=O)OCCCCCCCC\C=C/CC(CCCCCC)OC(=O)CCC/C=C\C/C=C\C/C=C\C/C=C\C/C=C\CC)(CCC(=O)OCCCCCCCC\C=C/CC(CCCCCC)OC(=O)CCC/C=C\C/C=C\C/C=C\C/C=C\C/C=C\CC))CC1,-0.0804746232197112
CN(CCC(=O)OCCCCCCCC\C=C/CC(CCCCCC)OC(=O)CCC/C=C\C/C=C\C/C=C\C/C=C\C/C=C\CC)CCN(CCN(CCC(=O)OCCCCCCCC\C=C/CC(CCCCCC)OC(=O)CCC/C=C\C/C=C\C/C=C\C/C=C\C/C=C\CC)C)CCN(CCC(=O)OCCCCCCCC\C=C/CC(CCCCCC)OC(=O)CCC/C=C\C/C=C\C/C=C\C/C=C\C/C=C\CC)C,0.3275105673740004
N(CCC(=O)OCCCCCCCC\C=C/CC(CCCCCC)OC(=O)CC\C=C/C/C=C\C\C=C/C\C=C/C\C=C/C\C=C/CC)(CCC(=O)OCCCCCCCC\C=C/CC(CCCCCC)OC(=O)CC\C=C/C/C=C\C\C=C/C\C=C/C\C=C/C\C=C/CC)CCCN1CCN(CCCN(CCC(=O)OCCCCCCCC\C=C/CC(CCCCCC)OC(=O)CC\C=C/C/C=C\C\C=C/C\C=C/C\C=C/C\C=C/CC)(CCC(=O)OCCCCCCCC\C=C/CC(CCCCCC)OC(=O)CC\C=C/C/C=C\C\C=C/C\C=C/C\C=C/C\C=C/CC))CC1,-0.6192355775892302
N(CCC(=O)OCCCCCCCC\C=C/CC(CCCCCC)OC(=O)CC\C=C/C/C=C\C\C=C/C\C=C/C\C=C/C\C=C/CC)(CCC(=O)OCCCCCCCC\C=C/CC(CCCCCC)OC(=O)CC\C=C/C/C=C\C\C=C/C\C=C/C\C=C/C\C=C/CC)CCN(C)CCN(CCC(=O)OCCCCCCCC\C=C/CC(CCCCCC)OC(=O)CC\C=C/C/C=C\C\C=C/C\C=C/C\C=C/C\C=C/CC)(CCC(=O)OCCCCCCCC\C=C/CC(CCCCCC)OC(=O)CC\C=C/C/C=C\C\C=C/C\C=C/C\C=C/C\C=C/CC),0.375711232800673
N(CCC(=O)OCCCCCCCC\C=C/CC(CCCCCC)OC(=O)CCC/C=C\C/C=C\C/C=C\C/C=C\C/C=C\CC)(CCC(=O)OCCCCCCCC\C=C/CC(CCCCCC)OC(=O)CCC/C=C\C/C=C\C/C=C\C/C=C\C/C=C\CC)CCCN(CCC(=O)OCCCCCCCC\C=C/CC(CCCCCC)OC(=O)CCC/C=C\C/C=C\C/C=C\C/C=C\C/C=C\CC)CCCN(C)C,-1.2575961921775995
C1N(CCC(=O)OCCCCCCCC\C=C/CC(CCCCCC)OC(=O)CC\C=C/C/C=C\C\C=C/C\C=C/C\C=C/C\C=C/CC)CCN(CCC(=O)OCCCCCCCC\C=C/CC(CCCCCC)OC(=O)CC\C=C/C/C=C\C\C=C/C\C=C/C\C=C/C\C=C/CC)CCN(CCC(=O)OCCCCCCCC\C=C/CC(CCCCCC)OC(=O)CC\C=C/C/C=C\C\C=C/C\C=C/C\C=C/C\C=C/CC)C1,-0.8863882777574875
CN(CCC(=O)OCCCCCCCC\C=C/CC(CCCCCC)OC(=O)CCCCCC)CCN(CCN(CCC(=O)OCCCCCCCC\C=C/CC(CCCCCC)OC(=O)CCCCCC)C)CCN(CCC(=O)OCCCCCCCC\C=C/CC(CCCCCC)OC(=O)CCCCCC)C,-0.3347195361609636
CN(CCC(=O)OCCCCCCCC\C=C/CC(CCCCCC)OC(=O)CCCCCCCCCC)CCN(CCN(CCC(=O)OCCCCCCCC\C=C/CC(CCCCCC)OC(=O)CCCCCCCCCC)C)CCN(CCC(=O)OCCCCCCCC\C=C/CC(CCCCCC)OC(=O)CCCCCCCCCC)C,0.387846129444822
N(CCC(=O)OCCCCCCCC\C=C/CC(CCCCCC)OC(=O)CCCC\C=C/C\C=C/C\C=C/CCCCC)(CCC(=O)OCCCCCCCC\C=C/CC(CCCCCC)OC(=O)CCCC\C=C/C\C=C/C\C=C/CCCCC)CCCN1CCN(CCCN(CCC(=O)OCCCCCCCC\C=C/CC(CCCCCC)OC(=O)CCCC\C=C/C\C=C/C\C=C/CCCCC)(CCC(=O)OCCCCCCCC\C=C/CC(CCCCCC)OC(=O)CCCC\C=C/C\C=C/C\C=C/CCCCC))CC1,1.4524296575127775
N(C(CCCCCOC(=O)CCCCCCCCCCCCCCCCC)C(=O)NC2CCCCC2)(C(=O)CCCCCCC/C=C\C/C=C\CCCCC)CCCN(C)C,2.3501003504165467
N(C(CCCCCOC(=O)CCCCCCCCCC)C(=O)NC2CCCCC2)(C(=O)CCCCCCC/C=C\C/C=C\CCCCC)CCCN(C)C,2.201088459355385
N(C(CCCCCOC(=O)CCCCCCCCCCCCCCC)C(=O)NCC(=O)OC(C)(C)C)(C(=O)CCCCCCC/C=C\C/C=C\CCCCC)CCN(C)C,2.164731448507119
N(C(CCCCCOC(=O)CCCCCCC/C=C\CCCCCCCC)C(=O)NCC(=O)OC(C)(C)C)(C(=O)CCCCCCC/C=C\CCCCCCCC)CCN(C)C,1.468594503150377
N(C(CCCCCOC(=O)CCCCCCC/C=C\CCCCCCCC)C(=O)NCCCC)(C(=O)CCCCCCC/C=C\CCCCCCCC)CCCN(C)C,2.0741105804941764
N(C(CCCCCOC(=O)CCCCCCCCCC)C(=O)NC2CCCCC2)(C(=O)CCCCCCCCCCCCCCC)CCCN(C)C,1.857420210531516
N(C(CCCCCOC(=O)CCCCCCC/C=C\C/C=C\CCCCC)C(=O)NC(C)(C)C)(C(=O)CCCCC(=O)OC(CCCCCCCC)CCCCCCCC)CCCN(C)C,1.822594815775284
N(C(CCCCCOC(=O)CCCCCCCCCCCCCCCCC)C(=O)NCC(=O)OC(C)(C)C)(C(=O)CCCCCCC/C=C\CCCCCCCC)CCN(C)C,1.51372757581285
N(C(CCCCCOC(=O)CCCCCCCC)C(=O)NC2CCCCC2)(C(=O)CCCCCCC/C=C\C/C=C\CCCCC)CCCN(C)C,1.471393040581543
N(C(CCCCCOC(=O)CCCCCCC/C=C\CCCCCCCC)C(=O)NCCCC)(C(=O)CCCCCCC/C=C\C/C=C\CCCCC)CCCN(C)C,1.4335812931940284
N(C(CCCCCOC(=O)CCCCCCCCCCCCCCCCC)C(=O)NCC(=O)OC(C)(C)C)(C(=O)CCCCC(=O)OC(CCCCCCCC)CCCCCCCC)CCN(C)C,1.14592653255986
N(C(CCCCCOC(=O)CCCCCCCCCCCCCCCCC)C(=O)NC2CCCCC2)(C(=O)CCCCCCCCCCCCCCC)CCCN(C)C,1.06316934794175
N(C(CCCCCOC(=O)CCCCCCC/C=C\CCCCCCCC)C(=O)NC2CCCCC2)(C(=O)CCCCCCCCCCCCCCC)CCCN(C)C,0.8505090543647059
N(C(CCCCCOC(=O)CCCCCCCCCCCC)C(=O)NCCCC)(C(=O)CCCCCCC/C=C\C/C=C\CCCCC)CCCN(C)C,0.647290827981139
N(C(CCCCCOC(=O)CCCCCCC/C=C\C/C=C\CCCCC)C(=O)NC2CCCCC2)(C(=O)CCCCCCC/C=C\CCCCCCCC)CCN(C)C,0.6160230107607201
N(C(CCCCCOC(=O)CCCCCCC/C=C\CCCCCCCC)C(=O)NCCCC)(C(=O)CCCCCCCCCCCCCCC)CCCN(C)C,0.6160230107607201
N(C(CCCCCOC(=O)CCCCCCC/C=C\CCCCCCCC)C(=O)NC(C)(C)C)(C(=O)CCCCCCC/C=C\C/C=C\CCCCC)CCN(C)C,0.5829675142341652
N(C(CCCCCOC(=O)CCCCCCCCCC)C(=O)NCCCC)(C(=O)CCCCCCC/C=C\CCCCCCCC)CCN(C)C,0.5105839491763291
N(C(CCCCCOC(=O)CCCCCCCCCCCCCCC)C(=O)NCCCC)(C(=O)CCCCCCC/C=C\CCCCCCCC)CCN(C)C,0.4706844240392303
N(C(CCCCCOC(=O)CCCCCCCCCCCC)C(=O)NCC(=O)OC(C)(C)C)(C(=O)CCCCCCCCCCCCCCC)CCCN(C)C,0.4706844240392303
N(C(CCCCCOC(=O)CCCCCCCCCCCC)C(=O)NCC(=O)OC(C)(C)C)(C(=O)CCCCC(=O)OC(CCCCCCCC)CCCCCCCC)CCN(C)C,0.4278267645582191
N(C(CCCCCOC(=O)CCCCCCCC)C(=O)NCC(=O)OC(C)(C)C)(C(=O)CCCCCCCCCCCCCCC)CCN(C)C,0.3815369671567343
N(C(CCCCCOC(=O)CCCCCCCCCCCC)C(=O)NCC(=O)OC(C)(C)C)(C(=O)CCCCCCCCCCCCCCC)CCN(C)C,0.3312170920380163
N(C(CCCCCOC(=O)CCCCCCCC)C(=O)NC2CCCCC2)(C(=O)CCCCCCC/C=C\C/C=C\CCCCC)CCCN(CCCC)CCCC,0.3312170920380163
N(C(CCCCCOC(=O)CCCCCCCCCCCC)C(=O)NCC(=O)OC(C)(C)C)(C(=O)CCCCCCC/C=C\CCCCCCCC)CCCN(C)C,0.3312170920380163
N(C(CCCCCOC(=O)CCCCCCCCCCCC)C(=O)NC2CCCCC2)(C(=O)CCCCCCC/C=C\CCCCCCCC)CCN(C)C,0.2760979055723439
N(C(CCCCCOC(=O)CCCCCCCCCCCC)C(=O)NCCCC)(C(=O)CCCCCCC/C=C\CCCCCCCC)CCCN(C)C,0.2760979055723439
N(C(CCCCCOC(=O)CCCCCCCCCCCC)C(=O)NCC(=O)OC(C)(C)C)(C(=O)CCCCCCC/C=C\C/C=C\CCCCC)CCCN(C)C,0.2760979055723439
N(C(CCCCCOC(=O)CCCCCCCCCC)C(=O)NCCCC)(C(=O)CCCCCCCCCCCCCCC)CCN(C)C,0.147050923552749
N(C(CCCCCOC(=O)CCCCCCCC)C(=O)NC(C)(C)C)(C(=O)CCCCCCC/C=C\CCCCCCCC)CCN(C)C,0.0698278842596853
N(C(CCCCCOC(=O)CCCCCCCCCCCCCCC)C(=O)NCCCC)(C(=O)CCCCCCC/C=C\C/C=C\CCCCC)CCN(C)C,0.0698278842596853
N(C(CCCCCOC(=O)CCCCCCC/C=C\CCCCCCCC)C(=O)NC(C)(C)C)(C(=O)CCCCCCCCCCCCCCC)CCCN(C)C,0.0698278842596853
N(C(CCCCC(=O)OC(CCCCCCCC)CCCCCCCC)C(=O)NC2CCCCC2)(C(=O)CCCCCCC/C=C\CCCCCCCC)CCCN(C)C,-0.1247586342072013
N(C(CCCCCOC(=O)CCCCCCCCCCCCCCC)C(=O)NCCCC)(C(=O)CCCCCCC/C=C\C/C=C\CCCCC)CCCN(C)C,-0.1247586342072013
N(C(CCCCCOC(=O)CCCCCCCCCC)C(=O)NC(C)(C)C)(C(=O)CCCCCCC/C=C\CCCCCCCC)CCN(C)C,-0.2538056162267961
N(C(CCCCCOC(=O)CCCCCCCCCCCC)C(=O)NCC(=O)OC(C)(C)C)(C(=O)CCCCCCC/C=C\CCCCCCCC)CCCN(CCCC)CCCC,-0.2538056162267961
N(C(CCCCCOC(=O)CCCCCCC/C=C\CCCCCCCC)C(=O)NCCCC)(C(=O)CCCCC(=O)OC(CCCCCCCC)CCCCCCCC)CCCN(CCCC)CCCC,-0.2538056162267961
N(C(CCCCCOC(=O)CCCCCCCC)C(=O)NCC(=O)OC(C)(C)C)(C(=O)CCCCCCC/C=C\C/C=C\CCCCC)CCCN(C)C,-0.2538056162267961
N(C(CCCCCOC(=O)CCCCCCC/C=C\CCCCCCCC)C(=O)NCC(=O)OC(C)(C)C)(C(=O)CCCCCCCCCCCCCCC)CCCN(C)C,-0.2538056162267961
N(C(CCCCCOC(=O)CCCCCCCCCCCCCCC)C(=O)NC(C)(C)C)(C(=O)CCCCCCCCCCCCCCC)CCN(C)C,-0.4201761110707385
N(C(CCCCCOC(=O)CCCCCCC/C=C\CCCCCCCC)C(=O)NCCCC)(C(=O)CCCCCCC/C=C\CCCCCCCC)CCCN(CCCC)CCCC,-0.4201761110707385
N(C(CCCCCOC(=O)CCCCCCC/C=C\CCCCCCCC)C(=O)NC2CCCCC2)(C(=O)CCCCCCCCCCCCCCC)CCCN(CCCC)CCCC,-0.4201761110707385
N(C(CCCCCOC(=O)CCCCCCCCCCCCCCC)C(=O)NC(C)(C)C)(C(=O)CCCCC(=O)OC(CCCCCCCC)CCCCCCCC)CCCN(CCCC)CCCC,-0.4201761110707385
N(C(CCCCCOC(=O)CCCCCCCC)C(=O)NC(C)(C)C)(C(=O)CCCCC(=O)OC(CCCCCCCC)CCCCCCCC)CCCN(CCCC)CCCC,-0.4201761110707385
N(C(CCCCC(=O)OC(CCCCCCCC)CCCCCCCC)C(=O)NCCCC)(C(=O)CCCCC(=O)OC(CCCCCCCC)CCCCCCCC)CCCN(CCCC)CCCC,-0.4201761110707385
N(C(CCCCC(=O)OC(CCCCCCCC)CCCCCCCC)C(=O)NCCCC)(C(=O)CCCCCCC/C=C\CCCCCCCC)CCN(C)C,-0.6546621546747243
N(C(CCCCCOC(=O)CCCCCCCCCCCCCCC)C(=O)NC2CCCCC2)(C(=O)CCCCCCCCCCCCCCC)CCCN(CCCC)CCCC,-0.6546621546747243
N(C(CCCCCOC(=O)CCCCCCC/C=C\CCCCCCCC)C(=O)NCC(=O)OC(C)(C)C)(C(=O)CCCCCCC/C=C\CCCCCCCC)CCCN(C)C,-1.721361801593884
N(C(CCCCCOC(=O)CCCCCCCC)C(=O)NCCCC)(C(=O)CCCCCCC/C=C\CCCCCCCC)CCN(C)C,-1.0555186944542694
N(C(CCCCC(=O)OC(CCCCCCCC)CCCCCCCC)C(=O)NC(C)(C)C)(C(=O)CCCCCCCCCCCCCCC)CCN(C)C,-1.0555186944542694
N(C(CCCCCOC(=O)CCCCCCCCCCCCCCCCC)C(=O)NC2CCCCC2)(C(=O)CCCCCCCCCCCCCCC)CCN(C)C,-1.0555186944542694
N(C(CCCCC(=O)OC(CCCCCCCC)CCCCCCCC)C(=O)NC2CCCCC2)(C(=O)CCCCCCCCCCCCCCC)CCN(C)C,-1.0555186944542694
N(C(CCCCC(=O)OC(CCCCCCCC)CCCCCCCC)C(=O)NCCCC)(C(=O)CCCCCCCCCCCCCCC)CCN(C)C,-1.0555186944542694
N(C(CCCCCOC(=O)CCCCCCCCCCCCCCC)C(=O)NC(C)(C)C)(C(=O)CCCCC(=O)OC(CCCCCCCC)CCCCCCCC)CCN(C)C,-1.0555186944542694
N(C(CCCCCOC(=O)CCCCCCC/C=C\C/C=C\CCCCC)C(=O)NC2CCCCC2)(C(=O)CCCCC(=O)OC(CCCCCCCC)CCCCCCCC)CCN(C)C,-1.0555186944542694
N(C(CCCCCOC(=O)CCCCCCCC)C(=O)NC2CCCCC2)(C(=O)CCCCC(=O)OC(CCCCCCCC)CCCCCCCC)CCN(C)C,-1.0555186944542694
N(C(CCCCC(=O)OC(CCCCCCCC)CCCCCCCC)C(=O)NC2CCCCC2)(C(=O)CCCCC(=O)OC(CCCCCCCC)CCCCCCCC)CCN(C)C,-1.0555186944542694
N(C(CCCCCOC(=O)CCCCCCC/C=C\C/C=C\CCCCC)C(=O)NCC(=O)OC(C)(C)C)(C(=O)CCCCCCC/C=C\C/C=C\CCCCC)CCCN(CCCC)CCCC,-1.0555186944542694
N(C(CCCCC(=O)OC(CCCCCCCC)CCCCCCCC)C(=O)NCC(=O)OC(C)(C)C)(C(=O)CCCCCCC/C=C\C/C=C\CCCCC)CCCN(CCCC)CCCC,-1.0555186944542694
N(C(CCCCCOC(=O)CCCCCCCCCCCCCCC)C(=O)NCC(=O)OC(C)(C)C)(C(=O)CCCCCCCCCCCCCCC)CCCN(CCCC)CCCC,-1.0555186944542694
N(C(CCCCCOC(=O)CCCCCCCC)C(=O)NC(C)(C)C)(C(=O)CCCCCCCCCCCCCCC)CCCN(CCCC)CCCC,-1.0555186944542694
N(C(CCCCC(=O)OC(CCCCCCCC)CCCCCCCC)C(=O)NC(C)(C)C)(C(=O)CCCCCCCCCCCCCCC)CCCN(CCCC)CCCC,-1.0555186944542694
N(C(CCCCCOC(=O)CCCCCCCC)C(=O)NC2CCCCC2)(C(=O)CCCCCCCCCCCCCCC)CCCN(CCCC)CCCC,-1.0555186944542694
N(C(CCCCCOC(=O)CCCCCCC/C=C\CCCCCCCC)C(=O)NCC(=O)OC(C)(C)C)(C(=O)CCCCC(=O)OC(CCCCCCCC)CCCCCCCC)CCCN(CCCC)CCCC,-1.0555186944542694
N(C(CCCCCOC(=O)CCCCCCCCCCCCCCC)C(=O)NC2CCCCC2)(C(=O)CCCCC(=O)OC(CCCCCCCC)CCCCCCCC)CCCN(CCCC)CCCC,-1.0555186944542694
N(C(CCCCCOC(=O)CCCCCCCCCCCCCCCCC)C(=O)NCCCC)(C(=O)CCCCC(=O)OC(CCCCCCCC)CCCCCCCC)CCCN(CCCC)CCCC,-1.0555186944542694
N(C(CCCCCOC(=O)CCCCCCCCCCCCCCC)C(=O)NCCCC)(C(=O)CCCCC(=O)OC(CCCCCCCC)CCCCCCCC)CCCN(CCCC)CCCC,-1.0555186944542694
N(C(CCCCC(=O)OC(CCCCCCCC)CCCCCCCC)C(=O)NCCCC)(C(=O)CCCCCCC/C=C\CCCCCCCC)CCCN(C)C,-1.0555186944542694
N(C(CCCCCOC(=O)CCCCCCC/C=C\CCCCCCCC)C(=O)NCC(=O)OC(C)(C)C)(C(=O)CCCCCCC/C=C\C/C=C\CCCCC)CCCN(C)C,-1.0555186944542694
N(C(CCCCC(=O)OC(CCCCCCCC)CCCCCCCC)C(=O)NCC(=O)OC(C)(C)C)(C(=O)CCCCCCC/C=C\C/C=C\CCCCC)CCCN(C)C,-1.0555186944542694
N(C(CCCCC(=O)OC(CCCCCCCC)CCCCCCCC)C(=O)NCCCC)(C(=O)CCCCCCC/C=C\C/C=C\CCCCC)CCCN(C)C,-1.0555186944542694
N(C(CCCCCOC(=O)CCCCCCC/C=C\C/C=C\CCCCC)C(=O)NCC(=O)OC(C)(C)C)(C(=O)CCCCCCCCCCCCCCC)CCCN(C)C,-1.0555186944542694
N(C(CCCCCOC(=O)CCCCCCCCCCCCCCCCC)C(=O)NCC(=O)OC(C)(C)C)(C(=O)CCCCCCCCCCCCCCC)CCCN(C)C,-1.0555186944542694
N(C(CCCCCOC(=O)CCCCCCCCCCCCCCC)C(=O)NCC(=O)OC(C)(C)C)(C(=O)CCCCCCCCCCCCCCC)CCCN(C)C,-1.0555186944542694
N(C(CCCCCOC(=O)CCCCCCCCCCCCCCC)C(=O)NC(C)(C)C)(C(=O)CCCCCCCCCCCCCCC)CCCN(C)C,-1.0555186944542694
N(C(CCCCC(=O)OC(CCCCCCCC)CCCCCCCC)C(=O)NC2CCCCC2)(C(=O)CCCCCCCCCCCCCCC)CCCN(C)C,-1.0555186944542694
N(C(CCCCCOC(=O)CCCCCCCCCCCCCCCCC)C(=O)NCCCC)(C(=O)CCCCC(=O)OC(CCCCCCCC)CCCCCCCC)CCCN(C)C,-1.0555186944542694
N(C(CCCCCOC(=O)CCCCCCC/C=C\CCCCCCCC)C(=O)NCC(=O)OC(C)(C)C)(C(=O)CCCCCCC/C=C\CCCCCCCC)CCCN1CCN(C)CCC1,2.5901143220276737
N(C(CCCCCOC(=O)CCCCCCCCCC)C(=O)NC2CCCCC2)(C(=O)CCCCCCC/C=C\CCCCCCCC)CCCN1CCCC1,2.115784938832072
N(C(CCCCCOC(=O)CCCCCCC/C=C\C/C=C\CCCCC)C(=O)NCC(=O)OC(C)(C)C)(C(=O)CCCCC(=O)OC(CCCCCCCC)CCCCCCCC)CCN1CCCCC1,1.4489342919559958
N(C(CCCCCOC(=O)CCCCCCCCCC)C(=O)NCCCC)(C(=O)CCCCCCC/C=C\C/C=C\CCCCC)CCCN1CCCCC1CC,1.0152012741907537
N(C(CCCCCOC(=O)CCCCCCCCCC)C(=O)NCC(=O)OC(C)(C)C)(C(=O)CCCCCCC/C=C\CCCCCCCC)CCCN(CCN1C)CC1,0.9528959588202904
N(C(CCCCCOC(=O)CCCCCCCCCC)C(=O)NCC(=O)OC(C)(C)C)(C(=O)CCCCCCC/C=C\CCCCCCCC)CCCN(CC)CC,0.7855278554364892
N(C(CCCCCOC(=O)CCCCCCCCCC)C(=O)NCC(=O)OC(C)(C)C)(C(=O)CCCCCCC/C=C\C/C=C\CCCCC)CCN1CCCC1,0.6472212137285227
N(C(CCCCCOC(=O)CCCCCCC/C=C\C/C=C\CCCCC)C(=O)NCCCC)(C(=O)CCCCC(=O)OC(CCCCCCCC)CCCCCCCC)C1CCN(CC2=CC=CC=C2)CC1,0.5952387207398923
N(C(CCCCCOC(=O)CCCCCCC/C=C\C/C=C\CCCCC)C(=O)NCCCC)(C(=O)CCCCC(=O)OC(CCCCCCCC)CCCCCCCC)CCN1CCCCC1,0.3079045401440974
N(C(CCCCCOC(=O)CCCCCCCCCC)C(=O)NC(C)(C)C)(C(=O)CCCCCCC/C=C\C/C=C\CCCCC)CCCN1CCCC1,0.0966614341814142
N(C(CCCCCOC(=O)CCCCCCC/C=C\C/C=C\CCCCC)C(=O)NCC(=O)OC(C)(C)C)(C(=O)CCCCC(=O)OC(CCCCCCCC)CCCCCCCC)CC1=CC=CN=C1,0.069758270007069
N(C(CCCCCOC(=O)CCCCCCCCCC)C(=O)NCCCC)(C(=O)CCCCCCC/C=C\C/C=C\CCCCC)CCN1CCCC1,0.0298587448699698
N(C(CCCCCOC(=O)CCCCCCCCCC)C(=O)NC(C)(C)C)(C(=O)CCCCCCC/C=C\C/C=C\CCCCC)CCCN(CC)CC,-0.0911305372161684
N(C(CCCCCOC(=O)CCCCCCC/C=C\C/C=C\CCCCC)C(=O)NCC(=O)OC(C)(C)C)(C(=O)CCCCC(=O)OC(CCCCCCCC)CCCCCCCC)CCN1CCN(C)CCC1,-0.0947792173016721
N(C(CCCCCOC(=O)CCCCCCC/C=C\C/C=C\CCCCC)C(=O)NCCCC)(C(=O)CCCCC(=O)OC(CCCCCCCC)CCCCCCCC)CCCN1CCCC1,-0.1647277735969164
N(C(CCCCCOC(=O)CCCCCCCCCC)C(=O)NCC(=O)OC(C)(C)C)(C(=O)CCCCCCC/C=C\C/C=C\CCCCC)CCN1CCCCC1CC,-0.1857596817193692
N(C(CCCCCOC(=O)CCCCCCCCCC)C(=O)NC(C)(C)C)(C(=O)CCCCCCC/C=C\C/C=C\CCCCC)CCCN(CCN1C)CC1,-0.190059431772357
N(C(CCCCCOC(=O)CCCCCCCCCC)C(=O)NC(C)(C)C)(C(=O)CCCCCCC/C=C\C/C=C\CCCCC)CCCN(CCO)CCO,-0.190059431772357
N(C(CCCCCOC(=O)CCCCCCCCCC)C(=O)NCCCC)(C(=O)CCCCCCC/C=C\C/C=C\CCCCC)CCN1CCCCCC1,-0.2302673100442082
N(C(CCCCCOC(=O)CCCCCCC/C=C\CCCCCCCC)C(=O)NCC(=O)OC(C)(C)C)(C(=O)CCCCCCC/C=C\CCCCCCCC)CC1=CC=CN=C1,-0.2635950169677573
N(C(CCCCCOC(=O)CCCCCCCCCC)C(=O)NCC(=O)OC(C)(C)C)(C(=O)CCCCCCC/C=C\CCCCCCCC)CCCN1CCCCC1,-0.4670712467308129
N(C(CCCCCOC(=O)CCCCCCCCCC)C(=O)NCC(=O)OC(C)(C)C)(C(=O)CCCCCCC/C=C\C/C=C\CCCCC)CCCN1C=CN=C1,-0.5334475044687313
N(C(CCCCCOC(=O)CCCCCCCCCC)C(=O)NCCCC)(C(=O)CCCCCCC/C=C\C/C=C\CCCCC)CCN1CCN(C)CCC1,-0.5492927073429497
N(C(CCCCCOC(=O)CCCCCCCCCC)C(=O)NCC(=O)OC(C)(C)C)(C(=O)CCCCCCC/C=C\C/C=C\CCCCC)C1CCN(CC2=CC=CC=C2)CC1,-0.6174082561029929
N(C(CCCCCOC(=O)CCCCCCC/C=C\CCCCCCCC)C(=O)NCC(=O)OC(C)(C)C)(C(=O)CCCCCCC/C=C\CCCCCCCC)CCCN1CCCCC1CC,-0.7050516440460588
N(C(CCCCCOC(=O)CCCCCCCCCC)C(=O)NCC(=O)OC(C)(C)C)(C(=O)CCCCCCC/C=C\CCCCCCCC)CCCN1CCCCCC1,-0.8892178125313263
N(C(CCCCCOC(=O)CCCCCCCCCC)C(=O)NC2CCCCC2)(C(=O)CCCCCCC/C=C\CCCCCCCC)CCCN1CCOCC1,-0.918881429902076
N(C(CCCCCOC(=O)CCCCCCCCCC)C(=O)NCC(=O)OC(C)(C)C)(C(=O)CCCCCCC/C=C\C/C=C\CCCCC)CCCN1CCN(C)CCC1,-1.0182647945509211
N(C(CCCCCOC(=O)CCCCCCCCCC)C(=O)NCC(=O)OC(C)(C)C)(C(=O)CCCCCCC/C=C\C/C=C\CCCCC)CCCN1CCCCCC1,-1.036625503742819
N(C(CCCCCOC(=O)CCCCCCC/C=C\C/C=C\CCCCC)C(=O)NCCCC)(C(=O)CCCCC(=O)OC(CCCCCCCC)CCCCCCCC)CCCN1CCOCC1,-1.2349551658451987
N(C(CCCCCOC(=O)CCCCCCCCCC)C(=O)NC(C)(C)C)(C(=O)CCCCCCC/C=C\C/C=C\CCCCC)CCCN1CCN(C)CCC1,-1.6358117056247432
N(C(CCCCCOC(=O)CCCCCCCCCC)C(=O)NCC(=O)OC(C)(C)C)(C(=O)CCCCCCC/C=C\C/C=C\CCCCC)CCCN1CCOCC1,-1.690930892090416
N(C(CCCCCOC(=O)CCCCCCCCCC)C(=O)NCC(=O)OC(C)(C)C)(C(=O)CCCCCCC/C=C\CCCCCCCC)CCCN(CCO)CCO,-1.690930892090416
N(C(CCCCCOC(=O)CCCCCCC/C=C\CCCCCCCC)C(=O)NCC(=O)OC(C)(C)C)(C(=O)CCCCCCC/C=C\CCCCCCCC)CCCN1CCOCC1,-2.621690952337484
N(C(CCCCCOC(=O)CCCCCCCCCC)C(=O)NC(C)(C)C)(C(=O)CCCCCCC/C=C\C/C=C\CCCCC)CCN1CCCCCC1,-2.621690952337484
N(C(CCCCCOC(=O)CCCCCCC/C=C\C/C=C\CCCCC)C(=O)NCC(=O)OC(C)(C)C)(C(=O)CCCCC(=O)OC(CCCCCCCC)CCCCCCCC)CCN1CCCCC1,1.2975956222217937
N(C(CCCCCOC(=O)CCCCCCCCCC)C(=O)NCC(=O)OC(C)(C)C)(C(=O)CCCCCCC/C=C\CCCCCCCC)CCCN(CC)CC,0.6235320210306138
N(C(CCCCCOC(=O)CCCCCCCCCC)C(=O)NCC(=O)OC(C)(C)C)(C(=O)CCCCCCC/C=C\CCCCCCCC)CCCN(CCN1C)CC1,-0.169791508300961
N(C(CCCCCOC(=O)CCCCCCC/C=C\CCCCCCCC)C(=O)NCC(=O)OC(C)(C)C)(C(=O)CCCCCCC/C=C\CCCCCCCC)CCN(C)C,-0.4281398757553232
N(C(CCCCCOC(=O)CCCCCCC/C=C\CCCCCCCC)C(=O)NCC(=O)OC(C)(C)C)(C(=O)CCCCCCC/C=C\CCCCCCCC)CCCN1CCN(C)CCC1,-0.983757554841364
N(C(CCCCCOC(=O)CCCCCCCCCC)C(=O)NC2CCCCC2)(C(=O)CCCCCCC/C=C\CCCCCCCC)CCCN1CCCC1,-0.983757554841364
N(C(CCCCCOC(=O)CCCCCCCCCC)C(=O)NCCCC)(C(=O)CCCCCCC/C=C\C/C=C\CCCCC)CCCN1CCCCC1CC,-0.983757554841364
N(CCC(=O)NCCCCCCCCCCCC)(CCC(=O)NCCCCCCCCCCCC)CCN(CCC(=O)NCCCCCCCCCCCC)CCN(CCC(=O)NCCCCCCCCCCCC)CCN(CCC(=O)NCCCCCCCCCCCC)(CCC(=O)NCCCCCCCCCCCC),5.4680711279925465
CCN(CCC(=O)NCCCCCCCCCCCCCCC)CCCN(CCC(=O)NCCCCCCCCCCCCCCC)CC,5.4680711279925465
CCN(CCC(=O)NCCCCCCCCCCCCCCCC)CCCN(CCC(=O)NCCCCCCCCCCCCCCCC)CC,5.4680711279925465
OCCCCCN(CCC(=O)NCCCCCCCCCCCC)(CCC(=O)NCCCCCCCCCCCC),4.0093318093600745
N(CCC(=O)NCCCCCCCCCCCC)(CCC(=O)NCCCCCCCCCCCC)CCN(CCC(=O)NCCCCCCCCCCCC)(CCC(=O)NCCCCCCCCCCCC),4.0093318093600745
N(CCC(=O)NCCCCCCCCCCCC)(CCC(=O)NCCCCCCCCCCCC)CCCN(CCC(=O)NCCCCCCCCCCCC)(CCC(=O)NCCCCCCCCCCCC),4.0093318093600745
CCOCCN(CCC(=O)NCCCCCCCCCCCCCC)(CCC(=O)NCCCCCCCCCCCCCC),4.0093318093600745
OCCN(CCO)CCCN(CCC(=O)NCCCCCCCCCCCCCC)(CCC(=O)NCCCCCCCCCCCCCC),4.0093318093600745
CN(CCC(=O)NCCCCCCCCCCCCCCCC)CCCN(CCC(=O)NCCCCCCCCCCCCCCCC)C,4.0093318093600745
CC(CO)(CO)N(CCC(=O)OCCCCCCCCCCCCCCC)(CCC(=O)OCCCCCCCCCCCCCCC),2.550592490727602
OCCN(CCC(=O)NCCCCCCCCCCCCCC)CCN(CCC(=O)NCCCCCCCCCCCCCC)CCO,2.550592490727602
CN(CCC(=O)NCCCCCCCCCCCCCCC)CCCN(CCC(=O)NCCCCCCCCCCCCCCC)(CCC(=O)NCCCCCCCCCCCCCCC),2.550592490727602
COC(OC)CN(CCC(=O)OCCCCCCCCCCCCCC)(CCC(=O)OCCCCCCCCCCCCCC),1.09185317209513
OCC(CO)N(CCC(=O)OCCCCCCCCCCCCCC)(CCC(=O)OCCCCCCCCCCCCCC),1.09185317209513
OCCN(CCC(=O)OCCCCCCCCCCCCCC)CCN(CCC(=O)OCCCCCCCCCCCCCC)CCO,1.09185317209513
N1(C)CCCC1CCN(CCC(=O)OCCCCCCCCCCCCCCC)(CCC(=O)OCCCCCCCCCCCCCCC),1.09185317209513
COCCCN(CCC(=O)NCCCCCCCCCCCC)(CCC(=O)NCCCCCCCCCCCC),1.09185317209513
OCCCCN(CCC(=O)NCCCCCCCCCCCC)(CCC(=O)NCCCCCCCCCCCC),1.09185317209513
CN(CCC(=O)NCCCCCCCCCCCC)CCN(CCC(=O)NCCCCCCCCCCCC)C,1.09185317209513
OCCN(CCC(=O)NCCCCCCCCCCCC)CCN(CCC(=O)NCCCCCCCCCCCC)CCO,1.09185317209513
CC(O)CN(CCC(=O)NCCCCCCCCCCCCCC)(CCC(=O)NCCCCCCCCCCCCCC),1.09185317209513
CN(CCC(=O)NCCCCCCCCCCCCCCCC)CCN(CCC(=O)NCCCCCCCCCCCCCCCC)C,1.09185317209513
CCN(CC)CCN(CCC(=O)NCCCCCCCCCCCCCCCC)(CCC(=O)NCCCCCCCCCCCCCCCC),1.09185317209513
C1CCCN1CCN(CCC(=O)NCCCCCCCCCCCCCCCC)(CCC(=O)NCCCCCCCCCCCCCCCC),1.09185317209513
OCCN(CCC(=O)NCCCCCCCCCCCCCCCC)CCN(CCC(=O)NCCCCCCCCCCCCCCCC)CCO,1.09185317209513
C1OC(C)(C)OC1CN(CCC(=O)OCCCCCCCCCC)(CCC(=O)OCCCCCCCCCC),-0.3668861465373421
c1c(OC)c(OC)ccc1CCN(CCC(=O)OCCCCCCCCCC)(CCC(=O)OCCCCCCCCCC),-0.3668861465373421
OCCCN(CCC(=O)OCCCCCCCCCC)(CCC(=O)OCCCCCCCCCC),-0.3668861465373421
OCC(CO)(CC)N(CCC(=O)OCCCCCCCCCC)(CCC(=O)OCCCCCCCCCC),-0.3668861465373421
CN(CCC(=O)OCCCCCCCCCC)CCCN(CCC(=O)OCCCCCCCCCC)C,-0.3668861465373421
OCC(O)CN(CCC(=O)OCCCCCCCCCC)(CCC(=O)OCCCCCCCCCC),-0.3668861465373421
C1OC(C)(C)OC1CN(CCC(=O)OCCCCCCCCCCCC)(CCC(=O)OCCCCCCCCCCCC),-0.3668861465373421
CC(CO)(CO)N(CCC(=O)OCCCCCCCCCCCC)(CCC(=O)OCCCCCCCCCCCC),-0.3668861465373421
OCCCCCCN(CCC(=O)OCCCCCCCCCCCC)(CCC(=O)OCCCCCCCCCCCC),-0.3668861465373421
CN(CCC(=O)OCCCCCCCCCCCC)CCN(CCC(=O)OCCCCCCCCCCCC)C,-0.3668861465373421
CCN(CCC(=O)OCCCCCCCCCCCC)CCCN(CCC(=O)OCCCCCCCCCCCC)CC,-0.3668861465373421
C1CCCN1CCN(CCC(=O)OCCCCCCCCCCCC)(CCC(=O)OCCCCCCCCCCCC),-0.3668861465373421
C1OC(C)(C)OC1CN(CCC(=O)OCCCCCCCCCCCCC)(CCC(=O)OCCCCCCCCCCCCC),-0.3668861465373421
CC(CO)(CO)N(CCC(=O)OCCCCCCCCCCCCC)(CCC(=O)OCCCCCCCCCCCCC),-0.3668861465373421
OCCOCCN(CCC(=O)OCCCCCCCCCCCCC)(CCC(=O)OCCCCCCCCCCCCC),-0.3668861465373421
OCCCCCN(CCC(=O)OCCCCCCCCCCCCC)(CCC(=O)OCCCCCCCCCCCCC),-0.3668861465373421
C1CC(O)CCC1N(CCC(=O)OCCCCCCCCCCCCC)(CCC(=O)OCCCCCCCCCCCCC),-0.3668861465373421
CN(CCC(=O)OCCCCCCCCCCCCC)CCCN(CCC(=O)OCCCCCCCCCCCCC)C,-0.3668861465373421
C1CCCN1CCN(CCC(=O)OCCCCCCCCCCCCC)(CCC(=O)OCCCCCCCCCCCCC),-0.3668861465373421
C1CCCCN1CCN(CCC(=O)OCCCCCCCCCCCCC)(CCC(=O)OCCCCCCCCCCCCC),-0.3668861465373421
CC(O)CN(CCC(=O)OCCCCCCCCCCCCCC)(CCC(=O)OCCCCCCCCCCCCCC),-0.3668861465373421
CC(O)CN(CCC(=O)OCCCCCCCCCCCCCC)(CCC(=O)OCCCCCCCCCCCCCC),-0.3668861465373421
CN(CCC(=O)OCCCCCCCCCCCCCC)CCN(CCC(=O)OCCCCCCCCCCCCCC)C,-0.3668861465373421
C1CCCCN1CCN(CCC(=O)OCCCCCCCCCCCCCC)(CCC(=O)OCCCCCCCCCCCCCC),-0.3668861465373421
CC(O)CN(CCC(=O)OCCCCCCCCCCCCCCC)(CCC(=O)OCCCCCCCCCCCCCCC),-0.3668861465373421
OCCCCCN(CCC(=O)OCCCCCCCCCCCCCCC)(CCC(=O)OCCCCCCCCCCCCCCC),-0.3668861465373421
CN(CCC(=O)OCCCCCCCCCCCCCCC)CCN(CCC(=O)OCCCCCCCCCCCCCCC)C,-0.3668861465373421
CCN(CCC(=O)OCCCCCCCCCCCCCCC)CCN(CCC(=O)OCCCCCCCCCCCCCCC)CC,-0.3668861465373421
CN(C)CC(C)N(CCC(=O)OCCCCCCCCCCCCCCC)(CCC(=O)OCCCCCCCCCCCCCCC),-0.3668861465373421
N(CCC(=O)OCCCCCCCCCCCCCCC)(CCC(=O)OCCCCCCCCCCCCCCC)CCN(CCC(=O)OCCCCCCCCCCCCCCC)CCN(CCC(=O)OCCCCCCCCCCCCCCC)CCN(CCC(=O)OCCCCCCCCCCCCCCC)(CCC(=O)OCCCCCCCCCCCCCCC),-0.3668861465373421
O1CCOC1CCN(CCC(=O)OCCCCCCCCCCCCCCCCCC)(CCC(=O)OCCCCCCCCCCCCCCCCCC),-0.3668861465373421
COCCN(CCC(=O)OCCCCCCCCCCCCCCCCCC)(CCC(=O)OCCCCCCCCCCCCCCCCCC),-0.3668861465373421
COC(OC)CN(CCC(=O)OCCCCCCCCCCCCCCCCCC)(CCC(=O)OCCCCCCCCCCCCCCCCCC),-0.3668861465373421
OCCCN(CCC(=O)OCCCCCCCCCCCCCCCCCC)(CCC(=O)OCCCCCCCCCCCCCCCCCC),-0.3668861465373421
CC(CO)(CO)N(CCC(=O)OCCCCCCCCCCCCCCCCCC)(CCC(=O)OCCCCCCCCCCCCCCCCCC),-0.3668861465373421
OCC(CO)(CC)N(CCC(=O)OCCCCCCCCCCCCCCCCCC)(CCC(=O)OCCCCCCCCCCCCCCCCCC),-0.3668861465373421
CN(CCC(=O)OCCCCCCCCCCCCCCCCCC)CCCN(CCC(=O)OCCCCCCCCCCCCCCCCCC)C,-0.3668861465373421
CCN(CC)CCCN(CCC(=O)OCCCCCCCCCCCCCCCCCC)(CCC(=O)OCCCCCCCCCCCCCCCCCC),-0.3668861465373421
N1=CNC=C1CCN(CCC(=O)OCCCCCCCCCCCCCCCCCC)(CCC(=O)OCCCCCCCCCCCCCCCCCC),-0.3668861465373421
N(CCC(=O)OCCCCCCCCCCCCCCCCCC)(CCC(=O)OCCCCCCCCCCCCCCCCCC)CCN(CCC(=O)OCCCCCCCCCCCCCCCCCC)CCO,-0.3668861465373421
CN(CCC(=O)NCCCCCCCCCCCC)CCCN(CCC(=O)NCCCCCCCCCCCC)C,-0.3668861465373421
C1OC(C)(C)OC1CN(CCC(=O)NCCCCCCCCCCCCCC)(CCC(=O)NCCCCCCCCCCCCCC),-0.3668861465373421
CC(O)CN(CCC(=O)NCCCCCCCCCCCCCC)(CCC(=O)NCCCCCCCCCCCCCC),-0.3668861465373421
OCC(CO)N(CCC(=O)NCCCCCCCCCCCCCC)(CCC(=O)NCCCCCCCCCCCCCC),-0.3668861465373421
CC(CO)(CO)N(CCC(=O)NCCCCCCCCCCCCCC)(CCC(=O)NCCCCCCCCCCCCCC),-0.3668861465373421
OCCOCCN(CCC(=O)NCCCCCCCCCCCCCC)(CCC(=O)NCCCCCCCCCCCCCC),-0.3668861465373421
CCN(CCC(=O)NCCCCCCCCCCCCCC)CCN(CCC(=O)NCCCCCCCCCCCCCC)CC,-0.3668861465373421
CCN(CCC(=O)NCCCCCCCCCCCCCC)CCCN(CCC(=O)NCCCCCCCCCCCCCC)CC,-0.3668861465373421
N1(C)CCCC1CCN(CCC(=O)NCCCCCCCCCCCCCC)(CCC(=O)NCCCCCCCCCCCCCC),-0.3668861465373421
C1CCCCN1CCN(CCC(=O)NCCCCCCCCCCCCCC)(CCC(=O)NCCCCCCCCCCCCCC),-0.3668861465373421
N(CCC(=O)NCCCCCCCCCCCCCC)(CCC(=O)NCCCCCCCCCCCCCC)CCCN(CCC(=O)NCCCCCCCCCCCCCC)(CCC(=O)NCCCCCCCCCCCCCC),-0.3668861465373421
OCC(O)CN(CCC(=O)NCCCCCCCCCCCCCC)(CCC(=O)NCCCCCCCCCCCCCC),-0.3668861465373421
CCOCCN(CCC(=O)NCCCCCCCCCCCCCCC)(CCC(=O)NCCCCCCCCCCCCCCC),-0.3668861465373421
c1c(OC)c(OC)ccc1CCN(CCC(=O)NCCCCCCCCCCCCCCC)(CCC(=O)NCCCCCCCCCCCCCCC),-0.3668861465373421
CC(O)CN(CCC(=O)NCCCCCCCCCCCCCCC)(CCC(=O)NCCCCCCCCCCCCCCC),-0.3668861465373421
CC(O)CN(CCC(=O)NCCCCCCCCCCCCCCC)(CCC(=O)NCCCCCCCCCCCCCCC),-0.3668861465373421
CC(CO)(CO)N(CCC(=O)NCCCCCCCCCCCCCCC)(CCC(=O)NCCCCCCCCCCCCCCC),-0.3668861465373421
CCN(CCC(=O)NCCCCCCCCCCCCCCC)CCN(CCC(=O)NCCCCCCCCCCCCCCC)CC,-0.3668861465373421
CN(CCC(=O)NCCCCCCCCCCCCCCC)CCCN(CCC(=O)NCCCCCCCCCCCCCCC)C,-0.3668861465373421
C1N(CCC(=O)NCCCCCCCCCCCCCCC)CCCN(CCC(=O)NCCCCCCCCCCCCCCC)C1,-0.3668861465373421
CCN(CC)CCN(CCC(=O)NCCCCCCCCCCCCCCC)(CCC(=O)NCCCCCCCCCCCCCCC),-0.3668861465373421
CN(C)CCCN(CCC(=O)NCCCCCCCCCCCCCCC)(CCC(=O)NCCCCCCCCCCCCCCC),-0.3668861465373421
C1OC(C)(C)OC1CN(CCC(=O)NCCCCCCCCCCCCCCCC)(CCC(=O)NCCCCCCCCCCCCCCCC),-0.3668861465373421
O1CCCC1CN(CCC(=O)NCCCCCCCCCCCCCCCC)(CCC(=O)NCCCCCCCCCCCCCCCC),-0.3668861465373421
OCCCCCN(CCC(=O)NCCCCCCCCCCCCCCCC)(CCC(=O)NCCCCCCCCCCCCCCCC),-0.3668861465373421
OCC(C)(C)CN(CCC(=O)NCCCCCCCCCCCCCCCC)(CCC(=O)NCCCCCCCCCCCCCCCC),-0.3668861465373421
C1COCCN1CCN(CCC(=O)NCCCCCCCCCCCCCCCC)(CCC(=O)NCCCCCCCCCCCCCCCC),-0.3668861465373421
N1=CNC=C1CCN(CCC(=O)NCCCCCCCCCCCCCCCC)(CCC(=O)NCCCCCCCCCCCCCCCC),-0.3668861465373421
OCC(O)CN(CCC(=O)NCCCCCCCCCCCCCCCC)(CCC(=O)NCCCCCCCCCCCCCCCC),-0.3668861465373421
O1CCOC1CCN(CCC(=O)NCCCCCCCCCCCCCCCCCC)(CCC(=O)NCCCCCCCCCCCCCCCCCC),-0.3668861465373421
O1CCCC1CN(CCC(=O)NCCCCCCCCCCCCCCCCCC)(CCC(=O)NCCCCCCCCCCCCCCCCCC),-0.3668861465373421
OCCCCN(CCC(=O)NCCCCCCCCCCCCCCCCCC)(CCC(=O)NCCCCCCCCCCCCCCCCCC),-0.3668861465373421
OCC(C)(C)CN(CCC(=O)NCCCCCCCCCCCCCCCCCC)(CCC(=O)NCCCCCCCCCCCCCCCCCC),-0.3668861465373421
CC(C)N(CCC(=O)NCCCCCCCCCCCCCCCCCC)CCN(CCC(=O)NCCCCCCCCCCCCCCCCCC)C(C)C,-0.3668861465373421
CN(C)CC(C)N(CCC(=O)NCCCCCCCCCCCCCCCCCC)(CCC(=O)NCCCCCCCCCCCCCCCCCC),-0.3668861465373421
N(CCC(=O)NCCCCCCCCCCCCCCCCCC)(CCC(=O)NCCCCCCCCCCCCCCCCCC)CCCN(CCC(=O)NCCCCCCCCCCCCCCCCCC)(CCC(=O)NCCCCCCCCCCCCCCCCCC),-0.3668861465373421
CN(C)CCNC(=O)CCC(SCCCCCCCCCC)CSCCCCCCCCCC,-0.5668955798917054
CN(C)CCNC(=O)CCC(SCCCCCCCCCCCC)CSCCCCCCCCCCCC,0.7514662343069991
C1COCCN1CCNC(=O)CCC(SCCCCCCCC)CSCCCCCCCC,-0.5668955798917054
C1CCCN1CCNC(=O)CCC(SCCCCCCCCCC)CSCCCCCCCCCC,-0.5668955798917054
C1CCCN1CCNC(=O)CCC(SCCCCCCCCCCC)CSCCCCCCCCCCC,2.287357748492408
C1CCCN1CCNC(=O)CCC(SCCCCCCCCCCCC)CSCCCCCCCCCCCC,0.7514662343069991
C1CCCN1CCNC(=O)CCC(SCCCCCCCC)CSCCCCCCCC,-0.5668955798917054
CCN(CC)CCNC(=O)CCC(SCCCCCCCC)CSCCCCCCCC,-0.5668955798917054
CCN(CC)CCCNC(=O)CCC(SCCCCCCCCCC)CSCCCCCCCCCC,-0.5668955798917054
CN(C)CCCNC(=O)CCC(SCCCCCCCCCCCC)CSCCCCCCCCCCCC,-0.0197754282492021
C1CN(CCN(C)C)CCN1C(=O)CCC(SCCCCCC)CSCCCCCC,-0.5668955798917054
C1CN(CCN(C)C)CCN1C(=O)CCC(SCCCCCCC)CSCCCCCCC,-0.5668955798917054
C1CN(CCN(C)C)CCN1C(=O)CCC(SCCCCCCCCC)CSCCCCCCCCC,-0.5668955798917054
CN(C)CCNC(=O)CCCC(SCCCCCCCCCCCCCCCC)CSCCCCCCCCCCCCCCCC,-0.39550854503069
CN(C)CCNC(=O)CCCC(SCCCCCCC)CSCCCCCCC,-0.5668955798917054
C1COCCN1CCNC(=O)CCCC(SCCCCCCCCCCC)CSCCCCCCCCCCC,-0.5668955798917054
C1COCCN1CCNC(=O)CCCC(SCCCCCC)CSCCCCCC,-0.5668955798917054
C1CCCN1CCNC(=O)CCCC(SCCCCCCC)CSCCCCCCC,-0.5668955798917054
CCN(CC)CCNC(=O)CCCC(SCCCCCC)CSCCCCCC,-0.5668955798917054
CCN(CC)CCNC(=O)CCCC(SCCCCCCC)CSCCCCCCC,-0.5668955798917054
CCN(CC)CCCNC(=O)CCCC(SCCCCCCC)CSCCCCCCC,1.1469747762939573
CCN(CC)CCCNC(=O)CCCC(SCCCCCCCC)CSCCCCCCCC,-0.5668955798917054
CN(C)CCCNC(=O)CCCC(SCCCCCCCCCC)CSCCCCCCCCCC,1.1469747762939573
N(CCCCCCCC)(CCCCCCCC)CCOP(=O)([O-])OCCCCCCCCCCCCCCC,2.952204749893815
N(CCCCCCCCCC)(CCCCCCCCCC)CCOP(=O)([O-])OCCCCC,1.5815382588716866
N(CCCCCCCCCCC)(CCCCCCCCCCC)CCOP(=O)([O-])OCCCCCC,1.5815382588716866
N(CCCCCCCCCC)(CCCCCCCCCC)CCOP(=O)([O-])OCCCCCCC,1.5815382588716866
N(CCCCCCCCCC)(CCCCCCCCCC)CCOP(=O)([O-])OCCCCCCCCC,1.5815382588716866
N(CCCCCCCCCCCC)(CCCCCCCCCCCC)CCOP(=O)([O-])OCCCCCCCCC,1.5815382588716866
[N+](CCCCCCCC)(CCCCCCCC)(CCCCCCCC)CCOP(=O)([O-])OCCCCCCCCC,1.5815382588716866
C8N(CCCN(CCOP(=O)([O-])OCCCCCCCCC)([H]))CCN(CCCN(CCOP(=O)([O-])OCCCCCCCCC)([H]))C8,1.5815382588716866
N(CCNCCOP(=O)([O-])OCCCCCCCCC)(CCNCCOP(=O)([O-])OCCCCCCCCC)(CCN(CCOP(=O)([O-])OCCCCCCCCC)[H]),1.5815382588716866
N(CCNCCOP(=O)([O-])OCCCCCCCCC)(CCNCCOP(=O)([O-])OCCCCCCCCC)(CCN(CCOP(=O)([O-])OCCCCCCCCC)CCOP(=O)([O-])OCCCCCCCCC),1.5815382588716866
[N+](CCCCCCCCCC)(CCCCCCCCCC)(CCCCCCCCCC)CCOP(=O)([O-])OCCCCCCCCCC,1.5815382588716866
N(CCOP(=O)([O-])OCCCCCCCCCC)CCCN(CCOP(=O)([O-])OCCCCCCCCCC)CCCCN([H])CCCN(CCOP(=O)([O-])OCCCCCCCCCC),1.5815382588716866
N(CCNCCOP(=O)([O-])OCCCCCCCCCC)(CCNCCOP(=O)([O-])OCCCCCCCCCC)(CCN([H])[H]),1.5815382588716866
N(CCNCCOP(=O)([O-])OCCCCCCCCCC)(CCNCCOP(=O)([O-])OCCCCCCCCCC)(CCN(CCOP(=O)([O-])OCCCCCCCCCC)CCOP(=O)([O-])OCCCCCCCCCC),1.5815382588716866
N(CCCC)(CCCC)CCOP(=O)([O-])OCCCCCCCCCCC,1.5815382588716866
N(CCCCCCCCCCC)(CCCCCCCCCCC)CCOP(=O)([O-])OCCCCCCCCCCC,1.5815382588716866
N(CCCCCCCCCCCC)(CCCCCCCCCCCC)CCOP(=O)([O-])OCCCCCCCCCCCC,1.5815382588716866
[N+](CCCCCCCC)(CCCCCCCC)(CCCCCCCC)CCOP(=O)([O-])OCCCCCCCCCCCCCC,1.5815382588716866
N(CCCCCCCCCCC)(CCCCCCCCCCC)CCOP(=O)([O-])OCCCCCCCCCCCCCCC,1.5815382588716866
N(CCOP(=O)([O-])OCCCC)CCCCCC,0.2108717678495582
N(CCOP(=O)([O-])OCCCC)CCCCCCCCCCCC,0.2108717678495582
N(CCCCCCCC)(CCCCCCCC)CCOP(=O)([O-])OCCCC,0.2108717678495582
N(CCOP(=O)([O-])OCCCC)CCOCCOCCNCCOP(=O)([O-])OCCCC,0.2108717678495582
C8CN(CCOP(=O)([O-])OCCCC)CCN8CCN(CCOP(=O)([O-])OCCCC)[H],0.2108717678495582
C8CN(CCOP(=O)([O-])OCCCC)CCN8CCN(CCOP(=O)([O-])OCCCC)CCOP(=O)([O-])OCCCC,0.2108717678495582
N(CCOP(=O)([O-])OCCCC)([H])CCCN(CCOP(=O)([O-])OCCCC)CCCN(C)C,0.2108717678495582
C8N(CCCN(CCOP(=O)([O-])OCCCC)([H]))CCN(CCCN(CCOP(=O)([O-])OCCCC)([H]))C8,0.2108717678495582
N(CCOP(=O)([O-])OCCCC)CCCN([H])CCCCN([H])CCCN(CCOP(=O)([O-])OCCCC),0.2108717678495582
N(CCN(CCOP(=O)([O-])OCCCC)C)(CCN(CCOP(=O)([O-])OCCCC)C)(CCN(CCOP(=O)([O-])OCCCC)C),0.2108717678495582
[N+](CCOP(=O)([O-])OCCCC)(CCN(CCOP(=O)([O-])OCCCC)C)(CCN(CCOP(=O)([O-])OCCCC)C)(CCN(CCOP(=O)([O-])OCCCC)C),0.2108717678495582
N(CCOP(=O)([O-])OCCCCC)CCCCCCCCCCCC,0.2108717678495582
N(CCOP(=O)([O-])OCCCCC)CCCCCCCCCCCCCC,0.2108717678495582
N(CCCCCCCCCCCCC)(CCCCCCCCCCCCC)CCOP(=O)([O-])OCCCCC,0.2108717678495582
N(CCCCCCCC)(CCCCCCCC)CCOP(=O)([O-])OCCCCCC,0.2108717678495582
N(CCOP(=O)([O-])OCCCCCC)CCOCCOCCNCCOP(=O)([O-])OCCCCCC,0.2108717678495582
N(CCOP(=O)([O-])OCCCCCC)([H])CCCN(C)CCCN(CCOP(=O)([O-])OCCCCCC),0.2108717678495582
N(CCOP(=O)([O-])OCCCCCC)CCCN([H])CCCCN([H])CCCN(CCOP(=O)([O-])OCCCCCC),0.2108717678495582
[N+](CCCCCCCCCC)(CCCCCCCCCC)(CCCCCCCCCC)CCOP(=O)([O-])OCCCCCCC,0.2108717678495582
N(CCOP(=O)([O-])OCCCCCCC)CCN([H])CCN([H])CCN(CCOP(=O)([O-])OCCCCCCC),0.2108717678495582
N(CCOP(=O)([O-])OCCCCCCC)CCN(CCOP(=O)([O-])OCCCCCCC)CCN(CCOP(=O)([O-])OCCCCCCC)CCN(CCOP(=O)([O-])OCCCCCCC),0.2108717678495582
N(CCOP(=O)([O-])OCCCCCCC)CCCN([H])CCCCN([H])CCCN(CCOP(=O)([O-])OCCCCCCC),0.2108717678495582
N(CCOP(=O)([O-])OCCCCCCC)CCCN(CCOP(=O)([O-])OCCCCCCC)CCCCN(CCOP(=O)([O-])OCCCCCCC)CCCN(CCOP(=O)([O-])OCCCCCCC),0.2108717678495582
N(CCCCCC)(CCCCCC)CCOP(=O)([O-])OCCCCCCCC,0.2108717678495582
[N+](CCCCCCCC)(CCCCCCCC)(CCCCCCCC)CCOP(=O)([O-])OCCCCCCCC,0.2108717678495582
N(CCOP(=O)([O-])OCCCCCCCC)CCCN([H])CCCCN([H])CCCN(CCOP(=O)([O-])OCCCCCCCC),0.2108717678495582
N(CCOP(=O)([O-])OCCCCCCCC)CCN([H])CCN(CCOP(=O)([O-])OCCCCCCCC)CCN([H])CCN(CCOP(=O)([O-])OCCCCCCCC),0.2108717678495582
[N+](CCCC)(CCCC)(CCCC)CCOP(=O)([O-])OCCCCCCCCC,0.2108717678495582
C8CN(CCOP(=O)([O-])OCCCCCCCCC)CCN8CCN(CCOP(=O)([O-])OCCCCCCCCC)CCOP(=O)([O-])OCCCCCCCCC,0.2108717678495582
N(CCOP(=O)([O-])OCCCCCCCCC)CCN(CCOP(=O)([O-])OCCCCCCCCC)CCN([H])CCN(CCOP(=O)([O-])OCCCCCCCCC),0.2108717678495582
N(CCOP(=O)([O-])OCCCCCCCCC)CCN(CCOP(=O)([O-])OCCCCCCCCC)CCN(CCOP(=O)([O-])OCCCCCCCCC)CCN([H])CCN(CCOP(=O)([O-])OCCCCCCCCC),0.2108717678495582
N(CCOP(=O)([O-])OCCCCCCCCCC)CCCCCCCC,0.2108717678495582
N(CCOP(=O)([O-])OCCCCCCCCCC)CCCCCCCCCCCC,0.2108717678495582
N(CCCC)(CCCC)CCOP(=O)([O-])OCCCCCCCCCC,0.2108717678495582
N(CCCCCCCCCCCCC)(CCCCCCCCCCCCC)CCOP(=O)([O-])OCCCCCCCCCC,0.2108717678495582
C8N(CCCN(CCOP(=O)([O-])OCCCCCCCCCC)(CCOP(=O)([O-])OCCCCCCCCCC))CCN(CCCN(CCOP(=O)([O-])OCCCCCCCCCC)(CCOP(=O)([O-])OCCCCCCCCCC))C8,0.2108717678495582
N(CCOP(=O)([O-])OCCCCCCCCCC)CCCN(CCOP(=O)([O-])OCCCCCCCCCC)CCCCN(CCOP(=O)([O-])OCCCCCCCCCC)CCCN(CCOP(=O)([O-])OCCCCCCCCCC),0.2108717678495582
N(CCOP(=O)([O-])OCCCCCCCCCCC)CCCN(CCOP(=O)([O-])OCCCCCCCCCCC)CCCCN([H])CCCN(CCOP(=O)([O-])OCCCCCCCCCCC),0.2108717678495582
C8N(CCCN(CCOP(=O)([O-])OCCCCCCCCCCCC)(CCOP(=O)([O-])OCCCCCCCCCCCC))CCN(CCCN(CCOP(=O)([O-])OCCCCCCCCCCCC)([H]))C8,0.2108717678495582
N(CCOP(=O)([O-])OCCCCCCCCCCCC)CCN([H])CCN([H])CCN([H])CCN(CCOP(=O)([O-])OCCCCCCCCCCCC),0.2108717678495582
N(CCOP(=O)([O-])OCCCCCCCCCCCCC)CCCC,0.2108717678495582
N(CCOP(=O)([O-])OCCCCCCCCCCCCC)([H])CCCN(CCOP(=O)([O-])OCCCCCCCCCCCCC)CCCN(C)C,0.2108717678495582
N(CCOP(=O)([O-])OCCCCCCCCCCCCCC)CCCCCCCCCCCC,0.2108717678495582
N(CCNCCOP(=O)([O-])OCCCCCCCCCCCCCC)(CCNCCOP(=O)([O-])OCCCCCCCCCCCCCC)(CCN(CCOP(=O)([O-])OCCCCCCCCCCCCCC)[H]),0.2108717678495582
N(CCOP(=O)([O-])OCCCCCCCCCCCCCCC)CCCCCCCC,0.2108717678495582
N(CCCCCC)(CCCCCC)CCOP(=O)([O-])OCCCCCCCCCCCCCCC,0.2108717678495582
[N+](CCCCCCCC)(CCCCCCCC)(CCCCCCCC)CCOP(=O)([O-])OCCCCCCCCCCCCCCC,0.2108717678495582
[N+](CCCCCCCCCCCC)(CCCCCCCCCCCC)(CCCCCCCCCCCC)CCOP(=O)([O-])OCCCCCCCCCCCCCCC,0.2108717678495582
N(CCOP(=O)([O-])OCCCCCCCCCCCCCCC)CCCN(CCOP(=O)([O-])OCCCCCCCCCCCCCCC)CCCCN([H])CCCN(CCOP(=O)([O-])OCCCCCCCCCCCCCCC),0.2108717678495582
[N+](CCCCCC)(CCCCCC)(CCCCCC)CCOP(=O)([O-])OCCCCCCCCCCCCCCCC,0.2108717678495582
N(CCOP(=O)([O-])OCCCC)CCCCCCCCCC,-1.1597947231725705
N(CCOP(=O)([O-])OCCCC)CCCCCCCCCCCCCC,-1.1597947231725705
N(CCOP(=O)([O-])OCCCC)CCN(CCOP(=O)([O-])OCCCC)CCN(CCOP(=O)([O-])OCCCC)CCN(CCOP(=O)([O-])OCCCC)CCN(CCOP(=O)([O-])OCCCC),-1.1597947231725705
[N+](CCCCCC)(CCCCCC)(CCCCCC)CCOP(=O)([O-])OCCCCC,-1.1597947231725705
[N+](CCCCCCCCCC)(CCCCCCCCCC)(CCCCCCCCCC)CCOP(=O)([O-])OCCCCC,-1.1597947231725705
N(CCOP(=O)([O-])OCCCCC)CCOCCOCCNCCOP(=O)([O-])OCCCCC,-1.1597947231725705
N(CCOP(=O)([O-])OCCCCC)([H])CCCN(C)CCCN(CCOP(=O)([O-])OCCCCC),-1.1597947231725705
C8N(CCCN(CCOP(=O)([O-])OCCCCC)([H]))CCN(CCCN(CCOP(=O)([O-])OCCCCC)([H]))C8,-1.1597947231725705
C8N(CCCN(CCOP(=O)([O-])OCCCCC)(CCOP(=O)([O-])OCCCCC))CCN(CCCN(CCOP(=O)([O-])OCCCCC)([H]))C8,-1.1597947231725705
N(CCOP(=O)([O-])OCCCCC)CCCN(CCOP(=O)([O-])OCCCCC)CCCCN([H])CCCN(CCOP(=O)([O-])OCCCCC),-1.1597947231725705
N(CCNCCOP(=O)([O-])OCCCCC)(CCNCCOP(=O)([O-])OCCCCC)(CCN(CCOP(=O)([O-])OCCCCC)[H]),-1.1597947231725705
N(CCOP(=O)([O-])OCCCCC)CCN(CCOP(=O)([O-])OCCCCC)CCN(CCOP(=O)([O-])OCCCCC)CCN([H])CCN(CCOP(=O)([O-])OCCCCC),-1.1597947231725705
C8N(CCCN(CCOP(=O)([O-])OCCCCCC)(CCOP(=O)([O-])OCCCCCC))CCN(CCCN(CCOP(=O)([O-])OCCCCCC)(CCOP(=O)([O-])OCCCCCC))C8,-1.1597947231725705
N(CCOP(=O)([O-])OCCCCCC)CCN(CCOP(=O)([O-])OCCCCCC)CCN(CCOP(=O)([O-])OCCCCCC)CCN(CCOP(=O)([O-])OCCCCCC),-1.1597947231725705
[N+](CCOP(=O)([O-])OCCCCCC)(CCN(CCOP(=O)([O-])OCCCCCC)C)(CCN(CCOP(=O)([O-])OCCCCCC)C)(CCN(CCOP(=O)([O-])OCCCCCC)C),-1.1597947231725705
N(CCOP(=O)([O-])OCCCCCC)CCN(CCOP(=O)([O-])OCCCCCC)CCN(CCOP(=O)([O-])OCCCCCC)CCN(CCOP(=O)([O-])OCCCCCC)CCN(CCOP(=O)([O-])OCCCCCC),-1.1597947231725705
N(CCOP(=O)([O-])OCCCCCCCC)CCCCCCCCCCCCCC,-1.1597947231725705
N(CCOP(=O)([O-])OCCCCCCCC)(CCOP(=O)([O-])OCCCCCCCC)CCCN(CCOP(=O)([O-])OCCCCCCCC)CCCN(C)C,-1.1597947231725705
N(CCN(CCOP(=O)([O-])OCCCCCCCC)C)(CCN(CCOP(=O)([O-])OCCCCCCCC)C)(CCN([H])C),-1.1597947231725705
C8CN(CCOP(=O)([O-])OCCCCCCCCCC)CCN8CCN(CCOP(=O)([O-])OCCCCCCCCCC)CCOP(=O)([O-])OCCCCCCCCCC,-1.1597947231725705
N(CCN(CCOP(=O)([O-])OCCCCCCCCCC)C)(CCN(CCOP(=O)([O-])OCCCCCCCCCC)C)(CCN(CCOP(=O)([O-])OCCCCCCCCCC)C),-1.1597947231725705
N(CCOP(=O)([O-])OCCCCCCCCCCC)CCCCCCCCCCCCCC,-1.1597947231725705
N(CCOP(=O)([O-])OCCCCCCCCCCC)(CCOP(=O)([O-])OCCCCCCCCCCC)CCCN(CCOP(=O)([O-])OCCCCCCCCCCC)CCCN(C)C,-1.1597947231725705
N(CCNCCOP(=O)([O-])OCCCCCCCCCCC)(CCNCCOP(=O)([O-])OCCCCCCCCCCC)(CCN(CCOP(=O)([O-])OCCCCCCCCCCC)[H]),-1.1597947231725705
N(CCOP(=O)([O-])OCCCCCCCCCCC)CCN(CCOP(=O)([O-])OCCCCCCCCCCC)CCN(CCOP(=O)([O-])OCCCCCCCCCCC)CCN(CCOP(=O)([O-])OCCCCCCCCCCC)CCN(CCOP(=O)([O-])OCCCCCCCCCCC),-1.1597947231725705
N(CCOP(=O)([O-])OCCCCCCCCCCCC)CCN(CCOP(=O)([O-])OCCCCCCCCCCCC)CCN(CCOP(=O)([O-])OCCCCCCCCCCCC)CCN(CCOP(=O)([O-])OCCCCCCCCCCCC),-1.1597947231725705
N(CCOP(=O)([O-])OCCCCCCCCCCCC)CCCN([H])CCCCN([H])CCCN(CCOP(=O)([O-])OCCCCCCCCCCCC),-1.1597947231725705
N(CCOP(=O)([O-])OCCCCCCCCCCCCC)(CCOP(=O)([O-])OCCCCCCCCCCCCC)CCCN(CCOP(=O)([O-])OCCCCCCCCCCCCC)CCCN(C)C,-1.1597947231725705
N(CCOP(=O)([O-])OCCCCCCCCCCCCC)(CCOP(=O)([O-])OCCCCCCCCCCCCC)CCCN(C)CCCN(CCOP(=O)([O-])OCCCCCCCCCCCCC),-1.1597947231725705
N(CCOP(=O)([O-])OCCCCCCCCCCCCC)CCCN([H])CCCCN([H])CCCN(CCOP(=O)([O-])OCCCCCCCCCCCCC),-1.1597947231725705
N(CCOP(=O)([O-])OCCCCCCCCCCCCCC)(CCOP(=O)([O-])OCCCCCCCCCCCCCC)CCCN(CCOP(=O)([O-])OCCCCCCCCCCCCCC)CCCN(C)C,-1.1597947231725705
N(CCOP(=O)([O-])OCCCCCCCCCCCCCC)CCCN([H])CCCCN([H])CCCN(CCOP(=O)([O-])OCCCCCCCCCCCCCC),-1.1597947231725705
N(CCN(CCOP(=O)([O-])OCCCCCCCCCCCCCC)C)(CCN(CCOP(=O)([O-])OCCCCCCCCCCCCCC)C)(CCN(CCOP(=O)([O-])OCCCCCCCCCCCCCC)C),-1.1597947231725705
N(CCNCCOP(=O)([O-])OCCCCCCCCCCCCCC)(CCNCCOP(=O)([O-])OCCCCCCCCCCCCCC)(CCN([H])[H]),-1.1597947231725705
N(CCCC)(CCCC)CCOP(=O)([O-])OCCCCCCCCCCCCCCC,-1.1597947231725705
C8N(CCCN(CCOP(=O)([O-])OCCCCCCCCCCCCCCC)([H]))CCN(CCCN(CCOP(=O)([O-])OCCCCCCCCCCCCCCC)([H]))C8,-1.1597947231725705
N(CCOP(=O)([O-])OCCCCCCCCCCCCCCC)CCCN(CCOP(=O)([O-])OCCCCCCCCCCCCCCC)CCCCN(CCOP(=O)([O-])OCCCCCCCCCCCCCCC)CCCN(CCOP(=O)([O-])OCCCCCCCCCCCCCCC),-1.1597947231725705
N(CCOP(=O)([O-])OCCCCCCCCCCCCCCC)CCN([H])CCN([H])CCN([H])CCN(CCOP(=O)([O-])OCCCCCCCCCCCCCCC),-1.1597947231725705
N(CCOP(=O)([O-])OCCCCCCCCCCCCCCC)CCN(CCOP(=O)([O-])OCCCCCCCCCCCCCCC)CCN(CCOP(=O)([O-])OCCCCCCCCCCCCCCC)CCN(CCOP(=O)([O-])OCCCCCCCCCCCCCCC)CCN(CCOP(=O)([O-])OCCCCCCCCCCCCCCC),-1.1597947231725705
N(CCOP(=O)([O-])OCCCCCCCCCCCCCCCC)CCCCCCCCCCCC,-1.1597947231725705
N(CCOP(=O)([O-])OCCCCCCCCCCCCCCCC)CCCCCCCCCCCCCC,-1.1597947231725705
N(CCOP(=O)([O-])OCCCCCCCCCCCCCCCC)(CCOP(=O)([O-])OCCCCCCCCCCCCCCCC)CCCN(C)CCCN(CCOP(=O)([O-])OCCCCCCCCCCCCCCCC),-1.1597947231725705
N(CCOP(=O)([O-])OCCCCCCCCCCCCCCCC)CCN([H])CCN([H])CCN(CCOP(=O)([O-])OCCCCCCCCCCCCCCCC),-1.1597947231725705
N(CCOP(=O)([O-])OCCCCCCCCCCCCCCCC)CCN(CCOP(=O)([O-])OCCCCCCCCCCCCCCCC)CCN(CCOP(=O)([O-])OCCCCCCCCCCCCCCCC)CCN(CCOP(=O)([O-])OCCCCCCCCCCCCCCCC),-1.1597947231725705
N(CCN(CCOP(=O)([O-])OCCCCCCCCCCCCCCCC)C)(CCN(CCOP(=O)([O-])OCCCCCCCCCCCCCCCC)C)(CCN([H])C),-1.1597947231725705
[N+](CCOP(=O)([O-])OCCCCCCCCCCCCCCCC)(CCN(CCOP(=O)([O-])OCCCCCCCCCCCCCCCC)C)(CCN(CCOP(=O)([O-])OCCCCCCCCCCCCCCCC)C)(CCN(CCOP(=O)([O-])OCCCCCCCCCCCCCCCC)C),-1.1597947231725705
N(CCC(=O)OCCOC(=O)C(C)CSCCCCC)(CCC(=O)OCCOC(=O)C(C)CSCCCCC)CCCN(C)CCCN(CCC(=O)OCCOC(=O)C(C)CSCCCCC)(CCC(=O)OCCOC(=O)C(C)CSCCCCC),3.601853897883668
N(CCC(=O)OCCOC(=O)C(C)CSCCCCCCC)(CCC(=O)OCCOC(=O)C(C)CSCCCCCCC)CCCN1CCN(CCCN(CCC(=O)OCCOC(=O)C(C)CSCCCCCCC)(CCC(=O)OCCOC(=O)C(C)CSCCCCCCC))CC1,3.601853897883668
N(CCC(=O)OCCOC(=O)C(C)CSCCCCCCCCC)(CCC(=O)OCCOC(=O)C(C)CSCCCCCCCCC)CCCN1CCN(CCCN(CCC(=O)OCCOC(=O)C(C)CSCCCCCCCCC)(CCC(=O)OCCOC(=O)C(C)CSCCCCCCCCC))CC1,3.601853897883668
N(CCN(CCC(=O)OCCOC(=O)C(C)CSCCCCCCCCCCC)C)(CCN(CCC(=O)OCCOC(=O)C(C)CSCCCCCCCCCCC)C)CCN(CCC(=O)OCCOC(=O)C(C)CSCCCCCCCCCCC)C,3.601853897883668
N(CCC(=O)OCCOC(=O)C(C)CSCCCCCCCCCCC)(CCC(=O)OCCOC(=O)C(C)CSCCCCCCCCCCC)CCCN(C)CCCN(CCC(=O)OCCOC(=O)C(C)CSCCCCCCCCCCC)(CCC(=O)OCCOC(=O)C(C)CSCCCCCCCCCCC),3.601853897883668
CCCCCCCCCCCCCCN(CCC(=O)OCCOC(=O)C(C)CSCCC(C)C)CCC(=O)OCCOC(=O)C(C)CSCCC(C)C,2.185099711203099
N(CCC(=O)OCCOC(=O)C(C)CSCCCCC)(CCC(=O)OCCOC(=O)C(C)CSCCCCC)CCN1CCCCC1,2.185099711203099
N(CCC(=O)OCCOC(=O)C(C)CSCCCCCC)(CCC(=O)OCCOC(=O)C(C)CSCCCCCC)CCCN1CCN(CCCN(CCC(=O)OCCOC(=O)C(C)CSCCCCCC)(CCC(=O)OCCOC(=O)C(C)CSCCCCCC))CC1,2.185099711203099
N(CCN(CCC(=O)OCCOC(=O)C(C)CSCCCCCC)(CCC(=O)OCCOC(=O)C(C)CSCCCCCC))(CCN(CCC(=O)OCCOC(=O)C(C)CSCCCCCC)(CCC(=O)OCCOC(=O)C(C)CSCCCCCC))CCN(CCC(=O)OCCOC(=O)C(C)CSCCCCCC)CCC(=O)OCCOC(=O)C(C)CSCCCCCC,2.185099711203099
N(CCC(=O)OCCOC(=O)C(C)CSCCCCCCC)(CCC(=O)OCCOC(=O)C(C)CSCCCCCCC)CCCN(CCC(=O)OCCOC(=O)C(C)CSCCCCCCC)CCCNCCCN(CCC(=O)OCCOC(=O)C(C)CSCCCCCCC)CCC(=O)OCCOC(=O)C(C)CSCCCCCCC,2.185099711203099
N(CCC(=O)OCCOC(=O)C(C)CSCCCCCCCC)(CCC(=O)OCCOC(=O)C(C)CSCCCCCCCC)CCNCCN(CCC(=O)OCCOC(=O)C(C)CSCCCCCCCC)CCNCCN(CCC(=O)OCCOC(=O)C(C)CSCCCCCCCC)CCC(=O)OCCOC(=O)C(C)CSCCCCCCCC,2.185099711203099
N(CCC(=O)OCCOC(=O)C(C)CSCCCCCCCC)(CCC(=O)OCCOC(=O)C(C)CSCCCCCCCC)CCCN(CCC(=O)OCCOC(=O)C(C)CSCCCCCCCC)CCCNCCCN(CCC(=O)OCCOC(=O)C(C)CSCCCCCCCC)CCC(=O)OCCOC(=O)C(C)CSCCCCCCCC,2.185099711203099
N(CCN(CCC(=O)OCCOC(=O)C(C)CSCCCCCCCC)(CCC(=O)OCCOC(=O)C(C)CSCCCCCCCC))(CCN(CCC(=O)OCCOC(=O)C(C)CSCCCCCCCC)(CCC(=O)OCCOC(=O)C(C)CSCCCCCCCC))CCNCCC(=O)OCCOC(=O)C(C)CSCCCCCCCC,2.185099711203099
N(CCN(CCC(=O)OCCOC(=O)C(C)CSCCCCCCCC)(CCC(=O)OCCOC(=O)C(C)CSCCCCCCCC))(CCN(CCC(=O)OCCOC(=O)C(C)CSCCCCCCCC)(CCC(=O)OCCOC(=O)C(C)CSCCCCCCCC))CCN(CCC(=O)OCCOC(=O)C(C)CSCCCCCCCC)CCC(=O)OCCOC(=O)C(C)CSCCCCCCCC,2.185099711203099
N(CCN(CCC(=O)OCCOC(=O)C(C)CSCCCCCCCCC)(CCC(=O)OCCOC(=O)C(C)CSCCCCCCCCC))(CCN(CCC(=O)OCCOC(=O)C(C)CSCCCCCCCCC)(CCC(=O)OCCOC(=O)C(C)CSCCCCCCCCC))CCNCCC(=O)OCCOC(=O)C(C)CSCCCCCCCCC,2.185099711203099
N(CCC(=O)OCCOC(=O)C(C)CSCCCCCCCCCCCC)(CCC(=O)OCCOC(=O)C(C)CSCCCCCCCCCCCC)CCN(CCC(=O)OCCOC(=O)C(C)CSCCCCCCCCCCCC)CCN(CCC(=O)OCCOC(=O)C(C)CSCCCCCCCCCCCC)CCNCCN(CCC(=O)OCCOC(=O)C(C)CSCCCCCCCCCCCC)CCC(=O)OCCOC(=O)C(C)CSCCCCCCCCCCCC,2.185099711203099
N(CCN(CCC(=O)OCCOC(=O)C(C)CSCCN(CCCC)CCCC)(CCC(=O)OCCOC(=O)C(C)CSCCN(CCCC)CCCC))(CCN(CCC(=O)OCCOC(=O)C(C)CSCCN(CCCC)CCCC)(CCC(=O)OCCOC(=O)C(C)CSCCN(CCCC)CCCC))CCN(CCC(=O)OCCOC(=O)C(C)CSCCN(CCCC)CCCC)CCC(=O)OCCOC(=O)C(C)CSCCN(CCCC)CCCC,2.185099711203099
C1N(C)CCN(CCC(=O)OCCOC(=O)C(C)CSCC(C)C)C1,0.7683455245225306
N(CCC(=O)OCCOC(=O)C(C)CSCC(C)C)(CCC(=O)OCCOC(=O)C(C)CSCC(C)C)CCN1CCCCC1,0.7683455245225306
N(CCC(=O)OCCOC(=O)C(C)CSCC(C)C)(CCC(=O)OCCOC(=O)C(C)CSCC(C)C)CCNCCN(CCC(=O)OCCOC(=O)C(C)CSCC(C)C)CCNCCN(CCC(=O)OCCOC(=O)C(C)CSCC(C)C)CCC(=O)OCCOC(=O)C(C)CSCC(C)C,0.7683455245225306
N(CCC(=O)OCCOC(=O)C(C)CSCC(C)C)(CCC(=O)OCCOC(=O)C(C)CSCC(C)C)CCCN(CCC(=O)OCCOC(=O)C(C)CSCC(C)C)CCCNCCCN(CCC(=O)OCCOC(=O)C(C)CSCC(C)C)CCC(=O)OCCOC(=O)C(C)CSCC(C)C,0.7683455245225306
CCCCCCCCN(CCC(=O)OCCOC(=O)C(C)CSCC(C)C)CCCCCCCC,0.7683455245225306
CCCCCCCCCCN(CCC(=O)OCCOC(=O)C(C)CSCC(C)C)CCC(=O)OCCOC(=O)C(C)CSCC(C)C,0.7683455245225306
CN(C)CCCN(CCC(=O)OCCOC(=O)C(C)CSCCC(C)C)C,0.7683455245225306
N(CCC(=O)OCCOC(=O)C(C)CSCCC(C)C)(CCC(=O)OCCOC(=O)C(C)CSCCC(C)C)CCCN1CCN(C)CC1,0.7683455245225306
OCCN(CCC(=O)OCCOC(=O)C(C)CSCCC(C)C)CCCN(CCC(=O)OCCOC(=O)C(C)CSCCC(C)C)CCC(=O)OCCOC(=O)C(C)CSCCC(C)C,0.7683455245225306
N(CCC(=O)OCCOC(=O)C(C)CSCCC(C)C)(CCC(=O)OCCOC(=O)C(C)CSCCC(C)C)CCOCCOCCN(CCC(=O)OCCOC(=O)C(C)CSCCC(C)C)CCC(=O)OCCOC(=O)C(C)CSCCC(C)C,0.7683455245225306
CCCCCCCCCCCCN(CCC(=O)OCCOC(=O)C(C)CSCCC(C)C)CCC(=O)OCCOC(=O)C(C)CSCCC(C)C,0.7683455245225306
CCCCCCCCCCCCCCCCCCN(CCC(=O)OCCOC(=O)C(C)CSCCC(C)C)CCC(=O)OCCOC(=O)C(C)CSCCC(C)C,0.7683455245225306
N(CCC(=O)OCCOC(=O)C(C)CSCCC(C)C)(CCC(=O)OCCOC(=O)C(C)CSCCC(C)C)CCCN1CCN(C)CC1,0.7683455245225306
CCCCCCCCCCCCN(CCC(=O)OCCOC(=O)C(C)CSCCC(C)C)CCC(=O)OCCOC(=O)C(C)CSCCC(C)C,0.7683455245225306
CCCCCCCCCCCCCCCCCCN(CCC(=O)OCCOC(=O)C(C)CSCCC(C)C)CCC(=O)OCCOC(=O)C(C)CSCCC(C)C,0.7683455245225306
OCCN1CCN(CCC(=O)OCCOC(=O)C(C)CSCCCC)CC1,0.7683455245225306
N(CCC(=O)OCCOC(=O)C(C)CSCCCC)(CCC(=O)OCCOC(=O)C(C)CSCCCC)CC1CCN(C)CC1,0.7683455245225306
c1c(CN(CCC(=O)OCCOC(=O)C(C)CSCCCC)(CCC(=O)OCCOC(=O)C(C)CSCCCC))ccc(CN(CCC(=O)OCCOC(=O)C(C)CSCCCC)(CCC(=O)OCCOC(=O)C(C)CSCCCC))c1,0.7683455245225306
CCCCCCCCCCN(CCC(=O)OCCOC(=O)C(C)CSCCCC)CCC(=O)OCCOC(=O)C(C)CSCCCC,0.7683455245225306
CCCCCCCCCCN(CCC(=O)OCCOC(=O)C(C)CSCCCCC)CCC(=O)OCCOC(=O)C(C)CSCCCCC,0.7683455245225306
OCCN1CCN(CCC(=O)OCCOC(=O)C(C)CSCCCCCC)CC1,0.7683455245225306
OCCN(CCC(=O)OCCOC(=O)C(C)CSCCCCCC)CCCN(CCC(=O)OCCOC(=O)C(C)CSCCCCCC)CCC(=O)OCCOC(=O)C(C)CSCCCCCC,0.7683455245225306
N(CCC(=O)OCCOC(=O)C(C)CSCCCCCC)(CCC(=O)OCCOC(=O)C(C)CSCCCCCC)CCOCCOCCN(CCC(=O)OCCOC(=O)C(C)CSCCCCCC)CCC(=O)OCCOC(=O)C(C)CSCCCCCC,0.7683455245225306
CCCCCCCCCCCCCCCCCCN(CCC(=O)OCCOC(=O)C(C)CSCCCCCC)CCC(=O)OCCOC(=O)C(C)CSCCCCCC,0.7683455245225306
C1C(CCN(CCC(=O)OCCOC(=O)C(C)CSCCCCCCC)(CCC(=O)OCCOC(=O)C(C)CSCCCCCCC))CCN(CCC(=O)OCCOC(=O)C(C)CSCCCCCCC)C1,0.7683455245225306
CN(C)CCCN(CCC(=O)OCCOC(=O)C(C)CSCCCCCCCC)C,0.7683455245225306
C1C(CCN(CCC(=O)OCCOC(=O)C(C)CSCCCCCCCC)(CCC(=O)OCCOC(=O)C(C)CSCCCCCCCC))CCN(CCC(=O)OCCOC(=O)C(C)CSCCCCCCCC)C1,0.7683455245225306
CN(CCC(=O)OCCOC(=O)C(C)CSCCCCCCCC)CCCCCCCCCCCC,0.7683455245225306
N(CCC(=O)OCCOC(=O)C(C)CSCCCCCCCCC)(CCC(=O)OCCOC(=O)C(C)CSCCCCCCCCC)CCCN1CCN(C)CC1,0.7683455245225306
N(CCC(=O)OCCOC(=O)C(C)CSCCCCCCCCC)(CCC(=O)OCCOC(=O)C(C)CSCCCCCCCCC)CCCN(CCC(=O)OCCOC(=O)C(C)CSCCCCCCCCC)CCCN(CCC(=O)OCCOC(=O)C(C)CSCCCCCCCCC)CCCN(CCC(=O)OCCOC(=O)C(C)CSCCCCCCCCC)CCC(=O)OCCOC(=O)C(C)CSCCCCCCCCC,0.7683455245225306
CCCCCCCCN(CCC(=O)OCCOC(=O)C(C)CSCCCCCCCCC)CCC(=O)OCCOC(=O)C(C)CSCCCCCCCCC,0.7683455245225306
CCCCCCCCCCCCCCCCN(CCC(=O)OCCOC(=O)C(C)CSCCCCCCCCC)CCC(=O)OCCOC(=O)C(C)CSCCCCCCCCC,0.7683455245225306
CN(CCC(=O)OCCOC(=O)C(C)CSCCCCCCCCCC)CCCN(C)CCCN(CCC(=O)OCCOC(=O)C(C)CSCCCCCCCCCC)C,0.7683455245225306
OCCN(CCC(=O)OCCOC(=O)C(C)CSCCCCCCCCCC)CCCN(CCC(=O)OCCOC(=O)C(C)CSCCCCCCCCCC)CCC(=O)OCCOC(=O)C(C)CSCCCCCCCCCC,0.7683455245225306
N(CCC(=O)OCCOC(=O)C(C)CSCCCCCCCCCCC)(CCC(=O)OCCOC(=O)C(C)CSCCCCCCCCCCC)CCc1ncccc1,0.7683455245225306
CN(C)CCN1CCN(CCC(=O)OCCOC(=O)C(C)CSCCCCCCCCCCCC)CC1,0.7683455245225306
N(CCC(=O)OCCOC(=O)C(C)CSCCCCCCCCCCCC)(CCC(=O)OCCOC(=O)C(C)CSCCCCCCCCCCCC)CCCN1CCN(C)CC1,0.7683455245225306
N(CCC(=O)OCCOC(=O)C(C)CSCCCCCCCCCCCCCC)(CCC(=O)OCCOC(=O)C(C)CSCCCCCCCCCCCCCC)CCCN(C)CCCN(CCC(=O)OCCOC(=O)C(C)CSCCCCCCCCCCCCCC)(CCC(=O)OCCOC(=O)C(C)CSCCCCCCCCCCCCCC),0.7683455245225306
N(CCC(=O)OCCOC(=O)C(C)CSCCCCCCCCCCCCCC)(CCC(=O)OCCOC(=O)C(C)CSCCCCCCCCCCCCCC)CCN(CCC(=O)OCCOC(=O)C(C)CSCCCCCCCCCCCCCC)CCN(CCC(=O)OCCOC(=O)C(C)CSCCCCCCCCCCCCCC)CCNCCN(CCC(=O)OCCOC(=O)C(C)CSCCCCCCCCCCCCCC)CCC(=O)OCCOC(=O)C(C)CSCCCCCCCCCCCCCC,0.7683455245225306
N(CCC(=O)OCCOC(=O)C(C)CSCCCCCCCCCCCCCCCC)(CCC(=O)OCCOC(=O)C(C)CSCCCCCCCCCCCCCCCC)CC1CCN(C)CC1,0.7683455245225306
N(CCN(CCC(=O)OCCOC(=O)C(C)CSCCCCCCCCCCCCCCCC)C)(CCN(CCC(=O)OCCOC(=O)C(C)CSCCCCCCCCCCCCCCCC)C)CCN(CCC(=O)OCCOC(=O)C(C)CSCCCCCCCCCCCCCCCC)C,0.7683455245225306
N(CCC(=O)OCCOC(=O)C(C)CSCCCCCCCCCCCCCCCCCC)(CCC(=O)OCCOC(=O)C(C)CSCCCCCCCCCCCCCCCCCC)CCN(CCC(=O)OCCOC(=O)C(C)CSCCCCCCCCCCCCCCCCCC)CCN(CCC(=O)OCCOC(=O)C(C)CSCCCCCCCCCCCCCCCCCC)CCNCCN(CCC(=O)OCCOC(=O)C(C)CSCCCCCCCCCCCCCCCCCC)CCC(=O)OCCOC(=O)C(C)CSCCCCCCCCCCCCCCCCCC,0.7683455245225306
CN(CCC(=O)OCCOC(=O)C(C)CSCCc5ccccc5)CCOCCN(CCC(=O)OCCOC(=O)C(C)CSCCc5ccccc5)C,0.7683455245225306
c1c(CN(CCC(=O)OCCOC(=O)C(C)CSCCc5ccccc5)(CCC(=O)OCCOC(=O)C(C)CSCCc5ccccc5))ccc(CN(CCC(=O)OCCOC(=O)C(C)CSCCc5ccccc5)(CCC(=O)OCCOC(=O)C(C)CSCCc5ccccc5))c1,0.7683455245225306
N(CCN(CCC(=O)OCCOC(=O)C(C)CSCCc5ccccc5)(CCC(=O)OCCOC(=O)C(C)CSCCc5ccccc5))(CCN(CCC(=O)OCCOC(=O)C(C)CSCCc5ccccc5)(CCC(=O)OCCOC(=O)C(C)CSCCc5ccccc5))CCNCCC(=O)OCCOC(=O)C(C)CSCCc5ccccc5,0.7683455245225306
CCCCCCCCCCCCCCCCN(CCC(=O)OCCOC(=O)C(C)CSCCc5ccccc5)CCC(=O)OCCOC(=O)C(C)CSCCc5ccccc5,0.7683455245225306
CN(CCC(=O)OCCOC(=O)C(C)CSCCCCCC(O)=O)CCCN(C)CCCN(CCC(=O)OCCOC(=O)C(C)CSCCCCCC(O)=O)C,0.7683455245225306
CN(CCC(=O)OCCOC(=O)C(C)CSCCCCCCCCCCC(O)=O)CCCN(C)CCCN(CCC(=O)OCCOC(=O)C(C)CSCCCCCCCCCCC(O)=O)C,0.7683455245225306
N(CCC(=O)OCCOC(=O)C(C)CSCCCCCCCCCCC(O)=O)(CCC(=O)OCCOC(=O)C(C)CSCCCCCCCCCCC(O)=O)CCOCCOCCN(CCC(=O)OCCOC(=O)C(C)CSCCCCCCCCCCC(O)=O)CCC(=O)OCCOC(=O)C(C)CSCCCCCCCCCCC(O)=O,0.7683455245225306
N(CCC(=O)OCCOC(=O)C(C)CSCCCCCCCCCCC(O)=O)(CCC(=O)OCCOC(=O)C(C)CSCCCCCCCCCCC(O)=O)CCNCCN(CCC(=O)OCCOC(=O)C(C)CSCCCCCCCCCCC(O)=O)CCNCCN(CCC(=O)OCCOC(=O)C(C)CSCCCCCCCCCCC(O)=O)CCC(=O)OCCOC(=O)C(C)CSCCCCCCCCCCC(O)=O,0.7683455245225306
CCCCCCCCCCCCCCCCN(CCC(=O)OCCOC(=O)C(C)CSCCO)CCC(=O)OCCOC(=O)C(C)CSCCO,0.7683455245225306
c1c(CN(CCC(=O)OCCOC(=O)C(C)CSCC(O)CO)(CCC(=O)OCCOC(=O)C(C)CSCC(O)CO))ccc(CN(CCC(=O)OCCOC(=O)C(C)CSCC(O)CO)(CCC(=O)OCCOC(=O)C(C)CSCC(O)CO))c1,0.7683455245225306
N(CCC(=O)OCCOC(=O)C(C)CSCCCO)(CCC(=O)OCCOC(=O)C(C)CSCCCO)CCN1CCCCC1,0.7683455245225306
N(CCC(=O)OCCOC(=O)C(C)CSCCCO)(CCC(=O)OCCOC(=O)C(C)CSCCCO)CCN1CCCC1,0.7683455245225306
N(CCC(=O)OCCOC(=O)C(C)CSCCCO)(CCC(=O)OCCOC(=O)C(C)CSCCCO)CCN(C)C,0.7683455245225306
N(CCC(=O)OCCOC(=O)C(C)CSCCCO)(CCC(=O)OCCOC(=O)C(C)CSCCCO)CCOCCOCCN(CCC(=O)OCCOC(=O)C(C)CSCCCO)CCC(=O)OCCOC(=O)C(C)CSCCCO,0.7683455245225306
CCCCCCCCCCCCCCN(CCC(=O)OCCOC(=O)C(C)CSCCCO)CCC(=O)OCCOC(=O)C(C)CSCCCO,0.7683455245225306
N(CCC(=O)OCCOC(=O)C(C)CSCCCCO)(CCC(=O)OCCOC(=O)C(C)CSCCCCO)CCN(C)C,0.7683455245225306
CN(CCC(=O)OCCOC(=O)C(C)CSCCCCO)CCCN(C)CCCN(CCC(=O)OCCOC(=O)C(C)CSCCCCO)C,0.7683455245225306
N(CCC(=O)OCCOC(=O)C(C)CSCCCCO)(CCC(=O)OCCOC(=O)C(C)CSCCCCO)CCN(CCC(=O)OCCOC(=O)C(C)CSCCCCO)CCN(CCC(=O)OCCOC(=O)C(C)CSCCCCO)CCNCCN(CCC(=O)OCCOC(=O)C(C)CSCCCCO)CCC(=O)OCCOC(=O)C(C)CSCCCCO,0.7683455245225306
N(CCC(=O)OCCOC(=O)C(C)CSCCCCCCCCCCCO)(CCC(=O)OCCOC(=O)C(C)CSCCCCCCCCCCCO)CCN1CCCCC1,0.7683455245225306
N(CCC(=O)OCCOC(=O)C(C)CSCCCCCCCCCCCO)(CCC(=O)OCCOC(=O)C(C)CSCCCCCCCCCCCO)CCCN(CCC(=O)OCCOC(=O)C(C)CSCCCCCCCCCCCO)CCCN(CCC(=O)OCCOC(=O)C(C)CSCCCCCCCCCCCO)CCCN(CCC(=O)OCCOC(=O)C(C)CSCCCCCCCCCCCO)CCC(=O)OCCOC(=O)C(C)CSCCCCCCCCCCCO,0.7683455245225306
N(CCC(=O)OCCOC(=O)C(C)CSCCNCCCC)(CCC(=O)OCCOC(=O)C(C)CSCCNCCCC)CCN(C)C,0.7683455245225306
CN(CCC(=O)OCCOC(=O)C(C)CSCCNCCCC)CCCN(C)CCCN(CCC(=O)OCCOC(=O)C(C)CSCCNCCCC)C,0.7683455245225306
CN(CCC(=O)OCCOC(=O)C(C)CSCCNCCCC)CCOCCN(CCC(=O)OCCOC(=O)C(C)CSCCNCCCC)C,0.7683455245225306
CN(CCC(=O)OCCOC(=O)C(C)CSCCN(CC)CC)CCOCCN(CCC(=O)OCCOC(=O)C(C)CSCCN(CC)CC)C,0.7683455245225306
CN(CCC(=O)OCCOC(=O)C(C)CSCCN5CCCC5)CCOCCN(CCC(=O)OCCOC(=O)C(C)CSCCN5CCCC5)C,0.7683455245225306
N(CCC(=O)OCCOC(=O)C(C)CSCCN5CCCC5)(CCC(=O)OCCOC(=O)C(C)CSCCN5CCCC5)CCCN(CCC(=O)OCCOC(=O)C(C)CSCCN5CCCC5)CCCNCCCN(CCC(=O)OCCOC(=O)C(C)CSCCN5CCCC5)CCC(=O)OCCOC(=O)C(C)CSCCN5CCCC5,0.7683455245225306
N(CCC(=O)OCCOC(=O)C(C)CSCCN5CCCCC5)(CCC(=O)OCCOC(=O)C(C)CSCCN5CCCCC5)CCCN1CCN(CCCN(CCC(=O)OCCOC(=O)C(C)CSCCN5CCCCC5)(CCC(=O)OCCOC(=O)C(C)CSCCN5CCCCC5))CC1,0.7683455245225306
c1c(CN(CCC(=O)OCCOC(=O)C(C)CSCCN5CCCCC5)(CCC(=O)OCCOC(=O)C(C)CSCCN5CCCCC5))ccc(CN(CCC(=O)OCCOC(=O)C(C)CSCCN5CCCCC5)(CCC(=O)OCCOC(=O)C(C)CSCCN5CCCCC5))c1,0.7683455245225306
c1c(CN(CCC(=O)OCCOC(=O)C(C)CSCCN5CCCCCC5)(CCC(=O)OCCOC(=O)C(C)CSCCN5CCCCCC5))ccc(CN(CCC(=O)OCCOC(=O)C(C)CSCCN5CCCCCC5)(CCC(=O)OCCOC(=O)C(C)CSCCN5CCCCCC5))c1,0.7683455245225306
N(CCN(CCC(=O)OCCOC(=O)C(C)CSCCN5CCCCCC5)(CCC(=O)OCCOC(=O)C(C)CSCCN5CCCCCC5))(CCN(CCC(=O)OCCOC(=O)C(C)CSCCN5CCCCCC5)(CCC(=O)OCCOC(=O)C(C)CSCCN5CCCCCC5))CCNCCC(=O)OCCOC(=O)C(C)CSCCN5CCCCCC5,0.7683455245225306
CCCCCCCCCCN(CCC(=O)OCCOC(=O)C(C)CSCCN5CCCCCC5)CCC(=O)OCCOC(=O)C(C)CSCCN5CCCCCC5,0.7683455245225306
c1c(CN(CCC(=O)OCCOC(=O)C(C)CSCCCC(=O)N5CCN(CCO)CC5)(CCC(=O)OCCOC(=O)C(C)CSCCCC(=O)N5CCN(CCO)CC5))ccc(CN(CCC(=O)OCCOC(=O)C(C)CSCCCC(=O)N5CCN(CCO)CC5)(CCC(=O)OCCOC(=O)C(C)CSCCCC(=O)N5CCN(CCO)CC5))c1,0.7683455245225306
CCCCCCCCCCCCCCN(CCC(=O)OCCOC(=O)C(C)CSCCCC(=O)N5CCN(CCO)CC5)CCC(=O)OCCOC(=O)C(C)CSCCCC(=O)N5CCN(CCO)CC5,0.7683455245225306
CN(CCC(=O)OCCOC(=O)C(C)CSCCCC(=O)N(C)CCCN(C)C)CCCN(C)CCCN(CCC(=O)OCCOC(=O)C(C)CSCCCC(=O)N(C)CCCN(C)C)C,0.7683455245225306
c1c(CN(CCC(=O)OCCOC(=O)C(C)CSCCCC(=O)N(C)CCN5(CCCCC5))(CCC(=O)OCCOC(=O)C(C)CSCCCC(=O)N(C)CCN5(CCCCC5)))ccc(CN(CCC(=O)OCCOC(=O)C(C)CSCCCC(=O)N(C)CCN5(CCCCC5))(CCC(=O)OCCOC(=O)C(C)CSCCCC(=O)N(C)CCN5(CCCCC5)))c1,0.7683455245225306
CN(CCC(=O)OCCOC(=O)C(C)CSCC(C)C)CCCCCCCCCCCC,-0.6484086621580379
CN(CCC(=O)OCCOC(=O)C(C)CSCCC(C)C)CCCN(C)CCCN(CCC(=O)OCCOC(=O)C(C)CSCCC(C)C)C,-0.6484086621580379
c1c(CN(CCC(=O)OCCOC(=O)C(C)CSCCC(C)C)(CCC(=O)OCCOC(=O)C(C)CSCCC(C)C))ccc(CN(CCC(=O)OCCOC(=O)C(C)CSCCC(C)C)(CCC(=O)OCCOC(=O)C(C)CSCCC(C)C))c1,-0.6484086621580379
CCCCCCCCCCCCCCN(CCC(=O)OCCOC(=O)C(C)CSCCC(C)C)CCC(=O)OCCOC(=O)C(C)CSCCC(C)C,-0.6484086621580379
CN(C)CCCN(CCC(=O)OCCOC(=O)C(C)CSCCC(C)C)C,-0.6484086621580379
CN(CCC(=O)OCCOC(=O)C(C)CSCCC(C)C)CCCN(C)CCCN(CCC(=O)OCCOC(=O)C(C)CSCCC(C)C)C,-0.6484086621580379
OCCN(CCC(=O)OCCOC(=O)C(C)CSCCC(C)C)CCCN(CCC(=O)OCCOC(=O)C(C)CSCCC(C)C)CCC(=O)OCCOC(=O)C(C)CSCCC(C)C,-0.6484086621580379
c1c(CN(CCC(=O)OCCOC(=O)C(C)CSCCC(C)C)(CCC(=O)OCCOC(=O)C(C)CSCCC(C)C))ccc(CN(CCC(=O)OCCOC(=O)C(C)CSCCC(C)C)(CCC(=O)OCCOC(=O)C(C)CSCCC(C)C))c1,-0.6484086621580379
N(CCC(=O)OCCOC(=O)C(C)CSCCC(C)C)(CCC(=O)OCCOC(=O)C(C)CSCCC(C)C)CCOCCOCCN(CCC(=O)OCCOC(=O)C(C)CSCCC(C)C)CCC(=O)OCCOC(=O)C(C)CSCCC(C)C,-0.6484086621580379
N(CCC(=O)OCCOC(=O)C(C)CSCCCC)(CCC(=O)OCCOC(=O)C(C)CSCCCC)CCc1ncccc1,-0.6484086621580379
CCN(CCC(=O)OCCOC(=O)C(C)CSCCCC)CCN(CCC(=O)OCCOC(=O)C(C)CSCCCC)CC,-0.6484086621580379
CN(CCC(=O)OCCOC(=O)C(C)CSCCCC)CCCN(C)CCCN(CCC(=O)OCCOC(=O)C(C)CSCCCC)C,-0.6484086621580379
C1C(CCN(CCC(=O)OCCOC(=O)C(C)CSCCCC)(CCC(=O)OCCOC(=O)C(C)CSCCCC))CCN(CCC(=O)OCCOC(=O)C(C)CSCCCC)C1,-0.6484086621580379
N(CCC(=O)OCCOC(=O)C(C)CSCCCC)(CCC(=O)OCCOC(=O)C(C)CSCCCC)CCNCCN(CCC(=O)OCCOC(=O)C(C)CSCCCC)CCNCCN(CCC(=O)OCCOC(=O)C(C)CSCCCC)CCC(=O)OCCOC(=O)C(C)CSCCCC,-0.6484086621580379
CCCCCCCCCCN(CCC(=O)OCCOC(=O)C(C)CSCCCC)CCCCCCCCCC,-0.6484086621580379
CCCCCCCCCCCCCCCCN(CCC(=O)OCCOC(=O)C(C)CSCCCC)CCC(=O)OCCOC(=O)C(C)CSCCCC,-0.6484086621580379
N(CCC(=O)OCCOC(=O)C(C)CSCCCCC)(CCC(=O)OCCOC(=O)C(C)CSCCCCC)CCc1ncccc1,-0.6484086621580379
N(CCC(=O)OCCOC(=O)C(C)CSCCCCC)(CCC(=O)OCCOC(=O)C(C)CSCCCCC)CCCN1C=NC=C1,-0.6484086621580379
N(CCC(=O)OCCOC(=O)C(C)CSCCCCC)(CCC(=O)OCCOC(=O)C(C)CSCCCCC)CCN(C)C,-0.6484086621580379
CN(C)CCN1CCN(CCC(=O)OCCOC(=O)C(C)CSCCCCCC)CC1,-0.6484086621580379
CCN(CCC(=O)OCCOC(=O)C(C)CSCCCCCC)CCN(CCC(=O)OCCOC(=O)C(C)CSCCCCCC)CC,-0.6484086621580379
CN(C)CCN1CCN(CCC(=O)OCCOC(=O)C(C)CSCCCCCCC)CC1,-0.6484086621580379
N(CCC(=O)OCCOC(=O)C(C)CSCCCCCCC)(CCC(=O)OCCOC(=O)C(C)CSCCCCCCC)CCN(C)C,-0.6484086621580379
CN(CCC(=O)OCCOC(=O)C(C)CSCCCCCCC)CCCN(C)CCCN(CCC(=O)OCCOC(=O)C(C)CSCCCCCCC)C,-0.6484086621580379
CCCCCCCCN(CCC(=O)OCCOC(=O)C(C)CSCCCCCCC)CCCCCCCC,-0.6484086621580379
CCCCCCCCCCCCCCN(CCC(=O)OCCOC(=O)C(C)CSCCCCCCC)CCC(=O)OCCOC(=O)C(C)CSCCCCCCC,-0.6484086621580379
N(CCC(=O)OCCOC(=O)C(C)CSCCCCCCCC)(CCC(=O)OCCOC(=O)C(C)CSCCCCCCCC)CCCN1C=NC=C1,-0.6484086621580379
c1c(CN(CCC(=O)OCCOC(=O)C(C)CSCCCCCCCC)(CCC(=O)OCCOC(=O)C(C)CSCCCCCCCC))ccc(CN(CCC(=O)OCCOC(=O)C(C)CSCCCCCCCC)(CCC(=O)OCCOC(=O)C(C)CSCCCCCCCC))c1,-0.6484086621580379
OCCN1CCN(CCC(=O)OCCOC(=O)C(C)CSCCCCCCCCC)CC1,-0.6484086621580379
N(CCC(=O)OCCOC(=O)C(C)CSCCCCCCCCC)(CCC(=O)OCCOC(=O)C(C)CSCCCCCCCCC)CC1CCN(C)CC1,-0.6484086621580379
N(CCC(=O)OCCOC(=O)C(C)CSCCCCCCCCC)(CCC(=O)OCCOC(=O)C(C)CSCCCCCCCCC)CCc1ncccc1,-0.6484086621580379
N(CCC(=O)OCCOC(=O)C(C)CSCCCCCCCCC)(CCC(=O)OCCOC(=O)C(C)CSCCCCCCCCC)CCN(C)C,-0.6484086621580379
N(CCC(=O)OCCOC(=O)C(C)CSCCCCCCCCCC)(CCC(=O)OCCOC(=O)C(C)CSCCCCCCCCCC)CC1CCN(C)CC1,-0.6484086621580379
N(CCC(=O)OCCOC(=O)C(C)CSCCCCCCCCCC)(CCC(=O)OCCOC(=O)C(C)CSCCCCCCCCCC)CCCN1C=NC=C1,-0.6484086621580379
CN(CCC(=O)OCCOC(=O)C(C)CSCCCCCCCCCC)CCOCCN(CCC(=O)OCCOC(=O)C(C)CSCCCCCCCCCC)C,-0.6484086621580379
CCCCCCCCN(CCC(=O)OCCOC(=O)C(C)CSCCCCCCCCCC)CCCCCCCC,-0.6484086621580379
CCCCCCCCCCN(CCC(=O)OCCOC(=O)C(C)CSCCCCCCCCCC)CCCCCCCCCC,-0.6484086621580379
OCCN1CCN(CCC(=O)OCCOC(=O)C(C)CSCCCCCCCCCCC)CC1,-0.6484086621580379
N(CCC(=O)OCCOC(=O)C(C)CSCCCCCCCCCCC)(CCC(=O)OCCOC(=O)C(C)CSCCCCCCCCCCC)CCN1CCOCC1,-0.6484086621580379
N(CCC(=O)OCCOC(=O)C(C)CSCCCCCCCCCCC)(CCC(=O)OCCOC(=O)C(C)CSCCCCCCCCCCC)CCCN1C=NC=C1,-0.6484086621580379
CCN(CCC(=O)OCCOC(=O)C(C)CSCCCCCCCCCCCC)CCN(CCC(=O)OCCOC(=O)C(C)CSCCCCCCCCCCCC)CC,-0.6484086621580379
N(CCC(=O)OCCOC(=O)C(C)CSCCCCCCCCCCCCCC)(CCC(=O)OCCOC(=O)C(C)CSCCCCCCCCCCCCCC)CCCN1C=NC=C1,-0.6484086621580379
CN(CCC(=O)OCCOC(=O)C(C)CSCCCCCCCCCCCCCC)CCCN(C)CCCN(CCC(=O)OCCOC(=O)C(C)CSCCCCCCCCCCCCCC)C,-0.6484086621580379
CN(CCC(=O)OCCOC(=O)C(C)CSCCCCCCCCCCCCCC)CCOCCN(CCC(=O)OCCOC(=O)C(C)CSCCCCCCCCCCCCCC)C,-0.6484086621580379
C1C(CCN(CCC(=O)OCCOC(=O)C(C)CSCCCCCCCCCCCCCC)(CCC(=O)OCCOC(=O)C(C)CSCCCCCCCCCCCCCC))CCN(CCC(=O)OCCOC(=O)C(C)CSCCCCCCCCCCCCCC)C1,-0.6484086621580379
N(CCC(=O)OCCOC(=O)C(C)CSCCCCCCCCCCCCCC)(CCC(=O)OCCOC(=O)C(C)CSCCCCCCCCCCCCCC)CCOCCOCCN(CCC(=O)OCCOC(=O)C(C)CSCCCCCCCCCCCCCC)CCC(=O)OCCOC(=O)C(C)CSCCCCCCCCCCCCCC,-0.6484086621580379
N(CCC(=O)OCCOC(=O)C(C)CSCCCCCCCCCCCCCC)(CCC(=O)OCCOC(=O)C(C)CSCCCCCCCCCCCCCC)CCCN(CCC(=O)OCCOC(=O)C(C)CSCCCCCCCCCCCCCC)CCCN(CCC(=O)OCCOC(=O)C(C)CSCCCCCCCCCCCCCC)CCC(=O)OCCOC(=O)C(C)CSCCCCCCCCCCCCCC,-0.6484086621580379
N(CCC(=O)OCCOC(=O)C(C)CSCCCCCCCCCCCCCC)(CCC(=O)OCCOC(=O)C(C)CSCCCCCCCCCCCCCC)CCNCCN(CCC(=O)OCCOC(=O)C(C)CSCCCCCCCCCCCCCC)CCNCCN(CCC(=O)OCCOC(=O)C(C)CSCCCCCCCCCCCCCC)CCC(=O)OCCOC(=O)C(C)CSCCCCCCCCCCCCCC,-0.6484086621580379
CN(CCC(=O)OCCOC(=O)C(C)CSCCCCCCCCCCCCCC)CCCCCCCCCCCC,-0.6484086621580379
CCCCCCCCCCCCCCCCN(CCC(=O)OCCOC(=O)C(C)CSCCCCCCCCCCCCCC)CCC(=O)OCCOC(=O)C(C)CSCCCCCCCCCCCCCC,-0.6484086621580379
N(CCC(=O)OCCOC(=O)C(C)CSCCCCCCCCCCCCCCCC)(CCC(=O)OCCOC(=O)C(C)CSCCCCCCCCCCCCCCCC)CCCN1CCN(C)CC1,-0.6484086621580379
OCCN(CCC(=O)OCCOC(=O)C(C)CSCCCCCCCCCCCCCCCC)CCCN(CCC(=O)OCCOC(=O)C(C)CSCCCCCCCCCCCCCCCC)CCC(=O)OCCOC(=O)C(C)CSCCCCCCCCCCCCCCCC,-0.6484086621580379
N(CCC(=O)OCCOC(=O)C(C)CSCCCCCCCCCCCCCCCC)(CCC(=O)OCCOC(=O)C(C)CSCCCCCCCCCCCCCCCC)CCCN(CCC(=O)OCCOC(=O)C(C)CSCCCCCCCCCCCCCCCC)CCCNCCCN(CCC(=O)OCCOC(=O)C(C)CSCCCCCCCCCCCCCCCC)CCC(=O)OCCOC(=O)C(C)CSCCCCCCCCCCCCCCCC,-0.6484086621580379
N(CCN(CCC(=O)OCCOC(=O)C(C)CSCCCCCCCCCCCCCCCC)(CCC(=O)OCCOC(=O)C(C)CSCCCCCCCCCCCCCCCC))(CCN(CCC(=O)OCCOC(=O)C(C)CSCCCCCCCCCCCCCCCC)(CCC(=O)OCCOC(=O)C(C)CSCCCCCCCCCCCCCCCC))CCN(CCC(=O)OCCOC(=O)C(C)CSCCCCCCCCCCCCCCCC)CCC(=O)OCCOC(=O)C(C)CSCCCCCCCCCCCCCCCC,-0.6484086621580379
CCCCCCCCCCCCN(CCC(=O)OCCOC(=O)C(C)CSCCCCCCCCCCCCCCCC)CCC(=O)OCCOC(=O)C(C)CSCCCCCCCCCCCCCCCC,-0.6484086621580379
C1N(C)CCN(CCC(=O)OCCOC(=O)C(C)CSCCCCCCCCCCCCCCCCCC)C1,-0.6484086621580379
N(CCC(=O)OCCOC(=O)C(C)CSCCCCCCCCCCCCCCCCCC)(CCC(=O)OCCOC(=O)C(C)CSCCCCCCCCCCCCCCCCCC)CCCN1C=NC=C1,-0.6484086621580379
CN(CCC(=O)OCCOC(=O)C(C)CSCCCCCCCCCCCCCCCCCC)CCCN(C)CCCN(CCC(=O)OCCOC(=O)C(C)CSCCCCCCCCCCCCCCCCCC)C,-0.6484086621580379
C1C(CN(CCC(=O)OCCOC(=O)C(C)CSCCCCCCCCCCCCCCCCCC)(CCC(=O)OCCOC(=O)C(C)CSCCCCCCCCCCCCCCCCCC))CCN(CCC(=O)OCCOC(=O)C(C)CSCCCCCCCCCCCCCCCCCC)C1,-0.6484086621580379
N(CCC(=O)OCCOC(=O)C(C)CSCCCCCCCCCCCCCCCCCC)(CCC(=O)OCCOC(=O)C(C)CSCCCCCCCCCCCCCCCCCC)CCCN1CCN(CCCN(CCC(=O)OCCOC(=O)C(C)CSCCCCCCCCCCCCCCCCCC)(CCC(=O)OCCOC(=O)C(C)CSCCCCCCCCCCCCCCCCCC))CC1,-0.6484086621580379
N(CCC(=O)OCCOC(=O)C(C)CSCCCCCCCCCCCCCCCCCC)(CCC(=O)OCCOC(=O)C(C)CSCCCCCCCCCCCCCCCCCC)CCCN(C)CCCN(CCC(=O)OCCOC(=O)C(C)CSCCCCCCCCCCCCCCCCCC)(CCC(=O)OCCOC(=O)C(C)CSCCCCCCCCCCCCCCCCCC),-0.6484086621580379
CCCCCCCCCCCCCCCCCCN(CCC(=O)OCCOC(=O)C(C)CSCCCCCCCCCCCCCCCCCC)CCC(=O)OCCOC(=O)C(C)CSCCCCCCCCCCCCCCCCCC,-0.6484086621580379
CN(C)CCN1CCN(CCC(=O)OCCOC(=O)C(C)CSCCc5ccccc5)CC1,-0.6484086621580379
CN(C)CCCN(CCC(=O)OCCOC(=O)C(C)CSCCc5ccccc5)C,-0.6484086621580379
N(CCC(=O)OCCOC(=O)C(C)CSCCc5ccccc5)(CCC(=O)OCCOC(=O)C(C)CSCCc5ccccc5)CCCN1C=NC=C1,-0.6484086621580379
C1C(CN(CCC(=O)OCCOC(=O)C(C)CSCCc5ccccc5)(CCC(=O)OCCOC(=O)C(C)CSCCc5ccccc5))CCN(CCC(=O)OCCOC(=O)C(C)CSCCc5ccccc5)C1,-0.6484086621580379
OCCN(CCC(=O)OCCOC(=O)C(C)CSCCc5ccccc5)CCCN(CCC(=O)OCCOC(=O)C(C)CSCCc5ccccc5)CCC(=O)OCCOC(=O)C(C)CSCCc5ccccc5,-0.6484086621580379
CN(C)CCN1CCN(CCC(=O)OCCOC(=O)C(C)CSCCC(O)=O)CC1,-0.6484086621580379
OCCN1CCN(CCC(=O)OCCOC(=O)C(C)CSCCC(O)=O)CC1,-0.6484086621580379
N(CCC(=O)OCCOC(=O)C(C)CSCCC(O)=O)(CCC(=O)OCCOC(=O)C(C)CSCCC(O)=O)CC1CCN(C)CC1,-0.6484086621580379
N(CCC(=O)OCCOC(=O)C(C)CSCCC(O)=O)(CCC(=O)OCCOC(=O)C(C)CSCCC(O)=O)CCCN1CCN(C)CC1,-0.6484086621580379
CN(CCC(=O)OCCOC(=O)C(C)CSCCC(O)=O)CCCN(C)CCCN(CCC(=O)OCCOC(=O)C(C)CSCCC(O)=O)C,-0.6484086621580379
N(CCC(=O)OCCOC(=O)C(C)CSCCC(O)=O)(CCC(=O)OCCOC(=O)C(C)CSCCC(O)=O)CCN(CCC(=O)OCCOC(=O)C(C)CSCCC(O)=O)CCN(CCC(=O)OCCOC(=O)C(C)CSCCC(O)=O)CCNCCN(CCC(=O)OCCOC(=O)C(C)CSCCC(O)=O)CCC(=O)OCCOC(=O)C(C)CSCCC(O)=O,-0.6484086621580379
CCCCCCCCN(CCC(=O)OCCOC(=O)C(C)CSCCC(O)=O)CCCCCCCC,-0.6484086621580379
CCCCCCCCN(CCC(=O)OCCOC(=O)C(C)CSCCC(O)=O)CCC(=O)OCCOC(=O)C(C)CSCCC(O)=O,-0.6484086621580379
OCCN(CCC(=O)OCCOC(=O)C(C)CSCCCCCC(O)=O)CCCN(CCC(=O)OCCOC(=O)C(C)CSCCCCCC(O)=O)CCC(=O)OCCOC(=O)C(C)CSCCCCCC(O)=O,-0.6484086621580379
N(CCN(CCC(=O)OCCOC(=O)C(C)CSCCCCCC(O)=O)C)(CCN(CCC(=O)OCCOC(=O)C(C)CSCCCCCC(O)=O)C)CCN(CCC(=O)OCCOC(=O)C(C)CSCCCCCC(O)=O)C,-0.6484086621580379
CCCCCCCCCCCCCCN(CCC(=O)OCCOC(=O)C(C)CSCCCCCC(O)=O)CCC(=O)OCCOC(=O)C(C)CSCCCCCC(O)=O,-0.6484086621580379
CCCCCCCCCCCCCCCCN(CCC(=O)OCCOC(=O)C(C)CSCCCCCC(O)=O)CCC(=O)OCCOC(=O)C(C)CSCCCCCC(O)=O,-0.6484086621580379
N(CCC(=O)OCCOC(=O)C(C)CSCCCCCCCCCCC(O)=O)(CCC(=O)OCCOC(=O)C(C)CSCCCCCCCCCCC(O)=O)CCN1CCCC1,-0.6484086621580379
N(CCC(=O)OCCOC(=O)C(C)CSCCCCCCCCCCC(O)=O)(CCC(=O)OCCOC(=O)C(C)CSCCCCCCCCCCC(O)=O)CCC1N(C)CCC1,-0.6484086621580379
C1C(CCN(CCC(=O)OCCOC(=O)C(C)CSCCCCCCCCCCC(O)=O)(CCC(=O)OCCOC(=O)C(C)CSCCCCCCCCCCC(O)=O))CCN(CCC(=O)OCCOC(=O)C(C)CSCCCCCCCCCCC(O)=O)C1,-0.6484086621580379
N(CCC(=O)OCCOC(=O)C(C)CSCCCCCCCCCCC(O)=O)(CCC(=O)OCCOC(=O)C(C)CSCCCCCCCCCCC(O)=O)CCCN1CCN(CCCN(CCC(=O)OCCOC(=O)C(C)CSCCCCCCCCCCC(O)=O)(CCC(=O)OCCOC(=O)C(C)CSCCCCCCCCCCC(O)=O))CC1,-0.6484086621580379
N(CCC(=O)OCCOC(=O)C(C)CSCCCCCCCCCCC(O)=O)(CCC(=O)OCCOC(=O)C(C)CSCCCCCCCCCCC(O)=O)CCCN(CCC(=O)OCCOC(=O)C(C)CSCCCCCCCCCCC(O)=O)CCCN(CCC(=O)OCCOC(=O)C(C)CSCCCCCCCCCCC(O)=O)CCCN(CCC(=O)OCCOC(=O)C(C)CSCCCCCCCCCCC(O)=O)CCC(=O)OCCOC(=O)C(C)CSCCCCCCCCCCC(O)=O,-0.6484086621580379
CN(C)CCN(CCC(=O)OCCOC(=O)C(C)CSCCO)C,-0.6484086621580379
CN(CCC(=O)OCCOC(=O)C(C)CSCCO)CCOCCN(CCC(=O)OCCOC(=O)C(C)CSCCO)C,-0.6484086621580379
CN(C)CCCN(CCC(=O)OCCOC(=O)C(C)CSCCO)CCCN(CCC(=O)OCCOC(=O)C(C)CSCCO)CCC(=O)OCCOC(=O)C(C)CSCCO,-0.6484086621580379
N(CCC(=O)OCCOC(=O)C(C)CSCCO)(CCC(=O)OCCOC(=O)C(C)CSCCO)CCCN1CCN(CCCN(CCC(=O)OCCOC(=O)C(C)CSCCO)(CCC(=O)OCCOC(=O)C(C)CSCCO))CC1,-0.6484086621580379
c1c(CN(CCC(=O)OCCOC(=O)C(C)CSCCO)(CCC(=O)OCCOC(=O)C(C)CSCCO))ccc(CN(CCC(=O)OCCOC(=O)C(C)CSCCO)(CCC(=O)OCCOC(=O)C(C)CSCCO))c1,-0.6484086621580379
N(CCC(=O)OCCOC(=O)C(C)CSCCO)(CCC(=O)OCCOC(=O)C(C)CSCCO)CCCN(C)CCCN(CCC(=O)OCCOC(=O)C(C)CSCCO)(CCC(=O)OCCOC(=O)C(C)CSCCO),-0.6484086621580379
N(CCN(CCC(=O)OCCOC(=O)C(C)CSCCO)(CCC(=O)OCCOC(=O)C(C)CSCCO))(CCN(CCC(=O)OCCOC(=O)C(C)CSCCO)(CCC(=O)OCCOC(=O)C(C)CSCCO))CCNCCC(=O)OCCOC(=O)C(C)CSCCO,-0.6484086621580379
N(CCC(=O)OCCOC(=O)C(C)CSCCO)(CCC(=O)OCCOC(=O)C(C)CSCCO)CCN(CCC(=O)OCCOC(=O)C(C)CSCCO)CCN(CCC(=O)OCCOC(=O)C(C)CSCCO)CCNCCN(CCC(=O)OCCOC(=O)C(C)CSCCO)CCC(=O)OCCOC(=O)C(C)CSCCO,-0.6484086621580379
CN(C)CCCN(CCC(=O)OCCOC(=O)C(C)CSCC(O)CO)C,-0.6484086621580379
N(CCC(=O)OCCOC(=O)C(C)CSCC(O)CO)(CCC(=O)OCCOC(=O)C(C)CSCC(O)CO)CC1CCN(C)CC1,-0.6484086621580379
N(CCC(=O)OCCOC(=O)C(C)CSCC(O)CO)(CCC(=O)OCCOC(=O)C(C)CSCC(O)CO)CCN1CCCC1,-0.6484086621580379
CN(CCC(=O)OCCOC(=O)C(C)CSCC(O)CO)CCCN(C)CCCN(CCC(=O)OCCOC(=O)C(C)CSCC(O)CO)C,-0.6484086621580379
N(CCC(=O)OCCOC(=O)C(C)CSCC(O)CO)(CCC(=O)OCCOC(=O)C(C)CSCC(O)CO)CCCN(CCC(=O)OCCOC(=O)C(C)CSCC(O)CO)CCCN(CCC(=O)OCCOC(=O)C(C)CSCC(O)CO)CCCN(CCC(=O)OCCOC(=O)C(C)CSCC(O)CO)CCC(=O)OCCOC(=O)C(C)CSCC(O)CO,-0.6484086621580379
CN(CCC(=O)OCCOC(=O)C(C)CSCC(O)CO)CCCCCCCCCCCC,-0.6484086621580379
CCCCCCCCCCN(CCC(=O)OCCOC(=O)C(C)CSCC(O)CO)CCC(=O)OCCOC(=O)C(C)CSCC(O)CO,-0.6484086621580379
CCCCCCCCCCCCN(CCC(=O)OCCOC(=O)C(C)CSCC(O)CO)CCC(=O)OCCOC(=O)C(C)CSCC(O)CO,-0.6484086621580379
CN(C)CCN(CCC(=O)OCCOC(=O)C(C)CSCCCO)C,-0.6484086621580379
CN(CCC(=O)OCCOC(=O)C(C)CSCCCO)CCCCCCCCCCCC,-0.6484086621580379
CCCCCCCCN(CCC(=O)OCCOC(=O)C(C)CSCCCO)CCCCCCCC,-0.6484086621580379
CN(C)CCN(CCC(=O)OCCOC(=O)C(C)CSCCCCO)C,-0.6484086621580379
N(CCC(=O)OCCOC(=O)C(C)CSCCCCO)(CCC(=O)OCCOC(=O)C(C)CSCCCCO)CCCN1C=NC=C1,-0.6484086621580379
CCN(CCC(=O)OCCOC(=O)C(C)CSCCCCO)CCN(CCC(=O)OCCOC(=O)C(C)CSCCCCO)CC,-0.6484086621580379
N(CCC(=O)OCCOC(=O)C(C)CSCCCCO)(CCC(=O)OCCOC(=O)C(C)CSCCCCO)CCCN1CCN(CCCN(CCC(=O)OCCOC(=O)C(C)CSCCCCO)(CCC(=O)OCCOC(=O)C(C)CSCCCCO))CC1,-0.6484086621580379
CCCCCCCCCCN(CCC(=O)OCCOC(=O)C(C)CSCCCCO)CCCCCCCCCC,-0.6484086621580379
N(CCC(=O)OCCOC(=O)C(C)CSCCCCCCO)(CCC(=O)OCCOC(=O)C(C)CSCCCCCCO)CCC1N(C)CCC1,-0.6484086621580379
N(CCC(=O)OCCOC(=O)C(C)CSCCCCCCO)(CCC(=O)OCCOC(=O)C(C)CSCCCCCCO)CCN1CCOCC1,-0.6484086621580379
N(CCC(=O)OCCOC(=O)C(C)CSCCCCCCO)(CCC(=O)OCCOC(=O)C(C)CSCCCCCCO)CCCN1C=NC=C1,-0.6484086621580379
OCCN(CCC(=O)OCCOC(=O)C(C)CSCCCCCCO)CCCN(CCC(=O)OCCOC(=O)C(C)CSCCCCCCO)CCC(=O)OCCOC(=O)C(C)CSCCCCCCO,-0.6484086621580379
N(CCC(=O)OCCOC(=O)C(C)CSCCCCCCO)(CCC(=O)OCCOC(=O)C(C)CSCCCCCCO)CCCN1CCN(CCCN(CCC(=O)OCCOC(=O)C(C)CSCCCCCCO)(CCC(=O)OCCOC(=O)C(C)CSCCCCCCO))CC1,-0.6484086621580379
N(CCC(=O)OCCOC(=O)C(C)CSCCCCCCO)(CCC(=O)OCCOC(=O)C(C)CSCCCCCCO)CCCN(C)CCCN(CCC(=O)OCCOC(=O)C(C)CSCCCCCCO)(CCC(=O)OCCOC(=O)C(C)CSCCCCCCO),-0.6484086621580379
N(CCN(CCC(=O)OCCOC(=O)C(C)CSCCCCCCO)(CCC(=O)OCCOC(=O)C(C)CSCCCCCCO))(CCN(CCC(=O)OCCOC(=O)C(C)CSCCCCCCO)(CCC(=O)OCCOC(=O)C(C)CSCCCCCCO))CCNCCC(=O)OCCOC(=O)C(C)CSCCCCCCO,-0.6484086621580379
CCCCCCCCCCN(CCC(=O)OCCOC(=O)C(C)CSCCCCCCO)CCCCCCCCCC,-0.6484086621580379
CCCCCCCCN(CCC(=O)OCCOC(=O)C(C)CSCCCCCCO)CCC(=O)OCCOC(=O)C(C)CSCCCCCCO,-0.6484086621580379
CCCCCCCCCCN(CCC(=O)OCCOC(=O)C(C)CSCCCCCCO)CCC(=O)OCCOC(=O)C(C)CSCCCCCCO,-0.6484086621580379
CCCCCCCCCCCCN(CCC(=O)OCCOC(=O)C(C)CSCCCCCCO)CCC(=O)OCCOC(=O)C(C)CSCCCCCCO,-0.6484086621580379
OCCN1CCN(CCC(=O)OCCOC(=O)C(C)CSCCCCCCCCCCCO)CC1,-0.6484086621580379
CN(C)CCCN(CCC(=O)OCCOC(=O)C(C)CSCCCCCCCCCCCO)C,-0.6484086621580379
N(CCC(=O)OCCOC(=O)C(C)CSCCCCCCCCCCCO)(CCC(=O)OCCOC(=O)C(C)CSCCCCCCCCCCCO)CCC1N(C)CCC1,-0.6484086621580379
C1C(CCN(CCC(=O)OCCOC(=O)C(C)CSCCCCCCCCCCCO)(CCC(=O)OCCOC(=O)C(C)CSCCCCCCCCCCCO))CCN(CCC(=O)OCCOC(=O)C(C)CSCCCCCCCCCCCO)C1,-0.6484086621580379
CCCCCCCCN(CCC(=O)OCCOC(=O)C(C)CSCCCCCCCCCCCO)CCCCCCCC,-0.6484086621580379
CCCCCCCCCCCCN(CCC(=O)OCCOC(=O)C(C)CSCCCCCCCCCCCO)CCC(=O)OCCOC(=O)C(C)CSCCCCCCCCCCCO,-0.6484086621580379
CCCCCCCCCCCCCCN(CCC(=O)OCCOC(=O)C(C)CSCCCCCCCCCCCO)CCC(=O)OCCOC(=O)C(C)CSCCCCCCCCCCCO,-0.6484086621580379
CN(C)CCCN(CCC(=O)OCCOC(=O)C(C)CSCCN(C)C)C,-0.6484086621580379
N(CCC(=O)OCCOC(=O)C(C)CSCCN(C)C)(CCC(=O)OCCOC(=O)C(C)CSCCN(C)C)CCCN1C=NC=C1,-0.6484086621580379
CCCCCCCCCCN(CCC(=O)OCCOC(=O)C(C)CSCCN(C)C)CCC(=O)OCCOC(=O)C(C)CSCCN(C)C,-0.6484086621580379
CCCCCCCCCCCCCCCCCCN(CCC(=O)OCCOC(=O)C(C)CSCCN(C)C)CCC(=O)OCCOC(=O)C(C)CSCCN(C)C,-0.6484086621580379
CN(C)CCN1CCN(CCC(=O)OCCOC(=O)C(C)CSCCNCCCC)CC1,-0.6484086621580379
OCCN1CCN(CCC(=O)OCCOC(=O)C(C)CSCCNCCCC)CC1,-0.6484086621580379
N(CCC(=O)OCCOC(=O)C(C)CSCCNCCCC)(CCC(=O)OCCOC(=O)C(C)CSCCNCCCC)CCc1ncccc1,-0.6484086621580379
N(CCC(=O)OCCOC(=O)C(C)CSCCNCCCC)(CCC(=O)OCCOC(=O)C(C)CSCCNCCCC)CCCN1C=NC=C1,-0.6484086621580379
C1C(CCN(CCC(=O)OCCOC(=O)C(C)CSCCNCCCC)(CCC(=O)OCCOC(=O)C(C)CSCCNCCCC))CCN(CCC(=O)OCCOC(=O)C(C)CSCCNCCCC)C1,-0.6484086621580379
CCCCCCCCN(CCC(=O)OCCOC(=O)C(C)CSCCNCCCC)CCC(=O)OCCOC(=O)C(C)CSCCNCCCC,-0.6484086621580379
C1N(C)CCN(CCC(=O)OCCOC(=O)C(C)CSCCN(CC)CC)C1,-0.6484086621580379
N(CCC(=O)OCCOC(=O)C(C)CSCCN(CC)CC)(CCC(=O)OCCOC(=O)C(C)CSCCN(CC)CC)CCN1CCCC1,-0.6484086621580379
CCN(CCC(=O)OCCOC(=O)C(C)CSCCN(CC)CC)CCN(CCC(=O)OCCOC(=O)C(C)CSCCN(CC)CC)CC,-0.6484086621580379
CN(CCC(=O)OCCOC(=O)C(C)CSCCN(CC)CC)CCCN(C)CCCN(CCC(=O)OCCOC(=O)C(C)CSCCN(CC)CC)C,-0.6484086621580379
OCCN(CCC(=O)OCCOC(=O)C(C)CSCCN(CC)CC)CCCN(CCC(=O)OCCOC(=O)C(C)CSCCN(CC)CC)CCC(=O)OCCOC(=O)C(C)CSCCN(CC)CC,-0.6484086621580379
N(CCC(=O)OCCOC(=O)C(C)CSCCN(CC)CC)(CCC(=O)OCCOC(=O)C(C)CSCCN(CC)CC)CCCN(C)CCCN(CCC(=O)OCCOC(=O)C(C)CSCCN(CC)CC)(CCC(=O)OCCOC(=O)C(C)CSCCN(CC)CC),-0.6484086621580379
N(CCC(=O)OCCOC(=O)C(C)CSCCN(CC)CC)(CCC(=O)OCCOC(=O)C(C)CSCCN(CC)CC)CCNCCN(CCC(=O)OCCOC(=O)C(C)CSCCN(CC)CC)CCNCCN(CCC(=O)OCCOC(=O)C(C)CSCCN(CC)CC)CCC(=O)OCCOC(=O)C(C)CSCCN(CC)CC,-0.6484086621580379
CN(CCC(=O)OCCOC(=O)C(C)CSCCN(CC)CC)CCCCCCCCCCCC,-0.6484086621580379
CCCCCCCCN(CCC(=O)OCCOC(=O)C(C)CSCCN(CC)CC)CCCCCCCC,-0.6484086621580379
CCCCCCCCCCN(CCC(=O)OCCOC(=O)C(C)CSCCN(CC)CC)CCCCCCCCCC,-0.6484086621580379
CCCCCCCCCCCCCCN(CCC(=O)OCCOC(=O)C(C)CSCCN(CC)CC)CCC(=O)OCCOC(=O)C(C)CSCCN(CC)CC,-0.6484086621580379
CCCCCCCCCCCCCCCCCCN(CCC(=O)OCCOC(=O)C(C)CSCCN(CC)CC)CCC(=O)OCCOC(=O)C(C)CSCCN(CC)CC,-0.6484086621580379
CN(C)CCN1CCN(CCC(=O)OCCOC(=O)C(C)CSCCN5CCCC5)CC1,-0.6484086621580379
CN(C)CCN(CCC(=O)OCCOC(=O)C(C)CSCCN5CCCC5)C,-0.6484086621580379
N(CCC(=O)OCCOC(=O)C(C)CSCCN5CCCC5)(CCC(=O)OCCOC(=O)C(C)CSCCN5CCCC5)CCC1N(C)CCC1,-0.6484086621580379
N(CCC(=O)OCCOC(=O)C(C)CSCCN5CCCC5)(CCC(=O)OCCOC(=O)C(C)CSCCN5CCCC5)CCCN1C=NC=C1,-0.6484086621580379
N(CCC(=O)OCCOC(=O)C(C)CSCCN5CCCC5)(CCC(=O)OCCOC(=O)C(C)CSCCN5CCCC5)CCN(C)C,-0.6484086621580379
CCN(CCC(=O)OCCOC(=O)C(C)CSCCN5CCCC5)CCN(CCC(=O)OCCOC(=O)C(C)CSCCN5CCCC5)CC,-0.6484086621580379
CN(CCC(=O)OCCOC(=O)C(C)CSCCN5CCCC5)CCCN(C)CCCN(CCC(=O)OCCOC(=O)C(C)CSCCN5CCCC5)C,-0.6484086621580379
C1C(CCN(CCC(=O)OCCOC(=O)C(C)CSCCN5CCCC5)(CCC(=O)OCCOC(=O)C(C)CSCCN5CCCC5))CCN(CCC(=O)OCCOC(=O)C(C)CSCCN5CCCC5)C1,-0.6484086621580379
CN(C)CCCN(CCC(=O)OCCOC(=O)C(C)CSCCN5CCCC5)CCCN(CCC(=O)OCCOC(=O)C(C)CSCCN5CCCC5)CCC(=O)OCCOC(=O)C(C)CSCCN5CCCC5,-0.6484086621580379
OCCN(CCC(=O)OCCOC(=O)C(C)CSCCN5CCCC5)CCCN(CCC(=O)OCCOC(=O)C(C)CSCCN5CCCC5)CCC(=O)OCCOC(=O)C(C)CSCCN5CCCC5,-0.6484086621580379
N(CCC(=O)OCCOC(=O)C(C)CSCCN5CCCC5)(CCC(=O)OCCOC(=O)C(C)CSCCN5CCCC5)CCCN(CCC(=O)OCCOC(=O)C(C)CSCCN5CCCC5)CCCN(CCC(=O)OCCOC(=O)C(C)CSCCN5CCCC5)CCCN(CCC(=O)OCCOC(=O)C(C)CSCCN5CCCC5)CCC(=O)OCCOC(=O)C(C)CSCCN5CCCC5,-0.6484086621580379
CN(CCC(=O)OCCOC(=O)C(C)CSCCN5CCCC5)CCCCCCCCCCCC,-0.6484086621580379
CCCCCCCCN(CCC(=O)OCCOC(=O)C(C)CSCCN5CCCC5)CCC(=O)OCCOC(=O)C(C)CSCCN5CCCC5,-0.6484086621580379
OCCN1CCN(CCC(=O)OCCOC(=O)C(C)CSCCN5CCCCC5)CC1,-0.6484086621580379
CN(C)CCCN(CCC(=O)OCCOC(=O)C(C)CSCCN5CCCCC5)C,-0.6484086621580379
N(CCC(=O)OCCOC(=O)C(C)CSCCN5CCCCC5)(CCC(=O)OCCOC(=O)C(C)CSCCN5CCCCC5)CCCN1CCN(C)CC1,-0.6484086621580379
N(CCC(=O)OCCOC(=O)C(C)CSCCN5CCCCC5)(CCC(=O)OCCOC(=O)C(C)CSCCN5CCCCC5)CCN1CCCCC1,-0.6484086621580379
N(CCC(=O)OCCOC(=O)C(C)CSCCN5CCCCC5)(CCC(=O)OCCOC(=O)C(C)CSCCN5CCCCC5)CCN1CCOCC1,-0.6484086621580379
N(CCC(=O)OCCOC(=O)C(C)CSCCN5CCCCC5)(CCC(=O)OCCOC(=O)C(C)CSCCN5CCCCC5)CCCN1C=NC=C1,-0.6484086621580379
N(CCC(=O)OCCOC(=O)C(C)CSCCN5CCCCC5)(CCC(=O)OCCOC(=O)C(C)CSCCN5CCCCC5)CCN(C)C,-0.6484086621580379
OCCN(CCC(=O)OCCOC(=O)C(C)CSCCN5CCCCC5)CCCN(CCC(=O)OCCOC(=O)C(C)CSCCN5CCCCC5)CCC(=O)OCCOC(=O)C(C)CSCCN5CCCCC5,-0.6484086621580379
CCCCCCCCN(CCC(=O)OCCOC(=O)C(C)CSCCN5CCCCC5)CCCCCCCC,-0.6484086621580379
CN(C)CCN1CCN(CCC(=O)OCCOC(=O)C(C)CSCCN5CCCCCC5)CC1,-0.6484086621580379
N(CCC(=O)OCCOC(=O)C(C)CSCCN5CCCCCC5)(CCC(=O)OCCOC(=O)C(C)CSCCN5CCCCCC5)CCCN1CCN(C)CC1,-0.6484086621580379
N(CCC(=O)OCCOC(=O)C(C)CSCCN5CCCCCC5)(CCC(=O)OCCOC(=O)C(C)CSCCN5CCCCCC5)CCCN1C=NC=C1,-0.6484086621580379
N(CCC(=O)OCCOC(=O)C(C)CSCCN5CCCCCC5)(CCC(=O)OCCOC(=O)C(C)CSCCN5CCCCCC5)CCOCCOCCN(CCC(=O)OCCOC(=O)C(C)CSCCN5CCCCCC5)CCC(=O)OCCOC(=O)C(C)CSCCN5CCCCCC5,-0.6484086621580379
N(CCC(=O)OCCOC(=O)C(C)CSCCN5CCCCCC5)(CCC(=O)OCCOC(=O)C(C)CSCCN5CCCCCC5)CCCN(CCC(=O)OCCOC(=O)C(C)CSCCN5CCCCCC5)CCCN(CCC(=O)OCCOC(=O)C(C)CSCCN5CCCCCC5)CCC(=O)OCCOC(=O)C(C)CSCCN5CCCCCC5,-0.6484086621580379
CCCCCCCCN(CCC(=O)OCCOC(=O)C(C)CSCCN5CCCCCC5)CCCCCCCC,-0.6484086621580379
CCCCCCCCN(CCC(=O)OCCOC(=O)C(C)CSCCN5CCCCCC5)CCC(=O)OCCOC(=O)C(C)CSCCN5CCCCCC5,-0.6484086621580379
N(CCC(=O)OCCOC(=O)C(C)CSCCN(CCC)CCC)(CCC(=O)OCCOC(=O)C(C)CSCCN(CCC)CCC)CCN1CCCCC1,-0.6484086621580379
N(CCC(=O)OCCOC(=O)C(C)CSCCN(CCC)CCC)(CCC(=O)OCCOC(=O)C(C)CSCCN(CCC)CCC)CCN1CCOCC1,-0.6484086621580379
OCCN(CCC(=O)OCCOC(=O)C(C)CSCCN(CCC)CCC)CCCN(CCC(=O)OCCOC(=O)C(C)CSCCN(CCC)CCC)CCC(=O)OCCOC(=O)C(C)CSCCN(CCC)CCC,-0.6484086621580379
N(CCC(=O)OCCOC(=O)C(C)CSCCN(CCC)CCC)(CCC(=O)OCCOC(=O)C(C)CSCCN(CCC)CCC)CCCN(C)CCCN(CCC(=O)OCCOC(=O)C(C)CSCCN(CCC)CCC)(CCC(=O)OCCOC(=O)C(C)CSCCN(CCC)CCC),-0.6484086621580379
CCCCCCCCCCN(CCC(=O)OCCOC(=O)C(C)CSCCN(CCC)CCC)CCCCCCCCCC,-0.6484086621580379
C1N(C)CCN(CCC(=O)OCCOC(=O)C(C)CSCCN(CCCC)CCCC)C1,-0.6484086621580379
CN(C)CCN(CCC(=O)OCCOC(=O)C(C)CSCCN(CCCC)CCCC)C,-0.6484086621580379
N(CCC(=O)OCCOC(=O)C(C)CSCCN(CCCC)CCCC)(CCC(=O)OCCOC(=O)C(C)CSCCN(CCCC)CCCC)CCC1N(C)CCC1,-0.6484086621580379
N(CCC(=O)OCCOC(=O)C(C)CSCCN(CCCC)CCCC)(CCC(=O)OCCOC(=O)C(C)CSCCN(CCCC)CCCC)CCCN1C=NC=C1,-0.6484086621580379
CCN(CCC(=O)OCCOC(=O)C(C)CSCCN(CCCC)CCCC)CCN(CCC(=O)OCCOC(=O)C(C)CSCCN(CCCC)CCCC)CC,-0.6484086621580379
CN(CCC(=O)OCCOC(=O)C(C)CSCCN(CCCC)CCCC)CCOCCN(CCC(=O)OCCOC(=O)C(C)CSCCN(CCCC)CCCC)C,-0.6484086621580379
c1c(CN(CCC(=O)OCCOC(=O)C(C)CSCCN(CCCC)CCCC)(CCC(=O)OCCOC(=O)C(C)CSCCN(CCCC)CCCC))ccc(CN(CCC(=O)OCCOC(=O)C(C)CSCCN(CCCC)CCCC)(CCC(=O)OCCOC(=O)C(C)CSCCN(CCCC)CCCC))c1,-0.6484086621580379
N(CCC(=O)OCCOC(=O)C(C)CSCCN(CCCC)CCCC)(CCC(=O)OCCOC(=O)C(C)CSCCN(CCCC)CCCC)CCCN(CCC(=O)OCCOC(=O)C(C)CSCCN(CCCC)CCCC)CCCN(CCC(=O)OCCOC(=O)C(C)CSCCN(CCCC)CCCC)CCC(=O)OCCOC(=O)C(C)CSCCN(CCCC)CCCC,-0.6484086621580379
N(CCC(=O)OCCOC(=O)C(C)CSCCN(CCCC)CCCC)(CCC(=O)OCCOC(=O)C(C)CSCCN(CCCC)CCCC)CCN(CCC(=O)OCCOC(=O)C(C)CSCCN(CCCC)CCCC)CCN(CCC(=O)OCCOC(=O)C(C)CSCCN(CCCC)CCCC)CCNCCN(CCC(=O)OCCOC(=O)C(C)CSCCN(CCCC)CCCC)CCC(=O)OCCOC(=O)C(C)CSCCN(CCCC)CCCC,-0.6484086621580379
CCCCCCCCN(CCC(=O)OCCOC(=O)C(C)CSCCN(CCCC)CCCC)CCC(=O)OCCOC(=O)C(C)CSCCN(CCCC)CCCC,-0.6484086621580379
CCCCCCCCCCCCN(CCC(=O)OCCOC(=O)C(C)CSCCN(CCCC)CCCC)CCC(=O)OCCOC(=O)C(C)CSCCN(CCCC)CCCC,-0.6484086621580379
CN(C)CCN(CCC(=O)OCCOC(=O)C(C)CSCCCC(=O)N5CCN(CCO)CC5)C,-0.6484086621580379
N(CCC(=O)OCCOC(=O)C(C)CSCCCC(=O)N5CCN(CCO)CC5)(CCC(=O)OCCOC(=O)C(C)CSCCCC(=O)N5CCN(CCO)CC5)CCCN1CCN(C)CC1,-0.6484086621580379
N(CCC(=O)OCCOC(=O)C(C)CSCCCC(=O)N5CCN(CCO)CC5)(CCC(=O)OCCOC(=O)C(C)CSCCCC(=O)N5CCN(CCO)CC5)CCc1ncccc1,-0.6484086621580379
C1C(CN(CCC(=O)OCCOC(=O)C(C)CSCCCC(=O)N5CCN(CCO)CC5)(CCC(=O)OCCOC(=O)C(C)CSCCCC(=O)N5CCN(CCO)CC5))CCN(CCC(=O)OCCOC(=O)C(C)CSCCCC(=O)N5CCN(CCO)CC5)C1,-0.6484086621580379
CCCCCCCCCCCCCCCCN(CCC(=O)OCCOC(=O)C(C)CSCCCC(=O)N5CCN(CCO)CC5)CCC(=O)OCCOC(=O)C(C)CSCCCC(=O)N5CCN(CCO)CC5,-0.6484086621580379
CN(C)CCN1CCN(CCC(=O)OCCOC(=O)C(C)CSCCCC(=O)N(C)CCCN(C)C)CC1,-0.6484086621580379
N(CCC(=O)OCCOC(=O)C(C)CSCCCC(=O)N(C)CCCN(C)C)(CCC(=O)OCCOC(=O)C(C)CSCCCC(=O)N(C)CCCN(C)C)CCc1ncccc1,-0.6484086621580379
N(CCC(=O)OCCOC(=O)C(C)CSCCCC(=O)N(C)CCCN(C)C)(CCC(=O)OCCOC(=O)C(C)CSCCCC(=O)N(C)CCCN(C)C)CCCN1CCN(CCCN(CCC(=O)OCCOC(=O)C(C)CSCCCC(=O)N(C)CCCN(C)C)(CCC(=O)OCCOC(=O)C(C)CSCCCC(=O)N(C)CCCN(C)C))CC1,-0.6484086621580379
N(CCC(=O)OCCOC(=O)C(C)CSCCCC(=O)N(C)CCCN(C)C)(CCC(=O)OCCOC(=O)C(C)CSCCCC(=O)N(C)CCCN(C)C)CCNCCN(CCC(=O)OCCOC(=O)C(C)CSCCCC(=O)N(C)CCCN(C)C)CCNCCN(CCC(=O)OCCOC(=O)C(C)CSCCCC(=O)N(C)CCCN(C)C)CCC(=O)OCCOC(=O)C(C)CSCCCC(=O)N(C)CCCN(C)C,-0.6484086621580379
N(CCC(=O)OCCOC(=O)C(C)CSCCCC(=O)N(C)CCCN(C)C)(CCC(=O)OCCOC(=O)C(C)CSCCCC(=O)N(C)CCCN(C)C)CCCN(CCC(=O)OCCOC(=O)C(C)CSCCCC(=O)N(C)CCCN(C)C)CCCNCCCN(CCC(=O)OCCOC(=O)C(C)CSCCCC(=O)N(C)CCCN(C)C)CCC(=O)OCCOC(=O)C(C)CSCCCC(=O)N(C)CCCN(C)C,-0.6484086621580379
N(CCC(=O)OCCOC(=O)C(C)CSCCCC(=O)N(C)CCN5(CCCCC5))(CCC(=O)OCCOC(=O)C(C)CSCCCC(=O)N(C)CCN5(CCCCC5))CCCN1CCN(C)CC1,-0.6484086621580379
N(CCC(=O)OCCOC(=O)C(C)CSCCCC(=O)N(C)CCN5(CCCCC5))(CCC(=O)OCCOC(=O)C(C)CSCCCC(=O)N(C)CCN5(CCCCC5))CCCN1C=NC=C1,-0.6484086621580379
C1C(CCN(CCC(=O)OCCOC(=O)C(C)CSCCCC(=O)N(C)CCN5(CCCCC5))(CCC(=O)OCCOC(=O)C(C)CSCCCC(=O)N(C)CCN5(CCCCC5)))CCN(CCC(=O)OCCOC(=O)C(C)CSCCCC(=O)N(C)CCN5(CCCCC5))C1,-0.6484086621580379
N(CCC(=O)OCCOC(=O)C(C)CSCCCC(=O)N(C)CCN5(CCCCC5))(CCC(=O)OCCOC(=O)C(C)CSCCCC(=O)N(C)CCN5(CCCCC5))CCCN(CCC(=O)OCCOC(=O)C(C)CSCCCC(=O)N(C)CCN5(CCCCC5))CCCNCCCN(CCC(=O)OCCOC(=O)C(C)CSCCCC(=O)N(C)CCN5(CCCCC5))CCC(=O)OCCOC(=O)C(C)CSCCCC(=O)N(C)CCN5(CCCCC5),-0.6484086621580379
N(CCC(=O)OCCOC(=O)C(C)CSCCCC(=O)N(C)CCN5(CCCCC5))(CCC(=O)OCCOC(=O)C(C)CSCCCC(=O)N(C)CCN5(CCCCC5))CCN(CCC(=O)OCCOC(=O)C(C)CSCCCC(=O)N(C)CCN5(CCCCC5))CCN(CCC(=O)OCCOC(=O)C(C)CSCCCC(=O)N(C)CCN5(CCCCC5))CCNCCN(CCC(=O)OCCOC(=O)C(C)CSCCCC(=O)N(C)CCN5(CCCCC5))CCC(=O)OCCOC(=O)C(C)CSCCCC(=O)N(C)CCN5(CCCCC5),-0.6484086621580379
CCCCCCCCCCN(CCC(=O)OCCOC(=O)C(C)CSCCCC(=O)N(C)CCN5(CCCCC5))CCCCCCCCCC,-0.6484086621580379
N(CCC(=O)OCCOC(=O)C(C)CSCCCCCCCC)(CCC(=O)OCCOC(=O)C(C)CSCCCCCCCC)CCNCCN(CCC(=O)OCCOC(=O)C(C)CSCCCCCCCC)CCNCCN(CCC(=O)OCCOC(=O)C(C)CSCCCCCCCC)CCC(=O)OCCOC(=O)C(C)CSCCCCCCCC,1.2074501313102086
N(CCC(=O)OCCOC(=O)C(C)CSCCCCCCCC)(CCC(=O)OCCOC(=O)C(C)CSCCCCCCCC)CCCN(CCC(=O)OCCOC(=O)C(C)CSCCCCCCCC)CCCNCCCN(CCC(=O)OCCOC(=O)C(C)CSCCCCCCCC)CCC(=O)OCCOC(=O)C(C)CSCCCCCCCC,1.2074501313102086
N(CCC(=O)OCCOC(=O)C(C)CSCCCCCCCC)(CCC(=O)OCCOC(=O)C(C)CSCCCCCCCC)CCCN(CCC(=O)OCCOC(=O)C(C)CSCCCCCCCC)CCCNCCCN(CCC(=O)OCCOC(=O)C(C)CSCCCCCCCC)CCC(=O)OCCOC(=O)C(C)CSCCCCCCCC,0.4417500480403202
N(CCC(=O)OCCOC(=O)C(C)CSCCCCCCCCCCCC)(CCC(=O)OCCOC(=O)C(C)CSCCCCCCCCCCCC)CCN(CCC(=O)OCCOC(=O)C(C)CSCCCCCCCCCCCC)CCN(CCC(=O)OCCOC(=O)C(C)CSCCCCCCCCCCCC)CCNCCN(CCC(=O)OCCOC(=O)C(C)CSCCCCCCCCCCCC)CCC(=O)OCCOC(=O)C(C)CSCCCCCCCCCCCC,-0.3239500352295682
N(CCC(=O)OCCOC(=O)C(C)CSCCCCCCCCCCCC)(CCC(=O)OCCOC(=O)C(C)CSCCCCCCCCCCCC)CCN(CCC(=O)OCCOC(=O)C(C)CSCCCCCCCCCCCC)CCN(CCC(=O)OCCOC(=O)C(C)CSCCCCCCCCCCCC)CCNCCN(CCC(=O)OCCOC(=O)C(C)CSCCCCCCCCCCCC)CCC(=O)OCCOC(=O)C(C)CSCCCCCCCCCCCC,1.2074501313102086
CCCCCCCCCCCCN(CCCCCCCCCCCC)CCCCCC(=O)NC1CCN(c2cccc(Cl)n2)CC1,0.9055117571686834
CCCCCCOC(=O)OCCCCCCN(CCCCCCOC(=O)OCCCCCC)CCCN(CCCCCCOC(=O)OCCCCCC)CCCCCC(=O)NC1CCN(c2cccc(Cl)n2)CC1,-1.0024468735859415
CCCCCCCCCCCCSSCCOC(=O)CCN(CCC(=O)OCCSSCCCCCCCCCCCC)CCc1c[nH]c2ccccc12,1.3180780841199244
CCCCCCCCCCCCCCOC(=O)CCN(CC)CCCN(CC)CCC(=O)OCCCCCCCCCCCCCC,1.0069424470652983
CCCCCCCCCCCCCCOC(=O)CCN(CCC(=O)OCCCCCCCCCCCCCC)[C@@H](CO)CC(C)C,1.1142446238753685
CCCCCCCCCCCCCCOC(=O)CCN(CCC(=O)OCCCCCCCCCCCCCC)[C@@H](CO)CC(C)C,2.652444137062893
CCCCCCCCCCCCCCOC(=O)CCN(CCC(=O)OCCCCCCCCCCCCCC)[C@@H]1CCCC[C@H]1N(CCC(=O)OCCCCCCCCCCCCCC)CCC(=O)OCCCCCCCCCCCCCC,0.7050240898181552
CCCCCCCCCCCCCCOC(=O)CCN(CCC(=O)OCCCCCCCCCCCCCC)[C@H]1CC[C@H](N(CCC(=O)OCCCCCCCCCCCCCC)CCC(=O)OCCCCCCCCCCCCCC)CC1,0.0468521110572165
CCCCCCCCCCCCCCOC(=O)CCN(CCC(=O)OCCCCCCCCCCCCCC)[C@H]1CCCC[C@H]1N(CCC(=O)OCCCCCCCCCCCCCC)CCC(=O)OCCCCCCCCCCCCCC,1.5458454255894956
CCCCCCCCCCCCCCOC(=O)CCN(CCC(=O)OCCCCCCCCCCCCCC)C(C)(C)C,-0.3609001897172004
CCCCCCCCCCCCCCOC(=O)CCN(CCC(=O)OCCCCCCCCCCCCCC)C(c1ccccc1)(c1ccccc1)c1ccccc1,-0.528237606442751
CCCCCCCCCCCCCCOC(=O)CCN(CCC(=O)OCCCCCCCCCCCCCC)C[C@@H]1CCCN1CC,0.6753001212877213
CCCCCCCCCCCCCCOC(=O)CCN(CCC(=O)OCCCCCCCCCCCCCC)c1ccc(C)c(N(CCC(=O)OCCCCCCCCCCCCCC)CCC(=O)OCCCCCCCCCCCCCC)c1,-0.2179828869905702
CCCCCCCCCCCCCCOC(=O)CCN(CCC(=O)OCCCCCCCCCCCCCC)c1ccc(C2(c3ccc(N(CCC(=O)OCCCCCCCCCCCCCC)CCC(=O)OCCCCCCCCCCCCCC)cc3)c3ccccc3-c3ccccc32)cc1,0.1677056255803901
CCCCCCCCCCCCCCOC(=O)CCN(CCC(=O)OCCCCCCCCCCCCCC)c1ccc(Cc2ccc(N(CCC(=O)OCCCCCCCCCCCCCC)CCC(=O)OCCCCCCCCCCCCCC)cc2)cc1,-0.3761233404301182
CCCCCCCCCCCCCCOC(=O)CCN(CCC(=O)OCCCCCCCCCCCCCC)c1ccc(F)cc1C(F)(F)F,0.3375644717409076
CCCCCCCCCCCCCCOC(=O)CCN(CCC(=O)OCCCCCCCCCCCCCC)c1ccc(OC(F)(F)F)cc1,-0.0914305417979362
CCCCCCCCCCCCCCOC(=O)CCN(CCC(=O)OCCCCCCCCCCCCCC)c1ccc(Oc2ccc(F)cc2)cc1,-0.1966648441252188
CCCCCCCCCCCCCCOC(=O)CCN(CCC(=O)OCCCCCCCCCCCCCC)c1ccc2cc3ccccc3cc2c1,-1.2771475721062835
CCCCCCCCCCCCCCOC(=O)CCN(CCC(=O)OCCCCCCCCCCCCCC)C1CCCC(N(CCC(=O)OCCCCCCCCCCCCCC)CCC(=O)OCCCCCCCCCCCCCC)C1,0.6892521540721785
CCCCCCCCCCCCCCOC(=O)CCN(CCC(=O)OCCCCCCCCCCCCCC)c1cccc(N(CCC(=O)OCCCCCCCCCCCCCC)CCC(=O)OCCCCCCCCCCCCCC)c1,-1.1567320300817026
CCCCCCCCCCCCCCOC(=O)CCN(CCC(=O)OCCCCCCCCCCCCCC)c1cccc(OCc2ccccc2)c1,-0.8522791596249383
CCCCCCCCCCCCCCOC(=O)CCN(CCC(=O)OCCCCCCCCCCCCCC)c1ccccc1OC,-0.0735636039069567
CCCCCCCCCCCCCCOC(=O)CCN(CCC(=O)OCCCCCCCCCCCCCC)c1ccccc1Oc1ccccc1,-0.7422728993535221
CCCCCCCCCCCCCCOC(=O)CCN(CCC(=O)OCCCCCCCCCCCCCC)c1ccccc1OCC,-1.2771475721062835
CCCCCCCCCCCCCCOC(=O)CCN(CCC(=O)OCCCCCCCCCCCCCC)C1CCN(C)CC1,-0.9193415195820992
CCCCCCCCCCCCCCOC(=O)CCN(CCC(=O)OCCCCCCCCCCCCCC)CC(=O)N(C)c1ccccc1,-0.6100720250589781
CCCCCCCCCCCCCCOC(=O)CCN(CCC(=O)OCCCCCCCCCCCCCC)Cc1cccc(N(CCC(=O)OCCCCCCCCCCCCCC)CCC(=O)OCCCCCCCCCCCCCC)c1,-1.1966861507285391
CCCCCCCCCCCCCCOC(=O)CCN(CCC(=O)OCCCCCCCCCCCCCC)CC1CCCCC1,-0.8512481772651952
CCCCCCCCCCCCCCOC(=O)CCN(CCC(=O)OCCCCCCCCCCCCCC)Cc1ccccc1OC,-0.5902063229242566
CCCCCCCCCCCCCCOC(=O)CCN(CCC(=O)OCCCCCCCCCCCCCC)Cc1nccn1C,0.3329796642525469
CCCCCCCCCCCCCCOC(=O)CCN(CCC(=O)OCCCCCCCCCCCCCC)CCC1OCCO1,-0.3914454781874666
CCCCCCCCCCCCCCOC(=O)CCN(CCC(=O)OCCCCCCCCCCCCCC)CCN(C(C)C)C(C)C,-0.1440950724463659
CCCCCCCCCCCCCCOC(=O)CCN(CCC(=O)OCCCCCCCCCCCCCC)CCN(C)C,0.3329796642525469
CCCCCCCCCCCCCCOC(=O)CCN(CCC(=O)OCCCCCCCCCCCCCC)CCN(CCC(=O)OCCCCCCCCCCCCCC)CCN(CCC(=O)OCCCCCCCCCCCCCC)CCC(=O)OCCCCCCCCCCCCCC,0.5779931909571382
CCCCCCCCCCCCCCOC(=O)CCN(CCC(=O)OCCCCCCCCCCCCCC)CCN(CCC(=O)OCCCCCCCCCCCCCC)CCN(CCC(=O)OCCCCCCCCCCCCCC)CCN(CCC(=O)OCCCCCCCCCCCCCC)CCC(=O)OCCCCCCCCCCCCCC,1.047297859126909
CCCCCCCCCCCCCCOC(=O)CCN(CCC(=O)OCCCCCCCCCCCCCC)CCN(CCCCCCCCCCCC)CCN(CCC(=O)OCCCCCCCCCCCCCC)CCC(=O)OCCCCCCCCCCCCCC,0.215103573161111
CCCCCCCCCCCCCCOC(=O)CCN(CCC(=O)OCCCCCCCCCCCCCC)CCN1CCN(CCN(CCC(=O)OCCCCCCCCCCCCCC)CCC(=O)OCCCCCCCCCCCCCC)CC1,4.232203163166852
CCCCCCCCCCCCCCOC(=O)CCN(CCCC)CCC(=O)OCCCCCCCCCCCCCC,-0.5087120526318615
CCCCCCCCCCCCCCOC(=O)CCN(CCCCCCO)CCC(=O)OCCCCCCCCCCCCCC,3.12762907935136
CCCCCCCCCCCCCCOC(=O)CCN(CCCCN(C)Cc1ccccc1)CCC(=O)OCCCCCCCCCCCCCC,0.0944422959030904
CCCCCCCCCCCCCCOC(=O)CCN(CCCN(CCC(=O)OCCCCCCCCCCCCCC)CCN(CCC(=O)OCCCCCCCCCCCCCC)CCC(=O)OCCCCCCCCCCCCCC)CCC(=O)OCCCCCCCCCCCCCC,0.1638308245689215
CCCCCCCCCCCCCCOC(=O)CCN(CCCN(CCC(=O)OCCCCCCCCCCCCCC)CCN(CCC(=O)OCCCCCCCCCCCCCC)CCC(=O)OCCCCCCCCCCCCCC)CCN(CCC(=O)OCCCCCCCCCCCCCC)CCC(=O)OCCCCCCCCCCCCCC,-0.0644644230516747
CCCCCCCCCCCCCCOC(=O)CCN(CCCN1CCN(CCCN(CCC(=O)OCCCCCCCCCCCCCC)CCC(=O)OCCCCCCCCCCCCCC)CC1)CCC(=O)OCCCCCCCCCCCCCC,0.9485152531476376
CCCCCCCCCCCCCCOC(=O)CCN(CCCn1ccnc1)CCC(=O)OCCCCCCCCCCCCCC,-0.4175512940244731
CCCCCCCCCCCCCCOC(=O)CCN(CCCO)CCC(=O)OCCCCCCCCCCCCCC,0.2645742852406705
CCCCCCCCCCCCCCOC(=O)CCN(CCCOCCCCOCCCN(CCC(=O)OCCCCCCCCCCCCCC)CCC(=O)OCCCCCCCCCCCCCC)CCC(=O)OCCCCCCCCCCCCCC,-0.036391526696877
CCCCCCCCCCCCCCOC(=O)CCN1C(C)N(CCC(=O)OCCCCCCCCCCCCCC)C(C)N(CCC(=O)OCCCCCCCCCCCCCC)C1C,0.5301744336414779
CCCCCCCCCCCCCCOC(=O)CCN1CCCN(CCC(=O)OCCCCCCCCCCCCCC)CCN(CCC(=O)OCCCCCCCCCCCCCC)CCCN(CCC(=O)OCCCCCCCCCCCCCC)CC1,-0.3219971243496534
CCCCCCCCCCCCCCOC(=O)CCN1CCN(CCC(=O)OCCCCCCCCCCCCCC)C(c2ccccc2)C1,-0.1616403009520867
CCCCCCCCCCCCCOC(=O)CCN(C)c1ccccc1N(CCC(=O)OCCCCCCCCCCCCC)CCC(=O)OCCCCCCCCCCCCC,-0.778464033380304
CCCCCCCCCCCCCOC(=O)CCN(C)CCCN(CC)CCCN(C)CCC(=O)OCCCCCCCCCCCCC,2.269460918530424
CCCCCCCCCCCCCOC(=O)CCN(C)CCOCCN(C)CCC(=O)OCCCCCCCCCCCCC,-0.0119995660708561
CCCCCCCCCCCCCOC(=O)CCN(CC(C)N(CCC(=O)OCCCCCCCCCCCCC)CCC(=O)OCCCCCCCCCCCCC)CC(C)N(CCC(=O)OCCCCCCCCCCCCC)CCC(=O)OCCCCCCCCCCCCC,2.708800522488136
CCCCCCCCCCCCCOC(=O)CCN(CC)CCCN(CC)CCC(=O)OCCCCCCCCCCCCC,0.8880448554745114
CCCCCCCCCCCCCOC(=O)CCN(CC)CCN(CC)CCC(=O)OCCCCCCCCCCCCC,0.2350268045456443
CCCCCCCCCCCCCOC(=O)CCN(CCC(=O)OCCCCCCCCCCCCC)[C@@H]1CCCC[C@H]1N(CCC(=O)OCCCCCCCCCCCCC)CCC(=O)OCCCCCCCCCCCCC,0.6973949551296688
CCCCCCCCCCCCCOC(=O)CCN(CCC(=O)OCCCCCCCCCCCCC)C(C)C,-0.1045254263298347
CCCCCCCCCCCCCOC(=O)CCN(CCC(=O)OCCCCCCCCCCCCC)C(C)c1ccc(C)cc1,-0.4778193046674233
CCCCCCCCCCCCCOC(=O)CCN(CCC(=O)OCCCCCCCCCCCCC)C(c1ccccc1)(c1ccccc1)c1ccccc1,-0.4934042390434824
CCCCCCCCCCCCCOC(=O)CCN(CCC(=O)OCCCCCCCCCCCCC)C(CO)(CO)CO,-0.0932568137071906
CCCCCCCCCCCCCOC(=O)CCN(CCC(=O)OCCCCCCCCCCCCC)C(CO)C(C)(C)C,-0.4876640937018237
CCCCCCCCCCCCCOC(=O)CCN(CCC(=O)OCCCCCCCCCCCCC)c1cc(C(C)(C)C)ccc1C(C)(C)C,-1.086068161375991
CCCCCCCCCCCCCOC(=O)CCN(CCC(=O)OCCCCCCCCCCCCC)c1cc(F)c(F)c(F)c1,-0.6464622483368189
CCCCCCCCCCCCCOC(=O)CCN(CCC(=O)OCCCCCCCCCCCCC)c1cc(OC)ccc1OC,-1.1004125225336066
CCCCCCCCCCCCCOC(=O)CCN(CCC(=O)OCCCCCCCCCCCCC)C1CC1,-0.1560863340264247
CCCCCCCCCCCCCOC(=O)CCN(CCC(=O)OCCCCCCCCCCCCC)c1ccc(-c2ccc(N(CCC(=O)OCCCCCCCCCCCCC)CCC(=O)OCCCCCCCCCCCCC)c(C)c2)cc1C,-0.3983865160563437
CCCCCCCCCCCCCOC(=O)CCN(CCC(=O)OCCCCCCCCCCCCC)c1ccc(-c2ccc(N(CCC(=O)OCCCCCCCCCCCCC)CCC(=O)OCCCCCCCCCCCCC)c(N(CCC(=O)OCCCCCCCCCCCCC)CCC(=O)OCCCCCCCCCCCCC)c2)cc1N(CCC(=O)OCCCCCCCCCCCCC)CCC(=O)OCCCCCCCCCCCCC,-1.2771475721062835
CCCCCCCCCCCCCOC(=O)CCN(CCC(=O)OCCCCCCCCCCCCC)c1ccc(C)c(N(CCC(=O)OCCCCCCCCCCCCC)CCC(=O)OCCCCCCCCCCCCC)c1,-0.3438647453848136
CCCCCCCCCCCCCOC(=O)CCN(CCC(=O)OCCCCCCCCCCCCC)c1ccc(C)cc1N(CCC(=O)OCCCCCCCCCCCCC)CCC(=O)OCCCCCCCCCCCCC,-0.1215926080590804
CCCCCCCCCCCCCOC(=O)CCN(CCC(=O)OCCCCCCCCCCCCC)c1ccc(F)cc1C(F)(F)F,0.0669354248696492
CCCCCCCCCCCCCOC(=O)CCN(CCC(=O)OCCCCCCCCCCCCC)c1ccc(N(CCC(=O)OCCCCCCCCCCCCC)c2ccccc2)cc1,-0.1415810317063836
CCCCCCCCCCCCCOC(=O)CCN(CCC(=O)OCCCCCCCCCCCCC)c1ccc(OC)c(F)c1,-0.1405929979998118
CCCCCCCCCCCCCOC(=O)CCN(CCC(=O)OCCCCCCCCCCCCC)c1ccc2c(c1)OCCO2,0.1495575594739424
CCCCCCCCCCCCCOC(=O)CCN(CCC(=O)OCCCCCCCCCCCCC)c1ccc2cc3ccccc3cc2c1,-1.2771475721062835
CCCCCCCCCCCCCOC(=O)CCN(CCC(=O)OCCCCCCCCCCCCC)C1CCc2ccccc21,0.8385985875117737
CCCCCCCCCCCCCOC(=O)CCN(CCC(=O)OCCCCCCCCCCCCC)c1cccc(C(F)(F)F)c1,-0.1799948927120512
CCCCCCCCCCCCCOC(=O)CCN(CCC(=O)OCCCCCCCCCCCCC)c1cccc2cccc(N(CCC(=O)OCCCCCCCCCCCCC)CCC(=O)OCCCCCCCCCCCCC)c12,-0.1952643137109944
CCCCCCCCCCCCCOC(=O)CCN(CCC(=O)OCCCCCCCCCCCCC)c1ccccc1C(C)(C)C,-0.7571141815568833
CCCCCCCCCCCCCOC(=O)CCN(CCC(=O)OCCCCCCCCCCCCC)CC(C)C,-0.2567154518106554
CCCCCCCCCCCCCOC(=O)CCN(CCC(=O)OCCCCCCCCCCCCC)CC(C)CC,-0.1208469521724885
CCCCCCCCCCCCCOC(=O)CCN(CCC(=O)OCCCCCCCCCCCCC)Cc1cc(C)c(OC)c(OC)c1,-1.2771475721062835
CCCCCCCCCCCCCOC(=O)CCN(CCC(=O)OCCCCCCCCCCCCC)CCC(c1ccccc1)c1ccccc1,0.29415814288437
CCCCCCCCCCCCCOC(=O)CCN(CCC(=O)OCCCCCCCCCCCCC)CCN(C)CCCN(C)CCN(CCC(=O)OCCCCCCCCCCCCC)CCC(=O)OCCCCCCCCCCCCC,4.289919611141778
CCCCCCCCCCCCCOC(=O)CCN(CCC(=O)OCCCCCCCCCCCCC)CCN(CCC(=O)OCCCCCCCCCCCCC)c1ccccc1,-0.5922124043017728
CCCCCCCCCCCCCOC(=O)CCN(CCC(=O)OCCCCCCCCCCCCC)CCN(CCO)CCO,0.9329230254915416
CCCCCCCCCCCCCOC(=O)CCN(CCCC)CCC(=O)OCCCCCCCCCCCCC,-0.3053980185348856
CCCCCCCCCCCCCOC(=O)CCN(CCCN(C)C)CCCN(CCC(=O)OCCCCCCCCCCCCC)CCC(=O)OCCCCCCCCCCCCC,-0.6130631464990934
CCCCCCCCCCCCCOC(=O)CCN(CCCN(CC)CC)CCC(=O)OCCCCCCCCCCCCC,0.8225860271954744
CCCCCCCCCCCCCOC(=O)CCN(CCCN(CCC(=O)OCCCCCCCCCCCCC)CCN(CCC(=O)OCCCCCCCCCCCCC)CCC(=O)OCCCCCCCCCCCCC)CCC(=O)OCCCCCCCCCCCCC,1.0109091267076211
CCCCCCCCCCCCCOC(=O)CCN(CCCN(CCCN(CCC(=O)OCCCCCCCCCCCCC)CCC(=O)OCCCCCCCCCCCCC)CCC(=O)OCCCCCCCCCCCCC)CCCN(CCC(=O)OCCCCCCCCCCCCC)CCC(=O)OCCCCCCCCCCCCC,-0.021647842057776
CCCCCCCCCCCCCOC(=O)CCN(CCCO)CCC(=O)OCCCCCCCCCCCCC,0.7287883751399696
CCCCCCCCCCCCCOC(=O)CCN(CCCOC(C)C)CCC(=O)OCCCCCCCCCCCCC,-0.7805480150988893
CCCCCCCCCCCCCOC(=O)CCN1CCCN(CCC(=O)OCCCCCCCCCCCCC)CCCN(CCC(=O)OCCCCCCCCCCCCC)CCN(CCC(=O)OCCCCCCCCCCCCC)CCC1,0.2114193217629142
CCCCCCCCCCCCOC(=O)CCN(C)CCCCCCN(C)CCC(=O)OCCCCCCCCCCCC,0.0286779131820662
CCCCCCCCCCCCOC(=O)CCN(C)CCN(CCC(=O)OCCCCCCCCCCCC)CCC(=O)OCCCCCCCCCCCC,0.5121525895834923
CCCCCCCCCCCCOC(=O)CCN(CC)CCCN(CC)CCC(=O)OCCCCCCCCCCCC,0.9703095000882938
CCCCCCCCCCCCOC(=O)CCN(CCC(=O)OCCCCCCCCCCCC)[C@@H](c1ccccc1)[C@@H](c1ccccc1)N(CCC(=O)OCCCCCCCCCCCC)CCC(=O)OCCCCCCCCCCCC,-0.2357458046986467
CCCCCCCCCCCCOC(=O)CCN(CCC(=O)OCCCCCCCCCCCC)[C@H]1CCCC[C@H]1N(CCC(=O)OCCCCCCCCCCCC)CCC(=O)OCCCCCCCCCCCC,0.281304055862386
CCCCCCCCCCCCOC(=O)CCN(CCC(=O)OCCCCCCCCCCCC)C(=O)C1CCCN1C,-0.2003245023207388
CCCCCCCCCCCCOC(=O)CCN(CCC(=O)OCCCCCCCCCCCC)C(C)C(C)C,-0.655106812748632
CCCCCCCCCCCCOC(=O)CCN(CCC(=O)OCCCCCCCCCCCC)C[C@@H]1CCCN1CC,-0.278260397384215
CCCCCCCCCCCCOC(=O)CCN(CCC(=O)OCCCCCCCCCCCC)c1cc(C)c(C)cc1N(CCC(=O)OCCCCCCCCCCCC)CCC(=O)OCCCCCCCCCCCC,-1.2771475721062835
CCCCCCCCCCCCOC(=O)CCN(CCC(=O)OCCCCCCCCCCCC)c1cc(OC)ccc1OC,-0.88009144794138
CCCCCCCCCCCCOC(=O)CCN(CCC(=O)OCCCCCCCCCCCC)c1ccc(-c2ccc(N(CCC(=O)OCCCCCCCCCCCC)CCC(=O)OCCCCCCCCCCCC)c(C)c2)cc1C,-0.4207480943104478
CCCCCCCCCCCCOC(=O)CCN(CCC(=O)OCCCCCCCCCCCC)c1ccc(C(C)C)cc1,-0.2280394554640256
CCCCCCCCCCCCOC(=O)CCN(CCC(=O)OCCCCCCCCCCCC)c1ccc(C)cc1N(CCC(=O)OCCCCCCCCCCCC)CCC(=O)OCCCCCCCCCCCC,-0.2744071959314505
CCCCCCCCCCCCOC(=O)CCN(CCC(=O)OCCCCCCCCCCCC)C1CCC(CC2CCC(N(CCC(=O)OCCCCCCCCCCCC)CCC(=O)OCCCCCCCCCCCC)C(C)C2)CC1C,0.3789233747305597
CCCCCCCCCCCCOC(=O)CCN(CCC(=O)OCCCCCCCCCCCC)c1ccc(N(CCC(=O)OCCCCCCCCCCCC)c2ccccc2)cc1,-0.073884102715071
CCCCCCCCCCCCOC(=O)CCN(CCC(=O)OCCCCCCCCCCCC)c1ccc(N(CCC(=O)OCCCCCCCCCCCC)CCC(=O)OCCCCCCCCCCCC)cc1,-0.5554167330955143
CCCCCCCCCCCCOC(=O)CCN(CCC(=O)OCCCCCCCCCCCC)c1ccc(OC)c(F)c1,-0.1368301067947043
CCCCCCCCCCCCOC(=O)CCN(CCC(=O)OCCCCCCCCCCCC)c1ccc(Oc2ccc(F)cc2)cc1,-1.2504308918861051
CCCCCCCCCCCCOC(=O)CCN(CCC(=O)OCCCCCCCCCCCC)c1cccc(-c2ccccc2)c1,-0.3485733179867424
CCCCCCCCCCCCOC(=O)CCN(CCC(=O)OCCCCCCCCCCCC)c1cccc(N(CCC(=O)OCCCCCCCCCCCC)CCC(=O)OCCCCCCCCCCCC)c1C,-0.2777739898729796
CCCCCCCCCCCCOC(=O)CCN(CCC(=O)OCCCCCCCCCCCC)c1cccc(OCc2ccccc2)c1,-1.083837908543134
CCCCCCCCCCCCOC(=O)CCN(CCC(=O)OCCCCCCCCCCCC)c1ccccc1C(C)C,-1.1661835604472075
CCCCCCCCCCCCOC(=O)CCN(CCC(=O)OCCCCCCCCCCCC)c1ccccc1OC,0.0345450438917657
CCCCCCCCCCCCOC(=O)CCN(CCC(=O)OCCCCCCCCCCCC)CC(C)(C)CN(C)C,0.1101396052333789
CCCCCCCCCCCCOC(=O)CCN(CCC(=O)OCCCCCCCCCCCC)CC[C@H](C)O,-0.6443543174664514
CCCCCCCCCCCCOC(=O)CCN(CCC(=O)OCCCCCCCCCCCC)CC12C[C@H]3C[C@@H](C1)C[C@@H](C2)C3,-0.9452754453914732
CCCCCCCCCCCCOC(=O)CCN(CCC(=O)OCCCCCCCCCCCC)Cc1cc(C)c(OC)c(OC)c1,-0.6344761928348244
CCCCCCCCCCCCOC(=O)CCN(CCC(=O)OCCCCCCCCCCCC)Cc1cc(F)ccc1F,0.7907559227883704
CCCCCCCCCCCCOC(=O)CCN(CCC(=O)OCCCCCCCCCCCC)Cc1cccc(F)c1,-0.3396670065206393
CCCCCCCCCCCCOC(=O)CCN(CCC(=O)OCCCCCCCCCCCC)Cc1ccccc1OC,-0.7010706319267968
CCCCCCCCCCCCOC(=O)CCN(CCC(=O)OCCCCCCCCCCCC)CCC(C)(C)C,-0.1995127596562457
CCCCCCCCCCCCOC(=O)CCN(CCC(=O)OCCCCCCCCCCCC)CCC(C)C,-0.9684185436255004
CCCCCCCCCCCCOC(=O)CCN(CCC(=O)OCCCCCCCCCCCC)CCc1ccc(OC)c(OC)c1,-0.2154762587993095
CCCCCCCCCCCCOC(=O)CCN(CCC(=O)OCCCCCCCCCCCC)CCC1OCCO1,-0.1487847648155898
CCCCCCCCCCCCOC(=O)CCN(CCC(=O)OCCCCCCCCCCCC)CCN(C(C)C)C(C)C,-0.3267606440343815
CCCCCCCCCCCCOC(=O)CCN(CCC(=O)OCCCCCCCCCCCC)CCN(CCC(=O)OCCCCCCCCCCCC)c1ccccc1,-0.647568280516079
CCCCCCCCCCCCOC(=O)CCN(CCC(=O)OCCCCCCCCCCCC)CCN(CCO)CCO,-0.8183332287605743
CCCCCCCCCCCCOC(=O)CCN(CCC(=O)OCCCCCCCCCCCC)CCN1CCCCC1,0.4735453701870406
CCCCCCCCCCCCOC(=O)CCN(CCC(=O)OCCCCCCCCCCCC)CCN1CCOCC1,0.2213152770628256
CCCCCCCCCCCCOC(=O)CCN(CCCCc1ccccc1)CCC(=O)OCCCCCCCCCCCC,-0.5269264559804472
CCCCCCCCCCCCOC(=O)CCN(CCCN(CC)CC)CCC(=O)OCCCCCCCCCCCC,-0.1895696634089142
CCCCCCCCCCCCOC(=O)CCN(CCCN(CCC(=O)OCCCCCCCCCCCC)CCN(CCC(=O)OCCCCCCCCCCCC)CCC(=O)OCCCCCCCCCCCC)CCN(CCC(=O)OCCCCCCCCCCCC)CCC(=O)OCCCCCCCCCCCC,-0.9629452261840776
CCCCCCCCCCCCOC(=O)CCN(CCCN1CCN(CCCN(CCC(=O)OCCCCCCCCCCCC)CCC(=O)OCCCCCCCCCCCC)CC1)CCC(=O)OCCCCCCCCCCCC,3.462880392023985
CCCCCCCCCCCCOC(=O)CCN(CCCN1CCOCC1)CCC(=O)OCCCCCCCCCCCC,-0.1778291582738987
CCCCCCCCCCCCOC(=O)CCN(CCCOC)CCC(=O)OCCCCCCCCCCCC,-0.3105152116122312
CCCCCCCCCCCCOC(=O)CCN(CCCOC)CCC(=O)OCCCCCCCCCCCC,0.08526894185312
CCCCCCCCCCCCOC(=O)CCN(CCOC)CCC(=O)OCCCCCCCCCCCC,0.0519646109118399
CCCCCCCCCCCCOC(=O)CCN1C(C)N(CCC(=O)OCCCCCCCCCCCC)C(C)N(CCC(=O)OCCCCCCCCCCCC)C1C,0.8936890193425806
CCCCCCCCCCCCOC(=O)CCN1CCCCN(C)CCN(CCC(=O)OCCCCCCCCCCCC)CCCN(C)CC1,-0.1960834450704723
CCCCCCCCCCCCOC(=O)CCN1CCN(CCC(=O)OCCCCCCCCCCCC)CC1,0.0117909941420821
CCCCCCCCCCCCOC(=O)CCN1CCOCCN(CCC(=O)OCCCCCCCCCCCC)CCN(CCC(=O)OCCCCCCCCCCCC)CC1,-0.7072432932247467
CCCCCCCCCCCOC(=O)CCN(C)c1ccc(Cc2ccc(N(CCC(=O)OCCCCCCCCCCC)CCC(=O)OCCCCCCCCCCC)cc2)cc1,-0.1777591117756828
CCCCCCCCCCCOC(=O)CCN(C)CCN(CCN(C)CCC(=O)OCCCCCCCCCCC)CCN(C)CCC(=O)OCCCCCCCCCCC,2.008126855913257
CCCCCCCCCCCOC(=O)CCN(CC)CCN(CC)CCC(=O)OCCCCCCCCCCC,0.2379574090554094
CCCCCCCCCCCOC(=O)CCN(CC)CCN(CCC(=O)OCCCCCCCCCCC)CCC(=O)OCCCCCCCCCCC,0.5038105680793908
CCCCCCCCCCCOC(=O)CCN(CCC(=O)OCCCCCCCCCCC)[C@@H](CO)CC(C)C,1.7454382588499175
CCCCCCCCCCCOC(=O)CCN(CCC(=O)OCCCCCCCCCCC)[C@@H](CO)CC(C)C,2.829670627285278
CCCCCCCCCCCOC(=O)CCN(CCC(=O)OCCCCCCCCCCC)C(=O)C1CCCN1C,-0.2038629298622294
CCCCCCCCCCCOC(=O)CCN(CCC(=O)OCCCCCCCCCCC)C(C)(C)CC,-0.2937676043587974
CCCCCCCCCCCOC(=O)CCN(CCC(=O)OCCCCCCCCCCC)C(C)(CO)CO,-0.8522410353900419
CCCCCCCCCCCOC(=O)CCN(CCC(=O)OCCCCCCCCCCC)C[C@@H]1CCCN1CC,-0.4720292930889111
CCCCCCCCCCCOC(=O)CCN(CCC(=O)OCCCCCCCCCCC)C12C[C@H]3C[C@@H](C1)C[C@@H](C2)C3,-0.2312027770303523
CCCCCCCCCCCOC(=O)CCN(CCC(=O)OCCCCCCCCCCC)c1cc(C)c(C)cc1N(CCC(=O)OCCCCCCCCCCC)CCC(=O)OCCCCCCCCCCC,-1.2771475721062835
CCCCCCCCCCCOC(=O)CCN(CCC(=O)OCCCCCCCCCCC)c1ccc(F)c(F)c1,-0.0319479154402765
CCCCCCCCCCCOC(=O)CCN(CCC(=O)OCCCCCCCCCCC)c1ccc(F)cc1,-0.4036737624235857
CCCCCCCCCCCOC(=O)CCN(CCC(=O)OCCCCCCCCCCC)c1ccc(F)cc1C(F)(F)F,0.0705755885987408
CCCCCCCCCCCOC(=O)CCN(CCC(=O)OCCCCCCCCCCC)c1ccc2c(c1)Cc1cc(N(CCC(=O)OCCCCCCCCCCC)CCC(=O)OCCCCCCCCCCC)ccc1-2,-1.2771475721062835
CCCCCCCCCCCOC(=O)CCN(CCC(=O)OCCCCCCCCCCC)c1ccc2c(c1)OCCO2,2.2716130682654483
CCCCCCCCCCCOC(=O)CCN(CCC(=O)OCCCCCCCCCCC)c1ccc2cc3ccccc3cc2c1,-1.2771475721062835
CCCCCCCCCCCOC(=O)CCN(CCC(=O)OCCCCCCCCCCC)c1cccc(C)c1N(CCC(=O)OCCCCCCCCCCC)CCC(=O)OCCCCCCCCCCC,-0.1994962826875269
CCCCCCCCCCCOC(=O)CCN(CCC(=O)OCCCCCCCCCCC)c1cccc2cccc(N(CCC(=O)OCCCCCCCCCCC)CCC(=O)OCCCCCCCCCCC)c12,0.1343549468284398
CCCCCCCCCCCOC(=O)CCN(CCC(=O)OCCCCCCCCCCC)c1ccccc1N(CCC(=O)OCCCCCCCCCCC)c1ccccc1,-0.070939555696126
CCCCCCCCCCCOC(=O)CCN(CCC(=O)OCCCCCCCCCCC)CC(C)(C)CN(C)C,0.4167369624122099
CCCCCCCCCCCOC(=O)CCN(CCC(=O)OCCCCCCCCCCC)CC1(C)CC(N(CCC(=O)OCCCCCCCCCCC)CCC(=O)OCCCCCCCCCCC)CC(C)(C)C1,-0.614708320838297
CCCCCCCCCCCOC(=O)CCN(CCC(=O)OCCCCCCCCCCC)Cc1cc(C)c(OC)c(OC)c1,-0.7605507476786545
CCCCCCCCCCCOC(=O)CCN(CCC(=O)OCCCCCCCCCCC)CC1CCCCC1,-0.2563193485836427
CCCCCCCCCCCOC(=O)CCN(CCC(=O)OCCCCCCCCCCC)Cc1ccccc1OCC,-0.5423652265840501
CCCCCCCCCCCOC(=O)CCN(CCC(=O)OCCCCCCCCCCC)CC1CCCN1C,-0.6738276607473946
CCCCCCCCCCCOC(=O)CCN(CCC(=O)OCCCCCCCCCCC)CCC(C)C,-0.7960942467869336
CCCCCCCCCCCOC(=O)CCN(CCC(=O)OCCCCCCCCCCC)CCC1CCC(CC)CC1,-0.1249329780236305
CCCCCCCCCCCOC(=O)CCN(CCC(=O)OCCCCCCCCCCC)CCc1ccc(OC)c(OC)c1,-0.1967160938788087
CCCCCCCCCCCOC(=O)CCN(CCC(=O)OCCCCCCCCCCC)CCN(C)CCCN(C)CCN(CCC(=O)OCCCCCCCCCCC)CCC(=O)OCCCCCCCCCCC,2.38218287306959
CCCCCCCCCCCOC(=O)CCN(CCC(=O)OCCCCCCCCCCC)CCN(CCC(=O)OCCCCCCCCCCC)CCN(CCC(=O)OCCCCCCCCCCC)CCN(CCC(=O)OCCCCCCCCCCC)CCN(CCC(=O)OCCCCCCCCCCC)CCN(CCC(=O)OCCCCCCCCCCC)CCC(=O)OCCCCCCCCCCC,-0.34196867744158
CCCCCCCCCCCOC(=O)CCN(CCC(=O)OCCCCCCCCCCC)CCN(CCN(CCC(=O)OCCCCCCCCCCC)CCC(=O)OCCCCCCCCCCC)CCN(CCC(=O)OCCCCCCCCCCC)CCC(=O)OCCCCCCCCCCC,0.9535737600689352
CCCCCCCCCCCOC(=O)CCN(CCC(=O)OCCCCCCCCCCC)CCN1CCCCC1,0.4790620179414243
CCCCCCCCCCCOC(=O)CCN(CCCCC)CCC(=O)OCCCCCCCCCCC,-0.0143980533461756
CCCCCCCCCCCOC(=O)CCN(CCCCc1ccccc1)CCC(=O)OCCCCCCCCCCC,-0.3764936637310464
CCCCCCCCCCCOC(=O)CCN(CCCCCO)CCC(=O)OCCCCCCCCCCC,1.4187081330987608
CCCCCCCCCCCOC(=O)CCN(CCCN(C)C)CCCN(CCC(=O)OCCCCCCCCCCC)CCC(=O)OCCCCCCCCCCC,0.0399077455920509
CCCCCCCCCCCOC(=O)CCN(CCCN(CCC(=O)OCCCCCCCCCCC)CCN(CCC(=O)OCCCCCCCCCCC)CCC(=O)OCCCCCCCCCCC)CCC(=O)OCCCCCCCCCCC,1.7371750560557528
CCCCCCCCCCCOC(=O)CCN(CCOC)CCC(=O)OCCCCCCCCCCC,0.0251683009546721
CCCCCCCCCCCOC(=O)CCN(CCOCCOCCOCCN(CCC(=O)OCCCCCCCCCCC)CCC(=O)OCCCCCCCCCCC)CCC(=O)OCCCCCCCCCCC,0.0639125719961091
CCCCCCCCCCCOC(=O)CCN1CCCN(CCC(=O)OCCCCCCCCCCC)CCN(CCC(=O)OCCCCCCCCCCC)CCN(CCC(=O)OCCCCCCCCCCC)CC1,0.6331580583737388
CCCCCCCCCCCOC(=O)CCN1CCN(CCC(=O)OCCCCCCCCCCC)C(c2ccccc2)C1,-0.2916225332201782
CCCCCCCCCCOC(=O)CCN(C)CCCN(CCC(=O)OCCCCCCCCCC)CCC(=O)OCCCCCCCCCC,-0.1921260326049102
CCCCCCCCCCOC(=O)CCN(C)CCN(C)CCC(=O)OCCCCCCCCCC,-0.5065384226068166
CCCCCCCCCCOC(=O)CCN(CCC(=O)OCCCCCCCCCC)[C@@H](CO)CC(C)C,-0.5580500365562371
CCCCCCCCCCOC(=O)CCN(CCC(=O)OCCCCCCCCCC)[C@@H](CO)CC(C)C,0.4497576843493909
CCCCCCCCCCOC(=O)CCN(CCC(=O)OCCCCCCCCCC)C(=O)C1CCCN1C,-0.2349288917366945
CCCCCCCCCCOC(=O)CCN(CCC(=O)OCCCCCCCCCC)C(C)(C)C,-0.3347271480863588
CCCCCCCCCCOC(=O)CCN(CCC(=O)OCCCCCCCCCC)C(C)(CO)CO,-1.2771475721062835
CCCCCCCCCCOC(=O)CCN(CCC(=O)OCCCCCCCCCC)C(C)C,-0.464103674341869
CCCCCCCCCCOC(=O)CCN(CCC(=O)OCCCCCCCCCC)C(C)CC,-0.4233910585345887
CCCCCCCCCCOC(=O)CCN(CCC(=O)OCCCCCCCCCC)C(C)CO,-1.0480938770327175
CCCCCCCCCCOC(=O)CCN(CCC(=O)OCCCCCCCCCC)C(c1ccccc1)c1ccccc1,-1.2771475721062835
CCCCCCCCCCOC(=O)CCN(CCC(=O)OCCCCCCCCCC)c1c(-c2ccccc2)cc(-c2ccccc2)cc1-c1ccccc1,-0.738096449949473
CCCCCCCCCCOC(=O)CCN(CCC(=O)OCCCCCCCCCC)c1c(C)cc(-c2cc(C)c(N(CCC(=O)OCCCCCCCCCC)CCC(=O)OCCCCCCCCCC)c(C)c2)cc1C,-0.2522004582465764
CCCCCCCCCCOC(=O)CCN(CCC(=O)OCCCCCCCCCC)c1cc(C(C)(C)C)ccc1C(C)(C)C,-0.9300183269573024
CCCCCCCCCCOC(=O)CCN(CCC(=O)OCCCCCCCCCC)c1cc(C)c(C)cc1N(CCC(=O)OCCCCCCCCCC)CCC(=O)OCCCCCCCCCC,-1.2771475721062835
CCCCCCCCCCOC(=O)CCN(CCC(=O)OCCCCCCCCCC)c1cc(F)cc(F)c1,-0.7005022212317568
CCCCCCCCCCOC(=O)CCN(CCC(=O)OCCCCCCCCCC)C1CC1,-0.1835888040454199
CCCCCCCCCCOC(=O)CCN(CCC(=O)OCCCCCCCCCC)c1ccc(-c2ccc(N(CCC(=O)OCCCCCCCCCC)CCC(=O)OCCCCCCCCCC)c(N(CCC(=O)OCCCCCCCCCC)CCC(=O)OCCCCCCCCCC)c2)cc1N(CCC(=O)OCCCCCCCCCC)CCC(=O)OCCCCCCCCCC,-0.4105650592877279
CCCCCCCCCCOC(=O)CCN(CCC(=O)OCCCCCCCCCC)c1ccc(C(C)C)cc1,-0.7159477245525814
CCCCCCCCCCOC(=O)CCN(CCC(=O)OCCCCCCCCCC)C1CCC(CC2CCC(N(CCC(=O)OCCCCCCCCCC)CCC(=O)OCCCCCCCCCC)C(C)C2)CC1C,-0.2504394322709997
CCCCCCCCCCOC(=O)CCN(CCC(=O)OCCCCCCCCCC)c1ccc(F)c(F)c1,-0.2691251198616675
CCCCCCCCCCOC(=O)CCN(CCC(=O)OCCCCCCCCCC)c1ccc(F)cc1,-0.3710721923866342
CCCCCCCCCCOC(=O)CCN(CCC(=O)OCCCCCCCCCC)c1ccc(F)cc1C(F)(F)F,-0.0624636372037358
CCCCCCCCCCOC(=O)CCN(CCC(=O)OCCCCCCCCCC)c1cccc(C)c1N(CCC(=O)OCCCCCCCCCC)CCC(=O)OCCCCCCCCCC,-0.2414549640361569
CCCCCCCCCCOC(=O)CCN(CCC(=O)OCCCCCCCCCC)C1CCCC(N(CCC(=O)OCCCCCCCCCC)CCC(=O)OCCCCCCCCCC)C1,1.3152618711040205
CCCCCCCCCCOC(=O)CCN(CCC(=O)OCCCCCCCCCC)c1cccc(OC(C)C)c1,-0.1636883231623929
CCCCCCCCCCOC(=O)CCN(CCC(=O)OCCCCCCCCCC)c1cccc(OCc2ccccc2)c1,-0.8160570932649155
CCCCCCCCCCOC(=O)CCN(CCC(=O)OCCCCCCCCCC)c1cccc2cccc(N(CCC(=O)OCCCCCCCCCC)CCC(=O)OCCCCCCCCCC)c12,0.1079499574240493
CCCCCCCCCCOC(=O)CCN(CCC(=O)OCCCCCCCCCC)c1ccccc1N(CCC(=O)OCCCCCCCCCC)c1ccccc1,0.0345751830882567
CCCCCCCCCCOC(=O)CCN(CCC(=O)OCCCCCCCCCC)c1ccccc1Oc1ccccc1,-0.3321894265491337
CCCCCCCCCCOC(=O)CCN(CCC(=O)OCCCCCCCCCC)CC(C)CC,-0.5187646315678311
CCCCCCCCCCOC(=O)CCN(CCC(=O)OCCCCCCCCCC)CCc1ccc(OC)c(OC)c1,-0.3303577756222229
CCCCCCCCCCOC(=O)CCN(CCC(=O)OCCCCCCCCCC)CCN(C)C,0.3052370467379658
CCCCCCCCCCOC(=O)CCN(CCC(=O)OCCCCCCCCCC)CCN(C)CCN(C)CCN(CCC(=O)OCCCCCCCCCC)CCC(=O)OCCCCCCCCCC,3.863978025003663
CCCCCCCCCCOC(=O)CCN(CCC(=O)OCCCCCCCCCC)CCN(CC)CCN(CC)CCN(CCC(=O)OCCCCCCCCCC)CCC(=O)OCCCCCCCCCC,2.4890679613276667
CCCCCCCCCCOC(=O)CCN(CCC(=O)OCCCCCCCCCC)CCN(CCC(=O)OCCCCCCCCCC)c1ccccc1,-1.0652101616792382
CCCCCCCCCCOC(=O)CCN(CCC(=O)OCCCCCCCCCC)CCN(CCC(=O)OCCCCCCCCCC)CCN(CCC(=O)OCCCCCCCCCC)CCN(CCC(=O)OCCCCCCCCCC)CCN(CCC(=O)OCCCCCCCCCC)CCC(=O)OCCCCCCCCCC,0.9370530853408806
CCCCCCCCCCOC(=O)CCN(CCCc1ccccc1)CCC(=O)OCCCCCCCCCC,-0.3208112716035093
CCCCCCCCCCOC(=O)CCN(CCCCc1ccccc1)CCC(=O)OCCCCCCCCCC,-0.3587785012041135
CCCCCCCCCCOC(=O)CCN(CCCCCCCCN(CCC(=O)OCCCCCCCCCC)CCC(=O)OCCCCCCCCCC)CCC(=O)OCCCCCCCCCC,-0.2220618521356092
CCCCCCCCCCOC(=O)CCN(CCCCCO)CCC(=O)OCCCCCCCCCC,0.888588881687072
CCCCCCCCCCOC(=O)CCN(CCCN(CCC(=O)OCCCCCCCCCC)CCN(CCC(=O)OCCCCCCCCCC)CCC(=O)OCCCCCCCCCC)CCC(=O)OCCCCCCCCCC,0.96579231794386
CCCCCCCCCCOC(=O)CCN(CCN(CCC(=O)OCCCCCCCCCC)C(C)(C)C)C(C)(C)C,-0.3897261008364037
CCCCCCCCCCOC(=O)CCN(CCOCCO)CCC(=O)OCCCCCCCCCC,0.6818899307720065
CCCCCCCCCCOC(=O)CCN(CCOCCO)CCC(=O)OCCCCCCCCCC,0.0024622747406715
CCCCCCCCCCOC(=O)CCN(CCOCCOCCOCCN(CCC(=O)OCCCCCCCCCC)CCC(=O)OCCCCCCCCCC)CCC(=O)OCCCCCCCCCC,0.0520837305101595
CCCCCCCCCCCCCCOC(=O)CCN(CCCCCCO)CCC(=O)OCCCCCCCCCCCCCC,-0.1132607476169638
CCCCCCCCCCCCCCOC(=O)CCN(CC)CCCN(CC)CCC(=O)OCCCCCCCCCCCCCC,-1.1621265257976503
CCCCCCCCCCCCCOC(=O)CCN(CCCN(CC)CC)CCC(=O)OCCCCCCCCCCCCC,0.1840983973624227
CCCCCCCCCCCCOC(=O)CCN(CCC(=O)OCCCCCCCCCCCC)CCN(CCO)CCO,-0.9906709212147888
CCCCCCCCCCCOC(=O)CCN(CCC(=O)OCCCCCCCCCCC)CCN(CCC(=O)OCCCCCCCCCCC)CCN(CCC(=O)OCCCCCCCCCCC)CCN(CCC(=O)OCCCCCCCCCCC)CCN(CCC(=O)OCCCCCCCCCCC)CCN(CCC(=O)OCCCCCCCCCCC)CCC(=O)OCCCCCCCCCCC,-0.7175874767077917
CCCCCCCCCCCOC(=O)CCN(CCC(=O)OCCCCCCCCCCC)[C@@H](CO)CC(C)C,-0.3051621106582784
CCCCCCCCCCCCCCOC(=O)CCN(CCC(=O)OCCCCCCCCCCCCCC)[C@@H](CO)CC(C)C,-0.2949423965066238
CCCCCCCCCCCCCOC(=O)CCN(CC(C)N(CCC(=O)OCCCCCCCCCCCCC)CCC(=O)OCCCCCCCCCCCCC)CC(C)N(CCC(=O)OCCCCCCCCCCCCC)CCC(=O)OCCCCCCCCCCCCC,1.3000921665213236
CCCCCCCCCCCCCOC(=O)CCN(C)CCCN(CC)CCCN(C)CCC(=O)OCCCCCCCCCCCCC,-0.6016488429742778
CCCCCCCCCCCOC(=O)CCN(C)CCN(CCN(C)CCC(=O)OCCCCCCCCCCC)CCN(C)CCC(=O)OCCCCCCCCCCC,-0.1724468466912032
CCCCCCCCCCCCOC(=O)CCN(CCCN1CCN(CCCN(CCC(=O)OCCCCCCCCCCCC)CCC(=O)OCCCCCCCCCCCC)CC1)CCC(=O)OCCCCCCCCCCCC,1.3043994220482935
CCCCCCCCCCCCCCOC(=O)CCN(CCCN1CCN(CCCN(CCC(=O)OCCCCCCCCCCCCCC)CCC(=O)OCCCCCCCCCCCCCC)CC1)CCC(=O)OCCCCCCCCCCCCCC,-0.4407832987517377
CCCCCCCCCCCOC(=O)CCN(CCC(=O)OCCCCCCCCCCC)c1ccc2c(c1)OCCO2,-0.7615213936466833
CCCCCCCCCCOC(=O)CCN(CCC(=O)OCCCCCCCCCC)CCN(CC)CCN(CC)CCN(CCC(=O)OCCCCCCCCCC)CCC(=O)OCCCCCCCCCC,-0.7866355826134607
CCCCCCCCCCCCCCOC(=O)CCN(CCC(=O)OCCCCCCCCCCCCCC)CCN1CCN(CCN(CCC(=O)OCCCCCCCCCCCCCC)CCC(=O)OCCCCCCCCCCCCCC)CC1,-0.5527142587803245
CCCCCCCCCCCOC(=O)CCN(CCC(=O)OCCCCCCCCCCC)CCN(C)CCCN(C)CCN(CCC(=O)OCCCCCCCCCCC)CCC(=O)OCCCCCCCCCCC,0.5444192013991854
CCCCCCCCCCCCCOC(=O)CCN(CCC(=O)OCCCCCCCCCCCCC)CCN(C)CCCN(C)CCN(CCC(=O)OCCCCCCCCCCCCC)CCC(=O)OCCCCCCCCCCCCC,1.2509910408725666
CCCCCCCCCCCCCOC(=O)CCN(CCC(=O)OCCCCCCCCCCCCC)CCN(C)CCN(CCC)CCN(CCC(=O)OCCCCCCCCCCCCC)CCC(=O)OCCCCCCCCCCCCC,1.3017828829458191
CCCCCCCCCCCCCOC(=O)CCN(CCC(=O)OCCCCCCCCCCCCC)CCN(C)CCN(CCN(CCC(=O)OCCCCCCCCCCCCC)CCC(=O)OCCCCCCCCCCCCC)C1CCCCC1,1.2394662168917856
CCCCCCCCCCCCCOC(=O)CCN(CCC(=O)OCCCCCCCCCCCCC)CCN(C)CCN(CCCCC)CCN(CCC(=O)OCCCCCCCCCCCCC)CCC(=O)OCCCCCCCCCCCCC,1.3130807183811828
CCCCCCCCCCCCCOC(=O)CCN(CCC(=O)OCCCCCCCCCCCCC)CCN(CCN(CCN(CCC(=O)OCCCCCCCCCCCCC)CCC(=O)OCCCCCCCCCCCCC)C1CCCCC1)C(C)CC,-1.039713369752859
CCCCCCCCCCCCCOC(=O)CCN(CCC(=O)OCCCCCCCCCCCCC)CCN(C)CCN(CCN(C)CCN(CCC(=O)OCCCCCCCCCCCCC)CCC(=O)OCCCCCCCCCCCCC)CCN(C)CCN(CCC(=O)OCCCCCCCCCCCCC)CCC(=O)OCCCCCCCCCCCCC,1.3039268320520427
C1(C(=O)OCC)N=CC(CCCCCCC/C=C\CCCCCCCC)(CCCCCCC/C=C\CCCCCCCC)N1(CCN(C)C),2.565824306509915
C1(C(=O)OCC)N=CC(CCCCCCC/C=C\CCCCCCCC)(CCCCCCC/C=C\CCCCCCCC)N1(CCN(CC)CC),3.1578511401240577
N(CC(=O)OCC)C(=O)C(CCCCCCC/C=C\CCCCCCCC)(CCCCCCC/C=C\CCCCCCCC)N(C)CCN(CC)CC,0.4792328666771198
N(CC(=O)OCC)C(=O)C(CCCCCCC/C=C\CCCCCCCC)(CCCCCCC/C=C\CCCCCCCC)N(C)CCO,0.19148939659507
N(CC(=O)OC(C)(C)C)C(=O)C(CCCCCCC/C=C\CCCCCCCC)(CCCCCCC/C=C\CCCCCCCC)N(CC)CCCNCC,3.7115208032992713
N(CS(=O)(=O)c3ccc(C)cc3)C(=O)C(CCCCCCC/C=C\CCCCCCCC)(CCCCCCC/C=C\CCCCCCCC)NCCN(CC)CC,3.737306235953092
N(CC(=O)OC(C)(C)C)C(=O)C(CCCCCCC/C=C\CCCCCCCC)(CCCCCCC/C=C\CCCCCCCC)N(C)CCCN(C)C,0.3741998321533903
N(CC(=O)OC(C)(C)C)C(=O)C(CCCCCCC/C=C\CCCCCCCC)(CCCCCCC/C=C\CCCCCCCC)N3CCN(C)CC3,0.2269413162747971
N(CS(=O)(=O)c3ccc(C)cc3)C(=O)C(CCCCCCC/C=C\CCCCCCCC)(CCCCCCC/C=C\CCCCCCCC)N(C)CCO,0.4669049318569926
N(C(C)(C)C)C(=O)C(CCCCCCC/C=C\CCCCCCCC)(CCCCCCC/C=C\CCCCCCCC)NCCN(CC)CC,-0.1776085883375013
N(CCCC)C(=O)C(CCCCCCC/C=C\CCCCCCCC)(CCCCCCC/C=C\CCCCCCCC)NCCN(CC)CC,-0.4887161307401817
C1(CC(=O)OCC)N=CC(CCCCCCCCC)(CCCCCCCCC)N1(CCN(CC)CC),-0.6471892458153993
N(C3CCCCC3)C(=O)C(CCCCCCCCC)(CCCCCCCCC)NCCN(CC)CC,-1.091537081923024
N(C(C)(C)C)C(=O)C(CCCCCCCC)(CCCCCCCC)NCCN(CC)CC,-0.9787010305719374
C1(C(=O)OC)N=CC(CCCCCCCC)(CCCCCCCC)N1(CCN(CC)CC),0.027442699896375
C1(C)(C(=O)OC(C)(C)C)N=CC(CCCCCCCC)(CCCCCCCC)N1(CCN(CC)CC),-0.7115995261253979
C1(CC(=O)OCC)N=CC(CCCCCCCC)(CCCCCCCC)N1(CCN(CC)CC),-0.8267128838003619
C1(C(=O)OC)N=CC(CCCCCCC)(CCCCCCC)N1(CCN(CC)CC),-1.0116740155727937
C1(C)(C(=O)OC(C)(C)C)N=CC(CCCCCCC)(CCCCCCC)N1(CCN(CC)CC),-0.662476420515388
C1(CC(=O)OCC)N=CC(CCCCCCC)(CCCCCCC)N1(CCN(CC)CC),-0.2743304581822749
C1(C(=O)OC)N=CC5(CCCCCCCCCCCCCC5)N1(CCN(CC)CC),0.7124830379234551
C1(C(=O)OC)N=CC5(CCCCCCCCCCC5)N1(CCN(CC)CC),-1.33602950215269
C1(C)(C(=O)OC(C)(C)C)N=CC5(CCCCCCCCCCC5)N1(CCN(CC)CC),0.1414849974601317
N(C3CCCCC3)C(=O)C5(CCCCCCCCCCC5)NCCN(CC)CC,-0.8175034152555989
N(CCCC)C(=O)C(CCCCC)(CCCCC)NCCN(CC)CC,-1.3540288325267025
C1(C(=O)OC(C)(C)C)N=CC(CCCCC)(CCCCC)N1(CCN(CC)CC),-1.0487914364012745
C1(C)(C(=O)OC(C)(C)C)N=CC(CCCCCCC/C=C\CCCCCCCC)(CCCCCCC/C=C\CCCCCCCC)N1(CCCN3CCCC3),2.62127579920121
C1(C(=O)OCC)N=CC(CCCCCCCCCC)(CCCCCCCCCC)N1(CCCN3CCCC3),2.0928887469373536
C1(CC(=O)OCC)N=CC(CCCCCCCCCC)(CCCCCCCCCC)N1(CCCN3CCCC3),-0.2434411952355155
N(C3CCCCC3)C(=O)C(CCCCCCCCC)(CCCCCCCCC)NCCCN1CCCC1,0.5917574875268938
N(CCCC)C(=O)C(CCCCCCCC)(CCCCCCCC)NCCCN1CCCC1,-0.9367601971806264
N(CCCCC)C(=O)C(CCCCCCCC)(CCCCCCCC)NCCCN1CCCC1,-0.1111867017465478
C1(C)(C(=O)OC(C)(C)C)N=CC(CCCCCCCC)(CCCCCCCC)N1(CCCN3CCCC3),-0.359128333242661
C1(CC(=O)OCC)N=CC(CCCCCCCC)(CCCCCCCC)N1(CCCN3CCCC3),-0.4941143147768451
N(CCCC)C(=O)C(CCCCCCC)(CCCCCCC)NCCCN1CCCC1,1.4465938705865902
N(CCCCC)C(=O)C(CCCCCCC)(CCCCCCC)NCCCN1CCCC1,0.1276907950129998
C1(C(=O)OCC)N=CC(CCCCCC)(CCCCCC)N1(CCCN3CCCC3),-0.5746476930362912
N(C3CCCCC3)C(=O)C(CCCCCC)(CCCCCC)NCCCN1CCCC1,-0.4697542562161721
N(C(C)(C)C)C(=O)C5(CCCCCCCCCCCCCC5)NCCCN1CCCC1,0.3662032259472744
N(CCCCC)C(=O)C5(CCCCCCCCCCCCCC5)NCCCN1CCCC1,-0.7793941043098562
C1(C(=O)OCC)N=CC5(CCCCCCCCCCC5)N1(CCCN3CCCC3),-0.0548053559755966
C1(C)(C(=O)OC(C)(C)C)N=CC5(CCCCCCCCCCC5)N1(CCCN3CCCC3),-0.2336816481828456
N(CS(=O)(=O)c3ccc(C)cc3)C(=O)C5(CCCCCCCCCCC5)NCCCN1CCCC1,-0.8883957504747702
N(C(C)(C)C)C(=O)C(CCCCC)(CCCCC)NCCCN1CCCC1,-1.3108586360763794
N(CCCC)C(=O)C(CCCCC)(CCCCC)NCCCN1CCCC1,-1.3383203958024628
C1(C(=O)OC)N=CC(CCCCC)(CCCCC)N1(CCCN3CCCC3),-0.9935922799447776
N(CS(=O)(=O)c3ccc(C)cc3)C(=O)C(CCCCC)(CCCCC)NCCCN1CCCC1,-0.293950293662181
N(C3CCCCC3)C(=O)C(CCCCCCC/C=C\CCCCCCCC)(CCCCCCC/C=C\CCCCCCCC)N(CC)CCCNCC,0.4953094780394951
N(CCCC)C(=O)C(CCCCCCCCCC)(CCCCCCCCCC)N(CC)CCCNCC,0.9416095770989026
N(CC(=O)OC)C(=O)C(CCCCCCCCCC)(CCCCCCCCCC)N(CC)CCCNCC,1.9091418773634272
N(C3CCCCC3)C(=O)C(CCCCCCCCCC)(CCCCCCCCCC)N(CC)CCCNCC,-0.1405796537235973
N(C(C)(C)C)C(=O)C(CCCCCCCCC)(CCCCCCCCC)N(CC)CCCNCC,0.6968699921970026
N(CCCCC)C(=O)C(CCCCCCCCC)(CCCCCCCCC)N(CC)CCCNCC,0.8590242456852463
N(CC(=O)OCC)C(=O)C(CCCCCCCCC)(CCCCCCCCC)N(CC)CCCNCC,1.5438380197149706
N(C(C)C(=O)OC(C)(C)C)C(=O)C(CCCCCCCCC)(CCCCCCCCC)N(CC)CCCNCC,-0.8943032970224548
N(CCCC)C(=O)C(CCCCCCCC)(CCCCCCCC)N(CC)CCCNCC,0.1747543657460591
N(CC(=O)OC(C)(C)C)C(=O)C(CCCCCCCC)(CCCCCCCC)N(CC)CCCNCC,-0.6429537999382681
N(CCC(=O)OCC)C(=O)C(CCCCCCC)(CCCCCCC)N(CC)CCCNCC,-0.4829008421097785
N(CC(=O)OC(C)(C)C)C(=O)C(CCCCCC)(CCCCCC)N(CC)CCCNCC,-0.1479086430061749
N(C(C)(C)C)C(=O)C5(CCCCCCCCCCCCCC5)N(CC)CCCNCC,-0.1351759072875844
N(CC(=O)OC(C)(C)C)C(=O)C5(CCCCCCCCCCCCCC5)N(CC)CCCNCC,1.4883026082350623
N(C(C)(C)C)C(=O)C5(CCCCCCCCCCC5)N(CC)CCCNCC,1.505880605059138
N(CCCC)C(=O)C(CCCCC)(CCCCC)N(CC)CCCNCC,-1.3504243862534924
N(CC(=O)OCC)C(=O)C(CCCCC)(CCCCC)N(CC)CCCNCC,-0.2161612461403631
N(CCCC)C(=O)C(CCCCCCCCCC)(CCCCCCCCCC)N(C)CCN(C)C,0.4927330717317139
N(CS(=O)(=O)c3ccc(C)cc3)C(=O)C(CCCCCCCCCC)(CCCCCCCCCC)N(C)CCN(C)C,0.3523170069820521
N(C(C)(C)C)C(=O)C(CCCCCCCCC)(CCCCCCCCC)N(C)CCN(C)C,0.4066182976675703
N(CCCC)C(=O)C(CCCCCCCCC)(CCCCCCCCC)N(C)CCN(C)C,0.6882601656289717
N(CC(=O)OC)C(=O)C(CCCCCCCCC)(CCCCCCCCC)N(C)CCN(C)C,0.2266680702719768
N(CC(=O)OC(C)(C)C)C(=O)C(CCCCCCCCC)(CCCCCCCCC)N(C)CCN(C)C,0.1702911322714395
N(CS(=O)(=O)c3ccc(C)cc3)C(=O)C(CCCCCCCCC)(CCCCCCCCC)N(C)CCN(C)C,-0.7833740157322202
N(CCCC)C(=O)C(CCCCCCCC)(CCCCCCCC)N(C)CCN(C)C,0.4551914703755343
N(C3CCCCC3)C(=O)C(CCCCCCCC)(CCCCCCCC)N(C)CCN(C)C,-0.9138831994562892
N(CCCC)C(=O)C(CCCCCCC)(CCCCCCC)N(C)CCN(C)C,0.2829213876190652
N(CCCCC)C(=O)C(CCCCCCC)(CCCCCCC)N(C)CCN(C)C,0.8919845783031057
N(CS(=O)(=O)c3ccc(C)cc3)C(=O)C(CCCCCCC)(CCCCCCC)N(C)CCN(C)C,0.5269609020945448
N(CS(=O)(=O)c3ccc(C)cc3)C(=O)C(CCCCCC)(CCCCCC)N(C)CCN(C)C,1.0714478562723562
N(C(C)C(=O)OC(C)(C)C)C(=O)C5(CCCCCCCCCCCCCC5)N(C)CCN(C)C,-1.1634299222729134
N(CC(=O)OC)C(=O)C5(CCCCCCCCCCC5)N(C)CCN(C)C,-0.9305539363768458
C1(C(=O)OC)N=CC(CCCCCCC/C=C\CCCCCCCC)(CCCCCCC/C=C\CCCCCCCC)N1(CCN(C)C),3.5345757684824526
N(C3CCCCC3)C(=O)C(CCCCCCC/C=C\CCCCCCCC)(CCCCCCC/C=C\CCCCCCCC)NCCN(C)C,1.1676241486184775
N(CS(=O)(=O)c3ccc(C)cc3)C(=O)C(CCCCCCCCCC)(CCCCCCCCCC)NCCN(C)C,1.1152710068805394
C1(C(=O)OC)N=CC(CCCCCCCCC)(CCCCCCCCC)N1(CCN(C)C),1.8829769932806908
N(CS(=O)(=O)c3ccc(C)cc3)C(=O)C(CCCCCCCCC)(CCCCCCCCC)NCCN(C)C,0.1704696335621376
C1(C)(C(=O)OC(C)(C)C)N=CC(CCCCCCCC)(CCCCCCCC)N1(CCN(C)C),-0.5910683391177004
C1(CC(=O)OCC)N=CC(CCCCCCCC)(CCCCCCCC)N1(CCN(C)C),-0.5103545909590038
N(CCCC)C(=O)C(CCCCCCC)(CCCCCCC)NCCN(C)C,0.4822030959677723
N(CCCCC)C(=O)C(CCCCCCC)(CCCCCCC)NCCN(C)C,0.4866749993773583
C1(CC(=O)OCC)N=CC(CCCCCC)(CCCCCC)N1(CCN(C)C),-0.5674127894077269
N(CS(=O)(=O)c3ccc(C)cc3)C(=O)C(CCCCCC)(CCCCCC)NCCN(C)C,1.2410349006953196
N(CCCC)C(=O)C5(CCCCCCCCCCC5)NCCN(C)C,0.985999075754122
C1(C(=O)OC)N=CC5(CCCCCCCCCCC5)N1(CCN(C)C),-1.0210389707414649
C1(C(=O)OC(C)(C)C)N=CC5(CCCCCCCCCCC5)N1(CCN(C)C),-0.6637997529991727
N(C3CCCCC3)C(=O)C5(CCCCCCCCCCC5)NCCN(C)C,0.3704443874930819
N(C(C)(C)C)C(=O)C(CCCCCCC/C=C\CCCCCCCC)(CCCCCCC/C=C\CCCCCCCC)N(C)CCCN(C)C,-0.2628572680850404
N(C3CCCCC3)C(=O)C(CCCCCCC/C=C\CCCCCCCC)(CCCCCCC/C=C\CCCCCCCC)N(C)CCCN(C)C,0.2611663315909773
N(CC(=O)OC)C(=O)C(CCCCCCCCCC)(CCCCCCCCCC)N(C)CCCN(C)C,-0.7684015259522674
N(CS(=O)(=O)c3ccc(C)cc3)C(=O)C(CCCCCCCCCC)(CCCCCCCCCC)N(C)CCCN(C)C,0.1684964761692644
N(CC(=O)OC(C)(C)C)C(=O)C(CCCCCCCCC)(CCCCCCCCC)N(C)CCCN(C)C,-0.4826221971948925
N(C3CCCCC3)C(=O)C(CCCCCCCCC)(CCCCCCCCC)N(C)CCCN(C)C,0.4903771267475597
N(C(C)(C)C)C(=O)C(CCCCCCCC)(CCCCCCCC)N(C)CCCN(C)C,-0.0498400926500401
N(CC(=O)OC)C(=O)C(CCCCCCC)(CCCCCCC)N(C)CCCN(C)C,1.036284830116556
N(CC(=O)OCC)C(=O)C(CCCCCCC)(CCCCCCC)N(C)CCCN(C)C,1.0061666715433548
N(C(C)(C)C)C(=O)C(CCCCCC)(CCCCCC)N(C)CCCN(C)C,0.3437116686508314
N(CCCCC)C(=O)C(CCCCCC)(CCCCCC)N(C)CCCN(C)C,1.2236187741626492
N(CC(=O)OC(C)(C)C)C(=O)C5(CCCCCCCCCCCCCC5)N(C)CCCN(C)C,1.4642513541612217
N(CCC(=O)OCC)C(=O)C5(CCCCCCCCCCCCCC5)N(C)CCCN(C)C,-0.2689058722266818
N(CS(=O)(=O)c3ccc(C)cc3)C(=O)C5(CCCCCCCCCCCCCC5)N(C)CCCN(C)C,-0.9003589375034781
N(CC(=O)OC(C)(C)C)C(=O)C5(CCCCCCCCCCC5)N(C)CCCN(C)C,-0.4402754938515572
N(C3CCCCC3)C(=O)C5(CCCCCCCCCCC5)N(C)CCCN(C)C,1.2625862668959562
N(CS(=O)(=O)c3ccc(C)cc3)C(=O)C(CCCCC)(CCCCC)N(C)CCCN(C)C,-0.715296309505042
N(CCC(=O)OCC)C(=O)C(CCCCCCCCCC)(CCCCCCCCCC)N(CC)CCN(C)C,-1.1541652397301143
N(CCCC)C(=O)C(CCCCCCCCC)(CCCCCCCCC)N(CC)CCN(C)C,0.5121365956550389
N(CC(=O)OC)C(=O)C(CCCCCCCCC)(CCCCCCCCC)N(CC)CCN(C)C,0.2414478966753587
N(C(C)C(=O)OC(C)(C)C)C(=O)C(CCCCCCCCC)(CCCCCCCCC)N(CC)CCN(C)C,-1.0914671502378013
N(CCCCC)C(=O)C(CCCCCCCC)(CCCCCCCC)N(CC)CCN(C)C,-0.8660471909065227
N(C(C)C(=O)OC(C)(C)C)C(=O)C(CCCCCCCC)(CCCCCCCC)N(CC)CCN(C)C,-0.7872588478044296
N(CCCC)C(=O)C(CCCCCCC)(CCCCCCC)N(CC)CCN(C)C,0.0375774285499428
N(C(C)C(=O)OC(C)(C)C)C(=O)C(CCCCCCC)(CCCCCCC)N(CC)CCN(C)C,-1.119719447610941
N(CS(=O)(=O)c3ccc(C)cc3)C(=O)C(CCCCCCC)(CCCCCCC)N(CC)CCN(C)C,-0.602186447609112
N(C(C)(C)C)C(=O)C(CCCCCC)(CCCCCC)N(CC)CCN(C)C,0.3862657594441457
N(CC(=O)OC(C)(C)C)C(=O)C5(CCCCCCCCCCCCCC5)N(CC)CCN(C)C,-0.8136362883452207
N(C3CCCCC3)C(=O)C5(CCCCCCCCCCC5)N(CC)CCN(C)C,1.1756717551933642
N(CC(=O)OCC)C(=O)C(CCCCC)(CCCCC)N(CC)CCN(C)C,-0.0344966144625443
N(C3CCCCC3)C(=O)C(CCCCC)(CCCCC)N(CC)CCN(C)C,1.2625862668959562
N(CC(=O)OCC)C(=O)C(CCCCCCCCC)(CCCCCCCCC)N3CCN(C)CC3,2.2054498395008824
N(CC(=O)OC(C)(C)C)C(=O)C(CCCCCCCCC)(CCCCCCCCC)N3CCN(C)CC3,-0.2371580149424169
N(CS(=O)(=O)c3ccc(C)cc3)C(=O)C(CCCCCCCC)(CCCCCCCC)N3CCN(C)CC3,-0.5701586055805885
N(C3CCCCC3)C(=O)C(CCCCCCCC)(CCCCCCCC)N3CCN(C)CC3,0.9489964715334612
N(C(C)(C)C)C(=O)C(CCCCCCC)(CCCCCCC)N3CCN(C)CC3,1.217519356129919
N(C(C)C(=O)OC(C)(C)C)C(=O)C(CCCCCCC)(CCCCCCC)N3CCN(C)CC3,-0.2365235425109802
N(CCC(=O)OCC)C(=O)C(CCCCCCC)(CCCCCCC)N3CCN(C)CC3,-0.695673561907911
N(CC(=O)OC(C)(C)C)C(=O)C(CCCCCC)(CCCCCC)N3CCN(C)CC3,-1.0158264214054558
N(C3CCCCC3)C(=O)C(CCCCCC)(CCCCCC)N3CCN(C)CC3,0.4763668924603694
N(CS(=O)(=O)c3ccc(C)cc3)C(=O)C5(CCCCCCCCCCCCCC5)N3CCN(C)CC3,-0.7755959920232234
N(C3CCCCC3)C(=O)C5(CCCCCCCCCCCCCC5)N3CCN(C)CC3,0.4812869962557827
N(CC(=O)OC(C)(C)C)C(=O)C5(CCCCCCCCCCC5)N3CCN(C)CC3,0.0185537890413848
N(C(C)C(=O)OC(C)(C)C)C(=O)C5(CCCCCCCCCCC5)N3CCN(C)CC3,-1.2057015964486375
N(CC(=O)OCC)C(=O)C(CCCCC)(CCCCC)N3CCN(C)CC3,0.2053390340035193
N(CCCCC)C(=O)C(CCCCCCC/C=C\CCCCCCCC)(CCCCCCC/C=C\CCCCCCCC)N(C)CCN(CC)CC,0.1147827025794169
N(CCCC)C(=O)C(CCCCCCCCCC)(CCCCCCCCCC)N(C)CCN(CC)CC,-1.074082051803267
N(CC(=O)OC)C(=O)C(CCCCCCCCCC)(CCCCCCCCCC)N(C)CCN(CC)CC,-1.0026649658325804
N(CC(=O)OC(C)(C)C)C(=O)C(CCCCCCCCCC)(CCCCCCCCCC)N(C)CCN(CC)CC,1.0530381012928005
N(CS(=O)(=O)c3ccc(C)cc3)C(=O)C(CCCCCCCCCC)(CCCCCCCCCC)N(C)CCN(CC)CC,-0.6509980448059015
N(CCCCC)C(=O)C(CCCCCCCCC)(CCCCCCCCC)N(C)CCN(CC)CC,1.160605629349425
N(CC(=O)OC)C(=O)C(CCCCCCCCC)(CCCCCCCCC)N(C)CCN(CC)CC,-0.8922272039491411
N(CCC(=O)OCC)C(=O)C(CCCCCCCCC)(CCCCCCCCC)N(C)CCN(CC)CC,0.4009518744261224
N(C(C)(C)C)C(=O)C(CCCCCCCC)(CCCCCCCC)N(C)CCN(CC)CC,-0.5769925873019234
N(CC(=O)OCC)C(=O)C(CCCCCCCC)(CCCCCCCC)N(C)CCN(CC)CC,-0.1310310448603307
N(CC(=O)OC(C)(C)C)C(=O)C(CCCCCCCC)(CCCCCCCC)N(C)CCN(CC)CC,-0.2068205420110565
N(CCC(=O)OCC)C(=O)C(CCCCCCCC)(CCCCCCCC)N(C)CCN(CC)CC,-0.1849499209099314
N(C3CCCCC3)C(=O)C(CCCCCCCC)(CCCCCCCC)N(C)CCN(CC)CC,0.7909532220007529
N(C(C)(C)C)C(=O)C(CCCCCCC)(CCCCCCC)N(C)CCN(CC)CC,0.5196108293387062
N(CC(=O)OCC)C(=O)C(CCCCCCC)(CCCCCCC)N(C)CCN(CC)CC,0.5030596871972597
N(C(C)(C)C)C(=O)C(CCCCCC)(CCCCCC)N(C)CCN(CC)CC,0.4422414651670651
N(CCCCC)C(=O)C5(CCCCCCCCCCCCCC5)N(C)CCN(CC)CC,-1.1683210888192697
N(C(C)C(=O)OC(C)(C)C)C(=O)C5(CCCCCCCCCCCCCC5)N(C)CCN(CC)CC,-1.2078673559103503
N(CCCC)C(=O)C5(CCCCCCCCCCC5)N(C)CCN(CC)CC,0.8243919043584303
N(CCCC)C(=O)C(CCCCC)(CCCCC)N(C)CCN(CC)CC,0.8898635607126181
N(CCCC)C(=O)C(CCCCCCC/C=C\CCCCCCCC)(CCCCCCC/C=C\CCCCCCCC)N(C)CCO,-0.5853631016962726
N(CCCCC)C(=O)C(CCCCCCC/C=C\CCCCCCCC)(CCCCCCC/C=C\CCCCCCCC)N(C)CCO,0.5220092056589724
N(C(C)(C)C)C(=O)C(CCCCCCCCCC)(CCCCCCCCCC)N(C)CCO,-1.1402638419924789
N(CCCC)C(=O)C(CCCCCCCCCC)(CCCCCCCCCC)N(C)CCO,-0.1560356520334879
N(CCCCC)C(=O)C(CCCCCCCCCC)(CCCCCCCCCC)N(C)CCO,-0.3907881717837981
N(CC(=O)OC(C)(C)C)C(=O)C(CCCCCCCCCC)(CCCCCCCCCC)N(C)CCO,0.925203845400317
N(CS(=O)(=O)c3ccc(C)cc3)C(=O)C(CCCCCCCCCC)(CCCCCCCCCC)N(C)CCO,-0.8083391113499576
N(CCCCC)C(=O)C(CCCCCCCCC)(CCCCCCCCC)N(C)CCO,0.377095300497755
N(C(C)(C)C)C(=O)C(CCCCCCCC)(CCCCCCCC)N(C)CCO,-0.5117135036399548
N(CC(=O)OC(C)(C)C)C(=O)C(CCCCCCCC)(CCCCCCCC)N(C)CCO,-0.8088123533894321
N(C(C)(C)C)C(=O)C(CCCCCCC)(CCCCCCC)N(C)CCO,-0.9951117562961154
N(C(C)C(=O)OC(C)(C)C)C(=O)C(CCCCCCC)(CCCCCCC)N(C)CCO,-0.2249757102511869
N(C3CCCCC3)C(=O)C(CCCCCCC)(CCCCCCC)N(C)CCO,-1.0149620117742115
N(C(C)(C)C)C(=O)C(CCCCCC)(CCCCCC)N(C)CCO,-0.1343474597495809
N(CCCCC)C(=O)C(CCCCCC)(CCCCCC)N(C)CCO,0.3553540527588429
N(CC(=O)OC)C(=O)C(CCCCCC)(CCCCCC)N(C)CCO,-0.9440198231517384
N(CC(=O)OCC)C(=O)C(CCCCCC)(CCCCCC)N(C)CCO,-0.1912857964751155
N(C(C)C(=O)OC(C)(C)C)C(=O)C(CCCCCC)(CCCCCC)N(C)CCO,-0.8603920866049202
N(CS(=O)(=O)c3ccc(C)cc3)C(=O)C(CCCCCC)(CCCCCC)N(C)CCO,0.925203845400317
N(CC(=O)OCC)C(=O)C5(CCCCCCCCCCCCCC5)N(C)CCO,-0.4270180239856289
N(CC(=O)OC(C)(C)C)C(=O)C5(CCCCCCCCCCCCCC5)N(C)CCO,-1.1371415018348578
N(CCCCC)C(=O)C5(CCCCCCCCCCC5)N(C)CCO,1.0208157847551511
N(C(C)(C)C)C(=O)C(CCCCC)(CCCCC)N(C)CCO,-1.314015438842319
N(CS(=O)(=O)c3ccc(C)cc3)C(=O)C(CCCCC)(CCCCC)N(C)CCO,-0.6951236724321747
N(CCCC)C(=O)C(CCCCCCC/C=C\CCCCCCCC)(CCCCCCC/C=C\CCCCCCCC)N(CC)CCO,0.516999513387067
N(C(C)(C)C)C(=O)C(CCCCCCCCCC)(CCCCCCCCCC)N(CC)CCO,0.3092143588789071
N(CCCC)C(=O)C(CCCCCCCCCC)(CCCCCCCCCC)N(CC)CCO,0.9346382341288972
N(CC(=O)OC)C(=O)C(CCCCCCCCCC)(CCCCCCCCCC)N(CC)CCO,0.7526557359152501
N(C(C)(C)C)C(=O)C(CCCCCCCCC)(CCCCCCCCC)N(CC)CCO,0.2955201480638804
N(CC(=O)OC(C)(C)C)C(=O)C(CCCCCCCCC)(CCCCCCCCC)N(CC)CCO,-0.2396185534702387
N(CCC(=O)OCC)C(=O)C(CCCCCCCCC)(CCCCCCCCC)N(CC)CCO,-0.6912809127904009
N(C3CCCCC3)C(=O)C(CCCCCCCCC)(CCCCCCCCC)N(CC)CCO,0.0665980701714986
N(C(C)(C)C)C(=O)C(CCCCCCCC)(CCCCCCCC)N(CC)CCO,-0.0457439149474648
N(CC(=O)OCC)C(=O)C(CCCCCCC)(CCCCCCC)N(CC)CCO,-0.3194897162727017
N(CC(=O)OC(C)(C)C)C(=O)C(CCCCCCC)(CCCCCCC)N(CC)CCO,-0.0987148878995914
N(C3CCCCC3)C(=O)C(CCCCCCC)(CCCCCCC)N(CC)CCO,0.4300595768575084
N(CCCC)C(=O)C(CCCCCC)(CCCCCC)N(CC)CCO,0.9343485895852636
N(CC(=O)OC)C(=O)C(CCCCCC)(CCCCCC)N(CC)CCO,-0.8621604314725183
N(CCC(=O)OCC)C(=O)C(CCCCCC)(CCCCCC)N(CC)CCO,0.2648132807259848
N(CCCCC)C(=O)C5(CCCCCCCCCCCCCC5)N(CC)CCO,0.5213575325772417
N(CCC(=O)OCC)C(=O)C5(CCCCCCCCCCCCCC5)N(CC)CCO,1.6582245678520642
N(CC(=O)OC)C(=O)C5(CCCCCCCCCCC5)N(CC)CCO,-1.31223275818361
N(CCCC)C(=O)C(CCCCC)(CCCCC)N(CC)CCO,-1.2789446744355342
N(CC(=O)OCC)C(=O)C(CCCCC)(CCCCC)N(CC)CCO,-0.8719993056201947
N(CCCCC)C(=O)C(CCCCCCC/C=C\CCCCCCCC)(CCCCCCC/C=C\CCCCCCCC)NCCCN(C)C,0.915134376271968
N(CCCC)C(=O)C(CCCCCCCCCC)(CCCCCCCCCC)NCCCN(C)C,0.0016805526851558
C1(C(=O)OC(C)(C)C)N=CC(CCCCCCCCCC)(CCCCCCCCCC)N1(CCCN(C)C),0.2525716046062065
C1(C)(C(=O)OC(C)(C)C)N=CC(CCCCCCCCCC)(CCCCCCCCCC)N1(CCCN(C)C),0.070159054372369
N(C3CCCCC3)C(=O)C(CCCCCCCCCC)(CCCCCCCCCC)NCCCN(C)C,1.038626865909228
C1(CC(=O)OCC)N=CC(CCCCCCCC)(CCCCCCCC)N1(CCCN(C)C),-0.2543939529445409
N(CCCC)C(=O)C(CCCCCCC)(CCCCCCC)NCCCN(C)C,-0.1122879163207228
N(C(C)(C)C)C(=O)C5(CCCCCCCCCCCCCC5)NCCCN(C)C,-1.094012077580175
N(CCCCC)C(=O)C5(CCCCCCCCCCCCCC5)NCCCN(C)C,-0.969541720691888
N(C3CCCCC3)C(=O)C5(CCCCCCCCCCCCCC5)NCCCN(C)C,-1.3228603780044548
N(CCCCC)C(=O)C5(CCCCCCCCCCC5)NCCCN(C)C,-0.0859413978667825
N(CS(=O)(=O)c3ccc(C)cc3)C(=O)C5(CCCCCCCCCCC5)NCCCN(C)C,-0.7603106884862767
C1(C)(C(=O)OC(C)(C)C)N=CC(CCCCC)(CCCCC)N1(CCCN(C)C),-0.4406696859580597
C1(C(=O)OCC)N=CC(CCCCCCC/C=C\CCCCCCCC)(CCCCCCC/C=C\CCCCCCCC)N1(CCN(C)C),1.5039144383458758
C1(C(=O)OCC)N=CC(CCCCCCC/C=C\CCCCCCCC)(CCCCCCC/C=C\CCCCCCCC)N1(CCN(CC)CC),-0.1184217061953968
N(CC(=O)OCC)C(=O)C(CCCCCCC/C=C\CCCCCCCC)(CCCCCCC/C=C\CCCCCCCC)N(C)CCN(CC)CC,-1.060099356115701
N(CC(=O)OCC)C(=O)C(CCCCCCC/C=C\CCCCCCCC)(CCCCCCC/C=C\CCCCCCCC)N(C)CCO,-1.3716909433906068
N(CC(=O)OC(C)(C)C)C(=O)C(CCCCCCC/C=C\CCCCCCCC)(CCCCCCC/C=C\CCCCCCCC)N(CC)CCCNCC,1.7275895373246066
N(CS(=O)(=O)c3ccc(C)cc3)C(=O)C(CCCCCCC/C=C\CCCCCCCC)(CCCCCCC/C=C\CCCCCCCC)NCCN(CC)CC,0.4279842637183103
N(CC(=O)OC(C)(C)C)C(=O)C(CCCCCCC/C=C\CCCCCCCC)(CCCCCCC/C=C\CCCCCCCC)N(C)CCCN(C)C,-0.743910904777054
N(CC(=O)OC(C)(C)C)C(=O)C(CCCCCCC/C=C\CCCCCCCC)(CCCCCCC/C=C\CCCCCCCC)N3CCN(C)CC3,-0.940096296164067
N(CS(=O)(=O)c3ccc(C)cc3)C(=O)C(CCCCCCC/C=C\CCCCCCCC)(CCCCCCC/C=C\CCCCCCCC)N(C)CCO,-0.9524612231079812
C1(C(=O)OCC)N=CC(CCCCCCC/C=C\CCCCCCCC)(CCCCCCC/C=C\CCCCCCCC)N1(CCN(C)C),0.3598779775724966
C1(C(=O)OCC)N=CC(CCCCCCC/C=C\CCCCCCCC)(CCCCCCC/C=C\CCCCCCCC)N1(CCN(CC)CC),0.1119741110822137
N(CC(=O)OCC)C(=O)C(CCCCCCC/C=C\CCCCCCCC)(CCCCCCC/C=C\CCCCCCCC)N(C)CCN(CC)CC,-0.9341794115645378
N(CC(=O)OCC)C(=O)C(CCCCCCC/C=C\CCCCCCCC)(CCCCCCC/C=C\CCCCCCCC)N(C)CCO,-1.1656992394413592
 CN(CC1)CCN1CCCN(CCC(=O)OCCCCCCCC/C=C\CC(CCCCCC)OC(OCCCCCCCC/C=C\C/C=C\CCCCC)=O)(CCC(=O)OCCCCCCCC/C=C\CC(CCCCCC)OC(OCCCCCCCC/C=C\C/C=C\CCCCC)=O),2.071714892697286
 N(CCC(=O)OCCCCCCCC/C=C\CC(CCCCCC)OC(OCCCCCCCCCCCCCCCCCC)=O)(CCC(=O)OCCCCCCCC/C=C\CC(CCCCCC)OC(OCCCCCCCCCCCCCCCCCC)=O)CCCN(C)C,1.990669819946856
 N(CCC(=O)OCCCCCCCC/C=C\CC(CCCCCC)OC(OCCCCCCCC/C=C\CCCCCCCC)=O)(CCC(=O)OCCCCCCCC/C=C\CC(CCCCCC)OC(OCCCCCCCC/C=C\CCCCCCCC)=O)CCN(CC)CC,1.9042807194544484
 N(CCC(=O)OCCCCCCCC/C=C\CC(CCCCCC)OC(OCCCCCCCCCCCCCCCCCC)=O)(CCC(=O)OCCCCCCCC/C=C\CC(CCCCCC)OC(OCCCCCCCCCCCCCCCCCC)=O)CCCN(CC)CC,1.8479101627728975
 N(CCC(=O)OCCCCCCCC/C=C\CC(CCCCCC)OC(OCCCCCCCC/C=C\C/C=C\CCCCC)=O)(CCC(=O)OCCCCCCCC/C=C\CC(CCCCCC)OC(OCCCCCCCC/C=C\C/C=C\CCCCC)=O)CCN(CC)CC,1.7940062848805904
 N(CCC(=O)OCCCCCCCC/C=C\CC(CCCCCC)OC(OCCCCCCCCCCCCCCCCCC)=O)(CCC(=O)OCCCCCCCC/C=C\CC(CCCCCC)OC(OCCCCCCCCCCCCCCCCCC)=O)CCCN1CCCCC1,1.7869947254068308
 CCN(CC)CCN(CCC(=O)OCCCCCCCC/C=C\CC(CCCCCC)OC(OCCCCCCCC/C=C\CCCCCCCC)=O)CCN(CC)CC,1.7553946419394575
 CN(CCC(=O)OCCCCCCCC/C=C\CC(CCCCCC)OC(OCCCCCCCC/C=C\C/C=C\CCCCC)=O)CCO,1.7415607475349233
 N(CCC(=O)OCCCCCCCC/C=C\CC(CCCCCC)OC(OCC#CCCCC)=O)(CCC(=O)OCCCCCCCC/C=C\CC(CCCCCC)OC(OCC#CCCCC)=O)CCN1CCCCN(C)CC1,1.7218305704695769
 N(CCC(=O)OCCCCCCCC/C=C\CC(CCCCCC)OC(OCCCCCCCC/C=C\C/C=C\CCCCC)=O)(CCC(=O)OCCCCCCCC/C=C\CC(CCCCCC)OC(OCCCCCCCC/C=C\C/C=C\CCCCC)=O)CCC1=CN(CCC(=O)OCCCCCCCC/C=C\CC(CCCCCC)OC(OCCCCCCCC/C=C\C/C=C\CCCCC)=O)C=N1,1.717655214110508
 N(CCC(=O)OCCCCCCCC/C=C\CC(CCCCCC)OC(OCCCCCCCC/C=C\C/C=C\CCCCC)=O)(CCC(=O)OCCCCCCCC/C=C\CC(CCCCCC)OC(OCCCCCCCC/C=C\C/C=C\CCCCC)=O)CCCN(C)C,1.7104978014184875
 CN(CCCN(CCC(=O)OCCCCCCCC/C=C\CC(CCCCCC)OC(OCCC#CCCCCCC)=O)C)CCCN(CCC(=O)OCCCCCCCC/C=C\CC(CCCCCC)OC(OCCC#CCCCCCC)=O)C,1.7035010868876543
 N(CCC(=O)OCCCCCCCC/C=C\CC(CCCCCC)OC(OCCC#CCCCCCC)=O)(CCC(=O)OCCCCCCCC/C=C\CC(CCCCCC)OC(OCCC#CCCCCCC)=O)CCN(CCC(=O)OCCCCCCCC/C=C\CC(CCCCCC)OC(OCCC#CCCCCCC)=O)CCN(CC1)CCN1CCN(CCC(=O)OCCCCCCCC/C=C\CC(CCCCCC)OC(OCCC#CCCCCCC)=O)(CCC(=O)OCCCCCCCC/C=C\CC(CCCCCC)OC(OCCC#CCCCCCC)=O),1.5713814313394476
 N(CCC(=O)OCCCCCCCC/C=C\CC(CCCCCC)OC(OCCCCCCCCCCCCCCCCCC)=O)(CCC(=O)OCCCCCCCC/C=C\CC(CCCCCC)OC(OCCCCCCCCCCCCCCCCCC)=O)CCCN(CCC(=O)OCCCCCCCC/C=C\CC(CCCCCC)OC(OCCCCCCCCCCCCCCCCCC)=O)CCN(CCC(=O)OCCCCCCCC/C=C\CC(CCCCCC)OC(OCCCCCCCCCCCCCCCCCC)=O)CCCN(CCC(=O)OCCCCCCCC/C=C\CC(CCCCCC)OC(OCCCCCCCCCCCCCCCCCC)=O)(CCC(=O)OCCCCCCCC/C=C\CC(CCCCCC)OC(OCCCCCCCCCCCCCCCCCC)=O),1.5431015276092412
 C1(N2CCN(CCC(=O)OCCCCCCCC/C=C\CC(CCCCCC)OC(OCC#CCCCCC)=O)CC2)=CC=NC=C1,1.490234215480488
 CCN(CC)CCN(CCC(=O)OCCCCCCCC/C=C\CC(CCCCCC)OC(OCCCCCCCCCCCCCCCCCC)=O)CCN(CC)CC,1.4860850778868389
 N(CCC(=O)OCCCCCCCC/C=C\CC(CCCCCC)OC(OCCCCCCCC/C=C\C/C=C\CCCCC)=O)(CCC(=O)OCCCCCCCC/C=C\CC(CCCCCC)OC(OCCCCCCCC/C=C\C/C=C\CCCCC)=O)CCN(C)CCN(CCC(=O)OCCCCCCCC/C=C\CC(CCCCCC)OC(OCCCCCCCC/C=C\C/C=C\CCCCC)=O)(CCC(=O)OCCCCCCCC/C=C\CC(CCCCCC)OC(OCCCCCCCC/C=C\C/C=C\CCCCC)=O),1.4197112380487005
 N(CCC(=O)OCCCCCCCC/C=C\CC(CCCCCC)OC(OCCCCCCCCCCCCCCCCCC)=O)(CCC(=O)OCCCCCCCC/C=C\CC(CCCCCC)OC(OCCCCCCCCCCCCCCCCCC)=O)CCCN(C)CCCN(CCC(=O)OCCCCCCCC/C=C\CC(CCCCCC)OC(OCCCCCCCCCCCCCCCCCC)=O)(CCC(=O)OCCCCCCCC/C=C\CC(CCCCCC)OC(OCCCCCCCCCCCCCCCCCC)=O),1.3862410351202692
 N(CCC(=O)OCCCCCCCC/C=C\CC(CCCCCC)OC(OCCCCCCCC/C=C\C/C=C\CCCCC)=O)(CCC(=O)OCCCCCCCC/C=C\CC(CCCCCC)OC(OCCCCCCCC/C=C\C/C=C\CCCCC)=O)CCCN(CCC(=O)OCCCCCCCC/C=C\CC(CCCCCC)OC(OCCCCCCCC/C=C\C/C=C\CCCCC)=O)CCCN(CCC(=O)OCCCCCCCC/C=C\CC(CCCCCC)OC(OCCCCCCCC/C=C\C/C=C\CCCCC)=O)(CCC(=O)OCCCCCCCC/C=C\CC(CCCCCC)OC(OCCCCCCCC/C=C\C/C=C\CCCCC)=O),1.371802708343438
 N(CCC(=O)OCCCCCCCC/C=C\CC(CCCCCC)OC(OCCCCCCCCCCCCCCCCCC)=O)(CCC(=O)OCCCCCCCC/C=C\CC(CCCCCC)OC(OCCCCCCCCCCCCCCCCCC)=O)CCC1N(C(C)C)CCCC1,1.368984138018648
 N(CCC(=O)OCCCCCCCC/C=C\CC(CCCCCC)OC(OCCC#CCCCC)=O)(CCC(=O)OCCCCCCCC/C=C\CC(CCCCCC)OC(OCCC#CCCCC)=O)CCCN(CCC(=O)OCCCCCCCC/C=C\CC(CCCCCC)OC(OCCC#CCCCC)=O)CCCN(C)C,1.319228085926201
 C1(N2CCN(CCC(=O)OCCCCCCCC/C=C\CC(CCCCCC)OC(OCC#CCC)=O)CC2)=NC=CC=C1,1.273528734452219
 CN(CCC(=O)OCCCCCCCC/C=C\CC(CCCCCC)OC(OCCCCCCCCCCCCCCCCCC)=O)CCN(CCN(CCC(=O)OCCCCCCCC/C=C\CC(CCCCCC)OC(OCCCCCCCCCCCCCCCCCC)=O)C)CCN(CCC(=O)OCCCCCCCC/C=C\CC(CCCCCC)OC(OCCCCCCCCCCCCCCCCCC)=O)C,1.2373972293046018
 N(CCC(=O)OCCCCCCCC/C=C\CC(CCCCCC)OC(OCC#CCCCC)=O)(CCC(=O)OCCCCCCCC/C=C\CC(CCCCCC)OC(OCC#CCCCC)=O)CCCN(CCC(=O)OCCCCCCCC/C=C\CC(CCCCCC)OC(OCC#CCCCC)=O)CCN(CCC(=O)OCCCCCCCC/C=C\CC(CCCCCC)OC(OCC#CCCCC)=O)CCCN(CCC(=O)OCCCCCCCC/C=C\CC(CCCCCC)OC(OCC#CCCCC)=O)(CCC(=O)OCCCCCCCC/C=C\CC(CCCCCC)OC(OCC#CCCCC)=O),1.2120966567983358
 C1N(CCC(=O)OCCCCCCCC/C=C\CC(CCCCCC)OC(OCC#CCCCC)=O)CCN(CCC(=O)OCCCCCCCC/C=C\CC(CCCCCC)OC(OCC#CCCCC)=O)CCN(CCC(=O)OCCCCCCCC/C=C\CC(CCCCCC)OC(OCC#CCCCC)=O)C1,1.2013706859111244
 C1N(CCC(=O)OCCCCCCCC/C=C\CC(CCCCCC)OC(OCC#CCC)=O)CCCN(CCC(=O)OCCCCCCCC/C=C\CC(CCCCCC)OC(OCC#CCC)=O)CCN(CCC(=O)OCCCCCCCC/C=C\CC(CCCCCC)OC(OCC#CCC)=O)CCCN(CCC(=O)OCCCCCCCC/C=C\CC(CCCCCC)OC(OCC#CCC)=O)C1,1.1916652734811737
 N(CCC(=O)OCCCCCCCC/C=C\CC(CCCCCC)OC(OCC#CCCCCCC)=O)(CCC(=O)OCCCCCCCC/C=C\CC(CCCCCC)OC(OCC#CCCCCCC)=O)CCCN(CCC(=O)OCCCCCCCC/C=C\CC(CCCCCC)OC(OCC#CCCCCCC)=O)CCCN(C)C,1.1422625821333166
 CN(CCC(=O)OCCCCCCCC/C=C\CC(CCCCCC)OC(OCCC#CCCCC)=O)CCOCCOCCN(CCC(=O)OCCCCCCCC/C=C\CC(CCCCCC)OC(OCCC#CCCCC)=O)C,1.1277946989313907
 C1(N2CCN(CCC(=O)OCCCCCCCC/C=C\CC(CCCCCC)OC(OCC#CCCCC)=O)CC2)=CC=NC=C1,1.0884625777766497
 N(CCC(=O)OCCCCCCCC/C=C\CC(CCCCCC)OC(OCC#CCCCCCC)=O)(CCC(=O)OCCCCCCCC/C=C\CC(CCCCCC)OC(OCC#CCCCCCC)=O)CCN(CC)CC,1.066685886050514
 N(CCC(=O)OCCCCCCCC/C=C\CC(CCCCCC)OC(OCC#CCCCCC)=O)(CCC(=O)OCCCCCCCC/C=C\CC(CCCCCC)OC(OCC#CCCCCC)=O)CCCN(CCC(=O)OCCCCCCCC/C=C\CC(CCCCCC)OC(OCC#CCCCCC)=O)CCCN(CCC(=O)OCCCCCCCC/C=C\CC(CCCCCC)OC(OCC#CCCCCC)=O)(CCC(=O)OCCCCCCCC/C=C\CC(CCCCCC)OC(OCC#CCCCCC)=O),1.0651574637762282
 CC1=NCCN(CCC(=O)OCCCCCCCC/C=C\CC(CCCCCC)OC(OCC#CCCCCC)=O)1,1.0556188042913175
 CN(C)CCN1CCN(CCC(=O)OCCCCCCCC/C=C\CC(CCCCCC)OC(OCCCCCCCCCCCCCCCCCC)=O)CC1,1.047278470713773
 N(CCC(=O)OCCCCCCCC/C=C\CC(CCCCCC)OC(OCC#CCCCC)=O)(CCC(=O)OCCCCCCCC/C=C\CC(CCCCCC)OC(OCC#CCCCC)=O)CCCN1C=NC=C1,1.0046426813132494
 CN(CCC(=O)OCCCCCCCC/C=C\CC(CCCCCC)OC(OCCC#CCCCCCC)=O)CCCCCCN(CCC(=O)OCCCCCCCC/C=C\CC(CCCCCC)OC(OCCC#CCCCCCC)=O)C,0.9900298209431752
 N(CCC(=O)OCCCCCCCC/C=C\CC(CCCCCC)OC(OCCCCCCCC/C=C\CCCCCCCC)=O)(CCC(=O)OCCCCCCCC/C=C\CC(CCCCCC)OC(OCCCCCCCC/C=C\CCCCCCCC)=O)CCCN(C)CCCN(CCC(=O)OCCCCCCCC/C=C\CC(CCCCCC)OC(OCCCCCCCC/C=C\CCCCCCCC)=O)(CCC(=O)OCCCCCCCC/C=C\CC(CCCCCC)OC(OCCCCCCCC/C=C\CCCCCCCC)=O),0.961891937711986
 CN(CCC(=O)OCCCCCCCC/C=C\CC(CCCCCC)OC(OCCCCCCCC/C=C\C/C=C\CCCCC)=O)CCO,0.9582759119733776
 N(CCC(=O)OCCCCCCCC/C=C\CC(CCCCCC)OC(OCCCCCCCCCCCCCCCCCC)=O)(CCC(=O)OCCCCCCCC/C=C\CC(CCCCCC)OC(OCCCCCCCCCCCCCCCCCC)=O)CCN1CCCCC1,0.9264967640910848
 CN(CCC(=O)OCCCCCCCC/C=C\CC(CCCCCC)OC(OCCC#CCCCCCC)=O)CCO,0.9210306037846168
 N(CCC(=O)OCCCCCCCC/C=C\CC(CCCCCC)OC(OCC#CCCCCC)=O)(CCC(=O)OCCCCCCCC/C=C\CC(CCCCCC)OC(OCC#CCCCCC)=O)CCC1N(CC(C)C)CCCC1,0.9145358865008472
 CN(C)CCCN(CCC(=O)OCCCCCCCC/C=C\CC(CCCCCC)OC(OCC#CCCCCCC)=O)CCCN(C)C,0.9117602608826288
 N(CCC(=O)OCCCCCCCC/C=C\CC(CCCCCC)OC(OCC#CCCCCC)=O)(CCC(=O)OCCCCCCCC/C=C\CC(CCCCCC)OC(OCC#CCCCCC)=O)CCCN1C=NC=C1,0.9074928074740704
 N(CCC(=O)OCCCCCCCC/C=C\CC(CCCCCC)OC(OCC#CCCCC)=O)(CCC(=O)OCCCCCCCC/C=C\CC(CCCCCC)OC(OCC#CCCCC)=O)CCC1N(C(C)C)CCCC1,0.8464183362138913
 OCC1CCN(CCC(=O)OCCCCCCCC/C=C\CC(CCCCCC)OC(OCCCCCCCC/C=C\CCCCCCCC)=O)CC1,0.8460750283724837
 C1(N2CCN(CCC(=O)OCCCCCCCC/C=C\CC(CCCCCC)OC(OCC#CCCCC)=O)CC2)=NC=CC=C1,0.8309089024320142
 N(CCC(=O)OCCCCCCCC/C=C\CC(CCCCCC)OC(OCCC#CCCCCCC)=O)(CCC(=O)OCCCCCCCC/C=C\CC(CCCCCC)OC(OCCC#CCCCCCC)=O)CCCN1CCOCC1,0.8092876286118926
 CN(CCC(=O)OCCCCCCCC/C=C\CC(CCCCCC)OC(OCCCCCCCC/C=C\C/C=C\CCCCC)=O)CCOCCOCCN(CCC(=O)OCCCCCCCC/C=C\CC(CCCCCC)OC(OCCCCCCCC/C=C\C/C=C\CCCCC)=O)C,0.7562201572834064
 CN(CC1)CCN1CCCN(CCC(=O)OCCCCCCCC/C=C\CC(CCCCCC)OC(OCC#CCCCCC)=O)(CCC(=O)OCCCCCCCC/C=C\CC(CCCCCC)OC(OCC#CCCCCC)=O),0.7370587911151979
 CN(CCC(=O)OCCCCCCCC/C=C\CC(CCCCCC)OC(OCC#CCCCCCC)=O)CCN(C)C,0.730404680619888
 N(CCC(=O)OCCCCCCCC/C=C\CC(CCCCCC)OC(OCCCCCCCC/C=C\CCCCCCCC)=O)(CCC(=O)OCCCCCCCC/C=C\CC(CCCCCC)OC(OCCCCCCCC/C=C\CCCCCCCC)=O)CCCN(CCC(=O)OCCCCCCCC/C=C\CC(CCCCCC)OC(OCCCCCCCC/C=C\CCCCCCCC)=O)CCN(CCC(=O)OCCCCCCCC/C=C\CC(CCCCCC)OC(OCCCCCCCC/C=C\CCCCCCCC)=O)CCCN(CCC(=O)OCCCCCCCC/C=C\CC(CCCCCC)OC(OCCCCCCCC/C=C\CCCCCCCC)=O)(CCC(=O)OCCCCCCCC/C=C\CC(CCCCCC)OC(OCCCCCCCC/C=C\CCCCCCCC)=O),0.7258674779214505
 N(CCC(=O)OCCCCCCCC/C=C\CC(CCCCCC)OC(OCC#CCC)=O)(CCC(=O)OCCCCCCCC/C=C\CC(CCCCCC)OC(OCC#CCC)=O)CCC1N(CC(C)C)CCCC1,0.712436761626841
 N(CCC(=O)OCCCCCCCC/C=C\CC(CCCCCC)OC(OCC#CCCCCCC)=O)(CCC(=O)OCCCCCCCC/C=C\CC(CCCCCC)OC(OCC#CCCCCCC)=O)CCN1CCCCN(C)CC1,0.6715354145668455
 N(CCC(=O)OCCCCCCCC/C=C\CC(CCCCCC)OC(OCCC#CCCCC)=O)(CCC(=O)OCCCCCCCC/C=C\CC(CCCCCC)OC(OCCC#CCCCC)=O)CCN(CCC(=O)OCCCCCCCC/C=C\CC(CCCCCC)OC(OCCC#CCCCC)=O)CCN(CC1)CCN1CCN(CCC(=O)OCCCCCCCC/C=C\CC(CCCCCC)OC(OCCC#CCCCC)=O)(CCC(=O)OCCCCCCCC/C=C\CC(CCCCCC)OC(OCCC#CCCCC)=O),0.6223481688087742
 N(CCC(=O)OCCCCCCCC/C=C\CC(CCCCCC)OC(OCC#CCCCCCC)=O)(CCC(=O)OCCCCCCCC/C=C\CC(CCCCCC)OC(OCC#CCCCCCC)=O)CCC1N(CC(C)C)CCCC1,0.6015103598365432
 N(CCC(=O)OCCCCCCCC/C=C\CC(CCCCCC)OC(OCC#CCCC)=O)(CCC(=O)OCCCCCCCC/C=C\CC(CCCCCC)OC(OCC#CCCC)=O)CCCN1CCOCC1,0.5975200952996796
 OCCC1CCN(CCC(=O)OCCCCCCCC/C=C\CC(CCCCCC)OC(OCCCCCCCC/C=C\CCCCCCCC)=O)CC1,0.5765556286447332
 N(CCC(=O)OCCCCCCCC/C=C\CC(CCCCCC)OC(OCCCCCCCC/C=C\CCCCCCCC)=O)(CCC(=O)OCCCCCCCC/C=C\CC(CCCCCC)OC(OCCCCCCCC/C=C\CCCCCCCC)=O)CCCN1CCCCCC1,0.5722730793413915
 CN(CC1)CCN1CCCN(CCC(=O)OCCCCCCCC/C=C\CC(CCCCCC)OC(OCC#CCCCCCC)=O)(CCC(=O)OCCCCCCCC/C=C\CC(CCCCCC)OC(OCC#CCCCCCC)=O),0.5700892940157903
 N(CCC(=O)OCCCCCCCC/C=C\CC(CCCCCC)OC(OCCCCCCCC/C=C\C/C=C\CCCCC)=O)(CCC(=O)OCCCCCCCC/C=C\CC(CCCCCC)OC(OCCCCCCCC/C=C\C/C=C\CCCCC)=O)CCN1CCOCC1,0.4033034959557916
 N(CCC(=O)OCCCCCCCC/C=C\CC(CCCCCC)OC(OCC#CCCCCC)=O)(CCC(=O)OCCCCCCCC/C=C\CC(CCCCCC)OC(OCC#CCCCCC)=O)CCC1=NC=CC=C1,0.4024499858823455
 N(CCC(=O)OCCCCCCCC/C=C\CC(CCCCCC)OC(OCCC#CCCCCCC)=O)(CCC(=O)OCCCCCCCC/C=C\CC(CCCCCC)OC(OCCC#CCCCCCC)=O)CCCN1CCCC1,0.3532932239305438
 OCCC1CCCCN(CCC(=O)OCCCCCCCC/C=C\CC(CCCCCC)OC(OCC#CCCCC)=O)1,0.3039543177001453
 N(CCC(=O)OCCCCCCCC/C=C\CC(CCCCCC)OC(OCC#CCCCC)=O)(CCC(=O)OCCCCCCCC/C=C\CC(CCCCCC)OC(OCC#CCCCC)=O)CCN1CCOCC1,0.2704764219566606
 OC1CCN(CCC(=O)OCCCCCCCC/C=C\CC(CCCCCC)OC(OCCC#CCCCCCC)=O)CC1,0.268503810335856
 N(CCC(=O)OCCCCCCCC/C=C\CC(CCCCCC)OC(OCCC#CCCCC)=O)(CCC(=O)OCCCCCCCC/C=C\CC(CCCCCC)OC(OCCC#CCCCC)=O)CCCN1CCN(CCCN(CCC(=O)OCCCCCCCC/C=C\CC(CCCCCC)OC(OCCC#CCCCC)=O)(CCC(=O)OCCCCCCCC/C=C\CC(CCCCCC)OC(OCCC#CCCCC)=O))CC1,0.2562493361853504
 N(CCC(=O)OCCCCCCCC/C=C\CC(CCCCCC)OC(OCC#CCC)=O)(CCC(=O)OCCCCCCCC/C=C\CC(CCCCCC)OC(OCC#CCC)=O)CCC1=CN(CCC(=O)OCCCCCCCC/C=C\CC(CCCCCC)OC(OCC#CCC)=O)C=N1,0.2213400498430967
 CN(CC1)CCC1CN2CCN(CCC(=O)OCCCCCCCC/C=C\CC(CCCCCC)OC(OCC#CCCC)=O)CC2,0.1587983862799293
 N(CCC(=O)OCCCCCCCC/C=C\CC(CCCCCC)OC(OCCCCCCCC/C=C\CCCCCCCC)=O)(CCC(=O)OCCCCCCCC/C=C\CC(CCCCCC)OC(OCCCCCCCC/C=C\CCCCCCCC)=O)CCC1N(C(C)C)CCCC1,0.1239190978098975
 OCCC1CCN(CCC(=O)OCCCCCCCC/C=C\CC(CCCCCC)OC(OCC#CCCCCCC)=O)CC1,0.117104162536782
 N(CCC(=O)OCCCCCCCC/C=C\CC(CCCCCC)OC(OCC#CCCCCCC)=O)(CCC(=O)OCCCCCCCC/C=C\CC(CCCCCC)OC(OCC#CCCCCCC)=O)CCCN1CCOCC1,0.0930963559651468
 N(CCC(=O)OCCCCCCCC/C=C\CC(CCCCCC)OC(OCC#CCCCCCC)=O)(CCC(=O)OCCCCCCCC/C=C\CC(CCCCCC)OC(OCC#CCCCCCC)=O)CCCN(C)CCCN(CCC(=O)OCCCCCCCC/C=C\CC(CCCCCC)OC(OCC#CCCCCCC)=O)(CCC(=O)OCCCCCCCC/C=C\CC(CCCCCC)OC(OCC#CCCCCCC)=O),0.0919485671986639
 C1(N2CCN(CCC(=O)OCCCCCCCC/C=C\CC(CCCCCC)OC(OCC#CCC)=O)CC2)=CN=CC=C1,0.0749738243934014
 N1(CCN2CCCC2)CCN(CCC(=O)OCCCCCCCC/C=C\CC(CCCCCC)OC(OCC#CCCCCCC)=O)CC1,0.0595616196264527
 CN(C)CCCN(CCC(=O)OCCCCCCCC/C=C\CC(CCCCCC)OC(OCC#CCCCC)=O)CCCN(C)C,0.0381158809256144
 CN(CCC(=O)OCCCCCCCC/C=C\CC(CCCCCC)OC(OCCC#CCCCC)=O)CCCN1C=CN=C1,0.0025906161443417
 CN(CCC(=O)OCCCCCCCC/C=C\CC(CCCCCC)OC(OCC#CCC)=O)CCOCCOCCN(CCC(=O)OCCCCCCCC/C=C\CC(CCCCCC)OC(OCC#CCC)=O)C,-0.0010428518888955
 N(CCC(=O)OCCCCCCCC/C=C\CC(CCCCCC)OC(OCCC#CCCCC)=O)(CCC(=O)OCCCCCCCC/C=C\CC(CCCCCC)OC(OCCC#CCCCC)=O)CCC1N(CC(C)C)CCCC1,-0.010076005363531
 N(CCC(=O)OCCCCCCCC/C=C\CC(CCCCCC)OC(OCC#CCCCC)=O)(CCC(=O)OCCCCCCCC/C=C\CC(CCCCCC)OC(OCC#CCCCC)=O)CCCN(C)C,-0.0181213313469689
 CN(CCC(=O)OCCCCCCCC/C=C\CC(CCCCCC)OC(OCCC#CCCCCCC)=O)CCO,-0.0319451580193471
 CCN(CC)CCN(CCC(=O)OCCCCCCCC/C=C\CC(CCCCCC)OC(OCC#CCCC)=O)CCN(CC)CC,-0.0842008788037872
 N(CCC(=O)OCCCCCCCC/C=C\CC(CCCCCC)OC(OCC#CCCCC)=O)(CCC(=O)OCCCCCCCC/C=C\CC(CCCCCC)OC(OCC#CCCCC)=O)CCC1=NC=CC=C1,-0.1003236218094963
 N(CCC(=O)OCCCCCCCC/C=C\CC(CCCCCC)OC(OCCCCCCCC/C=C\C/C=C\CCCCC)=O)(CCC(=O)OCCCCCCCC/C=C\CC(CCCCCC)OC(OCCCCCCCC/C=C\C/C=C\CCCCC)=O)CCCN1CCCCCC1,-0.1034638405492061
 C1(C2N(CCC(=O)OCCCCCCCC/C=C\CC(CCCCCC)OC(OCCC#CCCCC)=O)CC2)=CC=CC=C1,-0.17541414886316
 OCC1CCN(CCC(=O)OCCCCCCCC/C=C\CC(CCCCCC)OC(OCCC#CCCCCCC)=O)CC1,-0.1916623643744134
 N(CCC(=O)OCCCCCCCC/C=C\CC(CCCCCC)OC(OCCC#CCCCC)=O)(CCC(=O)OCCCCCCCC/C=C\CC(CCCCCC)OC(OCCC#CCCCC)=O)CC(O)CO,-0.2080952713255952
 CN(CCC(=O)OCCCCCCCC/C=C\CC(CCCCCC)OC(OCCCCCCCC/C=C\C/C=C\CCCCC)=O)CCCN1C=CN=C1,-0.231049531818599
 N(CCC(=O)OCCCCCCCC/C=C\CC(CCCCCC)OC(OCCC#CCCCCCC)=O)(CCC(=O)OCCCCCCCC/C=C\CC(CCCCCC)OC(OCCC#CCCCCCC)=O)CCCN1C=NC=C1,-0.2338383324092164
 CN(CCCN(CCC(=O)OCCCCCCCC/C=C\CC(CCCCCC)OC(OCC#CCCCCCC)=O)C)CCCN(CCC(=O)OCCCCCCCC/C=C\CC(CCCCCC)OC(OCC#CCCCCCC)=O)C,-0.2345621368755959
 CN(C)CCCN1CCN(CCC(=O)OCCCCCCCC/C=C\CC(CCCCCC)OC(OCC#CCCCCC)=O)CC1,-0.2787790701131176
 N(CCC(=O)OCCCCCCCC/C=C\CC(CCCCCC)OC(OCCCCCCCCCCCCCCCCCC)=O)(CCC(=O)OCCCCCCCC/C=C\CC(CCCCCC)OC(OCCCCCCCCCCCCCCCCCC)=O)CCN(CCC(=O)OCCCCCCCC/C=C\CC(CCCCCC)OC(OCCCCCCCCCCCCCCCCCC)=O)CCN(CC1)CCN1CCN(CCC(=O)OCCCCCCCC/C=C\CC(CCCCCC)OC(OCCCCCCCCCCCCCCCCCC)=O)(CCC(=O)OCCCCCCCC/C=C\CC(CCCCCC)OC(OCCCCCCCCCCCCCCCCCC)=O),-0.2902625266277515
 OCC1N(CCC(=O)OCCCCCCCC/C=C\CC(CCCCCC)OC(OCC#CCCCCC)=O)CCCC1,-0.2962423534425512
 C1(N2CCN(CCC(=O)OCCCCCCCC/C=C\CC(CCCCCC)OC(OCCC#CCCCC)=O)CC2)=NC=CC=C1,-0.3140035588296834
 CN(C)CCCN(CCC(=O)OCCCCCCCC/C=C\CC(CCCCCC)OC(OCCC#CCCCC)=O)CCCN(C)C,-0.3493011395554655
 N(CCC(=O)OCCCCCCCC/C=C\CC(CCCCCC)OC(OCC#CCCCC)=O)(CCC(=O)OCCCCCCCC/C=C\CC(CCCCCC)OC(OCC#CCCCC)=O)CCCN(CCC(=O)OCCCCCCCC/C=C\CC(CCCCCC)OC(OCC#CCCCC)=O)C,-0.3658272009759991
 C1(N2CCN(CCC(=O)OCCCCCCCC/C=C\CC(CCCCCC)OC(OCCCCCCCCCCCCCCCCCC)=O)CC2)=NC=CC=C1,-0.4866901361514638
 N(CCC(=O)OCCCCCCCC/C=C\CC(CCCCCC)OC(OCC#CCCC)=O)(CCC(=O)OCCCCCCCC/C=C\CC(CCCCCC)OC(OCC#CCCC)=O)CCCCCO,-0.4947889844621714
 N(CCC(=O)OCCCCCCCC/C=C\CC(CCCCCC)OC(OCCC#CCCCC)=O)(CCC(=O)OCCCCCCCC/C=C\CC(CCCCCC)OC(OCCC#CCCCC)=O)CC1N(C)CCCC1,-0.5129172594093304
 C1(N2CCN(CCC(=O)OCCCCCCCC/C=C\CC(CCCCCC)OC(OCCCCCCCC/C=C\C/C=C\CCCCC)=O)CC2)=NC=CC=C1,-0.542046045432634
 CN(CCC(=O)OCCCCCCCC/C=C\CC(CCCCCC)OC(OCCC#CCCCC)=O)CCN(CCC(=O)OCCCCCCCC/C=C\CC(CCCCCC)OC(OCCC#CCCCC)=O)C,-0.5716583244257482
 N(CCC(=O)OCCCCCCCC/C=C\CC(CCCCCC)OC(OCCC#CCCCCCC)=O)(CCC(=O)OCCCCCCCC/C=C\CC(CCCCCC)OC(OCCC#CCCCCCC)=O)CCCN(C)C,-0.5873526492683477
 OCCOCCN1CCN(CCC(=O)OCCCCCCCC/C=C\CC(CCCCCC)OC(OCCCCCCCC/C=C\C/C=C\CCCCC)=O)CC1,-0.5994081174569635
 C1(N2CCN(CCC(=O)OCCCCCCCC/C=C\CC(CCCCCC)OC(OCCCCCCCC/C=C\CCCCCCCC)=O)CC2)=NC=CC=C1,-0.6053945351800335
 C1N(CCC(=O)OCCCCCCCC/C=C\CC(CCCCCC)OC(OCCC#CCCCC)=O)CCN(CCC(=O)OCCCCCCCC/C=C\CC(CCCCCC)OC(OCCC#CCCCC)=O)CCN(CCC(=O)OCCCCCCCC/C=C\CC(CCCCCC)OC(OCCC#CCCCC)=O)C1,-0.6252859168730391
 CN(CCC(=O)OCCCCCCCC/C=C\CC(CCCCCC)OC(OCCC#CCCCC)=O)CCO,-0.642146553010418
 CN(CC1)CCC1CN2CCN(CCC(=O)OCCCCCCCC/C=C\CC(CCCCCC)OC(OCCC#CCCCC)=O)CC2,-0.6455665112052248
 N(CCC(=O)OCCCCCCCC/C=C\CC(CCCCCC)OC(OCCC#CCCCC)=O)(CCC(=O)OCCCCCCCC/C=C\CC(CCCCCC)OC(OCCC#CCCCC)=O)CCCCCO,-0.6546155921378355
 N(CCC(=O)OCCCCCCCC/C=C\CC(CCCCCC)OC(OCC#CCC)=O)(CCC(=O)OCCCCCCCC/C=C\CC(CCCCCC)OC(OCC#CCC)=O)CCO,-0.6963491126601317
 N(CCC(=O)OCCCCCCCC/C=C\CC(CCCCCC)OC(OCCCCCCCC/C=C\CCCCCCCC)=O)(CCC(=O)OCCCCCCCC/C=C\CC(CCCCCC)OC(OCCCCCCCC/C=C\CCCCCCCC)=O)CCO,-0.7259148834303297
 N(CCC(=O)OCCCCCCCC/C=C\CC(CCCCCC)OC(OCCC#CCCCC)=O)(CCC(=O)OCCCCCCCC/C=C\CC(CCCCCC)OC(OCCC#CCCCC)=O)CCCN1CCOCC1,-0.7259148834303297
 N(CCC(=O)OCCCCCCCC/C=C\CC(CCCCCC)OC(OCC#CCC)=O)(CCC(=O)OCCCCCCCC/C=C\CC(CCCCCC)OC(OCC#CCC)=O)CCC1=NC=CC=C1,-0.7581908578107769
 N(CCC(=O)OCCCCCCCC/C=C\CC(CCCCCC)OC(OCCC#CCCCC)=O)(CCC(=O)OCCCCCCCC/C=C\CC(CCCCCC)OC(OCCC#CCCCC)=O)CCN1CCOCC1,-0.7718568357662144
 N(CCC(=O)OCCCCCCCC/C=C\CC(CCCCCC)OC(OCCC#CCCCCCC)=O)(CCC(=O)OCCCCCCCC/C=C\CC(CCCCCC)OC(OCCC#CCCCCCC)=O)CCCCCO,-0.7735739795390851
 CCOC(CN(CCC(=O)OCCCCCCCC/C=C\CC(CCCCCC)OC(OCC#CCCCC)=O)(CCC(=O)OCCCCCCCC/C=C\CC(CCCCCC)OC(OCC#CCCCC)=O))OCC,-0.8024974743972169
 C1(N2CCN(CCC(=O)OCCCCCCCC/C=C\CC(CCCCCC)OC(OCCC#CCCCCCC)=O)CC2)=NC=CC=C1,-0.858251122977194
 N(CCC(=O)OCCCCCCCC/C=C\CC(CCCCCC)OC(OCC#CCC)=O)(CCC(=O)OCCCCCCCC/C=C\CC(CCCCCC)OC(OCC#CCC)=O)CCN1CCC(C)CC1,-0.9145637348753716
 CN(C)CCN1CCN(CCC(=O)OCCCCCCCC/C=C\CC(CCCCCC)OC(OCC#CCC)=O)CC1,-0.9435975892339122
 N(CCC(=O)OCCCCCCCC/C=C\CC(CCCCCC)OC(OCCC#CCCCCCC)=O)(CCC(=O)OCCCCCCCC/C=C\CC(CCCCCC)OC(OCCC#CCCCCCC)=O)CCN(CC)CC,-0.9535976727543456
 C1N(CCC(=O)OCCCCCCCC/C=C\CC(CCCCCC)OC(OCCCCCCCC/C=C\C/C=C\CCCCC)=O)CCCN(CCC(=O)OCCCCCCCC/C=C\CC(CCCCCC)OC(OCCCCCCCC/C=C\C/C=C\CCCCC)=O)CCN(CCC(=O)OCCCCCCCC/C=C\CC(CCCCCC)OC(OCCCCCCCC/C=C\C/C=C\CCCCC)=O)CCCN(CCC(=O)OCCCCCCCC/C=C\CC(CCCCCC)OC(OCCCCCCCC/C=C\C/C=C\CCCCC)=O)C1,-0.97486977900724
 N(CCC(=O)OCCCCCCCC/C=C\CC(CCCCCC)OC(OCC#CCCCCC)=O)(CCC(=O)OCCCCCCCC/C=C\CC(CCCCCC)OC(OCC#CCCCCC)=O)CCCN1CCCCCC1,-0.9811502872094552
 N(CCC(=O)OCCCCCCCC/C=C\CC(CCCCCC)OC(OCCCCCCCCCCCCCCCCCC)=O)(CCC(=O)OCCCCCCCC/C=C\CC(CCCCCC)OC(OCCCCCCCCCCCCCCCCCC)=O)CCCCCO,-1.0203673788778993
 CN(C)CCN1CCN(CCC(=O)OCCCCCCCC/C=C\CC(CCCCCC)OC(OCC#CCCC)=O)CC1,-1.070470016014845
 CCOC(CN(CCC(=O)OCCCCCCCC/C=C\CC(CCCCCC)OC(OCCC#CCCCC)=O)(CCC(=O)OCCCCCCCC/C=C\CC(CCCCCC)OC(OCCC#CCCCC)=O))OCC,-1.090442976452535
 CN(CCC(=O)OCCCCCCCC/C=C\CC(CCCCCC)OC(OCC#CCCC)=O)CCO,-1.1163829183921068
 N(CCC(=O)OCCCCCCCC/C=C\CC(CCCCCC)OC(OCCCCCCCCCCCCCCCCCC)=O)(CCC(=O)OCCCCCCCC/C=C\CC(CCCCCC)OC(OCCCCCCCCCCCCCCCCCC)=O)CCN1CCCCCC1,-1.122723144010345
 OC1CCN(CCC(=O)OCCCCCCCC/C=C\CC(CCCCCC)OC(OCCCCCCCC/C=C\C/C=C\CCCCC)=O)CC1,-1.1233035728376897
 C1N(CCC(=O)OCCCCCCCC/C=C\CC(CCCCCC)OC(OCCC#CCCCC)=O)CCCN(CCC(=O)OCCCCCCCC/C=C\CC(CCCCCC)OC(OCCC#CCCCC)=O)CCN(CCC(=O)OCCCCCCCC/C=C\CC(CCCCCC)OC(OCCC#CCCCC)=O)CCCN(CCC(=O)OCCCCCCCC/C=C\CC(CCCCCC)OC(OCCC#CCCCC)=O)C1,-1.1335727246559215
 N(CCC(=O)OCCCCCCCC/C=C\CC(CCCCCC)OC(OCCCCCCCC/C=C\CCCCCCCC)=O)(CCC(=O)OCCCCCCCC/C=C\CC(CCCCCC)OC(OCCCCCCCC/C=C\CCCCCCCC)=O)CCN1CCCCCC1,-1.1591236421702042
 N(CCC(=O)OCCCCCCCC/C=C\CC(CCCCCC)OC(OCC#CCCC)=O)(CCC(=O)OCCCCCCCC/C=C\CC(CCCCCC)OC(OCC#CCCC)=O)CCN1CCN(C)CC1,-1.1619410649606012
 N(CCC(=O)OCCCCCCCC/C=C\CC(CCCCCC)OC(OCCCCCCCCCCCCCCCCCC)=O)(CCC(=O)OCCCCCCCC/C=C\CC(CCCCCC)OC(OCCCCCCCCCCCCCCCCCC)=O)CC1N(C)CCCC1,-1.185076575431046
 N(CCC(=O)OCCCCCCCC/C=C\CC(CCCCCC)OC(OCCCCCCCC/C=C\CCCCCCCC)=O)(CCC(=O)OCCCCCCCC/C=C\CC(CCCCCC)OC(OCCCCCCCC/C=C\CCCCCCCC)=O)CCCN(CCC(=O)OCCCCCCCC/C=C\CC(CCCCCC)OC(OCCCCCCCC/C=C\CCCCCCCC)=O)C,-1.193703907816445
 N(CCC(=O)OCCCCCCCC/C=C\CC(CCCCCC)OC(OCC#CCC)=O)(CCC(=O)OCCCCCCCC/C=C\CC(CCCCCC)OC(OCC#CCC)=O)CCCN(CCC(=O)OCCCCCCCC/C=C\CC(CCCCCC)OC(OCC#CCC)=O)(CCC(=O)OCCCCCCCC/C=C\CC(CCCCCC)OC(OCC#CCC)=O),-1.195380374574963
 N(CCC(=O)OCCCCCCCC/C=C\CC(CCCCCC)OC(OCCCCCCCC/C=C\C/C=C\CCCCC)=O)(CCC(=O)OCCCCCCCC/C=C\CC(CCCCCC)OC(OCCCCCCCC/C=C\C/C=C\CCCCC)=O)CCN1CCCCCC1,-1.2319639694897797
 N(CCC(=O)OCCCCCCCC/C=C\CC(CCCCCC)OC(OCC#CCCCC)=O)(CCC(=O)OCCCCCCCC/C=C\CC(CCCCCC)OC(OCC#CCCCC)=O)CCCN(CCC(=O)OCCCCCCCC/C=C\CC(CCCCCC)OC(OCC#CCCCC)=O)(CCC(=O)OCCCCCCCC/C=C\CC(CCCCCC)OC(OCC#CCCCC)=O),-1.244413587224983
 N(CCC(=O)OCCCCCCCC/C=C\CC(CCCCCC)OC(OCC#CCCCC)=O)(CCC(=O)OCCCCCCCC/C=C\CC(CCCCCC)OC(OCC#CCCCC)=O)CC1OCCO1,-1.2466434279194711
 N(CCC(=O)OCCCCCCCC/C=C\CC(CCCCCC)OC(OCC#CCC)=O)(CCC(=O)OCCCCCCCC/C=C\CC(CCCCCC)OC(OCC#CCC)=O)CC1OCCO1,-1.2718578920000652
 CN(CCC(=O)OCCCCCCCC/C=C\CC(CCCCCC)OC(OCC#CCCC)=O)CCO,-1.3204084706200334
 COC(CN(CCC(=O)OCCCCCCCC/C=C\CC(CCCCCC)OC(OCCCCCCCC/C=C\C/C=C\CCCCC)=O)(CCC(=O)OCCCCCCCC/C=C\CC(CCCCCC)OC(OCCCCCCCC/C=C\C/C=C\CCCCC)=O))OC,-1.3411541186641214
 COC(CN(CCC(=O)OCCCCCCCC/C=C\CC(CCCCCC)OC(OCC#CCCC)=O)(CCC(=O)OCCCCCCCC/C=C\CC(CCCCCC)OC(OCC#CCCC)=O))OC,-1.3465930997439777
 CN(CCC(=O)OCCCCCCCC/C=C\CC(CCCCCC)OC(OCCC#CCCCC)=O)CCO,-1.3507118847107369
 CN(C)CCN1CCN(CCC(=O)OCCCCCCCC/C=C\CC(CCCCCC)OC(OCCC#CCCCC)=O)CC1,-1.4222755024516558
 N(CCC(=O)OCCCCCCCC/C=C\CC(CCCCCC)OC(OCCCCCCCC/C=C\C/C=C\CCCCC)=O)(CCC(=O)OCCCCCCCC/C=C\CC(CCCCCC)OC(OCCCCCCCC/C=C\C/C=C\CCCCC)=O)CCN1CCN(C)CC1,-1.4351855609473856
 N(CCC(=O)OCCCCCCCC/C=C\CC(CCCCCC)OC(OCCCCCCCC/C=C\C/C=C\CCCCC)=O)(CCC(=O)OCCCCCCCC/C=C\CC(CCCCCC)OC(OCCCCCCCC/C=C\C/C=C\CCCCC)=O)CC1N(C)CCCC1,-1.445650113005623
 C1(C2N(CCC(=O)OCCCCCCCC/C=C\CC(CCCCCC)OC(OCCCCCCCCCCCCCCCCCC)=O)CC2)=CC=CC=C1,-1.6646557719706394
 N(CCC(=O)OCCCCCCCC/C=C\CC(CCCCCC)OC(OCCCCCCCCCCCCCCCCCC)=O)(CCC(=O)OCCCCCCCC/C=C\CC(CCCCCC)OC(OCCCCCCCCCCCCCCCCCC)=O)CCCN1C=NC=C1,-1.671633288684547
 N(CCC(=O)OCCCCCCCC/C=C\CC(CCCCCC)OC(OCCCCCCCC/C=C\CCCCCCCC)=O)(CCC(=O)OCCCCCCCC/C=C\CC(CCCCCC)OC(OCCCCCCCC/C=C\CCCCCCCC)=O)CC1OCCO1,-1.6813907211527066
 N(CCC(=O)OCCCCCCCC/C=C\CC(CCCCCC)OC(OCC#CCCCCCC)=O)(CCC(=O)OCCCCCCCC/C=C\CC(CCCCCC)OC(OCC#CCCCCCC)=O)CCO,-1.9094143658340907
OC(C(CN(C)CC1=CC=CN=C1)CCCCOC(CCCCCCC/C=C\C/C=C\CCCCC)=O)CCCCCOC(CCCCCCC/C=C\C/C=C\CCCCC)=O,-1.9782255753778772
OC(C(CN(C)CC1=CC=CN=C1)CCCCOC(CCCCCCC/C=C\C/C=C\CCCCC)=O)CCCCCOC(CCCCCCC/C=C\C/C=C\CCCCC)=O,-1.4147954187515033
OC(C(CN(C)CC1=CC=CN=C1)CCCCOC(CCCCCCC/C=C\C/C=C\CCCCC)=O)CCCCCOC(CCCCCCC/C=C\C/C=C\CCCCC)=O,-1.3494701832006193
OC(C(CN(C)CC1=CC=CN=C1)CCCCOC(CCCCCCC/C=C\C/C=C\CCCCC)=O)CCCCCOC(CCCCCCC/C=C\C/C=C\CCCCC)=O,-1.4719549998585266
OC(C(CN(C)CC1=CC=CN=C1)CCCCOC(CCCCCCC/C=C\C/C=C\CCCCC)=O)CCCCCOC(CCCCCCC/C=C\C/C=C\CCCCC)=O,-1.6679307065111788
OC(C(CN(C)CC1=CC=CN=C1)CCCCOC(CCCCCCC/C=C\C/C=C\CCCCC)=O)CCCCCOC(CCCCCCC/C=C\C/C=C\CCCCC)=O,-1.4392923820830843
OC(C(CN(C)CC1=CC=CN=C1)CCCCOC(CCCCCCC/C=C\C/C=C\CCCCC)=O)CCCCCOC(CCCCCCC/C=C\C/C=C\CCCCC)=O,-1.610771125404155
OC(C(CN(C)CC1=CC=CN=C1)CCCCOC(CCCCCCC/C=C\C/C=C\CCCCC)=O)CCCCCOC(CCCCCCC/C=C\C/C=C\CCCCC)=O,-2.1252073553673663
OC(C(CN(C)CC1=CC=CN=C1)CCCCOC(CCCCCCC/C=C\C/C=C\CCCCC)=O)CCCCCOC(CCCCCCC/C=C\C/C=C\CCCCC)=O,-0.8595309165689894
OC(C(CN(C)CC1=CC=CN=C1)CCCCOC(CCCCCCC/C=C\C/C=C\CCCCC)=O)CCCCCOC(CCCCCCC/C=C\C/C=C\CCCCC)=O,-1.153494476547967
OC(C(CN(C)CC1=CC=CN=C1)CCCCOC(CCCCCCC/C=C\C/C=C\CCCCC)=O)CCCCCOC(CCCCCCC/C=C\C/C=C\CCCCC)=O,-0.7778743721303844
OC(C(CN(C)CC1=CC=CN=C1)CCCCOC(CCCCCCC/C=C\C/C=C\CCCCC)=O)CCCCCOC(CCCCCCC/C=C\C/C=C\CCCCC)=O,-1.4066297643076426
OC(C(CN(C)CC1=CC=CN=C1)CCCCOC(CCCCCCC/C=C\C/C=C\CCCCC)=O)CCCCCOC(CCCCCCC/C=C\C/C=C\CCCCC)=O,-1.904734685383133
OC(C(CN(C)CC1=CC=CN=C1)CCCCOC(CCCCCCC/C=C\C/C=C\CCCCC)=O)CCCCCOC(CCCCCCC/C=C\C/C=C\CCCCC)=O,-1.3168075654251772
OC(C(CN(C)CC1=CC=CN=C1)CCCCOC(CCCCCCC/C=C\C/C=C\CCCCC)=O)CCCCCOC(CCCCCCC/C=C\C/C=C\CCCCC)=O,-0.4920764665952669
OC(C(CN(C)CC1=CC=CN=C1)CCCCOC(CCCCCCC/C=C\C/C=C\CCCCC)=O)CCCCCOC(CCCCCCC/C=C\C/C=C\CCCCC)=O,0.0958506533626886
O=C(OCCCCCC(C(CN1CCN(C2=CN=CC=C2)CC1)CCCCOC(CCCCCCCCCCCCCCC)=O)O)CCCCCCCCCCCCCCC,-1.4719549998585266
O=C(OCCCCCC(C(CN1CCN(C2=CN=CC=C2)CC1)CCCCOC(CCCCCCCCCCCCCCC)=O)O)CCCCCCCCCCCCCCC,-1.0800035865532227
O=C(OCCCCCC(C(CN1CCN(C2=CN=CC=C2)CC1)CCCCOC(CCCCCCCCCCCCCCC)=O)O)CCCCCCCCCCCCCCC,-0.3369290321619175
O=C(OCCCCCC(C(CN1CCN(C2=CN=CC=C2)CC1)CCCCOC(CCCCCCCCCCCCCCC)=O)O)CCCCCCCCCCCCCCC,-0.6145612832531746
O=C(OCCCCCC(C(CN1CCN(C2=CN=CC=C2)CC1)CCCCOC(CCCCCCCCCCCCCCC)=O)O)CCCCCCCCCCCCCCC,-2.166035627586669
O=C(OCCCCCC(C(CN1CCN(C2=CN=CC=C2)CC1)CCCCOC(CCCCCCCCCCCCCCC)=O)O)CCCCCCCCCCCCCCC,-2.18236693647439
O=C(OCCCCCC(C(CN1CCN(C2=CN=CC=C2)CC1)CCCCOC(CCCCCCCCCCCCCCC)=O)O)CCCCCCCCCCCCCCC,-1.235151020986572
O=C(OCCCCCC(C(CN1CCN(C2=CN=CC=C2)CC1)CCCCOC(CCCCCCCCCCCCCCC)=O)O)CCCCCCCCCCCCCCC,-2.02721950204104
O=C(OCCCCCC(C(CN1CCN(C2=CN=CC=C2)CC1)CCCCOC(CCCCCCCCCCCCCCC)=O)O)CCCCCCCCCCCCCCC,-1.0881692409970831
O=C(OCCCCCC(C(CN1CCN(C2=CN=CC=C2)CC1)CCCCOC(CCCCCCCCCCCCCCC)=O)O)CCCCCCCCCCCCCCC,-1.496451963190108
O=C(OCCCCCC(C(CN1CCN(C2=CN=CC=C2)CC1)CCCCOC(CCCCCCCCCCCCCCC)=O)O)CCCCCCCCCCCCCCC,-0.5900643199215929
O=C(OCCCCCC(C(CN1CCN(C2=CN=CC=C2)CC1)CCCCOC(CCCCCCCCCCCCCCC)=O)O)CCCCCCCCCCCCCCC,-1.6189367798480154
O=C(OCCCCCC(C(CN1CCN(C2=CN=CC=C2)CC1)CCCCOC(CCCCCCCCCCCCCCC)=O)O)CCCCCCCCCCCCCCC,-2.2558578264691342
O=C(OCCCCCC(C(CN1CCN(C2=CN=CC=C2)CC1)CCCCOC(CCCCCCCCCCCCCCC)=O)O)CCCCCCCCCCCCCCC,-1.4229610731953637
CCCCCCCC/C=C\CCCCCCCC(OCCCCCC(C(CNCCO)CCCCOC(CCCCCCC/C=C\CCCCCCCC)=O)O)=O,0.2346667789083174
CCCCCCCC/C=C\CCCCCCCC(OCCCCCC(C(CNCCO)CCCCOC(CCCCCCC/C=C\CCCCCCCC)=O)O)=O,1.1492200766206933
CCCCCCCC/C=C\CCCCCCCC(OCCCCCC(C(CNCCO)CCCCOC(CCCCCCC/C=C\CCCCCCCC)=O)O)=O,0.757268663315389
CCCCCCCC/C=C\CCCCCCCC(OCCCCCC(C(CNCCO)CCCCOC(CCCCCCC/C=C\CCCCCCCC)=O)O)=O,0.3898142133416665
CCCCCCCC/C=C\CCCCCCCC(OCCCCCC(C(CNCCO)CCCCOC(CCCCCCC/C=C\CCCCCCCC)=O)O)=O,1.3696927466049262
CCCCCCCC/C=C\CCCCCCCC(OCCCCCC(C(CNCCO)CCCCOC(CCCCCCC/C=C\CCCCCCCC)=O)O)=O,0.7164403910960866
CCCCCCCC/C=C\CCCCCCCC(OCCCCCC(C(CNCCO)CCCCOC(CCCCCCC/C=C\CCCCCCCC)=O)O)=O,0.3489859411223641
CCCCCCCC/C=C\CCCCCCCC(OCCCCCC(C(CNCCO)CCCCOC(CCCCCCC/C=C\CCCCCCCC)=O)O)=O,0.4633051033364108
CCCCCCCC/C=C\CCCCCCCC(OCCCCCC(C(CNCCO)CCCCOC(CCCCCCC/C=C\CCCCCCCC)=O)O)=O,1.337030128829484
CN(CC(CCCCOC(CCCCCCC/C=C\CCCCCCCC)=O)C(O)CCCCCOC(CCCCCCC/C=C\CCCCCCCC)=O)CCN(C)C,-0.165450288840847
CN(CC(CCCCOC(CCCCCCC/C=C\CCCCCCCC)=O)C(O)CCCCCOC(CCCCCCC/C=C\CCCCCCCC)=O)CCN(C)C,1.165551385508414
CN(CC(CCCCOC(CCCCCCC/C=C\CCCCCCCC)=O)C(O)CCCCCOC(CCCCCCC/C=C\CCCCCCCC)=O)CCN(C)C,0.0550223811433863
CN(CC(CCCCOC(CCCCCCC/C=C\CCCCCCCC)=O)C(O)CCCCCOC(CCCCCCC/C=C\CCCCCCCC)=O)CCN(C)C,0.0305254178118046
CN(CC(CCCCOC(CCCCCCC/C=C\CCCCCCCC)=O)C(O)CCCCCOC(CCCCCCC/C=C\CCCCCCCC)=O)CCN(C)C,0.3489859411223641
CN(CC(CCCCOC(CCCCCCC/C=C\CCCCCCCC)=O)C(O)CCCCCOC(CCCCCCC/C=C\CCCCCCCC)=O)CCN(C)C,0.3734829044539458
CN(CC(CCCCOC(CCCCCCC/C=C\CCCCCCCC)=O)C(O)CCCCCOC(CCCCCCC/C=C\CCCCCCCC)=O)CCN(C)C,-0.3124320688303361
CN(CC(CCCCOC(CCCCCCC/C=C\CCCCCCCC)=O)C(O)CCCCCOC(CCCCCCC/C=C\CCCCCCCC)=O)CCN(C)C,0.7491030088715287
CN(CC(CCCCOC(CCCCCCC/C=C\CCCCCCCC)=O)C(O)CCCCCOC(CCCCCCC/C=C\CCCCCCCC)=O)CCN(C)C,0.5612929566627369
CCCCCCCC/C=C\CCCCCCCC(OCCCCCC(C(CNCCCN(CCCC)CCCC)CCCCOC(CCCCCCC/C=C\CCCCCCCC)=O)O)=O,0.4143111766732482
CCCCCCCC/C=C\CCCCCCCC(OCCCCCC(C(CNCCCN(CCCC)CCCC)CCCCOC(CCCCCCC/C=C\CCCCCCCC)=O)O)=O,0.7164403910960866
CCCCCCCC/C=C\CCCCCCCC(OCCCCCC(C(CNCCCN(CCCC)CCCC)CCCCOC(CCCCCCC/C=C\CCCCCCCC)=O)O)=O,0.724606045539947
CCCCCCCC/C=C\CCCCCCCC(OCCCCCC(C(CNCCCN(CCCC)CCCC)CCCCOC(CCCCCCC/C=C\CCCCCCCC)=O)O)=O,0.1203476166942704
CCCCCCCC/C=C\CCCCCCCC(OCCCCCC(C(CNCCCN(CCCC)CCCC)CCCCOC(CCCCCCC/C=C\CCCCCCCC)=O)O)=O,1.0920604955136697
CCCCCCCC/C=C\CCCCCCCC(OCCCCCC(C(CNCCCN(CCCC)CCCC)CCCCOC(CCCCCCC/C=C\CCCCCCCC)=O)O)=O,0.9532443699680412
CCCCCCCC/C=C\CCCCCCCC(OCCCCCC(C(CNCCCN(CCCC)CCCC)CCCCOC(CCCCCCC/C=C\CCCCCCCC)=O)O)=O,0.7980969355346913
CCCCCCCC/C=C\CCCCCCCC(OCCCCCC(C(CNCCCN(CCCC)CCCC)CCCCOC(CCCCCCC/C=C\CCCCCCCC)=O)O)=O,0.4306424855609688
CCCCCCCC/C=C\CCCCCCCC(OCCCCCC(C(CNCCCN(CCCC)CCCC)CCCCOC(CCCCCCC/C=C\CCCCCCCC)=O)O)=O,1.484011908818973
CCCCCCCC/C=C\CCCCCCCC(OCCCCCC(C(CNCCN1CCCC1)CCCCOC(CCCCCCC/C=C\CCCCCCCC)=O)O)=O,-0.6635552099163377
CCCCCCCC/C=C\CCCCCCCC(OCCCCCC(C(CNCCN1CCCC1)CCCCOC(CCCCCCC/C=C\CCCCCCCC)=O)O)=O,1.337030128829484
CCCCCCCC/C=C\CCCCCCCC(OCCCCCC(C(CNCCN1CCCC1)CCCCOC(CCCCCCC/C=C\CCCCCCCC)=O)O)=O,0.5694586111065972
CCCCCCCC/C=C\CCCCCCCC(OCCCCCC(C(CNCCN1CCCC1)CCCCOC(CCCCCCC/C=C\CCCCCCCC)=O)O)=O,0.4959677211118528
CCCCCCCC/C=C\CCCCCCCC(OCCCCCC(C(CNCCN1CCCC1)CCCCOC(CCCCCCC/C=C\CCCCCCCC)=O)O)=O,1.328864474385624
CCCCCCCC/C=C\CCCCCCCC(OCCCCCC(C(CNCCN1CCCC1)CCCCOC(CCCCCCC/C=C\CCCCCCCC)=O)O)=O,0.6021212288820392
CCCCCCCC/C=C\CCCCCCCC(OCCCCCC(C(CNCCN1CCCC1)CCCCOC(CCCCCCC/C=C\CCCCCCCC)=O)O)=O,-0.2634381421671731
CCCCCCCC/C=C\CCCCCCCC(OCCCCCC(C(CNCCN1CCCC1)CCCCOC(CCCCCCC/C=C\CCCCCCCC)=O)O)=O,1.0593978777382274
CCCCCCCC/C=C\CCCCCCCC(OCCCCCC(C(CNCCN1CCCC1)CCCCOC(CCCCCCC/C=C\CCCCCCCC)=O)O)=O,1.083894841069809
OC(C(CN(CCCNC)C)CCCCOC(CCCCCCC/C=C\C/C=C\CCCCC)=O)CCCCCOC(CCCCCCC/C=C\C/C=C\CCCCC)=O,-0.9411874610075944
OC(C(CN(CCCNC)C)CCCCOC(CCCCCCC/C=C\C/C=C\CCCCC)=O)CCCCCOC(CCCCCCC/C=C\C/C=C\CCCCC)=O,-0.4757451577075459
OC(C(CNCCCN1C=CN=C1)CCCCOC(CCCCCCC/C=C\C/C=C\CCCCC)=O)CCCCCOC(CCCCCCC/C=C\C/C=C\CCCCC)=O,-0.067462435514521
OC(C(CNCCCN1C=CN=C1)CCCCOC(CCCCCCC/C=C\C/C=C\CCCCC)=O)CCCCCOC(CCCCCCC/C=C\C/C=C\CCCCC)=O,0.2836607055714801
OC(C(CNCCNCCN1CCN(CCNCC(CCCCOC(CCCCCCC/C=C\C/C=C\CCCCC)=O)C(O)CCCCCOC(CCCCCCC/C=C\C/C=C\CCCCC)=O)CC1)CCCCOC(CCCCCCC/C=C\C/C=C\CCCCC)=O)CCCCCOC(CCCCCCC/C=C\C/C=C\CCCCC)=O,1.0920604955136697
OC(C(CNCCNCCN1CCN(CCNCC(CCCCOC(CCCCCCC/C=C\C/C=C\CCCCC)=O)C(O)CCCCCOC(CCCCCCC/C=C\C/C=C\CCCCC)=O)CC1)CCCCOC(CCCCCCC/C=C\C/C=C\CCCCC)=O)CCCCCOC(CCCCCCC/C=C\C/C=C\CCCCC)=O,1.10022614995753
CN(CC(CCCCOC(CCCCCCC/C=C\C/C=C\CCCCC)=O)C(O)CCCCCOC(CCCCCCC/C=C\C/C=C\CCCCC)=O)CCCN(CC(CCCCOC(CCCCCCC/C=C\C/C=C\CCCCC)=O)C(O)CCCCCOC(CCCCCCC/C=C\C/C=C\CCCCC)=O)C,-1.2841449476497353
CN(CC(CCCCOC(CCCCCCC/C=C\C/C=C\CCCCC)=O)C(O)CCCCCOC(CCCCCCC/C=C\C/C=C\CCCCC)=O)CCCN(CC(CCCCOC(CCCCCCC/C=C\C/C=C\CCCCC)=O)C(O)CCCCCOC(CCCCCCC/C=C\C/C=C\CCCCC)=O)C,-0.9085248432321524
n1cccn1CCCN(CC(C(O)CCCCCOC(=O)CCCCCCCCCCCCCC)CCCCOC(=O)CCCCCCCCCCCCCC)C,-0.371293667920151
n1cccn1CCCN(CC(C(O)CCCCCOC(=O)CCCCCCCCCCCCCCCC)CCCCOC(=O)CCCCCCCCCCCCCCCC)C,1.0900848652314692
CCCCN(CCCC)CCCN(CC(C(O)CCCCCOC(=O)CCCCCCCCCCCCCC)CCCCOC(=O)CCCCCCCCCCCCCC),1.3452369063256897
CCCCN(CCCC)CCCN(CC(C(O)CCCCCOC(=O)CCCCCCCCCCCCCCCCC)CCCCOC(=O)CCCCCCCCCCCCCCCCC),1.3386932619658136
O=C(CCN(CCC(OCCCCCCCC/C=C\CC(CCCCCC)OC(C(CCCCCCCC)CCCCCC)=O)=O)CCC1=CC=NC=C1)OCCCCCCCC/C=C\CC(CCCCCC)OC(C(CCCCCCCC)CCCCCC)=O,-1.2047890144676945
O=C(CCN(CCC(OCCCCCCCC/C=C\CC(CCCCCC)OC(C(CCCCCCCC)CCCCCC)=O)=O)CCC1=CC=NC=C1)OCCCCCCCC/C=C\CC(CCCCCC)OC(C(CCCCCCCC)CCCCCC)=O,-1.078860771900298
O=C(CCN(CCC(OCCCCCCCC/C=C\CC(CCCCCC)OC(C(CCCCCCCC)CCCCCC)=O)=O)CCC1=CC=NC=C1)OCCCCCCCC/C=C\CC(CCCCCC)OC(C(CCCCCCCC)CCCCCC)=O,-1.1328300187148963
O=C(CCN(CCC(OCCCCCCCC/C=C\CC(CCCCCC)OC(C(CCCCCCCC)CCCCCC)=O)=O)CCC1=CC=NC=C1)OCCCCCCCC/C=C\CC(CCCCCC)OC(C(CCCCCCCC)CCCCCC)=O,-1.0698658974311983
O=C(CCN(CCC(OCCCCCCCC/C=C\CC(CCCCCC)OC(C(CCCCCCCC)CCCCCC)=O)=O)CCC1=CC=NC=C1)OCCCCCCCC/C=C\CC(CCCCCC)OC(C(CCCCCCCC)CCCCCC)=O,-1.2137838889367942
O=C(CCN(CCC(OCCCCCCCC/C=C\CC(CCCCCC)OC(C(CCCCCCCC)CCCCCC)=O)=O)CCC1=CC=NC=C1)OCCCCCCCC/C=C\CC(CCCCCC)OC(C(CCCCCCCC)CCCCCC)=O,-2.293168825228762
O=C(CCN(CCC(OCCCCCCCC/C=C\CC(CCCCCC)OC(C(CCCCCCCC)CCCCCC)=O)=O)CCC1=CC=NC=C1)OCCCCCCCC/C=C\CC(CCCCCC)OC(C(CCCCCCCC)CCCCCC)=O,-0.3592708143723199
O=C(CCN(CCC(OCCCCCCCC/C=C\CC(CCCCCC)OC(C(CCCCCCCC)CCCCCC)=O)=O)CCC1=CC=NC=C1)OCCCCCCCC/C=C\CC(CCCCCC)OC(C(CCCCCCCC)CCCCCC)=O,-2.715927925276449
O=C(CCN(CCC(OCCCCCCCC/C=C\CC(CCCCCC)OC(C(CCCCCCCC)CCCCCC)=O)=O)CCC1=CC=NC=C1)OCCCCCCCC/C=C\CC(CCCCCC)OC(C(CCCCCCCC)CCCCCC)=O,-0.8899684080492037
O=C(CCN(CCC(OCCCCCCCC/C=C\CC(CCCCCC)OC(C(CCCCCCCC)CCCCCC)=O)=O)CCC1=CC=NC=C1)OCCCCCCCC/C=C\CC(CCCCCC)OC(C(CCCCCCCC)CCCCCC)=O,-1.2047890144676945
O=C(CCN(CCC(OCCCCCCCC/C=C\CC(CCCCCC)OC(C(CCCCCCCC)CCCCCC)=O)=O)CCC1=CC=NC=C1)OCCCCCCCC/C=C\CC(CCCCCC)OC(C(CCCCCCCC)CCCCCC)=O,-0.593137550568913
O=C(CCN(CCC(OCCCCCCCC/C=C\CC(CCCCCC)OC(C(CCCCCCCC)CCCCCC)=O)=O)CCC1=CC=NC=C1)OCCCCCCCC/C=C\CC(CCCCCC)OC(C(CCCCCCCC)CCCCCC)=O,-1.420666001726088
O=C(CCN(CCC(OCCCCCCCC/C=C\CC(CCCCCC)OC(C(CCCCCCCC)CCCCCC)=O)=O)CCC1=CC=NC=C1)OCCCCCCCC/C=C\CC(CCCCCC)OC(C(CCCCCCCC)CCCCCC)=O,-1.0248915250857
O=C(CCN(CCC(OCCCCCCCC/C=C\CC(CCCCCC)OC(C(CCCCCCCC)CCCCCC)=O)=O)CCC1=CC=NC=C1)OCCCCCCCC/C=C\CC(CCCCCC)OC(C(CCCCCCCC)CCCCCC)=O,-0.9169530314565032
O=C(CCN(CCC(OCCCCCCCC/C=C\CC(CCCCCC)OC(CCCC1CCCCC1)=O)=O)CCC2=CC=NC=C2)OCCCCCCCC/C=C\CC(CCCCCC)OC(CCCC3CCCCC3)=O,-1.222778763405894
O=C(CCN(CCC(OCCCCCCCC/C=C\CC(CCCCCC)OC(CCCC1CCCCC1)=O)=O)CCC2=CC=NC=C2)OCCCCCCCC/C=C\CC(CCCCCC)OC(CCCC3CCCCC3)=O,-1.708501984737279
O=C(CCN(CCC(OCCCCCCCC/C=C\CC(CCCCCC)OC(CCCC1CCCCC1)=O)=O)CCC2=CC=NC=C2)OCCCCCCCC/C=C\CC(CCCCCC)OC(CCCC3CCCCC3)=O,-0.7010760441981095
O=C(CCN(CCC(OCCCCCCCC/C=C\CC(CCCCCC)OC(CCCC1CCCCC1)=O)=O)CCC2=CC=NC=C2)OCCCCCCCC/C=C\CC(CCCCCC)OC(CCCC3CCCCC3)=O,-2.104276461377667
O=C(CCN(CCC(OCCCCCCCC/C=C\CC(CCCCCC)OC(CCCC1CCCCC1)=O)=O)CCC2=CC=NC=C2)OCCCCCCCC/C=C\CC(CCCCCC)OC(CCCC3CCCCC3)=O,-1.483630123009786
O=C(CCN(CCC(OCCCCCCCC/C=C\CC(CCCCCC)OC(CCCC1CCCCC1)=O)=O)CCC2=CC=NC=C2)OCCCCCCCC/C=C\CC(CCCCCC)OC(CCCC3CCCCC3)=O,-1.9333738464647725
O=C(CCN(CCC(OCCCCCCCC/C=C\CC(CCCCCC)OC(CCCC1CCCCC1)=O)=O)CCC2=CC=NC=C2)OCCCCCCCC/C=C\CC(CCCCCC)OC(CCCC3CCCCC3)=O,-0.8629837846419047
O=C(CCN(CCC(OCCCCCCCC/C=C\CC(CCCCCC)OC(CCCC1CCCCC1)=O)=O)CCC2=CC=NC=C2)OCCCCCCCC/C=C\CC(CCCCCC)OC(CCCC3CCCCC3)=O,-1.1058453953075975
O=C(CCN(CCC(OCCCCCCCC/C=C\CC(CCCCCC)OC(CCCC1CCCCC1)=O)=O)CCC2=CC=NC=C2)OCCCCCCCC/C=C\CC(CCCCCC)OC(CCCC3CCCCC3)=O,-0.8719786591110044
O=C(CCN(CCC(OCCCCCCCC/C=C\CC(CCCCCC)OC(CCCC1CCCCC1)=O)=O)CCC2=CC=NC=C2)OCCCCCCCC/C=C\CC(CCCCCC)OC(CCCC3CCCCC3)=O,-1.123835144245797
O=C(CCN(CCC(OCCCCCCCC/C=C\CC(CCCCCC)OC(CCCC1CCCCC1)=O)=O)CCC2=CC=NC=C2)OCCCCCCCC/C=C\CC(CCCCCC)OC(CCCC3CCCCC3)=O,-0.8359991612346054
O=C(CCN(CCC(OCCCCCCCC/C=C\CC(CCCCCC)OC(CCCC1CCCCC1)=O)=O)CCC2=CC=NC=C2)OCCCCCCCC/C=C\CC(CCCCCC)OC(CCCC3CCCCC3)=O,-0.9709222782711016
O=C(CCN(CCC(OCCCCCCCC/C=C\CC(CCCCCC)OC(CCCC1CCCCC1)=O)=O)CCC2=CC=NC=C2)OCCCCCCCC/C=C\CC(CCCCCC)OC(CCCC3CCCCC3)=O,-0.4492195590633172
O=C(CCN(CCC(OCCCCCCCC/C=C\CC(CCCCCC)OC(CCCC1CCCCC1)=O)=O)CCC2=CC=NC=C2)OCCCCCCCC/C=C\CC(CCCCCC)OC(CCCC3CCCCC3)=O,-0.4402246845942173
O=C(CCN(CCC(OCCCCCCCC/C=C\CC(CCCCCC)OC(C(CCCCCC)CCCC)=O)=O)CCN1CCCC1)OCCCCCCCC/C=C\CC(CCCCCC)OC(C(CCCCCC)CCCC)=O,0.1174575324899656
O=C(CCN(CCC(OCCCCCCCC/C=C\CC(CCCCCC)OC(C(CCCCCC)CCCC)=O)=O)CCN1CCCC1)OCCCCCCCC/C=C\CC(CCCCCC)OC(C(CCCCCC)CCCC)=O,0.8370474900179439
O=C(CCN(CCC(OCCCCCCCC/C=C\CC(CCCCCC)OC(C(CCCCCC)CCCC)=O)=O)CCN1CCCC1)OCCCCCCCC/C=C\CC(CCCCCC)OC(C(CCCCCC)CCCC)=O,0.9000116113016422
O=C(CCN(CCC(OCCCCCCCC/C=C\CC(CCCCCC)OC(C(CCCCCC)CCCC)=O)=O)CCN1CCCC1)OCCCCCCCC/C=C\CC(CCCCCC)OC(C(CCCCCC)CCCC)=O,0.7920731176724454
O=C(CCN(CCC(OCCCCCCCC/C=C\CC(CCCCCC)OC(C(CCCCCC)CCCC)=O)=O)CCN1CCCC1)OCCCCCCCC/C=C\CC(CCCCCC)OC(C(CCCCCC)CCCC)=O,-1.8883994741192736
O=C(CCN(CCC(OCCCCCCCC/C=C\CC(CCCCCC)OC(C(CCCCCC)CCCC)=O)=O)CCN1CCCC1)OCCCCCCCC/C=C\CC(CCCCCC)OC(C(CCCCCC)CCCC)=O,-0.287311818619522
O=C(CCN(CCC(OCCCCCCCC/C=C\CC(CCCCCC)OC(C(CCCCCC)CCCC)=O)=O)CCN1CCCC1)OCCCCCCCC/C=C\CC(CCCCCC)OC(C(CCCCCC)CCCC)=O,0.7830782432033458
O=C(CCN(CCC(OCCCCCCCC/C=C\CC(CCCCCC)OC(C(CCCCCC)CCCC)=O)=O)CCN1CCCC1)OCCCCCCCC/C=C\CC(CCCCCC)OC(C(CCCCCC)CCCC)=O,-0.620122173976212
O=C(CCN(CCC(OCCCCCCCC/C=C\CC(CCCCCC)OC(C(CCCCCC)CCCC)=O)=O)CCN1CCCC1)OCCCCCCCC/C=C\CC(CCCCCC)OC(C(CCCCCC)CCCC)=O,1.4307092049785262
O=C(CCN(CCC(OCCCCCCCC/C=C\CC(CCCCCC)OC(C(CCCCCC)CCCC)=O)=O)CCN1CCCC1)OCCCCCCCC/C=C\CC(CCCCCC)OC(C(CCCCCC)CCCC)=O,0.2703703984646614
O=C(CCN(CCC(OCCCCCCCC/C=C\CC(CCCCCC)OC(C(CCCCCC)CCCC)=O)=O)CCN1CCCC1)OCCCCCCCC/C=C\CC(CCCCCC)OC(C(CCCCCC)CCCC)=O,1.835478556088014
O=C(CCN(CCC(OCCCCCCCC/C=C\CC(CCCCCC)OC(C(CCCCCC)CCCC)=O)=O)CCN1CCCC1)OCCCCCCCC/C=C\CC(CCCCCC)OC(C(CCCCCC)CCCC)=O,0.8370474900179439
O=C(CCN(CCC(OCCCCCCCC/C=C\CC(CCCCCC)OC(C(CCCCCC)CCCC)=O)=O)CCN1CCCC1)OCCCCCCCC/C=C\CC(CCCCCC)OC(C(CCCCCC)CCCC)=O,-0.0174655845465302
O=C(CCN(CCC(OCCCCCCCC/C=C\CC(CCCCCC)OC(C(CCCCCC)CCCC)=O)=O)CCN1CCCC1)OCCCCCCCC/C=C\CC(CCCCCC)OC(C(CCCCCC)CCCC)=O,1.3137758368802297
O=C(CCN(CCC(OCCCCCCCC/C=C\CC(CCCCCC)OC(C(CCCCCC)CCCC)=O)=O)CCN1CCCC1)OCCCCCCCC/C=C\CC(CCCCCC)OC(C(CCCCCC)CCCC)=O,0.7201141219196474
O=C(CCN(CCC(OCCCCCCCC/C=C\CC(CCCCCC)OC(C(CCCCCC)CCCC)=O)=O)CCN1CCCC1)OCCCCCCCC/C=C\CC(CCCCCC)OC(C(CCCCCC)CCCC)=O,0.2523806495264619
O=C(CCN(CCC(OCCCCCCCC/C=C\CC(CCCCCC)OC(C(CCCCCC)CCCC)=O)=O)CCN1CCCC1)OCCCCCCCC/C=C\CC(CCCCCC)OC(C(CCCCCC)CCCC)=O,0.0814780346135666
O=C(CCN(CCC(OCCCCCCCC/C=C\CC(CCCCCC)OC(C(CCCCCC)CCCC)=O)=O)CCN1CCCC1)OCCCCCCCC/C=C\CC(CCCCCC)OC(C(CCCCCC)CCCC)=O,0.953980858116241
O=C(CCN(CCC(OCCCCCCCC/C=C\CC(CCCCCC)OC(C(CCCCCC)CCCC)=O)=O)CCN1CCCC1)OCCCCCCCC/C=C\CC(CCCCCC)OC(C(CCCCCC)CCCC)=O,1.3407604602875292
O=C(CCN(CCC(OCCCCCCCC/C=C\CC(CCCCCC)OC(C(CCCCCC)CCCC)=O)=O)CCN1CCCC1)OCCCCCCCC/C=C\CC(CCCCCC)OC(C(CCCCCC)CCCC)=O,1.8084939326807148
O=C(CCN(CCC(OCCCCCCCC/C=C\CC(CCCCCC)OC(C(CCCCCC)CCCC)=O)=O)CCN1CCCC1)OCCCCCCCC/C=C\CC(CCCCCC)OC(C(CCCCCC)CCCC)=O,1.0349347283381385
O=C(CCN(CCC(OCCCCCCCC/C=C\CC(CCCCCC)OC(C(CCCCCC)CCCC)=O)=O)CCN1CCCC1)OCCCCCCCC/C=C\CC(CCCCCC)OC(C(CCCCCC)CCCC)=O,1.1788527198437342
O=C(CCN(CCC(OCCCCCCCC/C=C\CC(CCCCCC)OC(C(CCCCCC)CCCC)=O)=O)CCN1CCCC1)OCCCCCCCC/C=C\CC(CCCCCC)OC(C(CCCCCC)CCCC)=O,1.0349347283381385
O=C(CCN(CCC(OCCCCCCCC/C=C\CC(CCCCCC)OC(C(CCCCCC)CCCC)=O)=O)CCN1CCCC1)OCCCCCCCC/C=C\CC(CCCCCC)OC(C(CCCCCC)CCCC)=O,1.6735708156442193
O=C(CCN(CCC(OCCCCCCCC/C=C\CC(CCCCCC)OC(CCCCCCCCCCC)=O)=O)CCN1CCOCC1)OCCCCCCCC/C=C\CC(CCCCCC)OC(CCCCCCCCCCC)=O,-1.2137838889367942
O=C(CCN(CCC(OCCCCCCCC/C=C\CC(CCCCCC)OC(CCCCCCCCCCC)=O)=O)CCN1CCOCC1)OCCCCCCCC/C=C\CC(CCCCCC)OC(CCCCCCCCCCC)=O,-1.4746352485406866
O=C(CCN(CCC(OCCCCCCCC/C=C\CC(CCCCCC)OC(CCCCCCCCCCC)=O)=O)CCN1CCOCC1)OCCCCCCCC/C=C\CC(CCCCCC)OC(CCCCCCCCCCC)=O,-0.656101671852611
O=C(CCN(CCC(OCCCCCCCC/C=C\CC(CCCCCC)OC(CCCCCCCCCCC)=O)=O)CCN1CCOCC1)OCCCCCCCC/C=C\CC(CCCCCC)OC(CCCCCCCCCCC)=O,-0.5211785548161152
O=C(CCN(CCC(OCCCCCCCC/C=C\CC(CCCCCC)OC(CCCCCCCCCCC)=O)=O)CCN1CCOCC1)OCCCCCCCC/C=C\CC(CCCCCC)OC(CCCCCCCCCCC)=O,-1.5286044953552846
O=C(CCN(CCC(OCCCCCCCC/C=C\CC(CCCCCC)OC(CCCCCCCCCCC)=O)=O)CCN1CCOCC1)OCCCCCCCC/C=C\CC(CCCCCC)OC(CCCCCCCCCCC)=O,-1.150819767653096
O=C(CCN(CCC(OCCCCCCCC/C=C\CC(CCCCCC)OC(CCCCCCCCCCC)=O)=O)CCN1CCOCC1)OCCCCCCCC/C=C\CC(CCCCCC)OC(CCCCCCCCCCC)=O,0.4232832644393563
O=C(CCN(CCC(OCCCCCCCC/C=C\CC(CCCCCC)OC(CCCCCCCCCCC)=O)=O)CCN1CCOCC1)OCCCCCCCC/C=C\CC(CCCCCC)OC(CCCCCCCCCCC)=O,-3.156676774262336
O=C(CCN(CCC(OCCCCCCCC/C=C\CC(CCCCCC)OC(CCCCCCCCCCC)=O)=O)CCN1CCOCC1)OCCCCCCCC/C=C\CC(CCCCCC)OC(CCCCCCCCCCC)=O,-0.7640401654818079
O=C(CCN(CCC(OCCCCCCCC/C=C\CC(CCCCCC)OC(CCCCCCCCCCC)=O)=O)CCN1CCOCC1)OCCCCCCCC/C=C\CC(CCCCCC)OC(CCCCCCCCCCC)=O,-0.6650965463217106
O=C(CCN(CCC(OCCCCCCCC/C=C\CC(CCCCCC)OC(CCCCCCCCCCC)=O)=O)CCN1CCOCC1)OCCCCCCCC/C=C\CC(CCCCCC)OC(CCCCCCCCCCC)=O,-0.5211785548161152
O=C(CCN(CCC(OCCCCCCCC/C=C\CC(CCCCCC)OC(CCCCCCCCCCC)=O)=O)CCN1CCOCC1)OCCCCCCCC/C=C\CC(CCCCCC)OC(CCCCCCCCCCC)=O,-1.4476506251333872
O=C(CCN(CCC(OCCCCCCCC/C=C\CC(CCCCCC)OC(CCCCCCCCCCC)=O)=O)CCN1CCOCC1)OCCCCCCCC/C=C\CC(CCCCCC)OC(CCCCCCCCCCC)=O,-1.4476506251333872
O=C(CCN(CCC(OCCCCCCCC/C=C\CC(CCCCCC)OC(CCCCCCCCCCC)=O)=O)CCN1CCOCC1)OCCCCCCCC/C=C\CC(CCCCCC)OC(CCCCCCCCCCC)=O,-0.3502759399032203
O=C(CCN(CCC(OCCCCCCCC/C=C\CC(CCCCCC)OC(CCCCCCCCCCC)=O)=O)CCN1CCCC1)OCCCCCCCC/C=C\CC(CCCCCC)OC(CCCCCCCCCCC)=O,0.5761961304140516
O=C(CCN(CCC(OCCCCCCCC/C=C\CC(CCCCCC)OC(CCCCCCCCCCC)=O)=O)CCN1CCCC1)OCCCCCCCC/C=C\CC(CCCCCC)OC(CCCCCCCCCCC)=O,0.918001360239842
O=C(CCN(CCC(OCCCCCCCC/C=C\CC(CCCCCC)OC(CCCCCCCCCCC)=O)=O)CCN1CCCC1)OCCCCCCCC/C=C\CC(CCCCCC)OC(CCCCCCCCCCC)=O,1.5836220709532214
O=C(CCN(CCC(OCCCCCCCC/C=C\CC(CCCCCC)OC(CCCCCCCCCCC)=O)=O)CCN1CCCC1)OCCCCCCCC/C=C\CC(CCCCCC)OC(CCCCCCCCCCC)=O,-0.0444502079538292
O=C(CCN(CCC(OCCCCCCCC/C=C\CC(CCCCCC)OC(CCCCCCCCCCC)=O)=O)CCN1CCCC1)OCCCCCCCC/C=C\CC(CCCCCC)OC(CCCCCCCCCCC)=O,0.2883601474028608
O=C(CCN(CCC(OCCCCCCCC/C=C\CC(CCCCCC)OC(CCCCCCCCCCC)=O)=O)CCN1CCCC1)OCCCCCCCC/C=C\CC(CCCCCC)OC(CCCCCCCCCCC)=O,-0.0804297058302282
O=C(CCN(CCC(OCCCCCCCC/C=C\CC(CCCCCC)OC(CCCCCCCCCCC)=O)=O)CCN1CCCC1)OCCCCCCCC/C=C\CC(CCCCCC)OC(CCCCCCCCCCC)=O,1.0889039751527363
O=C(CCN(CCC(OCCCCCCCC/C=C\CC(CCCCCC)OC(CCCCCCCCCCC)=O)=O)CCN1CCCC1)OCCCCCCCC/C=C\CC(CCCCCC)OC(CCCCCCCCCCC)=O,-0.7820299144200074
O=C(CCN(CCC(OCCCCCCCC/C=C\CC(CCCCCC)OC(CCCCCCCCCCC)=O)=O)CCN1CCCC1)OCCCCCCCC/C=C\CC(CCCCCC)OC(CCCCCCCCCCC)=O,1.4307092049785262
O=C(CCN(CCC(OCCCCCCCC/C=C\CC(CCCCCC)OC(CCCCCCCCCCC)=O)=O)CCN1CCCC1)OCCCCCCCC/C=C\CC(CCCCCC)OC(CCCCCCCCCCC)=O,1.0169449793999386
O=C(CCN(CCC(OCCCCCCCC/C=C\CC(CCCCCC)OC(CCCCCCCCCCC)=O)=O)CCN1CCCC1)OCCCCCCCC/C=C\CC(CCCCCC)OC(CCCCCCCCCCC)=O,1.7275400624588173
O=C(CCN(CCC(OCCCCCCCC/C=C\CC(CCCCCC)OC(CCCCCCCCCCC)=O)=O)CCN1CCCC1)OCCCCCCCC/C=C\CC(CCCCCC)OC(CCCCCCCCCCC)=O,0.1354472814281651
O=C(CCN(CCC(OCCCCCCCC/C=C\CC(CCCCCC)OC(CCCCCCCCCCC)=O)=O)CCN1CCCC1)OCCCCCCCC/C=C\CC(CCCCCC)OC(CCCCCCCCCCC)=O,0.4232832644393563
O=C(CCN(CCC(OCCCCCCCC/C=C\CC(CCCCCC)OC(CCCCCCCCCCC)=O)=O)CCN1CCCC1)OCCCCCCCC/C=C\CC(CCCCCC)OC(CCCCCCCCCCC)=O,0.8280526155488442
O=C(CCN(CCC(OCCCCCCCC/C=C\CC(CCCCCC)OC(CCCCCCCCCCC)=O)=O)CCN1CCCC1)OCCCCCCCC/C=C\CC(CCCCCC)OC(CCCCCCCCCCC)=O,1.079909100683637
O=C(CCN(CCC(OCCCCCCCC/C=C\CC(CCCCCC)OC(CCCCCCCCCCC)=O)=O)CCN1CCCC1)OCCCCCCCC/C=C\CC(CCCCCC)OC(CCCCCCCCCCC)=O,0.0185139133298687
O=C(CCN(CCC(OCCCCCCCC/C=C\CC(CCCCCC)OC(CCCCCCCCCCC)=O)=O)CCN1CCCC1)OCCCCCCCC/C=C\CC(CCCCCC)OC(CCCCCCCCCCC)=O,0.2343909005882624
O=C(CCN(CCC(OCCCCCCCC/C=C\CC(CCCCCC)OC(CCCCCCCCCCC)=O)=O)CCN1CCCC1)OCCCCCCCC/C=C\CC(CCCCCC)OC(CCCCCCCCCCC)=O,1.115888598560036
O=C(CCN(CCC(OCCCCCCCC/C=C\CC(CCCCCC)OC(CCCCCCCCCCC)=O)=O)CCN1CCCC1)OCCCCCCCC/C=C\CC(CCCCCC)OC(CCCCCCCCCCC)=O,1.5206579496695238
O=C(CCN(CCC(OCCCCCCCC/C=C\CC(CCCCCC)OC(CCCCCCCCCCC)=O)=O)CCN1CCCC1)OCCCCCCCC/C=C\CC(CCCCCC)OC(CCCCCCCCCCC)=O,1.889447802902612
O=C(CCN(CCC(OCCCCCCCC/C=C\CC(CCCCCC)OC(CCCCCCCCCCC)=O)=O)CCN1CCCC1)OCCCCCCCC/C=C\CC(CCCCCC)OC(CCCCCCCCCCC)=O,0.4772525112539551
O=C(CCN(CCC(OCCCCCCCC/C=C\CC(CCCCCC)OC(CCCCCCCCCCC)=O)=O)CCN1CCCC1)OCCCCCCCC/C=C\CC(CCCCCC)OC(CCCCCCCCCCC)=O,1.5566374475459228
O=C(CCN(CCC(OCCCCCCCC/C=C\CC(CCCCCC)OC(CCCCCCCCCCC)=O)=O)CCN1CCCC1)OCCCCCCCC/C=C\CC(CCCCCC)OC(CCCCCCCCCCC)=O,-0.9079581569874032
O=C(CCN(CCC(OCCCCCCCC/C=C\CC(CCCCCC)OC(CCCCCCCCCCC)=O)=O)CCN1CCCC1)OCCCCCCCC/C=C\CC(CCCCCC)OC(CCCCCCCCCCC)=O,1.4576938283858256
O=C(CCN(CCC(OCCCCCCCC/C=C\CC(CCCCCC)OC(C(CCCCCC)CCCC)=O)=O)CCCN(CC)CC)OCCCCCCCC/C=C\CC(CCCCCC)OC(C(CCCCCC)CCCC)=O,0.108462658020866
O=C(CCN(CCC(OCCCCCCCC/C=C\CC(CCCCCC)OC(C(CCCCCC)CCCC)=O)=O)CCCN(CC)CC)OCCCCCCCC/C=C\CC(CCCCCC)OC(C(CCCCCC)CCCC)=O,-0.1613835760521256
O=C(CCN(CCC(OCCCCCCCC/C=C\CC(CCCCCC)OC(C(CCCCCC)CCCC)=O)=O)CCCN(CC)CC)OCCCCCCCC/C=C\CC(CCCCCC)OC(C(CCCCCC)CCCC)=O,1.061919351745437
O=C(CCN(CCC(OCCCCCCCC/C=C\CC(CCCCCC)OC(C(CCCCCC)CCCC)=O)=O)CCCN(CC)CC)OCCCCCCCC/C=C\CC(CCCCCC)OC(C(CCCCCC)CCCC)=O,-0.4042451867178183
O=C(CCN(CCC(OCCCCCCCC/C=C\CC(CCCCCC)OC(C(CCCCCC)CCCC)=O)=O)CCCN(CC)CC)OCCCCCCCC/C=C\CC(CCCCCC)OC(C(CCCCCC)CCCC)=O,0.2793652729337609
O=C(CCN(CCC(OCCCCCCCC/C=C\CC(CCCCCC)OC(C(CCCCCC)CCCC)=O)=O)CCCN(CC)CC)OCCCCCCCC/C=C\CC(CCCCCC)OC(C(CCCCCC)CCCC)=O,-0.6471067973835111
O=C(CCN(CCC(OCCCCCCCC/C=C\CC(CCCCCC)OC(C(CCCCCC)CCCC)=O)=O)CCCN(CC)CC)OCCCCCCCC/C=C\CC(CCCCCC)OC(C(CCCCCC)CCCC)=O,1.169857845374634
O=C(CCN(CCC(OCCCCCCCC/C=C\CC(CCCCCC)OC(C(CCCCCC)CCCC)=O)=O)CCCN(CC)CC)OCCCCCCCC/C=C\CC(CCCCCC)OC(C(CCCCCC)CCCC)=O,0.2343909005882624
O=C(CCN(CCC(OCCCCCCCC/C=C\CC(CCCCCC)OC(C(CCCCCC)CCCC)=O)=O)CCCN(CC)CC)OCCCCCCCC/C=C\CC(CCCCCC)OC(C(CCCCCC)CCCC)=O,1.4397040794476257
O=C(CCN(CCC(OCCCCCCCC/C=C\CC(CCCCCC)OC(C(CCCCCC)CCCC)=O)=O)CCCN(CC)CC)OCCCCCCCC/C=C\CC(CCCCCC)OC(C(CCCCCC)CCCC)=O,0.0185139133298687
O=C(CCN(CCC(OCCCCCCCC/C=C\CC(CCCCCC)OC(C(CCCCCC)CCCC)=O)=O)CCCN(CC)CC)OCCCCCCCC/C=C\CC(CCCCCC)OC(C(CCCCCC)CCCC)=O,1.5116630752004236
O=C(CCN(CCC(OCCCCCCCC/C=C\CC(CCCCCC)OC(C(CCCCCC)CCCC)=O)=O)CCCN(CC)CC)OCCCCCCCC/C=C\CC(CCCCCC)OC(C(CCCCCC)CCCC)=O,0.6931294985123488
O=C(CCN(CCC(OCCCCCCCC/C=C\CC(CCCCCC)OC(C(CCCCCC)CCCC)=O)=O)CCCN(CC)CC)OCCCCCCCC/C=C\CC(CCCCCC)OC(C(CCCCCC)CCCC)=O,0.0275087877989686
O=C(CCN(CCC(OCCCCCCCC/C=C\CC(CCCCCC)OC(C(CCCCCC)CCCC)=O)=O)CCCN(CC)CC)OCCCCCCCC/C=C\CC(CCCCCC)OC(C(CCCCCC)CCCC)=O,0.1624319048354645
O=C(CCN(CCC(OCCCCCCCC/C=C\CC(CCCCCC)OC(C(CCCCCC)CCCC)=O)=O)CCCN(CC)CC)OCCCCCCCC/C=C\CC(CCCCCC)OC(C(CCCCCC)CCCC)=O,0.9449859836471408
O=C(CCN(CCC(OCCCCCCCC/C=C\CC(CCCCCC)OC(C(CCCCCC)CCCC)=O)=O)CCCN(CC)CC)OCCCCCCCC/C=C\CC(CCCCCC)OC(C(CCCCCC)CCCC)=O,0.2433857750573619
O=C(CCN(CCC(OCCCCCCCC/C=C\CC(CCCCCC)OC(C(CCCCCC)CCCC)=O)=O)CCCN(CC)CC)OCCCCCCCC/C=C\CC(CCCCCC)OC(C(CCCCCC)CCCC)=O,0.1354472814281651
O=C(CCN(CCC(OCCCCCCCC/C=C\CC(CCCCCC)OC(C(CCCCCC)CCCC)=O)=O)CCCN(CC)CC)OCCCCCCCC/C=C\CC(CCCCCC)OC(C(CCCCCC)CCCC)=O,1.079909100683637
O=C(CCN(CCC(OCCCCCCCC/C=C\CC(CCCCCC)OC(C(CCCCCC)CCCC)=O)=O)CCCN(CC)CC)OCCCCCCCC/C=C\CC(CCCCCC)OC(C(CCCCCC)CCCC)=O,1.4037245815712276
O=C(CCN(CCC(OCCCCCCCC/C=C\CC(CCCCCC)OC(C(CCCCCC)CCCC)=O)=O)CCCN(CC)CC)OCCCCCCCC/C=C\CC(CCCCCC)OC(C(CCCCCC)CCCC)=O,1.8804529284335123
O=C(CCN(CCC(OCCCCCCCC/C=C\CC(CCCCCC)OC(C(CCCCCC)CCCC)=O)=O)CCCN(CC)CC)OCCCCCCCC/C=C\CC(CCCCCC)OC(C(CCCCCC)CCCC)=O,0.4862473857230546
O=C(CCN(CCC(OCCCCCCCC/C=C\CC(CCCCCC)OC(C(CCCCCC)CCCC)=O)=O)CCCN(CC)CC)OCCCCCCCC/C=C\CC(CCCCCC)OC(C(CCCCCC)CCCC)=O,1.3857348326330277
O=C(CCN(CCC(OCCCCCCCC/C=C\CC(CCCCCC)OC(C(CCCCCC)CCCC)=O)=O)CCCN(CC)CC)OCCCCCCCC/C=C\CC(CCCCCC)OC(C(CCCCCC)CCCC)=O,0.3333345197483593
O=C(CCN(CCC(OCCCCCCCC/C=C\CC(CCCCCC)OC(C(CCCCCC)CCCC)=O)=O)CCCN(CC)CC)OCCCCCCCC/C=C\CC(CCCCCC)OC(C(CCCCCC)CCCC)=O,1.1248834730291355
O=C(CCN(CCC(OCCCCCCCC/C=C\CC(CCCCCC)OC(CCCCCCCCCCC)=O)=O)CCCN1C=NC=C1)OCCCCCCCC/C=C\CC(CCCCCC)OC(CCCCCCCCCCC)=O,-1.4656403740715866
O=C(CCN(CCC(OCCCCCCCC/C=C\CC(CCCCCC)OC(CCCCCCCCCCC)=O)=O)CCCN1C=NC=C1)OCCCCCCCC/C=C\CC(CCCCCC)OC(CCCCCCCCCCC)=O,-0.9169530314565032
O=C(CCN(CCC(OCCCCCCCC/C=C\CC(CCCCCC)OC(CCCCCCCCCCC)=O)=O)CCCN1C=NC=C1)OCCCCCCCC/C=C\CC(CCCCCC)OC(CCCCCCCCCCC)=O,-1.1688095165912955
O=C(CCN(CCC(OCCCCCCCC/C=C\CC(CCCCCC)OC(CCCCCCCCCCC)=O)=O)CCCN1C=NC=C1)OCCCCCCCC/C=C\CC(CCCCCC)OC(CCCCCCCCCCC)=O,-0.9799171527402012
O=C(CCN(CCC(OCCCCCCCC/C=C\CC(CCCCCC)OC(CCCCCCCCCCC)=O)=O)CCCN1C=NC=C1)OCCCCCCCC/C=C\CC(CCCCCC)OC(CCCCCCCCCCC)=O,-1.5825737421698831
O=C(CCN(CCC(OCCCCCCCC/C=C\CC(CCCCCC)OC(CCCCCCCCCCC)=O)=O)CCCN1C=NC=C1)OCCCCCCCC/C=C\CC(CCCCCC)OC(CCCCCCCCCCC)=O,-1.7624712315518778
O=C(CCN(CCC(OCCCCCCCC/C=C\CC(CCCCCC)OC(CCCCCCCCCCC)=O)=O)CCCN1C=NC=C1)OCCCCCCCC/C=C\CC(CCCCCC)OC(CCCCCCCCCCC)=O,-0.4851990569397162
O=C(CCN(CCC(OCCCCCCCC/C=C\CC(CCCCCC)OC(CCCCCCCCCCC)=O)=O)CCCN1C=NC=C1)OCCCCCCCC/C=C\CC(CCCCCC)OC(CCCCCCCCCCC)=O,-0.3952503122487188
O=C(CCN(CCC(OCCCCCCCC/C=C\CC(CCCCCC)OC(CCCCCCCCCCC)=O)=O)CCCN1C=NC=C1)OCCCCCCCC/C=C\CC(CCCCCC)OC(CCCCCCCCCCC)=O,0.5222268835994536
O=C(CCN(CCC(OCCCCCCCC/C=C\CC(CCCCCC)OC(CCCCCCCCCCC)=O)=O)CCCN1C=NC=C1)OCCCCCCCC/C=C\CC(CCCCCC)OC(CCCCCCCCCCC)=O,-1.0698658974311983
O=C(CCN(CCC(OCCCCCCCC/C=C\CC(CCCCCC)OC(CCCCCCCCCCC)=O)=O)CCCN1C=NC=C1)OCCCCCCCC/C=C\CC(CCCCCC)OC(CCCCCCCCCCC)=O,0.7111192474505479
O=C(CCN(CCC(OCCCCCCCC/C=C\CC(CCCCCC)OC(CCCCCCCCCCC)=O)=O)CCCN1C=NC=C1)OCCCCCCCC/C=C\CC(CCCCCC)OC(CCCCCCCCCCC)=O,-0.8719786591110044
O=C(CCN(CCC(OCCCCCCCC/C=C\CC(CCCCCC)OC(CCCCCCCCCCC)=O)=O)CCCN1C=NC=C1)OCCCCCCCC/C=C\CC(CCCCCC)OC(CCCCCCCCCCC)=O,-1.4656403740715866
O=C(CCN(CCC(OCCCCCCCC/C=C\CC(CCCCCC)OC(CCCCCCCCCCC)=O)=O)CCCN1C=NC=C1)OCCCCCCCC/C=C\CC(CCCCCC)OC(CCCCCCCCCCC)=O,0.207406277180963
O=C(CCN(CCC(OCCCCCCCC/C=C\CC(CCCCCC)OC(CCCCCCC/C=C\C/C=C\CCCCC)=O)=O)CCCN1C=NC=C1)OCCCCCCCC/C=C\CC(CCCCCC)OC(CCCCCCC/C=C\C/C=C\CCCCC)=O,-1.708501984737279
O=C(CCN(CCC(OCCCCCCCC/C=C\CC(CCCCCC)OC(CCCCCCC/C=C\C/C=C\CCCCC)=O)=O)CCCN1C=NC=C1)OCCCCCCCC/C=C\CC(CCCCCC)OC(CCCCCCC/C=C\C/C=C\CCCCC)=O,-1.7714661060209775
O=C(CCN(CCC(OCCCCCCCC/C=C\CC(CCCCCC)OC(CCCCCCC/C=C\C/C=C\CCCCC)=O)=O)CCCN1C=NC=C1)OCCCCCCCC/C=C\CC(CCCCCC)OC(CCCCCCC/C=C\C/C=C\CCCCC)=O,-0.9709222782711016
O=C(CCN(CCC(OCCCCCCCC/C=C\CC(CCCCCC)OC(CCCCCCC/C=C\C/C=C\CCCCC)=O)=O)CCCN1C=NC=C1)OCCCCCCCC/C=C\CC(CCCCCC)OC(CCCCCCC/C=C\C/C=C\CCCCC)=O,-1.0968505208384975
O=C(CCN(CCC(OCCCCCCCC/C=C\CC(CCCCCC)OC(CCCCCCC/C=C\C/C=C\CCCCC)=O)=O)CCCN1C=NC=C1)OCCCCCCCC/C=C\CC(CCCCCC)OC(CCCCCCC/C=C\C/C=C\CCCCC)=O,-1.7624712315518778
O=C(CCN(CCC(OCCCCCCCC/C=C\CC(CCCCCC)OC(CCCCCCC/C=C\C/C=C\CCCCC)=O)=O)CCCN1C=NC=C1)OCCCCCCCC/C=C\CC(CCCCCC)OC(CCCCCCC/C=C\C/C=C\CCCCC)=O,-1.8883994741192736
O=C(CCN(CCC(OCCCCCCCC/C=C\CC(CCCCCC)OC(CCCCCCC/C=C\C/C=C\CCCCC)=O)=O)CCCN1C=NC=C1)OCCCCCCCC/C=C\CC(CCCCCC)OC(CCCCCCC/C=C\C/C=C\CCCCC)=O,-0.0534450824229291
O=C(CCN(CCC(OCCCCCCCC/C=C\CC(CCCCCC)OC(CCCCCCC/C=C\C/C=C\CCCCC)=O)=O)CCCN1C=NC=C1)OCCCCCCCC/C=C\CC(CCCCCC)OC(CCCCCCC/C=C\C/C=C\CCCCC)=O,-2.35613294651246
O=C(CCN(CCC(OCCCCCCCC/C=C\CC(CCCCCC)OC(CCCCCCC/C=C\C/C=C\CCCCC)=O)=O)CCCN1C=NC=C1)OCCCCCCCC/C=C\CC(CCCCCC)OC(CCCCCCC/C=C\C/C=C\CCCCC)=O,-0.7370555420745084
O=C(CCN(CCC(OCCCCCCCC/C=C\CC(CCCCCC)OC(CCCCCCC/C=C\C/C=C\CCCCC)=O)=O)CCCN1C=NC=C1)OCCCCCCCC/C=C\CC(CCCCCC)OC(CCCCCCC/C=C\C/C=C\CCCCC)=O,-1.2137838889367942
O=C(CCN(CCC(OCCCCCCCC/C=C\CC(CCCCCC)OC(CCCCCCC/C=C\C/C=C\CCCCC)=O)=O)CCCN1C=NC=C1)OCCCCCCCC/C=C\CC(CCCCCC)OC(CCCCCCC/C=C\C/C=C\CCCCC)=O,-0.4851990569397162
O=C(CCN(CCC(OCCCCCCCC/C=C\CC(CCCCCC)OC(CCCCCCC/C=C\C/C=C\CCCCC)=O)=O)CCCN1C=NC=C1)OCCCCCCCC/C=C\CC(CCCCCC)OC(CCCCCCC/C=C\C/C=C\CCCCC)=O,-1.645537863453581
O=C(CCN(CCC(OCCCCCCCC/C=C\CC(CCCCCC)OC(CCCCCCC/C=C\C/C=C\CCCCC)=O)=O)CCCN1C=NC=C1)OCCCCCCCC/C=C\CC(CCCCCC)OC(CCCCCCC/C=C\C/C=C\CCCCC)=O,-1.5645839932316836
O=C(CCN(CCC(OCCCCCCCC/C=C\CC(CCCCCC)OC(CCCCCCC/C=C\C/C=C\CCCCC)=O)=O)CCCN1C=NC=C1)OCCCCCCCC/C=C\CC(CCCCCC)OC(CCCCCCC/C=C\C/C=C\CCCCC)=O,-0.9529325293329022
O=C(CCN(CCC(OCCCCCCCC/C=C\CC(CCCCCC)OC(CCCCCCC/C=C\C/C=C\CCCCC)=O)=O)CCC1=CC=NC=C1)OCCCCCCCC/C=C\CC(CCCCCC)OC(CCCCCCC/C=C\C/C=C\CCCCC)=O,-1.1328300187148963
O=C(CCN(CCC(OCCCCCCCC/C=C\CC(CCCCCC)OC(CCCCCCC/C=C\C/C=C\CCCCC)=O)=O)CCC1=CC=NC=C1)OCCCCCCCC/C=C\CC(CCCCCC)OC(CCCCCCC/C=C\C/C=C\CCCCC)=O,-0.4042451867178183
O=C(CCN(CCC(OCCCCCCCC/C=C\CC(CCCCCC)OC(CCCCCCC/C=C\C/C=C\CCCCC)=O)=O)CCC1=CC=NC=C1)OCCCCCCCC/C=C\CC(CCCCCC)OC(CCCCCCC/C=C\C/C=C\CCCCC)=O,-0.2423374462740234
O=C(CCN(CCC(OCCCCCCCC/C=C\CC(CCCCCC)OC(CCCCCCC/C=C\C/C=C\CCCCC)=O)=O)CCC1=CC=NC=C1)OCCCCCCCC/C=C\CC(CCCCCC)OC(CCCCCCC/C=C\C/C=C\CCCCC)=O,-0.5841426760998131
O=C(CCN(CCC(OCCCCCCCC/C=C\CC(CCCCCC)OC(CCCCCCC/C=C\C/C=C\CCCCC)=O)=O)CCC1=CC=NC=C1)OCCCCCCCC/C=C\CC(CCCCCC)OC(CCCCCCC/C=C\C/C=C\CCCCC)=O,-0.9349427803947028
O=C(CCN(CCC(OCCCCCCCC/C=C\CC(CCCCCC)OC(CCCCCCC/C=C\C/C=C\CCCCC)=O)=O)CCC1=CC=NC=C1)OCCCCCCCC/C=C\CC(CCCCCC)OC(CCCCCCC/C=C\C/C=C\CCCCC)=O,-0.8000196633582068
O=C(CCN(CCC(OCCCCCCCC/C=C\CC(CCCCCC)OC(CCCCCCC/C=C\C/C=C\CCCCC)=O)=O)CCC1=CC=NC=C1)OCCCCCCCC/C=C\CC(CCCCCC)OC(CCCCCCC/C=C\C/C=C\CCCCC)=O,-0.3502759399032203
O=C(CCN(CCC(OCCCCCCCC/C=C\CC(CCCCCC)OC(CCCCCCC/C=C\C/C=C\CCCCC)=O)=O)CCC1=CC=NC=C1)OCCCCCCCC/C=C\CC(CCCCCC)OC(CCCCCCC/C=C\C/C=C\CCCCC)=O,-1.222778763405894
O=C(CCN(CCC(OCCCCCCCC/C=C\CC(CCCCCC)OC(CCCCCCC/C=C\C/C=C\CCCCC)=O)=O)CCC1=CC=NC=C1)OCCCCCCCC/C=C\CC(CCCCCC)OC(CCCCCCC/C=C\C/C=C\CCCCC)=O,0.6661448751050494
O=C(CCN(CCC(OCCCCCCCC/C=C\CC(CCCCCC)OC(CCCCCCC/C=C\C/C=C\CCCCC)=O)=O)CCC1=CC=NC=C1)OCCCCCCCC/C=C\CC(CCCCCC)OC(CCCCCCC/C=C\C/C=C\CCCCC)=O,-0.8719786591110044
O=C(CCN(CCC(OCCCCCCCC/C=C\CC(CCCCCC)OC(CCCCCCC/C=C\C/C=C\CCCCC)=O)=O)CCC1=CC=NC=C1)OCCCCCCCC/C=C\CC(CCCCCC)OC(CCCCCCC/C=C\C/C=C\CCCCC)=O,0.7111192474505479
O=C(CCN(CCC(OCCCCCCCC/C=C\CC(CCCCCC)OC(CCCCCCC/C=C\C/C=C\CCCCC)=O)=O)CCC1=CC=NC=C1)OCCCCCCCC/C=C\CC(CCCCCC)OC(CCCCCCC/C=C\C/C=C\CCCCC)=O,-0.988912027209301
O=C(CCN(CCC(OCCCCCCCC/C=C\CC(CCCCCC)OC(CCCCCCC/C=C\C/C=C\CCCCC)=O)=O)CCC1=CC=NC=C1)OCCCCCCCC/C=C\CC(CCCCCC)OC(CCCCCCC/C=C\C/C=C\CCCCC)=O,-1.3307172570350907
O=C(CCN(CCC(OCCCCCCCC/C=C\CC(CCCCCC)OC(CCCCCCC/C=C\C/C=C\CCCCC)=O)=O)CCC1=CC=NC=C1)OCCCCCCCC/C=C\CC(CCCCCC)OC(CCCCCCC/C=C\C/C=C\CCCCC)=O,-1.051876148492999
O=C(CCN(CCC(OCCCCCCCC/C=C\CC(CCCCCC)OC(CCC/C=C\C/C=C\C/C=C\C/C=C\CCCCC)=O)=O)CCC1=CC=NC=C1)OCCCCCCCC/C=C\CC(CCCCCC)OC(CCC/C=C\C/C=C\C/C=C\C/C=C\CCCCC)=O,-1.0968505208384975
O=C(CCN(CCC(OCCCCCCCC/C=C\CC(CCCCCC)OC(CCC/C=C\C/C=C\C/C=C\C/C=C\CCCCC)=O)=O)CCC1=CC=NC=C1)OCCCCCCCC/C=C\CC(CCCCCC)OC(CCC/C=C\C/C=C\C/C=C\C/C=C\CCCCC)=O,-0.287311818619522
O=C(CCN(CCC(OCCCCCCCC/C=C\CC(CCCCCC)OC(CCC/C=C\C/C=C\C/C=C\C/C=C\CCCCC)=O)=O)CCC1=CC=NC=C1)OCCCCCCCC/C=C\CC(CCCCCC)OC(CCC/C=C\C/C=C\C/C=C\C/C=C\CCCCC)=O,-0.5211785548161152
O=C(CCN(CCC(OCCCCCCCC/C=C\CC(CCCCCC)OC(CCC/C=C\C/C=C\C/C=C\C/C=C\CCCCC)=O)=O)CCC1=CC=NC=C1)OCCCCCCCC/C=C\CC(CCCCCC)OC(CCC/C=C\C/C=C\C/C=C\C/C=C\CCCCC)=O,0.5941858793522515
O=C(CCN(CCC(OCCCCCCCC/C=C\CC(CCCCCC)OC(CCC/C=C\C/C=C\C/C=C\C/C=C\CCCCC)=O)=O)CCC1=CC=NC=C1)OCCCCCCCC/C=C\CC(CCCCCC)OC(CCC/C=C\C/C=C\C/C=C\C/C=C\CCCCC)=O,-0.68308629525991
O=C(CCN(CCC(OCCCCCCCC/C=C\CC(CCCCCC)OC(CCC/C=C\C/C=C\C/C=C\C/C=C\CCCCC)=O)=O)CCC1=CC=NC=C1)OCCCCCCCC/C=C\CC(CCCCCC)OC(CCC/C=C\C/C=C\C/C=C\C/C=C\CCCCC)=O,-0.4132400611869183
O=C(CCN(CCC(OCCCCCCCC/C=C\CC(CCCCCC)OC(CCC/C=C\C/C=C\C/C=C\C/C=C\CCCCC)=O)=O)CCC1=CC=NC=C1)OCCCCCCCC/C=C\CC(CCCCCC)OC(CCC/C=C\C/C=C\C/C=C\C/C=C\CCCCC)=O,-0.0894245802993281
O=C(CCN(CCC(OCCCCCCCC/C=C\CC(CCCCCC)OC(CCC/C=C\C/C=C\C/C=C\C/C=C\CCCCC)=O)=O)CCC1=CC=NC=C1)OCCCCCCCC/C=C\CC(CCCCCC)OC(CCC/C=C\C/C=C\C/C=C\C/C=C\CCCCC)=O,-1.5645839932316836
O=C(CCN(CCC(OCCCCCCCC/C=C\CC(CCCCCC)OC(CCC/C=C\C/C=C\C/C=C\C/C=C\CCCCC)=O)=O)CCC1=CC=NC=C1)OCCCCCCCC/C=C\CC(CCCCCC)OC(CCC/C=C\C/C=C\C/C=C\C/C=C\CCCCC)=O,0.1984114027118634
O=C(CCN(CCC(OCCCCCCCC/C=C\CC(CCCCCC)OC(CCC/C=C\C/C=C\C/C=C\C/C=C\CCCCC)=O)=O)CCC1=CC=NC=C1)OCCCCCCCC/C=C\CC(CCCCCC)OC(CCC/C=C\C/C=C\C/C=C\C/C=C\CCCCC)=O,-0.9979069016784008
O=C(CCN(CCC(OCCCCCCCC/C=C\CC(CCCCCC)OC(CCC/C=C\C/C=C\C/C=C\C/C=C\CCCCC)=O)=O)CCC1=CC=NC=C1)OCCCCCCCC/C=C\CC(CCCCCC)OC(CCC/C=C\C/C=C\C/C=C\C/C=C\CCCCC)=O,1.079909100683637
O=C(CCN(CCC(OCCCCCCCC/C=C\CC(CCCCCC)OC(CCC/C=C\C/C=C\C/C=C\C/C=C\CCCCC)=O)=O)CCC1=CC=NC=C1)OCCCCCCCC/C=C\CC(CCCCCC)OC(CCC/C=C\C/C=C\C/C=C\C/C=C\CCCCC)=O,-1.2317736378749935
O=C(CCN(CCC(OCCCCCCCC/C=C\CC(CCCCCC)OC(CCC/C=C\C/C=C\C/C=C\C/C=C\CCCCC)=O)=O)CCC1=CC=NC=C1)OCCCCCCCC/C=C\CC(CCCCCC)OC(CCC/C=C\C/C=C\C/C=C\C/C=C\CCCCC)=O,-1.3397121315041902
O=C(CCN(CCC(OCCCCCCCC/C=C\CC(CCCCCC)OC(CCC/C=C\C/C=C\C/C=C\C/C=C\CCCCC)=O)=O)CCC1=CC=NC=C1)OCCCCCCCC/C=C\CC(CCCCCC)OC(CCC/C=C\C/C=C\C/C=C\C/C=C\CCCCC)=O,-0.7550452910127079
O=C(CCN(CCC(OCCCCCCCC/C=C\CC(CCCCCC)OC(CCC/C=C\C/C=C\C/C=C\C/C=C\CCCCC)=O)=O)CCC1=CC=NC=C1)OCCCCCCCC/C=C\CC(CCCCCC)OC(CCC/C=C\C/C=C\C/C=C\C/C=C\CCCCC)=O,-0.68308629525991
O=C(CCN(CCC(OCCCCCCCC/C=C\CC(CCCCCC)OC(CCC/C=C\C/C=C\C/C=C\C/C=C\CCCCC)=O)=O)CCC1=CC=NC=C1)OCCCCCCCC/C=C\CC(CCCCCC)OC(CCC/C=C\C/C=C\C/C=C\C/C=C\CCCCC)=O,-0.5301734292852147
O=C(CCN(CCC(OCCCCCCCC/C=C\CC(CCCCCC)OC(CCC/C=C\C/C=C\C/C=C\C/C=C\CCCCC)=O)=O)CCC1=CC=NC=C1)OCCCCCCCC/C=C\CC(CCCCCC)OC(CCC/C=C\C/C=C\C/C=C\C/C=C\CCCCC)=O,1.1428732219673352
O=C(CCN(CCC(OCCCCCCCC/C=C\CC(CCCCCC)OC(CCC/C=C\C/C=C\C/C=C\C/C=C\CCCCC)=O)=O)CCC1=CC=NC=C1)OCCCCCCCC/C=C\CC(CCCCCC)OC(CCC/C=C\C/C=C\C/C=C\C/C=C\CCCCC)=O,0.5941858793522515
O=C(CCN(CCC(OCCCCCCCC/C=C\CC(CCCCCC)OC(CCC/C=C\C/C=C\C/C=C\C/C=C\CCCCC)=O)=O)CCC1=CC=NC=C1)OCCCCCCCC/C=C\CC(CCCCCC)OC(CCC/C=C\C/C=C\C/C=C\C/C=C\CCCCC)=O,0.6121756282904506
O=C(CCN(CCC(OCCCCCCCC/C=C\CC(CCCCCC)OC(CCC/C=C\C/C=C\C/C=C\C/C=C\CCCCC)=O)=O)CCC1=CC=NC=C1)OCCCCCCCC/C=C\CC(CCCCCC)OC(CCC/C=C\C/C=C\C/C=C\C/C=C\CCCCC)=O,-0.0084707100774303
O=C(CCN(CCC(OCCCCCCCC/C=C\CC(CCCCCC)OC(CCC/C=C\C/C=C\C/C=C\C/C=C\CCCCC)=O)=O)CCC1=CC=NC=C1)OCCCCCCCC/C=C\CC(CCCCCC)OC(CCC/C=C\C/C=C\C/C=C\C/C=C\CCCCC)=O,-0.1343989526448266
O=C(CCN(CCC(OCCCCCCCC/C=C\CC(CCCCCC)OC(CCC/C=C\C/C=C\C/C=C\C/C=C\CCCCC)=O)=O)CCC1=CC=NC=C1)OCCCCCCCC/C=C\CC(CCCCCC)OC(CCC/C=C\C/C=C\C/C=C\C/C=C\CCCCC)=O,-0.0354553334847297
O=C(OCCCCCCCC/C=C\CC(CCCCCC)OC(CC/C=C\CCCCC)=O)CCN1CCC(C2=CN=CC=C2)CC1,-1.7984507294282768
O=C(OCCCCCCCC/C=C\CC(CCCCCC)OC(CC/C=C\CCCCC)=O)CCN1CCC(C2=CN=CC=C2)CC1,-0.9439376548638022
O=C(OCCCCCCCC/C=C\CC(CCCCCC)OC(CC/C=C\CCCCC)=O)CCN1CCC(C2=CN=CC=C2)CC1,-1.1688095165912955
O=C(OCCCCCCCC/C=C\CC(CCCCCC)OC(CC/C=C\CCCCC)=O)CCN1CCC(C2=CN=CC=C2)CC1,-1.3487070059732902
O=C(OCCCCCCCC/C=C\CC(CCCCCC)OC(CC/C=C\CCCCC)=O)CCN1CCC(C2=CN=CC=C2)CC1,-1.2497633868131932
O=C(OCCCCCCCC/C=C\CC(CCCCCC)OC(CC/C=C\CCCCC)=O)CCN1CCC(C2=CN=CC=C2)CC1,-1.3397121315041902
O=C(OCCCCCCCC/C=C\CC(CCCCCC)OC(CC/C=C\CCCCC)=O)CCN1CCC(C2=CN=CC=C2)CC1,-0.3322861909650209
O=C(OCCCCCCCC/C=C\CC(CCCCCC)OC(CC/C=C\CCCCC)=O)CCN1CCC(C2=CN=CC=C2)CC1,-1.6905122357990798
O=C(OCCCCCCCC/C=C\CC(CCCCCC)OC(CC/C=C\CCCCC)=O)CCN1CCC(C2=CN=CC=C2)CC1,-0.4941939314088157
O=C(OCCCCCCCC/C=C\CC(CCCCCC)OC(CC/C=C\CCCCC)=O)CCN1CCC(C2=CN=CC=C2)CC1,-1.2677531357513927
O=C(OCCCCCCCC/C=C\CC(CCCCCC)OC(CC/C=C\CCCCC)=O)CCN1CCC(C2=CN=CC=C2)CC1,0.207406277180963
O=C(OCCCCCCCC/C=C\CC(CCCCCC)OC(CC/C=C\CCCCC)=O)CCN1CCC(C2=CN=CC=C2)CC1,-1.3127275080968912
O=C(OCCCCCCCC/C=C\CC(CCCCCC)OC(CC/C=C\CCCCC)=O)CCN1CCC(C2=CN=CC=C2)CC1,-1.3307172570350907
O=C(OCCCCCCCC/C=C\CC(CCCCCC)OC(CC/C=C\CCCCC)=O)CCN1CCC(C2=CN=CC=C2)CC1,-1.051876148492999
O=C(CCN(CCC(OCCCCCCCC/C=C\CC(CCCCCC)OC(CC/C=C\CCCCC)=O)=O)CCN(C)C)OCCCCCCCC/C=C\CC(CCCCCC)OC(CC/C=C\CCCCC)=O,0.5582063814758526
O=C(CCN(CCC(OCCCCCCCC/C=C\CC(CCCCCC)OC(CC/C=C\CCCCC)=O)=O)CCN(C)C)OCCCCCCCC/C=C\CC(CCCCCC)OC(CC/C=C\CCCCC)=O,-1.0968505208384975
O=C(CCN(CCC(OCCCCCCCC/C=C\CC(CCCCCC)OC(CC/C=C\CCCCC)=O)=O)CCN(C)C)OCCCCCCCC/C=C\CC(CCCCCC)OC(CC/C=C\CCCCC)=O,1.2867912134729302
O=C(CCN(CCC(OCCCCCCCC/C=C\CC(CCCCCC)OC(CC/C=C\CCCCC)=O)=O)CCN(C)C)OCCCCCCCC/C=C\CC(CCCCCC)OC(CC/C=C\CCCCC)=O,-0.4851990569397162
O=C(CCN(CCC(OCCCCCCCC/C=C\CC(CCCCCC)OC(CC/C=C\CCCCC)=O)=O)CCN(C)C)OCCCCCCCC/C=C\CC(CCCCCC)OC(CC/C=C\CCCCC)=O,1.376739958163928
O=C(CCN(CCC(OCCCCCCCC/C=C\CC(CCCCCC)OC(CC/C=C\CCCCC)=O)=O)CCN(C)C)OCCCCCCCC/C=C\CC(CCCCCC)OC(CC/C=C\CCCCC)=O,-0.0174655845465302
O=C(CCN(CCC(OCCCCCCCC/C=C\CC(CCCCCC)OC(CC/C=C\CCCCC)=O)=O)CCN(C)C)OCCCCCCCC/C=C\CC(CCCCCC)OC(CC/C=C\CCCCC)=O,-0.6111272995071121
O=C(CCN(CCC(OCCCCCCCC/C=C\CC(CCCCCC)OC(CC/C=C\CCCCC)=O)=O)CCN(C)C)OCCCCCCCC/C=C\CC(CCCCCC)OC(CC/C=C\CCCCC)=O,0.1984114027118634
O=C(CCN(CCC(OCCCCCCCC/C=C\CC(CCCCCC)OC(CC/C=C\CCCCC)=O)=O)CCN(C)C)OCCCCCCCC/C=C\CC(CCCCCC)OC(CC/C=C\CCCCC)=O,-0.3322861909650209
O=C(CCN(CCC(OCCCCCCCC/C=C\CC(CCCCCC)OC(CC/C=C\CCCCC)=O)=O)CCN(C)C)OCCCCCCCC/C=C\CC(CCCCCC)OC(CC/C=C\CCCCC)=O,0.8910167368325427
O=C(CCN(CCC(OCCCCCCCC/C=C\CC(CCCCCC)OC(CC/C=C\CCCCC)=O)=O)CCN(C)C)OCCCCCCCC/C=C\CC(CCCCCC)OC(CC/C=C\CCCCC)=O,0.7021243729814484
O=C(CCN(CCC(OCCCCCCCC/C=C\CC(CCCCCC)OC(CC/C=C\CCCCC)=O)=O)CCN(C)C)OCCCCCCCC/C=C\CC(CCCCCC)OC(CC/C=C\CCCCC)=O,1.5476425730768224
O=C(CCN(CCC(OCCCCCCCC/C=C\CC(CCCCCC)OC(CC/C=C\CCCCC)=O)=O)CCN(C)C)OCCCCCCCC/C=C\CC(CCCCCC)OC(CC/C=C\CCCCC)=O,-0.4132400611869183
O=C(CCN(CCC(OCCCCCCCC/C=C\CC(CCCCCC)OC(CC/C=C\CCCCC)=O)=O)CCN(C)C)OCCCCCCCC/C=C\CC(CCCCCC)OC(CC/C=C\CCCCC)=O,0.9090064857707416
O=C(CCN(CCC(OCCCCCCCC/C=C\CC(CCCCCC)OC(CC/C=C\CCCCC)=O)=O)CCN(C)C)OCCCCCCCC/C=C\CC(CCCCCC)OC(CC/C=C\CCCCC)=O,-0.0534450824229291
O=C(CCN(CCC(OCCCCCCCC/C=C\CC(CCCCCC)OC(CC/C=C\CCCCC)=O)=O)CCN(C)C)OCCCCCCCC/C=C\CC(CCCCCC)OC(CC/C=C\CCCCC)=O,0.6031807538213511
O=C(CCN(CCC(OCCCCCCCC/C=C\CC(CCCCCC)OC(CC/C=C\CCCCC)=O)=O)CCCCN(C)C)OCCCCCCCC/C=C\CC(CCCCCC)OC(CC/C=C\CCCCC)=O,0.6751397495741489
O=C(CCN(CCC(OCCCCCCCC/C=C\CC(CCCCCC)OC(CC/C=C\CCCCC)=O)=O)CCCCN(C)C)OCCCCCCCC/C=C\CC(CCCCCC)OC(CC/C=C\CCCCC)=O,-0.260327195212223
O=C(CCN(CCC(OCCCCCCCC/C=C\CC(CCCCCC)OC(CC/C=C\CCCCC)=O)=O)CCCCN(C)C)OCCCCCCCC/C=C\CC(CCCCCC)OC(CC/C=C\CCCCC)=O,0.953980858116241
O=C(CCN(CCC(OCCCCCCCC/C=C\CC(CCCCCC)OC(CC/C=C\CCCCC)=O)=O)CCCCN(C)C)OCCCCCCCC/C=C\CC(CCCCCC)OC(CC/C=C\CCCCC)=O,0.0275087877989686
O=C(CCN(CCC(OCCCCCCCC/C=C\CC(CCCCCC)OC(CC/C=C\CCCCC)=O)=O)CCCCN(C)C)OCCCCCCCC/C=C\CC(CCCCCC)OC(CC/C=C\CCCCC)=O,1.448698953916726
O=C(CCN(CCC(OCCCCCCCC/C=C\CC(CCCCCC)OC(CC/C=C\CCCCC)=O)=O)CCCCN(C)C)OCCCCCCCC/C=C\CC(CCCCCC)OC(CC/C=C\CCCCC)=O,0.3693140176247583
O=C(CCN(CCC(OCCCCCCCC/C=C\CC(CCCCCC)OC(CC/C=C\CCCCC)=O)=O)CCCCN(C)C)OCCCCCCCC/C=C\CC(CCCCCC)OC(CC/C=C\CCCCC)=O,-0.8270042867655059
O=C(CCN(CCC(OCCCCCCCC/C=C\CC(CCCCCC)OC(CC/C=C\CCCCC)=O)=O)CCCCN(C)C)OCCCCCCCC/C=C\CC(CCCCCC)OC(CC/C=C\CCCCC)=O,0.3063498963410599
O=C(CCN(CCC(OCCCCCCCC/C=C\CC(CCCCCC)OC(CC/C=C\CCCCC)=O)=O)CCCCN(C)C)OCCCCCCCC/C=C\CC(CCCCCC)OC(CC/C=C\CCCCC)=O,0.0814780346135666
O=C(CCN(CCC(OCCCCCCCC/C=C\CC(CCCCCC)OC(CC/C=C\CCCCC)=O)=O)CCCCN(C)C)OCCCCCCCC/C=C\CC(CCCCCC)OC(CC/C=C\CCCCC)=O,-0.4132400611869183
O=C(CCN(CCC(OCCCCCCCC/C=C\CC(CCCCCC)OC(CC/C=C\CCCCC)=O)=O)CCCCN(C)C)OCCCCCCCC/C=C\CC(CCCCCC)OC(CC/C=C\CCCCC)=O,0.3962986410320577
O=C(CCN(CCC(OCCCCCCCC/C=C\CC(CCCCCC)OC(CC/C=C\CCCCC)=O)=O)CCCCN(C)C)OCCCCCCCC/C=C\CC(CCCCCC)OC(CC/C=C\CCCCC)=O,0.9989552304617396
O=C(CCN(CCC(OCCCCCCCC/C=C\CC(CCCCCC)OC(CC/C=C\CCCCC)=O)=O)CCCCN(C)C)OCCCCCCCC/C=C\CC(CCCCCC)OC(CC/C=C\CCCCC)=O,0.9899603559926392
O=C(CCN(CCC(OCCCCCCCC/C=C\CC(CCCCCC)OC(CC/C=C\CCCCC)=O)=O)CCCCN(C)C)OCCCCCCCC/C=C\CC(CCCCCC)OC(CC/C=C\CCCCC)=O,1.925427300779011
O=C(CCN(CCC(OCCCCCCCC/C=C\CC(CCCCCC)OC(CC/C=C\CCCCC)=O)=O)CCCCN(C)C)OCCCCCCCC/C=C\CC(CCCCCC)OC(CC/C=C\CCCCC)=O,-0.2693220696813225
O=C(CCN(CCC(OCCCCCCCC/C=C\CC(CCCCCC)OC(CC/C=C\CCCCC)=O)=O)CCCCN(C)C)OCCCCCCCC/C=C\CC(CCCCCC)OC(CC/C=C\CCCCC)=O,1.1788527198437342
O=C(CCN(CCC(OCCCCCCCC/C=C\CC(CCCCCC)OC(CC/C=C\CCCCC)=O)=O)CCCCN(C)C)OCCCCCCCC/C=C\CC(CCCCCC)OC(CC/C=C\CCCCC)=O,1.4666887028549251
O=C(CCN(CCC(OCCCCCCCC/C=C\CC(CCCCCC)OC(CC/C=C\CCCCC)=O)=O)CCCCN(C)C)OCCCCCCCC/C=C\CC(CCCCCC)OC(CC/C=C\CCCCC)=O,1.889447802902612
O=C(CCN(CCC(OCCCCCCCC/C=C\CC(CCCCCC)OC(CCCCCCC/C=C\CCCCCCCCC)=O)=O)CCCN(C)C)OCCCCCCCC/C=C\CC(CCCCCC)OC(CCCCCCC/C=C\CCCCCCCCC)=O,0.144442155897265
O=C(CCN(CCC(OCCCCCCCC/C=C\CC(CCCCCC)OC(CCCCCCC/C=C\CCCCCCCCC)=O)=O)CCCN(C)C)OCCCCCCCC/C=C\CC(CCCCCC)OC(CCCCCCC/C=C\CCCCCCCCC)=O,-0.3682656888414198
O=C(CCN(CCC(OCCCCCCCC/C=C\CC(CCCCCC)OC(CCCCCCC/C=C\CCCCCCCCC)=O)=O)CCCN(C)C)OCCCCCCCC/C=C\CC(CCCCCC)OC(CCCCCCC/C=C\CCCCCCCCC)=O,1.043929602807238
O=C(CCN(CCC(OCCCCCCCC/C=C\CC(CCCCCC)OC(CCCCCCC/C=C\CCCCCCCCC)=O)=O)CCCN(C)C)OCCCCCCCC/C=C\CC(CCCCCC)OC(CCCCCCC/C=C\CCCCCCCCC)=O,0.3873037665629573
O=C(CCN(CCC(OCCCCCCCC/C=C\CC(CCCCCC)OC(CCCCCCC/C=C\CCCCCCCCC)=O)=O)CCCN(C)C)OCCCCCCCC/C=C\CC(CCCCCC)OC(CCCCCCC/C=C\CCCCCCCCC)=O,1.1068937240909364
O=C(CCN(CCC(OCCCCCCCC/C=C\CC(CCCCCC)OC(CCCCCCC/C=C\CCCCCCCCC)=O)=O)CCCN(C)C)OCCCCCCCC/C=C\CC(CCCCCC)OC(CCCCCCC/C=C\CCCCCCCCC)=O,0.1534370303663645
O=C(CCN(CCC(OCCCCCCCC/C=C\CC(CCCCCC)OC(CCCCCCC/C=C\CCCCCCCCC)=O)=O)CCCN(C)C)OCCCCCCCC/C=C\CC(CCCCCC)OC(CCCCCCC/C=C\CCCCCCCCC)=O,-0.4042451867178183
O=C(CCN(CCC(OCCCCCCCC/C=C\CC(CCCCCC)OC(CCCCCCC/C=C\CCCCCCCCC)=O)=O)CCCN(C)C)OCCCCCCCC/C=C\CC(CCCCCC)OC(CCCCCCC/C=C\CCCCCCCCC)=O,-0.0804297058302282
O=C(CCN(CCC(OCCCCCCCC/C=C\CC(CCCCCC)OC(CCCCCCC/C=C\CCCCCCCCC)=O)=O)CCCN(C)C)OCCCCCCCC/C=C\CC(CCCCCC)OC(CCCCCCC/C=C\CCCCCCCCC)=O,-0.0714348313611286
O=C(CCN(CCC(OCCCCCCCC/C=C\CC(CCCCCC)OC(CCCCCCC/C=C\CCCCCCCCC)=O)=O)CCCN(C)C)OCCCCCCCC/C=C\CC(CCCCCC)OC(CCCCCCC/C=C\CCCCCCCCC)=O,-0.7550452910127079
O=C(CCN(CCC(OCCCCCCCC/C=C\CC(CCCCCC)OC(CCCCCCC/C=C\CCCCCCCCC)=O)=O)CCCN(C)C)OCCCCCCCC/C=C\CC(CCCCCC)OC(CCCCCCC/C=C\CCCCCCCCC)=O,1.1428732219673352
O=C(CCN(CCC(OCCCCCCCC/C=C\CC(CCCCCC)OC(CCCCCCC/C=C\CCCCCCCCC)=O)=O)CCCN(C)C)OCCCCCCCC/C=C\CC(CCCCCC)OC(CCCCCCC/C=C\CCCCCCCCC)=O,1.0709142262145377
O=C(CCN(CCC(OCCCCCCCC/C=C\CC(CCCCCC)OC(CCCCCCC/C=C\CCCCCCCCC)=O)=O)CCCN(C)C)OCCCCCCCC/C=C\CC(CCCCCC)OC(CCCCCCC/C=C\CCCCCCCCC)=O,0.7830782432033458
O=C(CCN(CCC(OCCCCCCCC/C=C\CC(CCCCCC)OC(CCCCCCC/C=C\CCCCCCCCC)=O)=O)CCCN(C)C)OCCCCCCCC/C=C\CC(CCCCCC)OC(CCCCCCC/C=C\CCCCCCCCC)=O,1.4037245815712276
O=C(CCN(CCC(OCCCCCCCC/C=C\CC(CCCCCC)OC(CCCCCCC/C=C\CCCCCCCCC)=O)=O)CCCN(C)C)OCCCCCCCC/C=C\CC(CCCCCC)OC(CCCCCCC/C=C\CCCCCCCCC)=O,1.4217143305094266
O=C(CCN(CCC(OCCCCCCCC/C=C\CC(CCCCCC)OC(CCCCCCC/C=C\CCCCCCCCC)=O)=O)CCCN(C)C)OCCCCCCCC/C=C\CC(CCCCCC)OC(CCCCCCC/C=C\CCCCCCCCC)=O,1.3137758368802297
O=C(CCN(CCC(OCCCCCCCC/C=C\CC(CCCCCC)OC(CCCCCCC/C=C\CCCCCCCCC)=O)=O)CCCN(C)C)OCCCCCCCC/C=C\CC(CCCCCC)OC(CCCCCCC/C=C\CCCCCCCCC)=O,1.4936733262622244
O=C(CCN(CCC(OCCCCCCCC/C=C\CC(CCCCCC)OC(CCCCCCC/C=C\CCCCCCCCC)=O)=O)CCCN(C)C)OCCCCCCCC/C=C\CC(CCCCCC)OC(CCCCCCC/C=C\CCCCCCCCC)=O,1.2328219666583322
O=C(CCN(CCC(OCCCCCCCC/C=C\CC(CCCCCC)OC(CCCCCCCCCCC/C=C\CCCCCCCC)=O)=O)CCCN(CC)CC)OCCCCCCCC/C=C\CC(CCCCCC)OC(CCCCCCCCCCC/C=C\CCCCCCCC)=O,0.2253960261191624
O=C(CCN(CCC(OCCCCCCCC/C=C\CC(CCCCCC)OC(CCCCCCCCCCC/C=C\CCCCCCCC)=O)=O)CCCN(CC)CC)OCCCCCCCC/C=C\CC(CCCCCC)OC(CCCCCCCCCCC/C=C\CCCCCCCC)=O,0.8460423644870442
CCCCCCC(OC(CC/C=C\CCCCC)=O)C/C=C\CCCCCCCCOC(CCN(C)CCO)=O,1.2148322177201325
CCCCCCC(OC(CC/C=C\CCCCC)=O)C/C=C\CCCCCCCCOC(CCN(C)CCO)=O,0.4592627623157552
O=C(CCN(CCC(OCCCCCCCC/C=C\CC(CCCCCC)OC(CCCCCCC/C=C\CCCCCC)=O)=O)CCCN(C)C)OCCCCCCCC/C=C\CC(CCCCCC)OC(CCCCCCC/C=C\CCCCCCC)=O,0.9449859836471408
O=C(CCN(CCC(OCCCCCCCC/C=C\CC(CCCCCC)OC(CCCCCCC/C=C\CCCCCC)=O)=O)CCCN(C)C)OCCCCCCCC/C=C\CC(CCCCCC)OC(CCCCCCC/C=C\CCCCCCC)=O,0.5402166325376527
N(CCC(=O)OCCCCCCCC\C=C/CC(CCCCCC)OC(=O)C(CCCCCC)CCCCCCCC)(CCC(=O)OCCCCCCCC\C=C/CC(CCCCCC)OC(=O)C(CCCCCC)CCCCCCCC)CCCN(CC)CC,0.7740833687342462
CCCCN(CCCC)CCCN(CCC(=O)OCCCCCCCC\C=C/CC(CCCCCC)OC(=O)CCCCCCC/C=C\CCCCCCCC)(CCC(=O)OCCCCCCCC\C=C/CC(CCCCCC)OC(=O)CCCCCCC/C=C\CCCCCCCC),-0.3502759399032203
N(CCC(=O)OCCCCCCCC\C=C/CC(CCCCCC)OC(=O)CCCCCCCCC/C=C\CCCCCCCC)(CCC(=O)OCCCCCCCC\C=C/CC(CCCCCC)OC(=O)CCCCCCCCC/C=C\CCCCCCCC)CCCN(CC)CC,1.3227707113493292
N(CCC(=O)OCCCCCCCC\C=C/CC(CCCCCC)OC(=O)CCC)(CCC(=O)OCCCCCCCC\C=C/CC(CCCCCC)OC(=O)CCC)CCN(CC)CC,1.0785622549539813
N(CCC(=O)OCCCCCCCC\C=C/CC(CCCCCC)OC(=O)CCCCC)(CCC(=O)OCCCCCCCC\C=C/CC(CCCCCC)OC(=O)CCCCC)CCCN(C)C,1.5696256837858618
N(CCC(=O)OCCCCCCCC\C=C/CC(CCCCCC)OC(=O)CCCCCC)(CCC(=O)OCCCCCCCC\C=C/CC(CCCCCC)OC(=O)CCCCCC)CCCN(CC)CC,1.194722660208113
N(CCC(=O)OCCCCCCCC\C=C/CC(CCCCCC)OC(=O)CCCCCCCCC)(CCC(=O)OCCCCCCCC\C=C/CC(CCCCCC)OC(=O)CCCCCCCCC)CCCN(C)C,0.8853551856426644
N(CCC(=O)OCCCCCCCC\C=C/CC(CCCCCC)OC(=O)CCCCCCCCC)(CCC(=O)OCCCCCCCC\C=C/CC(CCCCCC)OC(=O)CCCCCCCCC)CCN(C)C,1.1891088196313928
N(CCC(=O)OCCCCCCCC\C=C/CC(CCCCCC)OC(=O)CCCCCCC/C=C\C/C=C\CCCCC)(CCC(=O)OCCCCCCCC\C=C/CC(CCCCCC)OC(=O)CCCCCCC/C=C\C/C=C\CCCCC)CCN(CC)CC,0.8730269878943427
N(CCC(=O)OCCCCCCCC\C=C/CC(CCCCCC)OC(=O)CCCCC)(CCC(=O)OCCCCCCCC\C=C/CC(CCCCCC)OC(=O)CCCCC)CCCN(C)C,-0.3045035837749413
N(CCC(=O)OCCCCCCCC\C=C/CC(CCCCCC)OC(=O)CC\C=C/C/C=C\C\C=C/C\C=C/C\C=C/C\C=C/CC)(CCC(=O)OCCCCCCCC\C=C/CC(CCCCCC)OC(=O)CC\C=C/C/C=C\C\C=C/C\C=C/C\C=C/C\C=C/CC)CCN(C)C,3.7529384857966015
N(CCC(=O)OCCCCCCCC\C=C/CC(CCCCCC)OC(=O)CC/C=C\CC)(CCC(=O)OCCCCCCCC\C=C/CC(CCCCCC)OC(=O)CC/C=C\CC)CCCN(CC)CC,-0.3045035837749413
N(CCC(=O)OCCCCCCCC\C=C/CC(CCCCCC)OC(=O)C(CCCCCC)CCCCCCCC)(CCC(=O)OCCCCCCCC\C=C/CC(CCCCCC)OC(=O)C(CCCCCC)CCCCCCCC)CCCN(CC)CC,-0.3045035837749413
N(CCC(=O)OCCCCCCCC\C=C/CC(CCCCCC)OC(=O)CCCCCC)(CCC(=O)OCCCCCCCC\C=C/CC(CCCCCC)OC(=O)CCCCCC)CCCN(CC)CC,-0.3045035837749413
N(CCC(=O)OCCCCCCCC\C=C/CC(CCCCCC)OC(=O)C(CCCCCC)CCCCCCCC)(CCC(=O)OCCCCCCCC\C=C/CC(CCCCCC)OC(=O)C(CCCCCC)CCCCCCCC)CCN(CC)CC,-0.3045035837749413
N(CCC(=O)OCCCCCCCC\C=C/CC(CCCCCC)OC(=O)CCC/C=C\C/C=C\C/C=C\C/C=C\CCCCC)(CCC(=O)OCCCCCCCC\C=C/CC(CCCCCC)OC(=O)CCC/C=C\C/C=C\C/C=C\C/C=C\CCCCC)CCN(CC)CC,-0.3045035837749413
N(CCC(=O)OCCCCCCCC\C=C/CC(CCCCCC)OC(=O)CC\C=C/C/C=C\C\C=C/C\C=C/C\C=C/C\C=C/CC)(CCC(=O)OCCCCCCCC\C=C/CC(CCCCCC)OC(=O)CC\C=C/C/C=C\C\C=C/C\C=C/C\C=C/C\C=C/CC)CCN(CC)CC,2.574656919761138
N(CCC(=O)OCCCCCCCC\C=C/CC(CCCCCC)OC(=O)CCCCCCC/C=C\C/C=C\CCCCC)(CCC(=O)OCCCCCCCC\C=C/CC(CCCCCC)OC(=O)CCCCCCC/C=C\C/C=C\CCCCC)CCN(CC)CC,-0.3045035837749413
N(CCC(=O)OCCCCCCCC\C=C/CC(CCCCCC)OC(=O)CCC/C=C\C/C=C\C/C=C\C/C=C\C/C=C\CC)(CCC(=O)OCCCCCCCC\C=C/CC(CCCCCC)OC(=O)CCC/C=C\C/C=C\C/C=C\C/C=C\C/C=C\CC)CCN(CC)CC,-0.3045035837749413
CN(CCC(=O)OCCCCCCCC\C=C/CC(CCCCCC)OC(=O)CC/C=C\CCCCC)CCCN(CCC(=O)OCCCCCCCC\C=C/CC(CCCCCC)OC(=O)CC/C=C\CCCCC)C,-0.3045035837749413
CN(CCC(=O)OCCCCCCCC\C=C/CC(CCCCCC)OC(=O)CC\C=C/C/C=C\C\C=C/C\C=C/C\C=C/C\C=C/CC)CCCN(CCC(=O)OCCCCCCCC\C=C/CC(CCCCCC)OC(=O)CC\C=C/C/C=C\C\C=C/C\C=C/C\C=C/C\C=C/CC)C,1.3033386106713538
CCN(CC)CCN(CCC(=O)OCCCCCCCC\C=C/CC(CCCCCC)OC(=O)C(CCCCCC)CCCCCCCC)CCN(CC)CC,-0.3045035837749413
CCN(CC)CCN(CCC(=O)OCCCCCCCC\C=C/CC(CCCCCC)OC(=O)CC\C=C/C/C=C\C\C=C/C\C=C/C\C=C/C\C=C/CC)CCN(CC)CC,1.1131221552964117
N(CCC(=O)OCCCCCCCC\C=C/CC(CCCCCC)OC(=O)CC/C=C\CCCCC)(CCC(=O)OCCCCCCCC\C=C/CC(CCCCCC)OC(=O)CC/C=C\CCCCC)CCCN1CCN(C)CC1,-0.3045035837749413
N(CCC(=O)OCCCCCCCC\C=C/CC(CCCCCC)OC(=O)CC\C=C/C/C=C\C\C=C/C\C=C/C\C=C/C\C=C/CC)(CCC(=O)OCCCCCCCC\C=C/CC(CCCCCC)OC(=O)CC\C=C/C/C=C\C\C=C/C\C=C/C\C=C/C\C=C/CC)CCCN1CCN(C)CC1,1.8738127471893045
N(CCC(=O)OCCCCCCCC\C=C/CC(CCCCCC)OC(=O)CCC/C=C\C/C=C\C/C=C\C/C=C\CCCCC)(CCC(=O)OCCCCCCCC\C=C/CC(CCCCCC)OC(=O)CCC/C=C\C/C=C\C/C=C\C/C=C\CCCCC)CCc1ccncc1,-0.3045035837749413
N(CCC(=O)OCCCCCCCC\C=C/CC(CCCCCC)OC(=O)CCCCCCCCCCCCCCCCC)(CCC(=O)OCCCCCCCC\C=C/CC(CCCCCC)OC(=O)CCCCCCCCCCCCCCCCC)CCc1ccncc1,-0.3045035837749413
N(CCC(=O)OCCCCCCCC\C=C/CC(CCCCCC)OC(=O)CCCCCCC/C=C\C/C=C\CCCCC)(CCC(=O)OCCCCCCCC\C=C/CC(CCCCCC)OC(=O)CCCCCCC/C=C\C/C=C\CCCCC)CCN1CCOCC1,-0.3045035837749413
N(CCC(=O)OCCCCCCCC\C=C/CC(CCCCCC)OC(=O)CC/C=C\CCCCC)(CCC(=O)OCCCCCCCC\C=C/CC(CCCCCC)OC(=O)CC/C=C\CCCCC)CCN1CCCCC1,-0.3045035837749413
N(CCC(=O)OCCCCCCCC\C=C/CC(CCCCCC)OC(=O)CCC/C=C\C/C=C\C/C=C\C/C=C\CCCCC)(CCC(=O)OCCCCCCCC\C=C/CC(CCCCCC)OC(=O)CCC/C=C\C/C=C\C/C=C\C/C=C\CCCCC)CCN1CCCCC1,-0.3045035837749413
N(CCC(=O)OCCCCCCCC\C=C/CC(CCCCCC)OC(=O)CCCCC)(CCC(=O)OCCCCCCCC\C=C/CC(CCCCCC)OC(=O)CCCCC)CCN1CCCCC1,-0.3045035837749413
N(CCC(=O)OCCCCCCCC\C=C/CC(CCCCCC)OC(=O)CCCCCCCCCCCCCCCCC)(CCC(=O)OCCCCCCCC\C=C/CC(CCCCCC)OC(=O)CCCCCCCCCCCCCCCCC)CCN1CCCCC1,-0.3045035837749413
N(CCC(=O)OCCCCCCCC\C=C/CC(CCCCCC)OC(=O)CCCCCCCCCC)(CCC(=O)OCCCCCCCC\C=C/CC(CCCCCC)OC(=O)CCCCCCCCCC)CCN1CCCCC1,-0.3045035837749413
N(CCC(=O)OCCCCCCCC\C=C/CC(CCCCCC)OC(=O)CCC/C=C\C/C=C\C/C=C\C/C=C\CCCCC)(CCC(=O)OCCCCCCCC\C=C/CC(CCCCCC)OC(=O)CCC/C=C\C/C=C\C/C=C\C/C=C\CCCCC)CCCN1CCCCCC1,-0.3045035837749413
N(CCC(=O)OCCCCCCCC\C=C/CC(CCCCCC)OC(=O)CCCCCCCCCC)(CCC(=O)OCCCCCCCC\C=C/CC(CCCCCC)OC(=O)CCCCCCCCCC)CCCN1CCCCCC1,2.2672117940694205
N(CCC(=O)OCCCCCCCC\C=C/CC(CCCCCC)OC(=O)CC/C=C\CC)(CCC(=O)OCCCCCCCC\C=C/CC(CCCCCC)OC(=O)CC/C=C\CC)CCCN1CCCCC1,-0.3045035837749413
N(CCC(=O)OCCCCCCCC\C=C/CC(CCCCCC)OC(=O)C(CCCCCC)CCCCCCCC)(CCC(=O)OCCCCCCCC\C=C/CC(CCCCCC)OC(=O)C(CCCCCC)CCCCCCCC)CCCN1CCCCC1,-0.3045035837749413
N(CCC(=O)OCCCCCCCC\C=C/CC(CCCCCC)OC(=O)CC\C=C/C/C=C\C\C=C/C\C=C/C\C=C/C\C=C/CC)(CCC(=O)OCCCCCCCC\C=C/CC(CCCCCC)OC(=O)CC\C=C/C/C=C\C\C=C/C\C=C/C\C=C/C\C=C/CC)CCCN1CCCCC1,2.6726946081569074
N(CCC(=O)OCCCCCCCC\C=C/CC(CCCCCC)OC(=O)CC/C=C\CC)(CCC(=O)OCCCCCCCC\C=C/CC(CCCCCC)OC(=O)CC/C=C\CC)CCN1CCN(C)CCCC1,-0.3045035837749413
N(CCC(=O)OCCCCCCCC\C=C/CC(CCCCCC)OC(=O)CCCCCCCCCCCCC)(CCC(=O)OCCCCCCCC\C=C/CC(CCCCCC)OC(=O)CCCCCCCCCCCCC)CCN1CCN(C)CCCC1,-0.3045035837749413
N(CCC(=O)OCCCCCCCC\C=C/CC(CCCCCC)OC(=O)CCCCCCC)(CCC(=O)OCCCCCCCC\C=C/CC(CCCCCC)OC(=O)CCCCCCC)CCN1CCN(C)CCCC1,-0.3045035837749413
N(CCC(=O)OCCCCCCCC\C=C/CC(CCCCCC)OC(=O)CCCCCCC)(CCC(=O)OCCCCCCCC\C=C/CC(CCCCCC)OC(=O)CCCCCCC)CCC1N(C)CCCC1,-0.3045035837749413
N(CCC(=O)OCCCCCCCC\C=C/CC(CCCCCC)OC(=O)CCCCCCC/C=C\CCCCCCCC)(CCC(=O)OCCCCCCCC\C=C/CC(CCCCCC)OC(=O)CCCCCCC/C=C\CCCCCCCC)CCC1N(C)CCCC1,-0.3045035837749413
N(CCC(=O)OCCCCCCCC\C=C/CC(CCCCCC)OC(=O)CCCCCCC/C=C\C/C=C\CCCCC)(CCC(=O)OCCCCCCCC\C=C/CC(CCCCCC)OC(=O)CCCCCCC/C=C\C/C=C\CCCCC)CCC1N(C)CCCC1,-0.3045035837749413
N(CCC(=O)OCCCCCCCC\C=C/CC(CCCCCC)OC(=O)CCC/C=C\C/C=C\C/C=C\C/C=C\C/C=C\CC)(CCC(=O)OCCCCCCCC\C=C/CC(CCCCCC)OC(=O)CCC/C=C\C/C=C\C/C=C\C/C=C\C/C=C\CC)CCC1N(C)CCCC1,4.775968804574319
N(CCC(=O)OCCCCCCCC\C=C/CC(CCCCCC)OC(=O)CC/C=C\CCCCC)(CCC(=O)OCCCCCCCC\C=C/CC(CCCCCC)OC(=O)CC/C=C\CCCCC)CCN1CCN(C)CC1,-0.3045035837749413
N(CCC(=O)OCCCCCCCC\C=C/CC(CCCCCC)OC(=O)CCCCC)(CCC(=O)OCCCCCCCC\C=C/CC(CCCCCC)OC(=O)CCCCC)CCN1CCN(C)CC1,-0.3045035837749413
N(CCC(=O)OCCCCCCCC\C=C/CC(CCCCCC)OC(=O)CCCCCCC)(CCC(=O)OCCCCCCCC\C=C/CC(CCCCCC)OC(=O)CCCCCCC)CCN1CCN(C)CC1,-0.3045035837749413
N(CCC(=O)OCCCCCCCC\C=C/CC(CCCCCC)OC(=O)CCCCCCCCCCCCCCCCC)(CCC(=O)OCCCCCCCC\C=C/CC(CCCCCC)OC(=O)CCCCCCCCCCCCCCCCC)CCN1CCN(C)CC1,-0.3045035837749413
N(CCC(=O)OCCCCCCCC\C=C/CC(CCCCCC)OC(=O)CCCCCCC/C=C\C/C=C\CCCCC)(CCC(=O)OCCCCCCCC\C=C/CC(CCCCCC)OC(=O)CCCCCCC/C=C\C/C=C\CCCCC)CCN1CCN(C)CC1,-0.3045035837749413
N(CCC(=O)OCCCCCCCC\C=C/CC(CCCCCC)OC(=O)CCCCCC)(CCC(=O)OCCCCCCCC\C=C/CC(CCCCCC)OC(=O)CCCCCC)CC1N(C)CCCC1,-0.3045035837749413
N(CCC(=O)OCCCCCCCC\C=C/CC(CCCCCC)OC(=O)CCCCCCC/C=C\CCCCCCCC)(CCC(=O)OCCCCCCCC\C=C/CC(CCCCCC)OC(=O)CCCCCCC/C=C\CCCCCCCC)CC1N(C)CCCC1,-0.3045035837749413
N(CCC(=O)OCCCCCCCC\C=C/CC(CCCCCC)OC(=O)CCCCCCC/C=C\C/C=C\CCCCC)(CCC(=O)OCCCCCCCC\C=C/CC(CCCCCC)OC(=O)CCCCCCC/C=C\C/C=C\CCCCC)CC1N(C)CCCC1,-0.3045035837749413
N(CCC(=O)OCCCCCCCC\C=C/CC(CCCCCC)OC(=O)CCC/C=C\C/C=C\C/C=C\C/C=C\C/C=C\CC)(CCC(=O)OCCCCCCCC\C=C/CC(CCCCCC)OC(=O)CCC/C=C\C/C=C\C/C=C\C/C=C\C/C=C\CC)CC1N(C)CCCC1,1.807920463212516
N(CCC(=O)OCCCCCCCC\C=C/CC(CCCCCC)OC(=O)CCCCCCCCCCC)(CCC(=O)OCCCCCCCC\C=C/CC(CCCCCC)OC(=O)CCCCCCCCCCC)CCC1N(CC(C)C)CCCC1,-0.3045035837749413
N(CCC(=O)OCCCCCCCC\C=C/CC(CCCCCC)OC(=O)CCCCCCCCCCCCC)(CCC(=O)OCCCCCCCC\C=C/CC(CCCCCC)OC(=O)CCCCCCCCCCCCC)CCC1N(CC(C)C)CCCC1,-0.3045035837749413
N(CCC(=O)OCCCCCCCC\C=C/CC(CCCCCC)OC(=O)C(CCCCCC)CCCCCCCC)(CCC(=O)OCCCCCCCC\C=C/CC(CCCCCC)OC(=O)C(CCCCCC)CCCCCCCC)CCC1N(CC(C)C)CCCC1,-0.3045035837749413
N(CCC(=O)OCCCCCCCC\C=C/CC(CCCCCC)OC(=O)CCCCCC)(CCC(=O)OCCCCCCCC\C=C/CC(CCCCCC)OC(=O)CCCCCC)CCC1N(CC(C)C)CCCC1,-0.3045035837749413
N(CCC(=O)OCCCCCCCC\C=C/CC(CCCCCC)OC(=O)CCCCCCC/C=C\CCCCCCCC)(CCC(=O)OCCCCCCCC\C=C/CC(CCCCCC)OC(=O)CCCCCCC/C=C\CCCCCCCC)CCC1N(CC(C)C)CCCC1,-0.3045035837749413
N(CCC(=O)OCCCCCCCC\C=C/CC(CCCCCC)OC(=O)CCCCCCCCCCCCC)(CCC(=O)OCCCCCCCC\C=C/CC(CCCCCC)OC(=O)CCCCCCCCCCCCC)CCN1CCCCCC1,-0.3045035837749413
N(CCC(=O)OCCCCCCCC\C=C/CC(CCCCCC)OC(=O)CCCCCCCCCCCCCCCCC)(CCC(=O)OCCCCCCCC\C=C/CC(CCCCCC)OC(=O)CCCCCCCCCCCCCCCCC)CCN1CCCCCC1,-0.3045035837749413
N(CCC(=O)OCCCCCCCC\C=C/CC(CCCCCC)OC(=O)C(CCCCCC)CCCCCCCC)(CCC(=O)OCCCCCCCC\C=C/CC(CCCCCC)OC(=O)C(CCCCCC)CCCCCCCC)CCO,-0.3045035837749413
N(CCC(=O)OCCCCCCCC\C=C/CC(CCCCCC)OC(=O)CC\C=C/C/C=C\C\C=C/C\C=C/C\C=C/C\C=C/CC)(CCC(=O)OCCCCCCCC\C=C/CC(CCCCCC)OC(=O)CC\C=C/C/C=C\C\C=C/C\C=C/C\C=C/C\C=C/CC)CCO,1.9233544467751489
N(CCC(=O)OCCCCCCCC\C=C/CC(CCCCCC)OC(=O)CCCCCCC)(CCC(=O)OCCCCCCCC\C=C/CC(CCCCCC)OC(=O)CCCCCCC)CCO,-0.3045035837749413
N(CCC(=O)OCCCCCCCC\C=C/CC(CCCCCC)OC(=O)CCCCCCCCCCCCCCCCC)(CCC(=O)OCCCCCCCC\C=C/CC(CCCCCC)OC(=O)CCCCCCCCCCCCCCCCC)CCO,-0.3045035837749413
N(CCC(=O)OCCCCCCCC\C=C/CC(CCCCCC)OC(=O)CCCCCCC/C=C\CCCCCCCC)(CCC(=O)OCCCCCCCC\C=C/CC(CCCCCC)OC(=O)CCCCCCC/C=C\CCCCCCCC)CCO,-0.3045035837749413
N(CCC(=O)OCCCCCCCC\C=C/CC(CCCCCC)OC(=O)CCCCCCCCCCC)(CCC(=O)OCCCCCCCC\C=C/CC(CCCCCC)OC(=O)CCCCCCCCCCC)CCCCCO,-0.3045035837749413
N(CCC(=O)OCCCCCCCC\C=C/CC(CCCCCC)OC(=O)CCCCCCCCCCCCCCC)(CCC(=O)OCCCCCCCC\C=C/CC(CCCCCC)OC(=O)CCCCCCCCCCCCCCC)CCCCCO,-0.3045035837749413
N(CCC(=O)OCCCCCCCC\C=C/CC(CCCCCC)OC(=O)CC\C=C/C/C=C\C\C=C/C\C=C/C\C=C/C\C=C/CC)(CCC(=O)OCCCCCCCC\C=C/CC(CCCCCC)OC(=O)CC\C=C/C/C=C\C\C=C/C\C=C/C\C=C/C\C=C/CC)CCCCCO,-0.3045035837749413
N(CCC(=O)OCCCCCCCC\C=C/CC(CCCCCC)OC(=O)CCCCCC)(CCC(=O)OCCCCCCCC\C=C/CC(CCCCCC)OC(=O)CCCCCC)CCCCCO,-0.3045035837749413
N(CCC(=O)OCCCCCCCC\C=C/CC(CCCCCC)OC(=O)CCCCCCCCCCCCC)(CCC(=O)OCCCCCCCC\C=C/CC(CCCCCC)OC(=O)CCCCCCCCCCCCC)CCC1OCCO1,-0.3045035837749413
N(CCC(=O)OCCCCCCCC\C=C/CC(CCCCCC)OC(=O)CCCCCCC/C=C\CCCCCCCC)(CCC(=O)OCCCCCCCC\C=C/CC(CCCCCC)OC(=O)CCCCCCC/C=C\CCCCCCCC)CCC1OCCO1,-0.3045035837749413
N(CCC(=O)OCCCCCCCC\C=C/CC(CCCCCC)OC(=O)CCCCCC)(CCC(=O)OCCCCCCCC\C=C/CC(CCCCCC)OC(=O)CCCCCC)CCN1CCCC1,-0.3045035837749413
N(CCC(=O)OCCCCCCCC\C=C/CC(CCCCCC)OC(=O)CC/C=C\CCCCC)(CCC(=O)OCCCCCCCC\C=C/CC(CCCCCC)OC(=O)CC/C=C\CCCCC)CCCN1CCCC1,-0.3045035837749413
N(CCC(=O)OCCCCCCCC\C=C/CC(CCCCCC)OC(=O)CC\C=C/C/C=C\C\C=C/C\C=C/C\C=C/C\C=C/CC)(CCC(=O)OCCCCCCCC\C=C/CC(CCCCCC)OC(=O)CC\C=C/C/C=C\C\C=C/C\C=C/C\C=C/C\C=C/CC)CCCN1CCCC1,3.6946211387036354
N(CCC(=O)OCCCCCCCC\C=C/CC(CCCCCC)OC(=O)CCCCCCC/C=C\CCCCCCCC)(CCC(=O)OCCCCCCCC\C=C/CC(CCCCCC)OC(=O)CCCCCCC/C=C\CCCCCCCC)CCCN1CCCC1,-0.3045035837749413
N(CCC(=O)OCCCCCCCC\C=C/CC(CCCCCC)OC(=O)C(CCCCCC)CCCCCCCC)(CCC(=O)OCCCCCCCC\C=C/CC(CCCCCC)OC(=O)C(CCCCCC)CCCCCCCC)CCCn1ccnc1,-0.3045035837749413
N(CCC(=O)OCCCCCCCC\C=C/CC(CCCCCC)OC(=O)CC/C=C\CCCCC)(CCC(=O)OCCCCCCCC\C=C/CC(CCCCCC)OC(=O)CC/C=C\CCCCC)CCCn1ccnc1,-0.3045035837749413
N(CCC(=O)OCCCCCCCC\C=C/CC(CCCCCC)OC(=O)CCCCCCCCCCCCCCCCC)(CCC(=O)OCCCCCCCC\C=C/CC(CCCCCC)OC(=O)CCCCCCCCCCCCCCCCC)CCCn1ccnc1,-0.3045035837749413
N(CCC(=O)OCCCCCCCC\C=C/CC(CCCCCC)OC(=O)CCCCCCC/C=C\CCCCCCCC)(CCC(=O)OCCCCCCCC\C=C/CC(CCCCCC)OC(=O)CCCCCCC/C=C\CCCCCCCC)CCCn1ccnc1,-0.3045035837749413
N(CCC(=O)OCCCCCCCC\C=C/CC(CCCCCC)OC(=O)CCC/C=C\C/C=C\C/C=C\C/C=C\C/C=C\CC)(CCC(=O)OCCCCCCCC\C=C/CC(CCCCCC)OC(=O)CCC/C=C\C/C=C\C/C=C\C/C=C\C/C=C\CC)CCCn1ccnc1,-0.3045035837749413
N(CCC(=O)OCCCCCCCC\C=C/CC(CCCCCC)OC(=O)CCC/C=C\C/C=C\C/C=C\C/C=C\C/C=C\CC)(CCC(=O)OCCCCCCCC\C=C/CC(CCCCCC)OC(=O)CCC/C=C\C/C=C\C/C=C\C/C=C\C/C=C\CC)CCN(C)CCN(CCC(=O)OCCCCCCCC\C=C/CC(CCCCCC)OC(=O)CCC/C=C\C/C=C\C/C=C\C/C=C\C/C=C\CC)(CCC(=O)OCCCCCCCC\C=C/CC(CCCCCC)OC(=O)CCC/C=C\C/C=C\C/C=C\C/C=C\C/C=C\CC),-0.8412295964473735
N(CCC(=O)OCCCCCCCC\C=C/CC(CCCCCC)OC(=O)CCC/C=C\C/C=C\C/C=C\C/C=C\C/C=C\CC)(CCC(=O)OCCCCCCCC\C=C/CC(CCCCCC)OC(=O)CCC/C=C\C/C=C\C/C=C\C/C=C\C/C=C\CC)CCCN(CCCC)CCCC,-1.7439316345287457
N(CCC(=O)OCCCCCCCC\C=C/CC(CCCCCC)OC(=O)CCC/C=C\C/C=C\C/C=C\C/C=C\C/C=C\CC)(CCC(=O)OCCCCCCCC\C=C/CC(CCCCCC)OC(=O)CCC/C=C\C/C=C\C/C=C\C/C=C\C/C=C\CC)CCN(CCC(=O)OCCCCCCCC\C=C/CC(CCCCCC)OC(=O)CCC/C=C\C/C=C\C/C=C\C/C=C\C/C=C\CC)CCN(CC1)CCN1CCN(CCC(=O)OCCCCCCCC\C=C/CC(CCCCCC)OC(=O)CCC/C=C\C/C=C\C/C=C\C/C=C\C/C=C\CC)(CCC(=O)OCCCCCCCC\C=C/CC(CCCCCC)OC(=O)CCC/C=C\C/C=C\C/C=C\C/C=C\C/C=C\CC),-1.9413404826439529
N(CCC(=O)OCCCCCCCC\C=C/CC(CCCCCC)OC(=O)CC\C=C/C/C=C\C\C=C/C\C=C/C\C=C/C\C=C/CC)(CCC(=O)OCCCCCCCC\C=C/CC(CCCCCC)OC(=O)CC\C=C/C/C=C\C\C=C/C\C=C/C\C=C/C\C=C/CC)CCCN(C)CCCN(CCC(=O)OCCCCCCCC\C=C/CC(CCCCCC)OC(=O)CC\C=C/C/C=C\C\C=C/C\C=C/C\C=C/C\C=C/CC)(CCC(=O)OCCCCCCCC\C=C/CC(CCCCCC)OC(=O)CC\C=C/C/C=C\C\C=C/C\C=C/C\C=C/C\C=C/CC),-1.5968345605618692
OCCN(CCC(=O)OCCCCCCCC\C=C/CC(CCCCCC)OC(=O)CC\C=C/C/C=C\C\C=C/C\C=C/C\C=C/C\C=C/CC)CCN(CCC(=O)OCCCCCCCC\C=C/CC(CCCCCC)OC(=O)CC\C=C/C/C=C\C\C=C/C\C=C/C\C=C/C\C=C/CC)CCO,0.5482585427521078
CN(CCC(=O)OCCCCCCCC\C=C/CC(CCCCCC)OC(=O)CCCCCCC/C=C\C/C=C\C/C=C\CC)CCCN(CCC(=O)OCCCCCCCC\C=C/CC(CCCCCC)OC(=O)CCCCCCC/C=C\C/C=C\C/C=C\CC)C,0.6014095820081305
CN(CCC(=O)OCCCCCCCC\C=C/CC(CCCCCC)OC(=O)CCCCCCC/C=C\C/C=C\C/C=C\CC)CCN(CCN(CCC(=O)OCCCCCCCC\C=C/CC(CCCCCC)OC(=O)CCCCCCC/C=C\C/C=C\C/C=C\CC)C)CCN(CCC(=O)OCCCCCCCC\C=C/CC(CCCCCC)OC(=O)CCCCCCC/C=C\C/C=C\C/C=C\CC)C,1.51245475239549
N(CCC(=O)OCCCCCCCC\C=C/CC(CCCCCC)OC(=O)CC/C=C\CCCCC)(CCC(=O)OCCCCCCCC\C=C/CC(CCCCCC)OC(=O)CC/C=C\CCCCC)CCN(C)CCN(CCC(=O)OCCCCCCCC\C=C/CC(CCCCCC)OC(=O)CC/C=C\CCCCC)(CCC(=O)OCCCCCCCC\C=C/CC(CCCCCC)OC(=O)CC/C=C\CCCCC),-0.1888295770490796
CN(CCC(=O)OCCCCCCCC\C=C/CC(CCCCCC)OC(=O)CCCCCCC/C=C\C/C=C\CCCCC)CCN(CCN(CCC(=O)OCCCCCCCC\C=C/CC(CCCCCC)OC(=O)CCCCCCC/C=C\C/C=C\CCCCC)C)CCN(CCC(=O)OCCCCCCCC\C=C/CC(CCCCCC)OC(=O)CCCCCCC/C=C\C/C=C\CCCCC)C,-0.0823045319068168
CN(CCC(=O)OCCCCCCCC\C=C/CC(CCCCCC)OC(=O)CCCCCCCCCCC)CCN(CCN(CCC(=O)OCCCCCCCC\C=C/CC(CCCCCC)OC(=O)CCCCCCCCCCC)C)CCN(CCC(=O)OCCCCCCCC\C=C/CC(CCCCCC)OC(=O)CCCCCCCCCCC)C,0.3694904876784224
CN(CCC(=O)OCCCCCCCC\C=C/CC(CCCCCC)O)CCN(CCN(CCC(=O)OCCCCCCCC\C=C/CC(CCCCCC)O)C)CCN(CCC(=O)OCCCCCCCC\C=C/CC(CCCCCC)O)C,1.3642218458085789
N(CCC(=O)OCCCCCCCC\C=C/CC(CCCCCC)OC(=O)CCCC\C=C/C\C=C/C\C=C/CCCCC)(CCC(=O)OCCCCCCCC\C=C/CC(CCCCCC)OC(=O)CCCC\C=C/C\C=C/C\C=C/CCCCC)CCCN(CC)CC,0.7755907770934356
N(CCC(=O)OCCCCCCCC\C=C/CC(CCCCCC)OC(=O)CCCC\C=C/C\C=C/C\C=C/CCCCC)(CCC(=O)OCCCCCCCC\C=C/CC(CCCCCC)OC(=O)CCCC\C=C/C\C=C/C\C=C/CCCCC)CCCN(C)CCCN(CCC(=O)OCCCCCCCC\C=C/CC(CCCCCC)OC(=O)CCCC\C=C/C\C=C/C\C=C/CCCCC)(CCC(=O)OCCCCCCCC\C=C/CC(CCCCCC)OC(=O)CCCC\C=C/C\C=C/C\C=C/CCCCC),-1.732697190032351
N(CCC(=O)OCCCCCCCC\C=C/CC(CCCCCC)OC(=O)C(CCCC)CCCCCC)(CCC(=O)OCCCCCCCC\C=C/CC(CCCCCC)OC(=O)C(CCCC)CCCCCC)CCN(C)C,-0.8911642723463086
N(CCC(=O)OCCCCCCCC\C=C/CC(CCCCCC)OC(=O)C(CCCC)CCCCCC)(CCC(=O)OCCCCCCCC\C=C/CC(CCCCCC)OC(=O)C(CCCC)CCCCCC)CCN1CCCCC1,0.7573405728559242
N(CCC(=O)OCCCCCCCC\C=C/CC(CCCCCC)OC(=O)CCC/C=C\C/C=C\C/C=C\C/C=C\CCCCC)(CCC(=O)OCCCCCCCC\C=C/CC(CCCCCC)OC(=O)CCC/C=C\C/C=C\C/C=C\C/C=C\CCCCC)CCN(CC)CC,1.0318955245221253
N(CCC(=O)OCCCCCCCC\C=C/CC(CCCCCC)OC(=O)C(CCCCCC)CCCCCCCC)(CCC(=O)OCCCCCCCC\C=C/CC(CCCCCC)OC(=O)C(CCCCCC)CCCCCCCC)CCCN(CC)CC,0.0966276293140489
N(CCC(=O)OCCCCCCCC\C=C/CC(CCCCCC)OC(=O)C(CCCCCC)CCCCCCCC)(CCC(=O)OCCCCCCCC\C=C/CC(CCCCCC)OC(=O)C(CCCCCC)CCCCCCCC)CCN(CC)CC,0.6962276836149801
N(CCC(=O)OCCCCCCCC\C=C/CC(CCCCCC)OC(=O)C(CCCCCC)CCCCCCCC)(CCC(=O)OCCCCCCCC\C=C/CC(CCCCCC)OC(=O)C(CCCCCC)CCCCCCCC)CCCN(C)CCCN(CCC(=O)OCCCCCCCC\C=C/CC(CCCCCC)OC(=O)C(CCCCCC)CCCCCCCC)(CCC(=O)OCCCCCCCC\C=C/CC(CCCCCC)OC(=O)C(CCCCCC)CCCCCCCC),-0.8872553044866427
N(CCC(=O)OCCCCCCCC\C=C/CC(CCCCCC)OC(=O)C(CCCCCC)CCCCCCCC)(CCC(=O)OCCCCCCCC\C=C/CC(CCCCCC)OC(=O)C(CCCCCC)CCCCCCCC)CCCN1CCCCC1,1.087013332375343
N(CCC(=O)OCCCCCCCC\C=C/CC(CCCCCC)OC(=O)C(CCCCCC)CCCCCCCC)(CCC(=O)OCCCCCCCC\C=C/CC(CCCCCC)OC(=O)C(CCCCCC)CCCCCCCC)CCCN(CCC(=O)OCCCCCCCC\C=C/CC(CCCCCC)OC(=O)C(CCCCCC)CCCCCCCC)CCCN(C)C,1.495463911978068
N(CCC(=O)OCCCCCCCC\C=C/CC(CCCCCC)OC(=O)C(CCCCCC)CCCCCCCC)(CCC(=O)OCCCCCCCC\C=C/CC(CCCCCC)OC(=O)C(CCCCCC)CCCCCCCC)CCCn1ccnc1,-0.5069014320007328
N(CCC(=O)OCCCCCCCC\C=C/CC(CCCCCC)OC(=O)CCC/C=C\C/C=C\C/C=C\C/C=C\C/C=C\CC)(CCC(=O)OCCCCCCCC\C=C/CC(CCCCCC)OC(=O)CCC/C=C\C/C=C\C/C=C\C/C=C\C/C=C\CC)CCN(C)CCN(CCC(=O)OCCCCCCCC\C=C/CC(CCCCCC)OC(=O)CCC/C=C\C/C=C\C/C=C\C/C=C\C/C=C\CC)(CCC(=O)OCCCCCCCC\C=C/CC(CCCCCC)OC(=O)CCC/C=C\C/C=C\C/C=C\C/C=C\C/C=C\CC),-0.8337465245026511
N(CCC(=O)OCCCCCCCC\C=C/CC(CCCCCC)OC(=O)CCC/C=C\C/C=C\C/C=C\C/C=C\C/C=C\CC)(CCC(=O)OCCCCCCCC\C=C/CC(CCCCCC)OC(=O)CCC/C=C\C/C=C\C/C=C\C/C=C\C/C=C\CC)CCCN(CCCC)CCCC,-0.7273939099742172
N(CCC(=O)OCCCCCCCC\C=C/CC(CCCCCC)OC(=O)CCC/C=C\C/C=C\C/C=C\C/C=C\C/C=C\CC)(CCC(=O)OCCCCCCCC\C=C/CC(CCCCCC)OC(=O)CCC/C=C\C/C=C\C/C=C\C/C=C\C/C=C\CC)CCN(CCC(=O)OCCCCCCCC\C=C/CC(CCCCCC)OC(=O)CCC/C=C\C/C=C\C/C=C\C/C=C\C/C=C\CC)CCN(CC1)CCN1CCN(CCC(=O)OCCCCCCCC\C=C/CC(CCCCCC)OC(=O)CCC/C=C\C/C=C\C/C=C\C/C=C\C/C=C\CC)(CCC(=O)OCCCCCCCC\C=C/CC(CCCCCC)OC(=O)CCC/C=C\C/C=C\C/C=C\C/C=C\C/C=C\CC),-1.7508981132405146
N(CCC(=O)OCCCCCCCC\C=C/CC(CCCCCC)OC(=O)CC\C=C/C/C=C\C\C=C/C\C=C/C\C=C/C\C=C/CC)(CCC(=O)OCCCCCCCC\C=C/CC(CCCCCC)OC(=O)CC\C=C/C/C=C\C\C=C/C\C=C/C\C=C/C\C=C/CC)CCCN(C)CCCN(CCC(=O)OCCCCCCCC\C=C/CC(CCCCCC)OC(=O)CC\C=C/C/C=C\C\C=C/C\C=C/C\C=C/C\C=C/CC)(CCC(=O)OCCCCCCCC\C=C/CC(CCCCCC)OC(=O)CC\C=C/C/C=C\C\C=C/C\C=C/C\C=C/C\C=C/CC),-1.5793519296899463
OCCN(CCC(=O)OCCCCCCCC\C=C/CC(CCCCCC)OC(=O)CC\C=C/C/C=C\C\C=C/C\C=C/C\C=C/C\C=C/CC)CCN(CCC(=O)OCCCCCCCC\C=C/CC(CCCCCC)OC(=O)CC\C=C/C/C=C\C\C=C/C\C=C/C\C=C/C\C=C/CC)CCO,0.8183891668898038
CN(CCC(=O)OCCCCCCCC\C=C/CC(CCCCCC)OC(=O)CCCCCCC/C=C\C/C=C\C/C=C\CC)CCCN(CCC(=O)OCCCCCCCC\C=C/CC(CCCCCC)OC(=O)CCCCCCC/C=C\C/C=C\C/C=C\CC)C,-0.0108234999324526
CN(CCC(=O)OCCCCCCCC\C=C/CC(CCCCCC)OC(=O)CCCCCCC/C=C\C/C=C\C/C=C\CC)CCN(CCN(CCC(=O)OCCCCCCCC\C=C/CC(CCCCCC)OC(=O)CCCCCCC/C=C\C/C=C\C/C=C\CC)C)CCN(CCC(=O)OCCCCCCCC\C=C/CC(CCCCCC)OC(=O)CCCCCCC/C=C\C/C=C\C/C=C\CC)C,0.3162426048911669
N(CCC(=O)OCCCCCCCC\C=C/CC(CCCCCC)OC(=O)CC/C=C\CCCCC)(CCC(=O)OCCCCCCCC\C=C/CC(CCCCCC)OC(=O)CC/C=C\CCCCC)CCN(C)CCN(CCC(=O)OCCCCCCCC\C=C/CC(CCCCCC)OC(=O)CC/C=C\CCCCC)(CCC(=O)OCCCCCCCC\C=C/CC(CCCCCC)OC(=O)CC/C=C\CCCCC),1.0636757598369095
CN(CCC(=O)OCCCCCCCC\C=C/CC(CCCCCC)OC(=O)CCCCCCC/C=C\C/C=C\CCCCC)CCN(CCN(CCC(=O)OCCCCCCCC\C=C/CC(CCCCCC)OC(=O)CCCCCCC/C=C\C/C=C\CCCCC)C)CCN(CCC(=O)OCCCCCCCC\C=C/CC(CCCCCC)OC(=O)CCCCCCC/C=C\C/C=C\CCCCC)C,-0.5101761914293618
CN(CCC(=O)OCCCCCCCC\C=C/CC(CCCCCC)OC(=O)CCCCCCCCCCC)CCN(CCN(CCC(=O)OCCCCCCCC\C=C/CC(CCCCCC)OC(=O)CCCCCCCCCCC)C)CCN(CCC(=O)OCCCCCCCC\C=C/CC(CCCCCC)OC(=O)CCCCCCCCCCC)C,0.3776083225855045
CN(CCC(=O)OCCCCCCCC\C=C/CC(CCCCCC)O)CCN(CCN(CCC(=O)OCCCCCCCC\C=C/CC(CCCCCC)O)C)CCN(CCC(=O)OCCCCCCCC\C=C/CC(CCCCCC)O)C,2.971502096257243
N(CCC(=O)OCCCCCCCC\C=C/CC(CCCCCC)OC(=O)CCCC\C=C/C\C=C/C\C=C/CCCCC)(CCC(=O)OCCCCCCCC\C=C/CC(CCCCCC)OC(=O)CCCC\C=C/C\C=C/C\C=C/CCCCC)CCCN(CC)CC,-0.0070106528073556
N(CCC(=O)OCCCCCCCC\C=C/CC(CCCCCC)OC(=O)CCCC\C=C/C\C=C/C\C=C/CCCCC)(CCC(=O)OCCCCCCCC\C=C/CC(CCCCCC)OC(=O)CCCC\C=C/C\C=C/C\C=C/CCCCC)CCCN(C)CCCN(CCC(=O)OCCCCCCCC\C=C/CC(CCCCCC)OC(=O)CCCC\C=C/C\C=C/C\C=C/CCCCC)(CCC(=O)OCCCCCCCC\C=C/CC(CCCCCC)OC(=O)CCCC\C=C/C\C=C/C\C=C/CCCCC),-2.1442089097281007
N(CCC(=O)OCCCCCCCC\C=C/CC(CCCCCC)OC(=O)C(CCCC)CCCCCC)(CCC(=O)OCCCCCCCC\C=C/CC(CCCCCC)OC(=O)C(CCCC)CCCCCC)CCN(C)C,-0.7633468931065087
N(CCC(=O)OCCCCCCCC\C=C/CC(CCCCCC)OC(=O)C(CCCC)CCCCCC)(CCC(=O)OCCCCCCCC\C=C/CC(CCCCCC)OC(=O)C(CCCC)CCCCCC)CCN1CCCCC1,-1.036720060418031
N(CCC(=O)OCCCCCCCC\C=C/CC(CCCCCC)OC(=O)CCC/C=C\C/C=C\C/C=C\C/C=C\CCCCC)(CCC(=O)OCCCCCCCC\C=C/CC(CCCCCC)OC(=O)CCC/C=C\C/C=C\C/C=C\C/C=C\CCCCC)CCN(CC)CC,1.3504067236091206
N(CCC(=O)OCCCCCCCC\C=C/CC(CCCCCC)OC(=O)C(CCCCCC)CCCCCCCC)(CCC(=O)OCCCCCCCC\C=C/CC(CCCCCC)OC(=O)C(CCCCCC)CCCCCCCC)CCCN(CC)CC,0.13359982207741
N(CCC(=O)OCCCCCCCC\C=C/CC(CCCCCC)OC(=O)C(CCCCCC)CCCCCCCC)(CCC(=O)OCCCCCCCC\C=C/CC(CCCCCC)OC(=O)C(CCCCCC)CCCCCCCC)CCN(CC)CC,1.0934484141288576
N(CCC(=O)OCCCCCCCC\C=C/CC(CCCCCC)OC(=O)C(CCCCCC)CCCCCCCC)(CCC(=O)OCCCCCCCC\C=C/CC(CCCCCC)OC(=O)C(CCCCCC)CCCCCCCC)CCCN(C)CCCN(CCC(=O)OCCCCCCCC\C=C/CC(CCCCCC)OC(=O)C(CCCCCC)CCCCCCCC)(CCC(=O)OCCCCCCCC\C=C/CC(CCCCCC)OC(=O)C(CCCCCC)CCCCCCCC),0.2853801492882041
N(CCC(=O)OCCCCCCCC\C=C/CC(CCCCCC)OC(=O)C(CCCCCC)CCCCCCCC)(CCC(=O)OCCCCCCCC\C=C/CC(CCCCCC)OC(=O)C(CCCCCC)CCCCCCCC)CCCN1CCCCC1,0.3011680888953331
N(CCC(=O)OCCCCCCCC\C=C/CC(CCCCCC)OC(=O)C(CCCCCC)CCCCCCCC)(CCC(=O)OCCCCCCCC\C=C/CC(CCCCCC)OC(=O)C(CCCCCC)CCCCCCCC)CCCN(CCC(=O)OCCCCCCCC\C=C/CC(CCCCCC)OC(=O)C(CCCCCC)CCCCCCCC)CCCN(C)C,0.8654831935191604
N(CCC(=O)OCCCCCCCC\C=C/CC(CCCCCC)OC(=O)C(CCCCCC)CCCCCCCC)(CCC(=O)OCCCCCCCC\C=C/CC(CCCCCC)OC(=O)C(CCCCCC)CCCCCCCC)CCCn1ccnc1,0.1341636215409624
N(CCC(=O)OCCCCCCCC\C=C/CC(CCCCCC)OC(=O)CCC/C=C\C/C=C\C/C=C\C/C=C\C/C=C\CC)(CCC(=O)OCCCCCCCC\C=C/CC(CCCCCC)OC(=O)CCC/C=C\C/C=C\C/C=C\C/C=C\C/C=C\CC)CCN(C)CCN(CCC(=O)OCCCCCCCC\C=C/CC(CCCCCC)OC(=O)CCC/C=C\C/C=C\C/C=C\C/C=C\C/C=C\CC)(CCC(=O)OCCCCCCCC\C=C/CC(CCCCCC)OC(=O)CCC/C=C\C/C=C\C/C=C\C/C=C\C/C=C\CC),0.0586838897087424
N(CCC(=O)OCCCCCCCC\C=C/CC(CCCCCC)OC(=O)CCC/C=C\C/C=C\C/C=C\C/C=C\C/C=C\CC)(CCC(=O)OCCCCCCCC\C=C/CC(CCCCCC)OC(=O)CCC/C=C\C/C=C\C/C=C\C/C=C\C/C=C\CC)CCCN(CCCC)CCCC,-0.3589769153096602
N(CCC(=O)OCCCCCCCC\C=C/CC(CCCCCC)OC(=O)CCC/C=C\C/C=C\C/C=C\C/C=C\C/C=C\CC)(CCC(=O)OCCCCCCCC\C=C/CC(CCCCCC)OC(=O)CCC/C=C\C/C=C\C/C=C\C/C=C\C/C=C\CC)CCN(CCC(=O)OCCCCCCCC\C=C/CC(CCCCCC)OC(=O)CCC/C=C\C/C=C\C/C=C\C/C=C\C/C=C\CC)CCN(CC1)CCN1CCN(CCC(=O)OCCCCCCCC\C=C/CC(CCCCCC)OC(=O)CCC/C=C\C/C=C\C/C=C\C/C=C\C/C=C\CC)(CCC(=O)OCCCCCCCC\C=C/CC(CCCCCC)OC(=O)CCC/C=C\C/C=C\C/C=C\C/C=C\C/C=C\CC),-0.616133155310535
N(CCC(=O)OCCCCCCCC\C=C/CC(CCCCCC)OC(=O)CC\C=C/C/C=C\C\C=C/C\C=C/C\C=C/C\C=C/CC)(CCC(=O)OCCCCCCCC\C=C/CC(CCCCCC)OC(=O)CC\C=C/C/C=C\C\C=C/C\C=C/C\C=C/C\C=C/CC)CCCN(C)CCCN(CCC(=O)OCCCCCCCC\C=C/CC(CCCCCC)OC(=O)CC\C=C/C/C=C\C\C=C/C\C=C/C\C=C/C\C=C/CC)(CCC(=O)OCCCCCCCC\C=C/CC(CCCCCC)OC(=O)CC\C=C/C/C=C\C\C=C/C\C=C/C\C=C/C\C=C/CC),-0.0983842913307918
CN(CCC(=O)OCCCCCCCC\C=C/CC(CCCCCC)O)CCN(CCN(CCC(=O)OCCCCCCCC\C=C/CC(CCCCCC)O)C)CCN(CCC(=O)OCCCCCCCC\C=C/CC(CCCCCC)O)C,0.2727852662117308
N(CCC(=O)OCCCCCCCC\C=C/CC(CCCCCC)OC(=O)CCCC\C=C/C\C=C/C\C=C/CCCCC)(CCC(=O)OCCCCCCCC\C=C/CC(CCCCCC)OC(=O)CCCC\C=C/C\C=C/C\C=C/CCCCC)CCCN(CC)CC,-0.5856457574021484
N(CCC(=O)OCCCCCCCC\C=C/CC(CCCCCC)OC(=O)CCCC\C=C/C\C=C/C\C=C/CCCCC)(CCC(=O)OCCCCCCCC\C=C/CC(CCCCCC)OC(=O)CCCC\C=C/C\C=C/C\C=C/CCCCC)CCCN(C)CCCN(CCC(=O)OCCCCCCCC\C=C/CC(CCCCCC)OC(=O)CCCC\C=C/C\C=C/C\C=C/CCCCC)(CCC(=O)OCCCCCCCC\C=C/CC(CCCCCC)OC(=O)CCCC\C=C/C\C=C/C\C=C/CCCCC),-0.5923554539997614
N(C(CCCCCOC(=O)CCCCCCC/C=C\C/C=C\CCCCC)C(=O)NCC(=O)OC(C)(C)C)(C(=O)CCCCCCC/C=C\CCCCCCCC)CCN(C)C,2.3501003504165467
N(C(CCCCCOC(=O)CCCCCCC/C=C\CCCCCCCC)C(=O)NCC(=O)OC(C)(C)C)(C(=O)CCCCCCC/C=C\C/C=C\CCCCC)CCN(C)C,2.3501003504165467
N(C(CCCCCOC(=O)CCCCCCC/C=C\CCCCCCCC)C(=O)NCC(=O)OC(C)(C)C)(C(=O)CCCCCCCCCCCCCCC)CCN(C)C,2.3501003504165467
N(C(CCCCCOC(=O)CCCCCCC/C=C\CCCCCCCC)C(=O)NC(C)(C)C)(C(=O)CCCCCCC/C=C\CCCCCCCC)CCCN(C)C,1.7034337793633856
N(C(CCCCCOC(=O)CCCCCCCCCC)C(=O)NCCCC)(C(=O)CCCCCCC/C=C\C/C=C\CCCCC)CCCN(C)C,1.4822247735374912
N(C(CCCCCOC(=O)CCCCCCCCCC)C(=O)NC(C)(C)C)(C(=O)CCCCC(=O)OC(CCCCCCCC)CCCCCCCC)CCCN(C)C,1.456563670751971
N(C(CCCCCOC(=O)CCCCCCC/C=C\CCCCCCCC)C(=O)NCCCC)(C(=O)CCCCCCC/C=C\C/C=C\CCCCC)CCN(C)C,1.3025772409154577
N(C(CCCCCOC(=O)CCCCCCCCCCCC)C(=O)NC(C)(C)C)(C(=O)CCCCCCC/C=C\CCCCCCCC)CCCN(C)C,1.14592653255986
N(C(CCCCCOC(=O)CCCCCCCCCCCC)C(=O)NCCCC)(C(=O)CCCCC(=O)OC(CCCCCCCC)CCCCCCCC)CCCN(C)C,1.14592653255986
N(C(CCCCCOC(=O)CCCCCCCCCCCCCCCCC)C(=O)NCCCC)(C(=O)CCCCCCC/C=C\C/C=C\CCCCC)CCCN(C)C,0.9304032939199404
N(C(CCCCCOC(=O)CCCCCCCCCCCCCCC)C(=O)NC2CCCCC2)(C(=O)CCCCCCC/C=C\CCCCCCCC)CCN(C)C,0.911440488955874
N(C(CCCCCOC(=O)CCCCCCC/C=C\CCCCCCCC)C(=O)NC2CCCCC2)(C(=O)CCCCCCC/C=C\C/C=C\CCCCC)CCCN(C)C,0.911440488955874
N(C(CCCCCOC(=O)CCCCCCC/C=C\C/C=C\CCCCC)C(=O)NC2CCCCC2)(C(=O)CCCCCCCCCCCCCCC)CCCN(C)C,0.891834755528216
N(C(CCCCCOC(=O)CCCCCCCCCCCC)C(=O)NCC(=O)OC(C)(C)C)(C(=O)CCCCC(=O)OC(CCCCCCCC)CCCCCCCC)CCCN(C)C,0.8715409624871585
N(C(CCCCCOC(=O)CCCCCCCCCCCC)C(=O)NC2CCCCC2)(C(=O)CCCCCCC/C=C\CCCCCCCC)CCCN(C)C,0.828683304337764
N(C(CCCCCOC(=O)CCCCCCC/C=C\C/C=C\CCCCC)C(=O)NCCCC)(C(=O)CCCCCCC/C=C\CCCCCCCC)CCCN(C)C,0.647290827981139
N(C(CCCCCOC(=O)CCCCCCCCCCCC)C(=O)NC(C)(C)C)(C(=O)CCCCCCC/C=C\CCCCCCCC)CCCN(CCCC)CCCC,0.5829675142341652
N(C(CCCCCOC(=O)CCCCCCC/C=C\CCCCCCCC)C(=O)NCC(=O)OC(C)(C)C)(C(=O)CCCCC(=O)OC(CCCCCCCC)CCCCCCCC)CCCN(C)C,0.5829675142341652
N(C(CCCCCOC(=O)CCCCCCCCCCCCCCCCC)C(=O)NC2CCCCC2)(C(=O)CCCCC(=O)OC(CCCCCCCC)CCCCCCCC)CCCN(C)C,0.5479074633322939
N(C(CCCCCOC(=O)CCCCCCCCCCCC)C(=O)NCCCC)(C(=O)CCCCCCCCCCCCCCC)CCCN(CCCC)CCCC,0.5105839491763291
N(C(CCCCCOC(=O)CCCCCCCCCCCC)C(=O)NC(C)(C)C)(C(=O)CCCCC(=O)OC(CCCCCCCC)CCCCCCCC)CCCN(CCCC)CCCC,0.5105839491763291
N(C(CCCCCOC(=O)CCCCCCCCCCCC)C(=O)NC(C)(C)C)(C(=O)CCCCCCC/C=C\CCCCCCCC)CCN(C)C,0.4706844240392303
N(C(CCCCC(=O)OC(CCCCCCCC)CCCCCCCC)C(=O)NC(C)(C)C)(C(=O)CCCCCCC/C=C\CCCCCCCC)CCN(C)C,0.4706844240392303
N(C(CCCCC(=O)OC(CCCCCCCC)CCCCCCCC)C(=O)NC2CCCCC2)(C(=O)CCCCCCC/C=C\C/C=C\CCCCC)CCCN(CCCC)CCCC,0.4706844240392303
N(C(CCCCCOC(=O)CCCCCCC/C=C\C/C=C\CCCCC)C(=O)NCCCC)(C(=O)CCCCCCC/C=C\C/C=C\CCCCC)CCCN(CCCC)CCCC,0.4706844240392303
N(C(CCCCCOC(=O)CCCCCCCCCC)C(=O)NCC(=O)OC(C)(C)C)(C(=O)CCCCC(=O)OC(CCCCCCCC)CCCCCCCC)CCCN(CCCC)CCCC,0.4278267645582191
N(C(CCCCCOC(=O)CCCCCCCCCC)C(=O)NCC(=O)OC(C)(C)C)(C(=O)CCCCCCC/C=C\C/C=C\CCCCC)CCCN(CCCC)CCCC,0.0279601938340985
N(C(CCCCCOC(=O)CCCCCCCCCCCCCCC)C(=O)NCC(=O)OC(C)(C)C)(C(=O)CCCCCCC/C=C\CCCCCCCC)CCCN(CCCC)CCCC,0.3815369671567343
N(C(CCCCCOC(=O)CCCCCCC/C=C\CCCCCCCC)C(=O)NC2CCCCC2)(C(=O)CCCCCCC/C=C\CCCCCCCC)CCCN(CCCC)CCCC,0.3815369671567343
N(C(CCCCCOC(=O)CCCCCCCCCC)C(=O)NCCCC)(C(=O)CCCCCCC/C=C\C/C=C\CCCCC)CCN(C)C,0.4581892276368288
N(C(CCCCCOC(=O)CCCCCCCC)C(=O)NC2CCCCC2)(C(=O)CCCCCCC/C=C\CCCCCCCC)CCN(C)C,0.3312170920380163
N(C(CCCCCOC(=O)CCCCCCCCCC)C(=O)NC(C)(C)C)(C(=O)CCCCCCCCCCCCCCC)CCCN(CCCC)CCCC,0.3312170920380163
N(C(CCCCCOC(=O)CCCCCCCCCCCCCCC)C(=O)NCCCC)(C(=O)CCCCCCC/C=C\CCCCCCCC)CCCN(CCCC)CCCC,0.2760979055723439
N(C(CCCCCOC(=O)CCCCCCCC)C(=O)NCCCC)(C(=O)CCCCCCC/C=C\CCCCCCCC)CCCN(CCCC)CCCC,0.2760979055723439
N(C(CCCCCOC(=O)CCCCCCCCCCCC)C(=O)NC2CCCCC2)(C(=O)CCCCCCCCCCCCCCC)CCCN(CCCC)CCCC,0.2760979055723439
N(C(CCCCCOC(=O)CCCCCCC/C=C\C/C=C\CCCCC)C(=O)NCC(=O)OC(C)(C)C)(C(=O)CCCCC(=O)OC(CCCCCCCC)CCCCCCCC)CCN(C)C,1.4340793191340548
N(C(CCCCCOC(=O)CCCCCCCC)C(=O)NCC(=O)OC(C)(C)C)(C(=O)CCCCC(=O)OC(CCCCCCCC)CCCCCCCC)CCN(C)C,0.2151664723127919
N(C(CCCCCOC(=O)CCCCCCCCCCCC)C(=O)NC(C)(C)C)(C(=O)CCCCC(=O)OC(CCCCCCCC)CCCCCCCC)CCN(C)C,0.2151664723127919
N(C(CCCCCOC(=O)CCCCCCCCCCCCCCCCC)C(=O)NC(C)(C)C)(C(=O)CCCCCCC/C=C\C/C=C\CCCCC)CCCN(CCCC)CCCC,0.2151664723127919
N(C(CCCCCOC(=O)CCCCCCCCCCCC)C(=O)NCC(=O)OC(C)(C)C)(C(=O)CCCCCCCCCCCCCCC)CCCN(CCCC)CCCC,0.2151664723127919
N(C(CCCCCOC(=O)CCCCCCCCCCCC)C(=O)NCCCC)(C(=O)CCCCCCC/C=C\CCCCCCCC)CCCN(CCCC)CCCC,0.147050923552749
N(C(CCCCCOC(=O)CCCCCCCCCC)C(=O)NC2CCCCC2)(C(=O)CCCCCCC/C=C\C/C=C\CCCCC)CCCN(CCCC)CCCC,0.147050923552749
N(C(CCCCCOC(=O)CCCCCCCCCCCC)C(=O)NCC(=O)OC(C)(C)C)(C(=O)CCCCCCC/C=C\C/C=C\CCCCC)CCCN(CCCC)CCCC,0.0698278842596853
N(C(CCCCC(=O)OC(CCCCCCCC)CCCCCCCC)C(=O)NCCCC)(C(=O)CCCCCCCCCCCCCCC)CCCN(CCCC)CCCC,0.0698278842596853
N(C(CCCCC(=O)OC(CCCCCCCC)CCCCCCCC)C(=O)NC(C)(C)C)(C(=O)CCCCCCCCCCCCCCC)CCCN(C)C,-0.0193195726228103
N(C(CCCCCOC(=O)CCCCCCCCCCCCCCCCC)C(=O)NCC(=O)OC(C)(C)C)(C(=O)CCCCCCCCCCCCCCC)CCN(C)C,-0.1247586342072013
N(C(CCCCC(=O)OC(CCCCCCCC)CCCCCCCC)C(=O)NCC(=O)OC(C)(C)C)(C(=O)CCCCCCC/C=C\CCCCCCCC)CCCN(CCCC)CCCC,-0.1247586342072013
N(C(CCCCCOC(=O)CCCCCCCCCCCCCCCCC)C(=O)NCC(=O)OC(C)(C)C)(C(=O)CCCCCCCCCCCCCCC)CCCN(CCCC)CCCC,-0.1247586342072013
N(C(CCCCCOC(=O)CCCCCCCCCCCCCCCCC)C(=O)NCCCC)(C(=O)CCCCCCCCCCCCCCC)CCCN(C)C,-0.1247586342072013
N(C(CCCCCOC(=O)CCCCCCCCCCCCCCCCC)C(=O)NCC(=O)OC(C)(C)C)(C(=O)CCCCC(=O)OC(CCCCCCCC)CCCCCCCC)CCCN(C)C,-0.1247586342072013
N(C(CCCCCOC(=O)CCCCCCCCCCCCCCCCC)C(=O)NC(C)(C)C)(C(=O)CCCCCCC/C=C\C/C=C\CCCCC)CCN(C)C,-0.2538056162267961
N(C(CCCCCOC(=O)CCCCCCCCCCCCCCCCC)C(=O)NC(C)(C)C)(C(=O)CCCCCCC/C=C\CCCCCCCC)CCCN(CCCC)CCCC,-0.2538056162267961
N(C(CCCCCOC(=O)CCCCCCCCCCCCCCC)C(=O)NCC(=O)OC(C)(C)C)(C(=O)CCCCCCC/C=C\C/C=C\CCCCC)CCCN(CCCC)CCCC,-0.2538056162267961
N(C(CCCCCOC(=O)CCCCCCC/C=C\C/C=C\CCCCC)C(=O)NCC(=O)OC(C)(C)C)(C(=O)CCCCCCC/C=C\C/C=C\CCCCC)CCCN(C)C,-0.2538056162267961
N(C(CCCCCOC(=O)CCCCCCCC)C(=O)NCC(=O)OC(C)(C)C)(C(=O)CCCCCCCCCCCCCCC)CCCN(C)C,-0.2538056162267961
N(C(CCCCCOC(=O)CCCCCCCCCCCCCCC)C(=O)NCC(=O)OC(C)(C)C)(C(=O)CCCCC(=O)OC(CCCCCCCC)CCCCCCCC)CCCN(C)C,-0.2538056162267961
N(C(CCCCCOC(=O)CCCCCCC/C=C\C/C=C\CCCCC)C(=O)NCC(=O)OC(C)(C)C)(C(=O)CCCCC(=O)OC(CCCCCCCC)CCCCCCCC)CCCN(CCCC)CCCC,1.5586789986600629
N(C(CCCCCOC(=O)CCCCCCCCCCCCCCC)C(=O)NC(C)(C)C)(C(=O)CCCCCCC/C=C\CCCCCCCC)CCN(C)C,-0.4201761110707385
N(C(CCCCCOC(=O)CCCCCCC/C=C\C/C=C\CCCCC)C(=O)NC(C)(C)C)(C(=O)CCCCCCC/C=C\C/C=C\CCCCC)CCCN(CCCC)CCCC,-0.4201761110707385
N(C(CCCCCOC(=O)CCCCCCC/C=C\C/C=C\CCCCC)C(=O)NC2CCCCC2)(C(=O)CCCCCCCCCCCCCCC)CCCN(CCCC)CCCC,-0.4201761110707385
N(C(CCCCCOC(=O)CCCCCCC/C=C\C/C=C\CCCCC)C(=O)NCCCC)(C(=O)CCCCCCCCCCCCCCC)CCCN(CCCC)CCCC,-0.4201761110707385
N(C(CCCCCOC(=O)CCCCCCCCCCCCCCCCC)C(=O)NC2CCCCC2)(C(=O)CCCCCCC/C=C\C/C=C\CCCCC)CCN(C)C,-0.6546621546747243
N(C(CCCCCOC(=O)CCCCCCCC)C(=O)NC2CCCCC2)(C(=O)CCCCCCC/C=C\CCCCCCCC)CCCN(CCCC)CCCC,-0.6546621546747243
N(C(CCCCCOC(=O)CCCCCCCCCCCCCCCCC)C(=O)NC2CCCCC2)(C(=O)CCCCCCC/C=C\C/C=C\CCCCC)CCCN(CCCC)CCCC,-0.6546621546747243
N(C(CCCCCOC(=O)CCCCCCC/C=C\CCCCCCCC)C(=O)NCC(=O)OC(C)(C)C)(C(=O)CCCCCCCCCCCCCCC)CCCN(CCCC)CCCC,-0.6546621546747243
N(C(CCCCCOC(=O)CCCCCCCC)C(=O)NCC(=O)OC(C)(C)C)(C(=O)CCCCCCCCCCCCCCC)CCCN(CCCC)CCCC,-0.6546621546747243
N(C(CCCCCOC(=O)CCCCCCCC)C(=O)NC(C)(C)C)(C(=O)CCCCCCC/C=C\C/C=C\CCCCC)CCN(C)C,-1.0555186944542694
N(C(CCCCCOC(=O)CCCCCCC/C=C\C/C=C\CCCCC)C(=O)NCCCC)(C(=O)CCCCCCC/C=C\C/C=C\CCCCC)CCN(C)C,-1.0555186944542694
N(C(CCCCC(=O)OC(CCCCCCCC)CCCCCCCC)C(=O)NCCCC)(C(=O)CCCCCCC/C=C\C/C=C\CCCCC)CCN(C)C,-1.0555186944542694
N(C(CCCCCOC(=O)CCCCCCCCCCCCCCCCC)C(=O)NCCCC)(C(=O)CCCCC(=O)OC(CCCCCCCC)CCCCCCCC)CCN(C)C,-1.0555186944542694
N(C(CCCCCOC(=O)CCCCCCCCCCCCCCC)C(=O)NCCCC)(C(=O)CCCCC(=O)OC(CCCCCCCC)CCCCCCCC)CCN(C)C,-1.0555186944542694
N(C(CCCCCOC(=O)CCCCCCCCCCCCCCC)C(=O)NC2CCCCC2)(C(=O)CCCCCCC/C=C\CCCCCCCC)CCCN(CCCC)CCCC,-1.0555186944542694
N(C(CCCCCOC(=O)CCCCCCCC)C(=O)NCC(=O)OC(C)(C)C)(C(=O)CCCCCCC/C=C\C/C=C\CCCCC)CCCN(CCCC)CCCC,-1.0555186944542694
N(C(CCCCCOC(=O)CCCCCCC/C=C\C/C=C\CCCCC)C(=O)NCC(=O)OC(C)(C)C)(C(=O)CCCCCCCCCCCCCCC)CCCN(CCCC)CCCC,-1.0555186944542694
N(C(CCCCCOC(=O)CCCCCCCCCCCCCCCCC)C(=O)NC(C)(C)C)(C(=O)CCCCCCCCCCCCCCC)CCCN(CCCC)CCCC,-1.0555186944542694
N(C(CCCCC(=O)OC(CCCCCCCC)CCCCCCCC)C(=O)NC2CCCCC2)(C(=O)CCCCCCCCCCCCCCC)CCCN(CCCC)CCCC,-1.0555186944542694
N(C(CCCCCOC(=O)CCCCCCCC)C(=O)NC2CCCCC2)(C(=O)CCCCC(=O)OC(CCCCCCCC)CCCCCCCC)CCCN(CCCC)CCCC,-1.0555186944542694
N(C(CCCCCOC(=O)CCCCCCC/C=C\C/C=C\CCCCC)C(=O)NCC(=O)OC(C)(C)C)(C(=O)CCCCCCC/C=C\CCCCCCCC)CCCN(C)C,-1.0555186944542694
N(C(CCCCCOC(=O)CCCCCCCCCCCCCCC)C(=O)NC(C)(C)C)(C(=O)CCCCCCC/C=C\CCCCCCCC)CCCN(C)C,-1.0555186944542694
N(C(CCCCC(=O)OC(CCCCCCCC)CCCCCCCC)C(=O)NCC(=O)OC(C)(C)C)(C(=O)CCCCCCCCCCCCCCC)CCCN(C)C,-1.0555186944542694
N(C(CCCCC(=O)OC(CCCCCCCC)CCCCCCCC)C(=O)NC2CCCCC2)(C(=O)CCCCC(=O)OC(CCCCCCCC)CCCCCCCC)CCCN(C)C,-1.0555186944542694
N(C(CCCCCOC(=O)CCCCCCC/C=C\CCCCCCCC)C(=O)NCC(=O)OC(C)(C)C)(C(=O)CCCCCCC/C=C\CCCCCCCC)CCCN(CCN1C)CC1,4.620220093564446
N(C(CCCCCOC(=O)CCCCCCCCCC)C(=O)NC(C)(C)C)(C(=O)CCCCCCC/C=C\C/C=C\CCCCC)CCCN1CCCCC1CC,1.6139716095452563
N(C(CCCCCOC(=O)CCCCCCC/C=C\C/C=C\CCCCC)C(=O)NCC(=O)OC(C)(C)C)(C(=O)CCCCC(=O)OC(CCCCCCCC)CCCCCCCC)CCN1CCCC1,1.581218868037267
N(C(CCCCCOC(=O)CCCCCCCCCC)C(=O)NC2CCCCC2)(C(=O)CCCCCCC/C=C\CCCCCCCC)CCCN1CCCCC1,1.5430607112441883
N(C(CCCCCOC(=O)CCCCCCCCCC)C(=O)NC2CCCCC2)(C(=O)CCCCCCC/C=C\CCCCCCCC)CCCN1CCCCC1CC,1.2473557649890372
N(C(CCCCCOC(=O)CCCCCCC/C=C\C/C=C\CCCCC)C(=O)NCC(=O)OC(C)(C)C)(C(=O)CCCCC(=O)OC(CCCCCCCC)CCCCCCCC)CCN1CCOCC1,0.5562106867344632
N(C(CCCCCOC(=O)CCCCCCCCCC)C(=O)NC2CCCCC2)(C(=O)CCCCCCC/C=C\CCCCCCCC)CCCN(CCN1C)CC1,0.4622936042338779
N(C(CCCCCOC(=O)CCCCCCCCCC)C(=O)NC2CCCCC2)(C(=O)CCCCCCC/C=C\CCCCCCCC)C1CCN(CC2=CC=CC=C2)CC1,0.3926044135619032
N(C(CCCCCOC(=O)CCCCCCC/C=C\C/C=C\CCCCC)C(=O)NCCCC)(C(=O)CCCCC(=O)OC(CCCCCCCC)CCCCCCCC)CCCN1CCCCCC1,0.3618616194764605
N(C(CCCCCOC(=O)CCCCCCC/C=C\C/C=C\CCCCC)C(=O)NCC(=O)OC(C)(C)C)(C(=O)CCCCC(=O)OC(CCCCCCCC)CCCCCCCC)CCCN1CCCCC1,0.2584133127245599
N(C(CCCCCOC(=O)CCCCCCCCCC)C(=O)NC2CCCCC2)(C(=O)CCCCCCC/C=C\CCCCCCCC)CCCN(CCO)CCO,0.1469813093001327
N(C(CCCCCOC(=O)CCCCCCCCCC)C(=O)NC2CCCCC2)(C(=O)CCCCCCC/C=C\CCCCCCCC)CCN1CCN(C)CCC1,0.1044942453769921
N(C(CCCCCOC(=O)CCCCCCCCCC)C(=O)NC2CCCCC2)(C(=O)CCCCCCC/C=C\CCCCCCCC)CCN1CCCCC1,-0.0389949189714679
N(C(CCCCCOC(=O)CCCCCCCCCC)C(=O)NCC(=O)OC(C)(C)C)(C(=O)CCCCCCC/C=C\C/C=C\CCCCC)CCN1CCN(C)CCC1,-0.1171683516746029
N(C(CCCCCOC(=O)CCCCCCCCCC)C(=O)NC(C)(C)C)(C(=O)CCCCCCC/C=C\C/C=C\CCCCC)CCN1CCCC1,-0.1606116441517561
N(C(CCCCCOC(=O)CCCCCCC/C=C\C/C=C\CCCCC)C(=O)NCCCC)(C(=O)CCCCC(=O)OC(CCCCCCCC)CCCCCCCC)CCN(CC1)CCS1(=O)=O,-0.2256592081880848
N(C(CCCCCOC(=O)CCCCCCCCCC)C(=O)NCC(=O)OC(C)(C)C)(C(=O)CCCCCCC/C=C\CCCCCCCC)CCN(C)CCN,-0.2395951524973512
N(C(CCCCCOC(=O)CCCCCCCCCC)C(=O)NCC(=O)OC(C)(C)C)(C(=O)CCCCCCC/C=C\C/C=C\CCCCC)CCN1CCCCC1,-0.2538752304794122
N(C(CCCCCOC(=O)CCCCCCC/C=C\C/C=C\CCCCC)C(=O)NCCCC)(C(=O)CCCCC(=O)OC(CCCCCCCC)CCCCCCCC)CCN1CCCCC1CC,-0.3366324137659058
N(C(CCCCCOC(=O)CCCCCCC/C=C\C/C=C\CCCCC)C(=O)NCCCC)(C(=O)CCCCC(=O)OC(CCCCCCCC)CCCCCCCC)CCCN(CCO)CCO,-0.6547317689273406
N(C(CCCCCOC(=O)CCCCCCCCCC)C(=O)NCC(=O)OC(C)(C)C)(C(=O)CCCCCCC/C=C\CCCCCCCC)CCN1CCCCCC1,-0.6743375023549987
N(C(CCCCCOC(=O)CCCCCCCCCC)C(=O)NC2CCCCC2)(C(=O)CCCCCCC/C=C\CCCCCCCC)CCN1CCCCC1CC,-0.7264731205996989
N(C(CCCCCOC(=O)CCCCCCCCCC)C(=O)NCC(=O)OC(C)(C)C)(C(=O)CCCCCCC/C=C\CCCCCCCC)CC1=CC=CN=C1,-0.934304044248276
N(C(CCCCCOC(=O)CCCCCCCCCC)C(=O)NCC(=O)OC(C)(C)C)(C(=O)CCCCCCC/C=C\C/C=C\CCCCC)CCCN1CCCCC1,-0.9832047436490496
N(C(CCCCCOC(=O)CCCCCCCCCC)C(=O)NC(C)(C)C)(C(=O)CCCCCCC/C=C\C/C=C\CCCCC)CCN1C=CN=C1,-1.036625503742819
N(C(CCCCCOC(=O)CCCCCCC/C=C\C/C=C\CCCCC)C(=O)NCCCC)(C(=O)CCCCC(=O)OC(CCCCCCCC)CCCCCCCC)CCCN1CCN(CC1)CCCN,-1.2349551658451987
N(C(CCCCCOC(=O)CCCCCCCCCC)C(=O)NC2CCCCC2)(C(=O)CCCCCCC/C=C\CCCCCCCC)CCN1CCCCCC1,-1.2618583300195438
N(C(CCCCCOC(=O)CCCCCCCCCC)C(=O)NCCCC)(C(=O)CCCCCCC/C=C\C/C=C\CCCCC)CCN1CCOCC1,-1.319737969681621
N(C(CCCCCOC(=O)CCCCCCC/C=C\C/C=C\CCCCC)C(=O)NCCCC)(C(=O)CCCCC(=O)OC(CCCCCCCC)CCCCCCCC)CCN1CCCCCC1,-1.3840612820969778
N(C(CCCCCOC(=O)CCCCCCCCCC)C(=O)NC(C)(C)C)(C(=O)CCCCCCC/C=C\C/C=C\CCCCC)CCCN1CCOCC1,-2.621690952337484
N(C(CCCCCOC(=O)CCCCCCCCCC)C(=O)NCC(=O)OC(C)(C)C)(C(=O)CCCCCCC/C=C\C/C=C\CCCCC)CCCN1CCN(CC1)CCCN,-2.621690952337484
N(C(CCCCCOC(=O)CCCCCCC/C=C\C/C=C\CCCCC)C(=O)NCC(=O)OC(C)(C)C)(C(=O)CCCCC(=O)OC(CCCCCCCC)CCCCCCCC)CCCN(CCCC)CCCC,1.39807291200757
N(C(CCCCCOC(=O)CCCCCCC/C=C\C/C=C\CCCCC)C(=O)NCC(=O)OC(C)(C)C)(C(=O)CCCCC(=O)OC(CCCCCCCC)CCCCCCCC)CCN(C)C,0.7529697571760057
N(C(CCCCCOC(=O)CCCCCCC/C=C\C/C=C\CCCCC)C(=O)NCC(=O)OC(C)(C)C)(C(=O)CCCCC(=O)OC(CCCCCCCC)CCCCCCCC)CCN1CCCC1,0.736386375986719
N(C(CCCCCOC(=O)CCCCCCCCCC)C(=O)NCCCC)(C(=O)CCCCCCC/C=C\C/C=C\CCCCC)CCCN(C)C,-0.282645660629244
N(C(CCCCCOC(=O)CCCCCCCCCC)C(=O)NC2CCCCC2)(C(=O)CCCCCCC/C=C\CCCCCCCC)CCCN1CCCCC1,-0.4281398757553232
N(C(CCCCCOC(=O)CCCCCCC/C=C\CCCCCCCC)C(=O)NCC(=O)OC(C)(C)C)(C(=O)CCCCCCC/C=C\CCCCCCCC)CCCN(CCN1C)CC1,-0.6332022162010338
N(C(CCCCCOC(=O)CCCCCCCCCC)C(=O)NC(C)(C)C)(C(=O)CCCCCCC/C=C\C/C=C\CCCCC)CCCN1CCCCC1CC,-0.983757554841364
N(C(CCCCCOC(=O)CCCCCCCCCC)C(=O)NC2CCCCC2)(C(=O)CCCCCCC/C=C\CCCCCCCC)CCCN1CCCCC1CC,-0.983757554841364
N(C(CCCCCOC(=O)CCCCCCC/C=C\C/C=C\CCCCC)C(=O)NCCCC)(C(=O)CCCCC(=O)OC(CCCCCCCC)CCCCCCCC)CCN(CC1)CCS1(=O)=O,-0.983757554841364
CN(CCC(=O)NCCCCCCCCCCCC)CCCN(CCC(=O)NCCCCCCCCCCCC)(CCC(=O)NCCCCCCCCCCCC),5.4680711279925465
N(CCC(=O)NCCCCCCCCCCCCCC)(CCC(=O)NCCCCCCCCCCCCCC)CCN(CCC(=O)NCCCCCCCCCCCCCC)CCO,4.0093318093600745
CC(C)N(CCC(=O)NCCCCCCCCCCCCCCCC)CCN(CCC(=O)NCCCCCCCCCCCCCCCC)C(C)C,4.0093318093600745
OCCCN(CCC(=O)NCCCCCCCCCCCCCC)(CCC(=O)NCCCCCCCCCCCCCC),2.550592490727602
CCOCCN(CCC(=O)OCCCCCCCCCCCCCC)(CCC(=O)OCCCCCCCCCCCCCC),1.09185317209513
COCCCN(CCC(=O)OCCCCCCCCCCCCCCC)(CCC(=O)OCCCCCCCCCCCCCCC),1.09185317209513
CCN(CC)CCCN(CCC(=O)OCCCCCCCCCCCCCCC)(CCC(=O)OCCCCCCCCCCCCCCC),1.09185317209513
N(CCC(=O)OCCCCCCCCCCCCCCC)(CCC(=O)OCCCCCCCCCCCCCCC)CCCN(CCC(=O)OCCCCCCCCCCCCCCC)(CCC(=O)OCCCCCCCCCCCCCCC),1.09185317209513
N(CCC(=O)OCCCCCCCCCCCCCCC)(CCC(=O)OCCCCCCCCCCCCCCC)CCN(CCC(=O)OCCCCCCCCCCCCCCC)CCO,1.09185317209513
CCN(CCC(=O)NCCCCCCCCCCCC)CCN(CCC(=O)NCCCCCCCCCCCC)CC,1.09185317209513
OCCN(CCO)CCN(CCC(=O)NCCCCCCCCCCCC)(CCC(=O)NCCCCCCCCCCCC),1.09185317209513
OCCN(CCO)CCCN(CCC(=O)NCCCCCCCCCCCC)(CCC(=O)NCCCCCCCCCCCC),1.09185317209513
COCCN(CCC(=O)NCCCCCCCCCCCCCC)(CCC(=O)NCCCCCCCCCCCCCC),1.09185317209513
C1COCCN1CCCN(CCC(=O)NCCCCCCCCCCCCCC)(CCC(=O)NCCCCCCCCCCCCCC),1.09185317209513
OCCN(CCC(=O)NCCCCCCCCCCCCCCC)CCN(CCC(=O)NCCCCCCCCCCCCCCC)CCO,1.09185317209513
N1(C)CCCC1CCN(CCC(=O)NCCCCCCCCCCCCCCCC)(CCC(=O)NCCCCCCCCCCCCCCCC),1.09185317209513
CN(C)CC(C)N(CCC(=O)NCCCCCCCCCCCCCCCC)(CCC(=O)NCCCCCCCCCCCCCCCC),1.09185317209513
COCCCN(CCC(=O)OCCCCCCCCCC)(CCC(=O)OCCCCCCCCCC),-0.3668861465373421
CCOCCN(CCC(=O)OCCCCCCCCCC)(CCC(=O)OCCCCCCCCCC),-0.3668861465373421
CC(O)CN(CCC(=O)OCCCCCCCCCC)(CCC(=O)OCCCCCCCCCC),-0.3668861465373421
CC(O)CN(CCC(=O)OCCCCCCCCCC)(CCC(=O)OCCCCCCCCCC),-0.3668861465373421
OCC(CO)N(CCC(=O)OCCCCCCCCCC)(CCC(=O)OCCCCCCCCCC),-0.3668861465373421
CC(CO)(CO)N(CCC(=O)OCCCCCCCCCC)(CCC(=O)OCCCCCCCCCC),-0.3668861465373421
CN(CCC(=O)OCCCCCCCCCC)CCN(CCC(=O)OCCCCCCCCCC)C,-0.3668861465373421
CCN(CCC(=O)OCCCCCCCCCC)CCN(CCC(=O)OCCCCCCCCCC)CC,-0.3668861465373421
N1(C)CCCC1CCN(CCC(=O)OCCCCCCCCCC)(CCC(=O)OCCCCCCCCCC),-0.3668861465373421
CCN(CC)CCCN(CCC(=O)OCCCCCCCCCC)(CCC(=O)OCCCCCCCCCC),-0.3668861465373421
OCCN(CCO)CCN(CCC(=O)OCCCCCCCCCC)(CCC(=O)OCCCCCCCCCC),-0.3668861465373421
C1COCCN1CCCN(CCC(=O)OCCCCCCCCCC)(CCC(=O)OCCCCCCCCCC),-0.3668861465373421
CN(CCC(=O)OCCCCCCCCCC)CCCN(CCC(=O)OCCCCCCCCCC)(CCC(=O)OCCCCCCCCCC),-0.3668861465373421
OCC(CO)N(CCC(=O)OCCCCCCCCCCCC)(CCC(=O)OCCCCCCCCCCCC),-0.3668861465373421
OCCOCCN(CCC(=O)OCCCCCCCCCCCC)(CCC(=O)OCCCCCCCCCCCC),-0.3668861465373421
CN(CCC(=O)OCCCCCCCCCCCC)CCCN(CCC(=O)OCCCCCCCCCCCC)C,-0.3668861465373421
C1N(CCC(=O)OCCCCCCCCCCCC)CCCN(CCC(=O)OCCCCCCCCCCCC)C1,-0.3668861465373421
CN(C)CC(C)N(CCC(=O)OCCCCCCCCCCCC)(CCC(=O)OCCCCCCCCCCCC),-0.3668861465373421
OCCN(CCO)CCN(CCC(=O)OCCCCCCCCCCCC)(CCC(=O)OCCCCCCCCCCCC),-0.3668861465373421
CN(CCC(=O)OCCCCCCCCCCCC)CCCN(CCC(=O)OCCCCCCCCCCCC)(CCC(=O)OCCCCCCCCCCCC),-0.3668861465373421
COCCCN(CCC(=O)OCCCCCCCCCCCCC)(CCC(=O)OCCCCCCCCCCCCC),-0.3668861465373421
O1CCOC1CCN(CCC(=O)OCCCCCCCCCCCCC)(CCC(=O)OCCCCCCCCCCCCC),-0.3668861465373421
COCCN(CCC(=O)OCCCCCCCCCCCCC)(CCC(=O)OCCCCCCCCCCCCC),-0.3668861465373421
COC(OC)CN(CCC(=O)OCCCCCCCCCCCCC)(CCC(=O)OCCCCCCCCCCCCC),-0.3668861465373421
OCCCN(CCC(=O)OCCCCCCCCCCCCC)(CCC(=O)OCCCCCCCCCCCCC),-0.3668861465373421
OCC(CO)N(CCC(=O)OCCCCCCCCCCCCC)(CCC(=O)OCCCCCCCCCCCCC),-0.3668861465373421
OCC(C)(C)CN(CCC(=O)OCCCCCCCCCCCCC)(CCC(=O)OCCCCCCCCCCCCC),-0.3668861465373421
CC(C)N(CCC(=O)OCCCCCCCCCCCCC)CCN(CCC(=O)OCCCCCCCCCCCCC)C(C)C,-0.3668861465373421
CN(C)CC(C)N(CCC(=O)OCCCCCCCCCCCCC)(CCC(=O)OCCCCCCCCCCCCC),-0.3668861465373421
C1COCCN1CCN(CCC(=O)OCCCCCCCCCCCCC)(CCC(=O)OCCCCCCCCCCCCC),-0.3668861465373421
N(CCC(=O)OCCCCCCCCCCCCC)(CCC(=O)OCCCCCCCCCCCCC)CCN(CCC(=O)OCCCCCCCCCCCCC)(CCC(=O)OCCCCCCCCCCCCC),-0.3668861465373421
N(CCC(=O)OCCCCCCCCCCCCC)(CCC(=O)OCCCCCCCCCCCCC)CCCN(CCC(=O)OCCCCCCCCCCCCC)(CCC(=O)OCCCCCCCCCCCCC),-0.3668861465373421
N(CCC(=O)OCCCCCCCCCCCCC)(CCC(=O)OCCCCCCCCCCCCC)CCN(CCC(=O)OCCCCCCCCCCCCC)CCO,-0.3668861465373421
O1CCCC1CN(CCC(=O)OCCCCCCCCCCCCCC)(CCC(=O)OCCCCCCCCCCCCCC),-0.3668861465373421
OCCCN(CCC(=O)OCCCCCCCCCCCCCC)(CCC(=O)OCCCCCCCCCCCCCC),-0.3668861465373421
CCN(CCC(=O)OCCCCCCCCCCCCCC)CCCN(CCC(=O)OCCCCCCCCCCCCCC)CC,-0.3668861465373421
C1N(CCC(=O)OCCCCCCCCCCCCCC)CCCN(CCC(=O)OCCCCCCCCCCCCCC)C1,-0.3668861465373421
CCN(CC)CCN(CCC(=O)OCCCCCCCCCCCCCC)(CCC(=O)OCCCCCCCCCCCCCC),-0.3668861465373421
OCCN(CCO)CCCN(CCC(=O)OCCCCCCCCCCCCCC)(CCC(=O)OCCCCCCCCCCCCCC),-0.3668861465373421
C1COCCN1CCN(CCC(=O)OCCCCCCCCCCCCCC)(CCC(=O)OCCCCCCCCCCCCCC),-0.3668861465373421
COCCN(CCC(=O)OCCCCCCCCCCCCCCC)(CCC(=O)OCCCCCCCCCCCCCCC),-0.3668861465373421
O1CCCC1CN(CCC(=O)OCCCCCCCCCCCCCCC)(CCC(=O)OCCCCCCCCCCCCCCC),-0.3668861465373421
OCCCCN(CCC(=O)OCCCCCCCCCCCCCCC)(CCC(=O)OCCCCCCCCCCCCCCC),-0.3668861465373421
C1CCCN1CCN(CCC(=O)OCCCCCCCCCCCCCCC)(CCC(=O)OCCCCCCCCCCCCCCC),-0.3668861465373421
C1COCCN1CCCN(CCC(=O)OCCCCCCCCCCCCCCC)(CCC(=O)OCCCCCCCCCCCCCCC),-0.3668861465373421
c1nccn1CCCN(CCC(=O)OCCCCCCCCCCCCCCC)(CCC(=O)OCCCCCCCCCCCCCCC),-0.3668861465373421
O1CCCC1CN(CCC(=O)OCCCCCCCCCCCCCCCCCC)(CCC(=O)OCCCCCCCCCCCCCCCCCC),-0.3668861465373421
OCC(CO)N(CCC(=O)OCCCCCCCCCCCCCCCCCC)(CCC(=O)OCCCCCCCCCCCCCCCCCC),-0.3668861465373421
CC(C)N(CCC(=O)OCCCCCCCCCCCCCCCCCC)CCN(CCC(=O)OCCCCCCCCCCCCCCCCCC)C(C)C,-0.3668861465373421
C1CCCCN1CCN(CCC(=O)OCCCCCCCCCCCCCCCCCC)(CCC(=O)OCCCCCCCCCCCCCCCCCC),-0.3668861465373421
N(CCC(=O)OCCCCCCCCCCCCCCCCCC)(CCC(=O)OCCCCCCCCCCCCCCCCCC)CCN(CCC(=O)OCCCCCCCCCCCCCCCCCC)(CCC(=O)OCCCCCCCCCCCCCCCCCC),-0.3668861465373421
OCCN(CCC(=O)OCCCCCCCCCCCCCCCCCC)CCN(CCC(=O)OCCCCCCCCCCCCCCCCCC)CCO,-0.3668861465373421
C1OC(C)(C)OC1CN(CCC(=O)NCCCCCCCCCCCC)(CCC(=O)NCCCCCCCCCCCC),-0.3668861465373421
c1c(OC)c(OC)ccc1CCN(CCC(=O)NCCCCCCCCCCCC)(CCC(=O)NCCCCCCCCCCCC),-0.3668861465373421
OCCOCCN(CCC(=O)NCCCCCCCCCCCC)(CCC(=O)NCCCCCCCCCCCC),-0.3668861465373421
CCN(CCC(=O)NCCCCCCCCCCCC)CCCN(CCC(=O)NCCCCCCCCCCCC)CC,-0.3668861465373421
OCC(O)CN(CCC(=O)NCCCCCCCCCCCC)(CCC(=O)NCCCCCCCCCCCC),-0.3668861465373421
OCCCCCCN(CCC(=O)NCCCCCCCCCCCCCC)(CCC(=O)NCCCCCCCCCCCCCC),-0.3668861465373421
CN(C)CCCN(CCC(=O)NCCCCCCCCCCCCCC)(CCC(=O)NCCCCCCCCCCCCCC),-0.3668861465373421
CN(CCC(=O)NCCCCCCCCCCCCCC)CCCN(CCC(=O)NCCCCCCCCCCCCCC)(CCC(=O)NCCCCCCCCCCCCCC),-0.3668861465373421
O1CCCC1CN(CCC(=O)NCCCCCCCCCCCCCCC)(CCC(=O)NCCCCCCCCCCCCCCC),-0.3668861465373421
OCC(CO)(CC)N(CCC(=O)NCCCCCCCCCCCCCCC)(CCC(=O)NCCCCCCCCCCCCCCC),-0.3668861465373421
OCCCCCCN(CCC(=O)NCCCCCCCCCCCCCCC)(CCC(=O)NCCCCCCCCCCCCCCC),-0.3668861465373421
C1CC(O)CCC1N(CCC(=O)NCCCCCCCCCCCCCCC)(CCC(=O)NCCCCCCCCCCCCCCC),-0.3668861465373421
CN(CCC(=O)NCCCCCCCCCCCCCCC)CCN(CCC(=O)NCCCCCCCCCCCCCCC)C,-0.3668861465373421
c1nccn1CCCN(CCC(=O)NCCCCCCCCCCCCCCC)(CCC(=O)NCCCCCCCCCCCCCCC),-0.3668861465373421
N(CCC(=O)NCCCCCCCCCCCCCCC)(CCC(=O)NCCCCCCCCCCCCCCC)CCN(CCC(=O)NCCCCCCCCCCCCCCC)CCO,-0.3668861465373421
OCC(O)CN(CCC(=O)NCCCCCCCCCCCCCCC)(CCC(=O)NCCCCCCCCCCCCCCC),-0.3668861465373421
O1CCOC1CCN(CCC(=O)NCCCCCCCCCCCCCCCC)(CCC(=O)NCCCCCCCCCCCCCCCC),-0.3668861465373421
COCCN(CCC(=O)NCCCCCCCCCCCCCCCC)(CCC(=O)NCCCCCCCCCCCCCCCC),-0.3668861465373421
CC(O)CN(CCC(=O)NCCCCCCCCCCCCCCCC)(CCC(=O)NCCCCCCCCCCCCCCCC),-0.3668861465373421
CC(O)CN(CCC(=O)NCCCCCCCCCCCCCCCC)(CCC(=O)NCCCCCCCCCCCCCCCC),-0.3668861465373421
OCCOCCN(CCC(=O)NCCCCCCCCCCCCCCCC)(CCC(=O)NCCCCCCCCCCCCCCCC),-0.3668861465373421
OCCCCCCN(CCC(=O)NCCCCCCCCCCCCCCCC)(CCC(=O)NCCCCCCCCCCCCCCCC),-0.3668861465373421
CN(C)CCCN(CCC(=O)NCCCCCCCCCCCCCCCC)(CCC(=O)NCCCCCCCCCCCCCCCC),-0.3668861465373421
C1COCCN1CCCN(CCC(=O)NCCCCCCCCCCCCCCCC)(CCC(=O)NCCCCCCCCCCCCCCCC),-0.3668861465373421
N(CCC(=O)NCCCCCCCCCCCCCCCC)(CCC(=O)NCCCCCCCCCCCCCCCC)CCN(CCC(=O)NCCCCCCCCCCCCCCCC)CCN(CCC(=O)NCCCCCCCCCCCCCCCC)CCN(CCC(=O)NCCCCCCCCCCCCCCCC)(CCC(=O)NCCCCCCCCCCCCCCCC),-0.3668861465373421
CN(CCC(=O)NCCCCCCCCCCCCCCCCCC)CCCN(CCC(=O)NCCCCCCCCCCCCCCCCCC)C,-0.3668861465373421
C1CCCN1CCN(CCC(=O)NCCCCCCCCCCCCCCCCCC)(CCC(=O)NCCCCCCCCCCCCCCCCCC),-0.3668861465373421
OCCN(CCO)CCCN(CCC(=O)NCCCCCCCCCCCCCCCCCC)(CCC(=O)NCCCCCCCCCCCCCCCCCC),-0.3668861465373421
CN(CCC(=O)NCCCCCCCCCCCCCCCCCC)CCCN(CCC(=O)NCCCCCCCCCCCCCCCCCC)(CCC(=O)NCCCCCCCCCCCCCCCCCC),-0.3668861465373421
N(CCC(=O)NCCCCCCCCCCCCCCCCCC)(CCC(=O)NCCCCCCCCCCCCCCCCCC)CCN(CCC(=O)NCCCCCCCCCCCCCCCCCC)CCN(CCC(=O)NCCCCCCCCCCCCCCCCCC)CCN(CCC(=O)NCCCCCCCCCCCCCCCCCC)(CCC(=O)NCCCCCCCCCCCCCCCCCC),-0.3668861465373421
CN(C)CCNC(=O)CCC(SCCCCCCC)CSCCCCCCC,0.7514662343069991
C1COCCN1CCNC(=O)CCC(SCCCCCCCCCC)CSCCCCCCCCCC,-0.5668955798917054
C1COCCN1CCNC(=O)CCC(SCCCCCCCCCCCCCCCC)CSCCCCCCCCCCCCCCCC,-0.5668955798917054
C1COCCN1CCNC(=O)CCC(SCCCCCC)CSCCCCCC,-0.5668955798917054
C1CCCN1CCNC(=O)CCC(SCCCCCCCCCCCCCCCC)CSCCCCCCCCCCCCCCCC,-0.39550854503069
C1CCCN1CCNC(=O)CCC(SCCCCCCC)CSCCCCCCC,-0.5668955798917054
CCN(CC)CCNC(=O)CCC(SCCCCCCCCCCCCCCCC)CSCCCCCCCCCCCCCCCC,-0.0197754282492021
CCN(CC)CCNC(=O)CCC(SCCCCCC)CSCCCCCC,-0.5668955798917054
CCN(CC)CCCNC(=O)CCC(SCCCCCCCCCCCC)CSCCCCCCCCCCCC,0.3757331175255111
CCN(CC)CCCNC(=O)CCC(SCCCCCCCCCCCCCCCC)CSCCCCCCCCCCCCCCCC,-0.5668955798917054
CCN(CC)CCCNC(=O)CCC(SCCCCCCC)CSCCCCCCC,0.7514662343069991
CN(C)CCCNC(=O)CCC(SCCCCCCCCCCCCCCCC)CSCCCCCCCCCCCCCCCC,-0.5668955798917054
C1CN(CCN(C)C)CCN1C(=O)CCC(SCCCCCCCCCC)CSCCCCCCCCCC,-0.0197754282492021
C1CN(CCN(C)C)CCN1C(=O)CCC(SCCCCCCCCCCC)CSCCCCCCCCCCC,2.669682676200889
CN(C)CCNC(=O)CCCC(SCCCCCCCCC)CSCCCCCCCCC,-0.5668955798917054
C1COCCN1CCNC(=O)CCCC(SCCCCCCC)CSCCCCCCC,-0.5668955798917054
C1CCCN1CCNC(=O)CCCC(SCCCCCCCCCCCCCCCC)CSCCCCCCCCCCCCCCCC,0.7514662343069991
C1CCCN1CCNC(=O)CCCC(SCCCCCCCC)CSCCCCCCCC,-0.5668955798917054
CCN(CC)CCNC(=O)CCCC(SCCCCCCCCCC)CSCCCCCCCCCC,-0.5668955798917054
CCN(CC)CCNC(=O)CCCC(SCCCCCCCCC)CSCCCCCCCCC,-0.5668955798917054
CN(C)CCCNC(=O)CCCC(SCCCCCC)CSCCCCCC,-0.5668955798917054
C1CN(CCN(C)C)CCN1C(=O)CCCC(SCCCCCCCCCCCCCCCC)CSCCCCCCCCCCCCCCCC,-0.5668955798917054
N(CCCCCCCCCC)(CCCCCCCCCC)CCOP(=O)([O-])OCCCCCCCCCCCCCC,2.952204749893815
N(CCCCCCCC)(CCCCCCCC)CCOP(=O)([O-])OCCCCCCCCCCCCCCCC,2.952204749893815
N(CCCCCCCCCC)(CCCCCCCCCC)CCOP(=O)([O-])OCCCC,1.5815382588716866
N(CCCCCCCCCCC)(CCCCCCCCCCC)CCOP(=O)([O-])OCCCCC,1.5815382588716866
N(CCCCCCCCCCCC)(CCCCCCCCCCCC)CCOP(=O)([O-])OCCCCCC,1.5815382588716866
N(CCCCCCCC)(CCCCCCCC)CCOP(=O)([O-])OCCCCCCC,1.5815382588716866
N(CCCCCCCCCCC)(CCCCCCCCCCC)CCOP(=O)([O-])OCCCCCCCCC,1.5815382588716866
C8N(CCCN(CCOP(=O)([O-])OCCCCCCCCC)(CCOP(=O)([O-])OCCCCCCCCC))CCN(CCCN(CCOP(=O)([O-])OCCCCCCCCC)(CCOP(=O)([O-])OCCCCCCCCC))C8,1.5815382588716866
N(CCOP(=O)([O-])OCCCCCCCCC)CCN(CCOP(=O)([O-])OCCCCCCCCC)CCN(CCOP(=O)([O-])OCCCCCCCCC)CCN(CCOP(=O)([O-])OCCCCCCCCC)CCN(CCOP(=O)([O-])OCCCCCCCCC),1.5815382588716866
N(CCCCCCCC)(CCCCCCCC)CCOP(=O)([O-])OCCCCCCCCCC,1.5815382588716866
N(CCCCCCCC)(CCCCCCCC)CCOP(=O)([O-])OCCCCCCCCCCCC,1.5815382588716866
N(CCCCCCCCCC)(CCCCCCCCCC)CCOP(=O)([O-])OCCCCCCCCCCCC,1.5815382588716866
[N+](CCCC)(CCCC)(CCCC)CCOP(=O)([O-])OCCCCCCCCCCCCC,1.5815382588716866
[N+](CCCCCC)(CCCCCC)(CCCCCC)CCOP(=O)([O-])OCCCCCCCCCCCCC,1.5815382588716866
N(CCCCCC)(CCCCCC)CCOP(=O)([O-])OCCCCCCCCCCCCCC,1.5815382588716866
N(CCCCCCCCCCC)(CCCCCCCCCCC)CCOP(=O)([O-])OCCCCCCCCCCCCCC,1.5815382588716866
N(CCCC)(CCCC)CCOP(=O)([O-])OCCCC,0.2108717678495582
[N+](CCCCCCCC)(CCCCCCCC)(CCCCCCCC)CCOP(=O)([O-])OCCCC,0.2108717678495582
[N+](CCCCCCCCCC)(CCCCCCCCCC)(CCCCCCCCCC)CCOP(=O)([O-])OCCCC,0.2108717678495582
N(CCOP(=O)([O-])OCCCC)CCCN(CCOP(=O)([O-])OCCCC)CCCCN(CCOP(=O)([O-])OCCCC)CCCN(CCOP(=O)([O-])OCCCC),0.2108717678495582
N(CCNCCOP(=O)([O-])OCCCC)(CCNCCOP(=O)([O-])OCCCC)(CCN(CCOP(=O)([O-])OCCCC)CCOP(=O)([O-])OCCCC),0.2108717678495582
N(CCOP(=O)([O-])OCCCC)CCN([H])CCN(CCOP(=O)([O-])OCCCC)CCN([H])CCN(CCOP(=O)([O-])OCCCC),0.2108717678495582
N(CCOP(=O)([O-])OCCCCC)CCCC,0.2108717678495582
N(CCOP(=O)([O-])OCCCCC)CCCN([H])CCCCN([H])CCCN(CCOP(=O)([O-])OCCCCC),0.2108717678495582
N(CCOP(=O)([O-])OCCCCC)CCCN(CCOP(=O)([O-])OCCCCC)CCCCN(CCOP(=O)([O-])OCCCCC)CCCN(CCOP(=O)([O-])OCCCCC),0.2108717678495582
N(CCNCCOP(=O)([O-])OCCCCC)(CCNCCOP(=O)([O-])OCCCCC)(CCN(CCOP(=O)([O-])OCCCCC)CCOP(=O)([O-])OCCCCC),0.2108717678495582
N(CCOP(=O)([O-])OCCCCCC)CCCC,0.2108717678495582
N(CCOP(=O)([O-])OCCCCCC)CCCCCC,0.2108717678495582
N(CCOP(=O)([O-])OCCCCCC)CCCCCCCCCC,0.2108717678495582
N(CCOP(=O)([O-])OCCCCCC)(CCOP(=O)([O-])OCCCCCC)CCCN(CCOP(=O)([O-])OCCCCCC)CCCN(C)C,0.2108717678495582
N(CCOP(=O)([O-])OCCCCCC)(CCOP(=O)([O-])OCCCCCC)CCCN(C)CCCN(CCOP(=O)([O-])OCCCCCC),0.2108717678495582
N(CCOP(=O)([O-])OCCCCCC)CCCN(CCOP(=O)([O-])OCCCCCC)CCCCN(CCOP(=O)([O-])OCCCCCC)CCCN(CCOP(=O)([O-])OCCCCCC),0.2108717678495582
N(CCOP(=O)([O-])OCCCCCCC)CCCCCC,0.2108717678495582
[N+](CCCCCCCC)(CCCCCCCC)(CCCCCCCC)CCOP(=O)([O-])OCCCCCCC,0.2108717678495582
N(CCOP(=O)([O-])OCCCCCCC)(CCOP(=O)([O-])OCCCCCCC)CCCN(CCOP(=O)([O-])OCCCCCCC)CCCN(C)C,0.2108717678495582
N(CCOP(=O)([O-])OCCCCCCC)CCN(CCOP(=O)([O-])OCCCCCCC)CCN([H])CCN(CCOP(=O)([O-])OCCCCCCC),0.2108717678495582
N(CCOP(=O)([O-])OCCCCCCC)CCCN(CCOP(=O)([O-])OCCCCCCC)CCCCN([H])CCCN(CCOP(=O)([O-])OCCCCCCC),0.2108717678495582
[N+](CCOP(=O)([O-])OCCCCCCC)(CCN(CCOP(=O)([O-])OCCCCCCC)C)(CCN(CCOP(=O)([O-])OCCCCCCC)C)(CCN(CCOP(=O)([O-])OCCCCCCC)C),0.2108717678495582
N(CCOP(=O)([O-])OCCCCCCC)CCN(CCOP(=O)([O-])OCCCCCCC)CCN(CCOP(=O)([O-])OCCCCCCC)CCN(CCOP(=O)([O-])OCCCCCCC)CCN(CCOP(=O)([O-])OCCCCCCC),0.2108717678495582
N(CCOP(=O)([O-])OCCCCCCCC)CCCCCC,0.2108717678495582
N(CCOP(=O)([O-])OCCCCCCCC)CCCCCCCCCCCC,0.2108717678495582
[N+](CCCCCC)(CCCCCC)(CCCCCC)CCOP(=O)([O-])OCCCCCCCC,0.2108717678495582
[N+](CCCCCCCCCCCC)(CCCCCCCCCCCC)(CCCCCCCCCCCC)CCOP(=O)([O-])OCCCCCCCC,0.2108717678495582
N(CCOP(=O)([O-])OCCCCCCCC)([H])CCCN(C)CCCN(CCOP(=O)([O-])OCCCCCCCC),0.2108717678495582
C8N(CCCN(CCOP(=O)([O-])OCCCCCCCC)(CCOP(=O)([O-])OCCCCCCCC))CCN(CCCN(CCOP(=O)([O-])OCCCCCCCC)([H]))C8,0.2108717678495582
N(CCOP(=O)([O-])OCCCCCCCC)CCN(CCOP(=O)([O-])OCCCCCCCC)CCN([H])CCN(CCOP(=O)([O-])OCCCCCCCC),0.2108717678495582
N(CCOP(=O)([O-])OCCCCCCCC)CCCN(CCOP(=O)([O-])OCCCCCCCC)CCCCN([H])CCCN(CCOP(=O)([O-])OCCCCCCCC),0.2108717678495582
N(CCOP(=O)([O-])OCCCCCCCC)CCN(CCOP(=O)([O-])OCCCCCCCC)CCN(CCOP(=O)([O-])OCCCCCCCC)CCN([H])CCN(CCOP(=O)([O-])OCCCCCCCC),0.2108717678495582
N(CCOP(=O)([O-])OCCCCCCCCC)CCCCCC,0.2108717678495582
N(CCOP(=O)([O-])OCCCCCCCCC)CCCCCCCCCC,0.2108717678495582
N(CCOP(=O)([O-])OCCCCCCCCC)CCCCCCCCCCCCCC,0.2108717678495582
N(CCCCCC)(CCCCCC)CCOP(=O)([O-])OCCCCCCCCC,0.2108717678495582
N(CCOP(=O)([O-])OCCCCCCCCCC)CCCC,0.2108717678495582
N(CCOP(=O)([O-])OCCCCCCCCCC)(CCOP(=O)([O-])OCCCCCCCCCC)CCCN(C)CCCN(CCOP(=O)([O-])OCCCCCCCCCC),0.2108717678495582
C8N(CCCN(CCOP(=O)([O-])OCCCCCCCCCC)(CCOP(=O)([O-])OCCCCCCCCCC))CCN(CCCN(CCOP(=O)([O-])OCCCCCCCCCC)([H]))C8,0.2108717678495582
N(CCOP(=O)([O-])OCCCCCCCCCC)CCN([H])CCN([H])CCN(CCOP(=O)([O-])OCCCCCCCCCC),0.2108717678495582
N(CCN(CCOP(=O)([O-])OCCCCCCCCCC)C)(CCN(CCOP(=O)([O-])OCCCCCCCCCC)C)(CCN([H])C),0.2108717678495582
N(CCOP(=O)([O-])OCCCCCCCCCCC)CCCCCCCCCCCC,0.2108717678495582
[N+](CCCCCC)(CCCCCC)(CCCCCC)CCOP(=O)([O-])OCCCCCCCCCCC,0.2108717678495582
N(CCN(CCOP(=O)([O-])OCCCCCCCCCCC)C)(CCN(CCOP(=O)([O-])OCCCCCCCCCCC)C)(CCN([H])C),0.2108717678495582
N(CCNCCOP(=O)([O-])OCCCCCCCCCCC)(CCNCCOP(=O)([O-])OCCCCCCCCCCC)(CCN([H])[H]),0.2108717678495582
[N+](CCCCCCCCCC)(CCCCCCCCCC)(CCCCCCCCCC)CCOP(=O)([O-])OCCCCCCCCCCCC,0.2108717678495582
N(CCOP(=O)([O-])OCCCCCCCCCCCC)CCCN(CCOP(=O)([O-])OCCCCCCCCCCCC)CCCCN([H])CCCN(CCOP(=O)([O-])OCCCCCCCCCCCC),0.2108717678495582
N(CCN(CCOP(=O)([O-])OCCCCCCCCCCCC)C)(CCN(CCOP(=O)([O-])OCCCCCCCCCCCC)C)(CCN(CCOP(=O)([O-])OCCCCCCCCCCCC)C),0.2108717678495582
N(CCNCCOP(=O)([O-])OCCCCCCCCCCCC)(CCNCCOP(=O)([O-])OCCCCCCCCCCCC)(CCN([H])[H]),0.2108717678495582
N(CCOP(=O)([O-])OCCCCCCCCCCCC)CCN([H])CCN(CCOP(=O)([O-])OCCCCCCCCCCCC)CCN([H])CCN(CCOP(=O)([O-])OCCCCCCCCCCCC),0.2108717678495582
C8CN(CCOP(=O)([O-])OCCCCCCCCCCCCC)CCN8CCN(CCOP(=O)([O-])OCCCCCCCCCCCCC)[H],0.2108717678495582
N(CCOP(=O)([O-])OCCCCCCCCCCCCC)([H])CCCN(C)CCCN(CCOP(=O)([O-])OCCCCCCCCCCCCC),0.2108717678495582
N(CCOP(=O)([O-])OCCCCCCCCCCCCCC)CCCC,0.2108717678495582
N(CCCCCCCCCCCCC)(CCCCCCCCCCCCC)CCOP(=O)([O-])OCCCCCCCCCCCCCC,0.2108717678495582
[N+](CCCCCCCCCC)(CCCCCCCCCC)(CCCCCCCCCC)CCOP(=O)([O-])OCCCCCCCCCCCCCC,0.2108717678495582
N(CCOP(=O)([O-])OCCCCCCCCCCCCCC)([H])CCCN(C)CCCN(CCOP(=O)([O-])OCCCCCCCCCCCCCC),0.2108717678495582
C8N(CCCN(CCOP(=O)([O-])OCCCCCCCCCCCCCC)(CCOP(=O)([O-])OCCCCCCCCCCCCCC))CCN(CCCN(CCOP(=O)([O-])OCCCCCCCCCCCCCC)([H]))C8,0.2108717678495582
N(CCOP(=O)([O-])OCCCCCCCCCCCCCC)CCN([H])CCN([H])CCN(CCOP(=O)([O-])OCCCCCCCCCCCCCC),0.2108717678495582
N(CCOP(=O)([O-])OCCCCCCCCCCCCCCC)CCCCCCCCCCCC,0.2108717678495582
[N+](CCCC)(CCCC)(CCCC)CCOP(=O)([O-])OCCCCCCCCCCCCCCC,0.2108717678495582
[N+](CCCCCC)(CCCCCC)(CCCCCC)CCOP(=O)([O-])OCCCCCCCCCCCCCCC,0.2108717678495582
N(CCOP(=O)([O-])OCCCCCCCCCCCCCCCC)CCCC,0.2108717678495582
[N+](CCCC)(CCCC)(CCCC)CCOP(=O)([O-])OCCCCCCCCCCCCCCCC,0.2108717678495582
[N+](CCCCCC)(CCCCCC)(CCCCCC)CCOP(=O)([O-])OCCCC,-1.1597947231725705
[N+](CCCCCCCCCCCC)(CCCCCCCCCCCC)(CCCCCCCCCCCC)CCOP(=O)([O-])OCCCC,-1.1597947231725705
[N+](CCCC)(CCCC)(CCCC)CCOP(=O)([O-])OCCCCC,-1.1597947231725705
C8CN(CCOP(=O)([O-])OCCCCC)CCN8CCN(CCOP(=O)([O-])OCCCCC)CCOP(=O)([O-])OCCCCC,-1.1597947231725705
C8CN(CCOP(=O)([O-])OCCCCCC)CCN8CCN(CCOP(=O)([O-])OCCCCCC)CCOP(=O)([O-])OCCCCCC,-1.1597947231725705
N(CCNCCOP(=O)([O-])OCCCCCC)(CCNCCOP(=O)([O-])OCCCCCC)(CCN(CCOP(=O)([O-])OCCCCCC)[H]),-1.1597947231725705
N(CCOP(=O)([O-])OCCCCCCC)CCCCCCCCCCCC,-1.1597947231725705
N(CCOP(=O)([O-])OCCCCCCC)CCOCCOCCNCCOP(=O)([O-])OCCCCCCC,-1.1597947231725705
C8N(CCCN(CCOP(=O)([O-])OCCCCCCC)([H]))CCN(CCCN(CCOP(=O)([O-])OCCCCCCC)([H]))C8,-1.1597947231725705
[N+](CCCC)(CCCC)(CCCC)CCOP(=O)([O-])OCCCCCCCC,-1.1597947231725705
C8CN(CCOP(=O)([O-])OCCCCCCCC)CCN8CCN(CCOP(=O)([O-])OCCCCCCCC)CCOP(=O)([O-])OCCCCCCCC,-1.1597947231725705
N(CCOP(=O)([O-])OCCCCCCCC)CCN(CCOP(=O)([O-])OCCCCCCCC)CCN(CCOP(=O)([O-])OCCCCCCCC)CCN(CCOP(=O)([O-])OCCCCCCCC),-1.1597947231725705
N(CCNCCOP(=O)([O-])OCCCCCCCC)(CCNCCOP(=O)([O-])OCCCCCCCC)(CCN([H])[H]),-1.1597947231725705
N(CCOP(=O)([O-])OCCCCCCCCCCC)([H])CCCN(C)CCCN(CCOP(=O)([O-])OCCCCCCCCCCC),-1.1597947231725705
C8N(CCCN(CCOP(=O)([O-])OCCCCCCCCCCC)([H]))CCN(CCCN(CCOP(=O)([O-])OCCCCCCCCCCC)([H]))C8,-1.1597947231725705
N(CCOP(=O)([O-])OCCCCCCCCCCC)CCCN([H])CCCCN([H])CCCN(CCOP(=O)([O-])OCCCCCCCCCCC),-1.1597947231725705
C8N(CCCN(CCOP(=O)([O-])OCCCCCCCCCCCC)(CCOP(=O)([O-])OCCCCCCCCCCCC))CCN(CCCN(CCOP(=O)([O-])OCCCCCCCCCCCC)(CCOP(=O)([O-])OCCCCCCCCCCCC))C8,-1.1597947231725705
N(CCOP(=O)([O-])OCCCCCCCCCCCC)CCN(CCOP(=O)([O-])OCCCCCCCCCCCC)CCN(CCOP(=O)([O-])OCCCCCCCCCCCC)CCN([H])CCN(CCOP(=O)([O-])OCCCCCCCCCCCC),-1.1597947231725705
C8N(CCCN(CCOP(=O)([O-])OCCCCCCCCCCCCC)(CCOP(=O)([O-])OCCCCCCCCCCCCC))CCN(CCCN(CCOP(=O)([O-])OCCCCCCCCCCCCC)(CCOP(=O)([O-])OCCCCCCCCCCCCC))C8,-1.1597947231725705
N(CCOP(=O)([O-])OCCCCCCCCCCCCC)CCN(CCOP(=O)([O-])OCCCCCCCCCCCCC)CCN([H])CCN(CCOP(=O)([O-])OCCCCCCCCCCCCC),-1.1597947231725705
N(CCN(CCOP(=O)([O-])OCCCCCCCCCCCCC)C)(CCN(CCOP(=O)([O-])OCCCCCCCCCCCCC)C)(CCN(CCOP(=O)([O-])OCCCCCCCCCCCCC)C),-1.1597947231725705
N(CCCC)(CCCC)CCOP(=O)([O-])OCCCCCCCCCCCCCC,-1.1597947231725705
N(CCOP(=O)([O-])OCCCCCCCCCCCCCC)CCCN(CCOP(=O)([O-])OCCCCCCCCCCCCCC)CCCCN(CCOP(=O)([O-])OCCCCCCCCCCCCCC)CCCN(CCOP(=O)([O-])OCCCCCCCCCCCCCC),-1.1597947231725705
N(CCN(CCOP(=O)([O-])OCCCCCCCCCCCCCC)C)(CCN(CCOP(=O)([O-])OCCCCCCCCCCCCCC)C)(CCN([H])C),-1.1597947231725705
[N+](CCOP(=O)([O-])OCCCCCCCCCCCCCC)(CCN(CCOP(=O)([O-])OCCCCCCCCCCCCCC)C)(CCN(CCOP(=O)([O-])OCCCCCCCCCCCCCC)C)(CCN(CCOP(=O)([O-])OCCCCCCCCCCCCCC)C),-1.1597947231725705
N(CCNCCOP(=O)([O-])OCCCCCCCCCCCCCC)(CCNCCOP(=O)([O-])OCCCCCCCCCCCCCC)(CCN(CCOP(=O)([O-])OCCCCCCCCCCCCCC)CCOP(=O)([O-])OCCCCCCCCCCCCCC),-1.1597947231725705
C8N(CCCN(CCOP(=O)([O-])OCCCCCCCCCCCCCCC)(CCOP(=O)([O-])OCCCCCCCCCCCCCCC))CCN(CCCN(CCOP(=O)([O-])OCCCCCCCCCCCCCCC)(CCOP(=O)([O-])OCCCCCCCCCCCCCCC))C8,-1.1597947231725705
N(CCOP(=O)([O-])OCCCCCCCCCCCCCCC)CCN(CCOP(=O)([O-])OCCCCCCCCCCCCCCC)CCN(CCOP(=O)([O-])OCCCCCCCCCCCCCCC)CCN(CCOP(=O)([O-])OCCCCCCCCCCCCCCC),-1.1597947231725705
N(CCOP(=O)([O-])OCCCCCCCCCCCCCCC)CCCN([H])CCCCN([H])CCCN(CCOP(=O)([O-])OCCCCCCCCCCCCCCC),-1.1597947231725705
C8CN(CCOP(=O)([O-])OCCCCCCCCCCCCCCCC)CCN8CCN(CCOP(=O)([O-])OCCCCCCCCCCCCCCCC)[H],-1.1597947231725705
C8N(CCCN(CCOP(=O)([O-])OCCCCCCCCCCCCCCCC)([H]))CCN(CCCN(CCOP(=O)([O-])OCCCCCCCCCCCCCCCC)([H]))C8,-1.1597947231725705
C8N(CCCN(CCOP(=O)([O-])OCCCCCCCCCCCCCCCC)(CCOP(=O)([O-])OCCCCCCCCCCCCCCCC))CCN(CCCN(CCOP(=O)([O-])OCCCCCCCCCCCCCCCC)([H]))C8,-1.1597947231725705
N(CCOP(=O)([O-])OCCCCCCCCCCCCCCCC)CCN(CCOP(=O)([O-])OCCCCCCCCCCCCCCCC)CCN([H])CCN(CCOP(=O)([O-])OCCCCCCCCCCCCCCCC),-1.1597947231725705
N(CCOP(=O)([O-])OCCCCCCCCCCCCCCCC)CCCN(CCOP(=O)([O-])OCCCCCCCCCCCCCCCC)CCCCN(CCOP(=O)([O-])OCCCCCCCCCCCCCCCC)CCCN(CCOP(=O)([O-])OCCCCCCCCCCCCCCCC),-1.1597947231725705
N(CCOP(=O)([O-])OCCCCCCCCCCCCCCCC)CCN(CCOP(=O)([O-])OCCCCCCCCCCCCCCCC)CCN(CCOP(=O)([O-])OCCCCCCCCCCCCCCCC)CCN([H])CCN(CCOP(=O)([O-])OCCCCCCCCCCCCCCCC),-1.1597947231725705
N(CCN(CCC(=O)OCCOC(=O)C(C)CSCCCCCCCCC)C)(CCN(CCC(=O)OCCOC(=O)C(C)CSCCCCCCCCC)C)CCN(CCC(=O)OCCOC(=O)C(C)CSCCCCCCCCC)C,3.601853897883668
N(CCC(=O)OCCOC(=O)C(C)CSCCCCCCCCCC)(CCC(=O)OCCOC(=O)C(C)CSCCCCCCCCCC)CCCN1CCN(CCCN(CCC(=O)OCCOC(=O)C(C)CSCCCCCCCCCC)(CCC(=O)OCCOC(=O)C(C)CSCCCCCCCCCC))CC1,3.601853897883668
CN(C)CCCN(CCC(=O)OCCOC(=O)C(C)CSCCCCCCCCCCC)CCCN(CCC(=O)OCCOC(=O)C(C)CSCCCCCCCCCCC)CCC(=O)OCCOC(=O)C(C)CSCCCCCCCCCCC,3.601853897883668
N(CCC(=O)OCCOC(=O)C(C)CSCCCCCCCCCCC)(CCC(=O)OCCOC(=O)C(C)CSCCCCCCCCCCC)CCCN1CCN(CCCN(CCC(=O)OCCOC(=O)C(C)CSCCCCCCCCCCC)(CCC(=O)OCCOC(=O)C(C)CSCCCCCCCCCCC))CC1,3.601853897883668
N(CCC(=O)OCCOC(=O)C(C)CSCCCCCCCCCCCC)(CCC(=O)OCCOC(=O)C(C)CSCCCCCCCCCCCC)CCCN1CCN(CCCN(CCC(=O)OCCOC(=O)C(C)CSCCCCCCCCCCCC)(CCC(=O)OCCOC(=O)C(C)CSCCCCCCCCCCCC))CC1,3.601853897883668
N(CCC(=O)OCCOC(=O)C(C)CSCCCCCCCCCCCCCC)(CCC(=O)OCCOC(=O)C(C)CSCCCCCCCCCCCCCC)CCCN1CCN(C)CC1,3.601853897883668
N(CCC(=O)OCCOC(=O)C(C)CSCCCCCCCCCCCCCC)(CCC(=O)OCCOC(=O)C(C)CSCCCCCCCCCCCCCC)CCN1CCCC1,3.601853897883668
N(CCN(CCC(=O)OCCOC(=O)C(C)CSCCCCC)(CCC(=O)OCCOC(=O)C(C)CSCCCCC))(CCN(CCC(=O)OCCOC(=O)C(C)CSCCCCC)(CCC(=O)OCCOC(=O)C(C)CSCCCCC))CCNCCC(=O)OCCOC(=O)C(C)CSCCCCC,2.185099711203099
N(CCC(=O)OCCOC(=O)C(C)CSCCCCC)(CCC(=O)OCCOC(=O)C(C)CSCCCCC)CCN(CCC(=O)OCCOC(=O)C(C)CSCCCCC)CCN(CCC(=O)OCCOC(=O)C(C)CSCCCCC)CCNCCN(CCC(=O)OCCOC(=O)C(C)CSCCCCC)CCC(=O)OCCOC(=O)C(C)CSCCCCC,2.185099711203099
N(CCN(CCC(=O)OCCOC(=O)C(C)CSCCCCC)(CCC(=O)OCCOC(=O)C(C)CSCCCCC))(CCN(CCC(=O)OCCOC(=O)C(C)CSCCCCC)(CCC(=O)OCCOC(=O)C(C)CSCCCCC))CCN(CCC(=O)OCCOC(=O)C(C)CSCCCCC)CCC(=O)OCCOC(=O)C(C)CSCCCCC,2.185099711203099
N(CCC(=O)OCCOC(=O)C(C)CSCCCCCCC)(CCC(=O)OCCOC(=O)C(C)CSCCCCCCC)CCCN(CCC(=O)OCCOC(=O)C(C)CSCCCCCCC)CCCN(CCC(=O)OCCOC(=O)C(C)CSCCCCCCC)CCC(=O)OCCOC(=O)C(C)CSCCCCCCC,2.185099711203099
OCCN1CCN(CCC(=O)OCCOC(=O)C(C)CSCCCCCCCC)CC1,2.185099711203099
N(CCC(=O)OCCOC(=O)C(C)CSCCCCCCCC)(CCC(=O)OCCOC(=O)C(C)CSCCCCCCCC)CC1CCN(C)CC1,2.185099711203099
N(CCC(=O)OCCOC(=O)C(C)CSCCCCCCCC)(CCC(=O)OCCOC(=O)C(C)CSCCCCCCCC)CCCN(CCC(=O)OCCOC(=O)C(C)CSCCCCCCCC)CCCN(CCC(=O)OCCOC(=O)C(C)CSCCCCCCCC)CCCN(CCC(=O)OCCOC(=O)C(C)CSCCCCCCCC)CCC(=O)OCCOC(=O)C(C)CSCCCCCCCC,2.185099711203099
N(CCN(CCC(=O)OCCOC(=O)C(C)CSCCCCCCCCC)(CCC(=O)OCCOC(=O)C(C)CSCCCCCCCCC))(CCN(CCC(=O)OCCOC(=O)C(C)CSCCCCCCCCC)(CCC(=O)OCCOC(=O)C(C)CSCCCCCCCCC))CCN(CCC(=O)OCCOC(=O)C(C)CSCCCCCCCCC)CCC(=O)OCCOC(=O)C(C)CSCCCCCCCCC,2.185099711203099
N(CCC(=O)OCCOC(=O)C(C)CSCCCCCCCCCC)(CCC(=O)OCCOC(=O)C(C)CSCCCCCCCCCC)CCCN(CCC(=O)OCCOC(=O)C(C)CSCCCCCCCCCC)CCCN(CCC(=O)OCCOC(=O)C(C)CSCCCCCCCCCC)CCC(=O)OCCOC(=O)C(C)CSCCCCCCCCCC,2.185099711203099
N(CCC(=O)OCCOC(=O)C(C)CSCCCCCCCCCCC)(CCC(=O)OCCOC(=O)C(C)CSCCCCCCCCCCC)CCCN(CCC(=O)OCCOC(=O)C(C)CSCCCCCCCCCCC)CCCN(CCC(=O)OCCOC(=O)C(C)CSCCCCCCCCCCC)CCCN(CCC(=O)OCCOC(=O)C(C)CSCCCCCCCCCCC)CCC(=O)OCCOC(=O)C(C)CSCCCCCCCCCCC,2.185099711203099
N(CCC(=O)OCCOC(=O)C(C)CSCCCCCCCCCCCCCC)(CCC(=O)OCCOC(=O)C(C)CSCCCCCCCCCCCCCC)CCN1CCCCC1,2.185099711203099
N(CCC(=O)OCCOC(=O)C(C)CSCCCO)(CCC(=O)OCCOC(=O)C(C)CSCCCO)CCCN(CCC(=O)OCCOC(=O)C(C)CSCCCO)CCCNCCCN(CCC(=O)OCCOC(=O)C(C)CSCCCO)CCC(=O)OCCOC(=O)C(C)CSCCCO,2.185099711203099
N(CCN(CCC(=O)OCCOC(=O)C(C)CSCCCCCCCCCCCO)C)(CCN(CCC(=O)OCCOC(=O)C(C)CSCCCCCCCCCCCO)C)CCN(CCC(=O)OCCOC(=O)C(C)CSCCCCCCCCCCCO)C,2.185099711203099
N(CCC(=O)OCCOC(=O)C(C)CSCCCCCCCCCCCO)(CCC(=O)OCCOC(=O)C(C)CSCCCCCCCCCCCO)CCN(CCC(=O)OCCOC(=O)C(C)CSCCCCCCCCCCCO)CCN(CCC(=O)OCCOC(=O)C(C)CSCCCCCCCCCCCO)CCNCCN(CCC(=O)OCCOC(=O)C(C)CSCCCCCCCCCCCO)CCC(=O)OCCOC(=O)C(C)CSCCCCCCCCCCCO,2.185099711203099
CCCCCCCCCCCCCCN(CCC(=O)OCCOC(=O)C(C)CSCCNCCCC)CCC(=O)OCCOC(=O)C(C)CSCCNCCCC,2.185099711203099
OCCN1CCN(CCC(=O)OCCOC(=O)C(C)CSCC(C)C)CC1,0.7683455245225306
N(CCC(=O)OCCOC(=O)C(C)CSCC(C)C)(CCC(=O)OCCOC(=O)C(C)CSCC(C)C)CCOCCOCCN(CCC(=O)OCCOC(=O)C(C)CSCC(C)C)CCC(=O)OCCOC(=O)C(C)CSCC(C)C,0.7683455245225306
CCCCCCCCCCN(CCC(=O)OCCOC(=O)C(C)CSCC(C)C)CCCCCCCCCC,0.7683455245225306
CN(C)CCN(CCC(=O)OCCOC(=O)C(C)CSCCC(C)C)C,0.7683455245225306
N(CCC(=O)OCCOC(=O)C(C)CSCCC(C)C)(CCC(=O)OCCOC(=O)C(C)CSCCC(C)C)CCN1CCCC1,0.7683455245225306
C1C(CCN(CCC(=O)OCCOC(=O)C(C)CSCCC(C)C)(CCC(=O)OCCOC(=O)C(C)CSCCC(C)C))CCN(CCC(=O)OCCOC(=O)C(C)CSCCC(C)C)C1,0.7683455245225306
CN(C)CCCN(CCC(=O)OCCOC(=O)C(C)CSCCC(C)C)CCCN(CCC(=O)OCCOC(=O)C(C)CSCCC(C)C)CCC(=O)OCCOC(=O)C(C)CSCCC(C)C,0.7683455245225306
CCCCCCCCCCN(CCC(=O)OCCOC(=O)C(C)CSCCC(C)C)CCC(=O)OCCOC(=O)C(C)CSCCC(C)C,0.7683455245225306
CN(C)CCN(CCC(=O)OCCOC(=O)C(C)CSCCC(C)C)C,0.7683455245225306
CCCCCCCCCCN(CCC(=O)OCCOC(=O)C(C)CSCCC(C)C)CCC(=O)OCCOC(=O)C(C)CSCCC(C)C,0.7683455245225306
CCCCCCCCCCCCCCCCN(CCC(=O)OCCOC(=O)C(C)CSCCC(C)C)CCC(=O)OCCOC(=O)C(C)CSCCC(C)C,0.7683455245225306
N(CCC(=O)OCCOC(=O)C(C)CSCCCC)(CCC(=O)OCCOC(=O)C(C)CSCCCC)CCCN1CCN(C)CC1,0.7683455245225306
N(CCC(=O)OCCOC(=O)C(C)CSCCCC)(CCC(=O)OCCOC(=O)C(C)CSCCCC)CCN1CCCC1,0.7683455245225306
N(CCN(CCC(=O)OCCOC(=O)C(C)CSCCCC)C)(CCN(CCC(=O)OCCOC(=O)C(C)CSCCCC)C)CCN(CCC(=O)OCCOC(=O)C(C)CSCCCC)C,0.7683455245225306
N(CCC(=O)OCCOC(=O)C(C)CSCCCC)(CCC(=O)OCCOC(=O)C(C)CSCCCC)CCCN(CCC(=O)OCCOC(=O)C(C)CSCCCC)CCCN(CCC(=O)OCCOC(=O)C(C)CSCCCC)CCC(=O)OCCOC(=O)C(C)CSCCCC,0.7683455245225306
N(CCC(=O)OCCOC(=O)C(C)CSCCCC)(CCC(=O)OCCOC(=O)C(C)CSCCCC)CCN(CCC(=O)OCCOC(=O)C(C)CSCCCC)CCN(CCC(=O)OCCOC(=O)C(C)CSCCCC)CCNCCN(CCC(=O)OCCOC(=O)C(C)CSCCCC)CCC(=O)OCCOC(=O)C(C)CSCCCC,0.7683455245225306
C1N(C)CCN(CCC(=O)OCCOC(=O)C(C)CSCCCCC)C1,0.7683455245225306
CN(C)CCN(CCC(=O)OCCOC(=O)C(C)CSCCCCC)C,0.7683455245225306
N(CCC(=O)OCCOC(=O)C(C)CSCCCCC)(CCC(=O)OCCOC(=O)C(C)CSCCCCC)CCN1CCCC1,0.7683455245225306
N(CCC(=O)OCCOC(=O)C(C)CSCCCCC)(CCC(=O)OCCOC(=O)C(C)CSCCCCC)CCNCCN(CCC(=O)OCCOC(=O)C(C)CSCCCCC)CCNCCN(CCC(=O)OCCOC(=O)C(C)CSCCCCC)CCC(=O)OCCOC(=O)C(C)CSCCCCC,0.7683455245225306
CCCCCCCCCCCCCCCCCCN(CCC(=O)OCCOC(=O)C(C)CSCCCCC)CCC(=O)OCCOC(=O)C(C)CSCCCCC,0.7683455245225306
CN(C)CCN(CCC(=O)OCCOC(=O)C(C)CSCCCCCC)C,0.7683455245225306
N(CCC(=O)OCCOC(=O)C(C)CSCCCCCC)(CCC(=O)OCCOC(=O)C(C)CSCCCCCC)CCCN1CCN(C)CC1,0.7683455245225306
C1C(CN(CCC(=O)OCCOC(=O)C(C)CSCCCCCC)(CCC(=O)OCCOC(=O)C(C)CSCCCCCC))CCN(CCC(=O)OCCOC(=O)C(C)CSCCCCCC)C1,0.7683455245225306
N(CCC(=O)OCCOC(=O)C(C)CSCCCCCC)(CCC(=O)OCCOC(=O)C(C)CSCCCCCC)CCN(CCC(=O)OCCOC(=O)C(C)CSCCCCCC)CCN(CCC(=O)OCCOC(=O)C(C)CSCCCCCC)CCNCCN(CCC(=O)OCCOC(=O)C(C)CSCCCCCC)CCC(=O)OCCOC(=O)C(C)CSCCCCCC,0.7683455245225306
CCCCCCCCCCN(CCC(=O)OCCOC(=O)C(C)CSCCCCCC)CCCCCCCCCC,0.7683455245225306
N(CCC(=O)OCCOC(=O)C(C)CSCCCCCCC)(CCC(=O)OCCOC(=O)C(C)CSCCCCCCC)CCCN1CCN(C)CC1,0.7683455245225306
CN(CCC(=O)OCCOC(=O)C(C)CSCCCCCCC)CCCCCCCCCCCC,0.7683455245225306
CCCCCCCCN(CCC(=O)OCCOC(=O)C(C)CSCCCCCCC)CCC(=O)OCCOC(=O)C(C)CSCCCCCCC,0.7683455245225306
CN(CCC(=O)OCCOC(=O)C(C)CSCCCCCCCC)CCCN(C)CCCN(CCC(=O)OCCOC(=O)C(C)CSCCCCCCCC)C,0.7683455245225306
CCCCCCCCN(CCC(=O)OCCOC(=O)C(C)CSCCCCCCCC)CCC(=O)OCCOC(=O)C(C)CSCCCCCCCC,0.7683455245225306
N(CCC(=O)OCCOC(=O)C(C)CSCCCCCCCCC)(CCC(=O)OCCOC(=O)C(C)CSCCCCCCCCC)CCC1N(C)CCC1,0.7683455245225306
CCCCCCCCN(CCC(=O)OCCOC(=O)C(C)CSCCCCCCCCC)CCCCCCCC,0.7683455245225306
CCCCCCCCCCN(CCC(=O)OCCOC(=O)C(C)CSCCCCCCCCC)CCC(=O)OCCOC(=O)C(C)CSCCCCCCCCC,0.7683455245225306
CCCCCCCCCCCCN(CCC(=O)OCCOC(=O)C(C)CSCCCCCCCCC)CCC(=O)OCCOC(=O)C(C)CSCCCCCCCCC,0.7683455245225306
N(CCC(=O)OCCOC(=O)C(C)CSCCCCCCCCCC)(CCC(=O)OCCOC(=O)C(C)CSCCCCCCCCCC)CCN1CCCC1,0.7683455245225306
N(CCC(=O)OCCOC(=O)C(C)CSCCCCCCCCCC)(CCC(=O)OCCOC(=O)C(C)CSCCCCCCCCCC)CCOCCOCCN(CCC(=O)OCCOC(=O)C(C)CSCCCCCCCCCC)CCC(=O)OCCOC(=O)C(C)CSCCCCCCCCCC,0.7683455245225306
N(CCC(=O)OCCOC(=O)C(C)CSCCCCCCCCCC)(CCC(=O)OCCOC(=O)C(C)CSCCCCCCCCCC)CCCN(CCC(=O)OCCOC(=O)C(C)CSCCCCCCCCCC)CCCNCCCN(CCC(=O)OCCOC(=O)C(C)CSCCCCCCCCCC)CCC(=O)OCCOC(=O)C(C)CSCCCCCCCCCC,0.7683455245225306
N(CCC(=O)OCCOC(=O)C(C)CSCCCCCCCCCCC)(CCC(=O)OCCOC(=O)C(C)CSCCCCCCCCCCC)CCCN1CCN(C)CC1,0.7683455245225306
N(CCC(=O)OCCOC(=O)C(C)CSCCCCCCCCCCC)(CCC(=O)OCCOC(=O)C(C)CSCCCCCCCCCCC)CCCN(CCC(=O)OCCOC(=O)C(C)CSCCCCCCCCCCC)CCCN(CCC(=O)OCCOC(=O)C(C)CSCCCCCCCCCCC)CCC(=O)OCCOC(=O)C(C)CSCCCCCCCCCCC,0.7683455245225306
N(CCN(CCC(=O)OCCOC(=O)C(C)CSCCCCCCCCCCC)(CCC(=O)OCCOC(=O)C(C)CSCCCCCCCCCCC))(CCN(CCC(=O)OCCOC(=O)C(C)CSCCCCCCCCCCC)(CCC(=O)OCCOC(=O)C(C)CSCCCCCCCCCCC))CCNCCC(=O)OCCOC(=O)C(C)CSCCCCCCCCCCC,0.7683455245225306
CCCCCCCCCCCCCCN(CCC(=O)OCCOC(=O)C(C)CSCCCCCCCCCCC)CCC(=O)OCCOC(=O)C(C)CSCCCCCCCCCCC,0.7683455245225306
CCCCCCCCN(CCC(=O)OCCOC(=O)C(C)CSCCCCCCCCCCCC)CCCCCCCC,0.7683455245225306
CCCCCCCCN(CCC(=O)OCCOC(=O)C(C)CSCCCCCCCCCCCC)CCC(=O)OCCOC(=O)C(C)CSCCCCCCCCCCCC,0.7683455245225306
CCCCCCCCCCCCCCN(CCC(=O)OCCOC(=O)C(C)CSCCCCCCCCCCCC)CCC(=O)OCCOC(=O)C(C)CSCCCCCCCCCCCC,0.7683455245225306
CCCCCCCCCCN(CCC(=O)OCCOC(=O)C(C)CSCCCCCCCCCCCCCCCC)CCC(=O)OCCOC(=O)C(C)CSCCCCCCCCCCCCCCCC,0.7683455245225306
CCCCCCCCCCCCCCN(CCC(=O)OCCOC(=O)C(C)CSCCCCCCCCCCCCCCCC)CCC(=O)OCCOC(=O)C(C)CSCCCCCCCCCCCCCCCC,0.7683455245225306
N(CCN(CCC(=O)OCCOC(=O)C(C)CSCCCCCCCCCCCCCCCCCC)(CCC(=O)OCCOC(=O)C(C)CSCCCCCCCCCCCCCCCCCC))(CCN(CCC(=O)OCCOC(=O)C(C)CSCCCCCCCCCCCCCCCCCC)(CCC(=O)OCCOC(=O)C(C)CSCCCCCCCCCCCCCCCCCC))CCNCCC(=O)OCCOC(=O)C(C)CSCCCCCCCCCCCCCCCCCC,0.7683455245225306
N(CCC(=O)OCCOC(=O)C(C)CSCCCCCCCCCCCCCCCCCC)(CCC(=O)OCCOC(=O)C(C)CSCCCCCCCCCCCCCCCCCC)CCCN(CCC(=O)OCCOC(=O)C(C)CSCCCCCCCCCCCCCCCCCC)CCCN(CCC(=O)OCCOC(=O)C(C)CSCCCCCCCCCCCCCCCCCC)CCCN(CCC(=O)OCCOC(=O)C(C)CSCCCCCCCCCCCCCCCCCC)CCC(=O)OCCOC(=O)C(C)CSCCCCCCCCCCCCCCCCCC,0.7683455245225306
N(CCC(=O)OCCOC(=O)C(C)CSCCc5ccccc5)(CCC(=O)OCCOC(=O)C(C)CSCCc5ccccc5)CCc1ncccc1,0.7683455245225306
CCN(CCC(=O)OCCOC(=O)C(C)CSCCc5ccccc5)CCN(CCC(=O)OCCOC(=O)C(C)CSCCc5ccccc5)CC,0.7683455245225306
C1N(C)CCN(CCC(=O)OCCOC(=O)C(C)CSCCCCCC(O)=O)C1,0.7683455245225306
N(CCC(=O)OCCOC(=O)C(C)CSCCCCCC(O)=O)(CCC(=O)OCCOC(=O)C(C)CSCCCCCC(O)=O)CCN1CCCCC1,0.7683455245225306
CCCCCCCCCCCCCCCCCCN(CCC(=O)OCCOC(=O)C(C)CSCCCCCC(O)=O)CCC(=O)OCCOC(=O)C(C)CSCCCCCC(O)=O,0.7683455245225306
N(CCC(=O)OCCOC(=O)C(C)CSCCCCCCCCCCC(O)=O)(CCC(=O)OCCOC(=O)C(C)CSCCCCCCCCCCC(O)=O)CCN(C)C,0.7683455245225306
N(CCC(=O)OCCOC(=O)C(C)CSCCCCCCCCCCC(O)=O)(CCC(=O)OCCOC(=O)C(C)CSCCCCCCCCCCC(O)=O)CCCN(CCC(=O)OCCOC(=O)C(C)CSCCCCCCCCCCC(O)=O)CCCN(CCC(=O)OCCOC(=O)C(C)CSCCCCCCCCCCC(O)=O)CCC(=O)OCCOC(=O)C(C)CSCCCCCCCCCCC(O)=O,0.7683455245225306
CCCCCCCCCCCCCCCCN(CCC(=O)OCCOC(=O)C(C)CSCC(O)CO)CCC(=O)OCCOC(=O)C(C)CSCC(O)CO,0.7683455245225306
C1N(C)CCN(CCC(=O)OCCOC(=O)C(C)CSCCCO)C1,0.7683455245225306
N(CCC(=O)OCCOC(=O)C(C)CSCCCO)(CCC(=O)OCCOC(=O)C(C)CSCCCO)CCCN1CCN(C)CC1,0.7683455245225306
N(CCC(=O)OCCOC(=O)C(C)CSCCCO)(CCC(=O)OCCOC(=O)C(C)CSCCCO)CCC1N(C)CCC1,0.7683455245225306
c1c(CN(CCC(=O)OCCOC(=O)C(C)CSCCCO)(CCC(=O)OCCOC(=O)C(C)CSCCCO))ccc(CN(CCC(=O)OCCOC(=O)C(C)CSCCCO)(CCC(=O)OCCOC(=O)C(C)CSCCCO))c1,0.7683455245225306
N(CCC(=O)OCCOC(=O)C(C)CSCCCO)(CCC(=O)OCCOC(=O)C(C)CSCCCO)CCCN(CCC(=O)OCCOC(=O)C(C)CSCCCO)CCCN(CCC(=O)OCCOC(=O)C(C)CSCCCO)CCCN(CCC(=O)OCCOC(=O)C(C)CSCCCO)CCC(=O)OCCOC(=O)C(C)CSCCCO,0.7683455245225306
N(CCC(=O)OCCOC(=O)C(C)CSCCCCO)(CCC(=O)OCCOC(=O)C(C)CSCCCCO)CCN1CCCCC1,0.7683455245225306
N(CCC(=O)OCCOC(=O)C(C)CSCCCCO)(CCC(=O)OCCOC(=O)C(C)CSCCCCO)CCCN(CCC(=O)OCCOC(=O)C(C)CSCCCCO)CCCN(CCC(=O)OCCOC(=O)C(C)CSCCCCO)CCC(=O)OCCOC(=O)C(C)CSCCCCO,0.7683455245225306
CN(C)CCCN(CCC(=O)OCCOC(=O)C(C)CSCCCCCCCCCCCO)CCCN(CCC(=O)OCCOC(=O)C(C)CSCCCCCCCCCCCO)CCC(=O)OCCOC(=O)C(C)CSCCCCCCCCCCCO,0.7683455245225306
CCCCCCCCCCCCCCCCN(CCC(=O)OCCOC(=O)C(C)CSCCNCCCC)CCC(=O)OCCOC(=O)C(C)CSCCNCCCC,0.7683455245225306
N(CCN(CCC(=O)OCCOC(=O)C(C)CSCCN(CC)CC)C)(CCN(CCC(=O)OCCOC(=O)C(C)CSCCN(CC)CC)C)CCN(CCC(=O)OCCOC(=O)C(C)CSCCN(CC)CC)C,0.7683455245225306
c1c(CN(CCC(=O)OCCOC(=O)C(C)CSCCN5CCCC5)(CCC(=O)OCCOC(=O)C(C)CSCCN5CCCC5))ccc(CN(CCC(=O)OCCOC(=O)C(C)CSCCN5CCCC5)(CCC(=O)OCCOC(=O)C(C)CSCCN5CCCC5))c1,0.7683455245225306
N(CCC(=O)OCCOC(=O)C(C)CSCCN5CCCCCC5)(CCC(=O)OCCOC(=O)C(C)CSCCN5CCCCCC5)CCN1CCCCC1,0.7683455245225306
N(CCC(=O)OCCOC(=O)C(C)CSCCN5CCCCCC5)(CCC(=O)OCCOC(=O)C(C)CSCCN5CCCCCC5)CCN(C)C,0.7683455245225306
CN(CCC(=O)OCCOC(=O)C(C)CSCCN5CCCCCC5)CCCN(C)CCCN(CCC(=O)OCCOC(=O)C(C)CSCCN5CCCCCC5)C,0.7683455245225306
N(CCC(=O)OCCOC(=O)C(C)CSCCN5CCCCCC5)(CCC(=O)OCCOC(=O)C(C)CSCCN5CCCCCC5)CCCN(CCC(=O)OCCOC(=O)C(C)CSCCN5CCCCCC5)CCCN(CCC(=O)OCCOC(=O)C(C)CSCCN5CCCCCC5)CCCN(CCC(=O)OCCOC(=O)C(C)CSCCN5CCCCCC5)CCC(=O)OCCOC(=O)C(C)CSCCN5CCCCCC5,0.7683455245225306
N(CCC(=O)OCCOC(=O)C(C)CSCCN(CCC)CCC)(CCC(=O)OCCOC(=O)C(C)CSCCN(CCC)CCC)CCCN(CCC(=O)OCCOC(=O)C(C)CSCCN(CCC)CCC)CCCN(CCC(=O)OCCOC(=O)C(C)CSCCN(CCC)CCC)CCC(=O)OCCOC(=O)C(C)CSCCN(CCC)CCC,0.7683455245225306
N(CCC(=O)OCCOC(=O)C(C)CSCCN(CCC)CCC)(CCC(=O)OCCOC(=O)C(C)CSCCN(CCC)CCC)CCNCCN(CCC(=O)OCCOC(=O)C(C)CSCCN(CCC)CCC)CCNCCN(CCC(=O)OCCOC(=O)C(C)CSCCN(CCC)CCC)CCC(=O)OCCOC(=O)C(C)CSCCN(CCC)CCC,0.7683455245225306
N(CCC(=O)OCCOC(=O)C(C)CSCCN(CCC)CCC)(CCC(=O)OCCOC(=O)C(C)CSCCN(CCC)CCC)CCCN(CCC(=O)OCCOC(=O)C(C)CSCCN(CCC)CCC)CCCN(CCC(=O)OCCOC(=O)C(C)CSCCN(CCC)CCC)CCCN(CCC(=O)OCCOC(=O)C(C)CSCCN(CCC)CCC)CCC(=O)OCCOC(=O)C(C)CSCCN(CCC)CCC,0.7683455245225306
N(CCC(=O)OCCOC(=O)C(C)CSCCCC(=O)N5CCN(CCO)CC5)(CCC(=O)OCCOC(=O)C(C)CSCCCC(=O)N5CCN(CCO)CC5)CCOCCOCCN(CCC(=O)OCCOC(=O)C(C)CSCCCC(=O)N5CCN(CCO)CC5)CCC(=O)OCCOC(=O)C(C)CSCCCC(=O)N5CCN(CCO)CC5,0.7683455245225306
N(CCC(=O)OCCOC(=O)C(C)CSCCCC(=O)N5CCN(CCO)CC5)(CCC(=O)OCCOC(=O)C(C)CSCCCC(=O)N5CCN(CCO)CC5)CCN(CCC(=O)OCCOC(=O)C(C)CSCCCC(=O)N5CCN(CCO)CC5)CCN(CCC(=O)OCCOC(=O)C(C)CSCCCC(=O)N5CCN(CCO)CC5)CCNCCN(CCC(=O)OCCOC(=O)C(C)CSCCCC(=O)N5CCN(CCO)CC5)CCC(=O)OCCOC(=O)C(C)CSCCCC(=O)N5CCN(CCO)CC5,0.7683455245225306
N(CCC(=O)OCCOC(=O)C(C)CSCCCC(=O)N(C)CCCN(C)C)(CCC(=O)OCCOC(=O)C(C)CSCCCC(=O)N(C)CCCN(C)C)CCCN(CCC(=O)OCCOC(=O)C(C)CSCCCC(=O)N(C)CCCN(C)C)CCCN(CCC(=O)OCCOC(=O)C(C)CSCCCC(=O)N(C)CCCN(C)C)CCCN(CCC(=O)OCCOC(=O)C(C)CSCCCC(=O)N(C)CCCN(C)C)CCC(=O)OCCOC(=O)C(C)CSCCCC(=O)N(C)CCCN(C)C,0.7683455245225306
CCCCCCCCCCCCCCN(CCC(=O)OCCOC(=O)C(C)CSCCCC(=O)N(C)CCCN(C)C)CCC(=O)OCCOC(=O)C(C)CSCCCC(=O)N(C)CCCN(C)C,0.7683455245225306
CCCCCCCCCCCCCCCCCCN(CCC(=O)OCCOC(=O)C(C)CSCCCC(=O)N(C)CCCN(C)C)CCC(=O)OCCOC(=O)C(C)CSCCCC(=O)N(C)CCCN(C)C,0.7683455245225306
N(CCC(=O)OCCOC(=O)C(C)CSCCCC(=O)N(C)CCN5(CCCCC5))(CCC(=O)OCCOC(=O)C(C)CSCCCC(=O)N(C)CCN5(CCCCC5))CCN(C)C,0.7683455245225306
N(CCN(CCC(=O)OCCOC(=O)C(C)CSCCCC(=O)N(C)CCN5(CCCCC5))(CCC(=O)OCCOC(=O)C(C)CSCCCC(=O)N(C)CCN5(CCCCC5)))(CCN(CCC(=O)OCCOC(=O)C(C)CSCCCC(=O)N(C)CCN5(CCCCC5))(CCC(=O)OCCOC(=O)C(C)CSCCCC(=O)N(C)CCN5(CCCCC5)))CCNCCC(=O)OCCOC(=O)C(C)CSCCCC(=O)N(C)CCN5(CCCCC5),0.7683455245225306
N(CCC(=O)OCCOC(=O)C(C)CSCCCC(=O)N(C)CCN5(CCCCC5))(CCC(=O)OCCOC(=O)C(C)CSCCCC(=O)N(C)CCN5(CCCCC5))CCCN(CCC(=O)OCCOC(=O)C(C)CSCCCC(=O)N(C)CCN5(CCCCC5))CCCN(CCC(=O)OCCOC(=O)C(C)CSCCCC(=O)N(C)CCN5(CCCCC5))CCCN(CCC(=O)OCCOC(=O)C(C)CSCCCC(=O)N(C)CCN5(CCCCC5))CCC(=O)OCCOC(=O)C(C)CSCCCC(=O)N(C)CCN5(CCCCC5),0.7683455245225306
CCCCCCCCCCCCCCCCN(CCC(=O)OCCOC(=O)C(C)CSCCCC(=O)N(C)CCN5(CCCCC5))CCC(=O)OCCOC(=O)C(C)CSCCCC(=O)N(C)CCN5(CCCCC5),0.7683455245225306
N(CCC(=O)OCCOC(=O)C(C)CSCC(C)C)(CCC(=O)OCCOC(=O)C(C)CSCC(C)C)CCN(C)C,-0.6484086621580379
OCCN(CCC(=O)OCCOC(=O)C(C)CSCC(C)C)CCCN(CCC(=O)OCCOC(=O)C(C)CSCC(C)C)CCC(=O)OCCOC(=O)C(C)CSCC(C)C,-0.6484086621580379
CCCCCCCCCCCCCCCCCCN(CCC(=O)OCCOC(=O)C(C)CSCC(C)C)CCC(=O)OCCOC(=O)C(C)CSCC(C)C,-0.6484086621580379
CN(CCC(=O)OCCOC(=O)C(C)CSCCC(C)C)CCOCCN(CCC(=O)OCCOC(=O)C(C)CSCCC(C)C)C,-0.6484086621580379
N(CCC(=O)OCCOC(=O)C(C)CSCCC(C)C)(CCC(=O)OCCOC(=O)C(C)CSCCC(C)C)CCNCCN(CCC(=O)OCCOC(=O)C(C)CSCCC(C)C)CCNCCN(CCC(=O)OCCOC(=O)C(C)CSCCC(C)C)CCC(=O)OCCOC(=O)C(C)CSCCC(C)C,-0.6484086621580379
CCCCCCCCCCCCCCCCN(CCC(=O)OCCOC(=O)C(C)CSCCC(C)C)CCC(=O)OCCOC(=O)C(C)CSCCC(C)C,-0.6484086621580379
N(CCC(=O)OCCOC(=O)C(C)CSCCC(C)C)(CCC(=O)OCCOC(=O)C(C)CSCCC(C)C)CCN1CCCC1,-0.6484086621580379
CN(CCC(=O)OCCOC(=O)C(C)CSCCC(C)C)CCOCCN(CCC(=O)OCCOC(=O)C(C)CSCCC(C)C)C,-0.6484086621580379
C1C(CCN(CCC(=O)OCCOC(=O)C(C)CSCCC(C)C)(CCC(=O)OCCOC(=O)C(C)CSCCC(C)C))CCN(CCC(=O)OCCOC(=O)C(C)CSCCC(C)C)C1,-0.6484086621580379
CN(C)CCCN(CCC(=O)OCCOC(=O)C(C)CSCCC(C)C)CCCN(CCC(=O)OCCOC(=O)C(C)CSCCC(C)C)CCC(=O)OCCOC(=O)C(C)CSCCC(C)C,-0.6484086621580379
N(CCC(=O)OCCOC(=O)C(C)CSCCC(C)C)(CCC(=O)OCCOC(=O)C(C)CSCCC(C)C)CCNCCN(CCC(=O)OCCOC(=O)C(C)CSCCC(C)C)CCNCCN(CCC(=O)OCCOC(=O)C(C)CSCCC(C)C)CCC(=O)OCCOC(=O)C(C)CSCCC(C)C,-0.6484086621580379
CN(CCC(=O)OCCOC(=O)C(C)CSCCCC)CCOCCN(CCC(=O)OCCOC(=O)C(C)CSCCCC)C,-0.6484086621580379
C1C(CN(CCC(=O)OCCOC(=O)C(C)CSCCCC)(CCC(=O)OCCOC(=O)C(C)CSCCCC))CCN(CCC(=O)OCCOC(=O)C(C)CSCCCC)C1,-0.6484086621580379
OCCN(CCC(=O)OCCOC(=O)C(C)CSCCCC)CCCN(CCC(=O)OCCOC(=O)C(C)CSCCCC)CCC(=O)OCCOC(=O)C(C)CSCCCC,-0.6484086621580379
CCCCCCCCCCCCCCN(CCC(=O)OCCOC(=O)C(C)CSCCCC)CCC(=O)OCCOC(=O)C(C)CSCCCC,-0.6484086621580379
CN(CCC(=O)OCCOC(=O)C(C)CSCCCCC)CCOCCN(CCC(=O)OCCOC(=O)C(C)CSCCCCC)C,-0.6484086621580379
CCCCCCCCCCCCN(CCC(=O)OCCOC(=O)C(C)CSCCCCC)CCC(=O)OCCOC(=O)C(C)CSCCCCC,-0.6484086621580379
N(CCC(=O)OCCOC(=O)C(C)CSCCCCCC)(CCC(=O)OCCOC(=O)C(C)CSCCCCCC)CCc1ncccc1,-0.6484086621580379
N(CCC(=O)OCCOC(=O)C(C)CSCCCCCC)(CCC(=O)OCCOC(=O)C(C)CSCCCCCC)CCCN1C=NC=C1,-0.6484086621580379
N(CCC(=O)OCCOC(=O)C(C)CSCCCCCCC)(CCC(=O)OCCOC(=O)C(C)CSCCCCCCC)CC1CCN(C)CC1,-0.6484086621580379
OCCN(CCC(=O)OCCOC(=O)C(C)CSCCCCCCC)CCCN(CCC(=O)OCCOC(=O)C(C)CSCCCCCCC)CCC(=O)OCCOC(=O)C(C)CSCCCCCCC,-0.6484086621580379
c1c(CN(CCC(=O)OCCOC(=O)C(C)CSCCCCCCC)(CCC(=O)OCCOC(=O)C(C)CSCCCCCCC))ccc(CN(CCC(=O)OCCOC(=O)C(C)CSCCCCCCC)(CCC(=O)OCCOC(=O)C(C)CSCCCCCCC))c1,-0.6484086621580379
CCCCCCCCCCCCCCCCCCN(CCC(=O)OCCOC(=O)C(C)CSCCCCCCCC)CCC(=O)OCCOC(=O)C(C)CSCCCCCCCC,-0.6484086621580379
CN(C)CCN(CCC(=O)OCCOC(=O)C(C)CSCCCCCCCCC)C,-0.6484086621580379
CN(C)CCCN(CCC(=O)OCCOC(=O)C(C)CSCCCCCCCCC)C,-0.6484086621580379
N(CCC(=O)OCCOC(=O)C(C)CSCCCCCCCCC)(CCC(=O)OCCOC(=O)C(C)CSCCCCCCCCC)CCN1CCCC1,-0.6484086621580379
OCCN(CCC(=O)OCCOC(=O)C(C)CSCCCCCCCCC)CCCN(CCC(=O)OCCOC(=O)C(C)CSCCCCCCCCC)CCC(=O)OCCOC(=O)C(C)CSCCCCCCCCC,-0.6484086621580379
c1c(CN(CCC(=O)OCCOC(=O)C(C)CSCCCCCCCCC)(CCC(=O)OCCOC(=O)C(C)CSCCCCCCCCC))ccc(CN(CCC(=O)OCCOC(=O)C(C)CSCCCCCCCCC)(CCC(=O)OCCOC(=O)C(C)CSCCCCCCCCC))c1,-0.6484086621580379
CCCCCCCCCCN(CCC(=O)OCCOC(=O)C(C)CSCCCCCCCCC)CCCCCCCCCC,-0.6484086621580379
OCCN1CCN(CCC(=O)OCCOC(=O)C(C)CSCCCCCCCCCC)CC1,-0.6484086621580379
CCCCCCCCN(CCC(=O)OCCOC(=O)C(C)CSCCCCCCCCCC)CCC(=O)OCCOC(=O)C(C)CSCCCCCCCCCC,-0.6484086621580379
C1N(C)CCN(CCC(=O)OCCOC(=O)C(C)CSCCCCCCCCCCC)C1,-0.6484086621580379
CN(CCC(=O)OCCOC(=O)C(C)CSCCCCCCCCCCC)CCOCCN(CCC(=O)OCCOC(=O)C(C)CSCCCCCCCCCCC)C,-0.6484086621580379
OCCN(CCC(=O)OCCOC(=O)C(C)CSCCCCCCCCCCC)CCCN(CCC(=O)OCCOC(=O)C(C)CSCCCCCCCCCCC)CCC(=O)OCCOC(=O)C(C)CSCCCCCCCCCCC,-0.6484086621580379
CN(C)CCCN(CCC(=O)OCCOC(=O)C(C)CSCCCCCCCCCCCC)C,-0.6484086621580379
N(CCC(=O)OCCOC(=O)C(C)CSCCCCCCCCCCCC)(CCC(=O)OCCOC(=O)C(C)CSCCCCCCCCCCCC)CCN(C)C,-0.6484086621580379
C1C(CN(CCC(=O)OCCOC(=O)C(C)CSCCCCCCCCCCCC)(CCC(=O)OCCOC(=O)C(C)CSCCCCCCCCCCCC))CCN(CCC(=O)OCCOC(=O)C(C)CSCCCCCCCCCCCC)C1,-0.6484086621580379
c1c(CN(CCC(=O)OCCOC(=O)C(C)CSCCCCCCCCCCCC)(CCC(=O)OCCOC(=O)C(C)CSCCCCCCCCCCCC))ccc(CN(CCC(=O)OCCOC(=O)C(C)CSCCCCCCCCCCCC)(CCC(=O)OCCOC(=O)C(C)CSCCCCCCCCCCCC))c1,-0.6484086621580379
CCCCCCCCCCCCCCCCN(CCC(=O)OCCOC(=O)C(C)CSCCCCCCCCCCCC)CCC(=O)OCCOC(=O)C(C)CSCCCCCCCCCCCC,-0.6484086621580379
CCCCCCCCCCCCCCCCCCN(CCC(=O)OCCOC(=O)C(C)CSCCCCCCCCCCCC)CCC(=O)OCCOC(=O)C(C)CSCCCCCCCCCCCC,-0.6484086621580379
CN(C)CCCN(CCC(=O)OCCOC(=O)C(C)CSCCCCCCCCCCCCCC)C,-0.6484086621580379
CCCCCCCCCCN(CCC(=O)OCCOC(=O)C(C)CSCCCCCCCCCCCCCC)CCC(=O)OCCOC(=O)C(C)CSCCCCCCCCCCCCCC,-0.6484086621580379
CCCCCCCCCCCCCCCCCCN(CCC(=O)OCCOC(=O)C(C)CSCCCCCCCCCCCCCC)CCC(=O)OCCOC(=O)C(C)CSCCCCCCCCCCCCCC,-0.6484086621580379
CN(C)CCCN(CCC(=O)OCCOC(=O)C(C)CSCCCCCCCCCCCCCCCCCC)C,-0.6484086621580379
N(CCC(=O)OCCOC(=O)C(C)CSCCCCCCCCCCCCCCCCCC)(CCC(=O)OCCOC(=O)C(C)CSCCCCCCCCCCCCCCCCCC)CCCN1CCN(C)CC1,-0.6484086621580379
N(CCC(=O)OCCOC(=O)C(C)CSCCCCCCCCCCCCCCCCCC)(CCC(=O)OCCOC(=O)C(C)CSCCCCCCCCCCCCCCCCCC)CCC1N(C)CCC1,-0.6484086621580379
N(CCC(=O)OCCOC(=O)C(C)CSCCCCCCCCCCCCCCCCCC)(CCC(=O)OCCOC(=O)C(C)CSCCCCCCCCCCCCCCCCCC)CCCN(CCC(=O)OCCOC(=O)C(C)CSCCCCCCCCCCCCCCCCCC)CCCN(CCC(=O)OCCOC(=O)C(C)CSCCCCCCCCCCCCCCCCCC)CCC(=O)OCCOC(=O)C(C)CSCCCCCCCCCCCCCCCCCC,-0.6484086621580379
CCCCCCCCCCCCCCN(CCC(=O)OCCOC(=O)C(C)CSCCCCCCCCCCCCCCCCCC)CCC(=O)OCCOC(=O)C(C)CSCCCCCCCCCCCCCCCCCC,-0.6484086621580379
CCCCCCCCCCCCCCCCN(CCC(=O)OCCOC(=O)C(C)CSCCCCCCCCCCCCCCCCCC)CCC(=O)OCCOC(=O)C(C)CSCCCCCCCCCCCCCCCCCC,-0.6484086621580379
C1N(C)CCN(CCC(=O)OCCOC(=O)C(C)CSCCc5ccccc5)C1,-0.6484086621580379
OCCN1CCN(CCC(=O)OCCOC(=O)C(C)CSCCc5ccccc5)CC1,-0.6484086621580379
N(CCC(=O)OCCOC(=O)C(C)CSCCc5ccccc5)(CCC(=O)OCCOC(=O)C(C)CSCCc5ccccc5)CCN1CCCCC1,-0.6484086621580379
N(CCC(=O)OCCOC(=O)C(C)CSCCc5ccccc5)(CCC(=O)OCCOC(=O)C(C)CSCCc5ccccc5)CCN1CCCC1,-0.6484086621580379
N(CCC(=O)OCCOC(=O)C(C)CSCCc5ccccc5)(CCC(=O)OCCOC(=O)C(C)CSCCc5ccccc5)CCN(C)C,-0.6484086621580379
C1C(CCN(CCC(=O)OCCOC(=O)C(C)CSCCc5ccccc5)(CCC(=O)OCCOC(=O)C(C)CSCCc5ccccc5))CCN(CCC(=O)OCCOC(=O)C(C)CSCCc5ccccc5)C1,-0.6484086621580379
N(CCN(CCC(=O)OCCOC(=O)C(C)CSCCc5ccccc5)C)(CCN(CCC(=O)OCCOC(=O)C(C)CSCCc5ccccc5)C)CCN(CCC(=O)OCCOC(=O)C(C)CSCCc5ccccc5)C,-0.6484086621580379
N(CCC(=O)OCCOC(=O)C(C)CSCCc5ccccc5)(CCC(=O)OCCOC(=O)C(C)CSCCc5ccccc5)CCCN1CCN(CCCN(CCC(=O)OCCOC(=O)C(C)CSCCc5ccccc5)(CCC(=O)OCCOC(=O)C(C)CSCCc5ccccc5))CC1,-0.6484086621580379
CN(CCC(=O)OCCOC(=O)C(C)CSCCc5ccccc5)CCCCCCCCCCCC,-0.6484086621580379
CCCCCCCCN(CCC(=O)OCCOC(=O)C(C)CSCCc5ccccc5)CCCCCCCC,-0.6484086621580379
CCCCCCCCCCN(CCC(=O)OCCOC(=O)C(C)CSCCc5ccccc5)CCCCCCCCCC,-0.6484086621580379
CCCCCCCCCCCCCCN(CCC(=O)OCCOC(=O)C(C)CSCCc5ccccc5)CCC(=O)OCCOC(=O)C(C)CSCCc5ccccc5,-0.6484086621580379
N(CCC(=O)OCCOC(=O)C(C)CSCCC(O)=O)(CCC(=O)OCCOC(=O)C(C)CSCCC(O)=O)CCN1CCCC1,-0.6484086621580379
N(CCC(=O)OCCOC(=O)C(C)CSCCC(O)=O)(CCC(=O)OCCOC(=O)C(C)CSCCC(O)=O)CCCN1C=NC=C1,-0.6484086621580379
OCCN(CCC(=O)OCCOC(=O)C(C)CSCCC(O)=O)CCCN(CCC(=O)OCCOC(=O)C(C)CSCCC(O)=O)CCC(=O)OCCOC(=O)C(C)CSCCC(O)=O,-0.6484086621580379
c1c(CN(CCC(=O)OCCOC(=O)C(C)CSCCC(O)=O)(CCC(=O)OCCOC(=O)C(C)CSCCC(O)=O))ccc(CN(CCC(=O)OCCOC(=O)C(C)CSCCC(O)=O)(CCC(=O)OCCOC(=O)C(C)CSCCC(O)=O))c1,-0.6484086621580379
N(CCC(=O)OCCOC(=O)C(C)CSCCC(O)=O)(CCC(=O)OCCOC(=O)C(C)CSCCC(O)=O)CCOCCOCCN(CCC(=O)OCCOC(=O)C(C)CSCCC(O)=O)CCC(=O)OCCOC(=O)C(C)CSCCC(O)=O,-0.6484086621580379
CCCCCCCCCCCCCCN(CCC(=O)OCCOC(=O)C(C)CSCCC(O)=O)CCC(=O)OCCOC(=O)C(C)CSCCC(O)=O,-0.6484086621580379
CCCCCCCCCCCCCCCCN(CCC(=O)OCCOC(=O)C(C)CSCCC(O)=O)CCC(=O)OCCOC(=O)C(C)CSCCC(O)=O,-0.6484086621580379
CN(C)CCCN(CCC(=O)OCCOC(=O)C(C)CSCCCCCC(O)=O)C,-0.6484086621580379
N(CCC(=O)OCCOC(=O)C(C)CSCCCCCC(O)=O)(CCC(=O)OCCOC(=O)C(C)CSCCCCCC(O)=O)CC1CCN(C)CC1,-0.6484086621580379
N(CCC(=O)OCCOC(=O)C(C)CSCCCCCC(O)=O)(CCC(=O)OCCOC(=O)C(C)CSCCCCCC(O)=O)CCCN1C=NC=C1,-0.6484086621580379
N(CCC(=O)OCCOC(=O)C(C)CSCCCCCC(O)=O)(CCC(=O)OCCOC(=O)C(C)CSCCCCCC(O)=O)CCCN(CCC(=O)OCCOC(=O)C(C)CSCCCCCC(O)=O)CCCNCCCN(CCC(=O)OCCOC(=O)C(C)CSCCCCCC(O)=O)CCC(=O)OCCOC(=O)C(C)CSCCCCCC(O)=O,-0.6484086621580379
CN(CCC(=O)OCCOC(=O)C(C)CSCCCCCC(O)=O)CCCCCCCCCCCC,-0.6484086621580379
CCCCCCCCN(CCC(=O)OCCOC(=O)C(C)CSCCCCCC(O)=O)CCC(=O)OCCOC(=O)C(C)CSCCCCCC(O)=O,-0.6484086621580379
C1N(C)CCN(CCC(=O)OCCOC(=O)C(C)CSCCCCCCCCCCC(O)=O)C1,-0.6484086621580379
CN(C)CCN1CCN(CCC(=O)OCCOC(=O)C(C)CSCCCCCCCCCCC(O)=O)CC1,-0.6484086621580379
CN(C)CCCN(CCC(=O)OCCOC(=O)C(C)CSCCCCCCCCCCC(O)=O)C,-0.6484086621580379
N(CCC(=O)OCCOC(=O)C(C)CSCCCCCCCCCCC(O)=O)(CCC(=O)OCCOC(=O)C(C)CSCCCCCCCCCCC(O)=O)CCN1CCCCC1,-0.6484086621580379
CN(CCC(=O)OCCOC(=O)C(C)CSCCCCCCCCCCC(O)=O)CCCCCCCCCCCC,-0.6484086621580379
CCCCCCCCN(CCC(=O)OCCOC(=O)C(C)CSCCCCCCCCCCC(O)=O)CCCCCCCC,-0.6484086621580379
CCCCCCCCCCN(CCC(=O)OCCOC(=O)C(C)CSCCCCCCCCCCC(O)=O)CCCCCCCCCC,-0.6484086621580379
CCCCCCCCN(CCC(=O)OCCOC(=O)C(C)CSCCCCCCCCCCC(O)=O)CCC(=O)OCCOC(=O)C(C)CSCCCCCCCCCCC(O)=O,-0.6484086621580379
CCCCCCCCCCCCCCCCN(CCC(=O)OCCOC(=O)C(C)CSCCCCCCCCCCC(O)=O)CCC(=O)OCCOC(=O)C(C)CSCCCCCCCCCCC(O)=O,-0.6484086621580379
OCCN1CCN(CCC(=O)OCCOC(=O)C(C)CSCCO)CC1,-0.6484086621580379
N(CCC(=O)OCCOC(=O)C(C)CSCCO)(CCC(=O)OCCOC(=O)C(C)CSCCO)CCN1CCCCC1,-0.6484086621580379
N(CCC(=O)OCCOC(=O)C(C)CSCCO)(CCC(=O)OCCOC(=O)C(C)CSCCO)CCCN1C=NC=C1,-0.6484086621580379
C1C(CN(CCC(=O)OCCOC(=O)C(C)CSCCO)(CCC(=O)OCCOC(=O)C(C)CSCCO))CCN(CCC(=O)OCCOC(=O)C(C)CSCCO)C1,-0.6484086621580379
N(CCC(=O)OCCOC(=O)C(C)CSCCO)(CCC(=O)OCCOC(=O)C(C)CSCCO)CCCN(CCC(=O)OCCOC(=O)C(C)CSCCO)CCCN(CCC(=O)OCCOC(=O)C(C)CSCCO)CCC(=O)OCCOC(=O)C(C)CSCCO,-0.6484086621580379
N(CCC(=O)OCCOC(=O)C(C)CSCCO)(CCC(=O)OCCOC(=O)C(C)CSCCO)CCCN(CCC(=O)OCCOC(=O)C(C)CSCCO)CCCN(CCC(=O)OCCOC(=O)C(C)CSCCO)CCCN(CCC(=O)OCCOC(=O)C(C)CSCCO)CCC(=O)OCCOC(=O)C(C)CSCCO,-0.6484086621580379
CCCCCCCCCCCCN(CCC(=O)OCCOC(=O)C(C)CSCCO)CCC(=O)OCCOC(=O)C(C)CSCCO,-0.6484086621580379
C1N(C)CCN(CCC(=O)OCCOC(=O)C(C)CSCC(O)CO)C1,-0.6484086621580379
CN(C)CCN1CCN(CCC(=O)OCCOC(=O)C(C)CSCC(O)CO)CC1,-0.6484086621580379
N(CCC(=O)OCCOC(=O)C(C)CSCC(O)CO)(CCC(=O)OCCOC(=O)C(C)CSCC(O)CO)CCC1N(C)CCC1,-0.6484086621580379
C1C(CN(CCC(=O)OCCOC(=O)C(C)CSCC(O)CO)(CCC(=O)OCCOC(=O)C(C)CSCC(O)CO))CCN(CCC(=O)OCCOC(=O)C(C)CSCC(O)CO)C1,-0.6484086621580379
C1C(CCN(CCC(=O)OCCOC(=O)C(C)CSCC(O)CO)(CCC(=O)OCCOC(=O)C(C)CSCC(O)CO))CCN(CCC(=O)OCCOC(=O)C(C)CSCC(O)CO)C1,-0.6484086621580379
N(CCN(CCC(=O)OCCOC(=O)C(C)CSCC(O)CO)C)(CCN(CCC(=O)OCCOC(=O)C(C)CSCC(O)CO)C)CCN(CCC(=O)OCCOC(=O)C(C)CSCC(O)CO)C,-0.6484086621580379
N(CCC(=O)OCCOC(=O)C(C)CSCC(O)CO)(CCC(=O)OCCOC(=O)C(C)CSCC(O)CO)CCOCCOCCN(CCC(=O)OCCOC(=O)C(C)CSCC(O)CO)CCC(=O)OCCOC(=O)C(C)CSCC(O)CO,-0.6484086621580379
N(CCC(=O)OCCOC(=O)C(C)CSCC(O)CO)(CCC(=O)OCCOC(=O)C(C)CSCC(O)CO)CCNCCN(CCC(=O)OCCOC(=O)C(C)CSCC(O)CO)CCNCCN(CCC(=O)OCCOC(=O)C(C)CSCC(O)CO)CCC(=O)OCCOC(=O)C(C)CSCC(O)CO,-0.6484086621580379
N(CCC(=O)OCCOC(=O)C(C)CSCC(O)CO)(CCC(=O)OCCOC(=O)C(C)CSCC(O)CO)CCCN(CCC(=O)OCCOC(=O)C(C)CSCC(O)CO)CCCNCCCN(CCC(=O)OCCOC(=O)C(C)CSCC(O)CO)CCC(=O)OCCOC(=O)C(C)CSCC(O)CO,-0.6484086621580379
CN(C)CCN1CCN(CCC(=O)OCCOC(=O)C(C)CSCCCO)CC1,-0.6484086621580379
CCCCCCCCCCN(CCC(=O)OCCOC(=O)C(C)CSCCCO)CCCCCCCCCC,-0.6484086621580379
CCCCCCCCCCCCCCCCN(CCC(=O)OCCOC(=O)C(C)CSCCCO)CCC(=O)OCCOC(=O)C(C)CSCCCO,-0.6484086621580379
CN(C)CCCN(CCC(=O)OCCOC(=O)C(C)CSCCCCO)C,-0.6484086621580379
N(CCC(=O)OCCOC(=O)C(C)CSCCCCO)(CCC(=O)OCCOC(=O)C(C)CSCCCCO)CCc1ncccc1,-0.6484086621580379
N(CCC(=O)OCCOC(=O)C(C)CSCCCCO)(CCC(=O)OCCOC(=O)C(C)CSCCCCO)CCCN(C)CCCN(CCC(=O)OCCOC(=O)C(C)CSCCCCO)(CCC(=O)OCCOC(=O)C(C)CSCCCCO),-0.6484086621580379
N(CCC(=O)OCCOC(=O)C(C)CSCCCCO)(CCC(=O)OCCOC(=O)C(C)CSCCCCO)CCCN(CCC(=O)OCCOC(=O)C(C)CSCCCCO)CCCNCCCN(CCC(=O)OCCOC(=O)C(C)CSCCCCO)CCC(=O)OCCOC(=O)C(C)CSCCCCO,-0.6484086621580379
CN(CCC(=O)OCCOC(=O)C(C)CSCCCCO)CCCCCCCCCCCC,-0.6484086621580379
CCCCCCCCN(CCC(=O)OCCOC(=O)C(C)CSCCCCO)CCCCCCCC,-0.6484086621580379
CN(C)CCN(CCC(=O)OCCOC(=O)C(C)CSCCCCCCO)C,-0.6484086621580379
CN(CCC(=O)OCCOC(=O)C(C)CSCCCCCCO)CCOCCN(CCC(=O)OCCOC(=O)C(C)CSCCCCCCO)C,-0.6484086621580379
N(CCC(=O)OCCOC(=O)C(C)CSCCCCCCO)(CCC(=O)OCCOC(=O)C(C)CSCCCCCCO)CCN(CCC(=O)OCCOC(=O)C(C)CSCCCCCCO)CCN(CCC(=O)OCCOC(=O)C(C)CSCCCCCCO)CCNCCN(CCC(=O)OCCOC(=O)C(C)CSCCCCCCO)CCC(=O)OCCOC(=O)C(C)CSCCCCCCO,-0.6484086621580379
N(CCC(=O)OCCOC(=O)C(C)CSCCCCCCO)(CCC(=O)OCCOC(=O)C(C)CSCCCCCCO)CCCN(CCC(=O)OCCOC(=O)C(C)CSCCCCCCO)CCCN(CCC(=O)OCCOC(=O)C(C)CSCCCCCCO)CCCN(CCC(=O)OCCOC(=O)C(C)CSCCCCCCO)CCC(=O)OCCOC(=O)C(C)CSCCCCCCO,-0.6484086621580379
CCCCCCCCN(CCC(=O)OCCOC(=O)C(C)CSCCCCCCO)CCCCCCCC,-0.6484086621580379
CCCCCCCCCCCCCCCCN(CCC(=O)OCCOC(=O)C(C)CSCCCCCCO)CCC(=O)OCCOC(=O)C(C)CSCCCCCCO,-0.6484086621580379
C1N(C)CCN(CCC(=O)OCCOC(=O)C(C)CSCCCCCCCCCCCO)C1,-0.6484086621580379
N(CCC(=O)OCCOC(=O)C(C)CSCCCCCCCCCCCO)(CCC(=O)OCCOC(=O)C(C)CSCCCCCCCCCCCO)CC1CCN(C)CC1,-0.6484086621580379
N(CCC(=O)OCCOC(=O)C(C)CSCCCCCCCCCCCO)(CCC(=O)OCCOC(=O)C(C)CSCCCCCCCCCCCO)CCN1CCOCC1,-0.6484086621580379
CCN(CCC(=O)OCCOC(=O)C(C)CSCCCCCCCCCCCO)CCN(CCC(=O)OCCOC(=O)C(C)CSCCCCCCCCCCCO)CC,-0.6484086621580379
CN(CCC(=O)OCCOC(=O)C(C)CSCCCCCCCCCCCO)CCOCCN(CCC(=O)OCCOC(=O)C(C)CSCCCCCCCCCCCO)C,-0.6484086621580379
c1c(CN(CCC(=O)OCCOC(=O)C(C)CSCCCCCCCCCCCO)(CCC(=O)OCCOC(=O)C(C)CSCCCCCCCCCCCO))ccc(CN(CCC(=O)OCCOC(=O)C(C)CSCCCCCCCCCCCO)(CCC(=O)OCCOC(=O)C(C)CSCCCCCCCCCCCO))c1,-0.6484086621580379
N(CCC(=O)OCCOC(=O)C(C)CSCCCCCCCCCCCO)(CCC(=O)OCCOC(=O)C(C)CSCCCCCCCCCCCO)CCOCCOCCN(CCC(=O)OCCOC(=O)C(C)CSCCCCCCCCCCCO)CCC(=O)OCCOC(=O)C(C)CSCCCCCCCCCCCO,-0.6484086621580379
N(CCN(CCC(=O)OCCOC(=O)C(C)CSCCCCCCCCCCCO)(CCC(=O)OCCOC(=O)C(C)CSCCCCCCCCCCCO))(CCN(CCC(=O)OCCOC(=O)C(C)CSCCCCCCCCCCCO)(CCC(=O)OCCOC(=O)C(C)CSCCCCCCCCCCCO))CCNCCC(=O)OCCOC(=O)C(C)CSCCCCCCCCCCCO,-0.6484086621580379
CN(CCC(=O)OCCOC(=O)C(C)CSCCCCCCCCCCCO)CCCCCCCCCCCC,-0.6484086621580379
CCCCCCCCCCN(CCC(=O)OCCOC(=O)C(C)CSCCCCCCCCCCCO)CCCCCCCCCC,-0.6484086621580379
CCCCCCCCN(CCC(=O)OCCOC(=O)C(C)CSCCCCCCCCCCCO)CCC(=O)OCCOC(=O)C(C)CSCCCCCCCCCCCO,-0.6484086621580379
CCCCCCCCCCCCCCCCN(CCC(=O)OCCOC(=O)C(C)CSCCCCCCCCCCCO)CCC(=O)OCCOC(=O)C(C)CSCCCCCCCCCCCO,-0.6484086621580379
CN(C)CCN1CCN(CCC(=O)OCCOC(=O)C(C)CSCCN(C)C)CC1,-0.6484086621580379
N(CCC(=O)OCCOC(=O)C(C)CSCCN(C)C)(CCC(=O)OCCOC(=O)C(C)CSCCN(C)C)CCCN1CCN(C)CC1,-0.6484086621580379
N(CCC(=O)OCCOC(=O)C(C)CSCCN(C)C)(CCC(=O)OCCOC(=O)C(C)CSCCN(C)C)CCc1ncccc1,-0.6484086621580379
N(CCC(=O)OCCOC(=O)C(C)CSCCN(C)C)(CCC(=O)OCCOC(=O)C(C)CSCCN(C)C)CCN1CCOCC1,-0.6484086621580379
C1C(CN(CCC(=O)OCCOC(=O)C(C)CSCCN(C)C)(CCC(=O)OCCOC(=O)C(C)CSCCN(C)C))CCN(CCC(=O)OCCOC(=O)C(C)CSCCN(C)C)C1,-0.6484086621580379
N(CCC(=O)OCCOC(=O)C(C)CSCCN(C)C)(CCC(=O)OCCOC(=O)C(C)CSCCN(C)C)CCNCCN(CCC(=O)OCCOC(=O)C(C)CSCCN(C)C)CCNCCN(CCC(=O)OCCOC(=O)C(C)CSCCN(C)C)CCC(=O)OCCOC(=O)C(C)CSCCN(C)C,-0.6484086621580379
N(CCC(=O)OCCOC(=O)C(C)CSCCN(C)C)(CCC(=O)OCCOC(=O)C(C)CSCCN(C)C)CCCN(CCC(=O)OCCOC(=O)C(C)CSCCN(C)C)CCCNCCCN(CCC(=O)OCCOC(=O)C(C)CSCCN(C)C)CCC(=O)OCCOC(=O)C(C)CSCCN(C)C,-0.6484086621580379
N(CCN(CCC(=O)OCCOC(=O)C(C)CSCCN(C)C)(CCC(=O)OCCOC(=O)C(C)CSCCN(C)C))(CCN(CCC(=O)OCCOC(=O)C(C)CSCCN(C)C)(CCC(=O)OCCOC(=O)C(C)CSCCN(C)C))CCNCCC(=O)OCCOC(=O)C(C)CSCCN(C)C,-0.6484086621580379
CCCCCCCCN(CCC(=O)OCCOC(=O)C(C)CSCCN(C)C)CCCCCCCC,-0.6484086621580379
CCCCCCCCCCCCN(CCC(=O)OCCOC(=O)C(C)CSCCN(C)C)CCC(=O)OCCOC(=O)C(C)CSCCN(C)C,-0.6484086621580379
C1N(C)CCN(CCC(=O)OCCOC(=O)C(C)CSCCNCCCC)C1,-0.6484086621580379
N(CCC(=O)OCCOC(=O)C(C)CSCCNCCCC)(CCC(=O)OCCOC(=O)C(C)CSCCNCCCC)CCCN(C)CCCN(CCC(=O)OCCOC(=O)C(C)CSCCNCCCC)(CCC(=O)OCCOC(=O)C(C)CSCCNCCCC),-0.6484086621580379
CCCCCCCCCCN(CCC(=O)OCCOC(=O)C(C)CSCCNCCCC)CCCCCCCCCC,-0.6484086621580379
OCCN1CCN(CCC(=O)OCCOC(=O)C(C)CSCCN(CC)CC)CC1,-0.6484086621580379
N(CCC(=O)OCCOC(=O)C(C)CSCCN(CC)CC)(CCC(=O)OCCOC(=O)C(C)CSCCN(CC)CC)CCCN1CCN(C)CC1,-0.6484086621580379
N(CCC(=O)OCCOC(=O)C(C)CSCCN(CC)CC)(CCC(=O)OCCOC(=O)C(C)CSCCN(CC)CC)CCN1CCCCC1,-0.6484086621580379
N(CCC(=O)OCCOC(=O)C(C)CSCCN(CC)CC)(CCC(=O)OCCOC(=O)C(C)CSCCN(CC)CC)CCN1CCOCC1,-0.6484086621580379
CN(C)CCCN(CCC(=O)OCCOC(=O)C(C)CSCCN(CC)CC)CCCN(CCC(=O)OCCOC(=O)C(C)CSCCN(CC)CC)CCC(=O)OCCOC(=O)C(C)CSCCN(CC)CC,-0.6484086621580379
c1c(CN(CCC(=O)OCCOC(=O)C(C)CSCCN(CC)CC)(CCC(=O)OCCOC(=O)C(C)CSCCN(CC)CC))ccc(CN(CCC(=O)OCCOC(=O)C(C)CSCCN(CC)CC)(CCC(=O)OCCOC(=O)C(C)CSCCN(CC)CC))c1,-0.6484086621580379
N(CCC(=O)OCCOC(=O)C(C)CSCCN(CC)CC)(CCC(=O)OCCOC(=O)C(C)CSCCN(CC)CC)CCCN(CCC(=O)OCCOC(=O)C(C)CSCCN(CC)CC)CCCN(CCC(=O)OCCOC(=O)C(C)CSCCN(CC)CC)CCC(=O)OCCOC(=O)C(C)CSCCN(CC)CC,-0.6484086621580379
CCCCCCCCN(CCC(=O)OCCOC(=O)C(C)CSCCN(CC)CC)CCC(=O)OCCOC(=O)C(C)CSCCN(CC)CC,-0.6484086621580379
C1N(C)CCN(CCC(=O)OCCOC(=O)C(C)CSCCN5CCCC5)C1,-0.6484086621580379
OCCN1CCN(CCC(=O)OCCOC(=O)C(C)CSCCN5CCCC5)CC1,-0.6484086621580379
C1C(CN(CCC(=O)OCCOC(=O)C(C)CSCCN5CCCC5)(CCC(=O)OCCOC(=O)C(C)CSCCN5CCCC5))CCN(CCC(=O)OCCOC(=O)C(C)CSCCN5CCCC5)C1,-0.6484086621580379
N(CCN(CCC(=O)OCCOC(=O)C(C)CSCCN5CCCC5)C)(CCN(CCC(=O)OCCOC(=O)C(C)CSCCN5CCCC5)C)CCN(CCC(=O)OCCOC(=O)C(C)CSCCN5CCCC5)C,-0.6484086621580379
N(CCC(=O)OCCOC(=O)C(C)CSCCN5CCCC5)(CCC(=O)OCCOC(=O)C(C)CSCCN5CCCC5)CCCN(C)CCCN(CCC(=O)OCCOC(=O)C(C)CSCCN5CCCC5)(CCC(=O)OCCOC(=O)C(C)CSCCN5CCCC5),-0.6484086621580379
CN(C)CCN1CCN(CCC(=O)OCCOC(=O)C(C)CSCCN5CCCCC5)CC1,-0.6484086621580379
CN(C)CCN(CCC(=O)OCCOC(=O)C(C)CSCCN5CCCCC5)C,-0.6484086621580379
CCN(CCC(=O)OCCOC(=O)C(C)CSCCN5CCCCC5)CCN(CCC(=O)OCCOC(=O)C(C)CSCCN5CCCCC5)CC,-0.6484086621580379
C1C(CN(CCC(=O)OCCOC(=O)C(C)CSCCN5CCCCC5)(CCC(=O)OCCOC(=O)C(C)CSCCN5CCCCC5))CCN(CCC(=O)OCCOC(=O)C(C)CSCCN5CCCCC5)C1,-0.6484086621580379
CN(CCC(=O)OCCOC(=O)C(C)CSCCN5CCCCC5)CCCCCCCCCCCC,-0.6484086621580379
CCCCCCCCN(CCC(=O)OCCOC(=O)C(C)CSCCN5CCCCC5)CCC(=O)OCCOC(=O)C(C)CSCCN5CCCCC5,-0.6484086621580379
CCCCCCCCCCCCCCCCCCN(CCC(=O)OCCOC(=O)C(C)CSCCN5CCCCC5)CCC(=O)OCCOC(=O)C(C)CSCCN5CCCCC5,-0.6484086621580379
OCCN1CCN(CCC(=O)OCCOC(=O)C(C)CSCCN5CCCCCC5)CC1,-0.6484086621580379
N(CCC(=O)OCCOC(=O)C(C)CSCCN5CCCCCC5)(CCC(=O)OCCOC(=O)C(C)CSCCN5CCCCCC5)CCC1N(C)CCC1,-0.6484086621580379
CCN(CCC(=O)OCCOC(=O)C(C)CSCCN5CCCCCC5)CCN(CCC(=O)OCCOC(=O)C(C)CSCCN5CCCCCC5)CC,-0.6484086621580379
C1C(CN(CCC(=O)OCCOC(=O)C(C)CSCCN5CCCCCC5)(CCC(=O)OCCOC(=O)C(C)CSCCN5CCCCCC5))CCN(CCC(=O)OCCOC(=O)C(C)CSCCN5CCCCCC5)C1,-0.6484086621580379
OCCN(CCC(=O)OCCOC(=O)C(C)CSCCN5CCCCCC5)CCCN(CCC(=O)OCCOC(=O)C(C)CSCCN5CCCCCC5)CCC(=O)OCCOC(=O)C(C)CSCCN5CCCCCC5,-0.6484086621580379
CCCCCCCCCCN(CCC(=O)OCCOC(=O)C(C)CSCCN5CCCCCC5)CCCCCCCCCC,-0.6484086621580379
CN(C)CCN1CCN(CCC(=O)OCCOC(=O)C(C)CSCCN(CCC)CCC)CC1,-0.6484086621580379
CN(C)CCCN(CCC(=O)OCCOC(=O)C(C)CSCCN(CCC)CCC)C,-0.6484086621580379
N(CCC(=O)OCCOC(=O)C(C)CSCCN(CCC)CCC)(CCC(=O)OCCOC(=O)C(C)CSCCN(CCC)CCC)CCCN1CCN(C)CC1,-0.6484086621580379
N(CCC(=O)OCCOC(=O)C(C)CSCCN(CCC)CCC)(CCC(=O)OCCOC(=O)C(C)CSCCN(CCC)CCC)CCc1ncccc1,-0.6484086621580379
C1C(CN(CCC(=O)OCCOC(=O)C(C)CSCCN(CCC)CCC)(CCC(=O)OCCOC(=O)C(C)CSCCN(CCC)CCC))CCN(CCC(=O)OCCOC(=O)C(C)CSCCN(CCC)CCC)C1,-0.6484086621580379
CCCCCCCCN(CCC(=O)OCCOC(=O)C(C)CSCCN(CCC)CCC)CCC(=O)OCCOC(=O)C(C)CSCCN(CCC)CCC,-0.6484086621580379
CCCCCCCCCCN(CCC(=O)OCCOC(=O)C(C)CSCCN(CCC)CCC)CCC(=O)OCCOC(=O)C(C)CSCCN(CCC)CCC,-0.6484086621580379
CCCCCCCCCCCCN(CCC(=O)OCCOC(=O)C(C)CSCCN(CCC)CCC)CCC(=O)OCCOC(=O)C(C)CSCCN(CCC)CCC,-0.6484086621580379
CN(C)CCCN(CCC(=O)OCCOC(=O)C(C)CSCCN(CCCC)CCCC)C,-0.6484086621580379
OCCN(CCC(=O)OCCOC(=O)C(C)CSCCN(CCCC)CCCC)CCCN(CCC(=O)OCCOC(=O)C(C)CSCCN(CCCC)CCCC)CCC(=O)OCCOC(=O)C(C)CSCCN(CCCC)CCCC,-0.6484086621580379
N(CCC(=O)OCCOC(=O)C(C)CSCCN(CCCC)CCCC)(CCC(=O)OCCOC(=O)C(C)CSCCN(CCCC)CCCC)CCCN1CCN(CCCN(CCC(=O)OCCOC(=O)C(C)CSCCN(CCCC)CCCC)(CCC(=O)OCCOC(=O)C(C)CSCCN(CCCC)CCCC))CC1,-0.6484086621580379
N(CCC(=O)OCCOC(=O)C(C)CSCCN(CCCC)CCCC)(CCC(=O)OCCOC(=O)C(C)CSCCN(CCCC)CCCC)CCCN(CCC(=O)OCCOC(=O)C(C)CSCCN(CCCC)CCCC)CCCN(CCC(=O)OCCOC(=O)C(C)CSCCN(CCCC)CCCC)CCCN(CCC(=O)OCCOC(=O)C(C)CSCCN(CCCC)CCCC)CCC(=O)OCCOC(=O)C(C)CSCCN(CCCC)CCCC,-0.6484086621580379
CCCCCCCCN(CCC(=O)OCCOC(=O)C(C)CSCCN(CCCC)CCCC)CCCCCCCC,-0.6484086621580379
CCCCCCCCCCN(CCC(=O)OCCOC(=O)C(C)CSCCN(CCCC)CCCC)CCC(=O)OCCOC(=O)C(C)CSCCN(CCCC)CCCC,-0.6484086621580379
CCCCCCCCCCCCCCCCN(CCC(=O)OCCOC(=O)C(C)CSCCN(CCCC)CCCC)CCC(=O)OCCOC(=O)C(C)CSCCN(CCCC)CCCC,-0.6484086621580379
N(CCC(=O)OCCOC(=O)C(C)CSCCCC(=O)N5CCN(CCO)CC5)(CCC(=O)OCCOC(=O)C(C)CSCCCC(=O)N5CCN(CCO)CC5)CCC1N(C)CCC1,-0.6484086621580379
C1C(CCN(CCC(=O)OCCOC(=O)C(C)CSCCCC(=O)N5CCN(CCO)CC5)(CCC(=O)OCCOC(=O)C(C)CSCCCC(=O)N5CCN(CCO)CC5))CCN(CCC(=O)OCCOC(=O)C(C)CSCCCC(=O)N5CCN(CCO)CC5)C1,-0.6484086621580379
N(CCN(CCC(=O)OCCOC(=O)C(C)CSCCCC(=O)N5CCN(CCO)CC5)C)(CCN(CCC(=O)OCCOC(=O)C(C)CSCCCC(=O)N5CCN(CCO)CC5)C)CCN(CCC(=O)OCCOC(=O)C(C)CSCCCC(=O)N5CCN(CCO)CC5)C,-0.6484086621580379
N(CCC(=O)OCCOC(=O)C(C)CSCCCC(=O)N5CCN(CCO)CC5)(CCC(=O)OCCOC(=O)C(C)CSCCCC(=O)N5CCN(CCO)CC5)CCCN(C)CCCN(CCC(=O)OCCOC(=O)C(C)CSCCCC(=O)N5CCN(CCO)CC5)(CCC(=O)OCCOC(=O)C(C)CSCCCC(=O)N5CCN(CCO)CC5),-0.6484086621580379
CCCCCCCCCCN(CCC(=O)OCCOC(=O)C(C)CSCCCC(=O)N5CCN(CCO)CC5)CCC(=O)OCCOC(=O)C(C)CSCCCC(=O)N5CCN(CCO)CC5,-0.6484086621580379
CCCCCCCCCCCCN(CCC(=O)OCCOC(=O)C(C)CSCCCC(=O)N5CCN(CCO)CC5)CCC(=O)OCCOC(=O)C(C)CSCCCC(=O)N5CCN(CCO)CC5,-0.6484086621580379
CCCCCCCCCCCCCCCCCCN(CCC(=O)OCCOC(=O)C(C)CSCCCC(=O)N5CCN(CCO)CC5)CCC(=O)OCCOC(=O)C(C)CSCCCC(=O)N5CCN(CCO)CC5,-0.6484086621580379
N(CCC(=O)OCCOC(=O)C(C)CSCCCC(=O)N(C)CCCN(C)C)(CCC(=O)OCCOC(=O)C(C)CSCCCC(=O)N(C)CCCN(C)C)CCCN1CCN(C)CC1,-0.6484086621580379
N(CCC(=O)OCCOC(=O)C(C)CSCCCC(=O)N(C)CCCN(C)C)(CCC(=O)OCCOC(=O)C(C)CSCCCC(=O)N(C)CCCN(C)C)CCCN1C=NC=C1,-0.6484086621580379
N(CCC(=O)OCCOC(=O)C(C)CSCCCC(=O)N(C)CCCN(C)C)(CCC(=O)OCCOC(=O)C(C)CSCCCC(=O)N(C)CCCN(C)C)CCN(CCC(=O)OCCOC(=O)C(C)CSCCCC(=O)N(C)CCCN(C)C)CCN(CCC(=O)OCCOC(=O)C(C)CSCCCC(=O)N(C)CCCN(C)C)CCNCCN(CCC(=O)OCCOC(=O)C(C)CSCCCC(=O)N(C)CCCN(C)C)CCC(=O)OCCOC(=O)C(C)CSCCCC(=O)N(C)CCCN(C)C,-0.6484086621580379
CN(C)CCN(CCC(=O)OCCOC(=O)C(C)CSCCCC(=O)N(C)CCN5(CCCCC5))C,-0.6484086621580379
CN(C)CCCN(CCC(=O)OCCOC(=O)C(C)CSCCCC(=O)N(C)CCN5(CCCCC5))C,-0.6484086621580379
OCCN(CCC(=O)OCCOC(=O)C(C)CSCCCC(=O)N(C)CCN5(CCCCC5))CCCN(CCC(=O)OCCOC(=O)C(C)CSCCCC(=O)N(C)CCN5(CCCCC5))CCC(=O)OCCOC(=O)C(C)CSCCCC(=O)N(C)CCN5(CCCCC5),-0.6484086621580379
N(CCC(=O)OCCOC(=O)C(C)CSCCCC(=O)N(C)CCN5(CCCCC5))(CCC(=O)OCCOC(=O)C(C)CSCCCC(=O)N(C)CCN5(CCCCC5))CCCN1CCN(CCCN(CCC(=O)OCCOC(=O)C(C)CSCCCC(=O)N(C)CCN5(CCCCC5))(CCC(=O)OCCOC(=O)C(C)CSCCCC(=O)N(C)CCN5(CCCCC5)))CC1,-0.6484086621580379
CCCCCCCCN(CCC(=O)OCCOC(=O)C(C)CSCCCC(=O)N(C)CCN5(CCCCC5))CCCCCCCC,-0.6484086621580379
CCCCCCCCCCCCN(CCC(=O)OCCOC(=O)C(C)CSCCCC(=O)N(C)CCN5(CCCCC5))CCC(=O)OCCOC(=O)C(C)CSCCCC(=O)N(C)CCN5(CCCCC5),-0.6484086621580379
N(CCC(=O)OCCOC(=O)C(C)CSCCCCCCCCCCCCCC)(CCC(=O)OCCOC(=O)C(C)CSCCCCCCCCCCCCCC)CCCN1CCN(C)CC1,-1.0896501184994567
N(CCC(=O)OCCOC(=O)C(C)CSCCCCCCCCCCCC)(CCC(=O)OCCOC(=O)C(C)CSCCCCCCCCCCCC)CCCN1CCN(CCCN(CCC(=O)OCCOC(=O)C(C)CSCCCCCCCCCCCC)(CCC(=O)OCCOC(=O)C(C)CSCCCCCCCCCCCC))CC1,1.2074501313102086
N(CCC(=O)OCCOC(=O)C(C)CSCCCCCCCC)(CCC(=O)OCCOC(=O)C(C)CSCCCCCCCC)CCCN(CCC(=O)OCCOC(=O)C(C)CSCCCCCCCC)CCCN(CCC(=O)OCCOC(=O)C(C)CSCCCCCCCC)CCCN(CCC(=O)OCCOC(=O)C(C)CSCCCCCCCC)CCC(=O)OCCOC(=O)C(C)CSCCCCCCCC,1.2074501313102086
CCCCCCCCCCCOC(=O)CCCCCN(CCO)CCCCCCCC(=O)OC(CCCCCCCC)CCCCCCCC,-0.6484598328076046
CCCCCCCCCCCOC(=O)CCCCCN(CCO)CCCCCCCC(=O)OC(CCCCCCCC)CCCCCCCC,0.074012079132176
CCCCCCCCCCCOC(=O)CCCCCN(CCO)CCCCCCCC(=O)OC(CCCCCCCC)CCCCCCCC,0.4822775367758635
CCCCCCCCCCCOC(=O)CCCCCN(CCO)CCCCCCCC(=O)OC(CCCCCCCC)CCCCCCCC,1.0946757231936957
CCCCCCCCCCCOC(=O)CCCCCN(CCO)CCCCCCCC(=O)OC(CCCCCCCC)CCCCCCCC,-0.1301206497373666
CCCCCCCCCCCOC(=O)CCCCCN(CCO)CCCCCCCC(=O)OC(CCCCCCCC)CCCCCCCC,-1.763182480789106
CCCCCCCCCCCOC(=O)CCCCCN(CCO)CCCCCCCC(=O)OC(CCCCCCCC)CCCCCCCC,0.8694994659683106
CCCCCCCCCCCOC(=O)CCCCCN(CCO)CCCCCCCC(=O)OC(CCCCCCCC)CCCCCCCC,0.8694994659683106
CCCCCCCCCCCOC(=O)CCCCCN(CCO)CCCCCCCC(=O)OC(CCCCCCCC)CCCCCCCC,-1.3336213920181856
CCCCCCCCCCCOC(=O)CCCCCN(CCO)CCCCCCCC(=O)OC(CCCCCCCC)CCCCCCCC,-0.5992477727529522
CCCCCCCCCCCOC(=O)CCCCCN(CCO)CCCCCCCC(=O)OC(CCCCCCCC)CCCCCCCC,-0.5249712354615389
CCCCCCCCCCCOC(=O)CCCCCN(CCO)CCCCCCCC(=O)OC(CCCCCCCC)CCCCCCCC,-0.5249712354615389
CCCCCCCCCCCOC(=O)CCCCCN(CCO)CCCCCCCC(=O)OC(CCCCCCCC)CCCCCCCC,-0.4568992815682661
CCCCCCCCCCCOC(=O)CCCCCN(CCO)CCCCCCCC(=O)OC(CCCCCCCC)CCCCCCCC,-0.5930431893548117
CCCCCCCCCCCOC(=O)CCCCCN(CCO)CCCCCCCC(=O)OC(CCCCCCCC)CCCCCCCC,1.85754715080301
CCCCCCCCCCCOC(=O)CCCCCN(CCO)CCCCCCCC(=O)OC(CCCCCCCC)CCCCCCCC,0.6243834120364607
CCCCCCCCCCCOC(=O)CCCCCN(CCO)CCCCCCCC(=O)OC(CCCCCCCC)CCCCCCCC,-0.3368322597286108
CCCCCCCCCCCOC(=O)CCCCCN(CCO)CCCCCCCC(=O)OC(CCCCCCCC)CCCCCCCC,0.3840794941190424
CCCCCCCCCCCOC(=O)CCCCCN(CCO)CCCCCCCC(=O)OC(CCCCCCCC)CCCCCCCC,0.8646873299538792
CCCCCCCCCCCOC(=O)CCCCCN(CCO)CCCCCCCC(=O)OC(CCCCCCCC)CCCCCCCC,-1.778655767710111
CCCCCCCCCCCOC(=O)CCCCCN(CCO)CCCCCCCC(=O)OC(CCCCCCCC)CCCCCCCC,-0.1750474704815684
CCCCCCCCCCCOC(=O)CCCCCN(CCO)CCCCCCCC(=O)OC(CCCCCCCC)CCCCCCCC,0.5844320031560676
CCCCCCCCCCCOC(=O)CCCCCN(CCO)CCCCCCCC(=O)OC(CCCCCCCC)CCCCCCCC,1.3439114766983058
CCCCCCCCCCCOC(=O)CCCCCN(CCO)CCCCCCCC(=O)OC(CCCCCCCC)CCCCCCCC,-0.5547872073003864
CCCCCCCCCCCOC(=O)CCCCCN(CCO)CCCCCCCC(=O)OC(CCCCCCCC)CCCCCCCC,-1.440846593115564
CCCCCCCCCCCOC(=O)CCCCCN(CCO)CCCCCCCC(=O)OC(CCCCCCCC)CCCCCCCC,-0.2179414318037726
CCCCCCCCCCCOC(=O)CCCCCN(CCO)CCCCCCCC(=O)OC(CCCCCCCC)CCCCCCCC,-0.4614966993527179
CCCCCCCCCCCOC(=O)CCCCCN(CCO)CCCCCCCC(=O)OC(CCCCCCCC)CCCCCCCC,0.0357619717968524
CCCCCCCCCCCOC(=O)CCCCCN(CCO)CCCCCCCC(=O)OC(CCCCCCCC)CCCCCCCC,-0.4614966993527179
CCCCCCCCCCCOC(=O)CCCCCN(CCO)CCCCCCCC(=O)OC(CCCCCCCC)CCCCCCCC,-0.4614966993527179
CCCCCCCCCCCCCCCCCCSSCCOC(=O)CCN(CCC(=O)OCCSSCCCCCCCCCCCCCCCCCC)CCc1c[nH]c2ccccc12,-1.288870525699258
CCCCCCCCCCCOC(=O)CCCCCN(CCO)CCCCCCCC(=O)OC(CCCCCCCC)CCCCCCCC,-1.0676328058482762
CCCCCCCCCCCOC(=O)CCCCCN(CCO)CCCCCCCC(=O)OC(CCCCCCCC)CCCCCCCC,1.4967184620062637
CCCCCCCCCCCOC(=O)CCCCCN(CCO)CCCCCCCC(=O)OC(CCCCCCCC)CCCCCCCC,0.7076873029525991
CCCCCCCCCCCOC(=O)CCCCCN(CCO)CCCCCCCC(=O)OC(CCCCCCCC)CCCCCCCC,-0.0813438565208164
CCCCCCCCCCCOC(=O)CCCCCN(CCO)CCCCCCCC(=O)OC(CCCCCCCC)CCCCCCCC,-1.2648905956832406
CCCCCCCCCCCOC(=O)CCCCCN(CCO)CCCCCCCC(=O)OC(CCCCCCCC)CCCCCCCC,0.1159139333523073
CCCCCCCCCCCOC(=O)CCCCCN(CCO)CCCCCCCC(=O)OC(CCCCCCCC)CCCCCCCC,1.2008317777308064
CCCCCCCCCCCOC(=O)CCCCCN(CCO)CCCCCCCC(=O)OC(CCCCCCCC)CCCCCCCC,-0.5744883311654667
CCCCCCCCCCCOC(=O)CCCCCN(CCO)CCCCCCCC(=O)OC(CCCCCCCC)CCCCCCCC,-0.969003910930794
CCCCCCCCCCCOC(=O)CCCCCN(CCO)CCCCCCCC(=O)OC(CCCCCCCC)CCCCCCCC,-1.1471561943632236
CCCCCCCCCCCOC(=O)CCCCCN(CCO)CCCCCCCC(=O)OC(CCCCCCCC)CCCCCCCC,0.9486367613103098
CCCCCCCCCCCOC(=O)CCCCCN(CCO)CCCCCCCC(=O)OC(CCCCCCCC)CCCCCCCC,0.5492032800380078
CCCCCCCCCCCOC(=O)CCCCCN(CCO)CCCCCCCC(=O)OC(CCCCCCCC)CCCCCCCC,1.3875204622120232
CCCCCCCCCCCOC(=O)CCCCCN(CCO)CCCCCCCC(=O)OC(CCCCCCCC)CCCCCCCC,0.3716772884144279
CCCCCCCCCCCOC(=O)CCCCCN(CCO)CCCCCCCC(=O)OC(CCCCCCCC)CCCCCCCC,-1.4134451819416904
CCCCCCCCCCCOC(=O)CCCCCN(CCO)CCCCCCCC(=O)OC(CCCCCCCC)CCCCCCCC,-0.2693887921782051
CCCCCCCCCCCOC(=O)CCCCCN(CCO)CCCCCCCC(=O)OC(CCCCCCCC)CCCCCCCC,0.8302860999417294
CCCCCCCCCCCOC(=O)CCCCCN(CCO)CCCCCCCC(=O)OC(CCCCCCCC)CCCCCCCC,-0.5060901142475803
CCCCCCCCCCCOC(=O)CCCCCN(CCO)CCCCCCCC(=O)OC(CCCCCCCC)CCCCCCCC,-1.235919190222713
CCCCCCCCCCCOC(=O)CCCCCN(CCO)CCCCCCCC(=O)OC(CCCCCCCC)CCCCCCCC,-0.945201703063722
CCCCCCCCCCCOC(=O)CCCCCN(CCO)CCCCCCCC(=O)OC(CCCCCCCC)CCCCCCCC,-0.5192529842313185
CCCCCCCCCCCOC(=O)CCCCCN(CCO)CCCCCCCC(=O)OC(CCCCCCCC)CCCCCCCC,1.3638887203364287
CCCCCCCCCCCOC(=O)CCCCCN(CCO)CCCCCCCC(=O)OC(CCCCCCCC)CCCCCCCC,-0.945201703063722
CCCCCCCCCCCOC(=O)CCCCCN(CCO)CCCCCCCC(=O)OC(CCCCCCCC)CCCCCCCC,0.8034298793607801
CCCCCCCCCCCOC(=O)CCCCCN(CCO)CCCCCCCC(=O)OC(CCCCCCCC)CCCCCCCC,-1.6640074341445392
CCCCCCCCCCCOC(=O)CCCCCN(CCO)CCCCCCCC(=O)OC(CCCCCCCC)CCCCCCCC,0.3507536121050977
CCCCCCCCCCCOC(=O)CCCCCN(CCO)CCCCCCCC(=O)OC(CCCCCCCC)CCCCCCCC,1.0783062118190458
CCCCCCCCCCCOC(=O)CCCCCN(CCO)CCCCCCCC(=O)OC(CCCCCCCC)CCCCCCCC,-0.5073853520930316
CCCCCCCCCCCOC(=O)CCCCCN(CCO)CCCCCCCC(=O)OC(CCCCCCCC)CCCCCCCC,0.4999951710794859
CCCCCCCCCCCOC(=O)CCCCCN(CCO)CCCCCCCC(=O)OC(CCCCCCCC)CCCCCCCC,-0.992946593301432
CCCCCCCCCCCOC(=O)CCCCCN(CCO)CCCCCCCC(=O)OC(CCCCCCCC)CCCCCCCC,-0.4427646311105235
CCCCCCCCCCCOC(=O)CCCCCN(CCO)CCCCCCCC(=O)OC(CCCCCCCC)CCCCCCCC,1.0473115163984306
CCCCCCCCCCCOC(=O)CCCCCN(CCO)CCCCCCCC(=O)OC(CCCCCCCC)CCCCCCCC,-0.992946593301432
CCCCCCCCCCCOC(=O)CCCCCN(CCO)CCCCCCCC(=O)OC(CCCCCCCC)CCCCCCCC,1.1390085099856178
C=CCCN(CCC(=O)OCCCCCCCCCC)CCC(=O)OCCCCCCCCCC,0.591397231845286
CCCCCCCCCCCCCCOC(=O)CCN(C)c1ccc(Cc2ccc(N(CCC(=O)OCCCCCCCCCCCCCC)CCC(=O)OCCCCCCCCCCCCCC)cc2)cc1,-0.901633030138046
CCCCCCCCCCCCCCOC(=O)CCN(C)CCCN(CC)CCCN(C)CCC(=O)OCCCCCCCCCCCCCC,1.2871291376503722
CCCCCCCCCCCCCCOC(=O)CCN(CCC(=O)OCCCCCCCCCCCCCC)C(C)(C)CC,-0.7392472257756013
CCCCCCCCCCCCCCOC(=O)CCN(CCC(=O)OCCCCCCCCCCCCCC)C(C)(C)CC(C)(C)C,-0.454068115047131
CCCCCCCCCCCCCCOC(=O)CCN(CCC(=O)OCCCCCCCCCCCCCC)C(C)CC,-0.6552176372099673
CCCCCCCCCCCCCCOC(=O)CCN(CCC(=O)OCCCCCCCCCCCCCC)C(CO)(CO)CO,-0.349214715153063
CCCCCCCCCCCCCCOC(=O)CCN(CCC(=O)OCCCCCCCCCCCCCC)c1cc(F)ccc1F,-0.0200869668245471
CCCCCCCCCCCCCCOC(=O)CCN(CCC(=O)OCCCCCCCCCCCCCC)C1CC2CCC1C2,-0.38725355963508
CCCCCCCCCCCCCCOC(=O)CCN(CCC(=O)OCCCCCCCCCCCCCC)c1ccc(C)cc1N(CCC(=O)OCCCCCCCCCCCCCC)CCC(=O)OCCCCCCCCCCCCCC,0.1971319889266368
CCCCCCCCCCCCCCOC(=O)CCN(CCC(=O)OCCCCCCCCCCCCCC)C1CCC(CC2CCC(N(CCC(=O)OCCCCCCCCCCCCCC)CCC(=O)OCCCCCCCCCCCCCC)C(C)C2)CC1C,0.0518760360235375
CCCCCCCCCCCCCCOC(=O)CCN(CCC(=O)OCCCCCCCCCCCCCC)c1ccc(F)cc1,-0.4253676984374165
CCCCCCCCCCCCCCOC(=O)CCN(CCC(=O)OCCCCCCCCCCCCCC)c1ccc(Oc2ccc(N(CCC(=O)OCCCCCCCCCCCCCC)CCC(=O)OCCCCCCCCCCCCCC)cc2)cc1,0.145177858341757
CCCCCCCCCCCCCCOC(=O)CCN(CCC(=O)OCCCCCCCCCCCCCC)c1ccc(OCCCCCCCC)cc1,-0.4619538503461853
CCCCCCCCCCCCCCOC(=O)CCN(CCC(=O)OCCCCCCCCCCCCCC)C1CCC1,-0.6779905314117505
CCCCCCCCCCCCCCOC(=O)CCN(CCC(=O)OCCCCCCCCCCCCCC)c1ccc2c(c1)OCO2,-1.2771475721062835
CCCCCCCCCCCCCCOC(=O)CCN(CCC(=O)OCCCCCCCCCCCCCC)c1cccc(C(F)(F)F)c1,0.1056950040466998
CCCCCCCCCCCCCCOC(=O)CCN(CCC(=O)OCCCCCCCCCCCCCC)c1cccc(N(CCC(=O)OCCCCCCCCCCCCCC)CCC(=O)OCCCCCCCCCCCCCC)c1C,-0.7043541763267718
CCCCCCCCCCCCCCOC(=O)CCN(CCC(=O)OCCCCCCCCCCCCCC)Cc1cccc(CN(CCC(=O)OCCCCCCCCCCCCCC)CCC(=O)OCCCCCCCCCCCCCC)c1,3.6672759008781495
CCCCCCCCCCCCCCOC(=O)CCN(CCC(=O)OCCCCCCCCCCCCCC)Cc1cccc(F)c1,0.0375087573882578
CCCCCCCCCCCCCCOC(=O)CCN(CCC(=O)OCCCCCCCCCCCCCC)CC1CCCN1C,0.6335894472409644
CCCCCCCCCCCCCCOC(=O)CCN(CCC(=O)OCCCCCCCCCCCCCC)CC1CCCO1,-0.1742504238805911
CCCCCCCCCCCCCCOC(=O)CCN(CCC(=O)OCCCCCCCCCCCCCC)CC1COC(C)(C)O1,-0.0824804408344383
CCCCCCCCCCCCCCOC(=O)CCN(CCC(=O)OCCCCCCCCCCCCCC)CCC1CCC(CC)CC1,-0.4634326746881362
CCCCCCCCCCCCCCOC(=O)CCN(CCC(=O)OCCCCCCCCCCCCCC)CCc1ccc(OC)c(OC)c1,-0.1612816421284706
CCCCCCCCCCCCCCOC(=O)CCN(CCC(=O)OCCCCCCCCCCCCCC)CCc1ccccc1F,-1.166544228948152
CCCCCCCCCCCCCCOC(=O)CCN(CCC(=O)OCCCCCCCCCCCCCC)CCN(C)CCCN(C)CCN(CCC(=O)OCCCCCCCCCCCCCC)CCC(=O)OCCCCCCCCCCCCCC,3.9498073004888488
CCCCCCCCCCCCCCOC(=O)CCN(CCC(=O)OCCCCCCCCCCCCCC)CCN(CCC(=O)OCCCCCCCCCCCCCC)C(C)C,-1.2771475721062835
CCCCCCCCCCCCCCOC(=O)CCN(CCC(=O)OCCCCCCCCCCCCCC)CCN1CCCC1,-0.4303717651678225
CCCCCCCCCCCCCCOC(=O)CCN(CCC(=O)OCCCCCCCCCCCCCC)CCN1CCOCC1,-0.2289686360383915
CCCCCCCCCCCCCCOC(=O)CCN(CCC(=O)OCCCCCCCCCCCCCC)CN(CC)CCC,0.0944422959030904
CCCCCCCCCCCCCCOC(=O)CCN(CCCCc1ccccc1)CCC(=O)OCCCCCCCCCCCCCC,-1.2771475721062835
CCCCCCCCCCCCCCOC(=O)CCN(CCCCCCN(CCC(=O)OCCCCCCCCCCCCCC)CCC(=O)OCCCCCCCCCCCCCC)CCCCCCN(CCC(=O)OCCCCCCCCCCCCCC)CCC(=O)OCCCCCCCCCCCCCC,0.0256684362914563
CCCCCCCCCCCCCCOC(=O)CCN(CCCCN1CCN(C)CC1)CCC(=O)OCCCCCCCCCCCCCC,-1.27453635720587
CCCCCCCCCCCCCCOC(=O)CCN(CCCN(CCCN(CCC(=O)OCCCCCCCCCCCCCC)CCC(=O)OCCCCCCCCCCCCCC)CCC(=O)OCCCCCCCCCCCCCC)CCCN(CCC(=O)OCCCCCCCCCCCCCC)CCC(=O)OCCCCCCCCCCCCCC,0.9412030392067404
CCCCCCCCCCCCCCOC(=O)CCN(CCCN1CCOCC1)CCC(=O)OCCCCCCCCCCCCCC,0.00155932731339
CCCCCCCCCCCCCCOC(=O)CCN(CCO)CCC(=O)OCCCCCCCCCCCCCC,0.5883151859237902
CCCCCCCCCCCCCCOC(=O)CCN(CCOC)CCC(=O)OCCCCCCCCCCCCCC,-0.3090279311205723
CCCCCCCCCCCCCCOC(=O)CCN(CCOCCN1CCCC1)CCC(=O)OCCCCCCCCCCCCCC,-0.103089830922463
CCCCCCCCCCCCCCOC(=O)CCN1CCC(N(CCC(=O)OCCCCCCCCCCCCCC)CCC(=O)OCCCCCCCCCCCCCC)CC1,0.379157773475568
CCCCCCCCCCCCCCOC(=O)CCN1CCCN(CCC(=O)OCCCCCCCCCCCCCC)CCCN(CCC(=O)OCCCCCCCCCCCCCC)CCC1,0.1109878321883611
CCCCCCCCCCCCCCOC(=O)CCN1CCN(CCC(=O)OCCCCCCCCCCCCCC)[C@H](C)C1,-0.1535618990206166
CCCCCCCCCCCCCCOC(=O)CCN1CCOCCN(CCC(=O)OCCCCCCCCCCCCCC)CCN(CCC(=O)OCCCCCCCCCCCCCC)CC1,-0.3069368886958842
CCCCCCCCCCCCCOC(=O)CCN(C)CCCCCCN(C)CCC(=O)OCCCCCCCCCCCCC,-0.5152219163171444
CCCCCCCCCCCCCOC(=O)CCN(C)CCCN(CCC(=O)OCCCCCCCCCCCCC)CCC(=O)OCCCCCCCCCCCCC,1.6005010037978011
CCCCCCCCCCCCCOC(=O)CCN(C)CCN(CCN(C)CCC(=O)OCCCCCCCCCCCCC)CCN(C)CCC(=O)OCCCCCCCCCCCCC,4.207604885607512
CCCCCCCCCCCCCOC(=O)CCN(CCC(=O)OCCCCCCCCCCCCC)C(C)(C)CC(C)(C)C,-0.7315618678293949
CCCCCCCCCCCCCOC(=O)CCN(CCC(=O)OCCCCCCCCCCCCC)C(C)CCC,-0.4764679606585527
CCCCCCCCCCCCCOC(=O)CCN(CCC(=O)OCCCCCCCCCCCCC)c1c(CC)cccc1CC,-0.178327242189315
CCCCCCCCCCCCCOC(=O)CCN(CCC(=O)OCCCCCCCCCCCCC)c1ccc(C(C)C)cc1,0.105438057556948
CCCCCCCCCCCCCOC(=O)CCN(CCC(=O)OCCCCCCCCCCCCC)c1ccc(C2(c3ccc(N(CCC(=O)OCCCCCCCCCCCCC)CCC(=O)OCCCCCCCCCCCCC)cc3)c3ccccc3-c3ccccc32)cc1,0.2648439994430632
CCCCCCCCCCCCCOC(=O)CCN(CCC(=O)OCCCCCCCCCCCCC)c1ccc(Oc2ccc(N(CCC(=O)OCCCCCCCCCCCCC)CCC(=O)OCCCCCCCCCCCCC)cc2)cc1,0.0251935322448094
CCCCCCCCCCCCCOC(=O)CCN(CCC(=O)OCCCCCCCCCCCCC)c1ccc(Oc2ccccc2)cc1,-0.4064752883999028
CCCCCCCCCCCCCOC(=O)CCN(CCC(=O)OCCCCCCCCCCCCC)c1ccc2c(c1)OCO2,-1.247959710347781
CCCCCCCCCCCCCOC(=O)CCN(CCC(=O)OCCCCCCCCCCCCC)c1cccc(F)c1,-1.2771475721062835
CCCCCCCCCCCCCOC(=O)CCN(CCC(=O)OCCCCCCCCCCCCC)c1cccc(OC(C)C)c1,0.0151221744545164
CCCCCCCCCCCCCOC(=O)CCN(CCC(=O)OCCCCCCCCCCCCC)c1cccc(OCc2ccccc2)c1,-0.6506367059538422
CCCCCCCCCCCCCOC(=O)CCN(CCC(=O)OCCCCCCCCCCCCC)c1ccccc1C(C)C,-0.70588886612039
CCCCCCCCCCCCCOC(=O)CCN(CCC(=O)OCCCCCCCCCCCCC)c1ccccc1Cc1ccccc1,-0.1402983089349528
CCCCCCCCCCCCCOC(=O)CCN(CCC(=O)OCCCCCCCCCCCCC)c1ccccc1N(CCC(=O)OCCCCCCCCCCCCC)c1ccccc1,-0.7101731105611961
CCCCCCCCCCCCCOC(=O)CCN(CCC(=O)OCCCCCCCCCCCCC)c1ccccc1OC,-0.3460699279402569
CCCCCCCCCCCCCOC(=O)CCN(CCC(=O)OCCCCCCCCCCCCC)CC(C)N(CCC(=O)OCCCCCCCCCCCCC)CCC(=O)OCCCCCCCCCCCCC,1.7996485295355544
CCCCCCCCCCCCCOC(=O)CCN(CCC(=O)OCCCCCCCCCCCCC)Cc1ccccc1F,-1.1071760289660897
CCCCCCCCCCCCCOC(=O)CCN(CCC(=O)OCCCCCCCCCCCCC)CC1CCN(C)CC1,0.3172563245319372
CCCCCCCCCCCCCOC(=O)CCN(CCC(=O)OCCCCCCCCCCCCC)CCC(=O)N1CCN(CCC(=O)OCCCCCCCCCCCCC)CC1,0.8297224569862012
CCCCCCCCCCCCCOC(=O)CCN(CCC(=O)OCCCCCCCCCCCCC)CCC1CCC(C)CC1,0.2451830995293722
CCCCCCCCCCCCCOC(=O)CCN(CCC(=O)OCCCCCCCCCCCCC)CCc1ccc(OC)cc1,-0.812808506516272
CCCCCCCCCCCCCOC(=O)CCN(CCC(=O)OCCCCCCCCCCCCC)CCN(CCC(=O)OCCCCCCCCCCCCC)CCC(=O)OCCCCCCCCCCCCC,0.8326491971905989
CCCCCCCCCCCCCOC(=O)CCN(CCC(=O)OCCCCCCCCCCCCC)CCN(CCC(=O)OCCCCCCCCCCCCC)CCN(CCC(=O)OCCCCCCCCCCCCC)CCN(CCC(=O)OCCCCCCCCCCCCC)CCC(=O)OCCCCCCCCCCCCC,1.3069788279642434
CCCCCCCCCCCCCOC(=O)CCN(CCC(=O)OCCCCCCCCCCCCC)CCN(CCC(=O)OCCCCCCCCCCCCC)CCN(CCC(=O)OCCCCCCCCCCCCC)CCN(CCC(=O)OCCCCCCCCCCCCC)CCN(CCC(=O)OCCCCCCCCCCCCC)CCC(=O)OCCCCCCCCCCCCC,1.798042272567997
CCCCCCCCCCCCCOC(=O)CCN(CCC(=O)OCCCCCCCCCCCCC)CCN(CCN(CCC(=O)OCCCCCCCCCCCCC)CCC(=O)OCCCCCCCCCCCCC)CCN(CCC(=O)OCCCCCCCCCCCCC)CCC(=O)OCCCCCCCCCCCCC,0.285732973217096
CCCCCCCCCCCCCOC(=O)CCN(CCC(=O)OCCCCCCCCCCCCC)CCN1CCCC1,0.3052370467379658
CCCCCCCCCCCCCOC(=O)CCN(CCC(=O)OCCCCCCCCCCCCC)CCN1CCN(CCC(=O)OCCCCCCCCCCCCC)CC1,0.3974363553031083
CCCCCCCCCCCCCOC(=O)CCN(CCC(=O)OCCCCCCCCCCCCC)CCN1CCN(CCN(CCC(=O)OCCCCCCCCCCCCC)CCC(=O)OCCCCCCCCCCCCC)CC1,4.135997404816648
CCCCCCCCCCCCCOC(=O)CCN(CCCCCC)CCC(=O)OCCCCCCCCCCCCC,0.2638305495798939
CCCCCCCCCCCCCOC(=O)CCN(CCCCCCN(CCC(=O)OCCCCCCCCCCCCC)CCC(=O)OCCCCCCCCCCCCC)CCCCCCN(CCC(=O)OCCCCCCCCCCCCC)CCC(=O)OCCCCCCCCCCCCC,-0.0410050004134791
CCCCCCCCCCCCCOC(=O)CCN(CCCN(C)C)CCC(=O)OCCCCCCCCCCCCC,-0.6114347234465822
CCCCCCCCCCCCCOC(=O)CCN(CCCN(C)C)CCC(=O)OCCCCCCCCCCCCC,0.7490592329948327
CCCCCCCCCCCCCOC(=O)CCN(CCCN(C)CCCN(CCC(=O)OCCCCCCCCCCCCC)CCC(=O)OCCCCCCCCCCCCC)CCC(=O)OCCCCCCCCCCCCC,4.064084643901772
CCCCCCCCCCCCCOC(=O)CCN(CCN(CCC(=O)OCCCCCCCCCCCCC)C(C)(C)C)C(C)(C)C,-0.12844183289488
CCCCCCCCCCCCCOC(=O)CCN(CCO)CCN(CCO)CCC(=O)OCCCCCCCCCCCCC,0.4351345386059512
CCCCCCCCCCCCCOC(=O)CCN(CCO)CCN(CCO)CCC(=O)OCCCCCCCCCCCCC,-0.7285285252750816
CCCCCCCCCCCCCOC(=O)CCN(CCOC)CCC(=O)OCCCCCCCCCCCCC,-0.118008733185485
CCCCCCCCCCCCCOC(=O)CCN(CCOCCO)CCC(=O)OCCCCCCCCCCCCC,0.7155980756607314
CCCCCCCCCCCCCOC(=O)CCN(CCOCCO)CCC(=O)OCCCCCCCCCCCCC,0.480249492741673
CCCCCCCCCCCCCOC(=O)CCN(CCOCCOCCN(CCC(=O)OCCCCCCCCCCCCC)CCC(=O)OCCCCCCCCCCCCC)CCC(=O)OCCCCCCCCCCCCC,-0.2051472031265544
CCCCCCCCCCCCCOC(=O)CCN1CC[C@@H](N(CCC(=O)OCCCCCCCCCCCCC)CCC(=O)OCCCCCCCCCCCCC)C1,0.8645185529216651
CCCCCCCCCCCCCOC(=O)CCN1CCCN(CCC(=O)OCCCCCCCCCCCCC)CCCN(CCC(=O)OCCCCCCCCCCCCC)CCC1,0.1354355628511022
CCCCCCCCCCCCCOC(=O)CCN1CCCN(CCC(=O)OCCCCCCCCCCCCC)CCN(CCC(=O)OCCCCCCCCCCCCC)CCCN(CCC(=O)OCCCCCCCCCCCCC)CC1,-0.1328316480114835
CCCCCCCCCCCCCOC(=O)CCN1CCN(CCC(=O)OCCCCCCCCCCCCC)C(c2ccccc2)C1,-0.440303811171565
CCCCCCCCCCCCCOC(=O)CCN1CCN(CCC(=O)OCCCCCCCCCCCCC)CC1,-0.0195323435893977
CCCCCCCCCCCCN(CCN(CCC(=O)OCCCCCCCCCCC)CCC(=O)OCCCCCCCCCCC)CCN(CCC(=O)OCCCCCCCCCCC)CCC(=O)OCCCCCCCCCCC,0.1763947129920058
CCCCCCCCCCCCOC(=O)CCN(C)c1ccccc1N(CCC(=O)OCCCCCCCCCCCC)CCC(=O)OCCCCCCCCCCCC,-1.008406566395814
CCCCCCCCCCCCOC(=O)CCN(c1ccccc1)c1ccc(-c2ccc(N(CCC(=O)OCCCCCCCCCCCC)c3ccccc3)cc2)cc1,-0.3732721509737108
CCCCCCCCCCCCOC(=O)CCN(CCC(=O)OCCCCCCCCCCCC)[C@@H]1CCCC[C@H]1N(CCC(=O)OCCCCCCCCCCCC)CCC(=O)OCCCCCCCCCCCC,1.0313324636117671
CCCCCCCCCCCCOC(=O)CCN(CCC(=O)OCCCCCCCCCCCC)C(C)C,-0.2099719255365668
CCCCCCCCCCCCOC(=O)CCN(CCC(=O)OCCCCCCCCCCCC)C(C)c1ccc(C)cc1,-0.3265482861422085
CCCCCCCCCCCCOC(=O)CCN(CCC(=O)OCCCCCCCCCCCC)C(C)CC,-0.3136377432885703
CCCCCCCCCCCCOC(=O)CCN(CCC(=O)OCCCCCCCCCCCC)C(c1ccccc1)(c1ccccc1)c1ccccc1,0.0313331263000719
CCCCCCCCCCCCOC(=O)CCN(CCC(=O)OCCCCCCCCCCCC)C(c1ccccc1)c1ccccc1,-0.5348138908582508
CCCCCCCCCCCCOC(=O)CCN(CCC(=O)OCCCCCCCCCCCC)C12C[C@H]3C[C@@H](C1)C[C@@H](C2)C3,-0.1588401644559402
CCCCCCCCCCCCOC(=O)CCN(CCC(=O)OCCCCCCCCCCCC)c1c(C)cc(-c2cc(C)c(N(CCC(=O)OCCCCCCCCCCCC)CCC(=O)OCCCCCCCCCCCC)c(C)c2)cc1C,0.0418077076578226
CCCCCCCCCCCCOC(=O)CCN(CCC(=O)OCCCCCCCCCCCC)c1c(CC)cccc1CC,-0.2979649019288404
CCCCCCCCCCCCOC(=O)CCN(CCC(=O)OCCCCCCCCCCCC)c1cc(C(C)(C)C)ccc1C(C)(C)C,-0.9473751407591982
CCCCCCCCCCCCOC(=O)CCN(CCC(=O)OCCCCCCCCCCCC)c1cc(F)ccc1F,-0.6540230301424047
CCCCCCCCCCCCOC(=O)CCN(CCC(=O)OCCCCCCCCCCCC)C1CC2CCC1C2,-0.055612432507779
CCCCCCCCCCCCOC(=O)CCN(CCC(=O)OCCCCCCCCCCCC)C1Cc2ccccc2C1,0.7895093801722838
CCCCCCCCCCCCOC(=O)CCN(CCC(=O)OCCCCCCCCCCCC)c1ccc(-c2ccc(N(CCC(=O)OCCCCCCCCCCCC)CCC(=O)OCCCCCCCCCCCC)c(N(CCC(=O)OCCCCCCCCCCCC)CCC(=O)OCCCCCCCCCCCC)c2)cc1N(CCC(=O)OCCCCCCCCCCCC)CCC(=O)OCCCCCCCCCCCC,-0.958029281120974
CCCCCCCCCCCCOC(=O)CCN(CCC(=O)OCCCCCCCCCCCC)c1ccc(C(C)(C)C)cc1,-0.331617908904871
CCCCCCCCCCCCOC(=O)CCN(CCC(=O)OCCCCCCCCCCCC)c1ccc(Cc2ccc(N(CCC(=O)OCCCCCCCCCCCC)CCC(=O)OCCCCCCCCCCCC)cc2)cc1,-0.6088101921975805
CCCCCCCCCCCCOC(=O)CCN(CCC(=O)OCCCCCCCCCCCC)c1ccc2c(c1)OCCO2,1.8189039934476965
CCCCCCCCCCCCOC(=O)CCN(CCC(=O)OCCCCCCCCCCCC)c1ccc2c(c1)OCO2,-1.2771475721062835
CCCCCCCCCCCCOC(=O)CCN(CCC(=O)OCCCCCCCCCCCC)c1ccc2cc3ccccc3cc2c1,-1.2771475721062835
CCCCCCCCCCCCOC(=O)CCN(CCC(=O)OCCCCCCCCCCCC)c1cccc(C)c1N(CCC(=O)OCCCCCCCCCCCC)CCC(=O)OCCCCCCCCCCCC,-0.4032637226508272
CCCCCCCCCCCCOC(=O)CCN(CCC(=O)OCCCCCCCCCCCC)c1cccc(F)c1,-1.2771475721062835
CCCCCCCCCCCCOC(=O)CCN(CCC(=O)OCCCCCCCCCCCC)C1CCCC(N(CCC(=O)OCCCCCCCCCCCC)CCC(=O)OCCCCCCCCCCCC)C1,0.8888853538187593
CCCCCCCCCCCCOC(=O)CCN(CCC(=O)OCCCCCCCCCCCC)c1cccc2c1CCC2,-0.3476838240670358
CCCCCCCCCCCCOC(=O)CCN(CCC(=O)OCCCCCCCCCCCC)c1ccccc1C(C)(C)C,-0.7733244237537678
CCCCCCCCCCCCOC(=O)CCN(CCC(=O)OCCCCCCCCCCCC)c1ccccc1Cc1ccccc1,-0.0381712599655665
CCCCCCCCCCCCOC(=O)CCN(CCC(=O)OCCCCCCCCCCCC)c1ccccc1N(CCC(=O)OCCCCCCCCCCCC)c1ccccc1,-0.2868813943040355
CCCCCCCCCCCCOC(=O)CCN(CCC(=O)OCCCCCCCCCCCC)C1CCN(C)CC1,-1.2771475721062835
CCCCCCCCCCCCOC(=O)CCN(CCC(=O)OCCCCCCCCCCCC)c1nc(N(CCC(=O)OCCCCCCCCCCCC)CCC(=O)OCCCCCCCCCCCC)nc(N(CCC(=O)OCCCCCCCCCCCC)CCC(=O)OCCCCCCCCCCCC)n1,0.4508496845679577
CCCCCCCCCCCCOC(=O)CCN(CCC(=O)OCCCCCCCCCCCC)CC(=O)N(C)c1ccccc1,-0.6644111238138263
CCCCCCCCCCCCOC(=O)CCN(CCC(=O)OCCCCCCCCCCCC)CC(C)C,-0.3091164105939274
CCCCCCCCCCCCOC(=O)CCN(CCC(=O)OCCCCCCCCCCCC)CC(C)CC,-0.3452336278536922
CCCCCCCCCCCCOC(=O)CCN(CCC(=O)OCCCCCCCCCCCC)CC1CCC(CN(CCC(=O)OCCCCCCCCCCCC)CCC(=O)OCCCCCCCCCCCC)CC1,0.0646712520230128
CCCCCCCCCCCCOC(=O)CCN(CCC(=O)OCCCCCCCCCCCC)CCC(=O)N1CCN(CCC(=O)OCCCCCCCCCCCC)CC1,0.1142706550127969
CCCCCCCCCCCCOC(=O)CCN(CCC(=O)OCCCCCCCCCCCC)CCC1CCC(C)CC1,0.0140378014683025
CCCCCCCCCCCCOC(=O)CCN(CCC(=O)OCCCCCCCCCCCC)CCN(C)CCCN(C)CCN(CCC(=O)OCCCCCCCCCCCC)CCC(=O)OCCCCCCCCCCCC,2.7160644385753767
CCCCCCCCCCCCOC(=O)CCN(CCC(=O)OCCCCCCCCCCCC)CCN(CCC(=O)OCCCCCCCCCCCC)Cc1ccccc1,-1.2771475721062835
CCCCCCCCCCCCOC(=O)CCN(CCC(=O)OCCCCCCCCCCCC)CCN(CCC(=O)OCCCCCCCCCCCC)CCC(=O)OCCCCCCCCCCCC,0.8800801702699679
CCCCCCCCCCCCOC(=O)CCN(CCC(=O)OCCCCCCCCCCCC)CCN(CCC(=O)OCCCCCCCCCCCC)CCN1CCN(CCN(CCC(=O)OCCCCCCCCCCCC)CCC(=O)OCCCCCCCCCCCC)CC1,2.233612687934078
CCCCCCCCCCCCOC(=O)CCN(CCC(=O)OCCCCCCCCCCCC)CCN(CCN(CCC(=O)OCCCCCCCCCCCC)CCC(=O)OCCCCCCCCCCCC)CCN(CCC(=O)OCCCCCCCCCCCC)CCC(=O)OCCCCCCCCCCCC,0.9358194356695536
CCCCCCCCCCCCOC(=O)CCN(CCC)CCCN(CCC(=O)OCCCCCCCCCCCC)CCC(=O)OCCCCCCCCCCCC,-0.1886322234781693
CCCCCCCCCCCCOC(=O)CCN(CCCCCCN(CCC(=O)OCCCCCCCCCCCC)CCC(=O)OCCCCCCCCCCCC)CCCCCCN(CCC(=O)OCCCCCCCCCCCC)CCC(=O)OCCCCCCCCCCCC,-0.0886879762956409
CCCCCCCCCCCCOC(=O)CCN(CCCCN(C)Cc1ccccc1)CCC(=O)OCCCCCCCCCCCC,0.0944422959030904
CCCCCCCCCCCCOC(=O)CCN(CCCCN1CCN(C)CC1)CCC(=O)OCCCCCCCCCCCC,-0.3246111301372767
CCCCCCCCCCCCOC(=O)CCN(CCCN(C)C)CCC(=O)OCCCCCCCCCCCC,-1.162746010358792
CCCCCCCCCCCCOC(=O)CCN(CCCN(C)C)CCC(=O)OCCCCCCCCCCCC,0.0440532328456881
CCCCCCCCCCCCOC(=O)CCN(CCCN(C)C)CCCN(CCC(=O)OCCCCCCCCCCCC)CCC(=O)OCCCCCCCCCCCC,2.3272219670297973
CCCCCCCCCCCCOC(=O)CCN(CCCN1CCN(C(C)C)CC1)CCC(=O)OCCCCCCCCCCCC,-0.0818512329276403
CCCCCCCCCCCCOC(=O)CCN(CCCOCCOCCOCCCN(CCC(=O)OCCCCCCCCCCCC)CCC(=O)OCCCCCCCCCCCC)CCC(=O)OCCCCCCCCCCCC,-0.3244798272428687
CCCCCCCCCCCCOC(=O)CCN(CCN(CCC(=O)OCCCCCCCCCCCC)C(C)(C)C)C(C)(C)C,-0.3763090596616807
CCCCCCCCCCCCOC(=O)CCN(CCO)CCN(CCC(=O)OCCCCCCCCCCCC)CCC(=O)OCCCCCCCCCCCC,1.6340077694767312
CCCCCCCCCCCCOC(=O)CCN(CCOCCOCCN(CCC(=O)OCCCCCCCCCCCC)CCC(=O)OCCCCCCCCCCCC)CCC(=O)OCCCCCCCCCCCC,-0.3917482477056783
CCCCCCCCCCCCOC(=O)CCN1CCC(N(CCC(=O)OCCCCCCCCCCCC)CCC(=O)OCCCCCCCCCCCC)CC1,-0.6516301484952414
CCCCCCCCCCCOC(=O)CCN(C)CCCN(CC)CCCN(C)CCC(=O)OCCCCCCCCCCC,-0.6808041512326427
CCCCCCCCCCCOC(=O)CCN(C)CCN(C)CCC(=O)OCCCCCCCCCCC,-0.7111348335960391
CCCCCCCCCCCOC(=O)CCN(C)CCN(CCC(=O)OCCCCCCCCCCC)CCC(=O)OCCCCCCCCCCC,0.5068037409408742
CCCCCCCCCCCOC(=O)CCN(C)CCOCCN(C)CCC(=O)OCCCCCCCCCCC,0.8663276262866613
CCCCCCCCCCCOC(=O)CCN(c1ccccc1)c1ccc(-c2ccc(N(CCC(=O)OCCCCCCCCCCC)c3ccccc3)cc2)cc1,-1.2771475721062835
CCCCCCCCCCCOC(=O)CCN(CCC(=O)OCCCCCCCCCCC)[C@@H](c1ccccc1)[C@@H](c1ccccc1)N(CCC(=O)OCCCCCCCCCCC)CCC(=O)OCCCCCCCCCCC,-0.7494884221721589
CCCCCCCCCCCOC(=O)CCN(CCC(=O)OCCCCCCCCCCC)[C@@H]1CCCC[C@H]1N(CCC(=O)OCCCCCCCCCCC)CCC(=O)OCCCCCCCCCCC,0.7855342443802533
CCCCCCCCCCCOC(=O)CCN(CCC(=O)OCCCCCCCCCCC)C(C)c1ccc(C)cc1,-0.5028673503982211
CCCCCCCCCCCOC(=O)CCN(CCC(=O)OCCCCCCCCCCC)C(C)CC,-0.2087470480769608
CCCCCCCCCCCOC(=O)CCN(CCC(=O)OCCCCCCCCCCC)c1c(-c2ccccc2)cc(-c2ccccc2)cc1-c1ccccc1,-0.995087259944338
CCCCCCCCCCCOC(=O)CCN(CCC(=O)OCCCCCCCCCCC)c1c(N(CCC(=O)OCCCCCCCCCCC)CCC(=O)OCCCCCCCCCCC)c2ccccc2c2ccccc12,-1.1311890431653164
CCCCCCCCCCCOC(=O)CCN(CCC(=O)OCCCCCCCCCCC)C1CC1,-0.2984898928594064
CCCCCCCCCCCOC(=O)CCN(CCC(=O)OCCCCCCCCCCC)c1ccc(-c2ccccc2)cc1,-1.2771475721062835
CCCCCCCCCCCOC(=O)CCN(CCC(=O)OCCCCCCCCCCC)C1CCC(CC2CCC(N(CCC(=O)OCCCCCCCCCCC)CCC(=O)OCCCCCCCCCCC)C(C)C2)CC1C,-0.0052473961268038
CCCCCCCCCCCOC(=O)CCN(CCC(=O)OCCCCCCCCCCC)c1ccc(Cc2ccc(N(CCC(=O)OCCCCCCCCCCC)CCC(=O)OCCCCCCCCCCC)cc2)cc1,-0.7943359997716981
CCCCCCCCCCCOC(=O)CCN(CCC(=O)OCCCCCCCCCCC)c1ccc(N(CCC(=O)OCCCCCCCCCCC)CCC(=O)OCCCCCCCCCCC)cc1,-0.6467061706862588
CCCCCCCCCCCOC(=O)CCN(CCC(=O)OCCCCCCCCCCC)C1CCC1,-0.3806718484944502
CCCCCCCCCCCOC(=O)CCN(CCC(=O)OCCCCCCCCCCC)c1cccc(C(F)(F)F)c1,-1.2771475721062835
CCCCCCCCCCCOC(=O)CCN(CCC(=O)OCCCCCCCCCCC)c1cccc(F)c1,-1.2771475721062835
CCCCCCCCCCCOC(=O)CCN(CCC(=O)OCCCCCCCCCCC)C1CCCC(N(CCC(=O)OCCCCCCCCCCC)CCC(=O)OCCCCCCCCCCC)C1,0.9334711426199692
CCCCCCCCCCCOC(=O)CCN(CCC(=O)OCCCCCCCCCCC)C1CCCCC1,-0.0997447438814538
CCCCCCCCCCCOC(=O)CCN(CCC(=O)OCCCCCCCCCCC)c1nc(N(CCC(=O)OCCCCCCCCCCC)CCC(=O)OCCCCCCCCCCC)nc(N(CCC(=O)OCCCCCCCCCCC)CCC(=O)OCCCCCCCCCCC)n1,0.5194070894081174
CCCCCCCCCCCOC(=O)CCN(CCC(=O)OCCCCCCCCCCC)CC(=O)N(C)c1ccccc1,-0.5168954706397474
CCCCCCCCCCCOC(=O)CCN(CCC(=O)OCCCCCCCCCCC)CC(C)C,-0.4120277167595389
CCCCCCCCCCCOC(=O)CCN(CCC(=O)OCCCCCCCCCCC)Cc1cccc(N(CCC(=O)OCCCCCCCCCCC)CCC(=O)OCCCCCCCCCCC)c1,-0.6606523593051913
CCCCCCCCCCCOC(=O)CCN(CCC(=O)OCCCCCCCCCCC)Cc1ccccc1F,-1.2771475721062835
CCCCCCCCCCCOC(=O)CCN(CCC(=O)OCCCCCCCCCCC)CC1CCCO1,-0.429788314691708
CCCCCCCCCCCOC(=O)CCN(CCC(=O)OCCCCCCCCCCC)CC1COC(C)(C)O1,-0.5600501008286368
CCCCCCCCCCCOC(=O)CCN(CCC(=O)OCCCCCCCCCCC)CCc1ccc(OC)cc1,-1.2771475721062835
CCCCCCCCCCCOC(=O)CCN(CCC(=O)OCCCCCCCCCCC)CCN(CCC(=O)OCCCCCCCCCCC)c1ccccc1,-0.959392659340078
CCCCCCCCCCCOC(=O)CCN(CCC(=O)OCCCCCCCCCCC)CCN(CCC(=O)OCCCCCCCCCCC)CCN(CCC(=O)OCCCCCCCCCCC)CCN(CCC(=O)OCCCCCCCCCCC)CCC(=O)OCCCCCCCCCCC,1.2462874015656045
CCCCCCCCCCCOC(=O)CCN(CCC(=O)OCCCCCCCCCCC)CCN1CCCC1,-0.22452288390891
CCCCCCCCCCCOC(=O)CCN(CCC(=O)OCCCCCCCCCCC)CCN1CCN(CCC(=O)OCCCCCCCCCCC)CC1,0.618952859916818
CCCCCCCCCCCOC(=O)CCN(CCCCCCN(CCC(=O)OCCCCCCCCCCC)CCC(=O)OCCCCCCCCCCC)CCCCCCN(CCC(=O)OCCCCCCCCCCC)CCC(=O)OCCCCCCCCCCC,0.2109553308008694
CCCCCCCCCCCOC(=O)CCN(CCCN(CC)CC)CCC(=O)OCCCCCCCCCCC,-0.803578964989187
CCCCCCCCCCCOC(=O)CCN(CCCN(CCC(=O)OCCCCCCCCCCC)CCC(=O)OCCCCCCCCCCC)CCCN(CCC(=O)OCCCCCCCCCCC)CCC(=O)OCCCCCCCCCCC,1.8563479674770889
CCCCCCCCCCCOC(=O)CCN(CCCO)CCC(=O)OCCCCCCCCCCC,0.4840242154002506
CCCCCCCCCCCOC(=O)CCN(CCCOCCCCOCCCN(CCC(=O)OCCCCCCCCCCC)CCC(=O)OCCCCCCCCCCC)CCC(=O)OCCCCCCCCCCC,-0.0830028674882946
CCCCCCCCCCCOC(=O)CCN(CCO)CCN(CCC(=O)OCCCCCCCCCCC)CCC(=O)OCCCCCCCCCCC,0.8686634736490524
CCCCCCCCCCCOC(=O)CCN1CCCN(CCC(=O)OCCCCCCCCCCC)CCCN(CCC(=O)OCCCCCCCCCCC)CCN(CCC(=O)OCCCCCCCCCCC)CCC1,0.0285695277653225
CCCCCCCCCCCOC(=O)CCN1CCN(CCC(=O)OCCCCCCCCCCC)C2C1N(CCC(=O)OCCCCCCCCCCC)CCN2CCC(=O)OCCCCCCCCCCC,2.4020725839904364
CCCCCCCCCCCOC(=O)CCN1CCOCCN(CCC(=O)OCCCCCCCCCCC)CCN(CCC(=O)OCCCCCCCCCCC)CC1,-0.3225320921056507
CCCCCCCCCCOC(=O)CCN(C)CCCN(CC)CCCN(C)CCC(=O)OCCCCCCCCCC,-0.7404384933200069
CCCCCCCCCCOC(=O)CCN(C)CCOCCOCCN(C)CCC(=O)OCCCCCCCCCC,-1.2771475721062835
CCCCCCCCCCOC(=O)CCN(C)CCOCCOCCN(C)CCC(=O)OCCCCCCCCCC,0.0323306716842067
CCCCCCCCCCOC(=O)CCN(c1ccccc1)c1ccc(-c2ccc(N(CCC(=O)OCCCCCCCCCC)c3ccccc3)cc2)cc1,-0.973216275532284
CCCCCCCCCCOC(=O)CCN(CCC(=O)OCCCCCCCCCC)[C@@H](c1ccccc1)[C@@H](c1ccccc1)N(CCC(=O)OCCCCCCCCCC)CCC(=O)OCCCCCCCCCC,-0.601383295453415
CCCCCCCCCCOC(=O)CCN(CCC(=O)OCCCCCCCCCC)C(C)(C)CC,-0.2410672513610759
CCCCCCCCCCOC(=O)CCN(CCC(=O)OCCCCCCCCCC)C(C)(C)CC,-0.647755210324786
CCCCCCCCCCOC(=O)CCN(CCC(=O)OCCCCCCCCCC)C12C[C@H]3C[C@@H](C1)C[C@@H](C2)C3,-0.4673380144461876
CCCCCCCCCCOC(=O)CCN(CCC(=O)OCCCCCCCCCC)c1c(CC)cccc1CC,-0.6602376203462763
CCCCCCCCCCOC(=O)CCN(CCC(=O)OCCCCCCCCCC)c1cc(C(C)(C)C)ccc1OC,-1.2771475721062835
CCCCCCCCCCOC(=O)CCN(CCC(=O)OCCCCCCCCCC)c1cc(F)ccc1F,-0.9222902469684248
CCCCCCCCCCOC(=O)CCN(CCC(=O)OCCCCCCCCCC)c1cc(OC)ccc1OC,-0.7352817388201204
CCCCCCCCCCOC(=O)CCN(CCC(=O)OCCCCCCCCCC)C1CC2CCC1C2,-0.1333962838526692
CCCCCCCCCCOC(=O)CCN(CCC(=O)OCCCCCCCCCC)c1ccc(C)c(N(CCC(=O)OCCCCCCCCCC)CCC(=O)OCCCCCCCCCC)c1,-0.6825155316184318
CCCCCCCCCCOC(=O)CCN(CCC(=O)OCCCCCCCCCC)c1ccc(C2(c3ccc(N(CCC(=O)OCCCCCCCCCC)CCC(=O)OCCCCCCCCCC)cc3)c3ccccc3-c3ccccc32)cc1,-0.0167920561189702
CCCCCCCCCCOC(=O)CCN(CCC(=O)OCCCCCCCCCC)c1ccc(Cc2ccc(N(CCC(=O)OCCCCCCCCCC)CCC(=O)OCCCCCCCCCC)cc2)cc1,-1.2771475721062835
CCCCCCCCCCOC(=O)CCN(CCC(=O)OCCCCCCCCCC)c1ccc(N(CCC(=O)OCCCCCCCCCC)c2ccccc2)cc1,-0.4520963234163151
CCCCCCCCCCOC(=O)CCN(CCC(=O)OCCCCCCCCCC)c1ccc(N(CCC(=O)OCCCCCCCCCC)CCC(=O)OCCCCCCCCCC)cc1,-1.0933018667055303
CCCCCCCCCCOC(=O)CCN(CCC(=O)OCCCCCCCCCC)c1ccc(OC(F)(F)F)cc1,-0.469811575394761
CCCCCCCCCCOC(=O)CCN(CCC(=O)OCCCCCCCCCC)c1ccc2c(c1)OCCO2,-0.3929899241594504
CCCCCCCCCCOC(=O)CCN(CCC(=O)OCCCCCCCCCC)C1CCc2ccccc21,0.6080534912135106
CCCCCCCCCCOC(=O)CCN(CCC(=O)OCCCCCCCCCC)c1cccc2c1CCC2,-0.7802606193140675
CCCCCCCCCCOC(=O)CCN(CCC(=O)OCCCCCCCCCC)c1ccccc1OCC,-0.9158027163442534
CCCCCCCCCCOC(=O)CCN(CCC(=O)OCCCCCCCCCC)CC(=O)N(C)c1ccccc1,-0.5382428834185768
CCCCCCCCCCOC(=O)CCN(CCC(=O)OCCCCCCCCCC)CC(C)(C)CO,-0.653434796992055
CCCCCCCCCCOC(=O)CCN(CCC(=O)OCCCCCCCCCC)CC(C)C,-0.5982566430440376
CCCCCCCCCCOC(=O)CCN(CCC(=O)OCCCCCCCCCC)Cc1ccccc1N(CCC(=O)OCCCCCCCCCC)CCC(=O)OCCCCCCCCCC,-0.4227608487708437
CCCCCCCCCCOC(=O)CCN(CCC(=O)OCCCCCCCCCC)Cc1ccccc1OC,-0.3969164460358114
CCCCCCCCCCOC(=O)CCN(CCC(=O)OCCCCCCCCCC)CC1CCCN1CCC(=O)OCCCCCCCCCC,0.2912167385952527
CCCCCCCCCCOC(=O)CCN(CCC(=O)OCCCCCCCCCC)CC1CCN(C)CC1,-0.5019011249705505
CCCCCCCCCCOC(=O)CCN(CCC(=O)OCCCCCCCCCC)CC1COC(C)(C)O1,-0.5784872563352212
CCCCCCCCCCOC(=O)CCN(CCC(=O)OCCCCCCCCCC)CCN(CCC(=O)OCCCCCCCCCC)Cc1ccccc1,-0.7344560953904867
CCCCCCCCCCOC(=O)CCN(CCC(=O)OCCCCCCCCCC)CCN(CCC(=O)OCCCCCCCCCC)CCC(=O)OCCCCCCCCCC,0.6946204256200145
CCCCCCCCCCOC(=O)CCN(CCC(=O)OCCCCCCCCCC)CCN1CCCCC1,0.2371868916116014
CCCCCCCCCCOC(=O)CCN(CCC(=O)OCCCCCCCCCC)CCN1CCN(CCC(=O)OCCCCCCCCCC)CC1,0.7035533399661229
CCCCCCCCCCOC(=O)CCN(CCC(=O)OCCCCCCCCCC)CCN1CCN(CCN(CCC(=O)OCCCCCCCCCC)CCC(=O)OCCCCCCCCCC)CC1,3.610983759529638
CCCCCCCCCCOC(=O)CCN(CCC)CCCN(CCC(=O)OCCCCCCCCCC)CCC(=O)OCCCCCCCCCC,-0.2544555786000836
CCCCCCCCCCOC(=O)CCN(CCCCCC)CCC(=O)OCCCCCCCCCC,0.4097115061686739
CCCCCCCCCCOC(=O)CCN(CCCN(CCC(=O)OCCCCCCCCCC)CCC(=O)OCCCCCCCCCC)CCC(=O)OCCCCCCCCCC,1.2950209556523191
CCCCCCCCCCOC(=O)CCN(CCCn1ccnc1)CCC(=O)OCCCCCCCCCC,-0.1638946639494495
CCCCCCCCCCOC(=O)CCN(CCCOC(C)C)CCC(=O)OCCCCCCCCCC,-0.4816000205773807
CCCCCCCCCCOC(=O)CCN(CCCOC)CCC(=O)OCCCCCCCCCC,-0.6430140714086432
CCCCCCCCCCOC(=O)CCN(CCCOC)CCC(=O)OCCCCCCCCCC,-0.2391408772451935
CCCCCCCCCCOC(=O)CCN(CCO)CCN(CCO)CCC(=O)OCCCCCCCCCC,1.1264540636593878
CCCCCCCCCCOC(=O)CCN(CCO)CCN(CCO)CCC(=O)OCCCCCCCCCC,0.5102394364012507
CCCCCCCCCCOC(=O)CCN(CCOCCN1CCCC1)CCC(=O)OCCCCCCCCCC,-0.8678952350544354
CCCCCCCCCCOC(=O)CCN1CCCN(CCC(=O)OCCCCCCCCCC)CCCN(CCC(=O)OCCCCCCCCCC)CCC1,-0.1016261954474417
CCCCCCCCCCOC(=O)CCN1CCCN(CCC(=O)OCCCCCCCCCC)CCCN(CCC(=O)OCCCCCCCCCC)CCN(CCC(=O)OCCCCCCCCCC)CCC1,0.159046009460634
CCCCCCCCCCOC(=O)CCN1CCCN(CCC(=O)OCCCCCCCCCC)CCN(CCC(=O)OCCCCCCCCCC)CCN(CCC(=O)OCCCCCCCCCC)CC1,0.0156065663249896
CCCCCCCCCCOC(=O)CCN1CCN(CCC(=O)OCCCCCCCCCC)CC1,0.0006682292298811
CCCCCCCCCCCOC(=O)CCN(C)CCOCCN(C)CCC(=O)OCCCCCCCCCCC,-1.423253081102549
CCCCCCCCCCCCCOC(=O)CCN(CCCN(C)C)CCC(=O)OCCCCCCCCCCCCC,-0.4597564446209741
CCCCCCCCCCCOC(=O)CCN(CCO)CCN(CCC(=O)OCCCCCCCCCCC)CCC(=O)OCCCCCCCCCCC,-0.9233384721164444
CCCCCCCCCCCCOC(=O)CCN(CCO)CCN(CCC(=O)OCCCCCCCCCCCC)CCC(=O)OCCCCCCCCCCCC,-0.9868875904574442
CCCCCCCCCCCCCOC(=O)CCN(CCC(=O)OCCCCCCCCCCCCC)CCN(CCN(CCC(=O)OCCCCCCCCCCCCC)CCC(=O)OCCCCCCCCCCCCC)CCN(CCC(=O)OCCCCCCCCCCCCC)CCC(=O)OCCCCCCCCCCCCC,1.2882913515251049
CCCCCCCCCCCCOC(=O)CCN(CCC(=O)OCCCCCCCCCCCC)CCN(CCC(=O)OCCCCCCCCCCCC)CCN1CCN(CCN(CCC(=O)OCCCCCCCCCCCC)CCC(=O)OCCCCCCCCCCCC)CC1,-0.0925595952468653
CCCCCCCCCCCCOC(=O)CCN(CCCN(C)C)CCCN(CCC(=O)OCCCCCCCCCCCC)CCC(=O)OCCCCCCCCCCCC,1.310831938799614
CCCCCCCCCCCCCOC(=O)CCN(C)CCN(CCN(C)CCC(=O)OCCCCCCCCCCCCC)CCN(C)CCC(=O)OCCCCCCCCCCCCC,1.302589203862483
CCCCCCCCCCCCCOC(=O)CCN(CCC(=O)OCCCCCCCCCCCCC)CC(C)N(CCC(=O)OCCCCCCCCCCCCC)CCC(=O)OCCCCCCCCCCCCC,1.327496926411178
CCCCCCCCCCCCCOC(=O)CCN(CCCN(C)CCCN(CCC(=O)OCCCCCCCCCCCCC)CCC(=O)OCCCCCCCCCCCCC)CCC(=O)OCCCCCCCCCCCCC,1.3455989154726795
CCCCCCCCCCCCOC(=O)CCN(CCC(=O)OCCCCCCCCCCCC)c1ccc2c(c1)OCCO2,-0.7405118095549016
CCCCCCCCCCOC(=O)CCN(CCC(=O)OCCCCCCCCCC)CCN1CCN(CCN(CCC(=O)OCCCCCCCCCC)CCC(=O)OCCCCCCCCCC)CC1,0.2751883364406364
CCCCCCCCCCCCCOC(=O)CCN(CCC(=O)OCCCCCCCCCCCCC)CCN1CCN(CCN(CCC(=O)OCCCCCCCCCCCCC)CCC(=O)OCCCCCCCCCCCCC)CC1,1.2437235139989102
CCCCCCCCCCCCOC(=O)CCN(CCC(=O)OCCCCCCCCCCCC)CCN(C)CCCN(C)CCN(CCC(=O)OCCCCCCCCCCCC)CCC(=O)OCCCCCCCCCCCC,1.1940949932416676
CCCCCCCCCCCCCCOC(=O)CCN(CCC(=O)OCCCCCCCCCCCCCC)CCN(C)CCCN(C)CCN(CCC(=O)OCCCCCCCCCCCCCC)CCC(=O)OCCCCCCCCCCCCCC,-1.3172160257033043
CCCCCCCCCCCCCOC(=O)CCN(CCC(=O)OCCCCCCCCCCCCC)CCN(CC)CCN(CC)CCN(CC)CCN(CCC(=O)OCCCCCCCCCCCCC)CCC(=O)OCCCCCCCCCCCCC,1.3144545521662143
C1(C(=O)OCC)N=CC(CCCCCCC/C=C\CCCCCCCC)(CCCCCCC/C=C\CCCCCCCC)N1(CCCN3CCCC3),4.46321525904805
N(CC(=O)OCC)C(=O)C(CCCCCCC/C=C\CCCCCCCC)(CCCCCCC/C=C\CCCCCCCC)N(CC)CCCNCC,3.878274157134861
N(CC(=O)OCC)C(=O)C(CCCCCCC/C=C\CCCCCCCC)(CCCCCCC/C=C\CCCCCCCC)N(CC)CCN(C)C,0.9998204451895778
N(CS(=O)(=O)c3ccc(C)cc3)C(=O)C(CCCCCCC/C=C\CCCCCCCC)(CCCCCCC/C=C\CCCCCCCC)N(CC)CCCNCC,2.180686648122929
N(CS(=O)(=O)c3ccc(C)cc3)C(=O)C(CCCCCCC/C=C\CCCCCCCC)(CCCCCCC/C=C\CCCCCCCC)N(C)CCCN(C)C,1.6371113973818932
N(CS(=O)(=O)c3ccc(C)cc3)C(=O)C(CCCCCCC/C=C\CCCCCCCC)(CCCCCCC/C=C\CCCCCCCC)N(CC)CCO,1.583119162800352
C1(C)(C(=O)OC(C)(C)C)N=CC(CCCCCCC/C=C\CCCCCCCC)(CCCCCCC/C=C\CCCCCCCC)N1(CCN(CC)CC),1.4804710156188126
C1(CC(=O)OCC)N=CC(CCCCCCC/C=C\CCCCCCCC)(CCCCCCC/C=C\CCCCCCCC)N1(CCN(CC)CC),0.1774430839853988
C1(C(=O)OC)N=CC(CCCCCCCCCC)(CCCCCCCCCC)N1(CCN(CC)CC),-0.3897872988066925
C1(C(=O)OC(C)(C)C)N=CC(CCCCCCCCCC)(CCCCCCCCCC)N1(CCN(CC)CC),3.323535608995649
N(CCCCC)C(=O)C(CCCCCCCCC)(CCCCCCCCC)NCCN(CC)CC,-1.327223209851517
C1(C(=O)OC(C)(C)C)N=CC(CCCCCCCCC)(CCCCCCCCC)N1(CCN(CC)CC),-0.3559113147896271
N(C3CCCCC3)C(=O)C(CCCCCCCC)(CCCCCCCC)NCCN(CC)CC,-0.8655355165831433
N(CCCC)C(=O)C(CCCCCCC)(CCCCCCC)NCCN(CC)CC,0.8622160334524629
C1(C(=O)OCC)N=CC(CCCCCCC)(CCCCCCC)N1(CCN(CC)CC),-0.8778064045595242
N(CS(=O)(=O)c3ccc(C)cc3)C(=O)C(CCCCCCC)(CCCCCCC)NCCN(CC)CC,-0.445092538073824
N(C3CCCCC3)C(=O)C(CCCCCCC)(CCCCCCC)NCCN(CC)CC,-1.2038822614302245
C1(C(=O)OCC)N=CC(CCCCCC)(CCCCCC)N1(CCN(CC)CC),-0.6935385125104783
N(CS(=O)(=O)c3ccc(C)cc3)C(=O)C(CCCCCC)(CCCCCC)NCCN(CC)CC,-0.002697875593238
C1(C)(C(=O)OC(C)(C)C)N=CC5(CCCCCCCCCCCCCC5)N1(CCN(CC)CC),-1.1768221529179217
N(CS(=O)(=O)c3ccc(C)cc3)C(=O)C5(CCCCCCCCCCCCCC5)NCCN(CC)CC,-0.8031423117146077
C1(C(=O)OCC)N=CC(CCCCC)(CCCCC)N1(CCN(CC)CC),-0.924077082406858
N(C3CCCCC3)C(=O)C(CCCCC)(CCCCC)NCCN(CC)CC,-1.3223222391771707
N(C(C)(C)C)C(=O)C(CCCCCCC/C=C\CCCCCCCC)(CCCCCCC/C=C\CCCCCCCC)NCCCN1CCCC1,2.9031394861970323
C1(CC(=O)OCC)N=CC(CCCCCCC/C=C\CCCCCCCC)(CCCCCCC/C=C\CCCCCCCC)N1(CCCN3CCCC3),0.4104941149488259
C1(C(=O)OC(C)(C)C)N=CC(CCCCCCCCCC)(CCCCCCCCCC)N1(CCCN3CCCC3),2.268611048870824
N(C(C)(C)C)C(=O)C(CCCCCCCCC)(CCCCCCCCC)NCCCN1CCCC1,0.6247305619348577
C1(C(=O)OC(C)(C)C)N=CC(CCCCCCCCC)(CCCCCCCCC)N1(CCCN3CCCC3),-0.4920543980038194
N(CS(=O)(=O)c3ccc(C)cc3)C(=O)C(CCCCCCCC)(CCCCCCCC)NCCCN1CCCC1,0.0214813583691794
N(C(C)(C)C)C(=O)C(CCCCCCC)(CCCCCCC)NCCCN1CCCC1,0.5316794196840295
N(CS(=O)(=O)c3ccc(C)cc3)C(=O)C(CCCCCCC)(CCCCCCC)NCCCN1CCCC1,-0.3313913516166757
N(CCCC)C(=O)C(CCCCCC)(CCCCCC)NCCCN1CCCC1,0.1965888919205259
C1(C(=O)OC(C)(C)C)N=CC(CCCCCC)(CCCCCC)N1(CCCN3CCCC3),2.268611048870824
C1(CC(=O)OCC)N=CC(CCCCCC)(CCCCCC)N1(CCCN3CCCC3),-0.0664953059421958
N(CCCC)C(=O)C5(CCCCCCCCCCCCCC5)NCCCN1CCCC1,-1.325766455140781
N(C3CCCCC3)C(=O)C5(CCCCCCCCCCC5)NCCCN1CCCC1,-0.6803170711544994
N(CCCC)C(=O)C(CCCCCCC/C=C\CCCCCCCC)(CCCCCCC/C=C\CCCCCCCC)N(CC)CCCNCC,1.0216742705268822
N(C(C)C(=O)OC(C)(C)C)C(=O)C(CCCCCCC/C=C\CCCCCCCC)(CCCCCCC/C=C\CCCCCCCC)N(CC)CCCNCC,0.5792869483698455
N(CS(=O)(=O)c3ccc(C)cc3)C(=O)C(CCCCCCCCCC)(CCCCCCCCCC)N(CC)CCCNCC,-0.5513493413261067
N(CC(=O)OC(C)(C)C)C(=O)C(CCCCCCCCC)(CCCCCCCCC)N(CC)CCCNCC,-0.1352159105820976
N(CCC(=O)OCC)C(=O)C(CCCCCCCCC)(CCCCCCCCC)N(CC)CCCNCC,-0.0645442959671664
N(C(C)(C)C)C(=O)C(CCCCCCCC)(CCCCCCCC)N(CC)CCCNCC,0.4597027039718356
N(CC(=O)OC)C(=O)C(CCCCCCCC)(CCCCCCCC)N(CC)CCCNCC,1.3738409185328515
N(C3CCCCC3)C(=O)C(CCCCCCCC)(CCCCCCCC)N(CC)CCCNCC,-0.960805390729804
N(CC(=O)OC)C(=O)C(CCCCCCC)(CCCCCCC)N(CC)CCCNCC,1.220857456074541
N(CC(=O)OC(C)(C)C)C(=O)C(CCCCCCC)(CCCCCCC)N(CC)CCCNCC,-0.9821090085575176
N(C(C)C(=O)OC(C)(C)C)C(=O)C(CCCCCC)(CCCCCC)N(CC)CCCNCC,-1.0348967365332562
N(CCC(=O)OCC)C(=O)C(CCCCCC)(CCCCCC)N(CC)CCCNCC,-0.6414782620714299
N(CC(=O)OCC)C(=O)C5(CCCCCCCCCCCCCC5)N(CC)CCCNCC,1.021517272922852
N(CC(=O)OCC)C(=O)C5(CCCCCCCCCCC5)N(CC)CCCNCC,0.3272699863542043
N(C(C)(C)C)C(=O)C(CCCCCCC/C=C\CCCCCCCC)(CCCCCCC/C=C\CCCCCCCC)N(C)CCN(C)C,0.6963053237263492
N(C3CCCCC3)C(=O)C(CCCCCCC/C=C\CCCCCCCC)(CCCCCCC/C=C\CCCCCCCC)N(C)CCN(C)C,1.1271840518487122
N(C(C)(C)C)C(=O)C(CCCCCCCCCC)(CCCCCCCCCC)N(C)CCN(C)C,-0.6861049041393448
N(CCCCC)C(=O)C(CCCCCCCCCC)(CCCCCCCCCC)N(C)CCN(C)C,1.1780589415754688
N(CC(=O)OC)C(=O)C(CCCCCCCCCC)(CCCCCCCCCC)N(C)CCN(C)C,0.7526557359152501
N(C3CCCCC3)C(=O)C(CCCCCCCCCC)(CCCCCCCCCC)N(C)CCN(C)C,0.0206344329364848
N(CCCCC)C(=O)C(CCCCCCCCC)(CCCCCCCCC)N(C)CCN(C)C,1.116188156487424
N(CS(=O)(=O)c3ccc(C)cc3)C(=O)C(CCCCCCCC)(CCCCCCCC)N(C)CCN(C)C,0.8537931750282376
N(C(C)(C)C)C(=O)C(CCCCCCC)(CCCCCCC)N(C)CCN(C)C,0.3669710337530434
N(C(C)C(=O)OC(C)(C)C)C(=O)C(CCCCCCC)(CCCCCCC)N(C)CCN(C)C,-0.9630111815854068
N(CCCC)C(=O)C(CCCCCC)(CCCCCC)N(C)CCN(C)C,-1.1347187212058991
N(CCCCC)C(=O)C(CCCCCC)(CCCCCC)N(C)CCN(C)C,0.8031416625740653
N(C(C)(C)C)C(=O)C5(CCCCCCCCCCCCCC5)N(C)CCN(C)C,0.6146454784937554
N(CCC(=O)OCC)C(=O)C5(CCCCCCCCCCCCCC5)N(C)CCN(C)C,0.9722603836257262
N(CC(=O)OCC)C(=O)C(CCCCC)(CCCCC)N(C)CCN(C)C,0.66020468778567
N(CCC(=O)OCC)C(=O)C(CCCCC)(CCCCC)N(C)CCN(C)C,-0.1260122649945405
N(CS(=O)(=O)c3ccc(C)cc3)C(=O)C(CCCCC)(CCCCC)N(C)CCN(C)C,-0.8402942015376297
N(C3CCCCC3)C(=O)C(CCCCC)(CCCCC)N(C)CCN(C)C,0.2340532493673104
C1(C)(C(=O)OC(C)(C)C)N=CC(CCCCCCC/C=C\CCCCCCCC)(CCCCCCC/C=C\CCCCCCCC)N1(CCN(C)C),0.3979571514196687
N(CCCC)C(=O)C(CCCCCCCCCC)(CCCCCCCCCC)NCCN(C)C,-0.5416984098597099
C1(CC(=O)OCC)N=CC(CCCCCCCCCC)(CCCCCCCCCC)N1(CCN(C)C),-0.7660365227508491
N(C3CCCCC3)C(=O)C(CCCCCCCCCC)(CCCCCCCCCC)NCCN(C)C,-0.7465835247658084
C1(C)(C(=O)OC(C)(C)C)N=CC(CCCCCCCCC)(CCCCCCCCC)N1(CCN(C)C),-0.1372121924847773
C1(C(=O)OCC)N=CC(CCCCCC)(CCCCCC)N1(CCN(C)C),0.1403216245101339
C1(C(=O)OC(C)(C)C)N=CC(CCCCCC)(CCCCCC)N1(CCN(C)C),1.5951462797428622
C1(C)(C(=O)OC(C)(C)C)N=CC5(CCCCCCCCCCCCCC5)N1(CCN(C)C),-1.1358779597157838
N(C3CCCCC3)C(=O)C5(CCCCCCCCCCCCCC5)NCCN(C)C,0.6768781797223914
N(C(C)(C)C)C(=O)C5(CCCCCCCCCCC5)NCCN(C)C,0.955740858392082
N(CCCC)C(=O)C(CCCCCCC/C=C\CCCCCCCC)(CCCCCCC/C=C\CCCCCCCC)N(C)CCCN(C)C,-0.5778754901547918
N(C(C)C(=O)OC(C)(C)C)C(=O)C(CCCCCCC/C=C\CCCCCCCC)(CCCCCCC/C=C\CCCCCCCC)N(C)CCCN(C)C,-0.6763884359856958
N(C(C)(C)C)C(=O)C(CCCCCCCCC)(CCCCCCCCC)N(C)CCCN(C)C,0.1949663508870637
N(CC(=O)OC)C(=O)C(CCCCCCCCC)(CCCCCCCCC)N(C)CCCN(C)C,0.2765391021014725
N(C(C)C(=O)OC(C)(C)C)C(=O)C(CCCCCCCCC)(CCCCCCCCC)N(C)CCCN(C)C,-0.3641490685696225
N(CCC(=O)OCC)C(=O)C(CCCCCCCCC)(CCCCCCCCC)N(C)CCCN(C)C,-0.2549293725185041
N(CCCCC)C(=O)C(CCCCCCCC)(CCCCCCCC)N(C)CCCN(C)C,-0.624490127363739
N(CC(=O)OC)C(=O)C(CCCCCCCC)(CCCCCCCC)N(C)CCCN(C)C,-0.7695415432112218
N(CC(=O)OCC)C(=O)C(CCCCCCCC)(CCCCCCCC)N(C)CCCN(C)C,0.9167889148320638
N(C(C)(C)C)C(=O)C(CCCCCCC)(CCCCCCC)N(C)CCCN(C)C,0.2698044810535112
N(CCCCC)C(=O)C(CCCCCCC)(CCCCCCC)N(C)CCCN(C)C,-0.228284327563394
N(CC(=O)OC(C)(C)C)C(=O)C(CCCCCCC)(CCCCCCC)N(C)CCCN(C)C,-0.2129847916921319
N(C(C)C(=O)OC(C)(C)C)C(=O)C(CCCCCCC)(CCCCCCC)N(C)CCCN(C)C,-0.94783219204033
N(C3CCCCC3)C(=O)C(CCCCCCC)(CCCCCCC)N(C)CCCN(C)C,1.1597694621462862
N(CCC(=O)OCC)C(=O)C(CCCCCC)(CCCCCC)N(C)CCCN(C)C,-0.5362912876667566
N(C(C)C(=O)OC(C)(C)C)C(=O)C5(CCCCCCCCCCCCCC5)N(C)CCCN(C)C,-1.388948184719205
N(C3CCCCC3)C(=O)C5(CCCCCCCCCCCCCC5)N(C)CCCN(C)C,0.3849504237875307
N(C(C)(C)C)C(=O)C5(CCCCCCCCCCC5)N(C)CCCN(C)C,0.9690808714544092
N(CC(=O)OCC)C(=O)C5(CCCCCCCCCCC5)N(C)CCCN(C)C,0.149290319713625
N(C(C)(C)C)C(=O)C(CCCCC)(CCCCC)N(C)CCCN(C)C,0.7660927697392143
N(CC(=O)OC(C)(C)C)C(=O)C(CCCCC)(CCCCC)N(C)CCCN(C)C,1.2067523736184322
N(C3CCCCC3)C(=O)C(CCCCC)(CCCCC)N(C)CCCN(C)C,1.1756717551933642
N(CC(=O)OC)C(=O)C(CCCCCCC/C=C\CCCCCCCC)(CCCCCCC/C=C\CCCCCCCC)N(CC)CCN(C)C,0.4324607235208716
N(C3CCCCC3)C(=O)C(CCCCCCC/C=C\CCCCCCCC)(CCCCCCC/C=C\CCCCCCCC)N(CC)CCN(C)C,1.2218395586679889
N(CC(=O)OC(C)(C)C)C(=O)C(CCCCCCCCCC)(CCCCCCCCCC)N(CC)CCN(C)C,1.1164727584701777
N(CS(=O)(=O)c3ccc(C)cc3)C(=O)C(CCCCCCCCCC)(CCCCCCCCCC)N(CC)CCN(C)C,-1.135277283171091
N(C3CCCCC3)C(=O)C(CCCCCCCCCC)(CCCCCCCCCC)N(CC)CCN(C)C,-0.3662203004507612
N(CCCCC)C(=O)C(CCCCCCCCC)(CCCCCCCCC)N(CC)CCN(C)C,0.7435572330864508
N(CC(=O)OC)C(=O)C(CCCCCCCC)(CCCCCCCC)N(CC)CCN(C)C,-0.985687940596654
N(CC(=O)OC(C)(C)C)C(=O)C(CCCCCCCC)(CCCCCCCC)N(CC)CCN(C)C,-0.0110724810013912
N(C(C)(C)C)C(=O)C(CCCCCCC)(CCCCCCC)N(CC)CCN(C)C,-0.4491105037157512
N(CC(=O)OCC)C(=O)C(CCCCCCC)(CCCCCCC)N(CC)CCN(C)C,0.9643364334671318
N(CCCC)C(=O)C(CCCCCC)(CCCCCC)N(CC)CCN(C)C,-0.7089096519798787
N(CC(=O)OC)C(=O)C(CCCCCC)(CCCCCC)N(CC)CCN(C)C,-0.1884724383412983
N(CC(=O)OCC)C(=O)C(CCCCCC)(CCCCCC)N(CC)CCN(C)C,0.1687738259583325
N(CCC(=O)OCC)C(=O)C(CCCCCC)(CCCCCC)N(CC)CCN(C)C,0.7390406887079471
N(CCCC)C(=O)C5(CCCCCCCCCCCCCC5)N(CC)CCN(C)C,-1.0794863372364143
N(CCCCC)C(=O)C5(CCCCCCCCCCCCCC5)N(CC)CCN(C)C,-0.3971139021967371
N(C(C)(C)C)C(=O)C5(CCCCCCCCCCC5)N(CC)CCN(C)C,1.3700472983147622
N(CC(=O)OCC)C(=O)C5(CCCCCCCCCCC5)N(CC)CCN(C)C,0.0157946103376421
N(CCC(=O)OCC)C(=O)C5(CCCCCCCCCCC5)N(CC)CCN(C)C,-0.6404825376664891
N(CCCCC)C(=O)C(CCCCC)(CCCCC)N(CC)CCN(C)C,0.185317275256776
N(CC(=O)OC)C(=O)C(CCCCC)(CCCCC)N(CC)CCN(C)C,-0.8217770737305986
N(CCC(=O)OCC)C(=O)C(CCCCC)(CCCCC)N(CC)CCN(C)C,-0.3971139021967371
N(CCCC)C(=O)C(CCCCCCC/C=C\CCCCCCCC)(CCCCCCC/C=C\CCCCCCCC)N3CCN(C)CC3,0.3570388351890137
N(C3CCCCC3)C(=O)C(CCCCCCC/C=C\CCCCCCCC)(CCCCCCC/C=C\CCCCCCCC)N3CCN(C)CC3,-0.7085956848711943
N(CCCC)C(=O)C(CCCCCCCCCC)(CCCCCCCCCC)N3CCN(C)CC3,0.9717953427725252
N(C(C)C(=O)OC(C)(C)C)C(=O)C(CCCCCCCCCC)(CCCCCCCCCC)N3CCN(C)CC3,0.813966252639589
N(C(C)(C)C)C(=O)C(CCCCCCCCC)(CCCCCCCCC)N3CCN(C)CC3,0.5062425444716523
N(CCCCC)C(=O)C(CCCCCCCCC)(CCCCCCCCC)N3CCN(C)CC3,1.1920334117422997
N(C(C)C(=O)OC(C)(C)C)C(=O)C(CCCCCCCC)(CCCCCCCC)N3CCN(C)CC3,-0.7008028859990136
N(CCCC)C(=O)C(CCCCCCC)(CCCCCCC)N3CCN(C)CC3,-0.9920227522172552
N(C3CCCCC3)C(=O)C(CCCCCCC)(CCCCCCC)N3CCN(C)CC3,0.0774047749837311
N(CCCCC)C(=O)C(CCCCCC)(CCCCCC)N3CCN(C)CC3,-1.093179349996197
N(CC(=O)OCC)C(=O)C(CCCCCC)(CCCCCC)N3CCN(C)CC3,1.0252159798325575
N(C(C)C(=O)OC(C)(C)C)C(=O)C(CCCCCC)(CCCCCC)N3CCN(C)CC3,-1.1312188812488004
N(CCCC)C(=O)C5(CCCCCCCCCCCCCC5)N3CCN(C)CC3,-1.3100645119270555
N(CC(=O)OCC)C(=O)C5(CCCCCCCCCCCCCC5)N3CCN(C)CC3,0.2493785613077476
N(CC(=O)OC)C(=O)C5(CCCCCCCCCCC5)N3CCN(C)CC3,-1.2284824227788604
N(CCC(=O)OCC)C(=O)C5(CCCCCCCCCCC5)N3CCN(C)CC3,-0.5363011211713685
N(C(C)(C)C)C(=O)C(CCCCC)(CCCCC)N3CCN(C)CC3,0.4308533587053346
N(CS(=O)(=O)c3ccc(C)cc3)C(=O)C(CCCCC)(CCCCC)N3CCN(C)CC3,-0.4908241178833311
N(C3CCCCC3)C(=O)C(CCCCC)(CCCCC)N3CCN(C)CC3,0.3704443874930819
N(CC(=O)OC)C(=O)C(CCCCCCC/C=C\CCCCCCCC)(CCCCCCC/C=C\CCCCCCCC)N(C)CCN(CC)CC,0.1974229887104972
N(CCC(=O)OCC)C(=O)C(CCCCCCC/C=C\CCCCCCCC)(CCCCCCC/C=C\CCCCCCCC)N(C)CCN(CC)CC,0.0447532698431023
N(CC(=O)OCC)C(=O)C(CCCCCCCCCC)(CCCCCCCCCC)N(C)CCN(CC)CC,0.9561844428166596
N(C(C)(C)C)C(=O)C(CCCCCCCCC)(CCCCCCCCC)N(C)CCN(CC)CC,-0.1117205439236807
N(CS(=O)(=O)c3ccc(C)cc3)C(=O)C(CCCCCCCCC)(CCCCCCCCC)N(C)CCN(CC)CC,-0.7379603497165841
N(C(C)C(=O)OC(C)(C)C)C(=O)C(CCCCCCCC)(CCCCCCCC)N(C)CCN(CC)CC,-0.4800558849495802
N(CC(=O)OC(C)(C)C)C(=O)C(CCCCCCC)(CCCCCCC)N(C)CCN(CC)CC,-1.2249278145820204
N(C(C)C(=O)OC(C)(C)C)C(=O)C(CCCCCCC)(CCCCCCC)N(C)CCN(CC)CC,-1.2293703515884309
N(CCCCC)C(=O)C(CCCCCC)(CCCCCC)N(C)CCN(CC)CC,-0.3727711388024433
N(CC(=O)OC(C)(C)C)C(=O)C(CCCCCC)(CCCCCC)N(C)CCN(CC)CC,-1.0885988361093155
N(CCC(=O)OCC)C(=O)C(CCCCCC)(CCCCCC)N(C)CCN(CC)CC,0.6209214908912984
N(CC(=O)OC)C(=O)C5(CCCCCCCCCCCCCC5)N(C)CCN(CC)CC,-0.898245986988602
N(CC(=O)OCC)C(=O)C5(CCCCCCCCCCCCCC5)N(C)CCN(CC)CC,-0.5513782939020968
N(CC(=O)OC(C)(C)C)C(=O)C5(CCCCCCCCCCCCCC5)N(C)CCN(CC)CC,-1.0868786127016177
N(CS(=O)(=O)c3ccc(C)cc3)C(=O)C5(CCCCCCCCCCCCCC5)N(C)CCN(CC)CC,-0.9503363522960416
N(CC(=O)OC(C)(C)C)C(=O)C5(CCCCCCCCCCC5)N(C)CCN(CC)CC,-0.772601423563342
N(CS(=O)(=O)c3ccc(C)cc3)C(=O)C5(CCCCCCCCCCC5)N(C)CCN(CC)CC,-0.3278040868350936
N(C(C)C(=O)OC(C)(C)C)C(=O)C(CCCCC)(CCCCC)N(C)CCN(CC)CC,-1.1361804354566285
N(CCC(=O)OCC)C(=O)C(CCCCC)(CCCCC)N(C)CCN(CC)CC,-1.1683210888192697
N(C(C)(C)C)C(=O)C(CCCCCCC/C=C\CCCCCCCC)(CCCCCCC/C=C\CCCCCCCC)N(C)CCO,-0.8829462914617903
N(C(C)C(=O)OC(C)(C)C)C(=O)C(CCCCCCC/C=C\CCCCCCCC)(CCCCCCC/C=C\CCCCCCCC)N(C)CCO,-0.4200879628317771
N(CCC(=O)OCC)C(=O)C(CCCCCCC/C=C\CCCCCCCC)(CCCCCCC/C=C\CCCCCCCC)N(C)CCO,0.2277797531412294
N(CC(=O)OCC)C(=O)C(CCCCCCCCCC)(CCCCCCCCCC)N(C)CCO,0.375848878562578
N(C3CCCCC3)C(=O)C(CCCCCCCCCC)(CCCCCCCCCC)N(C)CCO,-0.7475663898741606
N(C(C)C(=O)OC(C)(C)C)C(=O)C(CCCCCCCCC)(CCCCCCCCC)N(C)CCO,-0.9187916701097354
N(CC(=O)OC)C(=O)C(CCCCCCCC)(CCCCCCCC)N(C)CCO,0.5835428365435502
N(CCC(=O)OCC)C(=O)C(CCCCCCCC)(CCCCCCCC)N(C)CCO,0.6611532243963654
N(CC(=O)OC(C)(C)C)C(=O)C(CCCCCCC)(CCCCCCC)N(C)CCO,-0.4070261272128866
N(CS(=O)(=O)c3ccc(C)cc3)C(=O)C(CCCCCCC)(CCCCCCC)N(C)CCO,-0.9130834464909076
N(C(C)C(=O)OC(C)(C)C)C(=O)C5(CCCCCCCCCCCCCC5)N(C)CCO,-1.2424281000252504
N(C(C)(C)C)C(=O)C5(CCCCCCCCCCC5)N(C)CCO,-0.2660021605469782
N(CCCCC)C(=O)C(CCCCC)(CCCCC)N(C)CCO,0.6141284563480864
N(C(C)C(=O)OC(C)(C)C)C(=O)C(CCCCC)(CCCCC)N(C)CCO,-0.8198402207324652
N(CCCCC)C(=O)C(CCCCCCC/C=C\CCCCCCCC)(CCCCCCC/C=C\CCCCCCCC)N(CC)CCO,0.7171688069666022
N(CC(=O)OCC)C(=O)C(CCCCCCCCCC)(CCCCCCCCCC)N(CC)CCO,1.1881374893569916
N(CC(=O)OC(C)(C)C)C(=O)C(CCCCCCCCCC)(CCCCCCCCCC)N(CC)CCO,0.1603386753340301
N(C(C)C(=O)OC(C)(C)C)C(=O)C(CCCCCCCCCC)(CCCCCCCCCC)N(CC)CCO,-0.709306251692069
N(CS(=O)(=O)c3ccc(C)cc3)C(=O)C(CCCCCCCCC)(CCCCCCCCC)N(CC)CCO,-0.8737330844226776
N(CCCCC)C(=O)C(CCCCCCCC)(CCCCCCCC)N(CC)CCO,-1.0190364201232849
N(CC(=O)OCC)C(=O)C(CCCCCCCC)(CCCCCCCC)N(CC)CCO,0.1665006106482579
N(CCC(=O)OCC)C(=O)C(CCCCCCCC)(CCCCCCCC)N(CC)CCO,-0.1756901136089952
N(CS(=O)(=O)c3ccc(C)cc3)C(=O)C(CCCCCCCC)(CCCCCCCC)N(CC)CCO,-0.8394969264263781
N(CCCC)C(=O)C(CCCCCCC)(CCCCCCC)N(CC)CCO,0.0557971231770076
N(CCC(=O)OCC)C(=O)C(CCCCCCC)(CCCCCCC)N(CC)CCO,-0.4742373929902292
N(CS(=O)(=O)c3ccc(C)cc3)C(=O)C(CCCCCC)(CCCCCC)N(CC)CCO,0.1603386753340301
N(C3CCCCC3)C(=O)C(CCCCCC)(CCCCCC)N(CC)CCO,-0.4357122649131
N(CCCC)C(=O)C5(CCCCCCCCCCCCCC5)N(CC)CCO,-1.1959023794622423
N(CC(=O)OCC)C(=O)C5(CCCCCCCCCCCCCC5)N(CC)CCO,-0.7044337622905299
N(CS(=O)(=O)c3ccc(C)cc3)C(=O)C5(CCCCCCCCCCCCCC5)N(CC)CCO,-1.3593222582551716
N(C(C)(C)C)C(=O)C5(CCCCCCCCCCC5)N(CC)CCO,-0.896442849983631
N(CCC(=O)OCC)C(=O)C5(CCCCCCCCCCC5)N(CC)CCO,-0.8017819097666897
N(CS(=O)(=O)c3ccc(C)cc3)C(=O)C5(CCCCCCCCCCC5)N(CC)CCO,-0.9274058903984924
N(C3CCCCC3)C(=O)C5(CCCCCCCCCCC5)N(CC)CCO,1.1535001527273387
N(C(C)(C)C)C(=O)C(CCCCC)(CCCCC)N(CC)CCO,-1.3452046064369525
C1(CC(=O)OCC)N=CC(CCCCCCC/C=C\CCCCCCCC)(CCCCCCC/C=C\CCCCCCCC)N1(CCCN(C)C),0.0464122302232999
C1(CC(=O)OCC)N=CC(CCCCCCCCCC)(CCCCCCCCCC)N1(CCCN(C)C),-0.6144840044485016
N(CS(=O)(=O)c3ccc(C)cc3)C(=O)C(CCCCCCCCCC)(CCCCCCCCCC)NCCCN(C)C,0.3208659710776868
C1(C)(C(=O)OC(C)(C)C)N=CC(CCCCCCCCC)(CCCCCCCCC)N1(CCCN(C)C),-0.4843136940988579
C1(C(=O)OCC)N=CC(CCCCCCCC)(CCCCCCCC)N1(CCCN(C)C),-0.3868897638808933
N(CS(=O)(=O)c3ccc(C)cc3)C(=O)C(CCCCCCCC)(CCCCCCCC)NCCCN(C)C,-0.4635747728411745
C1(CC(=O)OCC)N=CC(CCCCCCC)(CCCCCCC)N1(CCCN(C)C),-0.6057957601834746
N(C(C)(C)C)C(=O)C(CCCCCC)(CCCCCC)NCCCN(C)C,-0.3229254960370703
N(CCCCC)C(=O)C(CCCCCC)(CCCCCC)NCCCN(C)C,-0.0525601595758589
C1(C(=O)OC)N=CC(CCCCCC)(CCCCCC)N1(CCCN(C)C),0.1781904865346816
C1(C)(C(=O)OC(C)(C)C)N=CC(CCCCCC)(CCCCCC)N1(CCCN(C)C),-1.2462323111538791
C1(CC(=O)OCC)N=CC(CCCCCC)(CCCCCC)N1(CCCN(C)C),-0.5621926890028432
N(CS(=O)(=O)c3ccc(C)cc3)C(=O)C(CCCCCC)(CCCCCC)NCCCN(C)C,0.2525716046062065
C1(C(=O)OC)N=CC5(CCCCCCCCCCCCCC5)N1(CCCN(C)C),-1.3566977164378016
C1(C(=O)OCC)N=CC5(CCCCCCCCCCCCCC5)N1(CCCN(C)C),0.2133434007465907
N(CS(=O)(=O)c3ccc(C)cc3)C(=O)C5(CCCCCCCCCCCCCC5)NCCCN(C)C,-0.6384328120265071
C1(C(=O)OC)N=CC5(CCCCCCCCCCC5)N1(CCCN(C)C),-1.1126307041676995
C1(C(=O)OC(C)(C)C)N=CC5(CCCCCCCCCCC5)N1(CCCN(C)C),-0.3763420037659682
C1(C(=O)OC(C)(C)C)N=CC(CCCCC)(CCCCC)N1(CCCN(C)C),0.5821204831334023
N(CS(=O)(=O)c3ccc(C)cc3)C(=O)C(CCCCC)(CCCCC)NCCCN(C)C,-0.836072904973928
N(C3CCCCC3)C(=O)C(CCCCC)(CCCCC)NCCCN(C)C,-1.3316450337855428
C1(C(=O)OCC)N=CC(CCCCCCC/C=C\CCCCCCCC)(CCCCCCC/C=C\CCCCCCCC)N1(CCCN3CCCC3),2.054706750930297
N(CC(=O)OCC)C(=O)C(CCCCCCC/C=C\CCCCCCCC)(CCCCCCC/C=C\CCCCCCCC)N(CC)CCCNCC,1.80900851372565
N(CC(=O)OCC)C(=O)C(CCCCCCC/C=C\CCCCCCCC)(CCCCCCC/C=C\CCCCCCCC)N(CC)CCN(C)C,-0.3777695558966656
N(CS(=O)(=O)c3ccc(C)cc3)C(=O)C(CCCCCCC/C=C\CCCCCCCC)(CCCCCCC/C=C\CCCCCCCC)N(CC)CCCNCC,-0.3180904041987076
N(CS(=O)(=O)c3ccc(C)cc3)C(=O)C(CCCCCCC/C=C\CCCCCCCC)(CCCCCCC/C=C\CCCCCCCC)N(C)CCCN(C)C,-0.4886263028246966
N(CS(=O)(=O)c3ccc(C)cc3)C(=O)C(CCCCCCC/C=C\CCCCCCCC)(CCCCCCC/C=C\CCCCCCCC)N(CC)CCO,-0.7374204597401948
C1(C(=O)OCC)N=CC(CCCCCCC/C=C\CCCCCCCC)(CCCCCCC/C=C\CCCCCCCC)N1(CCCN3CCCC3),1.5763489263273476
N(CC(=O)OCC)C(=O)C(CCCCCCC/C=C\CCCCCCCC)(CCCCCCC/C=C\CCCCCCCC)N(CC)CCCNCC,1.418449803334299
N(CC(=O)OCC)C(=O)C(CCCCCCC/C=C\CCCCCCCC)(CCCCCCC/C=C\CCCCCCCC)N(CC)CCN(C)C,-0.6660632553833523
 N(CCC(=O)OCCCCCCCC/C=C\CC(CCCCCC)OC(OCCCCCCCC/C=C\C/C=C\CCCCC)=O)(CCC(=O)OCCCCCCCC/C=C\CC(CCCCCC)OC(OCCCCCCCC/C=C\C/C=C\CCCCC)=O)CCO,2.306718502013856
 N(CCC(=O)OCCCCCCCC/C=C\CC(CCCCCC)OC(OCC#CCCCCC)=O)(CCC(=O)OCCCCCCCC/C=C\CC(CCCCCC)OC(OCC#CCCCCC)=O)CCN(C)CCN(CCC(=O)OCCCCCCCC/C=C\CC(CCCCCC)OC(OCC#CCCCCC)=O)(CCC(=O)OCCCCCCCC/C=C\CC(CCCCCC)OC(OCC#CCCCCC)=O),2.2271804932534507
 N(CCC(=O)OCCCCCCCC/C=C\CC(CCCCCC)OC(OCC#CCCCC)=O)(CCC(=O)OCCCCCCCC/C=C\CC(CCCCCC)OC(OCC#CCCCC)=O)CCN(C)CCN(CCC(=O)OCCCCCCCC/C=C\CC(CCCCCC)OC(OCC#CCCCC)=O)(CCC(=O)OCCCCCCCC/C=C\CC(CCCCCC)OC(OCC#CCCCC)=O),1.920741817424495
 N(CCC(=O)OCCCCCCCC/C=C\CC(CCCCCC)OC(OCCCCCCCC/C=C\CCCCCCCC)=O)(CCC(=O)OCCCCCCCC/C=C\CC(CCCCCC)OC(OCCCCCCCC/C=C\CCCCCCCC)=O)CCCN1CCCCC1,1.809339901792693
 N(CCC(=O)OCCCCCCCC/C=C\CC(CCCCCC)OC(OCC#CCCC)=O)(CCC(=O)OCCCCCCCC/C=C\CC(CCCCCC)OC(OCC#CCCC)=O)CCN(C)CCN(CCC(=O)OCCCCCCCC/C=C\CC(CCCCCC)OC(OCC#CCCC)=O)(CCC(=O)OCCCCCCCC/C=C\CC(CCCCCC)OC(OCC#CCCC)=O),1.7890310422967766
 N(CCC(=O)OCCCCCCCC/C=C\CC(CCCCCC)OC(OCCCCCCCC/C=C\C/C=C\CCCCC)=O)(CCC(=O)OCCCCCCCC/C=C\CC(CCCCCC)OC(OCCCCCCCC/C=C\C/C=C\CCCCC)=O)CCCN1CCCCC1,1.7586692020514143
 CC1=NCCN(CCC(=O)OCCCCCCCC/C=C\CC(CCCCCC)OC(OCC#CCCCCCC)=O)1,1.6664222156727346
 N(CCC(=O)OCCCCCCCC/C=C\CC(CCCCCC)OC(OCC#CCC)=O)(CCC(=O)OCCCCCCCC/C=C\CC(CCCCCC)OC(OCC#CCC)=O)CCN(CCC(=O)OCCCCCCCC/C=C\CC(CCCCCC)OC(OCC#CCC)=O)CCN(CC1)CCN1CCN(CCC(=O)OCCCCCCCC/C=C\CC(CCCCCC)OC(OCC#CCC)=O)(CCC(=O)OCCCCCCCC/C=C\CC(CCCCCC)OC(OCC#CCC)=O),1.6582628993718185
 CN(C)CCN1CCN(CCC(=O)OCCCCCCCC/C=C\CC(CCCCCC)OC(OCCCCCCCC/C=C\C/C=C\CCCCC)=O)CC1,1.6228292217514937
 C1(N2CCN(CCC(=O)OCCCCCCCC/C=C\CC(CCCCCC)OC(OCCC#CCCCCCC)=O)CC2)=CN=CC=C1,1.5351707029725137
 CCN1CCN(C2CCN(CCC(=O)OCCCCCCCC/C=C\CC(CCCCCC)OC(OCCCCCCCCCCCCCCCCCC)=O)CC2)CC1,1.5101646372973352
 N(CCC(=O)OCCCCCCCC/C=C\CC(CCCCCC)OC(OCC#CCC)=O)(CCC(=O)OCCCCCCCC/C=C\CC(CCCCCC)OC(OCC#CCC)=O)CCN(C)CCN(CCC(=O)OCCCCCCCC/C=C\CC(CCCCCC)OC(OCC#CCC)=O)(CCC(=O)OCCCCCCCC/C=C\CC(CCCCCC)OC(OCC#CCC)=O),1.4295970129990765
 N(CCC(=O)OCCCCCCCC/C=C\CC(CCCCCC)OC(OCC#CCCCC)=O)(CCC(=O)OCCCCCCCC/C=C\CC(CCCCCC)OC(OCC#CCCCC)=O)CCCN(CCC(=O)OCCCCCCCC/C=C\CC(CCCCCC)OC(OCC#CCCCC)=O)CCCN(CCC(=O)OCCCCCCCC/C=C\CC(CCCCCC)OC(OCC#CCCCC)=O)(CCC(=O)OCCCCCCCC/C=C\CC(CCCCCC)OC(OCC#CCCCC)=O),1.342181879876892
 C1(N2CCN(CCC(=O)OCCCCCCCC/C=C\CC(CCCCCC)OC(OCCCCCCCC/C=C\C/C=C\CCCCC)=O)CC2)=CC=NC=C1,1.3025459392958552
 N(CCC(=O)OCCCCCCCC/C=C\CC(CCCCCC)OC(OCC#CCC)=O)(CCC(=O)OCCCCCCCC/C=C\CC(CCCCCC)OC(OCC#CCC)=O)CCC1N(C(C)C)CCCC1,1.2875168524600755
 CN(CCC(=O)OCCCCCCCC/C=C\CC(CCCCCC)OC(OCCCCCCCC/C=C\CCCCCCCC)=O)CCCCCCN(CCC(=O)OCCCCCCCC/C=C\CC(CCCCCC)OC(OCCCCCCCC/C=C\CCCCCCCC)=O)C,1.2764779628604348
 C1(N2CCN(CCC(=O)OCCCCCCCC/C=C\CC(CCCCCC)OC(OCC#CCCC)=O)CC2)=NC=CC=C1,1.197462499741275
 N(CCC(=O)OCCCCCCCC/C=C\CC(CCCCCC)OC(OCC#CCCCCC)=O)(CCC(=O)OCCCCCCCC/C=C\CC(CCCCCC)OC(OCC#CCCCCC)=O)CCN(CCC(=O)OCCCCCCCC/C=C\CC(CCCCCC)OC(OCC#CCCCCC)=O)CCN(CC1)CCN1CCN(CCC(=O)OCCCCCCCC/C=C\CC(CCCCCC)OC(OCC#CCCCCC)=O)(CCC(=O)OCCCCCCCC/C=C\CC(CCCCCC)OC(OCC#CCCCCC)=O),1.1786445851414455
 C1N(CCC(=O)OCCCCCCCC/C=C\CC(CCCCCC)OC(OCC#CCCCCC)=O)CCN(CCC(=O)OCCCCCCCC/C=C\CC(CCCCCC)OC(OCC#CCCCCC)=O)CCN(CCC(=O)OCCCCCCCC/C=C\CC(CCCCCC)OC(OCC#CCCCCC)=O)C1,1.14303247847067
 CN(CCC(=O)OCCCCCCCC/C=C\CC(CCCCCC)OC(OCCCCCCCCCCCCCCCCCC)=O)CCCCCCN(CCC(=O)OCCCCCCCC/C=C\CC(CCCCCC)OC(OCCCCCCCCCCCCCCCCCC)=O)C,1.1190028698862675
 N(CCC(=O)OCCCCCCCC/C=C\CC(CCCCCC)OC(OCC#CCCCCC)=O)(CCC(=O)OCCCCCCCC/C=C\CC(CCCCCC)OC(OCC#CCCCCC)=O)CCN(C)C,1.1077207155429971
 N(CCC(=O)OCCCCCCCC/C=C\CC(CCCCCC)OC(OCCCCCCCCCCCCCCCCCC)=O)(CCC(=O)OCCCCCCCC/C=C\CC(CCCCCC)OC(OCCCCCCCCCCCCCCCCCC)=O)CCN(C)CCN(CCC(=O)OCCCCCCCC/C=C\CC(CCCCCC)OC(OCCCCCCCCCCCCCCCCCC)=O)(CCC(=O)OCCCCCCCC/C=C\CC(CCCCCC)OC(OCCCCCCCCCCCCCCCCCC)=O),1.107132105685172
 CN(CCC(=O)OCCCCCCCC/C=C\CC(CCCCCC)OC(OCC#CCCCCC)=O)CCCCCCN(CCC(=O)OCCCCCCCC/C=C\CC(CCCCCC)OC(OCC#CCCCCC)=O)C,1.0617726000576857
 N(CCC(=O)OCCCCCCCC/C=C\CC(CCCCCC)OC(OCC#CCCCC)=O)(CCC(=O)OCCCCCCCC/C=C\CC(CCCCCC)OC(OCC#CCCCC)=O)CCN(C)C,1.013640278332069
 C1(N2CCN(CCC(=O)OCCCCCCCC/C=C\CC(CCCCCC)OC(OCCC#CCCCC)=O)CC2)=CC=NC=C1,1.008840187595614
 CN(CC1)CCN1CCCN(CCC(=O)OCCCCCCCC/C=C\CC(CCCCCC)OC(OCCC#CCCCC)=O)(CCC(=O)OCCCCCCCC/C=C\CC(CCCCCC)OC(OCCC#CCCCC)=O),0.9944211350619552
 N(CCC(=O)OCCCCCCCC/C=C\CC(CCCCCC)OC(OCC#CCCCCCC)=O)(CCC(=O)OCCCCCCCC/C=C\CC(CCCCCC)OC(OCC#CCCCCCC)=O)CCCN(C)C,0.9882369718397236
 N(CCC(=O)OCCCCCCCC/C=C\CC(CCCCCC)OC(OCC#CCCCCC)=O)(CCC(=O)OCCCCCCCC/C=C\CC(CCCCCC)OC(OCC#CCCCCC)=O)CCC1=CN(CCC(=O)OCCCCCCCC/C=C\CC(CCCCCC)OC(OCC#CCCCCC)=O)C=N1,0.9511224734461924
 CN(CCC(=O)OCCCCCCCC/C=C\CC(CCCCCC)OC(OCC#CCCCC)=O)CCCN1C=CN=C1,0.9312794433315488
 CN(CCC(=O)OCCCCCCCC/C=C\CC(CCCCCC)OC(OCC#CCCCC)=O)CCCN(CCC(=O)OCCCCCCCC/C=C\CC(CCCCCC)OC(OCC#CCCCC)=O)C,0.8996245611045148
 N(CCC(=O)OCCCCCCCC/C=C\CC(CCCCCC)OC(OCC#CCC)=O)(CCC(=O)OCCCCCCCC/C=C\CC(CCCCCC)OC(OCC#CCC)=O)CCN1CCCCCC1,0.8644862560991778
 N(CCC(=O)OCCCCCCCC/C=C\CC(CCCCCC)OC(OCC#CCCCCCC)=O)(CCC(=O)OCCCCCCCC/C=C\CC(CCCCCC)OC(OCC#CCCCCCC)=O)CCCN(CCC(=O)OCCCCCCCC/C=C\CC(CCCCCC)OC(OCC#CCCCCCC)=O)CCCN(CCC(=O)OCCCCCCCC/C=C\CC(CCCCCC)OC(OCC#CCCCCCC)=O)(CCC(=O)OCCCCCCCC/C=C\CC(CCCCCC)OC(OCC#CCCCCCC)=O),0.8337224788148844
 C1(N2CCN(CCC(=O)OCCCCCCCC/C=C\CC(CCCCCC)OC(OCC#CCCCCC)=O)CC2)=CN=CC=C1,0.8017801928349572
 CN(CCC(=O)OCCCCCCCC/C=C\CC(CCCCCC)OC(OCCC#CCCCC)=O)CCCCCCN(CCC(=O)OCCCCCCCC/C=C\CC(CCCCCC)OC(OCCC#CCCCC)=O)C,0.7984787010261736
 CN(CCCN(CCC(=O)OCCCCCCCC/C=C\CC(CCCCCC)OC(OCCCCCCCC/C=C\CCCCCCCC)=O)C)CCCN(CCC(=O)OCCCCCCCC/C=C\CC(CCCCCC)OC(OCCCCCCCC/C=C\CCCCCCCC)=O)C,0.7572451381967715
 N(CCC(=O)OCCCCCCCC/C=C\CC(CCCCCC)OC(OCC#CCCC)=O)(CCC(=O)OCCCCCCCC/C=C\CC(CCCCCC)OC(OCC#CCCC)=O)CCCN(CCC(=O)OCCCCCCCC/C=C\CC(CCCCCC)OC(OCC#CCCC)=O)CCCN(C)C,0.7518286332776211
 CN(CCC(=O)OCCCCCCCC/C=C\CC(CCCCCC)OC(OCC#CCCCCCC)=O)CCCN1C=CN=C1,0.7507989789562987
 N(CCC(=O)OCCCCCCCC/C=C\CC(CCCCCC)OC(OCC#CCCCCCC)=O)(CCC(=O)OCCCCCCCC/C=C\CC(CCCCCC)OC(OCC#CCCCCCC)=O)CCCN1C=NC=C1,0.742705462231824
 N1(CCN2CCCC2)CCN(CCC(=O)OCCCCCCCC/C=C\CC(CCCCCC)OC(OCCCCCCCC/C=C\C/C=C\CCCCC)=O)CC1,0.7354598502289029
 CN(CCC(=O)OCCCCCCCC/C=C\CC(CCCCCC)OC(OCCCCCCCC/C=C\C/C=C\CCCCC)=O)CCCCCCN(CCC(=O)OCCCCCCCC/C=C\CC(CCCCCC)OC(OCCCCCCCC/C=C\C/C=C\CCCCC)=O)C,0.7281827700040253
 N(CCC(=O)OCCCCCCCC/C=C\CC(CCCCCC)OC(OCC#CCCCCC)=O)(CCC(=O)OCCCCCCCC/C=C\CC(CCCCCC)OC(OCC#CCCCCC)=O)CCN1CCOCC1,0.71399778140643
 N(CCC(=O)OCCCCCCCC/C=C\CC(CCCCCC)OC(OCCCCCCCCCCCCCCCCCC)=O)(CCC(=O)OCCCCCCCC/C=C\CC(CCCCCC)OC(OCCCCCCCCCCCCCCCCCC)=O)CCCN1CCCCCC1,0.6970656604923984
 CN(CCC(=O)OCCCCCCCC/C=C\CC(CCCCCC)OC(OCCCCCCCC/C=C\C/C=C\CCCCC)=O)CCN(C)C,0.6722946899372719
 N(CCC(=O)OCCCCCCCC/C=C\CC(CCCCCC)OC(OCCC#CCCCC)=O)(CCC(=O)OCCCCCCCC/C=C\CC(CCCCCC)OC(OCCC#CCCCC)=O)CCN1CCCCCC1,0.6605041310897987
 N(CCC(=O)OCCCCCCCC/C=C\CC(CCCCCC)OC(OCC#CCCCCC)=O)(CCC(=O)OCCCCCCCC/C=C\CC(CCCCCC)OC(OCC#CCCCCC)=O)CCN(CC)CC,0.6441917494705428
 N(CCC(=O)OCCCCCCCC/C=C\CC(CCCCCC)OC(OCC#CCCCCC)=O)(CCC(=O)OCCCCCCCC/C=C\CC(CCCCCC)OC(OCC#CCCCCC)=O)CCCN(C)C,0.6357796083010039
 N(CCC(=O)OCCCCCCCC/C=C\CC(CCCCCC)OC(OCC#CCC)=O)(CCC(=O)OCCCCCCCC/C=C\CC(CCCCCC)OC(OCC#CCC)=O)CCN(CC)CC,0.6191696821925229
 C1N(CCC(=O)OCCCCCCCC/C=C\CC(CCCCCC)OC(OCC#CCCCCCC)=O)CCCN(CCC(=O)OCCCCCCCC/C=C\CC(CCCCCC)OC(OCC#CCCCCCC)=O)CCN(CCC(=O)OCCCCCCCC/C=C\CC(CCCCCC)OC(OCC#CCCCCCC)=O)CCCN(CCC(=O)OCCCCCCCC/C=C\CC(CCCCCC)OC(OCC#CCCCCCC)=O)C1,0.6166121280330494
 OC[C@@H]1CCCN(CCC(=O)OCCCCCCCC/C=C\CC(CCCCCC)OC(OCC#CCCC)=O)1,0.5980779726807613
 N(CCC(=O)OCCCCCCCC/C=C\CC(CCCCCC)OC(OCCC#CCCCC)=O)(CCC(=O)OCCCCCCCC/C=C\CC(CCCCCC)OC(OCCC#CCCCC)=O)CCC1N(C)CCCC1,0.5623210086143144
 OCCC1CCN(CCC(=O)OCCCCCCCC/C=C\CC(CCCCCC)OC(OCC#CCCC)=O)CC1,0.5582932621364926
 N(CCC(=O)OCCCCCCCC/C=C\CC(CCCCCC)OC(OCC#CCC)=O)(CCC(=O)OCCCCCCCC/C=C\CC(CCCCCC)OC(OCC#CCC)=O)CCCN(C)CCCN(CCC(=O)OCCCCCCCC/C=C\CC(CCCCCC)OC(OCC#CCC)=O)(CCC(=O)OCCCCCCCC/C=C\CC(CCCCCC)OC(OCC#CCC)=O),0.5185080804871495
 CC1=NCCN(CCC(=O)OCCCCCCCC/C=C\CC(CCCCCC)OC(OCC#CCCCC)=O)1,0.4808725079427968
 CCN1CCN(C2CCN(CCC(=O)OCCCCCCCC/C=C\CC(CCCCCC)OC(OCCC#CCCCCCC)=O)CC2)CC1,0.4732605153567599
 OC[C@@H]1CCCN(CCC(=O)OCCCCCCCC/C=C\CC(CCCCCC)OC(OCC#CCCCC)=O)1,0.4539010911402606
 N(CCC(=O)OCCCCCCCC/C=C\CC(CCCCCC)OC(OCC#CCCC)=O)(CCC(=O)OCCCCCCCC/C=C\CC(CCCCCC)OC(OCC#CCCC)=O)CCN1CCCCC1,0.4191178430859165
 CN(CCC(=O)OCCCCCCCC/C=C\CC(CCCCCC)OC(OCC#CCCC)=O)CCCN1C=CN=C1,0.4006983601838763
 CN(CCC(=O)OCCCCCCCC/C=C\CC(CCCCCC)OC(OCC#CCCC)=O)CCOCCOCCN(CCC(=O)OCCCCCCCC/C=C\CC(CCCCCC)OC(OCC#CCCC)=O)C,0.3770781555967871
 CN(CCC(=O)OCCCCCCCC/C=C\CC(CCCCCC)OC(OCCCCCCCCCCCCCCCCCC)=O)CCN(C)C,0.374246230070538
 CCOC(CN(CCC(=O)OCCCCCCCC/C=C\CC(CCCCCC)OC(OCC#CCC)=O)(CCC(=O)OCCCCCCCC/C=C\CC(CCCCCC)OC(OCC#CCC)=O))OCC,0.3465855534651859
 N(CCC(=O)OCCCCCCCC/C=C\CC(CCCCCC)OC(OCC#CCCC)=O)(CCC(=O)OCCCCCCCC/C=C\CC(CCCCCC)OC(OCC#CCCC)=O)CCCN1CCN(CCCN(CCC(=O)OCCCCCCCC/C=C\CC(CCCCCC)OC(OCC#CCCC)=O)(CCC(=O)OCCCCCCCC/C=C\CC(CCCCCC)OC(OCC#CCCC)=O))CC1,0.3241363130484109
 C1N(CCC(=O)OCCCCCCCC/C=C\CC(CCCCCC)OC(OCCCCCCCC/C=C\C/C=C\CCCCC)=O)CCN(CCC(=O)OCCCCCCCC/C=C\CC(CCCCCC)OC(OCCCCCCCC/C=C\C/C=C\CCCCC)=O)CCN(CCC(=O)OCCCCCCCC/C=C\CC(CCCCCC)OC(OCCCCCCCC/C=C\C/C=C\CCCCC)=O)C1,0.2522348080261571
 OCC1N(CCC(=O)OCCCCCCCC/C=C\CC(CCCCCC)OC(OCCC#CCCCC)=O)CCCC1,0.1940731224020529
 C1(N2CCN(CCC(=O)OCCCCCCCC/C=C\CC(CCCCCC)OC(OCCCCCCCCCCCCCCCCCC)=O)CC2)=CN=CC=C1,0.1690594141021933
 CN(CCC(=O)OCCCCCCCC/C=C\CC(CCCCCC)OC(OCCCCCCCC/C=C\CCCCCCCC)=O)CCN(C)C,0.099558935441783
 CCN(CC)CCN(CCC(=O)OCCCCCCCC/C=C\CC(CCCCCC)OC(OCC#CCCCC)=O)CCN(CC)CC,0.0970433552614785
 N(CCC(=O)OCCCCCCCC/C=C\CC(CCCCCC)OC(OCCC#CCCCCCC)=O)(CCC(=O)OCCCCCCCC/C=C\CC(CCCCCC)OC(OCCC#CCCCCCC)=O)CCC1N(CC(C)C)CCCC1,0.0637045450209948
 N(CCC(=O)OCCCCCCCC/C=C\CC(CCCCCC)OC(OCC#CCC)=O)(CCC(=O)OCCCCCCCC/C=C\CC(CCCCCC)OC(OCC#CCC)=O)CCCN(CC)CC,0.0286977000043294
 N(CCC(=O)OCCCCCCCC/C=C\CC(CCCCCC)OC(OCCCCCCCC/C=C\C/C=C\CCCCC)=O)(CCC(=O)OCCCCCCCC/C=C\CC(CCCCCC)OC(OCCCCCCCC/C=C\C/C=C\CCCCC)=O)CCC1=CC=NC=C1,0.021838532185349
 N(CCC(=O)OCCCCCCCC/C=C\CC(CCCCCC)OC(OCCC#CCCCCCC)=O)(CCC(=O)OCCCCCCCC/C=C\CC(CCCCCC)OC(OCCC#CCCCCCC)=O)CCN1CCOCC1,0.0134216274933216
 N(CCC(=O)OCCCCCCCC/C=C\CC(CCCCCC)OC(OCC#CCCC)=O)(CCC(=O)OCCCCCCCC/C=C\CC(CCCCCC)OC(OCC#CCCC)=O)CCCN(C)CCCN(CCC(=O)OCCCCCCCC/C=C\CC(CCCCCC)OC(OCC#CCCC)=O)(CCC(=O)OCCCCCCCC/C=C\CC(CCCCCC)OC(OCC#CCCC)=O),-0.0106287998288535
 N(CCC(=O)OCCCCCCCC/C=C\CC(CCCCCC)OC(OCC#CCCCCC)=O)(CCC(=O)OCCCCCCCC/C=C\CC(CCCCCC)OC(OCC#CCCCCC)=O)CCCN1CCN(CCCN(CCC(=O)OCCCCCCCC/C=C\CC(CCCCCC)OC(OCC#CCCCCC)=O)(CCC(=O)OCCCCCCCC/C=C\CC(CCCCCC)OC(OCC#CCCCCC)=O))CC1,-0.0224452204056986
 N(CCC(=O)OCCCCCCCC/C=C\CC(CCCCCC)OC(OCC#CCCC)=O)(CCC(=O)OCCCCCCCC/C=C\CC(CCCCCC)OC(OCC#CCCC)=O)CCCN(C)C,-0.0909122473869391
 N(CCC(=O)OCCCCCCCC/C=C\CC(CCCCCC)OC(OCC#CCC)=O)(CCC(=O)OCCCCCCCC/C=C\CC(CCCCCC)OC(OCC#CCC)=O)CCCN(C)C,-0.0958509913047903
 N(CCC(=O)OCCCCCCCC/C=C\CC(CCCCCC)OC(OCC#CCCCCC)=O)(CCC(=O)OCCCCCCCC/C=C\CC(CCCCCC)OC(OCC#CCCCCC)=O)CCCN(CC)CC,-0.1011344769116946
 N(CCC(=O)OCCCCCCCC/C=C\CC(CCCCCC)OC(OCCCCCCCC/C=C\CCCCCCCC)=O)(CCC(=O)OCCCCCCCC/C=C\CC(CCCCCC)OC(OCCCCCCCC/C=C\CCCCCCCC)=O)CC(O)CO,-0.1897618386740235
 N(CCC(=O)OCCCCCCCC/C=C\CC(CCCCCC)OC(OCC#CCCCCCC)=O)(CCC(=O)OCCCCCCCC/C=C\CC(CCCCCC)OC(OCC#CCCCCCC)=O)CCCN1CCN(CCCN(CCC(=O)OCCCCCCCC/C=C\CC(CCCCCC)OC(OCC#CCCCCCC)=O)(CCC(=O)OCCCCCCCC/C=C\CC(CCCCCC)OC(OCC#CCCCCCC)=O))CC1,-0.2090116528236085
 N(CCC(=O)OCCCCCCCC/C=C\CC(CCCCCC)OC(OCC#CCCCCCC)=O)(CCC(=O)OCCCCCCCC/C=C\CC(CCCCCC)OC(OCC#CCCCCCC)=O)CCN1CCCCCC1,-0.2246185175225891
 N(CCC(=O)OCCCCCCCC/C=C\CC(CCCCCC)OC(OCCCCCCCC/C=C\CCCCCCCC)=O)(CCC(=O)OCCCCCCCC/C=C\CC(CCCCCC)OC(OCCCCCCCC/C=C\CCCCCCCC)=O)CCN1CCCCN(C)CC1,-0.2435771066069393
 CN(CCCN(CCC(=O)OCCCCCCCC/C=C\CC(CCCCCC)OC(OCC#CCCCC)=O)C)CCCN(CCC(=O)OCCCCCCCC/C=C\CC(CCCCCC)OC(OCC#CCCCC)=O)C,-0.2795187826457384
 N(CCC(=O)OCCCCCCCC/C=C\CC(CCCCCC)OC(OCCC#CCCCC)=O)(CCC(=O)OCCCCCCCC/C=C\CC(CCCCCC)OC(OCCC#CCCCC)=O)CCCN1CCCC1,-0.2810545646535234
 OC1CCN(CCC(=O)OCCCCCCCC/C=C\CC(CCCCCC)OC(OCC#CCCC)=O)CC1,-0.3444549729176995
 OCCC1CCCCN(CCC(=O)OCCCCCCCC/C=C\CC(CCCCCC)OC(OCC#CCCC)=O)1,-0.3469932984616106
 CN(C)CCCN(CCC(=O)OCCCCCCCC/C=C\CC(CCCCCC)OC(OCCC#CCCCCCC)=O)CCCN(C)C,-0.3536421834548808
 N(CCC(=O)OCCCCCCCC/C=C\CC(CCCCCC)OC(OCC#CCCCCC)=O)(CCC(=O)OCCCCCCCC/C=C\CC(CCCCCC)OC(OCC#CCCCCC)=O)CCCN1CCCCC1,-0.378448612366462
 N(CCC(=O)OCCCCCCCC/C=C\CC(CCCCCC)OC(OCCC#CCCCCCC)=O)(CCC(=O)OCCCCCCCC/C=C\CC(CCCCCC)OC(OCCC#CCCCCCC)=O)CCCN(CCC(=O)OCCCCCCCC/C=C\CC(CCCCCC)OC(OCCC#CCCCCCC)=O)C,-0.3938582254851602
 N(CCC(=O)OCCCCCCCC/C=C\CC(CCCCCC)OC(OCCCCCCCC/C=C\C/C=C\CCCCC)=O)(CCC(=O)OCCCCCCCC/C=C\CC(CCCCCC)OC(OCCCCCCCC/C=C\C/C=C\CCCCC)=O)CCN1CCCCN(C)CC1,-0.4027966206799504
 N(CCC(=O)OCCCCCCCC/C=C\CC(CCCCCC)OC(OCC#CCC)=O)(CCC(=O)OCCCCCCCC/C=C\CC(CCCCCC)OC(OCC#CCC)=O)CCCCCO,-0.4529989552855284
 OC[C@@H]1CCCN(CCC(=O)OCCCCCCCC/C=C\CC(CCCCCC)OC(OCC#CCCCCCC)=O)1,-0.4687053292392499
 OCCC1CCCCN(CCC(=O)OCCCCCCCC/C=C\CC(CCCCCC)OC(OCC#CCC)=O)1,-0.4834873094866348
 N(CCC(=O)OCCCCCCCC/C=C\CC(CCCCCC)OC(OCCCCCCCCCCCCCCCCCC)=O)(CCC(=O)OCCCCCCCC/C=C\CC(CCCCCC)OC(OCCCCCCCCCCCCCCCCCC)=O)CC(O)CO,-0.5092885902599792
 N(CCC(=O)OCCCCCCCC/C=C\CC(CCCCCC)OC(OCC#CCCCCCC)=O)(CCC(=O)OCCCCCCCC/C=C\CC(CCCCCC)OC(OCC#CCCCCCC)=O)CCC1OCCO1,-0.520599286954711
 CN(CCC(=O)OCCCCCCCC/C=C\CC(CCCCCC)OC(OCC#CCC)=O)CCN(C)C,-0.5215464237432734
 OCCN1CCC(CCCC2CCN(CCC(=O)OCCCCCCCC/C=C\CC(CCCCCC)OC(OCC#CCC)=O)CC2)CC1,-0.523792335622708
 N(CCC(=O)OCCCCCCCC/C=C\CC(CCCCCC)OC(OCCC#CCCCCCC)=O)(CCC(=O)OCCCCCCCC/C=C\CC(CCCCCC)OC(OCCC#CCCCCCC)=O)CCCN(CCC(=O)OCCCCCCCC/C=C\CC(CCCCCC)OC(OCCC#CCCCCCC)=O)CCCN(CCC(=O)OCCCCCCCC/C=C\CC(CCCCCC)OC(OCCC#CCCCCCC)=O)(CCC(=O)OCCCCCCCC/C=C\CC(CCCCCC)OC(OCCC#CCCCCCC)=O),-0.5249191220002889
 CN(C)CCN1CCN(CCC(=O)OCCCCCCCC/C=C\CC(CCCCCC)OC(OCC#CCCCC)=O)CC1,-0.5290144030444253
 CCOC(CN(CCC(=O)OCCCCCCCC/C=C\CC(CCCCCC)OC(OCC#CCCC)=O)(CCC(=O)OCCCCCCCC/C=C\CC(CCCCCC)OC(OCC#CCCC)=O))OCC,-0.5991056463265441
 CN(C)CCN1CCN(CCC(=O)OCCCCCCCC/C=C\CC(CCCCCC)OC(OCC#CCCCCC)=O)CC1,-0.6001145994011908
 OCCC1CCCCN(CCC(=O)OCCCCCCCC/C=C\CC(CCCCCC)OC(OCCCCCCCC/C=C\C/C=C\CCCCC)=O)1,-0.6013280611274974
 N1(CCN2CCCC2)CCN(CCC(=O)OCCCCCCCC/C=C\CC(CCCCCC)OC(OCC#CCCCCC)=O)CC1,-0.6133177400058845
 OCCC1CCCCN(CCC(=O)OCCCCCCCC/C=C\CC(CCCCCC)OC(OCCCCCCCC/C=C\CCCCCCCC)=O)1,-0.6262432035234549
 N(CCC(=O)OCCCCCCCC/C=C\CC(CCCCCC)OC(OCC#CCCCC)=O)(CCC(=O)OCCCCCCCC/C=C\CC(CCCCCC)OC(OCC#CCCCC)=O)CCN1CCCCCC1,-0.6713558432481895
 N(CCC(=O)OCCCCCCCC/C=C\CC(CCCCCC)OC(OCC#CCCCC)=O)(CCC(=O)OCCCCCCCC/C=C\CC(CCCCCC)OC(OCC#CCCCC)=O)CCN1CCN(C)CC1,-0.6869937278778572
 COC(CN(CCC(=O)OCCCCCCCC/C=C\CC(CCCCCC)OC(OCCC#CCCCCCC)=O)(CCC(=O)OCCCCCCCC/C=C\CC(CCCCCC)OC(OCCC#CCCCCCC)=O))OC,-0.6941462641190541
 OCC1CCN(CCC(=O)OCCCCCCCC/C=C\CC(CCCCCC)OC(OCC#CCC)=O)CC1,-0.701155823962804
 N(CCC(=O)OCCCCCCCC/C=C\CC(CCCCCC)OC(OCCC#CCCCCCC)=O)(CCC(=O)OCCCCCCCC/C=C\CC(CCCCCC)OC(OCCC#CCCCCCC)=O)CCO,-0.7403134719808852
 C1(C2N(CCC(=O)OCCCCCCCC/C=C\CC(CCCCCC)OC(OCCC#CCCCCCC)=O)CC2)=CC=CC=C1,-0.7622372032431431
 OCCOCCN1CCN(CCC(=O)OCCCCCCCC/C=C\CC(CCCCCC)OC(OCC#CCC)=O)CC1,-0.7707153709864838
 N(CCC(=O)OCCCCCCCC/C=C\CC(CCCCCC)OC(OCCCCCCCC/C=C\C/C=C\CCCCC)=O)(CCC(=O)OCCCCCCCC/C=C\CC(CCCCCC)OC(OCCCCCCCC/C=C\C/C=C\CCCCC)=O)CC(O)CO,-0.7722855641970721
 CN(CCC(=O)OCCCCCCCC/C=C\CC(CCCCCC)OC(OCCC#CCCCCCC)=O)CCN(C)C,-0.8463214033411633
 N(CCC(=O)OCCCCCCCC/C=C\CC(CCCCCC)OC(OCC#CCCCCCC)=O)(CCC(=O)OCCCCCCCC/C=C\CC(CCCCCC)OC(OCC#CCCCCCC)=O)CC(O)CO,-0.8481509667010355
 OC1CCN(CCC(=O)OCCCCCCCC/C=C\CC(CCCCCC)OC(OCCCCCCCC/C=C\CCCCCCCC)=O)CC1,-0.8488179419791081
 CN(CC1)CCN1CCCN(CCC(=O)OCCCCCCCC/C=C\CC(CCCCCC)OC(OCC#CCCCC)=O)(CCC(=O)OCCCCCCCC/C=C\CC(CCCCCC)OC(OCC#CCCCC)=O),-0.8606377538280696
 OC1CCN(CCC(=O)OCCCCCCCC/C=C\CC(CCCCCC)OC(OCCCCCCCCCCCCCCCCCC)=O)CC1,-0.945622093135618
 N(CCC(=O)OCCCCCCCC/C=C\CC(CCCCCC)OC(OCCCCCCCC/C=C\C/C=C\CCCCC)=O)(CCC(=O)OCCCCCCCC/C=C\CC(CCCCCC)OC(OCCCCCCCC/C=C\C/C=C\CCCCC)=O)CCC1N(C)CCCC1,-0.9490828526800148
 N(CCC(=O)OCCCCCCCC/C=C\CC(CCCCCC)OC(OCC#CCCCC)=O)(CCC(=O)OCCCCCCCC/C=C\CC(CCCCCC)OC(OCC#CCCCC)=O)CC1N(C)CCCC1,-0.9529795874604334
 N(CCC(=O)OCCCCCCCC/C=C\CC(CCCCCC)OC(OCC#CCCCCC)=O)(CCC(=O)OCCCCCCCC/C=C\CC(CCCCCC)OC(OCC#CCCCCC)=O)CCN1CCC(C)CC1,-0.9855285347214088
 COC(CN(CCC(=O)OCCCCCCCC/C=C\CC(CCCCCC)OC(OCC#CCCCC)=O)(CCC(=O)OCCCCCCCC/C=C\CC(CCCCCC)OC(OCC#CCCCC)=O))OC,-1.015905384169094
 CCN1CCN(C2CCN(CCC(=O)OCCCCCCCC/C=C\CC(CCCCCC)OC(OCC#CCCCCC)=O)CC2)CC1,-1.0294137757663495
 N(CCC(=O)OCCCCCCCC/C=C\CC(CCCCCC)OC(OCC#CCCC)=O)(CCC(=O)OCCCCCCCC/C=C\CC(CCCCCC)OC(OCC#CCCC)=O)CCCN(CCC(=O)OCCCCCCCC/C=C\CC(CCCCCC)OC(OCC#CCCC)=O)C,-1.067866774929437
 N(CCC(=O)OCCCCCCCC/C=C\CC(CCCCCC)OC(OCC#CCCCC)=O)(CCC(=O)OCCCCCCCC/C=C\CC(CCCCCC)OC(OCC#CCCCC)=O)CCCN1CCCCCC1,-1.0754541799371125
 N(CCC(=O)OCCCCCCCC/C=C\CC(CCCCCC)OC(OCC#CCCCCCC)=O)(CCC(=O)OCCCCCCCC/C=C\CC(CCCCCC)OC(OCC#CCCCCCC)=O)CCN1CCC(C)CC1,-1.10758448589112
 C1(C2N(CCC(=O)OCCCCCCCC/C=C\CC(CCCCCC)OC(OCC#CCCCC)=O)CC2)=CC=CC=C1,-1.118391474303413
 CN(CCC(=O)OCCCCCCCC/C=C\CC(CCCCCC)OC(OCC#CCC)=O)CCN(CCN(CCC(=O)OCCCCCCCC/C=C\CC(CCCCCC)OC(OCC#CCC)=O)C)CCN(CCC(=O)OCCCCCCCC/C=C\CC(CCCCCC)OC(OCC#CCC)=O)C,-1.121564323628444
 N(CCC(=O)OCCCCCCCC/C=C\CC(CCCCCC)OC(OCC#CCCCC)=O)(CCC(=O)OCCCCCCCC/C=C\CC(CCCCCC)OC(OCC#CCCCC)=O)CCCCCO,-1.1359501512771613
 CCOC(CN(CCC(=O)OCCCCCCCC/C=C\CC(CCCCCC)OC(OCCCCCCCC/C=C\CCCCCCCC)=O)(CCC(=O)OCCCCCCCC/C=C\CC(CCCCCC)OC(OCCCCCCCC/C=C\CCCCCCCC)=O))OCC,-1.174982726031285
 N(CCC(=O)OCCCCCCCC/C=C\CC(CCCCCC)OC(OCCCCCCCCCCCCCCCCCC)=O)(CCC(=O)OCCCCCCCC/C=C\CC(CCCCCC)OC(OCCCCCCCCCCCCCCCCCC)=O)CCO,-1.1817979692907683
 CN(CCC(=O)OCCCCCCCC/C=C\CC(CCCCCC)OC(OCCCCCCCCCCCCCCCCCC)=O)CCO,-1.18837702350825
 N(CCC(=O)OCCCCCCCC/C=C\CC(CCCCCC)OC(OCCCCCCCCCCCCCCCCCC)=O)(CCC(=O)OCCCCCCCC/C=C\CC(CCCCCC)OC(OCCCCCCCCCCCCCCCCCC)=O)CCN1CCC(C)CC1,-1.189703385052154
 N(CCC(=O)OCCCCCCCC/C=C\CC(CCCCCC)OC(OCC#CCCCCC)=O)(CCC(=O)OCCCCCCCC/C=C\CC(CCCCCC)OC(OCC#CCCCCC)=O)CCC1OCCO1,-1.197737000709475
 CN(CCC(=O)OCCCCCCCC/C=C\CC(CCCCCC)OC(OCCCCCCCCCCCCCCCCCC)=O)CCO,-1.2142059568946602
 OCCOCCN1CCN(CCC(=O)OCCCCCCCC/C=C\CC(CCCCCC)OC(OCC#CCCCCCC)=O)CC1,-1.2683430489087952
 C1(C2N(CCC(=O)OCCCCCCCC/C=C\CC(CCCCCC)OC(OCCCCCCCC/C=C\C/C=C\CCCCC)=O)CC2)=CC=CC=C1,-1.3375610265030102
 N(CCC(=O)OCCCCCCCC/C=C\CC(CCCCCC)OC(OCC#CCCCCCC)=O)(CCC(=O)OCCCCCCCC/C=C\CC(CCCCCC)OC(OCC#CCCCCCC)=O)CCN1CCCC1,-1.34431959570806
 N(CCC(=O)OCCCCCCCC/C=C\CC(CCCCCC)OC(OCC#CCCC)=O)(CCC(=O)OCCCCCCCC/C=C\CC(CCCCCC)OC(OCC#CCCC)=O)CC1OCCO1,-1.353014982814528
 OCCN1CCC(CCCC2CCN(CCC(=O)OCCCCCCCC/C=C\CC(CCCCCC)OC(OCC#CCCCCCC)=O)CC2)CC1,-1.3613959329498422
 CCN(CC)CCN(CCC(=O)OCCCCCCCC/C=C\CC(CCCCCC)OC(OCCC#CCCCC)=O)CCN(CC)CC,-1.3864358257944156
 N(CCC(=O)OCCCCCCCC/C=C\CC(CCCCCC)OC(OCCCCCCCCCCCCCCCCCC)=O)(CCC(=O)OCCCCCCCC/C=C\CC(CCCCCC)OC(OCCCCCCCCCCCCCCCCCC)=O)CCCN1CCCC1,-1.4244039506117987
 N(CCC(=O)OCCCCCCCC/C=C\CC(CCCCCC)OC(OCCCCCCCC/C=C\C/C=C\CCCCC)=O)(CCC(=O)OCCCCCCCC/C=C\CC(CCCCCC)OC(OCCCCCCCC/C=C\C/C=C\CCCCC)=O)CC1OCCO1,-1.5180424992484425
 N(CCC(=O)OCCCCCCCC/C=C\CC(CCCCCC)OC(OCC#CCCCCCC)=O)(CCC(=O)OCCCCCCCC/C=C\CC(CCCCCC)OC(OCC#CCCCCCC)=O)CCCN(CCC(=O)OCCCCCCCC/C=C\CC(CCCCCC)OC(OCC#CCCCCCC)=O)(CCC(=O)OCCCCCCCC/C=C\CC(CCCCCC)OC(OCC#CCCCCCC)=O),-1.5492850265124818
 CN(CCC(=O)OCCCCCCCC/C=C\CC(CCCCCC)OC(OCCCCCCCC/C=C\CCCCCCCC)=O)CCN(CCC(=O)OCCCCCCCC/C=C\CC(CCCCCC)OC(OCCCCCCCC/C=C\CCCCCCCC)=O)C,-1.799154033613806
 N(CCC(=O)OCCCCCCCC/C=C\CC(CCCCCC)OC(OCC#CCCC)=O)(CCC(=O)OCCCCCCCC/C=C\CC(CCCCCC)OC(OCC#CCCC)=O)CCN1CCCC1,-1.884500962990766
CCCCCCCC/C=C\CCCCCCCC(OCCCCCC(C(CN(C)CC1=CC=CN=C1)CCCCOC(CCCCCCC/C=C\CCCCCCCC)=O)O)=O,-1.3494701832006193
CCCCCCCC/C=C\CCCCCCCC(OCCCCCC(C(CN(C)CC1=CC=CN=C1)CCCCOC(CCCCCCC/C=C\CCCCCCCC)=O)O)=O,-1.226985366542712
CCCCCCCC/C=C\CCCCCCCC(OCCCCCC(C(CN(C)CC1=CC=CN=C1)CCCCOC(CCCCCCC/C=C\CCCCCCCC)=O)O)=O,-1.3494701832006193
CCCCCCCC/C=C\CCCCCCCC(OCCCCCC(C(CN(C)CC1=CC=CN=C1)CCCCOC(CCCCCCC/C=C\CCCCCCCC)=O)O)=O,-1.3576358376444797
CCCCCCCC/C=C\CCCCCCCC(OCCCCCC(C(CN(C)CC1=CC=CN=C1)CCCCOC(CCCCCCC/C=C\CCCCCCCC)=O)O)=O,-1.8149124865006676
CCCCCCCC/C=C\CCCCCCCC(OCCCCCC(C(CN(C)CC1=CC=CN=C1)CCCCOC(CCCCCCC/C=C\CCCCCCCC)=O)O)=O,-2.721300129769183
CCCCCCCC/C=C\CCCCCCCC(OCCCCCC(C(CN(C)CC1=CC=CN=C1)CCCCOC(CCCCCCC/C=C\CCCCCCCC)=O)O)=O,-0.2144442155040101
CCCCCCCC/C=C\CCCCCCCC(OCCCCCC(C(CN(C)CC1=CC=CN=C1)CCCCOC(CCCCCCC/C=C\CCCCCCCC)=O)O)=O,-2.623312276442857
CCCCCCCC/C=C\CCCCCCCC(OCCCCCC(C(CN(C)CC1=CC=CN=C1)CCCCOC(CCCCCCC/C=C\CCCCCCCC)=O)O)=O,-1.2024884032111305
CCCCCCCC/C=C\CCCCCCCC(OCCCCCC(C(CN(C)CC1=CC=CN=C1)CCCCOC(CCCCCCC/C=C\CCCCCCCC)=O)O)=O,-1.226985366542712
CCCCCCCC/C=C\CCCCCCCC(OCCCCCC(C(CN(C)CC1=CC=CN=C1)CCCCOC(CCCCCCC/C=C\CCCCCCCC)=O)O)=O,-0.4104199221566622
CCCCCCCC/C=C\CCCCCCCC(OCCCCCC(C(CN(C)CC1=CC=CN=C1)CCCCOC(CCCCCCC/C=C\CCCCCCCC)=O)O)=O,-1.235151020986572
CCCCCCCC/C=C\CCCCCCCC(OCCCCCC(C(CN(C)CC1=CC=CN=C1)CCCCOC(CCCCCCC/C=C\CCCCCCCC)=O)O)=O,-0.9330218065637336
CCCCCCCC/C=C\CCCCCCCC(OCCCCCC(C(CN(C)CC1=CC=CN=C1)CCCCOC(CCCCCCC/C=C\CCCCCCCC)=O)O)=O,-1.0065126965584783
O=C(OCCCCCC(C(CN(C)CCCN1N=CC=C1)CCCCOC(CCCCCCCCCCCCCCC)=O)O)CCCCCCCCCCCCCCC,-0.6472239010286166
O=C(OCCCCCC(C(CN(C)CCCN1N=CC=C1)CCCCOC(CCCCCCCCCCCCCCC)=O)O)CCCCCCCCCCCCCCC,-0.3940886132689412
O=C(OCCCCCC(C(CN(C)CCCN1N=CC=C1)CCCCOC(CCCCCCCCCCCCCCC)=O)O)CCCCCCCCCCCCCCC,-0.2716037966110334
O=C(OCCCCCC(C(CN(C)CCCN1N=CC=C1)CCCCOC(CCCCCCCCCCCCCCC)=O)O)CCCCCCCCCCCCCCC,-0.5737330110338719
O=C(OCCCCCC(C(CN(C)CCCN1N=CC=C1)CCCCOC(CCCCCCCCCCCCCCC)=O)O)CCCCCCCCCCCCCCC,-0.835033953237408
O=C(OCCCCCC(C(CN(C)CCCN1N=CC=C1)CCCCOC(CCCCCCCCCCCCCCC)=O)O)CCCCCCCCCCCCCCC,-0.0103028544074976
O=C(OCCCCCC(C(CN(C)CCCN1N=CC=C1)CCCCOC(CCCCCCCCCCCCCCC)=O)O)CCCCCCCCCCCCCCC,0.6511151555452026
O=C(OCCCCCC(C(CN(C)CCCN1N=CC=C1)CCCCOC(CCCCCCCCCCCCCCC)=O)O)CCCCCCCCCCCCCCC,-0.6798865188040583
O=C(OCCCCCC(C(CN(C)CCCN1N=CC=C1)CCCCOC(CCCCCCCCCCCCCCC)=O)O)CCCCCCCCCCCCCCC,0.8879191344171571
O=C(OCCCCCC(C(CN(C)CCCN1N=CC=C1)CCCCOC(CCCCCCCCCCCCCCC)=O)O)CCCCCCCCCCCCCCC,-0.5982299743654536
O=C(OCCCCCC(C(CN(C)CCCN1N=CC=C1)CCCCOC(CCCCCCCCCCCCCCC)=O)O)CCCCCCCCCCCCCCC,1.1328887677329718
O=C(OCCCCCC(C(CN(C)CCCN1N=CC=C1)CCCCOC(CCCCCCCCCCCCCCC)=O)O)CCCCCCCCCCCCCCC,-0.2226098699478707
O=C(OCCCCCC(C(CN(C)CCCN1N=CC=C1)CCCCOC(CCCCCCCCCCCCCCC)=O)O)CCCCCCCCCCCCCCC,-0.6227269376970349
O=C(OCCCCCC(C(CN(C)CCCN1N=CC=C1)CCCCOC(CCCCCCCCCCCCCCC)=O)O)CCCCCCCCCCCCCCC,-0.2144442155040101
O=C(OCCCCCC(C(CN(C)CCCN1N=CC=C1)CCCCOC(CCCCCCCCCCCCCCC)=O)O)CCCCCCCCCCCCCCC,0.7654343177592493
O=C(OCCCCCC(C(CN(C)CCCN1N=CC=C1)CCCCOC(CCCCCCCCCCCCCCC)=O)O)CCCCCCCCCCCCCCC,-1.0146783510023387
O=C(OCCCCCC(C(CN(C)CCCN1N=CC=C1)CCCCOC(CCCCCCCCCCCCCCC)=O)O)CCCCCCCCCCCCCCC,0.0305254178118046
O=C(OCCCCCC(C(CN(C)CCCN1N=CC=C1)CCCCOC(CCCCCCCCCCCCCCC)=O)O)CCCCCCCCCCCCCCC,0.0468567266995256
O=C(OCCCCCC(C(CN(C)CCCN1N=CC=C1)CCCCOC(CCCCCCCCCCCCCCC)=O)O)CCCCCCCCCCCCCCC,1.165551385508414
O=C(OCCCCCC(C(CN(C)CCCN1N=CC=C1)CCCCOC(CCCCCCCCCCCCCCC)=O)O)CCCCCCCCCCCCCCC,0.9695756788557616
O=C(OCCCCCC(C(CN(C)CCCN1N=CC=C1)CCCCOC(CCCCCCCCCCCCCCC)=O)O)CCCCCCCCCCCCCCC,1.3860240554926468
O=C(OCCCCCC(C(CN(C)CCCN1N=CC=C1)CCCCOC(CCCCCCCCCCCCCCC)=O)O)CCCCCCCCCCCCCCC,1.0267352599627857
O=C(OCCCCCC(C(CN(C)CCCN1N=CC=C1)CCCCOC(CCCCCCCCCCCCCCC)=O)O)CCCCCCCCCCCCCCC,-0.198112906616289
O=C(OCCCCCC(C(CN(C)CCCN1N=CC=C1)CCCCOC(CCCCCCCCCCCCCCC)=O)O)CCCCCCCCCCCCCCC,1.394189709936508
CCCCCCCC/C=C\CCCCCCCC(OCCCCCC(C(CNCCCN(CCO)CCO)CCCCOC(CCCCCCC/C=C\CCCCCCCC)=O)O)=O,-0.116456362177684
CCCCCCCC/C=C\CCCCCCCC(OCCCCCC(C(CNCCCN(CCO)CCO)CCCCOC(CCCCCCC/C=C\CCCCCCCC)=O)O)=O,-0.5247390843707089
CCCCCCCC/C=C\CCCCCCCC(OCCCCCC(C(CNCCCN(CCO)CCO)CCCCOC(CCCCCCC/C=C\CCCCCCCC)=O)O)=O,-0.5165734299268485
CCCCCCCC/C=C\CCCCCCCC(OCCCCCC(C(CNCCCN(CCO)CCO)CCCCOC(CCCCCCC/C=C\CCCCCCCC)=O)O)=O,0.6184525377697606
CCCCCCCC/C=C\CCCCCCCC(OCCCCCC(C(CNCCCN(CCO)CCO)CCCCOC(CCCCCCC/C=C\CCCCCCCC)=O)O)=O,0.4469737944486902
CCCCCCCC/C=C\CCCCCCCC(OCCCCCC(C(CNCCCN(CCO)CCO)CCCCOC(CCCCCCC/C=C\CCCCCCCC)=O)O)=O,-0.753377408798803
CCCCCCCC/C=C\CCCCCCCC(OCCCCCC(C(CNCCCN(CCO)CCO)CCCCOC(CCCCCCC/C=C\CCCCCCCC)=O)O)=O,1.043066568850506
CCCCCCCC/C=C\CCCCCCCC(OCCCCCC(C(CNCCCN(CCO)CCO)CCCCOC(CCCCCCC/C=C\CCCCCCCC)=O)O)=O,0.9614100244119014
CCCCCCCC/C=C\CCCCCCCC(OCCCCCC(C(CNCCCN(CCO)CCO)CCCCOC(CCCCCCC/C=C\CCCCCCCC)=O)O)=O,0.8797534799732967
CCCCCCCC/C=C\CCCCCCCC(OCCCCCC(C(CNCCCN(CCO)CCO)CCCCOC(CCCCCCC/C=C\CCCCCCCC)=O)O)=O,0.1775071978012937
CCCCCCCC/C=C\CCCCCCCC(OCCCCCC(C(CNCCCN(CCO)CCO)CCCCOC(CCCCCCC/C=C\CCCCCCCC)=O)O)=O,0.4143111766732482
CCCCCCCC/C=C\CCCCCCCC(OCCCCCC(C(CNCCCN(CCO)CCO)CCCCOC(CCCCCCC/C=C\CCCCCCCC)=O)O)=O,1.173717039952274
CCCCCCCC/C=C\CCCCCCCC(OCCCCCC(C(CNCCCN(CCO)CCO)CCCCOC(CCCCCCC/C=C\CCCCCCCC)=O)O)=O,1.018569605518925
CCCCCCCC/C=C\CCCCCCCC(OCCCCCC(C(CNCCCN(CCO)CCO)CCCCOC(CCCCCCC/C=C\CCCCCCCC)=O)O)=O,-0.6145612832531746
CCCCCCCC/C=C\CCCCCCCC(OCCCCCC(C(CNCCCN(CCO)CCO)CCCCOC(CCCCCCC/C=C\CCCCCCCC)=O)O)=O,0.9369130610803196
CN(CC(CCCCOC(CCCCCCC/C=C\CCCCCCCC)=O)C(O)CCCCCOC(CCCCCCC/C=C\CCCCCCCC)=O)CCO,-0.4512481943759645
CN(CC(CCCCOC(CCCCCCC/C=C\CCCCCCCC)=O)C(O)CCCCCOC(CCCCCCC/C=C\CCCCCCCC)=O)CCO,-0.9003591887882917
CN(CC(CCCCOC(CCCCCCC/C=C\CCCCCCCC)=O)C(O)CCCCCOC(CCCCCCC/C=C\CCCCCCCC)=O)CCO,0.3244889777907824
CN(CC(CCCCOC(CCCCCCC/C=C\CCCCCCCC)=O)C(O)CCCCCOC(CCCCCCC/C=C\CCCCCCCC)=O)CCO,-1.561777198740992
CN(CC(CCCCOC(CCCCCCC/C=C\CCCCCCCC)=O)C(O)CCCCCOC(CCCCCCC/C=C\CCCCCCCC)=O)CCO,-0.3042664143864754
CN(CC(CCCCOC(CCCCCCC/C=C\CCCCCCCC)=O)C(O)CCCCCOC(CCCCCCC/C=C\CCCCCCCC)=O)CCO,-0.5002421210391276
CN(CC(CCCCOC(CCCCCCC/C=C\CCCCCCCC)=O)C(O)CCCCCOC(CCCCCCC/C=C\CCCCCCCC)=O)CCO,0.0795193444749677
CN(CC(CCCCOC(CCCCCCC/C=C\CCCCCCCC)=O)C(O)CCCCCOC(CCCCCCC/C=C\CCCCCCCC)=O)CCO,0.3326546322346435
CN(CC(CCCCOC(CCCCCCC/C=C\CCCCCCCC)=O)C(O)CCCCCOC(CCCCCCC/C=C\CCCCCCCC)=O)CCO,0.0386910722556653
CN(CC(CCCCOC(CCCCCCC/C=C\CCCCCCCC)=O)C(O)CCCCCOC(CCCCCCC/C=C\CCCCCCCC)=O)CCO,-0.0021371999636373
CN(CC(CCCCOC(CCCCCCC/C=C\CCCCCCCC)=O)C(O)CCCCCOC(CCCCCCC/C=C\CCCCCCCC)=O)CCO,-0.7615430632426633
CN(CC(CCCCOC(CCCCCCC/C=C\CCCCCCCC)=O)C(O)CCCCCOC(CCCCCCC/C=C\CCCCCCCC)=O)CCO,0.0468567266995256
CN(CC(CCCCOC(CCCCCCC/C=C\CCCCCCCC)=O)C(O)CCCCCOC(CCCCCCC/C=C\CCCCCCCC)=O)CCO,0.5531273022188765
CN(CC(CCCCOC(CCCCCCC/C=C\CCCCCCCC)=O)C(O)CCCCCOC(CCCCCCC/C=C\CCCCCCCC)=O)CCO,-1.4066297643076426
CN(CC(CCCCOC(CCCCCCC/C=C\CCCCCCCC)=O)C(O)CCCCCOC(CCCCCCC/C=C\CCCCCCCC)=O)CCO,0.4633051033364108
CN(CC(CCCCOC(CCCCCCC/C=C\CCCCCCCC)=O)C(O)CCCCCOC(CCCCCCC/C=C\CCCCCCCC)=O)CCO,1.4513492910435308
CN(CC(CCCCOC(CCCCCCC/C=C\CCCCCCCC)=O)C(O)CCCCCOC(CCCCCCC/C=C\CCCCCCCC)=O)CCO,0.8797534799732967
CN(CC(CCCCOC(CCCCCCC/C=C\CCCCCCCC)=O)C(O)CCCCCOC(CCCCCCC/C=C\CCCCCCCC)=O)CCO,1.2145453121715766
CN(CC(CCCCOC(CCCCCCC/C=C\CCCCCCCC)=O)C(O)CCCCCOC(CCCCCCC/C=C\CCCCCCCC)=O)CCO,1.043066568850506
CN(CC(CCCCOC(CCCCCCC/C=C\CCCCCCCC)=O)C(O)CCCCCOC(CCCCCCC/C=C\CCCCCCCC)=O)CCO,1.6391593432523226
CN(CC(CCCCOC(CCCCCCC/C=C\CCCCCCCC)=O)C(O)CCCCCOC(CCCCCCC/C=C\CCCCCCCC)=O)CCO,0.9369130610803196
CN(CC(CCCCOC(CCCCCCC/C=C\CCCCCCCC)=O)C(O)CCCCCOC(CCCCCCC/C=C\CCCCCCCC)=O)CCO,0.757268663315389
CN(CC(CCCCOC(CCCCCCC/C=C\CCCCCCCC)=O)C(O)CCCCCOC(CCCCCCC/C=C\CCCCCCCC)=O)CCO,1.8269693954611137
CCCCCCCCCCCCCCCC(OCCCCCC(C(CN(CCCN(C)CC(CCCCOC(CCCCCCCCCCCCCCC)=O)C(O)CCCCCOC(CCCCCCCCCCCCCCC)=O)C)CCCCOC(CCCCCCCCCCCCCCC)=O)O)=O,0.185672852245154
CCCCCCCCCCCCCCCC(OCCCCCC(C(CN(CCCN(C)CC(CCCCOC(CCCCCCCCCCCCCCC)=O)C(O)CCCCCOC(CCCCCCCCCCCCCCC)=O)C)CCCCOC(CCCCCCCCCCCCCCC)=O)O)=O,-0.9820157332268968
CCCCCCCCCCCCCCCC(OCCCCCC(C(CN(CCCN(C)CC(CCCCOC(CCCCCCCCCCCCCCC)=O)C(O)CCCCCOC(CCCCCCCCCCCCCCC)=O)C)CCCCOC(CCCCCCCCCCCCCCC)=O)O)=O,0.1203476166942704
CCCCCCCCCCCCCCCC(OCCCCCC(C(CN(CCCN(C)CC(CCCCOC(CCCCCCCCCCCCCCC)=O)C(O)CCCCCOC(CCCCCCCCCCCCCCC)=O)C)CCCCOC(CCCCCCCCCCCCCCC)=O)O)=O,0.2754950511276198
CCCCCCCCCCCCCCCC(OCCCCCC(C(CN(CCCN(C)CC(CCCCOC(CCCCCCCCCCCCCCC)=O)C(O)CCCCCOC(CCCCCCCCCCCCCCC)=O)C)CCCCOC(CCCCCCCCCCCCCCC)=O)O)=O,0.0386910722556653
CCCCCCCCCCCCCCCC(OCCCCCC(C(CN(CCCN(C)CC(CCCCOC(CCCCCCCCCCCCCCC)=O)C(O)CCCCCOC(CCCCCCCCCCCCCCC)=O)C)CCCCOC(CCCCCCCCCCCCCCC)=O)O)=O,-1.1861570943234092
CCCCCCCCCCCCCCCC(OCCCCCC(C(CN(CCCN(C)CC(CCCCOC(CCCCCCCCCCCCCCC)=O)C(O)CCCCCOC(CCCCCCCCCCCCCCC)=O)C)CCCCOC(CCCCCCCCCCCCCCC)=O)O)=O,-0.9003591887882917
CCCCCCCCCCCCCCCC(OCCCCCC(C(CN(CCCN(C)CC(CCCCOC(CCCCCCCCCCCCCCC)=O)C(O)CCCCCOC(CCCCCCCCCCCCCCC)=O)C)CCCCOC(CCCCCCCCCCCCCCC)=O)O)=O,0.3081576689030618
CCCCCCCCCCCCCCCC(OCCCCCC(C(CN(CCCN(C)CC(CCCCOC(CCCCCCCCCCCCCCC)=O)C(O)CCCCCOC(CCCCCCCCCCCCCCC)=O)C)CCCCOC(CCCCCCCCCCCCCCC)=O)O)=O,-0.7615430632426633
CN1CCN(CC(CCCCOC(CCCCCCC/C=C\CCCCCCCC)=O)C(O)CCCCCOC(CCCCCCC/C=C\CCCCCCCC)=O)CCC1,-0.4512481943759645
CN1CCN(CC(CCCCOC(CCCCCCC/C=C\CCCCCCCC)=O)C(O)CCCCCOC(CCCCCCC/C=C\CCCCCCCC)=O)CCC1,1.8188037410172533
CN1CCN(CC(CCCCOC(CCCCCCC/C=C\CCCCCCCC)=O)C(O)CCCCCOC(CCCCCCC/C=C\CCCCCCCC)=O)CCC1,1.1492200766206933
CN1CCN(CC(CCCCOC(CCCCCCC/C=C\CCCCCCCC)=O)C(O)CCCCCOC(CCCCCCC/C=C\CCCCCCCC)=O)CCC1,0.1938385066890144
CN1CCN(CC(CCCCOC(CCCCCCC/C=C\CCCCCCCC)=O)C(O)CCCCCOC(CCCCCCC/C=C\CCCCCCCC)=O)CCC1,1.941288557675161
CN1CCN(CC(CCCCOC(CCCCCCC/C=C\CCCCCCCC)=O)C(O)CCCCCOC(CCCCCCC/C=C\CCCCCCCC)=O)CCC1,1.1818826943961345
CN1CCN(CC(CCCCOC(CCCCCCC/C=C\CCCCCCCC)=O)C(O)CCCCCOC(CCCCCCC/C=C\CCCCCCCC)=O)CCC1,-0.0919593988461027
CN1CCN(CC(CCCCOC(CCCCCCC/C=C\CCCCCCCC)=O)C(O)CCCCCOC(CCCCCCC/C=C\CCCCCCCC)=O)CCC1,0.5694586111065972
CN1CCN(CC(CCCCOC(CCCCCCC/C=C\CCCCCCCC)=O)C(O)CCCCCOC(CCCCCCC/C=C\CCCCCCCC)=O)CCC1,1.1492200766206933
CCCCCCCC/C=C\CCCCCCCC(OCCCCCC(C(CNCCCN1C=NC=C1)CCCCOC(CCCCCCC/C=C\CCCCCCCC)=O)O)=O,-0.606395628809314
CCCCCCCC/C=C\CCCCCCCC(OCCCCCC(C(CNCCCN1C=NC=C1)CCCCOC(CCCCCCC/C=C\CCCCCCCC)=O)O)=O,0.4224768311171085
CCCCCCCC/C=C\CCCCCCCC(OCCCCCC(C(CNCCCN1C=NC=C1)CCCCOC(CCCCCCC/C=C\CCCCCCCC)=O)O)=O,0.0386910722556653
CCCCCCCC/C=C\CCCCCCCC(OCCCCCC(C(CNCCCN1C=NC=C1)CCCCOC(CCCCCCC/C=C\CCCCCCCC)=O)O)=O,-0.0429654721829396
CCCCCCCC/C=C\CCCCCCCC(OCCCCCC(C(CNCCCN1C=NC=C1)CCCCOC(CCCCCCC/C=C\CCCCCCCC)=O)O)=O,0.1040163078065493
CCCCCCCC/C=C\CCCCCCCC(OCCCCCC(C(CNCCCN1C=NC=C1)CCCCOC(CCCCCCC/C=C\CCCCCCCC)=O)O)=O,0.1203476166942704
CCCCCCCC/C=C\CCCCCCCC(OCCCCCC(C(CNCCCN1C=NC=C1)CCCCOC(CCCCCCC/C=C\CCCCCCCC)=O)O)=O,0.2836607055714801
CCCCCCCC/C=C\CCCCCCCC(OCCCCCC(C(CNCCCN1C=NC=C1)CCCCOC(CCCCCCC/C=C\CCCCCCCC)=O)O)=O,0.4551394488925505
CCCCCCCC/C=C\CCCCCCCC(OCCCCCC(C(CNCCCN1C=NC=C1)CCCCOC(CCCCCCC/C=C\CCCCCCCC)=O)O)=O,0.8307595533101333
OC(C(CNCCN1CCCC1)CCCCOC(CCCCCCC/C=C\C/C=C\CCCCC)=O)CCCCCOC(CCCCCCC/C=C\C/C=C\CCCCC)=O,0.6837777733206446
OC(C(CNCCN1CCCC1)CCCCOC(CCCCCCC/C=C\C/C=C\CCCCC)=O)CCCCCOC(CCCCCCC/C=C\C/C=C\CCCCC)=O,0.8389252077539937
OC(C(CN(CCN(C)C)C)CCCCOC(CCCCCCC/C=C\C/C=C\CCCCC)=O)CCCCCOC(CCCCCCC/C=C\C/C=C\CCCCC)=O,-0.1736159432847077
OC(C(CN(CCN(C)C)C)CCCCOC(CCCCCCC/C=C\C/C=C\CCCCC)=O)CCCCCOC(CCCCCCC/C=C\C/C=C\CCCCC)=O,0.8634221710855754
OC(C(CNCCCN1CCCCC1CC)CCCCOC(CCCCCCC/C=C\C/C=C\CCCCC)=O)CCCCCOC(CCCCCCC/C=C\C/C=C\CCCCC)=O,-0.3859229588250805
OC(C(CNCCCN1CCCCC1CC)CCCCOC(CCCCCCC/C=C\C/C=C\CCCCC)=O)CCCCCOC(CCCCCCC/C=C\C/C=C\CCCCC)=O,0.0468567266995256
CCCCCCCC/C=C\CCCCCCCC(OCCCCCC(C(CNCCCN(CCO)CCO)CCCCOC(CCCCCCC/C=C\CCCCCCCC)=O)O)=O,-0.0429654721829396
CCCCCCCC/C=C\CCCCCCCC(OCCCCCC(C(CNCCCN(CCO)CCO)CCCCOC(CCCCCCC/C=C\CCCCCCCC)=O)O)=O,0.5122990299995742
n1cccn1CCCN(CC(C(O)CCCCCOC(=O)CCCCCCCCC)CCCCOC(=O)CCCCCCCCC)C,-0.2001496070115093
n1cccn1CCCN(CC(C(O)CCCCCOC(=O)CCCCCCCCCCCCC)CCCCOC(=O)CCCCCCCCCCCCC)C,-0.521079973774436
CCCCN(CCCC)CCCN(CC(C(O)CCCCCOC(=O)CCCCCCCCCCC)CCCCOC(=O)CCCCCCCCCCC),0.8299339737998069
CCCCN(CCCC)CCCN(CC(C(O)CCCCCOC(=O)CCCCCCCCCCCCCCCC)CCCCOC(=O)CCCCCCCCCCCCCCCC),1.5925502686438135
O=C(CCN(CCC(OCCCCCCCC/C=C\CC(CCCCCC)OC(CCCC1CCCCC1)=O)=O)CCN2CCCC2)OCCCCCCCC/C=C\CC(CCCCCC)OC(CCCC3CCCCC3)=O,0.171426779304564
O=C(CCN(CCC(OCCCCCCCC/C=C\CC(CCCCCC)OC(CCCC1CCCCC1)=O)=O)CCN2CCCC2)OCCCCCCCC/C=C\CC(CCCCCC)OC(CCCC3CCCCC3)=O,0.8910167368325427
O=C(CCN(CCC(OCCCCCCCC/C=C\CC(CCCCCC)OC(CCCC1CCCCC1)=O)=O)CCN2CCCC2)OCCCCCCCC/C=C\CC(CCCCCC)OC(CCCC3CCCCC3)=O,0.7830782432033458
O=C(CCN(CCC(OCCCCCCCC/C=C\CC(CCCCCC)OC(CCCC1CCCCC1)=O)=O)CCN2CCCC2)OCCCCCCCC/C=C\CC(CCCCCC)OC(CCCC3CCCCC3)=O,0.8550372389561437
O=C(CCN(CCC(OCCCCCCCC/C=C\CC(CCCCCC)OC(CCCC1CCCCC1)=O)=O)CCN2CCCC2)OCCCCCCCC/C=C\CC(CCCCCC)OC(CCCC3CCCCC3)=O,0.4682576367848556
O=C(CCN(CCC(OCCCCCCCC/C=C\CC(CCCCCC)OC(CCCC1CCCCC1)=O)=O)CCN2CCCC2)OCCCCCCCC/C=C\CC(CCCCCC)OC(CCCC3CCCCC3)=O,-0.1973630739285246
O=C(CCN(CCC(OCCCCCCCC/C=C\CC(CCCCCC)OC(CCCC1CCCCC1)=O)=O)CCN2CCCC2)OCCCCCCCC/C=C\CC(CCCCCC)OC(CCCC3CCCCC3)=O,1.7275400624588173
O=C(CCN(CCC(OCCCCCCCC/C=C\CC(CCCCCC)OC(CCCC1CCCCC1)=O)=O)CCN2CCCC2)OCCCCCCCC/C=C\CC(CCCCCC)OC(CCCC3CCCCC3)=O,-0.0534450824229291
O=C(CCN(CCC(OCCCCCCCC/C=C\CC(CCCCCC)OC(CCCC1CCCCC1)=O)=O)CCN2CCCC2)OCCCCCCCC/C=C\CC(CCCCCC)OC(CCCC3CCCCC3)=O,1.5386476986077229
O=C(CCN(CCC(OCCCCCCCC/C=C\CC(CCCCCC)OC(CCCC1CCCCC1)=O)=O)CCN2CCCC2)OCCCCCCCC/C=C\CC(CCCCCC)OC(CCCC3CCCCC3)=O,0.5042371346612545
O=C(CCN(CCC(OCCCCCCCC/C=C\CC(CCCCCC)OC(CCCC1CCCCC1)=O)=O)CCN2CCCC2)OCCCCCCCC/C=C\CC(CCCCCC)OC(CCCC3CCCCC3)=O,1.96140679865541
O=C(CCN(CCC(OCCCCCCCC/C=C\CC(CCCCCC)OC(CCCC1CCCCC1)=O)=O)CCN2CCCC2)OCCCCCCCC/C=C\CC(CCCCCC)OC(CCCC3CCCCC3)=O,0.1804216537736639
O=C(CCN(CCC(OCCCCCCCC/C=C\CC(CCCCCC)OC(CCCC1CCCCC1)=O)=O)CCN2CCCC2)OCCCCCCCC/C=C\CC(CCCCCC)OC(CCCC3CCCCC3)=O,-0.1343989526448266
O=C(CCN(CCC(OCCCCCCCC/C=C\CC(CCCCCC)OC(CCCC1CCCCC1)=O)=O)CCN2CCCC2)OCCCCCCCC/C=C\CC(CCCCCC)OC(CCCC3CCCCC3)=O,0.0994677835517661
O=C(CCN(CCC(OCCCCCCCC/C=C\CC(CCCCCC)OC(CCCC1CCCCC1)=O)=O)CCN2CCCC2)OCCCCCCCC/C=C\CC(CCCCCC)OC(CCCC3CCCCC3)=O,0.4502678878466557
O=C(CCN(CCC(OCCCCCCCC/C=C\CC(CCCCCC)OC(CCCC1CCCCC1)=O)=O)CCN2CCCC2)OCCCCCCCC/C=C\CC(CCCCCC)OC(CCCC3CCCCC3)=O,-0.3502759399032203
O=C(CCN(CCC(OCCCCCCCC/C=C\CC(CCCCCC)OC(CCCC1CCCCC1)=O)=O)CCN2CCCC2)OCCCCCCCC/C=C\CC(CCCCCC)OC(CCCC3CCCCC3)=O,0.0365036622680681
O=C(CCN(CCC(OCCCCCCCC/C=C\CC(CCCCCC)OC(CCCC1CCCCC1)=O)=O)CCN2CCCC2)OCCCCCCCC/C=C\CC(CCCCCC)OC(CCCC3CCCCC3)=O,0.7560936197960464
O=C(CCN(CCC(OCCCCCCCC/C=C\CC(CCCCCC)OC(CCCC1CCCCC1)=O)=O)CCN2CCCC2)OCCCCCCCC/C=C\CC(CCCCCC)OC(CCCC3CCCCC3)=O,1.0709142262145377
O=C(CCN(CCC(OCCCCCCCC/C=C\CC(CCCCCC)OC(CCCC1CCCCC1)=O)=O)CCN2CCCC2)OCCCCCCCC/C=C\CC(CCCCCC)OC(CCCC3CCCCC3)=O,1.799499058211615
O=C(CCN(CCC(OCCCCCCCC/C=C\CC(CCCCCC)OC(CCCC1CCCCC1)=O)=O)CCN2CCCC2)OCCCCCCCC/C=C\CC(CCCCCC)OC(CCCC3CCCCC3)=O,0.63916025169775
O=C(CCN(CCC(OCCCCCCCC/C=C\CC(CCCCCC)OC(CCCC1CCCCC1)=O)=O)CCN2CCCC2)OCCCCCCCC/C=C\CC(CCCCCC)OC(CCCC3CCCCC3)=O,0.918001360239842
O=C(CCN(CCC(OCCCCCCCC/C=C\CC(CCCCCC)OC(CCCC1CCCCC1)=O)=O)CCN2CCCC2)OCCCCCCCC/C=C\CC(CCCCCC)OC(CCCC3CCCCC3)=O,0.513232009130354
O=C(CCN(CCC(OCCCCCCCC/C=C\CC(CCCCCC)OC(CCCC1CCCCC1)=O)=O)CCN2CCCC2)OCCCCCCCC/C=C\CC(CCCCCC)OC(CCCC3CCCCC3)=O,1.2508117155965313
O=C(CCN(CCC(OCCCCCCCC/C=C\CC(CCCCCC)OC(C(CCCCCCCC)CCCCCC)=O)=O)CCN1CCOCC1)OCCCCCCCC/C=C\CC(CCCCCC)OC(C(CCCCCCCC)CCCCCC)=O,-1.0608710229620986
O=C(CCN(CCC(OCCCCCCCC/C=C\CC(CCCCCC)OC(C(CCCCCCCC)CCCCCC)=O)=O)CCN1CCOCC1)OCCCCCCCC/C=C\CC(CCCCCC)OC(C(CCCCCCCC)CCCCCC)=O,-1.555589118762584
O=C(CCN(CCC(OCCCCCCCC/C=C\CC(CCCCCC)OC(C(CCCCCCCC)CCCCCC)=O)=O)CCN1CCOCC1)OCCCCCCCC/C=C\CC(CCCCCC)OC(C(CCCCCCCC)CCCCCC)=O,-1.123835144245797
O=C(CCN(CCC(OCCCCCCCC/C=C\CC(CCCCCC)OC(C(CCCCCCCC)CCCCCC)=O)=O)CCN1CCOCC1)OCCCCCCCC/C=C\CC(CCCCCC)OC(C(CCCCCCCC)CCCCCC)=O,-0.0264604590156297
O=C(CCN(CCC(OCCCCCCCC/C=C\CC(CCCCCC)OC(C(CCCCCCCC)CCCCCC)=O)=O)CCN1CCOCC1)OCCCCCCCC/C=C\CC(CCCCCC)OC(C(CCCCCCCC)CCCCCC)=O,-0.7190657931363089
O=C(CCN(CCC(OCCCCCCCC/C=C\CC(CCCCCC)OC(C(CCCCCCCC)CCCCCC)=O)=O)CCN1CCOCC1)OCCCCCCCC/C=C\CC(CCCCCC)OC(C(CCCCCCCC)CCCCCC)=O,-1.3577018804423897
O=C(CCN(CCC(OCCCCCCCC/C=C\CC(CCCCCC)OC(C(CCCCCCCC)CCCCCC)=O)=O)CCN1CCOCC1)OCCCCCCCC/C=C\CC(CCCCCC)OC(C(CCCCCCCC)CCCCCC)=O,-0.0624399568920287
O=C(CCN(CCC(OCCCCCCCC/C=C\CC(CCCCCC)OC(C(CCCCCCCC)CCCCCC)=O)=O)CCN1CCOCC1)OCCCCCCCC/C=C\CC(CCCCCC)OC(C(CCCCCCCC)CCCCCC)=O,-2.778892046560147
O=C(CCN(CCC(OCCCCCCCC/C=C\CC(CCCCCC)OC(C(CCCCCCCC)CCCCCC)=O)=O)CCN1CCOCC1)OCCCCCCCC/C=C\CC(CCCCCC)OC(C(CCCCCCCC)CCCCCC)=O,-1.1688095165912955
O=C(CCN(CCC(OCCCCCCCC/C=C\CC(CCCCCC)OC(C(CCCCCCCC)CCCCCC)=O)=O)CCN1CCOCC1)OCCCCCCCC/C=C\CC(CCCCCC)OC(C(CCCCCCCC)CCCCCC)=O,-0.4582144335324168
O=C(CCN(CCC(OCCCCCCCC/C=C\CC(CCCCCC)OC(C(CCCCCCCC)CCCCCC)=O)=O)CCN1CCOCC1)OCCCCCCCC/C=C\CC(CCCCCC)OC(C(CCCCCCCC)CCCCCC)=O,-0.8539889101728049
O=C(CCN(CCC(OCCCCCCCC/C=C\CC(CCCCCC)OC(C(CCCCCCCC)CCCCCC)=O)=O)CCN1CCOCC1)OCCCCCCCC/C=C\CC(CCCCCC)OC(C(CCCCCCCC)CCCCCC)=O,-1.9963379677484705
O=C(CCN(CCC(OCCCCCCCC/C=C\CC(CCCCCC)OC(C(CCCCCCCC)CCCCCC)=O)=O)CCN1CCOCC1)OCCCCCCCC/C=C\CC(CCCCCC)OC(C(CCCCCCCC)CCCCCC)=O,-1.2767480102204922
O=C(CCN(CCC(OCCCCCCCC/C=C\CC(CCCCCC)OC(C(CCCCCCCC)CCCCCC)=O)=O)CCN1CCOCC1)OCCCCCCCC/C=C\CC(CCCCCC)OC(C(CCCCCCCC)CCCCCC)=O,-0.1973630739285246
O=C(CCN(CCC(OCCCCCCCC/C=C\CC(CCCCCC)OC(CC/C=C\CCCCCC)=O)=O)CCN1CCOCC1)OCCCCCCCC/C=C\CC(CCCCCC)OC(CC/C=C\CCCCCC)=O,-0.9529325293329022
O=C(CCN(CCC(OCCCCCCCC/C=C\CC(CCCCCC)OC(CC/C=C\CCCCCC)=O)=O)CCN1CCOCC1)OCCCCCCCC/C=C\CC(CCCCCC)OC(CC/C=C\CCCCCC)=O,-0.9259479059256028
O=C(CCN(CCC(OCCCCCCCC/C=C\CC(CCCCCC)OC(CC/C=C\CCCCCC)=O)=O)CCN1CCOCC1)OCCCCCCCC/C=C\CC(CCCCCC)OC(CC/C=C\CCCCCC)=O,-0.4132400611869183
O=C(CCN(CCC(OCCCCCCCC/C=C\CC(CCCCCC)OC(CC/C=C\CCCCCC)=O)=O)CCN1CCOCC1)OCCCCCCCC/C=C\CC(CCCCCC)OC(CC/C=C\CCCCCC)=O,-0.9529325293329022
O=C(CCN(CCC(OCCCCCCCC/C=C\CC(CCCCCC)OC(CC/C=C\CCCCCC)=O)=O)CCN1CCOCC1)OCCCCCCCC/C=C\CC(CCCCCC)OC(CC/C=C\CCCCCC)=O,-1.4026762527878889
O=C(CCN(CCC(OCCCCCCCC/C=C\CC(CCCCCC)OC(CC/C=C\CCCCCC)=O)=O)CCN1CCOCC1)OCCCCCCCC/C=C\CC(CCCCCC)OC(CC/C=C\CCCCCC)=O,-0.8899684080492037
O=C(CCN(CCC(OCCCCCCCC/C=C\CC(CCCCCC)OC(CC/C=C\CCCCCC)=O)=O)CCN1CCOCC1)OCCCCCCCC/C=C\CC(CCCCCC)OC(CC/C=C\CCCCCC)=O,0.2793652729337609
O=C(CCN(CCC(OCCCCCCCC/C=C\CC(CCCCCC)OC(CC/C=C\CCCCCC)=O)=O)CCN1CCOCC1)OCCCCCCCC/C=C\CC(CCCCCC)OC(CC/C=C\CCCCCC)=O,-2.284173950759662
O=C(CCN(CCC(OCCCCCCCC/C=C\CC(CCCCCC)OC(CC/C=C\CCCCCC)=O)=O)CCN1CCOCC1)OCCCCCCCC/C=C\CC(CCCCCC)OC(CC/C=C\CCCCCC)=O,-0.5661529271616136
O=C(CCN(CCC(OCCCCCCCC/C=C\CC(CCCCCC)OC(CC/C=C\CCCCCC)=O)=O)CCN1CCOCC1)OCCCCCCCC/C=C\CC(CCCCCC)OC(CC/C=C\CCCCCC)=O,-0.9979069016784008
O=C(CCN(CCC(OCCCCCCCC/C=C\CC(CCCCCC)OC(CC/C=C\CCCCCC)=O)=O)CCN1CCOCC1)OCCCCCCCC/C=C\CC(CCCCCC)OC(CC/C=C\CCCCCC)=O,0.0185139133298687
O=C(CCN(CCC(OCCCCCCCC/C=C\CC(CCCCCC)OC(CC/C=C\CCCCCC)=O)=O)CCN1CCOCC1)OCCCCCCCC/C=C\CC(CCCCCC)OC(CC/C=C\CCCCCC)=O,-1.4476506251333872
O=C(CCN(CCC(OCCCCCCCC/C=C\CC(CCCCCC)OC(CC/C=C\CCCCCC)=O)=O)CCN1CCOCC1)OCCCCCCCC/C=C\CC(CCCCCC)OC(CC/C=C\CCCCCC)=O,-1.420666001726088
O=C(CCN(CCC(OCCCCCCCC/C=C\CC(CCCCCC)OC(CC/C=C\CCCCCC)=O)=O)CCN1CCOCC1)OCCCCCCCC/C=C\CC(CCCCCC)OC(CC/C=C\CCCCCC)=O,-0.5391683037543146
O=C(CCN(CCC(OCCCCCCCC/C=C\CC(CCCCCC)OC(CC/C=C\CCCCCC)=O)=O)CCCN(CC)CC)OCCCCCCCC/C=C\CC(CCCCCC)OC(CC/C=C\CCCCCC)=O,-0.0354553334847297
O=C(CCN(CCC(OCCCCCCCC/C=C\CC(CCCCCC)OC(CC/C=C\CCCCCC)=O)=O)CCCN(CC)CC)OCCCCCCCC/C=C\CC(CCCCCC)OC(CC/C=C\CCCCCC)=O,0.0365036622680681
O=C(CCN(CCC(OCCCCCCCC/C=C\CC(CCCCCC)OC(CC/C=C\CCCCCC)=O)=O)CCCN(CC)CC)OCCCCCCCC/C=C\CC(CCCCCC)OC(CC/C=C\CCCCCC)=O,0.0724831601444671
O=C(CCN(CCC(OCCCCCCCC/C=C\CC(CCCCCC)OC(CC/C=C\CCCCCC)=O)=O)CCCN(CC)CC)OCCCCCCCC/C=C\CC(CCCCCC)OC(CC/C=C\CCCCCC)=O,0.8100628666106452
O=C(CCN(CCC(OCCCCCCCC/C=C\CC(CCCCCC)OC(CC/C=C\CCCCCC)=O)=O)CCCN(CC)CC)OCCCCCCCC/C=C\CC(CCCCCC)OC(CC/C=C\CCCCCC)=O,0.0904729090826666
O=C(CCN(CCC(OCCCCCCCC/C=C\CC(CCCCCC)OC(CC/C=C\CCCCCC)=O)=O)CCCN(CC)CC)OCCCCCCCC/C=C\CC(CCCCCC)OC(CC/C=C\CCCCCC)=O,0.0275087877989686
O=C(CCN(CCC(OCCCCCCCC/C=C\CC(CCCCCC)OC(CC/C=C\CCCCCC)=O)=O)CCCN(CC)CC)OCCCCCCCC/C=C\CC(CCCCCC)OC(CC/C=C\CCCCCC)=O,0.5672012559449521
O=C(CCN(CCC(OCCCCCCCC/C=C\CC(CCCCCC)OC(CC/C=C\CCCCCC)=O)=O)CCCN(CC)CC)OCCCCCCCC/C=C\CC(CCCCCC)OC(CC/C=C\CCCCCC)=O,-0.3502759399032203
O=C(CCN(CCC(OCCCCCCCC/C=C\CC(CCCCCC)OC(CC/C=C\CCCCCC)=O)=O)CCCN(CC)CC)OCCCCCCCC/C=C\CC(CCCCCC)OC(CC/C=C\CCCCCC)=O,1.1608629709055345
O=C(CCN(CCC(OCCCCCCCC/C=C\CC(CCCCCC)OC(CC/C=C\CCCCCC)=O)=O)CCCN(CC)CC)OCCCCCCCC/C=C\CC(CCCCCC)OC(CC/C=C\CCCCCC)=O,0.0544934112062676
O=C(CCN(CCC(OCCCCCCCC/C=C\CC(CCCCCC)OC(CC/C=C\CCCCCC)=O)=O)CCCN(CC)CC)OCCCCCCCC/C=C\CC(CCCCCC)OC(CC/C=C\CCCCCC)=O,1.2598065900656317
O=C(CCN(CCC(OCCCCCCCC/C=C\CC(CCCCCC)OC(CC/C=C\CCCCCC)=O)=O)CCCN(CC)CC)OCCCCCCCC/C=C\CC(CCCCCC)OC(CC/C=C\CCCCCC)=O,0.3693140176247583
O=C(CCN(CCC(OCCCCCCCC/C=C\CC(CCCCCC)OC(CC/C=C\CCCCCC)=O)=O)CCCN(CC)CC)OCCCCCCCC/C=C\CC(CCCCCC)OC(CC/C=C\CCCCCC)=O,-0.3592708143723199
O=C(CCN(CCC(OCCCCCCCC/C=C\CC(CCCCCC)OC(CC/C=C\CCCCCC)=O)=O)CCCN(CC)CC)OCCCCCCCC/C=C\CC(CCCCCC)OC(CC/C=C\CCCCCC)=O,0.8460423644870442
O=C(CCN(CCC(OCCCCCCCC/C=C\CC(CCCCCC)OC(CC/C=C\CCCCCC)=O)=O)CCCN(CC)CC)OCCCCCCCC/C=C\CC(CCCCCC)OC(CC/C=C\CCCCCC)=O,0.6481551261668496
O=C(CCN(CCC(OCCCCCCCC/C=C\CC(CCCCCC)OC(CC/C=C\CCCCCC)=O)=O)CCCN(CC)CC)OCCCCCCCC/C=C\CC(CCCCCC)OC(CC/C=C\CCCCCC)=O,-1.2767480102204922
O=C(CCN(CCC(OCCCCCCCC/C=C\CC(CCCCCC)OC(CC/C=C\CCCCCC)=O)=O)CCCN(CC)CC)OCCCCCCCC/C=C\CC(CCCCCC)OC(CC/C=C\CCCCCC)=O,-0.1613835760521256
O=C(CCN(CCC(OCCCCCCCC/C=C\CC(CCCCCC)OC(CC/C=C\CCCCCC)=O)=O)CCCN(CC)CC)OCCCCCCCC/C=C\CC(CCCCCC)OC(CC/C=C\CCCCCC)=O,0.9000116113016422
O=C(CCN(CCC(OCCCCCCCC/C=C\CC(CCCCCC)OC(CC/C=C\CCCCCC)=O)=O)CCCN(CC)CC)OCCCCCCCC/C=C\CC(CCCCCC)OC(CC/C=C\CCCCCC)=O,0.549211507006753
O=C(CCN(CCC(OCCCCCCCC/C=C\CC(CCCCCC)OC(CC/C=C\CCCCCC)=O)=O)CCCN(CC)CC)OCCCCCCCC/C=C\CC(CCCCCC)OC(CC/C=C\CCCCCC)=O,1.889447802902612
O=C(CCN(CCC(OCCCCCCCC/C=C\CC(CCCCCC)OC(CC/C=C\CCCCCC)=O)=O)CCCN(CC)CC)OCCCCCCCC/C=C\CC(CCCCCC)OC(CC/C=C\CCCCCC)=O,0.97197060705444
O=C(CCN(CCC(OCCCCCCCC/C=C\CC(CCCCCC)OC(CC/C=C\CCCCCC)=O)=O)CCCN(CC)CC)OCCCCCCCC/C=C\CC(CCCCCC)OC(CC/C=C\CCCCCC)=O,0.5941858793522515
O=C(CCN(CCC(OCCCCCCCC/C=C\CC(CCCCCC)OC(CC/C=C\CCCCCC)=O)=O)CCCN(CC)CC)OCCCCCCCC/C=C\CC(CCCCCC)OC(CC/C=C\CCCCCC)=O,0.5941858793522515
O=C(CCN(CCC(OCCCCCCCC/C=C\CC(CCCCCC)OC(CC/C=C\CCCCCC)=O)=O)CCCN(CC)CC)OCCCCCCCC/C=C\CC(CCCCCC)OC(CC/C=C\CCCCCC)=O,0.9989552304617396
O=C(CCN(CCC(OCCCCCCCC/C=C\CC(CCCCCC)OC(CCCCCCC/C=C\CCCCCCCC)=O)=O)CCC1=CC=NC=C1)OCCCCCCCC/C=C\CC(CCCCCC)OC(CCCCCCC/C=C\CCCCCCCC)=O,-1.7264917336754788
O=C(CCN(CCC(OCCCCCCCC/C=C\CC(CCCCCC)OC(CCCCCCC/C=C\CCCCCCCC)=O)=O)CCC1=CC=NC=C1)OCCCCCCCC/C=C\CC(CCCCCC)OC(CCCCCCC/C=C\CCCCCCCC)=O,-0.4762041824706162
O=C(CCN(CCC(OCCCCCCCC/C=C\CC(CCCCCC)OC(CCCCCCC/C=C\CCCCCCCC)=O)=O)CCC1=CC=NC=C1)OCCCCCCCC/C=C\CC(CCCCCC)OC(CCCCCCC/C=C\CCCCCCCC)=O,0.1624319048354645
O=C(CCN(CCC(OCCCCCCCC/C=C\CC(CCCCCC)OC(CCCCCCC/C=C\CCCCCCCC)=O)=O)CCC1=CC=NC=C1)OCCCCCCCC/C=C\CC(CCCCCC)OC(CCCCCCC/C=C\CCCCCCCC)=O,-0.4672093080015167
O=C(CCN(CCC(OCCCCCCCC/C=C\CC(CCCCCC)OC(CCCCCCC/C=C\CCCCCCCC)=O)=O)CCC1=CC=NC=C1)OCCCCCCCC/C=C\CC(CCCCCC)OC(CCCCCCC/C=C\CCCCCCCC)=O,-1.3217223825659907
O=C(CCN(CCC(OCCCCCCCC/C=C\CC(CCCCCC)OC(CCCCCCC/C=C\CCCCCCCC)=O)=O)CCC1=CC=NC=C1)OCCCCCCCC/C=C\CC(CCCCCC)OC(CCCCCCC/C=C\CCCCCCCC)=O,-1.5196096208861851
O=C(CCN(CCC(OCCCCCCCC/C=C\CC(CCCCCC)OC(CCCCCCC/C=C\CCCCCCCC)=O)=O)CCC1=CC=NC=C1)OCCCCCCCC/C=C\CC(CCCCCC)OC(CCCCCCC/C=C\CCCCCCCC)=O,0.1174575324899656
O=C(CCN(CCC(OCCCCCCCC/C=C\CC(CCCCCC)OC(CCCCCCC/C=C\CCCCCCCC)=O)=O)CCC1=CC=NC=C1)OCCCCCCCC/C=C\CC(CCCCCC)OC(CCCCCCC/C=C\CCCCCCCC)=O,-0.4312298101251178
O=C(CCN(CCC(OCCCCCCCC/C=C\CC(CCCCCC)OC(CCCCCCC/C=C\CCCCCCCC)=O)=O)CCC1=CC=NC=C1)OCCCCCCCC/C=C\CC(CCCCCC)OC(CCCCCCC/C=C\CCCCCCCC)=O,0.5941858793522515
O=C(CCN(CCC(OCCCCCCCC/C=C\CC(CCCCCC)OC(CCCCCCC/C=C\CCCCCCCC)=O)=O)CCC1=CC=NC=C1)OCCCCCCCC/C=C\CC(CCCCCC)OC(CCCCCCC/C=C\CCCCCCCC)=O,-1.2587582612822927
O=C(CCN(CCC(OCCCCCCCC/C=C\CC(CCCCCC)OC(CCCCCCC/C=C\CCCCCCCC)=O)=O)CCC1=CC=NC=C1)OCCCCCCCC/C=C\CC(CCCCCC)OC(CCCCCCC/C=C\CCCCCCCC)=O,0.8010679921415449
O=C(CCN(CCC(OCCCCCCCC/C=C\CC(CCCCCC)OC(CCCCCCC/C=C\CCCCCCCC)=O)=O)CCC1=CC=NC=C1)OCCCCCCCC/C=C\CC(CCCCCC)OC(CCCCCCC/C=C\CCCCCCCC)=O,-1.0158966506166
O=C(CCN(CCC(OCCCCCCCC/C=C\CC(CCCCCC)OC(CCCCCCC/C=C\CCCCCCCC)=O)=O)CCC1=CC=NC=C1)OCCCCCCCC/C=C\CC(CCCCCC)OC(CCCCCCC/C=C\CCCCCCCC)=O,-1.4386557506642876
O=C(CCN(CCC(OCCCCCCCC/C=C\CC(CCCCCC)OC(CCCCCCC/C=C\CCCCCCCC)=O)=O)CCC1=CC=NC=C1)OCCCCCCCC/C=C\CC(CCCCCC)OC(CCCCCCC/C=C\CCCCCCCC)=O,-1.0338863995547996
O=C(CCN(CCC(OCCCCCCCC/C=C\CC(CCCCCC)OC(CCCCCCC/C=C\CCCCCCCC)=O)=O)CCN1CCOCC1)OCCCCCCCC/C=C\CC(CCCCCC)OC(CCCCCCC/C=C\CCCCCCCC)=O,-1.087855646369398
O=C(CCN(CCC(OCCCCCCCC/C=C\CC(CCCCCC)OC(CCCCCCC/C=C\CCCCCCCC)=O)=O)CCN1CCOCC1)OCCCCCCCC/C=C\CC(CCCCCC)OC(CCCCCCC/C=C\CCCCCCCC)=O,-1.2947377591586915
O=C(CCN(CCC(OCCCCCCCC/C=C\CC(CCCCCC)OC(CCCCCCC/C=C\CCCCCCCC)=O)=O)CCN1CCOCC1)OCCCCCCCC/C=C\CC(CCCCCC)OC(CCCCCCC/C=C\CCCCCCCC)=O,-0.4492195590633172
O=C(CCN(CCC(OCCCCCCCC/C=C\CC(CCCCCC)OC(CCCCCCC/C=C\CCCCCCCC)=O)=O)CCN1CCOCC1)OCCCCCCCC/C=C\CC(CCCCCC)OC(CCCCCCC/C=C\CCCCCCCC)=O,-0.3592708143723199
O=C(CCN(CCC(OCCCCCCCC/C=C\CC(CCCCCC)OC(CCCCCCC/C=C\CCCCCCCC)=O)=O)CCN1CCOCC1)OCCCCCCCC/C=C\CC(CCCCCC)OC(CCCCCCC/C=C\CCCCCCCC)=O,-1.0248915250857
O=C(CCN(CCC(OCCCCCCCC/C=C\CC(CCCCCC)OC(CCCCCCC/C=C\CCCCCCCC)=O)=O)CCN1CCOCC1)OCCCCCCCC/C=C\CC(CCCCCC)OC(CCCCCCC/C=C\CCCCCCCC)=O,-0.5301734292852147
O=C(CCN(CCC(OCCCCCCCC/C=C\CC(CCCCCC)OC(CCCCCCC/C=C\CCCCCCCC)=O)=O)CCN1CCOCC1)OCCCCCCCC/C=C\CC(CCCCCC)OC(CCCCCCC/C=C\CCCCCCCC)=O,-0.0174655845465302
O=C(CCN(CCC(OCCCCCCCC/C=C\CC(CCCCCC)OC(CCCCCCC/C=C\CCCCCCCC)=O)=O)CCN1CCOCC1)OCCCCCCCC/C=C\CC(CCCCCC)OC(CCCCCCC/C=C\CCCCCCCC)=O,-2.01432771668667
O=C(CCN(CCC(OCCCCCCCC/C=C\CC(CCCCCC)OC(CCCCCCC/C=C\CCCCCCCC)=O)=O)CCN1CCOCC1)OCCCCCCCC/C=C\CC(CCCCCC)OC(CCCCCCC/C=C\CCCCCCCC)=O,-0.5571580526925141
O=C(CCN(CCC(OCCCCCCCC/C=C\CC(CCCCCC)OC(CCCCCCC/C=C\CCCCCCCC)=O)=O)CCN1CCOCC1)OCCCCCCCC/C=C\CC(CCCCCC)OC(CCCCCCC/C=C\CCCCCCCC)=O,-0.4851990569397162
O=C(CCN(CCC(OCCCCCCCC/C=C\CC(CCCCCC)OC(CCCCCCC/C=C\CCCCCCCC)=O)=O)CCN1CCOCC1)OCCCCCCCC/C=C\CC(CCCCCC)OC(CCCCCCC/C=C\CCCCCCCC)=O,0.2613755239955614
O=C(CCN(CCC(OCCCCCCCC/C=C\CC(CCCCCC)OC(CCCCCCC/C=C\CCCCCCCC)=O)=O)CCN1CCOCC1)OCCCCCCCC/C=C\CC(CCCCCC)OC(CCCCCCC/C=C\CCCCCCCC)=O,-1.555589118762584
O=C(CCN(CCC(OCCCCCCCC/C=C\CC(CCCCCC)OC(CCCCCCC/C=C\CCCCCCCC)=O)=O)CCN1CCOCC1)OCCCCCCCC/C=C\CC(CCCCCC)OC(CCCCCCC/C=C\CCCCCCCC)=O,-1.2317736378749935
O=C(CCN(CCC(OCCCCCCCC/C=C\CC(CCCCCC)OC(CCCCCCC/C=C\CCCCCCCC)=O)=O)CCN1CCOCC1)OCCCCCCCC/C=C\CC(CCCCCC)OC(CCCCCCC/C=C\CCCCCCCC)=O,-0.1433938271139265
O=C(CCN(CCC(OCCCCCCCC/C=C\CC(CCCCCC)OC(CCCCCCC/C=C\C/C=C\CCCCC)=O)=O)CCN1CCOCC1)OCCCCCCCC/C=C\CC(CCCCCC)OC(CCCCCCC/C=C\C/C=C\CCCCC)=O,-1.2317736378749935
O=C(CCN(CCC(OCCCCCCCC/C=C\CC(CCCCCC)OC(CCCCCCC/C=C\C/C=C\CCCCC)=O)=O)CCN1CCOCC1)OCCCCCCCC/C=C\CC(CCCCCC)OC(CCCCCCC/C=C\C/C=C\CCCCC)=O,-1.6275481145153816
O=C(CCN(CCC(OCCCCCCCC/C=C\CC(CCCCCC)OC(CCCCCCC/C=C\C/C=C\CCCCC)=O)=O)CCN1CCOCC1)OCCCCCCCC/C=C\CC(CCCCCC)OC(CCCCCCC/C=C\C/C=C\CCCCC)=O,-0.8719786591110044
O=C(CCN(CCC(OCCCCCCCC/C=C\CC(CCCCCC)OC(CCCCCCC/C=C\C/C=C\CCCCC)=O)=O)CCN1CCOCC1)OCCCCCCCC/C=C\CC(CCCCCC)OC(CCCCCCC/C=C\C/C=C\CCCCC)=O,-1.6005634911080826
O=C(CCN(CCC(OCCCCCCCC/C=C\CC(CCCCCC)OC(CCCCCCC/C=C\C/C=C\CCCCC)=O)=O)CCN1CCOCC1)OCCCCCCCC/C=C\CC(CCCCCC)OC(CCCCCCC/C=C\C/C=C\CCCCC)=O,-1.4116711272569882
O=C(CCN(CCC(OCCCCCCCC/C=C\CC(CCCCCC)OC(CCCCCCC/C=C\C/C=C\CCCCC)=O)=O)CCN1CCOCC1)OCCCCCCCC/C=C\CC(CCCCCC)OC(CCCCCCC/C=C\C/C=C\CCCCC)=O,-1.3037326336277912
O=C(CCN(CCC(OCCCCCCCC/C=C\CC(CCCCCC)OC(CCCCCCC/C=C\C/C=C\CCCCC)=O)=O)CCN1CCOCC1)OCCCCCCCC/C=C\CC(CCCCCC)OC(CCCCCCC/C=C\C/C=C\CCCCC)=O,-0.3592708143723199
O=C(CCN(CCC(OCCCCCCCC/C=C\CC(CCCCCC)OC(CCCCCCC/C=C\C/C=C\CCCCC)=O)=O)CCN1CCOCC1)OCCCCCCCC/C=C\CC(CCCCCC)OC(CCCCCCC/C=C\C/C=C\CCCCC)=O,-1.9693533443411717
O=C(CCN(CCC(OCCCCCCCC/C=C\CC(CCCCCC)OC(CCCCCCC/C=C\C/C=C\CCCCC)=O)=O)CCN1CCOCC1)OCCCCCCCC/C=C\CC(CCCCCC)OC(CCCCCCC/C=C\C/C=C\CCCCC)=O,-0.5751478016307136
O=C(CCN(CCC(OCCCCCCCC/C=C\CC(CCCCCC)OC(CCCCCCC/C=C\C/C=C\CCCCC)=O)=O)CCN1CCOCC1)OCCCCCCCC/C=C\CC(CCCCCC)OC(CCCCCCC/C=C\C/C=C\CCCCC)=O,-0.8000196633582068
O=C(CCN(CCC(OCCCCCCCC/C=C\CC(CCCCCC)OC(CCCCCCC/C=C\C/C=C\CCCCC)=O)=O)CCN1CCOCC1)OCCCCCCCC/C=C\CC(CCCCCC)OC(CCCCCCC/C=C\C/C=C\CCCCC)=O,0.0994677835517661
O=C(CCN(CCC(OCCCCCCCC/C=C\CC(CCCCCC)OC(CCCCCCC/C=C\C/C=C\CCCCC)=O)=O)CCN1CCOCC1)OCCCCCCCC/C=C\CC(CCCCCC)OC(CCCCCCC/C=C\C/C=C\CCCCC)=O,-1.4026762527878889
O=C(CCN(CCC(OCCCCCCCC/C=C\CC(CCCCCC)OC(CCCCCCC/C=C\C/C=C\CCCCC)=O)=O)CCN1CCOCC1)OCCCCCCCC/C=C\CC(CCCCCC)OC(CCCCCCC/C=C\C/C=C\CCCCC)=O,-1.4566454996024871
O=C(CCN(CCC(OCCCCCCCC/C=C\CC(CCCCCC)OC(CCCCCCC/C=C\C/C=C\CCCCC)=O)=O)CCN1CCOCC1)OCCCCCCCC/C=C\CC(CCCCCC)OC(CCCCCCC/C=C\C/C=C\CCCCC)=O,0.4232832644393563
O=C(CCN(CCC(OCCCCCCCC/C=C\CC(CCCCCC)OC(CCCCCCC/C=C\C/C=C\CCCCC)=O)=O)CCCN(CC)CC)OCCCCCCCC/C=C\CC(CCCCCC)OC(CCCCCCC/C=C\C/C=C\CCCCC)=O,-0.8449940357037053
O=C(CCN(CCC(OCCCCCCCC/C=C\CC(CCCCCC)OC(CCCCCCC/C=C\C/C=C\CCCCC)=O)=O)CCCN(CC)CC)OCCCCCCCC/C=C\CC(CCCCCC)OC(CCCCCCC/C=C\C/C=C\CCCCC)=O,-0.287311818619522
O=C(CCN(CCC(OCCCCCCCC/C=C\CC(CCCCCC)OC(CCCCCCC/C=C\C/C=C\CCCCC)=O)=O)CCCN(CC)CC)OCCCCCCCC/C=C\CC(CCCCCC)OC(CCCCCCC/C=C\C/C=C\CCCCC)=O,-0.3232913164959209
O=C(CCN(CCC(OCCCCCCCC/C=C\CC(CCCCCC)OC(CCCCCCC/C=C\C/C=C\CCCCC)=O)=O)CCCN(CC)CC)OCCCCCCCC/C=C\CC(CCCCCC)OC(CCCCCCC/C=C\C/C=C\CCCCC)=O,0.0365036622680681
O=C(CCN(CCC(OCCCCCCCC/C=C\CC(CCCCCC)OC(CCCCCCC/C=C\C/C=C\CCCCC)=O)=O)CCCN(CC)CC)OCCCCCCCC/C=C\CC(CCCCCC)OC(CCCCCCC/C=C\C/C=C\CCCCC)=O,-0.1523887015830261
O=C(CCN(CCC(OCCCCCCCC/C=C\CC(CCCCCC)OC(CCCCCCC/C=C\C/C=C\CCCCC)=O)=O)CCCN(CC)CC)OCCCCCCCC/C=C\CC(CCCCCC)OC(CCCCCCC/C=C\C/C=C\CCCCC)=O,0.0454985367371681
O=C(CCN(CCC(OCCCCCCCC/C=C\CC(CCCCCC)OC(CCCCCCC/C=C\C/C=C\CCCCC)=O)=O)CCCN(CC)CC)OCCCCCCCC/C=C\CC(CCCCCC)OC(CCCCCCC/C=C\C/C=C\CCCCC)=O,1.0709142262145377
O=C(CCN(CCC(OCCCCCCCC/C=C\CC(CCCCCC)OC(CCCCCCC/C=C\C/C=C\CCCCC)=O)=O)CCCN(CC)CC)OCCCCCCCC/C=C\CC(CCCCCC)OC(CCCCCCC/C=C\C/C=C\CCCCC)=O,-0.9079581569874032
O=C(CCN(CCC(OCCCCCCCC/C=C\CC(CCCCCC)OC(CCCCCCC/C=C\C/C=C\CCCCC)=O)=O)CCCN(CC)CC)OCCCCCCCC/C=C\CC(CCCCCC)OC(CCCCCCC/C=C\C/C=C\CCCCC)=O,1.1068937240909364
O=C(CCN(CCC(OCCCCCCCC/C=C\CC(CCCCCC)OC(CCCCCCC/C=C\C/C=C\CCCCC)=O)=O)CCCN(CC)CC)OCCCCCCCC/C=C\CC(CCCCCC)OC(CCCCCCC/C=C\C/C=C\CCCCC)=O,0.8910167368325427
O=C(CCN(CCC(OCCCCCCCC/C=C\CC(CCCCCC)OC(CCCCCCC/C=C\C/C=C\CCCCC)=O)=O)CCCN(CC)CC)OCCCCCCCC/C=C\CC(CCCCCC)OC(CCCCCCC/C=C\C/C=C\CCCCC)=O,1.448698953916726
O=C(CCN(CCC(OCCCCCCCC/C=C\CC(CCCCCC)OC(CCCCCCC/C=C\C/C=C\CCCCC)=O)=O)CCCN(CC)CC)OCCCCCCCC/C=C\CC(CCCCCC)OC(CCCCCCC/C=C\C/C=C\CCCCC)=O,-0.0714348313611286
O=C(CCN(CCC(OCCCCCCCC/C=C\CC(CCCCCC)OC(CCCCCCC/C=C\C/C=C\CCCCC)=O)=O)CCCN(CC)CC)OCCCCCCCC/C=C\CC(CCCCCC)OC(CCCCCCC/C=C\C/C=C\CCCCC)=O,0.0724831601444671
O=C(CCN(CCC(OCCCCCCCC/C=C\CC(CCCCCC)OC(CCCCCCC/C=C\C/C=C\CCCCC)=O)=O)CCCN(CC)CC)OCCCCCCCC/C=C\CC(CCCCCC)OC(CCCCCCC/C=C\C/C=C\CCCCC)=O,0.7470987453269469
O=C(CCN(CCC(OCCCCCCCC/C=C\CC(CCCCCC)OC(CCCCCCC/C=C\C/C=C\CCCCC)=O)=O)CCCN(CC)CC)OCCCCCCCC/C=C\CC(CCCCCC)OC(CCCCCCC/C=C\C/C=C\CCCCC)=O,0.9629757325853404
O=C(CCN(CCC(OCCCCCCCC/C=C\CC(CCCCCC)OC(CCCCCCC/C=C\C/C=C\CCCCC)=O)=O)CCCN(CC)CC)OCCCCCCCC/C=C\CC(CCCCCC)OC(CCCCCCC/C=C\C/C=C\CCCCC)=O,-0.5301734292852147
O=C(CCN(CCC(OCCCCCCCC/C=C\CC(CCCCCC)OC(CCCCCCC/C=C\C/C=C\CCCCC)=O)=O)CCCN(CC)CC)OCCCCCCCC/C=C\CC(CCCCCC)OC(CCCCCCC/C=C\C/C=C\CCCCC)=O,0.7201141219196474
O=C(CCN(CCC(OCCCCCCCC/C=C\CC(CCCCCC)OC(CCCCCCC/C=C\C/C=C\CCCCC)=O)=O)CCCN(CC)CC)OCCCCCCCC/C=C\CC(CCCCCC)OC(CCCCCCC/C=C\C/C=C\CCCCC)=O,1.2418168411274315
O=C(CCN(CCC(OCCCCCCCC/C=C\CC(CCCCCC)OC(CCCCCCC/C=C\C/C=C\CCCCC)=O)=O)CCCN(CC)CC)OCCCCCCCC/C=C\CC(CCCCCC)OC(CCCCCCC/C=C\C/C=C\CCCCC)=O,1.4127194560403271
O=C(CCN(CCC(OCCCCCCCC/C=C\CC(CCCCCC)OC(CCCCCCC/C=C\C/C=C\CCCCC)=O)=O)CCCN(CC)CC)OCCCCCCCC/C=C\CC(CCCCCC)OC(CCCCCCC/C=C\C/C=C\CCCCC)=O,1.6645759411751189
O=C(CCN(CCC(OCCCCCCCC/C=C\CC(CCCCCC)OC(CCCCCCC/C=C\C/C=C\CCCCC)=O)=O)CCCN(CC)CC)OCCCCCCCC/C=C\CC(CCCCCC)OC(CCCCCCC/C=C\C/C=C\CCCCC)=O,0.4232832644393563
O=C(CCN(CCC(OCCCCCCCC/C=C\CC(CCCCCC)OC(CCCCCCC/C=C\C/C=C\CCCCC)=O)=O)CCCN(CC)CC)OCCCCCCCC/C=C\CC(CCCCCC)OC(CCCCCCC/C=C\C/C=C\CCCCC)=O,1.1068937240909364
O=C(CCN(CCC(OCCCCCCCC/C=C\CC(CCCCCC)OC(CCCCCCC/C=C\C/C=C\CCCCC)=O)=O)CCCN(CC)CC)OCCCCCCCC/C=C\CC(CCCCCC)OC(CCCCCCC/C=C\C/C=C\CCCCC)=O,0.5402166325376527
O=C(CCN(CCC(OCCCCCCCC/C=C\CC(CCCCCC)OC(CCCCCCC/C=C\C/C=C\CCCCC)=O)=O)CCCN(CC)CC)OCCCCCCCC/C=C\CC(CCCCCC)OC(CCCCCCC/C=C\C/C=C\CCCCC)=O,0.4052935155011572
O=C(CCN(CCC(OCCCCCCCC/C=C\CC(CCCCCC)OC(CCC/C=C\C/C=C\C/C=C\C/C=C\CCCCC)=O)=O)CCCN1C=NC=C1)OCCCCCCCC/C=C\CC(CCCCCC)OC(CCC/C=C\C/C=C\C/C=C\C/C=C\CCCCC)=O,-2.0323174656248693
O=C(CCN(CCC(OCCCCCCCC/C=C\CC(CCCCCC)OC(CCC/C=C\C/C=C\C/C=C\C/C=C\CCCCC)=O)=O)CCCN1C=NC=C1)OCCCCCCCC/C=C\CC(CCCCCC)OC(CCC/C=C\C/C=C\C/C=C\C/C=C\CCCCC)=O,-1.6275481145153816
O=C(CCN(CCC(OCCCCCCCC/C=C\CC(CCCCCC)OC(CCC/C=C\C/C=C\C/C=C\C/C=C\CCCCC)=O)=O)CCCN1C=NC=C1)OCCCCCCCC/C=C\CC(CCCCCC)OC(CCC/C=C\C/C=C\C/C=C\C/C=C\CCCCC)=O,-0.9529325293329022
O=C(CCN(CCC(OCCCCCCCC/C=C\CC(CCCCCC)OC(CCC/C=C\C/C=C\C/C=C\C/C=C\CCCCC)=O)=O)CCCN1C=NC=C1)OCCCCCCCC/C=C\CC(CCCCCC)OC(CCC/C=C\C/C=C\C/C=C\C/C=C\CCCCC)=O,-1.051876148492999
O=C(CCN(CCC(OCCCCCCCC/C=C\CC(CCCCCC)OC(CCC/C=C\C/C=C\C/C=C\C/C=C\CCCCC)=O)=O)CCCN1C=NC=C1)OCCCCCCCC/C=C\CC(CCCCCC)OC(CCC/C=C\C/C=C\C/C=C\C/C=C\CCCCC)=O,-1.8164404783664765
O=C(CCN(CCC(OCCCCCCCC/C=C\CC(CCCCCC)OC(CCC/C=C\C/C=C\C/C=C\C/C=C\CCCCC)=O)=O)CCCN1C=NC=C1)OCCCCCCCC/C=C\CC(CCCCCC)OC(CCC/C=C\C/C=C\C/C=C\C/C=C\CCCCC)=O,-1.6635276123917806
O=C(CCN(CCC(OCCCCCCCC/C=C\CC(CCCCCC)OC(CCC/C=C\C/C=C\C/C=C\C/C=C\CCCCC)=O)=O)CCCN1C=NC=C1)OCCCCCCCC/C=C\CC(CCCCCC)OC(CCC/C=C\C/C=C\C/C=C\C/C=C\CCCCC)=O,-0.6471067973835111
O=C(CCN(CCC(OCCCCCCCC/C=C\CC(CCCCCC)OC(CCC/C=C\C/C=C\C/C=C\C/C=C\CCCCC)=O)=O)CCCN1C=NC=C1)OCCCCCCCC/C=C\CC(CCCCCC)OC(CCC/C=C\C/C=C\C/C=C\C/C=C\CCCCC)=O,-1.8344302273046755
O=C(CCN(CCC(OCCCCCCCC/C=C\CC(CCCCCC)OC(CCC/C=C\C/C=C\C/C=C\C/C=C\CCCCC)=O)=O)CCCN1C=NC=C1)OCCCCCCCC/C=C\CC(CCCCCC)OC(CCC/C=C\C/C=C\C/C=C\C/C=C\CCCCC)=O,-0.4762041824706162
O=C(CCN(CCC(OCCCCCCCC/C=C\CC(CCCCCC)OC(CCC/C=C\C/C=C\C/C=C\C/C=C\CCCCC)=O)=O)CCCN1C=NC=C1)OCCCCCCCC/C=C\CC(CCCCCC)OC(CCC/C=C\C/C=C\C/C=C\C/C=C\CCCCC)=O,-1.393681378318789
O=C(CCN(CCC(OCCCCCCCC/C=C\CC(CCCCCC)OC(CCC/C=C\C/C=C\C/C=C\C/C=C\CCCCC)=O)=O)CCCN1C=NC=C1)OCCCCCCCC/C=C\CC(CCCCCC)OC(CCC/C=C\C/C=C\C/C=C\C/C=C\CCCCC)=O,0.0185139133298687
O=C(CCN(CCC(OCCCCCCCC/C=C\CC(CCCCCC)OC(CCC/C=C\C/C=C\C/C=C\C/C=C\CCCCC)=O)=O)CCCN1C=NC=C1)OCCCCCCCC/C=C\CC(CCCCCC)OC(CCC/C=C\C/C=C\C/C=C\C/C=C\CCCCC)=O,-1.186799265529495
O=C(CCN(CCC(OCCCCCCCC/C=C\CC(CCCCCC)OC(CCC/C=C\C/C=C\C/C=C\C/C=C\CCCCC)=O)=O)CCCN1C=NC=C1)OCCCCCCCC/C=C\CC(CCCCCC)OC(CCC/C=C\C/C=C\C/C=C\C/C=C\CCCCC)=O,-1.5825737421698831
O=C(CCN(CCC(OCCCCCCCC/C=C\CC(CCCCCC)OC(CCC/C=C\C/C=C\C/C=C\C/C=C\CCCCC)=O)=O)CCCN1C=NC=C1)OCCCCCCCC/C=C\CC(CCCCCC)OC(CCC/C=C\C/C=C\C/C=C\C/C=C\CCCCC)=O,-1.4656403740715866
O=C(CCN(CCC(OCCCCCCCC/C=C\CC(CCCCCC)OC(CC/C=C\CCCCC)=O)=O)CCN1CCN(C)CCC1)OCCCCCCCC/C=C\CC(CCCCCC)OC(CC/C=C\CCCCC)=O,-0.9079581569874032
O=C(CCN(CCC(OCCCCCCCC/C=C\CC(CCCCCC)OC(CC/C=C\CCCCC)=O)=O)CCN1CCN(C)CCC1)OCCCCCCCC/C=C\CC(CCCCCC)OC(CC/C=C\CCCCC)=O,-0.188368199459425
O=C(CCN(CCC(OCCCCCCCC/C=C\CC(CCCCCC)OC(CC/C=C\CCCCC)=O)=O)CCN1CCN(C)CCC1)OCCCCCCCC/C=C\CC(CCCCCC)OC(CC/C=C\CCCCC)=O,0.0185139133298687
O=C(CCN(CCC(OCCCCCCCC/C=C\CC(CCCCCC)OC(CC/C=C\CCCCC)=O)=O)CCN1CCN(C)CCC1)OCCCCCCCC/C=C\CC(CCCCCC)OC(CC/C=C\CCCCC)=O,0.3153447708101594
O=C(CCN(CCC(OCCCCCCCC/C=C\CC(CCCCCC)OC(CC/C=C\CCCCC)=O)=O)CCN1CCN(C)CCC1)OCCCCCCCC/C=C\CC(CCCCCC)OC(CC/C=C\CCCCC)=O,-0.6111272995071121
O=C(CCN(CCC(OCCCCCCCC/C=C\CC(CCCCCC)OC(CC/C=C\CCCCC)=O)=O)CCN1CCN(C)CCC1)OCCCCCCCC/C=C\CC(CCCCCC)OC(CC/C=C\CCCCC)=O,0.0814780346135666
O=C(CCN(CCC(OCCCCCCCC/C=C\CC(CCCCCC)OC(CC/C=C\CCCCC)=O)=O)CCN1CCN(C)CCC1)OCCCCCCCC/C=C\CC(CCCCCC)OC(CC/C=C\CCCCC)=O,1.0889039751527363
O=C(CCN(CCC(OCCCCCCCC/C=C\CC(CCCCCC)OC(CC/C=C\CCCCC)=O)=O)CCN1CCN(C)CCC1)OCCCCCCCC/C=C\CC(CCCCCC)OC(CC/C=C\CCCCC)=O,-0.0354553334847297
O=C(CCN(CCC(OCCCCCCCC/C=C\CC(CCCCCC)OC(CC/C=C\CCCCC)=O)=O)CCN1CCN(C)CCC1)OCCCCCCCC/C=C\CC(CCCCCC)OC(CC/C=C\CCCCC)=O,1.7365349369279168
O=C(CCN(CCC(OCCCCCCCC/C=C\CC(CCCCCC)OC(CC/C=C\CCCCC)=O)=O)CCN1CCN(C)CCC1)OCCCCCCCC/C=C\CC(CCCCCC)OC(CC/C=C\CCCCC)=O,-0.3053015675577214
O=C(CCN(CCC(OCCCCCCCC/C=C\CC(CCCCCC)OC(CC/C=C\CCCCC)=O)=O)CCN1CCN(C)CCC1)OCCCCCCCC/C=C\CC(CCCCCC)OC(CC/C=C\CCCCC)=O,1.349755334756629
O=C(CCN(CCC(OCCCCCCCC/C=C\CC(CCCCCC)OC(CC/C=C\CCCCC)=O)=O)CCN1CCN(C)CCC1)OCCCCCCCC/C=C\CC(CCCCCC)OC(CC/C=C\CCCCC)=O,-0.260327195212223
O=C(CCN(CCC(OCCCCCCCC/C=C\CC(CCCCCC)OC(CC/C=C\CCCCC)=O)=O)CCN1CCN(C)CCC1)OCCCCCCCC/C=C\CC(CCCCCC)OC(CC/C=C\CCCCC)=O,-0.3053015675577214
O=C(CCN(CCC(OCCCCCCCC/C=C\CC(CCCCCC)OC(CC/C=C\CCCCC)=O)=O)CCN1CCN(C)CCC1)OCCCCCCCC/C=C\CC(CCCCCC)OC(CC/C=C\CCCCC)=O,0.0365036622680681
O=C(CCN(CCC(OCCCCCCCC/C=C\CC(CCCCCC)OC(CC/C=C\CCCCC)=O)=O)CCN1CCN(C)CCC1)OCCCCCCCC/C=C\CC(CCCCCC)OC(CC/C=C\CCCCC)=O,0.4322781389084566
O=C(CCN(CCC(OCCCCCCCC/C=C\CC(CCCCCC)OC(CC/C=C\CCCCC)=O)=O)CCN1CCN(C)CCC1)OCCCCCCCC/C=C\CC(CCCCCC)OC(CC/C=C\CCCCC)=O,-0.3053015675577214
O=C(CCN(CCC(OCCCCCCCC/C=C\CC(CCCCCC)OC(CC/C=C\CCCCC)=O)=O)CCN1CCN(C)CCC1)OCCCCCCCC/C=C\CC(CCCCCC)OC(CC/C=C\CCCCC)=O,0.8460423644870442
O=C(CCN(CCC(OCCCCCCCC/C=C\CC(CCCCCC)OC(CC/C=C\CCCCC)=O)=O)CCN1CCN(C)CCC1)OCCCCCCCC/C=C\CC(CCCCCC)OC(CC/C=C\CCCCC)=O,0.9629757325853404
O=C(CCN(CCC(OCCCCCCCC/C=C\CC(CCCCCC)OC(CC/C=C\CCCCC)=O)=O)CCN1CCN(C)CCC1)OCCCCCCCC/C=C\CC(CCCCCC)OC(CC/C=C\CCCCC)=O,0.9899603559926392
O=C(CCN(CCC(OCCCCCCCC/C=C\CC(CCCCCC)OC(CC/C=C\CCCCC)=O)=O)CCN1CCN(C)CCC1)OCCCCCCCC/C=C\CC(CCCCCC)OC(CC/C=C\CCCCC)=O,1.2957860879420309
O=C(CCN(CCC(OCCCCCCCC/C=C\CC(CCCCCC)OC(CC/C=C\CCCCC)=O)=O)CCN1CCN(C)CCC1)OCCCCCCCC/C=C\CC(CCCCCC)OC(CC/C=C\CCCCC)=O,0.8460423644870442
O=C(CCN(CCC(OCCCCCCCC/C=C\CC(CCCCCC)OC(CC/C=C\CCCCC)=O)=O)CCN1CCN(C)CCC1)OCCCCCCCC/C=C\CC(CCCCCC)OC(CC/C=C\CCCCC)=O,0.8460423644870442
O=C(CCN(CCC(OCCCCCCCC/C=C\CC(CCCCCC)OC(CC/C=C\CCCCC)=O)=O)CCN1CCN(C)CCC1)OCCCCCCCC/C=C\CC(CCCCCC)OC(CC/C=C\CCCCC)=O,0.3063498963410599
O=C(CCN(CCC(OCCCCCCCC/C=C\CC(CCCCCC)OC(CC/C=C\CCCCC)=O)=O)CCN1CCN(C)CCC1)OCCCCCCCC/C=C\CC(CCCCCC)OC(CC/C=C\CCCCC)=O,0.6211705027595509
CN(CCC(OCCCCCCCC/C=C\CC(CCCCCC)OC(CC/C=C\CCCCC)=O)=O)CCCN(C)CCCN(CCC(OCCCCCCCC/C=C\CC(CCCCC)OC(CC/C=C\CCCCC)=O)=O)C,-0.3053015675577214
CN(CCC(OCCCCCCCC/C=C\CC(CCCCCC)OC(CC/C=C\CCCCC)=O)=O)CCCN(C)CCCN(CCC(OCCCCCCCC/C=C\CC(CCCCC)OC(CC/C=C\CCCCC)=O)=O)C,0.1354472814281651
CN(CCC(OCCCCCCCC/C=C\CC(CCCCCC)OC(CC/C=C\CCCCC)=O)=O)CCCN(C)CCCN(CCC(OCCCCCCCC/C=C\CC(CCCCC)OC(CC/C=C\CCCCC)=O)=O)C,0.8730269878943427
CN(CCC(OCCCCCCCC/C=C\CC(CCCCCC)OC(CC/C=C\CCCCC)=O)=O)CCCN(C)CCCN(CCC(OCCCCCCCC/C=C\CC(CCCCC)OC(CC/C=C\CCCCC)=O)=O)C,-0.7640401654818079
CN(CCC(OCCCCCCCC/C=C\CC(CCCCCC)OC(CC/C=C\CCCCC)=O)=O)CCCN(C)CCCN(CCC(OCCCCCCCC/C=C\CC(CCCCC)OC(CC/C=C\CCCCC)=O)=O)C,-0.1613835760521256
CN(CCC(OCCCCCCCC/C=C\CC(CCCCCC)OC(CC/C=C\CCCCC)=O)=O)CCCN(C)CCCN(CCC(OCCCCCCCC/C=C\CC(CCCCC)OC(CC/C=C\CCCCC)=O)=O)C,0.0185139133298687
CN(CCC(OCCCCCCCC/C=C\CC(CCCCCC)OC(CC/C=C\CCCCC)=O)=O)CCCN(C)CCCN(CCC(OCCCCCCCC/C=C\CC(CCCCC)OC(CC/C=C\CCCCC)=O)=O)C,1.4397040794476257
CN(CCC(OCCCCCCCC/C=C\CC(CCCCCC)OC(CC/C=C\CCCCC)=O)=O)CCCN(C)CCCN(CCC(OCCCCCCCC/C=C\CC(CCCCC)OC(CC/C=C\CCCCC)=O)=O)C,-0.188368199459425
CN(CCC(OCCCCCCCC/C=C\CC(CCCCCC)OC(CC/C=C\CCCCC)=O)=O)CCCN(C)CCCN(CCC(OCCCCCCCC/C=C\CC(CCCCC)OC(CC/C=C\CCCCC)=O)=O)C,1.745529811397017
CN(CCC(OCCCCCCCC/C=C\CC(CCCCCC)OC(CC/C=C\CCCCC)=O)=O)CCCN(C)CCCN(CCC(OCCCCCCCC/C=C\CC(CCCCC)OC(CC/C=C\CCCCC)=O)=O)C,-0.215352822866724
CN(CCC(OCCCCCCCC/C=C\CC(CCCCCC)OC(CC/C=C\CCCCC)=O)=O)CCCN(C)CCCN(CCC(OCCCCCCCC/C=C\CC(CCCCC)OC(CC/C=C\CCCCC)=O)=O)C,1.376739958163928
CN(CCC(OCCCCCCCC/C=C\CC(CCCCCC)OC(CC/C=C\CCCCC)=O)=O)CCCN(C)CCCN(CCC(OCCCCCCCC/C=C\CC(CCCCC)OC(CC/C=C\CCCCC)=O)=O)C,0.2164011516500629
CN(CCC(OCCCCCCCC/C=C\CC(CCCCCC)OC(CC/C=C\CCCCC)=O)=O)CCCN(C)CCCN(CCC(OCCCCCCCC/C=C\CC(CCCCC)OC(CC/C=C\CCCCC)=O)=O)C,0.8100628666106452
CN(CCC(OCCCCCCCC/C=C\CC(CCCCCC)OC(CC/C=C\CCCCC)=O)=O)CCCN(C)CCCN(CCC(OCCCCCCCC/C=C\CC(CCCCC)OC(CC/C=C\CCCCC)=O)=O)C,0.7830782432033458
CN(CCC(OCCCCCCCC/C=C\CC(CCCCCC)OC(CC/C=C\CCCCC)=O)=O)CCCN(C)CCCN(CCC(OCCCCCCCC/C=C\CC(CCCCC)OC(CC/C=C\CCCCC)=O)=O)C,0.6031807538213511
CN(CCC(OCCCCCCCC/C=C\CC(CCCCCC)OC(CC/C=C\CCCCC)=O)=O)CCCN(C)CCCN(CCC(OCCCCCCCC/C=C\CC(CCCCC)OC(CC/C=C\CCCCC)=O)=O)C,0.6301653772286505
CN(CCC(OCCCCCCCC/C=C\CC(CCCCCC)OC(CC/C=C\CCCCC)=O)=O)CCCN(C)CCCN(CCC(OCCCCCCCC/C=C\CC(CCCCC)OC(CC/C=C\CCCCC)=O)=O)C,1.5116630752004236
CN(CCC(OCCCCCCCC/C=C\CC(CCCCCC)OC(CC/C=C\CCCCC)=O)=O)CCCN(C)CCCN(CCC(OCCCCCCCC/C=C\CC(CCCCC)OC(CC/C=C\CCCCC)=O)=O)C,1.2688014645347312
CN(CCC(OCCCCCCCC/C=C\CC(CCCCCC)OC(CC/C=C\CCCCC)=O)=O)CCCN(C)CCCN(CCC(OCCCCCCCC/C=C\CC(CCCCC)OC(CC/C=C\CCCCC)=O)=O)C,1.2148322177201325
CN(CCC(OCCCCCCCC/C=C\CC(CCCCCC)OC(CC/C=C\CCCCC)=O)=O)CCCN(C)CCCN(CCC(OCCCCCCCC/C=C\CC(CCCCC)OC(CC/C=C\CCCCC)=O)=O)C,1.8984426773717125
CN(CCC(OCCCCCCCC/C=C\CC(CCCCCC)OC(CC/C=C\CCCCC)=O)=O)CCCN(C)CCCN(CCC(OCCCCCCCC/C=C\CC(CCCCC)OC(CC/C=C\CCCCC)=O)=O)C,0.8280526155488442
CN(CCC(OCCCCCCCC/C=C\CC(CCCCCC)OC(CC/C=C\CCCCC)=O)=O)CCCN(C)CCCN(CCC(OCCCCCCCC/C=C\CC(CCCCC)OC(CC/C=C\CCCCC)=O)=O)C,1.601611819891421
CN(CCC(OCCCCCCCC/C=C\CC(CCCCCC)OC(CC/C=C\CCCCC)=O)=O)CCCN(C)CCCN(CCC(OCCCCCCCC/C=C\CC(CCCCC)OC(CC/C=C\CCCCC)=O)=O)C,0.6571500006359499
CN(CCC(OCCCCCCCC/C=C\CC(CCCCCC)OC(CC/C=C\CCCCC)=O)=O)CCCN(C)CCCN(CCC(OCCCCCCCC/C=C\CC(CCCCC)OC(CC/C=C\CCCCC)=O)=O)C,0.6931294985123488
O=C(CCN(CCC(OCCCCCCCC/C=C\CC(CCCCCC)OC(CC/C=C\CCCCC)=O)=O)CCCN1CCN(C)CC1)OCCCCCCCC/C=C\CC(CCCCCC)OC(CC/C=C\CCCCC)=O,-0.3322861909650209
O=C(CCN(CCC(OCCCCCCCC/C=C\CC(CCCCCC)OC(CC/C=C\CCCCC)=O)=O)CCCN1CCN(C)CC1)OCCCCCCCC/C=C\CC(CCCCCC)OC(CC/C=C\CCCCC)=O,0.0994677835517661
O=C(CCN(CCC(OCCCCCCCC/C=C\CC(CCCCCC)OC(CC/C=C\CCCCC)=O)=O)CCCN1CCN(C)CC1)OCCCCCCCC/C=C\CC(CCCCCC)OC(CC/C=C\CCCCC)=O,0.2164011516500629
O=C(CCN(CCC(OCCCCCCCC/C=C\CC(CCCCCC)OC(CC/C=C\CCCCC)=O)=O)CCCN1CCN(C)CC1)OCCCCCCCC/C=C\CC(CCCCCC)OC(CC/C=C\CCCCC)=O,0.5582063814758526
O=C(CCN(CCC(OCCCCCCCC/C=C\CC(CCCCCC)OC(CC/C=C\CCCCC)=O)=O)CCCN1CCN(C)CC1)OCCCCCCCC/C=C\CC(CCCCCC)OC(CC/C=C\CCCCC)=O,-0.0894245802993281
O=C(CCN(CCC(OCCCCCCCC/C=C\CC(CCCCCC)OC(CC/C=C\CCCCC)=O)=O)CCCN1CCN(C)CC1)OCCCCCCCC/C=C\CC(CCCCCC)OC(CC/C=C\CCCCC)=O,-0.656101671852611
O=C(CCN(CCC(OCCCCCCCC/C=C\CC(CCCCCC)OC(CC/C=C\CCCCC)=O)=O)CCCN1CCN(C)CC1)OCCCCCCCC/C=C\CC(CCCCCC)OC(CC/C=C\CCCCC)=O,0.2793652729337609
O=C(CCN(CCC(OCCCCCCCC/C=C\CC(CCCCCC)OC(CC/C=C\CCCCC)=O)=O)CCCN1CCN(C)CC1)OCCCCCCCC/C=C\CC(CCCCCC)OC(CC/C=C\CCCCC)=O,-0.988912027209301
O=C(CCN(CCC(OCCCCCCCC/C=C\CC(CCCCCC)OC(CC/C=C\CCCCC)=O)=O)CCCN1CCN(C)CC1)OCCCCCCCC/C=C\CC(CCCCCC)OC(CC/C=C\CCCCC)=O,1.5656323220150223
O=C(CCN(CCC(OCCCCCCCC/C=C\CC(CCCCCC)OC(CC/C=C\CCCCC)=O)=O)CCCN1CCN(C)CC1)OCCCCCCCC/C=C\CC(CCCCCC)OC(CC/C=C\CCCCC)=O,-0.9079581569874032
O=C(CCN(CCC(OCCCCCCCC/C=C\CC(CCCCCC)OC(CC/C=C\CCCCC)=O)=O)CCCN1CCN(C)CC1)OCCCCCCCC/C=C\CC(CCCCCC)OC(CC/C=C\CCCCC)=O,1.3227707113493292
O=C(CCN(CCC(OCCCCCCCC/C=C\CC(CCCCCC)OC(CC/C=C\CCCCC)=O)=O)CCCN1CCN(C)CC1)OCCCCCCCC/C=C\CC(CCCCCC)OC(CC/C=C\CCCCC)=O,0.1894165282427635
O=C(CCN(CCC(OCCCCCCCC/C=C\CC(CCCCCC)OC(CC/C=C\CCCCC)=O)=O)CCCN1CCN(C)CC1)OCCCCCCCC/C=C\CC(CCCCCC)OC(CC/C=C\CCCCC)=O,-0.5841426760998131
O=C(CCN(CCC(OCCCCCCCC/C=C\CC(CCCCCC)OC(CC/C=C\CCCCC)=O)=O)CCCN1CCN(C)CC1)OCCCCCCCC/C=C\CC(CCCCCC)OC(CC/C=C\CCCCC)=O,-0.3772605633105193
O=C(CCN(CCC(OCCCCCCCC/C=C\CC(CCCCCC)OC(CC/C=C\CCCCC)=O)=O)CCCN1CCN(C)CC1)OCCCCCCCC/C=C\CC(CCCCCC)OC(CC/C=C\CCCCC)=O,0.0005241643916692
O=C(CCN(CCC(OCCCCCCCC/C=C\CC(CCCCCC)OC(CC/C=C\CCCCC)=O)=O)CCCN1CCN(C)CC1)OCCCCCCCC/C=C\CC(CCCCCC)OC(CC/C=C\CCCCC)=O,0.0544934112062676
O=C(CCN(CCC(OCCCCCCCC/C=C\CC(CCCCCC)OC(CC/C=C\CCCCC)=O)=O)CCCN1CCN(C)CC1)OCCCCCCCC/C=C\CC(CCCCCC)OC(CC/C=C\CCCCC)=O,-0.1343989526448266
O=C(CCN(CCC(OCCCCCCCC/C=C\CC(CCCCCC)OC(CC/C=C\CCCCC)=O)=O)CCCN1CCN(C)CC1)OCCCCCCCC/C=C\CC(CCCCCC)OC(CC/C=C\CCCCC)=O,0.2343909005882624
O=C(CCN(CCC(OCCCCCCCC/C=C\CC(CCCCCC)OC(CC/C=C\CCCCC)=O)=O)CCCN1CCN(C)CC1)OCCCCCCCC/C=C\CC(CCCCCC)OC(CC/C=C\CCCCC)=O,1.1788527198437342
O=C(CCN(CCC(OCCCCCCCC/C=C\CC(CCCCCC)OC(CC/C=C\CCCCC)=O)=O)CCCN1CCN(C)CC1)OCCCCCCCC/C=C\CC(CCCCCC)OC(CC/C=C\CCCCC)=O,1.5476425730768224
O=C(CCN(CCC(OCCCCCCCC/C=C\CC(CCCCCC)OC(CC/C=C\CCCCC)=O)=O)CCCN1CCN(C)CC1)OCCCCCCCC/C=C\CC(CCCCCC)OC(CC/C=C\CCCCC)=O,1.007950104930839
O=C(CCN(CCC(OCCCCCCCC/C=C\CC(CCCCCC)OC(CC/C=C\CCCCC)=O)=O)CCCN1CCN(C)CC1)OCCCCCCCC/C=C\CC(CCCCCC)OC(CC/C=C\CCCCC)=O,0.8280526155488442
O=C(CCN(CCC(OCCCCCCCC/C=C\CC(CCCCCC)OC(CC/C=C\CCCCC)=O)=O)CCCN1CCN(C)CC1)OCCCCCCCC/C=C\CC(CCCCCC)OC(CC/C=C\CCCCC)=O,0.0634882856753676
O=C(CCN(CCC(OCCCCCCCC/C=C\CC(CCCCCC)OC(CC/C=C\CCCCC)=O)=O)CCCN1CCN(C)CC1)OCCCCCCCC/C=C\CC(CCCCCC)OC(CC/C=C\CCCCC)=O,0.7740833687342462
O=C(CCN(CCC(OCCCCCCCC/C=C\CC(CCCCCC)OC(CCCCCCCC/C=C\CCCCCCC)=O)=O)CCCN(CC)CC)OCCCCCCCC/C=C\CC(CCCCCC)OC(CCCCCCCC/C=C\CCCCCCC)=O,0.4322781389084566
O=C(CCN(CCC(OCCCCCCCC/C=C\CC(CCCCCC)OC(CCCCCCCC/C=C\CCCCCCC)=O)=O)CCCN(CC)CC)OCCCCCCCC/C=C\CC(CCCCCC)OC(CCCCCCCC/C=C\CCCCCCC)=O,-1.393681378318789
O=C(CCN(CCC(OCCCCCCCC/C=C\CC(CCCCCC)OC(CCCCCCCC/C=C\CCCCCCC)=O)=O)CCCN(CC)CC)OCCCCCCCC/C=C\CC(CCCCCC)OC(CCCCCCCC/C=C\CCCCCCC)=O,1.349755334756629
O=C(CCN(CCC(OCCCCCCCC/C=C\CC(CCCCCC)OC(CCCCCCCC/C=C\CCCCCCC)=O)=O)CCCN(CC)CC)OCCCCCCCC/C=C\CC(CCCCCC)OC(CCCCCCCC/C=C\CCCCCCC)=O,0.3693140176247583
O=C(CCN(CCC(OCCCCCCCC/C=C\CC(CCCCCC)OC(CCCCCCCC/C=C\CCCCCCC)=O)=O)CCCN(CC)CC)OCCCCCCCC/C=C\CC(CCCCCC)OC(CCCCCCCC/C=C\CCCCCCC)=O,1.151868096436435
O=C(CCN(CCC(OCCCCCCCC/C=C\CC(CCCCCC)OC(CCCCCCCC/C=C\CCCCCCC)=O)=O)CCCN(CC)CC)OCCCCCCCC/C=C\CC(CCCCCC)OC(CCCCCCCC/C=C\CCCCCCC)=O,-0.1254040781757271
O=C(CCN(CCC(OCCCCCCCC/C=C\CC(CCCCCC)OC(CCCCCCCC/C=C\CCCCCCC)=O)=O)CCCN(CC)CC)OCCCCCCCC/C=C\CC(CCCCCC)OC(CCCCCCCC/C=C\CCCCCCC)=O,0.5312217580685532
O=C(CCN(CCC(OCCCCCCCC/C=C\CC(CCCCCC)OC(CCCCCCCC/C=C\CCCCCCC)=O)=O)CCCN(CC)CC)OCCCCCCCC/C=C\CC(CCCCCC)OC(CCCCCCCC/C=C\CCCCCCC)=O,0.0634882856753676
O=C(CCN(CCC(OCCCCCCCC/C=C\CC(CCCCCC)OC(CCCCCCCC/C=C\CCCCCCC)=O)=O)CCCN(CC)CC)OCCCCCCCC/C=C\CC(CCCCCC)OC(CCCCCCCC/C=C\CCCCCCC)=O,0.0365036622680681
O=C(CCN(CCC(OCCCCCCCC/C=C\CC(CCCCCC)OC(CCCCCCCC/C=C\CCCCCCC)=O)=O)CCCN(CC)CC)OCCCCCCCC/C=C\CC(CCCCCC)OC(CCCCCCCC/C=C\CCCCCCC)=O,-0.9979069016784008
O=C(CCN(CCC(OCCCCCCCC/C=C\CC(CCCCCC)OC(CCCCCCCC/C=C\CCCCCCC)=O)=O)CCCN(CC)CC)OCCCCCCCC/C=C\CC(CCCCCC)OC(CCCCCCCC/C=C\CCCCCCC)=O,0.7830782432033458
O=C(CCN(CCC(OCCCCCCCC/C=C\CC(CCCCCC)OC(CCCCCCCC/C=C\CCCCCCC)=O)=O)CCCN(CC)CC)OCCCCCCCC/C=C\CC(CCCCCC)OC(CCCCCCCC/C=C\CCCCCCC)=O,0.7830782432033458
O=C(CCN(CCC(OCCCCCCCC/C=C\CC(CCCCCC)OC(CCCCCCCC/C=C\CCCCCCC)=O)=O)CCCN(CC)CC)OCCCCCCCC/C=C\CC(CCCCCC)OC(CCCCCCCC/C=C\CCCCCCC)=O,0.549211507006753
O=C(CCN(CCC(OCCCCCCCC/C=C\CC(CCCCCC)OC(CCCCCCCC/C=C\CCCCCCC)=O)=O)CCCN(CC)CC)OCCCCCCCC/C=C\CC(CCCCCC)OC(CCCCCCCC/C=C\CCCCCCC)=O,1.7095503135206185
O=C(CCN(CCC(OCCCCCCCC/C=C\CC(CCCCCC)OC(CCCCCCCC/C=C\CCCCCCC)=O)=O)CCCN(CC)CC)OCCCCCCCC/C=C\CC(CCCCCC)OC(CCCCCCCC/C=C\CCCCCCC)=O,-1.2767480102204922
O=C(CCN(CCC(OCCCCCCCC/C=C\CC(CCCCCC)OC(CCCCCCCC/C=C\CCCCCCC)=O)=O)CCCN(CC)CC)OCCCCCCCC/C=C\CC(CCCCCC)OC(CCCCCCCC/C=C\CCCCCCC)=O,1.2777963390038307
O=C(CCN(CCC(OCCCCCCCC/C=C\CC(CCCCCC)OC(CCCCCCCC/C=C\CCCCCCC)=O)=O)CCCN(CC)CC)OCCCCCCCC/C=C\CC(CCCCCC)OC(CCCCCCCC/C=C\CCCCCCC)=O,0.1534370303663645
O=C(CCN(CCC(OCCCCCCCC/C=C\CC(CCCCCC)OC(CCCCCCCC/C=C\CCCCCCC)=O)=O)CCCN(CC)CC)OCCCCCCCC/C=C\CC(CCCCCC)OC(CCCCCCCC/C=C\CCCCCCC)=O,0.7740833687342462
O=C(CCN(CCC(OCCCCCCCC/C=C\CC(CCCCCC)OC(CCCCCCC/C=C\C/C=C\CCCCC)=O)=O)CCCN(CC)CC)OCCCCCCCC/C=C\CC(CCCCCC)OC(CCCCCCC/C=C\C/C=C\CCCCC)=O,0.3873037665629573
O=C(CCN(CCC(OCCCCCCCC/C=C\CC(CCCCCC)OC(CCCCCCC/C=C\C/C=C\CCCCC)=O)=O)CCCN(CC)CC)OCCCCCCCC/C=C\CC(CCCCCC)OC(CCCCCCC/C=C\C/C=C\CCCCC)=O,-0.9799171527402012
O=C(CCN(CCC(OCCCCCCCC/C=C\CC(CCCCCC)OC(CCCCCCC/C=C\C/C=C\CCCCC)=O)=O)CCCN(CC)CC)OCCCCCCCC/C=C\CC(CCCCCC)OC(CCCCCCC/C=C\C/C=C\CCCCC)=O,1.061919351745437
O=C(CCN(CCC(OCCCCCCCC/C=C\CC(CCCCCC)OC(CCCCCCC/C=C\C/C=C\CCCCC)=O)=O)CCCN(CC)CC)OCCCCCCCC/C=C\CC(CCCCCC)OC(CCCCCCC/C=C\C/C=C\CCCCC)=O,-0.1793733249903251
O=C(CCN(CCC(OCCCCCCCC/C=C\CC(CCCCCC)OC(CCCCCCC/C=C\C/C=C\CCCCC)=O)=O)CCCN(CC)CC)OCCCCCCCC/C=C\CC(CCCCCC)OC(CCCCCCC/C=C\C/C=C\CCCCC)=O,0.4502678878466557
O=C(CCN(CCC(OCCCCCCCC/C=C\CC(CCCCCC)OC(CCCCCCC/C=C\C/C=C\CCCCC)=O)=O)CCCN(CC)CC)OCCCCCCCC/C=C\CC(CCCCCC)OC(CCCCCCC/C=C\C/C=C\CCCCC)=O,0.4322781389084566
O=C(CCN(CCC(OCCCCCCCC/C=C\CC(CCCCCC)OC(CCCCCCC/C=C\C/C=C\CCCCC)=O)=O)CCCN(CC)CC)OCCCCCCCC/C=C\CC(CCCCCC)OC(CCCCCCC/C=C\C/C=C\CCCCC)=O,-0.6740914207908105
O=C(CCN(CCC(OCCCCCCCC/C=C\CC(CCCCCC)OC(CCCCCCC/C=C\C/C=C\CCCCC)=O)=O)CCCN(CC)CC)OCCCCCCCC/C=C\CC(CCCCCC)OC(CCCCCCC/C=C\C/C=C\CCCCC)=O,0.6751397495741489
O=C(CCN(CCC(OCCCCCCCC/C=C\CC(CCCCCC)OC(CCCCCCC/C=C\C/C=C\CCCCC)=O)=O)CCCN(CC)CC)OCCCCCCCC/C=C\CC(CCCCCC)OC(CCCCCCC/C=C\C/C=C\CCCCC)=O,0.3603191431556587
O=C(CCN(CCC(OCCCCCCCC/C=C\CC(CCCCCC)OC(CCCCCCC/C=C\C/C=C\CCCCC)=O)=O)CCCN(CC)CC)OCCCCCCCC/C=C\CC(CCCCCC)OC(CCCCCCC/C=C\C/C=C\CCCCC)=O,-0.2333425718049235
O=C(CCN(CCC(OCCCCCCCC/C=C\CC(CCCCCC)OC(CCCCCCC/C=C\C/C=C\CCCCC)=O)=O)CCCN(CC)CC)OCCCCCCCC/C=C\CC(CCCCCC)OC(CCCCCCC/C=C\C/C=C\CCCCC)=O,0.7650884942651459
O=C(CCN(CCC(OCCCCCCCC/C=C\CC(CCCCCC)OC(CCCCCCC/C=C\C/C=C\CCCCC)=O)=O)CCCN(CC)CC)OCCCCCCCC/C=C\CC(CCCCCC)OC(CCCCCCC/C=C\C/C=C\CCCCC)=O,0.97197060705444
O=C(CCN(CCC(OCCCCCCCC/C=C\CC(CCCCCC)OC(CCCCCCC/C=C\C/C=C\CCCCC)=O)=O)CCCN(CC)CC)OCCCCCCCC/C=C\CC(CCCCCC)OC(CCCCCCC/C=C\C/C=C\CCCCC)=O,1.2508117155965313
O=C(CCN(CCC(OCCCCCCCC/C=C\CC(CCCCCC)OC(CCCCCCC/C=C\C/C=C\CCCCC)=O)=O)CCCN(CC)CC)OCCCCCCCC/C=C\CC(CCCCCC)OC(CCCCCCC/C=C\C/C=C\CCCCC)=O,1.3677450836948286
O=C(CCN(CCC(OCCCCCCCC/C=C\CC(CCCCCC)OC(CCCCCCC/C=C\C/C=C\CCCCC)=O)=O)CCCN(CC)CC)OCCCCCCCC/C=C\CC(CCCCCC)OC(CCCCCCC/C=C\C/C=C\CCCCC)=O,1.5656323220150223
O=C(CCN(CCC(OCCCCCCCC/C=C\CC(CCCCCC)OC(CCCCCCC/C=C\C/C=C\CCCCC)=O)=O)CCCN(CC)CC)OCCCCCCCC/C=C\CC(CCCCCC)OC(CCCCCCC/C=C\C/C=C\CCCCC)=O,0.8190577410797447
O=C(CCN(CCC(OCCCCCCCC/C=C\CC(CCCCCC)OC(CCCCCCC/C=C\C/C=C\CCCCC)=O)=O)CCCN(CC)CC)OCCCCCCCC/C=C\CC(CCCCCC)OC(CCCCCCC/C=C\C/C=C\CCCCC)=O,0.0994677835517661
O=C(CCN(CCC(OCCCCCCCC/C=C\CC(CCCCCC)OC(CCCCCCC/C=C\C/C=C\CCCCC)=O)=O)CCCN(CC)CC)OCCCCCCCC/C=C\CC(CCCCCC)OC(CCCCCCC/C=C\C/C=C\CCCCC)=O,0.4502678878466557
O=C(CCN(CCC(OCCCCCCCC/C=C\CC(CCCCCC)OC(CCCCCCC/C=C\C/C=C\CCCCC)=O)=O)CCCN(C)C)OCCCCCCCC/C=C\CC(CCCCCC)OC(CCCCCCC/C=C\C/C=C\CCCCC)=O,-0.4851990569397162
O=C(CCN(CCC(OCCCCCCCC/C=C\CC(CCCCCC)OC(CCCCCCC/C=C\C/C=C\CCCCC)=O)=O)CCCN(C)C)OCCCCCCCC/C=C\CC(CCCCCC)OC(CCCCCCC/C=C\C/C=C\CCCCC)=O,-0.9349427803947028
O=C(CCN(CCC(OCCCCCCCC/C=C\CC(CCCCCC)OC(CCCCCCC/C=C\C/C=C\CCCCC)=O)=O)CCCN(C)C)OCCCCCCCC/C=C\CC(CCCCCC)OC(CCCCCCC/C=C\C/C=C\CCCCC)=O,0.6121756282904506
O=C(CCN(CCC(OCCCCCCCC/C=C\CC(CCCCCC)OC(CCCCCCC/C=C\C/C=C\CCCCC)=O)=O)CCCN(C)C)OCCCCCCCC/C=C\CC(CCCCCC)OC(CCCCCCC/C=C\C/C=C\CCCCC)=O,-0.0624399568920287
O=C(CCN(CCC(OCCCCCCCC/C=C\CC(CCCCCC)OC(CCCCCCC/C=C\C/C=C\CCCCC)=O)=O)CCCN(C)C)OCCCCCCCC/C=C\CC(CCCCCC)OC(CCCCCCC/C=C\C/C=C\CCCCC)=O,0.8010679921415449
O=C(CCN(CCC(OCCCCCCCC/C=C\CC(CCCCCC)OC(CCCCCCC/C=C\C/C=C\CCCCC)=O)=O)CCCN(C)C)OCCCCCCCC/C=C\CC(CCCCCC)OC(CCCCCCC/C=C\C/C=C\CCCCC)=O,-0.2063579483976245
O=C(CCN(CCC(OCCCCCCCC/C=C\CC(CCCCCC)OC(CCCCCCC/C=C\C/C=C\CCCCC)=O)=O)CCCN(C)C)OCCCCCCCC/C=C\CC(CCCCCC)OC(CCCCCCC/C=C\C/C=C\CCCCC)=O,-0.0624399568920287
O=C(CCN(CCC(OCCCCCCCC/C=C\CC(CCCCCC)OC(CCCCCCC/C=C\C/C=C\CCCCC)=O)=O)CCCN(C)C)OCCCCCCCC/C=C\CC(CCCCCC)OC(CCCCCCC/C=C\C/C=C\CCCCC)=O,-0.3862554377796189
O=C(CCN(CCC(OCCCCCCCC/C=C\CC(CCCCCC)OC(CCCCCCC/C=C\C/C=C\CCCCC)=O)=O)CCCN(C)C)OCCCCCCCC/C=C\CC(CCCCCC)OC(CCCCCCC/C=C\C/C=C\CCCCC)=O,-0.1164092037066271
O=C(CCN(CCC(OCCCCCCCC/C=C\CC(CCCCCC)OC(CCCCCCC/C=C\C/C=C\CCCCC)=O)=O)CCCN(C)C)OCCCCCCCC/C=C\CC(CCCCCC)OC(CCCCCCC/C=C\C/C=C\CCCCC)=O,1.1248834730291355
O=C(CCN(CCC(OCCCCCCCC/C=C\CC(CCCCCC)OC(CCCCCCC/C=C\C/C=C\CCCCC)=O)=O)CCCN(C)C)OCCCCCCCC/C=C\CC(CCCCCC)OC(CCCCCCC/C=C\C/C=C\CCCCC)=O,0.9000116113016422
O=C(CCN(CCC(OCCCCCCCC/C=C\CC(CCCCCC)OC(CCCCCCC/C=C\C/C=C\CCCCC)=O)=O)CCCN(C)C)OCCCCCCCC/C=C\CC(CCCCCC)OC(CCCCCCC/C=C\C/C=C\CCCCC)=O,0.8280526155488442
O=C(CCN(CCC(OCCCCCCCC/C=C\CC(CCCCCC)OC(CCCCCCC/C=C\C/C=C\CCCCC)=O)=O)CCCN(C)C)OCCCCCCCC/C=C\CC(CCCCCC)OC(CCCCCCC/C=C\C/C=C\CCCCC)=O,1.781509309273416
O=C(CCN(CCC(OCCCCCCCC/C=C\CC(CCCCCC)OC(CCCCCCC/C=C\C/C=C\CCCCC)=O)=O)CCCN(C)C)OCCCCCCCC/C=C\CC(CCCCCC)OC(CCCCCCC/C=C\C/C=C\CCCCC)=O,1.2957860879420309
O=C(CCN(CCC(OCCCCCCCC/C=C\CC(CCCCCC)OC(CCCCCCC/C=C\C/C=C\CCCCC)=O)=O)CCCN(C)C)OCCCCCCCC/C=C\CC(CCCCCC)OC(CCCCCCC/C=C\C/C=C\CCCCC)=O,1.5476425730768224
O=C(CCN(CCC(OCCCCCCCC/C=C\CC(CCCCCC)OC(CCCCCCC/C=C\C/C=C\CCCCC)=O)=O)CCCN(C)C)OCCCCCCCC/C=C\CC(CCCCCC)OC(CCCCCCC/C=C\C/C=C\CCCCC)=O,1.5206579496695238
O=C(CCN(CCC(OCCCCCCCC/C=C\CC(CCCCCC)OC(CCCCCCC/C=C\C/C=C\CCCCC)=O)=O)CCCN(C)C)OCCCCCCCC/C=C\CC(CCCCCC)OC(CCCCCCC/C=C\C/C=C\CCCCC)=O,0.7201141219196474
O=C(CCN(CCC(OCCCCCCCC/C=C\CC(CCCCCC)OC(CCCCCCCCC/C=C\CCCCCCCC)=O)=O)CCCN(C)C)OCCCCCCCC/C=C\CC(CCCCCC)OC(CCCCCCCCC/C=C\CCCCCCCC)=O,1.376739958163928
O=C(CCN(CCC(OCCCCCCCC/C=C\CC(CCCCCC)OC(CCCCCCCCC/C=C\CCCCCCCC)=O)=O)CCCN(C)C)OCCCCCCCC/C=C\CC(CCCCCC)OC(CCCCCCCCC/C=C\CCCCCCCC)=O,0.7111192474505479
N(CCC(=O)OCCCCCCCC\C=C/CC(CCCCCC)OC(=O)CCCCCCCCCCC)(CCC(=O)OCCCCCCCC\C=C/CC(CCCCCC)OC(=O)CCCCCCCCCCC)CCN1CCCC1,1.2598065900656317
N(CCC(=O)OCCCCCCCC\C=C/CC(CCCCCC)OC(=O)CC/C=C\CCCCC)(CCC(=O)OCCCCCCCC\C=C/CC(CCCCCC)OC(=O)CC/C=C\CCCCC)CCCN(CC)CC,1.0169449793999386
N(CCC(=O)OCCCCCCCC\C=C/CC(CCCCCC)OC(=O)CCCCCCC/C=C\CCCCCCCC)(CCC(=O)OCCCCCCCC\C=C/CC(CCCCCC)OC(=O)CCCCCCC/C=C\CCCCCCCC)CCN1CCCC1,1.4037245815712276
N(CCC(=O)OCCCCCCCC\C=C/CC(CCCCCC)OC(=O)CCCCCCC/C=C\C/C=C\CCCCC)(CCC(=O)OCCCCCCCC\C=C/CC(CCCCCC)OC(=O)CCCCCCC/C=C\C/C=C\CCCCC)CCCN(CC)CC,1.4666887028549251
N(CCC(=O)OCCCCCCCC\C=C/CC(CCCCCC)OC(=O)CC/C=C\CCCCC)(CCC(=O)OCCCCCCCC\C=C/CC(CCCCCC)OC(=O)CC/C=C\CCCCC)CCCN(CC)CC,1.376739958163928
CCCCN(CCCC)CCN(CCC(=O)OCCCCCCCC\C=C/CC(CCCCCC)OC(=O)CC/C=C\CCCCC)(CCC(=O)OCCCCCCCC\C=C/CC(CCCCCC)OC(=O)CC/C=C\CCCCC),0.0724831601444671
CCCCN(CCCC)CCCN(CCC(=O)OCCCCCCCC\C=C/CC(CCCCCC)OC(=O)CCCCCCC/C=C\C/C=C\CCCCC)(CCC(=O)OCCCCCCCC\C=C/CC(CCCCCC)OC(=O)CCCCCCC/C=C\C/C=C\CCCCC),0.6301653772286505
OCCN(C)(CCC(=O)OCCCCCCCC\C=C/CC(CCCCCC)OC(=O)CC/C=C\CCCCC),1.0169449793999386
N(CCC(=O)OCCCCCCCC\C=C/CC(CCCCCC)OC(=O)CCCCCCCCC/C=C\CCCCCCCC)(CCC(=O)OCCCCCCCC\C=C/CC(CCCCCC)OC(=O)CCCCCCCCC/C=C\CCCCCCCC)CCCN(C)C,0.8280526155488442
N(CCC(=O)OCCCCCCCC\C=C/CC(CCCCCC)OC(=O)C)(CCC(=O)OCCCCCCCC\C=C/CC(CCCCCC)OC(=O)C)CCN(C)C,0.9188677753323032
N(CCC(=O)OCCCCCCCC\C=C/CC(CCCCCC)OC(=O)CCC)(CCC(=O)OCCCCCCCC\C=C/CC(CCCCCC)OC(=O)CCC)CCCN(C)C,1.4942506712748982
N(CCC(=O)OCCCCCCCC\C=C/CC(CCCCCC)OC(=O)CCCCCC)(CCC(=O)OCCCCCCCC\C=C/CC(CCCCCC)OC(=O)CCCCCC)CCN(CC)CC,1.3829458530715404
N(CCC(=O)OCCCCCCCC\C=C/CC(CCCCCC)OC(=O)CCCCCCC)(CCC(=O)OCCCCCCCC\C=C/CC(CCCCCC)OC(=O)CCCCCCC)CCN(C)C,1.3237034852287002
N(CCC(=O)OCCCCCCCC\C=C/CC(CCCCCC)OC(=O)CCCCCCC)(CCC(=O)OCCCCCCCC\C=C/CC(CCCCCC)OC(=O)CCCCCCC)CCCN(CC)CC,1.1466343027983463
N(CCC(=O)OCCCCCCCC\C=C/CC(CCCCCC)OC(=O)CCCCCCCCC)(CCC(=O)OCCCCCCCC\C=C/CC(CCCCCC)OC(=O)CCCCCCCCC)CCN(CC)CC,1.3947297071021272
N(CCC(=O)OCCCCCCCC\C=C/CC(CCCCCC)OC(=O)CCCCCCC/C=C\C/C=C\CCCCC)(CCC(=O)OCCCCCCCC\C=C/CC(CCCCCC)OC(=O)CCCCCCC/C=C\C/C=C\CCCCC)CCCN(CC)CC,1.2280634810764277
CC[N+](CC)(C)CCC[N+](CCC(=O)OCCCCCCCC\C=C/CC(CCCCCC)OC(=O)CCCCCCC/C=C\CCCCCCCC)(CCC(=O)OCCCCCCCC\C=C/CC(CCCCCC)OC(=O)CCCCCCC/C=C\CCCCCCCC)C,-0.4941939314088157
N(CCC(=O)OCCCCCCCC\C=C/CC(CCCCCC)OC(=O)CCCCCCCCCCCCCCC)(CCC(=O)OCCCCCCCC\C=C/CC(CCCCCC)OC(=O)CCCCCCCCCCCCCCC)CCCN(C)C,-0.3045035837749413
N(CCC(=O)OCCCCCCCC\C=C/CC(CCCCCC)OC(=O)CCC/C=C\C/C=C\C/C=C\C/C=C\CCCCC)(CCC(=O)OCCCCCCCC\C=C/CC(CCCCCC)OC(=O)CCC/C=C\C/C=C\C/C=C\C/C=C\CCCCC)CCCN(C)C,-0.3045035837749413
N(CCC(=O)OCCCCCCCC\C=C/CC(CCCCCC)OC(=O)CC\C=C/C/C=C\C\C=C/C\C=C/C\C=C/C\C=C/CC)(CCC(=O)OCCCCCCCC\C=C/CC(CCCCCC)OC(=O)CC\C=C/C/C=C\C\C=C/C\C=C/C\C=C/C\C=C/CC)CCCN(C)C,3.076099265589626
N(CCC(=O)OCCCCCCCC\C=C/CC(CCCCCC)OC(=O)CCC/C=C\C/C=C\C/C=C\C/C=C\C/C=C\CC)(CCC(=O)OCCCCCCCC\C=C/CC(CCCCCC)OC(=O)CCC/C=C\C/C=C\C/C=C\C/C=C\C/C=C\CC)CCCN(C)C,3.6661139409760657
N(CCC(=O)OCCCCCCCC\C=C/CC(CCCCCC)OC(=O)CCCCCCCCCC)(CCC(=O)OCCCCCCCC\C=C/CC(CCCCCC)OC(=O)CCCCCCCCCC)CCCN(C)C,-0.3045035837749413
N(CCC(=O)OCCCCCCCC\C=C/CC(CCCCCC)OC(=O)CC/C=C\CC)(CCC(=O)OCCCCCCCC\C=C/CC(CCCCCC)OC(=O)CC/C=C\CC)CCN(C)C,-0.3045035837749413
N(CCC(=O)OCCCCCCCC\C=C/CC(CCCCCC)OC(=O)CCCCCCCCCCCCCCC)(CCC(=O)OCCCCCCCC\C=C/CC(CCCCCC)OC(=O)CCCCCCCCCCCCCCC)CCN(C)C,-0.3045035837749413
N(CCC(=O)OCCCCCCCC\C=C/CC(CCCCCC)OC(=O)CCCCCCC)(CCC(=O)OCCCCCCCC\C=C/CC(CCCCCC)OC(=O)CCCCCCC)CCN(C)C,-0.3045035837749413
N(CCC(=O)OCCCCCCCC\C=C/CC(CCCCCC)OC(=O)CCCCCCCCCCCCCCC)(CCC(=O)OCCCCCCCC\C=C/CC(CCCCCC)OC(=O)CCCCCCCCCCCCCCC)CCCN(CC)CC,-0.3045035837749413
N(CCC(=O)OCCCCCCCC\C=C/CC(CCCCCC)OC(=O)CC/C=C\CCCCC)(CCC(=O)OCCCCCCCC\C=C/CC(CCCCCC)OC(=O)CC/C=C\CCCCC)CCCN(CC)CC,-0.3045035837749413
N(CCC(=O)OCCCCCCCC\C=C/CC(CCCCCC)OC(=O)CCCCCCC)(CCC(=O)OCCCCCCCC\C=C/CC(CCCCCC)OC(=O)CCCCCCC)CCCN(CC)CC,-0.3045035837749413
N(CCC(=O)OCCCCCCCC\C=C/CC(CCCCCC)OC(=O)CCCCCCC/C=C\CCCCCCCC)(CCC(=O)OCCCCCCCC\C=C/CC(CCCCCC)OC(=O)CCCCCCC/C=C\CCCCCCCC)CCCN(CC)CC,-0.3045035837749413
N(CCC(=O)OCCCCCCCC\C=C/CC(CCCCCC)OC(=O)CCCCCCC/C=C\C/C=C\CCCCC)(CCC(=O)OCCCCCCCC\C=C/CC(CCCCCC)OC(=O)CCCCCCC/C=C\C/C=C\CCCCC)CCCN(CC)CC,-0.3045035837749413
N(CCC(=O)OCCCCCCCC\C=C/CC(CCCCCC)OC(=O)CCCCCCCCCC)(CCC(=O)OCCCCCCCC\C=C/CC(CCCCCC)OC(=O)CCCCCCCCCC)CCCN(CC)CC,-0.3045035837749413
N(CCC(=O)OCCCCCCCC\C=C/CC(CCCCCC)OC(=O)CC/C=C\CC)(CCC(=O)OCCCCCCCC\C=C/CC(CCCCCC)OC(=O)CC/C=C\CC)CCN(CC)CC,-0.3045035837749413
N(CCC(=O)OCCCCCCCC\C=C/CC(CCCCCC)OC(=O)CC/C=C\CCCCC)(CCC(=O)OCCCCCCCC\C=C/CC(CCCCCC)OC(=O)CC/C=C\CCCCC)CCN(CC)CC,-0.3045035837749413
N(CCC(=O)OCCCCCCCC\C=C/CC(CCCCCC)OC(=O)CCCCCC)(CCC(=O)OCCCCCCCC\C=C/CC(CCCCCC)OC(=O)CCCCCC)CCN(CC)CC,-0.3045035837749413
CN(CCC(=O)OCCCCCCCC\C=C/CC(CCCCCC)OC(=O)CCCCCCC)CCCN(CCC(=O)OCCCCCCCC\C=C/CC(CCCCCC)OC(=O)CCCCCCC)C,-0.3045035837749413
CN(CCC(=O)OCCCCCCCC\C=C/CC(CCCCCC)OC(=O)CCCCCCCCCCCCCCCCC)CCCN(CCC(=O)OCCCCCCCC\C=C/CC(CCCCCC)OC(=O)CCCCCCCCCCCCCCCCC)C,-0.3045035837749413
CN(CCC(=O)OCCCCCCCC\C=C/CC(CCCCCC)OC(=O)CCC/C=C\C/C=C\C/C=C\C/C=C\C/C=C\CC)CCCN(CCC(=O)OCCCCCCCC\C=C/CC(CCCCCC)OC(=O)CCC/C=C\C/C=C\C/C=C\C/C=C\C/C=C\CC)C,-0.3045035837749413
CCN(CC)CCN(CCC(=O)OCCCCCCCC\C=C/CC(CCCCCC)OC(=O)CCC/C=C\C/C=C\C/C=C\C/C=C\CCCCC)CCN(CC)CC,-0.3045035837749413
CCN(CC)CCN(CCC(=O)OCCCCCCCC\C=C/CC(CCCCCC)OC(=O)CCCCCC)CCN(CC)CC,-0.3045035837749413
CCN(CC)CCN(CCC(=O)OCCCCCCCC\C=C/CC(CCCCCC)OC(=O)CCCCCCCCCCCCCCCCC)CCN(CC)CC,-0.3045035837749413
CCN(CC)CCN(CCC(=O)OCCCCCCCC\C=C/CC(CCCCCC)OC(=O)CCC/C=C\C/C=C\C/C=C\C/C=C\C/C=C\CC)CCN(CC)CC,-0.3045035837749413
N(CCC(=O)OCCCCCCCC\C=C/CC(CCCCCC)OC(=O)CCCCCC)(CCC(=O)OCCCCCCCC\C=C/CC(CCCCCC)OC(=O)CCCCCC)CCCN1CCN(C)CC1,-0.3045035837749413
N(CCC(=O)OCCCCCCCC\C=C/CC(CCCCCC)OC(=O)CCC/C=C\C/C=C\C/C=C\C/C=C\C/C=C\CC)(CCC(=O)OCCCCCCCC\C=C/CC(CCCCCC)OC(=O)CCC/C=C\C/C=C\C/C=C\C/C=C\C/C=C\CC)CCCN1CCN(C)CC1,1.4502293320516362
N(CCC(=O)OCCCCCCCC\C=C/CC(CCCCCC)OC(=O)C(CCCCCC)CCCCCCCC)(CCC(=O)OCCCCCCCC\C=C/CC(CCCCCC)OC(=O)C(CCCCCC)CCCCCCCC)CCc1ccncc1,-0.3045035837749413
N(CCC(=O)OCCCCCCCC\C=C/CC(CCCCCC)OC(=O)CC\C=C/C/C=C\C\C=C/C\C=C/C\C=C/C\C=C/CC)(CCC(=O)OCCCCCCCC\C=C/CC(CCCCCC)OC(=O)CC\C=C/C/C=C\C\C=C/C\C=C/C\C=C/C\C=C/CC)CCc1ccncc1,1.234056955542457
N(CCC(=O)OCCCCCCCC\C=C/CC(CCCCCC)OC(=O)CCC/C=C\C/C=C\C/C=C\C/C=C\C/C=C\CC)(CCC(=O)OCCCCCCCC\C=C/CC(CCCCCC)OC(=O)CCC/C=C\C/C=C\C/C=C\C/C=C\C/C=C\CC)CCc1ccncc1,1.527546871322911
N(CCC(=O)OCCCCCCCC\C=C/CC(CCCCCC)OC(=O)CC/C=C\CC)(CCC(=O)OCCCCCCCC\C=C/CC(CCCCCC)OC(=O)CC/C=C\CC)CCN1CCOCC1,-0.3045035837749413
N(CCC(=O)OCCCCCCCC\C=C/CC(CCCCCC)OC(=O)C(CCCCCC)CCCCCCCC)(CCC(=O)OCCCCCCCC\C=C/CC(CCCCCC)OC(=O)C(CCCCCC)CCCCCCCC)CCN1CCOCC1,-0.3045035837749413
N(CCC(=O)OCCCCCCCC\C=C/CC(CCCCCC)OC(=O)CCC/C=C\C/C=C\C/C=C\C/C=C\CCCCC)(CCC(=O)OCCCCCCCC\C=C/CC(CCCCCC)OC(=O)CCC/C=C\C/C=C\C/C=C\C/C=C\CCCCC)CCN1CCOCC1,-0.3045035837749413
N(CCC(=O)OCCCCCCCC\C=C/CC(CCCCCC)OC(=O)CC/C=C\CC)(CCC(=O)OCCCCCCCC\C=C/CC(CCCCCC)OC(=O)CC/C=C\CC)CCN1CCCCC1,-0.3045035837749413
N(CCC(=O)OCCCCCCCC\C=C/CC(CCCCCC)OC(=O)CCCCCCCCCCCCC)(CCC(=O)OCCCCCCCC\C=C/CC(CCCCCC)OC(=O)CCCCCCCCCCCCC)CCN1CCCCC1,-0.3045035837749413
N(CCC(=O)OCCCCCCCC\C=C/CC(CCCCCC)OC(=O)C(CCCCCC)CCCCCCCC)(CCC(=O)OCCCCCCCC\C=C/CC(CCCCCC)OC(=O)C(CCCCCC)CCCCCCCC)CCN1CCCCC1,-0.3045035837749413
N(CCC(=O)OCCCCCCCC\C=C/CC(CCCCCC)OC(=O)CCCCCCC/C=C\C/C=C\CCCCC)(CCC(=O)OCCCCCCCC\C=C/CC(CCCCCC)OC(=O)CCCCCCC/C=C\C/C=C\CCCCC)CCN1CCCCC1,-0.3045035837749413
N(CCC(=O)OCCCCCCCC\C=C/CC(CCCCCC)OC(=O)CCC/C=C\C/C=C\C/C=C\C/C=C\C/C=C\CC)(CCC(=O)OCCCCCCCC\C=C/CC(CCCCCC)OC(=O)CCC/C=C\C/C=C\C/C=C\C/C=C\C/C=C\CC)CCN1CCCCC1,3.1409289648283525
N(CCC(=O)OCCCCCCCC\C=C/CC(CCCCCC)OC(=O)CC\C=C/C/C=C\C\C=C/C\C=C/C\C=C/C\C=C/CC)(CCC(=O)OCCCCCCCC\C=C/CC(CCCCCC)OC(=O)CC\C=C/C/C=C\C\C=C/C\C=C/C\C=C/C\C=C/CC)CCCN1CCCCCC1,0.6460265852896324
N(CCC(=O)OCCCCCCCC\C=C/CC(CCCCCC)OC(=O)CCCCC)(CCC(=O)OCCCCCCCC\C=C/CC(CCCCCC)OC(=O)CCCCC)CCCN1CCCCCC1,-0.3045035837749413
N(CCC(=O)OCCCCCCCC\C=C/CC(CCCCCC)OC(=O)CC/C=C\CCCCC)(CCC(=O)OCCCCCCCC\C=C/CC(CCCCCC)OC(=O)CC/C=C\CCCCC)CCCN1CCCCC1,-0.3045035837749413
N(CCC(=O)OCCCCCCCC\C=C/CC(CCCCCC)OC(=O)CCCCC)(CCC(=O)OCCCCCCCC\C=C/CC(CCCCCC)OC(=O)CCCCC)CCCN1CCCCC1,-0.3045035837749413
N(CCC(=O)OCCCCCCCC\C=C/CC(CCCCCC)OC(=O)CCCCCCC/C=C\CCCCCCCC)(CCC(=O)OCCCCCCCC\C=C/CC(CCCCCC)OC(=O)CCCCCCC/C=C\CCCCCCCC)CCCN1CCCCC1,-0.3045035837749413
N(CCC(=O)OCCCCCCCC\C=C/CC(CCCCCC)OC(=O)CCCCCCCCCCC)(CCC(=O)OCCCCCCCC\C=C/CC(CCCCCC)OC(=O)CCCCCCCCCCC)CCN1CCN(C)CCCC1,-0.3045035837749413
N(CCC(=O)OCCCCCCCC\C=C/CC(CCCCCC)OC(=O)CCCCCC)(CCC(=O)OCCCCCCCC\C=C/CC(CCCCCC)OC(=O)CCCCCC)CCN1CCN(C)CCCC1,-0.3045035837749413
N(CCC(=O)OCCCCCCCC\C=C/CC(CCCCCC)OC(=O)CCCCCCCCCCCCCCCCC)(CCC(=O)OCCCCCCCC\C=C/CC(CCCCCC)OC(=O)CCCCCCCCCCCCCCCCC)CCN1CCN(C)CCCC1,-0.3045035837749413
N(CCC(=O)OCCCCCCCC\C=C/CC(CCCCCC)OC(=O)CCCCCCCCCC)(CCC(=O)OCCCCCCCC\C=C/CC(CCCCCC)OC(=O)CCCCCCCCCC)CCN1CCN(C)CCCC1,-0.3045035837749413
N(CCC(=O)OCCCCCCCC\C=C/CC(CCCCCC)OC(=O)CC/C=C\CCCCC)(CCC(=O)OCCCCCCCC\C=C/CC(CCCCCC)OC(=O)CC/C=C\CCCCC)CCC1N(C)CCCC1,-0.3045035837749413
N(CCC(=O)OCCCCCCCC\C=C/CC(CCCCCC)OC(=O)CCC/C=C\C/C=C\C/C=C\C/C=C\CCCCC)(CCC(=O)OCCCCCCCC\C=C/CC(CCCCCC)OC(=O)CCC/C=C\C/C=C\C/C=C\C/C=C\CCCCC)CCC1N(C)CCCC1,-0.3045035837749413
N(CCC(=O)OCCCCCCCC\C=C/CC(CCCCCC)OC(=O)CCCCCCCCCCCCCCCCC)(CCC(=O)OCCCCCCCC\C=C/CC(CCCCCC)OC(=O)CCCCCCCCCCCCCCCCC)CCC1N(C)CCCC1,-0.3045035837749413
N(CCC(=O)OCCCCCCCC\C=C/CC(CCCCCC)OC(=O)CC/C=C\CC)(CCC(=O)OCCCCCCCC\C=C/CC(CCCCCC)OC(=O)CC/C=C\CC)CCN1CCN(C)CC1,-0.3045035837749413
N(CCC(=O)OCCCCCCCC\C=C/CC(CCCCCC)OC(=O)CCCCCCCCCCC)(CCC(=O)OCCCCCCCC\C=C/CC(CCCCCC)OC(=O)CCCCCCCCCCC)CCN1CCN(C)CC1,-0.3045035837749413
N(CCC(=O)OCCCCCCCC\C=C/CC(CCCCCC)OC(=O)CCCCCCCCCCCCC)(CCC(=O)OCCCCCCCC\C=C/CC(CCCCCC)OC(=O)CCCCCCCCCCCCC)CCN1CCN(C)CC1,-0.3045035837749413
N(CCC(=O)OCCCCCCCC\C=C/CC(CCCCCC)OC(=O)CCC/C=C\C/C=C\C/C=C\C/C=C\C/C=C\CC)(CCC(=O)OCCCCCCCC\C=C/CC(CCCCCC)OC(=O)CCC/C=C\C/C=C\C/C=C\C/C=C\C/C=C\CC)CCN1CCN(C)CC1,4.542829136765084
N(CCC(=O)OCCCCCCCC\C=C/CC(CCCCCC)OC(=O)CC\C=C/C/C=C\C\C=C/C\C=C/C\C=C/C\C=C/CC)(CCC(=O)OCCCCCCCC\C=C/CC(CCCCCC)OC(=O)CC\C=C/C/C=C\C\C=C/C\C=C/C\C=C/C\C=C/CC)CC1N(C)CCCC1,-0.3045035837749413
N(CCC(=O)OCCCCCCCC\C=C/CC(CCCCCC)OC(=O)CCCCCCC)(CCC(=O)OCCCCCCCC\C=C/CC(CCCCCC)OC(=O)CCCCCCC)CC1N(C)CCCC1,-0.3045035837749413
N(CCC(=O)OCCCCCCCC\C=C/CC(CCCCCC)OC(=O)CC/C=C\CC)(CCC(=O)OCCCCCCCC\C=C/CC(CCCCCC)OC(=O)CC/C=C\CC)CCC1N(CC(C)C)CCCC1,-0.3045035837749413
N(CCC(=O)OCCCCCCCC\C=C/CC(CCCCCC)OC(=O)CCCCCCCCCCCCCCC)(CCC(=O)OCCCCCCCC\C=C/CC(CCCCCC)OC(=O)CCCCCCCCCCCCCCC)CCC1N(CC(C)C)CCCC1,-0.3045035837749413
N(CCC(=O)OCCCCCCCC\C=C/CC(CCCCCC)OC(=O)CCCCC)(CCC(=O)OCCCCCCCC\C=C/CC(CCCCCC)OC(=O)CCCCC)CCC1N(CC(C)C)CCCC1,-0.3045035837749413
N(CCC(=O)OCCCCCCCC\C=C/CC(CCCCCC)OC(=O)CCCCCCCCCCC)(CCC(=O)OCCCCCCCC\C=C/CC(CCCCCC)OC(=O)CCCCCCCCCCC)CCN1CCCCCC1,-0.3045035837749413
N(CCC(=O)OCCCCCCCC\C=C/CC(CCCCCC)OC(=O)CC\C=C/C/C=C\C\C=C/C\C=C/C\C=C/C\C=C/CC)(CCC(=O)OCCCCCCCC\C=C/CC(CCCCCC)OC(=O)CC\C=C/C/C=C\C\C=C/C\C=C/C\C=C/C\C=C/CC)CCN1CCCCCC1,3.3766516626718786
N(CCC(=O)OCCCCCCCC\C=C/CC(CCCCCC)OC(=O)CCCCC)(CCC(=O)OCCCCCCCC\C=C/CC(CCCCCC)OC(=O)CCCCC)CCN1CCCCCC1,-0.3045035837749413
N(CCC(=O)OCCCCCCCC\C=C/CC(CCCCCC)OC(=O)CCCCCCC/C=C\C/C=C\CCCCC)(CCC(=O)OCCCCCCCC\C=C/CC(CCCCCC)OC(=O)CCCCCCC/C=C\C/C=C\CCCCC)CCN1CCCCCC1,-0.3045035837749413
N(CCC(=O)OCCCCCCCC\C=C/CC(CCCCCC)OC(=O)CCCCCCCCCC)(CCC(=O)OCCCCCCCC\C=C/CC(CCCCCC)OC(=O)CCCCCCCCCC)CCN1CCCCCC1,-0.3045035837749413
N(CCC(=O)OCCCCCCCC\C=C/CC(CCCCCC)OC(=O)CCCCCCCCCCCCCCC)(CCC(=O)OCCCCCCCC\C=C/CC(CCCCCC)OC(=O)CCCCCCCCCCCCCCC)CCO,-0.3045035837749413
N(CCC(=O)OCCCCCCCC\C=C/CC(CCCCCC)OC(=O)CC/C=C\CCCCC)(CCC(=O)OCCCCCCCC\C=C/CC(CCCCCC)OC(=O)CC/C=C\CCCCC)CCO,-0.3045035837749413
N(CCC(=O)OCCCCCCCC\C=C/CC(CCCCCC)OC(=O)CCCCCCC)(CCC(=O)OCCCCCCCC\C=C/CC(CCCCCC)OC(=O)CCCCCCC)CCCCCO,-0.3045035837749413
N(CCC(=O)OCCCCCCCC\C=C/CC(CCCCCC)OC(=O)CCCCCCCCCCC)(CCC(=O)OCCCCCCCC\C=C/CC(CCCCCC)OC(=O)CCCCCCCCCCC)CCC1OCCO1,-0.3045035837749413
N(CCC(=O)OCCCCCCCC\C=C/CC(CCCCCC)OC(=O)CCC/C=C\C/C=C\C/C=C\C/C=C\CCCCC)(CCC(=O)OCCCCCCCC\C=C/CC(CCCCCC)OC(=O)CCC/C=C\C/C=C\C/C=C\C/C=C\CCCCC)CCC1OCCO1,-0.3045035837749413
N(CCC(=O)OCCCCCCCC\C=C/CC(CCCCCC)OC(=O)CCCCCCC/C=C\C/C=C\CCCCC)(CCC(=O)OCCCCCCCC\C=C/CC(CCCCCC)OC(=O)CCCCCCC/C=C\C/C=C\CCCCC)CCC1OCCO1,-0.3045035837749413
N(CCC(=O)OCCCCCCCC\C=C/CC(CCCCCC)OC(=O)CCCCCCCCCCC)(CCC(=O)OCCCCCCCC\C=C/CC(CCCCCC)OC(=O)CCCCCCCCCCC)CCN1CCCC1,-0.3045035837749413
N(CCC(=O)OCCCCCCCC\C=C/CC(CCCCCC)OC(=O)CCCCC)(CCC(=O)OCCCCCCCC\C=C/CC(CCCCCC)OC(=O)CCCCC)CCN1CCCC1,-0.3045035837749413
N(CCC(=O)OCCCCCCCC\C=C/CC(CCCCCC)OC(=O)CCCCCCC/C=C\CCCCCCCC)(CCC(=O)OCCCCCCCC\C=C/CC(CCCCCC)OC(=O)CCCCCCC/C=C\CCCCCCCC)CCN1CCCC1,-0.3045035837749413
N(CCC(=O)OCCCCCCCC\C=C/CC(CCCCCC)OC(=O)CCCCCCCCCC)(CCC(=O)OCCCCCCCC\C=C/CC(CCCCCC)OC(=O)CCCCCCCCCC)CCN1CCCC1,-0.3045035837749413
N(CCC(=O)OCCCCCCCC\C=C/CC(CCCCCC)OC(=O)CCCCCCCCCCCCC)(CCC(=O)OCCCCCCCC\C=C/CC(CCCCCC)OC(=O)CCCCCCCCCCCCC)CCCN1CCCC1,-0.3045035837749413
N(CCC(=O)OCCCCCCCC\C=C/CC(CCCCCC)OC(=O)CCCCC)(CCC(=O)OCCCCCCCC\C=C/CC(CCCCCC)OC(=O)CCCCC)CCCN1CCCC1,-0.3045035837749413
N(CCC(=O)OCCCCCCCC\C=C/CC(CCCCCC)OC(=O)CCCCCCCCCCCCCCCCC)(CCC(=O)OCCCCCCCC\C=C/CC(CCCCCC)OC(=O)CCCCCCCCCCCCCCCCC)CCCN1CCCC1,-0.3045035837749413
N(CCC(=O)OCCCCCCCC\C=C/CC(CCCCCC)OC(=O)CC/C=C\CC)(CCC(=O)OCCCCCCCC\C=C/CC(CCCCCC)OC(=O)CC/C=C\CC)CCCn1ccnc1,-0.3045035837749413
N(CCC(=O)OCCCCCCCC\C=C/CC(CCCCCC)OC(=O)CCCCCCCCCCC)(CCC(=O)OCCCCCCCC\C=C/CC(CCCCCC)OC(=O)CCCCCCCCCCC)CCCn1ccnc1,-0.3045035837749413
N(CCC(=O)OCCCCCCCC\C=C/CC(CCCCCC)OC(=O)CCCCCCCCCC)(CCC(=O)OCCCCCCCC\C=C/CC(CCCCCC)OC(=O)CCCCCCCCCC)CCCn1ccnc1,-0.3045035837749413
N(CCC(=O)OCCCCCCCC\C=C/CC(CCCCCC)OC(=O)CC\C=C/C/C=C\C\C=C/C\C=C/C\C=C/C\C=C/CC)(CCC(=O)OCCCCCCCC\C=C/CC(CCCCCC)OC(=O)CC\C=C/C/C=C\C\C=C/C\C=C/C\C=C/C\C=C/CC)CCN(CCC(=O)OCCCCCCCC\C=C/CC(CCCCCC)OC(=O)CC\C=C/C/C=C\C\C=C/C\C=C/C\C=C/C\C=C/CC)CCN(CC1)CCN1CCN(CCC(=O)OCCCCCCCC\C=C/CC(CCCCCC)OC(=O)CC\C=C/C/C=C\C\C=C/C\C=C/C\C=C/C\C=C/CC)(CCC(=O)OCCCCCCCC\C=C/CC(CCCCCC)OC(=O)CC\C=C/C/C=C\C\C=C/C\C=C/C\C=C/C\C=C/CC),-0.2002961100672363
N(CCC(=O)OCCCCCCCC\C=C/CC(CCCCCC)OC(=O)CC\C=C/C/C=C\C\C=C/C\C=C/C\C=C/C\C=C/CC)(CCC(=O)OCCCCCCCC\C=C/CC(CCCCCC)OC(=O)CC\C=C/C/C=C\C\C=C/C\C=C/C\C=C/C\C=C/CC)CC(O)CO,-0.2358681534676216
N(CCC(=O)OCCCCCCCC\C=C/CC(CCCCCC)OC(=O)CCCCCCC/C=C\C/C=C\C/C=C\CC)(CCC(=O)OCCCCCCCC\C=C/CC(CCCCCC)OC(=O)CCCCCCC/C=C\C/C=C\C/C=C\CC)CCN(C)C,0.766856953798913
N(CCC(=O)OCCCCCCCC\C=C/CC(CCCCCC)OC(=O)CC/C=C\CCCCC)(CCC(=O)OCCCCCCCC\C=C/CC(CCCCCC)OC(=O)CC/C=C\CCCCC)CCCN(CCC(=O)OCCCCCCCC\C=C/CC(CCCCCC)OC(=O)CC/C=C\CCCCC)(CCC(=O)OCCCCCCCC\C=C/CC(CCCCCC)OC(=O)CC/C=C\CCCCC),-0.71608543237015
N(CCC(=O)OCCCCCCCC\C=C/CC(CCCCCC)OC(=O)CCCC\C=C/C\C=C/C\C=C/CCCCC)(CCC(=O)OCCCCCCCC\C=C/CC(CCCCCC)OC(=O)CCCC\C=C/C\C=C/C\C=C/CCCCC)CCN(C)C,-0.3288716084674929
N(CCC(=O)OCCCCCCCC\C=C/CC(CCCCCC)OC(=O)CCCC\C=C/C\C=C/C\C=C/CCCCC)(CCC(=O)OCCCCCCCC\C=C/CC(CCCCCC)OC(=O)CCCC\C=C/C\C=C/C\C=C/CCCCC)CCCn1ccnc1,-0.7187812578758446
N(CCC(=O)OCCCCCCCC\C=C/CC(CCCCCC)OC(=O)C(CCCC)CCCCCC)(CCC(=O)OCCCCCCCC\C=C/CC(CCCCCC)OC(=O)C(CCCC)CCCCCC)CCCN1CCCCC1,1.4014934287959049
N(CCC(=O)OCCCCCCCC\C=C/CC(CCCCCC)OC(=O)C(CCCC)CCCCCC)(CCC(=O)OCCCCCCCC\C=C/CC(CCCCCC)OC(=O)C(CCCC)CCCCCC)CCCN(CCC(=O)OCCCCCCCC\C=C/CC(CCCCCC)OC(=O)C(CCCC)CCCCCC)CCCN(C)C,1.2729251074849748
N(CCC(=O)OCCCCCCCC\C=C/CC(CCCCCC)OC(=O)C(CCCC)CCCCCC)(CCC(=O)OCCCCCCCC\C=C/CC(CCCCCC)OC(=O)C(CCCC)CCCCCC)CCCn1ccnc1,-0.7791229572218699
N(CCC(=O)OCCCCCCCC\C=C/CC(CCCCCC)OC(=O)CCC/C=C\C/C=C\C/C=C\C/C=C\CCCCC)(CCC(=O)OCCCCCCCC\C=C/CC(CCCCCC)OC(=O)CCC/C=C\C/C=C\C/C=C\C/C=C\CCCCC)CCCN(C)C,0.4759080522821249
N(CCC(=O)OCCCCCCCC\C=C/CC(CCCCCC)OC(=O)C(CCCCCC)CCCCCCCC)(CCC(=O)OCCCCCCCC\C=C/CC(CCCCCC)OC(=O)C(CCCCCC)CCCCCCCC)CCN1CCCCC1,0.4816335588105901
N(CCC(=O)OCCCCCCCC\C=C/CC(CCCCCC)OC(=O)CC\C=C/C/C=C\C\C=C/C\C=C/C\C=C/C\C=C/CC)(CCC(=O)OCCCCCCCC\C=C/CC(CCCCCC)OC(=O)CC\C=C/C/C=C\C\C=C/C\C=C/C\C=C/C\C=C/CC)CCN(CCC(=O)OCCCCCCCC\C=C/CC(CCCCCC)OC(=O)CC\C=C/C/C=C\C\C=C/C\C=C/C\C=C/C\C=C/CC)CCN(CC1)CCN1CCN(CCC(=O)OCCCCCCCC\C=C/CC(CCCCCC)OC(=O)CC\C=C/C/C=C\C\C=C/C\C=C/C\C=C/C\C=C/CC)(CCC(=O)OCCCCCCCC\C=C/CC(CCCCCC)OC(=O)CC\C=C/C/C=C\C\C=C/C\C=C/C\C=C/C\C=C/CC),0.3053551688015065
N(CCC(=O)OCCCCCCCC\C=C/CC(CCCCCC)OC(=O)CC\C=C/C/C=C\C\C=C/C\C=C/C\C=C/C\C=C/CC)(CCC(=O)OCCCCCCCC\C=C/CC(CCCCCC)OC(=O)CC\C=C/C/C=C\C\C=C/C\C=C/C\C=C/C\C=C/CC)CC(O)CO,0.9679870569130576
N(CCC(=O)OCCCCCCCC\C=C/CC(CCCCCC)OC(=O)CCCCCCC/C=C\C/C=C\C/C=C\CC)(CCC(=O)OCCCCCCCC\C=C/CC(CCCCCC)OC(=O)CCCCCCC/C=C\C/C=C\C/C=C\CC)CCN(C)C,1.429414980141115
N(CCC(=O)OCCCCCCCC\C=C/CC(CCCCCC)OC(=O)CC/C=C\CCCCC)(CCC(=O)OCCCCCCCC\C=C/CC(CCCCCC)OC(=O)CC/C=C\CCCCC)CCCN(CCC(=O)OCCCCCCCC\C=C/CC(CCCCCC)OC(=O)CC/C=C\CCCCC)(CCC(=O)OCCCCCCCC\C=C/CC(CCCCCC)OC(=O)CC/C=C\CCCCC),-0.04591610914843
N(CCC(=O)OCCCCCCCC\C=C/CC(CCCCCC)OC(=O)CCCC\C=C/C\C=C/C\C=C/CCCCC)(CCC(=O)OCCCCCCCC\C=C/CC(CCCCCC)OC(=O)CCCC\C=C/C\C=C/C\C=C/CCCCC)CCN(C)C,-1.219864843322727
N(CCC(=O)OCCCCCCCC\C=C/CC(CCCCCC)OC(=O)CCCC\C=C/C\C=C/C\C=C/CCCCC)(CCC(=O)OCCCCCCCC\C=C/CC(CCCCCC)OC(=O)CCCC\C=C/C\C=C/C\C=C/CCCCC)CCCn1ccnc1,-0.8641462518970515
N(CCC(=O)OCCCCCCCC\C=C/CC(CCCCCC)OC(=O)C(CCCC)CCCCCC)(CCC(=O)OCCCCCCCC\C=C/CC(CCCCCC)OC(=O)C(CCCC)CCCCCC)CCCN1CCCCC1,0.3262223488149866
N(CCC(=O)OCCCCCCCC\C=C/CC(CCCCCC)OC(=O)C(CCCC)CCCCCC)(CCC(=O)OCCCCCCCC\C=C/CC(CCCCCC)OC(=O)C(CCCC)CCCCCC)CCCN(CCC(=O)OCCCCCCCC\C=C/CC(CCCCCC)OC(=O)C(CCCC)CCCCCC)CCCN(C)C,-0.0561733687247382
N(CCC(=O)OCCCCCCCC\C=C/CC(CCCCCC)OC(=O)C(CCCC)CCCCCC)(CCC(=O)OCCCCCCCC\C=C/CC(CCCCCC)OC(=O)C(CCCC)CCCCCC)CCCn1ccnc1,-0.5036658914022923
N(CCC(=O)OCCCCCCCC\C=C/CC(CCCCCC)OC(=O)CCC/C=C\C/C=C\C/C=C\C/C=C\CCCCC)(CCC(=O)OCCCCCCCC\C=C/CC(CCCCCC)OC(=O)CCC/C=C\C/C=C\C/C=C\C/C=C\CCCCC)CCCN(C)C,0.6323789816154731
N(CCC(=O)OCCCCCCCC\C=C/CC(CCCCCC)OC(=O)C(CCCCCC)CCCCCCCC)(CCC(=O)OCCCCCCCC\C=C/CC(CCCCCC)OC(=O)C(CCCCCC)CCCCCCCC)CCN1CCCCC1,0.8631650200937672
N(CCC(=O)OCCCCCCCC\C=C/CC(CCCCCC)OC(=O)CC\C=C/C/C=C\C\C=C/C\C=C/C\C=C/C\C=C/CC)(CCC(=O)OCCCCCCCC\C=C/CC(CCCCCC)OC(=O)CC\C=C/C/C=C\C\C=C/C\C=C/C\C=C/C\C=C/CC)CCN(CCC(=O)OCCCCCCCC\C=C/CC(CCCCCC)OC(=O)CC\C=C/C/C=C\C\C=C/C\C=C/C\C=C/C\C=C/CC)CCN(CC1)CCN1CCN(CCC(=O)OCCCCCCCC\C=C/CC(CCCCCC)OC(=O)CC\C=C/C/C=C\C\C=C/C\C=C/C\C=C/C\C=C/CC)(CCC(=O)OCCCCCCCC\C=C/CC(CCCCCC)OC(=O)CC\C=C/C/C=C\C\C=C/C\C=C/C\C=C/C\C=C/CC),3.049008965581605
N(CCC(=O)OCCCCCCCC\C=C/CC(CCCCCC)OC(=O)CCCC\C=C/C\C=C/C\C=C/CCCCC)(CCC(=O)OCCCCCCCC\C=C/CC(CCCCCC)OC(=O)CCCC\C=C/C\C=C/C\C=C/CCCCC)CCN(C)C,1.5783108210926222
N(CCC(=O)OCCCCCCCC\C=C/CC(CCCCCC)OC(=O)CCCC\C=C/C\C=C/C\C=C/CCCCC)(CCC(=O)OCCCCCCCC\C=C/CC(CCCCCC)OC(=O)CCCC\C=C/C\C=C/C\C=C/CCCCC)CCCn1ccnc1,-0.5210514307185504
N(C(CCCCCOC(=O)CCCCCCC/C=C\C/C=C\CCCCC)C(=O)NC2CCCCC2)(C(=O)CCCCC(=O)OC(CCCCCCCC)CCCCCCCC)CCCN(C)C,1.990956066783334
N(C(CCCCCOC(=O)CCCCCCC/C=C\C/C=C\CCCCC)C(=O)NC2CCCCC2)(C(=O)CCCCCCC/C=C\C/C=C\CCCCC)CCCN(C)C,1.84604317924624
N(C(CCCCCOC(=O)CCCCCCCCCCCCCCC)C(=O)NCCCC)(C(=O)CCCCC(=O)OC(CCCCCCCC)CCCCCCCC)CCCN(C)C,1.822594815775284
N(C(CCCCCOC(=O)CCCCCCCCCC)C(=O)NCCCC)(C(=O)CCCCCCCCCCCCCCC)CCCN(C)C,1.693547833755689
N(C(CCCCCOC(=O)CCCCCCCCCC)C(=O)NC(C)(C)C)(C(=O)CCCCCCCCCCCCCCC)CCCN(C)C,1.6834899498125973
N(C(CCCCCOC(=O)CCCCCCC/C=C\C/C=C\CCCCC)C(=O)NCCCC)(C(=O)CCCCCCCCCCCCCCC)CCCN(C)C,1.4413440094233971
N(C(CCCCCOC(=O)CCCCCCC/C=C\C/C=C\CCCCC)C(=O)NCCCC)(C(=O)CCCCC(=O)OC(CCCCCCCC)CCCCCCCC)CCCN(C)C,0.561837200976587
N(C(CCCCCOC(=O)CCCCCCCCCC)C(=O)NCCCC)(C(=O)CCCCCCC/C=C\CCCCCCCC)CCCN(C)C,1.3585868261369038
N(C(CCCCCOC(=O)CCCCCCCCCCCCCCC)C(=O)NC2CCCCC2)(C(=O)CCCCCCC/C=C\C/C=C\CCCCC)CCCN(C)C,1.1196350171751714
N(C(CCCCCOC(=O)CCCCCCCC)C(=O)NC2CCCCC2)(C(=O)CCCCCCC/C=C\CCCCCCCC)CCCN(C)C,0.828683304337764
N(C(CCCCCOC(=O)CCCCCCCCCCCCCCC)C(=O)NC2CCCCC2)(C(=O)CCCCCCC/C=C\C/C=C\CCCCC)CCN(C)C,0.7823935069362792
N(C(CCCCCOC(=O)CCCCCCCCCCCC)C(=O)NC2CCCCC2)(C(=O)CCCCCCCCCCCCCCC)CCCN(C)C,0.7823935069362792
N(C(CCCCCOC(=O)CCCCCCCCCC)C(=O)NC2CCCCC2)(C(=O)CCCCC(=O)OC(CCCCCCCC)CCCCCCCC)CCCN(C)C,0.7051704676432161
N(C(CCCCCOC(=O)CCCCCCCCCCCC)C(=O)NCCCC)(C(=O)CCCCCCCCCCCCCCC)CCCN(C)C,0.647290827981139
N(C(CCCCCOC(=O)CCCCCCC/C=C\C/C=C\CCCCC)C(=O)NCCCC)(C(=O)CCCCCCC/C=C\C/C=C\CCCCC)CCCN(C)C,0.5479074633322939
N(C(CCCCCOC(=O)CCCCCCCCCCCC)C(=O)NC(C)(C)C)(C(=O)CCCCCCCCCCCCCCC)CCCN(C)C,0.5105839491763291
N(C(CCCCCOC(=O)CCCCCCCCCCCC)C(=O)NCCCC)(C(=O)CCCCCCC/C=C\CCCCCCCC)CCN(C)C,0.4706844240392303
N(C(CCCCCOC(=O)CCCCCCCCCC)C(=O)NC2CCCCC2)(C(=O)CCCCCCC/C=C\C/C=C\CCCCC)CCN(C)C,0.4706844240392303
N(C(CCCCCOC(=O)CCCCCCCCCCCC)C(=O)NCCCC)(C(=O)CCCCC(=O)OC(CCCCCCCC)CCCCCCCC)CCCN(CCCC)CCCC,0.4706844240392303
N(C(CCCCCOC(=O)CCCCCCCCCCCC)C(=O)NC2CCCCC2)(C(=O)CCCCCCC/C=C\CCCCCCCC)CCCN(CCCC)CCCC,0.4278267645582191
N(C(CCCCCOC(=O)CCCCCCCCCC)C(=O)NCC(=O)OC(C)(C)C)(C(=O)CCCCCCC/C=C\CCCCCCCC)CCCN(CCCC)CCCC,0.1378357624963
N(C(CCCCCOC(=O)CCCCCCCCCC)C(=O)NC(C)(C)C)(C(=O)CCCCCCCCCCCCCCC)CCN(C)C,0.3815369671567343
N(C(CCCCCOC(=O)CCCCCCCCCCCCCCC)C(=O)NCCCC)(C(=O)CCCCCCCCCCCCCCC)CCCN(C)C,0.3815369671567343
N(C(CCCCCOC(=O)CCCCCCC/C=C\C/C=C\CCCCC)C(=O)NC2CCCCC2)(C(=O)CCCCCCCCCCCCCCC)CCN(C)C,0.3312170920380163
N(C(CCCCCOC(=O)CCCCCCCC)C(=O)NCCCC)(C(=O)CCCCCCC/C=C\C/C=C\CCCCC)CCCN(C)C,0.3312170920380163
N(C(CCCCCOC(=O)CCCCCCCC)C(=O)NCC(=O)OC(C)(C)C)(C(=O)CCCCC(=O)OC(CCCCCCCC)CCCCCCCC)CCCN(C)C,0.3312170920380163
N(C(CCCCCOC(=O)CCCCCCCCCC)C(=O)NC(C)(C)C)(C(=O)CCCCCCC/C=C\C/C=C\CCCCC)CCCN(CCCC)CCCC,0.9209907060547552
N(C(CCCCCOC(=O)CCCCCCC/C=C\C/C=C\CCCCC)C(=O)NC(C)(C)C)(C(=O)CCCCCCC/C=C\C/C=C\CCCCC)CCN(C)C,0.2760979055723439
N(C(CCCCCOC(=O)CCCCCCC/C=C\C/C=C\CCCCC)C(=O)NCCCC)(C(=O)CCCCCCCCCCCCCCC)CCN(C)C,0.2760979055723439
N(C(CCCCCOC(=O)CCCCCCCCCC)C(=O)NC2CCCCC2)(C(=O)CCCCC(=O)OC(CCCCCCCC)CCCCCCCC)CCN(C)C,0.2760979055723439
N(C(CCCCCOC(=O)CCCCCCCCCCCC)C(=O)NCCCC)(C(=O)CCCCC(=O)OC(CCCCCCCC)CCCCCCCC)CCN(C)C,0.2760979055723439
N(C(CCCCCOC(=O)CCCCCCCCCC)C(=O)NCCCC)(C(=O)CCCCC(=O)OC(CCCCCCCC)CCCCCCCC)CCN(C)C,0.2760979055723439
N(C(CCCCCOC(=O)CCCCCCCCCCCCCCCCC)C(=O)NC2CCCCC2)(C(=O)CCCCCCC/C=C\CCCCCCCC)CCCN(CCCC)CCCC,0.2760979055723439
N(C(CCCCCOC(=O)CCCCCCCCCCCCCCC)C(=O)NCC(=O)OC(C)(C)C)(C(=O)CCCCCCC/C=C\CCCCCCCC)CCCN(C)C,0.2760979055723439
N(C(CCCCCOC(=O)CCCCCCCC)C(=O)NCC(=O)OC(C)(C)C)(C(=O)CCCCCCC/C=C\CCCCCCCC)CCCN(C)C,0.2760979055723439
N(C(CCCCCOC(=O)CCCCCCCCCCCCCCCCC)C(=O)NC(C)(C)C)(C(=O)CCCCCCCCCCCCCCC)CCCN(C)C,0.2760979055723439
N(C(CCCCC(=O)OC(CCCCCCCC)CCCCCCCC)C(=O)NC(C)(C)C)(C(=O)CCCCCCC/C=C\CCCCCCCC)CCCN(CCCC)CCCC,0.2151664723127919
N(C(CCCCC(=O)OC(CCCCCCCC)CCCCCCCC)C(=O)NCC(=O)OC(C)(C)C)(C(=O)CCCCC(=O)OC(CCCCCCCC)CCCCCCCC)CCCN(CCCC)CCCC,0.2151664723127919
N(C(CCCCCOC(=O)CCCCCCC/C=C\CCCCCCCC)C(=O)NC(C)(C)C)(C(=O)CCCCCCCCCCCCCCC)CCN(C)C,0.147050923552749
N(C(CCCCCOC(=O)CCCCCCCCCCCC)C(=O)NC2CCCCC2)(C(=O)CCCCC(=O)OC(CCCCCCCC)CCCCCCCC)CCN(C)C,0.147050923552749
N(C(CCCCCOC(=O)CCCCCCC/C=C\C/C=C\CCCCC)C(=O)NCCCC)(C(=O)CCCCC(=O)OC(CCCCCCCC)CCCCCCCC)CCN(C)C,1.146372064841897
N(C(CCCCCOC(=O)CCCCCCC/C=C\CCCCCCCC)C(=O)NC2CCCCC2)(C(=O)CCCCCCC/C=C\C/C=C\CCCCC)CCN(C)C,0.0698278842596853
N(C(CCCCCOC(=O)CCCCCCC/C=C\CCCCCCCC)C(=O)NC(C)(C)C)(C(=O)CCCCC(=O)OC(CCCCCCCC)CCCCCCCC)CCN(C)C,0.0698278842596853
N(C(CCCCCOC(=O)CCCCCCCCCC)C(=O)NCCCC)(C(=O)CCCCCCCCCCCCCCC)CCCN(CCCC)CCCC,0.0698278842596853
N(C(CCCCCOC(=O)CCCCCCCCCC)C(=O)NC2CCCCC2)(C(=O)CCCCC(=O)OC(CCCCCCCC)CCCCCCCC)CCCN(CCCC)CCCC,0.0698278842596853
N(C(CCCCCOC(=O)CCCCCCCCCC)C(=O)NCCCC)(C(=O)CCCCCCC/C=C\C/C=C\CCCCC)CCCN(CCCC)CCCC,0.6785056428660264
N(C(CCCCC(=O)OC(CCCCCCCC)CCCCCCCC)C(=O)NC(C)(C)C)(C(=O)CCCCCCC/C=C\C/C=C\CCCCC)CCN(C)C,-0.0193195726228103
N(C(CCCCCOC(=O)CCCCCCCC)C(=O)NC(C)(C)C)(C(=O)CCCCCCCCCCCCCCC)CCN(C)C,-0.0193195726228103
N(C(CCCCCOC(=O)CCCCCCC/C=C\CCCCCCCC)C(=O)NC(C)(C)C)(C(=O)CCCCCCC/C=C\CCCCCCCC)CCN(C)C,-0.1247586342072013
N(C(CCCCC(=O)OC(CCCCCCCC)CCCCCCCC)C(=O)NC2CCCCC2)(C(=O)CCCCCCC/C=C\CCCCCCCC)CCN(C)C,-0.1247586342072013
N(C(CCCCCOC(=O)CCCCCCCCCC)C(=O)NC(C)(C)C)(C(=O)CCCCC(=O)OC(CCCCCCCC)CCCCCCCC)CCN(C)C,-0.1247586342072013
N(C(CCCCCOC(=O)CCCCCCC/C=C\CCCCCCCC)C(=O)NC(C)(C)C)(C(=O)CCCCCCC/C=C\C/C=C\CCCCC)CCCN(CCCC)CCCC,-0.1247586342072013
N(C(CCCCCOC(=O)CCCCCCC/C=C\C/C=C\CCCCC)C(=O)NC2CCCCC2)(C(=O)CCCCCCC/C=C\C/C=C\CCCCC)CCCN(CCCC)CCCC,-0.1247586342072013
N(C(CCCCCOC(=O)CCCCCCC/C=C\CCCCCCCC)C(=O)NCCCC)(C(=O)CCCCC(=O)OC(CCCCCCCC)CCCCCCCC)CCCN(C)C,-0.1247586342072013
N(C(CCCCCOC(=O)CCCCCCC/C=C\C/C=C\CCCCC)C(=O)NC(C)(C)C)(C(=O)CCCCCCC/C=C\CCCCCCCC)CCN(C)C,-0.2538056162267961
N(C(CCCCCOC(=O)CCCCCCC/C=C\CCCCCCCC)C(=O)NC2CCCCC2)(C(=O)CCCCC(=O)OC(CCCCCCCC)CCCCCCCC)CCN(C)C,-0.2538056162267961
N(C(CCCCCOC(=O)CCCCCCCC)C(=O)NC(C)(C)C)(C(=O)CCCCCCC/C=C\C/C=C\CCCCC)CCCN(CCCC)CCCC,-0.2538056162267961
N(C(CCCCCOC(=O)CCCCCCC/C=C\CCCCCCCC)C(=O)NCC(=O)OC(C)(C)C)(C(=O)CCCCC(=O)OC(CCCCCCCC)CCCCCCCC)CCN(C)C,-0.4201761110707385
N(C(CCCCCOC(=O)CCCCCCC/C=C\C/C=C\CCCCC)C(=O)NCCCC)(C(=O)CCCCCCC/C=C\CCCCCCCC)CCCN(CCCC)CCCC,-0.4201761110707385
N(C(CCCCCOC(=O)CCCCCCC/C=C\C/C=C\CCCCC)C(=O)NC(C)(C)C)(C(=O)CCCCC(=O)OC(CCCCCCCC)CCCCCCCC)CCCN(CCCC)CCCC,-0.4201761110707385
N(C(CCCCC(=O)OC(CCCCCCCC)CCCCCCCC)C(=O)NCC(=O)OC(C)(C)C)(C(=O)CCCCC(=O)OC(CCCCCCCC)CCCCCCCC)CCCN(C)C,-0.4201761110707385
N(C(CCCCCOC(=O)CCCCCCC/C=C\CCCCCCCC)C(=O)NCCCC)(C(=O)CCCCCCCCCCCCCCC)CCCN(CCCC)CCCC,-0.6546621546747243
N(C(CCCCCOC(=O)CCCCCCC/C=C\C/C=C\CCCCC)C(=O)NCC(=O)OC(C)(C)C)(C(=O)CCCCCCC/C=C\C/C=C\CCCCC)CCN(C)C,-1.0555186944542694
N(C(CCCCCOC(=O)CCCCCCCC)C(=O)NC2CCCCC2)(C(=O)CCCCCCCCCCCCCCC)CCN(C)C,-1.0555186944542694
N(C(CCCCC(=O)OC(CCCCCCCC)CCCCCCCC)C(=O)NCC(=O)OC(C)(C)C)(C(=O)CCCCC(=O)OC(CCCCCCCC)CCCCCCCC)CCN(C)C,-1.0555186944542694
N(C(CCCCC(=O)OC(CCCCCCCC)CCCCCCCC)C(=O)NC2CCCCC2)(C(=O)CCCCCCC/C=C\CCCCCCCC)CCCN(CCCC)CCCC,-1.0555186944542694
N(C(CCCCCOC(=O)CCCCCCCCCCCCCCC)C(=O)NC(C)(C)C)(C(=O)CCCCCCC/C=C\C/C=C\CCCCC)CCCN(CCCC)CCCC,-1.0555186944542694
N(C(CCCCCOC(=O)CCCCCCCCCCCCCCCCC)C(=O)NCCCC)(C(=O)CCCCCCCCCCCCCCC)CCCN(CCCC)CCCC,-1.0555186944542694
N(C(CCCCCOC(=O)CCCCCCCC)C(=O)NCCCC)(C(=O)CCCCCCCCCCCCCCC)CCCN(CCCC)CCCC,-1.0555186944542694
N(C(CCCCC(=O)OC(CCCCCCCC)CCCCCCCC)C(=O)NC(C)(C)C)(C(=O)CCCCCCC/C=C\CCCCCCCC)CCCN(C)C,-1.0555186944542694
N(C(CCCCCOC(=O)CCCCCCCCCCCCCCCCC)C(=O)NCCCC)(C(=O)CCCCCCC/C=C\CCCCCCCC)CCCN(C)C,-1.0555186944542694
N(C(CCCCCOC(=O)CCCCCCCC)C(=O)NC(C)(C)C)(C(=O)CCCCC(=O)OC(CCCCCCCC)CCCCCCCC)CCCN(C)C,-1.0555186944542694
N(C(CCCCCOC(=O)CCCCCCC/C=C\C/C=C\CCCCC)C(=O)NCC(=O)OC(C)(C)C)(C(=O)CCCCC(=O)OC(CCCCCCCC)CCCCCCCC)CCCN(CC)CC,2.7886861812204997
N(C(CCCCCOC(=O)CCCCCCCCCC)C(=O)NCCCC)(C(=O)CCCCCCC/C=C\C/C=C\CCCCC)CCN(C)CCN,1.9754799520769943
N(C(CCCCCOC(=O)CCCCCCC/C=C\C/C=C\CCCCC)C(=O)NCCCC)(C(=O)CCCCC(=O)OC(CCCCCCCC)CCCCCCCC)CCCN(CCN1C)CC1,1.3746028274827082
N(C(CCCCCOC(=O)CCCCCCC/C=C\CCCCCCCC)C(=O)NCC(=O)OC(C)(C)C)(C(=O)CCCCCCC/C=C\CCCCCCCC)CCN1C=CN=C1,1.1742768949918811
N(C(CCCCCOC(=O)CCCCCCC/C=C\CCCCCCCC)C(=O)NCC(=O)OC(C)(C)C)(C(=O)CCCCCCC/C=C\CCCCCCCC)CCN(CC1)CCS1(=O)=O,1.069978653317832
N(C(CCCCCOC(=O)CCCCCCCCCC)C(=O)NCCCC)(C(=O)CCCCCCC/C=C\C/C=C\CCCCC)CCCN(CCO)CCO,0.9432471221960116
N(C(CCCCCOC(=O)CCCCCCC/C=C\C/C=C\CCCCC)C(=O)NCC(=O)OC(C)(C)C)(C(=O)CCCCC(=O)OC(CCCCCCCC)CCCCCCCC)CCN(CC1)CCS1(=O)=O,0.8631501440134223
N(C(CCCCCOC(=O)CCCCCCCCCC)C(=O)NC(C)(C)C)(C(=O)CCCCCCC/C=C\C/C=C\CCCCC)CCCN1CCCCCC1,0.8396295230308999
N(C(CCCCCOC(=O)CCCCCCC/C=C\CCCCCCCC)C(=O)NCC(=O)OC(C)(C)C)(C(=O)CCCCCCC/C=C\CCCCCCCC)CCN1CCOCC1,0.8036139187046318
N(C(CCCCCOC(=O)CCCCCCC/C=C\C/C=C\CCCCC)C(=O)NCC(=O)OC(C)(C)C)(C(=O)CCCCC(=O)OC(CCCCCCCC)CCCCCCCC)CCN1C=CN=C1,0.6939790916759321
N(C(CCCCCOC(=O)CCCCCCCCCC)C(=O)NCCCC)(C(=O)CCCCCCC/C=C\C/C=C\CCCCC)CCCN1CCCCC1,0.4622936042338779
N(C(CCCCCOC(=O)CCCCCCCCCC)C(=O)NCC(=O)OC(C)(C)C)(C(=O)CCCCCCC/C=C\CCCCCCCC)CCN1CCCC1,0.4232913849478563
N(C(CCCCCOC(=O)CCCCCCCCCC)C(=O)NCC(=O)OC(C)(C)C)(C(=O)CCCCCCC/C=C\CCCCCCCC)CCCN1CCN(CC1)CCCN,0.4157709443743131
N(C(CCCCCOC(=O)CCCCCCC/C=C\C/C=C\CCCCC)C(=O)NCCCC)(C(=O)CCCCC(=O)OC(CCCCCCCC)CCCCCCCC)CCN1CCOCC1,0.1843048234560969
N(C(CCCCCOC(=O)CCCCCCC/C=C\C/C=C\CCCCC)C(=O)NCC(=O)OC(C)(C)C)(C(=O)CCCCC(=O)OC(CCCCCCCC)CCCCCCCC)CCCN1C=CN=C1,0.129862950457862
N(C(CCCCCOC(=O)CCCCCCCCCC)C(=O)NCC(=O)OC(C)(C)C)(C(=O)CCCCCCC/C=C\CCCCCCCC)CCN1CCCCC1,-0.0004263805797436
N(C(CCCCCOC(=O)CCCCCCCCCC)C(=O)NCCCC)(C(=O)CCCCCCC/C=C\C/C=C\CCCCC)CCCN1C=CN=C1,-0.0193891868754266
N(C(CCCCCOC(=O)CCCCCCC/C=C\CCCCCCCC)C(=O)NCC(=O)OC(C)(C)C)(C(=O)CCCCCCC/C=C\CCCCCCCC)C1CCN(CC2=CC=CC=C2)CC1,-0.1647277735969164
N(C(CCCCCOC(=O)CCCCCCCCCC)C(=O)NCC(=O)OC(C)(C)C)(C(=O)CCCCCCC/C=C\C/C=C\CCCCC)CCCN1CCCC1,-0.1857596817193692
N(C(CCCCCOC(=O)CCCCCCCCCC)C(=O)NCC(=O)OC(C)(C)C)(C(=O)CCCCCCC/C=C\CCCCCCCC)CCN1C=CN=C1,-0.2490759178008414
N(C(CCCCCOC(=O)CCCCCCCCCC)C(=O)NCC(=O)OC(C)(C)C)(C(=O)CCCCCCC/C=C\CCCCCCCC)C1CCN(CC2=CC=CC=C2)CC1,-0.3535598787104796
N(C(CCCCCOC(=O)CCCCCCC/C=C\C/C=C\CCCCC)C(=O)NCCCC)(C(=O)CCCCC(=O)OC(CCCCCCCC)CCCCCCCC)CC1=CC=CN=C1,-0.4601452517920707
N(C(CCCCCOC(=O)CCCCCCC/C=C\CCCCCCCC)C(=O)NCC(=O)OC(C)(C)C)(C(=O)CCCCCCC/C=C\CCCCCCCC)CCCN1CCN(CC1)CCCN,-0.4601452517920707
N(C(CCCCCOC(=O)CCCCCCCCCC)C(=O)NCC(=O)OC(C)(C)C)(C(=O)CCCCCCC/C=C\C/C=C\CCCCC)CCN1CCOCC1,-0.474081196101337
N(C(CCCCCOC(=O)CCCCCCCCCC)C(=O)NCCCC)(C(=O)CCCCCCC/C=C\C/C=C\CCCCC)CCN1CCCCC1,-0.488361274083398
N(C(CCCCCOC(=O)CCCCCCCCCC)C(=O)NCCCC)(C(=O)CCCCCCC/C=C\C/C=C\CCCCC)CC1=CC=CN=C1,-0.5334475044687313
N(C(CCCCCOC(=O)CCCCCCCCCC)C(=O)NCCCC)(C(=O)CCCCCCC/C=C\C/C=C\CCCCC)C1CCN(CC2=CC=CC=C2)CC1,-0.6843953862980905
N(C(CCCCCOC(=O)CCCCCCCCCC)C(=O)NC(C)(C)C)(C(=O)CCCCCCC/C=C\C/C=C\CCCCC)CCN(CC1)CCS1(=O)=O,-0.6946312953960563
N(C(CCCCCOC(=O)CCCCCCCCCC)C(=O)NCC(=O)OC(C)(C)C)(C(=O)CCCCCCC/C=C\C/C=C\CCCCC)CCN(CC1)CCS1(=O)=O,-0.7264731205996989
N(C(CCCCCOC(=O)CCCCCCCCCC)C(=O)NC2CCCCC2)(C(=O)CCCCCCC/C=C\CCCCCCCC)CCN(CC1)CCS1(=O)=O,-0.8473937804875878
N(C(CCCCCOC(=O)CCCCCCCCCC)C(=O)NCC(=O)OC(C)(C)C)(C(=O)CCCCCCC/C=C\CCCCCCCC)CCCN1CCN(C)CCC1,-0.9501492471224946
N(C(CCCCCOC(=O)CCCCCCCCCC)C(=O)NCC(=O)OC(C)(C)C)(C(=O)CCCCCCC/C=C\CCCCCCCC)CCCN1CCCCC1CC,-1.2092481009811118
N(C(CCCCCOC(=O)CCCCCCCCCC)C(=O)NCCCC)(C(=O)CCCCCCC/C=C\C/C=C\CCCCC)CCCN1CCCCCC1,-1.2092481009811118
N(C(CCCCCOC(=O)CCCCCCC/C=C\C/C=C\CCCCC)C(=O)NCC(=O)OC(C)(C)C)(C(=O)CCCCC(=O)OC(CCCCCCCC)CCCCCCCC)CCN(C)CCN,-1.319737969681621
N(C(CCCCCOC(=O)CCCCCCCCCC)C(=O)NC2CCCCC2)(C(=O)CCCCCCC/C=C\CCCCCCCC)CCN1C=CN=C1,-1.4963443736235291
N(C(CCCCCOC(=O)CCCCCCC/C=C\C/C=C\CCCCC)C(=O)NCC(=O)OC(C)(C)C)(C(=O)CCCCC(=O)OC(CCCCCCCC)CCCCCCCC)C1CCN(CC2=CC=CC=C2)CC1,-1.690930892090416
N(C(CCCCCOC(=O)CCCCCCCCCC)C(=O)NCCCC)(C(=O)CCCCCCC/C=C\C/C=C\CCCCC)CCCN1CCN(C)CCC1,-2.3872049087334983
N(C(CCCCCOC(=O)CCCCCCCCCC)C(=O)NCC(=O)OC(C)(C)C)(C(=O)CCCCCCC/C=C\C/C=C\CCCCC)CCN1CCCCCC1,-2.621690952337484
N(C(CCCCCOC(=O)CCCCCCCCCC)C(=O)NCCCC)(C(=O)CCCCCCC/C=C\C/C=C\CCCCC)CCN1C=CN=C1,-2.621690952337484
N(C(CCCCCOC(=O)CCCCCCCCCC)C(=O)NC2CCCCC2)(C(=O)CCCCCCC/C=C\CCCCCCCC)CCCN1CCN(C)CCC1,-2.621690952337484
N(C(CCCCCOC(=O)CCCCCCC/C=C\CCCCCCCC)C(=O)NCC(=O)OC(C)(C)C)(C(=O)CCCCCCC/C=C\CCCCCCCC)CCN1C=CN=C1,1.7008831582878905
N(C(CCCCCOC(=O)CCCCCCC/C=C\C/C=C\CCCCC)C(=O)NCC(=O)OC(C)(C)C)(C(=O)CCCCC(=O)OC(CCCCCCCC)CCCCCCCC)CCCN(CC)CC,0.6441776533510718
N(C(CCCCCOC(=O)CCCCCCCCCC)C(=O)NCCCC)(C(=O)CCCCCCC/C=C\C/C=C\CCCCC)CCN(C)CCN,0.4491297318497157
N(C(CCCCCOC(=O)CCCCCCC/C=C\CCCCCCCC)C(=O)NCC(=O)OC(C)(C)C)(C(=O)CCCCCCC/C=C\CCCCCCCC)CCN(CC1)CCS1(=O)=O,0.1274799658586799
N(C(CCCCCOC(=O)CCCCCCC/C=C\CCCCCCCC)C(=O)NCC(=O)OC(C)(C)C)(C(=O)CCCCCCC/C=C\CCCCCCCC)CCN1CCOCC1,0.1274799658586799
N(C(CCCCCOC(=O)CCCCCCC/C=C\C/C=C\CCCCC)C(=O)NCCCC)(C(=O)CCCCC(=O)OC(CCCCCCCC)CCCCCCCC)CCCN(CCN1C)CC1,-0.169791508300961
N(C(CCCCCOC(=O)CCCCCCCCCC)C(=O)NC(C)(C)C)(C(=O)CCCCCCC/C=C\C/C=C\CCCCC)CCCN(CCCC)CCCC,-0.4281398757553232
N(C(CCCCCOC(=O)CCCCCCC/C=C\C/C=C\CCCCC)C(=O)NCCCC)(C(=O)CCCCC(=O)OC(CCCCCCCC)CCCCCCCC)CCN(C)C,-0.4281398757553232
N(C(CCCCCOC(=O)CCCCCCCCCC)C(=O)NCCCC)(C(=O)CCCCCCC/C=C\C/C=C\CCCCC)CCCN(CCCC)CCCC,-0.983757554841364
N(C(CCCCCOC(=O)CCCCCCCCCC)C(=O)NCCCC)(C(=O)CCCCCCC/C=C\C/C=C\CCCCC)CCCN(CCO)CCO,-0.983757554841364
N(C(CCCCCOC(=O)CCCCCCC/C=C\C/C=C\CCCCC)C(=O)NCC(=O)OC(C)(C)C)(C(=O)CCCCC(=O)OC(CCCCCCCC)CCCCCCCC)CCN(CC1)CCS1(=O)=O,-0.983757554841364
N(C(CCCCCOC(=O)CCCCCCCCCC)C(=O)NC(C)(C)C)(C(=O)CCCCCCC/C=C\C/C=C\CCCCC)CCCN1CCCCCC1,-0.983757554841364
N1=CNC=C1CCN(CCC(=O)NCCCCCCCCCCCCCCC)(CCC(=O)NCCCCCCCCCCCCCCC),2.550592490727602
N1=CNC=C1CCN(CCC(=O)OCCCCCCCCCCCC)(CCC(=O)OCCCCCCCCCCCC),1.09185317209513
N(CCC(=O)OCCCCCCCCCCCCCC)(CCC(=O)OCCCCCCCCCCCCCC)CCN(CCC(=O)OCCCCCCCCCCCCCC)(CCC(=O)OCCCCCCCCCCCCCC),1.09185317209513
OCC(O)CN(CCC(=O)OCCCCCCCCCCCCCC)(CCC(=O)OCCCCCCCCCCCCCC),1.09185317209513
CN(CCC(=O)OCCCCCCCCCCCCCCC)CCCN(CCC(=O)OCCCCCCCCCCCCCCC)(CCC(=O)OCCCCCCCCCCCCCCC),1.09185317209513
N1=CNC=C1CCN(CCC(=O)NCCCCCCCCCCCC)(CCC(=O)NCCCCCCCCCCCC),1.09185317209513
OCCCCCN(CCC(=O)NCCCCCCCCCCCCCC)(CCC(=O)NCCCCCCCCCCCCCC),1.09185317209513
OCC(C)(C)CN(CCC(=O)NCCCCCCCCCCCCCC)(CCC(=O)NCCCCCCCCCCCCCC),1.09185317209513
OCCN(CCO)CCN(CCC(=O)NCCCCCCCCCCCCCC)(CCC(=O)NCCCCCCCCCCCCCC),1.09185317209513
C1COCCN1CCN(CCC(=O)NCCCCCCCCCCCCCC)(CCC(=O)NCCCCCCCCCCCCCC),1.09185317209513
N(CCC(=O)NCCCCCCCCCCCCCCC)(CCC(=O)NCCCCCCCCCCCCCCC)CCCN(CCC(=O)NCCCCCCCCCCCCCCC)(CCC(=O)NCCCCCCCCCCCCCCC),1.09185317209513
COC(OC)CN(CCC(=O)OCCCCCCCCCC)(CCC(=O)OCCCCCCCCCC),-0.3668861465373421
OCCCCCCN(CCC(=O)OCCCCCCCCCC)(CCC(=O)OCCCCCCCCCC),-0.3668861465373421
C1CC(O)CCC1N(CCC(=O)OCCCCCCCCCC)(CCC(=O)OCCCCCCCCCC),-0.3668861465373421
CC(C)N(CCC(=O)OCCCCCCCCCC)CCN(CCC(=O)OCCCCCCCCCC)C(C)C,-0.3668861465373421
C1N(CCC(=O)OCCCCCCCCCC)CCCN(CCC(=O)OCCCCCCCCCC)C1,-0.3668861465373421
CCN(CC)CCN(CCC(=O)OCCCCCCCCCC)(CCC(=O)OCCCCCCCCCC),-0.3668861465373421
OCCN(CCO)CCCN(CCC(=O)OCCCCCCCCCC)(CCC(=O)OCCCCCCCCCC),-0.3668861465373421
C1COCCN1CCN(CCC(=O)OCCCCCCCCCC)(CCC(=O)OCCCCCCCCCC),-0.3668861465373421
c1nccn1CCCN(CCC(=O)OCCCCCCCCCC)(CCC(=O)OCCCCCCCCCC),-0.3668861465373421
N(CCC(=O)OCCCCCCCCCC)(CCC(=O)OCCCCCCCCCC)CCN(CCC(=O)OCCCCCCCCCC)(CCC(=O)OCCCCCCCCCC),-0.3668861465373421
OCCN(CCC(=O)OCCCCCCCCCC)CCN(CCC(=O)OCCCCCCCCCC)CCO,-0.3668861465373421
N(CCC(=O)OCCCCCCCCCC)(CCC(=O)OCCCCCCCCCC)CCN(CCC(=O)OCCCCCCCCCC)CCO,-0.3668861465373421
COCCCN(CCC(=O)OCCCCCCCCCCCC)(CCC(=O)OCCCCCCCCCCCC),-0.3668861465373421
O1CCOC1CCN(CCC(=O)OCCCCCCCCCCCC)(CCC(=O)OCCCCCCCCCCCC),-0.3668861465373421
OCCCN(CCC(=O)OCCCCCCCCCCCC)(CCC(=O)OCCCCCCCCCCCC),-0.3668861465373421
CC(O)CN(CCC(=O)OCCCCCCCCCCCC)(CCC(=O)OCCCCCCCCCCCC),-0.3668861465373421
CC(O)CN(CCC(=O)OCCCCCCCCCCCC)(CCC(=O)OCCCCCCCCCCCC),-0.3668861465373421
CCN(CC)CCN(CCC(=O)OCCCCCCCCCCCC)(CCC(=O)OCCCCCCCCCCCC),-0.3668861465373421
CN(C)CCCN(CCC(=O)OCCCCCCCCCCCC)(CCC(=O)OCCCCCCCCCCCC),-0.3668861465373421
N(CCC(=O)OCCCCCCCCCCCC)(CCC(=O)OCCCCCCCCCCCC)CCN(CCC(=O)OCCCCCCCCCCCC)(CCC(=O)OCCCCCCCCCCCC),-0.3668861465373421
OCCN(CCC(=O)OCCCCCCCCCCCC)CCN(CCC(=O)OCCCCCCCCCCCC)CCO,-0.3668861465373421
O1CCCC1CN(CCC(=O)OCCCCCCCCCCCCC)(CCC(=O)OCCCCCCCCCCCCC),-0.3668861465373421
c1c(OC)c(OC)ccc1CCN(CCC(=O)OCCCCCCCCCCCCC)(CCC(=O)OCCCCCCCCCCCCC),-0.3668861465373421
C1COCCN1CCCN(CCC(=O)OCCCCCCCCCCCCC)(CCC(=O)OCCCCCCCCCCCCC),-0.3668861465373421
c1nccn1CCCN(CCC(=O)OCCCCCCCCCCCCC)(CCC(=O)OCCCCCCCCCCCCC),-0.3668861465373421
COCCCN(CCC(=O)OCCCCCCCCCCCCCC)(CCC(=O)OCCCCCCCCCCCCCC),-0.3668861465373421
OCC(CO)(CC)N(CCC(=O)OCCCCCCCCCCCCCC)(CCC(=O)OCCCCCCCCCCCCCC),-0.3668861465373421
CCN(CCC(=O)OCCCCCCCCCCCCCC)CCN(CCC(=O)OCCCCCCCCCCCCCC)CC,-0.3668861465373421
CN(C)CC(C)N(CCC(=O)OCCCCCCCCCCCCCC)(CCC(=O)OCCCCCCCCCCCCCC),-0.3668861465373421
C1COCCN1CCCN(CCC(=O)OCCCCCCCCCCCCCC)(CCC(=O)OCCCCCCCCCCCCCC),-0.3668861465373421
CN(CCC(=O)OCCCCCCCCCCCCCC)CCN(CCC(=O)OCCCCCCCCCCCCCC)(CCC(=O)OCCCCCCCCCCCCCC),-0.3668861465373421
N(CCC(=O)OCCCCCCCCCCCCCC)(CCC(=O)OCCCCCCCCCCCCCC)CCN(CCC(=O)OCCCCCCCCCCCCCC)CCN(CCC(=O)OCCCCCCCCCCCCCC)CCN(CCC(=O)OCCCCCCCCCCCCCC)(CCC(=O)OCCCCCCCCCCCCCC),-0.3668861465373421
N(CCC(=O)OCCCCCCCCCCCCCC)(CCC(=O)OCCCCCCCCCCCCCC)CCCN(CCC(=O)OCCCCCCCCCCCCCC)(CCC(=O)OCCCCCCCCCCCCCC),-0.3668861465373421
N(CCC(=O)OCCCCCCCCCCCCCC)(CCC(=O)OCCCCCCCCCCCCCC)CCN(CCC(=O)OCCCCCCCCCCCCCC)CCO,-0.3668861465373421
C1OC(C)(C)OC1CN(CCC(=O)OCCCCCCCCCCCCCCC)(CCC(=O)OCCCCCCCCCCCCCCC),-0.3668861465373421
CN(C)CCCN(CCC(=O)OCCCCCCCCCCCCCCC)(CCC(=O)OCCCCCCCCCCCCCCC),-0.3668861465373421
OCCN(CCO)CCN(CCC(=O)OCCCCCCCCCCCCCCC)(CCC(=O)OCCCCCCCCCCCCCCC),-0.3668861465373421
CCOCCN(CCC(=O)OCCCCCCCCCCCCCCCCCC)(CCC(=O)OCCCCCCCCCCCCCCCCCC),-0.3668861465373421
c1c(OC)c(OC)ccc1CCN(CCC(=O)OCCCCCCCCCCCCCCCCCC)(CCC(=O)OCCCCCCCCCCCCCCCCCC),-0.3668861465373421
OCCCCN(CCC(=O)OCCCCCCCCCCCCCCCCCC)(CCC(=O)OCCCCCCCCCCCCCCCCCC),-0.3668861465373421
OCCCCCCN(CCC(=O)OCCCCCCCCCCCCCCCCCC)(CCC(=O)OCCCCCCCCCCCCCCCCCC),-0.3668861465373421
C1CC(O)CCC1N(CCC(=O)OCCCCCCCCCCCCCCCCCC)(CCC(=O)OCCCCCCCCCCCCCCCCCC),-0.3668861465373421
CN(CCC(=O)OCCCCCCCCCCCCCCCCCC)CCN(CCC(=O)OCCCCCCCCCCCCCCCCCC)C,-0.3668861465373421
CCN(CCC(=O)OCCCCCCCCCCCCCCCCCC)CCN(CCC(=O)OCCCCCCCCCCCCCCCCCC)CC,-0.3668861465373421
CCN(CCC(=O)OCCCCCCCCCCCCCCCCCC)CCCN(CCC(=O)OCCCCCCCCCCCCCCCCCC)CC,-0.3668861465373421
OCCN(CCO)CCN(CCC(=O)OCCCCCCCCCCCCCCCCCC)(CCC(=O)OCCCCCCCCCCCCCCCCCC),-0.3668861465373421
N(CCC(=O)OCCCCCCCCCCCCCCCCCC)(CCC(=O)OCCCCCCCCCCCCCCCCCC)CCN(CCC(=O)OCCCCCCCCCCCCCCCCCC)CCN(CCC(=O)OCCCCCCCCCCCCCCCCCC)CCN(CCC(=O)OCCCCCCCCCCCCCCCCCC)(CCC(=O)OCCCCCCCCCCCCCCCCCC),-0.3668861465373421
OCC(O)CN(CCC(=O)OCCCCCCCCCCCCCCCCCC)(CCC(=O)OCCCCCCCCCCCCCCCCCC),-0.3668861465373421
COC(OC)CN(CCC(=O)NCCCCCCCCCCCC)(CCC(=O)NCCCCCCCCCCCC),-0.3668861465373421
O1CCCC1CN(CCC(=O)NCCCCCCCCCCCC)(CCC(=O)NCCCCCCCCCCCC),-0.3668861465373421
CC(CO)(CO)N(CCC(=O)NCCCCCCCCCCCC)(CCC(=O)NCCCCCCCCCCCC),-0.3668861465373421
OCC(C)(C)CN(CCC(=O)NCCCCCCCCCCCC)(CCC(=O)NCCCCCCCCCCCC),-0.3668861465373421
OCCCCCCN(CCC(=O)NCCCCCCCCCCCC)(CCC(=O)NCCCCCCCCCCCC),-0.3668861465373421
CC(C)N(CCC(=O)NCCCCCCCCCCCC)CCN(CCC(=O)NCCCCCCCCCCCC)C(C)C,-0.3668861465373421
C1CCCN1CCN(CCC(=O)NCCCCCCCCCCCC)(CCC(=O)NCCCCCCCCCCCC),-0.3668861465373421
CCN(CC)CCCN(CCC(=O)NCCCCCCCCCCCC)(CCC(=O)NCCCCCCCCCCCC),-0.3668861465373421
N(CCC(=O)NCCCCCCCCCCCC)(CCC(=O)NCCCCCCCCCCCC)CCN(CCC(=O)NCCCCCCCCCCCC)CCO,-0.3668861465373421
C1N(CCC(=O)NCCCCCCCCCCCCCC)CCCN(CCC(=O)NCCCCCCCCCCCCCC)C1,-0.3668861465373421
CN(C)CC(C)N(CCC(=O)NCCCCCCCCCCCCCC)(CCC(=O)NCCCCCCCCCCCCCC),-0.3668861465373421
CCN(CC)CCCN(CCC(=O)NCCCCCCCCCCCCCC)(CCC(=O)NCCCCCCCCCCCCCC),-0.3668861465373421
N1=CNC=C1CCN(CCC(=O)NCCCCCCCCCCCCCC)(CCC(=O)NCCCCCCCCCCCCCC),-0.3668861465373421
CN(CCC(=O)NCCCCCCCCCCCCCC)CCN(CCC(=O)NCCCCCCCCCCCCCC)(CCC(=O)NCCCCCCCCCCCCCC),-0.3668861465373421
COCCN(CCC(=O)NCCCCCCCCCCCCCCC)(CCC(=O)NCCCCCCCCCCCCCCC),-0.3668861465373421
OCCCN(CCC(=O)NCCCCCCCCCCCCCCC)(CCC(=O)NCCCCCCCCCCCCCCC),-0.3668861465373421
OCCOCCN(CCC(=O)NCCCCCCCCCCCCCCC)(CCC(=O)NCCCCCCCCCCCCCCC),-0.3668861465373421
OCCCCCN(CCC(=O)NCCCCCCCCCCCCCCC)(CCC(=O)NCCCCCCCCCCCCCCC),-0.3668861465373421
CC(C)N(CCC(=O)NCCCCCCCCCCCCCCC)CCN(CCC(=O)NCCCCCCCCCCCCCCC)C(C)C,-0.3668861465373421
C1CCCN1CCN(CCC(=O)NCCCCCCCCCCCCCCC)(CCC(=O)NCCCCCCCCCCCCCCC),-0.3668861465373421
OCCN(CCO)CCN(CCC(=O)NCCCCCCCCCCCCCCC)(CCC(=O)NCCCCCCCCCCCCCCC),-0.3668861465373421
OCCN(CCO)CCCN(CCC(=O)NCCCCCCCCCCCCCCC)(CCC(=O)NCCCCCCCCCCCCCCC),-0.3668861465373421
C1COCCN1CCCN(CCC(=O)NCCCCCCCCCCCCCCC)(CCC(=O)NCCCCCCCCCCCCCCC),-0.3668861465373421
CN(CCC(=O)NCCCCCCCCCCCCCCC)CCN(CCC(=O)NCCCCCCCCCCCCCCC)(CCC(=O)NCCCCCCCCCCCCCCC),-0.3668861465373421
N(CCC(=O)NCCCCCCCCCCCCCCC)(CCC(=O)NCCCCCCCCCCCCCCC)CCN(CCC(=O)NCCCCCCCCCCCCCCC)CCN(CCC(=O)NCCCCCCCCCCCCCCC)CCN(CCC(=O)NCCCCCCCCCCCCCCC)(CCC(=O)NCCCCCCCCCCCCCCC),-0.3668861465373421
CC(CO)(CO)N(CCC(=O)NCCCCCCCCCCCCCCCC)(CCC(=O)NCCCCCCCCCCCCCCCC),-0.3668861465373421
CCN(CC)CCCN(CCC(=O)NCCCCCCCCCCCCCCCC)(CCC(=O)NCCCCCCCCCCCCCCCC),-0.3668861465373421
OCCN(CCO)CCN(CCC(=O)NCCCCCCCCCCCCCCCC)(CCC(=O)NCCCCCCCCCCCCCCCC),-0.3668861465373421
c1nccn1CCCN(CCC(=O)NCCCCCCCCCCCCCCCC)(CCC(=O)NCCCCCCCCCCCCCCCC),-0.3668861465373421
N(CCC(=O)NCCCCCCCCCCCCCCCC)(CCC(=O)NCCCCCCCCCCCCCCCC)CCN(CCC(=O)NCCCCCCCCCCCCCCCC)CCO,-0.3668861465373421
COCCN(CCC(=O)NCCCCCCCCCCCCCCCCCC)(CCC(=O)NCCCCCCCCCCCCCCCCCC),-0.3668861465373421
CC(O)CN(CCC(=O)NCCCCCCCCCCCCCCCCCC)(CCC(=O)NCCCCCCCCCCCCCCCCCC),-0.3668861465373421
CC(O)CN(CCC(=O)NCCCCCCCCCCCCCCCCCC)(CCC(=O)NCCCCCCCCCCCCCCCCCC),-0.3668861465373421
CC(CO)(CO)N(CCC(=O)NCCCCCCCCCCCCCCCCCC)(CCC(=O)NCCCCCCCCCCCCCCCCCC),-0.3668861465373421
OCCCCCCN(CCC(=O)NCCCCCCCCCCCCCCCCCC)(CCC(=O)NCCCCCCCCCCCCCCCCCC),-0.3668861465373421
CN(CCC(=O)NCCCCCCCCCCCCCCCCCC)CCN(CCC(=O)NCCCCCCCCCCCCCCCCCC)C,-0.3668861465373421
C1COCCN1CCN(CCC(=O)NCCCCCCCCCCCCCCCCCC)(CCC(=O)NCCCCCCCCCCCCCCCCCC),-0.3668861465373421
C1COCCN1CCCN(CCC(=O)NCCCCCCCCCCCCCCCCCC)(CCC(=O)NCCCCCCCCCCCCCCCCCC),-0.3668861465373421
N(CCC(=O)NCCCCCCCCCCCCCCCCCC)(CCC(=O)NCCCCCCCCCCCCCCCCCC)CCN(CCC(=O)NCCCCCCCCCCCCCCCCCC)(CCC(=O)NCCCCCCCCCCCCCCCCCC),-0.3668861465373421
N(CCC(=O)NCCCCCCCCCCCCCCCCCC)(CCC(=O)NCCCCCCCCCCCCCCCCCC)CCN(CCC(=O)NCCCCCCCCCCCCCCCCCC)CCO,-0.3668861465373421
CN(C)CCNC(=O)CCC(SCCCCCC)CSCCCCCC,-0.5668955798917054
C1COCCN1CCNC(=O)CCC(SCCCCCCCCCCCC)CSCCCCCCCCCCCC,-0.5668955798917054
C1CCCN1CCNC(=O)CCC(SCCCCCCCCC)CSCCCCCCCCC,-0.5668955798917054
CCN(CC)CCNC(=O)CCC(SCCCCCCCCCC)CSCCCCCCCCCC,-0.5668955798917054
CCN(CC)CCNC(=O)CCC(SCCCCCCCCCCC)CSCCCCCCCCCCC,2.287357748492408
CCN(CC)CCCNC(=O)CCC(SCCCCCCCCCCC)CSCCCCCCCCCCC,1.8984410136446883
CCN(CC)CCCNC(=O)CCC(SCCCCCC)CSCCCCCC,-0.5668955798917054
CN(C)CCCNC(=O)CCC(SCCCCCCCCCC)CSCCCCCCCCCC,-0.0197754282492021
C1CN(CCN(C)C)CCN1C(=O)CCC(SCCCCCCCC)CSCCCCCCCC,-0.39550854503069
CN(C)CCNC(=O)CCCC(SCCCCCCCCCC)CSCCCCCCCCCC,1.1469747762939573
CN(C)CCNC(=O)CCCC(SCCCCCCCC)CSCCCCCCCC,-0.5668955798917054
C1COCCN1CCNC(=O)CCCC(SCCCCCCCCCC)CSCCCCCCCCCC,-0.5668955798917054
C1COCCN1CCNC(=O)CCCC(SCCCCCCCCCCCC)CSCCCCCCCCCCCC,-0.5668955798917054
C1CCCN1CCNC(=O)CCCC(SCCCCCCCCC)CSCCCCCCCCC,-0.5668955798917054
CCN(CC)CCNC(=O)CCCC(SCCCCCCCC)CSCCCCCCCC,-0.5668955798917054
CCN(CC)CCCNC(=O)CCCC(SCCCCCCCCCCCC)CSCCCCCCCCCCCC,-0.0197754282492021
CCN(CC)CCCNC(=O)CCCC(SCCCCCCCCCCCCCCCC)CSCCCCCCCCCCCCCCCC,-0.5668955798917054
CCN(CC)CCCNC(=O)CCCC(SCCCCCC)CSCCCCCC,-0.5668955798917054
CN(C)CCCNC(=O)CCCC(SCCCCCCCCCCC)CSCCCCCCCCCCC,1.5227078968632006
CN(C)CCCNC(=O)CCCC(SCCCCCCCCCCCCCCCC)CSCCCCCCCCCCCCCCCC,-0.39550854503069
CN(C)CCCNC(=O)CCCC(SCCCCCCCCC)CSCCCCCCCCC,-0.5668955798917054
C1CN(CCN(C)C)CCN1C(=O)CCCC(SCCCCCCCC)CSCCCCCCCC,-0.5668955798917054
N(CCCCCCCC)(CCCCCCCC)CCOP(=O)([O-])OCCCCCCCCCCC,2.952204749893815
N(CCCCCCCCCCCC)(CCCCCCCCCCCC)CCOP(=O)([O-])OCCCC,1.5815382588716866
N(CCCCCCCCCCCC)(CCCCCCCCCCCC)CCOP(=O)([O-])OCCCCCCC,1.5815382588716866
N(CCCCCCCCCCCC)(CCCCCCCCCCCC)CCOP(=O)([O-])OCCCCCCCC,1.5815382588716866
N(CCCCCCCC)(CCCCCCCC)CCOP(=O)([O-])OCCCCCCCCC,1.5815382588716866
[N+](CCCCCCCCCCCC)(CCCCCCCCCCCC)(CCCCCCCCCCCC)CCOP(=O)([O-])OCCCCCCCCC,1.5815382588716866
N(CCOP(=O)([O-])OCCCCCCCCC)CCOCCOCCNCCOP(=O)([O-])OCCCCCCCCC,1.5815382588716866
N(CCOP(=O)([O-])OCCCCCCCCC)CCCN(CCOP(=O)([O-])OCCCCCCCCC)CCCCN(CCOP(=O)([O-])OCCCCCCCCC)CCCN(CCOP(=O)([O-])OCCCCCCCCC),1.5815382588716866
[N+](CCCCCCCC)(CCCCCCCC)(CCCCCCCC)CCOP(=O)([O-])OCCCCCCCCCC,1.5815382588716866
N(CCOP(=O)([O-])OCCCCCCCCCC)CCN(CCOP(=O)([O-])OCCCCCCCCCC)CCN(CCOP(=O)([O-])OCCCCCCCCCC)CCN(CCOP(=O)([O-])OCCCCCCCCCC),1.5815382588716866
N(CCCCCC)(CCCCCC)CCOP(=O)([O-])OCCCCCCCCCCC,1.5815382588716866
N(CCCCCCCCCCC)(CCCCCCCCCCC)CCOP(=O)([O-])OCCCCCCCCCCCC,1.5815382588716866
N(CCCCCCCCCCCC)(CCCCCCCCCCCC)CCOP(=O)([O-])OCCCCCCCCCCCCC,1.5815382588716866
N(CCCCCC)(CCCCCC)CCOP(=O)([O-])OCCCCCCCCCCCCCCCC,1.5815382588716866
N(CCCCCCCCCCCC)(CCCCCCCCCCCC)CCOP(=O)([O-])OCCCCCCCCCCCCCCCC,1.5815382588716866
N(CCCCCCCCCCCCC)(CCCCCCCCCCCCC)CCOP(=O)([O-])OCCCC,0.2108717678495582
N(CCOP(=O)([O-])OCCCC)([H])CCCN(C)CCCN(CCOP(=O)([O-])OCCCC),0.2108717678495582
N(CCOP(=O)([O-])OCCCC)CCN([H])CCN([H])CCN(CCOP(=O)([O-])OCCCC),0.2108717678495582
N(CCOP(=O)([O-])OCCCC)CCN(CCOP(=O)([O-])OCCCC)CCN(CCOP(=O)([O-])OCCCC)CCN(CCOP(=O)([O-])OCCCC),0.2108717678495582
N(CCOP(=O)([O-])OCCCC)CCCN(CCOP(=O)([O-])OCCCC)CCCCN([H])CCCN(CCOP(=O)([O-])OCCCC),0.2108717678495582
N(CCOP(=O)([O-])OCCCC)CCN([H])CCN([H])CCN([H])CCN(CCOP(=O)([O-])OCCCC),0.2108717678495582
N(CCOP(=O)([O-])OCCCCC)CCCCCCCCCC,0.2108717678495582
N(CCCCCC)(CCCCCC)CCOP(=O)([O-])OCCCCC,0.2108717678495582
N(CCCCCCCC)(CCCCCCCC)CCOP(=O)([O-])OCCCCC,0.2108717678495582
N(CCOP(=O)([O-])OCCCCC)CCN(CCOP(=O)([O-])OCCCCC)CCN(CCOP(=O)([O-])OCCCCC)CCN(CCOP(=O)([O-])OCCCCC)CCN(CCOP(=O)([O-])OCCCCC),0.2108717678495582
N(CCOP(=O)([O-])OCCCCCC)CCCCCCCCCCCC,0.2108717678495582
[N+](CCCCCCCC)(CCCCCCCC)(CCCCCCCC)CCOP(=O)([O-])OCCCCCC,0.2108717678495582
C8CN(CCOP(=O)([O-])OCCCCCC)CCN8CCN(CCOP(=O)([O-])OCCCCCC)[H],0.2108717678495582
N(CCOP(=O)([O-])OCCCCCC)CCN([H])CCN([H])CCN(CCOP(=O)([O-])OCCCCCC),0.2108717678495582
N(CCOP(=O)([O-])OCCCCCC)CCCN(CCOP(=O)([O-])OCCCCCC)CCCCN([H])CCCN(CCOP(=O)([O-])OCCCCCC),0.2108717678495582
N(CCNCCOP(=O)([O-])OCCCCCC)(CCNCCOP(=O)([O-])OCCCCCC)(CCN([H])[H]),0.2108717678495582
N(CCCC)(CCCC)CCOP(=O)([O-])OCCCCCCC,0.2108717678495582
N(CCCCCC)(CCCCCC)CCOP(=O)([O-])OCCCCCCC,0.2108717678495582
C8CN(CCOP(=O)([O-])OCCCCCCC)CCN8CCN(CCOP(=O)([O-])OCCCCCCC)[H],0.2108717678495582
N(CCOP(=O)([O-])OCCCCCCC)([H])CCCN(CCOP(=O)([O-])OCCCCCCC)CCCN(C)C,0.2108717678495582
N(CCNCCOP(=O)([O-])OCCCCCCC)(CCNCCOP(=O)([O-])OCCCCCCC)(CCN(CCOP(=O)([O-])OCCCCCCC)[H]),0.2108717678495582
N(CCOP(=O)([O-])OCCCCCCCC)CCCCCCCC,0.2108717678495582
N(CCCCCCCCCC)(CCCCCCCCCC)CCOP(=O)([O-])OCCCCCCCC,0.2108717678495582
N(CCCCCCCCCCC)(CCCCCCCCCCC)CCOP(=O)([O-])OCCCCCCCC,0.2108717678495582
C8N(CCCN(CCOP(=O)([O-])OCCCCCCCC)(CCOP(=O)([O-])OCCCCCCCC))CCN(CCCN(CCOP(=O)([O-])OCCCCCCCC)(CCOP(=O)([O-])OCCCCCCCC))C8,0.2108717678495582
N(CCOP(=O)([O-])OCCCCCCCC)CCCN(CCOP(=O)([O-])OCCCCCCCC)CCCCN(CCOP(=O)([O-])OCCCCCCCC)CCCN(CCOP(=O)([O-])OCCCCCCCC),0.2108717678495582
N(CCOP(=O)([O-])OCCCCCCCC)CCN([H])CCN([H])CCN([H])CCN(CCOP(=O)([O-])OCCCCCCCC),0.2108717678495582
N(CCCC)(CCCC)CCOP(=O)([O-])OCCCCCCCCC,0.2108717678495582
[N+](CCCCCCCCCC)(CCCCCCCCCC)(CCCCCCCCCC)CCOP(=O)([O-])OCCCCCCCCC,0.2108717678495582
C8CN(CCOP(=O)([O-])OCCCCCCCCC)CCN8CCN(CCOP(=O)([O-])OCCCCCCCCC)[H],0.2108717678495582
N(CCOP(=O)([O-])OCCCCCCCCC)(CCOP(=O)([O-])OCCCCCCCCC)CCCN(C)CCCN(CCOP(=O)([O-])OCCCCCCCCC),0.2108717678495582
N(CCOP(=O)([O-])OCCCCCCCCC)CCCN([H])CCCCN([H])CCCN(CCOP(=O)([O-])OCCCCCCCCC),0.2108717678495582
N(CCNCCOP(=O)([O-])OCCCCCCCCC)(CCNCCOP(=O)([O-])OCCCCCCCCC)(CCN([H])[H]),0.2108717678495582
N(CCOP(=O)([O-])OCCCCCCCCCC)CCCCCC,0.2108717678495582
N(CCOP(=O)([O-])OCCCCCCCCCC)([H])CCCN(C)CCCN(CCOP(=O)([O-])OCCCCCCCCCC),0.2108717678495582
N(CCOP(=O)([O-])OCCCCCCCCCC)CCN([H])CCN(CCOP(=O)([O-])OCCCCCCCCCC)CCN([H])CCN(CCOP(=O)([O-])OCCCCCCCCCC),0.2108717678495582
N(CCNCCOP(=O)([O-])OCCCCCCCCCCC)(CCNCCOP(=O)([O-])OCCCCCCCCCCC)(CCN(CCOP(=O)([O-])OCCCCCCCCCCC)CCOP(=O)([O-])OCCCCCCCCCCC),0.2108717678495582
N(CCOP(=O)([O-])OCCCCCCCCCCC)CCN([H])CCN(CCOP(=O)([O-])OCCCCCCCCCCC)CCN([H])CCN(CCOP(=O)([O-])OCCCCCCCCCCC),0.2108717678495582
N(CCOP(=O)([O-])OCCCCCCCCCCC)CCN(CCOP(=O)([O-])OCCCCCCCCCCC)CCN(CCOP(=O)([O-])OCCCCCCCCCCC)CCN([H])CCN(CCOP(=O)([O-])OCCCCCCCCCCC),0.2108717678495582
N(CCOP(=O)([O-])OCCCCCCCCCCCC)CCCCCCCCCC,0.2108717678495582
N(CCCCCCCCCCCCC)(CCCCCCCCCCCCC)CCOP(=O)([O-])OCCCCCCCCCCCC,0.2108717678495582
N(CCOP(=O)([O-])OCCCCCCCCCCCC)(CCOP(=O)([O-])OCCCCCCCCCCCC)CCCN(C)CCCN(CCOP(=O)([O-])OCCCCCCCCCCCC),0.2108717678495582
N(CCOP(=O)([O-])OCCCCCCCCCCCCC)CCCCCCCC,0.2108717678495582
N(CCCCCC)(CCCCCC)CCOP(=O)([O-])OCCCCCCCCCCCCC,0.2108717678495582
[N+](CCCCCCCCCC)(CCCCCCCCCC)(CCCCCCCCCC)CCOP(=O)([O-])OCCCCCCCCCCCCC,0.2108717678495582
N(CCOP(=O)([O-])OCCCCCCCCCCCCC)CCN([H])CCN([H])CCN(CCOP(=O)([O-])OCCCCCCCCCCCCC),0.2108717678495582
N(CCNCCOP(=O)([O-])OCCCCCCCCCCCCC)(CCNCCOP(=O)([O-])OCCCCCCCCCCCCC)(CCN(CCOP(=O)([O-])OCCCCCCCCCCCCC)[H]),0.2108717678495582
N(CCOP(=O)([O-])OCCCCCCCCCCCCCC)CCOCCOCCNCCOP(=O)([O-])OCCCCCCCCCCCCCC,0.2108717678495582
N(CCOP(=O)([O-])OCCCCCCCCCCCCCCC)CCCCCC,0.2108717678495582
N(CCCCCCCCCCCC)(CCCCCCCCCCCC)CCOP(=O)([O-])OCCCCCCCCCCCCCCC,0.2108717678495582
N(CCCCCCCCCCCCC)(CCCCCCCCCCCCC)CCOP(=O)([O-])OCCCCCCCCCCCCCCC,0.2108717678495582
[N+](CCCCCCCCCC)(CCCCCCCCCC)(CCCCCCCCCC)CCOP(=O)([O-])OCCCCCCCCCCCCCCC,0.2108717678495582
N(CCN(CCOP(=O)([O-])OCCCCCCCCCCCCCCC)C)(CCN(CCOP(=O)([O-])OCCCCCCCCCCCCCCC)C)(CCN([H])C),0.2108717678495582
N(CCOP(=O)([O-])OCCCCCCCCCCCCCCCC)CCCCCC,0.2108717678495582
N(CCCCCCCCCCCCC)(CCCCCCCCCCCCC)CCOP(=O)([O-])OCCCCCCCCCCCCCCCC,0.2108717678495582
[N+](CCCCCCCCCCCC)(CCCCCCCCCCCC)(CCCCCCCCCCCC)CCOP(=O)([O-])OCCCCC,-1.1597947231725705
C8CN(CCOP(=O)([O-])OCCCCC)CCN8CCN(CCOP(=O)([O-])OCCCCC)[H],-1.1597947231725705
N(CCOP(=O)([O-])OCCCCC)(CCOP(=O)([O-])OCCCCC)CCCN(CCOP(=O)([O-])OCCCCC)CCCN(C)C,-1.1597947231725705
N(CCN(CCOP(=O)([O-])OCCCCC)C)(CCN(CCOP(=O)([O-])OCCCCC)C)(CCN(CCOP(=O)([O-])OCCCCC)C),-1.1597947231725705
[N+](CCCCCCCCCCCC)(CCCCCCCCCCCC)(CCCCCCCCCCCC)CCOP(=O)([O-])OCCCCCC,-1.1597947231725705
N(CCOP(=O)([O-])OCCCCCC)CCN(CCOP(=O)([O-])OCCCCCC)CCN([H])CCN(CCOP(=O)([O-])OCCCCCC),-1.1597947231725705
N(CCNCCOP(=O)([O-])OCCCCCC)(CCNCCOP(=O)([O-])OCCCCCC)(CCN(CCOP(=O)([O-])OCCCCCC)CCOP(=O)([O-])OCCCCCC),-1.1597947231725705
[N+](CCCC)(CCCC)(CCCC)CCOP(=O)([O-])OCCCCCCC,-1.1597947231725705
[N+](CCCCCC)(CCCCCC)(CCCCCC)CCOP(=O)([O-])OCCCCCCC,-1.1597947231725705
N(CCN(CCOP(=O)([O-])OCCCCCCC)C)(CCN(CCOP(=O)([O-])OCCCCCCC)C)(CCN(CCOP(=O)([O-])OCCCCCCC)C),-1.1597947231725705
N(CCOP(=O)([O-])OCCCCCCCC)([H])CCCN(CCOP(=O)([O-])OCCCCCCCC)CCCN(C)C,-1.1597947231725705
N(CCOP(=O)([O-])OCCCCCCCCCC)CCCN([H])CCCCN([H])CCCN(CCOP(=O)([O-])OCCCCCCCCCC),-1.1597947231725705
N(CCOP(=O)([O-])OCCCCCCCCCC)CCN(CCOP(=O)([O-])OCCCCCCCCCC)CCN(CCOP(=O)([O-])OCCCCCCCCCC)CCN(CCOP(=O)([O-])OCCCCCCCCCC)CCN(CCOP(=O)([O-])OCCCCCCCCCC),-1.1597947231725705
C8N(CCCN(CCOP(=O)([O-])OCCCCCCCCCCC)(CCOP(=O)([O-])OCCCCCCCCCCC))CCN(CCCN(CCOP(=O)([O-])OCCCCCCCCCCC)(CCOP(=O)([O-])OCCCCCCCCCCC))C8,-1.1597947231725705
N(CCOP(=O)([O-])OCCCCCCCCCCC)CCN(CCOP(=O)([O-])OCCCCCCCCCCC)CCN(CCOP(=O)([O-])OCCCCCCCCCCC)CCN(CCOP(=O)([O-])OCCCCCCCCCCC),-1.1597947231725705
C8CN(CCOP(=O)([O-])OCCCCCCCCCCCC)CCN8CCN(CCOP(=O)([O-])OCCCCCCCCCCCC)CCOP(=O)([O-])OCCCCCCCCCCCC,-1.1597947231725705
N(CCOP(=O)([O-])OCCCCCCCCCCCCC)CCCCCCCCCCCCCC,-1.1597947231725705
N(CCOP(=O)([O-])OCCCCCCCCCCCCC)CCCN(CCOP(=O)([O-])OCCCCCCCCCCCCC)CCCCN([H])CCCN(CCOP(=O)([O-])OCCCCCCCCCCCCC),-1.1597947231725705
N(CCOP(=O)([O-])OCCCCCCCCCCCCC)CCCN(CCOP(=O)([O-])OCCCCCCCCCCCCC)CCCCN(CCOP(=O)([O-])OCCCCCCCCCCCCC)CCCN(CCOP(=O)([O-])OCCCCCCCCCCCCC),-1.1597947231725705
N(CCOP(=O)([O-])OCCCCCCCCCCCCC)CCN([H])CCN([H])CCN([H])CCN(CCOP(=O)([O-])OCCCCCCCCCCCCC),-1.1597947231725705
C8CN(CCOP(=O)([O-])OCCCCCCCCCCCCCC)CCN8CCN(CCOP(=O)([O-])OCCCCCCCCCCCCCC)CCOP(=O)([O-])OCCCCCCCCCCCCCC,-1.1597947231725705
N(CCOP(=O)([O-])OCCCCCCCCCCCCCC)(CCOP(=O)([O-])OCCCCCCCCCCCCCC)CCCN(C)CCCN(CCOP(=O)([O-])OCCCCCCCCCCCCCC),-1.1597947231725705
C8N(CCCN(CCOP(=O)([O-])OCCCCCCCCCCCCCC)(CCOP(=O)([O-])OCCCCCCCCCCCCCC))CCN(CCCN(CCOP(=O)([O-])OCCCCCCCCCCCCCC)(CCOP(=O)([O-])OCCCCCCCCCCCCCC))C8,-1.1597947231725705
N(CCOP(=O)([O-])OCCCCCCCCCCCCCC)CCN(CCOP(=O)([O-])OCCCCCCCCCCCCCC)CCN([H])CCN(CCOP(=O)([O-])OCCCCCCCCCCCCCC),-1.1597947231725705
N(CCOP(=O)([O-])OCCCCCCCCCCCCCC)CCN(CCOP(=O)([O-])OCCCCCCCCCCCCCC)CCN(CCOP(=O)([O-])OCCCCCCCCCCCCCC)CCN([H])CCN(CCOP(=O)([O-])OCCCCCCCCCCCCCC),-1.1597947231725705
N(CCOP(=O)([O-])OCCCCCCCCCCCCCCC)CCCCCCCCCCCCCC,-1.1597947231725705
N(CCOP(=O)([O-])OCCCCCCCCCCCCCCC)CCOCCOCCNCCOP(=O)([O-])OCCCCCCCCCCCCCCC,-1.1597947231725705
N(CCOP(=O)([O-])OCCCCCCCCCCCCCCC)(CCOP(=O)([O-])OCCCCCCCCCCCCCCC)CCCN(CCOP(=O)([O-])OCCCCCCCCCCCCCCC)CCCN(C)C,-1.1597947231725705
N(CCOP(=O)([O-])OCCCCCCCCCCCCCCC)([H])CCCN(C)CCCN(CCOP(=O)([O-])OCCCCCCCCCCCCCCC),-1.1597947231725705
N(CCN(CCOP(=O)([O-])OCCCCCCCCCCCCCCC)C)(CCN(CCOP(=O)([O-])OCCCCCCCCCCCCCCC)C)(CCN(CCOP(=O)([O-])OCCCCCCCCCCCCCCC)C),-1.1597947231725705
[N+](CCOP(=O)([O-])OCCCCCCCCCCCCCCC)(CCN(CCOP(=O)([O-])OCCCCCCCCCCCCCCC)C)(CCN(CCOP(=O)([O-])OCCCCCCCCCCCCCCC)C)(CCN(CCOP(=O)([O-])OCCCCCCCCCCCCCCC)C),-1.1597947231725705
N(CCNCCOP(=O)([O-])OCCCCCCCCCCCCCCC)(CCNCCOP(=O)([O-])OCCCCCCCCCCCCCCC)(CCN(CCOP(=O)([O-])OCCCCCCCCCCCCCCC)[H]),-1.1597947231725705
N(CCOP(=O)([O-])OCCCCCCCCCCCCCCC)CCN(CCOP(=O)([O-])OCCCCCCCCCCCCCCC)CCN(CCOP(=O)([O-])OCCCCCCCCCCCCCCC)CCN([H])CCN(CCOP(=O)([O-])OCCCCCCCCCCCCCCC),-1.1597947231725705
C8CN(CCOP(=O)([O-])OCCCCCCCCCCCCCCCC)CCN8CCN(CCOP(=O)([O-])OCCCCCCCCCCCCCCCC)CCOP(=O)([O-])OCCCCCCCCCCCCCCCC,-1.1597947231725705
N(CCOP(=O)([O-])OCCCCCCCCCCCCCCCC)([H])CCCN(CCOP(=O)([O-])OCCCCCCCCCCCCCCCC)CCCN(C)C,-1.1597947231725705
N(CCOP(=O)([O-])OCCCCCCCCCCCCCCCC)(CCOP(=O)([O-])OCCCCCCCCCCCCCCCC)CCCN(CCOP(=O)([O-])OCCCCCCCCCCCCCCCC)CCCN(C)C,-1.1597947231725705
C8N(CCCN(CCOP(=O)([O-])OCCCCCCCCCCCCCCCC)(CCOP(=O)([O-])OCCCCCCCCCCCCCCCC))CCN(CCCN(CCOP(=O)([O-])OCCCCCCCCCCCCCCCC)(CCOP(=O)([O-])OCCCCCCCCCCCCCCCC))C8,-1.1597947231725705
N(CCOP(=O)([O-])OCCCCCCCCCCCCCCCC)CCCN([H])CCCCN([H])CCCN(CCOP(=O)([O-])OCCCCCCCCCCCCCCCC),-1.1597947231725705
N(CCN(CCOP(=O)([O-])OCCCCCCCCCCCCCCCC)C)(CCN(CCOP(=O)([O-])OCCCCCCCCCCCCCCCC)C)(CCN(CCOP(=O)([O-])OCCCCCCCCCCCCCCCC)C),-1.1597947231725705
N(CCNCCOP(=O)([O-])OCCCCCCCCCCCCCCCC)(CCNCCOP(=O)([O-])OCCCCCCCCCCCCCCCC)(CCN([H])[H]),-1.1597947231725705
N(CCNCCOP(=O)([O-])OCCCCCCCCCCCCCCCC)(CCNCCOP(=O)([O-])OCCCCCCCCCCCCCCCC)(CCN(CCOP(=O)([O-])OCCCCCCCCCCCCCCCC)[H]),-1.1597947231725705
N(CCOP(=O)([O-])OCCCCCCCCCCCCCCCC)CCN([H])CCN([H])CCN([H])CCN(CCOP(=O)([O-])OCCCCCCCCCCCCCCCC),-1.1597947231725705
N(CCOP(=O)([O-])OCCCCCCCCCCCCCCCC)CCN([H])CCN(CCOP(=O)([O-])OCCCCCCCCCCCCCCCC)CCN([H])CCN(CCOP(=O)([O-])OCCCCCCCCCCCCCCCC),-1.1597947231725705
N(CCOP(=O)([O-])OCCCCCCCCCCCCCCCC)CCN(CCOP(=O)([O-])OCCCCCCCCCCCCCCCC)CCN(CCOP(=O)([O-])OCCCCCCCCCCCCCCCC)CCN(CCOP(=O)([O-])OCCCCCCCCCCCCCCCC)CCN(CCOP(=O)([O-])OCCCCCCCCCCCCCCCC),-1.1597947231725705
N(CCC(=O)OCCOC(=O)C(C)CSCCC(C)C)(CCC(=O)OCCOC(=O)C(C)CSCCC(C)C)CCCN(C)CCCN(CCC(=O)OCCOC(=O)C(C)CSCCC(C)C)(CCC(=O)OCCOC(=O)C(C)CSCCC(C)C),3.601853897883668
CN(C)CCCN(CCC(=O)OCCOC(=O)C(C)CSCCCCCC)CCCN(CCC(=O)OCCOC(=O)C(C)CSCCCCCC)CCC(=O)OCCOC(=O)C(C)CSCCCCCC,3.601853897883668
N(CCN(CCC(=O)OCCOC(=O)C(C)CSCCCCCCC)C)(CCN(CCC(=O)OCCOC(=O)C(C)CSCCCCCCC)C)CCN(CCC(=O)OCCOC(=O)C(C)CSCCCCCCC)C,3.601853897883668
CN(C)CCCN(CCC(=O)OCCOC(=O)C(C)CSCCCCCCCCCC)CCCN(CCC(=O)OCCOC(=O)C(C)CSCCCCCCCCCC)CCC(=O)OCCOC(=O)C(C)CSCCCCCCCCCC,3.601853897883668
CN(C)CCCN(CCC(=O)OCCOC(=O)C(C)CSCCCCCCCCCCCC)CCCN(CCC(=O)OCCOC(=O)C(C)CSCCCCCCCCCCCC)CCC(=O)OCCOC(=O)C(C)CSCCCCCCCCCCCC,3.601853897883668
N(CCC(=O)OCCOC(=O)C(C)CSCCCCCCCCCCCC)(CCC(=O)OCCOC(=O)C(C)CSCCCCCCCCCCCC)CCCN(C)CCCN(CCC(=O)OCCOC(=O)C(C)CSCCCCCCCCCCCC)(CCC(=O)OCCOC(=O)C(C)CSCCCCCCCCCCCC),3.601853897883668
N(CCC(=O)OCCOC(=O)C(C)CSCCCCCCCCCCCCCC)(CCC(=O)OCCOC(=O)C(C)CSCCCCCCCCCCCCCC)CCC1N(C)CCC1,3.601853897883668
N(CCC(=O)OCCOC(=O)C(C)CSCC(C)C)(CCC(=O)OCCOC(=O)C(C)CSCC(C)C)CCCN(C)CCCN(CCC(=O)OCCOC(=O)C(C)CSCC(C)C)(CCC(=O)OCCOC(=O)C(C)CSCC(C)C),2.185099711203099
N(CCC(=O)OCCOC(=O)C(C)CSCCC(C)C)(CCC(=O)OCCOC(=O)C(C)CSCCC(C)C)CCCN1CCN(CCCN(CCC(=O)OCCOC(=O)C(C)CSCCC(C)C)(CCC(=O)OCCOC(=O)C(C)CSCCC(C)C))CC1,2.185099711203099
N(CCC(=O)OCCOC(=O)C(C)CSCCC(C)C)(CCC(=O)OCCOC(=O)C(C)CSCCC(C)C)CCCN(CCC(=O)OCCOC(=O)C(C)CSCCC(C)C)CCCN(CCC(=O)OCCOC(=O)C(C)CSCCC(C)C)CCCN(CCC(=O)OCCOC(=O)C(C)CSCCC(C)C)CCC(=O)OCCOC(=O)C(C)CSCCC(C)C,2.185099711203099
N(CCC(=O)OCCOC(=O)C(C)CSCCCC)(CCC(=O)OCCOC(=O)C(C)CSCCCC)CCCN(C)CCCN(CCC(=O)OCCOC(=O)C(C)CSCCCC)(CCC(=O)OCCOC(=O)C(C)CSCCCC),2.185099711203099
N(CCC(=O)OCCOC(=O)C(C)CSCCCC)(CCC(=O)OCCOC(=O)C(C)CSCCCC)CCCN(CCC(=O)OCCOC(=O)C(C)CSCCCC)CCCNCCCN(CCC(=O)OCCOC(=O)C(C)CSCCCC)CCC(=O)OCCOC(=O)C(C)CSCCCC,2.185099711203099
N(CCN(CCC(=O)OCCOC(=O)C(C)CSCCCC)(CCC(=O)OCCOC(=O)C(C)CSCCCC))(CCN(CCC(=O)OCCOC(=O)C(C)CSCCCC)(CCC(=O)OCCOC(=O)C(C)CSCCCC))CCN(CCC(=O)OCCOC(=O)C(C)CSCCCC)CCC(=O)OCCOC(=O)C(C)CSCCCC,2.185099711203099
N(CCC(=O)OCCOC(=O)C(C)CSCCCCC)(CCC(=O)OCCOC(=O)C(C)CSCCCCC)CCCN(CCC(=O)OCCOC(=O)C(C)CSCCCCC)CCCN(CCC(=O)OCCOC(=O)C(C)CSCCCCC)CCC(=O)OCCOC(=O)C(C)CSCCCCC,2.185099711203099
N(CCC(=O)OCCOC(=O)C(C)CSCCCCC)(CCC(=O)OCCOC(=O)C(C)CSCCCCC)CCCN(CCC(=O)OCCOC(=O)C(C)CSCCCCC)CCCNCCCN(CCC(=O)OCCOC(=O)C(C)CSCCCCC)CCC(=O)OCCOC(=O)C(C)CSCCCCC,2.185099711203099
N(CCC(=O)OCCOC(=O)C(C)CSCCCCCCC)(CCC(=O)OCCOC(=O)C(C)CSCCCCCCC)CCNCCN(CCC(=O)OCCOC(=O)C(C)CSCCCCCCC)CCNCCN(CCC(=O)OCCOC(=O)C(C)CSCCCCCCC)CCC(=O)OCCOC(=O)C(C)CSCCCCCCC,2.185099711203099
N(CCC(=O)OCCOC(=O)C(C)CSCCCCCCC)(CCC(=O)OCCOC(=O)C(C)CSCCCCCCC)CCN(CCC(=O)OCCOC(=O)C(C)CSCCCCCCC)CCN(CCC(=O)OCCOC(=O)C(C)CSCCCCCCC)CCNCCN(CCC(=O)OCCOC(=O)C(C)CSCCCCCCC)CCC(=O)OCCOC(=O)C(C)CSCCCCCCC,2.185099711203099
N(CCC(=O)OCCOC(=O)C(C)CSCCCCCCCC)(CCC(=O)OCCOC(=O)C(C)CSCCCCCCCC)CCCN1CCN(C)CC1,2.185099711203099
CCCCCCCCCCN(CCC(=O)OCCOC(=O)C(C)CSCCCCCCCC)CCCCCCCCCC,2.185099711203099
N(CCN(CCC(=O)OCCOC(=O)C(C)CSCCCCCCCCCC)(CCC(=O)OCCOC(=O)C(C)CSCCCCCCCCCC))(CCN(CCC(=O)OCCOC(=O)C(C)CSCCCCCCCCCC)(CCC(=O)OCCOC(=O)C(C)CSCCCCCCCCCC))CCNCCC(=O)OCCOC(=O)C(C)CSCCCCCCCCCC,2.185099711203099
N(CCN(CCC(=O)OCCOC(=O)C(C)CSCCCCCCCCCCC)(CCC(=O)OCCOC(=O)C(C)CSCCCCCCCCCCC))(CCN(CCC(=O)OCCOC(=O)C(C)CSCCCCCCCCCCC)(CCC(=O)OCCOC(=O)C(C)CSCCCCCCCCCCC))CCN(CCC(=O)OCCOC(=O)C(C)CSCCCCCCCCCCC)CCC(=O)OCCOC(=O)C(C)CSCCCCCCCCCCC,2.185099711203099
N(CCC(=O)OCCOC(=O)C(C)CSCCCCCCCCCCCC)(CCC(=O)OCCOC(=O)C(C)CSCCCCCCCCCCCC)CCCN(CCC(=O)OCCOC(=O)C(C)CSCCCCCCCCCCCC)CCCN(CCC(=O)OCCOC(=O)C(C)CSCCCCCCCCCCCC)CCC(=O)OCCOC(=O)C(C)CSCCCCCCCCCCCC,2.185099711203099
N(CCN(CCC(=O)OCCOC(=O)C(C)CSCCCCCCCCCCCC)(CCC(=O)OCCOC(=O)C(C)CSCCCCCCCCCCCC))(CCN(CCC(=O)OCCOC(=O)C(C)CSCCCCCCCCCCCC)(CCC(=O)OCCOC(=O)C(C)CSCCCCCCCCCCCC))CCNCCC(=O)OCCOC(=O)C(C)CSCCCCCCCCCCCC,2.185099711203099
N(CCC(=O)OCCOC(=O)C(C)CSCCCCCCCCCCCC)(CCC(=O)OCCOC(=O)C(C)CSCCCCCCCCCCCC)CCCN(CCC(=O)OCCOC(=O)C(C)CSCCCCCCCCCCCC)CCCN(CCC(=O)OCCOC(=O)C(C)CSCCCCCCCCCCCC)CCCN(CCC(=O)OCCOC(=O)C(C)CSCCCCCCCCCCCC)CCC(=O)OCCOC(=O)C(C)CSCCCCCCCCCCCC,2.185099711203099
N(CCC(=O)OCCOC(=O)C(C)CSCC(O)CO)(CCC(=O)OCCOC(=O)C(C)CSCC(O)CO)CCCN1CCN(CCCN(CCC(=O)OCCOC(=O)C(C)CSCC(O)CO)(CCC(=O)OCCOC(=O)C(C)CSCC(O)CO))CC1,2.185099711203099
N(CCN(CCC(=O)OCCOC(=O)C(C)CSCCCCO)(CCC(=O)OCCOC(=O)C(C)CSCCCCO))(CCN(CCC(=O)OCCOC(=O)C(C)CSCCCCO)(CCC(=O)OCCOC(=O)C(C)CSCCCCO))CCN(CCC(=O)OCCOC(=O)C(C)CSCCCCO)CCC(=O)OCCOC(=O)C(C)CSCCCCO,2.185099711203099
c1c(CN(CCC(=O)OCCOC(=O)C(C)CSCCN(C)C)(CCC(=O)OCCOC(=O)C(C)CSCCN(C)C))ccc(CN(CCC(=O)OCCOC(=O)C(C)CSCCN(C)C)(CCC(=O)OCCOC(=O)C(C)CSCCN(C)C))c1,2.185099711203099
CCCCCCCCCCCCCCN(CCC(=O)OCCOC(=O)C(C)CSCCN5CCCCCC5)CCC(=O)OCCOC(=O)C(C)CSCCN5CCCCCC5,2.185099711203099
N(CCN(CCC(=O)OCCOC(=O)C(C)CSCCN(CCCC)CCCC)(CCC(=O)OCCOC(=O)C(C)CSCCN(CCCC)CCCC))(CCN(CCC(=O)OCCOC(=O)C(C)CSCCN(CCCC)CCCC)(CCC(=O)OCCOC(=O)C(C)CSCCN(CCCC)CCCC))CCNCCC(=O)OCCOC(=O)C(C)CSCCN(CCCC)CCCC,2.185099711203099
CN(C)CCN(CCC(=O)OCCOC(=O)C(C)CSCC(C)C)C,0.7683455245225306
N(CCC(=O)OCCOC(=O)C(C)CSCC(C)C)(CCC(=O)OCCOC(=O)C(C)CSCC(C)C)CC1CCN(C)CC1,0.7683455245225306
N(CCC(=O)OCCOC(=O)C(C)CSCC(C)C)(CCC(=O)OCCOC(=O)C(C)CSCC(C)C)CCCN1CCN(C)CC1,0.7683455245225306
CN(C)CCCN(CCC(=O)OCCOC(=O)C(C)CSCC(C)C)CCCN(CCC(=O)OCCOC(=O)C(C)CSCC(C)C)CCC(=O)OCCOC(=O)C(C)CSCC(C)C,0.7683455245225306
c1c(CN(CCC(=O)OCCOC(=O)C(C)CSCC(C)C)(CCC(=O)OCCOC(=O)C(C)CSCC(C)C))ccc(CN(CCC(=O)OCCOC(=O)C(C)CSCC(C)C)(CCC(=O)OCCOC(=O)C(C)CSCC(C)C))c1,0.7683455245225306
CCCCCCCCN(CCC(=O)OCCOC(=O)C(C)CSCC(C)C)CCC(=O)OCCOC(=O)C(C)CSCC(C)C,0.7683455245225306
N(CCC(=O)OCCOC(=O)C(C)CSCCC(C)C)(CCC(=O)OCCOC(=O)C(C)CSCCC(C)C)CCN1CCCCC1,0.7683455245225306
N(CCC(=O)OCCOC(=O)C(C)CSCCC(C)C)(CCC(=O)OCCOC(=O)C(C)CSCCC(C)C)CCc1ncccc1,0.7683455245225306
N(CCN(CCC(=O)OCCOC(=O)C(C)CSCCC(C)C)(CCC(=O)OCCOC(=O)C(C)CSCCC(C)C))(CCN(CCC(=O)OCCOC(=O)C(C)CSCCC(C)C)(CCC(=O)OCCOC(=O)C(C)CSCCC(C)C))CCNCCC(=O)OCCOC(=O)C(C)CSCCC(C)C,0.7683455245225306
N(CCC(=O)OCCOC(=O)C(C)CSCCC(C)C)(CCC(=O)OCCOC(=O)C(C)CSCCC(C)C)CCN(CCC(=O)OCCOC(=O)C(C)CSCCC(C)C)CCN(CCC(=O)OCCOC(=O)C(C)CSCCC(C)C)CCNCCN(CCC(=O)OCCOC(=O)C(C)CSCCC(C)C)CCC(=O)OCCOC(=O)C(C)CSCCC(C)C,0.7683455245225306
CCCCCCCCN(CCC(=O)OCCOC(=O)C(C)CSCCC(C)C)CCC(=O)OCCOC(=O)C(C)CSCCC(C)C,0.7683455245225306
N(CCC(=O)OCCOC(=O)C(C)CSCCC(C)C)(CCC(=O)OCCOC(=O)C(C)CSCCC(C)C)CCN1CCCCC1,0.7683455245225306
N(CCC(=O)OCCOC(=O)C(C)CSCCC(C)C)(CCC(=O)OCCOC(=O)C(C)CSCCC(C)C)CCc1ncccc1,0.7683455245225306
N(CCC(=O)OCCOC(=O)C(C)CSCCC(C)C)(CCC(=O)OCCOC(=O)C(C)CSCCC(C)C)CCCN1CCN(CCCN(CCC(=O)OCCOC(=O)C(C)CSCCC(C)C)(CCC(=O)OCCOC(=O)C(C)CSCCC(C)C))CC1,0.7683455245225306
N(CCC(=O)OCCOC(=O)C(C)CSCCC(C)C)(CCC(=O)OCCOC(=O)C(C)CSCCC(C)C)CCCN(C)CCCN(CCC(=O)OCCOC(=O)C(C)CSCCC(C)C)(CCC(=O)OCCOC(=O)C(C)CSCCC(C)C),0.7683455245225306
N(CCN(CCC(=O)OCCOC(=O)C(C)CSCCC(C)C)(CCC(=O)OCCOC(=O)C(C)CSCCC(C)C))(CCN(CCC(=O)OCCOC(=O)C(C)CSCCC(C)C)(CCC(=O)OCCOC(=O)C(C)CSCCC(C)C))CCNCCC(=O)OCCOC(=O)C(C)CSCCC(C)C,0.7683455245225306
N(CCC(=O)OCCOC(=O)C(C)CSCCC(C)C)(CCC(=O)OCCOC(=O)C(C)CSCCC(C)C)CCN(CCC(=O)OCCOC(=O)C(C)CSCCC(C)C)CCN(CCC(=O)OCCOC(=O)C(C)CSCCC(C)C)CCNCCN(CCC(=O)OCCOC(=O)C(C)CSCCC(C)C)CCC(=O)OCCOC(=O)C(C)CSCCC(C)C,0.7683455245225306
N(CCC(=O)OCCOC(=O)C(C)CSCCC(C)C)(CCC(=O)OCCOC(=O)C(C)CSCCC(C)C)CCCN(CCC(=O)OCCOC(=O)C(C)CSCCC(C)C)CCCN(CCC(=O)OCCOC(=O)C(C)CSCCC(C)C)CCCN(CCC(=O)OCCOC(=O)C(C)CSCCC(C)C)CCC(=O)OCCOC(=O)C(C)CSCCC(C)C,0.7683455245225306
CCCCCCCCN(CCC(=O)OCCOC(=O)C(C)CSCCC(C)C)CCC(=O)OCCOC(=O)C(C)CSCCC(C)C,0.7683455245225306
CN(C)CCN(CCC(=O)OCCOC(=O)C(C)CSCCCC)C,0.7683455245225306
CN(C)CCCN(CCC(=O)OCCOC(=O)C(C)CSCCCC)C,0.7683455245225306
N(CCC(=O)OCCOC(=O)C(C)CSCCCC)(CCC(=O)OCCOC(=O)C(C)CSCCCC)CCN1CCCCC1,0.7683455245225306
CCCCCCCCN(CCC(=O)OCCOC(=O)C(C)CSCCCC)CCC(=O)OCCOC(=O)C(C)CSCCCC,0.7683455245225306
OCCN1CCN(CCC(=O)OCCOC(=O)C(C)CSCCCCC)CC1,0.7683455245225306
N(CCC(=O)OCCOC(=O)C(C)CSCCCCC)(CCC(=O)OCCOC(=O)C(C)CSCCCCC)CCN1CCOCC1,0.7683455245225306
C1C(CN(CCC(=O)OCCOC(=O)C(C)CSCCCCC)(CCC(=O)OCCOC(=O)C(C)CSCCCCC))CCN(CCC(=O)OCCOC(=O)C(C)CSCCCCC)C1,0.7683455245225306
N(CCC(=O)OCCOC(=O)C(C)CSCCCCC)(CCC(=O)OCCOC(=O)C(C)CSCCCCC)CCOCCOCCN(CCC(=O)OCCOC(=O)C(C)CSCCCCC)CCC(=O)OCCOC(=O)C(C)CSCCCCC,0.7683455245225306
N(CCC(=O)OCCOC(=O)C(C)CSCCCCC)(CCC(=O)OCCOC(=O)C(C)CSCCCCC)CCCN(CCC(=O)OCCOC(=O)C(C)CSCCCCC)CCCN(CCC(=O)OCCOC(=O)C(C)CSCCCCC)CCCN(CCC(=O)OCCOC(=O)C(C)CSCCCCC)CCC(=O)OCCOC(=O)C(C)CSCCCCC,0.7683455245225306
CCCCCCCCN(CCC(=O)OCCOC(=O)C(C)CSCCCCC)CCCCCCCC,0.7683455245225306
CN(CCC(=O)OCCOC(=O)C(C)CSCCCCCC)CCCN(C)CCCN(CCC(=O)OCCOC(=O)C(C)CSCCCCCC)C,0.7683455245225306
N(CCC(=O)OCCOC(=O)C(C)CSCCCCCC)(CCC(=O)OCCOC(=O)C(C)CSCCCCCC)CCCN(CCC(=O)OCCOC(=O)C(C)CSCCCCCC)CCCN(CCC(=O)OCCOC(=O)C(C)CSCCCCCC)CCC(=O)OCCOC(=O)C(C)CSCCCCCC,0.7683455245225306
N(CCC(=O)OCCOC(=O)C(C)CSCCCCCC)(CCC(=O)OCCOC(=O)C(C)CSCCCCCC)CCNCCN(CCC(=O)OCCOC(=O)C(C)CSCCCCCC)CCNCCN(CCC(=O)OCCOC(=O)C(C)CSCCCCCC)CCC(=O)OCCOC(=O)C(C)CSCCCCCC,0.7683455245225306
CCCCCCCCN(CCC(=O)OCCOC(=O)C(C)CSCCCCCC)CCCCCCCC,0.7683455245225306
CCCCCCCCCCCCCCN(CCC(=O)OCCOC(=O)C(C)CSCCCCCC)CCC(=O)OCCOC(=O)C(C)CSCCCCCC,0.7683455245225306
C1C(CN(CCC(=O)OCCOC(=O)C(C)CSCCCCCCC)(CCC(=O)OCCOC(=O)C(C)CSCCCCCCC))CCN(CCC(=O)OCCOC(=O)C(C)CSCCCCCCC)C1,0.7683455245225306
CCCCCCCCCCCCN(CCC(=O)OCCOC(=O)C(C)CSCCCCCCC)CCC(=O)OCCOC(=O)C(C)CSCCCCCCC,0.7683455245225306
C1N(C)CCN(CCC(=O)OCCOC(=O)C(C)CSCCCCCCCC)C1,0.7683455245225306
N(CCC(=O)OCCOC(=O)C(C)CSCCCCCCCC)(CCC(=O)OCCOC(=O)C(C)CSCCCCCCCC)CCC1N(C)CCC1,0.7683455245225306
CCCCCCCCCCN(CCC(=O)OCCOC(=O)C(C)CSCCCCCCCC)CCC(=O)OCCOC(=O)C(C)CSCCCCCCCC,0.7683455245225306
CCCCCCCCCCCCN(CCC(=O)OCCOC(=O)C(C)CSCCCCCCCC)CCC(=O)OCCOC(=O)C(C)CSCCCCCCCC,0.7683455245225306
N(CCC(=O)OCCOC(=O)C(C)CSCCCCCCCCC)(CCC(=O)OCCOC(=O)C(C)CSCCCCCCCCC)CCOCCOCCN(CCC(=O)OCCOC(=O)C(C)CSCCCCCCCCC)CCC(=O)OCCOC(=O)C(C)CSCCCCCCCCC,0.7683455245225306
N(CCC(=O)OCCOC(=O)C(C)CSCCCCCCCCC)(CCC(=O)OCCOC(=O)C(C)CSCCCCCCCCC)CCNCCN(CCC(=O)OCCOC(=O)C(C)CSCCCCCCCCC)CCNCCN(CCC(=O)OCCOC(=O)C(C)CSCCCCCCCCC)CCC(=O)OCCOC(=O)C(C)CSCCCCCCCCC,0.7683455245225306
N(CCC(=O)OCCOC(=O)C(C)CSCCCCCCCCC)(CCC(=O)OCCOC(=O)C(C)CSCCCCCCCCC)CCN(CCC(=O)OCCOC(=O)C(C)CSCCCCCCCCC)CCN(CCC(=O)OCCOC(=O)C(C)CSCCCCCCCCC)CCNCCN(CCC(=O)OCCOC(=O)C(C)CSCCCCCCCCC)CCC(=O)OCCOC(=O)C(C)CSCCCCCCCCC,0.7683455245225306
N(CCC(=O)OCCOC(=O)C(C)CSCCCCCCCCCC)(CCC(=O)OCCOC(=O)C(C)CSCCCCCCCCCC)CCN1CCOCC1,0.7683455245225306
C1C(CN(CCC(=O)OCCOC(=O)C(C)CSCCCCCCCCCC)(CCC(=O)OCCOC(=O)C(C)CSCCCCCCCCCC))CCN(CCC(=O)OCCOC(=O)C(C)CSCCCCCCCCCC)C1,0.7683455245225306
CN(CCC(=O)OCCOC(=O)C(C)CSCCCCCCCCCC)CCCCCCCCCCCC,0.7683455245225306
N(CCC(=O)OCCOC(=O)C(C)CSCCCCCCCCCCC)(CCC(=O)OCCOC(=O)C(C)CSCCCCCCCCCCC)CCC1N(C)CCC1,0.7683455245225306
C1C(CCN(CCC(=O)OCCOC(=O)C(C)CSCCCCCCCCCCC)(CCC(=O)OCCOC(=O)C(C)CSCCCCCCCCCCC))CCN(CCC(=O)OCCOC(=O)C(C)CSCCCCCCCCCCC)C1,0.7683455245225306
N(CCC(=O)OCCOC(=O)C(C)CSCCCCCCCCCCC)(CCC(=O)OCCOC(=O)C(C)CSCCCCCCCCCCC)CCN(CCC(=O)OCCOC(=O)C(C)CSCCCCCCCCCCC)CCN(CCC(=O)OCCOC(=O)C(C)CSCCCCCCCCCCC)CCNCCN(CCC(=O)OCCOC(=O)C(C)CSCCCCCCCCCCC)CCC(=O)OCCOC(=O)C(C)CSCCCCCCCCCCC,0.7683455245225306
N(CCC(=O)OCCOC(=O)C(C)CSCCCCCCCCCCCC)(CCC(=O)OCCOC(=O)C(C)CSCCCCCCCCCCCC)CCC1N(C)CCC1,0.7683455245225306
N(CCC(=O)OCCOC(=O)C(C)CSCCCCCCCCCCCC)(CCC(=O)OCCOC(=O)C(C)CSCCCCCCCCCCCC)CCCN(CCC(=O)OCCOC(=O)C(C)CSCCCCCCCCCCCC)CCCNCCCN(CCC(=O)OCCOC(=O)C(C)CSCCCCCCCCCCCC)CCC(=O)OCCOC(=O)C(C)CSCCCCCCCCCCCC,0.7683455245225306
CCCCCCCCCCN(CCC(=O)OCCOC(=O)C(C)CSCCCCCCCCCCCC)CCCCCCCCCC,0.7683455245225306
CCCCCCCCCCCCCCN(CCC(=O)OCCOC(=O)C(C)CSCCCCCCCCCCCCCC)CCC(=O)OCCOC(=O)C(C)CSCCCCCCCCCCCCCC,0.7683455245225306
N(CCC(=O)OCCOC(=O)C(C)CSCCCCCCCCCCCCCCCC)(CCC(=O)OCCOC(=O)C(C)CSCCCCCCCCCCCCCCCC)CCN(C)C,0.7683455245225306
c1c(CN(CCC(=O)OCCOC(=O)C(C)CSCCCCCCCCCCCCCCCC)(CCC(=O)OCCOC(=O)C(C)CSCCCCCCCCCCCCCCCC))ccc(CN(CCC(=O)OCCOC(=O)C(C)CSCCCCCCCCCCCCCCCC)(CCC(=O)OCCOC(=O)C(C)CSCCCCCCCCCCCCCCCC))c1,0.7683455245225306
N(CCC(=O)OCCOC(=O)C(C)CSCCc5ccccc5)(CCC(=O)OCCOC(=O)C(C)CSCCc5ccccc5)CCCN(C)CCCN(CCC(=O)OCCOC(=O)C(C)CSCCc5ccccc5)(CCC(=O)OCCOC(=O)C(C)CSCCc5ccccc5),0.7683455245225306
CCCCCCCCCCCCCCCCCCN(CCC(=O)OCCOC(=O)C(C)CSCCc5ccccc5)CCC(=O)OCCOC(=O)C(C)CSCCc5ccccc5,0.7683455245225306
CCCCCCCCCCCCCCCCCCN(CCC(=O)OCCOC(=O)C(C)CSCCC(O)=O)CCC(=O)OCCOC(=O)C(C)CSCCC(O)=O,0.7683455245225306
OCCN1CCN(CCC(=O)OCCOC(=O)C(C)CSCCCCCC(O)=O)CC1,0.7683455245225306
N(CCN(CCC(=O)OCCOC(=O)C(C)CSCCO)(CCC(=O)OCCOC(=O)C(C)CSCCO))(CCN(CCC(=O)OCCOC(=O)C(C)CSCCO)(CCC(=O)OCCOC(=O)C(C)CSCCO))CCN(CCC(=O)OCCOC(=O)C(C)CSCCO)CCC(=O)OCCOC(=O)C(C)CSCCO,0.7683455245225306
N(CCC(=O)OCCOC(=O)C(C)CSCCCO)(CCC(=O)OCCOC(=O)C(C)CSCCCO)CCN1CCOCC1,0.7683455245225306
CN(CCC(=O)OCCOC(=O)C(C)CSCCCO)CCCN(C)CCCN(CCC(=O)OCCOC(=O)C(C)CSCCCO)C,0.7683455245225306
N(CCC(=O)OCCOC(=O)C(C)CSCCCO)(CCC(=O)OCCOC(=O)C(C)CSCCCO)CCCN(CCC(=O)OCCOC(=O)C(C)CSCCCO)CCCN(CCC(=O)OCCOC(=O)C(C)CSCCCO)CCC(=O)OCCOC(=O)C(C)CSCCCO,0.7683455245225306
N(CCC(=O)OCCOC(=O)C(C)CSCCCO)(CCC(=O)OCCOC(=O)C(C)CSCCCO)CCNCCN(CCC(=O)OCCOC(=O)C(C)CSCCCO)CCNCCN(CCC(=O)OCCOC(=O)C(C)CSCCCO)CCC(=O)OCCOC(=O)C(C)CSCCCO,0.7683455245225306
N(CCN(CCC(=O)OCCOC(=O)C(C)CSCCCCO)C)(CCN(CCC(=O)OCCOC(=O)C(C)CSCCCCO)C)CCN(CCC(=O)OCCOC(=O)C(C)CSCCCCO)C,0.7683455245225306
N(CCC(=O)OCCOC(=O)C(C)CSCCCCO)(CCC(=O)OCCOC(=O)C(C)CSCCCCO)CCCN(CCC(=O)OCCOC(=O)C(C)CSCCCCO)CCCN(CCC(=O)OCCOC(=O)C(C)CSCCCCO)CCCN(CCC(=O)OCCOC(=O)C(C)CSCCCCO)CCC(=O)OCCOC(=O)C(C)CSCCCCO,0.7683455245225306
N(CCC(=O)OCCOC(=O)C(C)CSCCCCCCCCCCCO)(CCC(=O)OCCOC(=O)C(C)CSCCCCCCCCCCCO)CCCN1CCN(C)CC1,0.7683455245225306
N(CCC(=O)OCCOC(=O)C(C)CSCCCCCCCCCCCO)(CCC(=O)OCCOC(=O)C(C)CSCCCCCCCCCCCO)CCN1CCCC1,0.7683455245225306
C1N(C)CCN(CCC(=O)OCCOC(=O)C(C)CSCCN(C)C)C1,0.7683455245225306
CN(CCC(=O)OCCOC(=O)C(C)CSCCN(C)C)CCCN(C)CCCN(CCC(=O)OCCOC(=O)C(C)CSCCN(C)C)C,0.7683455245225306
N(CCN(CCC(=O)OCCOC(=O)C(C)CSCCN(C)C)C)(CCN(CCC(=O)OCCOC(=O)C(C)CSCCN(C)C)C)CCN(CCC(=O)OCCOC(=O)C(C)CSCCN(C)C)C,0.7683455245225306
CCCCCCCCCCCCCCCCN(CCC(=O)OCCOC(=O)C(C)CSCCN(C)C)CCC(=O)OCCOC(=O)C(C)CSCCN(C)C,0.7683455245225306
N(CCC(=O)OCCOC(=O)C(C)CSCCNCCCC)(CCC(=O)OCCOC(=O)C(C)CSCCNCCCC)CCN1CCCCC1,0.7683455245225306
N(CCN(CCC(=O)OCCOC(=O)C(C)CSCCNCCCC)C)(CCN(CCC(=O)OCCOC(=O)C(C)CSCCNCCCC)C)CCN(CCC(=O)OCCOC(=O)C(C)CSCCNCCCC)C,0.7683455245225306
c1c(CN(CCC(=O)OCCOC(=O)C(C)CSCCNCCCC)(CCC(=O)OCCOC(=O)C(C)CSCCNCCCC))ccc(CN(CCC(=O)OCCOC(=O)C(C)CSCCNCCCC)(CCC(=O)OCCOC(=O)C(C)CSCCNCCCC))c1,0.7683455245225306
N(CCC(=O)OCCOC(=O)C(C)CSCCNCCCC)(CCC(=O)OCCOC(=O)C(C)CSCCNCCCC)CCCN(CCC(=O)OCCOC(=O)C(C)CSCCNCCCC)CCCN(CCC(=O)OCCOC(=O)C(C)CSCCNCCCC)CCCN(CCC(=O)OCCOC(=O)C(C)CSCCNCCCC)CCC(=O)OCCOC(=O)C(C)CSCCNCCCC,0.7683455245225306
CCCCCCCCCCN(CCC(=O)OCCOC(=O)C(C)CSCCN5CCCC5)CCC(=O)OCCOC(=O)C(C)CSCCN5CCCC5,0.7683455245225306
CCCCCCCCCCCCN(CCC(=O)OCCOC(=O)C(C)CSCCN5CCCC5)CCC(=O)OCCOC(=O)C(C)CSCCN5CCCC5,0.7683455245225306
CCCCCCCCCCCCN(CCC(=O)OCCOC(=O)C(C)CSCCN5CCCCC5)CCC(=O)OCCOC(=O)C(C)CSCCN5CCCCC5,0.7683455245225306
N(CCN(CCC(=O)OCCOC(=O)C(C)CSCCN5CCCCCC5)C)(CCN(CCC(=O)OCCOC(=O)C(C)CSCCN5CCCCCC5)C)CCN(CCC(=O)OCCOC(=O)C(C)CSCCN5CCCCCC5)C,0.7683455245225306
N(CCC(=O)OCCOC(=O)C(C)CSCCN5CCCCCC5)(CCC(=O)OCCOC(=O)C(C)CSCCN5CCCCCC5)CCCN(C)CCCN(CCC(=O)OCCOC(=O)C(C)CSCCN5CCCCCC5)(CCC(=O)OCCOC(=O)C(C)CSCCN5CCCCCC5),0.7683455245225306
CCCCCCCCCCCCCCCCN(CCC(=O)OCCOC(=O)C(C)CSCCN5CCCCCC5)CCC(=O)OCCOC(=O)C(C)CSCCN5CCCCCC5,0.7683455245225306
N(CCC(=O)OCCOC(=O)C(C)CSCCN(CCC)CCC)(CCC(=O)OCCOC(=O)C(C)CSCCN(CCC)CCC)CCN(CCC(=O)OCCOC(=O)C(C)CSCCN(CCC)CCC)CCN(CCC(=O)OCCOC(=O)C(C)CSCCN(CCC)CCC)CCNCCN(CCC(=O)OCCOC(=O)C(C)CSCCN(CCC)CCC)CCC(=O)OCCOC(=O)C(C)CSCCN(CCC)CCC,0.7683455245225306
N(CCC(=O)OCCOC(=O)C(C)CSCCN(CCCC)CCCC)(CCC(=O)OCCOC(=O)C(C)CSCCN(CCCC)CCCC)CCNCCN(CCC(=O)OCCOC(=O)C(C)CSCCN(CCCC)CCCC)CCNCCN(CCC(=O)OCCOC(=O)C(C)CSCCN(CCCC)CCCC)CCC(=O)OCCOC(=O)C(C)CSCCN(CCCC)CCCC,0.7683455245225306
CN(C)CCN1CCN(CCC(=O)OCCOC(=O)C(C)CSCCCC(=O)N5CCN(CCO)CC5)CC1,0.7683455245225306
N(CCC(=O)OCCOC(=O)C(C)CSCCCC(=O)N5CCN(CCO)CC5)(CCC(=O)OCCOC(=O)C(C)CSCCCC(=O)N5CCN(CCO)CC5)CCN1CCCCC1,0.7683455245225306
N(CCN(CCC(=O)OCCOC(=O)C(C)CSCCCC(=O)N5CCN(CCO)CC5)(CCC(=O)OCCOC(=O)C(C)CSCCCC(=O)N5CCN(CCO)CC5))(CCN(CCC(=O)OCCOC(=O)C(C)CSCCCC(=O)N5CCN(CCO)CC5)(CCC(=O)OCCOC(=O)C(C)CSCCCC(=O)N5CCN(CCO)CC5))CCNCCC(=O)OCCOC(=O)C(C)CSCCCC(=O)N5CCN(CCO)CC5,0.7683455245225306
N(CCC(=O)OCCOC(=O)C(C)CSCCCC(=O)N5CCN(CCO)CC5)(CCC(=O)OCCOC(=O)C(C)CSCCCC(=O)N5CCN(CCO)CC5)CCCN(CCC(=O)OCCOC(=O)C(C)CSCCCC(=O)N5CCN(CCO)CC5)CCCN(CCC(=O)OCCOC(=O)C(C)CSCCCC(=O)N5CCN(CCO)CC5)CCCN(CCC(=O)OCCOC(=O)C(C)CSCCCC(=O)N5CCN(CCO)CC5)CCC(=O)OCCOC(=O)C(C)CSCCCC(=O)N5CCN(CCO)CC5,0.7683455245225306
N(CCN(CCC(=O)OCCOC(=O)C(C)CSCCCC(=O)N(C)CCCN(C)C)C)(CCN(CCC(=O)OCCOC(=O)C(C)CSCCCC(=O)N(C)CCCN(C)C)C)CCN(CCC(=O)OCCOC(=O)C(C)CSCCCC(=O)N(C)CCCN(C)C)C,0.7683455245225306
CCN(CCC(=O)OCCOC(=O)C(C)CSCC(C)C)CCN(CCC(=O)OCCOC(=O)C(C)CSCC(C)C)CC,-0.6484086621580379
C1C(CN(CCC(=O)OCCOC(=O)C(C)CSCC(C)C)(CCC(=O)OCCOC(=O)C(C)CSCC(C)C))CCN(CCC(=O)OCCOC(=O)C(C)CSCC(C)C)C1,-0.6484086621580379
CCCCCCCCCCCCCCN(CCC(=O)OCCOC(=O)C(C)CSCC(C)C)CCC(=O)OCCOC(=O)C(C)CSCC(C)C,-0.6484086621580379
N(CCC(=O)OCCOC(=O)C(C)CSCCC(C)C)(CCC(=O)OCCOC(=O)C(C)CSCCC(C)C)CCC1N(C)CCC1,-0.6484086621580379
CCN(CCC(=O)OCCOC(=O)C(C)CSCCC(C)C)CCN(CCC(=O)OCCOC(=O)C(C)CSCCC(C)C)CC,-0.6484086621580379
N(CCC(=O)OCCOC(=O)C(C)CSCCC(C)C)(CCC(=O)OCCOC(=O)C(C)CSCCC(C)C)CCC1N(C)CCC1,-0.6484086621580379
CCN(CCC(=O)OCCOC(=O)C(C)CSCCC(C)C)CCN(CCC(=O)OCCOC(=O)C(C)CSCCC(C)C)CC,-0.6484086621580379
N(CCC(=O)OCCOC(=O)C(C)CSCCCC)(CCC(=O)OCCOC(=O)C(C)CSCCCC)CCC1N(C)CCC1,-0.6484086621580379
N(CCC(=O)OCCOC(=O)C(C)CSCCCC)(CCC(=O)OCCOC(=O)C(C)CSCCCC)CCN1CCOCC1,-0.6484086621580379
N(CCC(=O)OCCOC(=O)C(C)CSCCCC)(CCC(=O)OCCOC(=O)C(C)CSCCCC)CCN(C)C,-0.6484086621580379
N(CCC(=O)OCCOC(=O)C(C)CSCCCCC)(CCC(=O)OCCOC(=O)C(C)CSCCCCC)CCC1N(C)CCC1,-0.6484086621580379
OCCN(CCC(=O)OCCOC(=O)C(C)CSCCCCC)CCCN(CCC(=O)OCCOC(=O)C(C)CSCCCCC)CCC(=O)OCCOC(=O)C(C)CSCCCCC,-0.6484086621580379
CCCCCCCCCCCCCCCCN(CCC(=O)OCCOC(=O)C(C)CSCCCCC)CCC(=O)OCCOC(=O)C(C)CSCCCCC,-0.6484086621580379
N(CCC(=O)OCCOC(=O)C(C)CSCCCCCC)(CCC(=O)OCCOC(=O)C(C)CSCCCCCC)CC1CCN(C)CC1,-0.6484086621580379
N(CCC(=O)OCCOC(=O)C(C)CSCCCCCC)(CCC(=O)OCCOC(=O)C(C)CSCCCCCC)CCN1CCCC1,-0.6484086621580379
CN(CCC(=O)OCCOC(=O)C(C)CSCCCCCC)CCOCCN(CCC(=O)OCCOC(=O)C(C)CSCCCCCC)C,-0.6484086621580379
CCCCCCCCCCCCCCCCN(CCC(=O)OCCOC(=O)C(C)CSCCCCCC)CCC(=O)OCCOC(=O)C(C)CSCCCCCC,-0.6484086621580379
CCCCCCCCCCCCCCCCCCN(CCC(=O)OCCOC(=O)C(C)CSCCCCCCC)CCC(=O)OCCOC(=O)C(C)CSCCCCCCC,-0.6484086621580379
N(CCC(=O)OCCOC(=O)C(C)CSCCCCCCCC)(CCC(=O)OCCOC(=O)C(C)CSCCCCCCCC)CCN(C)C,-0.6484086621580379
OCCN(CCC(=O)OCCOC(=O)C(C)CSCCCCCCCC)CCCN(CCC(=O)OCCOC(=O)C(C)CSCCCCCCCC)CCC(=O)OCCOC(=O)C(C)CSCCCCCCCC,-0.6484086621580379
CCCCCCCCCCCCCCCCN(CCC(=O)OCCOC(=O)C(C)CSCCCCCCCC)CCC(=O)OCCOC(=O)C(C)CSCCCCCCCC,-0.6484086621580379
CN(C)CCN1CCN(CCC(=O)OCCOC(=O)C(C)CSCCCCCCCCCC)CC1,-0.6484086621580379
CN(C)CCCN(CCC(=O)OCCOC(=O)C(C)CSCCCCCCCCCC)C,-0.6484086621580379
N(CCC(=O)OCCOC(=O)C(C)CSCCCCCCCCCC)(CCC(=O)OCCOC(=O)C(C)CSCCCCCCCCCC)CCN(C)C,-0.6484086621580379
CCN(CCC(=O)OCCOC(=O)C(C)CSCCCCCCCCCC)CCN(CCC(=O)OCCOC(=O)C(C)CSCCCCCCCCCC)CC,-0.6484086621580379
CN(C)CCN1CCN(CCC(=O)OCCOC(=O)C(C)CSCCCCCCCCCCC)CC1,-0.6484086621580379
CN(C)CCN(CCC(=O)OCCOC(=O)C(C)CSCCCCCCCCCCC)C,-0.6484086621580379
CN(C)CCCN(CCC(=O)OCCOC(=O)C(C)CSCCCCCCCCCCC)C,-0.6484086621580379
N(CCC(=O)OCCOC(=O)C(C)CSCCCCCCCCCCC)(CCC(=O)OCCOC(=O)C(C)CSCCCCCCCCCCC)CC1CCN(C)CC1,-0.6484086621580379
N(CCC(=O)OCCOC(=O)C(C)CSCCCCCCCCCCC)(CCC(=O)OCCOC(=O)C(C)CSCCCCCCCCCCC)CCN1CCCCC1,-0.6484086621580379
c1c(CN(CCC(=O)OCCOC(=O)C(C)CSCCCCCCCCCCC)(CCC(=O)OCCOC(=O)C(C)CSCCCCCCCCCCC))ccc(CN(CCC(=O)OCCOC(=O)C(C)CSCCCCCCCCCCC)(CCC(=O)OCCOC(=O)C(C)CSCCCCCCCCCCC))c1,-0.6484086621580379
CCCCCCCCCCCCCCCCCCN(CCC(=O)OCCOC(=O)C(C)CSCCCCCCCCCCC)CCC(=O)OCCOC(=O)C(C)CSCCCCCCCCCCC,-0.6484086621580379
C1N(C)CCN(CCC(=O)OCCOC(=O)C(C)CSCCCCCCCCCCCC)C1,-0.6484086621580379
CN(C)CCN(CCC(=O)OCCOC(=O)C(C)CSCCCCCCCCCCCC)C,-0.6484086621580379
N(CCC(=O)OCCOC(=O)C(C)CSCCCCCCCCCCCC)(CCC(=O)OCCOC(=O)C(C)CSCCCCCCCCCCCC)CC1CCN(C)CC1,-0.6484086621580379
OCCN(CCC(=O)OCCOC(=O)C(C)CSCCCCCCCCCCCC)CCCN(CCC(=O)OCCOC(=O)C(C)CSCCCCCCCCCCCC)CCC(=O)OCCOC(=O)C(C)CSCCCCCCCCCCCC,-0.6484086621580379
CN(CCC(=O)OCCOC(=O)C(C)CSCCCCCCCCCCCC)CCCCCCCCCCCC,-0.6484086621580379
C1N(C)CCN(CCC(=O)OCCOC(=O)C(C)CSCCCCCCCCCCCCCC)C1,-0.6484086621580379
OCCN1CCN(CCC(=O)OCCOC(=O)C(C)CSCCCCCCCCCCCCCC)CC1,-0.6484086621580379
N(CCC(=O)OCCOC(=O)C(C)CSCCCCCCCCCCCCCC)(CCC(=O)OCCOC(=O)C(C)CSCCCCCCCCCCCCCC)CCN1CCOCC1,-0.6484086621580379
CCN(CCC(=O)OCCOC(=O)C(C)CSCCCCCCCCCCCCCC)CCN(CCC(=O)OCCOC(=O)C(C)CSCCCCCCCCCCCCCC)CC,-0.6484086621580379
N(CCC(=O)OCCOC(=O)C(C)CSCCCCCCCCCCCCCC)(CCC(=O)OCCOC(=O)C(C)CSCCCCCCCCCCCCCC)CCCN(CCC(=O)OCCOC(=O)C(C)CSCCCCCCCCCCCCCC)CCCNCCCN(CCC(=O)OCCOC(=O)C(C)CSCCCCCCCCCCCCCC)CCC(=O)OCCOC(=O)C(C)CSCCCCCCCCCCCCCC,-0.6484086621580379
N(CCN(CCC(=O)OCCOC(=O)C(C)CSCCCCCCCCCCCCCC)(CCC(=O)OCCOC(=O)C(C)CSCCCCCCCCCCCCCC))(CCN(CCC(=O)OCCOC(=O)C(C)CSCCCCCCCCCCCCCC)(CCC(=O)OCCOC(=O)C(C)CSCCCCCCCCCCCCCC))CCN(CCC(=O)OCCOC(=O)C(C)CSCCCCCCCCCCCCCC)CCC(=O)OCCOC(=O)C(C)CSCCCCCCCCCCCCCC,-0.6484086621580379
CCCCCCCCCCN(CCC(=O)OCCOC(=O)C(C)CSCCCCCCCCCCCCCC)CCCCCCCCCC,-0.6484086621580379
OCCN1CCN(CCC(=O)OCCOC(=O)C(C)CSCCCCCCCCCCCCCCCC)CC1,-0.6484086621580379
CCN(CCC(=O)OCCOC(=O)C(C)CSCCCCCCCCCCCCCCCC)CCN(CCC(=O)OCCOC(=O)C(C)CSCCCCCCCCCCCCCCCC)CC,-0.6484086621580379
N(CCC(=O)OCCOC(=O)C(C)CSCCCCCCCCCCCCCCCC)(CCC(=O)OCCOC(=O)C(C)CSCCCCCCCCCCCCCCCC)CCCN(CCC(=O)OCCOC(=O)C(C)CSCCCCCCCCCCCCCCCC)CCCN(CCC(=O)OCCOC(=O)C(C)CSCCCCCCCCCCCCCCCC)CCC(=O)OCCOC(=O)C(C)CSCCCCCCCCCCCCCCCC,-0.6484086621580379
N(CCC(=O)OCCOC(=O)C(C)CSCCCCCCCCCCCCCCCC)(CCC(=O)OCCOC(=O)C(C)CSCCCCCCCCCCCCCCCC)CCNCCN(CCC(=O)OCCOC(=O)C(C)CSCCCCCCCCCCCCCCCC)CCNCCN(CCC(=O)OCCOC(=O)C(C)CSCCCCCCCCCCCCCCCC)CCC(=O)OCCOC(=O)C(C)CSCCCCCCCCCCCCCCCC,-0.6484086621580379
N(CCC(=O)OCCOC(=O)C(C)CSCCCCCCCCCCCCCCCC)(CCC(=O)OCCOC(=O)C(C)CSCCCCCCCCCCCCCCCC)CCN(CCC(=O)OCCOC(=O)C(C)CSCCCCCCCCCCCCCCCC)CCN(CCC(=O)OCCOC(=O)C(C)CSCCCCCCCCCCCCCCCC)CCNCCN(CCC(=O)OCCOC(=O)C(C)CSCCCCCCCCCCCCCCCC)CCC(=O)OCCOC(=O)C(C)CSCCCCCCCCCCCCCCCC,-0.6484086621580379
OCCN1CCN(CCC(=O)OCCOC(=O)C(C)CSCCCCCCCCCCCCCCCCCC)CC1,-0.6484086621580379
N(CCC(=O)OCCOC(=O)C(C)CSCCCCCCCCCCCCCCCCCC)(CCC(=O)OCCOC(=O)C(C)CSCCCCCCCCCCCCCCCCCC)CC1CCN(C)CC1,-0.6484086621580379
N(CCC(=O)OCCOC(=O)C(C)CSCCCCCCCCCCCCCCCCCC)(CCC(=O)OCCOC(=O)C(C)CSCCCCCCCCCCCCCCCCCC)CCN1CCOCC1,-0.6484086621580379
C1C(CCN(CCC(=O)OCCOC(=O)C(C)CSCCCCCCCCCCCCCCCCCC)(CCC(=O)OCCOC(=O)C(C)CSCCCCCCCCCCCCCCCCCC))CCN(CCC(=O)OCCOC(=O)C(C)CSCCCCCCCCCCCCCCCCCC)C1,-0.6484086621580379
OCCN(CCC(=O)OCCOC(=O)C(C)CSCCCCCCCCCCCCCCCCCC)CCCN(CCC(=O)OCCOC(=O)C(C)CSCCCCCCCCCCCCCCCCCC)CCC(=O)OCCOC(=O)C(C)CSCCCCCCCCCCCCCCCCCC,-0.6484086621580379
N(CCC(=O)OCCOC(=O)C(C)CSCCCCCCCCCCCCCCCCCC)(CCC(=O)OCCOC(=O)C(C)CSCCCCCCCCCCCCCCCCCC)CCOCCOCCN(CCC(=O)OCCOC(=O)C(C)CSCCCCCCCCCCCCCCCCCC)CCC(=O)OCCOC(=O)C(C)CSCCCCCCCCCCCCCCCCCC,-0.6484086621580379
N(CCC(=O)OCCOC(=O)C(C)CSCCCCCCCCCCCCCCCCCC)(CCC(=O)OCCOC(=O)C(C)CSCCCCCCCCCCCCCCCCCC)CCNCCN(CCC(=O)OCCOC(=O)C(C)CSCCCCCCCCCCCCCCCCCC)CCNCCN(CCC(=O)OCCOC(=O)C(C)CSCCCCCCCCCCCCCCCCCC)CCC(=O)OCCOC(=O)C(C)CSCCCCCCCCCCCCCCCCCC,-0.6484086621580379
N(CCC(=O)OCCOC(=O)C(C)CSCCCCCCCCCCCCCCCCCC)(CCC(=O)OCCOC(=O)C(C)CSCCCCCCCCCCCCCCCCCC)CCCN(CCC(=O)OCCOC(=O)C(C)CSCCCCCCCCCCCCCCCCCC)CCCNCCCN(CCC(=O)OCCOC(=O)C(C)CSCCCCCCCCCCCCCCCCCC)CCC(=O)OCCOC(=O)C(C)CSCCCCCCCCCCCCCCCCCC,-0.6484086621580379
CN(CCC(=O)OCCOC(=O)C(C)CSCCCCCCCCCCCCCCCCCC)CCCCCCCCCCCC,-0.6484086621580379
CCCCCCCCN(CCC(=O)OCCOC(=O)C(C)CSCCCCCCCCCCCCCCCCCC)CCC(=O)OCCOC(=O)C(C)CSCCCCCCCCCCCCCCCCCC,-0.6484086621580379
CCCCCCCCCCN(CCC(=O)OCCOC(=O)C(C)CSCCCCCCCCCCCCCCCCCC)CCC(=O)OCCOC(=O)C(C)CSCCCCCCCCCCCCCCCCCC,-0.6484086621580379
CCCCCCCCCCCCN(CCC(=O)OCCOC(=O)C(C)CSCCCCCCCCCCCCCCCCCC)CCC(=O)OCCOC(=O)C(C)CSCCCCCCCCCCCCCCCCCC,-0.6484086621580379
CN(C)CCN(CCC(=O)OCCOC(=O)C(C)CSCCc5ccccc5)C,-0.6484086621580379
N(CCC(=O)OCCOC(=O)C(C)CSCCc5ccccc5)(CCC(=O)OCCOC(=O)C(C)CSCCc5ccccc5)CC1CCN(C)CC1,-0.6484086621580379
CN(C)CCCN(CCC(=O)OCCOC(=O)C(C)CSCCc5ccccc5)CCCN(CCC(=O)OCCOC(=O)C(C)CSCCc5ccccc5)CCC(=O)OCCOC(=O)C(C)CSCCc5ccccc5,-0.6484086621580379
N(CCC(=O)OCCOC(=O)C(C)CSCCc5ccccc5)(CCC(=O)OCCOC(=O)C(C)CSCCc5ccccc5)CCOCCOCCN(CCC(=O)OCCOC(=O)C(C)CSCCc5ccccc5)CCC(=O)OCCOC(=O)C(C)CSCCc5ccccc5,-0.6484086621580379
N(CCC(=O)OCCOC(=O)C(C)CSCCc5ccccc5)(CCC(=O)OCCOC(=O)C(C)CSCCc5ccccc5)CCCN(CCC(=O)OCCOC(=O)C(C)CSCCc5ccccc5)CCCNCCCN(CCC(=O)OCCOC(=O)C(C)CSCCc5ccccc5)CCC(=O)OCCOC(=O)C(C)CSCCc5ccccc5,-0.6484086621580379
CCCCCCCCN(CCC(=O)OCCOC(=O)C(C)CSCCc5ccccc5)CCC(=O)OCCOC(=O)C(C)CSCCc5ccccc5,-0.6484086621580379
N(CCC(=O)OCCOC(=O)C(C)CSCCC(O)=O)(CCC(=O)OCCOC(=O)C(C)CSCCC(O)=O)CCN1CCCCC1,-0.6484086621580379
N(CCC(=O)OCCOC(=O)C(C)CSCCC(O)=O)(CCC(=O)OCCOC(=O)C(C)CSCCC(O)=O)CCc1ncccc1,-0.6484086621580379
N(CCC(=O)OCCOC(=O)C(C)CSCCC(O)=O)(CCC(=O)OCCOC(=O)C(C)CSCCC(O)=O)CCN(C)C,-0.6484086621580379
N(CCC(=O)OCCOC(=O)C(C)CSCCC(O)=O)(CCC(=O)OCCOC(=O)C(C)CSCCC(O)=O)CCCN(CCC(=O)OCCOC(=O)C(C)CSCCC(O)=O)CCCNCCCN(CCC(=O)OCCOC(=O)C(C)CSCCC(O)=O)CCC(=O)OCCOC(=O)C(C)CSCCC(O)=O,-0.6484086621580379
CCCCCCCCCCN(CCC(=O)OCCOC(=O)C(C)CSCCC(O)=O)CCCCCCCCCC,-0.6484086621580379
CN(C)CCN(CCC(=O)OCCOC(=O)C(C)CSCCCCCC(O)=O)C,-0.6484086621580379
N(CCC(=O)OCCOC(=O)C(C)CSCCCCCC(O)=O)(CCC(=O)OCCOC(=O)C(C)CSCCCCCC(O)=O)CCc1ncccc1,-0.6484086621580379
N(CCC(=O)OCCOC(=O)C(C)CSCCCCCC(O)=O)(CCC(=O)OCCOC(=O)C(C)CSCCCCCC(O)=O)CCN1CCCC1,-0.6484086621580379
N(CCC(=O)OCCOC(=O)C(C)CSCCCCCC(O)=O)(CCC(=O)OCCOC(=O)C(C)CSCCCCCC(O)=O)CCC1N(C)CCC1,-0.6484086621580379
N(CCC(=O)OCCOC(=O)C(C)CSCCCCCC(O)=O)(CCC(=O)OCCOC(=O)C(C)CSCCCCCC(O)=O)CCN(C)C,-0.6484086621580379
C1C(CN(CCC(=O)OCCOC(=O)C(C)CSCCCCCC(O)=O)(CCC(=O)OCCOC(=O)C(C)CSCCCCCC(O)=O))CCN(CCC(=O)OCCOC(=O)C(C)CSCCCCCC(O)=O)C1,-0.6484086621580379
C1C(CCN(CCC(=O)OCCOC(=O)C(C)CSCCCCCC(O)=O)(CCC(=O)OCCOC(=O)C(C)CSCCCCCC(O)=O))CCN(CCC(=O)OCCOC(=O)C(C)CSCCCCCC(O)=O)C1,-0.6484086621580379
N(CCC(=O)OCCOC(=O)C(C)CSCCCCCC(O)=O)(CCC(=O)OCCOC(=O)C(C)CSCCCCCC(O)=O)CCCN(C)CCCN(CCC(=O)OCCOC(=O)C(C)CSCCCCCC(O)=O)(CCC(=O)OCCOC(=O)C(C)CSCCCCCC(O)=O),-0.6484086621580379
N(CCC(=O)OCCOC(=O)C(C)CSCCCCCC(O)=O)(CCC(=O)OCCOC(=O)C(C)CSCCCCCC(O)=O)CCOCCOCCN(CCC(=O)OCCOC(=O)C(C)CSCCCCCC(O)=O)CCC(=O)OCCOC(=O)C(C)CSCCCCCC(O)=O,-0.6484086621580379
N(CCN(CCC(=O)OCCOC(=O)C(C)CSCCCCCC(O)=O)(CCC(=O)OCCOC(=O)C(C)CSCCCCCC(O)=O))(CCN(CCC(=O)OCCOC(=O)C(C)CSCCCCCC(O)=O)(CCC(=O)OCCOC(=O)C(C)CSCCCCCC(O)=O))CCNCCC(=O)OCCOC(=O)C(C)CSCCCCCC(O)=O,-0.6484086621580379
N(CCC(=O)OCCOC(=O)C(C)CSCCCCCC(O)=O)(CCC(=O)OCCOC(=O)C(C)CSCCCCCC(O)=O)CCN(CCC(=O)OCCOC(=O)C(C)CSCCCCCC(O)=O)CCN(CCC(=O)OCCOC(=O)C(C)CSCCCCCC(O)=O)CCNCCN(CCC(=O)OCCOC(=O)C(C)CSCCCCCC(O)=O)CCC(=O)OCCOC(=O)C(C)CSCCCCCC(O)=O,-0.6484086621580379
N(CCC(=O)OCCOC(=O)C(C)CSCCCCCC(O)=O)(CCC(=O)OCCOC(=O)C(C)CSCCCCCC(O)=O)CCCN(CCC(=O)OCCOC(=O)C(C)CSCCCCCC(O)=O)CCCN(CCC(=O)OCCOC(=O)C(C)CSCCCCCC(O)=O)CCCN(CCC(=O)OCCOC(=O)C(C)CSCCCCCC(O)=O)CCC(=O)OCCOC(=O)C(C)CSCCCCCC(O)=O,-0.6484086621580379
OCCN1CCN(CCC(=O)OCCOC(=O)C(C)CSCCCCCCCCCCC(O)=O)CC1,-0.6484086621580379
N(CCC(=O)OCCOC(=O)C(C)CSCCCCCCCCCCC(O)=O)(CCC(=O)OCCOC(=O)C(C)CSCCCCCCCCCCC(O)=O)CCCN1CCN(C)CC1,-0.6484086621580379
N(CCC(=O)OCCOC(=O)C(C)CSCCCCCCCCCCC(O)=O)(CCC(=O)OCCOC(=O)C(C)CSCCCCCCCCCCC(O)=O)CCc1ncccc1,-0.6484086621580379
CN(C)CCCN(CCC(=O)OCCOC(=O)C(C)CSCCCCCCCCCCC(O)=O)CCCN(CCC(=O)OCCOC(=O)C(C)CSCCCCCCCCCCC(O)=O)CCC(=O)OCCOC(=O)C(C)CSCCCCCCCCCCC(O)=O,-0.6484086621580379
N(CCC(=O)OCCOC(=O)C(C)CSCCCCCCCCCCC(O)=O)(CCC(=O)OCCOC(=O)C(C)CSCCCCCCCCCCC(O)=O)CCCN(C)CCCN(CCC(=O)OCCOC(=O)C(C)CSCCCCCCCCCCC(O)=O)(CCC(=O)OCCOC(=O)C(C)CSCCCCCCCCCCC(O)=O),-0.6484086621580379
N(CCN(CCC(=O)OCCOC(=O)C(C)CSCCCCCCCCCCC(O)=O)(CCC(=O)OCCOC(=O)C(C)CSCCCCCCCCCCC(O)=O))(CCN(CCC(=O)OCCOC(=O)C(C)CSCCCCCCCCCCC(O)=O)(CCC(=O)OCCOC(=O)C(C)CSCCCCCCCCCCC(O)=O))CCNCCC(=O)OCCOC(=O)C(C)CSCCCCCCCCCCC(O)=O,-0.6484086621580379
N(CCN(CCC(=O)OCCOC(=O)C(C)CSCCCCCCCCCCC(O)=O)(CCC(=O)OCCOC(=O)C(C)CSCCCCCCCCCCC(O)=O))(CCN(CCC(=O)OCCOC(=O)C(C)CSCCCCCCCCCCC(O)=O)(CCC(=O)OCCOC(=O)C(C)CSCCCCCCCCCCC(O)=O))CCN(CCC(=O)OCCOC(=O)C(C)CSCCCCCCCCCCC(O)=O)CCC(=O)OCCOC(=O)C(C)CSCCCCCCCCCCC(O)=O,-0.6484086621580379
C1N(C)CCN(CCC(=O)OCCOC(=O)C(C)CSCCO)C1,-0.6484086621580379
N(CCC(=O)OCCOC(=O)C(C)CSCCO)(CCC(=O)OCCOC(=O)C(C)CSCCO)CC1CCN(C)CC1,-0.6484086621580379
N(CCC(=O)OCCOC(=O)C(C)CSCCO)(CCC(=O)OCCOC(=O)C(C)CSCCO)CCN1CCCC1,-0.6484086621580379
N(CCC(=O)OCCOC(=O)C(C)CSCCO)(CCC(=O)OCCOC(=O)C(C)CSCCO)CCN(C)C,-0.6484086621580379
N(CCC(=O)OCCOC(=O)C(C)CSCCO)(CCC(=O)OCCOC(=O)C(C)CSCCO)CCOCCOCCN(CCC(=O)OCCOC(=O)C(C)CSCCO)CCC(=O)OCCOC(=O)C(C)CSCCO,-0.6484086621580379
CCCCCCCCCCN(CCC(=O)OCCOC(=O)C(C)CSCCO)CCC(=O)OCCOC(=O)C(C)CSCCO,-0.6484086621580379
N(CCC(=O)OCCOC(=O)C(C)CSCC(O)CO)(CCC(=O)OCCOC(=O)C(C)CSCC(O)CO)CCc1ncccc1,-0.6484086621580379
N(CCC(=O)OCCOC(=O)C(C)CSCC(O)CO)(CCC(=O)OCCOC(=O)C(C)CSCC(O)CO)CCN1CCOCC1,-0.6484086621580379
N(CCC(=O)OCCOC(=O)C(C)CSCC(O)CO)(CCC(=O)OCCOC(=O)C(C)CSCC(O)CO)CCCN(CCC(=O)OCCOC(=O)C(C)CSCC(O)CO)CCCN(CCC(=O)OCCOC(=O)C(C)CSCC(O)CO)CCC(=O)OCCOC(=O)C(C)CSCC(O)CO,-0.6484086621580379
CCCCCCCCCCCCCCN(CCC(=O)OCCOC(=O)C(C)CSCC(O)CO)CCC(=O)OCCOC(=O)C(C)CSCC(O)CO,-0.6484086621580379
N(CCN(CCC(=O)OCCOC(=O)C(C)CSCCCO)C)(CCN(CCC(=O)OCCOC(=O)C(C)CSCCCO)C)CCN(CCC(=O)OCCOC(=O)C(C)CSCCCO)C,-0.6484086621580379
CCCCCCCCN(CCC(=O)OCCOC(=O)C(C)CSCCCO)CCC(=O)OCCOC(=O)C(C)CSCCCO,-0.6484086621580379
CCCCCCCCCCCCCCCCCCN(CCC(=O)OCCOC(=O)C(C)CSCCCO)CCC(=O)OCCOC(=O)C(C)CSCCCO,-0.6484086621580379
C1N(C)CCN(CCC(=O)OCCOC(=O)C(C)CSCCCCO)C1,-0.6484086621580379
N(CCC(=O)OCCOC(=O)C(C)CSCCCCO)(CCC(=O)OCCOC(=O)C(C)CSCCCCO)CCC1N(C)CCC1,-0.6484086621580379
CN(CCC(=O)OCCOC(=O)C(C)CSCCCCO)CCOCCN(CCC(=O)OCCOC(=O)C(C)CSCCCCO)C,-0.6484086621580379
CCCCCCCCCCCCN(CCC(=O)OCCOC(=O)C(C)CSCCCCO)CCC(=O)OCCOC(=O)C(C)CSCCCCO,-0.6484086621580379
C1N(C)CCN(CCC(=O)OCCOC(=O)C(C)CSCCCCCCO)C1,-0.6484086621580379
OCCN1CCN(CCC(=O)OCCOC(=O)C(C)CSCCCCCCO)CC1,-0.6484086621580379
N(CCC(=O)OCCOC(=O)C(C)CSCCCCCCO)(CCC(=O)OCCOC(=O)C(C)CSCCCCCCO)CC1CCN(C)CC1,-0.6484086621580379
N(CCC(=O)OCCOC(=O)C(C)CSCCCCCCO)(CCC(=O)OCCOC(=O)C(C)CSCCCCCCO)CCN(C)C,-0.6484086621580379
CCN(CCC(=O)OCCOC(=O)C(C)CSCCCCCCO)CCN(CCC(=O)OCCOC(=O)C(C)CSCCCCCCO)CC,-0.6484086621580379
N(CCC(=O)OCCOC(=O)C(C)CSCCCCCCO)(CCC(=O)OCCOC(=O)C(C)CSCCCCCCO)CCOCCOCCN(CCC(=O)OCCOC(=O)C(C)CSCCCCCCO)CCC(=O)OCCOC(=O)C(C)CSCCCCCCO,-0.6484086621580379
N(CCC(=O)OCCOC(=O)C(C)CSCCCCCCO)(CCC(=O)OCCOC(=O)C(C)CSCCCCCCO)CCCN(CCC(=O)OCCOC(=O)C(C)CSCCCCCCO)CCCN(CCC(=O)OCCOC(=O)C(C)CSCCCCCCO)CCC(=O)OCCOC(=O)C(C)CSCCCCCCO,-0.6484086621580379
N(CCC(=O)OCCOC(=O)C(C)CSCCCCCCO)(CCC(=O)OCCOC(=O)C(C)CSCCCCCCO)CCCN(CCC(=O)OCCOC(=O)C(C)CSCCCCCCO)CCCNCCCN(CCC(=O)OCCOC(=O)C(C)CSCCCCCCO)CCC(=O)OCCOC(=O)C(C)CSCCCCCCO,-0.6484086621580379
CN(CCC(=O)OCCOC(=O)C(C)CSCCCCCCO)CCCCCCCCCCCC,-0.6484086621580379
CCCCCCCCCCCCCCCCCCN(CCC(=O)OCCOC(=O)C(C)CSCCCCCCO)CCC(=O)OCCOC(=O)C(C)CSCCCCCCO,-0.6484086621580379
N(CCC(=O)OCCOC(=O)C(C)CSCCCCCCCCCCCO)(CCC(=O)OCCOC(=O)C(C)CSCCCCCCCCCCCO)CCCN1C=NC=C1,-0.6484086621580379
CN(CCC(=O)OCCOC(=O)C(C)CSCCCCCCCCCCCO)CCCN(C)CCCN(CCC(=O)OCCOC(=O)C(C)CSCCCCCCCCCCCO)C,-0.6484086621580379
CCCCCCCCCCN(CCC(=O)OCCOC(=O)C(C)CSCCCCCCCCCCCO)CCC(=O)OCCOC(=O)C(C)CSCCCCCCCCCCCO,-0.6484086621580379
N(CCC(=O)OCCOC(=O)C(C)CSCCN(C)C)(CCC(=O)OCCOC(=O)C(C)CSCCN(C)C)CCN1CCCC1,-0.6484086621580379
N(CCC(=O)OCCOC(=O)C(C)CSCCN(C)C)(CCC(=O)OCCOC(=O)C(C)CSCCN(C)C)CCN(C)C,-0.6484086621580379
C1C(CCN(CCC(=O)OCCOC(=O)C(C)CSCCN(C)C)(CCC(=O)OCCOC(=O)C(C)CSCCN(C)C))CCN(CCC(=O)OCCOC(=O)C(C)CSCCN(C)C)C1,-0.6484086621580379
CN(C)CCCN(CCC(=O)OCCOC(=O)C(C)CSCCN(C)C)CCCN(CCC(=O)OCCOC(=O)C(C)CSCCN(C)C)CCC(=O)OCCOC(=O)C(C)CSCCN(C)C,-0.6484086621580379
OCCN(CCC(=O)OCCOC(=O)C(C)CSCCN(C)C)CCCN(CCC(=O)OCCOC(=O)C(C)CSCCN(C)C)CCC(=O)OCCOC(=O)C(C)CSCCN(C)C,-0.6484086621580379
N(CCC(=O)OCCOC(=O)C(C)CSCCN(C)C)(CCC(=O)OCCOC(=O)C(C)CSCCN(C)C)CCOCCOCCN(CCC(=O)OCCOC(=O)C(C)CSCCN(C)C)CCC(=O)OCCOC(=O)C(C)CSCCN(C)C,-0.6484086621580379
CCCCCCCCCCN(CCC(=O)OCCOC(=O)C(C)CSCCN(C)C)CCCCCCCCCC,-0.6484086621580379
N(CCC(=O)OCCOC(=O)C(C)CSCCNCCCC)(CCC(=O)OCCOC(=O)C(C)CSCCNCCCC)CCN1CCCC1,-0.6484086621580379
N(CCC(=O)OCCOC(=O)C(C)CSCCNCCCC)(CCC(=O)OCCOC(=O)C(C)CSCCNCCCC)CCC1N(C)CCC1,-0.6484086621580379
N(CCC(=O)OCCOC(=O)C(C)CSCCNCCCC)(CCC(=O)OCCOC(=O)C(C)CSCCNCCCC)CCN1CCOCC1,-0.6484086621580379
N(CCC(=O)OCCOC(=O)C(C)CSCCNCCCC)(CCC(=O)OCCOC(=O)C(C)CSCCNCCCC)CCCN1CCN(CCCN(CCC(=O)OCCOC(=O)C(C)CSCCNCCCC)(CCC(=O)OCCOC(=O)C(C)CSCCNCCCC))CC1,-0.6484086621580379
N(CCC(=O)OCCOC(=O)C(C)CSCCNCCCC)(CCC(=O)OCCOC(=O)C(C)CSCCNCCCC)CCCN(CCC(=O)OCCOC(=O)C(C)CSCCNCCCC)CCCN(CCC(=O)OCCOC(=O)C(C)CSCCNCCCC)CCC(=O)OCCOC(=O)C(C)CSCCNCCCC,-0.6484086621580379
N(CCC(=O)OCCOC(=O)C(C)CSCCNCCCC)(CCC(=O)OCCOC(=O)C(C)CSCCNCCCC)CCNCCN(CCC(=O)OCCOC(=O)C(C)CSCCNCCCC)CCNCCN(CCC(=O)OCCOC(=O)C(C)CSCCNCCCC)CCC(=O)OCCOC(=O)C(C)CSCCNCCCC,-0.6484086621580379
N(CCC(=O)OCCOC(=O)C(C)CSCCNCCCC)(CCC(=O)OCCOC(=O)C(C)CSCCNCCCC)CCN(CCC(=O)OCCOC(=O)C(C)CSCCNCCCC)CCN(CCC(=O)OCCOC(=O)C(C)CSCCNCCCC)CCNCCN(CCC(=O)OCCOC(=O)C(C)CSCCNCCCC)CCC(=O)OCCOC(=O)C(C)CSCCNCCCC,-0.6484086621580379
CN(C)CCN(CCC(=O)OCCOC(=O)C(C)CSCCN(CC)CC)C,-0.6484086621580379
N(CCC(=O)OCCOC(=O)C(C)CSCCN(CC)CC)(CCC(=O)OCCOC(=O)C(C)CSCCN(CC)CC)CC1CCN(C)CC1,-0.6484086621580379
N(CCC(=O)OCCOC(=O)C(C)CSCCN(CC)CC)(CCC(=O)OCCOC(=O)C(C)CSCCN(CC)CC)CCC1N(C)CCC1,-0.6484086621580379
N(CCC(=O)OCCOC(=O)C(C)CSCCN(CC)CC)(CCC(=O)OCCOC(=O)C(C)CSCCN(CC)CC)CCCN(CCC(=O)OCCOC(=O)C(C)CSCCN(CC)CC)CCCNCCCN(CCC(=O)OCCOC(=O)C(C)CSCCN(CC)CC)CCC(=O)OCCOC(=O)C(C)CSCCN(CC)CC,-0.6484086621580379
N(CCC(=O)OCCOC(=O)C(C)CSCCN(CC)CC)(CCC(=O)OCCOC(=O)C(C)CSCCN(CC)CC)CCN(CCC(=O)OCCOC(=O)C(C)CSCCN(CC)CC)CCN(CCC(=O)OCCOC(=O)C(C)CSCCN(CC)CC)CCNCCN(CCC(=O)OCCOC(=O)C(C)CSCCN(CC)CC)CCC(=O)OCCOC(=O)C(C)CSCCN(CC)CC,-0.6484086621580379
N(CCN(CCC(=O)OCCOC(=O)C(C)CSCCN(CC)CC)(CCC(=O)OCCOC(=O)C(C)CSCCN(CC)CC))(CCN(CCC(=O)OCCOC(=O)C(C)CSCCN(CC)CC)(CCC(=O)OCCOC(=O)C(C)CSCCN(CC)CC))CCN(CCC(=O)OCCOC(=O)C(C)CSCCN(CC)CC)CCC(=O)OCCOC(=O)C(C)CSCCN(CC)CC,-0.6484086621580379
N(CCC(=O)OCCOC(=O)C(C)CSCCN5CCCC5)(CCC(=O)OCCOC(=O)C(C)CSCCN5CCCC5)CCCN1CCN(CCCN(CCC(=O)OCCOC(=O)C(C)CSCCN5CCCC5)(CCC(=O)OCCOC(=O)C(C)CSCCN5CCCC5))CC1,-0.6484086621580379
N(CCC(=O)OCCOC(=O)C(C)CSCCN5CCCC5)(CCC(=O)OCCOC(=O)C(C)CSCCN5CCCC5)CCOCCOCCN(CCC(=O)OCCOC(=O)C(C)CSCCN5CCCC5)CCC(=O)OCCOC(=O)C(C)CSCCN5CCCC5,-0.6484086621580379
N(CCC(=O)OCCOC(=O)C(C)CSCCN5CCCC5)(CCC(=O)OCCOC(=O)C(C)CSCCN5CCCC5)CCNCCN(CCC(=O)OCCOC(=O)C(C)CSCCN5CCCC5)CCNCCN(CCC(=O)OCCOC(=O)C(C)CSCCN5CCCC5)CCC(=O)OCCOC(=O)C(C)CSCCN5CCCC5,-0.6484086621580379
N(CCC(=O)OCCOC(=O)C(C)CSCCN5CCCC5)(CCC(=O)OCCOC(=O)C(C)CSCCN5CCCC5)CCN(CCC(=O)OCCOC(=O)C(C)CSCCN5CCCC5)CCN(CCC(=O)OCCOC(=O)C(C)CSCCN5CCCC5)CCNCCN(CCC(=O)OCCOC(=O)C(C)CSCCN5CCCC5)CCC(=O)OCCOC(=O)C(C)CSCCN5CCCC5,-0.6484086621580379
CCCCCCCCN(CCC(=O)OCCOC(=O)C(C)CSCCN5CCCC5)CCCCCCCC,-0.6484086621580379
C1N(C)CCN(CCC(=O)OCCOC(=O)C(C)CSCCN5CCCCC5)C1,-0.6484086621580379
N(CCC(=O)OCCOC(=O)C(C)CSCCN5CCCCC5)(CCC(=O)OCCOC(=O)C(C)CSCCN5CCCCC5)CC1CCN(C)CC1,-0.6484086621580379
N(CCC(=O)OCCOC(=O)C(C)CSCCN5CCCCC5)(CCC(=O)OCCOC(=O)C(C)CSCCN5CCCCC5)CCC1N(C)CCC1,-0.6484086621580379
N(CCC(=O)OCCOC(=O)C(C)CSCCN5CCCCC5)(CCC(=O)OCCOC(=O)C(C)CSCCN5CCCCC5)CCCN(C)CCCN(CCC(=O)OCCOC(=O)C(C)CSCCN5CCCCC5)(CCC(=O)OCCOC(=O)C(C)CSCCN5CCCCC5),-0.6484086621580379
CCCCCCCCCCN(CCC(=O)OCCOC(=O)C(C)CSCCN5CCCCC5)CCCCCCCCCC,-0.6484086621580379
CCCCCCCCCCCCCCCCN(CCC(=O)OCCOC(=O)C(C)CSCCN5CCCCC5)CCC(=O)OCCOC(=O)C(C)CSCCN5CCCCC5,-0.6484086621580379
C1C(CCN(CCC(=O)OCCOC(=O)C(C)CSCCN5CCCCCC5)(CCC(=O)OCCOC(=O)C(C)CSCCN5CCCCCC5))CCN(CCC(=O)OCCOC(=O)C(C)CSCCN5CCCCCC5)C1,-0.6484086621580379
N(CCC(=O)OCCOC(=O)C(C)CSCCN5CCCCCC5)(CCC(=O)OCCOC(=O)C(C)CSCCN5CCCCCC5)CCCN1CCN(CCCN(CCC(=O)OCCOC(=O)C(C)CSCCN5CCCCCC5)(CCC(=O)OCCOC(=O)C(C)CSCCN5CCCCCC5))CC1,-0.6484086621580379
N(CCC(=O)OCCOC(=O)C(C)CSCCN5CCCCCC5)(CCC(=O)OCCOC(=O)C(C)CSCCN5CCCCCC5)CCCN(CCC(=O)OCCOC(=O)C(C)CSCCN5CCCCCC5)CCCNCCCN(CCC(=O)OCCOC(=O)C(C)CSCCN5CCCCCC5)CCC(=O)OCCOC(=O)C(C)CSCCN5CCCCCC5,-0.6484086621580379
N(CCC(=O)OCCOC(=O)C(C)CSCCN(CCC)CCC)(CCC(=O)OCCOC(=O)C(C)CSCCN(CCC)CCC)CC1CCN(C)CC1,-0.6484086621580379
N(CCC(=O)OCCOC(=O)C(C)CSCCN(CCC)CCC)(CCC(=O)OCCOC(=O)C(C)CSCCN(CCC)CCC)CCN1CCCC1,-0.6484086621580379
N(CCC(=O)OCCOC(=O)C(C)CSCCN(CCC)CCC)(CCC(=O)OCCOC(=O)C(C)CSCCN(CCC)CCC)CCN(C)C,-0.6484086621580379
CCN(CCC(=O)OCCOC(=O)C(C)CSCCN(CCC)CCC)CCN(CCC(=O)OCCOC(=O)C(C)CSCCN(CCC)CCC)CC,-0.6484086621580379
CN(CCC(=O)OCCOC(=O)C(C)CSCCN(CCC)CCC)CCCN(C)CCCN(CCC(=O)OCCOC(=O)C(C)CSCCN(CCC)CCC)C,-0.6484086621580379
CN(CCC(=O)OCCOC(=O)C(C)CSCCN(CCC)CCC)CCOCCN(CCC(=O)OCCOC(=O)C(C)CSCCN(CCC)CCC)C,-0.6484086621580379
CN(C)CCCN(CCC(=O)OCCOC(=O)C(C)CSCCN(CCC)CCC)CCCN(CCC(=O)OCCOC(=O)C(C)CSCCN(CCC)CCC)CCC(=O)OCCOC(=O)C(C)CSCCN(CCC)CCC,-0.6484086621580379
N(CCC(=O)OCCOC(=O)C(C)CSCCN(CCC)CCC)(CCC(=O)OCCOC(=O)C(C)CSCCN(CCC)CCC)CCOCCOCCN(CCC(=O)OCCOC(=O)C(C)CSCCN(CCC)CCC)CCC(=O)OCCOC(=O)C(C)CSCCN(CCC)CCC,-0.6484086621580379
CN(CCC(=O)OCCOC(=O)C(C)CSCCN(CCC)CCC)CCCCCCCCCCCC,-0.6484086621580379
CCCCCCCCN(CCC(=O)OCCOC(=O)C(C)CSCCN(CCC)CCC)CCCCCCCC,-0.6484086621580379
N(CCC(=O)OCCOC(=O)C(C)CSCCN(CCCC)CCCC)(CCC(=O)OCCOC(=O)C(C)CSCCN(CCCC)CCCC)CCN1CCOCC1,-0.6484086621580379
N(CCC(=O)OCCOC(=O)C(C)CSCCN(CCCC)CCCC)(CCC(=O)OCCOC(=O)C(C)CSCCN(CCCC)CCCC)CCCN(CCC(=O)OCCOC(=O)C(C)CSCCN(CCCC)CCCC)CCCNCCCN(CCC(=O)OCCOC(=O)C(C)CSCCN(CCCC)CCCC)CCC(=O)OCCOC(=O)C(C)CSCCN(CCCC)CCCC,-0.6484086621580379
CCCCCCCCCCCCCCN(CCC(=O)OCCOC(=O)C(C)CSCCN(CCCC)CCCC)CCC(=O)OCCOC(=O)C(C)CSCCN(CCCC)CCCC,-0.6484086621580379
CCCCCCCCCCCCCCCCCCN(CCC(=O)OCCOC(=O)C(C)CSCCN(CCCC)CCCC)CCC(=O)OCCOC(=O)C(C)CSCCN(CCCC)CCCC,-0.6484086621580379
N(CCC(=O)OCCOC(=O)C(C)CSCCCC(=O)N5CCN(CCO)CC5)(CCC(=O)OCCOC(=O)C(C)CSCCCC(=O)N5CCN(CCO)CC5)CC1CCN(C)CC1,-0.6484086621580379
OCCN(CCC(=O)OCCOC(=O)C(C)CSCCCC(=O)N5CCN(CCO)CC5)CCCN(CCC(=O)OCCOC(=O)C(C)CSCCCC(=O)N5CCN(CCO)CC5)CCC(=O)OCCOC(=O)C(C)CSCCCC(=O)N5CCN(CCO)CC5,-0.6484086621580379
N(CCC(=O)OCCOC(=O)C(C)CSCCCC(=O)N5CCN(CCO)CC5)(CCC(=O)OCCOC(=O)C(C)CSCCCC(=O)N5CCN(CCO)CC5)CCCN(CCC(=O)OCCOC(=O)C(C)CSCCCC(=O)N5CCN(CCO)CC5)CCCN(CCC(=O)OCCOC(=O)C(C)CSCCCC(=O)N5CCN(CCO)CC5)CCC(=O)OCCOC(=O)C(C)CSCCCC(=O)N5CCN(CCO)CC5,-0.6484086621580379
CN(CCC(=O)OCCOC(=O)C(C)CSCCCC(=O)N5CCN(CCO)CC5)CCCCCCCCCCCC,-0.6484086621580379
CCCCCCCCCCN(CCC(=O)OCCOC(=O)C(C)CSCCCC(=O)N5CCN(CCO)CC5)CCCCCCCCCC,-0.6484086621580379
N(CCC(=O)OCCOC(=O)C(C)CSCCCC(=O)N(C)CCCN(C)C)(CCC(=O)OCCOC(=O)C(C)CSCCCC(=O)N(C)CCCN(C)C)CCN1CCCC1,-0.6484086621580379
CCN(CCC(=O)OCCOC(=O)C(C)CSCCCC(=O)N(C)CCCN(C)C)CCN(CCC(=O)OCCOC(=O)C(C)CSCCCC(=O)N(C)CCCN(C)C)CC,-0.6484086621580379
C1C(CCN(CCC(=O)OCCOC(=O)C(C)CSCCCC(=O)N(C)CCCN(C)C)(CCC(=O)OCCOC(=O)C(C)CSCCCC(=O)N(C)CCCN(C)C))CCN(CCC(=O)OCCOC(=O)C(C)CSCCCC(=O)N(C)CCCN(C)C)C1,-0.6484086621580379
N(CCC(=O)OCCOC(=O)C(C)CSCCCC(=O)N(C)CCCN(C)C)(CCC(=O)OCCOC(=O)C(C)CSCCCC(=O)N(C)CCCN(C)C)CCCN(C)CCCN(CCC(=O)OCCOC(=O)C(C)CSCCCC(=O)N(C)CCCN(C)C)(CCC(=O)OCCOC(=O)C(C)CSCCCC(=O)N(C)CCCN(C)C),-0.6484086621580379
N(CCC(=O)OCCOC(=O)C(C)CSCCCC(=O)N(C)CCCN(C)C)(CCC(=O)OCCOC(=O)C(C)CSCCCC(=O)N(C)CCCN(C)C)CCCN(CCC(=O)OCCOC(=O)C(C)CSCCCC(=O)N(C)CCCN(C)C)CCCN(CCC(=O)OCCOC(=O)C(C)CSCCCC(=O)N(C)CCCN(C)C)CCC(=O)OCCOC(=O)C(C)CSCCCC(=O)N(C)CCCN(C)C,-0.6484086621580379
CCCCCCCCCCN(CCC(=O)OCCOC(=O)C(C)CSCCCC(=O)N(C)CCCN(C)C)CCCCCCCCCC,-0.6484086621580379
N(CCC(=O)OCCOC(=O)C(C)CSCCCC(=O)N(C)CCN5(CCCCC5))(CCC(=O)OCCOC(=O)C(C)CSCCCC(=O)N(C)CCN5(CCCCC5))CCc1ncccc1,-0.6484086621580379
N(CCC(=O)OCCOC(=O)C(C)CSCCCC(=O)N(C)CCN5(CCCCC5))(CCC(=O)OCCOC(=O)C(C)CSCCCC(=O)N(C)CCN5(CCCCC5))CCN1CCCC1,-0.6484086621580379
N(CCC(=O)OCCOC(=O)C(C)CSCCCC(=O)N(C)CCN5(CCCCC5))(CCC(=O)OCCOC(=O)C(C)CSCCCC(=O)N(C)CCN5(CCCCC5))CCCN(C)CCCN(CCC(=O)OCCOC(=O)C(C)CSCCCC(=O)N(C)CCN5(CCCCC5))(CCC(=O)OCCOC(=O)C(C)CSCCCC(=O)N(C)CCN5(CCCCC5)),-0.6484086621580379
N(CCC(=O)OCCOC(=O)C(C)CSCCCC(=O)N(C)CCN5(CCCCC5))(CCC(=O)OCCOC(=O)C(C)CSCCCC(=O)N(C)CCN5(CCCCC5))CCOCCOCCN(CCC(=O)OCCOC(=O)C(C)CSCCCC(=O)N(C)CCN5(CCCCC5))CCC(=O)OCCOC(=O)C(C)CSCCCC(=O)N(C)CCN5(CCCCC5),-0.6484086621580379
N(CCN(CCC(=O)OCCOC(=O)C(C)CSCCCC(=O)N(C)CCN5(CCCCC5))(CCC(=O)OCCOC(=O)C(C)CSCCCC(=O)N(C)CCN5(CCCCC5)))(CCN(CCC(=O)OCCOC(=O)C(C)CSCCCC(=O)N(C)CCN5(CCCCC5))(CCC(=O)OCCOC(=O)C(C)CSCCCC(=O)N(C)CCN5(CCCCC5)))CCN(CCC(=O)OCCOC(=O)C(C)CSCCCC(=O)N(C)CCN5(CCCCC5))CCC(=O)OCCOC(=O)C(C)CSCCCC(=O)N(C)CCN5(CCCCC5),-0.6484086621580379
CCCCCCCCCCCCCCCCCCN(CCC(=O)OCCOC(=O)C(C)CSCCCC(=O)N(C)CCN5(CCCCC5))CCC(=O)OCCOC(=O)C(C)CSCCCC(=O)N(C)CCN5(CCCCC5),-0.6484086621580379
N(CCC(=O)OCCOC(=O)C(C)CSCCCCCCCCCCCCCC)(CCC(=O)OCCOC(=O)C(C)CSCCCCCCCCCCCCCC)CCC1N(C)CCC1,-1.0896501184994567
CN(C)CCCN(CCC(=O)OCCOC(=O)C(C)CSCCCCCCCCCC)CCCN(CCC(=O)OCCOC(=O)C(C)CSCCCCCCCCCC)CCC(=O)OCCOC(=O)C(C)CSCCCCCCCCCC,-1.0896501184994567
N(CCC(=O)OCCOC(=O)C(C)CSCCCCCCCCCCCC)(CCC(=O)OCCOC(=O)C(C)CSCCCCCCCCCCCC)CCCN(C)CCCN(CCC(=O)OCCOC(=O)C(C)CSCCCCCCCCCCCC)(CCC(=O)OCCOC(=O)C(C)CSCCCCCCCCCCCC),0.4417500480403202
N(CCC(=O)OCCOC(=O)C(C)CSCCCCCCCCCCCC)(CCC(=O)OCCOC(=O)C(C)CSCCCCCCCCCCCC)CCCN(CCC(=O)OCCOC(=O)C(C)CSCCCCCCCCCCCC)CCCN(CCC(=O)OCCOC(=O)C(C)CSCCCCCCCCCCCC)CCC(=O)OCCOC(=O)C(C)CSCCCCCCCCCCCC,-1.0896501184994567
N(CCC(=O)OCCOC(=O)C(C)CSCCCCCCCCCCCC)(CCC(=O)OCCOC(=O)C(C)CSCCCCCCCCCCCC)CCCN(CCC(=O)OCCOC(=O)C(C)CSCCCCCCCCCCCC)CCCNCCCN(CCC(=O)OCCOC(=O)C(C)CSCCCCCCCCCCCC)CCC(=O)OCCOC(=O)C(C)CSCCCCCCCCCCCC,-1.0896501184994567
N(CCN(CCC(=O)OCCOC(=O)C(C)CSCCCCCCCCCCCC)(CCC(=O)OCCOC(=O)C(C)CSCCCCCCCCCCCC))(CCN(CCC(=O)OCCOC(=O)C(C)CSCCCCCCCCCCCC)(CCC(=O)OCCOC(=O)C(C)CSCCCCCCCCCCCC))CCNCCC(=O)OCCOC(=O)C(C)CSCCCCCCCCCCCC,-0.3239500352295682
CCCCC/C=C\C/C=C\CCCCCCC[13CH2][13CH]([13CH2]CCCCCCC/C=C\C/C=C\CCCCC)OC(=O)CCCN(C)C,-0.6484598328076046
CCCCCCCCCCCCC(O)CN(CCCN(C)CCCN(CC(O)CCCCCCCCCCCC)CC(O)CCCCCCCCCCCC)CC(O)CCCCCCCCCCCC,2.609887731340873
CCCCCCCCCCCCC(O)CN(CCCN(C)CCCN(CC(O)CCCCCCCCCCCC)CC(O)CCCCCCCCCCCC)CC(O)CCCCCCCCCCCC,1.752192507330807
