smiles,quantified_delivery
O=C(CCN(CCCN(CCCN(CCC(NCCSSCCCCCCCCCCCC)=O)CCC(NCCSSCCCCCCCCCCCC)=O)C)CCC(NCCSSCCCCCCCCCCCC)=O)NCCSSCCCCCCCCCCCC,0.815819082937912
OCCCCN(CCCCCCOC(C(CCCCCC)CCCCCCCC)=O)CCCCCCOC(C(CCCCCC)CCCCCCCC)=O,0.7924911125573357
OCCCN(CCCCCCCC(OC(CCCCCCCC)CCCCCCCC)=O)CCCCCC(OCCCCCCCCCCC)=O,0.8003940668357049
OC(CCCCCCCCCC)CN(CCN(CC(CCCCCCCCCC)O)CC(CCCCCCCCCC)O)CCN1CCN(CCN(CC(CCCCCCCCCC)O)CC(CCCCCCCCCC)O)CC1,0.8230063940966126
CN(CCCN(CCCCCCCCCC(O)C)CCCCCCCCCC(O)C)CCCN(CCCCCCCCCC(O)C)CCCCCCCCCC(O)C,0.7372034504142893
CCCCCCCCCCC(O)CN(CCOCCN(CC(O)CCCCCCCCCC)CC(O)CCCCCCCCCC)CCN1CCN(CCOCCN(CC(O)CCCCCCCCCC)CC(O)CCCCCCCCCC)CC1,0.5923436483024295
CCCCCCCCCCCCC(O)CN(CC(O)CCCCCCCCCCCC)CCOCCN(CCN1CCN(CCOCCN(CC(O)CCCCCCCCCCCC)CC(O)CCCCCCCCCCCC)CC1)CC(O)CCCCCCCCCCCC,0.6133326397140912
O=C(NCCN(CC(O)CCCCCCCCCCCC)CC(CCCCCCCCCCCC)O)CCN1CCN(CCC(NCCN(CC(CCCCCCCCCCCC)O)CC(CCCCCCCCCCCC)O)=O)CC1,0.7880729619922183
OC(CCCCCCCCCCCCCC)CN(CC(CN(CC(CCCCCCCCCCCCCC)O)CC(CCCCCCCCCCCCCC)O)OCC)CCN1CCN(CC(CN(CC(CCCCCCCCCCCCCC)O)CC(CCCCCCCCCCCCCC)O)OCC)CC1,0.764502049448953
CCCCC/C=C\C/C=C\CCCCCCCC(CCCCCCCC/C=C\C/C=C\CCCCC)OC(=O)CCCN(C)C,0.7502406734537832
CCCCC\C=C/C\C=C/CCCCCCCCC(CCCCCCCC\C=C/C\C=C/CCCCC)OC(=O)CCCN(C)C,0.7517534946697453
O=C(O[13CH]([13CH2]CCCCCCC/C=C\C/C=C\CCCCC)[13CH2]CCCCCCC/C=C\C/C=C\CCCCC)CCCN(C)C,0.7517512380571366
CC(OCCCCCC)OCCCCCCN(CCCCCCOC(C)OCCCCCC)CCCCCCNC(CC[C@H]1CC[C@@](C2=CC(F)=CC=C2F)(S(C3=CC=C(Cl)C=C3)(=O)=O)CC1)=O,0.27007599996306436
O=C(OCCSSCCCCCCCCCCCC)CCN(CCC(=O)OCCSSCCCCCCCCCCCC)CCC1=CNC=2C=CC=CC21,0.4150563823881336
CCCCCCCCSSCCOC(CCN(CCC(OCCSSCCCCCCCC)=O)CCC1=CNC2=C1C=CC=C2)=O,0.3571798214297593
O=C(OCCSSCCCCCCCCCCCCCC)CCN(CCC1=CNC2=C1C=CC=C2)CCC(OCCSSCCCCCCCCCCCCCC)=O,0.437409703967651
O=C(OCCSSCCCCCCCCCCCCCCCC)CCN(CCC(=O)OCCSSCCCCCCCCCCCCCCCC)CCC1=CNC2=C1C=CC=C2,0.4572677167705591
C1=CC=C2C(=C1)C(CCN(CC(=O)OCCSSCCCCCCCCCCCCCCCC)CC(=O)OCCSSCCCCCCCCCCCCCCCC)=CN2,0.43715889335310276
O=C(OCCSSCCCCCCCCCCCCCCCCCC)CCN(CCC(=O)OCCSSCCCCCCCCCCCCCCCCCC)CCc1c[nH]c2ccccc12,0.4748221437917838
Clc1cccc(N2CCC(NC(=O)CCCCCN(CCCCCCCCCCCC)CCCCCCCCCCCC)CC2)n1,0.5320865688877778
CCCCCC(CC)OC(=O)CCCCCCCCN(CCCCCCCCC(=O)OC(CC)CCCCC)CCCCCC(=O)NC1CCN(C2=CC=CC(Cl)=N2)CC1,0.5790827830765052
Clc1cccc(N2CCC(NC(=O)CCCCCN(CCCCCCOC(=O)OCCCCCC)CCCN(CCCCCCOC(=O)OCCCCCC)CCCCCCOC(=O)OCCCCCC)CC2)n1,0.5430840516671788
O=C(OC(CCCCCCCC)CCCCCCCC)CCCCCCCN(CCO)CCCCCC(OCCCCCCCCCCC)=O,0.793887361916696
O=C1NC(CCCCN(CC(CCCCCCCCCC)O)CC(CCCCCCCCCC)O)C(NC1CCCCN(CC(CCCCCCCCCC)O)CC(CCCCCCCCCC)O)=O,0.8265853816940063
C=CCCN(CCC(=O)OCCCCCCCCCC)CCC(=O)OCCCCCCCCCC,0.7916264736209507
C=CCCN(CCC(=O)OCCCCCCCCCCC)CCC(=O)OCCCCCCCCCCC,0.7929316864769127
C=CCCN(CCC(=O)OCCCCCCCCCCCC)CCC(=O)OCCCCCCCCCCCC,0.7936505363618674
C=CCCN(CCC(=O)OCCCCCCCCCCCCC)CCC(=O)OCCCCCCCCCCCCC,0.7943431382791104
C=CCCN(CCC(=O)OCCCCCCCCCCCCCC)CCC(=O)OCCCCCCCCCCCCCC,0.7949712485833785
CCCCCCCCCCCCCCOC(=O)CCN(C)CCCCCCN(C)CCC(=O)OCCCCCCCCCCCCCC,0.7895616136994504
CCCCCCCCCCCCCCOC(=O)CCN(C)CCCN(CC)CCCN(C)CCC(=O)OCCCCCCCCCCCCCC,0.7887098018242096
CCCCCCCCCCCCCCOC(=O)CCN(C)CCN(CCN(C)CCC(=O)OCCCCCCCCCCCCCC)CCN(C)CCC(=O)OCCCCCCCCCCCCCC,0.8090177713043835
CCCCCCCCCCCCCCOC(=O)CCN(C)CCOCCN(C)CCC(=O)OCCCCCCCCCCCCCC,0.5142799357152601
CCCCCCCCCCCCCCOC(=O)CCN(C)CCOCCOCCN(C)CCC(=O)OCCCCCCCCCCCCCC,0.45035069435629244
CCCCCCCCCCCCCCOC(=O)CCN(C)c1ccc(Cc2ccc(N(CCC(=O)OCCCCCCCCCCCCCC)CCC(=O)OCCCCCCCCCCCCCC)cc2)cc1,0.42732938575232954
CCCCCCCCCCCCCCOC(=O)CCN(C)c1ccccc1N(CCC(=O)OCCCCCCCCCCCCCC)CCC(=O)OCCCCCCCCCCCCCC,0.5342716825075047
CCCCCCCCCCCCCCOC(=O)CCN(CC)CCN(CCC(=O)OCCCCCCCCCCCCCC)CCC(=O)OCCCCCCCCCCCCCC,0.8016433988373305
CCCCCCCCCCCCCCOC(=O)CCN(CCC(=O)OCCCCCCCCCCCCCC)C(=O)C1CCCN1C,0.7006101015825712
CCCCCCCCCCCCCCOC(=O)CCN(CCC(=O)OCCCCCCCCCCCCCC)C(C)(C)C,0.5506109236389459
CCCCCCCCCCCCCCOC(=O)CCN(CCC(=O)OCCCCCCCCCCCCCC)C(C)(C)CC,0.5733828765496478
CCCCCCCCCCCCCCOC(=O)CCN(CCC(=O)OCCCCCCCCCCCCCC)C(C)(C)CC(C)(C)C,0.5084315678325674
CCCCCCCCCCCCCCOC(=O)CCN(CCC(=O)OCCCCCCCCCCCCCC)C(C)C,0.6809464543867226
CCCCCCCCCCCCCCOC(=O)CCN(CCC(=O)OCCCCCCCCCCCCCC)C(C)C(C)C,0.6391642623994748
CCCCCCCCCCCCCCOC(=O)CCN(CCC(=O)OCCCCCCCCCCCCCC)C(C)CC,0.7017864499816681
CCCCCCCCCCCCCCOC(=O)CCN(CCC(=O)OCCCCCCCCCCCCCC)C(C)CCC,0.7514973097541159
CCCCCCCCCCCCCCOC(=O)CCN(CCC(=O)OCCCCCCCCCCCCCC)C(C)CO,0.6478743713772496
CCCCCCCCCCCCCCOC(=O)CCN(CCC(=O)OCCCCCCCCCCCCCC)C(C)c1ccc(C)cc1,0.4931904656579689
CCCCCCCCCCCCCCOC(=O)CCN(CCC(=O)OCCCCCCCCCCCCCC)C(CC)CC,0.7021126492727096
CCCCCCCCCCCCCCOC(=O)CCN(CCC(=O)OCCCCCCCCCCCCCC)C(CO)(CO)CO,0.3857994593009171
CCCCCCCCCCCCCCOC(=O)CCN(CCC(=O)OCCCCCCCCCCCCCC)C(CO)C(C)(C)C,0.4858114018120715
CCCCCCCCCCCCCCOC(=O)CCN(CCC(=O)OCCCCCCCCCCCCCC)C(c1ccccc1)(c1ccccc1)c1ccccc1,0.4045191891963645
CCCCCCCCCCCCCCOC(=O)CCN(CCC(=O)OCCCCCCCCCCCCCC)C(c1ccccc1)c1ccccc1,0.4873314976344696
CCCCCCCCCCCCCCOC(=O)CCN(CCC(=O)OCCCCCCCCCCCCCC)C12C[C@H]3C[C@@H](C1)C[C@@H](C2)C3,0.5300995621012776
CCCCCCCCCCCCCCOC(=O)CCN(CCC(=O)OCCCCCCCCCCCCCC)C1CC1,0.7067786115329873
CCCCCCCCCCCCCCOC(=O)CCN(CCC(=O)OCCCCCCCCCCCCCC)C1CC2CCC1C2,0.602710467242242
CCCCCCCCCCCCCCOC(=O)CCN(CCC(=O)OCCCCCCCCCCCCCC)C1CCC(CC2CCC(N(CCC(=O)OCCCCCCCCCCCCCC)CCC(=O)OCCCCCCCCCCCCCC)C(C)C2)CC1C,0.6281312082792156
CCCCCCCCCCCCCCOC(=O)CCN(CCC(=O)OCCCCCCCCCCCCCC)C1CCC1,0.7137969142842048
CCCCCCCCCCCCCCOC(=O)CCN(CCC(=O)OCCCCCCCCCCCCCC)C1CCCC(N(CCC(=O)OCCCCCCCCCCCCCC)CCC(=O)OCCCCCCCCCCCCCC)C1,0.7328498508466891
CCCCCCCCCCCCCCOC(=O)CCN(CCC(=O)OCCCCCCCCCCCCCC)C1CCCCC1,0.7122345069753937
CCCCCCCCCCCCCCOC(=O)CCN(CCC(=O)OCCCCCCCCCCCCCC)C1CCCCCCC1,0.6968269499286327
CCCCCCCCCCCCCCOC(=O)CCN(CCC(=O)OCCCCCCCCCCCCCC)C1CCN(C)CC1,0.6087407893626465
CCCCCCCCCCCCCCOC(=O)CCN(CCC(=O)OCCCCCCCCCCCCCC)C1CCc2ccccc21,0.5739343214097625
CCCCCCCCCCCCCCOC(=O)CCN(CCC(=O)OCCCCCCCCCCCCCC)C1Cc2ccccc2C1,0.5611232940920193
CCCCCCCCCCCCCCOC(=O)CCN(CCC(=O)OCCCCCCCCCCCCCC)CC(=O)N(C)c1ccccc1,0.553818164001328
CCCCCCCCCCCCCCOC(=O)CCN(CCC(=O)OCCCCCCCCCCCCCC)CC(C)(C)CN(C)C,0.6383363824947946
CCCCCCCCCCCCCCOC(=O)CCN(CCC(=O)OCCCCCCCCCCCCCC)CC(C)C,0.7260541213601398
CCCCCCCCCCCCCCOC(=O)CCN(CCC(=O)OCCCCCCCCCCCCCC)CC(C)CC,0.7570374718620944
CCCCCCCCCCCCCCOC(=O)CCN(CCC(=O)OCCCCCCCCCCCCCC)CC(C)N(CCC(=O)OCCCCCCCCCCCCCC)CCC(=O)OCCCCCCCCCCCCCC,0.7965271829770753
CCCCCCCCCCCCCCOC(=O)CCN(CCC(=O)OCCCCCCCCCCCCCC)CC(CC)CCCC,0.8090120110037771
CCCCCCCCCCCCCCOC(=O)CCN(CCC(=O)OCCCCCCCCCCCCCC)CC1(C)CC(N(CCC(=O)OCCCCCCCCCCCCCC)CCC(=O)OCCCCCCCCCCCCCC)CC(C)(C)C1,0.5941001242955886
CCCCCCCCCCCCCCOC(=O)CCN(CCC(=O)OCCCCCCCCCCCCCC)CC12C[C@H]3C[C@@H](C1)C[C@@H](C2)C3,0.5486195817808553
CCCCCCCCCCCCCCOC(=O)CCN(CCC(=O)OCCCCCCCCCCCCCC)CC1CCC(CN(CCC(=O)OCCCCCCCCCCCCCC)CCC(=O)OCCCCCCCCCCCCCC)CC1,0.7168959560104541
CCCCCCCCCCCCCCOC(=O)CCN(CCC(=O)OCCCCCCCCCCCCCC)CC1CCCC(CN(CCC(=O)OCCCCCCCCCCCCCC)CCC(=O)OCCCCCCCCCCCCCC)C1,0.757248346371923
CCCCCCCCCCCCCCOC(=O)CCN(CCC(=O)OCCCCCCCCCCCCCC)CC1CCCCC1,0.7214639337758805
CCCCCCCCCCCCCCOC(=O)CCN(CCC(=O)OCCCCCCCCCCCCCC)CC1CCCN1C,0.7125006684941353
CCCCCCCCCCCCCCOC(=O)CCN(CCC(=O)OCCCCCCCCCCCCCC)CC1CCCN1CCC(=O)OCCCCCCCCCCCCCC,0.769707817199048
CCCCCCCCCCCCCCOC(=O)CCN(CCC(=O)OCCCCCCCCCCCCCC)CC1CCN(C)CC1,0.6118591904496966
CCCCCCCCCCCCCCOC(=O)CCN(CCC(=O)OCCCCCCCCCCCCCC)CCC(=O)N1CCN(CCC(=O)OCCCCCCCCCCCCCC)CC1,0.7590162241972102
CCCCCCCCCCCCCCOC(=O)CCN(CCC(=O)OCCCCCCCCCCCCCC)CCC(C)(C)C,0.6853453049755814
CCCCCCCCCCCCCCOC(=O)CCN(CCC(=O)OCCCCCCCCCCCCCC)CCC(C)C,0.7811546034257492
CCCCCCCCCCCCCCOC(=O)CCN(CCC(=O)OCCCCCCCCCCCCCC)CCC(c1ccccc1)c1ccccc1,0.48834477608031696
CCCCCCCCCCCCCCOC(=O)CCN(CCC(=O)OCCCCCCCCCCCCCC)CCC1CCC(C)CC1,0.6596338172193399
CCCCCCCCCCCCCCOC(=O)CCN(CCC(=O)OCCCCCCCCCCCCCC)CCC1CCC(CC)CC1,0.658069331451547
CCCCCCCCCCCCCCOC(=O)CCN(CCC(=O)OCCCCCCCCCCCCCC)CCN(C(C)C)C(C)C,0.6566467747399328
CCCCCCCCCCCCCCOC(=O)CCN(CCC(=O)OCCCCCCCCCCCCCC)CCN(C)C,0.7612115519582185
CCCCCCCCCCCCCCOC(=O)CCN(CCC(=O)OCCCCCCCCCCCCCC)CCN(C)CCCN(C)CCN(CCC(=O)OCCCCCCCCCCCCCC)CCC(=O)OCCCCCCCCCCCCCC,0.8177399947287944
CCCCCCCCCCCCCCOC(=O)CCN(CCC(=O)OCCCCCCCCCCCCCC)CCN(C)CCN(C)CCN(CCC(=O)OCCCCCCCCCCCCCC)CCC(=O)OCCCCCCCCCCCCCC,0.8177883337462544
CCCCCCCCCCCCCCOC(=O)CCN(CCC(=O)OCCCCCCCCCCCCCC)CCN(C)CCN(CCC(=O)OCCCCCCCCCCCCCC)CCC(=O)OCCCCCCCCCCCCCC,0.8160608967942967
CCCCCCCCCCCCCCOC(=O)CCN(CCC(=O)OCCCCCCCCCCCCCC)CCN(CC)CCN(CC)CCN(CCC(=O)OCCCCCCCCCCCCCC)CCC(=O)OCCCCCCCCCCCCCC,0.8117613965447629
CCCCCCCCCCCCCCOC(=O)CCN(CCC(=O)OCCCCCCCCCCCCCC)CCN(CCC(=O)OCCCCCCCCCCCCCC)C(C)C,0.7632847851001878
CCCCCCCCCCCCCCOC(=O)CCN(CCC(=O)OCCCCCCCCCCCCCC)CCN(CCC(=O)OCCCCCCCCCCCCCC)CCN(CC)CC,0.7868473838075264
CCCCCCCCCCCCCCOC(=O)CCN(CCC(=O)OCCCCCCCCCCCCCC)CCN(CCC(=O)OCCCCCCCCCCCCCC)CCN(CCC(=O)OCCCCCCCCCCCCCC)CCC(=O)OCCCCCCCCCCCCCC,0.8162166030642968
CCCCCCCCCCCCCCOC(=O)CCN(CCC(=O)OCCCCCCCCCCCCCC)CCN(CCC(=O)OCCCCCCCCCCCCCC)CCN(CCC(=O)OCCCCCCCCCCCCCC)CCN(CCC(=O)OCCCCCCCCCCCCCC)CCN(CCC(=O)OCCCCCCCCCCCCCC)CCC(=O)OCCCCCCCCCCCCCC,0.817715943989149
CCCCCCCCCCCCCCOC(=O)CCN(CCC(=O)OCCCCCCCCCCCCCC)CCN(CCC(=O)OCCCCCCCCCCCCCC)CCN(CCC(=O)OCCCCCCCCCCCCCC)CCN(CCC(=O)OCCCCCCCCCCCCCC)CCN(CCC(=O)OCCCCCCCCCCCCCC)CCN(CCC(=O)OCCCCCCCCCCCCCC)CCC(=O)OCCCCCCCCCCCCCC,0.8181709483525132
CCCCCCCCCCCCCCOC(=O)CCN(CCC(=O)OCCCCCCCCCCCCCC)CCN(CCC(=O)OCCCCCCCCCCCCCC)CCN1CCN(CCN(CCC(=O)OCCCCCCCCCCCCCC)CCC(=O)OCCCCCCCCCCCCCC)CC1,0.8157142098361501
CCCCCCCCCCCCCCOC(=O)CCN(CCC(=O)OCCCCCCCCCCCCCC)CCN(CCC(=O)OCCCCCCCCCCCCCC)Cc1ccccc1,0.6913571585033201
CCCCCCCCCCCCCCOC(=O)CCN(CCC(=O)OCCCCCCCCCCCCCC)CCN(CCC(=O)OCCCCCCCCCCCCCC)c1ccccc1,0.6460869560375344
CCCCCCCCCCCCCCOC(=O)CCN(CCC(=O)OCCCCCCCCCCCCCC)CCN(CCCCCCCCCCCC)CCN(CCC(=O)OCCCCCCCCCCCCCC)CCC(=O)OCCCCCCCCCCCCCC,0.8172797051411625
CCCCCCCCCCCCCCOC(=O)CCN(CCC(=O)OCCCCCCCCCCCCCC)CCN(CCN(CCC(=O)OCCCCCCCCCCCCCC)CCC(=O)OCCCCCCCCCCCCCC)CCN(CCC(=O)OCCCCCCCCCCCCCC)CCC(=O)OCCCCCCCCCCCCCC,0.816844891522192
CCCCCCCCCCCCCCOC(=O)CCN(CCC(=O)OCCCCCCCCCCCCCC)CCN1CCN(CCC(=O)OCCCCCCCCCCCCCC)CC1,0.7933921542181716
CCCCCCCCCCCCCCOC(=O)CCN(CCC(=O)OCCCCCCCCCCCCCC)CCN1CCN(CCN(CCC(=O)OCCCCCCCCCCCCCC)CCC(=O)OCCCCCCCCCCCCCC)CC1,0.8123444933659418
CCCCCCCCCCCCCCOC(=O)CCN(CCC(=O)OCCCCCCCCCCCCCC)CC[C@H](C)O,0.5495237114378926
CCCCCCCCCCCCCCOC(=O)CCN(CCC(=O)OCCCCCCCCCCCCCC)CCc1ccc(OC)cc1,0.5135332344799506
CCCCCCCCCCCCCCOC(=O)CCN(CCC(=O)OCCCCCCCCCCCCCC)CCc1ccccc1F,0.6282706431846162
CCCCCCCCCCCCCCOC(=O)CCN(CCC(=O)OCCCCCCCCCCCCCC)CN(CC)CCC,0.7419210772263977
CCCCCCCCCCCCCCOC(=O)CCN(CCC(=O)OCCCCCCCCCCCCCC)C[C@@H](C)O,0.6925665840924972
CCCCCCCCCCCCCCOC(=O)CCN(CCC(=O)OCCCCCCCCCCCCCC)C[C@@H]1CCCN1CC,0.5804054549879134
CCCCCCCCCCCCCCOC(=O)CCN(CCC(=O)OCCCCCCCCCCCCCC)C[C@H]1CCCN1CC,0.744979084233894
CCCCCCCCCCCCCCOC(=O)CCN(CCC(=O)OCCCCCCCCCCCCCC)Cc1cc(C)c(OC)c(OC)c1,0.32720897737460175
CCCCCCCCCCCCCCOC(=O)CCN(CCC(=O)OCCCCCCCCCCCCCC)Cc1cc(F)ccc1F,0.6152263533845845
CCCCCCCCCCCCCCOC(=O)CCN(CCC(=O)OCCCCCCCCCCCCCC)Cc1cccc(CN(CCC(=O)OCCCCCCCCCCCCCC)CCC(=O)OCCCCCCCCCCCCCC)c1,0.69704720719615
CCCCCCCCCCCCCCOC(=O)CCN(CCC(=O)OCCCCCCCCCCCCCC)Cc1cccc(F)c1,0.605087927394589
CCCCCCCCCCCCCCOC(=O)CCN(CCC(=O)OCCCCCCCCCCCCCC)Cc1cccc(N(CCC(=O)OCCCCCCCCCCCCCC)CCC(=O)OCCCCCCCCCCCCCC)c1,0.6521941217557193
CCCCCCCCCCCCCCOC(=O)CCN(CCC(=O)OCCCCCCCCCCCCCC)Cc1ccccc1F,0.6234217765339493
CCCCCCCCCCCCCCOC(=O)CCN(CCC(=O)OCCCCCCCCCCCCCC)Cc1ccccc1N(CCC(=O)OCCCCCCCCCCCCCC)CCC(=O)OCCCCCCCCCCCCCC,0.6723062410152751
CCCCCCCCCCCCCCOC(=O)CCN(CCC(=O)OCCCCCCCCCCCCCC)Cc1ccccc1OC,0.5223077756861579
CCCCCCCCCCCCCCOC(=O)CCN(CCC(=O)OCCCCCCCCCCCCCC)Cc1ccccc1OCC,0.5646852383257632
CCCCCCCCCCCCCCOC(=O)CCN(CCC(=O)OCCCCCCCCCCCCCC)Cc1nccn1C,0.4941447752532785
CCCCCCCCCCCCCCOC(=O)CCN(CCC(=O)OCCCCCCCCCCCCCC)[C@@H](CO)CC(C)C,0.7491860039819289
CCCCCCCCCCCCCCOC(=O)CCN(CCC(=O)OCCCCCCCCCCCCCC)[C@H]1CCCC[C@H]1N(CCC(=O)OCCCCCCCCCCCCCC)CCC(=O)OCCCCCCCCCCCCCC,0.8069269009533409
CCCCCCCCCCCCCCOC(=O)CCN(CCC(=O)OCCCCCCCCCCCCCC)[C@@H]1CCCC[C@H]1N(CCC(=O)OCCCCCCCCCCCCCC)CCC(=O)OCCCCCCCCCCCCCC,0.7411433772599898
CCCCCCCCCCCCCCOC(=O)CCN(CCC(=O)OCCCCCCCCCCCCCC)[C@@H](c1ccccc1)[C@@H](c1ccccc1)N(CCC(=O)OCCCCCCCCCCCCCC)CCC(=O)OCCCCCCCCCCCCCC,0.6541774467005947
CCCCCCCCCCCCCCOC(=O)CCN(CCC(=O)OCCCCCCCCCCCCCC)[C@H]1CC[C@H](N(CCC(=O)OCCCCCCCCCCCCCC)CCC(=O)OCCCCCCCCCCCCCC)CC1,0.5708427027513051
CCCCCCCCCCCCCCOC(=O)CCN(CCC(=O)OCCCCCCCCCCCCCC)c1c(-c2ccccc2)cc(-c2ccccc2)cc1-c1ccccc1,0.13751026788179352
CCCCCCCCCCCCCCOC(=O)CCN(CCC(=O)OCCCCCCCCCCCCCC)c1c(C)c(C)c(N(CCC(=O)OCCCCCCCCCCCCCC)CCC(=O)OCCCCCCCCCCCCCC)c(C)c1C,0.4678488842159267
CCCCCCCCCCCCCCOC(=O)CCN(CCC(=O)OCCCCCCCCCCCCCC)c1c(C)cc(-c2cc(C)c(N(CCC(=O)OCCCCCCCCCCCCCC)CCC(=O)OCCCCCCCCCCCCCC)c(C)c2)cc1C,0.3832463693646167
CCCCCCCCCCCCCCOC(=O)CCN(CCC(=O)OCCCCCCCCCCCCCC)c1c(CC)cccc1CC,0.4892456989720681
CCCCCCCCCCCCCCOC(=O)CCN(CCC(=O)OCCCCCCCCCCCCCC)c1c(F)cc(F)cc1F,0.5717678545363286
CCCCCCCCCCCCCCOC(=O)CCN(CCC(=O)OCCCCCCCCCCCCCC)c1c(N(CCC(=O)OCCCCCCCCCCCCCC)CCC(=O)OCCCCCCCCCCCCCC)c2ccccc2c2ccccc12,0.41719256314497716
CCCCCCCCCCCCCCOC(=O)CCN(CCC(=O)OCCCCCCCCCCCCCC)c1cc(C(C)(C)C)ccc1C(C)(C)C,0.1998064343265724
CCCCCCCCCCCCCCOC(=O)CCN(CCC(=O)OCCCCCCCCCCCCCC)c1cc(C(C)(C)C)ccc1OC,0.2730873604125572
CCCCCCCCCCCCCCOC(=O)CCN(CCC(=O)OCCCCCCCCCCCCCC)c1cc(C)c(C)cc1N(CCC(=O)OCCCCCCCCCCCCCC)CCC(=O)OCCCCCCCCCCCCCC,0.533830099050708
CCCCCCCCCCCCCCOC(=O)CCN(CCC(=O)OCCCCCCCCCCCCCC)c1cc(F)c(F)c(F)c1,0.5346612451052166
CCCCCCCCCCCCCCOC(=O)CCN(CCC(=O)OCCCCCCCCCCCCCC)c1cc(F)cc(F)c1,0.5133674328377538
CCCCCCCCCCCCCCOC(=O)CCN(CCC(=O)OCCCCCCCCCCCCCC)c1cc(F)ccc1F,0.5367186225743827
CCCCCCCCCCCCCCOC(=O)CCN(CCC(=O)OCCCCCCCCCCCCCC)c1cc(OC)ccc1OC,0.3543673398125434
CCCCCCCCCCCCCCOC(=O)CCN(CCC(=O)OCCCCCCCCCCCCCC)c1ccc(-c2ccc(N(CCC(=O)OCCCCCCCCCCCCCC)CCC(=O)OCCCCCCCCCCCCCC)c(C)c2)cc1C,0.4268467081922377
CCCCCCCCCCCCCCOC(=O)CCN(CCC(=O)OCCCCCCCCCCCCCC)c1ccc(-c2ccc(N(CCC(=O)OCCCCCCCCCCCCCC)CCC(=O)OCCCCCCCCCCCCCC)c(N(CCC(=O)OCCCCCCCCCCCCCC)CCC(=O)OCCCCCCCCCCCCCC)c2)cc1N(CCC(=O)OCCCCCCCCCCCCCC)CCC(=O)OCCCCCCCCCCCCCC,0.5791342694747089
CCCCCCCCCCCCCCOC(=O)CCN(CCC(=O)OCCCCCCCCCCCCCC)c1ccc(-c2ccccc2)cc1,0.33342270865400525
CCCCCCCCCCCCCCOC(=O)CCN(CCC(=O)OCCCCCCCCCCCCCC)c1ccc(C(C)(C)C)cc1,0.3486458173122764
CCCCCCCCCCCCCCOC(=O)CCN(CCC(=O)OCCCCCCCCCCCCCC)c1ccc(C(C)C)cc1,0.4459562976081087
CCCCCCCCCCCCCCOC(=O)CCN(CCC(=O)OCCCCCCCCCCCCCC)c1ccc(C)c(F)c1,0.47016633628824517
CCCCCCCCCCCCCCOC(=O)CCN(CCC(=O)OCCCCCCCCCCCCCC)c1ccc(C)c(N(CCC(=O)OCCCCCCCCCCCCCC)CCC(=O)OCCCCCCCCCCCCCC)c1,0.5731027002789153
CCCCCCCCCCCCCCOC(=O)CCN(CCC(=O)OCCCCCCCCCCCCCC)c1ccc(C)cc1N(CCC(=O)OCCCCCCCCCCCCCC)CCC(=O)OCCCCCCCCCCCCCC,0.5806324820932568
CCCCCCCCCCCCCCOC(=O)CCN(CCC(=O)OCCCCCCCCCCCCCC)c1ccc(C2(c3ccc(N(CCC(=O)OCCCCCCCCCCCCCC)CCC(=O)OCCCCCCCCCCCCCC)cc3)c3ccccc3-c3ccccc32)cc1,0.39435778138848576
CCCCCCCCCCCCCCOC(=O)CCN(CCC(=O)OCCCCCCCCCCCCCC)c1ccc(Cc2ccc(N(CCC(=O)OCCCCCCCCCCCCCC)CCC(=O)OCCCCCCCCCCCCCC)cc2)cc1,0.5114999077504299
CCCCCCCCCCCCCCOC(=O)CCN(CCC(=O)OCCCCCCCCCCCCCC)c1ccc(F)c(F)c1,0.5293713294586341
CCCCCCCCCCCCCCOC(=O)CCN(CCC(=O)OCCCCCCCCCCCCCC)c1ccc(F)cc1,0.52228467509919
CCCCCCCCCCCCCCOC(=O)CCN(CCC(=O)OCCCCCCCCCCCCCC)c1ccc(F)cc1C(F)(F)F,0.5935800344738261
CCCCCCCCCCCCCCOC(=O)CCN(CCC(=O)OCCCCCCCCCCCCCC)c1ccc(N(CCC(=O)OCCCCCCCCCCCCCC)CCC(=O)OCCCCCCCCCCCCCC)cc1,0.6104990468920756
CCCCCCCCCCCCCCOC(=O)CCN(CCC(=O)OCCCCCCCCCCCCCC)c1ccc(N(CCC(=O)OCCCCCCCCCCCCCC)c2ccccc2)cc1,0.44626396892194187
CCCCCCCCCCCCCCOC(=O)CCN(CCC(=O)OCCCCCCCCCCCCCC)c1ccc(OC(F)(F)F)cc1,0.5212000164334569
CCCCCCCCCCCCCCOC(=O)CCN(CCC(=O)OCCCCCCCCCCCCCC)c1ccc(OC(F)F)cc1,0.520459253652381
CCCCCCCCCCCCCCOC(=O)CCN(CCC(=O)OCCCCCCCCCCCCCC)c1ccc(OC)c(F)c1,0.44193064917554875
CCCCCCCCCCCCCCOC(=O)CCN(CCC(=O)OCCCCCCCCCCCCCC)c1ccc(OCCCCCCCC)cc1,0.5562575028467872
CCCCCCCCCCCCCCOC(=O)CCN(CCC(=O)OCCCCCCCCCCCCCC)c1ccc(Oc2ccc(F)cc2)cc1,0.35788447840909615
CCCCCCCCCCCCCCOC(=O)CCN(CCC(=O)OCCCCCCCCCCCCCC)c1ccc(Oc2ccc(N(CCC(=O)OCCCCCCCCCCCCCC)CCC(=O)OCCCCCCCCCCCCCC)cc2)cc1,0.4919796148397759
CCCCCCCCCCCCCCOC(=O)CCN(CCC(=O)OCCCCCCCCCCCCCC)c1ccc(Oc2ccccc2)cc1,0.36447150092161207
CCCCCCCCCCCCCCOC(=O)CCN(CCC(=O)OCCCCCCCCCCCCCC)c1ccc2c(c1)CCCC2,0.4781750247442403
CCCCCCCCCCCCCCOC(=O)CCN(CCC(=O)OCCCCCCCCCCCCCC)c1ccc2c(c1)Cc1cc(N(CCC(=O)OCCCCCCCCCCCCCC)CCC(=O)OCCCCCCCCCCCCCC)ccc1-2,0.46941722997897123
CCCCCCCCCCCCCCOC(=O)CCN(CCC(=O)OCCCCCCCCCCCCCC)c1ccc2c(c1)OCCO2,0.2711861049051875
CCCCCCCCCCCCCCOC(=O)CCN(CCC(=O)OCCCCCCCCCCCCCC)c1ccc2c(c1)OCO2,0.1720945188772631
CCCCCCCCCCCCCCOC(=O)CCN(CCC(=O)OCCCCCCCCCCCCCC)c1ccc2cc3ccccc3cc2c1,0.1606091326980448
CCCCCCCCCCCCCCOC(=O)CCN(CCC(=O)OCCCCCCCCCCCCCC)c1ccc2ccccc2c1-c1c(N(CCC(=O)OCCCCCCCCCCCCCC)CCC(=O)OCCCCCCCCCCCCCC)ccc2ccccc12,0.31837727854639786
CCCCCCCCCCCCCCOC(=O)CCN(CCC(=O)OCCCCCCCCCCCCCC)c1cccc(-c2ccccc2)c1,0.33060514965841986
CCCCCCCCCCCCCCOC(=O)CCN(CCC(=O)OCCCCCCCCCCCCCC)c1cccc(C(F)(F)F)c1,0.5655596757116333
CCCCCCCCCCCCCCOC(=O)CCN(CCC(=O)OCCCCCCCCCCCCCC)c1cccc(C)c1N(CCC(=O)OCCCCCCCCCCCCCC)CCC(=O)OCCCCCCCCCCCCCC,0.5904856841264213
CCCCCCCCCCCCCCOC(=O)CCN(CCC(=O)OCCCCCCCCCCCCCC)c1cccc(F)c1,0.5235750418195684
CCCCCCCCCCCCCCOC(=O)CCN(CCC(=O)OCCCCCCCCCCCCCC)c1cccc(N(CCC(=O)OCCCCCCCCCCCCCC)CCC(=O)OCCCCCCCCCCCCCC)c1,0.6066402393312034
CCCCCCCCCCCCCCOC(=O)CCN(CCC(=O)OCCCCCCCCCCCCCC)c1cccc(N(CCC(=O)OCCCCCCCCCCCCCC)CCC(=O)OCCCCCCCCCCCCCC)c1C,0.5801805063415517
CCCCCCCCCCCCCCOC(=O)CCN(CCC(=O)OCCCCCCCCCCCCCC)c1cccc(OC(C)C)c1,0.45533014761555207
CCCCCCCCCCCCCCOC(=O)CCN(CCC(=O)OCCCCCCCCCCCCCC)c1cccc(OCc2ccccc2)c1,0.3579942507356008
CCCCCCCCCCCCCCOC(=O)CCN(CCC(=O)OCCCCCCCCCCCCCC)c1cccc2c1CCC2,0.5077981723040315
CCCCCCCCCCCCCCOC(=O)CCN(CCC(=O)OCCCCCCCCCCCCCC)c1cccc2cccc(N(CCC(=O)OCCCCCCCCCCCCCC)CCC(=O)OCCCCCCCCCCCCCC)c12,0.49538971279877136
CCCCCCCCCCCCCCOC(=O)CCN(CCC(=O)OCCCCCCCCCCCCCC)c1ccccc1C(C)(C)C,0.352585387850723
CCCCCCCCCCCCCCOC(=O)CCN(CCC(=O)OCCCCCCCCCCCCCC)c1ccccc1C(C)C,0.4597023048526317
CCCCCCCCCCCCCCOC(=O)CCN(CCC(=O)OCCCCCCCCCCCCCC)c1ccccc1Cc1ccccc1,0.4171079995566933
CCCCCCCCCCCCCCOC(=O)CCN(CCC(=O)OCCCCCCCCCCCCCC)c1ccccc1N(CCC(=O)OCCCCCCCCCCCCCC)c1ccccc1,0.4517942138113506
CCCCCCCCCCCCCCOC(=O)CCN(CCC(=O)OCCCCCCCCCCCCCC)c1ccccc1OC,0.44600006401580894
CCCCCCCCCCCCCCOC(=O)CCN(CCC(=O)OCCCCCCCCCCCCCC)c1ccccc1OCC,0.4867039514833536
CCCCCCCCCCCCCCOC(=O)CCN(CCC(=O)OCCCCCCCCCCCCCC)c1ccccc1Oc1ccccc1,0.37327433886224154
CCCCCCCCCCCCCCOC(=O)CCN(CCC(=O)OCCCCCCCCCCCCCC)c1nc(N(CCC(=O)OCCCCCCCCCCCCCC)CCC(=O)OCCCCCCCCCCCCCC)nc(N(CCC(=O)OCCCCCCCCCCCCCC)CCC(=O)OCCCCCCCCCCCCCC)n1,0.7285797459456107
CCCCCCCCCCCCCCOC(=O)CCN(CCC)CCC(=O)OCCCCCCCCCCCCCC,0.745669904614867
CCCCCCCCCCCCCCOC(=O)CCN(CCC)CCCN(CCC(=O)OCCCCCCCCCCCCCC)CCC(=O)OCCCCCCCCCCCCCC,0.8048305078398612
CCCCCCCCCCCCCCOC(=O)CCN(CCCC)CCC(=O)OCCCCCCCCCCCCCC,0.7999239787985879
CCCCCCCCCCCCCCOC(=O)CCN(CCCCC)CCC(=O)OCCCCCCCCCCCCCC,0.811721430747772
CCCCCCCCCCCCCCOC(=O)CCN(CCCCCC)CCC(=O)OCCCCCCCCCCCCCC,0.8145985524393186
CCCCCCCCCCCCCCOC(=O)CCN(CCCCCCCCN(CCC(=O)OCCCCCCCCCCCCCC)CCC(=O)OCCCCCCCCCCCCCC)CCC(=O)OCCCCCCCCCCCCCC,0.8134988100998327
CCCCCCCCCCCCCCOC(=O)CCN(CCCCCCN(CCC(=O)OCCCCCCCCCCCCCC)CCC(=O)OCCCCCCCCCCCCCC)CCCCCCN(CCC(=O)OCCCCCCCCCCCCCC)CCC(=O)OCCCCCCCCCCCCCC,0.8140448509665951
CCCCCCCCCCCCCCOC(=O)CCN(CCCCN(C)Cc1ccccc1)CCC(=O)OCCCCCCCCCCCCCC,0.630747216138119
CCCCCCCCCCCCCCOC(=O)CCN(CCCCN1CCN(C)CC1)CCC(=O)OCCCCCCCCCCCCCC,0.7591446135777365
CCCCCCCCCCCCCCOC(=O)CCN(CCCCc1ccccc1)CCC(=O)OCCCCCCCCCCCCCC,0.6452978542389984
CCCCCCCCCCCCCCOC(=O)CCN(CCCN(C)C)CCC(=O)OCCCCCCCCCCCCCC,0.7654374747598003
CCCCCCCCCCCCCCOC(=O)CCN(CCCN(C)C)CCCN(CCC(=O)OCCCCCCCCCCCCCC)CCC(=O)OCCCCCCCCCCCCCC,0.7866970815308787
CCCCCCCCCCCCCCOC(=O)CCN(CCCN(C)CCCN(CCC(=O)OCCCCCCCCCCCCCC)CCC(=O)OCCCCCCCCCCCCCC)CCC(=O)OCCCCCCCCCCCCCC,0.8155944905988044
CCCCCCCCCCCCCCOC(=O)CCN(CCCN(CCC(=O)OCCCCCCCCCCCCCC)CCC(=O)OCCCCCCCCCCCCCC)CCCN(CCC(=O)OCCCCCCCCCCCCCC)CCC(=O)OCCCCCCCCCCCCCC,0.8144992020999936
CCCCCCCCCCCCCCOC(=O)CCN(CCCN(CCC(=O)OCCCCCCCCCCCCCC)CCN(CCC(=O)OCCCCCCCCCCCCCC)CCC(=O)OCCCCCCCCCCCCCC)CCC(=O)OCCCCCCCCCCCCCC,0.8153995311463215
CCCCCCCCCCCCCCOC(=O)CCN(CCCN(CCC(=O)OCCCCCCCCCCCCCC)CCN(CCC(=O)OCCCCCCCCCCCCCC)CCC(=O)OCCCCCCCCCCCCCC)CCN(CCC(=O)OCCCCCCCCCCCCCC)CCC(=O)OCCCCCCCCCCCCCC,0.816526412221654
CCCCCCCCCCCCCCOC(=O)CCN(CCCN(CCCN(CCC(=O)OCCCCCCCCCCCCCC)CCC(=O)OCCCCCCCCCCCCCC)CCC(=O)OCCCCCCCCCCCCCC)CCCN(CCC(=O)OCCCCCCCCCCCCCC)CCC(=O)OCCCCCCCCCCCCCC,0.8150302186775454
CCCCCCCCCCCCCCOC(=O)CCN(CCCN1CCN(C(C)C)CC1)CCC(=O)OCCCCCCCCCCCCCC,0.7087916287490298
CCCCCCCCCCCCCCOC(=O)CCN(CCCN1CCN(CCCN(CCC(=O)OCCCCCCCCCCCCCC)CCC(=O)OCCCCCCCCCCCCCC)CC1)CCC(=O)OCCCCCCCCCCCCCC,0.8176981286264489
CCCCCCCCCCCCCCOC(=O)CCN(CCCOC(C)C)CCC(=O)OCCCCCCCCCCCCCC,0.6967995142700744
CCCCCCCCCCCCCCOC(=O)CCN(CCCOCCCCOCCCN(CCC(=O)OCCCCCCCCCCCCCC)CCC(=O)OCCCCCCCCCCCCCC)CCC(=O)OCCCCCCCCCCCCCC,0.7032415494224814
CCCCCCCCCCCCCCOC(=O)CCN(CCCOCCOCCOCCCN(CCC(=O)OCCCCCCCCCCCCCC)CCC(=O)OCCCCCCCCCCCCCC)CCC(=O)OCCCCCCCCCCCCCC,0.6456045754001541
CCCCCCCCCCCCCCOC(=O)CCN(CCCc1ccccc1)CCC(=O)OCCCCCCCCCCCCCC,0.6401105550815692
CCCCCCCCCCCCCCOC(=O)CCN(CCN(CCC(=O)OCCCCCCCCCCCCCC)C(C)(C)C)C(C)(C)C,0.4496846967140151
CCCCCCCCCCCCCCOC(=O)CCN(CCO)CCC(=O)OCCCCCCCCCCCCCC,0.6710950338898282
CCCCCCCCCCCCCCOC(=O)CCN(CCOCCN1CCCC1)CCC(=O)OCCCCCCCCCCCCCC,0.5226432389658034
CCCCCCCCCCCCCCOC(=O)CCN(CCOCCOCCN(CCC(=O)OCCCCCCCCCCCCCC)CCC(=O)OCCCCCCCCCCCCCC)CCC(=O)OCCCCCCCCCCCCCC,0.6229604180245554
CCCCCCCCCCCCCCOC(=O)CCN(CCOCCOCCOCCN(CCC(=O)OCCCCCCCCCCCCCC)CCC(=O)OCCCCCCCCCCCCCC)CCC(=O)OCCCCCCCCCCCCCC,0.5745472886557356
CCCCCCCCCCCCCCOC(=O)CCN(c1ccccc1)c1ccc(-c2ccc(N(CCC(=O)OCCCCCCCCCCCCCC)c3ccccc3)cc2)cc1,0.14968635567290015
CCCCCCCCCCCCCCOC(=O)CCN1C(C)N(CCC(=O)OCCCCCCCCCCCCCC)C(C)N(CCC(=O)OCCCCCCCCCCCCCC)C1C,0.7547212965574361
CCCCCCCCCCCCCCOC(=O)CCN1CCC(N(CCC(=O)OCCCCCCCCCCCCCC)CCC(=O)OCCCCCCCCCCCCCC)CC1,0.6839263113365073
CCCCCCCCCCCCCCOC(=O)CCN1CCCCN(C)CCN(CCC(=O)OCCCCCCCCCCCCCC)CCCN(C)CC1,0.5941876571109891
CCCCCCCCCCCCCCOC(=O)CCN1CCCN(CCC(=O)OCCCCCCCCCCCCCC)CCCN(CCC(=O)OCCCCCCCCCCCCCC)CCC1,0.675738608177646
CCCCCCCCCCCCCCOC(=O)CCN1CCCN(CCC(=O)OCCCCCCCCCCCCCC)CCCN(CCC(=O)OCCCCCCCCCCCCCC)CCN(CCC(=O)OCCCCCCCCCCCCCC)CCC1,0.6952241017464921
CCCCCCCCCCCCCCOC(=O)CCN1CCCN(CCC(=O)OCCCCCCCCCCCCCC)CCN(CCC(=O)OCCCCCCCCCCCCCC)CCCN(CCC(=O)OCCCCCCCCCCCCCC)CC1,0.7151459529324093
CCCCCCCCCCCCCCOC(=O)CCN1CCCN(CCC(=O)OCCCCCCCCCCCCCC)CCN(CCC(=O)OCCCCCCCCCCCCCC)CCN(CCC(=O)OCCCCCCCCCCCCCC)CC1,0.7331499209391035
CCCCCCCCCCCCCCOC(=O)CCN1CCN(CCC(=O)OCCCCCCCCCCCCCC)C(c2ccccc2)C1,0.6157581419611867
CCCCCCCCCCCCCCOC(=O)CCN1CCN(CCC(=O)OCCCCCCCCCCCCCC)C2C1N(CCC(=O)OCCCCCCCCCCCCCC)CCN2CCC(=O)OCCCCCCCCCCCCCC,0.811368627181765
CCCCCCCCCCCCCCOC(=O)CCN1CCN(CCC(=O)OCCCCCCCCCCCCCC)CC1,0.753182880603728
CCCCCCCCCCCCCCOC(=O)CCN1CCN(CCC(=O)OCCCCCCCCCCCCCC)CCN(CCC(=O)OCCCCCCCCCCCCCC)CCN(CCC(=O)OCCCCCCCCCCCCCC)CC1,0.7531829399882702
CCCCCCCCCCCCCCOC(=O)CCN1CCN(CCC(=O)OCCCCCCCCCCCCCC)[C@H](C)C1,0.5447324477932898
CCCCCCCCCCCCCCOC(=O)CCN1CCOCCN(CCC(=O)OCCCCCCCCCCCCCC)CCN(CCC(=O)OCCCCCCCCCCCCCC)CC1,0.33383756906675155
CCCCCCCCCCCCCCOC(=O)CCN1CC[C@@H](N(CCC(=O)OCCCCCCCCCCCCCC)CCC(=O)OCCCCCCCCCCCCCC)C1,0.7808430127321219
CCCCCCCCCCCCCOC(=O)CCN(C)CCCCCCN(C)CCC(=O)OCCCCCCCCCCCCC,0.7887664546775963
CCCCCCCCCCCCCOC(=O)CCN(C)CCCN(CC)CCCN(C)CCC(=O)OCCCCCCCCCCCCC,0.7879446913807766
CCCCCCCCCCCCCOC(=O)CCN(C)CCN(CCN(C)CCC(=O)OCCCCCCCCCCCCC)CCN(C)CCC(=O)OCCCCCCCCCCCCC,0.809056965102324
CCCCCCCCCCCCCOC(=O)CCN(C)CCOCCN(C)CCC(=O)OCCCCCCCCCCCCC,0.5033186775066829
CCCCCCCCCCCCCOC(=O)CCN(C)CCOCCOCCN(C)CCC(=O)OCCCCCCCCCCCCC,0.43770249945362943
CCCCCCCCCCCCCOC(=O)CCN(C)c1ccc(Cc2ccc(N(CCC(=O)OCCCCCCCCCCCCC)CCC(=O)OCCCCCCCCCCCCC)cc2)cc1,0.4140152525919315
CCCCCCCCCCCCCOC(=O)CCN(C)c1ccccc1N(CCC(=O)OCCCCCCCCCCCCC)CCC(=O)OCCCCCCCCCCCCC,0.5224153804768674
CCCCCCCCCCCCCOC(=O)CCN(CC(C)N(CCC(=O)OCCCCCCCCCCCCC)CCC(=O)OCCCCCCCCCCCCC)CC(C)N(CCC(=O)OCCCCCCCCCCCCC)CCC(=O)OCCCCCCCCCCCCC,0.7953045740195
CCCCCCCCCCCCCOC(=O)CCN(CC)CCN(CCC(=O)OCCCCCCCCCCCCC)CCC(=O)OCCCCCCCCCCCCC,0.8013329364500076
CCCCCCCCCCCCCOC(=O)CCN(CCC(=O)OCCCCCCCCCCCCC)C(=O)C1CCCN1C,0.6962236623630602
CCCCCCCCCCCCCOC(=O)CCN(CCC(=O)OCCCCCCCCCCCCC)C(C)(C)C,0.5388774882263979
CCCCCCCCCCCCCOC(=O)CCN(CCC(=O)OCCCCCCCCCCCCC)C(C)(C)CC,0.5626397971496062
CCCCCCCCCCCCCOC(=O)CCN(CCC(=O)OCCCCCCCCCCCCC)C(C)(C)CC(C)(C)C,0.4967553494265583
CCCCCCCCCCCCCOC(=O)CCN(CCC(=O)OCCCCCCCCCCCCC)C(C)C,0.6748772947756316
CCCCCCCCCCCCCOC(=O)CCN(CCC(=O)OCCCCCCCCCCCCC)C(C)C(C)C,0.6317387598414721
CCCCCCCCCCCCCOC(=O)CCN(CCC(=O)OCCCCCCCCCCCCC)C(C)CC,0.6968819400148342
CCCCCCCCCCCCCOC(=O)CCN(CCC(=O)OCCCCCCCCCCCCC)C(C)CCC,0.7489393205930729
CCCCCCCCCCCCCOC(=O)CCN(CCC(=O)OCCCCCCCCCCCCC)C(C)CO,0.6406927611346132
CCCCCCCCCCCCCOC(=O)CCN(CCC(=O)OCCCCCCCCCCCCC)C(C)c1ccc(C)cc1,0.48138250264479165
CCCCCCCCCCCCCOC(=O)CCN(CCC(=O)OCCCCCCCCCCCCC)C(CC)CC,0.697341160680704
CCCCCCCCCCCCCOC(=O)CCN(CCC(=O)OCCCCCCCCCCCCC)C(CO)(CO)CO,0.36872438430541354
CCCCCCCCCCCCCOC(=O)CCN(CCC(=O)OCCCCCCCCCCCCC)C(CO)C(C)(C)C,0.4732162966902552
CCCCCCCCCCCCCOC(=O)CCN(CCC(=O)OCCCCCCCCCCCCC)C(c1ccccc1)(c1ccccc1)c1ccccc1,0.39233303572533224
CCCCCCCCCCCCCOC(=O)CCN(CCC(=O)OCCCCCCCCCCCCC)C(c1ccccc1)c1ccccc1,0.4761869193437069
CCCCCCCCCCCCCOC(=O)CCN(CCC(=O)OCCCCCCCCCCCCC)C12C[C@H]3C[C@@H](C1)C[C@@H](C2)C3,0.5199942726859047
CCCCCCCCCCCCCOC(=O)CCN(CCC(=O)OCCCCCCCCCCCCC)C1CC1,0.7020078355554897
CCCCCCCCCCCCCOC(=O)CCN(CCC(=O)OCCCCCCCCCCCCC)C1CC2CCC1C2,0.5938247581727851
CCCCCCCCCCCCCOC(=O)CCN(CCC(=O)OCCCCCCCCCCCCC)C1CCC(CC2CCC(N(CCC(=O)OCCCCCCCCCCCCC)CCC(=O)OCCCCCCCCCCCCC)C(C)C2)CC1C,0.6207244712365905
CCCCCCCCCCCCCOC(=O)CCN(CCC(=O)OCCCCCCCCCCCCC)C1CCC1,0.709471997450552
CCCCCCCCCCCCCOC(=O)CCN(CCC(=O)OCCCCCCCCCCCCC)C1CCCC(N(CCC(=O)OCCCCCCCCCCCCC)CCC(=O)OCCCCCCCCCCCCC)C1,0.7293711043567553
CCCCCCCCCCCCCOC(=O)CCN(CCC(=O)OCCCCCCCCCCCCC)C1CCCCC1,0.7081802055011576
CCCCCCCCCCCCCOC(=O)CCN(CCC(=O)OCCCCCCCCCCCCC)C1CCCCCCC1,0.6922680579981834
CCCCCCCCCCCCCOC(=O)CCN(CCC(=O)OCCCCCCCCCCCCC)C1CCN(C)CC1,0.6003740418086477
CCCCCCCCCCCCCOC(=O)CCN(CCC(=O)OCCCCCCCCCCCCC)C1CCc2ccccc21,0.5642330844204311
CCCCCCCCCCCCCOC(=O)CCN(CCC(=O)OCCCCCCCCCCCCC)C1Cc2ccccc2C1,0.5508467990410971
CCCCCCCCCCCCCOC(=O)CCN(CCC(=O)OCCCCCCCCCCCCC)CC(=O)N(C)c1ccccc1,0.5436191063936094
CCCCCCCCCCCCCOC(=O)CCN(CCC(=O)OCCCCCCCCCCCCC)CC(C)(C)CN(C)C,0.6313386267952247
CCCCCCCCCCCCCOC(=O)CCN(CCC(=O)OCCCCCCCCCCCCC)CC(C)C,0.7223707357373227
CCCCCCCCCCCCCOC(=O)CCN(CCC(=O)OCCCCCCCCCCCCC)CC(C)CC,0.7543195007440033
CCCCCCCCCCCCCOC(=O)CCN(CCC(=O)OCCCCCCCCCCCCC)CC(C)N(CCC(=O)OCCCCCCCCCCCCC)CCC(=O)OCCCCCCCCCCCCC,0.7959389790852557
CCCCCCCCCCCCCOC(=O)CCN(CCC(=O)OCCCCCCCCCCCCC)CC(CC)CCCC,0.8090422971203675
CCCCCCCCCCCCCOC(=O)CCN(CCC(=O)OCCCCCCCCCCCCC)CC1(C)CC(N(CCC(=O)OCCCCCCCCCCCCC)CCC(=O)OCCCCCCCCCCCCC)CC(C)(C)C1,0.5843338612324012
CCCCCCCCCCCCCOC(=O)CCN(CCC(=O)OCCCCCCCCCCCCC)CC12C[C@H]3C[C@@H](C1)C[C@@H](C2)C3,0.5388957786654369
CCCCCCCCCCCCCOC(=O)CCN(CCC(=O)OCCCCCCCCCCCCC)CC1CCC(CN(CCC(=O)OCCCCCCCCCCCCC)CCC(=O)OCCCCCCCCCCCCC)CC1,0.7127335746691698
CCCCCCCCCCCCCOC(=O)CCN(CCC(=O)OCCCCCCCCCCCCC)CC1CCCC(CN(CCC(=O)OCCCCCCCCCCCCC)CCC(=O)OCCCCCCCCCCCCC)C1,0.7540244783376874
CCCCCCCCCCCCCOC(=O)CCN(CCC(=O)OCCCCCCCCCCCCC)CC1CCCCC1,0.7179227147474112
CCCCCCCCCCCCCOC(=O)CCN(CCC(=O)OCCCCCCCCCCCCC)CC1CCCN1C,0.7085760628603569
CCCCCCCCCCCCCOC(=O)CCN(CCC(=O)OCCCCCCCCCCCCC)CC1CCCN1CCC(=O)OCCCCCCCCCCCCC,0.7670761318209685
CCCCCCCCCCCCCOC(=O)CCN(CCC(=O)OCCCCCCCCCCCCC)CC1CCN(C)CC1,0.6037230330735813
CCCCCCCCCCCCCOC(=O)CCN(CCC(=O)OCCCCCCCCCCCCC)CCC(=O)N1CCN(CCC(=O)OCCCCCCCCCCCCC)CC1,0.7560991367086727
CCCCCCCCCCCCCOC(=O)CCN(CCC(=O)OCCCCCCCCCCCCC)CCC(C)(C)C,0.6799214771860355
CCCCCCCCCCCCCOC(=O)CCN(CCC(=O)OCCCCCCCCCCCCC)CCC(C)C,0.7793842908342262
CCCCCCCCCCCCCOC(=O)CCN(CCC(=O)OCCCCCCCCCCCCC)CCC(c1ccccc1)c1ccccc1,0.47778421507113933
CCCCCCCCCCCCCOC(=O)CCN(CCC(=O)OCCCCCCCCCCCCC)CCC1CCC(C)CC1,0.6538912725910866
CCCCCCCCCCCCCOC(=O)CCN(CCC(=O)OCCCCCCCCCCCCC)CCC1CCC(CC)CC1,0.6523826082930878
CCCCCCCCCCCCCOC(=O)CCN(CCC(=O)OCCCCCCCCCCCCC)CCN(C(C)C)C(C)C,0.6503895442832696
CCCCCCCCCCCCCOC(=O)CCN(CCC(=O)OCCCCCCCCCCCCC)CCN(C)C,0.7588106349116494
CCCCCCCCCCCCCOC(=O)CCN(CCC(=O)OCCCCCCCCCCCCC)CCN(C)CCCN(C)CCN(CCC(=O)OCCCCCCCCCCCCC)CCC(=O)OCCCCCCCCCCCCC,0.8181729080424103
CCCCCCCCCCCCCOC(=O)CCN(CCC(=O)OCCCCCCCCCCCCC)CCN(C)CCN(C)CCN(CCC(=O)OCCCCCCCCCCCCC)CCC(=O)OCCCCCCCCCCCCC,0.8182232067497672
CCCCCCCCCCCCCOC(=O)CCN(CCC(=O)OCCCCCCCCCCCCC)CCN(C)CCN(CCC(=O)OCCCCCCCCCCCCC)CCC(=O)OCCCCCCCCCCCCC,0.8164360883327638
CCCCCCCCCCCCCOC(=O)CCN(CCC(=O)OCCCCCCCCCCCCC)CCN(C)CCN(CCC)CCN(CCC(=O)OCCCCCCCCCCCCC)CCC(=O)OCCCCCCCCCCCCC,0.8189518550842071
CCCCCCCCCCCCCOC(=O)CCN(CCC(=O)OCCCCCCCCCCCCC)CCN(C)CCN(CCCCC)CCN(CCC(=O)OCCCCCCCCCCCCC)CCC(=O)OCCCCCCCCCCCCC,0.8199172102043909
CCCCCCCCCCCCCOC(=O)CCN(CCC(=O)OCCCCCCCCCCCCC)CCN(C)CCN(CCN(C)CCN(CCC(=O)OCCCCCCCCCCCCC)CCC(=O)OCCCCCCCCCCCCC)CCN(C)CCN(CCC(=O)OCCCCCCCCCCCCC)CCC(=O)OCCCCCCCCCCCCC,0.8208160546371603
CCCCCCCCCCCCCOC(=O)CCN(CCC(=O)OCCCCCCCCCCCCC)CCN(C)CCN(CCN(CCC(=O)OCCCCCCCCCCCCC)CCC(=O)OCCCCCCCCCCCCC)C1CCCCC1,0.7928916612953795
CCCCCCCCCCCCCOC(=O)CCN(CCC(=O)OCCCCCCCCCCCCC)CCN(CC)CCCN(CC)CCN(CCC(=O)OCCCCCCCCCCCCC)CCC(=O)OCCCCCCCCCCCCC,0.8160233063789992
CCCCCCCCCCCCCOC(=O)CCN(CCC(=O)OCCCCCCCCCCCCC)CCN(CC)CCN(CC)CCN(CC)CCN(CCC(=O)OCCCCCCCCCCCCC)CCC(=O)OCCCCCCCCCCCCC,0.8090518580316833
CCCCCCCCCCCCCOC(=O)CCN(CCC(=O)OCCCCCCCCCCCCC)CCN(CC)CCN(CC)CCN(CCC(=O)OCCCCCCCCCCCCC)CCC(=O)OCCCCCCCCCCCCC,0.8119109862069026
CCCCCCCCCCCCCOC(=O)CCN(CCC(=O)OCCCCCCCCCCCCC)CCN(CCC(=O)OCCCCCCCCCCCCC)C(C)C,0.7603880071251287
CCCCCCCCCCCCCOC(=O)CCN(CCC(=O)OCCCCCCCCCCCCC)CCN(CCC(=O)OCCCCCCCCCCCCC)CCN(CC)CC,0.7858911739068621
CCCCCCCCCCCCCOC(=O)CCN(CCC(=O)OCCCCCCCCCCCCC)CCN(CCC(=O)OCCCCCCCCCCCCC)CCN(CCC(=O)OCCCCCCCCCCCCC)CCC(=O)OCCCCCCCCCCCCC,0.8166514760678097
CCCCCCCCCCCCCOC(=O)CCN(CCC(=O)OCCCCCCCCCCCCC)CCN(CCC(=O)OCCCCCCCCCCCCC)CCN(CCC(=O)OCCCCCCCCCCCCC)CCN(CCC(=O)OCCCCCCCCCCCCC)CCN(CCC(=O)OCCCCCCCCCCCCC)CCC(=O)OCCCCCCCCCCCCC,0.8182273636677306
CCCCCCCCCCCCCOC(=O)CCN(CCC(=O)OCCCCCCCCCCCCC)CCN(CCC(=O)OCCCCCCCCCCCCC)CCN(CCC(=O)OCCCCCCCCCCCCC)CCN(CCC(=O)OCCCCCCCCCCCCC)CCN(CCC(=O)OCCCCCCCCCCCCC)CCN(CCC(=O)OCCCCCCCCCCCCC)CCC(=O)OCCCCCCCCCCCCC,0.8187023212373191
CCCCCCCCCCCCCOC(=O)CCN(CCC(=O)OCCCCCCCCCCCCC)CCN(CCC(=O)OCCCCCCCCCCCCC)CCN1CCN(CCN(CCC(=O)OCCCCCCCCCCCCC)CCC(=O)OCCCCCCCCCCCCC)CC1,0.816055255262775
CCCCCCCCCCCCCOC(=O)CCN(CCC(=O)OCCCCCCCCCCCCC)CCN(CCC(=O)OCCCCCCCCCCCCC)Cc1ccccc1,0.6863921356878476
CCCCCCCCCCCCCOC(=O)CCN(CCC(=O)OCCCCCCCCCCCCC)CCN(CCC(=O)OCCCCCCCCCCCCC)c1ccccc1,0.6388644892297721
CCCCCCCCCCCCCOC(=O)CCN(CCC(=O)OCCCCCCCCCCCCC)CCN(CCC)CCN(CCC)CCN(CCC(=O)OCCCCCCCCCCCCC)CCC(=O)OCCCCCCCCCCCCC,0.8195011621007979
CCCCCCCCCCCCCOC(=O)CCN(CCC(=O)OCCCCCCCCCCCCC)CCN(CCCCCCCCCCCC)CCN(CCC(=O)OCCCCCCCCCCCCC)CCC(=O)OCCCCCCCCCCCCC,0.8176967033974328
CCCCCCCCCCCCCOC(=O)CCN(CCC(=O)OCCCCCCCCCCCCC)CCN(CCN(CCC(=O)OCCCCCCCCCCCCC)CCC(=O)OCCCCCCCCCCCCC)CCN(CCC(=O)OCCCCCCCCCCCCC)CCC(=O)OCCCCCCCCCCCCC,0.8173082097214829
CCCCCCCCCCCCCOC(=O)CCN(CCC(=O)OCCCCCCCCCCCCC)CCN(CCN(CCN(CCC(=O)OCCCCCCCCCCCCC)CCC(=O)OCCCCCCCCCCCCC)C1CCCCC1)C(C)CC,0.7871364083750667
CCCCCCCCCCCCCOC(=O)CCN(CCC(=O)OCCCCCCCCCCCCC)CCN1CCN(CCC(=O)OCCCCCCCCCCCCC)CC1,0.7926705132597271
CCCCCCCCCCCCCOC(=O)CCN(CCC(=O)OCCCCCCCCCCCCC)CCN1CCN(CCN(CCC(=O)OCCCCCCCCCCCCC)CCC(=O)OCCCCCCCCCCCCC)CC1,0.8125253786818916
CCCCCCCCCCCCCOC(=O)CCN(CCC(=O)OCCCCCCCCCCCCC)CC[C@H](C)O,0.5377330293265344
CCCCCCCCCCCCCOC(=O)CCN(CCC(=O)OCCCCCCCCCCCCC)CCc1ccc(OC)cc1,0.5025218557176434
CCCCCCCCCCCCCOC(=O)CCN(CCC(=O)OCCCCCCCCCCCCC)CCc1ccccc1F,0.620761170883753
CCCCCCCCCCCCCOC(=O)CCN(CCC(=O)OCCCCCCCCCCCCC)CN(CC)CCC,0.739209935330675
CCCCCCCCCCCCCOC(=O)CCN(CCC(=O)OCCCCCCCCCCCCC)C[C@@H](C)O,0.6872122362174821
CCCCCCCCCCCCCOC(=O)CCN(CCC(=O)OCCCCCCCCCCCCC)C[C@@H]1CCCN1CC,0.5708289255374835
CCCCCCCCCCCCCOC(=O)CCN(CCC(=O)OCCCCCCCCCCCCC)C[C@H]1CCCN1CC,0.7422049947232972
CCCCCCCCCCCCCOC(=O)CCN(CCC(=O)OCCCCCCCCCCCCC)Cc1cc(C)c(OC)c(OC)c1,0.3104182652600653
CCCCCCCCCCCCCOC(=O)CCN(CCC(=O)OCCCCCCCCCCCCC)Cc1cc(F)ccc1F,0.607356773219007
CCCCCCCCCCCCCOC(=O)CCN(CCC(=O)OCCCCCCCCCCCCC)Cc1cccc(CN(CCC(=O)OCCCCCCCCCCCCC)CCC(=O)OCCCCCCCCCCCCC)c1,0.6920041530920505
CCCCCCCCCCCCCOC(=O)CCN(CCC(=O)OCCCCCCCCCCCCC)Cc1cccc(F)c1,0.5963914174770089
CCCCCCCCCCCCCOC(=O)CCN(CCC(=O)OCCCCCCCCCCCCC)Cc1cccc(N(CCC(=O)OCCCCCCCCCCCCC)CCC(=O)OCCCCCCCCCCCCC)c1,0.6448870913596731
CCCCCCCCCCCCCOC(=O)CCN(CCC(=O)OCCCCCCCCCCCCC)Cc1ccccc1F,0.6155849766357403
CCCCCCCCCCCCCOC(=O)CCN(CCC(=O)OCCCCCCCCCCCCC)Cc1ccccc1N(CCC(=O)OCCCCCCCCCCCCC)CCC(=O)OCCCCCCCCCCCCC,0.6659925952433945
CCCCCCCCCCCCCOC(=O)CCN(CCC(=O)OCCCCCCCCCCCCC)Cc1ccccc1OC,0.5109818370031068
CCCCCCCCCCCCCOC(=O)CCN(CCC(=O)OCCCCCCCCCCCCC)Cc1ccccc1OCC,0.5548706362451158
CCCCCCCCCCCCCOC(=O)CCN(CCC(=O)OCCCCCCCCCCCCC)Cc1nccn1C,0.4827729323190031
CCCCCCCCCCCCCOC(=O)CCN(CCC(=O)OCCCCCCCCCCCCC)[C@@H](CO)CC(C)C,0.7467942321548793
CCCCCCCCCCCCCOC(=O)CCN(CCC(=O)OCCCCCCCCCCCCC)[C@H]1CCCC[C@H]1N(CCC(=O)OCCCCCCCCCCCCC)CCC(=O)OCCCCCCCCCCCCC,0.8068461973603088
CCCCCCCCCCCCCOC(=O)CCN(CCC(=O)OCCCCCCCCCCCCC)[C@@H]1CCCC[C@H]1N(CCC(=O)OCCCCCCCCCCCCC)CCC(=O)OCCCCCCCCCCCCC,0.738052055524244
CCCCCCCCCCCCCOC(=O)CCN(CCC(=O)OCCCCCCCCCCCCC)[C@@H](c1ccccc1)[C@@H](c1ccccc1)N(CCC(=O)OCCCCCCCCCCCCC)CCC(=O)OCCCCCCCCCCCCC,0.6475420554783478
CCCCCCCCCCCCCOC(=O)CCN(CCC(=O)OCCCCCCCCCCCCC)[C@H]1CC[C@H](N(CCC(=O)OCCCCCCCCCCCCC)CCC(=O)OCCCCCCCCCCCCC)CC1,0.5594548259905995
CCCCCCCCCCCCCOC(=O)CCN(CCC(=O)OCCCCCCCCCCCCC)c1c(-c2ccccc2)cc(-c2ccccc2)cc1-c1ccccc1,0.1286417209450713
CCCCCCCCCCCCCOC(=O)CCN(CCC(=O)OCCCCCCCCCCCCC)c1c(C)c(C)c(N(CCC(=O)OCCCCCCCCCCCCC)CCC(=O)OCCCCCCCCCCCCC)c(C)c1C,0.4546468096869132
CCCCCCCCCCCCCOC(=O)CCN(CCC(=O)OCCCCCCCCCCCCC)c1c(C)cc(-c2cc(C)c(N(CCC(=O)OCCCCCCCCCCCCC)CCC(=O)OCCCCCCCCCCCCC)c(C)c2)cc1C,0.36712120950829
CCCCCCCCCCCCCOC(=O)CCN(CCC(=O)OCCCCCCCCCCCCC)c1c(CC)cccc1CC,0.4779737705302699
CCCCCCCCCCCCCOC(=O)CCN(CCC(=O)OCCCCCCCCCCCCC)c1c(F)cc(F)cc1F,0.5619808662678666
CCCCCCCCCCCCCOC(=O)CCN(CCC(=O)OCCCCCCCCCCCCC)c1c(N(CCC(=O)OCCCCCCCCCCCCC)CCC(=O)OCCCCCCCCCCCCC)c2ccccc2c2ccccc12,0.40237730752345685
CCCCCCCCCCCCCOC(=O)CCN(CCC(=O)OCCCCCCCCCCCCC)c1cc(C(C)(C)C)ccc1C(C)(C)C,0.18024112793282923
CCCCCCCCCCCCCOC(=O)CCN(CCC(=O)OCCCCCCCCCCCCC)c1cc(C(C)(C)C)ccc1OC,0.25549166113441035
CCCCCCCCCCCCCOC(=O)CCN(CCC(=O)OCCCCCCCCCCCCC)c1cc(C)c(C)cc1N(CCC(=O)OCCCCCCCCCCCCC)CCC(=O)OCCCCCCCCCCCCC,0.5217575779014322
CCCCCCCCCCCCCOC(=O)CCN(CCC(=O)OCCCCCCCCCCCCC)c1cc(F)c(F)c(F)c1,0.5238527239395229
CCCCCCCCCCCCCOC(=O)CCN(CCC(=O)OCCCCCCCCCCCCC)c1cc(F)cc(F)c1,0.5013349368700111
CCCCCCCCCCCCCOC(=O)CCN(CCC(=O)OCCCCCCCCCCCCC)c1cc(F)ccc1F,0.5257644311263433
CCCCCCCCCCCCCOC(=O)CCN(CCC(=O)OCCCCCCCCCCCCC)c1cc(OC)ccc1OC,0.3381749863465657
CCCCCCCCCCCCCOC(=O)CCN(CCC(=O)OCCCCCCCCCCCCC)c1ccc(-c2ccc(N(CCC(=O)OCCCCCCCCCCCCC)CCC(=O)OCCCCCCCCCCCCC)c(C)c2)cc1C,0.4127901494835783
CCCCCCCCCCCCCOC(=O)CCN(CCC(=O)OCCCCCCCCCCCCC)c1ccc(-c2ccc(N(CCC(=O)OCCCCCCCCCCCCC)CCC(=O)OCCCCCCCCCCCCC)c(N(CCC(=O)OCCCCCCCCCCCCC)CCC(=O)OCCCCCCCCCCCCC)c2)cc1N(CCC(=O)OCCCCCCCCCCCCC)CCC(=O)OCCCCCCCCCCCCC,0.5682198656700334
CCCCCCCCCCCCCOC(=O)CCN(CCC(=O)OCCCCCCCCCCCCC)c1ccc(-c2ccccc2)cc1,0.3168801645418831
CCCCCCCCCCCCCOC(=O)CCN(CCC(=O)OCCCCCCCCCCCCC)c1ccc(C(C)(C)C)cc1,0.3317354750372078
CCCCCCCCCCCCCOC(=O)CCN(CCC(=O)OCCCCCCCCCCCCC)c1ccc(C(C)C)cc1,0.43318487978010234
CCCCCCCCCCCCCOC(=O)CCN(CCC(=O)OCCCCCCCCCCCCC)c1ccc(C)c(F)c1,0.4579708891363376
CCCCCCCCCCCCCOC(=O)CCN(CCC(=O)OCCCCCCCCCCCCC)c1ccc(C)c(N(CCC(=O)OCCCCCCCCCCCCC)CCC(=O)OCCCCCCCCCCCCC)c1,0.5620212477566539
CCCCCCCCCCCCCOC(=O)CCN(CCC(=O)OCCCCCCCCCCCCC)c1ccc(C)cc1N(CCC(=O)OCCCCCCCCCCCCC)CCC(=O)OCCCCCCCCCCCCC,0.5698460519773113
CCCCCCCCCCCCCOC(=O)CCN(CCC(=O)OCCCCCCCCCCCCC)c1ccc(C2(c3ccc(N(CCC(=O)OCCCCCCCCCCCCC)CCC(=O)OCCCCCCCCCCCCC)cc3)c3ccccc3-c3ccccc32)cc1,0.3801739912978755
CCCCCCCCCCCCCOC(=O)CCN(CCC(=O)OCCCCCCCCCCCCC)c1ccc(Cc2ccc(N(CCC(=O)OCCCCCCCCCCCCC)CCC(=O)OCCCCCCCCCCCCC)cc2)cc1,0.49919655888510117
CCCCCCCCCCCCCOC(=O)CCN(CCC(=O)OCCCCCCCCCCCCC)c1ccc(F)c(F)c1,0.5180905230277569
CCCCCCCCCCCCCOC(=O)CCN(CCC(=O)OCCCCCCCCCCCCC)c1ccc(F)cc1,0.5103935737267449
CCCCCCCCCCCCCOC(=O)CCN(CCC(=O)OCCCCCCCCCCCCC)c1ccc(F)cc1C(F)(F)F,0.5850209997717495
CCCCCCCCCCCCCOC(=O)CCN(CCC(=O)OCCCCCCCCCCCCC)c1ccc(N(CCC(=O)OCCCCCCCCCCCCC)CCC(=O)OCCCCCCCCCCCCC)cc1,0.6012432533547925
CCCCCCCCCCCCCOC(=O)CCN(CCC(=O)OCCCCCCCCCCCCC)c1ccc(N(CCC(=O)OCCCCCCCCCCCCC)c2ccccc2)cc1,0.4333183465389983
CCCCCCCCCCCCCOC(=O)CCN(CCC(=O)OCCCCCCCCCCCCC)c1ccc(OC(F)(F)F)cc1,0.5102458843699599
CCCCCCCCCCCCCOC(=O)CCN(CCC(=O)OCCCCCCCCCCCCC)c1ccc(OC(F)F)cc1,0.5092406228373276
CCCCCCCCCCCCCOC(=O)CCN(CCC(=O)OCCCCCCCCCCCCC)c1ccc(OC)c(F)c1,0.4290496965592071
CCCCCCCCCCCCCOC(=O)CCN(CCC(=O)OCCCCCCCCCCCCC)c1ccc(OCCCCCCCC)cc1,0.5470587778546873
CCCCCCCCCCCCCOC(=O)CCN(CCC(=O)OCCCCCCCCCCCCC)c1ccc(Oc2ccc(F)cc2)cc1,0.34299647672321654
CCCCCCCCCCCCCOC(=O)CCN(CCC(=O)OCCCCCCCCCCCCC)c1ccc(Oc2ccc(N(CCC(=O)OCCCCCCCCCCCCC)CCC(=O)OCCCCCCCCCCCCC)cc2)cc1,0.48012405511591777
CCCCCCCCCCCCCOC(=O)CCN(CCC(=O)OCCCCCCCCCCCCC)c1ccc(Oc2ccccc2)cc1,0.3495495015852461
CCCCCCCCCCCCCOC(=O)CCN(CCC(=O)OCCCCCCCCCCCCC)c1ccc2c(c1)CCCC2,0.46646997514292804
CCCCCCCCCCCCCOC(=O)CCN(CCC(=O)OCCCCCCCCCCCCC)c1ccc2c(c1)Cc1cc(N(CCC(=O)OCCCCCCCCCCCCC)CCC(=O)OCCCCCCCCCCCCC)ccc1-2,0.45663939862039277
CCCCCCCCCCCCCOC(=O)CCN(CCC(=O)OCCCCCCCCCCCCC)c1ccc2c(c1)OCCO2,0.2533071413601068
CCCCCCCCCCCCCOC(=O)CCN(CCC(=O)OCCCCCCCCCCCCC)c1ccc2c(c1)OCO2,0.16016374863053878
CCCCCCCCCCCCCOC(=O)CCN(CCC(=O)OCCCCCCCCCCCCC)c1ccc2cc3ccccc3cc2c1,0.1491607430887007
CCCCCCCCCCCCCOC(=O)CCN(CCC(=O)OCCCCCCCCCCCCC)c1ccc2ccccc2c1-c1c(N(CCC(=O)OCCCCCCCCCCCCC)CCC(=O)OCCCCCCCCCCCCC)ccc2ccccc12,0.3013592424038063
CCCCCCCCCCCCCOC(=O)CCN(CCC(=O)OCCCCCCCCCCCCC)c1cccc(-c2ccccc2)c1,0.31399980639277936
CCCCCCCCCCCCCOC(=O)CCN(CCC(=O)OCCCCCCCCCCCCC)c1cccc(C(F)(F)F)c1,0.5557164502815809
CCCCCCCCCCCCCOC(=O)CCN(CCC(=O)OCCCCCCCCCCCCC)c1cccc(C)c1N(CCC(=O)OCCCCCCCCCCCCC)CCC(=O)OCCCCCCCCCCCCC,0.580179318650705
CCCCCCCCCCCCCOC(=O)CCN(CCC(=O)OCCCCCCCCCCCCC)c1cccc(F)c1,0.5117577554332446
CCCCCCCCCCCCCOC(=O)CCN(CCC(=O)OCCCCCCCCCCCCC)c1cccc(N(CCC(=O)OCCCCCCCCCCCCC)CCC(=O)OCCCCCCCCCCCCC)c1,0.5972274330639888
CCCCCCCCCCCCCOC(=O)CCN(CCC(=O)OCCCCCCCCCCCCC)c1cccc(N(CCC(=O)OCCCCCCCCCCCCC)CCC(=O)OCCCCCCCCCCCCC)c1C,0.5693714507149769
CCCCCCCCCCCCCOC(=O)CCN(CCC(=O)OCCCCCCCCCCCCC)c1cccc(OC(C)C)c1,0.4432980079550634
CCCCCCCCCCCCCOC(=O)CCN(CCC(=O)OCCCCCCCCCCCCC)c1cccc(OCc2ccccc2)c1,0.3431106435058539
CCCCCCCCCCCCCOC(=O)CCN(CCC(=O)OCCCCCCCCCCCCC)c1cccc2c1CCC2,0.4965169798736291
CCCCCCCCCCCCCOC(=O)CCN(CCC(=O)OCCCCCCCCCCCCC)c1cccc2cccc(N(CCC(=O)OCCCCCCCCCCCCC)CCC(=O)OCCCCCCCCCCCCC)c12,0.48270027533145726
CCCCCCCCCCCCCOC(=O)CCN(CCC(=O)OCCCCCCCCCCCCC)c1ccccc1C(C)(C)C,0.3359050716003857
CCCCCCCCCCCCCOC(=O)CCN(CCC(=O)OCCCCCCCCCCCCC)c1ccccc1C(C)C,0.44732122162138765
CCCCCCCCCCCCCOC(=O)CCN(CCC(=O)OCCCCCCCCCCCCC)c1ccccc1Cc1ccccc1,0.40409634156267427
CCCCCCCCCCCCCOC(=O)CCN(CCC(=O)OCCCCCCCCCCCCC)c1ccccc1N(CCC(=O)OCCCCCCCCCCCCC)c1ccccc1,0.4390925728205869
CCCCCCCCCCCCCOC(=O)CCN(CCC(=O)OCCCCCCCCCCCCC)c1ccccc1OC,0.43294698530351183
CCCCCCCCCCCCCOC(=O)CCN(CCC(=O)OCCCCCCCCCCCCC)c1ccccc1OCC,0.47550984648428424
CCCCCCCCCCCCCOC(=O)CCN(CCC(=O)OCCCCCCCCCCCCC)c1ccccc1Oc1ccccc1,0.35872506660583586
CCCCCCCCCCCCCOC(=O)CCN(CCC(=O)OCCCCCCCCCCCCC)c1nc(N(CCC(=O)OCCCCCCCCCCCCC)CCC(=O)OCCCCCCCCCCCCC)nc(N(CCC(=O)OCCCCCCCCCCCCC)CCC(=O)OCCCCCCCCCCCCC)n1,0.7248170225742351
CCCCCCCCCCCCCOC(=O)CCN(CCC)CCC(=O)OCCCCCCCCCCCCC,0.7428541271555517
CCCCCCCCCCCCCOC(=O)CCN(CCC)CCCN(CCC(=O)OCCCCCCCCCCCCC)CCC(=O)OCCCCCCCCCCCCC,0.804685787710193
CCCCCCCCCCCCCOC(=O)CCN(CCCC)CCC(=O)OCCCCCCCCCCCCC,0.7995461743402581
CCCCCCCCCCCCCOC(=O)CCN(CCCCC)CCC(=O)OCCCCCCCCCCCCC,0.8119095609778866
CCCCCCCCCCCCCOC(=O)CCN(CCCCCC)CCC(=O)OCCCCCCCCCCCCC,0.8149075302130832
CCCCCCCCCCCCCOC(=O)CCN(CCCCCCCCN(CCC(=O)OCCCCCCCCCCCCC)CCC(=O)OCCCCCCCCCCCCC)CCC(=O)OCCCCCCCCCCCCC,0.813764734080405
CCCCCCCCCCCCCOC(=O)CCN(CCCCCCN(CCC(=O)OCCCCCCCCCCCCC)CCC(=O)OCCCCCCCCCCCCC)CCCCCCN(CCC(=O)OCCCCCCCCCCCCC)CCC(=O)OCCCCCCCCCCCCC,0.814330253077053
CCCCCCCCCCCCCOC(=O)CCN(CCCCN(C)Cc1ccccc1)CCC(=O)OCCCCCCCCCCCCC,0.6241101621486866
CCCCCCCCCCCCCOC(=O)CCN(CCCCN1CCN(C)CC1)CCC(=O)OCCCCCCCCCCCCC,0.7564992697549201
CCCCCCCCCCCCCOC(=O)CCN(CCCCc1ccccc1)CCC(=O)OCCCCCCCCCCCCC,0.6387081297298063
CCCCCCCCCCCCCOC(=O)CCN(CCCN(C)C)CCCN(CCC(=O)OCCCCCCCCCCCCC)CCC(=O)OCCCCCCCCCCCCC,0.7857250159574113
CCCCCCCCCCCCCOC(=O)CCN(CCCN(C)CCCN(CCC(=O)OCCCCCCCCCCCCC)CCC(=O)OCCCCCCCCCCCCC)CCC(=O)OCCCCCCCCCCCCC,0.8159538264644682
CCCCCCCCCCCCCOC(=O)CCN(CCCN(CCC(=O)OCCCCCCCCCCCCC)CCC(=O)OCCCCCCCCCCCCC)CCCN(CCC(=O)OCCCCCCCCCCCCC)CCC(=O)OCCCCCCCCCCCCC,0.8148460672117673
CCCCCCCCCCCCCOC(=O)CCN(CCCN(CCC(=O)OCCCCCCCCCCCCC)CCN(CCC(=O)OCCCCCCCCCCCCC)CCC(=O)OCCCCCCCCCCCCC)CCC(=O)OCCCCCCCCCCCCC,0.8158001986534499
CCCCCCCCCCCCCOC(=O)CCN(CCCN(CCC(=O)OCCCCCCCCCCCCC)CCN(CCC(=O)OCCCCCCCCCCCCC)CCC(=O)OCCCCCCCCCCCCC)CCN(CCC(=O)OCCCCCCCCCCCCC)CCC(=O)OCCCCCCCCCCCCC,0.8169792193569518
CCCCCCCCCCCCCOC(=O)CCN(CCCN(CCCN(CCC(=O)OCCCCCCCCCCCCC)CCC(=O)OCCCCCCCCCCCCC)CCC(=O)OCCCCCCCCCCCCC)CCCN(CCC(=O)OCCCCCCCCCCCCC)CCC(=O)OCCCCCCCCCCCCC,0.8153987591472711
CCCCCCCCCCCCCOC(=O)CCN(CCCN1CCN(C(C)C)CC1)CCC(=O)OCCCCCCCCCCCCC,0.7049891771188327
CCCCCCCCCCCCCOC(=O)CCN(CCCN1CCN(CCCN(CCC(=O)OCCCCCCCCCCCCC)CCC(=O)OCCCCCCCCCCCCC)CC1)CCC(=O)OCCCCCCCCCCCCC,0.8181175616489549
CCCCCCCCCCCCCOC(=O)CCN(CCCOC(C)C)CCC(=O)OCCCCCCCCCCCCC,0.6920195930730574
CCCCCCCCCCCCCOC(=O)CCN(CCCOCCCCOCCCN(CCC(=O)OCCCCCCCCCCCCC)CCC(=O)OCCCCCCCCCCCCC)CCC(=O)OCCCCCCCCCCCCC,0.6986500553782907
CCCCCCCCCCCCCOC(=O)CCN(CCCOCCOCCOCCCN(CCC(=O)OCCCCCCCCCCCCC)CCC(=O)OCCCCCCCCCCCCC)CCC(=O)OCCCCCCCCCCCCC,0.6386998752784219
CCCCCCCCCCCCCOC(=O)CCN(CCCc1ccccc1)CCC(=O)OCCCCCCCCCCCCC,0.6331257452122282
CCCCCCCCCCCCCOC(=O)CCN(CCN(CCC(=O)OCCCCCCCCCCCCC)C(C)(C)C)C(C)(C)C,0.436522677058806
CCCCCCCCCCCCCOC(=O)CCN(CCO)CCC(=O)OCCCCCCCCCCCCC,0.6647370278648239
CCCCCCCCCCCCCOC(=O)CCN(CCOCCN1CCCC1)CCC(=O)OCCCCCCCCCCCCC,0.5122418582223525
CCCCCCCCCCCCCOC(=O)CCN(CCOCCOCCN(CCC(=O)OCCCCCCCCCCCCC)CCC(=O)OCCCCCCCCCCCCC)CCC(=O)OCCCCCCCCCCCCC,0.6144703287761286
CCCCCCCCCCCCCOC(=O)CCN(CCOCCOCCOCCN(CCC(=O)OCCCCCCCCCCCCC)CCC(=O)OCCCCCCCCCCCCC)CCC(=O)OCCCCCCCCCCCCC,0.5639758305830396
CCCCCCCCCCCCCOC(=O)CCN(c1ccccc1)c1ccc(-c2ccc(N(CCC(=O)OCCCCCCCCCCCCC)c3ccccc3)cc2)cc1,0.14134140224593797
CCCCCCCCCCCCCOC(=O)CCN1C(C)N(CCC(=O)OCCCCCCCCCCCCC)C(C)N(CCC(=O)OCCCCCCCCCCCCC)C1C,0.7515211229555918
CCCCCCCCCCCCCOC(=O)CCN1CCC(N(CCC(=O)OCCCCCCCCCCCCC)CCC(=O)OCCCCCCCCCCCCC)CC1,0.6781035381915606
CCCCCCCCCCCCCOC(=O)CCN1CCCCN(C)CCN(CCC(=O)OCCCCCCCCCCCCC)CCCN(C)CC1,0.5868106717240733
CCCCCCCCCCCCCOC(=O)CCN1CCCN(CCC(=O)OCCCCCCCCCCCCC)CCCN(CCC(=O)OCCCCCCCCCCCCC)CCC1,0.6703029628641755
CCCCCCCCCCCCCOC(=O)CCN1CCCN(CCC(=O)OCCCCCCCCCCCCC)CCCN(CCC(=O)OCCCCCCCCCCCCC)CCN(CCC(=O)OCCCCCCCCCCCCC)CCC1,0.6904340851772783
CCCCCCCCCCCCCOC(=O)CCN1CCCN(CCC(=O)OCCCCCCCCCCCCC)CCN(CCC(=O)OCCCCCCCCCCCCC)CCCN(CCC(=O)OCCCCCCCCCCCCC)CC1,0.7112421912729903
CCCCCCCCCCCCCOC(=O)CCN1CCCN(CCC(=O)OCCCCCCCCCCCCC)CCN(CCC(=O)OCCCCCCCCCCCCC)CCN(CCC(=O)OCCCCCCCCCCCCC)CC1,0.7300167331010121
CCCCCCCCCCCCCOC(=O)CCN1CCN(CCC(=O)OCCCCCCCCCCCCC)C(c2ccccc2)C1,0.6082559739590306
CCCCCCCCCCCCCOC(=O)CCN1CCN(CCC(=O)OCCCCCCCCCCCCC)C2C1N(CCC(=O)OCCCCCCCCCCCCC)CCN2CCC(=O)OCCCCCCCCCCCCC,0.8115164353076346
CCCCCCCCCCCCCOC(=O)CCN1CCN(CCC(=O)OCCCCCCCCCCCCC)CC1,0.7499485015054992
CCCCCCCCCCCCCOC(=O)CCN1CCN(CCC(=O)OCCCCCCCCCCCCC)CCN(CCC(=O)OCCCCCCCCCCCCC)CCN(CCC(=O)OCCCCCCCCCCCCC)CC1,0.7499485015054992
CCCCCCCCCCCCCOC(=O)CCN1CCN(CCC(=O)OCCCCCCCCCCCCC)[C@H](C)C1,0.5333877435948611
CCCCCCCCCCCCCOC(=O)CCN1CCOCCN(CCC(=O)OCCCCCCCCCCCCC)CCN(CCC(=O)OCCCCCCCCCCCCC)CC1,0.31558531428855846
CCCCCCCCCCCCCOC(=O)CCN1CC[C@@H](N(CCC(=O)OCCCCCCCCCCCCC)CCC(=O)OCCCCCCCCCCCCC)C1,0.7784564073602553
CCCCCCCCCCCCN(CCN(CCC(=O)OCCCCCCCCCC)CCC(=O)OCCCCCCCCCC)CCN(CCC(=O)OCCCCCCCCCC)CCC(=O)OCCCCCCCCCC,0.8191709246608777
CCCCCCCCCCCCN(CCN(CCC(=O)OCCCCCCCCCCC)CCC(=O)OCCCCCCCCCCC)CCN(CCC(=O)OCCCCCCCCCCC)CCC(=O)OCCCCCCCCCCC,0.8186688877399849
CCCCCCCCCCCCOC(=O)CCN(C)CCCCCCN(C)CCC(=O)OCCCCCCCCCCCC,0.7879098326544265
CCCCCCCCCCCCOC(=O)CCN(C)CCCN(CC)CCCN(C)CCC(=O)OCCCCCCCCCCCC,0.7870774395245289
CCCCCCCCCCCCOC(=O)CCN(C)CCN(CCN(C)CCC(=O)OCCCCCCCCCCCC)CCN(C)CCC(=O)OCCCCCCCCCCCC,0.809108332731443
CCCCCCCCCCCCOC(=O)CCN(C)CCOCCN(C)CCC(=O)OCCCCCCCCCCCC,0.4913274537958624
CCCCCCCCCCCCOC(=O)CCN(C)CCOCCOCCN(C)CCC(=O)OCCCCCCCCCCCC,0.4239509991389405
CCCCCCCCCCCCOC(=O)CCN(C)c1ccc(Cc2ccc(N(CCC(=O)OCCCCCCCCCCCC)CCC(=O)OCCCCCCCCCCCC)cc2)cc1,0.39931140237183005
CCCCCCCCCCCCOC(=O)CCN(C)c1ccccc1N(CCC(=O)OCCCCCCCCCCCC)CCC(=O)OCCCCCCCCCCCC,0.5093765540547305
CCCCCCCCCCCCOC(=O)CCN(CC(C)N(CCC(=O)OCCCCCCCCCCCC)CCC(=O)OCCCCCCCCCCCC)CC(C)N(CCC(=O)OCCCCCCCCCCCC)CCC(=O)OCCCCCCCCCCCC,0.7946371511482068
CCCCCCCCCCCCOC(=O)CCN(CC)CCN(CCC(=O)OCCCCCCCCCCCC)CCC(=O)OCCCCCCCCCCCC,0.8009899313334856
CCCCCCCCCCCCOC(=O)CCN(CCC(=O)OCCCCCCCCCCCC)C(=O)C1CCCN1C,0.6914464134704483
CCCCCCCCCCCCOC(=O)CCN(CCC(=O)OCCCCCCCCCCCC)C(C)(C)C,0.5263038209243643
CCCCCCCCCCCCOC(=O)CCN(CCC(=O)OCCCCCCCCCCCC)C(C)(C)CC,0.550822095071486
CCCCCCCCCCCCOC(=O)CCN(CCC(=O)OCCCCCCCCCCCC)C(C)(C)CC(C)(C)C,0.4844136084546106
CCCCCCCCCCCCOC(=O)CCN(CCC(=O)OCCCCCCCCCCCC)C(C)C,0.6681695137962793
CCCCCCCCCCCCOC(=O)CCN(CCC(=O)OCCCCCCCCCCCC)C(C)C(C)C,0.623570475427954
CCCCCCCCCCCCOC(=O)CCN(CCC(=O)OCCCCCCCCCCCC)C(C)CC,0.691474799281684
CCCCCCCCCCCCOC(=O)CCN(CCC(=O)OCCCCCCCCCCCC)C(C)CCC,0.746307932137705
CCCCCCCCCCCCOC(=O)CCN(CCC(=O)OCCCCCCCCCCCC)C(C)CO,0.6327746637979488
CCCCCCCCCCCCOC(=O)CCN(CCC(=O)OCCCCCCCCCCCC)C(C)c1ccc(C)cc1,0.4691132998913051
CCCCCCCCCCCCOC(=O)CCN(CCC(=O)OCCCCCCCCCCCC)C(CC)CC,0.6920921015992474
CCCCCCCCCCCCOC(=O)CCN(CCC(=O)OCCCCCCCCCCCC)C(CO)(CO)CO,0.3501237204173461
CCCCCCCCCCCCOC(=O)CCN(CCC(=O)OCCCCCCCCCCCC)C(CO)C(C)(C)C,0.45937877786599535
CCCCCCCCCCCCOC(=O)CCN(CCC(=O)OCCCCCCCCCCCC)C(c1ccccc1)(c1ccccc1)c1ccccc1,0.37967165745427106
CCCCCCCCCCCCOC(=O)CCN(CCC(=O)OCCCCCCCCCCCC)C(c1ccccc1)c1ccccc1,0.46499688218578744
CCCCCCCCCCCCOC(=O)CCN(CCC(=O)OCCCCCCCCCCCC)C12C[C@H]3C[C@@H](C1)C[C@@H](C2)C3,0.5089831314617668
CCCCCCCCCCCCOC(=O)CCN(CCC(=O)OCCCCCCCCCCCC)C1CC1,0.6967981484256006
CCCCCCCCCCCCOC(=O)CCN(CCC(=O)OCCCCCCCCCCCC)C1CC2CCC1C2,0.5842068970808908
CCCCCCCCCCCCOC(=O)CCN(CCC(=O)OCCCCCCCCCCCC)C1CCC(CC2CCC(N(CCC(=O)OCCCCCCCCCCCC)CCC(=O)OCCCCCCCCCCCC)C(C)C2)CC1C,0.6126040507641937
CCCCCCCCCCCCOC(=O)CCN(CCC(=O)OCCCCCCCCCCCC)C1CCC1,0.7048228410157548
CCCCCCCCCCCCOC(=O)CCN(CCC(=O)OCCCCCCCCCCCC)C1CCCC(N(CCC(=O)OCCCCCCCCCCCC)CCC(=O)OCCCCCCCCCCCC)C1,0.7255830831703455
CCCCCCCCCCCCOC(=O)CCN(CCC(=O)OCCCCCCCCCCCC)C1CCCCC1,0.703730402974976
CCCCCCCCCCCCOC(=O)CCN(CCC(=O)OCCCCCCCCCCCC)C1CCCCCCC1,0.6872850416663837
CCCCCCCCCCCCOC(=O)CCN(CCC(=O)OCCCCCCCCCCCC)C1CCN(C)CC1,0.5913597652050375
CCCCCCCCCCCCOC(=O)CCN(CCC(=O)OCCCCCCCCCCCC)C1CCc2ccccc21,0.5536630515767512
CCCCCCCCCCCCOC(=O)CCN(CCC(=O)OCCCCCCCCCCCC)C1Cc2ccccc2C1,0.5399329890818448
CCCCCCCCCCCCOC(=O)CCN(CCC(=O)OCCCCCCCCCCCC)CC(=O)N(C)c1ccccc1,0.5328026276992428
CCCCCCCCCCCCOC(=O)CCN(CCC(=O)OCCCCCCCCCCCC)CC(C)(C)CN(C)C,0.6236901352807572
CCCCCCCCCCCCOC(=O)CCN(CCC(=O)OCCCCCCCCCCCC)CC(C)C,0.7183093675025488
CCCCCCCCCCCCOC(=O)CCN(CCC(=O)OCCCCCCCCCCCC)CC(C)CC,0.7518350890309125
CCCCCCCCCCCCOC(=O)CCN(CCC(=O)OCCCCCCCCCCCC)CC(C)N(CCC(=O)OCCCCCCCCCCCC)CCC(=O)OCCCCCCCCCCCC,0.7952864617340882
CCCCCCCCCCCCOC(=O)CCN(CCC(=O)OCCCCCCCCCCCC)CC(CC)CCCC,0.8090978810519922
CCCCCCCCCCCCOC(=O)CCN(CCC(=O)OCCCCCCCCCCCC)CC1(C)CC(N(CCC(=O)OCCCCCCCCCCCC)CCC(=O)OCCCCCCCCCCCC)CC(C)(C)C1,0.5735909599859866
CCCCCCCCCCCCOC(=O)CCN(CCC(=O)OCCCCCCCCCCCC)CC12C[C@H]3C[C@@H](C1)C[C@@H](C2)C3,0.5283132156833245
CCCCCCCCCCCCOC(=O)CCN(CCC(=O)OCCCCCCCCCCCC)CC1CCC(CN(CCC(=O)OCCCCCCCCCCCC)CCC(=O)OCCCCCCCCCCCC)CC1,0.708217439609201
CCCCCCCCCCCCOC(=O)CCN(CCC(=O)OCCCCCCCCCCCC)CC1CCCC(CN(CCC(=O)OCCCCCCCCCCCC)CCC(=O)OCCCCCCCCCCCC)C1,0.7505194244954996
CCCCCCCCCCCCOC(=O)CCN(CCC(=O)OCCCCCCCCCCCC)CC1CCCCC1,0.7140617099584727
CCCCCCCCCCCCOC(=O)CCN(CCC(=O)OCCCCCCCCCCCC)CC1CCCN1C,0.7042732964609947
CCCCCCCCCCCCOC(=O)CCN(CCC(=O)OCCCCCCCCCCCC)CC1CCCN1CCC(=O)OCCCCCCCCCCCC,0.7641921215225111
CCCCCCCCCCCCOC(=O)CCN(CCC(=O)OCCCCCCCCCCCC)CC1CCN(C)CC1,0.5950737338671567
CCCCCCCCCCCCOC(=O)CCN(CCC(=O)OCCCCCCCCCCCC)CCC(=O)N1CCN(CCC(=O)OCCCCCCCCCCCC)CC1,0.7532249842442429
CCCCCCCCCCCCOC(=O)CCN(CCC(=O)OCCCCCCCCCCCC)CCC(C)(C)C,0.6739556466786059
CCCCCCCCCCCCOC(=O)CCN(CCC(=O)OCCCCCCCCCCCC)CCC(C)C,0.776980523329625
CCCCCCCCCCCCOC(=O)CCN(CCC(=O)OCCCCCCCCCCCC)CCC(c1ccccc1)c1ccccc1,0.4669794945161549
CCCCCCCCCCCCOC(=O)CCN(CCC(=O)OCCCCCCCCCCCC)CCC1CCC(C)CC1,0.6476268566048009
CCCCCCCCCCCCOC(=O)CCN(CCC(=O)OCCCCCCCCCCCC)CCC1CCC(CC)CC1,0.6461902851411958
CCCCCCCCCCCCOC(=O)CCN(CCC(=O)OCCCCCCCCCCCC)CCN(C(C)C)C(C)C,0.6437235106371781
CCCCCCCCCCCCOC(=O)CCN(CCC(=O)OCCCCCCCCCCCC)CCN(C)C,0.7566731476948745
CCCCCCCCCCCCOC(=O)CCN(CCC(=O)OCCCCCCCCCCCC)CCN(C)CCCN(C)CCN(CCC(=O)OCCCCCCCCCCCC)CCC(=O)OCCCCCCCCCCCC,0.8186391360842755
CCCCCCCCCCCCOC(=O)CCN(CCC(=O)OCCCCCCCCCCCC)CCN(C)CCN(C)CCN(CCC(=O)OCCCCCCCCCCCC)CCC(=O)OCCCCCCCCCCCC,0.8186963827830857
CCCCCCCCCCCCOC(=O)CCN(CCC(=O)OCCCCCCCCCCCC)CCN(C)CCN(CCC(=O)OCCCCCCCCCCCC)CCC(=O)OCCCCCCCCCCCC,0.8168403782969745
CCCCCCCCCCCCOC(=O)CCN(CCC(=O)OCCCCCCCCCCCC)CCN(CC)CCN(CC)CCN(CCC(=O)OCCCCCCCCCCCC)CCC(=O)OCCCCCCCCCCCC,0.8120751844664565
CCCCCCCCCCCCOC(=O)CCN(CCC(=O)OCCCCCCCCCCCC)CCN(CCC(=O)OCCCCCCCCCCCC)C(C)C,0.7577367248480789
CCCCCCCCCCCCOC(=O)CCN(CCC(=O)OCCCCCCCCCCCC)CCN(CCC(=O)OCCCCCCCCCCCC)CCN(CC)CC,0.7848047930894014
CCCCCCCCCCCCOC(=O)CCN(CCC(=O)OCCCCCCCCCCCC)CCN(CCC(=O)OCCCCCCCCCCCC)CCN(CCC(=O)OCCCCCCCCCCCC)CCC(=O)OCCCCCCCCCCCC,0.8170807669243432
CCCCCCCCCCCCOC(=O)CCN(CCC(=O)OCCCCCCCCCCCC)CCN(CCC(=O)OCCCCCCCCCCCC)CCN(CCC(=O)OCCCCCCCCCCCC)CCN(CCC(=O)OCCCCCCCCCCCC)CCN(CCC(=O)OCCCCCCCCCCCC)CCC(=O)OCCCCCCCCCCCC,0.8187295193577081
CCCCCCCCCCCCOC(=O)CCN(CCC(=O)OCCCCCCCCCCCC)CCN(CCC(=O)OCCCCCCCCCCCC)CCN(CCC(=O)OCCCCCCCCCCCC)CCN(CCC(=O)OCCCCCCCCCCCC)CCN(CCC(=O)OCCCCCCCCCCCC)CCN(CCC(=O)OCCCCCCCCCCCC)CCC(=O)OCCCCCCCCCCCC,0.8192288245896535
CCCCCCCCCCCCOC(=O)CCN(CCC(=O)OCCCCCCCCCCCC)CCN(CCC(=O)OCCCCCCCCCCCC)CCN1CCN(CCN(CCC(=O)OCCCCCCCCCCCC)CCC(=O)OCCCCCCCCCCCC)CC1,0.8164309812621231
CCCCCCCCCCCCOC(=O)CCN(CCC(=O)OCCCCCCCCCCCC)CCN(CCC(=O)OCCCCCCCCCCCC)Cc1ccccc1,0.6809167027310132
CCCCCCCCCCCCOC(=O)CCN(CCC(=O)OCCCCCCCCCCCC)CCN(CCC(=O)OCCCCCCCCCCCC)c1ccccc1,0.6309141460866202
CCCCCCCCCCCCOC(=O)CCN(CCC(=O)OCCCCCCCCCCCC)CCN(CCCCCCCCCCCC)CCN(CCC(=O)OCCCCCCCCCCCC)CCC(=O)OCCCCCCCCCCCC,0.8181633471310945
CCCCCCCCCCCCOC(=O)CCN(CCC(=O)OCCCCCCCCCCCC)CCN(CCN(CCC(=O)OCCCCCCCCCCCC)CCC(=O)OCCCCCCCCCCCC)CCN(CCC(=O)OCCCCCCCCCCCC)CCC(=O)OCCCCCCCCCCCC,0.8177661833119637
CCCCCCCCCCCCOC(=O)CCN(CCC(=O)OCCCCCCCCCCCC)CCN1CCN(CCC(=O)OCCCCCCCCCCCC)CC1,0.7918992268238914
CCCCCCCCCCCCOC(=O)CCN(CCC(=O)OCCCCCCCCCCCC)CCN1CCN(CCN(CCC(=O)OCCCCCCCCCCCC)CCC(=O)OCCCCCCCCCCCC)CC1,0.8127245544368803
CCCCCCCCCCCCOC(=O)CCN(CCC(=O)OCCCCCCCCCCCC)CC[C@H](C)O,0.5249497345900613
CCCCCCCCCCCCOC(=O)CCN(CCC(=O)OCCCCCCCCCCCC)CCc1ccc(OC)cc1,0.4908821884974411
CCCCCCCCCCCCOC(=O)CCN(CCC(=O)OCCCCCCCCCCCC)CCc1ccccc1F,0.6126002501534843
CCCCCCCCCCCCOC(=O)CCN(CCC(=O)OCCCCCCCCCCCC)CN(CC)CCC,0.7362407675985105
CCCCCCCCCCCCOC(=O)CCN(CCC(=O)OCCCCCCCCCCCC)C[C@@H](C)O,0.681309056402215
CCCCCCCCCCCCOC(=O)CCN(CCC(=O)OCCCCCCCCCCCC)C[C@@H]1CCCN1CC,0.5603653097936665
CCCCCCCCCCCCOC(=O)CCN(CCC(=O)OCCCCCCCCCCCC)C[C@H]1CCCN1CC,0.7395835828710414
CCCCCCCCCCCCOC(=O)CCN(CCC(=O)OCCCCCCCCCCCC)Cc1cc(C)c(OC)c(OC)c1,0.29259761733555667
CCCCCCCCCCCCOC(=O)CCN(CCC(=O)OCCCCCCCCCCCC)Cc1cc(F)ccc1F,0.5987510622666558
CCCCCCCCCCCCOC(=O)CCN(CCC(=O)OCCCCCCCCCCCC)Cc1cccc(CN(CCC(=O)OCCCCCCCCCCCC)CCC(=O)OCCCCCCCCCCCC)c1,0.6865206438374587
CCCCCCCCCCCCOC(=O)CCN(CCC(=O)OCCCCCCCCCCCC)Cc1cccc(F)c1,0.5869611521543481
CCCCCCCCCCCCOC(=O)CCN(CCC(=O)OCCCCCCCCCCCC)Cc1cccc(N(CCC(=O)OCCCCCCCCCCCC)CCC(=O)OCCCCCCCCCCCC)c1,0.6368210077435121
CCCCCCCCCCCCOC(=O)CCN(CCC(=O)OCCCCCCCCCCCC)Cc1ccccc1F,0.6071604479220505
CCCCCCCCCCCCOC(=O)CCN(CCC(=O)OCCCCCCCCCCCC)Cc1ccccc1N(CCC(=O)OCCCCCCCCCCCC)CCC(=O)OCCCCCCCCCCCC,0.6590225127405522
CCCCCCCCCCCCOC(=O)CCN(CCC(=O)OCCCCCCCCCCCC)Cc1ccccc1OC,0.4992108408675325
CCCCCCCCCCCCOC(=O)CCN(CCC(=O)OCCCCCCCCCCCC)Cc1ccccc1OCC,0.5441896730763558
CCCCCCCCCCCCOC(=O)CCN(CCC(=O)OCCCCCCCCCCCC)Cc1nccn1C,0.47028653060192943
CCCCCCCCCCCCOC(=O)CCN(CCC(=O)OCCCCCCCCCCCC)[C@@H](CO)CC(C)C,0.744186241209191
CCCCCCCCCCCCOC(=O)CCN(CCC(=O)OCCCCCCCCCCCC)[C@H]1CCCC[C@H]1N(CCC(=O)OCCCCCCCCCCCC)CCC(=O)OCCCCCCCCCCCC,0.8067567642395536
CCCCCCCCCCCCOC(=O)CCN(CCC(=O)OCCCCCCCCCCCC)[C@@H]1CCCC[C@H]1N(CCC(=O)OCCCCCCCCCCCC)CCC(=O)OCCCCCCCCCCCC,0.7346918999653517
CCCCCCCCCCCCOC(=O)CCN(CCC(=O)OCCCCCCCCCCCC)[C@@H](c1ccccc1)[C@@H](c1ccccc1)N(CCC(=O)OCCCCCCCCCCCC)CCC(=O)OCCCCCCCCCCCC,0.6403720846060088
CCCCCCCCCCCCOC(=O)CCN(CCC(=O)OCCCCCCCCCCCC)[C@H]1CC[C@H](N(CCC(=O)OCCCCCCCCCCCC)CCC(=O)OCCCCCCCCCCCC)CC1,0.5469427404589663
CCCCCCCCCCCCOC(=O)CCN(CCC(=O)OCCCCCCCCCCCC)c1c(-c2ccccc2)cc(-c2ccccc2)cc1-c1ccccc1,0.11924322635255923
CCCCCCCCCCCCOC(=O)CCN(CCC(=O)OCCCCCCCCCCCC)c1c(C)c(C)c(N(CCC(=O)OCCCCCCCCCCCC)CCC(=O)OCCCCCCCCCCCC)c(C)c1C,0.4402926453443463
CCCCCCCCCCCCOC(=O)CCN(CCC(=O)OCCCCCCCCCCCC)c1c(C)cc(-c2cc(C)c(N(CCC(=O)OCCCCCCCCCCCC)CCC(=O)OCCCCCCCCCCCC)c(C)c2)cc1C,0.34986192366246605
CCCCCCCCCCCCOC(=O)CCN(CCC(=O)OCCCCCCCCCCCC)c1c(CC)cccc1CC,0.46610639328248726
CCCCCCCCCCCCOC(=O)CCN(CCC(=O)OCCCCCCCCCCCC)c1c(F)cc(F)cc1F,0.5513559027225277
CCCCCCCCCCCCOC(=O)CCN(CCC(=O)OCCCCCCCCCCCC)c1c(N(CCC(=O)OCCCCCCCCCCCC)CCC(=O)OCCCCCCCCCCCC)c2ccccc2c2ccccc12,0.3860475679187891
CCCCCCCCCCCCOC(=O)CCN(CCC(=O)OCCCCCCCCCCCC)c1cc(C(C)(C)C)ccc1C(C)(C)C,0.15944204828755204
CCCCCCCCCCCCOC(=O)CCN(CCC(=O)OCCCCCCCCCCCC)c1cc(C(C)(C)C)ccc1OC,0.23588634440526954
CCCCCCCCCCCCOC(=O)CCN(CCC(=O)OCCCCCCCCCCCC)c1cc(C)c(C)cc1N(CCC(=O)OCCCCCCCCCCCC)CCC(=O)OCCCCCCCCCCCC,0.5085131028091922
CCCCCCCCCCCCOC(=O)CCN(CCC(=O)OCCCCCCCCCCCC)c1cc(F)c(F)c(F)c1,0.5120645359789427
CCCCCCCCCCCCOC(=O)CCN(CCC(=O)OCCCCCCCCCCCC)c1cc(F)cc(F)c1,0.4887650404864156
CCCCCCCCCCCCOC(=O)CCN(CCC(=O)OCCCCCCCCCCCC)c1cc(F)ccc1F,0.5137911415473078
CCCCCCCCCCCCOC(=O)CCN(CCC(=O)OCCCCCCCCCCCC)c1cc(OC)ccc1OC,0.32043893170261206
CCCCCCCCCCCCOC(=O)CCN(CCC(=O)OCCCCCCCCCCCC)c1ccc(-c2ccc(N(CCC(=O)OCCCCCCCCCCCC)CCC(=O)OCCCCCCCCCCCC)c(C)c2)cc1C,0.3971882862143
CCCCCCCCCCCCOC(=O)CCN(CCC(=O)OCCCCCCCCCCCC)c1ccc(-c2ccc(N(CCC(=O)OCCCCCCCCCCCC)CCC(=O)OCCCCCCCCCCCC)c(N(CCC(=O)OCCCCCCCCCCCC)CCC(=O)OCCCCCCCCCCCC)c2)cc1N(CCC(=O)OCCCCCCCCCCCC)CCC(=O)OCCCCCCCCCCCC,0.5561830346307003
CCCCCCCCCCCCOC(=O)CCN(CCC(=O)OCCCCCCCCCCCC)c1ccc(-c2ccccc2)cc1,0.2998711845419975
CCCCCCCCCCCCOC(=O)CCN(CCC(=O)OCCCCCCCCCCCC)c1ccc(C(C)(C)C)cc1,0.3138113198554108
CCCCCCCCCCCCOC(=O)CCN(CCC(=O)OCCCCCCCCCCCC)c1ccc(C(C)C)cc1,0.4194099522634626
CCCCCCCCCCCCOC(=O)CCN(CCC(=O)OCCCCCCCCCCCC)c1ccc(C)c(F)c1,0.44490269705801644
CCCCCCCCCCCCOC(=O)CCN(CCC(=O)OCCCCCCCCCCCC)c1ccc(C)c(N(CCC(=O)OCCCCCCCCCCCC)CCC(=O)OCCCCCCCCCCCC)c1,0.5498183775369545
CCCCCCCCCCCCOC(=O)CCN(CCC(=O)OCCCCCCCCCCCC)c1ccc(C)cc1N(CCC(=O)OCCCCCCCCCCCC)CCC(=O)OCCCCCCCCCCCC,0.55804307726569
CCCCCCCCCCCCOC(=O)CCN(CCC(=O)OCCCCCCCCCCCC)c1ccc(C2(c3ccc(N(CCC(=O)OCCCCCCCCCCCC)CCC(=O)OCCCCCCCCCCCC)cc3)c3ccccc3-c3ccccc32)cc1,0.36531342527055427
CCCCCCCCCCCCOC(=O)CCN(CCC(=O)OCCCCCCCCCCCC)c1ccc(Cc2ccc(N(CCC(=O)OCCCCCCCCCCCC)CCC(=O)OCCCCCCCCCCCC)cc2)cc1,0.486560775351786
CCCCCCCCCCCCOC(=O)CCN(CCC(=O)OCCCCCCCCCCCC)c1ccc(F)c(F)c1,0.5057605105029203
CCCCCCCCCCCCOC(=O)CCN(CCC(=O)OCCCCCCCCCCCC)c1ccc(F)cc1,0.49770345333719396
CCCCCCCCCCCCOC(=O)CCN(CCC(=O)OCCCCCCCCCCCC)c1ccc(F)cc1C(F)(F)F,0.5757177579851414
CCCCCCCCCCCCOC(=O)CCN(CCC(=O)OCCCCCCCCCCCC)c1ccc(N(CCC(=O)OCCCCCCCCCCCC)CCC(=O)OCCCCCCCCCCCC)cc1,0.5910073773308268
CCCCCCCCCCCCOC(=O)CCN(CCC(=O)OCCCCCCCCCCCC)c1ccc(N(CCC(=O)OCCCCCCCCCCCC)c2ccccc2)cc1,0.4193369092763916
CCCCCCCCCCCCOC(=O)CCN(CCC(=O)OCCCCCCCCCCCC)c1ccc(OC(F)(F)F)cc1,0.49848257853261785
CCCCCCCCCCCCOC(=O)CCN(CCC(=O)OCCCCCCCCCCCC)c1ccc(OC(F)F)cc1,0.49729420476369823
CCCCCCCCCCCCOC(=O)CCN(CCC(=O)OCCCCCCCCCCCC)c1ccc(OC)c(F)c1,0.4151293066061199
CCCCCCCCCCCCOC(=O)CCN(CCC(=O)OCCCCCCCCCCCC)c1ccc(OCCCCCCCC)cc1,0.5371074725575867
CCCCCCCCCCCCOC(=O)CCN(CCC(=O)OCCCCCCCCCCCC)c1ccc(Oc2ccc(F)cc2)cc1,0.32675429962622043
CCCCCCCCCCCCOC(=O)CCN(CCC(=O)OCCCCCCCCCCCC)c1ccc(Oc2ccc(N(CCC(=O)OCCCCCCCCCCCC)CCC(=O)OCCCCCCCCCCCC)cc2)cc1,0.46730079458245377
CCCCCCCCCCCCOC(=O)CCN(CCC(=O)OCCCCCCCCCCCC)c1ccc(Oc2ccccc2)cc1,0.3333004952658816
CCCCCCCCCCCCOC(=O)CCN(CCC(=O)OCCCCCCCCCCCC)c1ccc2c(c1)CCCC2,0.45431971962773676
CCCCCCCCCCCCOC(=O)CCN(CCC(=O)OCCCCCCCCCCCC)c1ccc2c(c1)Cc1cc(N(CCC(=O)OCCCCCCCCCCCC)CCC(=O)OCCCCCCCCCCCC)ccc1-2,0.4427903295026489
CCCCCCCCCCCCOC(=O)CCN(CCC(=O)OCCCCCCCCCCCC)c1ccc2c(c1)OCCO2,0.2333208727918925
CCCCCCCCCCCCOC(=O)CCN(CCC(=O)OCCCCCCCCCCCC)c1ccc2c(c1)OCO2,0.14689753879580444
CCCCCCCCCCCCOC(=O)CCN(CCC(=O)OCCCCCCCCCCCC)c1ccc2cc3ccccc3cc2c1,0.13762351420402472
CCCCCCCCCCCCOC(=O)CCN(CCC(=O)OCCCCCCCCCCCC)c1ccc2ccccc2c1-c1c(N(CCC(=O)OCCCCCCCCCCCC)CCC(=O)OCCCCCCCCCCCC)ccc2ccccc12,0.2826330692855156
CCCCCCCCCCCCOC(=O)CCN(CCC(=O)OCCCCCCCCCCCC)c1cccc(-c2ccccc2)c1,0.29691021187667516
CCCCCCCCCCCCOC(=O)CCN(CCC(=O)OCCCCCCCCCCCC)c1cccc(C(F)(F)F)c1,0.544949676449148
CCCCCCCCCCCCOC(=O)CCN(CCC(=O)OCCCCCCCCCCCC)c1cccc(C)c1N(CCC(=O)OCCCCCCCCCCCC)CCC(=O)OCCCCCCCCCCCC,0.5688111575580543
CCCCCCCCCCCCOC(=O)CCN(CCC(=O)OCCCCCCCCCCCC)c1cccc(F)c1,0.4989417991984877
CCCCCCCCCCCCOC(=O)CCN(CCC(=O)OCCCCCCCCCCCC)c1cccc(N(CCC(=O)OCCCCCCCCCCCC)CCC(=O)OCCCCCCCCCCCC)c1,0.5866953469428604
CCCCCCCCCCCCOC(=O)CCN(CCC(=O)OCCCCCCCCCCCC)c1cccc(N(CCC(=O)OCCCCCCCCCCCC)CCC(=O)OCCCCCCCCCCCC)c1C,0.5575237000584357
CCCCCCCCCCCCOC(=O)CCN(CCC(=O)OCCCCCCCCCCCC)c1cccc(OC(C)C)c1,0.4301268133880637
CCCCCCCCCCCCOC(=O)CCN(CCC(=O)OCCCCCCCCCCCC)c1cccc(OCc2ccccc2)c1,0.3268733062490581
CCCCCCCCCCCCOC(=O)CCN(CCC(=O)OCCCCCCCCCCCC)c1cccc2c1CCC2,0.4843362897804916
CCCCCCCCCCCCOC(=O)CCN(CCC(=O)OCCCCCCCCCCCC)c1cccc2cccc(N(CCC(=O)OCCCCCCCCCCCC)CCC(=O)OCCCCCCCCCCCC)c12,0.46956794794741524
CCCCCCCCCCCCOC(=O)CCN(CCC(=O)OCCCCCCCCCCCC)c1ccccc1C(C)(C)C,0.31794273215786784
CCCCCCCCCCCCOC(=O)CCN(CCC(=O)OCCCCCCCCCCCC)c1ccccc1C(C)C,0.43406902653864415
CCCCCCCCCCCCOC(=O)CCN(CCC(=O)OCCCCCCCCCCCC)c1ccccc1Cc1ccccc1,0.3899767461623272
CCCCCCCCCCCCOC(=O)CCN(CCC(=O)OCCCCCCCCCCCC)c1ccccc1N(CCC(=O)OCCCCCCCCCCCC)c1ccccc1,0.4252497390797881
CCCCCCCCCCCCOC(=O)CCN(CCC(=O)OCCCCCCCCCCCC)c1ccccc1OC,0.4188536675631476
CCCCCCCCCCCCOC(=O)CCN(CCC(=O)OCCCCCCCCCCCC)c1ccccc1OCC,0.4632622597042073
CCCCCCCCCCCCOC(=O)CCN(CCC(=O)OCCCCCCCCCCCC)c1ccccc1Oc1ccccc1,0.34292981757444646
CCCCCCCCCCCCOC(=O)CCN(CCC(=O)OCCCCCCCCCCCC)c1nc(N(CCC(=O)OCCCCCCCCCCCC)CCC(=O)OCCCCCCCCCCCC)nc(N(CCC(=O)OCCCCCCCCCCCC)CCC(=O)OCCCCCCCCCCCC)n1,0.7206472775497014
CCCCCCCCCCCCOC(=O)CCN(CCC)CCC(=O)OCCCCCCCCCCCC,0.7397492063596114
CCCCCCCCCCCCOC(=O)CCN(CCC)CCCN(CCC(=O)OCCCCCCCCCCCC)CCC(=O)OCCCCCCCCCCCC,0.8045250337540945
CCCCCCCCCCCCOC(=O)CCN(CCCC)CCC(=O)OCCCCCCCCCCCC,0.7991204465562647
CCCCCCCCCCCCOC(=O)CCN(CCCCC)CCC(=O)OCCCCCCCCCCCC,0.8121019668950492
CCCCCCCCCCCCOC(=O)CCN(CCCCCC)CCC(=O)OCCCCCCCCCCCC,0.8152209024429804
CCCCCCCCCCCCOC(=O)CCN(CCCCCCCCN(CCC(=O)OCCCCCCCCCCCC)CCC(=O)OCCCCCCCCCCCC)CCC(=O)OCCCCCCCCCCCC,0.8140577374122816
CCCCCCCCCCCCOC(=O)CCN(CCCCCCN(CCC(=O)OCCCCCCCCCCCC)CCC(=O)OCCCCCCCCCCCC)CCCCCCN(CCC(=O)OCCCCCCCCCCCC)CCC(=O)OCCCCCCCCCCCC,0.8146492074539297
CCCCCCCCCCCCOC(=O)CCN(CCCCN(C)Cc1ccccc1)CCC(=O)OCCCCCCCCCCCC,0.6169389442009586
CCCCCCCCCCCCOC(=O)CCN(CCCCN1CCN(C)CC1)CCC(=O)OCCCCCCCCCCCC,0.7538226302782935
CCCCCCCCCCCCOC(=O)CCN(CCCCc1ccccc1)CCC(=O)OCCCCCCCCCCCC,0.6314980742913918
CCCCCCCCCCCCOC(=O)CCN(CCCN(C)C)CCCN(CCC(=O)OCCCCCCCCCCCC)CCC(=O)OCCCCCCCCCCCC,0.7844110735737262
CCCCCCCCCCCCOC(=O)CCN(CCCN(C)CCCN(CCC(=O)OCCCCCCCCCCCC)CCC(=O)OCCCCCCCCCCCC)CCC(=O)OCCCCCCCCCCCC,0.8163229013950749
CCCCCCCCCCCCOC(=O)CCN(CCCN(CCC(=O)OCCCCCCCCCCCC)CCC(=O)OCCCCCCCCCCCC)CCCN(CCC(=O)OCCCCCCCCCCCC)CCC(=O)OCCCCCCCCCCCC,0.8151838464885639
CCCCCCCCCCCCOC(=O)CCN(CCCN(CCC(=O)OCCCCCCCCCCCC)CCN(CCC(=O)OCCCCCCCCCCCC)CCC(=O)OCCCCCCCCCCCC)CCC(=O)OCCCCCCCCCCCC,0.816179309571711
CCCCCCCCCCCCOC(=O)CCN(CCCN(CCC(=O)OCCCCCCCCCCCC)CCN(CCC(=O)OCCCCCCCCCCCC)CCC(=O)OCCCCCCCCCCCC)CCN(CCC(=O)OCCCCCCCCCCCC)CCC(=O)OCCCCCCCCCCCC,0.8174238314254074
CCCCCCCCCCCCOC(=O)CCN(CCCN(CCCN(CCC(=O)OCCCCCCCCCCCC)CCC(=O)OCCCCCCCCCCCC)CCC(=O)OCCCCCCCCCCCC)CCCN(CCC(=O)OCCCCCCCCCCCC)CCC(=O)OCCCCCCCCCCCC,0.8157749008384155
CCCCCCCCCCCCOC(=O)CCN(CCCN1CCN(C(C)C)CC1)CCC(=O)OCCCCCCCCCCCC,0.7008655738836926
CCCCCCCCCCCCOC(=O)CCN(CCCN1CCN(CCCN(CCC(=O)OCCCCCCCCCCCC)CCC(=O)OCCCCCCCCCCCC)CC1)CCC(=O)OCCCCCCCCCCCC,0.8185746444713007
CCCCCCCCCCCCOC(=O)CCN(CCCOC(C)C)CCC(=O)OCCCCCCCCCCCC,0.6867825890536946
CCCCCCCCCCCCOC(=O)CCN(CCCOCCCCOCCCN(CCC(=O)OCCCCCCCCCCCC)CCC(=O)OCCCCCCCCCCCC)CCC(=O)OCCCCCCCCCCCC,0.6936108612694429
CCCCCCCCCCCCOC(=O)CCN(CCCOCCOCCOCCCN(CCC(=O)OCCCCCCCCCCCC)CCC(=O)OCCCCCCCCCCCC)CCC(=O)OCCCCCCCCCCCC,0.6311293556680392
CCCCCCCCCCCCOC(=O)CCN(CCCc1ccccc1)CCC(=O)OCCCCCCCCCCCC,0.625495425367715
CCCCCCCCCCCCOC(=O)CCN(CCN(CCC(=O)OCCCCCCCCCCCC)C(C)(C)C)C(C)(C)C,0.4222104975876693
CCCCCCCCCCCCOC(=O)CCN(CCO)CCC(=O)OCCCCCCCCCCCC,0.6577098174322562
CCCCCCCCCCCCOC(=O)CCN(CCOCCN1CCCC1)CCC(=O)OCCCCCCCCCCCC,0.5012123671746334
CCCCCCCCCCCCOC(=O)CCN(CCOCCOCCN(CCC(=O)OCCCCCCCCCCCC)CCC(=O)OCCCCCCCCCCCC)CCC(=O)OCCCCCCCCCCCC,0.605109424598914
CCCCCCCCCCCCOC(=O)CCN(CCOCCOCCOCCN(CCC(=O)OCCCCCCCCCCCC)CCC(=O)OCCCCCCCCCCCC)CCC(=O)OCCCCCCCCCCCC,0.5523665682485123
CCCCCCCCCCCCOC(=O)CCN(c1ccccc1)c1ccc(-c2ccc(N(CCC(=O)OCCCCCCCCCCCC)c3ccccc3)cc2)cc1,0.13227789585673277
CCCCCCCCCCCCOC(=O)CCN1C(C)N(CCC(=O)OCCCCCCCCCCCC)C(C)N(CCC(=O)OCCCCCCCCCCCC)C1C,0.7485479170745486
CCCCCCCCCCCCOC(=O)CCN1CCC(N(CCC(=O)OCCCCCCCCCCCC)CCC(=O)OCCCCCCCCCCCC)CC1,0.6718778409268767
CCCCCCCCCCCCOC(=O)CCN1CCCCN(C)CCN(CCC(=O)OCCCCCCCCCCCC)CCCN(C)CC1,0.578654620526276
CCCCCCCCCCCCOC(=O)CCN1CCCN(CCC(=O)OCCCCCCCCCCCC)CCCN(CCC(=O)OCCCCCCCCCCCC)CCC1,0.6644503786789769
CCCCCCCCCCCCOC(=O)CCN1CCCN(CCC(=O)OCCCCCCCCCCCC)CCCN(CCC(=O)OCCCCCCCCCCCC)CCN(CCC(=O)OCCCCCCCCCCCC)CCC1,0.685182769483213
CCCCCCCCCCCCOC(=O)CCN1CCCN(CCC(=O)OCCCCCCCCCCCC)CCN(CCC(=O)OCCCCCCCCCCCC)CCCN(CCC(=O)OCCCCCCCCCCCC)CC1,0.7069418002553215
CCCCCCCCCCCCOC(=O)CCN1CCCN(CCC(=O)OCCCCCCCCCCCC)CCN(CCC(=O)OCCCCCCCCCCCC)CCN(CCC(=O)OCCCCCCCCCCCC)CC1,0.7266103169836414
CCCCCCCCCCCCOC(=O)CCN1CCN(CCC(=O)OCCCCCCCCCCCC)C(c2ccccc2)C1,0.6001024169120114
CCCCCCCCCCCCOC(=O)CCN1CCN(CCC(=O)OCCCCCCCCCCCC)C2C1N(CCC(=O)OCCCCCCCCCCCC)CCN2CCC(=O)OCCCCCCCCCCCC,0.8117277255092594
CCCCCCCCCCCCOC(=O)CCN1CCN(CCC(=O)OCCCCCCCCCCCC)CC1,0.746746724521012
CCCCCCCCCCCCOC(=O)CCN1CCN(CCC(=O)OCCCCCCCCCCCC)CCN(CCC(=O)OCCCCCCCCCCCC)CCN(CCC(=O)OCCCCCCCCCCCC)CC1,0.746746724521012
CCCCCCCCCCCCOC(=O)CCN1CCN(CCC(=O)OCCCCCCCCCCCC)[C@H](C)C1,0.521960673036215
CCCCCCCCCCCCOC(=O)CCN1CCOCCN(CCC(=O)OCCCCCCCCCCCC)CCN(CCC(=O)OCCCCCCCCCCCC)CC1,0.29602743096260703
CCCCCCCCCCCCOC(=O)CCN1CC[C@@H](N(CCC(=O)OCCCCCCCCCCCC)CCC(=O)OCCCCCCCCCCCC)C1,0.7758181302979766
CCCCCCCCCCCOC(=O)CCN(C)CCCCCCN(C)CCC(=O)OCCCCCCCCCCC,0.7869888377873663
CCCCCCCCCCCOC(=O)CCN(C)CCCN(CC)CCCN(C)CCC(=O)OCCCCCCCCCCC,0.7852826605015643
CCCCCCCCCCCOC(=O)CCN(C)CCCN(CCC(=O)OCCCCCCCCCCC)CCC(=O)OCCCCCCCCCCC,0.8027541273171481
CCCCCCCCCCCOC(=O)CCN(C)CCN(C)CCC(=O)OCCCCCCCCCCC,0.7732759374251946
CCCCCCCCCCCOC(=O)CCN(C)CCN(CCC(=O)OCCCCCCCCCCC)CCC(=O)OCCCCCCCCCCC,0.8106775692626226
CCCCCCCCCCCOC(=O)CCN(C)CCN(CCN(C)CCC(=O)OCCCCCCCCCCC)CCN(C)CCC(=O)OCCCCCCCCCCC,0.8091643917394065
CCCCCCCCCCCOC(=O)CCN(C)CCOCCN(C)CCC(=O)OCCCCCCCCCCC,0.478276453542547
CCCCCCCCCCCOC(=O)CCN(C)CCOCCOCCN(C)CCC(=O)OCCCCCCCCCCC,0.4084236634702916
CCCCCCCCCCCOC(=O)CCN(C)c1ccc(Cc2ccc(N(CCC(=O)OCCCCCCCCCCC)CCC(=O)OCCCCCCCCCCC)cc2)cc1,0.3831306882761498
CCCCCCCCCCCOC(=O)CCN(C)c1ccccc1N(CCC(=O)OCCCCCCCCCCC)CCC(=O)OCCCCCCCCCCC,0.4956621393867292
CCCCCCCCCCCOC(=O)CCN(CC)CCCN(CC)CCC(=O)OCCCCCCCCCCC,0.7610176020429552
CCCCCCCCCCCOC(=O)CCN(CC)CCN(CC)CCC(=O)OCCCCCCCCCCC,0.7449325861372464
CCCCCCCCCCCOC(=O)CCN(CC)CCN(CCC(=O)OCCCCCCCCCCC)CCC(=O)OCCCCCCCCCCC,0.8006097514934625
CCCCCCCCCCCOC(=O)CCN(CCC(=O)OCCCCCCCCCCC)C(=O)C1CCCN1C,0.6862631524618978
CCCCCCCCCCCOC(=O)CCN(CCC(=O)OCCCCCCCCCCC)C(C)(C)C,0.5124209620020322
CCCCCCCCCCCOC(=O)CCN(CCC(=O)OCCCCCCCCCCC)C(C)(C)CC,0.5380138588272326
CCCCCCCCCCCOC(=O)CCN(CCC(=O)OCCCCCCCCCCC)C(C)(C)CC(C)(C)C,0.47086757865639783
CCCCCCCCCCCOC(=O)CCN(CCC(=O)OCCCCCCCCCCC)C(C)(CO)CO,0.42654019487698003
CCCCCCCCCCCOC(=O)CCN(CCC(=O)OCCCCCCCCCCC)C(C)C,0.6607165161951758
CCCCCCCCCCCOC(=O)CCN(CCC(=O)OCCCCCCCCCCC)C(C)C(C)C,0.6145047718106824
CCCCCCCCCCCOC(=O)CCN(CCC(=O)OCCCCCCCCCCC)C(C)CC,0.6854828395756274
CCCCCCCCCCCOC(=O)CCN(CCC(=O)OCCCCCCCCCCC)C(C)CCC,0.7433997523305177
CCCCCCCCCCCOC(=O)CCN(CCC(=O)OCCCCCCCCCCC)C(C)CO,0.6240748283459978
CCCCCCCCCCCOC(=O)CCN(CCC(=O)OCCCCCCCCCCC)C(C)c1ccc(C)cc1,0.4559690659065251
CCCCCCCCCCCOC(=O)CCN(CCC(=O)OCCCCCCCCCCC)C(CC)CC,0.6862902911977445
CCCCCCCCCCCOC(=O)CCN(CCC(=O)OCCCCCCCCCCC)C(CO)(CO)CO,0.32975473331992383
CCCCCCCCCCCOC(=O)CCN(CCC(=O)OCCCCCCCCCCC)C(CO)C(C)(C)C,0.44434005821167166
CCCCCCCCCCCOC(=O)CCN(CCC(=O)OCCCCCCCCCCC)C(c1ccccc1)(c1ccccc1)c1ccccc1,0.36611859058779167
CCCCCCCCCCCOC(=O)CCN(CCC(=O)OCCCCCCCCCCC)C(c1ccccc1)c1ccccc1,0.4527270558946064
CCCCCCCCCCCOC(=O)CCN(CCC(=O)OCCCCCCCCCCC)C12C[C@H]3C[C@@H](C1)C[C@@H](C2)C3,0.49703015139620954
CCCCCCCCCCCOC(=O)CCN(CCC(=O)OCCCCCCCCCCC)C1CC1,0.6911236584828623
CCCCCCCCCCCOC(=O)CCN(CCC(=O)OCCCCCCCCCCC)C1CC2CCC1C2,0.5736289067085382
CCCCCCCCCCCOC(=O)CCN(CCC(=O)OCCCCCCCCCCC)C1CCC(CC2CCC(N(CCC(=O)OCCCCCCCCCCC)CCC(=O)OCCCCCCCCCCC)C(C)C2)CC1C,0.603624157810595
CCCCCCCCCCCOC(=O)CCN(CCC(=O)OCCCCCCCCCCC)C1CCC1,0.699735486043074
CCCCCCCCCCCOC(=O)CCN(CCC(=O)OCCCCCCCCCCC)C1CCCC(N(CCC(=O)OCCCCCCCCCCC)CCC(=O)OCCCCCCCCCCC)C1,0.72152854415794
CCCCCCCCCCCOC(=O)CCN(CCC(=O)OCCCCCCCCCCC)C1CCCCC1,0.6988241114718721
CCCCCCCCCCCOC(=O)CCN(CCC(=O)OCCCCCCCCCCC)C1CCCCCCC1,0.6818157847019521
CCCCCCCCCCCOC(=O)CCN(CCC(=O)OCCCCCCCCCCC)C1CCN(C)CC1,0.5812227644440581
CCCCCCCCCCCOC(=O)CCN(CCC(=O)OCCCCCCCCCCC)C1CCc2ccccc21,0.5422317053310569
CCCCCCCCCCCOC(=O)CCN(CCC(=O)OCCCCCCCCCCC)C1Cc2ccccc2C1,0.5283161849104412
CCCCCCCCCCCOC(=O)CCN(CCC(=O)OCCCCCCCCCCC)CC(=O)N(C)c1ccccc1,0.5213563759334228
CCCCCCCCCCCOC(=O)CCN(CCC(=O)OCCCCCCCCCCC)CC(C)(C)CN(C)C,0.6152714262522161
CCCCCCCCCCCOC(=O)CCN(CCC(=O)OCCCCCCCCCCC)CC(C)(C)CO,0.5869242743535585
CCCCCCCCCCCOC(=O)CCN(CCC(=O)OCCCCCCCCCCC)CC(C)C,0.7138092662690103
CCCCCCCCCCCOC(=O)CCN(CCC(=O)OCCCCCCCCCCC)CC(C)CC,0.7492147461004186
CCCCCCCCCCCOC(=O)CCN(CCC(=O)OCCCCCCCCCCC)CC(C)N(CCC(=O)OCCCCCCCCCCC)CCC(=O)OCCCCCCCCCCC,0.7945651176983555
CCCCCCCCCCCOC(=O)CCN(CCC(=O)OCCCCCCCCCCC)CC(CC)CCCC,0.8091586314388001
CCCCCCCCCCCOC(=O)CCN(CCC(=O)OCCCCCCCCCCC)CC(OC)OC,0.250023963014215
CCCCCCCCCCCOC(=O)CCN(CCC(=O)OCCCCCCCCCCC)CC1(C)CC(N(CCC(=O)OCCCCCCCCCCC)CCC(=O)OCCCCCCCCCCC)CC(C)(C)C1,0.5618436879750748
CCCCCCCCCCCOC(=O)CCN(CCC(=O)OCCCCCCCCCCC)CC12C[C@H]3C[C@@H](C1)C[C@@H](C2)C3,0.5171619863238204
CCCCCCCCCCCOC(=O)CCN(CCC(=O)OCCCCCCCCCCC)CC1CCC(CN(CCC(=O)OCCCCCCCCCCC)CCC(=O)OCCCCCCCCCCC)CC1,0.7033278945470353
CCCCCCCCCCCOC(=O)CCN(CCC(=O)OCCCCCCCCCCC)CC1CCCC(CN(CCC(=O)OCCCCCCCCCCC)CCC(=O)OCCCCCCCCCCC)C1,0.7477495512874085
CCCCCCCCCCCOC(=O)CCN(CCC(=O)OCCCCCCCCCCC)CC1CCCCC1,0.7098152401052433
CCCCCCCCCCCOC(=O)CCN(CCC(=O)OCCCCCCCCCCC)CC1CCCN1C,0.6995401108987948
CCCCCCCCCCCOC(=O)CCN(CCC(=O)OCCCCCCCCCCC)CC1CCCN1CCC(=O)OCCCCCCCCCCC,0.761225685479294
CCCCCCCCCCCOC(=O)CCN(CCC(=O)OCCCCCCCCCCC)CC1CCCO1,0.2065654641659591
CCCCCCCCCCCOC(=O)CCN(CCC(=O)OCCCCCCCCCCC)CC1CCN(C)CC1,0.5854095528322417
CCCCCCCCCCCOC(=O)CCN(CCC(=O)OCCCCCCCCCCC)CC1COC(C)(C)O1,-0.18004958178721944
CCCCCCCCCCCOC(=O)CCN(CCC(=O)OCCCCCCCCCCC)CCC(=O)N1CCN(CCC(=O)OCCCCCCCCCCC)CC1,0.750671270770248
CCCCCCCCCCCOC(=O)CCN(CCC(=O)OCCCCCCCCCCC)CCC(C)(C)C,0.6673754830807296
CCCCCCCCCCCOC(=O)CCN(CCC(=O)OCCCCCCCCCCC)CCC(C)C,0.7743286472071519
CCCCCCCCCCCOC(=O)CCN(CCC(=O)OCCCCCCCCCCC)CCC(c1ccccc1)c1ccccc1,0.4553110554851917
CCCCCCCCCCCOC(=O)CCN(CCC(=O)OCCCCCCCCCCC)CCC1CCC(C)CC1,0.6407660416598534
CCCCCCCCCCCOC(=O)CCN(CCC(=O)OCCCCCCCCCCC)CCC1CCC(CC)CC1,0.6394220506977473
CCCCCCCCCCCOC(=O)CCN(CCC(=O)OCCCCCCCCCCC)CCC1OCCO1,-0.010156942180446453
CCCCCCCCCCCOC(=O)CCN(CCC(=O)OCCCCCCCCCCC)CCN(C(C)C)C(C)C,0.6365154148886607
CCCCCCCCCCCOC(=O)CCN(CCC(=O)OCCCCCCCCCCC)CCN(C)C,0.7543104742935686
CCCCCCCCCCCOC(=O)CCN(CCC(=O)OCCCCCCCCCCC)CCN(C)CCCN(C)CCN(CCC(=O)OCCCCCCCCCCC)CCC(=O)OCCCCCCCCCCC,0.8191562566789212
CCCCCCCCCCCOC(=O)CCN(CCC(=O)OCCCCCCCCCCC)CCN(C)CCN(C)CCN(CCC(=O)OCCCCCCCCCCC)CCC(=O)OCCCCCCCCCCC,0.8192369602719534
CCCCCCCCCCCOC(=O)CCN(CCC(=O)OCCCCCCCCCCC)CCN(C)CCN(CCC(=O)OCCCCCCCCCCC)CCC(=O)OCCCCCCCCCCC,0.8172895035906477
CCCCCCCCCCCOC(=O)CCN(CCC(=O)OCCCCCCCCCCC)CCN(CC)CCN(CC)CCN(CCC(=O)OCCCCCCCCCCC)CCC(=O)OCCCCCCCCCCC,0.8122617706984704
CCCCCCCCCCCOC(=O)CCN(CCC(=O)OCCCCCCCCCCC)CCN(CCC(=O)OCCCCCCCCCCC)C(C)C,0.7553355702633404
CCCCCCCCCCCOC(=O)CCN(CCC(=O)OCCCCCCCCCCC)CCN(CCC(=O)OCCCCCCCCCCC)CCC(=O)OCCCCCCCCCCC,0.8159795993558413
CCCCCCCCCCCOC(=O)CCN(CCC(=O)OCCCCCCCCCCC)CCN(CCC(=O)OCCCCCCCCCCC)CCN(CC)CC,0.7826359508342742
CCCCCCCCCCCOC(=O)CCN(CCC(=O)OCCCCCCCCCCC)CCN(CCC(=O)OCCCCCCCCCCC)CCN(CCC(=O)OCCCCCCCCCCC)CCC(=O)OCCCCCCCCCCC,0.8175589906437599
CCCCCCCCCCCOC(=O)CCN(CCC(=O)OCCCCCCCCCCC)CCN(CCC(=O)OCCCCCCCCCCC)CCN(CCC(=O)OCCCCCCCCCCC)CCN(CCC(=O)OCCCCCCCCCCC)CCC(=O)OCCCCCCCCCCC,0.8185786826201794
CCCCCCCCCCCOC(=O)CCN(CCC(=O)OCCCCCCCCCCC)CCN(CCC(=O)OCCCCCCCCCCC)CCN(CCC(=O)OCCCCCCCCCCC)CCN(CCC(=O)OCCCCCCCCCCC)CCN(CCC(=O)OCCCCCCCCCCC)CCC(=O)OCCCCCCCCCCC,0.8192881497474453
CCCCCCCCCCCOC(=O)CCN(CCC(=O)OCCCCCCCCCCC)CCN(CCC(=O)OCCCCCCCCCCC)CCN(CCC(=O)OCCCCCCCCCCC)CCN(CCC(=O)OCCCCCCCCCCC)CCN(CCC(=O)OCCCCCCCCCCC)CCN(CCC(=O)OCCCCCCCCCCC)CCC(=O)OCCCCCCCCCCC,0.8198105555663587
CCCCCCCCCCCOC(=O)CCN(CCC(=O)OCCCCCCCCCCC)CCN(CCC(=O)OCCCCCCCCCCC)CCN1CCN(CCN(CCC(=O)OCCCCCCCCCCC)CCC(=O)OCCCCCCCCCCC)CC1,0.8168440601385993
CCCCCCCCCCCOC(=O)CCN(CCC(=O)OCCCCCCCCCCC)CCN(CCC(=O)OCCCCCCCCCCC)Cc1ccccc1,0.6748534815741556
CCCCCCCCCCCOC(=O)CCN(CCC(=O)OCCCCCCCCCCC)CCN(CCC(=O)OCCCCCCCCCCC)c1ccccc1,0.6221171575234107
CCCCCCCCCCCOC(=O)CCN(CCC(=O)OCCCCCCCCCCC)CCN(CCN(CCC(=O)OCCCCCCCCCCC)CCC(=O)OCCCCCCCCCCC)CCN(CCC(=O)OCCCCCCCCCCC)CCC(=O)OCCCCCCCCCCC,0.8182761777615293
CCCCCCCCCCCOC(=O)CCN(CCC(=O)OCCCCCCCCCCC)CCN(CCO)CCO,0.6393572621620608
CCCCCCCCCCCOC(=O)CCN(CCC(=O)OCCCCCCCCCCC)CCN1CCCC1,0.7787881887982762
CCCCCCCCCCCOC(=O)CCN(CCC(=O)OCCCCCCCCCCC)CCN1CCCCC1,0.7744509793643601
CCCCCCCCCCCOC(=O)CCN(CCC(=O)OCCCCCCCCCCC)CCN1CCN(CCC(=O)OCCCCCCCCCCC)CC1,0.7901530243565561
CCCCCCCCCCCOC(=O)CCN(CCC(=O)OCCCCCCCCCCC)CCN1CCN(CCN(CCC(=O)OCCCCCCCCCCC)CCC(=O)OCCCCCCCCCCC)CC1,0.8129446335507706
CCCCCCCCCCCOC(=O)CCN(CCC(=O)OCCCCCCCCCCC)CCN1CCOCC1,0.18116823940774976
CCCCCCCCCCCOC(=O)CCN(CCC(=O)OCCCCCCCCCCC)CC[C@H](C)O,0.5123204833564029
CCCCCCCCCCCOC(=O)CCN(CCC(=O)OCCCCCCCCCCC)CCc1ccc(OC)c(OC)c1,0.35679361405868926
CCCCCCCCCCCOC(=O)CCN(CCC(=O)OCCCCCCCCCCC)CCc1ccc(OC)cc1,0.4788959530881767
CCCCCCCCCCCOC(=O)CCN(CCC(=O)OCCCCCCCCCCC)CCc1ccccc1F,0.6039050466958354
CCCCCCCCCCCOC(=O)CCN(CCC(=O)OCCCCCCCCCCC)CN(CC)CCC,0.7329748553083024
CCCCCCCCCCCOC(=O)CCN(CCC(=O)OCCCCCCCCCCC)C[C@@H](C)O,0.6747677302950251
CCCCCCCCCCCOC(=O)CCN(CCC(=O)OCCCCCCCCCCC)C[C@@H]1CCCN1CC,0.5488890688339676
CCCCCCCCCCCOC(=O)CCN(CCC(=O)OCCCCCCCCCCC)C[C@H]1CCCN1CC,0.7367064017949525
CCCCCCCCCCCOC(=O)CCN(CCC(=O)OCCCCCCCCCCC)Cc1cc(C)c(OC)c(OC)c1,0.2740329107878725
CCCCCCCCCCCOC(=O)CCN(CCC(=O)OCCCCCCCCCCC)Cc1cc(F)ccc1F,0.5892389650446584
CCCCCCCCCCCOC(=O)CCN(CCC(=O)OCCCCCCCCCCC)Cc1cccc(CN(CCC(=O)OCCCCCCCCCCC)CCC(=O)OCCCCCCCCCCC)c1,0.6804876494126492
CCCCCCCCCCCOC(=O)CCN(CCC(=O)OCCCCCCCCCCC)Cc1cccc(F)c1,0.5766252725610916
CCCCCCCCCCCOC(=O)CCN(CCC(=O)OCCCCCCCCCCC)Cc1cccc(N(CCC(=O)OCCCCCCCCCCC)CCC(=O)OCCCCCCCCCCC)c1,0.6278444403242841
CCCCCCCCCCCOC(=O)CCN(CCC(=O)OCCCCCCCCCCC)Cc1ccccc1F,0.5979039417702593
CCCCCCCCCCCOC(=O)CCN(CCC(=O)OCCCCCCCCCCC)Cc1ccccc1N(CCC(=O)OCCCCCCCCCCC)CCC(=O)OCCCCCCCCCCC,0.6512890419460047
CCCCCCCCCCCOC(=O)CCN(CCC(=O)OCCCCCCCCCCC)Cc1ccccc1OC,0.4865786797912997
CCCCCCCCCCCOC(=O)CCN(CCC(=O)OCCCCCCCCCCC)Cc1ccccc1OCC,0.532763552670387
CCCCCCCCCCCOC(=O)CCN(CCC(=O)OCCCCCCCCCCC)Cc1nccn1C,0.45648179204503797
CCCCCCCCCCCOC(=O)CCN(CCC(=O)OCCCCCCCCCCC)[C@@H](CO)CC(C)C,0.7413173739690289
CCCCCCCCCCCOC(=O)CCN(CCC(=O)OCCCCCCCCCCC)[C@H]1CCCC[C@H]1N(CCC(=O)OCCCCCCCCCCC)CCC(=O)OCCCCCCCCCCC,0.8067494005563042
CCCCCCCCCCCOC(=O)CCN(CCC(=O)OCCCCCCCCCCC)[C@@H]1CCCC[C@H]1N(CCC(=O)OCCCCCCCCCCC)CCC(=O)OCCCCCCCCCCC,0.731143317253633
CCCCCCCCCCCOC(=O)CCN(CCC(=O)OCCCCCCCCCCC)[C@@H](c1ccccc1)[C@@H](c1ccccc1)N(CCC(=O)OCCCCCCCCCCC)CCC(=O)OCCCCCCCCCCC,0.6325177662678113
CCCCCCCCCCCOC(=O)CCN(CCC(=O)OCCCCCCCCCCC)[C@H]1CC[C@H](N(CCC(=O)OCCCCCCCCCCC)CCC(=O)OCCCCCCCCCCC)CC1,0.5331834013846893
CCCCCCCCCCCOC(=O)CCN(CCC(=O)OCCCCCCCCCCC)c1c(-c2ccccc2)cc(-c2ccccc2)cc1-c1ccccc1,0.10902961953196881
CCCCCCCCCCCOC(=O)CCN(CCC(=O)OCCCCCCCCCCC)c1c(C)c(C)c(N(CCC(=O)OCCCCCCCCCCC)CCC(=O)OCCCCCCCCCCC)c(C)c1C,0.42474396093272826
CCCCCCCCCCCOC(=O)CCN(CCC(=O)OCCCCCCCCCCC)c1c(C)cc(-c2cc(C)c(N(CCC(=O)OCCCCCCCCCCC)CCC(=O)OCCCCCCCCCCC)c(C)c2)cc1C,0.3312631897720244
CCCCCCCCCCCOC(=O)CCN(CCC(=O)OCCCCCCCCCCC)c1c(CC)cccc1CC,0.45312454632871996
CCCCCCCCCCCOC(=O)CCN(CCC(=O)OCCCCCCCCCCC)c1c(F)cc(F)cc1F,0.5396344036029889
CCCCCCCCCCCOC(=O)CCN(CCC(=O)OCCCCCCCCCCC)c1c(N(CCC(=O)OCCCCCCCCCCC)CCC(=O)OCCCCCCCCCCC)c2ccccc2c2ccccc12,0.3680911075459623
CCCCCCCCCCCOC(=O)CCN(CCC(=O)OCCCCCCCCCCC)c1cc(C(C)(C)C)ccc1C(C)(C)C,0.13971646301404902
CCCCCCCCCCCOC(=O)CCN(CCC(=O)OCCCCCCCCCCC)c1cc(C(C)(C)C)ccc1OC,0.214890108079443
CCCCCCCCCCCOC(=O)CCN(CCC(=O)OCCCCCCCCCCC)c1cc(C)c(C)cc1N(CCC(=O)OCCCCCCCCCCC)CCC(=O)OCCCCCCCCCCC,0.4945452052222376
CCCCCCCCCCCOC(=O)CCN(CCC(=O)OCCCCCCCCCCC)c1cc(F)c(F)c(F)c1,0.4992799347825383
CCCCCCCCCCCOC(=O)CCN(CCC(=O)OCCCCCCCCCCC)c1cc(F)cc(F)c1,0.47630744027237404
CCCCCCCCCCCOC(=O)CCN(CCC(=O)OCCCCCCCCCCC)c1cc(F)ccc1F,0.5007596788084202
CCCCCCCCCCCOC(=O)CCN(CCC(=O)OCCCCCCCCCCC)c1cc(OC)ccc1OC,0.30077626435171206
CCCCCCCCCCCOC(=O)CCN(CCC(=O)OCCCCCCCCCCC)c1ccc(-c2ccc(N(CCC(=O)OCCCCCCCCCCC)CCC(=O)OCCCCCCCCCCC)c(C)c2)cc1C,0.37978252839480886
CCCCCCCCCCCOC(=O)CCN(CCC(=O)OCCCCCCCCCCC)c1ccc(-c2ccc(N(CCC(=O)OCCCCCCCCCCC)CCC(=O)OCCCCCCCCCCC)c(N(CCC(=O)OCCCCCCCCCCC)CCC(=O)OCCCCCCCCCCC)c2)cc1N(CCC(=O)OCCCCCCCCCCC)CCC(=O)OCCCCCCCCCCC,0.5429030475821444
CCCCCCCCCCCOC(=O)CCN(CCC(=O)OCCCCCCCCCCC)c1ccc(-c2ccccc2)cc1,0.28114227973475947
CCCCCCCCCCCOC(=O)CCN(CCC(=O)OCCCCCCCCCCC)c1ccc(C(C)(C)C)cc1,0.2935415346359578
CCCCCCCCCCCOC(=O)CCN(CCC(=O)OCCCCCCCCCCC)c1ccc(C(C)C)cc1,0.40436731322934494
CCCCCCCCCCCOC(=O)CCN(CCC(=O)OCCCCCCCCCCC)c1ccc(C)c(F)c1,0.43052255197817835
CCCCCCCCCCCOC(=O)CCN(CCC(=O)OCCCCCCCCCCC)c1ccc(C)c(N(CCC(=O)OCCCCCCCCCCC)CCC(=O)OCCCCCCCCCCC)c1,0.5363414119614763
CCCCCCCCCCCOC(=O)CCN(CCC(=O)OCCCCCCCCCCC)c1ccc(C)cc1N(CCC(=O)OCCCCCCCCCCC)CCC(=O)OCCCCCCCCCCC,0.5449566838251435
CCCCCCCCCCCOC(=O)CCN(CCC(=O)OCCCCCCCCCCC)c1ccc(C2(c3ccc(N(CCC(=O)OCCCCCCCCCCC)CCC(=O)OCCCCCCCCCCC)cc3)c3ccccc3-c3ccccc32)cc1,0.34897712367395856
CCCCCCCCCCCOC(=O)CCN(CCC(=O)OCCCCCCCCCCC)c1ccc(Cc2ccc(N(CCC(=O)OCCCCCCCCCCC)CCC(=O)OCCCCCCCCCCC)cc2)cc1,0.47347993436594765
CCCCCCCCCCCOC(=O)CCN(CCC(=O)OCCCCCCCCCCC)c1ccc(F)c(F)c1,0.4928013781365957
CCCCCCCCCCCOC(=O)CCN(CCC(=O)OCCCCCCCCCCC)c1ccc(F)cc1,0.48489129771314643
CCCCCCCCCCCOC(=O)CCN(CCC(=O)OCCCCCCCCCCC)c1ccc(F)cc1C(F)(F)F,0.565606530115535
CCCCCCCCCCCOC(=O)CCN(CCC(=O)OCCCCCCCCCCC)c1ccc(N(CCC(=O)OCCCCCCCCCCC)CCC(=O)OCCCCCCCCCCC)cc1,0.5794454444765398
CCCCCCCCCCCOC(=O)CCN(CCC(=O)OCCCCCCCCCCC)c1ccc(N(CCC(=O)OCCCCCCCCCCC)c2ccccc2)cc1,0.40379683562341206
CCCCCCCCCCCOC(=O)CCN(CCC(=O)OCCCCCCCCCCC)c1ccc(OC(F)(F)F)cc1,0.48647460838085915
CCCCCCCCCCCOC(=O)CCN(CCC(=O)OCCCCCCCCCCC)c1ccc(OC(F)F)cc1,0.48529220275844415
CCCCCCCCCCCOC(=O)CCN(CCC(=O)OCCCCCCCCCCC)c1ccc(OC)c(F)c1,0.39982543497027434
CCCCCCCCCCCOC(=O)CCN(CCC(=O)OCCCCCCCCCCC)c1ccc(OCCCCCCCC)cc1,0.5268541374781748
CCCCCCCCCCCOC(=O)CCN(CCC(=O)OCCCCCCCCCCC)c1ccc(Oc2ccc(F)cc2)cc1,0.30971859658228446
CCCCCCCCCCCOC(=O)CCN(CCC(=O)OCCCCCCCCCCC)c1ccc(Oc2ccc(N(CCC(=O)OCCCCCCCCCCC)CCC(=O)OCCCCCCCCCCC)cc2)cc1,0.45313924400294764
CCCCCCCCCCCOC(=O)CCN(CCC(=O)OCCCCCCCCCCC)c1ccc(Oc2ccccc2)cc1,0.3156332376142221
CCCCCCCCCCCOC(=O)CCN(CCC(=O)OCCCCCCCCCCC)c1ccc2c(c1)CCCC2,0.4411832650180025
CCCCCCCCCCCOC(=O)CCN(CCC(=O)OCCCCCCCCCCC)c1ccc2c(c1)Cc1cc(N(CCC(=O)OCCCCCCCCCCC)CCC(=O)OCCCCCCCCCCC)ccc1-2,0.42781767515167196
CCCCCCCCCCCOC(=O)CCN(CCC(=O)OCCCCCCCCCCC)c1ccc2c(c1)OCCO2,0.2108003540334334
CCCCCCCCCCCOC(=O)CCN(CCC(=O)OCCCCCCCCCCC)c1ccc2c(c1)OCO2,0.13383293948229447
CCCCCCCCCCCOC(=O)CCN(CCC(=O)OCCCCCCCCCCC)c1ccc2cc3ccccc3cc2c1,0.12624484204738087
CCCCCCCCCCCOC(=O)CCN(CCC(=O)OCCCCCCCCCCC)c1ccc2ccccc2c1-c1c(N(CCC(=O)OCCCCCCCCCCC)CCC(=O)OCCCCCCCCCCC)ccc2ccccc12,0.26238341542591387
CCCCCCCCCCCOC(=O)CCN(CCC(=O)OCCCCCCCCCCC)c1cccc(-c2ccccc2)c1,0.27799192976393355
CCCCCCCCCCCOC(=O)CCN(CCC(=O)OCCCCCCCCCCC)c1cccc(C(F)(F)F)c1,0.533189755530719
CCCCCCCCCCCOC(=O)CCN(CCC(=O)OCCCCCCCCCCC)c1cccc(C)c1N(CCC(=O)OCCCCCCCCCCC)CCC(=O)OCCCCCCCCCCC,0.5562756745167415
CCCCCCCCCCCOC(=O)CCN(CCC(=O)OCCCCCCCCCCC)c1cccc(F)c1,0.4858883344866654
CCCCCCCCCCCOC(=O)CCN(CCC(=O)OCCCCCCCCCCC)c1cccc(N(CCC(=O)OCCCCCCCCCCC)CCC(=O)OCCCCCCCCCCC)c1,0.5748952226892712
CCCCCCCCCCCOC(=O)CCN(CCC(=O)OCCCCCCCCCCC)c1cccc(N(CCC(=O)OCCCCCCCCCCC)CCC(=O)OCCCCCCCCCCC)c1C,0.5444089208066534
CCCCCCCCCCCOC(=O)CCN(CCC(=O)OCCCCCCCCCCC)c1cccc(OC(C)C)c1,0.41593263100254496
CCCCCCCCCCCOC(=O)CCN(CCC(=O)OCCCCCCCCCCC)c1cccc(OCc2ccccc2)c1,0.3096911015391838
CCCCCCCCCCCOC(=O)CCN(CCC(=O)OCCCCCCCCCCC)c1cccc2c1CCC2,0.4716234548034979
CCCCCCCCCCCOC(=O)CCN(CCC(=O)OCCCCCCCCCCC)c1cccc2cccc(N(CCC(=O)OCCCCCCCCCCC)CCC(=O)OCCCCCCCCCCC)c12,0.4549114865920964
CCCCCCCCCCCOC(=O)CCN(CCC(=O)OCCCCCCCCCCC)c1ccccc1C(C)(C)C,0.29825372776244263
CCCCCCCCCCCOC(=O)CCN(CCC(=O)OCCCCCCCCCCC)c1ccccc1C(C)C,0.41961473985770187
CCCCCCCCCCCOC(=O)CCN(CCC(=O)OCCCCCCCCCCC)c1ccccc1Cc1ccccc1,0.3747547658103604
CCCCCCCCCCCOC(=O)CCN(CCC(=O)OCCCCCCCCCCC)c1ccccc1N(CCC(=O)OCCCCCCCCCCC)c1ccccc1,0.410179664387112
CCCCCCCCCCCOC(=O)CCN(CCC(=O)OCCCCCCCCCCC)c1ccccc1OC,0.40341695270610056
CCCCCCCCCCCOC(=O)CCN(CCC(=O)OCCCCCCCCCCC)c1ccccc1OCC,0.44999507002452444
CCCCCCCCCCCOC(=O)CCN(CCC(=O)OCCCCCCCCCCC)c1ccccc1Oc1ccccc1,0.3256266168595664
CCCCCCCCCCCOC(=O)CCN(CCC(=O)OCCCCCCCCCCC)c1nc(N(CCC(=O)OCCCCCCCCCCC)CCC(=O)OCCCCCCCCCCC)nc(N(CCC(=O)OCCCCCCCCCCC)CCC(=O)OCCCCCCCCCCC)n1,0.7160031688010027
CCCCCCCCCCCOC(=O)CCN(CCC)CCC(=O)OCCCCCCCCCCC,0.7363148795073435
CCCCCCCCCCCOC(=O)CCN(CCC)CCCN(CCC(=O)OCCCCCCCCCCC)CCC(=O)OCCCCCCCCCCC,0.8043468207425497
CCCCCCCCCCCOC(=O)CCN(CCCC)CCC(=O)OCCCCCCCCCCC,0.798649705289182
CCCCCCCCCCCOC(=O)CCN(CCCCC)CCC(=O)OCCCCCCCCCCC,0.8123145041720631
CCCCCCCCCCCOC(=O)CCN(CCCCCC)CCC(=O)OCCCCCCCCCCC,0.8155880770682323
CCCCCCCCCCCOC(=O)CCN(CCCCCCCCN(CCC(=O)OCCCCCCCCCCC)CCC(=O)OCCCCCCCCCCC)CCC(=O)OCCCCCCCCCCC,0.8143660619560804
CCCCCCCCCCCOC(=O)CCN(CCCCCCN(CCC(=O)OCCCCCCCCCCC)CCC(=O)OCCCCCCCCCCC)CCCCCCN(CCC(=O)OCCCCCCCCCCC)CCC(=O)OCCCCCCCCCCC,0.8149925688777055
CCCCCCCCCCCOC(=O)CCN(CCCCCCO)CCC(=O)OCCCCCCCCCCC,0.787898015130502
CCCCCCCCCCCOC(=O)CCN(CCCCCO)CCC(=O)OCCCCCCCCCCC,0.7925660558497614
CCCCCCCCCCCOC(=O)CCN(CCCCN(C)Cc1ccccc1)CCC(=O)OCCCCCCCCCCC,0.6089881853660105
CCCCCCCCCCCOC(=O)CCN(CCCCN1CCN(C)CC1)CCC(=O)OCCCCCCCCCCC,0.7516182166823081
CCCCCCCCCCCOC(=O)CCN(CCCCO)CCC(=O)OCCCCCCCCCCC,0.7614305621503468
CCCCCCCCCCCOC(=O)CCN(CCCCc1ccccc1)CCC(=O)OCCCCCCCCCCC,0.6236147762965353
CCCCCCCCCCCOC(=O)CCN(CCCN(C)C)CCC(=O)OCCCCCCCCCCC,0.7584039101812029
CCCCCCCCCCCOC(=O)CCN(CCCN(C)C)CCCN(CCC(=O)OCCCCCCCCCCC)CCC(=O)OCCCCCCCCCCC,0.7822221593432899
CCCCCCCCCCCOC(=O)CCN(CCCN(C)CCCN(CCC(=O)OCCCCCCCCCCC)CCC(=O)OCCCCCCCCCCC)CCC(=O)OCCCCCCCCCCC,0.8167321202762995
CCCCCCCCCCCOC(=O)CCN(CCCN(CC)CC)CCC(=O)OCCCCCCCCCCC,0.757251374983582
CCCCCCCCCCCOC(=O)CCN(CCCN(CCC(=O)OCCCCCCCCCCC)CCC(=O)OCCCCCCCCCCC)CCC(=O)OCCCCCCCCCCC,0.8146126859603942
CCCCCCCCCCCOC(=O)CCN(CCCN(CCC(=O)OCCCCCCCCCCC)CCC(=O)OCCCCCCCCCCC)CCCN(CCC(=O)OCCCCCCCCCCC)CCC(=O)OCCCCCCCCCCC,0.815545201428667
CCCCCCCCCCCOC(=O)CCN(CCCN(CCC(=O)OCCCCCCCCCCC)CCN(CCC(=O)OCCCCCCCCCCC)CCC(=O)OCCCCCCCCCCC)CCC(=O)OCCCCCCCCCCC,0.816601414898622
CCCCCCCCCCCOC(=O)CCN(CCCN(CCC(=O)OCCCCCCCCCCC)CCN(CCC(=O)OCCCCCCCCCCC)CCC(=O)OCCCCCCCCCCC)CCN(CCC(=O)OCCCCCCCCCCC)CCC(=O)OCCCCCCCCCCC,0.8179098939044124
CCCCCCCCCCCOC(=O)CCN(CCCN(CCCN(CCC(=O)OCCCCCCCCCCC)CCC(=O)OCCCCCCCCCCC)CCC(=O)OCCCCCCCCCCC)CCCN(CCC(=O)OCCCCCCCCCCC)CCC(=O)OCCCCCCCCCCC,0.8161611972862991
CCCCCCCCCCCOC(=O)CCN(CCCN1CCN(C(C)C)CC1)CCC(=O)OCCCCCCCCCCC,0.6965068078609093
CCCCCCCCCCCOC(=O)CCN(CCCN1CCN(CCCN(CCC(=O)OCCCCCCCCCCC)CCC(=O)OCCCCCCCCCCC)CC1)CCC(=O)OCCCCCCCCCCC,0.8190779878521248
CCCCCCCCCCCOC(=O)CCN(CCCN1CCOCC1)CCC(=O)OCCCCCCCCCCC,0.19698258056949958
CCCCCCCCCCCOC(=O)CCN(CCCO)CCC(=O)OCCCCCCCCCCC,0.7354399076605924
CCCCCCCCCCCOC(=O)CCN(CCCOC(C)C)CCC(=O)OCCCCCCCCCCC,0.6810300678223291
CCCCCCCCCCCOC(=O)CCN(CCCOC)CCC(=O)OCCCCCCCCCCC,0.661422835941698
CCCCCCCCCCCOC(=O)CCN(CCCOCCCCOCCCN(CCC(=O)OCCCCCCCCCCC)CCC(=O)OCCCCCCCCCCC)CCC(=O)OCCCCCCCCCCC,0.6881482553737527
CCCCCCCCCCCOC(=O)CCN(CCCOCCOCCOCCCN(CCC(=O)OCCCCCCCCCCC)CCC(=O)OCCCCCCCCCCC)CCC(=O)OCCCCCCCCCCC,0.6227959228422898
CCCCCCCCCCCOC(=O)CCN(CCCc1ccccc1)CCC(=O)OCCCCCCCCCCC,0.6171384762632014
CCCCCCCCCCCOC(=O)CCN(CCCn1ccnc1)CCC(=O)OCCCCCCCCCCC,0.41799339339062414
CCCCCCCCCCCOC(=O)CCN(CCN(CCC(=O)OCCCCCCCCCCC)C(C)(C)C)C(C)(C)C,0.4067746734987573
CCCCCCCCCCCOC(=O)CCN(CCN(CCC(=O)OCCCCCCCCCCC)C(C)C)C(C)C,0.6416796134591218
CCCCCCCCCCCOC(=O)CCN(CCO)CCC(=O)OCCCCCCCCCCC,0.6500650671439558
CCCCCCCCCCCOC(=O)CCN(CCO)CCN(CCC(=O)OCCCCCCCCCCC)CCC(=O)OCCCCCCCCCCC,0.755753874979542
CCCCCCCCCCCOC(=O)CCN(CCO)CCN(CCO)CCC(=O)OCCCCCCCCCCC,0.6722444217067054
CCCCCCCCCCCOC(=O)CCN(CCOC)CCC(=O)OCCCCCCCCCCC,0.5475884879723077
CCCCCCCCCCCOC(=O)CCN(CCOCC)CCC(=O)OCCCCCCCCCCC,0.6111461008653484
CCCCCCCCCCCOC(=O)CCN(CCOCCN1CCCC1)CCC(=O)OCCCCCCCCCCC,0.4895047640380008
CCCCCCCCCCCOC(=O)CCN(CCOCCO)CCC(=O)OCCCCCCCCCCC,0.6084230226766165
CCCCCCCCCCCOC(=O)CCN(CCOCCOCCN(CCC(=O)OCCCCCCCCCCC)CCC(=O)OCCCCCCCCCCC)CCC(=O)OCCCCCCCCCCC,0.5946092873615614
CCCCCCCCCCCOC(=O)CCN(CCOCCOCCOCCN(CCC(=O)OCCCCCCCCCCC)CCC(=O)OCCCCCCCCCCC)CCC(=O)OCCCCCCCCCCC,0.5396756164753688
CCCCCCCCCCCOC(=O)CCN(c1ccccc1)c1ccc(-c2ccc(N(CCC(=O)OCCCCCCCCCCC)c3ccccc3)cc2)cc1,0.12263853756051346
CCCCCCCCCCCOC(=O)CCN1C(C)N(CCC(=O)OCCCCCCCCCCC)C(C)N(CCC(=O)OCCCCCCCCCCC)C1C,0.7454409178196266
CCCCCCCCCCCOC(=O)CCN1CCC(N(CCC(=O)OCCCCCCCCCCC)CCC(=O)OCCCCCCCCCCC)CC1,0.6651821150096182
CCCCCCCCCCCOC(=O)CCN1CCCCN(C)CCN(CCC(=O)OCCCCCCCCCCC)CCCN(C)CC1,0.5697828074397254
CCCCCCCCCCCOC(=O)CCN1CCCN(CCC(=O)OCCCCCCCCCCC)CCCN(CCC(=O)OCCCCCCCCCCC)CCC1,0.6580658871480917
CCCCCCCCCCCOC(=O)CCN1CCCN(CCC(=O)OCCCCCCCCCCC)CCCN(CCC(=O)OCCCCCCCCCCC)CCN(CCC(=O)OCCCCCCCCCCC)CCC1,0.6793993089052914
CCCCCCCCCCCOC(=O)CCN1CCCN(CCC(=O)OCCCCCCCCCCC)CCN(CCC(=O)OCCCCCCCCCCC)CCCN(CCC(=O)OCCCCCCCCCCC)CC1,0.7022000633190254
CCCCCCCCCCCOC(=O)CCN1CCCN(CCC(=O)OCCCCCCCCCCC)CCN(CCC(=O)OCCCCCCCCCCC)CCN(CCC(=O)OCCCCCCCCCCC)CC1,0.7228547197573459
CCCCCCCCCCCOC(=O)CCN1CCN(CCC(=O)OCCCCCCCCCCC)C(c2ccccc2)C1,0.5912066718549001
CCCCCCCCCCCOC(=O)CCN1CCN(CCC(=O)OCCCCCCCCCCC)C2C1N(CCC(=O)OCCCCCCCCCCC)CCN2CCC(=O)OCCCCCCCCCCC,0.8117048030759185
CCCCCCCCCCCOC(=O)CCN1CCN(CCC(=O)OCCCCCCCCCCC)CC1,0.744015807572692
CCCCCCCCCCCOC(=O)CCN1CCN(CCC(=O)OCCCCCCCCCCC)CCN(CCC(=O)OCCCCCCCCCCC)CCN(CCC(=O)OCCCCCCCCCCC)CC1,0.744015807572692
CCCCCCCCCCCOC(=O)CCN1CCN(CCC(=O)OCCCCCCCCCCC)[C@H](C)C1,0.5093969229527511
CCCCCCCCCCCOC(=O)CCN1CCOCCN(CCC(=O)OCCCCCCCCCCC)CCN(CCC(=O)OCCCCCCCCCCC)CC1,0.27499476222005853
CCCCCCCCCCCOC(=O)CCN1CC[C@@H](N(CCC(=O)OCCCCCCCCCCC)CCC(=O)OCCCCCCCCCCC)C1,0.7733169127594052
CCCCCCCCCCOC(=O)CCN(C)CCCCCCN(C)CCC(=O)OCCCCCCCCCC,0.7850764179860378
CCCCCCCCCCOC(=O)CCN(C)CCCN(CC)CCCN(C)CCC(=O)OCCCCCCCCCC,0.7833207733764714
CCCCCCCCCCOC(=O)CCN(C)CCN(CCN(C)CCC(=O)OCCCCCCCCCC)CCN(C)CCC(=O)OCCCCCCCCCC,0.8092262110479763
CCCCCCCCCCOC(=O)CCN(C)CCOCCN(C)CCC(=O)OCCCCCCCCCC,0.46412517648886464
CCCCCCCCCCOC(=O)CCN(C)CCOCCOCCN(C)CCC(=O)OCCCCCCCCCC,0.3920608763678149
CCCCCCCCCCOC(=O)CCN(C)c1ccc(Cc2ccc(N(CCC(=O)OCCCCCCCCCC)CCC(=O)OCCCCCCCCCC)cc2)cc1,0.3653347740135234
CCCCCCCCCCOC(=O)CCN(C)c1ccccc1N(CCC(=O)OCCCCCCCCCC)CCC(=O)OCCCCCCCCCC,0.4814064939998946
CCCCCCCCCCOC(=O)CCN(CC)CCN(CCC(=O)OCCCCCCCCCC)CCC(=O)OCCCCCCCCCC,0.8002192387430732
CCCCCCCCCCOC(=O)CCN(CCC(=O)OCCCCCCCCCC)C(=O)C1CCCN1C,0.6806514319804067
CCCCCCCCCCOC(=O)CCN(CCC(=O)OCCCCCCCCCC)C(C)(C)C,0.49716643892086637
CCCCCCCCCCOC(=O)CCN(CCC(=O)OCCCCCCCCCC)C(C)(C)CC,0.5242459089943171
CCCCCCCCCCOC(=O)CCN(CCC(=O)OCCCCCCCCCC)C(C)(C)CC(C)(C)C,0.4558980716861646
CCCCCCCCCCOC(=O)CCN(CCC(=O)OCCCCCCCCCC)C(C)C,0.6524766734081451
CCCCCCCCCCOC(=O)CCN(CCC(=O)OCCCCCCCCCC)C(C)C(C)C,0.6043989479344285
CCCCCCCCCCOC(=O)CCN(CCC(=O)OCCCCCCCCCC)C(C)CC,0.6788633634107258
CCCCCCCCCCOC(=O)CCN(CCC(=O)OCCCCCCCCCC)C(C)CCC,0.7401787941388565
CCCCCCCCCCOC(=O)CCN(CCC(=O)OCCCCCCCCCC)C(C)CO,0.614502752736243
CCCCCCCCCCOC(=O)CCN(CCC(=O)OCCCCCCCCCC)C(C)c1ccc(C)cc1,0.4417241988141241
CCCCCCCCCCOC(=O)CCN(CCC(=O)OCCCCCCCCCC)C(CC)CC,0.6798439209737471
CCCCCCCCCCOC(=O)CCN(CCC(=O)OCCCCCCCCCC)C(CO)(CO)CO,0.3084602678224953
CCCCCCCCCCOC(=O)CCN(CCC(=O)OCCCCCCCCCC)C(CO)C(C)(C)C,0.4281515647409456
CCCCCCCCCCOC(=O)CCN(CCC(=O)OCCCCCCCCCC)C(c1ccccc1)(c1ccccc1)c1ccccc1,0.35154906820245
CCCCCCCCCCOC(=O)CCN(CCC(=O)OCCCCCCCCCC)C(c1ccccc1)c1ccccc1,0.4396782825616285
CCCCCCCCCCOC(=O)CCN(CCC(=O)OCCCCCCCCCC)C12C[C@H]3C[C@@H](C1)C[C@@H](C2)C3,0.4840326566155371
CCCCCCCCCCOC(=O)CCN(CCC(=O)OCCCCCCCCCC)C1CC1,0.6847821019760846
CCCCCCCCCCOC(=O)CCN(CCC(=O)OCCCCCCCCCC)C1CC2CCC1C2,0.5619466013869399
CCCCCCCCCCOC(=O)CCN(CCC(=O)OCCCCCCCCCC)C1CCC(CC2CCC(N(CCC(=O)OCCCCCCCCCC)CCC(=O)OCCCCCCCCCC)C(C)C2)CC1C,0.5934565740103135
CCCCCCCCCCOC(=O)CCN(CCC(=O)OCCCCCCCCCC)C1CCC1,0.6940668751700267
CCCCCCCCCCOC(=O)CCN(CCC(=O)OCCCCCCCCCC)C1CCCC(N(CCC(=O)OCCCCCCCCCC)CCC(=O)OCCCCCCCCCC)C1,0.7169969691169644
CCCCCCCCCCOC(=O)CCN(CCC(=O)OCCCCCCCCCC)C1CCCCC1,0.6933873972366396
CCCCCCCCCCOC(=O)CCN(CCC(=O)OCCCCCCCCCC)C1CCCCCCC1,0.6758095727057353
CCCCCCCCCCOC(=O)CCN(CCC(=O)OCCCCCCCCCC)C1CCN(C)CC1,0.5699306749501375
CCCCCCCCCCOC(=O)CCN(CCC(=O)OCCCCCCCCCC)C1CCc2ccccc21,0.5301585309518154
CCCCCCCCCCOC(=O)CCN(CCC(=O)OCCCCCCCCCC)C1Cc2ccccc2C1,0.5157652618881214
CCCCCCCCCCOC(=O)CCN(CCC(=O)OCCCCCCCCCC)CC(=O)N(C)c1ccccc1,0.5091782690678768
CCCCCCCCCCOC(=O)CCN(CCC(=O)OCCCCCCCCCC)CC(C)(C)CN(C)C,0.6058986451665347
CCCCCCCCCCOC(=O)CCN(CCC(=O)OCCCCCCCCCC)CC(C)C,0.7087948355143159
CCCCCCCCCCOC(=O)CCN(CCC(=O)OCCCCCCCCCC)CC(C)CC,0.7463065069086889
CCCCCCCCCCOC(=O)CCN(CCC(=O)OCCCCCCCCCC)CC(C)N(CCC(=O)OCCCCCCCCCC)CCC(=O)OCCCCCCCCCC,0.7928170149256655
CCCCCCCCCCOC(=O)CCN(CCC(=O)OCCCCCCCCCC)CC(CC)CCCC,0.809230427350482
CCCCCCCCCCOC(=O)CCN(CCC(=O)OCCCCCCCCCC)CC1(C)CC(N(CCC(=O)OCCCCCCCCCC)CCC(=O)OCCCCCCCCCC)CC(C)(C)C1,0.5488571199501918
CCCCCCCCCCOC(=O)CCN(CCC(=O)OCCCCCCCCCC)CC12C[C@H]3C[C@@H](C1)C[C@@H](C2)C3,0.5051104873025307
CCCCCCCCCCOC(=O)CCN(CCC(=O)OCCCCCCCCCC)CC1CCC(CN(CCC(=O)OCCCCCCCCCC)CCC(=O)OCCCCCCCCCC)CC1,0.697864576036837
CCCCCCCCCCOC(=O)CCN(CCC(=O)OCCCCCCCCCC)CC1CCCC(CN(CCC(=O)OCCCCCCCCCC)CCC(=O)OCCCCCCCCCC)C1,0.7448540797722807
CCCCCCCCCCOC(=O)CCN(CCC(=O)OCCCCCCCCCC)CC1CCCCC1,0.7051020077492676
CCCCCCCCCCOC(=O)CCN(CCC(=O)OCCCCCCCCCC)CC1CCCN1C,0.6943085108727843
CCCCCCCCCCOC(=O)CCN(CCC(=O)OCCCCCCCCCC)CC1CCCN1CCC(=O)OCCCCCCCCCC,0.758188522446157
CCCCCCCCCCOC(=O)CCN(CCC(=O)OCCCCCCCCCC)CC1CCN(C)CC1,0.5746201534891795
CCCCCCCCCCOC(=O)CCN(CCC(=O)OCCCCCCCCCC)CCC(=O)N1CCN(CCC(=O)OCCCCCCCCCC)CC1,0.7481344818908183
CCCCCCCCCCOC(=O)CCN(CCC(=O)OCCCCCCCCCC)CCC(C)(C)C,0.6600914345025667
CCCCCCCCCCOC(=O)CCN(CCC(=O)OCCCCCCCCCC)CCC(c1ccccc1)c1ccccc1,0.4428851963090277
CCCCCCCCCCOC(=O)CCN(CCC(=O)OCCCCCCCCCC)CCC1CCC(C)CC1,0.6332188007900658
CCCCCCCCCCOC(=O)CCN(CCC(=O)OCCCCCCCCCC)CCC1CCC(CC)CC1,0.6319933413744585
CCCCCCCCCCOC(=O)CCN(CCC(=O)OCCCCCCCCCC)CCN(C(C)C)C(C)C,0.6285962486302342
CCCCCCCCCCOC(=O)CCN(CCC(=O)OCCCCCCCCCC)CCN(C)C,0.7516860932141961
CCCCCCCCCCOC(=O)CCN(CCC(=O)OCCCCCCCCCC)CCN(C)CCCN(C)CCN(CCC(=O)OCCCCCCCCCC)CCC(=O)OCCCCCCCCCC,0.8197573470164273
CCCCCCCCCCOC(=O)CCN(CCC(=O)OCCCCCCCCCC)CCN(C)CCN(C)CCN(CCC(=O)OCCCCCCCCCC)CCC(=O)OCCCCCCCCCC,0.819850937055146
CCCCCCCCCCOC(=O)CCN(CCC(=O)OCCCCCCCCCC)CCN(C)CCN(CCC(=O)OCCCCCCCCCC)CCC(=O)OCCCCCCCCCC,0.8178129189467808
CCCCCCCCCCOC(=O)CCN(CCC(=O)OCCCCCCCCCC)CCN(CC)CCN(CC)CCN(CCC(=O)OCCCCCCCCCC)CCC(=O)OCCCCCCCCCC,0.8125052473220403
CCCCCCCCCCOC(=O)CCN(CCC(=O)OCCCCCCCCCC)CCN(CCC(=O)OCCCCCCCCCC)C(C)C,0.7526730049232471
CCCCCCCCCCOC(=O)CCN(CCC(=O)OCCCCCCCCCC)CCN(CCC(=O)OCCCCCCCCCC)CCN(CC)CC,0.7802349744031627
CCCCCCCCCCOC(=O)CCN(CCC(=O)OCCCCCCCCCC)CCN(CCC(=O)OCCCCCCCCCC)CCN(CCC(=O)OCCCCCCCCCC)CCC(=O)OCCCCCCCCCC,0.8180960644446299
CCCCCCCCCCOC(=O)CCN(CCC(=O)OCCCCCCCCCC)CCN(CCC(=O)OCCCCCCCCCC)CCN(CCC(=O)OCCCCCCCCCC)CCN(CCC(=O)OCCCCCCCCCC)CCN(CCC(=O)OCCCCCCCCCC)CCC(=O)OCCCCCCCCCC,0.8199181603570682
CCCCCCCCCCOC(=O)CCN(CCC(=O)OCCCCCCCCCC)CCN(CCC(=O)OCCCCCCCCCC)CCN(CCC(=O)OCCCCCCCCCC)CCN(CCC(=O)OCCCCCCCCCC)CCN(CCC(=O)OCCCCCCCCCC)CCN(CCC(=O)OCCCCCCCCCC)CCC(=O)OCCCCCCCCCC,0.8204685362954209
CCCCCCCCCCOC(=O)CCN(CCC(=O)OCCCCCCCCCC)CCN(CCC(=O)OCCCCCCCCCC)CCN1CCN(CCN(CCC(=O)OCCCCCCCCCC)CCC(=O)OCCCCCCCCCC)CC1,0.817293482354984
CCCCCCCCCCOC(=O)CCN(CCC(=O)OCCCCCCCCCC)CCN(CCC(=O)OCCCCCCCCCC)Cc1ccccc1,0.6682216534244486
CCCCCCCCCCOC(=O)CCN(CCC(=O)OCCCCCCCCCC)CCN(CCC(=O)OCCCCCCCCCC)c1ccccc1,0.6123639590595368
CCCCCCCCCCOC(=O)CCN(CCC(=O)OCCCCCCCCCC)CCN(CCN(CCC(=O)OCCCCCCCCCC)CCC(=O)OCCCCCCCCCC)CCN(CCC(=O)OCCCCCCCCCC)CCC(=O)OCCCCCCCCCC,0.8188475164433261
CCCCCCCCCCOC(=O)CCN(CCC(=O)OCCCCCCCCCC)CCN1CCN(CCC(=O)OCCCCCCCCCC)CC1,0.7882609140687059
CCCCCCCCCCOC(=O)CCN(CCC(=O)OCCCCCCCCCC)CCN1CCN(CCN(CCC(=O)OCCCCCCCCCC)CCC(=O)OCCCCCCCCCC)CC1,0.8132625783904276
CCCCCCCCCCOC(=O)CCN(CCC(=O)OCCCCCCCCCC)CC[C@H](C)O,0.49865865370063855
CCCCCCCCCCOC(=O)CCN(CCC(=O)OCCCCCCCCCC)CCc1ccc(OC)cc1,0.46591199798315647
CCCCCCCCCCOC(=O)CCN(CCC(=O)OCCCCCCCCCC)CCc1ccccc1F,0.5943200846403942
CCCCCCCCCCOC(=O)CCN(CCC(=O)OCCCCCCCCCC)CN(CC)CCC,0.7293645720570986
CCCCCCCCCCOC(=O)CCN(CCC(=O)OCCCCCCCCCC)C[C@@H](C)O,0.6677833955020227
CCCCCCCCCCOC(=O)CCN(CCC(=O)OCCCCCCCCCC)C[C@@H]1CCCN1CC,0.5369685127285249
CCCCCCCCCCOC(=O)CCN(CCC(=O)OCCCCCCCCCC)C[C@H]1CCCN1CC,0.7335343170816323
CCCCCCCCCCOC(=O)CCN(CCC(=O)OCCCCCCCCCC)Cc1cc(C)c(OC)c(OC)c1,0.25394798964870563
CCCCCCCCCCOC(=O)CCN(CCC(=O)OCCCCCCCCCC)Cc1cc(F)ccc1F,0.578921019583187
CCCCCCCCCCOC(=O)CCN(CCC(=O)OCCCCCCCCCC)Cc1cccc(CN(CCC(=O)OCCCCCCCCCC)CCC(=O)OCCCCCCCCCC)c1,0.6739125335008712
CCCCCCCCCCOC(=O)CCN(CCC(=O)OCCCCCCCCCC)Cc1cccc(F)c1,0.5654854450337157
CCCCCCCCCCOC(=O)CCN(CCC(=O)OCCCCCCCCCC)Cc1cccc(N(CCC(=O)OCCCCCCCCCC)CCC(=O)OCCCCCCCCCC)c1,0.6178117782041858
CCCCCCCCCCOC(=O)CCN(CCC(=O)OCCCCCCCCCC)Cc1ccccc1F,0.5877655157802639
CCCCCCCCCCOC(=O)CCN(CCC(=O)OCCCCCCCCCC)Cc1ccccc1N(CCC(=O)OCCCCCCCCCC)CCC(=O)OCCCCCCCCCC,0.6427562552116397
CCCCCCCCCCOC(=O)CCN(CCC(=O)OCCCCCCCCCC)Cc1ccccc1OC,0.47362913802856216
CCCCCCCCCCOC(=O)CCN(CCC(=O)OCCCCCCCCCC)Cc1ccccc1OCC,0.5205475584668318
CCCCCCCCCCOC(=O)CCN(CCC(=O)OCCCCCCCCCC)Cc1nccn1C,0.4415771033027625
CCCCCCCCCCOC(=O)CCN(CCC(=O)OCCCCCCCCCC)[C@@H](CO)CC(C)C,0.7381944596567613
CCCCCCCCCCOC(=O)CCN(CCC(=O)OCCCCCCCCCC)[C@H]1CCCC[C@H]1N(CCC(=O)OCCCCCCCCCC)CCC(=O)OCCCCCCCCCC,0.8067999961863729
CCCCCCCCCCOC(=O)CCN(CCC(=O)OCCCCCCCCCC)[C@@H]1CCCC[C@H]1N(CCC(=O)OCCCCCCCCCC)CCC(=O)OCCCCCCCCCC,0.7271773205938477
CCCCCCCCCCOC(=O)CCN(CCC(=O)OCCCCCCCCCC)[C@@H](c1ccccc1)[C@@H](c1ccccc1)N(CCC(=O)OCCCCCCCCCC)CCC(=O)OCCCCCCCCCC,0.6236827715975078
CCCCCCCCCCOC(=O)CCN(CCC(=O)OCCCCCCCCCC)[C@H]1CC[C@H](N(CCC(=O)OCCCCCCCCCC)CCC(=O)OCCCCCCCCCC)CC1,0.5192429394562932
CCCCCCCCCCOC(=O)CCN(CCC(=O)OCCCCCCCCCC)c1c(-c2ccccc2)cc(-c2ccccc2)cc1-c1ccccc1,0.09629888011546135
CCCCCCCCCCOC(=O)CCN(CCC(=O)OCCCCCCCCCC)c1c(C)c(C)c(N(CCC(=O)OCCCCCCCCCC)CCC(=O)OCCCCCCCCCC)c(C)c1C,0.4074178377845072
CCCCCCCCCCOC(=O)CCN(CCC(=O)OCCCCCCCCCC)c1c(C)cc(-c2cc(C)c(N(CCC(=O)OCCCCCCCCCC)CCC(=O)OCCCCCCCCCC)c(C)c2)cc1C,0.3105459717183548
CCCCCCCCCCOC(=O)CCN(CCC(=O)OCCCCCCCCCC)c1c(CC)cccc1CC,0.438940459315398
CCCCCCCCCCOC(=O)CCN(CCC(=O)OCCCCCCCCCC)c1c(F)cc(F)cc1F,0.5268655393103029
CCCCCCCCCCOC(=O)CCN(CCC(=O)OCCCCCCCCCC)c1c(N(CCC(=O)OCCCCCCCCCC)CCC(=O)OCCCCCCCCCC)c2ccccc2c2ccccc12,0.34867797404195033
CCCCCCCCCCOC(=O)CCN(CCC(=O)OCCCCCCCCCC)c1cc(C(C)(C)C)ccc1C(C)(C)C,0.1239527174823679
CCCCCCCCCCOC(=O)CCN(CCC(=O)OCCCCCCCCCC)c1cc(C(C)(C)C)ccc1OC,0.1919831147194733
CCCCCCCCCCOC(=O)CCN(CCC(=O)OCCCCCCCCCC)c1cc(C)c(C)cc1N(CCC(=O)OCCCCCCCCCC)CCC(=O)OCCCCCCCCCC,0.480041985678412
CCCCCCCCCCOC(=O)CCN(CCC(=O)OCCCCCCCCCC)c1cc(F)c(F)c(F)c1,0.48645447702100786
CCCCCCCCCCOC(=O)CCN(CCC(=O)OCCCCCCCCCC)c1cc(F)cc(F)c1,0.462522506460351
CCCCCCCCCCOC(=O)CCN(CCC(=O)OCCCCCCCCCC)c1cc(F)ccc1F,0.4876144649786917
CCCCCCCCCCOC(=O)CCN(CCC(=O)OCCCCCCCCCC)c1cc(OC)ccc1OC,0.28109376256367247
CCCCCCCCCCOC(=O)CCN(CCC(=O)OCCCCCCCCCC)c1ccc(-c2ccc(N(CCC(=O)OCCCCCCCCCC)CCC(=O)OCCCCCCCCCC)c(C)c2)cc1C,0.36048650120827985
CCCCCCCCCCOC(=O)CCN(CCC(=O)OCCCCCCCCCC)c1ccc(-c2ccc(N(CCC(=O)OCCCCCCCCCC)CCC(=O)OCCCCCCCCCC)c(N(CCC(=O)OCCCCCCCCCC)CCC(=O)OCCCCCCCCCC)c2)cc1N(CCC(=O)OCCCCCCCCCC)CCC(=O)OCCCCCCCCCC,0.5279475850561732
CCCCCCCCCCOC(=O)CCN(CCC(=O)OCCCCCCCCCC)c1ccc(-c2ccccc2)cc1,0.2604121455431322
CCCCCCCCCCOC(=O)CCN(CCC(=O)OCCCCCCCCCC)c1ccc(C(C)(C)C)cc1,0.2717157259459945
CCCCCCCCCCOC(=O)CCN(CCC(=O)OCCCCCCCCCC)c1ccc(C(C)C)cc1,0.387682097754265
CCCCCCCCCCOC(=O)CCN(CCC(=O)OCCCCCCCCCC)c1ccc(C)c(F)c1,0.4148813464496037
CCCCCCCCCCOC(=O)CCN(CCC(=O)OCCCCCCCCCC)c1ccc(C)c(N(CCC(=O)OCCCCCCCCCC)CCC(=O)OCCCCCCCCCC)c1,0.5217878640180226
CCCCCCCCCCOC(=O)CCN(CCC(=O)OCCCCCCCCCC)c1ccc(C)cc1N(CCC(=O)OCCCCCCCCCC)CCC(=O)OCCCCCCCCCC,0.5303531934815867
CCCCCCCCCCOC(=O)CCN(CCC(=O)OCCCCCCCCCC)c1ccc(C2(c3ccc(N(CCC(=O)OCCCCCCCCCC)CCC(=O)OCCCCCCCCCC)cc3)c3ccccc3-c3ccccc32)cc1,0.33125475716701297
CCCCCCCCCCOC(=O)CCN(CCC(=O)OCCCCCCCCCC)c1ccc(Cc2ccc(N(CCC(=O)OCCCCCCCCCC)CCC(=O)OCCCCCCCCCC)cc2)cc1,0.45883371684418145
CCCCCCCCCCOC(=O)CCN(CCC(=O)OCCCCCCCCCC)c1ccc(F)c(F)c1,0.4799253247449966
CCCCCCCCCCOC(=O)CCN(CCC(=O)OCCCCCCCCCC)c1ccc(F)cc1,0.4712160471508145
CCCCCCCCCCOC(=O)CCN(CCC(=O)OCCCCCCCCCC)c1ccc(F)cc1C(F)(F)F,0.5546857721648297
CCCCCCCCCCOC(=O)CCN(CCC(=O)OCCCCCCCCCC)c1ccc(N(CCC(=O)OCCCCCCCCCC)CCC(=O)OCCCCCCCCCC)cc1,0.5665312068242199
CCCCCCCCCCOC(=O)CCN(CCC(=O)OCCCCCCCCCC)c1ccc(N(CCC(=O)OCCCCCCCCCC)c2ccccc2)cc1,0.3862312443082286
CCCCCCCCCCOC(=O)CCN(CCC(=O)OCCCCCCCCCC)c1ccc(OC(F)(F)F)cc1,0.47422292406736116
CCCCCCCCCCOC(=O)CCN(CCC(=O)OCCCCCCCCCC)c1ccc(OC(F)F)cc1,0.4726577850696027
CCCCCCCCCCOC(=O)CCN(CCC(=O)OCCCCCCCCCC)c1ccc(OC)c(F)c1,0.3824600883318416
CCCCCCCCCCOC(=O)CCN(CCC(=O)OCCCCCCCCCC)c1ccc(OCCCCCCCC)cc1,0.5157092028801581
CCCCCCCCCCOC(=O)CCN(CCC(=O)OCCCCCCCCCC)c1ccc(Oc2ccc(F)cc2)cc1,0.29215062988540763
CCCCCCCCCCOC(=O)CCN(CCC(=O)OCCCCCCCCCC)c1ccc(Oc2ccc(N(CCC(=O)OCCCCCCCCCC)CCC(=O)OCCCCCCCCCC)cc2)cc1,0.43785642418735954
CCCCCCCCCCOC(=O)CCN(CCC(=O)OCCCCCCCCCC)c1ccc(Oc2ccccc2)cc1,0.29788756267441036
CCCCCCCCCCOC(=O)CCN(CCC(=O)OCCCCCCCCCC)c1ccc2c(c1)CCCC2,0.4266280543073634
CCCCCCCCCCOC(=O)CCN(CCC(=O)OCCCCCCCCCC)c1ccc2c(c1)Cc1cc(N(CCC(=O)OCCCCCCCCCC)CCC(=O)OCCCCCCCCCC)ccc1-2,0.411349094487027
CCCCCCCCCCOC(=O)CCN(CCC(=O)OCCCCCCCCCC)c1ccc2c(c1)OCCO2,0.18813567929845812
CCCCCCCCCCOC(=O)CCN(CCC(=O)OCCCCCCCCCC)c1ccc2c(c1)OCO2,0.12137317173245768
CCCCCCCCCCOC(=O)CCN(CCC(=O)OCCCCCCCCCC)c1ccc2cc3ccccc3cc2c1,0.114542524135016
CCCCCCCCCCOC(=O)CCN(CCC(=O)OCCCCCCCCCC)c1ccc2ccccc2c1-c1c(N(CCC(=O)OCCCCCCCCCC)CCC(=O)OCCCCCCCCCC)ccc2ccccc12,0.2398643664348775
CCCCCCCCCCOC(=O)CCN(CCC(=O)OCCCCCCCCCC)c1cccc(C(F)(F)F)c1,0.5207770797229533
CCCCCCCCCCOC(=O)CCN(CCC(=O)OCCCCCCCCCC)c1cccc(C)c1N(CCC(=O)OCCCCCCCCCC)CCC(=O)OCCCCCCCCCC,0.5423281458278076
CCCCCCCCCCOC(=O)CCN(CCC(=O)OCCCCCCCCCC)c1cccc(F)c1,0.472287106756353
CCCCCCCCCCOC(=O)CCN(CCC(=O)OCCCCCCCCCC)c1cccc(N(CCC(=O)OCCCCCCCCCC)CCC(=O)OCCCCCCCCCC)c1,0.5617265816575918
CCCCCCCCCCOC(=O)CCN(CCC(=O)OCCCCCCCCCC)c1cccc(N(CCC(=O)OCCCCCCCCCC)CCC(=O)OCCCCCCCCCC)c1C,0.5297667711260371
CCCCCCCCCCOC(=O)CCN(CCC(=O)OCCCCCCCCCC)c1cccc(OC(C)C)c1,0.40030546991823235
CCCCCCCCCCOC(=O)CCN(CCC(=O)OCCCCCCCCCC)c1cccc(OCc2ccccc2)c1,0.292068233832919
CCCCCCCCCCOC(=O)CCN(CCC(=O)OCCCCCCCCCC)c1cccc2c1CCC2,0.457812065177865
CCCCCCCCCCOC(=O)CCN(CCC(=O)OCCCCCCCCCC)c1cccc2cccc(N(CCC(=O)OCCCCCCCCCC)CCC(=O)OCCCCCCCCCC)c12,0.4386241475506552
CCCCCCCCCCOC(=O)CCN(CCC(=O)OCCCCCCCCCC)c1ccccc1C(C)(C)C,0.2766773935348251
CCCCCCCCCCOC(=O)CCN(CCC(=O)OCCCCCCCCCC)c1ccccc1C(C)C,0.403794519626261
CCCCCCCCCCOC(=O)CCN(CCC(=O)OCCCCCCCCCC)c1ccccc1Cc1ccccc1,0.358105002907054
CCCCCCCCCCOC(=O)CCN(CCC(=O)OCCCCCCCCCC)c1ccccc1N(CCC(=O)OCCCCCCCCCC)c1ccccc1,0.3929839200015855
CCCCCCCCCCOC(=O)CCN(CCC(=O)OCCCCCCCCCC)c1ccccc1OC,0.3858814099693382
CCCCCCCCCCOC(=O)CCN(CCC(=O)OCCCCCCCCCC)c1ccccc1OCC,0.4355100221506531
CCCCCCCCCCOC(=O)CCN(CCC(=O)OCCCCCCCCCC)c1ccccc1Oc1ccccc1,0.30776537960037237
CCCCCCCCCCOC(=O)CCN(CCC(=O)OCCCCCCCCCC)c1nc(N(CCC(=O)OCCCCCCCCCC)CCC(=O)OCCCCCCCCCC)nc(N(CCC(=O)OCCCCCCCCCC)CCC(=O)OCCCCCCCCCC)n1,0.7108060711940883
CCCCCCCCCCOC(=O)CCN(CCC)CCC(=O)OCCCCCCCCCC,0.7324766783826614
CCCCCCCCCCOC(=O)CCN(CCC)CCCN(CCC(=O)OCCCCCCCCCC)CCC(=O)OCCCCCCCCCC,0.8041577403597577
CCCCCCCCCCOC(=O)CCN(CCCC)CCC(=O)OCCCCCCCCCC,0.798158476354994
CCCCCCCCCCOC(=O)CCN(CCCCC)CCC(=O)OCCCCCCCCCC,0.8125506764969259
CCCCCCCCCCOC(=O)CCN(CCCCCC)CCC(=O)OCCCCCCCCCC,0.8159948611832212
CCCCCCCCCCOC(=O)CCN(CCCCCCCCN(CCC(=O)OCCCCCCCCCC)CCC(=O)OCCCCCCCCCC)CCC(=O)OCCCCCCCCCC,0.814726229205337
CCCCCCCCCCOC(=O)CCN(CCCCCCN(CCC(=O)OCCCCCCCCCC)CCC(=O)OCCCCCCCCCC)CCCCCCN(CCC(=O)OCCCCCCCCCC)CCC(=O)OCCCCCCCCCC,0.815340087219445
CCCCCCCCCCOC(=O)CCN(CCCCN(C)Cc1ccccc1)CCC(=O)OCCCCCCCCCC,0.6003425680012106
CCCCCCCCCCOC(=O)CCN(CCCCN1CCN(C)CC1)CCC(=O)OCCCCCCCCCC,0.7494057861731076
CCCCCCCCCCOC(=O)CCN(CCCCc1ccccc1)CCC(=O)OCCCCCCCCCC,0.6150192794854653
CCCCCCCCCCOC(=O)CCN(CCCN(C)C)CCCN(CCC(=O)OCCCCCCCCCC)CCC(=O)OCCCCCCCCCC,0.7797987355551761
CCCCCCCCCCOC(=O)CCN(CCCN(C)CCCN(CCC(=O)OCCCCCCCCCC)CCC(=O)OCCCCCCCCCC)CCC(=O)OCCCCCCCCCC,0.8172036929269748
CCCCCCCCCCOC(=O)CCN(CCCN(CCC(=O)OCCCCCCCCCC)CCC(=O)OCCCCCCCCCC)CCCN(CCC(=O)OCCCCCCCCCC)CCC(=O)OCCCCCCCCCC,0.8159806682776033
CCCCCCCCCCOC(=O)CCN(CCCN(CCC(=O)OCCCCCCCCCC)CCN(CCC(=O)OCCCCCCCCCC)CCC(=O)OCCCCCCCCCC)CCC(=O)OCCCCCCCCCC,0.8170908029119976
CCCCCCCCCCOC(=O)CCN(CCCN(CCC(=O)OCCCCCCCCCC)CCN(CCC(=O)OCCCCCCCCCC)CCC(=O)OCCCCCCCCCC)CCN(CCC(=O)OCCCCCCCCCC)CCC(=O)OCCCCCCCCCC,0.8184535593894814
CCCCCCCCCCOC(=O)CCN(CCCN(CCCN(CCC(=O)OCCCCCCCCCC)CCC(=O)OCCCCCCCCCC)CCC(=O)OCCCCCCCCCC)CCCN(CCC(=O)OCCCCCCCCCC)CCC(=O)OCCCCCCCCCC,0.8165924478327296
CCCCCCCCCCOC(=O)CCN(CCCN1CCN(C(C)C)CC1)CCC(=O)OCCCCCCCCCC,0.6917425047985263
CCCCCCCCCCOC(=O)CCN(CCCN1CCN(CCCN(CCC(=O)OCCCCCCCCCC)CCC(=O)OCCCCCCCCCC)CC1)CCC(=O)OCCCCCCCCCC,0.8196521176074113
CCCCCCCCCCOC(=O)CCN(CCCOC(C)C)CCC(=O)OCCCCCCCCCC,0.6748250957629199
CCCCCCCCCCOC(=O)CCN(CCCOCCCCOCCCN(CCC(=O)OCCCCCCCCCC)CCC(=O)OCCCCCCCCCC)CCC(=O)OCCCCCCCCCC,0.6822638410738632
CCCCCCCCCCOC(=O)CCN(CCCOCCOCCOCCCN(CCC(=O)OCCCCCCCCCC)CCC(=O)OCCCCCCCCCC)CCC(=O)OCCCCCCCCCC,0.6136308095011509
CCCCCCCCCCOC(=O)CCN(CCCc1ccccc1)CCC(=O)OCCCCCCCCCC,0.6080520474406552
CCCCCCCCCCOC(=O)CCN(CCN(CCC(=O)OCCCCCCCCCC)C(C)(C)C)C(C)(C)C,0.39057338265915825
CCCCCCCCCCOC(=O)CCN(CCO)CCC(=O)OCCCCCCCCCC,0.6417332970853918
CCCCCCCCCCOC(=O)CCN(CCOCCN1CCCC1)CCC(=O)OCCCCCCCCCC,0.4766630942964132
CCCCCCCCCCOC(=O)CCN(CCOCCOCCN(CCC(=O)OCCCCCCCCCC)CCC(=O)OCCCCCCCCCC)CCC(=O)OCCCCCCCCCC,0.5831038885915766
CCCCCCCCCCOC(=O)CCN(CCOCCOCCOCCN(CCC(=O)OCCCCCCCCCC)CCC(=O)OCCCCCCCCCC)CCC(=O)OCCCCCCCCCC,0.5261750158520415
CCCCCCCCCCOC(=O)CCN(c1ccccc1)c1ccc(-c2ccc(N(CCC(=O)OCCCCCCCCCC)c3ccccc3)cc2)cc1,0.11261608958169662
CCCCCCCCCCOC(=O)CCN1C(C)N(CCC(=O)OCCCCCCCCCC)C(C)N(CCC(=O)OCCCCCCCCCC)C1C,0.7424345159794187
CCCCCCCCCCOC(=O)CCN1CCC(N(CCC(=O)OCCCCCCCCCC)CCC(=O)OCCCCCCCCCC)CC1,0.6578825076813638
CCCCCCCCCCOC(=O)CCN1CCCCN(C)CCN(CCC(=O)OCCCCCCCCCC)CCCN(C)CC1,0.560553083716527
CCCCCCCCCCOC(=O)CCN1CCCN(CCC(=O)OCCCCCCCCCC)CCCN(CCC(=O)OCCCCCCCCCC)CCC1,0.6510274530370228
CCCCCCCCCCOC(=O)CCN1CCCN(CCC(=O)OCCCCCCCCCC)CCCN(CCC(=O)OCCCCCCCCCC)CCN(CCC(=O)OCCCCCCCCCC)CCC1,0.6730877415923924
CCCCCCCCCCOC(=O)CCN1CCCN(CCC(=O)OCCCCCCCCCC)CCN(CCC(=O)OCCCCCCCCCC)CCCN(CCC(=O)OCCCCCCCCCC)CC1,0.6969652565277289
CCCCCCCCCCOC(=O)CCN1CCCN(CCC(=O)OCCCCCCCCCC)CCN(CCC(=O)OCCCCCCCCCC)CCN(CCC(=O)OCCCCCCCCCC)CC1,0.7187061750144255
CCCCCCCCCCOC(=O)CCN1CCN(CCC(=O)OCCCCCCCCCC)C(c2ccccc2)C1,0.5813975331521475
CCCCCCCCCCOC(=O)CCN1CCN(CCC(=O)OCCCCCCCCCC)C2C1N(CCC(=O)OCCCCCCCCCC)CCN2CCC(=O)OCCCCCCCCCC,0.8109225304997509
CCCCCCCCCCOC(=O)CCN1CCN(CCC(=O)OCCCCCCCCCC)CC1,0.7409855331464658
CCCCCCCCCCOC(=O)CCN1CCN(CCC(=O)OCCCCCCCCCC)CCN(CCC(=O)OCCCCCCCCCC)CCN(CCC(=O)OCCCCCCCCCC)CC1,0.7409854737619234
CCCCCCCCCCOC(=O)CCN1CCN(CCC(=O)OCCCCCCCCCC)[C@H](C)C1,0.49572113792953815
CCCCCCCCCCOC(=O)CCN1CCOCCN(CCC(=O)OCCCCCCCCCC)CCN(CCC(=O)OCCCCCCCCCC)CC1,0.2523657775950261
CCCCCCCCCCOC(=O)CCN1CC[C@@H](N(CCC(=O)OCCCCCCCCCC)CCC(=O)OCCCCCCCCCC)C1,0.7706634926388313
N(CCC(=O)OCCCCCCCC/C=C\CC(CCCCCC)OC(OCCCCCCCCCCCCCCCCCC)=O)(CCC(=O)OCCCCCCCC/C=C\CC(CCCCCC)OC(OCCCCCCCCCCCCCCCCCC)=O)CCCN(C)C,0.7738127143033529
N(CCC(=O)OCCCCCCCC/C=C\CC(CCCCCC)OC(OCCC#CCCCCCC)=O)(CCC(=O)OCCCCCCCC/C=C\CC(CCCCCC)OC(OCCC#CCCCCCC)=O)CCCN(C)C,0.7374764411553992
N(CCC(=O)OCCCCCCCC/C=C\CC(CCCCCC)OC(OCCCCCCCC/C=C\CCCCCCCC)=O)(CCC(=O)OCCCCCCCC/C=C\CC(CCCCCC)OC(OCCCCCCCC/C=C\CCCCCCCC)=O)CCCN(C)C,0.7773175899919136
N(CCC(=O)OCCCCCCCC/C=C\CC(CCCCCC)OC(OCCCCCCCC/C=C\C/C=C\CCCCC)=O)(CCC(=O)OCCCCCCCC/C=C\CC(CCCCCC)OC(OCCCCCCCC/C=C\C/C=C\CCCCC)=O)CCCN(C)C,0.7834229741738284
N(CCC(=O)OCCCCCCCC/C=C\CC(CCCCCC)OC(OCC#CCC)=O)(CCC(=O)OCCCCCCCC/C=C\CC(CCCCCC)OC(OCC#CCC)=O)CCCN(C)C,0.6659844001765524
N(CCC(=O)OCCCCCCCC/C=C\CC(CCCCCC)OC(OCC#CCCC)=O)(CCC(=O)OCCCCCCCC/C=C\CC(CCCCCC)OC(OCC#CCCC)=O)CCCN(C)C,0.6865893517529393
N(CCC(=O)OCCCCCCCC/C=C\CC(CCCCCC)OC(OCC#CCCCC)=O)(CCC(=O)OCCCCCCCC/C=C\CC(CCCCCC)OC(OCC#CCCCC)=O)CCCN(C)C,0.7098159527197513
N(CCC(=O)OCCCCCCCC/C=C\CC(CCCCCC)OC(OCC#CCCCCC)=O)(CCC(=O)OCCCCCCCC/C=C\CC(CCCCCC)OC(OCC#CCCCCC)=O)CCCN(C)C,0.7223637283613273
N(CCC(=O)OCCCCCCCC/C=C\CC(CCCCCC)OC(OCC#CCCCCCC)=O)(CCC(=O)OCCCCCCCC/C=C\CC(CCCCCC)OC(OCC#CCCCCCC)=O)CCCN(C)C,0.7390411644613615
N(CCC(=O)OCCCCCCCC/C=C\CC(CCCCCC)OC(OCCC#CCCCC)=O)(CCC(=O)OCCCCCCCC/C=C\CC(CCCCCC)OC(OCCC#CCCCC)=O)CCCN(C)C,0.7173494163757175
N(CCC(=O)OCCCCCCCC/C=C\CC(CCCCCC)OC(OCCCCCCCCCCCCCCCCCC)=O)(CCC(=O)OCCCCCCCC/C=C\CC(CCCCCC)OC(OCCCCCCCCCCCCCCCCCC)=O)CCC1=CC=NC=C1,0.6282288364668129
N(CCC(=O)OCCCCCCCC/C=C\CC(CCCCCC)OC(OCCC#CCCCCCC)=O)(CCC(=O)OCCCCCCCC/C=C\CC(CCCCCC)OC(OCCC#CCCCCCC)=O)CCC1=CC=NC=C1,0.5678265618461543
N(CCC(=O)OCCCCCCCC/C=C\CC(CCCCCC)OC(OCCCCCCCC/C=C\CCCCCCCC)=O)(CCC(=O)OCCCCCCCC/C=C\CC(CCCCCC)OC(OCCCCCCCC/C=C\CCCCCCCC)=O)CCC1=CC=NC=C1,0.6326755509967931
N(CCC(=O)OCCCCCCCC/C=C\CC(CCCCCC)OC(OCCCCCCCC/C=C\C/C=C\CCCCC)=O)(CCC(=O)OCCCCCCCC/C=C\CC(CCCCCC)OC(OCCCCCCCC/C=C\C/C=C\CCCCC)=O)CCC1=CC=NC=C1,0.6365464730043014
N(CCC(=O)OCCCCCCCC/C=C\CC(CCCCCC)OC(OCC#CCC)=O)(CCC(=O)OCCCCCCCC/C=C\CC(CCCCCC)OC(OCC#CCC)=O)CCC1=CC=NC=C1,0.4838525432986377
N(CCC(=O)OCCCCCCCC/C=C\CC(CCCCCC)OC(OCC#CCCC)=O)(CCC(=O)OCCCCCCCC/C=C\CC(CCCCCC)OC(OCC#CCCC)=O)CCC1=CC=NC=C1,0.5050539532182287
N(CCC(=O)OCCCCCCCC/C=C\CC(CCCCCC)OC(OCC#CCCCC)=O)(CCC(=O)OCCCCCCCC/C=C\CC(CCCCCC)OC(OCC#CCCCC)=O)CCC1=CC=NC=C1,0.5290567101533479
N(CCC(=O)OCCCCCCCC/C=C\CC(CCCCCC)OC(OCC#CCCCCC)=O)(CCC(=O)OCCCCCCCC/C=C\CC(CCCCCC)OC(OCC#CCCCCC)=O)CCC1=CC=NC=C1,0.5452846052679126
N(CCC(=O)OCCCCCCCC/C=C\CC(CCCCCC)OC(OCC#CCCCCCC)=O)(CCC(=O)OCCCCCCCC/C=C\CC(CCCCCC)OC(OCC#CCCCCCC)=O)CCC1=CC=NC=C1,0.5653477916645852
N(CCC(=O)OCCCCCCCC/C=C\CC(CCCCCC)OC(OCCC#CCCCC)=O)(CCC(=O)OCCCCCCCC/C=C\CC(CCCCCC)OC(OCCC#CCCCC)=O)CCC1=CC=NC=C1,0.5402746283538932
OCCN1CCC(CCCC2CCN(CCC(=O)OCCCCCCCC/C=C\CC(CCCCCC)OC(OCCCCCCCCCCCCCCCCCC)=O)CC2)CC1,0.5548332833679877
OCCN1CCC(CCCC2CCN(CCC(=O)OCCCCCCCC/C=C\CC(CCCCCC)OC(OCCC#CCCCCCC)=O)CC2)CC1,0.5032747923298979
OCCN1CCC(CCCC2CCN(CCC(=O)OCCCCCCCC/C=C\CC(CCCCCC)OC(OCCCCCCCC/C=C\CCCCCCCC)=O)CC2)CC1,0.558262206226903
OCCN1CCC(CCCC2CCN(CCC(=O)OCCCCCCCC/C=C\CC(CCCCCC)OC(OCCCCCCCC/C=C\C/C=C\CCCCC)=O)CC2)CC1,0.5615052554683125
OCCN1CCC(CCCC2CCN(CCC(=O)OCCCCCCCC/C=C\CC(CCCCCC)OC(OCC#CCC)=O)CC2)CC1,0.44180751532701895
OCCN1CCC(CCCC2CCN(CCC(=O)OCCCCCCCC/C=C\CC(CCCCCC)OC(OCC#CCCC)=O)CC2)CC1,0.4574744640546954
OCCN1CCC(CCCC2CCN(CCC(=O)OCCCCCCCC/C=C\CC(CCCCCC)OC(OCC#CCCCC)=O)CC2)CC1,0.4749581640860001
OCCN1CCC(CCCC2CCN(CCC(=O)OCCCCCCCC/C=C\CC(CCCCCC)OC(OCC#CCCCCC)=O)CC2)CC1,0.4864877917492573
OCCN1CCC(CCCC2CCN(CCC(=O)OCCCCCCCC/C=C\CC(CCCCCC)OC(OCC#CCCCCCC)=O)CC2)CC1,0.5004413182769669
OCCN1CCC(CCCC2CCN(CCC(=O)OCCCCCCCC/C=C\CC(CCCCCC)OC(OCCC#CCCCC)=O)CC2)CC1,0.4831445014003878
CCN1CCN(C2CCN(CCC(=O)OCCCCCCCC/C=C\CC(CCCCCC)OC(OCCCCCCCCCCCCCCCCCC)=O)CC2)CC1,0.6119150119194907
CCN1CCN(C2CCN(CCC(=O)OCCCCCCCC/C=C\CC(CCCCCC)OC(OCCC#CCCCCCC)=O)CC2)CC1,0.5612404597940446
CCN1CCN(C2CCN(CCC(=O)OCCCCCCCC/C=C\CC(CCCCCC)OC(OCCCCCCCC/C=C\CCCCCCCC)=O)CC2)CC1,0.6158922322577771
CCN1CCN(C2CCN(CCC(=O)OCCCCCCCC/C=C\CC(CCCCCC)OC(OCCCCCCCC/C=C\C/C=C\CCCCC)=O)CC2)CC1,0.6198313871044274
CCN1CCN(C2CCN(CCC(=O)OCCCCCCCC/C=C\CC(CCCCCC)OC(OCC#CCC)=O)CC2)CC1,0.4943185344241482
CCN1CCN(C2CCN(CCC(=O)OCCCCCCCC/C=C\CC(CCCCCC)OC(OCC#CCCC)=O)CC2)CC1,0.5115957544017571
CCN1CCN(C2CCN(CCC(=O)OCCCCCCCC/C=C\CC(CCCCCC)OC(OCC#CCCCC)=O)CC2)CC1,0.530668525401381
CCN1CCN(C2CCN(CCC(=O)OCCCCCCCC/C=C\CC(CCCCCC)OC(OCC#CCCCCC)=O)CC2)CC1,0.5433690380858404
CCN1CCN(C2CCN(CCC(=O)OCCCCCCCC/C=C\CC(CCCCCC)OC(OCC#CCCCCCC)=O)CC2)CC1,0.5591804100204735
CCN1CCN(C2CCN(CCC(=O)OCCCCCCCC/C=C\CC(CCCCCC)OC(OCCC#CCCCC)=O)CC2)CC1,0.539550018168332
N1(CCN2CCCC2)CCN(CCC(=O)OCCCCCCCC/C=C\CC(CCCCCC)OC(OCCCCCCCCCCCCCCCCCC)=O)CC1,0.7370524355231336
N1(CCN2CCCC2)CCN(CCC(=O)OCCCCCCCC/C=C\CC(CCCCCC)OC(OCCC#CCCCCCC)=O)CC1,0.7040623031820815
N1(CCN2CCCC2)CCN(CCC(=O)OCCCCCCCC/C=C\CC(CCCCCC)OC(OCCCCCCCC/C=C\CCCCCCCC)=O)CC1,0.7409415885851385
N1(CCN2CCCC2)CCN(CCC(=O)OCCCCCCCC/C=C\CC(CCCCCC)OC(OCCCCCCCC/C=C\C/C=C\CCCCC)=O)CC1,0.7443004376840995
N1(CCN2CCCC2)CCN(CCC(=O)OCCCCCCCC/C=C\CC(CCCCCC)OC(OCC#CCC)=O)CC1,0.6451309836750395
N1(CCN2CCCC2)CCN(CCC(=O)OCCCCCCCC/C=C\CC(CCCCCC)OC(OCC#CCCC)=O)CC1,0.6614227171726134
N1(CCN2CCCC2)CCN(CCC(=O)OCCCCCCCC/C=C\CC(CCCCCC)OC(OCC#CCCCC)=O)CC1,0.6796124400277287
N1(CCN2CCCC2)CCN(CCC(=O)OCCCCCCCC/C=C\CC(CCCCCC)OC(OCC#CCCCCC)=O)CC1,0.6903789763219922
N1(CCN2CCCC2)CCN(CCC(=O)OCCCCCCCC/C=C\CC(CCCCCC)OC(OCC#CCCCCCC)=O)CC1,0.7046788335005946
N1(CCN2CCCC2)CCN(CCC(=O)OCCCCCCCC/C=C\CC(CCCCCC)OC(OCCC#CCCCC)=O)CC1,0.6862849465889345
CN(CCC(=O)OCCCCCCCC/C=C\CC(CCCCCC)OC(OCCCCCCCCCCCCCCCCCC)=O)CCN(CCN(CCC(=O)OCCCCCCCC/C=C\CC(CCCCCC)OC(OCCCCCCCCCCCCCCCCCC)=O)C)CCN(CCC(=O)OCCCCCCCC/C=C\CC(CCCCCC)OC(OCCCCCCCCCCCCCCCCCC)=O)C,0.795171433875587
CN(CCC(=O)OCCCCCCCC/C=C\CC(CCCCCC)OC(OCCC#CCCCCCC)=O)CCN(CCN(CCC(=O)OCCCCCCCC/C=C\CC(CCCCCC)OC(OCCC#CCCCCCC)=O)C)CCN(CCC(=O)OCCCCCCCC/C=C\CC(CCCCCC)OC(OCCC#CCCCCCC)=O)C,0.7591599941742011
CN(CCC(=O)OCCCCCCCC/C=C\CC(CCCCCC)OC(OCCCCCCCC/C=C\CCCCCCCC)=O)CCN(CCN(CCC(=O)OCCCCCCCC/C=C\CC(CCCCCC)OC(OCCCCCCCC/C=C\CCCCCCCC)=O)C)CCN(CCC(=O)OCCCCCCCC/C=C\CC(CCCCCC)OC(OCCCCCCCC/C=C\CCCCCCCC)=O)C,0.7992844072776493
CN(CCC(=O)OCCCCCCCC/C=C\CC(CCCCCC)OC(OCCCCCCCC/C=C\C/C=C\CCCCC)=O)CCN(CCN(CCC(=O)OCCCCCCCC/C=C\CC(CCCCCC)OC(OCCCCCCCC/C=C\C/C=C\CCCCC)=O)C)CCN(CCC(=O)OCCCCCCCC/C=C\CC(CCCCCC)OC(OCCCCCCCC/C=C\C/C=C\CCCCC)=O)C,0.8043092897117945
CN(CCC(=O)OCCCCCCCC/C=C\CC(CCCCCC)OC(OCC#CCC)=O)CCN(CCN(CCC(=O)OCCCCCCCC/C=C\CC(CCCCCC)OC(OCC#CCC)=O)C)CCN(CCC(=O)OCCCCCCCC/C=C\CC(CCCCCC)OC(OCC#CCC)=O)C,0.6920876477585723
CN(CCC(=O)OCCCCCCCC/C=C\CC(CCCCCC)OC(OCC#CCCC)=O)CCN(CCN(CCC(=O)OCCCCCCCC/C=C\CC(CCCCCC)OC(OCC#CCCC)=O)C)CCN(CCC(=O)OCCCCCCCC/C=C\CC(CCCCCC)OC(OCC#CCCC)=O)C,0.7118418563814803
CN(CCC(=O)OCCCCCCCC/C=C\CC(CCCCCC)OC(OCC#CCCCC)=O)CCN(CCN(CCC(=O)OCCCCCCCC/C=C\CC(CCCCCC)OC(OCC#CCCCC)=O)C)CCN(CCC(=O)OCCCCCCCC/C=C\CC(CCCCCC)OC(OCC#CCCCC)=O)C,0.7337951933761062
CN(CCC(=O)OCCCCCCCC/C=C\CC(CCCCCC)OC(OCC#CCCCCC)=O)CCN(CCN(CCC(=O)OCCCCCCCC/C=C\CC(CCCCCC)OC(OCC#CCCCCC)=O)C)CCN(CCC(=O)OCCCCCCCC/C=C\CC(CCCCCC)OC(OCC#CCCCCC)=O)C,0.7454707288598783
CN(CCC(=O)OCCCCCCCC/C=C\CC(CCCCCC)OC(OCC#CCCCCCC)=O)CCN(CCN(CCC(=O)OCCCCCCCC/C=C\CC(CCCCCC)OC(OCC#CCCCCCC)=O)C)CCN(CCC(=O)OCCCCCCCC/C=C\CC(CCCCCC)OC(OCC#CCCCCCC)=O)C,0.7611866698349805
CN(CCC(=O)OCCCCCCCC/C=C\CC(CCCCCC)OC(OCCC#CCCCC)=O)CCN(CCN(CCC(=O)OCCCCCCCC/C=C\CC(CCCCCC)OC(OCCC#CCCCC)=O)C)CCN(CCC(=O)OCCCCCCCC/C=C\CC(CCCCCC)OC(OCCC#CCCCC)=O)C,0.740562418282335
N(CCC(=O)OCCCCCCCC/C=C\CC(CCCCCC)OC(OCCCCCCCCCCCCCCCCCC)=O)(CCC(=O)OCCCCCCCC/C=C\CC(CCCCCC)OC(OCCCCCCCCCCCCCCCCCC)=O)CCCN(C)CCCN(CCC(=O)OCCCCCCCC/C=C\CC(CCCCCC)OC(OCCCCCCCCCCCCCCCCCC)=O)(CCC(=O)OCCCCCCCC/C=C\CC(CCCCCC)OC(OCCCCCCCCCCCCCCCCCC)=O),0.7976653471154513
N(CCC(=O)OCCCCCCCC/C=C\CC(CCCCCC)OC(OCCC#CCCCCCC)=O)(CCC(=O)OCCCCCCCC/C=C\CC(CCCCCC)OC(OCCC#CCCCCCC)=O)CCCN(C)CCCN(CCC(=O)OCCCCCCCC/C=C\CC(CCCCCC)OC(OCCC#CCCCCCC)=O)(CCC(=O)OCCCCCCCC/C=C\CC(CCCCCC)OC(OCCC#CCCCCCC)=O),0.7602820651016046
N(CCC(=O)OCCCCCCCC/C=C\CC(CCCCCC)OC(OCCCCCCCC/C=C\CCCCCCCC)=O)(CCC(=O)OCCCCCCCC/C=C\CC(CCCCCC)OC(OCCCCCCCC/C=C\CCCCCCCC)=O)CCCN(C)CCCN(CCC(=O)OCCCCCCCC/C=C\CC(CCCCCC)OC(OCCCCCCCC/C=C\CCCCCCCC)=O)(CCC(=O)OCCCCCCCC/C=C\CC(CCCCCC)OC(OCCCCCCCC/C=C\CCCCCCCC)=O),0.8019124701986464
N(CCC(=O)OCCCCCCCC/C=C\CC(CCCCCC)OC(OCCCCCCCC/C=C\C/C=C\CCCCC)=O)(CCC(=O)OCCCCCCCC/C=C\CC(CCCCCC)OC(OCCCCCCCC/C=C\C/C=C\CCCCC)=O)CCCN(C)CCCN(CCC(=O)OCCCCCCCC/C=C\CC(CCCCCC)OC(OCCCCCCCC/C=C\C/C=C\CCCCC)=O)(CCC(=O)OCCCCCCCC/C=C\CC(CCCCCC)OC(OCCCCCCCC/C=C\C/C=C\CCCCC)=O),0.807675502494005
N(CCC(=O)OCCCCCCCC/C=C\CC(CCCCCC)OC(OCC#CCC)=O)(CCC(=O)OCCCCCCCC/C=C\CC(CCCCCC)OC(OCC#CCC)=O)CCCN(C)CCCN(CCC(=O)OCCCCCCCC/C=C\CC(CCCCCC)OC(OCC#CCC)=O)(CCC(=O)OCCCCCCCC/C=C\CC(CCCCCC)OC(OCC#CCC)=O),0.6898033025686051
N(CCC(=O)OCCCCCCCC/C=C\CC(CCCCCC)OC(OCC#CCCC)=O)(CCC(=O)OCCCCCCCC/C=C\CC(CCCCCC)OC(OCC#CCCC)=O)CCCN(C)CCCN(CCC(=O)OCCCCCCCC/C=C\CC(CCCCCC)OC(OCC#CCCC)=O)(CCC(=O)OCCCCCCCC/C=C\CC(CCCCCC)OC(OCC#CCCC)=O),0.7106736436646832
N(CCC(=O)OCCCCCCCC/C=C\CC(CCCCCC)OC(OCC#CCCCC)=O)(CCC(=O)OCCCCCCCC/C=C\CC(CCCCCC)OC(OCC#CCCCC)=O)CCCN(C)CCCN(CCC(=O)OCCCCCCCC/C=C\CC(CCCCCC)OC(OCC#CCCCC)=O)(CCC(=O)OCCCCCCCC/C=C\CC(CCCCCC)OC(OCC#CCCCC)=O),0.7337619380323991
N(CCC(=O)OCCCCCCCC/C=C\CC(CCCCCC)OC(OCC#CCCCCC)=O)(CCC(=O)OCCCCCCCC/C=C\CC(CCCCCC)OC(OCC#CCCCCC)=O)CCCN(C)CCCN(CCC(=O)OCCCCCCCC/C=C\CC(CCCCCC)OC(OCC#CCCCCC)=O)(CCC(=O)OCCCCCCCC/C=C\CC(CCCCCC)OC(OCC#CCCCCC)=O),0.7460075651225789
N(CCC(=O)OCCCCCCCC/C=C\CC(CCCCCC)OC(OCC#CCCCCCC)=O)(CCC(=O)OCCCCCCCC/C=C\CC(CCCCCC)OC(OCC#CCCCCCC)=O)CCCN(C)CCCN(CCC(=O)OCCCCCCCC/C=C\CC(CCCCCC)OC(OCC#CCCCCCC)=O)(CCC(=O)OCCCCCCCC/C=C\CC(CCCCCC)OC(OCC#CCCCCCC)=O),0.762434398453963
N(CCC(=O)OCCCCCCCC/C=C\CC(CCCCCC)OC(OCCC#CCCCC)=O)(CCC(=O)OCCCCCCCC/C=C\CC(CCCCCC)OC(OCCC#CCCCC)=O)CCCN(C)CCCN(CCC(=O)OCCCCCCCC/C=C\CC(CCCCCC)OC(OCCC#CCCCC)=O)(CCC(=O)OCCCCCCCC/C=C\CC(CCCCCC)OC(OCCC#CCCCC)=O),0.740860825607564
N(CCC(=O)OCCCCCCCC/C=C\CC(CCCCCC)OC(OCCCCCCCCCCCCCCCCCC)=O)(CCC(=O)OCCCCCCCC/C=C\CC(CCCCCC)OC(OCCCCCCCCCCCCCCCCCC)=O)CCC1=CN(CCC(=O)OCCCCCCCC/C=C\CC(CCCCCC)OC(OCCCCCCCCCCCCCCCCCC)=O)C=N1,0.679346634816241
N(CCC(=O)OCCCCCCCC/C=C\CC(CCCCCC)OC(OCCC#CCCCCCC)=O)(CCC(=O)OCCCCCCCC/C=C\CC(CCCCCC)OC(OCCC#CCCCCCC)=O)CCC1=CN(CCC(=O)OCCCCCCCC/C=C\CC(CCCCCC)OC(OCCC#CCCCCCC)=O)C=N1,0.6266761088384023
N(CCC(=O)OCCCCCCCC/C=C\CC(CCCCCC)OC(OCCCCCCCC/C=C\CCCCCCCC)=O)(CCC(=O)OCCCCCCCC/C=C\CC(CCCCCC)OC(OCCCCCCCC/C=C\CCCCCCCC)=O)CCC1=CN(CCC(=O)OCCCCCCCC/C=C\CC(CCCCCC)OC(OCCCCCCCC/C=C\CCCCCCCC)=O)C=N1,0.6837162682102714
N(CCC(=O)OCCCCCCCC/C=C\CC(CCCCCC)OC(OCCCCCCCC/C=C\C/C=C\CCCCC)=O)(CCC(=O)OCCCCCCCC/C=C\CC(CCCCCC)OC(OCCCCCCCC/C=C\C/C=C\CCCCC)=O)CCC1=CN(CCC(=O)OCCCCCCCC/C=C\CC(CCCCCC)OC(OCCCCCCCC/C=C\C/C=C\CCCCC)=O)C=N1,0.6878421874425625
N(CCC(=O)OCCCCCCCC/C=C\CC(CCCCCC)OC(OCC#CCC)=O)(CCC(=O)OCCCCCCCC/C=C\CC(CCCCCC)OC(OCC#CCC)=O)CCC1=CN(CCC(=O)OCCCCCCCC/C=C\CC(CCCCCC)OC(OCC#CCC)=O)C=N1,0.5387685769757572
N(CCC(=O)OCCCCCCCC/C=C\CC(CCCCCC)OC(OCC#CCCC)=O)(CCC(=O)OCCCCCCCC/C=C\CC(CCCCCC)OC(OCC#CCCC)=O)CCC1=CN(CCC(=O)OCCCCCCCC/C=C\CC(CCCCCC)OC(OCC#CCCC)=O)C=N1,0.5626476952937367
N(CCC(=O)OCCCCCCCC/C=C\CC(CCCCCC)OC(OCC#CCCCC)=O)(CCC(=O)OCCCCCCCC/C=C\CC(CCCCCC)OC(OCC#CCCCC)=O)CCC1=CN(CCC(=O)OCCCCCCCC/C=C\CC(CCCCCC)OC(OCC#CCCCC)=O)C=N1,0.589082664929235
N(CCC(=O)OCCCCCCCC/C=C\CC(CCCCCC)OC(OCC#CCCCCC)=O)(CCC(=O)OCCCCCCCC/C=C\CC(CCCCCC)OC(OCC#CCCCCC)=O)CCC1=CN(CCC(=O)OCCCCCCCC/C=C\CC(CCCCCC)OC(OCC#CCCCCC)=O)C=N1,0.6053985085509966
N(CCC(=O)OCCCCCCCC/C=C\CC(CCCCCC)OC(OCC#CCCCCCC)=O)(CCC(=O)OCCCCCCCC/C=C\CC(CCCCCC)OC(OCC#CCCCCCC)=O)CCC1=CN(CCC(=O)OCCCCCCCC/C=C\CC(CCCCCC)OC(OCC#CCCCCCC)=O)C=N1,0.6255449520760217
N(CCC(=O)OCCCCCCCC/C=C\CC(CCCCCC)OC(OCCC#CCCCC)=O)(CCC(=O)OCCCCCCCC/C=C\CC(CCCCCC)OC(OCCC#CCCCC)=O)CCC1=CN(CCC(=O)OCCCCCCCC/C=C\CC(CCCCCC)OC(OCCC#CCCCC)=O)C=N1,0.6000290176176863
N(CCC(=O)OCCCCCCCC/C=C\CC(CCCCCC)OC(OCCCCCCCCCCCCCCCCCC)=O)(CCC(=O)OCCCCCCCC/C=C\CC(CCCCCC)OC(OCCCCCCCCCCCCCCCCCC)=O)CCN1CCOCC1,0.48864065956249675
N(CCC(=O)OCCCCCCCC/C=C\CC(CCCCCC)OC(OCCC#CCCCCCC)=O)(CCC(=O)OCCCCCCCC/C=C\CC(CCCCCC)OC(OCCC#CCCCCCC)=O)CCN1CCOCC1,0.41176621151238196
N(CCC(=O)OCCCCCCCC/C=C\CC(CCCCCC)OC(OCCCCCCCC/C=C\CCCCCCCC)=O)(CCC(=O)OCCCCCCCC/C=C\CC(CCCCCC)OC(OCCCCCCCC/C=C\CCCCCCCC)=O)CCN1CCOCC1,0.49237089958921554
N(CCC(=O)OCCCCCCCC/C=C\CC(CCCCCC)OC(OCCCCCCCC/C=C\C/C=C\CCCCC)=O)(CCC(=O)OCCCCCCCC/C=C\CC(CCCCCC)OC(OCCCCCCCC/C=C\C/C=C\CCCCC)=O)CCN1CCOCC1,0.4959506591856596
N(CCC(=O)OCCCCCCCC/C=C\CC(CCCCCC)OC(OCC#CCC)=O)(CCC(=O)OCCCCCCCC/C=C\CC(CCCCCC)OC(OCC#CCC)=O)CCN1CCOCC1,0.31786671994368015
N(CCC(=O)OCCCCCCCC/C=C\CC(CCCCCC)OC(OCC#CCCC)=O)(CCC(=O)OCCCCCCCC/C=C\CC(CCCCCC)OC(OCC#CCCC)=O)CCN1CCOCC1,0.3417068523096173
N(CCC(=O)OCCCCCCCC/C=C\CC(CCCCCC)OC(OCC#CCCCC)=O)(CCC(=O)OCCCCCCCC/C=C\CC(CCCCCC)OC(OCC#CCCCC)=O)CCN1CCOCC1,0.36751062364464615
N(CCC(=O)OCCCCCCCC/C=C\CC(CCCCCC)OC(OCC#CCCCCC)=O)(CCC(=O)OCCCCCCCC/C=C\CC(CCCCCC)OC(OCC#CCCCCC)=O)CCN1CCOCC1,0.3853553816933424
N(CCC(=O)OCCCCCCCC/C=C\CC(CCCCCC)OC(OCC#CCCCCCC)=O)(CCC(=O)OCCCCCCCC/C=C\CC(CCCCCC)OC(OCC#CCCCCCC)=O)CCN1CCOCC1,0.4058725332238883
N(CCC(=O)OCCCCCCCC/C=C\CC(CCCCCC)OC(OCCC#CCCCC)=O)(CCC(=O)OCCCCCCCC/C=C\CC(CCCCCC)OC(OCCC#CCCCC)=O)CCN1CCOCC1,0.38106081036082234
N(CCC(=O)OCCCCCCCC/C=C\CC(CCCCCC)OC(OCCCCCCCCCCCCCCCCCC)=O)(CCC(=O)OCCCCCCCC/C=C\CC(CCCCCC)OC(OCCCCCCCCCCCCCCCCCC)=O)CCN(C)CCN(CCC(=O)OCCCCCCCC/C=C\CC(CCCCCC)OC(OCCCCCCCCCCCCCCCCCC)=O)(CCC(=O)OCCCCCCCC/C=C\CC(CCCCCC)OC(OCCCCCCCCCCCCCCCCCC)=O),0.7976696821870417
N(CCC(=O)OCCCCCCCC/C=C\CC(CCCCCC)OC(OCCC#CCCCCCC)=O)(CCC(=O)OCCCCCCCC/C=C\CC(CCCCCC)OC(OCCC#CCCCCCC)=O)CCN(C)CCN(CCC(=O)OCCCCCCCC/C=C\CC(CCCCCC)OC(OCCC#CCCCCCC)=O)(CCC(=O)OCCCCCCCC/C=C\CC(CCCCCC)OC(OCCC#CCCCCCC)=O),0.7599139997082176
N(CCC(=O)OCCCCCCCC/C=C\CC(CCCCCC)OC(OCCCCCCCC/C=C\CCCCCCCC)=O)(CCC(=O)OCCCCCCCC/C=C\CC(CCCCCC)OC(OCCCCCCCC/C=C\CCCCCCCC)=O)CCN(C)CCN(CCC(=O)OCCCCCCCC/C=C\CC(CCCCCC)OC(OCCCCCCCC/C=C\CCCCCCCC)=O)(CCC(=O)OCCCCCCCC/C=C\CC(CCCCCC)OC(OCCCCCCCC/C=C\CCCCCCCC)=O),0.8019616999842414
N(CCC(=O)OCCCCCCCC/C=C\CC(CCCCCC)OC(OCCCCCCCC/C=C\C/C=C\CCCCC)=O)(CCC(=O)OCCCCCCCC/C=C\CC(CCCCCC)OC(OCCCCCCCC/C=C\C/C=C\CCCCC)=O)CCN(C)CCN(CCC(=O)OCCCCCCCC/C=C\CC(CCCCCC)OC(OCCCCCCCC/C=C\C/C=C\CCCCC)=O)(CCC(=O)OCCCCCCCC/C=C\CC(CCCCCC)OC(OCCCCCCCC/C=C\C/C=C\CCCCC)=O),0.8077259199704467
N(CCC(=O)OCCCCCCCC/C=C\CC(CCCCCC)OC(OCC#CCC)=O)(CCC(=O)OCCCCCCCC/C=C\CC(CCCCCC)OC(OCC#CCC)=O)CCN(C)CCN(CCC(=O)OCCCCCCCC/C=C\CC(CCCCCC)OC(OCC#CCC)=O)(CCC(=O)OCCCCCCCC/C=C\CC(CCCCCC)OC(OCC#CCC)=O),0.6883084154844279
N(CCC(=O)OCCCCCCCC/C=C\CC(CCCCCC)OC(OCC#CCCC)=O)(CCC(=O)OCCCCCCCC/C=C\CC(CCCCCC)OC(OCC#CCCC)=O)CCN(C)CCN(CCC(=O)OCCCCCCCC/C=C\CC(CCCCCC)OC(OCC#CCCC)=O)(CCC(=O)OCCCCCCCC/C=C\CC(CCCCCC)OC(OCC#CCCC)=O),0.7095323915301058
N(CCC(=O)OCCCCCCCC/C=C\CC(CCCCCC)OC(OCC#CCCCC)=O)(CCC(=O)OCCCCCCCC/C=C\CC(CCCCCC)OC(OCC#CCCCC)=O)CCN(C)CCN(CCC(=O)OCCCCCCCC/C=C\CC(CCCCCC)OC(OCC#CCCCC)=O)(CCC(=O)OCCCCCCCC/C=C\CC(CCCCCC)OC(OCC#CCCCC)=O),0.7329762805373184
N(CCC(=O)OCCCCCCCC/C=C\CC(CCCCCC)OC(OCC#CCCCCC)=O)(CCC(=O)OCCCCCCCC/C=C\CC(CCCCCC)OC(OCC#CCCCCC)=O)CCN(C)CCN(CCC(=O)OCCCCCCCC/C=C\CC(CCCCCC)OC(OCC#CCCCCC)=O)(CCC(=O)OCCCCCCCC/C=C\CC(CCCCCC)OC(OCC#CCCCCC)=O),0.7454099784730706
N(CCC(=O)OCCCCCCCC/C=C\CC(CCCCCC)OC(OCC#CCCCCCC)=O)(CCC(=O)OCCCCCCCC/C=C\CC(CCCCCC)OC(OCC#CCCCCCC)=O)CCN(C)CCN(CCC(=O)OCCCCCCCC/C=C\CC(CCCCCC)OC(OCC#CCCCCCC)=O)(CCC(=O)OCCCCCCCC/C=C\CC(CCCCCC)OC(OCC#CCCCCCC)=O),0.762085336114123
N(CCC(=O)OCCCCCCCC/C=C\CC(CCCCCC)OC(OCCC#CCCCC)=O)(CCC(=O)OCCCCCCCC/C=C\CC(CCCCCC)OC(OCCC#CCCCC)=O)CCN(C)CCN(CCC(=O)OCCCCCCCC/C=C\CC(CCCCCC)OC(OCCC#CCCCC)=O)(CCC(=O)OCCCCCCCC/C=C\CC(CCCCCC)OC(OCCC#CCCCC)=O),0.7401921556608817
N(CCC(=O)OCCCCCCCC/C=C\CC(CCCCCC)OC(OCCCCCCCCCCCCCCCCCC)=O)(CCC(=O)OCCCCCCCC/C=C\CC(CCCCCC)OC(OCCCCCCCCCCCCCCCCCC)=O)CCN1CCCCC1,0.7810254420461724
N(CCC(=O)OCCCCCCCC/C=C\CC(CCCCCC)OC(OCCC#CCCCCCC)=O)(CCC(=O)OCCCCCCCC/C=C\CC(CCCCCC)OC(OCCC#CCCCCCC)=O)CCN1CCCCC1,0.7444785319265597
N(CCC(=O)OCCCCCCCC/C=C\CC(CCCCCC)OC(OCCCCCCCC/C=C\CCCCCCCC)=O)(CCC(=O)OCCCCCCCC/C=C\CC(CCCCCC)OC(OCCCCCCCC/C=C\CCCCCCCC)=O)CCN1CCCCC1,0.7845493801728224
N(CCC(=O)OCCCCCCCC/C=C\CC(CCCCCC)OC(OCCCCCCCC/C=C\C/C=C\CCCCC)=O)(CCC(=O)OCCCCCCCC/C=C\CC(CCCCCC)OC(OCCCCCCCC/C=C\C/C=C\CCCCC)=O)CCN1CCCCC1,0.7902494054687644
N(CCC(=O)OCCCCCCCC/C=C\CC(CCCCCC)OC(OCC#CCC)=O)(CCC(=O)OCCCCCCCC/C=C\CC(CCCCCC)OC(OCC#CCC)=O)CCN1CCCCC1,0.6754571254469821
N(CCC(=O)OCCCCCCCC/C=C\CC(CCCCCC)OC(OCC#CCCC)=O)(CCC(=O)OCCCCCCCC/C=C\CC(CCCCCC)OC(OCC#CCCC)=O)CCN1CCCCC1,0.6954520196199705
N(CCC(=O)OCCCCCCCC/C=C\CC(CCCCCC)OC(OCC#CCCCC)=O)(CCC(=O)OCCCCCCCC/C=C\CC(CCCCCC)OC(OCC#CCCCC)=O)CCN1CCCCC1,0.7178665369703632
N(CCC(=O)OCCCCCCCC/C=C\CC(CCCCCC)OC(OCC#CCCCCC)=O)(CCC(=O)OCCCCCCCC/C=C\CC(CCCCCC)OC(OCC#CCCCCC)=O)CCN1CCCCC1,0.7299900100569617
N(CCC(=O)OCCCCCCCC/C=C\CC(CCCCCC)OC(OCC#CCCCCCC)=O)(CCC(=O)OCCCCCCCC/C=C\CC(CCCCCC)OC(OCC#CCCCCCC)=O)CCN1CCCCC1,0.7461776424518239
N(CCC(=O)OCCCCCCCC/C=C\CC(CCCCCC)OC(OCCC#CCCCC)=O)(CCC(=O)OCCCCCCCC/C=C\CC(CCCCCC)OC(OCCC#CCCCC)=O)CCN1CCCCC1,0.7250602022750934
N(CCC(=O)OCCCCCCCC/C=C\CC(CCCCCC)OC(OCCCCCCCCCCCCCCCCCC)=O)(CCC(=O)OCCCCCCCC/C=C\CC(CCCCCC)OC(OCCCCCCCCCCCCCCCCCC)=O)CCN(C)C,0.7720039205283974
N(CCC(=O)OCCCCCCCC/C=C\CC(CCCCCC)OC(OCCC#CCCCCCC)=O)(CCC(=O)OCCCCCCCC/C=C\CC(CCCCCC)OC(OCCC#CCCCCCC)=O)CCN(C)C,0.7352282611517136
N(CCC(=O)OCCCCCCCC/C=C\CC(CCCCCC)OC(OCCCCCCCC/C=C\CCCCCCCC)=O)(CCC(=O)OCCCCCCCC/C=C\CC(CCCCCC)OC(OCCCCCCCC/C=C\CCCCCCCC)=O)CCN(C)C,0.7755472180158484
N(CCC(=O)OCCCCCCCC/C=C\CC(CCCCCC)OC(OCCCCCCCC/C=C\C/C=C\CCCCC)=O)(CCC(=O)OCCCCCCCC/C=C\CC(CCCCCC)OC(OCCCCCCCC/C=C\C/C=C\CCCCC)=O)CCN(C)C,0.7816081825600972
N(CCC(=O)OCCCCCCCC/C=C\CC(CCCCCC)OC(OCC#CCC)=O)(CCC(=O)OCCCCCCCC/C=C\CC(CCCCCC)OC(OCC#CCC)=O)CCN(C)C,0.662428038089788
N(CCC(=O)OCCCCCCCC/C=C\CC(CCCCCC)OC(OCC#CCCC)=O)(CCC(=O)OCCCCCCCC/C=C\CC(CCCCCC)OC(OCC#CCCC)=O)CCN(C)C,0.6833011702593559
N(CCC(=O)OCCCCCCCC/C=C\CC(CCCCCC)OC(OCC#CCCCC)=O)(CCC(=O)OCCCCCCCC/C=C\CC(CCCCCC)OC(OCC#CCCCC)=O)CCN(C)C,0.7069488076313168
N(CCC(=O)OCCCCCCCC/C=C\CC(CCCCCC)OC(OCC#CCCCCC)=O)(CCC(=O)OCCCCCCCC/C=C\CC(CCCCCC)OC(OCC#CCCCCC)=O)CCN(C)C,0.7197990287470006
N(CCC(=O)OCCCCCCCC/C=C\CC(CCCCCC)OC(OCC#CCCCCCC)=O)(CCC(=O)OCCCCCCCC/C=C\CC(CCCCCC)OC(OCC#CCCCCCC)=O)CCN(C)C,0.7367556315805476
N(CCC(=O)OCCCCCCCC/C=C\CC(CCCCCC)OC(OCCC#CCCCC)=O)(CCC(=O)OCCCCCCCC/C=C\CC(CCCCCC)OC(OCCC#CCCCC)=O)CCN(C)C,0.7147068636263908
CC1=NCCN(CCC(=O)OCCCCCCCC/C=C\CC(CCCCCC)OC(OCCCCCCCCCCCCCCCCCC)=O)1,0.7162467048091149
CC1=NCCN(CCC(=O)OCCCCCCCC/C=C\CC(CCCCCC)OC(OCCC#CCCCCCC)=O)1,0.6742207986601277
CC1=NCCN(CCC(=O)OCCCCCCCC/C=C\CC(CCCCCC)OC(OCCCCCCCC/C=C\CCCCCCCC)=O)1,0.7206678839858913
CC1=NCCN(CCC(=O)OCCCCCCCC/C=C\CC(CCCCCC)OC(OCCCCCCCC/C=C\C/C=C\CCCCC)=O)1,0.7241093369832392
CC1=NCCN(CCC(=O)OCCCCCCCC/C=C\CC(CCCCCC)OC(OCC#CCC)=O)1,0.6017679751708569
CC1=NCCN(CCC(=O)OCCCCCCCC/C=C\CC(CCCCCC)OC(OCC#CCCC)=O)1,0.6226574974741089
CC1=NCCN(CCC(=O)OCCCCCCCC/C=C\CC(CCCCCC)OC(OCC#CCCCC)=O)1,0.6449416063695359
CC1=NCCN(CCC(=O)OCCCCCCCC/C=C\CC(CCCCCC)OC(OCC#CCCCCC)=O)1,0.6577911742552539
CC1=NCCN(CCC(=O)OCCCCCCCC/C=C\CC(CCCCCC)OC(OCC#CCCCCCC)=O)1,0.6743245434555855
CC1=NCCN(CCC(=O)OCCCCCCCC/C=C\CC(CCCCCC)OC(OCCC#CCCCC)=O)1,0.6529244328573445
CN(CCC(=O)OCCCCCCCC/C=C\CC(CCCCCC)OC(OCCCCCCCCCCCCCCCCCC)=O)CCOCCOCCN(CCC(=O)OCCCCCCCC/C=C\CC(CCCCCC)OC(OCCCCCCCCCCCCCCCCCC)=O)C,0.6077630822576573
CN(CCC(=O)OCCCCCCCC/C=C\CC(CCCCCC)OC(OCCC#CCCCCCC)=O)CCOCCOCCN(CCC(=O)OCCCCCCCC/C=C\CC(CCCCCC)OC(OCCC#CCCCCCC)=O)C,0.5462710419006249
CN(CCC(=O)OCCCCCCCC/C=C\CC(CCCCCC)OC(OCCCCCCCC/C=C\CCCCCCCC)=O)CCOCCOCCN(CCC(=O)OCCCCCCCC/C=C\CC(CCCCCC)OC(OCCCCCCCC/C=C\CCCCCCCC)=O)C,0.6122255930758983
CN(CCC(=O)OCCCCCCCC/C=C\CC(CCCCCC)OC(OCCCCCCCC/C=C\C/C=C\CCCCC)=O)CCOCCOCCN(CCC(=O)OCCCCCCCC/C=C\CC(CCCCCC)OC(OCCCCCCCC/C=C\C/C=C\CCCCC)=O)C,0.6163054892878804
CN(CCC(=O)OCCCCCCCC/C=C\CC(CCCCCC)OC(OCC#CCC)=O)CCOCCOCCN(CCC(=O)OCCCCCCCC/C=C\CC(CCCCCC)OC(OCC#CCC)=O)C,0.46624265111487295
CN(CCC(=O)OCCCCCCCC/C=C\CC(CCCCCC)OC(OCC#CCCC)=O)CCOCCOCCN(CCC(=O)OCCCCCCCC/C=C\CC(CCCCCC)OC(OCC#CCCC)=O)C,0.48631795195818167
CN(CCC(=O)OCCCCCCCC/C=C\CC(CCCCCC)OC(OCC#CCCCC)=O)CCOCCOCCN(CCC(=O)OCCCCCCCC/C=C\CC(CCCCCC)OC(OCC#CCCCC)=O)C,0.5090026095916523
CN(CCC(=O)OCCCCCCCC/C=C\CC(CCCCCC)OC(OCC#CCCCCC)=O)CCOCCOCCN(CCC(=O)OCCCCCCCC/C=C\CC(CCCCCC)OC(OCC#CCCCCC)=O)C,0.5238827725179439
CN(CCC(=O)OCCCCCCCC/C=C\CC(CCCCCC)OC(OCC#CCCCCCC)=O)CCOCCOCCN(CCC(=O)OCCCCCCCC/C=C\CC(CCCCCC)OC(OCC#CCCCCCC)=O)C,0.5432994987867671
CN(CCC(=O)OCCCCCCCC/C=C\CC(CCCCCC)OC(OCCC#CCCCC)=O)CCOCCOCCN(CCC(=O)OCCCCCCCC/C=C\CC(CCCCCC)OC(OCCC#CCCCC)=O)C,0.5195085071296114
N(CCC(=O)OCCCCCCCC/C=C\CC(CCCCCC)OC(OCCCCCCCCCCCCCCCCCC)=O)(CCC(=O)OCCCCCCCC/C=C\CC(CCCCCC)OC(OCCCCCCCCCCCCCCCCCC)=O)CCC1=NC=CC=C1,0.68496542205827
N(CCC(=O)OCCCCCCCC/C=C\CC(CCCCCC)OC(OCCC#CCCCCCC)=O)(CCC(=O)OCCCCCCCC/C=C\CC(CCCCCC)OC(OCCC#CCCCCCC)=O)CCC1=NC=CC=C1,0.6358840384345641
N(CCC(=O)OCCCCCCCC/C=C\CC(CCCCCC)OC(OCCCCCCCC/C=C\CCCCCCCC)=O)(CCC(=O)OCCCCCCCC/C=C\CC(CCCCCC)OC(OCCCCCCCC/C=C\CCCCCCCC)=O)CCC1=NC=CC=C1,0.6891731731898976
N(CCC(=O)OCCCCCCCC/C=C\CC(CCCCCC)OC(OCCCCCCCC/C=C\C/C=C\CCCCC)=O)(CCC(=O)OCCCCCCCC/C=C\CC(CCCCCC)OC(OCCCCCCCC/C=C\C/C=C\CCCCC)=O)CCC1=NC=CC=C1,0.6934062815211018
N(CCC(=O)OCCCCCCCC/C=C\CC(CCCCCC)OC(OCC#CCC)=O)(CCC(=O)OCCCCCCCC/C=C\CC(CCCCCC)OC(OCC#CCC)=O)CCC1=NC=CC=C1,0.5531087562586043
N(CCC(=O)OCCCCCCCC/C=C\CC(CCCCCC)OC(OCC#CCCC)=O)(CCC(=O)OCCCCCCCC/C=C\CC(CCCCCC)OC(OCC#CCCC)=O)CCC1=NC=CC=C1,0.5755983950550497
N(CCC(=O)OCCCCCCCC/C=C\CC(CCCCCC)OC(OCC#CCCCC)=O)(CCC(=O)OCCCCCCCC/C=C\CC(CCCCCC)OC(OCC#CCCCC)=O)CCC1=NC=CC=C1,0.6009512001755931
N(CCC(=O)OCCCCCCCC/C=C\CC(CCCCCC)OC(OCC#CCCCCC)=O)(CCC(=O)OCCCCCCCC/C=C\CC(CCCCCC)OC(OCC#CCCCCC)=O)CCC1=NC=CC=C1,0.6162200943160039
N(CCC(=O)OCCCCCCCC/C=C\CC(CCCCCC)OC(OCC#CCCCCCC)=O)(CCC(=O)OCCCCCCCC/C=C\CC(CCCCCC)OC(OCC#CCCCCCC)=O)CCC1=NC=CC=C1,0.6350316327139
N(CCC(=O)OCCCCCCCC/C=C\CC(CCCCCC)OC(OCCC#CCCCC)=O)(CCC(=O)OCCCCCCCC/C=C\CC(CCCCCC)OC(OCCC#CCCCC)=O)CCC1=NC=CC=C1,0.6110835689422704
C1(N2CCN(CCC(=O)OCCCCCCCC/C=C\CC(CCCCCC)OC(OCCCCCCCCCCCCCCCCCC)=O)CC2)=NC=CC=C1,0.5460911067373525
C1(N2CCN(CCC(=O)OCCCCCCCC/C=C\CC(CCCCCC)OC(OCCC#CCCCCCC)=O)CC2)=NC=CC=C1,0.48711495190084814
C1(N2CCN(CCC(=O)OCCCCCCCC/C=C\CC(CCCCCC)OC(OCCCCCCCC/C=C\CCCCCCCC)=O)CC2)=NC=CC=C1,0.54958368982565
C1(N2CCN(CCC(=O)OCCCCCCCC/C=C\CC(CCCCCC)OC(OCCCCCCCC/C=C\C/C=C\CCCCC)=O)CC2)=NC=CC=C1,0.5532727169799889
C1(N2CCN(CCC(=O)OCCCCCCCC/C=C\CC(CCCCCC)OC(OCC#CCC)=O)CC2)=NC=CC=C1,0.4178694578507728
C1(N2CCN(CCC(=O)OCCCCCCCC/C=C\CC(CCCCCC)OC(OCC#CCCC)=O)CC2)=NC=CC=C1,0.4353575226459391
C1(N2CCN(CCC(=O)OCCCCCCCC/C=C\CC(CCCCCC)OC(OCC#CCCCC)=O)CC2)=NC=CC=C1,0.454498021716095
C1(N2CCN(CCC(=O)OCCCCCCCC/C=C\CC(CCCCCC)OC(OCC#CCCCCC)=O)CC2)=NC=CC=C1,0.4674493450151026
C1(N2CCN(CCC(=O)OCCCCCCCC/C=C\CC(CCCCCC)OC(OCC#CCCCCCC)=O)CC2)=NC=CC=C1,0.4834875955937233
C1(N2CCN(CCC(=O)OCCCCCCCC/C=C\CC(CCCCCC)OC(OCCC#CCCCC)=O)CC2)=NC=CC=C1,0.46409503883363007
C1(N2CCN(CCC(=O)OCCCCCCCC/C=C\CC(CCCCCC)OC(OCCCCCCCCCCCCCCCCCC)=O)CC2)=CN=CC=C1,0.44453884796713516
C1(N2CCN(CCC(=O)OCCCCCCCC/C=C\CC(CCCCCC)OC(OCCC#CCCCCCC)=O)CC2)=CN=CC=C1,0.37663686980282735
C1(N2CCN(CCC(=O)OCCCCCCCC/C=C\CC(CCCCCC)OC(OCCCCCCCC/C=C\C/C=C\CCCCC)=O)CC2)=CN=CC=C1,0.4492111643734427
C1(N2CCN(CCC(=O)OCCCCCCCC/C=C\CC(CCCCCC)OC(OCC#CCC)=O)CC2)=CN=CC=C1,0.29708278335669813
C1(N2CCN(CCC(=O)OCCCCCCCC/C=C\CC(CCCCCC)OC(OCC#CCCC)=O)CC2)=CN=CC=C1,0.3166889463155672
C1(N2CCN(CCC(=O)OCCCCCCCC/C=C\CC(CCCCCC)OC(OCC#CCCCC)=O)CC2)=CN=CC=C1,0.3377782679115025
C1(N2CCN(CCC(=O)OCCCCCCCC/C=C\CC(CCCCCC)OC(OCC#CCCCCC)=O)CC2)=CN=CC=C1,0.35303383022215923
C1(N2CCN(CCC(=O)OCCCCCCCC/C=C\CC(CCCCCC)OC(OCC#CCCCCCC)=O)CC2)=CN=CC=C1,0.3708241029532639
C1(N2CCN(CCC(=O)OCCCCCCCC/C=C\CC(CCCCCC)OC(OCCC#CCCCC)=O)CC2)=CN=CC=C1,0.3496854031103778
C1(N2CCN(CCC(=O)OCCCCCCCC/C=C\CC(CCCCCC)OC(OCCCCCCCCCCCCCCCCCC)=O)CC2)=CC=NC=C1,0.45455405103178725
C1(N2CCN(CCC(=O)OCCCCCCCC/C=C\CC(CCCCCC)OC(OCCC#CCCCCCC)=O)CC2)=CC=NC=C1,0.38851933072436284
C1(N2CCN(CCC(=O)OCCCCCCCC/C=C\CC(CCCCCC)OC(OCCCCCCCC/C=C\CCCCCCCC)=O)CC2)=CN=CC=C1,0.4480644191686994
C1(N2CCN(CCC(=O)OCCCCCCCC/C=C\CC(CCCCCC)OC(OCCCCCCCC/C=C\C/C=C\CCCCC)=O)CC2)=CC=NC=C1,0.459218409909422
C1(N2CCN(CCC(=O)OCCCCCCCC/C=C\CC(CCCCCC)OC(OCC#CCC)=O)CC2)=CC=NC=C1,0.30950095223462987
C1(N2CCN(CCC(=O)OCCCCCCCC/C=C\CC(CCCCCC)OC(OCC#CCCC)=O)CC2)=CC=NC=C1,0.3289696993625377
C1(N2CCN(CCC(=O)OCCCCCCCC/C=C\CC(CCCCCC)OC(OCC#CCCCC)=O)CC2)=CC=NC=C1,0.35032236171145376
C1(N2CCN(CCC(=O)OCCCCCCCC/C=C\CC(CCCCCC)OC(OCC#CCCCCC)=O)CC2)=CC=NC=C1,0.36542224744438156
C1(N2CCN(CCC(=O)OCCCCCCCC/C=C\CC(CCCCCC)OC(OCC#CCCCCCC)=O)CC2)=CC=NC=C1,0.3829541677240616
C1(N2CCN(CCC(=O)OCCCCCCCC/C=C\CC(CCCCCC)OC(OCCC#CCCCC)=O)CC2)=CC=NC=C1,0.36207352340988846
CN(CCC(=O)OCCCCCCCC/C=C\CC(CCCCCC)OC(OCCCCCCCCCCCCCCCCCC)=O)CCCN1C=CN=C1,0.4711237635720273
CN(CCC(=O)OCCCCCCCC/C=C\CC(CCCCCC)OC(OCCC#CCCCCCC)=O)CCCN1C=CN=C1,0.40532456235950004
CN(CCC(=O)OCCCCCCCC/C=C\CC(CCCCCC)OC(OCCCCCCCC/C=C\CCCCCCCC)=O)CCCN1C=CN=C1,0.47479331259648055
CN(CCC(=O)OCCCCCCCC/C=C\CC(CCCCCC)OC(OCCCCCCCC/C=C\C/C=C\CCCCC)=O)CCCN1C=CN=C1,0.4759865855901427
CN(CCC(=O)OCCCCCCCC/C=C\CC(CCCCCC)OC(OCC#CCC)=O)CCCN1C=CN=C1,0.32377631328951934
CN(CCC(=O)OCCCCCCCC/C=C\CC(CCCCCC)OC(OCC#CCCC)=O)CCCN1C=CN=C1,0.34407484062746213
CN(CCC(=O)OCCCCCCCC/C=C\CC(CCCCCC)OC(OCC#CCCCC)=O)CCCN1C=CN=C1,0.3665764454091878
CN(CCC(=O)OCCCCCCCC/C=C\CC(CCCCCC)OC(OCC#CCCCCC)=O)CCCN1C=CN=C1,0.38202577948148086
CN(CCC(=O)OCCCCCCCC/C=C\CC(CCCCCC)OC(OCC#CCCCCCC)=O)CCCN1C=CN=C1,0.399897349651041
CN(CCC(=O)OCCCCCCCC/C=C\CC(CCCCCC)OC(OCCC#CCCCC)=O)CCCN1C=CN=C1,0.37852313071325766
N(CCC(=O)OCCCCCCCC/C=C\CC(CCCCCC)OC(OCCCCCCCCCCCCCCCCCC)=O)(CCC(=O)OCCCCCCCC/C=C\CC(CCCCCC)OC(OCCCCCCCCCCCCCCCCCC)=O)CCCN1CCCCCC1,0.7770087903717761
N(CCC(=O)OCCCCCCCC/C=C\CC(CCCCCC)OC(OCCC#CCCCCCC)=O)(CCC(=O)OCCCCCCCC/C=C\CC(CCCCCC)OC(OCCC#CCCCCCC)=O)CCCN1CCCCCC1,0.7414303233685484
N(CCC(=O)OCCCCCCCC/C=C\CC(CCCCCC)OC(OCCCCCCCC/C=C\CCCCCCCC)=O)(CCC(=O)OCCCCCCCC/C=C\CC(CCCCCC)OC(OCCCCCCCC/C=C\CCCCCCCC)=O)CCCN1CCCCCC1,0.7807453845445246
N(CCC(=O)OCCCCCCCC/C=C\CC(CCCCCC)OC(OCCCCCCCC/C=C\C/C=C\CCCCC)=O)(CCC(=O)OCCCCCCCC/C=C\CC(CCCCCC)OC(OCCCCCCCC/C=C\C/C=C\CCCCC)=O)CCCN1CCCCCC1,0.7864552082899517
N(CCC(=O)OCCCCCCCC/C=C\CC(CCCCCC)OC(OCC#CCC)=O)(CCC(=O)OCCCCCCCC/C=C\CC(CCCCCC)OC(OCC#CCC)=O)CCCN1CCCCCC1,0.6739334962443152
N(CCC(=O)OCCCCCCCC/C=C\CC(CCCCCC)OC(OCC#CCCC)=O)(CCC(=O)OCCCCCCCC/C=C\CC(CCCCCC)OC(OCC#CCCC)=O)CCCN1CCCCCC1,0.6933352576084701
N(CCC(=O)OCCCCCCCC/C=C\CC(CCCCCC)OC(OCC#CCCCC)=O)(CCC(=O)OCCCCCCCC/C=C\CC(CCCCCC)OC(OCC#CCCCC)=O)CCCN1CCCCCC1,0.715238117742112
N(CCC(=O)OCCCCCCCC/C=C\CC(CCCCCC)OC(OCC#CCCCCC)=O)(CCC(=O)OCCCCCCCC/C=C\CC(CCCCCC)OC(OCC#CCCCCC)=O)CCCN1CCCCCC1,0.7271268437328637
N(CCC(=O)OCCCCCCCC/C=C\CC(CCCCCC)OC(OCC#CCCCCCC)=O)(CCC(=O)OCCCCCCCC/C=C\CC(CCCCCC)OC(OCC#CCCCCCC)=O)CCCN1CCCCCC1,0.7430236700239156
N(CCC(=O)OCCCCCCCC/C=C\CC(CCCCCC)OC(OCCC#CCCCC)=O)(CCC(=O)OCCCCCCCC/C=C\CC(CCCCCC)OC(OCCC#CCCCC)=O)CCCN1CCCCCC1,0.7223185961091534
CN(CCCN(CCC(=O)OCCCCCCCC/C=C\CC(CCCCCC)OC(OCCCCCCCCCCCCCCCCCC)=O)C)CCCN(CCC(=O)OCCCCCCCC/C=C\CC(CCCCCC)OC(OCCCCCCCCCCCCCCCCCC)=O)C,0.7834192923322038
CN(CCCN(CCC(=O)OCCCCCCCC/C=C\CC(CCCCCC)OC(OCCC#CCCCCCC)=O)C)CCCN(CCC(=O)OCCCCCCCC/C=C\CC(CCCCCC)OC(OCCC#CCCCCCC)=O)C,0.7481685686181182
CN(CCCN(CCC(=O)OCCCCCCCC/C=C\CC(CCCCCC)OC(OCCCCCCCC/C=C\CCCCCCCC)=O)C)CCCN(CCC(=O)OCCCCCCCC/C=C\CC(CCCCCC)OC(OCCCCCCCC/C=C\CCCCCCCC)=O)C,0.7865695829184873
CN(CCCN(CCC(=O)OCCCCCCCC/C=C\CC(CCCCCC)OC(OCCCCCCCC/C=C\C/C=C\CCCCC)=O)C)CCCN(CCC(=O)OCCCCCCCC/C=C\CC(CCCCCC)OC(OCCCCCCCC/C=C\C/C=C\CCCCC)=O)C,0.7911858997013738
CN(CCCN(CCC(=O)OCCCCCCCC/C=C\CC(CCCCCC)OC(OCC#CCC)=O)C)CCCN(CCC(=O)OCCCCCCCC/C=C\CC(CCCCCC)OC(OCC#CCC)=O)C,0.6825645643962432
CN(CCCN(CCC(=O)OCCCCCCCC/C=C\CC(CCCCCC)OC(OCC#CCCC)=O)C)CCCN(CCC(=O)OCCCCCCCC/C=C\CC(CCCCCC)OC(OCC#CCCC)=O)C,0.7017448214174918
CN(CCCN(CCC(=O)OCCCCCCCC/C=C\CC(CCCCCC)OC(OCC#CCCCC)=O)C)CCCN(CCC(=O)OCCCCCCCC/C=C\CC(CCCCCC)OC(OCC#CCCCC)=O)C,0.7230351299969571
CN(CCCN(CCC(=O)OCCCCCCCC/C=C\CC(CCCCCC)OC(OCC#CCCCCC)=O)C)CCCN(CCC(=O)OCCCCCCCC/C=C\CC(CCCCCC)OC(OCC#CCCCCC)=O)C,0.7344982469728
CN(CCCN(CCC(=O)OCCCCCCCC/C=C\CC(CCCCCC)OC(OCC#CCCCCCC)=O)C)CCCN(CCC(=O)OCCCCCCCC/C=C\CC(CCCCCC)OC(OCC#CCCCCCC)=O)C,0.7498827628171353
CN(CCCN(CCC(=O)OCCCCCCCC/C=C\CC(CCCCCC)OC(OCCC#CCCCC)=O)C)CCCN(CCC(=O)OCCCCCCCC/C=C\CC(CCCCCC)OC(OCCC#CCCCC)=O)C,0.729789409072957
CN(CCC(=O)OCCCCCCCC/C=C\CC(CCCCCC)OC(OCCCCCCCCCCCCCCCCCC)=O)CCN(C)C,0.730108957295257
CN(CCC(=O)OCCCCCCCC/C=C\CC(CCCCCC)OC(OCCC#CCCCCCC)=O)CCN(C)C,0.6910111841596814
CN(CCC(=O)OCCCCCCCC/C=C\CC(CCCCCC)OC(OCCCCCCCC/C=C\CCCCCCCC)=O)CCN(C)C,0.7340430644558088
CN(CCC(=O)OCCCCCCCC/C=C\CC(CCCCCC)OC(OCCCCCCCC/C=C\C/C=C\CCCCC)=O)CCN(C)C,0.7373222194989575
CN(CCC(=O)OCCCCCCCC/C=C\CC(CCCCCC)OC(OCC#CCC)=O)CCN(C)C,0.6212202133959959
CN(CCC(=O)OCCCCCCCC/C=C\CC(CCCCCC)OC(OCC#CCCC)=O)CCN(C)C,0.6407817191790297
CN(CCC(=O)OCCCCCCCC/C=C\CC(CCCCCC)OC(OCC#CCCCC)=O)CCN(C)C,0.6620953064990898
CN(CCC(=O)OCCCCCCCC/C=C\CC(CCCCCC)OC(OCC#CCCCCC)=O)CCN(C)C,0.674786555194945
CN(CCC(=O)OCCCCCCCC/C=C\CC(CCCCCC)OC(OCC#CCCCCCC)=O)CCN(C)C,0.6914002716810547
CN(CCC(=O)OCCCCCCCC/C=C\CC(CCCCCC)OC(OCCC#CCCCC)=O)CCN(C)C,0.6701297975387291
N(CCC(=O)OCCCCCCCC/C=C\CC(CCCCCC)OC(OCCCCCCCCCCCCCCCCCC)=O)(CCC(=O)OCCCCCCCC/C=C\CC(CCCCCC)OC(OCCCCCCCCCCCCCCCCCC)=O)CCCN(CC)CC,0.7732901303308125
N(CCC(=O)OCCCCCCCC/C=C\CC(CCCCCC)OC(OCCC#CCCCCCC)=O)(CCC(=O)OCCCCCCCC/C=C\CC(CCCCCC)OC(OCCC#CCCCCCC)=O)CCCN(CC)CC,0.7374214510691979
N(CCC(=O)OCCCCCCCC/C=C\CC(CCCCCC)OC(OCCCCCCCC/C=C\CCCCCCCC)=O)(CCC(=O)OCCCCCCCC/C=C\CC(CCCCCC)OC(OCCCCCCCC/C=C\CCCCCCCC)=O)CCCN(CC)CC,0.7767666795926798
N(CCC(=O)OCCCCCCCC/C=C\CC(CCCCCC)OC(OCCCCCCCC/C=C\C/C=C\CCCCC)=O)(CCC(=O)OCCCCCCCC/C=C\CC(CCCCCC)OC(OCCCCCCCC/C=C\C/C=C\CCCCC)=O)CCCN(CC)CC,0.7827120818175465
N(CCC(=O)OCCCCCCCC/C=C\CC(CCCCCC)OC(OCC#CCC)=O)(CCC(=O)OCCCCCCCC/C=C\CC(CCCCCC)OC(OCC#CCC)=O)CCCN(CC)CC,0.6678339911320914
N(CCC(=O)OCCCCCCCC/C=C\CC(CCCCCC)OC(OCC#CCCC)=O)(CCC(=O)OCCCCCCCC/C=C\CC(CCCCCC)OC(OCC#CCCC)=O)CCCN(CC)CC,0.6877515072464183
N(CCC(=O)OCCCCCCCC/C=C\CC(CCCCCC)OC(OCC#CCCCC)=O)(CCC(=O)OCCCCCCCC/C=C\CC(CCCCCC)OC(OCC#CCCCC)=O)CCCN(CC)CC,0.710362587431937
N(CCC(=O)OCCCCCCCC/C=C\CC(CCCCCC)OC(OCC#CCCCCC)=O)(CCC(=O)OCCCCCCCC/C=C\CC(CCCCCC)OC(OCC#CCCCCC)=O)CCCN(CC)CC,0.7226714590597028
N(CCC(=O)OCCCCCCCC/C=C\CC(CCCCCC)OC(OCC#CCCCCCC)=O)(CCC(=O)OCCCCCCCC/C=C\CC(CCCCCC)OC(OCC#CCCCCCC)=O)CCCN(CC)CC,0.7389460898090845
N(CCC(=O)OCCCCCCCC/C=C\CC(CCCCCC)OC(OCCC#CCCCC)=O)(CCC(=O)OCCCCCCCC/C=C\CC(CCCCCC)OC(OCCC#CCCCC)=O)CCCN(CC)CC,0.7177417106623768
N(CCC(=O)OCCCCCCCC/C=C\CC(CCCCCC)OC(OCCCCCCCCCCCCCCCCCC)=O)(CCC(=O)OCCCCCCCC/C=C\CC(CCCCCC)OC(OCCCCCCCCCCCCCCCCCC)=O)CCCN1CCCCC1,0.7801276071506226
N(CCC(=O)OCCCCCCCC/C=C\CC(CCCCCC)OC(OCCC#CCCCCCC)=O)(CCC(=O)OCCCCCCCC/C=C\CC(CCCCCC)OC(OCCC#CCCCCCC)=O)CCCN1CCCCC1,0.744062008746628
N(CCC(=O)OCCCCCCCC/C=C\CC(CCCCCC)OC(OCCCCCCCC/C=C\CCCCCCCC)=O)(CCC(=O)OCCCCCCCC/C=C\CC(CCCCCC)OC(OCCCCCCCC/C=C\CCCCCCCC)=O)CCCN1CCCCC1,0.7836312951483366
N(CCC(=O)OCCCCCCCC/C=C\CC(CCCCCC)OC(OCCCCCCCC/C=C\C/C=C\CCCCC)=O)(CCC(=O)OCCCCCCCC/C=C\CC(CCCCCC)OC(OCCCCCCCC/C=C\C/C=C\CCCCC)=O)CCCN1CCCCC1,0.7893986625152856
N(CCC(=O)OCCCCCCCC/C=C\CC(CCCCCC)OC(OCC#CCC)=O)(CCC(=O)OCCCCCCCC/C=C\CC(CCCCCC)OC(OCC#CCC)=O)CCCN1CCCCC1,0.6760306019723029
N(CCC(=O)OCCCCCCCC/C=C\CC(CCCCCC)OC(OCC#CCCC)=O)(CCC(=O)OCCCCCCCC/C=C\CC(CCCCCC)OC(OCC#CCCC)=O)CCCN1CCCCC1,0.6956757211909431
N(CCC(=O)OCCCCCCCC/C=C\CC(CCCCCC)OC(OCC#CCCCC)=O)(CCC(=O)OCCCCCCCC/C=C\CC(CCCCCC)OC(OCC#CCCCC)=O)CCCN1CCCCC1,0.7177983635157635
N(CCC(=O)OCCCCCCCC/C=C\CC(CCCCCC)OC(OCC#CCCCCC)=O)(CCC(=O)OCCCCCCCC/C=C\CC(CCCCCC)OC(OCC#CCCCCC)=O)CCCN1CCCCC1,0.7297717718638838
N(CCC(=O)OCCCCCCCC/C=C\CC(CCCCCC)OC(OCC#CCCCCCC)=O)(CCC(=O)OCCCCCCCC/C=C\CC(CCCCCC)OC(OCC#CCCCCCC)=O)CCCN1CCCCC1,0.7457321396152332
N(CCC(=O)OCCCCCCCC/C=C\CC(CCCCCC)OC(OCCC#CCCCC)=O)(CCC(=O)OCCCCCCCC/C=C\CC(CCCCCC)OC(OCCC#CCCCC)=O)CCCN1CCCCC1,0.724903545852416
N(CCC(=O)OCCCCCCCC/C=C\CC(CCCCCC)OC(OCCCCCCCCCCCCCCCCCC)=O)(CCC(=O)OCCCCCCCC/C=C\CC(CCCCCC)OC(OCCCCCCCCCCCCCCCCCC)=O)CCCN(CCC(=O)OCCCCCCCC/C=C\CC(CCCCCC)OC(OCCCCCCCCCCCCCCCCCC)=O)CCCN(CCC(=O)OCCCCCCCC/C=C\CC(CCCCCC)OC(OCCCCCCCCCCCCCCCCCC)=O)(CCC(=O)OCCCCCCCC/C=C\CC(CCCCCC)OC(OCCCCCCCCCCCCCCCCCC)=O),0.7969410932371442
N(CCC(=O)OCCCCCCCC/C=C\CC(CCCCCC)OC(OCCC#CCCCCCC)=O)(CCC(=O)OCCCCCCCC/C=C\CC(CCCCCC)OC(OCCC#CCCCCCC)=O)CCCN(CCC(=O)OCCCCCCCC/C=C\CC(CCCCCC)OC(OCCC#CCCCCCC)=O)CCCN(CCC(=O)OCCCCCCCC/C=C\CC(CCCCCC)OC(OCCC#CCCCCCC)=O)(CCC(=O)OCCCCCCCC/C=C\CC(CCCCCC)OC(OCCC#CCCCCCC)=O),0.7587889001691551
N(CCC(=O)OCCCCCCCC/C=C\CC(CCCCCC)OC(OCCCCCCCC/C=C\CCCCCCCC)=O)(CCC(=O)OCCCCCCCC/C=C\CC(CCCCCC)OC(OCCCCCCCC/C=C\CCCCCCCC)=O)CCCN(CCC(=O)OCCCCCCCC/C=C\CC(CCCCCC)OC(OCCCCCCCC/C=C\CCCCCCCC)=O)CCCN(CCC(=O)OCCCCCCCC/C=C\CC(CCCCCC)OC(OCCCCCCCC/C=C\CCCCCCCC)=O)(CCC(=O)OCCCCCCCC/C=C\CC(CCCCCC)OC(OCCCCCCCC/C=C\CCCCCCCC)=O),0.8012515202424675
N(CCC(=O)OCCCCCCCC/C=C\CC(CCCCCC)OC(OCCCCCCCC/C=C\C/C=C\CCCCC)=O)(CCC(=O)OCCCCCCCC/C=C\CC(CCCCCC)OC(OCCCCCCCC/C=C\C/C=C\CCCCC)=O)CCCN(CCC(=O)OCCCCCCCC/C=C\CC(CCCCCC)OC(OCCCCCCCC/C=C\C/C=C\CCCCC)=O)CCCN(CCC(=O)OCCCCCCCC/C=C\CC(CCCCCC)OC(OCCCCCCCC/C=C\C/C=C\CCCCC)=O)(CCC(=O)OCCCCCCCC/C=C\CC(CCCCCC)OC(OCCCCCCCC/C=C\C/C=C\CCCCC)=O),0.8070343275904234
N(CCC(=O)OCCCCCCCC/C=C\CC(CCCCCC)OC(OCC#CCC)=O)(CCC(=O)OCCCCCCCC/C=C\CC(CCCCCC)OC(OCC#CCC)=O)CCCN(CCC(=O)OCCCCCCCC/C=C\CC(CCCCCC)OC(OCC#CCC)=O)CCCN(CCC(=O)OCCCCCCCC/C=C\CC(CCCCCC)OC(OCC#CCC)=O)(CCC(=O)OCCCCCCCC/C=C\CC(CCCCCC)OC(OCC#CCC)=O),0.6865859668340263
N(CCC(=O)OCCCCCCCC/C=C\CC(CCCCCC)OC(OCC#CCCC)=O)(CCC(=O)OCCCCCCCC/C=C\CC(CCCCCC)OC(OCC#CCCC)=O)CCCN(CCC(=O)OCCCCCCCC/C=C\CC(CCCCCC)OC(OCC#CCCC)=O)CCCN(CCC(=O)OCCCCCCCC/C=C\CC(CCCCCC)OC(OCC#CCCC)=O)(CCC(=O)OCCCCCCCC/C=C\CC(CCCCCC)OC(OCC#CCCC)=O),0.7079815048225075
N(CCC(=O)OCCCCCCCC/C=C\CC(CCCCCC)OC(OCC#CCCCC)=O)(CCC(=O)OCCCCCCCC/C=C\CC(CCCCCC)OC(OCC#CCCCC)=O)CCCN(CCC(=O)OCCCCCCCC/C=C\CC(CCCCCC)OC(OCC#CCCCC)=O)CCCN(CCC(=O)OCCCCCCCC/C=C\CC(CCCCCC)OC(OCC#CCCCC)=O)(CCC(=O)OCCCCCCCC/C=C\CC(CCCCCC)OC(OCC#CCCCC)=O),0.7316187498995601
N(CCC(=O)OCCCCCCCC/C=C\CC(CCCCCC)OC(OCC#CCCCCC)=O)(CCC(=O)OCCCCCCCC/C=C\CC(CCCCCC)OC(OCC#CCCCCC)=O)CCCN(CCC(=O)OCCCCCCCC/C=C\CC(CCCCCC)OC(OCC#CCCCCC)=O)CCCN(CCC(=O)OCCCCCCCC/C=C\CC(CCCCCC)OC(OCC#CCCCCC)=O)(CCC(=O)OCCCCCCCC/C=C\CC(CCCCCC)OC(OCC#CCCCCC)=O),0.7441619529313763
N(CCC(=O)OCCCCCCCC/C=C\CC(CCCCCC)OC(OCC#CCCCCCC)=O)(CCC(=O)OCCCCCCCC/C=C\CC(CCCCCC)OC(OCC#CCCCCCC)=O)CCCN(CCC(=O)OCCCCCCCC/C=C\CC(CCCCCC)OC(OCC#CCCCCCC)=O)CCCN(CCC(=O)OCCCCCCCC/C=C\CC(CCCCCC)OC(OCC#CCCCCCC)=O)(CCC(=O)OCCCCCCCC/C=C\CC(CCCCCC)OC(OCC#CCCCCCC)=O),0.7609422430587331
N(CCC(=O)OCCCCCCCC/C=C\CC(CCCCCC)OC(OCCC#CCCCC)=O)(CCC(=O)OCCCCCCCC/C=C\CC(CCCCCC)OC(OCCC#CCCCC)=O)CCCN(CCC(=O)OCCCCCCCC/C=C\CC(CCCCCC)OC(OCCC#CCCCC)=O)CCCN(CCC(=O)OCCCCCCCC/C=C\CC(CCCCCC)OC(OCCC#CCCCC)=O)(CCC(=O)OCCCCCCCC/C=C\CC(CCCCCC)OC(OCCC#CCCCC)=O),0.738910459083684
CN(C)CCCN(CCC(=O)OCCCCCCCC/C=C\CC(CCCCCC)OC(OCCCCCCCCCCCCCCCCCC)=O)CCCN(C)C,0.7355058245025833
CN(C)CCCN(CCC(=O)OCCCCCCCC/C=C\CC(CCCCCC)OC(OCCC#CCCCCCC)=O)CCCN(C)C,0.7020695954795173
CN(C)CCCN(CCC(=O)OCCCCCCCC/C=C\CC(CCCCCC)OC(OCCCCCCCC/C=C\CCCCCCCC)=O)CCCN(C)C,0.7390327912408923
CN(C)CCCN(CCC(=O)OCCCCCCCC/C=C\CC(CCCCCC)OC(OCCCCCCCC/C=C\C/C=C\CCCCC)=O)CCCN(C)C,0.7419725636246014
CN(C)CCCN(CCC(=O)OCCCCCCCC/C=C\CC(CCCCCC)OC(OCC#CCC)=O)CCCN(C)C,0.6423625950805067
CN(C)CCCN(CCC(=O)OCCCCCCCC/C=C\CC(CCCCCC)OC(OCC#CCCC)=O)CCCN(C)C,0.6587007079056436
CN(C)CCCN(CCC(=O)OCCCCCCCC/C=C\CC(CCCCCC)OC(OCC#CCCCC)=O)CCCN(C)C,0.6776876682415947
CN(C)CCCN(CCC(=O)OCCCCCCCC/C=C\CC(CCCCCC)OC(OCC#CCCCCC)=O)CCCN(C)C,0.6884759986628948
CN(C)CCCN(CCC(=O)OCCCCCCCC/C=C\CC(CCCCCC)OC(OCC#CCCCCCC)=O)CCCN(C)C,0.7026102917374696
CN(C)CCCN(CCC(=O)OCCCCCCCC/C=C\CC(CCCCCC)OC(OCCC#CCCCC)=O)CCCN(C)C,0.6844463417737273
N(CCC(=O)OCCCCCCCC/C=C\CC(CCCCCC)OC(OCCCCCCCCCCCCCCCCCC)=O)(CCC(=O)OCCCCCCCC/C=C\CC(CCCCCC)OC(OCCCCCCCCCCCCCCCCCC)=O)CCCN(CCC(=O)OCCCCCCCC/C=C\CC(CCCCCC)OC(OCCCCCCCCCCCCCCCCCC)=O)CCCN(C)C,0.7846750378644014
N(CCC(=O)OCCCCCCCC/C=C\CC(CCCCCC)OC(OCCC#CCCCCCC)=O)(CCC(=O)OCCCCCCCC/C=C\CC(CCCCCC)OC(OCCC#CCCCCCC)=O)CCCN(CCC(=O)OCCCCCCCC/C=C\CC(CCCCCC)OC(OCCC#CCCCCCC)=O)CCCN(C)C,0.7471739369185637
N(CCC(=O)OCCCCCCCC/C=C\CC(CCCCCC)OC(OCCCCCCCC/C=C\CCCCCCCC)=O)(CCC(=O)OCCCCCCCC/C=C\CC(CCCCCC)OC(OCCCCCCCC/C=C\CCCCCCCC)=O)CCCN(CCC(=O)OCCCCCCCC/C=C\CC(CCCCCC)OC(OCCCCCCCC/C=C\CCCCCCCC)=O)CCCN(C)C,0.7879685639667949
N(CCC(=O)OCCCCCCCC/C=C\CC(CCCCCC)OC(OCCCCCCCC/C=C\C/C=C\CCCCC)=O)(CCC(=O)OCCCCCCCC/C=C\CC(CCCCCC)OC(OCCCCCCCC/C=C\C/C=C\CCCCC)=O)CCCN(CCC(=O)OCCCCCCCC/C=C\CC(CCCCCC)OC(OCCCCCCCC/C=C\C/C=C\CCCCC)=O)CCCN(C)C,0.7929958217826335
N(CCC(=O)OCCCCCCCC/C=C\CC(CCCCCC)OC(OCC#CCC)=O)(CCC(=O)OCCCCCCCC/C=C\CC(CCCCCC)OC(OCC#CCC)=O)CCCN(CCC(=O)OCCCCCCCC/C=C\CC(CCCCCC)OC(OCC#CCC)=O)CCCN(C)C,0.677120248939592
N(CCC(=O)OCCCCCCCC/C=C\CC(CCCCCC)OC(OCC#CCCC)=O)(CCC(=O)OCCCCCCCC/C=C\CC(CCCCCC)OC(OCC#CCCC)=O)CCCN(CCC(=O)OCCCCCCCC/C=C\CC(CCCCCC)OC(OCC#CCCC)=O)CCCN(C)C,0.6976463378437591
N(CCC(=O)OCCCCCCCC/C=C\CC(CCCCCC)OC(OCC#CCCCC)=O)(CCC(=O)OCCCCCCCC/C=C\CC(CCCCCC)OC(OCC#CCCCC)=O)CCCN(CCC(=O)OCCCCCCCC/C=C\CC(CCCCCC)OC(OCC#CCCCC)=O)CCCN(C)C,0.7204138369137859
N(CCC(=O)OCCCCCCCC/C=C\CC(CCCCCC)OC(OCC#CCCCCC)=O)(CCC(=O)OCCCCCCCC/C=C\CC(CCCCCC)OC(OCC#CCCCCC)=O)CCCN(CCC(=O)OCCCCCCCC/C=C\CC(CCCCCC)OC(OCC#CCCCCC)=O)CCCN(C)C,0.7326362446479132
N(CCC(=O)OCCCCCCCC/C=C\CC(CCCCCC)OC(OCC#CCCCCCC)=O)(CCC(=O)OCCCCCCCC/C=C\CC(CCCCCC)OC(OCC#CCCCCCC)=O)CCCN(CCC(=O)OCCCCCCCC/C=C\CC(CCCCCC)OC(OCC#CCCCCCC)=O)CCCN(C)C,0.7489308286035191
N(CCC(=O)OCCCCCCCC/C=C\CC(CCCCCC)OC(OCCC#CCCCC)=O)(CCC(=O)OCCCCCCCC/C=C\CC(CCCCCC)OC(OCCC#CCCCC)=O)CCCN(CCC(=O)OCCCCCCCC/C=C\CC(CCCCCC)OC(OCCC#CCCCC)=O)CCCN(C)C,0.727643014174832
N(CCC(=O)OCCCCCCCC/C=C\CC(CCCCCC)OC(OCCCCCCCCCCCCCCCCCC)=O)(CCC(=O)OCCCCCCCC/C=C\CC(CCCCCC)OC(OCCCCCCCCCCCCCCCCCC)=O)CCCN(CCC(=O)OCCCCCCCC/C=C\CC(CCCCCC)OC(OCCCCCCCCCCCCCCCCCC)=O)CCN(CCC(=O)OCCCCCCCC/C=C\CC(CCCCCC)OC(OCCCCCCCCCCCCCCCCCC)=O)CCCN(CCC(=O)OCCCCCCCC/C=C\CC(CCCCCC)OC(OCCCCCCCCCCCCCCCCCC)=O)(CCC(=O)OCCCCCCCC/C=C\CC(CCCCCC)OC(OCCCCCCCCCCCCCCCCCC)=O),0.7975642746243986
N(CCC(=O)OCCCCCCCC/C=C\CC(CCCCCC)OC(OCCC#CCCCCCC)=O)(CCC(=O)OCCCCCCCC/C=C\CC(CCCCCC)OC(OCCC#CCCCCCC)=O)CCCN(CCC(=O)OCCCCCCCC/C=C\CC(CCCCCC)OC(OCCC#CCCCCCC)=O)CCN(CCC(=O)OCCCCCCCC/C=C\CC(CCCCCC)OC(OCCC#CCCCCCC)=O)CCCN(CCC(=O)OCCCCCCCC/C=C\CC(CCCCCC)OC(OCCC#CCCCCCC)=O)(CCC(=O)OCCCCCCCC/C=C\CC(CCCCCC)OC(OCCC#CCCCCCC)=O),0.7596200462236636
N(CCC(=O)OCCCCCCCC/C=C\CC(CCCCCC)OC(OCCCCCCCC/C=C\CCCCCCCC)=O)(CCC(=O)OCCCCCCCC/C=C\CC(CCCCCC)OC(OCCCCCCCC/C=C\CCCCCCCC)=O)CCCN(CCC(=O)OCCCCCCCC/C=C\CC(CCCCCC)OC(OCCCCCCCC/C=C\CCCCCCCC)=O)CCN(CCC(=O)OCCCCCCCC/C=C\CC(CCCCCC)OC(OCCCCCCCC/C=C\CCCCCCCC)=O)CCCN(CCC(=O)OCCCCCCCC/C=C\CC(CCCCCC)OC(OCCCCCCCC/C=C\CCCCCCCC)=O)(CCC(=O)OCCCCCCCC/C=C\CC(CCCCCC)OC(OCCCCCCCC/C=C\CCCCCCCC)=O),0.8018565299597676
N(CCC(=O)OCCCCCCCC/C=C\CC(CCCCCC)OC(OCCCCCCCC/C=C\C/C=C\CCCCC)=O)(CCC(=O)OCCCCCCCC/C=C\CC(CCCCCC)OC(OCCCCCCCC/C=C\C/C=C\CCCCC)=O)CCCN(CCC(=O)OCCCCCCCC/C=C\CC(CCCCCC)OC(OCCCCCCCC/C=C\C/C=C\CCCCC)=O)CCN(CCC(=O)OCCCCCCCC/C=C\CC(CCCCCC)OC(OCCCCCCCC/C=C\C/C=C\CCCCC)=O)CCCN(CCC(=O)OCCCCCCCC/C=C\CC(CCCCCC)OC(OCCCCCCCC/C=C\C/C=C\CCCCC)=O)(CCC(=O)OCCCCCCCC/C=C\CC(CCCCCC)OC(OCCCCCCCC/C=C\C/C=C\CCCCC)=O),0.8077557310106984
N(CCC(=O)OCCCCCCCC/C=C\CC(CCCCCC)OC(OCC#CCC)=O)(CCC(=O)OCCCCCCCC/C=C\CC(CCCCCC)OC(OCC#CCC)=O)CCCN(CCC(=O)OCCCCCCCC/C=C\CC(CCCCCC)OC(OCC#CCC)=O)CCN(CCC(=O)OCCCCCCCC/C=C\CC(CCCCCC)OC(OCC#CCC)=O)CCCN(CCC(=O)OCCCCCCCC/C=C\CC(CCCCCC)OC(OCC#CCC)=O)(CCC(=O)OCCCCCCCC/C=C\CC(CCCCCC)OC(OCC#CCC)=O),0.687974852510137
N(CCC(=O)OCCCCCCCC/C=C\CC(CCCCCC)OC(OCC#CCCC)=O)(CCC(=O)OCCCCCCCC/C=C\CC(CCCCCC)OC(OCC#CCCC)=O)CCCN(CCC(=O)OCCCCCCCC/C=C\CC(CCCCCC)OC(OCC#CCCC)=O)CCN(CCC(=O)OCCCCCCCC/C=C\CC(CCCCCC)OC(OCC#CCCC)=O)CCCN(CCC(=O)OCCCCCCCC/C=C\CC(CCCCCC)OC(OCC#CCCC)=O)(CCC(=O)OCCCCCCCC/C=C\CC(CCCCCC)OC(OCC#CCCC)=O),0.7092086270053001
N(CCC(=O)OCCCCCCCC/C=C\CC(CCCCCC)OC(OCC#CCCCC)=O)(CCC(=O)OCCCCCCCC/C=C\CC(CCCCCC)OC(OCC#CCCCC)=O)CCCN(CCC(=O)OCCCCCCCC/C=C\CC(CCCCCC)OC(OCC#CCCCC)=O)CCN(CCC(=O)OCCCCCCCC/C=C\CC(CCCCCC)OC(OCC#CCCCC)=O)CCCN(CCC(=O)OCCCCCCCC/C=C\CC(CCCCCC)OC(OCC#CCCCC)=O)(CCC(=O)OCCCCCCCC/C=C\CC(CCCCCC)OC(OCC#CCCCC)=O),0.7326643929209795
N(CCC(=O)OCCCCCCCC/C=C\CC(CCCCCC)OC(OCC#CCCCCC)=O)(CCC(=O)OCCCCCCCC/C=C\CC(CCCCCC)OC(OCC#CCCCCC)=O)CCCN(CCC(=O)OCCCCCCCC/C=C\CC(CCCCCC)OC(OCC#CCCCCC)=O)CCN(CCC(=O)OCCCCCCCC/C=C\CC(CCCCCC)OC(OCC#CCCCCC)=O)CCCN(CCC(=O)OCCCCCCCC/C=C\CC(CCCCCC)OC(OCC#CCCCCC)=O)(CCC(=O)OCCCCCCCC/C=C\CC(CCCCCC)OC(OCC#CCCCCC)=O),0.7451113929942145
N(CCC(=O)OCCCCCCCC/C=C\CC(CCCCCC)OC(OCC#CCCCCCC)=O)(CCC(=O)OCCCCCCCC/C=C\CC(CCCCCC)OC(OCC#CCCCCCC)=O)CCCN(CCC(=O)OCCCCCCCC/C=C\CC(CCCCCC)OC(OCC#CCCCCCC)=O)CCN(CCC(=O)OCCCCCCCC/C=C\CC(CCCCCC)OC(OCC#CCCCCCC)=O)CCCN(CCC(=O)OCCCCCCCC/C=C\CC(CCCCCC)OC(OCC#CCCCCCC)=O)(CCC(=O)OCCCCCCCC/C=C\CC(CCCCCC)OC(OCC#CCCCCCC)=O),0.7617831875627269
N(CCC(=O)OCCCCCCCC/C=C\CC(CCCCCC)OC(OCCC#CCCCC)=O)(CCC(=O)OCCCCCCCC/C=C\CC(CCCCCC)OC(OCCC#CCCCC)=O)CCCN(CCC(=O)OCCCCCCCC/C=C\CC(CCCCCC)OC(OCCC#CCCCC)=O)CCN(CCC(=O)OCCCCCCCC/C=C\CC(CCCCCC)OC(OCCC#CCCCC)=O)CCCN(CCC(=O)OCCCCCCCC/C=C\CC(CCCCCC)OC(OCCC#CCCCC)=O)(CCC(=O)OCCCCCCCC/C=C\CC(CCCCCC)OC(OCCC#CCCCC)=O),0.7398887600340965
CN(C)CCCN1CCN(CCC(=O)OCCCCCCCC/C=C\CC(CCCCCC)OC(OCCCCCCCCCCCCCCCCCC)=O)CC1,0.7275618948900036
CN(C)CCCN1CCN(CCC(=O)OCCCCCCCC/C=C\CC(CCCCCC)OC(OCCC#CCCCCCC)=O)CC1,0.6923674083375084
CN(C)CCCN1CCN(CCC(=O)OCCCCCCCC/C=C\CC(CCCCCC)OC(OCCCCCCCC/C=C\CCCCCCCC)=O)CC1,0.7313804397311732
CN(C)CCCN1CCN(CCC(=O)OCCCCCCCC/C=C\CC(CCCCCC)OC(OCCCCCCCC/C=C\C/C=C\CCCCC)=O)CC1,0.7345486644492417
CN(C)CCCN1CCN(CCC(=O)OCCCCCCCC/C=C\CC(CCCCCC)OC(OCC#CCC)=O)CC1,0.6310008475184281
CN(C)CCCN1CCN(CCC(=O)OCCCCCCCC/C=C\CC(CCCCCC)OC(OCC#CCCC)=O)CC1,0.6479544217403159
CN(C)CCCN1CCN(CCC(=O)OCCCCCCCC/C=C\CC(CCCCCC)OC(OCC#CCCCC)=O)CC1,0.6667581807631662
CN(C)CCCN1CCN(CCC(=O)OCCCCCCCC/C=C\CC(CCCCCC)OC(OCC#CCCCCC)=O)CC1,0.6779119636579907
CN(C)CCCN1CCN(CCC(=O)OCCCCCCCC/C=C\CC(CCCCCC)OC(OCC#CCCCCCC)=O)CC1,0.6927529327863416
CN(C)CCCN1CCN(CCC(=O)OCCCCCCCC/C=C\CC(CCCCCC)OC(OCCC#CCCCC)=O)CC1,0.6737625281469353
CN(C)CCN1CCN(CCC(=O)OCCCCCCCC/C=C\CC(CCCCCC)OC(OCCCCCCCCCCCCCCCCCC)=O)CC1,0.7238048724346922
CN(C)CCN1CCN(CCC(=O)OCCCCCCCC/C=C\CC(CCCCCC)OC(OCCC#CCCCCCC)=O)CC1,0.6871507732161662
CN(C)CCN1CCN(CCC(=O)OCCCCCCCC/C=C\CC(CCCCCC)OC(OCCCCCCCC/C=C\CCCCCCCC)=O)CC1,0.7277329817564682
CN(C)CCN1CCN(CCC(=O)OCCCCCCCC/C=C\CC(CCCCCC)OC(OCCCCCCCC/C=C\C/C=C\CCCCC)=O)CC1,0.7309279295185871
CN(C)CCN1CCN(CCC(=O)OCCCCCCCC/C=C\CC(CCCCCC)OC(OCC#CCC)=O)CC1,0.6240105148866499
CN(C)CCN1CCN(CCC(=O)OCCCCCCCC/C=C\CC(CCCCCC)OC(OCC#CCCC)=O)CC1,0.6415595972990645
CN(C)CCN1CCN(CCC(=O)OCCCCCCCC/C=C\CC(CCCCCC)OC(OCC#CCCCC)=O)CC1,0.6608474591110226
CN(C)CCN1CCN(CCC(=O)OCCCCCCCC/C=C\CC(CCCCCC)OC(OCC#CCCCCC)=O)CC1,0.6722030306806984
CN(C)CCN1CCN(CCC(=O)OCCCCCCCC/C=C\CC(CCCCCC)OC(OCC#CCCCCCC)=O)CC1,0.6874334436376767
CN(C)CCN1CCN(CCC(=O)OCCCCCCCC/C=C\CC(CCCCCC)OC(OCCC#CCCCC)=O)CC1,0.6679756826501007
N(CCC(=O)OCCCCCCCC/C=C\CC(CCCCCC)OC(OCCCCCCCCCCCCCCCCCC)=O)(CCC(=O)OCCCCCCCC/C=C\CC(CCCCCC)OC(OCCCCCCCCCCCCCCCCCC)=O)CCN1CCCCN(C)CC1,0.7493022195312768
N(CCC(=O)OCCCCCCCC/C=C\CC(CCCCCC)OC(OCCC#CCCCCCC)=O)(CCC(=O)OCCCCCCCC/C=C\CC(CCCCCC)OC(OCCC#CCCCCCC)=O)CCN1CCCCN(C)CC1,0.7130973643755086
N(CCC(=O)OCCCCCCCC/C=C\CC(CCCCCC)OC(OCCCCCCCC/C=C\CCCCCCCC)=O)(CCC(=O)OCCCCCCCC/C=C\CC(CCCCCC)OC(OCCCCCCCC/C=C\CCCCCCCC)=O)CCN1CCCCN(C)CC1,0.753356877312767
N(CCC(=O)OCCCCCCCC/C=C\CC(CCCCCC)OC(OCCCCCCCC/C=C\C/C=C\CCCCC)=O)(CCC(=O)OCCCCCCCC/C=C\CC(CCCCCC)OC(OCCCCCCCC/C=C\C/C=C\CCCCC)=O)CCN1CCCCN(C)CC1,0.7583513548612372
N(CCC(=O)OCCCCCCCC/C=C\CC(CCCCCC)OC(OCC#CCC)=O)(CCC(=O)OCCCCCCCC/C=C\CC(CCCCCC)OC(OCC#CCC)=O)CCN1CCCCN(C)CC1,0.644212958035096
N(CCC(=O)OCCCCCCCC/C=C\CC(CCCCCC)OC(OCC#CCCC)=O)(CCC(=O)OCCCCCCCC/C=C\CC(CCCCCC)OC(OCC#CCCC)=O)CCN1CCCCN(C)CC1,0.663436447003164
N(CCC(=O)OCCCCCCCC/C=C\CC(CCCCCC)OC(OCC#CCCCC)=O)(CCC(=O)OCCCCCCCC/C=C\CC(CCCCCC)OC(OCC#CCCCC)=O)CCN1CCCCN(C)CC1,0.6850796185331786
N(CCC(=O)OCCCCCCCC/C=C\CC(CCCCCC)OC(OCC#CCCCCC)=O)(CCC(=O)OCCCCCCCC/C=C\CC(CCCCCC)OC(OCC#CCCCCC)=O)CCN1CCCCN(C)CC1,0.6975861219178323
N(CCC(=O)OCCCCCCCC/C=C\CC(CCCCCC)OC(OCC#CCCCCCC)=O)(CCC(=O)OCCCCCCCC/C=C\CC(CCCCCC)OC(OCC#CCCCCCC)=O)CCN1CCCCN(C)CC1,0.7140153306309097
N(CCC(=O)OCCCCCCCC/C=C\CC(CCCCCC)OC(OCCC#CCCCC)=O)(CCC(=O)OCCCCCCCC/C=C\CC(CCCCCC)OC(OCCC#CCCCC)=O)CCN1CCCCN(C)CC1,0.6928187308592478
N(CCC(=O)OCCCCCCCC/C=C\CC(CCCCCC)OC(OCCCCCCCCCCCCCCCCCC)=O)(CCC(=O)OCCCCCCCC/C=C\CC(CCCCCC)OC(OCCCCCCCCCCCCCCCCCC)=O)CCC1N(C)CCCC1,0.7516205326794592
N(CCC(=O)OCCCCCCCC/C=C\CC(CCCCCC)OC(OCCC#CCCCCCC)=O)(CCC(=O)OCCCCCCCC/C=C\CC(CCCCCC)OC(OCCC#CCCCCCC)=O)CCC1N(C)CCCC1,0.7148227228684847
N(CCC(=O)OCCCCCCCC/C=C\CC(CCCCCC)OC(OCCCCCCCC/C=C\CCCCCCCC)=O)(CCC(=O)OCCCCCCCC/C=C\CC(CCCCCC)OC(OCCCCCCCC/C=C\CCCCCCCC)=O)CCC1N(C)CCCC1,0.7556293455942673
N(CCC(=O)OCCCCCCCC/C=C\CC(CCCCCC)OC(OCCCCCCCC/C=C\C/C=C\CCCCC)=O)(CCC(=O)OCCCCCCCC/C=C\CC(CCCCCC)OC(OCCCCCCCC/C=C\C/C=C\CCCCC)=O)CCC1N(C)CCCC1,0.7609778737841336
N(CCC(=O)OCCCCCCCC/C=C\CC(CCCCCC)OC(OCC#CCC)=O)(CCC(=O)OCCCCCCCC/C=C\CC(CCCCCC)OC(OCC#CCC)=O)CCC1N(C)CCCC1,0.6443775719864463
N(CCC(=O)OCCCCCCCC/C=C\CC(CCCCCC)OC(OCC#CCCC)=O)(CCC(=O)OCCCCCCCC/C=C\CC(CCCCCC)OC(OCC#CCCC)=O)CCC1N(C)CCCC1,0.6641131932476038
N(CCC(=O)OCCCCCCCC/C=C\CC(CCCCCC)OC(OCC#CCCCC)=O)(CCC(=O)OCCCCCCCC/C=C\CC(CCCCCC)OC(OCC#CCCCC)=O)CCC1N(C)CCCC1,0.6862236023567033
N(CCC(=O)OCCCCCCCC/C=C\CC(CCCCCC)OC(OCC#CCCCCC)=O)(CCC(=O)OCCCCCCCC/C=C\CC(CCCCCC)OC(OCC#CCCCCC)=O)CCC1N(C)CCCC1,0.6990102820120896
N(CCC(=O)OCCCCCCCC/C=C\CC(CCCCCC)OC(OCC#CCCCCCC)=O)(CCC(=O)OCCCCCCCC/C=C\CC(CCCCCC)OC(OCC#CCCCCCC)=O)CCC1N(C)CCCC1,0.71580541827503
N(CCC(=O)OCCCCCCCC/C=C\CC(CCCCCC)OC(OCCC#CCCCC)=O)(CCC(=O)OCCCCCCCC/C=C\CC(CCCCCC)OC(OCCC#CCCCC)=O)CCC1N(C)CCCC1,0.6941193711054501
CN(CC1)CCC1CN2CCN(CCC(=O)OCCCCCCCC/C=C\CC(CCCCCC)OC(OCCCCCCCCCCCCCCCCCC)=O)CC2,0.6172656779528811
CN(CC1)CCC1CN2CCN(CCC(=O)OCCCCCCCC/C=C\CC(CCCCCC)OC(OCCC#CCCCCCC)=O)CC2,0.5672688816090945
CN(CC1)CCC1CN2CCN(CCC(=O)OCCCCCCCC/C=C\CC(CCCCCC)OC(OCCCCCCCC/C=C\CCCCCCCC)=O)CC2,0.6212430764447945
CN(CC1)CCC1CN2CCN(CCC(=O)OCCCCCCCC/C=C\CC(CCCCCC)OC(OCCCCCCCC/C=C\C/C=C\CCCCC)=O)CC2,0.6250058592007124
CN(CC1)CCC1CN2CCN(CCC(=O)OCCCCCCCC/C=C\CC(CCCCCC)OC(OCC#CCC)=O)CC2,0.49984102963078236
CN(CC1)CCC1CN2CCN(CCC(=O)OCCCCCCCC/C=C\CC(CCCCCC)OC(OCC#CCCC)=O)CC2,0.5170077052828362
CN(CC1)CCC1CN2CCN(CCC(=O)OCCCCCCCC/C=C\CC(CCCCCC)OC(OCC#CCCCC)=O)CC2,0.5367642299028954
CN(CC1)CCC1CN2CCN(CCC(=O)OCCCCCCCC/C=C\CC(CCCCCC)OC(OCC#CCCCCC)=O)CC2,0.5494148001872518
CN(CC1)CCC1CN2CCN(CCC(=O)OCCCCCCCC/C=C\CC(CCCCCC)OC(OCC#CCCCCCC)=O)CC2,0.5651929167781777
CN(CC1)CCC1CN2CCN(CCC(=O)OCCCCCCCC/C=C\CC(CCCCCC)OC(OCCC#CCCCC)=O)CC2,0.5455970867296748
N(CCC(=O)OCCCCCCCC/C=C\CC(CCCCCC)OC(OCCCCCCCCCCCCCCCCCC)=O)(CCC(=O)OCCCCCCCC/C=C\CC(CCCCCC)OC(OCCCCCCCCCCCCCCCCCC)=O)CCN(CC)CC,0.7705630733777442
N(CCC(=O)OCCCCCCCC/C=C\CC(CCCCCC)OC(OCCC#CCCCCCC)=O)(CCC(=O)OCCCCCCCC/C=C\CC(CCCCCC)OC(OCCC#CCCCCCC)=O)CCN(CC)CC,0.7343764492764727
N(CCC(=O)OCCCCCCCC/C=C\CC(CCCCCC)OC(OCCCCCCCC/C=C\CCCCCCCC)=O)(CCC(=O)OCCCCCCCC/C=C\CC(CCCCCC)OC(OCCCCCCCC/C=C\CCCCCCCC)=O)CCN(CC)CC,0.7740988290283187
N(CCC(=O)OCCCCCCCC/C=C\CC(CCCCCC)OC(OCCCCCCCC/C=C\C/C=C\CCCCC)=O)(CCC(=O)OCCCCCCCC/C=C\CC(CCCCCC)OC(OCCCCCCCC/C=C\C/C=C\CCCCC)=O)CCN(CC)CC,0.7800666786101877
N(CCC(=O)OCCCCCCCC/C=C\CC(CCCCCC)OC(OCC#CCC)=O)(CCC(=O)OCCCCCCCC/C=C\CC(CCCCCC)OC(OCC#CCC)=O)CCN(CC)CC,0.6635056893795256
N(CCC(=O)OCCCCCCCC/C=C\CC(CCCCCC)OC(OCC#CCCC)=O)(CCC(=O)OCCCCCCCC/C=C\CC(CCCCCC)OC(OCC#CCCC)=O)CCN(CC)CC,0.6836419187632691
N(CCC(=O)OCCCCCCCC/C=C\CC(CCCCCC)OC(OCC#CCCCC)=O)(CCC(=O)OCCCCCCCC/C=C\CC(CCCCCC)OC(OCC#CCCCC)=O)CCN(CC)CC,0.7066585359883877
N(CCC(=O)OCCCCCCCC/C=C\CC(CCCCCC)OC(OCC#CCCCCC)=O)(CCC(=O)OCCCCCCCC/C=C\CC(CCCCCC)OC(OCC#CCCCCC)=O)CCN(CC)CC,0.719218129153888
N(CCC(=O)OCCCCCCCC/C=C\CC(CCCCCC)OC(OCC#CCCCCCC)=O)(CCC(=O)OCCCCCCCC/C=C\CC(CCCCCC)OC(OCC#CCCCCCC)=O)CCN(CC)CC,0.7358439600866339
N(CCC(=O)OCCCCCCCC/C=C\CC(CCCCCC)OC(OCCC#CCCCC)=O)(CCC(=O)OCCCCCCCC/C=C\CC(CCCCCC)OC(OCCC#CCCCC)=O)CCN(CC)CC,0.7142250768344339
N(CCC(=O)OCCCCCCCC/C=C\CC(CCCCCC)OC(OCCCCCCCCCCCCCCCCCC)=O)(CCC(=O)OCCCCCCCC/C=C\CC(CCCCCC)OC(OCCCCCCCCCCCCCCCCCC)=O)CCN1CCN(C)CC1,0.7657768574192398
N(CCC(=O)OCCCCCCCC/C=C\CC(CCCCCC)OC(OCCC#CCCCCCC)=O)(CCC(=O)OCCCCCCCC/C=C\CC(CCCCCC)OC(OCCC#CCCCCCC)=O)CCN1CCN(C)CC1,0.7299037837014926
N(CCC(=O)OCCCCCCCC/C=C\CC(CCCCCC)OC(OCCCCCCCC/C=C\CCCCCCCC)=O)(CCC(=O)OCCCCCCCC/C=C\CC(CCCCCC)OC(OCCCCCCCC/C=C\CCCCCCCC)=O)CCN1CCN(C)CC1,0.7693664748497114
N(CCC(=O)OCCCCCCCC/C=C\CC(CCCCCC)OC(OCCCCCCCC/C=C\C/C=C\CCCCC)=O)(CCC(=O)OCCCCCCCC/C=C\CC(CCCCCC)OC(OCCCCCCCC/C=C\C/C=C\CCCCC)=O)CCN1CCN(C)CC1,0.7752454257717062
N(CCC(=O)OCCCCCCCC/C=C\CC(CCCCCC)OC(OCC#CCC)=O)(CCC(=O)OCCCCCCCC/C=C\CC(CCCCCC)OC(OCC#CCC)=O)CCN1CCN(C)CC1,0.6604890733980361
N(CCC(=O)OCCCCCCCC/C=C\CC(CCCCCC)OC(OCC#CCCC)=O)(CCC(=O)OCCCCCCCC/C=C\CC(CCCCCC)OC(OCC#CCCC)=O)CCN1CCN(C)CC1,0.6799391737796511
N(CCC(=O)OCCCCCCCC/C=C\CC(CCCCCC)OC(OCC#CCCCC)=O)(CCC(=O)OCCCCCCCC/C=C\CC(CCCCCC)OC(OCC#CCCCC)=O)CCN1CCN(C)CC1,0.7024905131155816
N(CCC(=O)OCCCCCCCC/C=C\CC(CCCCCC)OC(OCC#CCCCCC)=O)(CCC(=O)OCCCCCCCC/C=C\CC(CCCCCC)OC(OCC#CCCCCC)=O)CCN1CCN(C)CC1,0.7148451108409446
N(CCC(=O)OCCCCCCCC/C=C\CC(CCCCCC)OC(OCC#CCCCCCC)=O)(CCC(=O)OCCCCCCCC/C=C\CC(CCCCCC)OC(OCC#CCCCCCC)=O)CCN1CCN(C)CC1,0.7312418362093653
N(CCC(=O)OCCCCCCCC/C=C\CC(CCCCCC)OC(OCCC#CCCCC)=O)(CCC(=O)OCCCCCCCC/C=C\CC(CCCCCC)OC(OCCC#CCCCC)=O)CCN1CCN(C)CC1,0.7099768254449345
OC[C@@H]1CCCN(CCC(=O)OCCCCCCCC/C=C\CC(CCCCCC)OC(OCCCCCCCCCCCCCCCCCC)=O)1,0.4844807129874482
OC[C@@H]1CCCN(CCC(=O)OCCCCCCCC/C=C\CC(CCCCCC)OC(OCCC#CCCCCCC)=O)1,0.41181564914387514
OC[C@@H]1CCCN(CCC(=O)OCCCCCCCC/C=C\CC(CCCCCC)OC(OCCCCCCCC/C=C\CCCCCCCC)=O)1,0.48834035193191305
OC[C@@H]1CCCN(CCC(=O)OCCCCCCCC/C=C\CC(CCCCCC)OC(OCCCCCCCC/C=C\C/C=C\CCCCC)=O)1,0.49213959679682406
OC[C@@H]1CCCN(CCC(=O)OCCCCCCCC/C=C\CC(CCCCCC)OC(OCC#CCC)=O)1,0.3224997534752336
OC[C@@H]1CCCN(CCC(=O)OCCCCCCCC/C=C\CC(CCCCCC)OC(OCC#CCCC)=O)1,0.3449586013864787
OC[C@@H]1CCCN(CCC(=O)OCCCCCCCC/C=C\CC(CCCCCC)OC(OCC#CCCCC)=O)1,0.3693736355067527
OC[C@@H]1CCCN(CCC(=O)OCCCCCCCC/C=C\CC(CCCCCC)OC(OCC#CCCCCC)=O)1,0.3860481617642124
OC[C@@H]1CCCN(CCC(=O)OCCCCCCCC/C=C\CC(CCCCCC)OC(OCC#CCCCCCC)=O)1,0.405964193264981
OC[C@@H]1CCCN(CCC(=O)OCCCCCCCC/C=C\CC(CCCCCC)OC(OCCC#CCCCC)=O)1,0.382024205791109
OCCC1CCCCN(CCC(=O)OCCCCCCCC/C=C\CC(CCCCCC)OC(OCCCCCCCCCCCCCCCCCC)=O)1,0.6659991275430512
OCCC1CCCCN(CCC(=O)OCCCCCCCC/C=C\CC(CCCCCC)OC(OCCC#CCCCCCC)=O)1,0.6200711225018303
OCCC1CCCCN(CCC(=O)OCCCCCCCC/C=C\CC(CCCCCC)OC(OCCCCCCCC/C=C\CCCCCCCC)=O)1,0.6702880573440496
OCCC1CCCCN(CCC(=O)OCCCCCCCC/C=C\CC(CCCCCC)OC(OCCCCCCCC/C=C\C/C=C\CCCCC)=O)1,0.6748727815504142
OCCC1CCCCN(CCC(=O)OCCCCCCCC/C=C\CC(CCCCCC)OC(OCC#CCC)=O)1,0.5445590449296741
OCCC1CCCCN(CCC(=O)OCCCCCCCC/C=C\CC(CCCCCC)OC(OCC#CCCC)=O)1,0.5648528808887725
OCCC1CCCCN(CCC(=O)OCCCCCCCC/C=C\CC(CCCCCC)OC(OCC#CCCCC)=O)1,0.5879306641924952
OCCC1CCCCN(CCC(=O)OCCCCCCCC/C=C\CC(CCCCCC)OC(OCC#CCCCCC)=O)1,0.6017651840973671
OCCC1CCCCN(CCC(=O)OCCCCCCCC/C=C\CC(CCCCCC)OC(OCC#CCCCCCC)=O)1,0.6190524400626306
OCCC1CCCCN(CCC(=O)OCCCCCCCC/C=C\CC(CCCCCC)OC(OCCC#CCCCC)=O)1,0.5970742803293091
N(CCC(=O)OCCCCCCCC/C=C\CC(CCCCCC)OC(OCCCCCCCCCCCCCCCCCC)=O)(CCC(=O)OCCCCCCCC/C=C\CC(CCCCCC)OC(OCCCCCCCCCCCCCCCCCC)=O)CC1N(C)CCCC1,0.7430613792082977
N(CCC(=O)OCCCCCCCC/C=C\CC(CCCCCC)OC(OCCC#CCCCCCC)=O)(CCC(=O)OCCCCCCCC/C=C\CC(CCCCCC)OC(OCCC#CCCCCCC)=O)CC1N(C)CCCC1,0.7046347107856402
N(CCC(=O)OCCCCCCCC/C=C\CC(CCCCCC)OC(OCCCCCCCC/C=C\CCCCCCCC)=O)(CCC(=O)OCCCCCCCC/C=C\CC(CCCCCC)OC(OCCCCCCCC/C=C\CCCCCCCC)=O)CC1N(C)CCCC1,0.7475349355514129
N(CCC(=O)OCCCCCCCC/C=C\CC(CCCCCC)OC(OCCCCCCCC/C=C\C/C=C\CCCCC)=O)(CCC(=O)OCCCCCCCC/C=C\CC(CCCCCC)OC(OCCCCCCCC/C=C\C/C=C\CCCCC)=O)CC1N(C)CCCC1,0.7517771297175943
N(CCC(=O)OCCCCCCCC/C=C\CC(CCCCCC)OC(OCC#CCC)=O)(CCC(=O)OCCCCCCCC/C=C\CC(CCCCCC)OC(OCC#CCC)=O)CC1N(C)CCCC1,0.6324049356373764
N(CCC(=O)OCCCCCCCC/C=C\CC(CCCCCC)OC(OCC#CCCC)=O)(CCC(=O)OCCCCCCCC/C=C\CC(CCCCCC)OC(OCC#CCCC)=O)CC1N(C)CCCC1,0.6527230004897471
N(CCC(=O)OCCCCCCCC/C=C\CC(CCCCCC)OC(OCC#CCCCC)=O)(CCC(=O)OCCCCCCCC/C=C\CC(CCCCCC)OC(OCC#CCCCC)=O)CC1N(C)CCCC1,0.6749798518802427
N(CCC(=O)OCCCCCCCC/C=C\CC(CCCCCC)OC(OCC#CCCCCC)=O)(CCC(=O)OCCCCCCCC/C=C\CC(CCCCCC)OC(OCC#CCCCCC)=O)CC1N(C)CCCC1,0.6880723619286497
N(CCC(=O)OCCCCCCCC/C=C\CC(CCCCCC)OC(OCC#CCCCCCC)=O)(CCC(=O)OCCCCCCCC/C=C\CC(CCCCCC)OC(OCC#CCCCCCC)=O)CC1N(C)CCCC1,0.7053782052556636
N(CCC(=O)OCCCCCCCC/C=C\CC(CCCCCC)OC(OCCC#CCCCC)=O)(CCC(=O)OCCCCCCCC/C=C\CC(CCCCCC)OC(OCCC#CCCCC)=O)CC1N(C)CCCC1,0.6830980157400308
N(CCC(=O)OCCCCCCCC/C=C\CC(CCCCCC)OC(OCCCCCCCCCCCCCCCCCC)=O)(CCC(=O)OCCCCCCCC/C=C\CC(CCCCCC)OC(OCCCCCCCCCCCCCCCCCC)=O)CCC1N(C(C)C)CCCC1,0.7327724727880277
N(CCC(=O)OCCCCCCCC/C=C\CC(CCCCCC)OC(OCCC#CCCCCCC)=O)(CCC(=O)OCCCCCCCC/C=C\CC(CCCCCC)OC(OCCC#CCCCCCC)=O)CCC1N(C(C)C)CCCC1,0.6935953619038937
N(CCC(=O)OCCCCCCCC/C=C\CC(CCCCCC)OC(OCCCCCCCC/C=C\CCCCCCCC)=O)(CCC(=O)OCCCCCCCC/C=C\CC(CCCCCC)OC(OCCCCCCCC/C=C\CCCCCCCC)=O)CCC1N(C(C)C)CCCC1,0.7370324823169093
N(CCC(=O)OCCCCCCCC/C=C\CC(CCCCCC)OC(OCCCCCCCC/C=C\C/C=C\CCCCC)=O)(CCC(=O)OCCCCCCCC/C=C\CC(CCCCCC)OC(OCCCCCCCC/C=C\C/C=C\CCCCC)=O)CCC1N(C(C)C)CCCC1,0.7405941890124838
N(CCC(=O)OCCCCCCCC/C=C\CC(CCCCCC)OC(OCC#CCC)=O)(CCC(=O)OCCCCCCCC/C=C\CC(CCCCCC)OC(OCC#CCC)=O)CCC1N(C(C)C)CCCC1,0.6233117963615464
N(CCC(=O)OCCCCCCCC/C=C\CC(CCCCCC)OC(OCC#CCCC)=O)(CCC(=O)OCCCCCCCC/C=C\CC(CCCCCC)OC(OCC#CCCC)=O)CCC1N(C(C)C)CCCC1,0.6431069209341228
N(CCC(=O)OCCCCCCCC/C=C\CC(CCCCCC)OC(OCC#CCCCC)=O)(CCC(=O)OCCCCCCCC/C=C\CC(CCCCCC)OC(OCC#CCCCC)=O)CCC1N(C(C)C)CCCC1,0.6647666607514486
N(CCC(=O)OCCCCCCCC/C=C\CC(CCCCCC)OC(OCC#CCCCCC)=O)(CCC(=O)OCCCCCCCC/C=C\CC(CCCCCC)OC(OCC#CCCCCC)=O)CCC1N(C(C)C)CCCC1,0.6771235150894204
N(CCC(=O)OCCCCCCCC/C=C\CC(CCCCCC)OC(OCC#CCCCCCC)=O)(CCC(=O)OCCCCCCCC/C=C\CC(CCCCCC)OC(OCC#CCCCCCC)=O)CCC1N(C(C)C)CCCC1,0.6940554139533562
N(CCC(=O)OCCCCCCCC/C=C\CC(CCCCCC)OC(OCCC#CCCCC)=O)(CCC(=O)OCCCCCCCC/C=C\CC(CCCCCC)OC(OCCC#CCCCC)=O)CCC1N(C(C)C)CCCC1,0.6723805904622775
N(CCC(=O)OCCCCCCCC/C=C\CC(CCCCCC)OC(OCCCCCCCCCCCCCCCCCC)=O)(CCC(=O)OCCCCCCCC/C=C\CC(CCCCCC)OC(OCCCCCCCCCCCCCCCCCC)=O)CCC1N(CC(C)C)CCCC1,0.7509761510105915
N(CCC(=O)OCCCCCCCC/C=C\CC(CCCCCC)OC(OCCC#CCCCCCC)=O)(CCC(=O)OCCCCCCCC/C=C\CC(CCCCCC)OC(OCCC#CCCCCCC)=O)CCC1N(CC(C)C)CCCC1,0.7155668111839314
N(CCC(=O)OCCCCCCCC/C=C\CC(CCCCCC)OC(OCCCCCCCC/C=C\CCCCCCCC)=O)(CCC(=O)OCCCCCCCC/C=C\CC(CCCCCC)OC(OCCCCCCCC/C=C\CCCCCCCC)=O)CCC1N(CC(C)C)CCCC1,0.7550147155811091
N(CCC(=O)OCCCCCCCC/C=C\CC(CCCCCC)OC(OCCCCCCCC/C=C\C/C=C\CCCCC)=O)(CCC(=O)OCCCCCCCC/C=C\CC(CCCCCC)OC(OCCCCCCCC/C=C\C/C=C\CCCCC)=O)CCC1N(CC(C)C)CCCC1,0.7596348923592472
N(CCC(=O)OCCCCCCCC/C=C\CC(CCCCCC)OC(OCC#CCC)=O)(CCC(=O)OCCCCCCCC/C=C\CC(CCCCCC)OC(OCC#CCC)=O)CCC1N(CC(C)C)CCCC1,0.6477705671972495
N(CCC(=O)OCCCCCCCC/C=C\CC(CCCCCC)OC(OCC#CCCC)=O)(CCC(=O)OCCCCCCCC/C=C\CC(CCCCCC)OC(OCC#CCCC)=O)CCC1N(CC(C)C)CCCC1,0.6666604931910265
N(CCC(=O)OCCCCCCCC/C=C\CC(CCCCCC)OC(OCC#CCCCC)=O)(CCC(=O)OCCCCCCCC/C=C\CC(CCCCCC)OC(OCC#CCCCC)=O)CCC1N(CC(C)C)CCCC1,0.6881111994193362
N(CCC(=O)OCCCCCCCC/C=C\CC(CCCCCC)OC(OCC#CCCCCC)=O)(CCC(=O)OCCCCCCCC/C=C\CC(CCCCCC)OC(OCC#CCCCCC)=O)CCC1N(CC(C)C)CCCC1,0.7003615772729028
N(CCC(=O)OCCCCCCCC/C=C\CC(CCCCCC)OC(OCC#CCCCCCC)=O)(CCC(=O)OCCCCCCCC/C=C\CC(CCCCCC)OC(OCC#CCCCCCC)=O)CCC1N(CC(C)C)CCCC1,0.7165321663041151
N(CCC(=O)OCCCCCCCC/C=C\CC(CCCCCC)OC(OCCC#CCCCC)=O)(CCC(=O)OCCCCCCCC/C=C\CC(CCCCCC)OC(OCCC#CCCCC)=O)CCC1N(CC(C)C)CCCC1,0.6956692482758288
N(CCC(=O)OCCCCCCCC/C=C\CC(CCCCCC)OC(OCCCCCCCCCCCCCCCCCC)=O)(CCC(=O)OCCCCCCCC/C=C\CC(CCCCCC)OC(OCCCCCCCCCCCCCCCCCC)=O)CCN1CCC(C)CC1,0.7348318099470909
N(CCC(=O)OCCCCCCCC/C=C\CC(CCCCCC)OC(OCCC#CCCCCCC)=O)(CCC(=O)OCCCCCCCC/C=C\CC(CCCCCC)OC(OCCC#CCCCCCC)=O)CCN1CCC(C)CC1,0.6951862144084828
N(CCC(=O)OCCCCCCCC/C=C\CC(CCCCCC)OC(OCCCCCCCC/C=C\CCCCCCCC)=O)(CCC(=O)OCCCCCCCC/C=C\CC(CCCCCC)OC(OCCCCCCCC/C=C\CCCCCCCC)=O)CCN1CCC(C)CC1,0.7392147454786041
N(CCC(=O)OCCCCCCCC/C=C\CC(CCCCCC)OC(OCCCCCCCC/C=C\C/C=C\CCCCC)=O)(CCC(=O)OCCCCCCCC/C=C\CC(CCCCCC)OC(OCCCCCCCC/C=C\C/C=C\CCCCC)=O)CCN1CCC(C)CC1,0.7428576308435494
N(CCC(=O)OCCCCCCCC/C=C\CC(CCCCCC)OC(OCC#CCC)=O)(CCC(=O)OCCCCCCCC/C=C\CC(CCCCCC)OC(OCC#CCC)=O)CCN1CCC(C)CC1,0.6233736156701163
N(CCC(=O)OCCCCCCCC/C=C\CC(CCCCCC)OC(OCC#CCCC)=O)(CCC(=O)OCCCCCCCC/C=C\CC(CCCCCC)OC(OCC#CCCC)=O)CCN1CCC(C)CC1,0.6436749340815487
N(CCC(=O)OCCCCCCCC/C=C\CC(CCCCCC)OC(OCC#CCCCC)=O)(CCC(=O)OCCCCCCCC/C=C\CC(CCCCCC)OC(OCC#CCCCC)=O)CCN1CCC(C)CC1,0.6658757264640809
N(CCC(=O)OCCCCCCCC/C=C\CC(CCCCCC)OC(OCC#CCCCCC)=O)(CCC(=O)OCCCCCCCC/C=C\CC(CCCCCC)OC(OCC#CCCCCC)=O)CCN1CCC(C)CC1,0.6785400145777165
N(CCC(=O)OCCCCCCCC/C=C\CC(CCCCCC)OC(OCC#CCCCCCC)=O)(CCC(=O)OCCCCCCCC/C=C\CC(CCCCCC)OC(OCC#CCCCCCC)=O)CCN1CCC(C)CC1,0.6956898547120187
N(CCC(=O)OCCCCCCCC/C=C\CC(CCCCCC)OC(OCCC#CCCCC)=O)(CCC(=O)OCCCCCCCC/C=C\CC(CCCCCC)OC(OCCC#CCCCC)=O)CCN1CCC(C)CC1,0.6735458933365003
C1N(CCC(=O)OCCCCCCCC/C=C\CC(CCCCCC)OC(OCCCCCCCCCCCCCCCCCC)=O)CCN(CCC(=O)OCCCCCCCC/C=C\CC(CCCCCC)OC(OCCCCCCCCCCCCCCCCCC)=O)CCN(CCC(=O)OCCCCCCCC/C=C\CC(CCCCCC)OC(OCCCCCCCCCCCCCCCCCC)=O)C1,0.7684572975065758
C1N(CCC(=O)OCCCCCCCC/C=C\CC(CCCCCC)OC(OCCC#CCCCCCC)=O)CCN(CCC(=O)OCCCCCCCC/C=C\CC(CCCCCC)OC(OCCC#CCCCCCC)=O)CCN(CCC(=O)OCCCCCCCC/C=C\CC(CCCCCC)OC(OCCC#CCCCCCC)=O)C1,0.7305029143491016
C1N(CCC(=O)OCCCCCCCC/C=C\CC(CCCCCC)OC(OCCCCCCCC/C=C\CCCCCCCC)=O)CCN(CCC(=O)OCCCCCCCC/C=C\CC(CCCCCC)OC(OCCCCCCCC/C=C\CCCCCCCC)=O)CCN(CCC(=O)OCCCCCCCC/C=C\CC(CCCCCC)OC(OCCCCCCCC/C=C\CCCCCCCC)=O)C1,0.7722049965887408
C1N(CCC(=O)OCCCCCCCC/C=C\CC(CCCCCC)OC(OCCCCCCCC/C=C\C/C=C\CCCCC)=O)CCN(CCC(=O)OCCCCCCCC/C=C\CC(CCCCCC)OC(OCCCCCCCC/C=C\C/C=C\CCCCC)=O)CCN(CCC(=O)OCCCCCCCC/C=C\CC(CCCCCC)OC(OCCCCCCCC/C=C\C/C=C\CCCCC)=O)C1,0.77833211551315
C1N(CCC(=O)OCCCCCCCC/C=C\CC(CCCCCC)OC(OCC#CCC)=O)CCN(CCC(=O)OCCCCCCCC/C=C\CC(CCCCCC)OC(OCC#CCC)=O)CCN(CCC(=O)OCCCCCCCC/C=C\CC(CCCCCC)OC(OCC#CCC)=O)C1,0.6574014928884574
C1N(CCC(=O)OCCCCCCCC/C=C\CC(CCCCCC)OC(OCC#CCCC)=O)CCN(CCC(=O)OCCCCCCCC/C=C\CC(CCCCCC)OC(OCC#CCCC)=O)CCN(CCC(=O)OCCCCCCCC/C=C\CC(CCCCCC)OC(OCC#CCCC)=O)C1,0.6779499103805422
C1N(CCC(=O)OCCCCCCCC/C=C\CC(CCCCCC)OC(OCC#CCCCC)=O)CCN(CCC(=O)OCCCCCCCC/C=C\CC(CCCCCC)OC(OCC#CCCCC)=O)CCN(CCC(=O)OCCCCCCCC/C=C\CC(CCCCCC)OC(OCC#CCCCC)=O)C1,0.7016601390601234
C1N(CCC(=O)OCCCCCCCC/C=C\CC(CCCCCC)OC(OCC#CCCCCC)=O)CCN(CCC(=O)OCCCCCCCC/C=C\CC(CCCCCC)OC(OCC#CCCCCC)=O)CCN(CCC(=O)OCCCCCCCC/C=C\CC(CCCCCC)OC(OCC#CCCCCC)=O)C1,0.7146834067321688
C1N(CCC(=O)OCCCCCCCC/C=C\CC(CCCCCC)OC(OCC#CCCCCCC)=O)CCN(CCC(=O)OCCCCCCCC/C=C\CC(CCCCCC)OC(OCC#CCCCCCC)=O)CCN(CCC(=O)OCCCCCCCC/C=C\CC(CCCCCC)OC(OCC#CCCCCCC)=O)C1,0.731937941814606
C1N(CCC(=O)OCCCCCCCC/C=C\CC(CCCCCC)OC(OCCC#CCCCC)=O)CCN(CCC(=O)OCCCCCCCC/C=C\CC(CCCCCC)OC(OCCC#CCCCC)=O)CCN(CCC(=O)OCCCCCCCC/C=C\CC(CCCCCC)OC(OCCC#CCCCC)=O)C1,0.7095589958050715
C1N(CCC(=O)OCCCCCCCC/C=C\CC(CCCCCC)OC(OCCCCCCCCCCCCCCCCCC)=O)CCCN(CCC(=O)OCCCCCCCC/C=C\CC(CCCCCC)OC(OCCCCCCCCCCCCCCCCCC)=O)CCN(CCC(=O)OCCCCCCCC/C=C\CC(CCCCCC)OC(OCCCCCCCCCCCCCCCCCC)=O)CCCN(CCC(=O)OCCCCCCCC/C=C\CC(CCCCCC)OC(OCCCCCCCCCCCCCCCCCC)=O)C1,0.749170742154549
C1N(CCC(=O)OCCCCCCCC/C=C\CC(CCCCCC)OC(OCCC#CCCCCCC)=O)CCCN(CCC(=O)OCCCCCCCC/C=C\CC(CCCCCC)OC(OCCC#CCCCCCC)=O)CCN(CCC(=O)OCCCCCCCC/C=C\CC(CCCCCC)OC(OCCC#CCCCCCC)=O)CCCN(CCC(=O)OCCCCCCCC/C=C\CC(CCCCCC)OC(OCCC#CCCCCCC)=O)C1,0.7105537462737106
C1N(CCC(=O)OCCCCCCCC/C=C\CC(CCCCCC)OC(OCCCCCCCC/C=C\CCCCCCCC)=O)CCCN(CCC(=O)OCCCCCCCC/C=C\CC(CCCCCC)OC(OCCCCCCCC/C=C\CCCCCCCC)=O)CCN(CCC(=O)OCCCCCCCC/C=C\CC(CCCCCC)OC(OCCCCCCCC/C=C\CCCCCCCC)=O)CCCN(CCC(=O)OCCCCCCCC/C=C\CC(CCCCCC)OC(OCCCCCCCC/C=C\CCCCCCCC)=O)C1,0.7532800930995289
C1N(CCC(=O)OCCCCCCCC/C=C\CC(CCCCCC)OC(OCCCCCCCC/C=C\C/C=C\CCCCC)=O)CCCN(CCC(=O)OCCCCCCCC/C=C\CC(CCCCCC)OC(OCCCCCCCC/C=C\C/C=C\CCCCC)=O)CCN(CCC(=O)OCCCCCCCC/C=C\CC(CCCCCC)OC(OCCCCCCCC/C=C\C/C=C\CCCCC)=O)CCCN(CCC(=O)OCCCCCCCC/C=C\CC(CCCCCC)OC(OCCCCCCCC/C=C\C/C=C\CCCCC)=O)C1,0.7588427025645098
C1N(CCC(=O)OCCCCCCCC/C=C\CC(CCCCCC)OC(OCC#CCC)=O)CCCN(CCC(=O)OCCCCCCCC/C=C\CC(CCCCCC)OC(OCC#CCC)=O)CCN(CCC(=O)OCCCCCCCC/C=C\CC(CCCCCC)OC(OCC#CCC)=O)CCCN(CCC(=O)OCCCCCCCC/C=C\CC(CCCCCC)OC(OCC#CCC)=O)C1,0.6368453554058691
C1N(CCC(=O)OCCCCCCCC/C=C\CC(CCCCCC)OC(OCC#CCCC)=O)CCCN(CCC(=O)OCCCCCCCC/C=C\CC(CCCCCC)OC(OCC#CCCC)=O)CCN(CCC(=O)OCCCCCCCC/C=C\CC(CCCCCC)OC(OCC#CCCC)=O)CCCN(CCC(=O)OCCCCCCCC/C=C\CC(CCCCCC)OC(OCC#CCCC)=O)C1,0.6575983526462951
C1N(CCC(=O)OCCCCCCCC/C=C\CC(CCCCCC)OC(OCC#CCCCC)=O)CCCN(CCC(=O)OCCCCCCCC/C=C\CC(CCCCCC)OC(OCC#CCCCC)=O)CCN(CCC(=O)OCCCCCCCC/C=C\CC(CCCCCC)OC(OCC#CCCCC)=O)CCCN(CCC(=O)OCCCCCCCC/C=C\CC(CCCCCC)OC(OCC#CCCCC)=O)C1,0.6804441799276606
C1N(CCC(=O)OCCCCCCCC/C=C\CC(CCCCCC)OC(OCC#CCCCCC)=O)CCCN(CCC(=O)OCCCCCCCC/C=C\CC(CCCCCC)OC(OCC#CCCCCC)=O)CCN(CCC(=O)OCCCCCCCC/C=C\CC(CCCCCC)OC(OCC#CCCCCC)=O)CCCN(CCC(=O)OCCCCCCCC/C=C\CC(CCCCCC)OC(OCC#CCCCCC)=O)C1,0.6938954319963081
C1N(CCC(=O)OCCCCCCCC/C=C\CC(CCCCCC)OC(OCC#CCCCCCC)=O)CCCN(CCC(=O)OCCCCCCCC/C=C\CC(CCCCCC)OC(OCC#CCCCCCC)=O)CCN(CCC(=O)OCCCCCCCC/C=C\CC(CCCCCC)OC(OCC#CCCCCCC)=O)CCCN(CCC(=O)OCCCCCCCC/C=C\CC(CCCCCC)OC(OCC#CCCCCCC)=O)C1,0.7114654771521666
C1N(CCC(=O)OCCCCCCCC/C=C\CC(CCCCCC)OC(OCCC#CCCCC)=O)CCCN(CCC(=O)OCCCCCCCC/C=C\CC(CCCCCC)OC(OCCC#CCCCC)=O)CCN(CCC(=O)OCCCCCCCC/C=C\CC(CCCCCC)OC(OCCC#CCCCC)=O)CCCN(CCC(=O)OCCCCCCCC/C=C\CC(CCCCCC)OC(OCCC#CCCCC)=O)C1,0.6887967345760415
N(CCC(=O)OCCCCCCCC/C=C\CC(CCCCCC)OC(OCCCCCCCCCCCCCCCCCC)=O)(CCC(=O)OCCCCCCCC/C=C\CC(CCCCCC)OC(OCCCCCCCCCCCCCCCCCC)=O)CCN1CCCCCC1,0.7777344694790992
N(CCC(=O)OCCCCCCCC/C=C\CC(CCCCCC)OC(OCCC#CCCCCCC)=O)(CCC(=O)OCCCCCCCC/C=C\CC(CCCCCC)OC(OCCC#CCCCCCC)=O)CCN1CCCCCC1,0.7417742786377477
N(CCC(=O)OCCCCCCCC/C=C\CC(CCCCCC)OC(OCCCCCCCC/C=C\CCCCCCCC)=O)(CCC(=O)OCCCCCCCC/C=C\CC(CCCCCC)OC(OCCCCCCCC/C=C\CCCCCCCC)=O)CCN1CCCCCC1,0.7815268851216418
N(CCC(=O)OCCCCCCCC/C=C\CC(CCCCCC)OC(OCCCCCCCC/C=C\C/C=C\CCCCC)=O)(CCC(=O)OCCCCCCCC/C=C\CC(CCCCCC)OC(OCCCCCCCC/C=C\C/C=C\CCCCC)=O)CCN1CCCCCC1,0.7872680045208791
N(CCC(=O)OCCCCCCCC/C=C\CC(CCCCCC)OC(OCC#CCC)=O)(CCC(=O)OCCCCCCCC/C=C\CC(CCCCCC)OC(OCC#CCC)=O)CCN1CCCCCC1,0.6733395320518891
N(CCC(=O)OCCCCCCCC/C=C\CC(CCCCCC)OC(OCC#CCCC)=O)(CCC(=O)OCCCCCCCC/C=C\CC(CCCCCC)OC(OCC#CCCC)=O)CCN1CCCCCC1,0.6930835265335158
N(CCC(=O)OCCCCCCCC/C=C\CC(CCCCCC)OC(OCC#CCCCC)=O)(CCC(=O)OCCCCCCCC/C=C\CC(CCCCCC)OC(OCC#CCCCC)=O)CCN1CCCCCC1,0.7152725607766658
N(CCC(=O)OCCCCCCCC/C=C\CC(CCCCCC)OC(OCC#CCCCCC)=O)(CCC(=O)OCCCCCCCC/C=C\CC(CCCCCC)OC(OCC#CCCCCC)=O)CCN1CCCCCC1,0.7273095105850835
N(CCC(=O)OCCCCCCCC/C=C\CC(CCCCCC)OC(OCC#CCCCCCC)=O)(CCC(=O)OCCCCCCCC/C=C\CC(CCCCCC)OC(OCC#CCCCCCC)=O)CCN1CCCCCC1,0.7434140640052203
N(CCC(=O)OCCCCCCCC/C=C\CC(CCCCCC)OC(OCCC#CCCCC)=O)(CCC(=O)OCCCCCCCC/C=C\CC(CCCCCC)OC(OCCC#CCCCC)=O)CCN1CCCCCC1,0.7224409282663616
CN(CCC(=O)OCCCCCCCC/C=C\CC(CCCCCC)OC(OCCCCCCCCCCCCCCCCCC)=O)CCCN(CCC(=O)OCCCCCCCC/C=C\CC(CCCCCC)OC(OCCCCCCCCCCCCCCCCCC)=O)C,0.7801785590879453
CN(CCC(=O)OCCCCCCCC/C=C\CC(CCCCCC)OC(OCCC#CCCCCCC)=O)CCCN(CCC(=O)OCCCCCCCC/C=C\CC(CCCCCC)OC(OCCC#CCCCCCC)=O)C,0.7433307474923254
CN(CCC(=O)OCCCCCCCC/C=C\CC(CCCCCC)OC(OCCCCCCCC/C=C\CCCCCCCC)=O)CCCN(CCC(=O)OCCCCCCCC/C=C\CC(CCCCCC)OC(OCCCCCCCC/C=C\CCCCCCCC)=O)C,0.7834837839451786
CN(CCC(=O)OCCCCCCCC/C=C\CC(CCCCCC)OC(OCCCCCCCC/C=C\C/C=C\CCCCC)=O)CCCN(CCC(=O)OCCCCCCCC/C=C\CC(CCCCCC)OC(OCCCCCCCC/C=C\C/C=C\CCCCC)=O)C,0.7890446118738894
CN(CCC(=O)OCCCCCCCC/C=C\CC(CCCCCC)OC(OCC#CCC)=O)CCCN(CCC(=O)OCCCCCCCC/C=C\CC(CCCCCC)OC(OCC#CCC)=O)C,0.6723627750995773
CN(CCC(=O)OCCCCCCCC/C=C\CC(CCCCCC)OC(OCC#CCCC)=O)CCCN(CCC(=O)OCCCCCCCC/C=C\CC(CCCCCC)OC(OCC#CCCC)=O)C,0.6931257489431153
CN(CCC(=O)OCCCCCCCC/C=C\CC(CCCCCC)OC(OCC#CCCCC)=O)CCCN(CCC(=O)OCCCCCCCC/C=C\CC(CCCCCC)OC(OCC#CCCCC)=O)C,0.7161372590975931
CN(CCC(=O)OCCCCCCCC/C=C\CC(CCCCCC)OC(OCC#CCCCCC)=O)CCCN(CCC(=O)OCCCCCCCC/C=C\CC(CCCCCC)OC(OCC#CCCCCC)=O)C,0.7285216084786655
CN(CCC(=O)OCCCCCCCC/C=C\CC(CCCCCC)OC(OCC#CCCCCCC)=O)CCCN(CCC(=O)OCCCCCCCC/C=C\CC(CCCCCC)OC(OCC#CCCCCCC)=O)C,0.7450432789241572
CN(CCC(=O)OCCCCCCCC/C=C\CC(CCCCCC)OC(OCCC#CCCCC)=O)CCCN(CCC(=O)OCCCCCCCC/C=C\CC(CCCCCC)OC(OCCC#CCCCC)=O)C,0.7235068808012595
OCC1N(CCC(=O)OCCCCCCCC/C=C\CC(CCCCCC)OC(OCCCCCCCCCCCCCCCCCC)=O)CCCC1,0.6305605705215628
OCC1N(CCC(=O)OCCCCCCCC/C=C\CC(CCCCCC)OC(OCCC#CCCCCCC)=O)CCCC1,0.5758035092642718
OCC1N(CCC(=O)OCCCCCCCC/C=C\CC(CCCCCC)OC(OCCCCCCCC/C=C\CCCCCCCC)=O)CCCC1,0.6349774146267488
OCC1N(CCC(=O)OCCCCCCCC/C=C\CC(CCCCCC)OC(OCCCCCCCC/C=C\C/C=C\CCCCC)=O)CCCC1,0.6394844044671981
OCC1N(CCC(=O)OCCCCCCCC/C=C\CC(CCCCCC)OC(OCC#CCC)=O)CCCC1,0.4976522935539731
OCC1N(CCC(=O)OCCCCCCCC/C=C\CC(CCCCCC)OC(OCC#CCCC)=O)CCCC1,0.517382124822253
OCC1N(CCC(=O)OCCCCCCCC/C=C\CC(CCCCCC)OC(OCC#CCCCC)=O)CCCC1,0.5403829457591106
OCC1N(CCC(=O)OCCCCCCCC/C=C\CC(CCCCCC)OC(OCC#CCCCCC)=O)CCCC1,0.5551129251778392
OCC1N(CCC(=O)OCCCCCCCC/C=C\CC(CCCCCC)OC(OCC#CCCCCCC)=O)CCCC1,0.5736014710499797
OCC1N(CCC(=O)OCCCCCCCC/C=C\CC(CCCCCC)OC(OCCC#CCCCC)=O)CCCC1,0.5504988650075614
OCC1CCN(CCC(=O)OCCCCCCCC/C=C\CC(CCCCCC)OC(OCCCCCCCCCCCCCCCCCC)=O)CC1,0.5843843974779275
OCC1CCN(CCC(=O)OCCCCCCCC/C=C\CC(CCCCCC)OC(OCCC#CCCCCCC)=O)CC1,0.5226463863465471
OCC1CCN(CCC(=O)OCCCCCCCC/C=C\CC(CCCCCC)OC(OCCCCCCCC/C=C\CCCCCCCC)=O)CC1,0.5884603149255733
OCC1CCN(CCC(=O)OCCCCCCCC/C=C\CC(CCCCCC)OC(OCCCCCCCC/C=C\C/C=C\CCCCC)=O)CC1,0.5920728547893858
OCC1CCN(CCC(=O)OCCCCCCCC/C=C\CC(CCCCCC)OC(OCC#CCC)=O)CC1,0.44630512240977943
OCC1CCN(CCC(=O)OCCCCCCCC/C=C\CC(CCCCCC)OC(OCC#CCCC)=O)CC1,0.4661761701197299
OCC1CCN(CCC(=O)OCCCCCCCC/C=C\CC(CCCCCC)OC(OCC#CCCCC)=O)CC1,0.48762942988335994
OCC1CCN(CCC(=O)OCCCCCCCC/C=C\CC(CCCCCC)OC(OCC#CCCCCC)=O)CC1,0.5018151202793248
OCC1CCN(CCC(=O)OCCCCCCCC/C=C\CC(CCCCCC)OC(OCC#CCCCCCC)=O)CC1,0.5194262001539363
OCC1CCN(CCC(=O)OCCCCCCCC/C=C\CC(CCCCCC)OC(OCCC#CCCCC)=O)CC1,0.4976795213666333
OCCC1CCN(CCC(=O)OCCCCCCCC/C=C\CC(CCCCCC)OC(OCCCCCCCCCCCCCCCCCC)=O)CC1,0.6237378804527939
OCCC1CCN(CCC(=O)OCCCCCCCC/C=C\CC(CCCCCC)OC(OCCC#CCCCCCC)=O)CC1,0.5689788595056059
OCCC1CCN(CCC(=O)OCCCCCCCC/C=C\CC(CCCCCC)OC(OCCCCCCCC/C=C\CCCCCCCC)=O)CC1,0.6280835224917213
OCCC1CCN(CCC(=O)OCCCCCCCC/C=C\CC(CCCCCC)OC(OCCCCCCCC/C=C\C/C=C\CCCCC)=O)CC1,0.6325266739491614
OCCC1CCN(CCC(=O)OCCCCCCCC/C=C\CC(CCCCCC)OC(OCC#CCC)=O)CC1,0.4930679850394048
OCCC1CCN(CCC(=O)OCCCCCCCC/C=C\CC(CCCCCC)OC(OCC#CCCC)=O)CC1,0.5122650775784051
OCCC1CCN(CCC(=O)OCCCCCCCC/C=C\CC(CCCCCC)OC(OCC#CCCCC)=O)CC1,0.5344254290876077
OCCC1CCN(CCC(=O)OCCCCCCCC/C=C\CC(CCCCCC)OC(OCC#CCCCCC)=O)CC1,0.5487410231699287
OCCC1CCN(CCC(=O)OCCCCCCCC/C=C\CC(CCCCCC)OC(OCC#CCCCCCC)=O)CC1,0.5668231412343344
OCCC1CCN(CCC(=O)OCCCCCCCC/C=C\CC(CCCCCC)OC(OCCC#CCCCC)=O)CC1,0.5443147369225114
OC1CCN(CCC(=O)OCCCCCCCC/C=C\CC(CCCCCC)OC(OCCCCCCCCCCCCCCCCCC)=O)CC1,0.546722661345076
OC1CCN(CCC(=O)OCCCCCCCC/C=C\CC(CCCCCC)OC(OCCC#CCCCCCC)=O)CC1,0.482813076269621
OC1CCN(CCC(=O)OCCCCCCCC/C=C\CC(CCCCCC)OC(OCCCCCCCC/C=C\CCCCCCCC)=O)CC1,0.5507937092602504
OC1CCN(CCC(=O)OCCCCCCCC/C=C\CC(CCCCCC)OC(OCCCCCCCC/C=C\C/C=C\CCCCC)=O)CC1,0.555402424821718
OC1CCN(CCC(=O)OCCCCCCCC/C=C\CC(CCCCCC)OC(OCC#CCC)=O)CC1,0.400452030968713
OC1CCN(CCC(=O)OCCCCCCCC/C=C\CC(CCCCCC)OC(OCC#CCCC)=O)CC1,0.4225154965970974
OC1CCN(CCC(=O)OCCCCCCCC/C=C\CC(CCCCCC)OC(OCC#CCCCC)=O)CC1,0.4456311672388293
OC1CCN(CCC(=O)OCCCCCCCC/C=C\CC(CCCCCC)OC(OCC#CCCCCC)=O)CC1,0.46082205978288415
OC1CCN(CCC(=O)OCCCCCCCC/C=C\CC(CCCCCC)OC(OCC#CCCCCCC)=O)CC1,0.47893300904259317
OC1CCN(CCC(=O)OCCCCCCCC/C=C\CC(CCCCCC)OC(OCCC#CCCCC)=O)CC1,0.4566583125971262
OCCOCCN1CCN(CCC(=O)OCCCCCCCC/C=C\CC(CCCCCC)OC(OCCCCCCCCCCCCCCCCCC)=O)CC1,0.6224739398537541
OCCOCCN1CCN(CCC(=O)OCCCCCCCC/C=C\CC(CCCCCC)OC(OCCC#CCCCCCC)=O)CC1,0.5707391361094744
OCCOCCN1CCN(CCC(=O)OCCCCCCCC/C=C\CC(CCCCCC)OC(OCCCCCCCC/C=C\CCCCCCCC)=O)CC1,0.6265908920201528
OCCOCCN1CCN(CCC(=O)OCCCCCCCC/C=C\CC(CCCCCC)OC(OCCCCCCCC/C=C\C/C=C\CCCCC)=O)CC1,0.6307265503173867
OCCOCCN1CCN(CCC(=O)OCCCCCCCC/C=C\CC(CCCCCC)OC(OCC#CCC)=O)CC1,0.49935974760743534
OCCOCCN1CCN(CCC(=O)OCCCCCCCC/C=C\CC(CCCCCC)OC(OCC#CCCC)=O)CC1,0.5174027906429853
OCCOCCN1CCN(CCC(=O)OCCCCCCCC/C=C\CC(CCCCCC)OC(OCC#CCCCC)=O)CC1,0.5383727196165577
OCCOCCN1CCN(CCC(=O)OCCCCCCCC/C=C\CC(CCCCCC)OC(OCC#CCCCCC)=O)CC1,0.5516884561595988
OCCOCCN1CCN(CCC(=O)OCCCCCCCC/C=C\CC(CCCCCC)OC(OCC#CCCCCCC)=O)CC1,0.5686732072662121
OCCOCCN1CCN(CCC(=O)OCCCCCCCC/C=C\CC(CCCCCC)OC(OCCC#CCCCC)=O)CC1,0.5475475720226395
CN(CCC(=O)OCCCCCCCC/C=C\CC(CCCCCC)OC(OCCCCCCCC/C=C\CCCCCCCC)=O)CCO,0.660874538462327
CN(CCC(=O)OCCCCCCCC/C=C\CC(CCCCCC)OC(OCCCCCCCC/C=C\C/C=C\CCCCC)=O)CCO,0.6658934230576965
CN(CCC(=O)OCCCCCCCC/C=C\CC(CCCCCC)OC(OCC#CCC)=O)CCO,0.5189458385909955
CN(CCC(=O)OCCCCCCCC/C=C\CC(CCCCCC)OC(OCC#CCCC)=O)CCO,0.5415278203507704
CN(CCC(=O)OCCCCCCCC/C=C\CC(CCCCCC)OC(OCC#CCCCC)=O)CCO,0.5668463605903871
CN(CCC(=O)OCCCCCCCC/C=C\CC(CCCCCC)OC(OCC#CCCCCC)=O)CCO,0.582700192472789
CN(CCC(=O)OCCCCCCCC/C=C\CC(CCCCCC)OC(OCC#CCCCCCC)=O)CCO,0.6023723316581914
CN(CCC(=O)OCCCCCCCC/C=C\CC(CCCCCC)OC(OCCC#CCCCC)=O)CCO,0.5776212107205774
N(CCC(=O)OCCCCCCCC/C=C\CC(CCCCCC)OC(OCCCCCCCCCCCCCCCCCC)=O)(CCC(=O)OCCCCCCCC/C=C\CC(CCCCCC)OC(OCCCCCCCCCCCCCCCCCC)=O)CCO,0.7300295601621563
N(CCC(=O)OCCCCCCCC/C=C\CC(CCCCCC)OC(OCCC#CCCCCCC)=O)(CCC(=O)OCCCCCCCC/C=C\CC(CCCCCC)OC(OCCC#CCCCCCC)=O)CCO,0.6862275217364974
N(CCC(=O)OCCCCCCCC/C=C\CC(CCCCCC)OC(OCCCCCCCC/C=C\CCCCCCCC)=O)(CCC(=O)OCCCCCCCC/C=C\CC(CCCCCC)OC(OCCCCCCCC/C=C\CCCCCCCC)=O)CCO,0.7344757996157977
N(CCC(=O)OCCCCCCCC/C=C\CC(CCCCCC)OC(OCCCCCCCC/C=C\C/C=C\CCCCC)=O)(CCC(=O)OCCCCCCCC/C=C\CC(CCCCCC)OC(OCCCCCCCC/C=C\C/C=C\CCCCC)=O)CCO,0.7383046773673335
N(CCC(=O)OCCCCCCCC/C=C\CC(CCCCCC)OC(OCC#CCC)=O)(CCC(=O)OCCCCCCCC/C=C\CC(CCCCCC)OC(OCC#CCC)=O)CCO,0.6070700646486179
N(CCC(=O)OCCCCCCCC/C=C\CC(CCCCCC)OC(OCC#CCCC)=O)(CCC(=O)OCCCCCCCC/C=C\CC(CCCCCC)OC(OCC#CCCC)=O)CCO,0.6298889313477637
N(CCC(=O)OCCCCCCCC/C=C\CC(CCCCCC)OC(OCC#CCCCC)=O)(CCC(=O)OCCCCCCCC/C=C\CC(CCCCCC)OC(OCC#CCCCC)=O)CCO,0.6543225825220594
N(CCC(=O)OCCCCCCCC/C=C\CC(CCCCCC)OC(OCC#CCCCCC)=O)(CCC(=O)OCCCCCCCC/C=C\CC(CCCCCC)OC(OCC#CCCCCC)=O)CCO,0.6682897081099636
N(CCC(=O)OCCCCCCCC/C=C\CC(CCCCCC)OC(OCC#CCCCCCC)=O)(CCC(=O)OCCCCCCCC/C=C\CC(CCCCCC)OC(OCC#CCCCCCC)=O)CCO,0.6865598376353992
N(CCC(=O)OCCCCCCCC/C=C\CC(CCCCCC)OC(OCCC#CCCCC)=O)(CCC(=O)OCCCCCCCC/C=C\CC(CCCCCC)OC(OCCC#CCCCC)=O)CCO,0.6629207516375343
CN(CCC(=O)OCCCCCCCC/C=C\CC(CCCCCC)OC(OCCC#CCCCCCC)=O)CCO,0.6039089066910871
CN(CCC(=O)OCCCCCCCC/C=C\CC(CCCCCC)OC(OCCCCCCCCCCCCCCCCCC)=O)CCO,0.6565964166480335
N(CCC(=O)OCCCCCCCC/C=C\CC(CCCCCC)OC(OCCCCCCCCCCCCCCCCCC)=O)(CCC(=O)OCCCCCCCC/C=C\CC(CCCCCC)OC(OCCCCCCCCCCCCCCCCCC)=O)CCCCCO,0.7883200016883283
N(CCC(=O)OCCCCCCCC/C=C\CC(CCCCCC)OC(OCCC#CCCCCCC)=O)(CCC(=O)OCCCCCCCC/C=C\CC(CCCCCC)OC(OCCC#CCCCCCC)=O)CCCCCO,0.7511221776001911
N(CCC(=O)OCCCCCCCC/C=C\CC(CCCCCC)OC(OCCCCCCCC/C=C\CCCCCCCC)=O)(CCC(=O)OCCCCCCCC/C=C\CC(CCCCCC)OC(OCCCCCCCC/C=C\CCCCCCCC)=O)CCCCCO,0.7925207454439605
N(CCC(=O)OCCCCCCCC/C=C\CC(CCCCCC)OC(OCCCCCCCC/C=C\C/C=C\CCCCC)=O)(CCC(=O)OCCCCCCCC/C=C\CC(CCCCCC)OC(OCCCCCCCC/C=C\C/C=C\CCCCC)=O)CCCCCO,0.7974336286312635
N(CCC(=O)OCCCCCCCC/C=C\CC(CCCCCC)OC(OCC#CCC)=O)(CCC(=O)OCCCCCCCC/C=C\CC(CCCCCC)OC(OCC#CCC)=O)CCCCCO,0.6813243776141371
N(CCC(=O)OCCCCCCCC/C=C\CC(CCCCCC)OC(OCC#CCCC)=O)(CCC(=O)OCCCCCCCC/C=C\CC(CCCCCC)OC(OCC#CCCC)=O)CCCCCO,0.7017141789936474
N(CCC(=O)OCCCCCCCC/C=C\CC(CCCCCC)OC(OCC#CCCCC)=O)(CCC(=O)OCCCCCCCC/C=C\CC(CCCCCC)OC(OCC#CCCCC)=O)CCCCCO,0.7245462884457338
N(CCC(=O)OCCCCCCCC/C=C\CC(CCCCCC)OC(OCC#CCCCCC)=O)(CCC(=O)OCCCCCCCC/C=C\CC(CCCCCC)OC(OCC#CCCCCC)=O)CCCCCO,0.736718753779758
N(CCC(=O)OCCCCCCCC/C=C\CC(CCCCCC)OC(OCC#CCCCCCC)=O)(CCC(=O)OCCCCCCCC/C=C\CC(CCCCCC)OC(OCC#CCCCCCC)=O)CCCCCO,0.7529882180739567
N(CCC(=O)OCCCCCCCC/C=C\CC(CCCCCC)OC(OCCC#CCCCC)=O)(CCC(=O)OCCCCCCCC/C=C\CC(CCCCCC)OC(OCCC#CCCCC)=O)CCCCCO,0.7316992753389652
N(CCC(=O)OCCCCCCCC/C=C\CC(CCCCCC)OC(OCCCCCCCCCCCCCCCCCC)=O)(CCC(=O)OCCCCCCCC/C=C\CC(CCCCCC)OC(OCCCCCCCCCCCCCCCCCC)=O)CCCN(CCC(=O)OCCCCCCCC/C=C\CC(CCCCCC)OC(OCCCCCCCCCCCCCCCCCC)=O)(CCC(=O)OCCCCCCCC/C=C\CC(CCCCCC)OC(OCCCCCCCCCCCCCCCCCC)=O),0.7963765243931736
N(CCC(=O)OCCCCCCCC/C=C\CC(CCCCCC)OC(OCCC#CCCCCCC)=O)(CCC(=O)OCCCCCCCC/C=C\CC(CCCCCC)OC(OCCC#CCCCCCC)=O)CCCN(CCC(=O)OCCCCCCCC/C=C\CC(CCCCCC)OC(OCCC#CCCCCCC)=O)(CCC(=O)OCCCCCCCC/C=C\CC(CCCCCC)OC(OCCC#CCCCCCC)=O),0.7578043638417974
N(CCC(=O)OCCCCCCCC/C=C\CC(CCCCCC)OC(OCCCCCCCC/C=C\CCCCCCCC)=O)(CCC(=O)OCCCCCCCC/C=C\CC(CCCCCC)OC(OCCCCCCCC/C=C\CCCCCCCC)=O)CCCN(CCC(=O)OCCCCCCCC/C=C\CC(CCCCCC)OC(OCCCCCCCC/C=C\CCCCCCCC)=O)(CCC(=O)OCCCCCCCC/C=C\CC(CCCCCC)OC(OCCCCCCCC/C=C\CCCCCCCC)=O),0.800744910711815
N(CCC(=O)OCCCCCCCC/C=C\CC(CCCCCC)OC(OCCCCCCCC/C=C\C/C=C\CCCCC)=O)(CCC(=O)OCCCCCCCC/C=C\CC(CCCCCC)OC(OCCCCCCCC/C=C\C/C=C\CCCCC)=O)CCCN(CCC(=O)OCCCCCCCC/C=C\CC(CCCCCC)OC(OCCCCCCCC/C=C\C/C=C\CCCCC)=O)(CCC(=O)OCCCCCCCC/C=C\CC(CCCCCC)OC(OCCCCCCCC/C=C\C/C=C\CCCCC)=O),0.8064117400485923
N(CCC(=O)OCCCCCCCC/C=C\CC(CCCCCC)OC(OCC#CCC)=O)(CCC(=O)OCCCCCCCC/C=C\CC(CCCCCC)OC(OCC#CCC)=O)CCCN(CCC(=O)OCCCCCCCC/C=C\CC(CCCCCC)OC(OCC#CCC)=O)(CCC(=O)OCCCCCCCC/C=C\CC(CCCCCC)OC(OCC#CCC)=O),0.6842404555654549
N(CCC(=O)OCCCCCCCC/C=C\CC(CCCCCC)OC(OCC#CCCC)=O)(CCC(=O)OCCCCCCCC/C=C\CC(CCCCCC)OC(OCC#CCCC)=O)CCCN(CCC(=O)OCCCCCCCC/C=C\CC(CCCCCC)OC(OCC#CCCC)=O)(CCC(=O)OCCCCCCCC/C=C\CC(CCCCCC)OC(OCC#CCCC)=O),0.7060480628931927
N(CCC(=O)OCCCCCCCC/C=C\CC(CCCCCC)OC(OCC#CCCCC)=O)(CCC(=O)OCCCCCCCC/C=C\CC(CCCCCC)OC(OCC#CCCCC)=O)CCCN(CCC(=O)OCCCCCCCC/C=C\CC(CCCCCC)OC(OCC#CCCCC)=O)(CCC(=O)OCCCCCCCC/C=C\CC(CCCCCC)OC(OCC#CCCCC)=O),0.7301227345090785
N(CCC(=O)OCCCCCCCC/C=C\CC(CCCCCC)OC(OCC#CCCCCC)=O)(CCC(=O)OCCCCCCCC/C=C\CC(CCCCCC)OC(OCC#CCCCCC)=O)CCCN(CCC(=O)OCCCCCCCC/C=C\CC(CCCCCC)OC(OCC#CCCCCC)=O)(CCC(=O)OCCCCCCCC/C=C\CC(CCCCCC)OC(OCC#CCCCCC)=O),0.7428922520317301
N(CCC(=O)OCCCCCCCC/C=C\CC(CCCCCC)OC(OCC#CCCCCCC)=O)(CCC(=O)OCCCCCCCC/C=C\CC(CCCCCC)OC(OCC#CCCCCCC)=O)CCCN(CCC(=O)OCCCCCCCC/C=C\CC(CCCCCC)OC(OCC#CCCCCCC)=O)(CCC(=O)OCCCCCCCC/C=C\CC(CCCCCC)OC(OCC#CCCCCCC)=O),0.7599626356483893
N(CCC(=O)OCCCCCCCC/C=C\CC(CCCCCC)OC(OCCC#CCCCC)=O)(CCC(=O)OCCCCCCCC/C=C\CC(CCCCCC)OC(OCCC#CCCCC)=O)CCCN(CCC(=O)OCCCCCCCC/C=C\CC(CCCCCC)OC(OCCC#CCCCC)=O)(CCC(=O)OCCCCCCCC/C=C\CC(CCCCCC)OC(OCCC#CCCCC)=O),0.7375662899679508
N(CCC(=O)OCCCCCCCC/C=C\CC(CCCCCC)OC(OCCCCCCCCCCCCCCCCCC)=O)(CCC(=O)OCCCCCCCC/C=C\CC(CCCCCC)OC(OCCCCCCCCCCCCCCCCCC)=O)CCCN1CCN(CCCN(CCC(=O)OCCCCCCCC/C=C\CC(CCCCCC)OC(OCCCCCCCCCCCCCCCCCC)=O)(CCC(=O)OCCCCCCCC/C=C\CC(CCCCCC)OC(OCCCCCCCCCCCCCCCCCC)=O))CC1,0.7989981737835987
N(CCC(=O)OCCCCCCCC/C=C\CC(CCCCCC)OC(OCCC#CCCCCCC)=O)(CCC(=O)OCCCCCCCC/C=C\CC(CCCCCC)OC(OCCC#CCCCCCC)=O)CCCN1CCN(CCCN(CCC(=O)OCCCCCCCC/C=C\CC(CCCCCC)OC(OCCC#CCCCCCC)=O)(CCC(=O)OCCCCCCCC/C=C\CC(CCCCCC)OC(OCCC#CCCCCCC)=O))CC1,0.7622143787246151
N(CCC(=O)OCCCCCCCC/C=C\CC(CCCCCC)OC(OCCCCCCCC/C=C\CCCCCCCC)=O)(CCC(=O)OCCCCCCCC/C=C\CC(CCCCCC)OC(OCCCCCCCC/C=C\CCCCCCCC)=O)CCCN1CCN(CCCN(CCC(=O)OCCCCCCCC/C=C\CC(CCCCCC)OC(OCCCCCCCC/C=C\CCCCCCCC)=O)(CCC(=O)OCCCCCCCC/C=C\CC(CCCCCC)OC(OCCCCCCCC/C=C\CCCCCCCC)=O))CC1,0.8031800332547686
N(CCC(=O)OCCCCCCCC/C=C\CC(CCCCCC)OC(OCCCCCCCC/C=C\C/C=C\CCCCC)=O)(CCC(=O)OCCCCCCCC/C=C\CC(CCCCCC)OC(OCCCCCCCC/C=C\C/C=C\CCCCC)=O)CCCN1CCN(CCCN(CCC(=O)OCCCCCCCC/C=C\CC(CCCCCC)OC(OCCCCCCCC/C=C\C/C=C\CCCCC)=O)(CCC(=O)OCCCCCCCC/C=C\CC(CCCCCC)OC(OCCCCCCCC/C=C\C/C=C\CCCCC)=O))CC1,0.8088700819475985
N(CCC(=O)OCCCCCCCC/C=C\CC(CCCCCC)OC(OCC#CCC)=O)(CCC(=O)OCCCCCCCC/C=C\CC(CCCCCC)OC(OCC#CCC)=O)CCCN1CCN(CCCN(CCC(=O)OCCCCCCCC/C=C\CC(CCCCCC)OC(OCC#CCC)=O)(CCC(=O)OCCCCCCCC/C=C\CC(CCCCCC)OC(OCC#CCC)=O))CC1,0.6939260150356101
N(CCC(=O)OCCCCCCCC/C=C\CC(CCCCCC)OC(OCC#CCCC)=O)(CCC(=O)OCCCCCCCC/C=C\CC(CCCCCC)OC(OCC#CCCC)=O)CCCN1CCN(CCCN(CCC(=O)OCCCCCCCC/C=C\CC(CCCCCC)OC(OCC#CCCC)=O)(CCC(=O)OCCCCCCCC/C=C\CC(CCCCCC)OC(OCC#CCCC)=O))CC1,0.7141238855742965
N(CCC(=O)OCCCCCCCC/C=C\CC(CCCCCC)OC(OCC#CCCCC)=O)(CCC(=O)OCCCCCCCC/C=C\CC(CCCCCC)OC(OCC#CCCCC)=O)CCCN1CCN(CCCN(CCC(=O)OCCCCCCCC/C=C\CC(CCCCCC)OC(OCC#CCCCC)=O)(CCC(=O)OCCCCCCCC/C=C\CC(CCCCCC)OC(OCC#CCCCC)=O))CC1,0.7365388780010279
N(CCC(=O)OCCCCCCCC/C=C\CC(CCCCCC)OC(OCC#CCCCCC)=O)(CCC(=O)OCCCCCCCC/C=C\CC(CCCCCC)OC(OCC#CCCCCC)=O)CCCN1CCN(CCCN(CCC(=O)OCCCCCCCC/C=C\CC(CCCCCC)OC(OCC#CCCCCC)=O)(CCC(=O)OCCCCCCCC/C=C\CC(CCCCCC)OC(OCC#CCCCCC)=O))CC1,0.7483958926461732
N(CCC(=O)OCCCCCCCC/C=C\CC(CCCCCC)OC(OCC#CCCCCCC)=O)(CCC(=O)OCCCCCCCC/C=C\CC(CCCCCC)OC(OCC#CCCCCCC)=O)CCCN1CCN(CCCN(CCC(=O)OCCCCCCCC/C=C\CC(CCCCCC)OC(OCC#CCCCCCC)=O)(CCC(=O)OCCCCCCCC/C=C\CC(CCCCCC)OC(OCC#CCCCCCC)=O))CC1,0.7643613080836211
N(CCC(=O)OCCCCCCCC/C=C\CC(CCCCCC)OC(OCCC#CCCCC)=O)(CCC(=O)OCCCCCCCC/C=C\CC(CCCCCC)OC(OCCC#CCCCC)=O)CCCN1CCN(CCCN(CCC(=O)OCCCCCCCC/C=C\CC(CCCCCC)OC(OCCC#CCCCC)=O)(CCC(=O)OCCCCCCCC/C=C\CC(CCCCCC)OC(OCCC#CCCCC)=O))CC1,0.7433809274305978
N(CCC(=O)OCCCCCCCC/C=C\CC(CCCCCC)OC(OCCCCCCCCCCCCCCCCCC)=O)(CCC(=O)OCCCCCCCC/C=C\CC(CCCCCC)OC(OCCCCCCCCCCCCCCCCCC)=O)CC(O)CO,0.7374707402393352
N(CCC(=O)OCCCCCCCC/C=C\CC(CCCCCC)OC(OCCC#CCCCCCC)=O)(CCC(=O)OCCCCCCCC/C=C\CC(CCCCCC)OC(OCCC#CCCCCCC)=O)CC(O)CO,0.6962657066190328
N(CCC(=O)OCCCCCCCC/C=C\CC(CCCCCC)OC(OCCCCCCCC/C=C\CCCCCCCC)=O)(CCC(=O)OCCCCCCCC/C=C\CC(CCCCCC)OC(OCCCCCCCC/C=C\CCCCCCCC)=O)CC(O)CO,0.7418421551696356
N(CCC(=O)OCCCCCCCC/C=C\CC(CCCCCC)OC(OCCCCCCCC/C=C\C/C=C\CCCCC)=O)(CCC(=O)OCCCCCCCC/C=C\CC(CCCCCC)OC(OCCCCCCCC/C=C\C/C=C\CCCCC)=O)CC(O)CO,0.7456052942328075
N(CCC(=O)OCCCCCCCC/C=C\CC(CCCCCC)OC(OCC#CCC)=O)(CCC(=O)OCCCCCCCC/C=C\CC(CCCCCC)OC(OCC#CCC)=O)CC(O)CO,0.6206271399717048
N(CCC(=O)OCCCCCCCC/C=C\CC(CCCCCC)OC(OCC#CCCC)=O)(CCC(=O)OCCCCCCCC/C=C\CC(CCCCCC)OC(OCC#CCCC)=O)CC(O)CO,0.6423031511536302
N(CCC(=O)OCCCCCCCC/C=C\CC(CCCCCC)OC(OCC#CCCCC)=O)(CCC(=O)OCCCCCCCC/C=C\CC(CCCCCC)OC(OCC#CCCCC)=O)CC(O)CO,0.6657410423220671
N(CCC(=O)OCCCCCCCC/C=C\CC(CCCCCC)OC(OCC#CCCCCC)=O)(CCC(=O)OCCCCCCCC/C=C\CC(CCCCCC)OC(OCC#CCCCCC)=O)CC(O)CO,0.6790962695857603
N(CCC(=O)OCCCCCCCC/C=C\CC(CCCCCC)OC(OCC#CCCCCCC)=O)(CCC(=O)OCCCCCCCC/C=C\CC(CCCCCC)OC(OCC#CCCCCCC)=O)CC(O)CO,0.6968296816175801
N(CCC(=O)OCCCCCCCC/C=C\CC(CCCCCC)OC(OCCC#CCCCC)=O)(CCC(=O)OCCCCCCCC/C=C\CC(CCCCCC)OC(OCCC#CCCCC)=O)CC(O)CO,0.6738393717447156
CN(CCC(=O)OCCCCCCCC/C=C\CC(CCCCCC)OC(OCCCCCCCCCCCCCCCCCC)=O)CCN(CCC(=O)OCCCCCCCC/C=C\CC(CCCCCC)OC(OCCCCCCCCCCCCCCCCCC)=O)C,0.7811881556921679
CN(CCC(=O)OCCCCCCCC/C=C\CC(CCCCCC)OC(OCCC#CCCCCCC)=O)CCN(CCC(=O)OCCCCCCCC/C=C\CC(CCCCCC)OC(OCCC#CCCCCCC)=O)C,0.7438282711880008
CN(CCC(=O)OCCCCCCCC/C=C\CC(CCCCCC)OC(OCCCCCCCC/C=C\CCCCCCCC)=O)CCN(CCC(=O)OCCCCCCCC/C=C\CC(CCCCCC)OC(OCCCCCCCC/C=C\CCCCCCCC)=O)C,0.7845437386413006
CN(CCC(=O)OCCCCCCCC/C=C\CC(CCCCCC)OC(OCCCCCCCC/C=C\C/C=C\CCCCC)=O)CCN(CCC(=O)OCCCCCCCC/C=C\CC(CCCCCC)OC(OCCCCCCCC/C=C\C/C=C\CCCCC)=O)C,0.789975108267723
CN(CCC(=O)OCCCCCCCC/C=C\CC(CCCCCC)OC(OCC#CCC)=O)CCN(CCC(=O)OCCCCCCCC/C=C\CC(CCCCCC)OC(OCC#CCC)=O)C,0.6718719024726433
CN(CCC(=O)OCCCCCCCC/C=C\CC(CCCCCC)OC(OCC#CCCC)=O)CCN(CCC(=O)OCCCCCCCC/C=C\CC(CCCCCC)OC(OCC#CCCC)=O)C,0.6929389251729321
CN(CCC(=O)OCCCCCCCC/C=C\CC(CCCCCC)OC(OCC#CCCCC)=O)CCN(CCC(=O)OCCCCCCCC/C=C\CC(CCCCCC)OC(OCC#CCCCC)=O)C,0.716308049041346
CN(CCC(=O)OCCCCCCCC/C=C\CC(CCCCCC)OC(OCC#CCCCCC)=O)CCN(CCC(=O)OCCCCCCCC/C=C\CC(CCCCCC)OC(OCC#CCCCCC)=O)C,0.7288508957659083
CN(CCC(=O)OCCCCCCCC/C=C\CC(CCCCCC)OC(OCC#CCCCCCC)=O)CCN(CCC(=O)OCCCCCCCC/C=C\CC(CCCCCC)OC(OCC#CCCCCCC)=O)C,0.7455758394998098
CN(CCC(=O)OCCCCCCCC/C=C\CC(CCCCCC)OC(OCCC#CCCCC)=O)CCN(CCC(=O)OCCCCCCCC/C=C\CC(CCCCCC)OC(OCCC#CCCCC)=O)C,0.7237698949392573
N(CCC(=O)OCCCCCCCC/C=C\CC(CCCCCC)OC(OCCCCCCCCCCCCCCCCCC)=O)(CCC(=O)OCCCCCCCC/C=C\CC(CCCCCC)OC(OCCCCCCCCCCCCCCCCCC)=O)CCCN(CCC(=O)OCCCCCCCC/C=C\CC(CCCCCC)OC(OCCCCCCCCCCCCCCCCCC)=O)C,0.7921064194920951
N(CCC(=O)OCCCCCCCC/C=C\CC(CCCCCC)OC(OCCC#CCCCCCC)=O)(CCC(=O)OCCCCCCCC/C=C\CC(CCCCCC)OC(OCCC#CCCCCCC)=O)CCCN(CCC(=O)OCCCCCCCC/C=C\CC(CCCCCC)OC(OCCC#CCCCCCC)=O)C,0.7539464470490603
N(CCC(=O)OCCCCCCCC/C=C\CC(CCCCCC)OC(OCCCCCCCC/C=C\CCCCCCCC)=O)(CCC(=O)OCCCCCCCC/C=C\CC(CCCCCC)OC(OCCCCCCCC/C=C\CCCCCCCC)=O)CCCN(CCC(=O)OCCCCCCCC/C=C\CC(CCCCCC)OC(OCCCCCCCC/C=C\CCCCCCCC)=O)C,0.7963989123656335
N(CCC(=O)OCCCCCCCC/C=C\CC(CCCCCC)OC(OCCCCCCCC/C=C\C/C=C\CCCCC)=O)(CCC(=O)OCCCCCCCC/C=C\CC(CCCCCC)OC(OCCCCCCCC/C=C\C/C=C\CCCCC)=O)CCCN(CCC(=O)OCCCCCCCC/C=C\CC(CCCCCC)OC(OCCCCCCCC/C=C\C/C=C\CCCCC)=O)C,0.8012374461059343
N(CCC(=O)OCCCCCCCC/C=C\CC(CCCCCC)OC(OCC#CCC)=O)(CCC(=O)OCCCCCCCC/C=C\CC(CCCCCC)OC(OCC#CCC)=O)CCCN(CCC(=O)OCCCCCCCC/C=C\CC(CCCCCC)OC(OCC#CCC)=O)C,0.6814317448666772
N(CCC(=O)OCCCCCCCC/C=C\CC(CCCCCC)OC(OCC#CCCC)=O)(CCC(=O)OCCCCCCCC/C=C\CC(CCCCCC)OC(OCC#CCCC)=O)CCCN(CCC(=O)OCCCCCCCC/C=C\CC(CCCCCC)OC(OCC#CCCC)=O)C,0.7028524025165659
N(CCC(=O)OCCCCCCCC/C=C\CC(CCCCCC)OC(OCC#CCCCC)=O)(CCC(=O)OCCCCCCCC/C=C\CC(CCCCCC)OC(OCC#CCCCC)=O)CCCN(CCC(=O)OCCCCCCCC/C=C\CC(CCCCCC)OC(OCC#CCCCC)=O)C,0.7265142327941447
N(CCC(=O)OCCCCCCCC/C=C\CC(CCCCCC)OC(OCC#CCCCCC)=O)(CCC(=O)OCCCCCCCC/C=C\CC(CCCCCC)OC(OCC#CCCCCC)=O)CCCN(CCC(=O)OCCCCCCCC/C=C\CC(CCCCCC)OC(OCC#CCCCCC)=O)C,0.7391219274389359
N(CCC(=O)OCCCCCCCC/C=C\CC(CCCCCC)OC(OCC#CCCCCCC)=O)(CCC(=O)OCCCCCCCC/C=C\CC(CCCCCC)OC(OCC#CCCCCCC)=O)CCCN(CCC(=O)OCCCCCCCC/C=C\CC(CCCCCC)OC(OCC#CCCCCCC)=O)C,0.7559608301095765
N(CCC(=O)OCCCCCCCC/C=C\CC(CCCCCC)OC(OCCC#CCCCC)=O)(CCC(=O)OCCCCCCCC/C=C\CC(CCCCCC)OC(OCCC#CCCCC)=O)CCCN(CCC(=O)OCCCCCCCC/C=C\CC(CCCCCC)OC(OCCC#CCCCC)=O)C,0.7339040452422047
N(CCC(=O)OCCCCCCCC/C=C\CC(CCCCCC)OC(OCCCCCCCCCCCCCCCCCC)=O)(CCC(=O)OCCCCCCCC/C=C\CC(CCCCCC)OC(OCCCCCCCCCCCCCCCCCC)=O)CCN(CCC(=O)OCCCCCCCC/C=C\CC(CCCCCC)OC(OCCCCCCCCCCCCCCCCCC)=O)CCN(CC1)CCN1CCN(CCC(=O)OCCCCCCCC/C=C\CC(CCCCCC)OC(OCCCCCCCCCCCCCCCCCC)=O)(CCC(=O)OCCCCCCCC/C=C\CC(CCCCCC)OC(OCCCCCCCCCCCCCCCCCC)=O),0.7978714708618931
N(CCC(=O)OCCCCCCCC/C=C\CC(CCCCCC)OC(OCCC#CCCCCCC)=O)(CCC(=O)OCCCCCCCC/C=C\CC(CCCCCC)OC(OCCC#CCCCCCC)=O)CCN(CCC(=O)OCCCCCCCC/C=C\CC(CCCCCC)OC(OCCC#CCCCCCC)=O)CCN(CC1)CCN1CCN(CCC(=O)OCCCCCCCC/C=C\CC(CCCCCC)OC(OCCC#CCCCCCC)=O)(CCC(=O)OCCCCCCCC/C=C\CC(CCCCCC)OC(OCCC#CCCCCCC)=O),0.7605489392348542
N(CCC(=O)OCCCCCCCC/C=C\CC(CCCCCC)OC(OCCCCCCCC/C=C\CCCCCCCC)=O)(CCC(=O)OCCCCCCCC/C=C\CC(CCCCCC)OC(OCCCCCCCC/C=C\CCCCCCCC)=O)CCN(CCC(=O)OCCCCCCCC/C=C\CC(CCCCCC)OC(OCCCCCCCC/C=C\CCCCCCCC)=O)CCN(CC1)CCN1CCN(CCC(=O)OCCCCCCCC/C=C\CC(CCCCCC)OC(OCCCCCCCC/C=C\CCCCCCCC)=O)(CCC(=O)OCCCCCCCC/C=C\CC(CCCCCC)OC(OCCCCCCCC/C=C\CCCCCCCC)=O),0.8020802909152827
N(CCC(=O)OCCCCCCCC/C=C\CC(CCCCCC)OC(OCCCCCCCC/C=C\C/C=C\CCCCC)=O)(CCC(=O)OCCCCCCCC/C=C\CC(CCCCCC)OC(OCCCCCCCC/C=C\C/C=C\CCCCC)=O)CCN(CCC(=O)OCCCCCCCC/C=C\CC(CCCCCC)OC(OCCCCCCCC/C=C\C/C=C\CCCCC)=O)CCN(CC1)CCN1CCN(CCC(=O)OCCCCCCCC/C=C\CC(CCCCCC)OC(OCCCCCCCC/C=C\C/C=C\CCCCC)=O)(CCC(=O)OCCCCCCCC/C=C\CC(CCCCCC)OC(OCCCCCCCC/C=C\C/C=C\CCCCC)=O),0.8076146333381126
N(CCC(=O)OCCCCCCCC/C=C\CC(CCCCCC)OC(OCC#CCC)=O)(CCC(=O)OCCCCCCCC/C=C\CC(CCCCCC)OC(OCC#CCC)=O)CCN(CCC(=O)OCCCCCCCC/C=C\CC(CCCCCC)OC(OCC#CCC)=O)CCN(CC1)CCN1CCN(CCC(=O)OCCCCCCCC/C=C\CC(CCCCCC)OC(OCC#CCC)=O)(CCC(=O)OCCCCCCCC/C=C\CC(CCCCCC)OC(OCC#CCC)=O),0.6910091057006997
N(CCC(=O)OCCCCCCCC/C=C\CC(CCCCCC)OC(OCC#CCCC)=O)(CCC(=O)OCCCCCCCC/C=C\CC(CCCCCC)OC(OCC#CCCC)=O)CCN(CCC(=O)OCCCCCCCC/C=C\CC(CCCCCC)OC(OCC#CCCC)=O)CCN(CC1)CCN1CCN(CCC(=O)OCCCCCCCC/C=C\CC(CCCCCC)OC(OCC#CCCC)=O)(CCC(=O)OCCCCCCCC/C=C\CC(CCCCCC)OC(OCC#CCCC)=O),0.7115685093331163
N(CCC(=O)OCCCCCCCC/C=C\CC(CCCCCC)OC(OCC#CCCCC)=O)(CCC(=O)OCCCCCCCC/C=C\CC(CCCCCC)OC(OCC#CCCCC)=O)CCN(CCC(=O)OCCCCCCCC/C=C\CC(CCCCCC)OC(OCC#CCCCC)=O)CCN(CC1)CCN1CCN(CCC(=O)OCCCCCCCC/C=C\CC(CCCCCC)OC(OCC#CCCCC)=O)(CCC(=O)OCCCCCCCC/C=C\CC(CCCCCC)OC(OCC#CCCCC)=O),0.7343608905263812
N(CCC(=O)OCCCCCCCC/C=C\CC(CCCCCC)OC(OCC#CCCCCC)=O)(CCC(=O)OCCCCCCCC/C=C\CC(CCCCCC)OC(OCC#CCCCCC)=O)CCN(CCC(=O)OCCCCCCCC/C=C\CC(CCCCCC)OC(OCC#CCCCCC)=O)CCN(CC1)CCN1CCN(CCC(=O)OCCCCCCCC/C=C\CC(CCCCCC)OC(OCC#CCCCCC)=O)(CCC(=O)OCCCCCCCC/C=C\CC(CCCCCC)OC(OCC#CCCCCC)=O),0.7464312144475906
N(CCC(=O)OCCCCCCCC/C=C\CC(CCCCCC)OC(OCC#CCCCCCC)=O)(CCC(=O)OCCCCCCCC/C=C\CC(CCCCCC)OC(OCC#CCCCCCC)=O)CCN(CCC(=O)OCCCCCCCC/C=C\CC(CCCCCC)OC(OCC#CCCCCCC)=O)CCN(CC1)CCN1CCN(CCC(=O)OCCCCCCCC/C=C\CC(CCCCCC)OC(OCC#CCCCCCC)=O)(CCC(=O)OCCCCCCCC/C=C\CC(CCCCCC)OC(OCC#CCCCCCC)=O),0.7626809630737343
N(CCC(=O)OCCCCCCCC/C=C\CC(CCCCCC)OC(OCCC#CCCCC)=O)(CCC(=O)OCCCCCCCC/C=C\CC(CCCCCC)OC(OCCC#CCCCC)=O)CCN(CCC(=O)OCCCCCCCC/C=C\CC(CCCCCC)OC(OCCC#CCCCC)=O)CCN(CC1)CCN1CCN(CCC(=O)OCCCCCCCC/C=C\CC(CCCCCC)OC(OCCC#CCCCC)=O)(CCC(=O)OCCCCCCCC/C=C\CC(CCCCCC)OC(OCCC#CCCCC)=O),0.741350629312736
CCOC(CN(CCC(=O)OCCCCCCCC/C=C\CC(CCCCCC)OC(OCCCCCCCCCCCCCCCCCC)=O)(CCC(=O)OCCCCCCCC/C=C\CC(CCCCCC)OC(OCCCCCCCCCCCCCCCCCC)=O))OCC,0.5822450693403403
CCOC(CN(CCC(=O)OCCCCCCCC/C=C\CC(CCCCCC)OC(OCCC#CCCCCCC)=O)(CCC(=O)OCCCCCCCC/C=C\CC(CCCCCC)OC(OCCC#CCCCCCC)=O))OCC,0.5148966441874001
CCOC(CN(CCC(=O)OCCCCCCCC/C=C\CC(CCCCCC)OC(OCCCCCCCC/C=C\CCCCCCCC)=O)(CCC(=O)OCCCCCCCC/C=C\CC(CCCCCC)OC(OCCCCCCCC/C=C\CCCCCCCC)=O))OCC,0.5862602364011782
CCOC(CN(CCC(=O)OCCCCCCCC/C=C\CC(CCCCCC)OC(OCCCCCCCC/C=C\C/C=C\CCCCC)=O)(CCC(=O)OCCCCCCCC/C=C\CC(CCCCCC)OC(OCCCCCCCC/C=C\C/C=C\CCCCC)=O))OCC,0.5902075863146706
CCOC(CN(CCC(=O)OCCCCCCCC/C=C\CC(CCCCCC)OC(OCC#CCC)=O)(CCC(=O)OCCCCCCCC/C=C\CC(CCCCCC)OC(OCC#CCC)=O))OCC,0.4311511373587852
CCOC(CN(CCC(=O)OCCCCCCCC/C=C\CC(CCCCCC)OC(OCC#CCCC)=O)(CCC(=O)OCCCCCCCC/C=C\CC(CCCCCC)OC(OCC#CCCC)=O))OCC,0.4537459758719755
CCOC(CN(CCC(=O)OCCCCCCCC/C=C\CC(CCCCCC)OC(OCC#CCCCC)=O)(CCC(=O)OCCCCCCCC/C=C\CC(CCCCCC)OC(OCC#CCCCC)=O))OCC,0.47732532102025227
CCOC(CN(CCC(=O)OCCCCCCCC/C=C\CC(CCCCCC)OC(OCC#CCCCCC)=O)(CCC(=O)OCCCCCCCC/C=C\CC(CCCCCC)OC(OCC#CCCCCC)=O))OCC,0.492455047485703
CCOC(CN(CCC(=O)OCCCCCCCC/C=C\CC(CCCCCC)OC(OCC#CCCCCCC)=O)(CCC(=O)OCCCCCCCC/C=C\CC(CCCCCC)OC(OCC#CCCCCCC)=O))OCC,0.5112534025152008
CCOC(CN(CCC(=O)OCCCCCCCC/C=C\CC(CCCCCC)OC(OCCC#CCCCC)=O)(CCC(=O)OCCCCCCCC/C=C\CC(CCCCCC)OC(OCCC#CCCCC)=O))OCC,0.4880061357276565
COC(CN(CCC(=O)OCCCCCCCC/C=C\CC(CCCCCC)OC(OCCCCCCCCCCCCCCCCCC)=O)(CCC(=O)OCCCCCCCC/C=C\CC(CCCCCC)OC(OCCCCCCCCCCCCCCCCCC)=O))OC,0.5390844433564325
COC(CN(CCC(=O)OCCCCCCCC/C=C\CC(CCCCCC)OC(OCCC#CCCCCCC)=O)(CCC(=O)OCCCCCCCC/C=C\CC(CCCCCC)OC(OCCC#CCCCCCC)=O))OC,0.4696519176902757
COC(CN(CCC(=O)OCCCCCCCC/C=C\CC(CCCCCC)OC(OCCCCCCCC/C=C\CCCCCCCC)=O)(CCC(=O)OCCCCCCCC/C=C\CC(CCCCCC)OC(OCCCCCCCC/C=C\CCCCCCCC)=O))OC,0.5430294178882314
COC(CN(CCC(=O)OCCCCCCCC/C=C\CC(CCCCCC)OC(OCCCCCCCC/C=C\C/C=C\CCCCC)=O)(CCC(=O)OCCCCCCCC/C=C\CC(CCCCCC)OC(OCCCCCCCC/C=C\C/C=C\CCCCC)=O))OC,0.547979357029951
COC(CN(CCC(=O)OCCCCCCCC/C=C\CC(CCCCCC)OC(OCC#CCC)=O)(CCC(=O)OCCCCCCCC/C=C\CC(CCCCCC)OC(OCC#CCC)=O))OC,0.3787546710438185
COC(CN(CCC(=O)OCCCCCCCC/C=C\CC(CCCCCC)OC(OCC#CCCC)=O)(CCC(=O)OCCCCCCCC/C=C\CC(CCCCCC)OC(OCC#CCCC)=O))OC,0.40203160041025865
COC(CN(CCC(=O)OCCCCCCCC/C=C\CC(CCCCCC)OC(OCC#CCCCC)=O)(CCC(=O)OCCCCCCCC/C=C\CC(CCCCCC)OC(OCC#CCCCC)=O))OC,0.427440375461952
COC(CN(CCC(=O)OCCCCCCCC/C=C\CC(CCCCCC)OC(OCC#CCCCCC)=O)(CCC(=O)OCCCCCCCC/C=C\CC(CCCCCC)OC(OCC#CCCCCC)=O))OC,0.44527414737031645
COC(CN(CCC(=O)OCCCCCCCC/C=C\CC(CCCCCC)OC(OCC#CCCCCCC)=O)(CCC(=O)OCCCCCCCC/C=C\CC(CCCCCC)OC(OCC#CCCCCCC)=O))OC,0.46507037055692596
COC(CN(CCC(=O)OCCCCCCCC/C=C\CC(CCCCCC)OC(OCCC#CCCCC)=O)(CCC(=O)OCCCCCCCC/C=C\CC(CCCCCC)OC(OCCC#CCCCC)=O))OC,0.4404296751757823
N(CCC(=O)OCCCCCCCC/C=C\CC(CCCCCC)OC(OCCCCCCCCCCCCCCCCCC)=O)(CCC(=O)OCCCCCCCC/C=C\CC(CCCCCC)OC(OCCCCCCCCCCCCCCCCCC)=O)CCC1OCCO1,0.3393888360841466
N(CCC(=O)OCCCCCCCC/C=C\CC(CCCCCC)OC(OCCC#CCCCCCC)=O)(CCC(=O)OCCCCCCCC/C=C\CC(CCCCCC)OC(OCCC#CCCCCCC)=O)CCC1OCCO1,0.2431918011109438
N(CCC(=O)OCCCCCCCC/C=C\CC(CCCCCC)OC(OCCCCCCCC/C=C\CCCCCCCC)=O)(CCC(=O)OCCCCCCCC/C=C\CC(CCCCCC)OC(OCCCCCCCC/C=C\CCCCCCCC)=O)CCC1OCCO1,0.3430302071432623
N(CCC(=O)OCCCCCCCC/C=C\CC(CCCCCC)OC(OCCCCCCCC/C=C\C/C=C\CCCCC)=O)(CCC(=O)OCCCCCCCC/C=C\CC(CCCCCC)OC(OCCCCCCCC/C=C\C/C=C\CCCCC)=O)CCC1OCCO1,0.344818780481553
N(CCC(=O)OCCCCCCCC/C=C\CC(CCCCCC)OC(OCC#CCC)=O)(CCC(=O)OCCCCCCCC/C=C\CC(CCCCCC)OC(OCC#CCC)=O)CCC1OCCO1,0.16235524608856658
N(CCC(=O)OCCCCCCCC/C=C\CC(CCCCCC)OC(OCC#CCCC)=O)(CCC(=O)OCCCCCCCC/C=C\CC(CCCCCC)OC(OCC#CCCC)=O)CCC1OCCO1,0.17809179349985868
N(CCC(=O)OCCCCCCCC/C=C\CC(CCCCCC)OC(OCC#CCCCC)=O)(CCC(=O)OCCCCCCCC/C=C\CC(CCCCCC)OC(OCC#CCCCC)=O)CCC1OCCO1,0.19895483029722974
N(CCC(=O)OCCCCCCCC/C=C\CC(CCCCCC)OC(OCC#CCCCCC)=O)(CCC(=O)OCCCCCCCC/C=C\CC(CCCCCC)OC(OCC#CCCCCC)=O)CCC1OCCO1,0.21525882670279564
N(CCC(=O)OCCCCCCCC/C=C\CC(CCCCCC)OC(OCC#CCCCCCC)=O)(CCC(=O)OCCCCCCCC/C=C\CC(CCCCCC)OC(OCC#CCCCCCC)=O)CCC1OCCO1,0.23468713295737398
N(CCC(=O)OCCCCCCCC/C=C\CC(CCCCCC)OC(OCCC#CCCCC)=O)(CCC(=O)OCCCCCCCC/C=C\CC(CCCCCC)OC(OCCC#CCCCC)=O)CCC1OCCO1,0.21193382679296505
N(CCC(=O)OCCCCCCCC/C=C\CC(CCCCCC)OC(OCCCCCCCCCCCCCCCCCC)=O)(CCC(=O)OCCCCCCCC/C=C\CC(CCCCCC)OC(OCCCCCCCCCCCCCCCCCC)=O)CC1OCCO1,0.24914940685926018
N(CCC(=O)OCCCCCCCC/C=C\CC(CCCCCC)OC(OCCC#CCCCCCC)=O)(CCC(=O)OCCCCCCCC/C=C\CC(CCCCCC)OC(OCCC#CCCCCCC)=O)CC1OCCO1,0.16499429514989558
N(CCC(=O)OCCCCCCCC/C=C\CC(CCCCCC)OC(OCCCCCCCC/C=C\CCCCCCCC)=O)(CCC(=O)OCCCCCCCC/C=C\CC(CCCCCC)OC(OCCCCCCCC/C=C\CCCCCCCC)=O)CC1OCCO1,0.2516290232705576
N(CCC(=O)OCCCCCCCC/C=C\CC(CCCCCC)OC(OCCCCCCCC/C=C\C/C=C\CCCCC)=O)(CCC(=O)OCCCCCCCC/C=C\CC(CCCCCC)OC(OCCCCCCCC/C=C\C/C=C\CCCCC)=O)CC1OCCO1,0.25291567845704016
N(CCC(=O)OCCCCCCCC/C=C\CC(CCCCCC)OC(OCC#CCC)=O)(CCC(=O)OCCCCCCCC/C=C\CC(CCCCCC)OC(OCC#CCC)=O)CC1OCCO1,0.09883774745387268
N(CCC(=O)OCCCCCCCC/C=C\CC(CCCCCC)OC(OCC#CCCC)=O)(CCC(=O)OCCCCCCCC/C=C\CC(CCCCCC)OC(OCC#CCCC)=O)CC1OCCO1,0.11597143499266
N(CCC(=O)OCCCCCCCC/C=C\CC(CCCCCC)OC(OCC#CCCCC)=O)(CCC(=O)OCCCCCCCC/C=C\CC(CCCCCC)OC(OCC#CCCCC)=O)CC1OCCO1,0.13286823759207642
N(CCC(=O)OCCCCCCCC/C=C\CC(CCCCCC)OC(OCC#CCCCCC)=O)(CCC(=O)OCCCCCCCC/C=C\CC(CCCCCC)OC(OCC#CCCCCC)=O)CC1OCCO1,0.14506974196730205
N(CCC(=O)OCCCCCCCC/C=C\CC(CCCCCC)OC(OCC#CCCCCCC)=O)(CCC(=O)OCCCCCCCC/C=C\CC(CCCCCC)OC(OCC#CCCCCCC)=O)CC1OCCO1,0.15851624327256283
N(CCC(=O)OCCCCCCCC/C=C\CC(CCCCCC)OC(OCCC#CCCCC)=O)(CCC(=O)OCCCCCCCC/C=C\CC(CCCCCC)OC(OCCC#CCCCC)=O)CC1OCCO1,0.14230141275731162
N(CCC(=O)OCCCCCCCC/C=C\CC(CCCCCC)OC(OCCCCCCCCCCCCCCCCCC)=O)(CCC(=O)OCCCCCCCC/C=C\CC(CCCCCC)OC(OCCCCCCCCCCCCCCCCCC)=O)CCN1CCCC1,0.7831847827745262
N(CCC(=O)OCCCCCCCC/C=C\CC(CCCCCC)OC(OCCC#CCCCCCC)=O)(CCC(=O)OCCCCCCCC/C=C\CC(CCCCCC)OC(OCCC#CCCCCCC)=O)CCN1CCCC1,0.7460314377085973
N(CCC(=O)OCCCCCCCC/C=C\CC(CCCCCC)OC(OCCCCCCCC/C=C\CCCCCCCC)=O)(CCC(=O)OCCCCCCCC/C=C\CC(CCCCCC)OC(OCCCCCCCC/C=C\CCCCCCCC)=O)CCN1CCCC1,0.7866817009344141
N(CCC(=O)OCCCCCCCC/C=C\CC(CCCCCC)OC(OCCCCCCCC/C=C\C/C=C\CCCCC)=O)(CCC(=O)OCCCCCCCC/C=C\CC(CCCCCC)OC(OCCCCCCCC/C=C\C/C=C\CCCCC)=O)CCN1CCCC1,0.7921606969637885
N(CCC(=O)OCCCCCCCC/C=C\CC(CCCCCC)OC(OCC#CCC)=O)(CCC(=O)OCCCCCCCC/C=C\CC(CCCCCC)OC(OCC#CCC)=O)CCN1CCCC1,0.6763163010054725
N(CCC(=O)OCCCCCCCC/C=C\CC(CCCCCC)OC(OCC#CCCC)=O)(CCC(=O)OCCCCCCCC/C=C\CC(CCCCCC)OC(OCC#CCCC)=O)CCN1CCCC1,0.6965654204041932
N(CCC(=O)OCCCCCCCC/C=C\CC(CCCCCC)OC(OCC#CCCCC)=O)(CCC(=O)OCCCCCCCC/C=C\CC(CCCCCC)OC(OCC#CCCCC)=O)CCN1CCCC1,0.7192448521979384
N(CCC(=O)OCCCCCCCC/C=C\CC(CCCCCC)OC(OCC#CCCCCC)=O)(CCC(=O)OCCCCCCCC/C=C\CC(CCCCCC)OC(OCC#CCCCCC)=O)CCN1CCCC1,0.731488460213679
N(CCC(=O)OCCCCCCCC/C=C\CC(CCCCCC)OC(OCC#CCCCCCC)=O)(CCC(=O)OCCCCCCCC/C=C\CC(CCCCCC)OC(OCC#CCCCCCC)=O)CCN1CCCC1,0.7477904078525344
N(CCC(=O)OCCCCCCCC/C=C\CC(CCCCCC)OC(OCCC#CCCCC)=O)(CCC(=O)OCCCCCCCC/C=C\CC(CCCCCC)OC(OCCC#CCCCC)=O)CCN1CCCC1,0.7264952891251402
N(CCC(=O)OCCCCCCCC/C=C\CC(CCCCCC)OC(OCCCCCCCCCCCCCCCCCC)=O)(CCC(=O)OCCCCCCCC/C=C\CC(CCCCCC)OC(OCCCCCCCCCCCCCCCCCC)=O)CCCN1CCCC1,0.782106478254823
N(CCC(=O)OCCCCCCCC/C=C\CC(CCCCCC)OC(OCCC#CCCCCCC)=O)(CCC(=O)OCCCCCCCC/C=C\CC(CCCCCC)OC(OCCC#CCCCCCC)=O)CCCN1CCCC1,0.7454381861306792
N(CCC(=O)OCCCCCCCC/C=C\CC(CCCCCC)OC(OCCCCCCCC/C=C\CCCCCCCC)=O)(CCC(=O)OCCCCCCCC/C=C\CC(CCCCCC)OC(OCCCCCCCC/C=C\CCCCCCCC)=O)CCCN1CCCC1,0.7855474561758322
N(CCC(=O)OCCCCCCCC/C=C\CC(CCCCCC)OC(OCCCCCCCC/C=C\C/C=C\CCCCC)=O)(CCC(=O)OCCCCCCCC/C=C\CC(CCCCCC)OC(OCCCCCCCC/C=C\C/C=C\CCCCC)=O)CCCN1CCCC1,0.7911433209845201
N(CCC(=O)OCCCCCCCC/C=C\CC(CCCCCC)OC(OCC#CCC)=O)(CCC(=O)OCCCCCCCC/C=C\CC(CCCCCC)OC(OCC#CCC)=O)CCCN1CCCC1,0.6767148306690768
N(CCC(=O)OCCCCCCCC/C=C\CC(CCCCCC)OC(OCC#CCCC)=O)(CCC(=O)OCCCCCCCC/C=C\CC(CCCCCC)OC(OCC#CCCC)=O)CCCN1CCCC1,0.6966100775800285
N(CCC(=O)OCCCCCCCC/C=C\CC(CCCCCC)OC(OCC#CCCCC)=O)(CCC(=O)OCCCCCCCC/C=C\CC(CCCCCC)OC(OCC#CCCCC)=O)CCCN1CCCC1,0.7189951995819658
N(CCC(=O)OCCCCCCCC/C=C\CC(CCCCCC)OC(OCC#CCCCCC)=O)(CCC(=O)OCCCCCCCC/C=C\CC(CCCCCC)OC(OCC#CCCCCC)=O)CCCN1CCCC1,0.7310896930119053
N(CCC(=O)OCCCCCCCC/C=C\CC(CCCCCC)OC(OCC#CCCCCCC)=O)(CCC(=O)OCCCCCCCC/C=C\CC(CCCCCC)OC(OCC#CCCCCCC)=O)CCCN1CCCC1,0.7471662763126026
N(CCC(=O)OCCCCCCCC/C=C\CC(CCCCCC)OC(OCCC#CCCCC)=O)(CCC(=O)OCCCCCCCC/C=C\CC(CCCCCC)OC(OCCC#CCCCC)=O)CCCN1CCCC1,0.7261600633836639
CN(CCC(=O)OCCCCCCCC/C=C\CC(CCCCCC)OC(OCCCCCCCCCCCCCCCCCC)=O)CCCCCCN(CCC(=O)OCCCCCCCC/C=C\CC(CCCCCC)OC(OCCCCCCCCCCCCCCCCCC)=O)C,0.7861071554873315
CN(CCC(=O)OCCCCCCCC/C=C\CC(CCCCCC)OC(OCCC#CCCCCCC)=O)CCCCCCN(CCC(=O)OCCCCCCCC/C=C\CC(CCCCCC)OC(OCCC#CCCCCCC)=O)C,0.7501046234672957
CN(CCC(=O)OCCCCCCCC/C=C\CC(CCCCCC)OC(OCCCCCCCC/C=C\CCCCCCCC)=O)CCCCCCN(CCC(=O)OCCCCCCCC/C=C\CC(CCCCCC)OC(OCCCCCCCC/C=C\CCCCCCCC)=O)C,0.7898615056382379
CN(CCC(=O)OCCCCCCCC/C=C\CC(CCCCCC)OC(OCCCCCCCC/C=C\C/C=C\CCCCC)=O)CCCCCCN(CCC(=O)OCCCCCCCC/C=C\CC(CCCCCC)OC(OCCCCCCCC/C=C\C/C=C\CCCCC)=O)C,0.794434234167051
CN(CCC(=O)OCCCCCCCC/C=C\CC(CCCCCC)OC(OCC#CCC)=O)CCCCCCN(CCC(=O)OCCCCCCCC/C=C\CC(CCCCCC)OC(OCC#CCC)=O)C,0.682967072824184
CN(CCC(=O)OCCCCCCCC/C=C\CC(CCCCCC)OC(OCC#CCCC)=O)CCCCCCN(CCC(=O)OCCCCCCCC/C=C\CC(CCCCCC)OC(OCC#CCCC)=O)C,0.7026554239896435
CN(CCC(=O)OCCCCCCCC/C=C\CC(CCCCCC)OC(OCC#CCCCC)=O)CCCCCCN(CCC(=O)OCCCCCCCC/C=C\CC(CCCCCC)OC(OCC#CCCCC)=O)C,0.7244687916179877
CN(CCC(=O)OCCCCCCCC/C=C\CC(CCCCCC)OC(OCC#CCCCCC)=O)CCCCCCN(CCC(=O)OCCCCCCCC/C=C\CC(CCCCCC)OC(OCC#CCCCCC)=O)C,0.7361831052079041
CN(CCC(=O)OCCCCCCCC/C=C\CC(CCCCCC)OC(OCC#CCCCCCC)=O)CCCCCCN(CCC(=O)OCCCCCCCC/C=C\CC(CCCCCC)OC(OCC#CCCCCCC)=O)C,0.7518777865168507
CN(CCC(=O)OCCCCCCCC/C=C\CC(CCCCCC)OC(OCCC#CCCCC)=O)CCCCCCN(CCC(=O)OCCCCCCCC/C=C\CC(CCCCCC)OC(OCCC#CCCCC)=O)C,0.7313564483760702
N(CCC(=O)OCCCCCCCC/C=C\CC(CCCCCC)OC(OCCCCCCCCCCCCCCCCCC)=O)(CCC(=O)OCCCCCCCC/C=C\CC(CCCCCC)OC(OCCCCCCCCCCCCCCCCCC)=O)CCCN1CCOCC1,0.49767958075117563
N(CCC(=O)OCCCCCCCC/C=C\CC(CCCCCC)OC(OCCC#CCCCCCC)=O)(CCC(=O)OCCCCCCCC/C=C\CC(CCCCCC)OC(OCCC#CCCCCCC)=O)CCCN1CCOCC1,0.4239173281034371
N(CCC(=O)OCCCCCCCC/C=C\CC(CCCCCC)OC(OCCCCCCCC/C=C\CCCCCCCC)=O)(CCC(=O)OCCCCCCCC/C=C\CC(CCCCCC)OC(OCCCCCCCC/C=C\CCCCCCCC)=O)CCCN1CCOCC1,0.5013747838979172
N(CCC(=O)OCCCCCCCC/C=C\CC(CCCCCC)OC(OCCCCCCCC/C=C\C/C=C\CCCCC)=O)(CCC(=O)OCCCCCCCC/C=C\CC(CCCCCC)OC(OCCCCCCCC/C=C\C/C=C\CCCCC)=O)CCCN1CCOCC1,0.5050714122736749
N(CCC(=O)OCCCCCCCC/C=C\CC(CCCCCC)OC(OCC#CCC)=O)(CCC(=O)OCCCCCCCC/C=C\CC(CCCCCC)OC(OCC#CCC)=O)CCCN1CCOCC1,0.33200971285370684
N(CCC(=O)OCCCCCCCC/C=C\CC(CCCCCC)OC(OCC#CCCC)=O)(CCC(=O)OCCCCCCCC/C=C\CC(CCCCCC)OC(OCC#CCCC)=O)CCCN1CCOCC1,0.3553698696562283
N(CCC(=O)OCCCCCCCC/C=C\CC(CCCCCC)OC(OCC#CCCCC)=O)(CCC(=O)OCCCCCCCC/C=C\CC(CCCCCC)OC(OCC#CCCCC)=O)CCCN1CCOCC1,0.38082276742287596
N(CCC(=O)OCCCCCCCC/C=C\CC(CCCCCC)OC(OCC#CCCCCC)=O)(CCC(=O)OCCCCCCCC/C=C\CC(CCCCCC)OC(OCC#CCCCCC)=O)CCCN1CCOCC1,0.3980772134284997
N(CCC(=O)OCCCCCCCC/C=C\CC(CCCCCC)OC(OCC#CCCCCCC)=O)(CCC(=O)OCCCCCCCC/C=C\CC(CCCCCC)OC(OCC#CCCCCCC)=O)CCCN1CCOCC1,0.4180885274274434
N(CCC(=O)OCCCCCCCC/C=C\CC(CCCCCC)OC(OCCC#CCCCC)=O)(CCC(=O)OCCCCCCCC/C=C\CC(CCCCCC)OC(OCCC#CCCCC)=O)CCCN1CCOCC1,0.3938635535349099
N(CCC(=O)OCCCCCCCC/C=C\CC(CCCCCC)OC(OCCCCCCCCCCCCCCCCCC)=O)(CCC(=O)OCCCCCCCC/C=C\CC(CCCCCC)OC(OCCCCCCCCCCCCCCCCCC)=O)CCCN1C=NC=C1,0.6170292680898489
N(CCC(=O)OCCCCCCCC/C=C\CC(CCCCCC)OC(OCCC#CCCCCCC)=O)(CCC(=O)OCCCCCCCC/C=C\CC(CCCCCC)OC(OCCC#CCCCCCC)=O)CCCN1C=NC=C1,0.5549518149144866
N(CCC(=O)OCCCCCCCC/C=C\CC(CCCCCC)OC(OCCCCCCCC/C=C\CCCCCCCC)=O)(CCC(=O)OCCCCCCCC/C=C\CC(CCCCCC)OC(OCCCCCCCC/C=C\CCCCCCCC)=O)CCCN1C=NC=C1,0.6211877894358814
N(CCC(=O)OCCCCCCCC/C=C\CC(CCCCCC)OC(OCCCCCCCC/C=C\C/C=C\CCCCC)=O)(CCC(=O)OCCCCCCCC/C=C\CC(CCCCCC)OC(OCCCCCCCC/C=C\C/C=C\CCCCC)=O)CCCN1C=NC=C1,0.62502640625236
N(CCC(=O)OCCCCCCCC/C=C\CC(CCCCCC)OC(OCC#CCC)=O)(CCC(=O)OCCCCCCCC/C=C\CC(CCCCCC)OC(OCC#CCC)=O)CCCN1C=NC=C1,0.47231222641776033
N(CCC(=O)OCCCCCCCC/C=C\CC(CCCCCC)OC(OCC#CCCC)=O)(CCC(=O)OCCCCCCCC/C=C\CC(CCCCCC)OC(OCC#CCCC)=O)CCCN1C=NC=C1,0.4927130733221448
N(CCC(=O)OCCCCCCCC/C=C\CC(CCCCCC)OC(OCC#CCCCC)=O)(CCC(=O)OCCCCCCCC/C=C\CC(CCCCCC)OC(OCC#CCCCC)=O)CCCN1C=NC=C1,0.5161862389087282
N(CCC(=O)OCCCCCCCC/C=C\CC(CCCCCC)OC(OCC#CCCCCC)=O)(CCC(=O)OCCCCCCCC/C=C\CC(CCCCCC)OC(OCC#CCCCCC)=O)CCCN1C=NC=C1,0.531923083242732
N(CCC(=O)OCCCCCCCC/C=C\CC(CCCCCC)OC(OCC#CCCCCCC)=O)(CCC(=O)OCCCCCCCC/C=C\CC(CCCCCC)OC(OCC#CCCCCCC)=O)CCCN1C=NC=C1,0.5521313460763269
N(CCC(=O)OCCCCCCCC/C=C\CC(CCCCCC)OC(OCCC#CCCCC)=O)(CCC(=O)OCCCCCCCC/C=C\CC(CCCCCC)OC(OCCC#CCCCC)=O)CCCN1C=NC=C1,0.5269558038146508
C1(C2N(CCC(=O)OCCCCCCCC/C=C\CC(CCCCCC)OC(OCCCCCCCCCCCCCCCCCC)=O)CC2)=CC=CC=C1,0.5870651344879751
C1(C2N(CCC(=O)OCCCCCCCC/C=C\CC(CCCCCC)OC(OCCC#CCCCCCC)=O)CC2)=CC=CC=C1,0.5283128593760704
C1(C2N(CCC(=O)OCCCCCCCC/C=C\CC(CCCCCC)OC(OCCCCCCCC/C=C\CCCCCCCC)=O)CC2)=CC=CC=C1,0.5909926499643279
C1(C2N(CCC(=O)OCCCCCCCC/C=C\CC(CCCCCC)OC(OCCCCCCCC/C=C\C/C=C\CCCCC)=O)CC2)=CC=CC=C1,0.5943521522932547
C1(C2N(CCC(=O)OCCCCCCCC/C=C\CC(CCCCCC)OC(OCC#CCC)=O)CC2)=CC=CC=C1,0.4546188395674738
C1(C2N(CCC(=O)OCCCCCCCC/C=C\CC(CCCCCC)OC(OCC#CCCC)=O)CC2)=CC=CC=C1,0.4733913920133274
C1(C2N(CCC(=O)OCCCCCCCC/C=C\CC(CCCCCC)OC(OCC#CCCCC)=O)CC2)=CC=CC=C1,0.4947355920649608
C1(C2N(CCC(=O)OCCCCCCCC/C=C\CC(CCCCCC)OC(OCC#CCCCCC)=O)CC2)=CC=CC=C1,0.5087111502578765
C1(C2N(CCC(=O)OCCCCCCCC/C=C\CC(CCCCCC)OC(OCC#CCCCCCC)=O)CC2)=CC=CC=C1,0.5255071179044095
C1(C2N(CCC(=O)OCCCCCCCC/C=C\CC(CCCCCC)OC(OCCC#CCCCC)=O)CC2)=CC=CC=C1,0.5046455063360544
CCN(CC)CCN(CCC(=O)OCCCCCCCC/C=C\CC(CCCCCC)OC(OCCCCCCCCCCCCCCCCCC)=O)CCN(CC)CC,0.7353373505559814
CCN(CC)CCN(CCC(=O)OCCCCCCCC/C=C\CC(CCCCCC)OC(OCCC#CCCCCCC)=O)CCN(CC)CC,0.7030578136484996
CCN(CC)CCN(CCC(=O)OCCCCCCCC/C=C\CC(CCCCCC)OC(OCCCCCCCC/C=C\CCCCCCCC)=O)CCN(CC)CC,0.7387875924655947
CCN(CC)CCN(CCC(=O)OCCCCCCCC/C=C\CC(CCCCCC)OC(OCCCCCCCC/C=C\C/C=C\CCCCC)=O)CCN(CC)CC,0.7418275465722214
CCN(CC)CCN(CCC(=O)OCCCCCCCC/C=C\CC(CCCCCC)OC(OCC#CCC)=O)CCN(CC)CC,0.646206497121253
CCN(CC)CCN(CCC(=O)OCCCCCCCC/C=C\CC(CCCCCC)OC(OCC#CCCC)=O)CCN(CC)CC,0.6617838939590897
CCN(CC)CCN(CCC(=O)OCCCCCCCC/C=C\CC(CCCCCC)OC(OCC#CCCCC)=O)CCN(CC)CC,0.6795850043691702
CCN(CC)CCN(CCC(=O)OCCCCCCCC/C=C\CC(CCCCCC)OC(OCC#CCCCCC)=O)CCN(CC)CC,0.6899367990197722
CCN(CC)CCN(CCC(=O)OCCCCCCCC/C=C\CC(CCCCCC)OC(OCC#CCCCCCC)=O)CCN(CC)CC,0.7036167409609485
CCN(CC)CCN(CCC(=O)OCCCCCCCC/C=C\CC(CCCCCC)OC(OCCC#CCCCC)=O)CCN(CC)CC,0.6860372536628588
CN(CC1)CCN1CCCN(CCC(=O)OCCCCCCCC/C=C\CC(CCCCCC)OC(OCCCCCCCCCCCCCCCCCC)=O)(CCC(=O)OCCCCCCCC/C=C\CC(CCCCCC)OC(OCCCCCCCCCCCCCCCCCC)=O),0.770128319143316
CN(CC1)CCN1CCCN(CCC(=O)OCCCCCCCC/C=C\CC(CCCCCC)OC(OCCC#CCCCCCC)=O)(CCC(=O)OCCCCCCCC/C=C\CC(CCCCCC)OC(OCCC#CCCCCCC)=O),0.7347028267211411
CN(CC1)CCN1CCCN(CCC(=O)OCCCCCCCC/C=C\CC(CCCCCC)OC(OCCCCCCCC/C=C\CCCCCCCC)=O)(CCC(=O)OCCCCCCCC/C=C\CC(CCCCCC)OC(OCCCCCCCC/C=C\CCCCCCCC)=O),0.7736815932338791
CN(CC1)CCN1CCCN(CCC(=O)OCCCCCCCC/C=C\CC(CCCCCC)OC(OCCCCCCCC/C=C\C/C=C\CCCCC)=O)(CCC(=O)OCCCCCCCC/C=C\CC(CCCCCC)OC(OCCCCCCCC/C=C\C/C=C\CCCCC)=O),0.7794464070655077
CN(CC1)CCN1CCCN(CCC(=O)OCCCCCCCC/C=C\CC(CCCCCC)OC(OCC#CCC)=O)(CCC(=O)OCCCCCCCC/C=C\CC(CCCCCC)OC(OCC#CCC)=O),0.6666445187491387
CN(CC1)CCN1CCCN(CCC(=O)OCCCCCCCC/C=C\CC(CCCCCC)OC(OCC#CCCC)=O)(CCC(=O)OCCCCCCCC/C=C\CC(CCCCCC)OC(OCC#CCCC)=O),0.6859547091490144
CN(CC1)CCN1CCCN(CCC(=O)OCCCCCCCC/C=C\CC(CCCCCC)OC(OCC#CCCCC)=O)(CCC(=O)OCCCCCCCC/C=C\CC(CCCCCC)OC(OCC#CCCCC)=O),0.7080432053619927
CN(CC1)CCN1CCCN(CCC(=O)OCCCCCCCC/C=C\CC(CCCCCC)OC(OCC#CCCCCC)=O)(CCC(=O)OCCCCCCCC/C=C\CC(CCCCCC)OC(OCC#CCCCCC)=O),0.7201096099034081
CN(CC1)CCN1CCCN(CCC(=O)OCCCCCCCC/C=C\CC(CCCCCC)OC(OCC#CCCCCCC)=O)(CCC(=O)OCCCCCCCC/C=C\CC(CCCCCC)OC(OCC#CCCCCCC)=O),0.7361253834327554
CN(CC1)CCN1CCCN(CCC(=O)OCCCCCCCC/C=C\CC(CCCCCC)OC(OCCC#CCCCC)=O)(CCC(=O)OCCCCCCCC/C=C\CC(CCCCCC)OC(OCCC#CCCCC)=O),0.7153015404333248
N(CCC(=O)NCCCCCCCCCCCC)(CCC(=O)NCCCCCCCCCCCC)CCCN(CCC(=O)NCCCCCCCCCCCC)(CCC(=O)NCCCCCCCCCCCC),0.8204194846634529
N(CCC(=O)NCCCCCCCCCCCCCC)(CCC(=O)NCCCCCCCCCCCCCC)CCCN(CCC(=O)NCCCCCCCCCCCCCC)(CCC(=O)NCCCCCCCCCCCCCC),0.8191480616120791
N(CCC(=O)NCCCCCCCCCCCCCCC)(CCC(=O)NCCCCCCCCCCCCCCC)CCCN(CCC(=O)NCCCCCCCCCCCCCCC)(CCC(=O)NCCCCCCCCCCCCCCC),0.8186098595049048
N(CCC(=O)NCCCCCCCCCCCCCCCC)(CCC(=O)NCCCCCCCCCCCCCCCC)CCCN(CCC(=O)NCCCCCCCCCCCCCCCC)(CCC(=O)NCCCCCCCCCCCCCCCC),0.8181350800889434
N(CCC(=O)NCCCCCCCCCCCCCCCCCC)(CCC(=O)NCCCCCCCCCCCCCCCCCC)CCCN(CCC(=O)NCCCCCCCCCCCCCCCCCC)(CCC(=O)NCCCCCCCCCCCCCCCCCC),0.8172859405181077
CCCCCCCCCCOC(=O)CCN(CCCN(CCC(=O)OCCCCCCCCCC)CCC(=O)OCCCCCCCCCC)CCC(=O)OCCCCCCCCCC,0.8150156694646736
N(CCC(=O)OCCCCCCCCCCCC)(CCC(=O)OCCCCCCCCCCCC)CCCN(CCC(=O)OCCCCCCCCCCCC)(CCC(=O)OCCCCCCCCCCCC),0.8142537064019842
N(CCC(=O)OCCCCCCCCCCCCC)(CCC(=O)OCCCCCCCCCCCCC)CCCN(CCC(=O)OCCCCCCCCCCCCC)(CCC(=O)OCCCCCCCCCCCCC),0.8139675322924761
CCCCCCCCCCCCCCOC(=O)CCN(CCCN(CCC(=O)OCCCCCCCCCCCCCC)CCC(=O)OCCCCCCCCCCCCCC)CCC(=O)OCCCCCCCCCCCCCC,0.8136658588174187
N(CCC(=O)OCCCCCCCCCCCCCCC)(CCC(=O)OCCCCCCCCCCCCCCC)CCCN(CCC(=O)OCCCCCCCCCCCCCCC)(CCC(=O)OCCCCCCCCCCCCCCC),0.8134015976040317
N(CCC(=O)OCCCCCCCCCCCCCCCCCC)(CCC(=O)OCCCCCCCCCCCCCCCCCC)CCCN(CCC(=O)OCCCCCCCCCCCCCCCCCC)(CCC(=O)OCCCCCCCCCCCCCCCCCC),0.8127167156772922
OCCN(CCC(=O)NCCCCCCCCCCCC)CCN(CCC(=O)NCCCCCCCCCCCC)CCO,0.6880615539419449
OCCN(CCC(=O)NCCCCCCCCCCCCCC)CCN(CCC(=O)NCCCCCCCCCCCCCC)CCO,0.6974342756430839
OCCN(CCC(=O)NCCCCCCCCCCCCCCC)CCN(CCC(=O)NCCCCCCCCCCCCCCC)CCO,0.7016299717126177
OCCN(CCC(=O)NCCCCCCCCCCCCCCCC)CCN(CCC(=O)NCCCCCCCCCCCCCCCC)CCO,0.7055027346409384
OCCN(CCC(=O)NCCCCCCCCCCCCCCCCCC)CCN(CCC(=O)NCCCCCCCCCCCCCCCCCC)CCO,0.7124419965663091
CCCCCCCCCCOC(=O)CCN(CCO)CCN(CCO)CCC(=O)OCCCCCCCCCC,0.666149607973326
OCCN(CCC(=O)OCCCCCCCCCCCC)CCN(CCC(=O)OCCCCCCCCCCCC)CCO,0.677817661004764
CCCCCCCCCCCCCOC(=O)CCN(CCO)CCN(CCO)CCC(=O)OCCCCCCCCCCCCC,0.6829542457630399
OCCN(CCC(=O)OCCCCCCCCCCCCCC)CCN(CCC(=O)OCCCCCCCCCCCCCC)CCO,0.6877585740069561
OCCN(CCC(=O)OCCCCCCCCCCCCCCCCCC)CCN(CCC(=O)OCCCCCCCCCCCCCCCCCC)CCO,0.7040184180052966
N(CCC(=O)NCCCCCCCCCCCC)(CCC(=O)NCCCCCCCCCCCC)CCN(CCC(=O)NCCCCCCCCCCCC)CCO,0.7693336351978006
N(CCC(=O)NCCCCCCCCCCCCCC)(CCC(=O)NCCCCCCCCCCCCCC)CCN(CCC(=O)NCCCCCCCCCCCCCC)CCO,0.7730636970708924
N(CCC(=O)NCCCCCCCCCCCCCCC)(CCC(=O)NCCCCCCCCCCCCCCC)CCN(CCC(=O)NCCCCCCCCCCCCCCC)CCO,0.7743639810098406
N(CCC(=O)NCCCCCCCCCCCCCCCC)(CCC(=O)NCCCCCCCCCCCCCCCC)CCN(CCC(=O)NCCCCCCCCCCCCCCCC)CCO,0.7755782761314891
N(CCC(=O)NCCCCCCCCCCCCCCCCCC)(CCC(=O)NCCCCCCCCCCCCCCCCCC)CCN(CCC(=O)NCCCCCCCCCCCCCCCCCC)CCO,0.7777850651091679
CCCCCCCCCCOC(=O)CCN(CCO)CCN(CCC(=O)OCCCCCCCCCC)CCC(=O)OCCCCCCCCCC,0.7532435716059934
N(CCC(=O)OCCCCCCCCCCCC)(CCC(=O)OCCCCCCCCCCCC)CCN(CCC(=O)OCCCCCCCCCCCC)CCO,0.7586203668380108
CCCCCCCCCCCCCOC(=O)CCN(CCO)CCN(CCC(=O)OCCCCCCCCCCCCC)CCC(=O)OCCCCCCCCCCCCC,0.7617462503773951
CCCCCCCCCCCCCCOC(=O)CCN(CCO)CCN(CCC(=O)OCCCCCCCCCCCCCC)CCC(=O)OCCCCCCCCCCCCCC,0.7645929671832665
N(CCC(=O)OCCCCCCCCCCCCCCC)(CCC(=O)OCCCCCCCCCCCCCCC)CCN(CCC(=O)OCCCCCCCCCCCCCCC)CCO,0.7671984045936344
N(CCC(=O)OCCCCCCCCCCCCCCCCCC)(CCC(=O)OCCCCCCCCCCCCCCCCCC)CCN(CCC(=O)OCCCCCCCCCCCCCCCCCC)CCO,0.7722115288883975
COCCN(CCC(=O)NCCCCCCCCCCCC)(CCC(=O)NCCCCCCCCCCCC),0.5745041754780009
COCCN(CCC(=O)NCCCCCCCCCCCCCC)(CCC(=O)NCCCCCCCCCCCCCC),0.5954054559206352
COCCN(CCC(=O)NCCCCCCCCCCCCCCC)(CCC(=O)NCCCCCCCCCCCCCCC),0.6042951437544284
COCCN(CCC(=O)NCCCCCCCCCCCCCCCC)(CCC(=O)NCCCCCCCCCCCCCCCC),0.6123021991355093
COCCN(CCC(=O)NCCCCCCCCCCCCCCCCCC)(CCC(=O)NCCCCCCCCCCCCCCCCCC),0.6264148168521321
COCCN(CCC(=O)OCCCCCCCCCC)(CCC(=O)OCCCCCCCCCC),0.5334924979275385
CCCCCCCCCCCCOC(=O)CCN(CCOC)CCC(=O)OCCCCCCCCCCCC,0.5604808721130486
CCCCCCCCCCCCCOC(=O)CCN(CCOC)CCC(=O)OCCCCCCCCCCCCC,0.5721208956405051
COCCN(CCC(=O)OCCCCCCCCCCCCCC)(CCC(=O)OCCCCCCCCCCCCCC),0.5826821989564619
COCCN(CCC(=O)OCCCCCCCCCCCCCCC)(CCC(=O)OCCCCCCCCCCCCCCC),0.592304632658116
COCCN(CCC(=O)OCCCCCCCCCCCCCCCCCC)(CCC(=O)OCCCCCCCCCCCCCCCCCC),0.6161083326073311
CCOCCN(CCC(=O)NCCCCCCCCCCCC)(CCC(=O)NCCCCCCCCCCCC),0.6316306799744239
CCOCCN(CCC(=O)NCCCCCCCCCCCCCC)(CCC(=O)NCCCCCCCCCCCCCC),0.6464913647708298
CCOCCN(CCC(=O)NCCCCCCCCCCCCCCC)(CCC(=O)NCCCCCCCCCCCCCCC),0.6530727160595529
CCOCCN(CCC(=O)NCCCCCCCCCCCCCCCC)(CCC(=O)NCCCCCCCCCCCCCCCC),0.6591219224644196
CCOCCN(CCC(=O)NCCCCCCCCCCCCCCCCCC)(CCC(=O)NCCCCCCCCCCCCCCCCCC),0.6698240859147929
CCOCCN(CCC(=O)OCCCCCCCCCC)(CCC(=O)OCCCCCCCCCC),0.6008862334862797
CCCCCCCCCCCCOC(=O)CCN(CCOCC)CCC(=O)OCCCCCCCCCCCC,0.6203486858527001
CCCCCCCCCCCCCOC(=O)CCN(CCOCC)CCC(=O)OCCCCCCCCCCCCC,0.6286891260544448
CCCCCCCCCCCCCCOC(=O)CCN(CCOCC)CCC(=O)OCCCCCCCCCCCCCC,0.6362528758270014
CCOCCN(CCC(=O)OCCCCCCCCCCCCCCC)(CCC(=O)OCCCCCCCCCCCCCCC),0.6431595950231731
CCOCCN(CCC(=O)OCCCCCCCCCCCCCCCCCC)(CCC(=O)OCCCCCCCCCCCCCCCCCC),0.6610128450614232
COC(OC)CN(CCC(=O)NCCCCCCCCCCCC)(CCC(=O)NCCCCCCCCCCCC),0.2839669351831538
COC(OC)CN(CCC(=O)NCCCCCCCCCCCCCC)(CCC(=O)NCCCCCCCCCCCCCC),0.3232360327233634
COC(OC)CN(CCC(=O)NCCCCCCCCCCCCCCC)(CCC(=O)NCCCCCCCCCCCCCCC),0.34120790338492585
COC(OC)CN(CCC(=O)NCCCCCCCCCCCCCCCC)(CCC(=O)NCCCCCCCCCCCCCCCC),0.357973139530801
COC(OC)CN(CCC(=O)NCCCCCCCCCCCCCCCCCC)(CCC(=O)NCCCCCCCCCCCCCCCCCC),0.38787788859034067
CCCCCCCCCCOC(=O)CCN(CCC(=O)OCCCCCCCCCC)CC(OC)OC,0.22666918051277476
COC(OC)CN(CCC(=O)OCCCCCCCCCCCC)(CCC(=O)OCCCCCCCCCCCC),0.2725193472651312
COC(OC)CN(CCC(=O)OCCCCCCCCCCCCC)(CCC(=O)OCCCCCCCCCCCCC),0.29280077185488174
CCCCCCCCCCCCCCOC(=O)CCN(CCC(=O)OCCCCCCCCCCCCCC)CC(OC)OC,0.31209730381002065
COC(OC)CN(CCC(=O)OCCCCCCCCCCCCCCC)(CCC(=O)OCCCCCCCCCCCCCCC),0.33023880641676057
COC(OC)CN(CCC(=O)OCCCCCCCCCCCCCCCCCC)(CCC(=O)OCCCCCCCCCCCCCCCCCC),0.37828820546378383
O1CCCC1CN(CCC(=O)NCCCCCCCCCCCC)(CCC(=O)NCCCCCCCCCCCC),0.23732143125531627
O1CCCC1CN(CCC(=O)NCCCCCCCCCCCCCC)(CCC(=O)NCCCCCCCCCCCCCC),0.2772100728795623
O1CCCC1CN(CCC(=O)NCCCCCCCCCCCCCCC)(CCC(=O)NCCCCCCCCCCCCCCC),0.2957970783228929
O1CCCC1CN(CCC(=O)NCCCCCCCCCCCCCCCC)(CCC(=O)NCCCCCCCCCCCCCCCC),0.31302388082406013
O1CCCC1CN(CCC(=O)NCCCCCCCCCCCCCCCCCC)(CCC(=O)NCCCCCCCCCCCCCCCCCC),0.34511160565980264
CCCCCCCCCCOC(=O)CCN(CCC(=O)OCCCCCCCCCC)CC1CCCO1,0.18448822132375314
CCCCCCCCCCCCOC(=O)CCN(CCC(=O)OCCCCCCCCCCCC)CC1CCCO1,0.22707436124512057
CCCCCCCCCCCCCOC(=O)CCN(CCC(=O)OCCCCCCCCCCCCC)CC1CCCO1,0.24676381102461326
O1CCCC1CN(CCC(=O)OCCCCCCCCCCCCCC)(CCC(=O)OCCCCCCCCCCCCCC),0.26648929237516716
O1CCCC1CN(CCC(=O)OCCCCCCCCCCCCCCC)(CCC(=O)OCCCCCCCCCCCCCCC),0.2854042192612669
O1CCCC1CN(CCC(=O)OCCCCCCCCCCCCCCCCCC)(CCC(=O)OCCCCCCCCCCCCCCCCCC),0.3350597920248016
c1c(OC)c(OC)ccc1CCN(CCC(=O)NCCCCCCCCCCCC)(CCC(=O)NCCCCCCCCCCCC),0.38078787900425465
c1c(OC)c(OC)ccc1CCN(CCC(=O)NCCCCCCCCCCCCCC)(CCC(=O)NCCCCCCCCCCCCCC),0.4092070643527635
c1c(OC)c(OC)ccc1CCN(CCC(=O)NCCCCCCCCCCCCCCC)(CCC(=O)NCCCCCCCCCCCCCCC),0.42177740612042647
c1c(OC)c(OC)ccc1CCN(CCC(=O)NCCCCCCCCCCCCCCCC)(CCC(=O)NCCCCCCCCCCCCCCCC),0.4332047736017843
c1c(OC)c(OC)ccc1CCN(CCC(=O)NCCCCCCCCCCCCCCCCCC)(CCC(=O)NCCCCCCCCCCCCCCCCCC),0.4538223443934172
c1c(OC)c(OC)ccc1CCN(CCC(=O)OCCCCCCCCCC)(CCC(=O)OCCCCCCCCCC),0.3385983684411369
CCCCCCCCCCCCOC(=O)CCN(CCC(=O)OCCCCCCCCCCCC)CCc1ccc(OC)c(OC)c1,0.373394741021824
CCCCCCCCCCCCCOC(=O)CCN(CCC(=O)OCCCCCCCCCCCCC)CCc1ccc(OC)c(OC)c1,0.3886056164643743
CCCCCCCCCCCCCCOC(=O)CCN(CCC(=O)OCCCCCCCCCCCCCC)CCc1ccc(OC)c(OC)c1,0.4025192959641778
c1c(OC)c(OC)ccc1CCN(CCC(=O)OCCCCCCCCCCCCCCC)(CCC(=O)OCCCCCCCCCCCCCCC),0.41511529185412904
c1c(OC)c(OC)ccc1CCN(CCC(=O)OCCCCCCCCCCCCCCCCCC)(CCC(=O)OCCCCCCCCCCCCCCCCCC),0.4477951696537564
COCCCN(CCC(=O)NCCCCCCCCCCCC)(CCC(=O)NCCCCCCCCCCCC),0.6773535114218804
COCCCN(CCC(=O)NCCCCCCCCCCCCCC)(CCC(=O)NCCCCCCCCCCCCCC),0.688344164978913
COCCCN(CCC(=O)NCCCCCCCCCCCCCCC)(CCC(=O)NCCCCCCCCCCCCCCC),0.6931228984850833
COCCCN(CCC(=O)NCCCCCCCCCCCCCCCC)(CCC(=O)NCCCCCCCCCCCCCCCC),0.697515157389743
COCCCN(CCC(=O)NCCCCCCCCCCCCCCCCCC)(CCC(=O)NCCCCCCCCCCCCCCCCCC),0.7055454321268766
COCCCN(CCC(=O)OCCCCCCCCCC)(CCC(=O)OCCCCCCCCCC),0.6541352242909952
CCCCCCCCCCCCOC(=O)CCN(CCCOC)CCC(=O)OCCCCCCCCCCCC,0.6682127457430985
COCCCN(CCC(=O)OCCCCCCCCCCCCC)(CCC(=O)OCCCCCCCCCCCCC),0.6744051282795329
COCCCN(CCC(=O)OCCCCCCCCCCCCCC)(CCC(=O)OCCCCCCCCCCCCCC),0.680034426585555
COCCCN(CCC(=O)OCCCCCCCCCCCCCCC)(CCC(=O)OCCCCCCCCCCCCCCC),0.6851743368782015
COCCCN(CCC(=O)OCCCCCCCCCCCCCCCCCC)(CCC(=O)OCCCCCCCCCCCCCCCCCC),0.6983049124182447
OCCCN(CCC(=O)NCCCCCCCCCCCC)(CCC(=O)NCCCCCCCCCCCC),0.7495493186119292
OCCCN(CCC(=O)NCCCCCCCCCCCCCC)(CCC(=O)NCCCCCCCCCCCCCC),0.7563430884085813
OCCCN(CCC(=O)NCCCCCCCCCCCCCCC)(CCC(=O)NCCCCCCCCCCCCCCC),0.759278347567073
OCCCN(CCC(=O)NCCCCCCCCCCCCCCCC)(CCC(=O)NCCCCCCCCCCCCCCCC),0.7617463097619374
OCCCN(CCC(=O)NCCCCCCCCCCCCCCCCCC)(CCC(=O)NCCCCCCCCCCCCCCCCCC),0.764898025577237
OCCCN(CCC(=O)OCCCCCCCCCC)(CCC(=O)OCCCCCCCCCC),0.7318393634743314
CCCCCCCCCCCCOC(=O)CCN(CCCO)CCC(=O)OCCCCCCCCCCCC,0.7388450173180318
CCCCCCCCCCCCCOC(=O)CCN(CCCO)CCC(=O)OCCCCCCCCCCCCC,0.741924877837107
OCCCN(CCC(=O)OCCCCCCCCCCCCCC)(CCC(=O)OCCCCCCCCCCCCCC),0.744760846040816
OCCCN(CCC(=O)OCCCCCCCCCCCCCCCCCC)(CCC(=O)OCCCCCCCCCCCCCCCCCC),0.7563971283421054
CC(O)CN(CCC(=O)NCCCCCCCCCCCC)(CCC(=O)NCCCCCCCCCCCC),0.6568096665395553
CC(O)CN(CCC(=O)NCCCCCCCCCCCCCCC)(CCC(=O)NCCCCCCCCCCCCCCC),0.675668593802234
CC(O)CN(CCC(=O)NCCCCCCCCCCCCCCCC)(CCC(=O)NCCCCCCCCCCCCCCCC),0.6808849320008645
CC(O)CN(CCC(=O)NCCCCCCCCCCCCCCCCCC)(CCC(=O)NCCCCCCCCCCCCCCCCCC),0.6902148968315229
CC(O)CN(CCC(=O)OCCCCCCCCCC)(CCC(=O)OCCCCCCCCCC),0.6263348852581504
CC(O)CN(CCC(=O)OCCCCCCCCCCCC)(CCC(=O)OCCCCCCCCCCCC),0.6435615096056906
CC(O)CN(CCC(=O)OCCCCCCCCCCCCC)(CCC(=O)OCCCCCCCCCCCCC),0.6509646835757756
CC(O)CN(CCC(=O)OCCCCCCCCCCCCCC)(CCC(=O)OCCCCCCCCCCCCCC),0.6578150468412722
CC(O)CN(CCC(=O)OCCCCCCCCCCCCCCCCCC)(CCC(=O)OCCCCCCCCCCCCCCCCCC),0.6798444554346281
CC(O)CN(CCC(=O)NCCCCCCCCCCCCCC)(CCC(=O)NCCCCCCCCCCCCCC),0.669966965123649
CC(O)CN(CCC(=O)OCCCCCCCCCCCCCCC)(CCC(=O)OCCCCCCCCCCCCCCC),0.6640568373169287
OCC(O)CN(CCC(=O)NCCCCCCCCCCCC)(CCC(=O)NCCCCCCCCCCCC),0.6912904696622788
OCC(O)CN(CCC(=O)NCCCCCCCCCCCCCC)(CCC(=O)NCCCCCCCCCCCCCC),0.7012366085041963
OCC(O)CN(CCC(=O)NCCCCCCCCCCCCCCC)(CCC(=O)NCCCCCCCCCCCCCCC),0.7056318960205151
OCC(O)CN(CCC(=O)NCCCCCCCCCCCCCCCC)(CCC(=O)NCCCCCCCCCCCCCCCC),0.7096782993506208
OCC(O)CN(CCC(=O)NCCCCCCCCCCCCCCCCCC)(CCC(=O)NCCCCCCCCCCCCCCCCCC),0.7170714967175937
OCC(O)CN(CCC(=O)OCCCCCCCCCC)(CCC(=O)OCCCCCCCCCC),0.6658994208964722
OCC(O)CN(CCC(=O)OCCCCCCCCCCCC)(CCC(=O)OCCCCCCCCCCCC),0.67882606991814
OCC(O)CN(CCC(=O)OCCCCCCCCCCCCC)(CCC(=O)OCCCCCCCCCCCCC),0.6845130899993109
OCC(O)CN(CCC(=O)OCCCCCCCCCCCCCC)(CCC(=O)OCCCCCCCCCCCCCC),0.6896831082549207
OCC(O)CN(CCC(=O)OCCCCCCCCCCCCCCCCCC)(CCC(=O)OCCCCCCCCCCCCCCCCCC),0.7069184027456418
OCC(CO)N(CCC(=O)NCCCCCCCCCCCCCC)(CCC(=O)NCCCCCCCCCCCCCC),0.5863683162682264
OCC(CO)N(CCC(=O)NCCCCCCCCCCCCCCC)(CCC(=O)NCCCCCCCCCCCCCCC),0.5956214968856468
OCC(CO)N(CCC(=O)NCCCCCCCCCCCCCCCC)(CCC(=O)NCCCCCCCCCCCCCCCC),0.6039671629271169
OCC(CO)N(CCC(=O)NCCCCCCCCCCCCCCCCCC)(CCC(=O)NCCCCCCCCCCCCCCCCCC),0.618449508804312
OCC(CO)N(CCC(=O)OCCCCCCCCCC)(CCC(=O)OCCCCCCCCCC),0.5242463840706558
OCC(CO)N(CCC(=O)OCCCCCCCCCCCC)(CCC(=O)OCCCCCCCCCCCC),0.5513078606277794
OCC(CO)N(CCC(=O)OCCCCCCCCCCCCC)(CCC(=O)OCCCCCCCCCCCCC),0.5631046593469978
OCC(CO)N(CCC(=O)OCCCCCCCCCCCCCC)(CCC(=O)OCCCCCCCCCCCCCC),0.5738358618385726
OCC(CO)N(CCC(=O)OCCCCCCCCCCCCCCCCCC)(CCC(=O)OCCCCCCCCCCCCCCCCCC),0.6082557364208613
CC(CO)(CO)N(CCC(=O)NCCCCCCCCCCCC)(CCC(=O)NCCCCCCCCCCCC),0.455371004180678
CC(CO)(CO)N(CCC(=O)NCCCCCCCCCCCCCC)(CCC(=O)NCCCCCCCCCCCCCC),0.482097908226291
CC(CO)(CO)N(CCC(=O)NCCCCCCCCCCCCCCC)(CCC(=O)NCCCCCCCCCCCCCCC),0.4936767656751432
CC(CO)(CO)N(CCC(=O)NCCCCCCCCCCCCCCCC)(CCC(=O)NCCCCCCCCCCCCCCCC),0.5043044015248872
CC(CO)(CO)N(CCC(=O)NCCCCCCCCCCCCCCCCCC)(CCC(=O)NCCCCCCCCCCCCCCCCCC),0.5237836003322459
CCCCCCCCCCOC(=O)CCN(CCC(=O)OCCCCCCCCCC)C(C)(CO)CO,0.4080139695127284
CC(CO)(CO)N(CCC(=O)OCCCCCCCCCCCC)(CCC(=O)OCCCCCCCCCCCC),0.44274852278484567
CC(CO)(CO)N(CCC(=O)OCCCCCCCCCCCCC)(CCC(=O)OCCCCCCCCCCCCC),0.45725569140073646
CC(CO)(CO)N(CCC(=O)OCCCCCCCCCCCCCC)(CCC(=O)OCCCCCCCCCCCCCC),0.47058182023868594
CC(CO)(CO)N(CCC(=O)OCCCCCCCCCCCCCCC)(CCC(=O)OCCCCCCCCCCCCCCC),0.4826608143030763
CC(CO)(CO)N(CCC(=O)OCCCCCCCCCCCCCCCCCC)(CCC(=O)OCCCCCCCCCCCCCCCCCC),0.5138460722489668
OCCCCN(CCC(=O)NCCCCCCCCCCCC)(CCC(=O)NCCCCCCCCCCCC),0.7725528118531918
OCCCCN(CCC(=O)NCCCCCCCCCCCCCC)(CCC(=O)NCCCCCCCCCCCCCC),0.7755886684263975
OCCCCN(CCC(=O)NCCCCCCCCCCCCCCC)(CCC(=O)NCCCCCCCCCCCCCCC),0.7767374030133091
OCCCCN(CCC(=O)NCCCCCCCCCCCCCCCC)(CCC(=O)NCCCCCCCCCCCCCCCC),0.7777855401855066
OCCCCN(CCC(=O)NCCCCCCCCCCCCCCCCCC)(CCC(=O)NCCCCCCCCCCCCCCCCCC),0.7798479059562288
CCCCCCCCCCOC(=O)CCN(CCCCO)CCC(=O)OCCCCCCCCCC,0.7591950310541782
CCCCCCCCCCCCOC(=O)CCN(CCCCO)CCC(=O)OCCCCCCCCCCCC,0.7644005612661039
CCCCCCCCCCCCCOC(=O)CCN(CCCCO)CCC(=O)OCCCCCCCCCCCCC,0.7671805298463918
CCCCCCCCCCCCCCOC(=O)CCN(CCCCO)CCC(=O)OCCCCCCCCCCCCCC,0.7697076984299633
OCCCCN(CCC(=O)OCCCCCCCCCCCCCCC)(CCC(=O)OCCCCCCCCCCCCCCC),0.7720151442068985
OCCCCN(CCC(=O)OCCCCCCCCCCCCCCCCCC)(CCC(=O)OCCCCCCCCCCCCCCCCCC),0.7758143296872673
OCCOCCN(CCC(=O)NCCCCCCCCCCCC)(CCC(=O)NCCCCCCCCCCCC),0.6283866805803371
OCCOCCN(CCC(=O)NCCCCCCCCCCCCCC)(CCC(=O)NCCCCCCCCCCCCCC),0.6432054398898551
OCCOCCN(CCC(=O)NCCCCCCCCCCCCCCC)(CCC(=O)NCCCCCCCCCCCCCCC),0.649703415281141
OCCOCCN(CCC(=O)NCCCCCCCCCCCCCCCC)(CCC(=O)NCCCCCCCCCCCCCCCC),0.6557665770534562
OCCOCCN(CCC(=O)NCCCCCCCCCCCCCCCCCC)(CCC(=O)NCCCCCCCCCCCCCCCCCC),0.6665202269020333
CCCCCCCCCCOC(=O)CCN(CCOCCO)CCC(=O)OCCCCCCCCCC,0.5982176109228682
CCCCCCCCCCCCOC(=O)CCN(CCOCCO)CCC(=O)OCCCCCCCCCCCC,0.6174234032973205
OCCOCCN(CCC(=O)OCCCCCCCCCCCCC)(CCC(=O)OCCCCCCCCCCCCC),0.6256641962370286
CCCCCCCCCCCCCCOC(=O)CCN(CCOCCO)CCC(=O)OCCCCCCCCCCCCCC,0.6331945125122511
OCCOCCN(CCC(=O)OCCCCCCCCCCCCCCC)(CCC(=O)OCCCCCCCCCCCCCCC),0.6400840695756882
OCCOCCN(CCC(=O)OCCCCCCCCCCCCCCCCCC)(CCC(=O)OCCCCCCCCCCCCCCCCCC),0.6578749658444875
OCCCCCN(CCC(=O)NCCCCCCCCCCCC)(CCC(=O)NCCCCCCCCCCCC),0.7987004196883354
OCCCCCN(CCC(=O)NCCCCCCCCCCCCCC)(CCC(=O)NCCCCCCCCCCCCCC),0.7995430863440567
OCCCCCN(CCC(=O)NCCCCCCCCCCCCCCC)(CCC(=O)NCCCCCCCCCCCCCCC),0.7998745114748236
OCCCCCN(CCC(=O)NCCCCCCCCCCCCCCCC)(CCC(=O)NCCCCCCCCCCCCCCCC),0.8001790947924553
OCCCCCN(CCC(=O)NCCCCCCCCCCCCCCCCCC)(CCC(=O)NCCCCCCCCCCCCCCCCCC),0.8007191972049843
OCCCCCN(CCC(=O)OCCCCCCCCCC)(CCC(=O)OCCCCCCCCCC),0.7915369811156532
CCCCCCCCCCCCOC(=O)CCN(CCCCCO)CCC(=O)OCCCCCCCCCCCC,0.7932651900666612
OCCCCCN(CCC(=O)OCCCCCCCCCCCCC)(CCC(=O)OCCCCCCCCCCCCC),0.793943361540117
OCCCCCN(CCC(=O)OCCCCCCCCCCCCCC)(CCC(=O)OCCCCCCCCCCCCCC),0.7945614358567307
OCCCCCN(CCC(=O)OCCCCCCCCCCCCCCC)(CCC(=O)OCCCCCCCCCCCCCCC),0.7951242231644313
OCCCCCN(CCC(=O)OCCCCCCCCCCCCCCCCCC)(CCC(=O)OCCCCCCCCCCCCCCCCCC),0.7965020039311256
OCC(C)(C)CN(CCC(=O)NCCCCCCCCCCCC)(CCC(=O)NCCCCCCCCCCCC),0.6105077170352564
OCC(C)(C)CN(CCC(=O)NCCCCCCCCCCCCCC)(CCC(=O)NCCCCCCCCCCCCCC),0.6269810484632881
OCC(C)(C)CN(CCC(=O)NCCCCCCCCCCCCCCC)(CCC(=O)NCCCCCCCCCCCCCCC),0.6341643214731099
OCC(C)(C)CN(CCC(=O)NCCCCCCCCCCCCCCCC)(CCC(=O)NCCCCCCCCCCCCCCCC),0.640760815820128
OCC(C)(C)CN(CCC(=O)NCCCCCCCCCCCCCCCCCC)(CCC(=O)NCCCCCCCCCCCCCCCCCC),0.6526255504557767
CCCCCCCCCCOC(=O)CCN(CCC(=O)OCCCCCCCCCC)CC(C)(C)CO,0.5754964911804044
CCCCCCCCCCCCOC(=O)CCN(CCC(=O)OCCCCCCCCCCCC)CC(C)(C)CO,0.5973940067052361
OCC(C)(C)CN(CCC(=O)OCCCCCCCCCCCCC)(CCC(=O)OCCCCCCCCCCCCC),0.6069353805066041
OCC(C)(C)CN(CCC(=O)OCCCCCCCCCCCCCC)(CCC(=O)OCCCCCCCCCCCCCC),0.6153840193444816
OCC(C)(C)CN(CCC(=O)OCCCCCCCCCCCCCCC)(CCC(=O)OCCCCCCCCCCCCCCC),0.6230637471282168
OCC(CO)(CC)N(CCC(=O)NCCCCCCCCCCCC)(CCC(=O)NCCCCCCCCCCCC),0.4559642260663248
OCC(CO)(CC)N(CCC(=O)NCCCCCCCCCCCCCC)(CCC(=O)NCCCCCCCCCCCCCC),0.48201572001970056
OCC(CO)(CC)N(CCC(=O)NCCCCCCCCCCCCCCC)(CCC(=O)NCCCCCCCCCCCCCCC),0.4933472111574599
OCC(CO)(CC)N(CCC(=O)NCCCCCCCCCCCCCCCC)(CCC(=O)NCCCCCCCCCCCCCCCC),0.5037619831152073
OCC(CO)(CC)N(CCC(=O)NCCCCCCCCCCCCCCCCCC)(CCC(=O)NCCCCCCCCCCCCCCCCCC),0.5227848710992704
OCC(CO)(CC)N(CCC(=O)OCCCCCCCCCC)(CCC(=O)OCCCCCCCCCC),0.4102091191201097
OCC(CO)(CC)N(CCC(=O)OCCCCCCCCCCCC)(CCC(=O)OCCCCCCCCCCCC),0.4436467139876495
OCC(CO)(CC)N(CCC(=O)OCCCCCCCCCCCCC)(CCC(=O)OCCCCCCCCCCCCC),0.4577193659072814
OCC(CO)(CC)N(CCC(=O)OCCCCCCCCCCCCCC)(CCC(=O)OCCCCCCCCCCCCCC),0.47072743113648924
OCC(CO)(CC)N(CCC(=O)OCCCCCCCCCCCCCCC)(CCC(=O)OCCCCCCCCCCCCCCC),0.4825584650443634
OCC(CO)(CC)N(CCC(=O)OCCCCCCCCCCCCCCCCCC)(CCC(=O)OCCCCCCCCCCCCCCCCCC),0.5130254966429938
OCCCCCCN(CCC(=O)NCCCCCCCCCCCC)(CCC(=O)NCCCCCCCCCCCC),0.7941526326673025
OCCCCCCN(CCC(=O)NCCCCCCCCCCCCCC)(CCC(=O)NCCCCCCCCCCCCCC),0.7953378293632072
OCCCCCCN(CCC(=O)NCCCCCCCCCCCCCCC)(CCC(=O)NCCCCCCCCCCCCCCC),0.7958376690560336
OCCCCCCN(CCC(=O)NCCCCCCCCCCCCCCCC)(CCC(=O)NCCCCCCCCCCCCCCCC),0.7962975429518692
OCCCCCCN(CCC(=O)NCCCCCCCCCCCCCCCCCC)(CCC(=O)NCCCCCCCCCCCCCCCCCC),0.7971150899461832
CCCCCCCCCCOC(=O)CCN(CCCCCCO)CCC(=O)OCCCCCCCCCC,0.7863332324399974
OCCCCCCN(CCC(=O)OCCCCCCCCCCCC)(CCC(=O)OCCCCCCCCCCCC),0.7888479896542211
OCCCCCCN(CCC(=O)OCCCCCCCCCCCCC)(CCC(=O)OCCCCCCCCCCCCC),0.7897117378224712
CCCCCCCCCCCCCCOC(=O)CCN(CCCCCCO)CCC(=O)OCCCCCCCCCCCCCC,0.7905001863910415
OCCCCCCN(CCC(=O)OCCCCCCCCCCCCCCCCCC)(CCC(=O)OCCCCCCCCCCCCCCCCCC),0.7929763436527479
C1CC(O)CCC1N(CCC(=O)NCCCCCCCCCCCC)(CCC(=O)NCCCCCCCCCCCC),0.4857462272768598
C1CC(O)CCC1N(CCC(=O)NCCCCCCCCCCCCCC)(CCC(=O)NCCCCCCCCCCCCCC),0.5090147240382885
C1CC(O)CCC1N(CCC(=O)NCCCCCCCCCCCCCCC)(CCC(=O)NCCCCCCCCCCCCCCC),0.5195091603595771
C1CC(O)CCC1N(CCC(=O)NCCCCCCCCCCCCCCCC)(CCC(=O)NCCCCCCCCCCCCCCCC),0.5295962781049958
C1CC(O)CCC1N(CCC(=O)NCCCCCCCCCCCCCCCCCC)(CCC(=O)NCCCCCCCCCCCCCCCCCC),0.5484034814313014
C1CC(O)CCC1N(CCC(=O)OCCCCCCCCCC)(CCC(=O)OCCCCCCCCCC),0.44471949574491565
C1CC(O)CCC1N(CCC(=O)OCCCCCCCCCCCC)(CCC(=O)OCCCCCCCCCCCC),0.4739705397624411
C1CC(O)CCC1N(CCC(=O)OCCCCCCCCCCCCC)(CCC(=O)OCCCCCCCCCCCCC),0.48665745338670596
C1CC(O)CCC1N(CCC(=O)OCCCCCCCCCCCCCC)(CCC(=O)OCCCCCCCCCCCCCC),0.49816772168916224
C1CC(O)CCC1N(CCC(=O)OCCCCCCCCCCCCCCCCCC)(CCC(=O)OCCCCCCCCCCCCCCCCCC),0.5385780713639492
CN(CCC(=O)NCCCCCCCCCCCC)CCN(CCC(=O)NCCCCCCCCCCCC)C,0.7868550444134875
CN(CCC(=O)NCCCCCCCCCCCCCC)CCN(CCC(=O)NCCCCCCCCCCCCCC)C,0.7887741746680998
CN(CCC(=O)NCCCCCCCCCCCCCCC)CCN(CCC(=O)NCCCCCCCCCCCCCCC)C,0.7896106653314184
CN(CCC(=O)NCCCCCCCCCCCCCCCC)CCN(CCC(=O)NCCCCCCCCCCCCCCCC)C,0.7903489339617165
CN(CCC(=O)NCCCCCCCCCCCCCCCCCC)CCN(CCC(=O)NCCCCCCCCCCCCCCCCCC)C,0.7916555126621521
CN(CCC(=O)OCCCCCCCCCC)CCN(CCC(=O)OCCCCCCCCCC)C,0.7710757401317149
CN(CCC(=O)OCCCCCCCCCCCC)CCN(CCC(=O)OCCCCCCCCCCCC)C,0.7760086952943269
CCCCCCCCCCCCCOC(=O)CCN(C)CCN(C)CCC(=O)OCCCCCCCCCCCCC,0.7784840211724406
CCCCCCCCCCCCCCOC(=O)CCN(C)CCN(C)CCC(=O)OCCCCCCCCCCCCCC,0.7804905654733688
CN(CCC(=O)OCCCCCCCCCCCCCCC)CCN(CCC(=O)OCCCCCCCCCCCCCCC)C,0.7816560465012186
CN(CCC(=O)OCCCCCCCCCCCCCCCCCC)CCN(CCC(=O)OCCCCCCCCCCCCCCCCCC)C,0.7846329936084289
CCN(CCC(=O)NCCCCCCCCCCCC)CCN(CCC(=O)NCCCCCCCCCCCC)CC,0.7573687782237766
CCN(CCC(=O)NCCCCCCCCCCCCCC)CCN(CCC(=O)NCCCCCCCCCCCCCC)CC,0.7630440995501077
CCN(CCC(=O)NCCCCCCCCCCCCCCC)CCN(CCC(=O)NCCCCCCCCCCCCCCC)CC,0.7655267891114709
CCN(CCC(=O)NCCCCCCCCCCCCCCCC)CCN(CCC(=O)NCCCCCCCCCCCCCCCC)CC,0.7670976884098357
CCN(CCC(=O)NCCCCCCCCCCCCCCCCCC)CCN(CCC(=O)NCCCCCCCCCCCCCCCCCC)CC,0.7696750963162219
CCCCCCCCCCOC(=O)CCN(CC)CCN(CC)CCC(=O)OCCCCCCCCCC,0.7419520759574961
CCCCCCCCCCCCOC(=O)CCN(CC)CCN(CC)CCC(=O)OCCCCCCCCCCCC,0.7476292382046396
CCN(CCC(=O)OCCCCCCCCCCCCC)CCN(CCC(=O)OCCCCCCCCCCCCC)CC,0.7500809884194467
CCN(CCC(=O)OCCCCCCCCCCCCCC)CCN(CCC(=O)OCCCCCCCCCCCCCC)CC,0.7525190208049747
CCN(CCC(=O)OCCCCCCCCCCCCCCC)CCN(CCC(=O)OCCCCCCCCCCCCCCC)CC,0.755403921871567
CCN(CCC(=O)OCCCCCCCCCCCCCCCCCC)CCN(CCC(=O)OCCCCCCCCCCCCCCCCCC)CC,0.7628582853171441
CC(C)N(CCC(=O)NCCCCCCCCCCCC)CCN(CCC(=O)NCCCCCCCCCCCC)C(C)C,0.6592978788633557
CC(C)N(CCC(=O)NCCCCCCCCCCCCCC)CCN(CCC(=O)NCCCCCCCCCCCCCC)C(C)C,0.6712170097397825
CC(C)N(CCC(=O)NCCCCCCCCCCCCCCC)CCN(CCC(=O)NCCCCCCCCCCCCCCC)C(C)C,0.6764611992887677
CC(C)N(CCC(=O)NCCCCCCCCCCCCCCCC)CCN(CCC(=O)NCCCCCCCCCCCCCCCC)C(C)C,0.6813022865643888
CC(C)N(CCC(=O)NCCCCCCCCCCCCCCCCCC)CCN(CCC(=O)NCCCCCCCCCCCCCCCCCC)C(C)C,0.6899464193156304
CC(C)N(CCC(=O)OCCCCCCCCCC)CCN(CCC(=O)OCCCCCCCCCC)C(C)C,0.6340187699598488
CCCCCCCCCCCCOC(=O)CCN(CCN(CCC(=O)OCCCCCCCCCCCC)C(C)C)C(C)C,0.6487519561438634
CCCCCCCCCCCCCOC(=O)CCN(CCN(CCC(=O)OCCCCCCCCCCCCC)C(C)C)C(C)C,0.6552920945602065
CCCCCCCCCCCCCCOC(=O)CCN(CCN(CCC(=O)OCCCCCCCCCCCCCC)C(C)C)C(C)C,0.6614185008701077
CC(C)N(CCC(=O)OCCCCCCCCCCCCCCC)CCN(CCC(=O)OCCCCCCCCCCCCCCC)C(C)C,0.6670548659366675
CC(C)N(CCC(=O)OCCCCCCCCCCCCCCCCCC)CCN(CCC(=O)OCCCCCCCCCCCCCCCCCC)C(C)C,0.6815480791851098
CN(CCC(=O)NCCCCCCCCCCCC)CCCN(CCC(=O)NCCCCCCCCCCCC)C,0.7850629970794702
CN(CCC(=O)NCCCCCCCCCCCCCC)CCCN(CCC(=O)NCCCCCCCCCCCCCC)C,0.7871064785657302
CN(CCC(=O)NCCCCCCCCCCCCCCC)CCCN(CCC(=O)NCCCCCCCCCCCCCCC)C,0.7880187439050672
CN(CCC(=O)NCCCCCCCCCCCCCCCC)CCCN(CCC(=O)NCCCCCCCCCCCCCCCC)C,0.7888151500023104
CN(CCC(=O)NCCCCCCCCCCCCCCCCCC)CCCN(CCC(=O)NCCCCCCCCCCCCCCCCCC)C,0.7902128245906865
CN(CCC(=O)OCCCCCCCCCC)CCCN(CCC(=O)OCCCCCCCCCC)C,0.7691495431165648
CN(CCC(=O)OCCCCCCCCCCCC)CCCN(CCC(=O)OCCCCCCCCCCCC)C,0.773771857738227
CN(CCC(=O)OCCCCCCCCCCCCC)CCCN(CCC(=O)OCCCCCCCCCCCCC)C,0.7762690371279197
CN(CCC(=O)OCCCCCCCCCCCCCC)CCCN(CCC(=O)OCCCCCCCCCCCCCC)C,0.7785441777138251
CN(CCC(=O)OCCCCCCCCCCCCCCC)CCCN(CCC(=O)OCCCCCCCCCCCCCCC)C,0.7799693473453021
CN(CCC(=O)OCCCCCCCCCCCCCCCCCC)CCCN(CCC(=O)OCCCCCCCCCCCCCCCCCC)C,0.7830816912090341
CCN(CCC(=O)NCCCCCCCCCCCC)CCCN(CCC(=O)NCCCCCCCCCCCC)CC,0.7759779934859401
CCN(CCC(=O)NCCCCCCCCCCCCCC)CCCN(CCC(=O)NCCCCCCCCCCCCCC)CC,0.7787809438841113
CCN(CCC(=O)NCCCCCCCCCCCCCCC)CCCN(CCC(=O)NCCCCCCCCCCCCCCC)CC,0.7799676845781167
CCN(CCC(=O)NCCCCCCCCCCCCCCCC)CCCN(CCC(=O)NCCCCCCCCCCCCCCCC)CC,0.7810159999039412
CCN(CCC(=O)OCCCCCCCCCC)CCCN(CCC(=O)OCCCCCCCCCC)CC,0.7589628968781941
CCN(CCC(=O)OCCCCCCCCCCCC)CCCN(CCC(=O)OCCCCCCCCCCCC)CC,0.7637554075981859
CCCCCCCCCCCCCOC(=O)CCN(CC)CCCN(CC)CCC(=O)OCCCCCCCCCCCCC,0.7663518779426614
CCCCCCCCCCCCCCOC(=O)CCN(CC)CCCN(CC)CCC(=O)OCCCCCCCCCCCCCC,0.7687396116208323
CCN(CCC(=O)OCCCCCCCCCCCCCCC)CCCN(CCC(=O)OCCCCCCCCCCCCCCC)CC,0.7709453316767491
CCN(CCC(=O)OCCCCCCCCCCCCCCCCCC)CCCN(CCC(=O)OCCCCCCCCCCCCCCCCCC)CC,0.7753423413447955
O1CCOC1CCN(CCC(=O)NCCCCCCCCCCCC)(CCC(=O)NCCCCCCCCCCCC),0.018198879861391907
O1CCOC1CCN(CCC(=O)NCCCCCCCCCCCCCC)(CCC(=O)NCCCCCCCCCCCCCC),0.06229605946245142
O1CCOC1CCN(CCC(=O)NCCCCCCCCCCCCCCC)(CCC(=O)NCCCCCCCCCCCCCCC),0.08112256647654952
O1CCOC1CCN(CCC(=O)NCCCCCCCCCCCCCCCC)(CCC(=O)NCCCCCCCCCCCCCCCC),0.09833143484593183
O1CCOC1CCN(CCC(=O)NCCCCCCCCCCCCCCCCCC)(CCC(=O)NCCCCCCCCCCCCCCCCCC),0.12887715096315497
CCCCCCCCCCOC(=O)CCN(CCC(=O)OCCCCCCCCCC)CCC1OCCO1,-0.030256768839739198
O1CCOC1CCN(CCC(=O)OCCCCCCCCCCCC)(CCC(=O)OCCCCCCCCCCCC),0.013521396999901337
CCCCCCCCCCCCCOC(=O)CCN(CCC(=O)OCCCCCCCCCCCCC)CCC1OCCO1,0.0364163352977772
CCCCCCCCCCCCCCOC(=O)CCN(CCC(=O)OCCCCCCCCCCCCCC)CCC1OCCO1,0.056845271090685726
O1CCOC1CCN(CCC(=O)OCCCCCCCCCCCCCCC)(CCC(=O)OCCCCCCCCCCCCCCC),0.07598847586905176
O1CCOC1CCN(CCC(=O)OCCCCCCCCCCCCCCCCCC)(CCC(=O)OCCCCCCCCCCCCCCCCCC),0.12443788919323778
C1N(CCC(=O)NCCCCCCCCCCCC)CCCN(CCC(=O)NCCCCCCCCCCCC)C1,0.7177476491166103
C1N(CCC(=O)NCCCCCCCCCCCCCC)CCCN(CCC(=O)NCCCCCCCCCCCCCC)C1,0.7252741647811233
C1N(CCC(=O)NCCCCCCCCCCCCCCC)CCCN(CCC(=O)NCCCCCCCCCCCCCCC)C1,0.7291234114306797
C1N(CCC(=O)NCCCCCCCCCCCCCCCC)CCCN(CCC(=O)NCCCCCCCCCCCCCCCC)C1,0.7329713516203047
C1N(CCC(=O)OCCCCCCCCCC)CCCN(CCC(=O)OCCCCCCCCCC)C1,0.6969651971431866
C1N(CCC(=O)OCCCCCCCCCCCC)CCCN(CCC(=O)OCCCCCCCCCCCC)C1,0.7069418002553215
C1N(CCC(=O)OCCCCCCCCCCCCC)CCCN(CCC(=O)OCCCCCCCCCCCCC)C1,0.7112421912729903
C1N(CCC(=O)OCCCCCCCCCCCCCC)CCCN(CCC(=O)OCCCCCCCCCCCCCC)C1,0.7151459529324093
C1N(CCC(=O)OCCCCCCCCCCCCCCCCCC)CCCN(CCC(=O)OCCCCCCCCCCCCCCCCCC)C1,0.7287083134797641
CCN(CC)CCN(CCC(=O)NCCCCCCCCCCCC)(CCC(=O)NCCCCCCCCCCCC),0.7599815199328516
CCN(CC)CCN(CCC(=O)NCCCCCCCCCCCCCC)(CCC(=O)NCCCCCCCCCCCCCC),0.7654276169257729
CCN(CC)CCN(CCC(=O)NCCCCCCCCCCCCCCC)(CCC(=O)NCCCCCCCCCCCCCCC),0.7675639164517011
CCN(CC)CCN(CCC(=O)NCCCCCCCCCCCCCCCC)(CCC(=O)NCCCCCCCCCCCCCCCC),0.7689461510590704
CCN(CC)CCN(CCC(=O)OCCCCCCCCCC)(CCC(=O)OCCCCCCCCCC),0.7488723942138623
CCN(CC)CCN(CCC(=O)OCCCCCCCCCCCC)(CCC(=O)OCCCCCCCCCCCC),0.7538493533223439
CCN(CC)CCN(CCC(=O)OCCCCCCCCCCCCC)(CCC(=O)OCCCCCCCCCCCCC),0.7560182549620136
CCN(CC)CCN(CCC(=O)OCCCCCCCCCCCCCC)(CCC(=O)OCCCCCCCCCCCCCC),0.7586622923248987
CCN(CC)CCN(CCC(=O)OCCCCCCCCCCCCCCC)(CCC(=O)OCCCCCCCCCCCCCCC),0.7613277081230241
CCN(CC)CCN(CCC(=O)OCCCCCCCCCCCCCCCCCC)(CCC(=O)OCCCCCCCCCCCCCCCCCC),0.767981567937937
C1CCCN1CCN(CCC(=O)NCCCCCCCCCCCC)(CCC(=O)NCCCCCCCCCCCC),0.7878053752444607
C1CCCN1CCN(CCC(=O)NCCCCCCCCCCCCCC)(CCC(=O)NCCCCCCCCCCCCCC),0.7896040736472194
C1CCCN1CCN(CCC(=O)NCCCCCCCCCCCCCCC)(CCC(=O)NCCCCCCCCCCCCCCC),0.7903931754457554
C1CCCN1CCN(CCC(=O)NCCCCCCCCCCCCCCCC)(CCC(=O)NCCCCCCCCCCCCCCCC),0.7911193296294172
C1CCCN1CCN(CCC(=O)NCCCCCCCCCCCCCCCCCC)(CCC(=O)NCCCCCCCCCCCCCCCCCC),0.7923317838302533
CCCCCCCCCCOC(=O)CCN(CCC(=O)OCCCCCCCCCC)CCN1CCCC1,0.7766838381561236
CCCCCCCCCCCCOC(=O)CCN(CCC(=O)OCCCCCCCCCCCC)CCN1CCCC1,0.7809570904379458
CCCCCCCCCCCCCOC(=O)CCN(CCC(=O)OCCCCCCCCCCCCC)CCN1CCCC1,0.7829585276682332
CCCCCCCCCCCCCCOC(=O)CCN(CCC(=O)OCCCCCCCCCCCCCC)CCN1CCCC1,0.7848938699029027
C1CCCN1CCN(CCC(=O)OCCCCCCCCCCCCCCC)(CCC(=O)OCCCCCCCCCCCCCCC),0.7858576810249857
C1CCCN1CCN(CCC(=O)OCCCCCCCCCCCCCCCCCC)(CCC(=O)OCCCCCCCCCCCCCCCCCC),0.7883711911638204
N1(C)CCCC1CCN(CCC(=O)NCCCCCCCCCCCC)(CCC(=O)NCCCCCCCCCCCC),0.7295259792431628
N1(C)CCCC1CCN(CCC(=O)NCCCCCCCCCCCCCC)(CCC(=O)NCCCCCCCCCCCCCC),0.7362562669640598
N1(C)CCCC1CCN(CCC(=O)NCCCCCCCCCCCCCCC)(CCC(=O)NCCCCCCCCCCCCCCC),0.7395325121646341
N1(C)CCCC1CCN(CCC(=O)NCCCCCCCCCCCCCCCC)(CCC(=O)NCCCCCCCCCCCCCCCC),0.7428263351897393
N1(C)CCCC1CCN(CCC(=O)NCCCCCCCCCCCCCCCCCC)(CCC(=O)NCCCCCCCCCCCCCCCCCC),0.7487134217940339
N1(C)CCCC1CCN(CCC(=O)OCCCCCCCCCC)(CCC(=O)OCCCCCCCCCC),0.7153030250468831
N1(C)CCCC1CCN(CCC(=O)OCCCCCCCCCCCC)(CCC(=O)OCCCCCCCCCCCC),0.7230481945962706
N1(C)CCCC1CCN(CCC(=O)OCCCCCCCCCCCCC)(CCC(=O)OCCCCCCCCCCCCC),0.7264045495444535
N1(C)CCCC1CCN(CCC(=O)OCCCCCCCCCCCCCCC)(CCC(=O)OCCCCCCCCCCCCCCC),0.7324652171659909
N1(C)CCCC1CCN(CCC(=O)OCCCCCCCCCCCCCCCCCC)(CCC(=O)OCCCCCCCCCCCCCCCCCC),0.7410195604892231
CN(C)CC(C)N(CCC(=O)NCCCCCCCCCCCC)(CCC(=O)NCCCCCCCCCCCC),0.7170157940168843
CN(C)CC(C)N(CCC(=O)NCCCCCCCCCCCCCC)(CCC(=O)NCCCCCCCCCCCCCC),0.7245572152015233
CN(C)CC(C)N(CCC(=O)NCCCCCCCCCCCCCCC)(CCC(=O)NCCCCCCCCCCCCCCC),0.7278338167093515
CN(C)CC(C)N(CCC(=O)NCCCCCCCCCCCCCCCC)(CCC(=O)NCCCCCCCCCCCCCCCC),0.7308432471612186
CN(C)CC(C)N(CCC(=O)NCCCCCCCCCCCCCCCCCC)(CCC(=O)NCCCCCCCCCCCCCCCCCC),0.7368837240383622
CN(C)CC(C)N(CCC(=O)OCCCCCCCCCC)(CCC(=O)OCCCCCCCCCC),0.6950325865974645
CN(C)CC(C)N(CCC(=O)OCCCCCCCCCCCC)(CCC(=O)OCCCCCCCCCCCC),0.705476902365023
CN(C)CC(C)N(CCC(=O)OCCCCCCCCCCCCC)(CCC(=O)OCCCCCCCCCCCCC),0.7099643546910444
CN(C)CC(C)N(CCC(=O)OCCCCCCCCCCCCCC)(CCC(=O)OCCCCCCCCCCCCCC),0.7140528616616649
CN(C)CC(C)N(CCC(=O)OCCCCCCCCCCCCCCC)(CCC(=O)OCCCCCCCCCCCCCCC),0.7177909404479718
C1OC(C)(C)OC1CN(CCC(=O)NCCCCCCCCCCCC)(CCC(=O)NCCCCCCCCCCCC),-0.15003491193981933
C1OC(C)(C)OC1CN(CCC(=O)NCCCCCCCCCCCCCC)(CCC(=O)NCCCCCCCCCCCCCC),-0.11284074000103564
C1OC(C)(C)OC1CN(CCC(=O)NCCCCCCCCCCCCCCC)(CCC(=O)NCCCCCCCCCCCCCCC),-0.09202040068960282
C1OC(C)(C)OC1CN(CCC(=O)NCCCCCCCCCCCCCCCC)(CCC(=O)NCCCCCCCCCCCCCCCC),-0.06972910626455345
C1OC(C)(C)OC1CN(CCC(=O)NCCCCCCCCCCCCCCCCCC)(CCC(=O)NCCCCCCCCCCCCCCCCCC),-0.036523946207243425
CCCCCCCCCCOC(=O)CCN(CCC(=O)OCCCCCCCCCC)CC1COC(C)(C)O1,-0.20574221495126996
CCCCCCCCCCCCOC(=O)CCN(CCC(=O)OCCCCCCCCCCCC)CC1COC(C)(C)O1,-0.15672351171199775
C1OC(C)(C)OC1CN(CCC(=O)OCCCCCCCCCCCCC)(CCC(=O)OCCCCCCCCCCCCC),-0.1364058625514234
C1OC(C)(C)OC1CN(CCC(=O)OCCCCCCCCCCCCCC)(CCC(=O)OCCCCCCCCCCCCCC),-0.11852467208600516
C1OC(C)(C)OC1CN(CCC(=O)OCCCCCCCCCCCCCCC)(CCC(=O)OCCCCCCCCCCCCCCC),-0.09795098647115717
C1OC(C)(C)OC1CN(CCC(=O)OCCCCCCCCCCCCCCCCCC)(CCC(=O)OCCCCCCCCCCCCCCCCCC),-0.0406022093443114
CN(C)CCCN(CCC(=O)NCCCCCCCCCCCC)(CCC(=O)NCCCCCCCCCCCC),0.7677677242009918
CN(C)CCCN(CCC(=O)NCCCCCCCCCCCCCC)(CCC(=O)NCCCCCCCCCCCCCC),0.7724448507552284
CN(C)CCCN(CCC(=O)NCCCCCCCCCCCCCCC)(CCC(=O)NCCCCCCCCCCCCCCC),0.773701308901934
CN(C)CCCN(CCC(=O)NCCCCCCCCCCCCCCCC)(CCC(=O)NCCCCCCCCCCCCCCCC),0.7749314596963857
CN(C)CCCN(CCC(=O)NCCCCCCCCCCCCCCCCCC)(CCC(=O)NCCCCCCCCCCCCCCCCCC),0.7773770339187901
CN(C)CCCN(CCC(=O)OCCCCCCCCCC)(CCC(=O)OCCCCCCCCCC),0.7560898133355263
CN(C)CCCN(CCC(=O)OCCCCCCCCCCCC)(CCC(=O)OCCCCCCCCCCCC),0.76050837959244
CN(C)CCCN(CCC(=O)OCCCCCCCCCCCCC)(CCC(=O)OCCCCCCCCCCCCC),0.7627928435514919
CN(C)CCCN(CCC(=O)OCCCCCCCCCCCCCCC)(CCC(=O)OCCCCCCCCCCCCCCC),0.7678566822454084
CN(C)CCCN(CCC(=O)OCCCCCCCCCCCCCCCCCC)(CCC(=O)OCCCCCCCCCCCCCCCCCC),0.7732041415135127
CCN(CC)CCCN(CCC(=O)NCCCCCCCCCCCC)(CCC(=O)NCCCCCCCCCCCC),0.7668494610228791
CCN(CC)CCCN(CCC(=O)NCCCCCCCCCCCCCC)(CCC(=O)NCCCCCCCCCCCCCC),0.7714871562410057
CCN(CC)CCCN(CCC(=O)NCCCCCCCCCCCCCCC)(CCC(=O)NCCCCCCCCCCCCCCC),0.7727559663725169
CCN(CC)CCCN(CCC(=O)NCCCCCCCCCCCCCCCC)(CCC(=O)NCCCCCCCCCCCCCCCC),0.7739066606493255
CCN(CC)CCCN(CCC(=O)NCCCCCCCCCCCCCCCCCC)(CCC(=O)NCCCCCCCCCCCCCCCCCC),0.7761813261588922
CCN(CC)CCCN(CCC(=O)OCCCCCCCCCC)(CCC(=O)OCCCCCCCCCC),0.7550018291354226
CCN(CC)CCCN(CCC(=O)OCCCCCCCCCCCC)(CCC(=O)OCCCCCCCCCCCC),0.7593434330254712
CCN(CC)CCCN(CCC(=O)OCCCCCCCCCCCCC)(CCC(=O)OCCCCCCCCCCCCC),0.7621360505132764
CCN(CC)CCCN(CCC(=O)OCCCCCCCCCCCCCC)(CCC(=O)OCCCCCCCCCCCCCC),0.7646912486008296
CCN(CC)CCCN(CCC(=O)OCCCCCCCCCCCCCCC)(CCC(=O)OCCCCCCCCCCCCCCC),0.7670494681614605
CCN(CC)CCCN(CCC(=O)OCCCCCCCCCCCCCCCCCC)(CCC(=O)OCCCCCCCCCCCCCCCCCC),0.7723482914893931
C1CCCCN1CCN(CCC(=O)NCCCCCCCCCCCCCC)(CCC(=O)NCCCCCCCCCCCCCC),0.7858747243886356
C1CCCCN1CCN(CCC(=O)NCCCCCCCCCCCCCCC)(CCC(=O)NCCCCCCCCCCCCCCC),0.7868044487834188
C1CCCCN1CCN(CCC(=O)NCCCCCCCCCCCCCCCC)(CCC(=O)NCCCCCCCCCCCCCCCC),0.7876588735785224
C1CCCCN1CCN(CCC(=O)NCCCCCCCCCCCCCCCCCC)(CCC(=O)NCCCCCCCCCCCCCCCCCC),0.7891439622132145
CCCCCCCCCCOC(=O)CCN(CCC(=O)OCCCCCCCCCC)CCN1CCCCC1,0.7721780360065211
C1CCCCN1CCN(CCC(=O)OCCCCCCCCCCCC)(CCC(=O)OCCCCCCCCCCCC),0.7765125731360321
C1CCCCN1CCN(CCC(=O)OCCCCCCCCCCCCC)(CCC(=O)OCCCCCCCCCCCCC),0.7783904905182644
C1CCCCN1CCN(CCC(=O)OCCCCCCCCCCCCCC)(CCC(=O)OCCCCCCCCCCCCCC),0.7802720897421215
C1CCCCN1CCN(CCC(=O)OCCCCCCCCCCCCCCC)(CCC(=O)OCCCCCCCCCCCCCCC),0.7822782183512533
C1CCCCN1CCN(CCC(=O)OCCCCCCCCCCCCCCCCCC)(CCC(=O)OCCCCCCCCCCCCCCCCCC),0.7852165655059463
OCCN(CCO)CCN(CCC(=O)NCCCCCCCCCCCC)(CCC(=O)NCCCCCCCCCCCC),0.650521674889963
OCCN(CCO)CCN(CCC(=O)NCCCCCCCCCCCCCC)(CCC(=O)NCCCCCCCCCCCCCC),0.6627020383681177
OCCN(CCO)CCN(CCC(=O)NCCCCCCCCCCCCCCC)(CCC(=O)NCCCCCCCCCCCCCCC),0.6681240846213936
OCCN(CCO)CCN(CCC(=O)NCCCCCCCCCCCCCCCC)(CCC(=O)NCCCCCCCCCCCCCCCC),0.67312889508023
OCCN(CCO)CCN(CCC(=O)NCCCCCCCCCCCCCCCCCC)(CCC(=O)NCCCCCCCCCCCCCCCCCC),0.6820664468551445
OCCN(CCO)CCN(CCC(=O)OCCCCCCCCCC)(CCC(=O)OCCCCCCCCCC),0.6316640540872157
OCCN(CCO)CCN(CCC(=O)OCCCCCCCCCCCC)(CCC(=O)OCCCCCCCCCCCC),0.6464364934537131
CCCCCCCCCCCCCOC(=O)CCN(CCC(=O)OCCCCCCCCCCCCC)CCN(CCO)CCO,0.6529000258104452
CCCCCCCCCCCCCCOC(=O)CCN(CCC(=O)OCCCCCCCCCCCCCC)CCN(CCO)CCO,0.6588657375487902
OCCN(CCO)CCN(CCC(=O)OCCCCCCCCCCCCCCC)(CCC(=O)OCCCCCCCCCCCCCCC),0.6644413522285422
OCCN(CCO)CCN(CCC(=O)OCCCCCCCCCCCCCCCCCC)(CCC(=O)OCCCCCCCCCCCCCCCCCC),0.6787779684388494
OCCN(CCO)CCCN(CCC(=O)NCCCCCCCCCCCC)(CCC(=O)NCCCCCCCCCCCC),0.6528663547749417
OCCN(CCO)CCCN(CCC(=O)NCCCCCCCCCCCCCC)(CCC(=O)NCCCCCCCCCCCCCC),0.6646067975634851
OCCN(CCO)CCCN(CCC(=O)NCCCCCCCCCCCCCCC)(CCC(=O)NCCCCCCCCCCCCCCC),0.6698478397317267
OCCN(CCO)CCCN(CCC(=O)NCCCCCCCCCCCCCCCC)(CCC(=O)NCCCCCCCCCCCCCCCC),0.6746932620789381
OCCN(CCO)CCCN(CCC(=O)NCCCCCCCCCCCCCCCCCC)(CCC(=O)NCCCCCCCCCCCCCCCCCC),0.6833638803360607
OCCN(CCO)CCCN(CCC(=O)OCCCCCCCCCC)(CCC(=O)OCCCCCCCCCC),0.6343066068365425
OCCN(CCO)CCCN(CCC(=O)OCCCCCCCCCCCC)(CCC(=O)OCCCCCCCCCCCC),0.6485805723546871
OCCN(CCO)CCCN(CCC(=O)OCCCCCCCCCCCCC)(CCC(=O)OCCCCCCCCCCCCC),0.6548154742234328
OCCN(CCO)CCCN(CCC(=O)OCCCCCCCCCCCCCC)(CCC(=O)OCCCCCCCCCCCCCC),0.6605815945149927
OCCN(CCO)CCCN(CCC(=O)OCCCCCCCCCCCCCCC)(CCC(=O)OCCCCCCCCCCCCCCC),0.665980421412216
OCCN(CCO)CCCN(CCC(=O)OCCCCCCCCCCCCCCCCCC)(CCC(=O)OCCCCCCCCCCCCCCCCCC),0.6799037212078776
C1COCCN1CCN(CCC(=O)NCCCCCCCCCCCC)(CCC(=O)NCCCCCCCCCCCC),0.20133674429025195
C1COCCN1CCN(CCC(=O)NCCCCCCCCCCCCCC)(CCC(=O)NCCCCCCCCCCCCCC),0.23709416661180352
C1COCCN1CCN(CCC(=O)NCCCCCCCCCCCCCCC)(CCC(=O)NCCCCCCCCCCCCCCC),0.25529396999298
C1COCCN1CCN(CCC(=O)NCCCCCCCCCCCCCCCC)(CCC(=O)NCCCCCCCCCCCCCCCC),0.2724709488631289
C1COCCN1CCN(CCC(=O)NCCCCCCCCCCCCCCCCCC)(CCC(=O)NCCCCCCCCCCCCCCCCCC),0.30477717912238983
C1COCCN1CCN(CCC(=O)OCCCCCCCCCC)(CCC(=O)OCCCCCCCCCC),0.1650462269321668
C1COCCN1CCN(CCC(=O)OCCCCCCCCCCCC)(CCC(=O)OCCCCCCCCCCCC),0.19683245644647887
CCCCCCCCCCCCCOC(=O)CCN(CCC(=O)OCCCCCCCCCCCCC)CCN1CCOCC1,0.21509836966940882
CCCCCCCCCCCCCCOC(=O)CCN(CCC(=O)OCCCCCCCCCCCCCC)CCN1CCOCC1,0.23248853904653727
C1COCCN1CCN(CCC(=O)OCCCCCCCCCCCCCCC)(CCC(=O)OCCCCCCCCCCCCCCC),0.2501675548375789
C1COCCN1CCN(CCC(=O)OCCCCCCCCCCCCCCCCCC)(CCC(=O)OCCCCCCCCCCCCCCCCCC),0.30013559421674024
C1COCCN1CCCN(CCC(=O)NCCCCCCCCCCCC)(CCC(=O)NCCCCCCCCCCCC),0.22019080202045915
C1COCCN1CCCN(CCC(=O)NCCCCCCCCCCCCCC)(CCC(=O)NCCCCCCCCCCCCCC),0.25666711876537224
C1COCCN1CCCN(CCC(=O)NCCCCCCCCCCCCCCC)(CCC(=O)NCCCCCCCCCCCCCCC),0.27448830115076184
C1COCCN1CCCN(CCC(=O)NCCCCCCCCCCCCCCCC)(CCC(=O)NCCCCCCCCCCCCCCCC),0.2916227606885995
C1COCCN1CCCN(CCC(=O)NCCCCCCCCCCCCCCCCCC)(CCC(=O)NCCCCCCCCCCCCCCCCCC),0.32244776230842004
C1COCCN1CCCN(CCC(=O)OCCCCCCCCCC)(CCC(=O)OCCCCCCCCCC),0.181407856036068
C1COCCN1CCCN(CCC(=O)OCCCCCCCCCCCC)(CCC(=O)OCCCCCCCCCCCC),0.21580379864779603
CCCCCCCCCCCCCOC(=O)CCN(CCCN1CCOCC1)CCC(=O)OCCCCCCCCCCCCC,0.23353560729697276
C1COCCN1CCCN(CCC(=O)OCCCCCCCCCCCCCC)(CCC(=O)OCCCCCCCCCCCCCC),0.25160366607098095
C1COCCN1CCCN(CCC(=O)OCCCCCCCCCCCCCCC)(CCC(=O)OCCCCCCCCCCCCCCC),0.26955403952821844
C1COCCN1CCCN(CCC(=O)OCCCCCCCCCCCCCCCCCC)(CCC(=O)OCCCCCCCCCCCCCCCCCC),0.31787788423763896
c1nccn1CCCN(CCC(=O)NCCCCCCCCCCCC)(CCC(=O)NCCCCCCCCCCCC),0.4382784998219994
c1nccn1CCCN(CCC(=O)NCCCCCCCCCCCCCC)(CCC(=O)NCCCCCCCCCCCCCC),0.4642177272980924
c1nccn1CCCN(CCC(=O)NCCCCCCCCCCCCCCC)(CCC(=O)NCCCCCCCCCCCCCCC),0.4754589242392327
c1nccn1CCCN(CCC(=O)NCCCCCCCCCCCCCCCC)(CCC(=O)NCCCCCCCCCCCCCCCC),0.48591936291003496
c1nccn1CCCN(CCC(=O)NCCCCCCCCCCCCCCCCCC)(CCC(=O)NCCCCCCCCCCCCCCCCCC),0.5059321912148083
CCCCCCCCCCOC(=O)CCN(CCCn1ccnc1)CCC(=O)OCCCCCCCCCC,0.40124448799389084
CCCCCCCCCCCCOC(=O)CCN(CCCn1ccnc1)CCC(=O)OCCCCCCCCCCCC,0.4330823226754913
c1nccn1CCCN(CCC(=O)OCCCCCCCCCCCCC)(CCC(=O)OCCCCCCCCCCCCC),0.44663904169132423
c1nccn1CCCN(CCC(=O)OCCCCCCCCCCCCCC)(CCC(=O)OCCCCCCCCCCCCCC),0.4591028475900398
c1nccn1CCCN(CCC(=O)OCCCCCCCCCCCCCCC)(CCC(=O)OCCCCCCCCCCCCCCC),0.47054903997131753
c1nccn1CCCN(CCC(=O)OCCCCCCCCCCCCCCCCCC)(CCC(=O)OCCCCCCCCCCCCCCCCCC),0.5006561121665896
N1=CNC=C1CCN(CCC(=O)NCCCCCCCCCCCC)(CCC(=O)NCCCCCCCCCCCC),0.5306352700576739
N1=CNC=C1CCN(CCC(=O)NCCCCCCCCCCCCCC)(CCC(=O)NCCCCCCCCCCCCCC),0.5526134297909954
N1=CNC=C1CCN(CCC(=O)NCCCCCCCCCCCCCCC)(CCC(=O)NCCCCCCCCCCCCCCC),0.5624226278782902
N1=CNC=C1CCN(CCC(=O)NCCCCCCCCCCCCCCCC)(CCC(=O)NCCCCCCCCCCCCCCCC),0.5717411908768206
N1=CNC=C1CCN(CCC(=O)NCCCCCCCCCCCCCCCCCC)(CCC(=O)NCCCCCCCCCCCCCCCCCC),0.588410134987301
N1=CNC=C1CCN(CCC(=O)OCCCCCCCCCC)(CCC(=O)OCCCCCCCCCC),0.49469482457664843
N1=CNC=C1CCN(CCC(=O)OCCCCCCCCCCCC)(CCC(=O)OCCCCCCCCCCCC),0.52053300925396
N1=CNC=C1CCN(CCC(=O)OCCCCCCCCCCCCC)(CCC(=O)OCCCCCCCCCCCCC),0.532490205622023
N1=CNC=C1CCN(CCC(=O)OCCCCCCCCCCCCCC)(CCC(=O)OCCCCCCCCCCCCCC),0.5433909509819617
N1=CNC=C1CCN(CCC(=O)OCCCCCCCCCCCCCCCCCC)(CCC(=O)OCCCCCCCCCCCCCCCCCC),0.5805857464584399
CN(CCC(=O)NCCCCCCCCCCCC)CCN(CCC(=O)NCCCCCCCCCCCC)(CCC(=O)NCCCCCCCCCCCC),0.8174899858055676
CN(CCC(=O)NCCCCCCCCCCCCCC)CCN(CCC(=O)NCCCCCCCCCCCCCC)(CCC(=O)NCCCCCCCCCCCCCC),0.8165622211006814
CN(CCC(=O)NCCCCCCCCCCCCCCC)CCN(CCC(=O)NCCCCCCCCCCCCCCC)(CCC(=O)NCCCCCCCCCCCCCCC),0.8161363151630611
CN(CCC(=O)NCCCCCCCCCCCCCCCC)CCN(CCC(=O)NCCCCCCCCCCCCCCCC)(CCC(=O)NCCCCCCCCCCCCCCCC),0.8157480590252805
CN(CCC(=O)NCCCCCCCCCCCCCCCCCC)CCN(CCC(=O)NCCCCCCCCCCCCCCCCCC)(CCC(=O)NCCCCCCCCCCCCCCCCCC),0.8150657900184036
CN(CCC(=O)OCCCCCCCCCC)CCN(CCC(=O)OCCCCCCCCCC)(CCC(=O)OCCCCCCCCCC),0.8108695594879889
CN(CCC(=O)OCCCCCCCCCCCC)CCN(CCC(=O)OCCCCCCCCCCCC)(CCC(=O)OCCCCCCCCCCCC),0.8105382531263067
CCCCCCCCCCCCCOC(=O)CCN(C)CCN(CCC(=O)OCCCCCCCCCCCCC)CCC(=O)OCCCCCCCCCCCCC,0.810437002481627
CCCCCCCCCCCCCCOC(=O)CCN(C)CCN(CCC(=O)OCCCCCCCCCCCCCC)CCC(=O)OCCCCCCCCCCCCCC,0.8103451345946361
CN(CCC(=O)OCCCCCCCCCCCCCCCCCC)CCN(CCC(=O)OCCCCCCCCCCCCCCCCCC)(CCC(=O)OCCCCCCCCCCCCCCCCCC),0.809869701948709
CN(CCC(=O)NCCCCCCCCCCCC)CCCN(CCC(=O)NCCCCCCCCCCCC)(CCC(=O)NCCCCCCCCCCCC),0.810285037437794
CN(CCC(=O)NCCCCCCCCCCCCCC)CCCN(CCC(=O)NCCCCCCCCCCCCCC)(CCC(=O)NCCCCCCCCCCCCCC),0.8100527251081828
CN(CCC(=O)NCCCCCCCCCCCCCCC)CCCN(CCC(=O)NCCCCCCCCCCCCCCC)(CCC(=O)NCCCCCCCCCCCCCCC),0.8099289677219584
CN(CCC(=O)NCCCCCCCCCCCCCCCC)CCCN(CCC(=O)NCCCCCCCCCCCCCCCC)(CCC(=O)NCCCCCCCCCCCCCCCC),0.809816196476066
CN(CCC(=O)NCCCCCCCCCCCCCCCCCC)CCCN(CCC(=O)NCCCCCCCCCCCCCCCCCC)(CCC(=O)NCCCCCCCCCCCCCCCCCC),0.8096175551819582
CCCCCCCCCCOC(=O)CCN(C)CCCN(CCC(=O)OCCCCCCCCCC)CCC(=O)OCCCCCCCCCC,0.8024827993432234
CCCCCCCCCCCCOC(=O)CCN(C)CCCN(CCC(=O)OCCCCCCCCCCCC)CCC(=O)OCCCCCCCCCCCC,0.8030224266794138
CCCCCCCCCCCCCOC(=O)CCN(C)CCCN(CCC(=O)OCCCCCCCCCCCCC)CCC(=O)OCCCCCCCCCCCCC,0.8032634091522057
CN(CCC(=O)OCCCCCCCCCCCCCC)CCCN(CCC(=O)OCCCCCCCCCCCCCC)(CCC(=O)OCCCCCCCCCCCCCC),0.803505698084929
CN(CCC(=O)OCCCCCCCCCCCCCCC)CCCN(CCC(=O)OCCCCCCCCCCCCCCC)(CCC(=O)OCCCCCCCCCCCCCCC),0.8036945409295515
CN(CCC(=O)OCCCCCCCCCCCCCCCCCC)CCCN(CCC(=O)OCCCCCCCCCCCCCCCCCC)(CCC(=O)OCCCCCCCCCCCCCCCCCC),0.8041313142384191
N(CCC(=O)NCCCCCCCCCCCC)(CCC(=O)NCCCCCCCCCCCC)CCN(CCC(=O)NCCCCCCCCCCCC)CCN(CCC(=O)NCCCCCCCCCCCC)CCN(CCC(=O)NCCCCCCCCCCCC)(CCC(=O)NCCCCCCCCCCCC),0.8235373512896221
N(CCC(=O)NCCCCCCCCCCCCCC)(CCC(=O)NCCCCCCCCCCCCCC)CCN(CCC(=O)NCCCCCCCCCCCCCC)CCN(CCC(=O)NCCCCCCCCCCCCCC)CCN(CCC(=O)NCCCCCCCCCCCCCC)(CCC(=O)NCCCCCCCCCCCCCC),0.8219897307318522
N(CCC(=O)NCCCCCCCCCCCCCCC)(CCC(=O)NCCCCCCCCCCCCCCC)CCN(CCC(=O)NCCCCCCCCCCCCCCC)CCN(CCC(=O)NCCCCCCCCCCCCCCC)CCN(CCC(=O)NCCCCCCCCCCCCCCC)(CCC(=O)NCCCCCCCCCCCCCCC),0.8213233173977785
N(CCC(=O)NCCCCCCCCCCCCCCCC)(CCC(=O)NCCCCCCCCCCCCCCCC)CCN(CCC(=O)NCCCCCCCCCCCCCCCC)CCN(CCC(=O)NCCCCCCCCCCCCCCCC)CCN(CCC(=O)NCCCCCCCCCCCCCCCC)(CCC(=O)NCCCCCCCCCCCCCCCC),0.8207167636823777
N(CCC(=O)NCCCCCCCCCCCCCCCCCC)(CCC(=O)NCCCCCCCCCCCCCCCCCC)CCN(CCC(=O)NCCCCCCCCCCCCCCCCCC)CCN(CCC(=O)NCCCCCCCCCCCCCCCCCC)CCN(CCC(=O)NCCCCCCCCCCCCCCCCCC)(CCC(=O)NCCCCCCCCCCCCCCCCCC),0.8196774154224457
CCCCCCCCCCOC(=O)CCN(CCC(=O)OCCCCCCCCCC)CCN(CCC(=O)OCCCCCCCCCC)CCN(CCC(=O)OCCCCCCCCCC)CCN(CCC(=O)OCCCCCCCCCC)CCC(=O)OCCCCCCCCCC,0.8191696182009464
CCCCCCCCCCCCOC(=O)CCN(CCC(=O)OCCCCCCCCCCCC)CCN(CCC(=O)OCCCCCCCCCCCC)CCN(CCC(=O)OCCCCCCCCCCCC)CCN(CCC(=O)OCCCCCCCCCCCC)CCC(=O)OCCCCCCCCCCCC,0.8180524168060143
N(CCC(=O)OCCCCCCCCCCCCC)(CCC(=O)OCCCCCCCCCCCCC)CCN(CCC(=O)OCCCCCCCCCCCCC)CCN(CCC(=O)OCCCCCCCCCCCCC)CCN(CCC(=O)OCCCCCCCCCCCCC)(CCC(=O)OCCCCCCCCCCCCC),0.8175797158490345
N(CCC(=O)OCCCCCCCCCCCCCC)(CCC(=O)OCCCCCCCCCCCCCC)CCN(CCC(=O)OCCCCCCCCCCCCCC)CCN(CCC(=O)OCCCCCCCCCCCCCC)CCN(CCC(=O)OCCCCCCCCCCCCCC)(CCC(=O)OCCCCCCCCCCCCCC),0.8170992949015514
N(CCC(=O)OCCCCCCCCCCCCCCC)(CCC(=O)OCCCCCCCCCCCCCCC)CCN(CCC(=O)OCCCCCCCCCCCCCCC)CCN(CCC(=O)OCCCCCCCCCCCCCCC)CCN(CCC(=O)OCCCCCCCCCCCCCCC)(CCC(=O)OCCCCCCCCCCCCCCC),0.8166585428283475
N(CCC(=O)OCCCCCCCCCCCCCCCCCC)(CCC(=O)OCCCCCCCCCCCCCCCCCC)CCN(CCC(=O)OCCCCCCCCCCCCCCCCCC)CCN(CCC(=O)OCCCCCCCCCCCCCCCCCC)CCN(CCC(=O)OCCCCCCCCCCCCCCCCCC)(CCC(=O)OCCCCCCCCCCCCCCCCCC),0.815588195837317
N(CCC(=O)NCCCCCCCCCCCC)(CCC(=O)NCCCCCCCCCCCC)CCN(CCC(=O)NCCCCCCCCCCCC)(CCC(=O)NCCCCCCCCCCCC),0.8213509905945062
N(CCC(=O)NCCCCCCCCCCCCCC)(CCC(=O)NCCCCCCCCCCCCCC)CCN(CCC(=O)NCCCCCCCCCCCCCC)(CCC(=O)NCCCCCCCCCCCCCC),0.8199706562924916
N(CCC(=O)NCCCCCCCCCCCCCCC)(CCC(=O)NCCCCCCCCCCCCCCC)CCN(CCC(=O)NCCCCCCCCCCCCCCC)(CCC(=O)NCCCCCCCCCCCCCCC),0.8193789487126742
N(CCC(=O)NCCCCCCCCCCCCCCCC)(CCC(=O)NCCCCCCCCCCCCCCCC)CCN(CCC(=O)NCCCCCCCCCCCCCCCC)(CCC(=O)NCCCCCCCCCCCCCCCC),0.8188586213527426
N(CCC(=O)NCCCCCCCCCCCCCCCCCC)(CCC(=O)NCCCCCCCCCCCCCCCCCC)CCN(CCC(=O)NCCCCCCCCCCCCCCCCCC)(CCC(=O)NCCCCCCCCCCCCCCCCCC),0.8179477218578792
CCCCCCCCCCOC(=O)CCN(CCC(=O)OCCCCCCCCCC)CCN(CCC(=O)OCCCCCCCCCC)CCC(=O)OCCCCCCCCCC,0.8164744507471117
CCCCCCCCCCCCOC(=O)CCN(CCC(=O)OCCCCCCCCCCCC)CCN(CCC(=O)OCCCCCCCCCCCC)CCC(=O)OCCCCCCCCCCCC,0.8155691333992278
N(CCC(=O)OCCCCCCCCCCCCC)(CCC(=O)OCCCCCCCCCCCCC)CCN(CCC(=O)OCCCCCCCCCCCCC)(CCC(=O)OCCCCCCCCCCCCC),0.8152103913789872
N(CCC(=O)OCCCCCCCCCCCCCC)(CCC(=O)OCCCCCCCCCCCCCC)CCN(CCC(=O)OCCCCCCCCCCCCCC)(CCC(=O)OCCCCCCCCCCCCCC),0.8148489176697993
N(CCC(=O)OCCCCCCCCCCCCCCCCCC)(CCC(=O)OCCCCCCCCCCCCCCCCCC)CCN(CCC(=O)OCCCCCCCCCCCCCCCCCC)(CCC(=O)OCCCCCCCCCCCCCCCCCC),0.8136872372526589
N(C(CCCCCOC(=O)CCCCCCC/C=C\CCCCCCCC)C(=O)NCC(=O)OC(C)(C)C)(C(=O)CCCCCCC/C=C\CCCCCCCC)CCN1CCCC1,0.6636278433831069
N(C(CCCCCOC(=O)CCCCCCC/C=C\CCCCCCCC)C(=O)NCC(=O)OC(C)(C)C)(C(=O)CCCCCCC/C=C\CCCCCCCC)CCCN(CCN1C)CC1,0.6718761187751491
N(C(CCCCCOC(=O)CCCCCCC/C=C\CCCCCCCC)C(=O)NCC(=O)OC(C)(C)C)(C(=O)CCCCCCC/C=C\CCCCCCCC)CCCN1CCCC1,0.6807156860552123
N(C(CCCCCOC(=O)CCCCCCC/C=C\CCCCCCCC)C(=O)NCC(=O)OC(C)(C)C)(C(=O)CCCCCCC/C=C\CCCCCCCC)CCCN1CCCCC1,0.6798717129395595
N(C(CCCCCOC(=O)CCCCCCC/C=C\CCCCCCCC)C(=O)NCC(=O)OC(C)(C)C)(C(=O)CCCCCCC/C=C\CCCCCCCC)CCCN1CCCCCC1,0.6774028599765601
N(C(CCCCCOC(=O)CCCCCCC/C=C\CCCCCCCC)C(=O)NCC(=O)OC(C)(C)C)(C(=O)CCCCCCC/C=C\CCCCCCCC)CCCN1CCOCC1,0.29525077022569
N(C(CCCCCOC(=O)CCCCCCC/C=C\CCCCCCCC)C(=O)NCC(=O)OC(C)(C)C)(C(=O)CCCCCCC/C=C\CCCCCCCC)CCN1CCCCCC1,0.6611160553959999
N(C(CCCCCOC(=O)CCCCCCC/C=C\CCCCCCCC)C(=O)NCC(=O)OC(C)(C)C)(C(=O)CCCCCCC/C=C\CCCCCCCC)CCN1CCCCC1CC,0.636885499356487
N(C(CCCCCOC(=O)CCCCCCC/C=C\CCCCCCCC)C(=O)NCC(=O)OC(C)(C)C)(C(=O)CCCCCCC/C=C\CCCCCCCC)CCN1C=CN=C1,0.4297592230710154
N(C(CCCCCOC(=O)CCCCCCC/C=C\CCCCCCCC)C(=O)NCC(=O)OC(C)(C)C)(C(=O)CCCCCCC/C=C\CCCCCCCC)CCN1CCN(C)CCC1,0.6380904117204466
N(C(CCCCCOC(=O)CCCCCCC/C=C\CCCCCCCC)C(=O)NCC(=O)OC(C)(C)C)(C(=O)CCCCCCC/C=C\CCCCCCCC)CCCN1CCN(C)CCC1,0.6535036696832717
N(C(CCCCCOC(=O)CCCCCCC/C=C\CCCCCCCC)C(=O)NCC(=O)OC(C)(C)C)(C(=O)CCCCCCC/C=C\CCCCCCCC)CCN1CCCCC1,0.6632553241490449
N(C(CCCCCOC(=O)CCCCCCC/C=C\CCCCCCCC)C(=O)NCC(=O)OC(C)(C)C)(C(=O)CCCCCCC/C=C\CCCCCCCC)CCCN(CCO)CCO,0.5988333692423309
N(C(CCCCCOC(=O)CCCCCCC/C=C\CCCCCCCC)C(=O)NCC(=O)OC(C)(C)C)(C(=O)CCCCCCC/C=C\CCCCCCCC)CCCN(CC)CC,0.6664128002649509
N(C(CCCCCOC(=O)CCCCCCC/C=C\CCCCCCCC)C(=O)NCC(=O)OC(C)(C)C)(C(=O)CCCCCCC/C=C\CCCCCCCC)CCCN(CCCC)CCCC,0.7155886646955104
N(C(CCCCCOC(=O)CCCCCCC/C=C\CCCCCCCC)C(=O)NCC(=O)OC(C)(C)C)(C(=O)CCCCCCC/C=C\CCCCCCCC)CCCN(C)C,0.6647760435091374
N(C(CCCCCOC(=O)CCCCCCC/C=C\CCCCCCCC)C(=O)NCC(=O)OC(C)(C)C)(C(=O)CCCCCCC/C=C\CCCCCCCC)CCCN1CCN(CC1)CCCN,0.7149398291859675
N(C(CCCCCOC(=O)CCCCCCC/C=C\CCCCCCCC)C(=O)NCC(=O)OC(C)(C)C)(C(=O)CCCCCCC/C=C\CCCCCCCC)CCN(C)CCN,0.7012252066720682
N(C(CCCCCOC(=O)CCCCCCC/C=C\CCCCCCCC)C(=O)NCC(=O)OC(C)(C)C)(C(=O)CCCCCCC/C=C\CCCCCCCC)CCCN1CCCCC1CC,0.6534570528175394
N(C(CCCCCOC(=O)CCCCCCC/C=C\CCCCCCCC)C(=O)NCC(=O)OC(C)(C)C)(C(=O)CCCCCCC/C=C\CCCCCCCC)CCN(CC1)CCS1(=O)=O,0.6092093927862051
N(C(CCCCCOC(=O)CCCCCCC/C=C\CCCCCCCC)C(=O)NCC(=O)OC(C)(C)C)(C(=O)CCCCCCC/C=C\CCCCCCCC)C1CCN(CC2=CC=CC=C2)CC1,0.5182129145695076
N(C(CCCCCOC(=O)CCCCCCC/C=C\CCCCCCCC)C(=O)NCC(=O)OC(C)(C)C)(C(=O)CCCCCCC/C=C\CCCCCCCC)CCCN1C=CN=C1,0.4488450883622239
N(C(CCCCCOC(=O)CCCCCCC/C=C\CCCCCCCC)C(=O)NCC(=O)OC(C)(C)C)(C(=O)CCCCCCC/C=C\CCCCCCCC)CC1=CC=CN=C1,0.46856191441573264
N(C(CCCCCOC(=O)CCCCCCC/C=C\CCCCCCCC)C(=O)NCC(=O)OC(C)(C)C)(C(=O)CCCCCCC/C=C\CCCCCCCC)CCN1CCOCC1,0.2631581164729338
N(C(CCCCCOC(=O)CCCCCCC/C=C\CCCCCCCC)C(=O)NCC(=O)OC(C)(C)C)(C(=O)CCCCCCC/C=C\CCCCCCCC)CCN(C)C,0.649314208990683
N(C(CCCCCOC(=O)CCCCCCC/C=C\CCCCCCCC)C(=O)NC(C)(C)C)(C(=O)CCCCCCC/C=C\CCCCCCCC)CCCN(CCCC)CCCC,0.7304361067389757
N(C(CCCCCOC(=O)CCCCCCC/C=C\CCCCCCCC)C(=O)NC(C)(C)C)(C(=O)CCCCCCC/C=C\CCCCCCCC)CCCN(C)C,0.6778812024650616
N(C(CCCCCOC(=O)CCCCCCC/C=C\CCCCCCCC)C(=O)NC(C)(C)C)(C(=O)CCCCCCC/C=C\CCCCCCCC)CCN(C)C,0.6608125410001301
N(C(CCCCCOC(=O)CCCCCCC/C=C\CCCCCCCC)C(=O)NC2CCCCC2)(C(=O)CCCCCCC/C=C\CCCCCCCC)CCCN(CCCC)CCCC,0.7603290976591333
N(C(CCCCCOC(=O)CCCCCCC/C=C\CCCCCCCC)C(=O)NC2CCCCC2)(C(=O)CCCCCCC/C=C\CCCCCCCC)CCCN(C)C,0.7106440701626009
N(C(CCCCCOC(=O)CCCCCCC/C=C\CCCCCCCC)C(=O)NC2CCCCC2)(C(=O)CCCCCCC/C=C\CCCCCCCC)CCN(C)C,0.6946325723203017
N(C(CCCCCOC(=O)CCCCCCC/C=C\CCCCCCCC)C(=O)NCCCC)(C(=O)CCCCCCC/C=C\CCCCCCCC)CCCN(CCCC)CCCC,0.8056959187752966
N(C(CCCCCOC(=O)CCCCCCC/C=C\CCCCCCCC)C(=O)NCCCC)(C(=O)CCCCCCC/C=C\CCCCCCCC)CCCN(C)C,0.7519612811833725
N(C(CCCCCOC(=O)CCCCCCC/C=C\CCCCCCCC)C(=O)NCCCC)(C(=O)CCCCCCC/C=C\CCCCCCCC)CCN(C)C,0.7365050881964398
N(C(CCCCCOC(=O)CCCCCCC/C=C\CCCCCCCC)C(=O)NCC(=O)OC(C)(C)C)(C(=O)CCCCCCC/C=C\C/C=C\CCCCC)CCCN(CCCC)CCCC,0.7179872063603862
N(C(CCCCCOC(=O)CCCCCCC/C=C\CCCCCCCC)C(=O)NCC(=O)OC(C)(C)C)(C(=O)CCCCCCC/C=C\C/C=C\CCCCC)CCCN(C)C,0.6683625135588652
N(C(CCCCCOC(=O)CCCCCCC/C=C\CCCCCCCC)C(=O)NCC(=O)OC(C)(C)C)(C(=O)CCCCCCC/C=C\C/C=C\CCCCC)CCN(C)C,0.6529665958824017
N(C(CCCCCOC(=O)CCCCCCC/C=C\CCCCCCCC)C(=O)NC(C)(C)C)(C(=O)CCCCCCC/C=C\C/C=C\CCCCC)CCCN(CCCC)CCCC,0.7329481916487944
N(C(CCCCCOC(=O)CCCCCCC/C=C\CCCCCCCC)C(=O)NC(C)(C)C)(C(=O)CCCCCCC/C=C\C/C=C\CCCCC)CCCN(C)C,0.6807165174388049
N(C(CCCCCOC(=O)CCCCCCC/C=C\CCCCCCCC)C(=O)NC(C)(C)C)(C(=O)CCCCCCC/C=C\C/C=C\CCCCC)CCN(C)C,0.6646611344197209
N(C(CCCCCOC(=O)CCCCCCC/C=C\CCCCCCCC)C(=O)NC2CCCCC2)(C(=O)CCCCCCC/C=C\C/C=C\CCCCC)CCCN(CCCC)CCCC,0.7647121519597312
N(C(CCCCCOC(=O)CCCCCCC/C=C\CCCCCCCC)C(=O)NC2CCCCC2)(C(=O)CCCCCCC/C=C\C/C=C\CCCCC)CCCN(C)C,0.7136958417931522
N(C(CCCCCOC(=O)CCCCCCC/C=C\CCCCCCCC)C(=O)NC2CCCCC2)(C(=O)CCCCCCC/C=C\C/C=C\CCCCC)CCN(C)C,0.6978114862559903
N(C(CCCCCOC(=O)CCCCCCC/C=C\CCCCCCCC)C(=O)NCCCC)(C(=O)CCCCCCC/C=C\C/C=C\CCCCC)CCCN(CCCC)CCCC,0.8109184923508722
N(C(CCCCCOC(=O)CCCCCCC/C=C\CCCCCCCC)C(=O)NCCCC)(C(=O)CCCCCCC/C=C\C/C=C\CCCCC)CCCN(C)C,0.7562391654594967
N(C(CCCCCOC(=O)CCCCCCC/C=C\CCCCCCCC)C(=O)NCCCC)(C(=O)CCCCCCC/C=C\C/C=C\CCCCC)CCN(C)C,0.7395689742736272
N(C(CCCCCOC(=O)CCCCCCC/C=C\CCCCCCCC)C(=O)NCC(=O)OC(C)(C)C)(C(=O)CCCCCCCCCCCCCCC)CCCN(CCCC)CCCC,0.7099034855351518
N(C(CCCCCOC(=O)CCCCCCC/C=C\CCCCCCCC)C(=O)NCC(=O)OC(C)(C)C)(C(=O)CCCCCCCCCCCCCCC)CCCN(C)C,0.6568618061677247
N(C(CCCCCOC(=O)CCCCCCC/C=C\CCCCCCCC)C(=O)NCC(=O)OC(C)(C)C)(C(=O)CCCCCCCCCCCCCCC)CCN(C)C,0.6409184223954828
N(C(CCCCCOC(=O)CCCCCCC/C=C\CCCCCCCC)C(=O)NC(C)(C)C)(C(=O)CCCCCCCCCCCCCCC)CCCN(CCCC)CCCC,0.7249493907190979
N(C(CCCCCOC(=O)CCCCCCC/C=C\CCCCCCCC)C(=O)NC(C)(C)C)(C(=O)CCCCCCCCCCCCCCC)CCCN(C)C,0.6698553221840607
N(C(CCCCCOC(=O)CCCCCCC/C=C\CCCCCCCC)C(=O)NC(C)(C)C)(C(=O)CCCCCCCCCCCCCCC)CCN(C)C,0.6520633569934995
N(C(CCCCCOC(=O)CCCCCCC/C=C\CCCCCCCC)C(=O)NC2CCCCC2)(C(=O)CCCCCCCCCCCCCCC)CCCN(CCCC)CCCC,0.7556875424457549
N(C(CCCCCOC(=O)CCCCCCC/C=C\CCCCCCCC)C(=O)NC2CCCCC2)(C(=O)CCCCCCCCCCCCCCC)CCCN(C)C,0.7038032678084201
N(C(CCCCCOC(=O)CCCCCCC/C=C\CCCCCCCC)C(=O)NC2CCCCC2)(C(=O)CCCCCCCCCCCCCCC)CCN(C)C,0.6871221498667611
N(C(CCCCCOC(=O)CCCCCCC/C=C\CCCCCCCC)C(=O)NCCCC)(C(=O)CCCCCCCCCCCCCCC)CCCN(CCCC)CCCC,0.8024354698629832
N(C(CCCCCOC(=O)CCCCCCC/C=C\CCCCCCCC)C(=O)NCCCC)(C(=O)CCCCCCCCCCCCCCC)CCCN(C)C,0.746652718790497
N(C(CCCCCOC(=O)CCCCCCC/C=C\CCCCCCCC)C(=O)NCCCC)(C(=O)CCCCCCCCCCCCCCC)CCN(C)C,0.7305499469066303
N(C(CCCCCOC(=O)CCCCCCC/C=C\CCCCCCCC)C(=O)NCC(=O)OC(C)(C)C)(C(=O)CCCCC(=O)OC(CCCCCCCC)CCCCCCCC)CCCN(CCCC)CCCC,0.7144856562061961
N(C(CCCCCOC(=O)CCCCCCC/C=C\CCCCCCCC)C(=O)NCC(=O)OC(C)(C)C)(C(=O)CCCCC(=O)OC(CCCCCCCC)CCCCCCCC)CCCN(C)C,0.6686742824061195
N(C(CCCCCOC(=O)CCCCCCC/C=C\CCCCCCCC)C(=O)NCC(=O)OC(C)(C)C)(C(=O)CCCCC(=O)OC(CCCCCCCC)CCCCCCCC)CCN(C)C,0.6543361221977115
N(C(CCCCCOC(=O)CCCCCCC/C=C\CCCCCCCC)C(=O)NC(C)(C)C)(C(=O)CCCCC(=O)OC(CCCCCCCC)CCCCCCCC)CCCN(CCCC)CCCC,0.7279314448969489
N(C(CCCCCOC(=O)CCCCCCC/C=C\CCCCCCCC)C(=O)NC(C)(C)C)(C(=O)CCCCC(=O)OC(CCCCCCCC)CCCCCCCC)CCCN(C)C,0.6806181172521573
N(C(CCCCCOC(=O)CCCCCCC/C=C\CCCCCCCC)C(=O)NC(C)(C)C)(C(=O)CCCCC(=O)OC(CCCCCCCC)CCCCCCCC)CCN(C)C,0.6654317082410486
N(C(CCCCCOC(=O)CCCCCCC/C=C\CCCCCCCC)C(=O)NC2CCCCC2)(C(=O)CCCCC(=O)OC(CCCCCCCC)CCCCCCCC)CCCN(CCCC)CCCC,0.7540111168156621
N(C(CCCCCOC(=O)CCCCCCC/C=C\CCCCCCCC)C(=O)NC2CCCCC2)(C(=O)CCCCC(=O)OC(CCCCCCCC)CCCCCCCC)CCCN(C)C,0.7100227890807012
N(C(CCCCCOC(=O)CCCCCCC/C=C\CCCCCCCC)C(=O)NC2CCCCC2)(C(=O)CCCCC(=O)OC(CCCCCCCC)CCCCCCCC)CCN(C)C,0.6956755430373162
N(C(CCCCCOC(=O)CCCCCCC/C=C\CCCCCCCC)C(=O)NCCCC)(C(=O)CCCCC(=O)OC(CCCCCCCC)CCCCCCCC)CCCN(CCCC)CCCC,0.796331807832796
N(C(CCCCCOC(=O)CCCCCCC/C=C\CCCCCCCC)C(=O)NCCCC)(C(=O)CCCCC(=O)OC(CCCCCCCC)CCCCCCCC)CCCN(C)C,0.7470431127718016
N(C(CCCCCOC(=O)CCCCCCC/C=C\CCCCCCCC)C(=O)NCCCC)(C(=O)CCCCC(=O)OC(CCCCCCCC)CCCCCCCC)CCN(C)C,0.7331001566926274
N(C(CCCCCOC(=O)CCCCCCC/C=C\C/C=C\CCCCC)C(=O)NCC(=O)OC(C)(C)C)(C(=O)CCCCCCC/C=C\CCCCCCCC)CCCN(CCCC)CCCC,0.7179873251294708
N(C(CCCCCOC(=O)CCCCCCC/C=C\C/C=C\CCCCC)C(=O)NCC(=O)OC(C)(C)C)(C(=O)CCCCCCC/C=C\CCCCCCCC)CCCN(C)C,0.6683623947897805
N(C(CCCCCOC(=O)CCCCCCC/C=C\C/C=C\CCCCC)C(=O)NCC(=O)OC(C)(C)C)(C(=O)CCCCCCC/C=C\CCCCCCCC)CCN(C)C,0.6529665364978594
N(C(CCCCCOC(=O)CCCCCCC/C=C\C/C=C\CCCCC)C(=O)NC(C)(C)C)(C(=O)CCCCCCC/C=C\CCCCCCCC)CCCN(CCCC)CCCC,0.7329480728797098
N(C(CCCCCOC(=O)CCCCCCC/C=C\C/C=C\CCCCC)C(=O)NC(C)(C)C)(C(=O)CCCCCCC/C=C\CCCCCCCC)CCCN(C)C,0.6807165174388049
N(C(CCCCCOC(=O)CCCCCCC/C=C\C/C=C\CCCCC)C(=O)NC(C)(C)C)(C(=O)CCCCCCC/C=C\CCCCCCCC)CCN(C)C,0.6646611344197209
N(C(CCCCCOC(=O)CCCCCCC/C=C\C/C=C\CCCCC)C(=O)NC2CCCCC2)(C(=O)CCCCCCC/C=C\CCCCCCCC)CCCN(CCCC)CCCC,0.7647121519597312
N(C(CCCCCOC(=O)CCCCCCC/C=C\C/C=C\CCCCC)C(=O)NC2CCCCC2)(C(=O)CCCCCCC/C=C\CCCCCCCC)CCCN(C)C,0.7136957230240675
N(C(CCCCCOC(=O)CCCCCCC/C=C\C/C=C\CCCCC)C(=O)NC2CCCCC2)(C(=O)CCCCCCC/C=C\CCCCCCCC)CCN(C)C,0.697811426871448
N(C(CCCCCOC(=O)CCCCCCC/C=C\C/C=C\CCCCC)C(=O)NCCCC)(C(=O)CCCCCCC/C=C\CCCCCCCC)CCCN(CCCC)CCCC,0.8109184329663298
N(C(CCCCCOC(=O)CCCCCCC/C=C\C/C=C\CCCCC)C(=O)NCCCC)(C(=O)CCCCCCC/C=C\CCCCCCCC)CCCN(C)C,0.756239046690412
N(C(CCCCCOC(=O)CCCCCCC/C=C\C/C=C\CCCCC)C(=O)NCCCC)(C(=O)CCCCCCC/C=C\CCCCCCCC)CCN(C)C,0.7395689742736272
N(C(CCCCCOC(=O)CCCCCCC/C=C\C/C=C\CCCCC)C(=O)NCC(=O)OC(C)(C)C)(C(=O)CCCCCCC/C=C\C/C=C\CCCCC)CCCN(CCCC)CCCC,0.7204943029686487
N(C(CCCCCOC(=O)CCCCCCC/C=C\C/C=C\CCCCC)C(=O)NCC(=O)OC(C)(C)C)(C(=O)CCCCCCC/C=C\C/C=C\CCCCC)CCCN(C)C,0.6720812923689135
N(C(CCCCCOC(=O)CCCCCCC/C=C\C/C=C\CCCCC)C(=O)NCC(=O)OC(C)(C)C)(C(=O)CCCCCCC/C=C\C/C=C\CCCCC)CCN(C)C,0.6571606885692924
N(C(CCCCCOC(=O)CCCCCCC/C=C\C/C=C\CCCCC)C(=O)NC(C)(C)C)(C(=O)CCCCCCC/C=C\C/C=C\CCCCC)CCCN(CCCC)CCCC,0.7361064991482931
N(C(CCCCCOC(=O)CCCCCCC/C=C\C/C=C\CCCCC)C(=O)NC(C)(C)C)(C(=O)CCCCCCC/C=C\C/C=C\CCCCC)CCCN(C)C,0.6843284040726517
N(C(CCCCCOC(=O)CCCCCCC/C=C\C/C=C\CCCCC)C(=O)NC(C)(C)C)(C(=O)CCCCCCC/C=C\C/C=C\CCCCC)CCN(C)C,0.6683021788638537
N(C(CCCCCOC(=O)CCCCCCC/C=C\C/C=C\CCCCC)C(=O)NC2CCCCC2)(C(=O)CCCCCCC/C=C\C/C=C\CCCCC)CCCN(CCCC)CCCC,0.7691326779065419
N(C(CCCCCOC(=O)CCCCCCC/C=C\C/C=C\CCCCC)C(=O)NC2CCCCC2)(C(=O)CCCCCCC/C=C\C/C=C\CCCCC)CCCN(C)C,0.7164075775342981
N(C(CCCCCOC(=O)CCCCCCC/C=C\C/C=C\CCCCC)C(=O)NC2CCCCC2)(C(=O)CCCCCCC/C=C\C/C=C\CCCCC)CCN(C)C,0.701509005399883
N(C(CCCCCOC(=O)CCCCCCC/C=C\C/C=C\CCCCC)C(=O)NCCCC)(C(=O)CCCCCCC/C=C\C/C=C\CCCCC)CCCN(CCCC)CCCC,0.8139522110805538
N(C(CCCCCOC(=O)CCCCCCC/C=C\C/C=C\CCCCC)C(=O)NCCCC)(C(=O)CCCCCCC/C=C\C/C=C\CCCCC)CCCN(C)C,0.7609094034068224
N(C(CCCCCOC(=O)CCCCCCC/C=C\C/C=C\CCCCC)C(=O)NCCCC)(C(=O)CCCCCCC/C=C\C/C=C\CCCCC)CCN(C)C,0.7438709092893967
N(C(CCCCCOC(=O)CCCCCCC/C=C\C/C=C\CCCCC)C(=O)NCC(=O)OC(C)(C)C)(C(=O)CCCCCCCCCCCCCCC)CCCN(CCCC)CCCC,0.712259804790428
N(C(CCCCCOC(=O)CCCCCCC/C=C\C/C=C\CCCCC)C(=O)NCC(=O)OC(C)(C)C)(C(=O)CCCCCCCCCCCCCCC)CCCN(C)C,0.6604617565085624
N(C(CCCCCOC(=O)CCCCCCC/C=C\C/C=C\CCCCC)C(=O)NCC(=O)OC(C)(C)C)(C(=O)CCCCCCCCCCCCCCC)CCN(C)C,0.6443462169480939
N(C(CCCCCOC(=O)CCCCCCC/C=C\C/C=C\CCCCC)C(=O)NC(C)(C)C)(C(=O)CCCCCCCCCCCCCCC)CCCN(CCCC)CCCC,0.7273488231521087
N(C(CCCCCOC(=O)CCCCCCC/C=C\C/C=C\CCCCC)C(=O)NC(C)(C)C)(C(=O)CCCCCCCCCCCCCCC)CCCN(C)C,0.6727642739902984
N(C(CCCCCOC(=O)CCCCCCC/C=C\C/C=C\CCCCC)C(=O)NC(C)(C)C)(C(=O)CCCCCCCCCCCCCCC)CCN(C)C,0.655866936930001
N(C(CCCCCOC(=O)CCCCCCC/C=C\C/C=C\CCCCC)C(=O)NC2CCCCC2)(C(=O)CCCCCCCCCCCCCCC)CCCN(CCCC)CCCC,0.7602037962748082
N(C(CCCCCOC(=O)CCCCCCC/C=C\C/C=C\CCCCC)C(=O)NC2CCCCC2)(C(=O)CCCCCCCCCCCCCCC)CCCN(C)C,0.7070357466012941
N(C(CCCCCOC(=O)CCCCCCC/C=C\C/C=C\CCCCC)C(=O)NC2CCCCC2)(C(=O)CCCCCCCCCCCCCCC)CCN(C)C,0.690462649142141
N(C(CCCCCOC(=O)CCCCCCC/C=C\C/C=C\CCCCC)C(=O)NCCCC)(C(=O)CCCCCCCCCCCCCCC)CCCN(CCCC)CCCC,0.8076490763726664
N(C(CCCCCOC(=O)CCCCCCC/C=C\C/C=C\CCCCC)C(=O)NCCCC)(C(=O)CCCCCCCCCCCCCCC)CCCN(C)C,0.7507979379990467
N(C(CCCCCOC(=O)CCCCCCC/C=C\C/C=C\CCCCC)C(=O)NCCCC)(C(=O)CCCCCCCCCCCCCCC)CCN(C)C,0.7334870469859344
N(C(CCCCCOC(=O)CCCCCCC/C=C\C/C=C\CCCCC)C(=O)NCC(=O)OC(C)(C)C)(C(=O)CCCCC(=O)OC(CCCCCCCC)CCCCCCCC)CCN1CCCC1,0.6706078431045189
N(C(CCCCCOC(=O)CCCCCCC/C=C\C/C=C\CCCCC)C(=O)NCC(=O)OC(C)(C)C)(C(=O)CCCCC(=O)OC(CCCCCCCC)CCCCCCCC)CCCN(CCN1C)CC1,0.6776304809273268
N(C(CCCCCOC(=O)CCCCCCC/C=C\C/C=C\CCCCC)C(=O)NCC(=O)OC(C)(C)C)(C(=O)CCCCC(=O)OC(CCCCCCCC)CCCCCCCC)CCCN1CCCC1,0.6856925263946092
N(C(CCCCCOC(=O)CCCCCCC/C=C\C/C=C\CCCCC)C(=O)NCC(=O)OC(C)(C)C)(C(=O)CCCCC(=O)OC(CCCCCCCC)CCCCCCCC)CCCN1CCCCC1,0.6848606083410502
N(C(CCCCCOC(=O)CCCCCCC/C=C\C/C=C\CCCCC)C(=O)NCC(=O)OC(C)(C)C)(C(=O)CCCCC(=O)OC(CCCCCCCC)CCCCCCCC)CCCN1CCCCCC1,0.6825655145489206
N(C(CCCCCOC(=O)CCCCCCC/C=C\C/C=C\CCCCC)C(=O)NCC(=O)OC(C)(C)C)(C(=O)CCCCC(=O)OC(CCCCCCCC)CCCCCCCC)CCCN1CCOCC1,0.3293443564401238
N(C(CCCCCOC(=O)CCCCCCC/C=C\C/C=C\CCCCC)C(=O)NCC(=O)OC(C)(C)C)(C(=O)CCCCC(=O)OC(CCCCCCCC)CCCCCCCC)CCN1CCCCCC1,0.6681445722884989
N(C(CCCCCOC(=O)CCCCCCC/C=C\C/C=C\CCCCC)C(=O)NCC(=O)OC(C)(C)C)(C(=O)CCCCC(=O)OC(CCCCCCCC)CCCCCCCC)CCN1CCCCC1CC,0.6461124913907381
N(C(CCCCCOC(=O)CCCCCCC/C=C\C/C=C\CCCCC)C(=O)NCC(=O)OC(C)(C)C)(C(=O)CCCCC(=O)OC(CCCCCCCC)CCCCCCCC)CCN1C=CN=C1,0.4521767096485248
N(C(CCCCCOC(=O)CCCCCCC/C=C\C/C=C\CCCCC)C(=O)NCC(=O)OC(C)(C)C)(C(=O)CCCCC(=O)OC(CCCCCCCC)CCCCCCCC)CCN1CCN(C)CCC1,0.6472035042025008
N(C(CCCCCOC(=O)CCCCCCC/C=C\C/C=C\CCCCC)C(=O)NCC(=O)OC(C)(C)C)(C(=O)CCCCC(=O)OC(CCCCCCCC)CCCCCCCC)CCCN1CCN(C)CCC1,0.6610567302382081
N(C(CCCCCOC(=O)CCCCCCC/C=C\C/C=C\CCCCC)C(=O)NCC(=O)OC(C)(C)C)(C(=O)CCCCC(=O)OC(CCCCCCCC)CCCCCCCC)CCN1CCCCC1,0.6701746328681913
N(C(CCCCCOC(=O)CCCCCCC/C=C\C/C=C\CCCCC)C(=O)NCC(=O)OC(C)(C)C)(C(=O)CCCCC(=O)OC(CCCCCCCC)CCCCCCCC)CCCN(CCO)CCO,0.6116075187592845
N(C(CCCCCOC(=O)CCCCCCC/C=C\C/C=C\CCCCC)C(=O)NCC(=O)OC(C)(C)C)(C(=O)CCCCC(=O)OC(CCCCCCCC)CCCCCCCC)CCCN(CC)CC,0.6728261526834105
N(C(CCCCCOC(=O)CCCCCCC/C=C\C/C=C\CCCCC)C(=O)NCC(=O)OC(C)(C)C)(C(=O)CCCCC(=O)OC(CCCCCCCC)CCCCCCCC)CCCN(CCCC)CCCC,0.7168571185197675
N(C(CCCCCOC(=O)CCCCCCC/C=C\C/C=C\CCCCC)C(=O)NCC(=O)OC(C)(C)C)(C(=O)CCCCC(=O)OC(CCCCCCCC)CCCCCCCC)CCCN(C)C,0.6714553199081693
N(C(CCCCCOC(=O)CCCCCCC/C=C\C/C=C\CCCCC)C(=O)NCC(=O)OC(C)(C)C)(C(=O)CCCCC(=O)OC(CCCCCCCC)CCCCCCCC)CCCN1CCN(CC1)CCCN,0.7165473687469527
N(C(CCCCCOC(=O)CCCCCCC/C=C\C/C=C\CCCCC)C(=O)NCC(=O)OC(C)(C)C)(C(=O)CCCCC(=O)OC(CCCCCCCC)CCCCCCCC)CCN(C)CCN,0.704044784742093
N(C(CCCCCOC(=O)CCCCCCC/C=C\C/C=C\CCCCC)C(=O)NCC(=O)OC(C)(C)C)(C(=O)CCCCC(=O)OC(CCCCCCCC)CCCCCCCC)CCCN1CCCCC1CC,0.6610140327522699
N(C(CCCCCOC(=O)CCCCCCC/C=C\C/C=C\CCCCC)C(=O)NCC(=O)OC(C)(C)C)(C(=O)CCCCC(=O)OC(CCCCCCCC)CCCCCCCC)CCN(CC1)CCS1(=O)=O,0.6210943775507898
N(C(CCCCCOC(=O)CCCCCCC/C=C\C/C=C\CCCCC)C(=O)NCC(=O)OC(C)(C)C)(C(=O)CCCCC(=O)OC(CCCCCCCC)CCCCCCCC)C1CCN(CC2=CC=CC=C2)CC1,0.5356667441760182
N(C(CCCCCOC(=O)CCCCCCC/C=C\C/C=C\CCCCC)C(=O)NCC(=O)OC(C)(C)C)(C(=O)CCCCC(=O)OC(CCCCCCCC)CCCCCCCC)CCCN1C=CN=C1,0.46971234146210067
N(C(CCCCCOC(=O)CCCCCCC/C=C\C/C=C\CCCCC)C(=O)NCC(=O)OC(C)(C)C)(C(=O)CCCCC(=O)OC(CCCCCCCC)CCCCCCCC)CC1=CC=CN=C1,0.4896449709424517
N(C(CCCCCOC(=O)CCCCCCC/C=C\C/C=C\CCCCC)C(=O)NCC(=O)OC(C)(C)C)(C(=O)CCCCC(=O)OC(CCCCCCCC)CCCCCCCC)CCN1CCOCC1,0.29824535454197354
N(C(CCCCCOC(=O)CCCCCCC/C=C\C/C=C\CCCCC)C(=O)NCC(=O)OC(C)(C)C)(C(=O)CCCCC(=O)OC(CCCCCCCC)CCCCCCCC)CCN(C)C,0.6577731807389268
N(C(CCCCCOC(=O)CCCCCCC/C=C\C/C=C\CCCCC)C(=O)NC(C)(C)C)(C(=O)CCCCC(=O)OC(CCCCCCCC)CCCCCCCC)CCCN(CCCC)CCCC,0.7302926336846964
N(C(CCCCCOC(=O)CCCCCCC/C=C\C/C=C\CCCCC)C(=O)NC(C)(C)C)(C(=O)CCCCC(=O)OC(CCCCCCCC)CCCCCCCC)CCCN(C)C,0.6833752227836465
N(C(CCCCCOC(=O)CCCCCCC/C=C\C/C=C\CCCCC)C(=O)NC(C)(C)C)(C(=O)CCCCC(=O)OC(CCCCCCCC)CCCCCCCC)CCN(C)C,0.6683652452478126
N(C(CCCCCOC(=O)CCCCCCC/C=C\C/C=C\CCCCC)C(=O)NC2CCCCC2)(C(=O)CCCCC(=O)OC(CCCCCCCC)CCCCCCCC)CCCN(CCCC)CCCC,0.7579189166239599
N(C(CCCCCOC(=O)CCCCCCC/C=C\C/C=C\CCCCC)C(=O)NC2CCCCC2)(C(=O)CCCCC(=O)OC(CCCCCCCC)CCCCCCCC)CCCN(C)C,0.7128275803996847
N(C(CCCCCOC(=O)CCCCCCC/C=C\C/C=C\CCCCC)C(=O)NC2CCCCC2)(C(=O)CCCCC(=O)OC(CCCCCCCC)CCCCCCCC)CCN(C)C,0.6985220223050183
N(C(CCCCCOC(=O)CCCCCCC/C=C\C/C=C\CCCCC)C(=O)NCCCC)(C(=O)CCCCC(=O)OC(CCCCCCCC)CCCCCCCC)CCN1CCCC1,0.7486708430771802
N(C(CCCCCOC(=O)CCCCCCC/C=C\C/C=C\CCCCC)C(=O)NCCCC)(C(=O)CCCCC(=O)OC(CCCCCCCC)CCCCCCCC)CCCN(CCN1C)CC1,0.7533003432284648
N(C(CCCCCOC(=O)CCCCCCC/C=C\C/C=C\CCCCC)C(=O)NCCCC)(C(=O)CCCCC(=O)OC(CCCCCCCC)CCCCCCCC)CCCN1CCCC1,0.7657106436545373
N(C(CCCCCOC(=O)CCCCCCC/C=C\C/C=C\CCCCC)C(=O)NCCCC)(C(=O)CCCCC(=O)OC(CCCCCCCC)CCCCCCCC)CCCN1CCCCC1,0.7635503527735061
N(C(CCCCCOC(=O)CCCCCCC/C=C\C/C=C\CCCCC)C(=O)NCCCC)(C(=O)CCCCC(=O)OC(CCCCCCCC)CCCCCCCC)CCCN1CCCCCC1,0.7596724233900024
N(C(CCCCCOC(=O)CCCCCCC/C=C\C/C=C\CCCCC)C(=O)NCCCC)(C(=O)CCCCC(=O)OC(CCCCCCCC)CCCCCCCC)CCCN1CCOCC1,0.37421110032529137
N(C(CCCCCOC(=O)CCCCCCC/C=C\C/C=C\CCCCC)C(=O)NCCCC)(C(=O)CCCCC(=O)OC(CCCCCCCC)CCCCCCCC)CCN1CCCCCC1,0.7434974992871997
N(C(CCCCCOC(=O)CCCCCCC/C=C\C/C=C\CCCCC)C(=O)NCCCC)(C(=O)CCCCC(=O)OC(CCCCCCCC)CCCCCCCC)CCN1CCCCC1CC,0.7168642446648477
N(C(CCCCCOC(=O)CCCCCCC/C=C\C/C=C\CCCCC)C(=O)NCCCC)(C(=O)CCCCC(=O)OC(CCCCCCCC)CCCCCCCC)CCN1C=CN=C1,0.5059428804324283
N(C(CCCCCOC(=O)CCCCCCC/C=C\C/C=C\CCCCC)C(=O)NCCCC)(C(=O)CCCCC(=O)OC(CCCCCCCC)CCCCCCCC)CCN1CCN(C)CCC1,0.7182882859900201
N(C(CCCCCOC(=O)CCCCCCC/C=C\C/C=C\CCCCC)C(=O)NCCCC)(C(=O)CCCCC(=O)OC(CCCCCCCC)CCCCCCCC)CCCN1CCN(C)CCC1,0.7328190302692177
N(C(CCCCCOC(=O)CCCCCCC/C=C\C/C=C\CCCCC)C(=O)NCCCC)(C(=O)CCCCC(=O)OC(CCCCCCCC)CCCCCCCC)CCN1CCCCC1,0.7470228032583234
N(C(CCCCCOC(=O)CCCCCCC/C=C\C/C=C\CCCCC)C(=O)NCCCC)(C(=O)CCCCC(=O)OC(CCCCCCCC)CCCCCCCC)CCCN(CCO)CCO,0.6794866041825226
N(C(CCCCCOC(=O)CCCCCCC/C=C\C/C=C\CCCCC)C(=O)NCCCC)(C(=O)CCCCC(=O)OC(CCCCCCCC)CCCCCCCC)CCCN(CC)CC,0.7499406033613688
N(C(CCCCCOC(=O)CCCCCCC/C=C\C/C=C\CCCCC)C(=O)NCCCC)(C(=O)CCCCC(=O)OC(CCCCCCCC)CCCCCCCC)CCCN(CCCC)CCCC,0.7990833312173058
N(C(CCCCCOC(=O)CCCCCCC/C=C\C/C=C\CCCCC)C(=O)NCCCC)(C(=O)CCCCC(=O)OC(CCCCCCCC)CCCCCCCC)CCCN(C)C,0.7504394335169755
N(C(CCCCCOC(=O)CCCCCCC/C=C\C/C=C\CCCCC)C(=O)NCCCC)(C(=O)CCCCC(=O)OC(CCCCCCCC)CCCCCCCC)CCCN1CCN(CC1)CCCN,0.7978039506372592
N(C(CCCCCOC(=O)CCCCCCC/C=C\C/C=C\CCCCC)C(=O)NCCCC)(C(=O)CCCCC(=O)OC(CCCCCCCC)CCCCCCCC)CCN(C)CCN,0.7884343169323216
N(C(CCCCCOC(=O)CCCCCCC/C=C\C/C=C\CCCCC)C(=O)NCCCC)(C(=O)CCCCC(=O)OC(CCCCCCCC)CCCCCCCC)CCCN1CCCCC1CC,0.7325688431923639
N(C(CCCCCOC(=O)CCCCCCC/C=C\C/C=C\CCCCC)C(=O)NCCCC)(C(=O)CCCCC(=O)OC(CCCCCCCC)CCCCCCCC)CCN(CC1)CCS1(=O)=O,0.688931893794394
N(C(CCCCCOC(=O)CCCCCCC/C=C\C/C=C\CCCCC)C(=O)NCCCC)(C(=O)CCCCC(=O)OC(CCCCCCCC)CCCCCCCC)C1CCN(CC2=CC=CC=C2)CC1,0.5964863139756588
N(C(CCCCCOC(=O)CCCCCCC/C=C\C/C=C\CCCCC)C(=O)NCCCC)(C(=O)CCCCC(=O)OC(CCCCCCCC)CCCCCCCC)CCCN1C=CN=C1,0.5253923275840776
N(C(CCCCCOC(=O)CCCCCCC/C=C\C/C=C\CCCCC)C(=O)NCCCC)(C(=O)CCCCC(=O)OC(CCCCCCCC)CCCCCCCC)CC1=CC=CN=C1,0.549211170591588
N(C(CCCCCOC(=O)CCCCCCC/C=C\C/C=C\CCCCC)C(=O)NCCCC)(C(=O)CCCCC(=O)OC(CCCCCCCC)CCCCCCCC)CCN1CCOCC1,0.34014111946643544
N(C(CCCCCOC(=O)CCCCCCC/C=C\C/C=C\CCCCC)C(=O)NCCCC)(C(=O)CCCCC(=O)OC(CCCCCCCC)CCCCCCCC)CCN(C)C,0.7359316710556614
N(C(CCCCCOC(=O)CCCCCCCCCCCCCCCCC)C(=O)NCC(=O)OC(C)(C)C)(C(=O)CCCCCCC/C=C\CCCCCCCC)CCCN(CCCC)CCCC,0.7125717517913093
N(C(CCCCCOC(=O)CCCCCCCCCCCCCCCCC)C(=O)NCC(=O)OC(C)(C)C)(C(=O)CCCCCCC/C=C\CCCCCCCC)CCCN(C)C,0.6614592386661489
N(C(CCCCCOC(=O)CCCCCCCCCCCCCCCCC)C(=O)NCC(=O)OC(C)(C)C)(C(=O)CCCCCCC/C=C\CCCCCCCC)CCN(C)C,0.6458855830544793
N(C(CCCCCOC(=O)CCCCCCCCCCCCCCCCC)C(=O)NC(C)(C)C)(C(=O)CCCCCCC/C=C\CCCCCCCC)CCCN(CCCC)CCCC,0.7273070164343055
N(C(CCCCCOC(=O)CCCCCCCCCCCCCCCCC)C(=O)NC(C)(C)C)(C(=O)CCCCCCC/C=C\CCCCCCCC)CCCN(C)C,0.6743457437371988
N(C(CCCCCOC(=O)CCCCCCCCCCCCCCCCC)C(=O)NC(C)(C)C)(C(=O)CCCCCCC/C=C\CCCCCCCC)CCN(C)C,0.6572138971192238
N(C(CCCCCOC(=O)CCCCCCCCCCCCCCCCC)C(=O)NC2CCCCC2)(C(=O)CCCCCCC/C=C\CCCCCCCC)CCCN(CCCC)CCCC,0.757574129971168
N(C(CCCCCOC(=O)CCCCCCCCCCCCCCCCC)C(=O)NC2CCCCC2)(C(=O)CCCCCCC/C=C\CCCCCCCC)CCCN(C)C,0.7069224408945205
N(C(CCCCCOC(=O)CCCCCCCCCCCCCCCCC)C(=O)NC2CCCCC2)(C(=O)CCCCCCC/C=C\CCCCCCCC)CCN(C)C,0.6908493018972786
N(C(CCCCCOC(=O)CCCCCCCCCCCCCCCCC)C(=O)NCCCC)(C(=O)CCCCCCC/C=C\CCCCCCCC)CCCN(CCCC)CCCC,0.8026019247351458
N(C(CCCCCOC(=O)CCCCCCCCCCCCCCCCC)C(=O)NCCCC)(C(=O)CCCCCCC/C=C\CCCCCCCC)CCCN(C)C,0.7485141866545029
N(C(CCCCCOC(=O)CCCCCCCCCCCCCCCCC)C(=O)NCCCC)(C(=O)CCCCCCC/C=C\CCCCCCCC)CCN(C)C,0.7329987278943207
N(C(CCCCCOC(=O)CCCCCCCCCCCCCCCCC)C(=O)NCC(=O)OC(C)(C)C)(C(=O)CCCCCCC/C=C\C/C=C\CCCCC)CCCN(CCCC)CCCC,0.7147597158690682
N(C(CCCCCOC(=O)CCCCCCCCCCCCCCCCC)C(=O)NCC(=O)OC(C)(C)C)(C(=O)CCCCCCC/C=C\C/C=C\CCCCC)CCCN(C)C,0.6646440910560709
N(C(CCCCCOC(=O)CCCCCCCCCCCCCCCCC)C(=O)NCC(=O)OC(C)(C)C)(C(=O)CCCCCCC/C=C\C/C=C\CCCCC)CCN(C)C,0.64911568646566
N(C(CCCCCOC(=O)CCCCCCCCCCCCCCCCC)C(=O)NC(C)(C)C)(C(=O)CCCCCCC/C=C\C/C=C\CCCCC)CCCN(CCCC)CCCC,0.7295235444769271
N(C(CCCCCOC(=O)CCCCCCCCCCCCCCCCC)C(=O)NC(C)(C)C)(C(=O)CCCCCCC/C=C\C/C=C\CCCCC)CCCN(C)C,0.6769405513144888
N(C(CCCCCOC(=O)CCCCCCCCCCCCCCCCC)C(=O)NC(C)(C)C)(C(=O)CCCCCCC/C=C\C/C=C\CCCCC)CCN(C)C,0.6605748246771665
N(C(CCCCCOC(=O)CCCCCCCCCCCCCCCCC)C(=O)NC2CCCCC2)(C(=O)CCCCCCC/C=C\C/C=C\CCCCC)CCCN(CCCC)CCCC,0.7619461387468918
N(C(CCCCCOC(=O)CCCCCCCCCCCCCCCCC)C(=O)NC2CCCCC2)(C(=O)CCCCCCC/C=C\C/C=C\CCCCC)CCCN(C)C,0.7100448801304494
N(C(CCCCCOC(=O)CCCCCCCCCCCCCCCCC)C(=O)NC2CCCCC2)(C(=O)CCCCCCC/C=C\C/C=C\CCCCC)CCN(C)C,0.6940279782947979
N(C(CCCCCOC(=O)CCCCCCCCCCCCCCCCC)C(=O)NCCCC)(C(=O)CCCCCCC/C=C\C/C=C\CCCCC)CCCN(CCCC)CCCC,0.8080520004924034
N(C(CCCCCOC(=O)CCCCCCCCCCCCCCCCC)C(=O)NCCCC)(C(=O)CCCCCCC/C=C\C/C=C\CCCCC)CCCN(C)C,0.7527486608301808
N(C(CCCCCOC(=O)CCCCCCCCCCCCCCCCC)C(=O)NCCCC)(C(=O)CCCCCCC/C=C\C/C=C\CCCCC)CCN(C)C,0.7359266827541053
N(C(CCCCCOC(=O)CCCCCCCCCCCCCCCCC)C(=O)NCC(=O)OC(C)(C)C)(C(=O)CCCCCCCCCCCCCCC)CCCN(CCCC)CCCC,0.706791735516843
N(C(CCCCCOC(=O)CCCCCCCCCCCCCCCCC)C(=O)NCC(=O)OC(C)(C)C)(C(=O)CCCCCCCCCCCCCCC)CCCN(C)C,0.6534220753221045
N(C(CCCCCOC(=O)CCCCCCCCCCCCCCCCC)C(=O)NCC(=O)OC(C)(C)C)(C(=O)CCCCCCCCCCCCCCC)CCN(C)C,0.6373513117065559
N(C(CCCCCOC(=O)CCCCCCCCCCCCCCCCC)C(=O)NC(C)(C)C)(C(=O)CCCCCCCCCCCCCCC)CCCN(CCCC)CCCC,0.7217140614681918
N(C(CCCCCOC(=O)CCCCCCCCCCCCCCCCC)C(=O)NC(C)(C)C)(C(=O)CCCCCCCCCCCCCCC)CCCN(C)C,0.6661959279163466
N(C(CCCCCOC(=O)CCCCCCCCCCCCCCCCC)C(=O)NC(C)(C)C)(C(=O)CCCCCCCCCCCCCCC)CCN(C)C,0.6483329388131538
N(C(CCCCCOC(=O)CCCCCCCCCCCCCCCCC)C(=O)NC2CCCCC2)(C(=O)CCCCCCCCCCCCCCC)CCCN(CCCC)CCCC,0.7529899996102267
N(C(CCCCCOC(=O)CCCCCCCCCCCCCCCCC)C(=O)NC2CCCCC2)(C(=O)CCCCCCCCCCCCCCC)CCCN(C)C,0.7000214819989552
N(C(CCCCCOC(=O)CCCCCCCCCCCCCCCCC)C(=O)NC2CCCCC2)(C(=O)CCCCCCCCCCCCCCC)CCN(C)C,0.6833161945485664
N(C(CCCCCOC(=O)CCCCCCCCCCCCCCCCC)C(=O)NCCCC)(C(=O)CCCCCCCCCCCCCCC)CCCN(CCCC)CCCC,0.7992598220771229
N(C(CCCCCOC(=O)CCCCCCCCCCCCCCCCC)C(=O)NCCCC)(C(=O)CCCCCCCCCCCCCCC)CCCN(C)C,0.7430845391798081
N(C(CCCCCOC(=O)CCCCCCCCCCCCCCCCC)C(=O)NCCCC)(C(=O)CCCCCCCCCCCCCCC)CCN(C)C,0.7268290896376003
N(C(CCCCCOC(=O)CCCCCCCCCCCCCCCCC)C(=O)NCC(=O)OC(C)(C)C)(C(=O)CCCCC(=O)OC(CCCCCCCC)CCCCCCCC)CCCN(CCCC)CCCC,0.711742446657613
N(C(CCCCCOC(=O)CCCCCCCCCCCCCCCCC)C(=O)NCC(=O)OC(C)(C)C)(C(=O)CCCCC(=O)OC(CCCCCCCC)CCCCCCCC)CCCN(C)C,0.6656892590011517
N(C(CCCCCOC(=O)CCCCCCCCCCCCCCCCC)C(=O)NCC(=O)OC(C)(C)C)(C(=O)CCCCC(=O)OC(CCCCCCCC)CCCCCCCC)CCN(C)C,0.65123702108692
N(C(CCCCCOC(=O)CCCCCCCCCCCCCCCCC)C(=O)NC(C)(C)C)(C(=O)CCCCC(=O)OC(CCCCCCCC)CCCCCCCC)CCCN(CCCC)CCCC,0.7250743951807113
N(C(CCCCCOC(=O)CCCCCCCCCCCCCCCCC)C(=O)NC(C)(C)C)(C(=O)CCCCC(=O)OC(CCCCCCCC)CCCCCCCC)CCCN(C)C,0.6774579094473039
N(C(CCCCCOC(=O)CCCCCCCCCCCCCCCCC)C(=O)NC(C)(C)C)(C(=O)CCCCC(=O)OC(CCCCCCCC)CCCCCCCC)CCN(C)C,0.6622188263471448
N(C(CCCCCOC(=O)CCCCCCCCCCCCCCCCC)C(=O)NC2CCCCC2)(C(=O)CCCCC(=O)OC(CCCCCCCC)CCCCCCCC)CCCN(CCCC)CCCC,0.751367613913658
N(C(CCCCCOC(=O)CCCCCCCCCCCCCCCCC)C(=O)NC2CCCCC2)(C(=O)CCCCC(=O)OC(CCCCCCCC)CCCCCCCC)CCCN(C)C,0.706684724571557
N(C(CCCCCOC(=O)CCCCCCCCCCCCCCCCC)C(=O)NC2CCCCC2)(C(=O)CCCCC(=O)OC(CCCCCCCC)CCCCCCCC)CCN(C)C,0.692287357974442
N(C(CCCCCOC(=O)CCCCCCCCCCCCCCCCC)C(=O)NCCCC)(C(=O)CCCCC(=O)OC(CCCCCCCC)CCCCCCCC)CCCN(CCCC)CCCC,0.7939253086392475
N(C(CCCCCOC(=O)CCCCCCCCCCCCCCCCC)C(=O)NCCCC)(C(=O)CCCCC(=O)OC(CCCCCCCC)CCCCCCCC)CCCN(C)C,0.7438641394515706
N(C(CCCCCOC(=O)CCCCCCCCCCCCCCCCC)C(=O)NCCCC)(C(=O)CCCCC(=O)OC(CCCCCCCC)CCCCCCCC)CCN(C)C,0.7298432114683118
N(C(CCCCCOC(=O)CCCCCCCCCCCCCCC)C(=O)NCC(=O)OC(C)(C)C)(C(=O)CCCCCCC/C=C\CCCCCCCC)CCCN(CCCC)CCCC,0.7099035449196942
N(C(CCCCCOC(=O)CCCCCCCCCCCCCCC)C(=O)NCC(=O)OC(C)(C)C)(C(=O)CCCCCCC/C=C\CCCCCCCC)CCCN(C)C,0.6568619249368094
N(C(CCCCCOC(=O)CCCCCCCCCCCCCCC)C(=O)NCC(=O)OC(C)(C)C)(C(=O)CCCCCCC/C=C\CCCCCCCC)CCN(C)C,0.6409184223954828
N(C(CCCCCOC(=O)CCCCCCCCCCCCCCC)C(=O)NC(C)(C)C)(C(=O)CCCCCCC/C=C\CCCCCCCC)CCCN(CCCC)CCCC,0.7249495688727249
N(C(CCCCCOC(=O)CCCCCCCCCCCCCCC)C(=O)NC(C)(C)C)(C(=O)CCCCCCC/C=C\CCCCCCCC)CCCN(C)C,0.6698553221840607
N(C(CCCCCOC(=O)CCCCCCCCCCCCCCC)C(=O)NC(C)(C)C)(C(=O)CCCCCCC/C=C\CCCCCCCC)CCN(C)C,0.6520633569934995
N(C(CCCCCOC(=O)CCCCCCCCCCCCCCC)C(=O)NC2CCCCC2)(C(=O)CCCCCCC/C=C\CCCCCCCC)CCCN(CCCC)CCCC,0.7556876018302972
N(C(CCCCCOC(=O)CCCCCCCCCCCCCCC)C(=O)NC2CCCCC2)(C(=O)CCCCCCC/C=C\CCCCCCCC)CCCN(C)C,0.7038032084238777
N(C(CCCCCOC(=O)CCCCCCCCCCCCCCC)C(=O)NC2CCCCC2)(C(=O)CCCCCCC/C=C\CCCCCCCC)CCN(C)C,0.6871220310976766
N(C(CCCCCOC(=O)CCCCCCCCCCCCCCC)C(=O)NCCCC)(C(=O)CCCCCCC/C=C\CCCCCCCC)CCCN(CCCC)CCCC,0.8024354104784408
N(C(CCCCCOC(=O)CCCCCCCCCCCCCCC)C(=O)NCCCC)(C(=O)CCCCCCC/C=C\CCCCCCCC)CCCN(C)C,0.7466528375595817
N(C(CCCCCOC(=O)CCCCCCCCCCCCCCC)C(=O)NCCCC)(C(=O)CCCCCCC/C=C\CCCCCCCC)CCN(C)C,0.7305499469066303
N(C(CCCCCOC(=O)CCCCCCCCCCCCCCC)C(=O)NCC(=O)OC(C)(C)C)(C(=O)CCCCCCC/C=C\C/C=C\CCCCC)CCCN(CCCC)CCCC,0.712259804790428
N(C(CCCCCOC(=O)CCCCCCCCCCCCCCC)C(=O)NCC(=O)OC(C)(C)C)(C(=O)CCCCCCC/C=C\C/C=C\CCCCC)CCCN(C)C,0.6604617565085624
N(C(CCCCCOC(=O)CCCCCCCCCCCCCCC)C(=O)NCC(=O)OC(C)(C)C)(C(=O)CCCCCCC/C=C\C/C=C\CCCCC)CCN(C)C,0.6443463357171785
N(C(CCCCCOC(=O)CCCCCCCCCCCCCCC)C(=O)NC(C)(C)C)(C(=O)CCCCCCC/C=C\C/C=C\CCCCC)CCCN(CCCC)CCCC,0.7273488231521087
N(C(CCCCCOC(=O)CCCCCCCCCCCCCCC)C(=O)NC(C)(C)C)(C(=O)CCCCCCC/C=C\C/C=C\CCCCC)CCCN(C)C,0.6727643333748408
N(C(CCCCCOC(=O)CCCCCCCCCCCCCCC)C(=O)NC(C)(C)C)(C(=O)CCCCCCC/C=C\C/C=C\CCCCC)CCN(C)C,0.6558668181609163
N(C(CCCCCOC(=O)CCCCCCCCCCCCCCC)C(=O)NC2CCCCC2)(C(=O)CCCCCCC/C=C\C/C=C\CCCCC)CCCN(CCCC)CCCC,0.7602037962748082
N(C(CCCCCOC(=O)CCCCCCCCCCCCCCC)C(=O)NC2CCCCC2)(C(=O)CCCCCCC/C=C\C/C=C\CCCCC)CCCN(C)C,0.7070357466012941
N(C(CCCCCOC(=O)CCCCCCCCCCCCCCC)C(=O)NC2CCCCC2)(C(=O)CCCCCCC/C=C\C/C=C\CCCCC)CCN(C)C,0.6904625303730564
N(C(CCCCCOC(=O)CCCCCCCCCCCCCCC)C(=O)NCCCC)(C(=O)CCCCCCC/C=C\C/C=C\CCCCC)CCCN(CCCC)CCCC,0.8076492545262933
N(C(CCCCCOC(=O)CCCCCCCCCCCCCCC)C(=O)NCCCC)(C(=O)CCCCCCC/C=C\C/C=C\CCCCC)CCCN(C)C,0.7507980567681314
N(C(CCCCCOC(=O)CCCCCCCCCCCCCCC)C(=O)NCCCC)(C(=O)CCCCCCC/C=C\C/C=C\CCCCC)CCN(C)C,0.733487165755019
N(C(CCCCCOC(=O)CCCCCCCCCCCCCCC)C(=O)NCC(=O)OC(C)(C)C)(C(=O)CCCCCCCCCCCCCCC)CCCN(CCCC)CCCC,0.7038634837343468
N(C(CCCCCOC(=O)CCCCCCCCCCCCCCC)C(=O)NCC(=O)OC(C)(C)C)(C(=O)CCCCCCCCCCCCCCC)CCCN(C)C,0.6484919112329822
N(C(CCCCCOC(=O)CCCCCCCCCCCCCCC)C(=O)NCC(=O)OC(C)(C)C)(C(=O)CCCCCCCCCCCCCCC)CCN(C)C,0.6318949411878109
N(C(CCCCCOC(=O)CCCCCCCCCCCCCCC)C(=O)NC(C)(C)C)(C(=O)CCCCCCCCCCCCCCC)CCCN(CCCC)CCCC,0.7190830887046202
N(C(CCCCCOC(=O)CCCCCCCCCCCCCCC)C(=O)NC(C)(C)C)(C(=O)CCCCCCCCCCCCCCC)CCCN(C)C,0.6612458700055424
N(C(CCCCCOC(=O)CCCCCCCCCCCCCCC)C(=O)NC(C)(C)C)(C(=O)CCCCCCCCCCCCCCC)CCN(C)C,0.6428358304983675
N(C(CCCCCOC(=O)CCCCCCCCCCCCCCC)C(=O)NC2CCCCC2)(C(=O)CCCCCCCCCCCCCCC)CCCN(CCCC)CCCC,0.7507426509901336
N(C(CCCCCOC(=O)CCCCCCCCCCCCCCC)C(=O)NC2CCCCC2)(C(=O)CCCCCCCCCCCCCCC)CCCN(C)C,0.6964827571212641
N(C(CCCCCOC(=O)CCCCCCCCCCCCCCC)C(=O)NC2CCCCC2)(C(=O)CCCCCCCCCCCCCCC)CCN(C)C,0.6790751880732318
N(C(CCCCCOC(=O)CCCCCCCCCCCCCCC)C(=O)NCCCC)(C(=O)CCCCCCCCCCCCCCC)CCCN(CCCC)CCCC,0.7989779830392051
N(C(CCCCCOC(=O)CCCCCCCCCCCCCCC)C(=O)NCCCC)(C(=O)CCCCCCCCCCCCCCC)CCCN(C)C,0.7409582756415344
N(C(CCCCCOC(=O)CCCCCCCCCCCCCCC)C(=O)NCCCC)(C(=O)CCCCCCCCCCCCCCC)CCN(C)C,0.724046745675619
N(C(CCCCCOC(=O)CCCCCCCCCCCCCCC)C(=O)NCC(=O)OC(C)(C)C)(C(=O)CCCCC(=O)OC(CCCCCCCC)CCCCCCCC)CCCN(CCCC)CCCC,0.7093041767339158
N(C(CCCCCOC(=O)CCCCCCCCCCCCCCC)C(=O)NCC(=O)OC(C)(C)C)(C(=O)CCCCC(=O)OC(CCCCCCCC)CCCCCCCC)CCCN(C)C,0.6616765267065495
N(C(CCCCCOC(=O)CCCCCCCCCCCCCCC)C(=O)NCC(=O)OC(C)(C)C)(C(=O)CCCCC(=O)OC(CCCCCCCC)CCCCCCCC)CCN(C)C,0.6468472563330383
N(C(CCCCCOC(=O)CCCCCCCCCCCCCCC)C(=O)NC(C)(C)C)(C(=O)CCCCC(=O)OC(CCCCCCCC)CCCCCCCC)CCCN(CCCC)CCCC,0.7228777015752292
N(C(CCCCCOC(=O)CCCCCCCCCCCCCCC)C(=O)NC(C)(C)C)(C(=O)CCCCC(=O)OC(CCCCCCCC)CCCCCCCC)CCCN(C)C,0.6735559293241548
N(C(CCCCCOC(=O)CCCCCCCCCCCCCCC)C(=O)NC(C)(C)C)(C(=O)CCCCC(=O)OC(CCCCCCCC)CCCCCCCC)CCN(C)C,0.6577754967360777
N(C(CCCCCOC(=O)CCCCCCCCCCCCCCC)C(=O)NC2CCCCC2)(C(=O)CCCCC(=O)OC(CCCCCCCC)CCCCCCCC)CCCN(CCCC)CCCC,0.7495858401054647
N(C(CCCCCOC(=O)CCCCCCCCCCCCCCC)C(=O)NC2CCCCC2)(C(=O)CCCCC(=O)OC(CCCCCCCC)CCCCCCCC)CCCN(C)C,0.7038889597030081
N(C(CCCCCOC(=O)CCCCCCCCCCCCCCC)C(=O)NC2CCCCC2)(C(=O)CCCCC(=O)OC(CCCCCCCC)CCCCCCCC)CCN(C)C,0.6890058275495999
N(C(CCCCCOC(=O)CCCCCCCCCCCCCCC)C(=O)NCCCC)(C(=O)CCCCC(=O)OC(CCCCCCCC)CCCCCCCC)CCCN(CCCC)CCCC,0.7931677400326909
N(C(CCCCCOC(=O)CCCCCCCCCCCCCCC)C(=O)NCCCC)(C(=O)CCCCC(=O)OC(CCCCCCCC)CCCCCCCC)CCCN(C)C,0.7420611653617639
N(C(CCCCCOC(=O)CCCCCCCCCCCCCCC)C(=O)NCCCC)(C(=O)CCCCC(=O)OC(CCCCCCCC)CCCCCCCC)CCN(C)C,0.7275538185922461
N(C(CCCCCOC(=O)CCCCCCCCCCCC)C(=O)NCC(=O)OC(C)(C)C)(C(=O)CCCCCCC/C=C\CCCCCCCC)CCCN(CCCC)CCCC,0.7055886046891535
N(C(CCCCCOC(=O)CCCCCCCCCCCC)C(=O)NCC(=O)OC(C)(C)C)(C(=O)CCCCCCC/C=C\CCCCCCCC)CCCN(C)C,0.6496327476757633
N(C(CCCCCOC(=O)CCCCCCCCCCCC)C(=O)NCC(=O)OC(C)(C)C)(C(=O)CCCCCCC/C=C\CCCCCCCC)CCN(C)C,0.6328139763649739
N(C(CCCCCOC(=O)CCCCCCCCCCCC)C(=O)NC(C)(C)C)(C(=O)CCCCCCC/C=C\CCCCCCCC)CCCN(CCCC)CCCC,0.7211189095849191
N(C(CCCCCOC(=O)CCCCCCCCCCCC)C(=O)NC(C)(C)C)(C(=O)CCCCCCC/C=C\CCCCCCCC)CCCN(C)C,0.6624963303134722
N(C(CCCCCOC(=O)CCCCCCCCCCCC)C(=O)NC(C)(C)C)(C(=O)CCCCCCC/C=C\CCCCCCCC)CCN(C)C,0.6439742321749128
N(C(CCCCCOC(=O)CCCCCCCCCCCC)C(=O)NC2CCCCC2)(C(=O)CCCCCCC/C=C\CCCCCCCC)CCCN(CCCC)CCCC,0.7526044751613935
N(C(CCCCCOC(=O)CCCCCCCCCCCC)C(=O)NC2CCCCC2)(C(=O)CCCCCCC/C=C\CCCCCCCC)CCCN(C)C,0.6987069457698468
N(C(CCCCCOC(=O)CCCCCCCCCCCC)C(=O)NC2CCCCC2)(C(=O)CCCCCCC/C=C\CCCCCCCC)CCN(C)C,0.6810234761381301
N(C(CCCCCOC(=O)CCCCCCCCCCCC)C(=O)NCCCC)(C(=O)CCCCCCC/C=C\CCCCCCCC)CCCN(CCCC)CCCC,0.8021767314120334
N(C(CCCCCOC(=O)CCCCCCCCCCCC)C(=O)NCCCC)(C(=O)CCCCCCC/C=C\CCCCCCCC)CCCN(C)C,0.7436022536198771
N(C(CCCCCOC(=O)CCCCCCCCCCCC)C(=O)NCCCC)(C(=O)CCCCCCC/C=C\CCCCCCCC)CCN(C)C,0.7265106103370623
N(C(CCCCCOC(=O)CCCCCCCCCCCC)C(=O)NCC(=O)OC(C)(C)C)(C(=O)CCCCCCC/C=C\C/C=C\CCCCC)CCCN(CCCC)CCCC,0.7082164300719813
N(C(CCCCCOC(=O)CCCCCCCCCCCC)C(=O)NCC(=O)OC(C)(C)C)(C(=O)CCCCCCC/C=C\C/C=C\CCCCC)CCCN(C)C,0.6536481522747706
N(C(CCCCCOC(=O)CCCCCCCCCCCC)C(=O)NCC(=O)OC(C)(C)C)(C(=O)CCCCCCC/C=C\C/C=C\CCCCC)CCN(C)C,0.6365645852897133
N(C(CCCCCOC(=O)CCCCCCCCCCCC)C(=O)NC(C)(C)C)(C(=O)CCCCCCC/C=C\C/C=C\CCCCC)CCCN(CCCC)CCCC,0.7238086730454015
N(C(CCCCCOC(=O)CCCCCCCCCCCC)C(=O)NC(C)(C)C)(C(=O)CCCCCCC/C=C\C/C=C\CCCCC)CCCN(C)C,0.6661952153018386
N(C(CCCCCOC(=O)CCCCCCCCCCCC)C(=O)NC(C)(C)C)(C(=O)CCCCCCC/C=C\C/C=C\CCCCC)CCN(C)C,0.6481445710448699
N(C(CCCCCOC(=O)CCCCCCCCCCCC)C(=O)NC2CCCCC2)(C(=O)CCCCCCC/C=C\C/C=C\CCCCC)CCCN(CCCC)CCCC,0.7573802988249894
N(C(CCCCCOC(=O)CCCCCCCCCCCC)C(=O)NC2CCCCC2)(C(=O)CCCCCCC/C=C\C/C=C\CCCCC)CCCN(C)C,0.7021124711190825
N(C(CCCCCOC(=O)CCCCCCCCCCCC)C(=O)NC2CCCCC2)(C(=O)CCCCCCC/C=C\C/C=C\CCCCC)CCN(C)C,0.6848927947629954
N(C(CCCCCOC(=O)CCCCCCCCCCCC)C(=O)NCCCC)(C(=O)CCCCCCC/C=C\C/C=C\CCCCC)CCCN(CCCC)CCCC,0.8068473850511555
N(C(CCCCCOC(=O)CCCCCCCCCCCC)C(=O)NCCCC)(C(=O)CCCCCCC/C=C\C/C=C\CCCCC)CCCN(C)C,0.7476996682718479
N(C(CCCCCOC(=O)CCCCCCCCCCCC)C(=O)NCCCC)(C(=O)CCCCCCC/C=C\C/C=C\CCCCC)CCN(C)C,0.7298061555138953
N(C(CCCCCOC(=O)CCCCCCCCCCCC)C(=O)NCC(=O)OC(C)(C)C)(C(=O)CCCCCCCCCCCCCCC)CCCN(CCCC)CCCC,0.699117174188291
N(C(CCCCCOC(=O)CCCCCCCCCCCC)C(=O)NCC(=O)OC(C)(C)C)(C(=O)CCCCCCCCCCCCCCC)CCCN(C)C,0.6406486978042012
N(C(CCCCCOC(=O)CCCCCCCCCCCC)C(=O)NCC(=O)OC(C)(C)C)(C(=O)CCCCCCCCCCCCCCC)CCN(C)C,0.6229471158870725
N(C(CCCCCOC(=O)CCCCCCCCCCCC)C(=O)NC(C)(C)C)(C(=O)CCCCCCCCCCCCCCC)CCCN(CCCC)CCCC,0.7147967124389423
N(C(CCCCCOC(=O)CCCCCCCCCCCC)C(=O)NC(C)(C)C)(C(=O)CCCCCCCCCCCCCCC)CCCN(C)C,0.653107574785903
N(C(CCCCCOC(=O)CCCCCCCCCCCC)C(=O)NC(C)(C)C)(C(=O)CCCCCCCCCCCCCCC)CCN(C)C,0.6338877082749175
N(C(CCCCCOC(=O)CCCCCCCCCCCC)C(=O)NC2CCCCC2)(C(=O)CCCCCCCCCCCCCCC)CCCN(CCCC)CCCC,0.7472288082356805
N(C(CCCCCOC(=O)CCCCCCCCCCCC)C(=O)NC2CCCCC2)(C(=O)CCCCCCCCCCCCCCC)CCCN(C)C,0.6907909862767064
N(C(CCCCCOC(=O)CCCCCCCCCCCC)C(=O)NC2CCCCC2)(C(=O)CCCCCCCCCCCCCCC)CCN(C)C,0.6722906822651836
N(C(CCCCCOC(=O)CCCCCCCCCCCC)C(=O)NCCCC)(C(=O)CCCCCCCCCCCCCCC)CCCN(CCCC)CCCC,0.7985191780651315
N(C(CCCCCOC(=O)CCCCCCCCCCCC)C(=O)NCCCC)(C(=O)CCCCCCCCCCCCCCC)CCCN(C)C,0.737461832557985
N(C(CCCCCOC(=O)CCCCCCCCCCCC)C(=O)NCCCC)(C(=O)CCCCCCCCCCCCCCC)CCN(C)C,0.7194639811591514
N(C(CCCCCOC(=O)CCCCCCCCCCCC)C(=O)NCC(=O)OC(C)(C)C)(C(=O)CCCCC(=O)OC(CCCCCCCC)CCCCCCCC)CCCN(CCCC)CCCC,0.7053938233902975
N(C(CCCCCOC(=O)CCCCCCCCCCCC)C(=O)NCC(=O)OC(C)(C)C)(C(=O)CCCCC(=O)OC(CCCCCCCC)CCCCCCCC)CCCN(C)C,0.6552438149272889
N(C(CCCCCOC(=O)CCCCCCCCCCCC)C(=O)NCC(=O)OC(C)(C)C)(C(=O)CCCCC(=O)OC(CCCCCCCC)CCCCCCCC)CCN(C)C,0.6399071036395325
N(C(CCCCCOC(=O)CCCCCCCCCCCC)C(=O)NC(C)(C)C)(C(=O)CCCCC(=O)OC(CCCCCCCC)CCCCCCCC)CCCN(CCCC)CCCC,0.7193370170076411
N(C(CCCCCOC(=O)CCCCCCCCCCCC)C(=O)NC(C)(C)C)(C(=O)CCCCC(=O)OC(CCCCCCCC)CCCCCCCC)CCCN(C)C,0.6672314161810269
N(C(CCCCCOC(=O)CCCCCCCCCCCC)C(=O)NC(C)(C)C)(C(=O)CCCCC(=O)OC(CCCCCCCC)CCCCCCCC)CCN(C)C,0.650622984919185
N(C(CCCCCOC(=O)CCCCCCCCCCCC)C(=O)NC2CCCCC2)(C(=O)CCCCC(=O)OC(CCCCCCCC)CCCCCCCC)CCCN(CCCC)CCCC,0.7471036850049825
N(C(CCCCCOC(=O)CCCCCCCCCCCC)C(=O)NC2CCCCC2)(C(=O)CCCCC(=O)OC(CCCCCCCC)CCCCCCCC)CCCN(C)C,0.699363323116266
N(C(CCCCCOC(=O)CCCCCCCCCCCC)C(=O)NC2CCCCC2)(C(=O)CCCCC(=O)OC(CCCCCCCC)CCCCCCCC)CCN(C)C,0.6836866947081891
N(C(CCCCCOC(=O)CCCCCCCCCCCC)C(=O)NCCCC)(C(=O)CCCCC(=O)OC(CCCCCCCC)CCCCCCCC)CCCN(CCCC)CCCC,0.7916233856247493
N(C(CCCCCOC(=O)CCCCCCCCCCCC)C(=O)NCCCC)(C(=O)CCCCC(=O)OC(CCCCCCCC)CCCCCCCC)CCCN(C)C,0.7392149830167735
N(C(CCCCCOC(=O)CCCCCCCCCCCC)C(=O)NCCCC)(C(=O)CCCCC(=O)OC(CCCCCCCC)CCCCCCCC)CCN(C)C,0.7238628911325525
N(C(CCCCCOC(=O)CCCCCCCCCC)C(=O)NCC(=O)OC(C)(C)C)(C(=O)CCCCCCC/C=C\CCCCCCCC)CCN1CCCC1,0.6438706655330821
N(C(CCCCCOC(=O)CCCCCCCCCC)C(=O)NCC(=O)OC(C)(C)C)(C(=O)CCCCCCC/C=C\CCCCCCCC)CCCN(CCN1C)CC1,0.6536825359247821
N(C(CCCCCOC(=O)CCCCCCCCCC)C(=O)NCC(=O)OC(C)(C)C)(C(=O)CCCCCCC/C=C\CCCCCCCC)CCCN1CCCC1,0.6626588064212985
N(C(CCCCCOC(=O)CCCCCCCCCC)C(=O)NCC(=O)OC(C)(C)C)(C(=O)CCCCCCC/C=C\CCCCCCCC)CCCN1CCCCC1,0.6620378816466527
N(C(CCCCCOC(=O)CCCCCCCCCC)C(=O)NCC(=O)OC(C)(C)C)(C(=O)CCCCCCC/C=C\CCCCCCCC)CCCN1CCCCCC1,0.6596525827347175
N(C(CCCCCOC(=O)CCCCCCCCCC)C(=O)NCC(=O)OC(C)(C)C)(C(=O)CCCCCCC/C=C\CCCCCCCC)CCCN1CCOCC1,0.2438502569163447
N(C(CCCCCOC(=O)CCCCCCCCCC)C(=O)NCC(=O)OC(C)(C)C)(C(=O)CCCCCCC/C=C\CCCCCCCC)CCN1CCCCCC1,0.6417287244756321
N(C(CCCCCOC(=O)CCCCCCCCCC)C(=O)NCC(=O)OC(C)(C)C)(C(=O)CCCCCCC/C=C\CCCCCCCC)CCN1CCCCC1CC,0.6149028857824904
N(C(CCCCCOC(=O)CCCCCCCCCC)C(=O)NCC(=O)OC(C)(C)C)(C(=O)CCCCCCC/C=C\CCCCCCCC)CCN1C=CN=C1,0.3881681008487276
N(C(CCCCCOC(=O)CCCCCCCCCC)C(=O)NCC(=O)OC(C)(C)C)(C(=O)CCCCCCC/C=C\CCCCCCCC)CCN1CCN(C)CCC1,0.6163246704950543
N(C(CCCCCOC(=O)CCCCCCCCCC)C(=O)NCC(=O)OC(C)(C)C)(C(=O)CCCCCCC/C=C\CCCCCCCC)CCCN1CCN(C)CCC1,0.6338800476689563
N(C(CCCCCOC(=O)CCCCCCCCCC)C(=O)NCC(=O)OC(C)(C)C)(C(=O)CCCCCCC/C=C\CCCCCCCC)CCN1CCCCC1,0.6437937031662171
N(C(CCCCCOC(=O)CCCCCCCCCC)C(=O)NCC(=O)OC(C)(C)C)(C(=O)CCCCCCC/C=C\CCCCCCCC)CCCN(CCO)CCO,0.5712791197529187
N(C(CCCCCOC(=O)CCCCCCCCCC)C(=O)NCC(=O)OC(C)(C)C)(C(=O)CCCCCCC/C=C\CCCCCCCC)CCCN(CC)CC,0.6470538551558188
N(C(CCCCCOC(=O)CCCCCCCCCC)C(=O)NCC(=O)OC(C)(C)C)(C(=O)CCCCCCC/C=C\CCCCCCCC)CCCN(CCCC)CCCC,0.7024840402004672
N(C(CCCCCOC(=O)CCCCCCCCCC)C(=O)NCC(=O)OC(C)(C)C)(C(=O)CCCCCCC/C=C\CCCCCCCC)CCCN(C)C,0.6444444983656569
N(C(CCCCCOC(=O)CCCCCCCCCC)C(=O)NCC(=O)OC(C)(C)C)(C(=O)CCCCCCC/C=C\CCCCCCCC)CCCN1CCN(CC1)CCCN,0.702033311524151
N(C(CCCCCOC(=O)CCCCCCCCCC)C(=O)NCC(=O)OC(C)(C)C)(C(=O)CCCCCCC/C=C\CCCCCCCC)CCN(C)CCN,0.685212105447126
N(C(CCCCCOC(=O)CCCCCCCCCC)C(=O)NCC(=O)OC(C)(C)C)(C(=O)CCCCCCC/C=C\CCCCCCCC)CCCN1CCCCC1CC,0.6338277892717024
N(C(CCCCCOC(=O)CCCCCCCCCC)C(=O)NCC(=O)OC(C)(C)C)(C(=O)CCCCCCC/C=C\CCCCCCCC)CCN(CC1)CCS1(=O)=O,0.5830200376178007
N(C(CCCCCOC(=O)CCCCCCCCCC)C(=O)NCC(=O)OC(C)(C)C)(C(=O)CCCCCCC/C=C\CCCCCCCC)C1CCN(CC2=CC=CC=C2)CC1,0.48707923209863413
N(C(CCCCCOC(=O)CCCCCCCCCC)C(=O)NCC(=O)OC(C)(C)C)(C(=O)CCCCCCC/C=C\CCCCCCCC)CCCN1C=CN=C1,0.41050978305794744
N(C(CCCCCOC(=O)CCCCCCCCCC)C(=O)NCC(=O)OC(C)(C)C)(C(=O)CCCCCCC/C=C\CCCCCCCC)CC1=CC=CN=C1,0.4310048732310162
N(C(CCCCCOC(=O)CCCCCCCCCC)C(=O)NCC(=O)OC(C)(C)C)(C(=O)CCCCCCC/C=C\CCCCCCCC)CCN1CCOCC1,0.21035182258518365
N(C(CCCCCOC(=O)CCCCCCCCCC)C(=O)NCC(=O)OC(C)(C)C)(C(=O)CCCCCCC/C=C\CCCCCCCC)CCN(C)C,0.6269199417692263
N(C(CCCCCOC(=O)CCCCCCCCCC)C(=O)NC(C)(C)C)(C(=O)CCCCCCC/C=C\CCCCCCCC)CCCN(CCCC)CCCC,0.718344938843407
N(C(CCCCCOC(=O)CCCCCCCCCC)C(=O)NC(C)(C)C)(C(=O)CCCCCCC/C=C\CCCCCCCC)CCCN(C)C,0.6571812950054824
N(C(CCCCCOC(=O)CCCCCCCCCC)C(=O)NC(C)(C)C)(C(=O)CCCCCCC/C=C\CCCCCCCC)CCN(C)C,0.6380557905322658
N(C(CCCCCOC(=O)CCCCCCCCCC)C(=O)NC2CCCCC2)(C(=O)CCCCCCC/C=C\CCCCCCCC)CCN1CCCC1,0.6928934366135042
N(C(CCCCCOC(=O)CCCCCCCCCC)C(=O)NC2CCCCC2)(C(=O)CCCCCCC/C=C\CCCCCCCC)CCCN(CCN1C)CC1,0.7012837598308096
N(C(CCCCCOC(=O)CCCCCCCCCC)C(=O)NC2CCCCC2)(C(=O)CCCCCCC/C=C\CCCCCCCC)CCCN1CCCC1,0.712651505231664
N(C(CCCCCOC(=O)CCCCCCCCCC)C(=O)NC2CCCCC2)(C(=O)CCCCCCC/C=C\CCCCCCCC)CCCN1CCCCC1,0.7111351803277042
N(C(CCCCCOC(=O)CCCCCCCCCC)C(=O)NC2CCCCC2)(C(=O)CCCCCCC/C=C\CCCCCCCC)CCCN1CCCCCC1,0.7077585752505852
N(C(CCCCCOC(=O)CCCCCCCCCC)C(=O)NC2CCCCC2)(C(=O)CCCCCCC/C=C\CCCCCCCC)CCCN1CCOCC1,0.268878777897337
N(C(CCCCCOC(=O)CCCCCCCCCC)C(=O)NC2CCCCC2)(C(=O)CCCCCCC/C=C\CCCCCCCC)CCN1CCCCCC1,0.6888381849865907
N(C(CCCCCOC(=O)CCCCCCCCCC)C(=O)NC2CCCCC2)(C(=O)CCCCCCC/C=C\CCCCCCCC)CCN1CCCCC1CC,0.6597081666663422
N(C(CCCCCOC(=O)CCCCCCCCCC)C(=O)NC2CCCCC2)(C(=O)CCCCCCC/C=C\CCCCCCCC)CCN1C=CN=C1,0.4206160226259978
N(C(CCCCCOC(=O)CCCCCCCCCC)C(=O)NC2CCCCC2)(C(=O)CCCCCCC/C=C\CCCCCCCC)CCN1CCN(C)CCC1,0.6610976461878764
N(C(CCCCCOC(=O)CCCCCCCCCC)C(=O)NC2CCCCC2)(C(=O)CCCCCCC/C=C\CCCCCCCC)CCCN1CCN(C)CCC1,0.6787961401088036
N(C(CCCCCOC(=O)CCCCCCCCCC)C(=O)NC2CCCCC2)(C(=O)CCCCCCC/C=C\CCCCCCCC)CCN1CCCCC1,0.6919372860973823
N(C(CCCCCOC(=O)CCCCCCCCCC)C(=O)NC2CCCCC2)(C(=O)CCCCCCC/C=C\CCCCCCCC)CCCN(CCO)CCO,0.6164914222899286
N(C(CCCCCOC(=O)CCCCCCCCCC)C(=O)NC2CCCCC2)(C(=O)CCCCCCC/C=C\CCCCCCCC)CCCN(CC)CC,0.6958950876903255
N(C(CCCCCOC(=O)CCCCCCCCCC)C(=O)NC2CCCCC2)(C(=O)CCCCCCC/C=C\CCCCCCCC)CCCN(CCCC)CCCC,0.7504621777966896
N(C(CCCCCOC(=O)CCCCCCCCCC)C(=O)NC2CCCCC2)(C(=O)CCCCCCC/C=C\CCCCCCCC)CCCN(C)C,0.6949945804903706
N(C(CCCCCOC(=O)CCCCCCCCCC)C(=O)NC2CCCCC2)(C(=O)CCCCCCC/C=C\CCCCCCCC)CCCN1CCN(CC1)CCCN,0.7497723075683939
N(C(CCCCCOC(=O)CCCCCCCCCC)C(=O)NC2CCCCC2)(C(=O)CCCCCCC/C=C\CCCCCCCC)CCN(C)CCN,0.736764954953694
N(C(CCCCCOC(=O)CCCCCCCCCC)C(=O)NC2CCCCC2)(C(=O)CCCCCCC/C=C\CCCCCCCC)CCCN1CCCCC1CC,0.678533185355348
N(C(CCCCCOC(=O)CCCCCCCCCC)C(=O)NC2CCCCC2)(C(=O)CCCCCCC/C=C\CCCCCCCC)CCN(CC1)CCS1(=O)=O,0.6277266213922932
N(C(CCCCCOC(=O)CCCCCCCCCC)C(=O)NC2CCCCC2)(C(=O)CCCCCCC/C=C\CCCCCCCC)C1CCN(CC2=CC=CC=C2)CC1,0.5235433898585043
N(C(CCCCCOC(=O)CCCCCCCCCC)C(=O)NC2CCCCC2)(C(=O)CCCCCCC/C=C\CCCCCCCC)CCCN1C=CN=C1,0.4426752422596053
N(C(CCCCCOC(=O)CCCCCCCCCC)C(=O)NC2CCCCC2)(C(=O)CCCCCCC/C=C\CCCCCCCC)CC1=CC=CN=C1,0.4643496500588877
N(C(CCCCCOC(=O)CCCCCCCCCC)C(=O)NC2CCCCC2)(C(=O)CCCCCCC/C=C\CCCCCCCC)CCN1CCOCC1,0.2331733912810057
N(C(CCCCCOC(=O)CCCCCCCCCC)C(=O)NC2CCCCC2)(C(=O)CCCCCCC/C=C\CCCCCCCC)CCN(C)C,0.6765737329964909
N(C(CCCCCOC(=O)CCCCCCCCCC)C(=O)NCCCC)(C(=O)CCCCCCC/C=C\CCCCCCCC)CCCN(CCCC)CCCC,0.802001784550317
N(C(CCCCCOC(=O)CCCCCCCCCC)C(=O)NCCCC)(C(=O)CCCCCCC/C=C\CCCCCCCC)CCCN(C)C,0.741473258392656
N(C(CCCCCOC(=O)CCCCCCCCCC)C(=O)NCCCC)(C(=O)CCCCCCC/C=C\CCCCCCCC)CCN(C)C,0.7235920976195089
N(C(CCCCCOC(=O)CCCCCCCCCC)C(=O)NCC(=O)OC(C)(C)C)(C(=O)CCCCCCC/C=C\C/C=C\CCCCC)CCN1CCCC1,0.6482712382736686
N(C(CCCCCOC(=O)CCCCCCCCCC)C(=O)NCC(=O)OC(C)(C)C)(C(=O)CCCCCCC/C=C\C/C=C\CCCCC)CCCN(CCN1C)CC1,0.6578633858587323
N(C(CCCCCOC(=O)CCCCCCCCCC)C(=O)NCC(=O)OC(C)(C)C)(C(=O)CCCCCCC/C=C\C/C=C\CCCCC)CCCN1CCCC1,0.6669116304205576
N(C(CCCCCOC(=O)CCCCCCCCCC)C(=O)NCC(=O)OC(C)(C)C)(C(=O)CCCCCCC/C=C\C/C=C\CCCCC)CCCN1CCCCC1,0.6662380909414038
N(C(CCCCCOC(=O)CCCCCCCCCC)C(=O)NCC(=O)OC(C)(C)C)(C(=O)CCCCCCC/C=C\C/C=C\CCCCC)CCCN1CCCCCC1,0.6638327200541596
N(C(CCCCCOC(=O)CCCCCCCCCC)C(=O)NCC(=O)OC(C)(C)C)(C(=O)CCCCCCC/C=C\C/C=C\CCCCC)CCCN1CCOCC1,0.24491712991164863
N(C(CCCCCOC(=O)CCCCCCCCCC)C(=O)NCC(=O)OC(C)(C)C)(C(=O)CCCCCCC/C=C\C/C=C\CCCCC)CCN1CCCCCC1,0.6459702654118478
N(C(CCCCCOC(=O)CCCCCCCCCC)C(=O)NCC(=O)OC(C)(C)C)(C(=O)CCCCCCC/C=C\C/C=C\CCCCC)CCN1CCCCC1CC,0.6182700487173783
N(C(CCCCCOC(=O)CCCCCCCCCC)C(=O)NCC(=O)OC(C)(C)C)(C(=O)CCCCCCC/C=C\C/C=C\CCCCC)CCN1C=CN=C1,0.3881076770769026
N(C(CCCCCOC(=O)CCCCCCCCCC)C(=O)NCC(=O)OC(C)(C)C)(C(=O)CCCCCCC/C=C\C/C=C\CCCCC)CCN1CCN(C)CCC1,0.6198171941988095
N(C(CCCCCOC(=O)CCCCCCCCCC)C(=O)NCC(=O)OC(C)(C)C)(C(=O)CCCCCCC/C=C\C/C=C\CCCCC)CCCN1CCN(C)CCC1,0.6378453910987759
N(C(CCCCCOC(=O)CCCCCCCCCC)C(=O)NCC(=O)OC(C)(C)C)(C(=O)CCCCCCC/C=C\C/C=C\CCCCC)CCN1CCCCC1,0.6481188575380392
N(C(CCCCCOC(=O)CCCCCCCCCC)C(=O)NCC(=O)OC(C)(C)C)(C(=O)CCCCCCC/C=C\C/C=C\CCCCC)CCCN(CCO)CCO,0.5745839289183556
N(C(CCCCCOC(=O)CCCCCCCCCC)C(=O)NCC(=O)OC(C)(C)C)(C(=O)CCCCCCC/C=C\C/C=C\CCCCC)CCCN(CC)CC,0.6513790689121832
N(C(CCCCCOC(=O)CCCCCCCCCC)C(=O)NCC(=O)OC(C)(C)C)(C(=O)CCCCCCC/C=C\C/C=C\CCCCC)CCCN(CCCC)CCCC,0.705304687192254
N(C(CCCCCOC(=O)CCCCCCCCCC)C(=O)NCC(=O)OC(C)(C)C)(C(=O)CCCCCCC/C=C\C/C=C\CCCCC)CCCN(C)C,0.6486998759002364
N(C(CCCCCOC(=O)CCCCCCCCCC)C(=O)NCC(=O)OC(C)(C)C)(C(=O)CCCCCCC/C=C\C/C=C\CCCCC)CCCN1CCN(CC1)CCCN,0.7051132314277687
N(C(CCCCCOC(=O)CCCCCCCCCC)C(=O)NCC(=O)OC(C)(C)C)(C(=O)CCCCCCC/C=C\C/C=C\CCCCC)CCN(C)CCN,0.6883252806944508
N(C(CCCCCOC(=O)CCCCCCCCCC)C(=O)NCC(=O)OC(C)(C)C)(C(=O)CCCCCCC/C=C\C/C=C\CCCCC)CCCN1CCCCC1CC,0.6377977646958239
N(C(CCCCCOC(=O)CCCCCCCCCC)C(=O)NCC(=O)OC(C)(C)C)(C(=O)CCCCCCC/C=C\C/C=C\CCCCC)CCN(CC1)CCS1(=O)=O,0.5862886815969562
N(C(CCCCCOC(=O)CCCCCCCCCC)C(=O)NCC(=O)OC(C)(C)C)(C(=O)CCCCCCC/C=C\C/C=C\CCCCC)C1CCN(CC2=CC=CC=C2)CC1,0.4907084293265714
N(C(CCCCCOC(=O)CCCCCCCCCC)C(=O)NCC(=O)OC(C)(C)C)(C(=O)CCCCCCC/C=C\C/C=C\CCCCC)CCCN1C=CN=C1,0.41078580241071655
N(C(CCCCCOC(=O)CCCCCCCCCC)C(=O)NCC(=O)OC(C)(C)C)(C(=O)CCCCCCC/C=C\C/C=C\CCCCC)CC1=CC=CN=C1,0.4319760183440775
N(C(CCCCCOC(=O)CCCCCCCCCC)C(=O)NCC(=O)OC(C)(C)C)(C(=O)CCCCCCC/C=C\C/C=C\CCCCC)CCN1CCOCC1,0.21068292110096762
N(C(CCCCCOC(=O)CCCCCCCCCC)C(=O)NCC(=O)OC(C)(C)C)(C(=O)CCCCCCC/C=C\C/C=C\CCCCC)CCN(C)C,0.6307530952078101
N(C(CCCCCOC(=O)CCCCCCCCCC)C(=O)NC(C)(C)C)(C(=O)CCCCCCC/C=C\C/C=C\CCCCC)CCN1CCCC1,0.6605591471579904
N(C(CCCCCOC(=O)CCCCCCCCCC)C(=O)NC(C)(C)C)(C(=O)CCCCCCC/C=C\C/C=C\CCCCC)CCCN(CCN1C)CC1,0.670214717434267
N(C(CCCCCOC(=O)CCCCCCCCCC)C(=O)NC(C)(C)C)(C(=O)CCCCCCC/C=C\C/C=C\CCCCC)CCCN1CCCC1,0.6803950095266079
N(C(CCCCCOC(=O)CCCCCCCCCC)C(=O)NC(C)(C)C)(C(=O)CCCCCCC/C=C\C/C=C\CCCCC)CCCN1CCCCC1,0.6794284073310352
N(C(CCCCCOC(=O)CCCCCCCCCC)C(=O)NC(C)(C)C)(C(=O)CCCCCCC/C=C\C/C=C\CCCCC)CCCN1CCCCCC1,0.6766181526341568
N(C(CCCCCOC(=O)CCCCCCCCCC)C(=O)NC(C)(C)C)(C(=O)CCCCCCC/C=C\C/C=C\CCCCC)CCCN1CCOCC1,0.23202919961158272
N(C(CCCCCOC(=O)CCCCCCCCCC)C(=O)NC(C)(C)C)(C(=O)CCCCCCC/C=C\C/C=C\CCCCC)CCN1CCCCCC1,0.6576574996504598
N(C(CCCCCOC(=O)CCCCCCCCCC)C(=O)NC(C)(C)C)(C(=O)CCCCCCC/C=C\C/C=C\CCCCC)CCN1CCCCC1CC,0.6284253399173966
N(C(CCCCCOC(=O)CCCCCCCCCC)C(=O)NC(C)(C)C)(C(=O)CCCCCCC/C=C\C/C=C\CCCCC)CCN1C=CN=C1,0.3818662726007714
N(C(CCCCCOC(=O)CCCCCCCCCC)C(=O)NC(C)(C)C)(C(=O)CCCCCCC/C=C\C/C=C\CCCCC)CCN1CCN(C)CCC1,0.6298429677119971
N(C(CCCCCOC(=O)CCCCCCCCCC)C(=O)NC(C)(C)C)(C(=O)CCCCCCC/C=C\C/C=C\CCCCC)CCCN1CCN(C)CCC1,0.6487293900177764
N(C(CCCCCOC(=O)CCCCCCCCCC)C(=O)NC(C)(C)C)(C(=O)CCCCCCC/C=C\C/C=C\CCCCC)CCN1CCCCC1,0.6601686937921434
N(C(CCCCCOC(=O)CCCCCCCCCC)C(=O)NC(C)(C)C)(C(=O)CCCCCCC/C=C\C/C=C\CCCCC)CCCN(CCO)CCO,0.5819327066476627
N(C(CCCCCOC(=O)CCCCCCCCCC)C(=O)NC(C)(C)C)(C(=O)CCCCCCC/C=C\C/C=C\CCCCC)CCCN(CC)CC,0.6637005300629238
N(C(CCCCCOC(=O)CCCCCCCCCC)C(=O)NC(C)(C)C)(C(=O)CCCCCCC/C=C\C/C=C\CCCCC)CCCN(CCCC)CCCC,0.7212328685216584
N(C(CCCCCOC(=O)CCCCCCCCCC)C(=O)NC(C)(C)C)(C(=O)CCCCCCC/C=C\C/C=C\CCCCC)CCCN(C)C,0.6613980132030024
N(C(CCCCCOC(=O)CCCCCCCCCC)C(=O)NC(C)(C)C)(C(=O)CCCCCCC/C=C\C/C=C\CCCCC)CCCN1CCN(CC1)CCCN,0.720759514334713
N(C(CCCCCOC(=O)CCCCCCCCCC)C(=O)NC(C)(C)C)(C(=O)CCCCCCC/C=C\C/C=C\CCCCC)CCN(C)CCN,0.704438266719599
N(C(CCCCCOC(=O)CCCCCCCCCC)C(=O)NC(C)(C)C)(C(=O)CCCCCCC/C=C\C/C=C\CCCCC)CCCN1CCCCC1CC,0.6486641857902936
N(C(CCCCCOC(=O)CCCCCCCCCC)C(=O)NC(C)(C)C)(C(=O)CCCCCCC/C=C\C/C=C\CCCCC)CCN(CC1)CCS1(=O)=O,0.5943426507664812
N(C(CCCCCOC(=O)CCCCCCCCCC)C(=O)NC(C)(C)C)(C(=O)CCCCCCC/C=C\C/C=C\CCCCC)C1CCN(CC2=CC=CC=C2)CC1,0.48993438150951707
N(C(CCCCCOC(=O)CCCCCCCCCC)C(=O)NC(C)(C)C)(C(=O)CCCCCCC/C=C\C/C=C\CCCCC)CCCN1C=CN=C1,0.4065540302317148
N(C(CCCCCOC(=O)CCCCCCCCCC)C(=O)NC(C)(C)C)(C(=O)CCCCCCC/C=C\C/C=C\CCCCC)CC1=CC=CN=C1,0.4272510575409908
N(C(CCCCCOC(=O)CCCCCCCCCC)C(=O)NC(C)(C)C)(C(=O)CCCCCCC/C=C\C/C=C\CCCCC)CCN1CCOCC1,0.19693884385407048
N(C(CCCCCOC(=O)CCCCCCCCCC)C(=O)NC(C)(C)C)(C(=O)CCCCCCC/C=C\C/C=C\CCCCC)CCN(C)C,0.6424959133780468
N(C(CCCCCOC(=O)CCCCCCCCCC)C(=O)NC2CCCCC2)(C(=O)CCCCCCC/C=C\C/C=C\CCCCC)CCCN(CCCC)CCCC,0.7553404991803542
N(C(CCCCCOC(=O)CCCCCCCCCC)C(=O)NC2CCCCC2)(C(=O)CCCCCCC/C=C\C/C=C\CCCCC)CCCN(C)C,0.6985145398526842
N(C(CCCCCOC(=O)CCCCCCCCCC)C(=O)NC2CCCCC2)(C(=O)CCCCCCC/C=C\C/C=C\CCCCC)CCN(C)C,0.6808438972821116
N(C(CCCCCOC(=O)CCCCCCCCCC)C(=O)NCCCC)(C(=O)CCCCCCC/C=C\C/C=C\CCCCC)CCN1CCCC1,0.7432061587225084
N(C(CCCCCOC(=O)CCCCCCCCCC)C(=O)NCCCC)(C(=O)CCCCCCC/C=C\C/C=C\CCCCC)CCCN(CCN1C)CC1,0.7493370188730847
N(C(CCCCCOC(=O)CCCCCCCCCC)C(=O)NCCCC)(C(=O)CCCCCCC/C=C\C/C=C\CCCCC)CCCN1CCCC1,0.7648610290073629
N(C(CCCCCOC(=O)CCCCCCCCCC)C(=O)NCCCC)(C(=O)CCCCCCC/C=C\C/C=C\CCCCC)CCCN1CCCCC1,0.762159448022956
N(C(CCCCCOC(=O)CCCCCCCCCC)C(=O)NCCCC)(C(=O)CCCCCCC/C=C\C/C=C\CCCCC)CCCN1CCCCCC1,0.7573316035002754
N(C(CCCCCOC(=O)CCCCCCCCCC)C(=O)NCCCC)(C(=O)CCCCCCC/C=C\C/C=C\CCCCC)CCCN1CCOCC1,0.289516628510177
N(C(CCCCCOC(=O)CCCCCCCCCC)C(=O)NCCCC)(C(=O)CCCCCCC/C=C\C/C=C\CCCCC)CCN1CCCCCC1,0.7368704219008794
N(C(CCCCCOC(=O)CCCCCCCCCC)C(=O)NCCCC)(C(=O)CCCCCCC/C=C\C/C=C\CCCCC)CCN1CCCCC1CC,0.7040057097132371
N(C(CCCCCOC(=O)CCCCCCCCCC)C(=O)NCCCC)(C(=O)CCCCCCC/C=C\C/C=C\CCCCC)CCN1C=CN=C1,0.44856681239684615
N(C(CCCCCOC(=O)CCCCCCCCCC)C(=O)NCCCC)(C(=O)CCCCCCC/C=C\C/C=C\CCCCC)CCN1CCN(C)CCC1,0.7057743001530323
N(C(CCCCCOC(=O)CCCCCCCCCC)C(=O)NCCCC)(C(=O)CCCCCCC/C=C\C/C=C\CCCCC)CCCN1CCN(C)CCC1,0.7241184228182164
N(C(CCCCCOC(=O)CCCCCCCCCC)C(=O)NCCCC)(C(=O)CCCCCCC/C=C\C/C=C\CCCCC)CCN1CCCCC1,0.7411949230427359
N(C(CCCCCOC(=O)CCCCCCCCCC)C(=O)NCCCC)(C(=O)CCCCCCC/C=C\C/C=C\CCCCC)CCCN(CCO)CCO,0.6589277943955293
N(C(CCCCCOC(=O)CCCCCCCCCC)C(=O)NCCCC)(C(=O)CCCCCCC/C=C\C/C=C\CCCCC)CCCN(CC)CC,0.7449783122348437
N(C(CCCCCOC(=O)CCCCCCCCCC)C(=O)NCCCC)(C(=O)CCCCCCC/C=C\C/C=C\CCCCC)CCCN(CCCC)CCCC,0.8062725426813611
N(C(CCCCCOC(=O)CCCCCCCCCC)C(=O)NCCCC)(C(=O)CCCCCCC/C=C\C/C=C\CCCCC)CCCN(C)C,0.7454251215313658
N(C(CCCCCOC(=O)CCCCCCCCCC)C(=O)NCCCC)(C(=O)CCCCCCC/C=C\C/C=C\CCCCC)CCCN1CCN(CC1)CCCN,0.804524618062298
N(C(CCCCCOC(=O)CCCCCCCCCC)C(=O)NCCCC)(C(=O)CCCCCCC/C=C\C/C=C\CCCCC)CCN(C)CCN,0.7934560519857231
N(C(CCCCCOC(=O)CCCCCCCCCC)C(=O)NCCCC)(C(=O)CCCCCCC/C=C\C/C=C\CCCCC)CCCN1CCCCC1CC,0.7237905013754472
N(C(CCCCCOC(=O)CCCCCCCCCC)C(=O)NCCCC)(C(=O)CCCCCCC/C=C\C/C=C\CCCCC)CCN(CC1)CCS1(=O)=O,0.6705555847072648
N(C(CCCCCOC(=O)CCCCCCCCCC)C(=O)NCCCC)(C(=O)CCCCCCC/C=C\C/C=C\CCCCC)C1CCN(CC2=CC=CC=C2)CC1,0.5575953178164906
N(C(CCCCCOC(=O)CCCCCCCCCC)C(=O)NCCCC)(C(=O)CCCCCCC/C=C\C/C=C\CCCCC)CCCN1C=CN=C1,0.4721540259969822
N(C(CCCCCOC(=O)CCCCCCCCCC)C(=O)NCCCC)(C(=O)CCCCCCC/C=C\C/C=C\CCCCC)CC1=CC=CN=C1,0.498212289788184
N(C(CCCCCOC(=O)CCCCCCCCCC)C(=O)NCCCC)(C(=O)CCCCCCC/C=C\C/C=C\CCCCC)CCN1CCOCC1,0.2502079363263661
N(C(CCCCCOC(=O)CCCCCCCCCC)C(=O)NCCCC)(C(=O)CCCCCCC/C=C\C/C=C\CCCCC)CCN(C)C,0.7271117600591108
N(C(CCCCCOC(=O)CCCCCCCCCC)C(=O)NCC(=O)OC(C)(C)C)(C(=O)CCCCCCCCCCCCCCC)CCCN(CCCC)CCCC,0.6956938928608974
N(C(CCCCCOC(=O)CCCCCCCCCC)C(=O)NCC(=O)OC(C)(C)C)(C(=O)CCCCCCCCCCCCCCC)CCCN(C)C,0.634935489139861
N(C(CCCCCOC(=O)CCCCCCCCCC)C(=O)NCC(=O)OC(C)(C)C)(C(=O)CCCCCCCCCCCCCCC)CCN(C)C,0.6163679024418736
N(C(CCCCCOC(=O)CCCCCCCCCC)C(=O)NC(C)(C)C)(C(=O)CCCCCCCCCCCCCCC)CCCN(CCCC)CCCC,0.7116839528834139
N(C(CCCCCOC(=O)CCCCCCCCCC)C(=O)NC(C)(C)C)(C(=O)CCCCCCCCCCCCCCC)CCCN(C)C,0.6472331964736678
N(C(CCCCCOC(=O)CCCCCCCCCC)C(=O)NC(C)(C)C)(C(=O)CCCCCCCCCCCCCCC)CCN(C)C,0.6273157991284256
N(C(CCCCCOC(=O)CCCCCCCCCC)C(=O)NC2CCCCC2)(C(=O)CCCCCCCCCCCCCCC)CCCN(CCCC)CCCC,0.7448474287035393
N(C(CCCCCOC(=O)CCCCCCCCCC)C(=O)NC2CCCCC2)(C(=O)CCCCCCCCCCCCCCC)CCCN(C)C,0.6866315741625388
N(C(CCCCCOC(=O)CCCCCCCCCC)C(=O)NC2CCCCC2)(C(=O)CCCCCCCCCCCCCCC)CCN(C)C,0.6673282723695739
N(C(CCCCCOC(=O)CCCCCCCCCC)C(=O)NCCCC)(C(=O)CCCCCCCCCCCCCCC)CCCN(CCCC)CCCC,0.7981860307826371
N(C(CCCCCOC(=O)CCCCCCCCCC)C(=O)NCCCC)(C(=O)CCCCCCCCCCCCCCC)CCCN(C)C,0.734897608019997
N(C(CCCCCOC(=O)CCCCCCCCCC)C(=O)NCCCC)(C(=O)CCCCCCCCCCCCCCC)CCN(C)C,0.7160966994551788
N(C(CCCCCOC(=O)CCCCCCCCCC)C(=O)NCC(=O)OC(C)(C)C)(C(=O)CCCCC(=O)OC(CCCCCCCC)CCCCCCCC)CCCN(CCCC)CCCC,0.7026006714416114
N(C(CCCCCOC(=O)CCCCCCCCCC)C(=O)NCC(=O)OC(C)(C)C)(C(=O)CCCCC(=O)OC(CCCCCCCC)CCCCCCCC)CCCN(C)C,0.650722691565764
N(C(CCCCCOC(=O)CCCCCCCCCC)C(=O)NCC(=O)OC(C)(C)C)(C(=O)CCCCC(=O)OC(CCCCCCCC)CCCCCCCC)CCN(C)C,0.6349075190204215
N(C(CCCCCOC(=O)CCCCCCCCCC)C(=O)NC(C)(C)C)(C(=O)CCCCC(=O)OC(CCCCCCCC)CCCCCCCC)CCCN(CCCC)CCCC,0.7167947647503167
N(C(CCCCCOC(=O)CCCCCCCCCC)C(=O)NC(C)(C)C)(C(=O)CCCCC(=O)OC(CCCCCCCC)CCCCCCCC)CCCN(C)C,0.6626583907295021
N(C(CCCCCOC(=O)CCCCCCCCCC)C(=O)NC(C)(C)C)(C(=O)CCCCC(=O)OC(CCCCCCCC)CCCCCCCC)CCN(C)C,0.6455074222888956
N(C(CCCCCOC(=O)CCCCCCCCCC)C(=O)NC2CCCCC2)(C(=O)CCCCC(=O)OC(CCCCCCCC)CCCCCCCC)CCCN(CCCC)CCCC,0.7455532733737228
N(C(CCCCCOC(=O)CCCCCCCCCC)C(=O)NC2CCCCC2)(C(=O)CCCCC(=O)OC(CCCCCCCC)CCCCCCCC)CCCN(C)C,0.6960984797478199
N(C(CCCCCOC(=O)CCCCCCCCCC)C(=O)NC2CCCCC2)(C(=O)CCCCC(=O)OC(CCCCCCCC)CCCCCCCC)CCN(C)C,0.6798449898955091
N(C(CCCCCOC(=O)CCCCCCCCCC)C(=O)NCCCC)(C(=O)CCCCC(=O)OC(CCCCCCCC)CCCCCCCC)CCCN(CCCC)CCCC,0.7905937170452177
N(C(CCCCCOC(=O)CCCCCCCCCC)C(=O)NCCCC)(C(=O)CCCCC(=O)OC(CCCCCCCC)CCCCCCCC)CCCN(C)C,0.7372156836300101
N(C(CCCCCOC(=O)CCCCCCCCCC)C(=O)NCCCC)(C(=O)CCCCC(=O)OC(CCCCCCCC)CCCCCCCC)CCN(C)C,0.7212869678397247
N(C(CCCCCOC(=O)CCCCCCCC)C(=O)NCC(=O)OC(C)(C)C)(C(=O)CCCCCCC/C=C\CCCCCCCC)CCCN(CCCC)CCCC,0.6991209154144581
N(C(CCCCCOC(=O)CCCCCCCC)C(=O)NCC(=O)OC(C)(C)C)(C(=O)CCCCCCC/C=C\CCCCCCCC)CCCN(C)C,0.6388632421543831
N(C(CCCCCOC(=O)CCCCCCCC)C(=O)NCC(=O)OC(C)(C)C)(C(=O)CCCCCCC/C=C\CCCCCCCC)CCN(C)C,0.6204836669174256
N(C(CCCCCOC(=O)CCCCCCCC)C(=O)NC(C)(C)C)(C(=O)CCCCCCC/C=C\CCCCCCCC)CCCN(CCCC)CCCC,0.7153194151805674
N(C(CCCCCOC(=O)CCCCCCCC)C(=O)NC(C)(C)C)(C(=O)CCCCCCC/C=C\CCCCCCCC)CCCN(C)C,0.6514419571425151
N(C(CCCCCOC(=O)CCCCCCCC)C(=O)NC(C)(C)C)(C(=O)CCCCCCC/C=C\CCCCCCCC)CCN(C)C,0.6315880418730281
N(C(CCCCCOC(=O)CCCCCCCC)C(=O)NC2CCCCC2)(C(=O)CCCCCCC/C=C\CCCCCCCC)CCCN(CCCC)CCCC,0.7486020757771573
N(C(CCCCCOC(=O)CCCCCCCC)C(=O)NC2CCCCC2)(C(=O)CCCCCCC/C=C\CCCCCCCC)CCCN(C)C,0.6909311931811574
N(C(CCCCCOC(=O)CCCCCCCC)C(=O)NC2CCCCC2)(C(=O)CCCCCCC/C=C\CCCCCCCC)CCN(C)C,0.6718040259407554
N(C(CCCCCOC(=O)CCCCCCCC)C(=O)NCCCC)(C(=O)CCCCCCC/C=C\CCCCCCCC)CCCN(CCCC)CCCC,0.8018410305942185
N(C(CCCCCOC(=O)CCCCCCCC)C(=O)NCCCC)(C(=O)CCCCCCC/C=C\CCCCCCCC)CCCN(C)C,0.7391469877158009
N(C(CCCCCOC(=O)CCCCCCCC)C(=O)NCCCC)(C(=O)CCCCCCC/C=C\CCCCCCCC)CCN(C)C,0.7204621165467036
N(C(CCCCCOC(=O)CCCCCCCC)C(=O)NCC(=O)OC(C)(C)C)(C(=O)CCCCCCC/C=C\C/C=C\CCCCC)CCCN(CCCC)CCCC,0.7021475079990597
N(C(CCCCCOC(=O)CCCCCCCC)C(=O)NCC(=O)OC(C)(C)C)(C(=O)CCCCCCC/C=C\C/C=C\CCCCC)CCCN(C)C,0.6433110256061252
N(C(CCCCCOC(=O)CCCCCCCC)C(=O)NCC(=O)OC(C)(C)C)(C(=O)CCCCCCC/C=C\C/C=C\CCCCC)CCN(C)C,0.6243147418970277
N(C(CCCCCOC(=O)CCCCCCCC)C(=O)NC(C)(C)C)(C(=O)CCCCCCC/C=C\C/C=C\CCCCC)CCCN(CCCC)CCCC,0.7184162002942079
N(C(CCCCCOC(=O)CCCCCCCC)C(=O)NC(C)(C)C)(C(=O)CCCCCCC/C=C\C/C=C\CCCCC)CCCN(C)C,0.6561309606052185
N(C(CCCCCOC(=O)CCCCCCCC)C(=O)NC(C)(C)C)(C(=O)CCCCCCC/C=C\C/C=C\CCCCC)CCN(C)C,0.6363033526879854
N(C(CCCCCOC(=O)CCCCCCCC)C(=O)NC2CCCCC2)(C(=O)CCCCCCC/C=C\C/C=C\CCCCC)CCCN(CCCC)CCCC,0.7531100751548263
N(C(CCCCCOC(=O)CCCCCCCC)C(=O)NC2CCCCC2)(C(=O)CCCCCCC/C=C\C/C=C\CCCCC)CCCN(C)C,0.694582511151114
N(C(CCCCCOC(=O)CCCCCCCC)C(=O)NC2CCCCC2)(C(=O)CCCCCCC/C=C\C/C=C\CCCCC)CCN(C)C,0.6763328692927837
N(C(CCCCCOC(=O)CCCCCCCC)C(=O)NCCCC)(C(=O)CCCCCCC/C=C\C/C=C\CCCCC)CCCN(CCCC)CCCC,0.8055978155113606
N(C(CCCCCOC(=O)CCCCCCCC)C(=O)NCCCC)(C(=O)CCCCCCC/C=C\C/C=C\CCCCC)CCCN(C)C,0.7428885701901055
N(C(CCCCCOC(=O)CCCCCCCC)C(=O)NCCCC)(C(=O)CCCCCCC/C=C\C/C=C\CCCCC)CCN(C)C,0.7241130782094063
N(C(CCCCCOC(=O)CCCCCCCC)C(=O)NCC(=O)OC(C)(C)C)(C(=O)CCCCCCCCCCCCCCC)CCCN(CCCC)CCCC,0.6919810525050826
N(C(CCCCCOC(=O)CCCCCCCC)C(=O)NCC(=O)OC(C)(C)C)(C(=O)CCCCCCCCCCCCCCC)CCCN(C)C,0.6287210749382206
N(C(CCCCCOC(=O)CCCCCCCC)C(=O)NCC(=O)OC(C)(C)C)(C(=O)CCCCCCCCCCCCCCC)CCN(C)C,0.6089836721407931
N(C(CCCCCOC(=O)CCCCCCCC)C(=O)NC(C)(C)C)(C(=O)CCCCCCCCCCCCCCC)CCCN(CCCC)CCCC,0.7082808029158716
N(C(CCCCCOC(=O)CCCCCCCC)C(=O)NC(C)(C)C)(C(=O)CCCCCCCCCCCCCCC)CCCN(C)C,0.6408390846469244
N(C(CCCCCOC(=O)CCCCCCCC)C(=O)NC(C)(C)C)(C(=O)CCCCCCCCCCCCCCC)CCN(C)C,0.6200857904837869
N(C(CCCCCOC(=O)CCCCCCCC)C(=O)NC2CCCCC2)(C(=O)CCCCCCCCCCCCCCC)CCCN(CCCC)CCCC,0.7427740767924852
N(C(CCCCCOC(=O)CCCCCCCC)C(=O)NC2CCCCC2)(C(=O)CCCCCCCCCCCCCCC)CCCN(C)C,0.6820714351567005
N(C(CCCCCOC(=O)CCCCCCCC)C(=O)NC2CCCCC2)(C(=O)CCCCCCCCCCCCCCC)CCN(C)C,0.662011277371687
N(C(CCCCCOC(=O)CCCCCCCC)C(=O)NCCCC)(C(=O)CCCCCCCCCCCCCCC)CCCN(CCCC)CCCC,0.7978142835476254
N(C(CCCCCOC(=O)CCCCCCCC)C(=O)NCCCC)(C(=O)CCCCCCCCCCCCCCC)CCCN(C)C,0.7320576610519517
N(C(CCCCCOC(=O)CCCCCCCC)C(=O)NCCCC)(C(=O)CCCCCCCCCCCCCCC)CCN(C)C,0.7123748920334716
N(C(CCCCCOC(=O)CCCCCCCC)C(=O)NCC(=O)OC(C)(C)C)(C(=O)CCCCC(=O)OC(CCCCCCCC)CCCCCCCC)CCCN(CCCC)CCCC,0.6996199237236918
N(C(CCCCCOC(=O)CCCCCCCC)C(=O)NCC(=O)OC(C)(C)C)(C(=O)CCCCC(=O)OC(CCCCCCCC)CCCCCCCC)CCCN(C)C,0.6459135531739187
N(C(CCCCCOC(=O)CCCCCCCC)C(=O)NCC(=O)OC(C)(C)C)(C(=O)CCCCC(=O)OC(CCCCCCCC)CCCCCCCC)CCN(C)C,0.6296247889034615
N(C(CCCCCOC(=O)CCCCCCCC)C(=O)NC(C)(C)C)(C(=O)CCCCC(=O)OC(CCCCCCCC)CCCCCCCC)CCCN(CCCC)CCCC,0.7140402127541478
N(C(CCCCCOC(=O)CCCCCCCC)C(=O)NC(C)(C)C)(C(=O)CCCCC(=O)OC(CCCCCCCC)CCCCCCCC)CCCN(C)C,0.6578554877146018
N(C(CCCCCOC(=O)CCCCCCCC)C(=O)NC(C)(C)C)(C(=O)CCCCC(=O)OC(CCCCCCCC)CCCCCCCC)CCN(C)C,0.6400258727242008
N(C(CCCCCOC(=O)CCCCCCCC)C(=O)NC2CCCCC2)(C(=O)CCCCC(=O)OC(CCCCCCCC)CCCCCCCC)CCCN(CCCC)CCCC,0.7438530939266965
N(C(CCCCCOC(=O)CCCCCCCC)C(=O)NC2CCCCC2)(C(=O)CCCCC(=O)OC(CCCCCCCC)CCCCCCCC)CCCN(C)C,0.6925548259531149
N(C(CCCCCOC(=O)CCCCCCCC)C(=O)NC2CCCCC2)(C(=O)CCCCC(=O)OC(CCCCCCCC)CCCCCCCC)CCN(C)C,0.6756798174807351
N(C(CCCCCOC(=O)CCCCCCCC)C(=O)NCCCC)(C(=O)CCCCC(=O)OC(CCCCCCCC)CCCCCCCC)CCCN(CCCC)CCCC,0.789498428546407
N(C(CCCCCOC(=O)CCCCCCCC)C(=O)NCCCC)(C(=O)CCCCC(=O)OC(CCCCCCCC)CCCCCCCC)CCCN(C)C,0.7350031937362672
N(C(CCCCCOC(=O)CCCCCCCC)C(=O)NCCCC)(C(=O)CCCCC(=O)OC(CCCCCCCC)CCCCCCCC)CCN(C)C,0.7184657270025145
N(C(CCCCC(=O)OC(CCCCCCCC)CCCCCCCC)C(=O)NCC(=O)OC(C)(C)C)(C(=O)CCCCCCC/C=C\CCCCCCCC)CCCN(CCCC)CCCC,0.7151835433477068
N(C(CCCCC(=O)OC(CCCCCCCC)CCCCCCCC)C(=O)NCC(=O)OC(C)(C)C)(C(=O)CCCCCCC/C=C\CCCCCCCC)CCCN(C)C,0.6635161410589764
N(C(CCCCC(=O)OC(CCCCCCCC)CCCCCCCC)C(=O)NCC(=O)OC(C)(C)C)(C(=O)CCCCCCC/C=C\CCCCCCCC)CCN(C)C,0.6475774486655789
N(C(CCCCC(=O)OC(CCCCCCCC)CCCCCCCC)C(=O)NC(C)(C)C)(C(=O)CCCCCCC/C=C\CCCCCCCC)CCCN(CCCC)CCCC,0.7303216727258979
N(C(CCCCC(=O)OC(CCCCCCCC)CCCCCCCC)C(=O)NC(C)(C)C)(C(=O)CCCCCCC/C=C\CCCCCCCC)CCCN(C)C,0.6767449386320402
N(C(CCCCC(=O)OC(CCCCCCCC)CCCCCCCC)C(=O)NC(C)(C)C)(C(=O)CCCCCCC/C=C\CCCCCCCC)CCN(C)C,0.6593553037157928
N(C(CCCCC(=O)OC(CCCCCCCC)CCCCCCCC)C(=O)NC2CCCCC2)(C(=O)CCCCCCC/C=C\CCCCCCCC)CCCN(CCCC)CCCC,0.7607021513540763
N(C(CCCCC(=O)OC(CCCCCCCC)CCCCCCCC)C(=O)NC2CCCCC2)(C(=O)CCCCCCC/C=C\CCCCCCCC)CCCN(C)C,0.70998917742974
N(C(CCCCC(=O)OC(CCCCCCCC)CCCCCCCC)C(=O)NC2CCCCC2)(C(=O)CCCCCCC/C=C\CCCCCCCC)CCN(C)C,0.6936957217804384
N(C(CCCCC(=O)OC(CCCCCCCC)CCCCCCCC)C(=O)NCCCC)(C(=O)CCCCCCC/C=C\CCCCCCCC)CCCN(CCCC)CCCC,0.8073170573964762
N(C(CCCCC(=O)OC(CCCCCCCC)CCCCCCCC)C(=O)NCCCC)(C(=O)CCCCCCC/C=C\CCCCCCCC)CCCN(C)C,0.7522175254835443
N(C(CCCCC(=O)OC(CCCCCCCC)CCCCCCCC)C(=O)NCCCC)(C(=O)CCCCCCC/C=C\CCCCCCCC)CCN(C)C,0.7364886980627556
N(C(CCCCC(=O)OC(CCCCCCCC)CCCCCCCC)C(=O)NCC(=O)OC(C)(C)C)(C(=O)CCCCCCC/C=C\C/C=C\CCCCC)CCCN(CCCC)CCCC,0.7176126086673424
N(C(CCCCC(=O)OC(CCCCCCCC)CCCCCCCC)C(=O)NCC(=O)OC(C)(C)C)(C(=O)CCCCCCC/C=C\C/C=C\CCCCC)CCCN(C)C,0.6668663793992989
N(C(CCCCC(=O)OC(CCCCCCCC)CCCCCCCC)C(=O)NCC(=O)OC(C)(C)C)(C(=O)CCCCCCC/C=C\C/C=C\CCCCC)CCN(C)C,0.6512161177280184
N(C(CCCCC(=O)OC(CCCCCCCC)CCCCCCCC)C(=O)NC(C)(C)C)(C(=O)CCCCCCC/C=C\C/C=C\CCCCC)CCCN(CCCC)CCCC,0.732766831256506
N(C(CCCCC(=O)OC(CCCCCCCC)CCCCCCCC)C(=O)NC(C)(C)C)(C(=O)CCCCCCC/C=C\C/C=C\CCCCC)CCCN(C)C,0.6796222978617561
N(C(CCCCC(=O)OC(CCCCCCCC)CCCCCCCC)C(=O)NC(C)(C)C)(C(=O)CCCCCCC/C=C\C/C=C\CCCCC)CCN(C)C,0.662998189080738
N(C(CCCCC(=O)OC(CCCCCCCC)CCCCCCCC)C(=O)NC2CCCCC2)(C(=O)CCCCCCC/C=C\C/C=C\CCCCC)CCCN(CCCC)CCCC,0.7651085437798115
N(C(CCCCC(=O)OC(CCCCCCCC)CCCCCCCC)C(=O)NC2CCCCC2)(C(=O)CCCCCCC/C=C\C/C=C\CCCCC)CCCN(C)C,0.7131678538272593
N(C(CCCCC(=O)OC(CCCCCCCC)CCCCCCCC)C(=O)NC2CCCCC2)(C(=O)CCCCCCC/C=C\C/C=C\CCCCC)CCN(C)C,0.6969281411887701
N(C(CCCCC(=O)OC(CCCCCCCC)CCCCCCCC)C(=O)NCCCC)(C(=O)CCCCCCC/C=C\C/C=C\CCCCC)CCCN(CCCC)CCCC,0.8127588787023494
N(C(CCCCC(=O)OC(CCCCCCCC)CCCCCCCC)C(=O)NCCCC)(C(=O)CCCCCCC/C=C\C/C=C\CCCCC)CCCN(C)C,0.7566452369599774
N(C(CCCCC(=O)OC(CCCCCCCC)CCCCCCCC)C(=O)NCCCC)(C(=O)CCCCCCC/C=C\C/C=C\CCCCC)CCN(C)C,0.7396677901520712
N(C(CCCCC(=O)OC(CCCCCCCC)CCCCCCCC)C(=O)NCC(=O)OC(C)(C)C)(C(=O)CCCCCCCCCCCCCCC)CCCN(CCCC)CCCC,0.7093949163146023
N(C(CCCCC(=O)OC(CCCCCCCC)CCCCCCCC)C(=O)NCC(=O)OC(C)(C)C)(C(=O)CCCCCCCCCCCCCCC)CCCN(C)C,0.6554159707155155
N(C(CCCCC(=O)OC(CCCCCCCC)CCCCCCCC)C(=O)NCC(=O)OC(C)(C)C)(C(=O)CCCCCCCCCCCCCCC)CCN(C)C,0.6389802297027813
N(C(CCCCC(=O)OC(CCCCCCCC)CCCCCCCC)C(=O)NC(C)(C)C)(C(=O)CCCCCCCCCCCCCCC)CCCN(CCCC)CCCC,0.7247155937759284
N(C(CCCCC(=O)OC(CCCCCCCC)CCCCCCCC)C(=O)NC(C)(C)C)(C(=O)CCCCCCCCCCCCCCC)CCCN(C)C,0.6685351444234305
N(C(CCCCC(=O)OC(CCCCCCCC)CCCCCCCC)C(=O)NC(C)(C)C)(C(=O)CCCCCCCCCCCCCCC)CCN(C)C,0.6503798646028691
N(C(CCCCC(=O)OC(CCCCCCCC)CCCCCCCC)C(=O)NC2CCCCC2)(C(=O)CCCCCCCCCCCCCCC)CCCN(CCCC)CCCC,0.7558798889783751
N(C(CCCCC(=O)OC(CCCCCCCC)CCCCCCCC)C(=O)NC2CCCCC2)(C(=O)CCCCCCCCCCCCCCC)CCCN(C)C,0.7030080494020237
N(C(CCCCC(=O)OC(CCCCCCCC)CCCCCCCC)C(=O)NC2CCCCC2)(C(=O)CCCCCCCCCCCCCCC)CCN(C)C,0.6860206259910053
N(C(CCCCC(=O)OC(CCCCCCCC)CCCCCCCC)C(=O)NCCCC)(C(=O)CCCCCCCCCCCCCCC)CCCN(CCCC)CCCC,0.8040729392333046
N(C(CCCCC(=O)OC(CCCCCCCC)CCCCCCCC)C(=O)NCCCC)(C(=O)CCCCCCCCCCCCCCC)CCCN(C)C,0.746823330580623
N(C(CCCCC(=O)OC(CCCCCCCC)CCCCCCCC)C(=O)NCCCC)(C(=O)CCCCCCCCCCCCCCC)CCN(C)C,0.7303172188852228
N(C(CCCCC(=O)OC(CCCCCCCC)CCCCCCCC)C(=O)NCC(=O)OC(C)(C)C)(C(=O)CCCCC(=O)OC(CCCCCCCC)CCCCCCCC)CCCN(CCCC)CCCC,0.7140992409892278
N(C(CCCCC(=O)OC(CCCCCCCC)CCCCCCCC)C(=O)NCC(=O)OC(C)(C)C)(C(=O)CCCCC(=O)OC(CCCCCCCC)CCCCCCCC)CCCN(C)C,0.6675985314217365
N(C(CCCCC(=O)OC(CCCCCCCC)CCCCCCCC)C(=O)NCC(=O)OC(C)(C)C)(C(=O)CCCCC(=O)OC(CCCCCCCC)CCCCCCCC)CCN(C)C,0.6530230111976192
N(C(CCCCC(=O)OC(CCCCCCCC)CCCCCCCC)C(=O)NC(C)(C)C)(C(=O)CCCCC(=O)OC(CCCCCCCC)CCCCCCCC)CCCN(CCCC)CCCC,0.7277427802059534
N(C(CCCCC(=O)OC(CCCCCCCC)CCCCCCCC)C(=O)NC(C)(C)C)(C(=O)CCCCC(=O)OC(CCCCCCCC)CCCCCCCC)CCCN(C)C,0.6796489615212641
N(C(CCCCC(=O)OC(CCCCCCCC)CCCCCCCC)C(=O)NC(C)(C)C)(C(=O)CCCCC(=O)OC(CCCCCCCC)CCCCCCCC)CCN(C)C,0.6642116528187938
N(C(CCCCC(=O)OC(CCCCCCCC)CCCCCCCC)C(=O)NC2CCCCC2)(C(=O)CCCCC(=O)OC(CCCCCCCC)CCCCCCCC)CCCN(CCCC)CCCC,0.75429651892612
N(C(CCCCC(=O)OC(CCCCCCCC)CCCCCCCC)C(=O)NC2CCCCC2)(C(=O)CCCCC(=O)OC(CCCCCCCC)CCCCCCCC)CCCN(C)C,0.7094276371974284
N(C(CCCCC(=O)OC(CCCCCCCC)CCCCCCCC)C(=O)NC2CCCCC2)(C(=O)CCCCC(=O)OC(CCCCCCCC)CCCCCCCC)CCN(C)C,0.6948537797404963
N(C(CCCCC(=O)OC(CCCCCCCC)CCCCCCCC)C(=O)NCCCC)(C(=O)CCCCC(=O)OC(CCCCCCCC)CCCCCCCC)CCCN(CCCC)CCCC,0.7979033603611265
N(C(CCCCC(=O)OC(CCCCCCCC)CCCCCCCC)C(=O)NCCCC)(C(=O)CCCCC(=O)OC(CCCCCCCC)CCCCCCCC)CCCN(C)C,0.747097033936241
N(C(CCCCC(=O)OC(CCCCCCCC)CCCCCCCC)C(=O)NCCCC)(C(=O)CCCCC(=O)OC(CCCCCCCC)CCCCCCCC)CCN(C)C,0.7328878569537829
CCCCN(CCCC)CCCN(CC(C(O)CCCCCOC(=O)CCCCCCCC)CCCCOC(=O)CCCCCCCC),0.8108032269542016
CCCCN(CCCC)CCCN(CC(C(O)CCCCCOC(=O)CCCCCCCCCCCCCCCCC)CCCCOC(=O)CCCCCCCCCCCCCCCCC),0.8101583108244529
CCCCCCCC/C=C\CCCCCCCC(OCCCCCC(C(CNCCCN(CCCC)CCCC)CCCCOC(CCCCCCC/C=C\CCCCCCCC)=O)O)=O,0.8161568028301663
CCCCN(CCCNCC(CCCCOC(CCCCCCC/C=C\C/C=C\CCCCC)=O)C(O)CCCCCOC(CCCCCCC/C=C\C/C=C\CCCCC)=O)CCCC,0.8269877713528624
CCCCN(CCCC)CCCN(CC(C(O)CCCCCOC(=O)CCCCCCCCC)CCCCOC(=O)CCCCCCCCC),0.8107923595829545
CCCCN(CCCC)CCCN(CC(C(O)CCCCCOC(=O)CCCCCCCCCC)CCCCOC(=O)CCCCCCCCCC),0.8107256707419133
CCCCN(CCCC)CCCN(CC(C(O)CCCCCOC(=O)CCCCCCCCCCC)CCCCOC(=O)CCCCCCCCCCC),0.8106631982033777
CCCCN(CCCC)CCCN(CC(C(O)CCCCCOC(=O)CCCCCCCCCCCC)CCCCOC(=O)CCCCCCCCCCCC),0.8105726367763182
CCCCN(CCCC)CCCN(CC(C(O)CCCCCOC(=O)CCCCCCCCCCCCC)CCCCOC(=O)CCCCCCCCCCCCC),0.8104785122767185
CCCCN(CCCC)CCCN(CC(C(O)CCCCCOC(=O)CCCCCCCCCCCCCC)CCCCOC(=O)CCCCCCCCCCCCCC),0.810390445000437
CCCCN(CCCC)CCCN(CC(C(O)CCCCCOC(=O)CCCCCCCCCCCCCCC)CCCCOC(=O)CCCCCCCCCCCCCCC),0.8103079004865926
CCCCN(CCCC)CCCN(CC(C(O)CCCCCOC(=O)CCCCCCCCCCCCCCCC)CCCCOC(=O)CCCCCCCCCCCCCCCC),0.8102307005815582
OC(C(CN(CCCNC)C)CCCCOC(CCCCCCC/C=C\C/C=C\CCCCC)=O)CCCCCOC(CCCCCCC/C=C\C/C=C\CCCCC)=O,0.8256415831626899
CCCCCCCC/C=C\CCCCCCCC(OCCCCCC(C(CNCCO)CCCCOC(CCCCCCC/C=C\CCCCCCCC)=O)O)=O,0.7850088383768615
CCCCCCCC/C=C\CCCCCCCC(OCCCCCC(C(CNCCCO)CCCCOC(CCCCCCC/C=C\CCCCCCCC)=O)O)=O,0.788122845007779
CN(CC(CCCCOC(CCCCCCC/C=C\CCCCCCCC)=O)C(O)CCCCCOC(CCCCCCC/C=C\CCCCCCCC)=O)CCO,0.7340586825904427
CCCCCCCC/C=C\CCCCCCCC(OCCCCCC(C(CN(C)CC1=CC=CN=C1)CCCCOC(CCCCCCC/C=C\CCCCCCCC)=O)O)=O,0.5521629980373909
OC(C(CN(C)CC1=CC=CN=C1)CCCCOC(CCCCCCC/C=C\C/C=C\CCCCC)=O)CCCCCOC(CCCCCCC/C=C\C/C=C\CCCCC)=O,0.5580478874136191
O=C(OCCCCCC(C(CN(C)CC1=CC=CN=C1)CCCCOC(CCCCCCCCCCCCCCC)=O)O)CCCCCCCCCCCCCCC,0.5296534060347212
CCCCCCCC/C=C\CCCCCCCC(OCCCCCC(C(CNCCCN1C=NC=C1)CCCCOC(CCCCCCC/C=C\CCCCCCCC)=O)O)=O,0.5282072736598004
OC(C(CNCCCN1C=CN=C1)CCCCOC(CCCCCCC/C=C\C/C=C\CCCCC)=O)CCCCCOC(CCCCCCC/C=C\C/C=C\CCCCC)=O,0.5335616809193577
n1cccn1CCCN(CC(C(O)CCCCCOC(=O)CCCCCCCCCCCCCCCCC)CCCCOC(=O)CCCCCCCCCCCCCCCCC)C,0.6791484092139297
CCCCCCCC/C=C\CCCCCCCC(OCCCCCC(C(CN(C)CCCN1N=CC=C1)CCCCOC(CCCCCCC/C=C\CCCCCCCC)=O)O)=O,0.6859772752751013
n1cccn1CCCN(CC(C(O)CCCCCOC(=O)CCCCCCC/C=C\C/C=C\CCCCC)CCCCOC(=O)CCCCCCC/C=C\C/C=C\CCCCC)C,0.6917732659914554
n1cccn1CCCN(CC(C(O)CCCCCOC(=O)CCCCCCCCC)CCCCOC(=O)CCCCCCCCC)C,0.6380623822164649
n1cccn1CCCN(CC(C(O)CCCCCOC(=O)CCCCCCCCCC)CCCCOC(=O)CCCCCCCCCC)C,0.644678414077911
n1cccn1CCCN(CC(C(O)CCCCCOC(=O)CCCCCCCCCCC)CCCCOC(=O)CCCCCCCCCCC)C,0.6507760188847801
n1cccn1CCCN(CC(C(O)CCCCCOC(=O)CCCCCCCCCCCC)CCCCOC(=O)CCCCCCCCCCCC)C,0.656413274719475
n1cccn1CCCN(CC(C(O)CCCCCOC(=O)CCCCCCCCCCCCC)CCCCOC(=O)CCCCCCCCCCCCC)C,0.6616403021357257
n1cccn1CCCN(CC(C(O)CCCCCOC(=O)CCCCCCCCCCCCCC)CCCCOC(=O)CCCCCCCCCCCCCC)C,0.6665005706185207
O=C(OCCCCCC(C(CN(C)CCCN1N=CC=C1)CCCCOC(CCCCCCCCCCCCCCC)=O)O)CCCCCCCCCCCCCCC,0.6710271573579403
n1cccn1CCCN(CC(C(O)CCCCCOC(=O)CCCCCCCCCCCCCCCC)CCCCOC(=O)CCCCCCCCCCCCCCCC)C,0.6752208343530346
CCCCCCCC/C=C\CCCCCCCC(OCCCCCC(C(CN1CCN(C2=CN=CC=C2)CC1)CCCCOC(CCCCCCC/C=C\CCCCCCCC)=O)O)=O,0.5107855117061502
O=C(OCCCCCC(C(CN1CCN(C2=CN=CC=C2)CC1)CCCCOC(CCCCCCCCCCCCCCC)=O)O)CCCCCCCCCCCCCCC,0.4871578869249557
CCCCCCCC/C=C\CCCCCCCC(OCCCCCC(C(CNCCCN(CCO)CCO)CCCCOC(CCCCCCC/C=C\CCCCCCCC)=O)O)=O,0.6913674914136863
OCCN(CCCNCC(CCCCOC(CCCCCCC/C=C\C/C=C\CCCCC)=O)C(O)CCCCCOC(CCCCCCC/C=C\C/C=C\CCCCC)=O)CCO,0.6980839425362194
CCCCCCCC/C=C\CCCCCCCC(OCCCCCC(C(CNCCNCCN1CCN(CCNCC(CCCCOC(CCCCCCC/C=C\CCCCCCCC)=O)C(O)CCCCCOC(CCCCCCC/C=C\CCCCCCCC)=O)CC1)CCCCOC(CCCCCCC/C=C\CCCCCCCC)=O)O)=O,0.8139976402554395
OC(C(CNCCNCCN1CCN(CCNCC(CCCCOC(CCCCCCC/C=C\C/C=C\CCCCC)=O)C(O)CCCCCOC(CCCCCCC/C=C\C/C=C\CCCCC)=O)CC1)CCCCOC(CCCCCCC/C=C\C/C=C\CCCCC)=O)CCCCCOC(CCCCCCC/C=C\C/C=C\CCCCC)=O,0.8257707445422666
CCCCCCCC/C=C\CCCCCCCC(OCCCCCC(C(CNCCN1CCOCC1)CCCCOC(CCCCCCC/C=C\CCCCCCCC)=O)O)=O,0.34040644960158434
OC(C(CNCCN1CCOCC1)CCCCOC(CCCCCCC/C=C\C/C=C\CCCCC)=O)CCCCCOC(CCCCCCC/C=C\C/C=C\CCCCC)=O,0.34256198971922885
CN(CCNCC(CCCCOC(CCCCCCC/C=C\CCCCCCCC)=O)C(O)CCCCCOC(CCCCCCC/C=C\CCCCCCCC)=O)CCNCC(CCCCOC(CCCCCCC/C=C\CCCCCCCC)=O)C(O)CCCCCOC(CCCCCCC/C=C\CCCCCCCC)=O,0.8154571341523855
OC(C(CNCCN(C)CCNCC(CCCCOC(CCCCCCC/C=C\C/C=C\CCCCC)=O)C(O)CCCCCOC(CCCCCCC/C=C\C/C=C\CCCCC)=O)CCCCOC(CCCCCCC/C=C\C/C=C\CCCCC)=O)CCCCCOC(CCCCCCC/C=C\C/C=C\CCCCC)=O,0.828169404976227
CCCCCCCC/C=C\CCCCCCCC(OCCCCCC(C(CN1CCN(C)CC1)CCCCOC(CCCCCCC/C=C\CCCCCCCC)=O)O)=O,0.7633739806827737
OC(C(CN1CCN(C)CC1)CCCCOC(CCCCCCC/C=C\C/C=C\CCCCC)=O)CCCCCOC(CCCCCCC/C=C\C/C=C\CCCCC)=O,0.7730738518276316
O=C(OCCCCCC(C(CN1CCN(C)CC1)CCCCOC(CCCCCCCCCCCCCCC)=O)O)CCCCCCCCCCCCCCC,0.7531772984567485
OC(C(CNCCCNCC(CCCCOC(CCCCCCC/C=C\C/C=C\CCCCC)=O)C(O)CCCCCOC(CCCCCCC/C=C\C/C=C\CCCCC)=O)CCCCOC(CCCCCCC/C=C\C/C=C\CCCCC)=O)CCCCCOC(CCCCCCC/C=C\C/C=C\CCCCC)=O,0.826317141716283
CCCCCCCC/C=C\CCCCCCCC(OCCCCCC(C(CN1CCN(CC1)CC(CCCCOC(CCCCCCC/C=C\CCCCCCCC)=O)C(O)CCCCCOC(CCCCCCC/C=C\CCCCCCCC)=O)CCCCOC(CCCCCCC/C=C\CCCCCCCC)=O)O)=O,0.8138492382841465
OC(C(CN1CCN(CC(CCCCOC(CCCCCCC/C=C\C/C=C\CCCCC)=O)C(O)CCCCCOC(CCCCCCC/C=C\C/C=C\CCCCC)=O)CC1)CCCCOC(CCCCCCC/C=C\C/C=C\CCCCC)=O)CCCCCOC(CCCCCCC/C=C\C/C=C\CCCCC)=O,0.8259762744432851
CCCCCCCC/C=C\CCCCCCCC(OCCCCCC(C(CN(CCCN(C)C)CCCN(C)C)CCCCOC(CCCCCCC/C=C\CCCCCCCC)=O)O)=O,0.7534936399137625
OC[C@H]1N(CC(CCCCOC(CCCCCCC/C=C\CCCCCCCC)=O)C(O)CCCCCOC(CCCCCCC/C=C\CCCCCCCC)=O)CCC1,0.7467258805466527
CCCCCCCC/C=C\CCCCCCCC(OCCCCCC(C(CNC[C@@H](O)C)CCCCOC(CCCCCCC/C=C\CCCCCCCC)=O)O)=O,0.7929067449691324
CCCCCCCC/C=C\CCCCCCCC(OCCCCCC(C(CN[C@H]1CCCC[C@H]1O)CCCCOC(CCCCCCC/C=C\CCCCCCCC)=O)O)=O,0.7682203531826626
CN(CC(CCCCOC(CCCCCCC/C=C\C/C=C\CCCCC)=O)C(O)CCCCCOC(CCCCCCC/C=C\C/C=C\CCCCC)=O)CCCN(CC(CCCCOC(CCCCCCC/C=C\C/C=C\CCCCC)=O)C(O)CCCCCOC(CCCCCCC/C=C\C/C=C\CCCCC)=O)C,0.8266704797431711
CCCCCCCCCCCCCCCC(OCCCCCC(C(CN(CCCN(C)CC(CCCCOC(CCCCCCCCCCCCCCC)=O)C(O)CCCCCOC(CCCCCCCCCCCCCCC)=O)C)CCCCOC(CCCCCCCCCCCCCCC)=O)O)=O,0.807131837008936
OC[C@H]1N(CC(CCCCOC(CCCCCCC/C=C\CCCCCCCC)=O)C(O)CCCCCOC(CCCCCCC/C=C\CCCCCCCC)=O)CCCC1,0.7413970086402989
CN1CCN(CC(CCCCOC(CCCCCCC/C=C\CCCCCCCC)=O)C(O)CCCCCOC(CCCCCCC/C=C\CCCCCCCC)=O)CCC1,0.7420773179572788
OC(C(CN1CCN(C)CCC1)CCCCOC(CCCCCCC/C=C\C/C=C\CCCCC)=O)CCCCCOC(CCCCCCC/C=C\C/C=C\CCCCC)=O,0.7513291921147679
CCCCCCCC/C=C\CCCCCCCC(OCCCCCC(C(CNCCN1CCCC1)CCCCOC(CCCCCCC/C=C\CCCCCCCC)=O)O)=O,0.784577231523177
OC(C(CNCCN1CCCC1)CCCCOC(CCCCCCC/C=C\C/C=C\CCCCC)=O)CCCCCOC(CCCCCCC/C=C\C/C=C\CCCCC)=O,0.7938072521690872
CCCCCCCC/C=C\CCCCCCCC(OCCCCCC(C(CNCCN1CCCCC1)CCCCOC(CCCCCCC/C=C\CCCCCCCC)=O)O)=O,0.7816444665154634
OC(C(CNCCN1CCCCC1)CCCCOC(CCCCCCC/C=C\C/C=C\CCCCC)=O)CCCCCOC(CCCCCCC/C=C\C/C=C\CCCCC)=O,0.7908203878433071
CCCCCCCC/C=C\CCCCCCCC(OCCCCCC(C(CNCCCN1C(CC)CCCC1)CCCCOC(CCCCCCC/C=C\CCCCCCCC)=O)O)=O,0.7498220124303275
OC(C(CNCCCN1CCCCC1CC)CCCCOC(CCCCCCC/C=C\C/C=C\CCCCC)=O)CCCCCOC(CCCCCCC/C=C\C/C=C\CCCCC)=O,0.7589265535382856
CN1CCN(CCNCC(CCCCOC(CCCCCCC/C=C\CCCCCCCC)=O)C(O)CCCCCOC(CCCCCCC/C=C\CCCCCCCC)=O)CC1,0.7645995588674657
OC(C(CNCCN1CCN(C)CC1)CCCCOC(CCCCCCC/C=C\C/C=C\CCCCC)=O)CCCCCOC(CCCCCCC/C=C\C/C=C\CCCCC)=O,0.773801550009394
CN(CC(CCCCOC(CCCCCCC/C=C\CCCCCCCC)=O)C(O)CCCCCOC(CCCCCCC/C=C\CCCCCCCC)=O)CCN(C)C,0.7643383856502801
OC(C(CN(CCN(C)C)C)CCCCOC(CCCCCCC/C=C\C/C=C\CCCCC)=O)CCCCCOC(CCCCCCC/C=C\C/C=C\CCCCC)=O,0.7733426262662358
CCCCCCCC/C=C\CCCCCCCC(OCCCCCC(C(CNCCCN(C)C)CCCCOC(CCCCCCC/C=C\CCCCCCCC)=O)O)=O,0.774758234986397
OC(C(CNCCCN(C)C)CCCCOC(CCCCCCC/C=C\C/C=C\CCCCC)=O)CCCCCOC(CCCCCCC/C=C\C/C=C\CCCCC)=O,0.7838422884272498
N3(CCCN1CCN(CC1)CCCN)C(CCCC(=O)OCCCCCCCC/C=C\C/C=C\CCCCC)(CCCC(=O)OCCCCCCCC/C=C\C/C=C\CCCCC)C=NC3(C(=O)OC),0.8341656997538741
N3(CCCN1CCN(CC1)CCCN)C(CCCC(=O)OCCCCCCCC/C=C\CCCCCCCC)(CCCC(=O)OCCCCCCCC/C=C\CCCCCCCC)C=NC3(C(=O)OC),0.8251156142712365
N3(CCCN1CCN(CC1)CCCN)C(CCCC(=O)OCCC#CCCCCCC)(CCCC(=O)OCCC#CCCCCCC)C=NC3(C(=O)OC),0.8022428264076512
N3(CCCN1CCN(CC1)CCCN)C(CCCC(=O)OC(CCCCCCCC)CCCCCCCC)(CCCC(=O)OCCCCCCCC/C=C\CCCCCCCC)C=NC3(C(=O)OC),0.8234077742182491
N3(CCCN1CCN(CC1)CCCN)C(CCCC(=O)OCCCCCCCC/C=C\CCCCCCCC)(CCCC(=O)OCCC#CCCCCCC)C=NC3(C(=O)OC),0.8171128345772036
N3(CCCN1CCN(CC1)CCCN)C(CCCC(=O)OCCCCCCCCCCCC)(CCCC(=O)OCCCCCCCCCCCC)C=NC3(C(=O)OC),0.8218105081830878
N3(CCCN1CCN(CC1)CCCN)C(CCCC(=O)OC(CCCCCCCC)CCCCCCCC)(CCCC(=O)OC(CCCCCCCC)CCCCCCCC)C=NC3(C(=O)OC),0.8216565834493577
N3(CCCN1CCN(CC1)CCCN)C(CCCCCCC/C=C\CCCCCCCC)(CCCCCCC/C=C\CCCCCCCC)C=NC3(C(=O)OC),0.8370041621083611
N3(CCCN1CCN(CC1)CCCN)C(CCCC(=O)OCCCCCCCC/C=C\C/C=C\CCCCC)(CCCC(=O)OCCCCCCCC/C=C\C/C=C\CCCCC)C=NC3(C(=O)OCC),0.8323130208021338
N3(CCCN1CCN(CC1)CCCN)C(CCCC(=O)OCCCCCCCC/C=C\CCCCCCCC)(CCCC(=O)OCCCCCCCC/C=C\CCCCCCCC)C=NC3(C(=O)OCC),0.8237761365343477
N3(CCCN1CCN(CC1)CCCN)C(CCCC(=O)OCCC#CCCCCCC)(CCCC(=O)OCCC#CCCCCCC)C=NC3(C(=O)OCC),0.8002581356183021
N3(CCCN1CCN(CC1)CCCN)C(CCCC(=O)OC(CCCCCCCC)CCCCCCCC)(CCCC(=O)OCCCCCCCC/C=C\CCCCCCCC)C=NC3(C(=O)OCC),0.8220736410901703
N3(CCCN1CCN(CC1)CCCN)C(CCCC(=O)OCCCCCCCC/C=C\CCCCCCCC)(CCCC(=O)OCCC#CCCCCCC)C=NC3(C(=O)OCC),0.8152649657733922
N3(CCCN1CCN(CC1)CCCN)C(CCCC(=O)OCCCCCCCCCCCC)(CCCC(=O)OCCCCCCCCCCCC)C=NC3(C(=O)OCC),0.8202545144048488
N3(CCCN1CCN(CC1)CCCN)C(CCCC(=O)OC(CCCCCCCC)CCCCCCCC)(CCCC(=O)OC(CCCCCCCC)CCCCCCCC)C=NC3(C(=O)OCC),0.8203277949300891
N3(CCCN1CCN(CC1)CCCN)C(CCCCCCC/C=C\CCCCCCCC)(CCCCCCC/C=C\CCCCCCCC)C=NC3(C(=O)OCC),0.835119177965591
N3(CCCN1CCN(CC1)CCCN)C(CCCC(=O)OCCCCCCCC/C=C\C/C=C\CCCCC)(CCCC(=O)OCCCCCCCC/C=C\C/C=C\CCCCC)C=NC3(C(=O)OC(C)(C)C),0.7579052581792232
N3(CCCN1CCN(CC1)CCCN)C(CCCC(=O)OCCCCCCCC/C=C\CCCCCCCC)(CCCC(=O)OCCCCCCCC/C=C\CCCCCCCC)C=NC3(C(=O)OC(C)(C)C),0.7518542702380864
N3(CCCN1CCN(CC1)CCCN)C(CCCC(=O)OCCC#CCCCCCC)(CCCC(=O)OCCC#CCCCCCC)C=NC3(C(=O)OC(C)(C)C),0.7168361557763235
N3(CCCN1CCN(CC1)CCCN)C(CCCC(=O)OC(CCCCCCCC)CCCCCCCC)(CCCC(=O)OCCCCCCCC/C=C\CCCCCCCC)C=NC3(C(=O)OC(C)(C)C),0.7491697920018717
N3(CCCN1CCN(CC1)CCCN)C(CCCC(=O)OCCCCCCCC/C=C\CCCCCCCC)(CCCC(=O)OCCC#CCCCCCC)C=NC3(C(=O)OC(C)(C)C),0.7365713613456847
N3(CCCN1CCN(CC1)CCCN)C(CCCC(=O)OCCCCCCCCCCCC)(CCCC(=O)OCCCCCCCCCCCC)C=NC3(C(=O)OC(C)(C)C),0.7354119969256954
N3(CCCN1CCN(CC1)CCCN)C(CCCC(=O)OC(CCCCCCCC)CCCCCCCC)(CCCC(=O)OC(CCCCCCCC)CCCCCCCC)C=NC3(C(=O)OC(C)(C)C),0.7464094797050964
N3(CCCN1CCN(CC1)CCCN)C(CCCCCCC/C=C\CCCCCCCC)(CCCCCCC/C=C\CCCCCCCC)C=NC3(C(=O)OC(C)(C)C),0.7498538425450186
N(CCCN1CCN(CC1)CCCNC(CCCC(=O)OCCCCCCCC/C=C\C/C=C\CCCCC)(CCCC(=O)OCCCCCCCC/C=C\C/C=C\CCCCC)C=NC(C)(C)C),0.7495959948622037
N(CCCN1CCN(CC1)CCCNC(CCCC(=O)OCCCCCCCC/C=C\CCCCCCCC)(CCCC(=O)OCCCCCCCC/C=C\CCCCCCCC)C=NC(C)(C)C),0.7433732668246367
N(CCCN1CCN(CC1)CCCNC(CCCC(=O)OCCC#CCCCCCC)(CCCC(=O)OCCC#CCCCCCC)C=NC(C)(C)C),0.7027118393048609
N(CCCN1CCN(CC1)CCCNC(CCCC(=O)OC(CCCCCCCC)CCCCCCCC)(CCCC(=O)OCCCCCCCC/C=C\CCCCCCCC)C=NC(C)(C)C),0.7403649052945317
N(CCCN1CCN(CC1)CCCNC(CCCC(=O)OCCCCCCCC/C=C\CCCCCCCC)(CCCC(=O)OCCC#CCCCCCC)C=NC(C)(C)C),0.7256115877506659
N(CCCN1CCN(CC1)CCCNC(CCCC(=O)OCCCCCCCCCCCC)(CCCC(=O)OCCCCCCCCCCCC)C=NC(C)(C)C),0.7237933518334793
N(CCCN1CCN(CC1)CCCNC(CCCC(=O)OC(CCCCCCCC)CCCCCCCC)(CCCC(=O)OC(CCCCCCCC)CCCCCCCC)C=NC(C)(C)C),0.737183497208065
N(CCCN1CCN(CC1)CCCNC(CCCCCCC/C=C\CCCCCCCC)(CCCCCCC/C=C\CCCCCCCC)C=NC(C)(C)C),0.7364847786829616
N(CCCN1CCN(CC1)CCCNC(CCCC(=O)OCCCCCCCC/C=C\C/C=C\CCCCC)(CCCC(=O)OCCCCCCCC/C=C\C/C=C\CCCCC)C=NCCCC),0.8256601705244405
N(CCCN1CCN(CC1)CCCNC(CCCC(=O)OCCCCCCCC/C=C\CCCCCCCC)(CCCC(=O)OCCCCCCCC/C=C\CCCCCCCC)C=NCCCC),0.8159028151426032
N(CCCN1CCN(CC1)CCCNC(CCCC(=O)OCCC#CCCCCCC)(CCCC(=O)OCCC#CCCCCCC)C=NCCCC),0.7910441487988221
N(CCCN1CCN(CC1)CCCNC(CCCC(=O)OC(CCCCCCCC)CCCCCCCC)(CCCC(=O)OCCCCCCCC/C=C\CCCCCCCC)C=NCCCC),0.8140690204753251
N(CCCN1CCN(CC1)CCCNC(CCCC(=O)OCCCCCCCC/C=C\CCCCCCCC)(CCCC(=O)OCCC#CCCCCCC)C=NCCCC),0.8070934152100459
N(CCCN1CCN(CC1)CCCNC(CCCC(=O)OCCCCCCCCCCCC)(CCCC(=O)OCCCCCCCCCCCC)C=NCCCC),0.8105319583648193
N(CCCN1CCN(CC1)CCCNC(CCCC(=O)OC(CCCCCCCC)CCCCCCCC)(CCCC(=O)OC(CCCCCCCC)CCCCCCCC)C=NCCCC),0.812188668326857
N(CCCN1CCN(CC1)CCCNC(CCCCCCC/C=C\CCCCCCCC)(CCCCCCC/C=C\CCCCCCCC)C=NCCCC),0.8235489312753773
N(CCCN1CCN(CC1)CCCNC(CCCC(=O)OCCCCCCCC/C=C\C/C=C\CCCCC)(CCCC(=O)OCCCCCCCC/C=C\C/C=C\CCCCC)C=NC5CCCCC5),0.7858010281715989
N(CCCN1CCN(CC1)CCCNC(CCCC(=O)OCCCCCCCC/C=C\CCCCCCCC)(CCCC(=O)OCCCCCCCC/C=C\CCCCCCCC)C=NC5CCCCC5),0.7777238990305637
N(CCCN1CCN(CC1)CCCNC(CCCC(=O)OCCC#CCCCCCC)(CCCC(=O)OCCC#CCCCCCC)C=NC5CCCCC5),0.7424652771723477
N(CCCN1CCN(CC1)CCCNC(CCCC(=O)OC(CCCCCCCC)CCCCCCCC)(CCCC(=O)OCCCCCCCC/C=C\CCCCCCCC)C=NC5CCCCC5),0.7747699931257791
N(CCCN1CCN(CC1)CCCNC(CCCC(=O)OCCCCCCCC/C=C\CCCCCCCC)(CCCC(=O)OCCC#CCCCCCC)C=NC5CCCCC5),0.7609075624860101
N(CCCN1CCN(CC1)CCCNC(CCCC(=O)OCCCCCCCCCCCC)(CCCC(=O)OCCCCCCCCCCCC)C=NC5CCCCC5),0.7627367251589862
N(CCCN1CCN(CC1)CCCNC(CCCC(=O)OC(CCCCCCCC)CCCCCCCC)(CCCC(=O)OC(CCCCCCCC)CCCCCCCC)C=NC5CCCCC5),0.7716626375636031
N(CCCN1CCN(CC1)CCCNC(CCCCCCC/C=C\CCCCCCCC)(CCCCCCC/C=C\CCCCCCCC)C=NC5CCCCC5),0.7790024482270177
N3(CCN1CCCC1)C(CCCC(=O)OCCCCCCCC/C=C\C/C=C\CCCCC)(CCCC(=O)OCCCCCCCC/C=C\C/C=C\CCCCC)C=NC3(C(=O)OC),0.8007690208360027
N3(CCN1CCCC1)C(CCCC(=O)OCCCCCCCC/C=C\CCCCCCCC)(CCCC(=O)OCCCCCCCC/C=C\CCCCCCCC)C=NC3(C(=O)OC),0.7929052009710317
N3(CCN1CCCC1)C(CCCC(=O)OCCC#CCCCCCC)(CCCC(=O)OCCC#CCCCCCC)C=NC3(C(=O)OC),0.7568044469179752
N3(CCN1CCCC1)C(CCCC(=O)OC(CCCCCCCC)CCCCCCCC)(CCCC(=O)OCCCCCCCC/C=C\CCCCCCCC)C=NC3(C(=O)OC),0.7900887108972082
N3(CCN1CCCC1)C(CCCC(=O)OCCCCCCCC/C=C\CCCCCCCC)(CCCC(=O)OCCC#CCCCCCC)C=NC3(C(=O)OC),0.7752580746792234
N3(CCN1CCCC1)C(CCCC(=O)OCCCCCCCCCCCC)(CCCC(=O)OCCCCCCCCCCCC)C=NC3(C(=O)OC),0.7789465673726813
N3(CCN1CCCC1)C(CCCC(=O)OC(CCCCCCCC)CCCCCCCC)(CCCC(=O)OC(CCCCCCCC)CCCCCCCC)C=NC3(C(=O)OC),0.7872048787523779
N3(CCN1CCCC1)C(CCCCCCC/C=C\CCCCCCCC)(CCCCCCC/C=C\CCCCCCCC)C=NC3(C(=O)OC),0.8004055280523754
N3(CCN1CCCC1)C(CCCC(=O)OCCCCCCCC/C=C\C/C=C\CCCCC)(CCCC(=O)OCCCCCCCC/C=C\C/C=C\CCCCC)C=NC3(C(=O)OCC),0.7994374412432443
N3(CCN1CCCC1)C(CCCC(=O)OCCCCCCCC/C=C\CCCCCCCC)(CCCC(=O)OCCCCCCCC/C=C\CCCCCCCC)C=NC3(C(=O)OCC),0.7915331211204014
N3(CCN1CCCC1)C(CCCC(=O)OCCC#CCCCCCC)(CCCC(=O)OCCC#CCCCCCC)C=NC3(C(=O)OCC),0.7562970060037301
N3(CCN1CCCC1)C(CCCC(=O)OC(CCCCCCCC)CCCCCCCC)(CCCC(=O)OCCCCCCCC/C=C\CCCCCCCC)C=NC3(C(=O)OCC),0.7887371187136833
N3(CCN1CCCC1)C(CCCC(=O)OCCCCCCCC/C=C\CCCCCCCC)(CCCC(=O)OCCC#CCCCCCC)C=NC3(C(=O)OCC),0.7740128402110189
N3(CCN1CCCC1)C(CCCC(=O)OCCCCCCCCCCCC)(CCCC(=O)OCCCCCCCCCCCC)C=NC3(C(=O)OCC),0.7775247232755751
N3(CCN1CCCC1)C(CCCC(=O)OC(CCCCCCCC)CCCCCCCC)(CCCC(=O)OC(CCCCCCCC)CCCCCCCC)C=NC3(C(=O)OCC),0.7858671825517591
N3(CCN1CCCC1)C(CCCCCCC/C=C\CCCCCCCC)(CCCCCCC/C=C\CCCCCCCC)C=NC3(C(=O)OCC),0.7990905167469283
N3(CCN1CCCC1)C(CCCC(=O)OCCCCCCCC/C=C\C/C=C\CCCCC)(CCCC(=O)OCCCCCCCC/C=C\C/C=C\CCCCC)C=NC3(C(=O)OC(C)(C)C),0.7256655089151053
N3(CCN1CCCC1)C(CCCC(=O)OCCCCCCCC/C=C\CCCCCCCC)(CCCC(=O)OCCCCCCCC/C=C\CCCCCCCC)C=NC3(C(=O)OC(C)(C)C),0.7202912078338659
N3(CCN1CCCC1)C(CCCC(=O)OCCC#CCCCCCC)(CCCC(=O)OCCC#CCCCCCC)C=NC3(C(=O)OC(C)(C)C),0.6714091187342334
N3(CCN1CCCC1)C(CCCC(=O)OC(CCCCCCCC)CCCCCCCC)(CCCC(=O)OCCCCCCCC/C=C\CCCCCCCC)C=NC3(C(=O)OC(C)(C)C),0.7166797962763578
N3(CCN1CCCC1)C(CCCC(=O)OCCCCCCCC/C=C\CCCCCCCC)(CCCC(=O)OCCC#CCCCCCC)C=NC3(C(=O)OC(C)(C)C),0.6990079066303962
N3(CCN1CCCC1)C(CCCC(=O)OCCCCCCCCCCCC)(CCCC(=O)OCCCCCCCCCCCC)C=NC3(C(=O)OC(C)(C)C),0.694923912884993
N3(CCN1CCCC1)C(CCCC(=O)OC(CCCCCCCC)CCCCCCCC)(CCCC(=O)OC(CCCCCCCC)CCCCCCCC)C=NC3(C(=O)OC(C)(C)C),0.7129599485445475
N3(CCN1CCCC1)C(CCCCCCC/C=C\CCCCCCCC)(CCCCCCC/C=C\CCCCCCCC)C=NC3(C(=O)OC(C)(C)C),0.7089025590741099
N(CCN1CCCC1)C(CCCC(=O)OCCCCCCCC/C=C\C/C=C\CCCCC)(CCCC(=O)OCCCCCCCC/C=C\C/C=C\CCCCC)C=NC(C)(C)C,0.7105162152429555
N(CCN1CCCC1)C(CCCC(=O)OCCCCCCCC/C=C\CCCCCCCC)(CCCC(=O)OCCCCCCCC/C=C\CCCCCCCC)C=NC(C)(C)C,0.7047334078949996
N(CCN1CCCC1)C(CCCC(=O)OCCC#CCCCCCC)(CCCC(=O)OCCC#CCCCCCC)C=NC(C)(C)C,0.6461298316770996
N(CCN1CCCC1)C(CCCC(=O)OC(CCCCCCCC)CCCCCCCC)(CCCC(=O)OCCCCCCCC/C=C\CCCCCCCC)C=NC(C)(C)C,0.7007076703856262
N(CCN1CCCC1)C(CCCC(=O)OCCCCCCCC/C=C\CCCCCCCC)(CCCC(=O)OCCC#CCCCCCC)C=NC(C)(C)C,0.6795739588442962
N(CCN1CCCC1)C(CCCC(=O)OCCCCCCCCCCCC)(CCCC(=O)OCCCCCCCCCCCC)C=NC(C)(C)C,0.6736518947445668
N(CCN1CCCC1)C(CCCC(=O)OC(CCCCCCCC)CCCCCCCC)(CCCC(=O)OC(CCCCCCCC)CCCCCCCC)C=NC(C)(C)C,0.6965563939537583
N(CCN1CCCC1)C(CCCCCCC/C=C\CCCCCCCC)(CCCCCCC/C=C\CCCCCCCC)C=NC(C)(C)C,0.685362110801062
N(CCN1CCCC1)C(CCCC(=O)OCCCCCCCC/C=C\C/C=C\CCCCC)(CCCC(=O)OCCCCCCCC/C=C\C/C=C\CCCCC)C=NCCCC,0.7877073313650671
N(CCN1CCCC1)C(CCCC(=O)OCCCCCCCC/C=C\CCCCCCCC)(CCCC(=O)OCCCCCCCC/C=C\CCCCCCCC)C=NCCCC,0.7785500567835163
N(CCN1CCCC1)C(CCCC(=O)OCCC#CCCCCCC)(CCCC(=O)OCCC#CCCCCCC)C=NCCCC,0.7387812977041073
N(CCN1CCCC1)C(CCCC(=O)OC(CCCCCCCC)CCCCCCCC)(CCCC(=O)OCCCCCCCC/C=C\CCCCCCCC)C=NCCCC,0.775228501177141
N(CCN1CCCC1)C(CCCC(=O)OCCCCCCCC/C=C\CCCCCCCC)(CCCC(=O)OCCC#CCCCCCC)C=NCCCC,0.7596392274308376
N(CCN1CCCC1)C(CCCC(=O)OCCCCCCCCCCCC)(CCCC(=O)OCCCCCCCCCCCC)C=NCCCC,0.7615432146271547
N(CCN1CCCC1)C(CCCC(=O)OC(CCCCCCCC)CCCCCCCC)(CCCC(=O)OC(CCCCCCCC)CCCCCCCC)C=NCCCC,0.7717904924832485
N(CCN1CCCC1)C(CCCCCCC/C=C\CCCCCCCC)(CCCCCCC/C=C\CCCCCCCC)C=NCCCC,0.7795238445087114
N(CCN1CCCC1)C(CCCC(=O)OCCCCCCCC/C=C\C/C=C\CCCCC)(CCCC(=O)OCCCCCCCC/C=C\C/C=C\CCCCC)C=NC5CCCCC5,0.7474559541101086
N(CCN1CCCC1)C(CCCC(=O)OCCCCCCCC/C=C\CCCCCCCC)(CCCC(=O)OCCCCCCCC/C=C\CCCCCCCC)C=NC5CCCCC5,0.7384340762850795
N(CCN1CCCC1)C(CCCC(=O)OCCC#CCCCCCC)(CCCC(=O)OCCC#CCCCCCC)C=NC5CCCCC5,0.6926366578524514
N(CCN1CCCC1)C(CCCC(=O)OC(CCCCCCCC)CCCCCCCC)(CCCC(=O)OCCCCCCCC/C=C\CCCCCCCC)C=NC5CCCCC5,0.7349756393086241
N(CCN1CCCC1)C(CCCC(=O)OCCCCCCCC/C=C\CCCCCCCC)(CCCC(=O)OCCC#CCCCCCC)C=NC5CCCCC5,0.7188730455783844
N(CCN1CCCC1)C(CCCC(=O)OCCCCCCCCCCCC)(CCCC(=O)OCCCCCCCCCCCC)C=NC5CCCCC5,0.7161943870273185
N(CCN1CCCC1)C(CCCC(=O)OC(CCCCCCCC)CCCCCCCC)(CCCC(=O)OC(CCCCCCCC)CCCCCCCC)C=NC5CCCCC5,0.7314170206092511
N(CCN1CCCC1)C(CCCCCCC/C=C\CCCCCCCC)(CCCCCCC/C=C\CCCCCCCC)C=NC5CCCCC5,0.7292459811260573
N3(CCN1CCCCC1)C(CCCC(=O)OCCCCCCCC/C=C\C/C=C\CCCCC)(CCCC(=O)OCCCCCCCC/C=C\C/C=C\CCCCC)C=NC3(C(=O)OC),0.7977199808943988
N3(CCN1CCCCC1)C(CCCC(=O)OCCCCCCCC/C=C\CCCCCCCC)(CCCC(=O)OCCCCCCCC/C=C\CCCCCCCC)C=NC3(C(=O)OC),0.7895399383414985
N3(CCN1CCCCC1)C(CCCC(=O)OCCC#CCCCCCC)(CCCC(=O)OCCC#CCCCCCC)C=NC3(C(=O)OC),0.7538595674636255
N3(CCN1CCCCC1)C(CCCC(=O)OC(CCCCCCCC)CCCCCCCC)(CCCC(=O)OCCCCCCCC/C=C\CCCCCCCC)C=NC3(C(=O)OC),0.7867295054909932
N3(CCN1CCCCC1)C(CCCC(=O)OCCCCCCCC/C=C\CCCCCCCC)(CCCC(=O)OCCC#CCCCCCC)C=NC3(C(=O)OC),0.7720496466259947
N3(CCN1CCCCC1)C(CCCC(=O)OCCCCCCCCCCCC)(CCCC(=O)OCCCCCCCCCCCC)C=NC3(C(=O)OC),0.7751113354751158
N3(CCN1CCCCC1)C(CCCC(=O)OC(CCCCCCCC)CCCCCCCC)(CCCC(=O)OC(CCCCCCCC)CCCCCCCC)C=NC3(C(=O)OC),0.7838393785846755
N3(CCN1CCCCC1)C(CCCCCCC/C=C\CCCCCCCC)(CCCCCCC/C=C\CCCCCCCC)C=NC3(C(=O)OC),0.796775410364032
N3(CCN1CCCCC1)C(CCCC(=O)OCCCCCCCC/C=C\C/C=C\CCCCC)(CCCC(=O)OCCCCCCCC/C=C\C/C=C\CCCCC)C=NC3(C(=O)OCC),0.7964547338354276
N3(CCN1CCCCC1)C(CCCC(=O)OCCCCCCCC/C=C\CCCCCCCC)(CCCC(=O)OCCCCCCCC/C=C\CCCCCCCC)C=NC3(C(=O)OCC),0.7882397137870926
N3(CCN1CCCCC1)C(CCCC(=O)OCCC#CCCCCCC)(CCCC(=O)OCCC#CCCCCCC)C=NC3(C(=O)OCC),0.7534181621604558
N3(CCN1CCCCC1)C(CCCC(=O)OC(CCCCCCCC)CCCCCCCC)(CCCC(=O)OCCCCCCCC/C=C\CCCCCCCC)C=NC3(C(=O)OCC),0.7854503624491158
N3(CCN1CCCCC1)C(CCCC(=O)OCCCCCCCC/C=C\CCCCCCCC)(CCCC(=O)OCCC#CCCCCCC)C=NC3(C(=O)OCC),0.7710612503033853
N3(CCN1CCCCC1)C(CCCC(=O)OCCCCCCCCCCCC)(CCCC(=O)OCCCCCCCCCCCC)C=NC3(C(=O)OCC),0.7737869414119799
N3(CCN1CCCCC1)C(CCCC(=O)OC(CCCCCCCC)CCCCCCCC)(CCCC(=O)OC(CCCCCCCC)CCCCCCCC)C=NC3(C(=O)OCC),0.7825798918263107
N3(CCN1CCCCC1)C(CCCCCCC/C=C\CCCCCCCC)(CCCCCCC/C=C\CCCCCCCC)C=NC3(C(=O)OCC),0.7955556518644888
N3(CCN1CCCCC1)C(CCCC(=O)OCCCCCCCC/C=C\C/C=C\CCCCC)(CCCC(=O)OCCCCCCCC/C=C\C/C=C\CCCCC)C=NC3(C(=O)OC(C)(C)C),0.7240536936670722
N3(CCN1CCCCC1)C(CCCC(=O)OCCCCCCCC/C=C\CCCCCCCC)(CCCC(=O)OCCCCCCCC/C=C\CCCCCCCC)C=NC3(C(=O)OC(C)(C)C),0.718714963926691
N3(CCN1CCCCC1)C(CCCC(=O)OCCC#CCCCCCC)(CCCC(=O)OCCC#CCCCCCC)C=NC3(C(=O)OC(C)(C)C),0.6702665007551822
N3(CCN1CCCCC1)C(CCCC(=O)OC(CCCCCCCC)CCCCCCCC)(CCCC(=O)OCCCCCCCC/C=C\CCCCCCCC)C=NC3(C(=O)OC(C)(C)C),0.7151340166394002
N3(CCN1CCCCC1)C(CCCC(=O)OCCCCCCCC/C=C\CCCCCCCC)(CCCC(=O)OCCC#CCCCCCC)C=NC3(C(=O)OC(C)(C)C),0.697566168711608
N3(CCN1CCCCC1)C(CCCC(=O)OCCCCCCCCCCCC)(CCCC(=O)OCCCCCCCCCCCC)C=NC3(C(=O)OC(C)(C)C),0.6934521263877838
N3(CCN1CCCCC1)C(CCCC(=O)OC(CCCCCCCC)CCCCCCCC)(CCCC(=O)OC(CCCCCCCC)CCCCCCCC)C=NC3(C(=O)OC(C)(C)C),0.7114462365604504
N3(CCN1CCCCC1)C(CCCCCCC/C=C\CCCCCCCC)(CCCCCCC/C=C\CCCCCCCC)C=NC3(C(=O)OC(C)(C)C),0.7070491675078616
N(CCN1CCCCC1)C(CCCC(=O)OCCCCCCCC/C=C\C/C=C\CCCCC)(CCCC(=O)OCCCCCCCC/C=C\C/C=C\CCCCC)C=NC(C)(C)C,0.7091326741756547
N(CCN1CCCCC1)C(CCCC(=O)OCCCCCCCC/C=C\CCCCCCCC)(CCCC(=O)OCCCCCCCC/C=C\CCCCCCCC)C=NC(C)(C)C,0.7033979683069895
N(CCN1CCCCC1)C(CCCC(=O)OCCC#CCCCCCC)(CCCC(=O)OCCC#CCCCCCC)C=NC(C)(C)C,0.6455489320839871
N(CCN1CCCCC1)C(CCCC(=O)OC(CCCCCCCC)CCCCCCCC)(CCCC(=O)OCCCCCCCC/C=C\CCCCCCCC)C=NC(C)(C)C,0.6993306022334399
N(CCN1CCCCC1)C(CCCC(=O)OCCCCCCCC/C=C\CCCCCCCC)(CCCC(=O)OCCC#CCCCCCC)C=NC(C)(C)C,0.6784856777214807
N(CCN1CCCCC1)C(CCCC(=O)OCCCCCCCCCCCC)(CCCC(=O)OCCCCCCCCCCCC)C=NC(C)(C)C,0.6725947905064767
N(CCN1CCCCC1)C(CCCC(=O)OC(CCCCCCCC)CCCCCCCC)(CCCC(=O)OC(CCCCCCCC)CCCCCCCC)C=NC(C)(C)C,0.6952241611310344
N(CCN1CCCCC1)C(CCCCCCC/C=C\CCCCCCCC)(CCCCCCC/C=C\CCCCCCCC)C=NC(C)(C)C,0.6839222138030863
N(CCN1CCCCC1)C(CCCC(=O)OCCCCCCCC/C=C\C/C=C\CCCCC)(CCCC(=O)OCCCCCCCC/C=C\C/C=C\CCCCC)C=NCCCC,0.7849026588151681
N(CCN1CCCCC1)C(CCCC(=O)OCCCCCCCC/C=C\CCCCCCCC)(CCCC(=O)OCCCCCCCC/C=C\CCCCCCCC)C=NCCCC,0.775867419468114
N(CCN1CCCCC1)C(CCCC(=O)OCCC#CCCCCCC)(CCCC(=O)OCCC#CCCCCCC)C=NCCCC,0.7362692127942886
N(CCN1CCCCC1)C(CCCC(=O)OC(CCCCCCCC)CCCCCCCC)(CCCC(=O)OCCCCCCCC/C=C\CCCCCCCC)C=NCCCC,0.7725558404648508
N(CCN1CCCCC1)C(CCCC(=O)OCCCCCCCC/C=C\CCCCCCCC)(CCCC(=O)OCCC#CCCCCCC)C=NCCCC,0.7569682888702751
N(CCN1CCCCC1)C(CCCC(=O)OCCCCCCCCCCCC)(CCCC(=O)OCCCCCCCCCCCC)C=NCCCC,0.758487107925013
N(CCN1CCCCC1)C(CCCC(=O)OC(CCCCCCCC)CCCCCCCC)(CCCC(=O)OC(CCCCCCCC)CCCCCCCC)C=NCCCC,0.7691058954779493
N(CCN1CCCCC1)C(CCCCCCC/C=C\CCCCCCCC)(CCCCCCC/C=C\CCCCCCCC)C=NCCCC,0.7768723246934922
N(CCN1CCCCC1)C(CCCC(=O)OCCCCCCCC/C=C\C/C=C\CCCCC)(CCCC(=O)OCCCCCCCC/C=C\C/C=C\CCCCC)C=NC5CCCCC5,0.745346258859146
N(CCN1CCCCC1)C(CCCC(=O)OCCCCCCCC/C=C\CCCCCCCC)(CCCC(=O)OCCCCCCCC/C=C\CCCCCCCC)C=NC5CCCCC5,0.7366482049434651
N(CCN1CCCCC1)C(CCCC(=O)OCCC#CCCCCCC)(CCCC(=O)OCCC#CCCCCCC)C=NC5CCCCC5,0.6911604768991094
N(CCN1CCCCC1)C(CCCC(=O)OC(CCCCCCCC)CCCCCCCC)(CCCC(=O)OCCCCCCCC/C=C\CCCCCCCC)C=NC5CCCCC5,0.733210968248623
N(CCN1CCCCC1)C(CCCC(=O)OCCCCCCCC/C=C\CCCCCCCC)(CCCC(=O)OCCC#CCCCCCC)C=NC5CCCCC5,0.7171672245998364
N(CCN1CCCCC1)C(CCCC(=O)OCCCCCCCCCCCC)(CCCC(=O)OCCCCCCCCCCCC)C=NC5CCCCC5,0.7144114849128208
N(CCN1CCCCC1)C(CCCC(=O)OC(CCCCCCCC)CCCCCCCC)(CCCC(=O)OC(CCCCCCCC)CCCCCCCC)C=NC5CCCCC5,0.7296779442869958
N(CCN1CCCCC1)C(CCCCCCC/C=C\CCCCCCCC)(CCCCCCC/C=C\CCCCCCCC)C=NC5CCCCC5,0.7270187044812733
N3(CCCN1C(CC)CCCC1)C(CCCC(=O)OCCCCCCCC/C=C\C/C=C\CCCCC)(CCCC(=O)OCCCCCCCC/C=C\C/C=C\CCCCC)C=NC3(C(=O)OC),0.7646581120262071
N3(CCCN1C(CC)CCCC1)C(CCCC(=O)OCCCCCCCC/C=C\CCCCCCCC)(CCCC(=O)OCCCCCCCC/C=C\CCCCCCCC)C=NC3(C(=O)OC),0.756540126320046
N3(CCCN1C(CC)CCCC1)C(CCCC(=O)OCCC#CCCCCCC)(CCCC(=O)OCCC#CCCCCCC)C=NC3(C(=O)OC),0.7191203821972061
N3(CCCN1C(CC)CCCC1)C(CCCC(=O)OC(CCCCCCCC)CCCCCCCC)(CCCC(=O)OCCCCCCCC/C=C\CCCCCCCC)C=NC3(C(=O)OC),0.753426535380925
N3(CCCN1C(CC)CCCC1)C(CCCC(=O)OCCCCCCCC/C=C\CCCCCCCC)(CCCC(=O)OCCC#CCCCCCC)C=NC3(C(=O)OC),0.7403978637155271
N3(CCCN1C(CC)CCCC1)C(CCCC(=O)OCCCCCCCCCCCC)(CCCC(=O)OCCCCCCCCCCCC)C=NC3(C(=O)OC),0.739354596075801
N3(CCCN1C(CC)CCCC1)C(CCCC(=O)OC(CCCCCCCC)CCCCCCCC)(CCCC(=O)OC(CCCCCCCC)CCCCCCCC)C=NC3(C(=O)OC),0.7503956077247329
N3(CCCN1C(CC)CCCC1)C(CCCCCCC/C=C\CCCCCCCC)(CCCCCCC/C=C\CCCCCCCC)C=NC3(C(=O)OC),0.7550277207958802
N3(CCCN1C(CC)CCCC1)C(CCCC(=O)OCCCCCCCC/C=C\C/C=C\CCCCC)(CCCC(=O)OCCCCCCCC/C=C\C/C=C\CCCCC)C=NC3(C(=O)OCC),0.7638967428089412
N3(CCCN1C(CC)CCCC1)C(CCCC(=O)OCCCCCCCC/C=C\CCCCCCCC)(CCCC(=O)OCCCCCCCC/C=C\CCCCCCCC)C=NC3(C(=O)OCC),0.7560063780535468
N3(CCCN1C(CC)CCCC1)C(CCCC(=O)OCCC#CCCCCCC)(CCCC(=O)OCCC#CCCCCCC)C=NC3(C(=O)OCC),0.7193181921077211
N3(CCCN1C(CC)CCCC1)C(CCCC(=O)OC(CCCCCCCC)CCCCCCCC)(CCCC(=O)OCCCCCCCC/C=C\CCCCCCCC)C=NC3(C(=O)OCC),0.7531094813094029
N3(CCCN1C(CC)CCCC1)C(CCCC(=O)OCCCCCCCC/C=C\CCCCCCCC)(CCCC(=O)OCCC#CCCCCCC)C=NC3(C(=O)OCC),0.740242513752781
N3(CCCN1C(CC)CCCC1)C(CCCC(=O)OCCCCCCCCCCCC)(CCCC(=O)OCCCCCCCCCCCC)C=NC3(C(=O)OCC),0.7392055408745423
N3(CCCN1C(CC)CCCC1)C(CCCC(=O)OC(CCCCCCCC)CCCCCCCC)(CCCC(=O)OC(CCCCCCCC)CCCCCCCC)C=NC3(C(=O)OCC),0.750104861005465
N3(CCCN1C(CC)CCCC1)C(CCCCCCC/C=C\CCCCCCCC)(CCCCCCC/C=C\CCCCCCCC)C=NC3(C(=O)OCC),0.754337197337619
N3(CCCN1C(CC)CCCC1)C(CCCC(=O)OCCCCCCCC/C=C\C/C=C\CCCCC)(CCCC(=O)OCCCCCCCC/C=C\C/C=C\CCCCC)C=NC3(C(=O)OC(C)(C)C),0.700967834065592
N3(CCCN1C(CC)CCCC1)C(CCCC(=O)OCCCCCCCC/C=C\CCCCCCCC)(CCCC(=O)OCCCCCCCC/C=C\CCCCCCCC)C=NC3(C(=O)OC(C)(C)C),0.6948485539007709
N3(CCCN1C(CC)CCCC1)C(CCCC(=O)OCCC#CCCCCCC)(CCCC(=O)OCCC#CCCCCCC)C=NC3(C(=O)OC(C)(C)C),0.643100210480839
N3(CCCN1C(CC)CCCC1)C(CCCC(=O)OC(CCCCCCCC)CCCCCCCC)(CCCC(=O)OCCCCCCCC/C=C\CCCCCCCC)C=NC3(C(=O)OC(C)(C)C),0.6910738348518439
N3(CCCN1C(CC)CCCC1)C(CCCC(=O)OCCCCCCCC/C=C\CCCCCCCC)(CCCC(=O)OCCC#CCCCCCC)C=NC3(C(=O)OC(C)(C)C),0.6719641860514306
N3(CCCN1C(CC)CCCC1)C(CCCC(=O)OCCCCCCCCCCCC)(CCCC(=O)OCCCCCCCCCCCC)C=NC3(C(=O)OC(C)(C)C),0.6663809107657174
N3(CCCN1C(CC)CCCC1)C(CCCC(=O)OC(CCCCCCCC)CCCCCCCC)(CCCC(=O)OC(CCCCCCCC)CCCCCCCC)C=NC3(C(=O)OC(C)(C)C),0.6871913922431228
N3(CCCN1C(CC)CCCC1)C(CCCCCCC/C=C\CCCCCCCC)(CCCCCCC/C=C\CCCCCCCC)C=NC3(C(=O)OC(C)(C)C),0.6782612041514577
N(CCCN1C(CC)CCCC1)C(CCCC(=O)OCCCCCCCC/C=C\C/C=C\CCCCC)(CCCC(=O)OCCCCCCCC/C=C\C/C=C\CCCCC)C=NC(C)(C)C,0.6897149977541542
N(CCCN1C(CC)CCCC1)C(CCCC(=O)OCCCCCCCC/C=C\CCCCCCCC)(CCCC(=O)OCCCCCCCC/C=C\CCCCCCCC)C=NC(C)(C)C,0.6832746847534749
N(CCCN1C(CC)CCCC1)C(CCCC(=O)OCCC#CCCCCCC)(CCCC(=O)OCCC#CCCCCCC)C=NC(C)(C)C,0.6235828867973018
N(CCCN1C(CC)CCCC1)C(CCCC(=O)OC(CCCCCCCC)CCCCCCCC)(CCCC(=O)OCCCCCCCC/C=C\CCCCCCCC)C=NC(C)(C)C,0.6790906874387809
N(CCCN1C(CC)CCCC1)C(CCCC(=O)OCCCCCCCC/C=C\CCCCCCCC)(CCCC(=O)OCCC#CCCCCCC)C=NC(C)(C)C,0.6570014192267523
N(CCCN1C(CC)CCCC1)C(CCCC(=O)OCCCCCCCCCCCC)(CCCC(=O)OCCCCCCCCCCCC)C=NC(C)(C)C,0.6500249231933379
N(CCCN1C(CC)CCCC1)C(CCCC(=O)OC(CCCCCCCC)CCCCCCCC)(CCCC(=O)OC(CCCCCCCC)CCCCCCCC)C=NC(C)(C)C,0.6748527689596476
N(CCCN1C(CC)CCCC1)C(CCCCCCC/C=C\CCCCCCCC)(CCCCCCC/C=C\CCCCCCCC)C=NC(C)(C)C,0.6601957137589055
N(CCCN1C(CC)CCCC1)C(CCCC(=O)OCCCCCCCC/C=C\C/C=C\CCCCC)(CCCC(=O)OCCCCCCCC/C=C\C/C=C\CCCCC)C=NCCCC,0.7571887836759618
N(CCCN1C(CC)CCCC1)C(CCCC(=O)OCCCCCCCC/C=C\CCCCCCCC)(CCCC(=O)OCCCCCCCC/C=C\CCCCCCCC)C=NCCCC,0.7484917392975006
N(CCCN1C(CC)CCCC1)C(CCCC(=O)OCCC#CCCCCCC)(CCCC(=O)OCCC#CCCCCCC)C=NCCCC,0.7078550157473358
N(CCCN1C(CC)CCCC1)C(CCCC(=O)OC(CCCCCCCC)CCCCCCCC)(CCCC(=O)OCCCCCCCC/C=C\CCCCCCCC)C=NCCCC,0.7452986918407364
N(CCCN1C(CC)CCCC1)C(CCCC(=O)OCCCCCCCC/C=C\CCCCCCCC)(CCCC(=O)OCCC#CCCCCCC)C=NCCCC,0.7309854731401089
N(CCCN1C(CC)CCCC1)C(CCCC(=O)OCCCCCCCCCCCC)(CCCC(=O)OCCCCCCCCCCCC)C=NCCCC,0.7292376079055882
N(CCCN1C(CC)CCCC1)C(CCCC(=O)OC(CCCCCCCC)CCCCCCCC)(CCCC(=O)OC(CCCCCCCC)CCCCCCCC)C=NCCCC,0.7420073035818668
N(CCCN1C(CC)CCCC1)C(CCCCCCC/C=C\CCCCCCCC)(CCCCCCC/C=C\CCCCCCCC)C=NCCCC,0.7425799487235949
N(CCCN1C(CC)CCCC1)C(CCCC(=O)OCCCCCCCC/C=C\C/C=C\CCCCC)(CCCC(=O)OCCCCCCCC/C=C\C/C=C\CCCCC)C=NC5CCCCC5,0.7211270452672189
N(CCCN1C(CC)CCCC1)C(CCCC(=O)OCCCCCCCC/C=C\CCCCCCCC)(CCCC(=O)OCCCCCCCC/C=C\CCCCCCCC)C=NC5CCCCC5,0.7156099837462083
N(CCCN1C(CC)CCCC1)C(CCCC(=O)OCCC#CCCCCCC)(CCCC(=O)OCCC#CCCCCCC)C=NC5CCCCC5,0.666598911420626
N(CCCN1C(CC)CCCC1)C(CCCC(=O)OC(CCCCCCCC)CCCCCCCC)(CCCC(=O)OCCCCCCCC/C=C\CCCCCCCC)C=NC5CCCCC5,0.7120048075656452
N(CCCN1C(CC)CCCC1)C(CCCC(=O)OCCCCCCCC/C=C\CCCCCCCC)(CCCC(=O)OCCC#CCCCCCC)C=NC5CCCCC5,0.6942700890738941
N(CCCN1C(CC)CCCC1)C(CCCC(=O)OCCCCCCCCCCCC)(CCCC(=O)OCCCCCCCCCCCC)C=NC5CCCCC5,0.6900527176464084
N(CCCN1C(CC)CCCC1)C(CCCC(=O)OC(CCCCCCCC)CCCCCCCC)(CCCC(=O)OC(CCCCCCCC)CCCCCCCC)C=NC5CCCCC5,0.708292442286169
N(CCCN1C(CC)CCCC1)C(CCCCCCC/C=C\CCCCCCCC)(CCCCCCC/C=C\CCCCCCCC)C=NC5CCCCC5,0.7002230925201797
N3(CCN(CC1)CCS1(=O)=O)C(CCCC(=O)OCCCCCCCC/C=C\C/C=C\CCCCC)(CCCC(=O)OCCCCCCCC/C=C\C/C=C\CCCCC)C=NC3(C(=O)OC),0.7347444552853173
N3(CCN(CC1)CCS1(=O)=O)C(CCCC(=O)OCCCCCCCC/C=C\CCCCCCCC)(CCCC(=O)OCCCCCCCC/C=C\CCCCCCCC)C=NC3(C(=O)OC),0.7295485453692497
N3(CCN(CC1)CCS1(=O)=O)C(CCCC(=O)OCCC#CCCCCCC)(CCCC(=O)OCCC#CCCCCCC)C=NC3(C(=O)OC),0.6835138856899967
N3(CCN(CC1)CCS1(=O)=O)C(CCCC(=O)OC(CCCCCCCC)CCCCCCCC)(CCCC(=O)OCCCCCCCC/C=C\CCCCCCCC)C=NC3(C(=O)OC),0.726163091995323
N3(CCN(CC1)CCS1(=O)=O)C(CCCC(=O)OCCCCCCCC/C=C\CCCCCCCC)(CCCC(=O)OCCC#CCCCCCC)C=NC3(C(=O)OC),0.7096355424801402
N3(CCN(CC1)CCS1(=O)=O)C(CCCC(=O)OCCCCCCCCCCCC)(CCCC(=O)OCCCCCCCCCCCC)C=NC3(C(=O)OC),0.7063285360866368
N3(CCN(CC1)CCS1(=O)=O)C(CCCC(=O)OC(CCCCCCCC)CCCCCCCC)(CCCC(=O)OC(CCCCCCCC)CCCCCCCC)C=NC3(C(=O)OC),0.7226212197368881
N3(CCN(CC1)CCS1(=O)=O)C(CCCCCCC/C=C\CCCCCCCC)(CCCCCCC/C=C\CCCCCCCC)C=NC3(C(=O)OC),0.7203684077389003
N3(CCN(CC1)CCS1(=O)=O)C(CCCC(=O)OCCCCCCCC/C=C\C/C=C\CCCCC)(CCCC(=O)OCCCCCCCC/C=C\C/C=C\CCCCC)C=NC3(C(=O)OCC),0.7347199294693333
N3(CCN(CC1)CCS1(=O)=O)C(CCCC(=O)OCCCCCCCC/C=C\CCCCCCCC)(CCCC(=O)OCCCCCCCC/C=C\CCCCCCCC)C=NC3(C(=O)OCC),0.7296180252837807
N3(CCN(CC1)CCS1(=O)=O)C(CCCC(=O)OCCC#CCCCCCC)(CCCC(=O)OCCC#CCCCCCC)C=NC3(C(=O)OCC),0.6844442039302033
N3(CCN(CC1)CCS1(=O)=O)C(CCCC(=O)OC(CCCCCCCC)CCCCCCCC)(CCCC(=O)OCCCCCCCC/C=C\CCCCCCCC)C=NC3(C(=O)OCC),0.7262841176925999
N3(CCN(CC1)CCS1(=O)=O)C(CCCC(=O)OCCCCCCCC/C=C\CCCCCCCC)(CCCC(=O)OCCC#CCCCCCC)C=NC3(C(=O)OCC),0.7100302715330352
N3(CCN(CC1)CCS1(=O)=O)C(CCCC(=O)OCCCCCCCCCCCC)(CCCC(=O)OCCCCCCCCCCCC)C=NC3(C(=O)OCC),0.706809847802255
N3(CCN(CC1)CCS1(=O)=O)C(CCCC(=O)OC(CCCCCCCC)CCCCCCCC)(CCCC(=O)OC(CCCCCCCC)CCCCCCCC)C=NC3(C(=O)OCC),0.7227820924620713
N3(CCN(CC1)CCS1(=O)=O)C(CCCCCCC/C=C\CCCCCCCC)(CCCCCCC/C=C\CCCCCCCC)C=NC3(C(=O)OCC),0.7206182978930423
N3(CCN(CC1)CCS1(=O)=O)C(CCCC(=O)OCCCCCCCC/C=C\C/C=C\CCCCC)(CCCC(=O)OCCCCCCCC/C=C\C/C=C\CCCCC)C=NC3(C(=O)OC(C)(C)C),0.6758748957023027
N3(CCN(CC1)CCS1(=O)=O)C(CCCC(=O)OCCCCCCCC/C=C\CCCCCCCC)(CCCC(=O)OCCCCCCCC/C=C\CCCCCCCC)C=NC3(C(=O)OC(C)(C)C),0.6687930514907877
N3(CCN(CC1)CCS1(=O)=O)C(CCCC(=O)OCCC#CCCCCCC)(CCCC(=O)OCCC#CCCCCCC)C=NC3(C(=O)OC(C)(C)C),0.6082895856099917
N3(CCN(CC1)CCS1(=O)=O)C(CCCC(=O)OC(CCCCCCCC)CCCCCCCC)(CCCC(=O)OCCCCCCCC/C=C\CCCCCCCC)C=NC3(C(=O)OC(C)(C)C),0.6645910012752242
N3(CCN(CC1)CCS1(=O)=O)C(CCCC(=O)OCCCCCCCC/C=C\CCCCCCCC)(CCCC(=O)OCCC#CCCCCCC)C=NC3(C(=O)OC(C)(C)C),0.6429798380135278
N3(CCN(CC1)CCS1(=O)=O)C(CCCC(=O)OCCCCCCCCCCCC)(CCCC(=O)OCCCCCCCCCCCC)C=NC3(C(=O)OC(C)(C)C),0.6353956005738658
N3(CCN(CC1)CCS1(=O)=O)C(CCCC(=O)OC(CCCCCCCC)CCCCCCCC)(CCCC(=O)OC(CCCCCCCC)CCCCCCCC)C=NC3(C(=O)OC(C)(C)C),0.6602655499806904
N3(CCN(CC1)CCS1(=O)=O)C(CCCCCCC/C=C\CCCCCCCC)(CCCCCCC/C=C\CCCCCCCC)C=NC3(C(=O)OC(C)(C)C),0.6467309813991481
N(CCN(CC1)CCS1(=O)=O)C(CCCC(=O)OCCCCCCCC/C=C\C/C=C\CCCCC)(CCCC(=O)OCCCCCCCC/C=C\C/C=C\CCCCC)C=NC(C)(C)C,0.6575019715340867
N(CCN(CC1)CCS1(=O)=O)C(CCCC(=O)OCCCCCCCC/C=C\CCCCCCCC)(CCCC(=O)OCCCCCCCC/C=C\CCCCCCCC)C=NC(C)(C)C,0.6501600230271481
N(CCN(CC1)CCS1(=O)=O)C(CCCC(=O)OCCC#CCCCCCC)(CCCC(=O)OCCC#CCCCCCC)C=NC(C)(C)C,0.5789043325267911
N(CCN(CC1)CCS1(=O)=O)C(CCCC(=O)OC(CCCCCCCC)CCCCCCCC)(CCCC(=O)OCCCCCCCC/C=C\CCCCCCCC)C=NC(C)(C)C,0.645466803261939
N(CCN(CC1)CCS1(=O)=O)C(CCCC(=O)OCCCCCCCC/C=C\CCCCCCCC)(CCCC(=O)OCCC#CCCCCCC)C=NC(C)(C)C,0.6199246802204343
N(CCN(CC1)CCS1(=O)=O)C(CCCC(=O)OCCCCCCCCCCCC)(CCCC(=O)OCCCCCCCCCCCC)C=NC(C)(C)C,0.6100697560355421
N(CCN(CC1)CCS1(=O)=O)C(CCCC(=O)OC(CCCCCCCC)CCCCCCCC)(CCCC(=O)OC(CCCCCCCC)CCCCCCCC)C=NC(C)(C)C,0.6406399682764781
N(CCN(CC1)CCS1(=O)=O)C(CCCCCCC/C=C\CCCCCCCC)(CCCCCCC/C=C\CCCCCCCC)C=NC(C)(C)C,0.6187027244928248
N(CCN(CC1)CCS1(=O)=O)C(CCCC(=O)OCCCCCCCC/C=C\C/C=C\CCCCC)(CCCC(=O)OCCCCCCCC/C=C\C/C=C\CCCCC)C=NCCCC,0.720988976206292
N(CCN(CC1)CCS1(=O)=O)C(CCCC(=O)OCCCCCCCC/C=C\CCCCCCCC)(CCCC(=O)OCCCCCCCC/C=C\CCCCCCCC)C=NCCCC,0.7156258394190115
N(CCN(CC1)CCS1(=O)=O)C(CCCC(=O)OCCC#CCCCCCC)(CCCC(=O)OCCC#CCCCCCC)C=NCCCC,0.6637371109410016
N(CCN(CC1)CCS1(=O)=O)C(CCCC(=O)OC(CCCCCCCC)CCCCCCCC)(CCCC(=O)OCCCCCCCC/C=C\CCCCCCCC)C=NCCCC,0.7118659071211257
N(CCN(CC1)CCS1(=O)=O)C(CCCC(=O)OCCCCCCCC/C=C\CCCCCCCC)(CCCC(=O)OCCC#CCCCCCC)C=NCCCC,0.6932787235241681
N(CCN(CC1)CCS1(=O)=O)C(CCCC(=O)OCCCCCCCCCCCC)(CCCC(=O)OCCCCCCCCCCCC)C=NCCCC,0.6887016005392221
N(CCN(CC1)CCS1(=O)=O)C(CCCC(=O)OC(CCCCCCCC)CCCCCCCC)(CCCC(=O)OC(CCCCCCCC)CCCCCCCC)C=NCCCC,0.7080085841738119
N(CCN(CC1)CCS1(=O)=O)C(CCCCCCC/C=C\CCCCCCCC)(CCCCCCC/C=C\CCCCCCCC)C=NCCCC,0.6997261032853852
N(CCN(CC1)CCS1(=O)=O)C(CCCC(=O)OCCCCCCCC/C=C\C/C=C\CCCCC)(CCCC(=O)OCCCCCCCC/C=C\C/C=C\CCCCC)C=NC5CCCCC5,0.6902570598565803
N(CCN(CC1)CCS1(=O)=O)C(CCCC(=O)OCCCCCCCC/C=C\CCCCCCCC)(CCCC(=O)OCCCCCCCC/C=C\CCCCCCCC)C=NC5CCCCC5,0.6831724245715755
N(CCN(CC1)CCS1(=O)=O)C(CCCC(=O)OCCC#CCCCCCC)(CCCC(=O)OCCC#CCCCCCC)C=NC5CCCCC5,0.6254700681681383
N(CCN(CC1)CCS1(=O)=O)C(CCCC(=O)OC(CCCCCCCC)CCCCCCCC)(CCCC(=O)OCCCCCCCC/C=C\CCCCCCCC)C=NC5CCCCC5,0.6790128343037809
N(CCN(CC1)CCS1(=O)=O)C(CCCC(=O)OCCCCCCCC/C=C\CCCCCCCC)(CCCC(=O)OCCC#CCCCCCC)C=NC5CCCCC5,0.6581780051640185
N(CCN(CC1)CCS1(=O)=O)C(CCCC(=O)OCCCCCCCCCCCC)(CCCC(=O)OCCCCCCCCCCCC)C=NC5CCCCC5,0.6514155310211764
N(CCN(CC1)CCS1(=O)=O)C(CCCC(=O)OC(CCCCCCCC)CCCCCCCC)(CCCC(=O)OC(CCCCCCCC)CCCCCCCC)C=NC5CCCCC5,0.6747269924989839
N(CCN(CC1)CCS1(=O)=O)C(CCCCCCC/C=C\CCCCCCCC)(CCCCCCC/C=C\CCCCCCCC)C=NC5CCCCC5,0.6607151503507022
N3(C1CCN(CC2=CC=CC=C2)CC1)C(CCCC(=O)OCCCCCCCC/C=C\C/C=C\CCCCC)(CCCC(=O)OCCCCCCCC/C=C\C/C=C\CCCCC)C=NC3(C(=O)OC),0.6233142905123245
N3(C1CCN(CC2=CC=CC=C2)CC1)C(CCCC(=O)OCCCCCCCC/C=C\CCCCCCCC)(CCCC(=O)OCCCCCCCC/C=C\CCCCCCCC)C=NC3(C(=O)OC),0.6176477580982589
N3(C1CCN(CC2=CC=CC=C2)CC1)C(CCCC(=O)OCCC#CCCCCCC)(CCCC(=O)OCCC#CCCCCCC)C=NC3(C(=O)OC),0.5419129884923497
N3(C1CCN(CC2=CC=CC=C2)CC1)C(CCCC(=O)OC(CCCCCCCC)CCCCCCCC)(CCCC(=O)OCCCCCCCC/C=C\CCCCCCCC)C=NC3(C(=O)OC),0.6126380781069511
N3(C1CCN(CC2=CC=CC=C2)CC1)C(CCCC(=O)OCCCCCCCC/C=C\CCCCCCCC)(CCCC(=O)OCCC#CCCCCCC)C=NC3(C(=O)OC),0.5844316081890831
N3(C1CCN(CC2=CC=CC=C2)CC1)C(CCCC(=O)OCCCCCCCCCCCC)(CCCC(=O)OCCCCCCCCCCCC)C=NC3(C(=O)OC),0.573245341949602
N3(C1CCN(CC2=CC=CC=C2)CC1)C(CCCC(=O)OC(CCCCCCCC)CCCCCCCC)(CCCC(=O)OC(CCCCCCCC)CCCCCCCC)C=NC3(C(=O)OC),0.6075854037069935
N3(C1CCN(CC2=CC=CC=C2)CC1)C(CCCCCCC/C=C\CCCCCCCC)(CCCCCCC/C=C\CCCCCCCC)C=NC3(C(=O)OC),0.5816524709923879
N3(C1CCN(CC2=CC=CC=C2)CC1)C(CCCC(=O)OCCCCCCCC/C=C\C/C=C\CCCCC)(CCCC(=O)OCCCCCCCC/C=C\C/C=C\CCCCC)C=NC3(C(=O)OCC),0.6249943385994996
N3(C1CCN(CC2=CC=CC=C2)CC1)C(CCCC(=O)OCCCCCCCC/C=C\CCCCCCCC)(CCCC(=O)OCCCCCCCC/C=C\CCCCCCCC)C=NC3(C(=O)OCC),0.6194134980800221
N3(C1CCN(CC2=CC=CC=C2)CC1)C(CCCC(=O)OCCC#CCCCCCC)(CCCC(=O)OCCC#CCCCCCC)C=NC3(C(=O)OCC),0.5453271246002238
N3(C1CCN(CC2=CC=CC=C2)CC1)C(CCCC(=O)OC(CCCCCCCC)CCCCCCCC)(CCCC(=O)OCCCCCCCC/C=C\CCCCCCCC)C=NC3(C(=O)OCC),0.614401086399767
N3(C1CCN(CC2=CC=CC=C2)CC1)C(CCCC(=O)OCCCCCCCC/C=C\CCCCCCCC)(CCCC(=O)OCCC#CCCCCCC)C=NC3(C(=O)OCC),0.5868180947918651
N3(C1CCN(CC2=CC=CC=C2)CC1)C(CCCC(=O)OCCCCCCCCCCCC)(CCCC(=O)OCCCCCCCCCCCC)C=NC3(C(=O)OCC),0.5760024474810912
N3(C1CCN(CC2=CC=CC=C2)CC1)C(CCCC(=O)OC(CCCCCCCC)CCCCCCCC)(CCCC(=O)OC(CCCCCCCC)CCCCCCCC)C=NC3(C(=O)OCC),0.6094468715709993
N3(C1CCN(CC2=CC=CC=C2)CC1)C(CCCCCCC/C=C\CCCCCCCC)(CCCCCCC/C=C\CCCCCCCC)C=NC3(C(=O)OCC),0.5843406904547696
N3(C1CCN(CC2=CC=CC=C2)CC1)C(CCCC(=O)OCCCCCCCC/C=C\C/C=C\CCCCC)(CCCC(=O)OCCCCCCCC/C=C\C/C=C\CCCCC)C=NC3(C(=O)OC(C)(C)C),0.5705257674488678
N3(C1CCN(CC2=CC=CC=C2)CC1)C(CCCC(=O)OCCCCCCCC/C=C\CCCCCCCC)(CCCC(=O)OCCCCCCCC/C=C\CCCCCCCC)C=NC3(C(=O)OC(C)(C)C),0.5641664549639321
N3(C1CCN(CC2=CC=CC=C2)CC1)C(CCCC(=O)OCCC#CCCCCCC)(CCCC(=O)OCCC#CCCCCCC)C=NC3(C(=O)OC(C)(C)C),0.4821966053356503
N3(C1CCN(CC2=CC=CC=C2)CC1)C(CCCC(=O)OC(CCCCCCCC)CCCCCCCC)(CCCC(=O)OCCCCCCCC/C=C\CCCCCCCC)C=NC3(C(=O)OC(C)(C)C),0.5587210112009766
N3(C1CCN(CC2=CC=CC=C2)CC1)C(CCCC(=O)OCCCCCCCC/C=C\CCCCCCCC)(CCCC(=O)OCCC#CCCCCCC)C=NC3(C(=O)OC(C)(C)C),0.5275363471005093
N3(C1CCN(CC2=CC=CC=C2)CC1)C(CCCC(=O)OCCCCCCCCCCCC)(CCCC(=O)OCCCCCCCCCCCC)C=NC3(C(=O)OC(C)(C)C),0.5141901462872509
N3(C1CCN(CC2=CC=CC=C2)CC1)C(CCCC(=O)OC(CCCCCCCC)CCCCCCCC)(CCCC(=O)OC(CCCCCCCC)CCCCCCCC)C=NC3(C(=O)OC(C)(C)C),0.5531221771651719
N3(C1CCN(CC2=CC=CC=C2)CC1)C(CCCCCCC/C=C\CCCCCCCC)(CCCCCCC/C=C\CCCCCCCC)C=NC3(C(=O)OC(C)(C)C),0.5222176299508947
N(C1CCN(CC2=CC=CC=C2)CC1)C(CCCC(=O)OCCCCCCCC/C=C\C/C=C\CCCCC)(CCCC(=O)OCCCCCCCC/C=C\C/C=C\CCCCC)C=NC(C)(C)C,0.5418816334539972
N(C1CCN(CC2=CC=CC=C2)CC1)C(CCCC(=O)OCCCCCCCC/C=C\CCCCCCCC)(CCCC(=O)OCCCCCCCC/C=C\CCCCCCCC)C=NC(C)(C)C,0.5335249218876529
N(C1CCN(CC2=CC=CC=C2)CC1)C(CCCC(=O)OCCC#CCCCCCC)(CCCC(=O)OCCC#CCCCCCC)C=NC(C)(C)C,0.44036595556185776
N(C1CCN(CC2=CC=CC=C2)CC1)C(CCCC(=O)OC(CCCCCCCC)CCCCCCCC)(CCCC(=O)OCCCCCCCC/C=C\CCCCCCCC)C=NC(C)(C)C,0.527344000567889
N(C1CCN(CC2=CC=CC=C2)CC1)C(CCCC(=O)OCCCCCCCC/C=C\CCCCCCCC)(CCCC(=O)OCCC#CCCCCCC)C=NC(C)(C)C,0.4930308103159036
N(C1CCN(CC2=CC=CC=C2)CC1)C(CCCC(=O)OCCCCCCCCCCCC)(CCCC(=O)OCCCCCCCCCCCC)C=NC(C)(C)C,0.47679985689740867
N(C1CCN(CC2=CC=CC=C2)CC1)C(CCCC(=O)OC(CCCCCCCC)CCCCCCCC)(CCCC(=O)OC(CCCCCCCC)CCCCCCCC)C=NC(C)(C)C,0.5211178282268665
N(C1CCN(CC2=CC=CC=C2)CC1)C(CCCCCCC/C=C\CCCCCCCC)(CCCCCCC/C=C\CCCCCCCC)C=NC(C)(C)C,0.48535776329318103
N(C1CCN(CC2=CC=CC=C2)CC1)C(CCCC(=O)OCCCCCCCC/C=C\C/C=C\CCCCC)(CCCC(=O)OCCCCCCCC/C=C\C/C=C\CCCCC)C=NCCCC,0.6056301082660998
N(C1CCN(CC2=CC=CC=C2)CC1)C(CCCC(=O)OCCCCCCCC/C=C\CCCCCCCC)(CCCC(=O)OCCCCCCCC/C=C\CCCCCCCC)C=NCCCC,0.6001349002566682
N(C1CCN(CC2=CC=CC=C2)CC1)C(CCCC(=O)OCCC#CCCCCCC)(CCCC(=O)OCCC#CCCCCCC)C=NCCCC,0.5185792578111669
N(C1CCN(CC2=CC=CC=C2)CC1)C(CCCC(=O)OC(CCCCCCCC)CCCCCCCC)(CCCC(=O)OCCCCCCCC/C=C\CCCCCCCC)C=NCCCC,0.5948591181311611
N(C1CCN(CC2=CC=CC=C2)CC1)C(CCCC(=O)OCCCCCCCC/C=C\CCCCCCCC)(CCCC(=O)OCCC#CCCCCCC)C=NCCCC,0.5641937124688635
N(C1CCN(CC2=CC=CC=C2)CC1)C(CCCC(=O)OCCCCCCCCCCCC)(CCCC(=O)OCCCCCCCCCCCC)C=NCCCC,0.5513716990107885
N(C1CCN(CC2=CC=CC=C2)CC1)C(CCCC(=O)OC(CCCCCCCC)CCCCCCCC)(CCCC(=O)OC(CCCCCCCC)CCCCCCCC)C=NCCCC,0.589425848199384
N(C1CCN(CC2=CC=CC=C2)CC1)C(CCCCCCC/C=C\CCCCCCCC)(CCCCCCC/C=C\CCCCCCCC)C=NCCCC,0.5604163211155315
N(C1CCN(CC2=CC=CC=C2)CC1)C(CCCC(=O)OCCCCCCCC/C=C\C/C=C\CCCCC)(CCCC(=O)OCCCCCCCC/C=C\C/C=C\CCCCC)C=NC5CCCCC5,0.57894679247456
N(C1CCN(CC2=CC=CC=C2)CC1)C(CCCC(=O)OCCCCCCCC/C=C\CCCCCCCC)(CCCC(=O)OCCCCCCCC/C=C\CCCCCCCC)C=NC5CCCCC5,0.5732653545403685
N(C1CCN(CC2=CC=CC=C2)CC1)C(CCCC(=O)OCCC#CCCCCCC)(CCCC(=O)OCCC#CCCCCCC)C=NC5CCCCC5,0.4906622875371778
N(C1CCN(CC2=CC=CC=C2)CC1)C(CCCC(=O)OC(CCCCCCCC)CCCCCCCC)(CCCC(=O)OCCCCCCCC/C=C\CCCCCCCC)C=NC5CCCCC5,0.5677561911634884
N(C1CCN(CC2=CC=CC=C2)CC1)C(CCCC(=O)OCCCCCCCC/C=C\CCCCCCCC)(CCCC(=O)OCCC#CCCCCCC)C=NC5CCCCC5,0.5358671670063959
N(C1CCN(CC2=CC=CC=C2)CC1)C(CCCC(=O)OCCCCCCCCCCCC)(CCCC(=O)OCCCCCCCCCCCC)C=NC5CCCCC5,0.5230301886436527
N(C1CCN(CC2=CC=CC=C2)CC1)C(CCCC(=O)OC(CCCCCCCC)CCCCCCCC)(CCCC(=O)OC(CCCCCCCC)CCCCCCCC)C=NC5CCCCC5,0.5620876990595257
N(C1CCN(CC2=CC=CC=C2)CC1)C(CCCCCCC/C=C\CCCCCCCC)(CCCCCCC/C=C\CCCCCCCC)C=NC5CCCCC5,0.531607632553853
N3(CCCN1C=CN=C1)C(CCCC(=O)OCCCCCCCC/C=C\C/C=C\CCCCC)(CCCC(=O)OCCCCCCCC/C=C\C/C=C\CCCCC)C=NC3(C(=O)OC),0.5477576151488753
N3(CCCN1C=CN=C1)C(CCCC(=O)OCCCCCCCC/C=C\CCCCCCCC)(CCCC(=O)OCCCCCCCC/C=C\CCCCCCCC)C=NC3(C(=O)OC),0.5418467747276471
N3(CCCN1C=CN=C1)C(CCCC(=O)OCCC#CCCCCCC)(CCCC(=O)OCCC#CCCCCCC)C=NC3(C(=O)OC),0.4453441023611861
N3(CCCN1C=CN=C1)C(CCCC(=O)OC(CCCCCCCC)CCCCCCCC)(CCCC(=O)OCCCCCCCC/C=C\CCCCCCCC)C=NC3(C(=O)OC),0.5354246927814643
N3(CCCN1C=CN=C1)C(CCCC(=O)OCCCCCCCC/C=C\CCCCCCCC)(CCCC(=O)OCCC#CCCCCCC)C=NC3(C(=O)OC),0.49810343792208556
N3(CCCN1C=CN=C1)C(CCCC(=O)OCCCCCCCCCCCC)(CCCC(=O)OCCCCCCCCCCCC)C=NC3(C(=O)OC),0.48248509544230955
N3(CCCN1C=CN=C1)C(CCCC(=O)OC(CCCCCCCC)CCCCCCCC)(CCCC(=O)OC(CCCCCCCC)CCCCCCCC)C=NC3(C(=O)OC),0.528798862470533
N3(CCCN1C=CN=C1)C(CCCCCCC/C=C\CCCCCCCC)(CCCCCCC/C=C\CCCCCCCC)C=NC3(C(=O)OC),0.4908838512646264
N3(CCCN1C=CN=C1)C(CCCC(=O)OCCCCCCCC/C=C\C/C=C\CCCCC)(CCCC(=O)OCCCCCCCC/C=C\C/C=C\CCCCC)C=NC3(C(=O)OCC),0.5500432667987739
N3(CCCN1C=CN=C1)C(CCCC(=O)OCCCCCCCC/C=C\CCCCCCCC)(CCCC(=O)OCCCCCCCC/C=C\CCCCCCCC)C=NC3(C(=O)OCC),0.5442673480577288
N3(CCCN1C=CN=C1)C(CCCC(=O)OCCC#CCCCCCC)(CCCC(=O)OCCC#CCCCCCC)C=NC3(C(=O)OCC),0.45001276661814005
N3(CCCN1C=CN=C1)C(CCCC(=O)OC(CCCCCCCC)CCCCCCCC)(CCCC(=O)OCCCCCCCC/C=C\CCCCCCCC)C=NC3(C(=O)OCC),0.5379814942516605
N3(CCCN1C=CN=C1)C(CCCC(=O)OCCCCCCCC/C=C\CCCCCCCC)(CCCC(=O)OCCC#CCCCCCC)C=NC3(C(=O)OCC),0.5013611254531803
N3(CCCN1C=CN=C1)C(CCCC(=O)OCCCCCCCCCCCC)(CCCC(=O)OCCCCCCCCCCCC)C=NC3(C(=O)OCC),0.4861286934217628
N3(CCCN1C=CN=C1)C(CCCC(=O)OC(CCCCCCCC)CCCCCCCC)(CCCC(=O)OC(CCCCCCCC)CCCCCCCC)C=NC3(C(=O)OCC),0.5314991963795509
N3(CCCN1C=CN=C1)C(CCCCCCC/C=C\CCCCCCCC)(CCCCCCC/C=C\CCCCCCCC)C=NC3(C(=O)OCC),0.49451628495012084
N3(CCCN1C=CN=C1)C(CCCC(=O)OCCCCCCCC/C=C\C/C=C\CCCCC)(CCCC(=O)OCCCCCCCC/C=C\C/C=C\CCCCC)C=NC3(C(=O)OC(C)(C)C),0.49877546309540977
N3(CCCN1C=CN=C1)C(CCCC(=O)OCCCCCCCC/C=C\CCCCCCCC)(CCCC(=O)OCCCCCCCC/C=C\CCCCCCCC)C=NC3(C(=O)OC(C)(C)C),0.49360259438176785
N3(CCCN1C=CN=C1)C(CCCC(=O)OCCC#CCCCCCC)(CCCC(=O)OCCC#CCCCCCC)C=NC3(C(=O)OC(C)(C)C),0.3923303634209272
N3(CCCN1C=CN=C1)C(CCCC(=O)OC(CCCCCCCC)CCCCCCCC)(CCCC(=O)OCCCCCCCC/C=C\CCCCCCCC)C=NC3(C(=O)OC(C)(C)C),0.4868619440582336
N3(CCCN1C=CN=C1)C(CCCC(=O)OCCCCCCCC/C=C\CCCCCCCC)(CCCC(=O)OCCC#CCCCCCC)C=NC3(C(=O)OC(C)(C)C),0.4492546635507024
N3(CCCN1C=CN=C1)C(CCCC(=O)OCCCCCCCCCCCC)(CCCC(=O)OCCCCCCCCCCCC)C=NC3(C(=O)OC(C)(C)C),0.43096894558290405
N3(CCCN1C=CN=C1)C(CCCC(=O)OC(CCCCCCCC)CCCCCCCC)(CCCC(=O)OC(CCCCCCCC)CCCCCCCC)C=NC3(C(=O)OC(C)(C)C),0.479919534752119
N3(CCCN1C=CN=C1)C(CCCCCCC/C=C\CCCCCCCC)(CCCCCCC/C=C\CCCCCCCC)C=NC3(C(=O)OC(C)(C)C),0.4368296654504023
N(CCCN1C=CN=C1)C(CCCC(=O)OCCCCCCCC/C=C\C/C=C\CCCCC)(CCCC(=O)OCCCCCCCC/C=C\C/C=C\CCCCC)C=NC(C)(C)C,0.47628867475699643
N(CCCN1C=CN=C1)C(CCCC(=O)OCCCCCCCC/C=C\CCCCCCCC)(CCCC(=O)OCCCCCCCC/C=C\CCCCCCCC)C=NC(C)(C)C,0.4734356928819087
N(CCCN1C=CN=C1)C(CCCC(=O)OCCC#CCCCCCC)(CCCC(=O)OCCC#CCCCCCC)C=NC(C)(C)C,0.3601281451875645
N(CCCN1C=CN=C1)C(CCCC(=O)OC(CCCCCCCC)CCCCCCCC)(CCCC(=O)OCCCCCCCC/C=C\CCCCCCCC)C=NC(C)(C)C,0.4662709478492952
N(CCCN1C=CN=C1)C(CCCC(=O)OCCCCCCCC/C=C\CCCCCCCC)(CCCC(=O)OCCC#CCCCCCC)C=NC(C)(C)C,0.4246480548968586
N(CCCN1C=CN=C1)C(CCCC(=O)OCCCCCCCCCCCC)(CCCC(=O)OCCCCCCCCCCCC)C=NC(C)(C)C,0.4039715449469591
N(CCCN1C=CN=C1)C(CCCC(=O)OC(CCCCCCCC)CCCCCCCC)(CCCC(=O)OC(CCCCCCCC)CCCCCCCC)C=NC(C)(C)C,0.458873801410257
N(CCCN1C=CN=C1)C(CCCCCCC/C=C\CCCCCCCC)(CCCCCCC/C=C\CCCCCCCC)C=NC(C)(C)C,0.4058097340703699
N(CCCN1C=CN=C1)C(CCCC(=O)OCCCCCCCC/C=C\C/C=C\CCCCC)(CCCC(=O)OCCCCCCCC/C=C\C/C=C\CCCCC)C=NCCCC,0.5362355293224945
N(CCCN1C=CN=C1)C(CCCC(=O)OCCCCCCCC/C=C\CCCCCCCC)(CCCC(=O)OCCCCCCCC/C=C\CCCCCCCC)C=NCCCC,0.530724703178429
N(CCCN1C=CN=C1)C(CCCC(=O)OCCC#CCCCCCC)(CCCC(=O)OCCC#CCCCCCC)C=NCCCC,0.4312287529556159
N(CCCN1C=CN=C1)C(CCCC(=O)OC(CCCCCCCC)CCCCCCCC)(CCCC(=O)OCCCCCCCC/C=C\CCCCCCCC)C=NCCCC,0.524066923983722
N(CCCN1C=CN=C1)C(CCCC(=O)OCCCCCCCC/C=C\CCCCCCCC)(CCCC(=O)OCCC#CCCCCCC)C=NCCCC,0.4865957528472208
N(CCCN1C=CN=C1)C(CCCC(=O)OCCCCCCCCCCCC)(CCCC(=O)OCCCCCCCCCCCC)C=NCCCC,0.4696939322539771
N(CCCN1C=CN=C1)C(CCCC(=O)OC(CCCCCCCC)CCCCCCCC)(CCCC(=O)OC(CCCCCCCC)CCCCCCCC)C=NCCCC,0.5172099690340264
N(CCCN1C=CN=C1)C(CCCCCCC/C=C\CCCCCCCC)(CCCCCCC/C=C\CCCCCCCC)C=NCCCC,0.4742434711190088
N(CCCN1C=CN=C1)C(CCCC(=O)OCCCCCCCC/C=C\C/C=C\CCCCC)(CCCC(=O)OCCCCCCCC/C=C\C/C=C\CCCCC)C=NC5CCCCC5,0.5126635478574673
N(CCCN1C=CN=C1)C(CCCC(=O)OCCCCCCCC/C=C\CCCCCCCC)(CCCC(=O)OCCCCCCCC/C=C\CCCCCCCC)C=NC5CCCCC5,0.5066303752790307
N(CCCN1C=CN=C1)C(CCCC(=O)OCCC#CCCCCCC)(CCCC(=O)OCCC#CCCCCCC)C=NC5CCCCC5,0.4059096188705759
N(CCCN1C=CN=C1)C(CCCC(=O)OC(CCCCCCCC)CCCCCCCC)(CCCC(=O)OCCCCCCCC/C=C\CCCCCCCC)C=NC5CCCCC5,0.4999529694930822
N(CCCN1C=CN=C1)C(CCCC(=O)OCCCCCCCC/C=C\CCCCCCCC)(CCCC(=O)OCCC#CCCCCCC)C=NC5CCCCC5,0.4616896976386571
N(CCCN1C=CN=C1)C(CCCC(=O)OCCCCCCCCCCCC)(CCCC(=O)OCCCCCCCCCCCC)C=NC5CCCCC5,0.44442174164965226
N(CCCN1C=CN=C1)C(CCCC(=O)OC(CCCCCCCC)CCCCCCCC)(CCCC(=O)OC(CCCCCCCC)CCCCCCCC)C=NC5CCCCC5,0.4930061360385638
N(CCCN1C=CN=C1)C(CCCCCCC/C=C\CCCCCCCC)(CCCCCCC/C=C\CCCCCCCC)C=NC5CCCCC5,0.448641429074289
N3(CC1=CC=CN=C1)C(CCCC(=O)OCCCCCCCC/C=C\C/C=C\CCCCC)(CCCC(=O)OCCCCCCCC/C=C\C/C=C\CCCCC)C=NC3(C(=O)OC),0.5847754446891978
N3(CC1=CC=CN=C1)C(CCCC(=O)OCCCCCCCC/C=C\CCCCCCCC)(CCCC(=O)OCCCCCCCC/C=C\CCCCCCCC)C=NC3(C(=O)OC),0.5794574401540913
N3(CC1=CC=CN=C1)C(CCCC(=O)OCCC#CCCCCCC)(CCCC(=O)OCCC#CCCCCCC)C=NC3(C(=O)OC),0.48537198589107006
N3(CC1=CC=CN=C1)C(CCCC(=O)OC(CCCCCCCC)CCCCCCCC)(CCCC(=O)OCCCCCCCC/C=C\CCCCCCCC)C=NC3(C(=O)OC),0.5736088941177715
N3(CC1=CC=CN=C1)C(CCCC(=O)OCCCCCCCC/C=C\CCCCCCCC)(CCCC(=O)OCCC#CCCCCCC)C=NC3(C(=O)OC),0.537550421858857
N3(CC1=CC=CN=C1)C(CCCC(=O)OCCCCCCCCCCCC)(CCCC(=O)OCCCCCCCCCCCC)C=NC3(C(=O)OC),0.522925374926433
N3(CC1=CC=CN=C1)C(CCCC(=O)OC(CCCCCCCC)CCCCCCCC)(CCCC(=O)OC(CCCCCCCC)CCCCCCCC)C=NC3(C(=O)OC),0.5675743556948613
N3(CC1=CC=CN=C1)C(CCCCCCC/C=C\CCCCCCCC)(CCCCCCC/C=C\CCCCCCCC)C=NC3(C(=O)OC),0.5348735448440611
N3(CC1=CC=CN=C1)C(CCCC(=O)OCCCCCCCC/C=C\C/C=C\CCCCC)(CCCC(=O)OCCCCCCCC/C=C\C/C=C\CCCCC)C=NC3(C(=O)OCC),0.5866713555877574
N3(CC1=CC=CN=C1)C(CCCC(=O)OCCCCCCCC/C=C\CCCCCCCC)(CCCC(=O)OCCCCCCCC/C=C\CCCCCCCC)C=NC3(C(=O)OCC),0.5816704051241728
N3(CC1=CC=CN=C1)C(CCCC(=O)OCCC#CCCCCCC)(CCCC(=O)OCCC#CCCCCCC)C=NC3(C(=O)OCC),0.48936387421131305
N3(CC1=CC=CN=C1)C(CCCC(=O)OC(CCCCCCCC)CCCCCCCC)(CCCC(=O)OCCCCCCCC/C=C\CCCCCCCC)C=NC3(C(=O)OCC),0.5759466260112971
N3(CC1=CC=CN=C1)C(CCCC(=O)OCCCCCCCC/C=C\CCCCCCCC)(CCCC(=O)OCCC#CCCCCCC)C=NC3(C(=O)OCC),0.5405033776109642
N3(CC1=CC=CN=C1)C(CCCC(=O)OCCCCCCCCCCCC)(CCCC(=O)OCCCCCCCCCCCC)C=NC3(C(=O)OCC),0.526336126115394
N3(CC1=CC=CN=C1)C(CCCC(=O)OC(CCCCCCCC)CCCCCCCC)(CCCC(=O)OC(CCCCCCCC)CCCCCCCC)C=NC3(C(=O)OCC),0.5700411301988789
N3(CC1=CC=CN=C1)C(CCCCCCC/C=C\CCCCCCCC)(CCCCCCC/C=C\CCCCCCCC)C=NC3(C(=O)OCC),0.5382262773351618
N3(CC1=CC=CN=C1)C(CCCC(=O)OCCCCCCCC/C=C\C/C=C\CCCCC)(CCCC(=O)OCCCCCCCC/C=C\C/C=C\CCCCC)C=NC3(C(=O)OC(C)(C)C),0.5320416147892308
N3(CC1=CC=CN=C1)C(CCCC(=O)OCCCCCCCC/C=C\CCCCCCCC)(CCCC(=O)OCCCCCCCC/C=C\CCCCCCCC)C=NC3(C(=O)OC(C)(C)C),0.52554274862981
N3(CC1=CC=CN=C1)C(CCCC(=O)OCCC#CCCCCCC)(CCCC(=O)OCCC#CCCCCCC)C=NC3(C(=O)OC(C)(C)C),0.427363056787833
N3(CC1=CC=CN=C1)C(CCCC(=O)OC(CCCCCCCC)CCCCCCCC)(CCCC(=O)OCCCCCCCC/C=C\CCCCCCCC)C=NC3(C(=O)OC(C)(C)C),0.5192048145801147
N3(CC1=CC=CN=C1)C(CCCC(=O)OCCCCCCCC/C=C\CCCCCCCC)(CCCC(=O)OCCC#CCCCCCC)C=NC3(C(=O)OC(C)(C)C),0.4815456913671258
N3(CC1=CC=CN=C1)C(CCCC(=O)OCCCCCCCCCCCC)(CCCC(=O)OCCCCCCCCCCCC)C=NC3(C(=O)OC(C)(C)C),0.46435897343203414
N3(CC1=CC=CN=C1)C(CCCC(=O)OC(CCCCCCCC)CCCCCCCC)(CCCC(=O)OC(CCCCCCCC)CCCCCCCC)C=NC3(C(=O)OC(C)(C)C),0.5126582626331995
N3(CC1=CC=CN=C1)C(CCCCCCC/C=C\CCCCCCCC)(CCCCCCC/C=C\CCCCCCCC)C=NC3(C(=O)OC(C)(C)C),0.47361369804755526
N(CC1=CC=CN=C1)C(CCCC(=O)OCCCCCCCC/C=C\C/C=C\CCCCC)(CCCC(=O)OCCCCCCCC/C=C\C/C=C\CCCCC)C=NC(C)(C)C,0.49663375957612915
N(CC1=CC=CN=C1)C(CCCC(=O)OCCCCCCCC/C=C\CCCCCCCC)(CCCC(=O)OCCCCCCCC/C=C\CCCCCCCC)C=NC(C)(C)C,0.4916407666412173
N(CC1=CC=CN=C1)C(CCCC(=O)OCCC#CCCCCCC)(CCCC(=O)OCCC#CCCCCCC)C=NC(C)(C)C,0.3804238220674752
N(CC1=CC=CN=C1)C(CCCC(=O)OC(CCCCCCCC)CCCCCCCC)(CCCC(=O)OCCCCCCCC/C=C\CCCCCCCC)C=NC(C)(C)C,0.4843459100763497
N(CC1=CC=CN=C1)C(CCCC(=O)OCCCCCCCC/C=C\CCCCCCCC)(CCCC(=O)OCCC#CCCCCCC)C=NC(C)(C)C,0.44318410840286654
N(CC1=CC=CN=C1)C(CCCC(=O)OCCCCCCCCCCCC)(CCCC(=O)OCCCCCCCCCCCC)C=NC(C)(C)C,0.4232793302728703
N(CC1=CC=CN=C1)C(CCCC(=O)OC(CCCCCCCC)CCCCCCCC)(CCCC(=O)OC(CCCCCCCC)CCCCCCCC)C=NC(C)(C)C,0.4767985801297485
N(CC1=CC=CN=C1)C(CCCCCCC/C=C\CCCCCCCC)(CCCCCCC/C=C\CCCCCCCC)C=NC(C)(C)C,0.4301991140683555
N(CC1=CC=CN=C1)C(CCCC(=O)OCCCCCCCC/C=C\C/C=C\CCCCC)(CCCC(=O)OCCCCCCCC/C=C\C/C=C\CCCCC)C=NCCCC,0.5651933918545164
N(CC1=CC=CN=C1)C(CCCC(=O)OCCCCCCCC/C=C\CCCCCCCC)(CCCC(=O)OCCCCCCCC/C=C\CCCCCCCC)C=NCCCC,0.5589651410545122
N(CC1=CC=CN=C1)C(CCCC(=O)OCCC#CCCCCCC)(CCCC(=O)OCCC#CCCCCCC)C=NCCCC,0.4619439228643895
N(CC1=CC=CN=C1)C(CCCC(=O)OC(CCCCCCCC)CCCCCCCC)(CCCC(=O)OCCCCCCCC/C=C\CCCCCCCC)C=NCCCC,0.5527661668338787
N(CC1=CC=CN=C1)C(CCCC(=O)OCCCCCCCC/C=C\CCCCCCCC)(CCCC(=O)OCCC#CCCCCCC)C=NCCCC,0.5153793811320343
N(CC1=CC=CN=C1)C(CCCC(=O)OCCCCCCCCCCCC)(CCCC(=O)OCCCCCCCCCCCC)C=NCCCC,0.4993831154248438
N(CC1=CC=CN=C1)C(CCCC(=O)OC(CCCCCCCC)CCCCCCCC)(CCCC(=O)OC(CCCCCCCC)CCCCCCCC)C=NCCCC,0.5463899891389202
N(CC1=CC=CN=C1)C(CCCCCCC/C=C\CCCCCCCC)(CCCCCCC/C=C\CCCCCCCC)C=NCCCC,0.5098084578311266
N(CC1=CC=CN=C1)C(CCCC(=O)OCCCCCCCC/C=C\C/C=C\CCCCC)(CCCC(=O)OCCCCCCCC/C=C\C/C=C\CCCCC)C=NC5CCCCC5,0.5390605113858717
N(CC1=CC=CN=C1)C(CCCC(=O)OCCCCCCCC/C=C\CCCCCCCC)(CCCC(=O)OCCCCCCCC/C=C\CCCCCCCC)C=NC5CCCCC5,0.532153970343327
N(CC1=CC=CN=C1)C(CCCC(=O)OCCC#CCCCCCC)(CCCC(=O)OCCC#CCCCCCC)C=NC5CCCCC5,0.4332955725670132
N(CC1=CC=CN=C1)C(CCCC(=O)OC(CCCCCCCC)CCCCCCCC)(CCCC(=O)OCCCCCCCC/C=C\CCCCCCCC)C=NC5CCCCC5,0.5255629987587459
N(CC1=CC=CN=C1)C(CCCC(=O)OCCCCCCCC/C=C\CCCCCCCC)(CCCC(=O)OCCC#CCCCCCC)C=NC5CCCCC5,0.4878751334272674
N(CC1=CC=CN=C1)C(CCCC(=O)OCCCCCCCCCCCC)(CCCC(=O)OCCCCCCCCCCCC)C=NC5CCCCC5,0.4702013731682223
N(CC1=CC=CN=C1)C(CCCC(=O)OC(CCCCCCCC)CCCCCCCC)(CCCC(=O)OC(CCCCCCCC)CCCCCCCC)C=NC5CCCCC5,0.5187778991052745
N(CC1=CC=CN=C1)C(CCCCCCC/C=C\CCCCCCCC)(CCCCCCC/C=C\CCCCCCCC)C=NC5CCCCC5,0.48019522748990523
N3(CCN1CCOCC1)C(CCCC(=O)OCCCCCCCC/C=C\C/C=C\CCCCC)(CCCC(=O)OCCCCCCCC/C=C\C/C=C\CCCCC)C=NC3(C(=O)OC),0.3656091305991071
N3(CCN1CCOCC1)C(CCCC(=O)OCCCCCCCC/C=C\CCCCCCCC)(CCCC(=O)OCCCCCCCC/C=C\CCCCCCCC)C=NC3(C(=O)OC),0.362147546241908
N3(CCN1CCOCC1)C(CCCC(=O)OCCC#CCCCCCC)(CCCC(=O)OCCC#CCCCCCC)C=NC3(C(=O)OC),0.22736994780458872
N3(CCN1CCOCC1)C(CCCC(=O)OC(CCCCCCCC)CCCCCCCC)(CCCC(=O)OCCCCCCCC/C=C\CCCCCCCC)C=NC3(C(=O)OC),0.35315841899197625
N3(CCN1CCOCC1)C(CCCC(=O)OCCCCCCCC/C=C\CCCCCCCC)(CCCC(=O)OCCC#CCCCCCC)C=NC3(C(=O)OC),0.2994827502505899
N3(CCN1CCOCC1)C(CCCC(=O)OCCCCCCCCCCCC)(CCCC(=O)OCCCCCCCCCCCC)C=NC3(C(=O)OC),0.2725719322773681
N3(CCN1CCOCC1)C(CCCC(=O)OC(CCCCCCCC)CCCCCCCC)(CCCC(=O)OC(CCCCCCCC)CCCCCCCC)C=NC3(C(=O)OC),0.34389463823374916
N3(CCN1CCOCC1)C(CCCCCCC/C=C\CCCCCCCC)(CCCCCCC/C=C\CCCCCCCC)C=NC3(C(=O)OC),0.2761882430596188
N3(CCN1CCOCC1)C(CCCC(=O)OCCCCCCCC/C=C\C/C=C\CCCCC)(CCCC(=O)OCCCCCCCC/C=C\C/C=C\CCCCC)C=NC3(C(=O)OCC),0.370413577612108
N3(CCN1CCOCC1)C(CCCC(=O)OCCCCCCCC/C=C\CCCCCCCC)(CCCC(=O)OCCCCCCCC/C=C\CCCCCCCC)C=NC3(C(=O)OCC),0.36673304244732297
N3(CCN1CCOCC1)C(CCCC(=O)OCCC#CCCCCCC)(CCCC(=O)OCCC#CCCCCCC)C=NC3(C(=O)OCC),0.23412336580472487
N3(CCN1CCOCC1)C(CCCC(=O)OC(CCCCCCCC)CCCCCCCC)(CCCC(=O)OCCCCCCCC/C=C\CCCCCCCC)C=NC3(C(=O)OCC),0.35793795418946805
N3(CCN1CCOCC1)C(CCCC(=O)OCCCCCCCC/C=C\CCCCCCCC)(CCCC(=O)OCCC#CCCCCCC)C=NC3(C(=O)OCC),0.3052923103348673
N3(CCN1CCOCC1)C(CCCC(=O)OCCCCCCCCCCCC)(CCCC(=O)OCCCCCCCCCCCC)C=NC3(C(=O)OCC),0.27899683498931177
N3(CCN1CCOCC1)C(CCCC(=O)OC(CCCCCCCC)CCCCCCCC)(CCCC(=O)OC(CCCCCCCC)CCCCCCCC)C=NC3(C(=O)OCC),0.3488939853146908
N3(CCN1CCOCC1)C(CCCCCCC/C=C\CCCCCCCC)(CCCCCCC/C=C\CCCCCCCC)C=NC3(C(=O)OCC),0.2828560582419803
N3(CCN1CCOCC1)C(CCCC(=O)OCCCCCCCC/C=C\C/C=C\CCCCC)(CCCC(=O)OCCCCCCCC/C=C\C/C=C\CCCCC)C=NC3(C(=O)OC(C)(C)C),0.32797269228128995
N3(CCN1CCOCC1)C(CCCC(=O)OCCCCCCCC/C=C\CCCCCCCC)(CCCC(=O)OCCCCCCCC/C=C\CCCCCCCC)C=NC3(C(=O)OC(C)(C)C),0.32478585050919967
N3(CCN1CCOCC1)C(CCCC(=O)OCCC#CCCCCCC)(CCCC(=O)OCCC#CCCCCCC)C=NC3(C(=O)OC(C)(C)C),0.19479230049458962
N3(CCN1CCOCC1)C(CCCC(=O)OC(CCCCCCCC)CCCCCCCC)(CCCC(=O)OCCCCCCCC/C=C\CCCCCCCC)C=NC3(C(=O)OC(C)(C)C),0.3159877930242281
N3(CCN1CCOCC1)C(CCCC(=O)OCCCCCCCC/C=C\CCCCCCCC)(CCCC(=O)OCCC#CCCCCCC)C=NC3(C(=O)OC(C)(C)C),0.26392040615060597
N3(CCN1CCOCC1)C(CCCC(=O)OCCCCCCCCCCCC)(CCCC(=O)OCCCCCCCCCCCC)C=NC3(C(=O)OC(C)(C)C),0.2378634636654711
N3(CCN1CCOCC1)C(CCCC(=O)OC(CCCCCCCC)CCCCCCCC)(CCCC(=O)OC(CCCCCCCC)CCCCCCCC)C=NC3(C(=O)OC(C)(C)C),0.3071119714810699
N3(CCN1CCOCC1)C(CCCCCCC/C=C\CCCCCCCC)(CCCCCCC/C=C\CCCCCCCC)C=NC3(C(=O)OC(C)(C)C),0.24100965671833363
N(CCN1CCOCC1)C(CCCC(=O)OCCCCCCCC/C=C\C/C=C\CCCCC)(CCCC(=O)OCCCCCCCC/C=C\C/C=C\CCCCC)C=NC(C)(C)C,0.29589351881964354
N(CCN1CCOCC1)C(CCCC(=O)OCCCCCCCC/C=C\CCCCCCCC)(CCCC(=O)OCCCCCCCC/C=C\CCCCCCCC)C=NC(C)(C)C,0.29359961271836055
N(CCN1CCOCC1)C(CCCC(=O)OCCC#CCCCCCC)(CCCC(=O)OCCC#CCCCCCC)C=NC(C)(C)C,0.15528619924592452
N(CCN1CCOCC1)C(CCCC(=O)OC(CCCCCCCC)CCCCCCCC)(CCCC(=O)OCCCCCCCC/C=C\CCCCCCCC)C=NC(C)(C)C,0.28424571591714143
N(CCN1CCOCC1)C(CCCC(=O)OCCCCCCCC/C=C\CCCCCCCC)(CCCC(=O)OCCC#CCCCCCC)C=NC(C)(C)C,0.2263910530087528
N(CCN1CCOCC1)C(CCCC(=O)OCCCCCCCCCCCC)(CCCC(=O)OCCCCCCCCCCCC)C=NC(C)(C)C,0.19822829011404275
N(CCN1CCOCC1)C(CCCC(=O)OC(CCCCCCCC)CCCCCCCC)(CCCC(=O)OC(CCCCCCCC)CCCCCCCC)C=NC(C)(C)C,0.2746086142335308
N(CCN1CCOCC1)C(CCCCCCC/C=C\CCCCCCCC)(CCCCCCC/C=C\CCCCCCCC)C=NC(C)(C)C,0.19812181362963763
N(CCN1CCOCC1)C(CCCC(=O)OCCCCCCCC/C=C\C/C=C\CCCCC)(CCCC(=O)OCCCCCCCC/C=C\C/C=C\CCCCC)C=NCCCC,0.34917873419518297
N(CCN1CCOCC1)C(CCCC(=O)OCCCCCCCC/C=C\CCCCCCCC)(CCCC(=O)OCCCCCCCC/C=C\CCCCCCCC)C=NCCCC,0.34702043269631994
N(CCN1CCOCC1)C(CCCC(=O)OCCC#CCCCCCC)(CCCC(=O)OCCC#CCCCCCC)C=NCCCC,0.2060792532255984
N(CCN1CCOCC1)C(CCCC(=O)OC(CCCCCCCC)CCCCCCCC)(CCCC(=O)OCCCCCCCC/C=C\CCCCCCCC)C=NCCCC,0.3376276984044143
N(CCN1CCOCC1)C(CCCC(=O)OCCCCCCCC/C=C\CCCCCCCC)(CCCC(=O)OCCC#CCCCCCC)C=NCCCC,0.28123301931544603
N(CCN1CCOCC1)C(CCCC(=O)OCCCCCCCCCCCC)(CCCC(=O)OCCCCCCCCCCCC)C=NCCCC,0.25245886286513486
N(CCN1CCOCC1)C(CCCC(=O)OC(CCCCCCCC)CCCCCCCC)(CCCC(=O)OC(CCCCCCCC)CCCCCCCC)C=NCCCC,0.32803317543765725
N(CCN1CCOCC1)C(CCCCCCC/C=C\CCCCCCCC)(CCCCCCC/C=C\CCCCCCCC)C=NCCCC,0.25415740923724695
N(CCN1CCOCC1)C(CCCC(=O)OCCCCCCCC/C=C\C/C=C\CCCCC)(CCCC(=O)OCCCCCCCC/C=C\C/C=C\CCCCC)C=NC5CCCCC5,0.3334490160062593
N(CCN1CCOCC1)C(CCCC(=O)OCCCCCCCC/C=C\CCCCCCCC)(CCCC(=O)OCCCCCCCC/C=C\CCCCCCCC)C=NC5CCCCC5,0.3301023407384767
N(CCN1CCOCC1)C(CCCC(=O)OCCC#CCCCCCC)(CCCC(=O)OCCC#CCCCCCC)C=NC5CCCCC5,0.19503099666250168
N(CCN1CCOCC1)C(CCCC(=O)OC(CCCCCCCC)CCCCCCCC)(CCCC(=O)OCCCCCCCC/C=C\CCCCCCCC)C=NC5CCCCC5,0.3209688496661307
N(CCN1CCOCC1)C(CCCC(=O)OCCCCCCCC/C=C\CCCCCCCC)(CCCC(=O)OCCC#CCCCCCC)C=NC5CCCCC5,0.26642316768727814
N(CCN1CCOCC1)C(CCCC(=O)OCCCCCCCCCCCC)(CCCC(=O)OCCCCCCCCCCCC)C=NC5CCCCC5,0.23875432087729664
N(CCN1CCOCC1)C(CCCC(=O)OC(CCCCCCCC)CCCCCCCC)(CCCC(=O)OC(CCCCCCCC)CCCCCCCC)C=NC5CCCCC5,0.31163986468042076
N(CCN1CCOCC1)C(CCCCCCC/C=C\CCCCCCCC)(CCCCCCC/C=C\CCCCCCCC)C=NC5CCCCC5,0.24023290690460314
N3(CCN1CCN(C)CC1)C(CCCC(=O)OCCCCCCCC/C=C\C/C=C\CCCCC)(CCCC(=O)OCCCCCCCC/C=C\C/C=C\CCCCC)C=NC3(C(=O)OC),0.7819574230535643
N3(CCN1CCN(C)CC1)C(CCCC(=O)OCCCCCCCC/C=C\CCCCCCCC)(CCCC(=O)OCCCCCCCC/C=C\CCCCCCCC)C=NC3(C(=O)OC),0.7730205838931579
N3(CCN1CCN(C)CC1)C(CCCC(=O)OCCC#CCCCCCC)(CCCC(=O)OCCC#CCCCCCC)C=NC3(C(=O)OC),0.7373205567317722
N3(CCN1CCN(C)CC1)C(CCCC(=O)OC(CCCCCCCC)CCCCCCCC)(CCCC(=O)OCCCCCCCC/C=C\CCCCCCCC)C=NC3(C(=O)OC),0.7697359654721144
N3(CCN1CCN(C)CC1)C(CCCC(=O)OCCCCCCCC/C=C\CCCCCCCC)(CCCC(=O)OCCC#CCCCCCC)C=NC3(C(=O)OC),0.756687637523204
N3(CCN1CCN(C)CC1)C(CCCC(=O)OCCCCCCCCCCCC)(CCCC(=O)OCCCCCCCCCCCC)C=NC3(C(=O)OC),0.7567741608013848
N3(CCN1CCN(C)CC1)C(CCCC(=O)OC(CCCCCCCC)CCCCCCCC)(CCCC(=O)OC(CCCCCCCC)CCCCCCCC)C=NC3(C(=O)OC),0.7663486711773753
N3(CCN1CCN(C)CC1)C(CCCCCCC/C=C\CCCCCCCC)(CCCCCCC/C=C\CCCCCCCC)C=NC3(C(=O)OC),0.7765610309225767
N3(CCN1CCN(C)CC1)C(CCCC(=O)OCCCCCCCC/C=C\C/C=C\CCCCC)(CCCC(=O)OCCCCCCCC/C=C\C/C=C\CCCCC)C=NC3(C(=O)OCC),0.7809460449130716
N3(CCN1CCN(C)CC1)C(CCCC(=O)OCCCCCCCC/C=C\CCCCCCCC)(CCCC(=O)OCCCCCCCC/C=C\CCCCCCCC)C=NC3(C(=O)OCC),0.7721560043413151
N3(CCN1CCN(C)CC1)C(CCCC(=O)OCCC#CCCCCCC)(CCCC(=O)OCCC#CCCCCCC)C=NC3(C(=O)OCC),0.7372152679382138
N3(CCN1CCN(C)CC1)C(CCCC(=O)OC(CCCCCCCC)CCCCCCCC)(CCCC(=O)OCCCCCCCC/C=C\CCCCCCCC)C=NC3(C(=O)OCC),0.7689077886447225
N3(CCN1CCN(C)CC1)C(CCCC(=O)OCCCCCCCC/C=C\CCCCCCCC)(CCCC(=O)OCCC#CCCCCCC)C=NC3(C(=O)OCC),0.7563078139904349
N3(CCN1CCN(C)CC1)C(CCCC(=O)OCCCCCCCCCCCC)(CCCC(=O)OCCCCCCCCCCCC)C=NC3(C(=O)OCC),0.7563653576119567
N3(CCN1CCN(C)CC1)C(CCCC(=O)OC(CCCCCCCC)CCCCCCCC)(CCCC(=O)OC(CCCCCCCC)CCCCCCCC)C=NC3(C(=O)OCC),0.765560044455178
N3(CCN1CCN(C)CC1)C(CCCCCCC/C=C\CCCCCCCC)(CCCCCCC/C=C\CCCCCCCC)C=NC3(C(=O)OCC),0.7753877705196811
N3(CCN1CCN(C)CC1)C(CCCC(=O)OCCCCCCCC/C=C\C/C=C\CCCCC)(CCCC(=O)OCCCCCCCC/C=C\C/C=C\CCCCC)C=NC3(C(=O)OC(C)(C)C),0.7125240066192726
N3(CCN1CCN(C)CC1)C(CCCC(=O)OCCCCCCCC/C=C\CCCCCCCC)(CCCC(=O)OCCCCCCCC/C=C\CCCCCCCC)C=NC3(C(=O)OC(C)(C)C),0.7072459678811569
N3(CCN1CCN(C)CC1)C(CCCC(=O)OCCC#CCCCCCC)(CCCC(=O)OCCC#CCCCCCC)C=NC3(C(=O)OC(C)(C)C),0.6564126214895093
N3(CCN1CCN(C)CC1)C(CCCC(=O)OC(CCCCCCCC)CCCCCCCC)(CCCC(=O)OCCCCCCCC/C=C\CCCCCCCC)C=NC3(C(=O)OC(C)(C)C),0.7035472610464175
N3(CCN1CCN(C)CC1)C(CCCC(=O)OCCCCCCCC/C=C\CCCCCCCC)(CCCC(=O)OCCC#CCCCCCC)C=NC3(C(=O)OC(C)(C)C),0.6850116826167483
N3(CCN1CCN(C)CC1)C(CCCC(=O)OCCCCCCCCCCCC)(CCCC(=O)OCCCCCCCCCCCC)C=NC3(C(=O)OC(C)(C)C),0.6800477287230379
N3(CCN1CCN(C)CC1)C(CCCC(=O)OC(CCCCCCCC)CCCCCCCC)(CCCC(=O)OC(CCCCCCCC)CCCCCCCC)C=NC3(C(=O)OC(C)(C)C),0.69973512973582
N3(CCN1CCN(C)CC1)C(CCCCCCC/C=C\CCCCCCCC)(CCCCCCC/C=C\CCCCCCCC)C=NC3(C(=O)OC(C)(C)C),0.6928266883879206
N(CCN1CCN(C)CC1)C(CCCC(=O)OCCCCCCCC/C=C\C/C=C\CCCCC)(CCCC(=O)OCCCCCCCC/C=C\C/C=C\CCCCC)C=NC(C)(C)C,0.6985445884311052
N(CCN1CCN(C)CC1)C(CCCC(=O)OCCCCCCCC/C=C\CCCCCCCC)(CCCC(=O)OCCCCCCCC/C=C\CCCCCCCC)C=NC(C)(C)C,0.6926950922421082
N(CCN1CCN(C)CC1)C(CCCC(=O)OCCC#CCCCCCC)(CCCC(=O)OCCC#CCCCCCC)C=NC(C)(C)C,0.6327463967557977
N(CCN1CCN(C)CC1)C(CCCC(=O)OC(CCCCCCCC)CCCCCCCC)(CCCC(=O)OCCCCCCCC/C=C\CCCCCCCC)C=NC(C)(C)C,0.6885591964067049
N(CCN1CCN(C)CC1)C(CCCC(=O)OCCCCCCCC/C=C\CCCCCCCC)(CCCC(=O)OCCC#CCCCCCC)C=NC(C)(C)C,0.6666954706864613
N(CCN1CCN(C)CC1)C(CCCC(=O)OCCCCCCCCCCCC)(CCCC(=O)OCCCCCCCCCCCC)C=NC(C)(C)C,0.6600199355135964
N(CCN1CCN(C)CC1)C(CCCC(=O)OC(CCCCCCCC)CCCCCCCC)(CCCC(=O)OC(CCCCCCCC)CCCCCCCC)C=NC(C)(C)C,0.6843373117540018
N(CCN1CCN(C)CC1)C(CCCCCCC/C=C\CCCCCCCC)(CCCCCCC/C=C\CCCCCCCC)C=NC(C)(C)C,0.6707087374419446
N(CCN1CCN(C)CC1)C(CCCC(=O)OCCCCCCCC/C=C\C/C=C\CCCCC)(CCCC(=O)OCCCCCCCC/C=C\C/C=C\CCCCC)C=NCCCC,0.7705622419941516
N(CCN1CCN(C)CC1)C(CCCC(=O)OCCCCCCCC/C=C\CCCCCCCC)(CCCC(=O)OCCCCCCCC/C=C\CCCCCCCC)C=NCCCC,0.7615006952948434
N(CCN1CCN(C)CC1)C(CCCC(=O)OCCC#CCCCCCC)(CCCC(=O)OCCC#CCCCCCC)C=NCCCC,0.7214358448873565
N(CCN1CCN(C)CC1)C(CCCC(=O)OC(CCCCCCCC)CCCCCCCC)(CCCC(=O)OCCCCCCCC/C=C\CCCCCCCC)C=NCCCC,0.7580022331368548
N(CCN1CCN(C)CC1)C(CCCC(=O)OCCCCCCCC/C=C\CCCCCCCC)(CCCC(=O)OCCC#CCCCCCC)C=NCCCC,0.7434263566054834
N(CCN1CCN(C)CC1)C(CCCC(=O)OCCCCCCCCCCCC)(CCCC(=O)OCCCCCCCCCCCC)C=NCCCC,0.7425516222969015
N(CCN1CCN(C)CC1)C(CCCC(=O)OC(CCCCCCCC)CCCCCCCC)(CCCC(=O)OC(CCCCCCCC)CCCCCCCC)C=NCCCC,0.754441179671246
N(CCN1CCN(C)CC1)C(CCCCCCC/C=C\CCCCCCCC)(CCCCCCC/C=C\CCCCCCCC)C=NCCCC,0.7593539440894644
N(CCN1CCN(C)CC1)C(CCCC(=O)OCCCCCCCC/C=C\C/C=C\CCCCC)(CCCC(=O)OCCCCCCCC/C=C\C/C=C\CCCCC)C=NC5CCCCC5,0.7321014274596519
N(CCN1CCN(C)CC1)C(CCCC(=O)OCCCCCCCC/C=C\CCCCCCCC)(CCCC(=O)OCCCCCCCC/C=C\CCCCCCCC)C=NC5CCCCC5,0.7256922319591557
N(CCN1CCN(C)CC1)C(CCCC(=O)OCCC#CCCCCCC)(CCCC(=O)OCCC#CCCCCCC)C=NC5CCCCC5,0.677813563471343
N(CCN1CCN(C)CC1)C(CCCC(=O)OC(CCCCCCCC)CCCCCCCC)(CCCC(=O)OCCCCCCCC/C=C\CCCCCCCC)C=NC5CCCCC5,0.7221340289515789
N(CCN1CCN(C)CC1)C(CCCC(=O)OCCCCCCCC/C=C\CCCCCCCC)(CCCC(=O)OCCC#CCCCCCC)C=NC5CCCCC5,0.7050429795141875
N(CCN1CCN(C)CC1)C(CCCC(=O)OCCCCCCCCCCCC)(CCCC(=O)OCCCCCCCCCCCC)C=NC5CCCCC5,0.701409655060558
N(CCN1CCN(C)CC1)C(CCCC(=O)OC(CCCCCCCC)CCCCCCCC)(CCCC(=O)OC(CCCCCCCC)CCCCCCCC)C=NC5CCCCC5,0.7184634703899059
N(CCN1CCN(C)CC1)C(CCCCCCC/C=C\CCCCCCCC)(CCCCCCC/C=C\CCCCCCCC)C=NC5CCCCC5,0.7124282193524877
N(C3CCCCC3)C(=O)C(CCCCCCC/C=C\CCCCCCCC)(CCCCCCC/C=C\CCCCCCCC)N(C)CCO,0.6725068419992799
N(C3CCCCC3)C(=O)C(CCCCCCCCC)(CCCCCCCCC)N(C)CCO,0.6000467735958442
N(C3CCCCC3)C(=O)C(CCCCCCCCCC)(CCCCCCCCCC)N(C)CCO,0.6114341752802113
N(C3CCCCC3)C(=O)C(CCCCC)(CCCCC)N(C)CCO,0.5202073444237996
N(C3CCCCC3)C(=O)C(CCCCCC)(CCCCCC)N(C)CCO,0.5497113665916684
N(C3CCCCC3)C(=O)C(CCCCCCC)(CCCCCCC)N(C)CCO,0.5709391432480557
N(C3CCCCC3)C(=O)C(CCCCCCCC)(CCCCCCCC)N(C)CCO,0.5870478535861559
N(C3CCCCC3)C(=O)C5(CCCCCCCCCCC5)N(C)CCO,0.25511676651865495
N(C3CCCCC3)C(=O)C5(CCCCCCCCCCCCCC5)N(C)CCO,0.275881165591209
N(C(C)(C)C)C(=O)C(CCCCCCC/C=C\CCCCCCCC)(CCCCCCC/C=C\CCCCCCCC)N(C)CCO,0.6360406948572416
N(C(C)(C)C)C(=O)C(CCCCCCCCC)(CCCCCCCCC)N(C)CCO,0.5406759490909873
N(C(C)(C)C)C(=O)C(CCCCCCCCCC)(CCCCCCCCCC)N(C)CCO,0.5554993403948073
N(C(C)(C)C)C(=O)C(CCCCC)(CCCCC)N(C)CCO,0.438667824881542
N(C(C)(C)C)C(=O)C(CCCCCC)(CCCCCC)N(C)CCO,0.4750916605371673
N(C(C)(C)C)C(=O)C(CCCCCCC)(CCCCCCC)N(C)CCO,0.502784810471099
N(C(C)(C)C)C(=O)C(CCCCCCCC)(CCCCCCCC)N(C)CCO,0.523816321215072
N(C(C)(C)C)C(=O)C5(CCCCCCCCCCC5)N(C)CCO,0.1400788274913719
N(C(C)(C)C)C(=O)C5(CCCCCCCCCCCCCC5)N(C)CCO,0.17249607715252652
N(CCCC)C(=O)C(CCCCCCC/C=C\CCCCCCCC)(CCCCCCC/C=C\CCCCCCCC)N(C)CCO,0.7202479758870467
N(CCCC)C(=O)C(CCCCCCCCC)(CCCCCCCCC)N(C)CCO,0.6650830615930049
N(CCCC)C(=O)C(CCCCCCCCCC)(CCCCCCCCCC)N(C)CCO,0.673153777203468
N(CCCC)C(=O)C(CCCCC)(CCCCC)N(C)CCO,0.6002700594750207
N(CCCC)C(=O)C(CCCCCC)(CCCCCC)N(C)CCO,0.6267712428752216
N(CCCC)C(=O)C(CCCCCCC)(CCCCCCC)N(C)CCO,0.6440438308585285
N(CCCC)C(=O)C(CCCCCCCC)(CCCCCCCC)N(C)CCO,0.6558652741628156
N(CCCC)C(=O)C5(CCCCCCCCCCC5)N(C)CCO,0.28944679228839204
N(CCCC)C(=O)C5(CCCCCCCCCCCCCC5)N(C)CCO,0.3083981218989426
N(CCCCC)C(=O)C(CCCCCCC/C=C\CCCCCCCC)(CCCCCCC/C=C\CCCCCCCC)N(C)CCO,0.7237520201920147
N(CCCCC)C(=O)C(CCCCCCCCC)(CCCCCCCCC)N(C)CCO,0.6717916739559499
N(CCCCC)C(=O)C(CCCCCCCCCC)(CCCCCCCCCC)N(C)CCO,0.6792305974205202
N(CCCCC)C(=O)C(CCCCC)(CCCCC)N(C)CCO,0.6122011266444566
N(CCCCC)C(=O)C(CCCCCC)(CCCCCC)N(C)CCO,0.636301155459919
N(CCCCC)C(=O)C(CCCCCCC)(CCCCCCC)N(C)CCO,0.6522773788840718
N(CCCCC)C(=O)C(CCCCCCCC)(CCCCCCCC)N(C)CCO,0.6632844225747886
N(CCCCC)C(=O)C5(CCCCCCCCCCC5)N(C)CCO,0.3087607239144349
N(CCCCC)C(=O)C5(CCCCCCCCCCCCCC5)N(C)CCO,0.3257287285801099
N(CC(=O)OC)C(=O)C(CCCCCCC/C=C\CCCCCCCC)(CCCCCCC/C=C\CCCCCCCC)N(C)CCO,0.7138811809497769
N(CC(=O)OC)C(=O)C(CCCCCCCCC)(CCCCCCCCC)N(C)CCO,0.6578677209303226
N(CC(=O)OC)C(=O)C(CCCCCCCCCC)(CCCCCCCCCC)N(C)CCO,0.6658811304574334
N(CC(=O)OC)C(=O)C(CCCCC)(CCCCC)N(C)CCO,0.5932838243766635
N(CC(=O)OC)C(=O)C(CCCCCC)(CCCCCC)N(C)CCO,0.6196829851331345
N(CC(=O)OC)C(=O)C(CCCCCCC)(CCCCCCC)N(C)CCO,0.6369705380211095
N(CC(=O)OC)C(=O)C(CCCCCCCC)(CCCCCCCC)N(C)CCO,0.6488662120033143
N(CC(=O)OC)C(=O)C5(CCCCCCCCCCC5)N(C)CCO,0.2895767850515615
N(CC(=O)OC)C(=O)C5(CCCCCCCCCCCCCC5)N(C)CCO,0.30724428024139033
N(CC(=O)OCC)C(=O)C(CCCCCCC/C=C\CCCCCCCC)(CCCCCCC/C=C\CCCCCCCC)N(C)CCO,0.7141354655600517
N(CC(=O)OCC)C(=O)C(CCCCCCCCC)(CCCCCCCCC)N(C)CCO,0.6598508083370288
N(CC(=O)OCC)C(=O)C(CCCCCCCCCC)(CCCCCCCCCC)N(C)CCO,0.6675375434967594
N(CC(=O)OCC)C(=O)C(CCCCC)(CCCCC)N(C)CCO,0.598398496238818
N(CC(=O)OCC)C(=O)C(CCCCCC)(CCCCCC)N(C)CCO,0.6234595451028738
N(CC(=O)OCC)C(=O)C(CCCCCCC)(CCCCCCC)N(C)CCO,0.6399479602046584
N(CC(=O)OCC)C(=O)C(CCCCCCCC)(CCCCCCCC)N(C)CCO,0.6512676635107645
N(CC(=O)OCC)C(=O)C5(CCCCCCCCCCC5)N(C)CCO,0.3025189928233208
N(CC(=O)OCC)C(=O)C5(CCCCCCCCCCCCCC5)N(C)CCO,0.31821949381741604
N(CC(=O)OC(C)(C)C)C(=O)C(CCCCCCC/C=C\CCCCCCCC)(CCCCCCC/C=C\CCCCCCCC)N(C)CCO,0.6167501013563361
N(CC(=O)OC(C)(C)C)C(=O)C(CCCCCCCCC)(CCCCCCCCC)N(C)CCO,0.5231193248416962
N(CC(=O)OC(C)(C)C)C(=O)C(CCCCCCCCCC)(CCCCCCCCCC)N(C)CCO,0.5372814692666257
N(CC(=O)OC(C)(C)C)C(=O)C(CCCCC)(CCCCC)N(C)CCO,0.42818274162567105
N(CC(=O)OC(C)(C)C)C(=O)C(CCCCCC)(CCCCCC)N(C)CCO,0.4623476783677193
N(CC(=O)OC(C)(C)C)C(=O)C(CCCCCCC)(CCCCCCC)N(C)CCO,0.48779638952413235
N(CC(=O)OC(C)(C)C)C(=O)C(CCCCCCCC)(CCCCCCCC)N(C)CCO,0.5072640083457359
N(CC(=O)OC(C)(C)C)C(=O)C5(CCCCCCCCCCC5)N(C)CCO,0.19407671675946328
N(CC(=O)OC(C)(C)C)C(=O)C5(CCCCCCCCCCCCCC5)N(C)CCO,0.21723069043100066
N(C(C)C(=O)OC(C)(C)C)C(=O)C(CCCCCCC/C=C\CCCCCCCC)(CCCCCCC/C=C\CCCCCCCC)N(C)CCO,0.6089012463960333
N(C(C)C(=O)OC(C)(C)C)C(=O)C(CCCCCCCCC)(CCCCCCCCC)N(C)CCO,0.5154569373443226
N(C(C)C(=O)OC(C)(C)C)C(=O)C(CCCCCCCCCC)(CCCCCCCCCC)N(C)CCO,0.5296186066929135
N(C(C)C(=O)OC(C)(C)C)C(=O)C(CCCCC)(CCCCC)N(C)CCO,0.4199139785665236
N(C(C)C(=O)OC(C)(C)C)C(=O)C(CCCCCC)(CCCCCC)N(C)CCO,0.45407250177799974
N(C(C)C(=O)OC(C)(C)C)C(=O)C(CCCCCCC)(CCCCCCC)N(C)CCO,0.480224682222903
N(C(C)C(=O)OC(C)(C)C)C(=O)C(CCCCCCCC)(CCCCCCCC)N(C)CCO,0.4995655150466231
N(C(C)C(=O)OC(C)(C)C)C(=O)C5(CCCCCCCCCCC5)N(C)CCO,0.1983272247615714
N(C(C)C(=O)OC(C)(C)C)C(=O)C5(CCCCCCCCCCCCCC5)N(C)CCO,0.22025573901750153
N(CCC(=O)OCC)C(=O)C(CCCCCCC/C=C\CCCCCCCC)(CCCCCCC/C=C\CCCCCCCC)N(C)CCO,0.7109485347111479
N(CCC(=O)OCC)C(=O)C(CCCCCCCCC)(CCCCCCCCC)N(C)CCO,0.6569722020319239
N(CCC(=O)OCC)C(=O)C(CCCCCCCCCC)(CCCCCCCCCC)N(C)CCO,0.664529122582112
N(CCC(=O)OCC)C(=O)C(CCCCC)(CCCCC)N(C)CCO,0.597045478826277
N(CCC(=O)OCC)C(=O)C(CCCCCC)(CCCCCC)N(C)CCO,0.6213026391407557
N(CCC(=O)OCC)C(=O)C(CCCCCCC)(CCCCCCC)N(C)CCO,0.6373487581712356
N(CCC(=O)OCC)C(=O)C(CCCCCCCC)(CCCCCCCC)N(C)CCO,0.6484771244819411
N(CCC(=O)OCC)C(=O)C5(CCCCCCCCCCC5)N(C)CCO,0.31140339543284623
N(CCC(=O)OCC)C(=O)C5(CCCCCCCCCCCCCC5)N(C)CCO,0.3261683523470095
N(CS(=O)(=O)c3ccc(C)cc3)C(=O)C(CCCCCCC/C=C\CCCCCCCC)(CCCCCCC/C=C\CCCCCCCC)N(C)CCO,0.5454324133937822
N(CS(=O)(=O)c3ccc(C)cc3)C(=O)C(CCCCCCCCC)(CCCCCCCCC)N(C)CCO,0.43979307288196035
N(CS(=O)(=O)c3ccc(C)cc3)C(=O)C(CCCCCCCCCC)(CCCCCCCCCC)N(C)CCO,0.4558724769484186
N(CS(=O)(=O)c3ccc(C)cc3)C(=O)C(CCCCC)(CCCCC)N(C)CCO,0.3472329699733338
N(CS(=O)(=O)c3ccc(C)cc3)C(=O)C(CCCCCC)(CCCCCC)N(C)CCO,0.37832119357705046
N(CS(=O)(=O)c3ccc(C)cc3)C(=O)C(CCCCCCC)(CCCCCCC)N(C)CCO,0.40345774988668415
N(CS(=O)(=O)c3ccc(C)cc3)C(=O)C(CCCCCCCC)(CCCCCCCC)N(C)CCO,0.4233760380000614
N(CS(=O)(=O)c3ccc(C)cc3)C(=O)C5(CCCCCCCCCCC5)N(C)CCO,0.14671861316975168
N(CS(=O)(=O)c3ccc(C)cc3)C(=O)C5(CCCCCCCCCCCCCC5)N(C)CCO,0.17148600547196519
N(C3CCCCC3)C(=O)C(CCCCCCC/C=C\CCCCCCCC)(CCCCCCC/C=C\CCCCCCCC)N(CC)CCO,0.6698037764013147
N(C3CCCCC3)C(=O)C(CCCCCCCCC)(CCCCCCCCC)N(CC)CCO,0.5981876217289894
N(C3CCCCC3)C(=O)C(CCCCCCCCCC)(CCCCCCCCCC)N(CC)CCO,0.6093929504065599
N(C3CCCCC3)C(=O)C(CCCCC)(CCCCC)N(CC)CCO,0.5240494055437335
N(C3CCCCC3)C(=O)C(CCCCCC)(CCCCCC)N(CC)CCO,0.5496994896832016
N(C3CCCCC3)C(=O)C(CCCCCCC)(CCCCCCC)N(CC)CCO,0.5697980692671053
N(C3CCCCC3)C(=O)C(CCCCCCCC)(CCCCCCCC)N(CC)CCO,0.585478735824061
N(C3CCCCC3)C(=O)C5(CCCCCCCCCCC5)N(CC)CCO,0.2735640401338733
N(C3CCCCC3)C(=O)C5(CCCCCCCCCCCCCC5)N(CC)CCO,0.29281359891602593
N(C(C)(C)C)C(=O)C(CCCCCCC/C=C\CCCCCCCC)(CCCCCCC/C=C\CCCCCCCC)N(CC)CCO,0.6382067460388792
N(C(C)(C)C)C(=O)C(CCCCCCCCC)(CCCCCCCCC)N(CC)CCO,0.5464319146258081
N(C(C)(C)C)C(=O)C(CCCCCCCCCC)(CCCCCCCCCC)N(CC)CCO,0.5606950127727056
N(C(C)(C)C)C(=O)C(CCCCC)(CCCCC)N(CC)CCO,0.453363242496632
N(C(C)(C)C)C(=O)C(CCCCCC)(CCCCCC)N(CC)CCO,0.48519837518155623
N(C(C)(C)C)C(=O)C(CCCCCCC)(CCCCCCC)N(CC)CCO,0.5106638921634499
N(C(C)(C)C)C(=O)C(CCCCCCCC)(CCCCCCCC)N(CC)CCO,0.5304665585729026
N(C(C)(C)C)C(=O)C5(CCCCCCCCCCC5)N(CC)CCO,0.16846161011542998
N(C(C)(C)C)C(=O)C5(CCCCCCCCCCCCCC5)N(CC)CCO,0.19748794302476305
N(CCCC)C(=O)C(CCCCCCC/C=C\CCCCCCCC)(CCCCCCC/C=C\CCCCCCCC)N(CC)CCO,0.715858745594046
N(CCCC)C(=O)C(CCCCCCCCC)(CCCCCCCCC)N(CC)CCO,0.6605907991190545
N(CCCC)C(=O)C(CCCCCCCCCC)(CCCCCCCCCC)N(CC)CCO,0.6686603864232132
N(CCCC)C(=O)C(CCCCC)(CCCCC)N(CC)CCO,0.600276354236508
N(CCCC)C(=O)C(CCCCCC)(CCCCCC)N(CC)CCO,0.6234417891247159
N(CCCC)C(=O)C(CCCCCCC)(CCCCCCC)N(CC)CCO,0.6397655902751502
N(CCCC)C(=O)C(CCCCCCCC)(CCCCCCCC)N(CC)CCO,0.6515411293282132
N(CCCC)C(=O)C5(CCCCCCCCCCC5)N(CC)CCO,0.3079555289049263
N(CCCC)C(=O)C5(CCCCCCCCCCCCCC5)N(CC)CCO,0.3252395781049036
N(CCCCC)C(=O)C(CCCCCCC/C=C\CCCCCCCC)(CCCCCCC/C=C\CCCCCCCC)N(CC)CCO,0.7194182550615541
N(CCCCC)C(=O)C(CCCCCCCCC)(CCCCCCCCC)N(CC)CCO,0.6672138383564961
N(CCCCC)C(=O)C(CCCCCCCCCC)(CCCCCCCCCC)N(CC)CCO,0.6747018134530343
N(CCCCC)C(=O)C(CCCCC)(CCCCC)N(CC)CCO,0.6117383429060467
N(CCCCC)C(=O)C(CCCCCC)(CCCCCC)N(CC)CCO,0.6327698536500197
N(CCCCC)C(=O)C(CCCCCCC)(CCCCCCC)N(CC)CCO,0.6478839916731077
N(CCCCC)C(=O)C(CCCCCCCC)(CCCCCCCC)N(CC)CCO,0.65878610287752
N(CCCCC)C(=O)C5(CCCCCCCCCCC5)N(CC)CCO,0.3264069594381081
N(CCCCC)C(=O)C5(CCCCCCCCCCCCCC5)N(CC)CCO,0.34135630535621886
N(CC(=O)OC)C(=O)C(CCCCCCC/C=C\CCCCCCCC)(CCCCCCC/C=C\CCCCCCCC)N(CC)CCO,0.7098399440748543
N(CC(=O)OC)C(=O)C(CCCCCCCCC)(CCCCCCCCC)N(CC)CCO,0.6540033312224711
N(CC(=O)OC)C(=O)C(CCCCCCCCCC)(CCCCCCCCCC)N(CC)CCO,0.662054628087591
N(CC(=O)OC)C(=O)C(CCCCC)(CCCCC)N(CC)CCO,0.5938336658541353
N(CC(=O)OC)C(=O)C(CCCCCC)(CCCCCC)N(CC)CCO,0.61691429961589
N(CC(=O)OC)C(=O)C(CCCCCCC)(CCCCCCC)N(CC)CCO,0.6332895277799857
N(CC(=O)OC)C(=O)C(CCCCCCCC)(CCCCCCCC)N(CC)CCO,0.6450389376344215
N(CC(=O)OC)C(=O)C5(CCCCCCCCCCC5)N(CC)CCO,0.30928556449958394
N(CC(=O)OC)C(=O)C5(CCCCCCCCCCCCCC5)N(CC)CCO,0.32506715508623646
N(CC(=O)OCC)C(=O)C(CCCCCCC/C=C\CCCCCCCC)(CCCCCCC/C=C\CCCCCCCC)N(CC)CCO,0.7101426270871314
N(CC(=O)OCC)C(=O)C(CCCCCCCCC)(CCCCCCCCC)N(CC)CCO,0.6559883189345319
N(CC(=O)OCC)C(=O)C(CCCCCCCCCC)(CCCCCCCCCC)N(CC)CCO,0.6636871685408987
N(CC(=O)OCC)C(=O)C(CCCCC)(CCCCC)N(CC)CCO,0.5986679832919303
N(CC(=O)OCC)C(=O)C(CCCCCC)(CCCCCC)N(CC)CCO,0.6205971507778261
N(CC(=O)OCC)C(=O)C(CCCCCCC)(CCCCCCC)N(CC)CCO,0.6362339321579968
N(CC(=O)OCC)C(=O)C(CCCCCCCC)(CCCCCCCC)N(CC)CCO,0.6474321346904872
N(CC(=O)OCC)C(=O)C5(CCCCCCCCCCC5)N(CC)CCO,0.321222510738711
N(CC(=O)OCC)C(=O)C5(CCCCCCCCCCCCCC5)N(CC)CCO,0.3360486337314784
N(CC(=O)OC(C)(C)C)C(=O)C(CCCCCCC/C=C\CCCCCCCC)(CCCCCCC/C=C\CCCCCCCC)N(CC)CCO,0.615189119276541
N(CC(=O)OC(C)(C)C)C(=O)C(CCCCCCCCC)(CCCCCCCCC)N(CC)CCO,0.52329700339236
N(CC(=O)OC(C)(C)C)C(=O)C(CCCCCCCCCC)(CCCCCCCCCC)N(CC)CCO,0.5370729107539483
N(CC(=O)OC(C)(C)C)C(=O)C(CCCCC)(CCCCC)N(CC)CCO,0.43492799425123624
N(CC(=O)OC(C)(C)C)C(=O)C(CCCCCC)(CCCCCC)N(CC)CCO,0.46533305807994096
N(CC(=O)OC(C)(C)C)C(=O)C(CCCCCCC)(CCCCCCC)N(CC)CCO,0.4890784721008552
N(CC(=O)OC(C)(C)C)C(=O)C(CCCCCCCC)(CCCCCCCC)N(CC)CCO,0.5078984727960338
N(CC(=O)OC(C)(C)C)C(=O)C5(CCCCCCCCCCC5)N(CC)CCO,0.21320744707240524
N(CC(=O)OC(C)(C)C)C(=O)C5(CCCCCCCCCCCCCC5)N(CC)CCO,0.23423681997285423
N(C(C)C(=O)OC(C)(C)C)C(=O)C(CCCCCCC/C=C\CCCCCCCC)(CCCCCCC/C=C\CCCCCCCC)N(CC)CCO,0.6080526412860785
N(C(C)C(=O)OC(C)(C)C)C(=O)C(CCCCCCCCC)(CCCCCCCCC)N(CC)CCO,0.5165736636629161
N(C(C)C(=O)OC(C)(C)C)C(=O)C(CCCCCCCCCC)(CCCCCCCCCC)N(CC)CCO,0.530325342131232
N(C(C)C(=O)OC(C)(C)C)C(=O)C(CCCCC)(CCCCC)N(CC)CCO,0.4279207964094352
N(C(C)C(=O)OC(C)(C)C)C(=O)C(CCCCCC)(CCCCCC)N(CC)CCO,0.4585576974914124
N(C(C)C(=O)OC(C)(C)C)C(=O)C(CCCCCCC)(CCCCCCC)N(CC)CCO,0.482531385693059
N(C(C)C(=O)OC(C)(C)C)C(=O)C(CCCCCCCC)(CCCCCCCC)N(CC)CCO,0.5011877225895647
N(C(C)C(=O)OC(C)(C)C)C(=O)C5(CCCCCCCCCCC5)N(CC)CCO,0.21544107786321912
N(C(C)C(=O)OC(C)(C)C)C(=O)C5(CCCCCCCCCCCCCC5)N(CC)CCO,0.23570421201393074
N(CCC(=O)OCC)C(=O)C(CCCCCCC/C=C\CCCCCCCC)(CCCCCCC/C=C\CCCCCCCC)N(CC)CCO,0.7072508967981707
N(CCC(=O)OCC)C(=O)C(CCCCCCCCC)(CCCCCCCCC)N(CC)CCO,0.6535027195305944
N(CCC(=O)OCC)C(=O)C(CCCCCCCCCC)(CCCCCCCCCC)N(CC)CCO,0.6610532859347528
N(CCC(=O)OCC)C(=O)C(CCCCC)(CCCCC)N(CC)CCO,0.5976085630566893
N(CCC(=O)OCC)C(=O)C(CCCCCC)(CCCCCC)N(CC)CCO,0.6188456630862231
N(CCC(=O)OCC)C(=O)C(CCCCCCC)(CCCCCCC)N(CC)CCO,0.6340648523647002
N(CCC(=O)OCC)C(=O)C(CCCCCCCC)(CCCCCCCC)N(CC)CCO,0.6450553277681058
N(CCC(=O)OCC)C(=O)C5(CCCCCCCCCCC5)N(CC)CCO,0.32862515024791505
N(CCC(=O)OCC)C(=O)C5(CCCCCCCCCCCCCC5)N(CC)CCO,0.342859892275848
N(CS(=O)(=O)c3ccc(C)cc3)C(=O)C(CCCCCCC/C=C\CCCCCCCC)(CCCCCCC/C=C\CCCCCCCC)N(CC)CCO,0.5451094208680268
N(CS(=O)(=O)c3ccc(C)cc3)C(=O)C(CCCCCCCCC)(CCCCCCCCC)N(CC)CCO,0.44175620708244223
N(CS(=O)(=O)c3ccc(C)cc3)C(=O)C(CCCCCCCCCC)(CCCCCCCCCC)N(CC)CCO,0.45766099090216694
N(CS(=O)(=O)c3ccc(C)cc3)C(=O)C(CCCCC)(CCCCC)N(CC)CCO,0.3545001830337449
N(CS(=O)(=O)c3ccc(C)cc3)C(=O)C(CCCCCC)(CCCCCC)N(CC)CCO,0.3829335909801428
N(CS(=O)(=O)c3ccc(C)cc3)C(=O)C(CCCCCCC)(CCCCCCC)N(CC)CCO,0.4065359476385741
N(CS(=O)(=O)c3ccc(C)cc3)C(=O)C(CCCCCCCC)(CCCCCCCC)N(CC)CCO,0.42571302758680785
N(CS(=O)(=O)c3ccc(C)cc3)C(=O)C5(CCCCCCCCCCC5)N(CC)CCO,0.1640859788826238
N(CS(=O)(=O)c3ccc(C)cc3)C(=O)C5(CCCCCCCCCCCCCC5)N(CC)CCO,0.18765564435050014
N(C3CCCCC3)C(=O)C(CCCCCCC/C=C\CCCCCCCC)(CCCCCCC/C=C\CCCCCCCC)NCCCN(C)C,0.7083964246197961
N(C3CCCCC3)C(=O)C(CCCCCCCCC)(CCCCCCCCC)NCCCN(C)C,0.6541580873397939
N(C3CCCCC3)C(=O)C(CCCCCCCCCC)(CCCCCCCCCC)NCCCN(C)C,0.6616460030517898
N(C3CCCCC3)C(=O)C(CCCCC)(CCCCC)NCCCN(C)C,0.6000186253227779
N(C3CCCCC3)C(=O)C(CCCCCC)(CCCCCC)NCCCN(C)C,0.620659860854531
N(C3CCCCC3)C(=O)C(CCCCCCC)(CCCCCCC)NCCCN(C)C,0.6351463636496895
N(C3CCCCC3)C(=O)C(CCCCCCCC)(CCCCCCCC)NCCCN(C)C,0.6457384281585753
N(C3CCCCC3)C(=O)C5(CCCCCCCCCCC5)NCCCN(C)C,0.42016559087239336
N(C3CCCCC3)C(=O)C5(CCCCCCCCCCCCCC5)NCCCN(C)C,0.4255768291389645
N(C(C)(C)C)C(=O)C(CCCCCCC/C=C\CCCCCCCC)(CCCCCCC/C=C\CCCCCCCC)NCCCN(C)C,0.683830108377926
N(C(C)(C)C)C(=O)C(CCCCCCCCC)(CCCCCCCCC)NCCCN(C)C,0.6149582321759459
N(C(C)(C)C)C(=O)C(CCCCCCCCCC)(CCCCCCCCCC)NCCCN(C)C,0.6250462406894995
N(C(C)(C)C)C(=O)C(CCCCC)(CCCCC)NCCCN(C)C,0.5456151990150867
N(C(C)(C)C)C(=O)C(CCCCCC)(CCCCCC)NCCCN(C)C,0.5701066313490735
N(C(C)(C)C)C(=O)C(CCCCCCC)(CCCCCCC)NCCCN(C)C,0.5886747525079419
N(C(C)(C)C)C(=O)C(CCCCCCCC)(CCCCCCCC)NCCCN(C)C,0.6032730170117733
N(C(C)(C)C)C(=O)C5(CCCCCCCCCCC5)NCCCN(C)C,0.3152594119202287
N(C(C)(C)C)C(=O)C5(CCCCCCCCCCCCCC5)NCCCN(C)C,0.3305068385485857
N(CCCC)C(=O)C(CCCCCCC/C=C\CCCCCCCC)(CCCCCCC/C=C\CCCCCCCC)NCCCN(C)C,0.7602872315567877
N(CCCC)C(=O)C(CCCCCCCCC)(CCCCCCCCC)NCCCN(C)C,0.7248514062242466
N(CCCC)C(=O)C(CCCCCCCCCC)(CCCCCCCCCC)NCCCN(C)C,0.7292572048045585
N(CCCC)C(=O)C(CCCCC)(CCCCC)NCCCN(C)C,0.6864612592951246
N(CCCC)C(=O)C(CCCCCC)(CCCCCC)NCCCN(C)C,0.7022832016782932
N(CCCC)C(=O)C(CCCCCCC)(CCCCCCC)NCCCN(C)C,0.7129123221415955
N(CCCC)C(=O)C(CCCCCCCC)(CCCCCCCC)NCCCN(C)C,0.7197916650637511
N(CCCC)C(=O)C5(CCCCCCCCCCC5)NCCCN(C)C,0.4749622913116923
N(CCCC)C(=O)C5(CCCCCCCCCCCCCC5)NCCCN(C)C,0.47509379838069127
N(CCCCC)C(=O)C(CCCCCCC/C=C\CCCCCCCC)(CCCCCCC/C=C\CCCCCCCC)NCCCN(C)C,0.7643071493810123
N(CCCCC)C(=O)C(CCCCCCCCC)(CCCCCCCCC)NCCCN(C)C,0.7309196750672027
N(CCCCC)C(=O)C(CCCCCCCCCC)(CCCCCCCCCC)NCCCN(C)C,0.7348660154434753
N(CCCCC)C(=O)C(CCCCC)(CCCCC)NCCCN(C)C,0.6958876052379913
N(CCCCC)C(=O)C(CCCCCC)(CCCCCC)NCCCN(C)C,0.7104577808532987
N(CCCCC)C(=O)C(CCCCCCC)(CCCCCCC)NCCCN(C)C,0.7201873442693235
N(CCCCC)C(=O)C(CCCCCCCC)(CCCCCCCC)NCCCN(C)C,0.7263971858612042
N(CCCCC)C(=O)C5(CCCCCCCCCCC5)NCCCN(C)C,0.48895658532771435
N(CCCCC)C(=O)C5(CCCCCCCCCCCCCC5)NCCCN(C)C,0.48768747827349157
C1(C(=O)OC)N=CC(CCCCCCC/C=C\CCCCCCCC)(CCCCCCC/C=C\CCCCCCCC)N1(CCCN(C)C),0.7814498039856921
C1(C(=O)OC)N=CC(CCCCCCCCC)(CCCCCCCCC)N1(CCCN(C)C),0.7541594000178705
C1(C(=O)OC)N=CC(CCCCCCCCCC)(CCCCCCCCCC)N1(CCCN(C)C),0.7569274323051493
C1(C(=O)OC)N=CC(CCCCC)(CCCCC)N1(CCCN(C)C),0.7249805676038233
C1(C(=O)OC)N=CC(CCCCCC)(CCCCCC)N1(CCCN(C)C),0.7371673446125501
C1(C(=O)OC)N=CC(CCCCCCC)(CCCCCCC)N1(CCCN(C)C),0.7460114251178307
C1(C(=O)OC)N=CC(CCCCCCCC)(CCCCCCCC)N1(CCCN(C)C),0.7509586919551452
C1(C(=O)OC)N=CC5(CCCCCCCCCCC5)N1(CCCN(C)C),0.5214810240877821
C1(C(=O)OC)N=CC5(CCCCCCCCCCCCCC5)N1(CCCN(C)C),0.5167995624619551
C1(C(=O)OCC)N=CC(CCCCCCC/C=C\CCCCCCCC)(CCCCCCC/C=C\CCCCCCCC)N1(CCCN(C)C),0.7798471933417208
C1(C(=O)OCC)N=CC(CCCCCCCCC)(CCCCCCCCC)N1(CCCN(C)C),0.7534847916169547
C1(C(=O)OCC)N=CC(CCCCCCCCCC)(CCCCCCCCCC)N1(CCCN(C)C),0.7562133925681236
C1(C(=O)OCC)N=CC(CCCCC)(CCCCC)N1(CCCN(C)C),0.7252462540462262
C1(C(=O)OCC)N=CC(CCCCCC)(CCCCCC)N1(CCCN(C)C),0.7369771359234538
C1(C(=O)OCC)N=CC(CCCCCCC)(CCCCCCC)N1(CCCN(C)C),0.7455193054155077
C1(C(=O)OCC)N=CC(CCCCCCCC)(CCCCCCCC)N1(CCCN(C)C),0.7503430524047672
C1(C(=O)OCC)N=CC5(CCCCCCCCCCC5)N1(CCCN(C)C),0.528918997399675
C1(C(=O)OCC)N=CC5(CCCCCCCCCCCCCC5)N1(CCCN(C)C),0.5235955294866736
C1(C(=O)OC(C)(C)C)N=CC(CCCCCCC/C=C\CCCCCCCC)(CCCCCCC/C=C\CCCCCCCC)N1(CCCN(C)C),0.693301467803882
C1(C(=O)OC(C)(C)C)N=CC(CCCCCCCCC)(CCCCCCCCC)N1(CCCN(C)C),0.6347336410804673
C1(C(=O)OC(C)(C)C)N=CC(CCCCCCCCCC)(CCCCCCCCCC)N1(CCCN(C)C),0.6435264727257134
C1(C(=O)OC(C)(C)C)N=CC(CCCCC)(CCCCC)N1(CCCN(C)C),0.5767859671326478
C1(C(=O)OC(C)(C)C)N=CC(CCCCCC)(CCCCCC)N1(CCCN(C)C),0.596553893584835
C1(C(=O)OC(C)(C)C)N=CC(CCCCCCC)(CCCCCCC)N1(CCCN(C)C),0.612850080923084
C1(C(=O)OC(C)(C)C)N=CC(CCCCCCCC)(CCCCCCCC)N1(CCCN(C)C),0.6249604894103691
C1(C(=O)OC(C)(C)C)N=CC5(CCCCCCCCCCC5)N1(CCCN(C)C),0.4054811000130928
C1(C(=O)OC(C)(C)C)N=CC5(CCCCCCCCCCCCCC5)N1(CCCN(C)C),0.41277482827165607
C1(C)(C(=O)OC(C)(C)C)N=CC(CCCCCCC/C=C\CCCCCCCC)(CCCCCCC/C=C\CCCCCCCC)N1(CCCN(C)C),0.6709415842324368
C1(C)(C(=O)OC(C)(C)C)N=CC(CCCCCCCCC)(CCCCCCCCC)N1(CCCN(C)C),0.6048711144305272
C1(C)(C(=O)OC(C)(C)C)N=CC(CCCCCCCCCC)(CCCCCCCCCC)N1(CCCN(C)C),0.6147284139971128
C1(C)(C(=O)OC(C)(C)C)N=CC(CCCCC)(CCCCC)N1(CCCN(C)C),0.5411521537359647
C1(C)(C(=O)OC(C)(C)C)N=CC(CCCCCC)(CCCCCC)N1(CCCN(C)C),0.5636923881624788
C1(C)(C(=O)OC(C)(C)C)N=CC(CCCCCCC)(CCCCCCC)N1(CCCN(C)C),0.5809166371283256
C1(C)(C(=O)OC(C)(C)C)N=CC(CCCCCCCC)(CCCCCCCC)N1(CCCN(C)C),0.5938812328725449
C1(C)(C(=O)OC(C)(C)C)N=CC5(CCCCCCCCCCC5)N1(CCCN(C)C),0.37950297566177094
C1(C)(C(=O)OC(C)(C)C)N=CC5(CCCCCCCCCCCCCC5)N1(CCCN(C)C),0.38852054810748066
C1(CC(=O)OCC)N=CC(CCCCCCC/C=C\CCCCCCCC)(CCCCCCC/C=C\CCCCCCCC)N1(CCCN(C)C),0.7650915004161616
C1(CC(=O)OCC)N=CC(CCCCCCCCC)(CCCCCCCCC)N1(CCCN(C)C),0.7351777249061872
C1(CC(=O)OCC)N=CC(CCCCCCCCCC)(CCCCCCCCCC)N1(CCCN(C)C),0.7387662734148968
C1(CC(=O)OCC)N=CC(CCCCC)(CCCCC)N1(CCCN(C)C),0.7027456884939914
C1(CC(=O)OCC)N=CC(CCCCCC)(CCCCCC)N1(CCCN(C)C),0.7155245887743318
C1(CC(=O)OCC)N=CC(CCCCCCC)(CCCCCCC)N1(CCCN(C)C),0.7252204811548533
C1(CC(=O)OCC)N=CC(CCCCCCCC)(CCCCCCCC)N1(CCCN(C)C),0.7310802508696741
C1(CC(=O)OCC)N=CC5(CCCCCCCCCCC5)N1(CCCN(C)C),0.5121492777208536
C1(CC(=O)OCC)N=CC5(CCCCCCCCCCCCCC5)N1(CCCN(C)C),0.5085867990262287
N(CS(=O)(=O)c3ccc(C)cc3)C(=O)C(CCCCCCC/C=C\CCCCCCCC)(CCCCCCC/C=C\CCCCCCCC)NCCCN(C)C,0.5833337067704096
N(CS(=O)(=O)c3ccc(C)cc3)C(=O)C(CCCCCCCCC)(CCCCCCCCC)NCCCN(C)C,0.49223710621533673
N(CS(=O)(=O)c3ccc(C)cc3)C(=O)C(CCCCCCCCCC)(CCCCCCCCCC)NCCCN(C)C,0.5055705987365356
N(CS(=O)(=O)c3ccc(C)cc3)C(=O)C(CCCCC)(CCCCC)NCCCN(C)C,0.4167953993258464
N(CS(=O)(=O)c3ccc(C)cc3)C(=O)C(CCCCCC)(CCCCCC)NCCCN(C)C,0.4408893412257197
N(CS(=O)(=O)c3ccc(C)cc3)C(=O)C(CCCCCCC)(CCCCCCC)NCCCN(C)C,0.4607397231149379
N(CS(=O)(=O)c3ccc(C)cc3)C(=O)C(CCCCCCCC)(CCCCCCCC)NCCCN(C)C,0.4776734035151438
N(CS(=O)(=O)c3ccc(C)cc3)C(=O)C5(CCCCCCCCCCC5)NCCCN(C)C,0.2814307698414187
N(CS(=O)(=O)c3ccc(C)cc3)C(=O)C5(CCCCCCCCCCCCCC5)NCCCN(C)C,0.2959667696526127
N(C3CCCCC3)C(=O)C(CCCCCCC/C=C\CCCCCCCC)(CCCCCCC/C=C\CCCCCCCC)NCCN(CC)CC,0.6981897064061164
N(C3CCCCC3)C(=O)C(CCCCCCCCC)(CCCCCCCCC)NCCN(CC)CC,0.6422088485004036
N(C3CCCCC3)C(=O)C(CCCCCCCCCC)(CCCCCCCCCC)NCCN(CC)CC,0.6500771222060496
N(C3CCCCC3)C(=O)C(CCCCC)(CCCCC)NCCN(CC)CC,0.5860145625495419
N(C3CCCCC3)C(=O)C(CCCCCC)(CCCCCC)NCCN(CC)CC,0.6072271367630917
N(C3CCCCC3)C(=O)C(CCCCCCC)(CCCCCCC)NCCN(CC)CC,0.6222696570281248
N(C3CCCCC3)C(=O)C(CCCCCCCC)(CCCCCCCC)NCCN(CC)CC,0.6333335317258553
N(C3CCCCC3)C(=O)C5(CCCCCCCCCCC5)NCCN(CC)CC,0.4106122807780162
N(C3CCCCC3)C(=O)C5(CCCCCCCCCCCCCC5)NCCN(CC)CC,0.4166815888504631
N(C(C)(C)C)C(=O)C(CCCCCCC/C=C\CCCCCCCC)(CCCCCCC/C=C\CCCCCCCC)NCCN(CC)CC,0.6736192332462829
N(C(C)(C)C)C(=O)C(CCCCCCCCC)(CCCCCCCCC)NCCN(CC)CC,0.6032186207709952
N(C(C)(C)C)C(=O)C(CCCCCCCCCC)(CCCCCCCCCC)NCCN(CC)CC,0.6138298071025127
N(C(C)(C)C)C(=O)C(CCCCC)(CCCCC)NCCN(CC)CC,0.5328554205573779
N(C(C)(C)C)C(=O)C(CCCCCC)(CCCCCC)NCCN(CC)CC,0.5573820679249688
N(C(C)(C)C)C(=O)C(CCCCCCC)(CCCCCCC)NCCN(CC)CC,0.5761091021191234
N(C(C)(C)C)C(=O)C(CCCCCCCC)(CCCCCCCC)NCCN(CC)CC,0.5910364757565705
N(C(C)(C)C)C(=O)C5(CCCCCCCCCCC5)NCCN(CC)CC,0.30765183635542953
N(C(C)(C)C)C(=O)C5(CCCCCCCCCCCCCC5)NCCN(CC)CC,0.3234930787148567
N(CCCC)C(=O)C(CCCCCCC/C=C\CCCCCCCC)(CCCCCCC/C=C\CCCCCCCC)NCCN(CC)CC,0.747958109800086
N(CCCC)C(=O)C(CCCCCCCCC)(CCCCCCCCC)NCCN(CC)CC,0.7088849812495791
N(CCCC)C(=O)C(CCCCCCCCCC)(CCCCCCCCCC)NCCN(CC)CC,0.7140554745815276
N(CCCC)C(=O)C(CCCCC)(CCCCC)NCCN(CC)CC,0.6673093287005694
N(CCCC)C(=O)C(CCCCCC)(CCCCCC)NCCN(CC)CC,0.6836564085915986
N(CCCC)C(=O)C(CCCCCCC)(CCCCCCC)NCCN(CC)CC,0.6951825919514005
N(CCCC)C(=O)C(CCCCCCCC)(CCCCCCCC)NCCN(CC)CC,0.7029788322071953
N(CCCC)C(=O)C5(CCCCCCCCCCC5)NCCN(CC)CC,0.46137484079520147
N(CCCC)C(=O)C5(CCCCCCCCCCCCCC5)NCCN(CC)CC,0.46294817485980205
N(CCCCC)C(=O)C(CCCCCCC/C=C\CCCCCCCC)(CCCCCCC/C=C\CCCCCCCC)NCCN(CC)CC,0.7521665141616792
N(CCCCC)C(=O)C(CCCCCCCCC)(CCCCCCCCC)NCCN(CC)CC,0.7152359798985879
N(CCCCC)C(=O)C(CCCCCCCCCC)(CCCCCCCCCC)NCCN(CC)CC,0.719923498747733
N(CCCCC)C(=O)C(CCCCC)(CCCCC)NCCN(CC)CC,0.6769422734662165
N(CCCCC)C(=O)C(CCCCCC)(CCCCCC)NCCN(CC)CC,0.6921881264042017
N(CCCCC)C(=O)C(CCCCCCC)(CCCCCCC)NCCN(CC)CC,0.7028186127119778
N(CCCCC)C(=O)C(CCCCCCCC)(CCCCCCCC)NCCN(CC)CC,0.7098999818471541
N(CCCCC)C(=O)C5(CCCCCCCCCCC5)NCCN(CC)CC,0.47513771324974735
N(CCCCC)C(=O)C5(CCCCCCCCCCCCCC5)NCCN(CC)CC,0.475268982780577
C1(C(=O)OC)N=CC(CCCCCCC/C=C\CCCCCCCC)(CCCCCCC/C=C\CCCCCCCC)N1(CCN(CC)CC),0.7816896581521797
C1(C(=O)OC)N=CC(CCCCCCCCC)(CCCCCCCCC)N1(CCN(CC)CC),0.7541677138537972
C1(C(=O)OC)N=CC(CCCCCCCCCC)(CCCCCCCCCC)N1(CCN(CC)CC),0.7569943586843598
C1(C(=O)OC)N=CC(CCCCC)(CCCCC)N1(CCN(CC)CC),0.726507700494488
C1(C(=O)OC)N=CC(CCCCCC)(CCCCCC)N1(CCN(CC)CC),0.7381361440361892
C1(C(=O)OC)N=CC(CCCCCCC)(CCCCCCC)N1(CCN(CC)CC),0.7465571690618814
C1(C(=O)OC)N=CC(CCCCCCCC)(CCCCCCCC)N1(CCN(CC)CC),0.7511252062118501
C1(C(=O)OC)N=CC5(CCCCCCCCCCC5)N1(CCN(CC)CC),0.5275409790948113
C1(C(=O)OC)N=CC5(CCCCCCCCCCCCCC5)N1(CCN(CC)CC),0.5224456072089154
C1(C(=O)OCC)N=CC(CCCCCCC/C=C\CCCCCCCC)(CCCCCCC/C=C\CCCCCCCC)N1(CCN(CC)CC),0.7801518954284372
C1(C(=O)OCC)N=CC(CCCCCCCCC)(CCCCCCCCC)N1(CCN(CC)CC),0.753580281961028
C1(C(=O)OCC)N=CC(CCCCCCCCCC)(CCCCCCCCCC)N1(CCN(CC)CC),0.7562274667046568
C1(C(=O)OCC)N=CC(CCCCC)(CCCCC)N1(CCN(CC)CC),0.7267524835779893
C1(C(=O)OCC)N=CC(CCCCCC)(CCCCCC)N1(CCN(CC)CC),0.7379692140876879
C1(C(=O)OCC)N=CC(CCCCCCC)(CCCCCCC)N1(CCN(CC)CC),0.7461603021654624
C1(C(=O)OCC)N=CC(CCCCCCCC)(CCCCCCCC)N1(CCN(CC)CC),0.750594664710637
C1(C(=O)OCC)N=CC5(CCCCCCCCCCC5)N1(CCN(CC)CC),0.534226431486246
C1(C(=O)OCC)N=CC5(CCCCCCCCCCCCCC5)N1(CCN(CC)CC),0.528647610041208
C1(C(=O)OC(C)(C)C)N=CC(CCCCCCC/C=C\CCCCCCCC)(CCCCCCC/C=C\CCCCCCCC)N1(CCN(CC)CC),0.6943045321084479
C1(C(=O)OC(C)(C)C)N=CC(CCCCCCCCC)(CCCCCCCCC)N1(CCN(CC)CC),0.6380393410140393
C1(C(=O)OC(C)(C)C)N=CC(CCCCCCCCCC)(CCCCCCCCCC)N1(CCN(CC)CC),0.6463996156529236
C1(C(=O)OC(C)(C)C)N=CC(CCCCC)(CCCCC)N1(CCN(CC)CC),0.5816591220611294
C1(C(=O)OC(C)(C)C)N=CC(CCCCCC)(CCCCCC)N1(CCN(CC)CC),0.6008035702033505
C1(C(=O)OC(C)(C)C)N=CC(CCCCCCC)(CCCCCCC)N1(CCN(CC)CC),0.6166604900819539
C1(C(=O)OC(C)(C)C)N=CC(CCCCCCCC)(CCCCCCCC)N1(CCN(CC)CC),0.6285928637113212
C1(C(=O)OC(C)(C)C)N=CC5(CCCCCCCCCCC5)N1(CCN(CC)CC),0.41614487135684713
C1(C(=O)OC(C)(C)C)N=CC5(CCCCCCCCCCCCCC5)N1(CCN(CC)CC),0.42206233315454567
C1(C)(C(=O)OC(C)(C)C)N=CC(CCCCCCC/C=C\CCCCCCCC)(CCCCCCC/C=C\CCCCCCCC)N1(CCN(CC)CC),0.6730761022220949
C1(C)(C(=O)OC(C)(C)C)N=CC(CCCCCCCCC)(CCCCCCCCC)N1(CCN(CC)CC),0.6091719211399923
C1(C)(C(=O)OC(C)(C)C)N=CC(CCCCCCCCCC)(CCCCCCCCCC)N1(CCN(CC)CC),0.6187614558051933
C1(C)(C(=O)OC(C)(C)C)N=CC(CCCCC)(CCCCC)N1(CCN(CC)CC),0.5487226733463474
C1(C)(C(=O)OC(C)(C)C)N=CC(CCCCCC)(CCCCCC)N1(CCN(CC)CC),0.5691997700030889
C1(C)(C(=O)OC(C)(C)C)N=CC(CCCCCCC)(CCCCCCC)N1(CCN(CC)CC),0.5857915735930772
C1(C)(C(=O)OC(C)(C)C)N=CC(CCCCCCCC)(CCCCCCCC)N1(CCN(CC)CC),0.598662935605832
C1(C)(C(=O)OC(C)(C)C)N=CC5(CCCCCCCCCCC5)N1(CCN(CC)CC),0.3908188486648964
C1(C)(C(=O)OC(C)(C)C)N=CC5(CCCCCCCCCCCCCC5)N1(CCN(CC)CC),0.3990333342523505
C1(CC(=O)OCC)N=CC(CCCCCCC/C=C\CCCCCCCC)(CCCCCCC/C=C\CCCCCCCC)N1(CCN(CC)CC),0.7642431328443762
C1(CC(=O)OCC)N=CC(CCCCCCCCC)(CCCCCCCCC)N1(CCN(CC)CC),0.7339673491643328
C1(CC(=O)OCC)N=CC(CCCCCCCCCC)(CCCCCCCCCC)N1(CCN(CC)CC),0.7375456241472186
C1(CC(=O)OCC)N=CC(CCCCC)(CCCCC)N1(CCN(CC)CC),0.7024621866888883
C1(CC(=O)OCC)N=CC(CCCCCC)(CCCCCC)N1(CCN(CC)CC),0.7147060916273404
C1(CC(=O)OCC)N=CC(CCCCCCC)(CCCCCCC)N1(CCN(CC)CC),0.7241805390494979
C1(CC(=O)OCC)N=CC(CCCCCCCC)(CCCCCCCC)N1(CCN(CC)CC),0.7298914911012294
C1(CC(=O)OCC)N=CC5(CCCCCCCCCCC5)N1(CCN(CC)CC),0.5148202756659583
C1(CC(=O)OCC)N=CC5(CCCCCCCCCCCCCC5)N1(CCN(CC)CC),0.5112115957973976
N(CS(=O)(=O)c3ccc(C)cc3)C(=O)C(CCCCCCC/C=C\CCCCCCCC)(CCCCCCC/C=C\CCCCCCCC)NCCN(CC)CC,0.5769162568185289
N(CS(=O)(=O)c3ccc(C)cc3)C(=O)C(CCCCCCCCC)(CCCCCCCCC)NCCN(CC)CC,0.4863666472828957
N(CS(=O)(=O)c3ccc(C)cc3)C(=O)C(CCCCCCCCCC)(CCCCCCCCCC)NCCN(CC)CC,0.49954576968629705
N(CS(=O)(=O)c3ccc(C)cc3)C(=O)C(CCCCC)(CCCCC)NCCN(CC)CC,0.4114419125266952
N(CS(=O)(=O)c3ccc(C)cc3)C(=O)C(CCCCCC)(CCCCCC)NCCN(CC)CC,0.43504198288024665
N(CS(=O)(=O)c3ccc(C)cc3)C(=O)C(CCCCCCC)(CCCCCCC)NCCN(CC)CC,0.4546985336232862
N(CS(=O)(=O)c3ccc(C)cc3)C(=O)C(CCCCCCCC)(CCCCCCCC)NCCN(CC)CC,0.471868564501982
N(CS(=O)(=O)c3ccc(C)cc3)C(=O)C5(CCCCCCCCCCC5)NCCN(CC)CC,0.2761570661748934
N(CS(=O)(=O)c3ccc(C)cc3)C(=O)C5(CCCCCCCCCCCCCC5)NCCN(CC)CC,0.29090610803171113
N(C3CCCCC3)C(=O)C(CCCCCCC/C=C\CCCCCCCC)(CCCCCCC/C=C\CCCCCCCC)NCCCN1CCCC1,0.7277129691657016
N(C3CCCCC3)C(=O)C(CCCCCCCCC)(CCCCCCCCC)NCCCN1CCCC1,0.6837707832201342
N(C3CCCCC3)C(=O)C(CCCCCCCCCC)(CCCCCCCCCC)NCCCN1CCCC1,0.68970038915674
N(C3CCCCC3)C(=O)C(CCCCC)(CCCCC)NCCCN1CCCC1,0.6416227230675657
N(C3CCCCC3)C(=O)C(CCCCCC)(CCCCCC)NCCCN1CCCC1,0.6577187251136063
N(C3CCCCC3)C(=O)C(CCCCCCC)(CCCCCCC)NCCCN1CCCC1,0.6690666360773211
N(C3CCCCC3)C(=O)C(CCCCCCCC)(CCCCCCCC)NCCCN1CCCC1,0.6771358076896835
N(C3CCCCC3)C(=O)C5(CCCCCCCCCCC5)NCCCN1CCCC1,0.4694020275361337
N(C3CCCCC3)C(=O)C5(CCCCCCCCCCCCCC5)NCCCN1CCCC1,0.4702128046926216
N(C(C)(C)C)C(=O)C(CCCCCCC/C=C\CCCCCCCC)(CCCCCCC/C=C\CCCCCCCC)NCCCN1CCCC1,0.7039336762633858
N(C(C)(C)C)C(=O)C(CCCCCCCCC)(CCCCCCCCC)NCCCN1CCCC1,0.6474951416899037
N(C(C)(C)C)C(=O)C(CCCCCCCCCC)(CCCCCCCCCC)NCCCN1CCCC1,0.6554896075480099
N(C(C)(C)C)C(=O)C(CCCCC)(CCCCC)NCCCN1CCCC1,0.5908990005410669
N(C(C)(C)C)C(=O)C(CCCCCC)(CCCCCC)NCCCN1CCCC1,0.6121425734857151
N(C(C)(C)C)C(=O)C(CCCCCCC)(CCCCCCC)NCCCN1CCCC1,0.6272461410602677
N(C(C)(C)C)C(=O)C(CCCCCCCC)(CCCCCCCC)NCCCN1CCCC1,0.6384751641702294
N(C(C)(C)C)C(=O)C5(CCCCCCCCCCC5)NCCCN1CCCC1,0.3728028255961085
N(C(C)(C)C)C(=O)C5(CCCCCCCCCCCCCC5)NCCCN1CCCC1,0.38279451238199624
N(CCCC)C(=O)C(CCCCCCC/C=C\CCCCCCCC)(CCCCCCC/C=C\CCCCCCCC)NCCCN1CCCC1,0.7814431529169507
N(CCCC)C(=O)C(CCCCCCCCC)(CCCCCCCCC)NCCCN1CCCC1,0.7539080846347124
N(CCCC)C(=O)C(CCCCCCCCCC)(CCCCCCCCCC)NCCCN1CCCC1,0.7576844664508248
N(CCCC)C(=O)C(CCCCC)(CCCCC)NCCCN1CCCC1,0.7250343106146357
N(CCCC)C(=O)C(CCCCCC)(CCCCCC)NCCCN1CCCC1,0.7369269559851815
N(CCCC)C(=O)C(CCCCCCC)(CCCCCCC)NCCCN1CCCC1,0.7445472992265826
N(CCCC)C(=O)C(CCCCCCCC)(CCCCCCCC)NCCCN1CCCC1,0.7497245030118148
N(CCCC)C(=O)C5(CCCCCCCCCCC5)NCCCN1CCCC1,0.5264108912541927
N(CCCC)C(=O)C5(CCCCCCCCCCCCCC5)NCCCN1CCCC1,0.5214477093595327
N(CCCCC)C(=O)C(CCCCCCC/C=C\CCCCCCCC)(CCCCCCC/C=C\CCCCCCCC)NCCCN1CCCC1,0.7841835120075017
N(CCCCC)C(=O)C(CCCCCCCCC)(CCCCCCCCC)NCCCN1CCCC1,0.7597851946358949
N(CCCCC)C(=O)C(CCCCCCCCCC)(CCCCCCCCCC)NCCCN1CCCC1,0.7631458846556683
N(CCCCC)C(=O)C(CCCCC)(CCCCC)NCCCN1CCCC1,0.7323620662159565
N(CCCCC)C(=O)C(CCCCCC)(CCCCCC)NCCCN1CCCC1,0.7434053344774971
N(CCCCC)C(=O)C(CCCCCCC)(CCCCCCC)NCCCN1CCCC1,0.7509551882671475
N(CCCCC)C(=O)C(CCCCCCCC)(CCCCCCCC)NCCCN1CCCC1,0.7560388020136612
N(CCCCC)C(=O)C5(CCCCCCCCCCC5)NCCCN1CCCC1,0.5381815013902419
N(CCCCC)C(=O)C5(CCCCCCCCCCCCCC5)NCCCN1CCCC1,0.5324023164993684
C1(C(=O)OC)N=CC(CCCCCCC/C=C\CCCCCCCC)(CCCCCCC/C=C\CCCCCCCC)N1(CCCN3CCCC3),0.8014849014938407
C1(C(=O)OC)N=CC(CCCCCCCCC)(CCCCCCCCC)N1(CCCN3CCCC3),0.7846023511845844
C1(C(=O)OC)N=CC(CCCCCCCCCC)(CCCCCCCCCC)N1(CCCN3CCCC3),0.7868070023187392
C1(C(=O)OC)N=CC(CCCCC)(CCCCC)N1(CCCN3CCCC3),0.7606906307528635
C1(C(=O)OC)N=CC(CCCCCC)(CCCCCC)N1(CCCN3CCCC3),0.7700816428930414
C1(C(=O)OC)N=CC(CCCCCCC)(CCCCCCC)N1(CCCN3CCCC3),0.7779091788026462
C1(C(=O)OC)N=CC(CCCCCCCC)(CCCCCCCC)N1(CCCN3CCCC3),0.7820090282208527
C1(C(=O)OC)N=CC5(CCCCCCCCCCC5)N1(CCCN3CCCC3),0.5668600784196662
C1(C(=O)OC)N=CC5(CCCCCCCCCCCCCC5)N1(CCCN3CCCC3),0.558241243483459
C1(C(=O)OCC)N=CC(CCCCCCC/C=C\CCCCCCCC)(CCCCCCC/C=C\CCCCCCCC)N1(CCCN3CCCC3),0.8001238077835422
C1(C(=O)OCC)N=CC(CCCCCCCCC)(CCCCCCCCC)N1(CCCN3CCCC3),0.7822950241767339
C1(C(=O)OCC)N=CC(CCCCCCCCCC)(CCCCCCCCCC)N1(CCCN3CCCC3),0.7845635730784402
C1(C(=O)OCC)N=CC(CCCCC)(CCCCC)N1(CCCN3CCCC3),0.7596160674593273
C1(C(=O)OCC)N=CC(CCCCCC)(CCCCCC)N1(CCCN3CCCC3),0.7684429264473309
C1(C(=O)OCC)N=CC(CCCCCCC)(CCCCCCC)N1(CCCN3CCCC3),0.775543061097885
C1(C(=O)OCC)N=CC(CCCCCCCC)(CCCCCCCC)N1(CCCN3CCCC3),0.7796423760552104
C1(C(=O)OCC)N=CC5(CCCCCCCCCCC5)N1(CCCN3CCCC3),0.5721355636224615
C1(C(=O)OCC)N=CC5(CCCCCCCCCCCCCC5)N1(CCCN3CCCC3),0.563291661270808
C1(C(=O)OC(C)(C)C)N=CC(CCCCCCC/C=C\CCCCCCCC)(CCCCCCC/C=C\CCCCCCCC)N1(CCCN3CCCC3),0.7118376994635169
C1(C(=O)OC(C)(C)C)N=CC(CCCCCCCCC)(CCCCCCCCC)N1(CCCN3CCCC3),0.6638543360275693
C1(C(=O)OC(C)(C)C)N=CC(CCCCCCCCCC)(CCCCCCCCCC)N1(CCCN3CCCC3),0.6704065295060062
C1(C(=O)OC(C)(C)C)N=CC(CCCCC)(CCCCC)N1(CCCN3CCCC3),0.6158836214991387
C1(C(=O)OC(C)(C)C)N=CC(CCCCCC)(CCCCCC)N1(CCCN3CCCC3),0.6333297311151459
C1(C(=O)OC(C)(C)C)N=CC(CCCCCCC)(CCCCCCC)N1(CCCN3CCCC3),0.6470608625318143
C1(C(=O)OC(C)(C)C)N=CC(CCCCCCCC)(CCCCCCCC)N1(CCCN3CCCC3),0.6565280056552646
C1(C(=O)OC(C)(C)C)N=CC5(CCCCCCCCCCC5)N1(CCCN3CCCC3),0.4538716632558257
C1(C(=O)OC(C)(C)C)N=CC5(CCCCCCCCCCCCCC5)N1(CCCN3CCCC3),0.4558954587663019
C1(C)(C(=O)OC(C)(C)C)N=CC(CCCCCCC/C=C\CCCCCCCC)(CCCCCCC/C=C\CCCCCCCC)N1(CCCN3CCCC3),0.6891354640055154
C1(C)(C(=O)OC(C)(C)C)N=CC(CCCCCCCCC)(CCCCCCCCC)N1(CCCN3CCCC3),0.6340060022832471
C1(C)(C(=O)OC(C)(C)C)N=CC(CCCCCCCCCC)(CCCCCCCCCC)N1(CCCN3CCCC3),0.6421796313055752
C1(C)(C(=O)OC(C)(C)C)N=CC(CCCCC)(CCCCC)N1(CCCN3CCCC3),0.5803435169102589
C1(C)(C(=O)OC(C)(C)C)N=CC(CCCCCC)(CCCCCC)N1(CCCN3CCCC3),0.5983536609093557
C1(C)(C(=O)OC(C)(C)C)N=CC(CCCCCCC)(CCCCCCC)N1(CCCN3CCCC3),0.6137233306181075
C1(C)(C(=O)OC(C)(C)C)N=CC(CCCCCCCC)(CCCCCCCC)N1(CCCN3CCCC3),0.624997070288447
C1(C)(C(=O)OC(C)(C)C)N=CC5(CCCCCCCCCCC5)N1(CCCN3CCCC3),0.4276759539413915
C1(C)(C(=O)OC(C)(C)C)N=CC5(CCCCCCCCCCCCCC5)N1(CCCN3CCCC3),0.4325318873525962
C1(CC(=O)OCC)N=CC(CCCCCCC/C=C\CCCCCCCC)(CCCCCCC/C=C\CCCCCCCC)N1(CCCN3CCCC3),0.7856423526744821
C1(CC(=O)OCC)N=CC(CCCCCCCCC)(CCCCCCCCC)N1(CCCN3CCCC3),0.7600644801384924
C1(CC(=O)OCC)N=CC(CCCCCCCCCC)(CCCCCCCCCC)N1(CCCN3CCCC3),0.7631142326946042
C1(CC(=O)OCC)N=CC(CCCCC)(CCCCC)N1(CCCN3CCCC3),0.7360461644532816
C1(CC(=O)OCC)N=CC(CCCCCC)(CCCCCC)N1(CCCN3CCCC3),0.7459275147595126
C1(CC(=O)OCC)N=CC(CCCCCCC)(CCCCCCC)N1(CCCN3CCCC3),0.7532376331517601
C1(CC(=O)OCC)N=CC(CCCCCCCC)(CCCCCCCC)N1(CCCN3CCCC3),0.7570963813280899
C1(CC(=O)OCC)N=CC5(CCCCCCCCCCC5)N1(CCCN3CCCC3),0.555645901445288
C1(CC(=O)OCC)N=CC5(CCCCCCCCCCCCCC5)N1(CCCN3CCCC3),0.5484632222808895
N(CS(=O)(=O)c3ccc(C)cc3)C(=O)C(CCCCCCC/C=C\CCCCCCCC)(CCCCCCC/C=C\CCCCCCCC)NCCCN1CCCC1,0.6041229285816594
N(CS(=O)(=O)c3ccc(C)cc3)C(=O)C(CCCCCCCCC)(CCCCCCCCC)NCCCN1CCCC1,0.5217906550915122
N(CS(=O)(=O)c3ccc(C)cc3)C(=O)C(CCCCCCCCCC)(CCCCCCCCCC)NCCCN1CCCC1,0.5336193433099642
N(CS(=O)(=O)c3ccc(C)cc3)C(=O)C(CCCCC)(CCCCC)NCCCN1CCCC1,0.4541286795550478
N(CS(=O)(=O)c3ccc(C)cc3)C(=O)C(CCCCCC)(CCCCCC)NCCCN1CCCC1,0.47618884934133276
N(CS(=O)(=O)c3ccc(C)cc3)C(=O)C(CCCCCCC)(CCCCCCC)NCCCN1CCCC1,0.49449567851393095
N(CS(=O)(=O)c3ccc(C)cc3)C(=O)C(CCCCCCCC)(CCCCCCCC)NCCCN1CCCC1,0.5093294027281171
N(CS(=O)(=O)c3ccc(C)cc3)C(=O)C5(CCCCCCCCCCC5)NCCCN1CCCC1,0.3275248140630059
N(CS(=O)(=O)c3ccc(C)cc3)C(=O)C5(CCCCCCCCCCCCCC5)NCCCN1CCCC1,0.33787628209862497
N(C3CCCCC3)C(=O)C(CCCCCCC/C=C\CCCCCCCC)(CCCCCCC/C=C\CCCCCCCC)N(CC)CCCNCC,0.756414112321213
N(C3CCCCC3)C(=O)C(CCCCCCCCC)(CCCCCCCCC)N(CC)CCCNCC,0.7217083011675854
N(C3CCCCC3)C(=O)C(CCCCCCCCCC)(CCCCCCCCCC)N(CC)CCCNCC,0.7256718036765927
N(C3CCCCC3)C(=O)C(CCCCC)(CCCCC)N(CC)CCCNCC,0.6873681206411092
N(C3CCCCC3)C(=O)C(CCCCCC)(CCCCCC)N(CC)CCCNCC,0.7010983612896424
N(C3CCCCC3)C(=O)C(CCCCCCC)(CCCCCCC)N(CC)CCCNCC,0.7108209173296719
N(C3CCCCC3)C(=O)C(CCCCCCCC)(CCCCCCCC)N(CC)CCCNCC,0.7172045180924222
N(C3CCCCC3)C(=O)C5(CCCCCCCCCCC5)N(CC)CCCNCC,0.4871643895323413
N(C3CCCCC3)C(=O)C5(CCCCCCCCCCCCCC5)N(CC)CCCNCC,0.48628600307440595
N(C(C)(C)C)C(=O)C(CCCCCCC/C=C\CCCCCCCC)(CCCCCCC/C=C\CCCCCCCC)N(CC)CCCNCC,0.7284919755920408
N(C(C)(C)C)C(=O)C(CCCCCCCCC)(CCCCCCCCC)N(CC)CCCNCC,0.6830854856015982
N(C(C)(C)C)C(=O)C(CCCCCCCCCC)(CCCCCCCCCC)N(CC)CCCNCC,0.6895107743130672
N(C(C)(C)C)C(=O)C(CCCCC)(CCCCC)N(CC)CCCNCC,0.6345493114610621
N(C(C)(C)C)C(=O)C(CCCCCC)(CCCCCC)N(CC)CCCNCC,0.6528726495364291
N(C(C)(C)C)C(=O)C(CCCCCCC)(CCCCCCC)N(CC)CCCNCC,0.6662095269765411
N(C(C)(C)C)C(=O)C(CCCCCCCC)(CCCCCCCC)N(CC)CCCNCC,0.6758079693230922
N(C(C)(C)C)C(=O)C5(CCCCCCCCCCC5)N(CC)CCCNCC,0.3882424502957299
N(C(C)(C)C)C(=O)C5(CCCCCCCCCCCCCC5)N(CC)CCCNCC,0.3966680182389107
N(CCCC)C(=O)C(CCCCCCC/C=C\CCCCCCCC)(CCCCCCC/C=C\CCCCCCCC)N(CC)CCCNCC,0.8091592252842233
N(CCCC)C(=O)C(CCCCCCCCC)(CCCCCCCCC)N(CC)CCCNCC,0.7983089567852687
N(CCCC)C(=O)C(CCCCCCCCCC)(CCCCCCCCCC)N(CC)CCCNCC,0.7988171103140219
N(CCCC)C(=O)C(CCCCC)(CCCCC)N(CC)CCCNCC,0.7770858715077258
N(CCCC)C(=O)C(CCCCCC)(CCCCCC)N(CC)CCCNCC,0.7887036258318069
N(CCCC)C(=O)C(CCCCCCC)(CCCCCCC)N(CC)CCCNCC,0.7954799959575551
N(CCCC)C(=O)C(CCCCCCCC)(CCCCCCCC)N(CC)CCCNCC,0.797715586438266
N(CCCC)C(=O)C5(CCCCCCCCCCC5)N(CC)CCCNCC,0.544080761825715
N(CCCC)C(=O)C5(CCCCCCCCCCCCCC5)N(CC)CCCNCC,0.5376837401563972
N(CCCCC)C(=O)C(CCCCCCC/C=C\CCCCCCCC)(CCCCCCC/C=C\CCCCCCCC)N(CC)CCCNCC,0.8108348195307233
N(CCCCC)C(=O)C(CCCCCCCCC)(CCCCCCCCC)N(CC)CCCNCC,0.8010224740626847
N(CCCCC)C(=O)C(CCCCCCCCCC)(CCCCCCCCCC)N(CC)CCCNCC,0.8013818693128909
N(CCCCC)C(=O)C(CCCCC)(CCCCC)N(CC)CCCNCC,0.7824589255135761
N(CCCCC)C(=O)C(CCCCCC)(CCCCCC)N(CC)CCCNCC,0.7933484471950136
N(CCCCC)C(=O)C(CCCCCCC)(CCCCCCC)N(CC)CCCNCC,0.7990499571045141
N(CCCCC)C(=O)C(CCCCCCCC)(CCCCCCCC)N(CC)CCCNCC,0.8006005468894007
N(CCCCC)C(=O)C5(CCCCCCCCCCC5)N(CC)CCCNCC,0.554462605054738
N(CCCCC)C(=O)C5(CCCCCCCCCCCCCC5)N(CC)CCCNCC,0.5473874119119644
N(CC(=O)OC)C(=O)C(CCCCCCC/C=C\CCCCCCCC)(CCCCCCC/C=C\CCCCCCCC)N(CC)CCCNCC,0.8021883707823309
N(CC(=O)OC)C(=O)C(CCCCCCCCC)(CCCCCCCCC)N(CC)CCCNCC,0.7868139503101923
N(CC(=O)OC)C(=O)C(CCCCCCCCCC)(CCCCCCCCCC)N(CC)CCCNCC,0.7889640864344843
N(CC(=O)OC)C(=O)C(CCCCC)(CCCCC)N(CC)CCCNCC,0.762680012921057
N(CC(=O)OC)C(=O)C(CCCCCC)(CCCCCC)N(CC)CCCNCC,0.7730249189647482
N(CC(=O)OC)C(=O)C(CCCCCCC)(CCCCCCC)N(CC)CCCNCC,0.78049822607933
N(CC(=O)OC)C(=O)C(CCCCCCCC)(CCCCCCCC)N(CC)CCCNCC,0.7843668914742296
N(CC(=O)OC)C(=O)C5(CCCCCCCCCCC5)N(CC)CCCNCC,0.5399383336906549
N(CC(=O)OC)C(=O)C5(CCCCCCCCCCCCCC5)N(CC)CCCNCC,0.5340986953356853
N(CC(=O)OCC)C(=O)C(CCCCCCC/C=C\CCCCCCCC)(CCCCCCC/C=C\CCCCCCCC)N(CC)CCCNCC,0.8008499025826618
N(CC(=O)OCC)C(=O)C(CCCCCCCCC)(CCCCCCCCC)N(CC)CCCNCC,0.7844968842373989
N(CC(=O)OCC)C(=O)C(CCCCCCCCCC)(CCCCCCCCCC)N(CC)CCCNCC,0.7867057516740595
N(CC(=O)OCC)C(=O)C(CCCCC)(CCCCC)N(CC)CCCNCC,0.7612832884853581
N(CC(=O)OCC)C(=O)C(CCCCCC)(CCCCCC)N(CC)CCCNCC,0.7712746189639919
N(CC(=O)OCC)C(=O)C(CCCCCCC)(CCCCCCC)N(CC)CCCNCC,0.7781190437752551
N(CC(=O)OCC)C(=O)C(CCCCCCCC)(CCCCCCCC)N(CC)CCCNCC,0.7820134820615278
N(CC(=O)OCC)C(=O)C5(CCCCCCCCCCC5)N(CC)CCCNCC,0.5455597932370889
N(CC(=O)OCC)C(=O)C5(CCCCCCCCCCCCCC5)N(CC)CCCNCC,0.5394652764264213
N(CC(=O)OC(C)(C)C)C(=O)C(CCCCCCC/C=C\CCCCCCCC)(CCCCCCC/C=C\CCCCCCCC)N(CC)CCCNCC,0.69859839082646
N(CC(=O)OC(C)(C)C)C(=O)C(CCCCCCCCC)(CCCCCCCCC)N(CC)CCCNCC,0.6460134379741247
N(CC(=O)OC(C)(C)C)C(=O)C(CCCCCCCCCC)(CCCCCCCCCC)N(CC)CCCNCC,0.6532761081170473
N(CC(=O)OC(C)(C)C)C(=O)C(CCCCC)(CCCCC)N(CC)CCCNCC,0.594104281213552
N(CC(=O)OC(C)(C)C)C(=O)C(CCCCCC)(CCCCCC)N(CC)CCCNCC,0.6129402266583472
N(CC(=O)OC(C)(C)C)C(=O)C(CCCCCCC)(CCCCCCC)N(CC)CCCNCC,0.6272977462275561
N(CC(=O)OC(C)(C)C)C(=O)C(CCCCCCCC)(CCCCCCCC)N(CC)CCCNCC,0.6378985996487073
N(CC(=O)OC(C)(C)C)C(=O)C5(CCCCCCCCCCC5)N(CC)CCCNCC,0.410821789443371
N(CC(=O)OC(C)(C)C)C(=O)C5(CCCCCCCCCCCCCC5)N(CC)CCCNCC,0.4166903183781862
N(C(C)C(=O)OC(C)(C)C)C(=O)C(CCCCCCC/C=C\CCCCCCCC)(CCCCCCC/C=C\CCCCCCCC)N(CC)CCCNCC,0.6895689711645546
N(C(C)C(=O)OC(C)(C)C)C(=O)C(CCCCCCCCC)(CCCCCCCCC)N(CC)CCCNCC,0.635329505578248
N(C(C)C(=O)OC(C)(C)C)C(=O)C(CCCCCCCCCC)(CCCCCCCCCC)N(CC)CCCNCC,0.6429281140771547
N(C(C)C(=O)OC(C)(C)C)C(=O)C(CCCCC)(CCCCC)N(CC)CCCNCC,0.5816690392796992
N(C(C)C(=O)OC(C)(C)C)C(=O)C(CCCCCC)(CCCCCC)N(CC)CCCNCC,0.6008248892540484
N(C(C)C(=O)OC(C)(C)C)C(=O)C(CCCCCCC)(CCCCCCC)N(CC)CCCNCC,0.6154568247933833
N(C(C)C(=O)OC(C)(C)C)C(=O)C(CCCCCCCC)(CCCCCCCC)N(CC)CCCNCC,0.6265695729694548
N(C(C)C(=O)OC(C)(C)C)C(=O)C5(CCCCCCCCCCC5)N(CC)CCCNCC,0.4073381734209659
N(C(C)C(=O)OC(C)(C)C)C(=O)C5(CCCCCCCCCCCCCC5)N(CC)CCCNCC,0.41337867999038075
N(CCC(=O)OCC)C(=O)C(CCCCCCC/C=C\CCCCCCCC)(CCCCCCC/C=C\CCCCCCCC)N(CC)CCCNCC,0.7964312175566634
N(CCC(=O)OCC)C(=O)C(CCCCCCCCC)(CCCCCCCCC)N(CC)CCCNCC,0.7767419162385265
N(CCC(=O)OCC)C(=O)C(CCCCCCCCCC)(CCCCCCCCCC)N(CC)CCCNCC,0.7793075660055305
N(CCC(=O)OCC)C(=O)C(CCCCC)(CCCCC)N(CC)CCCNCC,0.7538656840714858
N(CCC(=O)OCC)C(=O)C(CCCCCC)(CCCCCC)N(CC)CCCNCC,0.7636466745011721
N(CCC(=O)OCC)C(=O)C(CCCCCCC)(CCCCCCC)N(CC)CCCNCC,0.7701151357749179
N(CCC(=O)OCC)C(=O)C(CCCCCCCC)(CCCCCCCC)N(CC)CCCNCC,0.7739781002537535
N(CCC(=O)OCC)C(=O)C5(CCCCCCCCCCC5)N(CC)CCCNCC,0.5460052960736796
N(CCC(=O)OCC)C(=O)C5(CCCCCCCCCCCCCC5)N(CC)CCCNCC,0.5400224222026001
N(CS(=O)(=O)c3ccc(C)cc3)C(=O)C(CCCCCCC/C=C\CCCCCCCC)(CCCCCCC/C=C\CCCCCCCC)N(CC)CCCNCC,0.6264633934077615
N(CS(=O)(=O)c3ccc(C)cc3)C(=O)C(CCCCCCCCC)(CCCCCCCCC)N(CC)CCCNCC,0.5516377417604454
N(CS(=O)(=O)c3ccc(C)cc3)C(=O)C(CCCCCCCCCC)(CCCCCCCCCC)N(CC)CCCNCC,0.5627876052754759
N(CS(=O)(=O)c3ccc(C)cc3)C(=O)C(CCCCC)(CCCCC)N(CC)CCCNCC,0.4866759813639142
N(CS(=O)(=O)c3ccc(C)cc3)C(=O)C(CCCCCC)(CCCCCC)N(CC)CCCNCC,0.507550360608871
N(CS(=O)(=O)c3ccc(C)cc3)C(=O)C(CCCCCCC)(CCCCCCC)N(CC)CCCNCC,0.5246196159192259
N(CS(=O)(=O)c3ccc(C)cc3)C(=O)C(CCCCCCCC)(CCCCCCCC)N(CC)CCCNCC,0.539371923925872
N(CS(=O)(=O)c3ccc(C)cc3)C(=O)C5(CCCCCCCCCCC5)N(CC)CCCNCC,0.3398622199633632
N(CS(=O)(=O)c3ccc(C)cc3)C(=O)C5(CCCCCCCCCCCCCC5)N(CC)CCCNCC,0.3491379667068706
N(C3CCCCC3)C(=O)C(CCCCCCC/C=C\CCCCCCCC)(CCCCCCC/C=C\CCCCCCCC)N(C)CCN(C)C,0.7016729661212675
N(C3CCCCC3)C(=O)C(CCCCCCCCC)(CCCCCCCCC)N(C)CCN(C)C,0.6449797906302568
N(C3CCCCC3)C(=O)C(CCCCCCCCCC)(CCCCCCCCCC)N(C)CCN(C)C,0.652961310658134
N(C3CCCCC3)C(=O)C(CCCCC)(CCCCC)N(C)CCN(C)C,0.5836267101022863
N(C3CCCCC3)C(=O)C(CCCCCC)(CCCCCC)N(C)CCN(C)C,0.6073967984005403
N(C3CCCCC3)C(=O)C(CCCCCCC)(CCCCCCC)N(C)CCN(C)C,0.6243874285768447
N(C3CCCCC3)C(=O)C(CCCCCCCC)(CCCCCCCC)N(C)CCN(C)C,0.6360034013646557
N(C3CCCCC3)C(=O)C5(CCCCCCCCCCC5)N(C)CCN(C)C,0.377865595368263
N(C3CCCCC3)C(=O)C5(CCCCCCCCCCCCCC5)N(C)CCN(C)C,0.38740382178888727
N(C(C)(C)C)C(=O)C(CCCCCCC/C=C\CCCCCCCC)(CCCCCCC/C=C\CCCCCCCC)N(C)CCN(C)C,0.6693694378586829
N(C(C)(C)C)C(=O)C(CCCCCCCCC)(CCCCCCCCC)N(C)CCN(C)C,0.594729006598907
N(C(C)(C)C)C(=O)C(CCCCCCCCCC)(CCCCCCCCCC)N(C)CCN(C)C,0.6062492515044755
N(C(C)(C)C)C(=O)C(CCCCC)(CCCCC)N(C)CCN(C)C,0.5161467481880759
N(C(C)(C)C)C(=O)C(CCCCCC)(CCCCCC)N(C)CCN(C)C,0.5452958883309561
N(C(C)(C)C)C(=O)C(CCCCCCC)(CCCCCCC)N(C)CCN(C)C,0.566272646526897
N(C(C)(C)C)C(=O)C(CCCCCCCC)(CCCCCCCC)N(C)CCN(C)C,0.5818777165614613
N(C(C)(C)C)C(=O)C5(CCCCCCCCCCC5)N(C)CCN(C)C,0.269418702156239
N(C(C)(C)C)C(=O)C5(CCCCCCCCCCCCCC5)N(C)CCN(C)C,0.28811758807732707
N(CCCC)C(=O)C(CCCCCCC/C=C\CCCCCCCC)(CCCCCCC/C=C\CCCCCCCC)N(C)CCN(C)C,0.7509223486152368
N(CCCC)C(=O)C(CCCCCCCCC)(CCCCCCCCC)N(C)CCN(C)C,0.7138890790939074
N(CCCC)C(=O)C(CCCCCCCCCC)(CCCCCCCCCC)N(C)CCN(C)C,0.7189212064422175
N(CCCC)C(=O)C(CCCCC)(CCCCC)N(C)CCN(C)C,0.6673649126321941
N(CCCC)C(=O)C(CCCCCC)(CCCCCC)N(C)CCN(C)C,0.6872944838086148
N(CCCC)C(=O)C(CCCCCCC)(CCCCCCC)N(C)CCN(C)C,0.7000443450477539
N(CCCC)C(=O)C(CCCCCCCC)(CCCCCCCC)N(C)CCN(C)C,0.7081221868032971
N(CCCC)C(=O)C5(CCCCCCCCCCC5)N(C)CCN(C)C,0.4279503996037888
N(CCCC)C(=O)C5(CCCCCCCCCCCCCC5)N(C)CCN(C)C,0.4325220592108399
N(CCCCC)C(=O)C(CCCCCCC/C=C\CCCCCCCC)(CCCCCCC/C=C\CCCCCCCC)N(C)CCN(C)C,0.7538535102403073
N(CCCCC)C(=O)C(CCCCCCCCC)(CCCCCCCCC)N(C)CCN(C)C,0.7190513773590138
N(CCCCC)C(=O)C(CCCCCCCCCC)(CCCCCCCCCC)N(C)CCN(C)C,0.7236573612315341
N(CCCCC)C(=O)C(CCCCC)(CCCCC)N(C)CCN(C)C,0.6759214531834927
N(CCCCC)C(=O)C(CCCCCC)(CCCCCC)N(C)CCN(C)C,0.6945350035172467
N(CCCCC)C(=O)C(CCCCCCC)(CCCCCCC)N(C)CCN(C)C,0.7063566249751608
N(CCCCC)C(=O)C(CCCCCCCC)(CCCCCCCC)N(C)CCN(C)C,0.7137872939883467
N(CCCCC)C(=O)C5(CCCCCCCCCCC5)N(C)CCN(C)C,0.4425684391602174
N(CCCCC)C(=O)C5(CCCCCCCCCCCCCC5)N(C)CCN(C)C,0.4456208937130055
N(CC(=O)OC)C(=O)C(CCCCCCC/C=C\CCCCCCCC)(CCCCCCC/C=C\CCCCCCCC)N(C)CCN(C)C,0.7443535868494886
N(CC(=O)OC)C(=O)C(CCCCCCCCC)(CCCCCCCCC)N(C)CCN(C)C,0.7053594991248284
N(CC(=O)OC)C(=O)C(CCCCCCCCCC)(CCCCCCCCCC)N(C)CCN(C)C,0.710726020831022
N(CC(=O)OC)C(=O)C(CCCCC)(CCCCC)N(C)CCN(C)C,0.658783965033996
N(CC(=O)OC)C(=O)C(CCCCCC)(CCCCCC)N(C)CCN(C)C,0.6781283609302562
N(CC(=O)OC)C(=O)C(CCCCCCC)(CCCCCCC)N(C)CCN(C)C,0.6908563686578163
N(CC(=O)OC)C(=O)C(CCCCCCCC)(CCCCCCCC)N(C)CCN(C)C,0.69924639495241
N(CC(=O)OC)C(=O)C5(CCCCCCCCCCC5)N(C)CCN(C)C,0.42366031180421493
N(CC(=O)OC)C(=O)C5(CCCCCCCCCCCCCC5)N(C)CCN(C)C,0.42874858723730186
N(CC(=O)OCC)C(=O)C(CCCCCCC/C=C\CCCCCCCC)(CCCCCCC/C=C\CCCCCCCC)N(C)CCN(C)C,0.7440002488226005
N(CC(=O)OCC)C(=O)C(CCCCCCCCC)(CCCCCCCCC)N(C)CCN(C)C,0.705968843913719
N(CC(=O)OCC)C(=O)C(CCCCCCCCCC)(CCCCCCCCCC)N(C)CCN(C)C,0.7111572713774524
N(CC(=O)OCC)C(=O)C(CCCCC)(CCCCC)N(C)CCN(C)C,0.6612831634981282
N(CC(=O)OCC)C(=O)C(CCCCCC)(CCCCCC)N(C)CCN(C)C,0.679788099503953
N(CC(=O)OCC)C(=O)C(CCCCCCC)(CCCCCCC)N(C)CCN(C)C,0.692015792462348
N(CC(=O)OCC)C(=O)C(CCCCCCCC)(CCCCCCCC)N(C)CCN(C)C,0.7000812822330857
N(CC(=O)OCC)C(=O)C5(CCCCCCCCCCC5)N(C)CCN(C)C,0.43268034870843153
N(CC(=O)OCC)C(=O)C5(CCCCCCCCCCCCCC5)N(C)CCN(C)C,0.43690561828004765
N(CC(=O)OC(C)(C)C)C(=O)C(CCCCCCC/C=C\CCCCCCCC)(CCCCCCC/C=C\CCCCCCCC)N(C)CCN(C)C,0.6475656905261967
N(CC(=O)OC(C)(C)C)C(=O)C(CCCCCCCCC)(CCCCCCCCC)N(C)CCN(C)C,0.5710513206485249
N(CC(=O)OC(C)(C)C)C(=O)C(CCCCCCCCCC)(CCCCCCCCCC)N(C)CCN(C)C,0.5825852239988302
N(CC(=O)OC(C)(C)C)C(=O)C(CCCCC)(CCCCC)N(C)CCN(C)C,0.4970546178276512
N(CC(=O)OC(C)(C)C)C(=O)C(CCCCCC)(CCCCCC)N(C)CCN(C)C,0.5238409064155983
N(CC(=O)OC(C)(C)C)C(=O)C(CCCCCCC)(CCCCCCC)N(C)CCN(C)C,0.5436884675390556
N(CC(=O)OC(C)(C)C)C(=O)C(CCCCCCCC)(CCCCCCCC)N(C)CCN(C)C,0.5588071781719034
N(CC(=O)OC(C)(C)C)C(=O)C5(CCCCCCCCCCC5)N(C)CCN(C)C,0.3072156568919853
N(CC(=O)OC(C)(C)C)C(=O)C5(CCCCCCCCCCCCCC5)N(C)CCN(C)C,0.3209676025907417
N(C(C)C(=O)OC(C)(C)C)C(=O)C(CCCCCCC/C=C\CCCCCCCC)(CCCCCCC/C=C\CCCCCCCC)N(C)CCN(C)C,0.639033497637255
N(C(C)C(=O)OC(C)(C)C)C(=O)C(CCCCCCCCC)(CCCCCCCCC)N(C)CCN(C)C,0.5615964107407955
N(C(C)C(=O)OC(C)(C)C)C(=O)C(CCCCCCCCCC)(CCCCCCCCCC)N(C)CCN(C)C,0.572905721751993
N(C(C)C(=O)OC(C)(C)C)C(=O)C(CCCCC)(CCCCC)N(C)CCN(C)C,0.48661980358686613
N(C(C)C(=O)OC(C)(C)C)C(=O)C(CCCCCC)(CCCCCC)N(C)CCN(C)C,0.5140388938579258
N(C(C)C(=O)OC(C)(C)C)C(=O)C(CCCCCCC)(CCCCCCC)N(C)CCN(C)C,0.5338850297523671
N(C(C)C(=O)OC(C)(C)C)C(=O)C(CCCCCCCC)(CCCCCCCC)N(C)CCN(C)C,0.5491669884920914
N(C(C)C(=O)OC(C)(C)C)C(=O)C5(CCCCCCCCCCC5)N(C)CCN(C)C,0.30773648902052686
N(C(C)C(=O)OC(C)(C)C)C(=O)C5(CCCCCCCCCCCCCC5)N(C)CCN(C)C,0.32100516331376805
N(CCC(=O)OCC)C(=O)C(CCCCCCC/C=C\CCCCCCCC)(CCCCCCC/C=C\CCCCCCCC)N(C)CCN(C)C,0.7402543906612479
N(CCC(=O)OCC)C(=O)C(CCCCCCCCC)(CCCCCCCCC)N(C)CCN(C)C,0.7015032450992766
N(CCC(=O)OCC)C(=O)C(CCCCCCCCCC)(CCCCCCCCCC)N(C)CCN(C)C,0.7067903102878271
N(CCC(=O)OCC)C(=O)C(CCCCC)(CCCCC)N(C)CCN(C)C,0.6572251801822673
N(CCC(=O)OCC)C(=O)C(CCCCCC)(CCCCCC)N(C)CCN(C)C,0.6753842606135382
N(CCC(=O)OCC)C(=O)C(CCCCCCC)(CCCCCCC)N(C)CCN(C)C,0.6874846331131688
N(CCC(=O)OCC)C(=O)C(CCCCCCCC)(CCCCCCCC)N(C)CCN(C)C,0.6955271410660231
N(CCC(=O)OCC)C(=O)C5(CCCCCCCCCCC5)N(C)CCN(C)C,0.43771161498087774
N(CCC(=O)OCC)C(=O)C5(CCCCCCCCCCCCCC5)N(C)CCN(C)C,0.4413288759158058
N(CS(=O)(=O)c3ccc(C)cc3)C(=O)C(CCCCCCC/C=C\CCCCCCCC)(CCCCCCC/C=C\CCCCCCCC)N(C)CCN(C)C,0.5766810940308857
N(CS(=O)(=O)c3ccc(C)cc3)C(=O)C(CCCCCCCCC)(CCCCCCCCC)N(C)CCN(C)C,0.48449615296845505
N(CS(=O)(=O)c3ccc(C)cc3)C(=O)C(CCCCCCCCCC)(CCCCCCCCCC)N(C)CCN(C)C,0.4979668831669882
N(CS(=O)(=O)c3ccc(C)cc3)C(=O)C(CCCCC)(CCCCC)N(C)CCN(C)C,0.40504860239127327
N(CS(=O)(=O)c3ccc(C)cc3)C(=O)C(CCCCCC)(CCCCCC)N(C)CCN(C)C,0.4315208061348152
N(CS(=O)(=O)c3ccc(C)cc3)C(=O)C(CCCCCCC)(CCCCCCC)N(C)CCN(C)C,0.45267455995918304
N(CS(=O)(=O)c3ccc(C)cc3)C(=O)C(CCCCCCCC)(CCCCCCCC)N(C)CCN(C)C,0.469574836554326
N(CS(=O)(=O)c3ccc(C)cc3)C(=O)C5(CCCCCCCCCCC5)N(C)CCN(C)C,0.24796207231983144
N(CS(=O)(=O)c3ccc(C)cc3)C(=O)C5(CCCCCCCCCCCCCC5)N(C)CCN(C)C,0.2651419461864191
N(C3CCCCC3)C(=O)C(CCCCCCC/C=C\CCCCCCCC)(CCCCCCC/C=C\CCCCCCCC)NCCN(C)C,0.7056251855672313
N(C3CCCCC3)C(=O)C(CCCCCCCCC)(CCCCCCCCC)NCCN(C)C,0.6488485154096987
N(C3CCCCC3)C(=O)C(CCCCCCCCCC)(CCCCCCCCCC)NCCN(C)C,0.6568658443166034
N(C3CCCCC3)C(=O)C(CCCCC)(CCCCC)NCCN(C)C,0.5904506472464442
N(C3CCCCC3)C(=O)C(CCCCCC)(CCCCCC)NCCN(C)C,0.612720503851711
N(C3CCCCC3)C(=O)C(CCCCCCC)(CCCCCCC)NCCN(C)C,0.6284952355237239
N(C3CCCCC3)C(=O)C(CCCCCCCC)(CCCCCCCC)NCCN(C)C,0.6398333480379536
N(C3CCCCC3)C(=O)C5(CCCCCCCCCCC5)NCCN(C)C,0.3911654762385008
N(C3CCCCC3)C(=O)C5(CCCCCCCCCCCCCC5)NCCN(C)C,0.39994399620904447
N(C(C)(C)C)C(=O)C(CCCCCCC/C=C\CCCCCCCC)(CCCCCCC/C=C\CCCCCCCC)NCCN(C)C,0.6803307554518023
N(C(C)(C)C)C(=O)C(CCCCCCCCC)(CCCCCCCCC)NCCN(C)C,0.6080845901698543
N(C(C)(C)C)C(=O)C(CCCCCCCCCC)(CCCCCCCCCC)NCCN(C)C,0.6190027352006969
N(C(C)(C)C)C(=O)C(CCCCC)(CCCCC)NCCN(C)C,0.5339616951965205
N(C(C)(C)C)C(=O)C(CCCCCC)(CCCCCC)NCCN(C)C,0.5602987991062522
N(C(C)(C)C)C(=O)C(CCCCCCC)(CCCCCCC)NCCN(C)C,0.5799066248323067
N(C(C)(C)C)C(=O)C(CCCCCCCC)(CCCCCCCC)NCCN(C)C,0.5954460155630494
N(C(C)(C)C)C(=O)C5(CCCCCCCCCCC5)NCCN(C)C,0.2850907579545562
N(C(C)(C)C)C(=O)C5(CCCCCCCCCCCCCC5)NCCN(C)C,0.30316485910574686
N(CCCC)C(=O)C(CCCCCCC/C=C\CCCCCCCC)(CCCCCCC/C=C\CCCCCCCC)NCCN(C)C,0.7581731418496924
N(CCCC)C(=O)C(CCCCCCCCC)(CCCCCCCCC)NCCN(C)C,0.721063444422379
N(CCCC)C(=O)C(CCCCCCCCCC)(CCCCCCCCCC)NCCN(C)C,0.7258218090305287
N(CCCC)C(=O)C(CCCCC)(CCCCC)NCCN(C)C,0.6797577540028202
N(CCCC)C(=O)C(CCCCCC)(CCCCCC)NCCN(C)C,0.6967437521848225
N(CCCC)C(=O)C(CCCCCCC)(CCCCCCC)NCCN(C)C,0.7081567486069356
N(CCCC)C(=O)C(CCCCCCCC)(CCCCCCCC)NCCN(C)C,0.715582726241277
N(CCCC)C(=O)C5(CCCCCCCCCCC5)NCCN(C)C,0.44506351039865727
N(CCCC)C(=O)C5(CCCCCCCCCCCCCC5)NCCN(C)C,0.4484091761292202
N(CCCCC)C(=O)C(CCCCCCC/C=C\CCCCCCCC)(CCCCCCC/C=C\CCCCCCCC)NCCN(C)C,0.762307315533368
N(CCCCC)C(=O)C(CCCCCCCCC)(CCCCCCCCC)NCCN(C)C,0.7274304175132758
N(CCCCC)C(=O)C(CCCCCCCCCC)(CCCCCCCCCC)NCCN(C)C,0.7316890018131413
N(CCCCC)C(=O)C(CCCCC)(CCCCC)NCCN(C)C,0.6898430308274266
N(CCCCC)C(=O)C(CCCCCC)(CCCCCC)NCCN(C)C,0.7054356894926431
N(CCCCC)C(=O)C(CCCCCCC)(CCCCCCC)NCCN(C)C,0.7158471062237485
N(CCCCC)C(=O)C(CCCCCCCC)(CCCCCCCC)NCCN(C)C,0.722537131224943
N(CCCCC)C(=O)C5(CCCCCCCCCCC5)NCCN(C)C,0.4600847709975347
N(CCCCC)C(=O)C5(CCCCCCCCCCCCCC5)NCCN(C)C,0.4618490857502819
C1(C(=O)OC)N=CC(CCCCCCC/C=C\CCCCCCCC)(CCCCCCC/C=C\CCCCCCCC)N1(CCN(C)C),0.7976515105170875
C1(C(=O)OC)N=CC(CCCCCCCCC)(CCCCCCCCC)N1(CCN(C)C),0.7769573633581147
C1(C(=O)OC)N=CC(CCCCCCCCCC)(CCCCCCCCCC)N1(CCN(C)C),0.7795323364982651
C1(C(=O)OC)N=CC(CCCCC)(CCCCC)N1(CCN(C)C),0.7515144718868504
C1(C(=O)OC)N=CC(CCCCCC)(CCCCCC)N1(CCN(C)C),0.7621981667445579
C1(C(=O)OC)N=CC(CCCCCCC)(CCCCCCC)N1(CCN(C)C),0.7704955531531104
C1(C(=O)OC)N=CC(CCCCCCCC)(CCCCCCCC)N1(CCN(C)C),0.7743164733759733
C1(C(=O)OC)N=CC5(CCCCCCCCCCC5)N1(CCN(C)C),0.526157497412053
C1(C(=O)OC)N=CC5(CCCCCCCCCCCCCC5)N1(CCN(C)C),0.520781117871832
C1(C(=O)OCC)N=CC(CCCCCCC/C=C\CCCCCCCC)(CCCCCCC/C=C\CCCCCCCC)N1(CCN(C)C),0.7963461788920408
C1(C(=O)OCC)N=CC(CCCCCCCCC)(CCCCCCCCC)N1(CCN(C)C),0.7749191077115801
C1(C(=O)OCC)N=CC(CCCCCCCCCC)(CCCCCCCCCC)N1(CCN(C)C),0.7774499581367764
C1(C(=O)OCC)N=CC(CCCCC)(CCCCC)N1(CCN(C)C),0.7508269770402481
C1(C(=O)OCC)N=CC(CCCCCC)(CCCCCC)N1(CCN(C)C),0.7611312046724404
C1(C(=O)OCC)N=CC(CCCCCCC)(CCCCCCC)N1(CCN(C)C),0.7688816594460955
C1(C(=O)OCC)N=CC(CCCCCCCC)(CCCCCCCC)N1(CCN(C)C),0.7726788852365672
C1(C(=O)OCC)N=CC5(CCCCCCCCCCC5)N1(CCN(C)C),0.5332695683556161
C1(C(=O)OCC)N=CC5(CCCCCCCCCCCCCC5)N1(CCN(C)C),0.5274098580253376
C1(C(=O)OC(C)(C)C)N=CC(CCCCCCC/C=C\CCCCCCCC)(CCCCCCC/C=C\CCCCCCCC)N1(CCN(C)C),0.7049813383592446
C1(C(=O)OC(C)(C)C)N=CC(CCCCCCCCC)(CCCCCCCCC)N1(CCN(C)C),0.6494930752321935
C1(C(=O)OC(C)(C)C)N=CC(CCCCCCCCCC)(CCCCCCCCCC)N1(CCN(C)C),0.6576893297651509
C1(C(=O)OC(C)(C)C)N=CC(CCCCC)(CCCCC)N1(CCN(C)C),0.5925637274163198
C1(C(=O)OC(C)(C)C)N=CC(CCCCCC)(CCCCCC)N1(CCN(C)C),0.6122681124082096
C1(C(=O)OC(C)(C)C)N=CC(CCCCCCC)(CCCCCCC)N1(CCN(C)C),0.6283558600028657
C1(C(=O)OC(C)(C)C)N=CC(CCCCCCCC)(CCCCCCCC)N1(CCN(C)C),0.6401816977632856
C1(C(=O)OC(C)(C)C)N=CC5(CCCCCCCCCCC5)N1(CCN(C)C),0.40635758616567347
C1(C(=O)OC(C)(C)C)N=CC5(CCCCCCCCCCCCCC5)N1(CCN(C)C),0.41347713956157073
C1(C)(C(=O)OC(C)(C)C)N=CC(CCCCCCC/C=C\CCCCCCCC)(CCCCCCC/C=C\CCCCCCCC)N1(CCN(C)C),0.6812986047227642
C1(C)(C(=O)OC(C)(C)C)N=CC(CCCCCCCCC)(CCCCCCCCC)N1(CCN(C)C),0.6173770833542999
C1(C)(C(=O)OC(C)(C)C)N=CC(CCCCCCCCCC)(CCCCCCCCCC)N1(CCN(C)C),0.6268746313634254
C1(C)(C(=O)OC(C)(C)C)N=CC(CCCCC)(CCCCC)N1(CCN(C)C),0.5545474061811911
C1(C)(C(=O)OC(C)(C)C)N=CC(CCCCCC)(CCCCCC)N1(CCN(C)C),0.5767076983058514
C1(C)(C(=O)OC(C)(C)C)N=CC(CCCCCCC)(CCCCCCC)N1(CCN(C)C),0.5936920931052106
C1(C)(C(=O)OC(C)(C)C)N=CC(CCCCCCCC)(CCCCCCCC)N1(CCN(C)C),0.6067328792172446
C1(C)(C(=O)OC(C)(C)C)N=CC5(CCCCCCCCCCC5)N1(CCN(C)C),0.37438070257819767
C1(C)(C(=O)OC(C)(C)C)N=CC5(CCCCCCCCCCCCCC5)N1(CCN(C)C),0.38401786364635065
C1(CC(=O)OCC)N=CC(CCCCCCC/C=C\CCCCCCCC)(CCCCCCC/C=C\CCCCCCCC)N1(CCN(C)C),0.7783080053889623
C1(CC(=O)OCC)N=CC(CCCCCCCCC)(CCCCCCCCC)N1(CCN(C)C),0.7506151523777422
C1(CC(=O)OCC)N=CC(CCCCCCCCCC)(CCCCCCCCCC)N1(CCN(C)C),0.7535030820559936
C1(CC(=O)OCC)N=CC(CCCCC)(CCCCC)N1(CCN(C)C),0.7215229620109606
C1(CC(=O)OCC)N=CC(CCCCCC)(CCCCCC)N1(CCN(C)C),0.7334703005449961
C1(CC(=O)OCC)N=CC(CCCCCCC)(CCCCCCC)N1(CCN(C)C),0.7423175878155627
C1(CC(=O)OCC)N=CC(CCCCCCCC)(CCCCCCCC)N1(CCN(C)C),0.747295022000383
C1(CC(=O)OCC)N=CC5(CCCCCCCCCCC5)N1(CCN(C)C),0.5088312851870184
C1(CC(=O)OCC)N=CC5(CCCCCCCCCCCCCC5)N1(CCN(C)C),0.5055008812838354
N(CS(=O)(=O)c3ccc(C)cc3)C(=O)C(CCCCCCC/C=C\CCCCCCCC)(CCCCCCC/C=C\CCCCCCCC)NCCN(C)C,0.5787101450733585
N(CS(=O)(=O)c3ccc(C)cc3)C(=O)C(CCCCCCCCC)(CCCCCCCCC)NCCN(C)C,0.48445488071153286
N(CS(=O)(=O)c3ccc(C)cc3)C(=O)C(CCCCCCCCCC)(CCCCCCCCCC)NCCN(C)C,0.49832259657556965
N(CS(=O)(=O)c3ccc(C)cc3)C(=O)C(CCCCC)(CCCCC)NCCN(C)C,0.405224143098413
N(CS(=O)(=O)c3ccc(C)cc3)C(=O)C(CCCCCC)(CCCCCC)NCCN(C)C,0.43085843094962023
N(CS(=O)(=O)c3ccc(C)cc3)C(=O)C(CCCCCCC)(CCCCCCC)NCCN(C)C,0.4518329919174948
N(CS(=O)(=O)c3ccc(C)cc3)C(=O)C(CCCCCCCC)(CCCCCCCC)NCCN(C)C,0.4690696522526895
N(CS(=O)(=O)c3ccc(C)cc3)C(=O)C5(CCCCCCCCCCC5)NCCN(C)C,0.25594809072679053
N(CS(=O)(=O)c3ccc(C)cc3)C(=O)C5(CCCCCCCCCCCCCC5)NCCN(C)C,0.272580097651939
N(C3CCCCC3)C(=O)C(CCCCCCC/C=C\CCCCCCCC)(CCCCCCC/C=C\CCCCCCCC)N(C)CCCN(C)C,0.7015703496321142
N(C3CCCCC3)C(=O)C(CCCCCCCCC)(CCCCCCCCC)N(C)CCCN(C)C,0.64645193343472
N(C3CCCCC3)C(=O)C(CCCCCCCCCC)(CCCCCCCCCC)N(C)CCCN(C)C,0.6540970400302744
N(C3CCCCC3)C(=O)C(CCCCC)(CCCCC)N(C)CCCN(C)C,0.5874363472621058
N(C3CCCCC3)C(=O)C(CCCCCC)(CCCCCC)N(C)CCCN(C)C,0.6107023795650277
N(C3CCCCC3)C(=O)C(CCCCCCC)(CCCCCCC)N(C)CCCN(C)C,0.6267097798739057
N(C3CCCCC3)C(=O)C(CCCCCCCC)(CCCCCCCC)N(C)CCCN(C)C,0.6378260911225174
N(C3CCCCC3)C(=O)C5(CCCCCCCCCCC5)N(C)CCCN(C)C,0.39101591626863225
N(C3CCCCC3)C(=O)C5(CCCCCCCCCCCCCC5)N(C)CCCN(C)C,0.39902801933581156
N(C(C)(C)C)C(=O)C(CCCCCCC/C=C\CCCCCCCC)(CCCCCCC/C=C\CCCCCCCC)N(C)CCCN(C)C,0.6700135226048388
N(C(C)(C)C)C(=O)C(CCCCCCCCC)(CCCCCCCCC)N(C)CCCN(C)C,0.5977542927235773
N(C(C)(C)C)C(=O)C(CCCCCCCCCC)(CCCCCCCCCC)N(C)CCCN(C)C,0.6087865154602438
N(C(C)(C)C)C(=O)C(CCCCC)(CCCCC)N(C)CCCN(C)C,0.5228588642390187
N(C(C)(C)C)C(=O)C(CCCCCC)(CCCCCC)N(C)CCCN(C)C,0.5504818810284539
N(C(C)(C)C)C(=O)C(CCCCCCC)(CCCCCCC)N(C)CCCN(C)C,0.5704098488222316
N(C(C)(C)C)C(=O)C(CCCCCCCC)(CCCCCCCC)N(C)CCCN(C)C,0.5852688708514522
N(C(C)(C)C)C(=O)C5(CCCCCCCCCCC5)N(C)CCCN(C)C,0.28362942313679773
N(C(C)(C)C)C(=O)C5(CCCCCCCCCCCCCC5)N(C)CCCN(C)C,0.30071551396490426
N(CCCC)C(=O)C(CCCCCCC/C=C\CCCCCCCC)(CCCCCCC/C=C\CCCCCCCC)N(C)CCCN(C)C,0.7495999736265402
N(CCCC)C(=O)C(CCCCCCCCC)(CCCCCCCCC)N(C)CCCN(C)C,0.7131522950771677
N(CCCC)C(=O)C(CCCCCCCCCC)(CCCCCCCCCC)N(C)CCCN(C)C,0.7180847157788988
N(CCCC)C(=O)C(CCCCC)(CCCCC)N(C)CCCN(C)C,0.6684032513549064
N(CCCC)C(=O)C(CCCCCC)(CCCCCC)N(C)CCCN(C)C,0.6873517898919673
N(CCCC)C(=O)C(CCCCCCC)(CCCCCCC)N(C)CCCN(C)C,0.6996709944300992
N(CCCC)C(=O)C(CCCCCCCC)(CCCCCCCC)N(C)CCCN(C)C,0.707519493083148
N(CCCC)C(=O)C5(CCCCCCCCCCC5)N(C)CCCN(C)C,0.43953326550924854
N(CCCC)C(=O)C5(CCCCCCCCCCCCCC5)N(C)CCCN(C)C,0.44284659635651047
N(CCCCC)C(=O)C(CCCCCCC/C=C\CCCCCCCC)(CCCCCCC/C=C\CCCCCCCC)N(C)CCCN(C)C,0.7524780454707641
N(CCCCC)C(=O)C(CCCCCCCCC)(CCCCCCCCC)N(C)CCCN(C)C,0.7181622719911872
N(CCCCC)C(=O)C(CCCCCCCCCC)(CCCCCCCCCC)N(C)CCCN(C)C,0.7226705089070254
N(CCCCC)C(=O)C(CCCCC)(CCCCC)N(C)CCCN(C)C,0.6765340641222117
N(CCCCC)C(=O)C(CCCCCC)(CCCCCC)N(C)CCCN(C)C,0.6943405191411024
N(CCCCC)C(=O)C(CCCCCCC)(CCCCCCC)N(C)CCCN(C)C,0.7057918185930209
N(CCCCC)C(=O)C(CCCCCCCC)(CCCCCCCC)N(C)CCCN(C)C,0.7130302598426711
N(CCCCC)C(=O)C5(CCCCCCCCCCC5)N(C)CCCN(C)C,0.45314794383839957
N(CCCCC)C(=O)C5(CCCCCCCCCCCCCC5)N(C)CCCN(C)C,0.45522649189690784
N(CC(=O)OC)C(=O)C(CCCCCCC/C=C\CCCCCCCC)(CCCCCCC/C=C\CCCCCCCC)N(C)CCCN(C)C,0.7432241522388356
N(CC(=O)OC)C(=O)C(CCCCCCCCC)(CCCCCCCCC)N(C)CCCN(C)C,0.7049245667367732
N(CC(=O)OC)C(=O)C(CCCCCCCCCC)(CCCCCCCCCC)N(C)CCCN(C)C,0.7101485061568225
N(CC(=O)OC)C(=O)C(CCCCC)(CCCCC)N(C)CCCN(C)C,0.6601750479381732
N(CC(=O)OC)C(=O)C(CCCCCC)(CCCCCC)N(C)CCCN(C)C,0.6787563524654397
N(CC(=O)OC)C(=O)C(CCCCCCC)(CCCCCCC)N(C)CCCN(C)C,0.6909330341019697
N(CC(=O)OC)C(=O)C(CCCCCCCC)(CCCCCCCC)N(C)CCCN(C)C,0.6989917540348813
N(CC(=O)OC)C(=O)C5(CCCCCCCCCCC5)N(C)CCCN(C)C,0.43508560082659103
N(CC(=O)OC)C(=O)C5(CCCCCCCCCCCCCC5)N(C)CCCN(C)C,0.43903698888896214
N(CC(=O)OCC)C(=O)C(CCCCCCC/C=C\CCCCCCCC)(CCCCCCC/C=C\CCCCCCCC)N(C)CCCN(C)C,0.7428993781768103
N(CC(=O)OCC)C(=O)C(CCCCCCCCC)(CCCCCCCCC)N(C)CCCN(C)C,0.7055195404664188
N(CC(=O)OCC)C(=O)C(CCCCCCCCCC)(CCCCCCCCCC)N(C)CCCN(C)C,0.7105744714789852
N(CC(=O)OCC)C(=O)C(CCCCC)(CCCCC)N(C)CCCN(C)C,0.6625352271887011
N(CC(=O)OCC)C(=O)C(CCCCCC)(CCCCCC)N(C)CCCN(C)C,0.6803399600558642
N(CC(=O)OCC)C(=O)C(CCCCCCC)(CCCCCCC)N(C)CCCN(C)C,0.6920784431545105
N(CC(=O)OCC)C(=O)C(CCCCCCCC)(CCCCCCCC)N(C)CCCN(C)C,0.6997976022743555
N(CC(=O)OCC)C(=O)C5(CCCCCCCCCCC5)N(C)CCCN(C)C,0.44363908307395955
N(CC(=O)OCC)C(=O)C5(CCCCCCCCCCCCCC5)N(C)CCCN(C)C,0.44669516008383003
N(CC(=O)OC(C)(C)C)C(=O)C(CCCCCCC/C=C\CCCCCCCC)(CCCCCCC/C=C\CCCCCCCC)N(C)CCCN(C)C,0.6483976085797556
N(CC(=O)OC(C)(C)C)C(=O)C(CCCCCCCCC)(CCCCCCCCC)N(C)CCCN(C)C,0.5741515500656208
N(CC(=O)OC(C)(C)C)C(=O)C(CCCCCCCCCC)(CCCCCCCCCC)N(C)CCCN(C)C,0.58526067578461
N(CC(=O)OC(C)(C)C)C(=O)C(CCCCC)(CCCCC)N(C)CCCN(C)C,0.503377349434509
N(CC(=O)OC(C)(C)C)C(=O)C(CCCCCC)(CCCCCC)N(C)CCCN(C)C,0.528843638415453
N(CC(=O)OC(C)(C)C)C(=O)C(CCCCCCC)(CCCCCCC)N(C)CCCN(C)C,0.5477952649487152
N(CC(=O)OC(C)(C)C)C(=O)C(CCCCCCCC)(CCCCCCCC)N(C)CCCN(C)C,0.5622630022284961
N(CC(=O)OC(C)(C)C)C(=O)C5(CCCCCCCCCCC5)N(C)CCCN(C)C,0.31918657108932746
N(CC(=O)OC(C)(C)C)C(=O)C5(CCCCCCCCCCCCCC5)N(C)CCCN(C)C,0.33181285309586916
N(C(C)C(=O)OC(C)(C)C)C(=O)C(CCCCCCC/C=C\CCCCCCCC)(CCCCCCC/C=C\CCCCCCCC)N(C)CCCN(C)C,0.6400761120470154
N(C(C)C(=O)OC(C)(C)C)C(=O)C(CCCCCCCCC)(CCCCCCCCC)N(C)CCCN(C)C,0.5647915366565412
N(C(C)C(=O)OC(C)(C)C)C(=O)C(CCCCCCCCCC)(CCCCCCCCCC)N(C)CCCN(C)C,0.5758341516881162
N(C(C)C(=O)OC(C)(C)C)C(=O)C(CCCCC)(CCCCC)N(C)CCCN(C)C,0.49315085616823207
N(C(C)C(=O)OC(C)(C)C)C(=O)C(CCCCCC)(CCCCCC)N(C)CCCN(C)C,0.5192847461740964
N(C(C)C(=O)OC(C)(C)C)C(=O)C(CCCCCCC)(CCCCCCC)N(C)CCCN(C)C,0.5382586419107339
N(C(C)C(=O)OC(C)(C)C)C(=O)C(CCCCCCCC)(CCCCCCCC)N(C)CCCN(C)C,0.5528707430129292
N(C(C)C(=O)OC(C)(C)C)C(=O)C5(CCCCCCCCCCC5)N(C)CCCN(C)C,0.31957366922853253
N(C(C)C(=O)OC(C)(C)C)C(=O)C5(CCCCCCCCCCCCCC5)N(C)CCCN(C)C,0.33169467785662426
N(CCC(=O)OCC)C(=O)C(CCCCCCC/C=C\CCCCCCCC)(CCCCCCC/C=C\CCCCCCCC)N(C)CCCN(C)C,0.7392080350253204
N(CCC(=O)OCC)C(=O)C(CCCCCCCCC)(CCCCCCCCC)N(C)CCCN(C)C,0.7011611307508896
N(CCC(=O)OCC)C(=O)C(CCCCCCCCCC)(CCCCCCCCCC)N(C)CCCN(C)C,0.7063299019311106
N(CCC(=O)OCC)C(=O)C(CCCCC)(CCCCC)N(C)CCCN(C)C,0.6585050952231949
N(CCC(=O)OCC)C(=O)C(CCCCCC)(CCCCCC)N(C)CCCN(C)C,0.6759955650923257
N(CCC(=O)OCC)C(=O)C(CCCCCCC)(CCCCCCC)N(C)CCCN(C)C,0.6876520381380087
N(CCC(=O)OCC)C(=O)C(CCCCCCCC)(CCCCCCCC)N(C)CCCN(C)C,0.6953340225343525
N(CCC(=O)OCC)C(=O)C5(CCCCCCCCCCC5)N(C)CCCN(C)C,0.44827276983547865
N(CCC(=O)OCC)C(=O)C5(CCCCCCCCCCCCCC5)N(C)CCCN(C)C,0.4507770159857092
N(CS(=O)(=O)c3ccc(C)cc3)C(=O)C(CCCCCCC/C=C\CCCCCCCC)(CCCCCCC/C=C\CCCCCCCC)N(C)CCCN(C)C,0.5787100856888161
N(CS(=O)(=O)c3ccc(C)cc3)C(=O)C(CCCCCCCCC)(CCCCCCCCC)N(C)CCCN(C)C,0.4889016546260553
N(CS(=O)(=O)c3ccc(C)cc3)C(=O)C(CCCCCCCCCC)(CCCCCCCCCC)N(C)CCCN(C)C,0.5020177403377689
N(CS(=O)(=O)c3ccc(C)cc3)C(=O)C(CCCCC)(CCCCC)N(C)CCCN(C)C,0.4125603906892875
N(CS(=O)(=O)c3ccc(C)cc3)C(=O)C(CCCCCC)(CCCCCC)N(C)CCCN(C)C,0.4376335539999795
N(CS(=O)(=O)c3ccc(C)cc3)C(=O)C(CCCCCCC)(CCCCCCC)N(C)CCCN(C)C,0.45791723520233873
N(CS(=O)(=O)c3ccc(C)cc3)C(=O)C(CCCCCCCC)(CCCCCCCC)N(C)CCCN(C)C,0.47454033444613714
N(CS(=O)(=O)c3ccc(C)cc3)C(=O)C5(CCCCCCCCCCC5)N(C)CCCN(C)C,0.26134258255242343
N(CS(=O)(=O)c3ccc(C)cc3)C(=O)C5(CCCCCCCCCCCCCC5)N(C)CCCN(C)C,0.27664520711288
N(C3CCCCC3)C(=O)C(CCCCCCC/C=C\CCCCCCCC)(CCCCCCC/C=C\CCCCCCCC)N(CC)CCN(C)C,0.7016185698804895
N(C3CCCCC3)C(=O)C(CCCCCCCCC)(CCCCCCCCC)N(CC)CCN(C)C,0.6465255702672144
N(C3CCCCC3)C(=O)C(CCCCCCCCCC)(CCCCCCCCCC)N(CC)CCN(C)C,0.654220500493787
N(C3CCCCC3)C(=O)C(CCCCC)(CCCCC)N(CC)CCN(C)C,0.5902898339058034
N(C3CCCCC3)C(=O)C(CCCCCC)(CCCCCC)N(CC)CCN(C)C,0.6112036444868701
N(C3CCCCC3)C(=O)C(CCCCCCC)(CCCCCCC)N(CC)CCN(C)C,0.6268011133000156
N(C3CCCCC3)C(=O)C(CCCCCCCC)(CCCCCCCC)N(CC)CCN(C)C,0.6379043005647714
N(C3CCCCC3)C(=O)C5(CCCCCCCCCCC5)N(CC)CCN(C)C,0.39092428591981065
N(C3CCCCC3)C(=O)C5(CCCCCCCCCCCCCC5)N(CC)CCN(C)C,0.39899645645156095
N(C(C)(C)C)C(=O)C(CCCCCCC/C=C\CCCCCCCC)(CCCCCCC/C=C\CCCCCCCC)N(CC)CCN(C)C,0.6740313619700818
N(C(C)(C)C)C(=O)C(CCCCCCCCC)(CCCCCCCCC)N(CC)CCN(C)C,0.6035961876911556
N(C(C)(C)C)C(=O)C(CCCCCCCCCC)(CCCCCCCCCC)N(CC)CCN(C)C,0.6143037551348813
N(C(C)(C)C)C(=O)C(CCCCC)(CCCCC)N(CC)CCN(C)C,0.5331109522430416
N(C(C)(C)C)C(=O)C(CCCCCC)(CCCCCC)N(CC)CCN(C)C,0.557768661295564
N(C(C)(C)C)C(=O)C(CCCCCCC)(CCCCCCC)N(CC)CCN(C)C,0.576660190671984
N(C(C)(C)C)C(=O)C(CCCCCCCC)(CCCCCCCC)N(CC)CCN(C)C,0.5914668949194083
N(C(C)(C)C)C(=O)C5(CCCCCCCCCCC5)N(CC)CCN(C)C,0.28965552895469654
N(C(C)(C)C)C(=O)C5(CCCCCCCCCCCCCC5)N(CC)CCN(C)C,0.30580554124199005
N(CCCC)C(=O)C(CCCCCCC/C=C\CCCCCCCC)(CCCCCCC/C=C\CCCCCCCC)N(CC)CCN(C)C,0.749606862233451
N(CCCC)C(=O)C(CCCCCCCCC)(CCCCCCCCC)N(CC)CCN(C)C,0.7128877369410692
N(CCCC)C(=O)C(CCCCCCCCCC)(CCCCCCCCCC)N(CC)CCN(C)C,0.7178361914692304
N(CCCC)C(=O)C(CCCCC)(CCCCC)N(CC)CCN(C)C,0.6710796532933636
N(CCCC)C(=O)C(CCCCCC)(CCCCCC)N(CC)CCN(C)C,0.6876183077179628
N(CCCC)C(=O)C(CCCCCCC)(CCCCCCC)N(CC)CCN(C)C,0.6993712212603964
N(CCCC)C(=O)C(CCCCCCCC)(CCCCCCCC)N(CC)CCN(C)C,0.7072386635824498
N(CCCC)C(=O)C5(CCCCCCCCCCC5)N(CC)CCN(C)C,0.4384856034133897
N(CCCC)C(=O)C5(CCCCCCCCCCCCCC5)N(CC)CCN(C)C,0.4420180632218646
N(CCCCC)C(=O)C(CCCCCCC/C=C\CCCCCCCC)(CCCCCCC/C=C\CCCCCCCC)N(CC)CCN(C)C,0.752523534030192
N(CCCCC)C(=O)C(CCCCCCCCC)(CCCCCCCCC)N(CC)CCN(C)C,0.7179562076292877
N(CCCCC)C(=O)C(CCCCCCCCCC)(CCCCCCCCCC)N(CC)CCN(C)C,0.7224970466588674
N(CCCCC)C(=O)C(CCCCC)(CCCCC)N(CC)CCN(C)C,0.6791202609408633
N(CCCCC)C(=O)C(CCCCCC)(CCCCCC)N(CC)CCN(C)C,0.694626040020645
N(CCCCC)C(=O)C(CCCCCCC)(CCCCCCC)N(CC)CCN(C)C,0.7055299327613274
N(CCCCC)C(=O)C(CCCCCCCC)(CCCCCCCC)N(CC)CCN(C)C,0.7127855361437121
N(CCCCC)C(=O)C5(CCCCCCCCCCC5)N(CC)CCN(C)C,0.4520334444401437
N(CCCCC)C(=O)C5(CCCCCCCCCCCCCC5)N(CC)CCN(C)C,0.4543159190170274
N(CC(=O)OC)C(=O)C(CCCCCCC/C=C\CCCCCCCC)(CCCCCCC/C=C\CCCCCCCC)N(CC)CCN(C)C,0.7432898909271995
N(CC(=O)OC)C(=O)C(CCCCCCCCC)(CCCCCCCCC)N(CC)CCN(C)C,0.7048666668079974
N(CC(=O)OC)C(=O)C(CCCCCCCCCC)(CCCCCCCCCC)N(CC)CCN(C)C,0.7101147163522343
N(CC(=O)OC)C(=O)C(CCCCC)(CCCCC)N(CC)CCN(C)C,0.6629799580262414
N(CC(=O)OC)C(=O)C(CCCCCC)(CCCCCC)N(CC)CCN(C)C,0.6791249523197077
N(CC(=O)OC)C(=O)C(CCCCCCC)(CCCCCCC)N(CC)CCN(C)C,0.6907664010761801
N(CC(=O)OC)C(=O)C(CCCCCCCC)(CCCCCCCC)N(CC)CCN(C)C,0.6989077842920208
N(CC(=O)OC)C(=O)C5(CCCCCCCCCCC5)N(CC)CCN(C)C,0.43639134814343405
N(CC(=O)OC)C(=O)C5(CCCCCCCCCCCCCC5)N(CC)CCN(C)C,0.4403958853711942
N(CC(=O)OCC)C(=O)C(CCCCCCC/C=C\CCCCCCCC)(CCCCCCC/C=C\CCCCCCCC)N(CC)CCN(C)C,0.7429326335205174
N(CC(=O)OCC)C(=O)C(CCCCCCCCC)(CCCCCCCCC)N(CC)CCN(C)C,0.7054254753513616
N(CC(=O)OCC)C(=O)C(CCCCCCCCCC)(CCCCCCCCCC)N(CC)CCN(C)C,0.7105061198707586
N(CC(=O)OCC)C(=O)C(CCCCC)(CCCCC)N(CC)CCN(C)C,0.6651809867033138
N(CC(=O)OCC)C(=O)C(CCCCCC)(CCCCCC)N(CC)CCN(C)C,0.6806412178391252
N(CC(=O)OCC)C(=O)C(CCCCCCC)(CCCCCCC)N(CC)CCN(C)C,0.6918388859107346
N(CC(=O)OCC)C(=O)C(CCCCCCCC)(CCCCCCCC)N(CC)CCN(C)C,0.6996777642679253
N(CC(=O)OCC)C(=O)C5(CCCCCCCCCCC5)N(CC)CCN(C)C,0.4451743516469239
N(CC(=O)OCC)C(=O)C5(CCCCCCCCCCCCCC5)N(CC)CCN(C)C,0.4481333349300781
N(CC(=O)OC(C)(C)C)C(=O)C(CCCCCCC/C=C\CCCCCCCC)(CCCCCCC/C=C\CCCCCCCC)N(CC)CCN(C)C,0.6484860321632911
N(CC(=O)OC(C)(C)C)C(=O)C(CCCCCCCCC)(CCCCCCCCC)N(CC)CCN(C)C,0.5741713845027604
N(CC(=O)OC(C)(C)C)C(=O)C(CCCCCCCCCC)(CCCCCCCCCC)N(CC)CCN(C)C,0.5852795006845299
N(CC(=O)OC(C)(C)C)C(=O)C(CCCCC)(CCCCC)N(CC)CCN(C)C,0.5058500623927601
N(CC(=O)OC(C)(C)C)C(=O)C(CCCCCC)(CCCCCC)N(CC)CCN(C)C,0.5292374767002129
N(CC(=O)OC(C)(C)C)C(=O)C(CCCCCCC)(CCCCCCC)N(CC)CCN(C)C,0.5476996558355572
N(CC(=O)OC(C)(C)C)C(=O)C(CCCCCCCC)(CCCCCCCC)N(CC)CCN(C)C,0.5621708374187936
N(CC(=O)OC(C)(C)C)C(=O)C5(CCCCCCCCCCC5)N(CC)CCN(C)C,0.3203530319621257
N(CC(=O)OC(C)(C)C)C(=O)C5(CCCCCCCCCCCCCC5)N(CC)CCN(C)C,0.33276930053470277
N(C(C)C(=O)OC(C)(C)C)C(=O)C(CCCCCCC/C=C\CCCCCCCC)(CCCCCCC/C=C\CCCCCCCC)N(CC)CCN(C)C,0.6405706071310318
N(C(C)C(=O)OC(C)(C)C)C(=O)C(CCCCCCCCC)(CCCCCCCCC)N(CC)CCN(C)C,0.5652698197605004
N(C(C)C(=O)OC(C)(C)C)C(=O)C(CCCCCCCCCC)(CCCCCCCCCC)N(CC)CCN(C)C,0.5764004426838146
N(C(C)C(=O)OC(C)(C)C)C(=O)C(CCCCC)(CCCCC)N(CC)CCN(C)C,0.49656335920119204
N(C(C)C(=O)OC(C)(C)C)C(=O)C(CCCCCC)(CCCCCC)N(CC)CCN(C)C,0.5203292015046692
N(C(C)C(=O)OC(C)(C)C)C(=O)C(CCCCCCC)(CCCCCCC)N(CC)CCN(C)C,0.538781166498732
N(C(C)C(=O)OC(C)(C)C)C(=O)C(CCCCCCCC)(CCCCCCCC)N(CC)CCN(C)C,0.5533749771618883
N(C(C)C(=O)OC(C)(C)C)C(=O)C5(CCCCCCCCCCC5)N(CC)CCN(C)C,0.3192799235898767
N(C(C)C(=O)OC(C)(C)C)C(=O)C5(CCCCCCCCCCCCCC5)N(CC)CCN(C)C,0.3313016412631858
N(CCC(=O)OCC)C(=O)C(CCCCCCC/C=C\CCCCCCCC)(CCCCCCC/C=C\CCCCCCCC)N(CC)CCN(C)C,0.7393916520302175
N(CCC(=O)OCC)C(=O)C(CCCCCCCCC)(CCCCCCCCC)N(CC)CCN(C)C,0.7012640441627547
N(CCC(=O)OCC)C(=O)C(CCCCCCCCCC)(CCCCCCCCCC)N(CC)CCN(C)C,0.7064279458105042
N(CCC(=O)OCC)C(=O)C(CCCCC)(CCCCC)N(CC)CCN(C)C,0.6613319182073845
N(CCC(=O)OCC)C(=O)C(CCCCCC)(CCCCCC)N(CC)CCN(C)C,0.6765416653436305
N(CCC(=O)OCC)C(=O)C(CCCCCCC)(CCCCCCC)N(CC)CCN(C)C,0.6876482375272993
N(CCC(=O)OCC)C(=O)C(CCCCCCCC)(CCCCCCCC)N(CC)CCN(C)C,0.6954437057840437
N(CCC(=O)OCC)C(=O)C5(CCCCCCCCCCC5)N(CC)CCN(C)C,0.4486237918652157
N(CCC(=O)OCC)C(=O)C5(CCCCCCCCCCCCCC5)N(CC)CCN(C)C,0.4511611745900687
N(CS(=O)(=O)c3ccc(C)cc3)C(=O)C(CCCCCCC/C=C\CCCCCCCC)(CCCCCCC/C=C\CCCCCCCC)N(CC)CCN(C)C,0.578624393794228
N(CS(=O)(=O)c3ccc(C)cc3)C(=O)C(CCCCCCCCC)(CCCCCCCCC)N(CC)CCN(C)C,0.4887511148112383
N(CS(=O)(=O)c3ccc(C)cc3)C(=O)C(CCCCCCCCCC)(CCCCCCCCCC)N(CC)CCN(C)C,0.5018461783949656
N(CS(=O)(=O)c3ccc(C)cc3)C(=O)C(CCCCC)(CCCCC)N(CC)CCN(C)C,0.4139534332833617
N(CS(=O)(=O)c3ccc(C)cc3)C(=O)C(CCCCCC)(CCCCCC)N(CC)CCN(C)C,0.4377158312833834
N(CS(=O)(=O)c3ccc(C)cc3)C(=O)C(CCCCCCC)(CCCCCCC)N(CC)CCN(C)C,0.457593292523906
N(CS(=O)(=O)c3ccc(C)cc3)C(=O)C(CCCCCCCC)(CCCCCCCC)N(CC)CCN(C)C,0.47437102911594253
N(CS(=O)(=O)c3ccc(C)cc3)C(=O)C5(CCCCCCCCCCC5)N(CC)CCN(C)C,0.26144650550150816
N(CS(=O)(=O)c3ccc(C)cc3)C(=O)C5(CCCCCCCCCCCCCC5)N(CC)CCN(C)C,0.2767266233204201
N(C3CCCCC3)C(=O)C(CCCCCCC/C=C\CCCCCCCC)(CCCCCCC/C=C\CCCCCCCC)N3CCN(C)CC3,0.7015419044363361
N(C3CCCCC3)C(=O)C(CCCCCCCCC)(CCCCCCCCC)N3CCN(C)CC3,0.6460709815956465
N(C3CCCCC3)C(=O)C(CCCCCCCCCC)(CCCCCCCCCC)N3CCN(C)CC3,0.6540093884457892
N(C3CCCCC3)C(=O)C(CCCCC)(CCCCC)N3CCN(C)CC3,0.5861945570973567
N(C3CCCCC3)C(=O)C(CCCCCC)(CCCCCC)N3CCN(C)CC3,0.6085806886365136
N(C3CCCCC3)C(=O)C(CCCCCCC)(CCCCCCC)N3CCN(C)CC3,0.6254287365266737
N(C3CCCCC3)C(=O)C(CCCCCCCC)(CCCCCCCC)N3CCN(C)CC3,0.6370983929407549
N(C3CCCCC3)C(=O)C5(CCCCCCCCCCC5)N3CCN(C)CC3,0.38020766233337894
N(C3CCCCC3)C(=O)C5(CCCCCCCCCCCCCC5)N3CCN(C)CC3,0.389591578020748
N(C(C)(C)C)C(=O)C(CCCCCCC/C=C\CCCCCCCC)(CCCCCCC/C=C\CCCCCCCC)N3CCN(C)CC3,0.6682347774083045
N(C(C)(C)C)C(=O)C(CCCCCCCCC)(CCCCCCCCC)N3CCN(C)CC3,0.5936988035584945
N(C(C)(C)C)C(=O)C(CCCCCCCCCC)(CCCCCCCCCC)N3CCN(C)CC3,0.6053597304448525
N(C(C)(C)C)C(=O)C(CCCCC)(CCCCC)N3CCN(C)CC3,0.5162782255648037
N(C(C)(C)C)C(=O)C(CCCCCC)(CCCCCC)N3CCN(C)CC3,0.5441861100038157
N(C(C)(C)C)C(=O)C(CCCCCCC)(CCCCCCC)N3CCN(C)CC3,0.5654339586355119
N(C(C)(C)C)C(=O)C(CCCCCCCC)(CCCCCCCC)N3CCN(C)CC3,0.5810610009507399
N(C(C)(C)C)C(=O)C5(CCCCCCCCCCC5)N3CCN(C)CC3,0.27997222609715
N(C(C)(C)C)C(=O)C5(CCCCCCCCCCCCCC5)N3CCN(C)CC3,0.29698144363520496
N(CCCC)C(=O)C(CCCCCCC/C=C\CCCCCCCC)(CCCCCCC/C=C\CCCCCCCC)N3CCN(C)CC3,0.7515784290389442
N(CCCC)C(=O)C(CCCCCCCCC)(CCCCCCCCC)N3CCN(C)CC3,0.7129357196512751
N(CCCC)C(=O)C(CCCCCCCCCC)(CCCCCCCCCC)N3CCN(C)CC3,0.7178503843748483
N(CCCC)C(=O)C(CCCCC)(CCCCC)N3CCN(C)CC3,0.6687689413666
N(CCCC)C(=O)C(CCCCCC)(CCCCCC)N3CCN(C)CC3,0.6867185131325161
N(CCCC)C(=O)C(CCCCCCC)(CCCCCCC)N3CCN(C)CC3,0.6993532277440692
N(CCCC)C(=O)C(CCCCCCCC)(CCCCCCCC)N3CCN(C)CC3,0.7072945444367862
N(CCCC)C(=O)C5(CCCCCCCCCCC5)N3CCN(C)CC3,0.4280123970659856
N(CCCC)C(=O)C5(CCCCCCCCCCCCCC5)N3CCN(C)CC3,0.4331129650993357
N(CCCCC)C(=O)C(CCCCCCC/C=C\CCCCCCCC)(CCCCCCC/C=C\CCCCCCCC)N3CCN(C)CC3,0.7547096571871386
N(CCCCC)C(=O)C(CCCCCCCCC)(CCCCCCCCC)N3CCN(C)CC3,0.7179855435932008
N(CCCCC)C(=O)C(CCCCCCCCCC)(CCCCCCCCCC)N3CCN(C)CC3,0.7224832100605035
N(CCCCC)C(=O)C(CCCCC)(CCCCC)N3CCN(C)CC3,0.6769549223737337
N(CCCCC)C(=O)C(CCCCCC)(CCCCCC)N3CCN(C)CC3,0.6937331934266512
N(CCCCC)C(=O)C(CCCCCCC)(CCCCCCC)N3CCN(C)CC3,0.7055292201468194
N(CCCCC)C(=O)C(CCCCCCCC)(CCCCCCCC)N3CCN(C)CC3,0.7128364286964924
N(CCCCC)C(=O)C5(CCCCCCCCCCC5)N3CCN(C)CC3,0.4424731566620423
N(CCCCC)C(=O)C5(CCCCCCCCCCCCCC5)N3CCN(C)CC3,0.4459937098697792
N(CC(=O)OC)C(=O)C(CCCCCCC/C=C\CCCCCCCC)(CCCCCCC/C=C\CCCCCCCC)N3CCN(C)CC3,0.7444470581191225
N(CC(=O)OC)C(=O)C(CCCCCCCCC)(CCCCCCCCC)N3CCN(C)CC3,0.7053694163433982
N(CC(=O)OC)C(=O)C(CCCCCCCCCC)(CCCCCCCCCC)N3CCN(C)CC3,0.7105674047184475
N(CC(=O)OC)C(=O)C(CCCCC)(CCCCC)N3CCN(C)CC3,0.6609875472463889
N(CC(=O)OC)C(=O)C(CCCCCC)(CCCCCC)N3CCN(C)CC3,0.6788388969792842
N(CC(=O)OC)C(=O)C(CCCCCCC)(CCCCCCC)N3CCN(C)CC3,0.6914036565999677
N(CC(=O)OC)C(=O)C(CCCCCCCC)(CCCCCCCC)N3CCN(C)CC3,0.6994311996481539
N(CC(=O)OC)C(=O)C5(CCCCCCCCCCC5)N3CCN(C)CC3,0.42661112971279813
N(CC(=O)OC)C(=O)C5(CCCCCCCCCCCCCC5)N3CCN(C)CC3,0.4318281805259367
N(CC(=O)OCC)C(=O)C(CCCCCCC/C=C\CCCCCCCC)(CCCCCCC/C=C\CCCCCCCC)N3CCN(C)CC3,0.743938845205827
N(CC(=O)OCC)C(=O)C(CCCCCCCCC)(CCCCCCCCC)N3CCN(C)CC3,0.7060019804883414
N(CC(=O)OCC)C(=O)C(CCCCCCCCCC)(CCCCCCCCCC)N3CCN(C)CC3,0.7110259127698093
N(CC(=O)OCC)C(=O)C(CCCCC)(CCCCC)N3CCN(C)CC3,0.663370352007546
N(CC(=O)OCC)C(=O)C(CCCCCC)(CCCCCC)N3CCN(C)CC3,0.6804417451614249
N(CC(=O)OCC)C(=O)C(CCCCCCC)(CCCCCCC)N3CCN(C)CC3,0.6925262026037099
N(CC(=O)OCC)C(=O)C(CCCCCCCC)(CCCCCCCC)N3CCN(C)CC3,0.7002823582934291
N(CC(=O)OCC)C(=O)C5(CCCCCCCCCCC5)N3CCN(C)CC3,0.4357961071833478
N(CC(=O)OCC)C(=O)C5(CCCCCCCCCCCCCC5)N3CCN(C)CC3,0.43995566775887124
N(CC(=O)OC(C)(C)C)C(=O)C(CCCCCCC/C=C\CCCCCCCC)(CCCCCCC/C=C\CCCCCCCC)N3CCN(C)CC3,0.6480509216216089
N(CC(=O)OC(C)(C)C)C(=O)C(CCCCCCCCC)(CCCCCCCCC)N3CCN(C)CC3,0.5714133882031361
N(CC(=O)OC(C)(C)C)C(=O)C(CCCCCCCCCC)(CCCCCCCCCC)N3CCN(C)CC3,0.5829291792680296
N(CC(=O)OC(C)(C)C)C(=O)C(CCCCC)(CCCCC)N3CCN(C)CC3,0.4987123373269086
N(CC(=O)OC(C)(C)C)C(=O)C(CCCCCC)(CCCCCC)N3CCN(C)CC3,0.5242229271764338
N(CC(=O)OC(C)(C)C)C(=O)C(CCCCCCC)(CCCCCCC)N3CCN(C)CC3,0.5441404432907607
N(CC(=O)OC(C)(C)C)C(=O)C(CCCCCCCC)(CCCCCCCC)N3CCN(C)CC3,0.5592043419910341
N(CC(=O)OC(C)(C)C)C(=O)C5(CCCCCCCCCCC5)N3CCN(C)CC3,0.3079201951022375
N(CC(=O)OC(C)(C)C)C(=O)C5(CCCCCCCCCCCCCC5)N3CCN(C)CC3,0.3221229585541235
N(C(C)C(=O)OC(C)(C)C)C(=O)C(CCCCCCC/C=C\CCCCCCCC)(CCCCCCC/C=C\CCCCCCCC)N3CCN(C)CC3,0.6396845897594065
N(C(C)C(=O)OC(C)(C)C)C(=O)C(CCCCCCCCC)(CCCCCCCCC)N3CCN(C)CC3,0.5619942277898918
N(C(C)C(=O)OC(C)(C)C)C(=O)C(CCCCCCCCCC)(CCCCCCCCCC)N3CCN(C)CC3,0.5732978378850253
N(C(C)C(=O)OC(C)(C)C)C(=O)C(CCCCC)(CCCCC)N3CCN(C)CC3,0.48870363686964213
N(C(C)C(=O)OC(C)(C)C)C(=O)C(CCCCCC)(CCCCCC)N3CCN(C)CC3,0.5145185428063587
N(C(C)C(=O)OC(C)(C)C)C(=O)C(CCCCCCC)(CCCCCCC)N3CCN(C)CC3,0.5343572556330082
N(C(C)C(=O)OC(C)(C)C)C(=O)C(CCCCCCCC)(CCCCCCCC)N3CCN(C)CC3,0.5495458618721832
N(C(C)C(=O)OC(C)(C)C)C(=O)C5(CCCCCCCCCCC5)N3CCN(C)CC3,0.30835833425557874
N(C(C)C(=O)OC(C)(C)C)C(=O)C5(CCCCCCCCCCCCCC5)N3CCN(C)CC3,0.32199326271366574
N(CCC(=O)OCC)C(=O)C(CCCCCCC/C=C\CCCCCCCC)(CCCCCCC/C=C\CCCCCCCC)N3CCN(C)CC3,0.739842261937449
N(CCC(=O)OCC)C(=O)C(CCCCCCCCC)(CCCCCCCCC)N3CCN(C)CC3,0.701060592720718
N(CCC(=O)OCC)C(=O)C(CCCCCCCCCC)(CCCCCCCCCC)N3CCN(C)CC3,0.7062120236145772
N(CCC(=O)OCC)C(=O)C(CCCCC)(CCCCC)N3CCN(C)CC3,0.6585251078139616
N(CCC(=O)OCC)C(=O)C(CCCCCC)(CCCCCC)N3CCN(C)CC3,0.6753504114244077
N(CCC(=O)OCC)C(=O)C(CCCCCCC)(CCCCCCC)N3CCN(C)CC3,0.6873757218625279
N(CCC(=O)OCC)C(=O)C(CCCCCCCC)(CCCCCCCC)N3CCN(C)CC3,0.6952185195995126
N(CCC(=O)OCC)C(=O)C5(CCCCCCCCCCC5)N3CCN(C)CC3,0.44021606897700644
N(CCC(=O)OCC)C(=O)C5(CCCCCCCCCCCCCC5)N3CCN(C)CC3,0.44381898854496077
N(CS(=O)(=O)c3ccc(C)cc3)C(=O)C(CCCCCCC/C=C\CCCCCCCC)(CCCCCCC/C=C\CCCCCCCC)N3CCN(C)CC3,0.5767046696941923
N(CS(=O)(=O)c3ccc(C)cc3)C(=O)C(CCCCCCCCC)(CCCCCCCCC)N3CCN(C)CC3,0.4847333645228088
N(CS(=O)(=O)c3ccc(C)cc3)C(=O)C(CCCCCCCCCC)(CCCCCCCCCC)N3CCN(C)CC3,0.49833091041149646
N(CS(=O)(=O)c3ccc(C)cc3)C(=O)C(CCCCC)(CCCCC)N3CCN(C)CC3,0.4052620898209645
N(CS(=O)(=O)c3ccc(C)cc3)C(=O)C(CCCCCC)(CCCCCC)N3CCN(C)CC3,0.43091312411311
N(CS(=O)(=O)c3ccc(C)cc3)C(=O)C(CCCCCCC)(CCCCCCC)N3CCN(C)CC3,0.45201595569242625
N(CS(=O)(=O)c3ccc(C)cc3)C(=O)C(CCCCCCCC)(CCCCCCCC)N3CCN(C)CC3,0.4698470552963857
N(CS(=O)(=O)c3ccc(C)cc3)C(=O)C5(CCCCCCCCCCC5)N3CCN(C)CC3,0.24832425864352736
N(CS(=O)(=O)c3ccc(C)cc3)C(=O)C5(CCCCCCCCCCCCCC5)N3CCN(C)CC3,0.2652809654000233
N(C3CCCCC3)C(=O)C(CCCCCCC/C=C\CCCCCCCC)(CCCCCCC/C=C\CCCCCCCC)N(C)CCN(CC)CC,0.6949335925653934
N(C3CCCCC3)C(=O)C(CCCCCCCCC)(CCCCCCCCC)N(C)CCN(CC)CC,0.6393037566894176
N(C3CCCCC3)C(=O)C(CCCCCCCCCC)(CCCCCCCCCC)N(C)CCN(CC)CC,0.6471192375369287
N(C3CCCCC3)C(=O)C(CCCCC)(CCCCC)N(C)CCN(CC)CC,0.5797265708999495
N(C3CCCCC3)C(=O)C(CCCCCC)(CCCCCC)N(C)CCN(CC)CC,0.6030068554930317
N(C3CCCCC3)C(=O)C(CCCCCCC)(CCCCCCC)N(C)CCN(CC)CC,0.619232375225903
N(C3CCCCC3)C(=O)C(CCCCCCCC)(CCCCCCCC)N(C)CCN(CC)CC,0.6305159133457275
N(C3CCCCC3)C(=O)C5(CCCCCCCCCCC5)N(C)CCN(CC)CC,0.39692390623182844
N(C3CCCCC3)C(=O)C5(CCCCCCCCCCCCCC5)N(C)CCN(CC)CC,0.4042661516614787
N(C(C)(C)C)C(=O)C(CCCCCCC/C=C\CCCCCCCC)(CCCCCCC/C=C\CCCCCCCC)N(C)CCN(CC)CC,0.6636814676248346
N(C(C)(C)C)C(=O)C(CCCCCCCCC)(CCCCCCCCC)N(C)CCN(CC)CC,0.5912219336822799
N(C(C)(C)C)C(=O)C(CCCCCCCCCC)(CCCCCCCCCC)N(C)CCN(CC)CC,0.6023091465051479
N(C(C)(C)C)C(=O)C(CCCCC)(CCCCC)N(C)CCN(CC)CC,0.5169547936556166
N(C(C)(C)C)C(=O)C(CCCCCC)(CCCCCC)N(C)CCN(CC)CC,0.5440855125891016
N(C(C)(C)C)C(=O)C(CCCCCCC)(CCCCCCC)N(C)CCN(CC)CC,0.563825706460019
N(C(C)(C)C)C(=O)C(CCCCCCCC)(CCCCCCCC)N(C)CCN(CC)CC,0.5787105607651548
N(C(C)(C)C)C(=O)C5(CCCCCCCCCCC5)N(C)CCN(CC)CC,0.2912729263497091
N(C(C)(C)C)C(=O)C5(CCCCCCCCCCCCCC5)N(C)CCN(CC)CC,0.3068371398191475
N(CCCC)C(=O)C(CCCCCCC/C=C\CCCCCCCC)(CCCCCCC/C=C\CCCCCCCC)N(C)CCN(CC)CC,0.7422016098043842
N(CCCC)C(=O)C(CCCCCCCCC)(CCCCCCCCC)N(C)CCN(CC)CC,0.7029921937292204
N(CCCC)C(=O)C(CCCCCCCCCC)(CCCCCCCCCC)N(C)CCN(CC)CC,0.7083448788370501
N(CCCC)C(=O)C(CCCCC)(CCCCC)N(C)CCN(CC)CC,0.6571788602392467
N(CCCC)C(=O)C(CCCCCC)(CCCCCC)N(C)CCN(CC)CC,0.6759972278595111
N(CCCC)C(=O)C(CCCCCCC)(CCCCCCC)N(C)CCN(CC)CC,0.6885861569889247
N(CCCC)C(=O)C(CCCCCCCC)(CCCCCCCC)N(C)CCN(CC)CC,0.6968931043087929
N(CCCC)C(=O)C5(CCCCCCCCCCC5)N(C)CCN(CC)CC,0.44426360061341647
N(CCCC)C(=O)C5(CCCCCCCCCCCCCC5)N(C)CCN(CC)CC,0.4471807474864962
N(CCCCC)C(=O)C(CCCCCCC/C=C\CCCCCCCC)(CCCCCCC/C=C\CCCCCCCC)N(C)CCN(CC)CC,0.7450012346681847
N(CCCCC)C(=O)C(CCCCCCCCC)(CCCCCCCCC)N(C)CCN(CC)CC,0.7081741482778394
N(CCCCC)C(=O)C(CCCCCCCCCC)(CCCCCCCCCC)N(C)CCN(CC)CC,0.7131098351293989
N(CCCCC)C(=O)C(CCCCC)(CCCCC)N(C)CCN(CC)CC,0.6653251723721012
N(CCCCC)C(=O)C(CCCCCC)(CCCCCC)N(C)CCN(CC)CC,0.6831054388078225
N(CCCCC)C(=O)C(CCCCCCC)(CCCCCCC)N(C)CCN(CC)CC,0.6948812153990548
N(CCCCC)C(=O)C(CCCCCCCC)(CCCCCCCC)N(C)CCN(CC)CC,0.7025734733212224
N(CCCCC)C(=O)C5(CCCCCCCCCCC5)N(C)CCN(CC)CC,0.45732647777519875
N(CCCCC)C(=O)C5(CCCCCCCCCCCCCC5)N(C)CCN(CC)CC,0.45910762804569766
N(CC(=O)OC)C(=O)C(CCCCCCC/C=C\CCCCCCCC)(CCCCCCC/C=C\CCCCCCCC)N(C)CCN(CC)CC,0.7360534687519887
N(CC(=O)OC)C(=O)C(CCCCCCCCC)(CCCCCCCCC)N(C)CCN(CC)CC,0.6952326531205881
N(CC(=O)OC)C(=O)C(CCCCCCCCCC)(CCCCCCCCCC)N(C)CCN(CC)CC,0.7008591603531206
N(CC(=O)OC)C(=O)C(CCCCC)(CCCCC)N(C)CCN(CC)CC,0.6495282308812552
N(CC(=O)OC)C(=O)C(CCCCCC)(CCCCCC)N(C)CCN(CC)CC,0.6682446946268743
N(CC(=O)OC)C(=O)C(CCCCCCC)(CCCCCCC)N(C)CCN(CC)CC,0.680524230290727
N(CC(=O)OC)C(=O)C(CCCCCCCC)(CCCCCCCC)N(C)CCN(CC)CC,0.6888565941947142
N(CC(=O)OC)C(=O)C5(CCCCCCCCCCC5)N(C)CCN(CC)CC,0.4400987845058965
N(CC(=O)OC)C(=O)C5(CCCCCCCCCCCCCC5)N(C)CCN(CC)CC,0.4436189814063794
N(CC(=O)OCC)C(=O)C(CCCCCCC/C=C\CCCCCCCC)(CCCCCCC/C=C\CCCCCCCC)N(C)CCN(CC)CC,0.7358700892852609
N(CC(=O)OCC)C(=O)C(CCCCCCCCC)(CCCCCCCCC)N(C)CCN(CC)CC,0.6960826834595589
N(CC(=O)OCC)C(=O)C(CCCCCCCCCC)(CCCCCCCCCC)N(C)CCN(CC)CC,0.7015215355383155
N(CC(=O)OCC)C(=O)C(CCCCC)(CCCCC)N(C)CCN(CC)CC,0.6521378252095865
N(CC(=O)OCC)C(=O)C(CCCCCC)(CCCCCC)N(C)CCN(CC)CC,0.67011607970945
N(CC(=O)OCC)C(=O)C(CCCCCCC)(CCCCCCC)N(C)CCN(CC)CC,0.6819102655088057
N(CC(=O)OCC)C(=O)C(CCCCCCCC)(CCCCCCCC)N(C)CCN(CC)CC,0.6899396494778043
N(CC(=O)OCC)C(=O)C5(CCCCCCCCCCC5)N(C)CCN(CC)CC,0.44839801183526135
N(CC(=O)OCC)C(=O)C5(CCCCCCCCCCCCCC5)N(C)CCN(CC)CC,0.45096045483697933
N(CC(=O)OC(C)(C)C)C(=O)C(CCCCCCC/C=C\CCCCCCCC)(CCCCCCC/C=C\CCCCCCCC)N(C)CCN(CC)CC,0.6436822977647982
N(CC(=O)OC(C)(C)C)C(=O)C(CCCCCCCCC)(CCCCCCCCC)N(C)CCN(CC)CC,0.5690887802934664
N(CC(=O)OC(C)(C)C)C(=O)C(CCCCCCCCCC)(CCCCCCCCCC)N(C)CCN(CC)CC,0.5801737958882679
N(CC(=O)OC(C)(C)C)C(=O)C(CCCCC)(CCCCC)N(C)CCN(CC)CC,0.49911561775389973
N(CC(=O)OC(C)(C)C)C(=O)C(CCCCCC)(CCCCCC)N(C)CCN(CC)CC,0.5240296898756786
N(CC(=O)OC(C)(C)C)C(=O)C(CCCCCCC)(CCCCCCC)N(C)CCN(CC)CC,0.5427361176336432
N(CC(=O)OC(C)(C)C)C(=O)C(CCCCCCCC)(CCCCCCCC)N(C)CCN(CC)CC,0.5571486866735956
N(CC(=O)OC(C)(C)C)C(=O)C5(CCCCCCCCCCC5)N(C)CCN(CC)CC,0.3263948746837431
N(CC(=O)OC(C)(C)C)C(=O)C5(CCCCCCCCCCCCCC5)N(C)CCN(CC)CC,0.33838396055103953
N(C(C)C(=O)OC(C)(C)C)C(=O)C(CCCCCCC/C=C\CCCCCCCC)(CCCCCCC/C=C\CCCCCCCC)N(C)CCN(CC)CC,0.6355416271634655
N(C(C)C(=O)OC(C)(C)C)C(=O)C(CCCCCCCCC)(CCCCCCCCC)N(C)CCN(CC)CC,0.559963751518403
N(C(C)C(=O)OC(C)(C)C)C(=O)C(CCCCCCCCCC)(CCCCCCCCCC)N(C)CCN(CC)CC,0.5710510831103556
N(C(C)C(=O)OC(C)(C)C)C(=O)C(CCCCC)(CCCCC)N(C)CCN(CC)CC,0.48974577620306387
N(C(C)C(=O)OC(C)(C)C)C(=O)C(CCCCCC)(CCCCCC)N(C)CCN(CC)CC,0.5147986003080064
N(C(C)C(=O)OC(C)(C)C)C(=O)C(CCCCCCC)(CCCCCCC)N(C)CCN(CC)CC,0.5335491507809252
N(C(C)C(=O)OC(C)(C)C)C(=O)C(CCCCCCCC)(CCCCCCCC)N(C)CCN(CC)CC,0.5480709279942303
N(C(C)C(=O)OC(C)(C)C)C(=O)C5(CCCCCCCCCCC5)N(C)CCN(CC)CC,0.32594978753894877
N(C(C)C(=O)OC(C)(C)C)C(=O)C5(CCCCCCCCCCCCCC5)N(C)CCN(CC)CC,0.3376710788125894
N(CCC(=O)OCC)C(=O)C(CCCCCCC/C=C\CCCCCCCC)(CCCCCCC/C=C\CCCCCCCC)N(C)CCN(CC)CC,0.7323953809442059
N(CCC(=O)OCC)C(=O)C(CCCCCCCCC)(CCCCCCCCC)N(C)CCN(CC)CC,0.6921102732692016
N(CCC(=O)OCC)C(=O)C(CCCCCCCCCC)(CCCCCCCCCC)N(C)CCN(CC)CC,0.697613438807306
N(CCC(=O)OCC)C(=O)C(CCCCC)(CCCCC)N(C)CCN(CC)CC,0.6486506461146414
N(CCC(=O)OCC)C(=O)C(CCCCCC)(CCCCCC)N(C)CCN(CC)CC,0.6662894585705228
N(CCC(=O)OCC)C(=O)C(CCCCCCC)(CCCCCCC)N(C)CCN(CC)CC,0.6779657660533454
N(CCC(=O)OCC)C(=O)C(CCCCCCCC)(CCCCCCCC)N(C)CCN(CC)CC,0.6859839857283851
N(CCC(=O)OCC)C(=O)C5(CCCCCCCCCCC5)N(C)CCN(CC)CC,0.45260068558851935
N(CCC(=O)OCC)C(=O)C5(CCCCCCCCCCCCCC5)N(C)CCN(CC)CC,0.4547080054577885
N(CS(=O)(=O)c3ccc(C)cc3)C(=O)C(CCCCCCC/C=C\CCCCCCCC)(CCCCCCC/C=C\CCCCCCCC)N(C)CCN(CC)CC,0.57525188625053
N(CS(=O)(=O)c3ccc(C)cc3)C(=O)C(CCCCCCCCC)(CCCCCCCCC)N(C)CCN(CC)CC,0.4867158283918204
N(CS(=O)(=O)c3ccc(C)cc3)C(=O)C(CCCCCCCCCC)(CCCCCCCCCC)N(C)CCN(CC)CC,0.499578639030479
N(CS(=O)(=O)c3ccc(C)cc3)C(=O)C(CCCCC)(CCCCC)N(C)CCN(CC)CC,0.41143345022941263
N(CS(=O)(=O)c3ccc(C)cc3)C(=O)C(CCCCCC)(CCCCCC)N(C)CCN(CC)CC,0.43600748646178616
N(CS(=O)(=O)c3ccc(C)cc3)C(=O)C(CCCCCCC)(CCCCCCC)N(C)CCN(CC)CC,0.455754895554597
N(CS(=O)(=O)c3ccc(C)cc3)C(=O)C(CCCCCCCC)(CCCCCCCC)N(C)CCN(CC)CC,0.4725931153030008
N(CS(=O)(=O)c3ccc(C)cc3)C(=O)C5(CCCCCCCCCCC5)N(C)CCN(CC)CC,0.2683449108617531
N(CS(=O)(=O)c3ccc(C)cc3)C(=O)C5(CCCCCCCCCCCCCC5)N(C)CCN(CC)CC,0.28301847496526417
CN(C)CCNC(=O)CCC(SCCCCCCCCCC)CSCCCCCCCCCC,0.6991815470321812
CN(C)CCNC(=O)CCC(SCCCCCCCCCCC)CSCCCCCCCCCCC,0.7049116209065444
CN(C)CCNC(=O)CCC(SCCCCCCCCCCCC)CSCCCCCCCCCCCC,0.7100205324680924
CN(C)CCNC(=O)CCC(SCCCCCCCCCCCCCCCC)CSCCCCCCCCCCCCCCCC,0.7268316431729207
CN(C)CCNC(=O)CCC(SCCCCCC)CSCCCCCC,0.6589758364902777
CN(C)CCNC(=O)CCC(SCCCCCCC)CSCCCCCCC,0.6731942180767976
CN(C)CCNC(=O)CCC(SCCCCCCCC)CSCCCCCCCC,0.6848669031025377
CN(C)CCNC(=O)CCC(SCCCCCCCCC)CSCCCCCCCCC,0.692734879885472
C1COCCN1CCNC(=O)CCC(SCCCCCCCCCC)CSCCCCCCCCCC,0.12476319771614418
C1COCCN1CCNC(=O)CCC(SCCCCCCCCCCC)CSCCCCCCCCCCC,0.1417483645145538
C1COCCN1CCNC(=O)CCC(SCCCCCCCCCCCC)CSCCCCCCCCCCCC,0.15751579188785966
C1COCCN1CCNC(=O)CCC(SCCCCCCCCCCCCCCCC)CSCCCCCCCCCCCCCCCC,0.22498521304580565
C1COCCN1CCNC(=O)CCC(SCCCCCC)CSCCCCCC,0.016640391932374838
C1COCCN1CCNC(=O)CCC(SCCCCCCC)CSCCCCCCC,0.05243602820691845
C1COCCN1CCNC(=O)CCC(SCCCCCCCC)CSCCCCCCCC,0.08236732586841534
C1COCCN1CCNC(=O)CCC(SCCCCCCCCC)CSCCCCCCCCC,0.10693399841753948
C1CCCN1CCNC(=O)CCC(SCCCCCCCCCC)CSCCCCCCCCCC,0.7260567342800025
C1CCCN1CCNC(=O)CCC(SCCCCCCCCCCC)CSCCCCCCCCCCC,0.7311798981317108
C1CCCN1CCNC(=O)CCC(SCCCCCCCCCCCC)CSCCCCCCCCCCCC,0.735808804437572
C1CCCN1CCNC(=O)CCC(SCCCCCCCCCCCCCCCC)CSCCCCCCCCCCCCCCCC,0.7503163887452592
C1CCCN1CCNC(=O)CCC(SCCCCCC)CSCCCCCC,0.6959950318750738
C1CCCN1CCNC(=O)CCC(SCCCCCCC)CSCCCCCCC,0.7066428584692114
C1CCCN1CCNC(=O)CCC(SCCCCCCCC)CSCCCCCCCC,0.7153564117504415
C1CCCN1CCNC(=O)CCC(SCCCCCCCCC)CSCCCCCCCCC,0.720985413133752
CCN(CC)CCNC(=O)CCC(SCCCCCCCCCC)CSCCCCCCCCCC,0.6907583247784227
CCN(CC)CCNC(=O)CCC(SCCCCCCCCCCC)CSCCCCCCCCCCC,0.6966301495553374
CCN(CC)CCNC(=O)CCC(SCCCCCCCCCCCC)CSCCCCCCCCCCCC,0.7019077726016567
CCN(CC)CCNC(=O)CCC(SCCCCCCCCCCCCCCCC)CSCCCCCCCCCCCCCCCC,0.7190944311522061
CCN(CC)CCNC(=O)CCC(SCCCCCC)CSCCCCCC,0.6513083419222633
CCN(CC)CCNC(=O)CCC(SCCCCCCC)CSCCCCCCC,0.6648185628414486
CCN(CC)CCNC(=O)CCC(SCCCCCCCC)CSCCCCCCCC,0.6762854210434587
CCN(CC)CCNC(=O)CCC(SCCCCCCCCC)CSCCCCCCCCC,0.6841953826978233
CCN(CC)CCCNC(=O)CCC(SCCCCCCCCCC)CSCCCCCCCCCC,0.7324879614457048
CCN(CC)CCCNC(=O)CCC(SCCCCCCCCCCC)CSCCCCCCCCCCC,0.7365730834974124
CCN(CC)CCCNC(=O)CCC(SCCCCCCCCCCCC)CSCCCCCCCCCCCC,0.7407712737177241
CCN(CC)CCCNC(=O)CCC(SCCCCCCCCCCCCCCCC)CSCCCCCCCCCCCCCCCC,0.7539445467437056
CCN(CC)CCCNC(=O)CCC(SCCCCCC)CSCCCCCC,0.7057421137310872
CCN(CC)CCCNC(=O)CCC(SCCCCCCC)CSCCCCCCC,0.7155444825960138
CCN(CC)CCCNC(=O)CCC(SCCCCCCCC)CSCCCCCCCC,0.7235581890458361
CCN(CC)CCCNC(=O)CCC(SCCCCCCCCC)CSCCCCCCCCC,0.7285183423288372
CN(C)CCCNC(=O)CCC(SCCCCCCCCCC)CSCCCCCCCCCC,0.7312313251453721
CN(C)CCCNC(=O)CCC(SCCCCCCCCCCC)CSCCCCCCCCCCC,0.7350557490562328
CN(C)CCCNC(=O)CCC(SCCCCCCCCCCCC)CSCCCCCCCCCCCC,0.7390943136267505
CN(C)CCCNC(=O)CCC(SCCCCCCCCCCCCCCCC)CSCCCCCCCCCCCCCCCC,0.7531233179077668
CN(C)CCCNC(=O)CCC(SCCCCCC)CSCCCCCC,0.7021739341203983
CN(C)CCCNC(=O)CCC(SCCCCCCC)CSCCCCCCC,0.7129062649182775
CN(C)CCCNC(=O)CCC(SCCCCCCCC)CSCCCCCCCC,0.721607109907448
CN(C)CCCNC(=O)CCC(SCCCCCCCCC)CSCCCCCCCCC,0.7269686433120855
C1CN(CCN(C)C)CCN1C(=O)CCC(SCCCCCCCCCC)CSCCCCCCCCCC,0.7250410804524619
C1CN(CCN(C)C)CCN1C(=O)CCC(SCCCCCCCCCCC)CSCCCCCCCCCCC,0.7287930552216749
C1CN(CCN(C)C)CCN1C(=O)CCC(SCCCCCCCCCCCC)CSCCCCCCCCCCCC,0.7323699049755446
C1CN(CCN(C)C)CCN1C(=O)CCC(SCCCCCCCCCCCCCCCC)CSCCCCCCCCCCCCCCCC,0.7460015078992609
C1CN(CCN(C)C)CCN1C(=O)CCC(SCCCCCC)CSCCCCCC,0.6980473022735992
C1CN(CCN(C)C)CCN1C(=O)CCC(SCCCCCCC)CSCCCCCCC,0.707743254038663
C1CN(CCN(C)C)CCN1C(=O)CCC(SCCCCCCCC)CSCCCCCCCC,0.7157705001641375
C1CN(CCN(C)C)CCN1C(=O)CCC(SCCCCCCCCC)CSCCCCCCCCC,0.7208836280281913
CN(C)CCNC(=O)CCCC(SCCCCCCCCCC)CSCCCCCCCCCC,0.7019641285323318
CN(C)CCNC(=O)CCCC(SCCCCCCCCCCC)CSCCCCCCCCCCC,0.7073889064745552
CN(C)CCNC(=O)CCCC(SCCCCCCCCCCCC)CSCCCCCCCCCCCC,0.7122106343893754
CN(C)CCNC(=O)CCCC(SCCCCCCCCCCCCCCCC)CSCCCCCCCCCCCCCCCC,0.7284830085261483
CN(C)CCNC(=O)CCCC(SCCCCCC)CSCCCCCC,0.6640720991443085
CN(C)CCNC(=O)CCCC(SCCCCCCC)CSCCCCCCC,0.6774484079205304
CN(C)CCNC(=O)CCCC(SCCCCCCCC)CSCCCCCCCC,0.6884705946695424
CN(C)CCNC(=O)CCCC(SCCCCCCCCC)CSCCCCCCCCC,0.6958816073992156
C1COCCN1CCNC(=O)CCCC(SCCCCCCCCCC)CSCCCCCCCCCC,0.13278192215979376
C1COCCN1CCNC(=O)CCCC(SCCCCCCCCCCC)CSCCCCCCCCCCC,0.14936371945439877
C1COCCN1CCNC(=O)CCCC(SCCCCCCCCCCCC)CSCCCCCCCCCCCC,0.16459264779781865
C1COCCN1CCNC(=O)CCCC(SCCCCCCCCCCCCCCCC)CSCCCCCCCCCCCCCCCC,0.2331451539311258
C1COCCN1CCNC(=O)CCCC(SCCCCCC)CSCCCCCC,0.033317174802443304
C1COCCN1CCNC(=O)CCCC(SCCCCCCC)CSCCCCCCC,0.0662888422623633
C1COCCN1CCNC(=O)CCCC(SCCCCCCCC)CSCCCCCCCC,0.09423223865769108
C1COCCN1CCNC(=O)CCCC(SCCCCCCCCC)CSCCCCCCCCC,0.11570367009127537
C1CCCN1CCNC(=O)CCCC(SCCCCCCCCCC)CSCCCCCCCCCC,0.7283564600664343
C1CCCN1CCNC(=O)CCCC(SCCCCCCCCCCC)CSCCCCCCCCCCC,0.7332435703623644
C1CCCN1CCNC(=O)CCCC(SCCCCCCCCCCCC)CSCCCCCCCCCCCC,0.7376557230887061
C1CCCN1CCNC(=O)CCCC(SCCCCCCCCCCCCCCCC)CSCCCCCCCCCCCCCCCC,0.7515483804605232
C1CCCN1CCNC(=O)CCCC(SCCCCCC)CSCCCCCC,0.6992969905824787
C1CCCN1CCNC(=O)CCCC(SCCCCCCC)CSCCCCCCC,0.7093883840149455
C1CCCN1CCNC(=O)CCCC(SCCCCCCCC)CSCCCCCCCC,0.7177684930909695
C1CCCN1CCNC(=O)CCCC(SCCCCCCCCC)CSCCCCCCCCC,0.7232067513243027
CCN(CC)CCNC(=O)CCCC(SCCCCCCCCCC)CSCCCCCCCCCC,0.6935925114458616
CCN(CC)CCNC(=O)CCCC(SCCCCCCCCCCC)CSCCCCCCCCCCC,0.6991684824328677
CCN(CC)CCNC(=O)CCCC(SCCCCCCCCCCCC)CSCCCCCCCCCCCC,0.7041739461216697
CCN(CC)CCNC(=O)CCCC(SCCCCCCCCCCCCCCCC)CSCCCCCCCCCCCCCCCC,0.7208172361098617
CCN(CC)CCNC(=O)CCCC(SCCCCCC)CSCCCCCC,0.6560281065778958
CCN(CC)CCNC(=O)CCCC(SCCCCCCC)CSCCCCCCC,0.66903836903517
CCN(CC)CCNC(=O)CCCC(SCCCCCCCC)CSCCCCCCCC,0.6799021178252346
CCN(CC)CCNC(=O)CCCC(SCCCCCCCCC)CSCCCCCCCCC,0.6873792255505257
CCN(CC)CCCNC(=O)CCCC(SCCCCCCCCCC)CSCCCCCCCCCC,0.7340390856914725
CCN(CC)CCCNC(=O)CCCC(SCCCCCCCCCCC)CSCCCCCCCCCCC,0.7383679812894617
CCN(CC)CCCNC(=O)CCCC(SCCCCCCCCCCCC)CSCCCCCCCCCCCC,0.7423733499008145
CCN(CC)CCCNC(=O)CCCC(SCCCCCCCCCCCCCCCC)CSCCCCCCCCCCCCCCCC,0.7547166051785917
CCN(CC)CCCNC(=O)CCCC(SCCCCCC)CSCCCCCC,0.7086094369731487
CCN(CC)CCCNC(=O)CCCC(SCCCCCCC)CSCCCCCCC,0.7179160636786698
CCN(CC)CCCNC(=O)CCCC(SCCCCCCCC)CSCCCCCCCC,0.7255544598209405
CCN(CC)CCCNC(=O)CCCC(SCCCCCCCCC)CSCCCCCCCCC,0.7302659700251884
CN(C)CCCNC(=O)CCCC(SCCCCCCCCCC)CSCCCCCCCCCC,0.7329290104416205
CN(C)CCCNC(=O)CCCC(SCCCCCCCCCCC)CSCCCCCCCCCCC,0.7367860364662226
CN(C)CCCNC(=O)CCCC(SCCCCCCCCCCCC)CSCCCCCCCCCCCC,0.7408142681263741
CN(C)CCCNC(=O)CCCC(SCCCCCCCCCCCCCCCC)CSCCCCCCCCCCCCCCCC,0.7539747140912113
CN(C)CCCNC(=O)CCCC(SCCCCCC)CSCCCCCC,0.7053738107995309
CN(C)CCCNC(=O)CCCC(SCCCCCCC)CSCCCCCCC,0.7155237573907391
CN(C)CCCNC(=O)CCCC(SCCCCCCCC)CSCCCCCCCC,0.7237891949155159
CN(C)CCCNC(=O)CCCC(SCCCCCCCCC)CSCCCCCCCCC,0.7288815381897528
C1CN(CCN(C)C)CCN1C(=O)CCCC(SCCCCCCCCCC)CSCCCCCCCCCC,0.7265318106186757
C1CN(CCN(C)C)CCN1C(=O)CCCC(SCCCCCCCCCCC)CSCCCCCCCCCCC,0.7301232689699595
C1CN(CCN(C)C)CCN1C(=O)CCCC(SCCCCCCCCCCCC)CSCCCCCCCCCCCC,0.7337504174311862
C1CN(CCN(C)C)CCN1C(=O)CCCC(SCCCCCCCCCCCCCCCC)CSCCCCCCCCCCCCCCCC,0.7470311170942501
C1CN(CCN(C)C)CCN1C(=O)CCCC(SCCCCCC)CSCCCCCC,0.700763788778132
C1CN(CCN(C)C)CCN1C(=O)CCCC(SCCCCCCC)CSCCCCCCC,0.7100148909365707
C1CN(CCN(C)C)CCN1C(=O)CCCC(SCCCCCCCC)CSCCCCCCCC,0.7176840482717703
C1CN(CCN(C)C)CCN1C(=O)CCCC(SCCCCCCCCC)CSCCCCCCCCC,0.7225619539636386
N(CCCCCCCCCC)(CCCCCCCCCC)CCOP(=O)([O-])OCCCCCCCCCC,0.6551160787767282
N(CCCCCCCCCC)(CCCCCCCCCC)CCOP(=O)([O-])OCCCCCCCCCCC,0.6587861622620624
N(CCCCCCCCCC)(CCCCCCCCCC)CCOP(=O)([O-])OCCCCCCCCCCCC,0.6622727475115842
N(CCCCCCCCCC)(CCCCCCCCCC)CCOP(=O)([O-])OCCCCCCCCCCCCC,0.6655894929700303
N(CCCCCCCCCC)(CCCCCCCCCC)CCOP(=O)([O-])OCCCCCCCCCCCCCC,0.6687481567767831
N(CCCCCCCCCC)(CCCCCCCCCC)CCOP(=O)([O-])OCCCCCCCCCCCCCCC,0.6717533709261444
N(CCCCCCCCCC)(CCCCCCCCCC)CCOP(=O)([O-])OCCCCCCCCCCCCCCCC,0.6746200409382401
N(CCCCCCCCCC)(CCCCCCCCCC)CCOP(=O)([O-])OCCCC,0.5402787852718566
N(CCCCCCCCCC)(CCCCCCCCCC)CCOP(=O)([O-])OCCCCC,0.5562611253038696
N(CCCCCCCCCC)(CCCCCCCCCC)CCOP(=O)([O-])OCCCCCC,0.5743088003337217
N(CCCCCCCCCC)(CCCCCCCCCC)CCOP(=O)([O-])OCCCCCCC,0.6057232232284797
N(CCCCCCCCCC)(CCCCCCCCCC)CCOP(=O)([O-])OCCCCCCCC,0.6321728608459346
N(CCCCCCCCCC)(CCCCCCCCCC)CCOP(=O)([O-])OCCCCCCCCC,0.6512978902428125
N(CCCCCCCCCCC)(CCCCCCCCCCC)CCOP(=O)([O-])OCCCCCCCCCC,0.6622729256652112
N(CCCCCCCCCCC)(CCCCCCCCCCC)CCOP(=O)([O-])OCCCCCCCCCCC,0.665589433585488
N(CCCCCCCCCCC)(CCCCCCCCCCC)CCOP(=O)([O-])OCCCCCCCCCCCC,0.6687481567767831
N(CCCCCCCCCCC)(CCCCCCCCCCC)CCOP(=O)([O-])OCCCCCCCCCCCCC,0.6717533709261444
N(CCCCCCCCCCC)(CCCCCCCCCCC)CCOP(=O)([O-])OCCCCCCCCCCCCCC,0.6746201003227825
N(CCCCCCCCCCC)(CCCCCCCCCCC)CCOP(=O)([O-])OCCCCCCCCCCCCCCC,0.6773590935688598
N(CCCCCCCCCCC)(CCCCCCCCCCC)CCOP(=O)([O-])OCCCCCCCCCCCCCCCC,0.6799792583457266
N(CCCCCCCCCCC)(CCCCCCCCCCC)CCOP(=O)([O-])OCCCC,0.5553359735188461
N(CCCCCCCCCCC)(CCCCCCCCCCC)CCOP(=O)([O-])OCCCCC,0.5699949884094854
N(CCCCCCCCCCC)(CCCCCCCCCCC)CCOP(=O)([O-])OCCCCCC,0.5867914311323571
N(CCCCCCCCCCC)(CCCCCCCCCCC)CCOP(=O)([O-])OCCCCCCC,0.6163431984722626
N(CCCCCCCCCCC)(CCCCCCCCCCC)CCOP(=O)([O-])OCCCCCCCC,0.6407477512208145
N(CCCCCCCCCCC)(CCCCCCCCCCC)CCOP(=O)([O-])OCCCCCCCCC,0.6587861622620624
N(CCCCCCCCCCCC)(CCCCCCCCCCCC)CCOP(=O)([O-])OCCCCCCCCCC,0.6687481567767831
N(CCCCCCCCCCCC)(CCCCCCCCCCCC)CCOP(=O)([O-])OCCCCCCCCCCC,0.6717533709261444
N(CCCCCCCCCCCC)(CCCCCCCCCCCC)CCOP(=O)([O-])OCCCCCCCCCCCC,0.6746200409382401
N(CCCCCCCCCCCC)(CCCCCCCCCCCC)CCOP(=O)([O-])OCCCCCCCCCCCCC,0.6773590935688598
N(CCCCCCCCCCCC)(CCCCCCCCCCCC)CCOP(=O)([O-])OCCCCCCCCCCCCCC,0.6799791989611843
N(CCCCCCCCCCCC)(CCCCCCCCCCCC)CCOP(=O)([O-])OCCCCCCCCCCCCCCC,0.6824878395675475
N(CCCCCCCCCCCC)(CCCCCCCCCCCC)CCOP(=O)([O-])OCCCCCCCCCCCCCCCC,0.6848856092333729
N(CCCCCCCCCCCC)(CCCCCCCCCCCC)CCOP(=O)([O-])OCCCC,0.5687200616701138
N(CCCCCCCCCCCC)(CCCCCCCCCCCC)CCOP(=O)([O-])OCCCCC,0.582343113219734
N(CCCCCCCCCCCC)(CCCCCCCCCCCC)CCOP(=O)([O-])OCCCCCC,0.5979660580015408
N(CCCCCCCCCCCC)(CCCCCCCCCCCC)CCOP(=O)([O-])OCCCCCCC,0.6255434674624634
N(CCCCCCCCCCCC)(CCCCCCCCCCCC)CCOP(=O)([O-])OCCCCCCCC,0.6484655444961859
N(CCCCCCCCCCCC)(CCCCCCCCCCCC)CCOP(=O)([O-])OCCCCCCCCC,0.6655894929700303
N(CCCCCCCCCCCCC)(CCCCCCCCCCCCC)CCOP(=O)([O-])OCCCCCCCCCC,0.6746199815536978
N(CCCCCCCCCCCCC)(CCCCCCCCCCCCC)CCOP(=O)([O-])OCCCCCCCCCCC,0.6773590341843175
N(CCCCCCCCCCCCC)(CCCCCCCCCCCCC)CCOP(=O)([O-])OCCCCCCCCCCCC,0.6799790801920996
N(CCCCCCCCCCCCC)(CCCCCCCCCCCCC)CCOP(=O)([O-])OCCCCCCCCCCCCC,0.6824877207984629
N(CCCCCCCCCCCCC)(CCCCCCCCCCCCC)CCOP(=O)([O-])OCCCCCCCCCCCCCC,0.6848856092333729
N(CCCCCCCCCCCCC)(CCCCCCCCCCCCC)CCOP(=O)([O-])OCCCCCCCCCCCCCCC,0.6871817125627223
N(CCCCCCCCCCCCC)(CCCCCCCCCCCCC)CCOP(=O)([O-])OCCCCCCCCCCCCCCCC,0.6893922427665682
N(CCCCCCCCCCCCC)(CCCCCCCCCCCCC)CCOP(=O)([O-])OCCCC,0.5808045784969411
N(CCCCCCCCCCCCC)(CCCCCCCCCCCCC)CCOP(=O)([O-])OCCCCC,0.593498618266286
N(CCCCCCCCCCCCC)(CCCCCCCCCCCCC)CCOP(=O)([O-])OCCCCCC,0.6080272840865019
N(CCCCCCCCCCCCC)(CCCCCCCCCCCCC)CCOP(=O)([O-])OCCCCCCC,0.6338146059033042
N(CCCCCCCCCCCCC)(CCCCCCCCCCCCC)CCOP(=O)([O-])OCCCCCCCC,0.6555892548100465
N(CCCCCCCCCCCCC)(CCCCCCCCCCCCC)CCOP(=O)([O-])OCCCCCCCCC,0.6717533709261444
[N+](CCCC)(CCCC)(CCCC)CCOP(=O)([O-])OCCCCCCCCCC,0.5448404682757956
[N+](CCCC)(CCCC)(CCCC)CCOP(=O)([O-])OCCCCCCCCCCC,0.5528832731513617
[N+](CCCC)(CCCC)(CCCC)CCOP(=O)([O-])OCCCCCCCCCCCC,0.5604232691069846
[N+](CCCC)(CCCC)(CCCC)CCOP(=O)([O-])OCCCCCCCCCCCCC,0.5675403877366462
[N+](CCCC)(CCCC)(CCCC)CCOP(=O)([O-])OCCCCCCCCCCCCCC,0.5743478753625775
[N+](CCCC)(CCCC)(CCCC)CCOP(=O)([O-])OCCCCCCCCCCCCCCC,0.5807982837354537
[N+](CCCC)(CCCC)(CCCC)CCOP(=O)([O-])OCCCCCCCCCCCCCCCC,0.5869915570400231
[N+](CCCC)(CCCC)(CCCC)CCOP(=O)([O-])OCCCC,0.383257800889016
[N+](CCCC)(CCCC)(CCCC)CCOP(=O)([O-])OCCCCC,0.4077426712310749
[N+](CCCC)(CCCC)(CCCC)CCOP(=O)([O-])OCCCCCC,0.4349461362289193
[N+](CCCC)(CCCC)(CCCC)CCOP(=O)([O-])OCCCCCCC,0.4752419925060861
[N+](CCCC)(CCCC)(CCCC)CCOP(=O)([O-])OCCCCCCCC,0.5093602233055885
[N+](CCCC)(CCCC)(CCCC)CCOP(=O)([O-])OCCCCCCCCC,0.5365543055457442
[N+](CCCCCC)(CCCCCC)(CCCCCC)CCOP(=O)([O-])OCCCCCCCCCC,0.675175761485403
[N+](CCCCCC)(CCCCCC)(CCCCCC)CCOP(=O)([O-])OCCCCCCCCCCC,0.678451412840554
[N+](CCCCCC)(CCCCCC)(CCCCCC)CCOP(=O)([O-])OCCCCCCCCCCCC,0.6815936271290801
[N+](CCCCCC)(CCCCCC)(CCCCCC)CCOP(=O)([O-])OCCCCCCCCCCCCC,0.6845753843842194
[N+](CCCCCC)(CCCCCC)(CCCCCC)CCOP(=O)([O-])OCCCCCCCCCCCCCC,0.6874080270535577
[N+](CCCCCC)(CCCCCC)(CCCCCC)CCOP(=O)([O-])OCCCCCCCCCCCCCCC,0.6901024818928845
[N+](CCCCCC)(CCCCCC)(CCCCCC)CCOP(=O)([O-])OCCCCCCCCCCCCCCCC,0.6926687255053118
[N+](CCCCCC)(CCCCCC)(CCCCCC)CCOP(=O)([O-])OCCCC,0.5562152804371877
[N+](CCCCCC)(CCCCCC)(CCCCCC)CCOP(=O)([O-])OCCCCC,0.5729643936798191
[N+](CCCCCC)(CCCCCC)(CCCCCC)CCOP(=O)([O-])OCCCCCC,0.5922040946279442
[N+](CCCCCC)(CCCCCC)(CCCCCC)CCOP(=O)([O-])OCCCCCCC,0.6252352616877491
[N+](CCCCCC)(CCCCCC)(CCCCCC)CCOP(=O)([O-])OCCCCCCCC,0.6522276146375957
[N+](CCCCCC)(CCCCCC)(CCCCCC)CCOP(=O)([O-])OCCCCCCCCC,0.6717724927487759
[N+](CCCCCCCC)(CCCCCCCC)(CCCCCCCC)CCOP(=O)([O-])OCCCCCCCCCC,0.6941590993642717
[N+](CCCCCCCC)(CCCCCCCC)(CCCCCCCC)CCOP(=O)([O-])OCCCCCCCCCCC,0.6965822856142161
[N+](CCCCCCCC)(CCCCCCCC)(CCCCCCCC)CCOP(=O)([O-])OCCCCCCCCCCCC,0.6988952541535883
[N+](CCCCCCCC)(CCCCCCCC)(CCCCCCCC)CCOP(=O)([O-])OCCCCCCCCCCCCC,0.7010985988278118
[N+](CCCCCCCC)(CCCCCCCC)(CCCCCCCC)CCOP(=O)([O-])OCCCCCCCCCCCCCC,0.7032060374661656
[N+](CCCCCCCC)(CCCCCCCC)(CCCCCCCC)CCOP(=O)([O-])OCCCCCCCCCCCCCCC,0.7052235679074256
[N+](CCCCCCCC)(CCCCCCCC)(CCCCCCCC)CCOP(=O)([O-])OCCCCCCCCCCCCCCCC,0.707157128605825
[N+](CCCCCCCC)(CCCCCCCC)(CCCCCCCC)CCOP(=O)([O-])OCCCC,0.5984306232762208
[N+](CCCCCCCC)(CCCCCCCC)(CCCCCCCC)CCOP(=O)([O-])OCCCCC,0.6117364426006919
[N+](CCCCCCCC)(CCCCCCCC)(CCCCCCCC)CCOP(=O)([O-])OCCCCCC,0.6265321607077844
[N+](CCCCCCCC)(CCCCCCCC)(CCCCCCCC)CCOP(=O)([O-])OCCCCCCC,0.6527715770453765
[N+](CCCCCCCC)(CCCCCCCC)(CCCCCCCC)CCOP(=O)([O-])OCCCCCCCC,0.6752106202117532
[N+](CCCCCCCC)(CCCCCCCC)(CCCCCCCC)CCOP(=O)([O-])OCCCCCCCCC,0.6916222511002996
[N+](CCCCCCCCCC)(CCCCCCCCCC)(CCCCCCCCCC)CCOP(=O)([O-])OCCCCCCCCCC,0.7072128313065345
[N+](CCCCCCCCCC)(CCCCCCCCCC)(CCCCCCCCCC)CCOP(=O)([O-])OCCCCCCCCCCC,0.7090663416418675
[N+](CCCCCCCCCC)(CCCCCCCCCC)(CCCCCCCCCC)CCOP(=O)([O-])OCCCCCCCCCCCC,0.7108773326448893
[N+](CCCCCCCCCC)(CCCCCCCCCC)(CCCCCCCCCC)CCOP(=O)([O-])OCCCCCCCCCCCCC,0.71265649353322
[N+](CCCCCCCCCC)(CCCCCCCCCC)(CCCCCCCCCC)CCOP(=O)([O-])OCCCCCCCCCCCCCC,0.7143673621978666
[N+](CCCCCCCCCC)(CCCCCCCCCC)(CCCCCCCCCC)CCOP(=O)([O-])OCCCCCCCCCCCCCCC,0.7160136798649958
[N+](CCCCCCCCCC)(CCCCCCCCCC)(CCCCCCCCCC)CCOP(=O)([O-])OCCCCCCCCCCCCCCCC,0.7175903988485094
[N+](CCCCCCCCCC)(CCCCCCCCCC)(CCCCCCCCCC)CCOP(=O)([O-])OCCCC,0.6271673377725903
[N+](CCCCCCCCCC)(CCCCCCCCCC)(CCCCCCCCCC)CCOP(=O)([O-])OCCCCC,0.6376205018369566
[N+](CCCCCCCCCC)(CCCCCCCCCC)(CCCCCCCCCC)CCOP(=O)([O-])OCCCCCC,0.64958203327661
[N+](CCCCCCCCCC)(CCCCCCCCCC)(CCCCCCCCCC)CCOP(=O)([O-])OCCCCCCC,0.6721073621829982
[N+](CCCCCCCCCC)(CCCCCCCCCC)(CCCCCCCCCC)CCOP(=O)([O-])OCCCCCCCC,0.6912652312317868
[N+](CCCCCCCCCC)(CCCCCCCCCC)(CCCCCCCCCC)CCOP(=O)([O-])OCCCCCCCCC,0.705280339529897
[N+](CCCCCCCCCCCC)(CCCCCCCCCCCC)(CCCCCCCCCCCC)CCOP(=O)([O-])OCCCCCCCCCC,0.7175903988485094
[N+](CCCCCCCCCCCC)(CCCCCCCCCCCC)(CCCCCCCCCCCC)CCOP(=O)([O-])OCCCCCCCCCCC,0.7191061892915882
[N+](CCCCCCCCCCCC)(CCCCCCCCCCCC)(CCCCCCCCCCCC)CCOP(=O)([O-])OCCCCCCCCCCCC,0.720567939801143
[N+](CCCCCCCCCCCC)(CCCCCCCCCCCC)(CCCCCCCCCCCC)CCOP(=O)([O-])OCCCCCCCCCCCCC,0.7219806980632721
[N+](CCCCCCCCCCCC)(CCCCCCCCCCCC)(CCCCCCCCCCCC)CCOP(=O)([O-])OCCCCCCCCCCCCCC,0.7235336632298521
[N+](CCCCCCCCCCCC)(CCCCCCCCCCCC)(CCCCCCCCCCCC)CCOP(=O)([O-])OCCCCCCCCCCCCCCC,0.7250386456862261
[N+](CCCCCCCCCCCC)(CCCCCCCCCCCC)(CCCCCCCCCCCC)CCOP(=O)([O-])OCCCCCCCCCCCCCCCC,0.7264930918970738
[N+](CCCCCCCCCCCC)(CCCCCCCCCCCC)(CCCCCCCCCCCC)CCOP(=O)([O-])OCCCC,0.6482642902822154
[N+](CCCCCCCCCCCC)(CCCCCCCCCCCC)(CCCCCCCCCCCC)CCOP(=O)([O-])OCCCCC,0.6571184067751505
[N+](CCCCCCCCCCCC)(CCCCCCCCCCCC)(CCCCCCCCCCCC)CCOP(=O)([O-])OCCCCCC,0.6674041658146769
[N+](CCCCCCCCCCCC)(CCCCCCCCCCCC)(CCCCCCCCCCCC)CCOP(=O)([O-])OCCCCCCC,0.6869043867500219
[N+](CCCCCCCCCCCC)(CCCCCCCCCCCC)(CCCCCCCCCCCC)CCOP(=O)([O-])OCCCCCCCC,0.7036219074161316
[N+](CCCCCCCCCCCC)(CCCCCCCCCCCC)(CCCCCCCCCCCC)CCOP(=O)([O-])OCCCCCCCCC,0.7160137392495382
N(CCOP(=O)([O-])OCCCCCCCCCC)CCOCCOCCNCCOP(=O)([O-])OCCCCCCCCCC,0.28423787715755333
N(CCOP(=O)([O-])OCCCCCCCCCCC)CCOCCOCCNCCOP(=O)([O-])OCCCCCCCCCCC,0.30304249725626736
N(CCOP(=O)([O-])OCCCCCCCCCCCC)CCOCCOCCNCCOP(=O)([O-])OCCCCCCCCCCCC,0.3203430553590136
N(CCOP(=O)([O-])OCCCCCCCCCCCCC)CCOCCOCCNCCOP(=O)([O-])OCCCCCCCCCCCCC,0.33691624189498015
N(CCOP(=O)([O-])OCCCCCCCCCCCCCC)CCOCCOCCNCCOP(=O)([O-])OCCCCCCCCCCCCCC,0.3529716842986066
N(CCOP(=O)([O-])OCCCCCCCCCCCCCCC)CCOCCOCCNCCOP(=O)([O-])OCCCCCCCCCCCCCCC,0.36771618323793576
N(CCOP(=O)([O-])OCCCCCCCCCCCCCCCC)CCOCCOCCNCCOP(=O)([O-])OCCCCCCCCCCCCCCCC,0.38153695562125745
N(CCOP(=O)([O-])OCCCC)CCOCCOCCNCCOP(=O)([O-])OCCCC,0.08575776754389818
N(CCOP(=O)([O-])OCCCCC)CCOCCOCCNCCOP(=O)([O-])OCCCCC,0.11210680774663907
N(CCOP(=O)([O-])OCCCCCC)CCOCCOCCNCCOP(=O)([O-])OCCCCCC,0.13762345481948238
N(CCOP(=O)([O-])OCCCCCCC)CCOCCOCCNCCOP(=O)([O-])OCCCCCCC,0.17874309346790831
N(CCOP(=O)([O-])OCCCCCCCC)CCOCCOCCNCCOP(=O)([O-])OCCCCCCCC,0.22521321999609756
N(CCOP(=O)([O-])OCCCCCCCCC)CCOCCOCCNCCOP(=O)([O-])OCCCCCCCCC,0.26533821209883346
N(CCOP(=O)([O-])OCCCCCCCCCC)CCCC,0.4619666671441035
N(CCOP(=O)([O-])OCCCCCCCCCCC)CCCC,0.474753049876778
N(CCOP(=O)([O-])OCCCCCCCCCCCC)CCCC,0.48636397497849065
N(CCOP(=O)([O-])OCCCCCCCCCCCCC)CCCC,0.4969992120496534
N(CCOP(=O)([O-])OCCCCCCCCCCCCCC)CCCC,0.5069417878190309
N(CCOP(=O)([O-])OCCCCCCCCCCCCCCC)CCCC,0.5167589434349986
N(CCOP(=O)([O-])OCCCCCCCCCCCCCCCC)CCCC,0.5263582765496847
N(CCOP(=O)([O-])OCCCC)CCCC,0.21719820708634388
N(CCOP(=O)([O-])OCCCCC)CCCC,0.25540968077371806
N(CCOP(=O)([O-])OCCCCCC)CCCC,0.29656260445812227
N(CCOP(=O)([O-])OCCCCCCC)CCCC,0.35631818141276217
N(CCOP(=O)([O-])OCCCCCCCC)CCCC,0.4066401378180993
N(CCOP(=O)([O-])OCCCCCCCCC)CCCC,0.4469958834062101
C8CN(CCOP(=O)([O-])OCCCCCCCCCC)CCN8CCN(CCOP(=O)([O-])OCCCCCCCCCC)[H],0.3858477389338347
C8CN(CCOP(=O)([O-])OCCCCCCCCCCC)CCN8CCN(CCOP(=O)([O-])OCCCCCCCCCCC)[H],0.4029479929752879
C8CN(CCOP(=O)([O-])OCCCCCCCCCCCC)CCN8CCN(CCOP(=O)([O-])OCCCCCCCCCCCC)[H],0.4189629648133136
C8CN(CCOP(=O)([O-])OCCCCCCCCCCCCC)CCN8CCN(CCOP(=O)([O-])OCCCCCCCCCCCCC)[H],0.4335432061085465
C8CN(CCOP(=O)([O-])OCCCCCCCCCCCCCC)CCN8CCN(CCOP(=O)([O-])OCCCCCCCCCCCCCC)[H],0.44640031583114104
C8CN(CCOP(=O)([O-])OCCCCCCCCCCCCCCC)CCN8CCN(CCOP(=O)([O-])OCCCCCCCCCCCCCCC)[H],0.45794579916720146
C8CN(CCOP(=O)([O-])OCCCCCCCCCCCCCCCC)CCN8CCN(CCOP(=O)([O-])OCCCCCCCCCCCCCCCC)[H],0.46872979451691127
C8CN(CCOP(=O)([O-])OCCCC)CCN8CCN(CCOP(=O)([O-])OCCCC)[H],0.14181048074583533
C8CN(CCOP(=O)([O-])OCCCCC)CCN8CCN(CCOP(=O)([O-])OCCCCC)[H],0.17702836480801012
C8CN(CCOP(=O)([O-])OCCCCCC)CCN8CCN(CCOP(=O)([O-])OCCCCCC)[H],0.2162393842658169
C8CN(CCOP(=O)([O-])OCCCCCCC)CCN8CCN(CCOP(=O)([O-])OCCCCCCC)[H],0.27321349318047494
C8CN(CCOP(=O)([O-])OCCCCCCCC)CCN8CCN(CCOP(=O)([O-])OCCCCCCCC)[H],0.3257889741983079
C8CN(CCOP(=O)([O-])OCCCCCCCCC)CCN8CCN(CCOP(=O)([O-])OCCCCCCCCC)[H],0.3680262299334623
C8CN(CCOP(=O)([O-])OCCCCCCCCCC)CCN8CCN(CCOP(=O)([O-])OCCCCCCCCCC)CCOP(=O)([O-])OCCCCCCCCCC,0.31616532311353596
C8CN(CCOP(=O)([O-])OCCCCCCCCCCC)CCN8CCN(CCOP(=O)([O-])OCCCCCCCCCCC)CCOP(=O)([O-])OCCCCCCCCCCC,0.3362832917505118
C8CN(CCOP(=O)([O-])OCCCCCCCCCCCC)CCN8CCN(CCOP(=O)([O-])OCCCCCCCCCCCC)CCOP(=O)([O-])OCCCCCCCCCCCC,0.35515002808050733
C8CN(CCOP(=O)([O-])OCCCCCCCCCCCCC)CCN8CCN(CCOP(=O)([O-])OCCCCCCCCCCCCC)CCOP(=O)([O-])OCCCCCCCCCCCCC,0.3723996045536597
C8CN(CCOP(=O)([O-])OCCCCCCCCCCCCCC)CCN8CCN(CCOP(=O)([O-])OCCCCCCCCCCCCCC)CCOP(=O)([O-])OCCCCCCCCCCCCCC,0.38819814942714864
C8CN(CCOP(=O)([O-])OCCCCCCCCCCCCCCC)CCN8CCN(CCOP(=O)([O-])OCCCCCCCCCCCCCCC)CCOP(=O)([O-])OCCCCCCCCCCCCCCC,0.40387706414010544
C8CN(CCOP(=O)([O-])OCCCCCCCCCCCCCCCC)CCN8CCN(CCOP(=O)([O-])OCCCCCCCCCCCCCCCC)CCOP(=O)([O-])OCCCCCCCCCCCCCCCC,0.41836059770814726
C8CN(CCOP(=O)([O-])OCCCC)CCN8CCN(CCOP(=O)([O-])OCCCC)CCOP(=O)([O-])OCCCC,0.08576210261548857
C8CN(CCOP(=O)([O-])OCCCCC)CCN8CCN(CCOP(=O)([O-])OCCCCC)CCOP(=O)([O-])OCCCCC,0.11664830000618448
C8CN(CCOP(=O)([O-])OCCCCCC)CCN8CCN(CCOP(=O)([O-])OCCCCCC)CCOP(=O)([O-])OCCCCCC,0.14520763287460192
C8CN(CCOP(=O)([O-])OCCCCCCC)CCN8CCN(CCOP(=O)([O-])OCCCCCCC)CCOP(=O)([O-])OCCCCCCC,0.19816201696479785
C8CN(CCOP(=O)([O-])OCCCCCCCC)CCN8CCN(CCOP(=O)([O-])OCCCCCCCC)CCOP(=O)([O-])OCCCCCCCC,0.2502260783040492
C8CN(CCOP(=O)([O-])OCCCCCCCCC)CCN8CCN(CCOP(=O)([O-])OCCCCCCCCC)CCOP(=O)([O-])OCCCCCCCCC,0.29472771117681096
N(CCOP(=O)([O-])OCCCCCCCCCC)([H])CCCN(CCOP(=O)([O-])OCCCCCCCCCC)CCCN(C)C,0.47709265238338716
N(CCOP(=O)([O-])OCCCCCCCCCCC)([H])CCCN(CCOP(=O)([O-])OCCCCCCCCCCC)CCCN(C)C,0.4888266222568161
N(CCOP(=O)([O-])OCCCCCCCCCCCC)([H])CCCN(CCOP(=O)([O-])OCCCCCCCCCCCC)CCCN(C)C,0.4997971147617263
N(CCOP(=O)([O-])OCCCCCCCCCCCCC)([H])CCCN(CCOP(=O)([O-])OCCCCCCCCCCCCC)CCCN(C)C,0.5101966545843649
N(CCOP(=O)([O-])OCCCCCCCCCCCCCC)([H])CCCN(CCOP(=O)([O-])OCCCCCCCCCCCCCC)CCCN(C)C,0.5201793149198178
N(CCOP(=O)([O-])OCCCCCCCCCCCCCCC)([H])CCCN(CCOP(=O)([O-])OCCCCCCCCCCCCCCC)CCCN(C)C,0.5297204511830165
N(CCOP(=O)([O-])OCCCCCCCCCCCCCCCC)([H])CCCN(CCOP(=O)([O-])OCCCCCCCCCCCCCCCC)CCCN(C)C,0.5389458992191669
N(CCOP(=O)([O-])OCCCC)([H])CCCN(CCOP(=O)([O-])OCCCC)CCCN(C)C,0.23865010100550024
N(CCOP(=O)([O-])OCCCCC)([H])CCCN(CCOP(=O)([O-])OCCCCC)CCCN(C)C,0.2769956056049226
N(CCOP(=O)([O-])OCCCCCC)([H])CCCN(CCOP(=O)([O-])OCCCCCC)CCCN(C)C,0.3178135410860199
N(CCOP(=O)([O-])OCCCCCCC)([H])CCCN(CCOP(=O)([O-])OCCCCCCC)CCCN(C)C,0.37611746290330184
N(CCOP(=O)([O-])OCCCCCCCC)([H])CCCN(CCOP(=O)([O-])OCCCCCCCC)CCCN(C)C,0.4252542226127343
N(CCOP(=O)([O-])OCCCCCCCCC)([H])CCCN(CCOP(=O)([O-])OCCCCCCCCC)CCCN(C)C,0.46402095661706827
N(CCOP(=O)([O-])OCCCCCCCCCC)(CCOP(=O)([O-])OCCCCCCCCCC)CCCN(CCOP(=O)([O-])OCCCCCCCCCC)CCCN(C)C,0.39122245570687036
N(CCOP(=O)([O-])OCCCCCCCCCCC)(CCOP(=O)([O-])OCCCCCCCCCCC)CCCN(CCOP(=O)([O-])OCCCCCCCCCCC)CCCN(C)C,0.4082612764392789
N(CCOP(=O)([O-])OCCCCCCCCCCCC)(CCOP(=O)([O-])OCCCCCCCCCCCC)CCCN(CCOP(=O)([O-])OCCCCCCCCCCCC)CCCN(C)C,0.4246400973681858
N(CCOP(=O)([O-])OCCCCCCCCCCCCC)(CCOP(=O)([O-])OCCCCCCCCCCCCC)CCCN(CCOP(=O)([O-])OCCCCCCCCCCCCC)CCCN(C)C,0.4393489952743857
N(CCOP(=O)([O-])OCCCCCCCCCCCCCC)(CCOP(=O)([O-])OCCCCCCCCCCCCCC)CCCN(CCOP(=O)([O-])OCCCCCCCCCCCCCC)CCCN(C)C,0.45278433228568765
N(CCOP(=O)([O-])OCCCCCCCCCCCCCCC)(CCOP(=O)([O-])OCCCCCCCCCCCCCCC)CCCN(CCOP(=O)([O-])OCCCCCCCCCCCCCCC)CCCN(C)C,0.46465381768472314
N(CCOP(=O)([O-])OCCCCCCCCCCCCCCCC)(CCOP(=O)([O-])OCCCCCCCCCCCCCCCC)CCCN(CCOP(=O)([O-])OCCCCCCCCCCCCCCCC)CCCN(C)C,0.4755315812267785
N(CCOP(=O)([O-])OCCCC)(CCOP(=O)([O-])OCCCC)CCCN(CCOP(=O)([O-])OCCCC)CCCN(C)C,0.13535740006855407
N(CCOP(=O)([O-])OCCCCC)(CCOP(=O)([O-])OCCCCC)CCCN(CCOP(=O)([O-])OCCCCC)CCCN(C)C,0.17020104274493916
N(CCOP(=O)([O-])OCCCCCC)(CCOP(=O)([O-])OCCCCCC)CCCN(CCOP(=O)([O-])OCCCCCC)CCCN(C)C,0.21182444046598556
N(CCOP(=O)([O-])OCCCCCCC)(CCOP(=O)([O-])OCCCCCCC)CCCN(CCOP(=O)([O-])OCCCCCCC)CCCN(C)C,0.27373566146121897
N(CCOP(=O)([O-])OCCCCCCCC)(CCOP(=O)([O-])OCCCCCCCC)CCCN(CCOP(=O)([O-])OCCCCCCCC)CCCN(C)C,0.32931772247288693
N(CCOP(=O)([O-])OCCCCCCCCC)(CCOP(=O)([O-])OCCCCCCCCC)CCCN(CCOP(=O)([O-])OCCCCCCCCC)CCCN(C)C,0.3731225519720355
N(CCOP(=O)([O-])OCCCCCCCCCC)([H])CCCN(C)CCCN(CCOP(=O)([O-])OCCCCCCCCCC),0.49961890175018153
N(CCOP(=O)([O-])OCCCCCCCCCCC)([H])CCCN(C)CCCN(CCOP(=O)([O-])OCCCCCCCCCCC),0.5115321535569173
N(CCOP(=O)([O-])OCCCCCCCCCCCC)([H])CCCN(C)CCCN(CCOP(=O)([O-])OCCCCCCCCCCCC),0.5225584378393503
N(CCOP(=O)([O-])OCCCCCCCCCCCCC)([H])CCCN(C)CCCN(CCOP(=O)([O-])OCCCCCCCCCCCCC),0.5329816720943802
N(CCOP(=O)([O-])OCCCCCCCCCCCCCC)([H])CCCN(C)CCCN(CCOP(=O)([O-])OCCCCCCCCCCCCCC),0.5429751998010803
N(CCOP(=O)([O-])OCCCCCCCCCCCCCCC)([H])CCCN(C)CCCN(CCOP(=O)([O-])OCCCCCCCCCCCCCCC),0.5523304030622308
N(CCOP(=O)([O-])OCCCCCCCCCCCCCCCC)([H])CCCN(C)CCCN(CCOP(=O)([O-])OCCCCCCCCCCCCCCCC),0.5610312480514015
N(CCOP(=O)([O-])OCCCC)([H])CCCN(C)CCCN(CCOP(=O)([O-])OCCCC),0.2599240639896879
N(CCOP(=O)([O-])OCCCCC)([H])CCCN(C)CCCN(CCOP(=O)([O-])OCCCCC),0.2983701214654175
N(CCOP(=O)([O-])OCCCCCC)([H])CCCN(C)CCCN(CCOP(=O)([O-])OCCCCCC),0.3402770506838383
N(CCOP(=O)([O-])OCCCCCCC)([H])CCCN(C)CCCN(CCOP(=O)([O-])OCCCCCCC),0.3989649529518527
N(CCOP(=O)([O-])OCCCCCCCC)([H])CCCN(C)CCCN(CCOP(=O)([O-])OCCCCCCCC),0.45018973255429573
N(CCOP(=O)([O-])OCCCCCCCCC)([H])CCCN(C)CCCN(CCOP(=O)([O-])OCCCCCCCCC),0.4874228013683083
N(CCOP(=O)([O-])OCCCCCCCCCC)(CCOP(=O)([O-])OCCCCCCCCCC)CCCN(C)CCCN(CCOP(=O)([O-])OCCCCCCCCCC),0.40472189833162203
N(CCOP(=O)([O-])OCCCCCCCCCCC)(CCOP(=O)([O-])OCCCCCCCCCCC)CCCN(C)CCCN(CCOP(=O)([O-])OCCCCCCCCCCC),0.42226842720871627
N(CCOP(=O)([O-])OCCCCCCCCCCCC)(CCOP(=O)([O-])OCCCCCCCCCCCC)CCCN(C)CCCN(CCOP(=O)([O-])OCCCCCCCCCCCC),0.43819675699947647
N(CCOP(=O)([O-])OCCCCCCCCCCCCC)(CCOP(=O)([O-])OCCCCCCCCCCCCC)CCCN(C)CCCN(CCOP(=O)([O-])OCCCCCCCCCCCCC),0.45237457894358213
N(CCOP(=O)([O-])OCCCCCCCCCCCCCC)(CCOP(=O)([O-])OCCCCCCCCCCCCCC)CCCN(C)CCCN(CCOP(=O)([O-])OCCCCCCCCCCCCCC),0.4649942098813824
N(CCOP(=O)([O-])OCCCCCCCCCCCCCCC)(CCOP(=O)([O-])OCCCCCCCCCCCCCCC)CCCN(C)CCCN(CCOP(=O)([O-])OCCCCCCCCCCCCCCC),0.4764605633147826
N(CCOP(=O)([O-])OCCCCCCCCCCCCCCCC)(CCOP(=O)([O-])OCCCCCCCCCCCCCCCC)CCCN(C)CCCN(CCOP(=O)([O-])OCCCCCCCCCCCCCCCC),0.48702830985358264
N(CCOP(=O)([O-])OCCCC)(CCOP(=O)([O-])OCCCC)CCCN(C)CCCN(CCOP(=O)([O-])OCCCC),0.14445552764594008
N(CCOP(=O)([O-])OCCCCC)(CCOP(=O)([O-])OCCCCC)CCCN(C)CCCN(CCOP(=O)([O-])OCCCCC),0.18093010739298987
N(CCOP(=O)([O-])OCCCCCC)(CCOP(=O)([O-])OCCCCCC)CCCN(C)CCCN(CCOP(=O)([O-])OCCCCCC),0.22354576143189736
N(CCOP(=O)([O-])OCCCCCCC)(CCOP(=O)([O-])OCCCCCCC)CCCN(C)CCCN(CCOP(=O)([O-])OCCCCCCC),0.2860340220249916
N(CCOP(=O)([O-])OCCCCCCCC)(CCOP(=O)([O-])OCCCCCCCC)CCCN(C)CCCN(CCOP(=O)([O-])OCCCCCCCC),0.3427688557724498
N(CCOP(=O)([O-])OCCCCCCCCC)(CCOP(=O)([O-])OCCCCCCCCC)CCCN(C)CCCN(CCOP(=O)([O-])OCCCCCCCCC),0.38661834244743365
C8N(CCCN(CCOP(=O)([O-])OCCCCCCCCCC)([H]))CCN(CCCN(CCOP(=O)([O-])OCCCCCCCCCC)([H]))C8,0.5224218533919818
C8N(CCCN(CCOP(=O)([O-])OCCCCCCCCCCC)([H]))CCN(CCCN(CCOP(=O)([O-])OCCCCCCCCCCC)([H]))C8,0.5328941392789798
C8N(CCCN(CCOP(=O)([O-])OCCCCCCCCCCCC)([H]))CCN(CCCN(CCOP(=O)([O-])OCCCCCCCCCCCC)([H]))C8,0.542651850968071
C8N(CCCN(CCOP(=O)([O-])OCCCCCCCCCCCCC)([H]))CCN(CCCN(CCOP(=O)([O-])OCCCCCCCCCCCCC)([H]))C8,0.5519216592573449
C8N(CCCN(CCOP(=O)([O-])OCCCCCCCCCCCCCC)([H]))CCN(CCCN(CCOP(=O)([O-])OCCCCCCCCCCCCCC)([H]))C8,0.56052873605417
C8N(CCCN(CCOP(=O)([O-])OCCCCCCCCCCCCCCC)([H]))CCN(CCCN(CCOP(=O)([O-])OCCCCCCCCCCCCCCC)([H]))C8,0.568542204965823
C8N(CCCN(CCOP(=O)([O-])OCCCCCCCCCCCCCCCC)([H]))CCN(CCCN(CCOP(=O)([O-])OCCCCCCCCCCCCCCCC)([H]))C8,0.5760930089081507
C8N(CCCN(CCOP(=O)([O-])OCCCC)([H]))CCN(CCCN(CCOP(=O)([O-])OCCCC)([H]))C8,0.309586109668337
C8N(CCCN(CCOP(=O)([O-])OCCCCC)([H]))CCN(CCCN(CCOP(=O)([O-])OCCCCC)([H]))C8,0.344324344782079
C8N(CCCN(CCOP(=O)([O-])OCCCCCC)([H]))CCN(CCCN(CCOP(=O)([O-])OCCCCCC)([H]))C8,0.38021291786537553
C8N(CCCN(CCOP(=O)([O-])OCCCCCCC)([H]))CCN(CCCN(CCOP(=O)([O-])OCCCCCCC)([H]))C8,0.4339006416688557
C8N(CCCN(CCOP(=O)([O-])OCCCCCCCC)([H]))CCN(CCCN(CCOP(=O)([O-])OCCCCCCCC)([H]))C8,0.47811157236075624
C8N(CCCN(CCOP(=O)([O-])OCCCCCCCCC)([H]))CCN(CCCN(CCOP(=O)([O-])OCCCCCCCCC)([H]))C8,0.5113105304449262
C8N(CCCN(CCOP(=O)([O-])OCCCCCCCCCC)(CCOP(=O)([O-])OCCCCCCCCCC))CCN(CCCN(CCOP(=O)([O-])OCCCCCCCCCC)([H]))C8,0.42717825209208915
C8N(CCCN(CCOP(=O)([O-])OCCCCCCCCCCC)(CCOP(=O)([O-])OCCCCCCCCCCC))CCN(CCCN(CCOP(=O)([O-])OCCCCCCCCCCC)([H]))C8,0.4426981350006751
C8N(CCCN(CCOP(=O)([O-])OCCCCCCCCCCCC)(CCOP(=O)([O-])OCCCCCCCCCCCC))CCN(CCCN(CCOP(=O)([O-])OCCCCCCCCCCCC)([H]))C8,0.4562453821820058
C8N(CCCN(CCOP(=O)([O-])OCCCCCCCCCCCCC)(CCOP(=O)([O-])OCCCCCCCCCCCCC))CCN(CCCN(CCOP(=O)([O-])OCCCCCCCCCCCCC)([H]))C8,0.4683649952733526
C8N(CCCN(CCOP(=O)([O-])OCCCCCCCCCCCCCC)(CCOP(=O)([O-])OCCCCCCCCCCCCCC))CCN(CCCN(CCOP(=O)([O-])OCCCCCCCCCCCCCC)([H]))C8,0.47953641537725034
C8N(CCCN(CCOP(=O)([O-])OCCCCCCCCCCCCCCC)(CCOP(=O)([O-])OCCCCCCCCCCCCCCC))CCN(CCCN(CCOP(=O)([O-])OCCCCCCCCCCCCCCC)([H]))C8,0.4898619620601406
C8N(CCCN(CCOP(=O)([O-])OCCCCCCCCCCCCCCCC)(CCOP(=O)([O-])OCCCCCCCCCCCCCCCC))CCN(CCCN(CCOP(=O)([O-])OCCCCCCCCCCCCCCCC)([H]))C8,0.4994364427438599
C8N(CCCN(CCOP(=O)([O-])OCCCC)(CCOP(=O)([O-])OCCCC))CCN(CCCN(CCOP(=O)([O-])OCCCC)([H]))C8,0.18041827202261196
C8N(CCCN(CCOP(=O)([O-])OCCCCC)(CCOP(=O)([O-])OCCCCC))CCN(CCCN(CCOP(=O)([O-])OCCCCC)([H]))C8,0.21662651209729314
C8N(CCCN(CCOP(=O)([O-])OCCCCCC)(CCOP(=O)([O-])OCCCCCC))CCN(CCCN(CCOP(=O)([O-])OCCCCCC)([H]))C8,0.2571862881267284
C8N(CCCN(CCOP(=O)([O-])OCCCCCCC)(CCOP(=O)([O-])OCCCCCCC))CCN(CCCN(CCOP(=O)([O-])OCCCCCCC)([H]))C8,0.3168585188762023
C8N(CCCN(CCOP(=O)([O-])OCCCCCCCC)(CCOP(=O)([O-])OCCCCCCCC))CCN(CCCN(CCOP(=O)([O-])OCCCCCCCC)([H]))C8,0.36961645890035694
C8N(CCCN(CCOP(=O)([O-])OCCCCCCCCC)(CCOP(=O)([O-])OCCCCCCCCC))CCN(CCCN(CCOP(=O)([O-])OCCCCCCCCC)([H]))C8,0.4102392567753443
C8N(CCCN(CCOP(=O)([O-])OCCCCCCCCCC)(CCOP(=O)([O-])OCCCCCCCCCC))CCN(CCCN(CCOP(=O)([O-])OCCCCCCCCCC)(CCOP(=O)([O-])OCCCCCCCCCC))C8,0.3722364455235967
C8N(CCCN(CCOP(=O)([O-])OCCCCCCCCCCC)(CCOP(=O)([O-])OCCCCCCCCCCC))CCN(CCCN(CCOP(=O)([O-])OCCCCCCCCCCC)(CCOP(=O)([O-])OCCCCCCCCCCC))C8,0.3900309048649359
C8N(CCCN(CCOP(=O)([O-])OCCCCCCCCCCCC)(CCOP(=O)([O-])OCCCCCCCCCCCC))CCN(CCCN(CCOP(=O)([O-])OCCCCCCCCCCCC)(CCOP(=O)([O-])OCCCCCCCCCCCC))C8,0.4066119598527618
C8N(CCCN(CCOP(=O)([O-])OCCCCCCCCCCCCC)(CCOP(=O)([O-])OCCCCCCCCCCCCC))CCN(CCCN(CCOP(=O)([O-])OCCCCCCCCCCCCC)(CCOP(=O)([O-])OCCCCCCCCCCCCC))C8,0.4225446840996547
C8N(CCCN(CCOP(=O)([O-])OCCCCCCCCCCCCCC)(CCOP(=O)([O-])OCCCCCCCCCCCCCC))CCN(CCCN(CCOP(=O)([O-])OCCCCCCCCCCCCCC)(CCOP(=O)([O-])OCCCCCCCCCCCCCC))C8,0.43686761217295383
C8N(CCCN(CCOP(=O)([O-])OCCCCCCCCCCCCCCC)(CCOP(=O)([O-])OCCCCCCCCCCCCCCC))CCN(CCCN(CCOP(=O)([O-])OCCCCCCCCCCCCCCC)(CCOP(=O)([O-])OCCCCCCCCCCCCCCC))C8,0.4497791775208687
C8N(CCCN(CCOP(=O)([O-])OCCCCCCCCCCCCCCCC)(CCOP(=O)([O-])OCCCCCCCCCCCCCCCC))CCN(CCCN(CCOP(=O)([O-])OCCCCCCCCCCCCCCCC)(CCOP(=O)([O-])OCCCCCCCCCCCCCCCC))C8,0.4613896275462427
C8N(CCCN(CCOP(=O)([O-])OCCCC)(CCOP(=O)([O-])OCCCC))CCN(CCCN(CCOP(=O)([O-])OCCCC)(CCOP(=O)([O-])OCCCC))C8,0.12607743702254096
C8N(CCCN(CCOP(=O)([O-])OCCCCC)(CCOP(=O)([O-])OCCCCC))CCN(CCCN(CCOP(=O)([O-])OCCCCC)(CCOP(=O)([O-])OCCCCC))C8,0.1542931709290131
C8N(CCCN(CCOP(=O)([O-])OCCCCCC)(CCOP(=O)([O-])OCCCCCC))CCN(CCCN(CCOP(=O)([O-])OCCCCCC)(CCOP(=O)([O-])OCCCCCC))C8,0.19466106065603117
C8N(CCCN(CCOP(=O)([O-])OCCCCCCC)(CCOP(=O)([O-])OCCCCCCC))CCN(CCCN(CCOP(=O)([O-])OCCCCCCC)(CCOP(=O)([O-])OCCCCCCC))C8,0.2533810751153128
C8N(CCCN(CCOP(=O)([O-])OCCCCCCCC)(CCOP(=O)([O-])OCCCCCCCC))CCN(CCCN(CCOP(=O)([O-])OCCCCCCCC)(CCOP(=O)([O-])OCCCCCCCC))C8,0.30828739941976063
C8N(CCCN(CCOP(=O)([O-])OCCCCCCCCC)(CCOP(=O)([O-])OCCCCCCCCC))CCN(CCCN(CCOP(=O)([O-])OCCCCCCCCC)(CCOP(=O)([O-])OCCCCCCCCC))C8,0.3531970486367646
N(CCOP(=O)([O-])OCCCCCCCCCC)CCN([H])CCN([H])CCN(CCOP(=O)([O-])OCCCCCCCCCC),0.49728520800553466
N(CCOP(=O)([O-])OCCCCCCCCCCC)CCN([H])CCN([H])CCN(CCOP(=O)([O-])OCCCCCCCCCCC),0.5087977329205996
N(CCOP(=O)([O-])OCCCCCCCCCCCC)CCN([H])CCN([H])CCN(CCOP(=O)([O-])OCCCCCCCCCCCC),0.5199117281720602
N(CCOP(=O)([O-])OCCCCCCCCCCCCC)CCN([H])CCN([H])CCN(CCOP(=O)([O-])OCCCCCCCCCCCCC),0.5304945286923419
N(CCOP(=O)([O-])OCCCCCCCCCCCCCC)CCN([H])CCN([H])CCN(CCOP(=O)([O-])OCCCCCCCCCCCCCC),0.5406782057035959
N(CCOP(=O)([O-])OCCCCCCCCCCCCCCC)CCN([H])CCN([H])CCN(CCOP(=O)([O-])OCCCCCCCCCCCCCCC),0.550143686059861
N(CCOP(=O)([O-])OCCCCCCCCCCCCCCCC)CCN([H])CCN([H])CCN(CCOP(=O)([O-])OCCCCCCCCCCCCCCCC),0.5589794527292147
N(CCOP(=O)([O-])OCCCC)CCN([H])CCN([H])CCN(CCOP(=O)([O-])OCCCC),0.25693523997401085
N(CCOP(=O)([O-])OCCCCC)CCN([H])CCN([H])CCN(CCOP(=O)([O-])OCCCCC),0.2953631851643286
N(CCOP(=O)([O-])OCCCCCC)CCN([H])CCN([H])CCN(CCOP(=O)([O-])OCCCCCC),0.3373976129951407
N(CCOP(=O)([O-])OCCCCCCC)CCN([H])CCN([H])CCN(CCOP(=O)([O-])OCCCCCCC),0.39645319465701695
N(CCOP(=O)([O-])OCCCCCCCC)CCN([H])CCN([H])CCN(CCOP(=O)([O-])OCCCCCCCC),0.44792094611442007
N(CCOP(=O)([O-])OCCCCCCCCC)CCN([H])CCN([H])CCN(CCOP(=O)([O-])OCCCCCCCCC),0.48511847327984564
N(CCOP(=O)([O-])OCCCCCCCCCC)CCN(CCOP(=O)([O-])OCCCCCCCCCC)CCN([H])CCN(CCOP(=O)([O-])OCCCCCCCCCC),0.47176817493316614
N(CCOP(=O)([O-])OCCCCCCCCCCC)CCN(CCOP(=O)([O-])OCCCCCCCCCCC)CCN([H])CCN(CCOP(=O)([O-])OCCCCCCCCCCC),0.48515579646470264
N(CCOP(=O)([O-])OCCCCCCCCCCCC)CCN(CCOP(=O)([O-])OCCCCCCCCCCCC)CCN([H])CCN(CCOP(=O)([O-])OCCCCCCCCCCCC),0.4972093145604316
N(CCOP(=O)([O-])OCCCCCCCCCCCCC)CCN(CCOP(=O)([O-])OCCCCCCCCCCCCC)CCN([H])CCN(CCOP(=O)([O-])OCCCCCCCCCCCCC),0.5082472975977045
N(CCOP(=O)([O-])OCCCCCCCCCCCCCC)CCN(CCOP(=O)([O-])OCCCCCCCCCCCCCC)CCN([H])CCN(CCOP(=O)([O-])OCCCCCCCCCCCCCC),0.5193046993803206
N(CCOP(=O)([O-])OCCCCCCCCCCCCCCC)CCN(CCOP(=O)([O-])OCCCCCCCCCCCCCCC)CCN([H])CCN(CCOP(=O)([O-])OCCCCCCCCCCCCCCC),0.5299310287701333
N(CCOP(=O)([O-])OCCCCCCCCCCCCCCCC)CCN(CCOP(=O)([O-])OCCCCCCCCCCCCCCCC)CCN([H])CCN(CCOP(=O)([O-])OCCCCCCCCCCCCCCCC),0.5400445726368908
N(CCOP(=O)([O-])OCCCC)CCN(CCOP(=O)([O-])OCCCC)CCN([H])CCN(CCOP(=O)([O-])OCCCC),0.20462839977956193
N(CCOP(=O)([O-])OCCCCC)CCN(CCOP(=O)([O-])OCCCCC)CCN([H])CCN(CCOP(=O)([O-])OCCCCC),0.247090069700197
N(CCOP(=O)([O-])OCCCCCC)CCN(CCOP(=O)([O-])OCCCCCC)CCN([H])CCN(CCOP(=O)([O-])OCCCCCC),0.2914947276153271
N(CCOP(=O)([O-])OCCCCCCC)CCN(CCOP(=O)([O-])OCCCCCCC)CCN([H])CCN(CCOP(=O)([O-])OCCCCCCC),0.35778224791946794
N(CCOP(=O)([O-])OCCCCCCCC)CCN(CCOP(=O)([O-])OCCCCCCCC)CCN([H])CCN(CCOP(=O)([O-])OCCCCCCCC),0.4129240913188129
N(CCOP(=O)([O-])OCCCCCCCCC)CCN(CCOP(=O)([O-])OCCCCCCCCC)CCN([H])CCN(CCOP(=O)([O-])OCCCCCCCCC),0.45643410625754366
N(CCOP(=O)([O-])OCCCCCCCCCC)CCN(CCOP(=O)([O-])OCCCCCCCCCC)CCN(CCOP(=O)([O-])OCCCCCCCCCC)CCN(CCOP(=O)([O-])OCCCCCCCCCC),0.4669756939054455
N(CCOP(=O)([O-])OCCCCCCCCCCC)CCN(CCOP(=O)([O-])OCCCCCCCCCCC)CCN(CCOP(=O)([O-])OCCCCCCCCCCC)CCN(CCOP(=O)([O-])OCCCCCCCCCCC),0.481350583453287
N(CCOP(=O)([O-])OCCCCCCCCCCCC)CCN(CCOP(=O)([O-])OCCCCCCCCCCCC)CCN(CCOP(=O)([O-])OCCCCCCCCCCCC)CCN(CCOP(=O)([O-])OCCCCCCCCCCCC),0.49406133997129903
N(CCOP(=O)([O-])OCCCCCCCCCCCCC)CCN(CCOP(=O)([O-])OCCCCCCCCCCCCC)CCN(CCOP(=O)([O-])OCCCCCCCCCCCCC)CCN(CCOP(=O)([O-])OCCCCCCCCCCCCC),0.5056845576732749
N(CCOP(=O)([O-])OCCCCCCCCCCCCCC)CCN(CCOP(=O)([O-])OCCCCCCCCCCCCCC)CCN(CCOP(=O)([O-])OCCCCCCCCCCCCCC)CCN(CCOP(=O)([O-])OCCCCCCCCCCCCCC),0.5171018891669782
N(CCOP(=O)([O-])OCCCCCCCCCCCCCCC)CCN(CCOP(=O)([O-])OCCCCCCCCCCCCCCC)CCN(CCOP(=O)([O-])OCCCCCCCCCCCCCCC)CCN(CCOP(=O)([O-])OCCCCCCCCCCCCCCC),0.5281266294513106
N(CCOP(=O)([O-])OCCCCCCCCCCCCCCCC)CCN(CCOP(=O)([O-])OCCCCCCCCCCCCCCCC)CCN(CCOP(=O)([O-])OCCCCCCCCCCCCCCCC)CCN(CCOP(=O)([O-])OCCCCCCCCCCCCCCCC),0.53853127634459
N(CCOP(=O)([O-])OCCCC)CCN(CCOP(=O)([O-])OCCCC)CCN(CCOP(=O)([O-])OCCCC)CCN(CCOP(=O)([O-])OCCCC),0.18733176105660976
N(CCOP(=O)([O-])OCCCCC)CCN(CCOP(=O)([O-])OCCCCC)CCN(CCOP(=O)([O-])OCCCCC)CCN(CCOP(=O)([O-])OCCCCC),0.23110404782655922
N(CCOP(=O)([O-])OCCCCCC)CCN(CCOP(=O)([O-])OCCCCCC)CCN(CCOP(=O)([O-])OCCCCCC)CCN(CCOP(=O)([O-])OCCCCCC),0.2781424101942082
N(CCOP(=O)([O-])OCCCCCCC)CCN(CCOP(=O)([O-])OCCCCCCC)CCN(CCOP(=O)([O-])OCCCCCCC)CCN(CCOP(=O)([O-])OCCCCCCC),0.3469563567751414
N(CCOP(=O)([O-])OCCCCCCCC)CCN(CCOP(=O)([O-])OCCCCCCCC)CCN(CCOP(=O)([O-])OCCCCCCCC)CCN(CCOP(=O)([O-])OCCCCCCCC),0.40464398581207967
N(CCOP(=O)([O-])OCCCCCCCCC)CCN(CCOP(=O)([O-])OCCCCCCCCC)CCN(CCOP(=O)([O-])OCCCCCCCCC)CCN(CCOP(=O)([O-])OCCCCCCCCC),0.45027934382867796
N(CCOP(=O)([O-])OCCCCCCCCCC)CCCN([H])CCCCN([H])CCCN(CCOP(=O)([O-])OCCCCCCCCCC),0.5229619558045108
N(CCOP(=O)([O-])OCCCCCCCCCCC)CCCN([H])CCCCN([H])CCCN(CCOP(=O)([O-])OCCCCCCCCCCC),0.5335655409146095
N(CCOP(=O)([O-])OCCCCCCCCCCCC)CCCN([H])CCCCN([H])CCCN(CCOP(=O)([O-])OCCCCCCCCCCCC),0.5435559806251082
N(CCOP(=O)([O-])OCCCCCCCCCCCCC)CCCN([H])CCCCN([H])CCCN(CCOP(=O)([O-])OCCCCCCCCCCCCC),0.5529428952318651
N(CCOP(=O)([O-])OCCCCCCCCCCCCCC)CCCN([H])CCCCN([H])CCCN(CCOP(=O)([O-])OCCCCCCCCCCCCCC),0.561639167611276
N(CCOP(=O)([O-])OCCCCCCCCCCCCCCC)CCCN([H])CCCCN([H])CCCN(CCOP(=O)([O-])OCCCCCCCCCCCCCCC),0.5697314398106064
N(CCOP(=O)([O-])OCCCCCCCCCCCCCCCC)CCCN([H])CCCCN([H])CCCN(CCOP(=O)([O-])OCCCCCCCCCCCCCCCC),0.577314370790337
N(CCOP(=O)([O-])OCCCC)CCCN([H])CCCCN([H])CCCN(CCOP(=O)([O-])OCCCC),0.3107850241935209
N(CCOP(=O)([O-])OCCCCC)CCCN([H])CCCCN([H])CCCN(CCOP(=O)([O-])OCCCCC),0.3453374747665705
N(CCOP(=O)([O-])OCCCCCC)CCCN([H])CCCCN([H])CCCN(CCOP(=O)([O-])OCCCCCC),0.3818309091058114
N(CCOP(=O)([O-])OCCCCCCC)CCCN([H])CCCCN([H])CCCN(CCOP(=O)([O-])OCCCCCCC),0.43590733443113966
N(CCOP(=O)([O-])OCCCCCCCC)CCCN([H])CCCCN([H])CCCN(CCOP(=O)([O-])OCCCCCCCC),0.4796054202154426
N(CCOP(=O)([O-])OCCCCCCCCC)CCCN([H])CCCCN([H])CCCN(CCOP(=O)([O-])OCCCCCCCCC),0.5120240357210709
N(CCOP(=O)([O-])OCCCCCCCCCC)CCCN(CCOP(=O)([O-])OCCCCCCCCCC)CCCCN([H])CCCN(CCOP(=O)([O-])OCCCCCCCCCC),0.5040937051686857
N(CCOP(=O)([O-])OCCCCCCCCCCC)CCCN(CCOP(=O)([O-])OCCCCCCCCCCC)CCCCN([H])CCCN(CCOP(=O)([O-])OCCCCCCCCCCC),0.5160355803248264
N(CCOP(=O)([O-])OCCCCCCCCCCCC)CCCN(CCOP(=O)([O-])OCCCCCCCCCCCC)CCCCN([H])CCCN(CCOP(=O)([O-])OCCCCCCCCCCCC),0.5272184616453947
N(CCOP(=O)([O-])OCCCCCCCCCCCCC)CCCN(CCOP(=O)([O-])OCCCCCCCCCCCCC)CCCCN([H])CCCN(CCOP(=O)([O-])OCCCCCCCCCCCCC),0.5379621348908595
N(CCOP(=O)([O-])OCCCCCCCCCCCCCC)CCCN(CCOP(=O)([O-])OCCCCCCCCCCCCCC)CCCCN([H])CCCN(CCOP(=O)([O-])OCCCCCCCCCCCCCC),0.5479065515810494
N(CCOP(=O)([O-])OCCCCCCCCCCCCCCC)CCCN(CCOP(=O)([O-])OCCCCCCCCCCCCCCC)CCCCN([H])CCCN(CCOP(=O)([O-])OCCCCCCCCCCCCCCC),0.5572374071798428
N(CCOP(=O)([O-])OCCCCCCCCCCCCCCCC)CCCN(CCOP(=O)([O-])OCCCCCCCCCCCCCCCC)CCCCN([H])CCCN(CCOP(=O)([O-])OCCCCCCCCCCCCCCCC),0.5658961485284986
N(CCOP(=O)([O-])OCCCC)CCCN(CCOP(=O)([O-])OCCCC)CCCCN([H])CCCN(CCOP(=O)([O-])OCCCC),0.26007715733982534
N(CCOP(=O)([O-])OCCCCC)CCCN(CCOP(=O)([O-])OCCCCC)CCCCN([H])CCCN(CCOP(=O)([O-])OCCCCC),0.29949424115953155
N(CCOP(=O)([O-])OCCCCCC)CCCN(CCOP(=O)([O-])OCCCCCC)CCCCN([H])CCCN(CCOP(=O)([O-])OCCCCCC),0.3424147754387825
N(CCOP(=O)([O-])OCCCCCCC)CCCN(CCOP(=O)([O-])OCCCCCCC)CCCCN([H])CCCN(CCOP(=O)([O-])OCCCCCCC),0.4022458004544579
N(CCOP(=O)([O-])OCCCCCCCC)CCCN(CCOP(=O)([O-])OCCCCCCCC)CCCCN([H])CCCN(CCOP(=O)([O-])OCCCCCCCC),0.45468434071766833
N(CCOP(=O)([O-])OCCCCCCCCC)CCCN(CCOP(=O)([O-])OCCCCCCCCC)CCCCN([H])CCCN(CCOP(=O)([O-])OCCCCCCCCC),0.4919778926880482
N(CCOP(=O)([O-])OCCCCCCCCCC)CCCN(CCOP(=O)([O-])OCCCCCCCCCC)CCCCN(CCOP(=O)([O-])OCCCCCCCCCC)CCCN(CCOP(=O)([O-])OCCCCCCCCCC),0.4937952378370998
N(CCOP(=O)([O-])OCCCCCCCCCCC)CCCN(CCOP(=O)([O-])OCCCCCCCCCCC)CCCCN(CCOP(=O)([O-])OCCCCCCCCCCC)CCCN(CCOP(=O)([O-])OCCCCCCCCCCC),0.5060981710106321
N(CCOP(=O)([O-])OCCCCCCCCCCCC)CCCN(CCOP(=O)([O-])OCCCCCCCCCCCC)CCCCN(CCOP(=O)([O-])OCCCCCCCCCCCC)CCCN(CCOP(=O)([O-])OCCCCCCCCCCCC),0.5180798931946791
N(CCOP(=O)([O-])OCCCCCCCCCCCCC)CCCN(CCOP(=O)([O-])OCCCCCCCCCCCCC)CCCCN(CCOP(=O)([O-])OCCCCCCCCCCCCC)CCCN(CCOP(=O)([O-])OCCCCCCCCCCCCC),0.5294291700028676
N(CCOP(=O)([O-])OCCCCCCCCCCCCCC)CCCN(CCOP(=O)([O-])OCCCCCCCCCCCCCC)CCCCN(CCOP(=O)([O-])OCCCCCCCCCCCCCC)CCCN(CCOP(=O)([O-])OCCCCCCCCCCCCCC),0.5401550872701746
N(CCOP(=O)([O-])OCCCCCCCCCCCCCCC)CCCN(CCOP(=O)([O-])OCCCCCCCCCCCCCCC)CCCCN(CCOP(=O)([O-])OCCCCCCCCCCCCCCC)CCCN(CCOP(=O)([O-])OCCCCCCCCCCCCCCC),0.5500824012121721
N(CCOP(=O)([O-])OCCCCCCCCCCCCCCCC)CCCN(CCOP(=O)([O-])OCCCCCCCCCCCCCCCC)CCCCN(CCOP(=O)([O-])OCCCCCCCCCCCCCCCC)CCCN(CCOP(=O)([O-])OCCCCCCCCCCCCCCCC),0.5593798826981738
N(CCOP(=O)([O-])OCCCC)CCCN(CCOP(=O)([O-])OCCCC)CCCCN(CCOP(=O)([O-])OCCCC)CCCN(CCOP(=O)([O-])OCCCC),0.23122905228817256
N(CCOP(=O)([O-])OCCCCC)CCCN(CCOP(=O)([O-])OCCCCC)CCCCN(CCOP(=O)([O-])OCCCCC)CCCN(CCOP(=O)([O-])OCCCCC),0.27324713452370725
N(CCOP(=O)([O-])OCCCCCC)CCCN(CCOP(=O)([O-])OCCCCCC)CCCCN(CCOP(=O)([O-])OCCCCCC)CCCN(CCOP(=O)([O-])OCCCCCC),0.3189531007611408
N(CCOP(=O)([O-])OCCCCCCC)CCCN(CCOP(=O)([O-])OCCCCCCC)CCCCN(CCOP(=O)([O-])OCCCCCCC)CCCN(CCOP(=O)([O-])OCCCCCCC),0.38370437264736873
N(CCOP(=O)([O-])OCCCCCCCC)CCCN(CCOP(=O)([O-])OCCCCCCCC)CCCCN(CCOP(=O)([O-])OCCCCCCCC)CCCN(CCOP(=O)([O-])OCCCCCCCC),0.43889134829888765
N(CCOP(=O)([O-])OCCCCCCCCC)CCCN(CCOP(=O)([O-])OCCCCCCCCC)CCCCN(CCOP(=O)([O-])OCCCCCCCCC)CCCN(CCOP(=O)([O-])OCCCCCCCCC),0.48033769100696483
N(CCN(CCOP(=O)([O-])OCCCCCCCCCC)C)(CCN(CCOP(=O)([O-])OCCCCCCCCCC)C)(CCN([H])C),0.4116251435320672
N(CCN(CCOP(=O)([O-])OCCCCCCCCCCC)C)(CCN(CCOP(=O)([O-])OCCCCCCCCCCC)C)(CCN([H])C),0.426561335774051
N(CCN(CCOP(=O)([O-])OCCCCCCCCCCCC)C)(CCN(CCOP(=O)([O-])OCCCCCCCCCCCC)C)(CCN([H])C),0.44018711901261853
N(CCN(CCOP(=O)([O-])OCCCCCCCCCCCCC)C)(CCN(CCOP(=O)([O-])OCCCCCCCCCCCCC)C)(CCN([H])C),0.4523840804703556
N(CCN(CCOP(=O)([O-])OCCCCCCCCCCCCCC)C)(CCN(CCOP(=O)([O-])OCCCCCCCCCCCCCC)C)(CCN([H])C),0.46352280938369833
N(CCN(CCOP(=O)([O-])OCCCCCCCCCCCCCCC)C)(CCN(CCOP(=O)([O-])OCCCCCCCCCCCCCCC)C)(CCN([H])C),0.4738593718991916
N(CCN(CCOP(=O)([O-])OCCCCCCCCCCCCCCCC)C)(CCN(CCOP(=O)([O-])OCCCCCCCCCCCCCCCC)C)(CCN([H])C),0.48340861415241887
N(CCN(CCOP(=O)([O-])OCCCC)C)(CCN(CCOP(=O)([O-])OCCCC)C)(CCN([H])C),0.18713015053538537
N(CCN(CCOP(=O)([O-])OCCCCC)C)(CCN(CCOP(=O)([O-])OCCCCC)C)(CCN([H])C),0.21994242617214665
N(CCN(CCOP(=O)([O-])OCCCCCC)C)(CCN(CCOP(=O)([O-])OCCCCCC)C)(CCN([H])C),0.2558869543404575
N(CCN(CCOP(=O)([O-])OCCCCCCC)C)(CCN(CCOP(=O)([O-])OCCCCCCC)C)(CCN([H])C),0.3101077434882001
N(CCN(CCOP(=O)([O-])OCCCCCCCC)C)(CCN(CCOP(=O)([O-])OCCCCCCCC)C)(CCN([H])C),0.3585090553330954
N(CCN(CCOP(=O)([O-])OCCCCCCCCC)C)(CCN(CCOP(=O)([O-])OCCCCCCCCC)C)(CCN([H])C),0.39606419621245714
N(CCN(CCOP(=O)([O-])OCCCCCCCCCC)C)(CCN(CCOP(=O)([O-])OCCCCCCCCCC)C)(CCN(CCOP(=O)([O-])OCCCCCCCCCC)C),0.3737556802701309
N(CCN(CCOP(=O)([O-])OCCCCCCCCCCC)C)(CCN(CCOP(=O)([O-])OCCCCCCCCCCC)C)(CCN(CCOP(=O)([O-])OCCCCCCCCCCC)C),0.3908182845117442
N(CCN(CCOP(=O)([O-])OCCCCCCCCCCCC)C)(CCN(CCOP(=O)([O-])OCCCCCCCCCCCC)C)(CCN(CCOP(=O)([O-])OCCCCCCCCCCCC)C),0.40666525747950666
N(CCN(CCOP(=O)([O-])OCCCCCCCCCCCCC)C)(CCN(CCOP(=O)([O-])OCCCCCCCCCCCCC)C)(CCN(CCOP(=O)([O-])OCCCCCCCCCCCCC)C),0.4219611122021371
N(CCN(CCOP(=O)([O-])OCCCCCCCCCCCCCC)C)(CCN(CCOP(=O)([O-])OCCCCCCCCCCCCCC)C)(CCN(CCOP(=O)([O-])OCCCCCCCCCCCCCC)C),0.4358608066422209
N(CCN(CCOP(=O)([O-])OCCCCCCCCCCCCCCC)C)(CCN(CCOP(=O)([O-])OCCCCCCCCCCCCCCC)C)(CCN(CCOP(=O)([O-])OCCCCCCCCCCCCCCC)C),0.4484328111770692
N(CCN(CCOP(=O)([O-])OCCCCCCCCCCCCCCCC)C)(CCN(CCOP(=O)([O-])OCCCCCCCCCCCCCCCC)C)(CCN(CCOP(=O)([O-])OCCCCCCCCCCCCCCCC)C),0.4597681326178091
N(CCN(CCOP(=O)([O-])OCCCC)C)(CCN(CCOP(=O)([O-])OCCCC)C)(CCN(CCOP(=O)([O-])OCCCC)C),0.13228496261727055
N(CCN(CCOP(=O)([O-])OCCCCC)C)(CCN(CCOP(=O)([O-])OCCCCC)C)(CCN(CCOP(=O)([O-])OCCCCC)C),0.16387943944438568
N(CCN(CCOP(=O)([O-])OCCCCCC)C)(CCN(CCOP(=O)([O-])OCCCCCC)C)(CCN(CCOP(=O)([O-])OCCCCCC)C),0.20325893284879443
N(CCN(CCOP(=O)([O-])OCCCCCCC)C)(CCN(CCOP(=O)([O-])OCCCCCCC)C)(CCN(CCOP(=O)([O-])OCCCCCCC)C),0.2594090812385663
N(CCN(CCOP(=O)([O-])OCCCCCCCC)C)(CCN(CCOP(=O)([O-])OCCCCCCCC)C)(CCN(CCOP(=O)([O-])OCCCCCCCC)C),0.3124037874330071
N(CCN(CCOP(=O)([O-])OCCCCCCCCC)C)(CCN(CCOP(=O)([O-])OCCCCCCCCC)C)(CCN(CCOP(=O)([O-])OCCCCCCCCC)C),0.35543819157218376
[N+](CCOP(=O)([O-])OCCCCCCCCCC)(CCN(CCOP(=O)([O-])OCCCCCCCCCC)C)(CCN(CCOP(=O)([O-])OCCCCCCCCCC)C)(CCN(CCOP(=O)([O-])OCCCCCCCCCC)C),0.3709881230591908
[N+](CCOP(=O)([O-])OCCCCCCCCCCC)(CCN(CCOP(=O)([O-])OCCCCCCCCCCC)C)(CCN(CCOP(=O)([O-])OCCCCCCCCCCC)C)(CCN(CCOP(=O)([O-])OCCCCCCCCCCC)C),0.388950878193505
[N+](CCOP(=O)([O-])OCCCCCCCCCCCC)(CCN(CCOP(=O)([O-])OCCCCCCCCCCCC)C)(CCN(CCOP(=O)([O-])OCCCCCCCCCCCC)C)(CCN(CCOP(=O)([O-])OCCCCCCCCCCCC)C),0.40575183414159416
[N+](CCOP(=O)([O-])OCCCCCCCCCCCCC)(CCN(CCOP(=O)([O-])OCCCCCCCCCCCCC)C)(CCN(CCOP(=O)([O-])OCCCCCCCCCCCCC)C)(CCN(CCOP(=O)([O-])OCCCCCCCCCCCCC)C),0.4217873530312674
[N+](CCOP(=O)([O-])OCCCCCCCCCCCCCC)(CCN(CCOP(=O)([O-])OCCCCCCCCCCCCCC)C)(CCN(CCOP(=O)([O-])OCCCCCCCCCCCCCC)C)(CCN(CCOP(=O)([O-])OCCCCCCCCCCCCCC)C),0.4362360278729591
[N+](CCOP(=O)([O-])OCCCCCCCCCCCCCCC)(CCN(CCOP(=O)([O-])OCCCCCCCCCCCCCCC)C)(CCN(CCOP(=O)([O-])OCCCCCCCCCCCCCCC)C)(CCN(CCOP(=O)([O-])OCCCCCCCCCCCCCCC)C),0.4494041938282998
[N+](CCOP(=O)([O-])OCCCCCCCCCCCCCCCC)(CCN(CCOP(=O)([O-])OCCCCCCCCCCCCCCCC)C)(CCN(CCOP(=O)([O-])OCCCCCCCCCCCCCCCC)C)(CCN(CCOP(=O)([O-])OCCCCCCCCCCCCCCCC)C),0.4611069571247322
[N+](CCOP(=O)([O-])OCCCC)(CCN(CCOP(=O)([O-])OCCCC)C)(CCN(CCOP(=O)([O-])OCCCC)C)(CCN(CCOP(=O)([O-])OCCCC)C),0.11834491638067074
[N+](CCOP(=O)([O-])OCCCCC)(CCN(CCOP(=O)([O-])OCCCCC)C)(CCN(CCOP(=O)([O-])OCCCCC)C)(CCN(CCOP(=O)([O-])OCCCCC)C),0.14788029358689206
[N+](CCOP(=O)([O-])OCCCCCC)(CCN(CCOP(=O)([O-])OCCCCCC)C)(CCN(CCOP(=O)([O-])OCCCCCC)C)(CCN(CCOP(=O)([O-])OCCCCCC)C),0.189766467907767
[N+](CCOP(=O)([O-])OCCCCCCC)(CCN(CCOP(=O)([O-])OCCCCCCC)C)(CCN(CCOP(=O)([O-])OCCCCCCC)C)(CCN(CCOP(=O)([O-])OCCCCCCC)C),0.25027150747893484
[N+](CCOP(=O)([O-])OCCCCCCCC)(CCN(CCOP(=O)([O-])OCCCCCCCC)C)(CCN(CCOP(=O)([O-])OCCCCCCCC)C)(CCN(CCOP(=O)([O-])OCCCCCCCC)C),0.305971521037814
[N+](CCOP(=O)([O-])OCCCCCCCCC)(CCN(CCOP(=O)([O-])OCCCCCCCCC)C)(CCN(CCOP(=O)([O-])OCCCCCCCCC)C)(CCN(CCOP(=O)([O-])OCCCCCCCCC)C),0.3517828651456195
N(CCNCCOP(=O)([O-])OCCCCCCCCCC)(CCNCCOP(=O)([O-])OCCCCCCCCCC)(CCN([H])[H]),0.5153651882264164
N(CCNCCOP(=O)([O-])OCCCCCCCCCCC)(CCNCCOP(=O)([O-])OCCCCCCCCCCC)(CCN([H])[H]),0.526798197239296
N(CCNCCOP(=O)([O-])OCCCCCCCCCCCC)(CCNCCOP(=O)([O-])OCCCCCCCCCCCC)(CCN([H])[H]),0.5377110570458709
N(CCNCCOP(=O)([O-])OCCCCCCCCCCCCC)(CCNCCOP(=O)([O-])OCCCCCCCCCCCCC)(CCN([H])[H]),0.5478682485512438
N(CCNCCOP(=O)([O-])OCCCCCCCCCCCCCC)(CCNCCOP(=O)([O-])OCCCCCCCCCCCCCC)(CCN([H])[H]),0.5573362230582869
N(CCNCCOP(=O)([O-])OCCCCCCCCCCCCCCC)(CCNCCOP(=O)([O-])OCCCCCCCCCCCCCCC)(CCN([H])[H]),0.5661504331387733
N(CCNCCOP(=O)([O-])OCCCCCCCCCCCCCCCC)(CCNCCOP(=O)([O-])OCCCCCCCCCCCCCCCC)(CCN([H])[H]),0.5743706196422915
N(CCNCCOP(=O)([O-])OCCCC)(CCNCCOP(=O)([O-])OCCCC)(CCN([H])[H]),0.27610109624374346
N(CCNCCOP(=O)([O-])OCCCCC)(CCNCCOP(=O)([O-])OCCCCC)(CCN([H])[H]),0.3156528642054635
N(CCNCCOP(=O)([O-])OCCCCCC)(CCNCCOP(=O)([O-])OCCCCCC)(CCN([H])[H]),0.35710977736207616
N(CCNCCOP(=O)([O-])OCCCCCCC)(CCNCCOP(=O)([O-])OCCCCCCC)(CCN([H])[H]),0.41634389865048
N(CCNCCOP(=O)([O-])OCCCCCCCC)(CCNCCOP(=O)([O-])OCCCCCCCC)(CCN([H])[H]),0.4668315676212006
N(CCNCCOP(=O)([O-])OCCCCCCCCC)(CCNCCOP(=O)([O-])OCCCCCCCCC)(CCN([H])[H]),0.5030117781919
N(CCNCCOP(=O)([O-])OCCCCCCCCCC)(CCNCCOP(=O)([O-])OCCCCCCCCCC)(CCN(CCOP(=O)([O-])OCCCCCCCCCC)[H]),0.49192602029031934
N(CCNCCOP(=O)([O-])OCCCCCCCCCCC)(CCNCCOP(=O)([O-])OCCCCCCCCCCC)(CCN(CCOP(=O)([O-])OCCCCCCCCCCC)[H]),0.5046677755394298
N(CCNCCOP(=O)([O-])OCCCCCCCCCCCC)(CCNCCOP(=O)([O-])OCCCCCCCCCCCC)(CCN(CCOP(=O)([O-])OCCCCCCCCCCCC)[H]),0.516766485271875
N(CCNCCOP(=O)([O-])OCCCCCCCCCCCCC)(CCNCCOP(=O)([O-])OCCCCCCCCCCCCC)(CCN(CCOP(=O)([O-])OCCCCCCCCCCCCC)[H]),0.5282005038219743
N(CCNCCOP(=O)([O-])OCCCCCCCCCCCCCC)(CCNCCOP(=O)([O-])OCCCCCCCCCCCCCC)(CCN(CCOP(=O)([O-])OCCCCCCCCCCCCCC)[H]),0.5390995270301853
N(CCNCCOP(=O)([O-])OCCCCCCCCCCCCCCC)(CCNCCOP(=O)([O-])OCCCCCCCCCCCCCCC)(CCN(CCOP(=O)([O-])OCCCCCCCCCCCCCCC)[H]),0.549234093024929
N(CCNCCOP(=O)([O-])OCCCCCCCCCCCCCCCC)(CCNCCOP(=O)([O-])OCCCCCCCCCCCCCCCC)(CCN(CCOP(=O)([O-])OCCCCCCCCCCCCCCCC)[H]),0.5585884055179444
N(CCNCCOP(=O)([O-])OCCCC)(CCNCCOP(=O)([O-])OCCCC)(CCN(CCOP(=O)([O-])OCCCC)[H]),0.2277206135270718
N(CCNCCOP(=O)([O-])OCCCCC)(CCNCCOP(=O)([O-])OCCCCC)(CCN(CCOP(=O)([O-])OCCCCC)[H]),0.2693479157817767
N(CCNCCOP(=O)([O-])OCCCCCC)(CCNCCOP(=O)([O-])OCCCCCC)(CCN(CCOP(=O)([O-])OCCCCCC)[H]),0.3148587444131003
N(CCNCCOP(=O)([O-])OCCCCCCC)(CCNCCOP(=O)([O-])OCCCCCCC)(CCN(CCOP(=O)([O-])OCCCCCCC)[H]),0.38045345495409993
N(CCNCCOP(=O)([O-])OCCCCCCCC)(CCNCCOP(=O)([O-])OCCCCCCCC)(CCN(CCOP(=O)([O-])OCCCCCCCC)[H]),0.4362675313726674
N(CCNCCOP(=O)([O-])OCCCCCCCCC)(CCNCCOP(=O)([O-])OCCCCCCCCC)(CCN(CCOP(=O)([O-])OCCCCCCCCC)[H]),0.4781816758129817
N(CCNCCOP(=O)([O-])OCCCCCCCCCC)(CCNCCOP(=O)([O-])OCCCCCCCCCC)(CCN(CCOP(=O)([O-])OCCCCCCCCCC)CCOP(=O)([O-])OCCCCCCCCCC),0.4122228489506603
N(CCNCCOP(=O)([O-])OCCCCCCCCCCC)(CCNCCOP(=O)([O-])OCCCCCCCCCCC)(CCN(CCOP(=O)([O-])OCCCCCCCCCCC)CCOP(=O)([O-])OCCCCCCCCCCC),0.43004515964235424
N(CCNCCOP(=O)([O-])OCCCCCCCCCCCC)(CCNCCOP(=O)([O-])OCCCCCCCCCCCC)(CCN(CCOP(=O)([O-])OCCCCCCCCCCCC)CCOP(=O)([O-])OCCCCCCCCCCCC),0.44618290902165575
N(CCNCCOP(=O)([O-])OCCCCCCCCCCCCC)(CCNCCOP(=O)([O-])OCCCCCCCCCCCCC)(CCN(CCOP(=O)([O-])OCCCCCCCCCCCCC)CCOP(=O)([O-])OCCCCCCCCCCCCC),0.46035051682447997
N(CCNCCOP(=O)([O-])OCCCCCCCCCCCCCC)(CCNCCOP(=O)([O-])OCCCCCCCCCCCCCC)(CCN(CCOP(=O)([O-])OCCCCCCCCCCCCCC)CCOP(=O)([O-])OCCCCCCCCCCCCCC),0.4729710088381441
N(CCNCCOP(=O)([O-])OCCCCCCCCCCCCCCC)(CCNCCOP(=O)([O-])OCCCCCCCCCCCCCCC)(CCN(CCOP(=O)([O-])OCCCCCCCCCCCCCCC)CCOP(=O)([O-])OCCCCCCCCCCCCCCC),0.48454285891100085
N(CCNCCOP(=O)([O-])OCCCCCCCCCCCCCCCC)(CCNCCOP(=O)([O-])OCCCCCCCCCCCCCCCC)(CCN(CCOP(=O)([O-])OCCCCCCCCCCCCCCCC)CCOP(=O)([O-])OCCCCCCCCCCCCCCCC),0.4951543124729588
N(CCNCCOP(=O)([O-])OCCCC)(CCNCCOP(=O)([O-])OCCCC)(CCN(CCOP(=O)([O-])OCCCC)CCOP(=O)([O-])OCCCC),0.1406198206720359
N(CCNCCOP(=O)([O-])OCCCCC)(CCNCCOP(=O)([O-])OCCCCC)(CCN(CCOP(=O)([O-])OCCCCC)CCOP(=O)([O-])OCCCCC),0.17817781200942967
N(CCNCCOP(=O)([O-])OCCCCCC)(CCNCCOP(=O)([O-])OCCCCCC)(CCN(CCOP(=O)([O-])OCCCCCC)CCOP(=O)([O-])OCCCCCC),0.2228281289300605
N(CCNCCOP(=O)([O-])OCCCCCCC)(CCNCCOP(=O)([O-])OCCCCCCC)(CCN(CCOP(=O)([O-])OCCCCCCC)CCOP(=O)([O-])OCCCCCCC),0.2876471437329561
N(CCNCCOP(=O)([O-])OCCCCCCCC)(CCNCCOP(=O)([O-])OCCCCCCCC)(CCN(CCOP(=O)([O-])OCCCCCCCC)CCOP(=O)([O-])OCCCCCCCC),0.3473969306947184
N(CCNCCOP(=O)([O-])OCCCCCCCCC)(CCNCCOP(=O)([O-])OCCCCCCCCC)(CCN(CCOP(=O)([O-])OCCCCCCCCC)CCOP(=O)([O-])OCCCCCCCCC),0.3930301211755215
N(CCOP(=O)([O-])OCCCCCCCCCC)CCN([H])CCN([H])CCN([H])CCN(CCOP(=O)([O-])OCCCCCCCCCC),0.5162420603785223
N(CCOP(=O)([O-])OCCCCCCCCCCC)CCN([H])CCN([H])CCN([H])CCN(CCOP(=O)([O-])OCCCCCCCCCCC),0.526942323523541
N(CCOP(=O)([O-])OCCCCCCCCCCCC)CCN([H])CCN([H])CCN([H])CCN(CCOP(=O)([O-])OCCCCCCCCCCCC),0.5371659069472435
N(CCOP(=O)([O-])OCCCCCCCCCCCCC)CCN([H])CCN([H])CCN([H])CCN(CCOP(=O)([O-])OCCCCCCCCCCCCC),0.5468669657829479
N(CCOP(=O)([O-])OCCCCCCCCCCCCCC)CCN([H])CCN([H])CCN([H])CCN(CCOP(=O)([O-])OCCCCCCCCCCCCCC),0.5559368857027253
N(CCOP(=O)([O-])OCCCCCCCCCCCCCCC)CCN([H])CCN([H])CCN([H])CCN(CCOP(=O)([O-])OCCCCCCCCCCCCCCC),0.5643710347122732
N(CCOP(=O)([O-])OCCCCCCCCCCCCCCCC)CCN([H])CCN([H])CCN([H])CCN(CCOP(=O)([O-])OCCCCCCCCCCCCCCCC),0.5722515416336401
N(CCOP(=O)([O-])OCCCC)CCN([H])CCN([H])CCN([H])CCN(CCOP(=O)([O-])OCCCC),0.2969156455622987
N(CCOP(=O)([O-])OCCCCC)CCN([H])CCN([H])CCN([H])CCN(CCOP(=O)([O-])OCCCCC),0.33292150311670515
N(CCOP(=O)([O-])OCCCCCC)CCN([H])CCN([H])CCN([H])CCN(CCOP(=O)([O-])OCCCCCC),0.37047121031044333
N(CCOP(=O)([O-])OCCCCCCC)CCN([H])CCN([H])CCN([H])CCN(CCOP(=O)([O-])OCCCCCCC),0.4257297443354749
N(CCOP(=O)([O-])OCCCCCCCC)CCN([H])CCN([H])CCN([H])CCN(CCOP(=O)([O-])OCCCCCCCC),0.4715790648581031
N(CCOP(=O)([O-])OCCCCCCCCC)CCN([H])CCN([H])CCN([H])CCN(CCOP(=O)([O-])OCCCCCCCCC),0.5047782307881713
N(CCOP(=O)([O-])OCCCCCCCCCC)CCN([H])CCN(CCOP(=O)([O-])OCCCCCCCCCC)CCN([H])CCN(CCOP(=O)([O-])OCCCCCCCCCC),0.4811472210880638
N(CCOP(=O)([O-])OCCCCCCCCCCC)CCN([H])CCN(CCOP(=O)([O-])OCCCCCCCCCCC)CCN([H])CCN(CCOP(=O)([O-])OCCCCCCCCCCC),0.49337746758177914
N(CCOP(=O)([O-])OCCCCCCCCCCCC)CCN([H])CCN(CCOP(=O)([O-])OCCCCCCCCCCCC)CCN([H])CCN(CCOP(=O)([O-])OCCCCCCCCCCCC),0.5044309499846013
N(CCOP(=O)([O-])OCCCCCCCCCCCCC)CCN([H])CCN(CCOP(=O)([O-])OCCCCCCCCCCCCC)CCN([H])CCN(CCOP(=O)([O-])OCCCCCCCCCCCCC),0.5153242722767482
N(CCOP(=O)([O-])OCCCCCCCCCCCCCC)CCN([H])CCN(CCOP(=O)([O-])OCCCCCCCCCCCCCC)CCN([H])CCN(CCOP(=O)([O-])OCCCCCCCCCCCCCC),0.525792104323071
N(CCOP(=O)([O-])OCCCCCCCCCCCCCCC)CCN([H])CCN(CCOP(=O)([O-])OCCCCCCCCCCCCCCC)CCN([H])CCN(CCOP(=O)([O-])OCCCCCCCCCCCCCCC),0.5360610575371169
N(CCOP(=O)([O-])OCCCCCCCCCCCCCCCC)CCN([H])CCN(CCOP(=O)([O-])OCCCCCCCCCCCCCCCC)CCN([H])CCN(CCOP(=O)([O-])OCCCCCCCCCCCCCCCC),0.5455802215196519
N(CCOP(=O)([O-])OCCCC)CCN([H])CCN(CCOP(=O)([O-])OCCCC)CCN([H])CCN(CCOP(=O)([O-])OCCCC),0.22984723337259955
N(CCOP(=O)([O-])OCCCCC)CCN([H])CCN(CCOP(=O)([O-])OCCCCC)CCN([H])CCN(CCOP(=O)([O-])OCCCCC),0.2692908769288647
N(CCOP(=O)([O-])OCCCCCC)CCN([H])CCN(CCOP(=O)([O-])OCCCCCC)CCN([H])CCN(CCOP(=O)([O-])OCCCCCC),0.312089375973619
N(CCOP(=O)([O-])OCCCCCCC)CCN([H])CCN(CCOP(=O)([O-])OCCCCCCC)CCN([H])CCN(CCOP(=O)([O-])OCCCCCCC),0.37425736088376965
N(CCOP(=O)([O-])OCCCCCCCC)CCN([H])CCN(CCOP(=O)([O-])OCCCCCCCC)CCN([H])CCN(CCOP(=O)([O-])OCCCCCCCC),0.42705149578647694
N(CCOP(=O)([O-])OCCCCCCCCC)CCN([H])CCN(CCOP(=O)([O-])OCCCCCCCCC)CCN([H])CCN(CCOP(=O)([O-])OCCCCCCCCC),0.46746083592404425
N(CCOP(=O)([O-])OCCCCCCCCCC)CCN(CCOP(=O)([O-])OCCCCCCCCCC)CCN(CCOP(=O)([O-])OCCCCCCCCCC)CCN([H])CCN(CCOP(=O)([O-])OCCCCCCCCCC),0.4746867173429908
N(CCOP(=O)([O-])OCCCCCCCCCCC)CCN(CCOP(=O)([O-])OCCCCCCCCCCC)CCN(CCOP(=O)([O-])OCCCCCCCCCCC)CCN([H])CCN(CCOP(=O)([O-])OCCCCCCCCCCC),0.487983302371129
N(CCOP(=O)([O-])OCCCCCCCCCCCC)CCN(CCOP(=O)([O-])OCCCCCCCCCCCC)CCN(CCOP(=O)([O-])OCCCCCCCCCCCC)CCN([H])CCN(CCOP(=O)([O-])OCCCCCCCCCCCC),0.49995276164718405
N(CCOP(=O)([O-])OCCCCCCCCCCCCC)CCN(CCOP(=O)([O-])OCCCCCCCCCCCCC)CCN(CCOP(=O)([O-])OCCCCCCCCCCCCC)CCN([H])CCN(CCOP(=O)([O-])OCCCCCCCCCCCCC),0.5111919988984274
N(CCOP(=O)([O-])OCCCCCCCCCCCCCC)CCN(CCOP(=O)([O-])OCCCCCCCCCCCCCC)CCN(CCOP(=O)([O-])OCCCCCCCCCCCCCC)CCN([H])CCN(CCOP(=O)([O-])OCCCCCCCCCCCCCC),0.5222559923652426
N(CCOP(=O)([O-])OCCCCCCCCCCCCCCC)CCN(CCOP(=O)([O-])OCCCCCCCCCCCCCCC)CCN(CCOP(=O)([O-])OCCCCCCCCCCCCCCC)CCN([H])CCN(CCOP(=O)([O-])OCCCCCCCCCCCCCCC),0.5328933672799294
N(CCOP(=O)([O-])OCCCCCCCCCCCCCCCC)CCN(CCOP(=O)([O-])OCCCCCCCCCCCCCCCC)CCN(CCOP(=O)([O-])OCCCCCCCCCCCCCCCC)CCN([H])CCN(CCOP(=O)([O-])OCCCCCCCCCCCCCCCC),0.5428975842042496
N(CCOP(=O)([O-])OCCCC)CCN(CCOP(=O)([O-])OCCCC)CCN(CCOP(=O)([O-])OCCCC)CCN([H])CCN(CCOP(=O)([O-])OCCCC),0.20656261370792708
N(CCOP(=O)([O-])OCCCCC)CCN(CCOP(=O)([O-])OCCCCC)CCN(CCOP(=O)([O-])OCCCCC)CCN([H])CCN(CCOP(=O)([O-])OCCCCC),0.24932319572240103
N(CCOP(=O)([O-])OCCCCCC)CCN(CCOP(=O)([O-])OCCCCCC)CCN(CCOP(=O)([O-])OCCCCCC)CCN([H])CCN(CCOP(=O)([O-])OCCCCCC),0.293866457159339
N(CCOP(=O)([O-])OCCCCCCC)CCN(CCOP(=O)([O-])OCCCCCCC)CCN(CCOP(=O)([O-])OCCCCCCC)CCN([H])CCN(CCOP(=O)([O-])OCCCCCCC),0.36054241175488744
N(CCOP(=O)([O-])OCCCCCCCC)CCN(CCOP(=O)([O-])OCCCCCCCC)CCN(CCOP(=O)([O-])OCCCCCCCC)CCN([H])CCN(CCOP(=O)([O-])OCCCCCCCC),0.41590477965219025
N(CCOP(=O)([O-])OCCCCCCCCC)CCN(CCOP(=O)([O-])OCCCCCCCCC)CCN(CCOP(=O)([O-])OCCCCCCCCC)CCN([H])CCN(CCOP(=O)([O-])OCCCCCCCCC),0.459464202530143
N(CCOP(=O)([O-])OCCCCCCCCCC)CCN(CCOP(=O)([O-])OCCCCCCCCCC)CCN(CCOP(=O)([O-])OCCCCCCCCCC)CCN(CCOP(=O)([O-])OCCCCCCCCCC)CCN(CCOP(=O)([O-])OCCCCCCCCCC),0.47015229184398316
N(CCOP(=O)([O-])OCCCCCCCCCCC)CCN(CCOP(=O)([O-])OCCCCCCCCCCC)CCN(CCOP(=O)([O-])OCCCCCCCCCCC)CCN(CCOP(=O)([O-])OCCCCCCCCCCC)CCN(CCOP(=O)([O-])OCCCCCCCCCCC),0.4842036247129171
N(CCOP(=O)([O-])OCCCCCCCCCCCC)CCN(CCOP(=O)([O-])OCCCCCCCCCCCC)CCN(CCOP(=O)([O-])OCCCCCCCCCCCC)CCN(CCOP(=O)([O-])OCCCCCCCCCCCC)CCN(CCOP(=O)([O-])OCCCCCCCCCCCC),0.496723133312342
N(CCOP(=O)([O-])OCCCCCCCCCCCCC)CCN(CCOP(=O)([O-])OCCCCCCCCCCCCC)CCN(CCOP(=O)([O-])OCCCCCCCCCCCCC)CCN(CCOP(=O)([O-])OCCCCCCCCCCCCC)CCN(CCOP(=O)([O-])OCCCCCCCCCCCCC),0.5083249725790776
N(CCOP(=O)([O-])OCCCCCCCCCCCCCC)CCN(CCOP(=O)([O-])OCCCCCCCCCCCCCC)CCN(CCOP(=O)([O-])OCCCCCCCCCCCCCC)CCN(CCOP(=O)([O-])OCCCCCCCCCCCCCC)CCN(CCOP(=O)([O-])OCCCCCCCCCCCCCC),0.5197299520879755
N(CCOP(=O)([O-])OCCCCCCCCCCCCCCC)CCN(CCOP(=O)([O-])OCCCCCCCCCCCCCCC)CCN(CCOP(=O)([O-])OCCCCCCCCCCCCCCC)CCN(CCOP(=O)([O-])OCCCCCCCCCCCCCCC)CCN(CCOP(=O)([O-])OCCCCCCCCCCCCCCC),0.53069216044923
N(CCOP(=O)([O-])OCCCCCCCCCCCCCCCC)CCN(CCOP(=O)([O-])OCCCCCCCCCCCCCCCC)CCN(CCOP(=O)([O-])OCCCCCCCCCCCCCCCC)CCN(CCOP(=O)([O-])OCCCCCCCCCCCCCCCC)CCN(CCOP(=O)([O-])OCCCCCCCCCCCCCCCC),0.5409426450706099
N(CCOP(=O)([O-])OCCCC)CCN(CCOP(=O)([O-])OCCCC)CCN(CCOP(=O)([O-])OCCCC)CCN(CCOP(=O)([O-])OCCCC)CCN(CCOP(=O)([O-])OCCCC),0.19214760990173888
N(CCOP(=O)([O-])OCCCCC)CCN(CCOP(=O)([O-])OCCCCC)CCN(CCOP(=O)([O-])OCCCCC)CCN(CCOP(=O)([O-])OCCCCC)CCN(CCOP(=O)([O-])OCCCCC),0.23583640200516653
N(CCOP(=O)([O-])OCCCCCC)CCN(CCOP(=O)([O-])OCCCCCC)CCN(CCOP(=O)([O-])OCCCCCC)CCN(CCOP(=O)([O-])OCCCCCC)CCN(CCOP(=O)([O-])OCCCCCC),0.2824580630392569
N(CCOP(=O)([O-])OCCCCCCC)CCN(CCOP(=O)([O-])OCCCCCCC)CCN(CCOP(=O)([O-])OCCCCCCC)CCN(CCOP(=O)([O-])OCCCCCCC)CCN(CCOP(=O)([O-])OCCCCCCC),0.35115232007511565
N(CCOP(=O)([O-])OCCCCCCCC)CCN(CCOP(=O)([O-])OCCCCCCCC)CCN(CCOP(=O)([O-])OCCCCCCCC)CCN(CCOP(=O)([O-])OCCCCCCCC)CCN(CCOP(=O)([O-])OCCCCCCCC),0.4084948061520079
N(CCOP(=O)([O-])OCCCCCCCCC)CCN(CCOP(=O)([O-])OCCCCCCCCC)CCN(CCOP(=O)([O-])OCCCCCCCCC)CCN(CCOP(=O)([O-])OCCCCCCCCC)CCN(CCOP(=O)([O-])OCCCCCCCCC),0.45376295985108306
N(CCOP(=O)([O-])OCCCCCCCCCC)CCCCCC,0.5382322157893952
N(CCOP(=O)([O-])OCCCCCCCCCCC)CCCCCC,0.5485335929635555
N(CCOP(=O)([O-])OCCCCCCCCCCCC)CCCCCC,0.55793392847688
N(CCOP(=O)([O-])OCCCCCCCCCCCCC)CCCCCC,0.5666372082322862
N(CCOP(=O)([O-])OCCCCCCCCCCCCCC)CCCCCC,0.574808283719294
N(CCOP(=O)([O-])OCCCCCCCCCCCCCCC)CCCCCC,0.5825149720852489
N(CCOP(=O)([O-])OCCCCCCCCCCCCCCCC)CCCCCC,0.5897081029290981
N(CCOP(=O)([O-])OCCCC)CCCCCC,0.3269870870321703
N(CCOP(=O)([O-])OCCCCC)CCCCCC,0.3608500830687206
N(CCOP(=O)([O-])OCCCCCC)CCCCCC,0.3961617056309698
N(CCOP(=O)([O-])OCCCCCCC)CCCCCC,0.45002194152993064
N(CCOP(=O)([O-])OCCCCCCCC)CCCCCC,0.4934253909074428
N(CCOP(=O)([O-])OCCCCCCCCC)CCCCCC,0.5273282636641705
N(CCOP(=O)([O-])OCCCCCCCCCC)CCCCCCCC,0.5588432839736426
N(CCOP(=O)([O-])OCCCCCCCCCCC)CCCCCCCC,0.5675130114626301
N(CCOP(=O)([O-])OCCCCCCCCCCCC)CCCCCCCC,0.5756337882422808
N(CCOP(=O)([O-])OCCCCCCCCCCCCC)CCCCCCCC,0.5833123877197117
N(CCOP(=O)([O-])OCCCCCCCCCCCCCC)CCCCCCCC,0.5904787361349683
N(CCOP(=O)([O-])OCCCCCCCCCCCCCCC)CCCCCCCC,0.5972036198625128
N(CCOP(=O)([O-])OCCCCCCCCCCCCCCCC)CCCCCCCC,0.6036369254871968
N(CCOP(=O)([O-])OCCCC)CCCCCCCC,0.3699870481367931
N(CCOP(=O)([O-])OCCCCC)CCCCCCCC,0.39927256488114354
N(CCOP(=O)([O-])OCCCCCC)CCCCCCCC,0.4318674930929619
N(CCOP(=O)([O-])OCCCCCCC)CCCCCCCC,0.47849347435250705
N(CCOP(=O)([O-])OCCCCCCCC)CCCCCCCC,0.5174294543024933
N(CCOP(=O)([O-])OCCCCCCCCC)CCCCCCCC,0.5494801231838193
N(CCOP(=O)([O-])OCCCCCCCCCC)CCCCCCCCCC,0.5757258342828988
N(CCOP(=O)([O-])OCCCCCCCCCCC)CCCCCCCCCC,0.5834010488414165
N(CCOP(=O)([O-])OCCCCCCCCCCCC)CCCCCCCCCC,0.5905644874140987
N(CCOP(=O)([O-])OCCCCCCCCCCCCC)CCCCCCCCCC,0.5972997634365518
N(CCOP(=O)([O-])OCCCCCCCCCCCCCC)CCCCCCCCCC,0.6037299810650344
N(CCOP(=O)([O-])OCCCCCCCCCCCCCCC)CCCCCCCCCC,0.6097510391968348
N(CCOP(=O)([O-])OCCCCCCCCCCCCCCCC)CCCCCCCCCC,0.6154184029944931
N(CCOP(=O)([O-])OCCCC)CCCCCCCCCC,0.4054957976873205
N(CCOP(=O)([O-])OCCCCC)CCCCCCCCCC,0.43252375167029644
N(CCOP(=O)([O-])OCCCCCC)CCCCCCCCCC,0.46012491494815255
N(CCOP(=O)([O-])OCCCCCCC)CCCCCCCCCC,0.5005775464170814
N(CCOP(=O)([O-])OCCCCCCCC)CCCCCCCCCC,0.5380575658503906
N(CCOP(=O)([O-])OCCCCCCCCC)CCCCCCCCCC,0.5676099270357194
N(CCOP(=O)([O-])OCCCCCCCCCC)CCCCCCCCCCCC,0.5905644874140987
N(CCOP(=O)([O-])OCCCCCCCCCCC)CCCCCCCCCCCC,0.5972997040520095
N(CCOP(=O)([O-])OCCCCCCCCCCCC)CCCCCCCCCCCC,0.6037300404495768
N(CCOP(=O)([O-])OCCCCCCCCCCCCC)CCCCCCCCCCCC,0.6097509204277501
N(CCOP(=O)([O-])OCCCCCCCCCCCCCC)CCCCCCCCCCCC,0.6154184623790354
N(CCOP(=O)([O-])OCCCCCCCCCCCCCCC)CCCCCCCCCCCC,0.6206127095279177
N(CCOP(=O)([O-])OCCCCCCCCCCCCCCCC)CCCCCCCCCCCC,0.6254853299955182
N(CCOP(=O)([O-])OCCCC)CCCCCCCCCCCC,0.4365869014413403
N(CCOP(=O)([O-])OCCCCC)CCCCCCCCCCCC,0.45902541014683607
N(CCOP(=O)([O-])OCCCCCC)CCCCCCCCCCCC,0.48274243835651454
N(CCOP(=O)([O-])OCCCCCCC)CCCCCCCCCCCC,0.5202042564275982
N(CCOP(=O)([O-])OCCCCCCCC)CCCCCCCCCCCC,0.5563702147081374
N(CCOP(=O)([O-])OCCCCCCCCC)CCCCCCCCCCCC,0.5834010488414165
N(CCOP(=O)([O-])OCCCCCCCCCC)CCCCCCCCCCCCCC,0.6037299810650344
N(CCOP(=O)([O-])OCCCCCCCCCCC)CCCCCCCCCCCCCC,0.6097510391968348
N(CCOP(=O)([O-])OCCCCCCCCCCCC)CCCCCCCCCCCCCC,0.6154183436099507
N(CCOP(=O)([O-])OCCCCCCCCCCCCC)CCCCCCCCCCCCCC,0.6206128282970024
N(CCOP(=O)([O-])OCCCCCCCCCCCCCC)CCCCCCCCCCCCCC,0.6254853893800605
N(CCOP(=O)([O-])OCCCCCCCCCCCCCCC)CCCCCCCCCCCCCC,0.6300695791255442
N(CCOP(=O)([O-])OCCCCCCCCCCCCCCCC)CCCCCCCCCCCCCC,0.6344124300909819
N(CCOP(=O)([O-])OCCCC)CCCCCCCCCCCCCC,0.46149153142088806
N(CCOP(=O)([O-])OCCCCC)CCCCCCCCCCCCCC,0.48103819106833834
N(CCOP(=O)([O-])OCCCCCC)CCCCCCCCCCCCCC,0.5021826512118308
N(CCOP(=O)([O-])OCCCCCCC)CCCCCCCCCCCCCC,0.5389615173538007
N(CCOP(=O)([O-])OCCCCCCCC)CCCCCCCCCCCCCC,0.5724208469638348
N(CCOP(=O)([O-])OCCCCCCCCC)CCCCCCCCCCCCCC,0.5972997634365518
N(CCCC)(CCCC)CCOP(=O)([O-])OCCCCCCCCCC,0.49669373796388666
N(CCCC)(CCCC)CCOP(=O)([O-])OCCCCCCCCCCC,0.5066002079315249
N(CCCC)(CCCC)CCOP(=O)([O-])OCCCCCCCCCCCC,0.5161025660885794
N(CCCC)(CCCC)CCOP(=O)([O-])OCCCCCCCCCCCCC,0.5250745608980477
N(CCCC)(CCCC)CCOP(=O)([O-])OCCCCCCCCCCCCCC,0.5336809250803647
N(CCCC)(CCCC)CCOP(=O)([O-])OCCCCCCCCCCCCCCC,0.5421005248770409
N(CCCC)(CCCC)CCOP(=O)([O-])OCCCCCCCCCCCCCCCC,0.5500212945181103
N(CCCC)(CCCC)CCOP(=O)([O-])OCCCC,0.2993884475973633
N(CCCC)(CCCC)CCOP(=O)([O-])OCCCCC,0.331144569148712
N(CCCC)(CCCC)CCOP(=O)([O-])OCCCCCC,0.36444305572583396
N(CCCC)(CCCC)CCOP(=O)([O-])OCCCCCCC,0.41305559838781186
N(CCCC)(CCCC)CCOP(=O)([O-])OCCCCCCCC,0.4556163811096026
N(CCCC)(CCCC)CCOP(=O)([O-])OCCCCCCCCC,0.4862210066928212
N(CCCCCC)(CCCCCC)CCOP(=O)([O-])OCCCCCCCCCC,0.6160273320915873
N(CCCCCC)(CCCCCC)CCOP(=O)([O-])OCCCCCCCCCCC,0.6218856171928498
N(CCCCCC)(CCCCCC)CCOP(=O)([O-])OCCCCCCCCCCCC,0.6272175770954049
N(CCCCCC)(CCCCCC)CCOP(=O)([O-])OCCCCCCCCCCCCC,0.6322905610088408
N(CCCCCC)(CCCCCC)CCOP(=O)([O-])OCCCCCCCCCCCCCC,0.6370733920484322
N(CCCCCC)(CCCCCC)CCOP(=O)([O-])OCCCCCCCCCCCCCCC,0.6415828760396595
N(CCCCCC)(CCCCCC)CCOP(=O)([O-])OCCCCCCCCCCCCCCCC,0.6458435387985068
N(CCCCCC)(CCCCCC)CCOP(=O)([O-])OCCCC,0.4612168779125927
N(CCCCCC)(CCCCCC)CCOP(=O)([O-])OCCCCC,0.4827171702337513
N(CCCCCC)(CCCCCC)CCOP(=O)([O-])OCCCCCC,0.5062568465077489
N(CCCCCC)(CCCCCC)CCOP(=O)([O-])OCCCCCCC,0.5467140505864375
N(CCCCCC)(CCCCCC)CCOP(=O)([O-])OCCCCCCCC,0.5825812452344938
N(CCCCCC)(CCCCCC)CCOP(=O)([O-])OCCCCCCCCC,0.6097207530802444
N(CCCCCCCC)(CCCCCCCC)CCOP(=O)([O-])OCCCCCCCCCC,0.6384287848426665
N(CCCCCCCC)(CCCCCCCC)CCOP(=O)([O-])OCCCCCCCCCCC,0.6428992531895803
N(CCCCCCCC)(CCCCCCCC)CCOP(=O)([O-])OCCCCCCCCCCCC,0.6471223255331301
N(CCCCCCCC)(CCCCCCCC)CCOP(=O)([O-])OCCCCCCCCCCCCC,0.6511219338438765
N(CCCCCCCC)(CCCCCCCC)CCOP(=O)([O-])OCCCCCCCCCCCCCC,0.6549599568149317
N(CCCCCCCC)(CCCCCCCC)CCOP(=O)([O-])OCCCCCCCCCCCCCCC,0.6586340190646024
N(CCCCCCCC)(CCCCCCCC)CCOP(=O)([O-])OCCCCCCCCCCCCCCCC,0.6621244643093759
N(CCCCCCCC)(CCCCCCCC)CCOP(=O)([O-])OCCCC,0.5051619737007345
N(CCCCCCCC)(CCCCCCCC)CCOP(=O)([O-])OCCCCC,0.5235053837514104
N(CCCCCCCC)(CCCCCCCC)CCOP(=O)([O-])OCCCCCC,0.5443908679057838
N(CCCCCCCC)(CCCCCCCC)CCOP(=O)([O-])OCCCCCCC,0.5803015320388286
N(CCCCCCCC)(CCCCCCCC)CCOP(=O)([O-])OCCCCCCCC,0.6113574504515156
N(CCCCCCCC)(CCCCCCCC)CCOP(=O)([O-])OCCCCCCCCC,0.6336871666754551
N(CCC(=O)OCCCCCCCC\C=C/CC(CCCCCC)OC(=O)CC/C=C\CC)(CCC(=O)OCCCCCCCC\C=C/CC(CCCCCC)OC(=O)CC/C=C\CC)CCCN(C)C,0.7770198358966502
N(CCC(=O)OCCCCCCCC\C=C/CC(CCCCCC)OC(=O)CCCCCCCCCCCCCCCCC)(CCC(=O)OCCCCCCCC\C=C/CC(CCCCCC)OC(=O)CCCCCCCCCCCCCCCCC)CCCN(C)C,0.7903382447440963
N(CCC(=O)OCCCCCCCC\C=C/CC(CCCCCC)OC(=O)CCCCCCC/C=C\CCCCCCCC)(CCC(=O)OCCCCCCCC\C=C/CC(CCCCCC)OC(=O)CCCCCCC/C=C\CCCCCCCC)CCCN(C)C,0.7946680904947628
N(CCC(=O)OCCCCCCCC\C=C/CC(CCCCCC)OC(=O)CCC/C=C\C/C=C\C/C=C\C/C=C\C/C=C\CC)(CCC(=O)OCCCCCCCC\C=C/CC(CCCCCC)OC(=O)CCC/C=C\C/C=C\C/C=C\C/C=C\C/C=C\CC)CCCN(C)C,0.8791631490167192
N(CCC(=O)OCCCCCCCC\C=C/CC(CCCCCC)OC(=O)CCCCCCCCCC)(CCC(=O)OCCCCCCCC\C=C/CC(CCCCCC)OC(=O)CCCCCCCCCC)CCCN(C)C,0.7854665744291731
N(CCC(=O)OCCCCCCCC\C=C/CC(CCCCCC)OC(=O)CCCCCCCCCCC)(CCC(=O)OCCCCCCCC\C=C/CC(CCCCCC)OC(=O)CCCCCCCCCCC)CCCN(C)C,0.7865036660764965
N(CCC(=O)OCCCCCCCC\C=C/CC(CCCCCC)OC(=O)CCCCCCCCCCCCC)(CCC(=O)OCCCCCCCC\C=C/CC(CCCCCC)OC(=O)CCCCCCCCCCCCC)CCCN(C)C,0.7884308132443238
N(CCC(=O)OCCCCCCCC\C=C/CC(CCCCCC)OC(=O)CCCCCCCCCCCCCCC)(CCC(=O)OCCCCCCCC\C=C/CC(CCCCCC)OC(=O)CCCCCCCCCCCCCCC)CCCN(C)C,0.7895515183272537
N(CCC(=O)OCCCCCCCC\C=C/CC(CCCCCC)OC(=O)C(CCCCCC)CCCCCCCC)(CCC(=O)OCCCCCCCC\C=C/CC(CCCCCC)OC(=O)C(CCCCCC)CCCCCCCC)CCCN(C)C,0.7894860765616014
N(CCC(=O)OCCCCCCCC\C=C/CC(CCCCCC)OC(=O)CC/C=C\CCCCC)(CCC(=O)OCCCCCCCC\C=C/CC(CCCCCC)OC(=O)CC/C=C\CCCCC)CCCN(C)C,0.7835306977336226
N(CCC(=O)OCCCCCCCC\C=C/CC(CCCCCC)OC(=O)CCC/C=C\C/C=C\C/C=C\C/C=C\CCCCC)(CCC(=O)OCCCCCCCC\C=C/CC(CCCCCC)OC(=O)CCC/C=C\C/C=C\C/C=C\C/C=C\CCCCC)CCCN(C)C,0.8470655069624069
N(CCC(=O)OCCCCCCCC\C=C/CC(CCCCCC)OC(=O)CC\C=C/C/C=C\C\C=C/C\C=C/C\C=C/C\C=C/CC)(CCC(=O)OCCCCCCCC\C=C/CC(CCCCCC)OC(=O)CC\C=C/C/C=C\C\C=C/C\C=C/C\C=C/C\C=C/CC)CCCN(C)C,0.9023866619873298
N(CCC(=O)OCCCCCCCC\C=C/CC(CCCCCC)OC(=O)C(CCCC)CCCCCC)(CCC(=O)OCCCCCCCC\C=C/CC(CCCCCC)OC(=O)C(CCCC)CCCCCC)CCCN(C)C,0.7797375100920296
N(CCC(=O)OCCCCCCCC\C=C/CC(CCCCCC)OC(=O)CCCCCCC/C=C\C/C=C\C/C=C\CC)(CCC(=O)OCCCCCCCC\C=C/CC(CCCCCC)OC(=O)CCCCCCC/C=C\C/C=C\C/C=C\CC)CCCN(C)C,0.8319883061246507
N(CCC(=O)OCCCCCCCC\C=C/CC(CCCCCC)OC(=O)CCCC\C=C/C\C=C/C\C=C/CCCCC)(CCC(=O)OCCCCCCCC\C=C/CC(CCCCCC)OC(=O)CCCC\C=C/C\C=C/C\C=C/CCCCC)CCCN(C)C,0.8202086695381667
N(CCC(=O)OCCCCCCCC\C=C/CC(CCCCCC)OC(=O)CC/C=C\CC)(CCC(=O)OCCCCCCCC\C=C/CC(CCCCCC)OC(=O)CC/C=C\CC)CCN(C)C,0.7744398150704014
N(CCC(=O)OCCCCCCCC\C=C/CC(CCCCCC)OC(=O)CCCCCCCCCCCCCCCCC)(CCC(=O)OCCCCCCCC\C=C/CC(CCCCCC)OC(=O)CCCCCCCCCCCCCCCCC)CCN(C)C,0.7885120512982369
N(CCC(=O)OCCCCCCCC\C=C/CC(CCCCCC)OC(=O)CCCCCCC/C=C\CCCCCCCC)(CCC(=O)OCCCCCCCC\C=C/CC(CCCCCC)OC(=O)CCCCCCC/C=C\CCCCCCCC)CCN(C)C,0.792907932659979
N(CCC(=O)OCCCCCCCC\C=C/CC(CCCCCC)OC(=O)CCC/C=C\C/C=C\C/C=C\C/C=C\C/C=C\CC)(CCC(=O)OCCCCCCCC\C=C/CC(CCCCCC)OC(=O)CCC/C=C\C/C=C\C/C=C\C/C=C\C/C=C\CC)CCN(C)C,0.8784090840981603
N(CCC(=O)OCCCCCCCC\C=C/CC(CCCCCC)OC(=O)CCCCCCCCCC)(CCC(=O)OCCCCCCCC\C=C/CC(CCCCCC)OC(=O)CCCCCCCCCC)CCN(C)C,0.7830893518149953
N(CCC(=O)OCCCCCCCC\C=C/CC(CCCCCC)OC(=O)CCCCCCCCCCC)(CCC(=O)OCCCCCCCC\C=C/CC(CCCCCC)OC(=O)CCCCCCCCCCC)CCN(C)C,0.7841984769121699
N(CCC(=O)OCCCCCCCC\C=C/CC(CCCCCC)OC(=O)CCCCCCCCCCCCC)(CCC(=O)OCCCCCCCC\C=C/CC(CCCCCC)OC(=O)CCCCCCCCCCCCC)CCN(C)C,0.7862586454548258
N(CCC(=O)OCCCCCCCC\C=C/CC(CCCCCC)OC(=O)CCCCCCCCCCCCCCC)(CCC(=O)OCCCCCCCC\C=C/CC(CCCCCC)OC(=O)CCCCCCCCCCCCCCC)CCN(C)C,0.7876336945325727
N(CCC(=O)OCCCCCCCC\C=C/CC(CCCCCC)OC(=O)C(CCCCCC)CCCCCCCC)(CCC(=O)OCCCCCCCC\C=C/CC(CCCCCC)OC(=O)C(CCCCCC)CCCCCCCC)CCN(C)C,0.7874243640208449
N(CCC(=O)OCCCCCCCC\C=C/CC(CCCCCC)OC(=O)CCC/C=C\C/C=C\C/C=C\C/C=C\CCCCC)(CCC(=O)OCCCCCCCC\C=C/CC(CCCCCC)OC(=O)CCC/C=C\C/C=C\C/C=C\C/C=C\CCCCC)CCN(C)C,0.8460458743705298
N(CCC(=O)OCCCCCCCC\C=C/CC(CCCCCC)OC(=O)CC\C=C/C/C=C\C\C=C/C\C=C/C\C=C/C\C=C/CC)(CCC(=O)OCCCCCCCC\C=C/CC(CCCCCC)OC(=O)CC\C=C/C/C=C\C\C=C/C\C=C/C\C=C/C\C=C/CC)CCN(C)C,0.9024467591441719
N(CCC(=O)OCCCCCCCC\C=C/CC(CCCCCC)OC(=O)C(CCCC)CCCCCC)(CCC(=O)OCCCCCCCC\C=C/CC(CCCCCC)OC(=O)C(CCCC)CCCCCC)CCN(C)C,0.7773048816998541
N(CCC(=O)OCCCCCCCC\C=C/CC(CCCCCC)OC(=O)CCCCCCC/C=C\C/C=C\C/C=C\CC)(CCC(=O)OCCCCCCCC\C=C/CC(CCCCCC)OC(=O)CCCCCCC/C=C\C/C=C\C/C=C\CC)CCN(C)C,0.8307124886171441
N(CCC(=O)OCCCCCCCC\C=C/CC(CCCCCC)OC(=O)CCCC\C=C/C\C=C/C\C=C/CCCCC)(CCC(=O)OCCCCCCCC\C=C/CC(CCCCCC)OC(=O)CCCC\C=C/C\C=C/C\C=C/CCCCC)CCN(C)C,0.8187915762044473
N(CCC(=O)OCCCCCCCC\C=C/CC(CCCCCC)OC(=O)CC/C=C\CC)(CCC(=O)OCCCCCCCC\C=C/CC(CCCCCC)OC(=O)CC/C=C\CC)CCCN(CC)CC,0.7762426110065811
N(CCC(=O)OCCCCCCCC\C=C/CC(CCCCCC)OC(=O)CCC/C=C\C/C=C\C/C=C\C/C=C\C/C=C\CC)(CCC(=O)OCCCCCCCC\C=C/CC(CCCCCC)OC(=O)CCC/C=C\C/C=C\C/C=C\C/C=C\C/C=C\CC)CCCN(CC)CC,0.8770927069482395
N(CCC(=O)OCCCCCCCC\C=C/CC(CCCCCC)OC(=O)CCCCCCCCCC)(CCC(=O)OCCCCCCCC\C=C/CC(CCCCCC)OC(=O)CCCCCCCCCC)CCCN(CC)CC,0.7844822162554425
N(CCC(=O)OCCCCCCCC\C=C/CC(CCCCCC)OC(=O)CCCCCCCCCCC)(CCC(=O)OCCCCCCCC\C=C/CC(CCCCCC)OC(=O)CCCCCCCCCCC)CCCN(CC)CC,0.7854682965809008
N(CCC(=O)OCCCCCCCC\C=C/CC(CCCCCC)OC(=O)CCCCCCCCCCCCC)(CCC(=O)OCCCCCCCC\C=C/CC(CCCCCC)OC(=O)CCCCCCCCCCCCC)CCCN(CC)CC,0.7874156344931218
N(CCC(=O)OCCCCCCCC\C=C/CC(CCCCCC)OC(=O)CCCCCCCCCCCCCCC)(CCC(=O)OCCCCCCCC\C=C/CC(CCCCCC)OC(=O)CCCCCCCCCCCCCCC)CCCN(CC)CC,0.7886025533407541
N(CCC(=O)OCCCCCCCC\C=C/CC(CCCCCC)OC(=O)CC\C=C/C/C=C\C\C=C/C\C=C/C\C=C/C\C=C/CC)(CCC(=O)OCCCCCCCC\C=C/CC(CCCCCC)OC(=O)CC\C=C/C/C=C\C\C=C/C\C=C/C\C=C/C\C=C/CC)CCCN(CC)CC,0.8991558459616411
N(CCC(=O)OCCCCCCCC\C=C/CC(CCCCCC)OC(=O)CCCCCCC/C=C\C/C=C\C/C=C\CC)(CCC(=O)OCCCCCCCC\C=C/CC(CCCCCC)OC(=O)CCCCCCC/C=C\C/C=C\C/C=C\CC)CCCN(CC)CC,0.8300724420198669
N(CCC(=O)OCCCCCCCC\C=C/CC(CCCCCC)OC(=O)CCCC\C=C/C\C=C/C\C=C/CCCCC)(CCC(=O)OCCCCCCCC\C=C/CC(CCCCCC)OC(=O)CCCC\C=C/C\C=C/C\C=C/CCCCC)CCCN(CC)CC,0.8182906082053165
N(CCC(=O)OCCCCCCCC\C=C/CC(CCCCCC)OC(=O)CC/C=C\CC)(CCC(=O)OCCCCCCCC\C=C/CC(CCCCCC)OC(=O)CC/C=C\CC)CCN(CC)CC,0.7725314334179515
N(CCC(=O)OCCCCCCCC\C=C/CC(CCCCCC)OC(=O)CCCCCCCCCCCCCCCCC)(CCC(=O)OCCCCCCCC\C=C/CC(CCCCCC)OC(=O)CCCCCCCCCCCCCCCCC)CCN(CC)CC,0.7867220824232014
N(CCC(=O)OCCCCCCCC\C=C/CC(CCCCCC)OC(=O)CCCCCCC/C=C\CCCCCCCC)(CCC(=O)OCCCCCCCC\C=C/CC(CCCCCC)OC(=O)CCCCCCC/C=C\CCCCCCCC)CCN(CC)CC,0.7909997291611562
N(CCC(=O)OCCCCCCCC\C=C/CC(CCCCCC)OC(=O)CCC/C=C\C/C=C\C/C=C\C/C=C\C/C=C\CC)(CCC(=O)OCCCCCCCC\C=C/CC(CCCCCC)OC(=O)CCC/C=C\C/C=C\C/C=C\C/C=C\C/C=C\CC)CCN(CC)CC,0.875482613851934
N(CCC(=O)OCCCCCCCC\C=C/CC(CCCCCC)OC(=O)CCCCCCCCCC)(CCC(=O)OCCCCCCCC\C=C/CC(CCCCCC)OC(=O)CCCCCCCCCC)CCN(CC)CC,0.7808839880663324
N(CCC(=O)OCCCCCCCC\C=C/CC(CCCCCC)OC(=O)CCCCCCCCCCC)(CCC(=O)OCCCCCCCC\C=C/CC(CCCCCC)OC(=O)CCCCCCCCCCC)CCN(CC)CC,0.7819615799715277
N(CCC(=O)OCCCCCCCC\C=C/CC(CCCCCC)OC(=O)CCCCCCCCCCCCC)(CCC(=O)OCCCCCCCC\C=C/CC(CCCCCC)OC(=O)CCCCCCCCCCCCC)CCN(CC)CC,0.7840779262912316
N(CCC(=O)OCCCCCCCC\C=C/CC(CCCCCC)OC(=O)CCCCCCCCCCCCCCC)(CCC(=O)OCCCCCCCC\C=C/CC(CCCCCC)OC(=O)CCCCCCCCCCCCCCC)CCN(CC)CC,0.7857829752707294
N(CCC(=O)OCCCCCCCC\C=C/CC(CCCCCC)OC(=O)C(CCCCCC)CCCCCCCC)(CCC(=O)OCCCCCCCC\C=C/CC(CCCCCC)OC(=O)C(CCCCCC)CCCCCCCC)CCN(CC)CC,0.7853149063080517
N(CCC(=O)OCCCCCCCC\C=C/CC(CCCCCC)OC(=O)CC/C=C\CCCCC)(CCC(=O)OCCCCCCCC\C=C/CC(CCCCCC)OC(=O)CC/C=C\CCCCC)CCN(CC)CC,0.7794326892362285
N(CCC(=O)OCCCCCCCC\C=C/CC(CCCCCC)OC(=O)CCC/C=C\C/C=C\C/C=C\C/C=C\CCCCC)(CCC(=O)OCCCCCCCC\C=C/CC(CCCCCC)OC(=O)CCC/C=C\C/C=C\C/C=C\C/C=C\CCCCC)CCN(CC)CC,0.8432717254753906
N(CCC(=O)OCCCCCCCC\C=C/CC(CCCCCC)OC(=O)CC\C=C/C/C=C\C\C=C/C\C=C/C\C=C/C\C=C/CC)(CCC(=O)OCCCCCCCC\C=C/CC(CCCCCC)OC(=O)CC\C=C/C/C=C\C\C=C/C\C=C/C\C=C/C\C=C/CC)CCN(CC)CC,0.8981701219434368
N(CCC(=O)OCCCCCCCC\C=C/CC(CCCCCC)OC(=O)C(CCCC)CCCCCC)(CCC(=O)OCCCCCCCC\C=C/CC(CCCCCC)OC(=O)C(CCCC)CCCCCC)CCN(CC)CC,0.7754116431056994
N(CCC(=O)OCCCCCCCC\C=C/CC(CCCCCC)OC(=O)CCCCCCC/C=C\C/C=C\C/C=C\CC)(CCC(=O)OCCCCCCCC\C=C/CC(CCCCCC)OC(=O)CCCCCCC/C=C\C/C=C\C/C=C\CC)CCN(CC)CC,0.827915951749545
N(CCC(=O)OCCCCCCCC\C=C/CC(CCCCCC)OC(=O)CCCC\C=C/C\C=C/C\C=C/CCCCC)(CCC(=O)OCCCCCCCC\C=C/CC(CCCCCC)OC(=O)CCCC\C=C/C\C=C/C\C=C/CCCCC)CCN(CC)CC,0.8159939704150861
CN(CCC(=O)OCCCCCCCC\C=C/CC(CCCCCC)OC(=O)CC/C=C\CC)CCCN(CCC(=O)OCCCCCCCC\C=C/CC(CCCCCC)OC(=O)CC/C=C\CC)C,0.7847092433607858
CN(CCC(=O)OCCCCCCCC\C=C/CC(CCCCCC)OC(=O)CCCCC)CCCN(CCC(=O)OCCCCCCCC\C=C/CC(CCCCCC)OC(=O)CCCCC)C,0.7683217819809693
CN(CCC(=O)OCCCCCCCC\C=C/CC(CCCCCC)OC(=O)CCCCCC)CCCN(CCC(=O)OCCCCCCCC\C=C/CC(CCCCCC)OC(=O)CCCCCC)C,0.7780620939991566
CN(CCC(=O)OCCCCCCCC\C=C/CC(CCCCCC)OC(=O)CCCCCCC)CCCN(CCC(=O)OCCCCCCCC\C=C/CC(CCCCCC)OC(=O)CCCCCCC)C,0.7882343691782825
CN(CCC(=O)OCCCCCCCC\C=C/CC(CCCCCC)OC(=O)CCCCCCCCCCCCCCCCC)CCCN(CCC(=O)OCCCCCCCC\C=C/CC(CCCCCC)OC(=O)CCCCCCCCCCCCCCCCC)C,0.7959686119718804
CN(CCC(=O)OCCCCCCCC\C=C/CC(CCCCCC)OC(=O)CCCCCCC/C=C\CCCCCCCC)CCCN(CCC(=O)OCCCCCCCC\C=C/CC(CCCCCC)OC(=O)CCCCCCC/C=C\CCCCCCCC)C,0.80027589159646
CN(CCC(=O)OCCCCCCCC\C=C/CC(CCCCCC)OC(=O)CCCCCCC/C=C\C/C=C\CCCCC)CCCN(CCC(=O)OCCCCCCCC\C=C/CC(CCCCCC)OC(=O)CCCCCCC/C=C\C/C=C\CCCCC)C,0.806040942966258
CN(CCC(=O)OCCCCCCCC\C=C/CC(CCCCCC)OC(=O)CCC/C=C\C/C=C\C/C=C\C/C=C\C/C=C\CC)CCCN(CCC(=O)OCCCCCCCC\C=C/CC(CCCCCC)OC(=O)CCC/C=C\C/C=C\C/C=C\C/C=C\C/C=C\CC)C,0.8845217131942399
CN(CCC(=O)OCCCCCCCC\C=C/CC(CCCCCC)OC(=O)CCCCCCCCCC)CCCN(CCC(=O)OCCCCCCCC\C=C/CC(CCCCCC)OC(=O)CCCCCCCCCC)C,0.7934311104779428
CN(CCC(=O)OCCCCCCCC\C=C/CC(CCCCCC)OC(=O)CCCCCCCCCCC)CCCN(CCC(=O)OCCCCCCCC\C=C/CC(CCCCCC)OC(=O)CCCCCCCCCCC)C,0.7942206279682751
CN(CCC(=O)OCCCCCCCC\C=C/CC(CCCCCC)OC(=O)CCCCCCCCCCCCC)CCCN(CCC(=O)OCCCCCCCC\C=C/CC(CCCCCC)OC(=O)CCCCCCCCCCCCC)C,0.7948500447324746
CN(CCC(=O)OCCCCCCCC\C=C/CC(CCCCCC)OC(=O)CCCCCCCCCCCCCCC)CCCN(CCC(=O)OCCCCCCCC\C=C/CC(CCCCCC)OC(=O)CCCCCCCCCCCCCCC)C,0.7954345073981272
CN(CCC(=O)OCCCCCCCC\C=C/CC(CCCCCC)OC(=O)C(CCCCCC)CCCCCCCC)CCCN(CCC(=O)OCCCCCCCC\C=C/CC(CCCCCC)OC(=O)C(CCCCCC)CCCCCCCC)C,0.7960236020580818
CN(CCC(=O)OCCCCCCCC\C=C/CC(CCCCCC)OC(=O)CC/C=C\CCCCC)CCCN(CCC(=O)OCCCCCCCC\C=C/CC(CCCCCC)OC(=O)CC/C=C\CCCCC)C,0.7916217822421063
CN(CCC(=O)OCCCCCCCC\C=C/CC(CCCCCC)OC(=O)CCC/C=C\C/C=C\C/C=C\C/C=C\CCCCC)CCCN(CCC(=O)OCCCCCCCC\C=C/CC(CCCCCC)OC(=O)CCC/C=C\C/C=C\C/C=C\C/C=C\CCCCC)C,0.8524207456055569
CN(CCC(=O)OCCCCCCCC\C=C/CC(CCCCCC)OC(=O)CC\C=C/C/C=C\C\C=C/C\C=C/C\C=C/C\C=C/CC)CCCN(CCC(=O)OCCCCCCCC\C=C/CC(CCCCCC)OC(=O)CC\C=C/C/C=C\C\C=C/C\C=C/C\C=C/C\C=C/CC)C,0.9080237990529401
CN(CCC(=O)OCCCCCCCC\C=C/CC(CCCCCC)OC(=O)CCCCCCC/C=C\C/C=C\C/C=C\CC)CCCN(CCC(=O)OCCCCCCCC\C=C/CC(CCCCCC)OC(=O)CCCCCCC/C=C\C/C=C\C/C=C\CC)C,0.8377406492023891
CN(CCC(=O)OCCCCCCCC\C=C/CC(CCCCCC)OC(=O)CCCC\C=C/C\C=C/C\C=C/CCCCC)CCCN(CCC(=O)OCCCCCCCC\C=C/CC(CCCCCC)OC(=O)CCCC\C=C/C\C=C/C\C=C/CCCCC)C,0.8259038253016374
N(CCC(=O)OCCCCCCCC\C=C/CC(CCCCCC)OC(=O)CCC/C=C\C/C=C\C/C=C\C/C=C\C/C=C\CC)(CCC(=O)OCCCCCCCC\C=C/CC(CCCCCC)OC(=O)CCC/C=C\C/C=C\C/C=C\C/C=C\C/C=C\CC)CCCN1CCN(CCCN(CCC(=O)OCCCCCCCC\C=C/CC(CCCCCC)OC(=O)CCC/C=C\C/C=C\C/C=C\C/C=C\C/C=C\CC)(CCC(=O)OCCCCCCCC\C=C/CC(CCCCCC)OC(=O)CCC/C=C\C/C=C\C/C=C\C/C=C\C/C=C\CC))CC1,0.9035498270180286
N(CCC(=O)OCCCCCCCC\C=C/CC(CCCCCC)OC(=O)CC\C=C/C/C=C\C\C=C/C\C=C/C\C=C/C\C=C/CC)(CCC(=O)OCCCCCCCC\C=C/CC(CCCCCC)OC(=O)CC\C=C/C/C=C\C\C=C/C\C=C/C\C=C/C\C=C/CC)CCCN1CCN(CCCN(CCC(=O)OCCCCCCCC\C=C/CC(CCCCCC)OC(=O)CC\C=C/C/C=C\C\C=C/C\C=C/C\C=C/C\C=C/CC)(CCC(=O)OCCCCCCCC\C=C/CC(CCCCCC)OC(=O)CC\C=C/C/C=C\C\C=C/C\C=C/C\C=C/C\C=C/CC))CC1,0.9291963480849565
N(CCC(=O)OCCCCCCCC\C=C/CC(CCCCCC)OC(=O)CCCCCCC/C=C\C/C=C\C/C=C\CC)(CCC(=O)OCCCCCCCC\C=C/CC(CCCCCC)OC(=O)CCCCCCC/C=C\C/C=C\C/C=C\CC)CCCN1CCN(CCCN(CCC(=O)OCCCCCCCC\C=C/CC(CCCCCC)OC(=O)CCCCCCC/C=C\C/C=C\C/C=C\CC)(CCC(=O)OCCCCCCCC\C=C/CC(CCCCCC)OC(=O)CCCCCCC/C=C\C/C=C\C/C=C\CC))CC1,0.8578718902845767
N(CCC(=O)OCCCCCCCC\C=C/CC(CCCCCC)OC(=O)CCCC\C=C/C\C=C/C\C=C/CCCCC)(CCC(=O)OCCCCCCCC\C=C/CC(CCCCCC)OC(=O)CCCC\C=C/C\C=C/C\C=C/CCCCC)CCCN1CCN(CCCN(CCC(=O)OCCCCCCCC\C=C/CC(CCCCCC)OC(=O)CCCC\C=C/C\C=C/C\C=C/CCCCC)(CCC(=O)OCCCCCCCC\C=C/CC(CCCCCC)OC(=O)CCCC\C=C/C\C=C/C\C=C/CCCCC))CC1,0.84579248052839
CCN(CC)CCN(CCC(=O)OCCCCCCCC\C=C/CC(CCCCCC)OC(=O)CC/C=C\CC)CCN(CC)CC,0.7267008190261586
CCN(CC)CCN(CCC(=O)OCCCCCCCC\C=C/CC(CCCCCC)OC(=O)CCCCC)CCN(CC)CC,0.7163111370375475
CCN(CC)CCN(CCC(=O)OCCCCCCCC\C=C/CC(CCCCCC)OC(=O)CCCCCC)CCN(CC)CC,0.7240274456993604
CCN(CC)CCN(CCC(=O)OCCCCCCCC\C=C/CC(CCCCCC)OC(=O)CCCCCCC)CCN(CC)CC,0.7309623725531409
CCN(CC)CCN(CCC(=O)OCCCCCCCC\C=C/CC(CCCCCC)OC(=O)CCCCCCCCCCCCCCCCC)CCN(CC)CC,0.7445409450805528
CCN(CC)CCN(CCC(=O)OCCCCCCCC\C=C/CC(CCCCCC)OC(=O)CCCCCCC/C=C\CCCCCCCC)CCN(CC)CC,0.7481090653066994
CCN(CC)CCN(CCC(=O)OCCCCCCCC\C=C/CC(CCCCCC)OC(=O)CCCCCCC/C=C\C/C=C\CCCCC)CCN(CC)CC,0.7513490265519075
CCN(CC)CCN(CCC(=O)OCCCCCCCC\C=C/CC(CCCCCC)OC(=O)CCC/C=C\C/C=C\C/C=C\C/C=C\C/C=C\CC)CCN(CC)CC,0.8179926759564261
CCN(CC)CCN(CCC(=O)OCCCCCCCC\C=C/CC(CCCCCC)OC(=O)CCCCCCCCCC)CCN(CC)CC,0.73666079446644
CCN(CC)CCN(CCC(=O)OCCCCCCCC\C=C/CC(CCCCCC)OC(=O)CCCCCCCCCCC)CCN(CC)CC,0.7379162430759258
CCN(CC)CCN(CCC(=O)OCCCCCCCC\C=C/CC(CCCCCC)OC(=O)CCCCCCCCCCCCC)CCN(CC)CC,0.7402882398503783
CCN(CC)CCN(CCC(=O)OCCCCCCCC\C=C/CC(CCCCCC)OC(=O)CCCCCCCCCCCCCCC)CCN(CC)CC,0.7424903374492128
CCN(CC)CCN(CCC(=O)OCCCCCCCC\C=C/CC(CCCCCC)OC(=O)C(CCCCCC)CCCCCCCC)CCN(CC)CC,0.7430990290081376
CCN(CC)CCN(CCC(=O)OCCCCCCCC\C=C/CC(CCCCCC)OC(=O)CC/C=C\CCCCC)CCN(CC)CC,0.7354603953276977
CCN(CC)CCN(CCC(=O)OCCCCCCCC\C=C/CC(CCCCCC)OC(=O)CCC/C=C\C/C=C\C/C=C\C/C=C\CCCCC)CCN(CC)CC,0.789027271587528
CCN(CC)CCN(CCC(=O)OCCCCCCCC\C=C/CC(CCCCCC)OC(=O)CC\C=C/C/C=C\C\C=C/C\C=C/C\C=C/C\C=C/CC)CCN(CC)CC,0.8389495997152275
N(CCC(=O)OCCCCCCCC\C=C/CC(CCCCCC)OC(=O)CC/C=C\CC)(CCC(=O)OCCCCCCCC\C=C/CC(CCCCCC)OC(=O)CC/C=C\CC)CCCN1CCN(C)CC1,0.7720160349750336
N(CCC(=O)OCCCCCCCC\C=C/CC(CCCCCC)OC(=O)CCCCC)(CCC(=O)OCCCCCCCC\C=C/CC(CCCCCC)OC(=O)CCCCC)CCCN1CCN(C)CC1,0.7566150696124717
N(CCC(=O)OCCCCCCCC\C=C/CC(CCCCCC)OC(=O)CCCCCC)(CCC(=O)OCCCCCCCC\C=C/CC(CCCCCC)OC(=O)CCCCCC)CCCN1CCN(C)CC1,0.7656841581486563
N(CCC(=O)OCCCCCCCC\C=C/CC(CCCCCC)OC(=O)CCCCCCC)(CCC(=O)OCCCCCCCC\C=C/CC(CCCCCC)OC(=O)CCCCCCC)CCCN1CCN(C)CC1,0.7745772902859048
N(CCC(=O)OCCCCCCCC\C=C/CC(CCCCCC)OC(=O)CCCCCCCCCCCCCCCCC)(CCC(=O)OCCCCCCCC\C=C/CC(CCCCCC)OC(=O)CCCCCCCCCCCCCCCCC)CCCN1CCN(C)CC1,0.7857017372168162
N(CCC(=O)OCCCCCCCC\C=C/CC(CCCCCC)OC(=O)CCCCCCC/C=C\CCCCCCCC)(CCC(=O)OCCCCCCCC\C=C/CC(CCCCCC)OC(=O)CCCCCCC/C=C\CCCCCCCC)CCCN1CCN(C)CC1,0.7896225422398853
N(CCC(=O)OCCCCCCCC\C=C/CC(CCCCCC)OC(=O)CCCCCCC/C=C\C/C=C\CCCCC)(CCC(=O)OCCCCCCCC\C=C/CC(CCCCCC)OC(=O)CCCCCCC/C=C\C/C=C\CCCCC)CCCN1CCN(C)CC1,0.7950204783689736
N(CCC(=O)OCCCCCCCC\C=C/CC(CCCCCC)OC(=O)CCC/C=C\C/C=C\C/C=C\C/C=C\C/C=C\CC)(CCC(=O)OCCCCCCCC\C=C/CC(CCCCCC)OC(=O)CCC/C=C\C/C=C\C/C=C\C/C=C\C/C=C\CC)CCCN1CCN(C)CC1,0.8725593503709939
N(CCC(=O)OCCCCCCCC\C=C/CC(CCCCCC)OC(=O)CCCCCCCCCC)(CCC(=O)OCCCCCCCC\C=C/CC(CCCCCC)OC(=O)CCCCCCCCCC)CCCN1CCN(C)CC1,0.7798581794820526
N(CCC(=O)OCCCCCCCC\C=C/CC(CCCCCC)OC(=O)CCCCCCCCCCC)(CCC(=O)OCCCCCCCC\C=C/CC(CCCCCC)OC(=O)CCCCCCCCCCC)CCCN1CCN(C)CC1,0.7807611214482432
N(CCC(=O)OCCCCCCCC\C=C/CC(CCCCCC)OC(=O)CCCCCCCCCCCCC)(CCC(=O)OCCCCCCCC\C=C/CC(CCCCCC)OC(=O)CCCCCCCCCCCCC)CCCN1CCN(C)CC1,0.7825363629567798
N(CCC(=O)OCCCCCCCC\C=C/CC(CCCCCC)OC(=O)CCCCCCCCCCCCCCC)(CCC(=O)OCCCCCCCC\C=C/CC(CCCCCC)OC(=O)CCCCCCCCCCCCCCC)CCCN1CCN(C)CC1,0.7845100082212548
N(CCC(=O)OCCCCCCCC\C=C/CC(CCCCCC)OC(=O)CCC/C=C\C/C=C\C/C=C\C/C=C\CCCCC)(CCC(=O)OCCCCCCCC\C=C/CC(CCCCCC)OC(=O)CCC/C=C\C/C=C\C/C=C\C/C=C\CCCCC)CCCN1CCN(C)CC1,0.8409259766686499
N(CCC(=O)OCCCCCCCC\C=C/CC(CCCCCC)OC(=O)CC\C=C/C/C=C\C\C=C/C\C=C/C\C=C/C\C=C/CC)(CCC(=O)OCCCCCCCC\C=C/CC(CCCCCC)OC(=O)CC\C=C/C/C=C\C\C=C/C\C=C/C\C=C/C\C=C/CC)CCCN1CCN(C)CC1,0.8941736016288918
N(CCC(=O)OCCCCCCCC\C=C/CC(CCCCCC)OC(=O)CC/C=C\CC)(CCC(=O)OCCCCCCCC\C=C/CC(CCCCCC)OC(=O)CC/C=C\CC)CCc1ccncc1,0.5783443956771225
N(CCC(=O)OCCCCCCCC\C=C/CC(CCCCCC)OC(=O)CCCCC)(CCC(=O)OCCCCCCCC\C=C/CC(CCCCCC)OC(=O)CCCCC)CCc1ccncc1,0.5614967634787588
N(CCC(=O)OCCCCCCCC\C=C/CC(CCCCCC)OC(=O)CCCCCC)(CCC(=O)OCCCCCCCC\C=C/CC(CCCCCC)OC(=O)CCCCCC)CCc1ccncc1,0.5753620445765599
N(CCC(=O)OCCCCCCCC\C=C/CC(CCCCCC)OC(=O)CCCCCCC)(CCC(=O)OCCCCCCCC\C=C/CC(CCCCCC)OC(=O)CCCCCCC)CCc1ccncc1,0.5880183157769803
N(CCC(=O)OCCCCCCCC\C=C/CC(CCCCCC)OC(=O)CCCCCCCCCCCCCCCCC)(CCC(=O)OCCCCCCCC\C=C/CC(CCCCCC)OC(=O)CCCCCCCCCCCCCCCCC)CCc1ccncc1,0.6343714547567714
N(CCC(=O)OCCCCCCCC\C=C/CC(CCCCCC)OC(=O)CCC/C=C\C/C=C\C/C=C\C/C=C\C/C=C\CC)(CCC(=O)OCCCCCCCC\C=C/CC(CCCCCC)OC(=O)CCC/C=C\C/C=C\C/C=C\C/C=C\C/C=C\CC)CCc1ccncc1,0.7015567505719197
N(CCC(=O)OCCCCCCCC\C=C/CC(CCCCCC)OC(=O)CCCCCCCCCC)(CCC(=O)OCCCCCCCC\C=C/CC(CCCCCC)OC(=O)CCCCCCCCCC)CCc1ccncc1,0.6057505401179534
N(CCC(=O)OCCCCCCCC\C=C/CC(CCCCCC)OC(=O)CCCCCCCCCCC)(CCC(=O)OCCCCCCCC\C=C/CC(CCCCCC)OC(=O)CCCCCCCCCCC)CCc1ccncc1,0.6103280787946956
N(CCC(=O)OCCCCCCCC\C=C/CC(CCCCCC)OC(=O)CCCCCCCCCCCCC)(CCC(=O)OCCCCCCCC\C=C/CC(CCCCCC)OC(=O)CCCCCCCCCCCCC)CCc1ccncc1,0.6190706117325848
N(CCC(=O)OCCCCCCCC\C=C/CC(CCCCCC)OC(=O)CCCCCCCCCCCCCCC)(CCC(=O)OCCCCCCCC\C=C/CC(CCCCCC)OC(=O)CCCCCCCCCCCCCCC)CCc1ccncc1,0.6270670966651303
O=C(CCN(CCC(OCCCCCCCC/C=C\CC(CCCCCC)OC(C(CCCCCCCC)CCCCCC)=O)=O)CCC1=CC=NC=C1)OCCCCCCCC/C=C\CC(CCCCCC)OC(C(CCCCCCCC)CCCCCC)=O,0.6276946725085174
N(CCC(=O)OCCCCCCCC\C=C/CC(CCCCCC)OC(=O)CC/C=C\CCCCC)(CCC(=O)OCCCCCCCC\C=C/CC(CCCCCC)OC(=O)CC/C=C\CCCCC)CCc1ccncc1,0.6003834245663365
O=C(CCN(CCC(OCCCCCCCC/C=C\CC(CCCCCC)OC(CCC/C=C\C/C=C\C/C=C\C/C=C\CCCCC)=O)=O)CCC1=CC=NC=C1)OCCCCCCCC/C=C\CC(CCCCCC)OC(CCC/C=C\C/C=C\C/C=C\C/C=C\CCCCC)=O,0.679099951427385
N(CCC(=O)OCCCCCCCC\C=C/CC(CCCCCC)OC(=O)CC\C=C/C/C=C\C\C=C/C\C=C/C\C=C/C\C=C/CC)(CCC(=O)OCCCCCCCC\C=C/CC(CCCCCC)OC(=O)CC\C=C/C/C=C\C\C=C/C\C=C/C\C=C/C\C=C/CC)CCc1ccncc1,0.7278013333646948
O=C(CCN(CCC(OCCCCCCCC/C=C\CC(CCCCCC)OC(C(CCCCCC)CCCC)=O)=O)CCC1=CC=NC=C1)OCCCCCCCC/C=C\CC(CCCCCC)OC(C(CCCCCC)CCCC)=O,0.6057557065731365
O=C(CCN(CCC(OCCCCCCCC/C=C\CC(CCCCCC)OC(CCCC1CCCCC1)=O)=O)CCC2=CC=NC=C2)OCCCCCCCC/C=C\CC(CCCCCC)OC(CCCC3CCCCC3)=O,0.5522822421983978
N(CCC(=O)OCCCCCCCC\C=C/CC(CCCCCC)OC(=O)CCCCCCC/C=C\CCCCCCCC)(CCC(=O)OCCCCCCCC\C=C/CC(CCCCCC)OC(=O)CCCCCCC/C=C\CCCCCCCC)CCc1ccncc1,0.6389600389583877
O=C(CCN(CCC(OCCCCCCCC/C=C\CC(CCCCCC)OC(CCCCCCC/C=C\C/C=C\CCCCC)=O)=O)CCC1=CC=NC=C1)OCCCCCCCC/C=C\CC(CCCCCC)OC(CCCCCCC/C=C\C/C=C\CCCCC)=O,0.6427637376639738
CN(CCC(=O)OCCCCCCCC\C=C/CC(CCCCCC)OC(=O)CCCCCC)CCN(CCN(CCC(=O)OCCCCCCCC\C=C/CC(CCCCCC)OC(=O)CCCCCC)C)CCN(CCC(=O)OCCCCCCCC\C=C/CC(CCCCCC)OC(=O)CCCCCC)C,0.8010617272451676
CN(CCC(=O)OCCCCCCCC\C=C/CC(CCCCCC)OC(=O)CCCCCCC/C=C\CCCCCCCC)CCN(CCN(CCC(=O)OCCCCCCCC\C=C/CC(CCCCCC)OC(=O)CCCCCCC/C=C\CCCCCCCC)C)CCN(CCC(=O)OCCCCCCCC\C=C/CC(CCCCCC)OC(=O)CCCCCCC/C=C\CCCCCCCC)C,0.8147274168961837
CN(CCC(=O)OCCCCCCCC\C=C/CC(CCCCCC)OC(=O)CCCCCCC/C=C\C/C=C\CCCCC)CCN(CCN(CCC(=O)OCCCCCCCC\C=C/CC(CCCCCC)OC(=O)CCCCCCC/C=C\C/C=C\CCCCC)C)CCN(CCC(=O)OCCCCCCCC\C=C/CC(CCCCCC)OC(=O)CCCCCCC/C=C\C/C=C\CCCCC)C,0.8224188434347587
CN(CCC(=O)OCCCCCCCC\C=C/CC(CCCCCC)OC(=O)CCC/C=C\C/C=C\C/C=C\C/C=C\C/C=C\CC)CCN(CCN(CCC(=O)OCCCCCCCC\C=C/CC(CCCCCC)OC(=O)CCC/C=C\C/C=C\C/C=C\C/C=C\C/C=C\CC)C)CCN(CCC(=O)OCCCCCCCC\C=C/CC(CCCCCC)OC(=O)CCC/C=C\C/C=C\C/C=C\C/C=C\C/C=C\CC)C,0.8973909967480129
CN(CCC(=O)OCCCCCCCC\C=C/CC(CCCCCC)OC(=O)CCCCCCCCCC)CCN(CCN(CCC(=O)OCCCCCCCC\C=C/CC(CCCCCC)OC(=O)CCCCCCCCCC)C)CCN(CCC(=O)OCCCCCCCC\C=C/CC(CCCCCC)OC(=O)CCCCCCCCCC)C,0.8109715227471765
CN(CCC(=O)OCCCCCCCC\C=C/CC(CCCCCC)OC(=O)CCCCCCCCCCC)CCN(CCN(CCC(=O)OCCCCCCCC\C=C/CC(CCCCCC)OC(=O)CCCCCCCCCCC)C)CCN(CCC(=O)OCCCCCCCC\C=C/CC(CCCCCC)OC(=O)CCCCCCCCCCC)C,0.8108852370071651
CN(CCC(=O)OCCCCCCCC\C=C/CC(CCCCCC)OC(=O)CCCCCCCCCCCCC)CCN(CCN(CCC(=O)OCCCCCCCC\C=C/CC(CCCCCC)OC(=O)CCCCCCCCCCCCC)C)CCN(CCC(=O)OCCCCCCCC\C=C/CC(CCCCCC)OC(=O)CCCCCCCCCCCCC)C,0.8107452082563412
CN(CCC(=O)OCCCCCCCC\C=C/CC(CCCCCC)OC(=O)CCCCCCCCCCCCCCC)CCN(CCN(CCC(=O)OCCCCCCCC\C=C/CC(CCCCCC)OC(=O)CCCCCCCCCCCCCCC)C)CCN(CCC(=O)OCCCCCCCC\C=C/CC(CCCCCC)OC(=O)CCCCCCCCCCCCCCC)C,0.8106202631792702
CN(CCC(=O)OCCCCCCCC\C=C/CC(CCCCCC)OC(=O)C(CCCCCC)CCCCCCCC)CCN(CCN(CCC(=O)OCCCCCCCC\C=C/CC(CCCCCC)OC(=O)C(CCCCCC)CCCCCCCC)C)CCN(CCC(=O)OCCCCCCCC\C=C/CC(CCCCCC)OC(=O)C(CCCCCC)CCCCCCCC)C,0.8111813877197854
CN(CCC(=O)OCCCCCCCC\C=C/CC(CCCCCC)OC(=O)CC/C=C\CCCCC)CCN(CCN(CCC(=O)OCCCCCCCC\C=C/CC(CCCCCC)OC(=O)CC/C=C\CCCCC)C)CCN(CCC(=O)OCCCCCCCC\C=C/CC(CCCCCC)OC(=O)CC/C=C\CCCCC)C,0.8115170885376003
CN(CCC(=O)OCCCCCCCC\C=C/CC(CCCCCC)OC(=O)CCC/C=C\C/C=C\C/C=C\C/C=C\CCCCC)CCN(CCN(CCC(=O)OCCCCCCCC\C=C/CC(CCCCCC)OC(=O)CCC/C=C\C/C=C\C/C=C\C/C=C\CCCCC)C)CCN(CCC(=O)OCCCCCCCC\C=C/CC(CCCCCC)OC(=O)CCC/C=C\C/C=C\C/C=C\C/C=C\CCCCC)C,0.8654263760685291
CN(CCC(=O)OCCCCCCCC\C=C/CC(CCCCCC)OC(=O)CC\C=C/C/C=C\C\C=C/C\C=C/C\C=C/C\C=C/CC)CCN(CCN(CCC(=O)OCCCCCCCC\C=C/CC(CCCCCC)OC(=O)CC\C=C/C/C=C\C\C=C/C\C=C/C\C=C/C\C=C/CC)C)CCN(CCC(=O)OCCCCCCCC\C=C/CC(CCCCCC)OC(=O)CC\C=C/C/C=C\C\C=C/C\C=C/C\C=C/C\C=C/CC)C,0.9208609555693102
CN(CCC(=O)OCCCCCCCC\C=C/CC(CCCCCC)OC(=O)C(CCCC)CCCCCC)CCN(CCN(CCC(=O)OCCCCCCCC\C=C/CC(CCCCCC)OC(=O)C(CCCC)CCCCCC)C)CCN(CCC(=O)OCCCCCCCC\C=C/CC(CCCCCC)OC(=O)C(CCCC)CCCCCC)C,0.8064042575962581
CN(CCC(=O)OCCCCCCCC\C=C/CC(CCCCCC)OC(=O)C)CCN(CCN(CCC(=O)OCCCCCCCC\C=C/CC(CCCCCC)OC(=O)C)C)CCN(CCC(=O)OCCCCCCCC\C=C/CC(CCCCCC)OC(=O)C)C,0.7974640929014809
CN(CCC(=O)OCCCCCCCC\C=C/CC(CCCCCC)OC(=O)CCCCCCCCC)CCN(CCN(CCC(=O)OCCCCCCCC\C=C/CC(CCCCCC)OC(=O)CCCCCCCCC)C)CCN(CCC(=O)OCCCCCCCC\C=C/CC(CCCCCC)OC(=O)CCCCCCCCC)C,0.8110655284776915
CN(CCC(=O)OCCCCCCCC\C=C/CC(CCCCCC)OC(=O)CCCCCCC/C=C\C/C=C\C/C=C\CC)CCN(CCN(CCC(=O)OCCCCCCCC\C=C/CC(CCCCCC)OC(=O)CCCCCCC/C=C\C/C=C\C/C=C\CC)C)CCN(CCC(=O)OCCCCCCCC\C=C/CC(CCCCCC)OC(=O)CCCCCCC/C=C\C/C=C\C/C=C\CC)C,0.8519587932507398
CN(CCC(=O)OCCCCCCCC\C=C/CC(CCCCCC)OC(=O)CCCC\C=C/C\C=C/C\C=C/CCCCC)CCN(CCN(CCC(=O)OCCCCCCCC\C=C/CC(CCCCCC)OC(=O)CCCC\C=C/C\C=C/C\C=C/CCCCC)C)CCN(CCC(=O)OCCCCCCCC\C=C/CC(CCCCCC)OC(=O)CCCC\C=C/C\C=C/C\C=C/CCCCC)C,0.8400465509812236
CN(CCC(=O)OCCCCCCCC\C=C/CC(CCCCCC)O)CCN(CCN(CCC(=O)OCCCCCCCC\C=C/CC(CCCCCC)O)C)CCN(CCC(=O)OCCCCCCCC\C=C/CC(CCCCCC)O)C,0.8110067377807807
CN(CCC(=O)OCCCCCCCC\C=C/CC(CCCCCC)OC(=O)CCCCCCCC=C)CCN(CCN(CCC(=O)OCCCCCCCC\C=C/CC(CCCCCC)OC(=O)CCCCCCCC=C)C)CCN(CCC(=O)OCCCCCCCC\C=C/CC(CCCCCC)OC(=O)CCCCCCCC=C)C,0.8119998254822345
N(CCC(=O)OCCCCCCCC\C=C/CC(CCCCCC)OC(=O)CCC/C=C\C/C=C\C/C=C\C/C=C\C/C=C\CC)(CCC(=O)OCCCCCCCC\C=C/CC(CCCCCC)OC(=O)CCC/C=C\C/C=C\C/C=C\C/C=C\C/C=C\CC)CCCN(C)CCCN(CCC(=O)OCCCCCCCC\C=C/CC(CCCCCC)OC(=O)CCC/C=C\C/C=C\C/C=C\C/C=C\C/C=C\CC)(CCC(=O)OCCCCCCCC\C=C/CC(CCCCCC)OC(=O)CCC/C=C\C/C=C\C/C=C\C/C=C\C/C=C\CC),0.9041013312626857
N(CCC(=O)OCCCCCCCC\C=C/CC(CCCCCC)OC(=O)C(CCCCCC)CCCCCCCC)(CCC(=O)OCCCCCCCC\C=C/CC(CCCCCC)OC(=O)C(CCCCCC)CCCCCCCC)CCCN(C)CCCN(CCC(=O)OCCCCCCCC\C=C/CC(CCCCCC)OC(=O)C(CCCCCC)CCCCCCCC)(CCC(=O)OCCCCCCCC\C=C/CC(CCCCCC)OC(=O)C(CCCCCC)CCCCCCCC),0.8145402368187464
N(CCC(=O)OCCCCCCCC\C=C/CC(CCCCCC)OC(=O)CCC/C=C\C/C=C\C/C=C\C/C=C\CCCCC)(CCC(=O)OCCCCCCCC\C=C/CC(CCCCCC)OC(=O)CCC/C=C\C/C=C\C/C=C\C/C=C\CCCCC)CCCN(C)CCCN(CCC(=O)OCCCCCCCC\C=C/CC(CCCCCC)OC(=O)CCC/C=C\C/C=C\C/C=C\C/C=C\CCCCC)(CCC(=O)OCCCCCCCC\C=C/CC(CCCCCC)OC(=O)CCC/C=C\C/C=C\C/C=C\C/C=C\CCCCC),0.8715572956036477
N(CCC(=O)OCCCCCCCC\C=C/CC(CCCCCC)OC(=O)CC\C=C/C/C=C\C\C=C/C\C=C/C\C=C/C\C=C/CC)(CCC(=O)OCCCCCCCC\C=C/CC(CCCCCC)OC(=O)CC\C=C/C/C=C\C\C=C/C\C=C/C\C=C/C\C=C/CC)CCCN(C)CCCN(CCC(=O)OCCCCCCCC\C=C/CC(CCCCCC)OC(=O)CC\C=C/C/C=C\C\C=C/C\C=C/C\C=C/C\C=C/CC)(CCC(=O)OCCCCCCCC\C=C/CC(CCCCCC)OC(=O)CC\C=C/C/C=C\C\C=C/C\C=C/C\C=C/C\C=C/CC),0.9314387084034936
N(CCC(=O)OCCCCCCCC\C=C/CC(CCCCCC)OC(=O)C(CCCC)CCCCCC)(CCC(=O)OCCCCCCCC\C=C/CC(CCCCCC)OC(=O)C(CCCC)CCCCCC)CCCN(C)CCCN(CCC(=O)OCCCCCCCC\C=C/CC(CCCCCC)OC(=O)C(CCCC)CCCCCC)(CCC(=O)OCCCCCCCC\C=C/CC(CCCCCC)OC(=O)C(CCCC)CCCCCC),0.8099394787859516
N(CCC(=O)OCCCCCCCC\C=C/CC(CCCCCC)OC(=O)CCCCCCC/C=C\C/C=C\C/C=C\CC)(CCC(=O)OCCCCCCCC\C=C/CC(CCCCCC)OC(=O)CCCCCCC/C=C\C/C=C\C/C=C\CC)CCCN(C)CCCN(CCC(=O)OCCCCCCCC\C=C/CC(CCCCCC)OC(=O)CCCCCCC/C=C\C/C=C\C/C=C\CC)(CCC(=O)OCCCCCCCC\C=C/CC(CCCCCC)OC(=O)CCCCCCC/C=C\C/C=C\C/C=C\CC),0.8579057988582495
N(CCC(=O)OCCCCCCCC\C=C/CC(CCCCCC)OC(=O)CCCC\C=C/C\C=C/C\C=C/CCCCC)(CCC(=O)OCCCCCCCC\C=C/CC(CCCCCC)OC(=O)CCCC\C=C/C\C=C/C\C=C/CCCCC)CCCN(C)CCCN(CCC(=O)OCCCCCCCC\C=C/CC(CCCCCC)OC(=O)CCCC\C=C/C\C=C/C\C=C/CCCCC)(CCC(=O)OCCCCCCCC\C=C/CC(CCCCCC)OC(=O)CCCC\C=C/C\C=C/C\C=C/CCCCC),0.8456023312238361
N(CCC(=O)OCCCCCCCC\C=C/CC(CCCCCC)OC(=O)CC/C=C\CC)(CCC(=O)OCCCCCCCC\C=C/CC(CCCCCC)OC(=O)CC/C=C\CC)CCN1CCOCC1,0.40078654409568115
N(CCC(=O)OCCCCCCCC\C=C/CC(CCCCCC)OC(=O)CCCCC)(CCC(=O)OCCCCCCCC\C=C/CC(CCCCCC)OC(=O)CCCCC)CCN1CCOCC1,0.3819514597267497
N(CCC(=O)OCCCCCCCC\C=C/CC(CCCCCC)OC(=O)CCCCCC)(CCC(=O)OCCCCCCCC\C=C/CC(CCCCCC)OC(=O)CCCCCC)CCN1CCOCC1,0.3986154452279452
N(CCC(=O)OCCCCCCCC\C=C/CC(CCCCCC)OC(=O)CCCCCCC)(CCC(=O)OCCCCCCCC\C=C/CC(CCCCCC)OC(=O)CCCCCCC)CCN1CCOCC1,0.414224167411863
N(CCC(=O)OCCCCCCCC\C=C/CC(CCCCCC)OC(=O)CCCCCCC/C=C\CCCCCCCC)(CCC(=O)OCCCCCCCC\C=C/CC(CCCCCC)OC(=O)CCCCCCC/C=C\CCCCCCCC)CCN1CCOCC1,0.4925820413294846
N(CCC(=O)OCCCCCCCC\C=C/CC(CCCCCC)OC(=O)CCC/C=C\C/C=C\C/C=C\C/C=C\C/C=C\CC)(CCC(=O)OCCCCCCCC\C=C/CC(CCCCCC)OC(=O)CCC/C=C\C/C=C\C/C=C\C/C=C\C/C=C\CC)CCN1CCOCC1,0.5626988253846863
N(CCC(=O)OCCCCCCCC\C=C/CC(CCCCCC)OC(=O)CCCCCCCCCC)(CCC(=O)OCCCCCCCC\C=C/CC(CCCCCC)OC(=O)CCCCCCCCCC)CCN1CCOCC1,0.4425763373043478
N(CCC(=O)OCCCCCCCC\C=C/CC(CCCCCC)OC(=O)CCCCCCCCCCC)(CCC(=O)OCCCCCCCC\C=C/CC(CCCCCC)OC(=O)CCCCCCCCCCC)CCN1CCOCC1,0.4500781193069788
N(CCC(=O)OCCCCCCCC\C=C/CC(CCCCCC)OC(=O)CCCCCCCCCCCCC)(CCC(=O)OCCCCCCCC\C=C/CC(CCCCCC)OC(=O)CCCCCCCCCCCCC)CCN1CCOCC1,0.4640081889404664
N(CCC(=O)OCCCCCCCC\C=C/CC(CCCCCC)OC(=O)CCCCCCCCCCCCCCC)(CCC(=O)OCCCCCCCC\C=C/CC(CCCCCC)OC(=O)CCCCCCCCCCCCCCC)CCN1CCOCC1,0.4769028890783584
O=C(CCN(CCC(OCCCCCCCC/C=C\CC(CCCCCC)OC(C(CCCCCCCC)CCCCCC)=O)=O)CCN1CCOCC1)OCCCCCCCC/C=C\CC(CCCCCC)OC(C(CCCCCCCC)CCCCCC)=O,0.47654266244455956
N(CCC(=O)OCCCCCCCC\C=C/CC(CCCCCC)OC(=O)CC/C=C\CCCCC)(CCC(=O)OCCCCCCCC\C=C/CC(CCCCCC)OC(=O)CC/C=C\CCCCC)CCN1CCOCC1,0.4338491849629232
O=C(CCN(CCC(OCCCCCCCC/C=C\CC(CCCCCC)OC(CC/C=C\CCCCCC)=O)=O)CCN1CCOCC1)OCCCCCCCC/C=C\CC(CCCCCC)OC(CC/C=C\CCCCCC)=O,0.44402894259438314
O=C(CCN(CCC(OCCCCCCCC/C=C\CC(CCCCCC)OC(CCC/C=C\C/C=C\C/C=C\C/C=C\CCCCC)=O)=O)CCN1CCOCC1)OCCCCCCCC/C=C\CC(CCCCCC)OC(CCC/C=C\C/C=C\C/C=C\C/C=C\CCCCC)=O,0.5396058396381261
N(CCC(=O)OCCCCCCCC\C=C/CC(CCCCCC)OC(=O)CC\C=C/C/C=C\C\C=C/C\C=C/C\C=C/C\C=C/CC)(CCC(=O)OCCCCCCCC\C=C/CC(CCCCCC)OC(=O)CC\C=C/C/C=C\C\C=C/C\C=C/C\C=C/C\C=C/CC)CCN1CCOCC1,0.5922027881680129
O=C(CCN(CCC(OCCCCCCCC/C=C\CC(CCCCCC)OC(C(CCCCCC)CCCC)=O)=O)CCN1CCOCC1)OCCCCCCCC/C=C\CC(CCCCCC)OC(C(CCCCCC)CCCC)=O,0.4451499446000246
O=C(CCN(CCC(OCCCCCCCC/C=C\CC(CCCCCC)OC(CCCC1CCCCC1)=O)=O)CCN2CCOCC2)OCCCCCCCC/C=C\CC(CCCCCC)OC(CCCC3CCCCC3)=O,0.3905088613539122
O=C(CCN(CCC(OCCCCCCCC/C=C\CC(CCCCCC)OC(CCCCCCCCCCCCCCCCC)=O)=O)CCN1CCOCC1)OCCCCCCCC/C=C\CC(CCCCCC)OC(CCCCCCCCCCCCCCCCC)=O,0.4887134650113984
O=C(CCN(CCC(OCCCCCCCC/C=C\CC(CCCCCC)OC(CCCCCCC/C=C\C/C=C\CCCCC)=O)=O)CCN1CCOCC1)OCCCCCCCC/C=C\CC(CCCCCC)OC(CCCCCCC/C=C\C/C=C\CCCCC)=O,0.4963398357838464
N(CCC(=O)OCCCCCCCC\C=C/CC(CCCCCC)OC(=O)CCCCCCC/C=C\CCCCCCCC)(CCC(=O)OCCCCCCCC\C=C/CC(CCCCCC)OC(=O)CCCCCCC/C=C\CCCCCCCC)CCN(C)CCN(CCC(=O)OCCCCCCCC\C=C/CC(CCCCCC)OC(=O)CCCCCCC/C=C\CCCCCCCC)(CCC(=O)OCCCCCCCC\C=C/CC(CCCCCC)OC(=O)CCCCCCC/C=C\CCCCCCCC),0.8183141838686232
N(CCC(=O)OCCCCCCCC\C=C/CC(CCCCCC)OC(=O)CCC/C=C\C/C=C\C/C=C\C/C=C\C/C=C\CC)(CCC(=O)OCCCCCCCC\C=C/CC(CCCCCC)OC(=O)CCC/C=C\C/C=C\C/C=C\C/C=C\C/C=C\CC)CCN(C)CCN(CCC(=O)OCCCCCCCC\C=C/CC(CCCCCC)OC(=O)CCC/C=C\C/C=C\C/C=C\C/C=C\C/C=C\CC)(CCC(=O)OCCCCCCCC\C=C/CC(CCCCCC)OC(=O)CCC/C=C\C/C=C\C/C=C\C/C=C\C/C=C\CC),0.9051378290645856
N(CCC(=O)OCCCCCCCC\C=C/CC(CCCCCC)OC(=O)CC/C=C\CCCCC)(CCC(=O)OCCCCCCCC\C=C/CC(CCCCCC)OC(=O)CC/C=C\CCCCC)CCN(C)CCN(CCC(=O)OCCCCCCCC\C=C/CC(CCCCCC)OC(=O)CC/C=C\CCCCC)(CCC(=O)OCCCCCCCC\C=C/CC(CCCCCC)OC(=O)CC/C=C\CCCCC),0.8158964016120311
N(CCC(=O)OCCCCCCCC\C=C/CC(CCCCCC)OC(=O)CC\C=C/C/C=C\C\C=C/C\C=C/C\C=C/C\C=C/CC)(CCC(=O)OCCCCCCCC\C=C/CC(CCCCCC)OC(=O)CC\C=C/C/C=C\C\C=C/C\C=C/C\C=C/C\C=C/CC)CCN(C)CCN(CCC(=O)OCCCCCCCC\C=C/CC(CCCCCC)OC(=O)CC\C=C/C/C=C\C\C=C/C\C=C/C\C=C/C\C=C/CC)(CCC(=O)OCCCCCCCC\C=C/CC(CCCCCC)OC(=O)CC\C=C/C/C=C\C\C=C/C\C=C/C\C=C/C\C=C/CC),0.9336685385835981
N(CCC(=O)OCCCCCCCC\C=C/CC(CCCCCC)OC(=O)CCCC\C=C/C\C=C/C\C=C/CCCCC)(CCC(=O)OCCCCCCCC\C=C/CC(CCCCCC)OC(=O)CCCC\C=C/C\C=C/C\C=C/CCCCC)CCN(C)CCN(CCC(=O)OCCCCCCCC\C=C/CC(CCCCCC)OC(=O)CCCC\C=C/C\C=C/C\C=C/CCCCC)(CCC(=O)OCCCCCCCC\C=C/CC(CCCCCC)OC(=O)CCCC\C=C/C\C=C/C\C=C/CCCCC),0.8461206395093285
N(CCC(=O)OCCCCCCCC\C=C/CC(CCCCCC)OC(=O)CCCCCCCC=C)(CCC(=O)OCCCCCCCC\C=C/CC(CCCCCC)OC(=O)CCCCCCCC=C)CCN(C)CCN(CCC(=O)OCCCCCCCC\C=C/CC(CCCCCC)OC(=O)CCCCCCCC=C)(CCC(=O)OCCCCCCCC\C=C/CC(CCCCCC)OC(=O)CCCCCCCC=C),0.816258231628473
N(CCC(=O)OCCCCCCCC\C=C/CC(CCCCCC)OC(=O)CC/C=C\CC)(CCC(=O)OCCCCCCCC\C=C/CC(CCCCCC)OC(=O)CC/C=C\CC)CCN1CCCCC1,0.7864914922453179
N(CCC(=O)OCCCCCCCC\C=C/CC(CCCCCC)OC(=O)CCCCC)(CCC(=O)OCCCCCCCC\C=C/CC(CCCCCC)OC(=O)CCCCC)CCN1CCCCC1,0.7701752923163023
N(CCC(=O)OCCCCCCCC\C=C/CC(CCCCCC)OC(=O)CCCCCC)(CCC(=O)OCCCCCCCC\C=C/CC(CCCCCC)OC(=O)CCCCCC)CCN1CCCCC1,0.7800226746643182
N(CCC(=O)OCCCCCCCC\C=C/CC(CCCCCC)OC(=O)CCCCCCC)(CCC(=O)OCCCCCCCC\C=C/CC(CCCCCC)OC(=O)CCCCCCC)CCN1CCCCC1,0.7896150597875512
N(CCC(=O)OCCCCCCCC\C=C/CC(CCCCCC)OC(=O)CCCCCCCCCCCCCCCCC)(CCC(=O)OCCCCCCCC\C=C/CC(CCCCCC)OC(=O)CCCCCCCCCCCCCCCCC)CCN1CCCCC1,0.7968536791908284
N(CCC(=O)OCCCCCCCC\C=C/CC(CCCCCC)OC(=O)CCCCCCC/C=C\CCCCCCCC)(CCC(=O)OCCCCCCCC\C=C/CC(CCCCCC)OC(=O)CCCCCCC/C=C\CCCCCCCC)CCN1CCCCC1,0.8012060316830395
N(CCC(=O)OCCCCCCCC\C=C/CC(CCCCCC)OC(=O)CCCCCCC/C=C\C/C=C\CCCCC)(CCC(=O)OCCCCCCCC\C=C/CC(CCCCCC)OC(=O)CCCCCCC/C=C\C/C=C\CCCCC)CCN1CCCCC1,0.8067401365677
N(CCC(=O)OCCCCCCCC\C=C/CC(CCCCCC)OC(=O)CCC/C=C\C/C=C\C/C=C\C/C=C\C/C=C\CC)(CCC(=O)OCCCCCCCC\C=C/CC(CCCCCC)OC(=O)CCC/C=C\C/C=C\C/C=C\C/C=C\C/C=C\CC)CCN1CCCCC1,0.8853262549737828
N(CCC(=O)OCCCCCCCC\C=C/CC(CCCCCC)OC(=O)CCCCCCCCCC)(CCC(=O)OCCCCCCCC\C=C/CC(CCCCCC)OC(=O)CCCCCCCCCC)CCN1CCCCC1,0.7945127405320167
N(CCC(=O)OCCCCCCCC\C=C/CC(CCCCCC)OC(=O)CCCCCCCCCCC)(CCC(=O)OCCCCCCCC\C=C/CC(CCCCCC)OC(=O)CCCCCCCCCCC)CCN1CCCCC1,0.7952252362709417
N(CCC(=O)OCCCCCCCC\C=C/CC(CCCCCC)OC(=O)CCCCCCCCCCCCC)(CCC(=O)OCCCCCCCC\C=C/CC(CCCCCC)OC(=O)CCCCCCCCCCCCC)CCN1CCCCC1,0.7959084554304959
N(CCC(=O)OCCCCCCCC\C=C/CC(CCCCCC)OC(=O)CCCCCCCCCCCCCCC)(CCC(=O)OCCCCCCCC\C=C/CC(CCCCCC)OC(=O)CCCCCCCCCCCCCCC)CCN1CCCCC1,0.7963702890162285
N(CCC(=O)OCCCCCCCC\C=C/CC(CCCCCC)OC(=O)C(CCCCCC)CCCCCCCC)(CCC(=O)OCCCCCCCC\C=C/CC(CCCCCC)OC(=O)C(CCCCCC)CCCCCCCC)CCN1CCCCC1,0.7970604561672359
O=C(CCN(CCC(OCCCCCCCC/C=C\CC(CCCCCC)OC(CC/C=C\CCCCC)=O)=O)CCN1CCCCC1)OCCCCCCCC/C=C\CC(CCCCCC)OC(CC/C=C\CCCCC)=O,0.7928335238284343
N(CCC(=O)OCCCCCCCC\C=C/CC(CCCCCC)OC(=O)CCC/C=C\C/C=C\C/C=C\C/C=C\CCCCC)(CCC(=O)OCCCCCCCC\C=C/CC(CCCCCC)OC(=O)CCC/C=C\C/C=C\C/C=C\C/C=C\CCCCC)CCN1CCCCC1,0.8530556851321935
N(CCC(=O)OCCCCCCCC\C=C/CC(CCCCCC)OC(=O)CC\C=C/C/C=C\C\C=C/C\C=C/C\C=C/C\C=C/CC)(CCC(=O)OCCCCCCCC\C=C/CC(CCCCCC)OC(=O)CC\C=C/C/C=C\C\C=C/C\C=C/C\C=C/C\C=C/CC)CCN1CCCCC1,0.9089137951889017
N(CCC(=O)OCCCCCCCC\C=C/CC(CCCCCC)OC(=O)C(CCCC)CCCCCC)(CCC(=O)OCCCCCCCC\C=C/CC(CCCCCC)OC(=O)C(CCCC)CCCCCC)CCN1CCCCC1,0.7886663917237633
O=C(CCN(CCC(OCCCCCCCC/C=C\CC(CCCCCC)OC(CCCCCCC/C=C\CCCCCC)=O)=O)CCCN(C)C)OCCCCCCCC/C=C\CC(CCCCCC)OC(CCCCCCC/C=C\CCCCCCC)=O,0.7930585318593384
O=C(CCN(CCC(OCCCCCCCC/C=C\CC(CCCCCC)OC(CCCCCCCCC/C=C\CCCCCCCC)=O)=O)CCCN(C)C)OCCCCCCCC/C=C\CC(CCCCCC)OC(CCCCCCCCC/C=C\CCCCCCCC)=O,0.7952203073539279
N(CCC(=O)OCCCCCCCC\C=C/CC(CCCCCC)OC(=O)C)(CCC(=O)OCCCCCCCC\C=C/CC(CCCCCC)OC(=O)C)CCCN(C)C,0.7626490141899586
N(CCC(=O)OCCCCCCCC\C=C/CC(CCCCCC)OC(=O)CCC)(CCC(=O)OCCCCCCCC\C=C/CC(CCCCCC)OC(=O)CCC)CCCN(C)C,0.761763828201926
N(CCC(=O)OCCCCCCCC\C=C/CC(CCCCCC)OC(=O)CCCCCCCCC)(CCC(=O)OCCCCCCCC\C=C/CC(CCCCCC)OC(=O)CCCCCCCCC)CCCN(C)C,0.7844590562839321
N(CCC(=O)OCCCCCCCC\C=C/CC(CCCCCC)OC(=O)CCCCC)(CCC(=O)OCCCCCCCC\C=C/CC(CCCCCC)OC(=O)CCCCC)CCCN(C)C,0.7611531175685617
N(CCC(=O)OCCCCCCCC\C=C/CC(CCCCCC)OC(=O)CCCCCC)(CCC(=O)OCCCCCCCC\C=C/CC(CCCCCC)OC(=O)CCCCCC)CCCN(C)C,0.7704885457771149
N(CCC(=O)OCCCCCCCC\C=C/CC(CCCCCC)OC(=O)CCCCCCC)(CCC(=O)OCCCCCCCC\C=C/CC(CCCCCC)OC(=O)CCCCCCC)CCCN(C)C,0.7796998009076475
O=C(CCN(CCC(OCCCCCCCC/C=C\CC(CCCCCC)OC(CCCCCCC/C=C\CCCCCCCCC)=O)=O)CCCN(C)C)OCCCCCCCC/C=C\CC(CCCCCC)OC(CCCCCCC/C=C\CCCCCCCCC)=O,0.7949814627246601
O=C(CCN(CCC(OCCCCCCCC/C=C\CC(CCCCCC)OC(CCCCCCC/C=C\C/C=C\CCCCC)=O)=O)CCCN(C)C)OCCCCCCCC/C=C\CC(CCCCCC)OC(CCCCCCC/C=C\C/C=C\CCCCC)=O,0.7998350207541713
N(CCC(=O)OCCCCCCCC\C=C/CC(CCCCCC)OC(=O)CC/C=C\CC)(CCC(=O)OCCCCCCCC\C=C/CC(CCCCCC)OC(=O)CC/C=C\CC)CCCN1CCCCCC1,0.7814804464095365
N(CCC(=O)OCCCCCCCC\C=C/CC(CCCCCC)OC(=O)CCCCC)(CCC(=O)OCCCCCCCC\C=C/CC(CCCCCC)OC(=O)CCCCC)CCCN1CCCCCC1,0.7654269636958072
N(CCC(=O)OCCCCCCCC\C=C/CC(CCCCCC)OC(=O)CCCCCC)(CCC(=O)OCCCCCCCC\C=C/CC(CCCCCC)OC(=O)CCCCCC)CCCN1CCCCCC1,0.775148510198617
N(CCC(=O)OCCCCCCCC\C=C/CC(CCCCCC)OC(=O)CCCCCCC)(CCC(=O)OCCCCCCCC\C=C/CC(CCCCCC)OC(=O)CCCCCCC)CCCN1CCCCCC1,0.7838928246727761
N(CCC(=O)OCCCCCCCC\C=C/CC(CCCCCC)OC(=O)CCCCCCCCCCCCCCCCC)(CCC(=O)OCCCCCCCC\C=C/CC(CCCCCC)OC(=O)CCCCCCCCCCCCCCCCC)CCCN1CCCCCC1,0.7928136300067524
N(CCC(=O)OCCCCCCCC\C=C/CC(CCCCCC)OC(=O)CCCCCCC/C=C\CCCCCCCC)(CCC(=O)OCCCCCCCC\C=C/CC(CCCCCC)OC(=O)CCCCCCC/C=C\CCCCCCCC)CCCN1CCCCCC1,0.7971077262629338
N(CCC(=O)OCCCCCCCC\C=C/CC(CCCCCC)OC(=O)CCCCCCC/C=C\C/C=C\CCCCC)(CCC(=O)OCCCCCCCC\C=C/CC(CCCCCC)OC(=O)CCCCCCC/C=C\C/C=C\CCCCC)CCCN1CCCCCC1,0.802419436036553
N(CCC(=O)OCCCCCCCC\C=C/CC(CCCCCC)OC(=O)CCC/C=C\C/C=C\C/C=C\C/C=C\C/C=C\CC)(CCC(=O)OCCCCCCCC\C=C/CC(CCCCCC)OC(=O)CCC/C=C\C/C=C\C/C=C\C/C=C\C/C=C\CC)CCCN1CCCCCC1,0.8798549789349118
N(CCC(=O)OCCCCCCCC\C=C/CC(CCCCCC)OC(=O)CCCCCCCCCC)(CCC(=O)OCCCCCCCC\C=C/CC(CCCCCC)OC(=O)CCCCCCCCCC)CCCN1CCCCCC1,0.7890860028998964
N(CCC(=O)OCCCCCCCC\C=C/CC(CCCCCC)OC(=O)CCCCCCCCCCC)(CCC(=O)OCCCCCCCC\C=C/CC(CCCCCC)OC(=O)CCCCCCCCCCC)CCCN1CCCCCC1,0.7899092508102745
N(CCC(=O)OCCCCCCCC\C=C/CC(CCCCCC)OC(=O)CCCCCCCCCCCCC)(CCC(=O)OCCCCCCCC\C=C/CC(CCCCCC)OC(=O)CCCCCCCCCCCCC)CCCN1CCCCCC1,0.7914450538441199
N(CCC(=O)OCCCCCCCC\C=C/CC(CCCCCC)OC(=O)CCCCCCCCCCCCCCC)(CCC(=O)OCCCCCCCC\C=C/CC(CCCCCC)OC(=O)CCCCCCCCCCCCCCC)CCCN1CCCCCC1,0.7921671104943607
N(CCC(=O)OCCCCCCCC\C=C/CC(CCCCCC)OC(=O)C(CCCCCC)CCCCCCCC)(CCC(=O)OCCCCCCCC\C=C/CC(CCCCCC)OC(=O)C(CCCCCC)CCCCCCCC)CCCN1CCCCCC1,0.7923981757485828
N(CCC(=O)OCCCCCCCC\C=C/CC(CCCCCC)OC(=O)CC/C=C\CCCCC)(CCC(=O)OCCCCCCCC\C=C/CC(CCCCCC)OC(=O)CC/C=C\CCCCC)CCCN1CCCCCC1,0.7875035236157762
N(CCC(=O)OCCCCCCCC\C=C/CC(CCCCCC)OC(=O)CCC/C=C\C/C=C\C/C=C\C/C=C\CCCCC)(CCC(=O)OCCCCCCCC\C=C/CC(CCCCCC)OC(=O)CCC/C=C\C/C=C\C/C=C\C/C=C\CCCCC)CCCN1CCCCCC1,0.8480115027217897
N(CCC(=O)OCCCCCCCC\C=C/CC(CCCCCC)OC(=O)CC\C=C/C/C=C\C\C=C/C\C=C/C\C=C/C\C=C/CC)(CCC(=O)OCCCCCCCC\C=C/CC(CCCCCC)OC(=O)CC\C=C/C/C=C\C\C=C/C\C=C/C\C=C/C\C=C/CC)CCCN1CCCCCC1,0.9020216252056019
O=C(CCN(CCC(OCCCCCCCC/C=C\CC(CCCCCC)OC(CC/C=C\CCCCC)=O)=O)CCN(C)C)OCCCCCCCC/C=C\CC(CCCCCC)OC(CC/C=C\CCCCC)=O,0.7813018177061954
N(CCC(=O)OCCCCCCCC\C=C/CC(CCCCCC)OC(=O)C)(CCC(=O)OCCCCCCCC\C=C/CC(CCCCCC)OC(=O)C)CCN(C)C,0.7601262400625198
N(CCC(=O)OCCCCCCCC\C=C/CC(CCCCCC)OC(=O)CCC)(CCC(=O)OCCCCCCCC\C=C/CC(CCCCCC)OC(=O)CCC)CCN(C)C,0.7593269241227023
N(CCC(=O)OCCCCCCCC\C=C/CC(CCCCCC)OC(=O)CCCCCCCCC)(CCC(=O)OCCCCCCCC\C=C/CC(CCCCCC)OC(=O)CCCCCCCCC)CCN(C)C,0.7819608079724774
N(CCC(=O)OCCCCCCCC\C=C/CC(CCCCCC)OC(=O)CCCCC)(CCC(=O)OCCCCCCCC\C=C/CC(CCCCCC)OC(=O)CCCCC)CCN(C)C,0.7588353388812604
N(CCC(=O)OCCCCCCCC\C=C/CC(CCCCCC)OC(=O)CCCCCC)(CCC(=O)OCCCCCCCC\C=C/CC(CCCCCC)OC(=O)CCCCCC)CCN(C)C,0.7681626907920561
N(CCC(=O)OCCCCCCCC\C=C/CC(CCCCCC)OC(=O)CCCCCCC)(CCC(=O)OCCCCCCCC\C=C/CC(CCCCCC)OC(=O)CCCCCCC)CCN(C)C,0.777048934322394
N(CCC(=O)OCCCCCCCC\C=C/CC(CCCCCC)OC(=O)CCCCCCC/C=C\C/C=C\CCCCC)(CCC(=O)OCCCCCCCC\C=C/CC(CCCCCC)OC(=O)CCCCCCC/C=C\C/C=C\CCCCC)CCN(C)C,0.7981180354816645
N(CCC(=O)OCCCCCCCC\C=C/CC(CCCCCC)OC(=O)CC/C=C\CC)(CCC(=O)OCCCCCCCC\C=C/CC(CCCCCC)OC(=O)CC/C=C\CC)CCCN1CCCCC1,0.7853949566711181
N(CCC(=O)OCCCCCCCC\C=C/CC(CCCCCC)OC(=O)CCCCC)(CCC(=O)OCCCCCCCC\C=C/CC(CCCCCC)OC(=O)CCCCC)CCCN1CCCCC1,0.7692797140333613
N(CCC(=O)OCCCCCCCC\C=C/CC(CCCCCC)OC(=O)CCCCCC)(CCC(=O)OCCCCCCCC\C=C/CC(CCCCCC)OC(=O)CCCCCC)CCCN1CCCCC1,0.7790197885133793
N(CCC(=O)OCCCCCCCC\C=C/CC(CCCCCC)OC(=O)CCCCCCC)(CCC(=O)OCCCCCCCC\C=C/CC(CCCCCC)OC(=O)CCCCCCC)CCCN1CCCCC1,0.788299514021223
N(CCC(=O)OCCCCCCCC\C=C/CC(CCCCCC)OC(=O)CCCCCCCCCCCCCCCCC)(CCC(=O)OCCCCCCCC\C=C/CC(CCCCCC)OC(=O)CCCCCCCCCCCCCCCCC)CCCN1CCCCC1,0.7958386785932533
N(CCC(=O)OCCCCCCCC\C=C/CC(CCCCCC)OC(=O)CCCCCCC/C=C\CCCCCCCC)(CCC(=O)OCCCCCCCC\C=C/CC(CCCCCC)OC(=O)CCCCCCC/C=C\CCCCCCCC)CCCN1CCCCC1,0.8001344376166201
N(CCC(=O)OCCCCCCCC\C=C/CC(CCCCCC)OC(=O)CCCCCCC/C=C\C/C=C\CCCCC)(CCC(=O)OCCCCCCCC\C=C/CC(CCCCCC)OC(=O)CCCCCCC/C=C\C/C=C\CCCCC)CCCN1CCCCC1,0.8056876049393698
N(CCC(=O)OCCCCCCCC\C=C/CC(CCCCCC)OC(=O)CCC/C=C\C/C=C\C/C=C\C/C=C\C/C=C\CC)(CCC(=O)OCCCCCCCC\C=C/CC(CCCCCC)OC(=O)CCC/C=C\C/C=C\C/C=C\C/C=C\C/C=C\CC)CCCN1CCCCC1,0.8835474503927061
N(CCC(=O)OCCCCCCCC\C=C/CC(CCCCCC)OC(=O)CCCCCCCCCC)(CCC(=O)OCCCCCCCC\C=C/CC(CCCCCC)OC(=O)CCCCCCCCCC)CCCN1CCCCC1,0.793233538105597
N(CCC(=O)OCCCCCCCC\C=C/CC(CCCCCC)OC(=O)CCCCCCCCCCC)(CCC(=O)OCCCCCCCC\C=C/CC(CCCCCC)OC(=O)CCCCCCCCCCC)CCCN1CCCCC1,0.793968065509728
N(CCC(=O)OCCCCCCCC\C=C/CC(CCCCCC)OC(=O)CCCCCCCCCCCCC)(CCC(=O)OCCCCCCCC\C=C/CC(CCCCCC)OC(=O)CCCCCCCCCCCCC)CCCN1CCCCC1,0.794799449102406
N(CCC(=O)OCCCCCCCC\C=C/CC(CCCCCC)OC(=O)CCCCCCCCCCCCCCC)(CCC(=O)OCCCCCCCC\C=C/CC(CCCCCC)OC(=O)CCCCCCCCCCCCCCC)CCCN1CCCCC1,0.7953164509279669
N(CCC(=O)OCCCCCCCC\C=C/CC(CCCCCC)OC(=O)C(CCCCCC)CCCCCCCC)(CCC(=O)OCCCCCCCC\C=C/CC(CCCCCC)OC(=O)C(CCCCCC)CCCCCCCC)CCCN1CCCCC1,0.795987377487258
N(CCC(=O)OCCCCCCCC\C=C/CC(CCCCCC)OC(=O)CC/C=C\CCCCC)(CCC(=O)OCCCCCCCC\C=C/CC(CCCCCC)OC(=O)CC/C=C\CCCCC)CCCN1CCCCC1,0.7915651887732619
N(CCC(=O)OCCCCCCCC\C=C/CC(CCCCCC)OC(=O)CCC/C=C\C/C=C\C/C=C\C/C=C\CCCCC)(CCC(=O)OCCCCCCCC\C=C/CC(CCCCCC)OC(=O)CCC/C=C\C/C=C\C/C=C\C/C=C\CCCCC)CCCN1CCCCC1,0.8515370442310827
N(CCC(=O)OCCCCCCCC\C=C/CC(CCCCCC)OC(=O)CC\C=C/C/C=C\C\C=C/C\C=C/C\C=C/C\C=C/CC)(CCC(=O)OCCCCCCCC\C=C/CC(CCCCCC)OC(=O)CC\C=C/C/C=C\C\C=C/C\C=C/C\C=C/C\C=C/CC)CCCN1CCCCC1,0.9060692756110966
N(CCC(=O)OCCCCCCCC\C=C/CC(CCCCCC)OC(=O)C(CCCC)CCCCCC)(CCC(=O)OCCCCCCCC\C=C/CC(CCCCCC)OC(=O)C(CCCC)CCCCCC)CCCN1CCCCC1,0.7874872522511768
N(CCC(=O)OCCCCCCCC\C=C/CC(CCCCCC)OC(=O)CCC/C=C\C/C=C\C/C=C\C/C=C\C/C=C\CC)(CCC(=O)OCCCCCCCC\C=C/CC(CCCCCC)OC(=O)CCC/C=C\C/C=C\C/C=C\C/C=C\C/C=C\CC)CCCN(CCC(=O)OCCCCCCCC\C=C/CC(CCCCCC)OC(=O)CCC/C=C\C/C=C\C/C=C\C/C=C\C/C=C\CC)CCCN(C)C,0.8880368030240822
N(CCC(=O)OCCCCCCCC\C=C/CC(CCCCCC)OC(=O)C(CCCCCC)CCCCCCCC)(CCC(=O)OCCCCCCCC\C=C/CC(CCCCCC)OC(=O)C(CCCCCC)CCCCCCCC)CCCN(CCC(=O)OCCCCCCCC\C=C/CC(CCCCCC)OC(=O)C(CCCCCC)CCCCCCCC)CCCN(C)C,0.7999831258027527
N(CCC(=O)OCCCCCCCC\C=C/CC(CCCCCC)OC(=O)CCC/C=C\C/C=C\C/C=C\C/C=C\CCCCC)(CCC(=O)OCCCCCCCC\C=C/CC(CCCCCC)OC(=O)CCC/C=C\C/C=C\C/C=C\C/C=C\CCCCC)CCCN(CCC(=O)OCCCCCCCC\C=C/CC(CCCCCC)OC(=O)CCC/C=C\C/C=C\C/C=C\C/C=C\CCCCC)CCCN(C)C,0.8560646998922642
N(CCC(=O)OCCCCCCCC\C=C/CC(CCCCCC)OC(=O)CC\C=C/C/C=C\C\C=C/C\C=C/C\C=C/C\C=C/CC)(CCC(=O)OCCCCCCCC\C=C/CC(CCCCCC)OC(=O)CC\C=C/C/C=C\C\C=C/C\C=C/C\C=C/C\C=C/CC)CCCN(CCC(=O)OCCCCCCCC\C=C/CC(CCCCCC)OC(=O)CC\C=C/C/C=C\C\C=C/C\C=C/C\C=C/C\C=C/CC)CCCN(C)C,0.9116165638641552
N(CCC(=O)OCCCCCCCC\C=C/CC(CCCCCC)OC(=O)C(CCCC)CCCCCC)(CCC(=O)OCCCCCCCC\C=C/CC(CCCCCC)OC(=O)C(CCCC)CCCCCC)CCCN(CCC(=O)OCCCCCCCC\C=C/CC(CCCCCC)OC(=O)C(CCCC)CCCCCC)CCCN(C)C,0.7927921328024274
N(CCC(=O)OCCCCCCCC\C=C/CC(CCCCCC)OC(=O)CCCCCCC/C=C\C/C=C\C/C=C\CC)(CCC(=O)OCCCCCCCC\C=C/CC(CCCCCC)OC(=O)CCCCCCC/C=C\C/C=C\C/C=C\CC)CCCN(CCC(=O)OCCCCCCCC\C=C/CC(CCCCCC)OC(=O)CCCCCCC/C=C\C/C=C\C/C=C\CC)CCCN(C)C,0.8416736280566367
N(CCC(=O)OCCCCCCCC\C=C/CC(CCCCCC)OC(=O)CCCC\C=C/C\C=C/C\C=C/CCCCC)(CCC(=O)OCCCCCCCC\C=C/CC(CCCCCC)OC(=O)CCCC\C=C/C\C=C/C\C=C/CCCCC)CCCN(CCC(=O)OCCCCCCCC\C=C/CC(CCCCCC)OC(=O)CCCC\C=C/C\C=C/C\C=C/CCCCC)CCCN(C)C,0.8298596078201412
N(CCC(=O)OCCCCCCCC\C=C/CC(CCCCCC)OC(=O)CC/C=C\CC)(CCC(=O)OCCCCCCCC\C=C/CC(CCCCCC)OC(=O)CC/C=C\CC)CCN1CCN(C)CCCC1,0.7445133312683674
N(CCC(=O)OCCCCCCCC\C=C/CC(CCCCCC)OC(=O)CCCCC)(CCC(=O)OCCCCCCCC\C=C/CC(CCCCCC)OC(=O)CCCCC)CCN1CCN(C)CCCC1,0.7312025236423402
N(CCC(=O)OCCCCCCCC\C=C/CC(CCCCCC)OC(=O)CCCCCC)(CCC(=O)OCCCCCCCC\C=C/CC(CCCCCC)OC(=O)CCCCCC)CCN1CCN(C)CCCC1,0.7403545129996232
N(CCC(=O)OCCCCCCCC\C=C/CC(CCCCCC)OC(=O)CCCCCCC)(CCC(=O)OCCCCCCCC\C=C/CC(CCCCCC)OC(=O)CCCCCCC)CCN1CCN(C)CCCC1,0.7484711922458529
N(CCC(=O)OCCCCCCCC\C=C/CC(CCCCCC)OC(=O)CCCCCCCCCCCCCCCCC)(CCC(=O)OCCCCCCCC\C=C/CC(CCCCCC)OC(=O)CCCCCCCCCCCCCCCCC)CCN1CCN(C)CCCC1,0.7633074699953595
N(CCC(=O)OCCCCCCCC\C=C/CC(CCCCCC)OC(=O)CCCCCCC/C=C\CCCCCCCC)(CCC(=O)OCCCCCCCC\C=C/CC(CCCCCC)OC(=O)CCCCCCC/C=C\CCCCCCCC)CCN1CCN(C)CCCC1,0.7669675768775817
N(CCC(=O)OCCCCCCCC\C=C/CC(CCCCCC)OC(=O)CCCCCCC/C=C\C/C=C\CCCCC)(CCC(=O)OCCCCCCCC\C=C/CC(CCCCCC)OC(=O)CCCCCCC/C=C\C/C=C\CCCCC)CCN1CCN(C)CCCC1,0.7729013991166932
N(CCC(=O)OCCCCCCCC\C=C/CC(CCCCCC)OC(=O)CCC/C=C\C/C=C\C/C=C\C/C=C\C/C=C\CC)(CCC(=O)OCCCCCCCC\C=C/CC(CCCCCC)OC(=O)CCC/C=C\C/C=C\C/C=C\C/C=C\C/C=C\CC)CCN1CCN(C)CCCC1,0.8512027686422838
N(CCC(=O)OCCCCCCCC\C=C/CC(CCCCCC)OC(=O)CCCCCCCCCC)(CCC(=O)OCCCCCCCC\C=C/CC(CCCCCC)OC(=O)CCCCCCCCCC)CCN1CCN(C)CCCC1,0.754098709015605
N(CCC(=O)OCCCCCCCC\C=C/CC(CCCCCC)OC(=O)CCCCCCCCCCC)(CCC(=O)OCCCCCCCC\C=C/CC(CCCCCC)OC(=O)CCCCCCCCCCC)CCN1CCN(C)CCCC1,0.7553807025155144
N(CCC(=O)OCCCCCCCC\C=C/CC(CCCCCC)OC(=O)CCCCCCCCCCCCC)(CCC(=O)OCCCCCCCC\C=C/CC(CCCCCC)OC(=O)CCCCCCCCCCCCC)CCN1CCN(C)CCCC1,0.7581739138487428
N(CCC(=O)OCCCCCCCC\C=C/CC(CCCCCC)OC(=O)CCCCCCCCCCCCCCC)(CCC(=O)OCCCCCCCC\C=C/CC(CCCCCC)OC(=O)CCCCCCCCCCCCCCC)CCN1CCN(C)CCCC1,0.7607578540547857
N(CCC(=O)OCCCCCCCC\C=C/CC(CCCCCC)OC(=O)C(CCCCCC)CCCCCCCC)(CCC(=O)OCCCCCCCC\C=C/CC(CCCCCC)OC(=O)C(CCCCCC)CCCCCCCC)CCN1CCN(C)CCCC1,0.7603463191764102
N(CCC(=O)OCCCCCCCC\C=C/CC(CCCCCC)OC(=O)CC/C=C\CCCCC)(CCC(=O)OCCCCCCCC\C=C/CC(CCCCCC)OC(=O)CC/C=C\CCCCC)CCN1CCN(C)CCCC1,0.7530897062568057
O=C(CCN(CCC(OCCCCCCCC/C=C\CC(CCCCCC)OC(CC/C=C\CCCCC)=O)=O)CCN1CCN(C)CCC1)OCCCCCCCC/C=C\CC(CCCCCC)OC(CC/C=C\CCCCC)=O,0.7590662259818555
N(CCC(=O)OCCCCCCCC\C=C/CC(CCCCCC)OC(=O)CCC/C=C\C/C=C\C/C=C\C/C=C\CCCCC)(CCC(=O)OCCCCCCCC\C=C/CC(CCCCCC)OC(=O)CCC/C=C\C/C=C\C/C=C\C/C=C\CCCCC)CCN1CCN(C)CCCC1,0.8197212412146881
N(CCC(=O)OCCCCCCCC\C=C/CC(CCCCCC)OC(=O)CC\C=C/C/C=C\C\C=C/C\C=C/C\C=C/C\C=C/CC)(CCC(=O)OCCCCCCCC\C=C/CC(CCCCCC)OC(=O)CC\C=C/C/C=C\C\C=C/C\C=C/C\C=C/C\C=C/CC)CCN1CCN(C)CCCC1,0.8732682236528365
N(CCC(=O)OCCCCCCCC\C=C/CC(CCCCCC)OC(=O)CC/C=C\CC)(CCC(=O)OCCCCCCCC\C=C/CC(CCCCCC)OC(=O)CC/C=C\CC)CCC1N(C)CCCC1,0.747464743022374
N(CCC(=O)OCCCCCCCC\C=C/CC(CCCCCC)OC(=O)CCCCC)(CCC(=O)OCCCCCCCC\C=C/CC(CCCCCC)OC(=O)CCCCC)CCC1N(C)CCCC1,0.7337187060855798
N(CCC(=O)OCCCCCCCC\C=C/CC(CCCCCC)OC(=O)CCCCCC)(CCC(=O)OCCCCCCCC\C=C/CC(CCCCCC)OC(=O)CCCCCC)CCC1N(C)CCCC1,0.7430499773761696
N(CCC(=O)OCCCCCCCC\C=C/CC(CCCCCC)OC(=O)CCCCCCC)(CCC(=O)OCCCCCCCC\C=C/CC(CCCCCC)OC(=O)CCCCCCC)CCC1N(C)CCCC1,0.7513148804400653
N(CCC(=O)OCCCCCCCC\C=C/CC(CCCCCC)OC(=O)CCCCCCCCCCCCCCCCC)(CCC(=O)OCCCCCCCC\C=C/CC(CCCCCC)OC(=O)CCCCCCCCCCCCCCCCC)CCC1N(C)CCCC1,0.766180494153485
N(CCC(=O)OCCCCCCCC\C=C/CC(CCCCCC)OC(=O)CCCCCCC/C=C\CCCCCCCC)(CCC(=O)OCCCCCCCC\C=C/CC(CCCCCC)OC(=O)CCCCCCC/C=C\CCCCCCCC)CCC1N(C)CCCC1,0.7699203544760619
N(CCC(=O)OCCCCCCCC\C=C/CC(CCCCCC)OC(=O)CCCCCCC/C=C\C/C=C\CCCCC)(CCC(=O)OCCCCCCCC\C=C/CC(CCCCCC)OC(=O)CCCCCCC/C=C\C/C=C\CCCCC)CCC1N(C)CCCC1,0.7759441442968097
N(CCC(=O)OCCCCCCCC\C=C/CC(CCCCCC)OC(=O)CCC/C=C\C/C=C\C/C=C\C/C=C\C/C=C\CC)(CCC(=O)OCCCCCCCC\C=C/CC(CCCCCC)OC(=O)CCC/C=C\C/C=C\C/C=C\C/C=C\C/C=C\CC)CCC1N(C)CCCC1,0.8558090494375158
N(CCC(=O)OCCCCCCCC\C=C/CC(CCCCCC)OC(=O)CCCCCCCCCC)(CCC(=O)OCCCCCCCC\C=C/CC(CCCCCC)OC(=O)CCCCCCCCCC)CCC1N(C)CCCC1,0.7570539213803209
N(CCC(=O)OCCCCCCCC\C=C/CC(CCCCCC)OC(=O)CCCCCCCCCCC)(CCC(=O)OCCCCCCCC\C=C/CC(CCCCCC)OC(=O)CCCCCCCCCCC)CCC1N(C)CCCC1,0.7584796848572213
N(CCC(=O)OCCCCCCCC\C=C/CC(CCCCCC)OC(=O)CCCCCCCCCCCCC)(CCC(=O)OCCCCCCCC\C=C/CC(CCCCCC)OC(=O)CCCCCCCCCCCCC)CCC1N(C)CCCC1,0.7611994968961246
N(CCC(=O)OCCCCCCCC\C=C/CC(CCCCCC)OC(=O)CCCCCCCCCCCCCCC)(CCC(=O)OCCCCCCCC\C=C/CC(CCCCCC)OC(=O)CCCCCCCCCCCCCCC)CCC1N(C)CCCC1,0.7637026741245931
N(CCC(=O)OCCCCCCCC\C=C/CC(CCCCCC)OC(=O)C(CCCCCC)CCCCCCCC)(CCC(=O)OCCCCCCCC\C=C/CC(CCCCCC)OC(=O)C(CCCCCC)CCCCCCCC)CCC1N(C)CCCC1,0.7632835380247989
N(CCC(=O)OCCCCCCCC\C=C/CC(CCCCCC)OC(=O)CC/C=C\CCCCC)(CCC(=O)OCCCCCCCC\C=C/CC(CCCCCC)OC(=O)CC/C=C\CCCCC)CCC1N(C)CCCC1,0.7558748412922767
N(CCC(=O)OCCCCCCCC\C=C/CC(CCCCCC)OC(=O)CCC/C=C\C/C=C\C/C=C\C/C=C\CCCCC)(CCC(=O)OCCCCCCCC\C=C/CC(CCCCCC)OC(=O)CCC/C=C\C/C=C\C/C=C\C/C=C\CCCCC)CCC1N(C)CCCC1,0.8239255480428603
N(CCC(=O)OCCCCCCCC\C=C/CC(CCCCCC)OC(=O)CC\C=C/C/C=C\C\C=C/C\C=C/C\C=C/C\C=C/CC)(CCC(=O)OCCCCCCCC\C=C/CC(CCCCCC)OC(=O)CC\C=C/C/C=C\C\C=C/C\C=C/C\C=C/C\C=C/CC)CCC1N(C)CCCC1,0.8780271227218671
N(CCC(=O)OCCCCCCCC\C=C/CC(CCCCCC)OC(=O)C(CCCCCC)CCCCCCCC)(CCC(=O)OCCCCCCCC\C=C/CC(CCCCCC)OC(=O)C(CCCCCC)CCCCCCCC)CCCN(CC)CC,0.7884761830346672
O=C(CCN(CCC(OCCCCCCCC/C=C\CC(CCCCCC)OC(CC/C=C\CCCCCC)=O)=O)CCCN(CC)CC)OCCCCCCCC/C=C\CC(CCCCCC)OC(CC/C=C\CCCCCC)=O,0.7865556275510388
O=C(CCN(CCC(OCCCCCCCC/C=C\CC(CCCCCC)OC(CC/C=C\CCCCC)=O)=O)CCCN(CC)CC)OCCCCCCCC/C=C\CC(CCCCCC)OC(CC/C=C\CCCCC)=O,0.7827099439740225
O=C(CCN(CCC(OCCCCCCCC/C=C\CC(CCCCCC)OC(CCC/C=C\C/C=C\C/C=C\C/C=C\CCCCC)=O)=O)CCCN(CC)CC)OCCCCCCCC/C=C\CC(CCCCCC)OC(CCC/C=C\C/C=C\C/C=C\C/C=C\CCCCC)=O,0.8451862831202431
O=C(CCN(CCC(OCCCCCCCC/C=C\CC(CCCCCC)OC(C(CCCCCC)CCCC)=O)=O)CCCN(CC)CC)OCCCCCCCC/C=C\CC(CCCCCC)OC(C(CCCCCC)CCCC)=O,0.7789326713897751
O=C(OCCCCCCCC/C=C\CC(CCCCCC)OC(CCCC1CCCCC1)=O)CCN(CCC(OCCCCCCCC/C=C\CC(CCCCCC)OC(CCCC2CCCCC2)=O)=O)CCCN(CC)CC,0.7303997040145249
O=C(CCN(CCC(OCCCCCCCC/C=C\CC(CCCCCC)OC(CCCCCCCCCCC/C=C\CCCCCCCC)=O)=O)CCCN(CC)CC)OCCCCCCCC/C=C\CC(CCCCCC)OC(CCCCCCCCCCC/C=C\CCCCCCCC)=O,0.7947621556098201
O=C(CCN(CCC(OCCCCCCCC/C=C\CC(CCCCCC)OC(CCCCCCC/C=C\CCCCCC)=O)=O)CCCN(CC)CC)OCCCCCCCC/C=C\CC(CCCCCC)OC(CCCCCCC/C=C\CCCCCCC)=O,0.7920096820726329
O=C(CCN(CCC(OCCCCCCCC/C=C\CC(CCCCCC)OC(CCCCCCCCC/C=C\CCCCCCCC)=O)=O)CCCN(CC)CC)OCCCCCCCC/C=C\CC(CCCCCC)OC(CCCCCCCCC/C=C\CCCCCCCC)=O,0.7942333362603347
O=C(CCN(CCC(OCCCCCCCC/C=C\CC(CCCCCC)OC(CCCCCCCC/C=C\CCCC)=O)=O)CCCN(CC)CC)OCCCCCCCC/C=C\CC(CCCCCC)OC(CCCCCCCC/C=C\CCCC)=O,0.7856269126934753
N(CCC(=O)OCCCCCCCC\C=C/CC(CCCCCC)OC(=O)C)(CCC(=O)OCCCCCCCC\C=C/CC(CCCCCC)OC(=O)C)CCCN(CC)CC,0.761867454228299
N(CCC(=O)OCCCCCCCC\C=C/CC(CCCCCC)OC(=O)CCC)(CCC(=O)OCCCCCCCC\C=C/CC(CCCCCC)OC(=O)CCC)CCCN(CC)CC,0.7610386241709415
N(CCC(=O)OCCCCCCCC\C=C/CC(CCCCCC)OC(=O)CCCCCCCCC)(CCC(=O)OCCCCCCCC\C=C/CC(CCCCCC)OC(=O)CCCCCCCCC)CCCN(CC)CC,0.7834940574710024
N(CCC(=O)OCCCCCCCC\C=C/CC(CCCCCC)OC(=O)CCCCC)(CCC(=O)OCCCCCCCC\C=C/CC(CCCCCC)OC(=O)CCCCC)CCCN(CC)CC,0.7604864666963187
N(CCC(=O)OCCCCCCCC\C=C/CC(CCCCCC)OC(=O)CCCCCC)(CCC(=O)OCCCCCCCC\C=C/CC(CCCCCC)OC(=O)CCCCCC)CCCN(CC)CC,0.769782285415135
N(CCC(=O)OCCCCCCCC\C=C/CC(CCCCCC)OC(=O)CCCCCCC)(CCC(=O)OCCCCCCCC\C=C/CC(CCCCCC)OC(=O)CCCCCCC)CCCN(CC)CC,0.7788100423098551
O=C(CCN(CCC(OCCCCCCCC/C=C\CC(CCCCCC)OC(CCCCCCCCCCCCCCCCC)=O)=O)CCCN(CC)CC)OCCCCCCCC/C=C\CC(CCCCCC)OC(CCCCCCCCCCCCCCCCC)=O,0.7894131523436151
O=C(CCN(CCC(OCCCCCCCC/C=C\CC(CCCCCC)OC(CCCCCCCC/C=C\CCCCCCC)=O)=O)CCCN(CC)CC)OCCCCCCCC/C=C\CC(CCCCCC)OC(CCCCCCCC/C=C\CCCCCCC)=O,0.7932766512833317
O=C(CCN(CCC(OCCCCCCCC/C=C\CC(CCCCCC)OC(CCCCCCC/C=C\CCCCCCCC)=O)=O)CCCN(CC)CC)OCCCCCCCC/C=C\CC(CCCCCC)OC(CCCCCCC/C=C\CCCCCCCC)=O,0.7936289797730001
N(CCC(=O)OCCCCCCCC\C=C/CC(CCCCCC)OC(=O)CCCCCCC/C=C\C/C=C\CCCCC)(CCC(=O)OCCCCCCCC\C=C/CC(CCCCCC)OC(=O)CCCCCCC/C=C\C/C=C\CCCCC)CCCN(CC)CC,0.7988308281433011
N(CCC(=O)OCCCCCCCC\C=C/CC(CCCCCC)OC(=O)CC/C=C\CC)(CCC(=O)OCCCCCCCC\C=C/CC(CCCCCC)OC(=O)CC/C=C\CC)CCN1CCN(C)CC1,0.7662161248788855
N(CCC(=O)OCCCCCCCC\C=C/CC(CCCCCC)OC(=O)CCCCC)(CCC(=O)OCCCCCCCC\C=C/CC(CCCCCC)OC(=O)CCCCC)CCN1CCN(C)CC1,0.7512872072433376
N(CCC(=O)OCCCCCCCC\C=C/CC(CCCCCC)OC(=O)CCCCCC)(CCC(=O)OCCCCCCCC\C=C/CC(CCCCCC)OC(=O)CCCCCC)CCN1CCN(C)CC1,0.760161811403378
N(CCC(=O)OCCCCCCCC\C=C/CC(CCCCCC)OC(=O)CCCCCCC)(CCC(=O)OCCCCCCCC\C=C/CC(CCCCCC)OC(=O)CCCCCCC)CCN1CCN(C)CC1,0.7688941301999856
N(CCC(=O)OCCCCCCCC\C=C/CC(CCCCCC)OC(=O)CCCCCCCCCCCCCCCCC)(CCC(=O)OCCCCCCCC\C=C/CC(CCCCCC)OC(=O)CCCCCCCCCCCCCCCCC)CCN1CCN(C)CC1,0.7813960015903374
N(CCC(=O)OCCCCCCCC\C=C/CC(CCCCCC)OC(=O)CCCCCCC/C=C\CCCCCCCC)(CCC(=O)OCCCCCCCC\C=C/CC(CCCCCC)OC(=O)CCCCCCC/C=C\CCCCCCCC)CCN1CCN(C)CC1,0.7849817590255572
N(CCC(=O)OCCCCCCCC\C=C/CC(CCCCCC)OC(=O)CCCCCCC/C=C\C/C=C\CCCCC)(CCC(=O)OCCCCCCCC\C=C/CC(CCCCCC)OC(=O)CCCCCCC/C=C\C/C=C\CCCCC)CCN1CCN(C)CC1,0.7908020974042682
N(CCC(=O)OCCCCCCCC\C=C/CC(CCCCCC)OC(=O)CCC/C=C\C/C=C\C/C=C\C/C=C\C/C=C\CC)(CCC(=O)OCCCCCCCC\C=C/CC(CCCCCC)OC(=O)CCC/C=C\C/C=C\C/C=C\C/C=C\C/C=C\CC)CCN1CCN(C)CC1,0.8693050774510832
N(CCC(=O)OCCCCCCCC\C=C/CC(CCCCCC)OC(=O)CCCCCCCCCC)(CCC(=O)OCCCCCCCC\C=C/CC(CCCCCC)OC(=O)CCCCCCCCCC)CCN1CCN(C)CC1,0.7746553809590743
N(CCC(=O)OCCCCCCCC\C=C/CC(CCCCCC)OC(=O)CCCCCCCCCCC)(CCC(=O)OCCCCCCCC\C=C/CC(CCCCCC)OC(=O)CCCCCCCCCCC)CCN1CCN(C)CC1,0.7756924726063976
N(CCC(=O)OCCCCCCCC\C=C/CC(CCCCCC)OC(=O)CCCCCCCCCCCCC)(CCC(=O)OCCCCCCCC\C=C/CC(CCCCCC)OC(=O)CCCCCCCCCCCCC)CCN1CCN(C)CC1,0.7776257363820854
N(CCC(=O)OCCCCCCCC\C=C/CC(CCCCCC)OC(=O)CCCCCCCCCCCCCCC)(CCC(=O)OCCCCCCCC\C=C/CC(CCCCCC)OC(=O)CCCCCCCCCCCCCCC)CCN1CCN(C)CC1,0.7795774093658968
N(CCC(=O)OCCCCCCCC\C=C/CC(CCCCCC)OC(=O)C(CCCCCC)CCCCCCCC)(CCC(=O)OCCCCCCCC\C=C/CC(CCCCCC)OC(=O)C(CCCCCC)CCCCCCCC)CCN1CCN(C)CC1,0.7789997165380703
N(CCC(=O)OCCCCCCCC\C=C/CC(CCCCCC)OC(=O)CC/C=C\CCCCC)(CCC(=O)OCCCCCCCC\C=C/CC(CCCCCC)OC(=O)CC/C=C\CCCCC)CCN1CCN(C)CC1,0.7732947029405722
N(CCC(=O)OCCCCCCCC\C=C/CC(CCCCCC)OC(=O)CCC/C=C\C/C=C\C/C=C\C/C=C\CCCCC)(CCC(=O)OCCCCCCCC\C=C/CC(CCCCCC)OC(=O)CCC/C=C\C/C=C\C/C=C\C/C=C\CCCCC)CCN1CCN(C)CC1,0.8374794166006613
N(CCC(=O)OCCCCCCCC\C=C/CC(CCCCCC)OC(=O)CC\C=C/C/C=C\C\C=C/C\C=C/C\C=C/C\C=C/CC)(CCC(=O)OCCCCCCCC\C=C/CC(CCCCCC)OC(=O)CC\C=C/C/C=C\C\C=C/C\C=C/C\C=C/C\C=C/CC)CCN1CCN(C)CC1,0.8912445778473451
N(CCC(=O)OCCCCCCCC\C=C/CC(CCCCCC)OC(=O)CC/C=C\CC)(CCC(=O)OCCCCCCCC\C=C/CC(CCCCCC)OC(=O)CC/C=C\CC)CC1N(C)CCCC1,0.7355024395836702
N(CCC(=O)OCCCCCCCC\C=C/CC(CCCCCC)OC(=O)CCCCC)(CCC(=O)OCCCCCCCC\C=C/CC(CCCCCC)OC(=O)CCCCC)CC1N(C)CCCC1,0.722075238254668
N(CCC(=O)OCCCCCCCC\C=C/CC(CCCCCC)OC(=O)CCCCCC)(CCC(=O)OCCCCCCCC\C=C/CC(CCCCCC)OC(=O)CCCCCC)CC1N(C)CCCC1,0.7318532000726953
N(CCC(=O)OCCCCCCCC\C=C/CC(CCCCCC)OC(=O)CCCCCCC)(CCC(=O)OCCCCCCCC\C=C/CC(CCCCCC)OC(=O)CCCCCCC)CC1N(C)CCCC1,0.7405209678717858
N(CCC(=O)OCCCCCCCC\C=C/CC(CCCCCC)OC(=O)CCCCCCCCCCCCCCCCC)(CCC(=O)OCCCCCCCC\C=C/CC(CCCCCC)OC(=O)CCCCCCCCCCCCCCCCC)CC1N(C)CCCC1,0.7564746251698514
N(CCC(=O)OCCCCCCCC\C=C/CC(CCCCCC)OC(=O)CCCCCCC/C=C\CCCCCCCC)(CCC(=O)OCCCCCCCC\C=C/CC(CCCCCC)OC(=O)CCCCCCC/C=C\CCCCCCCC)CC1N(C)CCCC1,0.7602285002444192
N(CCC(=O)OCCCCCCCC\C=C/CC(CCCCCC)OC(=O)CCCCCCC/C=C\C/C=C\CCCCC)(CCC(=O)OCCCCCCCC\C=C/CC(CCCCCC)OC(=O)CCCCCCC/C=C\C/C=C\CCCCC)CC1N(C)CCCC1,0.766430740614881
N(CCC(=O)OCCCCCCCC\C=C/CC(CCCCCC)OC(=O)CCC/C=C\C/C=C\C/C=C\C/C=C\C/C=C\CC)(CCC(=O)OCCCCCCCC\C=C/CC(CCCCCC)OC(=O)CCC/C=C\C/C=C\C/C=C\C/C=C\C/C=C\CC)CC1N(C)CCCC1,0.8475971767699244
N(CCC(=O)OCCCCCCCC\C=C/CC(CCCCCC)OC(=O)CCCCCCCCCC)(CCC(=O)OCCCCCCCC\C=C/CC(CCCCCC)OC(=O)CCCCCCCCCC)CC1N(C)CCCC1,0.7469535608819617
N(CCC(=O)OCCCCCCCC\C=C/CC(CCCCCC)OC(=O)CCCCCCCCCCC)(CCC(=O)OCCCCCCCC\C=C/CC(CCCCCC)OC(=O)CCCCCCCCCCC)CC1N(C)CCCC1,0.7481943415094912
N(CCC(=O)OCCCCCCCC\C=C/CC(CCCCCC)OC(=O)CCCCCCCCCCCCC)(CCC(=O)OCCCCCCCC\C=C/CC(CCCCCC)OC(=O)CCCCCCCCCCCCC)CC1N(C)CCCC1,0.750570495201907
N(CCC(=O)OCCCCCCCC\C=C/CC(CCCCCC)OC(=O)CCCCCCCCCCCCCCC)(CCC(=O)OCCCCCCCC\C=C/CC(CCCCCC)OC(=O)CCCCCCCCCCCCCCC)CC1N(C)CCCC1,0.7535528463024697
N(CCC(=O)OCCCCCCCC\C=C/CC(CCCCCC)OC(=O)C(CCCCCC)CCCCCCCC)(CCC(=O)OCCCCCCCC\C=C/CC(CCCCCC)OC(=O)C(CCCCCC)CCCCCCCC)CC1N(C)CCCC1,0.7535703053579158
N(CCC(=O)OCCCCCCCC\C=C/CC(CCCCCC)OC(=O)CC/C=C\CCCCC)(CCC(=O)OCCCCCCCC\C=C/CC(CCCCCC)OC(=O)CC/C=C\CCCCC)CC1N(C)CCCC1,0.7457308331553019
N(CCC(=O)OCCCCCCCC\C=C/CC(CCCCCC)OC(=O)CCC/C=C\C/C=C\C/C=C\C/C=C\CCCCC)(CCC(=O)OCCCCCCCC\C=C/CC(CCCCCC)OC(=O)CCC/C=C\C/C=C\C/C=C\C/C=C\CCCCC)CC1N(C)CCCC1,0.8154815411992848
N(CCC(=O)OCCCCCCCC\C=C/CC(CCCCCC)OC(=O)CC\C=C/C/C=C\C\C=C/C\C=C/C\C=C/C\C=C/CC)(CCC(=O)OCCCCCCCC\C=C/CC(CCCCCC)OC(=O)CC\C=C/C/C=C\C\C=C/C\C=C/C\C=C/C\C=C/CC)CC1N(C)CCCC1,0.8699160256226168
N(CCC(=O)OCCCCCCCC\C=C/CC(CCCCCC)OC(=O)CC/C=C\CC)(CCC(=O)OCCCCCCCC\C=C/CC(CCCCCC)OC(=O)CC/C=C\CC)CCC1N(CC(C)C)CCCC1,0.7467409048358632
N(CCC(=O)OCCCCCCCC\C=C/CC(CCCCCC)OC(=O)CCCCC)(CCC(=O)OCCCCCCCC\C=C/CC(CCCCCC)OC(=O)CCCCC)CCC1N(CC(C)C)CCCC1,0.7338260139535776
N(CCC(=O)OCCCCCCCC\C=C/CC(CCCCCC)OC(=O)CCCCCC)(CCC(=O)OCCCCCCCC\C=C/CC(CCCCCC)OC(=O)CCCCCC)CCC1N(CC(C)C)CCCC1,0.7427907044643388
N(CCC(=O)OCCCCCCCC\C=C/CC(CCCCCC)OC(=O)CCCCCCC)(CCC(=O)OCCCCCCCC\C=C/CC(CCCCCC)OC(=O)CCCCCCC)CCC1N(CC(C)C)CCCC1,0.7507079704174104
N(CCC(=O)OCCCCCCCC\C=C/CC(CCCCCC)OC(=O)CCCCCCCCCCCCCCCCC)(CCC(=O)OCCCCCCCC\C=C/CC(CCCCCC)OC(=O)CCCCCCCCCCCCCCCCC)CCC1N(CC(C)C)CCCC1,0.7647764654190791
N(CCC(=O)OCCCCCCCC\C=C/CC(CCCCCC)OC(=O)CCCCCCC/C=C\CCCCCCCC)(CCC(=O)OCCCCCCCC\C=C/CC(CCCCCC)OC(=O)CCCCCCC/C=C\CCCCCCCC)CCC1N(CC(C)C)CCCC1,0.7682359119327541
N(CCC(=O)OCCCCCCCC\C=C/CC(CCCCCC)OC(=O)CCCCCCC/C=C\C/C=C\CCCCC)(CCC(=O)OCCCCCCCC\C=C/CC(CCCCCC)OC(=O)CCCCCCC/C=C\C/C=C\CCCCC)CCC1N(CC(C)C)CCCC1,0.7740893868860876
N(CCC(=O)OCCCCCCCC\C=C/CC(CCCCCC)OC(=O)CCC/C=C\C/C=C\C/C=C\C/C=C\C/C=C\CC)(CCC(=O)OCCCCCCCC\C=C/CC(CCCCCC)OC(=O)CCC/C=C\C/C=C\C/C=C\C/C=C\C/C=C\CC)CCC1N(CC(C)C)CCCC1,0.8516991640316549
N(CCC(=O)OCCCCCCCC\C=C/CC(CCCCCC)OC(=O)CCCCCCCCCC)(CCC(=O)OCCCCCCCC\C=C/CC(CCCCCC)OC(=O)CCCCCCCCCC)CCC1N(CC(C)C)CCCC1,0.7560814401150572
N(CCC(=O)OCCCCCCCC\C=C/CC(CCCCCC)OC(=O)CCCCCCCCCCC)(CCC(=O)OCCCCCCCC\C=C/CC(CCCCCC)OC(=O)CCCCCCCCCCC)CCC1N(CC(C)C)CCCC1,0.7571240545248176
N(CCC(=O)OCCCCCCCC\C=C/CC(CCCCCC)OC(=O)CCCCCCCCCCCCC)(CCC(=O)OCCCCCCCC\C=C/CC(CCCCCC)OC(=O)CCCCCCCCCCCCC)CCC1N(CC(C)C)CCCC1,0.7596588243298078
N(CCC(=O)OCCCCCCCC\C=C/CC(CCCCCC)OC(=O)CCCCCCCCCCCCCCC)(CCC(=O)OCCCCCCCC\C=C/CC(CCCCCC)OC(=O)CCCCCCCCCCCCCCC)CCC1N(CC(C)C)CCCC1,0.7623155106002101
N(CCC(=O)OCCCCCCCC\C=C/CC(CCCCCC)OC(=O)C(CCCCCC)CCCCCCCC)(CCC(=O)OCCCCCCCC\C=C/CC(CCCCCC)OC(=O)C(CCCCCC)CCCCCCCC)CCC1N(CC(C)C)CCCC1,0.7618352084218116
N(CCC(=O)OCCCCCCCC\C=C/CC(CCCCCC)OC(=O)CC/C=C\CCCCC)(CCC(=O)OCCCCCCCC\C=C/CC(CCCCCC)OC(=O)CC/C=C\CCCCC)CCC1N(CC(C)C)CCCC1,0.7551505874139696
N(CCC(=O)OCCCCCCCC\C=C/CC(CCCCCC)OC(=O)CCC/C=C\C/C=C\C/C=C\C/C=C\CCCCC)(CCC(=O)OCCCCCCCC\C=C/CC(CCCCCC)OC(=O)CCC/C=C\C/C=C\C/C=C\C/C=C\CCCCC)CCC1N(CC(C)C)CCCC1,0.8202923423583156
N(CCC(=O)OCCCCCCCC\C=C/CC(CCCCCC)OC(=O)CC\C=C/C/C=C\C\C=C/C\C=C/C\C=C/C\C=C/CC)(CCC(=O)OCCCCCCCC\C=C/CC(CCCCCC)OC(=O)CC\C=C/C/C=C\C\C=C/C\C=C/C\C=C/C\C=C/CC)CCC1N(CC(C)C)CCCC1,0.8735881281823905
C1N(CCC(=O)OCCCCCCCC\C=C/CC(CCCCCC)OC(=O)CCC/C=C\C/C=C\C/C=C\C/C=C\C/C=C\CC)CCN(CCC(=O)OCCCCCCCC\C=C/CC(CCCCCC)OC(=O)CCC/C=C\C/C=C\C/C=C\C/C=C\C/C=C\CC)CCN(CCC(=O)OCCCCCCCC\C=C/CC(CCCCCC)OC(=O)CCC/C=C\C/C=C\C/C=C\C/C=C\C/C=C\CC)C1,0.8761678520859276
C1N(CCC(=O)OCCCCCCCC\C=C/CC(CCCCCC)OC(=O)CC\C=C/C/C=C\C\C=C/C\C=C/C\C=C/C\C=C/CC)CCN(CCC(=O)OCCCCCCCC\C=C/CC(CCCCCC)OC(=O)CC\C=C/C/C=C\C\C=C/C\C=C/C\C=C/C\C=C/CC)CCN(CCC(=O)OCCCCCCCC\C=C/CC(CCCCCC)OC(=O)CC\C=C/C/C=C\C\C=C/C\C=C/C\C=C/C\C=C/CC)C1,0.9010515787065737
N(CCC(=O)OCCCCCCCC\C=C/CC(CCCCCC)OC(=O)CC/C=C\CC)(CCC(=O)OCCCCCCCC\C=C/CC(CCCCCC)OC(=O)CC/C=C\CC)CCN1CCCCCC1,0.7825089866827638
N(CCC(=O)OCCCCCCCC\C=C/CC(CCCCCC)OC(=O)CCCCC)(CCC(=O)OCCCCCCCC\C=C/CC(CCCCCC)OC(=O)CCCCC)CCN1CCCCCC1,0.7662565063676727
N(CCC(=O)OCCCCCCCC\C=C/CC(CCCCCC)OC(=O)CCCCCC)(CCC(=O)OCCCCCCCC\C=C/CC(CCCCCC)OC(=O)CCCCCC)CCN1CCCCCC1,0.7760857170457343
N(CCC(=O)OCCCCCCCC\C=C/CC(CCCCCC)OC(=O)CCCCCCC)(CCC(=O)OCCCCCCCC\C=C/CC(CCCCCC)OC(=O)CCCCCCC)CCN1CCCCCC1,0.7851331896085092
N(CCC(=O)OCCCCCCCC\C=C/CC(CCCCCC)OC(=O)CCCCCCCCCCCCCCCCC)(CCC(=O)OCCCCCCCC\C=C/CC(CCCCCC)OC(=O)CCCCCCCCCCCCCCCCC)CCN1CCCCCC1,0.7937864675792702
N(CCC(=O)OCCCCCCCC\C=C/CC(CCCCCC)OC(=O)CCCCCCC/C=C\CCCCCCCC)(CCC(=O)OCCCCCCCC\C=C/CC(CCCCCC)OC(=O)CCCCCCC/C=C\CCCCCCCC)CCN1CCCCCC1,0.7981367416124997
N(CCC(=O)OCCCCCCCC\C=C/CC(CCCCCC)OC(=O)CCCCCCC/C=C\C/C=C\CCCCC)(CCC(=O)OCCCCCCCC\C=C/CC(CCCCCC)OC(=O)CCCCCCC/C=C\C/C=C\CCCCC)CCN1CCCCCC1,0.803432476944231
N(CCC(=O)OCCCCCCCC\C=C/CC(CCCCCC)OC(=O)CCC/C=C\C/C=C\C/C=C\C/C=C\C/C=C\CC)(CCC(=O)OCCCCCCCC\C=C/CC(CCCCCC)OC(=O)CCC/C=C\C/C=C\C/C=C\C/C=C\C/C=C\CC)CCN1CCCCCC1,0.8815919767981854
N(CCC(=O)OCCCCCCCC\C=C/CC(CCCCCC)OC(=O)CCCCCCCCCC)(CCC(=O)OCCCCCCCC\C=C/CC(CCCCCC)OC(=O)CCCCCCCCCC)CCN1CCCCCC1,0.7902991697152404
N(CCC(=O)OCCCCCCCC\C=C/CC(CCCCCC)OC(=O)CCCCCCCCCCC)(CCC(=O)OCCCCCCCC\C=C/CC(CCCCCC)OC(=O)CCCCCCCCCCC)CCN1CCCCCC1,0.7911031176493599
N(CCC(=O)OCCCCCCCC\C=C/CC(CCCCCC)OC(=O)CCCCCCCCCCCCC)(CCC(=O)OCCCCCCCC\C=C/CC(CCCCCC)OC(=O)CCCCCCCCCCCCC)CCN1CCCCCC1,0.7926021022669583
N(CCC(=O)OCCCCCCCC\C=C/CC(CCCCCC)OC(=O)CCCCCCCCCCCCCCC)(CCC(=O)OCCCCCCCC\C=C/CC(CCCCCC)OC(=O)CCCCCCCCCCCCCCC)CCN1CCCCCC1,0.7931751631004826
N(CCC(=O)OCCCCCCCC\C=C/CC(CCCCCC)OC(=O)C(CCCCCC)CCCCCCCC)(CCC(=O)OCCCCCCCC\C=C/CC(CCCCCC)OC(=O)C(CCCCCC)CCCCCCCC)CCN1CCCCCC1,0.7935150802208032
N(CCC(=O)OCCCCCCCC\C=C/CC(CCCCCC)OC(=O)CC/C=C\CCCCC)(CCC(=O)OCCCCCCCC\C=C/CC(CCCCCC)OC(=O)CC/C=C\CCCCC)CCN1CCCCCC1,0.7885247595902964
N(CCC(=O)OCCCCCCCC\C=C/CC(CCCCCC)OC(=O)CCC/C=C\C/C=C\C/C=C\C/C=C\CCCCC)(CCC(=O)OCCCCCCCC\C=C/CC(CCCCCC)OC(=O)CCC/C=C\C/C=C\C/C=C\C/C=C\CCCCC)CCN1CCCCCC1,0.8494796073773742
N(CCC(=O)OCCCCCCCC\C=C/CC(CCCCCC)OC(=O)CC\C=C/C/C=C\C\C=C/C\C=C/C\C=C/C\C=C/CC)(CCC(=O)OCCCCCCCC\C=C/CC(CCCCCC)OC(=O)CC\C=C/C/C=C\C\C=C/C\C=C/C\C=C/C\C=C/CC)CCN1CCCCCC1,0.9046692850255693
N(CCC(=O)OCCCCCCCC\C=C/CC(CCCCCC)OC(=O)CCC)(CCC(=O)OCCCCCCCC\C=C/CC(CCCCCC)OC(=O)CCC)CCN(CC)CC,0.7575849973424151
N(CCC(=O)OCCCCCCCC\C=C/CC(CCCCCC)OC(=O)CCCCCCCCC)(CCC(=O)OCCCCCCCC\C=C/CC(CCCCCC)OC(=O)CCCCCCCCC)CCN(CC)CC,0.779790718641961
N(CCC(=O)OCCCCCCCC\C=C/CC(CCCCCC)OC(=O)CCCCC)(CCC(=O)OCCCCCCCC\C=C/CC(CCCCCC)OC(=O)CCCCC)CCN(CC)CC,0.7572072522686277
N(CCC(=O)OCCCCCCCC\C=C/CC(CCCCCC)OC(=O)CCCCCC)(CCC(=O)OCCCCCCCC\C=C/CC(CCCCCC)OC(=O)CCCCCC)CCN(CC)CC,0.7664002169601213
N(CCC(=O)OCCCCCCCC\C=C/CC(CCCCCC)OC(=O)CCCCCCC)(CCC(=O)OCCCCCCCC\C=C/CC(CCCCCC)OC(=O)CCCCCCC)CCN(CC)CC,0.7751717295546696
N(CCC(=O)OCCCCCCCC\C=C/CC(CCCCCC)OC(=O)CCCCCCC/C=C\C/C=C\CCCCC)(CCC(=O)OCCCCCCCC\C=C/CC(CCCCCC)OC(=O)CCCCCCC/C=C\C/C=C\CCCCC)CCN(CC)CC,0.7962027058377615
N(CCC(=O)OCCCCCCCC\C=C/CC(CCCCCC)OC(=O)CC/C=C\CC)(CCC(=O)OCCCCCCCC\C=C/CC(CCCCCC)OC(=O)CC/C=C\CC)CCO,0.7161139803569981
N(CCC(=O)OCCCCCCCC\C=C/CC(CCCCCC)OC(=O)CCCCC)(CCC(=O)OCCCCCCCC\C=C/CC(CCCCCC)OC(=O)CCCCC)CCO,0.7016511126096886
N(CCC(=O)OCCCCCCCC\C=C/CC(CCCCCC)OC(=O)CCCCCC)(CCC(=O)OCCCCCCCC\C=C/CC(CCCCCC)OC(=O)CCCCCC)CCO,0.7127715213917213
N(CCC(=O)OCCCCCCCC\C=C/CC(CCCCCC)OC(=O)CCCCCCC)(CCC(=O)OCCCCCCCC\C=C/CC(CCCCCC)OC(=O)CCCCCCC)CCO,0.7225676548797028
N(CCC(=O)OCCCCCCCC\C=C/CC(CCCCCC)OC(=O)CCCCCCCCCCCCCCCCC)(CCC(=O)OCCCCCCCC\C=C/CC(CCCCCC)OC(=O)CCCCCCCCCCCCCCCCC)CCO,0.7417735660232397
N(CCC(=O)OCCCCCCCC\C=C/CC(CCCCCC)OC(=O)CCCCCCC/C=C\CCCCCCCC)(CCC(=O)OCCCCCCCC\C=C/CC(CCCCCC)OC(=O)CCCCCCC/C=C\CCCCCCCC)CCO,0.7462176082488148
N(CCC(=O)OCCCCCCCC\C=C/CC(CCCCCC)OC(=O)CCCCCCC/C=C\C/C=C\CCCCC)(CCC(=O)OCCCCCCCC\C=C/CC(CCCCCC)OC(=O)CCCCCCC/C=C\C/C=C\CCCCC)CCO,0.7515284272542989
N(CCC(=O)OCCCCCCCC\C=C/CC(CCCCCC)OC(=O)CCC/C=C\C/C=C\C/C=C\C/C=C\C/C=C\CC)(CCC(=O)OCCCCCCCC\C=C/CC(CCCCCC)OC(=O)CCC/C=C\C/C=C\C/C=C\C/C=C\C/C=C\CC)CCO,0.8368263647886128
N(CCC(=O)OCCCCCCCC\C=C/CC(CCCCCC)OC(=O)CCCCCCCCCC)(CCC(=O)OCCCCCCCC\C=C/CC(CCCCCC)OC(=O)CCCCCCCCCC)CCO,0.7307631967981522
N(CCC(=O)OCCCCCCCC\C=C/CC(CCCCCC)OC(=O)CCCCCCCCCCC)(CCC(=O)OCCCCCCCC\C=C/CC(CCCCCC)OC(=O)CCCCCCCCCCC)CCO,0.7324987100478673
N(CCC(=O)OCCCCCCCC\C=C/CC(CCCCCC)OC(=O)CCCCCCCCCCCCC)(CCC(=O)OCCCCCCCC\C=C/CC(CCCCCC)OC(=O)CCCCCCCCCCCCC)CCO,0.7358397437841282
N(CCC(=O)OCCCCCCCC\C=C/CC(CCCCCC)OC(=O)CCCCCCCCCCCCCCC)(CCC(=O)OCCCCCCCC\C=C/CC(CCCCCC)OC(=O)CCCCCCCCCCCCCCC)CCO,0.738916159999748
N(CCC(=O)OCCCCCCCC\C=C/CC(CCCCCC)OC(=O)C(CCCCCC)CCCCCCCC)(CCC(=O)OCCCCCCCC\C=C/CC(CCCCCC)OC(=O)C(CCCCCC)CCCCCCCC)CCO,0.7396563883199431
N(CCC(=O)OCCCCCCCC\C=C/CC(CCCCCC)OC(=O)CC/C=C\CCCCC)(CCC(=O)OCCCCCCCC\C=C/CC(CCCCCC)OC(=O)CC/C=C\CCCCC)CCO,0.7290841582481968
N(CCC(=O)OCCCCCCCC\C=C/CC(CCCCCC)OC(=O)CCC/C=C\C/C=C\C/C=C\C/C=C\CCCCC)(CCC(=O)OCCCCCCCC\C=C/CC(CCCCCC)OC(=O)CCC/C=C\C/C=C\C/C=C\C/C=C\CCCCC)CCO,0.8043533530422065
N(CCC(=O)OCCCCCCCC\C=C/CC(CCCCCC)OC(=O)CC\C=C/C/C=C\C\C=C/C\C=C/C\C=C/C\C=C/CC)(CCC(=O)OCCCCCCCC\C=C/CC(CCCCCC)OC(=O)CC\C=C/C/C=C\C\C=C/C\C=C/C\C=C/C\C=C/CC)CCO,0.8602584362719009
N(CCC(=O)OCCCCCCCC\C=C/CC(CCCCCC)OC(=O)CC/C=C\CC)(CCC(=O)OCCCCCCCC\C=C/CC(CCCCCC)OC(=O)CC/C=C\CC)CCCCCO,0.7963551459579333
N(CCC(=O)OCCCCCCCC\C=C/CC(CCCCCC)OC(=O)CCCCC)(CCC(=O)OCCCCCCCC\C=C/CC(CCCCCC)OC(=O)CCCCC)CCCCCO,0.7797689838994667
N(CCC(=O)OCCCCCCCC\C=C/CC(CCCCCC)OC(=O)CCCCCC)(CCC(=O)OCCCCCCCC\C=C/CC(CCCCCC)OC(=O)CCCCCC)CCCCCO,0.7904960888576205
N(CCC(=O)OCCCCCCCC\C=C/CC(CCCCCC)OC(=O)CCCCCCC)(CCC(=O)OCCCCCCCC\C=C/CC(CCCCCC)OC(=O)CCCCCCC)CCCCCO,0.8003456090491603
N(CCC(=O)OCCCCCCCC\C=C/CC(CCCCCC)OC(=O)CCCCCCCCCCCCCCCCC)(CCC(=O)OCCCCCCCC\C=C/CC(CCCCCC)OC(=O)CCCCCCCCCCCCCCCCC)CCCCCO,0.80362886162573
N(CCC(=O)OCCCCCCCC\C=C/CC(CCCCCC)OC(=O)CCCCCCC/C=C\CCCCCCCC)(CCC(=O)OCCCCCCCC\C=C/CC(CCCCCC)OC(=O)CCCCCCC/C=C\CCCCCCCC)CCCCCO,0.8079430298572203
N(CCC(=O)OCCCCCCCC\C=C/CC(CCCCCC)OC(=O)CCCCCCC/C=C\C/C=C\CCCCC)(CCC(=O)OCCCCCCCC\C=C/CC(CCCCCC)OC(=O)CCCCCCC/C=C\C/C=C\CCCCC)CCCCCO,0.8156060112000172
N(CCC(=O)OCCCCCCCC\C=C/CC(CCCCCC)OC(=O)CCC/C=C\C/C=C\C/C=C\C/C=C\C/C=C\CC)(CCC(=O)OCCCCCCCC\C=C/CC(CCCCCC)OC(=O)CCC/C=C\C/C=C\C/C=C\C/C=C\C/C=C\CC)CCCCCO,0.8938832112168779
N(CCC(=O)OCCCCCCCC\C=C/CC(CCCCCC)OC(=O)CCCCCCCCCC)(CCC(=O)OCCCCCCCC\C=C/CC(CCCCCC)OC(=O)CCCCCCCCCC)CCCCCO,0.8029992667079034
N(CCC(=O)OCCCCCCCC\C=C/CC(CCCCCC)OC(=O)CCCCCCCCCCC)(CCC(=O)OCCCCCCCC\C=C/CC(CCCCCC)OC(=O)CCCCCCCCCCC)CCCCCO,0.8030537223332238
N(CCC(=O)OCCCCCCCC\C=C/CC(CCCCCC)OC(=O)CCCCCCCCCCCCC)(CCC(=O)OCCCCCCCC\C=C/CC(CCCCCC)OC(=O)CCCCCCCCCCCCC)CCCCCO,0.8032316384220569
N(CCC(=O)OCCCCCCCC\C=C/CC(CCCCCC)OC(=O)CCCCCCCCCCCCCCC)(CCC(=O)OCCCCCCCC\C=C/CC(CCCCCC)OC(=O)CCCCCCCCCCCCCCC)CCCCCO,0.8034393655511417
N(CCC(=O)OCCCCCCCC\C=C/CC(CCCCCC)OC(=O)C(CCCCCC)CCCCCCCC)(CCC(=O)OCCCCCCCC\C=C/CC(CCCCCC)OC(=O)C(CCCCCC)CCCCCCCC)CCCCCO,0.804006903622229
N(CCC(=O)OCCCCCCCC\C=C/CC(CCCCCC)OC(=O)CC/C=C\CCCCC)(CCC(=O)OCCCCCCCC\C=C/CC(CCCCCC)OC(=O)CC/C=C\CCCCC)CCCCCO,0.803292091886153
N(CCC(=O)OCCCCCCCC\C=C/CC(CCCCCC)OC(=O)CCC/C=C\C/C=C\C/C=C\C/C=C\CCCCC)(CCC(=O)OCCCCCCCC\C=C/CC(CCCCCC)OC(=O)CCC/C=C\C/C=C\C/C=C\C/C=C\CCCCC)CCCCCO,0.8615205953346706
N(CCC(=O)OCCCCCCCC\C=C/CC(CCCCCC)OC(=O)CC\C=C/C/C=C\C\C=C/C\C=C/C\C=C/C\C=C/CC)(CCC(=O)OCCCCCCCC\C=C/CC(CCCCCC)OC(=O)CC\C=C/C/C=C\C\C=C/C\C=C/C\C=C/C\C=C/CC)CCCCCO,0.9189381434730732
N(CCC(=O)OCCCCCCCC\C=C/CC(CCCCCC)OC(=O)CCCCCCC/C=C\CCCCCCCC)(CCC(=O)OCCCCCCCC\C=C/CC(CCCCCC)OC(=O)CCCCCCC/C=C\CCCCCCCC)CCCN(CCC(=O)OCCCCCCCC\C=C/CC(CCCCCC)OC(=O)CCCCCCC/C=C\CCCCCCCC)(CCC(=O)OCCCCCCCC\C=C/CC(CCCCCC)OC(=O)CCCCCCC/C=C\CCCCCCCC),0.8173091004896179
N(CCC(=O)OCCCCCCCC\C=C/CC(CCCCCC)OC(=O)CCC/C=C\C/C=C\C/C=C\C/C=C\C/C=C\CC)(CCC(=O)OCCCCCCCC\C=C/CC(CCCCCC)OC(=O)CCC/C=C\C/C=C\C/C=C\C/C=C\C/C=C\CC)CCCN(CCC(=O)OCCCCCCCC\C=C/CC(CCCCCC)OC(=O)CCC/C=C\C/C=C\C/C=C\C/C=C\C/C=C\CC)(CCC(=O)OCCCCCCCC\C=C/CC(CCCCCC)OC(=O)CCC/C=C\C/C=C\C/C=C\C/C=C\C/C=C\CC),0.9057432544736822
N(CCC(=O)OCCCCCCCC\C=C/CC(CCCCCC)OC(=O)CC/C=C\CCCCC)(CCC(=O)OCCCCCCCC\C=C/CC(CCCCCC)OC(=O)CC/C=C\CCCCC)CCCN(CCC(=O)OCCCCCCCC\C=C/CC(CCCCCC)OC(=O)CC/C=C\CCCCC)(CCC(=O)OCCCCCCCC\C=C/CC(CCCCCC)OC(=O)CC/C=C\CCCCC),0.8147490328695933
N(CCC(=O)OCCCCCCCC\C=C/CC(CCCCCC)OC(=O)CC\C=C/C/C=C\C\C=C/C\C=C/C\C=C/C\C=C/CC)(CCC(=O)OCCCCCCCC\C=C/CC(CCCCCC)OC(=O)CC\C=C/C/C=C\C\C=C/C\C=C/C\C=C/C\C=C/CC)CCCN(CCC(=O)OCCCCCCCC\C=C/CC(CCCCCC)OC(=O)CC\C=C/C/C=C\C\C=C/C\C=C/C\C=C/C\C=C/CC)(CCC(=O)OCCCCCCCC\C=C/CC(CCCCCC)OC(=O)CC\C=C/C/C=C\C\C=C/C\C=C/C\C=C/C\C=C/CC),0.9358487232863112
N(CCC(=O)OCCCCCCCC\C=C/CC(CCCCCC)OC(=O)CCCC\C=C/C\C=C/C\C=C/CCCCC)(CCC(=O)OCCCCCCCC\C=C/CC(CCCCCC)OC(=O)CCCC\C=C/C\C=C/C\C=C/CCCCC)CCCN(CCC(=O)OCCCCCCCC\C=C/CC(CCCCCC)OC(=O)CCCC\C=C/C\C=C/C\C=C/CCCCC)(CCC(=O)OCCCCCCCC\C=C/CC(CCCCCC)OC(=O)CCCC\C=C/C\C=C/C\C=C/CCCCC),0.8459999701193055
N(CCC(=O)OCCCCCCCC\C=C/CC(CCCCCC)OC(=O)CCCCCCCC=C)(CCC(=O)OCCCCCCCC\C=C/CC(CCCCCC)OC(=O)CCCCCCCC=C)CCCN(CCC(=O)OCCCCCCCC\C=C/CC(CCCCCC)OC(=O)CCCCCCCC=C)(CCC(=O)OCCCCCCCC\C=C/CC(CCCCCC)OC(=O)CCCCCCCC=C),0.8150607423323052
N(CCC(=O)OCCCCCCCC\C=C/CC(CCCCCC)OC(=O)CC\C=C/C/C=C\C\C=C/C\C=C/C\C=C/C\C=C/CC)(CCC(=O)OCCCCCCCC\C=C/CC(CCCCCC)OC(=O)CC\C=C/C/C=C\C\C=C/C\C=C/C\C=C/C\C=C/CC)CC(O)CO,0.8668388374079465
N(CCC(=O)OCCCCCCCC\C=C/CC(CCCCCC)OC(=O)CCC/C=C\C/C=C\C/C=C\C/C=C\C/C=C\CC)(CCC(=O)OCCCCCCCC\C=C/CC(CCCCCC)OC(=O)CCC/C=C\C/C=C\C/C=C\C/C=C\C/C=C\CC)CCCN(CCC(=O)OCCCCCCCC\C=C/CC(CCCCCC)OC(=O)CCC/C=C\C/C=C\C/C=C\C/C=C\C/C=C\CC)C,0.8994955849283347
N(CCC(=O)OCCCCCCCC\C=C/CC(CCCCCC)OC(=O)CC\C=C/C/C=C\C\C=C/C\C=C/C\C=C/C\C=C/CC)(CCC(=O)OCCCCCCCC\C=C/CC(CCCCCC)OC(=O)CC\C=C/C/C=C\C\C=C/C\C=C/C\C=C/C\C=C/CC)CCCN(CCC(=O)OCCCCCCCC\C=C/CC(CCCCCC)OC(=O)CC\C=C/C/C=C\C\C=C/C\C=C/C\C=C/C\C=C/CC)C,0.9274399908608821
N(CCC(=O)OCCCCCCCC\C=C/CC(CCCCCC)OC(=O)CCC/C=C\C/C=C\C/C=C\C/C=C\C/C=C\CC)(CCC(=O)OCCCCCCCC\C=C/CC(CCCCCC)OC(=O)CCC/C=C\C/C=C\C/C=C\C/C=C\C/C=C\CC)CCN(CCC(=O)OCCCCCCCC\C=C/CC(CCCCCC)OC(=O)CCC/C=C\C/C=C\C/C=C\C/C=C\C/C=C\CC)CCN(CC1)CCN1CCN(CCC(=O)OCCCCCCCC\C=C/CC(CCCCCC)OC(=O)CCC/C=C\C/C=C\C/C=C\C/C=C\C/C=C\CC)(CCC(=O)OCCCCCCCC\C=C/CC(CCCCCC)OC(=O)CCC/C=C\C/C=C\C/C=C\C/C=C\C/C=C\CC),0.9032626433713007
N(CCC(=O)OCCCCCCCC\C=C/CC(CCCCCC)OC(=O)CC/C=C\CCCCC)(CCC(=O)OCCCCCCCC\C=C/CC(CCCCCC)OC(=O)CC/C=C\CCCCC)CCN(CCC(=O)OCCCCCCCC\C=C/CC(CCCCCC)OC(=O)CC/C=C\CCCCC)CCN(CC1)CCN1CCN(CCC(=O)OCCCCCCCC\C=C/CC(CCCCCC)OC(=O)CC/C=C\CCCCC)(CCC(=O)OCCCCCCCC\C=C/CC(CCCCCC)OC(=O)CC/C=C\CCCCC),0.8157480590252805
N(CCC(=O)OCCCCCCCC\C=C/CC(CCCCCC)OC(=O)CC\C=C/C/C=C\C\C=C/C\C=C/C\C=C/C\C=C/CC)(CCC(=O)OCCCCCCCC\C=C/CC(CCCCCC)OC(=O)CC\C=C/C/C=C\C\C=C/C\C=C/C\C=C/C\C=C/CC)CCN(CCC(=O)OCCCCCCCC\C=C/CC(CCCCCC)OC(=O)CC\C=C/C/C=C\C\C=C/C\C=C/C\C=C/C\C=C/CC)CCN(CC1)CCN1CCN(CCC(=O)OCCCCCCCC\C=C/CC(CCCCCC)OC(=O)CC\C=C/C/C=C\C\C=C/C\C=C/C\C=C/C\C=C/CC)(CCC(=O)OCCCCCCCC\C=C/CC(CCCCCC)OC(=O)CC\C=C/C/C=C\C\C=C/C\C=C/C\C=C/C\C=C/CC),0.929987290804305
N(CCC(=O)OCCCCCCCC\C=C/CC(CCCCCC)OC(=O)CCCC\C=C/C\C=C/C\C=C/CCCCC)(CCC(=O)OCCCCCCCC\C=C/CC(CCCCCC)OC(=O)CCCC\C=C/C\C=C/C\C=C/CCCCC)CCN(CCC(=O)OCCCCCCCC\C=C/CC(CCCCCC)OC(=O)CCCC\C=C/C\C=C/C\C=C/CCCCC)CCN(CC1)CCN1CCN(CCC(=O)OCCCCCCCC\C=C/CC(CCCCCC)OC(=O)CCCC\C=C/C\C=C/C\C=C/CCCCC)(CCC(=O)OCCCCCCCC\C=C/CC(CCCCCC)OC(=O)CCCC\C=C/C\C=C/C\C=C/CCCCC),0.8448815810335267
N(CCC(=O)OCCCCCCCC\C=C/CC(CCCCCC)OC(=O)CCCCCCCC=C)(CCC(=O)OCCCCCCCC\C=C/CC(CCCCCC)OC(=O)CCCCCCCC=C)CCN(CCC(=O)OCCCCCCCC\C=C/CC(CCCCCC)OC(=O)CCCCCCCC=C)CCN(CC1)CCN1CCN(CCC(=O)OCCCCCCCC\C=C/CC(CCCCCC)OC(=O)CCCCCCCC=C)(CCC(=O)OCCCCCCCC\C=C/CC(CCCCCC)OC(=O)CCCCCCCC=C),0.8161114924243654
N(CCC(=O)OCCCCCCCC\C=C/CC(CCCCCC)OC(=O)CC/C=C\CC)(CCC(=O)OCCCCCCCC\C=C/CC(CCCCCC)OC(=O)CC/C=C\CC)CCC1OCCO1,0.2148688187210162
N(CCC(=O)OCCCCCCCC\C=C/CC(CCCCCC)OC(=O)CCCCC)(CCC(=O)OCCCCCCCC\C=C/CC(CCCCCC)OC(=O)CCCCC)CCC1OCCO1,0.1986219799374469
N(CCC(=O)OCCCCCCCC\C=C/CC(CCCCCC)OC(=O)CCCCCC)(CCC(=O)OCCCCCCCC\C=C/CC(CCCCCC)OC(=O)CCCCCC)CCC1OCCO1,0.2146370111600149
N(CCC(=O)OCCCCCCCC\C=C/CC(CCCCCC)OC(=O)CCCCCCC)(CCC(=O)OCCCCCCCC\C=C/CC(CCCCCC)OC(=O)CCCCCCC)CCC1OCCO1,0.2299559367773422
N(CCC(=O)OCCCCCCCC\C=C/CC(CCCCCC)OC(=O)CCCCCCCCCCCCCCCCC)(CCC(=O)OCCCCCCCC\C=C/CC(CCCCCC)OC(=O)CCCCCCCCCCCCCCCCC)CCC1OCCO1,0.3331527465245543
N(CCC(=O)OCCCCCCCC\C=C/CC(CCCCCC)OC(=O)CCCCCCC/C=C\CCCCCCCC)(CCC(=O)OCCCCCCCC\C=C/CC(CCCCCC)OC(=O)CCCCCCC/C=C\CCCCCCCC)CCC1OCCO1,0.3368411204489275
N(CCC(=O)OCCCCCCCC\C=C/CC(CCCCCC)OC(=O)CCCCCCC/C=C\C/C=C\CCCCC)(CCC(=O)OCCCCCCCC\C=C/CC(CCCCCC)OC(=O)CCCCCCC/C=C\C/C=C\CCCCC)CCC1OCCO1,0.33851169670160025
N(CCC(=O)OCCCCCCCC\C=C/CC(CCCCCC)OC(=O)CCC/C=C\C/C=C\C/C=C\C/C=C\C/C=C\CC)(CCC(=O)OCCCCCCCC\C=C/CC(CCCCCC)OC(=O)CCC/C=C\C/C=C\C/C=C\C/C=C\C/C=C\CC)CCC1OCCO1,0.4062446070738828
N(CCC(=O)OCCCCCCCC\C=C/CC(CCCCCC)OC(=O)CCCCCCCCCC)(CCC(=O)OCCCCCCCC\C=C/CC(CCCCCC)OC(=O)CCCCCCCCCC)CCC1OCCO1,0.26479977245348985
N(CCC(=O)OCCCCCCCC\C=C/CC(CCCCCC)OC(=O)CCCCCCCCCCC)(CCC(=O)OCCCCCCCC\C=C/CC(CCCCCC)OC(=O)CCCCCCCCCCC)CCC1OCCO1,0.2756007814745784
N(CCC(=O)OCCCCCCCC\C=C/CC(CCCCCC)OC(=O)CCCCCCCCCCCCC)(CCC(=O)OCCCCCCCC\C=C/CC(CCCCCC)OC(=O)CCCCCCCCCCCCC)CCC1OCCO1,0.29572213503046724
N(CCC(=O)OCCCCCCCC\C=C/CC(CCCCCC)OC(=O)CCCCCCCCCCCCCCC)(CCC(=O)OCCCCCCCC\C=C/CC(CCCCCC)OC(=O)CCCCCCCCCCCCCCC)CCC1OCCO1,0.31471194582445033
N(CCC(=O)OCCCCCCCC\C=C/CC(CCCCCC)OC(=O)C(CCCCCC)CCCCCCCC)(CCC(=O)OCCCCCCCC\C=C/CC(CCCCCC)OC(=O)C(CCCCCC)CCCCCCCC)CCC1OCCO1,0.31411067733331716
N(CCC(=O)OCCCCCCCC\C=C/CC(CCCCCC)OC(=O)CC/C=C\CCCCC)(CCC(=O)OCCCCCCCC\C=C/CC(CCCCCC)OC(=O)CC/C=C\CCCCC)CCC1OCCO1,0.25238745295297804
N(CCC(=O)OCCCCCCCC\C=C/CC(CCCCCC)OC(=O)CCC/C=C\C/C=C\C/C=C\C/C=C\CCCCC)(CCC(=O)OCCCCCCCC\C=C/CC(CCCCCC)OC(=O)CCC/C=C\C/C=C\C/C=C\C/C=C\CCCCC)CCC1OCCO1,0.38142246222363724
N(CCC(=O)OCCCCCCCC\C=C/CC(CCCCCC)OC(=O)CC\C=C/C/C=C\C\C=C/C\C=C/C\C=C/C\C=C/CC)(CCC(=O)OCCCCCCCC\C=C/CC(CCCCCC)OC(=O)CC\C=C/C/C=C\C\C=C/C\C=C/C\C=C/C\C=C/CC)CCC1OCCO1,0.43897873265293236
N(CCC(=O)OCCCCCCCC\C=C/CC(CCCCCC)OC(=O)CC/C=C\CC)(CCC(=O)OCCCCCCCC\C=C/CC(CCCCCC)OC(=O)CC/C=C\CC)CCN1CCCC1,0.7890459777183632
N(CCC(=O)OCCCCCCCC\C=C/CC(CCCCCC)OC(=O)CCCCC)(CCC(=O)OCCCCCCCC\C=C/CC(CCCCCC)OC(=O)CCCCC)CCN1CCCC1,0.7726097616292903
N(CCC(=O)OCCCCCCCC\C=C/CC(CCCCCC)OC(=O)CCCCCC)(CCC(=O)OCCCCCCCC\C=C/CC(CCCCCC)OC(=O)CCCCCC)CCN1CCCC1,0.7825619576945259
N(CCC(=O)OCCCCCCCC\C=C/CC(CCCCCC)OC(=O)CCCCCCC)(CCC(=O)OCCCCCCCC\C=C/CC(CCCCCC)OC(=O)CCCCCCC)CCN1CCCC1,0.7925073245373929
N(CCC(=O)OCCCCCCCC\C=C/CC(CCCCCC)OC(=O)CCCCCCC/C=C\C/C=C\CCCCC)(CCC(=O)OCCCCCCCC\C=C/CC(CCCCCC)OC(=O)CCCCCCC/C=C\C/C=C\CCCCC)CCN1CCCC1,0.8091632634331021
N(CCC(=O)OCCCCCCCC\C=C/CC(CCCCCC)OC(=O)CCC/C=C\C/C=C\C/C=C\C/C=C\C/C=C\CC)(CCC(=O)OCCCCCCCC\C=C/CC(CCCCCC)OC(=O)CCC/C=C\C/C=C\C/C=C\C/C=C\C/C=C\CC)CCN1CCCC1,0.8879427972935672
N(CCC(=O)OCCCCCCCC\C=C/CC(CCCCCC)OC(=O)CCCCCCCCCC)(CCC(=O)OCCCCCCCC\C=C/CC(CCCCCC)OC(=O)CCCCCCCCCC)CCN1CCCC1,0.7972491802427737
N(CCC(=O)OCCCCCCCC\C=C/CC(CCCCCC)OC(=O)CCCCCCCCCCC)(CCC(=O)OCCCCCCCC\C=C/CC(CCCCCC)OC(=O)CCCCCCCCCCC)CCN1CCCC1,0.7976297163900509
N(CCC(=O)OCCCCCCCC\C=C/CC(CCCCCC)OC(=O)CCCCCCCCCCCCC)(CCC(=O)OCCCCCCCC\C=C/CC(CCCCCC)OC(=O)CCCCCCCCCCCCC)CCN1CCCC1,0.7979813916497536
N(CCC(=O)OCCCCCCCC\C=C/CC(CCCCCC)OC(=O)CCCCCCCCCCCCCCC)(CCC(=O)OCCCCCCCC\C=C/CC(CCCCCC)OC(=O)CCCCCCCCCCCCCCC)CCN1CCCC1,0.798402309285818
N(CCC(=O)OCCCCCCCC\C=C/CC(CCCCCC)OC(=O)C(CCCCCC)CCCCCCCC)(CCC(=O)OCCCCCCCC\C=C/CC(CCCCCC)OC(=O)C(CCCCCC)CCCCCCCC)CCN1CCCC1,0.7990542921761045
N(CCC(=O)OCCCCCCCC\C=C/CC(CCCCCC)OC(=O)CC/C=C\CCCCC)(CCC(=O)OCCCCCCCC\C=C/CC(CCCCCC)OC(=O)CC/C=C\CCCCC)CCN1CCCC1,0.7956411062209077
O=C(CCN(CCC(OCCCCCCCC/C=C\CC(CCCCCC)OC(CC/C=C\CCCCCC)=O)=O)CCN1CCCC1)OCCCCCCCC/C=C\CC(CCCCCC)OC(CC/C=C\CCCCCC)=O,0.7993427228982214
N(CCC(=O)OCCCCCCCC\C=C/CC(CCCCCC)OC(=O)CCC/C=C\C/C=C\C/C=C\C/C=C\CCCCC)(CCC(=O)OCCCCCCCC\C=C/CC(CCCCCC)OC(=O)CCC/C=C\C/C=C\C/C=C\C/C=C\CCCCC)CCN1CCCC1,0.8555694921937399
N(CCC(=O)OCCCCCCCC\C=C/CC(CCCCCC)OC(=O)CC\C=C/C/C=C\C\C=C/C\C=C/C\C=C/C\C=C/CC)(CCC(=O)OCCCCCCCC\C=C/CC(CCCCCC)OC(=O)CC\C=C/C/C=C\C\C=C/C\C=C/C\C=C/C\C=C/CC)CCN1CCCC1,0.9121814296308376
O=C(CCN(CCC(OCCCCCCCC/C=C\CC(CCCCCC)OC(C(CCCCCC)CCCC)=O)=O)CCN1CCCC1)OCCCCCCCC/C=C\CC(CCCCCC)OC(C(CCCCCC)CCCC)=O,0.791273551285859
O=C(CCN(CCC(OCCCCCCCC/C=C\CC(CCCCCC)OC(CCCC1CCCCC1)=O)=O)CCN2CCCC2)OCCCCCCCC/C=C\CC(CCCCCC)OC(CCCC3CCCCC3)=O,0.739380547120801
O=C(CCN(CCC(OCCCCCCCC/C=C\CC(CCCCCC)OC(CCCCCCCCCCCCCCCCC)=O)=O)CCN1CCCC1)OCCCCCCCC/C=C\CC(CCCCCC)OC(CCCCCCCCCCCCCCCCC)=O,0.7988043426374201
N(CCC(=O)OCCCCCCCC\C=C/CC(CCCCCC)OC(=O)CCCCCCC/C=C\CCCCCCCC)(CCC(=O)OCCCCCCCC\C=C/CC(CCCCCC)OC(=O)CCCCCCC/C=C\CCCCCCCC)CCN1CCCC1,0.8031591298958669
N(CCC(=O)OCCCCCCCC\C=C/CC(CCCCCC)OC(=O)CC/C=C\CC)(CCC(=O)OCCCCCCCC\C=C/CC(CCCCCC)OC(=O)CC/C=C\CC)CCCN1CCCC1,0.7877116070521151
N(CCC(=O)OCCCCCCCC\C=C/CC(CCCCCC)OC(=O)CCCCC)(CCC(=O)OCCCCCCCC\C=C/CC(CCCCCC)OC(=O)CCCCC)CCCN1CCCC1,0.7714691627246785
N(CCC(=O)OCCCCCCCC\C=C/CC(CCCCCC)OC(=O)CCCCCC)(CCC(=O)OCCCCCCCC\C=C/CC(CCCCCC)OC(=O)CCCCCC)CCCN1CCCC1,0.7812304374863098
N(CCC(=O)OCCCCCCCC\C=C/CC(CCCCCC)OC(=O)CCCCCCC)(CCC(=O)OCCCCCCCC\C=C/CC(CCCCCC)OC(=O)CCCCCCC)CCCN1CCCC1,0.7909324464746916
N(CCC(=O)OCCCCCCCC\C=C/CC(CCCCCC)OC(=O)CCCCCCCCCCCCCCCCC)(CCC(=O)OCCCCCCCC\C=C/CC(CCCCCC)OC(=O)CCCCCCCCCCCCCCCCC)CCCN1CCCC1,0.7976154047153483
N(CCC(=O)OCCCCCCCC\C=C/CC(CCCCCC)OC(=O)CCCCCCC/C=C\CCCCCCCC)(CCC(=O)OCCCCCCCC\C=C/CC(CCCCCC)OC(=O)CCCCCCC/C=C\CCCCCCCC)CCCN1CCCC1,0.8019103323551224
N(CCC(=O)OCCCCCCCC\C=C/CC(CCCCCC)OC(=O)CCCCCCC/C=C\C/C=C\CCCCC)(CCC(=O)OCCCCCCCC\C=C/CC(CCCCCC)OC(=O)CCCCCCC/C=C\C/C=C\CCCCC)CCCN1CCCC1,0.8077842949755611
N(CCC(=O)OCCCCCCCC\C=C/CC(CCCCCC)OC(=O)CCC/C=C\C/C=C\C/C=C\C/C=C\C/C=C\CC)(CCC(=O)OCCCCCCCC\C=C/CC(CCCCCC)OC(=O)CCC/C=C\C/C=C\C/C=C\C/C=C\C/C=C\CC)CCCN1CCCC1,0.8859555529688976
N(CCC(=O)OCCCCCCCC\C=C/CC(CCCCCC)OC(=O)CCCCCCCCCC)(CCC(=O)OCCCCCCCC\C=C/CC(CCCCCC)OC(=O)CCCCCCCCCC)CCCN1CCCC1,0.7957324990315598
N(CCC(=O)OCCCCCCCC\C=C/CC(CCCCCC)OC(=O)CCCCCCCCCCC)(CCC(=O)OCCCCCCCC\C=C/CC(CCCCCC)OC(=O)CCCCCCCCCCC)CCCN1CCCC1,0.7962666629898554
N(CCC(=O)OCCCCCCCC\C=C/CC(CCCCCC)OC(=O)CCCCCCCCCCCCC)(CCC(=O)OCCCCCCCC\C=C/CC(CCCCCC)OC(=O)CCCCCCCCCCCCC)CCCN1CCCC1,0.796677307100096
N(CCC(=O)OCCCCCCCC\C=C/CC(CCCCCC)OC(=O)CCCCCCCCCCCCCCC)(CCC(=O)OCCCCCCCC\C=C/CC(CCCCCC)OC(=O)CCCCCCCCCCCCCCC)CCCN1CCCC1,0.7971656261917096
N(CCC(=O)OCCCCCCCC\C=C/CC(CCCCCC)OC(=O)C(CCCCCC)CCCCCCCC)(CCC(=O)OCCCCCCCC\C=C/CC(CCCCCC)OC(=O)C(CCCCCC)CCCCCCCC)CCCN1CCCC1,0.7977956368013325
N(CCC(=O)OCCCCCCCC\C=C/CC(CCCCCC)OC(=O)CC/C=C\CCCCC)(CCC(=O)OCCCCCCCC\C=C/CC(CCCCCC)OC(=O)CC/C=C\CCCCC)CCCN1CCCC1,0.7941063721088242
N(CCC(=O)OCCCCCCCC\C=C/CC(CCCCCC)OC(=O)CCC/C=C\C/C=C\C/C=C\C/C=C\CCCCC)(CCC(=O)OCCCCCCCC\C=C/CC(CCCCCC)OC(=O)CCC/C=C\C/C=C\C/C=C\C/C=C\CCCCC)CCCN1CCCC1,0.8538580296836701
N(CCC(=O)OCCCCCCCC\C=C/CC(CCCCCC)OC(=O)CC\C=C/C/C=C\C\C=C/C\C=C/C\C=C/C\C=C/CC)(CCC(=O)OCCCCCCCC\C=C/CC(CCCCCC)OC(=O)CC\C=C/C/C=C\C\C=C/C\C=C/C\C=C/C\C=C/CC)CCCN1CCCC1,0.9088526291102975
N(CCC(=O)OCCCCCCCC\C=C/CC(CCCCCC)OC(=O)CC/C=C\CC)(CCC(=O)OCCCCCCCC\C=C/CC(CCCCCC)OC(=O)CC/C=C\CC)CCCn1ccnc1,0.5636429802232568
N(CCC(=O)OCCCCCCCC\C=C/CC(CCCCCC)OC(=O)CCCCC)(CCC(=O)OCCCCCCCC\C=C/CC(CCCCCC)OC(=O)CCCCC)CCCn1ccnc1,0.5464619038196868
N(CCC(=O)OCCCCCCCC\C=C/CC(CCCCCC)OC(=O)CCCCCC)(CCC(=O)OCCCCCCCC\C=C/CC(CCCCCC)OC(=O)CCCCCC)CCCn1ccnc1,0.5606644891179459
N(CCC(=O)OCCCCCCCC\C=C/CC(CCCCCC)OC(=O)CCCCCCC)(CCC(=O)OCCCCCCCC\C=C/CC(CCCCCC)OC(=O)CCCCCCC)CCCn1ccnc1,0.5736122790366845
N(CCC(=O)OCCCCCCCC\C=C/CC(CCCCCC)OC(=O)CCCCCCC/C=C\CCCCCCCC)(CCC(=O)OCCCCCCCC\C=C/CC(CCCCCC)OC(=O)CCCCCCC/C=C\CCCCCCCC)CCCn1ccnc1,0.627028140405359
N(CCC(=O)OCCCCCCCC\C=C/CC(CCCCCC)OC(=O)CCC/C=C\C/C=C\C/C=C\C/C=C\C/C=C\CC)(CCC(=O)OCCCCCCCC\C=C/CC(CCCCCC)OC(=O)CCC/C=C\C/C=C\C/C=C\C/C=C\C/C=C\CC)CCCn1ccnc1,0.6888132434788103
N(CCC(=O)OCCCCCCCC\C=C/CC(CCCCCC)OC(=O)CCCCCCCCCC)(CCC(=O)OCCCCCCCC\C=C/CC(CCCCCC)OC(=O)CCCCCCCCCC)CCCn1ccnc1,0.5924275586607476
O=C(CCN(CCC(OCCCCCCCC/C=C\CC(CCCCCC)OC(CCCCCCCCCCC)=O)=O)CCCN1C=NC=C1)OCCCCCCCC/C=C\CC(CCCCCC)OC(CCCCCCCCCCC)=O,0.597409981147124
N(CCC(=O)OCCCCCCCC\C=C/CC(CCCCCC)OC(=O)CCCCCCCCCCCCC)(CCC(=O)OCCCCCCCC\C=C/CC(CCCCCC)OC(=O)CCCCCCCCCCCCC)CCCn1ccnc1,0.6065647615778967
N(CCC(=O)OCCCCCCCC\C=C/CC(CCCCCC)OC(=O)CCCCCCCCCCCCCCC)(CCC(=O)OCCCCCCCC\C=C/CC(CCCCCC)OC(=O)CCCCCCCCCCCCCCC)CCCn1ccnc1,0.6149015199380168
N(CCC(=O)OCCCCCCCC\C=C/CC(CCCCCC)OC(=O)C(CCCCCC)CCCCCCCC)(CCC(=O)OCCCCCCCC\C=C/CC(CCCCCC)OC(=O)C(CCCCCC)CCCCCCCC)CCCn1ccnc1,0.6152732077884862
N(CCC(=O)OCCCCCCCC\C=C/CC(CCCCCC)OC(=O)CC/C=C\CCCCC)(CCC(=O)OCCCCCCCC\C=C/CC(CCCCCC)OC(=O)CC/C=C\CCCCC)CCCn1ccnc1,0.586665951594405
O=C(CCN(CCC(OCCCCCCCC/C=C\CC(CCCCCC)OC(CC/C=C\CCCCCC)=O)=O)CCCN1C=NC=C1)OCCCCCCCC/C=C\CC(CCCCCC)OC(CC/C=C\CCCCCC)=O,0.594304050813964
O=C(CCN(CCC(OCCCCCCCC/C=C\CC(CCCCCC)OC(CCC/C=C\C/C=C\C/C=C\C/C=C\CCCCC)=O)=O)CCCN1C=NC=C1)OCCCCCCCC/C=C\CC(CCCCCC)OC(CCC/C=C\C/C=C\C/C=C\C/C=C\CCCCC)=O,0.6668966655158894
N(CCC(=O)OCCCCCCCC\C=C/CC(CCCCCC)OC(=O)CC\C=C/C/C=C\C\C=C/C\C=C/C\C=C/C\C=C/CC)(CCC(=O)OCCCCCCCC\C=C/CC(CCCCCC)OC(=O)CC\C=C/C/C=C\C\C=C/C\C=C/C\C=C/C\C=C/CC)CCCn1ccnc1,0.7155046949526499
N(CCC(=O)OCCCCCCCC\C=C/CC(CCCCCC)OC(=O)C(CCCC)CCCCCC)(CCC(=O)OCCCCCCCC\C=C/CC(CCCCCC)OC(=O)C(CCCC)CCCCCC)CCCn1ccnc1,0.5927182459954732
N(CCC(=O)OCCCCCCCC\C=C/CC(CCCCCC)OC(=O)CCCCCCC/C=C\C/C=C\C/C=C\CC)(CCC(=O)OCCCCCCCC\C=C/CC(CCCCCC)OC(=O)CCCCCCC/C=C\C/C=C\C/C=C\CC)CCCn1ccnc1,0.6502802173408324
N(CCC(=O)OCCCCCCCC\C=C/CC(CCCCCC)OC(=O)CCCC\C=C/C\C=C/C\C=C/CCCCC)(CCC(=O)OCCCCCCCC\C=C/CC(CCCCCC)OC(=O)CCCC\C=C/C\C=C/C\C=C/CCCCC)CCCn1ccnc1,0.6433040182301297
O=C(CCN(CCC(OCCCCCCCC/C=C\CC(CCCCCC)OC(CCCCCCCCCCCCCCCCC)=O)=O)CCCN1C=NC=C1)OCCCCCCCC/C=C\CC(CCCCCC)OC(CCCCCCCCCCCCCCCCC)=O,0.622535937315951
O=C(CCN(CCC(OCCCCCCCC/C=C\CC(CCCCCC)OC(CCCCCCC/C=C\C/C=C\CCCCC)=O)=O)CCCN1C=NC=C1)OCCCCCCCC/C=C\CC(CCCCCC)OC(CCCCCCC/C=C\C/C=C\CCCCC)=O,0.6307697228796636
N(CCC(=O)OCCCCCCCC\C=C/CC(CCCCCC)OC(=O)CCC/C=C\C/C=C\C/C=C\C/C=C\C/C=C\CC)(CCC(=O)OCCCCCCCC\C=C/CC(CCCCCC)OC(=O)CCC/C=C\C/C=C\C/C=C\C/C=C\C/C=C\CC)CCCN(CCCC)CCCC,0.8979315148523382
N(CCC(=O)OCCCCCCCC\C=C/CC(CCCCCC)OC(=O)CC\C=C/C/C=C\C\C=C/C\C=C/C\C=C/C\C=C/CC)(CCC(=O)OCCCCCCCC\C=C/CC(CCCCCC)OC(=O)CC\C=C/C/C=C\C\C=C/C\C=C/C\C=C/C\C=C/CC)CCCN(CCCC)CCCC,0.9186595705849838
OCCN(CCO)CCCN(CCC(=O)OCCCCCCCC\C=C/CC(CCCCCC)OC(=O)CCCCCCC/C=C\C/C=C\C/C=C\CC)(CCC(=O)OCCCCCCCC\C=C/CC(CCCCCC)OC(=O)CCCCCCC/C=C\C/C=C\C/C=C\CC),0.7699717814897232
N(CCC(=O)OCCCCCCCC\C=C/CC(CCCCCC)OC(=O)CCCCCCC/C=C\C/C=C\C/C=C\CC)(CCC(=O)OCCCCCCCC\C=C/CC(CCCCCC)OC(=O)CCCCCCC/C=C\C/C=C\C/C=C\CC)CCCO,0.8246459419259158
OCCN(CCC(=O)OCCCCCCCC\C=C/CC(CCCCCC)OC(=O)CC\C=C/C/C=C\C\C=C/C\C=C/C\C=C/C\C=C/CC)CCN(CCC(=O)OCCCCCCCC\C=C/CC(CCCCCC)OC(=O)CC\C=C/C/C=C\C\C=C/C\C=C/C\C=C/C\C=C/CC)CCO,0.859131139504772
CCN(CCC(=O)OCCCCCCCC\C=C/CC(CCCCCC)OC(=O)CC\C=C/C/C=C\C\C=C/C\C=C/C\C=C/C\C=C/CC)CCO,0.7612759248021087
C[N+](C)(C)CCCC[N+](CCC(=O)OCCCCCCCC\C=C/CC(CCCCCC)OC(=O)CC/C=C\CCCCC)(CCC(=O)OCCCCCCCC\C=C/CC(CCCCCC)OC(=O)CC/C=C\CCCCC)C,0.7098528305205408
N(CCC(=O)OCCCCCCCC\C=C/CC(CCCCCC)OC(=O)CCCC\C=C/C\C=C/C\C=C/CCCCC)(CCC(=O)OCCCCCCCC\C=C/CC(CCCCCC)OC(=O)CCCC\C=C/C\C=C/C\C=C/CCCCC)CCCCO,0.8232381125808004
CC[N+](CC)(C)CCC[N+](CCC(=O)OCCCCCCCC\C=C/CC(CCCCCC)OC(=O)CCCCCCC/C=C\CCCCCCCC)(CCC(=O)OCCCCCCCC\C=C/CC(CCCCCC)OC(=O)CCCCCCC/C=C\CCCCCCCC)C,0.7246946310324844
O=C(OCCCCCCCC/C=C\CC(CCCCCC)OC(CC/C=C\CCCCC)=O)CCN(C)CCCN1C=NC=C1,0.4217722396652434
O=C(OCCCCCCCC/C=C\CC(CCCCCC)OC(CC/C=C\CCCCC)=O)CCN1CCC(C2=CC=NC=C2)CC1,0.3391745172708627
O=C(OCCCCCCCC/C=C\CC(CCCCCC)OC(CC/C=C\CCCCC)=O)CCN1CCC(C2=CN=CC=C2)CC1,0.3422815165257847
CN(CCC(OCCCCCCCC/C=C\CC(CCCCCC)OC(C(CCCCCCCC)CCCCCC)=O)=O)CCCN(C)CCCN(CCC(OCCCCCCCC/C=C\CC(CCCCC)OC(C(CCCCCCCC)CCCCCC)=O)=O)C,0.7971450791400619
CN(CCC(OCCCCCCCC/C=C\CC(CCCCCC)OC(CC/C=C\CCCCC)=O)=O)CCCN(C)CCCN(CCC(OCCCCCCCC/C=C\CC(CCCCC)OC(CC/C=C\CCCCC)=O)=O)C,0.7933052152481944
O=C(OCCCCCCCC/C=C\CC(CCCCCC)OC(C(CCCCCCCC)CCCCCC)=O)CCN(C)CCCCCCN(CCC(OCCCCCCCC/C=C\CC(CCCCC)OC(C(CCCCCCCC)CCCCCC)=O)=O)C,0.8001204822491715
CN(CCC(OCCCCCCCC/C=C\CC(CCCCCC)OC(CC/C=C\CCCCC)=O)=O)CCCCCCN(C)CCC(OCCCCCCCC/C=C\CC(CCCCCC)OC(CC/C=C\CCCCC)=O)=O,0.7991897483171686
O=C(CCN(CCC(OCCCCCCCC/C=C\CC(CCCCCC)OC(CC/C=C\CCCCC)=O)=O)CCCCN(C)C)OCCCCCCCC/C=C\CC(CCCCCC)OC(CC/C=C\CCCCC)=O,0.7832529562291258
CCCCN(CCCC)CCN(CCC(=O)OCCCCCCCC\C=C/CC(CCCCCC)OC(=O)CC/C=C\CCCCC)(CCC(=O)OCCCCCCCC\C=C/CC(CCCCCC)OC(=O)CC/C=C\CCCCC),0.8178326346148357
O=C(CCN(CCC(OCCCCCCCC/C=C\CC(CCCCCC)OC(CCCCCCC/C=C\CCCCCCCC)=O)=O)CCCN(CCCC)CCCC)OCCCCCCCC/C=C\CC(CCCCCC)OC(CCCCCCC/C=C\CCCCCCCC)=O,0.8186668686655456
O=C(CCN(CCC(OCCCCCCCC/C=C\CC(CCCCCC)OC(CCCCCCC/C=C\C/C=C\CCCCC)=O)=O)CCCN(CCCC)CCCC)OCCCCCCCC/C=C\CC(CCCCCC)OC(CCCCCCC/C=C\C/C=C\CCCCC)=O,0.8260339368338916
OCCN(C)(CCC(=O)OCCCCCCCC\C=C/CC(CCCCCC)OC(=O)CC/C=C\CCCCC),0.6377278097049544
O=C(CCN(CCC(OCCCCCCCC/C=C\CC(CCCCCC)OC(C(CCCCCCCC)CCCCCC)=O)=O)CCCN1CCN(C)CC1)OCCCCCCCC/C=C\CC(CCCCCC)OC(C(CCCCCCCC)CCCCCC)=O,0.7839153314143208
O=C(CCN(CCC(OCCCCCCCC/C=C\CC(CCCCCC)OC(CC/C=C\CCCCC)=O)=O)CCCN1CCN(C)CC1)OCCCCCCCC/C=C\CC(CCCCCC)OC(CC/C=C\CCCCC)=O,0.7786430529768115
C1N(C)CCN(CCC(=O)OCCOC(=O)C(C)CSCC(C)C)C1,0.5822786809913014
C1N(C)CCN(CCC(=O)OCCOC(=O)C(C)CSCCCCCCCCCC)C1,0.6678191449965079
C1N(C)CCN(CCC(=O)OCCOC(=O)C(C)CSCCCCCCCCCCC)C1,0.6718144182356639
C1N(C)CCN(CCC(=O)OCCOC(=O)C(C)CSCCCCCCCCCCCC)C1,0.6755709062300943
C1N(C)CCN(CCC(=O)OCCOC(=O)C(C)CSCCCCCCCCCCCCCC)C1,0.6824802977306711
C1N(C)CCN(CCC(=O)OCCOC(=O)C(C)CSCCCCCCCCCCCCCCCC)C1,0.6887752373717165
C1N(C)CCN(CCC(=O)OCCOC(=O)C(C)CSCCCCCCCCCCCCCCCCCC)C1,0.6945377945907364
C1N(C)CCN(CCC(=O)OCCOC(=O)C(C)CSCCc5ccccc5)C1,0.3712440110521086
C1N(C)CCN(CCC(=O)OCCOC(=O)C(C)CSCCC(C)C)C1,0.587035976677689
C1N(C)CCN(CCC(=O)OCCOC(=O)C(C)CSCCCC)C1,0.6342529232102724
C1N(C)CCN(CCC(=O)OCCOC(=O)C(C)CSCCCCC)C1,0.6416163095369937
C1N(C)CCN(CCC(=O)OCCOC(=O)C(C)CSCCCCCC)C1,0.6454774924795591
C1N(C)CCN(CCC(=O)OCCOC(=O)C(C)CSCCCCCCC)C1,0.6525588022301932
C1N(C)CCN(CCC(=O)OCCOC(=O)C(C)CSCCCCCCCC)C1,0.658924350092074
C1N(C)CCN(CCC(=O)OCCOC(=O)C(C)CSCCCCCCCCC)C1,0.6636950666850291
C1N(C)CCN(CCC(=O)OCCOC(=O)C(C)CSCCN(C)C)C1,0.49427963754891935
C1N(C)CCN(CCC(=O)OCCOC(=O)C(C)CSCCCC(=O)N(C)CCCN(C)C)C1,0.5746937309371315
C1N(C)CCN(CCC(=O)OCCOC(=O)C(C)CSCCCC(=O)N(C)CCN5(CCCCC5))C1,0.5807829031389892
C1N(C)CCN(CCC(=O)OCCOC(=O)C(C)CSCCNCCCC)C1,0.6304045673288511
C1N(C)CCN(CCC(=O)OCCOC(=O)C(C)CSCCN(CC)CC)C1,0.5033459943961566
C1N(C)CCN(CCC(=O)OCCOC(=O)C(C)CSCCN5CCCC5)C1,0.5408701959289622
C1N(C)CCN(CCC(=O)OCCOC(=O)C(C)CSCCN5CCCCC5)C1,0.5443389658157838
C1N(C)CCN(CCC(=O)OCCOC(=O)C(C)CSCCN5CCCCCC5)C1,0.5436678611028657
C1N(C)CCN(CCC(=O)OCCOC(=O)C(C)CSCCN(CCC)CCC)C1,0.5496488940531329
C1N(C)CCN(CCC(=O)OCCOC(=O)C(C)CSCCN(CCCC)CCCC)C1,0.644259515516286
C1N(C)CCN(CCC(=O)OCCOC(=O)C(C)CSCCCC(=O)N5CCN(CCO)CC5)C1,0.5015481273769906
C1N(C)CCN(CCC(=O)OCCOC(=O)C(C)CSCCC(O)=O)C1,0.5989082531502142
C1N(C)CCN(CCC(=O)OCCOC(=O)C(C)CSCCCCCC(O)=O)C1,0.636884964895606
C1N(C)CCN(CCC(=O)OCCOC(=O)C(C)CSCCCCCCCCCCC(O)=O)C1,0.6611968777581166
C1N(C)CCN(CCC(=O)OCCOC(=O)C(C)CSCCO)C1,0.5113038793761848
C1N(C)CCN(CCC(=O)OCCOC(=O)C(C)CSCC(O)CO)C1,0.4701571316841834
C1N(C)CCN(CCC(=O)OCCOC(=O)C(C)CSCCCO)C1,0.5645848190646762
C1N(C)CCN(CCC(=O)OCCOC(=O)C(C)CSCCCCO)C1,0.5898271095519357
C1N(C)CCN(CCC(=O)OCCOC(=O)C(C)CSCCCCCCO)C1,0.609522883785187
C1N(C)CCN(CCC(=O)OCCOC(=O)C(C)CSCCCCCCCCCCCO)C1,0.6528544778664749
CN(C)CCN1CCN(CCC(=O)OCCOC(=O)C(C)CSCC(C)C)CC1,0.6192618299589007
CN(C)CCN1CCN(CCC(=O)OCCOC(=O)C(C)CSCCCCCCCCCC)CC1,0.689899624296271
CN(C)CCN1CCN(CCC(=O)OCCOC(=O)C(C)CSCCCCCCCCCCC)CC1,0.6929284734934813
CN(C)CCN1CCN(CCC(=O)OCCOC(=O)C(C)CSCCCCCCCCCCCC)CC1,0.6957911647412407
CN(C)CCN1CCN(CCC(=O)OCCOC(=O)C(C)CSCCCCCCCCCCCCCC)CC1,0.7011706916622055
CN(C)CCN1CCN(CCC(=O)OCCOC(=O)C(C)CSCCCCCCCCCCCCCCCC)CC1,0.7060873754602179
CN(C)CCN1CCN(CCC(=O)OCCOC(=O)C(C)CSCCCCCCCCCCCCCCCCCC)CC1,0.7105460262832072
CN(C)CCN1CCN(CCC(=O)OCCOC(=O)C(C)CSCCc5ccccc5)CC1,0.4206629661067129
CN(C)CCN1CCN(CCC(=O)OCCOC(=O)C(C)CSCCC(C)C)CC1,0.6220508249896234
CN(C)CCN1CCN(CCC(=O)OCCOC(=O)C(C)CSCCCC)CC1,0.6648512243397324
CN(C)CCN1CCN(CCC(=O)OCCOC(=O)C(C)CSCCCCC)CC1,0.6703715520105714
CN(C)CCN1CCN(CCC(=O)OCCOC(=O)C(C)CSCCCCCC)CC1,0.6728022207128499
CN(C)CCN1CCN(CCC(=O)OCCOC(=O)C(C)CSCCCCCCC)CC1,0.6782191598954851
CN(C)CCN1CCN(CCC(=O)OCCOC(=O)C(C)CSCCCCCCCC)CC1,0.6831372095379713
CN(C)CCN1CCN(CCC(=O)OCCOC(=O)C(C)CSCCCCCCCCC)CC1,0.6866967190054795
CN(C)CCN1CCN(CCC(=O)OCCOC(=O)C(C)CSCCN(C)C)CC1,0.5410490621704727
CN(C)CCN1CCN(CCC(=O)OCCOC(=O)C(C)CSCCCC(=O)N(C)CCCN(C)C)CC1,0.6035542622042677
CN(C)CCN1CCN(CCC(=O)OCCOC(=O)C(C)CSCCCC(=O)N(C)CCN5(CCCCC5))CC1,0.607936841428527
CN(C)CCN1CCN(CCC(=O)OCCOC(=O)C(C)CSCCNCCCC)CC1,0.6583026533183779
CN(C)CCN1CCN(CCC(=O)OCCOC(=O)C(C)CSCCN(CC)CC)CC1,0.5455749362953841
CN(C)CCN1CCN(CCC(=O)OCCOC(=O)C(C)CSCCN5CCCC5)CC1,0.5784147663597885
CN(C)CCN1CCN(CCC(=O)OCCOC(=O)C(C)CSCCN5CCCCC5)CC1,0.580301947730625
CN(C)CCN1CCN(CCC(=O)OCCOC(=O)C(C)CSCCN5CCCCCC5)CC1,0.5786468411512303
CN(C)CCN1CCN(CCC(=O)OCCOC(=O)C(C)CSCCN(CCC)CCC)CC1,0.584119483034575
CN(C)CCN1CCN(CCC(=O)OCCOC(=O)C(C)CSCCN(CCCC)CCCC)CC1,0.6677804856594484
CN(C)CCN1CCN(CCC(=O)OCCOC(=O)C(C)CSCCCC(=O)N5CCN(CCO)CC5)CC1,0.5359652702703319
CN(C)CCN1CCN(CCC(=O)OCCOC(=O)C(C)CSCCC(O)=O)CC1,0.6322649068865526
CN(C)CCN1CCN(CCC(=O)OCCOC(=O)C(C)CSCCCCCC(O)=O)CC1,0.663319162532054
CN(C)CCN1CCN(CCC(=O)OCCOC(=O)C(C)CSCCCCCCCCCCC(O)=O)CC1,0.6820934074373641
CN(C)CCN1CCN(CCC(=O)OCCOC(=O)C(C)CSCCO)CC1,0.558230197958585
CN(C)CCN1CCN(CCC(=O)OCCOC(=O)C(C)CSCC(O)CO)CC1,0.518718277024771
CN(C)CCN1CCN(CCC(=O)OCCOC(=O)C(C)CSCCCO)CC1,0.6041848072747715
CN(C)CCN1CCN(CCC(=O)OCCOC(=O)C(C)CSCCCCO)CC1,0.6253898990359872
CN(C)CCN1CCN(CCC(=O)OCCOC(=O)C(C)CSCCCCCCO)CC1,0.6401761750008484
CN(C)CCN1CCN(CCC(=O)OCCOC(=O)C(C)CSCCCCCCCCCCCO)CC1,0.6744009713615695
OCCN1CCN(CCC(=O)OCCOC(=O)C(C)CSCC(C)C)CC1,0.5083589405372927
OCCN1CCN(CCC(=O)OCCOC(=O)C(C)CSCCCCCCCCCC)CC1,0.5999652980037619
OCCN1CCN(CCC(=O)OCCOC(=O)C(C)CSCCCCCCCCCCC)CC1,0.6058392012396583
OCCN1CCN(CCC(=O)OCCOC(=O)C(C)CSCCCCCCCCCCCC)CC1,0.6113775818113668
OCCN1CCN(CCC(=O)OCCOC(=O)C(C)CSCCCCCCCCCCCCCC)CC1,0.621483821379417
OCCN1CCN(CCC(=O)OCCOC(=O)C(C)CSCCCCCCCCCCCCCCCC)CC1,0.6302944683873636
OCCN1CCN(CCC(=O)OCCOC(=O)C(C)CSCCCCCCCCCCCCCCCCCC)CC1,0.6382430299942453
OCCN1CCN(CCC(=O)OCCOC(=O)C(C)CSCCc5ccccc5)CC1,0.329727743045433
OCCN1CCN(CCC(=O)OCCOC(=O)C(C)CSCCC(C)C)CC1,0.5153241535076635
OCCN1CCN(CCC(=O)OCCOC(=O)C(C)CSCCCC)CC1,0.5534490296861789
OCCN1CCN(CCC(=O)OCCOC(=O)C(C)CSCCCCC)CC1,0.562846277203302
OCCN1CCN(CCC(=O)OCCOC(=O)C(C)CSCCCCCC)CC1,0.5688755304019445
OCCN1CCN(CCC(=O)OCCOC(=O)C(C)CSCCCCCCC)CC1,0.5780366055942047
OCCN1CCN(CCC(=O)OCCOC(=O)C(C)CSCCCCCCCC)CC1,0.5866619728300686
OCCN1CCN(CCC(=O)OCCOC(=O)C(C)CSCCCCCCCCC)CC1,0.5936771875850848
OCCN1CCN(CCC(=O)OCCOC(=O)C(C)CSCCN(C)C)CC1,0.4338931592165216
OCCN1CCN(CCC(=O)OCCOC(=O)C(C)CSCCCC(=O)N(C)CCCN(C)C)CC1,0.520041424012518
OCCN1CCN(CCC(=O)OCCOC(=O)C(C)CSCCCC(=O)N(C)CCN5(CCCCC5))CC1,0.5284941009992742
OCCN1CCN(CCC(=O)OCCOC(=O)C(C)CSCCNCCCC)CC1,0.5579440238490767
OCCN1CCN(CCC(=O)OCCOC(=O)C(C)CSCCN(CC)CC)CC1,0.4461326696988411
OCCN1CCN(CCC(=O)OCCOC(=O)C(C)CSCCN5CCCC5)CC1,0.4785340636871925
OCCN1CCN(CCC(=O)OCCOC(=O)C(C)CSCCN5CCCCC5)CC1,0.48339534170720716
OCCN1CCN(CCC(=O)OCCOC(=O)C(C)CSCCN5CCCCCC5)CC1,0.4845795288658922
OCCN1CCN(CCC(=O)OCCOC(=O)C(C)CSCCN(CCC)CCC)CC1,0.4897343743709357
OCCN1CCN(CCC(=O)OCCOC(=O)C(C)CSCCN(CCCC)CCCC)CC1,0.5789284426509788
OCCN1CCN(CCC(=O)OCCOC(=O)C(C)CSCCCC(=O)N5CCN(CCO)CC5)CC1,0.4550328685966274
OCCN1CCN(CCC(=O)OCCOC(=O)C(C)CSCCC(O)=O)CC1,0.5241346817465253
OCCN1CCN(CCC(=O)OCCOC(=O)C(C)CSCCCCCC(O)=O)CC1,0.5655348529729377
OCCN1CCN(CCC(=O)OCCOC(=O)C(C)CSCCCCCCCCCCC(O)=O)CC1,0.5996472343950202
OCCN1CCN(CCC(=O)OCCOC(=O)C(C)CSCCO)CC1,0.4438066959446976
OCCN1CCN(CCC(=O)OCCOC(=O)C(C)CSCC(O)CO)CC1,0.41224716692074614
OCCN1CCN(CCC(=O)OCCOC(=O)C(C)CSCCCO)CC1,0.49222724838130927
OCCN1CCN(CCC(=O)OCCOC(=O)C(C)CSCCCCO)CC1,0.5173479787104108
OCCN1CCN(CCC(=O)OCCOC(=O)C(C)CSCCCCCCO)CC1,0.5391548140390984
OCCN1CCN(CCC(=O)OCCOC(=O)C(C)CSCCCCCCCCCCCO)CC1,0.5892270881361916
CN(C)CCN(CCC(=O)OCCOC(=O)C(C)CSCC(C)C)C,0.6143789359654763
CN(C)CCN(CCC(=O)OCCOC(=O)C(C)CSCCCCCCCCCC)C,0.6962430811084035
CN(C)CCN(CCC(=O)OCCOC(=O)C(C)CSCCCCCCCCCCC)C,0.6995402296678794
CN(C)CCN(CCC(=O)OCCOC(=O)C(C)CSCCCCCCCCCCCC)C,0.7026377867805703
CN(C)CCN(CCC(=O)OCCOC(=O)C(C)CSCCCCCCCCCCCCCC)C,0.7083081198053452
CN(C)CCN(CCC(=O)OCCOC(=O)C(C)CSCCCCCCCCCCCCCCCC)C,0.7133700581939071
CN(C)CCN(CCC(=O)OCCOC(=O)C(C)CSCCCCCCCCCCCCCCCCCC)C,0.7179129756824685
CN(C)CCN(CCC(=O)OCCOC(=O)C(C)CSCCc5ccccc5)C,0.3941703043883369
CN(C)CCN(CCC(=O)OCCOC(=O)C(C)CSCCC(C)C)C,0.6178511501557533
CN(C)CCN(CCC(=O)OCCOC(=O)C(C)CSCCCC)C,0.6680452219491739
CN(C)CCN(CCC(=O)OCCOC(=O)C(C)CSCCCCC)C,0.6742596955353566
CN(C)CCN(CCC(=O)OCCOC(=O)C(C)CSCCCCCC)C,0.676876237855141
CN(C)CCN(CCC(=O)OCCOC(=O)C(C)CSCCCCCCC)C,0.6830227755248934
CN(C)CCN(CCC(=O)OCCOC(=O)C(C)CSCCCCCCCC)C,0.6886761245705608
CN(C)CCN(CCC(=O)OCCOC(=O)C(C)CSCCCCCCCCC)C,0.6927259722041219
CN(C)CCN(CCC(=O)OCCOC(=O)C(C)CSCCN(C)C)C,0.5242671686604727
CN(C)CCN(CCC(=O)OCCOC(=O)C(C)CSCCCC(=O)N(C)CCCN(C)C)C,0.5981075119813807
CN(C)CCN(CCC(=O)OCCOC(=O)C(C)CSCCCC(=O)N(C)CCN5(CCCCC5))C,0.6033375680092904
CN(C)CCN(CCC(=O)OCCOC(=O)C(C)CSCCNCCCC)C,0.660262818291743
CN(C)CCN(CCC(=O)OCCOC(=O)C(C)CSCCN(CC)CC)C,0.5310627199933949
CN(C)CCN(CCC(=O)OCCOC(=O)C(C)CSCCN5CCCC5)C,0.5685740350805141
CN(C)CCN(CCC(=O)OCCOC(=O)C(C)CSCCN5CCCCC5)C,0.5710392655864311
CN(C)CCN(CCC(=O)OCCOC(=O)C(C)CSCCN5CCCCCC5)C,0.5694611213739015
CN(C)CCN(CCC(=O)OCCOC(=O)C(C)CSCCN(CCC)CCC)C,0.5758526796653245
CN(C)CCN(CCC(=O)OCCOC(=O)C(C)CSCCN(CCCC)CCCC)C,0.6708406305104687
CN(C)CCN(CCC(=O)OCCOC(=O)C(C)CSCCCC(=O)N5CCN(CCO)CC5)C,0.5231169494600029
CN(C)CCN(CCC(=O)OCCOC(=O)C(C)CSCCC(O)=O)C,0.6299909539914937
CN(C)CCN(CCC(=O)OCCOC(=O)C(C)CSCCCCCC(O)=O)C,0.665861355404836
CN(C)CCN(CCC(=O)OCCOC(=O)C(C)CSCCCCCCCCCCC(O)=O)C,0.6866903648594497
CN(C)CCN(CCC(=O)OCCOC(=O)C(C)CSCCO)C,0.5434288383199708
CN(C)CCN(CCC(=O)OCCOC(=O)C(C)CSCC(O)CO)C,0.4987824704714052
CN(C)CCN(CCC(=O)OCCOC(=O)C(C)CSCCCO)C,0.5969283131242518
CN(C)CCN(CCC(=O)OCCOC(=O)C(C)CSCCCCO)C,0.6216262848964766
CN(C)CCN(CCC(=O)OCCOC(=O)C(C)CSCCCCCCO)C,0.6389546943495776
CN(C)CCN(CCC(=O)OCCOC(=O)C(C)CSCCCCCCCCCCCO)C,0.6781252729340549
CN(C)CCCN(CCC(=O)OCCOC(=O)C(C)CSCC(C)C)C,0.6187335450702962
CN(C)CCCN(CCC(=O)OCCOC(=O)C(C)CSCCCCCCCCCC)C,0.6968942326150973
CN(C)CCCN(CCC(=O)OCCOC(=O)C(C)CSCCCCCCCCCCC)C,0.7000718400908545
CN(C)CCCN(CCC(=O)OCCOC(=O)C(C)CSCCCCCCCCCCCC)C,0.7030624456428016
CN(C)CCCN(CCC(=O)OCCOC(=O)C(C)CSCCCCCCCCCCCCCC)C,0.7085520715052539
CN(C)CCCN(CCC(=O)OCCOC(=O)C(C)CSCCCCCCCCCCCCCCCC)C,0.7134664393061153
CN(C)CCCN(CCC(=O)OCCOC(=O)C(C)CSCCCCCCCCCCCCCCCCCC)C,0.7178710501955805
CN(C)CCCN(CCC(=O)OCCOC(=O)C(C)CSCCc5ccccc5)C,0.4039581834249339
CN(C)CCCN(CCC(=O)OCCOC(=O)C(C)CSCCC(C)C)C,0.6220156693405616
CN(C)CCCN(CCC(=O)OCCOC(=O)C(C)CSCCCC)C,0.6700868625146216
CN(C)CCCN(CCC(=O)OCCOC(=O)C(C)CSCCCCC)C,0.6760235945963075
CN(C)CCCN(CCC(=O)OCCOC(=O)C(C)CSCCCCCC)C,0.6784235021056569
CN(C)CCCN(CCC(=O)OCCOC(=O)C(C)CSCCCCCCC)C,0.6842177112857409
CN(C)CCCN(CCC(=O)OCCOC(=O)C(C)CSCCCCCCCC)C,0.689622714175367
CN(C)CCCN(CCC(=O)OCCOC(=O)C(C)CSCCCCCCCCC)C,0.6935116296992025
CN(C)CCCN(CCC(=O)OCCOC(=O)C(C)CSCCN(C)C)C,0.5313542387117133
CN(C)CCCN(CCC(=O)OCCOC(=O)C(C)CSCCCC(=O)N(C)CCCN(C)C)C,0.6018153640356395
CN(C)CCCN(CCC(=O)OCCOC(=O)C(C)CSCCCC(=O)N(C)CCN5(CCCCC5))C,0.6067395896705284
CN(C)CCCN(CCC(=O)OCCOC(=O)C(C)CSCCNCCCC)C,0.6622698376690098
CN(C)CCCN(CCC(=O)OCCOC(=O)C(C)CSCCN(CC)CC)C,0.5373650827022322
CN(C)CCCN(CCC(=O)OCCOC(=O)C(C)CSCCN5CCCC5)C,0.5735778360021307
CN(C)CCCN(CCC(=O)OCCOC(=O)C(C)CSCCN5CCCCC5)C,0.5757938889684138
CN(C)CCCN(CCC(=O)OCCOC(=O)C(C)CSCCN5CCCCCC5)C,0.5740996479756209
CN(C)CCCN(CCC(=O)OCCOC(=O)C(C)CSCCN(CCC)CCC)C,0.580134008244904
CN(C)CCCN(CCC(=O)OCCOC(=O)C(C)CSCCN(CCCC)CCCC)C,0.6722731044406528
CN(C)CCCN(CCC(=O)OCCOC(=O)C(C)CSCCCC(=O)N5CCN(CCO)CC5)C,0.5285589489195032
CN(C)CCCN(CCC(=O)OCCOC(=O)C(C)CSCCC(O)=O)C,0.6333466557097112
CN(C)CCCN(CCC(=O)OCCOC(=O)C(C)CSCCCCCC(O)=O)C,0.6677034639080409
CN(C)CCCN(CCC(=O)OCCOC(=O)C(C)CSCCCCCCCCCCC(O)=O)C,0.6875587450220018
CN(C)CCCN(CCC(=O)OCCOC(=O)C(C)CSCCO)C,0.5503039649396207
CN(C)CCCN(CCC(=O)OCCOC(=O)C(C)CSCC(O)CO)C,0.5067455219066166
CN(C)CCCN(CCC(=O)OCCOC(=O)C(C)CSCCCO)C,0.6019652506204909
CN(C)CCCN(CCC(=O)OCCOC(=O)C(C)CSCCCCO)C,0.6255619360551292
CN(C)CCCN(CCC(=O)OCCOC(=O)C(C)CSCCCCCCO)C,0.641800520387314
CN(C)CCCN(CCC(=O)OCCOC(=O)C(C)CSCCCCCCCCCCCO)C,0.6792708007556804
CN(CCC(=O)OCCOC(=O)C(C)CSCC(C)C)CCCCCCCCCCCC,0.7435036158950601
CN(CCC(=O)OCCOC(=O)C(C)CSCCCCCCCCCC)CCCCCCCCCCCC,0.7953862871497519
CN(CCC(=O)OCCOC(=O)C(C)CSCCCCCCCCCCC)CCCCCCCCCCCC,0.7957088045991686
CN(CCC(=O)OCCOC(=O)C(C)CSCCCCCCCCCCCC)CCCCCCCCCCCC,0.7960244928262168
CN(CCC(=O)OCCOC(=O)C(C)CSCCCCCCCCCCCCCC)CCCCCCCCCCCC,0.7966208324003362
CN(CCC(=O)OCCOC(=O)C(C)CSCCCCCCCCCCCCCCCC)CCCCCCCCCCCC,0.7971629538873045
CN(CCC(=O)OCCOC(=O)C(C)CSCCCCCCCCCCCCCCCCCC)CCCCCCCCCCCC,0.7976574489713208
CN(CCC(=O)OCCOC(=O)C(C)CSCCc5ccccc5)CCCCCCCCCCCC,0.5282223573335533
CN(CCC(=O)OCCOC(=O)C(C)CSCCC(C)C)CCCCCCCCCCCC,0.7422885487743613
CN(CCC(=O)OCCOC(=O)C(C)CSCCCC)CCCCCCCCCCCC,0.787922362792859
CN(CCC(=O)OCCOC(=O)C(C)CSCCCCC)CCCCCCCCCCCC,0.7898828840734782
CN(CCC(=O)OCCOC(=O)C(C)CSCCCCCC)CCCCCCCCCCCC,0.7889722815013265
CN(CCC(=O)OCCOC(=O)C(C)CSCCCCCCC)CCCCCCCCCCCC,0.7917819423527814
CN(CCC(=O)OCCOC(=O)C(C)CSCCCCCCCC)CCCCCCCCCCCC,0.7942281698051515
CN(CCC(=O)OCCOC(=O)C(C)CSCCCCCCCCC)CCCCCCCCCCCC,0.7950646604684701
CN(CCC(=O)OCCOC(=O)C(C)CSCCN(C)C)CCCCCCCCCCCC,0.6627072642078431
CN(CCC(=O)OCCOC(=O)C(C)CSCCCC(=O)N(C)CCCN(C)C)CCCCCCCCCCCC,0.7002884749012895
CN(CCC(=O)OCCOC(=O)C(C)CSCCCC(=O)N(C)CCN5(CCCCC5))CCCCCCCCCCCC,0.6992695549239204
CN(CCC(=O)OCCOC(=O)C(C)CSCCNCCCC)CCCCCCCCCCCC,0.7695550207716223
CN(CCC(=O)OCCOC(=O)C(C)CSCCN(CC)CC)CCCCCCCCCCCC,0.6601147132431617
CN(CCC(=O)OCCOC(=O)C(C)CSCCN5CCCC5)CCCCCCCCCCCC,0.6916120963435606
CN(CCC(=O)OCCOC(=O)C(C)CSCCN5CCCCC5)CCCCCCCCCCCC,0.6902844361305962
CN(CCC(=O)OCCOC(=O)C(C)CSCCN5CCCCCC5)CCCCCCCCCCCC,0.6855323068993917
CN(CCC(=O)OCCOC(=O)C(C)CSCCN(CCC)CCC)CCCCCCCCCCCC,0.6918771295559978
CN(CCC(=O)OCCOC(=O)C(C)CSCCN(CCCC)CCCC)CCCCCCCCCCCC,0.767016866047719
CN(CCC(=O)OCCOC(=O)C(C)CSCCCC(=O)N5CCN(CCO)CC5)CCCCCCCCCCCC,0.6320420366991725
CN(CCC(=O)OCCOC(=O)C(C)CSCCC(O)=O)CCCCCCCCCCCC,0.7507324368488522
CN(CCC(=O)OCCOC(=O)C(C)CSCCCCCC(O)=O)CCCCCCCCCCCC,0.7713475431819782
CN(CCC(=O)OCCOC(=O)C(C)CSCCCCCCCCCCC(O)=O)CCCCCCCCCCCC,0.778406583729237
CN(CCC(=O)OCCOC(=O)C(C)CSCCO)CCCCCCCCCCCC,0.6883389985237299
CN(CCC(=O)OCCOC(=O)C(C)CSCC(O)CO)CCCCCCCCCCCC,0.643321120978322
CN(CCC(=O)OCCOC(=O)C(C)CSCCCO)CCCCCCCCCCCC,0.7282960066023382
CN(CCC(=O)OCCOC(=O)C(C)CSCCCCO)CCCCCCCCCCCC,0.7438640800670283
CN(CCC(=O)OCCOC(=O)C(C)CSCCCCCCO)CCCCCCCCCCCC,0.750597515168669
CN(CCC(=O)OCCOC(=O)C(C)CSCCCCCCCCCCCO)CCCCCCCCCCCC,0.7716837190761318
CCCCCCCCN(CCC(=O)OCCOC(=O)C(C)CSCC(C)C)CCCCCCCC,0.7686417458950656
CCCCCCCCN(CCC(=O)OCCOC(=O)C(C)CSCCCCCCCCCC)CCCCCCCC,0.8144936793375566
CCCCCCCCN(CCC(=O)OCCOC(=O)C(C)CSCCCCCCCCCCC)CCCCCCCC,0.8143521659731743
CCCCCCCCN(CCC(=O)OCCOC(=O)C(C)CSCCCCCCCCCCCC)CCCCCCCC,0.8142172442929911
CCCCCCCCN(CCC(=O)OCCOC(=O)C(C)CSCCCCCCCCCCCCCC)CCCCCCCC,0.813964859988071
CCCCCCCCN(CCC(=O)OCCOC(=O)C(C)CSCCCCCCCCCCCCCCCC)CCCCCCCC,0.8137056464607826
CCCCCCCCN(CCC(=O)OCCOC(=O)C(C)CSCCCCCCCCCCCCCCCCCC)CCCCCCCC,0.8134456015499013
CCCCCCCCN(CCC(=O)OCCOC(=O)C(C)CSCCc5ccccc5)CCCCCCCC,0.5644153355808545
CCCCCCCCN(CCC(=O)OCCOC(=O)C(C)CSCCC(C)C)CCCCCCCC,0.766524568191769
CCCCCCCCN(CCC(=O)OCCOC(=O)C(C)CSCCCC)CCCCCCCC,0.8135437048138373
CCCCCCCCN(CCC(=O)OCCOC(=O)C(C)CSCCCCC)CCCCCCCC,0.8141949750896158
CCCCCCCCN(CCC(=O)OCCOC(=O)C(C)CSCCCCCC)CCCCCCCC,0.8125183119213538
CCCCCCCCN(CCC(=O)OCCOC(=O)C(C)CSCCCCCCC)CCCCCCCC,0.8136351570090319
CCCCCCCCN(CCC(=O)OCCOC(=O)C(C)CSCCCCCCCC)CCCCCCCC,0.8146663102021219
CCCCCCCCN(CCC(=O)OCCOC(=O)C(C)CSCCCCCCCCC)CCCCCCCC,0.8146424376161036
CCCCCCCCN(CCC(=O)OCCOC(=O)C(C)CSCCN(C)C)CCCCCCCC,0.6922438884894534
CCCCCCCCN(CCC(=O)OCCOC(=O)C(C)CSCCCC(=O)N(C)CCCN(C)C)CCCCCCCC,0.7219136529149769
CCCCCCCCN(CCC(=O)OCCOC(=O)C(C)CSCCCC(=O)N(C)CCN5(CCCCC5))CCCCCCCC,0.719955507016051
CCCCCCCCN(CCC(=O)OCCOC(=O)C(C)CSCCNCCCC)CCCCCCCC,0.7949304514027951
CCCCCCCCN(CCC(=O)OCCOC(=O)C(C)CSCCN(CC)CC)CCCCCCCC,0.6881607855121852
CCCCCCCCN(CCC(=O)OCCOC(=O)C(C)CSCCN5CCCC5)CCCCCCCC,0.717261349099436
CCCCCCCCN(CCC(=O)OCCOC(=O)C(C)CSCCN5CCCCC5)CCCCCCCC,0.7153904984777414
CCCCCCCCN(CCC(=O)OCCOC(=O)C(C)CSCCN5CCCCCC5)CCCCCCCC,0.7104006529235732
CCCCCCCCN(CCC(=O)OCCOC(=O)C(C)CSCCN(CCC)CCC)CCCCCCCC,0.7163087616558541
CCCCCCCCN(CCC(=O)OCCOC(=O)C(C)CSCCN(CCCC)CCCC)CCCCCCCC,0.7890823210582716
CCCCCCCCN(CCC(=O)OCCOC(=O)C(C)CSCCCC(=O)N5CCN(CCO)CC5)CCCCCCCC,0.6566248024592692
CCCCCCCCN(CCC(=O)OCCOC(=O)C(C)CSCCC(O)=O)CCCCCCCC,0.7757903383321643
CCCCCCCCN(CCC(=O)OCCOC(=O)C(C)CSCCCCCC(O)=O)CCCCCCCC,0.796359005953185
CCCCCCCCN(CCC(=O)OCCOC(=O)C(C)CSCCCCCCCCCCC(O)=O)CCCCCCCC,0.8005108168459338
CCCCCCCCN(CCC(=O)OCCOC(=O)C(C)CSCCO)CCCCCCCC,0.7173830280266786
CCCCCCCCN(CCC(=O)OCCOC(=O)C(C)CSCC(O)CO)CCCCCCCC,0.6732410130961568
CCCCCCCCN(CCC(=O)OCCOC(=O)C(C)CSCCCO)CCCCCCCC,0.753064170903602
CCCCCCCCN(CCC(=O)OCCOC(=O)C(C)CSCCCCO)CCCCCCCC,0.7673045247707856
CCCCCCCCN(CCC(=O)OCCOC(=O)C(C)CSCCCCCCO)CCCCCCCC,0.7734937599264762
CCCCCCCCN(CCC(=O)OCCOC(=O)C(C)CSCCCCCCCCCCCO)CCCCCCCC,0.7936130647156545
CCCCCCCCCCN(CCC(=O)OCCOC(=O)C(C)CSCC(C)C)CCCCCCCCCC,0.7729515196704232
CCCCCCCCCCN(CCC(=O)OCCOC(=O)C(C)CSCCCCCCCCCC)CCCCCCCCCC,0.8140529866488949
CCCCCCCCCCN(CCC(=O)OCCOC(=O)C(C)CSCCCCCCCCCCC)CCCCCCCCCC,0.8139253692674189
CCCCCCCCCCN(CCC(=O)OCCOC(=O)C(C)CSCCCCCCCCCCCC)CCCCCCCCCC,0.8137851623629679
CCCCCCCCCCN(CCC(=O)OCCOC(=O)C(C)CSCCCCCCCCCCCCCC)CCCCCCCCCC,0.8135218513022584
CCCCCCCCCCN(CCC(=O)OCCOC(=O)C(C)CSCCCCCCCCCCCCCCCC)CCCCCCCCCC,0.8132792060622811
CCCCCCCCCCN(CCC(=O)OCCOC(=O)C(C)CSCCCCCCCCCCCCCCCCCC)CCCCCCCCCC,0.813055088799512
CCCCCCCCCCN(CCC(=O)OCCOC(=O)C(C)CSCCc5ccccc5)CCCCCCCCCC,0.5862355324315672
CCCCCCCCCCN(CCC(=O)OCCOC(=O)C(C)CSCCC(C)C)CCCCCCCCCC,0.7707267965609594
CCCCCCCCCCN(CCC(=O)OCCOC(=O)C(C)CSCCCC)CCCCCCCCCC,0.8130957078264687
CCCCCCCCCCN(CCC(=O)OCCOC(=O)C(C)CSCCCCC)CCCCCCCCCC,0.8137064778443752
CCCCCCCCCCN(CCC(=O)OCCOC(=O)C(C)CSCCCCCC)CCCCCCCCCC,0.8122046427687449
CCCCCCCCCCN(CCC(=O)OCCOC(=O)C(C)CSCCCCCCC)CCCCCCCCCC,0.813241853185153
CCCCCCCCCCN(CCC(=O)OCCOC(=O)C(C)CSCCCCCCCC)CCCCCCCCCC,0.8141887397126707
CCCCCCCCCCN(CCC(=O)OCCOC(=O)C(C)CSCCCCCCCCC)CCCCCCCCCC,0.8141782880332199
CCCCCCCCCCN(CCC(=O)OCCOC(=O)C(C)CSCCN(C)C)CCCCCCCCCC,0.7033681572667378
CCCCCCCCCCN(CCC(=O)OCCOC(=O)C(C)CSCCCC(=O)N(C)CCCN(C)C)CCCCCCCCCC,0.7286786212085969
CCCCCCCCCCN(CCC(=O)OCCOC(=O)C(C)CSCCCC(=O)N(C)CCN5(CCCCC5))CCCCCCCCCC,0.7263746197351172
CCCCCCCCCCN(CCC(=O)OCCOC(=O)C(C)CSCCNCCCC)CCCCCCCCCC,0.7966565225102791
CCCCCCCCCCN(CCC(=O)OCCOC(=O)C(C)CSCCN(CC)CC)CCCCCCCCCC,0.6991473415357967
CCCCCCCCCCN(CCC(=O)OCCOC(=O)C(C)CSCCN5CCCC5)CCCCCCCCCC,0.7254309993574277
CCCCCCCCCCN(CCC(=O)OCCOC(=O)C(C)CSCCN5CCCCC5)CCCCCCCCCC,0.7234276024372434
CCCCCCCCCCN(CCC(=O)OCCOC(=O)C(C)CSCCN5CCCCCC5)CCCCCCCCCC,0.7186026677571371
CCCCCCCCCCN(CCC(=O)OCCOC(=O)C(C)CSCCN(CCC)CCC)CCCCCCCCCC,0.7242350540593606
CCCCCCCCCCN(CCC(=O)OCCOC(=O)C(C)CSCCN(CCCC)CCCC)CCCCCCCCCC,0.7918375262844062
CCCCCCCCCCN(CCC(=O)OCCOC(=O)C(C)CSCCCC(=O)N5CCN(CCO)CC5)CCCCCCCCCC,0.6677899278016795
CCCCCCCCCCN(CCC(=O)OCCOC(=O)C(C)CSCCC(O)=O)CCCCCCCCCC,0.7810585192362525
CCCCCCCCCCN(CCC(=O)OCCOC(=O)C(C)CSCCCCCC(O)=O)CCCCCCCCCC,0.7994967664010361
CCCCCCCCCCN(CCC(=O)OCCOC(=O)C(C)CSCCCCCCCCCCC(O)=O)CCCCCCCCCC,0.801262625151884
CCCCCCCCCCN(CCC(=O)OCCOC(=O)C(C)CSCCO)CCCCCCCCCC,0.7264498599502546
CCCCCCCCCCN(CCC(=O)OCCOC(=O)C(C)CSCC(O)CO)CCCCCCCCCC,0.6858700267916459
CCCCCCCCCCN(CCC(=O)OCCOC(=O)C(C)CSCCCO)CCCCCCCCCC,0.7584750528629192
CCCCCCCCCCN(CCC(=O)OCCOC(=O)C(C)CSCCCCO)CCCCCCCCCC,0.7727259177940958
CCCCCCCCCCN(CCC(=O)OCCOC(=O)C(C)CSCCCCCCO)CCCCCCCCCC,0.7786970929103356
CCCCCCCCCCN(CCC(=O)OCCOC(=O)C(C)CSCCCCCCCCCCCO)CCCCCCCCCC,0.7949681012026348
N(CCC(=O)OCCOC(=O)C(C)CSCC(C)C)(CCC(=O)OCCOC(=O)C(C)CSCC(C)C)CC1CCN(C)CC1,0.5381943878359284
N(CCC(=O)OCCOC(=O)C(C)CSCCCCCCCCCC)(CCC(=O)OCCOC(=O)C(C)CSCCCCCCCCCC)CC1CCN(C)CC1,0.6397562075174614
N(CCC(=O)OCCOC(=O)C(C)CSCCCCCCCCCCC)(CCC(=O)OCCOC(=O)C(C)CSCCCCCCCCCCC)CC1CCN(C)CC1,0.6449006904198676
N(CCC(=O)OCCOC(=O)C(C)CSCCCCCCCCCCCC)(CCC(=O)OCCOC(=O)C(C)CSCCCCCCCCCCCC)CC1CCN(C)CC1,0.6497075721991044
N(CCC(=O)OCCOC(=O)C(C)CSCCCCCCCCCCCCCC)(CCC(=O)OCCOC(=O)C(C)CSCCCCCCCCCCCCCC)CC1CCN(C)CC1,0.6586086024804834
N(CCC(=O)OCCOC(=O)C(C)CSCCCCCCCCCCCCCCCC)(CCC(=O)OCCOC(=O)C(C)CSCCCCCCCCCCCCCCCC)CC1CCN(C)CC1,0.666520880131999
N(CCC(=O)OCCOC(=O)C(C)CSCCCCCCCCCCCCCCCCCC)(CCC(=O)OCCOC(=O)C(C)CSCCCCCCCCCCCCCCCCCC)CC1CCN(C)CC1,0.673694770384132
N(CCC(=O)OCCOC(=O)C(C)CSCCc5ccccc5)(CCC(=O)OCCOC(=O)C(C)CSCCc5ccccc5)CC1CCN(C)CC1,0.3221609943534885
N(CCC(=O)OCCOC(=O)C(C)CSCCC(C)C)(CCC(=O)OCCOC(=O)C(C)CSCCC(C)C)CC1CCN(C)CC1,0.5454529010608875
N(CCC(=O)OCCOC(=O)C(C)CSCCCC)(CCC(=O)OCCOC(=O)C(C)CSCCCC)CC1CCN(C)CC1,0.5938397230774534
N(CCC(=O)OCCOC(=O)C(C)CSCCCCC)(CCC(=O)OCCOC(=O)C(C)CSCCCCC)CC1CCN(C)CC1,0.6041469199367624
N(CCC(=O)OCCOC(=O)C(C)CSCCCCCC)(CCC(=O)OCCOC(=O)C(C)CSCCCCCC)CC1CCN(C)CC1,0.6101520630112173
N(CCC(=O)OCCOC(=O)C(C)CSCCCCCCC)(CCC(=O)OCCOC(=O)C(C)CSCCCCCCC)CC1CCN(C)CC1,0.6197127367888439
N(CCC(=O)OCCOC(=O)C(C)CSCCCCCCCC)(CCC(=O)OCCOC(=O)C(C)CSCCCCCCCC)CC1CCN(C)CC1,0.6279509761932315
N(CCC(=O)OCCOC(=O)C(C)CSCCCCCCCCC)(CCC(=O)OCCOC(=O)C(C)CSCCCCCCCCC)CC1CCN(C)CC1,0.6342367112302152
N(CCC(=O)OCCOC(=O)C(C)CSCCN(C)C)(CCC(=O)OCCOC(=O)C(C)CSCCN(C)C)CC1CCN(C)CC1,0.4453315722227536
N(CCC(=O)OCCOC(=O)C(C)CSCCCC(=O)N(C)CCCN(C)C)(CCC(=O)OCCOC(=O)C(C)CSCCCC(=O)N(C)CCCN(C)C)CC1CCN(C)CC1,0.5429152214133228
N(CCC(=O)OCCOC(=O)C(C)CSCCCC(=O)N(C)CCN5(CCCCC5))(CCC(=O)OCCOC(=O)C(C)CSCCCC(=O)N(C)CCN5(CCCCC5))CC1CCN(C)CC1,0.5510576735509256
N(CCC(=O)OCCOC(=O)C(C)CSCCNCCCC)(CCC(=O)OCCOC(=O)C(C)CSCCNCCCC)CC1CCN(C)CC1,0.5944842235154058
N(CCC(=O)OCCOC(=O)C(C)CSCCN(CC)CC)(CCC(=O)OCCOC(=O)C(C)CSCCN(CC)CC)CC1CCN(C)CC1,0.45921300591606956
N(CCC(=O)OCCOC(=O)C(C)CSCCN5CCCC5)(CCC(=O)OCCOC(=O)C(C)CSCCN5CCCC5)CC1CCN(C)CC1,0.49773160161026037
N(CCC(=O)OCCOC(=O)C(C)CSCCN5CCCCC5)(CCC(=O)OCCOC(=O)C(C)CSCCN5CCCCC5)CC1CCN(C)CC1,0.5032370237609735
N(CCC(=O)OCCOC(=O)C(C)CSCCN5CCCCCC5)(CCC(=O)OCCOC(=O)C(C)CSCCN5CCCCCC5)CC1CCN(C)CC1,0.5039760050057794
N(CCC(=O)OCCOC(=O)C(C)CSCCN(CCC)CCC)(CCC(=O)OCCOC(=O)C(C)CSCCN(CCC)CCC)CC1CCN(C)CC1,0.5103656629918478
N(CCC(=O)OCCOC(=O)C(C)CSCCN(CCCC)CCCC)(CCC(=O)OCCOC(=O)C(C)CSCCN(CCCC)CCCC)CC1CCN(C)CC1,0.6149228983732571
N(CCC(=O)OCCOC(=O)C(C)CSCCCC(=O)N5CCN(CCO)CC5)(CCC(=O)OCCOC(=O)C(C)CSCCCC(=O)N5CCN(CCO)CC5)CC1CCN(C)CC1,0.4663874900136259
N(CCC(=O)OCCOC(=O)C(C)CSCCC(O)=O)(CCC(=O)OCCOC(=O)C(C)CSCCC(O)=O)CC1CCN(C)CC1,0.5571182817879206
N(CCC(=O)OCCOC(=O)C(C)CSCCCCCC(O)=O)(CCC(=O)OCCOC(=O)C(C)CSCCCCCC(O)=O)CC1CCN(C)CC1,0.6036080645996225
N(CCC(=O)OCCOC(=O)C(C)CSCCCCCCCCCCC(O)=O)(CCC(=O)OCCOC(=O)C(C)CSCCCCCCCCCCC(O)=O)CC1CCN(C)CC1,0.6352825324052617
N(CCC(=O)OCCOC(=O)C(C)CSCCO)(CCC(=O)OCCOC(=O)C(C)CSCCO)CC1CCN(C)CC1,0.4588817589389298
N(CCC(=O)OCCOC(=O)C(C)CSCC(O)CO)(CCC(=O)OCCOC(=O)C(C)CSCC(O)CO)CC1CCN(C)CC1,0.419522871970711
N(CCC(=O)OCCOC(=O)C(C)CSCCCO)(CCC(=O)OCCOC(=O)C(C)CSCCCO)CC1CCN(C)CC1,0.5193093313746228
N(CCC(=O)OCCOC(=O)C(C)CSCCCCO)(CCC(=O)OCCOC(=O)C(C)CSCCCCO)CC1CCN(C)CC1,0.5475454935636578
N(CCC(=O)OCCOC(=O)C(C)CSCCCCCCO)(CCC(=O)OCCOC(=O)C(C)CSCCCCCCO)CC1CCN(C)CC1,0.5713455710557905
N(CCC(=O)OCCOC(=O)C(C)CSCCCCCCCCCCCO)(CCC(=O)OCCOC(=O)C(C)CSCCCCCCCCCCCO)CC1CCN(C)CC1,0.6253960156438476
CCN(CCC(=O)OCCOC(=O)C(C)CSCC(C)C)CCN(CCC(=O)OCCOC(=O)C(C)CSCC(C)C)CC,0.68015794643361
CCN(CCC(=O)OCCOC(=O)C(C)CSCCCCCCCCCC)CCN(CCC(=O)OCCOC(=O)C(C)CSCCCCCCCCCC)CC,0.7555599250642787
CCN(CCC(=O)OCCOC(=O)C(C)CSCCCCCCCCCCC)CCN(CCC(=O)OCCOC(=O)C(C)CSCCCCCCCCCCC)CC,0.7571464424972776
CCN(CCC(=O)OCCOC(=O)C(C)CSCCCCCCCCCCCC)CCN(CCC(=O)OCCOC(=O)C(C)CSCCCCCCCCCCCC)CC,0.7586266615994982
CCN(CCC(=O)OCCOC(=O)C(C)CSCCCCCCCCCCCCCC)CCN(CCC(=O)OCCOC(=O)C(C)CSCCCCCCCCCCCCCC)CC,0.7615088903616856
CCN(CCC(=O)OCCOC(=O)C(C)CSCCCCCCCCCCCCCCCC)CCN(CCC(=O)OCCOC(=O)C(C)CSCCCCCCCCCCCCCCCC)CC,0.7646854883002231
CCN(CCC(=O)OCCOC(=O)C(C)CSCCCCCCCCCCCCCCCCCC)CCN(CCC(=O)OCCOC(=O)C(C)CSCCCCCCCCCCCCCCCCCC)CC,0.7676632074064837
CCN(CCC(=O)OCCOC(=O)C(C)CSCCc5ccccc5)CCN(CCC(=O)OCCOC(=O)C(C)CSCCc5ccccc5)CC,0.413065574990924
CCN(CCC(=O)OCCOC(=O)C(C)CSCCC(C)C)CCN(CCC(=O)OCCOC(=O)C(C)CSCCC(C)C)CC,0.6812081026802469
CCN(CCC(=O)OCCOC(=O)C(C)CSCCCC)CCN(CCC(=O)OCCOC(=O)C(C)CSCCCC)CC,0.7398400647093826
CCN(CCC(=O)OCCOC(=O)C(C)CSCCCCC)CCN(CCC(=O)OCCOC(=O)C(C)CSCCCCC)CC,0.743870790520312
CCN(CCC(=O)OCCOC(=O)C(C)CSCCCCCC)CCN(CCC(=O)OCCOC(=O)C(C)CSCCCCCC)CC,0.7440260810985159
CCN(CCC(=O)OCCOC(=O)C(C)CSCCCCCCC)CCN(CCC(=O)OCCOC(=O)C(C)CSCCCCCCC)CC,0.7482270623923173
CCN(CCC(=O)OCCOC(=O)C(C)CSCCCCCCCC)CCN(CCC(=O)OCCOC(=O)C(C)CSCCCCCCCC)CC,0.7518638311494021
CCN(CCC(=O)OCCOC(=O)C(C)CSCCCCCCCCC)CCN(CCC(=O)OCCOC(=O)C(C)CSCCCCCCCCC)CC,0.7538639025352158
CCN(CCC(=O)OCCOC(=O)C(C)CSCCN(C)C)CCN(CCC(=O)OCCOC(=O)C(C)CSCCN(C)C)CC,0.5693650965689472
CCN(CCC(=O)OCCOC(=O)C(C)CSCCCC(=O)N(C)CCCN(C)C)CCN(CCC(=O)OCCOC(=O)C(C)CSCCCC(=O)N(C)CCCN(C)C)CC,0.6423263111251405
CCN(CCC(=O)OCCOC(=O)C(C)CSCCCC(=O)N(C)CCN5(CCCCC5))CCN(CCC(=O)OCCOC(=O)C(C)CSCCCC(=O)N(C)CCN5(CCCCC5))CC,0.6448039530004054
CCN(CCC(=O)OCCOC(=O)C(C)CSCCNCCCC)CCN(CCC(=O)OCCOC(=O)C(C)CSCCNCCCC)CC,0.7223965086286958
CCN(CCC(=O)OCCOC(=O)C(C)CSCCN(CC)CC)CCN(CCC(=O)OCCOC(=O)C(C)CSCCN(CC)CC)CC,0.5732311490439841
CCN(CCC(=O)OCCOC(=O)C(C)CSCCN5CCCC5)CCN(CCC(=O)OCCOC(=O)C(C)CSCCN5CCCC5)CC,0.617930012827973
CCN(CCC(=O)OCCOC(=O)C(C)CSCCN5CCCCC5)CCN(CCC(=O)OCCOC(=O)C(C)CSCCN5CCCCC5)CC,0.618958137409404
CCN(CCC(=O)OCCOC(=O)C(C)CSCCN5CCCCCC5)CCN(CCC(=O)OCCOC(=O)C(C)CSCCN5CCCCCC5)CC,0.6152770677837378
CCN(CCC(=O)OCCOC(=O)C(C)CSCCN(CCC)CCC)CCN(CCC(=O)OCCOC(=O)C(C)CSCCN(CCC)CCC)CC,0.6230498511453106
CCN(CCC(=O)OCCOC(=O)C(C)CSCCN(CCCC)CCCC)CCN(CCC(=O)OCCOC(=O)C(C)CSCCN(CCCC)CCCC)CC,0.7254520808699564
CCN(CCC(=O)OCCOC(=O)C(C)CSCCCC(=O)N5CCN(CCO)CC5)CCN(CCC(=O)OCCOC(=O)C(C)CSCCCC(=O)N5CCN(CCO)CC5)CC,0.555028836665894
CCN(CCC(=O)OCCOC(=O)C(C)CSCCC(O)=O)CCN(CCC(=O)OCCOC(=O)C(C)CSCCC(O)=O)CC,0.693392088615484
CCN(CCC(=O)OCCOC(=O)C(C)CSCCCCCC(O)=O)CCN(CCC(=O)OCCOC(=O)C(C)CSCCCCCC(O)=O)CC,0.7264692786955977
CCN(CCC(=O)OCCOC(=O)C(C)CSCCCCCCCCCCC(O)=O)CCN(CCC(=O)OCCOC(=O)C(C)CSCCCCCCCCCCC(O)=O)CC,0.7396280618932497
CCN(CCC(=O)OCCOC(=O)C(C)CSCCO)CCN(CCC(=O)OCCOC(=O)C(C)CSCCO)CC,0.5983112603461291
CCN(CCC(=O)OCCOC(=O)C(C)CSCC(O)CO)CCN(CCC(=O)OCCOC(=O)C(C)CSCC(O)CO)CC,0.5405295661941336
CCN(CCC(=O)OCCOC(=O)C(C)CSCCCO)CCN(CCC(=O)OCCOC(=O)C(C)CSCCCO)CC,0.6590520862426347
CCN(CCC(=O)OCCOC(=O)C(C)CSCCCCO)CCN(CCC(=O)OCCOC(=O)C(C)CSCCCCO)CC,0.6838699554058322
CCN(CCC(=O)OCCOC(=O)C(C)CSCCCCCCO)CCN(CCC(=O)OCCOC(=O)C(C)CSCCCCCCO)CC,0.6979765158991369
CCN(CCC(=O)OCCOC(=O)C(C)CSCCCCCCCCCCCO)CCN(CCC(=O)OCCOC(=O)C(C)CSCCCCCCCCCCCO)CC,0.7319790953024436
CN(CCC(=O)OCCOC(=O)C(C)CSCC(C)C)CCCN(C)CCCN(CCC(=O)OCCOC(=O)C(C)CSCC(C)C)C,0.7148372126968142
CN(CCC(=O)OCCOC(=O)C(C)CSCCCCCCCCCC)CCCN(C)CCCN(CCC(=O)OCCOC(=O)C(C)CSCCCCCCCCCC)C,0.7812420768566073
CN(CCC(=O)OCCOC(=O)C(C)CSCCCCCCCCCCC)CCCN(C)CCCN(CCC(=O)OCCOC(=O)C(C)CSCCCCCCCCCCC)C,0.7822061255168596
CN(CCC(=O)OCCOC(=O)C(C)CSCCCCCCCCCCCC)CCCN(C)CCCN(CCC(=O)OCCOC(=O)C(C)CSCCCCCCCCCCCC)C,0.7833331253612769
CN(CCC(=O)OCCOC(=O)C(C)CSCCCCCCCCCCCCCC)CCCN(C)CCCN(CCC(=O)OCCOC(=O)C(C)CSCCCCCCCCCCCCCC)C,0.7853981040518618
CN(CCC(=O)OCCOC(=O)C(C)CSCCCCCCCCCCCCCCCC)CCCN(C)CCCN(CCC(=O)OCCOC(=O)C(C)CSCCCCCCCCCCCCCCCC)C,0.7876369012978588
CN(CCC(=O)OCCOC(=O)C(C)CSCCCCCCCCCCCCCCCCCC)CCCN(C)CCCN(CCC(=O)OCCOC(=O)C(C)CSCCCCCCCCCCCCCCCCCC)C,0.789301153096773
CN(CCC(=O)OCCOC(=O)C(C)CSCCc5ccccc5)CCCN(C)CCCN(CCC(=O)OCCOC(=O)C(C)CSCCc5ccccc5)C,0.4547521281727428
CN(CCC(=O)OCCOC(=O)C(C)CSCCC(C)C)CCCN(C)CCCN(CCC(=O)OCCOC(=O)C(C)CSCCC(C)C)C,0.7144502036344227
CN(CCC(=O)OCCOC(=O)C(C)CSCCCC)CCCN(C)CCCN(CCC(=O)OCCOC(=O)C(C)CSCCCC)C,0.7718754717633287
CN(CCC(=O)OCCOC(=O)C(C)CSCCCCC)CCCN(C)CCCN(CCC(=O)OCCOC(=O)C(C)CSCCCCC)C,0.7744123200273006
CN(CCC(=O)OCCOC(=O)C(C)CSCCCCCC)CCCN(C)CCCN(CCC(=O)OCCOC(=O)C(C)CSCCCCCC)C,0.7732029538226659
CN(CCC(=O)OCCOC(=O)C(C)CSCCCCCCC)CCCN(C)CCCN(CCC(=O)OCCOC(=O)C(C)CSCCCCCCC)C,0.7763382795042814
CN(CCC(=O)OCCOC(=O)C(C)CSCCCCCCCC)CCCN(C)CCCN(CCC(=O)OCCOC(=O)C(C)CSCCCCCCCC)C,0.7791563729607478
CN(CCC(=O)OCCOC(=O)C(C)CSCCCCCCCCC)CCCN(C)CCCN(CCC(=O)OCCOC(=O)C(C)CSCCCCCCCCC)C,0.7803688865461261
CN(CCC(=O)OCCOC(=O)C(C)CSCCN(C)C)CCCN(C)CCCN(CCC(=O)OCCOC(=O)C(C)CSCCN(C)C)C,0.6100351348473613
CN(CCC(=O)OCCOC(=O)C(C)CSCCCC(=O)N(C)CCCN(C)C)CCCN(C)CCCN(CCC(=O)OCCOC(=O)C(C)CSCCCC(=O)N(C)CCCN(C)C)C,0.6697837044260058
CN(CCC(=O)OCCOC(=O)C(C)CSCCCC(=O)N(C)CCN5(CCCCC5))CCCN(C)CCCN(CCC(=O)OCCOC(=O)C(C)CSCCCC(=O)N(C)CCN5(CCCCC5))C,0.6701523636648161
CN(CCC(=O)OCCOC(=O)C(C)CSCCNCCCC)CCCN(C)CCCN(CCC(=O)OCCOC(=O)C(C)CSCCNCCCC)C,0.7501171536057282
CN(CCC(=O)OCCOC(=O)C(C)CSCCN(CC)CC)CCCN(C)CCCN(CCC(=O)OCCOC(=O)C(C)CSCCN(CC)CC)C,0.6114508029520648
CN(CCC(=O)OCCOC(=O)C(C)CSCCN5CCCC5)CCCN(C)CCCN(CCC(=O)OCCOC(=O)C(C)CSCCN5CCCC5)C,0.6518824122930074
CN(CCC(=O)OCCOC(=O)C(C)CSCCN5CCCCC5)CCCN(C)CCCN(CCC(=O)OCCOC(=O)C(C)CSCCN5CCCCC5)C,0.6516230799966343
CN(CCC(=O)OCCOC(=O)C(C)CSCCN5CCCCCC5)CCCN(C)CCCN(CCC(=O)OCCOC(=O)C(C)CSCCN5CCCCCC5)C,0.6471500581144001
CN(CCC(=O)OCCOC(=O)C(C)CSCCN(CCC)CCC)CCCN(C)CCCN(CCC(=O)OCCOC(=O)C(C)CSCCN(CCC)CCC)C,0.6543472864916704
CN(CCC(=O)OCCOC(=O)C(C)CSCCN(CCCC)CCCC)CCCN(C)CCCN(CCC(=O)OCCOC(=O)C(C)CSCCN(CCCC)CCCC)C,0.7494118433964256
CN(CCC(=O)OCCOC(=O)C(C)CSCCCC(=O)N5CCN(CCO)CC5)CCCN(C)CCCN(CCC(=O)OCCOC(=O)C(C)CSCCCC(=O)N5CCN(CCO)CC5)C,0.5859067202206631
CN(CCC(=O)OCCOC(=O)C(C)CSCCC(O)=O)CCCN(C)CCCN(CCC(=O)OCCOC(=O)C(C)CSCCC(O)=O)C,0.7259809596039842
CN(CCC(=O)OCCOC(=O)C(C)CSCCCCCC(O)=O)CCCN(C)CCCN(CCC(=O)OCCOC(=O)C(C)CSCCCCCC(O)=O)C,0.7532996306139569
CN(CCC(=O)OCCOC(=O)C(C)CSCCCCCCCCCCC(O)=O)CCCN(C)CCCN(CCC(=O)OCCOC(=O)C(C)CSCCCCCCCCCCC(O)=O)C,0.7622063618114
CN(CCC(=O)OCCOC(=O)C(C)CSCCO)CCCN(C)CCCN(CCC(=O)OCCOC(=O)C(C)CSCCO)C,0.6409383756017071
CN(CCC(=O)OCCOC(=O)C(C)CSCC(O)CO)CCCN(C)CCCN(CCC(=O)OCCOC(=O)C(C)CSCC(O)CO)C,0.5837965498933619
CN(CCC(=O)OCCOC(=O)C(C)CSCCCO)CCCN(C)CCCN(CCC(=O)OCCOC(=O)C(C)CSCCCO)C,0.6949873355762058
CN(CCC(=O)OCCOC(=O)C(C)CSCCCCO)CCCN(C)CCCN(CCC(=O)OCCOC(=O)C(C)CSCCCCO)C,0.7168892455571703
CN(CCC(=O)OCCOC(=O)C(C)CSCCCCCCO)CCCN(C)CCCN(CCC(=O)OCCOC(=O)C(C)CSCCCCCCO)C,0.7277140380874636
CN(CCC(=O)OCCOC(=O)C(C)CSCCCCCCCCCCCO)CCCN(C)CCCN(CCC(=O)OCCOC(=O)C(C)CSCCCCCCCCCCCO)C,0.754717377177642
CN(CCC(=O)OCCOC(=O)C(C)CSCC(C)C)CCOCCN(CCC(=O)OCCOC(=O)C(C)CSCC(C)C)C,0.438850521426033
CN(CCC(=O)OCCOC(=O)C(C)CSCCCCCCCCCC)CCOCCN(CCC(=O)OCCOC(=O)C(C)CSCCCCCCCCCC)C,0.555794837877462
CN(CCC(=O)OCCOC(=O)C(C)CSCCCCCCCCCCC)CCOCCN(CCC(=O)OCCOC(=O)C(C)CSCCCCCCCCCCC)C,0.5640387781979138
CN(CCC(=O)OCCOC(=O)C(C)CSCCCCCCCCCCCC)CCOCCN(CCC(=O)OCCOC(=O)C(C)CSCCCCCCCCCCCC)C,0.5717422004140402
CN(CCC(=O)OCCOC(=O)C(C)CSCCCCCCCCCCCCCC)CCOCCN(CCC(=O)OCCOC(=O)C(C)CSCCCCCCCCCCCCCC)C,0.5857267850573906
CN(CCC(=O)OCCOC(=O)C(C)CSCCCCCCCCCCCCCCCC)CCOCCN(CCC(=O)OCCOC(=O)C(C)CSCCCCCCCCCCCCCCCC)C,0.5980899341568499
CN(CCC(=O)OCCOC(=O)C(C)CSCCCCCCCCCCCCCCCCCC)CCOCCN(CCC(=O)OCCOC(=O)C(C)CSCCCCCCCCCCCCCCCCCC)C,0.6090656228092142
CN(CCC(=O)OCCOC(=O)C(C)CSCCc5ccccc5)CCOCCN(CCC(=O)OCCOC(=O)C(C)CSCCc5ccccc5)C,0.24910569983610226
CN(CCC(=O)OCCOC(=O)C(C)CSCCC(C)C)CCOCCN(CCC(=O)OCCOC(=O)C(C)CSCCC(C)C)C,0.44993143948741343
CN(CCC(=O)OCCOC(=O)C(C)CSCCCC)CCOCCN(CCC(=O)OCCOC(=O)C(C)CSCCCC)C,0.49106550857962655
CN(CCC(=O)OCCOC(=O)C(C)CSCCCCC)CCOCCN(CCC(=O)OCCOC(=O)C(C)CSCCCCC)C,0.504634045119384
CN(CCC(=O)OCCOC(=O)C(C)CSCCCCCC)CCOCCN(CCC(=O)OCCOC(=O)C(C)CSCCCCCC)C,0.5140269575649167
CN(CCC(=O)OCCOC(=O)C(C)CSCCCCCCC)CCOCCN(CCC(=O)OCCOC(=O)C(C)CSCCCCCCC)C,0.5266164805397535
CN(CCC(=O)OCCOC(=O)C(C)CSCCCCCCCC)CCOCCN(CCC(=O)OCCOC(=O)C(C)CSCCCCCCCC)C,0.5379507924432737
CN(CCC(=O)OCCOC(=O)C(C)CSCCCCCCCCC)CCOCCN(CCC(=O)OCCOC(=O)C(C)CSCCCCCCCCC)C,0.5472025478316782
CN(CCC(=O)OCCOC(=O)C(C)CSCCN(C)C)CCOCCN(CCC(=O)OCCOC(=O)C(C)CSCCN(C)C)C,0.3608563184456657
CN(CCC(=O)OCCOC(=O)C(C)CSCCCC(=O)N(C)CCCN(C)C)CCOCCN(CCC(=O)OCCOC(=O)C(C)CSCCCC(=O)N(C)CCCN(C)C)C,0.47255297135238294
CN(CCC(=O)OCCOC(=O)C(C)CSCCCC(=O)N(C)CCN5(CCCCC5))CCOCCN(CCC(=O)OCCOC(=O)C(C)CSCCCC(=O)N(C)CCN5(CCCCC5))C,0.4837707707838436
CN(CCC(=O)OCCOC(=O)C(C)CSCCNCCCC)CCOCCN(CCC(=O)OCCOC(=O)C(C)CSCCNCCCC)C,0.5036042577707678
CN(CCC(=O)OCCOC(=O)C(C)CSCCN(CC)CC)CCOCCN(CCC(=O)OCCOC(=O)C(C)CSCCN(CC)CC)C,0.38055589328962636
CN(CCC(=O)OCCOC(=O)C(C)CSCCN5CCCC5)CCOCCN(CCC(=O)OCCOC(=O)C(C)CSCCN5CCCC5)C,0.4152484616903134
CN(CCC(=O)OCCOC(=O)C(C)CSCCN5CCCCC5)CCOCCN(CCC(=O)OCCOC(=O)C(C)CSCCN5CCCCC5)C,0.42312041723758415
CN(CCC(=O)OCCOC(=O)C(C)CSCCN5CCCCCC5)CCOCCN(CCC(=O)OCCOC(=O)C(C)CSCCN5CCCCCC5)C,0.4266776107079412
CN(CCC(=O)OCCOC(=O)C(C)CSCCN(CCC)CCC)CCOCCN(CCC(=O)OCCOC(=O)C(C)CSCCN(CCC)CCC)C,0.43327294705638386
CN(CCC(=O)OCCOC(=O)C(C)CSCCN(CCCC)CCCC)CCOCCN(CCC(=O)OCCOC(=O)C(C)CSCCN(CCCC)CCCC)C,0.5345414664833287
CN(CCC(=O)OCCOC(=O)C(C)CSCCCC(=O)N5CCN(CCO)CC5)CCOCCN(CCC(=O)OCCOC(=O)C(C)CSCCCC(=O)N5CCN(CCO)CC5)C,0.40290096041775925
CN(CCC(=O)OCCOC(=O)C(C)CSCCC(O)=O)CCOCCN(CCC(=O)OCCOC(=O)C(C)CSCCC(O)=O)C,0.45830222519029096
CN(CCC(=O)OCCOC(=O)C(C)CSCCCCCC(O)=O)CCOCCN(CCC(=O)OCCOC(=O)C(C)CSCCCCCC(O)=O)C,0.5134981975999735
CN(CCC(=O)OCCOC(=O)C(C)CSCCCCCCCCCCC(O)=O)CCOCCN(CCC(=O)OCCOC(=O)C(C)CSCCCCCCCCCCC(O)=O)C,0.5589079537402444
CN(CCC(=O)OCCOC(=O)C(C)CSCCO)CCOCCN(CCC(=O)OCCOC(=O)C(C)CSCCO)C,0.3643484561498957
CN(CCC(=O)OCCOC(=O)C(C)CSCC(O)CO)CCOCCN(CCC(=O)OCCOC(=O)C(C)CSCC(O)CO)C,0.33502683360380614
CN(CCC(=O)OCCOC(=O)C(C)CSCCCO)CCOCCN(CCC(=O)OCCOC(=O)C(C)CSCCCO)C,0.42180599977756034
CN(CCC(=O)OCCOC(=O)C(C)CSCCCCO)CCOCCN(CCC(=O)OCCOC(=O)C(C)CSCCCCO)C,0.45293989009433194
CN(CCC(=O)OCCOC(=O)C(C)CSCCCCCCO)CCOCCN(CCC(=O)OCCOC(=O)C(C)CSCCCCCCO)C,0.4827519101910168
CN(CCC(=O)OCCOC(=O)C(C)CSCCCCCCCCCCCO)CCOCCN(CCC(=O)OCCOC(=O)C(C)CSCCCCCCCCCCCO)C,0.5468133415412202
N(CCC(=O)OCCOC(=O)C(C)CSCC(C)C)(CCC(=O)OCCOC(=O)C(C)CSCC(C)C)CCCN1CCN(C)CC1,0.6896417172289139
N(CCC(=O)OCCOC(=O)C(C)CSCCCCCCCCCC)(CCC(=O)OCCOC(=O)C(C)CSCCCCCCCCCC)CCCN1CCN(C)CC1,0.7592814355632744
N(CCC(=O)OCCOC(=O)C(C)CSCCCCCCCCCCC)(CCC(=O)OCCOC(=O)C(C)CSCCCCCCCCCCC)CCCN1CCN(C)CC1,0.7605517896928863
N(CCC(=O)OCCOC(=O)C(C)CSCCCCCCCCCCCC)(CCC(=O)OCCOC(=O)C(C)CSCCCCCCCCCCCC)CCCN1CCN(C)CC1,0.7617543266751525
N(CCC(=O)OCCOC(=O)C(C)CSCCCCCCCCCCCCCC)(CCC(=O)OCCOC(=O)C(C)CSCCCCCCCCCCCCCC)CCCN1CCN(C)CC1,0.7645131543583694
N(CCC(=O)OCCOC(=O)C(C)CSCCCCCCCCCCCCCCCC)(CCC(=O)OCCOC(=O)C(C)CSCCCCCCCCCCCCCCCC)CCCN1CCN(C)CC1,0.7675307798770786
N(CCC(=O)OCCOC(=O)C(C)CSCCCCCCCCCCCCCCCCCC)(CCC(=O)OCCOC(=O)C(C)CSCCCCCCCCCCCCCCCCCC)CCCN1CCN(C)CC1,0.7706267336071264
N(CCC(=O)OCCOC(=O)C(C)CSCCc5ccccc5)(CCC(=O)OCCOC(=O)C(C)CSCCc5ccccc5)CCCN1CCN(C)CC1,0.43313737214623504
N(CCC(=O)OCCOC(=O)C(C)CSCCC(C)C)(CCC(=O)OCCOC(=O)C(C)CSCCC(C)C)CCCN1CCN(C)CC1,0.6902404321847266
N(CCC(=O)OCCOC(=O)C(C)CSCCCC)(CCC(=O)OCCOC(=O)C(C)CSCCCC)CCCN1CCN(C)CC1,0.7456112326870409
N(CCC(=O)OCCOC(=O)C(C)CSCCCCC)(CCC(=O)OCCOC(=O)C(C)CSCCCCC)CCCN1CCN(C)CC1,0.7491595778605902
N(CCC(=O)OCCOC(=O)C(C)CSCCCCCC)(CCC(=O)OCCOC(=O)C(C)CSCCCCCC)CCCN1CCN(C)CC1,0.7490945517867343
N(CCC(=O)OCCOC(=O)C(C)CSCCCCCCC)(CCC(=O)OCCOC(=O)C(C)CSCCCCCCC)CCCN1CCN(C)CC1,0.7528667766848833
N(CCC(=O)OCCOC(=O)C(C)CSCCCCCCCC)(CCC(=O)OCCOC(=O)C(C)CSCCCCCCCC)CCCN1CCN(C)CC1,0.7561693292377116
N(CCC(=O)OCCOC(=O)C(C)CSCCCCCCCCC)(CCC(=O)OCCOC(=O)C(C)CSCCCCCCCCC)CCCN1CCN(C)CC1,0.7579220046201613
N(CCC(=O)OCCOC(=O)C(C)CSCCN(C)C)(CCC(=O)OCCOC(=O)C(C)CSCCN(C)C)CCCN1CCN(C)CC1,0.5849493820136945
N(CCC(=O)OCCOC(=O)C(C)CSCCCC(=O)N(C)CCCN(C)C)(CCC(=O)OCCOC(=O)C(C)CSCCCC(=O)N(C)CCCN(C)C)CCCN1CCN(C)CC1,0.6509326753074576
N(CCC(=O)OCCOC(=O)C(C)CSCCCC(=O)N(C)CCN5(CCCCC5))(CCC(=O)OCCOC(=O)C(C)CSCCCC(=O)N(C)CCN5(CCCCC5))CCCN1CCN(C)CC1,0.6526928925267838
N(CCC(=O)OCCOC(=O)C(C)CSCCNCCCC)(CCC(=O)OCCOC(=O)C(C)CSCCNCCCC)CCCN1CCN(C)CC1,0.7285016552724413
N(CCC(=O)OCCOC(=O)C(C)CSCCN(CC)CC)(CCC(=O)OCCOC(=O)C(C)CSCCN(CC)CC)CCCN1CCN(C)CC1,0.5879929585774036
N(CCC(=O)OCCOC(=O)C(C)CSCCN5CCCC5)(CCC(=O)OCCOC(=O)C(C)CSCCN5CCCC5)CCCN1CCN(C)CC1,0.6297976573061962
N(CCC(=O)OCCOC(=O)C(C)CSCCN5CCCCC5)(CCC(=O)OCCOC(=O)C(C)CSCCN5CCCCC5)CCCN1CCN(C)CC1,0.630350705548954
N(CCC(=O)OCCOC(=O)C(C)CSCCN5CCCCCC5)(CCC(=O)OCCOC(=O)C(C)CSCCN5CCCCCC5)CCCN1CCN(C)CC1,0.6264951047533679
N(CCC(=O)OCCOC(=O)C(C)CSCCN(CCC)CCC)(CCC(=O)OCCOC(=O)C(C)CSCCN(CCC)CCC)CCCN1CCN(C)CC1,0.633778856408819
N(CCC(=O)OCCOC(=O)C(C)CSCCN(CCCC)CCCC)(CCC(=O)OCCOC(=O)C(C)CSCCN(CCCC)CCCC)CCCN1CCN(C)CC1,0.730603214841104
N(CCC(=O)OCCOC(=O)C(C)CSCCCC(=O)N5CCN(CCO)CC5)(CCC(=O)OCCOC(=O)C(C)CSCCCC(=O)N5CCN(CCO)CC5)CCCN1CCN(C)CC1,0.5671503500625955
N(CCC(=O)OCCOC(=O)C(C)CSCCC(O)=O)(CCC(=O)OCCOC(=O)C(C)CSCCC(O)=O)CCCN1CCN(C)CC1,0.7018492788274576
N(CCC(=O)OCCOC(=O)C(C)CSCCCCCC(O)=O)(CCC(=O)OCCOC(=O)C(C)CSCCCCCC(O)=O)CCCN1CCN(C)CC1,0.7321303477317687
N(CCC(=O)OCCOC(=O)C(C)CSCCCCCCCCCCC(O)=O)(CCC(=O)OCCOC(=O)C(C)CSCCCCCCCCCCC(O)=O)CCCN1CCN(C)CC1,0.7438128312069939
N(CCC(=O)OCCOC(=O)C(C)CSCCO)(CCC(=O)OCCOC(=O)C(C)CSCCO)CCCN1CCN(C)CC1,0.6140978689266089
N(CCC(=O)OCCOC(=O)C(C)CSCC(O)CO)(CCC(=O)OCCOC(=O)C(C)CSCC(O)CO)CCCN1CCN(C)CC1,0.5586160787146721
N(CCC(=O)OCCOC(=O)C(C)CSCCCO)(CCC(=O)OCCOC(=O)C(C)CSCCCO)CCCN1CCN(C)CC1,0.6697097706707997
N(CCC(=O)OCCOC(=O)C(C)CSCCCCO)(CCC(=O)OCCOC(=O)C(C)CSCCCCO)CCCN1CCN(C)CC1,0.6927431343368565
N(CCC(=O)OCCOC(=O)C(C)CSCCCCCCO)(CCC(=O)OCCOC(=O)C(C)CSCCCCCCO)CCCN1CCN(C)CC1,0.7054187055135356
N(CCC(=O)OCCOC(=O)C(C)CSCCCCCCCCCCCO)(CCC(=O)OCCOC(=O)C(C)CSCCCCCCCCCCCO)CCCN1CCN(C)CC1,0.736665604614369
N(CCC(=O)OCCOC(=O)C(C)CSCC(C)C)(CCC(=O)OCCOC(=O)C(C)CSCC(C)C)CCN1CCCCC1,0.7053894289341648
N(CCC(=O)OCCOC(=O)C(C)CSCCCCCCCCCC)(CCC(=O)OCCOC(=O)C(C)CSCCCCCCCCCC)CCN1CCCCC1,0.7761599477236519
N(CCC(=O)OCCOC(=O)C(C)CSCCCCCCCCCCC)(CCC(=O)OCCOC(=O)C(C)CSCCCCCCCCCCC)CCN1CCCCC1,0.7774543525929091
N(CCC(=O)OCCOC(=O)C(C)CSCCCCCCCCCCCC)(CCC(=O)OCCOC(=O)C(C)CSCCCCCCCCCCCC)CCN1CCCCC1,0.7787692451292716
N(CCC(=O)OCCOC(=O)C(C)CSCCCCCCCCCCCCCC)(CCC(=O)OCCOC(=O)C(C)CSCCCCCCCCCCCCCC)CCN1CCCCC1,0.7817109178183353
N(CCC(=O)OCCOC(=O)C(C)CSCCCCCCCCCCCCCCCC)(CCC(=O)OCCOC(=O)C(C)CSCCCCCCCCCCCCCCCC)CCN1CCCCC1,0.7844892236314379
N(CCC(=O)OCCOC(=O)C(C)CSCCCCCCCCCCCCCCCCCC)(CCC(=O)OCCOC(=O)C(C)CSCCCCCCCCCCCCCCCCCC)CCN1CCCCC1,0.7869627085887393
N(CCC(=O)OCCOC(=O)C(C)CSCCc5ccccc5)(CCC(=O)OCCOC(=O)C(C)CSCCc5ccccc5)CCN1CCCCC1,0.43391465642084653
N(CCC(=O)OCCOC(=O)C(C)CSCCC(C)C)(CCC(=O)OCCOC(=O)C(C)CSCCC(C)C)CCN1CCCCC1,0.7054182304371969
N(CCC(=O)OCCOC(=O)C(C)CSCCCC)(CCC(=O)OCCOC(=O)C(C)CSCCCC)CCN1CCCCC1,0.7644085781793191
N(CCC(=O)OCCOC(=O)C(C)CSCCCCC)(CCC(=O)OCCOC(=O)C(C)CSCCCCC)CCN1CCCCC1,0.767608336089367
N(CCC(=O)OCCOC(=O)C(C)CSCCCCCC)(CCC(=O)OCCOC(=O)C(C)CSCCCCCC)CCN1CCCCC1,0.7668047444625015
N(CCC(=O)OCCOC(=O)C(C)CSCCCCCCC)(CCC(=O)OCCOC(=O)C(C)CSCCCCCCC)CCN1CCCCC1,0.770390620666806
N(CCC(=O)OCCOC(=O)C(C)CSCCCCCCCC)(CCC(=O)OCCOC(=O)C(C)CSCCCCCCCC)CCN1CCCCC1,0.7735571232331467
N(CCC(=O)OCCOC(=O)C(C)CSCCCCCCCCC)(CCC(=O)OCCOC(=O)C(C)CSCCCCCCCCC)CCN1CCCCC1,0.7749647744246351
N(CCC(=O)OCCOC(=O)C(C)CSCCN(C)C)(CCC(=O)OCCOC(=O)C(C)CSCCN(C)C)CCN1CCCCC1,0.5950903021544679
N(CCC(=O)OCCOC(=O)C(C)CSCCCC(=O)N(C)CCCN(C)C)(CCC(=O)OCCOC(=O)C(C)CSCCCC(=O)N(C)CCCN(C)C)CCN1CCCCC1,0.6609584488206451
N(CCC(=O)OCCOC(=O)C(C)CSCCCC(=O)N(C)CCN5(CCCCC5))(CCC(=O)OCCOC(=O)C(C)CSCCCC(=O)N(C)CCN5(CCCCC5))CCN1CCCCC1,0.6619290891650965
N(CCC(=O)OCCOC(=O)C(C)CSCCNCCCC)(CCC(=O)OCCOC(=O)C(C)CSCCNCCCC)CCN1CCCCC1,0.7440941951685731
N(CCC(=O)OCCOC(=O)C(C)CSCCN(CC)CC)(CCC(=O)OCCOC(=O)C(C)CSCCN(CC)CC)CCN1CCCCC1,0.5977613000995727
N(CCC(=O)OCCOC(=O)C(C)CSCCN5CCCC5)(CCC(=O)OCCOC(=O)C(C)CSCCN5CCCC5)CCN1CCCCC1,0.6409268550004943
N(CCC(=O)OCCOC(=O)C(C)CSCCN5CCCCC5)(CCC(=O)OCCOC(=O)C(C)CSCCN5CCCCC5)CCN1CCCCC1,0.6410792357361237
N(CCC(=O)OCCOC(=O)C(C)CSCCN5CCCCCC5)(CCC(=O)OCCOC(=O)C(C)CSCCN5CCCCCC5)CCN1CCCCC1,0.6367510527526425
N(CCC(=O)OCCOC(=O)C(C)CSCCN(CCC)CCC)(CCC(=O)OCCOC(=O)C(C)CSCCN(CCC)CCC)CCN1CCCCC1,0.6441728734690205
N(CCC(=O)OCCOC(=O)C(C)CSCCN(CCCC)CCCC)(CCC(=O)OCCOC(=O)C(C)CSCCN(CCCC)CCCC)CCN1CCCCC1,0.7441842815192939
N(CCC(=O)OCCOC(=O)C(C)CSCCCC(=O)N5CCN(CCO)CC5)(CCC(=O)OCCOC(=O)C(C)CSCCCC(=O)N5CCN(CCO)CC5)CCN1CCCCC1,0.5738955433036184
N(CCC(=O)OCCOC(=O)C(C)CSCCC(O)=O)(CCC(=O)OCCOC(=O)C(C)CSCCC(O)=O)CCN1CCCCC1,0.7176304240300426
N(CCC(=O)OCCOC(=O)C(C)CSCCCCCC(O)=O)(CCC(=O)OCCOC(=O)C(C)CSCCCCCC(O)=O)CCN1CCCCC1,0.7472711494143647
N(CCC(=O)OCCOC(=O)C(C)CSCCCCCCCCCCC(O)=O)(CCC(=O)OCCOC(=O)C(C)CSCCCCCCCCCCC(O)=O)CCN1CCCCC1,0.7570116989707214
N(CCC(=O)OCCOC(=O)C(C)CSCCO)(CCC(=O)OCCOC(=O)C(C)CSCCO)CCN1CCCCC1,0.6268892993453818
N(CCC(=O)OCCOC(=O)C(C)CSCC(O)CO)(CCC(=O)OCCOC(=O)C(C)CSCC(O)CO)CCN1CCCCC1,0.567952160153191
N(CCC(=O)OCCOC(=O)C(C)CSCCCO)(CCC(=O)OCCOC(=O)C(C)CSCCCO)CCN1CCCCC1,0.6844086919738874
N(CCC(=O)OCCOC(=O)C(C)CSCCCCO)(CCC(=O)OCCOC(=O)C(C)CSCCCCO)CCN1CCCCC1,0.7079470617879537
N(CCC(=O)OCCOC(=O)C(C)CSCCCCCCO)(CCC(=O)OCCOC(=O)C(C)CSCCCCCCO)CCN1CCCCC1,0.7201059874463258
N(CCC(=O)OCCOC(=O)C(C)CSCCCCCCCCCCCO)(CCC(=O)OCCOC(=O)C(C)CSCCCCCCCCCCCO)CCN1CCCCC1,0.7500153685001675
N(CCC(=O)OCCOC(=O)C(C)CSCC(C)C)(CCC(=O)OCCOC(=O)C(C)CSCC(C)C)CCc1ncccc1,0.5073886565000952
N(CCC(=O)OCCOC(=O)C(C)CSCCCCCCCCCC)(CCC(=O)OCCOC(=O)C(C)CSCCCCCCCCCC)CCc1ncccc1,0.615412345771175
N(CCC(=O)OCCOC(=O)C(C)CSCCCCCCCCCCC)(CCC(=O)OCCOC(=O)C(C)CSCCCCCCCCCCC)CCc1ncccc1,0.6217970154556873
N(CCC(=O)OCCOC(=O)C(C)CSCCCCCCCCCCCC)(CCC(=O)OCCOC(=O)C(C)CSCCCCCCCCCCCC)CCc1ncccc1,0.6277338663064579
N(CCC(=O)OCCOC(=O)C(C)CSCCCCCCCCCCCCCC)(CCC(=O)OCCOC(=O)C(C)CSCCCCCCCCCCCCCC)CCc1ncccc1,0.6383531289357328
N(CCC(=O)OCCOC(=O)C(C)CSCCCCCCCCCCCCCCCC)(CCC(=O)OCCOC(=O)C(C)CSCCCCCCCCCCCCCCCC)CCc1ncccc1,0.6477727050407736
N(CCC(=O)OCCOC(=O)C(C)CSCCCCCCCCCCCCCCCCCC)(CCC(=O)OCCOC(=O)C(C)CSCCCCCCCCCCCCCCCCCC)CCc1ncccc1,0.6561593464164542
N(CCC(=O)OCCOC(=O)C(C)CSCCc5ccccc5)(CCC(=O)OCCOC(=O)C(C)CSCCc5ccccc5)CCc1ncccc1,0.30343960169085576
N(CCC(=O)OCCOC(=O)C(C)CSCCC(C)C)(CCC(=O)OCCOC(=O)C(C)CSCCC(C)C)CCc1ncccc1,0.5156679900077782
N(CCC(=O)OCCOC(=O)C(C)CSCCCC)(CCC(=O)OCCOC(=O)C(C)CSCCCC)CCc1ncccc1,0.5622986329538966
N(CCC(=O)OCCOC(=O)C(C)CSCCCCC)(CCC(=O)OCCOC(=O)C(C)CSCCCCC)CCc1ncccc1,0.573696426933172
N(CCC(=O)OCCOC(=O)C(C)CSCCCCCC)(CCC(=O)OCCOC(=O)C(C)CSCCCCCC)CCc1ncccc1,0.5807390179622043
N(CCC(=O)OCCOC(=O)C(C)CSCCCCCCC)(CCC(=O)OCCOC(=O)C(C)CSCCCCCCC)CCc1ncccc1,0.5913196806389619
N(CCC(=O)OCCOC(=O)C(C)CSCCCCCCCC)(CCC(=O)OCCOC(=O)C(C)CSCCCCCCCC)CCc1ncccc1,0.6008370037006846
N(CCC(=O)OCCOC(=O)C(C)CSCCCCCCCCC)(CCC(=O)OCCOC(=O)C(C)CSCCCCCCCCC)CCc1ncccc1,0.6085632889656097
N(CCC(=O)OCCOC(=O)C(C)CSCCN(C)C)(CCC(=O)OCCOC(=O)C(C)CSCCN(C)C)CCc1ncccc1,0.4233702480071838
N(CCC(=O)OCCOC(=O)C(C)CSCCCC(=O)N(C)CCCN(C)C)(CCC(=O)OCCOC(=O)C(C)CSCCCC(=O)N(C)CCCN(C)C)CCc1ncccc1,0.5204859766964313
N(CCC(=O)OCCOC(=O)C(C)CSCCCC(=O)N(C)CCN5(CCCCC5))(CCC(=O)OCCOC(=O)C(C)CSCCCC(=O)N(C)CCN5(CCCCC5))CCc1ncccc1,0.5301365586711517
N(CCC(=O)OCCOC(=O)C(C)CSCCNCCCC)(CCC(=O)OCCOC(=O)C(C)CSCCNCCCC)CCc1ncccc1,0.5668731430189797
N(CCC(=O)OCCOC(=O)C(C)CSCCN(CC)CC)(CCC(=O)OCCOC(=O)C(C)CSCCN(CC)CC)CCc1ncccc1,0.4378462397383492
N(CCC(=O)OCCOC(=O)C(C)CSCCN5CCCC5)(CCC(=O)OCCOC(=O)C(C)CSCCN5CCCC5)CCc1ncccc1,0.47234675852912766
N(CCC(=O)OCCOC(=O)C(C)CSCCN5CCCCC5)(CCC(=O)OCCOC(=O)C(C)CSCCN5CCCCC5)CCc1ncccc1,0.4781647215261453
N(CCC(=O)OCCOC(=O)C(C)CSCCN5CCCCCC5)(CCC(=O)OCCOC(=O)C(C)CSCCN5CCCCCC5)CCc1ncccc1,0.4798011516669759
N(CCC(=O)OCCOC(=O)C(C)CSCCN(CCC)CCC)(CCC(=O)OCCOC(=O)C(C)CSCCN(CCC)CCC)CCc1ncccc1,0.48657395872018416
N(CCC(=O)OCCOC(=O)C(C)CSCCN(CCCC)CCCC)(CCC(=O)OCCOC(=O)C(C)CSCCN(CCCC)CCCC)CCc1ncccc1,0.5906396088601514
N(CCC(=O)OCCOC(=O)C(C)CSCCCC(=O)N5CCN(CCO)CC5)(CCC(=O)OCCOC(=O)C(C)CSCCCC(=O)N5CCN(CCO)CC5)CCc1ncccc1,0.4468984630645109
N(CCC(=O)OCCOC(=O)C(C)CSCCC(O)=O)(CCC(=O)OCCOC(=O)C(C)CSCCC(O)=O)CCc1ncccc1,0.5267172561080945
N(CCC(=O)OCCOC(=O)C(C)CSCCCCCC(O)=O)(CCC(=O)OCCOC(=O)C(C)CSCCCCCC(O)=O)CCc1ncccc1,0.5761944970909998
N(CCC(=O)OCCOC(=O)C(C)CSCCCCCCCCCCC(O)=O)(CCC(=O)OCCOC(=O)C(C)CSCCCCCCCCCCC(O)=O)CCc1ncccc1,0.6135372194624323
N(CCC(=O)OCCOC(=O)C(C)CSCCO)(CCC(=O)OCCOC(=O)C(C)CSCCO)CCc1ncccc1,0.43221884173768177
N(CCC(=O)OCCOC(=O)C(C)CSCC(O)CO)(CCC(=O)OCCOC(=O)C(C)CSCC(O)CO)CCc1ncccc1,0.39845424588777917
N(CCC(=O)OCCOC(=O)C(C)CSCCCO)(CCC(=O)OCCOC(=O)C(C)CSCCCO)CCc1ncccc1,0.4883443603885206
N(CCC(=O)OCCOC(=O)C(C)CSCCCCO)(CCC(=O)OCCOC(=O)C(C)CSCCCCO)CCc1ncccc1,0.518092482717654
N(CCC(=O)OCCOC(=O)C(C)CSCCCCCCO)(CCC(=O)OCCOC(=O)C(C)CSCCCCCCO)CCc1ncccc1,0.5442594499135984
N(CCC(=O)OCCOC(=O)C(C)CSCCCCCCCCCCCO)(CCC(=O)OCCOC(=O)C(C)CSCCCCCCCCCCCO)CCc1ncccc1,0.6021356842569898
N(CCC(=O)OCCOC(=O)C(C)CSCC(C)C)(CCC(=O)OCCOC(=O)C(C)CSCC(C)C)CCN1CCCC1,0.7074975208024843
N(CCC(=O)OCCOC(=O)C(C)CSCCCCCCCCCC)(CCC(=O)OCCOC(=O)C(C)CSCCCCCCCCCC)CCN1CCCC1,0.7796413665179907
N(CCC(=O)OCCOC(=O)C(C)CSCCCCCCCCCCC)(CCC(=O)OCCOC(=O)C(C)CSCCCCCCCCCCC)CCN1CCCC1,0.7808380244305658
N(CCC(=O)OCCOC(=O)C(C)CSCCCCCCCCCCCC)(CCC(=O)OCCOC(=O)C(C)CSCCCCCCCCCCCC)CCN1CCCC1,0.7821956738374088
N(CCC(=O)OCCOC(=O)C(C)CSCCCCCCCCCCCCCC)(CCC(=O)OCCOC(=O)C(C)CSCCCCCCCCCCCCCC)CCN1CCCC1,0.7850501106337838
N(CCC(=O)OCCOC(=O)C(C)CSCCCCCCCCCCCCCCCC)(CCC(=O)OCCOC(=O)C(C)CSCCCCCCCCCCCCCCCC)CCN1CCCC1,0.7876538258924239
N(CCC(=O)OCCOC(=O)C(C)CSCCCCCCCCCCCCCCCCCC)(CCC(=O)OCCOC(=O)C(C)CSCCCCCCCCCCCCCCCCCC)CCN1CCCC1,0.7899860944080549
N(CCC(=O)OCCOC(=O)C(C)CSCCc5ccccc5)(CCC(=O)OCCOC(=O)C(C)CSCCc5ccccc5)CCN1CCCC1,0.43127192551789284
N(CCC(=O)OCCOC(=O)C(C)CSCCC(C)C)(CCC(=O)OCCOC(=O)C(C)CSCCC(C)C)CCN1CCCC1,0.707449122400482
N(CCC(=O)OCCOC(=O)C(C)CSCCCC)(CCC(=O)OCCOC(=O)C(C)CSCCCC)CCN1CCCC1,0.7685271337283608
N(CCC(=O)OCCOC(=O)C(C)CSCCCCC)(CCC(=O)OCCOC(=O)C(C)CSCCCCC)CCN1CCCC1,0.7716175053114291
N(CCC(=O)OCCOC(=O)C(C)CSCCCCCC)(CCC(=O)OCCOC(=O)C(C)CSCCCCCC)CCN1CCCC1,0.7706300591414972
N(CCC(=O)OCCOC(=O)C(C)CSCCCCCCC)(CCC(=O)OCCOC(=O)C(C)CSCCCCCCC)CCN1CCCC1,0.7741065490188221
N(CCC(=O)OCCOC(=O)C(C)CSCCCCCCCC)(CCC(=O)OCCOC(=O)C(C)CSCCCCCCCC)CCN1CCCC1,0.7771497692752773
N(CCC(=O)OCCOC(=O)C(C)CSCCCCCCCCC)(CCC(=O)OCCOC(=O)C(C)CSCCCCCCCCC)CCN1CCCC1,0.7784129972598091
N(CCC(=O)OCCOC(=O)C(C)CSCCN(C)C)(CCC(=O)OCCOC(=O)C(C)CSCCN(C)C)CCN1CCCC1,0.5946615457588155
N(CCC(=O)OCCOC(=O)C(C)CSCCCC(=O)N(C)CCCN(C)C)(CCC(=O)OCCOC(=O)C(C)CSCCCC(=O)N(C)CCCN(C)C)CCN1CCCC1,0.6617481444646045
N(CCC(=O)OCCOC(=O)C(C)CSCCCC(=O)N(C)CCN5(CCCCC5))(CCC(=O)OCCOC(=O)C(C)CSCCCC(=O)N(C)CCN5(CCCCC5))CCN1CCCC1,0.6626760279385754
N(CCC(=O)OCCOC(=O)C(C)CSCCNCCCC)(CCC(=O)OCCOC(=O)C(C)CSCCNCCCC)CCN1CCCC1,0.7467359165343072
N(CCC(=O)OCCOC(=O)C(C)CSCCN(CC)CC)(CCC(=O)OCCOC(=O)C(C)CSCCN(CC)CC)CCN1CCCC1,0.5974342100403963
N(CCC(=O)OCCOC(=O)C(C)CSCCN5CCCC5)(CCC(=O)OCCOC(=O)C(C)CSCCN5CCCC5)CCN1CCCC1,0.6414731927899684
N(CCC(=O)OCCOC(=O)C(C)CSCCN5CCCCC5)(CCC(=O)OCCOC(=O)C(C)CSCCN5CCCCC5)CCN1CCCC1,0.6416051452430348
N(CCC(=O)OCCOC(=O)C(C)CSCCN5CCCCCC5)(CCC(=O)OCCOC(=O)C(C)CSCCN5CCCCCC5)CCN1CCCC1,0.6371544519487183
N(CCC(=O)OCCOC(=O)C(C)CSCCN(CCC)CCC)(CCC(=O)OCCOC(=O)C(C)CSCCN(CCC)CCC)CCN1CCCC1,0.6447479533769843
N(CCC(=O)OCCOC(=O)C(C)CSCCN(CCCC)CCCC)(CCC(=O)OCCOC(=O)C(C)CSCCN(CCCC)CCCC)CCN1CCCC1,0.7464450510459545
N(CCC(=O)OCCOC(=O)C(C)CSCCCC(=O)N5CCN(CCO)CC5)(CCC(=O)OCCOC(=O)C(C)CSCCCC(=O)N5CCN(CCO)CC5)CCN1CCCC1,0.5732591191634234
N(CCC(=O)OCCOC(=O)C(C)CSCCC(O)=O)(CCC(=O)OCCOC(=O)C(C)CSCCC(O)=O)CCN1CCCC1,0.7198958255510053
N(CCC(=O)OCCOC(=O)C(C)CSCCCCCC(O)=O)(CCC(=O)OCCOC(=O)C(C)CSCCCCCC(O)=O)CCN1CCCC1,0.7498726080603962
N(CCC(=O)OCCOC(=O)C(C)CSCCCCCCCCCCC(O)=O)(CCC(=O)OCCOC(=O)C(C)CSCCCCCCCCCCC(O)=O)CCN1CCCC1,0.7596033591672677
N(CCC(=O)OCCOC(=O)C(C)CSCCO)(CCC(=O)OCCOC(=O)C(C)CSCCO)CCN1CCCC1,0.6272061752632768
N(CCC(=O)OCCOC(=O)C(C)CSCC(O)CO)(CCC(=O)OCCOC(=O)C(C)CSCC(O)CO)CCN1CCCC1,0.5669368626329043
N(CCC(=O)OCCOC(=O)C(C)CSCCCO)(CCC(=O)OCCOC(=O)C(C)CSCCCO)CCN1CCCC1,0.6860393915063828
N(CCC(=O)OCCOC(=O)C(C)CSCCCCO)(CCC(=O)OCCOC(=O)C(C)CSCCCCO)CCN1CCCC1,0.7100284306122229
N(CCC(=O)OCCOC(=O)C(C)CSCCCCCCO)(CCC(=O)OCCOC(=O)C(C)CSCCCCCCO)CCN1CCCC1,0.7222680004790847
N(CCC(=O)OCCOC(=O)C(C)CSCCCCCCCCCCCO)(CCC(=O)OCCOC(=O)C(C)CSCCCCCCCCCCCO)CCN1CCCC1,0.7522858177072285
N(CCC(=O)OCCOC(=O)C(C)CSCC(C)C)(CCC(=O)OCCOC(=O)C(C)CSCC(C)C)CCC1N(C)CCC1,0.6586391261352431
N(CCC(=O)OCCOC(=O)C(C)CSCCCCCCCCCC)(CCC(=O)OCCOC(=O)C(C)CSCCCCCCCCCC)CCC1N(C)CCC1,0.7369960202079161
N(CCC(=O)OCCOC(=O)C(C)CSCCCCCCCCCCC)(CCC(=O)OCCOC(=O)C(C)CSCCCCCCCCCCC)CCC1N(C)CCC1,0.739083208717334
N(CCC(=O)OCCOC(=O)C(C)CSCCCCCCCCCCCC)(CCC(=O)OCCOC(=O)C(C)CSCCCCCCCCCCCC)CCC1N(C)CCC1,0.741033397087587
N(CCC(=O)OCCOC(=O)C(C)CSCCCCCCCCCCCCCC)(CCC(=O)OCCOC(=O)C(C)CSCCCCCCCCCCCCCC)CCC1N(C)CCC1,0.7446608424715254
N(CCC(=O)OCCOC(=O)C(C)CSCCCCCCCCCCCCCCCC)(CCC(=O)OCCOC(=O)C(C)CSCCCCCCCCCCCCCCCC)CCC1N(C)CCC1,0.7479821011551889
N(CCC(=O)OCCOC(=O)C(C)CSCCCCCCCCCCCCCCCCCC)(CCC(=O)OCCOC(=O)C(C)CSCCCCCCCCCCCCCCCCCC)CCC1N(C)CCC1,0.751367613913658
N(CCC(=O)OCCOC(=O)C(C)CSCCc5ccccc5)(CCC(=O)OCCOC(=O)C(C)CSCCc5ccccc5)CCC1N(C)CCC1,0.40387076937861804
N(CCC(=O)OCCOC(=O)C(C)CSCCC(C)C)(CCC(=O)OCCOC(=O)C(C)CSCCC(C)C)CCC1N(C)CCC1,0.6605736369863199
N(CCC(=O)OCCOC(=O)C(C)CSCCCC)(CCC(=O)OCCOC(=O)C(C)CSCCCC)CCC1N(C)CCC1,0.7166037246776278
N(CCC(=O)OCCOC(=O)C(C)CSCCCCC)(CCC(=O)OCCOC(=O)C(C)CSCCCCC)CCC1N(C)CCC1,0.7215374518392901
N(CCC(=O)OCCOC(=O)C(C)CSCCCCCC)(CCC(=O)OCCOC(=O)C(C)CSCCCCCC)CCC1N(C)CCC1,0.7226097585202176
N(CCC(=O)OCCOC(=O)C(C)CSCCCCCCC)(CCC(=O)OCCOC(=O)C(C)CSCCCCCCC)CCC1N(C)CCC1,0.7276436674047977
N(CCC(=O)OCCOC(=O)C(C)CSCCCCCCCC)(CCC(=O)OCCOC(=O)C(C)CSCCCCCCCC)CCC1N(C)CCC1,0.7320403207655901
N(CCC(=O)OCCOC(=O)C(C)CSCCCCCCCCC)(CCC(=O)OCCOC(=O)C(C)CSCCCCCCCCC)CCC1N(C)CCC1,0.7347584106527658
N(CCC(=O)OCCOC(=O)C(C)CSCCN(C)C)(CCC(=O)OCCOC(=O)C(C)CSCCN(C)C)CCC1N(C)CCC1,0.5532453407059729
N(CCC(=O)OCCOC(=O)C(C)CSCCCC(=O)N(C)CCCN(C)C)(CCC(=O)OCCOC(=O)C(C)CSCCCC(=O)N(C)CCCN(C)C)CCC1N(C)CCC1,0.627957270954719
N(CCC(=O)OCCOC(=O)C(C)CSCCCC(=O)N(C)CCN5(CCCCC5))(CCC(=O)OCCOC(=O)C(C)CSCCCC(=O)N(C)CCN5(CCCCC5))CCC1N(C)CCC1,0.6316364996595727
N(CCC(=O)OCCOC(=O)C(C)CSCCNCCCC)(CCC(=O)OCCOC(=O)C(C)CSCCNCCCC)CCC1N(C)CCC1,0.7022620607812222
N(CCC(=O)OCCOC(=O)C(C)CSCCN(CC)CC)(CCC(=O)OCCOC(=O)C(C)CSCCN(CC)CC)CCC1N(C)CCC1,0.5575530360223487
N(CCC(=O)OCCOC(=O)C(C)CSCCN5CCCC5)(CCC(=O)OCCOC(=O)C(C)CSCCN5CCCC5)CCC1N(C)CCC1,0.6005266006979041
N(CCC(=O)OCCOC(=O)C(C)CSCCN5CCCCC5)(CCC(=O)OCCOC(=O)C(C)CSCCN5CCCCC5)CCC1N(C)CCC1,0.602270605937173
N(CCC(=O)OCCOC(=O)C(C)CSCCN5CCCCCC5)(CCC(=O)OCCOC(=O)C(C)CSCCN5CCCCCC5)CCC1N(C)CCC1,0.5991752460525485
N(CCC(=O)OCCOC(=O)C(C)CSCCN(CCC)CCC)(CCC(=O)OCCOC(=O)C(C)CSCCN(CCC)CCC)CCC1N(C)CCC1,0.6069359743520274
N(CCC(=O)OCCOC(=O)C(C)CSCCN(CCCC)CCCC)(CCC(=O)OCCOC(=O)C(C)CSCCN(CCCC)CCCC)CCC1N(C)CCC1,0.7080634554909286
N(CCC(=O)OCCOC(=O)C(C)CSCCCC(=O)N5CCN(CCO)CC5)(CCC(=O)OCCOC(=O)C(C)CSCCCC(=O)N5CCN(CCO)CC5)CCC1N(C)CCC1,0.5435508141699251
N(CCC(=O)OCCOC(=O)C(C)CSCCC(O)=O)(CCC(=O)OCCOC(=O)C(C)CSCCC(O)=O)CCC1N(C)CCC1,0.6732342432583307
N(CCC(=O)OCCOC(=O)C(C)CSCCCCCC(O)=O)(CCC(=O)OCCOC(=O)C(C)CSCCCCCC(O)=O)CCC1N(C)CCC1,0.7069925146544748
N(CCC(=O)OCCOC(=O)C(C)CSCCCCCCCCCCC(O)=O)(CCC(=O)OCCOC(=O)C(C)CSCCCCCCCCCCC(O)=O)CCC1N(C)CCC1,0.7231186246634789
N(CCC(=O)OCCOC(=O)C(C)CSCCO)(CCC(=O)OCCOC(=O)C(C)CSCCO)CCC1N(C)CCC1,0.5788679891868826
N(CCC(=O)OCCOC(=O)C(C)CSCC(O)CO)(CCC(=O)OCCOC(=O)C(C)CSCC(O)CO)CCC1N(C)CCC1,0.5257170422615607
N(CCC(=O)OCCOC(=O)C(C)CSCCCO)(CCC(=O)OCCOC(=O)C(C)CSCCCO)CCC1N(C)CCC1,0.6389417485193488
N(CCC(=O)OCCOC(=O)C(C)CSCCCCO)(CCC(=O)OCCOC(=O)C(C)CSCCCCO)CCC1N(C)CCC1,0.6636052178724776
N(CCC(=O)OCCOC(=O)C(C)CSCCCCCCO)(CCC(=O)OCCOC(=O)C(C)CSCCCCCCO)CCC1N(C)CCC1,0.6785720228460346
N(CCC(=O)OCCOC(=O)C(C)CSCCCCCCCCCCCO)(CCC(=O)OCCOC(=O)C(C)CSCCCCCCCCCCCO)CCC1N(C)CCC1,0.7150545601217572
N(CCC(=O)OCCOC(=O)C(C)CSCC(C)C)(CCC(=O)OCCOC(=O)C(C)CSCC(C)C)CCN1CCOCC1,0.17187610253055813
N(CCC(=O)OCCOC(=O)C(C)CSCCCCCCCCCC)(CCC(=O)OCCOC(=O)C(C)CSCCCCCCCCCC)CCN1CCOCC1,0.3051423643654736
N(CCC(=O)OCCOC(=O)C(C)CSCCCCCCCCCCC)(CCC(=O)OCCOC(=O)C(C)CSCCCCCCCCCCC)CCN1CCOCC1,0.31960374749922477
N(CCC(=O)OCCOC(=O)C(C)CSCCCCCCCCCCCC)(CCC(=O)OCCOC(=O)C(C)CSCCCCCCCCCCCC)CCN1CCOCC1,0.3332983871146288
N(CCC(=O)OCCOC(=O)C(C)CSCCCCCCCCCCCCCC)(CCC(=O)OCCOC(=O)C(C)CSCCCCCCCCCCCCCC)CCN1CCOCC1,0.35888846317406825
N(CCC(=O)OCCOC(=O)C(C)CSCCCCCCCCCCCCCCCC)(CCC(=O)OCCOC(=O)C(C)CSCCCCCCCCCCCCCCCC)CCN1CCOCC1,0.3820363202377452
N(CCC(=O)OCCOC(=O)C(C)CSCCCCCCCCCCCCCCCCCC)(CCC(=O)OCCOC(=O)C(C)CSCCCCCCCCCCCCCCCCCC)CCN1CCOCC1,0.40244420421039623
N(CCC(=O)OCCOC(=O)C(C)CSCCc5ccccc5)(CCC(=O)OCCOC(=O)C(C)CSCCc5ccccc5)CCN1CCOCC1,0.10088390124453768
N(CCC(=O)OCCOC(=O)C(C)CSCCC(C)C)(CCC(=O)OCCOC(=O)C(C)CSCCC(C)C)CCN1CCOCC1,0.18595418813581363
N(CCC(=O)OCCOC(=O)C(C)CSCCCC)(CCC(=O)OCCOC(=O)C(C)CSCCCC)CCN1CCOCC1,0.20553407343469984
N(CCC(=O)OCCOC(=O)C(C)CSCCCCC)(CCC(=O)OCCOC(=O)C(C)CSCCCCC)CCN1CCOCC1,0.22328185652576446
N(CCC(=O)OCCOC(=O)C(C)CSCCCCCC)(CCC(=O)OCCOC(=O)C(C)CSCCCCCC)CCN1CCOCC1,0.23904512698110691
N(CCC(=O)OCCOC(=O)C(C)CSCCCCCCC)(CCC(=O)OCCOC(=O)C(C)CSCCCCCCC)CCN1CCOCC1,0.25690465693470876
N(CCC(=O)OCCOC(=O)C(C)CSCCCCCCCC)(CCC(=O)OCCOC(=O)C(C)CSCCCCCCCC)CCN1CCOCC1,0.27477901817775857
N(CCC(=O)OCCOC(=O)C(C)CSCCCCCCCCC)(CCC(=O)OCCOC(=O)C(C)CSCCCCCCCCC)CCN1CCOCC1,0.2903331956595426
N(CCC(=O)OCCOC(=O)C(C)CSCCN(C)C)(CCC(=O)OCCOC(=O)C(C)CSCCN(C)C)CCN1CCOCC1,0.13484063578116243
N(CCC(=O)OCCOC(=O)C(C)CSCCCC(=O)N(C)CCCN(C)C)(CCC(=O)OCCOC(=O)C(C)CSCCCC(=O)N(C)CCCN(C)C)CCN1CCOCC1,0.25707167596002356
N(CCC(=O)OCCOC(=O)C(C)CSCCCC(=O)N(C)CCN5(CCCCC5))(CCC(=O)OCCOC(=O)C(C)CSCCCC(=O)N(C)CCN5(CCCCC5))CCN1CCOCC1,0.27792921968722867
N(CCC(=O)OCCOC(=O)C(C)CSCCNCCCC)(CCC(=O)OCCOC(=O)C(C)CSCCNCCCC)CCN1CCOCC1,0.24011571151030672
N(CCC(=O)OCCOC(=O)C(C)CSCCN(CC)CC)(CCC(=O)OCCOC(=O)C(C)CSCCN(CC)CC)CCN1CCOCC1,0.1536794316839898
N(CCC(=O)OCCOC(=O)C(C)CSCCN5CCCC5)(CCC(=O)OCCOC(=O)C(C)CSCCN5CCCC5)CCN1CCOCC1,0.17912743022589483
N(CCC(=O)OCCOC(=O)C(C)CSCCN5CCCCC5)(CCC(=O)OCCOC(=O)C(C)CSCCN5CCCCC5)CCN1CCOCC1,0.19063752037472412
N(CCC(=O)OCCOC(=O)C(C)CSCCN5CCCCCC5)(CCC(=O)OCCOC(=O)C(C)CSCCN5CCCCCC5)CCN1CCOCC1,0.19921395474770473
N(CCC(=O)OCCOC(=O)C(C)CSCCN(CCC)CCC)(CCC(=O)OCCOC(=O)C(C)CSCCN(CCC)CCC)CCN1CCOCC1,0.2033151106258425
N(CCC(=O)OCCOC(=O)C(C)CSCCN(CCCC)CCCC)(CCC(=O)OCCOC(=O)C(C)CSCCN(CCCC)CCCC)CCN1CCOCC1,0.29452051850860717
N(CCC(=O)OCCOC(=O)C(C)CSCCCC(=O)N5CCN(CCO)CC5)(CCC(=O)OCCOC(=O)C(C)CSCCCC(=O)N5CCN(CCO)CC5)CCN1CCOCC1,0.21018254694726018
N(CCC(=O)OCCOC(=O)C(C)CSCCC(O)=O)(CCC(=O)OCCOC(=O)C(C)CSCCC(O)=O)CCN1CCOCC1,0.18985910779380827
N(CCC(=O)OCCOC(=O)C(C)CSCCCCCC(O)=O)(CCC(=O)OCCOC(=O)C(C)CSCCCCCC(O)=O)CCN1CCOCC1,0.25328065585422577
N(CCC(=O)OCCOC(=O)C(C)CSCCCCCCCCCCC(O)=O)(CCC(=O)OCCOC(=O)C(C)CSCCCCCCCCCCC(O)=O)CCN1CCOCC1,0.32743247109967627
N(CCC(=O)OCCOC(=O)C(C)CSCCO)(CCC(=O)OCCOC(=O)C(C)CSCCO)CCN1CCOCC1,0.13252018478945607
N(CCC(=O)OCCOC(=O)C(C)CSCC(O)CO)(CCC(=O)OCCOC(=O)C(C)CSCC(O)CO)CCN1CCOCC1,0.13111336498156037
N(CCC(=O)OCCOC(=O)C(C)CSCCCO)(CCC(=O)OCCOC(=O)C(C)CSCCCO)CCN1CCOCC1,0.16690995140878132
N(CCC(=O)OCCOC(=O)C(C)CSCCCCO)(CCC(=O)OCCOC(=O)C(C)CSCCCCO)CCN1CCOCC1,0.19048184379699518
N(CCC(=O)OCCOC(=O)C(C)CSCCCCCCO)(CCC(=O)OCCOC(=O)C(C)CSCCCCCCO)CCN1CCOCC1,0.22643666033726545
N(CCC(=O)OCCOC(=O)C(C)CSCCCCCCCCCCCO)(CCC(=O)OCCOC(=O)C(C)CSCCCCCCCCCCCO)CCN1CCOCC1,0.3116217227027377
N(CCC(=O)OCCOC(=O)C(C)CSCC(C)C)(CCC(=O)OCCOC(=O)C(C)CSCC(C)C)CCCN1C=NC=C1,0.3876635103925144
N(CCC(=O)OCCOC(=O)C(C)CSCCCCCCCCCC)(CCC(=O)OCCOC(=O)C(C)CSCCCCCCCCCC)CCCN1C=NC=C1,0.5035337089344748
N(CCC(=O)OCCOC(=O)C(C)CSCCCCCCCCCCC)(CCC(=O)OCCOC(=O)C(C)CSCCCCCCCCCCC)CCCN1C=NC=C1,0.5119277733779473
N(CCC(=O)OCCOC(=O)C(C)CSCCCCCCCCCCCC)(CCC(=O)OCCOC(=O)C(C)CSCCCCCCCCCCCC)CCCN1C=NC=C1,0.5206109811580447
N(CCC(=O)OCCOC(=O)C(C)CSCCCCCCCCCCCCCC)(CCC(=O)OCCOC(=O)C(C)CSCCCCCCCCCCCCCC)CCCN1C=NC=C1,0.5375254209665343
N(CCC(=O)OCCOC(=O)C(C)CSCCCCCCCCCCCCCCCC)(CCC(=O)OCCOC(=O)C(C)CSCCCCCCCCCCCCCCCC)CCCN1C=NC=C1,0.55251865206143
N(CCC(=O)OCCOC(=O)C(C)CSCCCCCCCCCCCCCCCCCC)(CCC(=O)OCCOC(=O)C(C)CSCCCCCCCCCCCCCCCCCC)CCCN1C=NC=C1,0.56585624211605
N(CCC(=O)OCCOC(=O)C(C)CSCCc5ccccc5)(CCC(=O)OCCOC(=O)C(C)CSCCc5ccccc5)CCCN1C=NC=C1,0.2085888142923678
N(CCC(=O)OCCOC(=O)C(C)CSCCC(C)C)(CCC(=O)OCCOC(=O)C(C)CSCCC(C)C)CCCN1C=NC=C1,0.3995896486449367
N(CCC(=O)OCCOC(=O)C(C)CSCCCC)(CCC(=O)OCCOC(=O)C(C)CSCCCC)CCCN1C=NC=C1,0.4341237790866762
N(CCC(=O)OCCOC(=O)C(C)CSCCCCC)(CCC(=O)OCCOC(=O)C(C)CSCCCCC)CCCN1C=NC=C1,0.448949427003105
N(CCC(=O)OCCOC(=O)C(C)CSCCCCCC)(CCC(=O)OCCOC(=O)C(C)CSCCCCCC)CCCN1C=NC=C1,0.4598229445503835
N(CCC(=O)OCCOC(=O)C(C)CSCCCCCCC)(CCC(=O)OCCOC(=O)C(C)CSCCCCCCC)CCCN1C=NC=C1,0.4730381430632528
N(CCC(=O)OCCOC(=O)C(C)CSCCCCCCCC)(CCC(=O)OCCOC(=O)C(C)CSCCCCCCCC)CCCN1C=NC=C1,0.4848952764774828
N(CCC(=O)OCCOC(=O)C(C)CSCCCCCCCCC)(CCC(=O)OCCOC(=O)C(C)CSCCCCCCCCC)CCCN1C=NC=C1,0.49474613282122515
N(CCC(=O)OCCOC(=O)C(C)CSCCN(C)C)(CCC(=O)OCCOC(=O)C(C)CSCCN(C)C)CCCN1C=NC=C1,0.3134275769428476
N(CCC(=O)OCCOC(=O)C(C)CSCCCC(=O)N(C)CCCN(C)C)(CCC(=O)OCCOC(=O)C(C)CSCCCC(=O)N(C)CCCN(C)C)CCCN1C=NC=C1,0.43319072915752227
N(CCC(=O)OCCOC(=O)C(C)CSCCCC(=O)N(C)CCN5(CCCCC5))(CCC(=O)OCCOC(=O)C(C)CSCCCC(=O)N(C)CCN5(CCCCC5))CCCN1C=NC=C1,0.4434593260643141
N(CCC(=O)OCCOC(=O)C(C)CSCCNCCCC)(CCC(=O)OCCOC(=O)C(C)CSCCNCCCC)CCCN1C=NC=C1,0.4527052320752986
N(CCC(=O)OCCOC(=O)C(C)CSCCN(CC)CC)(CCC(=O)OCCOC(=O)C(C)CSCCN(CC)CC)CCCN1C=NC=C1,0.33749132180294394
N(CCC(=O)OCCOC(=O)C(C)CSCCN5CCCC5)(CCC(=O)OCCOC(=O)C(C)CSCCN5CCCC5)CCCN1C=NC=C1,0.36971542324015677
N(CCC(=O)OCCOC(=O)C(C)CSCCN5CCCCC5)(CCC(=O)OCCOC(=O)C(C)CSCCN5CCCCC5)CCCN1C=NC=C1,0.37800758380898386
N(CCC(=O)OCCOC(=O)C(C)CSCCN5CCCCCC5)(CCC(=O)OCCOC(=O)C(C)CSCCN5CCCCCC5)CCCN1C=NC=C1,0.3824401351256173
N(CCC(=O)OCCOC(=O)C(C)CSCCN(CCC)CCC)(CCC(=O)OCCOC(=O)C(C)CSCCN(CCC)CCC)CCCN1C=NC=C1,0.3917119327970595
N(CCC(=O)OCCOC(=O)C(C)CSCCN(CCCC)CCCC)(CCC(=O)OCCOC(=O)C(C)CSCCN(CCCC)CCCC)CCCN1C=NC=C1,0.4867215590001557
N(CCC(=O)OCCOC(=O)C(C)CSCCCC(=O)N5CCN(CCO)CC5)(CCC(=O)OCCOC(=O)C(C)CSCCCC(=O)N5CCN(CCO)CC5)CCCN1C=NC=C1,0.3684260363647268
N(CCC(=O)OCCOC(=O)C(C)CSCCC(O)=O)(CCC(=O)OCCOC(=O)C(C)CSCCC(O)=O)CCCN1C=NC=C1,0.4042917463992247
N(CCC(=O)OCCOC(=O)C(C)CSCCCCCC(O)=O)(CCC(=O)OCCOC(=O)C(C)CSCCCCCC(O)=O)CCCN1C=NC=C1,0.46140773983165456
N(CCC(=O)OCCOC(=O)C(C)CSCCCCCCCCCCC(O)=O)(CCC(=O)OCCOC(=O)C(C)CSCCCCCCCCCCC(O)=O)CCCN1C=NC=C1,0.508949579195348
N(CCC(=O)OCCOC(=O)C(C)CSCCO)(CCC(=O)OCCOC(=O)C(C)CSCCO)CCCN1C=NC=C1,0.3123033087873777
N(CCC(=O)OCCOC(=O)C(C)CSCC(O)CO)(CCC(=O)OCCOC(=O)C(C)CSCC(O)CO)CCCN1C=NC=C1,0.2872104298086308
N(CCC(=O)OCCOC(=O)C(C)CSCCCO)(CCC(=O)OCCOC(=O)C(C)CSCCCO)CCCN1C=NC=C1,0.3716155801334933
N(CCC(=O)OCCOC(=O)C(C)CSCCCCO)(CCC(=O)OCCOC(=O)C(C)CSCCCCO)CCCN1C=NC=C1,0.4014307476109219
N(CCC(=O)OCCOC(=O)C(C)CSCCCCCCO)(CCC(=O)OCCOC(=O)C(C)CSCCCCCCO)CCCN1C=NC=C1,0.4327946639524248
N(CCC(=O)OCCOC(=O)C(C)CSCCCCCCCCCCCO)(CCC(=O)OCCOC(=O)C(C)CSCCCCCCCCCCCO)CCCN1C=NC=C1,0.4978315161027375
N(CCC(=O)OCCOC(=O)C(C)CSCC(C)C)(CCC(=O)OCCOC(=O)C(C)CSCC(C)C)CCN(C)C,0.6855264872142429
N(CCC(=O)OCCOC(=O)C(C)CSCCCCCCCCCC)(CCC(=O)OCCOC(=O)C(C)CSCCCCCCCCCC)CCN(C)C,0.7631755175422931
N(CCC(=O)OCCOC(=O)C(C)CSCCCCCCCCCCC)(CCC(=O)OCCOC(=O)C(C)CSCCCCCCCCCCC)CCN(C)C,0.7647253353281294
N(CCC(=O)OCCOC(=O)C(C)CSCCCCCCCCCCCC)(CCC(=O)OCCOC(=O)C(C)CSCCCCCCCCCCCC)CCN(C)C,0.7661682015532219
N(CCC(=O)OCCOC(=O)C(C)CSCCCCCCCCCCCCCC)(CCC(=O)OCCOC(=O)C(C)CSCCCCCCCCCCCCCC)CCN(C)C,0.7687747672698941
N(CCC(=O)OCCOC(=O)C(C)CSCCCCCCCCCCCCCCCC)(CCC(=O)OCCOC(=O)C(C)CSCCCCCCCCCCCCCCCC)CCN(C)C,0.771732830092642
N(CCC(=O)OCCOC(=O)C(C)CSCCCCCCCCCCCCCCCCCC)(CCC(=O)OCCOC(=O)C(C)CSCCCCCCCCCCCCCCCCCC)CCN(C)C,0.774457155356763
N(CCC(=O)OCCOC(=O)C(C)CSCCc5ccccc5)(CCC(=O)OCCOC(=O)C(C)CSCCc5ccccc5)CCN(C)C,0.407975696175194
N(CCC(=O)OCCOC(=O)C(C)CSCCC(C)C)(CCC(=O)OCCOC(=O)C(C)CSCCC(C)C)CCN(C)C,0.6863894633834426
N(CCC(=O)OCCOC(=O)C(C)CSCCCC)(CCC(=O)OCCOC(=O)C(C)CSCCCC)CCN(C)C,0.7482379891481068
N(CCC(=O)OCCOC(=O)C(C)CSCCCCC)(CCC(=O)OCCOC(=O)C(C)CSCCCCC)CCN(C)C,0.7520451915416906
N(CCC(=O)OCCOC(=O)C(C)CSCCCCCC)(CCC(=O)OCCOC(=O)C(C)CSCCCCCC)CCN(C)C,0.7516985045835439
N(CCC(=O)OCCOC(=O)C(C)CSCCCCCCC)(CCC(=O)OCCOC(=O)C(C)CSCCCCCCC)CCN(C)C,0.7557229950175283
N(CCC(=O)OCCOC(=O)C(C)CSCCCCCCCC)(CCC(=O)OCCOC(=O)C(C)CSCCCCCCCC)CCN(C)C,0.7594667153353569
N(CCC(=O)OCCOC(=O)C(C)CSCCCCCCCCC)(CCC(=O)OCCOC(=O)C(C)CSCCCCCCCCC)CCN(C)C,0.7615197577329327
N(CCC(=O)OCCOC(=O)C(C)CSCCN(C)C)(CCC(=O)OCCOC(=O)C(C)CSCCN(C)C)CCN(C)C,0.5696822694095538
N(CCC(=O)OCCOC(=O)C(C)CSCCCC(=O)N(C)CCCN(C)C)(CCC(=O)OCCOC(=O)C(C)CSCCCC(=O)N(C)CCCN(C)C)CCN(C)C,0.6448579335493871
N(CCC(=O)OCCOC(=O)C(C)CSCCCC(=O)N(C)CCN5(CCCCC5))(CCC(=O)OCCOC(=O)C(C)CSCCCC(=O)N(C)CCN5(CCCCC5))CCN(C)C,0.6470208967348233
N(CCC(=O)OCCOC(=O)C(C)CSCCNCCCC)(CCC(=O)OCCOC(=O)C(C)CSCCNCCCC)CCN(C)C,0.7289842140634485
N(CCC(=O)OCCOC(=O)C(C)CSCCN(CC)CC)(CCC(=O)OCCOC(=O)C(C)CSCCN(CC)CC)CCN(C)C,0.573106738427794
N(CCC(=O)OCCOC(=O)C(C)CSCCN5CCCC5)(CCC(=O)OCCOC(=O)C(C)CSCCN5CCCC5)CCN(C)C,0.6196499673275966
N(CCC(=O)OCCOC(=O)C(C)CSCCN5CCCCC5)(CCC(=O)OCCOC(=O)C(C)CSCCN5CCCCC5)CCN(C)C,0.6207479875153548
N(CCC(=O)OCCOC(=O)C(C)CSCCN5CCCCCC5)(CCC(=O)OCCOC(=O)C(C)CSCCN5CCCCCC5)CCN(C)C,0.616793630225867
N(CCC(=O)OCCOC(=O)C(C)CSCCN(CCC)CCC)(CCC(=O)OCCOC(=O)C(C)CSCCN(CCC)CCC)CCN(C)C,0.6248161849724971
N(CCC(=O)OCCOC(=O)C(C)CSCCN(CCCC)CCCC)(CCC(=O)OCCOC(=O)C(C)CSCCN(CCCC)CCCC)CCN(C)C,0.7311842332033012
N(CCC(=O)OCCOC(=O)C(C)CSCCCC(=O)N5CCN(CCO)CC5)(CCC(=O)OCCOC(=O)C(C)CSCCCC(=O)N5CCN(CCO)CC5)CCN(C)C,0.5547718797512142
N(CCC(=O)OCCOC(=O)C(C)CSCCC(O)=O)(CCC(=O)OCCOC(=O)C(C)CSCCC(O)=O)CCN(C)C,0.6998053816494013
N(CCC(=O)OCCOC(=O)C(C)CSCCCCCC(O)=O)(CCC(=O)OCCOC(=O)C(C)CSCCCCCC(O)=O)CCN(C)C,0.7329886919066663
N(CCC(=O)OCCOC(=O)C(C)CSCCCCCCCCCCC(O)=O)(CCC(=O)OCCOC(=O)C(C)CSCCCCCCCCCCC(O)=O)CCN(C)C,0.745341626864844
N(CCC(=O)OCCOC(=O)C(C)CSCCO)(CCC(=O)OCCOC(=O)C(C)CSCCO)CCN(C)C,0.6001253987298947
N(CCC(=O)OCCOC(=O)C(C)CSCC(O)CO)(CCC(=O)OCCOC(=O)C(C)CSCC(O)CO)CCN(C)C,0.5403005793988932
N(CCC(=O)OCCOC(=O)C(C)CSCCCO)(CCC(=O)OCCOC(=O)C(C)CSCCCO)CCN(C)C,0.6630699256078777
N(CCC(=O)OCCOC(=O)C(C)CSCCCCO)(CCC(=O)OCCOC(=O)C(C)CSCCCCO)CCN(C)C,0.6892069036099433
N(CCC(=O)OCCOC(=O)C(C)CSCCCCCCO)(CCC(=O)OCCOC(=O)C(C)CSCCCCCCO)CCN(C)C,0.7035303364518524
N(CCC(=O)OCCOC(=O)C(C)CSCCCCCCCCCCCO)(CCC(=O)OCCOC(=O)C(C)CSCCCCCCCCCCCO)CCN(C)C,0.7377238965433056
CCCCCCCCN(CCC(=O)OCCOC(=O)C(C)CSCC(C)C)CCC(=O)OCCOC(=O)C(C)CSCC(C)C,0.7390048211214529
CCCCCCCCN(CCC(=O)OCCOC(=O)C(C)CSCCCCCCCCCC)CCC(=O)OCCOC(=O)C(C)CSCCCCCCCCCC,0.8096719514227363
CCCCCCCCN(CCC(=O)OCCOC(=O)C(C)CSCCCCCCCCCCC)CCC(=O)OCCOC(=O)C(C)CSCCCCCCCCCCC,0.8095897632161458
CCCCCCCCN(CCC(=O)OCCOC(=O)C(C)CSCCCCCCCCCCCC)CCC(=O)OCCOC(=O)C(C)CSCCCCCCCCCCCC,0.8095399395851276
CCCCCCCCN(CCC(=O)OCCOC(=O)C(C)CSCCCCCCCCCCCCCC)CCC(=O)OCCOC(=O)C(C)CSCCCCCCCCCCCCCC,0.8094787735065234
CCCCCCCCN(CCC(=O)OCCOC(=O)C(C)CSCCCCCCCCCCCCCCCC)CCC(=O)OCCOC(=O)C(C)CSCCCCCCCCCCCCCCCC,0.8094245554193723
CCCCCCCCN(CCC(=O)OCCOC(=O)C(C)CSCCCCCCCCCCCCCCCCCC)CCC(=O)OCCOC(=O)C(C)CSCCCCCCCCCCCCCCCCCC,0.8093762164019124
CCCCCCCCN(CCC(=O)OCCOC(=O)C(C)CSCCc5ccccc5)CCC(=O)OCCOC(=O)C(C)CSCCc5ccccc5,0.45783127607731006
CCCCCCCCN(CCC(=O)OCCOC(=O)C(C)CSCCC(C)C)CCC(=O)OCCOC(=O)C(C)CSCCC(C)C,0.7375647459698501
CCCCCCCCN(CCC(=O)OCCOC(=O)C(C)CSCCCC)CCC(=O)OCCOC(=O)C(C)CSCCCC,0.8032526605500432
CCCCCCCCN(CCC(=O)OCCOC(=O)C(C)CSCCCCC)CCC(=O)OCCOC(=O)C(C)CSCCCCC,0.8046998618467261
CCCCCCCCN(CCC(=O)OCCOC(=O)C(C)CSCCCCCC)CCC(=O)OCCOC(=O)C(C)CSCCCCCC,0.8026126139527658
CCCCCCCCN(CCC(=O)OCCOC(=O)C(C)CSCCCCCCC)CCC(=O)OCCOC(=O)C(C)CSCCCCCCC,0.8057977038808573
CCCCCCCCN(CCC(=O)OCCOC(=O)C(C)CSCCCCCCCC)CCC(=O)OCCOC(=O)C(C)CSCCCCCCCC,0.8085133590017973
CCCCCCCCN(CCC(=O)OCCOC(=O)C(C)CSCCCCCCCCC)CCC(=O)OCCOC(=O)C(C)CSCCCCCCCCC,0.8094863153433999
CCCCCCCCN(CCC(=O)OCCOC(=O)C(C)CSCCN(C)C)CCC(=O)OCCOC(=O)C(C)CSCCN(C)C,0.6267756967158966
CCCCCCCCN(CCC(=O)OCCOC(=O)C(C)CSCCCC(=O)N(C)CCCN(C)C)CCC(=O)OCCOC(=O)C(C)CSCCCC(=O)N(C)CCCN(C)C,0.6846001477383727
CCCCCCCCN(CCC(=O)OCCOC(=O)C(C)CSCCCC(=O)N(C)CCN5(CCCCC5))CCC(=O)OCCOC(=O)C(C)CSCCCC(=O)N(C)CCN5(CCCCC5),0.6841233492479719
CCCCCCCCN(CCC(=O)OCCOC(=O)C(C)CSCCNCCCC)CCC(=O)OCCOC(=O)C(C)CSCCNCCCC,0.7758744268441095
CCCCCCCCN(CCC(=O)OCCOC(=O)C(C)CSCCN(CC)CC)CCC(=O)OCCOC(=O)C(C)CSCCN(CC)CC,0.6267095423357364
CCCCCCCCN(CCC(=O)OCCOC(=O)C(C)CSCCN5CCCC5)CCC(=O)OCCOC(=O)C(C)CSCCN5CCCC5,0.6690817197510739
CCCCCCCCN(CCC(=O)OCCOC(=O)C(C)CSCCN5CCCCC5)CCC(=O)OCCOC(=O)C(C)CSCCN5CCCCC5,0.668147600900158
CCCCCCCCN(CCC(=O)OCCOC(=O)C(C)CSCCN5CCCCCC5)CCC(=O)OCCOC(=O)C(C)CSCCN5CCCCCC5,0.6628298932877631
CCCCCCCCN(CCC(=O)OCCOC(=O)C(C)CSCCN(CCC)CCC)CCC(=O)OCCOC(=O)C(C)CSCCN(CCC)CCC,0.6704415663859833
CCCCCCCCN(CCC(=O)OCCOC(=O)C(C)CSCCN(CCCC)CCCC)CCC(=O)OCCOC(=O)C(C)CSCCN(CCCC)CCCC,0.7715594272290264
CCCCCCCCN(CCC(=O)OCCOC(=O)C(C)CSCCCC(=O)N5CCN(CCO)CC5)CCC(=O)OCCOC(=O)C(C)CSCCCC(=O)N5CCN(CCO)CC5,0.5969591930862655
CCCCCCCCN(CCC(=O)OCCOC(=O)C(C)CSCCC(O)=O)CCC(=O)OCCOC(=O)C(C)CSCCC(O)=O,0.750645497878875
CCCCCCCCN(CCC(=O)OCCOC(=O)C(C)CSCCCCCC(O)=O)CCC(=O)OCCOC(=O)C(C)CSCCCCCC(O)=O,0.778660927724054
CCCCCCCCN(CCC(=O)OCCOC(=O)C(C)CSCCCCCCCCCCC(O)=O)CCC(=O)OCCOC(=O)C(C)CSCCCCCCCCCCC(O)=O,0.7856640874169765
CCCCCCCCN(CCC(=O)OCCOC(=O)C(C)CSCCO)CCC(=O)OCCOC(=O)C(C)CSCCO,0.6608358197407251
CCCCCCCCN(CCC(=O)OCCOC(=O)C(C)CSCC(O)CO)CCC(=O)OCCOC(=O)C(C)CSCC(O)CO,0.5989491097153401
CCCCCCCCN(CCC(=O)OCCOC(=O)C(C)CSCCCO)CCC(=O)OCCOC(=O)C(C)CSCCCO,0.7177634454048711
CCCCCCCCN(CCC(=O)OCCOC(=O)C(C)CSCCCCO)CCC(=O)OCCOC(=O)C(C)CSCCCCO,0.740186692282987
CCCCCCCCN(CCC(=O)OCCOC(=O)C(C)CSCCCCCCO)CCC(=O)OCCOC(=O)C(C)CSCCCCCCO,0.7497718918765975
CCCCCCCCN(CCC(=O)OCCOC(=O)C(C)CSCCCCCCCCCCCO)CCC(=O)OCCOC(=O)C(C)CSCCCCCCCCCCCO,0.7768279644403686
CCCCCCCCCCN(CCC(=O)OCCOC(=O)C(C)CSCC(C)C)CCC(=O)OCCOC(=O)C(C)CSCC(C)C,0.7416000443905394
CCCCCCCCCCN(CCC(=O)OCCOC(=O)C(C)CSCCCCCCCCCC)CCC(=O)OCCOC(=O)C(C)CSCCCCCCCCCC,0.809625512710631
CCCCCCCCCCN(CCC(=O)OCCOC(=O)C(C)CSCCCCCCCCCCC)CCC(=O)OCCOC(=O)C(C)CSCCCCCCCCCCC,0.8095724229297844
CCCCCCCCCCN(CCC(=O)OCCOC(=O)C(C)CSCCCCCCCCCCCC)CCC(=O)OCCOC(=O)C(C)CSCCCCCCCCCCCC,0.8095396426624158
CCCCCCCCCCN(CCC(=O)OCCOC(=O)C(C)CSCCCCCCCCCCCCCC)CCC(=O)OCCOC(=O)C(C)CSCCCCCCCCCCCCCC,0.8094802581200817
CCCCCCCCCCN(CCC(=O)OCCOC(=O)C(C)CSCCCCCCCCCCCCCCCC)CCC(=O)OCCOC(=O)C(C)CSCCCCCCCCCCCCCCCC,0.8094274058774044
CCCCCCCCCCN(CCC(=O)OCCOC(=O)C(C)CSCCCCCCCCCCCCCCCCCC)CCC(=O)OCCOC(=O)C(C)CSCCCCCCCCCCCCCCCCCC,0.8093801357817064
CCCCCCCCCCN(CCC(=O)OCCOC(=O)C(C)CSCCc5ccccc5)CCC(=O)OCCOC(=O)C(C)CSCCc5ccccc5,0.4684351284178493
CCCCCCCCCCN(CCC(=O)OCCOC(=O)C(C)CSCCC(C)C)CCC(=O)OCCOC(=O)C(C)CSCCC(C)C,0.7401128179123233
CCCCCCCCCCN(CCC(=O)OCCOC(=O)C(C)CSCCCC)CCC(=O)OCCOC(=O)C(C)CSCCCC,0.803441206471954
CCCCCCCCCCN(CCC(=O)OCCOC(=O)C(C)CSCCCCC)CCC(=O)OCCOC(=O)C(C)CSCCCCC,0.8054193649616465
CCCCCCCCCCN(CCC(=O)OCCOC(=O)C(C)CSCCCCCC)CCC(=O)OCCOC(=O)C(C)CSCCCCCC,0.8034941180991738
CCCCCCCCCCN(CCC(=O)OCCOC(=O)C(C)CSCCCCCCC)CCC(=O)OCCOC(=O)C(C)CSCCCCCCC,0.8065947038235237
CCCCCCCCCCN(CCC(=O)OCCOC(=O)C(C)CSCCCCCCCC)CCC(=O)OCCOC(=O)C(C)CSCCCCCCCC,0.8092584568544637
CCCCCCCCCCN(CCC(=O)OCCOC(=O)C(C)CSCCCCCCCCC)CCC(=O)OCCOC(=O)C(C)CSCCCCCCCCC,0.8097090667616952
CCCCCCCCCCN(CCC(=O)OCCOC(=O)C(C)CSCCN(C)C)CCC(=O)OCCOC(=O)C(C)CSCCN(C)C,0.6336381150434871
CCCCCCCCCCN(CCC(=O)OCCOC(=O)C(C)CSCCCC(=O)N(C)CCCN(C)C)CCC(=O)OCCOC(=O)C(C)CSCCCC(=O)N(C)CCCN(C)C,0.68809730343643
CCCCCCCCCCN(CCC(=O)OCCOC(=O)C(C)CSCCCC(=O)N(C)CCN5(CCCCC5))CCC(=O)OCCOC(=O)C(C)CSCCCC(=O)N(C)CCN5(CCCCC5),0.6874726968201595
CCCCCCCCCCN(CCC(=O)OCCOC(=O)C(C)CSCCNCCCC)CCC(=O)OCCOC(=O)C(C)CSCCNCCCC,0.7769736347227143
CCCCCCCCCCN(CCC(=O)OCCOC(=O)C(C)CSCCN(CC)CC)CCC(=O)OCCOC(=O)C(C)CSCCN(CC)CC,0.6331190941434868
CCCCCCCCCCN(CCC(=O)OCCOC(=O)C(C)CSCCN5CCCC5)CCC(=O)OCCOC(=O)C(C)CSCCN5CCCC5,0.6740153281436516
CCCCCCCCCCN(CCC(=O)OCCOC(=O)C(C)CSCCN5CCCCC5)CCC(=O)OCCOC(=O)C(C)CSCCN5CCCCC5,0.6729093504272207
CCCCCCCCCCN(CCC(=O)OCCOC(=O)C(C)CSCCN5CCCCCC5)CCC(=O)OCCOC(=O)C(C)CSCCN5CCCCCC5,0.6674835035632354
CCCCCCCCCCN(CCC(=O)OCCOC(=O)C(C)CSCCN(CCC)CCC)CCC(=O)OCCOC(=O)C(C)CSCCN(CCC)CCC,0.6749393516223708
CCCCCCCCCCN(CCC(=O)OCCOC(=O)C(C)CSCCN(CCCC)CCCC)CCC(=O)OCCOC(=O)C(C)CSCCN(CCCC)CCCC,0.7727486026892675
CCCCCCCCCCN(CCC(=O)OCCOC(=O)C(C)CSCCCC(=O)N5CCN(CCO)CC5)CCC(=O)OCCOC(=O)C(C)CSCCCC(=O)N5CCN(CCO)CC5,0.603131503647391
CCCCCCCCCCN(CCC(=O)OCCOC(=O)C(C)CSCCC(O)=O)CCC(=O)OCCOC(=O)C(C)CSCCC(O)=O,0.7529239639991511
CCCCCCCCCCN(CCC(=O)OCCOC(=O)C(C)CSCCCCCC(O)=O)CCC(=O)OCCOC(=O)C(C)CSCCCCCC(O)=O,0.779592730577819
CCCCCCCCCCN(CCC(=O)OCCOC(=O)C(C)CSCCCCCCCCCCC(O)=O)CCC(=O)OCCOC(=O)C(C)CSCCCCCCCCCCC(O)=O,0.7869521381402038
CCCCCCCCCCN(CCC(=O)OCCOC(=O)C(C)CSCCO)CCC(=O)OCCOC(=O)C(C)CSCCO,0.666849157882022
CCCCCCCCCCN(CCC(=O)OCCOC(=O)C(C)CSCC(O)CO)CCC(=O)OCCOC(=O)C(C)CSCC(O)CO,0.6073470341540643
CCCCCCCCCCN(CCC(=O)OCCOC(=O)C(C)CSCCCO)CCC(=O)OCCOC(=O)C(C)CSCCCO,0.7213680871245531
CCCCCCCCCCN(CCC(=O)OCCOC(=O)C(C)CSCCCCO)CCC(=O)OCCOC(=O)C(C)CSCCCCO,0.7427290633093959
CCCCCCCCCCN(CCC(=O)OCCOC(=O)C(C)CSCCCCCCO)CCC(=O)OCCOC(=O)C(C)CSCCCCCCO,0.7516464243399168
CCCCCCCCCCN(CCC(=O)OCCOC(=O)C(C)CSCCCCCCCCCCCO)CCC(=O)OCCOC(=O)C(C)CSCCCCCCCCCCCO,0.7783673305467541
CCCCCCCCCCCCN(CCC(=O)OCCOC(=O)C(C)CSCC(C)C)CCC(=O)OCCOC(=O)C(C)CSCC(C)C,0.7439403298193853
CCCCCCCCCCCCN(CCC(=O)OCCOC(=O)C(C)CSCCCCCCCCCC)CCC(=O)OCCOC(=O)C(C)CSCCCCCCCCCC,0.8095723041606997
CCCCCCCCCCCCN(CCC(=O)OCCOC(=O)C(C)CSCCCCCCCCCCC)CCC(=O)OCCOC(=O)C(C)CSCCCCCCCCCCC,0.8095396426624158
CCCCCCCCCCCCN(CCC(=O)OCCOC(=O)C(C)CSCCCCCCCCCCCC)CCC(=O)OCCOC(=O)C(C)CSCCCCCCCCCCCC,0.8095090002385714
CCCCCCCCCCCCN(CCC(=O)OCCOC(=O)C(C)CSCCCCCCCCCCCCCC)CCC(=O)OCCOC(=O)C(C)CSCCCCCCCCCCCCCC,0.8094531787687774
CCCCCCCCCCCCN(CCC(=O)OCCOC(=O)C(C)CSCCCCCCCCCCCCCCCC)CCC(=O)OCCOC(=O)C(C)CSCCCCCCCCCCCCCCCC,0.8094032957532167
CCCCCCCCCCCCN(CCC(=O)OCCOC(=O)C(C)CSCCCCCCCCCCCCCCCCCC)CCC(=O)OCCOC(=O)C(C)CSCCCCCCCCCCCCCCCCCC,0.8093588167310084
CCCCCCCCCCCCN(CCC(=O)OCCOC(=O)C(C)CSCCc5ccccc5)CCC(=O)OCCOC(=O)C(C)CSCCc5ccccc5,0.4782227105317346
CCCCCCCCCCCCN(CCC(=O)OCCOC(=O)C(C)CSCCC(C)C)CCC(=O)OCCOC(=O)C(C)CSCCC(C)C,0.7423990040231029
CCCCCCCCCCCCN(CCC(=O)OCCOC(=O)C(C)CSCCCC)CCC(=O)OCCOC(=O)C(C)CSCCCC,0.8040677727781216
CCCCCCCCCCCCN(CCC(=O)OCCOC(=O)C(C)CSCCCCC)CCC(=O)OCCOC(=O)C(C)CSCCCCC,0.8061291883961664
CCCCCCCCCCCCN(CCC(=O)OCCOC(=O)C(C)CSCCCCCC)CCC(=O)OCCOC(=O)C(C)CSCCCCCC,0.8043361909094718
CCCCCCCCCCCCN(CCC(=O)OCCOC(=O)C(C)CSCCCCCCC)CCC(=O)OCCOC(=O)C(C)CSCCCCCCC,0.8073531631982154
CCCCCCCCCCCCN(CCC(=O)OCCOC(=O)C(C)CSCCCCCCCC)CCC(=O)OCCOC(=O)C(C)CSCCCCCCCC,0.8095148793082625
CCCCCCCCCCCCN(CCC(=O)OCCOC(=O)C(C)CSCCCCCCCCC)CCC(=O)OCCOC(=O)C(C)CSCCCCCCCCC,0.8096255720951734
CCCCCCCCCCCCN(CCC(=O)OCCOC(=O)C(C)CSCCN(C)C)CCC(=O)OCCOC(=O)C(C)CSCCN(C)C,0.6399591244986172
CCCCCCCCCCCCN(CCC(=O)OCCOC(=O)C(C)CSCCCC(=O)N(C)CCCN(C)C)CCC(=O)OCCOC(=O)C(C)CSCCCC(=O)N(C)CCCN(C)C,0.6913479538992583
CCCCCCCCCCCCN(CCC(=O)OCCOC(=O)C(C)CSCCCC(=O)N(C)CCN5(CCCCC5))CCC(=O)OCCOC(=O)C(C)CSCCCC(=O)N(C)CCN5(CCCCC5),0.690587237911958
CCCCCCCCCCCCN(CCC(=O)OCCOC(=O)C(C)CSCCNCCCC)CCC(=O)OCCOC(=O)C(C)CSCCNCCCC,0.7780458820190994
CCCCCCCCCCCCN(CCC(=O)OCCOC(=O)C(C)CSCCN(CC)CC)CCC(=O)OCCOC(=O)C(C)CSCCN(CC)CC,0.638984980466168
CCCCCCCCCCCCN(CCC(=O)OCCOC(=O)C(C)CSCCN5CCCC5)CCC(=O)OCCOC(=O)C(C)CSCCN5CCCC5,0.6785108567674304
CCCCCCCCCCCCN(CCC(=O)OCCOC(=O)C(C)CSCCN5CCCCC5)CCC(=O)OCCOC(=O)C(C)CSCCN5CCCCC5,0.6772947207249697
CCCCCCCCCCCCN(CCC(=O)OCCOC(=O)C(C)CSCCN5CCCCCC5)CCC(=O)OCCOC(=O)C(C)CSCCN5CCCCCC5,0.6718844919956182
CCCCCCCCCCCCN(CCC(=O)OCCOC(=O)C(C)CSCCN(CCC)CCC)CCC(=O)OCCOC(=O)C(C)CSCCN(CCC)CCC,0.6791364135363782
CCCCCCCCCCCCN(CCC(=O)OCCOC(=O)C(C)CSCCN(CCCC)CCCC)CCC(=O)OCCOC(=O)C(C)CSCCN(CCCC)CCCC,0.7738185933730439
CCCCCCCCCCCCN(CCC(=O)OCCOC(=O)C(C)CSCCCC(=O)N5CCN(CCO)CC5)CCC(=O)OCCOC(=O)C(C)CSCCCC(=O)N5CCN(CCO)CC5,0.608900118089729
CCCCCCCCCCCCN(CCC(=O)OCCOC(=O)C(C)CSCCC(O)=O)CCC(=O)OCCOC(=O)C(C)CSCCC(O)=O,0.7548873951223447
CCCCCCCCCCCCN(CCC(=O)OCCOC(=O)C(C)CSCCCCCC(O)=O)CCC(=O)OCCOC(=O)C(C)CSCCCCCC(O)=O,0.780426608321275
CCCCCCCCCCCCN(CCC(=O)OCCOC(=O)C(C)CSCCCCCCCCCCC(O)=O)CCC(=O)OCCOC(=O)C(C)CSCCCCCCCCCCC(O)=O,0.7881793197075387
CCCCCCCCCCCCN(CCC(=O)OCCOC(=O)C(C)CSCCO)CCC(=O)OCCOC(=O)C(C)CSCCO,0.6721653808808586
CCCCCCCCCCCCN(CCC(=O)OCCOC(=O)C(C)CSCC(O)CO)CCC(=O)OCCOC(=O)C(C)CSCC(O)CO,0.6149900029060946
CCCCCCCCCCCCN(CCC(=O)OCCOC(=O)C(C)CSCCCO)CCC(=O)OCCOC(=O)C(C)CSCCCO,0.7245195060171411
CCCCCCCCCCCCN(CCC(=O)OCCOC(=O)C(C)CSCCCCO)CCC(=O)OCCOC(=O)C(C)CSCCCCO,0.7449169086180703
CCCCCCCCCCCCN(CCC(=O)OCCOC(=O)C(C)CSCCCCCCO)CCC(=O)OCCOC(=O)C(C)CSCCCCCCO,0.7533349050321033
CCCCCCCCCCCCN(CCC(=O)OCCOC(=O)C(C)CSCCCCCCCCCCCO)CCC(=O)OCCOC(=O)C(C)CSCCCCCCCCCCCO,0.7799003425071098
CCCCCCCCCCCCCCN(CCC(=O)OCCOC(=O)C(C)CSCC(C)C)CCC(=O)OCCOC(=O)C(C)CSCC(C)C,0.7462078097993297
CCCCCCCCCCCCCCN(CCC(=O)OCCOC(=O)C(C)CSCCCCCCCCCC)CCC(=O)OCCOC(=O)C(C)CSCCCCCCCCCC,0.8095396426624158
CCCCCCCCCCCCCCN(CCC(=O)OCCOC(=O)C(C)CSCCCCCCCCCCC)CCC(=O)OCCOC(=O)C(C)CSCCCCCCCCCCC,0.8095090002385714
CCCCCCCCCCCCCCN(CCC(=O)OCCOC(=O)C(C)CSCCCCCCCCCCCC)CCC(=O)OCCOC(=O)C(C)CSCCCCCCCCCCCC,0.8094802581200817
CCCCCCCCCCCCCCN(CCC(=O)OCCOC(=O)C(C)CSCCCCCCCCCCCCCC)CCC(=O)OCCOC(=O)C(C)CSCCCCCCCCCCCCCC,0.8094273464928621
CCCCCCCCCCCCCCN(CCC(=O)OCCOC(=O)C(C)CSCCCCCCCCCCCCCCCC)CCC(=O)OCCOC(=O)C(C)CSCCCCCCCCCCCCCCCC,0.809380076397164
CCCCCCCCCCCCCCN(CCC(=O)OCCOC(=O)C(C)CSCCCCCCCCCCCCCCCCCC)CCC(=O)OCCOC(=O)C(C)CSCCCCCCCCCCCCCCCCCC,0.8093322718405851
CCCCCCCCCCCCCCN(CCC(=O)OCCOC(=O)C(C)CSCCc5ccccc5)CCC(=O)OCCOC(=O)C(C)CSCCc5ccccc5,0.4874039764683884
CCCCCCCCCCCCCCN(CCC(=O)OCCOC(=O)C(C)CSCCC(C)C)CCC(=O)OCCOC(=O)C(C)CSCCC(C)C,0.7446386920372348
CCCCCCCCCCCCCCN(CCC(=O)OCCOC(=O)C(C)CSCCCC)CCC(=O)OCCOC(=O)C(C)CSCCCC,0.8048639413371953
CCCCCCCCCCCCCCN(CCC(=O)OCCOC(=O)C(C)CSCCCCC)CCC(=O)OCCOC(=O)C(C)CSCCCCC,0.8069224471126658
CCCCCCCCCCCCCCN(CCC(=O)OCCOC(=O)C(C)CSCCCCCC)CCC(=O)OCCOC(=O)C(C)CSCCCCCC,0.8051768978752962
CCCCCCCCCCCCCCN(CCC(=O)OCCOC(=O)C(C)CSCCCCCCC)CCC(=O)OCCOC(=O)C(C)CSCCCCCCC,0.8079299058733644
CCCCCCCCCCCCCCN(CCC(=O)OCCOC(=O)C(C)CSCCCCCCCC)CCC(=O)OCCOC(=O)C(C)CSCCCCCCCC,0.8094413612448529
CCCCCCCCCCCCCCN(CCC(=O)OCCOC(=O)C(C)CSCCCCCCCCC)CCC(=O)OCCOC(=O)C(C)CSCCCCCCCCC,0.809572363545242
CCCCCCCCCCCCCCN(CCC(=O)OCCOC(=O)C(C)CSCCN(C)C)CCC(=O)OCCOC(=O)C(C)CSCCN(C)C,0.6458333246572253
CCCCCCCCCCCCCCN(CCC(=O)OCCOC(=O)C(C)CSCCCC(=O)N(C)CCCN(C)C)CCC(=O)OCCOC(=O)C(C)CSCCCC(=O)N(C)CCCN(C)C,0.6944501430062512
CCCCCCCCCCCCCCN(CCC(=O)OCCOC(=O)C(C)CSCCCC(=O)N(C)CCN5(CCCCC5))CCC(=O)OCCOC(=O)C(C)CSCCCC(=O)N(C)CCN5(CCCCC5),0.6935337207489508
CCCCCCCCCCCCCCN(CCC(=O)OCCOC(=O)C(C)CSCCNCCCC)CCC(=O)OCCOC(=O)C(C)CSCCNCCCC,0.7790425921776356
CCCCCCCCCCCCCCN(CCC(=O)OCCOC(=O)C(C)CSCCN(CC)CC)CCC(=O)OCCOC(=O)C(C)CSCCN(CC)CC,0.6443860045914577
CCCCCCCCCCCCCCN(CCC(=O)OCCOC(=O)C(C)CSCCN5CCCC5)CCC(=O)OCCOC(=O)C(C)CSCCN5CCCC5,0.682620682788749
CCCCCCCCCCCCCCN(CCC(=O)OCCOC(=O)C(C)CSCCN5CCCCC5)CCC(=O)OCCOC(=O)C(C)CSCCN5CCCCC5,0.6813325726809792
CCCCCCCCCCCCCCN(CCC(=O)OCCOC(=O)C(C)CSCCN5CCCCCC5)CCC(=O)OCCOC(=O)C(C)CSCCN5CCCCCC5,0.6760041164664219
CCCCCCCCCCCCCCN(CCC(=O)OCCOC(=O)C(C)CSCCN(CCC)CCC)CCC(=O)OCCOC(=O)C(C)CSCCN(CCC)CCC,0.6831075766513466
CCCCCCCCCCCCCCN(CCC(=O)OCCOC(=O)C(C)CSCCN(CCCC)CCCC)CCC(=O)OCCOC(=O)C(C)CSCCN(CCCC)CCCC,0.7748228453684565
CCCCCCCCCCCCCCN(CCC(=O)OCCOC(=O)C(C)CSCCCC(=O)N5CCN(CCO)CC5)CCC(=O)OCCOC(=O)C(C)CSCCCC(=O)N5CCN(CCO)CC5,0.6143436615473299
CCCCCCCCCCCCCCN(CCC(=O)OCCOC(=O)C(C)CSCCC(O)=O)CCC(=O)OCCOC(=O)C(C)CSCCC(O)=O,0.7566876969077463
CCCCCCCCCCCCCCN(CCC(=O)OCCOC(=O)C(C)CSCCCCCC(O)=O)CCC(=O)OCCOC(=O)C(C)CSCCCCCC(O)=O,0.7815470758660354
CCCCCCCCCCCCCCN(CCC(=O)OCCOC(=O)C(C)CSCCCCCCCCCCC(O)=O)CCC(=O)OCCOC(=O)C(C)CSCCCCCCCCCCC(O)=O,0.7893350022859034
CCCCCCCCCCCCCCN(CCC(=O)OCCOC(=O)C(C)CSCCO)CCC(=O)OCCOC(=O)C(C)CSCCO,0.6770365761194431
CCCCCCCCCCCCCCN(CCC(=O)OCCOC(=O)C(C)CSCC(O)CO)CCC(=O)OCCOC(=O)C(C)CSCC(O)CO,0.621969527551168
CCCCCCCCCCCCCCN(CCC(=O)OCCOC(=O)C(C)CSCCCO)CCC(=O)OCCOC(=O)C(C)CSCCCO,0.7274154526086076
CCCCCCCCCCCCCCN(CCC(=O)OCCOC(=O)C(C)CSCCCCO)CCC(=O)OCCOC(=O)C(C)CSCCCCO,0.7469337264448221
CCCCCCCCCCCCCCN(CCC(=O)OCCOC(=O)C(C)CSCCCCCCO)CCC(=O)OCCOC(=O)C(C)CSCCCCCCO,0.7549176812389351
CCCCCCCCCCCCCCN(CCC(=O)OCCOC(=O)C(C)CSCCCCCCCCCCCO)CCC(=O)OCCOC(=O)C(C)CSCCCCCCCCCCCO,0.7813421991949827
CCCCCCCCCCCCCCCCN(CCC(=O)OCCOC(=O)C(C)CSCC(C)C)CCC(=O)OCCOC(=O)C(C)CSCC(C)C,0.7483037278364707
CCCCCCCCCCCCCCCCN(CCC(=O)OCCOC(=O)C(C)CSCCCCCCCCCC)CCC(=O)OCCOC(=O)C(C)CSCCCCCCCCCC,0.8095091190076561
CCCCCCCCCCCCCCCCN(CCC(=O)OCCOC(=O)C(C)CSCCCCCCCCCCC)CCC(=O)OCCOC(=O)C(C)CSCCCCCCCCCCC,0.8094802581200817
CCCCCCCCCCCCCCCCN(CCC(=O)OCCOC(=O)C(C)CSCCCCCCCCCCCC)CCC(=O)OCCOC(=O)C(C)CSCCCCCCCCCCCC,0.809453119384235
CCCCCCCCCCCCCCCCN(CCC(=O)OCCOC(=O)C(C)CSCCCCCCCCCCCCCC)CCC(=O)OCCOC(=O)C(C)CSCCCCCCCCCCCCCC,0.8094033551377591
CCCCCCCCCCCCCCCCN(CCC(=O)OCCOC(=O)C(C)CSCCCCCCCCCCCCCCCC)CCC(=O)OCCOC(=O)C(C)CSCCCCCCCCCCCCCCCC,0.8093588167310084
CCCCCCCCCCCCCCCCN(CCC(=O)OCCOC(=O)C(C)CSCCCCCCCCCCCCCCCCCC)CCC(=O)OCCOC(=O)C(C)CSCCCCCCCCCCCCCCCCCC,0.8092829826704477
CCCCCCCCCCCCCCCCN(CCC(=O)OCCOC(=O)C(C)CSCCc5ccccc5)CCC(=O)OCCOC(=O)C(C)CSCCc5ccccc5,0.49663788680182136
CCCCCCCCCCCCCCCCN(CCC(=O)OCCOC(=O)C(C)CSCCC(C)C)CCC(=O)OCCOC(=O)C(C)CSCCC(C)C,0.7467157851744558
CCCCCCCCCCCCCCCCN(CCC(=O)OCCOC(=O)C(C)CSCCCC)CCC(=O)OCCOC(=O)C(C)CSCCCC,0.8057165845960289
CCCCCCCCCCCCCCCCN(CCC(=O)OCCOC(=O)C(C)CSCCCCC)CCC(=O)OCCOC(=O)C(C)CSCCCCC,0.8076693858861446
CCCCCCCCCCCCCCCCN(CCC(=O)OCCOC(=O)C(C)CSCCCCCC)CCC(=O)OCCOC(=O)C(C)CSCCCCCC,0.8059585766060404
CCCCCCCCCCCCCCCCN(CCC(=O)OCCOC(=O)C(C)CSCCCCCCC)CCC(=O)OCCOC(=O)C(C)CSCCCCCCC,0.8079069240554811
CCCCCCCCCCCCCCCCN(CCC(=O)OCCOC(=O)C(C)CSCCCCCCCC)CCC(=O)OCCOC(=O)C(C)CSCCCCCCCC,0.8094023456005394
CCCCCCCCCCCCCCCCN(CCC(=O)OCCOC(=O)C(C)CSCCCCCCCCC)CCC(=O)OCCOC(=O)C(C)CSCCCCCCCCC,0.8095396426624158
CCCCCCCCCCCCCCCCN(CCC(=O)OCCOC(=O)C(C)CSCCN(C)C)CCC(=O)OCCOC(=O)C(C)CSCCN(C)C,0.6512986622418628
CCCCCCCCCCCCCCCCN(CCC(=O)OCCOC(=O)C(C)CSCCCC(=O)N(C)CCCN(C)C)CCC(=O)OCCOC(=O)C(C)CSCCCC(=O)N(C)CCCN(C)C,0.6973770289442738
CCCCCCCCCCCCCCCCN(CCC(=O)OCCOC(=O)C(C)CSCCCC(=O)N(C)CCN5(CCCCC5))CCC(=O)OCCOC(=O)C(C)CSCCCC(=O)N(C)CCN5(CCCCC5),0.6963572181987697
CCCCCCCCCCCCCCCCN(CCC(=O)OCCOC(=O)C(C)CSCCNCCCC)CCC(=O)OCCOC(=O)C(C)CSCCNCCCC,0.7803907400577051
CCCCCCCCCCCCCCCCN(CCC(=O)OCCOC(=O)C(C)CSCCN(CC)CC)CCC(=O)OCCOC(=O)C(C)CSCCN(CC)CC,0.6494883838533491
CCCCCCCCCCCCCCCCN(CCC(=O)OCCOC(=O)C(C)CSCCN5CCCC5)CCC(=O)OCCOC(=O)C(C)CSCCN5CCCC5,0.6864758678925388
CCCCCCCCCCCCCCCCN(CCC(=O)OCCOC(=O)C(C)CSCCN5CCCCC5)CCC(=O)OCCOC(=O)C(C)CSCCN5CCCCC5,0.6850905452889681
CCCCCCCCCCCCCCCCN(CCC(=O)OCCOC(=O)C(C)CSCCN5CCCCCC5)CCC(=O)OCCOC(=O)C(C)CSCCN5CCCCCC5,0.679813159780818
CCCCCCCCCCCCCCCCN(CCC(=O)OCCOC(=O)C(C)CSCCN(CCC)CCC)CCC(=O)OCCOC(=O)C(C)CSCCN(CCC)CCC,0.6868744569406855
CCCCCCCCCCCCCCCCN(CCC(=O)OCCOC(=O)C(C)CSCCN(CCCC)CCCC)CCC(=O)OCCOC(=O)C(C)CSCCN(CCCC)CCCC,0.7757668814379423
CCCCCCCCCCCCCCCCN(CCC(=O)OCCOC(=O)C(C)CSCCCC(=O)N5CCN(CCO)CC5)CCC(=O)OCCOC(=O)C(C)CSCCCC(=O)N5CCN(CCO)CC5,0.6194605306375507
CCCCCCCCCCCCCCCCN(CCC(=O)OCCOC(=O)C(C)CSCCC(O)=O)CCC(=O)OCCOC(=O)C(C)CSCCC(O)=O,0.7583574120845552
CCCCCCCCCCCCCCCCN(CCC(=O)OCCOC(=O)C(C)CSCCCCCC(O)=O)CCC(=O)OCCOC(=O)C(C)CSCCCCCC(O)=O,0.7829157707977527
CCCCCCCCCCCCCCCCN(CCC(=O)OCCOC(=O)C(C)CSCCCCCCCCCCC(O)=O)CCC(=O)OCCOC(=O)C(C)CSCCCCCCCCCCC(O)=O,0.7904257775594968
CCCCCCCCCCCCCCCCN(CCC(=O)OCCOC(=O)C(C)CSCCO)CCC(=O)OCCOC(=O)C(C)CSCCO,0.6816215378639772
CCCCCCCCCCCCCCCCN(CCC(=O)OCCOC(=O)C(C)CSCC(O)CO)CCC(=O)OCCOC(=O)C(C)CSCC(O)CO,0.628405149173003
CCCCCCCCCCCCCCCCN(CCC(=O)OCCOC(=O)C(C)CSCCCO)CCC(=O)OCCOC(=O)C(C)CSCCCO,0.7300929828533691
CCCCCCCCCCCCCCCCN(CCC(=O)OCCOC(=O)C(C)CSCCCCO)CCC(=O)OCCOC(=O)C(C)CSCCCCO,0.7488079026008875
CCCCCCCCCCCCCCCCN(CCC(=O)OCCOC(=O)C(C)CSCCCCCCO)CCC(=O)OCCOC(=O)C(C)CSCCCCCCO,0.756393149577769
CCCCCCCCCCCCCCCCN(CCC(=O)OCCOC(=O)C(C)CSCCCCCCCCCCCO)CCC(=O)OCCOC(=O)C(C)CSCCCCCCCCCCCO,0.782700442447249
CCCCCCCCCCCCCCCCCCN(CCC(=O)OCCOC(=O)C(C)CSCC(C)C)CCC(=O)OCCOC(=O)C(C)CSCC(C)C,0.7502473839070669
CCCCCCCCCCCCCCCCCCN(CCC(=O)OCCOC(=O)C(C)CSCCCCCCCCCC)CCC(=O)OCCOC(=O)C(C)CSCCCCCCCCCC,0.8094802581200817
CCCCCCCCCCCCCCCCCCN(CCC(=O)OCCOC(=O)C(C)CSCCCCCCCCCCC)CCC(=O)OCCOC(=O)C(C)CSCCCCCCCCCCC,0.8094530599996927
CCCCCCCCCCCCCCCCCCN(CCC(=O)OCCOC(=O)C(C)CSCCCCCCCCCCCC)CCC(=O)OCCOC(=O)C(C)CSCCCCCCCCCCCC,0.8094273464928621
CCCCCCCCCCCCCCCCCCN(CCC(=O)OCCOC(=O)C(C)CSCCCCCCCCCCCCCC)CCC(=O)OCCOC(=O)C(C)CSCCCCCCCCCCCCCC,0.8093802545507911
CCCCCCCCCCCCCCCCCCN(CCC(=O)OCCOC(=O)C(C)CSCCCCCCCCCCCCCCCC)CCC(=O)OCCOC(=O)C(C)CSCCCCCCCCCCCCCCCC,0.8093322718405851
CCCCCCCCCCCCCCCCCCN(CCC(=O)OCCOC(=O)C(C)CSCCCCCCCCCCCCCCCCCC)CCC(=O)OCCOC(=O)C(C)CSCCCCCCCCCCCCCCCCCC,0.8092358907283768
CCCCCCCCCCCCCCCCCCN(CCC(=O)OCCOC(=O)C(C)CSCCc5ccccc5)CCC(=O)OCCOC(=O)C(C)CSCCc5ccccc5,0.5054512951909864
CCCCCCCCCCCCCCCCCCN(CCC(=O)OCCOC(=O)C(C)CSCCC(C)C)CCC(=O)OCCOC(=O)C(C)CSCCC(C)C,0.7486463766457386
CCCCCCCCCCCCCCCCCCN(CCC(=O)OCCOC(=O)C(C)CSCCCC)CCC(=O)OCCOC(=O)C(C)CSCCCC,0.8065071116235809
CCCCCCCCCCCCCCCCCCN(CCC(=O)OCCOC(=O)C(C)CSCCCCC)CCC(=O)OCCOC(=O)C(C)CSCCCCC,0.8082192273636164
CCCCCCCCCCCCCCCCCCN(CCC(=O)OCCOC(=O)C(C)CSCCCCCC)CCC(=O)OCCOC(=O)C(C)CSCCCCCC,0.8063081140222191
CCCCCCCCCCCCCCCCCCN(CCC(=O)OCCOC(=O)C(C)CSCCCCCCC)CCC(=O)OCCOC(=O)C(C)CSCCCCCCC,0.8079137532778495
CCCCCCCCCCCCCCCCCCN(CCC(=O)OCCOC(=O)C(C)CSCCCCCCCC)CCC(=O)OCCOC(=O)C(C)CSCCCCCCCC,0.809375266249235
CCCCCCCCCCCCCCCCCCN(CCC(=O)OCCOC(=O)C(C)CSCCCCCCCCC)CCC(=O)OCCOC(=O)C(C)CSCCCCCCCCC,0.8095090596231138
CCCCCCCCCCCCCCCCCCN(CCC(=O)OCCOC(=O)C(C)CSCCN(C)C)CCC(=O)OCCOC(=O)C(C)CSCCN(C)C,0.6564803198677702
CCCCCCCCCCCCCCCCCCN(CCC(=O)OCCOC(=O)C(C)CSCCCC(=O)N(C)CCCN(C)C)CCC(=O)OCCOC(=O)C(C)CSCCCC(=O)N(C)CCCN(C)C,0.7001438735407058
CCCCCCCCCCCCCCCCCCN(CCC(=O)OCCOC(=O)C(C)CSCCCC(=O)N(C)CCN5(CCCCC5))CCC(=O)OCCOC(=O)C(C)CSCCCC(=O)N(C)CCN5(CCCCC5),0.6990216838442177
CCCCCCCCCCCCCCCCCCN(CCC(=O)OCCOC(=O)C(C)CSCCNCCCC)CCC(=O)OCCOC(=O)C(C)CSCCNCCCC,0.7819448929151318
CCCCCCCCCCCCCCCCCCN(CCC(=O)OCCOC(=O)C(C)CSCCN(CC)CC)CCC(=O)OCCOC(=O)C(C)CSCCN(CC)CC,0.6542555967583065
CCCCCCCCCCCCCCCCCCN(CCC(=O)OCCOC(=O)C(C)CSCCN5CCCC5)CCC(=O)OCCOC(=O)C(C)CSCCN5CCCC5,0.69016317289515
CCCCCCCCCCCCCCCCCCN(CCC(=O)OCCOC(=O)C(C)CSCCN5CCCCC5)CCC(=O)OCCOC(=O)C(C)CSCCN5CCCCC5,0.6887122897568423
CCCCCCCCCCCCCCCCCCN(CCC(=O)OCCOC(=O)C(C)CSCCN5CCCCCC5)CCC(=O)OCCOC(=O)C(C)CSCCN5CCCCCC5,0.6833882279984177
CCCCCCCCCCCCCCCCCCN(CCC(=O)OCCOC(=O)C(C)CSCCN(CCC)CCC)CCC(=O)OCCOC(=O)C(C)CSCCN(CCC)CCC,0.690409321823125
CCCCCCCCCCCCCCCCCCN(CCC(=O)OCCOC(=O)C(C)CSCCN(CCCC)CCCC)CCC(=O)OCCOC(=O)C(C)CSCCN(CCCC)CCCC,0.7769947756197852
CCCCCCCCCCCCCCCCCCN(CCC(=O)OCCOC(=O)C(C)CSCCCC(=O)N5CCN(CCO)CC5)CCC(=O)OCCOC(=O)C(C)CSCCCC(=O)N5CCN(CCO)CC5,0.6240998292383204
CCCCCCCCCCCCCCCCCCN(CCC(=O)OCCOC(=O)C(C)CSCCC(O)=O)CCC(=O)OCCOC(=O)C(C)CSCCC(O)=O,0.7599097240211695
CCCCCCCCCCCCCCCCCCN(CCC(=O)OCCOC(=O)C(C)CSCCCCCC(O)=O)CCC(=O)OCCOC(=O)C(C)CSCCCCCC(O)=O,0.7842224682672729
CCCCCCCCCCCCCCCCCCN(CCC(=O)OCCOC(=O)C(C)CSCCCCCCCCCCC(O)=O)CCC(=O)OCCOC(=O)C(C)CSCCCCCCCCCCC(O)=O,0.7914564556762481
CCCCCCCCCCCCCCCCCCN(CCC(=O)OCCOC(=O)C(C)CSCCO)CCC(=O)OCCOC(=O)C(C)CSCCO,0.6859383190153302
CCCCCCCCCCCCCCCCCCN(CCC(=O)OCCOC(=O)C(C)CSCC(O)CO)CCC(=O)OCCOC(=O)C(C)CSCC(O)CO,0.6343429501764509
CCCCCCCCCCCCCCCCCCN(CCC(=O)OCCOC(=O)C(C)CSCCCO)CCC(=O)OCCOC(=O)C(C)CSCCCO,0.7325770976437483
CCCCCCCCCCCCCCCCCCN(CCC(=O)OCCOC(=O)C(C)CSCCCCO)CCC(=O)OCCOC(=O)C(C)CSCCCCO,0.7505536893764264
CCCCCCCCCCCCCCCCCCN(CCC(=O)OCCOC(=O)C(C)CSCCCCCCO)CCC(=O)OCCOC(=O)C(C)CSCCCCCCO,0.7578753877544291
CCCCCCCCCCCCCCCCCCN(CCC(=O)OCCOC(=O)C(C)CSCCCCCCCCCCCO)CCC(=O)OCCOC(=O)C(C)CSCCCCCCCCCCCO,0.783982376562616
C1C(CN(CCC(=O)OCCOC(=O)C(C)CSCC(C)C)(CCC(=O)OCCOC(=O)C(C)CSCC(C)C))CCN(CCC(=O)OCCOC(=O)C(C)CSCC(C)C)C1,0.6086856805073604
C1C(CN(CCC(=O)OCCOC(=O)C(C)CSCCCCCCCCCC)(CCC(=O)OCCOC(=O)C(C)CSCCCCCCCCCC))CCN(CCC(=O)OCCOC(=O)C(C)CSCCCCCCCCCC)C1,0.7030574573412456
C1C(CN(CCC(=O)OCCOC(=O)C(C)CSCCCCCCCCCCC)(CCC(=O)OCCOC(=O)C(C)CSCCCCCCCCCCC))CCN(CCC(=O)OCCOC(=O)C(C)CSCCCCCCCCCCC)C1,0.7065069272518085
C1C(CN(CCC(=O)OCCOC(=O)C(C)CSCCCCCCCCCCCC)(CCC(=O)OCCOC(=O)C(C)CSCCCCCCCCCCCC))CCN(CCC(=O)OCCOC(=O)C(C)CSCCCCCCCCCCCC)C1,0.7098101330346026
C1C(CN(CCC(=O)OCCOC(=O)C(C)CSCCCCCCCCCCCCCC)(CCC(=O)OCCOC(=O)C(C)CSCCCCCCCCCCCCCC))CCN(CCC(=O)OCCOC(=O)C(C)CSCCCCCCCCCCCCCC)C1,0.7158196111806479
C1C(CN(CCC(=O)OCCOC(=O)C(C)CSCCCCCCCCCCCCCCCC)(CCC(=O)OCCOC(=O)C(C)CSCCCCCCCCCCCCCCCC))CCN(CCC(=O)OCCOC(=O)C(C)CSCCCCCCCCCCCCCCCC)C1,0.7210932554626308
C1C(CN(CCC(=O)OCCOC(=O)C(C)CSCCCCCCCCCCCCCCCCCC)(CCC(=O)OCCOC(=O)C(C)CSCCCCCCCCCCCCCCCCCC))CCN(CCC(=O)OCCOC(=O)C(C)CSCCCCCCCCCCCCCCCCCC)C1,0.7257743607812037
C1C(CN(CCC(=O)OCCOC(=O)C(C)CSCCc5ccccc5)(CCC(=O)OCCOC(=O)C(C)CSCCc5ccccc5))CCN(CCC(=O)OCCOC(=O)C(C)CSCCc5ccccc5)C1,0.3546518511548663
C1C(CN(CCC(=O)OCCOC(=O)C(C)CSCCC(C)C)(CCC(=O)OCCOC(=O)C(C)CSCCC(C)C))CCN(CCC(=O)OCCOC(=O)C(C)CSCCC(C)C)C1,0.613047000065464
C1C(CN(CCC(=O)OCCOC(=O)C(C)CSCCCC)(CCC(=O)OCCOC(=O)C(C)CSCCCC))CCN(CCC(=O)OCCOC(=O)C(C)CSCCCC)C1,0.6715208210583639
C1C(CN(CCC(=O)OCCOC(=O)C(C)CSCCCCC)(CCC(=O)OCCOC(=O)C(C)CSCCCCC))CCN(CCC(=O)OCCOC(=O)C(C)CSCCCCC)C1,0.6788564748038151
C1C(CN(CCC(=O)OCCOC(=O)C(C)CSCCCCCC)(CCC(=O)OCCOC(=O)C(C)CSCCCCCC))CCN(CCC(=O)OCCOC(=O)C(C)CSCCCCCC)C1,0.6818085991723296
C1C(CN(CCC(=O)OCCOC(=O)C(C)CSCCCCCCC)(CCC(=O)OCCOC(=O)C(C)CSCCCCCCC))CCN(CCC(=O)OCCOC(=O)C(C)CSCCCCCCC)C1,0.6887959625769912
C1C(CN(CCC(=O)OCCOC(=O)C(C)CSCCCCCCCC)(CCC(=O)OCCOC(=O)C(C)CSCCCCCCCC))CCN(CCC(=O)OCCOC(=O)C(C)CSCCCCCCCC)C1,0.6949885826515948
C1C(CN(CCC(=O)OCCOC(=O)C(C)CSCCCCCCCCC)(CCC(=O)OCCOC(=O)C(C)CSCCCCCCCCC))CCN(CCC(=O)OCCOC(=O)C(C)CSCCCCCCCCC)C1,0.6993440825245497
C1C(CN(CCC(=O)OCCOC(=O)C(C)CSCCN(C)C)(CCC(=O)OCCOC(=O)C(C)CSCCN(C)C))CCN(CCC(=O)OCCOC(=O)C(C)CSCCN(C)C)C1,0.49976662079923767
C1C(CN(CCC(=O)OCCOC(=O)C(C)CSCCCC(=O)N(C)CCCN(C)C)(CCC(=O)OCCOC(=O)C(C)CSCCCC(=O)N(C)CCCN(C)C))CCN(CCC(=O)OCCOC(=O)C(C)CSCCCC(=O)N(C)CCCN(C)C)C1,0.5917446958084474
C1C(CN(CCC(=O)OCCOC(=O)C(C)CSCCCC(=O)N(C)CCN5(CCCCC5))(CCC(=O)OCCOC(=O)C(C)CSCCCC(=O)N(C)CCN5(CCCCC5)))CCN(CCC(=O)OCCOC(=O)C(C)CSCCCC(=O)N(C)CCN5(CCCCC5))C1,0.5979932561219299
C1C(CN(CCC(=O)OCCOC(=O)C(C)CSCCNCCCC)(CCC(=O)OCCOC(=O)C(C)CSCCNCCCC))CCN(CCC(=O)OCCOC(=O)C(C)CSCCNCCCC)C1,0.6620773723673049
C1C(CN(CCC(=O)OCCOC(=O)C(C)CSCCN(CC)CC)(CCC(=O)OCCOC(=O)C(C)CSCCN(CC)CC))CCN(CCC(=O)OCCOC(=O)C(C)CSCCN(CC)CC)C1,0.5096518607929915
C1C(CN(CCC(=O)OCCOC(=O)C(C)CSCCN5CCCC5)(CCC(=O)OCCOC(=O)C(C)CSCCN5CCCC5))CCN(CCC(=O)OCCOC(=O)C(C)CSCCN5CCCC5)C1,0.5541700767992
C1C(CN(CCC(=O)OCCOC(=O)C(C)CSCCN5CCCCC5)(CCC(=O)OCCOC(=O)C(C)CSCCN5CCCCC5))CCN(CCC(=O)OCCOC(=O)C(C)CSCCN5CCCCC5)C1,0.5576781592530468
C1C(CN(CCC(=O)OCCOC(=O)C(C)CSCCN5CCCCCC5)(CCC(=O)OCCOC(=O)C(C)CSCCN5CCCCCC5))CCN(CCC(=O)OCCOC(=O)C(C)CSCCN5CCCCCC5)C1,0.5563747873178971
C1C(CN(CCC(=O)OCCOC(=O)C(C)CSCCN(CCC)CCC)(CCC(=O)OCCOC(=O)C(C)CSCCN(CCC)CCC))CCN(CCC(=O)OCCOC(=O)C(C)CSCCN(CCC)CCC)C1,0.5635705310816091
C1C(CN(CCC(=O)OCCOC(=O)C(C)CSCCN(CCCC)CCCC)(CCC(=O)OCCOC(=O)C(C)CSCCN(CCCC)CCCC))CCN(CCC(=O)OCCOC(=O)C(C)CSCCN(CCCC)CCCC)C1,0.6737078349834454
C1C(CN(CCC(=O)OCCOC(=O)C(C)CSCCCC(=O)N5CCN(CCO)CC5)(CCC(=O)OCCOC(=O)C(C)CSCCCC(=O)N5CCN(CCO)CC5))CCN(CCC(=O)OCCOC(=O)C(C)CSCCCC(=O)N5CCN(CCO)CC5)C1,0.5057909747731376
C1C(CN(CCC(=O)OCCOC(=O)C(C)CSCCC(O)=O)(CCC(=O)OCCOC(=O)C(C)CSCCC(O)=O))CCN(CCC(=O)OCCOC(=O)C(C)CSCCC(O)=O)C1,0.6285955954002685
C1C(CN(CCC(=O)OCCOC(=O)C(C)CSCCCCCC(O)=O)(CCC(=O)OCCOC(=O)C(C)CSCCCCCC(O)=O))CCN(CCC(=O)OCCOC(=O)C(C)CSCCCCCC(O)=O)C1,0.6683820510732932
C1C(CN(CCC(=O)OCCOC(=O)C(C)CSCCCCCCCCCCC(O)=O)(CCC(=O)OCCOC(=O)C(C)CSCCCCCCCCCCC(O)=O))CCN(CCC(=O)OCCOC(=O)C(C)CSCCCCCCCCCCC(O)=O)C1,0.6917600232385148
C1C(CN(CCC(=O)OCCOC(=O)C(C)CSCCO)(CCC(=O)OCCOC(=O)C(C)CSCCO))CCN(CCC(=O)OCCOC(=O)C(C)CSCCO)C1,0.5217315080873475
C1C(CN(CCC(=O)OCCOC(=O)C(C)CSCC(O)CO)(CCC(=O)OCCOC(=O)C(C)CSCC(O)CO))CCN(CCC(=O)OCCOC(=O)C(C)CSCC(O)CO)C1,0.4703617708170668
C1C(CN(CCC(=O)OCCOC(=O)C(C)CSCCCO)(CCC(=O)OCCOC(=O)C(C)CSCCCO))CCN(CCC(=O)OCCOC(=O)C(C)CSCCCO)C1,0.5877009647827467
C1C(CN(CCC(=O)OCCOC(=O)C(C)CSCCCCO)(CCC(=O)OCCOC(=O)C(C)CSCCCCO))CCN(CCC(=O)OCCOC(=O)C(C)CSCCCCO)C1,0.6176274485847806
C1C(CN(CCC(=O)OCCOC(=O)C(C)CSCCCCCCO)(CCC(=O)OCCOC(=O)C(C)CSCCCCCCO))CCN(CCC(=O)OCCOC(=O)C(C)CSCCCCCCO)C1,0.6382007482001034
C1C(CN(CCC(=O)OCCOC(=O)C(C)CSCCCCCCCCCCCO)(CCC(=O)OCCOC(=O)C(C)CSCCCCCCCCCCCO))CCN(CCC(=O)OCCOC(=O)C(C)CSCCCCCCCCCCCO)C1,0.682199111922719
C1C(CCN(CCC(=O)OCCOC(=O)C(C)CSCC(C)C)(CCC(=O)OCCOC(=O)C(C)CSCC(C)C))CCN(CCC(=O)OCCOC(=O)C(C)CSCC(C)C)C1,0.6438552255520752
C1C(CCN(CCC(=O)OCCOC(=O)C(C)CSCCCCCCCCCC)(CCC(=O)OCCOC(=O)C(C)CSCCCCCCCCCC))CCN(CCC(=O)OCCOC(=O)C(C)CSCCCCCCCCCC)C1,0.7296985507231858
C1C(CCN(CCC(=O)OCCOC(=O)C(C)CSCCCCCCCCCCC)(CCC(=O)OCCOC(=O)C(C)CSCCCCCCCCCCC))CCN(CCC(=O)OCCOC(=O)C(C)CSCCCCCCCCCCC)C1,0.7321579021594117
C1C(CCN(CCC(=O)OCCOC(=O)C(C)CSCCCCCCCCCCCC)(CCC(=O)OCCOC(=O)C(C)CSCCCCCCCCCCCC))CCN(CCC(=O)OCCOC(=O)C(C)CSCCCCCCCCCCCC)C1,0.7345559687479488
C1C(CCN(CCC(=O)OCCOC(=O)C(C)CSCCCCCCCCCCCCCC)(CCC(=O)OCCOC(=O)C(C)CSCCCCCCCCCCCCCC))CCN(CCC(=O)OCCOC(=O)C(C)CSCCCCCCCCCCCCCC)C1,0.7389044612449083
C1C(CCN(CCC(=O)OCCOC(=O)C(C)CSCCCCCCCCCCCCCCCC)(CCC(=O)OCCOC(=O)C(C)CSCCCCCCCCCCCCCCCC))CCN(CCC(=O)OCCOC(=O)C(C)CSCCCCCCCCCCCCCCCC)C1,0.7427293008475653
C1C(CCN(CCC(=O)OCCOC(=O)C(C)CSCCCCCCCCCCCCCCCCCC)(CCC(=O)OCCOC(=O)C(C)CSCCCCCCCCCCCCCCCCCC))CCN(CCC(=O)OCCOC(=O)C(C)CSCCCCCCCCCCCCCCCCCC)C1,0.7462878601623961
C1C(CCN(CCC(=O)OCCOC(=O)C(C)CSCCc5ccccc5)(CCC(=O)OCCOC(=O)C(C)CSCCc5ccccc5))CCN(CCC(=O)OCCOC(=O)C(C)CSCCc5ccccc5)C1,0.38094313989018724
C1C(CCN(CCC(=O)OCCOC(=O)C(C)CSCCC(C)C)(CCC(=O)OCCOC(=O)C(C)CSCCC(C)C))CCN(CCC(=O)OCCOC(=O)C(C)CSCCC(C)C)C1,0.6465496210068596
C1C(CCN(CCC(=O)OCCOC(=O)C(C)CSCCCC)(CCC(=O)OCCOC(=O)C(C)CSCCCC))CCN(CCC(=O)OCCOC(=O)C(C)CSCCCC)C1,0.7058407514559042
C1C(CCN(CCC(=O)OCCOC(=O)C(C)CSCCCCC)(CCC(=O)OCCOC(=O)C(C)CSCCCCC))CCN(CCC(=O)OCCOC(=O)C(C)CSCCCCC)C1,0.7116001019096381
C1C(CCN(CCC(=O)OCCOC(=O)C(C)CSCCCCCC)(CCC(=O)OCCOC(=O)C(C)CSCCCCCC))CCN(CCC(=O)OCCOC(=O)C(C)CSCCCCCC)C1,0.7131740892042043
C1C(CCN(CCC(=O)OCCOC(=O)C(C)CSCCCCCCC)(CCC(=O)OCCOC(=O)C(C)CSCCCCCCC))CCN(CCC(=O)OCCOC(=O)C(C)CSCCCCCCC)C1,0.7188736394238078
C1C(CCN(CCC(=O)OCCOC(=O)C(C)CSCCCCCCCC)(CCC(=O)OCCOC(=O)C(C)CSCCCCCCCC))CCN(CCC(=O)OCCOC(=O)C(C)CSCCCCCCCC)C1,0.7238636037470606
C1C(CCN(CCC(=O)OCCOC(=O)C(C)CSCCCCCCCCC)(CCC(=O)OCCOC(=O)C(C)CSCCCCCCCCC))CCN(CCC(=O)OCCOC(=O)C(C)CSCCCCCCCCC)C1,0.7270528505931153
C1C(CCN(CCC(=O)OCCOC(=O)C(C)CSCCN(C)C)(CCC(=O)OCCOC(=O)C(C)CSCCN(C)C))CCN(CCC(=O)OCCOC(=O)C(C)CSCCN(C)C)C1,0.5333552008656619
C1C(CCN(CCC(=O)OCCOC(=O)C(C)CSCCCC(=O)N(C)CCCN(C)C)(CCC(=O)OCCOC(=O)C(C)CSCCCC(=O)N(C)CCCN(C)C))CCN(CCC(=O)OCCOC(=O)C(C)CSCCCC(=O)N(C)CCCN(C)C)C1,0.6165874470948829
C1C(CCN(CCC(=O)OCCOC(=O)C(C)CSCCCC(=O)N(C)CCN5(CCCCC5))(CCC(=O)OCCOC(=O)C(C)CSCCCC(=O)N(C)CCN5(CCCCC5)))CCN(CCC(=O)OCCOC(=O)C(C)CSCCCC(=O)N(C)CCN5(CCCCC5))C1,0.6210738304991422
C1C(CCN(CCC(=O)OCCOC(=O)C(C)CSCCNCCCC)(CCC(=O)OCCOC(=O)C(C)CSCCNCCCC))CCN(CCC(=O)OCCOC(=O)C(C)CSCCNCCCC)C1,0.6920048063220162
C1C(CCN(CCC(=O)OCCOC(=O)C(C)CSCCN(CC)CC)(CCC(=O)OCCOC(=O)C(C)CSCCN(CC)CC))CCN(CCC(=O)OCCOC(=O)C(C)CSCCN(CC)CC)C1,0.5397254401063871
C1C(CCN(CCC(=O)OCCOC(=O)C(C)CSCCN5CCCC5)(CCC(=O)OCCOC(=O)C(C)CSCCN5CCCC5))CCN(CCC(=O)OCCOC(=O)C(C)CSCCN5CCCC5)C1,0.5841006581346551
C1C(CCN(CCC(=O)OCCOC(=O)C(C)CSCCN5CCCCC5)(CCC(=O)OCCOC(=O)C(C)CSCCN5CCCCC5))CCN(CCC(=O)OCCOC(=O)C(C)CSCCN5CCCCC5)C1,0.5866065076675285
C1C(CCN(CCC(=O)OCCOC(=O)C(C)CSCCN5CCCCCC5)(CCC(=O)OCCOC(=O)C(C)CSCCN5CCCCCC5))CCN(CCC(=O)OCCOC(=O)C(C)CSCCN5CCCCCC5)C1,0.5840887812261882
C1C(CCN(CCC(=O)OCCOC(=O)C(C)CSCCN(CCC)CCC)(CCC(=O)OCCOC(=O)C(C)CSCCN(CCC)CCC))CCN(CCC(=O)OCCOC(=O)C(C)CSCCN(CCC)CCC)C1,0.5922445948858162
C1C(CCN(CCC(=O)OCCOC(=O)C(C)CSCCN(CCCC)CCCC)(CCC(=O)OCCOC(=O)C(C)CSCCN(CCCC)CCCC))CCN(CCC(=O)OCCOC(=O)C(C)CSCCN(CCCC)CCCC)C1,0.6994782915902249
C1C(CCN(CCC(=O)OCCOC(=O)C(C)CSCCCC(=O)N5CCN(CCO)CC5)(CCC(=O)OCCOC(=O)C(C)CSCCCC(=O)N5CCN(CCO)CC5))CCN(CCC(=O)OCCOC(=O)C(C)CSCCCC(=O)N5CCN(CCO)CC5)C1,0.529019951121643
C1C(CCN(CCC(=O)OCCOC(=O)C(C)CSCCC(O)=O)(CCC(=O)OCCOC(=O)C(C)CSCCC(O)=O))CCN(CCC(=O)OCCOC(=O)C(C)CSCCC(O)=O)C1,0.6602970831726699
C1C(CCN(CCC(=O)OCCOC(=O)C(C)CSCCCCCC(O)=O)(CCC(=O)OCCOC(=O)C(C)CSCCCCCC(O)=O))CCN(CCC(=O)OCCOC(=O)C(C)CSCCCCCC(O)=O)C1,0.6973750098698345
C1C(CCN(CCC(=O)OCCOC(=O)C(C)CSCCCCCCCCCCC(O)=O)(CCC(=O)OCCOC(=O)C(C)CSCCCCCCCCCCC(O)=O))CCN(CCC(=O)OCCOC(=O)C(C)CSCCCCCCCCCCC(O)=O)C1,0.7158584486713343
C1C(CCN(CCC(=O)OCCOC(=O)C(C)CSCCO)(CCC(=O)OCCOC(=O)C(C)CSCCO))CCN(CCC(=O)OCCOC(=O)C(C)CSCCO)C1,0.5576344522298888
C1C(CCN(CCC(=O)OCCOC(=O)C(C)CSCC(O)CO)(CCC(=O)OCCOC(=O)C(C)CSCC(O)CO))CCN(CCC(=O)OCCOC(=O)C(C)CSCC(O)CO)C1,0.5040227406405964
C1C(CCN(CCC(=O)OCCOC(=O)C(C)CSCCCO)(CCC(=O)OCCOC(=O)C(C)CSCCCO))CCN(CCC(=O)OCCOC(=O)C(C)CSCCCO)C1,0.6230160019561801
C1C(CCN(CCC(=O)OCCOC(=O)C(C)CSCCCCO)(CCC(=O)OCCOC(=O)C(C)CSCCCCO))CCN(CCC(=O)OCCOC(=O)C(C)CSCCCCO)C1,0.6506355150576175
C1C(CCN(CCC(=O)OCCOC(=O)C(C)CSCCCCCCO)(CCC(=O)OCCOC(=O)C(C)CSCCCCCCO))CCN(CCC(=O)OCCOC(=O)C(C)CSCCCCCCO)C1,0.667601975725192
C1C(CCN(CCC(=O)OCCOC(=O)C(C)CSCCCCCCCCCCCO)(CCC(=O)OCCOC(=O)C(C)CSCCCCCCCCCCCO))CCN(CCC(=O)OCCOC(=O)C(C)CSCCCCCCCCCCCO)C1,0.7071252984911339
CN(C)CCCN(CCC(=O)OCCOC(=O)C(C)CSCC(C)C)CCCN(CCC(=O)OCCOC(=O)C(C)CSCC(C)C)CCC(=O)OCCOC(=O)C(C)CSCC(C)C,0.7096915421035613
CN(C)CCCN(CCC(=O)OCCOC(=O)C(C)CSCCCCCCCCCC)CCCN(CCC(=O)OCCOC(=O)C(C)CSCCCCCCCCCC)CCC(=O)OCCOC(=O)C(C)CSCCCCCCCCCC,0.7827080436686678
CN(C)CCCN(CCC(=O)OCCOC(=O)C(C)CSCCCCCCCCCCC)CCCN(CCC(=O)OCCOC(=O)C(C)CSCCCCCCCCCCC)CCC(=O)OCCOC(=O)C(C)CSCCCCCCCCCCC,0.7839305932417007
CN(C)CCCN(CCC(=O)OCCOC(=O)C(C)CSCCCCCCCCCCCC)CCCN(CCC(=O)OCCOC(=O)C(C)CSCCCCCCCCCCCC)CCC(=O)OCCOC(=O)C(C)CSCCCCCCCCCCCC,0.7850755866024451
CN(C)CCCN(CCC(=O)OCCOC(=O)C(C)CSCCCCCCCCCCCCCC)CCCN(CCC(=O)OCCOC(=O)C(C)CSCCCCCCCCCCCCCC)CCC(=O)OCCOC(=O)C(C)CSCCCCCCCCCCCCCC,0.787608515486623
CN(C)CCCN(CCC(=O)OCCOC(=O)C(C)CSCCCCCCCCCCCCCCCC)CCCN(CCC(=O)OCCOC(=O)C(C)CSCCCCCCCCCCCCCCCC)CCC(=O)OCCOC(=O)C(C)CSCCCCCCCCCCCCCCCC,0.7900397186497826
CN(C)CCCN(CCC(=O)OCCOC(=O)C(C)CSCCCCCCCCCCCCCCCCCC)CCCN(CCC(=O)OCCOC(=O)C(C)CSCCCCCCCCCCCCCCCCCC)CCC(=O)OCCOC(=O)C(C)CSCCCCCCCCCCCCCCCCCC,0.7913708231662022
CN(C)CCCN(CCC(=O)OCCOC(=O)C(C)CSCCc5ccccc5)CCCN(CCC(=O)OCCOC(=O)C(C)CSCCc5ccccc5)CCC(=O)OCCOC(=O)C(C)CSCCc5ccccc5,0.4305124566059816
CN(C)CCCN(CCC(=O)OCCOC(=O)C(C)CSCCC(C)C)CCCN(CCC(=O)OCCOC(=O)C(C)CSCCC(C)C)CCC(=O)OCCOC(=O)C(C)CSCCC(C)C,0.7095295410720738
CN(C)CCCN(CCC(=O)OCCOC(=O)C(C)CSCCCC)CCCN(CCC(=O)OCCOC(=O)C(C)CSCCCC)CCC(=O)OCCOC(=O)C(C)CSCCCC,0.7728700440783408
CN(C)CCCN(CCC(=O)OCCOC(=O)C(C)CSCCCCC)CCCN(CCC(=O)OCCOC(=O)C(C)CSCCCCC)CCC(=O)OCCOC(=O)C(C)CSCCCCC,0.7756256649962717
CN(C)CCCN(CCC(=O)OCCOC(=O)C(C)CSCCCCCC)CCCN(CCC(=O)OCCOC(=O)C(C)CSCCCCCC)CCC(=O)OCCOC(=O)C(C)CSCCCCCC,0.774245865155138
CN(C)CCCN(CCC(=O)OCCOC(=O)C(C)CSCCCCCCC)CCCN(CCC(=O)OCCOC(=O)C(C)CSCCCCCCC)CCC(=O)OCCOC(=O)C(C)CSCCCCCCC,0.7775858299696369
CN(C)CCCN(CCC(=O)OCCOC(=O)C(C)CSCCCCCCCC)CCCN(CCC(=O)OCCOC(=O)C(C)CSCCCCCCCC)CCC(=O)OCCOC(=O)C(C)CSCCCCCCCC,0.7804859928636091
CN(C)CCCN(CCC(=O)OCCOC(=O)C(C)CSCCCCCCCCC)CCCN(CCC(=O)OCCOC(=O)C(C)CSCCCCCCCCC)CCC(=O)OCCOC(=O)C(C)CSCCCCCCCCC,0.7817302771791362
CN(C)CCCN(CCC(=O)OCCOC(=O)C(C)CSCCN(C)C)CCCN(CCC(=O)OCCOC(=O)C(C)CSCCN(C)C)CCC(=O)OCCOC(=O)C(C)CSCCN(C)C,0.5947478314988269
CN(C)CCCN(CCC(=O)OCCOC(=O)C(C)CSCCCC(=O)N(C)CCCN(C)C)CCCN(CCC(=O)OCCOC(=O)C(C)CSCCCC(=O)N(C)CCCN(C)C)CCC(=O)OCCOC(=O)C(C)CSCCCC(=O)N(C)CCCN(C)C,0.6627309586402345
CN(C)CCCN(CCC(=O)OCCOC(=O)C(C)CSCCCC(=O)N(C)CCN5(CCCCC5))CCCN(CCC(=O)OCCOC(=O)C(C)CSCCCC(=O)N(C)CCN5(CCCCC5))CCC(=O)OCCOC(=O)C(C)CSCCCC(=O)N(C)CCN5(CCCCC5),0.6635639456155553
CN(C)CCCN(CCC(=O)OCCOC(=O)C(C)CSCCNCCCC)CCCN(CCC(=O)OCCOC(=O)C(C)CSCCNCCCC)CCC(=O)OCCOC(=O)C(C)CSCCNCCCC,0.7490530419916428
CN(C)CCCN(CCC(=O)OCCOC(=O)C(C)CSCCN(CC)CC)CCCN(CCC(=O)OCCOC(=O)C(C)CSCCN(CC)CC)CCC(=O)OCCOC(=O)C(C)CSCCN(CC)CC,0.5975762578656595
CN(C)CCCN(CCC(=O)OCCOC(=O)C(C)CSCCN5CCCC5)CCCN(CCC(=O)OCCOC(=O)C(C)CSCCN5CCCC5)CCC(=O)OCCOC(=O)C(C)CSCCN5CCCC5,0.6421608657901976
CN(C)CCCN(CCC(=O)OCCOC(=O)C(C)CSCCN5CCCCC5)CCCN(CCC(=O)OCCOC(=O)C(C)CSCCN5CCCCC5)CCC(=O)OCCOC(=O)C(C)CSCCN5CCCCC5,0.6422639573556898
CN(C)CCCN(CCC(=O)OCCOC(=O)C(C)CSCCN5CCCCCC5)CCCN(CCC(=O)OCCOC(=O)C(C)CSCCN5CCCCCC5)CCC(=O)OCCOC(=O)C(C)CSCCN5CCCCCC5,0.6377421807641992
CN(C)CCCN(CCC(=O)OCCOC(=O)C(C)CSCCN(CCC)CCC)CCCN(CCC(=O)OCCOC(=O)C(C)CSCCN(CCC)CCC)CCC(=O)OCCOC(=O)C(C)CSCCN(CCC)CCC,0.6454469094402571
CN(C)CCCN(CCC(=O)OCCOC(=O)C(C)CSCCN(CCCC)CCCC)CCCN(CCC(=O)OCCOC(=O)C(C)CSCCN(CCCC)CCCC)CCC(=O)OCCOC(=O)C(C)CSCCN(CCCC)CCCC,0.7482589518915507
CN(C)CCCN(CCC(=O)OCCOC(=O)C(C)CSCCCC(=O)N5CCN(CCO)CC5)CCCN(CCC(=O)OCCOC(=O)C(C)CSCCCC(=O)N5CCN(CCO)CC5)CCC(=O)OCCOC(=O)C(C)CSCCCC(=O)N5CCN(CCO)CC5,0.5731466448402426
CN(C)CCCN(CCC(=O)OCCOC(=O)C(C)CSCCC(O)=O)CCCN(CCC(=O)OCCOC(=O)C(C)CSCCC(O)=O)CCC(=O)OCCOC(=O)C(C)CSCCC(O)=O,0.7221383640231692
CN(C)CCCN(CCC(=O)OCCOC(=O)C(C)CSCCCCCC(O)=O)CCCN(CCC(=O)OCCOC(=O)C(C)CSCCCCCC(O)=O)CCC(=O)OCCOC(=O)C(C)CSCCCCCC(O)=O,0.7524044086382697
CN(C)CCCN(CCC(=O)OCCOC(=O)C(C)CSCCCCCCCCCCC(O)=O)CCCN(CCC(=O)OCCOC(=O)C(C)CSCCCCCCCCCCC(O)=O)CCC(=O)OCCOC(=O)C(C)CSCCCCCCCCCCC(O)=O,0.7620494678505532
CN(C)CCCN(CCC(=O)OCCOC(=O)C(C)CSCCO)CCCN(CCC(=O)OCCOC(=O)C(C)CSCCO)CCC(=O)OCCOC(=O)C(C)CSCCO,0.627715575867419
CN(C)CCCN(CCC(=O)OCCOC(=O)C(C)CSCC(O)CO)CCCN(CCC(=O)OCCOC(=O)C(C)CSCC(O)CO)CCC(=O)OCCOC(=O)C(C)CSCC(O)CO,0.5661934275474233
CN(C)CCCN(CCC(=O)OCCOC(=O)C(C)CSCCCO)CCCN(CCC(=O)OCCOC(=O)C(C)CSCCCO)CCC(=O)OCCOC(=O)C(C)CSCCCO,0.6877336918837181
CN(C)CCCN(CCC(=O)OCCOC(=O)C(C)CSCCCCO)CCCN(CCC(=O)OCCOC(=O)C(C)CSCCCCO)CCC(=O)OCCOC(=O)C(C)CSCCCCO,0.7121666898280481
CN(C)CCCN(CCC(=O)OCCOC(=O)C(C)CSCCCCCCO)CCCN(CCC(=O)OCCOC(=O)C(C)CSCCCCCCO)CCC(=O)OCCOC(=O)C(C)CSCCCCCCO,0.7243981240126102
CN(C)CCCN(CCC(=O)OCCOC(=O)C(C)CSCCCCCCCCCCCO)CCCN(CCC(=O)OCCOC(=O)C(C)CSCCCCCCCCCCCO)CCC(=O)OCCOC(=O)C(C)CSCCCCCCCCCCCO,0.7540924142541175
OCCN(CCC(=O)OCCOC(=O)C(C)CSCC(C)C)CCCN(CCC(=O)OCCOC(=O)C(C)CSCC(C)C)CCC(=O)OCCOC(=O)C(C)CSCC(C)C,0.6831824011746875
OCCN(CCC(=O)OCCOC(=O)C(C)CSCCCCCCCCCC)CCCN(CCC(=O)OCCOC(=O)C(C)CSCCCCCCCCCC)CCC(=O)OCCOC(=O)C(C)CSCCCCCCCCCC,0.761766322352704
OCCN(CCC(=O)OCCOC(=O)C(C)CSCCCCCCCCCCC)CCCN(CCC(=O)OCCOC(=O)C(C)CSCCCCCCCCCCC)CCC(=O)OCCOC(=O)C(C)CSCCCCCCCCCCC,0.7633856200530712
OCCN(CCC(=O)OCCOC(=O)C(C)CSCCCCCCCCCCCC)CCCN(CCC(=O)OCCOC(=O)C(C)CSCCCCCCCCCCCC)CCC(=O)OCCOC(=O)C(C)CSCCCCCCCCCCCC,0.7648921465075459
OCCN(CCC(=O)OCCOC(=O)C(C)CSCCCCCCCCCCCCCC)CCCN(CCC(=O)OCCOC(=O)C(C)CSCCCCCCCCCCCCCC)CCC(=O)OCCOC(=O)C(C)CSCCCCCCCCCCCCCC,0.768273918039848
OCCN(CCC(=O)OCCOC(=O)C(C)CSCCCCCCCCCCCCCCCC)CCCN(CCC(=O)OCCOC(=O)C(C)CSCCCCCCCCCCCCCCCC)CCC(=O)OCCOC(=O)C(C)CSCCCCCCCCCCCCCCCC,0.7713280056675502
OCCN(CCC(=O)OCCOC(=O)C(C)CSCCCCCCCCCCCCCCCCCC)CCCN(CCC(=O)OCCOC(=O)C(C)CSCCCCCCCCCCCCCCCCCC)CCC(=O)OCCOC(=O)C(C)CSCCCCCCCCCCCCCCCCCC,0.7745236660441771
OCCN(CCC(=O)OCCOC(=O)C(C)CSCCc5ccccc5)CCCN(CCC(=O)OCCOC(=O)C(C)CSCCc5ccccc5)CCC(=O)OCCOC(=O)C(C)CSCCc5ccccc5,0.4031544136444414
OCCN(CCC(=O)OCCOC(=O)C(C)CSCCC(C)C)CCCN(CCC(=O)OCCOC(=O)C(C)CSCCC(C)C)CCC(=O)OCCOC(=O)C(C)CSCCC(C)C,0.6841762014906494
OCCN(CCC(=O)OCCOC(=O)C(C)CSCCCC)CCCN(CCC(=O)OCCOC(=O)C(C)CSCCCC)CCC(=O)OCCOC(=O)C(C)CSCCCC,0.7468154918210349
OCCN(CCC(=O)OCCOC(=O)C(C)CSCCCCC)CCCN(CCC(=O)OCCOC(=O)C(C)CSCCCCC)CCC(=O)OCCOC(=O)C(C)CSCCCCC,0.7507721057231314
OCCN(CCC(=O)OCCOC(=O)C(C)CSCCCCCC)CCCN(CCC(=O)OCCOC(=O)C(C)CSCCCCCC)CCC(=O)OCCOC(=O)C(C)CSCCCCCC,0.7505352207837604
OCCN(CCC(=O)OCCOC(=O)C(C)CSCCCCCCC)CCCN(CCC(=O)OCCOC(=O)C(C)CSCCCCCCC)CCC(=O)OCCOC(=O)C(C)CSCCCCCCC,0.7546655938567267
OCCN(CCC(=O)OCCOC(=O)C(C)CSCCCCCCCC)CCCN(CCC(=O)OCCOC(=O)C(C)CSCCCCCCCC)CCC(=O)OCCOC(=O)C(C)CSCCCCCCCC,0.7582008744309625
OCCN(CCC(=O)OCCOC(=O)C(C)CSCCCCCCCCC)CCCN(CCC(=O)OCCOC(=O)C(C)CSCCCCCCCCC)CCC(=O)OCCOC(=O)C(C)CSCCCCCCCCC,0.7601265369852315
OCCN(CCC(=O)OCCOC(=O)C(C)CSCCN(C)C)CCCN(CCC(=O)OCCOC(=O)C(C)CSCCN(C)C)CCC(=O)OCCOC(=O)C(C)CSCCN(C)C,0.565837239062503
OCCN(CCC(=O)OCCOC(=O)C(C)CSCCCC(=O)N(C)CCCN(C)C)CCCN(CCC(=O)OCCOC(=O)C(C)CSCCCC(=O)N(C)CCCN(C)C)CCC(=O)OCCOC(=O)C(C)CSCCCC(=O)N(C)CCCN(C)C,0.6427931923969715
OCCN(CCC(=O)OCCOC(=O)C(C)CSCCCC(=O)N(C)CCN5(CCCCC5))CCCN(CCC(=O)OCCOC(=O)C(C)CSCCCC(=O)N(C)CCN5(CCCCC5))CCC(=O)OCCOC(=O)C(C)CSCCCC(=O)N(C)CCN5(CCCCC5),0.6456807657679688
OCCN(CCC(=O)OCCOC(=O)C(C)CSCCNCCCC)CCCN(CCC(=O)OCCOC(=O)C(C)CSCCNCCCC)CCC(=O)OCCOC(=O)C(C)CSCCNCCCC,0.7275051826520744
OCCN(CCC(=O)OCCOC(=O)C(C)CSCCN(CC)CC)CCCN(CCC(=O)OCCOC(=O)C(C)CSCCN(CC)CC)CCC(=O)OCCOC(=O)C(C)CSCCN(CC)CC,0.5703496328963048
OCCN(CCC(=O)OCCOC(=O)C(C)CSCCN5CCCC5)CCCN(CCC(=O)OCCOC(=O)C(C)CSCCN5CCCC5)CCC(=O)OCCOC(=O)C(C)CSCCN5CCCC5,0.6175993003117143
OCCN(CCC(=O)OCCOC(=O)C(C)CSCCN5CCCCC5)CCCN(CCC(=O)OCCOC(=O)C(C)CSCCN5CCCCC5)CCC(=O)OCCOC(=O)C(C)CSCCN5CCCCC5,0.6186962515777104
OCCN(CCC(=O)OCCOC(=O)C(C)CSCCN5CCCCCC5)CCCN(CCC(=O)OCCOC(=O)C(C)CSCCN5CCCCCC5)CCC(=O)OCCOC(=O)C(C)CSCCN5CCCCCC5,0.6148339403288405
OCCN(CCC(=O)OCCOC(=O)C(C)CSCCN(CCC)CCC)CCCN(CCC(=O)OCCOC(=O)C(C)CSCCN(CCC)CCC)CCC(=O)OCCOC(=O)C(C)CSCCN(CCC)CCC,0.6230212871804479
OCCN(CCC(=O)OCCOC(=O)C(C)CSCCN(CCCC)CCCC)CCCN(CCC(=O)OCCOC(=O)C(C)CSCCN(CCCC)CCCC)CCC(=O)OCCOC(=O)C(C)CSCCN(CCCC)CCCC,0.7299606740930487
OCCN(CCC(=O)OCCOC(=O)C(C)CSCCCC(=O)N5CCN(CCO)CC5)CCCN(CCC(=O)OCCOC(=O)C(C)CSCCCC(=O)N5CCN(CCO)CC5)CCC(=O)OCCOC(=O)C(C)CSCCCC(=O)N5CCN(CCO)CC5,0.5518565737989467
OCCN(CCC(=O)OCCOC(=O)C(C)CSCCC(O)=O)CCCN(CCC(=O)OCCOC(=O)C(C)CSCCC(O)=O)CCC(=O)OCCOC(=O)C(C)CSCCC(O)=O,0.6975958609827752
OCCN(CCC(=O)OCCOC(=O)C(C)CSCCCCCC(O)=O)CCCN(CCC(=O)OCCOC(=O)C(C)CSCCCCCC(O)=O)CCC(=O)OCCOC(=O)C(C)CSCCCCCC(O)=O,0.7315908985492053
OCCN(CCC(=O)OCCOC(=O)C(C)CSCCCCCCCCCCC(O)=O)CCCN(CCC(=O)OCCOC(=O)C(C)CSCCCCCCCCCCC(O)=O)CCC(=O)OCCOC(=O)C(C)CSCCCCCCCCCCC(O)=O,0.744337137331262
OCCN(CCC(=O)OCCOC(=O)C(C)CSCCO)CCCN(CCC(=O)OCCOC(=O)C(C)CSCCO)CCC(=O)OCCOC(=O)C(C)CSCCO,0.5971754122049041
OCCN(CCC(=O)OCCOC(=O)C(C)CSCC(O)CO)CCCN(CCC(=O)OCCOC(=O)C(C)CSCC(O)CO)CCC(=O)OCCOC(=O)C(C)CSCC(O)CO,0.5363044153916021
OCCN(CCC(=O)OCCOC(=O)C(C)CSCCCO)CCCN(CCC(=O)OCCOC(=O)C(C)CSCCCO)CCC(=O)OCCOC(=O)C(C)CSCCCO,0.6612522835361144
OCCN(CCC(=O)OCCOC(=O)C(C)CSCCCCO)CCCN(CCC(=O)OCCOC(=O)C(C)CSCCCCO)CCC(=O)OCCOC(=O)C(C)CSCCCCO,0.6870227995274362
OCCN(CCC(=O)OCCOC(=O)C(C)CSCCCCCCO)CCCN(CCC(=O)OCCOC(=O)C(C)CSCCCCCCO)CCC(=O)OCCOC(=O)C(C)CSCCCCCCO,0.7016585950620227
OCCN(CCC(=O)OCCOC(=O)C(C)CSCCCCCCCCCCCO)CCCN(CCC(=O)OCCOC(=O)C(C)CSCCCCCCCCCCCO)CCC(=O)OCCOC(=O)C(C)CSCCCCCCCCCCCO,0.7366347840368975
N(CCN(CCC(=O)OCCOC(=O)C(C)CSCC(C)C)C)(CCN(CCC(=O)OCCOC(=O)C(C)CSCC(C)C)C)CCN(CCC(=O)OCCOC(=O)C(C)CSCC(C)C)C,0.7327383266761855
N(CCN(CCC(=O)OCCOC(=O)C(C)CSCCCCCCCCCC)C)(CCN(CCC(=O)OCCOC(=O)C(C)CSCCCCCCCCCC)C)CCN(CCC(=O)OCCOC(=O)C(C)CSCCCCCCCCCC)C,0.8033081850971256
N(CCN(CCC(=O)OCCOC(=O)C(C)CSCCCCCCCCCCC)C)(CCN(CCC(=O)OCCOC(=O)C(C)CSCCCCCCCCCCC)C)CCN(CCC(=O)OCCOC(=O)C(C)CSCCCCCCCCCCC)C,0.8041580372824695
N(CCN(CCC(=O)OCCOC(=O)C(C)CSCCCCCCCCCCCC)C)(CCN(CCC(=O)OCCOC(=O)C(C)CSCCCCCCCCCCCC)C)CCN(CCC(=O)OCCOC(=O)C(C)CSCCCCCCCCCCCC)C,0.8047319888841289
N(CCN(CCC(=O)OCCOC(=O)C(C)CSCCCCCCCCCCCCCC)C)(CCN(CCC(=O)OCCOC(=O)C(C)CSCCCCCCCCCCCCCC)C)CCN(CCC(=O)OCCOC(=O)C(C)CSCCCCCCCCCCCCCC)C,0.8049319366381679
N(CCN(CCC(=O)OCCOC(=O)C(C)CSCCCCCCCCCCCCCCCC)C)(CCN(CCC(=O)OCCOC(=O)C(C)CSCCCCCCCCCCCCCCCC)C)CCN(CCC(=O)OCCOC(=O)C(C)CSCCCCCCCCCCCCCCCC)C,0.8051089025743237
N(CCN(CCC(=O)OCCOC(=O)C(C)CSCCCCCCCCCCCCCCCCCC)C)(CCN(CCC(=O)OCCOC(=O)C(C)CSCCCCCCCCCCCCCCCCCC)C)CCN(CCC(=O)OCCOC(=O)C(C)CSCCCCCCCCCCCCCCCCCC)C,0.8052783266736029
N(CCN(CCC(=O)OCCOC(=O)C(C)CSCCc5ccccc5)C)(CCN(CCC(=O)OCCOC(=O)C(C)CSCCc5ccccc5)C)CCN(CCC(=O)OCCOC(=O)C(C)CSCCc5ccccc5)C,0.4526310310896521
N(CCN(CCC(=O)OCCOC(=O)C(C)CSCCC(C)C)C)(CCN(CCC(=O)OCCOC(=O)C(C)CSCCC(C)C)C)CCN(CCC(=O)OCCOC(=O)C(C)CSCCC(C)C)C,0.7315565148991939
N(CCN(CCC(=O)OCCOC(=O)C(C)CSCCCC)C)(CCN(CCC(=O)OCCOC(=O)C(C)CSCCCC)C)CCN(CCC(=O)OCCOC(=O)C(C)CSCCCC)C,0.7972148559773046
N(CCN(CCC(=O)OCCOC(=O)C(C)CSCCCCC)C)(CCN(CCC(=O)OCCOC(=O)C(C)CSCCCCC)C)CCN(CCC(=O)OCCOC(=O)C(C)CSCCCCC)C,0.7989140852716535
N(CCN(CCC(=O)OCCOC(=O)C(C)CSCCCCCC)C)(CCN(CCC(=O)OCCOC(=O)C(C)CSCCCCCC)C)CCN(CCC(=O)OCCOC(=O)C(C)CSCCCCCC)C,0.7965985631969609
N(CCN(CCC(=O)OCCOC(=O)C(C)CSCCCCCCC)C)(CCN(CCC(=O)OCCOC(=O)C(C)CSCCCCCCC)C)CCN(CCC(=O)OCCOC(=O)C(C)CSCCCCCCC)C,0.799048710029125
N(CCN(CCC(=O)OCCOC(=O)C(C)CSCCCCCCCC)C)(CCN(CCC(=O)OCCOC(=O)C(C)CSCCCCCCCC)C)CCN(CCC(=O)OCCOC(=O)C(C)CSCCCCCCCC)C,0.8015872804448247
N(CCN(CCC(=O)OCCOC(=O)C(C)CSCCCCCCCCC)C)(CCN(CCC(=O)OCCOC(=O)C(C)CSCCCCCCCCC)C)CCN(CCC(=O)OCCOC(=O)C(C)CSCCCCCCCCC)C,0.80251451068883
N(CCN(CCC(=O)OCCOC(=O)C(C)CSCCN(C)C)C)(CCN(CCC(=O)OCCOC(=O)C(C)CSCCN(C)C)C)CCN(CCC(=O)OCCOC(=O)C(C)CSCCN(C)C)C,0.6192979951451822
N(CCN(CCC(=O)OCCOC(=O)C(C)CSCCCC(=O)N(C)CCCN(C)C)C)(CCN(CCC(=O)OCCOC(=O)C(C)CSCCCC(=O)N(C)CCCN(C)C)C)CCN(CCC(=O)OCCOC(=O)C(C)CSCCCC(=O)N(C)CCCN(C)C)C,0.6800203524490218
N(CCN(CCC(=O)OCCOC(=O)C(C)CSCCCC(=O)N(C)CCN5(CCCCC5))C)(CCN(CCC(=O)OCCOC(=O)C(C)CSCCCC(=O)N(C)CCN5(CCCCC5))C)CCN(CCC(=O)OCCOC(=O)C(C)CSCCCC(=O)N(C)CCN5(CCCCC5))C,0.6798467120472368
N(CCN(CCC(=O)OCCOC(=O)C(C)CSCCNCCCC)C)(CCN(CCC(=O)OCCOC(=O)C(C)CSCCNCCCC)C)CCN(CCC(=O)OCCOC(=O)C(C)CSCCNCCCC)C,0.7703502391780187
N(CCN(CCC(=O)OCCOC(=O)C(C)CSCCN(CC)CC)C)(CCN(CCC(=O)OCCOC(=O)C(C)CSCCN(CC)CC)C)CCN(CCC(=O)OCCOC(=O)C(C)CSCCN(CC)CC)C,0.6201014680029631
N(CCN(CCC(=O)OCCOC(=O)C(C)CSCCN5CCCC5)C)(CCN(CCC(=O)OCCOC(=O)C(C)CSCCN5CCCC5)C)CCN(CCC(=O)OCCOC(=O)C(C)CSCCN5CCCC5)C,0.6633451729615963
N(CCN(CCC(=O)OCCOC(=O)C(C)CSCCN5CCCCC5)C)(CCN(CCC(=O)OCCOC(=O)C(C)CSCCN5CCCCC5)C)CCN(CCC(=O)OCCOC(=O)C(C)CSCCN5CCCCC5)C,0.6626136741691245
N(CCN(CCC(=O)OCCOC(=O)C(C)CSCCN5CCCCCC5)C)(CCN(CCC(=O)OCCOC(=O)C(C)CSCCN5CCCCCC5)C)CCN(CCC(=O)OCCOC(=O)C(C)CSCCN5CCCCCC5)C,0.6573061806980111
N(CCN(CCC(=O)OCCOC(=O)C(C)CSCCN(CCC)CCC)C)(CCN(CCC(=O)OCCOC(=O)C(C)CSCCN(CCC)CCC)C)CCN(CCC(=O)OCCOC(=O)C(C)CSCCN(CCC)CCC)C,0.6651790863979592
N(CCN(CCC(=O)OCCOC(=O)C(C)CSCCN(CCCC)CCCC)C)(CCN(CCC(=O)OCCOC(=O)C(C)CSCCN(CCCC)CCCC)C)CCN(CCC(=O)OCCOC(=O)C(C)CSCCN(CCCC)CCCC)C,0.7668634163903276
N(CCN(CCC(=O)OCCOC(=O)C(C)CSCCCC(=O)N5CCN(CCO)CC5)C)(CCN(CCC(=O)OCCOC(=O)C(C)CSCCCC(=O)N5CCN(CCO)CC5)C)CCN(CCC(=O)OCCOC(=O)C(C)CSCCCC(=O)N5CCN(CCO)CC5)C,0.5914489607876233
N(CCN(CCC(=O)OCCOC(=O)C(C)CSCCC(O)=O)C)(CCN(CCC(=O)OCCOC(=O)C(C)CSCCC(O)=O)C)CCN(CCC(=O)OCCOC(=O)C(C)CSCCC(O)=O)C,0.7444236606094429
N(CCN(CCC(=O)OCCOC(=O)C(C)CSCCCCCC(O)=O)C)(CCN(CCC(=O)OCCOC(=O)C(C)CSCCCCCC(O)=O)C)CCN(CCC(=O)OCCOC(=O)C(C)CSCCCCCC(O)=O)C,0.7735103282137874
N(CCN(CCC(=O)OCCOC(=O)C(C)CSCCCCCCCCCCC(O)=O)C)(CCN(CCC(=O)OCCOC(=O)C(C)CSCCCCCCCCCCC(O)=O)C)CCN(CCC(=O)OCCOC(=O)C(C)CSCCCCCCCCCCC(O)=O)C,0.7799733261096384
N(CCN(CCC(=O)OCCOC(=O)C(C)CSCCO)C)(CCN(CCC(=O)OCCOC(=O)C(C)CSCCO)C)CCN(CCC(=O)OCCOC(=O)C(C)CSCCO)C,0.6534397719157201
N(CCN(CCC(=O)OCCOC(=O)C(C)CSCC(O)CO)C)(CCN(CCC(=O)OCCOC(=O)C(C)CSCC(O)CO)C)CCN(CCC(=O)OCCOC(=O)C(C)CSCC(O)CO)C,0.5912323259771884
N(CCN(CCC(=O)OCCOC(=O)C(C)CSCCCO)C)(CCN(CCC(=O)OCCOC(=O)C(C)CSCCCO)C)CCN(CCC(=O)OCCOC(=O)C(C)CSCCCO)C,0.711318916101686
N(CCN(CCC(=O)OCCOC(=O)C(C)CSCCCCO)C)(CCN(CCC(=O)OCCOC(=O)C(C)CSCCCCO)C)CCN(CCC(=O)OCCOC(=O)C(C)CSCCCCO)C,0.7341830338220904
N(CCN(CCC(=O)OCCOC(=O)C(C)CSCCCCCCO)C)(CCN(CCC(=O)OCCOC(=O)C(C)CSCCCCCCO)C)CCN(CCC(=O)OCCOC(=O)C(C)CSCCCCCCO)C,0.7443077419828066
N(CCN(CCC(=O)OCCOC(=O)C(C)CSCCCCCCCCCCCO)C)(CCN(CCC(=O)OCCOC(=O)C(C)CSCCCCCCCCCCCO)C)CCN(CCC(=O)OCCOC(=O)C(C)CSCCCCCCCCCCCO)C,0.7716401308220585
N(CCC(=O)OCCOC(=O)C(C)CSCC(C)C)(CCC(=O)OCCOC(=O)C(C)CSCC(C)C)CCCN1CCN(CCCN(CCC(=O)OCCOC(=O)C(C)CSCC(C)C)(CCC(=O)OCCOC(=O)C(C)CSCC(C)C))CC1,0.7377038245679967
N(CCC(=O)OCCOC(=O)C(C)CSCCCCCCCCCC)(CCC(=O)OCCOC(=O)C(C)CSCCCCCCCCCC)CCCN1CCN(CCCN(CCC(=O)OCCOC(=O)C(C)CSCCCCCCCCCC)(CCC(=O)OCCOC(=O)C(C)CSCCCCCCCCCC))CC1,0.811248314098996
N(CCC(=O)OCCOC(=O)C(C)CSCCCCCCCCCCC)(CCC(=O)OCCOC(=O)C(C)CSCCCCCCCCCCC)CCCN1CCN(CCCN(CCC(=O)OCCOC(=O)C(C)CSCCCCCCCCCCC)(CCC(=O)OCCOC(=O)C(C)CSCCCCCCCCCCC))CC1,0.8116499317588017
N(CCC(=O)OCCOC(=O)C(C)CSCCCCCCCCCCCC)(CCC(=O)OCCOC(=O)C(C)CSCCCCCCCCCCCC)CCCN1CCN(CCCN(CCC(=O)OCCOC(=O)C(C)CSCCCCCCCCCCCC)(CCC(=O)OCCOC(=O)C(C)CSCCCCCCCCCCCC))CC1,0.8115252242199
N(CCC(=O)OCCOC(=O)C(C)CSCCCCCCCCCCCCCC)(CCC(=O)OCCOC(=O)C(C)CSCCCCCCCCCCCCCC)CCCN1CCN(CCCN(CCC(=O)OCCOC(=O)C(C)CSCCCCCCCCCCCCCC)(CCC(=O)OCCOC(=O)C(C)CSCCCCCCCCCCCCCC))CC1,0.8113224853923713
N(CCC(=O)OCCOC(=O)C(C)CSCCCCCCCCCCCCCCCC)(CCC(=O)OCCOC(=O)C(C)CSCCCCCCCCCCCCCCCC)CCCN1CCN(CCCN(CCC(=O)OCCOC(=O)C(C)CSCCCCCCCCCCCCCCCC)(CCC(=O)OCCOC(=O)C(C)CSCCCCCCCCCCCCCCCC))CC1,0.8111567431347168
N(CCC(=O)OCCOC(=O)C(C)CSCCCCCCCCCCCCCCCCCC)(CCC(=O)OCCOC(=O)C(C)CSCCCCCCCCCCCCCCCCCC)CCCN1CCN(CCCN(CCC(=O)OCCOC(=O)C(C)CSCCCCCCCCCCCCCCCCCC)(CCC(=O)OCCOC(=O)C(C)CSCCCCCCCCCCCCCCCCCC))CC1,0.8110091725470164
N(CCC(=O)OCCOC(=O)C(C)CSCCc5ccccc5)(CCC(=O)OCCOC(=O)C(C)CSCCc5ccccc5)CCCN1CCN(CCCN(CCC(=O)OCCOC(=O)C(C)CSCCc5ccccc5)(CCC(=O)OCCOC(=O)C(C)CSCCc5ccccc5))CC1,0.44759251990304116
N(CCC(=O)OCCOC(=O)C(C)CSCCC(C)C)(CCC(=O)OCCOC(=O)C(C)CSCCC(C)C)CCCN1CCN(CCCN(CCC(=O)OCCOC(=O)C(C)CSCCC(C)C)(CCC(=O)OCCOC(=O)C(C)CSCCC(C)C))CC1,0.7363154733527669
N(CCC(=O)OCCOC(=O)C(C)CSCCCC)(CCC(=O)OCCOC(=O)C(C)CSCCCC)CCCN1CCN(CCCN(CCC(=O)OCCOC(=O)C(C)CSCCCC)(CCC(=O)OCCOC(=O)C(C)CSCCCC))CC1,0.8053647311826991
N(CCC(=O)OCCOC(=O)C(C)CSCCCCC)(CCC(=O)OCCOC(=O)C(C)CSCCCCC)CCCN1CCN(CCCN(CCC(=O)OCCOC(=O)C(C)CSCCCCC)(CCC(=O)OCCOC(=O)C(C)CSCCCCC))CC1,0.8067830122072652
N(CCC(=O)OCCOC(=O)C(C)CSCCCCCC)(CCC(=O)OCCOC(=O)C(C)CSCCCCCC)CCCN1CCN(CCCN(CCC(=O)OCCOC(=O)C(C)CSCCCCCC)(CCC(=O)OCCOC(=O)C(C)CSCCCCCC))CC1,0.8041838695583848
N(CCC(=O)OCCOC(=O)C(C)CSCCCCCCC)(CCC(=O)OCCOC(=O)C(C)CSCCCCCCC)CCCN1CCN(CCCN(CCC(=O)OCCOC(=O)C(C)CSCCCCCCC)(CCC(=O)OCCOC(=O)C(C)CSCCCCCCC))CC1,0.8071934781638789
N(CCC(=O)OCCOC(=O)C(C)CSCCCCCCCC)(CCC(=O)OCCOC(=O)C(C)CSCCCCCCCC)CCCN1CCN(CCCN(CCC(=O)OCCOC(=O)C(C)CSCCCCCCCC)(CCC(=O)OCCOC(=O)C(C)CSCCCCCCCC))CC1,0.8098907240766953
N(CCC(=O)OCCOC(=O)C(C)CSCCCCCCCCC)(CCC(=O)OCCOC(=O)C(C)CSCCCCCCCCC)CCCN1CCN(CCCN(CCC(=O)OCCOC(=O)C(C)CSCCCCCCCCC)(CCC(=O)OCCOC(=O)C(C)CSCCCCCCCCC))CC1,0.8106993040051169
N(CCC(=O)OCCOC(=O)C(C)CSCCN(C)C)(CCC(=O)OCCOC(=O)C(C)CSCCN(C)C)CCCN1CCN(CCCN(CCC(=O)OCCOC(=O)C(C)CSCCN(C)C)(CCC(=O)OCCOC(=O)C(C)CSCCN(C)C))CC1,0.6204165030000457
N(CCC(=O)OCCOC(=O)C(C)CSCCCC(=O)N(C)CCCN(C)C)(CCC(=O)OCCOC(=O)C(C)CSCCCC(=O)N(C)CCCN(C)C)CCCN1CCN(CCCN(CCC(=O)OCCOC(=O)C(C)CSCCCC(=O)N(C)CCCN(C)C)(CCC(=O)OCCOC(=O)C(C)CSCCCC(=O)N(C)CCCN(C)C))CC1,0.6820337853568607
N(CCC(=O)OCCOC(=O)C(C)CSCCCC(=O)N(C)CCN5(CCCCC5))(CCC(=O)OCCOC(=O)C(C)CSCCCC(=O)N(C)CCN5(CCCCC5))CCCN1CCN(CCCN(CCC(=O)OCCOC(=O)C(C)CSCCCC(=O)N(C)CCN5(CCCCC5))(CCC(=O)OCCOC(=O)C(C)CSCCCC(=O)N(C)CCN5(CCCCC5)))CC1,0.681711446061071
N(CCC(=O)OCCOC(=O)C(C)CSCCNCCCC)(CCC(=O)OCCOC(=O)C(C)CSCCNCCCC)CCCN1CCN(CCCN(CCC(=O)OCCOC(=O)C(C)CSCCNCCCC)(CCC(=O)OCCOC(=O)C(C)CSCCNCCCC))CC1,0.7764846030165926
N(CCC(=O)OCCOC(=O)C(C)CSCCN(CC)CC)(CCC(=O)OCCOC(=O)C(C)CSCCN(CC)CC)CCCN1CCN(CCCN(CCC(=O)OCCOC(=O)C(C)CSCCN(CC)CC)(CCC(=O)OCCOC(=O)C(C)CSCCN(CC)CC))CC1,0.6211516836341423
N(CCC(=O)OCCOC(=O)C(C)CSCCN5CCCC5)(CCC(=O)OCCOC(=O)C(C)CSCCN5CCCC5)CCCN1CCN(CCCN(CCC(=O)OCCOC(=O)C(C)CSCCN5CCCC5)(CCC(=O)OCCOC(=O)C(C)CSCCN5CCCC5))CC1,0.6653191745333255
N(CCC(=O)OCCOC(=O)C(C)CSCCN5CCCCC5)(CCC(=O)OCCOC(=O)C(C)CSCCN5CCCCC5)CCCN1CCN(CCCN(CCC(=O)OCCOC(=O)C(C)CSCCN5CCCCC5)(CCC(=O)OCCOC(=O)C(C)CSCCN5CCCCC5))CC1,0.6645166518282218
N(CCC(=O)OCCOC(=O)C(C)CSCCN5CCCCCC5)(CCC(=O)OCCOC(=O)C(C)CSCCN5CCCCCC5)CCCN1CCN(CCCN(CCC(=O)OCCOC(=O)C(C)CSCCN5CCCCCC5)(CCC(=O)OCCOC(=O)C(C)CSCCN5CCCCCC5))CC1,0.6591349870637331
N(CCC(=O)OCCOC(=O)C(C)CSCCN(CCC)CCC)(CCC(=O)OCCOC(=O)C(C)CSCCN(CCC)CCC)CCCN1CCN(CCCN(CCC(=O)OCCOC(=O)C(C)CSCCN(CCC)CCC)(CCC(=O)OCCOC(=O)C(C)CSCCN(CCC)CCC))CC1,0.6670422170291503
N(CCC(=O)OCCOC(=O)C(C)CSCCN(CCCC)CCCC)(CCC(=O)OCCOC(=O)C(C)CSCCN(CCCC)CCCC)CCCN1CCN(CCCN(CCC(=O)OCCOC(=O)C(C)CSCCN(CCCC)CCCC)(CCC(=O)OCCOC(=O)C(C)CSCCN(CCCC)CCCC))CC1,0.7718321210474247
N(CCC(=O)OCCOC(=O)C(C)CSCCCC(=O)N5CCN(CCO)CC5)(CCC(=O)OCCOC(=O)C(C)CSCCCC(=O)N5CCN(CCO)CC5)CCCN1CCN(CCCN(CCC(=O)OCCOC(=O)C(C)CSCCCC(=O)N5CCN(CCO)CC5)(CCC(=O)OCCOC(=O)C(C)CSCCCC(=O)N5CCN(CCO)CC5))CC1,0.5914768715225204
N(CCC(=O)OCCOC(=O)C(C)CSCCC(O)=O)(CCC(=O)OCCOC(=O)C(C)CSCCC(O)=O)CCCN1CCN(CCCN(CCC(=O)OCCOC(=O)C(C)CSCCC(O)=O)(CCC(=O)OCCOC(=O)C(C)CSCCC(O)=O))CC1,0.7498259318101216
N(CCC(=O)OCCOC(=O)C(C)CSCCCCCC(O)=O)(CCC(=O)OCCOC(=O)C(C)CSCCCCCC(O)=O)CCCN1CCN(CCCN(CCC(=O)OCCOC(=O)C(C)CSCCCCCC(O)=O)(CCC(=O)OCCOC(=O)C(C)CSCCCCCC(O)=O))CC1,0.7793576865592605
N(CCC(=O)OCCOC(=O)C(C)CSCCCCCCCCCCC(O)=O)(CCC(=O)OCCOC(=O)C(C)CSCCCCCCCCCCC(O)=O)CCCN1CCN(CCCN(CCC(=O)OCCOC(=O)C(C)CSCCCCCCCCCCC(O)=O)(CCC(=O)OCCOC(=O)C(C)CSCCCCCCCCCCC(O)=O))CC1,0.7861102434835328
N(CCC(=O)OCCOC(=O)C(C)CSCCO)(CCC(=O)OCCOC(=O)C(C)CSCCO)CCCN1CCN(CCCN(CCC(=O)OCCOC(=O)C(C)CSCCO)(CCC(=O)OCCOC(=O)C(C)CSCCO))CC1,0.6558940162813053
N(CCC(=O)OCCOC(=O)C(C)CSCC(O)CO)(CCC(=O)OCCOC(=O)C(C)CSCC(O)CO)CCCN1CCN(CCCN(CCC(=O)OCCOC(=O)C(C)CSCC(O)CO)(CCC(=O)OCCOC(=O)C(C)CSCC(O)CO))CC1,0.5917746256177838
N(CCC(=O)OCCOC(=O)C(C)CSCCCO)(CCC(=O)OCCOC(=O)C(C)CSCCCO)CCCN1CCN(CCCN(CCC(=O)OCCOC(=O)C(C)CSCCCO)(CCC(=O)OCCOC(=O)C(C)CSCCCO))CC1,0.7154286827384622
N(CCC(=O)OCCOC(=O)C(C)CSCCCCO)(CCC(=O)OCCOC(=O)C(C)CSCCCCO)CCCN1CCN(CCCN(CCC(=O)OCCOC(=O)C(C)CSCCCCO)(CCC(=O)OCCOC(=O)C(C)CSCCCCO))CC1,0.7389523251860296
N(CCC(=O)OCCOC(=O)C(C)CSCCCCCCO)(CCC(=O)OCCOC(=O)C(C)CSCCCCCCO)CCCN1CCN(CCCN(CCC(=O)OCCOC(=O)C(C)CSCCCCCCO)(CCC(=O)OCCOC(=O)C(C)CSCCCCCCO))CC1,0.7490804776502011
N(CCC(=O)OCCOC(=O)C(C)CSCCCCCCCCCCCO)(CCC(=O)OCCOC(=O)C(C)CSCCCCCCCCCCCO)CCCN1CCN(CCCN(CCC(=O)OCCOC(=O)C(C)CSCCCCCCCCCCCO)(CCC(=O)OCCOC(=O)C(C)CSCCCCCCCCCCCO))CC1,0.777399065583996
c1c(CN(CCC(=O)OCCOC(=O)C(C)CSCC(C)C)(CCC(=O)OCCOC(=O)C(C)CSCC(C)C))ccc(CN(CCC(=O)OCCOC(=O)C(C)CSCC(C)C)(CCC(=O)OCCOC(=O)C(C)CSCC(C)C))c1,0.6119648949350514
c1c(CN(CCC(=O)OCCOC(=O)C(C)CSCCCCCCCCCC)(CCC(=O)OCCOC(=O)C(C)CSCCCCCCCCCC))ccc(CN(CCC(=O)OCCOC(=O)C(C)CSCCCCCCCCCC)(CCC(=O)OCCOC(=O)C(C)CSCCCCCCCCCC))c1,0.7059941417287533
c1c(CN(CCC(=O)OCCOC(=O)C(C)CSCCCCCCCCCCC)(CCC(=O)OCCOC(=O)C(C)CSCCCCCCCCCCC))ccc(CN(CCC(=O)OCCOC(=O)C(C)CSCCCCCCCCCCC)(CCC(=O)OCCOC(=O)C(C)CSCCCCCCCCCCC))c1,0.7094241335094307
c1c(CN(CCC(=O)OCCOC(=O)C(C)CSCCCCCCCCCCCC)(CCC(=O)OCCOC(=O)C(C)CSCCCCCCCCCCCC))ccc(CN(CCC(=O)OCCOC(=O)C(C)CSCCCCCCCCCCCC)(CCC(=O)OCCOC(=O)C(C)CSCCCCCCCCCCCC))c1,0.7126636196783002
c1c(CN(CCC(=O)OCCOC(=O)C(C)CSCCCCCCCCCCCCCC)(CCC(=O)OCCOC(=O)C(C)CSCCCCCCCCCCCCCC))ccc(CN(CCC(=O)OCCOC(=O)C(C)CSCCCCCCCCCCCCCC)(CCC(=O)OCCOC(=O)C(C)CSCCCCCCCCCCCCCC))c1,0.7185186980142766
c1c(CN(CCC(=O)OCCOC(=O)C(C)CSCCCCCCCCCCCCCCCC)(CCC(=O)OCCOC(=O)C(C)CSCCCCCCCCCCCCCCCC))ccc(CN(CCC(=O)OCCOC(=O)C(C)CSCCCCCCCCCCCCCCCC)(CCC(=O)OCCOC(=O)C(C)CSCCCCCCCCCCCCCCCC))c1,0.7236532043135707
c1c(CN(CCC(=O)OCCOC(=O)C(C)CSCCCCCCCCCCCCCCCCCC)(CCC(=O)OCCOC(=O)C(C)CSCCCCCCCCCCCCCCCCCC))ccc(CN(CCC(=O)OCCOC(=O)C(C)CSCCCCCCCCCCCCCCCCCC)(CCC(=O)OCCOC(=O)C(C)CSCCCCCCCCCCCCCCCCCC))c1,0.7281923805759651
c1c(CN(CCC(=O)OCCOC(=O)C(C)CSCCc5ccccc5)(CCC(=O)OCCOC(=O)C(C)CSCCc5ccccc5))ccc(CN(CCC(=O)OCCOC(=O)C(C)CSCCc5ccccc5)(CCC(=O)OCCOC(=O)C(C)CSCCc5ccccc5))c1,0.3552288313681847
c1c(CN(CCC(=O)OCCOC(=O)C(C)CSCCC(C)C)(CCC(=O)OCCOC(=O)C(C)CSCCC(C)C))ccc(CN(CCC(=O)OCCOC(=O)C(C)CSCCC(C)C)(CCC(=O)OCCOC(=O)C(C)CSCCC(C)C))c1,0.6163657645983496
c1c(CN(CCC(=O)OCCOC(=O)C(C)CSCCCC)(CCC(=O)OCCOC(=O)C(C)CSCCCC))ccc(CN(CCC(=O)OCCOC(=O)C(C)CSCCCC)(CCC(=O)OCCOC(=O)C(C)CSCCCC))c1,0.6747957597990069
c1c(CN(CCC(=O)OCCOC(=O)C(C)CSCCCCC)(CCC(=O)OCCOC(=O)C(C)CSCCCCC))ccc(CN(CCC(=O)OCCOC(=O)C(C)CSCCCCC)(CCC(=O)OCCOC(=O)C(C)CSCCCCC))c1,0.681880632622181
c1c(CN(CCC(=O)OCCOC(=O)C(C)CSCCCCCC)(CCC(=O)OCCOC(=O)C(C)CSCCCCCC))ccc(CN(CCC(=O)OCCOC(=O)C(C)CSCCCCCC)(CCC(=O)OCCOC(=O)C(C)CSCCCCCC))c1,0.6848030647195285
c1c(CN(CCC(=O)OCCOC(=O)C(C)CSCCCCCCC)(CCC(=O)OCCOC(=O)C(C)CSCCCCCCC))ccc(CN(CCC(=O)OCCOC(=O)C(C)CSCCCCCCC)(CCC(=O)OCCOC(=O)C(C)CSCCCCCCC))c1,0.6918743978670504
c1c(CN(CCC(=O)OCCOC(=O)C(C)CSCCCCCCCC)(CCC(=O)OCCOC(=O)C(C)CSCCCCCCCC))ccc(CN(CCC(=O)OCCOC(=O)C(C)CSCCCCCCCC)(CCC(=O)OCCOC(=O)C(C)CSCCCCCCCC))c1,0.6981102498884734
c1c(CN(CCC(=O)OCCOC(=O)C(C)CSCCCCCCCCC)(CCC(=O)OCCOC(=O)C(C)CSCCCCCCCCC))ccc(CN(CCC(=O)OCCOC(=O)C(C)CSCCCCCCCCC)(CCC(=O)OCCOC(=O)C(C)CSCCCCCCCCC))c1,0.7023719815690826
c1c(CN(CCC(=O)OCCOC(=O)C(C)CSCCN(C)C)(CCC(=O)OCCOC(=O)C(C)CSCCN(C)C))ccc(CN(CCC(=O)OCCOC(=O)C(C)CSCCN(C)C)(CCC(=O)OCCOC(=O)C(C)CSCCN(C)C))c1,0.5000627418195869
c1c(CN(CCC(=O)OCCOC(=O)C(C)CSCCCC(=O)N(C)CCCN(C)C)(CCC(=O)OCCOC(=O)C(C)CSCCCC(=O)N(C)CCCN(C)C))ccc(CN(CCC(=O)OCCOC(=O)C(C)CSCCCC(=O)N(C)CCCN(C)C)(CCC(=O)OCCOC(=O)C(C)CSCCCC(=O)N(C)CCCN(C)C))c1,0.5937931062117211
c1c(CN(CCC(=O)OCCOC(=O)C(C)CSCCCC(=O)N(C)CCN5(CCCCC5))(CCC(=O)OCCOC(=O)C(C)CSCCCC(=O)N(C)CCN5(CCCCC5)))ccc(CN(CCC(=O)OCCOC(=O)C(C)CSCCCC(=O)N(C)CCN5(CCCCC5))(CCC(=O)OCCOC(=O)C(C)CSCCCC(=O)N(C)CCN5(CCCCC5)))c1,0.599551031436439
c1c(CN(CCC(=O)OCCOC(=O)C(C)CSCCNCCCC)(CCC(=O)OCCOC(=O)C(C)CSCCNCCCC))ccc(CN(CCC(=O)OCCOC(=O)C(C)CSCCNCCCC)(CCC(=O)OCCOC(=O)C(C)CSCCNCCCC))c1,0.6649707060389087
c1c(CN(CCC(=O)OCCOC(=O)C(C)CSCCN(CC)CC)(CCC(=O)OCCOC(=O)C(C)CSCCN(CC)CC))ccc(CN(CCC(=O)OCCOC(=O)C(C)CSCCN(CC)CC)(CCC(=O)OCCOC(=O)C(C)CSCCN(CC)CC))c1,0.5101484343359896
c1c(CN(CCC(=O)OCCOC(=O)C(C)CSCCN5CCCC5)(CCC(=O)OCCOC(=O)C(C)CSCCN5CCCC5))ccc(CN(CCC(=O)OCCOC(=O)C(C)CSCCN5CCCC5)(CCC(=O)OCCOC(=O)C(C)CSCCN5CCCC5))c1,0.5553293818346471
c1c(CN(CCC(=O)OCCOC(=O)C(C)CSCCN5CCCCC5)(CCC(=O)OCCOC(=O)C(C)CSCCN5CCCCC5))ccc(CN(CCC(=O)OCCOC(=O)C(C)CSCCN5CCCCC5)(CCC(=O)OCCOC(=O)C(C)CSCCN5CCCCC5))c1,0.5588094941690545
c1c(CN(CCC(=O)OCCOC(=O)C(C)CSCCN5CCCCCC5)(CCC(=O)OCCOC(=O)C(C)CSCCN5CCCCCC5))ccc(CN(CCC(=O)OCCOC(=O)C(C)CSCCN5CCCCCC5)(CCC(=O)OCCOC(=O)C(C)CSCCN5CCCCCC5))c1,0.5574280315607354
c1c(CN(CCC(=O)OCCOC(=O)C(C)CSCCN(CCC)CCC)(CCC(=O)OCCOC(=O)C(C)CSCCN(CCC)CCC))ccc(CN(CCC(=O)OCCOC(=O)C(C)CSCCN(CCC)CCC)(CCC(=O)OCCOC(=O)C(C)CSCCN(CCC)CCC))c1,0.5647771062127541
c1c(CN(CCC(=O)OCCOC(=O)C(C)CSCCN(CCCC)CCCC)(CCC(=O)OCCOC(=O)C(C)CSCCN(CCCC)CCCC))ccc(CN(CCC(=O)OCCOC(=O)C(C)CSCCN(CCCC)CCCC)(CCC(=O)OCCOC(=O)C(C)CSCCN(CCCC)CCCC))c1,0.6761298335425432
c1c(CN(CCC(=O)OCCOC(=O)C(C)CSCCCC(=O)N5CCN(CCO)CC5)(CCC(=O)OCCOC(=O)C(C)CSCCCC(=O)N5CCN(CCO)CC5))ccc(CN(CCC(=O)OCCOC(=O)C(C)CSCCCC(=O)N5CCN(CCO)CC5)(CCC(=O)OCCOC(=O)C(C)CSCCCC(=O)N5CCN(CCO)CC5))c1,0.5065006200540305
c1c(CN(CCC(=O)OCCOC(=O)C(C)CSCCC(O)=O)(CCC(=O)OCCOC(=O)C(C)CSCCC(O)=O))ccc(CN(CCC(=O)OCCOC(=O)C(C)CSCCC(O)=O)(CCC(=O)OCCOC(=O)C(C)CSCCC(O)=O))c1,0.6322051660369644
c1c(CN(CCC(=O)OCCOC(=O)C(C)CSCCCCCC(O)=O)(CCC(=O)OCCOC(=O)C(C)CSCCCCCC(O)=O))ccc(CN(CCC(=O)OCCOC(=O)C(C)CSCCCCCC(O)=O)(CCC(=O)OCCOC(=O)C(C)CSCCCCCC(O)=O))c1,0.671302582865286
c1c(CN(CCC(=O)OCCOC(=O)C(C)CSCCCCCCCCCCC(O)=O)(CCC(=O)OCCOC(=O)C(C)CSCCCCCCCCCCC(O)=O))ccc(CN(CCC(=O)OCCOC(=O)C(C)CSCCCCCCCCCCC(O)=O)(CCC(=O)OCCOC(=O)C(C)CSCCCCCCCCCCC(O)=O))c1,0.6943345213023266
c1c(CN(CCC(=O)OCCOC(=O)C(C)CSCCO)(CCC(=O)OCCOC(=O)C(C)CSCCO))ccc(CN(CCC(=O)OCCOC(=O)C(C)CSCCO)(CCC(=O)OCCOC(=O)C(C)CSCCO))c1,0.523295934470598
c1c(CN(CCC(=O)OCCOC(=O)C(C)CSCC(O)CO)(CCC(=O)OCCOC(=O)C(C)CSCC(O)CO))ccc(CN(CCC(=O)OCCOC(=O)C(C)CSCC(O)CO)(CCC(=O)OCCOC(=O)C(C)CSCC(O)CO))c1,0.4710689516394529
c1c(CN(CCC(=O)OCCOC(=O)C(C)CSCCCO)(CCC(=O)OCCOC(=O)C(C)CSCCCO))ccc(CN(CCC(=O)OCCOC(=O)C(C)CSCCCO)(CCC(=O)OCCOC(=O)C(C)CSCCCO))c1,0.5908747122632523
c1c(CN(CCC(=O)OCCOC(=O)C(C)CSCCCCO)(CCC(=O)OCCOC(=O)C(C)CSCCCCO))ccc(CN(CCC(=O)OCCOC(=O)C(C)CSCCCCO)(CCC(=O)OCCOC(=O)C(C)CSCCCCO))c1,0.6206624737743937
c1c(CN(CCC(=O)OCCOC(=O)C(C)CSCCCCCCO)(CCC(=O)OCCOC(=O)C(C)CSCCCCCCO))ccc(CN(CCC(=O)OCCOC(=O)C(C)CSCCCCCCO)(CCC(=O)OCCOC(=O)C(C)CSCCCCCCO))c1,0.640808798530334
c1c(CN(CCC(=O)OCCOC(=O)C(C)CSCCCCCCCCCCCO)(CCC(=O)OCCOC(=O)C(C)CSCCCCCCCCCCCO))ccc(CN(CCC(=O)OCCOC(=O)C(C)CSCCCCCCCCCCCO)(CCC(=O)OCCOC(=O)C(C)CSCCCCCCCCCCCO))c1,0.6851246914008101
N(CCC(=O)OCCOC(=O)C(C)CSCC(C)C)(CCC(=O)OCCOC(=O)C(C)CSCC(C)C)CCCN(C)CCCN(CCC(=O)OCCOC(=O)C(C)CSCC(C)C)(CCC(=O)OCCOC(=O)C(C)CSCC(C)C),0.7329226562955907
N(CCC(=O)OCCOC(=O)C(C)CSCCCCCCCCCC)(CCC(=O)OCCOC(=O)C(C)CSCCCCCCCCCC)CCCN(C)CCCN(CCC(=O)OCCOC(=O)C(C)CSCCCCCCCCCC)(CCC(=O)OCCOC(=O)C(C)CSCCCCCCCCCC),0.8093226515447269
N(CCC(=O)OCCOC(=O)C(C)CSCCCCCCCCCCC)(CCC(=O)OCCOC(=O)C(C)CSCCCCCCCCCCC)CCCN(C)CCCN(CCC(=O)OCCOC(=O)C(C)CSCCCCCCCCCCC)(CCC(=O)OCCOC(=O)C(C)CSCCCCCCCCCCC),0.8098081201783085
N(CCC(=O)OCCOC(=O)C(C)CSCCCCCCCCCCCC)(CCC(=O)OCCOC(=O)C(C)CSCCCCCCCCCCCC)CCCN(C)CCCN(CCC(=O)OCCOC(=O)C(C)CSCCCCCCCCCCCC)(CCC(=O)OCCOC(=O)C(C)CSCCCCCCCCCCCC),0.8097434504117066
N(CCC(=O)OCCOC(=O)C(C)CSCCCCCCCCCCCCCC)(CCC(=O)OCCOC(=O)C(C)CSCCCCCCCCCCCCCC)CCCN(C)CCCN(CCC(=O)OCCOC(=O)C(C)CSCCCCCCCCCCCCCC)(CCC(=O)OCCOC(=O)C(C)CSCCCCCCCCCCCCCC),0.8096449908405167
N(CCC(=O)OCCOC(=O)C(C)CSCCCCCCCCCCCCCCCC)(CCC(=O)OCCOC(=O)C(C)CSCCCCCCCCCCCCCCCC)CCCN(C)CCCN(CCC(=O)OCCOC(=O)C(C)CSCCCCCCCCCCCCCCCC)(CCC(=O)OCCOC(=O)C(C)CSCCCCCCCCCCCCCCCC),0.809577351846798
N(CCC(=O)OCCOC(=O)C(C)CSCCCCCCCCCCCCCCCCCC)(CCC(=O)OCCOC(=O)C(C)CSCCCCCCCCCCCCCCCCCC)CCCN(C)CCCN(CCC(=O)OCCOC(=O)C(C)CSCCCCCCCCCCCCCCCCCC)(CCC(=O)OCCOC(=O)C(C)CSCCCCCCCCCCCCCCCCCC),0.8095174328435829
N(CCC(=O)OCCOC(=O)C(C)CSCCc5ccccc5)(CCC(=O)OCCOC(=O)C(C)CSCCc5ccccc5)CCCN(C)CCCN(CCC(=O)OCCOC(=O)C(C)CSCCc5ccccc5)(CCC(=O)OCCOC(=O)C(C)CSCCc5ccccc5),0.43435157819106995
N(CCC(=O)OCCOC(=O)C(C)CSCCC(C)C)(CCC(=O)OCCOC(=O)C(C)CSCCC(C)C)CCCN(C)CCCN(CCC(=O)OCCOC(=O)C(C)CSCCC(C)C)(CCC(=O)OCCOC(=O)C(C)CSCCC(C)C),0.731692149193885
N(CCC(=O)OCCOC(=O)C(C)CSCCCC)(CCC(=O)OCCOC(=O)C(C)CSCCCC)CCCN(C)CCCN(CCC(=O)OCCOC(=O)C(C)CSCCCC)(CCC(=O)OCCOC(=O)C(C)CSCCCC),0.8032369236463247
N(CCC(=O)OCCOC(=O)C(C)CSCCCCC)(CCC(=O)OCCOC(=O)C(C)CSCCCCC)CCCN(C)CCCN(CCC(=O)OCCOC(=O)C(C)CSCCCCC)(CCC(=O)OCCOC(=O)C(C)CSCCCCC),0.8047715389893234
N(CCC(=O)OCCOC(=O)C(C)CSCCCCCC)(CCC(=O)OCCOC(=O)C(C)CSCCCCCC)CCCN(C)CCCN(CCC(=O)OCCOC(=O)C(C)CSCCCCCC)(CCC(=O)OCCOC(=O)C(C)CSCCCCCC),0.8019789215015183
N(CCC(=O)OCCOC(=O)C(C)CSCCCCCCC)(CCC(=O)OCCOC(=O)C(C)CSCCCCCCC)CCCN(C)CCCN(CCC(=O)OCCOC(=O)C(C)CSCCCCCCC)(CCC(=O)OCCOC(=O)C(C)CSCCCCCCC),0.8047730829874241
N(CCC(=O)OCCOC(=O)C(C)CSCCCCCCCC)(CCC(=O)OCCOC(=O)C(C)CSCCCCCCCC)CCCN(C)CCCN(CCC(=O)OCCOC(=O)C(C)CSCCCCCCCC)(CCC(=O)OCCOC(=O)C(C)CSCCCCCCCC),0.8076134456472658
N(CCC(=O)OCCOC(=O)C(C)CSCCCCCCCCC)(CCC(=O)OCCOC(=O)C(C)CSCCCCCCCCC)CCCN(C)CCCN(CCC(=O)OCCOC(=O)C(C)CSCCCCCCCCC)(CCC(=O)OCCOC(=O)C(C)CSCCCCCCCCC),0.8086114622657333
N(CCC(=O)OCCOC(=O)C(C)CSCCN(C)C)(CCC(=O)OCCOC(=O)C(C)CSCCN(C)C)CCCN(C)CCCN(CCC(=O)OCCOC(=O)C(C)CSCCN(C)C)(CCC(=O)OCCOC(=O)C(C)CSCCN(C)C),0.6104336051264234
N(CCC(=O)OCCOC(=O)C(C)CSCCCC(=O)N(C)CCCN(C)C)(CCC(=O)OCCOC(=O)C(C)CSCCCC(=O)N(C)CCCN(C)C)CCCN(C)CCCN(CCC(=O)OCCOC(=O)C(C)CSCCCC(=O)N(C)CCCN(C)C)(CCC(=O)OCCOC(=O)C(C)CSCCCC(=O)N(C)CCCN(C)C),0.6768838390765598
N(CCC(=O)OCCOC(=O)C(C)CSCCCC(=O)N(C)CCN5(CCCCC5))(CCC(=O)OCCOC(=O)C(C)CSCCCC(=O)N(C)CCN5(CCCCC5))CCCN(C)CCCN(CCC(=O)OCCOC(=O)C(C)CSCCCC(=O)N(C)CCN5(CCCCC5))(CCC(=O)OCCOC(=O)C(C)CSCCCC(=O)N(C)CCN5(CCCCC5)),0.676876594162395
N(CCC(=O)OCCOC(=O)C(C)CSCCNCCCC)(CCC(=O)OCCOC(=O)C(C)CSCCNCCCC)CCCN(C)CCCN(CCC(=O)OCCOC(=O)C(C)CSCCNCCCC)(CCC(=O)OCCOC(=O)C(C)CSCCNCCCC),0.7735208986623229
N(CCC(=O)OCCOC(=O)C(C)CSCCN(CC)CC)(CCC(=O)OCCOC(=O)C(C)CSCCN(CC)CC)CCCN(C)CCCN(CCC(=O)OCCOC(=O)C(C)CSCCN(CC)CC)(CCC(=O)OCCOC(=O)C(C)CSCCN(CC)CC),0.6120812886380264
N(CCC(=O)OCCOC(=O)C(C)CSCCN5CCCC5)(CCC(=O)OCCOC(=O)C(C)CSCCN5CCCC5)CCCN(C)CCCN(CCC(=O)OCCOC(=O)C(C)CSCCN5CCCC5)(CCC(=O)OCCOC(=O)C(C)CSCCN5CCCC5),0.6584110301081376
N(CCC(=O)OCCOC(=O)C(C)CSCCN5CCCCC5)(CCC(=O)OCCOC(=O)C(C)CSCCN5CCCCC5)CCCN(C)CCCN(CCC(=O)OCCOC(=O)C(C)CSCCN5CCCCC5)(CCC(=O)OCCOC(=O)C(C)CSCCN5CCCCC5),0.6578581006344645
N(CCC(=O)OCCOC(=O)C(C)CSCCN5CCCCCC5)(CCC(=O)OCCOC(=O)C(C)CSCCN5CCCCCC5)CCCN(C)CCCN(CCC(=O)OCCOC(=O)C(C)CSCCN5CCCCCC5)(CCC(=O)OCCOC(=O)C(C)CSCCN5CCCCCC5),0.6525262001164518
N(CCC(=O)OCCOC(=O)C(C)CSCCN(CCC)CCC)(CCC(=O)OCCOC(=O)C(C)CSCCN(CCC)CCC)CCCN(C)CCCN(CCC(=O)OCCOC(=O)C(C)CSCCN(CCC)CCC)(CCC(=O)OCCOC(=O)C(C)CSCCN(CCC)CCC),0.660579159748757
N(CCC(=O)OCCOC(=O)C(C)CSCCN(CCCC)CCCC)(CCC(=O)OCCOC(=O)C(C)CSCCN(CCCC)CCCC)CCCN(C)CCCN(CCC(=O)OCCOC(=O)C(C)CSCCN(CCCC)CCCC)(CCC(=O)OCCOC(=O)C(C)CSCCN(CCCC)CCCC),0.7691315496002376
N(CCC(=O)OCCOC(=O)C(C)CSCCCC(=O)N5CCN(CCO)CC5)(CCC(=O)OCCOC(=O)C(C)CSCCCC(=O)N5CCN(CCO)CC5)CCCN(C)CCCN(CCC(=O)OCCOC(=O)C(C)CSCCCC(=O)N5CCN(CCO)CC5)(CCC(=O)OCCOC(=O)C(C)CSCCCC(=O)N5CCN(CCO)CC5),0.5834682721433389
N(CCC(=O)OCCOC(=O)C(C)CSCCC(O)=O)(CCC(=O)OCCOC(=O)C(C)CSCCC(O)=O)CCCN(C)CCCN(CCC(=O)OCCOC(=O)C(C)CSCCC(O)=O)(CCC(=O)OCCOC(=O)C(C)CSCCC(O)=O),0.7454952546758623
N(CCC(=O)OCCOC(=O)C(C)CSCCCCCC(O)=O)(CCC(=O)OCCOC(=O)C(C)CSCCCCCC(O)=O)CCCN(C)CCCN(CCC(=O)OCCOC(=O)C(C)CSCCCCCC(O)=O)(CCC(=O)OCCOC(=O)C(C)CSCCCCCC(O)=O),0.7766130517816614
N(CCC(=O)OCCOC(=O)C(C)CSCCCCCCCCCCC(O)=O)(CCC(=O)OCCOC(=O)C(C)CSCCCCCCCCCCC(O)=O)CCCN(C)CCCN(CCC(=O)OCCOC(=O)C(C)CSCCCCCCCCCCC(O)=O)(CCC(=O)OCCOC(=O)C(C)CSCCCCCCCCCCC(O)=O),0.7834486876806591
N(CCC(=O)OCCOC(=O)C(C)CSCCO)(CCC(=O)OCCOC(=O)C(C)CSCCO)CCCN(C)CCCN(CCC(=O)OCCOC(=O)C(C)CSCCO)(CCC(=O)OCCOC(=O)C(C)CSCCO),0.6468811055221688
N(CCC(=O)OCCOC(=O)C(C)CSCC(O)CO)(CCC(=O)OCCOC(=O)C(C)CSCC(O)CO)CCCN(C)CCCN(CCC(=O)OCCOC(=O)C(C)CSCC(O)CO)(CCC(=O)OCCOC(=O)C(C)CSCC(O)CO),0.5806387174702019
N(CCC(=O)OCCOC(=O)C(C)CSCCCO)(CCC(=O)OCCOC(=O)C(C)CSCCCO)CCCN(C)CCCN(CCC(=O)OCCOC(=O)C(C)CSCCCO)(CCC(=O)OCCOC(=O)C(C)CSCCCO),0.709517129702726
N(CCC(=O)OCCOC(=O)C(C)CSCCCCO)(CCC(=O)OCCOC(=O)C(C)CSCCCCO)CCCN(C)CCCN(CCC(=O)OCCOC(=O)C(C)CSCCCCO)(CCC(=O)OCCOC(=O)C(C)CSCCCCO),0.73445168949161
N(CCC(=O)OCCOC(=O)C(C)CSCCCCCCO)(CCC(=O)OCCOC(=O)C(C)CSCCCCCCO)CCCN(C)CCCN(CCC(=O)OCCOC(=O)C(C)CSCCCCCCO)(CCC(=O)OCCOC(=O)C(C)CSCCCCCCO),0.7453937664930134
N(CCC(=O)OCCOC(=O)C(C)CSCCCCCCCCCCCO)(CCC(=O)OCCOC(=O)C(C)CSCCCCCCCCCCCO)CCCN(C)CCCN(CCC(=O)OCCOC(=O)C(C)CSCCCCCCCCCCCO)(CCC(=O)OCCOC(=O)C(C)CSCCCCCCCCCCCO),0.7746306176049209
N(CCC(=O)OCCOC(=O)C(C)CSCC(C)C)(CCC(=O)OCCOC(=O)C(C)CSCC(C)C)CCOCCOCCN(CCC(=O)OCCOC(=O)C(C)CSCC(C)C)CCC(=O)OCCOC(=O)C(C)CSCC(C)C,0.5410223391264223
N(CCC(=O)OCCOC(=O)C(C)CSCCCCCCCCCC)(CCC(=O)OCCOC(=O)C(C)CSCCCCCCCCCC)CCOCCOCCN(CCC(=O)OCCOC(=O)C(C)CSCCCCCCCCCC)CCC(=O)OCCOC(=O)C(C)CSCCCCCCCCCC,0.6503447089538072
N(CCC(=O)OCCOC(=O)C(C)CSCCCCCCCCCCC)(CCC(=O)OCCOC(=O)C(C)CSCCCCCCCCCCC)CCOCCOCCN(CCC(=O)OCCOC(=O)C(C)CSCCCCCCCCCCC)CCC(=O)OCCOC(=O)C(C)CSCCCCCCCCCCC,0.6555285044232387
N(CCC(=O)OCCOC(=O)C(C)CSCCCCCCCCCCCC)(CCC(=O)OCCOC(=O)C(C)CSCCCCCCCCCCCC)CCOCCOCCN(CCC(=O)OCCOC(=O)C(C)CSCCCCCCCCCCCC)CCC(=O)OCCOC(=O)C(C)CSCCCCCCCCCCCC,0.6604188214844549
N(CCC(=O)OCCOC(=O)C(C)CSCCCCCCCCCCCCCC)(CCC(=O)OCCOC(=O)C(C)CSCCCCCCCCCCCCCC)CCOCCOCCN(CCC(=O)OCCOC(=O)C(C)CSCCCCCCCCCCCCCC)CCC(=O)OCCOC(=O)C(C)CSCCCCCCCCCCCCCC,0.6692468087787629
N(CCC(=O)OCCOC(=O)C(C)CSCCCCCCCCCCCCCCCC)(CCC(=O)OCCOC(=O)C(C)CSCCCCCCCCCCCCCCCC)CCOCCOCCN(CCC(=O)OCCOC(=O)C(C)CSCCCCCCCCCCCCCCCC)CCC(=O)OCCOC(=O)C(C)CSCCCCCCCCCCCCCCCC,0.6771857500897865
N(CCC(=O)OCCOC(=O)C(C)CSCCCCCCCCCCCCCCCCCC)(CCC(=O)OCCOC(=O)C(C)CSCCCCCCCCCCCCCCCCCC)CCOCCOCCN(CCC(=O)OCCOC(=O)C(C)CSCCCCCCCCCCCCCCCCCC)CCC(=O)OCCOC(=O)C(C)CSCCCCCCCCCCCCCCCCCC,0.6841917602407409
N(CCC(=O)OCCOC(=O)C(C)CSCCc5ccccc5)(CCC(=O)OCCOC(=O)C(C)CSCCc5ccccc5)CCOCCOCCN(CCC(=O)OCCOC(=O)C(C)CSCCc5ccccc5)CCC(=O)OCCOC(=O)C(C)CSCCc5ccccc5,0.3074579161324374
N(CCC(=O)OCCOC(=O)C(C)CSCCC(C)C)(CCC(=O)OCCOC(=O)C(C)CSCCC(C)C)CCOCCOCCN(CCC(=O)OCCOC(=O)C(C)CSCCC(C)C)CCC(=O)OCCOC(=O)C(C)CSCCC(C)C,0.548941386615764
N(CCC(=O)OCCOC(=O)C(C)CSCCCC)(CCC(=O)OCCOC(=O)C(C)CSCCCC)CCOCCOCCN(CCC(=O)OCCOC(=O)C(C)CSCCCC)CCC(=O)OCCOC(=O)C(C)CSCCCC,0.6032461751986382
N(CCC(=O)OCCOC(=O)C(C)CSCCCCC)(CCC(=O)OCCOC(=O)C(C)CSCCCCC)CCOCCOCCN(CCC(=O)OCCOC(=O)C(C)CSCCCCC)CCC(=O)OCCOC(=O)C(C)CSCCCCC,0.614059150205007
N(CCC(=O)OCCOC(=O)C(C)CSCCCCCC)(CCC(=O)OCCOC(=O)C(C)CSCCCCCC)CCOCCOCCN(CCC(=O)OCCOC(=O)C(C)CSCCCCCC)CCC(=O)OCCOC(=O)C(C)CSCCCCCC,0.6201348421157549
N(CCC(=O)OCCOC(=O)C(C)CSCCCCCCC)(CCC(=O)OCCOC(=O)C(C)CSCCCCCCC)CCOCCOCCN(CCC(=O)OCCOC(=O)C(C)CSCCCCCCC)CCC(=O)OCCOC(=O)C(C)CSCCCCCCC,0.6300605526751094
N(CCC(=O)OCCOC(=O)C(C)CSCCCCCCCC)(CCC(=O)OCCOC(=O)C(C)CSCCCCCCCC)CCOCCOCCN(CCC(=O)OCCOC(=O)C(C)CSCCCCCCCC)CCC(=O)OCCOC(=O)C(C)CSCCCCCCCC,0.6384798555490738
N(CCC(=O)OCCOC(=O)C(C)CSCCCCCCCCC)(CCC(=O)OCCOC(=O)C(C)CSCCCCCCCCC)CCOCCOCCN(CCC(=O)OCCOC(=O)C(C)CSCCCCCCCCC)CCC(=O)OCCOC(=O)C(C)CSCCCCCCCCC,0.6448088225328767
N(CCC(=O)OCCOC(=O)C(C)CSCCN(C)C)(CCC(=O)OCCOC(=O)C(C)CSCCN(C)C)CCOCCOCCN(CCC(=O)OCCOC(=O)C(C)CSCCN(C)C)CCC(=O)OCCOC(=O)C(C)CSCCN(C)C,0.43889793998308674
N(CCC(=O)OCCOC(=O)C(C)CSCCCC(=O)N(C)CCCN(C)C)(CCC(=O)OCCOC(=O)C(C)CSCCCC(=O)N(C)CCCN(C)C)CCOCCOCCN(CCC(=O)OCCOC(=O)C(C)CSCCCC(=O)N(C)CCCN(C)C)CCC(=O)OCCOC(=O)C(C)CSCCCC(=O)N(C)CCCN(C)C,0.5452027139840337
N(CCC(=O)OCCOC(=O)C(C)CSCCCC(=O)N(C)CCN5(CCCCC5))(CCC(=O)OCCOC(=O)C(C)CSCCCC(=O)N(C)CCN5(CCCCC5))CCOCCOCCN(CCC(=O)OCCOC(=O)C(C)CSCCCC(=O)N(C)CCN5(CCCCC5))CCC(=O)OCCOC(=O)C(C)CSCCCC(=O)N(C)CCN5(CCCCC5),0.5535402443432041
N(CCC(=O)OCCOC(=O)C(C)CSCCNCCCC)(CCC(=O)OCCOC(=O)C(C)CSCCNCCCC)CCOCCOCCN(CCC(=O)OCCOC(=O)C(C)CSCCNCCCC)CCC(=O)OCCOC(=O)C(C)CSCCNCCCC,0.602805541894519
N(CCC(=O)OCCOC(=O)C(C)CSCCN(CC)CC)(CCC(=O)OCCOC(=O)C(C)CSCCN(CC)CC)CCOCCOCCN(CCC(=O)OCCOC(=O)C(C)CSCCN(CC)CC)CCC(=O)OCCOC(=O)C(C)CSCCN(CC)CC,0.4550140436967075
N(CCC(=O)OCCOC(=O)C(C)CSCCN5CCCC5)(CCC(=O)OCCOC(=O)C(C)CSCCN5CCCC5)CCOCCOCCN(CCC(=O)OCCOC(=O)C(C)CSCCN5CCCC5)CCC(=O)OCCOC(=O)C(C)CSCCN5CCCC5,0.496854996688595
N(CCC(=O)OCCOC(=O)C(C)CSCCN5CCCCC5)(CCC(=O)OCCOC(=O)C(C)CSCCN5CCCCC5)CCOCCOCCN(CCC(=O)OCCOC(=O)C(C)CSCCN5CCCCC5)CCC(=O)OCCOC(=O)C(C)CSCCN5CCCCC5,0.5028373064065224
N(CCC(=O)OCCOC(=O)C(C)CSCCN5CCCCCC5)(CCC(=O)OCCOC(=O)C(C)CSCCN5CCCCCC5)CCOCCOCCN(CCC(=O)OCCOC(=O)C(C)CSCCN5CCCCCC5)CCC(=O)OCCOC(=O)C(C)CSCCN5CCCCCC5,0.5036400666497952
N(CCC(=O)OCCOC(=O)C(C)CSCCN(CCC)CCC)(CCC(=O)OCCOC(=O)C(C)CSCCN(CCC)CCC)CCOCCOCCN(CCC(=O)OCCOC(=O)C(C)CSCCN(CCC)CCC)CCC(=O)OCCOC(=O)C(C)CSCCN(CCC)CCC,0.5105090172770425
N(CCC(=O)OCCOC(=O)C(C)CSCCN(CCCC)CCCC)(CCC(=O)OCCOC(=O)C(C)CSCCN(CCCC)CCCC)CCOCCOCCN(CCC(=O)OCCOC(=O)C(C)CSCCN(CCCC)CCCC)CCC(=O)OCCOC(=O)C(C)CSCCN(CCCC)CCCC,0.6234148879270386
N(CCC(=O)OCCOC(=O)C(C)CSCCCC(=O)N5CCN(CCO)CC5)(CCC(=O)OCCOC(=O)C(C)CSCCCC(=O)N5CCN(CCO)CC5)CCOCCOCCN(CCC(=O)OCCOC(=O)C(C)CSCCCC(=O)N5CCN(CCO)CC5)CCC(=O)OCCOC(=O)C(C)CSCCCC(=O)N5CCN(CCO)CC5,0.4634972740304947
N(CCC(=O)OCCOC(=O)C(C)CSCCC(O)=O)(CCC(=O)OCCOC(=O)C(C)CSCCC(O)=O)CCOCCOCCN(CCC(=O)OCCOC(=O)C(C)CSCCC(O)=O)CCC(=O)OCCOC(=O)C(C)CSCCC(O)=O,0.5627226385861623
N(CCC(=O)OCCOC(=O)C(C)CSCCCCCC(O)=O)(CCC(=O)OCCOC(=O)C(C)CSCCCCCC(O)=O)CCOCCOCCN(CCC(=O)OCCOC(=O)C(C)CSCCCCCC(O)=O)CCC(=O)OCCOC(=O)C(C)CSCCCCCC(O)=O,0.612182361129079
N(CCC(=O)OCCOC(=O)C(C)CSCCCCCCCCCCC(O)=O)(CCC(=O)OCCOC(=O)C(C)CSCCCCCCCCCCC(O)=O)CCOCCOCCN(CCC(=O)OCCOC(=O)C(C)CSCCCCCCCCCCC(O)=O)CCC(=O)OCCOC(=O)C(C)CSCCCCCCCCCCC(O)=O,0.6444905807705081
N(CCC(=O)OCCOC(=O)C(C)CSCCO)(CCC(=O)OCCOC(=O)C(C)CSCCO)CCOCCOCCN(CCC(=O)OCCOC(=O)C(C)CSCCO)CCC(=O)OCCOC(=O)C(C)CSCCO,0.4531682533518779
N(CCC(=O)OCCOC(=O)C(C)CSCC(O)CO)(CCC(=O)OCCOC(=O)C(C)CSCC(O)CO)CCOCCOCCN(CCC(=O)OCCOC(=O)C(C)CSCC(O)CO)CCC(=O)OCCOC(=O)C(C)CSCC(O)CO,0.41117708716015616
N(CCC(=O)OCCOC(=O)C(C)CSCCCO)(CCC(=O)OCCOC(=O)C(C)CSCCCO)CCOCCOCCN(CCC(=O)OCCOC(=O)C(C)CSCCCO)CCC(=O)OCCOC(=O)C(C)CSCCCO,0.5202356114659505
N(CCC(=O)OCCOC(=O)C(C)CSCCCCO)(CCC(=O)OCCOC(=O)C(C)CSCCCCO)CCOCCOCCN(CCC(=O)OCCOC(=O)C(C)CSCCCCO)CCC(=O)OCCOC(=O)C(C)CSCCCCO,0.5512000776834429
N(CCC(=O)OCCOC(=O)C(C)CSCCCCCCO)(CCC(=O)OCCOC(=O)C(C)CSCCCCCCO)CCOCCOCCN(CCC(=O)OCCOC(=O)C(C)CSCCCCCCO)CCC(=O)OCCOC(=O)C(C)CSCCCCCCO,0.5776563069850968
N(CCC(=O)OCCOC(=O)C(C)CSCCCCCCCCCCCO)(CCC(=O)OCCOC(=O)C(C)CSCCCCCCCCCCCO)CCOCCOCCN(CCC(=O)OCCOC(=O)C(C)CSCCCCCCCCCCCO)CCC(=O)OCCOC(=O)C(C)CSCCCCCCCCCCCO,0.6342501321367827
N(CCC(=O)OCCOC(=O)C(C)CSCC(C)C)(CCC(=O)OCCOC(=O)C(C)CSCC(C)C)CCCN(CCC(=O)OCCOC(=O)C(C)CSCC(C)C)CCCN(CCC(=O)OCCOC(=O)C(C)CSCC(C)C)CCC(=O)OCCOC(=O)C(C)CSCC(C)C,0.7289434168828649
N(CCC(=O)OCCOC(=O)C(C)CSCCCCCCCCCC)(CCC(=O)OCCOC(=O)C(C)CSCCCCCCCCCC)CCCN(CCC(=O)OCCOC(=O)C(C)CSCCCCCCCCCC)CCCN(CCC(=O)OCCOC(=O)C(C)CSCCCCCCCCCC)CCC(=O)OCCOC(=O)C(C)CSCCCCCCCCCC,0.8081435120721403
N(CCC(=O)OCCOC(=O)C(C)CSCCCCCCCCCCC)(CCC(=O)OCCOC(=O)C(C)CSCCCCCCCCCCC)CCCN(CCC(=O)OCCOC(=O)C(C)CSCCCCCCCCCCC)CCCN(CCC(=O)OCCOC(=O)C(C)CSCCCCCCCCCCC)CCC(=O)OCCOC(=O)C(C)CSCCCCCCCCCCC,0.8088382518329074
N(CCC(=O)OCCOC(=O)C(C)CSCCCCCCCCCCCC)(CCC(=O)OCCOC(=O)C(C)CSCCCCCCCCCCCC)CCCN(CCC(=O)OCCOC(=O)C(C)CSCCCCCCCCCCCC)CCCN(CCC(=O)OCCOC(=O)C(C)CSCCCCCCCCCCCC)CCC(=O)OCCOC(=O)C(C)CSCCCCCCCCCCCC,0.8088069561790973
N(CCC(=O)OCCOC(=O)C(C)CSCCCCCCCCCCCCCC)(CCC(=O)OCCOC(=O)C(C)CSCCCCCCCCCCCCCC)CCCN(CCC(=O)OCCOC(=O)C(C)CSCCCCCCCCCCCCCC)CCCN(CCC(=O)OCCOC(=O)C(C)CSCCCCCCCCCCCCCC)CCC(=O)OCCOC(=O)C(C)CSCCCCCCCCCCCCCC,0.808780411288674
N(CCC(=O)OCCOC(=O)C(C)CSCCCCCCCCCCCCCCCC)(CCC(=O)OCCOC(=O)C(C)CSCCCCCCCCCCCCCCCC)CCCN(CCC(=O)OCCOC(=O)C(C)CSCCCCCCCCCCCCCCCC)CCCN(CCC(=O)OCCOC(=O)C(C)CSCCCCCCCCCCCCCCCC)CCC(=O)OCCOC(=O)C(C)CSCCCCCCCCCCCCCCCC,0.808765327614921
N(CCC(=O)OCCOC(=O)C(C)CSCCCCCCCCCCCCCCCCCC)(CCC(=O)OCCOC(=O)C(C)CSCCCCCCCCCCCCCCCCCC)CCCN(CCC(=O)OCCOC(=O)C(C)CSCCCCCCCCCCCCCCCCCC)CCCN(CCC(=O)OCCOC(=O)C(C)CSCCCCCCCCCCCCCCCCCC)CCC(=O)OCCOC(=O)C(C)CSCCCCCCCCCCCCCCCCCC,0.8087522036310653
N(CCC(=O)OCCOC(=O)C(C)CSCCc5ccccc5)(CCC(=O)OCCOC(=O)C(C)CSCCc5ccccc5)CCCN(CCC(=O)OCCOC(=O)C(C)CSCCc5ccccc5)CCCN(CCC(=O)OCCOC(=O)C(C)CSCCc5ccccc5)CCC(=O)OCCOC(=O)C(C)CSCCc5ccccc5,0.42393751884783065
N(CCC(=O)OCCOC(=O)C(C)CSCCC(C)C)(CCC(=O)OCCOC(=O)C(C)CSCCC(C)C)CCCN(CCC(=O)OCCOC(=O)C(C)CSCCC(C)C)CCCN(CCC(=O)OCCOC(=O)C(C)CSCCC(C)C)CCC(=O)OCCOC(=O)C(C)CSCCC(C)C,0.7278710508173951
N(CCC(=O)OCCOC(=O)C(C)CSCCCC)(CCC(=O)OCCOC(=O)C(C)CSCCCC)CCCN(CCC(=O)OCCOC(=O)C(C)CSCCCC)CCCN(CCC(=O)OCCOC(=O)C(C)CSCCCC)CCC(=O)OCCOC(=O)C(C)CSCCCC,0.801439116011701
N(CCC(=O)OCCOC(=O)C(C)CSCCCCC)(CCC(=O)OCCOC(=O)C(C)CSCCCCC)CCCN(CCC(=O)OCCOC(=O)C(C)CSCCCCC)CCCN(CCC(=O)OCCOC(=O)C(C)CSCCCCC)CCC(=O)OCCOC(=O)C(C)CSCCCCC,0.8031249243994825
N(CCC(=O)OCCOC(=O)C(C)CSCCCCCC)(CCC(=O)OCCOC(=O)C(C)CSCCCCCC)CCCN(CCC(=O)OCCOC(=O)C(C)CSCCCCCC)CCCN(CCC(=O)OCCOC(=O)C(C)CSCCCCCC)CCC(=O)OCCOC(=O)C(C)CSCCCCCC,0.8003181140060596
N(CCC(=O)OCCOC(=O)C(C)CSCCCCCCC)(CCC(=O)OCCOC(=O)C(C)CSCCCCCCC)CCCN(CCC(=O)OCCOC(=O)C(C)CSCCCCCCC)CCCN(CCC(=O)OCCOC(=O)C(C)CSCCCCCCC)CCC(=O)OCCOC(=O)C(C)CSCCCCCCC,0.8032817589757869
N(CCC(=O)OCCOC(=O)C(C)CSCCCCCCCC)(CCC(=O)OCCOC(=O)C(C)CSCCCCCCCC)CCCN(CCC(=O)OCCOC(=O)C(C)CSCCCCCCCC)CCCN(CCC(=O)OCCOC(=O)C(C)CSCCCCCCCC)CCC(=O)OCCOC(=O)C(C)CSCCCCCCCC,0.8063014629534778
N(CCC(=O)OCCOC(=O)C(C)CSCCCCCCCCC)(CCC(=O)OCCOC(=O)C(C)CSCCCCCCCCC)CCCN(CCC(=O)OCCOC(=O)C(C)CSCCCCCCCCC)CCCN(CCC(=O)OCCOC(=O)C(C)CSCCCCCCCCC)CCC(=O)OCCOC(=O)C(C)CSCCCCCCCCC,0.8073647431839704
N(CCC(=O)OCCOC(=O)C(C)CSCCN(C)C)(CCC(=O)OCCOC(=O)C(C)CSCCN(C)C)CCCN(CCC(=O)OCCOC(=O)C(C)CSCCN(C)C)CCCN(CCC(=O)OCCOC(=O)C(C)CSCCN(C)C)CCC(=O)OCCOC(=O)C(C)CSCCN(C)C,0.6026291698037866
N(CCC(=O)OCCOC(=O)C(C)CSCCCC(=O)N(C)CCCN(C)C)(CCC(=O)OCCOC(=O)C(C)CSCCCC(=O)N(C)CCCN(C)C)CCCN(CCC(=O)OCCOC(=O)C(C)CSCCCC(=O)N(C)CCCN(C)C)CCCN(CCC(=O)OCCOC(=O)C(C)CSCCCC(=O)N(C)CCCN(C)C)CCC(=O)OCCOC(=O)C(C)CSCCCC(=O)N(C)CCCN(C)C,0.6728202736137194
N(CCC(=O)OCCOC(=O)C(C)CSCCCC(=O)N(C)CCN5(CCCCC5))(CCC(=O)OCCOC(=O)C(C)CSCCCC(=O)N(C)CCN5(CCCCC5))CCCN(CCC(=O)OCCOC(=O)C(C)CSCCCC(=O)N(C)CCN5(CCCCC5))CCCN(CCC(=O)OCCOC(=O)C(C)CSCCCC(=O)N(C)CCN5(CCCCC5))CCC(=O)OCCOC(=O)C(C)CSCCCC(=O)N(C)CCN5(CCCCC5),0.6730715889968776
N(CCC(=O)OCCOC(=O)C(C)CSCCNCCCC)(CCC(=O)OCCOC(=O)C(C)CSCCNCCCC)CCCN(CCC(=O)OCCOC(=O)C(C)CSCCNCCCC)CCCN(CCC(=O)OCCOC(=O)C(C)CSCCNCCCC)CCC(=O)OCCOC(=O)C(C)CSCCNCCCC,0.7710701579847354
N(CCC(=O)OCCOC(=O)C(C)CSCCN(CC)CC)(CCC(=O)OCCOC(=O)C(C)CSCCN(CC)CC)CCCN(CCC(=O)OCCOC(=O)C(C)CSCCN(CC)CC)CCCN(CCC(=O)OCCOC(=O)C(C)CSCCN(CC)CC)CCC(=O)OCCOC(=O)C(C)CSCCN(CC)CC,0.6050120933340284
N(CCC(=O)OCCOC(=O)C(C)CSCCN5CCCC5)(CCC(=O)OCCOC(=O)C(C)CSCCN5CCCC5)CCCN(CCC(=O)OCCOC(=O)C(C)CSCCN5CCCC5)CCCN(CCC(=O)OCCOC(=O)C(C)CSCCN5CCCC5)CCC(=O)OCCOC(=O)C(C)CSCCN5CCCC5,0.6529645768079624
N(CCC(=O)OCCOC(=O)C(C)CSCCN5CCCCC5)(CCC(=O)OCCOC(=O)C(C)CSCCN5CCCCC5)CCCN(CCC(=O)OCCOC(=O)C(C)CSCCN5CCCCC5)CCCN(CCC(=O)OCCOC(=O)C(C)CSCCN5CCCCC5)CCC(=O)OCCOC(=O)C(C)CSCCN5CCCCC5,0.6526237689195068
N(CCC(=O)OCCOC(=O)C(C)CSCCN5CCCCCC5)(CCC(=O)OCCOC(=O)C(C)CSCCN5CCCCCC5)CCCN(CCC(=O)OCCOC(=O)C(C)CSCCN5CCCCCC5)CCCN(CCC(=O)OCCOC(=O)C(C)CSCCN5CCCCCC5)CCC(=O)OCCOC(=O)C(C)CSCCN5CCCCCC5,0.6473531532491829
N(CCC(=O)OCCOC(=O)C(C)CSCCN(CCC)CCC)(CCC(=O)OCCOC(=O)C(C)CSCCN(CCC)CCC)CCCN(CCC(=O)OCCOC(=O)C(C)CSCCN(CCC)CCC)CCCN(CCC(=O)OCCOC(=O)C(C)CSCCN(CCC)CCC)CCC(=O)OCCOC(=O)C(C)CSCCN(CCC)CCC,0.6556310021433074
N(CCC(=O)OCCOC(=O)C(C)CSCCN(CCCC)CCCC)(CCC(=O)OCCOC(=O)C(C)CSCCN(CCCC)CCCC)CCCN(CCC(=O)OCCOC(=O)C(C)CSCCN(CCCC)CCCC)CCCN(CCC(=O)OCCOC(=O)C(C)CSCCN(CCCC)CCCC)CCC(=O)OCCOC(=O)C(C)CSCCN(CCCC)CCCC,0.7669386566054649
N(CCC(=O)OCCOC(=O)C(C)CSCCCC(=O)N5CCN(CCO)CC5)(CCC(=O)OCCOC(=O)C(C)CSCCCC(=O)N5CCN(CCO)CC5)CCCN(CCC(=O)OCCOC(=O)C(C)CSCCCC(=O)N5CCN(CCO)CC5)CCCN(CCC(=O)OCCOC(=O)C(C)CSCCCC(=O)N5CCN(CCO)CC5)CCC(=O)OCCOC(=O)C(C)CSCCCC(=O)N5CCN(CCO)CC5,0.5773506547457031
N(CCC(=O)OCCOC(=O)C(C)CSCCC(O)=O)(CCC(=O)OCCOC(=O)C(C)CSCCC(O)=O)CCCN(CCC(=O)OCCOC(=O)C(C)CSCCC(O)=O)CCCN(CCC(=O)OCCOC(=O)C(C)CSCCC(O)=O)CCC(=O)OCCOC(=O)C(C)CSCCC(O)=O,0.7417857992389605
N(CCC(=O)OCCOC(=O)C(C)CSCCCCCC(O)=O)(CCC(=O)OCCOC(=O)C(C)CSCCCCCC(O)=O)CCCN(CCC(=O)OCCOC(=O)C(C)CSCCCCCC(O)=O)CCCN(CCC(=O)OCCOC(=O)C(C)CSCCCCCC(O)=O)CCC(=O)OCCOC(=O)C(C)CSCCCCCC(O)=O,0.7743431370354814
N(CCC(=O)OCCOC(=O)C(C)CSCCCCCCCCCCC(O)=O)(CCC(=O)OCCOC(=O)C(C)CSCCCCCCCCCCC(O)=O)CCCN(CCC(=O)OCCOC(=O)C(C)CSCCCCCCCCCCC(O)=O)CCCN(CCC(=O)OCCOC(=O)C(C)CSCCCCCCCCCCC(O)=O)CCC(=O)OCCOC(=O)C(C)CSCCCCCCCCCCC(O)=O,0.7817538528424429
N(CCC(=O)OCCOC(=O)C(C)CSCCO)(CCC(=O)OCCOC(=O)C(C)CSCCO)CCCN(CCC(=O)OCCOC(=O)C(C)CSCCO)CCCN(CCC(=O)OCCOC(=O)C(C)CSCCO)CCC(=O)OCCOC(=O)C(C)CSCCO,0.639887091048766
N(CCC(=O)OCCOC(=O)C(C)CSCC(O)CO)(CCC(=O)OCCOC(=O)C(C)CSCC(O)CO)CCCN(CCC(=O)OCCOC(=O)C(C)CSCC(O)CO)CCCN(CCC(=O)OCCOC(=O)C(C)CSCC(O)CO)CCC(=O)OCCOC(=O)C(C)CSCC(O)CO,0.5720819987652762
N(CCC(=O)OCCOC(=O)C(C)CSCCCO)(CCC(=O)OCCOC(=O)C(C)CSCCCO)CCCN(CCC(=O)OCCOC(=O)C(C)CSCCCO)CCCN(CCC(=O)OCCOC(=O)C(C)CSCCCO)CCC(=O)OCCOC(=O)C(C)CSCCCO,0.7046930857907547
N(CCC(=O)OCCOC(=O)C(C)CSCCCCO)(CCC(=O)OCCOC(=O)C(C)CSCCCCO)CCCN(CCC(=O)OCCOC(=O)C(C)CSCCCCO)CCCN(CCC(=O)OCCOC(=O)C(C)CSCCCCO)CCC(=O)OCCOC(=O)C(C)CSCCCCO,0.7307234685393307
N(CCC(=O)OCCOC(=O)C(C)CSCCCCCCO)(CCC(=O)OCCOC(=O)C(C)CSCCCCCCO)CCCN(CCC(=O)OCCOC(=O)C(C)CSCCCCCCO)CCCN(CCC(=O)OCCOC(=O)C(C)CSCCCCCCO)CCC(=O)OCCOC(=O)C(C)CSCCCCCCO,0.7423284551868099
N(CCC(=O)OCCOC(=O)C(C)CSCCCCCCCCCCCO)(CCC(=O)OCCOC(=O)C(C)CSCCCCCCCCCCCO)CCCN(CCC(=O)OCCOC(=O)C(C)CSCCCCCCCCCCCO)CCCN(CCC(=O)OCCOC(=O)C(C)CSCCCCCCCCCCCO)CCC(=O)OCCOC(=O)C(C)CSCCCCCCCCCCCO,0.7726711058615214
N(CCC(=O)OCCOC(=O)C(C)CSCC(C)C)(CCC(=O)OCCOC(=O)C(C)CSCC(C)C)CCNCCN(CCC(=O)OCCOC(=O)C(C)CSCC(C)C)CCNCCN(CCC(=O)OCCOC(=O)C(C)CSCC(C)C)CCC(=O)OCCOC(=O)C(C)CSCC(C)C,0.7339761380765983
N(CCC(=O)OCCOC(=O)C(C)CSCCCCCCCCCC)(CCC(=O)OCCOC(=O)C(C)CSCCCCCCCCCC)CCNCCN(CCC(=O)OCCOC(=O)C(C)CSCCCCCCCCCC)CCNCCN(CCC(=O)OCCOC(=O)C(C)CSCCCCCCCCCC)CCC(=O)OCCOC(=O)C(C)CSCCCCCCCCCC,0.8111200434875543
N(CCC(=O)OCCOC(=O)C(C)CSCCCCCCCCCCC)(CCC(=O)OCCOC(=O)C(C)CSCCCCCCCCCCC)CCNCCN(CCC(=O)OCCOC(=O)C(C)CSCCCCCCCCCCC)CCNCCN(CCC(=O)OCCOC(=O)C(C)CSCCCCCCCCCCC)CCC(=O)OCCOC(=O)C(C)CSCCCCCCCCCCC,0.8110253845270736
N(CCC(=O)OCCOC(=O)C(C)CSCCCCCCCCCCCC)(CCC(=O)OCCOC(=O)C(C)CSCCCCCCCCCCCC)CCNCCN(CCC(=O)OCCOC(=O)C(C)CSCCCCCCCCCCCC)CCNCCN(CCC(=O)OCCOC(=O)C(C)CSCCCCCCCCCCCC)CCC(=O)OCCOC(=O)C(C)CSCCCCCCCCCCCC,0.8109186705044992
N(CCC(=O)OCCOC(=O)C(C)CSCCCCCCCCCCCCCC)(CCC(=O)OCCOC(=O)C(C)CSCCCCCCCCCCCCCC)CCNCCN(CCC(=O)OCCOC(=O)C(C)CSCCCCCCCCCCCCCC)CCNCCN(CCC(=O)OCCOC(=O)C(C)CSCCCCCCCCCCCCCC)CCC(=O)OCCOC(=O)C(C)CSCCCCCCCCCCCCCC,0.8107370725740414
N(CCC(=O)OCCOC(=O)C(C)CSCCCCCCCCCCCCCCCC)(CCC(=O)OCCOC(=O)C(C)CSCCCCCCCCCCCCCCCC)CCNCCN(CCC(=O)OCCOC(=O)C(C)CSCCCCCCCCCCCCCCCC)CCNCCN(CCC(=O)OCCOC(=O)C(C)CSCCCCCCCCCCCCCCCC)CCC(=O)OCCOC(=O)C(C)CSCCCCCCCCCCCCCCCC,0.8106028041238239
N(CCC(=O)OCCOC(=O)C(C)CSCCCCCCCCCCCCCCCCCC)(CCC(=O)OCCOC(=O)C(C)CSCCCCCCCCCCCCCCCCCC)CCNCCN(CCC(=O)OCCOC(=O)C(C)CSCCCCCCCCCCCCCCCCCC)CCNCCN(CCC(=O)OCCOC(=O)C(C)CSCCCCCCCCCCCCCCCCCC)CCC(=O)OCCOC(=O)C(C)CSCCCCCCCCCCCCCCCCCC,0.8104836193473594
N(CCC(=O)OCCOC(=O)C(C)CSCCc5ccccc5)(CCC(=O)OCCOC(=O)C(C)CSCCc5ccccc5)CCNCCN(CCC(=O)OCCOC(=O)C(C)CSCCc5ccccc5)CCNCCN(CCC(=O)OCCOC(=O)C(C)CSCCc5ccccc5)CCC(=O)OCCOC(=O)C(C)CSCCc5ccccc5,0.43578075627915447
N(CCC(=O)OCCOC(=O)C(C)CSCCC(C)C)(CCC(=O)OCCOC(=O)C(C)CSCCC(C)C)CCNCCN(CCC(=O)OCCOC(=O)C(C)CSCCC(C)C)CCNCCN(CCC(=O)OCCOC(=O)C(C)CSCCC(C)C)CCC(=O)OCCOC(=O)C(C)CSCCC(C)C,0.732650972014412
N(CCC(=O)OCCOC(=O)C(C)CSCCCC)(CCC(=O)OCCOC(=O)C(C)CSCCCC)CCNCCN(CCC(=O)OCCOC(=O)C(C)CSCCCC)CCNCCN(CCC(=O)OCCOC(=O)C(C)CSCCCC)CCC(=O)OCCOC(=O)C(C)CSCCCC,0.8044441520074354
N(CCC(=O)OCCOC(=O)C(C)CSCCCCC)(CCC(=O)OCCOC(=O)C(C)CSCCCCC)CCNCCN(CCC(=O)OCCOC(=O)C(C)CSCCCCC)CCNCCN(CCC(=O)OCCOC(=O)C(C)CSCCCCC)CCC(=O)OCCOC(=O)C(C)CSCCCCC,0.8059088123595645
N(CCC(=O)OCCOC(=O)C(C)CSCCCCCC)(CCC(=O)OCCOC(=O)C(C)CSCCCCCC)CCNCCN(CCC(=O)OCCOC(=O)C(C)CSCCCCCC)CCNCCN(CCC(=O)OCCOC(=O)C(C)CSCCCCCC)CCC(=O)OCCOC(=O)C(C)CSCCCCCC,0.8032972583413361
N(CCC(=O)OCCOC(=O)C(C)CSCCCCCCC)(CCC(=O)OCCOC(=O)C(C)CSCCCCCCC)CCNCCN(CCC(=O)OCCOC(=O)C(C)CSCCCCCCC)CCNCCN(CCC(=O)OCCOC(=O)C(C)CSCCCCCCC)CCC(=O)OCCOC(=O)C(C)CSCCCCCCC,0.8065221359127914
N(CCC(=O)OCCOC(=O)C(C)CSCCCCCCCC)(CCC(=O)OCCOC(=O)C(C)CSCCCCCCCC)CCNCCN(CCC(=O)OCCOC(=O)C(C)CSCCCCCCCC)CCNCCN(CCC(=O)OCCOC(=O)C(C)CSCCCCCCCC)CCC(=O)OCCOC(=O)C(C)CSCCCCCCCC,0.8094081652856882
N(CCC(=O)OCCOC(=O)C(C)CSCCCCCCCCC)(CCC(=O)OCCOC(=O)C(C)CSCCCCCCCCC)CCNCCN(CCC(=O)OCCOC(=O)C(C)CSCCCCCCCCC)CCNCCN(CCC(=O)OCCOC(=O)C(C)CSCCCCCCCCC)CCC(=O)OCCOC(=O)C(C)CSCCCCCCCCC,0.8104455538557231
N(CCC(=O)OCCOC(=O)C(C)CSCCN(C)C)(CCC(=O)OCCOC(=O)C(C)CSCCN(C)C)CCNCCN(CCC(=O)OCCOC(=O)C(C)CSCCN(C)C)CCNCCN(CCC(=O)OCCOC(=O)C(C)CSCCN(C)C)CCC(=O)OCCOC(=O)C(C)CSCCN(C)C,0.6119319958985983
N(CCC(=O)OCCOC(=O)C(C)CSCCCC(=O)N(C)CCCN(C)C)(CCC(=O)OCCOC(=O)C(C)CSCCCC(=O)N(C)CCCN(C)C)CCNCCN(CCC(=O)OCCOC(=O)C(C)CSCCCC(=O)N(C)CCCN(C)C)CCNCCN(CCC(=O)OCCOC(=O)C(C)CSCCCC(=O)N(C)CCCN(C)C)CCC(=O)OCCOC(=O)C(C)CSCCCC(=O)N(C)CCCN(C)C,0.6777765075169265
N(CCC(=O)OCCOC(=O)C(C)CSCCCC(=O)N(C)CCN5(CCCCC5))(CCC(=O)OCCOC(=O)C(C)CSCCCC(=O)N(C)CCN5(CCCCC5))CCNCCN(CCC(=O)OCCOC(=O)C(C)CSCCCC(=O)N(C)CCN5(CCCCC5))CCNCCN(CCC(=O)OCCOC(=O)C(C)CSCCCC(=O)N(C)CCN5(CCCCC5))CCC(=O)OCCOC(=O)C(C)CSCCCC(=O)N(C)CCN5(CCCCC5),0.6777095217531736
N(CCC(=O)OCCOC(=O)C(C)CSCCNCCCC)(CCC(=O)OCCOC(=O)C(C)CSCCNCCCC)CCNCCN(CCC(=O)OCCOC(=O)C(C)CSCCNCCCC)CCNCCN(CCC(=O)OCCOC(=O)C(C)CSCCNCCCC)CCC(=O)OCCOC(=O)C(C)CSCCNCCCC,0.774664051102255
N(CCC(=O)OCCOC(=O)C(C)CSCCN(CC)CC)(CCC(=O)OCCOC(=O)C(C)CSCCN(CC)CC)CCNCCN(CCC(=O)OCCOC(=O)C(C)CSCCN(CC)CC)CCNCCN(CCC(=O)OCCOC(=O)C(C)CSCCN(CC)CC)CCC(=O)OCCOC(=O)C(C)CSCCN(CC)CC,0.6134457672672378
N(CCC(=O)OCCOC(=O)C(C)CSCCN5CCCC5)(CCC(=O)OCCOC(=O)C(C)CSCCN5CCCC5)CCNCCN(CCC(=O)OCCOC(=O)C(C)CSCCN5CCCC5)CCNCCN(CCC(=O)OCCOC(=O)C(C)CSCCN5CCCC5)CCC(=O)OCCOC(=O)C(C)CSCCN5CCCC5,0.6596003243374634
N(CCC(=O)OCCOC(=O)C(C)CSCCN5CCCCC5)(CCC(=O)OCCOC(=O)C(C)CSCCN5CCCCC5)CCNCCN(CCC(=O)OCCOC(=O)C(C)CSCCN5CCCCC5)CCNCCN(CCC(=O)OCCOC(=O)C(C)CSCCN5CCCCC5)CCC(=O)OCCOC(=O)C(C)CSCCN5CCCCC5,0.6590014312280237
N(CCC(=O)OCCOC(=O)C(C)CSCCN5CCCCCC5)(CCC(=O)OCCOC(=O)C(C)CSCCN5CCCCCC5)CCNCCN(CCC(=O)OCCOC(=O)C(C)CSCCN5CCCCCC5)CCNCCN(CCC(=O)OCCOC(=O)C(C)CSCCN5CCCCCC5)CCC(=O)OCCOC(=O)C(C)CSCCN5CCCCCC5,0.6536458956621619
N(CCC(=O)OCCOC(=O)C(C)CSCCN(CCC)CCC)(CCC(=O)OCCOC(=O)C(C)CSCCN(CCC)CCC)CCNCCN(CCC(=O)OCCOC(=O)C(C)CSCCN(CCC)CCC)CCNCCN(CCC(=O)OCCOC(=O)C(C)CSCCN(CCC)CCC)CCC(=O)OCCOC(=O)C(C)CSCCN(CCC)CCC,0.661617439086927
N(CCC(=O)OCCOC(=O)C(C)CSCCN(CCCC)CCCC)(CCC(=O)OCCOC(=O)C(C)CSCCN(CCCC)CCCC)CCNCCN(CCC(=O)OCCOC(=O)C(C)CSCCN(CCCC)CCCC)CCNCCN(CCC(=O)OCCOC(=O)C(C)CSCCN(CCCC)CCCC)CCC(=O)OCCOC(=O)C(C)CSCCN(CCCC)CCCC,0.7702098541199408
N(CCC(=O)OCCOC(=O)C(C)CSCCCC(=O)N5CCN(CCO)CC5)(CCC(=O)OCCOC(=O)C(C)CSCCCC(=O)N5CCN(CCO)CC5)CCNCCN(CCC(=O)OCCOC(=O)C(C)CSCCCC(=O)N5CCN(CCO)CC5)CCNCCN(CCC(=O)OCCOC(=O)C(C)CSCCCC(=O)N5CCN(CCO)CC5)CCC(=O)OCCOC(=O)C(C)CSCCCC(=O)N5CCN(CCO)CC5,0.5846249642589231
N(CCC(=O)OCCOC(=O)C(C)CSCCC(O)=O)(CCC(=O)OCCOC(=O)C(C)CSCCC(O)=O)CCNCCN(CCC(=O)OCCOC(=O)C(C)CSCCC(O)=O)CCNCCN(CCC(=O)OCCOC(=O)C(C)CSCCC(O)=O)CCC(=O)OCCOC(=O)C(C)CSCCC(O)=O,0.7468597333050738
N(CCC(=O)OCCOC(=O)C(C)CSCCCCCC(O)=O)(CCC(=O)OCCOC(=O)C(C)CSCCCCCC(O)=O)CCNCCN(CCC(=O)OCCOC(=O)C(C)CSCCCCCC(O)=O)CCNCCN(CCC(=O)OCCOC(=O)C(C)CSCCCCCC(O)=O)CCC(=O)OCCOC(=O)C(C)CSCCCCCC(O)=O,0.777747771616582
N(CCC(=O)OCCOC(=O)C(C)CSCCCCCCCCCCC(O)=O)(CCC(=O)OCCOC(=O)C(C)CSCCCCCCCCCCC(O)=O)CCNCCN(CCC(=O)OCCOC(=O)C(C)CSCCCCCCCCCCC(O)=O)CCNCCN(CCC(=O)OCCOC(=O)C(C)CSCCCCCCCCCCC(O)=O)CCC(=O)OCCOC(=O)C(C)CSCCCCCCCCCCC(O)=O,0.784920236639699
N(CCC(=O)OCCOC(=O)C(C)CSCCO)(CCC(=O)OCCOC(=O)C(C)CSCCO)CCNCCN(CCC(=O)OCCOC(=O)C(C)CSCCO)CCNCCN(CCC(=O)OCCOC(=O)C(C)CSCCO)CCC(=O)OCCOC(=O)C(C)CSCCO,0.648322487133703
N(CCC(=O)OCCOC(=O)C(C)CSCC(O)CO)(CCC(=O)OCCOC(=O)C(C)CSCC(O)CO)CCNCCN(CCC(=O)OCCOC(=O)C(C)CSCC(O)CO)CCNCCN(CCC(=O)OCCOC(=O)C(C)CSCC(O)CO)CCC(=O)OCCOC(=O)C(C)CSCC(O)CO,0.58185402212907
N(CCC(=O)OCCOC(=O)C(C)CSCCCO)(CCC(=O)OCCOC(=O)C(C)CSCCCO)CCNCCN(CCC(=O)OCCOC(=O)C(C)CSCCCO)CCNCCN(CCC(=O)OCCOC(=O)C(C)CSCCCO)CCC(=O)OCCOC(=O)C(C)CSCCCO,0.7106854611886078
N(CCC(=O)OCCOC(=O)C(C)CSCCCCO)(CCC(=O)OCCOC(=O)C(C)CSCCCCO)CCNCCN(CCC(=O)OCCOC(=O)C(C)CSCCCCO)CCNCCN(CCC(=O)OCCOC(=O)C(C)CSCCCCO)CCC(=O)OCCOC(=O)C(C)CSCCCCO,0.7354494685719082
N(CCC(=O)OCCOC(=O)C(C)CSCCCCCCO)(CCC(=O)OCCOC(=O)C(C)CSCCCCCCO)CCNCCN(CCC(=O)OCCOC(=O)C(C)CSCCCCCCO)CCNCCN(CCC(=O)OCCOC(=O)C(C)CSCCCCCCO)CCC(=O)OCCOC(=O)C(C)CSCCCCCCO,0.746260662042007
N(CCC(=O)OCCOC(=O)C(C)CSCCCCCCCCCCCO)(CCC(=O)OCCOC(=O)C(C)CSCCCCCCCCCCCO)CCNCCN(CCC(=O)OCCOC(=O)C(C)CSCCCCCCCCCCCO)CCNCCN(CCC(=O)OCCOC(=O)C(C)CSCCCCCCCCCCCO)CCC(=O)OCCOC(=O)C(C)CSCCCCCCCCCCCO,0.7758433093439263
N(CCC(=O)OCCOC(=O)C(C)CSCC(C)C)(CCC(=O)OCCOC(=O)C(C)CSCC(C)C)CCCN(CCC(=O)OCCOC(=O)C(C)CSCC(C)C)CCCNCCCN(CCC(=O)OCCOC(=O)C(C)CSCC(C)C)CCC(=O)OCCOC(=O)C(C)CSCC(C)C,0.7322675260245605
N(CCC(=O)OCCOC(=O)C(C)CSCCCCCCCCCC)(CCC(=O)OCCOC(=O)C(C)CSCCCCCCCCCC)CCCN(CCC(=O)OCCOC(=O)C(C)CSCCCCCCCCCC)CCCNCCCN(CCC(=O)OCCOC(=O)C(C)CSCCCCCCCCCC)CCC(=O)OCCOC(=O)C(C)CSCCCCCCCCCC,0.8092210445927932
N(CCC(=O)OCCOC(=O)C(C)CSCCCCCCCCCCC)(CCC(=O)OCCOC(=O)C(C)CSCCCCCCCCCCC)CCCN(CCC(=O)OCCOC(=O)C(C)CSCCCCCCCCCCC)CCCNCCCN(CCC(=O)OCCOC(=O)C(C)CSCCCCCCCCCCC)CCC(=O)OCCOC(=O)C(C)CSCCCCCCCCCCC,0.8094260400329307
N(CCC(=O)OCCOC(=O)C(C)CSCCCCCCCCCCCC)(CCC(=O)OCCOC(=O)C(C)CSCCCCCCCCCCCC)CCCN(CCC(=O)OCCOC(=O)C(C)CSCCCCCCCCCCCC)CCCNCCCN(CCC(=O)OCCOC(=O)C(C)CSCCCCCCCCCCCC)CCC(=O)OCCOC(=O)C(C)CSCCCCCCCCCCCC,0.809374909941981
N(CCC(=O)OCCOC(=O)C(C)CSCCCCCCCCCCCCCC)(CCC(=O)OCCOC(=O)C(C)CSCCCCCCCCCCCCCC)CCCN(CCC(=O)OCCOC(=O)C(C)CSCCCCCCCCCCCCCC)CCCNCCCN(CCC(=O)OCCOC(=O)C(C)CSCCCCCCCCCCCCCC)CCC(=O)OCCOC(=O)C(C)CSCCCCCCCCCCCCCC,0.8093162973986971
N(CCC(=O)OCCOC(=O)C(C)CSCCCCCCCCCCCCCCCC)(CCC(=O)OCCOC(=O)C(C)CSCCCCCCCCCCCCCCCC)CCCN(CCC(=O)OCCOC(=O)C(C)CSCCCCCCCCCCCCCCCC)CCCNCCCN(CCC(=O)OCCOC(=O)C(C)CSCCCCCCCCCCCCCCCC)CCC(=O)OCCOC(=O)C(C)CSCCCCCCCCCCCCCCCC,0.8092691460720839
N(CCC(=O)OCCOC(=O)C(C)CSCCCCCCCCCCCCCCCCCC)(CCC(=O)OCCOC(=O)C(C)CSCCCCCCCCCCCCCCCCCC)CCCN(CCC(=O)OCCOC(=O)C(C)CSCCCCCCCCCCCCCCCCCC)CCCNCCCN(CCC(=O)OCCOC(=O)C(C)CSCCCCCCCCCCCCCCCCCC)CCC(=O)OCCOC(=O)C(C)CSCCCCCCCCCCCCCCCCCC,0.8092271612006536
N(CCC(=O)OCCOC(=O)C(C)CSCCc5ccccc5)(CCC(=O)OCCOC(=O)C(C)CSCCc5ccccc5)CCCN(CCC(=O)OCCOC(=O)C(C)CSCCc5ccccc5)CCCNCCCN(CCC(=O)OCCOC(=O)C(C)CSCCc5ccccc5)CCC(=O)OCCOC(=O)C(C)CSCCc5ccccc5,0.4346531032047715
N(CCC(=O)OCCOC(=O)C(C)CSCCC(C)C)(CCC(=O)OCCOC(=O)C(C)CSCCC(C)C)CCCN(CCC(=O)OCCOC(=O)C(C)CSCCC(C)C)CCCNCCCN(CCC(=O)OCCOC(=O)C(C)CSCCC(C)C)CCC(=O)OCCOC(=O)C(C)CSCCC(C)C,0.7310306053922828
N(CCC(=O)OCCOC(=O)C(C)CSCCCC)(CCC(=O)OCCOC(=O)C(C)CSCCCC)CCCN(CCC(=O)OCCOC(=O)C(C)CSCCCC)CCCNCCCN(CCC(=O)OCCOC(=O)C(C)CSCCCC)CCC(=O)OCCOC(=O)C(C)CSCCCC,0.8022500119372736
N(CCC(=O)OCCOC(=O)C(C)CSCCCCC)(CCC(=O)OCCOC(=O)C(C)CSCCCCC)CCCN(CCC(=O)OCCOC(=O)C(C)CSCCCCC)CCCNCCCN(CCC(=O)OCCOC(=O)C(C)CSCCCCC)CCC(=O)OCCOC(=O)C(C)CSCCCCC,0.8037828457440024
N(CCC(=O)OCCOC(=O)C(C)CSCCCCCC)(CCC(=O)OCCOC(=O)C(C)CSCCCCCC)CCCN(CCC(=O)OCCOC(=O)C(C)CSCCCCCC)CCCNCCCN(CCC(=O)OCCOC(=O)C(C)CSCCCCCC)CCC(=O)OCCOC(=O)C(C)CSCCCCCC,0.8012496793216551
N(CCC(=O)OCCOC(=O)C(C)CSCCCCCCC)(CCC(=O)OCCOC(=O)C(C)CSCCCCCCC)CCCN(CCC(=O)OCCOC(=O)C(C)CSCCCCCCC)CCCNCCCN(CCC(=O)OCCOC(=O)C(C)CSCCCCCCC)CCC(=O)OCCOC(=O)C(C)CSCCCCCCC,0.8045179669935566
N(CCC(=O)OCCOC(=O)C(C)CSCCCCCCCC)(CCC(=O)OCCOC(=O)C(C)CSCCCCCCCC)CCCN(CCC(=O)OCCOC(=O)C(C)CSCCCCCCCC)CCCNCCCN(CCC(=O)OCCOC(=O)C(C)CSCCCCCCCC)CCC(=O)OCCOC(=O)C(C)CSCCCCCCCC,0.8074227024972886
N(CCC(=O)OCCOC(=O)C(C)CSCCCCCCCCC)(CCC(=O)OCCOC(=O)C(C)CSCCCCCCCCC)CCCN(CCC(=O)OCCOC(=O)C(C)CSCCCCCCCCC)CCCNCCCN(CCC(=O)OCCOC(=O)C(C)CSCCCCCCCCC)CCC(=O)OCCOC(=O)C(C)CSCCCCCCCCC,0.808492515027438
N(CCC(=O)OCCOC(=O)C(C)CSCCN(C)C)(CCC(=O)OCCOC(=O)C(C)CSCCN(C)C)CCCN(CCC(=O)OCCOC(=O)C(C)CSCCN(C)C)CCCNCCCN(CCC(=O)OCCOC(=O)C(C)CSCCN(C)C)CCC(=O)OCCOC(=O)C(C)CSCCN(C)C,0.6104697703127049
N(CCC(=O)OCCOC(=O)C(C)CSCCCC(=O)N(C)CCCN(C)C)(CCC(=O)OCCOC(=O)C(C)CSCCCC(=O)N(C)CCCN(C)C)CCCN(CCC(=O)OCCOC(=O)C(C)CSCCCC(=O)N(C)CCCN(C)C)CCCNCCCN(CCC(=O)OCCOC(=O)C(C)CSCCCC(=O)N(C)CCCN(C)C)CCC(=O)OCCOC(=O)C(C)CSCCCC(=O)N(C)CCCN(C)C,0.6765857286740424
N(CCC(=O)OCCOC(=O)C(C)CSCCCC(=O)N(C)CCN5(CCCCC5))(CCC(=O)OCCOC(=O)C(C)CSCCCC(=O)N(C)CCN5(CCCCC5))CCCN(CCC(=O)OCCOC(=O)C(C)CSCCCC(=O)N(C)CCN5(CCCCC5))CCCNCCCN(CCC(=O)OCCOC(=O)C(C)CSCCCC(=O)N(C)CCN5(CCCCC5))CCC(=O)OCCOC(=O)C(C)CSCCCC(=O)N(C)CCN5(CCCCC5),0.6765889354393284
N(CCC(=O)OCCOC(=O)C(C)CSCCNCCCC)(CCC(=O)OCCOC(=O)C(C)CSCCNCCCC)CCCN(CCC(=O)OCCOC(=O)C(C)CSCCNCCCC)CCCNCCCN(CCC(=O)OCCOC(=O)C(C)CSCCNCCCC)CCC(=O)OCCOC(=O)C(C)CSCCNCCCC,0.7727561445261439
N(CCC(=O)OCCOC(=O)C(C)CSCCN(CC)CC)(CCC(=O)OCCOC(=O)C(C)CSCCN(CC)CC)CCCN(CCC(=O)OCCOC(=O)C(C)CSCCN(CC)CC)CCCNCCCN(CCC(=O)OCCOC(=O)C(C)CSCCN(CC)CC)CCC(=O)OCCOC(=O)C(C)CSCCN(CC)CC,0.6121074178366533
N(CCC(=O)OCCOC(=O)C(C)CSCCN5CCCC5)(CCC(=O)OCCOC(=O)C(C)CSCCN5CCCC5)CCCN(CCC(=O)OCCOC(=O)C(C)CSCCN5CCCC5)CCCNCCCN(CCC(=O)OCCOC(=O)C(C)CSCCN5CCCC5)CCC(=O)OCCOC(=O)C(C)CSCCN5CCCC5,0.6581873879217073
N(CCC(=O)OCCOC(=O)C(C)CSCCN5CCCCC5)(CCC(=O)OCCOC(=O)C(C)CSCCN5CCCCC5)CCCN(CCC(=O)OCCOC(=O)C(C)CSCCN5CCCCC5)CCCNCCCN(CCC(=O)OCCOC(=O)C(C)CSCCN5CCCCC5)CCC(=O)OCCOC(=O)C(C)CSCCN5CCCCC5,0.65764580089562
N(CCC(=O)OCCOC(=O)C(C)CSCCN5CCCCCC5)(CCC(=O)OCCOC(=O)C(C)CSCCN5CCCCCC5)CCCN(CCC(=O)OCCOC(=O)C(C)CSCCN5CCCCCC5)CCCNCCCN(CCC(=O)OCCOC(=O)C(C)CSCCN5CCCCCC5)CCC(=O)OCCOC(=O)C(C)CSCCN5CCCCCC5,0.6523432957260626
N(CCC(=O)OCCOC(=O)C(C)CSCCN(CCC)CCC)(CCC(=O)OCCOC(=O)C(C)CSCCN(CCC)CCC)CCCN(CCC(=O)OCCOC(=O)C(C)CSCCN(CCC)CCC)CCCNCCCN(CCC(=O)OCCOC(=O)C(C)CSCCN(CCC)CCC)CCC(=O)OCCOC(=O)C(C)CSCCN(CCC)CCC,0.6603197680678414
N(CCC(=O)OCCOC(=O)C(C)CSCCN(CCCC)CCCC)(CCC(=O)OCCOC(=O)C(C)CSCCN(CCCC)CCCC)CCCN(CCC(=O)OCCOC(=O)C(C)CSCCN(CCCC)CCCC)CCCNCCCN(CCC(=O)OCCOC(=O)C(C)CSCCN(CCCC)CCCC)CCC(=O)OCCOC(=O)C(C)CSCCN(CCCC)CCCC,0.7685321220299168
N(CCC(=O)OCCOC(=O)C(C)CSCCCC(=O)N5CCN(CCO)CC5)(CCC(=O)OCCOC(=O)C(C)CSCCCC(=O)N5CCN(CCO)CC5)CCCN(CCC(=O)OCCOC(=O)C(C)CSCCCC(=O)N5CCN(CCO)CC5)CCCNCCCN(CCC(=O)OCCOC(=O)C(C)CSCCCC(=O)N5CCN(CCO)CC5)CCC(=O)OCCOC(=O)C(C)CSCCCC(=O)N5CCN(CCO)CC5,0.5835757581649635
N(CCC(=O)OCCOC(=O)C(C)CSCCC(O)=O)(CCC(=O)OCCOC(=O)C(C)CSCCC(O)=O)CCCN(CCC(=O)OCCOC(=O)C(C)CSCCC(O)=O)CCCNCCCN(CCC(=O)OCCOC(=O)C(C)CSCCC(O)=O)CCC(=O)OCCOC(=O)C(C)CSCCC(O)=O,0.7448072253683791
N(CCC(=O)OCCOC(=O)C(C)CSCCCCCC(O)=O)(CCC(=O)OCCOC(=O)C(C)CSCCCCCC(O)=O)CCCN(CCC(=O)OCCOC(=O)C(C)CSCCCCCC(O)=O)CCCNCCCN(CCC(=O)OCCOC(=O)C(C)CSCCCCCC(O)=O)CCC(=O)OCCOC(=O)C(C)CSCCCCCC(O)=O,0.7758923609758943
N(CCC(=O)OCCOC(=O)C(C)CSCCCCCCCCCCC(O)=O)(CCC(=O)OCCOC(=O)C(C)CSCCCCCCCCCCC(O)=O)CCCN(CCC(=O)OCCOC(=O)C(C)CSCCCCCCCCCCC(O)=O)CCCNCCCN(CCC(=O)OCCOC(=O)C(C)CSCCCCCCCCCCC(O)=O)CCC(=O)OCCOC(=O)C(C)CSCCCCCCCCCCC(O)=O,0.7833442896552357
N(CCC(=O)OCCOC(=O)C(C)CSCCO)(CCC(=O)OCCOC(=O)C(C)CSCCO)CCCN(CCC(=O)OCCOC(=O)C(C)CSCCO)CCCNCCCN(CCC(=O)OCCOC(=O)C(C)CSCCO)CCC(=O)OCCOC(=O)C(C)CSCCO,0.6467390576969055
N(CCC(=O)OCCOC(=O)C(C)CSCC(O)CO)(CCC(=O)OCCOC(=O)C(C)CSCC(O)CO)CCCN(CCC(=O)OCCOC(=O)C(C)CSCC(O)CO)CCCNCCCN(CCC(=O)OCCOC(=O)C(C)CSCC(O)CO)CCC(=O)OCCOC(=O)C(C)CSCC(O)CO,0.5804449457085656
N(CCC(=O)OCCOC(=O)C(C)CSCCCO)(CCC(=O)OCCOC(=O)C(C)CSCCCO)CCCN(CCC(=O)OCCOC(=O)C(C)CSCCCO)CCCNCCCN(CCC(=O)OCCOC(=O)C(C)CSCCCO)CCC(=O)OCCOC(=O)C(C)CSCCCO,0.7089778586737896
N(CCC(=O)OCCOC(=O)C(C)CSCCCCO)(CCC(=O)OCCOC(=O)C(C)CSCCCCO)CCCN(CCC(=O)OCCOC(=O)C(C)CSCCCCO)CCCNCCCN(CCC(=O)OCCOC(=O)C(C)CSCCCCO)CCC(=O)OCCOC(=O)C(C)CSCCCCO,0.7338199567302595
N(CCC(=O)OCCOC(=O)C(C)CSCCCCCCO)(CCC(=O)OCCOC(=O)C(C)CSCCCCCCO)CCCN(CCC(=O)OCCOC(=O)C(C)CSCCCCCCO)CCCNCCCN(CCC(=O)OCCOC(=O)C(C)CSCCCCCCO)CCC(=O)OCCOC(=O)C(C)CSCCCCCCO,0.7447691004922006
N(CCC(=O)OCCOC(=O)C(C)CSCCCCCCCCCCCO)(CCC(=O)OCCOC(=O)C(C)CSCCCCCCCCCCCO)CCCN(CCC(=O)OCCOC(=O)C(C)CSCCCCCCCCCCCO)CCCNCCCN(CCC(=O)OCCOC(=O)C(C)CSCCCCCCCCCCCO)CCC(=O)OCCOC(=O)C(C)CSCCCCCCCCCCCO,0.7742843463385706
N(CCN(CCC(=O)OCCOC(=O)C(C)CSCC(C)C)(CCC(=O)OCCOC(=O)C(C)CSCC(C)C))(CCN(CCC(=O)OCCOC(=O)C(C)CSCC(C)C)(CCC(=O)OCCOC(=O)C(C)CSCC(C)C))CCNCCC(=O)OCCOC(=O)C(C)CSCC(C)C,0.7315151832577294
N(CCN(CCC(=O)OCCOC(=O)C(C)CSCCCCCCCCCC)(CCC(=O)OCCOC(=O)C(C)CSCCCCCCCCCC))(CCN(CCC(=O)OCCOC(=O)C(C)CSCCCCCCCCCC)(CCC(=O)OCCOC(=O)C(C)CSCCCCCCCCCC))CCNCCC(=O)OCCOC(=O)C(C)CSCCCCCCCCCC,0.8103617622664897
N(CCN(CCC(=O)OCCOC(=O)C(C)CSCCCCCCCCCCC)(CCC(=O)OCCOC(=O)C(C)CSCCCCCCCCCCC))(CCN(CCC(=O)OCCOC(=O)C(C)CSCCCCCCCCCCC)(CCC(=O)OCCOC(=O)C(C)CSCCCCCCCCCCC))CCNCCC(=O)OCCOC(=O)C(C)CSCCCCCCCCCCC,0.8106335059322106
N(CCN(CCC(=O)OCCOC(=O)C(C)CSCCCCCCCCCCCC)(CCC(=O)OCCOC(=O)C(C)CSCCCCCCCCCCCC))(CCN(CCC(=O)OCCOC(=O)C(C)CSCCCCCCCCCCCC)(CCC(=O)OCCOC(=O)C(C)CSCCCCCCCCCCCC))CCNCCC(=O)OCCOC(=O)C(C)CSCCCCCCCCCCCC,0.8105383718953914
N(CCN(CCC(=O)OCCOC(=O)C(C)CSCCCCCCCCCCCCCC)(CCC(=O)OCCOC(=O)C(C)CSCCCCCCCCCCCCCC))(CCN(CCC(=O)OCCOC(=O)C(C)CSCCCCCCCCCCCCCC)(CCC(=O)OCCOC(=O)C(C)CSCCCCCCCCCCCCCC))CCNCCC(=O)OCCOC(=O)C(C)CSCCCCCCCCCCCCCC,0.8103796963982746
N(CCN(CCC(=O)OCCOC(=O)C(C)CSCCCCCCCCCCCCCCCC)(CCC(=O)OCCOC(=O)C(C)CSCCCCCCCCCCCCCCCC))(CCN(CCC(=O)OCCOC(=O)C(C)CSCCCCCCCCCCCCCCCC)(CCC(=O)OCCOC(=O)C(C)CSCCCCCCCCCCCCCCCC))CCNCCC(=O)OCCOC(=O)C(C)CSCCCCCCCCCCCCCCCC,0.8102648466934004
N(CCN(CCC(=O)OCCOC(=O)C(C)CSCCCCCCCCCCCCCCCCCC)(CCC(=O)OCCOC(=O)C(C)CSCCCCCCCCCCCCCCCCCC))(CCN(CCC(=O)OCCOC(=O)C(C)CSCCCCCCCCCCCCCCCCCC)(CCC(=O)OCCOC(=O)C(C)CSCCCCCCCCCCCCCCCCCC))CCNCCC(=O)OCCOC(=O)C(C)CSCCCCCCCCCCCCCCCCCC,0.810163655433263
N(CCN(CCC(=O)OCCOC(=O)C(C)CSCCc5ccccc5)(CCC(=O)OCCOC(=O)C(C)CSCCc5ccccc5))(CCN(CCC(=O)OCCOC(=O)C(C)CSCCc5ccccc5)(CCC(=O)OCCOC(=O)C(C)CSCCc5ccccc5))CCNCCC(=O)OCCOC(=O)C(C)CSCCc5ccccc5,0.427663423802959
N(CCN(CCC(=O)OCCOC(=O)C(C)CSCCC(C)C)(CCC(=O)OCCOC(=O)C(C)CSCCC(C)C))(CCN(CCC(=O)OCCOC(=O)C(C)CSCCC(C)C)(CCC(=O)OCCOC(=O)C(C)CSCCC(C)C))CCNCCC(=O)OCCOC(=O)C(C)CSCCC(C)C,0.7303188816524082
N(CCN(CCC(=O)OCCOC(=O)C(C)CSCCCC)(CCC(=O)OCCOC(=O)C(C)CSCCCC))(CCN(CCC(=O)OCCOC(=O)C(C)CSCCCC)(CCC(=O)OCCOC(=O)C(C)CSCCCC))CCNCCC(=O)OCCOC(=O)C(C)CSCCCC,0.8038578484209704
N(CCN(CCC(=O)OCCOC(=O)C(C)CSCCCCC)(CCC(=O)OCCOC(=O)C(C)CSCCCCC))(CCN(CCC(=O)OCCOC(=O)C(C)CSCCCCC)(CCC(=O)OCCOC(=O)C(C)CSCCCCC))CCNCCC(=O)OCCOC(=O)C(C)CSCCCCC,0.8054337360208914
N(CCN(CCC(=O)OCCOC(=O)C(C)CSCCCCCC)(CCC(=O)OCCOC(=O)C(C)CSCCCCCC))(CCN(CCC(=O)OCCOC(=O)C(C)CSCCCCCC)(CCC(=O)OCCOC(=O)C(C)CSCCCCCC))CCNCCC(=O)OCCOC(=O)C(C)CSCCCCCC,0.8025472909561984
N(CCN(CCC(=O)OCCOC(=O)C(C)CSCCCCCCC)(CCC(=O)OCCOC(=O)C(C)CSCCCCCCC))(CCN(CCC(=O)OCCOC(=O)C(C)CSCCCCCCC)(CCC(=O)OCCOC(=O)C(C)CSCCCCCCC))CCNCCC(=O)OCCOC(=O)C(C)CSCCCCCCC,0.8056381376156054
N(CCN(CCC(=O)OCCOC(=O)C(C)CSCCCCCCCC)(CCC(=O)OCCOC(=O)C(C)CSCCCCCCCC))(CCN(CCC(=O)OCCOC(=O)C(C)CSCCCCCCCC)(CCC(=O)OCCOC(=O)C(C)CSCCCCCCCC))CCNCCC(=O)OCCOC(=O)C(C)CSCCCCCCCC,0.8085531466451612
N(CCN(CCC(=O)OCCOC(=O)C(C)CSCCCCCCCCC)(CCC(=O)OCCOC(=O)C(C)CSCCCCCCCCC))(CCN(CCC(=O)OCCOC(=O)C(C)CSCCCCCCCCC)(CCC(=O)OCCOC(=O)C(C)CSCCCCCCCCC))CCNCCC(=O)OCCOC(=O)C(C)CSCCCCCCCCC,0.8096410714607226
N(CCN(CCC(=O)OCCOC(=O)C(C)CSCCN(C)C)(CCC(=O)OCCOC(=O)C(C)CSCCN(C)C))(CCN(CCC(=O)OCCOC(=O)C(C)CSCCN(C)C)(CCC(=O)OCCOC(=O)C(C)CSCCN(C)C))CCNCCC(=O)OCCOC(=O)C(C)CSCCN(C)C,0.6060251342417065
N(CCN(CCC(=O)OCCOC(=O)C(C)CSCCCC(=O)N(C)CCCN(C)C)(CCC(=O)OCCOC(=O)C(C)CSCCCC(=O)N(C)CCCN(C)C))(CCN(CCC(=O)OCCOC(=O)C(C)CSCCCC(=O)N(C)CCCN(C)C)(CCC(=O)OCCOC(=O)C(C)CSCCCC(=O)N(C)CCCN(C)C))CCNCCC(=O)OCCOC(=O)C(C)CSCCCC(=O)N(C)CCCN(C)C,0.6749645306683205
N(CCN(CCC(=O)OCCOC(=O)C(C)CSCCCC(=O)N(C)CCN5(CCCCC5))(CCC(=O)OCCOC(=O)C(C)CSCCCC(=O)N(C)CCN5(CCCCC5)))(CCN(CCC(=O)OCCOC(=O)C(C)CSCCCC(=O)N(C)CCN5(CCCCC5))(CCC(=O)OCCOC(=O)C(C)CSCCCC(=O)N(C)CCN5(CCCCC5)))CCNCCC(=O)OCCOC(=O)C(C)CSCCCC(=O)N(C)CCN5(CCCCC5),0.675073738841673
N(CCN(CCC(=O)OCCOC(=O)C(C)CSCCNCCCC)(CCC(=O)OCCOC(=O)C(C)CSCCNCCCC))(CCN(CCC(=O)OCCOC(=O)C(C)CSCCNCCCC)(CCC(=O)OCCOC(=O)C(C)CSCCNCCCC))CCNCCC(=O)OCCOC(=O)C(C)CSCCNCCCC,0.7733901339001031
N(CCN(CCC(=O)OCCOC(=O)C(C)CSCCN(CC)CC)(CCC(=O)OCCOC(=O)C(C)CSCCN(CC)CC))(CCN(CCC(=O)OCCOC(=O)C(C)CSCCN(CC)CC)(CCC(=O)OCCOC(=O)C(C)CSCCN(CC)CC))CCNCCC(=O)OCCOC(=O)C(C)CSCCN(CC)CC,0.6080919538531037
N(CCN(CCC(=O)OCCOC(=O)C(C)CSCCN5CCCC5)(CCC(=O)OCCOC(=O)C(C)CSCCN5CCCC5))(CCN(CCC(=O)OCCOC(=O)C(C)CSCCN5CCCC5)(CCC(=O)OCCOC(=O)C(C)CSCCN5CCCC5))CCNCCC(=O)OCCOC(=O)C(C)CSCCN5CCCC5,0.6556650294860649
N(CCN(CCC(=O)OCCOC(=O)C(C)CSCCN5CCCCC5)(CCC(=O)OCCOC(=O)C(C)CSCCN5CCCCC5))(CCN(CCC(=O)OCCOC(=O)C(C)CSCCN5CCCCC5)(CCC(=O)OCCOC(=O)C(C)CSCCN5CCCCC5))CCNCCC(=O)OCCOC(=O)C(C)CSCCN5CCCCC5,0.6552147758860875
N(CCN(CCC(=O)OCCOC(=O)C(C)CSCCN5CCCCCC5)(CCC(=O)OCCOC(=O)C(C)CSCCN5CCCCCC5))(CCN(CCC(=O)OCCOC(=O)C(C)CSCCN5CCCCCC5)(CCC(=O)OCCOC(=O)C(C)CSCCN5CCCCCC5))CCNCCC(=O)OCCOC(=O)C(C)CSCCN5CCCCCC5,0.6498826378299054
N(CCN(CCC(=O)OCCOC(=O)C(C)CSCCN(CCC)CCC)(CCC(=O)OCCOC(=O)C(C)CSCCN(CCC)CCC))(CCN(CCC(=O)OCCOC(=O)C(C)CSCCN(CCC)CCC)(CCC(=O)OCCOC(=O)C(C)CSCCN(CCC)CCC))CCNCCC(=O)OCCOC(=O)C(C)CSCCN(CCC)CCC,0.6580766357502541
N(CCN(CCC(=O)OCCOC(=O)C(C)CSCCN(CCCC)CCCC)(CCC(=O)OCCOC(=O)C(C)CSCCN(CCCC)CCCC))(CCN(CCC(=O)OCCOC(=O)C(C)CSCCN(CCCC)CCCC)(CCC(=O)OCCOC(=O)C(C)CSCCN(CCCC)CCCC))CCNCCC(=O)OCCOC(=O)C(C)CSCCN(CCCC)CCCC,0.7689916396184984
N(CCN(CCC(=O)OCCOC(=O)C(C)CSCCCC(=O)N5CCN(CCO)CC5)(CCC(=O)OCCOC(=O)C(C)CSCCCC(=O)N5CCN(CCO)CC5))(CCN(CCC(=O)OCCOC(=O)C(C)CSCCCC(=O)N5CCN(CCO)CC5)(CCC(=O)OCCOC(=O)C(C)CSCCCC(=O)N5CCN(CCO)CC5))CCNCCC(=O)OCCOC(=O)C(C)CSCCCC(=O)N5CCN(CCO)CC5,0.5799194518934508
N(CCN(CCC(=O)OCCOC(=O)C(C)CSCCC(O)=O)(CCC(=O)OCCOC(=O)C(C)CSCCC(O)=O))(CCN(CCC(=O)OCCOC(=O)C(C)CSCCC(O)=O)(CCC(=O)OCCOC(=O)C(C)CSCCC(O)=O))CCNCCC(=O)OCCOC(=O)C(C)CSCCC(O)=O,0.7446296062022576
N(CCN(CCC(=O)OCCOC(=O)C(C)CSCCCCCC(O)=O)(CCC(=O)OCCOC(=O)C(C)CSCCCCCC(O)=O))(CCN(CCC(=O)OCCOC(=O)C(C)CSCCCCCC(O)=O)(CCC(=O)OCCOC(=O)C(C)CSCCCCCC(O)=O))CCNCCC(=O)OCCOC(=O)C(C)CSCCCCCC(O)=O,0.776628432378126
N(CCN(CCC(=O)OCCOC(=O)C(C)CSCCCCCCCCCCC(O)=O)(CCC(=O)OCCOC(=O)C(C)CSCCCCCCCCCCC(O)=O))(CCN(CCC(=O)OCCOC(=O)C(C)CSCCCCCCCCCCC(O)=O)(CCC(=O)OCCOC(=O)C(C)CSCCCCCCCCCCC(O)=O))CCNCCC(=O)OCCOC(=O)C(C)CSCCCCCCCCCCC(O)=O,0.7837601002206593
N(CCN(CCC(=O)OCCOC(=O)C(C)CSCCO)(CCC(=O)OCCOC(=O)C(C)CSCCO))(CCN(CCC(=O)OCCOC(=O)C(C)CSCCO)(CCC(=O)OCCOC(=O)C(C)CSCCO))CCNCCC(=O)OCCOC(=O)C(C)CSCCO,0.6429636854180129
N(CCN(CCC(=O)OCCOC(=O)C(C)CSCC(O)CO)(CCC(=O)OCCOC(=O)C(C)CSCC(O)CO))(CCN(CCC(=O)OCCOC(=O)C(C)CSCC(O)CO)(CCC(=O)OCCOC(=O)C(C)CSCC(O)CO))CCNCCC(=O)OCCOC(=O)C(C)CSCC(O)CO,0.5755450083514914
N(CCN(CCC(=O)OCCOC(=O)C(C)CSCCCO)(CCC(=O)OCCOC(=O)C(C)CSCCCO))(CCN(CCC(=O)OCCOC(=O)C(C)CSCCCO)(CCC(=O)OCCOC(=O)C(C)CSCCCO))CCNCCC(=O)OCCOC(=O)C(C)CSCCCO,0.7075074974055965
N(CCN(CCC(=O)OCCOC(=O)C(C)CSCCCCO)(CCC(=O)OCCOC(=O)C(C)CSCCCCO))(CCN(CCC(=O)OCCOC(=O)C(C)CSCCCCO)(CCC(=O)OCCOC(=O)C(C)CSCCCCO))CCNCCC(=O)OCCOC(=O)C(C)CSCCCCO,0.7331541372416092
N(CCN(CCC(=O)OCCOC(=O)C(C)CSCCCCCCO)(CCC(=O)OCCOC(=O)C(C)CSCCCCCCO))(CCN(CCC(=O)OCCOC(=O)C(C)CSCCCCCCO)(CCC(=O)OCCOC(=O)C(C)CSCCCCCCO))CCNCCC(=O)OCCOC(=O)C(C)CSCCCCCCO,0.7444470581191225
N(CCN(CCC(=O)OCCOC(=O)C(C)CSCCCCCCCCCCCO)(CCC(=O)OCCOC(=O)C(C)CSCCCCCCCCCCCO))(CCN(CCC(=O)OCCOC(=O)C(C)CSCCCCCCCCCCCO)(CCC(=O)OCCOC(=O)C(C)CSCCCCCCCCCCCO))CCNCCC(=O)OCCOC(=O)C(C)CSCCCCCCCCCCCO,0.7746745027817058
N(CCC(=O)OCCOC(=O)C(C)CSCC(C)C)(CCC(=O)OCCOC(=O)C(C)CSCC(C)C)CCN(CCC(=O)OCCOC(=O)C(C)CSCC(C)C)CCN(CCC(=O)OCCOC(=O)C(C)CSCC(C)C)CCNCCN(CCC(=O)OCCOC(=O)C(C)CSCC(C)C)CCC(=O)OCCOC(=O)C(C)CSCC(C)C,0.7329142830751216
N(CCC(=O)OCCOC(=O)C(C)CSCCCCCCCCCC)(CCC(=O)OCCOC(=O)C(C)CSCCCCCCCCCC)CCN(CCC(=O)OCCOC(=O)C(C)CSCCCCCCCCCC)CCN(CCC(=O)OCCOC(=O)C(C)CSCCCCCCCCCC)CCNCCN(CCC(=O)OCCOC(=O)C(C)CSCCCCCCCCCC)CCC(=O)OCCOC(=O)C(C)CSCCCCCCCCCC,0.81122271936125
N(CCC(=O)OCCOC(=O)C(C)CSCCCCCCCCCCC)(CCC(=O)OCCOC(=O)C(C)CSCCCCCCCCCCC)CCN(CCC(=O)OCCOC(=O)C(C)CSCCCCCCCCCCC)CCN(CCC(=O)OCCOC(=O)C(C)CSCCCCCCCCCCC)CCNCCN(CCC(=O)OCCOC(=O)C(C)CSCCCCCCCCCCC)CCC(=O)OCCOC(=O)C(C)CSCCCCCCCCCCC,0.8112293704299914
N(CCC(=O)OCCOC(=O)C(C)CSCCCCCCCCCCCC)(CCC(=O)OCCOC(=O)C(C)CSCCCCCCCCCCCC)CCN(CCC(=O)OCCOC(=O)C(C)CSCCCCCCCCCCCC)CCN(CCC(=O)OCCOC(=O)C(C)CSCCCCCCCCCCCC)CCNCCN(CCC(=O)OCCOC(=O)C(C)CSCCCCCCCCCCCC)CCC(=O)OCCOC(=O)C(C)CSCCCCCCCCCCCC,0.8111133330342705
N(CCC(=O)OCCOC(=O)C(C)CSCCCCCCCCCCCCCC)(CCC(=O)OCCOC(=O)C(C)CSCCCCCCCCCCCCCC)CCN(CCC(=O)OCCOC(=O)C(C)CSCCCCCCCCCCCCCC)CCN(CCC(=O)OCCOC(=O)C(C)CSCCCCCCCCCCCCCC)CCNCCN(CCC(=O)OCCOC(=O)C(C)CSCCCCCCCCCCCCCC)CCC(=O)OCCOC(=O)C(C)CSCCCCCCCCCCCCCC,0.8109126132811811
N(CCC(=O)OCCOC(=O)C(C)CSCCCCCCCCCCCCCCCC)(CCC(=O)OCCOC(=O)C(C)CSCCCCCCCCCCCCCCCC)CCN(CCC(=O)OCCOC(=O)C(C)CSCCCCCCCCCCCCCCCC)CCN(CCC(=O)OCCOC(=O)C(C)CSCCCCCCCCCCCCCCCC)CCNCCN(CCC(=O)OCCOC(=O)C(C)CSCCCCCCCCCCCCCCCC)CCC(=O)OCCOC(=O)C(C)CSCCCCCCCCCCCCCCCC,0.8107653396161925
N(CCC(=O)OCCOC(=O)C(C)CSCCCCCCCCCCCCCCCCCC)(CCC(=O)OCCOC(=O)C(C)CSCCCCCCCCCCCCCCCCCC)CCN(CCC(=O)OCCOC(=O)C(C)CSCCCCCCCCCCCCCCCCCC)CCN(CCC(=O)OCCOC(=O)C(C)CSCCCCCCCCCCCCCCCCCC)CCNCCN(CCC(=O)OCCOC(=O)C(C)CSCCCCCCCCCCCCCCCCCC)CCC(=O)OCCOC(=O)C(C)CSCCCCCCCCCCCCCCCCCC,0.8106353468530231
N(CCC(=O)OCCOC(=O)C(C)CSCCc5ccccc5)(CCC(=O)OCCOC(=O)C(C)CSCCc5ccccc5)CCN(CCC(=O)OCCOC(=O)C(C)CSCCc5ccccc5)CCN(CCC(=O)OCCOC(=O)C(C)CSCCc5ccccc5)CCNCCN(CCC(=O)OCCOC(=O)C(C)CSCCc5ccccc5)CCC(=O)OCCOC(=O)C(C)CSCCc5ccccc5,0.4304347816246085
N(CCC(=O)OCCOC(=O)C(C)CSCCC(C)C)(CCC(=O)OCCOC(=O)C(C)CSCCC(C)C)CCN(CCC(=O)OCCOC(=O)C(C)CSCCC(C)C)CCN(CCC(=O)OCCOC(=O)C(C)CSCCC(C)C)CCNCCN(CCC(=O)OCCOC(=O)C(C)CSCCC(C)C)CCC(=O)OCCOC(=O)C(C)CSCCC(C)C,0.7316327052670086
N(CCC(=O)OCCOC(=O)C(C)CSCCCC)(CCC(=O)OCCOC(=O)C(C)CSCCCC)CCN(CCC(=O)OCCOC(=O)C(C)CSCCCC)CCN(CCC(=O)OCCOC(=O)C(C)CSCCCC)CCNCCN(CCC(=O)OCCOC(=O)C(C)CSCCCC)CCC(=O)OCCOC(=O)C(C)CSCCCC,0.804836861985891
N(CCC(=O)OCCOC(=O)C(C)CSCCCCC)(CCC(=O)OCCOC(=O)C(C)CSCCCCC)CCN(CCC(=O)OCCOC(=O)C(C)CSCCCCC)CCN(CCC(=O)OCCOC(=O)C(C)CSCCCCC)CCNCCN(CCC(=O)OCCOC(=O)C(C)CSCCCCC)CCC(=O)OCCOC(=O)C(C)CSCCCCC,0.8063299081492559
N(CCC(=O)OCCOC(=O)C(C)CSCCCCCC)(CCC(=O)OCCOC(=O)C(C)CSCCCCCC)CCN(CCC(=O)OCCOC(=O)C(C)CSCCCCCC)CCN(CCC(=O)OCCOC(=O)C(C)CSCCCCCC)CCNCCN(CCC(=O)OCCOC(=O)C(C)CSCCCCCC)CCC(=O)OCCOC(=O)C(C)CSCCCCCC,0.8035114583855354
N(CCC(=O)OCCOC(=O)C(C)CSCCCCCCC)(CCC(=O)OCCOC(=O)C(C)CSCCCCCCC)CCN(CCC(=O)OCCOC(=O)C(C)CSCCCCCCC)CCN(CCC(=O)OCCOC(=O)C(C)CSCCCCCCC)CCNCCN(CCC(=O)OCCOC(=O)C(C)CSCCCCCCC)CCC(=O)OCCOC(=O)C(C)CSCCCCCCC,0.8065882309084094
N(CCC(=O)OCCOC(=O)C(C)CSCCCCCCCC)(CCC(=O)OCCOC(=O)C(C)CSCCCCCCCC)CCN(CCC(=O)OCCOC(=O)C(C)CSCCCCCCCC)CCN(CCC(=O)OCCOC(=O)C(C)CSCCCCCCCC)CCNCCN(CCC(=O)OCCOC(=O)C(C)CSCCCCCCCC)CCC(=O)OCCOC(=O)C(C)CSCCCCCCCC,0.8094888094941779
N(CCC(=O)OCCOC(=O)C(C)CSCCCCCCCCC)(CCC(=O)OCCOC(=O)C(C)CSCCCCCCCCC)CCN(CCC(=O)OCCOC(=O)C(C)CSCCCCCCCCC)CCN(CCC(=O)OCCOC(=O)C(C)CSCCCCCCCCC)CCNCCN(CCC(=O)OCCOC(=O)C(C)CSCCCCCCCCC)CCC(=O)OCCOC(=O)C(C)CSCCCCCCCCC,0.8105405691234577
N(CCC(=O)OCCOC(=O)C(C)CSCCN(C)C)(CCC(=O)OCCOC(=O)C(C)CSCCN(C)C)CCN(CCC(=O)OCCOC(=O)C(C)CSCCN(C)C)CCN(CCC(=O)OCCOC(=O)C(C)CSCCN(C)C)CCNCCN(CCC(=O)OCCOC(=O)C(C)CSCCN(C)C)CCC(=O)OCCOC(=O)C(C)CSCCN(C)C,0.6083568682964563
N(CCC(=O)OCCOC(=O)C(C)CSCCCC(=O)N(C)CCCN(C)C)(CCC(=O)OCCOC(=O)C(C)CSCCCC(=O)N(C)CCCN(C)C)CCN(CCC(=O)OCCOC(=O)C(C)CSCCCC(=O)N(C)CCCN(C)C)CCN(CCC(=O)OCCOC(=O)C(C)CSCCCC(=O)N(C)CCCN(C)C)CCNCCN(CCC(=O)OCCOC(=O)C(C)CSCCCC(=O)N(C)CCCN(C)C)CCC(=O)OCCOC(=O)C(C)CSCCCC(=O)N(C)CCCN(C)C,0.6762348847979323
N(CCC(=O)OCCOC(=O)C(C)CSCCCC(=O)N(C)CCN5(CCCCC5))(CCC(=O)OCCOC(=O)C(C)CSCCCC(=O)N(C)CCN5(CCCCC5))CCN(CCC(=O)OCCOC(=O)C(C)CSCCCC(=O)N(C)CCN5(CCCCC5))CCN(CCC(=O)OCCOC(=O)C(C)CSCCCC(=O)N(C)CCN5(CCCCC5))CCNCCN(CCC(=O)OCCOC(=O)C(C)CSCCCC(=O)N(C)CCN5(CCCCC5))CCC(=O)OCCOC(=O)C(C)CSCCCC(=O)N(C)CCN5(CCCCC5),0.6762674869116737
N(CCC(=O)OCCOC(=O)C(C)CSCCNCCCC)(CCC(=O)OCCOC(=O)C(C)CSCCNCCCC)CCN(CCC(=O)OCCOC(=O)C(C)CSCCNCCCC)CCN(CCC(=O)OCCOC(=O)C(C)CSCCNCCCC)CCNCCN(CCC(=O)OCCOC(=O)C(C)CSCCNCCCC)CCC(=O)OCCOC(=O)C(C)CSCCNCCCC,0.7744487227517515
N(CCC(=O)OCCOC(=O)C(C)CSCCN(CC)CC)(CCC(=O)OCCOC(=O)C(C)CSCCN(CC)CC)CCN(CCC(=O)OCCOC(=O)C(C)CSCCN(CC)CC)CCN(CCC(=O)OCCOC(=O)C(C)CSCCN(CC)CC)CCNCCN(CCC(=O)OCCOC(=O)C(C)CSCCN(CC)CC)CCC(=O)OCCOC(=O)C(C)CSCCN(CC)CC,0.6102075281737573
N(CCC(=O)OCCOC(=O)C(C)CSCCN5CCCC5)(CCC(=O)OCCOC(=O)C(C)CSCCN5CCCC5)CCN(CCC(=O)OCCOC(=O)C(C)CSCCN5CCCC5)CCN(CCC(=O)OCCOC(=O)C(C)CSCCN5CCCC5)CCNCCN(CCC(=O)OCCOC(=O)C(C)CSCCN5CCCC5)CCC(=O)OCCOC(=O)C(C)CSCCN5CCCC5,0.657373522769018
N(CCC(=O)OCCOC(=O)C(C)CSCCN5CCCCC5)(CCC(=O)OCCOC(=O)C(C)CSCCN5CCCCC5)CCN(CCC(=O)OCCOC(=O)C(C)CSCCN5CCCCC5)CCN(CCC(=O)OCCOC(=O)C(C)CSCCN5CCCCC5)CCNCCN(CCC(=O)OCCOC(=O)C(C)CSCCN5CCCCC5)CCC(=O)OCCOC(=O)C(C)CSCCN5CCCCC5,0.656855808328949
N(CCC(=O)OCCOC(=O)C(C)CSCCN5CCCCCC5)(CCC(=O)OCCOC(=O)C(C)CSCCN5CCCCCC5)CCN(CCC(=O)OCCOC(=O)C(C)CSCCN5CCCCCC5)CCN(CCC(=O)OCCOC(=O)C(C)CSCCN5CCCCCC5)CCNCCN(CCC(=O)OCCOC(=O)C(C)CSCCN5CCCCCC5)CCC(=O)OCCOC(=O)C(C)CSCCN5CCCCCC5,0.6514934435407188
N(CCC(=O)OCCOC(=O)C(C)CSCCN(CCC)CCC)(CCC(=O)OCCOC(=O)C(C)CSCCN(CCC)CCC)CCN(CCC(=O)OCCOC(=O)C(C)CSCCN(CCC)CCC)CCN(CCC(=O)OCCOC(=O)C(C)CSCCN(CCC)CCC)CCNCCN(CCC(=O)OCCOC(=O)C(C)CSCCN(CCC)CCC)CCC(=O)OCCOC(=O)C(C)CSCCN(CCC)CCC,0.6596147547812506
N(CCC(=O)OCCOC(=O)C(C)CSCCN(CCCC)CCCC)(CCC(=O)OCCOC(=O)C(C)CSCCN(CCCC)CCCC)CCN(CCC(=O)OCCOC(=O)C(C)CSCCN(CCCC)CCCC)CCN(CCC(=O)OCCOC(=O)C(C)CSCCN(CCCC)CCCC)CCNCCN(CCC(=O)OCCOC(=O)C(C)CSCCN(CCCC)CCCC)CCC(=O)OCCOC(=O)C(C)CSCCN(CCCC)CCCC,0.7699461867519772
N(CCC(=O)OCCOC(=O)C(C)CSCCCC(=O)N5CCN(CCO)CC5)(CCC(=O)OCCOC(=O)C(C)CSCCCC(=O)N5CCN(CCO)CC5)CCN(CCC(=O)OCCOC(=O)C(C)CSCCCC(=O)N5CCN(CCO)CC5)CCN(CCC(=O)OCCOC(=O)C(C)CSCCCC(=O)N5CCN(CCO)CC5)CCNCCN(CCC(=O)OCCOC(=O)C(C)CSCCCC(=O)N5CCN(CCO)CC5)CCC(=O)OCCOC(=O)C(C)CSCCCC(=O)N5CCN(CCO)CC5,0.581710964766587
N(CCC(=O)OCCOC(=O)C(C)CSCCC(O)=O)(CCC(=O)OCCOC(=O)C(C)CSCCC(O)=O)CCN(CCC(=O)OCCOC(=O)C(C)CSCCC(O)=O)CCN(CCC(=O)OCCOC(=O)C(C)CSCCC(O)=O)CCNCCN(CCC(=O)OCCOC(=O)C(C)CSCCC(O)=O)CCC(=O)OCCOC(=O)C(C)CSCCC(O)=O,0.7460453336915035
N(CCC(=O)OCCOC(=O)C(C)CSCCCCCC(O)=O)(CCC(=O)OCCOC(=O)C(C)CSCCCCCC(O)=O)CCN(CCC(=O)OCCOC(=O)C(C)CSCCCCCC(O)=O)CCN(CCC(=O)OCCOC(=O)C(C)CSCCCCCC(O)=O)CCNCCN(CCC(=O)OCCOC(=O)C(C)CSCCCCCC(O)=O)CCC(=O)OCCOC(=O)C(C)CSCCCCCC(O)=O,0.7776114247073829
N(CCC(=O)OCCOC(=O)C(C)CSCCCCCCCCCCC(O)=O)(CCC(=O)OCCOC(=O)C(C)CSCCCCCCCCCCC(O)=O)CCN(CCC(=O)OCCOC(=O)C(C)CSCCCCCCCCCCC(O)=O)CCN(CCC(=O)OCCOC(=O)C(C)CSCCCCCCCCCCC(O)=O)CCNCCN(CCC(=O)OCCOC(=O)C(C)CSCCCCCCCCCCC(O)=O)CCC(=O)OCCOC(=O)C(C)CSCCCCCCCCCCC(O)=O,0.7846405948298476
N(CCC(=O)OCCOC(=O)C(C)CSCCO)(CCC(=O)OCCOC(=O)C(C)CSCCO)CCN(CCC(=O)OCCOC(=O)C(C)CSCCO)CCN(CCC(=O)OCCOC(=O)C(C)CSCCO)CCNCCN(CCC(=O)OCCOC(=O)C(C)CSCCO)CCC(=O)OCCOC(=O)C(C)CSCCO,0.6452118654216985
N(CCC(=O)OCCOC(=O)C(C)CSCC(O)CO)(CCC(=O)OCCOC(=O)C(C)CSCC(O)CO)CCN(CCC(=O)OCCOC(=O)C(C)CSCC(O)CO)CCN(CCC(=O)OCCOC(=O)C(C)CSCC(O)CO)CCNCCN(CCC(=O)OCCOC(=O)C(C)CSCC(O)CO)CCC(=O)OCCOC(=O)C(C)CSCC(O)CO,0.577908156829136
N(CCC(=O)OCCOC(=O)C(C)CSCCCO)(CCC(=O)OCCOC(=O)C(C)CSCCCO)CCN(CCC(=O)OCCOC(=O)C(C)CSCCCO)CCN(CCC(=O)OCCOC(=O)C(C)CSCCCO)CCNCCN(CCC(=O)OCCOC(=O)C(C)CSCCCO)CCC(=O)OCCOC(=O)C(C)CSCCCO,0.7091051197480117
N(CCC(=O)OCCOC(=O)C(C)CSCCCCO)(CCC(=O)OCCOC(=O)C(C)CSCCCCO)CCN(CCC(=O)OCCOC(=O)C(C)CSCCCCO)CCN(CCC(=O)OCCOC(=O)C(C)CSCCCCO)CCNCCN(CCC(=O)OCCOC(=O)C(C)CSCCCCO)CCC(=O)OCCOC(=O)C(C)CSCCCCO,0.7344699205461066
N(CCC(=O)OCCOC(=O)C(C)CSCCCCCCO)(CCC(=O)OCCOC(=O)C(C)CSCCCCCCO)CCN(CCC(=O)OCCOC(=O)C(C)CSCCCCCCO)CCN(CCC(=O)OCCOC(=O)C(C)CSCCCCCCO)CCNCCN(CCC(=O)OCCOC(=O)C(C)CSCCCCCCO)CCC(=O)OCCOC(=O)C(C)CSCCCCCCO,0.7455679413556794
N(CCC(=O)OCCOC(=O)C(C)CSCCCCCCCCCCCO)(CCC(=O)OCCOC(=O)C(C)CSCCCCCCCCCCCO)CCN(CCC(=O)OCCOC(=O)C(C)CSCCCCCCCCCCCO)CCN(CCC(=O)OCCOC(=O)C(C)CSCCCCCCCCCCCO)CCNCCN(CCC(=O)OCCOC(=O)C(C)CSCCCCCCCCCCCO)CCC(=O)OCCOC(=O)C(C)CSCCCCCCCCCCCO,0.7755777416706081
N(CCC(=O)OCCOC(=O)C(C)CSCC(C)C)(CCC(=O)OCCOC(=O)C(C)CSCC(C)C)CCCN(CCC(=O)OCCOC(=O)C(C)CSCC(C)C)CCCN(CCC(=O)OCCOC(=O)C(C)CSCC(C)C)CCCN(CCC(=O)OCCOC(=O)C(C)CSCC(C)C)CCC(=O)OCCOC(=O)C(C)CSCC(C)C,0.7308023312115504
N(CCC(=O)OCCOC(=O)C(C)CSCCCCCCCCCC)(CCC(=O)OCCOC(=O)C(C)CSCCCCCCCCCC)CCCN(CCC(=O)OCCOC(=O)C(C)CSCCCCCCCCCC)CCCN(CCC(=O)OCCOC(=O)C(C)CSCCCCCCCCCC)CCCN(CCC(=O)OCCOC(=O)C(C)CSCCCCCCCCCC)CCC(=O)OCCOC(=O)C(C)CSCCCCCCCCCC,0.8089399775539258
N(CCC(=O)OCCOC(=O)C(C)CSCCCCCCCCCCC)(CCC(=O)OCCOC(=O)C(C)CSCCCCCCCCCCC)CCCN(CCC(=O)OCCOC(=O)C(C)CSCCCCCCCCCCC)CCCN(CCC(=O)OCCOC(=O)C(C)CSCCCCCCCCCCC)CCCN(CCC(=O)OCCOC(=O)C(C)CSCCCCCCCCCCC)CCC(=O)OCCOC(=O)C(C)CSCCCCCCCCCCC,0.8093364287585485
N(CCC(=O)OCCOC(=O)C(C)CSCCCCCCCCCCCC)(CCC(=O)OCCOC(=O)C(C)CSCCCCCCCCCCCC)CCCN(CCC(=O)OCCOC(=O)C(C)CSCCCCCCCCCCCC)CCCN(CCC(=O)OCCOC(=O)C(C)CSCCCCCCCCCCCC)CCCN(CCC(=O)OCCOC(=O)C(C)CSCCCCCCCCCCCC)CCC(=O)OCCOC(=O)C(C)CSCCCCCCCCCCCC,0.8092877928183768
N(CCC(=O)OCCOC(=O)C(C)CSCCCCCCCCCCCCCC)(CCC(=O)OCCOC(=O)C(C)CSCCCCCCCCCCCCCC)CCCN(CCC(=O)OCCOC(=O)C(C)CSCCCCCCCCCCCCCC)CCCN(CCC(=O)OCCOC(=O)C(C)CSCCCCCCCCCCCCCC)CCCN(CCC(=O)OCCOC(=O)C(C)CSCCCCCCCCCCCCCC)CCC(=O)OCCOC(=O)C(C)CSCCCCCCCCCCCCCC,0.8092319119640404
N(CCC(=O)OCCOC(=O)C(C)CSCCCCCCCCCCCCCCCC)(CCC(=O)OCCOC(=O)C(C)CSCCCCCCCCCCCCCCCC)CCCN(CCC(=O)OCCOC(=O)C(C)CSCCCCCCCCCCCCCCCC)CCCN(CCC(=O)OCCOC(=O)C(C)CSCCCCCCCCCCCCCCCC)CCCN(CCC(=O)OCCOC(=O)C(C)CSCCCCCCCCCCCCCCCC)CCC(=O)OCCOC(=O)C(C)CSCCCCCCCCCCCCCCCC,0.8091891550935598
N(CCC(=O)OCCOC(=O)C(C)CSCCCCCCCCCCCCCCCCCC)(CCC(=O)OCCOC(=O)C(C)CSCCCCCCCCCCCCCCCCCC)CCCN(CCC(=O)OCCOC(=O)C(C)CSCCCCCCCCCCCCCCCCCC)CCCN(CCC(=O)OCCOC(=O)C(C)CSCCCCCCCCCCCCCCCCCC)CCCN(CCC(=O)OCCOC(=O)C(C)CSCCCCCCCCCCCCCCCCCC)CCC(=O)OCCOC(=O)C(C)CSCCCCCCCCCCCCCCCCCC,0.8091515646782623
N(CCC(=O)OCCOC(=O)C(C)CSCCc5ccccc5)(CCC(=O)OCCOC(=O)C(C)CSCCc5ccccc5)CCCN(CCC(=O)OCCOC(=O)C(C)CSCCc5ccccc5)CCCN(CCC(=O)OCCOC(=O)C(C)CSCCc5ccccc5)CCCN(CCC(=O)OCCOC(=O)C(C)CSCCc5ccccc5)CCC(=O)OCCOC(=O)C(C)CSCCc5ccccc5,0.4290854163614211
N(CCC(=O)OCCOC(=O)C(C)CSCCC(C)C)(CCC(=O)OCCOC(=O)C(C)CSCCC(C)C)CCCN(CCC(=O)OCCOC(=O)C(C)CSCCC(C)C)CCCN(CCC(=O)OCCOC(=O)C(C)CSCCC(C)C)CCCN(CCC(=O)OCCOC(=O)C(C)CSCCC(C)C)CCC(=O)OCCOC(=O)C(C)CSCCC(C)C,0.7296287145014009
N(CCC(=O)OCCOC(=O)C(C)CSCCCC)(CCC(=O)OCCOC(=O)C(C)CSCCCC)CCCN(CCC(=O)OCCOC(=O)C(C)CSCCCC)CCCN(CCC(=O)OCCOC(=O)C(C)CSCCCC)CCCN(CCC(=O)OCCOC(=O)C(C)CSCCCC)CCC(=O)OCCOC(=O)C(C)CSCCCC,0.8022204978197336
N(CCC(=O)OCCOC(=O)C(C)CSCCCCC)(CCC(=O)OCCOC(=O)C(C)CSCCCCC)CCCN(CCC(=O)OCCOC(=O)C(C)CSCCCCC)CCCN(CCC(=O)OCCOC(=O)C(C)CSCCCCC)CCCN(CCC(=O)OCCOC(=O)C(C)CSCCCCC)CCC(=O)OCCOC(=O)C(C)CSCCCCC,0.8037860525092885
N(CCC(=O)OCCOC(=O)C(C)CSCCCCCC)(CCC(=O)OCCOC(=O)C(C)CSCCCCCC)CCCN(CCC(=O)OCCOC(=O)C(C)CSCCCCCC)CCCN(CCC(=O)OCCOC(=O)C(C)CSCCCCCC)CCCN(CCC(=O)OCCOC(=O)C(C)CSCCCCCC)CCC(=O)OCCOC(=O)C(C)CSCCCCCC,0.8010525226411058
N(CCC(=O)OCCOC(=O)C(C)CSCCCCCCC)(CCC(=O)OCCOC(=O)C(C)CSCCCCCCC)CCCN(CCC(=O)OCCOC(=O)C(C)CSCCCCCCC)CCCN(CCC(=O)OCCOC(=O)C(C)CSCCCCCCC)CCCN(CCC(=O)OCCOC(=O)C(C)CSCCCCCCC)CCC(=O)OCCOC(=O)C(C)CSCCCCCCC,0.8041572652834191
N(CCC(=O)OCCOC(=O)C(C)CSCCCCCCCC)(CCC(=O)OCCOC(=O)C(C)CSCCCCCCCC)CCCN(CCC(=O)OCCOC(=O)C(C)CSCCCCCCCC)CCCN(CCC(=O)OCCOC(=O)C(C)CSCCCCCCCC)CCCN(CCC(=O)OCCOC(=O)C(C)CSCCCCCCCC)CCC(=O)OCCOC(=O)C(C)CSCCCCCCCC,0.807128808397277
N(CCC(=O)OCCOC(=O)C(C)CSCCCCCCCCC)(CCC(=O)OCCOC(=O)C(C)CSCCCCCCCCC)CCCN(CCC(=O)OCCOC(=O)C(C)CSCCCCCCCCC)CCCN(CCC(=O)OCCOC(=O)C(C)CSCCCCCCCCC)CCCN(CCC(=O)OCCOC(=O)C(C)CSCCCCCCCCC)CCC(=O)OCCOC(=O)C(C)CSCCCCCCCCC,0.8081938701640397
N(CCC(=O)OCCOC(=O)C(C)CSCCN(C)C)(CCC(=O)OCCOC(=O)C(C)CSCCN(C)C)CCCN(CCC(=O)OCCOC(=O)C(C)CSCCN(C)C)CCCN(CCC(=O)OCCOC(=O)C(C)CSCCN(C)C)CCCN(CCC(=O)OCCOC(=O)C(C)CSCCN(C)C)CCC(=O)OCCOC(=O)C(C)CSCCN(C)C,0.6065663055759974
N(CCC(=O)OCCOC(=O)C(C)CSCCCC(=O)N(C)CCCN(C)C)(CCC(=O)OCCOC(=O)C(C)CSCCCC(=O)N(C)CCCN(C)C)CCCN(CCC(=O)OCCOC(=O)C(C)CSCCCC(=O)N(C)CCCN(C)C)CCCN(CCC(=O)OCCOC(=O)C(C)CSCCCC(=O)N(C)CCCN(C)C)CCCN(CCC(=O)OCCOC(=O)C(C)CSCCCC(=O)N(C)CCCN(C)C)CCC(=O)OCCOC(=O)C(C)CSCCCC(=O)N(C)CCCN(C)C,0.6747789539735263
N(CCC(=O)OCCOC(=O)C(C)CSCCCC(=O)N(C)CCN5(CCCCC5))(CCC(=O)OCCOC(=O)C(C)CSCCCC(=O)N(C)CCN5(CCCCC5))CCCN(CCC(=O)OCCOC(=O)C(C)CSCCCC(=O)N(C)CCN5(CCCCC5))CCCN(CCC(=O)OCCOC(=O)C(C)CSCCCC(=O)N(C)CCN5(CCCCC5))CCCN(CCC(=O)OCCOC(=O)C(C)CSCCCC(=O)N(C)CCN5(CCCCC5))CCC(=O)OCCOC(=O)C(C)CSCCCC(=O)N(C)CCN5(CCCCC5),0.6748994452099223
N(CCC(=O)OCCOC(=O)C(C)CSCCNCCCC)(CCC(=O)OCCOC(=O)C(C)CSCCNCCCC)CCCN(CCC(=O)OCCOC(=O)C(C)CSCCNCCCC)CCCN(CCC(=O)OCCOC(=O)C(C)CSCCNCCCC)CCCN(CCC(=O)OCCOC(=O)C(C)CSCCNCCCC)CCC(=O)OCCOC(=O)C(C)CSCCNCCCC,0.7721760169320817
N(CCC(=O)OCCOC(=O)C(C)CSCCN(CC)CC)(CCC(=O)OCCOC(=O)C(C)CSCCN(CC)CC)CCCN(CCC(=O)OCCOC(=O)C(C)CSCCN(CC)CC)CCCN(CCC(=O)OCCOC(=O)C(C)CSCCN(CC)CC)CCCN(CCC(=O)OCCOC(=O)C(C)CSCCN(CC)CC)CCC(=O)OCCOC(=O)C(C)CSCCN(CC)CC,0.6085716621860788
N(CCC(=O)OCCOC(=O)C(C)CSCCN5CCCC5)(CCC(=O)OCCOC(=O)C(C)CSCCN5CCCC5)CCCN(CCC(=O)OCCOC(=O)C(C)CSCCN5CCCC5)CCCN(CCC(=O)OCCOC(=O)C(C)CSCCN5CCCC5)CCCN(CCC(=O)OCCOC(=O)C(C)CSCCN5CCCC5)CCC(=O)OCCOC(=O)C(C)CSCCN5CCCC5,0.6556498270432274
N(CCC(=O)OCCOC(=O)C(C)CSCCN5CCCCC5)(CCC(=O)OCCOC(=O)C(C)CSCCN5CCCCC5)CCCN(CCC(=O)OCCOC(=O)C(C)CSCCN5CCCCC5)CCCN(CCC(=O)OCCOC(=O)C(C)CSCCN5CCCCC5)CCCN(CCC(=O)OCCOC(=O)C(C)CSCCN5CCCCC5)CCC(=O)OCCOC(=O)C(C)CSCCN5CCCCC5,0.65520313651579
N(CCC(=O)OCCOC(=O)C(C)CSCCN5CCCCCC5)(CCC(=O)OCCOC(=O)C(C)CSCCN5CCCCCC5)CCCN(CCC(=O)OCCOC(=O)C(C)CSCCN5CCCCCC5)CCCN(CCC(=O)OCCOC(=O)C(C)CSCCN5CCCCCC5)CCCN(CCC(=O)OCCOC(=O)C(C)CSCCN5CCCCCC5)CCC(=O)OCCOC(=O)C(C)CSCCN5CCCCCC5,0.6499066291850084
N(CCC(=O)OCCOC(=O)C(C)CSCCN(CCC)CCC)(CCC(=O)OCCOC(=O)C(C)CSCCN(CCC)CCC)CCCN(CCC(=O)OCCOC(=O)C(C)CSCCN(CCC)CCC)CCCN(CCC(=O)OCCOC(=O)C(C)CSCCN(CCC)CCC)CCCN(CCC(=O)OCCOC(=O)C(C)CSCCN(CCC)CCC)CCC(=O)OCCOC(=O)C(C)CSCCN(CCC)CCC,0.6580336413416042
N(CCC(=O)OCCOC(=O)C(C)CSCCN(CCCC)CCCC)(CCC(=O)OCCOC(=O)C(C)CSCCN(CCCC)CCCC)CCCN(CCC(=O)OCCOC(=O)C(C)CSCCN(CCCC)CCCC)CCCN(CCC(=O)OCCOC(=O)C(C)CSCCN(CCCC)CCCC)CCCN(CCC(=O)OCCOC(=O)C(C)CSCCN(CCCC)CCCC)CCC(=O)OCCOC(=O)C(C)CSCCN(CCCC)CCCC,0.7679525288967356
N(CCC(=O)OCCOC(=O)C(C)CSCCCC(=O)N5CCN(CCO)CC5)(CCC(=O)OCCOC(=O)C(C)CSCCCC(=O)N5CCN(CCO)CC5)CCCN(CCC(=O)OCCOC(=O)C(C)CSCCCC(=O)N5CCN(CCO)CC5)CCCN(CCC(=O)OCCOC(=O)C(C)CSCCCC(=O)N5CCN(CCO)CC5)CCCN(CCC(=O)OCCOC(=O)C(C)CSCCCC(=O)N5CCN(CCO)CC5)CCC(=O)OCCOC(=O)C(C)CSCCCC(=O)N5CCN(CCO)CC5,0.5804339595682337
N(CCC(=O)OCCOC(=O)C(C)CSCCC(O)=O)(CCC(=O)OCCOC(=O)C(C)CSCCC(O)=O)CCCN(CCC(=O)OCCOC(=O)C(C)CSCCC(O)=O)CCCN(CCC(=O)OCCOC(=O)C(C)CSCCC(O)=O)CCCN(CCC(=O)OCCOC(=O)C(C)CSCCC(O)=O)CCC(=O)OCCOC(=O)C(C)CSCCC(O)=O,0.7435807564155521
N(CCC(=O)OCCOC(=O)C(C)CSCCCCCC(O)=O)(CCC(=O)OCCOC(=O)C(C)CSCCCCCC(O)=O)CCCN(CCC(=O)OCCOC(=O)C(C)CSCCCCCC(O)=O)CCCN(CCC(=O)OCCOC(=O)C(C)CSCCCCCC(O)=O)CCCN(CCC(=O)OCCOC(=O)C(C)CSCCCCCC(O)=O)CCC(=O)OCCOC(=O)C(C)CSCCCCCC(O)=O,0.7753902052859168
N(CCC(=O)OCCOC(=O)C(C)CSCCCCCCCCCCC(O)=O)(CCC(=O)OCCOC(=O)C(C)CSCCCCCCCCCCC(O)=O)CCCN(CCC(=O)OCCOC(=O)C(C)CSCCCCCCCCCCC(O)=O)CCCN(CCC(=O)OCCOC(=O)C(C)CSCCCCCCCCCCC(O)=O)CCCN(CCC(=O)OCCOC(=O)C(C)CSCCCCCCCCCCC(O)=O)CCC(=O)OCCOC(=O)C(C)CSCCCCCCCCCCC(O)=O,0.7827410614742055
N(CCC(=O)OCCOC(=O)C(C)CSCCO)(CCC(=O)OCCOC(=O)C(C)CSCCO)CCCN(CCC(=O)OCCOC(=O)C(C)CSCCO)CCCN(CCC(=O)OCCOC(=O)C(C)CSCCO)CCCN(CCC(=O)OCCOC(=O)C(C)CSCCO)CCC(=O)OCCOC(=O)C(C)CSCCO,0.6432572232107705
N(CCC(=O)OCCOC(=O)C(C)CSCC(O)CO)(CCC(=O)OCCOC(=O)C(C)CSCC(O)CO)CCCN(CCC(=O)OCCOC(=O)C(C)CSCC(O)CO)CCCN(CCC(=O)OCCOC(=O)C(C)CSCC(O)CO)CCCN(CCC(=O)OCCOC(=O)C(C)CSCC(O)CO)CCC(=O)OCCOC(=O)C(C)CSCC(O)CO,0.5761953284745924
N(CCC(=O)OCCOC(=O)C(C)CSCCCO)(CCC(=O)OCCOC(=O)C(C)CSCCCO)CCCN(CCC(=O)OCCOC(=O)C(C)CSCCCO)CCCN(CCC(=O)OCCOC(=O)C(C)CSCCCO)CCCN(CCC(=O)OCCOC(=O)C(C)CSCCCO)CCC(=O)OCCOC(=O)C(C)CSCCCO,0.7069933460380675
N(CCC(=O)OCCOC(=O)C(C)CSCCCCO)(CCC(=O)OCCOC(=O)C(C)CSCCCCO)CCCN(CCC(=O)OCCOC(=O)C(C)CSCCCCO)CCCN(CCC(=O)OCCOC(=O)C(C)CSCCCCO)CCCN(CCC(=O)OCCOC(=O)C(C)CSCCCCO)CCC(=O)OCCOC(=O)C(C)CSCCCCO,0.7324553593319634
N(CCC(=O)OCCOC(=O)C(C)CSCCCCCCO)(CCC(=O)OCCOC(=O)C(C)CSCCCCCCO)CCCN(CCC(=O)OCCOC(=O)C(C)CSCCCCCCO)CCCN(CCC(=O)OCCOC(=O)C(C)CSCCCCCCO)CCCN(CCC(=O)OCCOC(=O)C(C)CSCCCCCCO)CCC(=O)OCCOC(=O)C(C)CSCCCCCCO,0.7437270799278635
N(CCC(=O)OCCOC(=O)C(C)CSCCCCCCCCCCCO)(CCC(=O)OCCOC(=O)C(C)CSCCCCCCCCCCCO)CCCN(CCC(=O)OCCOC(=O)C(C)CSCCCCCCCCCCCO)CCCN(CCC(=O)OCCOC(=O)C(C)CSCCCCCCCCCCCO)CCCN(CCC(=O)OCCOC(=O)C(C)CSCCCCCCCCCCCO)CCC(=O)OCCOC(=O)C(C)CSCCCCCCCCCCCO,0.7737193618028037
N(CCN(CCC(=O)OCCOC(=O)C(C)CSCC(C)C)(CCC(=O)OCCOC(=O)C(C)CSCC(C)C))(CCN(CCC(=O)OCCOC(=O)C(C)CSCC(C)C)(CCC(=O)OCCOC(=O)C(C)CSCC(C)C))CCN(CCC(=O)OCCOC(=O)C(C)CSCC(C)C)CCC(=O)OCCOC(=O)C(C)CSCC(C)C,0.7305228081707836
N(CCN(CCC(=O)OCCOC(=O)C(C)CSCCCCCCCCCC)(CCC(=O)OCCOC(=O)C(C)CSCCCCCCCCCC))(CCN(CCC(=O)OCCOC(=O)C(C)CSCCCCCCCCCC)(CCC(=O)OCCOC(=O)C(C)CSCCCCCCCCCC))CCN(CCC(=O)OCCOC(=O)C(C)CSCCCCCCCCCC)CCC(=O)OCCOC(=O)C(C)CSCCCCCCCCCC,0.8102706069940068
N(CCN(CCC(=O)OCCOC(=O)C(C)CSCCCCCCCCCCC)(CCC(=O)OCCOC(=O)C(C)CSCCCCCCCCCCC))(CCN(CCC(=O)OCCOC(=O)C(C)CSCCCCCCCCCCC)(CCC(=O)OCCOC(=O)C(C)CSCCCCCCCCCCC))CCN(CCC(=O)OCCOC(=O)C(C)CSCCCCCCCCCCC)CCC(=O)OCCOC(=O)C(C)CSCCCCCCCCCCC,0.8106374253120047
N(CCN(CCC(=O)OCCOC(=O)C(C)CSCCCCCCCCCCCC)(CCC(=O)OCCOC(=O)C(C)CSCCCCCCCCCCCC))(CCN(CCC(=O)OCCOC(=O)C(C)CSCCCCCCCCCCCC)(CCC(=O)OCCOC(=O)C(C)CSCCCCCCCCCCCC))CCN(CCC(=O)OCCOC(=O)C(C)CSCCCCCCCCCCCC)CCC(=O)OCCOC(=O)C(C)CSCCCCCCCCCCCC,0.8105407472770847
N(CCN(CCC(=O)OCCOC(=O)C(C)CSCCCCCCCCCCCCCC)(CCC(=O)OCCOC(=O)C(C)CSCCCCCCCCCCCCCC))(CCN(CCC(=O)OCCOC(=O)C(C)CSCCCCCCCCCCCCCC)(CCC(=O)OCCOC(=O)C(C)CSCCCCCCCCCCCCCC))CCN(CCC(=O)OCCOC(=O)C(C)CSCCCCCCCCCCCCCC)CCC(=O)OCCOC(=O)C(C)CSCCCCCCCCCCCCCC,0.8103780930156316
N(CCN(CCC(=O)OCCOC(=O)C(C)CSCCCCCCCCCCCCCCCC)(CCC(=O)OCCOC(=O)C(C)CSCCCCCCCCCCCCCCCC))(CCN(CCC(=O)OCCOC(=O)C(C)CSCCCCCCCCCCCCCCCC)(CCC(=O)OCCOC(=O)C(C)CSCCCCCCCCCCCCCCCC))CCN(CCC(=O)OCCOC(=O)C(C)CSCCCCCCCCCCCCCCCC)CCC(=O)OCCOC(=O)C(C)CSCCCCCCCCCCCCCCCC,0.8102623525426224
N(CCN(CCC(=O)OCCOC(=O)C(C)CSCCCCCCCCCCCCCCCCCC)(CCC(=O)OCCOC(=O)C(C)CSCCCCCCCCCCCCCCCCCC))(CCN(CCC(=O)OCCOC(=O)C(C)CSCCCCCCCCCCCCCCCCCC)(CCC(=O)OCCOC(=O)C(C)CSCCCCCCCCCCCCCCCCCC))CCN(CCC(=O)OCCOC(=O)C(C)CSCCCCCCCCCCCCCCCCCC)CCC(=O)OCCOC(=O)C(C)CSCCCCCCCCCCCCCCCCCC,0.8101603298988923
N(CCN(CCC(=O)OCCOC(=O)C(C)CSCCc5ccccc5)(CCC(=O)OCCOC(=O)C(C)CSCCc5ccccc5))(CCN(CCC(=O)OCCOC(=O)C(C)CSCCc5ccccc5)(CCC(=O)OCCOC(=O)C(C)CSCCc5ccccc5))CCN(CCC(=O)OCCOC(=O)C(C)CSCCc5ccccc5)CCC(=O)OCCOC(=O)C(C)CSCCc5ccccc5,0.42343200793121133
N(CCN(CCC(=O)OCCOC(=O)C(C)CSCCC(C)C)(CCC(=O)OCCOC(=O)C(C)CSCCC(C)C))(CCN(CCC(=O)OCCOC(=O)C(C)CSCCC(C)C)(CCC(=O)OCCOC(=O)C(C)CSCCC(C)C))CCN(CCC(=O)OCCOC(=O)C(C)CSCCC(C)C)CCC(=O)OCCOC(=O)C(C)CSCCC(C)C,0.7293800120381054
N(CCN(CCC(=O)OCCOC(=O)C(C)CSCCCC)(CCC(=O)OCCOC(=O)C(C)CSCCCC))(CCN(CCC(=O)OCCOC(=O)C(C)CSCCCC)(CCC(=O)OCCOC(=O)C(C)CSCCCC))CCN(CCC(=O)OCCOC(=O)C(C)CSCCCC)CCC(=O)OCCOC(=O)C(C)CSCCCC,0.8039915230257645
N(CCN(CCC(=O)OCCOC(=O)C(C)CSCCCCC)(CCC(=O)OCCOC(=O)C(C)CSCCCCC))(CCN(CCC(=O)OCCOC(=O)C(C)CSCCCCC)(CCC(=O)OCCOC(=O)C(C)CSCCCCC))CCN(CCC(=O)OCCOC(=O)C(C)CSCCCCC)CCC(=O)OCCOC(=O)C(C)CSCCCCC,0.8056096924198274
N(CCN(CCC(=O)OCCOC(=O)C(C)CSCCCCCC)(CCC(=O)OCCOC(=O)C(C)CSCCCCCC))(CCN(CCC(=O)OCCOC(=O)C(C)CSCCCCCC)(CCC(=O)OCCOC(=O)C(C)CSCCCCCC))CCN(CCC(=O)OCCOC(=O)C(C)CSCCCCCC)CCC(=O)OCCOC(=O)C(C)CSCCCCCC,0.802670751419711
N(CCN(CCC(=O)OCCOC(=O)C(C)CSCCCCCCC)(CCC(=O)OCCOC(=O)C(C)CSCCCCCCC))(CCN(CCC(=O)OCCOC(=O)C(C)CSCCCCCCC)(CCC(=O)OCCOC(=O)C(C)CSCCCCCCC))CCN(CCC(=O)OCCOC(=O)C(C)CSCCCCCCC)CCC(=O)OCCOC(=O)C(C)CSCCCCCCC,0.8055494764939006
N(CCN(CCC(=O)OCCOC(=O)C(C)CSCCCCCCCC)(CCC(=O)OCCOC(=O)C(C)CSCCCCCCCC))(CCN(CCC(=O)OCCOC(=O)C(C)CSCCCCCCCC)(CCC(=O)OCCOC(=O)C(C)CSCCCCCCCC))CCN(CCC(=O)OCCOC(=O)C(C)CSCCCCCCCC)CCC(=O)OCCOC(=O)C(C)CSCCCCCCCC,0.808463000909898
N(CCN(CCC(=O)OCCOC(=O)C(C)CSCCCCCCCCC)(CCC(=O)OCCOC(=O)C(C)CSCCCCCCCCC))(CCN(CCC(=O)OCCOC(=O)C(C)CSCCCCCCCCC)(CCC(=O)OCCOC(=O)C(C)CSCCCCCCCCC))CCN(CCC(=O)OCCOC(=O)C(C)CSCCCCCCCCC)CCC(=O)OCCOC(=O)C(C)CSCCCCCCCCC,0.8095364358971299
N(CCN(CCC(=O)OCCOC(=O)C(C)CSCCN(C)C)(CCC(=O)OCCOC(=O)C(C)CSCCN(C)C))(CCN(CCC(=O)OCCOC(=O)C(C)CSCCN(C)C)(CCC(=O)OCCOC(=O)C(C)CSCCN(C)C))CCN(CCC(=O)OCCOC(=O)C(C)CSCCN(C)C)CCC(=O)OCCOC(=O)C(C)CSCCN(C)C,0.6030566791240499
N(CCN(CCC(=O)OCCOC(=O)C(C)CSCCCC(=O)N(C)CCCN(C)C)(CCC(=O)OCCOC(=O)C(C)CSCCCC(=O)N(C)CCCN(C)C))(CCN(CCC(=O)OCCOC(=O)C(C)CSCCCC(=O)N(C)CCCN(C)C)(CCC(=O)OCCOC(=O)C(C)CSCCCC(=O)N(C)CCCN(C)C))CCN(CCC(=O)OCCOC(=O)C(C)CSCCCC(=O)N(C)CCCN(C)C)CCC(=O)OCCOC(=O)C(C)CSCCCC(=O)N(C)CCCN(C)C,0.6736599116577818
N(CCN(CCC(=O)OCCOC(=O)C(C)CSCCCC(=O)N(C)CCN5(CCCCC5))(CCC(=O)OCCOC(=O)C(C)CSCCCC(=O)N(C)CCN5(CCCCC5)))(CCN(CCC(=O)OCCOC(=O)C(C)CSCCCC(=O)N(C)CCN5(CCCCC5))(CCC(=O)OCCOC(=O)C(C)CSCCCC(=O)N(C)CCN5(CCCCC5)))CCN(CCC(=O)OCCOC(=O)C(C)CSCCCC(=O)N(C)CCN5(CCCCC5))CCC(=O)OCCOC(=O)C(C)CSCCCC(=O)N(C)CCN5(CCCCC5),0.6738570089537889
N(CCN(CCC(=O)OCCOC(=O)C(C)CSCCNCCCC)(CCC(=O)OCCOC(=O)C(C)CSCCNCCCC))(CCN(CCC(=O)OCCOC(=O)C(C)CSCCNCCCC)(CCC(=O)OCCOC(=O)C(C)CSCCNCCCC))CCN(CCC(=O)OCCOC(=O)C(C)CSCCNCCCC)CCC(=O)OCCOC(=O)C(C)CSCCNCCCC,0.7730737330585469
N(CCN(CCC(=O)OCCOC(=O)C(C)CSCCN(CC)CC)(CCC(=O)OCCOC(=O)C(C)CSCCN(CC)CC))(CCN(CCC(=O)OCCOC(=O)C(C)CSCCN(CC)CC)(CCC(=O)OCCOC(=O)C(C)CSCCN(CC)CC))CCN(CCC(=O)OCCOC(=O)C(C)CSCCN(CC)CC)CCC(=O)OCCOC(=O)C(C)CSCCN(CC)CC,0.6054162645291545
N(CCN(CCC(=O)OCCOC(=O)C(C)CSCCN5CCCC5)(CCC(=O)OCCOC(=O)C(C)CSCCN5CCCC5))(CCN(CCC(=O)OCCOC(=O)C(C)CSCCN5CCCC5)(CCC(=O)OCCOC(=O)C(C)CSCCN5CCCC5))CCN(CCC(=O)OCCOC(=O)C(C)CSCCN5CCCC5)CCC(=O)OCCOC(=O)C(C)CSCCN5CCCC5,0.6537930505580659
N(CCN(CCC(=O)OCCOC(=O)C(C)CSCCN5CCCCC5)(CCC(=O)OCCOC(=O)C(C)CSCCN5CCCCC5))(CCN(CCC(=O)OCCOC(=O)C(C)CSCCN5CCCCC5)(CCC(=O)OCCOC(=O)C(C)CSCCN5CCCCC5))CCN(CCC(=O)OCCOC(=O)C(C)CSCCN5CCCCC5)CCC(=O)OCCOC(=O)C(C)CSCCN5CCCCC5,0.6534154242533632
N(CCN(CCC(=O)OCCOC(=O)C(C)CSCCN5CCCCCC5)(CCC(=O)OCCOC(=O)C(C)CSCCN5CCCCCC5))(CCN(CCC(=O)OCCOC(=O)C(C)CSCCN5CCCCCC5)(CCC(=O)OCCOC(=O)C(C)CSCCN5CCCCCC5))CCN(CCC(=O)OCCOC(=O)C(C)CSCCN5CCCCCC5)CCC(=O)OCCOC(=O)C(C)CSCCN5CCCCCC5,0.6480841175807737
N(CCN(CCC(=O)OCCOC(=O)C(C)CSCCN(CCC)CCC)(CCC(=O)OCCOC(=O)C(C)CSCCN(CCC)CCC))(CCN(CCC(=O)OCCOC(=O)C(C)CSCCN(CCC)CCC)(CCC(=O)OCCOC(=O)C(C)CSCCN(CCC)CCC))CCN(CCC(=O)OCCOC(=O)C(C)CSCCN(CCC)CCC)CCC(=O)OCCOC(=O)C(C)CSCCN(CCC)CCC,0.6563986661220608
N(CCN(CCC(=O)OCCOC(=O)C(C)CSCCN(CCCC)CCCC)(CCC(=O)OCCOC(=O)C(C)CSCCN(CCCC)CCCC))(CCN(CCC(=O)OCCOC(=O)C(C)CSCCN(CCCC)CCCC)(CCC(=O)OCCOC(=O)C(C)CSCCN(CCCC)CCCC))CCN(CCC(=O)OCCOC(=O)C(C)CSCCN(CCCC)CCCC)CCC(=O)OCCOC(=O)C(C)CSCCN(CCCC)CCCC,0.7686529101890245
N(CCN(CCC(=O)OCCOC(=O)C(C)CSCCCC(=O)N5CCN(CCO)CC5)(CCC(=O)OCCOC(=O)C(C)CSCCCC(=O)N5CCN(CCO)CC5))(CCN(CCC(=O)OCCOC(=O)C(C)CSCCCC(=O)N5CCN(CCO)CC5)(CCC(=O)OCCOC(=O)C(C)CSCCCC(=O)N5CCN(CCO)CC5))CCN(CCC(=O)OCCOC(=O)C(C)CSCCCC(=O)N5CCN(CCO)CC5)CCC(=O)OCCOC(=O)C(C)CSCCCC(=O)N5CCN(CCO)CC5,0.5775394382057834
N(CCN(CCC(=O)OCCOC(=O)C(C)CSCCC(O)=O)(CCC(=O)OCCOC(=O)C(C)CSCCC(O)=O))(CCN(CCC(=O)OCCOC(=O)C(C)CSCCC(O)=O)(CCC(=O)OCCOC(=O)C(C)CSCCC(O)=O))CCN(CCC(=O)OCCOC(=O)C(C)CSCCC(O)=O)CCC(=O)OCCOC(=O)C(C)CSCCC(O)=O,0.7438108121325546
N(CCN(CCC(=O)OCCOC(=O)C(C)CSCCCCCC(O)=O)(CCC(=O)OCCOC(=O)C(C)CSCCCCCC(O)=O))(CCN(CCC(=O)OCCOC(=O)C(C)CSCCCCCC(O)=O)(CCC(=O)OCCOC(=O)C(C)CSCCCCCC(O)=O))CCN(CCC(=O)OCCOC(=O)C(C)CSCCCCCC(O)=O)CCC(=O)OCCOC(=O)C(C)CSCCCCCC(O)=O,0.7763623302439266
N(CCN(CCC(=O)OCCOC(=O)C(C)CSCCCCCCCCCCC(O)=O)(CCC(=O)OCCOC(=O)C(C)CSCCCCCCCCCCC(O)=O))(CCN(CCC(=O)OCCOC(=O)C(C)CSCCCCCCCCCCC(O)=O)(CCC(=O)OCCOC(=O)C(C)CSCCCCCCCCCCC(O)=O))CCN(CCC(=O)OCCOC(=O)C(C)CSCCCCCCCCCCC(O)=O)CCC(=O)OCCOC(=O)C(C)CSCCCCCCCCCCC(O)=O,0.7834186984867804
N(CCN(CCC(=O)OCCOC(=O)C(C)CSCCO)(CCC(=O)OCCOC(=O)C(C)CSCCO))(CCN(CCC(=O)OCCOC(=O)C(C)CSCCO)(CCC(=O)OCCOC(=O)C(C)CSCCO))CCN(CCC(=O)OCCOC(=O)C(C)CSCCO)CCC(=O)OCCOC(=O)C(C)CSCCO,0.6405382425554597
N(CCN(CCC(=O)OCCOC(=O)C(C)CSCC(O)CO)(CCC(=O)OCCOC(=O)C(C)CSCC(O)CO))(CCN(CCC(=O)OCCOC(=O)C(C)CSCC(O)CO)(CCC(=O)OCCOC(=O)C(C)CSCC(O)CO))CCN(CCC(=O)OCCOC(=O)C(C)CSCC(O)CO)CCC(=O)OCCOC(=O)C(C)CSCC(O)CO,0.5722995243438461
N(CCN(CCC(=O)OCCOC(=O)C(C)CSCCCO)(CCC(=O)OCCOC(=O)C(C)CSCCCO))(CCN(CCC(=O)OCCOC(=O)C(C)CSCCCO)(CCC(=O)OCCOC(=O)C(C)CSCCCO))CCN(CCC(=O)OCCOC(=O)C(C)CSCCCO)CCC(=O)OCCOC(=O)C(C)CSCCCO,0.7061081006654926
N(CCN(CCC(=O)OCCOC(=O)C(C)CSCCCCO)(CCC(=O)OCCOC(=O)C(C)CSCCCCO))(CCN(CCC(=O)OCCOC(=O)C(C)CSCCCCO)(CCC(=O)OCCOC(=O)C(C)CSCCCCO))CCN(CCC(=O)OCCOC(=O)C(C)CSCCCCO)CCC(=O)OCCOC(=O)C(C)CSCCCCO,0.73225072019908
N(CCN(CCC(=O)OCCOC(=O)C(C)CSCCCCCCO)(CCC(=O)OCCOC(=O)C(C)CSCCCCCCO))(CCN(CCC(=O)OCCOC(=O)C(C)CSCCCCCCO)(CCC(=O)OCCOC(=O)C(C)CSCCCCCCO))CCN(CCC(=O)OCCOC(=O)C(C)CSCCCCCCO)CCC(=O)OCCOC(=O)C(C)CSCCCCCCO,0.7437894336973143
N(CCN(CCC(=O)OCCOC(=O)C(C)CSCCCCCCCCCCCO)(CCC(=O)OCCOC(=O)C(C)CSCCCCCCCCCCCO))(CCN(CCC(=O)OCCOC(=O)C(C)CSCCCCCCCCCCCO)(CCC(=O)OCCOC(=O)C(C)CSCCCCCCCCCCCO))CCN(CCC(=O)OCCOC(=O)C(C)CSCCCCCCCCCCCO)CCC(=O)OCCOC(=O)C(C)CSCCCCCCCCCCCO,0.7743380299648406
