smiles,quantified_delivery
O=C(CCN(CCCN(CCCN(CCC(NCCSSCCCCCCCCCCCC)=O)CCC(NCCSSCCCCCCCCCCCC)=O)C)CCC(NCCSSCCCCCCCCCCCC)=O)NCCSSCCCCCCCCCCCC,0.6241376869716043
OCCCCN(CCCCCCOC(C(CCCCCC)CCCCCCCC)=O)CCCCCCOC(C(CCCCCC)CCCCCCCC)=O,0.5481416199629409
OCCCN(CCCCCCCC(OC(CCCCCCCC)CCCCCCCC)=O)CCCCCC(OCCCCCCCCCCC)=O,0.5846055673920555
OC(CCCCCCCCCC)CN(CCN(CC(CCCCCCCCCC)O)CC(CCCCCCCCCC)O)CCN1CCN(CCN(CC(CCCCCCCCCC)O)CC(CCCCCCCCCC)O)CC1,0.5862745401052322
CN(CCCN(CCCCCCCCCC(O)C)CCCCCCCCCC(O)C)CCCN(CCCCCCCCCC(O)C)CCCCCCCCCC(O)C,0.44980086211986275
CCCCCCCCCCC(O)CN(CCOCCN(CC(O)CCCCCCCCCC)CC(O)CCCCCCCCCC)CCN1CCN(CCOCCN(CC(O)CCCCCCCCCC)CC(O)CCCCCCCCCC)CC1,0.3703740760312262
CCCCCCCCCCCCC(O)CN(CC(O)CCCCCCCCCCCC)CCOCCN(CCN1CCN(CCOCCN(CC(O)CCCCCCCCCCCC)CC(O)CCCCCCCCCCCC)CC1)CC(O)CCCCCCCCCCCC,0.39523860651630177
O=C(NCCN(CC(O)CCCCCCCCCCCC)CC(CCCCCCCCCCCC)O)CCN1CCN(CCC(NCCN(CC(CCCCCCCCCCCC)O)CC(CCCCCCCCCCCC)O)=O)CC1,0.5205638696240091
OC(CCCCCCCCCCCCCC)CN(CC(CN(CC(CCCCCCCCCCCCCC)O)CC(CCCCCCCCCCCCCC)O)OCC)CCN1CCN(CC(CN(CC(CCCCCCCCCCCCCC)O)CC(CCCCCCCCCCCCCC)O)OCC)CC1,0.49213653301119037
CCCCC/C=C\C/C=C\CCCCCCCC(CCCCCCCC/C=C\C/C=C\CCCCC)OC(=O)CCCN(C)C,0.5120366753013167
CCCCC\C=C/C\C=C/CCCCCCCCC(CCCCCCCC\C=C/C\C=C/CCCCC)OC(=O)CCCN(C)C,0.5138687390344683
O=C(O[13CH]([13CH2]CCCCCCC/C=C\C/C=C\CCCCC)[13CH2]CCCCCCC/C=C\C/C=C\CCCCC)CCCN(C)C,0.5138611146186332
CC(OCCCCCC)OCCCCCCN(CCCCCCOC(C)OCCCCCC)CCCCCCNC(CC[C@H]1CC[C@@](C2=CC(F)=CC=C2F)(S(C3=CC=C(Cl)C=C3)(=O)=O)CC1)=O,-0.11513696011926504
O=C(OCCSSCCCCCCCCCCCC)CCN(CCC(=O)OCCSSCCCCCCCCCCCC)CCC1=CNC=2C=CC=CC21,0.2612529302889065
CCCCCCCCSSCCOC(CCN(CCC(OCCSSCCCCCCCC)=O)CCC1=CNC2=C1C=CC=C2)=O,0.19719595390631536
O=C(OCCSSCCCCCCCCCCCCCC)CCN(CCC1=CNC2=C1C=CC=C2)CCC(OCCSSCCCCCCCCCCCCCC)=O,0.28253654665863026
O=C(OCCSSCCCCCCCCCCCCCCCC)CCN(CCC(=O)OCCSSCCCCCCCCCCCCCCCC)CCC1=CNC2=C1C=CC=C2,0.30192656787678246
C1=CC=C2C(=C1)C(CCN(CC(=O)OCCSSCCCCCCCCCCCCCCCC)CC(=O)OCCSSCCCCCCCCCCCCCCCC)=CN2,0.2850161794289103
O=C(OCCSSCCCCCCCCCCCCCCCCCC)CCN(CCC(=O)OCCSSCCCCCCCCCCCCCCCCCC)CCc1c[nH]c2ccccc12,0.31898935529273564
Clc1cccc(N2CCC(NC(=O)CCCCCN(CCCCCCCCCCCC)CCCCCCCCCCCC)CC2)n1,0.34530487763357437
CCCCCC(CC)OC(=O)CCCCCCCCN(CCCCCCCCC(=O)OC(CC)CCCCC)CCCCCC(=O)NC1CCN(C2=CC=CC(Cl)=N2)CC1,0.3586202051007755
Clc1cccc(N2CCC(NC(=O)CCCCCN(CCCCCCOC(=O)OCCCCCC)CCCN(CCCCCCOC(=O)OCCCCCC)CCCCCCOC(=O)OCCCCCC)CC2)n1,0.31798909745748033
O=C(OC(CCCCCCCC)CCCCCCCC)CCCCCCCN(CCO)CCCCCC(OCCCCCCCCCCC)=O,0.5897270304663597
O=C1NC(CCCCN(CC(CCCCCCCCCC)O)CC(CCCCCCCCCC)O)C(NC1CCCCN(CC(CCCCCCCCCC)O)CC(CCCCCCCCCC)O)=O,0.6130494037172676
C=CCCN(CCC(=O)OCCCCCCCCCC)CCC(=O)OCCCCCCCCCC,0.5736150910971047
C=CCCN(CCC(=O)OCCCCCCCCCCC)CCC(=O)OCCCCCCCCCCC,0.5732753280664484
C=CCCN(CCC(=O)OCCCCCCCCCCCC)CCC(=O)OCCCCCCCCCCCC,0.5729299062896643
C=CCCN(CCC(=O)OCCCCCCCCCCCCC)CCC(=O)OCCCCCCCCCCCCC,0.5728485990426717
C=CCCN(CCC(=O)OCCCCCCCCCCCCCC)CCC(=O)OCCCCCCCCCCCCCC,0.5728431189937903
CCCCCCCCCCCCCCOC(=O)CCN(C)CCCCCCN(C)CCC(=O)OCCCCCCCCCCCCCC,0.5673965460630129
CCCCCCCCCCCCCCOC(=O)CCN(C)CCCN(CC)CCCN(C)CCC(=O)OCCCCCCCCCCCCCC,0.5691216297114768
CCCCCCCCCCCCCCOC(=O)CCN(C)CCN(CCN(C)CCC(=O)OCCCCCCCCCCCCCC)CCN(C)CCC(=O)OCCCCCCCCCCCCCC,0.5942224575216951
CCCCCCCCCCCCCCOC(=O)CCN(C)CCOCCN(C)CCC(=O)OCCCCCCCCCCCCCC,0.33078992577017696
CCCCCCCCCCCCCCOC(=O)CCN(C)CCOCCOCCN(C)CCC(=O)OCCCCCCCCCCCCCC,0.25452438331433797
CCCCCCCCCCCCCCOC(=O)CCN(C)c1ccc(Cc2ccc(N(CCC(=O)OCCCCCCCCCCCCCC)CCC(=O)OCCCCCCCCCCCCCC)cc2)cc1,0.1603400042849235
CCCCCCCCCCCCCCOC(=O)CCN(C)c1ccccc1N(CCC(=O)OCCCCCCCCCCCCCC)CCC(=O)OCCCCCCCCCCCCCC,0.27924470512178046
CCCCCCCCCCCCCCOC(=O)CCN(CC)CCN(CCC(=O)OCCCCCCCCCCCCCC)CCC(=O)OCCCCCCCCCCCCCC,0.5854737977452895
CCCCCCCCCCCCCCOC(=O)CCN(CCC(=O)OCCCCCCCCCCCCCC)C(=O)C1CCCN1C,0.5041843013457887
CCCCCCCCCCCCCCOC(=O)CCN(CCC(=O)OCCCCCCCCCCCCCC)C(C)(C)C,0.2647652246617414
CCCCCCCCCCCCCCOC(=O)CCN(CCC(=O)OCCCCCCCCCCCCCC)C(C)(C)CC,0.28751651129686784
CCCCCCCCCCCCCCOC(=O)CCN(CCC(=O)OCCCCCCCCCCCCCC)C(C)(C)CC(C)(C)C,0.11567409152108697
CCCCCCCCCCCCCCOC(=O)CCN(CCC(=O)OCCCCCCCCCCCCCC)C(C)C,0.4370422659230033
CCCCCCCCCCCCCCOC(=O)CCN(CCC(=O)OCCCCCCCCCCCCCC)C(C)C(C)C,0.34336365966590704
CCCCCCCCCCCCCCOC(=O)CCN(CCC(=O)OCCCCCCCCCCCCCC)C(C)CC,0.44776427938850666
CCCCCCCCCCCCCCOC(=O)CCN(CCC(=O)OCCCCCCCCCCCCCC)C(C)CCC,0.48521743520649047
CCCCCCCCCCCCCCOC(=O)CCN(CCC(=O)OCCCCCCCCCCCCCC)C(C)CO,0.4389007172828346
CCCCCCCCCCCCCCOC(=O)CCN(CCC(=O)OCCCCCCCCCCCCCC)C(C)c1ccc(C)cc1,0.19613681532845767
CCCCCCCCCCCCCCOC(=O)CCN(CCC(=O)OCCCCCCCCCCCCCC)C(CC)CC,0.42461148982418334
CCCCCCCCCCCCCCOC(=O)CCN(CCC(=O)OCCCCCCCCCCCCCC)C(CO)(CO)CO,0.13812168218640253
CCCCCCCCCCCCCCOC(=O)CCN(CCC(=O)OCCCCCCCCCCCCCC)C(CO)C(C)(C)C,0.18778950956687718
CCCCCCCCCCCCCCOC(=O)CCN(CCC(=O)OCCCCCCCCCCCCCC)C(c1ccccc1)(c1ccccc1)c1ccccc1,0.15721831230927105
CCCCCCCCCCCCCCOC(=O)CCN(CCC(=O)OCCCCCCCCCCCCCC)C(c1ccccc1)c1ccccc1,0.20379542190342378
CCCCCCCCCCCCCCOC(=O)CCN(CCC(=O)OCCCCCCCCCCCCCC)C12C[C@H]3C[C@@H](C1)C[C@@H](C2)C3,0.38271886897177965
CCCCCCCCCCCCCCOC(=O)CCN(CCC(=O)OCCCCCCCCCCCCCC)C1CC1,0.4828410596616037
CCCCCCCCCCCCCCOC(=O)CCN(CCC(=O)OCCCCCCCCCCCCCC)C1CC2CCC1C2,0.3657879303406016
CCCCCCCCCCCCCCOC(=O)CCN(CCC(=O)OCCCCCCCCCCCCCC)C1CCC(CC2CCC(N(CCC(=O)OCCCCCCCCCCCCCC)CCC(=O)OCCCCCCCCCCCCCC)C(C)C2)CC1C,0.36496574431112244
CCCCCCCCCCCCCCOC(=O)CCN(CCC(=O)OCCCCCCCCCCCCCC)C1CCC1,0.48949881274382734
CCCCCCCCCCCCCCOC(=O)CCN(CCC(=O)OCCCCCCCCCCCCCC)C1CCCC(N(CCC(=O)OCCCCCCCCCCCCCC)CCC(=O)OCCCCCCCCCCCCCC)C1,0.5092318433259406
CCCCCCCCCCCCCCOC(=O)CCN(CCC(=O)OCCCCCCCCCCCCCC)C1CCCCC1,0.4850473154281674
CCCCCCCCCCCCCCOC(=O)CCN(CCC(=O)OCCCCCCCCCCCCCC)C1CCCCCCC1,0.4664000195307119
CCCCCCCCCCCCCCOC(=O)CCN(CCC(=O)OCCCCCCCCCCCCCC)C1CCN(C)CC1,0.40150876527165297
CCCCCCCCCCCCCCOC(=O)CCN(CCC(=O)OCCCCCCCCCCCCCC)C1CCc2ccccc21,0.3181701475506921
CCCCCCCCCCCCCCOC(=O)CCN(CCC(=O)OCCCCCCCCCCCCCC)C1Cc2ccccc2C1,0.330264109123417
CCCCCCCCCCCCCCOC(=O)CCN(CCC(=O)OCCCCCCCCCCCCCC)CC(=O)N(C)c1ccccc1,0.2656560304337374
CCCCCCCCCCCCCCOC(=O)CCN(CCC(=O)OCCCCCCCCCCCCCC)CC(C)(C)CN(C)C,0.31348229334414085
CCCCCCCCCCCCCCOC(=O)CCN(CCC(=O)OCCCCCCCCCCCCCC)CC(C)C,0.4764999878824102
CCCCCCCCCCCCCCOC(=O)CCN(CCC(=O)OCCCCCCCCCCCCCC)CC(C)CC,0.4943319478114885
CCCCCCCCCCCCCCOC(=O)CCN(CCC(=O)OCCCCCCCCCCCCCC)CC(C)N(CCC(=O)OCCCCCCCCCCCCCC)CCC(=O)OCCCCCCCCCCCCCC,0.5612437616154998
CCCCCCCCCCCCCCOC(=O)CCN(CCC(=O)OCCCCCCCCCCCCCC)CC(CC)CCCC,0.5655257050274495
CCCCCCCCCCCCCCOC(=O)CCN(CCC(=O)OCCCCCCCCCCCCCC)CC1(C)CC(N(CCC(=O)OCCCCCCCCCCCCCC)CCC(=O)OCCCCCCCCCCCCCC)CC(C)(C)C1,0.3798114349942462
CCCCCCCCCCCCCCOC(=O)CCN(CCC(=O)OCCCCCCCCCCCCCC)CC12C[C@H]3C[C@@H](C1)C[C@@H](C2)C3,0.39499063430441145
CCCCCCCCCCCCCCOC(=O)CCN(CCC(=O)OCCCCCCCCCCCCCC)CC1CCC(CN(CCC(=O)OCCCCCCCCCCCCCC)CCC(=O)OCCCCCCCCCCCCCC)CC1,0.48662976889133913
CCCCCCCCCCCCCCOC(=O)CCN(CCC(=O)OCCCCCCCCCCCCCC)CC1CCCC(CN(CCC(=O)OCCCCCCCCCCCCCC)CCC(=O)OCCCCCCCCCCCCCC)C1,0.524365236575346
CCCCCCCCCCCCCCOC(=O)CCN(CCC(=O)OCCCCCCCCCCCCCC)CC1CCCCC1,0.4901556144720061
CCCCCCCCCCCCCCOC(=O)CCN(CCC(=O)OCCCCCCCCCCCCCC)CC1CCCN1C,0.49239087875819293
CCCCCCCCCCCCCCOC(=O)CCN(CCC(=O)OCCCCCCCCCCCCCC)CC1CCCN1CCC(=O)OCCCCCCCCCCCCCC,0.5480719876026959
CCCCCCCCCCCCCCOC(=O)CCN(CCC(=O)OCCCCCCCCCCCCCC)CC1CCN(C)CC1,0.3978835640221334
CCCCCCCCCCCCCCOC(=O)CCN(CCC(=O)OCCCCCCCCCCCCCC)CCC(=O)N1CCN(CCC(=O)OCCCCCCCCCCCCCC)CC1,0.5435280144621598
CCCCCCCCCCCCCCOC(=O)CCN(CCC(=O)OCCCCCCCCCCCCCC)CCC(C)(C)C,0.4381688329284036
CCCCCCCCCCCCCCOC(=O)CCN(CCC(=O)OCCCCCCCCCCCCCC)CCC(C)C,0.539683104948514
CCCCCCCCCCCCCCOC(=O)CCN(CCC(=O)OCCCCCCCCCCCCCC)CCC(c1ccccc1)c1ccccc1,0.19416316381061638
CCCCCCCCCCCCCCOC(=O)CCN(CCC(=O)OCCCCCCCCCCCCCC)CCC1CCC(C)CC1,0.41612795719529727
CCCCCCCCCCCCCCOC(=O)CCN(CCC(=O)OCCCCCCCCCCCCCC)CCC1CCC(CC)CC1,0.3863822518662239
CCCCCCCCCCCCCCOC(=O)CCN(CCC(=O)OCCCCCCCCCCCCCC)CCN(C(C)C)C(C)C,0.3474087398781013
CCCCCCCCCCCCCCOC(=O)CCN(CCC(=O)OCCCCCCCCCCCCCC)CCN(C)C,0.5413136577537712
CCCCCCCCCCCCCCOC(=O)CCN(CCC(=O)OCCCCCCCCCCCCCC)CCN(C)CCCN(C)CCN(CCC(=O)OCCCCCCCCCCCCCC)CCC(=O)OCCCCCCCCCCCCCC,0.6112642182283528
CCCCCCCCCCCCCCOC(=O)CCN(CCC(=O)OCCCCCCCCCCCCCC)CCN(C)CCN(C)CCN(CCC(=O)OCCCCCCCCCCCCCC)CCC(=O)OCCCCCCCCCCCCCC,0.610786739186673
CCCCCCCCCCCCCCOC(=O)CCN(CCC(=O)OCCCCCCCCCCCCCC)CCN(C)CCN(CCC(=O)OCCCCCCCCCCCCCC)CCC(=O)OCCCCCCCCCCCCCC,0.6095033355649127
CCCCCCCCCCCCCCOC(=O)CCN(CCC(=O)OCCCCCCCCCCCCCC)CCN(CC)CCN(CC)CCN(CCC(=O)OCCCCCCCCCCCCCC)CCC(=O)OCCCCCCCCCCCCCC,0.5891494214010942
CCCCCCCCCCCCCCOC(=O)CCN(CCC(=O)OCCCCCCCCCCCCCC)CCN(CCC(=O)OCCCCCCCCCCCCCC)C(C)C,0.5328445996018222
CCCCCCCCCCCCCCOC(=O)CCN(CCC(=O)OCCCCCCCCCCCCCC)CCN(CCC(=O)OCCCCCCCCCCCCCC)CCN(CC)CC,0.5729060799901794
CCCCCCCCCCCCCCOC(=O)CCN(CCC(=O)OCCCCCCCCCCCCCC)CCN(CCC(=O)OCCCCCCCCCCCCCC)CCN(CCC(=O)OCCCCCCCCCCCCCC)CCC(=O)OCCCCCCCCCCCCCC,0.6149826696574818
CCCCCCCCCCCCCCOC(=O)CCN(CCC(=O)OCCCCCCCCCCCCCC)CCN(CCC(=O)OCCCCCCCCCCCCCC)CCN(CCC(=O)OCCCCCCCCCCCCCC)CCN(CCC(=O)OCCCCCCCCCCCCCC)CCN(CCC(=O)OCCCCCCCCCCCCCC)CCC(=O)OCCCCCCCCCCCCCC,0.6168278974210989
CCCCCCCCCCCCCCOC(=O)CCN(CCC(=O)OCCCCCCCCCCCCCC)CCN(CCC(=O)OCCCCCCCCCCCCCC)CCN(CCC(=O)OCCCCCCCCCCCCCC)CCN(CCC(=O)OCCCCCCCCCCCCCC)CCN(CCC(=O)OCCCCCCCCCCCCCC)CCN(CCC(=O)OCCCCCCCCCCCCCC)CCC(=O)OCCCCCCCCCCCCCC,0.617388172853489
CCCCCCCCCCCCCCOC(=O)CCN(CCC(=O)OCCCCCCCCCCCCCC)CCN(CCC(=O)OCCCCCCCCCCCCCC)CCN1CCN(CCN(CCC(=O)OCCCCCCCCCCCCCC)CCC(=O)OCCCCCCCCCCCCCC)CC1,0.6180403582361426
CCCCCCCCCCCCCCOC(=O)CCN(CCC(=O)OCCCCCCCCCCCCCC)CCN(CCC(=O)OCCCCCCCCCCCCCC)Cc1ccccc1,0.4592120717191979
CCCCCCCCCCCCCCOC(=O)CCN(CCC(=O)OCCCCCCCCCCCCCC)CCN(CCC(=O)OCCCCCCCCCCCCCC)c1ccccc1,0.41474909946122507
CCCCCCCCCCCCCCOC(=O)CCN(CCC(=O)OCCCCCCCCCCCCCC)CCN(CCCCCCCCCCCC)CCN(CCC(=O)OCCCCCCCCCCCCCC)CCC(=O)OCCCCCCCCCCCCCC,0.6136938455525885
CCCCCCCCCCCCCCOC(=O)CCN(CCC(=O)OCCCCCCCCCCCCCC)CCN(CCN(CCC(=O)OCCCCCCCCCCCCCC)CCC(=O)OCCCCCCCCCCCCCC)CCN(CCC(=O)OCCCCCCCCCCCCCC)CCC(=O)OCCCCCCCCCCCCCC,0.615497555989353
CCCCCCCCCCCCCCOC(=O)CCN(CCC(=O)OCCCCCCCCCCCCCC)CCN1CCN(CCC(=O)OCCCCCCCCCCCCCC)CC1,0.5846963455930934
CCCCCCCCCCCCCCOC(=O)CCN(CCC(=O)OCCCCCCCCCCCCCC)CCN1CCN(CCN(CCC(=O)OCCCCCCCCCCCCCC)CCC(=O)OCCCCCCCCCCCCCC)CC1,0.6147696625400857
CCCCCCCCCCCCCCOC(=O)CCN(CCC(=O)OCCCCCCCCCCCCCC)CC[C@H](C)O,0.3533710330612317
CCCCCCCCCCCCCCOC(=O)CCN(CCC(=O)OCCCCCCCCCCCCCC)CCc1ccc(OC)cc1,0.24320861846566805
CCCCCCCCCCCCCCOC(=O)CCN(CCC(=O)OCCCCCCCCCCCCCC)CCc1ccccc1F,0.3645732060271068
CCCCCCCCCCCCCCOC(=O)CCN(CCC(=O)OCCCCCCCCCCCCCC)CN(CC)CCC,0.47774303570941784
CCCCCCCCCCCCCCOC(=O)CCN(CCC(=O)OCCCCCCCCCCCCCC)C[C@@H](C)O,0.4421044908602129
CCCCCCCCCCCCCCOC(=O)CCN(CCC(=O)OCCCCCCCCCCCCCC)C[C@@H]1CCCN1CC,0.382021622100225
CCCCCCCCCCCCCCOC(=O)CCN(CCC(=O)OCCCCCCCCCCCCCC)C[C@H]1CCCN1CC,0.5092606731483175
CCCCCCCCCCCCCCOC(=O)CCN(CCC(=O)OCCCCCCCCCCCCCC)Cc1cc(C)c(OC)c(OC)c1,-0.08345277684696513
CCCCCCCCCCCCCCOC(=O)CCN(CCC(=O)OCCCCCCCCCCCCCC)Cc1cc(F)ccc1F,0.2830882744060802
CCCCCCCCCCCCCCOC(=O)CCN(CCC(=O)OCCCCCCCCCCCCCC)Cc1cccc(CN(CCC(=O)OCCCCCCCCCCCCCC)CCC(=O)OCCCCCCCCCCCCCC)c1,0.4466742261870672
CCCCCCCCCCCCCCOC(=O)CCN(CCC(=O)OCCCCCCCCCCCCCC)Cc1cccc(F)c1,0.28931191231168685
CCCCCCCCCCCCCCOC(=O)CCN(CCC(=O)OCCCCCCCCCCCCCC)Cc1cccc(N(CCC(=O)OCCCCCCCCCCCCCC)CCC(=O)OCCCCCCCCCCCCCC)c1,0.4095660156198777
CCCCCCCCCCCCCCOC(=O)CCN(CCC(=O)OCCCCCCCCCCCCCC)Cc1ccccc1F,0.33708367256201827
CCCCCCCCCCCCCCOC(=O)CCN(CCC(=O)OCCCCCCCCCCCCCC)Cc1ccccc1N(CCC(=O)OCCCCCCCCCCCCCC)CCC(=O)OCCCCCCCCCCCCCC,0.4422750871645256
CCCCCCCCCCCCCCOC(=O)CCN(CCC(=O)OCCCCCCCCCCCCCC)Cc1ccccc1OC,0.2227511790305872
CCCCCCCCCCCCCCOC(=O)CCN(CCC(=O)OCCCCCCCCCCCCCC)Cc1ccccc1OCC,0.26615551901956647
CCCCCCCCCCCCCCOC(=O)CCN(CCC(=O)OCCCCCCCCCCCCCC)Cc1nccn1C,0.3339207015225081
CCCCCCCCCCCCCCOC(=O)CCN(CCC(=O)OCCCCCCCCCCCCCC)[C@@H](CO)CC(C)C,0.4729082030179184
CCCCCCCCCCCCCCOC(=O)CCN(CCC(=O)OCCCCCCCCCCCCCC)[C@H]1CCCC[C@H]1N(CCC(=O)OCCCCCCCCCCCCCC)CCC(=O)OCCCCCCCCCCCCCC,0.5754137384452286
CCCCCCCCCCCCCCOC(=O)CCN(CCC(=O)OCCCCCCCCCCCCCC)[C@@H]1CCCC[C@H]1N(CCC(=O)OCCCCCCCCCCCCCC)CCC(=O)OCCCCCCCCCCCCCC,0.5221716087475092
CCCCCCCCCCCCCCOC(=O)CCN(CCC(=O)OCCCCCCCCCCCCCC)[C@@H](c1ccccc1)[C@@H](c1ccccc1)N(CCC(=O)OCCCCCCCCCCCCCC)CCC(=O)OCCCCCCCCCCCCCC,0.3953243216286991
CCCCCCCCCCCCCCOC(=O)CCN(CCC(=O)OCCCCCCCCCCCCCC)[C@H]1CC[C@H](N(CCC(=O)OCCCCCCCCCCCCCC)CCC(=O)OCCCCCCCCCCCCCC)CC1,0.3605461444538981
CCCCCCCCCCCCCCOC(=O)CCN(CCC(=O)OCCCCCCCCCCCCCC)c1c(-c2ccccc2)cc(-c2ccccc2)cc1-c1ccccc1,-0.1688481700880956
CCCCCCCCCCCCCCOC(=O)CCN(CCC(=O)OCCCCCCCCCCCCCC)c1c(C)c(C)c(N(CCC(=O)OCCCCCCCCCCCCCC)CCC(=O)OCCCCCCCCCCCCCC)c(C)c1C,0.13154764876399433
CCCCCCCCCCCCCCOC(=O)CCN(CCC(=O)OCCCCCCCCCCCCCC)c1c(C)cc(-c2cc(C)c(N(CCC(=O)OCCCCCCCCCCCCCC)CCC(=O)OCCCCCCCCCCCCCC)c(C)c2)cc1C,0.060202680172067195
CCCCCCCCCCCCCCOC(=O)CCN(CCC(=O)OCCCCCCCCCCCCCC)c1c(CC)cccc1CC,0.15429473601383653
CCCCCCCCCCCCCCOC(=O)CCN(CCC(=O)OCCCCCCCCCCCCCC)c1c(F)cc(F)cc1F,0.17009592087205816
CCCCCCCCCCCCCCOC(=O)CCN(CCC(=O)OCCCCCCCCCCCCCC)c1c(N(CCC(=O)OCCCCCCCCCCCCCC)CCC(=O)OCCCCCCCCCCCCCC)c2ccccc2c2ccccc12,0.21163671662969127
CCCCCCCCCCCCCCOC(=O)CCN(CCC(=O)OCCCCCCCCCCCCCC)c1cc(C(C)(C)C)ccc1C(C)(C)C,-0.16086918913367912
CCCCCCCCCCCCCCOC(=O)CCN(CCC(=O)OCCCCCCCCCCCCCC)c1cc(C(C)(C)C)ccc1OC,-0.09162412538684879
CCCCCCCCCCCCCCOC(=O)CCN(CCC(=O)OCCCCCCCCCCCCCC)c1cc(C)c(C)cc1N(CCC(=O)OCCCCCCCCCCCCCC)CCC(=O)OCCCCCCCCCCCCCC,0.25803545658932425
CCCCCCCCCCCCCCOC(=O)CCN(CCC(=O)OCCCCCCCCCCCCCC)c1cc(F)c(F)c(F)c1,0.1482237651221801
CCCCCCCCCCCCCCOC(=O)CCN(CCC(=O)OCCCCCCCCCCCCCC)c1cc(F)cc(F)c1,0.14647714845555665
CCCCCCCCCCCCCCOC(=O)CCN(CCC(=O)OCCCCCCCCCCCCCC)c1cc(F)ccc1F,0.20328676019229305
CCCCCCCCCCCCCCOC(=O)CCN(CCC(=O)OCCCCCCCCCCCCCC)c1cc(OC)ccc1OC,0.0036918511615877028
CCCCCCCCCCCCCCOC(=O)CCN(CCC(=O)OCCCCCCCCCCCCCC)c1ccc(-c2ccc(N(CCC(=O)OCCCCCCCCCCCCCC)CCC(=O)OCCCCCCCCCCCCCC)c(C)c2)cc1C,0.16838364385956747
CCCCCCCCCCCCCCOC(=O)CCN(CCC(=O)OCCCCCCCCCCCCCC)c1ccc(-c2ccc(N(CCC(=O)OCCCCCCCCCCCCCC)CCC(=O)OCCCCCCCCCCCCCC)c(N(CCC(=O)OCCCCCCCCCCCCCC)CCC(=O)OCCCCCCCCCCCCCC)c2)cc1N(CCC(=O)OCCCCCCCCCCCCCC)CCC(=O)OCCCCCCCCCCCCCC,0.3525706183129069
CCCCCCCCCCCCCCOC(=O)CCN(CCC(=O)OCCCCCCCCCCCCCC)c1ccc(-c2ccccc2)cc1,0.09204873708935274
CCCCCCCCCCCCCCOC(=O)CCN(CCC(=O)OCCCCCCCCCCCCCC)c1ccc(C(C)(C)C)cc1,0.039148481283509735
CCCCCCCCCCCCCCOC(=O)CCN(CCC(=O)OCCCCCCCCCCCCCC)c1ccc(C(C)C)cc1,0.1620982362725459
CCCCCCCCCCCCCCOC(=O)CCN(CCC(=O)OCCCCCCCCCCCCCC)c1ccc(C)c(F)c1,0.16192719322511784
CCCCCCCCCCCCCCOC(=O)CCN(CCC(=O)OCCCCCCCCCCCCCC)c1ccc(C)c(N(CCC(=O)OCCCCCCCCCCCCCC)CCC(=O)OCCCCCCCCCCCCCC)c1,0.32600116718530664
CCCCCCCCCCCCCCOC(=O)CCN(CCC(=O)OCCCCCCCCCCCCCC)c1ccc(C)cc1N(CCC(=O)OCCCCCCCCCCCCCC)CCC(=O)OCCCCCCCCCCCCCC,0.3296371200524688
CCCCCCCCCCCCCCOC(=O)CCN(CCC(=O)OCCCCCCCCCCCCCC)c1ccc(C2(c3ccc(N(CCC(=O)OCCCCCCCCCCCCCC)CCC(=O)OCCCCCCCCCCCCCC)cc3)c3ccccc3-c3ccccc32)cc1,0.19219451581566693
CCCCCCCCCCCCCCOC(=O)CCN(CCC(=O)OCCCCCCCCCCCCCC)c1ccc(Cc2ccc(N(CCC(=O)OCCCCCCCCCCCCCC)CCC(=O)OCCCCCCCCCCCCCC)cc2)cc1,0.2637750334380185
CCCCCCCCCCCCCCOC(=O)CCN(CCC(=O)OCCCCCCCCCCCCCC)c1ccc(F)c(F)c1,0.20562540083537045
CCCCCCCCCCCCCCOC(=O)CCN(CCC(=O)OCCCCCCCCCCCCCC)c1ccc(F)cc1,0.2453827980765501
CCCCCCCCCCCCCCOC(=O)CCN(CCC(=O)OCCCCCCCCCCCCCC)c1ccc(F)cc1C(F)(F)F,0.22760051598189812
CCCCCCCCCCCCCCOC(=O)CCN(CCC(=O)OCCCCCCCCCCCCCC)c1ccc(N(CCC(=O)OCCCCCCCCCCCCCC)CCC(=O)OCCCCCCCCCCCCCC)cc1,0.38877357841403754
CCCCCCCCCCCCCCOC(=O)CCN(CCC(=O)OCCCCCCCCCCCCCC)c1ccc(N(CCC(=O)OCCCCCCCCCCCCCC)c2ccccc2)cc1,0.19465744039343302
CCCCCCCCCCCCCCOC(=O)CCN(CCC(=O)OCCCCCCCCCCCCCC)c1ccc(OC(F)(F)F)cc1,0.23949251988361317
CCCCCCCCCCCCCCOC(=O)CCN(CCC(=O)OCCCCCCCCCCCCCC)c1ccc(OC(F)F)cc1,0.2516471491714018
CCCCCCCCCCCCCCOC(=O)CCN(CCC(=O)OCCCCCCCCCCCCCC)c1ccc(OC)c(F)c1,0.09884164485540516
CCCCCCCCCCCCCCOC(=O)CCN(CCC(=O)OCCCCCCCCCCCCCC)c1ccc(OCCCCCCCC)cc1,0.31133795617336374
CCCCCCCCCCCCCCOC(=O)CCN(CCC(=O)OCCCCCCCCCCCCCC)c1ccc(Oc2ccc(F)cc2)cc1,0.04354922858126655
CCCCCCCCCCCCCCOC(=O)CCN(CCC(=O)OCCCCCCCCCCCCCC)c1ccc(Oc2ccc(N(CCC(=O)OCCCCCCCCCCCCCC)CCC(=O)OCCCCCCCCCCCCCC)cc2)cc1,0.2362422552393647
CCCCCCCCCCCCCCOC(=O)CCN(CCC(=O)OCCCCCCCCCCCCCC)c1ccc(Oc2ccccc2)cc1,0.06631722713176615
CCCCCCCCCCCCCCOC(=O)CCN(CCC(=O)OCCCCCCCCCCCCCC)c1ccc2c(c1)CCCC2,0.2318137205198335
CCCCCCCCCCCCCCOC(=O)CCN(CCC(=O)OCCCCCCCCCCCCCC)c1ccc2c(c1)Cc1cc(N(CCC(=O)OCCCCCCCCCCCCCC)CCC(=O)OCCCCCCCCCCCCCC)ccc1-2,0.24160668700266735
CCCCCCCCCCCCCCOC(=O)CCN(CCC(=O)OCCCCCCCCCCCCCC)c1ccc2c(c1)OCCO2,-0.13439075447011162
CCCCCCCCCCCCCCOC(=O)CCN(CCC(=O)OCCCCCCCCCCCCCC)c1ccc2c(c1)OCO2,-0.27229806089549446
CCCCCCCCCCCCCCOC(=O)CCN(CCC(=O)OCCCCCCCCCCCCCC)c1ccc2cc3ccccc3cc2c1,-0.01519201103759447
CCCCCCCCCCCCCCOC(=O)CCN(CCC(=O)OCCCCCCCCCCCCCC)c1ccc2ccccc2c1-c1c(N(CCC(=O)OCCCCCCCCCCCCCC)CCC(=O)OCCCCCCCCCCCCCC)ccc2ccccc12,0.11049514749927519
CCCCCCCCCCCCCCOC(=O)CCN(CCC(=O)OCCCCCCCCCCCCCC)c1cccc(-c2ccccc2)c1,0.06907416824517734
CCCCCCCCCCCCCCOC(=O)CCN(CCC(=O)OCCCCCCCCCCCCCC)c1cccc(C(F)(F)F)c1,0.24056023592928547
CCCCCCCCCCCCCCOC(=O)CCN(CCC(=O)OCCCCCCCCCCCCCC)c1cccc(C)c1N(CCC(=O)OCCCCCCCCCCCCCC)CCC(=O)OCCCCCCCCCCCCCC,0.33659338688436535
CCCCCCCCCCCCCCOC(=O)CCN(CCC(=O)OCCCCCCCCCCCCCC)c1cccc(F)c1,0.22145881076364557
CCCCCCCCCCCCCCOC(=O)CCN(CCC(=O)OCCCCCCCCCCCCCC)c1cccc(N(CCC(=O)OCCCCCCCCCCCCCC)CCC(=O)OCCCCCCCCCCCCCC)c1,0.36892603268002433
CCCCCCCCCCCCCCOC(=O)CCN(CCC(=O)OCCCCCCCCCCCCCC)c1cccc(N(CCC(=O)OCCCCCCCCCCCCCC)CCC(=O)OCCCCCCCCCCCCCC)c1C,0.33261326312114214
CCCCCCCCCCCCCCOC(=O)CCN(CCC(=O)OCCCCCCCCCCCCCC)c1cccc(OC(C)C)c1,0.1327768475544263
CCCCCCCCCCCCCCOC(=O)CCN(CCC(=O)OCCCCCCCCCCCCCC)c1cccc(OCc2ccccc2)c1,0.04617950313004053
CCCCCCCCCCCCCCOC(=O)CCN(CCC(=O)OCCCCCCCCCCCCCC)c1cccc2c1CCC2,0.2727774433039395
CCCCCCCCCCCCCCOC(=O)CCN(CCC(=O)OCCCCCCCCCCCCCC)c1cccc2cccc(N(CCC(=O)OCCCCCCCCCCCCCC)CCC(=O)OCCCCCCCCCCCCCC)c12,0.27085162308231436
CCCCCCCCCCCCCCOC(=O)CCN(CCC(=O)OCCCCCCCCCCCCCC)c1ccccc1C(C)(C)C,0.028061955218760013
CCCCCCCCCCCCCCOC(=O)CCN(CCC(=O)OCCCCCCCCCCCCCC)c1ccccc1C(C)C,0.1648743277741682
CCCCCCCCCCCCCCOC(=O)CCN(CCC(=O)OCCCCCCCCCCCCCC)c1ccccc1Cc1ccccc1,0.12651764889683825
CCCCCCCCCCCCCCOC(=O)CCN(CCC(=O)OCCCCCCCCCCCCCC)c1ccccc1N(CCC(=O)OCCCCCCCCCCCCCC)c1ccccc1,0.1899891237524595
CCCCCCCCCCCCCCOC(=O)CCN(CCC(=O)OCCCCCCCCCCCCCC)c1ccccc1OC,0.14435958608882585
CCCCCCCCCCCCCCOC(=O)CCN(CCC(=O)OCCCCCCCCCCCCCC)c1ccccc1OCC,0.18924038229114287
CCCCCCCCCCCCCCOC(=O)CCN(CCC(=O)OCCCCCCCCCCCCCC)c1ccccc1Oc1ccccc1,0.05948664030679375
CCCCCCCCCCCCCCOC(=O)CCN(CCC(=O)OCCCCCCCCCCCCCC)c1nc(N(CCC(=O)OCCCCCCCCCCCCCC)CCC(=O)OCCCCCCCCCCCCCC)nc(N(CCC(=O)OCCCCCCCCCCCCCC)CCC(=O)OCCCCCCCCCCCCCC)n1,0.5693480986880819
CCCCCCCCCCCCCCOC(=O)CCN(CCC)CCC(=O)OCCCCCCCCCCCCCC,0.4931644591367227
CCCCCCCCCCCCCCOC(=O)CCN(CCC)CCCN(CCC(=O)OCCCCCCCCCCCCCC)CCC(=O)OCCCCCCCCCCCCCC,0.5768719079737116
CCCCCCCCCCCCCCOC(=O)CCN(CCCC)CCC(=O)OCCCCCCCCCCCCCC,0.5653371198670256
CCCCCCCCCCCCCCOC(=O)CCN(CCCCC)CCC(=O)OCCCCCCCCCCCCCC,0.5841280883503758
CCCCCCCCCCCCCCOC(=O)CCN(CCCCCC)CCC(=O)OCCCCCCCCCCCCCC,0.6104237455140188
CCCCCCCCCCCCCCOC(=O)CCN(CCCCCCCCN(CCC(=O)OCCCCCCCCCCCCCC)CCC(=O)OCCCCCCCCCCCCCC)CCC(=O)OCCCCCCCCCCCCCC,0.6110582994350535
CCCCCCCCCCCCCCOC(=O)CCN(CCCCCCN(CCC(=O)OCCCCCCCCCCCCCC)CCC(=O)OCCCCCCCCCCCCCC)CCCCCCN(CCC(=O)OCCCCCCCCCCCCCC)CCC(=O)OCCCCCCCCCCCCCC,0.612875471731027
CCCCCCCCCCCCCCOC(=O)CCN(CCCCN(C)Cc1ccccc1)CCC(=O)OCCCCCCCCCCCCCC,0.38117310800981485
CCCCCCCCCCCCCCOC(=O)CCN(CCCCN1CCN(C)CC1)CCC(=O)OCCCCCCCCCCCCCC,0.5416098186563698
CCCCCCCCCCCCCCOC(=O)CCN(CCCCc1ccccc1)CCC(=O)OCCCCCCCCCCCCCC,0.40428557156225975
CCCCCCCCCCCCCCOC(=O)CCN(CCCN(C)C)CCC(=O)OCCCCCCCCCCCCCC,0.549268842191577
CCCCCCCCCCCCCCOC(=O)CCN(CCCN(C)C)CCCN(CCC(=O)OCCCCCCCCCCCCCC)CCC(=O)OCCCCCCCCCCCCCC,0.5781749682925471
CCCCCCCCCCCCCCOC(=O)CCN(CCCN(C)CCCN(CCC(=O)OCCCCCCCCCCCCCC)CCC(=O)OCCCCCCCCCCCCCC)CCC(=O)OCCCCCCCCCCCCCC,0.6144538449404119
CCCCCCCCCCCCCCOC(=O)CCN(CCCN(CCC(=O)OCCCCCCCCCCCCCC)CCC(=O)OCCCCCCCCCCCCCC)CCCN(CCC(=O)OCCCCCCCCCCCCCC)CCC(=O)OCCCCCCCCCCCCCC,0.6144658772216518
CCCCCCCCCCCCCCOC(=O)CCN(CCCN(CCC(=O)OCCCCCCCCCCCCCC)CCN(CCC(=O)OCCCCCCCCCCCCCC)CCC(=O)OCCCCCCCCCCCCCC)CCC(=O)OCCCCCCCCCCCCCC,0.6147693647113421
CCCCCCCCCCCCCCOC(=O)CCN(CCCN(CCC(=O)OCCCCCCCCCCCCCC)CCN(CCC(=O)OCCCCCCCCCCCCCC)CCC(=O)OCCCCCCCCCCCCCC)CCN(CCC(=O)OCCCCCCCCCCCCCC)CCC(=O)OCCCCCCCCCCCCCC,0.6159527574410142
CCCCCCCCCCCCCCOC(=O)CCN(CCCN(CCCN(CCC(=O)OCCCCCCCCCCCCCC)CCC(=O)OCCCCCCCCCCCCCC)CCC(=O)OCCCCCCCCCCCCCC)CCCN(CCC(=O)OCCCCCCCCCCCCCC)CCC(=O)OCCCCCCCCCCCCCC,0.6154367989256662
CCCCCCCCCCCCCCOC(=O)CCN(CCCN1CCN(C(C)C)CC1)CCC(=O)OCCCCCCCCCCCCCC,0.48850403495745354
CCCCCCCCCCCCCCOC(=O)CCN(CCCN1CCN(CCCN(CCC(=O)OCCCCCCCCCCCCCC)CCC(=O)OCCCCCCCCCCCCCC)CC1)CCC(=O)OCCCCCCCCCCCCCC,0.6160212580520337
CCCCCCCCCCCCCCOC(=O)CCN(CCCOC(C)C)CCC(=O)OCCCCCCCCCCCCCC,0.4939394690932215
CCCCCCCCCCCCCCOC(=O)CCN(CCCOCCCCOCCCN(CCC(=O)OCCCCCCCCCCCCCC)CCC(=O)OCCCCCCCCCCCCCC)CCC(=O)OCCCCCCCCCCCCCC,0.5175571097604975
CCCCCCCCCCCCCCOC(=O)CCN(CCCOCCOCCOCCCN(CCC(=O)OCCCCCCCCCCCCCC)CCC(=O)OCCCCCCCCCCCCCC)CCC(=O)OCCCCCCCCCCCCCC,0.4668981678871949
CCCCCCCCCCCCCCOC(=O)CCN(CCCc1ccccc1)CCC(=O)OCCCCCCCCCCCCCC,0.3967313837447867
CCCCCCCCCCCCCCOC(=O)CCN(CCN(CCC(=O)OCCCCCCCCCCCCCC)C(C)(C)C)C(C)(C)C,0.10352488271643118
CCCCCCCCCCCCCCOC(=O)CCN(CCO)CCC(=O)OCCCCCCCCCCCCCC,0.47679409376667836
CCCCCCCCCCCCCCOC(=O)CCN(CCOCCN1CCCC1)CCC(=O)OCCCCCCCCCCCCCC,0.35702979961015074
CCCCCCCCCCCCCCOC(=O)CCN(CCOCCOCCN(CCC(=O)OCCCCCCCCCCCCCC)CCC(=O)OCCCCCCCCCCCCCC)CCC(=O)OCCCCCCCCCCCCCC,0.457159287104192
CCCCCCCCCCCCCCOC(=O)CCN(CCOCCOCCOCCN(CCC(=O)OCCCCCCCCCCCCCC)CCC(=O)OCCCCCCCCCCCCCC)CCC(=O)OCCCCCCCCCCCCCC,0.41151137340708055
CCCCCCCCCCCCCCOC(=O)CCN(c1ccccc1)c1ccc(-c2ccc(N(CCC(=O)OCCCCCCCCCCCCCC)c3ccccc3)cc2)cc1,-0.12084449059515191
CCCCCCCCCCCCCCOC(=O)CCN1C(C)N(CCC(=O)OCCCCCCCCCCCCCC)C(C)N(CCC(=O)OCCCCCCCCCCCCCC)C1C,0.5034514043736297
CCCCCCCCCCCCCCOC(=O)CCN1CCC(N(CCC(=O)OCCCCCCCCCCCCCC)CCC(=O)OCCCCCCCCCCCCCC)CC1,0.48578557331771066
CCCCCCCCCCCCCCOC(=O)CCN1CCCCN(C)CCN(CCC(=O)OCCCCCCCCCCCCCC)CCCN(C)CC1,0.37510791499578355
CCCCCCCCCCCCCCOC(=O)CCN1CCCN(CCC(=O)OCCCCCCCCCCCCCC)CCCN(CCC(=O)OCCCCCCCCCCCCCC)CCC1,0.49584056952913097
CCCCCCCCCCCCCCOC(=O)CCN1CCCN(CCC(=O)OCCCCCCCCCCCCCC)CCCN(CCC(=O)OCCCCCCCCCCCCCC)CCN(CCC(=O)OCCCCCCCCCCCCCC)CCC1,0.5049141008990148
CCCCCCCCCCCCCCOC(=O)CCN1CCCN(CCC(=O)OCCCCCCCCCCCCCC)CCN(CCC(=O)OCCCCCCCCCCCCCC)CCCN(CCC(=O)OCCCCCCCCCCCCCC)CC1,0.5140220017059057
CCCCCCCCCCCCCCOC(=O)CCN1CCCN(CCC(=O)OCCCCCCCCCCCCCC)CCN(CCC(=O)OCCCCCCCCCCCCCC)CCN(CCC(=O)OCCCCCCCCCCCCCC)CC1,0.5219056476795078
CCCCCCCCCCCCCCOC(=O)CCN1CCN(CCC(=O)OCCCCCCCCCCCCCC)C(c2ccccc2)C1,0.3672608126090166
CCCCCCCCCCCCCCOC(=O)CCN1CCN(CCC(=O)OCCCCCCCCCCCCCC)C2C1N(CCC(=O)OCCCCCCCCCCCCCC)CCN2CCC(=O)OCCCCCCCCCCCCCC,0.6497192103739328
CCCCCCCCCCCCCCOC(=O)CCN1CCN(CCC(=O)OCCCCCCCCCCCCCC)CC1,0.5297591533842613
CCCCCCCCCCCCCCOC(=O)CCN1CCN(CCC(=O)OCCCCCCCCCCCCCC)CCN(CCC(=O)OCCCCCCCCCCCCCC)CCN(CCC(=O)OCCCCCCCCCCCCCC)CC1,0.52975921295001
CCCCCCCCCCCCCCOC(=O)CCN1CCN(CCC(=O)OCCCCCCCCCCCCCC)[C@H](C)C1,0.37789571116702786
CCCCCCCCCCCCCCOC(=O)CCN1CCOCCN(CCC(=O)OCCCCCCCCCCCCCC)CCN(CCC(=O)OCCCCCCCCCCCCCC)CC1,0.06718498095901043
CCCCCCCCCCCCCCOC(=O)CCN1CC[C@@H](N(CCC(=O)OCCCCCCCCCCCCCC)CCC(=O)OCCCCCCCCCCCCCC)C1,0.5602836808777512
CCCCCCCCCCCCCOC(=O)CCN(C)CCCCCCN(C)CCC(=O)OCCCCCCCCCCCCC,0.567059820885541
CCCCCCCCCCCCCOC(=O)CCN(C)CCCN(CC)CCCN(C)CCC(=O)OCCCCCCCCCCCCC,0.5690404415959817
CCCCCCCCCCCCCOC(=O)CCN(C)CCN(CCN(C)CCC(=O)OCCCCCCCCCCCCC)CCN(C)CCC(=O)OCCCCCCCCCCCCC,0.595296666233977
CCCCCCCCCCCCCOC(=O)CCN(C)CCOCCN(C)CCC(=O)OCCCCCCCCCCCCC,0.31809184837400944
CCCCCCCCCCCCCOC(=O)CCN(C)CCOCCOCCN(C)CCC(=O)OCCCCCCCCCCCCC,0.23944549272500462
CCCCCCCCCCCCCOC(=O)CCN(C)c1ccc(Cc2ccc(N(CCC(=O)OCCCCCCCCCCCCC)CCC(=O)OCCCCCCCCCCCCC)cc2)cc1,0.14185946270098876
CCCCCCCCCCCCCOC(=O)CCN(C)c1ccccc1N(CCC(=O)OCCCCCCCCCCCCC)CCC(=O)OCCCCCCCCCCCCC,0.2644848188996771
CCCCCCCCCCCCCOC(=O)CCN(CC(C)N(CCC(=O)OCCCCCCCCCCCCC)CCC(=O)OCCCCCCCCCCCCC)CC(C)N(CCC(=O)OCCCCCCCCCCCCC)CCC(=O)OCCCCCCCCCCCCC,0.5547892766507577
CCCCCCCCCCCCCOC(=O)CCN(CC)CCN(CCC(=O)OCCCCCCCCCCCCC)CCC(=O)OCCCCCCCCCCCCC,0.5861870975861221
CCCCCCCCCCCCCOC(=O)CCN(CCC(=O)OCCCCCCCCCCCCC)C(=O)C1CCCN1C,0.5003754886758628
CCCCCCCCCCCCCOC(=O)CCN(CCC(=O)OCCCCCCCCCCCCC)C(C)(C)C,0.24811144545932287
CCCCCCCCCCCCCOC(=O)CCN(CCC(=O)OCCCCCCCCCCCCC)C(C)(C)CC,0.27181301426653476
CCCCCCCCCCCCCOC(=O)CCN(CCC(=O)OCCCCCCCCCCCCC)C(C)(C)CC(C)(C)C,0.09448161074689336
CCCCCCCCCCCCCOC(=O)CCN(CCC(=O)OCCCCCCCCCCCCC)C(C)C,0.4280973370045899
CCCCCCCCCCCCCOC(=O)CCN(CCC(=O)OCCCCCCCCCCCCC)C(C)C(C)C,0.3304828047698151
CCCCCCCCCCCCCOC(=O)CCN(CCC(=O)OCCCCCCCCCCCCC)C(C)CC,0.4396422215056826
CCCCCCCCCCCCCOC(=O)CCN(CCC(=O)OCCCCCCCCCCCCC)C(C)CCC,0.4809271228068467
CCCCCCCCCCCCCOC(=O)CCN(CCC(=O)OCCCCCCCCCCCCC)C(C)CO,0.4301958383317327
CCCCCCCCCCCCCOC(=O)CCN(CCC(=O)OCCCCCCCCCCCCC)C(C)c1ccc(C)cc1,0.1796435062530707
CCCCCCCCCCCCCOC(=O)CCN(CCC(=O)OCCCCCCCCCCCCC)C(CC)CC,0.415483157965484
CCCCCCCCCCCCCOC(=O)CCN(CCC(=O)OCCCCCCCCCCCCC)C(CO)(CO)CO,0.11772854397705684
CCCCCCCCCCCCCOC(=O)CCN(CCC(=O)OCCCCCCCCCCCCC)C(CO)C(C)(C)C,0.16887946915185068
CCCCCCCCCCCCCOC(=O)CCN(CCC(=O)OCCCCCCCCCCCCC)C(c1ccccc1)(c1ccccc1)c1ccccc1,0.14401508758114687
CCCCCCCCCCCCCOC(=O)CCN(CCC(=O)OCCCCCCCCCCCCC)C(c1ccccc1)c1ccccc1,0.18871399976977016
CCCCCCCCCCCCCOC(=O)CCN(CCC(=O)OCCCCCCCCCCCCC)C12C[C@H]3C[C@@H](C1)C[C@@H](C2)C3,0.37305846606270554
CCCCCCCCCCCCCOC(=O)CCN(CCC(=O)OCCCCCCCCCCCCC)C1CC1,0.47773710891742094
CCCCCCCCCCCCCOC(=O)CCN(CCC(=O)OCCCCCCCCCCCCC)C1CC2CCC1C2,0.35439464066998233
CCCCCCCCCCCCCOC(=O)CCN(CCC(=O)OCCCCCCCCCCCCC)C1CCC(CC2CCC(N(CCC(=O)OCCCCCCCCCCCCC)CCC(=O)OCCCCCCCCCCCCC)C(C)C2)CC1C,0.353728933862371
CCCCCCCCCCCCCOC(=O)CCN(CCC(=O)OCCCCCCCCCCCCC)C1CCC1,0.48484398774493714
CCCCCCCCCCCCCOC(=O)CCN(CCC(=O)OCCCCCCCCCCCCC)C1CCCC(N(CCC(=O)OCCCCCCCCCCCCC)CCC(=O)OCCCCCCCCCCCCC)C1,0.5053773437267521
CCCCCCCCCCCCCOC(=O)CCN(CCC(=O)OCCCCCCCCCCCCC)C1CCCCC1,0.4803475480718737
CCCCCCCCCCCCCOC(=O)CCN(CCC(=O)OCCCCCCCCCCCCC)C1CCCCCCC1,0.4611673769864358
CCCCCCCCCCCCCOC(=O)CCN(CCC(=O)OCCCCCCCCCCCCC)C1CCN(C)CC1,0.39175365282212593
CCCCCCCCCCCCCOC(=O)CCN(CCC(=O)OCCCCCCCCCCCCC)C1CCc2ccccc21,0.3058564479309666
CCCCCCCCCCCCCOC(=O)CCN(CCC(=O)OCCCCCCCCCCCCC)C1Cc2ccccc2C1,0.31879260962473815
CCCCCCCCCCCCCOC(=O)CCN(CCC(=O)OCCCCCCCCCCCCC)CC(=O)N(C)c1ccccc1,0.2527475965959916
CCCCCCCCCCCCCOC(=O)CCN(CCC(=O)OCCCCCCCCCCCCC)CC(C)(C)CN(C)C,0.3000554885782241
CCCCCCCCCCCCCOC(=O)CCN(CCC(=O)OCCCCCCCCCCCCC)CC(C)C,0.4715613320909048
CCCCCCCCCCCCCOC(=O)CCN(CCC(=O)OCCCCCCCCCCCCC)CC(C)CC,0.4904466527202156
CCCCCCCCCCCCCOC(=O)CCN(CCC(=O)OCCCCCCCCCCCCC)CC(C)N(CCC(=O)OCCCCCCCCCCCCC)CCC(=O)OCCCCCCCCCCCCC,0.5605772208874066
CCCCCCCCCCCCCOC(=O)CCN(CCC(=O)OCCCCCCCCCCCCC)CC(CC)CCCC,0.5652115552687396
CCCCCCCCCCCCCOC(=O)CCN(CCC(=O)OCCCCCCCCCCCCC)CC1(C)CC(N(CCC(=O)OCCCCCCCCCCCCC)CCC(=O)OCCCCCCCCCCCCC)CC(C)(C)C1,0.3688987813499884
CCCCCCCCCCCCCOC(=O)CCN(CCC(=O)OCCCCCCCCCCCCC)CC12C[C@H]3C[C@@H](C1)C[C@@H](C2)C3,0.38676484267020456
CCCCCCCCCCCCCOC(=O)CCN(CCC(=O)OCCCCCCCCCCCCC)CC1CCC(CN(CCC(=O)OCCCCCCCCCCCCC)CCC(=O)OCCCCCCCCCCCCC)CC1,0.4818350537315976
CCCCCCCCCCCCCOC(=O)CCN(CCC(=O)OCCCCCCCCCCCCC)CC1CCCC(CN(CCC(=O)OCCCCCCCCCCCCC)CCC(=O)OCCCCCCCCCCCCC)C1,0.5213392369750002
CCCCCCCCCCCCCOC(=O)CCN(CCC(=O)OCCCCCCCCCCCCC)CC1CCCCC1,0.48588412484895555
CCCCCCCCCCCCCOC(=O)CCN(CCC(=O)OCCCCCCCCCCCCC)CC1CCCN1C,0.48818106946793416
CCCCCCCCCCCCCOC(=O)CCN(CCC(=O)OCCCCCCCCCCCCC)CC1CCCN1CCC(=O)OCCCCCCCCCCCCC,0.5467962083967707
CCCCCCCCCCCCCOC(=O)CCN(CCC(=O)OCCCCCCCCCCCCC)CC1CCN(C)CC1,0.3882946697943887
CCCCCCCCCCCCCOC(=O)CCN(CCC(=O)OCCCCCCCCCCCCC)CCC(=O)N1CCN(CCC(=O)OCCCCCCCCCCCCC)CC1,0.5421161275204265
CCCCCCCCCCCCCOC(=O)CCN(CCC(=O)OCCCCCCCCCCCCC)CCC(C)(C)C,0.42990605096424617
CCCCCCCCCCCCCOC(=O)CCN(CCC(=O)OCCCCCCCCCCCCC)CCC(C)C,0.5381346933107316
CCCCCCCCCCCCCOC(=O)CCN(CCC(=O)OCCCCCCCCCCCCC)CCC(c1ccccc1)c1ccccc1,0.17929623793807659
CCCCCCCCCCCCCOC(=O)CCN(CCC(=O)OCCCCCCCCCCCCC)CCC1CCC(C)CC1,0.4085061026872868
CCCCCCCCCCCCCOC(=O)CCN(CCC(=O)OCCCCCCCCCCCCC)CCC1CCC(CC)CC1,0.3764571089869969
CCCCCCCCCCCCCOC(=O)CCN(CCC(=O)OCCCCCCCCCCCCC)CCN(C(C)C)C(C)C,0.3358312729124628
CCCCCCCCCCCCCOC(=O)CCN(CCC(=O)OCCCCCCCCCCCCC)CCN(C)C,0.5397669735227013
CCCCCCCCCCCCCOC(=O)CCN(CCC(=O)OCCCCCCCCCCCCC)CCN(C)CCCN(C)CCN(CCC(=O)OCCCCCCCCCCCCC)CCC(=O)OCCCCCCCCCCCCC,0.6130922910563407
CCCCCCCCCCCCCOC(=O)CCN(CCC(=O)OCCCCCCCCCCCCC)CCN(C)CCN(C)CCN(CCC(=O)OCCCCCCCCCCCCC)CCC(=O)OCCCCCCCCCCCCC,0.6126702081609635
CCCCCCCCCCCCCOC(=O)CCN(CCC(=O)OCCCCCCCCCCCCC)CCN(C)CCN(CCC(=O)OCCCCCCCCCCCCC)CCC(=O)OCCCCCCCCCCCCC,0.6114202804899797
CCCCCCCCCCCCCOC(=O)CCN(CCC(=O)OCCCCCCCCCCCCC)CCN(C)CCN(CCC)CCN(CCC(=O)OCCCCCCCCCCCCC)CCC(=O)OCCCCCCCCCCCCC,0.6091341470543923
CCCCCCCCCCCCCOC(=O)CCN(CCC(=O)OCCCCCCCCCCCCC)CCN(C)CCN(CCCCC)CCN(CCC(=O)OCCCCCCCCCCCCC)CCC(=O)OCCCCCCCCCCCCC,0.6165674164019789
CCCCCCCCCCCCCOC(=O)CCN(CCC(=O)OCCCCCCCCCCCCC)CCN(C)CCN(CCN(C)CCN(CCC(=O)OCCCCCCCCCCCCC)CCC(=O)OCCCCCCCCCCCCC)CCN(C)CCN(CCC(=O)OCCCCCCCCCCCCC)CCC(=O)OCCCCCCCCCCCCC,0.6165005240661747
CCCCCCCCCCCCCOC(=O)CCN(CCC(=O)OCCCCCCCCCCCCC)CCN(C)CCN(CCN(CCC(=O)OCCCCCCCCCCCCC)CCC(=O)OCCCCCCCCCCCCC)C1CCCCC1,0.5861346201615064
CCCCCCCCCCCCCOC(=O)CCN(CCC(=O)OCCCCCCCCCCCCC)CCN(CC)CCCN(CC)CCN(CCC(=O)OCCCCCCCCCCCCC)CCC(=O)OCCCCCCCCCCCCC,0.6005047379069093
CCCCCCCCCCCCCOC(=O)CCN(CCC(=O)OCCCCCCCCCCCCC)CCN(CC)CCN(CC)CCN(CC)CCN(CCC(=O)OCCCCCCCCCCCCC)CCC(=O)OCCCCCCCCCCCCC,0.581102505710271
CCCCCCCCCCCCCOC(=O)CCN(CCC(=O)OCCCCCCCCCCCCC)CCN(CC)CCN(CC)CCN(CCC(=O)OCCCCCCCCCCCCC)CCC(=O)OCCCCCCCCCCCCC,0.5899562394674055
CCCCCCCCCCCCCOC(=O)CCN(CCC(=O)OCCCCCCCCCCCCC)CCN(CCC(=O)OCCCCCCCCCCCCC)C(C)C,0.5307664101949904
CCCCCCCCCCCCCOC(=O)CCN(CCC(=O)OCCCCCCCCCCCCC)CCN(CCC(=O)OCCCCCCCCCCCCC)CCN(CC)CC,0.5729205544671165
CCCCCCCCCCCCCOC(=O)CCN(CCC(=O)OCCCCCCCCCCCCC)CCN(CCC(=O)OCCCCCCCCCCCCC)CCN(CCC(=O)OCCCCCCCCCCCCC)CCC(=O)OCCCCCCCCCCCCC,0.6171761783538211
CCCCCCCCCCCCCOC(=O)CCN(CCC(=O)OCCCCCCCCCCCCC)CCN(CCC(=O)OCCCCCCCCCCCCC)CCN(CCC(=O)OCCCCCCCCCCCCC)CCN(CCC(=O)OCCCCCCCCCCCCC)CCN(CCC(=O)OCCCCCCCCCCCCC)CCC(=O)OCCCCCCCCCCCCC,0.619063697799024
CCCCCCCCCCCCCOC(=O)CCN(CCC(=O)OCCCCCCCCCCCCC)CCN(CCC(=O)OCCCCCCCCCCCCC)CCN(CCC(=O)OCCCCCCCCCCCCC)CCN(CCC(=O)OCCCCCCCCCCCCC)CCN(CCC(=O)OCCCCCCCCCCCCC)CCN(CCC(=O)OCCCCCCCCCCCCC)CCC(=O)OCCCCCCCCCCCCC,0.619635826815408
CCCCCCCCCCCCCOC(=O)CCN(CCC(=O)OCCCCCCCCCCCCC)CCN(CCC(=O)OCCCCCCCCCCCCC)CCN1CCN(CCN(CCC(=O)OCCCCCCCCCCCCC)CCC(=O)OCCCCCCCCCCCCC)CC1,0.6203462079345538
CCCCCCCCCCCCCOC(=O)CCN(CCC(=O)OCCCCCCCCCCCCC)CCN(CCC(=O)OCCCCCCCCCCCCC)Cc1ccccc1,0.4526437268257918
CCCCCCCCCCCCCOC(=O)CCN(CCC(=O)OCCCCCCCCCCCCC)CCN(CCC(=O)OCCCCCCCCCCCCC)c1ccccc1,0.4059491833580523
CCCCCCCCCCCCCOC(=O)CCN(CCC(=O)OCCCCCCCCCCCCC)CCN(CCC)CCN(CCC)CCN(CCC(=O)OCCCCCCCCCCCCC)CCC(=O)OCCCCCCCCCCCCC,0.6168721547723922
CCCCCCCCCCCCCOC(=O)CCN(CCC(=O)OCCCCCCCCCCCCC)CCN(CCCCCCCCCCCC)CCN(CCC(=O)OCCCCCCCCCCCCC)CCC(=O)OCCCCCCCCCCCCC,0.6154002255559566
CCCCCCCCCCCCCOC(=O)CCN(CCC(=O)OCCCCCCCCCCCCC)CCN(CCN(CCC(=O)OCCCCCCCCCCCCC)CCC(=O)OCCCCCCCCCCCCC)CCN(CCC(=O)OCCCCCCCCCCCCC)CCC(=O)OCCCCCCCCCCCCC,0.6176873716092721
CCCCCCCCCCCCCOC(=O)CCN(CCC(=O)OCCCCCCCCCCCCC)CCN(CCN(CCN(CCC(=O)OCCCCCCCCCCCCC)CCC(=O)OCCCCCCCCCCCCC)C1CCCCC1)C(C)CC,0.5667070725216653
CCCCCCCCCCCCCOC(=O)CCN(CCC(=O)OCCCCCCCCCCCCC)CCN1CCN(CCC(=O)OCCCCCCCCCCCCC)CC1,0.5852960535511312
CCCCCCCCCCCCCOC(=O)CCN(CCC(=O)OCCCCCCCCCCCCC)CCN1CCN(CCN(CCC(=O)OCCCCCCCCCCCCC)CCC(=O)OCCCCCCCCCCCCC)CC1,0.6170067137987338
CCCCCCCCCCCCCOC(=O)CCN(CCC(=O)OCCCCCCCCCCCCC)CC[C@H](C)O,0.34065136308115584
CCCCCCCCCCCCCOC(=O)CCN(CCC(=O)OCCCCCCCCCCCCC)CCc1ccc(OC)cc1,0.22928682232795014
CCCCCCCCCCCCCOC(=O)CCN(CCC(=O)OCCCCCCCCCCCCC)CCc1ccccc1F,0.35425445268038736
CCCCCCCCCCCCCOC(=O)CCN(CCC(=O)OCCCCCCCCCCCCC)CN(CC)CCC,0.47288497237592053
CCCCCCCCCCCCCOC(=O)CCN(CCC(=O)OCCCCCCCCCCCCC)C[C@@H](C)O,0.43368365118184676
CCCCCCCCCCCCCOC(=O)CCN(CCC(=O)OCCCCCCCCCCCCC)C[C@@H]1CCCN1CC,0.37185881188363495
CCCCCCCCCCCCCOC(=O)CCN(CCC(=O)OCCCCCCCCCCCCC)C[C@H]1CCCN1CC,0.5058847843400343
CCCCCCCCCCCCCOC(=O)CCN(CCC(=O)OCCCCCCCCCCCCC)Cc1cc(C)c(OC)c(OC)c1,-0.10860191247938922
CCCCCCCCCCCCCOC(=O)CCN(CCC(=O)OCCCCCCCCCCCCC)Cc1cc(F)ccc1F,0.2699962589308023
CCCCCCCCCCCCCOC(=O)CCN(CCC(=O)OCCCCCCCCCCCCC)Cc1cccc(CN(CCC(=O)OCCCCCCCCCCCCC)CCC(=O)OCCCCCCCCCCCCC)c1,0.43911792378551484
CCCCCCCCCCCCCOC(=O)CCN(CCC(=O)OCCCCCCCCCCCCC)Cc1cccc(F)c1,0.27624059593408656
CCCCCCCCCCCCCOC(=O)CCN(CCC(=O)OCCCCCCCCCCCCC)Cc1cccc(N(CCC(=O)OCCCCCCCCCCCCC)CCC(=O)OCCCCCCCCCCCCC)c1,0.3998818757599417
CCCCCCCCCCCCCOC(=O)CCN(CCC(=O)OCCCCCCCCCCCCC)Cc1ccccc1F,0.3252300290024741
CCCCCCCCCCCCCOC(=O)CCN(CCC(=O)OCCCCCCCCCCCCC)Cc1ccccc1N(CCC(=O)OCCCCCCCCCCCCC)CCC(=O)OCCCCCCCCCCCCC,0.43442592975942806
CCCCCCCCCCCCCOC(=O)CCN(CCC(=O)OCCCCCCCCCCCCC)Cc1ccccc1OC,0.20769024751449064
CCCCCCCCCCCCCOC(=O)CCN(CCC(=O)OCCCCCCCCCCCCC)Cc1ccccc1OCC,0.25274807312198133
CCCCCCCCCCCCCOC(=O)CCN(CCC(=O)OCCCCCCCCCCCCC)Cc1nccn1C,0.3217322686723251
CCCCCCCCCCCCCOC(=O)CCN(CCC(=O)OCCCCCCCCCCCCC)[C@@H](CO)CC(C)C,0.46780288226151534
CCCCCCCCCCCCCOC(=O)CCN(CCC(=O)OCCCCCCCCCCCCC)[C@H]1CCCC[C@H]1N(CCC(=O)OCCCCCCCCCCCCC)CCC(=O)OCCCCCCCCCCCCC,0.5755040401202768
CCCCCCCCCCCCCOC(=O)CCN(CCC(=O)OCCCCCCCCCCCCC)[C@@H]1CCCC[C@H]1N(CCC(=O)OCCCCCCCCCCCCC)CCC(=O)OCCCCCCCCCCCCC,0.5189043678648777
CCCCCCCCCCCCCOC(=O)CCN(CCC(=O)OCCCCCCCCCCCCC)[C@@H](c1ccccc1)[C@@H](c1ccccc1)N(CCC(=O)OCCCCCCCCCCCCC)CCC(=O)OCCCCCCCCCCCCC,0.38601008506826795
CCCCCCCCCCCCCOC(=O)CCN(CCC(=O)OCCCCCCCCCCCCC)[C@H]1CC[C@H](N(CCC(=O)OCCCCCCCCCCCCC)CCC(=O)OCCCCCCCCCCCCC)CC1,0.34768828193680923
CCCCCCCCCCCCCOC(=O)CCN(CCC(=O)OCCCCCCCCCCCCC)c1c(-c2ccccc2)cc(-c2ccccc2)cc1-c1ccccc1,-0.18514419740374666
CCCCCCCCCCCCCOC(=O)CCN(CCC(=O)OCCCCCCCCCCCCC)c1c(C)c(C)c(N(CCC(=O)OCCCCCCCCCCCCC)CCC(=O)OCCCCCCCCCCCCC)c(C)c1C,0.10965264954948502
CCCCCCCCCCCCCOC(=O)CCN(CCC(=O)OCCCCCCCCCCCCC)c1c(C)cc(-c2cc(C)c(N(CCC(=O)OCCCCCCCCCCCCC)CCC(=O)OCCCCCCCCCCCCC)c(C)c2)cc1C,0.03739635478513038
CCCCCCCCCCCCCOC(=O)CCN(CCC(=O)OCCCCCCCCCCCCC)c1c(CC)cccc1CC,0.13558954220863245
CCCCCCCCCCCCCOC(=O)CCN(CCC(=O)OCCCCCCCCCCCCC)c1c(F)cc(F)cc1F,0.15294732899508454
CCCCCCCCCCCCCOC(=O)CCN(CCC(=O)OCCCCCCCCCCCCC)c1c(N(CCC(=O)OCCCCCCCCCCCCC)CCC(=O)OCCCCCCCCCCCCC)c2ccccc2c2ccccc12,0.19558306234555156
CCCCCCCCCCCCCOC(=O)CCN(CCC(=O)OCCCCCCCCCCCCC)c1cc(C(C)(C)C)ccc1C(C)(C)C,-0.1840675464957675
CCCCCCCCCCCCCOC(=O)CCN(CCC(=O)OCCCCCCCCCCCCC)c1cc(C(C)(C)C)ccc1OC,-0.11583236045260958
CCCCCCCCCCCCCOC(=O)CCN(CCC(=O)OCCCCCCCCCCCCC)c1cc(C)c(C)cc1N(CCC(=O)OCCCCCCCCCCCCC)CCC(=O)OCCCCCCCCCCCCC,0.24252977741046558
CCCCCCCCCCCCCOC(=O)CCN(CCC(=O)OCCCCCCCCCCCCC)c1cc(F)c(F)c(F)c1,0.1291601344240983
CCCCCCCCCCCCCOC(=O)CCN(CCC(=O)OCCCCCCCCCCCCC)c1cc(F)cc(F)c1,0.12692266620520917
CCCCCCCCCCCCCOC(=O)CCN(CCC(=O)OCCCCCCCCCCCCC)c1cc(F)ccc1F,0.1872325102506662
CCCCCCCCCCCCCOC(=O)CCN(CCC(=O)OCCCCCCCCCCCCC)c1cc(OC)ccc1OC,-0.018259676879164632
CCCCCCCCCCCCCOC(=O)CCN(CCC(=O)OCCCCCCCCCCCCC)c1ccc(-c2ccc(N(CCC(=O)OCCCCCCCCCCCCC)CCC(=O)OCCCCCCCCCCCCC)c(C)c2)cc1C,0.15017409664940043
CCCCCCCCCCCCCOC(=O)CCN(CCC(=O)OCCCCCCCCCCCCC)c1ccc(-c2ccc(N(CCC(=O)OCCCCCCCCCCCCC)CCC(=O)OCCCCCCCCCCCCC)c(N(CCC(=O)OCCCCCCCCCCCCC)CCC(=O)OCCCCCCCCCCCCC)c2)cc1N(CCC(=O)OCCCCCCCCCCCCC)CCC(=O)OCCCCCCCCCCCCC,0.33983102358988676
CCCCCCCCCCCCCOC(=O)CCN(CCC(=O)OCCCCCCCCCCCCC)c1ccc(-c2ccccc2)cc1,0.07403974775510082
CCCCCCCCCCCCCOC(=O)CCN(CCC(=O)OCCCCCCCCCCCCC)c1ccc(C(C)(C)C)cc1,0.018506983684907115
CCCCCCCCCCCCCOC(=O)CCN(CCC(=O)OCCCCCCCCCCCCC)c1ccc(C(C)C)cc1,0.14324046480201466
CCCCCCCCCCCCCOC(=O)CCN(CCC(=O)OCCCCCCCCCCCCC)c1ccc(C)c(F)c1,0.14368205548009508
CCCCCCCCCCCCCOC(=O)CCN(CCC(=O)OCCCCCCCCCCCCC)c1ccc(C)c(N(CCC(=O)OCCCCCCCCCCCCC)CCC(=O)OCCCCCCCCCCCCC)c1,0.312253273250955
CCCCCCCCCCCCCOC(=O)CCN(CCC(=O)OCCCCCCCCCCCCC)c1ccc(C)cc1N(CCC(=O)OCCCCCCCCCCCCC)CCC(=O)OCCCCCCCCCCCCC,0.3160685190217419
CCCCCCCCCCCCCOC(=O)CCN(CCC(=O)OCCCCCCCCCCCCC)c1ccc(C2(c3ccc(N(CCC(=O)OCCCCCCCCCCCCC)CCC(=O)OCCCCCCCCCCCCC)cc3)c3ccccc3-c3ccccc32)cc1,0.1761192093818702
CCCCCCCCCCCCCOC(=O)CCN(CCC(=O)OCCCCCCCCCCCCC)c1ccc(Cc2ccc(N(CCC(=O)OCCCCCCCCCCCCC)CCC(=O)OCCCCCCCCCCCCC)cc2)cc1,0.24961777389563994
CCCCCCCCCCCCCOC(=O)CCN(CCC(=O)OCCCCCCCCCCCCC)c1ccc(F)c(F)c1,0.1896748846451265
CCCCCCCCCCCCCOC(=O)CCN(CCC(=O)OCCCCCCCCCCCCC)c1ccc(F)cc1,0.23073161934584716
CCCCCCCCCCCCCOC(=O)CCN(CCC(=O)OCCCCCCCCCCCCC)c1ccc(F)cc1C(F)(F)F,0.21305307100257806
CCCCCCCCCCCCCOC(=O)CCN(CCC(=O)OCCCCCCCCCCCCC)c1ccc(N(CCC(=O)OCCCCCCCCCCCCC)CCC(=O)OCCCCCCCCCCCCC)cc1,0.3778229516049755
CCCCCCCCCCCCCOC(=O)CCN(CCC(=O)OCCCCCCCCCCCCC)c1ccc(N(CCC(=O)OCCCCCCCCCCCCC)c2ccccc2)cc1,0.17839191074112282
CCCCCCCCCCCCCOC(=O)CCN(CCC(=O)OCCCCCCCCCCCCC)c1ccc(OC(F)(F)F)cc1,0.2251047111108427
CCCCCCCCCCCCCOC(=O)CCN(CCC(=O)OCCCCCCCCCCCCC)c1ccc(OC(F)F)cc1,0.2379987300374001
CCCCCCCCCCCCCOC(=O)CCN(CCC(=O)OCCCCCCCCCCCCC)c1ccc(OC)c(F)c1,0.07677277322040393
CCCCCCCCCCCCCOC(=O)CCN(CCC(=O)OCCCCCCCCCCCCC)c1ccc(OCCCCCCCC)cc1,0.3002148567389045
CCCCCCCCCCCCCOC(=O)CCN(CCC(=O)OCCCCCCCCCCCCC)c1ccc(Oc2ccc(F)cc2)cc1,0.025276154500097587
CCCCCCCCCCCCCOC(=O)CCN(CCC(=O)OCCCCCCCCCCCCC)c1ccc(Oc2ccc(N(CCC(=O)OCCCCCCCCCCCCC)CCC(=O)OCCCCCCCCCCCCC)cc2)cc1,0.22115985027085733
CCCCCCCCCCCCCOC(=O)CCN(CCC(=O)OCCCCCCCCCCCCC)c1ccc(Oc2ccccc2)cc1,0.04741230564826962
CCCCCCCCCCCCCOC(=O)CCN(CCC(=O)OCCCCCCCCCCCCC)c1ccc2c(c1)CCCC2,0.21707322294893608
CCCCCCCCCCCCCOC(=O)CCN(CCC(=O)OCCCCCCCCCCCCC)c1ccc2c(c1)Cc1cc(N(CCC(=O)OCCCCCCCCCCCCC)CCC(=O)OCCCCCCCCCCCCC)ccc1-2,0.22667870623769723
CCCCCCCCCCCCCOC(=O)CCN(CCC(=O)OCCCCCCCCCCCCC)c1ccc2c(c1)OCCO2,-0.16330894263519602
CCCCCCCCCCCCCOC(=O)CCN(CCC(=O)OCCCCCCCCCCCCC)c1ccc2c(c1)OCO2,-0.29245764180413825
CCCCCCCCCCCCCOC(=O)CCN(CCC(=O)OCCCCCCCCCCCCC)c1ccc2cc3ccccc3cc2c1,-0.03711578050873194
CCCCCCCCCCCCCOC(=O)CCN(CCC(=O)OCCCCCCCCCCCCC)c1ccc2ccccc2c1-c1c(N(CCC(=O)OCCCCCCCCCCCCC)CCC(=O)OCCCCCCCCCCCCC)ccc2ccccc12,0.09236535882663424
CCCCCCCCCCCCCOC(=O)CCN(CCC(=O)OCCCCCCCCCCCCC)c1cccc(-c2ccccc2)c1,0.0502912374150441
CCCCCCCCCCCCCOC(=O)CCN(CCC(=O)OCCCCCCCCCCCCC)c1cccc(C(F)(F)F)c1,0.22620923878921934
CCCCCCCCCCCCCOC(=O)CCN(CCC(=O)OCCCCCCCCCCCCC)c1cccc(C)c1N(CCC(=O)OCCCCCCCCCCCCC)CCC(=O)OCCCCCCCCCCCCC,0.3233684206579611
CCCCCCCCCCCCCOC(=O)CCN(CCC(=O)OCCCCCCCCCCCCC)c1cccc(F)c1,0.20586559971705376
CCCCCCCCCCCCCOC(=O)CCN(CCC(=O)OCCCCCCCCCCCCC)c1cccc(N(CCC(=O)OCCCCCCCCCCCCC)CCC(=O)OCCCCCCCCCCCCC)c1,0.35690500936659797
CCCCCCCCCCCCCOC(=O)CCN(CCC(=O)OCCCCCCCCCCCCC)c1cccc(N(CCC(=O)OCCCCCCCCCCCCC)CCC(=O)OCCCCCCCCCCCCC)c1C,0.31916885667648087
CCCCCCCCCCCCCOC(=O)CCN(CCC(=O)OCCCCCCCCCCCCC)c1cccc(OC(C)C)c1,0.11294848199149857
CCCCCCCCCCCCCOC(=O)CCN(CCC(=O)OCCCCCCCCCCCCC)c1cccc(OCc2ccccc2)c1,0.027910151908166106
CCCCCCCCCCCCCOC(=O)CCN(CCC(=O)OCCCCCCCCCCCCC)c1cccc2c1CCC2,0.2592337705390488
CCCCCCCCCCCCCOC(=O)CCN(CCC(=O)OCCCCCCCCCCCCC)c1cccc2cccc(N(CCC(=O)OCCCCCCCCCCCCC)CCC(=O)OCCCCCCCCCCCCC)c12,0.2564113964506769
CCCCCCCCCCCCCOC(=O)CCN(CCC(=O)OCCCCCCCCCCCCC)c1ccccc1C(C)(C)C,0.007056660740610374
CCCCCCCCCCCCCOC(=O)CCN(CCC(=O)OCCCCCCCCCCCCC)c1ccccc1C(C)C,0.146250381650208
CCCCCCCCCCCCCOC(=O)CCN(CCC(=O)OCCCCCCCCCCCCC)c1ccccc1Cc1ccccc1,0.1102755583666464
CCCCCCCCCCCCCOC(=O)CCN(CCC(=O)OCCCCCCCCCCCCC)c1ccccc1N(CCC(=O)OCCCCCCCCCCCCC)c1ccccc1,0.17340363668093986
CCCCCCCCCCCCCOC(=O)CCN(CCC(=O)OCCCCCCCCCCCCC)c1ccccc1OC,0.12420000518018204
CCCCCCCCCCCCCOC(=O)CCN(CCC(=O)OCCCCCCCCCCCCC)c1ccccc1OCC,0.17222310310720604
CCCCCCCCCCCCCOC(=O)CCN(CCC(=O)OCCCCCCCCCCCCC)c1ccccc1Oc1ccccc1,0.04049156978548009
CCCCCCCCCCCCCOC(=O)CCN(CCC(=O)OCCCCCCCCCCCCC)c1nc(N(CCC(=O)OCCCCCCCCCCCCC)CCC(=O)OCCCCCCCCCCCCC)nc(N(CCC(=O)OCCCCCCCCCCCCC)CCC(=O)OCCCCCCCCCCCCC)n1,0.5690427050944328
CCCCCCCCCCCCCOC(=O)CCN(CCC)CCC(=O)OCCCCCCCCCCCCC,0.48908289490344203
CCCCCCCCCCCCCOC(=O)CCN(CCC)CCCN(CCC(=O)OCCCCCCCCCCCCC)CCC(=O)OCCCCCCCCCCCCC,0.5771560365950704
CCCCCCCCCCCCCOC(=O)CCN(CCCC)CCC(=O)OCCCCCCCCCCCCC,0.5649108673692387
CCCCCCCCCCCCCOC(=O)CCN(CCCCC)CCC(=O)OCCCCCCCCCCCCC,0.5848342998671117
CCCCCCCCCCCCCOC(=O)CCN(CCCCCC)CCC(=O)OCCCCCCCCCCCCC,0.6122500313695453
CCCCCCCCCCCCCOC(=O)CCN(CCCCCCCCN(CCC(=O)OCCCCCCCCCCCCC)CCC(=O)OCCCCCCCCCCCCC)CCC(=O)OCCCCCCCCCCCCC,0.6130046102742358
CCCCCCCCCCCCCOC(=O)CCN(CCCCCCN(CCC(=O)OCCCCCCCCCCCCC)CCC(=O)OCCCCCCCCCCCCC)CCCCCCN(CCC(=O)OCCCCCCCCCCCCC)CCC(=O)OCCCCCCCCCCCCC,0.6148264882643575
CCCCCCCCCCCCCOC(=O)CCN(CCCCN(C)Cc1ccccc1)CCC(=O)OCCCCCCCCCCCCC,0.3722334208772881
CCCCCCCCCCCCCOC(=O)CCN(CCCCN1CCN(C)CC1)CCC(=O)OCCCCCCCCCCCCC,0.5402037095922616
CCCCCCCCCCCCCOC(=O)CCN(CCCCc1ccccc1)CCC(=O)OCCCCCCCCCCCCC,0.395821457367454
CCCCCCCCCCCCCOC(=O)CCN(CCCN(C)C)CCCN(CCC(=O)OCCCCCCCCCCCCC)CCC(=O)OCCCCCCCCCCCCC,0.57845474861425
CCCCCCCCCCCCCOC(=O)CCN(CCCN(C)CCCN(CCC(=O)OCCCCCCCCCCCCC)CCC(=O)OCCCCCCCCCCCCC)CCC(=O)OCCCCCCCCCCCCC,0.6165035023536104
CCCCCCCCCCCCCOC(=O)CCN(CCCN(CCC(=O)OCCCCCCCCCCCCC)CCC(=O)OCCCCCCCCCCCCC)CCCN(CCC(=O)OCCCCCCCCCCCCC)CCC(=O)OCCCCCCCCCCCCC,0.6165888600715155
CCCCCCCCCCCCCOC(=O)CCN(CCCN(CCC(=O)OCCCCCCCCCCCCC)CCN(CCC(=O)OCCCCCCCCCCCCC)CCC(=O)OCCCCCCCCCCCCC)CCC(=O)OCCCCCCCCCCCCC,0.6169296357198999
CCCCCCCCCCCCCOC(=O)CCN(CCCN(CCC(=O)OCCCCCCCCCCCCC)CCN(CCC(=O)OCCCCCCCCCCCCC)CCC(=O)OCCCCCCCCCCCCC)CCN(CCC(=O)OCCCCCCCCCCCCC)CCC(=O)OCCCCCCCCCCCCC,0.6181470404920868
CCCCCCCCCCCCCOC(=O)CCN(CCCN(CCCN(CCC(=O)OCCCCCCCCCCCCC)CCC(=O)OCCCCCCCCCCCCC)CCC(=O)OCCCCCCCCCCCCC)CCCN(CCC(=O)OCCCCCCCCCCCCC)CCC(=O)OCCCCCCCCCCCCC,0.61756949099257
CCCCCCCCCCCCCOC(=O)CCN(CCCN1CCN(C(C)C)CC1)CCC(=O)OCCCCCCCCCCCCC,0.48437508617107206
CCCCCCCCCCCCCOC(=O)CCN(CCCN1CCN(CCCN(CCC(=O)OCCCCCCCCCCCCC)CCC(=O)OCCCCCCCCCCCCC)CC1)CCC(=O)OCCCCCCCCCCCCC,0.6182270372926078
CCCCCCCCCCCCCOC(=O)CCN(CCCOC(C)C)CCC(=O)OCCCCCCCCCCCCC,0.4897468743043407
CCCCCCCCCCCCCOC(=O)CCN(CCCOCCCCOCCCN(CCC(=O)OCCCCCCCCCCCCC)CCC(=O)OCCCCCCCCCCCCC)CCC(=O)OCCCCCCCCCCCCC,0.5150004882600066
CCCCCCCCCCCCCOC(=O)CCN(CCCOCCOCCOCCCN(CCC(=O)OCCCCCCCCCCCCC)CCC(=O)OCCCCCCCCCCCCC)CCC(=O)OCCCCCCCCCCCCC,0.4614259221187226
CCCCCCCCCCCCCOC(=O)CCN(CCCc1ccccc1)CCC(=O)OCCCCCCCCCCCCC,0.38764403312120166
CCCCCCCCCCCCCOC(=O)CCN(CCN(CCC(=O)OCCCCCCCCCCCCC)C(C)(C)C)C(C)(C)C,0.0839900869460332
CCCCCCCCCCCCCOC(=O)CCN(CCO)CCC(=O)OCCCCCCCCCCCCC,0.47135160108968793
CCCCCCCCCCCCCOC(=O)CCN(CCOCCN1CCCC1)CCC(=O)OCCCCCCCCCCCCC,0.3458099653997823
CCCCCCCCCCCCCOC(=O)CCN(CCOCCOCCN(CCC(=O)OCCCCCCCCCCCCC)CCC(=O)OCCCCCCCCCCCCC)CCC(=O)OCCCCCCCCCCCCC,0.4504987344317789
CCCCCCCCCCCCCOC(=O)CCN(CCOCCOCCOCCN(CCC(=O)OCCCCCCCCCCCCC)CCC(=O)OCCCCCCCCCCCCC)CCC(=O)OCCCCCCCCCCCCC,0.4018379553819128
CCCCCCCCCCCCCOC(=O)CCN(c1ccccc1)c1ccc(-c2ccc(N(CCC(=O)OCCCCCCCCCCCCC)c3ccccc3)cc2)cc1,-0.14155734796071215
CCCCCCCCCCCCCOC(=O)CCN1C(C)N(CCC(=O)OCCCCCCCCCCCCC)C(C)N(CCC(=O)OCCCCCCCCCCCCC)C1C,0.49932290233036347
CCCCCCCCCCCCCOC(=O)CCN1CCC(N(CCC(=O)OCCCCCCCCCCCCC)CCC(=O)OCCCCCCCCCCCCC)CC1,0.4809098189568457
CCCCCCCCCCCCCOC(=O)CCN1CCCCN(C)CCN(CCC(=O)OCCCCCCCCCCCCC)CCCN(C)CC1,0.3659626962473242
CCCCCCCCCCCCCOC(=O)CCN1CCCN(CCC(=O)OCCCCCCCCCCCCC)CCCN(CCC(=O)OCCCCCCCCCCCCC)CCC1,0.49175739702063503
CCCCCCCCCCCCCOC(=O)CCN1CCCN(CCC(=O)OCCCCCCCCCCCCC)CCCN(CCC(=O)OCCCCCCCCCCCCC)CCN(CCC(=O)OCCCCCCCCCCCCC)CCC1,0.5012220370965654
CCCCCCCCCCCCCOC(=O)CCN1CCCN(CCC(=O)OCCCCCCCCCCCCC)CCN(CCC(=O)OCCCCCCCCCCCCC)CCCN(CCC(=O)OCCCCCCCCCCCCC)CC1,0.510654928628432
CCCCCCCCCCCCCOC(=O)CCN1CCCN(CCC(=O)OCCCCCCCCCCCCC)CCN(CCC(=O)OCCCCCCCCCCCCC)CCN(CCC(=O)OCCCCCCCCCCCCC)CC1,0.5187440764350922
CCCCCCCCCCCCCOC(=O)CCN1CCN(CCC(=O)OCCCCCCCCCCCCC)C(c2ccccc2)C1,0.35734234109364543
CCCCCCCCCCCCCOC(=O)CCN1CCN(CCC(=O)OCCCCCCCCCCCCC)C2C1N(CCC(=O)OCCCCCCCCCCCCC)CCN2CCC(=O)OCCCCCCCCCCCCC,0.6531379269555403
CCCCCCCCCCCCCOC(=O)CCN1CCN(CCC(=O)OCCCCCCCCCCCCC)CC1,0.5275312156851661
CCCCCCCCCCCCCOC(=O)CCN1CCN(CCC(=O)OCCCCCCCCCCCCC)CCN(CCC(=O)OCCCCCCCCCCCCC)CCN(CCC(=O)OCCCCCCCCCCCCC)CC1,0.5275310965536688
CCCCCCCCCCCCCOC(=O)CCN1CCN(CCC(=O)OCCCCCCCCCCCCC)[C@H](C)C1,0.3671122556317275
CCCCCCCCCCCCCOC(=O)CCN1CCOCCN(CCC(=O)OCCCCCCCCCCCCC)CCN(CCC(=O)OCCCCCCCCCCCCC)CC1,0.04461459177986468
CCCCCCCCCCCCCOC(=O)CCN1CC[C@@H](N(CCC(=O)OCCCCCCCCCCCCC)CCC(=O)OCCCCCCCCCCCCC)C1,0.5595940286391574
CCCCCCCCCCCCN(CCN(CCC(=O)OCCCCCCCCCC)CCC(=O)OCCCCCCCCCC)CCN(CCC(=O)OCCCCCCCCCC)CCC(=O)OCCCCCCCCCC,0.6222961522844075
CCCCCCCCCCCCN(CCN(CCC(=O)OCCCCCCCCCCC)CCC(=O)OCCCCCCCCCCC)CCN(CCC(=O)OCCCCCCCCCCC)CCC(=O)OCCCCCCCCCCC,0.6195520178069694
CCCCCCCCCCCCOC(=O)CCN(C)CCCCCCN(C)CCC(=O)OCCCCCCCCCCCC,0.5667575247108249
CCCCCCCCCCCCOC(=O)CCN(C)CCCN(CC)CCCN(C)CCC(=O)OCCCCCCCCCCCC,0.5690544395469291
CCCCCCCCCCCCOC(=O)CCN(C)CCN(CCN(C)CCC(=O)OCCCCCCCCCCCC)CCN(C)CCC(=O)OCCCCCCCCCCCC,0.5965587453176983
CCCCCCCCCCCCOC(=O)CCN(C)CCOCCN(C)CCC(=O)OCCCCCCCCCCCC,0.30424769618973835
CCCCCCCCCCCCOC(=O)CCN(C)CCOCCOCCN(C)CCC(=O)OCCCCCCCCCCCC,0.22275502102137915
CCCCCCCCCCCCOC(=O)CCN(C)c1ccc(Cc2ccc(N(CCC(=O)OCCCCCCCCCCCC)CCC(=O)OCCCCCCCCCCCC)cc2)cc1,0.12131565293027471
CCCCCCCCCCCCOC(=O)CCN(C)c1ccccc1N(CCC(=O)OCCCCCCCCCCCC)CCC(=O)OCCCCCCCCCCCC,0.24870132506882314
CCCCCCCCCCCCOC(=O)CCN(CC(C)N(CCC(=O)OCCCCCCCCCCCC)CCC(=O)OCCCCCCCCCCCC)CC(C)N(CCC(=O)OCCCCCCCCCCCC)CCC(=O)OCCCCCCCCCCCC,0.5538938247503621
CCCCCCCCCCCCOC(=O)CCN(CC)CCN(CCC(=O)OCCCCCCCCCCCC)CCC(=O)OCCCCCCCCCCCC,0.5872675011362701
CCCCCCCCCCCCOC(=O)CCN(CCC(=O)OCCCCCCCCCCCC)C(=O)C1CCCN1C,0.496267417684405
CCCCCCCCCCCCOC(=O)CCN(CCC(=O)OCCCCCCCCCCCC)C(C)(C)C,0.2297924759687709
CCCCCCCCCCCCOC(=O)CCN(CCC(=O)OCCCCCCCCCCCC)C(C)(C)CC,0.25472252877743023
CCCCCCCCCCCCOC(=O)CCN(CCC(=O)OCCCCCCCCCCCC)C(C)(C)CC(C)(C)C,0.07346249608432759
CCCCCCCCCCCCOC(=O)CCN(CCC(=O)OCCCCCCCCCCCC)C(C)C,0.4182105842504082
CCCCCCCCCCCCOC(=O)CCN(CCC(=O)OCCCCCCCCCCCC)C(C)C(C)C,0.31631244076271975
CCCCCCCCCCCCOC(=O)CCN(CCC(=O)OCCCCCCCCCCCC)C(C)CC,0.43058265830387193
CCCCCCCCCCCCOC(=O)CCN(CCC(=O)OCCCCCCCCCCCC)C(C)CCC,0.4756646080395912
CCCCCCCCCCCCOC(=O)CCN(CCC(=O)OCCCCCCCCCCCC)C(C)CO,0.42056590330312504
CCCCCCCCCCCCOC(=O)CCN(CCC(=O)OCCCCCCCCCCCC)C(C)c1ccc(C)cc1,0.16116772992903297
CCCCCCCCCCCCOC(=O)CCN(CCC(=O)OCCCCCCCCCCCC)C(CC)CC,0.40545448981499466
CCCCCCCCCCCCOC(=O)CCN(CCC(=O)OCCCCCCCCCCCC)C(CO)(CO)CO,0.09508105065906201
CCCCCCCCCCCCOC(=O)CCN(CCC(=O)OCCCCCCCCCCCC)C(CO)C(C)(C)C,0.1479151847609748
CCCCCCCCCCCCOC(=O)CCN(CCC(=O)OCCCCCCCCCCCC)C(c1ccccc1)(c1ccccc1)c1ccccc1,0.12964496983574403
CCCCCCCCCCCCOC(=O)CCN(CCC(=O)OCCCCCCCCCCCC)C(c1ccccc1)c1ccccc1,0.17374185100212966
CCCCCCCCCCCCOC(=O)CCN(CCC(=O)OCCCCCCCCCCCC)C12C[C@H]3C[C@@H](C1)C[C@@H](C2)C3,0.3619655366799692
CCCCCCCCCCCCOC(=O)CCN(CCC(=O)OCCCCCCCCCCCC)C1CC1,0.472095696422605
CCCCCCCCCCCCOC(=O)CCN(CCC(=O)OCCCCCCCCCCCC)C1CC2CCC1C2,0.34153889273697274
CCCCCCCCCCCCOC(=O)CCN(CCC(=O)OCCCCCCCCCCCC)C1CCC(CC2CCC(N(CCC(=O)OCCCCCCCCCCCC)CCC(=O)OCCCCCCCCCCCC)C(C)C2)CC1C,0.3414318530865363
CCCCCCCCCCCCOC(=O)CCN(CCC(=O)OCCCCCCCCCCCC)C1CCC1,0.47967731426736016
CCCCCCCCCCCCOC(=O)CCN(CCC(=O)OCCCCCCCCCCCC)C1CCCC(N(CCC(=O)OCCCCCCCCCCCC)CCC(=O)OCCCCCCCCCCCC)C1,0.5011127041648036
CCCCCCCCCCCCOC(=O)CCN(CCC(=O)OCCCCCCCCCCCC)C1CCCCC1,0.4752524130585004
CCCCCCCCCCCCOC(=O)CCN(CCC(=O)OCCCCCCCCCCCC)C1CCCCCCC1,0.4550619473091492
CCCCCCCCCCCCOC(=O)CCN(CCC(=O)OCCCCCCCCCCCC)C1CCN(C)CC1,0.3809245699233118
CCCCCCCCCCCCOC(=O)CCN(CCC(=O)OCCCCCCCCCCCC)C1CCc2ccccc21,0.2920187288475565
CCCCCCCCCCCCOC(=O)CCN(CCC(=O)OCCCCCCCCCCCC)C1Cc2ccccc2C1,0.3056553241804387
CCCCCCCCCCCCOC(=O)CCN(CCC(=O)OCCCCCCCCCCCC)CC(=O)N(C)c1ccccc1,0.2389783781236009
CCCCCCCCCCCCOC(=O)CCN(CCC(=O)OCCCCCCCCCCCC)CC(C)(C)CN(C)C,0.2853761054655058
CCCCCCCCCCCCOC(=O)CCN(CCC(=O)OCCCCCCCCCCCC)CC(C)C,0.4650989844473326
CCCCCCCCCCCCOC(=O)CCN(CCC(=O)OCCCCCCCCCCCC)CC(C)CC,0.485750072131478
CCCCCCCCCCCCOC(=O)CCN(CCC(=O)OCCCCCCCCCCCC)CC(C)N(CCC(=O)OCCCCCCCCCCCC)CCC(=O)OCCCCCCCCCCCC,0.5599345064587983
CCCCCCCCCCCCOC(=O)CCN(CCC(=O)OCCCCCCCCCCCC)CC(CC)CCCC,0.5649396971916155
CCCCCCCCCCCCOC(=O)CCN(CCC(=O)OCCCCCCCCCCCC)CC1(C)CC(N(CCC(=O)OCCCCCCCCCCCC)CCC(=O)OCCCCCCCCCCCC)CC(C)(C)C1,0.35651467501528467
CCCCCCCCCCCCOC(=O)CCN(CCC(=O)OCCCCCCCCCCCC)CC12C[C@H]3C[C@@H](C1)C[C@@H](C2)C3,0.3777969809385368
CCCCCCCCCCCCOC(=O)CCN(CCC(=O)OCCCCCCCCCCCC)CC1CCC(CN(CCC(=O)OCCCCCCCCCCCC)CCC(=O)OCCCCCCCCCCCC)CC1,0.47651860217888287
CCCCCCCCCCCCOC(=O)CCN(CCC(=O)OCCCCCCCCCCCC)CC1CCCC(CN(CCC(=O)OCCCCCCCCCCCC)CCC(=O)OCCCCCCCCCCCC)C1,0.518002721126616
CCCCCCCCCCCCOC(=O)CCN(CCC(=O)OCCCCCCCCCCCC)CC1CCCCC1,0.48120562246495213
CCCCCCCCCCCCOC(=O)CCN(CCC(=O)OCCCCCCCCCCCC)CC1CCCN1C,0.483538783059148
CCCCCCCCCCCCOC(=O)CCN(CCC(=O)OCCCCCCCCCCCC)CC1CCCN1CCC(=O)OCCCCCCCCCCCC,0.5446752507823633
CCCCCCCCCCCCOC(=O)CCN(CCC(=O)OCCCCCCCCCCCC)CC1CCN(C)CC1,0.37758847103516857
CCCCCCCCCCCCOC(=O)CCN(CCC(=O)OCCCCCCCCCCCC)CCC(=O)N1CCN(CCC(=O)OCCCCCCCCCCCC)CC1,0.5401231171342535
CCCCCCCCCCCCOC(=O)CCN(CCC(=O)OCCCCCCCCCCCC)CCC(C)(C)C,0.4209932279843888
CCCCCCCCCCCCOC(=O)CCN(CCC(=O)OCCCCCCCCCCCC)CCC(C)C,0.5364333168302553
CCCCCCCCCCCCOC(=O)CCN(CCC(=O)OCCCCCCCCCCCC)CCC(c1ccccc1)c1ccccc1,0.16335346529516526
CCCCCCCCCCCCOC(=O)CCN(CCC(=O)OCCCCCCCCCCCC)CCC1CCC(C)CC1,0.39927633035853
CCCCCCCCCCCCOC(=O)CCN(CCC(=O)OCCCCCCCCCCCC)CCC1CCC(CC)CC1,0.36583325987537185
CCCCCCCCCCCCOC(=O)CCN(CCC(=O)OCCCCCCCCCCCC)CCN(C(C)C)C(C)C,0.3230944182138834
CCCCCCCCCCCCOC(=O)CCN(CCC(=O)OCCCCCCCCCCCC)CCN(C)C,0.5381809758974813
CCCCCCCCCCCCOC(=O)CCN(CCC(=O)OCCCCCCCCCCCC)CCN(C)CCCN(C)CCN(CCC(=O)OCCCCCCCCCCCC)CCC(=O)OCCCCCCCCCCCC,0.6154142235069041
CCCCCCCCCCCCOC(=O)CCN(CCC(=O)OCCCCCCCCCCCC)CCN(C)CCN(C)CCN(CCC(=O)OCCCCCCCCCCCC)CCC(=O)OCCCCCCCCCCCC,0.615014954293284
CCCCCCCCCCCCOC(=O)CCN(CCC(=O)OCCCCCCCCCCCC)CCN(C)CCN(CCC(=O)OCCCCCCCCCCCC)CCC(=O)OCCCCCCCCCCCC,0.6137986812703227
CCCCCCCCCCCCOC(=O)CCN(CCC(=O)OCCCCCCCCCCCC)CCN(CC)CCN(CC)CCN(CCC(=O)OCCCCCCCCCCCC)CCC(=O)OCCCCCCCCCCCC,0.5911500562031022
CCCCCCCCCCCCOC(=O)CCN(CCC(=O)OCCCCCCCCCCCC)CCN(CCC(=O)OCCCCCCCCCCCC)C(C)C,0.5286178736389291
CCCCCCCCCCCCOC(=O)CCN(CCC(=O)OCCCCCCCCCCCC)CCN(CCC(=O)OCCCCCCCCCCCC)CCN(CC)CC,0.5730373033345931
CCCCCCCCCCCCOC(=O)CCN(CCC(=O)OCCCCCCCCCCCC)CCN(CCC(=O)OCCCCCCCCCCCC)CCN(CCC(=O)OCCCCCCCCCCCC)CCC(=O)OCCCCCCCCCCCC,0.6197429855973419
CCCCCCCCCCCCOC(=O)CCN(CCC(=O)OCCCCCCCCCCCC)CCN(CCC(=O)OCCCCCCCCCCCC)CCN(CCC(=O)OCCCCCCCCCCCC)CCN(CCC(=O)OCCCCCCCCCCCC)CCN(CCC(=O)OCCCCCCCCCCCC)CCC(=O)OCCCCCCCCCCCC,0.6215802911163801
CCCCCCCCCCCCOC(=O)CCN(CCC(=O)OCCCCCCCCCCCC)CCN(CCC(=O)OCCCCCCCCCCCC)CCN(CCC(=O)OCCCCCCCCCCCC)CCN(CCC(=O)OCCCCCCCCCCCC)CCN(CCC(=O)OCCCCCCCCCCCC)CCN(CCC(=O)OCCCCCCCCCCCC)CCC(=O)OCCCCCCCCCCCC,0.6221572449584098
CCCCCCCCCCCCOC(=O)CCN(CCC(=O)OCCCCCCCCCCCC)CCN(CCC(=O)OCCCCCCCCCCCC)CCN1CCN(CCN(CCC(=O)OCCCCCCCCCCCC)CCC(=O)OCCCCCCCCCCCC)CC1,0.6230668139412503
CCCCCCCCCCCCOC(=O)CCN(CCC(=O)OCCCCCCCCCCCC)CCN(CCC(=O)OCCCCCCCCCCCC)Cc1ccccc1,0.44543954734775365
CCCCCCCCCCCCOC(=O)CCN(CCC(=O)OCCCCCCCCCCCC)CCN(CCC(=O)OCCCCCCCCCCCC)c1ccccc1,0.39602320655834333
CCCCCCCCCCCCOC(=O)CCN(CCC(=O)OCCCCCCCCCCCC)CCN(CCCCCCCCCCCC)CCN(CCC(=O)OCCCCCCCCCCCC)CCC(=O)OCCCCCCCCCCCC,0.6173758427435055
CCCCCCCCCCCCOC(=O)CCN(CCC(=O)OCCCCCCCCCCCC)CCN(CCN(CCC(=O)OCCCCCCCCCCCC)CCC(=O)OCCCCCCCCCCCC)CCN(CCC(=O)OCCCCCCCCCCCC)CCC(=O)OCCCCCCCCCCCC,0.6201849038870402
CCCCCCCCCCCCOC(=O)CCN(CCC(=O)OCCCCCCCCCCCC)CCN1CCN(CCC(=O)OCCCCCCCCCCCC)CC1,0.5862413619831992
CCCCCCCCCCCCOC(=O)CCN(CCC(=O)OCCCCCCCCCCCC)CCN1CCN(CCN(CCC(=O)OCCCCCCCCCCCC)CCC(=O)OCCCCCCCCCCCC)CC1,0.6196656096897643
CCCCCCCCCCCCOC(=O)CCN(CCC(=O)OCCCCCCCCCCCC)CC[C@H](C)O,0.3268345217926695
CCCCCCCCCCCCOC(=O)CCN(CCC(=O)OCCCCCCCCCCCC)CCc1ccc(OC)cc1,0.21382477506002337
CCCCCCCCCCCCOC(=O)CCN(CCC(=O)OCCCCCCCCCCCC)CCc1ccccc1F,0.34298026472431875
CCCCCCCCCCCCOC(=O)CCN(CCC(=O)OCCCCCCCCCCCC)CN(CC)CCC,0.4674946592948023
CCCCCCCCCCCCOC(=O)CCN(CCC(=O)OCCCCCCCCCCCC)C[C@@H](C)O,0.42433567062476996
CCCCCCCCCCCCOC(=O)CCN(CCC(=O)OCCCCCCCCCCCC)C[C@@H]1CCCN1CC,0.3604039610117213
CCCCCCCCCCCCOC(=O)CCN(CCC(=O)OCCCCCCCCCCCC)C[C@H]1CCCN1CC,0.5021495353697684
CCCCCCCCCCCCOC(=O)CCN(CCC(=O)OCCCCCCCCCCCC)Cc1cc(C)c(OC)c(OC)c1,-0.13442831067467487
CCCCCCCCCCCCOC(=O)CCN(CCC(=O)OCCCCCCCCCCCC)Cc1cc(F)ccc1F,0.25602457647853766
CCCCCCCCCCCCOC(=O)CCN(CCC(=O)OCCCCCCCCCCCC)Cc1cccc(CN(CCC(=O)OCCCCCCCCCCCC)CCC(=O)OCCCCCCCCCCCC)c1,0.430826431130478
CCCCCCCCCCCCOC(=O)CCN(CCC(=O)OCCCCCCCCCCCC)Cc1cccc(F)c1,0.2618770602039165
CCCCCCCCCCCCOC(=O)CCN(CCC(=O)OCCCCCCCCCCCC)Cc1cccc(N(CCC(=O)OCCCCCCCCCCCC)CCC(=O)OCCCCCCCCCCCC)c1,0.3890817120321275
CCCCCCCCCCCCOC(=O)CCN(CCC(=O)OCCCCCCCCCCCC)Cc1ccccc1F,0.31243712293435627
CCCCCCCCCCCCOC(=O)CCN(CCC(=O)OCCCCCCCCCCCC)Cc1ccccc1N(CCC(=O)OCCCCCCCCCCCC)CCC(=O)OCCCCCCCCCCCC,0.42577862110445686
CCCCCCCCCCCCOC(=O)CCN(CCC(=O)OCCCCCCCCCCCC)Cc1ccccc1OC,0.190900866885128
CCCCCCCCCCCCOC(=O)CCN(CCC(=O)OCCCCCCCCCCCC)Cc1ccccc1OCC,0.23792555351510675
CCCCCCCCCCCCOC(=O)CCN(CCC(=O)OCCCCCCCCCCCC)Cc1nccn1C,0.3084589946237149
CCCCCCCCCCCCOC(=O)CCN(CCC(=O)OCCCCCCCCCCCC)[C@@H](CO)CC(C)C,0.46211000495981175
CCCCCCCCCCCCOC(=O)CCN(CCC(=O)OCCCCCCCCCCCC)[C@H]1CCCC[C@H]1N(CCC(=O)OCCCCCCCCCCCC)CCC(=O)OCCCCCCCCCCCC,0.5759295778290792
CCCCCCCCCCCCOC(=O)CCN(CCC(=O)OCCCCCCCCCCCC)[C@@H]1CCCC[C@H]1N(CCC(=O)OCCCCCCCCCCCC)CCC(=O)OCCCCCCCCCCCC,0.5153400130276681
CCCCCCCCCCCCOC(=O)CCN(CCC(=O)OCCCCCCCCCCCC)[C@@H](c1ccccc1)[C@@H](c1ccccc1)N(CCC(=O)OCCCCCCCCCCCC)CCC(=O)OCCCCCCCCCCCC,0.37577877424065853
CCCCCCCCCCCCOC(=O)CCN(CCC(=O)OCCCCCCCCCCCC)[C@H]1CC[C@H](N(CCC(=O)OCCCCCCCCCCCC)CCC(=O)OCCCCCCCCCCCC)CC1,0.3334286288723938
CCCCCCCCCCCCOC(=O)CCN(CCC(=O)OCCCCCCCCCCCC)c1c(-c2ccccc2)cc(-c2ccccc2)cc1-c1ccccc1,-0.20140791030072117
CCCCCCCCCCCCOC(=O)CCN(CCC(=O)OCCCCCCCCCCCC)c1c(C)c(C)c(N(CCC(=O)OCCCCCCCCCCCC)CCC(=O)OCCCCCCCCCCCC)c(C)c1C,0.08568297530731794
CCCCCCCCCCCCOC(=O)CCN(CCC(=O)OCCCCCCCCCCCC)c1c(C)cc(-c2cc(C)c(N(CCC(=O)OCCCCCCCCCCCC)CCC(=O)OCCCCCCCCCCCC)c(C)c2)cc1C,0.014593544708082416
CCCCCCCCCCCCOC(=O)CCN(CCC(=O)OCCCCCCCCCCCC)c1c(CC)cccc1CC,0.11473593097886448
CCCCCCCCCCCCOC(=O)CCN(CCC(=O)OCCCCCCCCCCCC)c1c(F)cc(F)cc1F,0.1329207584033158
CCCCCCCCCCCCOC(=O)CCN(CCC(=O)OCCCCCCCCCCCC)c1c(N(CCC(=O)OCCCCCCCCCCCC)CCC(=O)OCCCCCCCCCCCC)c2ccccc2c2ccccc12,0.1778268402659613
CCCCCCCCCCCCOC(=O)CCN(CCC(=O)OCCCCCCCCCCCC)c1cc(C(C)(C)C)ccc1C(C)(C)C,-0.20891438595347545
CCCCCCCCCCCCOC(=O)CCN(CCC(=O)OCCCCCCCCCCCC)c1cc(C(C)(C)C)ccc1OC,-0.14140092830459303
CCCCCCCCCCCCOC(=O)CCN(CCC(=O)OCCCCCCCCCCCC)c1cc(C)c(C)cc1N(CCC(=O)OCCCCCCCCCCCC)CCC(=O)OCCCCCCCCCCCC,0.22510810635851933
CCCCCCCCCCCCOC(=O)CCN(CCC(=O)OCCCCCCCCCCCC)c1cc(F)c(F)c(F)c1,0.1073903126305084
CCCCCCCCCCCCOC(=O)CCN(CCC(=O)OCCCCCCCCCCCC)c1cc(F)cc(F)c1,0.104564721991706
CCCCCCCCCCCCOC(=O)CCN(CCC(=O)OCCCCCCCCCCCC)c1cc(F)ccc1F,0.1694934133238308
CCCCCCCCCCCCOC(=O)CCN(CCC(=O)OCCCCCCCCCCCC)c1cc(OC)ccc1OC,-0.04185119796563015
CCCCCCCCCCCCOC(=O)CCN(CCC(=O)OCCCCCCCCCCCC)c1ccc(-c2ccc(N(CCC(=O)OCCCCCCCCCCCC)CCC(=O)OCCCCCCCCCCCC)c(C)c2)cc1C,0.12878743153440395
CCCCCCCCCCCCOC(=O)CCN(CCC(=O)OCCCCCCCCCCCC)c1ccc(-c2ccc(N(CCC(=O)OCCCCCCCCCCCC)CCC(=O)OCCCCCCCCCCCC)c(N(CCC(=O)OCCCCCCCCCCCC)CCC(=O)OCCCCCCCCCCCC)c2)cc1N(CCC(=O)OCCCCCCCCCCCC)CCC(=O)OCCCCCCCCCCCC,0.32590336022592065
CCCCCCCCCCCCOC(=O)CCN(CCC(=O)OCCCCCCCCCCCC)c1ccc(-c2ccccc2)cc1,0.05478895775170493
CCCCCCCCCCCCOC(=O)CCN(CCC(=O)OCCCCCCCCCCCC)c1ccc(C(C)(C)C)cc1,-0.003778974390562132
CCCCCCCCCCCCOC(=O)CCN(CCC(=O)OCCCCCCCCCCCC)c1ccc(C(C)C)cc1,0.1224603874890323
CCCCCCCCCCCCOC(=O)CCN(CCC(=O)OCCCCCCCCCCCC)c1ccc(C)c(F)c1,0.12225780437766096
CCCCCCCCCCCCOC(=O)CCN(CCC(=O)OCCCCCCCCCCCC)c1ccc(C)c(N(CCC(=O)OCCCCCCCCCCCC)CCC(=O)OCCCCCCCCCCCC)c1,0.29719803026386055
CCCCCCCCCCCCOC(=O)CCN(CCC(=O)OCCCCCCCCCCCC)c1ccc(C)cc1N(CCC(=O)OCCCCCCCCCCCC)CCC(=O)OCCCCCCCCCCCC,0.30114021064515384
CCCCCCCCCCCCOC(=O)CCN(CCC(=O)OCCCCCCCCCCCC)c1ccc(C2(c3ccc(N(CCC(=O)OCCCCCCCCCCCC)CCC(=O)OCCCCCCCCCCCC)cc3)c3ccccc3-c3ccccc32)cc1,0.16003383633654106
CCCCCCCCCCCCOC(=O)CCN(CCC(=O)OCCCCCCCCCCCC)c1ccc(Cc2ccc(N(CCC(=O)OCCCCCCCCCCCC)CCC(=O)OCCCCCCCCCCCC)cc2)cc1,0.23422592486257088
CCCCCCCCCCCCOC(=O)CCN(CCC(=O)OCCCCCCCCCCCC)c1ccc(F)c(F)c1,0.1720972704630508
CCCCCCCCCCCCOC(=O)CCN(CCC(=O)OCCCCCCCCCCCC)c1ccc(F)cc1,0.2147526307277186
CCCCCCCCCCCCOC(=O)CCN(CCC(=O)OCCCCCCCCCCCC)c1ccc(F)cc1C(F)(F)F,0.1972406580007241
CCCCCCCCCCCCOC(=O)CCN(CCC(=O)OCCCCCCCCCCCC)c1ccc(N(CCC(=O)OCCCCCCCCCCCC)CCC(=O)OCCCCCCCCCCCC)cc1,0.3656615913875823
CCCCCCCCCCCCOC(=O)CCN(CCC(=O)OCCCCCCCCCCCC)c1ccc(N(CCC(=O)OCCCCCCCCCCCC)c2ccccc2)cc1,0.15980683126819756
CCCCCCCCCCCCOC(=O)CCN(CCC(=O)OCCCCCCCCCCCC)c1ccc(OC(F)(F)F)cc1,0.20970899030410733
CCCCCCCCCCCCOC(=O)CCN(CCC(=O)OCCCCCCCCCCCC)c1ccc(OC(F)F)cc1,0.22272601250175614
CCCCCCCCCCCCOC(=O)CCN(CCC(=O)OCCCCCCCCCCCC)c1ccc(OC)c(F)c1,0.05209584133803921
CCCCCCCCCCCCOC(=O)CCN(CCC(=O)OCCCCCCCCCCCC)c1ccc(OCCCCCCCC)cc1,0.2882187021255656
CCCCCCCCCCCCOC(=O)CCN(CCC(=O)OCCCCCCCCCCCC)c1ccc(Oc2ccc(F)cc2)cc1,0.007028873318835975
CCCCCCCCCCCCOC(=O)CCN(CCC(=O)OCCCCCCCCCCCC)c1ccc(Oc2ccc(N(CCC(=O)OCCCCCCCCCCCC)CCC(=O)OCCCCCCCCCCCC)cc2)cc1,0.2046130213702521
CCCCCCCCCCCCOC(=O)CCN(CCC(=O)OCCCCCCCCCCCC)c1ccc(Oc2ccccc2)cc1,0.02790133617735665
CCCCCCCCCCCCOC(=O)CCN(CCC(=O)OCCCCCCCCCCCC)c1ccc2c(c1)CCCC2,0.20074220075591642
CCCCCCCCCCCCOC(=O)CCN(CCC(=O)OCCCCCCCCCCCC)c1ccc2c(c1)Cc1cc(N(CCC(=O)OCCCCCCCCCCCC)CCC(=O)OCCCCCCCCCCCC)ccc1-2,0.21038958854889683
CCCCCCCCCCCCOC(=O)CCN(CCC(=O)OCCCCCCCCCCCC)c1ccc2c(c1)OCCO2,-0.19314310310110752
CCCCCCCCCCCCOC(=O)CCN(CCC(=O)OCCCCCCCCCCCC)c1ccc2c(c1)OCO2,-0.3146238736554101
CCCCCCCCCCCCOC(=O)CCN(CCC(=O)OCCCCCCCCCCCC)c1ccc2cc3ccccc3cc2c1,-0.06042570451815893
CCCCCCCCCCCCOC(=O)CCN(CCC(=O)OCCCCCCCCCCCC)c1ccc2ccccc2c1-c1c(N(CCC(=O)OCCCCCCCCCCCC)CCC(=O)OCCCCCCCCCCCC)ccc2ccccc12,0.0724365356285028
CCCCCCCCCCCCOC(=O)CCN(CCC(=O)OCCCCCCCCCCCC)c1cccc(-c2ccccc2)c1,0.030363456617515133
CCCCCCCCCCCCOC(=O)CCN(CCC(=O)OCCCCCCCCCCCC)c1cccc(C(F)(F)F)c1,0.21062079300252454
CCCCCCCCCCCCOC(=O)CCN(CCC(=O)OCCCCCCCCCCCC)c1cccc(C)c1N(CCC(=O)OCCCCCCCCCCCC)CCC(=O)OCCCCCCCCCCCC,0.308767723899292
CCCCCCCCCCCCOC(=O)CCN(CCC(=O)OCCCCCCCCCCCC)c1cccc(F)c1,0.1887872358578122
CCCCCCCCCCCCOC(=O)CCN(CCC(=O)OCCCCCCCCCCCC)c1cccc(N(CCC(=O)OCCCCCCCCCCCC)CCC(=O)OCCCCCCCCCCCC)c1,0.3437765992188567
CCCCCCCCCCCCOC(=O)CCN(CCC(=O)OCCCCCCCCCCCC)c1cccc(N(CCC(=O)OCCCCCCCCCCCC)CCC(=O)OCCCCCCCCCCCC)c1C,0.3044313671758935
CCCCCCCCCCCCOC(=O)CCN(CCC(=O)OCCCCCCCCCCCC)c1cccc(OC(C)C)c1,0.09087204550641086
CCCCCCCCCCCCOC(=O)CCN(CCC(=O)OCCCCCCCCCCCC)c1cccc(OCc2ccccc2)c1,0.009219076116121714
CCCCCCCCCCCCOC(=O)CCN(CCC(=O)OCCCCCCCCCCCC)c1cccc2c1CCC2,0.24461952257254763
CCCCCCCCCCCCOC(=O)CCN(CCC(=O)OCCCCCCCCCCCC)c1cccc2cccc(N(CCC(=O)OCCCCCCCCCCCC)CCC(=O)OCCCCCCCCCCCC)c12,0.2406355270356581
CCCCCCCCCCCCOC(=O)CCN(CCC(=O)OCCCCCCCCCCCC)c1ccccc1C(C)(C)C,-0.01571714267824422
CCCCCCCCCCCCOC(=O)CCN(CCC(=O)OCCCCCCCCCCCC)c1ccccc1C(C)C,0.1257535394723538
CCCCCCCCCCCCOC(=O)CCN(CCC(=O)OCCCCCCCCCCCC)c1ccccc1Cc1ccccc1,0.09259191715186238
CCCCCCCCCCCCOC(=O)CCN(CCC(=O)OCCCCCCCCCCCC)c1ccccc1N(CCC(=O)OCCCCCCCCCCCC)c1ccccc1,0.15449216668794424
CCCCCCCCCCCCOC(=O)CCN(CCC(=O)OCCCCCCCCCCCC)c1ccccc1OC,0.10170940804429603
CCCCCCCCCCCCOC(=O)CCN(CCC(=O)OCCCCCCCCCCCC)c1ccccc1OCC,0.15332134233125055
CCCCCCCCCCCCOC(=O)CCN(CCC(=O)OCCCCCCCCCCCC)c1ccccc1Oc1ccccc1,0.020812267508705483
CCCCCCCCCCCCOC(=O)CCN(CCC(=O)OCCCCCCCCCCCC)c1nc(N(CCC(=O)OCCCCCCCCCCCC)CCC(=O)OCCCCCCCCCCCC)nc(N(CCC(=O)OCCCCCCCCCCCC)CCC(=O)OCCCCCCCCCCCC)n1,0.5688050973228184
CCCCCCCCCCCCOC(=O)CCN(CCC)CCC(=O)OCCCCCCCCCCCC,0.4844136549933634
CCCCCCCCCCCCOC(=O)CCN(CCC)CCCN(CCC(=O)OCCCCCCCCCCCC)CCC(=O)OCCCCCCCCCCCC,0.5776704464009519
CCCCCCCCCCCCOC(=O)CCN(CCCC)CCC(=O)OCCCCCCCCCCCC,0.5645087389996803
CCCCCCCCCCCCOC(=O)CCN(CCCCC)CCC(=O)OCCCCCCCCCCCC,0.5858090337790437
CCCCCCCCCCCCOC(=O)CCN(CCCCCC)CCC(=O)OCCCCCCCCCCCC,0.614565709416494
CCCCCCCCCCCCOC(=O)CCN(CCCCCCCCN(CCC(=O)OCCCCCCCCCCCC)CCC(=O)OCCCCCCCCCCCC)CCC(=O)OCCCCCCCCCCCC,0.6150961424087792
CCCCCCCCCCCCOC(=O)CCN(CCCCCCN(CCC(=O)OCCCCCCCCCCCC)CCC(=O)OCCCCCCCCCCCC)CCCCCCN(CCC(=O)OCCCCCCCCCCCC)CCC(=O)OCCCCCCCCCCCC,0.6169463141295394
CCCCCCCCCCCCOC(=O)CCN(CCCCN(C)Cc1ccccc1)CCC(=O)OCCCCCCCCCCCC,0.3624519505839558
CCCCCCCCCCCCOC(=O)CCN(CCCCN1CCN(C)CC1)CCC(=O)OCCCCCCCCCCCC,0.5386467204866645
CCCCCCCCCCCCOC(=O)CCN(CCCCc1ccccc1)CCC(=O)OCCCCCCCCCCCC,0.38659838618542736
CCCCCCCCCCCCOC(=O)CCN(CCCN(C)C)CCCN(CCC(=O)OCCCCCCCCCCCC)CCC(=O)OCCCCCCCCCCCC,0.5790265202361415
CCCCCCCCCCCCOC(=O)CCN(CCCN(C)CCCN(CCC(=O)OCCCCCCCCCCCC)CCC(=O)OCCCCCCCCCCCC)CCC(=O)OCCCCCCCCCCCC,0.6189857262339593
CCCCCCCCCCCCOC(=O)CCN(CCCN(CCC(=O)OCCCCCCCCCCCC)CCC(=O)OCCCCCCCCCCCC)CCCN(CCC(=O)OCCCCCCCCCCCC)CCC(=O)OCCCCCCCCCCCC,0.6189825692492775
CCCCCCCCCCCCOC(=O)CCN(CCCN(CCC(=O)OCCCCCCCCCCCC)CCN(CCC(=O)OCCCCCCCCCCCC)CCC(=O)OCCCCCCCCCCCC)CCC(=O)OCCCCCCCCCCCC,0.6194174587806278
CCCCCCCCCCCCOC(=O)CCN(CCCN(CCC(=O)OCCCCCCCCCCCC)CCN(CCC(=O)OCCCCCCCCCCCC)CCC(=O)OCCCCCCCCCCCC)CCN(CCC(=O)OCCCCCCCCCCCC)CCC(=O)OCCCCCCCCCCCC,0.6206125859627962
CCCCCCCCCCCCOC(=O)CCN(CCCN(CCCN(CCC(=O)OCCCCCCCCCCCC)CCC(=O)OCCCCCCCCCCCC)CCC(=O)OCCCCCCCCCCCC)CCCN(CCC(=O)OCCCCCCCCCCCC)CCC(=O)OCCCCCCCCCCCC,0.6199242441706742
CCCCCCCCCCCCOC(=O)CCN(CCCN1CCN(C(C)C)CC1)CCC(=O)OCCCCCCCCCCCC,0.48005755222426666
CCCCCCCCCCCCOC(=O)CCN(CCCN1CCN(CCCN(CCC(=O)OCCCCCCCCCCCC)CCC(=O)OCCCCCCCCCCCC)CC1)CCC(=O)OCCCCCCCCCCCC,0.6208592477282149
CCCCCCCCCCCCOC(=O)CCN(CCCOC(C)C)CCC(=O)OCCCCCCCCCCCC,0.48516620866259763
CCCCCCCCCCCCOC(=O)CCN(CCCOCCCCOCCCN(CCC(=O)OCCCCCCCCCCCC)CCC(=O)OCCCCCCCCCCCC)CCC(=O)OCCCCCCCCCCCC,0.5116736220629138
CCCCCCCCCCCCOC(=O)CCN(CCCOCCOCCOCCCN(CCC(=O)OCCCCCCCCCCCC)CCC(=O)OCCCCCCCCCCCC)CCC(=O)OCCCCCCCCCCCC,0.45542631099402375
CCCCCCCCCCCCOC(=O)CCN(CCCc1ccccc1)CCC(=O)OCCCCCCCCCCCC,0.37776889568801886
CCCCCCCCCCCCOC(=O)CCN(CCN(CCC(=O)OCCCCCCCCCCCC)C(C)(C)C)C(C)(C)C,0.06516349814495295
CCCCCCCCCCCCOC(=O)CCN(CCO)CCC(=O)OCCCCCCCCCCCC,0.46501970243579627
CCCCCCCCCCCCOC(=O)CCN(CCOCCN1CCCC1)CCC(=O)OCCCCCCCCCCCC,0.33373485638652495
CCCCCCCCCCCCOC(=O)CCN(CCOCCOCCN(CCC(=O)OCCCCCCCCCCCC)CCC(=O)OCCCCCCCCCCCC)CCC(=O)OCCCCCCCCCCCC,0.4422801502531662
CCCCCCCCCCCCOC(=O)CCN(CCOCCOCCOCCN(CCC(=O)OCCCCCCCCCCCC)CCC(=O)OCCCCCCCCCCCC)CCC(=O)OCCCCCCCCCCCC,0.3912074349064319
CCCCCCCCCCCCOC(=O)CCN(c1ccccc1)c1ccc(-c2ccc(N(CCC(=O)OCCCCCCCCCCCC)c3ccccc3)cc2)cc1,-0.16043671201515172
CCCCCCCCCCCCOC(=O)CCN1C(C)N(CCC(=O)OCCCCCCCCCCCC)C(C)N(CCC(=O)OCCCCCCCCCCCC)C1C,0.4948736387302803
CCCCCCCCCCCCOC(=O)CCN1CCC(N(CCC(=O)OCCCCCCCCCCCC)CCC(=O)OCCCCCCCCCCCC)CC1,0.4755269515943165
CCCCCCCCCCCCOC(=O)CCN1CCCCN(C)CCN(CCC(=O)OCCCCCCCCCCCC)CCCN(C)CC1,0.356160169461822
CCCCCCCCCCCCOC(=O)CCN1CCCN(CCC(=O)OCCCCCCCCCCCC)CCCN(CCC(=O)OCCCCCCCCCCCC)CCC1,0.487266675659448
CCCCCCCCCCCCOC(=O)CCN1CCCN(CCC(=O)OCCCCCCCCCCCC)CCCN(CCC(=O)OCCCCCCCCCCCC)CCN(CCC(=O)OCCCCCCCCCCCC)CCC1,0.4970846001909924
CCCCCCCCCCCCOC(=O)CCN1CCCN(CCC(=O)OCCCCCCCCCCCC)CCN(CCC(=O)OCCCCCCCCCCCC)CCCN(CCC(=O)OCCCCCCCCCCCC)CC1,0.5069382641717642
CCCCCCCCCCCCOC(=O)CCN1CCCN(CCC(=O)OCCCCCCCCCCCC)CCN(CCC(=O)OCCCCCCCCCCCC)CCN(CCC(=O)OCCCCCCCCCCCC)CC1,0.5154085732044362
CCCCCCCCCCCCOC(=O)CCN1CCN(CCC(=O)OCCCCCCCCCCCC)C(c2ccccc2)C1,0.3463493630372487
CCCCCCCCCCCCOC(=O)CCN1CCN(CCC(=O)OCCCCCCCCCCCC)C2C1N(CCC(=O)OCCCCCCCCCCCC)CCN2CCC(=O)OCCCCCCCCCCCC,0.6562382646102792
CCCCCCCCCCCCOC(=O)CCN1CCN(CCC(=O)OCCCCCCCCCCCC)CC1,0.5244433272719081
CCCCCCCCCCCCOC(=O)CCN1CCN(CCC(=O)OCCCCCCCCCCCC)CCN(CCC(=O)OCCCCCCCCCCCC)CCN(CCC(=O)OCCCCCCCCCCCC)CC1,0.5244433868376568
CCCCCCCCCCCCOC(=O)CCN1CCN(CCC(=O)OCCCCCCCCCCCC)[C@H](C)C1,0.35492912413317995
CCCCCCCCCCCCOC(=O)CCN1CCOCCN(CCC(=O)OCCCCCCCCCCCC)CCN(CCC(=O)OCCCCCCCCCCCC)CC1,0.02021967765763878
CCCCCCCCCCCCOC(=O)CCN1CC[C@@H](N(CCC(=O)OCCCCCCCCCCCC)CCC(=O)OCCCCCCCCCCCC)C1,0.5588221756673403
CCCCCCCCCCCOC(=O)CCN(C)CCCCCCN(C)CCC(=O)OCCCCCCCCCCC,0.5666232039474781
CCCCCCCCCCCOC(=O)CCN(C)CCCN(CC)CCCN(C)CCC(=O)OCCCCCCCCCCC,0.5691662444572625
CCCCCCCCCCCOC(=O)CCN(C)CCCN(CCC(=O)OCCCCCCCCCCC)CCC(=O)OCCCCCCCCCCC,0.5989611510947724
CCCCCCCCCCCOC(=O)CCN(C)CCN(C)CCC(=O)OCCCCCCCCCCC,0.5577000760930935
CCCCCCCCCCCOC(=O)CCN(C)CCN(CCC(=O)OCCCCCCCCCCC)CCC(=O)OCCCCCCCCCCC,0.6054502437595166
CCCCCCCCCCCOC(=O)CCN(C)CCN(CCN(C)CCC(=O)OCCCCCCCCCCC)CCN(C)CCC(=O)OCCCCCCCCCCC,0.5979659265652834
CCCCCCCCCCCOC(=O)CCN(C)CCOCCN(C)CCC(=O)OCCCCCCCCCCC,0.28898412199652174
CCCCCCCCCCCOC(=O)CCN(C)CCOCCOCCN(C)CCC(=O)OCCCCCCCCCCC,0.20367774976684216
CCCCCCCCCCCOC(=O)CCN(C)c1ccc(Cc2ccc(N(CCC(=O)OCCCCCCCCCCC)CCC(=O)OCCCCCCCCCCC)cc2)cc1,0.0986255105362017
CCCCCCCCCCCOC(=O)CCN(C)c1ccccc1N(CCC(=O)OCCCCCCCCCCC)CCC(=O)OCCCCCCCCCCC,0.2312108555771139
CCCCCCCCCCCOC(=O)CCN(CC)CCCN(CC)CCC(=O)OCCCCCCCCCCC,0.553986270792364
CCCCCCCCCCCOC(=O)CCN(CC)CCN(CC)CCC(=O)OCCCCCCCCCCC,0.5174704415961208
CCCCCCCCCCCOC(=O)CCN(CC)CCN(CCC(=O)OCCCCCCCCCCC)CCC(=O)OCCCCCCCCCCC,0.5887472930315358
CCCCCCCCCCCOC(=O)CCN(CCC(=O)OCCCCCCCCCCC)C(=O)C1CCCN1C,0.4918578844387131
CCCCCCCCCCCOC(=O)CCN(CCC(=O)OCCCCCCCCCCC)C(C)(C)C,0.20935922022766731
CCCCCCCCCCCOC(=O)CCN(CCC(=O)OCCCCCCCCCCC)C(C)(C)CC,0.23575351827117833
CCCCCCCCCCCOC(=O)CCN(CCC(=O)OCCCCCCCCCCC)C(C)(C)CC(C)(C)C,0.05292556243473054
CCCCCCCCCCCOC(=O)CCN(CCC(=O)OCCCCCCCCCCC)C(C)(CO)CO,0.20075375651116664
CCCCCCCCCCCOC(=O)CCN(CCC(=O)OCCCCCCCCCCC)C(C)C,0.40727496801002167
CCCCCCCCCCCOC(=O)CCN(CCC(=O)OCCCCCCCCCCC)C(C)C(C)C,0.3005052993296269
CCCCCCCCCCCOC(=O)CCN(CCC(=O)OCCCCCCCCCCC)C(C)CC,0.42054678269778833
CCCCCCCCCCCOC(=O)CCN(CCC(=O)OCCCCCCCCCCC)C(C)CCC,0.46979175282815266
CCCCCCCCCCCOC(=O)CCN(CCC(=O)OCCCCCCCCCCC)C(C)CO,0.4099315110539779
CCCCCCCCCCCOC(=O)CCN(CCC(=O)OCCCCCCCCCCC)C(C)c1ccc(C)cc1,0.14036999137155734
CCCCCCCCCCCOC(=O)CCN(CCC(=O)OCCCCCCCCCCC)C(CC)CC,0.3943760349091955
CCCCCCCCCCCOC(=O)CCN(CCC(=O)OCCCCCCCCCCC)C(CO)(CO)CO,0.06981385571268967
CCCCCCCCCCCOC(=O)CCN(CCC(=O)OCCCCCCCCCCC)C(CO)C(C)(C)C,0.12498129932317006
CCCCCCCCCCCOC(=O)CCN(CCC(=O)OCCCCCCCCCCC)C(c1ccccc1)(c1ccccc1)c1ccccc1,0.11376515818922185
CCCCCCCCCCCOC(=O)CCN(CCC(=O)OCCCCCCCCCCC)C(c1ccccc1)c1ccccc1,0.15722513258749865
CCCCCCCCCCCOC(=O)CCN(CCC(=O)OCCCCCCCCCCC)C12C[C@H]3C[C@@H](C1)C[C@@H](C2)C3,0.3498218377070693
CCCCCCCCCCCOC(=O)CCN(CCC(=O)OCCCCCCCCCCC)C1CC1,0.46578976843515196
CCCCCCCCCCCOC(=O)CCN(CCC(=O)OCCCCCCCCCCC)C1CC2CCC1C2,0.32781220420916274
CCCCCCCCCCCOC(=O)CCN(CCC(=O)OCCCCCCCCCCC)C1CCC(CC2CCC(N(CCC(=O)OCCCCCCCCCCC)CCC(=O)OCCCCCCCCCCC)C(C)C2)CC1C,0.32779406643867975
CCCCCCCCCCCOC(=O)CCN(CCC(=O)OCCCCCCCCCCC)C1CCC1,0.473936992846807
CCCCCCCCCCCOC(=O)CCN(CCC(=O)OCCCCCCCCCCC)C1CCCC(N(CCC(=O)OCCCCCCCCCCC)CCC(=O)OCCCCCCCCCCC)C1,0.4963635865857014
CCCCCCCCCCCOC(=O)CCN(CCC(=O)OCCCCCCCCCCC)C1CCCCC1,0.46944055317374356
CCCCCCCCCCCOC(=O)CCN(CCC(=O)OCCCCCCCCCCC)C1CCCCCCC1,0.4482897088579
CCCCCCCCCCCOC(=O)CCN(CCC(=O)OCCCCCCCCCCC)C1CCN(C)CC1,0.3690311066607533
CCCCCCCCCCCOC(=O)CCN(CCC(=O)OCCCCCCCCCCC)C1CCc2ccccc21,0.27702570228499224
CCCCCCCCCCCOC(=O)CCN(CCC(=O)OCCCCCCCCCCC)C1Cc2ccccc2C1,0.2911672066868363
CCCCCCCCCCCOC(=O)CCN(CCC(=O)OCCCCCCCCCCC)CC(=O)N(C)c1ccccc1,0.22369922748709598
CCCCCCCCCCCOC(=O)CCN(CCC(=O)OCCCCCCCCCCC)CC(C)(C)CN(C)C,0.2693745712114895
CCCCCCCCCCCOC(=O)CCN(CCC(=O)OCCCCCCCCCCC)CC(C)(C)CO,0.3165219037180674
CCCCCCCCCCCOC(=O)CCN(CCC(=O)OCCCCCCCCCCC)CC(C)C,0.4574746281778762
CCCCCCCCCCCOC(=O)CCN(CCC(=O)OCCCCCCCCCCC)CC(C)CC,0.4805713961555354
CCCCCCCCCCCOC(=O)CCN(CCC(=O)OCCCCCCCCCCC)CC(C)N(CCC(=O)OCCCCCCCCCCC)CCC(=O)OCCCCCCCCCCC,0.5592897667947337
CCCCCCCCCCCOC(=O)CCN(CCC(=O)OCCCCCCCCCCC)CC(CC)CCCC,0.5646411536590683
CCCCCCCCCCCOC(=O)CCN(CCC(=O)OCCCCCCCCCCC)CC(OC)OC,-0.01586248310510282
CCCCCCCCCCCOC(=O)CCN(CCC(=O)OCCCCCCCCCCC)CC1(C)CC(N(CCC(=O)OCCCCCCCCCCC)CCC(=O)OCCCCCCCCCCC)CC(C)(C)C1,0.3428807303582201
CCCCCCCCCCCOC(=O)CCN(CCC(=O)OCCCCCCCCCCC)CC12C[C@H]3C[C@@H](C1)C[C@@H](C2)C3,0.36774323560783945
CCCCCCCCCCCOC(=O)CCN(CCC(=O)OCCCCCCCCCCC)CC1CCC(CN(CCC(=O)OCCCCCCCCCCC)CCC(=O)OCCCCCCCCCCC)CC1,0.47060208527363806
CCCCCCCCCCCOC(=O)CCN(CCC(=O)OCCCCCCCCCCC)CC1CCCC(CN(CCC(=O)OCCCCCCCCCCC)CCC(=O)OCCCCCCCCCCC)C1,0.5142972550307063
CCCCCCCCCCCOC(=O)CCN(CCC(=O)OCCCCCCCCCCC)CC1CCCCC1,0.47601122113134947
CCCCCCCCCCCOC(=O)CCN(CCC(=O)OCCCCCCCCCCC)CC1CCCN1C,0.47841594997262343
CCCCCCCCCCCOC(=O)CCN(CCC(=O)OCCCCCCCCCCC)CC1CCCN1CCC(=O)OCCCCCCCCCCC,0.542315970607357
CCCCCCCCCCCOC(=O)CCN(CCC(=O)OCCCCCCCCCCC)CC1CCCO1,-0.0971486996655651
CCCCCCCCCCCOC(=O)CCN(CCC(=O)OCCCCCCCCCCC)CC1CCN(C)CC1,0.36584999785076006
CCCCCCCCCCCOC(=O)CCN(CCC(=O)OCCCCCCCCCCC)CC1COC(C)(C)O1,-0.5995238118943046
CCCCCCCCCCCOC(=O)CCN(CCC(=O)OCCCCCCCCCCC)CCC(=O)N1CCN(CCC(=O)OCCCCCCCCCCC)CC1,0.5377529364272329
CCCCCCCCCCCOC(=O)CCN(CCC(=O)OCCCCCCCCCCC)CCC(C)(C)C,0.4111242258233234
CCCCCCCCCCCOC(=O)CCN(CCC(=O)OCCCCCCCCCCC)CCC(C)C,0.5342573204640375
CCCCCCCCCCCOC(=O)CCN(CCC(=O)OCCCCCCCCCCC)CCC(c1ccccc1)c1ccccc1,0.14715316013769528
CCCCCCCCCCCOC(=O)CCN(CCC(=O)OCCCCCCCCCCC)CCC1CCC(C)CC1,0.3886875654728966
CCCCCCCCCCCOC(=O)CCN(CCC(=O)OCCCCCCCCCCC)CCC1CCC(CC)CC1,0.35415956444268826
CCCCCCCCCCCOC(=O)CCN(CCC(=O)OCCCCCCCCCCC)CCC1OCCO1,-0.4480980290157365
CCCCCCCCCCCOC(=O)CCN(CCC(=O)OCCCCCCCCCCC)CCN(C(C)C)C(C)C,0.3090899448169525
CCCCCCCCCCCOC(=O)CCN(CCC(=O)OCCCCCCCCCCC)CCN(C)C,0.5363632675097694
CCCCCCCCCCCOC(=O)CCN(CCC(=O)OCCCCCCCCCCC)CCN(C)CCCN(C)CCN(CCC(=O)OCCCCCCCCCCC)CCC(=O)OCCCCCCCCCCC,0.6181491848590404
CCCCCCCCCCCOC(=O)CCN(CCC(=O)OCCCCCCCCCCC)CCN(C)CCN(C)CCN(CCC(=O)OCCCCCCCCCCC)CCC(=O)OCCCCCCCCCCC,0.6177655814373316
CCCCCCCCCCCOC(=O)CCN(CCC(=O)OCCCCCCCCCCC)CCN(C)CCN(CCC(=O)OCCCCCCCCCCC)CCC(=O)OCCCCCCCCCCC,0.6166352617897625
CCCCCCCCCCCOC(=O)CCN(CCC(=O)OCCCCCCCCCCC)CCN(CC)CCN(CC)CCN(CCC(=O)OCCCCCCCCCCC)CCC(=O)OCCCCCCCCCCC,0.5926764880796098
CCCCCCCCCCCOC(=O)CCN(CCC(=O)OCCCCCCCCCCC)CCN(CCC(=O)OCCCCCCCCCCC)C(C)C,0.5257204169243049
CCCCCCCCCCCOC(=O)CCN(CCC(=O)OCCCCCCCCCCC)CCN(CCC(=O)OCCCCCCCCCCC)CCC(=O)OCCCCCCCCCCC,0.6212962816265187
CCCCCCCCCCCOC(=O)CCN(CCC(=O)OCCCCCCCCCCC)CCN(CCC(=O)OCCCCCCCCCCC)CCN(CC)CC,0.5732711584640385
CCCCCCCCCCCOC(=O)CCN(CCC(=O)OCCCCCCCCCCC)CCN(CCC(=O)OCCCCCCCCCCC)CCN(CCC(=O)OCCCCCCCCCCC)CCC(=O)OCCCCCCCCCCC,0.6229887828104369
CCCCCCCCCCCOC(=O)CCN(CCC(=O)OCCCCCCCCCCC)CCN(CCC(=O)OCCCCCCCCCCC)CCN(CCC(=O)OCCCCCCCCCCC)CCN(CCC(=O)OCCCCCCCCCCC)CCC(=O)OCCCCCCCCCCC,0.6240751429354562
CCCCCCCCCCCOC(=O)CCN(CCC(=O)OCCCCCCCCCCC)CCN(CCC(=O)OCCCCCCCCCCC)CCN(CCC(=O)OCCCCCCCCCCC)CCN(CCC(=O)OCCCCCCCCCCC)CCN(CCC(=O)OCCCCCCCCCCC)CCC(=O)OCCCCCCCCCCC,0.6248311514181157
CCCCCCCCCCCOC(=O)CCN(CCC(=O)OCCCCCCCCCCC)CCN(CCC(=O)OCCCCCCCCCCC)CCN(CCC(=O)OCCCCCCCCCCC)CCN(CCC(=O)OCCCCCCCCCCC)CCN(CCC(=O)OCCCCCCCCCCC)CCN(CCC(=O)OCCCCCCCCCCC)CCC(=O)OCCCCCCCCCCC,0.6253877337740857
CCCCCCCCCCCOC(=O)CCN(CCC(=O)OCCCCCCCCCCC)CCN(CCC(=O)OCCCCCCCCCCC)CCN1CCN(CCN(CCC(=O)OCCCCCCCCCCC)CCC(=O)OCCCCCCCCCCC)CC1,0.6262495905922074
CCCCCCCCCCCOC(=O)CCN(CCC(=O)OCCCCCCCCCCC)CCN(CCC(=O)OCCCCCCCCCCC)Cc1ccccc1,0.4375047939617562
CCCCCCCCCCCOC(=O)CCN(CCC(=O)OCCCCCCCCCCC)CCN(CCC(=O)OCCCCCCCCCCC)c1ccccc1,0.38513071592002474
CCCCCCCCCCCOC(=O)CCN(CCC(=O)OCCCCCCCCCCC)CCN(CCN(CCC(=O)OCCCCCCCCCCC)CCC(=O)OCCCCCCCCCCC)CCN(CCC(=O)OCCCCCCCCCCC)CCC(=O)OCCCCCCCCCCC,0.6234294502194122
CCCCCCCCCCCOC(=O)CCN(CCC(=O)OCCCCCCCCCCC)CCN(CCO)CCO,0.46104896027799525
CCCCCCCCCCCOC(=O)CCN(CCC(=O)OCCCCCCCCCCC)CCN1CCCC1,0.5844206753080518
CCCCCCCCCCCOC(=O)CCN(CCC(=O)OCCCCCCCCCCC)CCN1CCCCC1,0.5750612879100965
CCCCCCCCCCCOC(=O)CCN(CCC(=O)OCCCCCCCCCCC)CCN1CCN(CCC(=O)OCCCCCCCCCCC)CC1,0.5874762790855076
CCCCCCCCCCCOC(=O)CCN(CCC(=O)OCCCCCCCCCCC)CCN1CCN(CCN(CCC(=O)OCCCCCCCCCCC)CCC(=O)OCCCCCCCCCCC)CC1,0.6226732034737579
CCCCCCCCCCCOC(=O)CCN(CCC(=O)OCCCCCCCCCCC)CCN1CCOCC1,-0.11992780350534028
CCCCCCCCCCCOC(=O)CCN(CCC(=O)OCCCCCCCCCCC)CC[C@H](C)O,0.3115473297800883
CCCCCCCCCCCOC(=O)CCN(CCC(=O)OCCCCCCCCCCC)CCc1ccc(OC)c(OC)c1,-0.009027312509624031
CCCCCCCCCCCOC(=O)CCN(CCC(=O)OCCCCCCCCCCC)CCc1ccc(OC)cc1,0.19691331442867435
CCCCCCCCCCCOC(=O)CCN(CCC(=O)OCCCCCCCCCCC)CCc1ccccc1F,0.33063329763393734
CCCCCCCCCCCOC(=O)CCN(CCC(=O)OCCCCCCCCCCC)CN(CC)CCC,0.4612222668238744
CCCCCCCCCCCOC(=O)CCN(CCC(=O)OCCCCCCCCCCC)C[C@@H](C)O,0.4139587215415583
CCCCCCCCCCCOC(=O)CCN(CCC(=O)OCCCCCCCCCCC)C[C@@H]1CCCN1CC,0.34789220527752657
CCCCCCCCCCCOC(=O)CCN(CCC(=O)OCCCCCCCCCCC)C[C@H]1CCCN1CC,0.4980023892471552
CCCCCCCCCCCOC(=O)CCN(CCC(=O)OCCCCCCCCCCC)Cc1cc(C)c(OC)c(OC)c1,-0.16032070771953405
CCCCCCCCCCCOC(=O)CCN(CCC(=O)OCCCCCCCCCCC)Cc1cc(F)ccc1F,0.24032614253684517
CCCCCCCCCCCOC(=O)CCN(CCC(=O)OCCCCCCCCCCC)Cc1cccc(CN(CCC(=O)OCCCCCCCCCCC)CCC(=O)OCCCCCCCCCCC)c1,0.4215238992396689
CCCCCCCCCCCOC(=O)CCN(CCC(=O)OCCCCCCCCCCC)Cc1cccc(F)c1,0.24630979004088902
CCCCCCCCCCCOC(=O)CCN(CCC(=O)OCCCCCCCCCCC)Cc1cccc(N(CCC(=O)OCCCCCCCCCCC)CCC(=O)OCCCCCCCCCCC)c1,0.3772441512247357
CCCCCCCCCCCOC(=O)CCN(CCC(=O)OCCCCCCCCCCC)Cc1ccccc1F,0.2984640704698712
CCCCCCCCCCCOC(=O)CCN(CCC(=O)OCCCCCCCCCCC)Cc1ccccc1N(CCC(=O)OCCCCCCCCCCC)CCC(=O)OCCCCCCCCCCC,0.41585142320689933
CCCCCCCCCCCOC(=O)CCN(CCC(=O)OCCCCCCCCCCC)Cc1ccccc1OC,0.17199017124686564
CCCCCCCCCCCOC(=O)CCN(CCC(=O)OCCCCCCCCCCC)Cc1ccccc1OCC,0.2213971304308537
CCCCCCCCCCCOC(=O)CCN(CCC(=O)OCCCCCCCCCCC)Cc1nccn1C,0.2932748513564065
CCCCCCCCCCCOC(=O)CCN(CCC(=O)OCCCCCCCCCCC)[C@@H](CO)CC(C)C,0.45557504666855897
CCCCCCCCCCCOC(=O)CCN(CCC(=O)OCCCCCCCCCCC)[C@H]1CCCC[C@H]1N(CCC(=O)OCCCCCCCCCCC)CCC(=O)OCCCCCCCCCCC,0.575787692215646
CCCCCCCCCCCOC(=O)CCN(CCC(=O)OCCCCCCCCCCC)[C@@H]1CCCC[C@H]1N(CCC(=O)OCCCCCCCCCCC)CCC(=O)OCCCCCCCCCCC,0.5113801416190071
CCCCCCCCCCCOC(=O)CCN(CCC(=O)OCCCCCCCCCCC)[C@@H](c1ccccc1)[C@@H](c1ccccc1)N(CCC(=O)OCCCCCCCCCCC)CCC(=O)OCCCCCCCCCCC,0.3643625219739105
CCCCCCCCCCCOC(=O)CCN(CCC(=O)OCCCCCCCCCCC)[C@H]1CC[C@H](N(CCC(=O)OCCCCCCCCCCC)CCC(=O)OCCCCCCCCCCC)CC1,0.3178129913214117
CCCCCCCCCCCOC(=O)CCN(CCC(=O)OCCCCCCCCCCC)c1c(-c2ccccc2)cc(-c2ccccc2)cc1-c1ccccc1,-0.21760815589244245
CCCCCCCCCCCOC(=O)CCN(CCC(=O)OCCCCCCCCCCC)c1c(C)c(C)c(N(CCC(=O)OCCCCCCCCCCC)CCC(=O)OCCCCCCCCCCC)c(C)c1C,0.05858216419546819
CCCCCCCCCCCOC(=O)CCN(CCC(=O)OCCCCCCCCCCC)c1c(C)cc(-c2cc(C)c(N(CCC(=O)OCCCCCCCCCCC)CCC(=O)OCCCCCCCCCCC)c(C)c2)cc1C,-0.010047971613813404
CCCCCCCCCCCOC(=O)CCN(CCC(=O)OCCCCCCCCCCC)c1c(CC)cccc1CC,0.09187295856490203
CCCCCCCCCCCOC(=O)CCN(CCC(=O)OCCCCCCCCCCC)c1c(F)cc(F)cc1F,0.10987506805517765
CCCCCCCCCCCOC(=O)CCN(CCC(=O)OCCCCCCCCCCC)c1c(N(CCC(=O)OCCCCCCCCCCC)CCC(=O)OCCCCCCCCCCC)c2ccccc2c2ccccc12,0.15670128161044622
CCCCCCCCCCCOC(=O)CCN(CCC(=O)OCCCCCCCCCCC)c1cc(C(C)(C)C)ccc1C(C)(C)C,-0.23570789364485792
CCCCCCCCCCCOC(=O)CCN(CCC(=O)OCCCCCCCCCCC)c1cc(C(C)(C)C)ccc1OC,-0.16848145355614685
CCCCCCCCCCCOC(=O)CCN(CCC(=O)OCCCCCCCCCCC)c1cc(C)c(C)cc1N(CCC(=O)OCCCCCCCCCCC)CCC(=O)OCCCCCCCCCCC,0.20527539249593557
CCCCCCCCCCCOC(=O)CCN(CCC(=O)OCCCCCCCCCCC)c1cc(F)c(F)c(F)c1,0.08359114534403096
CCCCCCCCCCCOC(=O)CCN(CCC(=O)OCCCCCCCCCCC)c1cc(F)cc(F)c1,0.08005407161973162
CCCCCCCCCCCOC(=O)CCN(CCC(=O)OCCCCCCCCCCC)c1cc(F)ccc1F,0.1492158028841131
CCCCCCCCCCCOC(=O)CCN(CCC(=O)OCCCCCCCCCCC)c1cc(OC)ccc1OC,-0.06654590277826698
CCCCCCCCCCCOC(=O)CCN(CCC(=O)OCCCCCCCCCCC)c1ccc(-c2ccc(N(CCC(=O)OCCCCCCCCCCC)CCC(=O)OCCCCCCCCCCC)c(C)c2)cc1C,0.10488113524886701
CCCCCCCCCCCOC(=O)CCN(CCC(=O)OCCCCCCCCCCC)c1ccc(-c2ccc(N(CCC(=O)OCCCCCCCCCCC)CCC(=O)OCCCCCCCCCCC)c(N(CCC(=O)OCCCCCCCCCCC)CCC(=O)OCCCCCCCCCCC)c2)cc1N(CCC(=O)OCCCCCCCCCCC)CCC(=O)OCCCCCCCCCCC,0.31032393865015584
CCCCCCCCCCCOC(=O)CCN(CCC(=O)OCCCCCCCCCCC)c1ccc(-c2ccccc2)cc1,0.033839475449384114
CCCCCCCCCCCOC(=O)CCN(CCC(=O)OCCCCCCCCCCC)c1ccc(C(C)(C)C)cc1,-0.028128172731365985
CCCCCCCCCCCOC(=O)CCN(CCC(=O)OCCCCCCCCCCC)c1ccc(C(C)C)cc1,0.09933455142600142
CCCCCCCCCCCOC(=O)CCN(CCC(=O)OCCCCCCCCCCC)c1ccc(C)c(F)c1,0.09865064728215839
CCCCCCCCCCCOC(=O)CCN(CCC(=O)OCCCCCCCCCCC)c1ccc(C)c(N(CCC(=O)OCCCCCCCCCCC)CCC(=O)OCCCCCCCCCCC)c1,0.28010933174721736
CCCCCCCCCCCOC(=O)CCN(CCC(=O)OCCCCCCCCCCC)c1ccc(C)cc1N(CCC(=O)OCCCCCCCCCCC)CCC(=O)OCCCCCCCCCCC,0.2843043687317954
CCCCCCCCCCCOC(=O)CCN(CCC(=O)OCCCCCCCCCCC)c1ccc(C2(c3ccc(N(CCC(=O)OCCCCCCCCCCC)CCC(=O)OCCCCCCCCCCC)cc3)c3ccccc3-c3ccccc32)cc1,0.14232571359903617
CCCCCCCCCCCOC(=O)CCN(CCC(=O)OCCCCCCCCCCC)c1ccc(Cc2ccc(N(CCC(=O)OCCCCCCCCCCC)CCC(=O)OCCCCCCCCCCC)cc2)cc1,0.21714577403086796
CCCCCCCCCCCOC(=O)CCN(CCC(=O)OCCCCCCCCCCC)c1ccc(F)c(F)c1,0.1519615754196407
CCCCCCCCCCCOC(=O)CCN(CCC(=O)OCCCCCCCCCCC)c1ccc(F)cc1,0.19693285199425206
CCCCCCCCCCCOC(=O)CCN(CCC(=O)OCCCCCCCCCCC)c1ccc(F)cc1C(F)(F)F,0.17976198252725994
CCCCCCCCCCCOC(=O)CCN(CCC(=O)OCCCCCCCCCCC)c1ccc(N(CCC(=O)OCCCCCCCCCCC)CCC(=O)OCCCCCCCCCCC)cc1,0.3522982539269188
CCCCCCCCCCCOC(=O)CCN(CCC(=O)OCCCCCCCCCCC)c1ccc(N(CCC(=O)OCCCCCCCCCCC)c2ccccc2)cc1,0.13803066572236977
CCCCCCCCCCCOC(=O)CCN(CCC(=O)OCCCCCCCCCCC)c1ccc(OC(F)(F)F)cc1,0.19279401529358428
CCCCCCCCCCCOC(=O)CCN(CCC(=O)OCCCCCCCCCCC)c1ccc(OC(F)F)cc1,0.20614904333230238
CCCCCCCCCCCOC(=O)CCN(CCC(=O)OCCCCCCCCCCC)c1ccc(OC)c(F)c1,0.026424969312641988
CCCCCCCCCCCOC(=O)CCN(CCC(=O)OCCCCCCCCCCC)c1ccc(OCCCCCCCC)cc1,0.27520409234073967
CCCCCCCCCCCOC(=O)CCN(CCC(=O)OCCCCCCCCCCC)c1ccc(Oc2ccc(F)cc2)cc1,-0.012369070143894951
CCCCCCCCCCCOC(=O)CCN(CCC(=O)OCCCCCCCCCCC)c1ccc(Oc2ccc(N(CCC(=O)OCCCCCCCCCCC)CCC(=O)OCCCCCCCCCCC)cc2)cc1,0.18593898045162469
CCCCCCCCCCCOC(=O)CCN(CCC(=O)OCCCCCCCCCCC)c1ccc(Oc2ccccc2)cc1,0.00815666142208485
CCCCCCCCCCCOC(=O)CCN(CCC(=O)OCCCCCCCCCCC)c1ccc2c(c1)CCCC2,0.18273878081916914
CCCCCCCCCCCOC(=O)CCN(CCC(=O)OCCCCCCCCCCC)c1ccc2c(c1)Cc1cc(N(CCC(=O)OCCCCCCCCCCC)CCC(=O)OCCCCCCCCCCC)ccc1-2,0.19172090854765353
CCCCCCCCCCCOC(=O)CCN(CCC(=O)OCCCCCCCCCCC)c1ccc2c(c1)OCCO2,-0.22388891735106445
CCCCCCCCCCCOC(=O)CCN(CCC(=O)OCCCCCCCCCCC)c1ccc2c(c1)OCO2,-0.3387285536670342
CCCCCCCCCCCOC(=O)CCN(CCC(=O)OCCCCCCCCCCC)c1ccc2cc3ccccc3cc2c1,-0.08485623523525564
CCCCCCCCCCCOC(=O)CCN(CCC(=O)OCCCCCCCCCCC)c1ccc2ccccc2c1-c1c(N(CCC(=O)OCCCCCCCCCCC)CCC(=O)OCCCCCCCCCCC)ccc2ccccc12,0.050916469296405274
CCCCCCCCCCCOC(=O)CCN(CCC(=O)OCCCCCCCCCCC)c1cccc(-c2ccccc2)c1,0.010366163521953452
CCCCCCCCCCCOC(=O)CCN(CCC(=O)OCCCCCCCCCCC)c1cccc(C(F)(F)F)c1,0.1934006328784728
CCCCCCCCCCCOC(=O)CCN(CCC(=O)OCCCCCCCCCCC)c1cccc(C)c1N(CCC(=O)OCCCCCCCCCCC)CCC(=O)OCCCCCCCCCCC,0.2923102436217556
CCCCCCCCCCCOC(=O)CCN(CCC(=O)OCCCCCCCCCCC)c1cccc(F)c1,0.16916258515548135
CCCCCCCCCCCOC(=O)CCN(CCC(=O)OCCCCCCCCCCC)c1cccc(N(CCC(=O)OCCCCCCCCCCC)CCC(=O)OCCCCCCCCCCC)c1,0.3292657276092461
CCCCCCCCCCCOC(=O)CCN(CCC(=O)OCCCCCCCCCCC)c1cccc(N(CCC(=O)OCCCCCCCCCCC)CCC(=O)OCCCCCCCCCCC)c1C,0.2876785599162403
CCCCCCCCCCCOC(=O)CCN(CCC(=O)OCCCCCCCCCCC)c1cccc(OC(C)C)c1,0.06684983427387932
CCCCCCCCCCCOC(=O)CCN(CCC(=O)OCCCCCCCCCCC)c1cccc(OCc2ccccc2)c1,-0.009953798165098879
CCCCCCCCCCCOC(=O)CCN(CCC(=O)OCCCCCCCCCCC)c1cccc2c1CCC2,0.22875400670571647
CCCCCCCCCCCOC(=O)CCN(CCC(=O)OCCCCCCCCCCC)c1cccc2cccc(N(CCC(=O)OCCCCCCCCCCC)CCC(=O)OCCCCCCCCCCC)c12,0.2229839619765558
CCCCCCCCCCCOC(=O)CCN(CCC(=O)OCCCCCCCCCCC)c1ccccc1C(C)(C)C,-0.04051084948810058
CCCCCCCCCCCOC(=O)CCN(CCC(=O)OCCCCCCCCCCC)c1ccccc1C(C)C,0.10279210487576952
CCCCCCCCCCCOC(=O)CCN(CCC(=O)OCCCCCCCCCCC)c1ccccc1Cc1ccccc1,0.07300920073662516
CCCCCCCCCCCOC(=O)CCN(CCC(=O)OCCCCCCCCCCC)c1ccccc1N(CCC(=O)OCCCCCCCCCCC)c1ccccc1,0.13251988091448041
CCCCCCCCCCCOC(=O)CCN(CCC(=O)OCCCCCCCCCCC)c1ccccc1OC,0.0771303464099253
CCCCCCCCCCCOC(=O)CCN(CCC(=O)OCCCCCCCCCCC)c1ccccc1OCC,0.132068759716606
CCCCCCCCCCCOC(=O)CCN(CCC(=O)OCCCCCCCCCCC)c1ccccc1Oc1ccccc1,0.0010705412579949554
CCCCCCCCCCCOC(=O)CCN(CCC(=O)OCCCCCCCCCCC)c1nc(N(CCC(=O)OCCCCCCCCCCC)CCC(=O)OCCCCCCCCCCC)nc(N(CCC(=O)OCCCCCCCCCCC)CCC(=O)OCCCCCCCCCCC)n1,0.5679084541074485
CCCCCCCCCCCOC(=O)CCN(CCC)CCC(=O)OCCCCCCCCCCC,0.4787179781014704
CCCCCCCCCCCOC(=O)CCN(CCC)CCCN(CCC(=O)OCCCCCCCCCCC)CCC(=O)OCCCCCCCCCCC,0.5783469941748289
CCCCCCCCCCCOC(=O)CCN(CCCC)CCC(=O)OCCCCCCCCCCC,0.5643814469946816
CCCCCCCCCCCOC(=O)CCN(CCCCC)CCC(=O)OCCCCCCCCCCC,0.5869021843994162
CCCCCCCCCCCOC(=O)CCN(CCCCCC)CCC(=O)OCCCCCCCCCCC,0.6172111434483153
CCCCCCCCCCCOC(=O)CCN(CCCCCCCCN(CCC(=O)OCCCCCCCCCCC)CCC(=O)OCCCCCCCCCCC)CCC(=O)OCCCCCCCCCCC,0.6175532891089202
CCCCCCCCCCCOC(=O)CCN(CCCCCCN(CCC(=O)OCCCCCCCCCCC)CCC(=O)OCCCCCCCCCCC)CCCCCCN(CCC(=O)OCCCCCCCCCCC)CCC(=O)OCCCCCCCCCCC,0.6193237618579029
CCCCCCCCCCCOC(=O)CCN(CCCCCCO)CCC(=O)OCCCCCCCCCCC,0.5853226198750571
CCCCCCCCCCCOC(=O)CCN(CCCCCO)CCC(=O)OCCCCCCCCCCC,0.5858239847819705
CCCCCCCCCCCOC(=O)CCN(CCCCN(C)Cc1ccccc1)CCC(=O)OCCCCCCCCCCC,0.3517710374850641
CCCCCCCCCCCOC(=O)CCN(CCCCN1CCN(C)CC1)CCC(=O)OCCCCCCCCCCC,0.5364609553376579
CCCCCCCCCCCOC(=O)CCN(CCCCO)CCC(=O)OCCCCCCCCCCC,0.5525229786094917
CCCCCCCCCCCOC(=O)CCN(CCCCc1ccccc1)CCC(=O)OCCCCCCCCCCC,0.37646369100222965
CCCCCCCCCCCOC(=O)CCN(CCCN(C)C)CCC(=O)OCCCCCCCCCCC,0.5457233101309604
CCCCCCCCCCCOC(=O)CCN(CCCN(C)C)CCCN(CCC(=O)OCCCCCCCCCCC)CCC(=O)OCCCCCCCCCCC,0.5796075245490837
CCCCCCCCCCCOC(=O)CCN(CCCN(C)CCCN(CCC(=O)OCCCCCCCCCCC)CCC(=O)OCCCCCCCCCCC)CCC(=O)OCCCCCCCCCCC,0.6219749142016007
CCCCCCCCCCCOC(=O)CCN(CCCN(CC)CC)CCC(=O)OCCCCCCCCCCC,0.5579132023419869
CCCCCCCCCCCOC(=O)CCN(CCCN(CCC(=O)OCCCCCCCCCCC)CCC(=O)OCCCCCCCCCCC)CCC(=O)OCCCCCCCCCCC,0.6206526141459311
CCCCCCCCCCCOC(=O)CCN(CCCN(CCC(=O)OCCCCCCCCCCC)CCC(=O)OCCCCCCCCCCC)CCCN(CCC(=O)OCCCCCCCCCCC)CCC(=O)OCCCCCCCCCCC,0.6220364456200208
CCCCCCCCCCCOC(=O)CCN(CCCN(CCC(=O)OCCCCCCCCCCC)CCN(CCC(=O)OCCCCCCCCCCC)CCC(=O)OCCCCCCCCCCC)CCC(=O)OCCCCCCCCCCC,0.6225696186367468
CCCCCCCCCCCOC(=O)CCN(CCCN(CCC(=O)OCCCCCCCCCCC)CCN(CCC(=O)OCCCCCCCCCCC)CCC(=O)OCCCCCCCCCCC)CCN(CCC(=O)OCCCCCCCCCCC)CCC(=O)OCCCCCCCCCCC,0.62380662054026
CCCCCCCCCCCOC(=O)CCN(CCCN(CCCN(CCC(=O)OCCCCCCCCCCC)CCC(=O)OCCCCCCCCCCC)CCC(=O)OCCCCCCCCCCC)CCCN(CCC(=O)OCCCCCCCCCCC)CCC(=O)OCCCCCCCCCCC,0.6229224861321198
CCCCCCCCCCCOC(=O)CCN(CCCN1CCN(C(C)C)CC1)CCC(=O)OCCCCCCCCCCC,0.47547319350610345
CCCCCCCCCCCOC(=O)CCN(CCCN1CCN(CCCN(CCC(=O)OCCCCCCCCCCC)CCC(=O)OCCCCCCCCCCC)CC1)CCC(=O)OCCCCCCCCCCC,0.6238588001361323
CCCCCCCCCCCOC(=O)CCN(CCCN1CCOCC1)CCC(=O)OCCCCCCCCCCC,-0.08848173431351875
CCCCCCCCCCCOC(=O)CCN(CCCO)CCC(=O)OCCCCCCCCCCC,0.5262040908038508
CCCCCCCCCCCOC(=O)CCN(CCCOC(C)C)CCC(=O)OCCCCCCCCCCC,0.48024089559880384
CCCCCCCCCCCOC(=O)CCN(CCCOC)CCC(=O)OCCCCCCCCCCC,0.47757920011758404
CCCCCCCCCCCOC(=O)CCN(CCCOCCCCOCCCN(CCC(=O)OCCCCCCCCCCC)CCC(=O)OCCCCCCCCCCC)CCC(=O)OCCCCCCCCCCC,0.5077906500358408
CCCCCCCCCCCOC(=O)CCN(CCCOCCOCCOCCCN(CCC(=O)OCCCCCCCCCCC)CCC(=O)OCCCCCCCCCCC)CCC(=O)OCCCCCCCCCCC,0.44762465727352446
CCCCCCCCCCCOC(=O)CCN(CCCc1ccccc1)CCC(=O)OCCCCCCCCCCC,0.3669529768196702
CCCCCCCCCCCOC(=O)CCN(CCCn1ccnc1)CCC(=O)OCCCCCCCCCCC,0.26622014785691955
CCCCCCCCCCCOC(=O)CCN(CCN(CCC(=O)OCCCCCCCCCCC)C(C)(C)C)C(C)(C)C,0.044306398596026
CCCCCCCCCCCOC(=O)CCN(CCN(CCC(=O)OCCCCCCCCCCC)C(C)C)C(C)C,0.3521956221418871
CCCCCCCCCCCOC(=O)CCN(CCO)CCC(=O)OCCCCCCCCCCC,0.4579341779291935
CCCCCCCCCCCOC(=O)CCN(CCO)CCN(CCC(=O)OCCCCCCCCCCC)CCC(=O)OCCCCCCCCCCC,0.5734187028235995
CCCCCCCCCCCOC(=O)CCN(CCO)CCN(CCO)CCC(=O)OCCCCCCCCCCC,0.5012015464790083
CCCCCCCCCCCOC(=O)CCN(CCOC)CCC(=O)OCCCCCCCCCCC,0.375550011982728
CCCCCCCCCCCOC(=O)CCN(CCOCC)CCC(=O)OCCCCCCCCCCC,0.42655982589882185
CCCCCCCCCCCOC(=O)CCN(CCOCCN1CCCC1)CCC(=O)OCCCCCCCCCCC,0.320637986302727
CCCCCCCCCCCOC(=O)CCN(CCOCCO)CCC(=O)OCCCCCCCCCCC,0.4356892895067467
CCCCCCCCCCCOC(=O)CCN(CCOCCOCCN(CCC(=O)OCCCCCCCCCCC)CCC(=O)OCCCCCCCCCCC)CCC(=O)OCCCCCCCCCCC,0.4328805261919556
CCCCCCCCCCCOC(=O)CCN(CCOCCOCCOCCN(CCC(=O)OCCCCCCCCCCC)CCC(=O)OCCCCCCCCCCC)CCC(=O)OCCCCCCCCCCC,0.37945678052641174
CCCCCCCCCCCOC(=O)CCN(c1ccccc1)c1ccc(-c2ccc(N(CCC(=O)OCCCCCCCCCCC)c3ccccc3)cc2)cc1,-0.17645659251977142
CCCCCCCCCCCOC(=O)CCN1C(C)N(CCC(=O)OCCCCCCCCCCC)C(C)N(CCC(=O)OCCCCCCCCCCC)C1C,0.489983648155473
CCCCCCCCCCCOC(=O)CCN1CCC(N(CCC(=O)OCCCCCCCCCCC)CCC(=O)OCCCCCCCCCCC)CC1,0.4695191203962954
CCCCCCCCCCCOC(=O)CCN1CCCCN(C)CCN(CCC(=O)OCCCCCCCCCCC)CCCN(C)CC1,0.3455411451758426
CCCCCCCCCCCOC(=O)CCN1CCCN(CCC(=O)OCCCCCCCCCCC)CCCN(CCC(=O)OCCCCCCCCCCC)CCC1,0.48232542875787354
CCCCCCCCCCCOC(=O)CCN1CCCN(CCC(=O)OCCCCCCCCCCC)CCCN(CCC(=O)OCCCCCCCCCCC)CCN(CCC(=O)OCCCCCCCCCCC)CCC1,0.4925150733442586
CCCCCCCCCCCOC(=O)CCN1CCCN(CCC(=O)OCCCCCCCCCCC)CCN(CCC(=O)OCCCCCCCCCCC)CCCN(CCC(=O)OCCCCCCCCCCC)CC1,0.5028237005136968
CCCCCCCCCCCOC(=O)CCN1CCCN(CCC(=O)OCCCCCCCCCCC)CCN(CCC(=O)OCCCCCCCCCCC)CCN(CCC(=O)OCCCCCCCCCCC)CC1,0.5116969122706604
CCCCCCCCCCCOC(=O)CCN1CCN(CCC(=O)OCCCCCCCCCCC)C(c2ccccc2)C1,0.33466831123459917
CCCCCCCCCCCOC(=O)CCN1CCN(CCC(=O)OCCCCCCCCCCC)C2C1N(CCC(=O)OCCCCCCCCCCC)CCN2CCC(=O)OCCCCCCCCCCC,0.6596640099502349
CCCCCCCCCCCOC(=O)CCN1CCN(CCC(=O)OCCCCCCCCCCC)CC1,0.5211955643891056
CCCCCCCCCCCOC(=O)CCN1CCN(CCC(=O)OCCCCCCCCCCC)CCN(CCC(=O)OCCCCCCCCCCC)CCN(CCC(=O)OCCCCCCCCCCC)CC1,0.5211955643891056
CCCCCCCCCCCOC(=O)CCN1CCN(CCC(=O)OCCCCCCCCCCC)[C@H](C)C1,0.3414473103983272
CCCCCCCCCCCOC(=O)CCN1CCOCCN(CCC(=O)OCCCCCCCCCCC)CCN(CCC(=O)OCCCCCCCCCCC)CC1,-0.005349544486865674
CCCCCCCCCCCOC(=O)CCN1CC[C@@H](N(CCC(=O)OCCCCCCCCCCC)CCC(=O)OCCCCCCCCCCC)C1,0.55733195976605
CCCCCCCCCCOC(=O)CCN(C)CCCCCCN(C)CCC(=O)OCCCCCCCCCC,0.5665474958808644
CCCCCCCCCCOC(=O)CCN(C)CCCN(CC)CCCN(C)CCC(=O)OCCCCCCCCCC,0.5690552139016624
CCCCCCCCCCOC(=O)CCN(C)CCN(CCN(C)CCC(=O)OCCCCCCCCCC)CCN(C)CCC(=O)OCCCCCCCCCC,0.5996884488865526
CCCCCCCCCCOC(=O)CCN(C)CCOCCN(C)CCC(=O)OCCCCCCCCCC,0.2721494416152632
CCCCCCCCCCOC(=O)CCN(C)CCOCCOCCN(C)CCC(=O)OCCCCCCCCCC,0.18295172837081647
CCCCCCCCCCOC(=O)CCN(C)c1ccc(Cc2ccc(N(CCC(=O)OCCCCCCCCCC)CCC(=O)OCCCCCCCCCC)cc2)cc1,0.07581185856217323
CCCCCCCCCCOC(=O)CCN(C)c1ccccc1N(CCC(=O)OCCCCCCCCCC)CCC(=O)OCCCCCCCCCC,0.2111391043649467
CCCCCCCCCCOC(=O)CCN(CC)CCN(CCC(=O)OCCCCCCCCCC)CCC(=O)OCCCCCCCCCC,0.5904764867166609
CCCCCCCCCCOC(=O)CCN(CCC(=O)OCCCCCCCCCC)C(=O)C1CCCN1C,0.4870373177440303
CCCCCCCCCCOC(=O)CCN(CCC(=O)OCCCCCCCCCC)C(C)(C)C,0.1864585724776442
CCCCCCCCCCOC(=O)CCN(CCC(=O)OCCCCCCCCCC)C(C)(C)CC,0.21448276810317643
CCCCCCCCCCOC(=O)CCN(CCC(=O)OCCCCCCCCCC)C(C)(C)CC(C)(C)C,0.03013776199564332
CCCCCCCCCCOC(=O)CCN(CCC(=O)OCCCCCCCCCC)C(C)C,0.39511965371612284
CCCCCCCCCCOC(=O)CCN(CCC(=O)OCCCCCCCCCC)C(C)C(C)C,0.28289945098266145
CCCCCCCCCCOC(=O)CCN(CCC(=O)OCCCCCCCCCC)C(C)CC,0.40948190878269564
CCCCCCCCCCOC(=O)CCN(CCC(=O)OCCCCCCCCCC)C(C)CCC,0.4630512033552186
CCCCCCCCCCOC(=O)CCN(CCC(=O)OCCCCCCCCCC)C(C)CO,0.3980424258739497
CCCCCCCCCCOC(=O)CCN(CCC(=O)OCCCCCCCCCC)C(C)c1ccc(C)cc1,0.11689959723509878
CCCCCCCCCCOC(=O)CCN(CCC(=O)OCCCCCCCCCC)C(CC)CC,0.3819974979719964
CCCCCCCCCCOC(=O)CCN(CCC(=O)OCCCCCCCCCC)C(CO)(CO)CO,0.04193714115811037
CCCCCCCCCCOC(=O)CCN(CCC(=O)OCCCCCCCCCC)C(CO)C(C)(C)C,0.10112688480476174
CCCCCCCCCCOC(=O)CCN(CCC(=O)OCCCCCCCCCC)C(c1ccccc1)(c1ccccc1)c1ccccc1,0.0972178229797526
CCCCCCCCCCOC(=O)CCN(CCC(=O)OCCCCCCCCCC)C(c1ccccc1)c1ccccc1,0.1395287145196158
CCCCCCCCCCOC(=O)CCN(CCC(=O)OCCCCCCCCCC)C12C[C@H]3C[C@@H](C1)C[C@@H](C2)C3,0.336348333394162
CCCCCCCCCCOC(=O)CCN(CCC(=O)OCCCCCCCCCC)C1CC1,0.4584906709365404
CCCCCCCCCCOC(=O)CCN(CCC(=O)OCCCCCCCCCC)C1CC2CCC1C2,0.3126783939995164
CCCCCCCCCCOC(=O)CCN(CCC(=O)OCCCCCCCCCC)C1CCC(CC2CCC(N(CCC(=O)OCCCCCCCCCC)CCC(=O)OCCCCCCCCCC)C(C)C2)CC1C,0.31213664351497583
CCCCCCCCCCOC(=O)CCN(CCC(=O)OCCCCCCCCCC)C1CCC1,0.46721380678962265
CCCCCCCCCCOC(=O)CCN(CCC(=O)OCCCCCCCCCC)C1CCCC(N(CCC(=O)OCCCCCCCCCC)CCC(=O)OCCCCCCCCCC)C1,0.4910221769842762
CCCCCCCCCCOC(=O)CCN(CCC(=O)OCCCCCCCCCC)C1CCCCC1,0.4628221730514189
CCCCCCCCCCOC(=O)CCN(CCC(=O)OCCCCCCCCCC)C1CCCCCCC1,0.4408226657307934
CCCCCCCCCCOC(=O)CCN(CCC(=O)OCCCCCCCCCC)C1CCN(C)CC1,0.35602555086973164
CCCCCCCCCCOC(=O)CCN(CCC(=O)OCCCCCCCCCC)C1CCc2ccccc21,0.2611687341031013
CCCCCCCCCCOC(=O)CCN(CCC(=O)OCCCCCCCCCC)C1Cc2ccccc2C1,0.2755587468085741
CCCCCCCCCCOC(=O)CCN(CCC(=O)OCCCCCCCCCC)CC(=O)N(C)c1ccccc1,0.20656248919411613
CCCCCCCCCCOC(=O)CCN(CCC(=O)OCCCCCCCCCC)CC(C)(C)CN(C)C,0.2516812803454141
CCCCCCCCCCOC(=O)CCN(CCC(=O)OCCCCCCCCCC)CC(C)C,0.4487305251812471
CCCCCCCCCCOC(=O)CCN(CCC(=O)OCCCCCCCCCC)CC(C)CC,0.4746622058373822
CCCCCCCCCCOC(=O)CCN(CCC(=O)OCCCCCCCCCC)CC(C)N(CCC(=O)OCCCCCCCCCC)CCC(=O)OCCCCCCCCCC,0.5582897770053475
CCCCCCCCCCOC(=O)CCN(CCC(=O)OCCCCCCCCCC)CC(CC)CCCC,0.5640009409919059
CCCCCCCCCCOC(=O)CCN(CCC(=O)OCCCCCCCCCC)CC1(C)CC(N(CCC(=O)OCCCCCCCCCC)CCC(=O)OCCCCCCCCCC)CC(C)(C)C1,0.32771582682774586
CCCCCCCCCCOC(=O)CCN(CCC(=O)OCCCCCCCCCC)CC12C[C@H]3C[C@@H](C1)C[C@@H](C2)C3,0.3555963200845091
CCCCCCCCCCOC(=O)CCN(CCC(=O)OCCCCCCCCCC)CC1CCC(CN(CCC(=O)OCCCCCCCCCC)CCC(=O)OCCCCCCCCCC)CC1,0.46392848770225686
CCCCCCCCCCOC(=O)CCN(CCC(=O)OCCCCCCCCCC)CC1CCCC(CN(CCC(=O)OCCCCCCCCCC)CCC(=O)OCCCCCCCCCC)C1,0.5101334900642024
CCCCCCCCCCOC(=O)CCN(CCC(=O)OCCCCCCCCCC)CC1CCCCC1,0.4698677587235099
CCCCCCCCCCOC(=O)CCN(CCC(=O)OCCCCCCCCCC)CC1CCCN1C,0.472748834857238
CCCCCCCCCCOC(=O)CCN(CCC(=O)OCCCCCCCCCC)CC1CCCN1CCC(=O)OCCCCCCCCCC,0.5399631830989604
CCCCCCCCCCOC(=O)CCN(CCC(=O)OCCCCCCCCCC)CC1CCN(C)CC1,0.35310808006354016
CCCCCCCCCCOC(=O)CCN(CCC(=O)OCCCCCCCCCC)CCC(=O)N1CCN(CCC(=O)OCCCCCCCCCC)CC1,0.5351387148477369
CCCCCCCCCCOC(=O)CCN(CCC(=O)OCCCCCCCCCC)CCC(C)(C)C,0.4000532166361133
CCCCCCCCCCOC(=O)CCN(CCC(=O)OCCCCCCCCCC)CCC(c1ccccc1)c1ccccc1,0.1296714170281724
CCCCCCCCCCOC(=O)CCN(CCC(=O)OCCCCCCCCCC)CCC1CCC(C)CC1,0.37723065958265234
CCCCCCCCCCOC(=O)CCN(CCC(=O)OCCCCCCCCCC)CCC1CCC(CC)CC1,0.34102814622463706
CCCCCCCCCCOC(=O)CCN(CCC(=O)OCCCCCCCCCC)CCN(C(C)C)C(C)C,0.29367840930393396
CCCCCCCCCCOC(=O)CCN(CCC(=O)OCCCCCCCCCC)CCN(C)C,0.5335863123047907
CCCCCCCCCCOC(=O)CCN(CCC(=O)OCCCCCCCCCC)CCN(C)CCCN(C)CCN(CCC(=O)OCCCCCCCCCC)CCC(=O)OCCCCCCCCCC,0.6211873954378723
CCCCCCCCCCOC(=O)CCN(CCC(=O)OCCCCCCCCCC)CCN(C)CCN(C)CCN(CCC(=O)OCCCCCCCCCC)CCC(=O)OCCCCCCCCCC,0.6208253548171974
CCCCCCCCCCOC(=O)CCN(CCC(=O)OCCCCCCCCCC)CCN(C)CCN(CCC(=O)OCCCCCCCCCC)CCC(=O)OCCCCCCCCCC,0.6198126179575868
CCCCCCCCCCOC(=O)CCN(CCC(=O)OCCCCCCCCCC)CCN(CC)CCN(CC)CCN(CCC(=O)OCCCCCCCCCC)CCC(=O)OCCCCCCCCCC,0.594477756320677
CCCCCCCCCCOC(=O)CCN(CCC(=O)OCCCCCCCCCC)CCN(CCC(=O)OCCCCCCCCCC)C(C)C,0.5222224778969098
CCCCCCCCCCOC(=O)CCN(CCC(=O)OCCCCCCCCCC)CCN(CCC(=O)OCCCCCCCCCC)CCN(CC)CC,0.5729719597082554
CCCCCCCCCCOC(=O)CCN(CCC(=O)OCCCCCCCCCC)CCN(CCC(=O)OCCCCCCCCCC)CCN(CCC(=O)OCCCCCCCCCC)CCC(=O)OCCCCCCCCCC,0.6266747113407688
CCCCCCCCCCOC(=O)CCN(CCC(=O)OCCCCCCCCCC)CCN(CCC(=O)OCCCCCCCCCC)CCN(CCC(=O)OCCCCCCCCCC)CCN(CCC(=O)OCCCCCCCCCC)CCN(CCC(=O)OCCCCCCCCCC)CCC(=O)OCCCCCCCCCC,0.628735626680474
CCCCCCCCCCOC(=O)CCN(CCC(=O)OCCCCCCCCCC)CCN(CCC(=O)OCCCCCCCCCC)CCN(CCC(=O)OCCCCCCCCCC)CCN(CCC(=O)OCCCCCCCCCC)CCN(CCC(=O)OCCCCCCCCCC)CCN(CCC(=O)OCCCCCCCCCC)CCC(=O)OCCCCCCCCCC,0.629358505714761
CCCCCCCCCCOC(=O)CCN(CCC(=O)OCCCCCCCCCC)CCN(CCC(=O)OCCCCCCCCCC)CCN1CCN(CCN(CCC(=O)OCCCCCCCCCC)CCC(=O)OCCCCCCCCCC)CC1,0.6300922366074021
CCCCCCCCCCOC(=O)CCN(CCC(=O)OCCCCCCCCCC)CCN(CCC(=O)OCCCCCCCCCC)Cc1ccccc1,0.4287010358677915
CCCCCCCCCCOC(=O)CCN(CCC(=O)OCCCCCCCCCC)CCN(CCC(=O)OCCCCCCCCCC)c1ccccc1,0.37283703039186666
CCCCCCCCCCOC(=O)CCN(CCC(=O)OCCCCCCCCCC)CCN(CCN(CCC(=O)OCCCCCCCCCC)CCC(=O)OCCCCCCCCCC)CCN(CCC(=O)OCCCCCCCCCC)CCC(=O)OCCCCCCCCCC,0.6271708940275443
CCCCCCCCCCOC(=O)CCN(CCC(=O)OCCCCCCCCCC)CCN1CCN(CCC(=O)OCCCCCCCCCC)CC1,0.5882633213232464
CCCCCCCCCCOC(=O)CCN(CCC(=O)OCCCCCCCCCC)CCN1CCN(CCN(CCC(=O)OCCCCCCCCCC)CCC(=O)OCCCCCCCCCC)CC1,0.6260352134625911
CCCCCCCCCCOC(=O)CCN(CCC(=O)OCCCCCCCCCC)CC[C@H](C)O,0.29432439984872144
CCCCCCCCCCOC(=O)CCN(CCC(=O)OCCCCCCCCCC)CCc1ccc(OC)cc1,0.17790770076983858
CCCCCCCCCCOC(=O)CCN(CCC(=O)OCCCCCCCCCC)CCc1ccccc1F,0.3167039664290073
CCCCCCCCCCOC(=O)CCN(CCC(=O)OCCCCCCCCCC)CN(CC)CCC,0.45315107809045085
CCCCCCCCCCOC(=O)CCN(CCC(=O)OCCCCCCCCCC)C[C@@H](C)O,0.40236049591249357
CCCCCCCCCCOC(=O)CCN(CCC(=O)OCCCCCCCCCC)C[C@@H]1CCCN1CC,0.3343884713471476
CCCCCCCCCCOC(=O)CCN(CCC(=O)OCCCCCCCCCC)C[C@H]1CCCN1CC,0.4934109422048952
CCCCCCCCCCOC(=O)CCN(CCC(=O)OCCCCCCCCCC)Cc1cc(C)c(OC)c(OC)c1,-0.18782233303161117
CCCCCCCCCCOC(=O)CCN(CCC(=O)OCCCCCCCCCC)Cc1cc(F)ccc1F,0.22269107719013623
CCCCCCCCCCOC(=O)CCN(CCC(=O)OCCCCCCCCCC)Cc1cccc(CN(CCC(=O)OCCCCCCCCCC)CCC(=O)OCCCCCCCCCC)c1,0.4105072735810333
CCCCCCCCCCOC(=O)CCN(CCC(=O)OCCCCCCCCCC)Cc1cccc(F)c1,0.22849745702601157
CCCCCCCCCCOC(=O)CCN(CCC(=O)OCCCCCCCCCC)Cc1cccc(N(CCC(=O)OCCCCCCCCCC)CCC(=O)OCCCCCCCCCC)c1,0.36351603311895664
CCCCCCCCCCOC(=O)CCN(CCC(=O)OCCCCCCCCCC)Cc1ccccc1F,0.2828825045271527
CCCCCCCCCCOC(=O)CCN(CCC(=O)OCCCCCCCCCC)Cc1ccccc1N(CCC(=O)OCCCCCCCCCC)CCC(=O)OCCCCCCCCCC,0.40419768230003444
CCCCCCCCCCOC(=O)CCN(CCC(=O)OCCCCCCCCCC)Cc1ccccc1OC,0.1507391373416876
CCCCCCCCCCOC(=O)CCN(CCC(=O)OCCCCCCCCCC)Cc1ccccc1OCC,0.20372721912114794
CCCCCCCCCCOC(=O)CCN(CCC(=O)OCCCCCCCCCC)Cc1nccn1C,0.2765647229557059
CCCCCCCCCCOC(=O)CCN(CCC(=O)OCCCCCCCCCC)[C@@H](CO)CC(C)C,0.4483649403985239
CCCCCCCCCCOC(=O)CCN(CCC(=O)OCCCCCCCCCC)[C@H]1CCCC[C@H]1N(CCC(=O)OCCCCCCCCCC)CCC(=O)OCCCCCCCCCC,0.5758524401844964
CCCCCCCCCCOC(=O)CCN(CCC(=O)OCCCCCCCCCC)[C@@H]1CCCC[C@H]1N(CCC(=O)OCCCCCCCCCC)CCC(=O)OCCCCCCCCCC,0.5069277805999909
CCCCCCCCCCOC(=O)CCN(CCC(=O)OCCCCCCCCCC)[C@@H](c1ccccc1)[C@@H](c1ccccc1)N(CCC(=O)OCCCCCCCCCC)CCC(=O)OCCCCCCCCCC,0.3509576671863944
CCCCCCCCCCOC(=O)CCN(CCC(=O)OCCCCCCCCCC)[C@H]1CC[C@H](N(CCC(=O)OCCCCCCCCCC)CCC(=O)OCCCCCCCCCC)CC1,0.30037720318702055
CCCCCCCCCCOC(=O)CCN(CCC(=O)OCCCCCCCCCC)c1c(-c2ccccc2)cc(-c2ccccc2)cc1-c1ccccc1,-0.23527219997590004
CCCCCCCCCCOC(=O)CCN(CCC(=O)OCCCCCCCCCC)c1c(C)c(C)c(N(CCC(=O)OCCCCCCCCCC)CCC(=O)OCCCCCCCCCC)c(C)c1C,0.030052017100371618
CCCCCCCCCCOC(=O)CCN(CCC(=O)OCCCCCCCCCC)c1c(C)cc(-c2cc(C)c(N(CCC(=O)OCCCCCCCCCC)CCC(=O)OCCCCCCCCCC)c(C)c2)cc1C,-0.03598194648198874
CCCCCCCCCCOC(=O)CCN(CCC(=O)OCCCCCCCCCC)c1c(CC)cccc1CC,0.066845962500213
CCCCCCCCCCOC(=O)CCN(CCC(=O)OCCCCCCCCCC)c1c(F)cc(F)cc1F,0.0848907210665668
CCCCCCCCCCOC(=O)CCN(CCC(=O)OCCCCCCCCCC)c1c(N(CCC(=O)OCCCCCCCCCC)CCC(=O)OCCCCCCCCCC)c2ccccc2c2ccccc12,0.13250037313177707
CCCCCCCCCCOC(=O)CCN(CCC(=O)OCCCCCCCCCC)c1cc(C(C)(C)C)ccc1C(C)(C)C,-0.2634879292664175
CCCCCCCCCCOC(=O)CCN(CCC(=O)OCCCCCCCCCC)c1cc(C(C)(C)C)ccc1OC,-0.19743308788913336
CCCCCCCCCCOC(=O)CCN(CCC(=O)OCCCCCCCCCC)c1cc(C)c(C)cc1N(CCC(=O)OCCCCCCCCCC)CCC(=O)OCCCCCCCCCC,0.18368947995149562
CCCCCCCCCCOC(=O)CCN(CCC(=O)OCCCCCCCCCC)c1cc(F)c(F)c(F)c1,0.05741908338610713
CCCCCCCCCCOC(=O)CCN(CCC(=O)OCCCCCCCCCC)c1cc(F)cc(F)c1,0.05328271866401093
CCCCCCCCCCOC(=O)CCN(CCC(=O)OCCCCCCCCCC)c1cc(F)ccc1F,0.1254329566127829
CCCCCCCCCCOC(=O)CCN(CCC(=O)OCCCCCCCCCC)c1cc(OC)ccc1OC,-0.09528298128439092
CCCCCCCCCCOC(=O)CCN(CCC(=O)OCCCCCCCCCC)c1ccc(-c2ccc(N(CCC(=O)OCCCCCCCCCC)CCC(=O)OCCCCCCCCCC)c(C)c2)cc1C,0.07846104523616346
CCCCCCCCCCOC(=O)CCN(CCC(=O)OCCCCCCCCCC)c1ccc(-c2ccc(N(CCC(=O)OCCCCCCCCCC)CCC(=O)OCCCCCCCCCC)c(N(CCC(=O)OCCCCCCCCCC)CCC(=O)OCCCCCCCCCC)c2)cc1N(CCC(=O)OCCCCCCCCCC)CCC(=O)OCCCCCCCCCC,0.2924476320211611
CCCCCCCCCCOC(=O)CCN(CCC(=O)OCCCCCCCCCC)c1ccc(-c2ccccc2)cc1,0.012526345181888072
CCCCCCCCCCOC(=O)CCN(CCC(=O)OCCCCCCCCCC)c1ccc(C(C)(C)C)cc1,-0.05466250985010019
CCCCCCCCCCOC(=O)CCN(CCC(=O)OCCCCCCCCCC)c1ccc(C(C)C)cc1,0.07400624202145001
CCCCCCCCCCOC(=O)CCN(CCC(=O)OCCCCCCCCCC)c1ccc(C)c(F)c1,0.07263905917412544
CCCCCCCCCCOC(=O)CCN(CCC(=O)OCCCCCCCCCC)c1ccc(C)c(N(CCC(=O)OCCCCCCCCCC)CCC(=O)OCCCCCCCCCC)c1,0.26067648275574085
CCCCCCCCCCOC(=O)CCN(CCC(=O)OCCCCCCCCCC)c1ccc(C)cc1N(CCC(=O)OCCCCCCCCCC)CCC(=O)OCCCCCCCCCC,0.2651292011692494
CCCCCCCCCCOC(=O)CCN(CCC(=O)OCCCCCCCCCC)c1ccc(C2(c3ccc(N(CCC(=O)OCCCCCCCCCC)CCC(=O)OCCCCCCCCCC)cc3)c3ccccc3-c3ccccc32)cc1,0.12337624065836196
CCCCCCCCCCOC(=O)CCN(CCC(=O)OCCCCCCCCCC)c1ccc(Cc2ccc(N(CCC(=O)OCCCCCCCCCC)CCC(=O)OCCCCCCCCCC)cc2)cc1,0.19765469952002498
CCCCCCCCCCOC(=O)CCN(CCC(=O)OCCCCCCCCCC)c1ccc(F)c(F)c1,0.12838902602414012
CCCCCCCCCCOC(=O)CCN(CCC(=O)OCCCCCCCCCC)c1ccc(F)cc1,0.176647855401694
CCCCCCCCCCOC(=O)CCN(CCC(=O)OCCCCCCCCCC)c1ccc(F)cc1C(F)(F)F,0.16025256176581348
CCCCCCCCCCOC(=O)CCN(CCC(=O)OCCCCCCCCCC)c1ccc(N(CCC(=O)OCCCCCCCCCC)CCC(=O)OCCCCCCCCCC)cc1,0.3367446243203465
CCCCCCCCCCOC(=O)CCN(CCC(=O)OCCCCCCCCCC)c1ccc(N(CCC(=O)OCCCCCCCCCC)c2ccccc2)cc1,0.11428912829777171
CCCCCCCCCCOC(=O)CCN(CCC(=O)OCCCCCCCCCC)c1ccc(OC(F)(F)F)cc1,0.1738495756586763
CCCCCCCCCCOC(=O)CCN(CCC(=O)OCCCCCCCCCC)c1ccc(OC(F)F)cc1,0.1876481600451823
CCCCCCCCCCOC(=O)CCN(CCC(=O)OCCCCCCCCCC)c1ccc(OC)c(F)c1,0.0016779629804910818
CCCCCCCCCCOC(=O)CCN(CCC(=O)OCCCCCCCCCC)c1ccc(OCCCCCCCC)cc1,0.2613053779306479
CCCCCCCCCCOC(=O)CCN(CCC(=O)OCCCCCCCCCC)c1ccc(Oc2ccc(F)cc2)cc1,-0.03567762507181637
CCCCCCCCCCOC(=O)CCN(CCC(=O)OCCCCCCCCCC)c1ccc(Oc2ccc(N(CCC(=O)OCCCCCCCCCC)CCC(=O)OCCCCCCCCCC)cc2)cc1,0.16467374011537872
CCCCCCCCCCOC(=O)CCN(CCC(=O)OCCCCCCCCCC)c1ccc(Oc2ccccc2)cc1,-0.012621748049933545
CCCCCCCCCCOC(=O)CCN(CCC(=O)OCCCCCCCCCC)c1ccc2c(c1)CCCC2,0.16227693351868352
CCCCCCCCCCOC(=O)CCN(CCC(=O)OCCCCCCCCCC)c1ccc2c(c1)Cc1cc(N(CCC(=O)OCCCCCCCCCC)CCC(=O)OCCCCCCCCCC)ccc1-2,0.17040685408033762
CCCCCCCCCCOC(=O)CCN(CCC(=O)OCCCCCCCCCC)c1ccc2c(c1)OCCO2,-0.2564787978325386
CCCCCCCCCCOC(=O)CCN(CCC(=O)OCCCCCCCCCC)c1ccc2c(c1)OCO2,-0.36412408301900767
CCCCCCCCCCOC(=O)CCN(CCC(=O)OCCCCCCCCCC)c1ccc2cc3ccccc3cc2c1,-0.10960261705775988
CCCCCCCCCCOC(=O)CCN(CCC(=O)OCCCCCCCCCC)c1ccc2ccccc2c1-c1c(N(CCC(=O)OCCCCCCCCCC)CCC(=O)OCCCCCCCCCC)ccc2ccccc12,0.028125571438385004
CCCCCCCCCCOC(=O)CCN(CCC(=O)OCCCCCCCCCC)c1cccc(C(F)(F)F)c1,0.17429316178933857
CCCCCCCCCCOC(=O)CCN(CCC(=O)OCCCCCCCCCC)c1cccc(C)c1N(CCC(=O)OCCCCCCCCCC)CCC(=O)OCCCCCCCCCC,0.2735758625996824
CCCCCCCCCCOC(=O)CCN(CCC(=O)OCCCCCCCCCC)c1cccc(F)c1,0.14692216416418805
CCCCCCCCCCOC(=O)CCN(CCC(=O)OCCCCCCCCCC)c1cccc(N(CCC(=O)OCCCCCCCCCC)CCC(=O)OCCCCCCCCCC)c1,0.3123200762381361
CCCCCCCCCCOC(=O)CCN(CCC(=O)OCCCCCCCCCC)c1cccc(N(CCC(=O)OCCCCCCCCCC)CCC(=O)OCCCCCCCCCC)c1C,0.2687019249941532
CCCCCCCCCCOC(=O)CCN(CCC(=O)OCCCCCCCCCC)c1cccc(OC(C)C)c1,0.040582139506397504
CCCCCCCCCCOC(=O)CCN(CCC(=O)OCCCCCCCCCC)c1cccc(OCc2ccccc2)c1,-0.033345417529599936
CCCCCCCCCCOC(=O)CCN(CCC(=O)OCCCCCCCCCC)c1cccc2c1CCC2,0.21096600629918807
CCCCCCCCCCOC(=O)CCN(CCC(=O)OCCCCCCCCCC)c1cccc2cccc(N(CCC(=O)OCCCCCCCCCC)CCC(=O)OCCCCCCCCCC)c12,0.203327384032915
CCCCCCCCCCOC(=O)CCN(CCC(=O)OCCCCCCCCCC)c1ccccc1C(C)(C)C,-0.06741368638838562
CCCCCCCCCCOC(=O)CCN(CCC(=O)OCCCCCCCCCC)c1ccccc1C(C)C,0.07756612942750625
CCCCCCCCCCOC(=O)CCN(CCC(=O)OCCCCCCCCCC)c1ccccc1Cc1ccccc1,0.0522021661994911
CCCCCCCCCCOC(=O)CCN(CCC(=O)OCCCCCCCCCC)c1ccccc1N(CCC(=O)OCCCCCCCCCC)c1ccccc1,0.10835161446610572
CCCCCCCCCCOC(=O)CCN(CCC(=O)OCCCCCCCCCC)c1ccccc1OC,0.049387178263959525
CCCCCCCCCCOC(=O)CCN(CCC(=O)OCCCCCCCCCC)c1ccccc1OCC,0.10811704454767575
CCCCCCCCCCOC(=O)CCN(CCC(=O)OCCCCCCCCCC)c1ccccc1Oc1ccccc1,-0.020428942315777916
CCCCCCCCCCOC(=O)CCN(CCC(=O)OCCCCCCCCCC)c1nc(N(CCC(=O)OCCCCCCCCCC)CCC(=O)OCCCCCCCCCC)nc(N(CCC(=O)OCCCCCCCCCC)CCC(=O)OCCCCCCCCCC)n1,0.5668469328996424
CCCCCCCCCCOC(=O)CCN(CCC)CCC(=O)OCCCCCCCCCC,0.4721857598346584
CCCCCCCCCCOC(=O)CCN(CCC)CCCN(CCC(=O)OCCCCCCCCCC)CCC(=O)OCCCCCCCCCC,0.5790399820953506
CCCCCCCCCCOC(=O)CCN(CCCC)CCC(=O)OCCCCCCCCCC,0.5641281138654072
CCCCCCCCCCOC(=O)CCN(CCCCC)CCC(=O)OCCCCCCCCCC,0.5883530869065562
CCCCCCCCCCOC(=O)CCN(CCCCCC)CCC(=O)OCCCCCCCCCC,0.6201626262970217
CCCCCCCCCCOC(=O)CCN(CCCCCCCCN(CCC(=O)OCCCCCCCCCC)CCC(=O)OCCCCCCCCCC)CCC(=O)OCCCCCCCCCC,0.6205785739202814
CCCCCCCCCCOC(=O)CCN(CCCCCCN(CCC(=O)OCCCCCCCCCC)CCC(=O)OCCCCCCCCCC)CCCCCCN(CCC(=O)OCCCCCCCCCC)CCC(=O)OCCCCCCCCCC,0.6223626276599706
CCCCCCCCCCOC(=O)CCN(CCCCN(C)Cc1ccccc1)CCC(=O)OCCCCCCCCCC,0.34006255565513244
CCCCCCCCCCOC(=O)CCN(CCCCN1CCN(C)CC1)CCC(=O)OCCCCCCCCCC,0.534067007896901
CCCCCCCCCCOC(=O)CCN(CCCCc1ccccc1)CCC(=O)OCCCCCCCCCC,0.36532051791045433
CCCCCCCCCCOC(=O)CCN(CCCN(C)C)CCCN(CCC(=O)OCCCCCCCCCC)CCC(=O)OCCCCCCCCCC,0.5803077794909483
CCCCCCCCCCOC(=O)CCN(CCCN(C)CCCN(CCC(=O)OCCCCCCCCCC)CCC(=O)OCCCCCCCCCC)CCC(=O)OCCCCCCCCCC,0.625366528367544
CCCCCCCCCCOC(=O)CCN(CCCN(CCC(=O)OCCCCCCCCCC)CCC(=O)OCCCCCCCCCC)CCCN(CCC(=O)OCCCCCCCCCC)CCC(=O)OCCCCCCCCCC,0.6255752467510328
CCCCCCCCCCOC(=O)CCN(CCCN(CCC(=O)OCCCCCCCCCC)CCN(CCC(=O)OCCCCCCCCCC)CCC(=O)OCCCCCCCCCC)CCC(=O)OCCCCCCCCCC,0.6261878209107925
CCCCCCCCCCOC(=O)CCN(CCCN(CCC(=O)OCCCCCCCCCC)CCN(CCC(=O)OCCCCCCCCCC)CCC(=O)OCCCCCCCCCC)CCN(CCC(=O)OCCCCCCCCCC)CCC(=O)OCCCCCCCCCC,0.6274520443614675
CCCCCCCCCCOC(=O)CCN(CCCN(CCCN(CCC(=O)OCCCCCCCCCC)CCC(=O)OCCCCCCCCCC)CCC(=O)OCCCCCCCCCC)CCCN(CCC(=O)OCCCCCCCCCC)CCC(=O)OCCCCCCCCCC,0.626419591239033
CCCCCCCCCCOC(=O)CCN(CCCN1CCN(C(C)C)CC1)CCC(=O)OCCCCCCCCCC,0.469709522312055
CCCCCCCCCCOC(=O)CCN(CCCN1CCN(CCCN(CCC(=O)OCCCCCCCCCC)CCC(=O)OCCCCCCCCCC)CC1)CCC(=O)OCCCCCCCCCC,0.6272133048406277
CCCCCCCCCCOC(=O)CCN(CCCOC(C)C)CCC(=O)OCCCCCCCCCC,0.47485728366441576
CCCCCCCCCCOC(=O)CCN(CCCOCCCCOCCCN(CCC(=O)OCCCCCCCCCC)CCC(=O)OCCCCCCCCCC)CCC(=O)OCCCCCCCCCC,0.5034880373090879
CCCCCCCCCCOC(=O)CCN(CCCOCCOCCOCCCN(CCC(=O)OCCCCCCCCCC)CCC(=O)OCCCCCCCCCC)CCC(=O)OCCCCCCCCCC,0.43858889058832445
CCCCCCCCCCOC(=O)CCN(CCCc1ccccc1)CCC(=O)OCCCCCCCCCC,0.3550143329367132
CCCCCCCCCCOC(=O)CCN(CCN(CCC(=O)OCCCCCCCCCC)C(C)(C)C)C(C)(C)C,0.022566717071284634
CCCCCCCCCCOC(=O)CCN(CCO)CCC(=O)OCCCCCCCCCC,0.44995588198088715
CCCCCCCCCCOC(=O)CCN(CCOCCN1CCCC1)CCC(=O)OCCCCCCCCCC,0.3061887056772852
CCCCCCCCCCOC(=O)CCN(CCOCCOCCN(CCC(=O)OCCCCCCCCCC)CCC(=O)OCCCCCCCCCC)CCC(=O)OCCCCCCCCCC,0.4223799781801655
CCCCCCCCCCOC(=O)CCN(CCOCCOCCOCCN(CCC(=O)OCCCCCCCCCC)CCC(=O)OCCCCCCCCCC)CCC(=O)OCCCCCCCCCC,0.366403899748038
CCCCCCCCCCOC(=O)CCN(c1ccccc1)c1ccc(-c2ccc(N(CCC(=O)OCCCCCCCCCC)c3ccccc3)cc2)cc1,-0.1934331882973376
CCCCCCCCCCOC(=O)CCN1C(C)N(CCC(=O)OCCCCCCCCCC)C(C)N(CCC(=O)OCCCCCCCCCC)C1C,0.4845357052124754
CCCCCCCCCCOC(=O)CCN1CCC(N(CCC(=O)OCCCCCCCCCC)CCC(=O)OCCCCCCCCCC)CC1,0.46280790705460223
CCCCCCCCCCOC(=O)CCN1CCCCN(C)CCN(CCC(=O)OCCCCCCCCCC)CCCN(C)CC1,0.33395986600228655
CCCCCCCCCCOC(=O)CCN1CCCN(CCC(=O)OCCCCCCCCCC)CCCN(CCC(=O)OCCCCCCCCCC)CCC1,0.47686393460704385
CCCCCCCCCCOC(=O)CCN1CCCN(CCC(=O)OCCCCCCCCCC)CCCN(CCC(=O)OCCCCCCCCCC)CCN(CCC(=O)OCCCCCCCCCC)CCC1,0.4874447772480984
CCCCCCCCCCOC(=O)CCN1CCCN(CCC(=O)OCCCCCCCCCC)CCN(CCC(=O)OCCCCCCCCCC)CCCN(CCC(=O)OCCCCCCCCCC)CC1,0.4982643594099929
CCCCCCCCCCOC(=O)CCN1CCCN(CCC(=O)OCCCCCCCCCC)CCN(CCC(=O)OCCCCCCCCCC)CCN(CCC(=O)OCCCCCCCCCC)CC1,0.5077444865805885
CCCCCCCCCCOC(=O)CCN1CCN(CCC(=O)OCCCCCCCCCC)C(c2ccccc2)C1,0.32181149111811275
CCCCCCCCCCOC(=O)CCN1CCN(CCC(=O)OCCCCCCCCCC)C2C1N(CCC(=O)OCCCCCCCCCC)CCN2CCC(=O)OCCCCCCCCCC,0.6637596912659603
CCCCCCCCCCOC(=O)CCN1CCN(CCC(=O)OCCCCCCCCCC)CC1,0.5176911326951007
CCCCCCCCCCOC(=O)CCN1CCN(CCC(=O)OCCCCCCCCCC)CCN(CCC(=O)OCCCCCCCCCC)CCN(CCC(=O)OCCCCCCCCCC)CC1,0.5176912518265981
CCCCCCCCCCOC(=O)CCN1CCN(CCC(=O)OCCCCCCCCCC)[C@H](C)C1,0.3267561034844894
CCCCCCCCCCOC(=O)CCN1CCOCCN(CCC(=O)OCCCCCCCCCC)CCN(CCC(=O)OCCCCCCCCCC)CC1,-0.03356378556438011
CCCCCCCCCCOC(=O)CCN1CC[C@@H](N(CCC(=O)OCCCCCCCCCC)CCC(=O)OCCCCCCCCCC)C1,0.5557035513277465
N(CCC(=O)OCCCCCCCC/C=C\CC(CCCCCC)OC(OCCCCCCCCCCCCCCCCCC)=O)(CCC(=O)OCCCCCCCC/C=C\CC(CCCCCC)OC(OCCCCCCCCCCCCCCCCCC)=O)CCCN(C)C,0.5506817417510385
N(CCC(=O)OCCCCCCCC/C=C\CC(CCCCCC)OC(OCCC#CCCCCCC)=O)(CCC(=O)OCCCCCCCC/C=C\CC(CCCCCC)OC(OCCC#CCCCCCC)=O)CCCN(C)C,0.5214063675737992
N(CCC(=O)OCCCCCCCC/C=C\CC(CCCCCC)OC(OCCCCCCCC/C=C\CCCCCCCC)=O)(CCC(=O)OCCCCCCCC/C=C\CC(CCCCCC)OC(OCCCCCCCC/C=C\CCCCCCCC)=O)CCCN(C)C,0.5539506504746339
N(CCC(=O)OCCCCCCCC/C=C\CC(CCCCCC)OC(OCCCCCCCC/C=C\C/C=C\CCCCC)=O)(CCC(=O)OCCCCCCCC/C=C\CC(CCCCCC)OC(OCCCCCCCC/C=C\C/C=C\CCCCC)=O)CCCN(C)C,0.5562971835794157
N(CCC(=O)OCCCCCCCC/C=C\CC(CCCCCC)OC(OCC#CCC)=O)(CCC(=O)OCCCCCCCC/C=C\CC(CCCCCC)OC(OCC#CCC)=O)CCCN(C)C,0.4379243750956873
N(CCC(=O)OCCCCCCCC/C=C\CC(CCCCCC)OC(OCC#CCCC)=O)(CCC(=O)OCCCCCCCC/C=C\CC(CCCCCC)OC(OCC#CCCC)=O)CCCN(C)C,0.44635918294212656
N(CCC(=O)OCCCCCCCC/C=C\CC(CCCCCC)OC(OCC#CCCCC)=O)(CCC(=O)OCCCCCCCC/C=C\CC(CCCCCC)OC(OCC#CCCCC)=O)CCCN(C)C,0.48221439820227335
N(CCC(=O)OCCCCCCCC/C=C\CC(CCCCCC)OC(OCC#CCCCCC)=O)(CCC(=O)OCCCCCCCC/C=C\CC(CCCCCC)OC(OCC#CCCCCC)=O)CCCN(C)C,0.4856180446494566
N(CCC(=O)OCCCCCCCC/C=C\CC(CCCCCC)OC(OCC#CCCCCCC)=O)(CCC(=O)OCCCCCCCC/C=C\CC(CCCCCC)OC(OCC#CCCCCCC)=O)CCCN(C)C,0.51227988225331
N(CCC(=O)OCCCCCCCC/C=C\CC(CCCCCC)OC(OCCC#CCCCC)=O)(CCC(=O)OCCCCCCCC/C=C\CC(CCCCCC)OC(OCCC#CCCCC)=O)CCCN(C)C,0.4950397080376909
N(CCC(=O)OCCCCCCCC/C=C\CC(CCCCCC)OC(OCCCCCCCCCCCCCCCCCC)=O)(CCC(=O)OCCCCCCCC/C=C\CC(CCCCCC)OC(OCCCCCCCCCCCCCCCCCC)=O)CCC1=CC=NC=C1,0.43299575613283997
N(CCC(=O)OCCCCCCCC/C=C\CC(CCCCCC)OC(OCCC#CCCCCCC)=O)(CCC(=O)OCCCCCCCC/C=C\CC(CCCCCC)OC(OCCC#CCCCCCC)=O)CCC1=CC=NC=C1,0.3740852008732636
N(CCC(=O)OCCCCCCCC/C=C\CC(CCCCCC)OC(OCCCCCCCC/C=C\CCCCCCCC)=O)(CCC(=O)OCCCCCCCC/C=C\CC(CCCCCC)OC(OCCCCCCCC/C=C\CCCCCCCC)=O)CCC1=CC=NC=C1,0.43549855997936915
N(CCC(=O)OCCCCCCCC/C=C\CC(CCCCCC)OC(OCCCCCCCC/C=C\C/C=C\CCCCC)=O)(CCC(=O)OCCCCCCCC/C=C\CC(CCCCCC)OC(OCCCCCCCC/C=C\C/C=C\CCCCC)=O)CCC1=CC=NC=C1,0.43286080992913173
N(CCC(=O)OCCCCCCCC/C=C\CC(CCCCCC)OC(OCC#CCC)=O)(CCC(=O)OCCCCCCCC/C=C\CC(CCCCCC)OC(OCC#CCC)=O)CCC1=CC=NC=C1,0.2677331774399668
N(CCC(=O)OCCCCCCCC/C=C\CC(CCCCCC)OC(OCC#CCCC)=O)(CCC(=O)OCCCCCCCC/C=C\CC(CCCCCC)OC(OCC#CCCC)=O)CCC1=CC=NC=C1,0.28041695905644326
N(CCC(=O)OCCCCCCCC/C=C\CC(CCCCCC)OC(OCC#CCCCC)=O)(CCC(=O)OCCCCCCCC/C=C\CC(CCCCCC)OC(OCC#CCCCC)=O)CCC1=CC=NC=C1,0.31891129437904786
N(CCC(=O)OCCCCCCCC/C=C\CC(CCCCCC)OC(OCC#CCCCCC)=O)(CCC(=O)OCCCCCCCC/C=C\CC(CCCCCC)OC(OCC#CCCCCC)=O)CCC1=CC=NC=C1,0.32718235598227635
N(CCC(=O)OCCCCCCCC/C=C\CC(CCCCCC)OC(OCC#CCCCCCC)=O)(CCC(=O)OCCCCCCCC/C=C\CC(CCCCCC)OC(OCC#CCCCCCC)=O)CCC1=CC=NC=C1,0.36022990989398324
N(CCC(=O)OCCCCCCCC/C=C\CC(CCCCCC)OC(OCCC#CCCCC)=O)(CCC(=O)OCCCCCCCC/C=C\CC(CCCCCC)OC(OCCC#CCCCC)=O)CCC1=CC=NC=C1,0.33680407093756165
OCCN1CCC(CCCC2CCN(CCC(=O)OCCCCCCCC/C=C\CC(CCCCCC)OC(OCCCCCCCCCCCCCCCCCC)=O)CC2)CC1,0.32097137579827106
OCCN1CCC(CCCC2CCN(CCC(=O)OCCCCCCCC/C=C\CC(CCCCCC)OC(OCCC#CCCCCCC)=O)CC2)CC1,0.25805326674818935
OCCN1CCC(CCCC2CCN(CCC(=O)OCCCCCCCC/C=C\CC(CCCCCC)OC(OCCCCCCCC/C=C\CCCCCCCC)=O)CC2)CC1,0.3224640934610073
OCCN1CCC(CCCC2CCN(CCC(=O)OCCCCCCCC/C=C\CC(CCCCCC)OC(OCCCCCCCC/C=C\C/C=C\CCCCC)=O)CC2)CC1,0.31926806343096165
OCCN1CCC(CCCC2CCN(CCC(=O)OCCCCCCCC/C=C\CC(CCCCCC)OC(OCC#CCC)=O)CC2)CC1,0.16865454888471212
OCCN1CCC(CCCC2CCN(CCC(=O)OCCCCCCCC/C=C\CC(CCCCCC)OC(OCC#CCCC)=O)CC2)CC1,0.1788143808138665
OCCN1CCC(CCCC2CCN(CCC(=O)OCCCCCCCC/C=C\CC(CCCCCC)OC(OCC#CCCCC)=O)CC2)CC1,0.20908206079890787
OCCN1CCC(CCCC2CCN(CCC(=O)OCCCCCCCC/C=C\CC(CCCCCC)OC(OCC#CCCCCC)=O)CC2)CC1,0.21769083041446205
OCCN1CCC(CCCC2CCN(CCC(=O)OCCCCCCCC/C=C\CC(CCCCCC)OC(OCC#CCCCCCC)=O)CC2)CC1,0.24467551437633742
OCCN1CCC(CCCC2CCN(CCC(=O)OCCCCCCCC/C=C\CC(CCCCCC)OC(OCCC#CCCCC)=O)CC2)CC1,0.22495817936900986
CCN1CCN(C2CCN(CCC(=O)OCCCCCCCC/C=C\CC(CCCCCC)OC(OCCCCCCCCCCCCCCCCCC)=O)CC2)CC1,0.4047398199619416
CCN1CCN(C2CCN(CCC(=O)OCCCCCCCC/C=C\CC(CCCCCC)OC(OCCC#CCCCCCC)=O)CC2)CC1,0.3518020116743946
CCN1CCN(C2CCN(CCC(=O)OCCCCCCCC/C=C\CC(CCCCCC)OC(OCCCCCCCC/C=C\CCCCCCCC)=O)CC2)CC1,0.40602405750418397
CCN1CCN(C2CCN(CCC(=O)OCCCCCCCC/C=C\CC(CCCCCC)OC(OCCCCCCCC/C=C\C/C=C\CCCCC)=O)CC2)CC1,0.40258511835088856
CCN1CCN(C2CCN(CCC(=O)OCCCCCCCC/C=C\CC(CCCCCC)OC(OCC#CCC)=O)CC2)CC1,0.262576302528053
CCN1CCN(C2CCN(CCC(=O)OCCCCCCCC/C=C\CC(CCCCCC)OC(OCC#CCCC)=O)CC2)CC1,0.27308450473855267
CCN1CCN(C2CCN(CCC(=O)OCCCCCCCC/C=C\CC(CCCCCC)OC(OCC#CCCCC)=O)CC2)CC1,0.30521087434642014
CCN1CCN(C2CCN(CCC(=O)OCCCCCCCC/C=C\CC(CCCCCC)OC(OCC#CCCCCC)=O)CC2)CC1,0.3123022958621454
CCN1CCN(C2CCN(CCC(=O)OCCCCCCCC/C=C\CC(CCCCCC)OC(OCC#CCCCCCC)=O)CC2)CC1,0.3397696410858385
CCN1CCN(C2CCN(CCC(=O)OCCCCCCCC/C=C\CC(CCCCCC)OC(OCCC#CCCCC)=O)CC2)CC1,0.32023633445915833
N1(CCN2CCCC2)CCN(CCC(=O)OCCCCCCCC/C=C\CC(CCCCCC)OC(OCCCCCCCCCCCCCCCCCC)=O)CC1,0.5254182994468349
N1(CCN2CCCC2)CCN(CCC(=O)OCCCCCCCC/C=C\CC(CCCCCC)OC(OCCC#CCCCCCC)=O)CC1,0.49713400997954943
N1(CCN2CCCC2)CCN(CCC(=O)OCCCCCCCC/C=C\CC(CCCCCC)OC(OCCCCCCCC/C=C\CCCCCCCC)=O)CC1,0.5268261954834046
N1(CCN2CCCC2)CCN(CCC(=O)OCCCCCCCC/C=C\CC(CCCCCC)OC(OCCCCCCCC/C=C\C/C=C\CCCCC)=O)CC1,0.528537281180921
N1(CCN2CCCC2)CCN(CCC(=O)OCCCCCCCC/C=C\CC(CCCCCC)OC(OCC#CCC)=O)CC1,0.43214322135439176
N1(CCN2CCCC2)CCN(CCC(=O)OCCCCCCCC/C=C\CC(CCCCCC)OC(OCC#CCCC)=O)CC1,0.43900677409841726
N1(CCN2CCCC2)CCN(CCC(=O)OCCCCCCCC/C=C\CC(CCCCCC)OC(OCC#CCCCC)=O)CC1,0.4657628447167339
N1(CCN2CCCC2)CCN(CCC(=O)OCCCCCCCC/C=C\CC(CCCCCC)OC(OCC#CCCCCC)=O)CC1,0.4686657219144908
N1(CCN2CCCC2)CCN(CCC(=O)OCCCCCCCC/C=C\CC(CCCCCC)OC(OCC#CCCCCCC)=O)CC1,0.489829491997805
N1(CCN2CCCC2)CCN(CCC(=O)OCCCCCCCC/C=C\CC(CCCCCC)OC(OCCC#CCCCC)=O)CC1,0.4756135304100702
CN(CCC(=O)OCCCCCCCC/C=C\CC(CCCCCC)OC(OCCCCCCCCCCCCCCCCCC)=O)CCN(CCN(CCC(=O)OCCCCCCCC/C=C\CC(CCCCCC)OC(OCCCCCCCCCCCCCCCCCC)=O)C)CCN(CCC(=O)OCCCCCCCC/C=C\CC(CCCCCC)OC(OCCCCCCCCCCCCCCCCCC)=O)C,0.571949037105615
CN(CCC(=O)OCCCCCCCC/C=C\CC(CCCCCC)OC(OCCC#CCCCCCC)=O)CCN(CCN(CCC(=O)OCCCCCCCC/C=C\CC(CCCCCC)OC(OCCC#CCCCCCC)=O)C)CCN(CCC(=O)OCCCCCCCC/C=C\CC(CCCCCC)OC(OCCC#CCCCCCC)=O)C,0.5476490707868369
CN(CCC(=O)OCCCCCCCC/C=C\CC(CCCCCC)OC(OCCCCCCCC/C=C\CCCCCCCC)=O)CCN(CCN(CCC(=O)OCCCCCCCC/C=C\CC(CCCCCC)OC(OCCCCCCCC/C=C\CCCCCCCC)=O)C)CCN(CCC(=O)OCCCCCCCC/C=C\CC(CCCCCC)OC(OCCCCCCCC/C=C\CCCCCCCC)=O)C,0.5753687067392019
CN(CCC(=O)OCCCCCCCC/C=C\CC(CCCCCC)OC(OCCCCCCCC/C=C\C/C=C\CCCCC)=O)CCN(CCN(CCC(=O)OCCCCCCCC/C=C\CC(CCCCCC)OC(OCCCCCCCC/C=C\C/C=C\CCCCC)=O)C)CCN(CCC(=O)OCCCCCCCC/C=C\CC(CCCCCC)OC(OCCCCCCCC/C=C\C/C=C\CCCCC)=O)C,0.5786321354139158
CN(CCC(=O)OCCCCCCCC/C=C\CC(CCCCCC)OC(OCC#CCC)=O)CCN(CCN(CCC(=O)OCCCCCCCC/C=C\CC(CCCCCC)OC(OCC#CCC)=O)C)CCN(CCC(=O)OCCCCCCCC/C=C\CC(CCCCCC)OC(OCC#CCC)=O)C,0.47281459544381665
CN(CCC(=O)OCCCCCCCC/C=C\CC(CCCCCC)OC(OCC#CCCC)=O)CCN(CCN(CCC(=O)OCCCCCCCC/C=C\CC(CCCCCC)OC(OCC#CCCC)=O)C)CCN(CCC(=O)OCCCCCCCC/C=C\CC(CCCCCC)OC(OCC#CCCC)=O)C,0.4796662052552253
CN(CCC(=O)OCCCCCCCC/C=C\CC(CCCCCC)OC(OCC#CCCCC)=O)CCN(CCN(CCC(=O)OCCCCCCCC/C=C\CC(CCCCCC)OC(OCC#CCCCC)=O)C)CCN(CCC(=O)OCCCCCCCC/C=C\CC(CCCCCC)OC(OCC#CCCCC)=O)C,0.5102865144726448
CN(CCC(=O)OCCCCCCCC/C=C\CC(CCCCCC)OC(OCC#CCCCCC)=O)CCN(CCN(CCC(=O)OCCCCCCCC/C=C\CC(CCCCCC)OC(OCC#CCCCCC)=O)C)CCN(CCC(=O)OCCCCCCCC/C=C\CC(CCCCCC)OC(OCC#CCCCCC)=O)C,0.5126693231183926
CN(CCC(=O)OCCCCCCCC/C=C\CC(CCCCCC)OC(OCC#CCCCCCC)=O)CCN(CCN(CCC(=O)OCCCCCCCC/C=C\CC(CCCCCC)OC(OCC#CCCCCCC)=O)C)CCN(CCC(=O)OCCCCCCCC/C=C\CC(CCCCCC)OC(OCC#CCCCCCC)=O)C,0.5393230895632954
CN(CCC(=O)OCCCCCCCC/C=C\CC(CCCCCC)OC(OCCC#CCCCC)=O)CCN(CCN(CCC(=O)OCCCCCCCC/C=C\CC(CCCCCC)OC(OCCC#CCCCC)=O)C)CCN(CCC(=O)OCCCCCCCC/C=C\CC(CCCCCC)OC(OCCC#CCCCC)=O)C,0.5219950558683253
N(CCC(=O)OCCCCCCCC/C=C\CC(CCCCCC)OC(OCCCCCCCCCCCCCCCCCC)=O)(CCC(=O)OCCCCCCCC/C=C\CC(CCCCCC)OC(OCCCCCCCCCCCCCCCCCC)=O)CCCN(C)CCCN(CCC(=O)OCCCCCCCC/C=C\CC(CCCCCC)OC(OCCCCCCCCCCCCCCCCCC)=O)(CCC(=O)OCCCCCCCC/C=C\CC(CCCCCC)OC(OCCCCCCCCCCCCCCCCCC)=O),0.5792330942526767
N(CCC(=O)OCCCCCCCC/C=C\CC(CCCCCC)OC(OCCC#CCCCCCC)=O)(CCC(=O)OCCCCCCCC/C=C\CC(CCCCCC)OC(OCCC#CCCCCCC)=O)CCCN(C)CCCN(CCC(=O)OCCCCCCCC/C=C\CC(CCCCCC)OC(OCCC#CCCCCCC)=O)(CCC(=O)OCCCCCCCC/C=C\CC(CCCCCC)OC(OCCC#CCCCCCC)=O),0.5559605179676924
N(CCC(=O)OCCCCCCCC/C=C\CC(CCCCCC)OC(OCCCCCCCC/C=C\CCCCCCCC)=O)(CCC(=O)OCCCCCCCC/C=C\CC(CCCCCC)OC(OCCCCCCCC/C=C\CCCCCCCC)=O)CCCN(C)CCCN(CCC(=O)OCCCCCCCC/C=C\CC(CCCCCC)OC(OCCCCCCCC/C=C\CCCCCCCC)=O)(CCC(=O)OCCCCCCCC/C=C\CC(CCCCCC)OC(OCCCCCCCC/C=C\CCCCCCCC)=O),0.5830432173690743
N(CCC(=O)OCCCCCCCC/C=C\CC(CCCCCC)OC(OCCCCCCCC/C=C\C/C=C\CCCCC)=O)(CCC(=O)OCCCCCCCC/C=C\CC(CCCCCC)OC(OCCCCCCCC/C=C\C/C=C\CCCCC)=O)CCCN(C)CCCN(CCC(=O)OCCCCCCCC/C=C\CC(CCCCCC)OC(OCCCCCCCC/C=C\C/C=C\CCCCC)=O)(CCC(=O)OCCCCCCCC/C=C\CC(CCCCCC)OC(OCCCCCCCC/C=C\C/C=C\CCCCC)=O),0.5872340847512425
N(CCC(=O)OCCCCCCCC/C=C\CC(CCCCCC)OC(OCC#CCC)=O)(CCC(=O)OCCCCCCCC/C=C\CC(CCCCCC)OC(OCC#CCC)=O)CCCN(C)CCCN(CCC(=O)OCCCCCCCC/C=C\CC(CCCCCC)OC(OCC#CCC)=O)(CCC(=O)OCCCCCCCC/C=C\CC(CCCCCC)OC(OCC#CCC)=O),0.4771111324642009
N(CCC(=O)OCCCCCCCC/C=C\CC(CCCCCC)OC(OCC#CCCC)=O)(CCC(=O)OCCCCCCCC/C=C\CC(CCCCCC)OC(OCC#CCCC)=O)CCCN(C)CCCN(CCC(=O)OCCCCCCCC/C=C\CC(CCCCCC)OC(OCC#CCCC)=O)(CCC(=O)OCCCCCCCC/C=C\CC(CCCCCC)OC(OCC#CCCC)=O),0.4846542410524134
N(CCC(=O)OCCCCCCCC/C=C\CC(CCCCCC)OC(OCC#CCCCC)=O)(CCC(=O)OCCCCCCCC/C=C\CC(CCCCCC)OC(OCC#CCCCC)=O)CCCN(C)CCCN(CCC(=O)OCCCCCCCC/C=C\CC(CCCCCC)OC(OCC#CCCCC)=O)(CCC(=O)OCCCCCCCC/C=C\CC(CCCCCC)OC(OCC#CCCCC)=O),0.5171339546816436
N(CCC(=O)OCCCCCCCC/C=C\CC(CCCCCC)OC(OCC#CCCCCC)=O)(CCC(=O)OCCCCCCCC/C=C\CC(CCCCCC)OC(OCC#CCCCCC)=O)CCCN(C)CCCN(CCC(=O)OCCCCCCCC/C=C\CC(CCCCCC)OC(OCC#CCCCCC)=O)(CCC(=O)OCCCCCCCC/C=C\CC(CCCCCC)OC(OCC#CCCCCC)=O),0.5194003122886584
N(CCC(=O)OCCCCCCCC/C=C\CC(CCCCCC)OC(OCC#CCCCCCC)=O)(CCC(=O)OCCCCCCCC/C=C\CC(CCCCCC)OC(OCC#CCCCCCC)=O)CCCN(C)CCCN(CCC(=O)OCCCCCCCC/C=C\CC(CCCCCC)OC(OCC#CCCCCCC)=O)(CCC(=O)OCCCCCCCC/C=C\CC(CCCCCC)OC(OCC#CCCCCCC)=O),0.5472437854325968
N(CCC(=O)OCCCCCCCC/C=C\CC(CCCCCC)OC(OCCC#CCCCC)=O)(CCC(=O)OCCCCCCCC/C=C\CC(CCCCCC)OC(OCCC#CCCCC)=O)CCCN(C)CCCN(CCC(=O)OCCCCCCCC/C=C\CC(CCCCCC)OC(OCCC#CCCCC)=O)(CCC(=O)OCCCCCCCC/C=C\CC(CCCCCC)OC(OCCC#CCCCC)=O),0.5292796491071253
N(CCC(=O)OCCCCCCCC/C=C\CC(CCCCCC)OC(OCCCCCCCCCCCCCCCCCC)=O)(CCC(=O)OCCCCCCCC/C=C\CC(CCCCCC)OC(OCCCCCCCCCCCCCCCCCC)=O)CCC1=CN(CCC(=O)OCCCCCCCC/C=C\CC(CCCCCC)OC(OCCCCCCCCCCCCCCCCCC)=O)C=N1,0.49903850566313546
N(CCC(=O)OCCCCCCCC/C=C\CC(CCCCCC)OC(OCCC#CCCCCCC)=O)(CCC(=O)OCCCCCCCC/C=C\CC(CCCCCC)OC(OCCC#CCCCCCC)=O)CCC1=CN(CCC(=O)OCCCCCCCC/C=C\CC(CCCCCC)OC(OCCC#CCCCCCC)=O)C=N1,0.4512255556975693
N(CCC(=O)OCCCCCCCC/C=C\CC(CCCCCC)OC(OCCCCCCCC/C=C\CCCCCCCC)=O)(CCC(=O)OCCCCCCCC/C=C\CC(CCCCCC)OC(OCCCCCCCC/C=C\CCCCCCCC)=O)CCC1=CN(CCC(=O)OCCCCCCCC/C=C\CC(CCCCCC)OC(OCCCCCCCC/C=C\CCCCCCCC)=O)C=N1,0.5014762041463218
N(CCC(=O)OCCCCCCCC/C=C\CC(CCCCCC)OC(OCCCCCCCC/C=C\C/C=C\CCCCC)=O)(CCC(=O)OCCCCCCCC/C=C\CC(CCCCCC)OC(OCCCCCCCC/C=C\C/C=C\CCCCC)=O)CCC1=CN(CCC(=O)OCCCCCCCC/C=C\CC(CCCCCC)OC(OCCCCCCCC/C=C\C/C=C\CCCCC)=O)C=N1,0.4984929131878029
N(CCC(=O)OCCCCCCCC/C=C\CC(CCCCCC)OC(OCC#CCC)=O)(CCC(=O)OCCCCCCCC/C=C\CC(CCCCCC)OC(OCC#CCC)=O)CCC1=CN(CCC(=O)OCCCCCCCC/C=C\CC(CCCCCC)OC(OCC#CCC)=O)C=N1,0.35034664173610114
N(CCC(=O)OCCCCCCCC/C=C\CC(CCCCCC)OC(OCC#CCCC)=O)(CCC(=O)OCCCCCCCC/C=C\CC(CCCCCC)OC(OCC#CCCC)=O)CCC1=CN(CCC(=O)OCCCCCCCC/C=C\CC(CCCCCC)OC(OCC#CCCC)=O)C=N1,0.3614881767697869
N(CCC(=O)OCCCCCCCC/C=C\CC(CCCCCC)OC(OCC#CCCCC)=O)(CCC(=O)OCCCCCCCC/C=C\CC(CCCCCC)OC(OCC#CCCCC)=O)CCC1=CN(CCC(=O)OCCCCCCCC/C=C\CC(CCCCCC)OC(OCC#CCCCC)=O)C=N1,0.3997631016570089
N(CCC(=O)OCCCCCCCC/C=C\CC(CCCCCC)OC(OCC#CCCCCC)=O)(CCC(=O)OCCCCCCCC/C=C\CC(CCCCCC)OC(OCC#CCCCCC)=O)CCC1=CN(CCC(=O)OCCCCCCCC/C=C\CC(CCCCCC)OC(OCC#CCCCCC)=O)C=N1,0.4062893037832009
N(CCC(=O)OCCCCCCCC/C=C\CC(CCCCCC)OC(OCC#CCCCCCC)=O)(CCC(=O)OCCCCCCCC/C=C\CC(CCCCCC)OC(OCC#CCCCCCC)=O)CCC1=CN(CCC(=O)OCCCCCCCC/C=C\CC(CCCCCC)OC(OCC#CCCCCCC)=O)C=N1,0.4385570229127632
N(CCC(=O)OCCCCCCCC/C=C\CC(CCCCCC)OC(OCCC#CCCCC)=O)(CCC(=O)OCCCCCCCC/C=C\CC(CCCCCC)OC(OCCC#CCCCC)=O)CCC1=CN(CCC(=O)OCCCCCCCC/C=C\CC(CCCCCC)OC(OCCC#CCCCC)=O)C=N1,0.41658825151847345
N(CCC(=O)OCCCCCCCC/C=C\CC(CCCCCC)OC(OCCCCCCCCCCCCCCCCCC)=O)(CCC(=O)OCCCCCCCC/C=C\CC(CCCCCC)OC(OCCCCCCCCCCCCCCCCCC)=O)CCN1CCOCC1,0.2598607893928713
N(CCC(=O)OCCCCCCCC/C=C\CC(CCCCCC)OC(OCCC#CCCCCCC)=O)(CCC(=O)OCCCCCCCC/C=C\CC(CCCCCC)OC(OCCC#CCCCCCC)=O)CCN1CCOCC1,0.1622768143871861
N(CCC(=O)OCCCCCCCC/C=C\CC(CCCCCC)OC(OCCCCCCCC/C=C\CCCCCCCC)=O)(CCC(=O)OCCCCCCCC/C=C\CC(CCCCCC)OC(OCCCCCCCC/C=C\CCCCCCCC)=O)CCN1CCOCC1,0.2614851771431367
N(CCC(=O)OCCCCCCCC/C=C\CC(CCCCCC)OC(OCCCCCCCC/C=C\C/C=C\CCCCC)=O)(CCC(=O)OCCCCCCCC/C=C\CC(CCCCCC)OC(OCCCCCCCC/C=C\C/C=C\CCCCC)=O)CCN1CCOCC1,0.2567243846772869
N(CCC(=O)OCCCCCCCC/C=C\CC(CCCCCC)OC(OCC#CCC)=O)(CCC(=O)OCCCCCCCC/C=C\CC(CCCCCC)OC(OCC#CCC)=O)CCN1CCOCC1,0.040656805172408675
N(CCC(=O)OCCCCCCCC/C=C\CC(CCCCCC)OC(OCC#CCCC)=O)(CCC(=O)OCCCCCCCC/C=C\CC(CCCCCC)OC(OCC#CCCC)=O)CCN1CCOCC1,0.057204408427747135
N(CCC(=O)OCCCCCCCC/C=C\CC(CCCCCC)OC(OCC#CCCCC)=O)(CCC(=O)OCCCCCCCC/C=C\CC(CCCCCC)OC(OCC#CCCCC)=O)CCN1CCOCC1,0.0963953689044042
N(CCC(=O)OCCCCCCCC/C=C\CC(CCCCCC)OC(OCC#CCCCCC)=O)(CCC(=O)OCCCCCCCC/C=C\CC(CCCCCC)OC(OCC#CCCCCC)=O)CCN1CCOCC1,0.10884070882878438
N(CCC(=O)OCCCCCCCC/C=C\CC(CCCCCC)OC(OCC#CCCCCCC)=O)(CCC(=O)OCCCCCCCC/C=C\CC(CCCCCC)OC(OCC#CCCCCCC)=O)CCN1CCOCC1,0.1444616519992448
N(CCC(=O)OCCCCCCCC/C=C\CC(CCCCCC)OC(OCCC#CCCCC)=O)(CCC(=O)OCCCCCCCC/C=C\CC(CCCCCC)OC(OCCC#CCCCC)=O)CCN1CCOCC1,0.11779230911105361
N(CCC(=O)OCCCCCCCC/C=C\CC(CCCCCC)OC(OCCCCCCCCCCCCCCCCCC)=O)(CCC(=O)OCCCCCCCC/C=C\CC(CCCCCC)OC(OCCCCCCCCCCCCCCCCCC)=O)CCN(C)CCN(CCC(=O)OCCCCCCCC/C=C\CC(CCCCCC)OC(OCCCCCCCCCCCCCCCCCC)=O)(CCC(=O)OCCCCCCCC/C=C\CC(CCCCCC)OC(OCCCCCCCCCCCCCCCCCC)=O),0.577022668883703
N(CCC(=O)OCCCCCCCC/C=C\CC(CCCCCC)OC(OCCC#CCCCCCC)=O)(CCC(=O)OCCCCCCCC/C=C\CC(CCCCCC)OC(OCCC#CCCCCCC)=O)CCN(C)CCN(CCC(=O)OCCCCCCCC/C=C\CC(CCCCCC)OC(OCCC#CCCCCCC)=O)(CCC(=O)OCCCCCCCC/C=C\CC(CCCCCC)OC(OCCC#CCCCCCC)=O),0.5527340200571803
N(CCC(=O)OCCCCCCCC/C=C\CC(CCCCCC)OC(OCCCCCCCC/C=C\CCCCCCCC)=O)(CCC(=O)OCCCCCCCC/C=C\CC(CCCCCC)OC(OCCCCCCCC/C=C\CCCCCCCC)=O)CCN(C)CCN(CCC(=O)OCCCCCCCC/C=C\CC(CCCCCC)OC(OCCCCCCCC/C=C\CCCCCCCC)=O)(CCC(=O)OCCCCCCCC/C=C\CC(CCCCCC)OC(OCCCCCCCC/C=C\CCCCCCCC)=O),0.5807674483737629
N(CCC(=O)OCCCCCCCC/C=C\CC(CCCCCC)OC(OCCCCCCCC/C=C\C/C=C\CCCCC)=O)(CCC(=O)OCCCCCCCC/C=C\CC(CCCCCC)OC(OCCCCCCCC/C=C\C/C=C\CCCCC)=O)CCN(C)CCN(CCC(=O)OCCCCCCCC/C=C\CC(CCCCCC)OC(OCCCCCCCC/C=C\C/C=C\CCCCC)=O)(CCC(=O)OCCCCCCCC/C=C\CC(CCCCCC)OC(OCCCCCCCC/C=C\C/C=C\CCCCC)=O),0.5849306772485285
N(CCC(=O)OCCCCCCCC/C=C\CC(CCCCCC)OC(OCC#CCC)=O)(CCC(=O)OCCCCCCCC/C=C\CC(CCCCCC)OC(OCC#CCC)=O)CCN(C)CCN(CCC(=O)OCCCCCCCC/C=C\CC(CCCCCC)OC(OCC#CCC)=O)(CCC(=O)OCCCCCCCC/C=C\CC(CCCCCC)OC(OCC#CCC)=O),0.47222882587097753
N(CCC(=O)OCCCCCCCC/C=C\CC(CCCCCC)OC(OCC#CCCC)=O)(CCC(=O)OCCCCCCCC/C=C\CC(CCCCCC)OC(OCC#CCCC)=O)CCN(C)CCN(CCC(=O)OCCCCCCCC/C=C\CC(CCCCCC)OC(OCC#CCCC)=O)(CCC(=O)OCCCCCCCC/C=C\CC(CCCCCC)OC(OCC#CCCC)=O),0.4803968089460589
N(CCC(=O)OCCCCCCCC/C=C\CC(CCCCCC)OC(OCC#CCCCC)=O)(CCC(=O)OCCCCCCCC/C=C\CC(CCCCCC)OC(OCC#CCCCC)=O)CCN(C)CCN(CCC(=O)OCCCCCCCC/C=C\CC(CCCCCC)OC(OCC#CCCCC)=O)(CCC(=O)OCCCCCCCC/C=C\CC(CCCCCC)OC(OCC#CCCCC)=O),0.5132378781898538
N(CCC(=O)OCCCCCCCC/C=C\CC(CCCCCC)OC(OCC#CCCCCC)=O)(CCC(=O)OCCCCCCCC/C=C\CC(CCCCCC)OC(OCC#CCCCCC)=O)CCN(C)CCN(CCC(=O)OCCCCCCCC/C=C\CC(CCCCCC)OC(OCC#CCCCCC)=O)(CCC(=O)OCCCCCCCC/C=C\CC(CCCCCC)OC(OCC#CCCCCC)=O),0.5156399265724357
N(CCC(=O)OCCCCCCCC/C=C\CC(CCCCCC)OC(OCC#CCCCCCC)=O)(CCC(=O)OCCCCCCCC/C=C\CC(CCCCCC)OC(OCC#CCCCCCC)=O)CCN(C)CCN(CCC(=O)OCCCCCCCC/C=C\CC(CCCCCC)OC(OCC#CCCCCCC)=O)(CCC(=O)OCCCCCCCC/C=C\CC(CCCCCC)OC(OCC#CCCCCCC)=O),0.5439488464768139
N(CCC(=O)OCCCCCCCC/C=C\CC(CCCCCC)OC(OCCC#CCCCC)=O)(CCC(=O)OCCCCCCCC/C=C\CC(CCCCCC)OC(OCCC#CCCCC)=O)CCN(C)CCN(CCC(=O)OCCCCCCCC/C=C\CC(CCCCCC)OC(OCCC#CCCCC)=O)(CCC(=O)OCCCCCCCC/C=C\CC(CCCCCC)OC(OCCC#CCCCC)=O),0.525652869365265
N(CCC(=O)OCCCCCCCC/C=C\CC(CCCCCC)OC(OCCCCCCCCCCCCCCCCCC)=O)(CCC(=O)OCCCCCCCC/C=C\CC(CCCCCC)OC(OCCCCCCCCCCCCCCCCCC)=O)CCN1CCCCC1,0.5631234183818727
N(CCC(=O)OCCCCCCCC/C=C\CC(CCCCCC)OC(OCCC#CCCCCCC)=O)(CCC(=O)OCCCCCCCC/C=C\CC(CCCCCC)OC(OCCC#CCCCCCC)=O)CCN1CCCCC1,0.5360056943202479
N(CCC(=O)OCCCCCCCC/C=C\CC(CCCCCC)OC(OCCCCCCCC/C=C\CCCCCCCC)=O)(CCC(=O)OCCCCCCCC/C=C\CC(CCCCCC)OC(OCCCCCCCC/C=C\CCCCCCCC)=O)CCN1CCCCC1,0.5658945957092263
N(CCC(=O)OCCCCCCCC/C=C\CC(CCCCCC)OC(OCCCCCCCC/C=C\C/C=C\CCCCC)=O)(CCC(=O)OCCCCCCCC/C=C\CC(CCCCCC)OC(OCCCCCCCC/C=C\C/C=C\CCCCC)=O)CCN1CCCCC1,0.5688203461544888
N(CCC(=O)OCCCCCCCC/C=C\CC(CCCCCC)OC(OCC#CCC)=O)(CCC(=O)OCCCCCCCC/C=C\CC(CCCCCC)OC(OCC#CCC)=O)CCN1CCCCC1,0.4611088238554514
N(CCC(=O)OCCCCCCCC/C=C\CC(CCCCCC)OC(OCC#CCCC)=O)(CCC(=O)OCCCCCCCC/C=C\CC(CCCCCC)OC(OCC#CCCC)=O)CCN1CCCCC1,0.4677718187235617
N(CCC(=O)OCCCCCCCC/C=C\CC(CCCCCC)OC(OCC#CCCCC)=O)(CCC(=O)OCCCCCCCC/C=C\CC(CCCCCC)OC(OCC#CCCCC)=O)CCN1CCCCC1,0.49848799901353413
N(CCC(=O)OCCCCCCCC/C=C\CC(CCCCCC)OC(OCC#CCCCCC)=O)(CCC(=O)OCCCCCCCC/C=C\CC(CCCCCC)OC(OCC#CCCCCC)=O)CCN1CCCCC1,0.5011584208769404
N(CCC(=O)OCCCCCCCC/C=C\CC(CCCCCC)OC(OCC#CCCCCCC)=O)(CCC(=O)OCCCCCCCC/C=C\CC(CCCCCC)OC(OCC#CCCCCCC)=O)CCN1CCCCC1,0.527494165789467
N(CCC(=O)OCCCCCCCC/C=C\CC(CCCCCC)OC(OCCC#CCCCC)=O)(CCC(=O)OCCCCCCCC/C=C\CC(CCCCCC)OC(OCCC#CCCCC)=O)CCN1CCCCC1,0.5100635003094651
N(CCC(=O)OCCCCCCCC/C=C\CC(CCCCCC)OC(OCCCCCCCCCCCCCCCCCC)=O)(CCC(=O)OCCCCCCCC/C=C\CC(CCCCCC)OC(OCCCCCCCCCCCCCCCCCC)=O)CCN(C)C,0.5468600628793906
N(CCC(=O)OCCCCCCCC/C=C\CC(CCCCCC)OC(OCCC#CCCCCCC)=O)(CCC(=O)OCCCCCCCC/C=C\CC(CCCCCC)OC(OCCC#CCCCCCC)=O)CCN(C)C,0.5164170808958882
N(CCC(=O)OCCCCCCCC/C=C\CC(CCCCCC)OC(OCCCCCCCC/C=C\CCCCCCCC)=O)(CCC(=O)OCCCCCCCC/C=C\CC(CCCCCC)OC(OCCCCCCCC/C=C\CCCCCCCC)=O)CCN(C)C,0.5502491157181393
N(CCC(=O)OCCCCCCCC/C=C\CC(CCCCCC)OC(OCCCCCCCC/C=C\C/C=C\CCCCC)=O)(CCC(=O)OCCCCCCCC/C=C\CC(CCCCCC)OC(OCCCCCCCC/C=C\C/C=C\CCCCC)=O)CCN(C)C,0.5523401117609442
N(CCC(=O)OCCCCCCCC/C=C\CC(CCCCCC)OC(OCC#CCC)=O)(CCC(=O)OCCCCCCCC/C=C\CC(CCCCCC)OC(OCC#CCC)=O)CCN(C)C,0.4311000166143147
N(CCC(=O)OCCCCCCCC/C=C\CC(CCCCCC)OC(OCC#CCCC)=O)(CCC(=O)OCCCCCCCC/C=C\CC(CCCCCC)OC(OCC#CCCC)=O)CCN(C)C,0.439841379586503
N(CCC(=O)OCCCCCCCC/C=C\CC(CCCCCC)OC(OCC#CCCCC)=O)(CCC(=O)OCCCCCCCC/C=C\CC(CCCCCC)OC(OCC#CCCCC)=O)CCN(C)C,0.47673372388035823
N(CCC(=O)OCCCCCCCC/C=C\CC(CCCCCC)OC(OCC#CCCCCC)=O)(CCC(=O)OCCCCCCCC/C=C\CC(CCCCCC)OC(OCC#CCCCCC)=O)CCN(C)C,0.48048246449270754
N(CCC(=O)OCCCCCCCC/C=C\CC(CCCCCC)OC(OCC#CCCCCCC)=O)(CCC(=O)OCCCCCCCC/C=C\CC(CCCCCC)OC(OCC#CCCCCCC)=O)CCN(C)C,0.50730072175268
N(CCC(=O)OCCCCCCCC/C=C\CC(CCCCCC)OC(OCCC#CCCCC)=O)(CCC(=O)OCCCCCCCC/C=C\CC(CCCCCC)OC(OCCC#CCCCC)=O)CCN(C)C,0.48969180576965593
CC1=NCCN(CCC(=O)OCCCCCCCC/C=C\CC(CCCCCC)OC(OCCCCCCCCCCCCCCCCCC)=O)1,0.4822841794768901
CC1=NCCN(CCC(=O)OCCCCCCCC/C=C\CC(CCCCCC)OC(OCCC#CCCCCCC)=O)1,0.4333308432522224
CC1=NCCN(CCC(=O)OCCCCCCCC/C=C\CC(CCCCCC)OC(OCCCCCCCC/C=C\CCCCCCCC)=O)1,0.48337596008504224
CC1=NCCN(CCC(=O)OCCCCCCCC/C=C\CC(CCCCCC)OC(OCCCCCCCC/C=C\C/C=C\CCCCC)=O)1,0.48013740011041584
CC1=NCCN(CCC(=O)OCCCCCCCC/C=C\CC(CCCCCC)OC(OCC#CCC)=O)1,0.3383305623798179
CC1=NCCN(CCC(=O)OCCCCCCCC/C=C\CC(CCCCCC)OC(OCC#CCCC)=O)1,0.34904453446924505
CC1=NCCN(CCC(=O)OCCCCCCCC/C=C\CC(CCCCCC)OC(OCC#CCCCC)=O)1,0.38459751312042445
CC1=NCCN(CCC(=O)OCCCCCCCC/C=C\CC(CCCCCC)OC(OCC#CCCCCC)=O)1,0.39097661763017083
CC1=NCCN(CCC(=O)OCCCCCCCC/C=C\CC(CCCCCC)OC(OCC#CCCCCCC)=O)1,0.42114598434696215
CC1=NCCN(CCC(=O)OCCCCCCCC/C=C\CC(CCCCCC)OC(OCCC#CCCCC)=O)1,0.4005200036258991
CN(CCC(=O)OCCCCCCCC/C=C\CC(CCCCCC)OC(OCCCCCCCCCCCCCCCCCC)=O)CCOCCOCCN(CCC(=O)OCCCCCCCC/C=C\CC(CCCCCC)OC(OCCCCCCCCCCCCCCCCCC)=O)C,0.411353077429877
CN(CCC(=O)OCCCCCCCC/C=C\CC(CCCCCC)OC(OCCC#CCCCCCC)=O)CCOCCOCCN(CCC(=O)OCCCCCCCC/C=C\CC(CCCCCC)OC(OCCC#CCCCCCC)=O)C,0.348534592094517
CN(CCC(=O)OCCCCCCCC/C=C\CC(CCCCCC)OC(OCCCCCCCC/C=C\CCCCCCCC)=O)CCOCCOCCN(CCC(=O)OCCCCCCCC/C=C\CC(CCCCCC)OC(OCCCCCCCC/C=C\CCCCCCCC)=O)C,0.4124665995363092
CN(CCC(=O)OCCCCCCCC/C=C\CC(CCCCCC)OC(OCCCCCCCC/C=C\C/C=C\CCCCC)=O)CCOCCOCCN(CCC(=O)OCCCCCCCC/C=C\CC(CCCCCC)OC(OCCCCCCCC/C=C\C/C=C\CCCCC)=O)C,0.40930291370781446
CN(CCC(=O)OCCCCCCCC/C=C\CC(CCCCCC)OC(OCC#CCC)=O)CCOCCOCCN(CCC(=O)OCCCCCCCC/C=C\CC(CCCCCC)OC(OCC#CCC)=O)C,0.2416406394794335
CN(CCC(=O)OCCCCCCCC/C=C\CC(CCCCCC)OC(OCC#CCCC)=O)CCOCCOCCN(CCC(=O)OCCCCCCCC/C=C\CC(CCCCCC)OC(OCC#CCCC)=O)C,0.2548188465930984
CN(CCC(=O)OCCCCCCCC/C=C\CC(CCCCCC)OC(OCC#CCCCC)=O)CCOCCOCCN(CCC(=O)OCCCCCCCC/C=C\CC(CCCCCC)OC(OCC#CCCCC)=O)C,0.29356636613060566
CN(CCC(=O)OCCCCCCCC/C=C\CC(CCCCCC)OC(OCC#CCCCCC)=O)CCOCCOCCN(CCC(=O)OCCCCCCCC/C=C\CC(CCCCCC)OC(OCC#CCCCCC)=O)C,0.30227580186148406
CN(CCC(=O)OCCCCCCCC/C=C\CC(CCCCCC)OC(OCC#CCCCCCC)=O)CCOCCOCCN(CCC(=O)OCCCCCCCC/C=C\CC(CCCCCC)OC(OCC#CCCCCCC)=O)C,0.33448776745025144
CN(CCC(=O)OCCCCCCCC/C=C\CC(CCCCCC)OC(OCCC#CCCCC)=O)CCOCCOCCN(CCC(=O)OCCCCCCCC/C=C\CC(CCCCCC)OC(OCCC#CCCCC)=O)C,0.311968042663245
N(CCC(=O)OCCCCCCCC/C=C\CC(CCCCCC)OC(OCCCCCCCCCCCCCCCCCC)=O)(CCC(=O)OCCCCCCCC/C=C\CC(CCCCCC)OC(OCCCCCCCCCCCCCCCCCC)=O)CCC1=NC=CC=C1,0.4948543692105718
N(CCC(=O)OCCCCCCCC/C=C\CC(CCCCCC)OC(OCCC#CCCCCCC)=O)(CCC(=O)OCCCCCCCC/C=C\CC(CCCCCC)OC(OCCC#CCCCCCC)=O)CCC1=NC=CC=C1,0.4477611819695736
N(CCC(=O)OCCCCCCCC/C=C\CC(CCCCCC)OC(OCCCCCCCC/C=C\CCCCCCCC)=O)(CCC(=O)OCCCCCCCC/C=C\CC(CCCCCC)OC(OCCCCCCCC/C=C\CCCCCCCC)=O)CCC1=NC=CC=C1,0.49698393407566815
N(CCC(=O)OCCCCCCCC/C=C\CC(CCCCCC)OC(OCCCCCCCC/C=C\C/C=C\CCCCC)=O)(CCC(=O)OCCCCCCCC/C=C\CC(CCCCCC)OC(OCCCCCCCC/C=C\C/C=C\CCCCC)=O)CCC1=NC=CC=C1,0.49413144950132204
N(CCC(=O)OCCCCCCCC/C=C\CC(CCCCCC)OC(OCC#CCC)=O)(CCC(=O)OCCCCCCCC/C=C\CC(CCCCCC)OC(OCC#CCC)=O)CCC1=NC=CC=C1,0.351677400128088
N(CCC(=O)OCCCCCCCC/C=C\CC(CCCCCC)OC(OCC#CCCC)=O)(CCC(=O)OCCCCCCCC/C=C\CC(CCCCCC)OC(OCC#CCCC)=O)CCC1=NC=CC=C1,0.36227852490657925
N(CCC(=O)OCCCCCCCC/C=C\CC(CCCCCC)OC(OCC#CCCCC)=O)(CCC(=O)OCCCCCCCC/C=C\CC(CCCCCC)OC(OCC#CCCCC)=O)CCC1=NC=CC=C1,0.39866354771864976
N(CCC(=O)OCCCCCCCC/C=C\CC(CCCCCC)OC(OCC#CCCCCC)=O)(CCC(=O)OCCCCCCCC/C=C\CC(CCCCCC)OC(OCC#CCCCCC)=O)CCC1=NC=CC=C1,0.4049138412968053
N(CCC(=O)OCCCCCCCC/C=C\CC(CCCCCC)OC(OCC#CCCCCCC)=O)(CCC(=O)OCCCCCCCC/C=C\CC(CCCCCC)OC(OCC#CCCCCCC)=O)CCC1=NC=CC=C1,0.4357439112983161
N(CCC(=O)OCCCCCCCC/C=C\CC(CCCCCC)OC(OCCC#CCCCC)=O)(CCC(=O)OCCCCCCCC/C=C\CC(CCCCCC)OC(OCCC#CCCCC)=O)CCC1=NC=CC=C1,0.4147505588220685
C1(N2CCN(CCC(=O)OCCCCCCCC/C=C\CC(CCCCCC)OC(OCCCCCCCCCCCCCCCCCC)=O)CC2)=NC=CC=C1,0.3524465130754643
C1(N2CCN(CCC(=O)OCCCCCCCC/C=C\CC(CCCCCC)OC(OCCC#CCCCCCC)=O)CC2)=NC=CC=C1,0.2883124883969135
C1(N2CCN(CCC(=O)OCCCCCCCC/C=C\CC(CCCCCC)OC(OCCCCCCCC/C=C\CCCCCCCC)=O)CC2)=NC=CC=C1,0.3539388137779596
C1(N2CCN(CCC(=O)OCCCCCCCC/C=C\CC(CCCCCC)OC(OCCCCCCCC/C=C\C/C=C\CCCCC)=O)CC2)=NC=CC=C1,0.3501962977863507
C1(N2CCN(CCC(=O)OCCCCCCCC/C=C\CC(CCCCCC)OC(OCC#CCC)=O)CC2)=NC=CC=C1,0.19864480139512483
C1(N2CCN(CCC(=O)OCCCCCCCC/C=C\CC(CCCCCC)OC(OCC#CCCC)=O)CC2)=NC=CC=C1,0.20925301449771286
C1(N2CCN(CCC(=O)OCCCCCCCC/C=C\CC(CCCCCC)OC(OCC#CCCCC)=O)CC2)=NC=CC=C1,0.2397198525635746
C1(N2CCN(CCC(=O)OCCCCCCCC/C=C\CC(CCCCCC)OC(OCC#CCCCCC)=O)CC2)=NC=CC=C1,0.24780646882591467
C1(N2CCN(CCC(=O)OCCCCCCCC/C=C\CC(CCCCCC)OC(OCC#CCCCCCC)=O)CC2)=NC=CC=C1,0.2755803691753568
C1(N2CCN(CCC(=O)OCCCCCCCC/C=C\CC(CCCCCC)OC(OCCC#CCCCC)=O)CC2)=NC=CC=C1,0.25531967540827344
C1(N2CCN(CCC(=O)OCCCCCCCC/C=C\CC(CCCCCC)OC(OCCCCCCCCCCCCCCCCCC)=O)CC2)=CN=CC=C1,0.23651476853972458
C1(N2CCN(CCC(=O)OCCCCCCCC/C=C\CC(CCCCCC)OC(OCCC#CCCCCCC)=O)CC2)=CN=CC=C1,0.15827670631526983
C1(N2CCN(CCC(=O)OCCCCCCCC/C=C\CC(CCCCCC)OC(OCCCCCCCC/C=C\C/C=C\CCCCC)=O)CC2)=CN=CC=C1,0.2385923325061949
C1(N2CCN(CCC(=O)OCCCCCCCC/C=C\CC(CCCCCC)OC(OCC#CCC)=O)CC2)=CN=CC=C1,0.05444002159574687
C1(N2CCN(CCC(=O)OCCCCCCCC/C=C\CC(CCCCCC)OC(OCC#CCCC)=O)CC2)=CN=CC=C1,0.06860395622484056
C1(N2CCN(CCC(=O)OCCCCCCCC/C=C\CC(CCCCCC)OC(OCC#CCCCC)=O)CC2)=CN=CC=C1,0.10321475364575934
C1(N2CCN(CCC(=O)OCCCCCCCC/C=C\CC(CCCCCC)OC(OCC#CCCCCC)=O)CC2)=CN=CC=C1,0.11401089668553543
C1(N2CCN(CCC(=O)OCCCCCCCC/C=C\CC(CCCCCC)OC(OCC#CCCCCCC)=O)CC2)=CN=CC=C1,0.14376425621331837
C1(N2CCN(CCC(=O)OCCCCCCCC/C=C\CC(CCCCCC)OC(OCCC#CCCCC)=O)CC2)=CN=CC=C1,0.12054108971689119
C1(N2CCN(CCC(=O)OCCCCCCCC/C=C\CC(CCCCCC)OC(OCCCCCCCCCCCCCCCCCC)=O)CC2)=CC=NC=C1,0.25784401227296216
C1(N2CCN(CCC(=O)OCCCCCCCC/C=C\CC(CCCCCC)OC(OCCC#CCCCCCC)=O)CC2)=CC=NC=C1,0.1846578403283154
C1(N2CCN(CCC(=O)OCCCCCCCC/C=C\CC(CCCCCC)OC(OCCCCCCCC/C=C\CCCCCCCC)=O)CC2)=CN=CC=C1,0.23655941306838463
C1(N2CCN(CCC(=O)OCCCCCCCC/C=C\CC(CCCCCC)OC(OCCCCCCCC/C=C\C/C=C\CCCCC)=O)CC2)=CC=NC=C1,0.26020275635623
C1(N2CCN(CCC(=O)OCCCCCCCC/C=C\CC(CCCCCC)OC(OCC#CCC)=O)CC2)=CC=NC=C1,0.08432621646601807
C1(N2CCN(CCC(=O)OCCCCCCCC/C=C\CC(CCCCCC)OC(OCC#CCCC)=O)CC2)=CC=NC=C1,0.09833718252955866
C1(N2CCN(CCC(=O)OCCCCCCCC/C=C\CC(CCCCCC)OC(OCC#CCCCC)=O)CC2)=CC=NC=C1,0.13120228655295904
C1(N2CCN(CCC(=O)OCCCCCCCC/C=C\CC(CCCCCC)OC(OCC#CCCCCC)=O)CC2)=CC=NC=C1,0.1417907238269745
C1(N2CCN(CCC(=O)OCCCCCCCC/C=C\CC(CCCCCC)OC(OCC#CCCCCCC)=O)CC2)=CC=NC=C1,0.17071978274119895
C1(N2CCN(CCC(=O)OCCCCCCCC/C=C\CC(CCCCCC)OC(OCCC#CCCCC)=O)CC2)=CC=NC=C1,0.1483705946927565
CN(CCC(=O)OCCCCCCCC/C=C\CC(CCCCCC)OC(OCCCCCCCCCCCCCCCCCC)=O)CCCN1C=CN=C1,0.3023218164023645
CN(CCC(=O)OCCCCCCCC/C=C\CC(CCCCCC)OC(OCCC#CCCCCCC)=O)CCCN1C=CN=C1,0.2293153841044578
CN(CCC(=O)OCCCCCCCC/C=C\CC(CCCCCC)OC(OCCCCCCCC/C=C\CCCCCCCC)=O)CCCN1C=CN=C1,0.3042992801281234
CN(CCC(=O)OCCCCCCCC/C=C\CC(CCCCCC)OC(OCCCCCCCC/C=C\C/C=C\CCCCC)=O)CCCN1C=CN=C1,0.3025510551862847
CN(CCC(=O)OCCCCCCCC/C=C\CC(CCCCCC)OC(OCC#CCC)=O)CCCN1C=CN=C1,0.1293182219211814
CN(CCC(=O)OCCCCCCCC/C=C\CC(CCCCCC)OC(OCC#CCCC)=O)CCCN1C=CN=C1,0.14221048365815175
CN(CCC(=O)OCCCCCCCC/C=C\CC(CCCCCC)OC(OCC#CCCCC)=O)CCCN1C=CN=C1,0.17529666595789872
CN(CCC(=O)OCCCCCCCC/C=C\CC(CCCCCC)OC(OCC#CCCCCC)=O)CCCN1C=CN=C1,0.18531705446931707
CN(CCC(=O)OCCCCCCCC/C=C\CC(CCCCCC)OC(OCC#CCCCCCC)=O)CCCN1C=CN=C1,0.21532586171045373
CN(CCC(=O)OCCCCCCCC/C=C\CC(CCCCCC)OC(OCCC#CCCCC)=O)CCCN1C=CN=C1,0.19286343917370877
N(CCC(=O)OCCCCCCCC/C=C\CC(CCCCCC)OC(OCCCCCCCCCCCCCCCCCC)=O)(CCC(=O)OCCCCCCCC/C=C\CC(CCCCCC)OC(OCCCCCCCCCCCCCCCCCC)=O)CCCN1CCCCCC1,0.5605228969245807
N(CCC(=O)OCCCCCCCC/C=C\CC(CCCCCC)OC(OCCC#CCCCCCC)=O)(CCC(=O)OCCCCCCCC/C=C\CC(CCCCCC)OC(OCCC#CCCCCCC)=O)CCCN1CCCCCC1,0.5334811191925644
N(CCC(=O)OCCCCCCCC/C=C\CC(CCCCCC)OC(OCCCCCCCC/C=C\CCCCCCCC)=O)(CCC(=O)OCCCCCCCC/C=C\CC(CCCCCC)OC(OCCCCCCCC/C=C\CCCCCCCC)=O)CCCN1CCCCCC1,0.563083807158979
N(CCC(=O)OCCCCCCCC/C=C\CC(CCCCCC)OC(OCCCCCCCC/C=C\C/C=C\CCCCC)=O)(CCC(=O)OCCCCCCCC/C=C\CC(CCCCCC)OC(OCCCCCCCC/C=C\C/C=C\CCCCC)=O)CCCN1CCCCCC1,0.5657711754778939
N(CCC(=O)OCCCCCCCC/C=C\CC(CCCCCC)OC(OCC#CCC)=O)(CCC(=O)OCCCCCCCC/C=C\CC(CCCCCC)OC(OCC#CCC)=O)CCCN1CCCCCC1,0.4604815369557596
N(CCC(=O)OCCCCCCCC/C=C\CC(CCCCCC)OC(OCC#CCCC)=O)(CCC(=O)OCCCCCCCC/C=C\CC(CCCCCC)OC(OCC#CCCC)=O)CCCN1CCCCCC1,0.46681435887875633
N(CCC(=O)OCCCCCCCC/C=C\CC(CCCCCC)OC(OCC#CCCCC)=O)(CCC(=O)OCCCCCCCC/C=C\CC(CCCCCC)OC(OCC#CCCCC)=O)CCCN1CCCCCC1,0.4966166218862323
N(CCC(=O)OCCCCCCCC/C=C\CC(CCCCCC)OC(OCC#CCCCCC)=O)(CCC(=O)OCCCCCCCC/C=C\CC(CCCCCC)OC(OCC#CCCCCC)=O)CCCN1CCCCCC1,0.4994060263326918
N(CCC(=O)OCCCCCCCC/C=C\CC(CCCCCC)OC(OCC#CCCCCCC)=O)(CCC(=O)OCCCCCCCC/C=C\CC(CCCCCC)OC(OCC#CCCCCCC)=O)CCCN1CCCCCC1,0.5251581162564586
N(CCC(=O)OCCCCCCCC/C=C\CC(CCCCCC)OC(OCCC#CCCCC)=O)(CCC(=O)OCCCCCCCC/C=C\CC(CCCCCC)OC(OCCC#CCCCC)=O)CCCN1CCCCCC1,0.5080205738258712
CN(CCCN(CCC(=O)OCCCCCCCC/C=C\CC(CCCCCC)OC(OCCCCCCCCCCCCCCCCCC)=O)C)CCCN(CCC(=O)OCCCCCCCC/C=C\CC(CCCCCC)OC(OCCCCCCCCCCCCCCCCCC)=O)C,0.560312927660369
CN(CCCN(CCC(=O)OCCCCCCCC/C=C\CC(CCCCCC)OC(OCCC#CCCCCCC)=O)C)CCCN(CCC(=O)OCCCCCCCC/C=C\CC(CCCCCC)OC(OCCC#CCCCCCC)=O)C,0.5346903038914289
CN(CCCN(CCC(=O)OCCCCCCCC/C=C\CC(CCCCCC)OC(OCCCCCCCC/C=C\CCCCCCCC)=O)C)CCCN(CCC(=O)OCCCCCCCC/C=C\CC(CCCCCC)OC(OCCCCCCCC/C=C\CCCCCCCC)=O)C,0.5633452412300782
CN(CCCN(CCC(=O)OCCCCCCCC/C=C\CC(CCCCCC)OC(OCCCCCCCC/C=C\C/C=C\CCCCC)=O)C)CCCN(CCC(=O)OCCCCCCCC/C=C\CC(CCCCCC)OC(OCCCCCCCC/C=C\C/C=C\CCCCC)=O)C,0.5658811338500173
CN(CCCN(CCC(=O)OCCCCCCCC/C=C\CC(CCCCCC)OC(OCC#CCC)=O)C)CCCN(CCC(=O)OCCCCCCCC/C=C\CC(CCCCCC)OC(OCC#CCC)=O)C,0.4609384360312591
CN(CCCN(CCC(=O)OCCCCCCCC/C=C\CC(CCCCCC)OC(OCC#CCCC)=O)C)CCCN(CCC(=O)OCCCCCCCC/C=C\CC(CCCCCC)OC(OCC#CCCC)=O)C,0.468811866478957
CN(CCCN(CCC(=O)OCCCCCCCC/C=C\CC(CCCCCC)OC(OCC#CCCCC)=O)C)CCCN(CCC(=O)OCCCCCCCC/C=C\CC(CCCCCC)OC(OCC#CCCCC)=O)C,0.4986632712291208
CN(CCCN(CCC(=O)OCCCCCCCC/C=C\CC(CCCCCC)OC(OCC#CCCCCC)=O)C)CCCN(CCC(=O)OCCCCCCCC/C=C\CC(CCCCCC)OC(OCC#CCCCCC)=O)C,0.5014712601891786
CN(CCCN(CCC(=O)OCCCCCCCC/C=C\CC(CCCCCC)OC(OCC#CCCCCCC)=O)C)CCCN(CCC(=O)OCCCCCCCC/C=C\CC(CCCCCC)OC(OCC#CCCCCCC)=O)C,0.5263861832976651
CN(CCCN(CCC(=O)OCCCCCCCC/C=C\CC(CCCCCC)OC(OCCC#CCCCC)=O)C)CCCN(CCC(=O)OCCCCCCCC/C=C\CC(CCCCCC)OC(OCCC#CCCCC)=O)C,0.5102942580199775
CN(CCC(=O)OCCCCCCCC/C=C\CC(CCCCCC)OC(OCCCCCCCCCCCCCCCCCC)=O)CCN(C)C,0.4990297197152003
CN(CCC(=O)OCCCCCCCC/C=C\CC(CCCCCC)OC(OCCC#CCCCCCC)=O)CCN(C)C,0.46015112574765116
CN(CCC(=O)OCCCCCCCC/C=C\CC(CCCCCC)OC(OCCCCCCCC/C=C\CCCCCCCC)=O)CCN(C)C,0.5008668465369925
CN(CCC(=O)OCCCCCCCC/C=C\CC(CCCCCC)OC(OCCCCCCCC/C=C\C/C=C\CCCCC)=O)CCN(C)C,0.5023619468296773
CN(CCC(=O)OCCCCCCCC/C=C\CC(CCCCCC)OC(OCC#CCC)=O)CCN(C)C,0.3711828299843707
CN(CCC(=O)OCCCCCCCC/C=C\CC(CCCCCC)OC(OCC#CCCC)=O)CCN(C)C,0.38079736726693614
CN(CCC(=O)OCCCCCCCC/C=C\CC(CCCCCC)OC(OCC#CCCCC)=O)CCN(C)C,0.41473855632370293
CN(CCC(=O)OCCCCCCCC/C=C\CC(CCCCCC)OC(OCC#CCCCCC)=O)CCN(C)C,0.4202063346610218
CN(CCC(=O)OCCCCCCCC/C=C\CC(CCCCCC)OC(OCC#CCCCCCC)=O)CCN(C)C,0.4489128857209306
CN(CCC(=O)OCCCCCCCC/C=C\CC(CCCCCC)OC(OCCC#CCCCC)=O)CCN(C)C,0.4295607483189596
N(CCC(=O)OCCCCCCCC/C=C\CC(CCCCCC)OC(OCCCCCCCCCCCCCCCCCC)=O)(CCC(=O)OCCCCCCCC/C=C\CC(CCCCCC)OC(OCCCCCCCCCCCCCCCCCC)=O)CCCN(CC)CC,0.5556294515363481
N(CCC(=O)OCCCCCCCC/C=C\CC(CCCCCC)OC(OCCC#CCCCCCC)=O)(CCC(=O)OCCCCCCCC/C=C\CC(CCCCCC)OC(OCCC#CCCCCCC)=O)CCCN(CC)CC,0.5279188695777874
N(CCC(=O)OCCCCCCCC/C=C\CC(CCCCCC)OC(OCCCCCCCC/C=C\CCCCCCCC)=O)(CCC(=O)OCCCCCCCC/C=C\CC(CCCCCC)OC(OCCCCCCCC/C=C\CCCCCCCC)=O)CCCN(CC)CC,0.5589729961430804
N(CCC(=O)OCCCCCCCC/C=C\CC(CCCCCC)OC(OCCCCCCCC/C=C\C/C=C\CCCCC)=O)(CCC(=O)OCCCCCCCC/C=C\CC(CCCCCC)OC(OCCCCCCCC/C=C\C/C=C\CCCCC)=O)CCCN(CC)CC,0.5610633965283983
N(CCC(=O)OCCCCCCCC/C=C\CC(CCCCCC)OC(OCC#CCC)=O)(CCC(=O)OCCCCCCCC/C=C\CC(CCCCCC)OC(OCC#CCC)=O)CCCN(CC)CC,0.4490375568329859
N(CCC(=O)OCCCCCCCC/C=C\CC(CCCCCC)OC(OCC#CCCC)=O)(CCC(=O)OCCCCCCCC/C=C\CC(CCCCCC)OC(OCC#CCCC)=O)CCCN(CC)CC,0.4570733635116742
N(CCC(=O)OCCCCCCCC/C=C\CC(CCCCCC)OC(OCC#CCCCC)=O)(CCC(=O)OCCCCCCCC/C=C\CC(CCCCCC)OC(OCC#CCCCC)=O)CCCN(CC)CC,0.48979005947215726
N(CCC(=O)OCCCCCCCC/C=C\CC(CCCCCC)OC(OCC#CCCCCC)=O)(CCC(=O)OCCCCCCCC/C=C\CC(CCCCCC)OC(OCC#CCCCCC)=O)CCCN(CC)CC,0.4928712467386852
N(CCC(=O)OCCCCCCCC/C=C\CC(CCCCCC)OC(OCC#CCCCCCC)=O)(CCC(=O)OCCCCCCCC/C=C\CC(CCCCCC)OC(OCC#CCCCCCC)=O)CCCN(CC)CC,0.5191400695325332
N(CCC(=O)OCCCCCCCC/C=C\CC(CCCCCC)OC(OCCC#CCCCC)=O)(CCC(=O)OCCCCCCCC/C=C\CC(CCCCCC)OC(OCCC#CCCCC)=O)CCCN(CC)CC,0.5018548040451387
N(CCC(=O)OCCCCCCCC/C=C\CC(CCCCCC)OC(OCCCCCCCCCCCCCCCCCC)=O)(CCC(=O)OCCCCCCCC/C=C\CC(CCCCCC)OC(OCCCCCCCCCCCCCCCCCC)=O)CCCN1CCCCC1,0.5642066215222103
N(CCC(=O)OCCCCCCCC/C=C\CC(CCCCCC)OC(OCCC#CCCCCCC)=O)(CCC(=O)OCCCCCCCC/C=C\CC(CCCCCC)OC(OCCC#CCCCCCC)=O)CCCN1CCCCC1,0.537660907345472
N(CCC(=O)OCCCCCCCC/C=C\CC(CCCCCC)OC(OCCCCCCCC/C=C\CCCCCCCC)=O)(CCC(=O)OCCCCCCCC/C=C\CC(CCCCCC)OC(OCCCCCCCC/C=C\CCCCCCCC)=O)CCCN1CCCCC1,0.5670782267018931
N(CCC(=O)OCCCCCCCC/C=C\CC(CCCCCC)OC(OCCCCCCCC/C=C\C/C=C\CCCCC)=O)(CCC(=O)OCCCCCCCC/C=C\CC(CCCCCC)OC(OCCCCCCCC/C=C\C/C=C\CCCCC)=O)CCCN1CCCCC1,0.5699535845237449
N(CCC(=O)OCCCCCCCC/C=C\CC(CCCCCC)OC(OCC#CCC)=O)(CCC(=O)OCCCCCCCC/C=C\CC(CCCCCC)OC(OCC#CCC)=O)CCCN1CCCCC1,0.4638512607090511
N(CCC(=O)OCCCCCCCC/C=C\CC(CCCCCC)OC(OCC#CCCC)=O)(CCC(=O)OCCCCCCCC/C=C\CC(CCCCCC)OC(OCC#CCCC)=O)CCCN1CCCCC1,0.4703004741050321
N(CCC(=O)OCCCCCCCC/C=C\CC(CCCCCC)OC(OCC#CCCCC)=O)(CCC(=O)OCCCCCCCC/C=C\CC(CCCCCC)OC(OCC#CCCCC)=O)CCCN1CCCCC1,0.5006854688321628
N(CCC(=O)OCCCCCCCC/C=C\CC(CCCCCC)OC(OCC#CCCCCC)=O)(CCC(=O)OCCCCCCCC/C=C\CC(CCCCCC)OC(OCC#CCCCCC)=O)CCCN1CCCCC1,0.5032290454336857
N(CCC(=O)OCCCCCCCC/C=C\CC(CCCCCC)OC(OCC#CCCCCCC)=O)(CCC(=O)OCCCCCCCC/C=C\CC(CCCCCC)OC(OCC#CCCCCCC)=O)CCCN1CCCCC1,0.5292279460372429
N(CCC(=O)OCCCCCCCC/C=C\CC(CCCCCC)OC(OCCC#CCCCC)=O)(CCC(=O)OCCCCCCCC/C=C\CC(CCCCCC)OC(OCCC#CCCCC)=O)CCCN1CCCCC1,0.5121651586212896
N(CCC(=O)OCCCCCCCC/C=C\CC(CCCCCC)OC(OCCCCCCCCCCCCCCCCCC)=O)(CCC(=O)OCCCCCCCC/C=C\CC(CCCCCC)OC(OCCCCCCCCCCCCCCCCCC)=O)CCCN(CCC(=O)OCCCCCCCC/C=C\CC(CCCCCC)OC(OCCCCCCCCCCCCCCCCCC)=O)CCCN(CCC(=O)OCCCCCCCC/C=C\CC(CCCCCC)OC(OCCCCCCCCCCCCCCCCCC)=O)(CCC(=O)OCCCCCCCC/C=C\CC(CCCCCC)OC(OCCCCCCCCCCCCCCCCCC)=O),0.5787874233208095
N(CCC(=O)OCCCCCCCC/C=C\CC(CCCCCC)OC(OCCC#CCCCCCC)=O)(CCC(=O)OCCCCCCCC/C=C\CC(CCCCCC)OC(OCCC#CCCCCCC)=O)CCCN(CCC(=O)OCCCCCCCC/C=C\CC(CCCCCC)OC(OCCC#CCCCCCC)=O)CCCN(CCC(=O)OCCCCCCCC/C=C\CC(CCCCCC)OC(OCCC#CCCCCCC)=O)(CCC(=O)OCCCCCCCC/C=C\CC(CCCCCC)OC(OCCC#CCCCCCC)=O),0.5549213339156535
N(CCC(=O)OCCCCCCCC/C=C\CC(CCCCCC)OC(OCCCCCCCC/C=C\CCCCCCCC)=O)(CCC(=O)OCCCCCCCC/C=C\CC(CCCCCC)OC(OCCCCCCCC/C=C\CCCCCCCC)=O)CCCN(CCC(=O)OCCCCCCCC/C=C\CC(CCCCCC)OC(OCCCCCCCC/C=C\CCCCCCCC)=O)CCCN(CCC(=O)OCCCCCCCC/C=C\CC(CCCCCC)OC(OCCCCCCCC/C=C\CCCCCCCC)=O)(CCC(=O)OCCCCCCCC/C=C\CC(CCCCCC)OC(OCCCCCCCC/C=C\CCCCCCCC)=O),0.5825696101010609
N(CCC(=O)OCCCCCCCC/C=C\CC(CCCCCC)OC(OCCCCCCCC/C=C\C/C=C\CCCCC)=O)(CCC(=O)OCCCCCCCC/C=C\CC(CCCCCC)OC(OCCCCCCCC/C=C\C/C=C\CCCCC)=O)CCCN(CCC(=O)OCCCCCCCC/C=C\CC(CCCCCC)OC(OCCCCCCCC/C=C\C/C=C\CCCCC)=O)CCCN(CCC(=O)OCCCCCCCC/C=C\CC(CCCCCC)OC(OCCCCCCCC/C=C\C/C=C\CCCCC)=O)(CCC(=O)OCCCCCCCC/C=C\CC(CCCCCC)OC(OCCCCCCCC/C=C\C/C=C\CCCCC)=O),0.586848753922821
N(CCC(=O)OCCCCCCCC/C=C\CC(CCCCCC)OC(OCC#CCC)=O)(CCC(=O)OCCCCCCCC/C=C\CC(CCCCCC)OC(OCC#CCC)=O)CCCN(CCC(=O)OCCCCCCCC/C=C\CC(CCCCCC)OC(OCC#CCC)=O)CCCN(CCC(=O)OCCCCCCCC/C=C\CC(CCCCCC)OC(OCC#CCC)=O)(CCC(=O)OCCCCCCCC/C=C\CC(CCCCCC)OC(OCC#CCC)=O),0.47384240243785153
N(CCC(=O)OCCCCCCCC/C=C\CC(CCCCCC)OC(OCC#CCCC)=O)(CCC(=O)OCCCCCCCC/C=C\CC(CCCCCC)OC(OCC#CCCC)=O)CCCN(CCC(=O)OCCCCCCCC/C=C\CC(CCCCCC)OC(OCC#CCCC)=O)CCCN(CCC(=O)OCCCCCCCC/C=C\CC(CCCCCC)OC(OCC#CCCC)=O)(CCC(=O)OCCCCCCCC/C=C\CC(CCCCCC)OC(OCC#CCCC)=O),0.4820108620389226
N(CCC(=O)OCCCCCCCC/C=C\CC(CCCCCC)OC(OCC#CCCCC)=O)(CCC(=O)OCCCCCCCC/C=C\CC(CCCCCC)OC(OCC#CCCCC)=O)CCCN(CCC(=O)OCCCCCCCC/C=C\CC(CCCCCC)OC(OCC#CCCCC)=O)CCCN(CCC(=O)OCCCCCCCC/C=C\CC(CCCCCC)OC(OCC#CCCCC)=O)(CCC(=O)OCCCCCCCC/C=C\CC(CCCCCC)OC(OCC#CCCCC)=O),0.5153006996335178
N(CCC(=O)OCCCCCCCC/C=C\CC(CCCCCC)OC(OCC#CCCCCC)=O)(CCC(=O)OCCCCCCCC/C=C\CC(CCCCCC)OC(OCC#CCCCCC)=O)CCCN(CCC(=O)OCCCCCCCC/C=C\CC(CCCCCC)OC(OCC#CCCCCC)=O)CCCN(CCC(=O)OCCCCCCCC/C=C\CC(CCCCCC)OC(OCC#CCCCCC)=O)(CCC(=O)OCCCCCCCC/C=C\CC(CCCCCC)OC(OCC#CCCCCC)=O),0.5176599202427753
N(CCC(=O)OCCCCCCCC/C=C\CC(CCCCCC)OC(OCC#CCCCCCC)=O)(CCC(=O)OCCCCCCCC/C=C\CC(CCCCCC)OC(OCC#CCCCCCC)=O)CCCN(CCC(=O)OCCCCCCCC/C=C\CC(CCCCCC)OC(OCC#CCCCCCC)=O)CCCN(CCC(=O)OCCCCCCCC/C=C\CC(CCCCCC)OC(OCC#CCCCCCC)=O)(CCC(=O)OCCCCCCCC/C=C\CC(CCCCCC)OC(OCC#CCCCCCC)=O),0.546065098397073
N(CCC(=O)OCCCCCCCC/C=C\CC(CCCCCC)OC(OCCC#CCCCC)=O)(CCC(=O)OCCCCCCCC/C=C\CC(CCCCCC)OC(OCCC#CCCCC)=O)CCCN(CCC(=O)OCCCCCCCC/C=C\CC(CCCCCC)OC(OCCC#CCCCC)=O)CCCN(CCC(=O)OCCCCCCCC/C=C\CC(CCCCCC)OC(OCCC#CCCCC)=O)(CCC(=O)OCCCCCCCC/C=C\CC(CCCCCC)OC(OCCC#CCCCC)=O),0.5277273061299279
CN(C)CCCN(CCC(=O)OCCCCCCCC/C=C\CC(CCCCCC)OC(OCCCCCCCCCCCCCCCCCC)=O)CCCN(C)C,0.5080921122900749
CN(C)CCCN(CCC(=O)OCCCCCCCC/C=C\CC(CCCCCC)OC(OCCC#CCCCCCC)=O)CCCN(C)C,0.47615983767438724
CN(C)CCCN(CCC(=O)OCCCCCCCC/C=C\CC(CCCCCC)OC(OCCCCCCCC/C=C\CCCCCCCC)=O)CCCN(C)C,0.5094387151712193
CN(C)CCCN(CCC(=O)OCCCCCCCC/C=C\CC(CCCCCC)OC(OCCCCCCCC/C=C\C/C=C\CCCCC)=O)CCCN(C)C,0.5115945187486235
CN(C)CCCN(CCC(=O)OCCCCCCCC/C=C\CC(CCCCCC)OC(OCC#CCC)=O)CCCN(C)C,0.40093937627970977
CN(C)CCCN(CCC(=O)OCCCCCCCC/C=C\CC(CCCCCC)OC(OCC#CCCC)=O)CCCN(C)C,0.4084361427154239
CN(C)CCCN(CCC(=O)OCCCCCCCC/C=C\CC(CCCCCC)OC(OCC#CCCCC)=O)CCCN(C)C,0.4375021135030641
CN(C)CCCN(CCC(=O)OCCCCCCCC/C=C\CC(CCCCCC)OC(OCC#CCCCCC)=O)CCCN(C)C,0.44160917187679377
CN(C)CCCN(CCC(=O)OCCCCCCCC/C=C\CC(CCCCCC)OC(OCC#CCCCCCC)=O)CCCN(C)C,0.46712145009624384
CN(C)CCCN(CCC(=O)OCCCCCCCC/C=C\CC(CCCCCC)OC(OCCC#CCCCC)=O)CCCN(C)C,0.4501756795936364
N(CCC(=O)OCCCCCCCC/C=C\CC(CCCCCC)OC(OCCCCCCCCCCCCCCCCCC)=O)(CCC(=O)OCCCCCCCC/C=C\CC(CCCCCC)OC(OCCCCCCCCCCCCCCCCCC)=O)CCCN(CCC(=O)OCCCCCCCC/C=C\CC(CCCCCC)OC(OCCCCCCCCCCCCCCCCCC)=O)CCCN(C)C,0.564210612427374
N(CCC(=O)OCCCCCCCC/C=C\CC(CCCCCC)OC(OCCC#CCCCCCC)=O)(CCC(=O)OCCCCCCCC/C=C\CC(CCCCCC)OC(OCCC#CCCCCCC)=O)CCCN(CCC(=O)OCCCCCCCC/C=C\CC(CCCCCC)OC(OCCC#CCCCCCC)=O)CCCN(C)C,0.5379903655016011
N(CCC(=O)OCCCCCCCC/C=C\CC(CCCCCC)OC(OCCCCCCCC/C=C\CCCCCCCC)=O)(CCC(=O)OCCCCCCCC/C=C\CC(CCCCCC)OC(OCCCCCCCC/C=C\CCCCCCCC)=O)CCCN(CCC(=O)OCCCCCCCC/C=C\CC(CCCCCC)OC(OCCCCCCCC/C=C\CCCCCCCC)=O)CCCN(C)C,0.5674623066495916
N(CCC(=O)OCCCCCCCC/C=C\CC(CCCCCC)OC(OCCCCCCCC/C=C\C/C=C\CCCCC)=O)(CCC(=O)OCCCCCCCC/C=C\CC(CCCCCC)OC(OCCCCCCCC/C=C\C/C=C\CCCCC)=O)CCCN(CCC(=O)OCCCCCCCC/C=C\CC(CCCCCC)OC(OCCCCCCCC/C=C\C/C=C\CCCCC)=O)CCCN(C)C,0.5705746765855706
N(CCC(=O)OCCCCCCCC/C=C\CC(CCCCCC)OC(OCC#CCC)=O)(CCC(=O)OCCCCCCCC/C=C\CC(CCCCCC)OC(OCC#CCC)=O)CCCN(CCC(=O)OCCCCCCCC/C=C\CC(CCCCCC)OC(OCC#CCC)=O)CCCN(C)C,0.4582411797980579
N(CCC(=O)OCCCCCCCC/C=C\CC(CCCCCC)OC(OCC#CCCC)=O)(CCC(=O)OCCCCCCCC/C=C\CC(CCCCCC)OC(OCC#CCCC)=O)CCCN(CCC(=O)OCCCCCCCC/C=C\CC(CCCCCC)OC(OCC#CCCC)=O)CCCN(C)C,0.466472838658513
N(CCC(=O)OCCCCCCCC/C=C\CC(CCCCCC)OC(OCC#CCCCC)=O)(CCC(=O)OCCCCCCCC/C=C\CC(CCCCCC)OC(OCC#CCCCC)=O)CCCN(CCC(=O)OCCCCCCCC/C=C\CC(CCCCCC)OC(OCC#CCCCC)=O)CCCN(C)C,0.4994781902372571
N(CCC(=O)OCCCCCCCC/C=C\CC(CCCCCC)OC(OCC#CCCCCC)=O)(CCC(=O)OCCCCCCCC/C=C\CC(CCCCCC)OC(OCC#CCCCCC)=O)CCCN(CCC(=O)OCCCCCCCC/C=C\CC(CCCCCC)OC(OCC#CCCCCC)=O)CCCN(C)C,0.5022620550690864
N(CCC(=O)OCCCCCCCC/C=C\CC(CCCCCC)OC(OCC#CCCCCCC)=O)(CCC(=O)OCCCCCCCC/C=C\CC(CCCCCC)OC(OCC#CCCCCCC)=O)CCCN(CCC(=O)OCCCCCCCC/C=C\CC(CCCCCC)OC(OCC#CCCCCCC)=O)CCCN(C)C,0.529280959553597
N(CCC(=O)OCCCCCCCC/C=C\CC(CCCCCC)OC(OCCC#CCCCC)=O)(CCC(=O)OCCCCCCCC/C=C\CC(CCCCCC)OC(OCCC#CCCCC)=O)CCCN(CCC(=O)OCCCCCCCC/C=C\CC(CCCCCC)OC(OCCC#CCCCC)=O)CCCN(C)C,0.5115319747124754
N(CCC(=O)OCCCCCCCC/C=C\CC(CCCCCC)OC(OCCCCCCCCCCCCCCCCCC)=O)(CCC(=O)OCCCCCCCC/C=C\CC(CCCCCC)OC(OCCCCCCCCCCCCCCCCCC)=O)CCCN(CCC(=O)OCCCCCCCC/C=C\CC(CCCCCC)OC(OCCCCCCCCCCCCCCCCCC)=O)CCN(CCC(=O)OCCCCCCCC/C=C\CC(CCCCCC)OC(OCCCCCCCCCCCCCCCCCC)=O)CCCN(CCC(=O)OCCCCCCCC/C=C\CC(CCCCCC)OC(OCCCCCCCCCCCCCCCCCC)=O)(CCC(=O)OCCCCCCCC/C=C\CC(CCCCCC)OC(OCCCCCCCCCCCCCCCCCC)=O),0.5794831512657719
N(CCC(=O)OCCCCCCCC/C=C\CC(CCCCCC)OC(OCCC#CCCCCCC)=O)(CCC(=O)OCCCCCCCC/C=C\CC(CCCCCC)OC(OCCC#CCCCCCC)=O)CCCN(CCC(=O)OCCCCCCCC/C=C\CC(CCCCCC)OC(OCCC#CCCCCCC)=O)CCN(CCC(=O)OCCCCCCCC/C=C\CC(CCCCCC)OC(OCCC#CCCCCCC)=O)CCCN(CCC(=O)OCCCCCCCC/C=C\CC(CCCCCC)OC(OCCC#CCCCCCC)=O)(CCC(=O)OCCCCCCCC/C=C\CC(CCCCCC)OC(OCCC#CCCCCCC)=O),0.5559633175578819
N(CCC(=O)OCCCCCCCC/C=C\CC(CCCCCC)OC(OCCCCCCCC/C=C\CCCCCCCC)=O)(CCC(=O)OCCCCCCCC/C=C\CC(CCCCCC)OC(OCCCCCCCC/C=C\CCCCCCCC)=O)CCCN(CCC(=O)OCCCCCCCC/C=C\CC(CCCCCC)OC(OCCCCCCCC/C=C\CCCCCCCC)=O)CCN(CCC(=O)OCCCCCCCC/C=C\CC(CCCCCC)OC(OCCCCCCCC/C=C\CCCCCCCC)=O)CCCN(CCC(=O)OCCCCCCCC/C=C\CC(CCCCCC)OC(OCCCCCCCC/C=C\CCCCCCCC)=O)(CCC(=O)OCCCCCCCC/C=C\CC(CCCCCC)OC(OCCCCCCCC/C=C\CCCCCCCC)=O),0.5832748685658173
N(CCC(=O)OCCCCCCCC/C=C\CC(CCCCCC)OC(OCCCCCCCC/C=C\C/C=C\CCCCC)=O)(CCC(=O)OCCCCCCCC/C=C\CC(CCCCCC)OC(OCCCCCCCC/C=C\C/C=C\CCCCC)=O)CCCN(CCC(=O)OCCCCCCCC/C=C\CC(CCCCCC)OC(OCCCCCCCC/C=C\C/C=C\CCCCC)=O)CCN(CCC(=O)OCCCCCCCC/C=C\CC(CCCCCC)OC(OCCCCCCCC/C=C\C/C=C\CCCCC)=O)CCCN(CCC(=O)OCCCCCCCC/C=C\CC(CCCCCC)OC(OCCCCCCCC/C=C\C/C=C\CCCCC)=O)(CCC(=O)OCCCCCCCC/C=C\CC(CCCCCC)OC(OCCCCCCCC/C=C\C/C=C\CCCCC)=O),0.587535666136974
N(CCC(=O)OCCCCCCCC/C=C\CC(CCCCCC)OC(OCC#CCC)=O)(CCC(=O)OCCCCCCCC/C=C\CC(CCCCCC)OC(OCC#CCC)=O)CCCN(CCC(=O)OCCCCCCCC/C=C\CC(CCCCCC)OC(OCC#CCC)=O)CCN(CCC(=O)OCCCCCCCC/C=C\CC(CCCCCC)OC(OCC#CCC)=O)CCCN(CCC(=O)OCCCCCCCC/C=C\CC(CCCCCC)OC(OCC#CCC)=O)(CCC(=O)OCCCCCCCC/C=C\CC(CCCCCC)OC(OCC#CCC)=O),0.4756868856296097
N(CCC(=O)OCCCCCCCC/C=C\CC(CCCCCC)OC(OCC#CCCC)=O)(CCC(=O)OCCCCCCCC/C=C\CC(CCCCCC)OC(OCC#CCCC)=O)CCCN(CCC(=O)OCCCCCCCC/C=C\CC(CCCCCC)OC(OCC#CCCC)=O)CCN(CCC(=O)OCCCCCCCC/C=C\CC(CCCCCC)OC(OCC#CCCC)=O)CCCN(CCC(=O)OCCCCCCCC/C=C\CC(CCCCCC)OC(OCC#CCCC)=O)(CCC(=O)OCCCCCCCC/C=C\CC(CCCCCC)OC(OCC#CCCC)=O),0.4836372154588955
N(CCC(=O)OCCCCCCCC/C=C\CC(CCCCCC)OC(OCC#CCCCC)=O)(CCC(=O)OCCCCCCCC/C=C\CC(CCCCCC)OC(OCC#CCCCC)=O)CCCN(CCC(=O)OCCCCCCCC/C=C\CC(CCCCCC)OC(OCC#CCCCC)=O)CCN(CCC(=O)OCCCCCCCC/C=C\CC(CCCCCC)OC(OCC#CCCCC)=O)CCCN(CCC(=O)OCCCCCCCC/C=C\CC(CCCCCC)OC(OCC#CCCCC)=O)(CCC(=O)OCCCCCCCC/C=C\CC(CCCCCC)OC(OCC#CCCCC)=O),0.5166270501600999
N(CCC(=O)OCCCCCCCC/C=C\CC(CCCCCC)OC(OCC#CCCCCC)=O)(CCC(=O)OCCCCCCCC/C=C\CC(CCCCCC)OC(OCC#CCCCCC)=O)CCCN(CCC(=O)OCCCCCCCC/C=C\CC(CCCCCC)OC(OCC#CCCCCC)=O)CCN(CCC(=O)OCCCCCCCC/C=C\CC(CCCCCC)OC(OCC#CCCCCC)=O)CCCN(CCC(=O)OCCCCCCCC/C=C\CC(CCCCCC)OC(OCC#CCCCCC)=O)(CCC(=O)OCCCCCCCC/C=C\CC(CCCCCC)OC(OCC#CCCCCC)=O),0.5189377842499054
N(CCC(=O)OCCCCCCCC/C=C\CC(CCCCCC)OC(OCC#CCCCCCC)=O)(CCC(=O)OCCCCCCCC/C=C\CC(CCCCCC)OC(OCC#CCCCCCC)=O)CCCN(CCC(=O)OCCCCCCCC/C=C\CC(CCCCCC)OC(OCC#CCCCCCC)=O)CCN(CCC(=O)OCCCCCCCC/C=C\CC(CCCCCC)OC(OCC#CCCCCCC)=O)CCCN(CCC(=O)OCCCCCCCC/C=C\CC(CCCCCC)OC(OCC#CCCCCCC)=O)(CCC(=O)OCCCCCCCC/C=C\CC(CCCCCC)OC(OCC#CCCCCCC)=O),0.5471597381611634
N(CCC(=O)OCCCCCCCC/C=C\CC(CCCCCC)OC(OCCC#CCCCC)=O)(CCC(=O)OCCCCCCCC/C=C\CC(CCCCCC)OC(OCCC#CCCCC)=O)CCCN(CCC(=O)OCCCCCCCC/C=C\CC(CCCCCC)OC(OCCC#CCCCC)=O)CCN(CCC(=O)OCCCCCCCC/C=C\CC(CCCCCC)OC(OCCC#CCCCC)=O)CCCN(CCC(=O)OCCCCCCCC/C=C\CC(CCCCCC)OC(OCCC#CCCCC)=O)(CCC(=O)OCCCCCCCC/C=C\CC(CCCCCC)OC(OCCC#CCCCC)=O),0.5289507270427347
CN(C)CCCN1CCN(CCC(=O)OCCCCCCCC/C=C\CC(CCCCCC)OC(OCCCCCCCCCCCCCCCCCC)=O)CC1,0.5015416669041569
CN(C)CCCN1CCN(CCC(=O)OCCCCCCCC/C=C\CC(CCCCCC)OC(OCCC#CCCCCCC)=O)CC1,0.4678721870101424
CN(C)CCCN1CCN(CCC(=O)OCCCCCCCC/C=C\CC(CCCCCC)OC(OCCCCCCCC/C=C\CCCCCCCC)=O)CC1,0.502674488313172
CN(C)CCCN1CCN(CCC(=O)OCCCCCCCC/C=C\CC(CCCCCC)OC(OCCCCCCCC/C=C\C/C=C\CCCCC)=O)CC1,0.5048706774682034
CN(C)CCCN1CCN(CCC(=O)OCCCCCCCC/C=C\CC(CCCCCC)OC(OCC#CCC)=O)CC1,0.39022233655422395
CN(C)CCCN1CCN(CCC(=O)OCCCCCCCC/C=C\CC(CCCCCC)OC(OCC#CCCC)=O)CC1,0.39817522771070435
CN(C)CCCN1CCN(CCC(=O)OCCCCCCCC/C=C\CC(CCCCCC)OC(OCC#CCCCC)=O)CC1,0.4281097862460708
CN(C)CCCN1CCN(CCC(=O)OCCCCCCCC/C=C\CC(CCCCCC)OC(OCC#CCCCCC)=O)CC1,0.43253707008487907
CN(C)CCCN1CCN(CCC(=O)OCCCCCCCC/C=C\CC(CCCCCC)OC(OCC#CCCCCCC)=O)CC1,0.4580117920997659
CN(C)CCCN1CCN(CCC(=O)OCCCCCCCC/C=C\CC(CCCCCC)OC(OCCC#CCCCC)=O)CC1,0.4410790962790009
CN(C)CCN1CCN(CCC(=O)OCCCCCCCC/C=C\CC(CCCCCC)OC(OCCCCCCCCCCCCCCCCCC)=O)CC1,0.4969276146602605
CN(C)CCN1CCN(CCC(=O)OCCCCCCCC/C=C\CC(CCCCCC)OC(OCCC#CCCCCCC)=O)CC1,0.4608250228457105
CN(C)CCN1CCN(CCC(=O)OCCCCCCCC/C=C\CC(CCCCCC)OC(OCCCCCCCC/C=C\CCCCCCCC)=O)CC1,0.4980666011242673
CN(C)CCN1CCN(CCC(=O)OCCCCCCCC/C=C\CC(CCCCCC)OC(OCCCCCCCC/C=C\C/C=C\CCCCC)=O)CC1,0.4994420636106629
CN(C)CCN1CCN(CCC(=O)OCCCCCCCC/C=C\CC(CCCCCC)OC(OCC#CCC)=O)CC1,0.380533610131637
CN(C)CCN1CCN(CCC(=O)OCCCCCCCC/C=C\CC(CCCCCC)OC(OCC#CCCC)=O)CC1,0.3890142836045849
CN(C)CCN1CCN(CCC(=O)OCCCCCCCC/C=C\CC(CCCCCC)OC(OCC#CCCCC)=O)CC1,0.4197634335364697
CN(C)CCN1CCN(CCC(=O)OCCCCCCCC/C=C\CC(CCCCCC)OC(OCC#CCCCCC)=O)CC1,0.4246595593833944
CN(C)CCN1CCN(CCC(=O)OCCCCCCCC/C=C\CC(CCCCCC)OC(OCC#CCCCCCC)=O)CC1,0.4508786745599418
CN(C)CCN1CCN(CCC(=O)OCCCCCCCC/C=C\CC(CCCCCC)OC(OCCC#CCCCC)=O)CC1,0.43319607574576025
N(CCC(=O)OCCCCCCCC/C=C\CC(CCCCCC)OC(OCCCCCCCCCCCCCCCCCC)=O)(CCC(=O)OCCCCCCCC/C=C\CC(CCCCCC)OC(OCCCCCCCCCCCCCCCCCC)=O)CCN1CCCCN(C)CC1,0.5344210667072483
N(CCC(=O)OCCCCCCCC/C=C\CC(CCCCCC)OC(OCCC#CCCCCCC)=O)(CCC(=O)OCCCCCCCC/C=C\CC(CCCCCC)OC(OCCC#CCCCCCC)=O)CCN1CCCCN(C)CC1,0.5024405140522291
N(CCC(=O)OCCCCCCCC/C=C\CC(CCCCCC)OC(OCCCCCCCC/C=C\CCCCCCCC)=O)(CCC(=O)OCCCCCCCC/C=C\CC(CCCCCC)OC(OCCCCCCCC/C=C\CCCCCCCC)=O)CCN1CCCCN(C)CC1,0.5362007125815328
N(CCC(=O)OCCCCCCCC/C=C\CC(CCCCCC)OC(OCCCCCCCC/C=C\C/C=C\CCCCC)=O)(CCC(=O)OCCCCCCCC/C=C\CC(CCCCCC)OC(OCCCCCCCC/C=C\C/C=C\CCCCC)=O)CCN1CCCCN(C)CC1,0.5383448412721894
N(CCC(=O)OCCCCCCCC/C=C\CC(CCCCCC)OC(OCC#CCC)=O)(CCC(=O)OCCCCCCCC/C=C\CC(CCCCCC)OC(OCC#CCC)=O)CCN1CCCCN(C)CC1,0.4235622987263607
N(CCC(=O)OCCCCCCCC/C=C\CC(CCCCCC)OC(OCC#CCCC)=O)(CCC(=O)OCCCCCCCC/C=C\CC(CCCCCC)OC(OCC#CCCC)=O)CCN1CCCCN(C)CC1,0.4318169201829445
N(CCC(=O)OCCCCCCCC/C=C\CC(CCCCCC)OC(OCC#CCCCC)=O)(CCC(=O)OCCCCCCCC/C=C\CC(CCCCCC)OC(OCC#CCCCC)=O)CCN1CCCCN(C)CC1,0.46548744247756146
N(CCC(=O)OCCCCCCCC/C=C\CC(CCCCCC)OC(OCC#CCCCCC)=O)(CCC(=O)OCCCCCCCC/C=C\CC(CCCCCC)OC(OCC#CCCCCC)=O)CCN1CCCCN(C)CC1,0.4690527205838762
N(CCC(=O)OCCCCCCCC/C=C\CC(CCCCCC)OC(OCC#CCCCCCC)=O)(CCC(=O)OCCCCCCCC/C=C\CC(CCCCCC)OC(OCC#CCCCCCC)=O)CCN1CCCCN(C)CC1,0.4937883805716122
N(CCC(=O)OCCCCCCCC/C=C\CC(CCCCCC)OC(OCCC#CCCCC)=O)(CCC(=O)OCCCCCCCC/C=C\CC(CCCCCC)OC(OCCC#CCCCC)=O)CCN1CCCCN(C)CC1,0.4773018024258297
N(CCC(=O)OCCCCCCCC/C=C\CC(CCCCCC)OC(OCCCCCCCCCCCCCCCCCC)=O)(CCC(=O)OCCCCCCCC/C=C\CC(CCCCCC)OC(OCCCCCCCCCCCCCCCCCC)=O)CCC1N(C)CCCC1,0.5273419157357577
N(CCC(=O)OCCCCCCCC/C=C\CC(CCCCCC)OC(OCCC#CCCCCCC)=O)(CCC(=O)OCCCCCCCC/C=C\CC(CCCCCC)OC(OCCC#CCCCCCC)=O)CCC1N(C)CCCC1,0.49360328000748793
N(CCC(=O)OCCCCCCCC/C=C\CC(CCCCCC)OC(OCCCCCCCC/C=C\CCCCCCCC)=O)(CCC(=O)OCCCCCCCC/C=C\CC(CCCCCC)OC(OCCCCCCCC/C=C\CCCCCCCC)=O)CCC1N(C)CCCC1,0.5290931487479064
N(CCC(=O)OCCCCCCCC/C=C\CC(CCCCCC)OC(OCCCCCCCC/C=C\C/C=C\CCCCC)=O)(CCC(=O)OCCCCCCCC/C=C\CC(CCCCCC)OC(OCCCCCCCC/C=C\C/C=C\CCCCC)=O)CCC1N(C)CCCC1,0.5311827152127423
N(CCC(=O)OCCCCCCCC/C=C\CC(CCCCCC)OC(OCC#CCC)=O)(CCC(=O)OCCCCCCCC/C=C\CC(CCCCCC)OC(OCC#CCC)=O)CCC1N(C)CCCC1,0.41043799861528063
N(CCC(=O)OCCCCCCCC/C=C\CC(CCCCCC)OC(OCC#CCCC)=O)(CCC(=O)OCCCCCCCC/C=C\CC(CCCCCC)OC(OCC#CCCC)=O)CCC1N(C)CCCC1,0.4192543846479724
N(CCC(=O)OCCCCCCCC/C=C\CC(CCCCCC)OC(OCC#CCCCC)=O)(CCC(=O)OCCCCCCCC/C=C\CC(CCCCCC)OC(OCC#CCCCC)=O)CCC1N(C)CCCC1,0.45423002227975545
N(CCC(=O)OCCCCCCCC/C=C\CC(CCCCCC)OC(OCC#CCCCCC)=O)(CCC(=O)OCCCCCCCC/C=C\CC(CCCCCC)OC(OCC#CCCCCC)=O)CCC1N(C)CCCC1,0.4585758797400737
N(CCC(=O)OCCCCCCCC/C=C\CC(CCCCCC)OC(OCC#CCCCCCC)=O)(CCC(=O)OCCCCCCCC/C=C\CC(CCCCCC)OC(OCC#CCCCCCC)=O)CCC1N(C)CCCC1,0.4843320797005016
N(CCC(=O)OCCCCCCCC/C=C\CC(CCCCCC)OC(OCCC#CCCCC)=O)(CCC(=O)OCCCCCCCC/C=C\CC(CCCCCC)OC(OCCC#CCCCC)=O)CCC1N(C)CCCC1,0.4674556437293956
CN(CC1)CCC1CN2CCN(CCC(=O)OCCCCCCCC/C=C\CC(CCCCCC)OC(OCCCCCCCCCCCCCCCCCC)=O)CC2,0.39686582363963097
CN(CC1)CCC1CN2CCN(CCC(=O)OCCCCCCCC/C=C\CC(CCCCCC)OC(OCCC#CCCCCCC)=O)CC2,0.34213505653296217
CN(CC1)CCC1CN2CCN(CCC(=O)OCCCCCCCC/C=C\CC(CCCCCC)OC(OCCCCCCCC/C=C\CCCCCCCC)=O)CC2,0.3980818583995974
CN(CC1)CCC1CN2CCN(CCC(=O)OCCCCCCCC/C=C\CC(CCCCCC)OC(OCCCCCCCC/C=C\C/C=C\CCCCC)=O)CC2,0.3947756019515592
CN(CC1)CCC1CN2CCN(CCC(=O)OCCCCCCCC/C=C\CC(CCCCCC)OC(OCC#CCC)=O)CC2,0.2521318356686757
CN(CC1)CCC1CN2CCN(CCC(=O)OCCCCCCCC/C=C\CC(CCCCCC)OC(OCC#CCCC)=O)CC2,0.26249752682538063
CN(CC1)CCC1CN2CCN(CCC(=O)OCCCCCCCC/C=C\CC(CCCCCC)OC(OCC#CCCCC)=O)CC2,0.2947645013830841
CN(CC1)CCC1CN2CCN(CCC(=O)OCCCCCCCC/C=C\CC(CCCCCC)OC(OCC#CCCCCC)=O)CC2,0.30211616565493443
CN(CC1)CCC1CN2CCN(CCC(=O)OCCCCCCCC/C=C\CC(CCCCCC)OC(OCC#CCCCCCC)=O)CC2,0.32987204736539105
CN(CC1)CCC1CN2CCN(CCC(=O)OCCCCCCCC/C=C\CC(CCCCCC)OC(OCCC#CCCCC)=O)CC2,0.31005142534979596
N(CCC(=O)OCCCCCCCC/C=C\CC(CCCCCC)OC(OCCCCCCCCCCCCCCCCCC)=O)(CCC(=O)OCCCCCCCC/C=C\CC(CCCCCC)OC(OCCCCCCCCCCCCCCCCCC)=O)CCN(CC)CC,0.5422985178429842
N(CCC(=O)OCCCCCCCC/C=C\CC(CCCCCC)OC(OCCC#CCCCCCC)=O)(CCC(=O)OCCCCCCCC/C=C\CC(CCCCCC)OC(OCCC#CCCCCCC)=O)CCN(CC)CC,0.5113908038880266
N(CCC(=O)OCCCCCCCC/C=C\CC(CCCCCC)OC(OCCCCCCCC/C=C\CCCCCCCC)=O)(CCC(=O)OCCCCCCCC/C=C\CC(CCCCCC)OC(OCCCCCCCC/C=C\CCCCCCCC)=O)CCN(CC)CC,0.5455966733491976
N(CCC(=O)OCCCCCCCC/C=C\CC(CCCCCC)OC(OCCCCCCCC/C=C\C/C=C\CCCCC)=O)(CCC(=O)OCCCCCCCC/C=C\CC(CCCCCC)OC(OCCCCCCCC/C=C\C/C=C\CCCCC)=O)CCN(CC)CC,0.5472056633534207
N(CCC(=O)OCCCCCCCC/C=C\CC(CCCCCC)OC(OCC#CCC)=O)(CCC(=O)OCCCCCCCC/C=C\CC(CCCCCC)OC(OCC#CCC)=O)CCN(CC)CC,0.4282056275357493
N(CCC(=O)OCCCCCCCC/C=C\CC(CCCCCC)OC(OCC#CCCC)=O)(CCC(=O)OCCCCCCCC/C=C\CC(CCCCCC)OC(OCC#CCCC)=O)CCN(CC)CC,0.4367933406591336
N(CCC(=O)OCCCCCCCC/C=C\CC(CCCCCC)OC(OCC#CCCCC)=O)(CCC(=O)OCCCCCCCC/C=C\CC(CCCCCC)OC(OCC#CCCCC)=O)CCN(CC)CC,0.47242569067047246
N(CCC(=O)OCCCCCCCC/C=C\CC(CCCCCC)OC(OCC#CCCCCC)=O)(CCC(=O)OCCCCCCCC/C=C\CC(CCCCCC)OC(OCC#CCCCCC)=O)CCN(CC)CC,0.47599674665441233
N(CCC(=O)OCCCCCCCC/C=C\CC(CCCCCC)OC(OCC#CCCCCCC)=O)(CCC(=O)OCCCCCCCC/C=C\CC(CCCCCC)OC(OCC#CCCCCCC)=O)CCN(CC)CC,0.502409658994396
N(CCC(=O)OCCCCCCCC/C=C\CC(CCCCCC)OC(OCCC#CCCCC)=O)(CCC(=O)OCCCCCCCC/C=C\CC(CCCCCC)OC(OCCC#CCCCC)=O)CCN(CC)CC,0.48516287298066973
N(CCC(=O)OCCCCCCCC/C=C\CC(CCCCCC)OC(OCCCCCCCCCCCCCCCCCC)=O)(CCC(=O)OCCCCCCCC/C=C\CC(CCCCCC)OC(OCCCCCCCCCCCCCCCCCC)=O)CCN1CCN(C)CC1,0.5457177109505815
N(CCC(=O)OCCCCCCCC/C=C\CC(CCCCCC)OC(OCCC#CCCCCCC)=O)(CCC(=O)OCCCCCCCC/C=C\CC(CCCCCC)OC(OCCC#CCCCCCC)=O)CCN1CCN(C)CC1,0.5158322048092797
N(CCC(=O)OCCCCCCCC/C=C\CC(CCCCCC)OC(OCCCCCCCC/C=C\CCCCCCCC)=O)(CCC(=O)OCCCCCCCC/C=C\CC(CCCCCC)OC(OCCCCCCCC/C=C\CCCCCCCC)=O)CCN1CCN(C)CC1,0.5487334056763999
N(CCC(=O)OCCCCCCCC/C=C\CC(CCCCCC)OC(OCCCCCCCC/C=C\C/C=C\CCCCC)=O)(CCC(=O)OCCCCCCCC/C=C\CC(CCCCCC)OC(OCCCCCCCC/C=C\C/C=C\CCCCC)=O)CCN1CCN(C)CC1,0.5504932757221119
N(CCC(=O)OCCCCCCCC/C=C\CC(CCCCCC)OC(OCC#CCC)=O)(CCC(=O)OCCCCCCCC/C=C\CC(CCCCCC)OC(OCC#CCC)=O)CCN1CCN(C)CC1,0.4365489423921661
N(CCC(=O)OCCCCCCCC/C=C\CC(CCCCCC)OC(OCC#CCCC)=O)(CCC(=O)OCCCCCCCC/C=C\CC(CCCCCC)OC(OCC#CCCC)=O)CCN1CCN(C)CC1,0.444690805886437
N(CCC(=O)OCCCCCCCC/C=C\CC(CCCCCC)OC(OCC#CCCCC)=O)(CCC(=O)OCCCCCCCC/C=C\CC(CCCCCC)OC(OCC#CCCCC)=O)CCN1CCN(C)CC1,0.4785471435341628
N(CCC(=O)OCCCCCCCC/C=C\CC(CCCCCC)OC(OCC#CCCCCC)=O)(CCC(=O)OCCCCCCCC/C=C\CC(CCCCCC)OC(OCC#CCCCCC)=O)CCN1CCN(C)CC1,0.48168768806928275
N(CCC(=O)OCCCCCCCC/C=C\CC(CCCCCC)OC(OCC#CCCCCCC)=O)(CCC(=O)OCCCCCCCC/C=C\CC(CCCCCC)OC(OCC#CCCCCCC)=O)CCN1CCN(C)CC1,0.5071084435158361
N(CCC(=O)OCCCCCCCC/C=C\CC(CCCCCC)OC(OCCC#CCCCC)=O)(CCC(=O)OCCCCCCCC/C=C\CC(CCCCCC)OC(OCCC#CCCCC)=O)CCN1CCN(C)CC1,0.49037654383398094
OC[C@@H]1CCCN(CCC(=O)OCCCCCCCC/C=C\CC(CCCCCC)OC(OCCCCCCCCCCCCCCCCCC)=O)1,0.28894728058094304
OC[C@@H]1CCCN(CCC(=O)OCCCCCCCC/C=C\CC(CCCCCC)OC(OCCC#CCCCCCC)=O)1,0.20246487199155744
OC[C@@H]1CCCN(CCC(=O)OCCCCCCCC/C=C\CC(CCCCCC)OC(OCCCCCCCC/C=C\CCCCCCCC)=O)1,0.29065946824481065
OC[C@@H]1CCCN(CCC(=O)OCCCCCCCC/C=C\CC(CCCCCC)OC(OCCCCCCCC/C=C\C/C=C\CCCCC)=O)1,0.28651029688674123
OC[C@@H]1CCCN(CCC(=O)OCCCCCCCC/C=C\CC(CCCCCC)OC(OCC#CCC)=O)1,0.09180782341868486
OC[C@@H]1CCCN(CCC(=O)OCCCCCCCC/C=C\CC(CCCCCC)OC(OCC#CCCC)=O)1,0.10631053452072182
OC[C@@H]1CCCN(CCC(=O)OCCCCCCCC/C=C\CC(CCCCCC)OC(OCC#CCCCC)=O)1,0.14294108734898542
OC[C@@H]1CCCN(CCC(=O)OCCCCCCCC/C=C\CC(CCCCCC)OC(OCC#CCCCCC)=O)1,0.15377094460253282
OC[C@@H]1CCCN(CCC(=O)OCCCCCCCC/C=C\CC(CCCCCC)OC(OCC#CCCCCCC)=O)1,0.1863259493381357
OC[C@@H]1CCCN(CCC(=O)OCCCCCCCC/C=C\CC(CCCCCC)OC(OCCC#CCCCC)=O)1,0.1617562097434385
OCCC1CCCCN(CCC(=O)OCCCCCCCC/C=C\CC(CCCCCC)OC(OCCCCCCCCCCCCCCCCCC)=O)1,0.4360088597485895
OCCC1CCCCN(CCC(=O)OCCCCCCCC/C=C\CC(CCCCCC)OC(OCCC#CCCCCCC)=O)1,0.38340467921958143
OCCC1CCCCN(CCC(=O)OCCCCCCCC/C=C\CC(CCCCCC)OC(OCCCCCCCC/C=C\CCCCCCCC)=O)1,0.43743277897156274
OCCC1CCCCN(CCC(=O)OCCCCCCCC/C=C\CC(CCCCCC)OC(OCCCCCCCC/C=C\C/C=C\CCCCC)=O)1,0.43529192639708536
OCCC1CCCCN(CCC(=O)OCCCCCCCC/C=C\CC(CCCCCC)OC(OCC#CCC)=O)1,0.2840667609601811
OCCC1CCCCN(CCC(=O)OCCCCCCCC/C=C\CC(CCCCCC)OC(OCC#CCCC)=O)1,0.2955229818443152
OCCC1CCCCN(CCC(=O)OCCCCCCCC/C=C\CC(CCCCCC)OC(OCC#CCCCC)=O)1,0.33230840561923136
OCCC1CCCCN(CCC(=O)OCCCCCCCC/C=C\CC(CCCCCC)OC(OCC#CCCCCC)=O)1,0.33960738398634555
OCCC1CCCCN(CCC(=O)OCCCCCCCC/C=C\CC(CCCCCC)OC(OCC#CCCCCCC)=O)1,0.37025515301392165
OCCC1CCCCN(CCC(=O)OCCCCCCCC/C=C\CC(CCCCCC)OC(OCCC#CCCCC)=O)1,0.34935216177847095
N(CCC(=O)OCCCCCCCC/C=C\CC(CCCCCC)OC(OCCCCCCCCCCCCCCCCCC)=O)(CCC(=O)OCCCCCCCC/C=C\CC(CCCCCC)OC(OCCCCCCCCCCCCCCCCCC)=O)CC1N(C)CCCC1,0.5162749570194601
N(CCC(=O)OCCCCCCCC/C=C\CC(CCCCCC)OC(OCCC#CCCCCCC)=O)(CCC(=O)OCCCCCCCC/C=C\CC(CCCCCC)OC(OCCC#CCCCCCC)=O)CC1N(C)CCCC1,0.48040872209580143
N(CCC(=O)OCCCCCCCC/C=C\CC(CCCCCC)OC(OCCCCCCCC/C=C\CCCCCCCC)=O)(CCC(=O)OCCCCCCCC/C=C\CC(CCCCCC)OC(OCCCCCCCC/C=C\CCCCCCCC)=O)CC1N(C)CCCC1,0.5176789217166147
N(CCC(=O)OCCCCCCCC/C=C\CC(CCCCCC)OC(OCCCCCCCC/C=C\C/C=C\CCCCC)=O)(CCC(=O)OCCCCCCCC/C=C\CC(CCCCCC)OC(OCCCCCCCC/C=C\C/C=C\CCCCC)=O)CC1N(C)CCCC1,0.520277954030189
N(CCC(=O)OCCCCCCCC/C=C\CC(CCCCCC)OC(OCC#CCC)=O)(CCC(=O)OCCCCCCCC/C=C\CC(CCCCCC)OC(OCC#CCC)=O)CC1N(C)CCCC1,0.3922955820039126
N(CCC(=O)OCCCCCCCC/C=C\CC(CCCCCC)OC(OCC#CCCC)=O)(CCC(=O)OCCCCCCCC/C=C\CC(CCCCCC)OC(OCC#CCCC)=O)CC1N(C)CCCC1,0.4017781513702054
N(CCC(=O)OCCCCCCCC/C=C\CC(CCCCCC)OC(OCC#CCCCC)=O)(CCC(=O)OCCCCCCCC/C=C\CC(CCCCCC)OC(OCC#CCCCC)=O)CC1N(C)CCCC1,0.4376900434402522
N(CCC(=O)OCCCCCCCC/C=C\CC(CCCCCC)OC(OCC#CCCCCC)=O)(CCC(=O)OCCCCCCCC/C=C\CC(CCCCCC)OC(OCC#CCCCCC)=O)CC1N(C)CCCC1,0.4427100660444989
N(CCC(=O)OCCCCCCCC/C=C\CC(CCCCCC)OC(OCC#CCCCCCC)=O)(CCC(=O)OCCCCCCCC/C=C\CC(CCCCCC)OC(OCC#CCCCCCC)=O)CC1N(C)CCCC1,0.4709192728855323
N(CCC(=O)OCCCCCCCC/C=C\CC(CCCCCC)OC(OCCC#CCCCC)=O)(CCC(=O)OCCCCCCCC/C=C\CC(CCCCCC)OC(OCCC#CCCCC)=O)CC1N(C)CCCC1,0.452788114200671
N(CCC(=O)OCCCCCCCC/C=C\CC(CCCCCC)OC(OCCCCCCCCCCCCCCCCCC)=O)(CCC(=O)OCCCCCCCC/C=C\CC(CCCCCC)OC(OCCCCCCCCCCCCCCCCCC)=O)CCC1N(C(C)C)CCCC1,0.5027298248937259
N(CCC(=O)OCCCCCCCC/C=C\CC(CCCCCC)OC(OCCC#CCCCCCC)=O)(CCC(=O)OCCCCCCCC/C=C\CC(CCCCCC)OC(OCCC#CCCCCCC)=O)CCC1N(C(C)C)CCCC1,0.4658453134958264
N(CCC(=O)OCCCCCCCC/C=C\CC(CCCCCC)OC(OCCCCCCCC/C=C\CCCCCCCC)=O)(CCC(=O)OCCCCCCCC/C=C\CC(CCCCCC)OC(OCCCCCCCC/C=C\CCCCCCCC)=O)CCC1N(C(C)C)CCCC1,0.5041967505872696
N(CCC(=O)OCCCCCCCC/C=C\CC(CCCCCC)OC(OCCCCCCCC/C=C\C/C=C\CCCCC)=O)(CCC(=O)OCCCCCCCC/C=C\CC(CCCCCC)OC(OCCCCCCCC/C=C\C/C=C\CCCCC)=O)CCC1N(C(C)C)CCCC1,0.5067614134638367
N(CCC(=O)OCCCCCCCC/C=C\CC(CCCCCC)OC(OCC#CCC)=O)(CCC(=O)OCCCCCCCC/C=C\CC(CCCCCC)OC(OCC#CCC)=O)CCC1N(C(C)C)CCCC1,0.3772925186126903
N(CCC(=O)OCCCCCCCC/C=C\CC(CCCCCC)OC(OCC#CCCC)=O)(CCC(=O)OCCCCCCCC/C=C\CC(CCCCCC)OC(OCC#CCCC)=O)CCC1N(C(C)C)CCCC1,0.38679105159963806
N(CCC(=O)OCCCCCCCC/C=C\CC(CCCCCC)OC(OCC#CCCCC)=O)(CCC(=O)OCCCCCCCC/C=C\CC(CCCCCC)OC(OCC#CCCCC)=O)CCC1N(C(C)C)CCCC1,0.4216800806327931
N(CCC(=O)OCCCCCCCC/C=C\CC(CCCCCC)OC(OCC#CCCCCC)=O)(CCC(=O)OCCCCCCCC/C=C\CC(CCCCCC)OC(OCC#CCCCCC)=O)CCC1N(C(C)C)CCCC1,0.4269069750823185
N(CCC(=O)OCCCCCCCC/C=C\CC(CCCCCC)OC(OCC#CCCCCCC)=O)(CCC(=O)OCCCCCCCC/C=C\CC(CCCCCC)OC(OCC#CCCCCCC)=O)CCC1N(C(C)C)CCCC1,0.45626901742393444
N(CCC(=O)OCCCCCCCC/C=C\CC(CCCCCC)OC(OCCC#CCCCC)=O)(CCC(=O)OCCCCCCCC/C=C\CC(CCCCCC)OC(OCCC#CCCCC)=O)CCC1N(C(C)C)CCCC1,0.436664380813171
N(CCC(=O)OCCCCCCCC/C=C\CC(CCCCCC)OC(OCCCCCCCCCCCCCCCCCC)=O)(CCC(=O)OCCCCCCCC/C=C\CC(CCCCCC)OC(OCCCCCCCCCCCCCCCCCC)=O)CCC1N(CC(C)C)CCCC1,0.5160101277006841
N(CCC(=O)OCCCCCCCC/C=C\CC(CCCCCC)OC(OCCC#CCCCCCC)=O)(CCC(=O)OCCCCCCCC/C=C\CC(CCCCCC)OC(OCCC#CCCCCCC)=O)CCC1N(CC(C)C)CCCC1,0.4815550649297743
N(CCC(=O)OCCCCCCCC/C=C\CC(CCCCCC)OC(OCCCCCCCC/C=C\CCCCCCCC)=O)(CCC(=O)OCCCCCCCC/C=C\CC(CCCCCC)OC(OCCCCCCCC/C=C\CCCCCCCC)=O)CCC1N(CC(C)C)CCCC1,0.5172191932680512
N(CCC(=O)OCCCCCCCC/C=C\CC(CCCCCC)OC(OCCCCCCCC/C=C\C/C=C\CCCCC)=O)(CCC(=O)OCCCCCCCC/C=C\CC(CCCCCC)OC(OCCCCCCCC/C=C\C/C=C\CCCCC)=O)CCC1N(CC(C)C)CCCC1,0.5196603167817886
N(CCC(=O)OCCCCCCCC/C=C\CC(CCCCCC)OC(OCC#CCC)=O)(CCC(=O)OCCCCCCCC/C=C\CC(CCCCCC)OC(OCC#CCC)=O)CCC1N(CC(C)C)CCCC1,0.39833146866957736
N(CCC(=O)OCCCCCCCC/C=C\CC(CCCCCC)OC(OCC#CCCC)=O)(CCC(=O)OCCCCCCCC/C=C\CC(CCCCCC)OC(OCC#CCCC)=O)CCC1N(CC(C)C)CCCC1,0.4071158976780848
N(CCC(=O)OCCCCCCCC/C=C\CC(CCCCCC)OC(OCC#CCCCC)=O)(CCC(=O)OCCCCCCCC/C=C\CC(CCCCCC)OC(OCC#CCCCC)=O)CCC1N(CC(C)C)CCCC1,0.4411741632139461
N(CCC(=O)OCCCCCCCC/C=C\CC(CCCCCC)OC(OCC#CCCCCC)=O)(CCC(=O)OCCCCCCCC/C=C\CC(CCCCCC)OC(OCC#CCCCCC)=O)CCC1N(CC(C)C)CCCC1,0.44582961365319773
N(CCC(=O)OCCCCCCCC/C=C\CC(CCCCCC)OC(OCC#CCCCCCC)=O)(CCC(=O)OCCCCCCCC/C=C\CC(CCCCCC)OC(OCC#CCCCCCC)=O)CCC1N(CC(C)C)CCCC1,0.4724894260215949
N(CCC(=O)OCCCCCCCC/C=C\CC(CCCCCC)OC(OCCC#CCCCC)=O)(CCC(=O)OCCCCCCCC/C=C\CC(CCCCCC)OC(OCCC#CCCCC)=O)CCC1N(CC(C)C)CCCC1,0.45544558051373224
N(CCC(=O)OCCCCCCCC/C=C\CC(CCCCCC)OC(OCCCCCCCCCCCCCCCCCC)=O)(CCC(=O)OCCCCCCCC/C=C\CC(CCCCCC)OC(OCCCCCCCCCCCCCCCCCC)=O)CCN1CCC(C)CC1,0.5248273476538579
N(CCC(=O)OCCCCCCCC/C=C\CC(CCCCCC)OC(OCCC#CCCCCCC)=O)(CCC(=O)OCCCCCCCC/C=C\CC(CCCCCC)OC(OCCC#CCCCCCC)=O)CCN1CCC(C)CC1,0.4907282795801285
N(CCC(=O)OCCCCCCCC/C=C\CC(CCCCCC)OC(OCCCCCCCC/C=C\CCCCCCCC)=O)(CCC(=O)OCCCCCCCC/C=C\CC(CCCCCC)OC(OCCCCCCCC/C=C\CCCCCCCC)=O)CCN1CCC(C)CC1,0.5264120348326062
N(CCC(=O)OCCCCCCCC/C=C\CC(CCCCCC)OC(OCCCCCCCC/C=C\C/C=C\CCCCC)=O)(CCC(=O)OCCCCCCCC/C=C\CC(CCCCCC)OC(OCCCCCCCC/C=C\C/C=C\CCCCC)=O)CCN1CCC(C)CC1,0.528371092742013
N(CCC(=O)OCCCCCCCC/C=C\CC(CCCCCC)OC(OCC#CCC)=O)(CCC(=O)OCCCCCCCC/C=C\CC(CCCCCC)OC(OCC#CCC)=O)CCN1CCC(C)CC1,0.40676320887995787
N(CCC(=O)OCCCCCCCC/C=C\CC(CCCCCC)OC(OCC#CCCC)=O)(CCC(=O)OCCCCCCCC/C=C\CC(CCCCCC)OC(OCC#CCCC)=O)CCN1CCC(C)CC1,0.4156763296885588
N(CCC(=O)OCCCCCCCC/C=C\CC(CCCCCC)OC(OCC#CCCCC)=O)(CCC(=O)OCCCCCCCC/C=C\CC(CCCCCC)OC(OCC#CCCCC)=O)CCN1CCC(C)CC1,0.4507470342552871
N(CCC(=O)OCCCCCCCC/C=C\CC(CCCCCC)OC(OCC#CCCCCC)=O)(CCC(=O)OCCCCCCCC/C=C\CC(CCCCCC)OC(OCC#CCCCCC)=O)CCN1CCC(C)CC1,0.4553778542574461
N(CCC(=O)OCCCCCCCC/C=C\CC(CCCCCC)OC(OCC#CCCCCCC)=O)(CCC(=O)OCCCCCCCC/C=C\CC(CCCCCC)OC(OCC#CCCCCCC)=O)CCN1CCC(C)CC1,0.48157987406411307
N(CCC(=O)OCCCCCCCC/C=C\CC(CCCCCC)OC(OCCC#CCCCC)=O)(CCC(=O)OCCCCCCCC/C=C\CC(CCCCCC)OC(OCCC#CCCCC)=O)CCN1CCC(C)CC1,0.46428620980615004
C1N(CCC(=O)OCCCCCCCC/C=C\CC(CCCCCC)OC(OCCCCCCCCCCCCCCCCCC)=O)CCN(CCC(=O)OCCCCCCCC/C=C\CC(CCCCCC)OC(OCCCCCCCCCCCCCCCCCC)=O)CCN(CCC(=O)OCCCCCCCC/C=C\CC(CCCCCC)OC(OCCCCCCCCCCCCCCCCCC)=O)C1,0.541137760097823
C1N(CCC(=O)OCCCCCCCC/C=C\CC(CCCCCC)OC(OCCC#CCCCCCC)=O)CCN(CCC(=O)OCCCCCCCC/C=C\CC(CCCCCC)OC(OCCC#CCCCCCC)=O)CCN(CCC(=O)OCCCCCCCC/C=C\CC(CCCCCC)OC(OCCC#CCCCCCC)=O)C1,0.5089206122889176
C1N(CCC(=O)OCCCCCCCC/C=C\CC(CCCCCC)OC(OCCCCCCCC/C=C\CCCCCCCC)=O)CCN(CCC(=O)OCCCCCCCC/C=C\CC(CCCCCC)OC(OCCCCCCCC/C=C\CCCCCCCC)=O)CCN(CCC(=O)OCCCCCCCC/C=C\CC(CCCCCC)OC(OCCCCCCCC/C=C\CCCCCCCC)=O)C1,0.5441669166828504
C1N(CCC(=O)OCCCCCCCC/C=C\CC(CCCCCC)OC(OCCCCCCCC/C=C\C/C=C\CCCCC)=O)CCN(CCC(=O)OCCCCCCCC/C=C\CC(CCCCCC)OC(OCCCCCCCC/C=C\C/C=C\CCCCC)=O)CCN(CCC(=O)OCCCCCCCC/C=C\CC(CCCCCC)OC(OCCCCCCCC/C=C\C/C=C\CCCCC)=O)C1,0.5463221841685163
C1N(CCC(=O)OCCCCCCCC/C=C\CC(CCCCCC)OC(OCC#CCC)=O)CCN(CCC(=O)OCCCCCCCC/C=C\CC(CCCCCC)OC(OCC#CCC)=O)CCN(CCC(=O)OCCCCCCCC/C=C\CC(CCCCCC)OC(OCC#CCC)=O)C1,0.4235069919286811
C1N(CCC(=O)OCCCCCCCC/C=C\CC(CCCCCC)OC(OCC#CCCC)=O)CCN(CCC(=O)OCCCCCCCC/C=C\CC(CCCCCC)OC(OCC#CCCC)=O)CCN(CCC(=O)OCCCCCCCC/C=C\CC(CCCCCC)OC(OCC#CCCC)=O)C1,0.43247095210380815
C1N(CCC(=O)OCCCCCCCC/C=C\CC(CCCCCC)OC(OCC#CCCCC)=O)CCN(CCC(=O)OCCCCCCCC/C=C\CC(CCCCCC)OC(OCC#CCCCC)=O)CCN(CCC(=O)OCCCCCCCC/C=C\CC(CCCCCC)OC(OCC#CCCCC)=O)C1,0.46884608700159236
C1N(CCC(=O)OCCCCCCCC/C=C\CC(CCCCCC)OC(OCC#CCCCCC)=O)CCN(CCC(=O)OCCCCCCCC/C=C\CC(CCCCCC)OC(OCC#CCCCCC)=O)CCN(CCC(=O)OCCCCCCCC/C=C\CC(CCCCCC)OC(OCC#CCCCCC)=O)C1,0.47301473635949076
C1N(CCC(=O)OCCCCCCCC/C=C\CC(CCCCCC)OC(OCC#CCCCCCC)=O)CCN(CCC(=O)OCCCCCCCC/C=C\CC(CCCCCC)OC(OCC#CCCCCCC)=O)CCN(CCC(=O)OCCCCCCCC/C=C\CC(CCCCCC)OC(OCC#CCCCCCC)=O)C1,0.49955830616927543
C1N(CCC(=O)OCCCCCCCC/C=C\CC(CCCCCC)OC(OCCC#CCCCC)=O)CCN(CCC(=O)OCCCCCCCC/C=C\CC(CCCCCC)OC(OCCC#CCCCC)=O)CCN(CCC(=O)OCCCCCCCC/C=C\CC(CCCCCC)OC(OCCC#CCCCC)=O)C1,0.4818555443491547
C1N(CCC(=O)OCCCCCCCC/C=C\CC(CCCCCC)OC(OCCCCCCCCCCCCCCCCCC)=O)CCCN(CCC(=O)OCCCCCCCC/C=C\CC(CCCCCC)OC(OCCCCCCCCCCCCCCCCCC)=O)CCN(CCC(=O)OCCCCCCCC/C=C\CC(CCCCCC)OC(OCCCCCCCCCCCCCCCCCC)=O)CCCN(CCC(=O)OCCCCCCCC/C=C\CC(CCCCCC)OC(OCCCCCCCCCCCCCCCCCC)=O)C1,0.5333079019953083
C1N(CCC(=O)OCCCCCCCC/C=C\CC(CCCCCC)OC(OCCC#CCCCCCC)=O)CCCN(CCC(=O)OCCCCCCCC/C=C\CC(CCCCCC)OC(OCCC#CCCCCCC)=O)CCN(CCC(=O)OCCCCCCCC/C=C\CC(CCCCCC)OC(OCCC#CCCCCCC)=O)CCCN(CCC(=O)OCCCCCCCC/C=C\CC(CCCCCC)OC(OCCC#CCCCCCC)=O)C1,0.49945597221298726
C1N(CCC(=O)OCCCCCCCC/C=C\CC(CCCCCC)OC(OCCCCCCCC/C=C\CCCCCCCC)=O)CCCN(CCC(=O)OCCCCCCCC/C=C\CC(CCCCCC)OC(OCCCCCCCC/C=C\CCCCCCCC)=O)CCN(CCC(=O)OCCCCCCCC/C=C\CC(CCCCCC)OC(OCCCCCCCC/C=C\CCCCCCCC)=O)CCCN(CCC(=O)OCCCCCCCC/C=C\CC(CCCCCC)OC(OCCCCCCCC/C=C\CCCCCCCC)=O)C1,0.5354928927895817
C1N(CCC(=O)OCCCCCCCC/C=C\CC(CCCCCC)OC(OCCCCCCCC/C=C\C/C=C\CCCCC)=O)CCCN(CCC(=O)OCCCCCCCC/C=C\CC(CCCCCC)OC(OCCCCCCCC/C=C\C/C=C\CCCCC)=O)CCN(CCC(=O)OCCCCCCCC/C=C\CC(CCCCCC)OC(OCCCCCCCC/C=C\C/C=C\CCCCC)=O)CCCN(CCC(=O)OCCCCCCCC/C=C\CC(CCCCCC)OC(OCCCCCCCC/C=C\C/C=C\CCCCC)=O)C1,0.5379462868475539
C1N(CCC(=O)OCCCCCCCC/C=C\CC(CCCCCC)OC(OCC#CCC)=O)CCCN(CCC(=O)OCCCCCCCC/C=C\CC(CCCCCC)OC(OCC#CCC)=O)CCN(CCC(=O)OCCCCCCCC/C=C\CC(CCCCCC)OC(OCC#CCC)=O)CCCN(CCC(=O)OCCCCCCCC/C=C\CC(CCCCCC)OC(OCC#CCC)=O)C1,0.41373138886159694
C1N(CCC(=O)OCCCCCCCC/C=C\CC(CCCCCC)OC(OCC#CCCC)=O)CCCN(CCC(=O)OCCCCCCCC/C=C\CC(CCCCCC)OC(OCC#CCCC)=O)CCN(CCC(=O)OCCCCCCCC/C=C\CC(CCCCCC)OC(OCC#CCCC)=O)CCCN(CCC(=O)OCCCCCCCC/C=C\CC(CCCCCC)OC(OCC#CCCC)=O)C1,0.42281984145153323
C1N(CCC(=O)OCCCCCCCC/C=C\CC(CCCCCC)OC(OCC#CCCCC)=O)CCCN(CCC(=O)OCCCCCCCC/C=C\CC(CCCCCC)OC(OCC#CCCCC)=O)CCN(CCC(=O)OCCCCCCCC/C=C\CC(CCCCCC)OC(OCC#CCCCC)=O)CCCN(CCC(=O)OCCCCCCCC/C=C\CC(CCCCCC)OC(OCC#CCCCC)=O)C1,0.45923247298813197
C1N(CCC(=O)OCCCCCCCC/C=C\CC(CCCCCC)OC(OCC#CCCCCC)=O)CCCN(CCC(=O)OCCCCCCCC/C=C\CC(CCCCCC)OC(OCC#CCCCCC)=O)CCN(CCC(=O)OCCCCCCCC/C=C\CC(CCCCCC)OC(OCC#CCCCCC)=O)CCCN(CCC(=O)OCCCCCCCC/C=C\CC(CCCCCC)OC(OCC#CCCCCC)=O)C1,0.4637384431809895
C1N(CCC(=O)OCCCCCCCC/C=C\CC(CCCCCC)OC(OCC#CCCCCCC)=O)CCCN(CCC(=O)OCCCCCCCC/C=C\CC(CCCCCC)OC(OCC#CCCCCCC)=O)CCN(CCC(=O)OCCCCCCCC/C=C\CC(CCCCCC)OC(OCC#CCCCCCC)=O)CCCN(CCC(=O)OCCCCCCCC/C=C\CC(CCCCCC)OC(OCC#CCCCCCC)=O)C1,0.4901865886613367
C1N(CCC(=O)OCCCCCCCC/C=C\CC(CCCCCC)OC(OCCC#CCCCC)=O)CCCN(CCC(=O)OCCCCCCCC/C=C\CC(CCCCCC)OC(OCCC#CCCCC)=O)CCN(CCC(=O)OCCCCCCCC/C=C\CC(CCCCCC)OC(OCCC#CCCCC)=O)CCCN(CCC(=O)OCCCCCCCC/C=C\CC(CCCCCC)OC(OCCC#CCCCC)=O)C1,0.4727935389516468
N(CCC(=O)OCCCCCCCC/C=C\CC(CCCCCC)OC(OCCCCCCCCCCCCCCCCCC)=O)(CCC(=O)OCCCCCCCC/C=C\CC(CCCCCC)OC(OCCCCCCCCCCCCCCCCCC)=O)CCN1CCCCCC1,0.5594138422493019
N(CCC(=O)OCCCCCCCC/C=C\CC(CCCCCC)OC(OCCC#CCCCCCC)=O)(CCC(=O)OCCCCCCCC/C=C\CC(CCCCCC)OC(OCCC#CCCCCCC)=O)CCN1CCCCCC1,0.5318132782286132
N(CCC(=O)OCCCCCCCC/C=C\CC(CCCCCC)OC(OCCCCCCCC/C=C\CCCCCCCC)=O)(CCC(=O)OCCCCCCCC/C=C\CC(CCCCCC)OC(OCCCCCCCC/C=C\CCCCCCCC)=O)CCN1CCCCCC1,0.5618868334386005
N(CCC(=O)OCCCCCCCC/C=C\CC(CCCCCC)OC(OCCCCCCCC/C=C\C/C=C\CCCCC)=O)(CCC(=O)OCCCCCCCC/C=C\CC(CCCCCC)OC(OCCCCCCCC/C=C\C/C=C\CCCCC)=O)CCN1CCCCCC1,0.5645639564487368
N(CCC(=O)OCCCCCCCC/C=C\CC(CCCCCC)OC(OCC#CCC)=O)(CCC(=O)OCCCCCCCC/C=C\CC(CCCCCC)OC(OCC#CCC)=O)CCN1CCCCCC1,0.4577582207074966
N(CCC(=O)OCCCCCCCC/C=C\CC(CCCCCC)OC(OCC#CCCC)=O)(CCC(=O)OCCCCCCCC/C=C\CC(CCCCCC)OC(OCC#CCCC)=O)CCN1CCCCCC1,0.4642478792468535
N(CCC(=O)OCCCCCCCC/C=C\CC(CCCCCC)OC(OCC#CCCCC)=O)(CCC(=O)OCCCCCCCC/C=C\CC(CCCCCC)OC(OCC#CCCCC)=O)CCN1CCCCCC1,0.494464243339379
N(CCC(=O)OCCCCCCCC/C=C\CC(CCCCCC)OC(OCC#CCCCCC)=O)(CCC(=O)OCCCCCCCC/C=C\CC(CCCCCC)OC(OCC#CCCCCC)=O)CCN1CCCCCC1,0.49736473790718744
N(CCC(=O)OCCCCCCCC/C=C\CC(CCCCCC)OC(OCC#CCCCCCC)=O)(CCC(=O)OCCCCCCCC/C=C\CC(CCCCCC)OC(OCC#CCCCCCC)=O)CCN1CCCCCC1,0.5233924087673728
N(CCC(=O)OCCCCCCCC/C=C\CC(CCCCCC)OC(OCCC#CCCCC)=O)(CCC(=O)OCCCCCCCC/C=C\CC(CCCCCC)OC(OCCC#CCCCC)=O)CCN1CCCCCC1,0.5059970657763574
CN(CCC(=O)OCCCCCCCC/C=C\CC(CCCCCC)OC(OCCCCCCCCCCCCCCCCCC)=O)CCCN(CCC(=O)OCCCCCCCC/C=C\CC(CCCCCC)OC(OCCCCCCCCCCCCCCCCCC)=O)C,0.5571281853397043
CN(CCC(=O)OCCCCCCCC/C=C\CC(CCCCCC)OC(OCCC#CCCCCCC)=O)CCCN(CCC(=O)OCCCCCCCC/C=C\CC(CCCCCC)OC(OCCC#CCCCCCC)=O)C,0.5292211555418896
CN(CCC(=O)OCCCCCCCC/C=C\CC(CCCCCC)OC(OCCCCCCCC/C=C\CCCCCCCC)=O)CCCN(CCC(=O)OCCCCCCCC/C=C\CC(CCCCCC)OC(OCCCCCCCC/C=C\CCCCCCCC)=O)C,0.5603227560089066
CN(CCC(=O)OCCCCCCCC/C=C\CC(CCCCCC)OC(OCCCCCCCC/C=C\C/C=C\CCCCC)=O)CCCN(CCC(=O)OCCCCCCCC/C=C\CC(CCCCCC)OC(OCCCCCCCC/C=C\C/C=C\CCCCC)=O)C,0.5629374541143922
CN(CCC(=O)OCCCCCCCC/C=C\CC(CCCCCC)OC(OCC#CCC)=O)CCCN(CCC(=O)OCCCCCCCC/C=C\CC(CCCCCC)OC(OCC#CCC)=O)C,0.44780234190193396
CN(CCC(=O)OCCCCCCCC/C=C\CC(CCCCCC)OC(OCC#CCCC)=O)CCCN(CCC(=O)OCCCCCCCC/C=C\CC(CCCCCC)OC(OCC#CCCC)=O)C,0.4562274703142074
CN(CCC(=O)OCCCCCCCC/C=C\CC(CCCCCC)OC(OCC#CCCCC)=O)CCCN(CCC(=O)OCCCCCCCC/C=C\CC(CCCCCC)OC(OCC#CCCCC)=O)C,0.49029514723836526
CN(CCC(=O)OCCCCCCCC/C=C\CC(CCCCCC)OC(OCC#CCCCCC)=O)CCCN(CCC(=O)OCCCCCCCC/C=C\CC(CCCCCC)OC(OCC#CCCCCC)=O)C,0.4935267678032667
CN(CCC(=O)OCCCCCCCC/C=C\CC(CCCCCC)OC(OCC#CCCCCCC)=O)CCCN(CCC(=O)OCCCCCCCC/C=C\CC(CCCCCC)OC(OCC#CCCCCCC)=O)C,0.5202530555472271
CN(CCC(=O)OCCCCCCCC/C=C\CC(CCCCCC)OC(OCCC#CCCCC)=O)CCCN(CCC(=O)OCCCCCCCC/C=C\CC(CCCCCC)OC(OCCC#CCCCC)=O)C,0.5029349097665432
OCC1N(CCC(=O)OCCCCCCCC/C=C\CC(CCCCCC)OC(OCCCCCCCCCCCCCCCCCC)=O)CCCC1,0.40559473737033835
OCC1N(CCC(=O)OCCCCCCCC/C=C\CC(CCCCCC)OC(OCCC#CCCCCCC)=O)CCCC1,0.3434274843656525
OCC1N(CCC(=O)OCCCCCCCC/C=C\CC(CCCCCC)OC(OCCCCCCCC/C=C\CCCCCCCC)=O)CCCC1,0.4077738907212379
OCC1N(CCC(=O)OCCCCCCCC/C=C\CC(CCCCCC)OC(OCCCCCCCC/C=C\C/C=C\CCCCC)=O)CCCC1,0.4035027882755539
OCC1N(CCC(=O)OCCCCCCCC/C=C\CC(CCCCCC)OC(OCC#CCC)=O)CCCC1,0.23690206503785352
OCC1N(CCC(=O)OCCCCCCCC/C=C\CC(CCCCCC)OC(OCC#CCCC)=O)CCCC1,0.24976820719401346
OCC1N(CCC(=O)OCCCCCCCC/C=C\CC(CCCCCC)OC(OCC#CCCCC)=O)CCCC1,0.28699522164701
OCC1N(CCC(=O)OCCCCCCCC/C=C\CC(CCCCCC)OC(OCC#CCCCCC)=O)CCCC1,0.29563824156807395
OCC1N(CCC(=O)OCCCCCCCC/C=C\CC(CCCCCC)OC(OCC#CCCCCCC)=O)CCCC1,0.3286856167825347
OCC1N(CCC(=O)OCCCCCCCC/C=C\CC(CCCCCC)OC(OCCC#CCCCC)=O)CCCC1,0.30562300976176215
OCC1CCN(CCC(=O)OCCCCCCCC/C=C\CC(CCCCCC)OC(OCCCCCCCCCCCCCCCCCC)=O)CC1,0.3516361508471046
OCC1CCN(CCC(=O)OCCCCCCCC/C=C\CC(CCCCCC)OC(OCCC#CCCCCCC)=O)CC1,0.27852988635435566
OCC1CCN(CCC(=O)OCCCCCCCC/C=C\CC(CCCCCC)OC(OCCCCCCCC/C=C\CCCCCCCC)=O)CC1,0.3539544200041223
OCC1CCN(CCC(=O)OCCCCCCCC/C=C\CC(CCCCCC)OC(OCCCCCCCC/C=C\C/C=C\CCCCC)=O)CC1,0.3492763047974855
OCC1CCN(CCC(=O)OCCCCCCCC/C=C\CC(CCCCCC)OC(OCC#CCC)=O)CC1,0.17021517150098067
OCC1CCN(CCC(=O)OCCCCCCCC/C=C\CC(CCCCCC)OC(OCC#CCCC)=O)CC1,0.18295199641668566
OCC1CCN(CCC(=O)OCCCCCCCC/C=C\CC(CCCCCC)OC(OCC#CCCCC)=O)CC1,0.21969780896870802
OCC1CCN(CCC(=O)OCCCCCCCC/C=C\CC(CCCCCC)OC(OCC#CCCCCC)=O)CC1,0.2296661965815003
OCC1CCN(CCC(=O)OCCCCCCCC/C=C\CC(CCCCCC)OC(OCC#CCCCCCC)=O)CC1,0.26329350392542633
OCC1CCN(CCC(=O)OCCCCCCCC/C=C\CC(CCCCCC)OC(OCCC#CCCCC)=O)CC1,0.23908553690553475
OCCC1CCN(CCC(=O)OCCCCCCCC/C=C\CC(CCCCCC)OC(OCCCCCCCCCCCCCCCCCC)=O)CC1,0.39231276672241616
OCCC1CCN(CCC(=O)OCCCCCCCC/C=C\CC(CCCCCC)OC(OCCC#CCCCCCC)=O)CC1,0.3292233465790372
OCCC1CCN(CCC(=O)OCCCCCCCC/C=C\CC(CCCCCC)OC(OCCCCCCCC/C=C\CCCCCCCC)=O)CC1,0.3943433333131523
OCCC1CCN(CCC(=O)OCCCCCCCC/C=C\CC(CCCCCC)OC(OCCCCCCCC/C=C\C/C=C\CCCCC)=O)CC1,0.39053392498573924
OCCC1CCN(CCC(=O)OCCCCCCCC/C=C\CC(CCCCCC)OC(OCC#CCC)=O)CC1,0.22346218559009443
OCCC1CCN(CCC(=O)OCCCCCCCC/C=C\CC(CCCCCC)OC(OCC#CCCC)=O)CC1,0.23628228342249954
OCCC1CCN(CCC(=O)OCCCCCCCC/C=C\CC(CCCCCC)OC(OCC#CCCCC)=O)CC1,0.2728213134778663
OCCC1CCN(CCC(=O)OCCCCCCCC/C=C\CC(CCCCCC)OC(OCC#CCCCCC)=O)CC1,0.28175525251564226
OCCC1CCN(CCC(=O)OCCCCCCCC/C=C\CC(CCCCCC)OC(OCC#CCCCCCC)=O)CC1,0.3143248806425541
OCCC1CCN(CCC(=O)OCCCCCCCC/C=C\CC(CCCCCC)OC(OCCC#CCCCC)=O)CC1,0.29148734280329186
OC1CCN(CCC(=O)OCCCCCCCC/C=C\CC(CCCCCC)OC(OCCCCCCCCCCCCCCCCCC)=O)CC1,0.339695451945817
OC1CCN(CCC(=O)OCCCCCCCC/C=C\CC(CCCCCC)OC(OCCC#CCCCCCC)=O)CC1,0.26331024190081453
OC1CCN(CCC(=O)OCCCCCCCC/C=C\CC(CCCCCC)OC(OCCCCCCCC/C=C\CCCCCCCC)=O)CC1,0.34180256052364877
OC1CCN(CCC(=O)OCCCCCCCC/C=C\CC(CCCCCC)OC(OCCCCCCCC/C=C\C/C=C\CCCCC)=O)CC1,0.3370067136146817
OC1CCN(CCC(=O)OCCCCCCCC/C=C\CC(CCCCCC)OC(OCC#CCC)=O)CC1,0.15370146115665964
OC1CCN(CCC(=O)OCCCCCCCC/C=C\CC(CCCCCC)OC(OCC#CCCC)=O)CC1,0.16696508555397835
OC1CCN(CCC(=O)OCCCCCCCC/C=C\CC(CCCCCC)OC(OCC#CCCCC)=O)CC1,0.20379083534077294
OC1CCN(CCC(=O)OCCCCCCCC/C=C\CC(CCCCCC)OC(OCC#CCCCCC)=O)CC1,0.21294451242554943
OC1CCN(CCC(=O)OCCCCCCCC/C=C\CC(CCCCCC)OC(OCC#CCCCCCC)=O)CC1,0.24682997772439563
OC1CCN(CCC(=O)OCCCCCCCC/C=C\CC(CCCCCC)OC(OCCC#CCCCC)=O)CC1,0.22181760505101555
OCCOCCN1CCN(CCC(=O)OCCCCCCCC/C=C\CC(CCCCCC)OC(OCCCCCCCCCCCCCCCCCC)=O)CC1,0.41400244280111337
OCCOCCN1CCN(CCC(=O)OCCCCCCCC/C=C\CC(CCCCCC)OC(OCCC#CCCCCCC)=O)CC1,0.3590554520266181
OCCOCCN1CCN(CCC(=O)OCCCCCCCC/C=C\CC(CCCCCC)OC(OCCCCCCCC/C=C\CCCCCCCC)=O)CC1,0.4150885646631378
OCCOCCN1CCN(CCC(=O)OCCCCCCCC/C=C\CC(CCCCCC)OC(OCCCCCCCC/C=C\C/C=C\CCCCC)=O)CC1,0.4118726396730221
OCCOCCN1CCN(CCC(=O)OCCCCCCCC/C=C\CC(CCCCCC)OC(OCC#CCC)=O)CC1,0.2659419162446833
OCCOCCN1CCN(CCC(=O)OCCCCCCCC/C=C\CC(CCCCCC)OC(OCC#CCCC)=O)CC1,0.27700774321175536
OCCOCCN1CCN(CCC(=O)OCCCCCCCC/C=C\CC(CCCCCC)OC(OCC#CCCCC)=O)CC1,0.31109722119994204
OCCOCCN1CCN(CCC(=O)OCCCCCCCC/C=C\CC(CCCCCC)OC(OCC#CCCCCC)=O)CC1,0.31839479977196145
OCCOCCN1CCN(CCC(=O)OCCCCCCCC/C=C\CC(CCCCCC)OC(OCC#CCCCCCC)=O)CC1,0.3468087638741942
OCCOCCN1CCN(CCC(=O)OCCCCCCCC/C=C\CC(CCCCCC)OC(OCCC#CCCCC)=O)CC1,0.3270885399280541
CN(CCC(=O)OCCCCCCCC/C=C\CC(CCCCCC)OC(OCCCCCCCC/C=C\CCCCCCCC)=O)CCO,0.4431522225971921
CN(CCC(=O)OCCCCCCCC/C=C\CC(CCCCCC)OC(OCCCCCCCC/C=C\C/C=C\CCCCC)=O)CCO,0.43993796544804037
CN(CCC(=O)OCCCCCCCC/C=C\CC(CCCCCC)OC(OCC#CCC)=O)CCO,0.2780338823648263
CN(CCC(=O)OCCCCCCCC/C=C\CC(CCCCCC)OC(OCC#CCCC)=O)CCO,0.290772017727003
CN(CCC(=O)OCCCCCCCC/C=C\CC(CCCCCC)OC(OCC#CCCCC)=O)CCO,0.3295556638911044
CN(CCC(=O)OCCCCCCCC/C=C\CC(CCCCCC)OC(OCC#CCCCCC)=O)CCO,0.3374067869659095
CN(CCC(=O)OCCCCCCCC/C=C\CC(CCCCCC)OC(OCC#CCCCCCC)=O)CCO,0.36953041654933616
CN(CCC(=O)OCCCCCCCC/C=C\CC(CCCCCC)OC(OCCC#CCCCC)=O)CCO,0.34734613627620436
N(CCC(=O)OCCCCCCCC/C=C\CC(CCCCCC)OC(OCCCCCCCCCCCCCCCCCC)=O)(CCC(=O)OCCCCCCCC/C=C\CC(CCCCCC)OC(OCCCCCCCCCCCCCCCCCC)=O)CCO,0.5169684810317202
N(CCC(=O)OCCCCCCCC/C=C\CC(CCCCCC)OC(OCCC#CCCCCCC)=O)(CCC(=O)OCCCCCCCC/C=C\CC(CCCCCC)OC(OCCC#CCCCCCC)=O)CCO,0.47914622605183915
N(CCC(=O)OCCCCCCCC/C=C\CC(CCCCCC)OC(OCCCCCCCC/C=C\CCCCCCCC)=O)(CCC(=O)OCCCCCCCC/C=C\CC(CCCCCC)OC(OCCCCCCCC/C=C\CCCCCCCC)=O)CCO,0.5189922273442288
N(CCC(=O)OCCCCCCCC/C=C\CC(CCCCCC)OC(OCCCCCCCC/C=C\C/C=C\CCCCC)=O)(CCC(=O)OCCCCCCCC/C=C\CC(CCCCCC)OC(OCCCCCCCC/C=C\C/C=C\CCCCC)=O)CCO,0.5212028314104485
N(CCC(=O)OCCCCCCCC/C=C\CC(CCCCCC)OC(OCC#CCC)=O)(CCC(=O)OCCCCCCCC/C=C\CC(CCCCCC)OC(OCC#CCC)=O)CCO,0.3815352677619871
N(CCC(=O)OCCCCCCCC/C=C\CC(CCCCCC)OC(OCC#CCCC)=O)(CCC(=O)OCCCCCCCC/C=C\CC(CCCCCC)OC(OCC#CCCC)=O)CCO,0.3919653494930503
N(CCC(=O)OCCCCCCCC/C=C\CC(CCCCCC)OC(OCC#CCCCC)=O)(CCC(=O)OCCCCCCCC/C=C\CC(CCCCCC)OC(OCC#CCCCC)=O)CCO,0.4306099691996566
N(CCC(=O)OCCCCCCCC/C=C\CC(CCCCCC)OC(OCC#CCCCCC)=O)(CCC(=O)OCCCCCCCC/C=C\CC(CCCCCC)OC(OCC#CCCCCC)=O)CCO,0.43614714163422563
N(CCC(=O)OCCCCCCCC/C=C\CC(CCCCCC)OC(OCC#CCCCCCC)=O)(CCC(=O)OCCCCCCCC/C=C\CC(CCCCCC)OC(OCC#CCCCCCC)=O)CCO,0.4682471533982878
N(CCC(=O)OCCCCCCCC/C=C\CC(CCCCCC)OC(OCCC#CCCCC)=O)(CCC(=O)OCCCCCCCC/C=C\CC(CCCCCC)OC(OCCC#CCCCC)=O)CCO,0.44683648328656017
CN(CCC(=O)OCCCCCCCC/C=C\CC(CCCCCC)OC(OCCC#CCCCCCC)=O)CCO,0.3832041213436663
CN(CCC(=O)OCCCCCCCC/C=C\CC(CCCCCC)OC(OCCCCCCCCCCCCCCCCCC)=O)CCO,0.44187650295701564
N(CCC(=O)OCCCCCCCC/C=C\CC(CCCCCC)OC(OCCCCCCCCCCCCCCCCCC)=O)(CCC(=O)OCCCCCCCC/C=C\CC(CCCCCC)OC(OCCCCCCCCCCCCCCCCCC)=O)CCCCCO,0.5666386910421434
N(CCC(=O)OCCCCCCCC/C=C\CC(CCCCCC)OC(OCCC#CCCCCCC)=O)(CCC(=O)OCCCCCCCC/C=C\CC(CCCCCC)OC(OCCC#CCCCCCC)=O)CCCCCO,0.5400278715020622
N(CCC(=O)OCCCCCCCC/C=C\CC(CCCCCC)OC(OCCCCCCCC/C=C\CCCCCCCC)=O)(CCC(=O)OCCCCCCCC/C=C\CC(CCCCCC)OC(OCCCCCCCC/C=C\CCCCCCCC)=O)CCCCCO,0.5699149859185791
N(CCC(=O)OCCCCCCCC/C=C\CC(CCCCCC)OC(OCCCCCCCC/C=C\C/C=C\CCCCC)=O)(CCC(=O)OCCCCCCCC/C=C\CC(CCCCCC)OC(OCCCCCCCC/C=C\C/C=C\CCCCC)=O)CCCCCO,0.5730622613833036
N(CCC(=O)OCCCCCCCC/C=C\CC(CCCCCC)OC(OCC#CCC)=O)(CCC(=O)OCCCCCCCC/C=C\CC(CCCCCC)OC(OCC#CCC)=O)CCCCCO,0.4615411222767326
N(CCC(=O)OCCCCCCCC/C=C\CC(CCCCCC)OC(OCC#CCCC)=O)(CCC(=O)OCCCCCCCC/C=C\CC(CCCCCC)OC(OCC#CCCC)=O)CCCCCO,0.4696416173585227
N(CCC(=O)OCCCCCCCC/C=C\CC(CCCCCC)OC(OCC#CCCCC)=O)(CCC(=O)OCCCCCCCC/C=C\CC(CCCCCC)OC(OCC#CCCCC)=O)CCCCCO,0.5015902129893576
N(CCC(=O)OCCCCCCCC/C=C\CC(CCCCCC)OC(OCC#CCCCCC)=O)(CCC(=O)OCCCCCCCC/C=C\CC(CCCCCC)OC(OCC#CCCCCC)=O)CCCCCO,0.5044051711420148
N(CCC(=O)OCCCCCCCC/C=C\CC(CCCCCC)OC(OCC#CCCCCCC)=O)(CCC(=O)OCCCCCCCC/C=C\CC(CCCCCC)OC(OCC#CCCCCCC)=O)CCCCCO,0.5313479505996709
N(CCC(=O)OCCCCCCCC/C=C\CC(CCCCCC)OC(OCCC#CCCCC)=O)(CCC(=O)OCCCCCCCC/C=C\CC(CCCCCC)OC(OCCC#CCCCC)=O)CCCCCO,0.5137725999160463
N(CCC(=O)OCCCCCCCC/C=C\CC(CCCCCC)OC(OCCCCCCCCCCCCCCCCCC)=O)(CCC(=O)OCCCCCCCC/C=C\CC(CCCCCC)OC(OCCCCCCCCCCCCCCCCCC)=O)CCCN(CCC(=O)OCCCCCCCC/C=C\CC(CCCCCC)OC(OCCCCCCCCCCCCCCCCCC)=O)(CCC(=O)OCCCCCCCC/C=C\CC(CCCCCC)OC(OCCCCCCCCCCCCCCCCCC)=O),0.577749787978237
N(CCC(=O)OCCCCCCCC/C=C\CC(CCCCCC)OC(OCCC#CCCCCCC)=O)(CCC(=O)OCCCCCCCC/C=C\CC(CCCCCC)OC(OCCC#CCCCCCC)=O)CCCN(CCC(=O)OCCCCCCCC/C=C\CC(CCCCCC)OC(OCCC#CCCCCCC)=O)(CCC(=O)OCCCCCCCC/C=C\CC(CCCCCC)OC(OCCC#CCCCCCC)=O),0.5532310366644377
N(CCC(=O)OCCCCCCCC/C=C\CC(CCCCCC)OC(OCCCCCCCC/C=C\CCCCCCCC)=O)(CCC(=O)OCCCCCCCC/C=C\CC(CCCCCC)OC(OCCCCCCCC/C=C\CCCCCCCC)=O)CCCN(CCC(=O)OCCCCCCCC/C=C\CC(CCCCCC)OC(OCCCCCCCC/C=C\CCCCCCCC)=O)(CCC(=O)OCCCCCCCC/C=C\CC(CCCCCC)OC(OCCCCCCCC/C=C\CCCCCCCC)=O),0.581560447186373
N(CCC(=O)OCCCCCCCC/C=C\CC(CCCCCC)OC(OCCCCCCCC/C=C\C/C=C\CCCCC)=O)(CCC(=O)OCCCCCCCC/C=C\CC(CCCCCC)OC(OCCCCCCCC/C=C\C/C=C\CCCCC)=O)CCCN(CCC(=O)OCCCCCCCC/C=C\CC(CCCCCC)OC(OCCCCCCCC/C=C\C/C=C\CCCCC)=O)(CCC(=O)OCCCCCCCC/C=C\CC(CCCCCC)OC(OCCCCCCCC/C=C\C/C=C\CCCCC)=O),0.5858924258272412
N(CCC(=O)OCCCCCCCC/C=C\CC(CCCCCC)OC(OCC#CCC)=O)(CCC(=O)OCCCCCCCC/C=C\CC(CCCCCC)OC(OCC#CCC)=O)CCCN(CCC(=O)OCCCCCCCC/C=C\CC(CCCCCC)OC(OCC#CCC)=O)(CCC(=O)OCCCCCCCC/C=C\CC(CCCCCC)OC(OCC#CCC)=O),0.4702129124544247
N(CCC(=O)OCCCCCCCC/C=C\CC(CCCCCC)OC(OCC#CCCC)=O)(CCC(=O)OCCCCCCCC/C=C\CC(CCCCCC)OC(OCC#CCCC)=O)CCCN(CCC(=O)OCCCCCCCC/C=C\CC(CCCCCC)OC(OCC#CCCC)=O)(CCC(=O)OCCCCCCCC/C=C\CC(CCCCCC)OC(OCC#CCCC)=O),0.4786369686832213
N(CCC(=O)OCCCCCCCC/C=C\CC(CCCCCC)OC(OCC#CCCCC)=O)(CCC(=O)OCCCCCCCC/C=C\CC(CCCCCC)OC(OCC#CCCCC)=O)CCCN(CCC(=O)OCCCCCCCC/C=C\CC(CCCCCC)OC(OCC#CCCCC)=O)(CCC(=O)OCCCCCCCC/C=C\CC(CCCCCC)OC(OCC#CCCCC)=O),0.5128713701380255
N(CCC(=O)OCCCCCCCC/C=C\CC(CCCCCC)OC(OCC#CCCCCC)=O)(CCC(=O)OCCCCCCCC/C=C\CC(CCCCCC)OC(OCC#CCCCCC)=O)CCCN(CCC(=O)OCCCCCCCC/C=C\CC(CCCCCC)OC(OCC#CCCCCC)=O)(CCC(=O)OCCCCCCCC/C=C\CC(CCCCCC)OC(OCC#CCCCCC)=O),0.5153332225323148
N(CCC(=O)OCCCCCCCC/C=C\CC(CCCCCC)OC(OCC#CCCCCCC)=O)(CCC(=O)OCCCCCCCC/C=C\CC(CCCCCC)OC(OCC#CCCCCCC)=O)CCCN(CCC(=O)OCCCCCCCC/C=C\CC(CCCCCC)OC(OCC#CCCCCCC)=O)(CCC(=O)OCCCCCCCC/C=C\CC(CCCCCC)OC(OCC#CCCCCCC)=O),0.5442204662909431
N(CCC(=O)OCCCCCCCC/C=C\CC(CCCCCC)OC(OCCC#CCCCC)=O)(CCC(=O)OCCCCCCCC/C=C\CC(CCCCCC)OC(OCCC#CCCCC)=O)CCCN(CCC(=O)OCCCCCCCC/C=C\CC(CCCCCC)OC(OCCC#CCCCC)=O)(CCC(=O)OCCCCCCCC/C=C\CC(CCCCCC)OC(OCCC#CCCCC)=O),0.5255534541306637
N(CCC(=O)OCCCCCCCC/C=C\CC(CCCCCC)OC(OCCCCCCCCCCCCCCCCCC)=O)(CCC(=O)OCCCCCCCC/C=C\CC(CCCCCC)OC(OCCCCCCCCCCCCCCCCCC)=O)CCCN1CCN(CCCN(CCC(=O)OCCCCCCCC/C=C\CC(CCCCCC)OC(OCCCCCCCCCCCCCCCCCC)=O)(CCC(=O)OCCCCCCCC/C=C\CC(CCCCCC)OC(OCCCCCCCCCCCCCCCCCC)=O))CC1,0.5807393929061193
N(CCC(=O)OCCCCCCCC/C=C\CC(CCCCCC)OC(OCCC#CCCCCCC)=O)(CCC(=O)OCCCCCCCC/C=C\CC(CCCCCC)OC(OCCC#CCCCCCC)=O)CCCN1CCN(CCCN(CCC(=O)OCCCCCCCC/C=C\CC(CCCCCC)OC(OCCC#CCCCCCC)=O)(CCC(=O)OCCCCCCCC/C=C\CC(CCCCCC)OC(OCCC#CCCCCCC)=O))CC1,0.5582312834401119
N(CCC(=O)OCCCCCCCC/C=C\CC(CCCCCC)OC(OCCCCCCCC/C=C\CCCCCCCC)=O)(CCC(=O)OCCCCCCCC/C=C\CC(CCCCCC)OC(OCCCCCCCC/C=C\CCCCCCCC)=O)CCCN1CCN(CCCN(CCC(=O)OCCCCCCCC/C=C\CC(CCCCCC)OC(OCCCCCCCC/C=C\CCCCCCCC)=O)(CCC(=O)OCCCCCCCC/C=C\CC(CCCCCC)OC(OCCCCCCCC/C=C\CCCCCCCC)=O))CC1,0.5846254623521254
N(CCC(=O)OCCCCCCCC/C=C\CC(CCCCCC)OC(OCCCCCCCC/C=C\C/C=C\CCCCC)=O)(CCC(=O)OCCCCCCCC/C=C\CC(CCCCCC)OC(OCCCCCCCC/C=C\C/C=C\CCCCC)=O)CCCN1CCN(CCCN(CCC(=O)OCCCCCCCC/C=C\CC(CCCCCC)OC(OCCCCCCCC/C=C\C/C=C\CCCCC)=O)(CCC(=O)OCCCCCCCC/C=C\CC(CCCCCC)OC(OCCCCCCCC/C=C\C/C=C\CCCCC)=O))CC1,0.5887812455083019
N(CCC(=O)OCCCCCCCC/C=C\CC(CCCCCC)OC(OCC#CCC)=O)(CCC(=O)OCCCCCCCC/C=C\CC(CCCCCC)OC(OCC#CCC)=O)CCCN1CCN(CCCN(CCC(=O)OCCCCCCCC/C=C\CC(CCCCCC)OC(OCC#CCC)=O)(CCC(=O)OCCCCCCCC/C=C\CC(CCCCCC)OC(OCC#CCC)=O))CC1,0.4823456513295615
N(CCC(=O)OCCCCCCCC/C=C\CC(CCCCCC)OC(OCC#CCCC)=O)(CCC(=O)OCCCCCCCC/C=C\CC(CCCCCC)OC(OCC#CCCC)=O)CCCN1CCN(CCCN(CCC(=O)OCCCCCCCC/C=C\CC(CCCCCC)OC(OCC#CCCC)=O)(CCC(=O)OCCCCCCCC/C=C\CC(CCCCCC)OC(OCC#CCCC)=O))CC1,0.4889011895869944
N(CCC(=O)OCCCCCCCC/C=C\CC(CCCCCC)OC(OCC#CCCCC)=O)(CCC(=O)OCCCCCCCC/C=C\CC(CCCCCC)OC(OCC#CCCCC)=O)CCCN1CCN(CCCN(CCC(=O)OCCCCCCCC/C=C\CC(CCCCCC)OC(OCC#CCCCC)=O)(CCC(=O)OCCCCCCCC/C=C\CC(CCCCCC)OC(OCC#CCCCC)=O))CC1,0.5206025873606722
N(CCC(=O)OCCCCCCCC/C=C\CC(CCCCCC)OC(OCC#CCCCCC)=O)(CCC(=O)OCCCCCCCC/C=C\CC(CCCCCC)OC(OCC#CCCCCC)=O)CCCN1CCN(CCCN(CCC(=O)OCCCCCCCC/C=C\CC(CCCCCC)OC(OCC#CCCCCC)=O)(CCC(=O)OCCCCCCCC/C=C\CC(CCCCCC)OC(OCC#CCCCCC)=O))CC1,0.5227323607058891
N(CCC(=O)OCCCCCCCC/C=C\CC(CCCCCC)OC(OCC#CCCCCCC)=O)(CCC(=O)OCCCCCCCC/C=C\CC(CCCCCC)OC(OCC#CCCCCCC)=O)CCCN1CCN(CCCN(CCC(=O)OCCCCCCCC/C=C\CC(CCCCCC)OC(OCC#CCCCCCC)=O)(CCC(=O)OCCCCCCCC/C=C\CC(CCCCCC)OC(OCC#CCCCCCC)=O))CC1,0.549786647245135
N(CCC(=O)OCCCCCCCC/C=C\CC(CCCCCC)OC(OCCC#CCCCC)=O)(CCC(=O)OCCCCCCCC/C=C\CC(CCCCCC)OC(OCCC#CCCCC)=O)CCCN1CCN(CCCN(CCC(=O)OCCCCCCCC/C=C\CC(CCCCCC)OC(OCCC#CCCCC)=O)(CCC(=O)OCCCCCCCC/C=C\CC(CCCCCC)OC(OCCC#CCCCC)=O))CC1,0.5323552669761487
N(CCC(=O)OCCCCCCCC/C=C\CC(CCCCCC)OC(OCCCCCCCCCCCCCCCCCC)=O)(CCC(=O)OCCCCCCCC/C=C\CC(CCCCCC)OC(OCCCCCCCCCCCCCCCCCC)=O)CC(O)CO,0.5053892568764947
N(CCC(=O)OCCCCCCCC/C=C\CC(CCCCCC)OC(OCCC#CCCCCCC)=O)(CCC(=O)OCCCCCCCC/C=C\CC(CCCCCC)OC(OCCC#CCCCCCC)=O)CC(O)CO,0.46519256223856004
N(CCC(=O)OCCCCCCCC/C=C\CC(CCCCCC)OC(OCCCCCCCC/C=C\CCCCCCCC)=O)(CCC(=O)OCCCCCCCC/C=C\CC(CCCCCC)OC(OCCCCCCCC/C=C\CCCCCCCC)=O)CC(O)CO,0.5072001152031046
N(CCC(=O)OCCCCCCCC/C=C\CC(CCCCCC)OC(OCCCCCCCC/C=C\C/C=C\CCCCC)=O)(CCC(=O)OCCCCCCCC/C=C\CC(CCCCCC)OC(OCCCCCCCC/C=C\C/C=C\CCCCC)=O)CC(O)CO,0.5091457112533023
N(CCC(=O)OCCCCCCCC/C=C\CC(CCCCCC)OC(OCC#CCC)=O)(CCC(=O)OCCCCCCCC/C=C\CC(CCCCCC)OC(OCC#CCC)=O)CC(O)CO,0.36791460626688544
N(CCC(=O)OCCCCCCCC/C=C\CC(CCCCCC)OC(OCC#CCCC)=O)(CCC(=O)OCCCCCCCC/C=C\CC(CCCCCC)OC(OCC#CCCC)=O)CC(O)CO,0.37850545595372376
N(CCC(=O)OCCCCCCCC/C=C\CC(CCCCCC)OC(OCC#CCCCC)=O)(CCC(=O)OCCCCCCCC/C=C\CC(CCCCCC)OC(OCC#CCCCC)=O)CC(O)CO,0.41743348949270437
N(CCC(=O)OCCCCCCCC/C=C\CC(CCCCCC)OC(OCC#CCCCCC)=O)(CCC(=O)OCCCCCCCC/C=C\CC(CCCCCC)OC(OCC#CCCCCC)=O)CC(O)CO,0.42323820148761576
N(CCC(=O)OCCCCCCCC/C=C\CC(CCCCCC)OC(OCC#CCCCCCC)=O)(CCC(=O)OCCCCCCCC/C=C\CC(CCCCCC)OC(OCC#CCCCCCC)=O)CC(O)CO,0.454333309288023
N(CCC(=O)OCCCCCCCC/C=C\CC(CCCCCC)OC(OCCC#CCCCC)=O)(CCC(=O)OCCCCCCCC/C=C\CC(CCCCCC)OC(OCCC#CCCCC)=O)CC(O)CO,0.4335815257056791
CN(CCC(=O)OCCCCCCCC/C=C\CC(CCCCCC)OC(OCCCCCCCCCCCCCCCCCC)=O)CCN(CCC(=O)OCCCCCCCC/C=C\CC(CCCCCC)OC(OCCCCCCCCCCCCCCCCCC)=O)C,0.5554658839903835
CN(CCC(=O)OCCCCCCCC/C=C\CC(CCCCCC)OC(OCCC#CCCCCCC)=O)CCN(CCC(=O)OCCCCCCCC/C=C\CC(CCCCCC)OC(OCCC#CCCCCCC)=O)C,0.5269052987976948
CN(CCC(=O)OCCCCCCCC/C=C\CC(CCCCCC)OC(OCCCCCCCC/C=C\CCCCCCCC)=O)CCN(CCC(=O)OCCCCCCCC/C=C\CC(CCCCCC)OC(OCCCCCCCC/C=C\CCCCCCCC)=O)C,0.5587866744811076
CN(CCC(=O)OCCCCCCCC/C=C\CC(CCCCCC)OC(OCCCCCCCC/C=C\C/C=C\CCCCC)=O)CCN(CCC(=O)OCCCCCCCC/C=C\CC(CCCCCC)OC(OCCCCCCCC/C=C\C/C=C\CCCCC)=O)C,0.561277297132025
CN(CCC(=O)OCCCCCCCC/C=C\CC(CCCCCC)OC(OCC#CCC)=O)CCN(CCC(=O)OCCCCCCCC/C=C\CC(CCCCCC)OC(OCC#CCC)=O)C,0.44406831402951663
CN(CCC(=O)OCCCCCCCC/C=C\CC(CCCCCC)OC(OCC#CCCC)=O)CCN(CCC(=O)OCCCCCCCC/C=C\CC(CCCCCC)OC(OCC#CCCC)=O)C,0.45259887381701125
CN(CCC(=O)OCCCCCCCC/C=C\CC(CCCCCC)OC(OCC#CCCCC)=O)CCN(CCC(=O)OCCCCCCCC/C=C\CC(CCCCCC)OC(OCC#CCCCC)=O)C,0.4875212596694454
CN(CCC(=O)OCCCCCCCC/C=C\CC(CCCCCC)OC(OCC#CCCCCC)=O)CCN(CCC(=O)OCCCCCCCC/C=C\CC(CCCCCC)OC(OCC#CCCCCC)=O)C,0.4907835268120594
CN(CCC(=O)OCCCCCCCC/C=C\CC(CCCCCC)OC(OCC#CCCCCCC)=O)CCN(CCC(=O)OCCCCCCCC/C=C\CC(CCCCCC)OC(OCC#CCCCCCC)=O)C,0.5177629094222993
CN(CCC(=O)OCCCCCCCC/C=C\CC(CCCCCC)OC(OCCC#CCCCC)=O)CCN(CCC(=O)OCCCCCCCC/C=C\CC(CCCCCC)OC(OCCC#CCCCC)=O)C,0.5001968509954738
N(CCC(=O)OCCCCCCCC/C=C\CC(CCCCCC)OC(OCCCCCCCCCCCCCCCCCC)=O)(CCC(=O)OCCCCCCCC/C=C\CC(CCCCCC)OC(OCCCCCCCCCCCCCCCCCC)=O)CCCN(CCC(=O)OCCCCCCCC/C=C\CC(CCCCCC)OC(OCCCCCCCCCCCCCCCCCC)=O)C,0.5708780449437635
N(CCC(=O)OCCCCCCCC/C=C\CC(CCCCCC)OC(OCCC#CCCCCCC)=O)(CCC(=O)OCCCCCCCC/C=C\CC(CCCCCC)OC(OCCC#CCCCCCC)=O)CCCN(CCC(=O)OCCCCCCCC/C=C\CC(CCCCCC)OC(OCCC#CCCCCCC)=O)C,0.5450794043873779
N(CCC(=O)OCCCCCCCC/C=C\CC(CCCCCC)OC(OCCCCCCCC/C=C\CCCCCCCC)=O)(CCC(=O)OCCCCCCCC/C=C\CC(CCCCCC)OC(OCCCCCCCC/C=C\CCCCCCCC)=O)CCCN(CCC(=O)OCCCCCCCC/C=C\CC(CCCCCC)OC(OCCCCCCCC/C=C\CCCCCCCC)=O)C,0.5744509176830391
N(CCC(=O)OCCCCCCCC/C=C\CC(CCCCCC)OC(OCCCCCCCC/C=C\C/C=C\CCCCC)=O)(CCC(=O)OCCCCCCCC/C=C\CC(CCCCCC)OC(OCCCCCCCC/C=C\C/C=C\CCCCC)=O)CCCN(CCC(=O)OCCCCCCCC/C=C\CC(CCCCCC)OC(OCCCCCCCC/C=C\C/C=C\CCCCC)=O)C,0.5783034516125201
N(CCC(=O)OCCCCCCCC/C=C\CC(CCCCCC)OC(OCC#CCC)=O)(CCC(=O)OCCCCCCCC/C=C\CC(CCCCCC)OC(OCC#CCC)=O)CCCN(CCC(=O)OCCCCCCCC/C=C\CC(CCCCCC)OC(OCC#CCC)=O)C,0.46262691652713916
N(CCC(=O)OCCCCCCCC/C=C\CC(CCCCCC)OC(OCC#CCCC)=O)(CCC(=O)OCCCCCCCC/C=C\CC(CCCCCC)OC(OCC#CCCC)=O)CCCN(CCC(=O)OCCCCCCCC/C=C\CC(CCCCCC)OC(OCC#CCCC)=O)C,0.471083346740361
N(CCC(=O)OCCCCCCCC/C=C\CC(CCCCCC)OC(OCC#CCCCC)=O)(CCC(=O)OCCCCCCCC/C=C\CC(CCCCCC)OC(OCC#CCCCC)=O)CCCN(CCC(=O)OCCCCCCCC/C=C\CC(CCCCCC)OC(OCC#CCCCC)=O)C,0.5050318623842195
N(CCC(=O)OCCCCCCCC/C=C\CC(CCCCCC)OC(OCC#CCCCCC)=O)(CCC(=O)OCCCCCCCC/C=C\CC(CCCCCC)OC(OCC#CCCCCC)=O)CCCN(CCC(=O)OCCCCCCCC/C=C\CC(CCCCCC)OC(OCC#CCCCCC)=O)C,0.5076556740492582
N(CCC(=O)OCCCCCCCC/C=C\CC(CCCCCC)OC(OCC#CCCCCCC)=O)(CCC(=O)OCCCCCCCC/C=C\CC(CCCCCC)OC(OCC#CCCCCCC)=O)CCCN(CCC(=O)OCCCCCCCC/C=C\CC(CCCCCC)OC(OCC#CCCCCCC)=O)C,0.5361746227835967
N(CCC(=O)OCCCCCCCC/C=C\CC(CCCCCC)OC(OCCC#CCCCC)=O)(CCC(=O)OCCCCCCCC/C=C\CC(CCCCCC)OC(OCCC#CCCCC)=O)CCCN(CCC(=O)OCCCCCCCC/C=C\CC(CCCCCC)OC(OCCC#CCCCC)=O)C,0.5176686168420874
N(CCC(=O)OCCCCCCCC/C=C\CC(CCCCCC)OC(OCCCCCCCCCCCCCCCCCC)=O)(CCC(=O)OCCCCCCCC/C=C\CC(CCCCCC)OC(OCCCCCCCCCCCCCCCCCC)=O)CCN(CCC(=O)OCCCCCCCC/C=C\CC(CCCCCC)OC(OCCCCCCCCCCCCCCCCCC)=O)CCN(CC1)CCN1CCN(CCC(=O)OCCCCCCCC/C=C\CC(CCCCCC)OC(OCCCCCCCCCCCCCCCCCC)=O)(CCC(=O)OCCCCCCCC/C=C\CC(CCCCCC)OC(OCCCCCCCCCCCCCCCCCC)=O),0.5812848364670801
N(CCC(=O)OCCCCCCCC/C=C\CC(CCCCCC)OC(OCCC#CCCCCCC)=O)(CCC(=O)OCCCCCCCC/C=C\CC(CCCCCC)OC(OCCC#CCCCCCC)=O)CCN(CCC(=O)OCCCCCCCC/C=C\CC(CCCCCC)OC(OCCC#CCCCCCC)=O)CCN(CC1)CCN1CCN(CCC(=O)OCCCCCCCC/C=C\CC(CCCCCC)OC(OCCC#CCCCCCC)=O)(CCC(=O)OCCCCCCCC/C=C\CC(CCCCCC)OC(OCCC#CCCCCCC)=O),0.5585045115294563
N(CCC(=O)OCCCCCCCC/C=C\CC(CCCCCC)OC(OCCCCCCCC/C=C\CCCCCCCC)=O)(CCC(=O)OCCCCCCCC/C=C\CC(CCCCCC)OC(OCCCCCCCC/C=C\CCCCCCCC)=O)CCN(CCC(=O)OCCCCCCCC/C=C\CC(CCCCCC)OC(OCCCCCCCC/C=C\CCCCCCCC)=O)CCN(CC1)CCN1CCN(CCC(=O)OCCCCCCCC/C=C\CC(CCCCCC)OC(OCCCCCCCC/C=C\CCCCCCCC)=O)(CCC(=O)OCCCCCCCC/C=C\CC(CCCCCC)OC(OCCCCCCCC/C=C\CCCCCCCC)=O),0.5851646515094714
N(CCC(=O)OCCCCCCCC/C=C\CC(CCCCCC)OC(OCCCCCCCC/C=C\C/C=C\CCCCC)=O)(CCC(=O)OCCCCCCCC/C=C\CC(CCCCCC)OC(OCCCCCCCC/C=C\C/C=C\CCCCC)=O)CCN(CCC(=O)OCCCCCCCC/C=C\CC(CCCCCC)OC(OCCCCCCCC/C=C\C/C=C\CCCCC)=O)CCN(CC1)CCN1CCN(CCC(=O)OCCCCCCCC/C=C\CC(CCCCCC)OC(OCCCCCCCC/C=C\C/C=C\CCCCC)=O)(CCC(=O)OCCCCCCCC/C=C\CC(CCCCCC)OC(OCCCCCCCC/C=C\C/C=C\CCCCC)=O),0.5894147868116085
N(CCC(=O)OCCCCCCCC/C=C\CC(CCCCCC)OC(OCC#CCC)=O)(CCC(=O)OCCCCCCCC/C=C\CC(CCCCCC)OC(OCC#CCC)=O)CCN(CCC(=O)OCCCCCCCC/C=C\CC(CCCCCC)OC(OCC#CCC)=O)CCN(CC1)CCN1CCN(CCC(=O)OCCCCCCCC/C=C\CC(CCCCCC)OC(OCC#CCC)=O)(CCC(=O)OCCCCCCCC/C=C\CC(CCCCCC)OC(OCC#CCC)=O),0.48169120244845676
N(CCC(=O)OCCCCCCCC/C=C\CC(CCCCCC)OC(OCC#CCCC)=O)(CCC(=O)OCCCCCCCC/C=C\CC(CCCCCC)OC(OCC#CCCC)=O)CCN(CCC(=O)OCCCCCCCC/C=C\CC(CCCCCC)OC(OCC#CCCC)=O)CCN(CC1)CCN1CCN(CCC(=O)OCCCCCCCC/C=C\CC(CCCCCC)OC(OCC#CCCC)=O)(CCC(=O)OCCCCCCCC/C=C\CC(CCCCCC)OC(OCC#CCCC)=O),0.48824513243067447
N(CCC(=O)OCCCCCCCC/C=C\CC(CCCCCC)OC(OCC#CCCCC)=O)(CCC(=O)OCCCCCCCC/C=C\CC(CCCCCC)OC(OCC#CCCCC)=O)CCN(CCC(=O)OCCCCCCCC/C=C\CC(CCCCCC)OC(OCC#CCCCC)=O)CCN(CC1)CCN1CCN(CCC(=O)OCCCCCCCC/C=C\CC(CCCCCC)OC(OCC#CCCCC)=O)(CCC(=O)OCCCCCCCC/C=C\CC(CCCCCC)OC(OCC#CCCCC)=O),0.5204396154721947
N(CCC(=O)OCCCCCCCC/C=C\CC(CCCCCC)OC(OCC#CCCCCC)=O)(CCC(=O)OCCCCCCCC/C=C\CC(CCCCCC)OC(OCC#CCCCCC)=O)CCN(CCC(=O)OCCCCCCCC/C=C\CC(CCCCCC)OC(OCC#CCCCCC)=O)CCN(CC1)CCN1CCN(CCC(=O)OCCCCCCCC/C=C\CC(CCCCCC)OC(OCC#CCCCCC)=O)(CCC(=O)OCCCCCCCC/C=C\CC(CCCCCC)OC(OCC#CCCCCC)=O),0.5226128718139718
N(CCC(=O)OCCCCCCCC/C=C\CC(CCCCCC)OC(OCC#CCCCCCC)=O)(CCC(=O)OCCCCCCCC/C=C\CC(CCCCCC)OC(OCC#CCCCCCC)=O)CCN(CCC(=O)OCCCCCCCC/C=C\CC(CCCCCC)OC(OCC#CCCCCCC)=O)CCN(CC1)CCN1CCN(CCC(=O)OCCCCCCCC/C=C\CC(CCCCCC)OC(OCC#CCCCCCC)=O)(CCC(=O)OCCCCCCCC/C=C\CC(CCCCCC)OC(OCC#CCCCCCC)=O),0.5500171071269039
N(CCC(=O)OCCCCCCCC/C=C\CC(CCCCCC)OC(OCCC#CCCCC)=O)(CCC(=O)OCCCCCCCC/C=C\CC(CCCCCC)OC(OCCC#CCCCC)=O)CCN(CCC(=O)OCCCCCCCC/C=C\CC(CCCCCC)OC(OCCC#CCCCC)=O)CCN(CC1)CCN1CCN(CCC(=O)OCCCCCCCC/C=C\CC(CCCCCC)OC(OCCC#CCCCC)=O)(CCC(=O)OCCCCCCCC/C=C\CC(CCCCCC)OC(OCCC#CCCCC)=O),0.5323624148659941
CCOC(CN(CCC(=O)OCCCCCCCC/C=C\CC(CCCCCC)OC(OCCCCCCCCCCCCCCCCCC)=O)(CCC(=O)OCCCCCCCC/C=C\CC(CCCCCC)OC(OCCCCCCCCCCCCCCCCCC)=O))OCC,0.3481583450427742
CCOC(CN(CCC(=O)OCCCCCCCC/C=C\CC(CCCCCC)OC(OCCC#CCCCCCC)=O)(CCC(=O)OCCCCCCCC/C=C\CC(CCCCCC)OC(OCCC#CCCCCCC)=O))OCC,0.269391160272506
CCOC(CN(CCC(=O)OCCCCCCCC/C=C\CC(CCCCCC)OC(OCCCCCCCC/C=C\CCCCCCCC)=O)(CCC(=O)OCCCCCCCC/C=C\CC(CCCCCC)OC(OCCCCCCCC/C=C\CCCCCCCC)=O))OCC,0.34909445056666616
CCOC(CN(CCC(=O)OCCCCCCCC/C=C\CC(CCCCCC)OC(OCCCCCCCC/C=C\C/C=C\CCCCC)=O)(CCC(=O)OCCCCCCCC/C=C\CC(CCCCCC)OC(OCCCCCCCC/C=C\C/C=C\CCCCC)=O))OCC,0.34595893933731237
CCOC(CN(CCC(=O)OCCCCCCCC/C=C\CC(CCCCCC)OC(OCC#CCC)=O)(CCC(=O)OCCCCCCCC/C=C\CC(CCCCCC)OC(OCC#CCC)=O))OCC,0.14330640408583942
CCOC(CN(CCC(=O)OCCCCCCCC/C=C\CC(CCCCCC)OC(OCC#CCCC)=O)(CCC(=O)OCCCCCCCC/C=C\CC(CCCCCC)OC(OCC#CCCC)=O))OCC,0.15917903805964176
CCOC(CN(CCC(=O)OCCCCCCCC/C=C\CC(CCCCCC)OC(OCC#CCCCC)=O)(CCC(=O)OCCCCCCCC/C=C\CC(CCCCCC)OC(OCC#CCCCC)=O))OCC,0.2029561405040641
CCOC(CN(CCC(=O)OCCCCCCCC/C=C\CC(CCCCCC)OC(OCC#CCCCCC)=O)(CCC(=O)OCCCCCCCC/C=C\CC(CCCCCC)OC(OCC#CCCCCC)=O))OCC,0.21477726116481125
CCOC(CN(CCC(=O)OCCCCCCCC/C=C\CC(CCCCCC)OC(OCC#CCCCCCC)=O)(CCC(=O)OCCCCCCCC/C=C\CC(CCCCCC)OC(OCC#CCCCCCC)=O))OCC,0.25163082815625454
CCOC(CN(CCC(=O)OCCCCCCCC/C=C\CC(CCCCCC)OC(OCCC#CCCCC)=O)(CCC(=O)OCCCCCCCC/C=C\CC(CCCCCC)OC(OCCC#CCCCC)=O))OCC,0.22538880994932717
COC(CN(CCC(=O)OCCCCCCCC/C=C\CC(CCCCCC)OC(OCCCCCCCCCCCCCCCCCC)=O)(CCC(=O)OCCCCCCCC/C=C\CC(CCCCCC)OC(OCCCCCCCCCCCCCCCCCC)=O))OC,0.32590461110664365
COC(CN(CCC(=O)OCCCCCCCC/C=C\CC(CCCCCC)OC(OCCC#CCCCCCC)=O)(CCC(=O)OCCCCCCCC/C=C\CC(CCCCCC)OC(OCCC#CCCCCCC)=O))OC,0.24022589338176198
COC(CN(CCC(=O)OCCCCCCCC/C=C\CC(CCCCCC)OC(OCCCCCCCC/C=C\CCCCCCCC)=O)(CCC(=O)OCCCCCCCC/C=C\CC(CCCCCC)OC(OCCCCCCCC/C=C\CCCCCCCC)=O))OC,0.32712767462495823
COC(CN(CCC(=O)OCCCCCCCC/C=C\CC(CCCCCC)OC(OCCCCCCCC/C=C\C/C=C\CCCCC)=O)(CCC(=O)OCCCCCCCC/C=C\CC(CCCCCC)OC(OCCCCCCCC/C=C\C/C=C\CCCCC)=O))OC,0.32393679703217615
COC(CN(CCC(=O)OCCCCCCCC/C=C\CC(CCCCCC)OC(OCC#CCC)=O)(CCC(=O)OCCCCCCCC/C=C\CC(CCCCCC)OC(OCC#CCC)=O))OC,0.11085894530953702
COC(CN(CCC(=O)OCCCCCCCC/C=C\CC(CCCCCC)OC(OCC#CCCC)=O)(CCC(=O)OCCCCCCCC/C=C\CC(CCCCCC)OC(OCC#CCCC)=O))OC,0.12675302295287585
COC(CN(CCC(=O)OCCCCCCCC/C=C\CC(CCCCCC)OC(OCC#CCCCC)=O)(CCC(=O)OCCCCCCCC/C=C\CC(CCCCCC)OC(OCC#CCCCC)=O))OC,0.1685770538456371
COC(CN(CCC(=O)OCCCCCCCC/C=C\CC(CCCCCC)OC(OCC#CCCCCC)=O)(CCC(=O)OCCCCCCCC/C=C\CC(CCCCCC)OC(OCC#CCCCCC)=O))OC,0.1816008665386391
COC(CN(CCC(=O)OCCCCCCCC/C=C\CC(CCCCCC)OC(OCC#CCCCCCC)=O)(CCC(=O)OCCCCCCCC/C=C\CC(CCCCCC)OC(OCC#CCCCCCC)=O))OC,0.2209545867007939
COC(CN(CCC(=O)OCCCCCCCC/C=C\CC(CCCCCC)OC(OCCC#CCCCC)=O)(CCC(=O)OCCCCCCCC/C=C\CC(CCCCCC)OC(OCCC#CCCCC)=O))OC,0.1927843954251672
N(CCC(=O)OCCCCCCCC/C=C\CC(CCCCCC)OC(OCCCCCCCCCCCCCCCCCC)=O)(CCC(=O)OCCCCCCCC/C=C\CC(CCCCCC)OC(OCCCCCCCCCCCCCCCCCC)=O)CCC1OCCO1,0.049888632519496046
N(CCC(=O)OCCCCCCCC/C=C\CC(CCCCCC)OC(OCCC#CCCCCCC)=O)(CCC(=O)OCCCCCCCC/C=C\CC(CCCCCC)OC(OCCC#CCCCCCC)=O)CCC1OCCO1,-0.06864217038983304
N(CCC(=O)OCCCCCCCC/C=C\CC(CCCCCC)OC(OCCCCCCCC/C=C\CCCCCCCC)=O)(CCC(=O)OCCCCCCCC/C=C\CC(CCCCCC)OC(OCCCCCCCC/C=C\CCCCCCCC)=O)CCC1OCCO1,0.04928847781834285
N(CCC(=O)OCCCCCCCC/C=C\CC(CCCCCC)OC(OCCCCCCCC/C=C\C/C=C\CCCCC)=O)(CCC(=O)OCCCCCCCC/C=C\CC(CCCCCC)OC(OCCCCCCCC/C=C\C/C=C\CCCCC)=O)CCC1OCCO1,0.04792763872325616
N(CCC(=O)OCCCCCCCC/C=C\CC(CCCCCC)OC(OCC#CCC)=O)(CCC(=O)OCCCCCCCC/C=C\CC(CCCCCC)OC(OCC#CCC)=O)CCC1OCCO1,-0.20510164194413447
N(CCC(=O)OCCCCCCCC/C=C\CC(CCCCCC)OC(OCC#CCCC)=O)(CCC(=O)OCCCCCCCC/C=C\CC(CCCCCC)OC(OCC#CCCC)=O)CCC1OCCO1,-0.18267400580463763
N(CCC(=O)OCCCCCCCC/C=C\CC(CCCCCC)OC(OCC#CCCCC)=O)(CCC(=O)OCCCCCCCC/C=C\CC(CCCCCC)OC(OCC#CCCCC)=O)CCC1OCCO1,-0.1406489107270972
N(CCC(=O)OCCCCCCCC/C=C\CC(CCCCCC)OC(OCC#CCCCCC)=O)(CCC(=O)OCCCCCCCC/C=C\CC(CCCCCC)OC(OCC#CCCCCC)=O)CCC1OCCO1,-0.12320204336344553
N(CCC(=O)OCCCCCCCC/C=C\CC(CCCCCC)OC(OCC#CCCCCCC)=O)(CCC(=O)OCCCCCCCC/C=C\CC(CCCCCC)OC(OCC#CCCCCCC)=O)CCC1OCCO1,-0.08932741903086502
N(CCC(=O)OCCCCCCCC/C=C\CC(CCCCCC)OC(OCCC#CCCCC)=O)(CCC(=O)OCCCCCCCC/C=C\CC(CCCCCC)OC(OCCC#CCCCC)=O)CCC1OCCO1,-0.1153203332766766
N(CCC(=O)OCCCCCCCC/C=C\CC(CCCCCC)OC(OCCCCCCCCCCCCCCCCCC)=O)(CCC(=O)OCCCCCCCC/C=C\CC(CCCCCC)OC(OCCCCCCCCCCCCCCCCCC)=O)CC1OCCO1,-0.0600206276440393
N(CCC(=O)OCCCCCCCC/C=C\CC(CCCCCC)OC(OCCC#CCCCCCC)=O)(CCC(=O)OCCCCCCCC/C=C\CC(CCCCCC)OC(OCCC#CCCCCCC)=O)CC1OCCO1,-0.19528347914959523
N(CCC(=O)OCCCCCCCC/C=C\CC(CCCCCC)OC(OCCCCCCCC/C=C\CCCCCCCC)=O)(CCC(=O)OCCCCCCCC/C=C\CC(CCCCCC)OC(OCCCCCCCC/C=C\CCCCCCCC)=O)CC1OCCO1,-0.06129294831367986
N(CCC(=O)OCCCCCCCC/C=C\CC(CCCCCC)OC(OCCCCCCCC/C=C\C/C=C\CCCCC)=O)(CCC(=O)OCCCCCCCC/C=C\CC(CCCCCC)OC(OCCCCCCCC/C=C\C/C=C\CCCCC)=O)CC1OCCO1,-0.06182734242825441
N(CCC(=O)OCCCCCCCC/C=C\CC(CCCCCC)OC(OCC#CCC)=O)(CCC(=O)OCCCCCCCC/C=C\CC(CCCCCC)OC(OCC#CCC)=O)CC1OCCO1,-0.3423246570483076
N(CCC(=O)OCCCCCCCC/C=C\CC(CCCCCC)OC(OCC#CCCC)=O)(CCC(=O)OCCCCCCCC/C=C\CC(CCCCCC)OC(OCC#CCCC)=O)CC1OCCO1,-0.32348210462657245
N(CCC(=O)OCCCCCCCC/C=C\CC(CCCCCC)OC(OCC#CCCCC)=O)(CCC(=O)OCCCCCCCC/C=C\CC(CCCCCC)OC(OCC#CCCCC)=O)CC1OCCO1,-0.2861758975106625
N(CCC(=O)OCCCCCCCC/C=C\CC(CCCCCC)OC(OCC#CCCCCC)=O)(CCC(=O)OCCCCCCCC/C=C\CC(CCCCCC)OC(OCC#CCCCCC)=O)CC1OCCO1,-0.26373199992176716
N(CCC(=O)OCCCCCCCC/C=C\CC(CCCCCC)OC(OCC#CCCCCCC)=O)(CCC(=O)OCCCCCCCC/C=C\CC(CCCCCC)OC(OCC#CCCCCCC)=O)CC1OCCO1,-0.2224694059934959
N(CCC(=O)OCCCCCCCC/C=C\CC(CCCCCC)OC(OCCC#CCCCC)=O)(CCC(=O)OCCCCCCCC/C=C\CC(CCCCCC)OC(OCCC#CCCCC)=O)CC1OCCO1,-0.25569958849075547
N(CCC(=O)OCCCCCCCC/C=C\CC(CCCCCC)OC(OCCCCCCCCCCCCCCCCCC)=O)(CCC(=O)OCCCCCCCC/C=C\CC(CCCCCC)OC(OCCCCCCCCCCCCCCCCCC)=O)CCN1CCCC1,0.5665352253366297
N(CCC(=O)OCCCCCCCC/C=C\CC(CCCCCC)OC(OCCC#CCCCCCC)=O)(CCC(=O)OCCCCCCCC/C=C\CC(CCCCCC)OC(OCCC#CCCCCCC)=O)CCN1CCCC1,0.5400304328292569
N(CCC(=O)OCCCCCCCC/C=C\CC(CCCCCC)OC(OCCCCCCCC/C=C\CCCCCCCC)=O)(CCC(=O)OCCCCCCCC/C=C\CC(CCCCCC)OC(OCCCCCCCC/C=C\CCCCCCCC)=O)CCN1CCCC1,0.5696690985078938
N(CCC(=O)OCCCCCCCC/C=C\CC(CCCCCC)OC(OCCCCCCCC/C=C\C/C=C\CCCCC)=O)(CCC(=O)OCCCCCCCC/C=C\CC(CCCCCC)OC(OCCCCCCCC/C=C\C/C=C\CCCCC)=O)CCN1CCCC1,0.5727501368600499
N(CCC(=O)OCCCCCCCC/C=C\CC(CCCCCC)OC(OCC#CCC)=O)(CCC(=O)OCCCCCCCC/C=C\CC(CCCCCC)OC(OCC#CCC)=O)CCN1CCCC1,0.463921310029537
N(CCC(=O)OCCCCCCCC/C=C\CC(CCCCCC)OC(OCC#CCCC)=O)(CCC(=O)OCCCCCCCC/C=C\CC(CCCCCC)OC(OCC#CCCC)=O)CCN1CCCC1,0.47102979713226845
N(CCC(=O)OCCCCCCCC/C=C\CC(CCCCCC)OC(OCC#CCCCC)=O)(CCC(=O)OCCCCCCCC/C=C\CC(CCCCCC)OC(OCC#CCCCC)=O)CCN1CCCC1,0.5021477483973069
N(CCC(=O)OCCCCCCCC/C=C\CC(CCCCCC)OC(OCC#CCCCCC)=O)(CCC(=O)OCCCCCCCC/C=C\CC(CCCCCC)OC(OCC#CCCCCC)=O)CCN1CCCC1,0.5047189635062325
N(CCC(=O)OCCCCCCCC/C=C\CC(CCCCCC)OC(OCC#CCCCCCC)=O)(CCC(=O)OCCCCCCCC/C=C\CC(CCCCCC)OC(OCC#CCCCCCC)=O)CCN1CCCC1,0.5314194294981259
N(CCC(=O)OCCCCCCCC/C=C\CC(CCCCCC)OC(OCCC#CCCCC)=O)(CCC(=O)OCCCCCCCC/C=C\CC(CCCCCC)OC(OCCC#CCCCC)=O)CCN1CCCC1,0.513923301260289
N(CCC(=O)OCCCCCCCC/C=C\CC(CCCCCC)OC(OCCCCCCCCCCCCCCCCCC)=O)(CCC(=O)OCCCCCCCC/C=C\CC(CCCCCC)OC(OCCCCCCCCCCCCCCCCCC)=O)CCCN1CCCC1,0.567639812580755
N(CCC(=O)OCCCCCCCC/C=C\CC(CCCCCC)OC(OCCC#CCCCCCC)=O)(CCC(=O)OCCCCCCCC/C=C\CC(CCCCCC)OC(OCCC#CCCCCCC)=O)CCCN1CCCC1,0.5418293780061243
N(CCC(=O)OCCCCCCCC/C=C\CC(CCCCCC)OC(OCCCCCCCC/C=C\CCCCCCCC)=O)(CCC(=O)OCCCCCCCC/C=C\CC(CCCCCC)OC(OCCCCCCCC/C=C\CCCCCCCC)=O)CCCN1CCCC1,0.5708780449437635
N(CCC(=O)OCCCCCCCC/C=C\CC(CCCCCC)OC(OCCCCCCCC/C=C\C/C=C\CCCCC)=O)(CCC(=O)OCCCCCCCC/C=C\CC(CCCCCC)OC(OCCCCCCCC/C=C\C/C=C\CCCCC)=O)CCCN1CCCC1,0.5738961818652792
N(CCC(=O)OCCCCCCCC/C=C\CC(CCCCCC)OC(OCC#CCC)=O)(CCC(=O)OCCCCCCCC/C=C\CC(CCCCCC)OC(OCC#CCC)=O)CCCN1CCCC1,0.4667368936225557
N(CCC(=O)OCCCCCCCC/C=C\CC(CCCCCC)OC(OCC#CCCC)=O)(CCC(=O)OCCCCCCCC/C=C\CC(CCCCCC)OC(OCC#CCCC)=O)CCCN1CCCC1,0.4737070094910279
N(CCC(=O)OCCCCCCCC/C=C\CC(CCCCCC)OC(OCC#CCCCC)=O)(CCC(=O)OCCCCCCCC/C=C\CC(CCCCCC)OC(OCC#CCCCC)=O)CCCN1CCCC1,0.5044723017408138
N(CCC(=O)OCCCCCCCC/C=C\CC(CCCCCC)OC(OCC#CCCCCC)=O)(CCC(=O)OCCCCCCCC/C=C\CC(CCCCCC)OC(OCC#CCCCCC)=O)CCCN1CCCC1,0.5069523812542092
N(CCC(=O)OCCCCCCCC/C=C\CC(CCCCCC)OC(OCC#CCCCCCC)=O)(CCC(=O)OCCCCCCCC/C=C\CC(CCCCCC)OC(OCC#CCCCCCC)=O)CCCN1CCCC1,0.5333825974441938
N(CCC(=O)OCCCCCCCC/C=C\CC(CCCCCC)OC(OCCC#CCCCC)=O)(CCC(=O)OCCCCCCCC/C=C\CC(CCCCCC)OC(OCCC#CCCCC)=O)CCCN1CCCC1,0.5160643325320126
CN(CCC(=O)OCCCCCCCC/C=C\CC(CCCCCC)OC(OCCCCCCCCCCCCCCCCCC)=O)CCCCCCN(CCC(=O)OCCCCCCCC/C=C\CC(CCCCCC)OC(OCCCCCCCCCCCCCCCCCC)=O)C,0.5593512982131538
CN(CCC(=O)OCCCCCCCC/C=C\CC(CCCCCC)OC(OCCC#CCCCCCC)=O)CCCCCCN(CCC(=O)OCCCCCCCC/C=C\CC(CCCCCC)OC(OCCC#CCCCCCC)=O)C,0.5332374357145814
CN(CCC(=O)OCCCCCCCC/C=C\CC(CCCCCC)OC(OCCCCCCCC/C=C\CCCCCCCC)=O)CCCCCCN(CCC(=O)OCCCCCCCC/C=C\CC(CCCCCC)OC(OCCCCCCCC/C=C\CCCCCCCC)=O)C,0.5623655037952544
CN(CCC(=O)OCCCCCCCC/C=C\CC(CCCCCC)OC(OCCCCCCCC/C=C\C/C=C\CCCCC)=O)CCCCCCN(CCC(=O)OCCCCCCCC/C=C\CC(CCCCCC)OC(OCCCCCCCC/C=C\C/C=C\CCCCC)=O)C,0.5651938046756233
CN(CCC(=O)OCCCCCCCC/C=C\CC(CCCCCC)OC(OCC#CCC)=O)CCCCCCN(CCC(=O)OCCCCCCCC/C=C\CC(CCCCCC)OC(OCC#CCC)=O)C,0.4563194100473452
CN(CCC(=O)OCCCCCCCC/C=C\CC(CCCCCC)OC(OCC#CCCC)=O)CCCCCCN(CCC(=O)OCCCCCCCC/C=C\CC(CCCCCC)OC(OCC#CCCC)=O)C,0.46434101029496555
CN(CCC(=O)OCCCCCCCC/C=C\CC(CCCCCC)OC(OCC#CCCCC)=O)CCCCCCN(CCC(=O)OCCCCCCCC/C=C\CC(CCCCCC)OC(OCC#CCCCC)=O)C,0.49613125038284817
CN(CCC(=O)OCCCCCCCC/C=C\CC(CCCCCC)OC(OCC#CCCCCC)=O)CCCCCCN(CCC(=O)OCCCCCCCC/C=C\CC(CCCCCC)OC(OCC#CCCCCC)=O)C,0.4990360932503126
CN(CCC(=O)OCCCCCCCC/C=C\CC(CCCCCC)OC(OCC#CCCCCCC)=O)CCCCCCN(CCC(=O)OCCCCCCCC/C=C\CC(CCCCCC)OC(OCC#CCCCCCC)=O)C,0.524695528651957
CN(CCC(=O)OCCCCCCCC/C=C\CC(CCCCCC)OC(OCCC#CCCCC)=O)CCCCCCN(CCC(=O)OCCCCCCCC/C=C\CC(CCCCCC)OC(OCCC#CCCCC)=O)C,0.5079533240955747
N(CCC(=O)OCCCCCCCC/C=C\CC(CCCCCC)OC(OCCCCCCCCCCCCCCCCCC)=O)(CCC(=O)OCCCCCCCC/C=C\CC(CCCCCC)OC(OCCCCCCCCCCCCCCCCCC)=O)CCCN1CCOCC1,0.27314895487865964
N(CCC(=O)OCCCCCCCC/C=C\CC(CCCCCC)OC(OCCC#CCCCCCC)=O)(CCC(=O)OCCCCCCCC/C=C\CC(CCCCCC)OC(OCCC#CCCCCCC)=O)CCCN1CCOCC1,0.17754613667515345
N(CCC(=O)OCCCCCCCC/C=C\CC(CCCCCC)OC(OCCCCCCCC/C=C\CCCCCCCC)=O)(CCC(=O)OCCCCCCCC/C=C\CC(CCCCCC)OC(OCCCCCCCC/C=C\CCCCCCCC)=O)CCCN1CCOCC1,0.2748564964141276
N(CCC(=O)OCCCCCCCC/C=C\CC(CCCCCC)OC(OCCCCCCCC/C=C\C/C=C\CCCCC)=O)(CCC(=O)OCCCCCCCC/C=C\CC(CCCCCC)OC(OCCCCCCCC/C=C\C/C=C\CCCCC)=O)CCCN1CCOCC1,0.26981464296297775
N(CCC(=O)OCCCCCCCC/C=C\CC(CCCCCC)OC(OCC#CCC)=O)(CCC(=O)OCCCCCCCC/C=C\CC(CCCCCC)OC(OCC#CCC)=O)CCCN1CCOCC1,0.058481468297269634
N(CCC(=O)OCCCCCCCC/C=C\CC(CCCCCC)OC(OCC#CCCC)=O)(CCC(=O)OCCCCCCCC/C=C\CC(CCCCCC)OC(OCC#CCCC)=O)CCCN1CCOCC1,0.07421656868015399
N(CCC(=O)OCCCCCCCC/C=C\CC(CCCCCC)OC(OCC#CCCCC)=O)(CCC(=O)OCCCCCCCC/C=C\CC(CCCCCC)OC(OCC#CCCCC)=O)CCCN1CCOCC1,0.11295354508013913
N(CCC(=O)OCCCCCCCC/C=C\CC(CCCCCC)OC(OCC#CCCCCC)=O)(CCC(=O)OCCCCCCCC/C=C\CC(CCCCCC)OC(OCC#CCCCCC)=O)CCCN1CCOCC1,0.12500637650337804
N(CCC(=O)OCCCCCCCC/C=C\CC(CCCCCC)OC(OCC#CCCCCCC)=O)(CCC(=O)OCCCCCCCC/C=C\CC(CCCCCC)OC(OCC#CCCCCCC)=O)CCCN1CCOCC1,0.1601002819292299
N(CCC(=O)OCCCCCCCC/C=C\CC(CCCCCC)OC(OCCC#CCCCC)=O)(CCC(=O)OCCCCCCCC/C=C\CC(CCCCCC)OC(OCCC#CCCCC)=O)CCCN1CCOCC1,0.13382326884493387
N(CCC(=O)OCCCCCCCC/C=C\CC(CCCCCC)OC(OCCCCCCCCCCCCCCCCCC)=O)(CCC(=O)OCCCCCCCC/C=C\CC(CCCCCC)OC(OCCCCCCCCCCCCCCCCCC)=O)CCCN1C=NC=C1,0.44108809070705646
N(CCC(=O)OCCCCCCCC/C=C\CC(CCCCCC)OC(OCCC#CCCCCCC)=O)(CCC(=O)OCCCCCCCC/C=C\CC(CCCCCC)OC(OCCC#CCCCCCC)=O)CCCN1C=NC=C1,0.38325600311079494
N(CCC(=O)OCCCCCCCC/C=C\CC(CCCCCC)OC(OCCCCCCCC/C=C\CCCCCCCC)=O)(CCC(=O)OCCCCCCCC/C=C\CC(CCCCCC)OC(OCCCCCCCC/C=C\CCCCCCCC)=O)CCCN1C=NC=C1,0.44361061081640946
N(CCC(=O)OCCCCCCCC/C=C\CC(CCCCCC)OC(OCCCCCCCC/C=C\C/C=C\CCCCC)=O)(CCC(=O)OCCCCCCCC/C=C\CC(CCCCCC)OC(OCCCCCCCC/C=C\C/C=C\CCCCC)=O)CCCN1C=NC=C1,0.44074362198225187
N(CCC(=O)OCCCCCCCC/C=C\CC(CCCCCC)OC(OCC#CCC)=O)(CCC(=O)OCCCCCCCC/C=C\CC(CCCCCC)OC(OCC#CCC)=O)CCCN1C=NC=C1,0.27826437202946946
N(CCC(=O)OCCCCCCCC/C=C\CC(CCCCCC)OC(OCC#CCCC)=O)(CCC(=O)OCCCCCCCC/C=C\CC(CCCCCC)OC(OCC#CCCC)=O)CCCN1C=NC=C1,0.2906152108935172
N(CCC(=O)OCCCCCCCC/C=C\CC(CCCCCC)OC(OCC#CCCCC)=O)(CCC(=O)OCCCCCCCC/C=C\CC(CCCCCC)OC(OCC#CCCCC)=O)CCCN1C=NC=C1,0.3288636290225621
N(CCC(=O)OCCCCCCCC/C=C\CC(CCCCCC)OC(OCC#CCCCCC)=O)(CCC(=O)OCCCCCCCC/C=C\CC(CCCCCC)OC(OCC#CCCCCC)=O)CCCN1C=NC=C1,0.3370297059936847
N(CCC(=O)OCCCCCCCC/C=C\CC(CCCCCC)OC(OCC#CCCCCCC)=O)(CCC(=O)OCCCCCCCC/C=C\CC(CCCCCC)OC(OCC#CCCCCCC)=O)CCCN1C=NC=C1,0.36958402572317745
N(CCC(=O)OCCCCCCCC/C=C\CC(CCCCCC)OC(OCCC#CCCCC)=O)(CCC(=O)OCCCCCCCC/C=C\CC(CCCCCC)OC(OCCC#CCCCC)=O)CCCN1C=NC=C1,0.3467628982476855
C1(C2N(CCC(=O)OCCCCCCCC/C=C\CC(CCCCCC)OC(OCCCCCCCCCCCCCCCCCC)=O)CC2)=CC=CC=C1,0.3346605081215178
C1(C2N(CCC(=O)OCCCCCCCC/C=C\CC(CCCCCC)OC(OCCC#CCCCCCC)=O)CC2)=CC=CC=C1,0.2652485709296693
C1(C2N(CCC(=O)OCCCCCCCC/C=C\CC(CCCCCC)OC(OCCCCCCCC/C=C\CCCCCCCC)=O)CC2)=CC=CC=C1,0.33601163799956435
C1(C2N(CCC(=O)OCCCCCCCC/C=C\CC(CCCCCC)OC(OCCCCCCCC/C=C\C/C=C\CCCCC)=O)CC2)=CC=CC=C1,0.33284128080721376
C1(C2N(CCC(=O)OCCCCCCCC/C=C\CC(CCCCCC)OC(OCC#CCC)=O)CC2)=CC=CC=C1,0.17058710003594177
C1(C2N(CCC(=O)OCCCCCCCC/C=C\CC(CCCCCC)OC(OCC#CCCC)=O)CC2)=CC=CC=C1,0.1825308070075393
C1(C2N(CCC(=O)OCCCCCCCC/C=C\CC(CCCCCC)OC(OCC#CCCCC)=O)CC2)=CC=CC=C1,0.21441221247382644
C1(C2N(CCC(=O)OCCCCCCCC/C=C\CC(CCCCCC)OC(OCC#CCCCCC)=O)CC2)=CC=CC=C1,0.2229208818486692
C1(C2N(CCC(=O)OCCCCCCCC/C=C\CC(CCCCCC)OC(OCC#CCCCCCC)=O)CC2)=CC=CC=C1,0.2511886120378127
C1(C2N(CCC(=O)OCCCCCCCC/C=C\CC(CCCCCC)OC(OCCC#CCCCC)=O)CC2)=CC=CC=C1,0.22985776002935984
CCN(CC)CCN(CCC(=O)OCCCCCCCC/C=C\CC(CCCCCC)OC(OCCCCCCCCCCCCCCCCCC)=O)CCN(CC)CC,0.49737581713644796
CCN(CC)CCN(CCC(=O)OCCCCCCCC/C=C\CC(CCCCCC)OC(OCCC#CCCCCCC)=O)CCN(CC)CC,0.46578542013549595
CCN(CC)CCN(CCC(=O)OCCCCCCCC/C=C\CC(CCCCCC)OC(OCCCCCCCC/C=C\CCCCCCCC)=O)CCN(CC)CC,0.498602931125675
CCN(CC)CCN(CCC(=O)OCCCCCCCC/C=C\CC(CCCCCC)OC(OCCCCCCCC/C=C\C/C=C\CCCCC)=O)CCN(CC)CC,0.5005227947724289
CCN(CC)CCN(CCC(=O)OCCCCCCCC/C=C\CC(CCCCCC)OC(OCC#CCC)=O)CCN(CC)CC,0.394870549755007
CCN(CC)CCN(CCC(=O)OCCCCCCCC/C=C\CC(CCCCCC)OC(OCC#CCCC)=O)CCN(CC)CC,0.40221289198718385
CCN(CC)CCN(CCC(=O)OCCCCCCCC/C=C\CC(CCCCCC)OC(OCC#CCCCC)=O)CCN(CC)CC,0.43037304643415253
CCN(CC)CCN(CCC(=O)OCCCCCCCC/C=C\CC(CCCCCC)OC(OCC#CCCCCC)=O)CCN(CC)CC,0.43445270456347435
CCN(CC)CCN(CCC(=O)OCCCCCCCC/C=C\CC(CCCCCC)OC(OCC#CCCCCCC)=O)CCN(CC)CC,0.4575467622995671
CCN(CC)CCN(CCC(=O)OCCCCCCCC/C=C\CC(CCCCCC)OC(OCCC#CCCCC)=O)CCN(CC)CC,0.4425084955508557
CN(CC1)CCN1CCCN(CCC(=O)OCCCCCCCC/C=C\CC(CCCCCC)OC(OCCCCCCCCCCCCCCCCCC)=O)(CCC(=O)OCCCCCCCC/C=C\CC(CCCCCC)OC(OCCCCCCCCCCCCCCCCCC)=O),0.5462867425480323
CN(CC1)CCN1CCCN(CCC(=O)OCCCCCCCC/C=C\CC(CCCCCC)OC(OCCC#CCCCCCC)=O)(CCC(=O)OCCCCCCCC/C=C\CC(CCCCCC)OC(OCCC#CCCCCCC)=O),0.5170513369881793
CN(CC1)CCN1CCCN(CCC(=O)OCCCCCCCC/C=C\CC(CCCCCC)OC(OCCCCCCCC/C=C\CCCCCCCC)=O)(CCC(=O)OCCCCCCCC/C=C\CC(CCCCCC)OC(OCCCCCCCC/C=C\CCCCCCCC)=O),0.5494499816334119
CN(CC1)CCN1CCCN(CCC(=O)OCCCCCCCC/C=C\CC(CCCCCC)OC(OCCCCCCCC/C=C\C/C=C\CCCCC)=O)(CCC(=O)OCCCCCCCC/C=C\CC(CCCCCC)OC(OCCCCCCCC/C=C\C/C=C\CCCCC)=O),0.5512651286939291
CN(CC1)CCN1CCCN(CCC(=O)OCCCCCCCC/C=C\CC(CCCCCC)OC(OCC#CCC)=O)(CCC(=O)OCCCCCCCC/C=C\CC(CCCCCC)OC(OCC#CCC)=O),0.43907027118654485
CN(CC1)CCN1CCCN(CCC(=O)OCCCCCCCC/C=C\CC(CCCCCC)OC(OCC#CCCC)=O)(CCC(=O)OCCCCCCCC/C=C\CC(CCCCCC)OC(OCC#CCCC)=O),0.44703719007684706
CN(CC1)CCN1CCCN(CCC(=O)OCCCCCCCC/C=C\CC(CCCCCC)OC(OCC#CCCCC)=O)(CCC(=O)OCCCCCCCC/C=C\CC(CCCCCC)OC(OCC#CCCCC)=O),0.48026487081266067
CN(CC1)CCN1CCCN(CCC(=O)OCCCCCCCC/C=C\CC(CCCCCC)OC(OCC#CCCCCC)=O)(CCC(=O)OCCCCCCCC/C=C\CC(CCCCCC)OC(OCC#CCCCCC)=O),0.48332395918641624
CN(CC1)CCN1CCCN(CCC(=O)OCCCCCCCC/C=C\CC(CCCCCC)OC(OCC#CCCCCCC)=O)(CCC(=O)OCCCCCCCC/C=C\CC(CCCCCC)OC(OCC#CCCCCCC)=O),0.5084806596689267
CN(CC1)CCN1CCCN(CCC(=O)OCCCCCCCC/C=C\CC(CCCCCC)OC(OCCC#CCCCC)=O)(CCC(=O)OCCCCCCCC/C=C\CC(CCCCCC)OC(OCCC#CCCCC)=O),0.49190577530067797
N(CCC(=O)NCCCCCCCCCCCC)(CCC(=O)NCCCCCCCCCCCC)CCCN(CCC(=O)NCCCCCCCCCCCC)(CCC(=O)NCCCCCCCCCCCC),0.6188833327119224
N(CCC(=O)NCCCCCCCCCCCCCC)(CCC(=O)NCCCCCCCCCCCCCC)CCCN(CCC(=O)NCCCCCCCCCCCCCC)(CCC(=O)NCCCCCCCCCCCCCC),0.6141508935424599
N(CCC(=O)NCCCCCCCCCCCCCCC)(CCC(=O)NCCCCCCCCCCCCCCC)CCCN(CCC(=O)NCCCCCCCCCCCCCCC)(CCC(=O)NCCCCCCCCCCCCCCC),0.6125355300031246
N(CCC(=O)NCCCCCCCCCCCCCCCC)(CCC(=O)NCCCCCCCCCCCCCCCC)CCCN(CCC(=O)NCCCCCCCCCCCCCCCC)(CCC(=O)NCCCCCCCCCCCCCCCC),0.6112021507181943
N(CCC(=O)NCCCCCCCCCCCCCCCCCC)(CCC(=O)NCCCCCCCCCCCCCCCCCC)CCCN(CCC(=O)NCCCCCCCCCCCCCCCCCC)(CCC(=O)NCCCCCCCCCCCCCCCCCC),0.6090642168654038
CCCCCCCCCCOC(=O)CCN(CCCN(CCC(=O)OCCCCCCCCCC)CCC(=O)OCCCCCCCCCC)CCC(=O)OCCCCCCCCCC,0.62423412391877
N(CCC(=O)OCCCCCCCCCCCC)(CCC(=O)OCCCCCCCCCCCC)CCCN(CCC(=O)OCCCCCCCCCCCC)(CCC(=O)OCCCCCCCCCCCC),0.6175674061913651
N(CCC(=O)OCCCCCCCCCCCCC)(CCC(=O)OCCCCCCCCCCCCC)CCCN(CCC(=O)OCCCCCCCCCCCCC)(CCC(=O)OCCCCCCCCCCCCC),0.6150479537180708
CCCCCCCCCCCCCCOC(=O)CCN(CCCN(CCC(=O)OCCCCCCCCCCCCCC)CCC(=O)OCCCCCCCCCCCCCC)CCC(=O)OCCCCCCCCCCCCCC,0.6129401601341288
N(CCC(=O)OCCCCCCCCCCCCCCC)(CCC(=O)OCCCCCCCCCCCCCCC)CCCN(CCC(=O)OCCCCCCCCCCCCCCC)(CCC(=O)OCCCCCCCCCCCCCCC),0.610974073466374
N(CCC(=O)OCCCCCCCCCCCCCCCCCC)(CCC(=O)OCCCCCCCCCCCCCCCCCC)CCCN(CCC(=O)OCCCCCCCCCCCCCCCCCC)(CCC(=O)OCCCCCCCCCCCCCCCCCC),0.6072005237196858
OCCN(CCC(=O)NCCCCCCCCCCCC)CCN(CCC(=O)NCCCCCCCCCCCC)CCO,0.5142475771962801
OCCN(CCC(=O)NCCCCCCCCCCCCCC)CCN(CCC(=O)NCCCCCCCCCCCCCC)CCO,0.5210349155648278
OCCN(CCC(=O)NCCCCCCCCCCCCCCC)CCN(CCC(=O)NCCCCCCCCCCCCCCC)CCO,0.523748552378925
OCCN(CCC(=O)NCCCCCCCCCCCCCCCC)CCN(CCC(=O)NCCCCCCCCCCCCCCCC)CCO,0.5262769992802749
OCCN(CCC(=O)NCCCCCCCCCCCCCCCCCC)CCN(CCC(=O)NCCCCCCCCCCCCCCCCCC)CCO,0.5301857632765405
CCCCCCCCCCOC(=O)CCN(CCO)CCN(CCO)CCC(=O)OCCCCCCCCCC,0.49665000848838564
OCCN(CCC(=O)OCCCCCCCCCCCC)CCN(CCC(=O)OCCCCCCCCCCCC)CCO,0.5053246280391416
CCCCCCCCCCCCCOC(=O)CCN(CCO)CCN(CCO)CCC(=O)OCCCCCCCCCCCCC,0.5091218253880686
OCCN(CCC(=O)OCCCCCCCCCCCCCC)CCN(CCC(=O)OCCCCCCCCCCCCCC)CCO,0.512699701650236
OCCN(CCC(=O)OCCCCCCCCCCCCCCCCCC)CCN(CCC(=O)OCCCCCCCCCCCCCCCCCC)CCO,0.5237292530763422
N(CCC(=O)NCCCCCCCCCCCC)(CCC(=O)NCCCCCCCCCCCC)CCN(CCC(=O)NCCCCCCCCCCCC)CCO,0.5776504323093845
N(CCC(=O)NCCCCCCCCCCCCCC)(CCC(=O)NCCCCCCCCCCCCCC)CCN(CCC(=O)NCCCCCCCCCCCCCC)CCO,0.5774362934427629
N(CCC(=O)NCCCCCCCCCCCCCCC)(CCC(=O)NCCCCCCCCCCCCCCC)CCN(CCC(=O)NCCCCCCCCCCCCCCC)CCO,0.5774139562869957
N(CCC(=O)NCCCCCCCCCCCCCCCC)(CCC(=O)NCCCCCCCCCCCCCCCC)CCN(CCC(=O)NCCCCCCCCCCCCCCCC)CCO,0.5773985883238278
N(CCC(=O)NCCCCCCCCCCCCCCCCCC)(CCC(=O)NCCCCCCCCCCCCCCCCCC)CCN(CCC(=O)NCCCCCCCCCCCCCCCCCC)CCO,0.5773713072109175
CCCCCCCCCCOC(=O)CCN(CCO)CCN(CCC(=O)OCCCCCCCCCC)CCC(=O)OCCCCCCCCCC,0.5732098057428646
N(CCC(=O)OCCCCCCCCCCCC)(CCC(=O)OCCCCCCCCCCCC)CCN(CCC(=O)OCCCCCCCCCCCC)CCO,0.5738558558534008
CCCCCCCCCCCCCOC(=O)CCN(CCO)CCN(CCC(=O)OCCCCCCCCCCCCC)CCC(=O)OCCCCCCCCCCCCC,0.5738618719940208
CCCCCCCCCCCCCCOC(=O)CCN(CCO)CCN(CCC(=O)OCCCCCCCCCCCCCC)CCC(=O)OCCCCCCCCCCCCCC,0.5739444896874851
N(CCC(=O)OCCCCCCCCCCCCCCC)(CCC(=O)OCCCCCCCCCCCCCCC)CCN(CCC(=O)OCCCCCCCCCCCCCCC)CCO,0.574058260267526
N(CCC(=O)OCCCCCCCCCCCCCCCCCC)(CCC(=O)OCCCCCCCCCCCCCCCCCC)CCN(CCC(=O)OCCCCCCCCCCCCCCCCCC)CCO,0.5743218982713277
COCCN(CCC(=O)NCCCCCCCCCCCC)(CCC(=O)NCCCCCCCCCCCC),0.40888589390107793
COCCN(CCC(=O)NCCCCCCCCCCCCCC)(CCC(=O)NCCCCCCCCCCCCCC),0.4279029144007922
COCCN(CCC(=O)NCCCCCCCCCCCCCCC)(CCC(=O)NCCCCCCCCCCCCCCC),0.435931156229394
COCCN(CCC(=O)NCCCCCCCCCCCCCCCC)(CCC(=O)NCCCCCCCCCCCCCCCC),0.44284304657849966
COCCN(CCC(=O)NCCCCCCCCCCCCCCCCCC)(CCC(=O)NCCCCCCCCCCCCCCCCCC),0.4531957226191109
COCCN(CCC(=O)OCCCCCCCCCC)(CCC(=O)OCCCCCCCCCC),0.3617694462352075
CCCCCCCCCCCCOC(=O)CCN(CCOC)CCC(=O)OCCCCCCCCCCCC,0.38793197395047807
CCCCCCCCCCCCCOC(=O)CCN(CCOC)CCC(=O)OCCCCCCCCCCCCC,0.39910799755266835
COCCN(CCC(=O)OCCCCCCCCCCCCCC)(CCC(=O)OCCCCCCCCCCCCCC),0.40921219507252526
COCCN(CCC(=O)OCCCCCCCCCCCCCCC)(CCC(=O)OCCCCCCCCCCCCCCC),0.41809154210160615
COCCN(CCC(=O)OCCCCCCCCCCCCCCCCCC)(CCC(=O)OCCCCCCCCCCCCCCCCCC),0.44027722216983267
CCOCCN(CCC(=O)NCCCCCCCCCCCC)(CCC(=O)NCCCCCCCCCCCC),0.4495515496786264
CCOCCN(CCC(=O)NCCCCCCCCCCCCCC)(CCC(=O)NCCCCCCCCCCCCCC),0.4619856018936256
CCOCCN(CCC(=O)NCCCCCCCCCCCCCCC)(CCC(=O)NCCCCCCCCCCCCCCC),0.46733115131458636
CCOCCN(CCC(=O)NCCCCCCCCCCCCCCCC)(CCC(=O)NCCCCCCCCCCCCCCCC),0.471804360345652
CCOCCN(CCC(=O)NCCCCCCCCCCCCCCCCCC)(CCC(=O)NCCCCCCCCCCCCCCCCCC),0.4796488418394756
CCOCCN(CCC(=O)OCCCCCCCCCC)(CCC(=O)OCCCCCCCCCC),0.415983063511554
CCCCCCCCCCCCOC(=O)CCN(CCOCC)CCC(=O)OCCCCCCCCCCCC,0.4360665789590919
CCCCCCCCCCCCCOC(=O)CCN(CCOCC)CCC(=O)OCCCCCCCCCCCCC,0.4443908327759207
CCCCCCCCCCCCCCOC(=O)CCN(CCOCC)CCC(=O)OCCCCCCCCCCCCCC,0.45186156897944746
CCOCCN(CCC(=O)OCCCCCCCCCCCCCCC)(CCC(=O)OCCCCCCCCCCCCCCC),0.45777626912935654
CCOCCN(CCC(=O)OCCCCCCCCCCCCCCCCCC)(CCC(=O)OCCCCCCCCCCCCCCCCCC),0.47153017920432816
COC(OC)CN(CCC(=O)NCCCCCCCCCCCC)(CCC(=O)NCCCCCCCCCCCC),0.030340136626894172
COC(OC)CN(CCC(=O)NCCCCCCCCCCCCCC)(CCC(=O)NCCCCCCCCCCCCCC),0.07793317357107292
COC(OC)CN(CCC(=O)NCCCCCCCCCCCCCCC)(CCC(=O)NCCCCCCCCCCCCCCC),0.09878437238801804
COC(OC)CN(CCC(=O)NCCCCCCCCCCCCCCCC)(CCC(=O)NCCCCCCCCCCCCCCCC),0.11801109410607477
COC(OC)CN(CCC(=O)NCCCCCCCCCCCCCCCCCC)(CCC(=O)NCCCCCCCCCCCCCCCCCC),0.15281157865376865
CCCCCCCCCCOC(=O)CCN(CCC(=O)OCCCCCCCCCC)CC(OC)OC,-0.0448230523003962
COC(OC)CN(CCC(=O)OCCCCCCCCCCCC)(CCC(=O)OCCCCCCCCCCCC),0.011810484013860766
COC(OC)CN(CCC(=O)OCCCCCCCCCCCCC)(CCC(=O)OCCCCCCCCCCCCC),0.03719454602849229
CCCCCCCCCCCCCCOC(=O)CCN(CCC(=O)OCCCCCCCCCCCCCC)CC(OC)OC,0.06074306064438736
COC(OC)CN(CCC(=O)OCCCCCCCCCCCCCCC)(CCC(=O)OCCCCCCCCCCCCCCC),0.08263714031265092
COC(OC)CN(CCC(=O)OCCCCCCCCCCCCCCCCCC)(CCC(=O)OCCCCCCCCCCCCCCCCCC),0.13781068941237434
O1CCCC1CN(CCC(=O)NCCCCCCCCCCCC)(CCC(=O)NCCCCCCCCCCCC),-0.0518676253547591
O1CCCC1CN(CCC(=O)NCCCCCCCCCCCCCC)(CCC(=O)NCCCCCCCCCCCCCC),-0.0005311817248852453
O1CCCC1CN(CCC(=O)NCCCCCCCCCCCCCCC)(CCC(=O)NCCCCCCCCCCCCCCC),0.02204504024406021
O1CCCC1CN(CCC(=O)NCCCCCCCCCCCCCCCC)(CCC(=O)NCCCCCCCCCCCCCCCC),0.04334563285216709
O1CCCC1CN(CCC(=O)NCCCCCCCCCCCCCCCCCC)(CCC(=O)NCCCCCCCCCCCCCCCCCC),0.08407362790860254
CCCCCCCCCCOC(=O)CCN(CCC(=O)OCCCCCCCCCC)CC1CCCO1,-0.1290878243423547
CCCCCCCCCCCCOC(=O)CCN(CCC(=O)OCCCCCCCCCCCC)CC1CCCO1,-0.06809818618971578
CCCCCCCCCCCCCOC(=O)CCN(CCC(=O)OCCCCCCCCCCCCC)CC1CCCO1,-0.04156754587026104
O1CCCC1CN(CCC(=O)OCCCCCCCCCCCCCC)(CCC(=O)OCCCCCCCCCCCCCC),-0.016189975591524363
O1CCCC1CN(CCC(=O)OCCCCCCCCCCCCCCC)(CCC(=O)OCCCCCCCCCCCCCCC),0.007063600150335385
O1CCCC1CN(CCC(=O)OCCCCCCCCCCCCCCCCCC)(CCC(=O)OCCCCCCCCCCCCCCCCCC),0.06966336284856743
c1c(OC)c(OC)ccc1CCN(CCC(=O)NCCCCCCCCCCCC)(CCC(=O)NCCCCCCCCCCCC),0.024595258426564542
c1c(OC)c(OC)ccc1CCN(CCC(=O)NCCCCCCCCCCCCCC)(CCC(=O)NCCCCCCCCCCCCCC),0.06723367595858293
c1c(OC)c(OC)ccc1CCN(CCC(=O)NCCCCCCCCCCCCCCC)(CCC(=O)NCCCCCCCCCCCCCCC),0.08831947447683239
c1c(OC)c(OC)ccc1CCN(CCC(=O)NCCCCCCCCCCCCCCCC)(CCC(=O)NCCCCCCCCCCCCCCCC),0.10798060920024967
c1c(OC)c(OC)ccc1CCN(CCC(=O)NCCCCCCCCCCCCCCCCCC)(CCC(=O)NCCCCCCCCCCCCCCCCCC),0.14070382761021677
c1c(OC)c(OC)ccc1CCN(CCC(=O)OCCCCCCCCCC)(CCC(=O)OCCCCCCCCCC),-0.03357867700155824
CCCCCCCCCCCCOC(=O)CCN(CCC(=O)OCCCCCCCCCCCC)CCc1ccc(OC)c(OC)c1,0.013507273931686182
CCCCCCCCCCCCCOC(=O)CCN(CCC(=O)OCCCCCCCCCCCCC)CCc1ccc(OC)c(OC)c1,0.034671817439018794
CCCCCCCCCCCCCCOC(=O)CCN(CCC(=O)OCCCCCCCCCCCCCC)CCc1ccc(OC)c(OC)c1,0.05548775333272609
c1c(OC)c(OC)ccc1CCN(CCC(=O)OCCCCCCCCCCCCCCC)(CCC(=O)OCCCCCCCCCCCCCCC),0.07666439334062147
c1c(OC)c(OC)ccc1CCN(CCC(=O)OCCCCCCCCCCCCCCCCCC)(CCC(=O)OCCCCCCCCCCCCCCCCCC),0.13115064304882526
COCCCN(CCC(=O)NCCCCCCCCCCCC)(CCC(=O)NCCCCCCCCCCCC),0.4953250875397726
COCCCN(CCC(=O)NCCCCCCCCCCCCCC)(CCC(=O)NCCCCCCCCCCCCCC),0.5033748028207853
COCCCN(CCC(=O)NCCCCCCCCCCCCCCC)(CCC(=O)NCCCCCCCCCCCCCCC),0.5064234969713906
COCCCN(CCC(=O)NCCCCCCCCCCCCCCCC)(CCC(=O)NCCCCCCCCCCCCCCCC),0.509308444878785
COCCCN(CCC(=O)NCCCCCCCCCCCCCCCCCC)(CCC(=O)NCCCCCCCCCCCCCCCCCC),0.5146029464530991
COCCCN(CCC(=O)OCCCCCCCCCC)(CCC(=O)OCCCCCCCCCC),0.4715406925589759
CCCCCCCCCCCCOC(=O)CCN(CCCOC)CCC(=O)OCCCCCCCCCCCC,0.4829958710425076
COCCCN(CCC(=O)OCCCCCCCCCCCCC)(CCC(=O)OCCCCCCCCCCCCC),0.4878967621493292
COCCCN(CCC(=O)OCCCCCCCCCCCCCC)(CCC(=O)OCCCCCCCCCCCCCC),0.4923519823242836
COCCCN(CCC(=O)OCCCCCCCCCCCCCCC)(CCC(=O)OCCCCCCCCCCCCCCC),0.4963397007204677
COCCCN(CCC(=O)OCCCCCCCCCCCCCCCCCC)(CCC(=O)OCCCCCCCCCCCCCCCCCC),0.5050157200663183
OCCCN(CCC(=O)NCCCCCCCCCCCC)(CCC(=O)NCCCCCCCCCCCC),0.5410543680496255
OCCCN(CCC(=O)NCCCCCCCCCCCCCC)(CCC(=O)NCCCCCCCCCCCCCC),0.5443469243754598
OCCCN(CCC(=O)NCCCCCCCCCCCCCCC)(CCC(=O)NCCCCCCCCCCCCCCC),0.5457597643691725
OCCCN(CCC(=O)NCCCCCCCCCCCCCCCC)(CCC(=O)NCCCCCCCCCCCCCCCC),0.5470657434096949
OCCCN(CCC(=O)NCCCCCCCCCCCCCCCCCC)(CCC(=O)NCCCCCCCCCCCCCCCCCC),0.5493930367776426
OCCCN(CCC(=O)OCCCCCCCCCC)(CCC(=O)OCCCCCCCCCC),0.5228217093289579
CCCCCCCCCCCCOC(=O)CCN(CCCO)CCC(=O)OCCCCCCCCCCCC,0.5292395613582418
CCCCCCCCCCCCCOC(=O)CCN(CCCO)CCC(=O)OCCCCCCCCCCCCC,0.5319788710100342
OCCCN(CCC(=O)OCCCCCCCCCCCCCC)(CCC(=O)OCCCCCCCCCCCCCC),0.5341893559447565
OCCCN(CCC(=O)OCCCCCCCCCCCCCCCCCC)(CCC(=O)OCCCCCCCCCCCCCCCCCC),0.5408975314332654
CC(O)CN(CCC(=O)NCCCCCCCCCCCC)(CCC(=O)NCCCCCCCCCCCC),0.42649430357523804
CC(O)CN(CCC(=O)NCCCCCCCCCCCCCCC)(CCC(=O)NCCCCCCCCCCCCCCC),0.448630782335028
CC(O)CN(CCC(=O)NCCCCCCCCCCCCCCCC)(CCC(=O)NCCCCCCCCCCCCCCCC),0.45476670967565547
CC(O)CN(CCC(=O)NCCCCCCCCCCCCCCCCCC)(CCC(=O)NCCCCCCCCCCCCCCCCCC),0.4643176605214702
CC(O)CN(CCC(=O)OCCCCCCCCCC)(CCC(=O)OCCCCCCCCCC),0.38270105881291455
CC(O)CN(CCC(=O)OCCCCCCCCCCCC)(CCC(=O)OCCCCCCCCCCCC),0.40681306541163026
CC(O)CN(CCC(=O)OCCCCCCCCCCCCC)(CCC(=O)OCCCCCCCCCCCCC),0.41703508398244055
CC(O)CN(CCC(=O)OCCCCCCCCCCCCCC)(CCC(=O)OCCCCCCCCCCCCCC),0.42628766999295425
CC(O)CN(CCC(=O)OCCCCCCCCCCCCCCCCCC)(CCC(=O)OCCCCCCCCCCCCCCCCCC),0.45288246634663165
CC(O)CN(CCC(=O)NCCCCCCCCCCCCCC)(CCC(=O)NCCCCCCCCCCCCCC),0.4419512579716499
CC(O)CN(CCC(=O)OCCCCCCCCCCCCCCC)(CCC(=O)OCCCCCCCCCCCCCCC),0.43472015477519366
OCC(O)CN(CCC(=O)NCCCCCCCCCCCC)(CCC(=O)NCCCCCCCCCCCC),0.45084668775288317
OCC(O)CN(CCC(=O)NCCCCCCCCCCCCCC)(CCC(=O)NCCCCCCCCCCCCCC),0.4641514125168135
OCC(O)CN(CCC(=O)NCCCCCCCCCCCCCCC)(CCC(=O)NCCCCCCCCCCCCCCC),0.4699043916589681
OCC(O)CN(CCC(=O)NCCCCCCCCCCCCCCCC)(CCC(=O)NCCCCCCCCCCCCCCCC),0.47516684686047483
OCC(O)CN(CCC(=O)NCCCCCCCCCCCCCCCCCC)(CCC(=O)NCCCCCCCCCCCCCCCCCC),0.4842418375912021
OCC(O)CN(CCC(=O)OCCCCCCCCCC)(CCC(=O)OCCCCCCCCCC),0.4194852912728565
OCC(O)CN(CCC(=O)OCCCCCCCCCCCC)(CCC(=O)OCCCCCCCCCCCC),0.4371466846804964
OCC(O)CN(CCC(=O)OCCCCCCCCCCCCC)(CCC(=O)OCCCCCCCCCCCCC),0.44470751407895087
OCC(O)CN(CCC(=O)OCCCCCCCCCCCCCC)(CCC(=O)OCCCCCCCCCCCCCC),0.4514823138573947
OCC(O)CN(CCC(=O)OCCCCCCCCCCCCCCCCCC)(CCC(=O)OCCCCCCCCCCCCCCCCCC),0.47377181702562715
OCC(CO)N(CCC(=O)NCCCCCCCCCCCCCC)(CCC(=O)NCCCCCCCCCCCCCC),0.3643388743716717
OCC(CO)N(CCC(=O)NCCCCCCCCCCCCCCC)(CCC(=O)NCCCCCCCCCCCCCCC),0.3753613970394298
OCC(CO)N(CCC(=O)NCCCCCCCCCCCCCCCC)(CCC(=O)NCCCCCCCCCCCCCCCC),0.3857490083916609
OCC(CO)N(CCC(=O)NCCCCCCCCCCCCCCCCCC)(CCC(=O)NCCCCCCCCCCCCCCCCCC),0.4039601043112945
OCC(CO)N(CCC(=O)OCCCCCCCCCC)(CCC(=O)OCCCCCCCCCC),0.2894931113192704
OCC(CO)N(CCC(=O)OCCCCCCCCCCCC)(CCC(=O)OCCCCCCCCCCCC),0.32240565946152033
OCC(CO)N(CCC(=O)OCCCCCCCCCCCCC)(CCC(=O)OCCCCCCCCCCCCC),0.3365763510802336
OCC(CO)N(CCC(=O)OCCCCCCCCCCCCCC)(CCC(=O)OCCCCCCCCCCCCCC),0.34902395450306484
OCC(CO)N(CCC(=O)OCCCCCCCCCCCCCCCCCC)(CCC(=O)OCCCCCCCCCCCCCCCCCC),0.39089185556975287
CC(CO)(CO)N(CCC(=O)NCCCCCCCCCCCC)(CCC(=O)NCCCCCCCCCCCC),0.2391261607461567
CC(CO)(CO)N(CCC(=O)NCCCCCCCCCCCCCC)(CCC(=O)NCCCCCCCCCCCCCC),0.2723346910937592
CC(CO)(CO)N(CCC(=O)NCCCCCCCCCCCCCCC)(CCC(=O)NCCCCCCCCCCCCCCC),0.2862337628983433
CC(CO)(CO)N(CCC(=O)NCCCCCCCCCCCCCCCC)(CCC(=O)NCCCCCCCCCCCCCCCC),0.29880544177574275
CC(CO)(CO)N(CCC(=O)NCCCCCCCCCCCCCCCCCC)(CCC(=O)NCCCCCCCCCCCCCCCCCC),0.3214215141612917
CCCCCCCCCCOC(=O)CCN(CCC(=O)OCCCCCCCCCC)C(C)(CO)CO,0.1801515723067143
CC(CO)(CO)N(CCC(=O)OCCCCCCCCCCCC)(CCC(=O)OCCCCCCCCCCCC),0.220405450063413
CC(CO)(CO)N(CCC(=O)OCCCCCCCCCCCCC)(CCC(=O)OCCCCCCCCCCCCC),0.23968274310212667
CC(CO)(CO)N(CCC(=O)OCCCCCCCCCCCCCC)(CCC(=O)OCCCCCCCCCCCCCC),0.2561528513183901
CC(CO)(CO)N(CCC(=O)OCCCCCCCCCCCCCCC)(CCC(=O)OCCCCCCCCCCCCCCC),0.27088283553463977
CC(CO)(CO)N(CCC(=O)OCCCCCCCCCCCCCCCCCC)(CCC(=O)OCCCCCCCCCCCCCCCCCC),0.30930375607195615
OCCCCN(CCC(=O)NCCCCCCCCCCCC)(CCC(=O)NCCCCCCCCCCCC),0.5569612225460631
OCCCCN(CCC(=O)NCCCCCCCCCCCCCC)(CCC(=O)NCCCCCCCCCCCCCC),0.5587047715766279
OCCCCN(CCC(=O)NCCCCCCCCCCCCCCC)(CCC(=O)NCCCCCCCCCCCCCCC),0.5594796624016293
OCCCCN(CCC(=O)NCCCCCCCCCCCCCCCC)(CCC(=O)NCCCCCCCCCCCCCCCC),0.5602119041505526
OCCCCN(CCC(=O)NCCCCCCCCCCCCCCCCCC)(CCC(=O)NCCCCCCCCCCCCCCCCCC),0.5615073996193016
CCCCCCCCCCOC(=O)CCN(CCCCO)CCC(=O)OCCCCCCCCCC,0.5507451197076686
CCCCCCCCCCCCOC(=O)CCN(CCCCO)CCC(=O)OCCCCCCCCCCCC,0.554153293151754
CCCCCCCCCCCCCOC(=O)CCN(CCCCO)CCC(=O)OCCCCCCCCCCCCC,0.5555872194205109
CCCCCCCCCCCCCCOC(=O)CCN(CCCCO)CCC(=O)OCCCCCCCCCCCCCC,0.5565362804947478
OCCCCN(CCC(=O)OCCCCCCCCCCCCCCC)(CCC(=O)OCCCCCCCCCCCCCCC),0.5573965290376544
OCCCCN(CCC(=O)OCCCCCCCCCCCCCCCCCC)(CCC(=O)OCCCCCCCCCCCCCCCCCC),0.5596600870544796
OCCOCCN(CCC(=O)NCCCCCCCCCCCC)(CCC(=O)NCCCCCCCCCCCC),0.45433101600669756
OCCOCCN(CCC(=O)NCCCCCCCCCCCCCC)(CCC(=O)NCCCCCCCCCCCCCC),0.4666999330754796
OCCOCCN(CCC(=O)NCCCCCCCCCCCCCCC)(CCC(=O)NCCCCCCCCCCCCCCC),0.4720833960954959
OCCOCCN(CCC(=O)NCCCCCCCCCCCCCCCC)(CCC(=O)NCCCCCCCCCCCCCCCC),0.47680040773604193
OCCOCCN(CCC(=O)NCCCCCCCCCCCCCCCCCC)(CCC(=O)NCCCCCCCCCCCCCCCCCC),0.4845930670284856
CCCCCCCCCCOC(=O)CCN(CCOCCO)CCC(=O)OCCCCCCCCCC,0.42587723220145046
CCCCCCCCCCCCOC(=O)CCN(CCOCCO)CCC(=O)OCCCCCCCCCCCC,0.4434036496225078
OCCOCCN(CCC(=O)OCCCCCCCCCCCCC)(CCC(=O)OCCCCCCCCCCCCC),0.4503643541026834
CCCCCCCCCCCCCCOC(=O)CCN(CCOCCO)CCC(=O)OCCCCCCCCCCCCCC,0.4566690014265391
OCCOCCN(CCC(=O)OCCCCCCCCCCCCCCC)(CCC(=O)OCCCCCCCCCCCCCCC),0.4624202829448554
OCCOCCN(CCC(=O)OCCCCCCCCCCCCCCCCCC)(CCC(=O)OCCCCCCCCCCCCCCCCCC),0.47668464170341907
OCCCCCN(CCC(=O)NCCCCCCCCCCCC)(CCC(=O)NCCCCCCCCCCCC),0.5868417847302216
OCCCCCN(CCC(=O)NCCCCCCCCCCCCCC)(CCC(=O)NCCCCCCCCCCCCCC),0.5854932757451184
OCCCCCN(CCC(=O)NCCCCCCCCCCCCCCC)(CCC(=O)NCCCCCCCCCCCCCCC),0.5850599349232347
OCCCCCN(CCC(=O)NCCCCCCCCCCCCCCCC)(CCC(=O)NCCCCCCCCCCCCCCCC),0.5847094500578102
OCCCCCN(CCC(=O)NCCCCCCCCCCCCCCCCCC)(CCC(=O)NCCCCCCCCCCCCCCCCCC),0.5841315431638011
OCCCCCN(CCC(=O)OCCCCCCCCCC)(CCC(=O)OCCCCCCCCCC),0.5867169349209201
CCCCCCCCCCCCOC(=O)CCN(CCCCCO)CCC(=O)OCCCCCCCCCCCC,0.5852760394595639
OCCCCCN(CCC(=O)OCCCCCCCCCCCCC)(CCC(=O)OCCCCCCCCCCCCC),0.5843494942383403
OCCCCCN(CCC(=O)OCCCCCCCCCCCCCC)(CCC(=O)OCCCCCCCCCCCCCC),0.5836608546174746
OCCCCCN(CCC(=O)OCCCCCCCCCCCCCCC)(CCC(=O)OCCCCCCCCCCCCCCC),0.5833235933482642
OCCCCCN(CCC(=O)OCCCCCCCCCCCCCCCCCC)(CCC(=O)OCCCCCCCCCCCCCCCCCC),0.5824872902363402
OCC(C)(C)CN(CCC(=O)NCCCCCCCCCCCC)(CCC(=O)NCCCCCCCCCCCC),0.35098998160507094
OCC(C)(C)CN(CCC(=O)NCCCCCCCCCCCCCC)(CCC(=O)NCCCCCCCCCCCCCC),0.37473333578500473
OCC(C)(C)CN(CCC(=O)NCCCCCCCCCCCCCCC)(CCC(=O)NCCCCCCCCCCCCCCC),0.38502108515951927
OCC(C)(C)CN(CCC(=O)NCCCCCCCCCCCCCCCC)(CCC(=O)NCCCCCCCCCCCCCCCC),0.39444810946513764
OCC(C)(C)CN(CCC(=O)NCCCCCCCCCCCCCCCCCC)(CCC(=O)NCCCCCCCCCCCCCCCCCC),0.4108019155570399
CCCCCCCCCCOC(=O)CCN(CCC(=O)OCCCCCCCCCC)CC(C)(C)CO,0.30026387935009496
CCCCCCCCCCCCOC(=O)CCN(CCC(=O)OCCCCCCCCCCCC)CC(C)(C)CO,0.33115512337553354
OCC(C)(C)CN(CCC(=O)OCCCCCCCCCCCCC)(CCC(=O)OCCCCCCCCCCCCC),0.34438324658661956
OCC(C)(C)CN(CCC(=O)OCCCCCCCCCCCCCC)(CCC(=O)OCCCCCCCCCCCCCC),0.3564725322480706
OCC(C)(C)CN(CCC(=O)OCCCCCCCCCCCCCCC)(CCC(=O)OCCCCCCCCCCCCCCC),0.3676295841592959
OCC(CO)(CC)N(CCC(=O)NCCCCCCCCCCCC)(CCC(=O)NCCCCCCCCCCCC),0.1716858200538189
OCC(CO)(CC)N(CCC(=O)NCCCCCCCCCCCCCC)(CCC(=O)NCCCCCCCCCCCCCC),0.207371272930135
OCC(CO)(CC)N(CCC(=O)NCCCCCCCCCCCCCCC)(CCC(=O)NCCCCCCCCCCCCCCC),0.22309773255659673
OCC(CO)(CC)N(CCC(=O)NCCCCCCCCCCCCCCCC)(CCC(=O)NCCCCCCCCCCCCCCCC),0.23906174038892408
OCC(CO)(CC)N(CCC(=O)NCCCCCCCCCCCCCCCCCC)(CCC(=O)NCCCCCCCCCCCCCCCCCC),0.2663139043453931
OCC(CO)(CC)N(CCC(=O)OCCCCCCCCCC)(CCC(=O)OCCCCCCCCCC),0.10768203588482807
OCC(CO)(CC)N(CCC(=O)OCCCCCCCCCCCC)(CCC(=O)OCCCCCCCCCCCC),0.15281720761702197
OCC(CO)(CC)N(CCC(=O)OCCCCCCCCCCCCC)(CCC(=O)OCCCCCCCCCCCCC),0.1729103131501026
OCC(CO)(CC)N(CCC(=O)OCCCCCCCCCCCCCC)(CCC(=O)OCCCCCCCCCCCCCC),0.19079763944260916
OCC(CO)(CC)N(CCC(=O)OCCCCCCCCCCCCCCC)(CCC(=O)OCCCCCCCCCCCCCCC),0.20687827701091566
OCC(CO)(CC)N(CCC(=O)OCCCCCCCCCCCCCCCCCC)(CCC(=O)OCCCCCCCCCCCCCCCCCC),0.2526202152423698
OCCCCCCN(CCC(=O)NCCCCCCCCCCCC)(CCC(=O)NCCCCCCCCCCCC),0.5861442698127978
OCCCCCCN(CCC(=O)NCCCCCCCCCCCCCC)(CCC(=O)NCCCCCCCCCCCCCC),0.5850398017001699
OCCCCCCN(CCC(=O)NCCCCCCCCCCCCCCC)(CCC(=O)NCCCCCCCCCCCCCCC),0.584668885782937
OCCCCCCN(CCC(=O)NCCCCCCCCCCCCCCCC)(CCC(=O)NCCCCCCCCCCCCCCCC),0.5843541403667398
OCCCCCCN(CCC(=O)NCCCCCCCCCCCCCCCCCC)(CCC(=O)NCCCCCCCCCCCCCCCCCC),0.5838135811971735
CCCCCCCCCCOC(=O)CCN(CCCCCCO)CCC(=O)OCCCCCCCCCC,0.5857784169842054
OCCCCCCN(CCC(=O)OCCCCCCCCCCCC)(CCC(=O)OCCCCCCCCCCCC),0.5846416642357752
OCCCCCCN(CCC(=O)OCCCCCCCCCCCCC)(CCC(=O)OCCCCCCCCCCCCC),0.5837659285982035
CCCCCCCCCCCCCCOC(=O)CCN(CCCCCCO)CCC(=O)OCCCCCCCCCCCCCC,0.5832392482480873
OCCCCCCN(CCC(=O)OCCCCCCCCCCCCCCCCCC)(CCC(=O)OCCCCCCCCCCCCCCCCCC),0.5821574151199701
C1CC(O)CCC1N(CCC(=O)NCCCCCCCCCCCC)(CCC(=O)NCCCCCCCCCCCC),0.23909036173118045
C1CC(O)CCC1N(CCC(=O)NCCCCCCCCCCCCCC)(CCC(=O)NCCCCCCCCCCCCCC),0.27015881385903884
C1CC(O)CCC1N(CCC(=O)NCCCCCCCCCCCCCCC)(CCC(=O)NCCCCCCCCCCCCCCC),0.28476737329653795
C1CC(O)CCC1N(CCC(=O)NCCCCCCCCCCCCCCCC)(CCC(=O)NCCCCCCCCCCCCCCCC),0.2975507488448618
C1CC(O)CCC1N(CCC(=O)NCCCCCCCCCCCCCCCCCC)(CCC(=O)NCCCCCCCCCCCCCCCCCC),0.31940768554594384
C1CC(O)CCC1N(CCC(=O)OCCCCCCCCCC)(CCC(=O)OCCCCCCCCCC),0.18064906543996145
C1CC(O)CCC1N(CCC(=O)OCCCCCCCCCCCC)(CCC(=O)OCCCCCCCCCCCC),0.21934735388615778
C1CC(O)CCC1N(CCC(=O)OCCCCCCCCCCCCC)(CCC(=O)OCCCCCCCCCCCCC),0.23566518226583763
C1CC(O)CCC1N(CCC(=O)OCCCCCCCCCCCCCC)(CCC(=O)OCCCCCCCCCCCCCC),0.2513991769595115
C1CC(O)CCC1N(CCC(=O)OCCCCCCCCCCCCCCCCCC)(CCC(=O)OCCCCCCCCCCCCCCCCCC),0.30457944762719286
CN(CCC(=O)NCCCCCCCCCCCC)CCN(CCC(=O)NCCCCCCCCCCCC)C,0.5643632198755756
CN(CCC(=O)NCCCCCCCCCCCCCC)CCN(CCC(=O)NCCCCCCCCCCCCCC)C,0.5654331994196989
CN(CCC(=O)NCCCCCCCCCCCCCCC)CCN(CCC(=O)NCCCCCCCCCCCCCCC)C,0.5659414739534631
CN(CCC(=O)NCCCCCCCCCCCCCCCC)CCN(CCC(=O)NCCCCCCCCCCCCCCCC)C,0.5664383118634744
CN(CCC(=O)NCCCCCCCCCCCCCCCCCC)CCN(CCC(=O)NCCCCCCCCCCCCCCCCCC)C,0.5675641640798901
CN(CCC(=O)OCCCCCCCCCC)CCN(CCC(=O)OCCCCCCCCCC)C,0.5566046619742698
CN(CCC(=O)OCCCCCCCCCCCC)CCN(CCC(=O)OCCCCCCCCCCCC)C,0.5583681059649046
CCCCCCCCCCCCCOC(=O)CCN(C)CCN(C)CCC(=O)OCCCCCCCCCCCCC,0.5589721622225985
CCCCCCCCCCCCCCOC(=O)CCN(C)CCN(C)CCC(=O)OCCCCCCCCCCCCCC,0.559674918925909
CN(CCC(=O)OCCCCCCCCCCCCCCC)CCN(CCC(=O)OCCCCCCCCCCCCCCC)C,0.5603706468708715
CN(CCC(=O)OCCCCCCCCCCCCCCCCCC)CCN(CCC(=O)OCCCCCCCCCCCCCCCCCC)C,0.5624833248462078
CCN(CCC(=O)NCCCCCCCCCCCC)CCN(CCC(=O)NCCCCCCCCCCCC)CC,0.5249293242156537
CCN(CCC(=O)NCCCCCCCCCCCCCC)CCN(CCC(=O)NCCCCCCCCCCCCCC)CC,0.5295943945233225
CCN(CCC(=O)NCCCCCCCCCCCCCCC)CCN(CCC(=O)NCCCCCCCCCCCCCCC)CC,0.5317110634038226
CCN(CCC(=O)NCCCCCCCCCCCCCCCC)CCN(CCC(=O)NCCCCCCCCCCCCCCCC)CC,0.5336585059922303
CCN(CCC(=O)NCCCCCCCCCCCCCCCCCC)CCN(CCC(=O)NCCCCCCCCCCCCCCCCCC)CC,0.5371206460046493
CCCCCCCCCCOC(=O)CCN(CC)CCN(CC)CCC(=O)OCCCCCCCCCC,0.5134876373742054
CCCCCCCCCCCCOC(=O)CCN(CC)CCN(CC)CCC(=O)OCCCCCCCCCCCC,0.5208225636706677
CCN(CCC(=O)OCCCCCCCCCCCCC)CCN(CCC(=O)OCCCCCCCCCCCCC)CC,0.5234450053234859
CCN(CCC(=O)OCCCCCCCCCCCCCC)CCN(CCC(=O)OCCCCCCCCCCCCCC)CC,0.5257301857070938
CCN(CCC(=O)OCCCCCCCCCCCCCCC)CCN(CCC(=O)OCCCCCCCCCCCCCCC)CC,0.527824874826319
CCN(CCC(=O)OCCCCCCCCCCCCCCCCCC)CCN(CCC(=O)OCCCCCCCCCCCCCCCCCC)CC,0.5334596159572792
CC(C)N(CCC(=O)NCCCCCCCCCCCC)CCN(CCC(=O)NCCCCCCCCCCCC)C(C)C,0.3754176271062144
CC(C)N(CCC(=O)NCCCCCCCCCCCCCC)CCN(CCC(=O)NCCCCCCCCCCCCCC)C(C)C,0.39561011809102187
CC(C)N(CCC(=O)NCCCCCCCCCCCCCCC)CCN(CCC(=O)NCCCCCCCCCCCCCCC)C(C)C,0.40452389412285866
CC(C)N(CCC(=O)NCCCCCCCCCCCCCCCC)CCN(CCC(=O)NCCCCCCCCCCCCCCCC)C(C)C,0.4127219876839142
CC(C)N(CCC(=O)NCCCCCCCCCCCCCCCCCC)CCN(CCC(=O)NCCCCCCCCCCCCCCCCCC)C(C)C,0.42666898013333754
CC(C)N(CCC(=O)OCCCCCCCCCC)CCN(CCC(=O)OCCCCCCCCCC)C(C)C,0.33913785697211896
CCCCCCCCCCCCOC(=O)CCN(CCN(CCC(=O)OCCCCCCCCCCCC)C(C)C)C(C)C,0.3642071149355195
CCCCCCCCCCCCCOC(=O)CCN(CCN(CCC(=O)OCCCCCCCCCCCCC)C(C)C)C(C)C,0.37516566398916035
CCCCCCCCCCCCCCOC(=O)CCN(CCN(CCC(=O)OCCCCCCCCCCCCCC)C(C)C)C(C)C,0.3852796898575548
CC(C)N(CCC(=O)OCCCCCCCCCCCCCCC)CCN(CCC(=O)OCCCCCCCCCCCCCCC)C(C)C,0.39460435042401065
CC(C)N(CCC(=O)OCCCCCCCCCCCCCCCCCC)CCN(CCC(=O)OCCCCCCCCCCCCCCCCCC)C(C)C,0.4181852985900797
CN(CCC(=O)NCCCCCCCCCCCC)CCCN(CCC(=O)NCCCCCCCCCCCC)C,0.5675771494131094
CN(CCC(=O)NCCCCCCCCCCCCCC)CCCN(CCC(=O)NCCCCCCCCCCCCCC)C,0.5682169451200308
CN(CCC(=O)NCCCCCCCCCCCCCCC)CCCN(CCC(=O)NCCCCCCCCCCCCCCC)C,0.5686639264983697
CN(CCC(=O)NCCCCCCCCCCCCCCCC)CCCN(CCC(=O)NCCCCCCCCCCCCCCCC)C,0.5690745132042452
CN(CCC(=O)NCCCCCCCCCCCCCCCCCC)CCCN(CCC(=O)NCCCCCCCCCCCCCCCCCC)C,0.569915641141815
CN(CCC(=O)OCCCCCCCCCC)CCCN(CCC(=O)OCCCCCCCCCC)C,0.5611976577259964
CN(CCC(=O)OCCCCCCCCCCCC)CCCN(CCC(=O)OCCCCCCCCCCCC)C,0.5621660776685649
CN(CCC(=O)OCCCCCCCCCCCCC)CCCN(CCC(=O)OCCCCCCCCCCCCC)C,0.5626540402820179
CN(CCC(=O)OCCCCCCCCCCCCCC)CCCN(CCC(=O)OCCCCCCCCCCCCCC)C,0.5631646974457306
CN(CCC(=O)OCCCCCCCCCCCCCCC)CCCN(CCC(=O)OCCCCCCCCCCCCCCC)C,0.5636969174104771
CN(CCC(=O)OCCCCCCCCCCCCCCCCCC)CCCN(CCC(=O)OCCCCCCCCCCCCCCCCCC)C,0.5653319972126364
CCN(CCC(=O)NCCCCCCCCCCCC)CCCN(CCC(=O)NCCCCCCCCCCCC)CC,0.5575206044922225
CCN(CCC(=O)NCCCCCCCCCCCCCC)CCCN(CCC(=O)NCCCCCCCCCCCCCC)CC,0.5591754005572056
CCN(CCC(=O)NCCCCCCCCCCCCCCC)CCCN(CCC(=O)NCCCCCCCCCCCCCCC)CC,0.5599234272295377
CCN(CCC(=O)NCCCCCCCCCCCCCCCC)CCCN(CCC(=O)NCCCCCCCCCCCCCCCC)CC,0.5606126625078905
CCN(CCC(=O)OCCCCCCCCCC)CCCN(CCC(=O)OCCCCCCCCCC)CC,0.5523972353139596
CCN(CCC(=O)OCCCCCCCCCCCC)CCCN(CCC(=O)OCCCCCCCCCCCC)CC,0.5548689756225351
CCCCCCCCCCCCCOC(=O)CCN(CC)CCCN(CC)CCC(=O)OCCCCCCCCCCCCC,0.5555888276957262
CCCCCCCCCCCCCCOC(=O)CCN(CC)CCCN(CC)CCC(=O)OCCCCCCCCCCCCCC,0.5563755125389727
CCN(CCC(=O)OCCCCCCCCCCCCCCC)CCCN(CCC(=O)OCCCCCCCCCCCCCCC)CC,0.5571085882083779
CCN(CCC(=O)OCCCCCCCCCCCCCCCCCC)CCCN(CCC(=O)OCCCCCCCCCCCCCCCCCC)CC,0.5592736244768326
O1CCOC1CCN(CCC(=O)NCCCCCCCCCCCC)(CCC(=O)NCCCCCCCCCCCC),-0.41270459722248365
O1CCOC1CCN(CCC(=O)NCCCCCCCCCCCCCC)(CCC(=O)NCCCCCCCCCCCCCC),-0.36072341485926007
O1CCOC1CCN(CCC(=O)NCCCCCCCCCCCCCCC)(CCC(=O)NCCCCCCCCCCCCCCC),-0.3373589881897611
O1CCOC1CCN(CCC(=O)NCCCCCCCCCCCCCCCC)(CCC(=O)NCCCCCCCCCCCCCCCC),-0.3132938896181565
O1CCOC1CCN(CCC(=O)NCCCCCCCCCCCCCCCCCC)(CCC(=O)NCCCCCCCCCCCCCCCCCC),-0.2608040157609279
CCCCCCCCCCOC(=O)CCN(CCC(=O)OCCCCCCCCCC)CCC1OCCO1,-0.47453214676226185
O1CCOC1CCN(CCC(=O)OCCCCCCCCCCCC)(CCC(=O)OCCCCCCCCCCCC),-0.4254209910863802
CCCCCCCCCCCCCOC(=O)CCN(CCC(=O)OCCCCCCCCCCCCC)CCC1OCCO1,-0.39931871412593245
CCCCCCCCCCCCCCOC(=O)CCN(CCC(=O)OCCCCCCCCCCCCCC)CCC1OCCO1,-0.3733362834518943
O1CCOC1CCN(CCC(=O)OCCCCCCCCCCCCCCC)(CCC(=O)OCCCCCCCCCCCCCCC),-0.3501742909793949
O1CCOC1CCN(CCC(=O)OCCCCCCCCCCCCCCCCCC)(CCC(=O)OCCCCCCCCCCCCCCCCCC),-0.2766444842304254
C1N(CCC(=O)NCCCCCCCCCCCC)CCCN(CCC(=O)NCCCCCCCCCCCC)C1,0.5142192238998929
C1N(CCC(=O)NCCCCCCCCCCCCCC)CCCN(CCC(=O)NCCCCCCCCCCCCCC)C1,0.5208494873890858
C1N(CCC(=O)NCCCCCCCCCCCCCCC)CCCN(CCC(=O)NCCCCCCCCCCCCCCC)C1,0.5233483896790742
C1N(CCC(=O)NCCCCCCCCCCCCCCCC)CCCN(CCC(=O)NCCCCCCCCCCCCCCCC)C1,0.525593184485055
C1N(CCC(=O)OCCCCCCCCCC)CCCN(CCC(=O)OCCCCCCCCCC)C1,0.4982643296271186
C1N(CCC(=O)OCCCCCCCCCCCC)CCCN(CCC(=O)OCCCCCCCCCCCC)C1,0.5069382641717642
C1N(CCC(=O)OCCCCCCCCCCCCC)CCCN(CCC(=O)OCCCCCCCCCCCCC)C1,0.5106551073256781
C1N(CCC(=O)OCCCCCCCCCCCCCC)CCCN(CCC(=O)OCCCCCCCCCCCCCC)C1,0.5140220612716544
C1N(CCC(=O)OCCCCCCCCCCCCCCCCCC)CCCN(CCC(=O)OCCCCCCCCCCCCCCCCCC)C1,0.5236426444777141
CCN(CC)CCN(CCC(=O)NCCCCCCCCCCCC)(CCC(=O)NCCCCCCCCCCCC),0.5297112029565477
CCN(CC)CCN(CCC(=O)NCCCCCCCCCCCCCC)(CCC(=O)NCCCCCCCCCCCCCC),0.5338237413791589
CCN(CC)CCN(CCC(=O)NCCCCCCCCCCCCCCC)(CCC(=O)NCCCCCCCCCCCCCCC),0.5357450941696306
CCN(CC)CCN(CCC(=O)NCCCCCCCCCCCCCCCC)(CCC(=O)NCCCCCCCCCCCCCCCC),0.537522893505705
CCN(CC)CCN(CCC(=O)OCCCCCCCCCC)(CCC(=O)OCCCCCCCCCC),0.5214566410657127
CCN(CC)CCN(CCC(=O)OCCCCCCCCCCCC)(CCC(=O)OCCCCCCCCCCCC),0.5276132377211433
CCN(CC)CCN(CCC(=O)OCCCCCCCCCCCCC)(CCC(=O)OCCCCCCCCCCCCC),0.5299462494009675
CCN(CC)CCN(CCC(=O)OCCCCCCCCCCCCCC)(CCC(=O)OCCCCCCCCCCCCCC),0.5319422976403246
CCN(CC)CCN(CCC(=O)OCCCCCCCCCCCCCCC)(CCC(=O)OCCCCCCCCCCCCCCC),0.5337782331471426
CCN(CC)CCN(CCC(=O)OCCCCCCCCCCCCCCCCCC)(CCC(=O)OCCCCCCCCCCCCCCCCCC),0.5386734655078365
C1CCCN1CCN(CCC(=O)NCCCCCCCCCCCC)(CCC(=O)NCCCCCCCCCCCC),0.5853183311411497
C1CCCN1CCN(CCC(=O)NCCCCCCCCCCCCCC)(CCC(=O)NCCCCCCCCCCCCCC),0.5842169008817062
C1CCCN1CCN(CCC(=O)NCCCCCCCCCCCCCCC)(CCC(=O)NCCCCCCCCCCCCCCC),0.5838637355575895
C1CCCN1CCN(CCC(=O)NCCCCCCCCCCCCCCCC)(CCC(=O)NCCCCCCCCCCCCCCCC),0.5835491688386386
C1CCCN1CCN(CCC(=O)NCCCCCCCCCCCCCCCCCC)(CCC(=O)NCCCCCCCCCCCCCCCCCC),0.5830261219991938
CCCCCCCCCCOC(=O)CCN(CCC(=O)OCCCCCCCCCC)CCN1CCCC1,0.5850054918289115
CCCCCCCCCCCCOC(=O)CCN(CCC(=O)OCCCCCCCCCCCC)CCN1CCCC1,0.5841218935125096
CCCCCCCCCCCCCOC(=O)CCN(CCC(=O)OCCCCCCCCCCCCC)CCN1CCCC1,0.583778675668428
CCCCCCCCCCCCCCOC(=O)CCN(CCC(=O)OCCCCCCCCCCCCCC)CCN1CCCC1,0.583137748212281
C1CCCN1CCN(CCC(=O)OCCCCCCCCCCCCCCC)(CCC(=O)OCCCCCCCCCCCCCCC),0.5828109109490953
C1CCCN1CCN(CCC(=O)OCCCCCCCCCCCCCCCCCC)(CCC(=O)OCCCCCCCCCCCCCCCCCC),0.5820258343810641
N1(C)CCCC1CCN(CCC(=O)NCCCCCCCCCCCC)(CCC(=O)NCCCCCCCCCCCC),0.5167776323728452
N1(C)CCCC1CCN(CCC(=O)NCCCCCCCCCCCCCC)(CCC(=O)NCCCCCCCCCCCCCC),0.5227451077761136
N1(C)CCCC1CCN(CCC(=O)NCCCCCCCCCCCCCCC)(CCC(=O)NCCCCCCCCCCCCCCC),0.5250431543614434
N1(C)CCCC1CCN(CCC(=O)NCCCCCCCCCCCCCCCC)(CCC(=O)NCCCCCCCCCCCCCCCC),0.5271613123856613
N1(C)CCCC1CCN(CCC(=O)NCCCCCCCCCCCCCCCCCC)(CCC(=O)NCCCCCCCCCCCCCCCCCC),0.5309180050254638
N1(C)CCCC1CCN(CCC(=O)OCCCCCCCCCC)(CCC(=O)OCCCCCCCCCC),0.5003455866700091
N1(C)CCCC1CCN(CCC(=O)OCCCCCCCCCCCC)(CCC(=O)OCCCCCCCCCCCC),0.5083994715534316
N1(C)CCCC1CCN(CCC(=O)OCCCCCCCCCCCCC)(CCC(=O)OCCCCCCCCCCCCC),0.511866495957245
N1(C)CCCC1CCN(CCC(=O)OCCCCCCCCCCCCCCC)(CCC(=O)OCCCCCCCCCCCCCCC),0.5179350544360786
N1(C)CCCC1CCN(CCC(=O)OCCCCCCCCCCCCCCCCCC)(CCC(=O)OCCCCCCCCCCCCCCCCCC),0.5241729583385019
CN(C)CC(C)N(CCC(=O)NCCCCCCCCCCCC)(CCC(=O)NCCCCCCCCCCCC),0.43764399911649743
CN(C)CC(C)N(CCC(=O)NCCCCCCCCCCCCCC)(CCC(=O)NCCCCCCCCCCCCCC),0.4530437108283965
CN(C)CC(C)N(CCC(=O)NCCCCCCCCCCCCCCC)(CCC(=O)NCCCCCCCCCCCCCCC),0.4582047255598458
CN(C)CC(C)N(CCC(=O)NCCCCCCCCCCCCCCCC)(CCC(=O)NCCCCCCCCCCCCCCCC),0.462929272267604
CN(C)CC(C)N(CCC(=O)NCCCCCCCCCCCCCCCCCC)(CCC(=O)NCCCCCCCCCCCCCCCCCC),0.4713089520136098
CN(C)CC(C)N(CCC(=O)OCCCCCCCCCC)(CCC(=O)OCCCCCCCCCC),0.3986863316175323
CN(C)CC(C)N(CCC(=O)OCCCCCCCCCCCC)(CCC(=O)OCCCCCCCCCCCC),0.4196844493536769
CN(C)CC(C)N(CCC(=O)OCCCCCCCCCCCCC)(CCC(=O)OCCCCCCCCCCCCC),0.42881295990962237
CN(C)CC(C)N(CCC(=O)OCCCCCCCCCCCCCC)(CCC(=O)OCCCCCCCCCCCCCC),0.4370986151212854
CN(C)CC(C)N(CCC(=O)OCCCCCCCCCCCCCCC)(CCC(=O)OCCCCCCCCCCCCCCC),0.4442701525690291
C1OC(C)(C)OC1CN(CCC(=O)NCCCCCCCCCCCC)(CCC(=O)NCCCCCCCCCCCC),-0.5785306381153031
C1OC(C)(C)OC1CN(CCC(=O)NCCCCCCCCCCCCCC)(CCC(=O)NCCCCCCCCCCCCCC),-0.5388342957665538
C1OC(C)(C)OC1CN(CCC(=O)NCCCCCCCCCCCCCCC)(CCC(=O)NCCCCCCCCCCCCCCC),-0.5227219394370579
C1OC(C)(C)OC1CN(CCC(=O)NCCCCCCCCCCCCCCCC)(CCC(=O)NCCCCCCCCCCCCCCCC),-0.5080279627159049
C1OC(C)(C)OC1CN(CCC(=O)NCCCCCCCCCCCCCCCCCC)(CCC(=O)NCCCCCCCCCCCCCCCCCC),-0.4733772264604744
CCCCCCCCCCOC(=O)CCN(CCC(=O)OCCCCCCCCCC)CC1COC(C)(C)O1,-0.6131086743744301
CCCCCCCCCCCCOC(=O)CCN(CCC(=O)OCCCCCCCCCCCC)CC1COC(C)(C)O1,-0.5870329339550336
C1OC(C)(C)OC1CN(CCC(=O)OCCCCCCCCCCCCC)(CCC(=O)OCCCCCCCCCCCCC),-0.5689846312266315
C1OC(C)(C)OC1CN(CCC(=O)OCCCCCCCCCCCCCC)(CCC(=O)OCCCCCCCCCCCCCC),-0.5480457218447071
C1OC(C)(C)OC1CN(CCC(=O)OCCCCCCCCCCCCCCC)(CCC(=O)OCCCCCCCCCCCCCCC),-0.5318202501584061
C1OC(C)(C)OC1CN(CCC(=O)OCCCCCCCCCCCCCCCCCC)(CCC(=O)OCCCCCCCCCCCCCCCCCC),-0.48368189250762333
CN(C)CCCN(CCC(=O)NCCCCCCCCCCCC)(CCC(=O)NCCCCCCCCCCCC),0.5489814374540389
CN(C)CCCN(CCC(=O)NCCCCCCCCCCCCCC)(CCC(=O)NCCCCCCCCCCCCCC),0.5512232539725841
CN(C)CCCN(CCC(=O)NCCCCCCCCCCCCCCC)(CCC(=O)NCCCCCCCCCCCCCCC),0.5524594219556155
CN(C)CCCN(CCC(=O)NCCCCCCCCCCCCCCCC)(CCC(=O)NCCCCCCCCCCCCCCCC),0.5536505582326201
CN(C)CCCN(CCC(=O)NCCCCCCCCCCCCCCCCCC)(CCC(=O)NCCCCCCCCCCCCCCCCCC),0.5558001669721583
CN(C)CCCN(CCC(=O)OCCCCCCCCCC)(CCC(=O)OCCCCCCCCCC),0.5438244136277534
CN(C)CCCN(CCC(=O)OCCCCCCCCCCCC)(CCC(=O)OCCCCCCCCCCCC),0.5469493519367107
CN(C)CCCN(CCC(=O)OCCCCCCCCCCCCC)(CCC(=O)OCCCCCCCCCCCCC),0.5481453130393611
CN(C)CCCN(CCC(=O)OCCCCCCCCCCCCCCC)(CCC(=O)OCCCCCCCCCCCCCCC),0.5503924309095416
CN(C)CCCN(CCC(=O)OCCCCCCCCCCCCCCCCCC)(CCC(=O)OCCCCCCCCCCCCCCCCCC),0.5533721479231377
CCN(CC)CCCN(CCC(=O)NCCCCCCCCCCCC)(CCC(=O)NCCCCCCCCCCCC),0.5602810599848078
CCN(CC)CCCN(CCC(=O)NCCCCCCCCCCCCCC)(CCC(=O)NCCCCCCCCCCCCCC),0.561605325710185
CCN(CC)CCCN(CCC(=O)NCCCCCCCCCCCCCCC)(CCC(=O)NCCCCCCCCCCCCCCC),0.5622168872522166
CCN(CC)CCCN(CCC(=O)NCCCCCCCCCCCCCCCC)(CCC(=O)NCCCCCCCCCCCCCCCC),0.5627830596937293
CCN(CC)CCCN(CCC(=O)NCCCCCCCCCCCCCCCCCC)(CCC(=O)NCCCCCCCCCCCCCCCCCC),0.5637921034769198
CCN(CC)CCCN(CCC(=O)OCCCCCCCCCC)(CCC(=O)OCCCCCCCCCC),0.5564770721405276
CCN(CC)CCCN(CCC(=O)OCCCCCCCCCCCC)(CCC(=O)OCCCCCCCCCCCC),0.5588263452697502
CCN(CC)CCCN(CCC(=O)OCCCCCCCCCCCCC)(CCC(=O)OCCCCCCCCCCCCC),0.5593700018582495
CCN(CC)CCCN(CCC(=O)OCCCCCCCCCCCCCC)(CCC(=O)OCCCCCCCCCCCCCC),0.5599673867520876
CCN(CC)CCCN(CCC(=O)OCCCCCCCCCCCCCCC)(CCC(=O)OCCCCCCCCCCCCCCC),0.5605435066736353
CCN(CC)CCCN(CCC(=O)OCCCCCCCCCCCCCCCCCC)(CCC(=O)OCCCCCCCCCCCCCCCCCC),0.5623697925291617
C1CCCCN1CCN(CCC(=O)NCCCCCCCCCCCCCC)(CCC(=O)NCCCCCCCCCCCCCC),0.5768870972396333
C1CCCCN1CCN(CCC(=O)NCCCCCCCCCCCCCCC)(CCC(=O)NCCCCCCCCCCCCCCC),0.5768750053926446
C1CCCCN1CCN(CCC(=O)NCCCCCCCCCCCCCCCC)(CCC(=O)NCCCCCCCCCCCCCCCC),0.5768638070318867
C1CCCCN1CCN(CCC(=O)NCCCCCCCCCCCCCCCCCC)(CCC(=O)NCCCCCCCCCCCCCCCCCC),0.5768440312033141
CCCCCCCCCCOC(=O)CCN(CCC(=O)OCCCCCCCCCC)CCN1CCCCC1,0.5749453133973532
C1CCCCN1CCN(CCC(=O)OCCCCCCCCCCCC)(CCC(=O)OCCCCCCCCCCCC),0.5753317164092514
C1CCCCN1CCN(CCC(=O)OCCCCCCCCCCCCC)(CCC(=O)OCCCCCCCCCCCCC),0.5755780803459265
C1CCCCN1CCN(CCC(=O)OCCCCCCCCCCCCCC)(CCC(=O)OCCCCCCCCCCCCCC),0.5757205020510981
C1CCCCN1CCN(CCC(=O)OCCCCCCCCCCCCCCC)(CCC(=O)OCCCCCCCCCCCCCCC),0.5757134732927501
C1CCCCN1CCN(CCC(=O)OCCCCCCCCCCCCCCCCCC)(CCC(=O)OCCCCCCCCCCCCCCCCCC),0.5757157367912011
OCCN(CCO)CCN(CCC(=O)NCCCCCCCCCCCC)(CCC(=O)NCCCCCCCCCCCC),0.4682121883037935
OCCN(CCO)CCN(CCC(=O)NCCCCCCCCCCCCCC)(CCC(=O)NCCCCCCCCCCCCCC),0.47892455211800544
OCCN(CCO)CCN(CCC(=O)NCCCCCCCCCCCCCCC)(CCC(=O)NCCCCCCCCCCCCCCC),0.483599391208463
OCCN(CCO)CCN(CCC(=O)NCCCCCCCCCCCCCCCC)(CCC(=O)NCCCCCCCCCCCCCCCC),0.4877146994383893
OCCN(CCO)CCN(CCC(=O)NCCCCCCCCCCCCCCCCCC)(CCC(=O)NCCCCCCCCCCCCCCCCCC),0.4951186922204837
OCCN(CCO)CCN(CCC(=O)OCCCCCCCCCC)(CCC(=O)OCCCCCCCCCC),0.454467481136998
OCCN(CCO)CCN(CCC(=O)OCCCCCCCCCCCC)(CCC(=O)OCCCCCCCCCCCC),0.4669756331433956
CCCCCCCCCCCCCOC(=O)CCN(CCC(=O)OCCCCCCCCCCCCC)CCN(CCO)CCO,0.47237062213578773
CCCCCCCCCCCCCCOC(=O)CCN(CCC(=O)OCCCCCCCCCCCCCC)CCN(CCO)CCO,0.4773162173370181
OCCN(CCO)CCN(CCC(=O)OCCCCCCCCCCCCCCC)(CCC(=O)OCCCCCCCCCCCCCCC),0.4820622374971872
OCCN(CCO)CCN(CCC(=O)OCCCCCCCCCCCCCCCCCC)(CCC(=O)OCCCCCCCCCCCCCCCCCC),0.4935678979527527
OCCN(CCO)CCCN(CCC(=O)NCCCCCCCCCCCC)(CCC(=O)NCCCCCCCCCCCC),0.46971387061171105
OCCN(CCO)CCCN(CCC(=O)NCCCCCCCCCCCCCC)(CCC(=O)NCCCCCCCCCCCCCC),0.4801735863027587
OCCN(CCO)CCCN(CCC(=O)NCCCCCCCCCCCCCCC)(CCC(=O)NCCCCCCCCCCCCCCC),0.48482173993779304
OCCN(CCO)CCCN(CCC(=O)NCCCCCCCCCCCCCCCC)(CCC(=O)NCCCCCCCCCCCCCCCC),0.48886634362399756
OCCN(CCO)CCCN(CCC(=O)NCCCCCCCCCCCCCCCCCC)(CCC(=O)NCCCCCCCCCCCCCCCCCC),0.4958848268804244
OCCN(CCO)CCCN(CCC(=O)OCCCCCCCCCC)(CCC(=O)OCCCCCCCCCC),0.45533041013859654
OCCN(CCO)CCCN(CCC(=O)OCCCCCCCCCCCC)(CCC(=O)OCCCCCCCCCCCC),0.4673884535648478
OCCN(CCO)CCCN(CCC(=O)OCCCCCCCCCCCCC)(CCC(=O)OCCCCCCCCCCCCC),0.47270433924294974
OCCN(CCO)CCCN(CCC(=O)OCCCCCCCCCCCCCC)(CCC(=O)OCCCCCCCCCCCCCC),0.4775714565702514
OCCN(CCO)CCCN(CCC(=O)OCCCCCCCCCCCCCCC)(CCC(=O)OCCCCCCCCCCCCCCC),0.4821458678083796
OCCN(CCO)CCCN(CCC(=O)OCCCCCCCCCCCCCCCCCC)(CCC(=O)OCCCCCCCCCCCCCCCCCC),0.49342452319560165
C1COCCN1CCN(CCC(=O)NCCCCCCCCCCCC)(CCC(=O)NCCCCCCCCCCCC),-0.08341102125711763
C1COCCN1CCN(CCC(=O)NCCCCCCCCCCCCCC)(CCC(=O)NCCCCCCCCCCCCCC),-0.032620859762260604
C1COCCN1CCN(CCC(=O)NCCCCCCCCCCCCCCC)(CCC(=O)NCCCCCCCCCCCCCCC),-0.009685275769902748
C1COCCN1CCN(CCC(=O)NCCCCCCCCCCCCCCCC)(CCC(=O)NCCCCCCCCCCCCCCCC),0.011484718934151886
C1COCCN1CCN(CCC(=O)NCCCCCCCCCCCCCCCCCC)(CCC(=O)NCCCCCCCCCCCCCCCCCC),0.049809797251075
C1COCCN1CCN(CCC(=O)OCCCCCCCCCC)(CCC(=O)OCCCCCCCCCC),-0.154067614551189
C1COCCN1CCN(CCC(=O)OCCCCCCCCCCCC)(CCC(=O)OCCCCCCCCCCCC),-0.08968055457210732
CCCCCCCCCCCCCOC(=O)CCN(CCC(=O)OCCCCCCCCCCCCC)CCN1CCOCC1,-0.06359736843412189
CCCCCCCCCCCCCCOC(=O)CCN(CCC(=O)OCCCCCCCCCCCCCC)CCN1CCOCC1,-0.038885389554358434
C1COCCN1CCN(CCC(=O)OCCCCCCCCCCCCCCC)(CCC(=O)OCCCCCCCCCCCCCCC),-0.01570582518598884
C1COCCN1CCN(CCC(=O)OCCCCCCCCCCCCCCCCCC)(CCC(=O)OCCCCCCCCCCCCCCCCCC),0.04451761874096067
C1COCCN1CCCN(CCC(=O)NCCCCCCCCCCCC)(CCC(=O)NCCCCCCCCCCCC),-0.054741672730139156
C1COCCN1CCCN(CCC(=O)NCCCCCCCCCCCCCC)(CCC(=O)NCCCCCCCCCCCCCC),-0.006220246818671228
C1COCCN1CCCN(CCC(=O)NCCCCCCCCCCCCCCC)(CCC(=O)NCCCCCCCCCCCCCCC),0.015248291417930656
C1COCCN1CCCN(CCC(=O)NCCCCCCCCCCCCCCCC)(CCC(=O)NCCCCCCCCCCCCCCCC),0.035127108239303095
C1COCCN1CCCN(CCC(=O)NCCCCCCCCCCCCCCCCCC)(CCC(=O)NCCCCCCCCCCCCCCCCCC),0.07346892918518855
C1COCCN1CCCN(CCC(=O)OCCCCCCCCCC)(CCC(=O)OCCCCCCCCCC),-0.11765614454669014
C1COCCN1CCCN(CCC(=O)OCCCCCCCCCCCC)(CCC(=O)OCCCCCCCCCCCC),-0.061884257501149245
CCCCCCCCCCCCCOC(=O)CCN(CCCN1CCOCC1)CCC(=O)OCCCCCCCCCCCCC,-0.036701798555179785
C1COCCN1CCCN(CCC(=O)OCCCCCCCCCCCCCC)(CCC(=O)OCCCCCCCCCCCCCC),-0.013093062036621517
C1COCCN1CCCN(CCC(=O)OCCCCCCCCCCCCCCC)(CCC(=O)OCCCCCCCCCCCCCCC),0.008650461478911808
C1COCCN1CCCN(CCC(=O)OCCCCCCCCCCCCCCCCCC)(CCC(=O)OCCCCCCCCCCCCCCCCCC),0.06774174201222653
c1nccn1CCCN(CCC(=O)NCCCCCCCCCCCC)(CCC(=O)NCCCCCCCCCCCC),0.28806141876609015
c1nccn1CCCN(CCC(=O)NCCCCCCCCCCCCCC)(CCC(=O)NCCCCCCCCCCCCCC),0.313992325067492
c1nccn1CCCN(CCC(=O)NCCCCCCCCCCCCCCC)(CCC(=O)NCCCCCCCCCCCCCCC),0.32568079280585627
c1nccn1CCCN(CCC(=O)NCCCCCCCCCCCCCCCC)(CCC(=O)NCCCCCCCCCCCCCCCC),0.3366858329263672
c1nccn1CCCN(CCC(=O)NCCCCCCCCCCCCCCCCCC)(CCC(=O)NCCCCCCCCCCCCCCCCCC),0.3562949369682841
CCCCCCCCCCOC(=O)CCN(CCCn1ccnc1)CCC(=O)OCCCCCCCCCC,0.24947192715991728
CCCCCCCCCCCCOC(=O)CCN(CCCn1ccnc1)CCC(=O)OCCCCCCCCCCCC,0.2809000074956276
c1nccn1CCCN(CCC(=O)OCCCCCCCCCCCCC)(CCC(=O)OCCCCCCCCCCCCC),0.29498251202337195
c1nccn1CCCN(CCC(=O)OCCCCCCCCCCCCCC)(CCC(=O)OCCCCCCCCCCCCCC),0.30793025925526807
c1nccn1CCCN(CCC(=O)OCCCCCCCCCCCCCCC)(CCC(=O)OCCCCCCCCCCCCCCC),0.3199080974008779
c1nccn1CCCN(CCC(=O)OCCCCCCCCCCCCCCCCCC)(CCC(=O)OCCCCCCCCCCCCCCCCCC),0.3509484940610927
N1=CNC=C1CCN(CCC(=O)NCCCCCCCCCCCC)(CCC(=O)NCCCCCCCCCCCC),0.43329260204154896
N1=CNC=C1CCN(CCC(=O)NCCCCCCCCCCCCCC)(CCC(=O)NCCCCCCCCCCCCCC),0.44791256831992654
N1=CNC=C1CCN(CCC(=O)NCCCCCCCCCCCCCCC)(CCC(=O)NCCCCCCCCCCCCCCC),0.45431555869490664
N1=CNC=C1CCN(CCC(=O)NCCCCCCCCCCCCCCCC)(CCC(=O)NCCCCCCCCCCCCCCCC),0.46020613471658717
N1=CNC=C1CCN(CCC(=O)NCCCCCCCCCCCCCCCCCC)(CCC(=O)NCCCCCCCCCCCCCCCCCC),0.4706785379121106
N1=CNC=C1CCN(CCC(=O)OCCCCCCCCCC)(CCC(=O)OCCCCCCCCCC),0.40233261914209606
N1=CNC=C1CCN(CCC(=O)OCCCCCCCCCCCC)(CCC(=O)OCCCCCCCCCCCC),0.4222184954354058
N1=CNC=C1CCN(CCC(=O)OCCCCCCCCCCCCC)(CCC(=O)OCCCCCCCCCCCCC),0.43034549727537297
N1=CNC=C1CCN(CCC(=O)OCCCCCCCCCCCCCC)(CCC(=O)OCCCCCCCCCCCCCC),0.4377508600696877
N1=CNC=C1CCN(CCC(=O)OCCCCCCCCCCCCCCCCCC)(CCC(=O)OCCCCCCCCCCCCCCCCCC),0.46196785130050927
CN(CCC(=O)NCCCCCCCCCCCC)CCN(CCC(=O)NCCCCCCCCCCCC)(CCC(=O)NCCCCCCCCCCCC),0.6058899581165126
CN(CCC(=O)NCCCCCCCCCCCCCC)CCN(CCC(=O)NCCCCCCCCCCCCCC)(CCC(=O)NCCCCCCCCCCCCCC),0.6027674024375038
CN(CCC(=O)NCCCCCCCCCCCCCCC)CCN(CCC(=O)NCCCCCCCCCCCCCCC)(CCC(=O)NCCCCCCCCCCCCCCC),0.60168819020233
CN(CCC(=O)NCCCCCCCCCCCCCCCC)CCN(CCC(=O)NCCCCCCCCCCCCCCCC)(CCC(=O)NCCCCCCCCCCCCCCCC),0.600945524447382
CN(CCC(=O)NCCCCCCCCCCCCCCCCCC)CCN(CCC(=O)NCCCCCCCCCCCCCCCCCC)(CCC(=O)NCCCCCCCCCCCCCCCCCC),0.5996118473337083
CN(CCC(=O)OCCCCCCCCCC)CCN(CCC(=O)OCCCCCCCCCC)(CCC(=O)OCCCCCCCCCC),0.6080201484219704
CN(CCC(=O)OCCCCCCCCCCCC)CCN(CCC(=O)OCCCCCCCCCCCC)(CCC(=O)OCCCCCCCCCCCC),0.6031558306848582
CCCCCCCCCCCCCOC(=O)CCN(C)CCN(CCC(=O)OCCCCCCCCCCCCC)CCC(=O)OCCCCCCCCCCCCC,0.6011608546289778
CCCCCCCCCCCCCCOC(=O)CCN(C)CCN(CCC(=O)OCCCCCCCCCCCCCC)CCC(=O)OCCCCCCCCCCCCCC,0.5998552925486964
CN(CCC(=O)OCCCCCCCCCCCCCCCCCC)CCN(CCC(=O)OCCCCCCCCCCCCCCCCCC)(CCC(=O)OCCCCCCCCCCCCCCCCCC),0.5967794364166783
CN(CCC(=O)NCCCCCCCCCCCC)CCCN(CCC(=O)NCCCCCCCCCCCC)(CCC(=O)NCCCCCCCCCCCC),0.6000687166263334
CN(CCC(=O)NCCCCCCCCCCCCCC)CCCN(CCC(=O)NCCCCCCCCCCCCCC)(CCC(=O)NCCCCCCCCCCCCCC),0.5977091981883323
CN(CCC(=O)NCCCCCCCCCCCCCCC)CCCN(CCC(=O)NCCCCCCCCCCCCCCC)(CCC(=O)NCCCCCCCCCCCCCCC),0.5969465779075657
CN(CCC(=O)NCCCCCCCCCCCCCCCC)CCCN(CCC(=O)NCCCCCCCCCCCCCCCC)(CCC(=O)NCCCCCCCCCCCCCCCC),0.5964161449152805
CN(CCC(=O)NCCCCCCCCCCCCCCCCCC)CCCN(CCC(=O)NCCCCCCCCCCCCCCCCCC)(CCC(=O)NCCCCCCCCCCCCCCCCCC),0.5954609485689262
CCCCCCCCCCOC(=O)CCN(C)CCCN(CCC(=O)OCCCCCCCCCC)CCC(=O)OCCCCCCCCCC,0.6011872422556576
CCCCCCCCCCCCOC(=O)CCN(C)CCCN(CCC(=O)OCCCCCCCCCCCC)CCC(=O)OCCCCCCCCCCCC,0.5971185442240987
CCCCCCCCCCCCCOC(=O)CCN(C)CCCN(CCC(=O)OCCCCCCCCCCCCC)CCC(=O)OCCCCCCCCCCCCC,0.5957366188539678
CN(CCC(=O)OCCCCCCCCCCCCCC)CCCN(CCC(=O)OCCCCCCCCCCCCCC)(CCC(=O)OCCCCCCCCCCCCCC),0.5947181636824809
CN(CCC(=O)OCCCCCCCCCCCCCCC)CCCN(CCC(=O)OCCCCCCCCCCCCCCC)(CCC(=O)OCCCCCCCCCCCCCCC),0.5939058060015392
CN(CCC(=O)OCCCCCCCCCCCCCCCCCC)CCCN(CCC(=O)OCCCCCCCCCCCCCCCCCC)(CCC(=O)OCCCCCCCCCCCCCCCCCC),0.5924985056224568
N(CCC(=O)NCCCCCCCCCCCC)(CCC(=O)NCCCCCCCCCCCC)CCN(CCC(=O)NCCCCCCCCCCCC)CCN(CCC(=O)NCCCCCCCCCCCC)CCN(CCC(=O)NCCCCCCCCCCCC)(CCC(=O)NCCCCCCCCCCCC),0.621555035238926
N(CCC(=O)NCCCCCCCCCCCCCC)(CCC(=O)NCCCCCCCCCCCCCC)CCN(CCC(=O)NCCCCCCCCCCCCCC)CCN(CCC(=O)NCCCCCCCCCCCCCC)CCN(CCC(=O)NCCCCCCCCCCCCCC)(CCC(=O)NCCCCCCCCCCCCCC),0.6166221573250458
N(CCC(=O)NCCCCCCCCCCCCCCC)(CCC(=O)NCCCCCCCCCCCCCCC)CCN(CCC(=O)NCCCCCCCCCCCCCCC)CCN(CCC(=O)NCCCCCCCCCCCCCCC)CCN(CCC(=O)NCCCCCCCCCCCCCCC)(CCC(=O)NCCCCCCCCCCCCCCC),0.6149808826850204
N(CCC(=O)NCCCCCCCCCCCCCCCC)(CCC(=O)NCCCCCCCCCCCCCCCC)CCN(CCC(=O)NCCCCCCCCCCCCCCCC)CCN(CCC(=O)NCCCCCCCCCCCCCCCC)CCN(CCC(=O)NCCCCCCCCCCCCCCCC)(CCC(=O)NCCCCCCCCCCCCCCCC),0.6135296823491367
N(CCC(=O)NCCCCCCCCCCCCCCCCCC)(CCC(=O)NCCCCCCCCCCCCCCCCCC)CCN(CCC(=O)NCCCCCCCCCCCCCCCCCC)CCN(CCC(=O)NCCCCCCCCCCCCCCCCCC)CCN(CCC(=O)NCCCCCCCCCCCCCCCCCC)(CCC(=O)NCCCCCCCCCCCCCCCCCC),0.6113405219524535
CCCCCCCCCCOC(=O)CCN(CCC(=O)OCCCCCCCCCC)CCN(CCC(=O)OCCCCCCCCCC)CCN(CCC(=O)OCCCCCCCCCC)CCN(CCC(=O)OCCCCCCCCCC)CCC(=O)OCCCCCCCCCC,0.6278899121802534
CCCCCCCCCCCCOC(=O)CCN(CCC(=O)OCCCCCCCCCCCC)CCN(CCC(=O)OCCCCCCCCCCCC)CCN(CCC(=O)OCCCCCCCCCCCC)CCN(CCC(=O)OCCCCCCCCCCCC)CCC(=O)OCCCCCCCCCCCC,0.6208128460099678
N(CCC(=O)OCCCCCCCCCCCCC)(CCC(=O)OCCCCCCCCCCCCC)CCN(CCC(=O)OCCCCCCCCCCCCC)CCN(CCC(=O)OCCCCCCCCCCCCC)CCN(CCC(=O)OCCCCCCCCCCCCC)(CCC(=O)OCCCCCCCCCCCCC),0.6182879730535407
N(CCC(=O)OCCCCCCCCCCCCCC)(CCC(=O)OCCCCCCCCCCCCCC)CCN(CCC(=O)OCCCCCCCCCCCCCC)CCN(CCC(=O)OCCCCCCCCCCCCCC)CCN(CCC(=O)OCCCCCCCCCCCCCC)(CCC(=O)OCCCCCCCCCCCCCC),0.6160690893482498
N(CCC(=O)OCCCCCCCCCCCCCCC)(CCC(=O)OCCCCCCCCCCCCCCC)CCN(CCC(=O)OCCCCCCCCCCCCCCC)CCN(CCC(=O)OCCCCCCCCCCCCCCC)CCN(CCC(=O)OCCCCCCCCCCCCCCC)(CCC(=O)OCCCCCCCCCCCCCCC),0.6140551118185301
N(CCC(=O)OCCCCCCCCCCCCCCCCCC)(CCC(=O)OCCCCCCCCCCCCCCCCCC)CCN(CCC(=O)OCCCCCCCCCCCCCCCCCC)CCN(CCC(=O)OCCCCCCCCCCCCCCCCCC)CCN(CCC(=O)OCCCCCCCCCCCCCCCCCC)(CCC(=O)OCCCCCCCCCCCCCCCCCC),0.6101297289783737
N(CCC(=O)NCCCCCCCCCCCC)(CCC(=O)NCCCCCCCCCCCC)CCN(CCC(=O)NCCCCCCCCCCCC)(CCC(=O)NCCCCCCCCCCCC),0.6187304274349774
N(CCC(=O)NCCCCCCCCCCCCCC)(CCC(=O)NCCCCCCCCCCCCCC)CCN(CCC(=O)NCCCCCCCCCCCCCC)(CCC(=O)NCCCCCCCCCCCCCC),0.6139138218625839
N(CCC(=O)NCCCCCCCCCCCCCCC)(CCC(=O)NCCCCCCCCCCCCCCC)CCN(CCC(=O)NCCCCCCCCCCCCCCC)(CCC(=O)NCCCCCCCCCCCCCCC),0.6122265624645525
N(CCC(=O)NCCCCCCCCCCCCCCCC)(CCC(=O)NCCCCCCCCCCCCCCCC)CCN(CCC(=O)NCCCCCCCCCCCCCCCC)(CCC(=O)NCCCCCCCCCCCCCCCC),0.6109339261517417
N(CCC(=O)NCCCCCCCCCCCCCCCCCC)(CCC(=O)NCCCCCCCCCCCCCCCCCC)CCN(CCC(=O)NCCCCCCCCCCCCCCCCCC)(CCC(=O)NCCCCCCCCCCCCCCCCCC),0.608867530763155
CCCCCCCCCCOC(=O)CCN(CCC(=O)OCCCCCCCCCC)CCN(CCC(=O)OCCCCCCCCCC)CCC(=O)OCCCCCCCCCC,0.6249776831599486
CCCCCCCCCCCCOC(=O)CCN(CCC(=O)OCCCCCCCCCCCC)CCN(CCC(=O)OCCCCCCCCCCCC)CCC(=O)OCCCCCCCCCCCC,0.618078003789329
N(CCC(=O)OCCCCCCCCCCCCC)(CCC(=O)OCCCCCCCCCCCCC)CCN(CCC(=O)OCCCCCCCCCCCCC)(CCC(=O)OCCCCCCCCCCCCC),0.6154498438246342
N(CCC(=O)OCCCCCCCCCCCCCC)(CCC(=O)OCCCCCCCCCCCCCC)CCN(CCC(=O)OCCCCCCCCCCCCCC)(CCC(=O)OCCCCCCCCCCCCCC),0.613299222467368
N(CCC(=O)OCCCCCCCCCCCCCCCCCC)(CCC(=O)OCCCCCCCCCCCCCCCCCC)CCN(CCC(=O)OCCCCCCCCCCCCCCCCCC)(CCC(=O)OCCCCCCCCCCCCCCCCCC),0.6074894176009417
N(C(CCCCCOC(=O)CCCCCCC/C=C\CCCCCCCC)C(=O)NCC(=O)OC(C)(C)C)(C(=O)CCCCCCC/C=C\CCCCCCCC)CCN1CCCC1,0.427455575627961
N(C(CCCCCOC(=O)CCCCCCC/C=C\CCCCCCCC)C(=O)NCC(=O)OC(C)(C)C)(C(=O)CCCCCCC/C=C\CCCCCCCC)CCCN(CCN1C)CC1,0.42337013962101405
N(C(CCCCCOC(=O)CCCCCCC/C=C\CCCCCCCC)C(=O)NCC(=O)OC(C)(C)C)(C(=O)CCCCCCC/C=C\CCCCCCCC)CCCN1CCCC1,0.45260453256313893
N(C(CCCCCOC(=O)CCCCCCC/C=C\CCCCCCCC)C(=O)NCC(=O)OC(C)(C)C)(C(=O)CCCCCCC/C=C\CCCCCCCC)CCCN1CCCCC1,0.44896828186723325
N(C(CCCCCOC(=O)CCCCCCC/C=C\CCCCCCCC)C(=O)NCC(=O)OC(C)(C)C)(C(=O)CCCCCCC/C=C\CCCCCCCC)CCCN1CCCCCC1,0.445271631502133
N(C(CCCCCOC(=O)CCCCCCC/C=C\CCCCCCCC)C(=O)NCC(=O)OC(C)(C)C)(C(=O)CCCCCCC/C=C\CCCCCCCC)CCCN1CCOCC1,0.007555523886077897
N(C(CCCCCOC(=O)CCCCCCC/C=C\CCCCCCCC)C(=O)NCC(=O)OC(C)(C)C)(C(=O)CCCCCCC/C=C\CCCCCCCC)CCN1CCCCCC1,0.4216108652327892
N(C(CCCCCOC(=O)CCCCCCC/C=C\CCCCCCCC)C(=O)NCC(=O)OC(C)(C)C)(C(=O)CCCCCCC/C=C\CCCCCCCC)CCN1CCCCC1CC,0.3690641954341631
N(C(CCCCCOC(=O)CCCCCCC/C=C\CCCCCCCC)C(=O)NCC(=O)OC(C)(C)C)(C(=O)CCCCCCC/C=C\CCCCCCCC)CCN1C=CN=C1,0.2131107306473318
N(C(CCCCCOC(=O)CCCCCCC/C=C\CCCCCCCC)C(=O)NCC(=O)OC(C)(C)C)(C(=O)CCCCCCC/C=C\CCCCCCCC)CCN1CCN(C)CCC1,0.39609385153631643
N(C(CCCCCOC(=O)CCCCCCC/C=C\CCCCCCCC)C(=O)NCC(=O)OC(C)(C)C)(C(=O)CCCCCCC/C=C\CCCCCCCC)CCCN1CCN(C)CCC1,0.41765498472929197
N(C(CCCCCOC(=O)CCCCCCC/C=C\CCCCCCCC)C(=O)NCC(=O)OC(C)(C)C)(C(=O)CCCCCCC/C=C\CCCCCCCC)CCN1CCCCC1,0.42489862651585214
N(C(CCCCCOC(=O)CCCCCCC/C=C\CCCCCCCC)C(=O)NCC(=O)OC(C)(C)C)(C(=O)CCCCCCC/C=C\CCCCCCCC)CCCN(CCO)CCO,0.3657750641388797
N(C(CCCCCOC(=O)CCCCCCC/C=C\CCCCCCCC)C(=O)NCC(=O)OC(C)(C)C)(C(=O)CCCCCCC/C=C\CCCCCCCC)CCCN(CC)CC,0.4233498574835774
N(C(CCCCCOC(=O)CCCCCCC/C=C\CCCCCCCC)C(=O)NCC(=O)OC(C)(C)C)(C(=O)CCCCCCC/C=C\CCCCCCCC)CCCN(CCCC)CCCC,0.4746909165282617
N(C(CCCCCOC(=O)CCCCCCC/C=C\CCCCCCCC)C(=O)NCC(=O)OC(C)(C)C)(C(=O)CCCCCCC/C=C\CCCCCCCC)CCCN(C)C,0.417877522366482
N(C(CCCCCOC(=O)CCCCCCC/C=C\CCCCCCCC)C(=O)NCC(=O)OC(C)(C)C)(C(=O)CCCCCCC/C=C\CCCCCCCC)CCCN1CCN(CC1)CCCN,0.4872984242035117
N(C(CCCCCOC(=O)CCCCCCC/C=C\CCCCCCCC)C(=O)NCC(=O)OC(C)(C)C)(C(=O)CCCCCCC/C=C\CCCCCCCC)CCN(C)CCN,0.4658600858015071
N(C(CCCCCOC(=O)CCCCCCC/C=C\CCCCCCCC)C(=O)NCC(=O)OC(C)(C)C)(C(=O)CCCCCCC/C=C\CCCCCCCC)CCCN1CCCCC1CC,0.3945541960635947
N(C(CCCCCOC(=O)CCCCCCC/C=C\CCCCCCCC)C(=O)NCC(=O)OC(C)(C)C)(C(=O)CCCCCCC/C=C\CCCCCCCC)CCN(CC1)CCS1(=O)=O,0.4088759762039173
N(C(CCCCCOC(=O)CCCCCCC/C=C\CCCCCCCC)C(=O)NCC(=O)OC(C)(C)C)(C(=O)CCCCCCC/C=C\CCCCCCCC)C1CCN(CC2=CC=CC=C2)CC1,0.25290461190959784
N(C(CCCCCOC(=O)CCCCCCC/C=C\CCCCCCCC)C(=O)NCC(=O)OC(C)(C)C)(C(=O)CCCCCCC/C=C\CCCCCCCC)CCCN1C=CN=C1,0.24088171227508703
N(C(CCCCCOC(=O)CCCCCCC/C=C\CCCCCCCC)C(=O)NCC(=O)OC(C)(C)C)(C(=O)CCCCCCC/C=C\CCCCCCCC)CC1=CC=CN=C1,0.21206350521921663
N(C(CCCCCOC(=O)CCCCCCC/C=C\CCCCCCCC)C(=O)NCC(=O)OC(C)(C)C)(C(=O)CCCCCCC/C=C\CCCCCCCC)CCN1CCOCC1,-0.03442308105530721
N(C(CCCCCOC(=O)CCCCCCC/C=C\CCCCCCCC)C(=O)NCC(=O)OC(C)(C)C)(C(=O)CCCCCCC/C=C\CCCCCCCC)CCN(C)C,0.38467098747146133
N(C(CCCCCOC(=O)CCCCCCC/C=C\CCCCCCCC)C(=O)NC(C)(C)C)(C(=O)CCCCCCC/C=C\CCCCCCCC)CCCN(CCCC)CCCC,0.5057804251482899
N(C(CCCCCOC(=O)CCCCCCC/C=C\CCCCCCCC)C(=O)NC(C)(C)C)(C(=O)CCCCCCC/C=C\CCCCCCCC)CCCN(C)C,0.45416852064420976
N(C(CCCCCOC(=O)CCCCCCC/C=C\CCCCCCCC)C(=O)NC(C)(C)C)(C(=O)CCCCCCC/C=C\CCCCCCCC)CCN(C)C,0.4182389673296697
N(C(CCCCCOC(=O)CCCCCCC/C=C\CCCCCCCC)C(=O)NC2CCCCC2)(C(=O)CCCCCCC/C=C\CCCCCCCC)CCCN(CCCC)CCCC,0.546874477790579
N(C(CCCCCOC(=O)CCCCCCC/C=C\CCCCCCCC)C(=O)NC2CCCCC2)(C(=O)CCCCCCC/C=C\CCCCCCCC)CCCN(C)C,0.5027371514808175
N(C(CCCCCOC(=O)CCCCCCC/C=C\CCCCCCCC)C(=O)NC2CCCCC2)(C(=O)CCCCCCC/C=C\CCCCCCCC)CCN(C)C,0.47480680169238193
N(C(CCCCCOC(=O)CCCCCCC/C=C\CCCCCCCC)C(=O)NCCCC)(C(=O)CCCCCCC/C=C\CCCCCCCC)CCCN(CCCC)CCCC,0.5750644448947783
N(C(CCCCCOC(=O)CCCCCCC/C=C\CCCCCCCC)C(=O)NCCCC)(C(=O)CCCCCCC/C=C\CCCCCCCC)CCCN(C)C,0.5292811382508432
N(C(CCCCCOC(=O)CCCCCCC/C=C\CCCCCCCC)C(=O)NCCCC)(C(=O)CCCCCCC/C=C\CCCCCCCC)CCN(C)C,0.5008436158949946
N(C(CCCCCOC(=O)CCCCCCC/C=C\CCCCCCCC)C(=O)NCC(=O)OC(C)(C)C)(C(=O)CCCCCCC/C=C\C/C=C\CCCCC)CCCN(CCCC)CCCC,0.47192295575133864
N(C(CCCCCOC(=O)CCCCCCC/C=C\CCCCCCCC)C(=O)NCC(=O)OC(C)(C)C)(C(=O)CCCCCCC/C=C\C/C=C\CCCCC)CCCN(C)C,0.4155478761514602
N(C(CCCCCOC(=O)CCCCCCC/C=C\CCCCCCCC)C(=O)NCC(=O)OC(C)(C)C)(C(=O)CCCCCCC/C=C\C/C=C\CCCCC)CCN(C)C,0.3821886444596149
N(C(CCCCCOC(=O)CCCCCCC/C=C\CCCCCCCC)C(=O)NC(C)(C)C)(C(=O)CCCCCCC/C=C\C/C=C\CCCCC)CCCN(CCCC)CCCC,0.5064687073746633
N(C(CCCCCOC(=O)CCCCCCC/C=C\CCCCCCCC)C(=O)NC(C)(C)C)(C(=O)CCCCCCC/C=C\C/C=C\CCCCC)CCCN(C)C,0.45093940184075426
N(C(CCCCCOC(=O)CCCCCCC/C=C\CCCCCCCC)C(=O)NC(C)(C)C)(C(=O)CCCCCCC/C=C\C/C=C\CCCCC)CCN(C)C,0.4154182908651361
N(C(CCCCCOC(=O)CCCCCCC/C=C\CCCCCCCC)C(=O)NC2CCCCC2)(C(=O)CCCCCCC/C=C\C/C=C\CCCCC)CCCN(CCCC)CCCC,0.5478210371033699
N(C(CCCCCOC(=O)CCCCCCC/C=C\CCCCCCCC)C(=O)NC2CCCCC2)(C(=O)CCCCCCC/C=C\C/C=C\CCCCC)CCCN(C)C,0.5042911027332303
N(C(CCCCCOC(=O)CCCCCCC/C=C\CCCCCCCC)C(=O)NC2CCCCC2)(C(=O)CCCCCCC/C=C\C/C=C\CCCCC)CCN(C)C,0.4768230129376783
N(C(CCCCCOC(=O)CCCCCCC/C=C\CCCCCCCC)C(=O)NCCCC)(C(=O)CCCCCCC/C=C\C/C=C\CCCCC)CCCN(CCCC)CCCC,0.5776315499670426
N(C(CCCCCOC(=O)CCCCCCC/C=C\CCCCCCCC)C(=O)NCCCC)(C(=O)CCCCCCC/C=C\C/C=C\CCCCC)CCCN(C)C,0.5309190772089406
N(C(CCCCCOC(=O)CCCCCCC/C=C\CCCCCCCC)C(=O)NCCCC)(C(=O)CCCCCCC/C=C\C/C=C\CCCCC)CCN(C)C,0.5030268792825553
N(C(CCCCCOC(=O)CCCCCCC/C=C\CCCCCCCC)C(=O)NCC(=O)OC(C)(C)C)(C(=O)CCCCCCCCCCCCCCC)CCCN(CCCC)CCCC,0.4693535871806232
N(C(CCCCCOC(=O)CCCCCCC/C=C\CCCCCCCC)C(=O)NCC(=O)OC(C)(C)C)(C(=O)CCCCCCCCCCCCCCC)CCCN(C)C,0.40990726779425185
N(C(CCCCCOC(=O)CCCCCCC/C=C\CCCCCCCC)C(=O)NCC(=O)OC(C)(C)C)(C(=O)CCCCCCCCCCCCCCC)CCN(C)C,0.37551102620019566
N(C(CCCCCOC(=O)CCCCCCC/C=C\CCCCCCCC)C(=O)NC(C)(C)C)(C(=O)CCCCCCCCCCCCCCC)CCCN(CCCC)CCCC,0.5017284650921194
N(C(CCCCCOC(=O)CCCCCCC/C=C\CCCCCCCC)C(=O)NC(C)(C)C)(C(=O)CCCCCCCCCCCCCCC)CCCN(C)C,0.4469228834050677
N(C(CCCCCOC(=O)CCCCCCC/C=C\CCCCCCCC)C(=O)NC(C)(C)C)(C(=O)CCCCCCCCCCCCCCC)CCN(C)C,0.4096179271698807
N(C(CCCCCOC(=O)CCCCCCC/C=C\CCCCCCCC)C(=O)NC2CCCCC2)(C(=O)CCCCCCCCCCCCCCC)CCCN(CCCC)CCCC,0.544333819910743
N(C(CCCCCOC(=O)CCCCCCC/C=C\CCCCCCCC)C(=O)NC2CCCCC2)(C(=O)CCCCCCCCCCCCCCC)CCCN(C)C,0.49870657552843484
N(C(CCCCCOC(=O)CCCCCCC/C=C\CCCCCCCC)C(=O)NC2CCCCC2)(C(=O)CCCCCCCCCCCCCCC)CCN(C)C,0.46945130479138614
N(C(CCCCCOC(=O)CCCCCCC/C=C\CCCCCCCC)C(=O)NCCCC)(C(=O)CCCCCCCCCCCCCCC)CCCN(CCCC)CCCC,0.5720582806887538
N(C(CCCCCOC(=O)CCCCCCC/C=C\CCCCCCCC)C(=O)NCCCC)(C(=O)CCCCCCCCCCCCCCC)CCCN(C)C,0.5254739338561325
N(C(CCCCCOC(=O)CCCCCCC/C=C\CCCCCCCC)C(=O)NCCCC)(C(=O)CCCCCCCCCCCCCCC)CCN(C)C,0.4964710729792532
N(C(CCCCCOC(=O)CCCCCCC/C=C\CCCCCCCC)C(=O)NCC(=O)OC(C)(C)C)(C(=O)CCCCC(=O)OC(CCCCCCCC)CCCCCCCC)CCCN(CCCC)CCCC,0.47898405830096924
N(C(CCCCCOC(=O)CCCCCCC/C=C\CCCCCCCC)C(=O)NCC(=O)OC(C)(C)C)(C(=O)CCCCC(=O)OC(CCCCCCCC)CCCCCCCC)CCCN(C)C,0.4278080857288418
N(C(CCCCCOC(=O)CCCCCCC/C=C\CCCCCCCC)C(=O)NCC(=O)OC(C)(C)C)(C(=O)CCCCC(=O)OC(CCCCCCCC)CCCCCCCC)CCN(C)C,0.39813284668049537
N(C(CCCCCOC(=O)CCCCCCC/C=C\CCCCCCCC)C(=O)NC(C)(C)C)(C(=O)CCCCC(=O)OC(CCCCCCCC)CCCCCCCC)CCCN(CCCC)CCCC,0.5070470312289134
N(C(CCCCCOC(=O)CCCCCCC/C=C\CCCCCCCC)C(=O)NC(C)(C)C)(C(=O)CCCCC(=O)OC(CCCCCCCC)CCCCCCCC)CCCN(C)C,0.46051155809311073
N(C(CCCCCOC(=O)CCCCCCC/C=C\CCCCCCCC)C(=O)NC(C)(C)C)(C(=O)CCCCC(=O)OC(CCCCCCCC)CCCCCCCC)CCN(C)C,0.4288944756367355
N(C(CCCCCOC(=O)CCCCCCC/C=C\CCCCCCCC)C(=O)NC2CCCCC2)(C(=O)CCCCC(=O)OC(CCCCCCCC)CCCCCCCC)CCCN(CCCC)CCCC,0.5451250317508917
N(C(CCCCCOC(=O)CCCCCCC/C=C\CCCCCCCC)C(=O)NC2CCCCC2)(C(=O)CCCCC(=O)OC(CCCCCCCC)CCCCCCCC)CCCN(C)C,0.5040658846373481
N(C(CCCCCOC(=O)CCCCCCC/C=C\CCCCCCCC)C(=O)NC2CCCCC2)(C(=O)CCCCC(=O)OC(CCCCCCCC)CCCCCCCC)CCN(C)C,0.47899436317549654
N(C(CCCCCOC(=O)CCCCCCC/C=C\CCCCCCCC)C(=O)NCCCC)(C(=O)CCCCC(=O)OC(CCCCCCCC)CCCCCCCC)CCCN(CCCC)CCCC,0.5713165084200366
N(C(CCCCCOC(=O)CCCCCCC/C=C\CCCCCCCC)C(=O)NCCCC)(C(=O)CCCCC(=O)OC(CCCCCCCC)CCCCCCCC)CCCN(C)C,0.5289501909509963
N(C(CCCCCOC(=O)CCCCCCC/C=C\CCCCCCCC)C(=O)NCCCC)(C(=O)CCCCC(=O)OC(CCCCCCCC)CCCCCCCC)CCN(C)C,0.5023434814475763
N(C(CCCCCOC(=O)CCCCCCC/C=C\C/C=C\CCCCC)C(=O)NCC(=O)OC(C)(C)C)(C(=O)CCCCCCC/C=C\CCCCCCCC)CCCN(CCCC)CCCC,0.47192295575133864
N(C(CCCCCOC(=O)CCCCCCC/C=C\C/C=C\CCCCC)C(=O)NCC(=O)OC(C)(C)C)(C(=O)CCCCCCC/C=C\CCCCCCCC)CCCN(C)C,0.41554778680283716
N(C(CCCCCOC(=O)CCCCCCC/C=C\C/C=C\CCCCC)C(=O)NCC(=O)OC(C)(C)C)(C(=O)CCCCCCC/C=C\CCCCCCCC)CCN(C)C,0.3821886444596149
N(C(CCCCCOC(=O)CCCCCCC/C=C\C/C=C\CCCCC)C(=O)NC(C)(C)C)(C(=O)CCCCCCC/C=C\CCCCCCCC)CCCN(CCCC)CCCC,0.5064686478089147
N(C(CCCCCOC(=O)CCCCCCC/C=C\C/C=C\CCCCC)C(=O)NC(C)(C)C)(C(=O)CCCCCCC/C=C\CCCCCCCC)CCCN(C)C,0.45093940184075426
N(C(CCCCCOC(=O)CCCCCCC/C=C\C/C=C\CCCCC)C(=O)NC(C)(C)C)(C(=O)CCCCCCC/C=C\CCCCCCCC)CCN(C)C,0.41541811216788993
N(C(CCCCCOC(=O)CCCCCCC/C=C\C/C=C\CCCCC)C(=O)NC2CCCCC2)(C(=O)CCCCCCC/C=C\CCCCCCCC)CCCN(CCCC)CCCC,0.5478209775376213
N(C(CCCCCOC(=O)CCCCCCC/C=C\C/C=C\CCCCC)C(=O)NC2CCCCC2)(C(=O)CCCCCCC/C=C\CCCCCCCC)CCCN(C)C,0.5042912218647277
N(C(CCCCCOC(=O)CCCCCCC/C=C\C/C=C\CCCCC)C(=O)NC2CCCCC2)(C(=O)CCCCCCC/C=C\CCCCCCCC)CCN(C)C,0.4768230129376783
N(C(CCCCCOC(=O)CCCCCCC/C=C\C/C=C\CCCCC)C(=O)NCCCC)(C(=O)CCCCCCC/C=C\CCCCCCCC)CCCN(CCCC)CCCC,0.5776315499670426
N(C(CCCCCOC(=O)CCCCCCC/C=C\C/C=C\CCCCC)C(=O)NCCCC)(C(=O)CCCCCCC/C=C\CCCCCCCC)CCCN(C)C,0.5309190772089406
N(C(CCCCCOC(=O)CCCCCCC/C=C\C/C=C\CCCCC)C(=O)NCCCC)(C(=O)CCCCCCC/C=C\CCCCCCCC)CCN(C)C,0.5030268197168066
N(C(CCCCCOC(=O)CCCCCCC/C=C\C/C=C\CCCCC)C(=O)NCC(=O)OC(C)(C)C)(C(=O)CCCCCCC/C=C\C/C=C\CCCCC)CCCN(CCCC)CCCC,0.4689340060466921
N(C(CCCCCOC(=O)CCCCCCC/C=C\C/C=C\CCCCC)C(=O)NCC(=O)OC(C)(C)C)(C(=O)CCCCCCC/C=C\C/C=C\CCCCC)CCCN(C)C,0.41243255771092
N(C(CCCCCOC(=O)CCCCCCC/C=C\C/C=C\CCCCC)C(=O)NCC(=O)OC(C)(C)C)(C(=O)CCCCCCC/C=C\C/C=C\CCCCC)CCN(C)C,0.3794974937156568
N(C(CCCCCOC(=O)CCCCCCC/C=C\C/C=C\CCCCC)C(=O)NC(C)(C)C)(C(=O)CCCCCCC/C=C\C/C=C\CCCCC)CCCN(CCCC)CCCC,0.5039654567850188
N(C(CCCCCOC(=O)CCCCCCC/C=C\C/C=C\CCCCC)C(=O)NC(C)(C)C)(C(=O)CCCCCCC/C=C\C/C=C\CCCCC)CCCN(C)C,0.4476217087689632
N(C(CCCCCOC(=O)CCCCCCC/C=C\C/C=C\CCCCC)C(=O)NC(C)(C)C)(C(=O)CCCCCCC/C=C\C/C=C\CCCCC)CCN(C)C,0.4120376367969559
N(C(CCCCCOC(=O)CCCCCCC/C=C\C/C=C\CCCCC)C(=O)NC2CCCCC2)(C(=O)CCCCCCC/C=C\C/C=C\CCCCC)CCCN(CCCC)CCCC,0.5505478975136814
N(C(CCCCCOC(=O)CCCCCCC/C=C\C/C=C\CCCCC)C(=O)NC2CCCCC2)(C(=O)CCCCCCC/C=C\C/C=C\CCCCC)CCCN(C)C,0.5054468569554997
N(C(CCCCCOC(=O)CCCCCCC/C=C\C/C=C\CCCCC)C(=O)NC2CCCCC2)(C(=O)CCCCCCC/C=C\C/C=C\CCCCC)CCN(C)C,0.47378441518147985
N(C(CCCCCOC(=O)CCCCCCC/C=C\C/C=C\CCCCC)C(=O)NCCCC)(C(=O)CCCCCCC/C=C\C/C=C\CCCCC)CCCN(CCCC)CCCC,0.5805215013973289
N(C(CCCCCOC(=O)CCCCCCC/C=C\C/C=C\CCCCC)C(=O)NCCCC)(C(=O)CCCCCCC/C=C\C/C=C\CCCCC)CCCN(C)C,0.53355766117966
N(C(CCCCCOC(=O)CCCCCCC/C=C\C/C=C\CCCCC)C(=O)NCCCC)(C(=O)CCCCCCC/C=C\C/C=C\CCCCC)CCN(C)C,0.5009797534136772
N(C(CCCCCOC(=O)CCCCCCC/C=C\C/C=C\CCCCC)C(=O)NCC(=O)OC(C)(C)C)(C(=O)CCCCCCCCCCCCCCC)CCCN(CCCC)CCCC,0.46629283096590374
N(C(CCCCCOC(=O)CCCCCCC/C=C\C/C=C\CCCCC)C(=O)NCC(=O)OC(C)(C)C)(C(=O)CCCCCCCCCCCCCCC)CCCN(C)C,0.4074842224852488
N(C(CCCCCOC(=O)CCCCCCC/C=C\C/C=C\CCCCC)C(=O)NCC(=O)OC(C)(C)C)(C(=O)CCCCCCCCCCCCCCC)CCN(C)C,0.3728434337098533
N(C(CCCCCOC(=O)CCCCCCC/C=C\C/C=C\CCCCC)C(=O)NC(C)(C)C)(C(=O)CCCCCCCCCCCCCCC)CCCN(CCCC)CCCC,0.5021433405319022
N(C(CCCCCOC(=O)CCCCCCC/C=C\C/C=C\CCCCC)C(=O)NC(C)(C)C)(C(=O)CCCCCCCCCCCCCCC)CCCN(C)C,0.44355030049583805
N(C(CCCCCOC(=O)CCCCCCC/C=C\C/C=C\CCCCC)C(=O)NC(C)(C)C)(C(=O)CCCCCCCCCCCCCCC)CCN(C)C,0.40652098476281834
N(C(CCCCCOC(=O)CCCCCCC/C=C\C/C=C\CCCCC)C(=O)NC2CCCCC2)(C(=O)CCCCCCCCCCCCCCC)CCCN(CCCC)CCCC,0.5449866605166325
N(C(CCCCCOC(=O)CCCCCCC/C=C\C/C=C\CCCCC)C(=O)NC2CCCCC2)(C(=O)CCCCCCCCCCCCCCC)CCCN(C)C,0.5003544024008185
N(C(CCCCCOC(=O)CCCCCCC/C=C\C/C=C\CCCCC)C(=O)NC2CCCCC2)(C(=O)CCCCCCCCCCCCCCC)CCN(C)C,0.47146718842506463
N(C(CCCCCOC(=O)CCCCCCC/C=C\C/C=C\CCCCC)C(=O)NCCCC)(C(=O)CCCCCCCCCCCCCCC)CCCN(CCCC)CCCC,0.575065100118014
N(C(CCCCCOC(=O)CCCCCCC/C=C\C/C=C\CCCCC)C(=O)NCCCC)(C(=O)CCCCCCCCCCCCCCC)CCCN(C)C,0.527446096230256
N(C(CCCCCOC(=O)CCCCCCC/C=C\C/C=C\CCCCC)C(=O)NCCCC)(C(=O)CCCCCCCCCCCCCCC)CCN(C)C,0.4985829765998563
N(C(CCCCCOC(=O)CCCCCCC/C=C\C/C=C\CCCCC)C(=O)NCC(=O)OC(C)(C)C)(C(=O)CCCCC(=O)OC(CCCCCCCC)CCCCCCCC)CCN1CCCC1,0.43400152379985124
N(C(CCCCCOC(=O)CCCCCCC/C=C\C/C=C\CCCCC)C(=O)NCC(=O)OC(C)(C)C)(C(=O)CCCCC(=O)OC(CCCCCCCC)CCCCCCCC)CCCN(CCN1C)CC1,0.4301951533256225
N(C(CCCCCOC(=O)CCCCCCC/C=C\C/C=C\CCCCC)C(=O)NCC(=O)OC(C)(C)C)(C(=O)CCCCC(=O)OC(CCCCCCCC)CCCCCCCC)CCCN1CCCC1,0.45677735152344723
N(C(CCCCCOC(=O)CCCCCCC/C=C\C/C=C\CCCCC)C(=O)NCC(=O)OC(C)(C)C)(C(=O)CCCCC(=O)OC(CCCCCCCC)CCCCCCCC)CCCN1CCCCC1,0.4535552614783398
N(C(CCCCCOC(=O)CCCCCCC/C=C\C/C=C\CCCCC)C(=O)NCC(=O)OC(C)(C)C)(C(=O)CCCCC(=O)OC(CCCCCCCC)CCCCCCCC)CCCN1CCCCCC1,0.4500233401913041
N(C(CCCCCOC(=O)CCCCCCC/C=C\C/C=C\CCCCC)C(=O)NCC(=O)OC(C)(C)C)(C(=O)CCCCC(=O)OC(CCCCCCCC)CCCCCCCC)CCCN1CCOCC1,0.04854292312458234
N(C(CCCCCOC(=O)CCCCCCC/C=C\C/C=C\CCCCC)C(=O)NCC(=O)OC(C)(C)C)(C(=O)CCCCC(=O)OC(CCCCCCCC)CCCCCCCC)CCN1CCCCCC1,0.4284326028212184
N(C(CCCCCOC(=O)CCCCCCC/C=C\C/C=C\CCCCC)C(=O)NCC(=O)OC(C)(C)C)(C(=O)CCCCC(=O)OC(CCCCCCCC)CCCCCCCC)CCN1CCCCC1CC,0.3804760696183807
N(C(CCCCCOC(=O)CCCCCCC/C=C\C/C=C\CCCCC)C(=O)NCC(=O)OC(C)(C)C)(C(=O)CCCCC(=O)OC(CCCCCCCC)CCCCCCCC)CCN1C=CN=C1,0.2383127606646126
N(C(CCCCCOC(=O)CCCCCCC/C=C\C/C=C\CCCCC)C(=O)NCC(=O)OC(C)(C)C)(C(=O)CCCCC(=O)OC(CCCCCCCC)CCCCCCCC)CCN1CCN(C)CCC1,0.40529196466963247
N(C(CCCCCOC(=O)CCCCCCC/C=C\C/C=C\CCCCC)C(=O)NCC(=O)OC(C)(C)C)(C(=O)CCCCC(=O)OC(CCCCCCCC)CCCCCCCC)CCCN1CCN(C)CCC1,0.42485764528073794
N(C(CCCCCOC(=O)CCCCCCC/C=C\C/C=C\CCCCC)C(=O)NCC(=O)OC(C)(C)C)(C(=O)CCCCC(=O)OC(CCCCCCCC)CCCCCCCC)CCN1CCCCC1,0.43156957341141566
N(C(CCCCCOC(=O)CCCCCCC/C=C\C/C=C\CCCCC)C(=O)NCC(=O)OC(C)(C)C)(C(=O)CCCCC(=O)OC(CCCCCCCC)CCCCCCCC)CCCN(CCO)CCO,0.37749218300237475
N(C(CCCCCOC(=O)CCCCCCC/C=C\C/C=C\CCCCC)C(=O)NCC(=O)OC(C)(C)C)(C(=O)CCCCC(=O)OC(CCCCCCCC)CCCCCCCC)CCCN(CC)CC,0.4304487247178918
N(C(CCCCCOC(=O)CCCCCCC/C=C\C/C=C\CCCCC)C(=O)NCC(=O)OC(C)(C)C)(C(=O)CCCCC(=O)OC(CCCCCCCC)CCCCCCCC)CCCN(CCCC)CCCC,0.4764597214362805
N(C(CCCCCOC(=O)CCCCCCC/C=C\C/C=C\CCCCC)C(=O)NCC(=O)OC(C)(C)C)(C(=O)CCCCC(=O)OC(CCCCCCCC)CCCCCCCC)CCCN(C)C,0.42573251721495337
N(C(CCCCCOC(=O)CCCCCCC/C=C\C/C=C\CCCCC)C(=O)NCC(=O)OC(C)(C)C)(C(=O)CCCCC(=O)OC(CCCCCCCC)CCCCCCCC)CCCN1CCN(CC1)CCCN,0.4894411233161992
N(C(CCCCCOC(=O)CCCCCCC/C=C\C/C=C\CCCCC)C(=O)NCC(=O)OC(C)(C)C)(C(=O)CCCCC(=O)OC(CCCCCCCC)CCCCCCCC)CCN(C)CCN,0.46856979127618925
N(C(CCCCCOC(=O)CCCCCCC/C=C\C/C=C\CCCCC)C(=O)NCC(=O)OC(C)(C)C)(C(=O)CCCCC(=O)OC(CCCCCCCC)CCCCCCCC)CCCN1CCCCC1CC,0.4035141951164324
N(C(CCCCCOC(=O)CCCCCCC/C=C\C/C=C\CCCCC)C(=O)NCC(=O)OC(C)(C)C)(C(=O)CCCCC(=O)OC(CCCCCCCC)CCCCCCCC)CCN(CC1)CCS1(=O)=O,0.41696348595248806
N(C(CCCCCOC(=O)CCCCCCC/C=C\C/C=C\CCCCC)C(=O)NCC(=O)OC(C)(C)C)(C(=O)CCCCC(=O)OC(CCCCCCCC)CCCCCCCC)C1CCN(CC2=CC=CC=C2)CC1,0.2729936967546404
N(C(CCCCCOC(=O)CCCCCCC/C=C\C/C=C\CCCCC)C(=O)NCC(=O)OC(C)(C)C)(C(=O)CCCCC(=O)OC(CCCCCCCC)CCCCCCCC)CCCN1C=CN=C1,0.2636963470839692
N(C(CCCCCOC(=O)CCCCCCC/C=C\C/C=C\CCCCC)C(=O)NCC(=O)OC(C)(C)C)(C(=O)CCCCC(=O)OC(CCCCCCCC)CCCCCCCC)CC1=CC=CN=C1,0.236864151438798
N(C(CCCCCOC(=O)CCCCCCC/C=C\C/C=C\CCCCC)C(=O)NCC(=O)OC(C)(C)C)(C(=O)CCCCC(=O)OC(CCCCCCCC)CCCCCCCC)CCN1CCOCC1,0.006041987994166612
N(C(CCCCCOC(=O)CCCCCCC/C=C\C/C=C\CCCCC)C(=O)NCC(=O)OC(C)(C)C)(C(=O)CCCCC(=O)OC(CCCCCCCC)CCCCCCCC)CCN(C)C,0.3960013161456915
N(C(CCCCCOC(=O)CCCCCCC/C=C\C/C=C\CCCCC)C(=O)NC(C)(C)C)(C(=O)CCCCC(=O)OC(CCCCCCCC)CCCCCCCC)CCCN(CCCC)CCCC,0.5076501344346278
N(C(CCCCCOC(=O)CCCCCCC/C=C\C/C=C\CCCCC)C(=O)NC(C)(C)C)(C(=O)CCCCC(=O)OC(CCCCCCCC)CCCCCCCC)CCCN(C)C,0.45838628196192166
N(C(CCCCCOC(=O)CCCCCCC/C=C\C/C=C\CCCCC)C(=O)NC(C)(C)C)(C(=O)CCCCC(=O)OC(CCCCCCCC)CCCCCCCC)CCN(C)C,0.42665262933531595
N(C(CCCCCOC(=O)CCCCCCC/C=C\C/C=C\CCCCC)C(=O)NC2CCCCC2)(C(=O)CCCCC(=O)OC(CCCCCCCC)CCCCCCCC)CCCN(CCCC)CCCC,0.5460101787767601
N(C(CCCCCOC(=O)CCCCCCC/C=C\C/C=C\CCCCC)C(=O)NC2CCCCC2)(C(=O)CCCCC(=O)OC(CCCCCCCC)CCCCCCCC)CCCN(C)C,0.5056528353145476
N(C(CCCCCOC(=O)CCCCCCC/C=C\C/C=C\CCCCC)C(=O)NC2CCCCC2)(C(=O)CCCCC(=O)OC(CCCCCCCC)CCCCCCCC)CCN(C)C,0.4810724930165796
N(C(CCCCCOC(=O)CCCCCCC/C=C\C/C=C\CCCCC)C(=O)NCCCC)(C(=O)CCCCC(=O)OC(CCCCCCCC)CCCCCCCC)CCN1CCCC1,0.5349478066231133
N(C(CCCCCOC(=O)CCCCCCC/C=C\C/C=C\CCCCC)C(=O)NCCCC)(C(=O)CCCCC(=O)OC(CCCCCCCC)CCCCCCCC)CCCN(CCN1C)CC1,0.5271829943181927
N(C(CCCCCOC(=O)CCCCCCC/C=C\C/C=C\CCCCC)C(=O)NCCCC)(C(=O)CCCCC(=O)OC(CCCCCCCC)CCCCCCCC)CCCN1CCCC1,0.5573251692706968
N(C(CCCCCOC(=O)CCCCCCC/C=C\C/C=C\CCCCC)C(=O)NCCCC)(C(=O)CCCCC(=O)OC(CCCCCCCC)CCCCCCCC)CCCN1CCCCC1,0.5519549596297689
N(C(CCCCCOC(=O)CCCCCCC/C=C\C/C=C\CCCCC)C(=O)NCCCC)(C(=O)CCCCC(=O)OC(CCCCCCCC)CCCCCCCC)CCCN1CCCCCC1,0.5463286172693773
N(C(CCCCCOC(=O)CCCCCCC/C=C\C/C=C\CCCCC)C(=O)NCCCC)(C(=O)CCCCC(=O)OC(CCCCCCCC)CCCCCCCC)CCCN1CCOCC1,0.11687460940351387
N(C(CCCCCOC(=O)CCCCCCC/C=C\C/C=C\CCCCC)C(=O)NCCCC)(C(=O)CCCCC(=O)OC(CCCCCCCC)CCCCCCCC)CCN1CCCCCC1,0.5254526093180933
N(C(CCCCCOC(=O)CCCCCCC/C=C\C/C=C\CCCCC)C(=O)NCCCC)(C(=O)CCCCC(=O)OC(CCCCCCCC)CCCCCCCC)CCN1CCCCC1CC,0.4808487938472897
N(C(CCCCCOC(=O)CCCCCCC/C=C\C/C=C\CCCCC)C(=O)NCCCC)(C(=O)CCCCC(=O)OC(CCCCCCCC)CCCCCCCC)CCN1C=CN=C1,0.33325031880362277
N(C(CCCCCOC(=O)CCCCCCC/C=C\C/C=C\CCCCC)C(=O)NCCCC)(C(=O)CCCCC(=O)OC(CCCCCCCC)CCCCCCCC)CCN1CCN(C)CCC1,0.5039533053722814
N(C(CCCCCOC(=O)CCCCCCC/C=C\C/C=C\CCCCC)C(=O)NCCCC)(C(=O)CCCCC(=O)OC(CCCCCCCC)CCCCCCCC)CCCN1CCN(C)CCC1,0.5205090691351936
N(C(CCCCCOC(=O)CCCCCCC/C=C\C/C=C\CCCCC)C(=O)NCCCC)(C(=O)CCCCC(=O)OC(CCCCCCCC)CCCCCCCC)CCN1CCCCC1,0.5301523468915128
N(C(CCCCCOC(=O)CCCCCCC/C=C\C/C=C\CCCCC)C(=O)NCCCC)(C(=O)CCCCC(=O)OC(CCCCCCCC)CCCCCCCC)CCCN(CCO)CCO,0.4794411658565893
N(C(CCCCCOC(=O)CCCCCCC/C=C\C/C=C\CCCCC)C(=O)NCCCC)(C(=O)CCCCC(=O)OC(CCCCCCCC)CCCCCCCC)CCCN(CC)CC,0.5311360156657516
N(C(CCCCCOC(=O)CCCCCCC/C=C\C/C=C\CCCCC)C(=O)NCCCC)(C(=O)CCCCC(=O)OC(CCCCCCCC)CCCCCCCC)CCCN(CCCC)CCCC,0.5726741309646928
N(C(CCCCCOC(=O)CCCCCCC/C=C\C/C=C\CCCCC)C(=O)NCCCC)(C(=O)CCCCC(=O)OC(CCCCCCCC)CCCCCCCC)CCCN(C)C,0.5300886115403903
N(C(CCCCCOC(=O)CCCCCCC/C=C\C/C=C\CCCCC)C(=O)NCCCC)(C(=O)CCCCC(=O)OC(CCCCCCCC)CCCCCCCC)CCCN1CCN(CC1)CCCN,0.5829529752597747
N(C(CCCCCOC(=O)CCCCCCC/C=C\C/C=C\CCCCC)C(=O)NCCCC)(C(=O)CCCCC(=O)OC(CCCCCCCC)CCCCCCCC)CCN(C)CCN,0.5713737511045492
N(C(CCCCCOC(=O)CCCCCCC/C=C\C/C=C\CCCCC)C(=O)NCCCC)(C(=O)CCCCC(=O)OC(CCCCCCCC)CCCCCCCC)CCCN1CCCCC1CC,0.5005972221754452
N(C(CCCCCOC(=O)CCCCCCC/C=C\C/C=C\CCCCC)C(=O)NCCCC)(C(=O)CCCCC(=O)OC(CCCCCCCC)CCCCCCCC)CCN(CC1)CCS1(=O)=O,0.5148132135460544
N(C(CCCCCOC(=O)CCCCCCC/C=C\C/C=C\CCCCC)C(=O)NCCCC)(C(=O)CCCCC(=O)OC(CCCCCCCC)CCCCCCCC)C1CCN(CC2=CC=CC=C2)CC1,0.3641555607800088
N(C(CCCCCOC(=O)CCCCCCC/C=C\C/C=C\CCCCC)C(=O)NCCCC)(C(=O)CCCCC(=O)OC(CCCCCCCC)CCCCCCCC)CCCN1C=CN=C1,0.36084129273876875
N(C(CCCCCOC(=O)CCCCCCC/C=C\C/C=C\CCCCC)C(=O)NCCCC)(C(=O)CCCCC(=O)OC(CCCCCCCC)CCCCCCCC)CC1=CC=CN=C1,0.3307701499416044
N(C(CCCCCOC(=O)CCCCCCC/C=C\C/C=C\CCCCC)C(=O)NCCCC)(C(=O)CCCCC(=O)OC(CCCCCCCC)CCCCCCCC)CCN1CCOCC1,0.07267771734503987
N(C(CCCCCOC(=O)CCCCCCC/C=C\C/C=C\CCCCC)C(=O)NCCCC)(C(=O)CCCCC(=O)OC(CCCCCCCC)CCCCCCCC)CCN(C)C,0.5042535763115414
N(C(CCCCCOC(=O)CCCCCCCCCCCCCCCCC)C(=O)NCC(=O)OC(C)(C)C)(C(=O)CCCCCCC/C=C\CCCCCCCC)CCCN(CCCC)CCCC,0.473606283809955
N(C(CCCCCOC(=O)CCCCCCCCCCCCCCCCC)C(=O)NCC(=O)OC(C)(C)C)(C(=O)CCCCCCC/C=C\CCCCCCCC)CCCN(C)C,0.4166234846588369
N(C(CCCCCOC(=O)CCCCCCCCCCCCCCCCC)C(=O)NCC(=O)OC(C)(C)C)(C(=O)CCCCCCC/C=C\CCCCCCCC)CCN(C)C,0.3835324775334442
N(C(CCCCCOC(=O)CCCCCCCCCCCCCCCCC)C(=O)NC(C)(C)C)(C(=O)CCCCCCC/C=C\CCCCCCCC)CCCN(CCCC)CCCC,0.50437300563771
N(C(CCCCCOC(=O)CCCCCCCCCCCCCCCCC)C(=O)NC(C)(C)C)(C(=O)CCCCCCC/C=C\CCCCCCCC)CCCN(C)C,0.4528212923227039
N(C(CCCCCOC(=O)CCCCCCCCCCCCCCCCC)C(=O)NC(C)(C)C)(C(=O)CCCCCCC/C=C\CCCCCCCC)CCN(C)C,0.41700607546281754
N(C(CCCCCOC(=O)CCCCCCCCCCCCCCCCC)C(=O)NC2CCCCC2)(C(=O)CCCCCCC/C=C\CCCCCCCC)CCCN(CCCC)CCCC,0.5455666522118465
N(C(CCCCCOC(=O)CCCCCCCCCCCCCCCCC)C(=O)NC2CCCCC2)(C(=O)CCCCCCC/C=C\CCCCCCCC)CCCN(C)C,0.5015579879193041
N(C(CCCCCOC(=O)CCCCCCCCCCCCCCCCC)C(=O)NC2CCCCC2)(C(=O)CCCCCCC/C=C\CCCCCCCC)CCN(C)C,0.4735830233850828
N(C(CCCCCOC(=O)CCCCCCCCCCCCCCCCC)C(=O)NCCCC)(C(=O)CCCCCCC/C=C\CCCCCCCC)CCCN(CCCC)CCCC,0.5718937600908097
N(C(CCCCCOC(=O)CCCCCCCCCCCCCCCCC)C(=O)NCCCC)(C(=O)CCCCCCC/C=C\CCCCCCCC)CCCN(C)C,0.5270564766679272
N(C(CCCCCOC(=O)CCCCCCCCCCCCCCCCC)C(=O)NCCCC)(C(=O)CCCCCCC/C=C\CCCCCCCC)CCN(C)C,0.49943292026823555
N(C(CCCCCOC(=O)CCCCCCCCCCCCCCCCC)C(=O)NCC(=O)OC(C)(C)C)(C(=O)CCCCCCC/C=C\C/C=C\CCCCC)CCCN(CCCC)CCCC,0.4705842155490243
N(C(CCCCCOC(=O)CCCCCCCCCCCCCCCCC)C(=O)NCC(=O)OC(C)(C)C)(C(=O)CCCCCCC/C=C\C/C=C\CCCCC)CCCN(C)C,0.4141020665158351
N(C(CCCCCOC(=O)CCCCCCCCCCCCCCCCC)C(=O)NCC(=O)OC(C)(C)C)(C(=O)CCCCCCC/C=C\C/C=C\CCCCC)CCN(C)C,0.38093758503940545
N(C(CCCCCOC(=O)CCCCCCCCCCCCCCCCC)C(=O)NC(C)(C)C)(C(=O)CCCCCCC/C=C\C/C=C\CCCCC)CCCN(CCCC)CCCC,0.5052840637642684
N(C(CCCCCOC(=O)CCCCCCCCCCCCCCCCC)C(=O)NC(C)(C)C)(C(=O)CCCCCCC/C=C\C/C=C\CCCCC)CCCN(C)C,0.4493418186774096
N(C(CCCCCOC(=O)CCCCCCCCCCCCCCCCC)C(=O)NC(C)(C)C)(C(=O)CCCCCCC/C=C\C/C=C\CCCCC)CCN(C)C,0.4137011592441253
N(C(CCCCCOC(=O)CCCCCCCCCCCCCCCCC)C(=O)NC2CCCCC2)(C(=O)CCCCCCC/C=C\C/C=C\CCCCC)CCCN(CCCC)CCCC,0.5461654666836536
N(C(CCCCCOC(=O)CCCCCCCCCCCCCCCCC)C(=O)NC2CCCCC2)(C(=O)CCCCCCC/C=C\C/C=C\CCCCC)CCCN(C)C,0.503233334167593
N(C(CCCCCOC(=O)CCCCCCCCCCCCCCCCC)C(=O)NC2CCCCC2)(C(=O)CCCCCCC/C=C\C/C=C\CCCCC)CCN(C)C,0.4754490395950005
N(C(CCCCCOC(=O)CCCCCCCCCCCCCCCCC)C(=O)NCCCC)(C(=O)CCCCCCC/C=C\C/C=C\CCCCC)CCCN(CCCC)CCCC,0.574729447124019
N(C(CCCCCOC(=O)CCCCCCCCCCCCCCCCC)C(=O)NCCCC)(C(=O)CCCCCCC/C=C\C/C=C\CCCCC)CCCN(C)C,0.5295275021875182
N(C(CCCCCOC(=O)CCCCCCCCCCCCCCCCC)C(=O)NCCCC)(C(=O)CCCCCCC/C=C\C/C=C\CCCCC)CCN(C)C,0.5018159076112294
N(C(CCCCCOC(=O)CCCCCCCCCCCCCCCCC)C(=O)NCC(=O)OC(C)(C)C)(C(=O)CCCCCCCCCCCCCCC)CCCN(CCCC)CCCC,0.46827300493322904
N(C(CCCCCOC(=O)CCCCCCCCCCCCCCCCC)C(=O)NCC(=O)OC(C)(C)C)(C(=O)CCCCCCCCCCCCCCC)CCCN(C)C,0.40890566972965053
N(C(CCCCCOC(=O)CCCCCCCCCCCCCCCCC)C(=O)NCC(=O)OC(C)(C)C)(C(=O)CCCCCCCCCCCCCCC)CCN(C)C,0.3744481349801691
N(C(CCCCCOC(=O)CCCCCCCCCCCCCCCCC)C(=O)NC(C)(C)C)(C(=O)CCCCCCCCCCCCCCC)CCCN(CCCC)CCCC,0.49977643594106075
N(C(CCCCCOC(=O)CCCCCCCCCCCCCCCCC)C(=O)NC(C)(C)C)(C(=O)CCCCCCCCCCCCCCC)CCCN(C)C,0.44574243917995693
N(C(CCCCCOC(=O)CCCCCCCCCCCCCCCCC)C(=O)NC(C)(C)C)(C(=O)CCCCCCCCCCCCCCC)CCN(C)C,0.40843361117110366
N(C(CCCCCOC(=O)CCCCCCCCCCCCCCCCC)C(=O)NC2CCCCC2)(C(=O)CCCCCCCCCCCCCCC)CCCN(CCCC)CCCC,0.5429043015073908
N(C(CCCCCOC(=O)CCCCCCCCCCCCCCCCC)C(=O)NC2CCCCC2)(C(=O)CCCCCCCCCCCCCCC)CCCN(C)C,0.49710339318471114
N(C(CCCCCOC(=O)CCCCCCCCCCCCCCCCC)C(=O)NC2CCCCC2)(C(=O)CCCCCCCCCCCCCCC)CCN(C)C,0.4681492868731531
N(C(CCCCCOC(=O)CCCCCCCCCCCCCCCCC)C(=O)NCCCC)(C(=O)CCCCCCCCCCCCCCC)CCCN(CCCC)CCCC,0.5692992547741377
N(C(CCCCCOC(=O)CCCCCCCCCCCCCCCCC)C(=O)NCCCC)(C(=O)CCCCCCCCCCCCCCC)CCCN(C)C,0.5231599236501477
N(C(CCCCCOC(=O)CCCCCCCCCCCCCCCCC)C(=O)NCCCC)(C(=O)CCCCCCCCCCCCCCC)CCN(C)C,0.49426118370201794
N(C(CCCCCOC(=O)CCCCCCCCCCCCCCCCC)C(=O)NCC(=O)OC(C)(C)C)(C(=O)CCCCC(=O)OC(CCCCCCCC)CCCCCCCC)CCCN(CCCC)CCCC,0.4779348374202722
N(C(CCCCCOC(=O)CCCCCCCCCCCCCCCCC)C(=O)NCC(=O)OC(C)(C)C)(C(=O)CCCCC(=O)OC(CCCCCCCC)CCCCCCCC)CCCN(C)C,0.42666394682757136
N(C(CCCCCOC(=O)CCCCCCCCCCCCCCCCC)C(=O)NCC(=O)OC(C)(C)C)(C(=O)CCCCC(=O)OC(CCCCCCCC)CCCCCCCC)CCN(C)C,0.3969834064275895
N(C(CCCCCOC(=O)CCCCCCCCCCCCCCCCC)C(=O)NC(C)(C)C)(C(=O)CCCCC(=O)OC(CCCCCCCC)CCCCCCCC)CCCN(CCCC)CCCC,0.5058512488235092
N(C(CCCCCOC(=O)CCCCCCCCCCCCCCCCC)C(=O)NC(C)(C)C)(C(=O)CCCCC(=O)OC(CCCCCCCC)CCCCCCCC)CCCN(C)C,0.45947070620010777
N(C(CCCCCOC(=O)CCCCCCCCCCCCCCCCC)C(=O)NC(C)(C)C)(C(=O)CCCCC(=O)OC(CCCCCCCC)CCCCCCCC)CCN(C)C,0.42766238790749095
N(C(CCCCCOC(=O)CCCCCCCCCCCCCCCCC)C(=O)NC2CCCCC2)(C(=O)CCCCC(=O)OC(CCCCCCCC)CCCCCCCC)CCCN(CCCC)CCCC,0.5438586639332631
N(C(CCCCCOC(=O)CCCCCCCCCCCCCCCCC)C(=O)NC2CCCCC2)(C(=O)CCCCC(=O)OC(CCCCCCCC)CCCCCCCC)CCCN(C)C,0.5032855733292139
N(C(CCCCCOC(=O)CCCCCCCCCCCCCCCCC)C(=O)NC2CCCCC2)(C(=O)CCCCC(=O)OC(CCCCCCCC)CCCCCCCC)CCN(C)C,0.47791065372629493
N(C(CCCCCOC(=O)CCCCCCCCCCCCCCCCC)C(=O)NCCCC)(C(=O)CCCCC(=O)OC(CCCCCCCC)CCCCCCCC)CCCN(CCCC)CCCC,0.5689501994866821
N(C(CCCCCOC(=O)CCCCCCCCCCCCCCCCC)C(=O)NCCCC)(C(=O)CCCCC(=O)OC(CCCCCCCC)CCCCCCCC)CCCN(C)C,0.5273752725550368
N(C(CCCCCOC(=O)CCCCCCCCCCCCCCCCC)C(=O)NCCCC)(C(=O)CCCCC(=O)OC(CCCCCCCC)CCCCCCCC)CCN(C)C,0.5015215336810921
N(C(CCCCCOC(=O)CCCCCCCCCCCCCCC)C(=O)NCC(=O)OC(C)(C)C)(C(=O)CCCCCCC/C=C\CCCCCCCC)CCCN(CCCC)CCCC,0.4693535871806232
N(C(CCCCCOC(=O)CCCCCCCCCCCCCCC)C(=O)NCC(=O)OC(C)(C)C)(C(=O)CCCCCCC/C=C\CCCCCCCC)CCCN(C)C,0.4099073273600006
N(C(CCCCCOC(=O)CCCCCCCCCCCCCCC)C(=O)NCC(=O)OC(C)(C)C)(C(=O)CCCCCCC/C=C\CCCCCCCC)CCN(C)C,0.3755109964173213
N(C(CCCCCOC(=O)CCCCCCCCCCCCCCC)C(=O)NC(C)(C)C)(C(=O)CCCCCCC/C=C\CCCCCCCC)CCCN(CCCC)CCCC,0.5017284650921194
N(C(CCCCCOC(=O)CCCCCCCCCCCCCCC)C(=O)NC(C)(C)C)(C(=O)CCCCCCC/C=C\CCCCCCCC)CCCN(C)C,0.4469230323194395
N(C(CCCCCOC(=O)CCCCCCCCCCCCCCC)C(=O)NC(C)(C)C)(C(=O)CCCCCCC/C=C\CCCCCCCC)CCN(C)C,0.40961783782125766
N(C(CCCCCOC(=O)CCCCCCCCCCCCCCC)C(=O)NC2CCCCC2)(C(=O)CCCCCCC/C=C\CCCCCCCC)CCCN(CCCC)CCCC,0.5443338794764917
N(C(CCCCCOC(=O)CCCCCCCCCCCCCCC)C(=O)NC2CCCCC2)(C(=O)CCCCCCC/C=C\CCCCCCCC)CCCN(C)C,0.49870660531130917
N(C(CCCCCOC(=O)CCCCCCCCCCCCCCC)C(=O)NC2CCCCC2)(C(=O)CCCCCCC/C=C\CCCCCCCC)CCN(C)C,0.46945118565988875
N(C(CCCCCOC(=O)CCCCCCCCCCCCCCC)C(=O)NCCCC)(C(=O)CCCCCCC/C=C\CCCCCCCC)CCCN(CCCC)CCCC,0.5720583998202512
N(C(CCCCCOC(=O)CCCCCCCCCCCCCCC)C(=O)NCCCC)(C(=O)CCCCCCC/C=C\CCCCCCCC)CCCN(C)C,0.5254738742903837
N(C(CCCCCOC(=O)CCCCCCCCCCCCCCC)C(=O)NCCCC)(C(=O)CCCCCCC/C=C\CCCCCCCC)CCN(C)C,0.4964711027621275
N(C(CCCCCOC(=O)CCCCCCCCCCCCCCC)C(=O)NCC(=O)OC(C)(C)C)(C(=O)CCCCCCC/C=C\C/C=C\CCCCC)CCCN(CCCC)CCCC,0.46629283096590374
N(C(CCCCCOC(=O)CCCCCCCCCCCCCCC)C(=O)NCC(=O)OC(C)(C)C)(C(=O)CCCCCCC/C=C\C/C=C\CCCCC)CCCN(C)C,0.4074842522681232
N(C(CCCCCOC(=O)CCCCCCCCCCCCCCC)C(=O)NCC(=O)OC(C)(C)C)(C(=O)CCCCCCC/C=C\C/C=C\CCCCC)CCN(C)C,0.3728434337098533
N(C(CCCCCOC(=O)CCCCCCCCCCCCCCC)C(=O)NC(C)(C)C)(C(=O)CCCCCCC/C=C\C/C=C\CCCCC)CCCN(CCCC)CCCC,0.5021433405319022
N(C(CCCCCOC(=O)CCCCCCCCCCCCCCC)C(=O)NC(C)(C)C)(C(=O)CCCCCCC/C=C\C/C=C\CCCCC)CCCN(C)C,0.4435502409300893
N(C(CCCCCOC(=O)CCCCCCCCCCCCCCC)C(=O)NC(C)(C)C)(C(=O)CCCCCCC/C=C\C/C=C\CCCCC)CCN(C)C,0.40652095497994395
N(C(CCCCCOC(=O)CCCCCCCCCCCCCCC)C(=O)NC2CCCCC2)(C(=O)CCCCCCC/C=C\C/C=C\CCCCC)CCCN(CCCC)CCCC,0.5449866009508838
N(C(CCCCCOC(=O)CCCCCCCCCCCCCCC)C(=O)NC2CCCCC2)(C(=O)CCCCCCC/C=C\C/C=C\CCCCC)CCCN(C)C,0.5003544321836929
N(C(CCCCCOC(=O)CCCCCCCCCCCCCCC)C(=O)NC2CCCCC2)(C(=O)CCCCCCC/C=C\C/C=C\CCCCC)CCN(C)C,0.4714671586421903
N(C(CCCCCOC(=O)CCCCCCCCCCCCCCC)C(=O)NCCCC)(C(=O)CCCCCCC/C=C\C/C=C\CCCCC)CCCN(CCCC)CCCC,0.575065100118014
N(C(CCCCCOC(=O)CCCCCCCCCCCCCCC)C(=O)NCCCC)(C(=O)CCCCCCC/C=C\C/C=C\CCCCC)CCCN(C)C,0.527446096230256
N(C(CCCCCOC(=O)CCCCCCCCCCCCCCC)C(=O)NCCCC)(C(=O)CCCCCCC/C=C\C/C=C\CCCCC)CCN(C)C,0.4985829765998563
N(C(CCCCCOC(=O)CCCCCCCCCCCCCCC)C(=O)NCC(=O)OC(C)(C)C)(C(=O)CCCCCCCCCCCCCCC)CCCN(CCCC)CCCC,0.46369224994286296
N(C(CCCCCOC(=O)CCCCCCCCCCCCCCC)C(=O)NCC(=O)OC(C)(C)C)(C(=O)CCCCCCCCCCCCCCC)CCCN(C)C,0.4015646081610709
N(C(CCCCCOC(=O)CCCCCCCCCCCCCCC)C(=O)NCC(=O)OC(C)(C)C)(C(=O)CCCCCCCCCCCCCCC)CCN(C)C,0.3657860838023915
N(C(CCCCCOC(=O)CCCCCCCCCCCCCCC)C(=O)NC(C)(C)C)(C(=O)CCCCCCCCCCCCCCC)CCCN(CCCC)CCCC,0.49730445736949036
N(C(CCCCCOC(=O)CCCCCCCCCCCCCCC)C(=O)NC(C)(C)C)(C(=O)CCCCCCCCCCCCCCC)CCCN(C)C,0.4392516488913745
N(C(CCCCCOC(=O)CCCCCCCCCCCCCCC)C(=O)NC(C)(C)C)(C(=O)CCCCCCCCCCCCCCC)CCN(C)C,0.4004253536511949
N(C(CCCCCOC(=O)CCCCCCCCCCCCCCC)C(=O)NC2CCCCC2)(C(=O)CCCCCCCCCCCCCCC)CCCN(CCCC)CCCC,0.5415358379964689
N(C(CCCCCOC(=O)CCCCCCCCCCCCCCC)C(=O)NC2CCCCC2)(C(=O)CCCCCCCCCCCCCCC)CCCN(C)C,0.4940220867866858
N(C(CCCCCOC(=O)CCCCCCCCCCCCCCC)C(=O)NC2CCCCC2)(C(=O)CCCCCCCCCCCCCCC)CCN(C)C,0.46371312773778667
N(C(CCCCCOC(=O)CCCCCCCCCCCCCCC)C(=O)NCCCC)(C(=O)CCCCCCCCCCCCCCC)CCCN(CCCC)CCCC,0.5691913216374705
N(C(CCCCCOC(=O)CCCCCCCCCCCCCCC)C(=O)NCCCC)(C(=O)CCCCCCCCCCCCCCC)CCCN(C)C,0.5212152806519295
N(C(CCCCCOC(=O)CCCCCCCCCCCCCCC)C(=O)NCCCC)(C(=O)CCCCCCCCCCCCCCC)CCN(C)C,0.4912785479667349
N(C(CCCCCOC(=O)CCCCCCCCCCCCCCC)C(=O)NCC(=O)OC(C)(C)C)(C(=O)CCCCC(=O)OC(CCCCCCCC)CCCCCCCC)CCCN(CCCC)CCCC,0.4743101722624911
N(C(CCCCCOC(=O)CCCCCCCCCCCCCCC)C(=O)NCC(=O)OC(C)(C)C)(C(=O)CCCCC(=O)OC(CCCCCCCC)CCCCCCCC)CCCN(C)C,0.420950191730944
N(C(CCCCCOC(=O)CCCCCCCCCCCCCCC)C(=O)NCC(=O)OC(C)(C)C)(C(=O)CCCCC(=O)OC(CCCCCCCC)CCCCCCCC)CCN(C)C,0.39029009259338443
N(C(CCCCCOC(=O)CCCCCCCCCCCCCCC)C(=O)NC(C)(C)C)(C(=O)CCCCC(=O)OC(CCCCCCCC)CCCCCCCC)CCCN(CCCC)CCCC,0.5035244319815512
N(C(CCCCCOC(=O)CCCCCCCCCCCCCCC)C(=O)NC(C)(C)C)(C(=O)CCCCC(=O)OC(CCCCCCCC)CCCCCCCC)CCCN(C)C,0.4544750459870845
N(C(CCCCCOC(=O)CCCCCCCCCCCCCCC)C(=O)NC(C)(C)C)(C(=O)CCCCC(=O)OC(CCCCCCCC)CCCCCCCC)CCN(C)C,0.4215269966586019
N(C(CCCCCOC(=O)CCCCCCCCCCCCCCC)C(=O)NC2CCCCC2)(C(=O)CCCCC(=O)OC(CCCCCCCC)CCCCCCCC)CCCN(CCCC)CCCC,0.5427047562492038
N(C(CCCCCOC(=O)CCCCCCCCCCCCCCC)C(=O)NC2CCCCC2)(C(=O)CCCCC(=O)OC(CCCCCCCC)CCCCCCCC)CCCN(C)C,0.5005667245121044
N(C(CCCCCOC(=O)CCCCCCCCCCCCCCC)C(=O)NC2CCCCC2)(C(=O)CCCCC(=O)OC(CCCCCCCC)CCCCCCCC)CCN(C)C,0.4743712867206702
N(C(CCCCCOC(=O)CCCCCCCCCCCCCCC)C(=O)NCCCC)(C(=O)CCCCC(=O)OC(CCCCCCCC)CCCCCCCC)CCCN(CCCC)CCCC,0.5687448167851213
N(C(CCCCCOC(=O)CCCCCCCCCCCCCCC)C(=O)NCCCC)(C(=O)CCCCC(=O)OC(CCCCCCCC)CCCCCCCC)CCCN(C)C,0.5255112815805753
N(C(CCCCCOC(=O)CCCCCCCCCCCCCCC)C(=O)NCCCC)(C(=O)CCCCC(=O)OC(CCCCCCCC)CCCCCCCC)CCN(C)C,0.49858211289649995
N(C(CCCCCOC(=O)CCCCCCCCCCCC)C(=O)NCC(=O)OC(C)(C)C)(C(=O)CCCCCCC/C=C\CCCCCCCC)CCCN(CCCC)CCCC,0.4623498762298771
N(C(CCCCCOC(=O)CCCCCCCCCCCC)C(=O)NCC(=O)OC(C)(C)C)(C(=O)CCCCCCC/C=C\CCCCCCCC)CCCN(C)C,0.3989795737984441
N(C(CCCCCOC(=O)CCCCCCCCCCCC)C(=O)NCC(=O)OC(C)(C)C)(C(=O)CCCCCCC/C=C\CCCCCCCC)CCN(C)C,0.36242175074935856
N(C(CCCCCOC(=O)CCCCCCCCCCCC)C(=O)NC(C)(C)C)(C(=O)CCCCCCC/C=C\CCCCCCCC)CCCN(CCCC)CCCC,0.4974204914479824
N(C(CCCCCOC(=O)CCCCCCCCCCCC)C(=O)NC(C)(C)C)(C(=O)CCCCCCC/C=C\CCCCCCCC)CCCN(C)C,0.4372558091321378
N(C(CCCCCOC(=O)CCCCCCCCCCCC)C(=O)NC(C)(C)C)(C(=O)CCCCCCC/C=C\CCCCCCCC)CCN(C)C,0.397566197712993
N(C(CCCCCOC(=O)CCCCCCCCCCCC)C(=O)NC2CCCCC2)(C(=O)CCCCCCC/C=C\CCCCCCCC)CCCN(CCCC)CCCC,0.5423036404973736
N(C(CCCCCOC(=O)CCCCCCCCCCCC)C(=O)NC2CCCCC2)(C(=O)CCCCCCC/C=C\CCCCCCCC)CCCN(C)C,0.4938462189136121
N(C(CCCCCOC(=O)CCCCCCCCCCCC)C(=O)NC2CCCCC2)(C(=O)CCCCCCC/C=C\CCCCCCCC)CCN(C)C,0.46269228993635114
N(C(CCCCCOC(=O)CCCCCCCCCCCC)C(=O)NCCCC)(C(=O)CCCCCCC/C=C\CCCCCCCC)CCCN(CCCC)CCCC,0.572409063382922
N(C(CCCCCOC(=O)CCCCCCCCCCCC)C(=O)NCCCC)(C(=O)CCCCCCC/C=C\CCCCCCCC)CCCN(C)C,0.5222909785079292
N(C(CCCCCOC(=O)CCCCCCCCCCCC)C(=O)NCCCC)(C(=O)CCCCCCC/C=C\CCCCCCCC)CCN(C)C,0.4908953615052672
N(C(CCCCCOC(=O)CCCCCCCCCCCC)C(=O)NCC(=O)OC(C)(C)C)(C(=O)CCCCCCC/C=C\C/C=C\CCCCC)CCCN(CCCC)CCCC,0.459353272326521
N(C(CCCCCOC(=O)CCCCCCCCCCCC)C(=O)NCC(=O)OC(C)(C)C)(C(=O)CCCCCCC/C=C\C/C=C\CCCCC)CCCN(C)C,0.3963753890476062
N(C(CCCCCOC(=O)CCCCCCCCCCCC)C(=O)NCC(=O)OC(C)(C)C)(C(=O)CCCCCCC/C=C\C/C=C\CCCCC)CCN(C)C,0.35973334002984114
N(C(CCCCCOC(=O)CCCCCCCCCCCC)C(=O)NC(C)(C)C)(C(=O)CCCCCCC/C=C\C/C=C\CCCCC)CCCN(CCCC)CCCC,0.49660881877315094
N(C(CCCCCOC(=O)CCCCCCCCCCCC)C(=O)NC(C)(C)C)(C(=O)CCCCCCC/C=C\C/C=C\CCCCC)CCCN(C)C,0.4340495635761879
N(C(CCCCCOC(=O)CCCCCCCCCCCC)C(=O)NC(C)(C)C)(C(=O)CCCCCCC/C=C\C/C=C\CCCCC)CCN(C)C,0.3946669838087819
N(C(CCCCCOC(=O)CCCCCCCCCCCC)C(=O)NC2CCCCC2)(C(=O)CCCCCCC/C=C\C/C=C\CCCCC)CCCN(CCCC)CCCC,0.543081211781067
N(C(CCCCCOC(=O)CCCCCCCCCCCC)C(=O)NC2CCCCC2)(C(=O)CCCCCCC/C=C\C/C=C\CCCCC)CCCN(C)C,0.49563170223127045
N(C(CCCCCOC(=O)CCCCCCCCCCCC)C(=O)NC2CCCCC2)(C(=O)CCCCCCC/C=C\C/C=C\CCCCC)CCN(C)C,0.4639784633654267
N(C(CCCCCOC(=O)CCCCCCCCCCCC)C(=O)NCCCC)(C(=O)CCCCCCC/C=C\C/C=C\CCCCC)CCCN(CCCC)CCCC,0.5749032599787621
N(C(CCCCCOC(=O)CCCCCCCCCCCC)C(=O)NCCCC)(C(=O)CCCCCCC/C=C\C/C=C\CCCCC)CCCN(C)C,0.5239776422484734
N(C(CCCCCOC(=O)CCCCCCCCCCCC)C(=O)NCCCC)(C(=O)CCCCCCC/C=C\C/C=C\CCCCC)CCN(C)C,0.4920767885652317
N(C(CCCCCOC(=O)CCCCCCCCCCCC)C(=O)NCC(=O)OC(C)(C)C)(C(=O)CCCCCCCCCCCCCCC)CCCN(CCCC)CCCC,0.4561839575347729
N(C(CCCCCOC(=O)CCCCCCCCCCCC)C(=O)NCC(=O)OC(C)(C)C)(C(=O)CCCCCCCCCCCCCCC)CCCN(C)C,0.38956085891477116
N(C(CCCCCOC(=O)CCCCCCCCCCCC)C(=O)NCC(=O)OC(C)(C)C)(C(=O)CCCCCCCCCCCCCCC)CCN(C)C,0.35180567496794046
N(C(CCCCCOC(=O)CCCCCCCCCCCC)C(=O)NC(C)(C)C)(C(=O)CCCCCCCCCCCCCCC)CCCN(CCCC)CCCC,0.4926288439242995
N(C(CCCCCOC(=O)CCCCCCCCCCCC)C(=O)NC(C)(C)C)(C(=O)CCCCCCCCCCCCCCC)CCCN(C)C,0.4286477840884425
N(C(CCCCCOC(=O)CCCCCCCCCCCC)C(=O)NC(C)(C)C)(C(=O)CCCCCCCCCCCCCCC)CCN(C)C,0.3872795503048296
N(C(CCCCCOC(=O)CCCCCCCCCCCC)C(=O)NC2CCCCC2)(C(=O)CCCCCCCCCCCCCCC)CCCN(CCCC)CCCC,0.5393363131595097
N(C(CCCCCOC(=O)CCCCCCCCCCCC)C(=O)NC2CCCCC2)(C(=O)CCCCCCCCCCCCCCC)CCCN(C)C,0.48886220380446205
N(C(CCCCCOC(=O)CCCCCCCCCCCC)C(=O)NC2CCCCC2)(C(=O)CCCCCCCCCCCCCCC)CCN(C)C,0.4563743296676582
N(C(CCCCCOC(=O)CCCCCCCCCCCC)C(=O)NCCCC)(C(=O)CCCCCCCCCCCCCCC)CCCN(CCCC)CCCC,0.5691142435586365
N(C(CCCCCOC(=O)CCCCCCCCCCCC)C(=O)NCCCC)(C(=O)CCCCCCCCCCCCCCC)CCCN(C)C,0.5181982754796393
N(C(CCCCCOC(=O)CCCCCCCCCCCC)C(=O)NCCCC)(C(=O)CCCCCCCCCCCCCCC)CCN(C)C,0.48561155198284695
N(C(CCCCCOC(=O)CCCCCCCCCCCC)C(=O)NCC(=O)OC(C)(C)C)(C(=O)CCCCC(=O)OC(CCCCCCCC)CCCCCCCC)CCCN(CCCC)CCCC,0.4682066189062889
N(C(CCCCCOC(=O)CCCCCCCCCCCC)C(=O)NCC(=O)OC(C)(C)C)(C(=O)CCCCC(=O)OC(CCCCCCCC)CCCCCCCC)CCCN(C)C,0.4117103527906548
N(C(CCCCCOC(=O)CCCCCCCCCCCC)C(=O)NCC(=O)OC(C)(C)C)(C(=O)CCCCC(=O)OC(CCCCCCCC)CCCCCCCC)CCN(C)C,0.3794773902754663
N(C(CCCCCOC(=O)CCCCCCCCCCCC)C(=O)NC(C)(C)C)(C(=O)CCCCC(=O)OC(CCCCCCCC)CCCCCCCC)CCCN(CCCC)CCCC,0.4996871171008663
N(C(CCCCCOC(=O)CCCCCCCCCCCC)C(=O)NC(C)(C)C)(C(=O)CCCCC(=O)OC(CCCCCCCC)CCCCCCCC)CCCN(C)C,0.4463673732325745
N(C(CCCCCOC(=O)CCCCCCCCCCCC)C(=O)NC(C)(C)C)(C(=O)CCCCC(=O)OC(CCCCCCCC)CCCCCCCC)CCN(C)C,0.411556881639097
N(C(CCCCCOC(=O)CCCCCCCCCCCC)C(=O)NC2CCCCC2)(C(=O)CCCCC(=O)OC(CCCCCCCC)CCCCCCCC)CCCN(CCCC)CCCC,0.5407466513917765
N(C(CCCCCOC(=O)CCCCCCCCCCCC)C(=O)NC2CCCCC2)(C(=O)CCCCC(=O)OC(CCCCCCCC)CCCCCCCC)CCCN(C)C,0.49609711920883587
N(C(CCCCCOC(=O)CCCCCCCCCCCC)C(=O)NC2CCCCC2)(C(=O)CCCCC(=O)OC(CCCCCCCC)CCCCCCCC)CCN(C)C,0.4686245321992561
N(C(CCCCCOC(=O)CCCCCCCCCCCC)C(=O)NCCCC)(C(=O)CCCCC(=O)OC(CCCCCCCC)CCCCCCCC)CCCN(CCCC)CCCC,0.5684328709591138
N(C(CCCCCOC(=O)CCCCCCCCCCCC)C(=O)NCCCC)(C(=O)CCCCC(=O)OC(CCCCCCCC)CCCCCCCC)CCCN(C)C,0.5221982942029325
N(C(CCCCCOC(=O)CCCCCCCCCCCC)C(=O)NCCCC)(C(=O)CCCCC(=O)OC(CCCCCCCC)CCCCCCCC)CCN(C)C,0.49380547594149266
N(C(CCCCCOC(=O)CCCCCCCCCC)C(=O)NCC(=O)OC(C)(C)C)(C(=O)CCCCCCC/C=C\CCCCCCCC)CCN1CCCC1,0.40271288688187695
N(C(CCCCCOC(=O)CCCCCCCCCC)C(=O)NCC(=O)OC(C)(C)C)(C(=O)CCCCCCC/C=C\CCCCCCCC)CCCN(CCN1C)CC1,0.39893433361229697
N(C(CCCCCOC(=O)CCCCCCCCCC)C(=O)NCC(=O)OC(C)(C)C)(C(=O)CCCCCCC/C=C\CCCCCCCC)CCCN1CCCC1,0.43119940206604157
N(C(CCCCCOC(=O)CCCCCCCCCC)C(=O)NCC(=O)OC(C)(C)C)(C(=O)CCCCCCC/C=C\CCCCCCCC)CCCN1CCCCC1,0.42784063841051323
N(C(CCCCCOC(=O)CCCCCCCCCC)C(=O)NCC(=O)OC(C)(C)C)(C(=O)CCCCCCC/C=C\CCCCCCCC)CCCN1CCCCCC1,0.4240911234434306
N(C(CCCCCOC(=O)CCCCCCCCCC)C(=O)NCC(=O)OC(C)(C)C)(C(=O)CCCCCCC/C=C\CCCCCCCC)CCCN1CCOCC1,-0.051854223061298776
N(C(CCCCCOC(=O)CCCCCCCCCC)C(=O)NCC(=O)OC(C)(C)C)(C(=O)CCCCCCC/C=C\CCCCCCCC)CCN1CCCCCC1,0.39693914907629607
N(C(CCCCCOC(=O)CCCCCCCCCC)C(=O)NCC(=O)OC(C)(C)C)(C(=O)CCCCCCC/C=C\CCCCCCCC)CCN1CCCCC1CC,0.3389220502645334
N(C(CCCCCOC(=O)CCCCCCCCCC)C(=O)NCC(=O)OC(C)(C)C)(C(=O)CCCCCCC/C=C\CCCCCCCC)CCN1C=CN=C1,0.16640784797477254
N(C(CCCCCOC(=O)CCCCCCCCCC)C(=O)NCC(=O)OC(C)(C)C)(C(=O)CCCCCCC/C=C\CCCCCCCC)CCN1CCN(C)CCC1,0.36884621457674954
N(C(CCCCCOC(=O)CCCCCCCCCC)C(=O)NCC(=O)OC(C)(C)C)(C(=O)CCCCCCC/C=C\CCCCCCCC)CCCN1CCN(C)CCC1,0.39340630452015535
N(C(CCCCCOC(=O)CCCCCCCCCC)C(=O)NCC(=O)OC(C)(C)C)(C(=O)CCCCCCC/C=C\CCCCCCCC)CCN1CCCCC1,0.40020609213018404
N(C(CCCCCOC(=O)CCCCCCCCCC)C(=O)NCC(=O)OC(C)(C)C)(C(=O)CCCCCCC/C=C\CCCCCCCC)CCCN(CCO)CCO,0.3354301869435069
N(C(CCCCCOC(=O)CCCCCCCCCC)C(=O)NCC(=O)OC(C)(C)C)(C(=O)CCCCCCC/C=C\CCCCCCCC)CCCN(CC)CC,0.3982758640431542
N(C(CCCCCOC(=O)CCCCCCCCCC)C(=O)NCC(=O)OC(C)(C)C)(C(=O)CCCCCCC/C=C\CCCCCCCC)CCCN(CCCC)CCCC,0.45730421057080967
N(C(CCCCCOC(=O)CCCCCCCCCC)C(=O)NCC(=O)OC(C)(C)C)(C(=O)CCCCCCC/C=C\CCCCCCCC)CCCN(C)C,0.3910292737520327
N(C(CCCCCOC(=O)CCCCCCCCCC)C(=O)NCC(=O)OC(C)(C)C)(C(=O)CCCCCCC/C=C\CCCCCCCC)CCCN1CCN(CC1)CCCN,0.474040398986572
N(C(CCCCCOC(=O)CCCCCCCCCC)C(=O)NCC(=O)OC(C)(C)C)(C(=O)CCCCCCC/C=C\CCCCCCCC)CCN(C)CCN,0.4458196661731627
N(C(CCCCCOC(=O)CCCCCCCCCC)C(=O)NCC(=O)OC(C)(C)C)(C(=O)CCCCCCC/C=C\CCCCCCCC)CCCN1CCCCC1CC,0.36760974876497465
N(C(CCCCCOC(=O)CCCCCCCCCC)C(=O)NCC(=O)OC(C)(C)C)(C(=O)CCCCCCC/C=C\CCCCCCCC)CCN(CC1)CCS1(=O)=O,0.3831918507994315
N(C(CCCCCOC(=O)CCCCCCCCCC)C(=O)NCC(=O)OC(C)(C)C)(C(=O)CCCCCCC/C=C\CCCCCCCC)C1CCN(CC2=CC=CC=C2)CC1,0.2154264682600292
N(C(CCCCCOC(=O)CCCCCCCCCC)C(=O)NCC(=O)OC(C)(C)C)(C(=O)CCCCCCC/C=C\CCCCCCCC)CCCN1C=CN=C1,0.1973296194464263
N(C(CCCCCOC(=O)CCCCCCCCCC)C(=O)NCC(=O)OC(C)(C)C)(C(=O)CCCCCCC/C=C\CCCCCCCC)CC1=CC=CN=C1,0.16571307308178945
N(C(CCCCCOC(=O)CCCCCCCCCC)C(=O)NCC(=O)OC(C)(C)C)(C(=O)CCCCCCC/C=C\CCCCCCCC)CCN1CCOCC1,-0.09693881974997645
N(C(CCCCCOC(=O)CCCCCCCCCC)C(=O)NCC(=O)OC(C)(C)C)(C(=O)CCCCCCC/C=C\CCCCCCCC)CCN(C)C,0.3530458040732612
N(C(CCCCCOC(=O)CCCCCCCCCC)C(=O)NC(C)(C)C)(C(=O)CCCCCCC/C=C\CCCCCCCC)CCCN(CCCC)CCCC,0.4943007353591631
N(C(CCCCCOC(=O)CCCCCCCCCC)C(=O)NC(C)(C)C)(C(=O)CCCCCCC/C=C\CCCCCCCC)CCCN(C)C,0.4301915495978254
N(C(CCCCCOC(=O)CCCCCCCCCC)C(=O)NC(C)(C)C)(C(=O)CCCCCCC/C=C\CCCCCCCC)CCN(C)C,0.3887639883284948
N(C(CCCCCOC(=O)CCCCCCCCCC)C(=O)NC2CCCCC2)(C(=O)CCCCCCC/C=C\CCCCCCCC)CCN1CCCC1,0.49890850341657034
N(C(CCCCCOC(=O)CCCCCCCCCC)C(=O)NC2CCCCC2)(C(=O)CCCCCCC/C=C\CCCCCCCC)CCCN(CCN1C)CC1,0.49162587584747774
N(C(CCCCCOC(=O)CCCCCCCCCC)C(=O)NC2CCCCC2)(C(=O)CCCCCCC/C=C\CCCCCCCC)CCCN1CCCC1,0.5230149406177814
N(C(CCCCCOC(=O)CCCCCCCCCC)C(=O)NC2CCCCC2)(C(=O)CCCCCCC/C=C\CCCCCCCC)CCCN1CCCCC1,0.5180076055180104
N(C(CCCCCOC(=O)CCCCCCCCCC)C(=O)NC2CCCCC2)(C(=O)CCCCCCC/C=C\CCCCCCCC)CCCN1CCCCCC1,0.5130229054027502
N(C(CCCCCOC(=O)CCCCCCCCCC)C(=O)NC2CCCCC2)(C(=O)CCCCCCC/C=C\CCCCCCCC)CCCN1CCOCC1,0.010293523091398511
N(C(CCCCCOC(=O)CCCCCCCCCC)C(=O)NC2CCCCC2)(C(=O)CCCCCCC/C=C\CCCCCCCC)CCN1CCCCCC1,0.48999162996580053
N(C(CCCCCOC(=O)CCCCCCCCCC)C(=O)NC2CCCCC2)(C(=O)CCCCCCC/C=C\CCCCCCCC)CCN1CCCCC1CC,0.4348450939331182
N(C(CCCCCOC(=O)CCCCCCCCCC)C(=O)NC2CCCCC2)(C(=O)CCCCCCC/C=C\CCCCCCCC)CCN1C=CN=C1,0.2574154069281011
N(C(CCCCCOC(=O)CCCCCCCCCC)C(=O)NC2CCCCC2)(C(=O)CCCCCCC/C=C\CCCCCCCC)CCN1CCN(C)CCC1,0.4637483013124014
N(C(CCCCCOC(=O)CCCCCCCCCC)C(=O)NC2CCCCC2)(C(=O)CCCCCCC/C=C\CCCCCCCC)CCCN1CCN(C)CCC1,0.4848075930724738
N(C(CCCCCOC(=O)CCCCCCCCCC)C(=O)NC2CCCCC2)(C(=O)CCCCCCC/C=C\CCCCCCCC)CCN1CCCCC1,0.4948162769142701
N(C(CCCCCOC(=O)CCCCCCCCCC)C(=O)NC2CCCCC2)(C(=O)CCCCCCC/C=C\CCCCCCCC)CCCN(CCO)CCO,0.43095461662170736
N(C(CCCCCOC(=O)CCCCCCCCCC)C(=O)NC2CCCCC2)(C(=O)CCCCCCC/C=C\CCCCCCCC)CCCN(CC)CC,0.4937330737739326
N(C(CCCCCOC(=O)CCCCCCCCCC)C(=O)NC2CCCCC2)(C(=O)CCCCCCC/C=C\CCCCCCCC)CCCN(CCCC)CCCC,0.5408373700270657
N(C(CCCCCOC(=O)CCCCCCCCCC)C(=O)NC2CCCCC2)(C(=O)CCCCCCC/C=C\CCCCCCCC)CCCN(C)C,0.49011016580573846
N(C(CCCCCOC(=O)CCCCCCCCCC)C(=O)NC2CCCCC2)(C(=O)CCCCCCC/C=C\CCCCCCCC)CCCN1CCN(CC1)CCCN,0.552617807281442
N(C(CCCCCOC(=O)CCCCCCCCCC)C(=O)NC2CCCCC2)(C(=O)CCCCCCC/C=C\CCCCCCCC)CCN(C)CCN,0.5357459280901126
N(C(CCCCCOC(=O)CCCCCCCCCC)C(=O)NC2CCCCC2)(C(=O)CCCCCCC/C=C\CCCCCCCC)CCCN1CCCCC1CC,0.46075705832642944
N(C(CCCCCOC(=O)CCCCCCCCCC)C(=O)NC2CCCCC2)(C(=O)CCCCCCC/C=C\CCCCCCCC)CCN(CC1)CCS1(=O)=O,0.4770549023974162
N(C(CCCCCOC(=O)CCCCCCCCCC)C(=O)NC2CCCCC2)(C(=O)CCCCCCC/C=C\CCCCCCCC)C1CCN(CC2=CC=CC=C2)CC1,0.30000738923613873
N(C(CCCCCOC(=O)CCCCCCCCCC)C(=O)NC2CCCCC2)(C(=O)CCCCCCC/C=C\CCCCCCCC)CCCN1C=CN=C1,0.28911850232561725
N(C(CCCCCOC(=O)CCCCCCCCCC)C(=O)NC2CCCCC2)(C(=O)CCCCCCC/C=C\CCCCCCCC)CC1=CC=CN=C1,0.25516134964819553
N(C(CCCCCOC(=O)CCCCCCCCCC)C(=O)NC2CCCCC2)(C(=O)CCCCCCC/C=C\CCCCCCCC)CCN1CCOCC1,-0.039763448256129985
N(C(CCCCCOC(=O)CCCCCCCCCC)C(=O)NC2CCCCC2)(C(=O)CCCCCCC/C=C\CCCCCCCC)CCN(C)C,0.45776128834355534
N(C(CCCCCOC(=O)CCCCCCCCCC)C(=O)NCCCC)(C(=O)CCCCCCC/C=C\CCCCCCCC)CCCN(CCCC)CCCC,0.5723462215180302
N(C(CCCCCOC(=O)CCCCCCCCCC)C(=O)NCCCC)(C(=O)CCCCCCC/C=C\CCCCCCCC)CCCN(C)C,0.5196818200170739
N(C(CCCCCOC(=O)CCCCCCCCCC)C(=O)NCCCC)(C(=O)CCCCCCC/C=C\CCCCCCCC)CCN(C)C,0.4867941405749114
N(C(CCCCCOC(=O)CCCCCCCCCC)C(=O)NCC(=O)OC(C)(C)C)(C(=O)CCCCCCC/C=C\C/C=C\CCCCC)CCN1CCCC1,0.39951649945733897
N(C(CCCCCOC(=O)CCCCCCCCCC)C(=O)NCC(=O)OC(C)(C)C)(C(=O)CCCCCCC/C=C\C/C=C\CCCCC)CCCN(CCN1C)CC1,0.39639835164373494
N(C(CCCCCOC(=O)CCCCCCCCCC)C(=O)NCC(=O)OC(C)(C)C)(C(=O)CCCCCCC/C=C\C/C=C\CCCCC)CCCN1CCCC1,0.4284683124875716
N(C(CCCCCOC(=O)CCCCCCCCCC)C(=O)NCC(=O)OC(C)(C)C)(C(=O)CCCCCCC/C=C\C/C=C\CCCCC)CCCN1CCCCC1,0.4249029152497595
N(C(CCCCCOC(=O)CCCCCCCCCC)C(=O)NCC(=O)OC(C)(C)C)(C(=O)CCCCCCC/C=C\C/C=C\CCCCC)CCCN1CCCCCC1,0.4209580841926484
N(C(CCCCCOC(=O)CCCCCCCCCC)C(=O)NCC(=O)OC(C)(C)C)(C(=O)CCCCCCC/C=C\C/C=C\CCCCC)CCCN1CCOCC1,-0.05230713123163457
N(C(CCCCCOC(=O)CCCCCCCCCC)C(=O)NCC(=O)OC(C)(C)C)(C(=O)CCCCCCC/C=C\C/C=C\CCCCC)CCN1CCCCCC1,0.3935446161886659
N(C(CCCCCOC(=O)CCCCCCCCCC)C(=O)NCC(=O)OC(C)(C)C)(C(=O)CCCCCCC/C=C\C/C=C\CCCCC)CCN1CCCCC1CC,0.3351375404200822
N(C(CCCCCOC(=O)CCCCCCCCCC)C(=O)NCC(=O)OC(C)(C)C)(C(=O)CCCCCCC/C=C\C/C=C\CCCCC)CCN1C=CN=C1,0.16657889102220058
N(C(CCCCCOC(=O)CCCCCCCCCC)C(=O)NCC(=O)OC(C)(C)C)(C(=O)CCCCCCC/C=C\C/C=C\CCCCC)CCN1CCN(C)CCC1,0.3658810613887137
N(C(CCCCCOC(=O)CCCCCCCCCC)C(=O)NCC(=O)OC(C)(C)C)(C(=O)CCCCCCC/C=C\C/C=C\CCCCC)CCCN1CCN(C)CCC1,0.3903048351161908
N(C(CCCCCOC(=O)CCCCCCCCCC)C(=O)NCC(=O)OC(C)(C)C)(C(=O)CCCCCCC/C=C\C/C=C\CCCCC)CCN1CCCCC1,0.397021230678022
N(C(CCCCCOC(=O)CCCCCCCCCC)C(=O)NCC(=O)OC(C)(C)C)(C(=O)CCCCCCC/C=C\C/C=C\CCCCC)CCCN(CCO)CCO,0.33158539656135855
N(C(CCCCCOC(=O)CCCCCCCCCC)C(=O)NCC(=O)OC(C)(C)C)(C(=O)CCCCCCC/C=C\C/C=C\CCCCC)CCCN(CC)CC,0.3955157957279356
N(C(CCCCCOC(=O)CCCCCCCCCC)C(=O)NCC(=O)OC(C)(C)C)(C(=O)CCCCCCC/C=C\C/C=C\CCCCC)CCCN(CCCC)CCCC,0.4543537403398314
N(C(CCCCCOC(=O)CCCCCCCCCC)C(=O)NCC(=O)OC(C)(C)C)(C(=O)CCCCCCC/C=C\C/C=C\CCCCC)CCCN(C)C,0.38828918974550714
N(C(CCCCCOC(=O)CCCCCCCCCC)C(=O)NCC(=O)OC(C)(C)C)(C(=O)CCCCCCC/C=C\C/C=C\CCCCC)CCCN1CCN(CC1)CCCN,0.4710130889397546
N(C(CCCCCOC(=O)CCCCCCCCCC)C(=O)NCC(=O)OC(C)(C)C)(C(=O)CCCCCCC/C=C\C/C=C\CCCCC)CCN(C)CCN,0.4426602392957009
N(C(CCCCCOC(=O)CCCCCCCCCC)C(=O)NCC(=O)OC(C)(C)C)(C(=O)CCCCCCC/C=C\C/C=C\CCCCC)CCCN1CCCCC1CC,0.36424279481899835
N(C(CCCCCOC(=O)CCCCCCCCCC)C(=O)NCC(=O)OC(C)(C)C)(C(=O)CCCCCCC/C=C\C/C=C\CCCCC)CCN(CC1)CCS1(=O)=O,0.37996636550664753
N(C(CCCCCOC(=O)CCCCCCCCCC)C(=O)NCC(=O)OC(C)(C)C)(C(=O)CCCCCCC/C=C\C/C=C\CCCCC)C1CCN(CC2=CC=CC=C2)CC1,0.21598299105025046
N(C(CCCCCOC(=O)CCCCCCCCCC)C(=O)NCC(=O)OC(C)(C)C)(C(=O)CCCCCCC/C=C\C/C=C\CCCCC)CCCN1C=CN=C1,0.1973390010518485
N(C(CCCCCOC(=O)CCCCCCCCCC)C(=O)NCC(=O)OC(C)(C)C)(C(=O)CCCCCCC/C=C\C/C=C\CCCCC)CC1=CC=CN=C1,0.16593805291467673
N(C(CCCCCOC(=O)CCCCCCCCCC)C(=O)NCC(=O)OC(C)(C)C)(C(=O)CCCCCCC/C=C\C/C=C\CCCCC)CCN1CCOCC1,-0.09781705714899415
N(C(CCCCCOC(=O)CCCCCCCCCC)C(=O)NCC(=O)OC(C)(C)C)(C(=O)CCCCCCC/C=C\C/C=C\CCCCC)CCN(C)C,0.3501876011870387
N(C(CCCCCOC(=O)CCCCCCCCCC)C(=O)NC(C)(C)C)(C(=O)CCCCCCC/C=C\C/C=C\CCCCC)CCN1CCCC1,0.43647079212985523
N(C(CCCCCOC(=O)CCCCCCCCCC)C(=O)NC(C)(C)C)(C(=O)CCCCCCC/C=C\C/C=C\CCCCC)CCCN(CCN1C)CC1,0.4323414859489815
N(C(CCCCCOC(=O)CCCCCCCCCC)C(=O)NC(C)(C)C)(C(=O)CCCCCCC/C=C\C/C=C\CCCCC)CCCN1CCCC1,0.4679792862263275
N(C(CCCCCOC(=O)CCCCCCCCCC)C(=O)NC(C)(C)C)(C(=O)CCCCCCC/C=C\C/C=C\CCCCC)CCCN1CCCCC1,0.4634777536817491
N(C(CCCCCOC(=O)CCCCCCCCCC)C(=O)NC(C)(C)C)(C(=O)CCCCCCC/C=C\C/C=C\CCCCC)CCCN1CCCCCC1,0.45856372832733633
N(C(CCCCCOC(=O)CCCCCCCCCC)C(=O)NC(C)(C)C)(C(=O)CCCCCCC/C=C\C/C=C\CCCCC)CCCN1CCOCC1,-0.050223938301910916
N(C(CCCCCOC(=O)CCCCCCCCCC)C(=O)NC(C)(C)C)(C(=O)CCCCCCC/C=C\C/C=C\CCCCC)CCN1CCCCCC1,0.4288122153377635
N(C(CCCCCOC(=O)CCCCCCCCCC)C(=O)NC(C)(C)C)(C(=O)CCCCCCC/C=C\C/C=C\CCCCC)CCN1CCCCC1CC,0.36652052948401714
N(C(CCCCCOC(=O)CCCCCCCCCC)C(=O)NC(C)(C)C)(C(=O)CCCCCCC/C=C\C/C=C\CCCCC)CCN1C=CN=C1,0.1862846107085292
N(C(CCCCCOC(=O)CCCCCCCCCC)C(=O)NC(C)(C)C)(C(=O)CCCCCCC/C=C\C/C=C\CCCCC)CCN1CCN(C)CCC1,0.3982716348749956
N(C(CCCCCOC(=O)CCCCCCCCCC)C(=O)NC(C)(C)C)(C(=O)CCCCCCC/C=C\C/C=C\CCCCC)CCCN1CCN(C)CCC1,0.4255911974761329
N(C(CCCCCOC(=O)CCCCCCCCCC)C(=O)NC(C)(C)C)(C(=O)CCCCCCC/C=C\C/C=C\CCCCC)CCN1CCCCC1,0.4327923391009867
N(C(CCCCCOC(=O)CCCCCCCCCC)C(=O)NC(C)(C)C)(C(=O)CCCCCCC/C=C\C/C=C\CCCCC)CCCN(CCO)CCO,0.3636966066861787
N(C(CCCCCOC(=O)CCCCCCCCCC)C(=O)NC(C)(C)C)(C(=O)CCCCCCC/C=C\C/C=C\CCCCC)CCCN(CC)CC,0.4331601278164122
N(C(CCCCCOC(=O)CCCCCCCCCC)C(=O)NC(C)(C)C)(C(=O)CCCCCCC/C=C\C/C=C\CCCCC)CCCN(CCCC)CCCC,0.4925771706372914
N(C(CCCCCOC(=O)CCCCCCCCCC)C(=O)NC(C)(C)C)(C(=O)CCCCCCC/C=C\C/C=C\CCCCC)CCCN(C)C,0.4271022018237239
N(C(CCCCCOC(=O)CCCCCCCCCC)C(=O)NC(C)(C)C)(C(=O)CCCCCCC/C=C\C/C=C\CCCCC)CCCN1CCN(CC1)CCCN,0.5089063760749754
N(C(CCCCCOC(=O)CCCCCCCCCC)C(=O)NC(C)(C)C)(C(=O)CCCCCCC/C=C\C/C=C\CCCCC)CCN(C)CCN,0.48271338047923834
N(C(CCCCCOC(=O)CCCCCCCCCC)C(=O)NC(C)(C)C)(C(=O)CCCCCCC/C=C\C/C=C\CCCCC)CCCN1CCCCC1CC,0.39774063600809767
N(C(CCCCCOC(=O)CCCCCCCCCC)C(=O)NC(C)(C)C)(C(=O)CCCCCCC/C=C\C/C=C\CCCCC)CCN(CC1)CCS1(=O)=O,0.41360639013792366
N(C(CCCCCOC(=O)CCCCCCCCCC)C(=O)NC(C)(C)C)(C(=O)CCCCCCC/C=C\C/C=C\CCCCC)C1CCN(CC2=CC=CC=C2)CC1,0.23395347112795972
N(C(CCCCCOC(=O)CCCCCCCCCC)C(=O)NC(C)(C)C)(C(=O)CCCCCCC/C=C\C/C=C\CCCCC)CCCN1C=CN=C1,0.21895967021066223
N(C(CCCCCOC(=O)CCCCCCCCCC)C(=O)NC(C)(C)C)(C(=O)CCCCCCC/C=C\C/C=C\CCCCC)CC1=CC=CN=C1,0.18253646575366697
N(C(CCCCCOC(=O)CCCCCCCCCC)C(=O)NC(C)(C)C)(C(=O)CCCCCCC/C=C\C/C=C\CCCCC)CCN1CCOCC1,-0.09987496441838933
N(C(CCCCCOC(=O)CCCCCCCCCC)C(=O)NC(C)(C)C)(C(=O)CCCCCCC/C=C\C/C=C\CCCCC)CCN(C)C,0.38572860712272683
N(C(CCCCCOC(=O)CCCCCCCCCC)C(=O)NC2CCCCC2)(C(=O)CCCCCCC/C=C\C/C=C\CCCCC)CCCN(CCCC)CCCC,0.5417212066064623
N(C(CCCCCOC(=O)CCCCCCCCCC)C(=O)NC2CCCCC2)(C(=O)CCCCCCC/C=C\C/C=C\CCCCC)CCCN(C)C,0.4921925843807289
N(C(CCCCCOC(=O)CCCCCCCCCC)C(=O)NC2CCCCC2)(C(=O)CCCCCCC/C=C\C/C=C\CCCCC)CCN(C)C,0.45842014509006473
N(C(CCCCCOC(=O)CCCCCCCCCC)C(=O)NCCCC)(C(=O)CCCCCCC/C=C\C/C=C\CCCCC)CCN1CCCC1,0.5277276635244201
N(C(CCCCCOC(=O)CCCCCCCCCC)C(=O)NCCCC)(C(=O)CCCCCCC/C=C\C/C=C\CCCCC)CCCN(CCN1C)CC1,0.5193994188024277
N(C(CCCCCOC(=O)CCCCCCCCCC)C(=O)NCCCC)(C(=O)CCCCCCC/C=C\C/C=C\CCCCC)CCCN1CCCC1,0.5549580264168604
N(C(CCCCCOC(=O)CCCCCCCCCC)C(=O)NCCCC)(C(=O)CCCCCCC/C=C\C/C=C\CCCCC)CCCN1CCCCC1,0.5482520548610539
N(C(CCCCCOC(=O)CCCCCCCCCC)C(=O)NCCCC)(C(=O)CCCCCCC/C=C\C/C=C\CCCCC)CCCN1CCCCCC1,0.5418148439634384
N(C(CCCCCOC(=O)CCCCCCCCCC)C(=O)NCCCC)(C(=O)CCCCCCC/C=C\C/C=C\CCCCC)CCCN1CCOCC1,0.01641187853615577
N(C(CCCCCOC(=O)CCCCCCCCCC)C(=O)NCCCC)(C(=O)CCCCCCC/C=C\C/C=C\CCCCC)CCN1CCCCCC1,0.516762562238421
N(C(CCCCCOC(=O)CCCCCCCCCC)C(=O)NCCCC)(C(=O)CCCCCCC/C=C\C/C=C\CCCCC)CCN1CCCCC1CC,0.46014141653061097
N(C(CCCCCOC(=O)CCCCCCCCCC)C(=O)NCCCC)(C(=O)CCCCCCC/C=C\C/C=C\CCCCC)CCN1C=CN=C1,0.27313644607143
N(C(CCCCCOC(=O)CCCCCCCCCC)C(=O)NCCCC)(C(=O)CCCCCCC/C=C\C/C=C\CCCCC)CCN1CCN(C)CCC1,0.49042497078768427
N(C(CCCCCOC(=O)CCCCCCCCCC)C(=O)NCCCC)(C(=O)CCCCCCC/C=C\C/C=C\CCCCC)CCCN1CCN(C)CCC1,0.5112808455159032
N(C(CCCCCOC(=O)CCCCCCCCCC)C(=O)NCCCC)(C(=O)CCCCCCC/C=C\C/C=C\CCCCC)CCN1CCCCC1,0.5223462555227344
N(C(CCCCCOC(=O)CCCCCCCCCC)C(=O)NCCCC)(C(=O)CCCCCCC/C=C\C/C=C\CCCCC)CCCN(CCO)CCO,0.4574427009365663
N(C(CCCCCOC(=O)CCCCCCCCCC)C(=O)NCCCC)(C(=O)CCCCCCC/C=C\C/C=C\CCCCC)CCCN(CC)CC,0.5228377325153616
N(C(CCCCCOC(=O)CCCCCCCCCC)C(=O)NCCCC)(C(=O)CCCCCCC/C=C\C/C=C\CCCCC)CCCN(CCCC)CCCC,0.5746163913329625
N(C(CCCCCOC(=O)CCCCCCCCCC)C(=O)NCCCC)(C(=O)CCCCCCC/C=C\C/C=C\CCCCC)CCCN(C)C,0.5214429409435087
N(C(CCCCCOC(=O)CCCCCCCCCC)C(=O)NCCCC)(C(=O)CCCCCCC/C=C\C/C=C\CCCCC)CCCN1CCN(CC1)CCCN,0.587301930139026
N(C(CCCCCOC(=O)CCCCCCCCCC)C(=O)NCCCC)(C(=O)CCCCCCC/C=C\C/C=C\CCCCC)CCN(C)CCN,0.5731563157005207
N(C(CCCCCOC(=O)CCCCCCCCCC)C(=O)NCCCC)(C(=O)CCCCCCC/C=C\C/C=C\CCCCC)CCCN1CCCCC1CC,0.4865265414488203
N(C(CCCCCOC(=O)CCCCCCCCCC)C(=O)NCCCC)(C(=O)CCCCCCC/C=C\C/C=C\CCCCC)CCN(CC1)CCS1(=O)=O,0.5041349809058547
N(C(CCCCCOC(=O)CCCCCCCCCC)C(=O)NCCCC)(C(=O)CCCCCCC/C=C\C/C=C\CCCCC)C1CCN(CC2=CC=CC=C2)CC1,0.31556673715458744
N(C(CCCCCOC(=O)CCCCCCCCCC)C(=O)NCCCC)(C(=O)CCCCCCC/C=C\C/C=C\CCCCC)CCCN1C=CN=C1,0.30727530406529935
N(C(CCCCCOC(=O)CCCCCCCCCC)C(=O)NCCCC)(C(=O)CCCCCCC/C=C\C/C=C\CCCCC)CC1=CC=CN=C1,0.2712597378096184
N(C(CCCCCOC(=O)CCCCCCCCCC)C(=O)NCCCC)(C(=O)CCCCCCC/C=C\C/C=C\CCCCC)CCN1CCOCC1,-0.03550354417120397
N(C(CCCCCOC(=O)CCCCCCCCCC)C(=O)NCCCC)(C(=O)CCCCCCC/C=C\C/C=C\CCCCC)CCN(C)C,0.4873138517324283
N(C(CCCCCOC(=O)CCCCCCCCCC)C(=O)NCC(=O)OC(C)(C)C)(C(=O)CCCCCCCCCCCCCCC)CCCN(CCCC)CCCC,0.45073684851225726
N(C(CCCCCOC(=O)CCCCCCCCCC)C(=O)NCC(=O)OC(C)(C)C)(C(=O)CCCCCCCCCCCCCCC)CCCN(C)C,0.3809599817609214
N(C(CCCCCOC(=O)CCCCCCCCCC)C(=O)NCC(=O)OC(C)(C)C)(C(=O)CCCCCCCCCCCCCCC)CCN(C)C,0.34156468470616524
N(C(CCCCCOC(=O)CCCCCCCCCC)C(=O)NC(C)(C)C)(C(=O)CCCCCCCCCCCCCCC)CCCN(CCCC)CCCC,0.4892265674893367
N(C(CCCCCOC(=O)CCCCCCCCCC)C(=O)NC(C)(C)C)(C(=O)CCCCCCCCCCCCCCC)CCCN(C)C,0.42094301405822415
N(C(CCCCCOC(=O)CCCCCCCCCC)C(=O)NC(C)(C)C)(C(=O)CCCCCCCCCCCCCCC)CCN(C)C,0.3776167052000583
N(C(CCCCCOC(=O)CCCCCCCCCC)C(=O)NC2CCCCC2)(C(=O)CCCCCCCCCCCCCCC)CCCN(CCCC)CCCC,0.5377175543724977
N(C(CCCCCOC(=O)CCCCCCCCCC)C(=O)NC2CCCCC2)(C(=O)CCCCCCCCCCCCCCC)CCCN(C)C,0.4848542032708414
N(C(CCCCCOC(=O)CCCCCCCCCC)C(=O)NC2CCCCC2)(C(=O)CCCCCCCCCCCCCCC)CCN(C)C,0.4510020352255255
N(C(CCCCCOC(=O)CCCCCCCCCC)C(=O)NCCCC)(C(=O)CCCCCCCCCCCCCCC)CCCN(CCCC)CCCC,0.5692595244197464
N(C(CCCCCOC(=O)CCCCCCCCCC)C(=O)NCCCC)(C(=O)CCCCCCCCCCCCCCC)CCCN(C)C,0.5154612888920468
N(C(CCCCCOC(=O)CCCCCCCCCC)C(=O)NCCCC)(C(=O)CCCCCCCCCCCCCCC)CCN(C)C,0.48113727076830454
N(C(CCCCCOC(=O)CCCCCCCCCC)C(=O)NCC(=O)OC(C)(C)C)(C(=O)CCCCC(=O)OC(CCCCCCCC)CCCCCCCC)CCCN(CCCC)CCCC,0.4638424449782416
N(C(CCCCCOC(=O)CCCCCCCCCC)C(=O)NCC(=O)OC(C)(C)C)(C(=O)CCCCC(=O)OC(CCCCCCCC)CCCCCCCC)CCCN(C)C,0.40505539929862067
N(C(CCCCCOC(=O)CCCCCCCCCC)C(=O)NCC(=O)OC(C)(C)C)(C(=O)CCCCC(=O)OC(CCCCCCCC)CCCCCCCC)CCN(C)C,0.37182301286865876
N(C(CCCCCOC(=O)CCCCCCCCCC)C(=O)NC(C)(C)C)(C(=O)CCCCC(=O)OC(CCCCCCCC)CCCCCCCC)CCCN(CCCC)CCCC,0.49676127730698066
N(C(CCCCCOC(=O)CCCCCCCCCC)C(=O)NC(C)(C)C)(C(=O)CCCCC(=O)OC(CCCCCCCC)CCCCCCCC)CCCN(C)C,0.44050416767242745
N(C(CCCCCOC(=O)CCCCCCCCCC)C(=O)NC(C)(C)C)(C(=O)CCCCC(=O)OC(CCCCCCCC)CCCCCCCC)CCN(C)C,0.4043286673814533
N(C(CCCCCOC(=O)CCCCCCCCCC)C(=O)NC2CCCCC2)(C(=O)CCCCC(=O)OC(CCCCCCCC)CCCCCCCC)CCCN(CCCC)CCCC,0.5393186816978908
N(C(CCCCCOC(=O)CCCCCCCCCC)C(=O)NC2CCCCC2)(C(=O)CCCCC(=O)OC(CCCCCCCC)CCCCCCCC)CCCN(C)C,0.4928733613227645
N(C(CCCCCOC(=O)CCCCCCCCCC)C(=O)NC2CCCCC2)(C(=O)CCCCC(=O)OC(CCCCCCCC)CCCCCCCC)CCN(C)C,0.4644673492479849
N(C(CCCCCOC(=O)CCCCCCCCCC)C(=O)NCCCC)(C(=O)CCCCC(=O)OC(CCCCCCCC)CCCCCCCC)CCCN(CCCC)CCCC,0.5682089037439546
N(C(CCCCCOC(=O)CCCCCCCCCC)C(=O)NCCCC)(C(=O)CCCCC(=O)OC(CCCCCCCC)CCCCCCCC)CCCN(C)C,0.5197954714656173
N(C(CCCCCOC(=O)CCCCCCCCCC)C(=O)NCCCC)(C(=O)CCCCC(=O)OC(CCCCCCCC)CCCCCCCC)CCN(C)C,0.490346701393876
N(C(CCCCCOC(=O)CCCCCCCC)C(=O)NCC(=O)OC(C)(C)C)(C(=O)CCCCCCC/C=C\CCCCCCCC)CCCN(CCCC)CCCC,0.44963994524971584
N(C(CCCCCOC(=O)CCCCCCCC)C(=O)NCC(=O)OC(C)(C)C)(C(=O)CCCCCCC/C=C\CCCCCCCC)CCCN(C)C,0.37990525104846845
N(C(CCCCCOC(=O)CCCCCCCC)C(=O)NCC(=O)OC(C)(C)C)(C(=O)CCCCCCC/C=C\CCCCCCCC)CCN(C)C,0.34052484543089045
N(C(CCCCCOC(=O)CCCCCCCC)C(=O)NC(C)(C)C)(C(=O)CCCCCCC/C=C\CCCCCCCC)CCCN(CCCC)CCCC,0.4884805064867121
N(C(CCCCCOC(=O)CCCCCCCC)C(=O)NC(C)(C)C)(C(=O)CCCCCCC/C=C\CCCCCCCC)CCCN(C)C,0.4197825839246808
N(C(CCCCCOC(=O)CCCCCCCC)C(=O)NC(C)(C)C)(C(=O)CCCCCCC/C=C\CCCCCCCC)CCN(C)C,0.3763843792078189
N(C(CCCCCOC(=O)CCCCCCCC)C(=O)NC2CCCCC2)(C(=O)CCCCCCC/C=C\CCCCCCCC)CCCN(CCCC)CCCC,0.5369904948437124
N(C(CCCCCOC(=O)CCCCCCCC)C(=O)NC2CCCCC2)(C(=O)CCCCCCC/C=C\CCCCCCCC)CCCN(C)C,0.48381948664995583
N(C(CCCCCOC(=O)CCCCCCCC)C(=O)NC2CCCCC2)(C(=O)CCCCCCC/C=C\CCCCCCCC)CCN(C)C,0.45005622048459343
N(C(CCCCCOC(=O)CCCCCCCC)C(=O)NCCCC)(C(=O)CCCCCCC/C=C\CCCCCCCC)CCCN(CCCC)CCCC,0.5696113792973914
N(C(CCCCCOC(=O)CCCCCCCC)C(=O)NCCCC)(C(=O)CCCCCCC/C=C\CCCCCCCC)CCCN(C)C,0.5142004011232998
N(C(CCCCCOC(=O)CCCCCCCC)C(=O)NCCCC)(C(=O)CCCCCCC/C=C\CCCCCCCC)CCN(C)C,0.4798332276146152
N(C(CCCCCOC(=O)CCCCCCCC)C(=O)NCC(=O)OC(C)(C)C)(C(=O)CCCCCCC/C=C\C/C=C\CCCCC)CCCN(CCCC)CCCC,0.44669400201563975
N(C(CCCCCOC(=O)CCCCCCCC)C(=O)NCC(=O)OC(C)(C)C)(C(=O)CCCCCCC/C=C\C/C=C\CCCCC)CCCN(C)C,0.3769546914688671
N(C(CCCCCOC(=O)CCCCCCCC)C(=O)NCC(=O)OC(C)(C)C)(C(=O)CCCCCCC/C=C\C/C=C\CCCCC)CCN(C)C,0.33699986355357975
N(C(CCCCCOC(=O)CCCCCCCC)C(=O)NC(C)(C)C)(C(=O)CCCCCCC/C=C\C/C=C\CCCCC)CCCN(CCCC)CCCC,0.4858607155097115
N(C(CCCCCOC(=O)CCCCCCCC)C(=O)NC(C)(C)C)(C(=O)CCCCCCC/C=C\C/C=C\CCCCC)CCCN(C)C,0.4167816317216687
N(C(CCCCCOC(=O)CCCCCCCC)C(=O)NC(C)(C)C)(C(=O)CCCCCCC/C=C\C/C=C\CCCCC)CCN(C)C,0.3732524121405136
N(C(CCCCCOC(=O)CCCCCCCC)C(=O)NC2CCCCC2)(C(=O)CCCCCCC/C=C\C/C=C\CCCCC)CCCN(CCCC)CCCC,0.538027058002808
N(C(CCCCCOC(=O)CCCCCCCC)C(=O)NC2CCCCC2)(C(=O)CCCCCCC/C=C\C/C=C\CCCCC)CCCN(C)C,0.4860839679358861
N(C(CCCCCOC(=O)CCCCCCCC)C(=O)NC2CCCCC2)(C(=O)CCCCCCC/C=C\C/C=C\CCCCC)CCN(C)C,0.4498582537187473
N(C(CCCCCOC(=O)CCCCCCCC)C(=O)NCCCC)(C(=O)CCCCCCC/C=C\C/C=C\CCCCC)CCCN(CCCC)CCCC,0.5715841373290019
N(C(CCCCCOC(=O)CCCCCCCC)C(=O)NCCCC)(C(=O)CCCCCCC/C=C\C/C=C\CCCCC)CCCN(C)C,0.5161828683719505
N(C(CCCCCOC(=O)CCCCCCCC)C(=O)NCCCC)(C(=O)CCCCCCC/C=C\C/C=C\CCCCC)CCN(C)C,0.4794230578689807
N(C(CCCCCOC(=O)CCCCCCCC)C(=O)NCC(=O)OC(C)(C)C)(C(=O)CCCCCCCCCCCCCCC)CCCN(CCCC)CCCC,0.4424740069823511
N(C(CCCCCOC(=O)CCCCCCCC)C(=O)NCC(=O)OC(C)(C)C)(C(=O)CCCCCCCCCCCCCCC)CCCN(C)C,0.36902613292073577
N(C(CCCCCOC(=O)CCCCCCCC)C(=O)NCC(=O)OC(C)(C)C)(C(=O)CCCCCCCCCCCCCCC)CCN(C)C,0.3281803205362062
N(C(CCCCCOC(=O)CCCCCCCC)C(=O)NC(C)(C)C)(C(=O)CCCCCCCCCCCCCCC)CCCN(CCCC)CCCC,0.4830645205678987
N(C(CCCCCOC(=O)CCCCCCCC)C(=O)NC(C)(C)C)(C(=O)CCCCCCCCCCCCCCC)CCCN(C)C,0.40970611426084963
N(C(CCCCCOC(=O)CCCCCCCC)C(=O)NC(C)(C)C)(C(=O)CCCCCCCCCCCCCCC)CCN(C)C,0.364200384005915
N(C(CCCCCOC(=O)CCCCCCCC)C(=O)NC2CCCCC2)(C(=O)CCCCCCCCCCCCCCC)CCCN(CCCC)CCCC,0.5336510007078925
N(C(CCCCCOC(=O)CCCCCCCC)C(=O)NC2CCCCC2)(C(=O)CCCCCCCCCCCCCCC)CCCN(C)C,0.4780835433119331
N(C(CCCCCOC(=O)CCCCCCCC)C(=O)NC2CCCCC2)(C(=O)CCCCCCCCCCCCCCC)CCN(C)C,0.4427066707968223
N(C(CCCCCOC(=O)CCCCCCCC)C(=O)NCCCC)(C(=O)CCCCCCCCCCCCCCC)CCCN(CCCC)CCCC,0.5663421131793036
N(C(CCCCCOC(=O)CCCCCCCC)C(=O)NCCCC)(C(=O)CCCCCCCCCCCCCCC)CCCN(C)C,0.5096193185213157
N(C(CCCCCOC(=O)CCCCCCCC)C(=O)NCCCC)(C(=O)CCCCCCCCCCCCCCC)CCN(C)C,0.47362117524713315
N(C(CCCCCOC(=O)CCCCCCCC)C(=O)NCC(=O)OC(C)(C)C)(C(=O)CCCCC(=O)OC(CCCCCCCC)CCCCCCCC)CCCN(CCCC)CCCC,0.4571742381071189
N(C(CCCCCOC(=O)CCCCCCCC)C(=O)NCC(=O)OC(C)(C)C)(C(=O)CCCCC(=O)OC(CCCCCCCC)CCCCCCCC)CCCN(C)C,0.3956959225520423
N(C(CCCCCOC(=O)CCCCCCCC)C(=O)NCC(=O)OC(C)(C)C)(C(=O)CCCCC(=O)OC(CCCCCCCC)CCCCCCCC)CCN(C)C,0.3614300405990435
N(C(CCCCCOC(=O)CCCCCCCC)C(=O)NC(C)(C)C)(C(=O)CCCCC(=O)OC(CCCCCCCC)CCCCCCCC)CCCN(CCCC)CCCC,0.49157330907423896
N(C(CCCCCOC(=O)CCCCCCCC)C(=O)NC(C)(C)C)(C(=O)CCCCC(=O)OC(CCCCCCCC)CCCCCCCC)CCCN(C)C,0.4317599157614266
N(C(CCCCCOC(=O)CCCCCCCC)C(=O)NC(C)(C)C)(C(=O)CCCCC(=O)OC(CCCCCCCC)CCCCCCCC)CCN(C)C,0.3940997689666667
N(C(CCCCCOC(=O)CCCCCCCC)C(=O)NC2CCCCC2)(C(=O)CCCCC(=O)OC(CCCCCCCC)CCCCCCCC)CCCN(CCCC)CCCC,0.5358492150983801
N(C(CCCCCOC(=O)CCCCCCCC)C(=O)NC2CCCCC2)(C(=O)CCCCC(=O)OC(CCCCCCCC)CCCCCCCC)CCCN(C)C,0.4874327449668585
N(C(CCCCCOC(=O)CCCCCCCC)C(=O)NC2CCCCC2)(C(=O)CCCCC(=O)OC(CCCCCCCC)CCCCCCCC)CCN(C)C,0.45792738743384026
N(C(CCCCCOC(=O)CCCCCCCC)C(=O)NCCCC)(C(=O)CCCCC(=O)OC(CCCCCCCC)CCCCCCCC)CCCN(CCCC)CCCC,0.5654879403427657
N(C(CCCCCOC(=O)CCCCCCCC)C(=O)NCCCC)(C(=O)CCCCC(=O)OC(CCCCCCCC)CCCCCCCC)CCCN(C)C,0.5149850011653413
N(C(CCCCCOC(=O)CCCCCCCC)C(=O)NCCCC)(C(=O)CCCCC(=O)OC(CCCCCCCC)CCCCCCCC)CCN(C)C,0.48445818039052607
N(C(CCCCC(=O)OC(CCCCCCCC)CCCCCCCC)C(=O)NCC(=O)OC(C)(C)C)(C(=O)CCCCCCC/C=C\CCCCCCCC)CCCN(CCCC)CCCC,0.47091382261952514
N(C(CCCCC(=O)OC(CCCCCCCC)CCCCCCCC)C(=O)NCC(=O)OC(C)(C)C)(C(=O)CCCCCCC/C=C\CCCCCCCC)CCCN(C)C,0.4122778654615135
N(C(CCCCC(=O)OC(CCCCCCCC)CCCCCCCC)C(=O)NCC(=O)OC(C)(C)C)(C(=O)CCCCCCC/C=C\CCCCCCCC)CCN(C)C,0.37844606890225735
N(C(CCCCC(=O)OC(CCCCCCCC)CCCCCCCC)C(=O)NC(C)(C)C)(C(=O)CCCCCCC/C=C\CCCCCCCC)CCCN(CCCC)CCCC,0.5029306210326359
N(C(CCCCC(=O)OC(CCCCCCCC)CCCCCCCC)C(=O)NC(C)(C)C)(C(=O)CCCCCCC/C=C\CCCCCCCC)CCCN(C)C,0.4488526051832335
N(C(CCCCC(=O)OC(CCCCCCCC)CCCCCCCC)C(=O)NC(C)(C)C)(C(=O)CCCCCCC/C=C\CCCCCCCC)CCN(C)C,0.41218884445006265
N(C(CCCCC(=O)OC(CCCCCCCC)CCCCCCCC)C(=O)NC2CCCCC2)(C(=O)CCCCCCC/C=C\CCCCCCCC)CCCN(CCCC)CCCC,0.5448283943223032
N(C(CCCCC(=O)OC(CCCCCCCC)CCCCCCCC)C(=O)NC2CCCCC2)(C(=O)CCCCCCC/C=C\CCCCCCCC)CCCN(C)C,0.4994436718858781
N(C(CCCCC(=O)OC(CCCCCCCC)CCCCCCCC)C(=O)NC2CCCCC2)(C(=O)CCCCCCC/C=C\CCCCCCCC)CCN(C)C,0.47063002160978423
N(C(CCCCC(=O)OC(CCCCCCCC)CCCCCCCC)C(=O)NCCCC)(C(=O)CCCCCCC/C=C\CCCCCCCC)CCCN(CCCC)CCCC,0.5735680341556219
N(C(CCCCC(=O)OC(CCCCCCCC)CCCCCCCC)C(=O)NCCCC)(C(=O)CCCCCCC/C=C\CCCCCCCC)CCCN(C)C,0.5268917773727371
N(C(CCCCC(=O)OC(CCCCCCCC)CCCCCCCC)C(=O)NCCCC)(C(=O)CCCCCCC/C=C\CCCCCCCC)CCN(C)C,0.49722469883196424
N(C(CCCCC(=O)OC(CCCCCCCC)CCCCCCCC)C(=O)NCC(=O)OC(C)(C)C)(C(=O)CCCCCCC/C=C\C/C=C\CCCCC)CCCN(CCCC)CCCC,0.46795120097580956
N(C(CCCCC(=O)OC(CCCCCCCC)CCCCCCCC)C(=O)NCC(=O)OC(C)(C)C)(C(=O)CCCCCCC/C=C\C/C=C\CCCCC)CCCN(C)C,0.40992996234451134
N(C(CCCCC(=O)OC(CCCCCCCC)CCCCCCCC)C(=O)NCC(=O)OC(C)(C)C)(C(=O)CCCCCCC/C=C\C/C=C\CCCCC)CCN(C)C,0.37592524641674263
N(C(CCCCC(=O)OC(CCCCCCCC)CCCCCCCC)C(=O)NC(C)(C)C)(C(=O)CCCCCCC/C=C\C/C=C\CCCCC)CCCN(CCCC)CCCC,0.5034948873701898
N(C(CCCCC(=O)OC(CCCCCCCC)CCCCCCCC)C(=O)NC(C)(C)C)(C(=O)CCCCCCC/C=C\C/C=C\CCCCC)CCCN(C)C,0.44592054076860743
N(C(CCCCC(=O)OC(CCCCCCCC)CCCCCCCC)C(=O)NC(C)(C)C)(C(=O)CCCCCCC/C=C\C/C=C\CCCCC)CCN(C)C,0.40960711598648936
N(C(CCCCC(=O)OC(CCCCCCCC)CCCCCCCC)C(=O)NC2CCCCC2)(C(=O)CCCCCCC/C=C\C/C=C\CCCCC)CCCN(CCCC)CCCC,0.545528411001173
N(C(CCCCC(=O)OC(CCCCCCCC)CCCCCCCC)C(=O)NC2CCCCC2)(C(=O)CCCCCCC/C=C\C/C=C\CCCCC)CCCN(C)C,0.5011707509869239
N(C(CCCCC(=O)OC(CCCCCCCC)CCCCCCCC)C(=O)NC2CCCCC2)(C(=O)CCCCCCC/C=C\C/C=C\CCCCC)CCN(C)C,0.4730280195214537
N(C(CCCCC(=O)OC(CCCCCCCC)CCCCCCCC)C(=O)NCCCC)(C(=O)CCCCCCC/C=C\C/C=C\CCCCC)CCCN(CCCC)CCCC,0.5757208594455905
N(C(CCCCC(=O)OC(CCCCCCCC)CCCCCCCC)C(=O)NCCCC)(C(=O)CCCCCCC/C=C\C/C=C\CCCCC)CCCN(C)C,0.5281375950070598
N(C(CCCCC(=O)OC(CCCCCCCC)CCCCCCCC)C(=O)NCCCC)(C(=O)CCCCCCC/C=C\C/C=C\CCCCC)CCN(C)C,0.4994278869624693
N(C(CCCCC(=O)OC(CCCCCCCC)CCCCCCCC)C(=O)NCC(=O)OC(C)(C)C)(C(=O)CCCCCCCCCCCCCCC)CCCN(CCCC)CCCC,0.4653811771818583
N(C(CCCCC(=O)OC(CCCCCCCC)CCCCCCCC)C(=O)NCC(=O)OC(C)(C)C)(C(=O)CCCCCCCCCCCCCCC)CCCN(C)C,0.40399158480948905
N(C(CCCCC(=O)OC(CCCCCCCC)CCCCCCCC)C(=O)NCC(=O)OC(C)(C)C)(C(=O)CCCCCCCCCCCCCCC)CCN(C)C,0.36886039122494313
N(C(CCCCC(=O)OC(CCCCCCCC)CCCCCCCC)C(=O)NC(C)(C)C)(C(=O)CCCCCCCCCCCCCCC)CCCN(CCCC)CCCC,0.4986332500917697
N(C(CCCCC(=O)OC(CCCCCCCC)CCCCCCCC)C(=O)NC(C)(C)C)(C(=O)CCCCCCCCCCCCCCC)CCCN(C)C,0.4412769141304752
N(C(CCCCC(=O)OC(CCCCCCCC)CCCCCCCC)C(=O)NC(C)(C)C)(C(=O)CCCCCCCCCCCCCCC)CCN(C)C,0.4031456022633992
N(C(CCCCC(=O)OC(CCCCCCCC)CCCCCCCC)C(=O)NC2CCCCC2)(C(=O)CCCCCCCCCCCCCCC)CCCN(CCCC)CCCC,0.5421317337465892
N(C(CCCCC(=O)OC(CCCCCCCC)CCCCCCCC)C(=O)NC2CCCCC2)(C(=O)CCCCCCCCCCCCCCC)CCCN(C)C,0.4950947765723756
N(C(CCCCC(=O)OC(CCCCCCCC)CCCCCCCC)C(=O)NC2CCCCC2)(C(=O)CCCCCCCCCCCCCCC)CCN(C)C,0.4650594327901875
N(C(CCCCC(=O)OC(CCCCCCCC)CCCCCCCC)C(=O)NCCCC)(C(=O)CCCCCCCCCCCCCCC)CCCN(CCCC)CCCC,0.5707201361439266
N(C(CCCCC(=O)OC(CCCCCCCC)CCCCCCCC)C(=O)NCCCC)(C(=O)CCCCCCCCCCCCCCC)CCCN(C)C,0.523184107344125
N(C(CCCCC(=O)OC(CCCCCCCC)CCCCCCCC)C(=O)NCCCC)(C(=O)CCCCCCCCCCCCCCC)CCN(C)C,0.49258732659744686
N(C(CCCCC(=O)OC(CCCCCCCC)CCCCCCCC)C(=O)NCC(=O)OC(C)(C)C)(C(=O)CCCCC(=O)OC(CCCCCCCC)CCCCCCCC)CCCN(CCCC)CCCC,0.4756588003790917
N(C(CCCCC(=O)OC(CCCCCCCC)CCCCCCCC)C(=O)NCC(=O)OC(C)(C)C)(C(=O)CCCCC(=O)OC(CCCCCCCC)CCCCCCCC)CCCN(C)C,0.42292694066771835
N(C(CCCCC(=O)OC(CCCCCCCC)CCCCCCCC)C(=O)NCC(=O)OC(C)(C)C)(C(=O)CCCCC(=O)OC(CCCCCCCC)CCCCCCCC)CCN(C)C,0.39273264568509086
N(C(CCCCC(=O)OC(CCCCCCCC)CCCCCCCC)C(=O)NC(C)(C)C)(C(=O)CCCCC(=O)OC(CCCCCCCC)CCCCCCCC)CCCN(CCCC)CCCC,0.5044596142363381
N(C(CCCCC(=O)OC(CCCCCCCC)CCCCCCCC)C(=O)NC(C)(C)C)(C(=O)CCCCC(=O)OC(CCCCCCCC)CCCCCCCC)CCCN(C)C,0.45627682053701574
N(C(CCCCC(=O)OC(CCCCCCCC)CCCCCCCC)C(=O)NC(C)(C)C)(C(=O)CCCCC(=O)OC(CCCCCCCC)CCCCCCCC)CCN(C)C,0.423672674058725
N(C(CCCCC(=O)OC(CCCCCCCC)CCCCCCCC)C(=O)NC2CCCCC2)(C(=O)CCCCC(=O)OC(CCCCCCCC)CCCCCCCC)CCCN(CCCC)CCCC,0.5431485806428609
N(C(CCCCC(=O)OC(CCCCCCCC)CCCCCCCC)C(=O)NC2CCCCC2)(C(=O)CCCCC(=O)OC(CCCCCCCC)CCCCCCCC)CCCN(C)C,0.500974720107911
N(C(CCCCC(=O)OC(CCCCCCCC)CCCCCCCC)C(=O)NC2CCCCC2)(C(=O)CCCCC(=O)OC(CCCCCCCC)CCCCCCCC)CCN(C)C,0.47533753251341065
N(C(CCCCC(=O)OC(CCCCCCCC)CCCCCCCC)C(=O)NCCCC)(C(=O)CCCCC(=O)OC(CCCCCCCC)CCCCCCCC)CCCN(CCCC)CCCC,0.569773695962633
N(C(CCCCC(=O)OC(CCCCCCCC)CCCCCCCC)C(=O)NCCCC)(C(=O)CCCCC(=O)OC(CCCCCCCC)CCCCCCCC)CCCN(C)C,0.526290044179243
N(C(CCCCC(=O)OC(CCCCCCCC)CCCCCCCC)C(=O)NCCCC)(C(=O)CCCCC(=O)OC(CCCCCCCC)CCCCCCCC)CCN(C)C,0.4995702491018923
CCCCN(CCCC)CCCN(CC(C(O)CCCCCOC(=O)CCCCCCCC)CCCCOC(=O)CCCCCCCC),0.57093326239282
CCCCN(CCCC)CCCN(CC(C(O)CCCCCOC(=O)CCCCCCCCCCCCCCCCC)CCCCOC(=O)CCCCCCCCCCCCCCCCC),0.5756601023819037
CCCCCCCC/C=C\CCCCCCCC(OCCCCCC(C(CNCCCN(CCCC)CCCC)CCCCOC(CCCCCCC/C=C\CCCCCCCC)=O)O)=O,0.5811148358202545
CCCCN(CCCNCC(CCCCOC(CCCCCCC/C=C\C/C=C\CCCCC)=O)C(O)CCCCCOC(CCCCCCC/C=C\C/C=C\CCCCC)=O)CCCC,0.5879950967567938
CCCCN(CCCC)CCCN(CC(C(O)CCCCCOC(=O)CCCCCCCCC)CCCCOC(=O)CCCCCCCCC),0.577098734344809
CCCCN(CCCC)CCCN(CC(C(O)CCCCCOC(=O)CCCCCCCCCC)CCCCOC(=O)CCCCCCCCCC),0.5770874168525535
CCCCN(CCCC)CCCN(CC(C(O)CCCCCOC(=O)CCCCCCCCCCC)CCCCOC(=O)CCCCCCCCCCC),0.5769518452084837
CCCCN(CCCC)CCCN(CC(C(O)CCCCCOC(=O)CCCCCCCCCCCC)CCCCOC(=O)CCCCCCCCCCCC),0.576538220649424
CCCCN(CCCC)CCCN(CC(C(O)CCCCCOC(=O)CCCCCCCCCCCCC)CCCCOC(=O)CCCCCCCCCCCCC),0.5761533067812434
CCCCN(CCCC)CCCN(CC(C(O)CCCCCOC(=O)CCCCCCCCCCCCCC)CCCCOC(=O)CCCCCCCCCCCCCC),0.5758755516949969
CCCCN(CCCC)CCCN(CC(C(O)CCCCCOC(=O)CCCCCCCCCCCCCCC)CCCCOC(=O)CCCCCCCCCCCCCCC),0.5756829160636605
CCCCN(CCCC)CCCN(CC(C(O)CCCCCOC(=O)CCCCCCCCCCCCCCCC)CCCCOC(=O)CCCCCCCCCCCCCCCC),0.5756711816111642
OC(C(CN(CCCNC)C)CCCCOC(CCCCCCC/C=C\C/C=C\CCCCC)=O)CCCCCOC(CCCCCCC/C=C\C/C=C\CCCCC)=O,0.5899500446295394
CCCCCCCC/C=C\CCCCCCCC(OCCCCCC(C(CNCCO)CCCCOC(CCCCCCC/C=C\CCCCCCCC)=O)O)=O,0.5395964367841373
CCCCCCCC/C=C\CCCCCCCC(OCCCCCC(C(CNCCCO)CCCCOC(CCCCCCC/C=C\CCCCCCCC)=O)O)=O,0.5465696202886682
CN(CC(CCCCOC(CCCCCCC/C=C\CCCCCCCC)=O)C(O)CCCCCOC(CCCCCCC/C=C\CCCCCCCC)=O)CCO,0.49903945871511485
CCCCCCCC/C=C\CCCCCCCC(OCCCCCC(C(CN(C)CC1=CC=CN=C1)CCCCOC(CCCCCCC/C=C\CCCCCCCC)=O)O)=O,0.318269116042178
OC(C(CN(C)CC1=CC=CN=C1)CCCCOC(CCCCCCC/C=C\C/C=C\CCCCC)=O)CCCCCOC(CCCCCCC/C=C\C/C=C\CCCCC)=O,0.3159249655673447
O=C(OCCCCCC(C(CN(C)CC1=CC=CN=C1)CCCCOC(CCCCCCCCCCCCCCC)=O)O)CCCCCCCCCCCCCCC,0.2950702225883512
CCCCCCCC/C=C\CCCCCCCC(OCCCCCC(C(CNCCCN1C=NC=C1)CCCCOC(CCCCCCC/C=C\CCCCCCCC)=O)O)=O,0.35931462259926633
OC(C(CNCCCN1C=CN=C1)CCCCOC(CCCCCCC/C=C\C/C=C\CCCCC)=O)CCCCCOC(CCCCCCC/C=C\C/C=C\CCCCC)=O,0.3552104829472236
n1cccn1CCCN(CC(C(O)CCCCCOC(=O)CCCCCCCCCCCCCCCCC)CCCCOC(=O)CCCCCCCCCCCCCCCCC)C,0.5404868851616411
CCCCCCCC/C=C\CCCCCCCC(OCCCCCC(C(CN(C)CCCN1N=CC=C1)CCCCOC(CCCCCCC/C=C\CCCCCCCC)=O)O)=O,0.5452168821354064
n1cccn1CCCN(CC(C(O)CCCCCOC(=O)CCCCCCC/C=C\C/C=C\CCCCC)CCCCOC(=O)CCCCCCC/C=C\C/C=C\CCCCC)C,0.5490987819790026
n1cccn1CCCN(CC(C(O)CCCCCOC(=O)CCCCCCCCC)CCCCOC(=O)CCCCCCCCC)C,0.5263371606864746
n1cccn1CCCN(CC(C(O)CCCCCOC(=O)CCCCCCCCCC)CCCCOC(=O)CCCCCCCCCC)C,0.5291326408393028
n1cccn1CCCN(CC(C(O)CCCCCOC(=O)CCCCCCCCCCC)CCCCOC(=O)CCCCCCCCCCC)C,0.5314975797604368
n1cccn1CCCN(CC(C(O)CCCCCOC(=O)CCCCCCCCCCCC)CCCCOC(=O)CCCCCCCCCCCC)C,0.5337513094287245
n1cccn1CCCN(CC(C(O)CCCCCOC(=O)CCCCCCCCCCCCC)CCCCOC(=O)CCCCCCCCCCCCC)C,0.5353518410966304
n1cccn1CCCN(CC(C(O)CCCCCOC(=O)CCCCCCCCCCCCCC)CCCCOC(=O)CCCCCCCCCCCCCC)C,0.5367706972309632
O=C(OCCCCCC(C(CN(C)CCCN1N=CC=C1)CCCCOC(CCCCCCCCCCCCCCC)=O)O)CCCCCCCCCCCCCCC,0.5380933546811251
n1cccn1CCCN(CC(C(O)CCCCCOC(=O)CCCCCCCCCCCCCCCC)CCCCOC(=O)CCCCCCCCCCCCCCCC)C,0.5393292844011616
CCCCCCCC/C=C\CCCCCCCC(OCCCCCC(C(CN1CCN(C2=CN=CC=C2)CC1)CCCCOC(CCCCCCC/C=C\CCCCCCCC)=O)O)=O,0.3014511438534333
O=C(OCCCCCC(C(CN1CCN(C2=CN=CC=C2)CC1)CCCCOC(CCCCCCCCCCCCCCC)=O)O)CCCCCCCCCCCCCCC,0.27968313881517914
CCCCCCCC/C=C\CCCCCCCC(OCCCCCC(C(CNCCCN(CCO)CCO)CCCCOC(CCCCCCC/C=C\CCCCCCCC)=O)O)=O,0.4824210913503059
OCCN(CCCNCC(CCCCOC(CCCCCCC/C=C\C/C=C\CCCCC)=O)C(O)CCCCCOC(CCCCCCC/C=C\C/C=C\CCCCC)=O)CCO,0.4842897880189157
CCCCCCCC/C=C\CCCCCCCC(OCCCCCC(C(CNCCNCCN1CCN(CCNCC(CCCCOC(CCCCCCC/C=C\CCCCCCCC)=O)C(O)CCCCCOC(CCCCCCC/C=C\CCCCCCCC)=O)CC1)CCCCOC(CCCCCCC/C=C\CCCCCCCC)=O)O)=O,0.580212712556003
OC(C(CNCCNCCN1CCN(CCNCC(CCCCOC(CCCCCCC/C=C\C/C=C\CCCCC)=O)C(O)CCCCCOC(CCCCCCC/C=C\C/C=C\CCCCC)=O)CC1)CCCCOC(CCCCCCC/C=C\C/C=C\CCCCC)=O)CCCCCOC(CCCCCCC/C=C\C/C=C\CCCCC)=O,0.5874098632756931
CCCCCCCC/C=C\CCCCCCCC(OCCCCCC(C(CNCCN1CCOCC1)CCCCOC(CCCCCCC/C=C\CCCCCCCC)=O)O)=O,0.054473586895146385
OC(C(CNCCN1CCOCC1)CCCCOC(CCCCCCC/C=C\C/C=C\CCCCC)=O)CCCCCOC(CCCCCCC/C=C\C/C=C\CCCCC)=O,0.052539635948821994
CN(CCNCC(CCCCOC(CCCCCCC/C=C\CCCCCCCC)=O)C(O)CCCCCOC(CCCCCCC/C=C\CCCCCCCC)=O)CCNCC(CCCCOC(CCCCCCC/C=C\CCCCCCCC)=O)C(O)CCCCCOC(CCCCCCC/C=C\CCCCCCCC)=O,0.5821197695667838
OC(C(CNCCN(C)CCNCC(CCCCOC(CCCCCCC/C=C\C/C=C\CCCCC)=O)C(O)CCCCCOC(CCCCCCC/C=C\C/C=C\CCCCC)=O)CCCCOC(CCCCCCC/C=C\C/C=C\CCCCC)=O)CCCCCOC(CCCCCCC/C=C\C/C=C\CCCCC)=O,0.590419065334902
CCCCCCCC/C=C\CCCCCCCC(OCCCCCC(C(CN1CCN(C)CC1)CCCCOC(CCCCCCC/C=C\CCCCCCCC)=O)O)=O,0.516237668860766
OC(C(CN1CCN(C)CC1)CCCCOC(CCCCCCC/C=C\C/C=C\CCCCC)=O)CCCCCOC(CCCCCCC/C=C\C/C=C\CCCCC)=O,0.5198336531105421
O=C(OCCCCCC(C(CN1CCN(C)CC1)CCCCOC(CCCCCCCCCCCCCCC)=O)O)CCCCCCCCCCCCCCC,0.5084116229661689
OC(C(CNCCCNCC(CCCCOC(CCCCCCC/C=C\C/C=C\CCCCC)=O)C(O)CCCCCOC(CCCCCCC/C=C\C/C=C\CCCCC)=O)CCCCOC(CCCCCCC/C=C\C/C=C\CCCCC)=O)CCCCCOC(CCCCCCC/C=C\C/C=C\CCCCC)=O,0.5951388169998888
CCCCCCCC/C=C\CCCCCCCC(OCCCCCC(C(CN1CCN(CC1)CC(CCCCOC(CCCCCCC/C=C\CCCCCCCC)=O)C(O)CCCCCOC(CCCCCCC/C=C\CCCCCCCC)=O)CCCCOC(CCCCCCC/C=C\CCCCCCCC)=O)O)=O,0.5748198083648158
OC(C(CN1CCN(CC(CCCCOC(CCCCCCC/C=C\C/C=C\CCCCC)=O)C(O)CCCCCOC(CCCCCCC/C=C\C/C=C\CCCCC)=O)CC1)CCCCOC(CCCCCCC/C=C\C/C=C\CCCCC)=O)CCCCCOC(CCCCCCC/C=C\C/C=C\CCCCC)=O,0.5834763199279631
CCCCCCCC/C=C\CCCCCCCC(OCCCCCC(C(CN(CCCN(C)C)CCCN(C)C)CCCCOC(CCCCCCC/C=C\CCCCCCCC)=O)O)=O,0.5175398356933709
OC[C@H]1N(CC(CCCCOC(CCCCCCC/C=C\CCCCCCCC)=O)C(O)CCCCCOC(CCCCCCC/C=C\CCCCCCCC)=O)CCC1,0.5023634359733951
CCCCCCCC/C=C\CCCCCCCC(OCCCCCC(C(CNC[C@@H](O)C)CCCCOC(CCCCCCC/C=C\CCCCCCCC)=O)O)=O,0.5157807400023922
CCCCCCCC/C=C\CCCCCCCC(OCCCCCC(C(CN[C@H]1CCCC[C@H]1O)CCCCOC(CCCCCCC/C=C\CCCCCCCC)=O)O)=O,0.5081055145835353
CN(CC(CCCCOC(CCCCCCC/C=C\C/C=C\CCCCC)=O)C(O)CCCCCOC(CCCCCCC/C=C\C/C=C\CCCCC)=O)CCCN(CC(CCCCOC(CCCCCCC/C=C\C/C=C\CCCCC)=O)C(O)CCCCCOC(CCCCCCC/C=C\C/C=C\CCCCC)=O)C,0.5931935187784346
CCCCCCCCCCCCCCCC(OCCCCCC(C(CN(CCCN(C)CC(CCCCOC(CCCCCCCCCCCCCCC)=O)C(O)CCCCCOC(CCCCCCCCCCCCCCC)=O)C)CCCCOC(CCCCCCCCCCCCCCC)=O)O)=O,0.5781684160601888
OC[C@H]1N(CC(CCCCOC(CCCCCCC/C=C\CCCCCCCC)=O)C(O)CCCCCOC(CCCCCCC/C=C\CCCCCCCC)=O)CCCC1,0.49347869824405566
CN1CCN(CC(CCCCOC(CCCCCCC/C=C\CCCCCCCC)=O)C(O)CCCCCOC(CCCCCCC/C=C\CCCCCCCC)=O)CCC1,0.5109235701551255
OC(C(CN1CCN(C)CCC1)CCCCOC(CCCCCCC/C=C\C/C=C\CCCCC)=O)CCCCCOC(CCCCCCC/C=C\C/C=C\CCCCC)=O,0.5135959279053649
CCCCCCCC/C=C\CCCCCCCC(OCCCCCC(C(CNCCN1CCCC1)CCCCOC(CCCCCCC/C=C\CCCCCCCC)=O)O)=O,0.5529181973521995
OC(C(CNCCN1CCCC1)CCCCOC(CCCCCCC/C=C\C/C=C\CCCCC)=O)CCCCCOC(CCCCCCC/C=C\C/C=C\CCCCC)=O,0.5582650572196319
CCCCCCCC/C=C\CCCCCCCC(OCCCCCC(C(CNCCN1CCCCC1)CCCCOC(CCCCCCC/C=C\CCCCCCCC)=O)O)=O,0.5479563109186961
OC(C(CNCCN1CCCCC1)CCCCOC(CCCCCCC/C=C\C/C=C\CCCCC)=O)CCCCCOC(CCCCCCC/C=C\C/C=C\CCCCC)=O,0.5527210942897096
CCCCCCCC/C=C\CCCCCCCC(OCCCCCC(C(CNCCCN1C(CC)CCCC1)CCCCOC(CCCCCCC/C=C\CCCCCCCC)=O)O)=O,0.505932496504753
OC(C(CNCCCN1CCCCC1CC)CCCCOC(CCCCCCC/C=C\C/C=C\CCCCC)=O)CCCCCOC(CCCCCCC/C=C\C/C=C\CCCCC)=O,0.5075245698363419
CN1CCN(CCNCC(CCCCOC(CCCCCCC/C=C\CCCCCCCC)=O)C(O)CCCCCOC(CCCCCCC/C=C\CCCCCCCC)=O)CC1,0.5221115069070583
OC(C(CNCCN1CCN(C)CC1)CCCCOC(CCCCCCC/C=C\C/C=C\CCCCC)=O)CCCCCOC(CCCCCCC/C=C\C/C=C\CCCCC)=O,0.525147453987439
CN(CC(CCCCOC(CCCCCCC/C=C\CCCCCCCC)=O)C(O)CCCCCOC(CCCCCCC/C=C\CCCCCCCC)=O)CCN(C)C,0.5281146621938055
OC(C(CN(CCN(C)C)C)CCCCOC(CCCCCCC/C=C\C/C=C\CCCCC)=O)CCCCCOC(CCCCCCC/C=C\C/C=C\CCCCC)=O,0.5331091310918545
CCCCCCCC/C=C\CCCCCCCC(OCCCCCC(C(CNCCCN(C)C)CCCCOC(CCCCCCC/C=C\CCCCCCCC)=O)O)=O,0.5354293957014541
OC(C(CNCCCN(C)C)CCCCOC(CCCCCCC/C=C\C/C=C\CCCCC)=O)CCCCCOC(CCCCCCC/C=C\C/C=C\CCCCC)=O,0.5411657559997178
N3(CCCN1CCN(CC1)CCCN)C(CCCC(=O)OCCCCCCCC/C=C\C/C=C\CCCCC)(CCCC(=O)OCCCCCCCC/C=C\C/C=C\CCCCC)C=NC3(C(=O)OC),0.6430006108793992
N3(CCCN1CCN(CC1)CCCN)C(CCCC(=O)OCCCCCCCC/C=C\CCCCCCCC)(CCCC(=O)OCCCCCCCC/C=C\CCCCCCCC)C=NC3(C(=O)OC),0.6378444805393443
N3(CCCN1CCN(CC1)CCCN)C(CCCC(=O)OCCC#CCCCCCC)(CCCC(=O)OCCC#CCCCCCC)C=NC3(C(=O)OC),0.6301108211210004
N3(CCCN1CCN(CC1)CCCN)C(CCCC(=O)OC(CCCCCCCC)CCCCCCCC)(CCCC(=O)OCCCCCCCC/C=C\CCCCCCCC)C=NC3(C(=O)OC),0.637394282610575
N3(CCCN1CCN(CC1)CCCN)C(CCCC(=O)OCCCCCCCC/C=C\CCCCCCCC)(CCCC(=O)OCCC#CCCCCCC)C=NC3(C(=O)OC),0.6343953854258935
N3(CCCN1CCN(CC1)CCCN)C(CCCC(=O)OCCCCCCCCCCCC)(CCCC(=O)OCCCCCCCCCCCC)C=NC3(C(=O)OC),0.6457469492895396
N3(CCCN1CCN(CC1)CCCN)C(CCCC(=O)OC(CCCCCCCC)CCCCCCCC)(CCCC(=O)OC(CCCCCCCC)CCCCCCCC)C=NC3(C(=O)OC),0.6369890568220835
N3(CCCN1CCN(CC1)CCCN)C(CCCCCCC/C=C\CCCCCCCC)(CCCCCCC/C=C\CCCCCCCC)C=NC3(C(=O)OC),0.6589301599260964
N3(CCCN1CCN(CC1)CCCN)C(CCCC(=O)OCCCCCCCC/C=C\C/C=C\CCCCC)(CCCC(=O)OCCCCCCCC/C=C\C/C=C\CCCCC)C=NC3(C(=O)OCC),0.638830889338024
N3(CCCN1CCN(CC1)CCCN)C(CCCC(=O)OCCCCCCCC/C=C\CCCCCCCC)(CCCC(=O)OCCCCCCCC/C=C\CCCCCCCC)C=NC3(C(=O)OCC),0.6339672268241476
N3(CCCN1CCN(CC1)CCCN)C(CCCC(=O)OCCC#CCCCCCC)(CCCC(=O)OCCC#CCCCCCC)C=NC3(C(=O)OCC),0.625348301248438
N3(CCCN1CCN(CC1)CCCN)C(CCCC(=O)OC(CCCCCCCC)CCCCCCCC)(CCCC(=O)OCCCCCCCC/C=C\CCCCCCCC)C=NC3(C(=O)OCC),0.6335245341797161
N3(CCCN1CCN(CC1)CCCN)C(CCCC(=O)OCCCCCCCC/C=C\CCCCCCCC)(CCCC(=O)OCCC#CCCCCCC)C=NC3(C(=O)OCC),0.6300775238674701
N3(CCCN1CCN(CC1)CCCN)C(CCCC(=O)OCCCCCCCCCCCC)(CCCC(=O)OCCCCCCCCCCCC)C=NC3(C(=O)OCC),0.64083485982196
N3(CCCN1CCN(CC1)CCCN)C(CCCC(=O)OC(CCCCCCCC)CCCCCCCC)(CCCC(=O)OC(CCCCCCCC)CCCCCCCC)C=NC3(C(=O)OCC),0.6331554648006932
N3(CCCN1CCN(CC1)CCCN)C(CCCCCCC/C=C\CCCCCCCC)(CCCCCCC/C=C\CCCCCCCC)C=NC3(C(=O)OCC),0.6538838092609187
N3(CCCN1CCN(CC1)CCCN)C(CCCC(=O)OCCCCCCCC/C=C\C/C=C\CCCCC)(CCCC(=O)OCCCCCCCC/C=C\C/C=C\CCCCC)C=NC3(C(=O)OC(C)(C)C),0.5619297207776734
N3(CCCN1CCN(CC1)CCCN)C(CCCC(=O)OCCCCCCCC/C=C\CCCCCCCC)(CCCC(=O)OCCCCCCCC/C=C\CCCCCCCC)C=NC3(C(=O)OC(C)(C)C),0.5601849208663857
N3(CCCN1CCN(CC1)CCCN)C(CCCC(=O)OCCC#CCCCCCC)(CCCC(=O)OCCC#CCCCCCC)C=NC3(C(=O)OC(C)(C)C),0.5298169321605125
N3(CCCN1CCN(CC1)CCCN)C(CCCC(=O)OC(CCCCCCCC)CCCCCCCC)(CCCC(=O)OCCCCCCCC/C=C\CCCCCCCC)C=NC3(C(=O)OC(C)(C)C),0.5583031197330592
N3(CCCN1CCN(CC1)CCCN)C(CCCC(=O)OCCCCCCCC/C=C\CCCCCCCC)(CCCC(=O)OCCC#CCCCCCC)C=NC3(C(=O)OC(C)(C)C),0.5472685052183125
N3(CCCN1CCN(CC1)CCCN)C(CCCC(=O)OCCCCCCCCCCCC)(CCCC(=O)OCCCCCCCCCCCC)C=NC3(C(=O)OC(C)(C)C),0.5513029529443615
N3(CCCN1CCN(CC1)CCCN)C(CCCC(=O)OC(CCCCCCCC)CCCCCCCC)(CCCC(=O)OC(CCCCCCCC)CCCCCCCC)C=NC3(C(=O)OC(C)(C)C),0.556329229952223
N3(CCCN1CCN(CC1)CCCN)C(CCCCCCC/C=C\CCCCCCCC)(CCCCCCC/C=C\CCCCCCCC)C=NC3(C(=O)OC(C)(C)C),0.5618935643682049
N(CCCN1CCN(CC1)CCCNC(CCCC(=O)OCCCCCCCC/C=C\C/C=C\CCCCC)(CCCC(=O)OCCCCCCCC/C=C\C/C=C\CCCCC)C=NC(C)(C)C),0.5153518666116619
N(CCCN1CCN(CC1)CCCNC(CCCC(=O)OCCCCCCCC/C=C\CCCCCCCC)(CCCC(=O)OCCCCCCCC/C=C\CCCCCCCC)C=NC(C)(C)C),0.5131005791390714
N(CCCN1CCN(CC1)CCCNC(CCCC(=O)OCCC#CCCCCCC)(CCCC(=O)OCCC#CCCCCCC)C=NC(C)(C)C),0.46691874785337506
N(CCCN1CCN(CC1)CCCNC(CCCC(=O)OC(CCCCCCCC)CCCCCCCC)(CCCC(=O)OCCCCCCCC/C=C\CCCCCCCC)C=NC(C)(C)C),0.5106985307564895
N(CCCN1CCN(CC1)CCCNC(CCCC(=O)OCCCCCCCC/C=C\CCCCCCCC)(CCCC(=O)OCCC#CCCCCCC)C=NC(C)(C)C),0.4936155207688484
N(CCCN1CCN(CC1)CCCNC(CCCC(=O)OCCCCCCCCCCCC)(CCCC(=O)OCCCCCCCCCCCC)C=NC(C)(C)C),0.4945762865127073
N(CCCN1CCN(CC1)CCCNC(CCCC(=O)OC(CCCCCCCC)CCCCCCCC)(CCCC(=O)OC(CCCCCCCC)CCCCCCCC)C=NC(C)(C)C),0.5080959244979925
N(CCCN1CCN(CC1)CCCNC(CCCCCCC/C=C\CCCCCCCC)(CCCCCCC/C=C\CCCCCCCC)C=NC(C)(C)C),0.5020964027219168
N(CCCN1CCN(CC1)CCCNC(CCCC(=O)OCCCCCCCC/C=C\C/C=C\CCCCC)(CCCC(=O)OCCCCCCCC/C=C\C/C=C\CCCCC)C=NCCCC),0.5993546424307675
N(CCCN1CCN(CC1)CCCNC(CCCC(=O)OCCCCCCCC/C=C\CCCCCCCC)(CCCC(=O)OCCCCCCCC/C=C\CCCCCCCC)C=NCCCC),0.5926207345388149
N(CCCN1CCN(CC1)CCCNC(CCCC(=O)OCCC#CCCCCCC)(CCCC(=O)OCCC#CCCCCCC)C=NCCCC),0.572897442956616
N(CCCN1CCN(CC1)CCCNC(CCCC(=O)OC(CCCCCCCC)CCCCCCCC)(CCCC(=O)OCCCCCCCC/C=C\CCCCCCCC)C=NCCCC),0.5918046837814531
N(CCCN1CCN(CC1)CCCNC(CCCC(=O)OCCCCCCCC/C=C\CCCCCCCC)(CCCC(=O)OCCC#CCCCCCC)C=NCCCC),0.584577273661417
N(CCCN1CCN(CC1)CCCNC(CCCC(=O)OCCCCCCCCCCCC)(CCCC(=O)OCCCCCCCCCCCC)C=NCCCC),0.5908487726461142
N(CCCN1CCN(CC1)CCCNC(CCCC(=O)OC(CCCCCCCC)CCCCCCCC)(CCCC(=O)OC(CCCCCCCC)CCCCCCCC)C=NCCCC),0.5906862772836264
N(CCCN1CCN(CC1)CCCNC(CCCCCCC/C=C\CCCCCCCC)(CCCCCCC/C=C\CCCCCCCC)C=NCCCC),0.5951087958625376
N(CCCN1CCN(CC1)CCCNC(CCCC(=O)OCCCCCCCC/C=C\C/C=C\CCCCC)(CCCC(=O)OCCCCCCCC/C=C\C/C=C\CCCCC)C=NC5CCCCC5),0.559099692490592
N(CCCN1CCN(CC1)CCCNC(CCCC(=O)OCCCCCCCC/C=C\CCCCCCCC)(CCCC(=O)OCCCCCCCC/C=C\CCCCCCCC)C=NC5CCCCC5),0.5545368965734627
N(CCCN1CCN(CC1)CCCNC(CCCC(=O)OCCC#CCCCCCC)(CCCC(=O)OCCC#CCCCCCC)C=NC5CCCCC5),0.522980213786282
N(CCCN1CCN(CC1)CCCNC(CCCC(=O)OC(CCCCCCCC)CCCCCCCC)(CCCC(=O)OCCCCCCCC/C=C\CCCCCCCC)C=NC5CCCCC5),0.5526527128101877
N(CCCN1CCN(CC1)CCCNC(CCCC(=O)OCCCCCCCC/C=C\CCCCCCCC)(CCCC(=O)OCCC#CCCCCCC)C=NC5CCCCC5),0.5411811239628858
N(CCCN1CCN(CC1)CCCNC(CCCC(=O)OCCCCCCCCCCCC)(CCCC(=O)OCCCCCCCCCCCC)C=NC5CCCCC5),0.5452155121231861
N(CCCN1CCN(CC1)CCCNC(CCCC(=O)OC(CCCCCCCC)CCCCCCCC)(CCCC(=O)OC(CCCCCCCC)CCCCCCCC)C=NC5CCCCC5),0.5508327409240247
N(CCCN1CCN(CC1)CCCNC(CCCCCCC/C=C\CCCCCCCC)(CCCCCCC/C=C\CCCCCCCC)C=NC5CCCCC5),0.5521543857564586
N3(CCN1CCCC1)C(CCCC(=O)OCCCCCCCC/C=C\C/C=C\CCCCC)(CCCC(=O)OCCCCCCCC/C=C\C/C=C\CCCCC)C=NC3(C(=O)OC),0.6214949333984751
N3(CCN1CCCC1)C(CCCC(=O)OCCCCCCCC/C=C\CCCCCCCC)(CCCC(=O)OCCCCCCCC/C=C\CCCCCCCC)C=NC3(C(=O)OC),0.6166113163587801
N3(CCN1CCCC1)C(CCCC(=O)OCCC#CCCCCCC)(CCCC(=O)OCCC#CCCCCCC)C=NC3(C(=O)OC),0.6009692316153696
N3(CCN1CCCC1)C(CCCC(=O)OC(CCCCCCCC)CCCCCCCC)(CCCC(=O)OCCCCCCCC/C=C\CCCCCCCC)C=NC3(C(=O)OC),0.6157320663420343
N3(CCN1CCCC1)C(CCCC(=O)OCCCCCCCC/C=C\CCCCCCCC)(CCCC(=O)OCCC#CCCCCCC)C=NC3(C(=O)OC),0.6103026483468862
N3(CCN1CCCC1)C(CCCC(=O)OCCCCCCCCCCCC)(CCCC(=O)OCCCCCCCCCCCC)C=NC3(C(=O)OC),0.6209179795564455
N3(CCN1CCCC1)C(CCCC(=O)OC(CCCCCCCC)CCCCCCCC)(CCCC(=O)OC(CCCCCCCC)CCCCCCCC)C=NC3(C(=O)OC),0.6148241652001577
N3(CCN1CCCC1)C(CCCCCCC/C=C\CCCCCCCC)(CCCCCCC/C=C\CCCCCCCC)C=NC3(C(=O)OC),0.6339972479614988
N3(CCN1CCCC1)C(CCCC(=O)OCCCCCCCC/C=C\C/C=C\CCCCC)(CCCC(=O)OCCCCCCCC/C=C\C/C=C\CCCCC)C=NC3(C(=O)OCC),0.61789936610894
N3(CCN1CCCC1)C(CCCC(=O)OCCCCCCCC/C=C\CCCCCCCC)(CCCC(=O)OCCCCCCCC/C=C\CCCCCCCC)C=NC3(C(=O)OCC),0.6135353410952645
N3(CCN1CCCC1)C(CCCC(=O)OCCC#CCCCCCC)(CCCC(=O)OCCC#CCCCCCC)C=NC3(C(=O)OCC),0.5970494479555922
N3(CCN1CCCC1)C(CCCC(=O)OC(CCCCCCCC)CCCCCCCC)(CCCC(=O)OCCCCCCCC/C=C\CCCCCCCC)C=NC3(C(=O)OCC),0.6126214833785167
N3(CCN1CCCC1)C(CCCC(=O)OCCCCCCCC/C=C\CCCCCCCC)(CCCC(=O)OCCC#CCCCCCC)C=NC3(C(=O)OCC),0.6068303225914374
N3(CCN1CCCC1)C(CCCC(=O)OCCCCCCCCCCCC)(CCCC(=O)OCCCCCCCCCCCC)C=NC3(C(=O)OCC),0.6168870462095704
N3(CCN1CCCC1)C(CCCC(=O)OC(CCCCCCCC)CCCCCCCC)(CCCC(=O)OC(CCCCCCCC)CCCCCCCC)C=NC3(C(=O)OCC),0.6116788554051408
N3(CCN1CCCC1)C(CCCCCCC/C=C\CCCCCCCC)(CCCCCCC/C=C\CCCCCCCC)C=NC3(C(=O)OCC),0.6294193819099453
N3(CCN1CCCC1)C(CCCC(=O)OCCCCCCCC/C=C\C/C=C\CCCCC)(CCCC(=O)OCCCCCCCC/C=C\C/C=C\CCCCC)C=NC3(C(=O)OC(C)(C)C),0.535892340700448
N3(CCN1CCCC1)C(CCCC(=O)OCCCCCCCC/C=C\CCCCCCCC)(CCCC(=O)OCCCCCCCC/C=C\CCCCCCCC)C=NC3(C(=O)OC(C)(C)C),0.5343466095213576
N3(CCN1CCCC1)C(CCCC(=O)OCCC#CCCCCCC)(CCCC(=O)OCCC#CCCCCCC)C=NC3(C(=O)OC(C)(C)C),0.49190416702546275
N3(CCN1CCCC1)C(CCCC(=O)OC(CCCCCCCC)CCCCCCCC)(CCCC(=O)OCCCCCCCC/C=C\CCCCCCCC)C=NC3(C(=O)OC(C)(C)C),0.5318604543015936
N3(CCN1CCCC1)C(CCCC(=O)OCCCCCCCC/C=C\CCCCCCCC)(CCCC(=O)OCCC#CCCCCCC)C=NC3(C(=O)OC(C)(C)C),0.516459610840469
N3(CCN1CCCC1)C(CCCC(=O)OCCCCCCCCCCCC)(CCCC(=O)OCCCCCCCCCCCC)C=NC3(C(=O)OC(C)(C)C),0.5186179161793192
N3(CCN1CCCC1)C(CCCC(=O)OC(CCCCCCCC)CCCCCCCC)(CCCC(=O)OC(CCCCCCCC)CCCCCCCC)C=NC3(C(=O)OC(C)(C)C),0.5292973997002417
N3(CCN1CCCC1)C(CCCCCCC/C=C\CCCCCCCC)(CCCCCCC/C=C\CCCCCCCC)C=NC3(C(=O)OC(C)(C)C),0.5292290182207198
N(CCN1CCCC1)C(CCCC(=O)OCCCCCCCC/C=C\C/C=C\CCCCC)(CCCC(=O)OCCCCCCCC/C=C\C/C=C\CCCCC)C=NC(C)(C)C,0.4688704791756902
N(CCN1CCCC1)C(CCCC(=O)OCCCCCCCC/C=C\CCCCCCCC)(CCCC(=O)OCCCCCCCC/C=C\CCCCCCCC)C=NC(C)(C)C,0.4704071563609763
N(CCN1CCCC1)C(CCCC(=O)OCCC#CCCCCCC)(CCCC(=O)OCCC#CCCCCCC)C=NC(C)(C)C,0.39783108659751765
N(CCN1CCCC1)C(CCCC(=O)OC(CCCCCCCC)CCCCCCCC)(CCCC(=O)OCCCCCCCC/C=C\CCCCCCCC)C=NC(C)(C)C,0.4663182357577296
N(CCN1CCCC1)C(CCCC(=O)OCCCCCCCC/C=C\CCCCCCCC)(CCCC(=O)OCCC#CCCCCCC)C=NC(C)(C)C,0.4417303286096751
N(CCN1CCCC1)C(CCCC(=O)OCCCCCCCCCCCC)(CCCC(=O)OCCCCCCCCCCCC)C=NC(C)(C)C,0.43839956085604165
N(CCN1CCCC1)C(CCCC(=O)OC(CCCCCCCC)CCCCCCCC)(CCCC(=O)OC(CCCCCCCC)CCCCCCCC)C=NC(C)(C)C,0.4621619462926891
N(CCN1CCCC1)C(CCCCCCC/C=C\CCCCCCCC)(CCCCCCC/C=C\CCCCCCCC)C=NC(C)(C)C,0.44768380606199604
N(CCN1CCCC1)C(CCCC(=O)OCCCCCCCC/C=C\C/C=C\CCCCC)(CCCC(=O)OCCCCCCCC/C=C\C/C=C\CCCCC)C=NCCCC,0.5624832057147104
N(CCN1CCCC1)C(CCCC(=O)OCCCCCCCC/C=C\CCCCCCCC)(CCCC(=O)OCCCCCCCC/C=C\CCCCCCCC)C=NCCCC,0.556658509411106
N(CCN1CCCC1)C(CCCC(=O)OCCC#CCCCCCC)(CCCC(=O)OCCC#CCCCCCC)C=NCCCC,0.5205557686821842
N(CCN1CCCC1)C(CCCC(=O)OC(CCCCCCCC)CCCCCCCC)(CCCC(=O)OCCCCCCCC/C=C\CCCCCCCC)C=NCCCC,0.5545577445855121
N(CCN1CCCC1)C(CCCC(=O)OCCCCCCCC/C=C\CCCCCCCC)(CCCC(=O)OCCC#CCCCCCC)C=NCCCC,0.5414790122721971
N(CCN1CCCC1)C(CCCC(=O)OCCCCCCCCCCCC)(CCCC(=O)OCCCCCCCCCCCC)C=NCCCC,0.5457450516292406
N(CCN1CCCC1)C(CCCC(=O)OC(CCCCCCCC)CCCCCCCC)(CCCC(=O)OC(CCCCCCCC)CCCCCCCC)C=NCCCC,0.552436310445115
N(CCN1CCCC1)C(CCCCCCC/C=C\CCCCCCCC)(CCCCCCC/C=C\CCCCCCCC)C=NCCCC,0.5520584849010314
N(CCN1CCCC1)C(CCCC(=O)OCCCCCCCC/C=C\C/C=C\CCCCC)(CCCC(=O)OCCCCCCCC/C=C\C/C=C\CCCCC)C=NC5CCCCC5,0.5228083666012463
N(CCN1CCCC1)C(CCCC(=O)OCCCCCCCC/C=C\CCCCCCCC)(CCCC(=O)OCCCCCCCC/C=C\CCCCCCCC)C=NC5CCCCC5,0.5201364853769966
N(CCN1CCCC1)C(CCCC(=O)OCCC#CCCCCCC)(CCCC(=O)OCCC#CCCCCCC)C=NC5CCCCC5,0.47301872726465455
N(CCN1CCCC1)C(CCCC(=O)OC(CCCCCCCC)CCCCCCCC)(CCCC(=O)OCCCCCCCC/C=C\CCCCCCCC)C=NC5CCCCC5,0.5173242076830314
N(CCN1CCCC1)C(CCCC(=O)OCCCCCCCC/C=C\CCCCCCCC)(CCCC(=O)OCCC#CCCCCCC)C=NC5CCCCC5,0.5004676071062467
N(CCN1CCCC1)C(CCCC(=O)OCCCCCCCCCCCC)(CCCC(=O)OCCCCCCCCCCCC)C=NC5CCCCC5,0.5022615785430966
N(CCN1CCCC1)C(CCCC(=O)OC(CCCCCCCC)CCCCCCCC)(CCCC(=O)OC(CCCCCCCC)CCCCCCCC)C=NC5CCCCC5,0.514418947855326
N(CCN1CCCC1)C(CCCCCCC/C=C\CCCCCCCC)(CCCCCCC/C=C\CCCCCCCC)C=NC5CCCCC5,0.5088843367479516
N3(CCN1CCCCC1)C(CCCC(=O)OCCCCCCCC/C=C\C/C=C\CCCCC)(CCCC(=O)OCCCCCCCC/C=C\C/C=C\CCCCC)C=NC3(C(=O)OC),0.6143526427333492
N3(CCN1CCCCC1)C(CCCC(=O)OCCCCCCCC/C=C\CCCCCCCC)(CCCC(=O)OCCCCCCCC/C=C\CCCCCCCC)C=NC3(C(=O)OC),0.6100948830153768
N3(CCN1CCCCC1)C(CCCC(=O)OCCC#CCCCCCC)(CCCC(=O)OCCC#CCCCCCC)C=NC3(C(=O)OC),0.592619245395097
N3(CCN1CCCCC1)C(CCCC(=O)OC(CCCCCCCC)CCCCCCCC)(CCCC(=O)OCCCCCCCC/C=C\CCCCCCCC)C=NC3(C(=O)OC),0.609127356559039
N3(CCN1CCCCC1)C(CCCC(=O)OCCCCCCCC/C=C\CCCCCCCC)(CCCC(=O)OCCC#CCCCCCC)C=NC3(C(=O)OC),0.602865149831141
N3(CCN1CCCCC1)C(CCCC(=O)OCCCCCCCCCCCC)(CCCC(=O)OCCCCCCCCCCCC)C=NC3(C(=O)OC),0.6124895452451184
N3(CCN1CCCCC1)C(CCCC(=O)OC(CCCCCCCC)CCCCCCCC)(CCCC(=O)OC(CCCCCCCC)CCCCCCCC)C=NC3(C(=O)OC),0.6081770446040793
N3(CCN1CCCCC1)C(CCCCCCC/C=C\CCCCCCCC)(CCCCCCC/C=C\CCCCCCCC)C=NC3(C(=O)OC),0.6242266186344322
N3(CCN1CCCCC1)C(CCCC(=O)OCCCCCCCC/C=C\C/C=C\CCCCC)(CCCC(=O)OCCCCCCCC/C=C\C/C=C\CCCCC)C=NC3(C(=O)OCC),0.6109320796135317
N3(CCN1CCCCC1)C(CCCC(=O)OCCCCCCCC/C=C\CCCCCCCC)(CCCC(=O)OCCCCCCCC/C=C\CCCCCCCC)C=NC3(C(=O)OCC),0.6071641886129712
N3(CCN1CCCCC1)C(CCCC(=O)OCCC#CCCCCCC)(CCCC(=O)OCCC#CCCCCCC)C=NC3(C(=O)OCC),0.5890033066195023
N3(CCN1CCCCC1)C(CCCC(=O)OC(CCCCCCCC)CCCCCCCC)(CCCC(=O)OCCCCCCCC/C=C\CCCCCCCC)C=NC3(C(=O)OCC),0.6061663431905387
N3(CCN1CCCCC1)C(CCCC(=O)OCCCCCCCC/C=C\CCCCCCCC)(CCCC(=O)OCCC#CCCCCCC)C=NC3(C(=O)OCC),0.5996032698658936
N3(CCN1CCCCC1)C(CCCC(=O)OCCCCCCCCCCCC)(CCCC(=O)OCCCCCCCCCCCC)C=NC3(C(=O)OCC),0.608784436543701
N3(CCN1CCCCC1)C(CCCC(=O)OC(CCCCCCCC)CCCCCCCC)(CCCC(=O)OC(CCCCCCCC)CCCCCCCC)C=NC3(C(=O)OCC),0.6052137677371278
N3(CCN1CCCCC1)C(CCCCCCC/C=C\CCCCCCCC)(CCCCCCC/C=C\CCCCCCCC)C=NC3(C(=O)OCC),0.6198514548257473
N3(CCN1CCCCC1)C(CCCC(=O)OCCCCCCCC/C=C\C/C=C\CCCCC)(CCCC(=O)OCCCCCCCC/C=C\C/C=C\CCCCC)C=NC3(C(=O)OC(C)(C)C),0.5307703415344054
N3(CCN1CCCCC1)C(CCCC(=O)OCCCCCCCC/C=C\CCCCCCCC)(CCCC(=O)OCCCCCCCC/C=C\CCCCCCCC)C=NC3(C(=O)OC(C)(C)C),0.5294078345983547
N3(CCN1CCCCC1)C(CCCC(=O)OCCC#CCCCCCC)(CCCC(=O)OCCC#CCCCCCC)C=NC3(C(=O)OC(C)(C)C),0.4861463034919138
N3(CCN1CCCCC1)C(CCCC(=O)OC(CCCCCCCC)CCCCCCCC)(CCCC(=O)OCCCCCCCC/C=C\CCCCCCCC)C=NC3(C(=O)OC(C)(C)C),0.5268848081801377
N3(CCN1CCCCC1)C(CCCC(=O)OCCCCCCCC/C=C\CCCCCCCC)(CCCC(=O)OCCC#CCCCCCC)C=NC3(C(=O)OC(C)(C)C),0.5110974425756174
N3(CCN1CCCCC1)C(CCCC(=O)OCCCCCCCCCCCC)(CCCC(=O)OCCCCCCCCCCCC)C=NC3(C(=O)OC(C)(C)C),0.5128531430189195
N3(CCN1CCCCC1)C(CCCC(=O)OC(CCCCCCCC)CCCCCCCC)(CCCC(=O)OC(CCCCCCCC)CCCCCCCC)C=NC3(C(=O)OC(C)(C)C),0.5242854184720712
N3(CCN1CCCCC1)C(CCCCCCC/C=C\CCCCCCCC)(CCCCCCC/C=C\CCCCCCCC)C=NC3(C(=O)OC(C)(C)C),0.5231652845675319
N(CCN1CCCCC1)C(CCCC(=O)OCCCCCCCC/C=C\C/C=C\CCCCC)(CCCC(=O)OCCCCCCCC/C=C\C/C=C\CCCCC)C=NC(C)(C)C,0.4652369982870996
N(CCN1CCCCC1)C(CCCC(=O)OCCCCCCCC/C=C\CCCCCCCC)(CCCC(=O)OCCCCCCCC/C=C\CCCCCCCC)C=NC(C)(C)C,0.4666019772017218
N(CCN1CCCCC1)C(CCCC(=O)OCCC#CCCCCCC)(CCCC(=O)OCCC#CCCCCCC)C=NC(C)(C)C,0.39468303677805994
N(CCN1CCCCC1)C(CCCC(=O)OC(CCCCCCCC)CCCCCCCC)(CCCC(=O)OCCCCCCCC/C=C\CCCCCCCC)C=NC(C)(C)C,0.4624843459075957
N(CCN1CCCCC1)C(CCCC(=O)OCCCCCCCC/C=C\CCCCCCCC)(CCCC(=O)OCCC#CCCCCCC)C=NC(C)(C)C,0.4380917250666952
N(CCN1CCCCC1)C(CCCC(=O)OCCCCCCCCCCCC)(CCCC(=O)OCCCCCCCCCCCC)C=NC(C)(C)C,0.4347919017195179
N(CCN1CCCCC1)C(CCCC(=O)OC(CCCCCCCC)CCCCCCCC)(CCCC(=O)OC(CCCCCCCC)CCCCCCCC)C=NC(C)(C)C,0.4583554566869629
N(CCN1CCCCC1)C(CCCCCCC/C=C\CCCCCCCC)(CCCCCCC/C=C\CCCCCCCC)C=NC(C)(C)C,0.4432620916206924
N(CCN1CCCCC1)C(CCCC(=O)OCCCCCCCC/C=C\C/C=C\CCCCC)(CCCC(=O)OCCCCCCCC/C=C\C/C=C\CCCCC)C=NCCCC,0.5569629499527757
N(CCN1CCCCC1)C(CCCC(=O)OCCCCCCCC/C=C\CCCCCCCC)(CCCC(=O)OCCCCCCCC/C=C\CCCCCCCC)C=NCCCC,0.5512972941982338
N(CCN1CCCCC1)C(CCCC(=O)OCCC#CCCCCCC)(CCCC(=O)OCCC#CCCCCCC)C=NCCCC,0.5140499380420519
N(CCN1CCCCC1)C(CCCC(=O)OC(CCCCCCCC)CCCCCCCC)(CCCC(=O)OCCCCCCCC/C=C\CCCCCCCC)C=NCCCC,0.5492205343693711
N(CCN1CCCCC1)C(CCCC(=O)OCCCCCCCC/C=C\CCCCCCCC)(CCCC(=O)OCCC#CCCCCCC)C=NCCCC,0.5358345619241969
N(CCN1CCCCC1)C(CCCC(=O)OCCCCCCCCCCCC)(CCCC(=O)OCCCCCCCCCCCC)C=NCCCC,0.5398700818337228
N(CCN1CCCCC1)C(CCCC(=O)OC(CCCCCCCC)CCCCCCCC)(CCCC(=O)OC(CCCCCCCC)CCCCCCCC)C=NCCCC,0.547138473188873
N(CCN1CCCCC1)C(CCCCCCC/C=C\CCCCCCCC)(CCCCCCC/C=C\CCCCCCCC)C=NCCCC,0.5465169641668063
N(CCN1CCCCC1)C(CCCC(=O)OCCCCCCCC/C=C\C/C=C\CCCCC)(CCCC(=O)OCCCCCCCC/C=C\C/C=C\CCCCC)C=NC5CCCCC5,0.5187531899946453
N(CCN1CCCCC1)C(CCCC(=O)OCCCCCCCC/C=C\CCCCCCCC)(CCCC(=O)OCCCCCCCC/C=C\CCCCCCCC)C=NC5CCCCC5,0.5162257557110235
N(CCN1CCCCC1)C(CCCC(=O)OCCC#CCCCCCC)(CCCC(=O)OCCC#CCCCCCC)C=NC5CCCCC5,0.46848071069898967
N(CCN1CCCCC1)C(CCCC(=O)OC(CCCCCCCC)CCCCCCCC)(CCCC(=O)OCCCCCCCC/C=C\CCCCCCCC)C=NC5CCCCC5,0.5135094384382343
N(CCN1CCCCC1)C(CCCC(=O)OCCCCCCCC/C=C\CCCCCCCC)(CCCC(=O)OCCC#CCCCCCC)C=NC5CCCCC5,0.496185157385433
N(CCN1CCCCC1)C(CCCC(=O)OCCCCCCCCCCCC)(CCCC(=O)OCCCCCCCCCCCC)C=NC5CCCCC5,0.49767263326228256
N(CCN1CCCCC1)C(CCCC(=O)OC(CCCCCCCC)CCCCCCCC)(CCCC(=O)OC(CCCCCCCC)CCCCCCCC)C=NC5CCCCC5,0.510417439988315
N(CCN1CCCCC1)C(CCCCCCC/C=C\CCCCCCCC)(CCCCCCC/C=C\CCCCCCCC)C=NC5CCCCC5,0.5041172303127384
N3(CCCN1C(CC)CCCC1)C(CCCC(=O)OCCCCCCCC/C=C\C/C=C\CCCCC)(CCCC(=O)OCCCCCCCC/C=C\C/C=C\CCCCC)C=NC3(C(=O)OC),0.5535310693407027
N3(CCCN1C(CC)CCCC1)C(CCCC(=O)OCCCCCCCC/C=C\CCCCCCCC)(CCCC(=O)OCCCCCCCC/C=C\CCCCCCCC)C=NC3(C(=O)OC),0.5528542833038309
N3(CCCN1C(CC)CCCC1)C(CCCC(=O)OCCC#CCCCCCC)(CCCC(=O)OCCC#CCCCCCC)C=NC3(C(=O)OC),0.5187858915906884
N3(CCCN1C(CC)CCCC1)C(CCCC(=O)OC(CCCCCCCC)CCCCCCCC)(CCCC(=O)OCCCCCCCC/C=C\CCCCCCCC)C=NC3(C(=O)OC),0.5508121907407189
N3(CCCN1C(CC)CCCC1)C(CCCC(=O)OCCCCCCCC/C=C\CCCCCCCC)(CCCC(=O)OCCC#CCCCCCC)C=NC3(C(=O)OC),0.5380086521864559
N3(CCCN1C(CC)CCCC1)C(CCCC(=O)OCCCCCCCCCCCC)(CCCC(=O)OCCCCCCCCCCCC)C=NC3(C(=O)OC),0.5418704783727359
N3(CCCN1C(CC)CCCC1)C(CCCC(=O)OC(CCCCCCCC)CCCCCCCC)(CCCC(=O)OC(CCCCCCCC)CCCCCCCC)C=NC3(C(=O)OC),0.5486069475918832
N3(CCCN1C(CC)CCCC1)C(CCCCCCC/C=C\CCCCCCCC)(CCCCCCC/C=C\CCCCCCCC)C=NC3(C(=O)OC),0.5523459492043181
N3(CCCN1C(CC)CCCC1)C(CCCC(=O)OCCCCCCCC/C=C\C/C=C\CCCCC)(CCCC(=O)OCCCCCCCC/C=C\C/C=C\CCCCC)C=NC3(C(=O)OCC),0.5510162629958081
N3(CCCN1C(CC)CCCC1)C(CCCC(=O)OCCCCCCCC/C=C\CCCCCCCC)(CCCC(=O)OCCCCCCCC/C=C\CCCCCCCC)C=NC3(C(=O)OCC),0.5506464192620519
N3(CCCN1C(CC)CCCC1)C(CCCC(=O)OCCC#CCCCCCC)(CCCC(=O)OCCC#CCCCCCC)C=NC3(C(=O)OCC),0.5164569303817769
N3(CCCN1C(CC)CCCC1)C(CCCC(=O)OC(CCCCCCCC)CCCCCCCC)(CCCC(=O)OCCCCCCCC/C=C\CCCCCCCC)C=NC3(C(=O)OCC),0.548487637397212
N3(CCCN1C(CC)CCCC1)C(CCCC(=O)OCCCCCCCC/C=C\CCCCCCCC)(CCCC(=O)OCCC#CCCCCCC)C=NC3(C(=O)OCC),0.5357167408732434
N3(CCCN1C(CC)CCCC1)C(CCCC(=O)OCCCCCCCCCCCC)(CCCC(=O)OCCCCCCCCCCCC)C=NC3(C(=O)OCC),0.5393790218013366
N3(CCCN1C(CC)CCCC1)C(CCCC(=O)OC(CCCCCCCC)CCCCCCCC)(CCCC(=O)OC(CCCCCCCC)CCCCCCCC)C=NC3(C(=O)OCC),0.5462631545115422
N3(CCCN1C(CC)CCCC1)C(CCCCCCC/C=C\CCCCCCCC)(CCCCCCC/C=C\CCCCCCCC)C=NC3(C(=O)OCC),0.5494933454984745
N3(CCCN1C(CC)CCCC1)C(CCCC(=O)OCCCCCCCC/C=C\C/C=C\CCCCC)(CCCC(=O)OCCCCCCCC/C=C\C/C=C\CCCCC)C=NC3(C(=O)OC(C)(C)C),0.47927712178463494
N3(CCCN1C(CC)CCCC1)C(CCCC(=O)OCCCCCCCC/C=C\CCCCCCCC)(CCCC(=O)OCCCCCCCC/C=C\CCCCCCCC)C=NC3(C(=O)OC(C)(C)C),0.480241491256291
N3(CCCN1C(CC)CCCC1)C(CCCC(=O)OCCC#CCCCCCC)(CCCC(=O)OCCC#CCCCCCC)C=NC3(C(=O)OC(C)(C)C),0.42196680036422096
N3(CCCN1C(CC)CCCC1)C(CCCC(=O)OC(CCCCCCCC)CCCCCCCC)(CCCC(=O)OCCCCCCCC/C=C\CCCCCCCC)C=NC3(C(=O)OC(C)(C)C),0.47706136528115156
N3(CCCN1C(CC)CCCC1)C(CCCC(=O)OCCCCCCCC/C=C\CCCCCCCC)(CCCC(=O)OCCC#CCCCCCC)C=NC3(C(=O)OC(C)(C)C),0.45658021867808307
N3(CCCN1C(CC)CCCC1)C(CCCC(=O)OCCCCCCCCCCCC)(CCCC(=O)OCCCCCCCCCCCC)C=NC3(C(=O)OC(C)(C)C),0.45486975842092814
N3(CCCN1C(CC)CCCC1)C(CCCC(=O)OC(CCCCCCCC)CCCCCCCC)(CCCC(=O)OC(CCCCCCCC)CCCCCCCC)C=NC3(C(=O)OC(C)(C)C),0.47388094147726856
N3(CCCN1C(CC)CCCC1)C(CCCCCCC/C=C\CCCCCCCC)(CCCCCCC/C=C\CCCCCCCC)C=NC3(C(=O)OC(C)(C)C),0.4628045118069256
N(CCCN1C(CC)CCCC1)C(CCCC(=O)OCCCCCCCC/C=C\C/C=C\CCCCC)(CCCC(=O)OCCCCCCCC/C=C\C/C=C\CCCCC)C=NC(C)(C)C,0.4210884438337058
N(CCCN1C(CC)CCCC1)C(CCCC(=O)OCCCCCCCC/C=C\CCCCCCCC)(CCCC(=O)OCCCCCCCC/C=C\CCCCCCCC)C=NC(C)(C)C,0.4271845812541933
N(CCCN1C(CC)CCCC1)C(CCCC(=O)OCCC#CCCCCCC)(CCCC(=O)OCCC#CCCCCCC)C=NC(C)(C)C,0.3410952768234361
N(CCCN1C(CC)CCCC1)C(CCCC(=O)OC(CCCCCCCC)CCCCCCCC)(CCCC(=O)OCCCCCCCC/C=C\CCCCCCCC)C=NC(C)(C)C,0.4223364356178566
N(CCCN1C(CC)CCCC1)C(CCCC(=O)OCCCCCCCC/C=C\CCCCCCCC)(CCCC(=O)OCCC#CCCCCCC)C=NC(C)(C)C,0.38999431886815233
N(CCCN1C(CC)CCCC1)C(CCCC(=O)OCCCCCCCCCCCC)(CCCC(=O)OCCCCCCCCCCCC)C=NC(C)(C)C,0.38326854170089897
N(CCCN1C(CC)CCCC1)C(CCCC(=O)OC(CCCCCCCC)CCCCCCCC)(CCCC(=O)OC(CCCCCCCC)CCCCCCCC)C=NC(C)(C)C,0.41732820703185497
N(CCCN1C(CC)CCCC1)C(CCCCCCC/C=C\CCCCCCCC)(CCCCCCC/C=C\CCCCCCCC)C=NC(C)(C)C,0.39250090513972474
N(CCCN1C(CC)CCCC1)C(CCCC(=O)OCCCCCCCC/C=C\C/C=C\CCCCC)(CCCC(=O)OCCCCCCCC/C=C\C/C=C\CCCCC)C=NCCCC,0.5105415154428833
N(CCCN1C(CC)CCCC1)C(CCCC(=O)OCCCCCCCC/C=C\CCCCCCCC)(CCCC(=O)OCCCCCCCC/C=C\CCCCCCCC)C=NCCCC,0.5081953992983425
N(CCCN1C(CC)CCCC1)C(CCCC(=O)OCCC#CCCCCCC)(CCCC(=O)OCCC#CCCCCCC)C=NCCCC,0.46000691707001806
N(CCCN1C(CC)CCCC1)C(CCCC(=O)OC(CCCCCCCC)CCCCCCCC)(CCCC(=O)OCCCCCCCC/C=C\CCCCCCCC)C=NCCCC,0.5053428551582476
N(CCCN1C(CC)CCCC1)C(CCCC(=O)OCCCCCCCC/C=C\CCCCCCCC)(CCCC(=O)OCCC#CCCCCCC)C=NCCCC,0.4877776902176528
N(CCCN1C(CC)CCCC1)C(CCCC(=O)OCCCCCCCCCCCC)(CCCC(=O)OCCCCCCCCCCCC)C=NCCCC,0.48840527494608815
N(CCCN1C(CC)CCCC1)C(CCCC(=O)OC(CCCCCCCC)CCCCCCCC)(CCCC(=O)OC(CCCCCCCC)CCCCCCCC)C=NCCCC,0.5024000689088532
N(CCCN1C(CC)CCCC1)C(CCCCCCC/C=C\CCCCCCCC)(CCCCCCC/C=C\CCCCCCCC)C=NCCCC,0.49375815095414055
N(CCCN1C(CC)CCCC1)C(CCCC(=O)OCCCCCCCC/C=C\C/C=C\CCCCC)(CCCC(=O)OCCCCCCCC/C=C\C/C=C\CCCCC)C=NC5CCCCC5,0.4779278384447985
N(CCCN1C(CC)CCCC1)C(CCCC(=O)OCCCCCCCC/C=C\CCCCCCCC)(CCCC(=O)OCCCCCCCC/C=C\CCCCCCCC)C=NC5CCCCC5,0.4771099411492266
N(CCCN1C(CC)CCCC1)C(CCCC(=O)OCCC#CCCCCCC)(CCCC(=O)OCCC#CCCCCCC)C=NC5CCCCC5,0.4191134520865185
N(CCCN1C(CC)CCCC1)C(CCCC(=O)OC(CCCCCCCC)CCCCCCCC)(CCCC(=O)OCCCCCCCC/C=C\CCCCCCCC)C=NC5CCCCC5,0.4734800639884331
N(CCCN1C(CC)CCCC1)C(CCCC(=O)OCCCCCCCC/C=C\CCCCCCCC)(CCCC(=O)OCCC#CCCCCCC)C=NC5CCCCC5,0.45224159845623346
N(CCCN1C(CC)CCCC1)C(CCCC(=O)OCCCCCCCCCCCC)(CCCC(=O)OCCCCCCCCCCCC)C=NC5CCCCC5,0.4501600733674737
N(CCCN1C(CC)CCCC1)C(CCCC(=O)OC(CCCCCCCC)CCCCCCCC)(CCCC(=O)OC(CCCCCCCC)CCCCCCCC)C=NC5CCCCC5,0.4697419260793546
N(CCCN1C(CC)CCCC1)C(CCCCCCC/C=C\CCCCCCCC)(CCCCCCC/C=C\CCCCCCCC)C=NC5CCCCC5,0.4533326940582754
N3(CCN(CC1)CCS1(=O)=O)C(CCCC(=O)OCCCCCCCC/C=C\C/C=C\CCCCC)(CCCC(=O)OCCCCCCCC/C=C\C/C=C\CCCCC)C=NC3(C(=O)OC),0.5981947186060882
N3(CCN(CC1)CCS1(=O)=O)C(CCCC(=O)OCCCCCCCC/C=C\CCCCCCCC)(CCCC(=O)OCCCCCCCC/C=C\CCCCCCCC)C=NC3(C(=O)OC),0.5941266757977653
N3(CCN(CC1)CCS1(=O)=O)C(CCCC(=O)OCCC#CCCCCCC)(CCCC(=O)OCCC#CCCCCCC)C=NC3(C(=O)OC),0.57121363837201
N3(CCN(CC1)CCS1(=O)=O)C(CCCC(=O)OC(CCCCCCCC)CCCCCCCC)(CCCC(=O)OCCCCCCCC/C=C\CCCCCCCC)C=NC3(C(=O)OC),0.5926630262204008
N3(CCN(CC1)CCS1(=O)=O)C(CCCC(=O)OCCCCCCCC/C=C\CCCCCCCC)(CCCC(=O)OCCC#CCCCCCC)C=NC3(C(=O)OC),0.5845262258147704
N3(CCN(CC1)CCS1(=O)=O)C(CCCC(=O)OCCCCCCCCCCCC)(CCCC(=O)OCCCCCCCCCCCC)C=NC3(C(=O)OC),0.5918448310960853
N3(CCN(CC1)CCS1(=O)=O)C(CCCC(=O)OC(CCCCCCCC)CCCCCCCC)(CCCC(=O)OC(CCCCCCCC)CCCCCCCC)C=NC3(C(=O)OC),0.5911528557932918
N3(CCN(CC1)CCS1(=O)=O)C(CCCCCCC/C=C\CCCCCCCC)(CCCCCCC/C=C\CCCCCCCC)C=NC3(C(=O)OC),0.6035433058802333
N3(CCN(CC1)CCS1(=O)=O)C(CCCC(=O)OCCCCCCCC/C=C\C/C=C\CCCCC)(CCCC(=O)OCCCCCCCC/C=C\C/C=C\CCCCC)C=NC3(C(=O)OCC),0.5952540171578988
N3(CCN(CC1)CCS1(=O)=O)C(CCCC(=O)OCCCCCCCC/C=C\CCCCCCCC)(CCCC(=O)OCCCCCCCC/C=C\CCCCCCCC)C=NC3(C(=O)OCC),0.5914790378332416
N3(CCN(CC1)CCS1(=O)=O)C(CCCC(=O)OCCC#CCCCCCC)(CCCC(=O)OCCC#CCCCCCC)C=NC3(C(=O)OCC),0.568056713255994
N3(CCN(CC1)CCS1(=O)=O)C(CCCC(=O)OC(CCCCCCCC)CCCCCCCC)(CCCC(=O)OCCCCCCCC/C=C\CCCCCCCC)C=NC3(C(=O)OCC),0.5899903706414178
N3(CCN(CC1)CCS1(=O)=O)C(CCCC(=O)OCCCCCCCC/C=C\CCCCCCCC)(CCCC(=O)OCCC#CCCCCCC)C=NC3(C(=O)OCC),0.5815681907337057
N3(CCN(CC1)CCS1(=O)=O)C(CCCC(=O)OCCCCCCCCCCCC)(CCCC(=O)OCCCCCCCCCCCC)C=NC3(C(=O)OCC),0.5886783158945267
N3(CCN(CC1)CCS1(=O)=O)C(CCCC(=O)OC(CCCCCCCC)CCCCCCCC)(CCCC(=O)OC(CCCCCCCC)CCCCCCCC)C=NC3(C(=O)OCC),0.5884655470401255
N3(CCN(CC1)CCS1(=O)=O)C(CCCCCCC/C=C\CCCCCCCC)(CCCCCCC/C=C\CCCCCCCC)C=NC3(C(=O)OCC),0.6000115335075694
N3(CCN(CC1)CCS1(=O)=O)C(CCCC(=O)OCCCCCCCC/C=C\C/C=C\CCCCC)(CCCC(=O)OCCCCCCCC/C=C\C/C=C\CCCCC)C=NC3(C(=O)OC(C)(C)C),0.5192810616597359
N3(CCN(CC1)CCS1(=O)=O)C(CCCC(=O)OCCCCCCCC/C=C\CCCCCCCC)(CCCC(=O)OCCCCCCCC/C=C\CCCCCCCC)C=NC3(C(=O)OC(C)(C)C),0.5181201252173284
N3(CCN(CC1)CCS1(=O)=O)C(CCCC(=O)OCCC#CCCCCCC)(CCCC(=O)OCCC#CCCCCCC)C=NC3(C(=O)OC(C)(C)C),0.4729751847023457
N3(CCN(CC1)CCS1(=O)=O)C(CCCC(=O)OC(CCCCCCCC)CCCCCCCC)(CCCC(=O)OCCCCCCCC/C=C\CCCCCCCC)C=NC3(C(=O)OC(C)(C)C),0.515506618426817
N3(CCN(CC1)CCS1(=O)=O)C(CCCC(=O)OCCCCCCCC/C=C\CCCCCCCC)(CCCC(=O)OCCC#CCCCCCC)C=NC3(C(=O)OC(C)(C)C),0.4990411265560788
N3(CCN(CC1)CCS1(=O)=O)C(CCCC(=O)OCCCCCCCCCCCC)(CCCC(=O)OCCCCCCCCCCCC)C=NC3(C(=O)OC(C)(C)C),0.49989026608685044
N3(CCN(CC1)CCS1(=O)=O)C(CCCC(=O)OC(CCCCCCCC)CCCCCCCC)(CCCC(=O)OC(CCCCCCCC)CCCCCCCC)C=NC3(C(=O)OC(C)(C)C),0.5128162718204664
N3(CCN(CC1)CCS1(=O)=O)C(CCCCCCC/C=C\CCCCCCCC)(CCCCCCC/C=C\CCCCCCCC)C=NC3(C(=O)OC(C)(C)C),0.5092398847020169
N(CCN(CC1)CCS1(=O)=O)C(CCCC(=O)OCCCCCCCC/C=C\C/C=C\CCCCC)(CCCC(=O)OCCCCCCCC/C=C\C/C=C\CCCCC)C=NC(C)(C)C,0.4490357400776502
N(CCN(CC1)CCS1(=O)=O)C(CCCC(=O)OCCCCCCCC/C=C\CCCCCCCC)(CCCC(=O)OCCCCCCCC/C=C\CCCCCCCC)C=NC(C)(C)C,0.4538535667478922
N(CCN(CC1)CCS1(=O)=O)C(CCCC(=O)OCCC#CCCCCCC)(CCCC(=O)OCCC#CCCCCCC)C=NC(C)(C)C,0.3759185154871381
N(CCN(CC1)CCS1(=O)=O)C(CCCC(=O)OC(CCCCCCCC)CCCCCCCC)(CCCC(=O)OCCCCCCCC/C=C\CCCCCCCC)C=NC(C)(C)C,0.4497335230409432
N(CCN(CC1)CCS1(=O)=O)C(CCCC(=O)OCCCCCCCC/C=C\CCCCCCCC)(CCCC(=O)OCCC#CCCCCCC)C=NC(C)(C)C,0.4207470427449599
N(CCN(CC1)CCS1(=O)=O)C(CCCC(=O)OCCCCCCCCCCCC)(CCCC(=O)OCCCCCCCCCCCC)C=NC(C)(C)C,0.4160382511777362
N(CCN(CC1)CCS1(=O)=O)C(CCCC(=O)OC(CCCCCCCC)CCCCCCCC)(CCCC(=O)OC(CCCCCCCC)CCCCCCCC)C=NC(C)(C)C,0.44516596186391694
N(CCN(CC1)CCS1(=O)=O)C(CCCCCCC/C=C\CCCCCCCC)(CCCCCCC/C=C\CCCCCCCC)C=NC(C)(C)C,0.4266505743169854
N(CCN(CC1)CCS1(=O)=O)C(CCCC(=O)OCCCCCCCC/C=C\C/C=C\CCCCC)(CCCC(=O)OCCCCCCCC/C=C\C/C=C\CCCCC)C=NCCCC,0.5390516484464124
N(CCN(CC1)CCS1(=O)=O)C(CCCC(=O)OCCCCCCCC/C=C\CCCCCCCC)(CCCC(=O)OCCCCCCCC/C=C\CCCCCCCC)C=NCCCC,0.5350422183348227
N(CCN(CC1)CCS1(=O)=O)C(CCCC(=O)OCCC#CCCCCCC)(CCCC(=O)OCCC#CCCCCCC)C=NCCCC,0.49410059444348897
N(CCN(CC1)CCS1(=O)=O)C(CCCC(=O)OC(CCCCCCCC)CCCCCCCC)(CCCC(=O)OCCCCCCCC/C=C\CCCCCCCC)C=NCCCC,0.5327626371315938
N(CCN(CC1)CCS1(=O)=O)C(CCCC(=O)OCCCCCCCC/C=C\CCCCCCCC)(CCCC(=O)OCCC#CCCCCCC)C=NCCCC,0.5180328613954646
N(CCN(CC1)CCS1(=O)=O)C(CCCC(=O)OCCCCCCCCCCCC)(CCCC(=O)OCCCCCCCCCCCC)C=NCCCC,0.5204767249336426
N(CCN(CC1)CCS1(=O)=O)C(CCCC(=O)OC(CCCCCCCC)CCCCCCCC)(CCCC(=O)OC(CCCCCCCC)CCCCCCCC)C=NCCCC,0.5305310063560784
N(CCN(CC1)CCS1(=O)=O)C(CCCCCCC/C=C\CCCCCCCC)(CCCCCCC/C=C\CCCCCCCC)C=NCCCC,0.5266526208916562
N(CCN(CC1)CCS1(=O)=O)C(CCCC(=O)OCCCCCCCC/C=C\C/C=C\CCCCC)(CCCC(=O)OCCCCCCCC/C=C\C/C=C\CCCCC)C=NC5CCCCC5,0.5030036486405575
N(CCN(CC1)CCS1(=O)=O)C(CCCC(=O)OCCCCCCCC/C=C\CCCCCCCC)(CCCC(=O)OCCCCCCCC/C=C\CCCCCCCC)C=NC5CCCCC5,0.501724414621207
N(CCN(CC1)CCS1(=O)=O)C(CCCC(=O)OCCC#CCCCCCC)(CCCC(=O)OCCC#CCCCCCC)C=NC5CCCCC5,0.45109337930117616
N(CCN(CC1)CCS1(=O)=O)C(CCCC(=O)OC(CCCCCCCC)CCCCCCCC)(CCCC(=O)OCCCCCCCC/C=C\CCCCCCCC)C=NC5CCCCC5,0.49877888834737183
N(CCN(CC1)CCS1(=O)=O)C(CCCC(=O)OCCCCCCCC/C=C\CCCCCCCC)(CCCC(=O)OCCC#CCCCCCC)C=NC5CCCCC5,0.48045119247463347
N(CCN(CC1)CCS1(=O)=O)C(CCCC(=O)OCCCCCCCCCCCC)(CCCC(=O)OCCCCCCCCCCCC)C=NC5CCCCC5,0.48034230628598695
N(CCN(CC1)CCS1(=O)=O)C(CCCC(=O)OC(CCCCCCCC)CCCCCCCC)(CCCC(=O)OC(CCCCCCCC)CCCCCCCC)C=NC5CCCCC5,0.49549383730587526
N(CCN(CC1)CCS1(=O)=O)C(CCCCCCC/C=C\CCCCCCCC)(CCCCCCC/C=C\CCCCCCCC)C=NC5CCCCC5,0.4857770851985191
N3(C1CCN(CC2=CC=CC=C2)CC1)C(CCCC(=O)OCCCCCCCC/C=C\C/C=C\CCCCC)(CCCC(=O)OCCCCCCCC/C=C\C/C=C\CCCCC)C=NC3(C(=O)OC),0.4127068282008669
N3(C1CCN(CC2=CC=CC=C2)CC1)C(CCCC(=O)OCCCCCCCC/C=C\CCCCCCCC)(CCCC(=O)OCCCCCCCC/C=C\CCCCCCCC)C=NC3(C(=O)OC),0.41753010513711614
N3(C1CCN(CC2=CC=CC=C2)CC1)C(CCCC(=O)OCCC#CCCCCCC)(CCCC(=O)OCCC#CCCCCCC)C=NC3(C(=O)OC),0.3347943821417492
N3(C1CCN(CC2=CC=CC=C2)CC1)C(CCCC(=O)OC(CCCCCCCC)CCCCCCCC)(CCCC(=O)OCCCCCCCC/C=C\CCCCCCCC)C=NC3(C(=O)OC),0.4126330560210864
N3(C1CCN(CC2=CC=CC=C2)CC1)C(CCCC(=O)OCCCCCCCC/C=C\CCCCCCCC)(CCCC(=O)OCCC#CCCCCCC)C=NC3(C(=O)OC),0.38069035739937407
N3(C1CCN(CC2=CC=CC=C2)CC1)C(CCCC(=O)OCCCCCCCCCCCC)(CCCC(=O)OCCCCCCCCCCCC)C=NC3(C(=O)OC),0.374527625471826
N3(C1CCN(CC2=CC=CC=C2)CC1)C(CCCC(=O)OC(CCCCCCCC)CCCCCCCC)(CCCC(=O)OC(CCCCCCCC)CCCCCCCC)C=NC3(C(=O)OC),0.40759209605616725
N3(C1CCN(CC2=CC=CC=C2)CC1)C(CCCCCCC/C=C\CCCCCCCC)(CCCCCCC/C=C\CCCCCCCC)C=NC3(C(=O)OC),0.38415866246678476
N3(C1CCN(CC2=CC=CC=C2)CC1)C(CCCC(=O)OCCCCCCCC/C=C\C/C=C\CCCCC)(CCCC(=O)OCCCCCCCC/C=C\C/C=C\CCCCC)C=NC3(C(=O)OCC),0.40967993511429046
N3(C1CCN(CC2=CC=CC=C2)CC1)C(CCCC(=O)OCCCCCCCC/C=C\CCCCCCCC)(CCCC(=O)OCCCCCCCC/C=C\CCCCCCCC)C=NC3(C(=O)OCC),0.41488669634075104
N3(C1CCN(CC2=CC=CC=C2)CC1)C(CCCC(=O)OCCC#CCCCCCC)(CCCC(=O)OCCC#CCCCCCC)C=NC3(C(=O)OCC),0.33282957613759173
N3(C1CCN(CC2=CC=CC=C2)CC1)C(CCCC(=O)OC(CCCCCCCC)CCCCCCCC)(CCCC(=O)OCCCCCCCC/C=C\CCCCCCCC)C=NC3(C(=O)OCC),0.4100218127290261
N3(C1CCN(CC2=CC=CC=C2)CC1)C(CCCC(=O)OCCCCCCCC/C=C\CCCCCCCC)(CCCC(=O)OCCC#CCCCCCC)C=NC3(C(=O)OCC),0.3782958440840043
N3(C1CCN(CC2=CC=CC=C2)CC1)C(CCCC(=O)OCCCCCCCCCCCC)(CCCC(=O)OCCCCCCCCCCCC)C=NC3(C(=O)OCC),0.3719516748858778
N3(C1CCN(CC2=CC=CC=C2)CC1)C(CCCC(=O)OC(CCCCCCCC)CCCCCCCC)(CCCC(=O)OC(CCCCCCCC)CCCCCCCC)C=NC3(C(=O)OCC),0.4050162050359678
N3(C1CCN(CC2=CC=CC=C2)CC1)C(CCCCCCC/C=C\CCCCCCCC)(CCCCCCC/C=C\CCCCCCCC)C=NC3(C(=O)OCC),0.3813030209077569
N3(C1CCN(CC2=CC=CC=C2)CC1)C(CCCC(=O)OCCCCCCCC/C=C\C/C=C\CCCCC)(CCCC(=O)OCCCCCCCC/C=C\C/C=C\CCCCC)C=NC3(C(=O)OC(C)(C)C),0.339009373652146
N3(C1CCN(CC2=CC=CC=C2)CC1)C(CCCC(=O)OCCCCCCCC/C=C\CCCCCCCC)(CCCC(=O)OCCCCCCCC/C=C\CCCCCCCC)C=NC3(C(=O)OC(C)(C)C),0.34218675960284467
N3(C1CCN(CC2=CC=CC=C2)CC1)C(CCCC(=O)OCCC#CCCCCCC)(CCCC(=O)OCCC#CCCCCCC)C=NC3(C(=O)OC(C)(C)C),0.24665488420605514
N3(C1CCN(CC2=CC=CC=C2)CC1)C(CCCC(=O)OC(CCCCCCCC)CCCCCCCC)(CCCC(=O)OCCCCCCCC/C=C\CCCCCCCC)C=NC3(C(=O)OC(C)(C)C),0.3364793482584552
N3(C1CCN(CC2=CC=CC=C2)CC1)C(CCCC(=O)OCCCCCCCC/C=C\CCCCCCCC)(CCCC(=O)OCCC#CCCCCCC)C=NC3(C(=O)OC(C)(C)C),0.29919809919125584
N3(C1CCN(CC2=CC=CC=C2)CC1)C(CCCC(=O)OCCCCCCCCCCCC)(CCCC(=O)OCCCCCCCCCCCC)C=NC3(C(=O)OC(C)(C)C),0.28932060891099887
N3(C1CCN(CC2=CC=CC=C2)CC1)C(CCCC(=O)OC(CCCCCCCC)CCCCCCCC)(CCCC(=O)OC(CCCCCCCC)CCCCCCCC)C=NC3(C(=O)OC(C)(C)C),0.33060673131001156
N3(C1CCN(CC2=CC=CC=C2)CC1)C(CCCCCCC/C=C\CCCCCCCC)(CCCCCCC/C=C\CCCCCCCC)C=NC3(C(=O)OC(C)(C)C),0.2972148278049975
N(C1CCN(CC2=CC=CC=C2)CC1)C(CCCC(=O)OCCCCCCCC/C=C\C/C=C\CCCCC)(CCCC(=O)OCCCCCCCC/C=C\C/C=C\CCCCC)C=NC(C)(C)C,0.2669988508898386
N(C1CCN(CC2=CC=CC=C2)CC1)C(CCCC(=O)OCCCCCCCC/C=C\CCCCCCCC)(CCCC(=O)OCCCCCCCC/C=C\CCCCCCCC)C=NC(C)(C)C,0.2666321939236385
N(C1CCN(CC2=CC=CC=C2)CC1)C(CCCC(=O)OCCC#CCCCCCC)(CCCC(=O)OCCC#CCCCCCC)C=NC(C)(C)C,0.14217679922725482
N(C1CCN(CC2=CC=CC=C2)CC1)C(CCCC(=O)OC(CCCCCCCC)CCCCCCCC)(CCCC(=O)OCCCCCCCC/C=C\CCCCCCCC)C=NC(C)(C)C,0.25925566095170066
N(C1CCN(CC2=CC=CC=C2)CC1)C(CCCC(=O)OCCCCCCCC/C=C\CCCCCCCC)(CCCC(=O)OCCC#CCCCCCC)C=NC(C)(C)C,0.2129079092729656
N(C1CCN(CC2=CC=CC=C2)CC1)C(CCCC(=O)OCCCCCCCCCCCC)(CCCC(=O)OCCCCCCCCCCCC)C=NC(C)(C)C,0.19708778250665338
N(C1CCN(CC2=CC=CC=C2)CC1)C(CCCC(=O)OC(CCCCCCCC)CCCCCCCC)(CCCC(=O)OC(CCCCCCCC)CCCCCCCC)C=NC(C)(C)C,0.251715798696793
N(C1CCN(CC2=CC=CC=C2)CC1)C(CCCCCCC/C=C\CCCCCCCC)(CCCCCCC/C=C\CCCCCCCC)C=NC(C)(C)C,0.2094876737647659
N(C1CCN(CC2=CC=CC=C2)CC1)C(CCCC(=O)OCCCCCCCC/C=C\C/C=C\CCCCC)(CCCC(=O)OCCCCCCCC/C=C\C/C=C\CCCCC)C=NCCCC,0.35885021823942903
N(C1CCN(CC2=CC=CC=C2)CC1)C(CCCC(=O)OCCCCCCCC/C=C\CCCCCCCC)(CCCC(=O)OCCCCCCCC/C=C\CCCCCCCC)C=NCCCC,0.36474165796446584
N(C1CCN(CC2=CC=CC=C2)CC1)C(CCCC(=O)OCCC#CCCCCCC)(CCCC(=O)OCCC#CCCCCCC)C=NCCCC,0.2620050372150254
N(C1CCN(CC2=CC=CC=C2)CC1)C(CCCC(=O)OC(CCCCCCCC)CCCCCCCC)(CCCC(=O)OCCCCCCCC/C=C\CCCCCCCC)C=NCCCC,0.35872340276042003
N(C1CCN(CC2=CC=CC=C2)CC1)C(CCCC(=O)OCCCCCCCC/C=C\CCCCCCCC)(CCCC(=O)OCCC#CCCCCCC)C=NCCCC,0.3205948607006591
N(C1CCN(CC2=CC=CC=C2)CC1)C(CCCC(=O)OCCCCCCCCCCCC)(CCCC(=O)OCCCCCCCCCCCC)C=NCCCC,0.30914152875533757
N(C1CCN(CC2=CC=CC=C2)CC1)C(CCCC(=O)OC(CCCCCCCC)CCCCCCCC)(CCCC(=O)OC(CCCCCCCC)CCCCCCCC)C=NCCCC,0.35254914486049604
N(C1CCN(CC2=CC=CC=C2)CC1)C(CCCCCCC/C=C\CCCCCCCC)(CCCCCCC/C=C\CCCCCCCC)C=NCCCC,0.314870175289143
N(C1CCN(CC2=CC=CC=C2)CC1)C(CCCC(=O)OCCCCCCCC/C=C\C/C=C\CCCCC)(CCCC(=O)OCCCCCCCC/C=C\C/C=C\CCCCC)C=NC5CCCCC5,0.3317354128994911
N(C1CCN(CC2=CC=CC=C2)CC1)C(CCCC(=O)OCCCCCCCC/C=C\CCCCCCCC)(CCCC(=O)OCCCCCCCC/C=C\CCCCCCCC)C=NC5CCCCC5,0.33456606662693406
N(C1CCN(CC2=CC=CC=C2)CC1)C(CCCC(=O)OCCC#CCCCCCC)(CCCC(=O)OCCC#CCCCCCC)C=NC5CCCCC5,0.23170146886638474
N(C1CCN(CC2=CC=CC=C2)CC1)C(CCCC(=O)OC(CCCCCCCC)CCCCCCCC)(CCCC(=O)OCCCCCCCC/C=C\CCCCCCCC)C=NC5CCCCC5,0.32833429799662817
N(C1CCN(CC2=CC=CC=C2)CC1)C(CCCC(=O)OCCCCCCCC/C=C\CCCCCCCC)(CCCC(=O)OCCC#CCCCCCC)C=NC5CCCCC5,0.28900392760796867
N(C1CCN(CC2=CC=CC=C2)CC1)C(CCCC(=O)OCCCCCCCCCCCC)(CCCC(=O)OCCCCCCCCCCCC)C=NC5CCCCC5,0.27689632547878856
N(C1CCN(CC2=CC=CC=C2)CC1)C(CCCC(=O)OC(CCCCCCCC)CCCCCCCC)(CCCC(=O)OC(CCCCCCCC)CCCCCCCC)C=NC5CCCCC5,0.32192153883885916
N(C1CCN(CC2=CC=CC=C2)CC1)C(CCCCCCC/C=C\CCCCCCCC)(CCCCCCC/C=C\CCCCCCCC)C=NC5CCCCC5,0.2840922253177557
N3(CCCN1C=CN=C1)C(CCCC(=O)OCCCCCCCC/C=C\C/C=C\CCCCC)(CCCC(=O)OCCCCCCCC/C=C\C/C=C\CCCCC)C=NC3(C(=O)OC),0.41645509228722655
N3(CCCN1C=CN=C1)C(CCCC(=O)OCCCCCCCC/C=C\CCCCCCCC)(CCCC(=O)OCCCCCCCC/C=C\CCCCCCCC)C=NC3(C(=O)OC),0.4212417660708919
N3(CCCN1C=CN=C1)C(CCCC(=O)OCCC#CCCCCCC)(CCCC(=O)OCCC#CCCCCCC)C=NC3(C(=O)OC),0.32891875712299556
N3(CCCN1C=CN=C1)C(CCCC(=O)OC(CCCCCCCC)CCCCCCCC)(CCCC(=O)OCCCCCCCC/C=C\CCCCCCCC)C=NC3(C(=O)OC),0.41606225617446735
N3(CCCN1C=CN=C1)C(CCCC(=O)OCCCCCCCC/C=C\CCCCCCCC)(CCCC(=O)OCCC#CCCCCCC)C=NC3(C(=O)OC),0.3820953644971311
N3(CCCN1C=CN=C1)C(CCCC(=O)OCCCCCCCCCCCC)(CCCC(=O)OCCCCCCCCCCCC)C=NC3(C(=O)OC),0.37472648572390277
N3(CCCN1C=CN=C1)C(CCCC(=O)OC(CCCCCCCC)CCCCCCCC)(CCCC(=O)OC(CCCCCCCC)CCCCCCCC)C=NC3(C(=O)OC),0.41044702282621054
N3(CCCN1C=CN=C1)C(CCCCCCC/C=C\CCCCCCCC)(CCCCCCC/C=C\CCCCCCCC)C=NC3(C(=O)OC),0.38466336305562615
N3(CCCN1C=CN=C1)C(CCCC(=O)OCCCCCCCC/C=C\C/C=C\CCCCC)(CCCC(=O)OCCCCCCCC/C=C\C/C=C\CCCCC)C=NC3(C(=O)OCC),0.41598106805897217
N3(CCCN1C=CN=C1)C(CCCC(=O)OCCCCCCCC/C=C\CCCCCCCC)(CCCC(=O)OCCCCCCCC/C=C\CCCCCCCC)C=NC3(C(=O)OCC),0.420894348841526
N3(CCCN1C=CN=C1)C(CCCC(=O)OCCC#CCCCCCC)(CCCC(=O)OCCC#CCCCCCC)C=NC3(C(=O)OCC),0.32996395731565453
N3(CCCN1C=CN=C1)C(CCCC(=O)OC(CCCCCCCC)CCCCCCCC)(CCCC(=O)OCCCCCCCC/C=C\CCCCCCCC)C=NC3(C(=O)OCC),0.4156785931870099
N3(CCCN1C=CN=C1)C(CCCC(=O)OCCCCCCCC/C=C\CCCCCCCC)(CCCC(=O)OCCC#CCCCCCC)C=NC3(C(=O)OCC),0.38213390353654814
N3(CCCN1C=CN=C1)C(CCCC(=O)OCCCCCCCCCCCC)(CCCC(=O)OCCCCCCCCCCCC)C=NC3(C(=O)OCC),0.37490420013518666
N3(CCCN1C=CN=C1)C(CCCC(=O)OC(CCCCCCCC)CCCCCCCC)(CCCC(=O)OC(CCCCCCCC)CCCCCCCC)C=NC3(C(=O)OCC),0.4100566884748973
N3(CCCN1C=CN=C1)C(CCCCCCC/C=C\CCCCCCCC)(CCCCCCC/C=C\CCCCCCCC)C=NC3(C(=O)OCC),0.3848572197848111
N3(CCCN1C=CN=C1)C(CCCC(=O)OCCCCCCCC/C=C\C/C=C\CCCCC)(CCCC(=O)OCCCCCCCC/C=C\C/C=C\CCCCC)C=NC3(C(=O)OC(C)(C)C),0.33796042081731814
N3(CCCN1C=CN=C1)C(CCCC(=O)OCCCCCCCC/C=C\CCCCCCCC)(CCCC(=O)OCCCCCCCC/C=C\CCCCCCCC)C=NC3(C(=O)OC(C)(C)C),0.34123218869685185
N3(CCCN1C=CN=C1)C(CCCC(=O)OCCC#CCCCCCC)(CCCC(=O)OCCC#CCCCCCC)C=NC3(C(=O)OC(C)(C)C),0.2319220706167416
N3(CCCN1C=CN=C1)C(CCCC(=O)OC(CCCCCCCC)CCCCCCCC)(CCCC(=O)OCCCCCCCC/C=C\CCCCCCCC)C=NC3(C(=O)OC(C)(C)C),0.33473949230431066
N3(CCCN1C=CN=C1)C(CCCC(=O)OCCCCCCCC/C=C\CCCCCCCC)(CCCC(=O)OCCC#CCCCCCC)C=NC3(C(=O)OC(C)(C)C),0.29283900877307684
N3(CCCN1C=CN=C1)C(CCCC(=O)OCCCCCCCCCCCC)(CCCC(=O)OCCCCCCCCCCCC)C=NC3(C(=O)OC(C)(C)C),0.28120712849598944
N3(CCCN1C=CN=C1)C(CCCC(=O)OC(CCCCCCCC)CCCCCCCC)(CCCC(=O)OC(CCCCCCCC)CCCCCCCC)C=NC3(C(=O)OC(C)(C)C),0.3280405197239779
N3(CCCN1C=CN=C1)C(CCCCCCC/C=C\CCCCCCCC)(CCCCCCC/C=C\CCCCCCCC)C=NC3(C(=O)OC(C)(C)C),0.29136812195724376
N(CCCN1C=CN=C1)C(CCCC(=O)OCCCCCCCC/C=C\C/C=C\CCCCC)(CCCC(=O)OCCCCCCCC/C=C\C/C=C\CCCCC)C=NC(C)(C)C,0.26892312240199717
N(CCCN1C=CN=C1)C(CCCC(=O)OCCCCCCCC/C=C\CCCCCCCC)(CCCC(=O)OCCCCCCCC/C=C\CCCCCCCC)C=NC(C)(C)C,0.270689663811565
N(CCCN1C=CN=C1)C(CCCC(=O)OCCC#CCCCCCC)(CCCC(=O)OCCC#CCCCCCC)C=NC(C)(C)C,0.13215331329690344
N(CCCN1C=CN=C1)C(CCCC(=O)OC(CCCCCCCC)CCCCCCCC)(CCCC(=O)OCCCCCCCC/C=C\CCCCCCCC)C=NC(C)(C)C,0.262857184816107
N(CCCN1C=CN=C1)C(CCCC(=O)OCCCCCCCC/C=C\CCCCCCCC)(CCCC(=O)OCCC#CCCCCCC)C=NC(C)(C)C,0.21204334221327742
N(CCCN1C=CN=C1)C(CCCC(=O)OCCCCCCCCCCCC)(CCCC(=O)OCCCCCCCCCCCC)C=NC(C)(C)C,0.19335789445377155
N(CCCN1C=CN=C1)C(CCCC(=O)OC(CCCCCCCC)CCCCCCCC)(CCCC(=O)OC(CCCCCCCC)CCCCCCCC)C=NC(C)(C)C,0.2548151535166782
N(CCCN1C=CN=C1)C(CCCCCCC/C=C\CCCCCCCC)(CCCCCCC/C=C\CCCCCCCC)C=NC(C)(C)C,0.2008038513058339
N(CCCN1C=CN=C1)C(CCCC(=O)OCCCCCCCC/C=C\C/C=C\CCCCC)(CCCC(=O)OCCCCCCCC/C=C\C/C=C\CCCCC)C=NCCCC,0.36253004128051797
N(CCCN1C=CN=C1)C(CCCC(=O)OCCCCCCCC/C=C\CCCCCCCC)(CCCC(=O)OCCCCCCCC/C=C\CCCCCCCC)C=NCCCC,0.3665238056001963
N(CCCN1C=CN=C1)C(CCCC(=O)OCCC#CCCCCCC)(CCCC(=O)OCCC#CCCCCCC)C=NCCCC,0.2556724833378978
N(CCCN1C=CN=C1)C(CCCC(=O)OC(CCCCCCCC)CCCCCCCC)(CCCC(=O)OCCCCCCCC/C=C\CCCCCCCC)C=NCCCC,0.36044550812144827
N(CCCN1C=CN=C1)C(CCCC(=O)OCCCCCCCC/C=C\CCCCCCCC)(CCCC(=O)OCCC#CCCCCCC)C=NCCCC,0.3189259177703568
N(CCCN1C=CN=C1)C(CCCC(=O)OCCCCCCCCCCCC)(CCCC(=O)OCCCCCCCCCCCC)C=NCCCC,0.30642765367824554
N(CCCN1C=CN=C1)C(CCCC(=O)OC(CCCCCCCC)CCCCCCCC)(CCCC(=O)OC(CCCCCCCC)CCCCCCCC)C=NCCCC,0.3538644161578176
N(CCCN1C=CN=C1)C(CCCCCCC/C=C\CCCCCCCC)(CCCCCCC/C=C\CCCCCCCC)C=NCCCC,0.30918608393537456
N(CCCN1C=CN=C1)C(CCCC(=O)OCCCCCCCC/C=C\C/C=C\CCCCC)(CCCC(=O)OCCCCCCCC/C=C\C/C=C\CCCCC)C=NC5CCCCC5,0.3310449863061641
N(CCCN1C=CN=C1)C(CCCC(=O)OCCCCCCCC/C=C\CCCCCCCC)(CCCC(=O)OCCCCCCCC/C=C\CCCCCCCC)C=NC5CCCCC5,0.3351198791755889
N(CCCN1C=CN=C1)C(CCCC(=O)OCCC#CCCCCCC)(CCCC(=O)OCCC#CCCCCCC)C=NC5CCCCC5,0.21982527967095286
N(CCCN1C=CN=C1)C(CCCC(=O)OC(CCCCCCCC)CCCCCCCC)(CCCC(=O)OCCCCCCCC/C=C\CCCCCCCC)C=NC5CCCCC5,0.32845727148484516
N(CCCN1C=CN=C1)C(CCCC(=O)OCCCCCCCC/C=C\CCCCCCCC)(CCCC(=O)OCCC#CCCCCCC)C=NC5CCCCC5,0.2849221251116931
N(CCCN1C=CN=C1)C(CCCC(=O)OCCCCCCCCCCCC)(CCCC(=O)OCCCCCCCCCCCC)C=NC5CCCCC5,0.27099678481192685
N(CCCN1C=CN=C1)C(CCCC(=O)OC(CCCCCCCC)CCCCCCCC)(CCCC(=O)OC(CCCCCCCC)CCCCCCCC)C=NC5CCCCC5,0.32155586470751285
N(CCCN1C=CN=C1)C(CCCCCCC/C=C\CCCCCCCC)(CCCCCCC/C=C\CCCCCCCC)C=NC5CCCCC5,0.279429746120156
N3(CC1=CC=CN=C1)C(CCCC(=O)OCCCCCCCC/C=C\C/C=C\CCCCC)(CCCC(=O)OCCCCCCCC/C=C\C/C=C\CCCCC)C=NC3(C(=O)OC),0.4097212439610226
N3(CC1=CC=CN=C1)C(CCCC(=O)OCCCCCCCC/C=C\CCCCCCCC)(CCCC(=O)OCCCCCCCC/C=C\CCCCCCCC)C=NC3(C(=O)OC),0.4132330022421191
N3(CC1=CC=CN=C1)C(CCCC(=O)OCCC#CCCCCCC)(CCCC(=O)OCCC#CCCCCCC)C=NC3(C(=O)OC),0.31813151916265203
N3(CC1=CC=CN=C1)C(CCCC(=O)OC(CCCCCCCC)CCCCCCCC)(CCCC(=O)OCCCCCCCC/C=C\CCCCCCCC)C=NC3(C(=O)OC),0.4078289294730483
N3(CC1=CC=CN=C1)C(CCCC(=O)OCCCCCCCC/C=C\CCCCCCCC)(CCCC(=O)OCCC#CCCCCCC)C=NC3(C(=O)OC),0.37258926666009684
N3(CC1=CC=CN=C1)C(CCCC(=O)OCCCCCCCCCCCC)(CCCC(=O)OCCCCCCCCCCCC)C=NC3(C(=O)OC),0.3650833568819553
N3(CC1=CC=CN=C1)C(CCCC(=O)OC(CCCCCCCC)CCCCCCCC)(CCCC(=O)OC(CCCCCCCC)CCCCCCCC)C=NC3(C(=O)OC),0.40225083536911377
N3(CC1=CC=CN=C1)C(CCCCCCC/C=C\CCCCCCCC)(CCCCCCC/C=C\CCCCCCCC)C=NC3(C(=O)OC),0.3765785933314961
N3(CC1=CC=CN=C1)C(CCCC(=O)OCCCCCCCC/C=C\C/C=C\CCCCC)(CCCC(=O)OCCCCCCCC/C=C\C/C=C\CCCCC)C=NC3(C(=O)OCC),0.409265089457382
N3(CC1=CC=CN=C1)C(CCCC(=O)OCCCCCCCC/C=C\CCCCCCCC)(CCCC(=O)OCCCCCCCC/C=C\CCCCCCCC)C=NC3(C(=O)OCC),0.41318025677163417
N3(CC1=CC=CN=C1)C(CCCC(=O)OCCC#CCCCCCC)(CCCC(=O)OCCC#CCCCCCC)C=NC3(C(=O)OCC),0.3195476054896696
N3(CC1=CC=CN=C1)C(CCCC(=O)OC(CCCCCCCC)CCCCCCCC)(CCCC(=O)OCCCCCCCC/C=C\CCCCCCCC)C=NC3(C(=O)OCC),0.40786008235962495
N3(CC1=CC=CN=C1)C(CCCC(=O)OCCCCCCCC/C=C\CCCCCCCC)(CCCC(=O)OCCC#CCCCCCC)C=NC3(C(=O)OCC),0.37317438100970013
N3(CC1=CC=CN=C1)C(CCCC(=O)OCCCCCCCCCCCC)(CCCC(=O)OCCCCCCCCCCCC)C=NC3(C(=O)OCC),0.3657711923652134
N3(CC1=CC=CN=C1)C(CCCC(=O)OC(CCCCCCCC)CCCCCCCC)(CCCC(=O)OC(CCCCCCCC)CCCCCCCC)C=NC3(C(=O)OCC),0.4023708007870208
N3(CC1=CC=CN=C1)C(CCCCCCC/C=C\CCCCCCCC)(CCCCCCC/C=C\CCCCCCCC)C=NC3(C(=O)OCC),0.3769799771291956
N3(CC1=CC=CN=C1)C(CCCC(=O)OCCCCCCCC/C=C\C/C=C\CCCCC)(CCCC(=O)OCCCCCCCC/C=C\C/C=C\CCCCC)C=NC3(C(=O)OC(C)(C)C),0.32892709632781536
N3(CC1=CC=CN=C1)C(CCCC(=O)OCCCCCCCC/C=C\CCCCCCCC)(CCCC(=O)OCCCCCCCC/C=C\CCCCCCCC)C=NC3(C(=O)OC(C)(C)C),0.3323745236003023
N3(CC1=CC=CN=C1)C(CCCC(=O)OCCC#CCCCCCC)(CCCC(=O)OCCC#CCCCCCC)C=NC3(C(=O)OC(C)(C)C),0.2211166948859151
N3(CC1=CC=CN=C1)C(CCCC(=O)OC(CCCCCCCC)CCCCCCCC)(CCCC(=O)OCCCCCCCC/C=C\CCCCCCCC)C=NC3(C(=O)OC(C)(C)C),0.32570795478726916
N3(CC1=CC=CN=C1)C(CCCC(=O)OCCCCCCCC/C=C\CCCCCCCC)(CCCC(=O)OCCC#CCCCCCC)C=NC3(C(=O)OC(C)(C)C),0.28278508474513336
N3(CC1=CC=CN=C1)C(CCCC(=O)OCCCCCCCCCCCC)(CCCC(=O)OCCCCCCCCCCCC)C=NC3(C(=O)OC(C)(C)C),0.2705907846687022
N3(CC1=CC=CN=C1)C(CCCC(=O)OC(CCCCCCCC)CCCCCCCC)(CCCC(=O)OC(CCCCCCCC)CCCCCCCC)C=NC3(C(=O)OC(C)(C)C),0.31886888356596454
N3(CC1=CC=CN=C1)C(CCCCCCC/C=C\CCCCCCCC)(CCCCCCC/C=C\CCCCCCCC)C=NC3(C(=O)OC(C)(C)C),0.2845513283259576
N(CC1=CC=CN=C1)C(CCCC(=O)OCCCCCCCC/C=C\C/C=C\CCCCC)(CCCC(=O)OCCCCCCCC/C=C\C/C=C\CCCCC)C=NC(C)(C)C,0.2378340605250843
N(CC1=CC=CN=C1)C(CCCC(=O)OCCCCCCCC/C=C\CCCCCCCC)(CCCC(=O)OCCCCCCCC/C=C\CCCCCCCC)C=NC(C)(C)C,0.2370761757213403
N(CC1=CC=CN=C1)C(CCCC(=O)OCCC#CCCCCCC)(CCCC(=O)OCCC#CCCCCCC)C=NC(C)(C)C,0.08833418721676438
N(CC1=CC=CN=C1)C(CCCC(=O)OC(CCCCCCCC)CCCCCCCC)(CCCC(=O)OCCCCCCCC/C=C\CCCCCCCC)C=NC(C)(C)C,0.22871677811277114
N(CC1=CC=CN=C1)C(CCCC(=O)OCCCCCCCC/C=C\CCCCCCCC)(CCCC(=O)OCCC#CCCCCCC)C=NC(C)(C)C,0.17391462145627037
N(CC1=CC=CN=C1)C(CCCC(=O)OCCCCCCCCCCCC)(CCCC(=O)OCCCCCCCCCCCC)C=NC(C)(C)C,0.15373186947137737
N(CC1=CC=CN=C1)C(CCCC(=O)OC(CCCCCCCC)CCCCCCCC)(CCCC(=O)OC(CCCCCCCC)CCCCCCCC)C=NC(C)(C)C,0.22008319936287815
N(CC1=CC=CN=C1)C(CCCCCCC/C=C\CCCCCCCC)(CCCCCCC/C=C\CCCCCCCC)C=NC(C)(C)C,0.16567703580381837
N(CC1=CC=CN=C1)C(CCCC(=O)OCCCCCCCC/C=C\C/C=C\CCCCC)(CCCC(=O)OCCCCCCCC/C=C\C/C=C\CCCCC)C=NCCCC,0.3351917154685362
N(CC1=CC=CN=C1)C(CCCC(=O)OCCCCCCCC/C=C\CCCCCCCC)(CCCC(=O)OCCCCCCCC/C=C\CCCCCCCC)C=NCCCC,0.3381035573114744
N(CC1=CC=CN=C1)C(CCCC(=O)OCCC#CCCCCCC)(CCCC(=O)OCCC#CCCCCCC)C=NCCCC,0.21716566899093795
N(CC1=CC=CN=C1)C(CCCC(=O)OC(CCCCCCCC)CCCCCCCC)(CCCC(=O)OCCCCCCCC/C=C\CCCCCCCC)C=NCCCC,0.33123574561641594
N(CC1=CC=CN=C1)C(CCCC(=O)OCCCCCCCC/C=C\CCCCCCCC)(CCCC(=O)OCCC#CCCCCCC)C=NCCCC,0.28590117754040684
N(CC1=CC=CN=C1)C(CCCC(=O)OCCCCCCCCCCCC)(CCCC(=O)OCCCCCCCCCCCC)C=NCCCC,0.2714694092450865
N(CC1=CC=CN=C1)C(CCCC(=O)OC(CCCCCCCC)CCCCCCCC)(CCCC(=O)OC(CCCCCCCC)CCCCCCCC)C=NCCCC,0.3239592235365664
N(CC1=CC=CN=C1)C(CCCCCCC/C=C\CCCCCCCC)(CCCCCCC/C=C\CCCCCCCC)C=NCCCC,0.2774799209017997
N(CC1=CC=CN=C1)C(CCCC(=O)OCCCCCCCC/C=C\C/C=C\CCCCC)(CCCC(=O)OCCCCCCCC/C=C\C/C=C\CCCCC)C=NC5CCCCC5,0.30611761395619674
N(CC1=CC=CN=C1)C(CCCC(=O)OCCCCCCCC/C=C\CCCCCCCC)(CCCC(=O)OCCCCCCCC/C=C\CCCCCCCC)C=NC5CCCCC5,0.3069557636063309
N(CC1=CC=CN=C1)C(CCCC(=O)OCCC#CCCCCCC)(CCCC(=O)OCCC#CCCCCCC)C=NC5CCCCC5,0.18501169065854223
N(CC1=CC=CN=C1)C(CCCC(=O)OC(CCCCCCCC)CCCCCCCC)(CCCC(=O)OCCCCCCCC/C=C\CCCCCCCC)C=NC5CCCCC5,0.2997483675778623
N(CC1=CC=CN=C1)C(CCCC(=O)OCCCCCCCC/C=C\CCCCCCCC)(CCCC(=O)OCCC#CCCCCCC)C=NC5CCCCC5,0.25386805811214885
N(CC1=CC=CN=C1)C(CCCC(=O)OCCCCCCCCCCCC)(CCCC(=O)OCCCCCCCCCCCC)C=NC5CCCCC5,0.23990078352528893
N(CC1=CC=CN=C1)C(CCCC(=O)OC(CCCCCCCC)CCCCCCCC)(CCCC(=O)OC(CCCCCCCC)CCCCCCCC)C=NC5CCCCC5,0.29231214972571445
N(CC1=CC=CN=C1)C(CCCCCCC/C=C\CCCCCCCC)(CCCCCCC/C=C\CCCCCCCC)C=NC5CCCCC5,0.25103493240613434
N3(CCN1CCOCC1)C(CCCC(=O)OCCCCCCCC/C=C\C/C=C\CCCCC)(CCCC(=O)OCCCCCCCC/C=C\C/C=C\CCCCC)C=NC3(C(=O)OC),0.14378013048535027
N3(CCN1CCOCC1)C(CCCC(=O)OCCCCCCCC/C=C\CCCCCCCC)(CCCC(=O)OCCCCCCCC/C=C\CCCCCCCC)C=NC3(C(=O)OC),0.14628802720339434
N3(CCN1CCOCC1)C(CCCC(=O)OCCC#CCCCCCC)(CCCC(=O)OCCC#CCCCCCC)C=NC3(C(=O)OC),-0.01615837596183236
N3(CCN1CCOCC1)C(CCCC(=O)OC(CCCCCCCC)CCCCCCCC)(CCCC(=O)OCCCCCCCC/C=C\CCCCCCCC)C=NC3(C(=O)OC),0.13751953203266745
N3(CCN1CCOCC1)C(CCCC(=O)OCCCCCCCC/C=C\CCCCCCCC)(CCCC(=O)OCCC#CCCCCCC)C=NC3(C(=O)OC),0.07491122444163963
N3(CCN1CCOCC1)C(CCCC(=O)OCCCCCCCCCCCC)(CCCC(=O)OCCCCCCCCCCCC)C=NC3(C(=O)OC),0.04857214012432584
N3(CCN1CCOCC1)C(CCCC(=O)OC(CCCCCCCC)CCCCCCCC)(CCCC(=O)OC(CCCCCCCC)CCCCCCCC)C=NC3(C(=O)OC),0.12850395813628096
N3(CCN1CCOCC1)C(CCCCCCC/C=C\CCCCCCCC)(CCCCCCC/C=C\CCCCCCCC)C=NC3(C(=O)OC),0.05362123081394429
N3(CCN1CCOCC1)C(CCCC(=O)OCCCCCCCC/C=C\C/C=C\CCCCC)(CCCC(=O)OCCCCCCCC/C=C\C/C=C\CCCCC)C=NC3(C(=O)OCC),0.14757446867833907
N3(CCN1CCOCC1)C(CCCC(=O)OCCCCCCCC/C=C\CCCCCCCC)(CCCC(=O)OCCCCCCCC/C=C\CCCCCCCC)C=NC3(C(=O)OCC),0.15003066232650064
N3(CCN1CCOCC1)C(CCCC(=O)OCCC#CCCCCCC)(CCCC(=O)OCCC#CCCCCCC)C=NC3(C(=O)OCC),-0.009219144003352766
N3(CCN1CCOCC1)C(CCCC(=O)OC(CCCCCCCC)CCCCCCCC)(CCCC(=O)OCCCCCCCC/C=C\CCCCCCCC)C=NC3(C(=O)OCC),0.14146314199192989
N3(CCN1CCOCC1)C(CCCC(=O)OCCCCCCCC/C=C\CCCCCCCC)(CCCC(=O)OCCC#CCCCCCC)C=NC3(C(=O)OCC),0.08023467496982804
N3(CCN1CCOCC1)C(CCCC(=O)OCCCCCCCCCCCC)(CCCC(=O)OCCCCCCCCCCCC)C=NC3(C(=O)OCC),0.054765191017968624
N3(CCN1CCOCC1)C(CCCC(=O)OC(CCCCCCCC)CCCCCCCC)(CCCC(=O)OC(CCCCCCCC)CCCCCCCC)C=NC3(C(=O)OCC),0.1326501809897891
N3(CCN1CCOCC1)C(CCCCCCC/C=C\CCCCCCCC)(CCCCCCC/C=C\CCCCCCCC)C=NC3(C(=O)OCC),0.05904904053387707
N3(CCN1CCOCC1)C(CCCC(=O)OCCCCCCCC/C=C\C/C=C\CCCCC)(CCCC(=O)OCCCCCCCC/C=C\C/C=C\CCCCC)C=NC3(C(=O)OC(C)(C)C),0.08692143657167471
N3(CCN1CCOCC1)C(CCCC(=O)OCCCCCCCC/C=C\CCCCCCCC)(CCCC(=O)OCCCCCCCC/C=C\CCCCCCCC)C=NC3(C(=O)OC(C)(C)C),0.08965720206141861
N3(CCN1CCOCC1)C(CCCC(=O)OCCC#CCCCCCC)(CCCC(=O)OCCC#CCCCCCC)C=NC3(C(=O)OC(C)(C)C),-0.0689469087602464
N3(CCN1CCOCC1)C(CCCC(=O)OC(CCCCCCCC)CCCCCCCC)(CCCC(=O)OCCCCCCCC/C=C\CCCCCCCC)C=NC3(C(=O)OC(C)(C)C),0.08043877700779156
N3(CCN1CCOCC1)C(CCCC(=O)OCCCCCCCC/C=C\CCCCCCCC)(CCCC(=O)OCCC#CCCCCCC)C=NC3(C(=O)OC(C)(C)C),0.015299577527572153
N3(CCN1CCOCC1)C(CCCC(=O)OCCCCCCCCCCCC)(CCCC(=O)OCCCCCCCCCCCC)C=NC3(C(=O)OC(C)(C)C),-0.010185687624836796
N3(CCN1CCOCC1)C(CCCC(=O)OC(CCCCCCCC)CCCCCCCC)(CCCC(=O)OC(CCCCCCCC)CCCCCCCC)C=NC3(C(=O)OC(C)(C)C),0.07096892492884889
N3(CCN1CCOCC1)C(CCCCCCC/C=C\CCCCCCCC)(CCCCCCC/C=C\CCCCCCCC)C=NC3(C(=O)OC(C)(C)C),-0.0048369514363199115
N(CCN1CCOCC1)C(CCCC(=O)OCCCCCCCC/C=C\C/C=C\CCCCC)(CCCC(=O)OCCCCCCCC/C=C\C/C=C\CCCCC)C=NC(C)(C)C,-0.009824302227397816
N(CCN1CCOCC1)C(CCCC(=O)OCCCCCCCC/C=C\CCCCCCCC)(CCCC(=O)OCCCCCCCC/C=C\CCCCCCCC)C=NC(C)(C)C,-0.009655701375666972
N(CCN1CCOCC1)C(CCCC(=O)OCCC#CCCCCCC)(CCCC(=O)OCCC#CCCCCCC)C=NC(C)(C)C,-0.19618756808355417
N(CCN1CCOCC1)C(CCCC(=O)OC(CCCCCCCC)CCCCCCCC)(CCCC(=O)OCCCCCCCC/C=C\CCCCCCCC)C=NC(C)(C)C,-0.020212956910946246
N(CCN1CCOCC1)C(CCCC(=O)OCCCCCCCC/C=C\CCCCCCCC)(CCCC(=O)OCCC#CCCCCCC)C=NC(C)(C)C,-0.09058375001983557
N(CCN1CCOCC1)C(CCCC(=O)OCCCCCCCCCCCC)(CCCC(=O)OCCCCCCCCCCCC)C=NC(C)(C)C,-0.12349784687155202
N(CCN1CCOCC1)C(CCCC(=O)OC(CCCCCCCC)CCCCCCCC)(CCCC(=O)OC(CCCCCCCC)CCCCCCCC)C=NC(C)(C)C,-0.030496179288558654
N(CCN1CCOCC1)C(CCCCCCC/C=C\CCCCCCCC)(CCCCCCC/C=C\CCCCCCCC)C=NC(C)(C)C,-0.12141498155344627
N(CCN1CCOCC1)C(CCCC(=O)OCCCCCCCC/C=C\C/C=C\CCCCC)(CCCC(=O)OCCCCCCCC/C=C\C/C=C\CCCCC)C=NCCCC,0.06831955955761253
N(CCN1CCOCC1)C(CCCC(=O)OCCCCCCCC/C=C\CCCCCCCC)(CCCC(=O)OCCCCCCCC/C=C\CCCCCCCC)C=NCCCC,0.07041156821814565
N(CCN1CCOCC1)C(CCCC(=O)OCCC#CCCCCCC)(CCCC(=O)OCCC#CCCCCCC)C=NCCCC,-0.10698771047215373
N(CCN1CCOCC1)C(CCCC(=O)OC(CCCCCCCC)CCCCCCCC)(CCCC(=O)OCCCCCCCC/C=C\CCCCCCCC)C=NCCCC,0.060355257837394365
N(CCN1CCOCC1)C(CCCC(=O)OCCCCCCCC/C=C\CCCCCCCC)(CCCC(=O)OCCC#CCCCCCC)C=NCCCC,-0.009885893211566583
N(CCN1CCOCC1)C(CCCC(=O)OCCCCCCCCCCCC)(CCCC(=O)OCCCCCCCCCCCC)C=NCCCC,-0.0401354363568398
N(CCN1CCOCC1)C(CCCC(=O)OC(CCCCCCCC)CCCCCCCC)(CCCC(=O)OC(CCCCCCCC)CCCCCCCC)C=NCCCC,0.05000419007199837
N(CCN1CCOCC1)C(CCCCCCC/C=C\CCCCCCCC)(CCCCCCC/C=C\CCCCCCCC)C=NCCCC,-0.038873178575872365
N(CCN1CCOCC1)C(CCCC(=O)OCCCCCCCC/C=C\C/C=C\CCCCC)(CCCC(=O)OCCCCCCCC/C=C\C/C=C\CCCCC)C=NC5CCCCC5,0.04869055683276637
N(CCN1CCOCC1)C(CCCC(=O)OCCCCCCCC/C=C\CCCCCCCC)(CCCC(=O)OCCCCCCCC/C=C\CCCCCCCC)C=NC5CCCCC5,0.05116753892722863
N(CCN1CCOCC1)C(CCCC(=O)OCCC#CCCCCCC)(CCCC(=O)OCCC#CCCCCCC)C=NC5CCCCC5,-0.12279166513769049
N(CCN1CCOCC1)C(CCCC(=O)OC(CCCCCCCC)CCCCCCCC)(CCCC(=O)OCCCCCCCC/C=C\CCCCCCCC)C=NC5CCCCC5,0.04131161144800563
N(CCN1CCOCC1)C(CCCC(=O)OCCCCCCCC/C=C\CCCCCCCC)(CCCC(=O)OCCC#CCCCCCC)C=NC5CCCCC5,-0.026816207333097936
N(CCN1CCOCC1)C(CCCC(=O)OCCCCCCCCCCCC)(CCCC(=O)OCCCCCCCCCCCC)C=NC5CCCCC5,-0.05668440962439865
N(CCN1CCOCC1)C(CCCC(=O)OC(CCCCCCCC)CCCCCCCC)(CCCC(=O)OC(CCCCCCCC)CCCCCCCC)C=NC5CCCCC5,0.03143376377325641
N(CCN1CCOCC1)C(CCCCCCC/C=C\CCCCCCCC)(CCCCCCC/C=C\CCCCCCCC)C=NC5CCCCC5,-0.05509394456802512
N3(CCN1CCN(C)CC1)C(CCCC(=O)OCCCCCCCC/C=C\C/C=C\CCCCC)(CCCC(=O)OCCCCCCCC/C=C\C/C=C\CCCCC)C=NC3(C(=O)OC),0.5861960920141778
N3(CCN1CCN(C)CC1)C(CCCC(=O)OCCCCCCCC/C=C\CCCCCCCC)(CCCC(=O)OCCCCCCCC/C=C\CCCCCCCC)C=NC3(C(=O)OC),0.5836120702692791
N3(CCN1CCN(C)CC1)C(CCCC(=O)OCCC#CCCCCCC)(CCCC(=O)OCCC#CCCCCCC)C=NC3(C(=O)OC),0.5572237288006393
N3(CCN1CCN(C)CC1)C(CCCC(=O)OC(CCCCCCCC)CCCCCCCC)(CCCC(=O)OCCCCCCCC/C=C\CCCCCCCC)C=NC3(C(=O)OC),0.5818385001013632
N3(CCN1CCN(C)CC1)C(CCCC(=O)OCCCCCCCC/C=C\CCCCCCCC)(CCCC(=O)OCCC#CCCCCCC)C=NC3(C(=O)OC),0.5720453549212832
N3(CCN1CCN(C)CC1)C(CCCC(=O)OCCCCCCCCCCCC)(CCCC(=O)OCCCCCCCCCCCC)C=NC3(C(=O)OC),0.5787701492536828
N3(CCN1CCN(C)CC1)C(CCCC(=O)OC(CCCCCCCC)CCCCCCCC)(CCCC(=O)OC(CCCCCCCC)CCCCCCCC)C=NC3(C(=O)OC),0.5800095337871446
N3(CCN1CCN(C)CC1)C(CCCCCCC/C=C\CCCCCCCC)(CCCCCCC/C=C\CCCCCCCC)C=NC3(C(=O)OC),0.5913714025253181
N3(CCN1CCN(C)CC1)C(CCCC(=O)OCCCCCCCC/C=C\C/C=C\CCCCC)(CCCC(=O)OCCCCCCCC/C=C\C/C=C\CCCCC)C=NC3(C(=O)OCC),0.5835490497071412
N3(CCN1CCN(C)CC1)C(CCCC(=O)OCCCCCCCC/C=C\CCCCCCCC)(CCCC(=O)OCCCCCCCC/C=C\CCCCCCCC)C=NC3(C(=O)OCC),0.581057116609752
N3(CCN1CCN(C)CC1)C(CCCC(=O)OCCC#CCCCCCC)(CCCC(=O)OCCC#CCCCCCC)C=NC3(C(=O)OCC),0.5545180142311208
N3(CCN1CCN(C)CC1)C(CCCC(=O)OC(CCCCCCCC)CCCCCCCC)(CCCC(=O)OCCCCCCCC/C=C\CCCCCCCC)C=NC3(C(=O)OCC),0.5792718715550885
N3(CCN1CCN(C)CC1)C(CCCC(=O)OCCCCCCCC/C=C\CCCCCCCC)(CCCC(=O)OCCC#CCCCCCC)C=NC3(C(=O)OCC),0.5693825872565865
N3(CCN1CCN(C)CC1)C(CCCC(=O)OCCCCCCCCCCCC)(CCCC(=O)OCCCCCCCCCCCC)C=NC3(C(=O)OCC),0.5757587432617716
N3(CCN1CCN(C)CC1)C(CCCC(=O)OC(CCCCCCCC)CCCCCCCC)(CCCC(=O)OC(CCCCCCCC)CCCCCCCC)C=NC3(C(=O)OCC),0.5774315281828659
N3(CCN1CCN(C)CC1)C(CCCCCCC/C=C\CCCCCCCC)(CCCCCCC/C=C\CCCCCCCC)C=NC3(C(=O)OCC),0.5881670035075782
N3(CCN1CCN(C)CC1)C(CCCC(=O)OCCCCCCCC/C=C\C/C=C\CCCCC)(CCCC(=O)OCCCCCCCC/C=C\C/C=C\CCCCC)C=NC3(C(=O)OC(C)(C)C),0.5071071330693644
N3(CCN1CCN(C)CC1)C(CCCC(=O)OCCCCCCCC/C=C\CCCCCCCC)(CCCC(=O)OCCCCCCCC/C=C\CCCCCCCC)C=NC3(C(=O)OC(C)(C)C),0.507758663228782
N3(CCN1CCN(C)CC1)C(CCCC(=O)OCCC#CCCCCCC)(CCCC(=O)OCCC#CCCCCCC)C=NC3(C(=O)OC(C)(C)C),0.456287959332025
N3(CCN1CCN(C)CC1)C(CCCC(=O)OC(CCCCCCCC)CCCCCCCC)(CCCC(=O)OCCCCCCCC/C=C\CCCCCCCC)C=NC3(C(=O)OC(C)(C)C),0.505060334812104
N3(CCN1CCN(C)CC1)C(CCCC(=O)OCCCCCCCC/C=C\CCCCCCCC)(CCCC(=O)OCCC#CCCCCCC)C=NC3(C(=O)OC(C)(C)C),0.4872075864367251
N3(CCN1CCN(C)CC1)C(CCCC(=O)OCCCCCCCCCCCC)(CCCC(=O)OCCCCCCCCCCCC)C=NC3(C(=O)OC(C)(C)C),0.4875402015775359
N3(CCN1CCN(C)CC1)C(CCCC(=O)OC(CCCCCCCC)CCCCCCCC)(CCCC(=O)OC(CCCCCCCC)CCCCCCCC)C=NC3(C(=O)OC(C)(C)C),0.5022818308976589
N3(CCN1CCN(C)CC1)C(CCCCCCC/C=C\CCCCCCCC)(CCCCCCC/C=C\CCCCCCCC)C=NC3(C(=O)OC(C)(C)C),0.49588640537276524
N(CCN1CCN(C)CC1)C(CCCC(=O)OCCCCCCCC/C=C\C/C=C\CCCCC)(CCCC(=O)OCCCCCCCC/C=C\C/C=C\CCCCC)C=NC(C)(C)C,0.43866924478333763
N(CCN1CCN(C)CC1)C(CCCC(=O)OCCCCCCCC/C=C\CCCCCCCC)(CCCC(=O)OCCCCCCCC/C=C\CCCCCCCC)C=NC(C)(C)C,0.4442944553945038
N(CCN1CCN(C)CC1)C(CCCC(=O)OCCC#CCCCCCC)(CCCC(=O)OCCC#CCCCCCC)C=NC(C)(C)C,0.3606059186827311
N(CCN1CCN(C)CC1)C(CCCC(=O)OC(CCCCCCCC)CCCCCCCC)(CCCC(=O)OCCCCCCCC/C=C\CCCCCCCC)C=NC(C)(C)C,0.43960984752125737
N(CCN1CCN(C)CC1)C(CCCC(=O)OCCCCCCCC/C=C\CCCCCCCC)(CCCC(=O)OCCC#CCCCCCC)C=NC(C)(C)C,0.408631012062337
N(CCN1CCN(C)CC1)C(CCCC(=O)OCCCCCCCCCCCC)(CCCC(=O)OCCCCCCCCCCCC)C=NC(C)(C)C,0.4026970423927194
N(CCN1CCN(C)CC1)C(CCCC(=O)OC(CCCCCCCC)CCCCCCCC)(CCCC(=O)OC(CCCCCCCC)CCCCCCCC)C=NC(C)(C)C,0.43461984605436177
N(CCN1CCN(C)CC1)C(CCCCCCC/C=C\CCCCCCCC)(CCCCCCC/C=C\CCCCCCCC)C=NC(C)(C)C,0.41278774827049286
N(CCN1CCN(C)CC1)C(CCCC(=O)OCCCCCCCC/C=C\C/C=C\CCCCC)(CCCC(=O)OCCCCCCCC/C=C\C/C=C\CCCCC)C=NCCCC,0.5309023987993011
N(CCN1CCN(C)CC1)C(CCCC(=O)OCCCCCCCC/C=C\CCCCCCCC)(CCCC(=O)OCCCCCCCC/C=C\CCCCCCCC)C=NCCCC,0.5263460359830328
N(CCN1CCN(C)CC1)C(CCCC(=O)OCCC#CCCCCCC)(CCCC(=O)OCCC#CCCCCCC)C=NCCCC,0.4831295365826185
N(CCN1CCN(C)CC1)C(CCCC(=O)OC(CCCCCCCC)CCCCCCCC)(CCCC(=O)OCCCCCCCC/C=C\CCCCCCCC)C=NCCCC,0.5235588354692756
N(CCN1CCN(C)CC1)C(CCCC(=O)OCCCCCCCC/C=C\CCCCCCCC)(CCCC(=O)OCCC#CCCCCCC)C=NCCCC,0.5078820238943658
N(CCN1CCN(C)CC1)C(CCCC(=O)OCCCCCCCCCCCC)(CCCC(=O)OCCCCCCCCCCCC)C=NCCCC,0.5095534388032397
N(CCN1CCN(C)CC1)C(CCCC(=O)OC(CCCCCCCC)CCCCCCCC)(CCCC(=O)OC(CCCCCCCC)CCCCCCCC)C=NCCCC,0.5209645088498497
N(CCN1CCN(C)CC1)C(CCCCCCC/C=C\CCCCCCCC)(CCCCCCC/C=C\CCCCCCCC)C=NCCCC,0.5168351728861015
N(CCN1CCN(C)CC1)C(CCCC(=O)OCCCCCCCC/C=C\C/C=C\CCCCC)(CCCC(=O)OCCCCCCCC/C=C\C/C=C\CCCCC)C=NC5CCCCC5,0.4951174413397607
N(CCN1CCN(C)CC1)C(CCCC(=O)OCCCCCCCC/C=C\CCCCCCCC)(CCCC(=O)OCCCCCCCC/C=C\CCCCCCCC)C=NC5CCCCC5,0.49361736730705846
N(CCN1CCN(C)CC1)C(CCCC(=O)OCCC#CCCCCCC)(CCCC(=O)OCCC#CCCCCCC)C=NC5CCCCC5,0.4401692294674168
N(CCN1CCN(C)CC1)C(CCCC(=O)OC(CCCCCCCC)CCCCCCCC)(CCCC(=O)OCCCCCCCC/C=C\CCCCCCCC)C=NC5CCCCC5,0.4905443405481042
N(CCN1CCN(C)CC1)C(CCCC(=O)OCCCCCCCC/C=C\CCCCCCCC)(CCCC(=O)OCCC#CCCCCCC)C=NC5CCCCC5,0.4710387915603241
N(CCN1CCN(C)CC1)C(CCCC(=O)OCCCCCCCCCCCC)(CCCC(=O)OCCCCCCCCCCCC)C=NC5CCCCC5,0.47018828201733204
N(CCN1CCN(C)CC1)C(CCCC(=O)OC(CCCCCCCC)CCCCCCCC)(CCCC(=O)OC(CCCCCCCC)CCCCCCCC)C=NC5CCCCC5,0.48720937340918646
N(CCN1CCN(C)CC1)C(CCCCCCC/C=C\CCCCCCCC)(CCCCCCC/C=C\CCCCCCCC)C=NC5CCCCC5,0.47482869210503376
N(C3CCCCC3)C(=O)C(CCCCCCC/C=C\CCCCCCCC)(CCCCCCC/C=C\CCCCCCCC)N(C)CCO,0.46061144985370167
N(C3CCCCC3)C(=O)C(CCCCCCCCC)(CCCCCCCCC)N(C)CCO,0.39034221262350793
N(C3CCCCC3)C(=O)C(CCCCCCCCCC)(CCCCCCCCCC)N(C)CCO,0.40200027204715444
N(C3CCCCC3)C(=O)C(CCCCC)(CCCCC)N(C)CCO,0.25725711095089754
N(C3CCCCC3)C(=O)C(CCCCCC)(CCCCCC)N(C)CCO,0.3066016750131092
N(C3CCCCC3)C(=O)C(CCCCCCC)(CCCCCCC)N(C)CCO,0.3491563989453272
N(C3CCCCC3)C(=O)C(CCCCCCCC)(CCCCCCCC)N(C)CCO,0.3702220642405118
N(C3CCCCC3)C(=O)C5(CCCCCCCCCCC5)N(C)CCO,0.050878883308967664
N(C3CCCCC3)C(=O)C5(CCCCCCCCCCCCCC5)N(C)CCO,0.06710644351933294
N(C(C)(C)C)C(=O)C(CCCCCCC/C=C\CCCCCCCC)(CCCCCCC/C=C\CCCCCCCC)N(C)CCO,0.38903000896224504
N(C(C)(C)C)C(=O)C(CCCCCCCCC)(CCCCCCCCC)N(C)CCO,0.2694116806729374
N(C(C)(C)C)C(=O)C(CCCCCCCCCC)(CCCCCCCCCC)N(C)CCO,0.29034531848610073
N(C(C)(C)C)C(=O)C(CCCCC)(CCCCC)N(C)CCO,0.09205966740424149
N(C(C)(C)C)C(=O)C(CCCCCC)(CCCCCC)N(C)CCO,0.15080865057043513
N(C(C)(C)C)C(=O)C(CCCCCCC)(CCCCCCC)N(C)CCO,0.2075722477662911
N(C(C)(C)C)C(=O)C(CCCCCCCC)(CCCCCCCC)N(C)CCO,0.23889400324054957
N(C(C)(C)C)C(=O)C5(CCCCCCCCCCC5)N(C)CCO,-0.1419112578566877
N(C(C)(C)C)C(=O)C5(CCCCCCCCCCCCCC5)N(C)CCO,-0.10276530302604227
N(CCCC)C(=O)C(CCCCCCC/C=C\CCCCCCCC)(CCCCCCC/C=C\CCCCCCCC)N(C)CCO,0.4902675980795857
N(CCCC)C(=O)C(CCCCCCCCC)(CCCCCCCCC)N(C)CCO,0.43226723724321126
N(CCCC)C(=O)C(CCCCCCCCCC)(CCCCCCCCCC)N(C)CCO,0.4420455207689875
N(CCCC)C(=O)C(CCCCC)(CCCCC)N(C)CCO,0.30064962713875737
N(CCCC)C(=O)C(CCCCCC)(CCCCCC)N(C)CCO,0.3524380249562728
N(CCCC)C(=O)C(CCCCCCC)(CCCCCCC)N(C)CCO,0.3951461902571743
N(CCCC)C(=O)C(CCCCCCCC)(CCCCCCCC)N(C)CCO,0.4139090139242577
N(CCCC)C(=O)C5(CCCCCCCCCCC5)N(C)CCO,0.05670795769510247
N(CCCC)C(=O)C5(CCCCCCCCCCCCCC5)N(C)CCO,0.07108397617248716
N(CCCCC)C(=O)C(CCCCCCC/C=C\CCCCCCCC)(CCCCCCC/C=C\CCCCCCCC)N(C)CCO,0.4962933883508437
N(CCCCC)C(=O)C(CCCCCCCCC)(CCCCCCCCC)N(C)CCO,0.44339900349410816
N(CCCCC)C(=O)C(CCCCCCCCCC)(CCCCCCCCCC)N(C)CCO,0.45221926130046625
N(CCCCC)C(=O)C(CCCCC)(CCCCC)N(C)CCO,0.3228781945460569
N(CCCCC)C(=O)C(CCCCCC)(CCCCCC)N(C)CCO,0.3708576903450233
N(CCCCC)C(=O)C(CCCCCCC)(CCCCCCC)N(C)CCO,0.4108636554555804
N(CCCCC)C(=O)C(CCCCCCCC)(CCCCCCCC)N(C)CCO,0.4271925332816464
N(CCCCC)C(=O)C5(CCCCCCCCCCC5)N(C)CCO,0.08390642685196643
N(CCCCC)C(=O)C5(CCCCCCCCCCCCCC5)N(C)CCO,0.09503369588883553
N(CC(=O)OC)C(=O)C(CCCCCCC/C=C\CCCCCCCC)(CCCCCCC/C=C\CCCCCCCC)N(C)CCO,0.4960248063898988
N(CC(=O)OC)C(=O)C(CCCCCCCCC)(CCCCCCCCC)N(C)CCO,0.4389769018754379
N(CC(=O)OC)C(=O)C(CCCCCCCCCC)(CCCCCCCCCC)N(C)CCO,0.44947709249273576
N(CC(=O)OC)C(=O)C(CCCCC)(CCCCC)N(C)CCO,0.311882774293963
N(CC(=O)OC)C(=O)C(CCCCCC)(CCCCCC)N(C)CCO,0.3615831245732347
N(CC(=O)OC)C(=O)C(CCCCCCC)(CCCCCCC)N(C)CCO,0.4031321999699389
N(CC(=O)OC)C(=O)C(CCCCCCCC)(CCCCCCCC)N(C)CCO,0.42076041525554586
N(CC(=O)OC)C(=O)C5(CCCCCCCCCCC5)N(C)CCO,0.06829674587585563
N(CC(=O)OC)C(=O)C5(CCCCCCCCCCCCCC5)N(C)CCO,0.0805462931842177
N(CC(=O)OCC)C(=O)C(CCCCCCC/C=C\CCCCCCCC)(CCCCCCC/C=C\CCCCCCCC)N(C)CCO,0.48329453370655223
N(CC(=O)OCC)C(=O)C(CCCCCCCCC)(CCCCCCCCC)N(C)CCO,0.4200193279929388
N(CC(=O)OCC)C(=O)C(CCCCCCCCCC)(CCCCCCCCCC)N(C)CCO,0.43133324630339864
N(CC(=O)OCC)C(=O)C(CCCCC)(CCCCC)N(C)CCO,0.29224621044188964
N(CC(=O)OCC)C(=O)C(CCCCCC)(CCCCCC)N(C)CCO,0.3412220327366964
N(CC(=O)OCC)C(=O)C(CCCCCCC)(CCCCCCC)N(C)CCO,0.3826425950305532
N(CC(=O)OCC)C(=O)C(CCCCCCCC)(CCCCCCCC)N(C)CCO,0.4011156015472758
N(CC(=O)OCC)C(=O)C5(CCCCCCCCCCC5)N(C)CCO,0.05939407513329446
N(CC(=O)OCC)C(=O)C5(CCCCCCCCCCCCCC5)N(C)CCO,0.07246843308693837
N(CC(=O)OC(C)(C)C)C(=O)C(CCCCCCC/C=C\CCCCCCCC)(CCCCCCC/C=C\CCCCCCCC)N(C)CCO,0.3470826174039001
N(CC(=O)OC(C)(C)C)C(=O)C(CCCCCCCCC)(CCCCCCCCC)N(C)CCO,0.22214179163838355
N(CC(=O)OC(C)(C)C)C(=O)C(CCCCCCCCCC)(CCCCCCCCCC)N(C)CCO,0.24333221739424657
N(CC(=O)OC(C)(C)C)C(=O)C(CCCCC)(CCCCC)N(C)CCO,0.05807948884208306
N(CC(=O)OC(C)(C)C)C(=O)C(CCCCCC)(CCCCCC)N(C)CCO,0.11069204208164449
N(CC(=O)OC(C)(C)C)C(=O)C(CCCCCCC)(CCCCCCC)N(C)CCO,0.16186938466599232
N(CC(=O)OC(C)(C)C)C(=O)C(CCCCCCCC)(CCCCCCCC)N(C)CCO,0.1927939557278356
N(CC(=O)OC(C)(C)C)C(=O)C5(CCCCCCCCCCC5)N(C)CCO,-0.10978304171061017
N(CC(=O)OC(C)(C)C)C(=O)C5(CCCCCCCCCCCCCC5)N(C)CCO,-0.07919388537976722
N(C(C)C(=O)OC(C)(C)C)C(=O)C(CCCCCCC/C=C\CCCCCCCC)(CCCCCCC/C=C\CCCCCCCC)N(C)CCO,0.32843162843002444
N(C(C)C(=O)OC(C)(C)C)C(=O)C(CCCCCCCCC)(CCCCCCCCC)N(C)CCO,0.19847995318556286
N(C(C)C(=O)OC(C)(C)C)C(=O)C(CCCCCCCCCC)(CCCCCCCCCC)N(C)CCO,0.22032819328733283
N(C(C)C(=O)OC(C)(C)C)C(=O)C(CCCCC)(CCCCC)N(C)CCO,0.039159381815524134
N(C(C)C(=O)OC(C)(C)C)C(=O)C(CCCCCC)(CCCCCC)N(C)CCO,0.08840274739353252
N(C(C)C(=O)OC(C)(C)C)C(=O)C(CCCCCCC)(CCCCCCC)N(C)CCO,0.13797157649964692
N(C(C)C(=O)OC(C)(C)C)C(=O)C(CCCCCCCC)(CCCCCCCC)N(C)CCO,0.16827389396756462
N(C(C)C(=O)OC(C)(C)C)C(=O)C5(CCCCCCCCCCC5)N(C)CCO,-0.11622734093232244
N(C(C)C(=O)OC(C)(C)C)C(=O)C5(CCCCCCCCCCCCCC5)N(C)CCO,-0.08666447266892222
N(CCC(=O)OCC)C(=O)C(CCCCCCC/C=C\CCCCCCCC)(CCCCCCC/C=C\CCCCCCCC)N(C)CCO,0.46404604070734107
N(CCC(=O)OCC)C(=O)C(CCCCCCCCC)(CCCCCCCCC)N(C)CCO,0.3915069910567073
N(CCC(=O)OCC)C(=O)C(CCCCCCCCCC)(CCCCCCCCCC)N(C)CCO,0.40403905871121293
N(CCC(=O)OCC)C(=O)C(CCCCC)(CCCCC)N(C)CCO,0.2605162806745785
N(CCC(=O)OCC)C(=O)C(CCCCCC)(CCCCCC)N(C)CCO,0.3097075522824785
N(CCC(=O)OCC)C(=O)C(CCCCCCC)(CCCCCCC)N(C)CCO,0.3517995099129487
N(CCC(=O)OCC)C(=O)C(CCCCCCCC)(CCCCCCCC)N(C)CCO,0.3715258393483319
N(CCC(=O)OCC)C(=O)C5(CCCCCCCCCCC5)N(C)CCO,0.041047973444203925
N(CCC(=O)OCC)C(=O)C5(CCCCCCCCCCCCCC5)N(C)CCO,0.05600445641993302
N(CS(=O)(=O)c3ccc(C)cc3)C(=O)C(CCCCCCC/C=C\CCCCCCCC)(CCCCCCC/C=C\CCCCCCCC)N(C)CCO,0.295003330252547
N(CS(=O)(=O)c3ccc(C)cc3)C(=O)C(CCCCCCCCC)(CCCCCCCCC)N(C)CCO,0.17257200948028972
N(CS(=O)(=O)c3ccc(C)cc3)C(=O)C(CCCCCCCCCC)(CCCCCCCCCC)N(C)CCO,0.19332400154275411
N(CS(=O)(=O)c3ccc(C)cc3)C(=O)C(CCCCC)(CCCCC)N(C)CCO,0.016445682098550136
N(CS(=O)(=O)c3ccc(C)cc3)C(=O)C(CCCCCC)(CCCCCC)N(C)CCO,0.06564505744041949
N(CS(=O)(=O)c3ccc(C)cc3)C(=O)C(CCCCCCC)(CCCCCCC)N(C)CCO,0.11381194708483555
N(CS(=O)(=O)c3ccc(C)cc3)C(=O)C(CCCCCCCC)(CCCCCCCC)N(C)CCO,0.14443213717075773
N(CS(=O)(=O)c3ccc(C)cc3)C(=O)C5(CCCCCCCCCCC5)N(C)CCO,-0.15371159007113416
N(CS(=O)(=O)c3ccc(C)cc3)C(=O)C5(CCCCCCCCCCCCCC5)N(C)CCO,-0.12368127959471228
N(C3CCCCC3)C(=O)C(CCCCCCC/C=C\CCCCCCCC)(CCCCCCC/C=C\CCCCCCCC)N(CC)CCO,0.4615490445213114
N(C3CCCCC3)C(=O)C(CCCCCCCCC)(CCCCCCCCC)N(CC)CCO,0.3925512679802612
N(C3CCCCC3)C(=O)C(CCCCCCCCCC)(CCCCCCCCCC)N(CC)CCO,0.40391358346155
N(C3CCCCC3)C(=O)C(CCCCC)(CCCCC)N(CC)CCO,0.2581343357321871
N(C3CCCCC3)C(=O)C(CCCCCC)(CCCCCC)N(CC)CCO,0.3156381564872938
N(C3CCCCC3)C(=O)C(CCCCCCC)(CCCCCCC)N(CC)CCO,0.354346213716279
N(C3CCCCC3)C(=O)C(CCCCCCCC)(CCCCCCCC)N(CC)CCO,0.3734829315880311
N(C3CCCCC3)C(=O)C5(CCCCCCCCCCC5)N(CC)CCO,0.050094164135428665
N(C3CCCCC3)C(=O)C5(CCCCCCCCCCCCCC5)N(CC)CCO,0.06536545581596283
N(C(C)(C)C)C(=O)C(CCCCCCC/C=C\CCCCCCCC)(CCCCCCC/C=C\CCCCCCCC)N(CC)CCO,0.39724281526323263
N(C(C)(C)C)C(=O)C(CCCCCCCCC)(CCCCCCCCC)N(CC)CCO,0.28535251742901563
N(C(C)(C)C)C(=O)C(CCCCCCCCCC)(CCCCCCCCCC)N(CC)CCO,0.30451044070730937
N(C(C)(C)C)C(=O)C(CCCCC)(CCCCC)N(CC)CCO,0.10922955403637985
N(C(C)(C)C)C(=O)C(CCCCCC)(CCCCCC)N(CC)CCO,0.17607745379202272
N(C(C)(C)C)C(=O)C(CCCCCCC)(CCCCCCC)N(CC)CCO,0.22729226323231075
N(C(C)(C)C)C(=O)C(CCCCCCCC)(CCCCCCCC)N(CC)CCO,0.2566422732926867
N(C(C)(C)C)C(=O)C5(CCCCCCCCCCC5)N(CC)CCO,-0.12628352845871701
N(C(C)(C)C)C(=O)C5(CCCCCCCCCCCCCC5)N(CC)CCO,-0.09020309510268808
N(CCCC)C(=O)C(CCCCCCC/C=C\CCCCCCCC)(CCCCCCC/C=C\CCCCCCCC)N(CC)CCO,0.49309595852570326
N(CCCC)C(=O)C(CCCCCCCCC)(CCCCCCCCC)N(CC)CCO,0.4383216786396
N(CCCC)C(=O)C(CCCCCCCCCC)(CCCCCCCCCC)N(CC)CCO,0.4474787807549275
N(CCCC)C(=O)C(CCCCC)(CCCCC)N(CC)CCO,0.30484204323039205
N(CCCC)C(=O)C(CCCCCC)(CCCCCC)N(CC)CCO,0.3663078797611134
N(CCCC)C(=O)C(CCCCCCC)(CCCCCCC)N(CC)CCO,0.4054846896495919
N(CCCC)C(=O)C(CCCCCCCC)(CCCCCCCC)N(CC)CCO,0.4217584095923501
N(CCCC)C(=O)C5(CCCCCCCCCCC5)N(CC)CCO,0.05853653683195438
N(CCCC)C(=O)C5(CCCCCCCCCCCCCC5)N(CC)CCO,0.07228455362066276
N(CCCCC)C(=O)C(CCCCCCC/C=C\CCCCCCCC)(CCCCCCC/C=C\CCCCCCCC)N(CC)CCO,0.497822560251792
N(CCCCC)C(=O)C(CCCCCCCCC)(CCCCCCCCC)N(CC)CCO,0.4473011259093923
N(CCCCC)C(=O)C(CCCCCCCCCC)(CCCCCCCCCC)N(CC)CCO,0.45568152044438265
N(CCCCC)C(=O)C(CCCCC)(CCCCC)N(CC)CCO,0.32361025759773404
N(CCCCC)C(=O)C(CCCCCC)(CCCCCC)N(CC)CCO,0.38134132168417906
N(CCCCC)C(=O)C(CCCCCCC)(CCCCCCC)N(CC)CCO,0.41708163461505937
N(CCCCC)C(=O)C(CCCCCCCC)(CCCCCCCC)N(CC)CCO,0.4318516470144439
N(CCCCC)C(=O)C5(CCCCCCCCCCC5)N(CC)CCO,0.08310407621680851
N(CCCCC)C(=O)C5(CCCCCCCCCCCCCC5)N(CC)CCO,0.0939887637420458
N(CC(=O)OC)C(=O)C(CCCCCCC/C=C\CCCCCCCC)(CCCCCCC/C=C\CCCCCCCC)N(CC)CCO,0.494708343777603
N(CC(=O)OC)C(=O)C(CCCCCCCCC)(CCCCCCCCC)N(CC)CCO,0.44041758885667376
N(CC(=O)OC)C(=O)C(CCCCCCCCCC)(CCCCCCCCCC)N(CC)CCO,0.4505342058351372
N(CC(=O)OC)C(=O)C(CCCCC)(CCCCC)N(CC)CCO,0.307509844200855
N(CC(=O)OC)C(=O)C(CCCCCC)(CCCCCC)N(CC)CCO,0.3674230994913839
N(CC(=O)OC)C(=O)C(CCCCCCC)(CCCCCCC)N(CC)CCO,0.40600758757466493
N(CC(=O)OC)C(=O)C(CCCCCCCC)(CCCCCCCC)N(CC)CCO,0.42293799011410455
N(CC(=O)OC)C(=O)C5(CCCCCCCCCCC5)N(CC)CCO,0.0661661981759055
N(CC(=O)OC)C(=O)C5(CCCCCCCCCCCCCC5)N(CC)CCO,0.07823758432986835
N(CC(=O)OCC)C(=O)C(CCCCCCC/C=C\CCCCCCCC)(CCCCCCC/C=C\CCCCCCCC)N(CC)CCO,0.4823620616933318
N(CC(=O)OCC)C(=O)C(CCCCCCCCC)(CCCCCCCCC)N(CC)CCO,0.4220213030242929
N(CC(=O)OCC)C(=O)C(CCCCCCCCCC)(CCCCCCCCCC)N(CC)CCO,0.4329016124669998
N(CC(=O)OCC)C(=O)C(CCCCC)(CCCCC)N(CC)CCO,0.2887200074667303
N(CC(=O)OCC)C(=O)C(CCCCCC)(CCCCCC)N(CC)CCO,0.3475231358985037
N(CC(=O)OCC)C(=O)C(CCCCCCC)(CCCCCCC)N(CC)CCO,0.38613707924452306
N(CC(=O)OCC)C(=O)C(CCCCCCCC)(CCCCCCCC)N(CC)CCO,0.4038552090278117
N(CC(=O)OCC)C(=O)C5(CCCCCCCCCCC5)N(CC)CCO,0.05787392744327609
N(CC(=O)OCC)C(=O)C5(CCCCCCCCCCCCCC5)N(CC)CCO,0.07014745368835425
N(CC(=O)OC(C)(C)C)C(=O)C(CCCCCCC/C=C\CCCCCCCC)(CCCCCCC/C=C\CCCCCCCC)N(CC)CCO,0.34945017721797744
N(CC(=O)OC(C)(C)C)C(=O)C(CCCCCCCCC)(CCCCCCCCC)N(CC)CCO,0.2285021925030342
N(CC(=O)OC(C)(C)C)C(=O)C(CCCCCCCCCC)(CCCCCCCCCC)N(CC)CCO,0.249028341029255
N(CC(=O)OC(C)(C)C)C(=O)C(CCCCC)(CCCCC)N(CC)CCO,0.0639959201215641
N(CC(=O)OC(C)(C)C)C(=O)C(CCCCCC)(CCCCCC)N(CC)CCO,0.12409314422699173
N(CC(=O)OC(C)(C)C)C(=O)C(CCCCCCC)(CCCCCCC)N(CC)CCO,0.1714631335022571
N(CC(=O)OC(C)(C)C)C(=O)C(CCCCCCCC)(CCCCCCCC)N(CC)CCO,0.20039144784462262
N(CC(=O)OC(C)(C)C)C(=O)C5(CCCCCCCCCCC5)N(CC)CCO,-0.10452469654576456
N(CC(=O)OC(C)(C)C)C(=O)C5(CCCCCCCCCCCCCC5)N(CC)CCO,-0.07497856625775255
N(C(C)C(=O)OC(C)(C)C)C(=O)C(CCCCCCC/C=C\CCCCCCCC)(CCCCCCC/C=C\CCCCCCCC)N(CC)CCO,0.3306048252060527
N(C(C)C(=O)OC(C)(C)C)C(=O)C(CCCCCCCCC)(CCCCCCCCC)N(CC)CCO,0.20477617195597578
N(C(C)C(=O)OC(C)(C)C)C(=O)C(CCCCCCCCCC)(CCCCCCCCCC)N(CC)CCO,0.22574146896457975
N(C(C)C(=O)OC(C)(C)C)C(=O)C(CCCCC)(CCCCC)N(CC)CCO,0.04538269210951289
N(C(C)C(=O)OC(C)(C)C)C(=O)C(CCCCCC)(CCCCCC)N(CC)CCO,0.1011619988136278
N(C(C)C(=O)OC(C)(C)C)C(=O)C(CCCCCCC)(CCCCCCC)N(CC)CCO,0.14747999740088097
N(C(C)C(=O)OC(C)(C)C)C(=O)C(CCCCCCCC)(CCCCCCCC)N(CC)CCO,0.17624682899848682
N(C(C)C(=O)OC(C)(C)C)C(=O)C5(CCCCCCCCCCC5)N(CC)CCO,-0.11102194971808228
N(C(C)C(=O)OC(C)(C)C)C(=O)C5(CCCCCCCCCCCCCC5)N(CC)CCO,-0.08230330681118489
N(CCC(=O)OCC)C(=O)C(CCCCCCC/C=C\CCCCCCCC)(CCCCCCC/C=C\CCCCCCCC)N(CC)CCO,0.4662022314621119
N(CCC(=O)OCC)C(=O)C(CCCCCCCCC)(CCCCCCCCC)N(CC)CCO,0.3979122449301385
N(CCC(=O)OCC)C(=O)C(CCCCCCCCCC)(CCCCCCCCCC)N(CC)CCO,0.4097898339206651
N(CCC(=O)OCC)C(=O)C(CCCCC)(CCCCC)N(CC)CCO,0.26333749323085054
N(CCC(=O)OCC)C(=O)C(CCCCCC)(CCCCCC)N(CC)CCO,0.3211430442860606
N(CCC(=O)OCC)C(=O)C(CCCCCCC)(CCCCCCC)N(CC)CCO,0.3602081088299544
N(CCC(=O)OCC)C(=O)C(CCCCCCCC)(CCCCCCCC)N(CC)CCO,0.3789185444210452
N(CCC(=O)OCC)C(=O)C5(CCCCCCCCCCC5)N(CC)CCO,0.03871636155947462
N(CCC(=O)OCC)C(=O)C5(CCCCCCCCCCCCCC5)N(CC)CCO,0.05310583817320904
N(CS(=O)(=O)c3ccc(C)cc3)C(=O)C(CCCCCCC/C=C\CCCCCCCC)(CCCCCCC/C=C\CCCCCCCC)N(CC)CCO,0.3000893814892416
N(CS(=O)(=O)c3ccc(C)cc3)C(=O)C(CCCCCCCCC)(CCCCCCCCC)N(CC)CCO,0.1827630538617695
N(CS(=O)(=O)c3ccc(C)cc3)C(=O)C(CCCCCCCCCC)(CCCCCCCCCC)N(CC)CCO,0.20244107547494677
N(CS(=O)(=O)c3ccc(C)cc3)C(=O)C(CCCCC)(CCCCC)N(CC)CCO,0.0254574428563042
N(CS(=O)(=O)c3ccc(C)cc3)C(=O)C(CCCCCC)(CCCCCC)N(CC)CCO,0.08146330788564725
N(CS(=O)(=O)c3ccc(C)cc3)C(=O)C(CCCCCCC)(CCCCCCC)N(CC)CCO,0.1266695713389296
N(CS(=O)(=O)c3ccc(C)cc3)C(=O)C(CCCCCCCC)(CCCCCCCC)N(CC)CCO,0.15600519627099146
N(CS(=O)(=O)c3ccc(C)cc3)C(=O)C5(CCCCCCCCCCC5)N(CC)CCO,-0.1482667445470696
N(CS(=O)(=O)c3ccc(C)cc3)C(=O)C5(CCCCCCCCCCCCCC5)N(CC)CCO,-0.11942191160152468
N(C3CCCCC3)C(=O)C(CCCCCCC/C=C\CCCCCCCC)(CCCCCCC/C=C\CCCCCCCC)NCCCN(C)C,0.48751723898140725
N(C3CCCCC3)C(=O)C(CCCCCCCCC)(CCCCCCCCC)NCCCN(C)C,0.4355687284313525
N(C3CCCCC3)C(=O)C(CCCCCCCCCC)(CCCCCCCCCC)NCCCN(C)C,0.4441523017352013
N(C3CCCCC3)C(=O)C(CCCCC)(CCCCC)NCCCN(C)C,0.34370523945189907
N(C3CCCCC3)C(=O)C(CCCCCC)(CCCCCC)NCCCN(C)C,0.3631874386661839
N(C3CCCCC3)C(=O)C(CCCCCCC)(CCCCCCC)NCCCN(C)C,0.40227522754321154
N(C3CCCCC3)C(=O)C(CCCCCCCC)(CCCCCCCC)NCCCN(C)C,0.42021428668847494
N(C3CCCCC3)C(=O)C5(CCCCCCCCCCC5)NCCCN(C)C,0.19894861649643314
N(C3CCCCC3)C(=O)C5(CCCCCCCCCCCCCC5)NCCCN(C)C,0.19440372008679196
N(C(C)(C)C)C(=O)C(CCCCCCC/C=C\CCCCCCCC)(CCCCCCC/C=C\CCCCCCCC)NCCCN(C)C,0.4501500067559413
N(C(C)(C)C)C(=O)C(CCCCCCCCC)(CCCCCCCCC)NCCCN(C)C,0.3628899970999878
N(C(C)(C)C)C(=O)C(CCCCCCCCCC)(CCCCCCCCCC)NCCCN(C)C,0.37731917428523915
N(C(C)(C)C)C(=O)C(CCCCC)(CCCCC)NCCCN(C)C,0.23786297969608422
N(C(C)(C)C)C(=O)C(CCCCCC)(CCCCCC)NCCCN(C)C,0.26564545751334095
N(C(C)(C)C)C(=O)C(CCCCCCC)(CCCCCCC)NCCCN(C)C,0.3146048992272517
N(C(C)(C)C)C(=O)C(CCCCCCCC)(CCCCCCCC)NCCCN(C)C,0.34073386164312275
N(C(C)(C)C)C(=O)C5(CCCCCCCCCCC5)NCCCN(C)C,0.04362311989254446
N(C(C)(C)C)C(=O)C5(CCCCCCCCCCCCCC5)NCCCN(C)C,0.05792012068140266
N(CCCC)C(=O)C(CCCCCCC/C=C\CCCCCCCC)(CCCCCCC/C=C\CCCCCCCC)NCCCN(C)C,0.5209872629658578
N(CCCC)C(=O)C(CCCCCCCCC)(CCCCCCCCC)NCCCN(C)C,0.48575906655953355
N(CCCC)C(=O)C(CCCCCCCCCC)(CCCCCCCCCC)NCCCN(C)C,0.4918749202428449
N(CCCC)C(=O)C(CCCCC)(CCCCC)NCCCN(C)C,0.40310176187234675
N(CCCC)C(=O)C(CCCCCC)(CCCCCC)NCCCN(C)C,0.41990269825695964
N(CCCC)C(=O)C(CCCCCCC)(CCCCCCC)NCCCN(C)C,0.45647276206740567
N(CCCC)C(=O)C(CCCCCCCC)(CCCCCCCC)NCCCN(C)C,0.47254672827185634
N(CCCC)C(=O)C5(CCCCCCCCCCC5)NCCCN(C)C,0.24298947607615462
N(CCCC)C(=O)C5(CCCCCCCCCCCCCC5)NCCCN(C)C,0.2337674770776048
N(CCCCC)C(=O)C(CCCCCCC/C=C\CCCCCCCC)(CCCCCCC/C=C\CCCCCCCC)NCCCN(C)C,0.5253122724141267
N(CCCCC)C(=O)C(CCCCCCCCC)(CCCCCCCCC)NCCCN(C)C,0.4939980520070803
N(CCCCC)C(=O)C(CCCCCCCCCC)(CCCCCCCCCC)NCCCN(C)C,0.499034455192223
N(CCCCC)C(=O)C(CCCCC)(CCCCC)NCCCN(C)C,0.41939516829505447
N(CCCCC)C(=O)C(CCCCCC)(CCCCCC)NCCCN(C)C,0.43429729752508334
N(CCCCC)C(=O)C(CCCCCCC)(CCCCCCC)NCCCN(C)C,0.467016048503897
N(CCCCC)C(=O)C(CCCCCCCC)(CCCCCCCC)NCCCN(C)C,0.48179990993985716
N(CCCCC)C(=O)C5(CCCCCCCCCCC5)NCCCN(C)C,0.2654215200810562
N(CCCCC)C(=O)C5(CCCCCCCCCCCCCC5)NCCCN(C)C,0.25271569913755604
C1(C(=O)OC)N=CC(CCCCCCC/C=C\CCCCCCCC)(CCCCCCC/C=C\CCCCCCCC)N1(CCCN(C)C),0.603829102342556
C1(C(=O)OC)N=CC(CCCCCCCCC)(CCCCCCCCC)N1(CCCN(C)C),0.6074971611482743
C1(C(=O)OC)N=CC(CCCCCCCCCC)(CCCCCCCCCC)N1(CCCN(C)C),0.6067419865860967
C1(C(=O)OC)N=CC(CCCCC)(CCCCC)N1(CCCN(C)C),0.5443535361735669
C1(C(=O)OC)N=CC(CCCCCC)(CCCCCC)N1(CCCN(C)C),0.575111323139015
C1(C(=O)OC)N=CC(CCCCCCC)(CCCCCCC)N1(CCCN(C)C),0.5851641749834817
C1(C(=O)OC)N=CC(CCCCCCCC)(CCCCCCCC)N1(CCCN(C)C),0.6016263609551664
C1(C(=O)OC)N=CC5(CCCCCCCCCCC5)N1(CCCN(C)C),0.36691580779247357
C1(C(=O)OC)N=CC5(CCCCCCCCCCCCCC5)N1(CCCN(C)C),0.3426911921458168
C1(C(=O)OCC)N=CC(CCCCCCC/C=C\CCCCCCCC)(CCCCCCC/C=C\CCCCCCCC)N1(CCCN(C)C),0.5994878314448887
C1(C(=O)OCC)N=CC(CCCCCCCCC)(CCCCCCCCC)N1(CCCN(C)C),0.6006476957038194
C1(C(=O)OCC)N=CC(CCCCCCCCCC)(CCCCCCCCCC)N1(CCCN(C)C),0.6001760541055134
C1(C(=O)OCC)N=CC(CCCCC)(CCCCC)N1(CCCN(C)C),0.5387260620639497
C1(C(=O)OCC)N=CC(CCCCCC)(CCCCCC)N1(CCCN(C)C),0.5683486449904342
C1(C(=O)OCC)N=CC(CCCCCCC)(CCCCCCC)N1(CCCN(C)C),0.5783595625478073
C1(C(=O)OCC)N=CC(CCCCCCCC)(CCCCCCCC)N1(CCCN(C)C),0.5946821859702585
C1(C(=O)OCC)N=CC5(CCCCCCCCCCC5)N1(CCCN(C)C),0.36751384790954744
C1(C(=O)OCC)N=CC5(CCCCCCCCCCCCCC5)N1(CCCN(C)C),0.34424603688446026
C1(C(=O)OC(C)(C)C)N=CC(CCCCCCC/C=C\CCCCCCCC)(CCCCCCC/C=C\CCCCCCCC)N1(CCCN(C)C),0.5019697063744052
C1(C(=O)OC(C)(C)C)N=CC(CCCCCCCCC)(CCCCCCCCC)N1(CCCN(C)C),0.45547956277337276
C1(C(=O)OC(C)(C)C)N=CC(CCCCCCCCCC)(CCCCCCCCCC)N1(CCCN(C)C),0.46360704113932966
C1(C(=O)OC(C)(C)C)N=CC(CCCCC)(CCCCC)N1(CCCN(C)C),0.35128992493271294
C1(C(=O)OC(C)(C)C)N=CC(CCCCCC)(CCCCCC)N1(CCCN(C)C),0.3940430028081437
C1(C(=O)OC(C)(C)C)N=CC(CCCCCCC)(CCCCCCC)N1(CCCN(C)C),0.41425598441050826
C1(C(=O)OC(C)(C)C)N=CC(CCCCCCCC)(CCCCCCCC)N1(CCCN(C)C),0.4403929882024555
C1(C(=O)OC(C)(C)C)N=CC5(CCCCCCCCCCC5)N1(CCCN(C)C),0.20332062332043613
C1(C(=O)OC(C)(C)C)N=CC5(CCCCCCCCCCCCCC5)N1(CCCN(C)C),0.1999412201329789
C1(C)(C(=O)OC(C)(C)C)N=CC(CCCCCCC/C=C\CCCCCCCC)(CCCCCCC/C=C\CCCCCCCC)N1(CCCN(C)C),0.4018026031100519
C1(C)(C(=O)OC(C)(C)C)N=CC(CCCCCCCCC)(CCCCCCCCC)N1(CCCN(C)C),0.3063118876456227
C1(C)(C(=O)OC(C)(C)C)N=CC(CCCCCCCCCC)(CCCCCCCCCC)N1(CCCN(C)C),0.32221102837760207
C1(C)(C(=O)OC(C)(C)C)N=CC(CCCCC)(CCCCC)N1(CCCN(C)C),0.1647432831270006
C1(C)(C(=O)OC(C)(C)C)N=CC(CCCCCC)(CCCCCC)N1(CCCN(C)C),0.2184921386490175
C1(C)(C(=O)OC(C)(C)C)N=CC(CCCCCCC)(CCCCCCC)N1(CCCN(C)C),0.24934171643323166
C1(C)(C(=O)OC(C)(C)C)N=CC(CCCCCCCC)(CCCCCCCC)N1(CCCN(C)C),0.28365608490568245
C1(C)(C(=O)OC(C)(C)C)N=CC5(CCCCCCCCCCC5)N1(CCCN(C)C),0.0543335478199232
C1(C)(C(=O)OC(C)(C)C)N=CC5(CCCCCCCCCCCCCC5)N1(CCCN(C)C),0.06469781312151832
C1(CC(=O)OCC)N=CC(CCCCCCC/C=C\CCCCCCCC)(CCCCCCC/C=C\CCCCCCCC)N1(CCCN(C)C),0.5295962410615326
C1(CC(=O)OCC)N=CC(CCCCCCCCC)(CCCCCCCCC)N1(CCCN(C)C),0.49718097757240926
C1(CC(=O)OCC)N=CC(CCCCCCCCCC)(CCCCCCCCCC)N1(CCCN(C)C),0.5023443153680583
C1(CC(=O)OCC)N=CC(CCCCC)(CCCCC)N1(CCCN(C)C),0.40981601306722426
C1(CC(=O)OCC)N=CC(CCCCCC)(CCCCCC)N1(CCCN(C)C),0.445400204170729
C1(CC(=O)OCC)N=CC(CCCCCCC)(CCCCCCC)N1(CCCN(C)C),0.4631659269872389
C1(CC(=O)OCC)N=CC(CCCCCCCC)(CCCCCCCC)N1(CCCN(C)C),0.48528703778386106
C1(CC(=O)OCC)N=CC5(CCCCCCCCCCC5)N1(CCCN(C)C),0.26404647455490154
C1(CC(=O)OCC)N=CC5(CCCCCCCCCCCCCC5)N1(CCCN(C)C),0.25446180949531544
N(CS(=O)(=O)c3ccc(C)cc3)C(=O)C(CCCCCCC/C=C\CCCCCCCC)(CCCCCCC/C=C\CCCCCCCC)NCCCN(C)C,0.33333567652152785
N(CS(=O)(=O)c3ccc(C)cc3)C(=O)C(CCCCCCCCC)(CCCCCCCCC)NCCCN(C)C,0.2248854793727062
N(CS(=O)(=O)c3ccc(C)cc3)C(=O)C(CCCCCCCCCC)(CCCCCCCCCC)NCCCN(C)C,0.24130066796865668
N(CS(=O)(=O)c3ccc(C)cc3)C(=O)C(CCCCC)(CCCCC)NCCCN(C)C,0.0996781564474497
N(CS(=O)(=O)c3ccc(C)cc3)C(=O)C(CCCCCC)(CCCCCC)NCCCN(C)C,0.12964678659107975
N(CS(=O)(=O)c3ccc(C)cc3)C(=O)C(CCCCCCC)(CCCCCCC)NCCCN(C)C,0.17403256163872122
N(CS(=O)(=O)c3ccc(C)cc3)C(=O)C(CCCCCCCC)(CCCCCCCC)NCCCN(C)C,0.20130274423417577
N(CS(=O)(=O)c3ccc(C)cc3)C(=O)C5(CCCCCCCCCCC5)NCCCN(C)C,0.0016905015705950717
N(CS(=O)(=O)c3ccc(C)cc3)C(=O)C5(CCCCCCCCCCCCCC5)NCCCN(C)C,0.012576618673801455
N(C3CCCCC3)C(=O)C(CCCCCCC/C=C\CCCCCCCC)(CCCCCCC/C=C\CCCCCCCC)NCCN(CC)CC,0.46579527826690786
N(C3CCCCC3)C(=O)C(CCCCCCCCC)(CCCCCCCCC)NCCN(CC)CC,0.4055240030437422
N(C3CCCCC3)C(=O)C(CCCCCCCCCC)(CCCCCCCCCC)NCCN(CC)CC,0.41545819991677346
N(C3CCCCC3)C(=O)C(CCCCC)(CCCCC)NCCN(CC)CC,0.30364974542128753
N(C3CCCCC3)C(=O)C(CCCCCC)(CCCCCC)NCCN(CC)CC,0.3237195607466215
N(C3CCCCC3)C(=O)C(CCCCCCC)(CCCCCCC)NCCN(CC)CC,0.36793277382024275
N(C3CCCCC3)C(=O)C(CCCCCCCC)(CCCCCCCC)NCCN(CC)CC,0.38854862836402465
N(C3CCCCC3)C(=O)C5(CCCCCCCCCCC5)NCCN(CC)CC,0.17345644171717353
N(C3CCCCC3)C(=O)C5(CCCCCCCCCCCCCC5)NCCN(CC)CC,0.17155903435768427
N(C(C)(C)C)C(=O)C(CCCCCCC/C=C\CCCCCCCC)(CCCCCCC/C=C\CCCCCCCC)NCCN(CC)CC,0.4238422577453096
N(C(C)(C)C)C(=O)C(CCCCCCCCC)(CCCCCCCCC)NCCN(CC)CC,0.32840702777580616
N(C(C)(C)C)C(=O)C(CCCCCCCCCC)(CCCCCCCCCC)NCCN(CC)CC,0.34396178913160397
N(C(C)(C)C)C(=O)C(CCCCC)(CCCCC)NCCN(CC)CC,0.1983310388137815
N(C(C)(C)C)C(=O)C(CCCCCC)(CCCCCC)NCCN(CC)CC,0.22739093389505305
N(C(C)(C)C)C(=O)C(CCCCCCC)(CCCCCCC)NCCN(CC)CC,0.27768700122719886
N(C(C)(C)C)C(=O)C(CCCCCCCC)(CCCCCCCC)NCCN(CC)CC,0.30502443355294984
N(C(C)(C)C)C(=O)C5(CCCCCCCCCCC5)NCCN(CC)CC,0.024627096319251394
N(C(C)(C)C)C(=O)C5(CCCCCCCCCCCCCC5)NCCN(CC)CC,0.040995734282583025
N(CCCC)C(=O)C(CCCCCCC/C=C\CCCCCCCC)(CCCCCCC/C=C\CCCCCCCC)NCCN(CC)CC,0.49754957042544246
N(CCCC)C(=O)C(CCCCCCCCC)(CCCCCCCCC)NCCN(CC)CC,0.45019295366076306
N(CCCC)C(=O)C(CCCCCCCCCC)(CCCCCCCCCC)NCCN(CC)CC,0.45812475854219925
N(CCCC)C(=O)C(CCCCC)(CCCCC)NCCN(CC)CC,0.356389557160114
N(CCCC)C(=O)C(CCCCCC)(CCCCCC)NCCN(CC)CC,0.37604542031477023
N(CCCC)C(=O)C(CCCCCCC)(CCCCCCC)NCCN(CC)CC,0.4171925758220365
N(CCCC)C(=O)C(CCCCCCCC)(CCCCCCCC)NCCN(CC)CC,0.435577127201921
N(CCCC)C(=O)C5(CCCCCCCCCCC5)NCCN(CC)CC,0.21031120002359113
N(CCCC)C(=O)C5(CCCCCCCCCCCCCC5)NCCN(CC)CC,0.20521424825488213
N(CCCCC)C(=O)C(CCCCCCC/C=C\CCCCCCCC)(CCCCCCC/C=C\CCCCCCCC)NCCN(CC)CC,0.5023133411787278
N(CCCCC)C(=O)C(CCCCCCCCC)(CCCCCCCCC)NCCN(CC)CC,0.45946159264055475
N(CCCCC)C(=O)C(CCCCCCCCCC)(CCCCCCCCCC)NCCN(CC)CC,0.4666780426628277
N(CCCCC)C(=O)C(CCCCC)(CCCCC)NCCN(CC)CC,0.3739310744984699
N(CCCCC)C(=O)C(CCCCCC)(CCCCCC)NCCN(CC)CC,0.39156846290937863
N(CCCCC)C(=O)C(CCCCCCC)(CCCCCCC)NCCN(CC)CC,0.4294615117816045
N(CCCCC)C(=O)C(CCCCCCCC)(CCCCCCCC)NCCN(CC)CC,0.4458143648215273
N(CCCCC)C(=O)C5(CCCCCCCCCCC5)NCCN(CC)CC,0.2325084060641935
N(CCCCC)C(=O)C5(CCCCCCCCCCCCCC5)NCCN(CC)CC,0.2236164608792599
C1(C(=O)OC)N=CC(CCCCCCC/C=C\CCCCCCCC)(CCCCCCC/C=C\CCCCCCCC)N1(CCN(CC)CC),0.5958136373670532
C1(C(=O)OC)N=CC(CCCCCCCCC)(CCCCCCCCC)N1(CCN(CC)CC),0.5944972938862547
C1(C(=O)OC)N=CC(CCCCCCCCCC)(CCCCCCCCCC)N1(CCN(CC)CC),0.5945018208831568
C1(C(=O)OC)N=CC(CCCCC)(CCCCC)N1(CCN(CC)CC),0.5317385232139791
C1(C(=O)OC)N=CC(CCCCCC)(CCCCCC)N1(CCN(CC)CC),0.5622221290381033
C1(C(=O)OC)N=CC(CCCCCCC)(CCCCCCC)N1(CCN(CC)CC),0.5722616977206071
C1(C(=O)OC)N=CC(CCCCCCCC)(CCCCCCCC)N1(CCN(CC)CC),0.5882632617574978
C1(C(=O)OC)N=CC5(CCCCCCCCCCC5)N1(CCN(CC)CC),0.3624585623820629
C1(C(=O)OC)N=CC5(CCCCCCCCCCCCCC5)N1(CCN(CC)CC),0.33799913855398134
C1(C(=O)OCC)N=CC(CCCCCCC/C=C\CCCCCCCC)(CCCCCCC/C=C\CCCCCCCC)N1(CCN(CC)CC),0.5927703636995808
C1(C(=O)OCC)N=CC(CCCCCCCCC)(CCCCCCCCC)N1(CCN(CC)CC),0.5894915074959503
C1(C(=O)OCC)N=CC(CCCCCCCCCC)(CCCCCCCCCC)N1(CCN(CC)CC),0.5896657968766832
C1(C(=O)OCC)N=CC(CCCCC)(CCCCC)N1(CCN(CC)CC),0.5280609934542155
C1(C(=O)OCC)N=CC(CCCCCC)(CCCCCC)N1(CCN(CC)CC),0.5573721070806822
C1(C(=O)OCC)N=CC(CCCCCCC)(CCCCCCC)N1(CCN(CC)CC),0.5674285328700717
C1(C(=O)OCC)N=CC(CCCCCCCC)(CCCCCCCC)N1(CCN(CC)CC),0.5832743920398277
C1(C(=O)OCC)N=CC5(CCCCCCCCCCC5)N1(CCN(CC)CC),0.3647782908999241
C1(C(=O)OCC)N=CC5(CCCCCCCCCCCCCC5)N1(CCN(CC)CC),0.3409964870291963
C1(C(=O)OC(C)(C)C)N=CC(CCCCCCC/C=C\CCCCCCCC)(CCCCCCC/C=C\CCCCCCCC)N1(CCN(CC)CC),0.49682280872540074
C1(C(=O)OC(C)(C)C)N=CC(CCCCCCCCC)(CCCCCCCCC)N1(CCN(CC)CC),0.45005884137753677
C1(C(=O)OC(C)(C)C)N=CC(CCCCCCCCCC)(CCCCCCCCCC)N1(CCN(CC)CC),0.4583163517729331
C1(C(=O)OC(C)(C)C)N=CC(CCCCC)(CCCCC)N1(CCN(CC)CC),0.34685796518263073
C1(C(=O)OC(C)(C)C)N=CC(CCCCCC)(CCCCCC)N1(CCN(CC)CC),0.38903790142394945
C1(C(=O)OC(C)(C)C)N=CC(CCCCCCC)(CCCCCCC)N1(CCN(CC)CC),0.4091388100701114
C1(C(=O)OC(C)(C)C)N=CC(CCCCCCCC)(CCCCCCCC)N1(CCN(CC)CC),0.4348769020429307
C1(C(=O)OC(C)(C)C)N=CC5(CCCCCCCCCCC5)N1(CCN(CC)CC),0.2087258278387325
C1(C(=O)OC(C)(C)C)N=CC5(CCCCCCCCCCCCCC5)N1(CCN(CC)CC),0.20569750517418697
C1(C)(C(=O)OC(C)(C)C)N=CC(CCCCCCC/C=C\CCCCCCCC)(CCCCCCC/C=C\CCCCCCCC)N1(CCN(CC)CC),0.39016649366480594
C1(C)(C(=O)OC(C)(C)C)N=CC(CCCCCCCCC)(CCCCCCCCC)N1(CCN(CC)CC),0.29188220415150734
C1(C)(C(=O)OC(C)(C)C)N=CC(CCCCCCCCCC)(CCCCCCCCCC)N1(CCN(CC)CC),0.3081320382290318
C1(C)(C(=O)OC(C)(C)C)N=CC(CCCCC)(CCCCC)N1(CCN(CC)CC),0.15373139294538768
C1(C)(C(=O)OC(C)(C)C)N=CC(CCCCCC)(CCCCCC)N1(CCN(CC)CC),0.20567838456885026
C1(C)(C(=O)OC(C)(C)C)N=CC(CCCCCCC)(CCCCCCC)N1(CCN(CC)CC),0.23586630601636552
C1(C)(C(=O)OC(C)(C)C)N=CC(CCCCCCCC)(CCCCCCCC)N1(CCN(CC)CC),0.2691746983416846
C1(C)(C(=O)OC(C)(C)C)N=CC5(CCCCCCCCCCC5)N1(CCN(CC)CC),0.05027268268432014
C1(C)(C(=O)OC(C)(C)C)N=CC5(CCCCCCCCCCCCCC5)N1(CCN(CC)CC),0.06143959272695744
C1(CC(=O)OCC)N=CC(CCCCCCC/C=C\CCCCCCCC)(CCCCCCC/C=C\CCCCCCCC)N1(CCN(CC)CC),0.5206943781794383
C1(CC(=O)OCC)N=CC(CCCCCCCCC)(CCCCCCCCC)N1(CCN(CC)CC),0.4844042733879412
C1(CC(=O)OCC)N=CC(CCCCCCCCCC)(CCCCCCCCCC)N1(CCN(CC)CC),0.4901305372917982
C1(CC(=O)OCC)N=CC(CCCCC)(CCCCC)N1(CCN(CC)CC),0.3980666393508014
C1(CC(=O)OCC)N=CC(CCCCCC)(CCCCCC)N1(CCN(CC)CC),0.433119146581298
C1(CC(=O)OCC)N=CC(CCCCCCC)(CCCCCCC)N1(CCN(CC)CC),0.450326619200874
C1(CC(=O)OCC)N=CC(CCCCCCCC)(CCCCCCCC)N1(CCN(CC)CC),0.4721169613948954
C1(CC(=O)OCC)N=CC5(CCCCCCCCCCC5)N1(CCN(CC)CC),0.258325095042439
C1(CC(=O)OCC)N=CC5(CCCCCCCCCCCCCC5)N1(CCN(CC)CC),0.24892293943690816
N(CS(=O)(=O)c3ccc(C)cc3)C(=O)C(CCCCCCC/C=C\CCCCCCCC)(CCCCCCC/C=C\CCCCCCCC)NCCN(CC)CC,0.31399854968823243
N(CS(=O)(=O)c3ccc(C)cc3)C(=O)C(CCCCCCCCC)(CCCCCCCCC)NCCN(CC)CC,0.20472366474848566
N(CS(=O)(=O)c3ccc(C)cc3)C(=O)C(CCCCCCCCCC)(CCCCCCCCCC)NCCN(CC)CC,0.22245385659588854
N(CS(=O)(=O)c3ccc(C)cc3)C(=O)C(CCCCC)(CCCCC)NCCN(CC)CC,0.07879836607112256
N(CS(=O)(=O)c3ccc(C)cc3)C(=O)C(CCCCCC)(CCCCCC)NCCN(CC)CC,0.10871201702869095
N(CS(=O)(=O)c3ccc(C)cc3)C(=O)C(CCCCCCC)(CCCCCCC)NCCN(CC)CC,0.15291835025833586
N(CS(=O)(=O)c3ccc(C)cc3)C(=O)C(CCCCCCCC)(CCCCCCCC)NCCN(CC)CC,0.18032535537858313
N(CS(=O)(=O)c3ccc(C)cc3)C(=O)C5(CCCCCCCCCCC5)NCCN(CC)CC,-0.015962017471201472
N(CS(=O)(=O)c3ccc(C)cc3)C(=O)C5(CCCCCCCCCCCCCC5)NCCN(CC)CC,-0.0034082371705752837
N(C3CCCCC3)C(=O)C(CCCCCCC/C=C\CCCCCCCC)(CCCCCCC/C=C\CCCCCCCC)NCCCN1CCCC1,0.5222361184533649
N(C3CCCCC3)C(=O)C(CCCCCCCCC)(CCCCCCCCC)NCCCN1CCCC1,0.48960171257472823
N(C3CCCCC3)C(=O)C(CCCCCCCCCC)(CCCCCCCCCC)NCCCN1CCCC1,0.49482157826590556
N(C3CCCCC3)C(=O)C(CCCCC)(CCCCC)NCCCN1CCCC1,0.4167518488473124
N(C3CCCCC3)C(=O)C(CCCCCC)(CCCCCC)NCCCN1CCCC1,0.43209366265146293
N(C3CCCCC3)C(=O)C(CCCCCCC)(CCCCCCC)NCCCN1CCCC1,0.46370169111403386
N(C3CCCCC3)C(=O)C(CCCCCCCC)(CCCCCCCC)NCCCN1CCCC1,0.4781635698953284
N(C3CCCCC3)C(=O)C5(CCCCCCCCCCC5)NCCCN1CCCC1,0.26654263682044926
N(C3CCCCC3)C(=O)C5(CCCCCCCCCCCCCC5)NCCCN1CCCC1,0.25585511192345045
N(C(C)(C)C)C(=O)C(CCCCCCC/C=C\CCCCCCCC)(CCCCCCC/C=C\CCCCCCCC)NCCCN1CCCC1,0.48618936952823294
N(C(C)(C)C)C(=O)C(CCCCCCCCC)(CCCCCCCCC)NCCCN1CCCC1,0.4307327937735019
N(C(C)(C)C)C(=O)C(CCCCCCCCCC)(CCCCCCCCCC)NCCCN1CCCC1,0.44122157754992125
N(C(C)(C)C)C(=O)C(CCCCC)(CCCCC)NCCCN1CCCC1,0.3342650808986896
N(C(C)(C)C)C(=O)C(CCCCCC)(CCCCCC)NCCCN1CCCC1,0.3538316847789001
N(C(C)(C)C)C(=O)C(CCCCCCC)(CCCCCCC)NCCCN1CCCC1,0.3935456585892683
N(C(C)(C)C)C(=O)C(CCCCCCCC)(CCCCCCCC)NCCCN1CCCC1,0.41297960954709595
N(C(C)(C)C)C(=O)C5(CCCCCCCCCCC5)NCCCN1CCCC1,0.13019830585840916
N(C(C)(C)C)C(=O)C5(CCCCCCCCCCCCCC5)NCCCN1CCCC1,0.13433181142456715
N(CCCC)C(=O)C(CCCCCCC/C=C\CCCCCCCC)(CCCCCCC/C=C\CCCCCCCC)NCCCN1CCCC1,0.5554137043945113
N(CCCC)C(=O)C(CCCCCCCCC)(CCCCCCCCC)NCCCN1CCCC1,0.536394003436105
N(CCCC)C(=O)C(CCCCCCCCCC)(CCCCCCCCCC)NCCCN1CCCC1,0.5392903879672523
N(CCCC)C(=O)C(CCCCC)(CCCCC)NCCCN1CCCC1,0.47927342870821477
N(CCCC)C(=O)C(CCCCCC)(CCCCCC)NCCCN1CCCC1,0.48858376371210527
N(CCCC)C(=O)C(CCCCCCC)(CCCCCCC)NCCCN1CCCC1,0.5169017078274134
N(CCCC)C(=O)C(CCCCCCCC)(CCCCCCCC)NCCCN1CCCC1,0.5277316544295839
N(CCCC)C(=O)C5(CCCCCCCCCCC5)NCCCN1CCCC1,0.3189750297301703
N(CCCC)C(=O)C5(CCCCCCCCCCCCCC5)NCCCN1CCCC1,0.2976309839083776
N(CCCCC)C(=O)C(CCCCCCC/C=C\CCCCCCCC)(CCCCCCC/C=C\CCCCCCCC)NCCCN1CCCC1,0.559259447828639
N(CCCCC)C(=O)C(CCCCCCCCC)(CCCCCCCCC)NCCCN1CCCC1,0.5425447030824132
N(CCCCC)C(=O)C(CCCCCCCCCC)(CCCCCCCCCC)NCCCN1CCCC1,0.5449530058686098
N(CCCCC)C(=O)C(CCCCC)(CCCCC)NCCCN1CCCC1,0.48990388961794695
N(CCCCC)C(=O)C(CCCCCC)(CCCCCC)NCCCN1CCCC1,0.49820482344415473
N(CCCCC)C(=O)C(CCCCCCC)(CCCCCCC)NCCCN1CCCC1,0.5244814493510841
N(CCCCC)C(=O)C(CCCCCCCC)(CCCCCCCC)NCCCN1CCCC1,0.534378238933924
N(CCCCC)C(=O)C5(CCCCCCCCCCC5)NCCCN1CCCC1,0.336976811608828
N(CCCCC)C(=O)C5(CCCCCCCCCCCCCC5)NCCCN1CCCC1,0.31528082156076725
C1(C(=O)OC)N=CC(CCCCCCC/C=C\CCCCCCCC)(CCCCCCC/C=C\CCCCCCCC)N1(CCCN3CCCC3),0.6320088241379768
C1(C(=O)OC)N=CC(CCCCCCCCC)(CCCCCCCCC)N1(CCCN3CCCC3),0.6483257292485516
C1(C(=O)OC)N=CC(CCCCCCCCCC)(CCCCCCCCCC)N1(CCCN3CCCC3),0.6452131806153265
C1(C(=O)OC)N=CC(CCCCC)(CCCCC)N1(CCCN3CCCC3),0.6002124487779767
C1(C(=O)OC)N=CC(CCCCCC)(CCCCCC)N1(CCCN3CCCC3),0.6263146363898016
C1(C(=O)OC)N=CC(CCCCCCC)(CCCCCCC)N1(CCCN3CCCC3),0.6313425216728783
C1(C(=O)OC)N=CC(CCCCCCCC)(CCCCCCCC)N1(CCCN3CCCC3),0.6443460224455694
C1(C(=O)OC)N=CC5(CCCCCCCCCCC5)N1(CCCN3CCCC3),0.42534218286364006
C1(C(=O)OC)N=CC5(CCCCCCCCCCCCCC5)N1(CCCN3CCCC3),0.3965417859666347
C1(C(=O)OCC)N=CC(CCCCCCC/C=C\CCCCCCCC)(CCCCCCC/C=C\CCCCCCCC)N1(CCCN3CCCC3),0.6269167269777879
C1(C(=O)OCC)N=CC(CCCCCCCCC)(CCCCCCCCC)N1(CCCN3CCCC3),0.640015532948419
C1(C(=O)OCC)N=CC(CCCCCCCCCC)(CCCCCCCCCC)N1(CCCN3CCCC3),0.6374324046897509
C1(C(=O)OCC)N=CC(CCCCC)(CCCCC)N1(CCCN3CCCC3),0.5922243840468816
C1(C(=O)OCC)N=CC(CCCCCC)(CCCCCC)N1(CCCN3CCCC3),0.6182712946439011
C1(C(=O)OCC)N=CC(CCCCCCC)(CCCCCCC)N1(CCCN3CCCC3),0.6237062522536794
C1(C(=O)OCC)N=CC(CCCCCCCC)(CCCCCCCC)N1(CCCN3CCCC3),0.6359851952590311
C1(C(=O)OCC)N=CC5(CCCCCCCCCCC5)N1(CCCN3CCCC3),0.4229193460347575
C1(C(=O)OCC)N=CC5(CCCCCCCCCCCCCC5)N1(CCCN3CCCC3),0.39545450257251036
C1(C(=O)OC(C)(C)C)N=CC(CCCCCCC/C=C\CCCCCCCC)(CCCCCCC/C=C\CCCCCCCC)N1(CCCN3CCCC3),0.5298645251937338
C1(C(=O)OC(C)(C)C)N=CC(CCCCCCCCC)(CCCCCCCCC)N1(CCCN3CCCC3),0.49906289783723323
C1(C(=O)OC(C)(C)C)N=CC(CCCCCCCCCC)(CCCCCCCCCC)N1(CCCN3CCCC3),0.5034184049488428
C1(C(=O)OC(C)(C)C)N=CC(CCCCC)(CCCCC)N1(CCCN3CCCC3),0.41913507445330117
C1(C(=O)OC(C)(C)C)N=CC(CCCCCC)(CCCCCC)N1(CCCN3CCCC3),0.45328125903426214
C1(C(=O)OC(C)(C)C)N=CC(CCCCCCC)(CCCCCCC)N1(CCCN3CCCC3),0.46893567388765606
C1(C(=O)OC(C)(C)C)N=CC(CCCCCCCC)(CCCCCCCC)N1(CCCN3CCCC3),0.4887635033588454
C1(C(=O)OC(C)(C)C)N=CC5(CCCCCCCCCCC5)N1(CCCN3CCCC3),0.27300316770868566
C1(C(=O)OC(C)(C)C)N=CC5(CCCCCCCCCCCCCC5)N1(CCCN3CCCC3),0.2614028274955416
C1(C)(C(=O)OC(C)(C)C)N=CC(CCCCCCC/C=C\CCCCCCCC)(CCCCCCC/C=C\CCCCCCCC)N1(CCCN3CCCC3),0.4441444092734969
C1(C)(C(=O)OC(C)(C)C)N=CC(CCCCCCCCC)(CCCCCCCCC)N1(CCCN3CCCC3),0.36994198609006546
C1(C)(C(=O)OC(C)(C)C)N=CC(CCCCCCCCCC)(CCCCCCCCCC)N1(CCCN3CCCC3),0.38182999908661674
C1(C)(C(=O)OC(C)(C)C)N=CC(CCCCC)(CCCCC)N1(CCCN3CCCC3),0.2526880010644047
C1(C)(C(=O)OC(C)(C)C)N=CC(CCCCCC)(CCCCCC)N1(CCCN3CCCC3),0.2977365641979706
C1(C)(C(=O)OC(C)(C)C)N=CC(CCCCCCC)(CCCCCCC)N1(CCCN3CCCC3),0.32213272920091945
C1(C)(C(=O)OC(C)(C)C)N=CC(CCCCCCCC)(CCCCCCCC)N1(CCCN3CCCC3),0.3511001484573148
C1(C)(C(=O)OC(C)(C)C)N=CC5(CCCCCCCCCCC5)N1(CCCN3CCCC3),0.12754387739853223
C1(C)(C(=O)OC(C)(C)C)N=CC5(CCCCCCCCCCCCCC5)N1(CCCN3CCCC3),0.1321313335356285
C1(CC(=O)OCC)N=CC(CCCCCCC/C=C\CCCCCCCC)(CCCCCCC/C=C\CCCCCCCC)N1(CCCN3CCCC3),0.5577814429058348
C1(CC(=O)OCC)N=CC(CCCCCCCCC)(CCCCCCCCC)N1(CCCN3CCCC3),0.5393968319602016
C1(CC(=O)OCC)N=CC(CCCCCCCCCC)(CCCCCCCCCC)N1(CCCN3CCCC3),0.5420179631665482
C1(CC(=O)OCC)N=CC(CCCCC)(CCCCC)N1(CCCN3CCCC3),0.47488659001278233
C1(CC(=O)OCC)N=CC(CCCCCC)(CCCCCC)N1(CCCN3CCCC3),0.5003015675817105
C1(CC(=O)OCC)N=CC(CCCCCCC)(CCCCCCC)N1(CCCN3CCCC3),0.5132157792970814
C1(CC(=O)OCC)N=CC(CCCCCCCC)(CCCCCCCC)N1(CCCN3CCCC3),0.5309244381263247
C1(CC(=O)OCC)N=CC5(CCCCCCCCCCC5)N1(CCCN3CCCC3),0.3320326162026923
C1(CC(=O)OCC)N=CC5(CCCCCCCCCCCCCC5)N1(CCCN3CCCC3),0.31198189169982066
N(CS(=O)(=O)c3ccc(C)cc3)C(=O)C(CCCCCCC/C=C\CCCCCCCC)(CCCCCCC/C=C\CCCCCCCC)NCCCN1CCCC1,0.37595916911063443
N(CS(=O)(=O)c3ccc(C)cc3)C(=O)C(CCCCCCCCC)(CCCCCCCCC)NCCCN1CCCC1,0.2837025164068039
N(CS(=O)(=O)c3ccc(C)cc3)C(=O)C(CCCCCCCCCC)(CCCCCCCCCC)NCCCN1CCCC1,0.29770696002086044
N(CS(=O)(=O)c3ccc(C)cc3)C(=O)C(CCCCC)(CCCCC)NCCCN1CCCC1,0.18187055046593514
N(CS(=O)(=O)c3ccc(C)cc3)C(=O)C(CCCCCC)(CCCCCC)NCCCN1CCCC1,0.20457388667334797
N(CS(=O)(=O)c3ccc(C)cc3)C(=O)C(CCCCCCC)(CCCCCCC)NCCCN1CCCC1,0.24219373723910378
N(CS(=O)(=O)c3ccc(C)cc3)C(=O)C(CCCCCCCC)(CCCCCCCC)NCCCN1CCCC1,0.2645697596573412
N(CS(=O)(=O)c3ccc(C)cc3)C(=O)C5(CCCCCCCCCCC5)NCCCN1CCCC1,0.07187489018389226
N(CS(=O)(=O)c3ccc(C)cc3)C(=O)C5(CCCCCCCCCCCCCC5)NCCCN1CCCC1,0.07822102505172628
N(C3CCCCC3)C(=O)C(CCCCCCC/C=C\CCCCCCCC)(CCCCCCC/C=C\CCCCCCCC)N(CC)CCCNCC,0.5402757841482039
N(C3CCCCC3)C(=O)C(CCCCCCCCC)(CCCCCCCCC)N(CC)CCCNCC,0.5159438310223671
N(C3CCCCC3)C(=O)C(CCCCCCCCCC)(CCCCCCCCCC)N(CC)CCCNCC,0.5198888705595986
N(C3CCCCC3)C(=O)C(CCCCC)(CCCCC)N(CC)CCCNCC,0.4372896424774065
N(C3CCCCC3)C(=O)C(CCCCCC)(CCCCCC)N(CC)CCCNCC,0.47423112851394955
N(C3CCCCC3)C(=O)C(CCCCCCC)(CCCCCCC)N(CC)CCCNCC,0.49798246450421085
N(C3CCCCC3)C(=O)C(CCCCCCCC)(CCCCCCCC)N(CC)CCCNCC,0.5064877684142514
N(C3CCCCC3)C(=O)C5(CCCCCCCCCCC5)N(CC)CCCNCC,0.2514884064510829
N(C3CCCCC3)C(=O)C5(CCCCCCCCCCCCCC5)N(CC)CCCNCC,0.2421018570717147
N(C(C)(C)C)C(=O)C(CCCCCCC/C=C\CCCCCCCC)(CCCCCCC/C=C\CCCCCCCC)N(CC)CCCNCC,0.4968773113854727
N(C(C)(C)C)C(=O)C(CCCCCCCCC)(CCCCCCCCC)N(CC)CCCNCC,0.44729790935896185
N(C(C)(C)C)C(=O)C(CCCCCCCCCC)(CCCCCCCCCC)N(CC)CCCNCC,0.4566684653348007
N(C(C)(C)C)C(=O)C(CCCCC)(CCCCC)N(CC)CCCNCC,0.32897379587480596
N(C(C)(C)C)C(=O)C(CCCCCC)(CCCCCC)N(CC)CCCNCC,0.37845411027833353
N(C(C)(C)C)C(=O)C(CCCCCCC)(CCCCCCC)N(CC)CCCNCC,0.4142379955543971
N(C(C)(C)C)C(=O)C(CCCCCCCC)(CCCCCCCC)N(CC)CCCNCC,0.4304137000576488
N(C(C)(C)C)C(=O)C5(CCCCCCCCCCC5)N(CC)CCCNCC,0.10003024958808952
N(C(C)(C)C)C(=O)C5(CCCCCCCCCCCCCC5)N(CC)CCCNCC,0.1086873270258496
N(CCCC)C(=O)C(CCCCCCC/C=C\CCCCCCCC)(CCCCCCC/C=C\CCCCCCCC)N(CC)CCCNCC,0.5768566591420412
N(CCCC)C(=O)C(CCCCCCCCC)(CCCCCCCCC)N(CC)CCCNCC,0.5700516893118744
N(CCCC)C(=O)C(CCCCCCCCCC)(CCCCCCCCCC)N(CC)CCCNCC,0.5700251825536974
N(CCCC)C(=O)C(CCCCC)(CCCCC)N(CC)CCCNCC,0.4973528545403193
N(CCCC)C(=O)C(CCCCCC)(CCCCCC)N(CC)CCCNCC,0.5348978905256921
N(CCCC)C(=O)C(CCCCCCC)(CCCCCCC)N(CC)CCCNCC,0.5576940003867248
N(CCCC)C(=O)C(CCCCCCCC)(CCCCCCCC)N(CC)CCCNCC,0.5631829841305853
N(CCCC)C(=O)C5(CCCCCCCCCCC5)N(CC)CCCNCC,0.3097627995144093
N(CCCC)C(=O)C5(CCCCCCCCCCCCCC5)N(CC)CCCNCC,0.28958686780774395
N(CCCCC)C(=O)C(CCCCCCC/C=C\CCCCCCCC)(CCCCCCC/C=C\CCCCCCCC)N(CC)CCCNCC,0.5793516300926146
N(CCCCC)C(=O)C(CCCCCCCCC)(CCCCCCCCC)N(CC)CCCNCC,0.5737635885086451
N(CCCCC)C(=O)C(CCCCCCCCCC)(CCCCCCCCCC)N(CC)CCCNCC,0.5735423613179267
N(CCCCC)C(=O)C(CCCCC)(CCCCC)N(CC)CCCNCC,0.5056701093816743
N(CCCCC)C(=O)C(CCCCCC)(CCCCCC)N(CC)CCCNCC,0.5412260961031636
N(CCCCC)C(=O)C(CCCCCCC)(CCCCCCC)N(CC)CCCNCC,0.5628532877114614
N(CCCCC)C(=O)C(CCCCCCCC)(CCCCCCCC)N(CC)CCCNCC,0.5676399317122525
N(CCCCC)C(=O)C5(CCCCCCCCCCC5)N(CC)CCCNCC,0.32380211887433713
N(CCCCC)C(=O)C5(CCCCCCCCCCCCCC5)N(CC)CCCNCC,0.3034234849248029
N(CC(=O)OC)C(=O)C(CCCCCCC/C=C\CCCCCCCC)(CCCCCCC/C=C\CCCCCCCC)N(CC)CCCNCC,0.579112235348539
N(CC(=O)OC)C(=O)C(CCCCCCCCC)(CCCCCCCCC)N(CC)CCCNCC,0.5732460812838306
N(CC(=O)OC)C(=O)C(CCCCCCCCCC)(CCCCCCCCCC)N(CC)CCCNCC,0.5731994413025886
N(CC(=O)OC)C(=O)C(CCCCC)(CCCCC)N(CC)CCCNCC,0.5019463566009099
N(CC(=O)OC)C(=O)C(CCCCCC)(CCCCCC)N(CC)CCCNCC,0.5395818431757027
N(CC(=O)OC)C(=O)C(CCCCCCC)(CCCCCCC)N(CC)CCCNCC,0.5618862377811134
N(CC(=O)OC)C(=O)C(CCCCCCCC)(CCCCCCCC)N(CC)CCCNCC,0.5665578007553917
N(CC(=O)OC)C(=O)C5(CCCCCCCCCCC5)N(CC)CCCNCC,0.3140504016724867
N(CC(=O)OC)C(=O)C5(CCCCCCCCCCCCCC5)N(CC)CCCNCC,0.2957147537722952
N(CC(=O)OCC)C(=O)C(CCCCCCC/C=C\CCCCCCCC)(CCCCCCC/C=C\CCCCCCCC)N(CC)CCCNCC,0.5661152272424576
N(CC(=O)OCC)C(=O)C(CCCCCCCCC)(CCCCCCCCC)N(CC)CCCNCC,0.5533548738560111
N(CC(=O)OCC)C(=O)C(CCCCCCCCCC)(CCCCCCCCCC)N(CC)CCCNCC,0.5550248591869158
N(CC(=O)OCC)C(=O)C(CCCCC)(CCCCC)N(CC)CCCNCC,0.48007443911402664
N(CC(=O)OCC)C(=O)C(CCCCCC)(CCCCCC)N(CC)CCCNCC,0.5165714753165511
N(CC(=O)OCC)C(=O)C(CCCCCCC)(CCCCCCC)N(CC)CCCNCC,0.5388676498486393
N(CC(=O)OCC)C(=O)C(CCCCCCCC)(CCCCCCCC)N(CC)CCCNCC,0.5453720509108027
N(CC(=O)OCC)C(=O)C5(CCCCCCCCCCC5)N(CC)CCCNCC,0.298054764427593
N(CC(=O)OCC)C(=O)C5(CCCCCCCCCCCCCC5)N(CC)CCCNCC,0.2827044327213766
N(CC(=O)OC(C)(C)C)C(=O)C(CCCCCCC/C=C\CCCCCCCC)(CCCCCCC/C=C\CCCCCCCC)N(CC)CCCNCC,0.44825611377562613
N(CC(=O)OC(C)(C)C)C(=O)C(CCCCCCCCC)(CCCCCCCCC)N(CC)CCCNCC,0.3730910485272513
N(CC(=O)OC(C)(C)C)C(=O)C(CCCCCCCCCC)(CCCCCCCCCC)N(CC)CCCNCC,0.38515084914308956
N(CC(=O)OC(C)(C)C)C(=O)C(CCCCC)(CCCCC)N(CC)CCCNCC,0.2505043802823517
N(CC(=O)OC(C)(C)C)C(=O)C(CCCCCC)(CCCCCC)N(CC)CCCNCC,0.30189079864468055
N(CC(=O)OC(C)(C)C)C(=O)C(CCCCCCC)(CCCCCCC)N(CC)CCCNCC,0.3368315903134668
N(CC(=O)OC(C)(C)C)C(=O)C(CCCCCCCC)(CCCCCCCC)N(CC)CCCNCC,0.3544209985137876
N(CC(=O)OC(C)(C)C)C(=O)C5(CCCCCCCCCCC5)N(CC)CCCNCC,0.09959163719744474
N(CC(=O)OC(C)(C)C)C(=O)C5(CCCCCCCCCCCCCC5)N(CC)CCCNCC,0.10674470926308753
N(C(C)C(=O)OC(C)(C)C)C(=O)C(CCCCCCC/C=C\CCCCCCCC)(CCCCCCC/C=C\CCCCCCCC)N(CC)CCCNCC,0.42523949151285967
N(C(C)C(=O)OC(C)(C)C)C(=O)C(CCCCCCCCC)(CCCCCCCCC)N(CC)CCCNCC,0.3432241268995479
N(C(C)C(=O)OC(C)(C)C)C(=O)C(CCCCCCCCCC)(CCCCCCCCCC)N(CC)CCCNCC,0.355957616133325
N(C(C)C(=O)OC(C)(C)C)C(=O)C(CCCCC)(CCCCC)N(CC)CCCNCC,0.22007223926511504
N(C(C)C(=O)OC(C)(C)C)C(=O)C(CCCCCC)(CCCCCC)N(CC)CCCNCC,0.26926720394943515
N(C(C)C(=O)OC(C)(C)C)C(=O)C(CCCCCCC)(CCCCCCC)N(CC)CCCNCC,0.3054500010446266
N(C(C)C(=O)OC(C)(C)C)C(=O)C(CCCCCCCC)(CCCCCCCC)N(CC)CCCNCC,0.3241367294677298
N(C(C)C(=O)OC(C)(C)C)C(=O)C5(CCCCCCCCCCC5)N(CC)CCCNCC,0.0864223649460867
N(C(C)C(=O)OC(C)(C)C)C(=O)C5(CCCCCCCCCCCCCC5)N(CC)CCCNCC,0.09409806689093332
N(CCC(=O)OCC)C(=O)C(CCCCCCC/C=C\CCCCCCCC)(CCCCCCC/C=C\CCCCCCCC)N(CC)CCCNCC,0.5481575240178471
N(CCC(=O)OCC)C(=O)C(CCCCCCCCC)(CCCCCCCCC)N(CC)CCCNCC,0.5265649401095513
N(CCC(=O)OCC)C(=O)C(CCCCCCCCCC)(CCCCCCCCCC)N(CC)CCCNCC,0.5299173004470931
N(CCC(=O)OCC)C(=O)C(CCCCC)(CCCCC)N(CC)CCCNCC,0.44965751714558605
N(CCC(=O)OCC)C(=O)C(CCCCCC)(CCCCCC)N(CC)CCCNCC,0.48695282372948157
N(CCC(=O)OCC)C(=O)C(CCCCCCC)(CCCCCCC)N(CC)CCCNCC,0.5095979939832767
N(CCC(=O)OCC)C(=O)C(CCCCCCCC)(CCCCCCCC)N(CC)CCCNCC,0.5174380378288211
N(CCC(=O)OCC)C(=O)C5(CCCCCCCCCCC5)N(CC)CCCNCC,0.2728527939760609
N(CCC(=O)OCC)C(=O)C5(CCCCCCCCCCCCCC5)N(CC)CCCNCC,0.26290698178203065
N(CS(=O)(=O)c3ccc(C)cc3)C(=O)C(CCCCCCC/C=C\CCCCCCCC)(CCCCCCC/C=C\CCCCCCCC)N(CC)CCCNCC,0.39353213716431057
N(CS(=O)(=O)c3ccc(C)cc3)C(=O)C(CCCCCCCCC)(CCCCCCCCC)N(CC)CCCNCC,0.30586264276883274
N(CS(=O)(=O)c3ccc(C)cc3)C(=O)C(CCCCCCCCCC)(CCCCCCCCCC)N(CC)CCCNCC,0.3198298875728183
N(CS(=O)(=O)c3ccc(C)cc3)C(=O)C(CCCCC)(CCCCC)N(CC)CCCNCC,0.18806315461646259
N(CS(=O)(=O)c3ccc(C)cc3)C(=O)C(CCCCCC)(CCCCCC)N(CC)CCCNCC,0.2342186280583536
N(CS(=O)(=O)c3ccc(C)cc3)C(=O)C(CCCCCCC)(CCCCCCC)N(CC)CCCNCC,0.2670649688709095
N(CS(=O)(=O)c3ccc(C)cc3)C(=O)C(CCCCCCCC)(CCCCCCCC)N(CC)CCCNCC,0.2859754858119257
N(CS(=O)(=O)c3ccc(C)cc3)C(=O)C5(CCCCCCCCCCC5)N(CC)CCCNCC,0.0527876081607123
N(CS(=O)(=O)c3ccc(C)cc3)C(=O)C5(CCCCCCCCCCCCCC5)N(CC)CCCNCC,0.060022225736342555
N(C3CCCCC3)C(=O)C(CCCCCCC/C=C\CCCCCCCC)(CCCCCCC/C=C\CCCCCCCC)N(C)CCN(C)C,0.4773759022172281
N(C3CCCCC3)C(=O)C(CCCCCCCCC)(CCCCCCCCC)N(C)CCN(C)C,0.42066576528084165
N(C3CCCCC3)C(=O)C(CCCCCCCCCC)(CCCCCCCCCC)N(C)CCN(C)C,0.4301503300997163
N(C3CCCCC3)C(=O)C(CCCCC)(CCCCC)N(C)CCN(C)C,0.30514505419409277
N(C3CCCCC3)C(=O)C(CCCCCC)(CCCCCC)N(C)CCN(C)C,0.3478853254335503
N(C3CCCCC3)C(=O)C(CCCCCCC)(CCCCCCC)N(C)CCN(C)C,0.3869554530660847
N(C3CCCCC3)C(=O)C(CCCCCCCC)(CCCCCCCC)N(C)CCN(C)C,0.40391522151963954
N(C3CCCCC3)C(=O)C5(CCCCCCCCCCC5)N(C)CCN(C)C,0.14839903733776674
N(C3CCCCC3)C(=O)C5(CCCCCCCCCCCCCC5)N(C)CCN(C)C,0.15157657220283718
N(C(C)(C)C)C(=O)C(CCCCCCC/C=C\CCCCCCCC)(CCCCCCC/C=C\CCCCCCCC)N(C)CCN(C)C,0.4199649742472386
N(C(C)(C)C)C(=O)C(CCCCCCCCC)(CCCCCCCCC)N(C)CCN(C)C,0.31869697681518017
N(C(C)(C)C)C(=O)C(CCCCCCCCCC)(CCCCCCCCCC)N(C)CCN(C)C,0.33541172156140603
N(C(C)(C)C)C(=O)C(CCCCC)(CCCCC)N(C)CCN(C)C,0.16608446552501216
N(C(C)(C)C)C(=O)C(CCCCCC)(CCCCCC)N(C)CCN(C)C,0.22000171341863942
N(C(C)(C)C)C(=O)C(CCCCCCC)(CCCCCCC)N(C)CCN(C)C,0.26841276306702816
N(C(C)(C)C)C(=O)C(CCCCCCCC)(CCCCCCCC)N(C)CCN(C)C,0.29382899151667924
N(C(C)(C)C)C(=O)C5(CCCCCCCCCCC5)N(C)CCN(C)C,-0.0219697891034739
N(C(C)(C)C)C(=O)C5(CCCCCCCCCCCCCC5)N(C)CCN(C)C,-0.0009143681863530149
N(CCCC)C(=O)C(CCCCCCC/C=C\CCCCCCCC)(CCCCCCC/C=C\CCCCCCCC)N(C)CCN(C)C,0.5098064741037706
N(CCCC)C(=O)C(CCCCCCCCC)(CCCCCCCCC)N(C)CCN(C)C,0.4682546288997512
N(CCCC)C(=O)C(CCCCCCCCCC)(CCCCCCCCCC)N(C)CCN(C)C,0.47552105458519395
N(CCCC)C(=O)C(CCCCC)(CCCCC)N(C)CCN(C)C,0.3561228515202536
N(CCCC)C(=O)C(CCCCCC)(CCCCCC)N(C)CCN(C)C,0.40073581033348465
N(CCCC)C(=O)C(CCCCCCC)(CCCCCCC)N(C)CCN(C)C,0.43788655084525485
N(CCCC)C(=O)C(CCCCCCCC)(CCCCCCCC)N(C)CCN(C)C,0.45325028484493163
N(CCCC)C(=O)C5(CCCCCCCCCCC5)N(C)CCN(C)C,0.18407567448327336
N(CCCC)C(=O)C5(CCCCCCCCCCCCCC5)N(C)CCN(C)C,0.18407070074325588
N(CCCCC)C(=O)C(CCCCCCC/C=C\CCCCCCCC)(CCCCCCC/C=C\CCCCCCCC)N(C)CCN(C)C,0.5144970385518882
N(CCCCC)C(=O)C(CCCCCCCCC)(CCCCCCCCC)N(C)CCN(C)C,0.47738629644037844
N(CCCCC)C(=O)C(CCCCCCCCCC)(CCCCCCCCCC)N(C)CCN(C)C,0.48370136777025885
N(CCCCC)C(=O)C(CCCCC)(CCCCC)N(C)CCN(C)C,0.37436042441518985
N(CCCCC)C(=O)C(CCCCCC)(CCCCCC)N(C)CCN(C)C,0.4162514369923784
N(CCCCC)C(=O)C(CCCCCCC)(CCCCCCC)N(C)CCN(C)C,0.4507485829647536
N(CCCCC)C(=O)C(CCCCCCCC)(CCCCCCCC)N(C)CCN(C)C,0.4639497824574216
N(CCCCC)C(=O)C5(CCCCCCCCCCC5)N(C)CCN(C)C,0.20404288780645005
N(CCCCC)C(=O)C5(CCCCCCCCCCCCCC5)N(C)CCN(C)C,0.20195215980951425
N(CC(=O)OC)C(=O)C(CCCCCCC/C=C\CCCCCCCC)(CCCCCCC/C=C\CCCCCCCC)N(C)CCN(C)C,0.5164092777828069
N(CC(=O)OC)C(=O)C(CCCCCCCCC)(CCCCCCCCC)N(C)CCN(C)C,0.4775274374819528
N(CC(=O)OC)C(=O)C(CCCCCCCCCC)(CCCCCCCCCC)N(C)CCN(C)C,0.4853600356089083
N(CC(=O)OC)C(=O)C(CCCCC)(CCCCC)N(C)CCN(C)C,0.369870894368977
N(CC(=O)OC)C(=O)C(CCCCCC)(CCCCCC)N(C)CCN(C)C,0.4125284585663472
N(CC(=O)OC)C(=O)C(CCCCCCC)(CCCCCCC)N(C)CCN(C)C,0.44812995351985296
N(CC(=O)OC)C(=O)C(CCCCCCCC)(CCCCCCCC)N(C)CCN(C)C,0.4624114672140459
N(CC(=O)OC)C(=O)C5(CCCCCCCCCCC5)N(C)CCN(C)C,0.18848309314488598
N(CC(=O)OC)C(=O)C5(CCCCCCCCCCCCCC5)N(C)CCN(C)C,0.1881548858694799
N(CC(=O)OCC)C(=O)C(CCCCCCC/C=C\CCCCCCCC)(CCCCCCC/C=C\CCCCCCCC)N(C)CCN(C)C,0.5049160070029736
N(CC(=O)OCC)C(=O)C(CCCCCCCCC)(CCCCCCCCC)N(C)CCN(C)C,0.45834169699901034
N(CC(=O)OCC)C(=O)C(CCCCCCCCCC)(CCCCCCCCCC)N(C)CCN(C)C,0.4670439848400432
N(CC(=O)OCC)C(=O)C(CCCCC)(CCCCC)N(C)CCN(C)C,0.3492335068070356
N(CC(=O)OCC)C(=O)C(CCCCCC)(CCCCCC)N(C)CCN(C)C,0.3914792036349329
N(CC(=O)OCC)C(=O)C(CCCCCCC)(CCCCCCC)N(C)CCN(C)C,0.4273939250780435
N(CC(=O)OCC)C(=O)C(CCCCCCCC)(CCCCCCCC)N(C)CCN(C)C,0.4425059342236611
N(CC(=O)OCC)C(=O)C5(CCCCCCCCCCC5)N(C)CCN(C)C,0.17615560405433356
N(CC(=O)OCC)C(=O)C5(CCCCCCCCCCCCCC5)N(C)CCN(C)C,0.17684066973027648
N(CC(=O)OC(C)(C)C)C(=O)C(CCCCCCC/C=C\CCCCCCCC)(CCCCCCC/C=C\CCCCCCCC)N(C)CCN(C)C,0.37365698270576914
N(CC(=O)OC(C)(C)C)C(=O)C(CCCCCCCCC)(CCCCCCCCC)N(C)CCN(C)C,0.26514296085720196
N(CC(=O)OC(C)(C)C)C(=O)C(CCCCCCCCCC)(CCCCCCCCCC)N(C)CCN(C)C,0.28305244560822956
N(CC(=O)OC(C)(C)C)C(=O)C(CCCCC)(CCCCC)N(C)CCN(C)C,0.11628035171148321
N(CC(=O)OC(C)(C)C)C(=O)C(CCCCCC)(CCCCCC)N(C)CCN(C)C,0.16877642040657798
N(CC(=O)OC(C)(C)C)C(=O)C(CCCCCCC)(CCCCCCC)N(C)CCN(C)C,0.21434904299731677
N(CC(=O)OC(C)(C)C)C(=O)C(CCCCCCCC)(CCCCCCCC)N(C)CCN(C)C,0.23981298361168665
N(CC(=O)OC(C)(C)C)C(=O)C5(CCCCCCCCCCC5)N(C)CCN(C)C,-0.0010389499497852922
N(CC(=O)OC(C)(C)C)C(=O)C5(CCCCCCCCCCCCCC5)N(C)CCN(C)C,0.014392897483544225
N(C(C)C(=O)OC(C)(C)C)C(=O)C(CCCCCCC/C=C\CCCCCCCC)(CCCCCCC/C=C\CCCCCCCC)N(C)CCN(C)C,0.3515937400340213
N(C(C)C(=O)OC(C)(C)C)C(=O)C(CCCCCCCCC)(CCCCCCCCC)N(C)CCN(C)C,0.23800438878352778
N(C(C)C(=O)OC(C)(C)C)C(=O)C(CCCCCCCCCC)(CCCCCCCCCC)N(C)CCN(C)C,0.2567044003685939
N(C(C)C(=O)OC(C)(C)C)C(=O)C(CCCCC)(CCCCC)N(C)CCN(C)C,0.08941712231123272
N(C(C)C(=O)OC(C)(C)C)C(=O)C(CCCCCC)(CCCCCC)N(C)CCN(C)C,0.1401268737681871
N(C(C)C(=O)OC(C)(C)C)C(=O)C(CCCCCCC)(CCCCCCC)N(C)CCN(C)C,0.1858814995041171
N(C(C)C(=O)OC(C)(C)C)C(=O)C(CCCCCCCC)(CCCCCCCC)N(C)CCN(C)C,0.21208134516095603
N(C(C)C(=O)OC(C)(C)C)C(=O)C5(CCCCCCCCCCC5)N(C)CCN(C)C,-0.011088317197952271
N(C(C)C(=O)OC(C)(C)C)C(=O)C5(CCCCCCCCCCCCCC5)N(C)CCN(C)C,0.004548406628074028
N(CCC(=O)OCC)C(=O)C(CCCCCCC/C=C\CCCCCCCC)(CCCCCCC/C=C\CCCCCCCC)N(C)CCN(C)C,0.4861333181586944
N(CCC(=O)OCC)C(=O)C(CCCCCCCCC)(CCCCCCCCC)N(C)CCN(C)C,0.42710726491236445
N(CCC(=O)OCC)C(=O)C(CCCCCCCCCC)(CCCCCCCCCC)N(C)CCN(C)C,0.4372244179825663
N(CCC(=O)OCC)C(=O)C(CCCCC)(CCCCC)N(C)CCN(C)C,0.31399306963935086
N(CCC(=O)OCC)C(=O)C(CCCCCC)(CCCCCC)N(C)CCN(C)C,0.35696663013364105
N(CCC(=O)OCC)C(=O)C(CCCCCCC)(CCCCCCC)N(C)CCN(C)C,0.3933813166885704
N(CCC(=O)OCC)C(=O)C(CCCCCCCC)(CCCCCCCC)N(C)CCN(C)C,0.4099145348155948
N(CCC(=O)OCC)C(=O)C5(CCCCCCCCCCC5)N(C)CCN(C)C,0.1565496867799728
N(CCC(=O)OCC)C(=O)C5(CCCCCCCCCCCCCC5)N(C)CCN(C)C,0.1588804349613458
N(CS(=O)(=O)c3ccc(C)cc3)C(=O)C(CCCCCCC/C=C\CCCCCCCC)(CCCCCCC/C=C\CCCCCCCC)N(C)CCN(C)C,0.3204057990142455
N(CS(=O)(=O)c3ccc(C)cc3)C(=O)C(CCCCCCCCC)(CCCCCCCCC)N(C)CCN(C)C,0.20847937455343438
N(CS(=O)(=O)c3ccc(C)cc3)C(=O)C(CCCCCCCCCC)(CCCCCCCCCC)N(C)CCN(C)C,0.22632691092580096
N(CS(=O)(=O)c3ccc(C)cc3)C(=O)C(CCCCC)(CCCCC)N(C)CCN(C)C,0.06689706991260837
N(CS(=O)(=O)c3ccc(C)cc3)C(=O)C(CCCCCC)(CCCCCC)N(C)CCN(C)C,0.11494849135314517
N(CS(=O)(=O)c3ccc(C)cc3)C(=O)C(CCCCCCC)(CCCCCCC)N(C)CCN(C)C,0.15793771763934678
N(CS(=O)(=O)c3ccc(C)cc3)C(=O)C(CCCCCCCC)(CCCCCCCC)N(C)CCN(C)C,0.18365207266130415
N(CS(=O)(=O)c3ccc(C)cc3)C(=O)C5(CCCCCCCCCCC5)N(C)CCN(C)C,-0.043455720538699845
N(CS(=O)(=O)c3ccc(C)cc3)C(=O)C5(CCCCCCCCCCCCCC5)N(C)CCN(C)C,-0.02854486492648456
N(C3CCCCC3)C(=O)C(CCCCCCC/C=C\CCCCCCCC)(CCCCCCC/C=C\CCCCCCCC)NCCN(C)C,0.4778589804392868
N(C3CCCCC3)C(=O)C(CCCCCCCCC)(CCCCCCCCC)NCCN(C)C,0.41961088565401694
N(C3CCCCC3)C(=O)C(CCCCCCCCCC)(CCCCCCCCCC)NCCN(C)C,0.4293893180941649
N(C3CCCCC3)C(=O)C(CCCCC)(CCCCC)NCCN(C)C,0.31550702249150314
N(C3CCCCC3)C(=O)C(CCCCCC)(CCCCCC)NCCN(C)C,0.33754551559466095
N(C3CCCCC3)C(=O)C(CCCCCCC)(CCCCCCC)NCCN(C)C,0.38225380938870646
N(C3CCCCC3)C(=O)C(CCCCCCCC)(CCCCCCCC)NCCN(C)C,0.4029704789621843
N(C3CCCCC3)C(=O)C5(CCCCCCCCCCC5)NCCN(C)C,0.16547373790346248
N(C3CCCCC3)C(=O)C5(CCCCCCCCCCCCCC5)NCCN(C)C,0.16392717280389008
N(C(C)(C)C)C(=O)C(CCCCCCC/C=C\CCCCCCCC)(CCCCCCC/C=C\CCCCCCCC)NCCN(C)C,0.4370578125834173
N(C(C)(C)C)C(=O)C(CCCCCCCCC)(CCCCCCCCC)NCCN(C)C,0.3406077013873496
N(C(C)(C)C)C(=O)C(CCCCCCCCCC)(CCCCCCCCCC)NCCN(C)C,0.35647422987190885
N(C(C)(C)C)C(=O)C(CCCCC)(CCCCC)NCCN(C)C,0.20379146078113441
N(C(C)(C)C)C(=O)C(CCCCCC)(CCCCCC)NCCN(C)C,0.23472559214564603
N(C(C)(C)C)C(=O)C(CCCCCCC)(CCCCCCC)NCCN(C)C,0.287897642740005
N(C(C)(C)C)C(=O)C(CCCCCCCC)(CCCCCCCC)NCCN(C)C,0.31628289615135835
N(C(C)(C)C)C(=O)C5(CCCCCCCCCCC5)NCCN(C)C,0.005450172497833171
N(C(C)(C)C)C(=O)C5(CCCCCCCCCCCCCC5)NCCN(C)C,0.025200952742348005
N(CCCC)C(=O)C(CCCCCCC/C=C\CCCCCCCC)(CCCCCCC/C=C\CCCCCCCC)NCCN(C)C,0.5119726421214508
N(CCCC)C(=O)C(CCCCCCCCC)(CCCCCCCCC)NCCN(C)C,0.47033865574995687
N(CCCC)C(=O)C(CCCCCCCCCC)(CCCCCCCCCC)NCCN(C)C,0.4776198835239547
N(CCCC)C(=O)C(CCCCC)(CCCCC)NCCN(C)C,0.37484359198587164
N(CCCC)C(=O)C(CCCCCC)(CCCCCC)NCCN(C)C,0.3944596950032622
N(CCCC)C(=O)C(CCCCCCC)(CCCCCCC)NCCN(C)C,0.4371238114329908
N(CCCC)C(=O)C(CCCCCCCC)(CCCCCCCC)NCCN(C)C,0.4556393776771685
N(CCCC)C(=O)C5(CCCCCCCCCCC5)NCCN(C)C,0.20115457443425333
N(CCCC)C(=O)C5(CCCCCCCCCCCCCC5)NCCN(C)C,0.19788980553019336
N(CCCCC)C(=O)C(CCCCCCC/C=C\CCCCCCCC)(CCCCCCC/C=C\CCCCCCCC)NCCN(C)C,0.5164913593845327
N(CCCCC)C(=O)C(CCCCCCCCC)(CCCCCCCCC)NCCN(C)C,0.4794080473003051
N(CCCCC)C(=O)C(CCCCCCCCCC)(CCCCCCCCCC)NCCN(C)C,0.48566346353284995
N(CCCCC)C(=O)C(CCCCC)(CCCCC)NCCN(C)C,0.3929080370321749
N(CCCCC)C(=O)C(CCCCCC)(CCCCCC)NCCN(C)C,0.41045098394849994
N(CCCCC)C(=O)C(CCCCCCC)(CCCCCCC)NCCN(C)C,0.4497164574539371
N(CCCCC)C(=O)C(CCCCCCCC)(CCCCCCCC)NCCN(C)C,0.46583134532775333
N(CCCCC)C(=O)C5(CCCCCCCCCCC5)NCCN(C)C,0.22596769967818997
N(CCCCC)C(=O)C5(CCCCCCCCCCCCCC5)NCCN(C)C,0.21899969839379704
C1(C(=O)OC)N=CC(CCCCCCC/C=C\CCCCCCCC)(CCCCCCC/C=C\CCCCCCCC)N1(CCN(C)C),0.6176126165946378
C1(C(=O)OC)N=CC(CCCCCCCCC)(CCCCCCCCC)N1(CCN(C)C),0.6282575519813072
C1(C(=O)OC)N=CC(CCCCCCCCCC)(CCCCCCCCCC)N1(CCN(C)C),0.6260266955605251
C1(C(=O)OC)N=CC(CCCCC)(CCCCC)N1(CCN(C)C),0.5672742575809061
C1(C(=O)OC)N=CC(CCCCCC)(CCCCCC)N1(CCN(C)C),0.5976783431304992
C1(C(=O)OC)N=CC(CCCCCCC)(CCCCCCC)N1(CCN(C)C),0.6065447643921095
C1(C(=O)OC)N=CC(CCCCCCCC)(CCCCCCCC)N1(CCN(C)C),0.6228421915028552
C1(C(=O)OC)N=CC5(CCCCCCCCCCC5)N1(CCN(C)C),0.3724473810466636
C1(C(=O)OC)N=CC5(CCCCCCCCCCCCCC5)N1(CCN(C)C),0.3465467043627334
C1(C(=O)OCC)N=CC(CCCCCCC/C=C\CCCCCCCC)(CCCCCCC/C=C\CCCCCCCC)N1(CCN(C)C),0.6135929411742695
C1(C(=O)OCC)N=CC(CCCCCCCCC)(CCCCCCCCC)N1(CCN(C)C),0.6216543909077785
C1(C(=O)OCC)N=CC(CCCCCCCCCC)(CCCCCCCCCC)N1(CCN(C)C),0.6201856186760247
C1(C(=O)OCC)N=CC(CCCCC)(CCCCC)N1(CCN(C)C),0.5616803785535628
C1(C(=O)OCC)N=CC(CCCCCC)(CCCCCC)N1(CCN(C)C),0.5913811117423582
C1(C(=O)OCC)N=CC(CCCCCCC)(CCCCCCC)N1(CCN(C)C),0.6002896459883083
C1(C(=O)OCC)N=CC(CCCCCCCC)(CCCCCCCC)N1(CCN(C)C),0.6161140614885278
C1(C(=O)OCC)N=CC5(CCCCCCCCCCC5)N1(CCN(C)C),0.3746261770030709
C1(C(=O)OCC)N=CC5(CCCCCCCCCCCCCC5)N1(CCN(C)C),0.3497072927722951
C1(C(=O)OC(C)(C)C)N=CC(CCCCCCC/C=C\CCCCCCCC)(CCCCCCC/C=C\CCCCCCCC)N1(CCN(C)C),0.5120056415462375
C1(C(=O)OC(C)(C)C)N=CC(CCCCCCCCC)(CCCCCCCCC)N1(CCN(C)C),0.46922677170161425
C1(C(=O)OC(C)(C)C)N=CC(CCCCCCCCCC)(CCCCCCCCCC)N1(CCN(C)C),0.47683632588251557
C1(C(=O)OC(C)(C)C)N=CC(CCCCC)(CCCCC)N1(CCN(C)C),0.3652376321711208
C1(C(=O)OC(C)(C)C)N=CC(CCCCCC)(CCCCCC)N1(CCN(C)C),0.4083446795082758
C1(C(=O)OC(C)(C)C)N=CC(CCCCCCC)(CCCCCCC)N1(CCN(C)C),0.42838474174212793
C1(C(=O)OC(C)(C)C)N=CC(CCCCCCCC)(CCCCCCCC)N1(CCN(C)C),0.4545523921117877
C1(C(=O)OC(C)(C)C)N=CC5(CCCCCCCCCCC5)N1(CCN(C)C),0.20742080185018946
C1(C(=O)OC(C)(C)C)N=CC5(CCCCCCCCCCCCCC5)N1(CCN(C)C),0.20362095382544476
C1(C)(C(=O)OC(C)(C)C)N=CC(CCCCCCC/C=C\CCCCCCCC)(CCCCCCC/C=C\CCCCCCCC)N1(CCN(C)C),0.3974101354513661
C1(C)(C(=O)OC(C)(C)C)N=CC(CCCCCCCCC)(CCCCCCCCC)N1(CCN(C)C),0.29818917453956284
C1(C)(C(=O)OC(C)(C)C)N=CC(CCCCCCCCCC)(CCCCCCCCCC)N1(CCN(C)C),0.3146305422820725
C1(C)(C(=O)OC(C)(C)C)N=CC(CCCCC)(CCCCC)N1(CCN(C)C),0.14966385644592883
C1(C)(C(=O)OC(C)(C)C)N=CC(CCCCCC)(CCCCCC)N1(CCN(C)C),0.2056565537219471
C1(C)(C(=O)OC(C)(C)C)N=CC(CCCCCCC)(CCCCCCC)N1(CCN(C)C),0.23819625006013087
C1(C)(C(=O)OC(C)(C)C)N=CC(CCCCCCCC)(CCCCCCCC)N1(CCN(C)C),0.27428940070350993
C1(C)(C(=O)OC(C)(C)C)N=CC5(CCCCCCCCCCC5)N1(CCN(C)C),0.033978591255502254
C1(C)(C(=O)OC(C)(C)C)N=CC5(CCCCCCCCCCCCCC5)N1(CCN(C)C),0.047009641186972845
C1(CC(=O)OCC)N=CC(CCCCCCC/C=C\CCCCCCCC)(CCCCCCC/C=C\CCCCCCCC)N1(CCN(C)C),0.5343542339371928
C1(CC(=O)OCC)N=CC(CCCCCCCCC)(CCCCCCCCC)N1(CCN(C)C),0.5036050244395592
C1(CC(=O)OCC)N=CC(CCCCCCCCCC)(CCCCCCCCCC)N1(CCN(C)C),0.5082819483312218
C1(CC(=O)OCC)N=CC(CCCCC)(CCCCC)N1(CCN(C)C),0.4146824453884157
C1(CC(=O)OCC)N=CC(CCCCCC)(CCCCCC)N1(CCN(C)C),0.45135686839060607
C1(CC(=O)OCC)N=CC(CCCCCCC)(CCCCCCC)N1(CCN(C)C),0.46960415050258253
C1(CC(=O)OCC)N=CC(CCCCCCCC)(CCCCCCCC)N1(CCN(C)C),0.4920834003633388
C1(CC(=O)OCC)N=CC5(CCCCCCCCCCC5)N1(CCN(C)C),0.25187457119998624
C1(CC(=O)OCC)N=CC5(CCCCCCCCCCCCCC5)N1(CCN(C)C),0.24445434675136776
N(CS(=O)(=O)c3ccc(C)cc3)C(=O)C(CCCCCCC/C=C\CCCCCCCC)(CCCCCCC/C=C\CCCCCCCC)NCCN(C)C,0.32008199960424416
N(CS(=O)(=O)c3ccc(C)cc3)C(=O)C(CCCCCCCCC)(CCCCCCCCC)NCCN(C)C,0.20640779694470968
N(CS(=O)(=O)c3ccc(C)cc3)C(=O)C(CCCCCCCCCC)(CCCCCCCCCC)NCCN(C)C,0.224631580368819
N(CS(=O)(=O)c3ccc(C)cc3)C(=O)C(CCCCC)(CCCCC)NCCN(C)C,0.07185824155712711
N(CS(=O)(=O)c3ccc(C)cc3)C(=O)C(CCCCCC)(CCCCCC)NCCN(C)C,0.10427338591475296
N(CS(=O)(=O)c3ccc(C)cc3)C(=O)C(CCCCCCC)(CCCCCCC)NCCN(C)C,0.15139659429310226
N(CS(=O)(=O)c3ccc(C)cc3)C(=O)C(CCCCCCCC)(CCCCCCCC)NCCN(C)C,0.18082424830692503
N(CS(=O)(=O)c3ccc(C)cc3)C(=O)C5(CCCCCCCCCCC5)NCCN(C)C,-0.0319888373855462
N(CS(=O)(=O)c3ccc(C)cc3)C(=O)C5(CCCCCCCCCCCCCC5)NCCN(C)C,-0.01804363190858425
N(C3CCCCC3)C(=O)C(CCCCCCC/C=C\CCCCCCCC)(CCCCCCC/C=C\CCCCCCCC)N(C)CCCN(C)C,0.4763175379941037
N(C3CCCCC3)C(=O)C(CCCCCCCCC)(CCCCCCCCC)N(C)CCCN(C)C,0.4203165610790144
N(C3CCCCC3)C(=O)C(CCCCCCCCCC)(CCCCCCCCCC)N(C)CCCN(C)C,0.42956998101001004
N(C3CCCCC3)C(=O)C(CCCCC)(CCCCC)N(C)CCCN(C)C,0.30917661298132926
N(C3CCCCC3)C(=O)C(CCCCCC)(CCCCCC)N(C)CCCN(C)C,0.35009387448143947
N(C3CCCCC3)C(=O)C(CCCCCCC)(CCCCCCC)N(C)CCCN(C)C,0.3877449970652694
N(C3CCCCC3)C(=O)C(CCCCCCCC)(CCCCCCCC)N(C)CCCN(C)C,0.4043918070750886
N(C3CCCCC3)C(=O)C5(CCCCCCCCCCC5)N(C)CCCN(C)C,0.16012110015840492
N(C3CCCCC3)C(=O)C5(CCCCCCCCCCCCCC5)N(C)CCCN(C)C,0.16191962837503135
N(C(C)(C)C)C(=O)C(CCCCCCC/C=C\CCCCCCCC)(CCCCCCC/C=C\CCCCCCCC)N(C)CCCN(C)C,0.420140306028574
N(C(C)(C)C)C(=O)C(CCCCCCCCC)(CCCCCCCCC)N(C)CCCN(C)C,0.3220850766019494
N(C(C)(C)C)C(=O)C(CCCCCCCCCC)(CCCCCCCCCC)N(C)CCCN(C)C,0.33818129061354424
N(C(C)(C)C)C(=O)C(CCCCC)(CCCCC)N(C)CCCN(C)C,0.17545713608493033
N(C(C)(C)C)C(=O)C(CCCCCC)(CCCCCC)N(C)CCCN(C)C,0.22711967147541615
N(C(C)(C)C)C(=O)C(CCCCCCC)(CCCCCCC)N(C)CCCN(C)C,0.27389436065804834
N(C(C)(C)C)C(=O)C(CCCCCCCC)(CCCCCCCC)N(C)CCCN(C)C,0.298221876135606
N(C(C)(C)C)C(=O)C5(CCCCCCCCCCC5)N(C)CCCN(C)C,-0.006009026673736561
N(C(C)(C)C)C(=O)C5(CCCCCCCCCCCCCC5)N(C)CCCN(C)C,0.01266418032440889
N(CCCC)C(=O)C(CCCCCCC/C=C\CCCCCCCC)(CCCCCCC/C=C\CCCCCCCC)N(C)CCCN(C)C,0.5079314039000484
N(CCCC)C(=O)C(CCCCCCCCC)(CCCCCCCCC)N(C)CCCN(C)C,0.4663518904057522
N(CCCC)C(=O)C(CCCCCCCCCC)(CCCCCCCCCC)N(C)CCCN(C)C,0.47347482220254644
N(CCCC)C(=O)C(CCCCC)(CCCCC)N(C)CCCN(C)C,0.35842914796178005
N(CCCC)C(=O)C(CCCCCC)(CCCCCC)N(C)CCCN(C)C,0.4012932861756853
N(CCCC)C(=O)C(CCCCCCC)(CCCCCCC)N(C)CCCN(C)C,0.43738884923188726
N(CCCC)C(=O)C(CCCCCCCC)(CCCCCCCC)N(C)CCCN(C)C,0.45226977305537447
N(CCCC)C(=O)C5(CCCCCCCCCCC5)N(C)CCCN(C)C,0.1942027154677615
N(CCCC)C(=O)C5(CCCCCCCCCCCCCC5)N(C)CCCN(C)C,0.19321460904524354
N(CCCCC)C(=O)C(CCCCCCC/C=C\CCCCCCCC)(CCCCCCC/C=C\CCCCCCCC)N(C)CCCN(C)C,0.5125667508991096
N(CCCCC)C(=O)C(CCCCCCCCC)(CCCCCCCCC)N(C)CCCN(C)C,0.47527894959955186
N(CCCCC)C(=O)C(CCCCCCCCCC)(CCCCCCCCCC)N(C)CCCN(C)C,0.4816287477609317
N(CCCCC)C(=O)C(CCCCC)(CCCCC)N(C)CCCN(C)C,0.3759207194198405
N(CCCCC)C(=O)C(CCCCCC)(CCCCCC)N(C)CCCN(C)C,0.4162382133961642
N(CCCCC)C(=O)C(CCCCCCC)(CCCCCCC)N(C)CCCN(C)C,0.44985426281358354
N(CCCCC)C(=O)C(CCCCCCCC)(CCCCCCCC)N(C)CCCN(C)C,0.4622163893870123
N(CCCCC)C(=O)C5(CCCCCCCCCCC5)N(C)CCCN(C)C,0.21329866058451985
N(CCCCC)C(=O)C5(CCCCCCCCCCCCCC5)N(C)CCCN(C)C,0.210535226804499
N(CC(=O)OC)C(=O)C(CCCCCCC/C=C\CCCCCCCC)(CCCCCCC/C=C\CCCCCCCC)N(C)CCCN(C)C,0.5143587268833777
N(CC(=O)OC)C(=O)C(CCCCCCCCC)(CCCCCCCCC)N(C)CCCN(C)C,0.4756555540457869
N(CC(=O)OC)C(=O)C(CCCCCCCCCC)(CCCCCCCCCC)N(C)CCCN(C)C,0.4833705396019094
N(CC(=O)OC)C(=O)C(CCCCC)(CCCCC)N(C)CCCN(C)C,0.3715397777335306
N(CC(=O)OC)C(=O)C(CCCCCC)(CCCCCC)N(C)CCCN(C)C,0.4127695509342612
N(CC(=O)OC)C(=O)C(CCCCCCC)(CCCCCCC)N(C)CCCN(C)C,0.4471346098588664
N(CC(=O)OC)C(=O)C(CCCCCCCC)(CCCCCCCC)N(C)CCCN(C)C,0.4609866842877163
N(CC(=O)OC)C(=O)C5(CCCCCCCCCCC5)N(C)CCCN(C)C,0.19805989552564204
N(CC(=O)OC)C(=O)C5(CCCCCCCCCCCCCC5)N(C)CCCN(C)C,0.19658617933674508
N(CC(=O)OCC)C(=O)C(CCCCCCC/C=C\CCCCCCCC)(CCCCCCC/C=C\CCCCCCCC)N(C)CCCN(C)C,0.5031261753856592
N(CC(=O)OCC)C(=O)C(CCCCCCCCC)(CCCCCCCCC)N(C)CCCN(C)C,0.45696319665943036
N(CC(=O)OCC)C(=O)C(CCCCCCCCCC)(CCCCCCCCCC)N(C)CCCN(C)C,0.46546019114752546
N(CC(=O)OCC)C(=O)C(CCCCC)(CCCCC)N(C)CCCN(C)C,0.35146939653358383
N(CC(=O)OCC)C(=O)C(CCCCCC)(CCCCCC)N(C)CCCN(C)C,0.39217159589796746
N(CC(=O)OCC)C(=O)C(CCCCCCC)(CCCCCCC)N(C)CCCN(C)C,0.4269673151857643
N(CC(=O)OCC)C(=O)C(CCCCCCCC)(CCCCCCCC)N(C)CCCN(C)C,0.44162641616104603
N(CC(=O)OCC)C(=O)C5(CCCCCCCCCCC5)N(C)CCCN(C)C,0.18567504461907944
N(CC(=O)OCC)C(=O)C5(CCCCCCCCCCCCCC5)N(C)CCCN(C)C,0.18536029920288236
N(CC(=O)OC(C)(C)C)C(=O)C(CCCCCCC/C=C\CCCCCCCC)(CCCCCCC/C=C\CCCCCCCC)N(C)CCCN(C)C,0.374477888071651
N(CC(=O)OC(C)(C)C)C(=O)C(CCCCCCCCC)(CCCCCCCCC)N(C)CCCN(C)C,0.2694291930030589
N(CC(=O)OC(C)(C)C)C(=O)C(CCCCCCCCCC)(CCCCCCCCCC)N(C)CCCN(C)C,0.2865863921307215
N(CC(=O)OC(C)(C)C)C(=O)C(CCCCC)(CCCCC)N(C)CCCN(C)C,0.12609252814827684
N(CC(=O)OC(C)(C)C)C(=O)C(CCCCCC)(CCCCCC)N(C)CCCN(C)C,0.17618592302042824
N(CC(=O)OC(C)(C)C)C(=O)C(CCCCCCC)(CCCCCCC)N(C)CCCN(C)C,0.22022043884791184
N(CC(=O)OC(C)(C)C)C(=O)C(CCCCCCCC)(CCCCCCCC)N(C)CCCN(C)C,0.24468007115611393
N(CC(=O)OC(C)(C)C)C(=O)C5(CCCCCCCCCCC5)N(C)CCCN(C)C,0.011074132228276346
N(CC(=O)OC(C)(C)C)C(=O)C5(CCCCCCCCCCCCCC5)N(C)CCCN(C)C,0.025009240380116694
N(C(C)C(=O)OC(C)(C)C)C(=O)C(CCCCCCC/C=C\CCCCCCCC)(CCCCCCC/C=C\CCCCCCCC)N(C)CCCN(C)C,0.35309685191990786
N(C(C)C(=O)OC(C)(C)C)C(=O)C(CCCCCCCCC)(CCCCCCCCC)N(C)CCCN(C)C,0.24279407063750313
N(C(C)C(=O)OC(C)(C)C)C(=O)C(CCCCCCCCCC)(CCCCCCCCCC)N(C)CCCN(C)C,0.2610747393516329
N(C(C)C(=O)OC(C)(C)C)C(=O)C(CCCCC)(CCCCC)N(C)CCCN(C)C,0.09966543916009958
N(C(C)C(=O)OC(C)(C)C)C(=O)C(CCCCCC)(CCCCCC)N(C)CCCN(C)C,0.14824955709137264
N(C(C)C(=O)OC(C)(C)C)C(=O)C(CCCCCCC)(CCCCCCC)N(C)CCCN(C)C,0.1924474915504491
N(C(C)C(=O)OC(C)(C)C)C(=O)C(CCCCCCCC)(CCCCCCCC)N(C)CCCN(C)C,0.21769866331041776
N(C(C)C(=O)OC(C)(C)C)C(=O)C5(CCCCCCCCCCC5)N(C)CCCN(C)C,0.0012829825007782292
N(C(C)C(=O)OC(C)(C)C)C(=O)C5(CCCCCCCCCCCCCC5)N(C)CCCN(C)C,0.015599729335334642
N(CCC(=O)OCC)C(=O)C(CCCCCCC/C=C\CCCCCCCC)(CCCCCCC/C=C\CCCCCCCC)N(C)CCCN(C)C,0.48457406555464627
N(CCC(=O)OCC)C(=O)C(CCCCCCCCC)(CCCCCCCCC)N(C)CCCN(C)C,0.4267904049120881
N(CCC(=O)OCC)C(=O)C(CCCCCCCCCC)(CCCCCCCCCC)N(C)CCCN(C)C,0.4366168771285727
N(CCC(=O)OCC)C(=O)C(CCCCC)(CCCCC)N(C)CCCN(C)C,0.3176490365980804
N(CCC(=O)OCC)C(=O)C(CCCCCC)(CCCCCC)N(C)CCCN(C)C,0.35890367849889854
N(CCC(=O)OCC)C(=O)C(CCCCCCC)(CCCCCCC)N(C)CCCN(C)C,0.39394918675392143
N(CCC(=O)OCC)C(=O)C(CCCCCCCC)(CCCCCCCC)N(C)CCCN(C)C,0.4101670042415129
N(CCC(=O)OCC)C(=O)C5(CCCCCCCCCCC5)N(C)CCCN(C)C,0.16654693399801632
N(CCC(=O)OCC)C(=O)C5(CCCCCCCCCCCCCC5)N(C)CCCN(C)C,0.16786500488552739
N(CS(=O)(=O)c3ccc(C)cc3)C(=O)C(CCCCCCC/C=C\CCCCCCCC)(CCCCCCC/C=C\CCCCCCCC)N(C)CCCN(C)C,0.32205481720160345
N(CS(=O)(=O)c3ccc(C)cc3)C(=O)C(CCCCCCCCC)(CCCCCCCCC)N(C)CCCN(C)C,0.21254929368284176
N(CS(=O)(=O)c3ccc(C)cc3)C(=O)C(CCCCCCCCCC)(CCCCCCCCCC)N(C)CCCN(C)C,0.22952609794052842
N(CS(=O)(=O)c3ccc(C)cc3)C(=O)C(CCCCC)(CCCCC)N(C)CCCN(C)C,0.07585105282482608
N(CS(=O)(=O)c3ccc(C)cc3)C(=O)C(CCCCCC)(CCCCCC)N(C)CCCN(C)C,0.12229357360976284
N(CS(=O)(=O)c3ccc(C)cc3)C(=O)C(CCCCCCC)(CCCCCCC)N(C)CCCN(C)C,0.16378186215990584
N(CS(=O)(=O)c3ccc(C)cc3)C(=O)C(CCCCCCCC)(CCCCCCCC)N(C)CCCN(C)C,0.18851636061554194
N(CS(=O)(=O)c3ccc(C)cc3)C(=O)C5(CCCCCCCCCCC5)N(C)CCCN(C)C,-0.030119962019690256
N(CS(=O)(=O)c3ccc(C)cc3)C(=O)C5(CCCCCCCCCCCCCC5)N(C)CCCN(C)C,-0.016586266517708892
N(C3CCCCC3)C(=O)C(CCCCCCC/C=C\CCCCCCCC)(CCCCCCC/C=C\CCCCCCCC)N(CC)CCN(C)C,0.4789997836586294
N(C3CCCCC3)C(=O)C(CCCCCCCCC)(CCCCCCCCC)N(CC)CCN(C)C,0.4241531313878404
N(C3CCCCC3)C(=O)C(CCCCCCCCCC)(CCCCCCCCCC)N(CC)CCN(C)C,0.4332045638649518
N(C3CCCCC3)C(=O)C(CCCCC)(CCCCC)N(CC)CCN(C)C,0.3058873625545484
N(C3CCCCC3)C(=O)C(CCCCCC)(CCCCCC)N(CC)CCN(C)C,0.35703414790980675
N(C3CCCCC3)C(=O)C(CCCCCCC)(CCCCCCC)N(CC)CCN(C)C,0.3931049018316699
N(C3CCCCC3)C(=O)C(CCCCCCCC)(CCCCCCCC)N(CC)CCN(C)C,0.4085991443867758
N(C3CCCCC3)C(=O)C5(CCCCCCCCCCC5)N(CC)CCN(C)C,0.13791004508122687
N(C3CCCCC3)C(=O)C5(CCCCCCCCCCCCCC5)N(CC)CCN(C)C,0.14196873606700192
N(C(C)(C)C)C(=O)C(CCCCCCC/C=C\CCCCCCCC)(CCCCCCC/C=C\CCCCCCCC)N(CC)CCN(C)C,0.4279195928104317
N(C(C)(C)C)C(=O)C(CCCCCCCCC)(CCCCCCCCC)N(CC)CCN(C)C,0.3328129275108266
N(C(C)(C)C)C(=O)C(CCCCCCCCCC)(CCCCCCCCCC)N(CC)CCN(C)C,0.34818059284991837
N(C(C)(C)C)C(=O)C(CCCCC)(CCCCC)N(CC)CCN(C)C,0.17985508379249765
N(C(C)(C)C)C(=O)C(CCCCCC)(CCCCCC)N(CC)CCN(C)C,0.2417150668824498
N(C(C)(C)C)C(=O)C(CCCCCCC)(CCCCCCC)N(CC)CCN(C)C,0.28607960674067523
N(C(C)(C)C)C(=O)C(CCCCCCCC)(CCCCCCCC)N(CC)CCN(C)C,0.309510895963104
N(C(C)(C)C)C(=O)C5(CCCCCCCCCCC5)N(CC)CCN(C)C,-0.019968558643978694
N(C(C)(C)C)C(=O)C5(CCCCCCCCCCCCCC5)N(CC)CCN(C)C,0.0006921796221729013
N(CCCC)C(=O)C(CCCCCCC/C=C\CCCCCCCC)(CCCCCCC/C=C\CCCCCCCC)N(CC)CCN(C)C,0.5127751118881061
N(CCCC)C(=O)C(CCCCCCCCC)(CCCCCCCCC)N(CC)CCN(C)C,0.4736003570179581
N(CCCC)C(=O)C(CCCCCCCCCC)(CCCCCCCCCC)N(CC)CCN(C)C,0.4803429912920972
N(CCCC)C(=O)C(CCCCC)(CCCCC)N(CC)CCN(C)C,0.3594825980106357
N(CCCC)C(=O)C(CCCCCC)(CCCCCC)N(CC)CCN(C)C,0.4130031975835861
N(CCCC)C(=O)C(CCCCCCC)(CCCCCCC)N(CC)CCN(C)C,0.4465702243898151
N(CCCC)C(=O)C(CCCCCCCC)(CCCCCCCC)N(CC)CCN(C)C,0.4599346340339554
N(CCCC)C(=O)C5(CCCCCCCCCCC5)N(CC)CCN(C)C,0.17252843713510652
N(CCCC)C(=O)C5(CCCCCCCCCCCCCC5)N(CC)CCN(C)C,0.17435582495698418
N(CCCCC)C(=O)C(CCCCCCC/C=C\CCCCCCCC)(CCCCCCC/C=C\CCCCCCCC)N(CC)CCN(C)C,0.5162715022060348
N(CCCCC)C(=O)C(CCCCCCCCC)(CCCCCCCCC)N(CC)CCN(C)C,0.48070777193721276
N(CCCCC)C(=O)C(CCCCCCCCCC)(CCCCCCCCCC)N(CC)CCN(C)C,0.48688396572396986
N(CCCCC)C(=O)C(CCCCC)(CCCCC)N(CC)CCN(C)C,0.37467204262957954
N(CCCCC)C(=O)C(CCCCCC)(CCCCCC)N(CC)CCN(C)C,0.42534140850890684
N(CCCCC)C(=O)C(CCCCCCC)(CCCCCCC)N(CC)CCN(C)C,0.45605720162151264
N(CCCCC)C(=O)C(CCCCCCCC)(CCCCCCCC)N(CC)CCN(C)C,0.46790024247778594
N(CCCCC)C(=O)C5(CCCCCCCCCCC5)N(CC)CCN(C)C,0.19088862612376756
N(CCCCC)C(=O)C5(CCCCCCCCCCCCCC5)N(CC)CCN(C)C,0.19094610707127516
N(CC(=O)OC)C(=O)C(CCCCCCC/C=C\CCCCCCCC)(CCCCCCC/C=C\CCCCCCCC)N(CC)CCN(C)C,0.5159767708814051
N(CC(=O)OC)C(=O)C(CCCCCCCCC)(CCCCCCCCC)N(CC)CCN(C)C,0.47804911430917724
N(CC(=O)OC)C(=O)C(CCCCCCCCCC)(CCCCCCCCCC)N(CC)CCN(C)C,0.4855598191300901
N(CC(=O)OC)C(=O)C(CCCCC)(CCCCC)N(CC)CCN(C)C,0.3653763905827467
N(CC(=O)OC)C(=O)C(CCCCCC)(CCCCCC)N(CC)CCN(C)C,0.4168539743234801
N(CC(=O)OC)C(=O)C(CCCCCCC)(CCCCCCC)N(CC)CCN(C)C,0.4497508864566929
N(CC(=O)OC)C(=O)C(CCCCCCCC)(CCCCCCCC)N(CC)CCN(C)C,0.46348546744620733
N(CC(=O)OC)C(=O)C5(CCCCCCCCCCC5)N(CC)CCN(C)C,0.17355758435848742
N(CC(=O)OC)C(=O)C5(CCCCCCCCCCCCCC5)N(CC)CCN(C)C,0.17491017359737743
N(CC(=O)OCC)C(=O)C(CCCCCCC/C=C\CCCCCCCC)(CCCCCCC/C=C\CCCCCCCC)N(CC)CCN(C)C,0.5047094329864384
N(CC(=O)OCC)C(=O)C(CCCCCCCCC)(CCCCCCCCC)N(CC)CCN(C)C,0.459349757947347
N(CC(=O)OCC)C(=O)C(CCCCCCCCCC)(CCCCCCCCCC)N(CC)CCN(C)C,0.46772127718577916
N(CC(=O)OCC)C(=O)C(CCCCC)(CCCCC)N(CC)CCN(C)C,0.3456311192392729
N(CC(=O)OCC)C(=O)C(CCCCCC)(CCCCCC)N(CC)CCN(C)C,0.3966899855494315
N(CC(=O)OCC)C(=O)C(CCCCCCC)(CCCCCCC)N(CC)CCN(C)C,0.42960452914426334
N(CC(=O)OCC)C(=O)C(CCCCCCCC)(CCCCCCCC)N(CC)CCN(C)C,0.4441414309860613
N(CC(=O)OCC)C(=O)C5(CCCCCCCCCCC5)N(CC)CCN(C)C,0.16232276936231782
N(CC(=O)OCC)C(=O)C5(CCCCCCCCCCCCCC5)N(CC)CCN(C)C,0.16454579288714416
N(CC(=O)OC(C)(C)C)C(=O)C(CCCCCCC/C=C\CCCCCCCC)(CCCCCCC/C=C\CCCCCCCC)N(CC)CCN(C)C,0.37602826537914097
N(CC(=O)OC(C)(C)C)C(=O)C(CCCCCCCCC)(CCCCCCCCC)N(CC)CCN(C)C,0.27120633711589753
N(CC(=O)OC(C)(C)C)C(=O)C(CCCCCCCCCC)(CCCCCCCCCC)N(CC)CCN(C)C,0.2881849283460456
N(CC(=O)OC(C)(C)C)C(=O)C(CCCCC)(CCCCC)N(CC)CCN(C)C,0.12008219518880979
N(CC(=O)OC(C)(C)C)C(=O)C(CCCCCC)(CCCCCC)N(CC)CCN(C)C,0.1797974837134926
N(CC(=O)OC(C)(C)C)C(=O)C(CCCCCCC)(CCCCCCC)N(CC)CCN(C)C,0.22271326543153164
N(CC(=O)OC(C)(C)C)C(=O)C(CCCCCCCC)(CCCCCCCC)N(CC)CCN(C)C,0.24703985763998426
N(CC(=O)OC(C)(C)C)C(=O)C5(CCCCCCCCCCC5)N(CC)CCN(C)C,-0.0066488223806579535
N(CC(=O)OC(C)(C)C)C(=O)C5(CCCCCCCCCCCCCC5)N(CC)CCN(C)C,0.008977149827725734
N(C(C)C(=O)OC(C)(C)C)C(=O)C(CCCCCCC/C=C\CCCCCCCC)(CCCCCCC/C=C\CCCCCCCC)N(CC)CCN(C)C,0.35400928005868654
N(C(C)C(=O)OC(C)(C)C)C(=O)C(CCCCCCCCC)(CCCCCCCCC)N(CC)CCN(C)C,0.24412524598973098
N(C(C)C(=O)OC(C)(C)C)C(=O)C(CCCCCCCCCC)(CCCCCCCCCC)N(CC)CCN(C)C,0.26209030558430735
N(C(C)C(=O)OC(C)(C)C)C(=O)C(CCCCC)(CCCCC)N(CC)CCN(C)C,0.09340415570130658
N(C(C)C(=O)OC(C)(C)C)C(=O)C(CCCCCC)(CCCCCC)N(CC)CCN(C)C,0.15095211467620928
N(C(C)C(=O)OC(C)(C)C)C(=O)C(CCCCCCC)(CCCCCCC)N(CC)CCN(C)C,0.19399429491301634
N(C(C)C(=O)OC(C)(C)C)C(=O)C(CCCCCCCC)(CCCCCCCC)N(CC)CCN(C)C,0.21917276667668134
N(C(C)C(=O)OC(C)(C)C)C(=O)C5(CCCCCCCCCCC5)N(CC)CCN(C)C,-0.015881425013193406
N(C(C)C(=O)OC(C)(C)C)C(=O)C5(CCCCCCCCCCCCCC5)N(CC)CCN(C)C,0.00013786076465400403
N(CCC(=O)OCC)C(=O)C(CCCCCCC/C=C\CCCCCCCC)(CCCCCCC/C=C\CCCCCCCC)N(CC)CCN(C)C,0.4883240570477186
N(CCC(=O)OCC)C(=O)C(CCCCCCCCC)(CCCCCCCCC)N(CC)CCN(C)C,0.4329025655189792
N(CCC(=O)OCC)C(=O)C(CCCCCCCCCC)(CCCCCCCCCC)N(CC)CCN(C)C,0.44241557298286416
N(CCC(=O)OCC)C(=O)C(CCCCC)(CCCCC)N(CC)CCN(C)C,0.31667340919991777
N(CCC(=O)OCC)C(=O)C(CCCCCC)(CCCCCC)N(CC)CCN(C)C,0.3677359090207478
N(CCC(=O)OCC)C(=O)C(CCCCCCC)(CCCCCCC)N(CC)CCN(C)C,0.40132622603472334
N(CCC(=O)OCC)C(=O)C(CCCCCCCC)(CCCCCCCC)N(CC)CCN(C)C,0.4165354464822398
N(CCC(=O)OCC)C(=O)C5(CCCCCCCCCCC5)N(CC)CCN(C)C,0.14310405923746294
N(CCC(=O)OCC)C(=O)C5(CCCCCCCCCCCCCC5)N(CC)CCN(C)C,0.14665102087604856
N(CS(=O)(=O)c3ccc(C)cc3)C(=O)C(CCCCCCC/C=C\CCCCCCCC)(CCCCCCC/C=C\CCCCCCCC)N(CC)CCN(C)C,0.32561422808167
N(CS(=O)(=O)c3ccc(C)cc3)C(=O)C(CCCCCCCCC)(CCCCCCCCC)N(CC)CCN(C)C,0.21739618843845548
N(CS(=O)(=O)c3ccc(C)cc3)C(=O)C(CCCCCCCCCC)(CCCCCCCCCC)N(CC)CCN(C)C,0.23396294208200502
N(CS(=O)(=O)c3ccc(C)cc3)C(=O)C(CCCCC)(CCCCC)N(CC)CCN(C)C,0.07515800533855568
N(CS(=O)(=O)c3ccc(C)cc3)C(=O)C(CCCCCC)(CCCCCC)N(CC)CCN(C)C,0.12920415351239686
N(CS(=O)(=O)c3ccc(C)cc3)C(=O)C(CCCCCCC)(CCCCCCC)N(CC)CCN(C)C,0.16936978461237795
N(CS(=O)(=O)c3ccc(C)cc3)C(=O)C(CCCCCCCC)(CCCCCCCC)N(CC)CCN(C)C,0.1937032268819325
N(CS(=O)(=O)c3ccc(C)cc3)C(=O)C5(CCCCCCCCCCC5)N(CC)CCN(C)C,-0.04725253071026021
N(CS(=O)(=O)c3ccc(C)cc3)C(=O)C5(CCCCCCCCCCCCCC5)N(CC)CCN(C)C,-0.032406929375759515
N(C3CCCCC3)C(=O)C(CCCCCCC/C=C\CCCCCCCC)(CCCCCCC/C=C\CCCCCCCC)N3CCN(C)CC3,0.47810034085307
N(C3CCCCC3)C(=O)C(CCCCCCCCC)(CCCCCCCCC)N3CCN(C)CC3,0.4228450377632386
N(C3CCCCC3)C(=O)C(CCCCCCCCCC)(CCCCCCCCCC)N3CCN(C)CC3,0.43200931755128597
N(C3CCCCC3)C(=O)C(CCCCC)(CCCCC)N3CCN(C)CC3,0.32216602645444975
N(C3CCCCC3)C(=O)C(CCCCCC)(CCCCCC)N3CCN(C)CC3,0.3586298249691926
N(C3CCCCC3)C(=O)C(CCCCCCC)(CCCCCCC)N3CCN(C)CC3,0.3903805729656788
N(C3CCCCC3)C(=O)C(CCCCCCCC)(CCCCCCCC)N3CCN(C)CC3,0.4064808374481861
N(C3CCCCC3)C(=O)C5(CCCCCCCCCCC5)N3CCN(C)CC3,0.17677431348621073
N(C3CCCCC3)C(=O)C5(CCCCCCCCCCCCCC5)N3CCN(C)CC3,0.17441911356499123
N(C(C)(C)C)C(=O)C(CCCCCCC/C=C\CCCCCCCC)(CCCCCCC/C=C\CCCCCCCC)N3CCN(C)CC3,0.42631384913951337
N(C(C)(C)C)C(=O)C(CCCCCCCCC)(CCCCCCCCC)N3CCN(C)CC3,0.3278357624627785
N(C(C)(C)C)C(=O)C(CCCCCCCCCC)(CCCCCCCCCC)N3CCN(C)CC3,0.34462972965479205
N(C(C)(C)C)C(=O)C(CCCCC)(CCCCC)N3CCN(C)CC3,0.19081622395620748
N(C(C)(C)C)C(=O)C(CCCCCC)(CCCCCC)N3CCN(C)CC3,0.2384952105529191
N(C(C)(C)C)C(=O)C(CCCCCCC)(CCCCCCC)N3CCN(C)CC3,0.2788470144005012
N(C(C)(C)C)C(=O)C(CCCCCCCC)(CCCCCCCC)N3CCN(C)CC3,0.30320934605818134
N(C(C)(C)C)C(=O)C5(CCCCCCCCCCC5)N3CCN(C)CC3,0.03064302845909744
N(C(C)(C)C)C(=O)C5(CCCCCCCCCCCCCC5)N3CCN(C)CC3,0.04669272162094778
N(CCCC)C(=O)C(CCCCCCC/C=C\CCCCCCCC)(CCCCCCC/C=C\CCCCCCCC)N3CCN(C)CC3,0.511026857163393
N(CCCC)C(=O)C(CCCCCCCCC)(CCCCCCCCC)N3CCN(C)CC3,0.46995740517532225
N(CCCC)C(=O)C(CCCCCCCCCC)(CCCCCCCCCC)N3CCN(C)CC3,0.4765521972611568
N(CCCC)C(=O)C(CCCCC)(CCCCC)N3CCN(C)CC3,0.3766219274136845
N(CCCC)C(=O)C(CCCCCC)(CCCCCC)N3CCN(C)CC3,0.4129671900884894
N(CCCC)C(=O)C(CCCCCCC)(CCCCCCC)N3CCN(C)CC3,0.441738012591259
N(CCCC)C(=O)C(CCCCCCCC)(CCCCCCCC)N3CCN(C)CC3,0.456154710752155
N(CCCC)C(=O)C5(CCCCCCCCCCC5)N3CCN(C)CC3,0.2176449052222047
N(CCCC)C(=O)C5(CCCCCCCCCCCCCC5)N3CCN(C)CC3,0.2130138767399252
N(CCCCC)C(=O)C(CCCCCCC/C=C\CCCCCCCC)(CCCCCCC/C=C\CCCCCCCC)N3CCN(C)CC3,0.5145124660808047
N(CCCCC)C(=O)C(CCCCCCCCC)(CCCCCCCCC)N3CCN(C)CC3,0.47657617247501355
N(CCCCC)C(=O)C(CCCCCCCCCC)(CCCCCCCCCC)N3CCN(C)CC3,0.4825559184225167
N(CCCCC)C(=O)C(CCCCC)(CCCCC)N3CCN(C)CC3,0.3916492042817585
N(CCCCC)C(=O)C(CCCCCC)(CCCCCC)N3CCN(C)CC3,0.4251325412110463
N(CCCCC)C(=O)C(CCCCCCC)(CCCCCCC)N3CCN(C)CC3,0.4519695318989889
N(CCCCC)C(=O)C(CCCCCCCC)(CCCCCCCC)N3CCN(C)CC3,0.4639066866382281
N(CCCCC)C(=O)C5(CCCCCCCCCCC5)N3CCN(C)CC3,0.2308607876719303
N(CCCCC)C(=O)C5(CCCCCCCCCCCCCC5)N3CCN(C)CC3,0.22418334810975712
N(CC(=O)OC)C(=O)C(CCCCCCC/C=C\CCCCCCCC)(CCCCCCC/C=C\CCCCCCCC)N3CCN(C)CC3,0.5167833506847216
N(CC(=O)OC)C(=O)C(CCCCCCCCC)(CCCCCCCCC)N3CCN(C)CC3,0.4769233514413846
N(CC(=O)OC)C(=O)C(CCCCCCCCCC)(CCCCCCCCCC)N3CCN(C)CC3,0.4844319416782182
N(CC(=O)OC)C(=O)C(CCCCC)(CCCCC)N3CCN(C)CC3,0.3872398199504383
N(CC(=O)OC)C(=O)C(CCCCCC)(CCCCCC)N3CCN(C)CC3,0.4212070392393925
N(CC(=O)OC)C(=O)C(CCCCCCC)(CCCCCCC)N3CCN(C)CC3,0.4485299077395833
N(CC(=O)OC)C(=O)C(CCCCCCCC)(CCCCCCCC)N3CCN(C)CC3,0.4621775823017261
N(CC(=O)OC)C(=O)C5(CCCCCCCCCCC5)N3CCN(C)CC3,0.2205195184721975
N(CC(=O)OC)C(=O)C5(CCCCCCCCCCCCCC5)N3CCN(C)CC3,0.21724849516452274
N(CC(=O)OCC)C(=O)C(CCCCCCC/C=C\CCCCCCCC)(CCCCCCC/C=C\CCCCCCCC)N3CCN(C)CC3,0.5049340554248335
N(CC(=O)OCC)C(=O)C(CCCCCCCCC)(CCCCCCCCC)N3CCN(C)CC3,0.4583110206384233
N(CC(=O)OCC)C(=O)C(CCCCCCCCCC)(CCCCCCCCCC)N3CCN(C)CC3,0.46662255716790196
N(CC(=O)OCC)C(=O)C(CCCCC)(CCCCC)N3CCN(C)CC3,0.3657935890867293
N(CC(=O)OCC)C(=O)C(CCCCCC)(CCCCCC)N3CCN(C)CC3,0.40053292939336976
N(CC(=O)OCC)C(=O)C(CCCCCCC)(CCCCCCC)N3CCN(C)CC3,0.42829747792026407
N(CC(=O)OCC)C(=O)C(CCCCCCCC)(CCCCCCCC)N3CCN(C)CC3,0.44278017493073357
N(CC(=O)OCC)C(=O)C5(CCCCCCCCCCC5)N3CCN(C)CC3,0.20717875643029607
N(CC(=O)OCC)C(=O)C5(CCCCCCCCCCCCCC5)N3CCN(C)CC3,0.20524867725763798
N(CC(=O)OC(C)(C)C)C(=O)C(CCCCCCC/C=C\CCCCCCCC)(CCCCCCC/C=C\CCCCCCCC)N3CCN(C)CC3,0.37448997991863964
N(CC(=O)OC(C)(C)C)C(=O)C(CCCCCCCCC)(CCCCCCCCC)N3CCN(C)CC3,0.2658564989610295
N(CC(=O)OC(C)(C)C)C(=O)C(CCCCCCCCCC)(CCCCCCCCCC)N3CCN(C)CC3,0.28355223202280216
N(CC(=O)OC(C)(C)C)C(=O)C(CCCCC)(CCCCC)N3CCN(C)CC3,0.1300519825966968
N(CC(=O)OC(C)(C)C)C(=O)C(CCCCCC)(CCCCCC)N3CCN(C)CC3,0.1750608451587458
N(CC(=O)OC(C)(C)C)C(=O)C(CCCCCCC)(CCCCCCC)N3CCN(C)CC3,0.21520181603875987
N(CC(=O)OC(C)(C)C)C(=O)C(CCCCCCCC)(CCCCCCCC)N3CCN(C)CC3,0.24069667127671152
N(CC(=O)OC(C)(C)C)C(=O)C5(CCCCCCCCCCC5)N3CCN(C)CC3,0.02424944947241389
N(CC(=O)OC(C)(C)C)C(=O)C5(CCCCCCCCCCCCCC5)N3CCN(C)CC3,0.03785102014505319
N(C(C)C(=O)OC(C)(C)C)C(=O)C(CCCCCCC/C=C\CCCCCCCC)(CCCCCCC/C=C\CCCCCCCC)N3CCN(C)CC3,0.3529823069851336
N(C(C)C(=O)OC(C)(C)C)C(=O)C(CCCCCCCCC)(CCCCCCCCC)N3CCN(C)CC3,0.2396045332740671
N(C(C)C(=O)OC(C)(C)C)C(=O)C(CCCCCCCCCC)(CCCCCCCCCC)N3CCN(C)CC3,0.25825025067918167
N(C(C)C(=O)OC(C)(C)C)C(=O)C(CCCCC)(CCCCC)N3CCN(C)CC3,0.10429628894513293
N(C(C)C(=O)OC(C)(C)C)C(=O)C(CCCCCC)(CCCCCC)N3CCN(C)CC3,0.1466943847411113
N(C(C)C(=O)OC(C)(C)C)C(=O)C(CCCCCCC)(CCCCCCC)N3CCN(C)CC3,0.18707204012363463
N(C(C)C(=O)OC(C)(C)C)C(=O)C(CCCCCCCC)(CCCCCCCC)N3CCN(C)CC3,0.21371901607318425
N(C(C)C(=O)OC(C)(C)C)C(=O)C5(CCCCCCCCCCC5)N3CCN(C)CC3,0.010831074190654828
N(C(C)C(=O)OC(C)(C)C)C(=O)C5(CCCCCCCCCCCCCC5)N3CCN(C)CC3,0.02474545346194321
N(CCC(=O)OCC)C(=O)C(CCCCCCC/C=C\CCCCCCCC)(CCCCCCC/C=C\CCCCCCCC)N3CCN(C)CC3,0.4860784581041302
N(CCC(=O)OCC)C(=O)C(CCCCCCCCC)(CCCCCCCCC)N3CCN(C)CC3,0.4286933221033332
N(CCC(=O)OCC)C(=O)C(CCCCCCCCCC)(CCCCCCCCCC)N3CCN(C)CC3,0.43850049501723504
N(CCC(=O)OCC)C(=O)C(CCCCC)(CCCCC)N3CCN(C)CC3,0.33080335784651166
N(CCC(=O)OCC)C(=O)C(CCCCCC)(CCCCCC)N3CCN(C)CC3,0.36700229725960415
N(CCC(=O)OCC)C(=O)C(CCCCCCC)(CCCCCCC)N3CCN(C)CC3,0.39623746455646236
N(CCC(=O)OCC)C(=O)C(CCCCCCCC)(CCCCCCCC)N3CCN(C)CC3,0.41217993937063013
N(CCC(=O)OCC)C(=O)C5(CCCCCCCCCCC5)N3CCN(C)CC3,0.18781402087247237
N(CCC(=O)OCC)C(=O)C5(CCCCCCCCCCCCCC5)N3CCN(C)CC3,0.1878219728999255
N(CS(=O)(=O)c3ccc(C)cc3)C(=O)C(CCCCCCC/C=C\CCCCCCCC)(CCCCCCC/C=C\CCCCCCCC)N3CCN(C)CC3,0.3225152604391514
N(CS(=O)(=O)c3ccc(C)cc3)C(=O)C(CCCCCCCCC)(CCCCCCCCC)N3CCN(C)CC3,0.21400374035203018
N(CS(=O)(=O)c3ccc(C)cc3)C(=O)C(CCCCCCCCCC)(CCCCCCCCCC)N3CCN(C)CC3,0.23180386238842157
N(CS(=O)(=O)c3ccc(C)cc3)C(=O)C(CCCCC)(CCCCC)N3CCN(C)CC3,0.0849838223318045
N(CS(=O)(=O)c3ccc(C)cc3)C(=O)C(CCCCCC)(CCCCCC)N3CCN(C)CC3,0.1271072902433437
N(CS(=O)(=O)c3ccc(C)cc3)C(=O)C(CCCCCCC)(CCCCCCC)N3CCN(C)CC3,0.16404624473556645
N(CS(=O)(=O)c3ccc(C)cc3)C(=O)C(CCCCCCCC)(CCCCCCCC)N3CCN(C)CC3,0.18953922365243367
N(CS(=O)(=O)c3ccc(C)cc3)C(=O)C5(CCCCCCCCCCC5)N3CCN(C)CC3,-0.01705224936988709
N(CS(=O)(=O)c3ccc(C)cc3)C(=O)C5(CCCCCCCCCCCCCC5)N3CCN(C)CC3,-0.007729285496554716
N(C3CCCCC3)C(=O)C(CCCCCCC/C=C\CCCCCCCC)(CCCCCCC/C=C\CCCCCCCC)N(C)CCN(CC)CC,0.46375607464260843
N(C3CCCCC3)C(=O)C(CCCCCCCCC)(CCCCCCCCC)N(C)CCN(CC)CC,0.4040504059863427
N(C3CCCCC3)C(=O)C(CCCCCCCCCC)(CCCCCCCCCC)N(C)CCN(CC)CC,0.4137905376500685
N(C3CCCCC3)C(=O)C(CCCCC)(CCCCC)N(C)CCN(CC)CC,0.29180494737542717
N(C3CCCCC3)C(=O)C(CCCCCC)(CCCCCC)N(C)CCN(CC)CC,0.33199899133754407
N(C3CCCCC3)C(=O)C(CCCCCCC)(CCCCCCC)N(C)CCN(CC)CC,0.3700083423341312
N(C3CCCCC3)C(=O)C(CCCCCCCC)(CCCCCCCC)N(C)CCN(CC)CC,0.38714835674329023
N(C3CCCCC3)C(=O)C5(CCCCCCCCCCC5)N(C)CCN(CC)CC,0.1551776791070025
N(C3CCCCC3)C(=O)C5(CCCCCCCCCCCCCC5)N(C)CCN(CC)CC,0.1568130567379053
N(C(C)(C)C)C(=O)C(CCCCCCC/C=C\CCCCCCCC)(CCCCCCC/C=C\CCCCCCCC)N(C)CCN(CC)CC,0.4058846736521966
N(C(C)(C)C)C(=O)C(CCCCCCCCC)(CCCCCCCCC)N(C)CCN(CC)CC,0.30464368928717933
N(C(C)(C)C)C(=O)C(CCCCCCCCCC)(CCCCCCCCCC)N(C)CCN(CC)CC,0.32112282171437273
N(C(C)(C)C)C(=O)C(CCCCC)(CCCCC)N(C)CCN(CC)CC,0.15868520821994042
N(C(C)(C)C)C(=O)C(CCCCCC)(CCCCCC)N(C)CCN(CC)CC,0.21028734394123175
N(C(C)(C)C)C(=O)C(CCCCCCC)(CCCCCCC)N(C)CCN(CC)CC,0.2562251641373271
N(C(C)(C)C)C(=O)C(CCCCCCCC)(CCCCCCCC)N(C)CCN(CC)CC,0.2806903360601595
N(C(C)(C)C)C(=O)C5(CCCCCCCCCCC5)N(C)CCN(CC)CC,-0.006083900819868223
N(C(C)(C)C)C(=O)C5(CCCCCCCCCCCCCC5)N(C)CCN(CC)CC,0.012619744275869335
N(CCCC)C(=O)C(CCCCCCC/C=C\CCCCCCCC)(CCCCCCC/C=C\CCCCCCCC)N(C)CCN(CC)CC,0.49396853717859324
N(CCCC)C(=O)C(CCCCCCCCC)(CCCCCCCCC)N(C)CCN(CC)CC,0.44601560770355264
N(CCCC)C(=O)C(CCCCCCCCCC)(CCCCCCCCCC)N(C)CCN(CC)CC,0.45383799030460387
N(CCCC)C(=O)C(CCCCC)(CCCCC)N(C)CCN(CC)CC,0.3359318496791639
N(CCCC)C(=O)C(CCCCCC)(CCCCCC)N(C)CCN(CC)CC,0.3789737916529761
N(CCCC)C(=O)C(CCCCCCC)(CCCCCCC)N(C)CCN(CC)CC,0.41514854737209134
N(CCCC)C(=O)C(CCCCCCCC)(CCCCCCCC)N(C)CCN(CC)CC,0.43049610927099263
N(CCCC)C(=O)C5(CCCCCCCCCCC5)N(C)CCN(CC)CC,0.18879486027364742
N(CCCC)C(=O)C5(CCCCCCCCCCCCCC5)N(C)CCN(CC)CC,0.18863724930255404
N(CCCCC)C(=O)C(CCCCCCC/C=C\CCCCCCCC)(CCCCCCC/C=C\CCCCCCCC)N(C)CCN(CC)CC,0.49889331415064864
N(CCCCC)C(=O)C(CCCCCCCCC)(CCCCCCCCC)N(C)CCN(CC)CC,0.45528525930107244
N(CCCCC)C(=O)C(CCCCCCCCCC)(CCCCCCCCCC)N(C)CCN(CC)CC,0.4624465216571632
N(CCCCC)C(=O)C(CCCCC)(CCCCC)N(C)CCN(CC)CC,0.3537425446359518
N(CCCCC)C(=O)C(CCCCCC)(CCCCCC)N(C)CCN(CC)CC,0.39423873585841307
N(CCCCC)C(=O)C(CCCCCCC)(CCCCCCC)N(C)CCN(CC)CC,0.4280999281146589
N(CCCCC)C(=O)C(CCCCCCCC)(CCCCCCCC)N(C)CCN(CC)CC,0.4418795408102
N(CCCCC)C(=O)C5(CCCCCCCCCCC5)N(C)CCN(CC)CC,0.20714575700550933
N(CCCCC)C(=O)C5(CCCCCCCCCCCCCC5)N(C)CCN(CC)CC,0.20528081297906842
N(CC(=O)OC)C(=O)C(CCCCCCC/C=C\CCCCCCCC)(CCCCCCC/C=C\CCCCCCCC)N(C)CCN(CC)CC,0.5007226080764852
N(CC(=O)OC)C(=O)C(CCCCCCCCC)(CCCCCCCCC)N(C)CCN(CC)CC,0.4537995703966843
N(CC(=O)OC)C(=O)C(CCCCCCCCCC)(CCCCCCCCCC)N(C)CCN(CC)CC,0.46247675127463483
N(CC(=O)OC)C(=O)C(CCCCC)(CCCCC)N(C)CCN(CC)CC,0.3493098403140107
N(CC(=O)OC)C(=O)C(CCCCCC)(CCCCCC)N(C)CCN(CC)CC,0.39032761901507335
N(CC(=O)OC)C(=O)C(CCCCCCC)(CCCCCCC)N(C)CCN(CC)CC,0.4243296247012756
N(CC(=O)OC)C(=O)C(CCCCCCCC)(CCCCCCCC)N(C)CCN(CC)CC,0.43860306723651804
N(CC(=O)OC)C(=O)C5(CCCCCCCCCCC5)N(C)CCN(CC)CC,0.1921744421583508
N(CC(=O)OC)C(=O)C5(CCCCCCCCCCCCCC5)N(C)CCN(CC)CC,0.19194666273527405
N(CC(=O)OCC)C(=O)C(CCCCCCC/C=C\CCCCCCCC)(CCCCCCC/C=C\CCCCCCCC)N(C)CCN(CC)CC,0.489390611561291
N(CC(=O)OCC)C(=O)C(CCCCCCCCC)(CCCCCCCCC)N(C)CCN(CC)CC,0.43648344985145665
N(CC(=O)OCC)C(=O)C(CCCCCCCCCC)(CCCCCCCCCC)N(C)CCN(CC)CC,0.44557541682056695
N(CC(=O)OCC)C(=O)C(CCCCC)(CCCCC)N(C)CCN(CC)CC,0.3308166707913489
N(CC(=O)OCC)C(=O)C(CCCCCC)(CCCCCC)N(C)CCN(CC)CC,0.37158611988602896
N(CC(=O)OCC)C(=O)C(CCCCCCC)(CCCCCCC)N(C)CCN(CC)CC,0.4059722353028041
N(CC(=O)OCC)C(=O)C(CCCCCCCC)(CCCCCCCC)N(C)CCN(CC)CC,0.42090310500658673
N(CC(=O)OCC)C(=O)C5(CCCCCCCCCCC5)N(C)CCN(CC)CC,0.1803490923294451
N(CC(=O)OCC)C(=O)C5(CCCCCCCCCCCCCC5)N(C)CCN(CC)CC,0.18142044188578885
N(CC(=O)OC(C)(C)C)C(=O)C(CCCCCCC/C=C\CCCCCCCC)(CCCCCCC/C=C\CCCCCCCC)N(C)CCN(CC)CC,0.3623924146181176
N(CC(=O)OC(C)(C)C)C(=O)C(CCCCCCCCC)(CCCCCCCCC)N(C)CCN(CC)CC,0.25567272160089266
N(CC(=O)OC(C)(C)C)C(=O)C(CCCCCCCCCC)(CCCCCCCCCC)N(C)CCN(CC)CC,0.27329501009450274
N(CC(=O)OC(C)(C)C)C(=O)C(CCCCC)(CCCCC)N(C)CCN(CC)CC,0.11315228620071853
N(CC(=O)OC(C)(C)C)C(=O)C(CCCCCC)(CCCCCC)N(C)CCN(CC)CC,0.16252100417403315
N(CC(=O)OC(C)(C)C)C(=O)C(CCCCCCC)(CCCCCCC)N(C)CCN(CC)CC,0.2067386251130591
N(CC(=O)OC(C)(C)C)C(=O)C(CCCCCCCC)(CCCCCCCC)N(C)CCN(CC)CC,0.23130240813288508
N(CC(=O)OC(C)(C)C)C(=O)C5(CCCCCCCCCCC5)N(C)CCN(CC)CC,0.011680451984421292
N(CC(=O)OC(C)(C)C)C(=O)C5(CCCCCCCCCCCCCC5)N(C)CCN(CC)CC,0.02561386251242333
N(C(C)C(=O)OC(C)(C)C)C(=O)C(CCCCCCC/C=C\CCCCCCCC)(CCCCCCC/C=C\CCCCCCCC)N(C)CCN(CC)CC,0.3416460515189066
N(C(C)C(=O)OC(C)(C)C)C(=O)C(CCCCCCCCC)(CCCCCCCCC)N(C)CCN(CC)CC,0.2303278529181992
N(C(C)C(=O)OC(C)(C)C)C(=O)C(CCCCCCCCCC)(CCCCCCCCCC)N(C)CCN(CC)CC,0.24856980389566585
N(C(C)C(=O)OC(C)(C)C)C(=O)C(CCCCC)(CCCCC)N(C)CCN(CC)CC,0.08937414562353661
N(C(C)C(=O)OC(C)(C)C)C(=O)C(CCCCCC)(CCCCCC)N(C)CCN(CC)CC,0.13495397566986964
N(C(C)C(=O)OC(C)(C)C)C(=O)C(CCCCCCC)(CCCCCCC)N(C)CCN(CC)CC,0.17951326574351073
N(C(C)C(=O)OC(C)(C)C)C(=O)C(CCCCCCCC)(CCCCCCCC)N(C)CCN(CC)CC,0.20528539954171926
N(C(C)C(=O)OC(C)(C)C)C(=O)C5(CCCCCCCCCCC5)N(C)CCN(CC)CC,0.001189851452666173
N(C(C)C(=O)OC(C)(C)C)C(=O)C5(CCCCCCCCCCCCCC5)N(C)CCN(CC)CC,0.015240488304849312
N(CCC(=O)OCC)C(=O)C(CCCCCCC/C=C\CCCCCCCC)(CCCCCCC/C=C\CCCCCCCC)N(C)CCN(CC)CC,0.4707787275014451
N(CCC(=O)OCC)C(=O)C(CCCCCCCCC)(CCCCCCCCC)N(C)CCN(CC)CC,0.408378631985042
N(CCC(=O)OCC)C(=O)C(CCCCCCCCCC)(CCCCCCCCCC)N(C)CCN(CC)CC,0.4187343756617119
N(CCC(=O)OCC)C(=O)C(CCCCC)(CCCCC)N(C)CCN(CC)CC,0.29815641337777093
N(CCC(=O)OCC)C(=O)C(CCCCCC)(CCCCCC)N(C)CCN(CC)CC,0.3399670717599462
N(CCC(=O)OCC)C(=O)C(CCCCCCC)(CCCCCCC)N(C)CCN(CC)CC,0.37518219348442805
N(CCC(=O)OCC)C(=O)C(CCCCCCCC)(CCCCCCCC)N(C)CCN(CC)CC,0.3915868687257308
N(CCC(=O)OCC)C(=O)C5(CCCCCCCCCCC5)N(C)CCN(CC)CC,0.1617255035999772
N(CCC(=O)OCC)C(=O)C5(CCCCCCCCCCCCCC5)N(C)CCN(CC)CC,0.1643116994947039
N(CS(=O)(=O)c3ccc(C)cc3)C(=O)C(CCCCCCC/C=C\CCCCCCCC)(CCCCCCC/C=C\CCCCCCCC)N(C)CCN(CC)CC,0.31226253572487983
N(CS(=O)(=O)c3ccc(C)cc3)C(=O)C(CCCCCCCCC)(CCCCCCCCC)N(C)CCN(CC)CC,0.20429029414372757
N(CS(=O)(=O)c3ccc(C)cc3)C(=O)C(CCCCCCCCCC)(CCCCCCCCCC)N(C)CCN(CC)CC,0.2216101077653754
N(CS(=O)(=O)c3ccc(C)cc3)C(=O)C(CCCCC)(CCCCC)N(C)CCN(CC)CC,0.06994406643937529
N(CS(=O)(=O)c3ccc(C)cc3)C(=O)C(CCCCCC)(CCCCCC)N(C)CCN(CC)CC,0.11583173227505471
N(CS(=O)(=O)c3ccc(C)cc3)C(=O)C(CCCCCCC)(CCCCCCC)N(C)CCN(CC)CC,0.15602809930137146
N(CS(=O)(=O)c3ccc(C)cc3)C(=O)C(CCCCCCCC)(CCCCCCCC)N(C)CCN(CC)CC,0.18034313575457384
N(CS(=O)(=O)c3ccc(C)cc3)C(=O)C5(CCCCCCCCCCC5)N(C)CCN(CC)CC,-0.03042747019741874
N(CS(=O)(=O)c3ccc(C)cc3)C(=O)C5(CCCCCCCCCCCCCC5)N(C)CCN(CC)CC,-0.01732955771301832
CN(C)CCNC(=O)CCC(SCCCCCCCCCC)CSCCCCCCCCCC,0.4586387811707141
CN(C)CCNC(=O)CCC(SCCCCCCCCCCC)CSCCCCCCCCCCC,0.46565717507851784
CN(C)CCNC(=O)CCC(SCCCCCCCCCCCC)CSCCCCCCCCCCCC,0.4716095207816133
CN(C)CCNC(=O)CCC(SCCCCCCCCCCCCCCCC)CSCCCCCCCCCCCCCCCC,0.4898797059239697
CN(C)CCNC(=O)CCC(SCCCCCC)CSCCCCCC,0.38692001144560073
CN(C)CCNC(=O)CCC(SCCCCCCC)CSCCCCCCC,0.40806037218967084
CN(C)CCNC(=O)CCC(SCCCCCCCC)CSCCCCCCCC,0.42238298625047543
CN(C)CCNC(=O)CCC(SCCCCCCCCC)CSCCCCCCCCC,0.44931004035047145
C1COCCN1CCNC(=O)CCC(SCCCCCCCCCC)CSCCCCCCCCCC,-0.25446598183491875
C1COCCN1CCNC(=O)CCC(SCCCCCCCCCCC)CSCCCCCCCCCCC,-0.21316916738401218
C1COCCN1CCNC(=O)CCC(SCCCCCCCCCCCC)CSCCCCCCCCCCCC,-0.17707360432781027
C1COCCN1CCNC(=O)CCC(SCCCCCCCCCCCCCCCC)CSCCCCCCCCCCCCCCCC,-0.06455304130646589
C1COCCN1CCNC(=O)CCC(SCCCCCC)CSCCCCCC,-0.41191121123250696
C1COCCN1CCNC(=O)CCC(SCCCCCCC)CSCCCCCCC,-0.370680068019556
C1COCCN1CCNC(=O)CCC(SCCCCCCCC)CSCCCCCCCC,-0.33599213295405445
C1COCCN1CCNC(=O)CCC(SCCCCCCCCC)CSCCCCCCCCC,-0.2956239485255764
C1CCCN1CCNC(=O)CCC(SCCCCCCCCCC)CSCCCCCCCCCC,0.5190358294722863
C1CCCN1CCNC(=O)CCC(SCCCCCCCCCCC)CSCCCCCCCCCCC,0.5226644557523569
C1CCCN1CCNC(=O)CCC(SCCCCCCCCCCCC)CSCCCCCCCCCCCC,0.5253048266955376
C1CCCN1CCNC(=O)CCC(SCCCCCCCCCCCCCCCC)CSCCCCCCCCCCCCCCCC,0.5338618038925862
C1CCCN1CCNC(=O)CCC(SCCCCCC)CSCCCCCC,0.4790092546126747
C1CCCN1CCNC(=O)CCC(SCCCCCCC)CSCCCCCCC,0.4906337487369217
C1CCCN1CCNC(=O)CCC(SCCCCCCCC)CSCCCCCCCC,0.4973776934575324
C1CCCN1CCNC(=O)CCC(SCCCCCCCCC)CSCCCCCCCCC,0.5149299028477822
CCN(CC)CCNC(=O)CCC(SCCCCCCCCCC)CSCCCCCCCCCC,0.45657899758023446
CCN(CC)CCNC(=O)CCC(SCCCCCCCCCCC)CSCCCCCCCCCCC,0.46316169781908034
CCN(CC)CCNC(=O)CCC(SCCCCCCCCCCCC)CSCCCCCCCCCCCC,0.4685032861177517
CCN(CC)CCNC(=O)CCC(SCCCCCCCCCCCCCCCC)CSCCCCCCCCCCCCCCCC,0.48614308694148334
CCN(CC)CCNC(=O)CCC(SCCCCCC)CSCCCCCC,0.3913628717276973
CCN(CC)CCNC(=O)CCC(SCCCCCCC)CSCCCCCCC,0.4108668720060109
CCN(CC)CCNC(=O)CCC(SCCCCCCCC)CSCCCCCCCC,0.42403036637974384
CCN(CC)CCNC(=O)CCC(SCCCCCCCCC)CSCCCCCCCCC,0.44858783543020625
CCN(CC)CCCNC(=O)CCC(SCCCCCCCCCC)CSCCCCCCCCCC,0.5088975007784171
CCN(CC)CCCNC(=O)CCC(SCCCCCCCCCCC)CSCCCCCCCCCCC,0.5123653591027125
CCN(CC)CCCNC(=O)CCC(SCCCCCCCCCCCC)CSCCCCCCCCCCCC,0.5155822073619333
CCN(CC)CCCNC(=O)CCC(SCCCCCCCCCCCCCCCC)CSCCCCCCCCCCCCCCCC,0.5260171734843908
CCN(CC)CCCNC(=O)CCC(SCCCCCC)CSCCCCCC,0.46791173866728747
CCN(CC)CCCNC(=O)CCC(SCCCCCCC)CSCCCCCCC,0.479769343349121
CCN(CC)CCCNC(=O)CCC(SCCCCCCCC)CSCCCCCCCC,0.4873067038425828
CCN(CC)CCCNC(=O)CCC(SCCCCCCCCC)CSCCCCCCCCC,0.5050332323964398
CN(C)CCCNC(=O)CCC(SCCCCCCCCCC)CSCCCCCCCCCC,0.5089330019646499
CN(C)CCCNC(=O)CCC(SCCCCCCCCCCC)CSCCCCCCCCCCC,0.5125670487278532
CN(C)CCCNC(=O)CCC(SCCCCCCCCCCCC)CSCCCCCCCCCCCC,0.5158283926013622
CN(C)CCCNC(=O)CCC(SCCCCCCCCCCCCCCCC)CSCCCCCCCCCCCCCCCC,0.5266781150321052
CN(C)CCCNC(=O)CCC(SCCCCCC)CSCCCCCC,0.46449424318352855
CN(C)CCCNC(=O)CCC(SCCCCCCC)CSCCCCCCC,0.47759838028866947
CN(C)CCCNC(=O)CCC(SCCCCCCCC)CSCCCCCCCC,0.48649902207291507
CN(C)CCCNC(=O)CCC(SCCCCCCCCC)CSCCCCCCCCC,0.5048682352725061
C1CN(CCN(C)C)CCN1C(=O)CCC(SCCCCCCCCCC)CSCCCCCCCCCC,0.5132295389850341
C1CN(CCN(C)C)CCN1C(=O)CCC(SCCCCCCCCCCC)CSCCCCCCCCCCC,0.5162651882366712
C1CN(CCN(C)C)CCN1C(=O)CCC(SCCCCCCCCCCCC)CSCCCCCCCCCCCC,0.5190189723654006
C1CN(CCN(C)C)CCN1C(=O)CCC(SCCCCCCCCCCCCCCCC)CSCCCCCCCCCCCCCCCC,0.5279617569168604
C1CN(CCN(C)C)CCN1C(=O)CCC(SCCCCCC)CSCCCCCC,0.47446796193083063
C1CN(CCN(C)C)CCN1C(=O)CCC(SCCCCCCC)CSCCCCCCC,0.48516349842103124
C1CN(CCN(C)C)CCN1C(=O)CCC(SCCCCCCCC)CSCCCCCCCC,0.4924039832229097
C1CN(CCN(C)C)CCN1C(=O)CCC(SCCCCCCCCC)CSCCCCCCCCC,0.5093481752331762
CN(C)CCNC(=O)CCCC(SCCCCCCCCCC)CSCCCCCCCCCC,0.4625343215707655
CN(C)CCNC(=O)CCCC(SCCCCCCCCCCC)CSCCCCCCCCCCC,0.4689505057590855
CN(C)CCNC(=O)CCCC(SCCCCCCCCCCCC)CSCCCCCCCCCCCC,0.47436014792566095
CN(C)CCNC(=O)CCCC(SCCCCCCCCCCCCCCCC)CSCCCCCCCCCCCCCCCC,0.4918794770226214
CN(C)CCNC(=O)CCCC(SCCCCCC)CSCCCCCC,0.3954086369460017
CN(C)CCNC(=O)CCCC(SCCCCCCC)CSCCCCCCC,0.4152898968937862
CN(C)CCNC(=O)CCCC(SCCCCCCCC)CSCCCCCCCC,0.4286556169843982
CN(C)CCNC(=O)CCCC(SCCCCCCCCC)CSCCCCCCCCC,0.4541246206874086
C1COCCN1CCNC(=O)CCCC(SCCCCCCCCCC)CSCCCCCCCCCC,-0.23416058397342662
C1COCCN1CCNC(=O)CCCC(SCCCCCCCCCCC)CSCCCCCCCCCCC,-0.19511985203788187
C1COCCN1CCNC(=O)CCCC(SCCCCCCCCCCCC)CSCCCCCCCCCCCC,-0.1625768200177702
C1COCCN1CCNC(=O)CCCC(SCCCCCCCCCCCCCCCC)CSCCCCCCCCCCCCCCCC,-0.05417725747821348
C1COCCN1CCNC(=O)CCCC(SCCCCCC)CSCCCCCC,-0.3919419428909997
C1COCCN1CCNC(=O)CCCC(SCCCCCCC)CSCCCCCCC,-0.35304479419272655
C1COCCN1CCNC(=O)CCCC(SCCCCCCCC)CSCCCCCCCC,-0.31983602558212915
C1COCCN1CCNC(=O)CCCC(SCCCCCCCCC)CSCCCCCCCCC,-0.2783039859895568
C1CCCN1CCNC(=O)CCCC(SCCCCCCCCCC)CSCCCCCCCCCC,0.5205913889999143
C1CCCN1CCNC(=O)CCCC(SCCCCCCCCCCC)CSCCCCCCCCCCC,0.5239291557290214
C1CCCN1CCNC(=O)CCCC(SCCCCCCCCCCCC)CSCCCCCCCCCCCC,0.5264246627713334
C1CCCN1CCNC(=O)CCCC(SCCCCCCCCCCCCCCCC)CSCCCCCCCCCCCCCCCC,0.5346025039778267
C1CCCN1CCNC(=O)CCCC(SCCCCCC)CSCCCCCC,0.4826523553696823
C1CCCN1CCNC(=O)CCCC(SCCCCCCC)CSCCCCCCC,0.4933851204528283
C1CCCN1CCNC(=O)CCCC(SCCCCCCCC)CSCCCCCCCC,0.49974605740921735
C1CCCN1CCNC(=O)CCCC(SCCCCCCCCC)CSCCCCCCCCC,0.516661419597107
CCN(CC)CCNC(=O)CCCC(SCCCCCCCCCC)CSCCCCCCCCCC,0.4600558801154598
CCN(CC)CCNC(=O)CCCC(SCCCCCCCCCCC)CSCCCCCCCCCCC,0.46589409784402197
CCN(CC)CCNC(=O)CCCC(SCCCCCCCCCCCC)CSCCCCCCCCCCCC,0.4709720183560173
CCN(CC)CCNC(=O)CCCC(SCCCCCCCCCCCCCCCC)CSCCCCCCCCCCCCCCCC,0.48783040590526344
CCN(CC)CCNC(=O)CCCC(SCCCCCC)CSCCCCCC,0.3987709745464528
CCN(CC)CCNC(=O)CCCC(SCCCCCCC)CSCCCCCCC,0.4170840172450079
CCN(CC)CCNC(=O)CCCC(SCCCCCCCC)CSCCCCCCCC,0.4294594269803996
CCN(CC)CCNC(=O)CCCC(SCCCCCCCCC)CSCCCCCCCCC,0.4524763172890352
CCN(CC)CCCNC(=O)CCCC(SCCCCCCCCCC)CSCCCCCCCCCC,0.5104328079514828
CCN(CC)CCCNC(=O)CCCC(SCCCCCCCCCCC)CSCCCCCCCCCCC,0.5137371582955623
CCN(CC)CCCNC(=O)CCCC(SCCCCCCCCCCCC)CSCCCCCCCCCCCC,0.5168282036935021
CCN(CC)CCCNC(=O)CCCC(SCCCCCCCCCCCCCCCC)CSCCCCCCCCCCCCCCCC,0.5268210728290152
CCN(CC)CCCNC(=O)CCCC(SCCCCCC)CSCCCCCC,0.47174747505563147
CCN(CC)CCCNC(=O)CCCC(SCCCCCCC)CSCCCCCCC,0.4830216630117001
CCN(CC)CCCNC(=O)CCCC(SCCCCCCCC)CSCCCCCCCC,0.4899829035836141
CCN(CC)CCCNC(=O)CCCC(SCCCCCCCCC)CSCCCCCCCCC,0.5068059686438737
CN(C)CCCNC(=O)CCCC(SCCCCCCCCCC)CSCCCCCCCCCC,0.5104686665322078
CN(C)CCCNC(=O)CCCC(SCCCCCCCCCCC)CSCCCCCCCCCCC,0.5139261604162272
CN(C)CCCNC(=O)CCCC(SCCCCCCCCCCCC)CSCCCCCCCCCCCC,0.5170905312508322
CN(C)CCCNC(=O)CCCC(SCCCCCCCCCCCCCCCC)CSCCCCCCCCCCCCCCCC,0.5275462262538417
CN(C)CCCNC(=O)CCCC(SCCCCCC)CSCCCCCC,0.46865711466380183
CN(C)CCCNC(=O)CCCC(SCCCCCCC)CSCCCCCCC,0.48096753816734816
CN(C)CCCNC(=O)CCCC(SCCCCCCCC)CSCCCCCCCC,0.48930468796877313
CN(C)CCCNC(=O)CCCC(SCCCCCCCCC)CSCCCCCCCCC,0.5066042194529844
C1CN(CCN(C)C)CCN1C(=O)CCCC(SCCCCCCCCCC)CSCCCCCCCCCC,0.5134037688000183
C1CN(CCN(C)C)CCN1C(=O)CCCC(SCCCCCCCCCCC)CSCCCCCCCCCCC,0.5164331636480406
C1CN(CCN(C)C)CCN1C(=O)CCCC(SCCCCCCCCCCCC)CSCCCCCCCCCCCC,0.5191406056242717
C1CN(CCN(C)C)CCN1C(=O)CCCC(SCCCCCCCCCCCCCCCC)CSCCCCCCCCCCCCCCCC,0.5279250644156535
C1CN(CCN(C)C)CCN1C(=O)CCCC(SCCCCCC)CSCCCCCC,0.4760729014641413
C1CN(CCN(C)C)CCN1C(=O)CCCC(SCCCCCCC)CSCCCCCCC,0.48635621319037675
C1CN(CCN(C)C)CCN1C(=O)CCCC(SCCCCCCCC)CSCCCCCCCC,0.4933291286490385
C1CN(CCN(C)C)CCN1C(=O)CCCC(SCCCCCCCCC)CSCCCCCCCCC,0.5097550688626316
N(CCCCCCCCCC)(CCCCCCCCCC)CCOP(=O)([O-])OCCCCCCCCCC,0.5006617616641753
N(CCCCCCCCCC)(CCCCCCCCCC)CCOP(=O)([O-])OCCCCCCCCCCC,0.5030269388483041
N(CCCCCCCCCC)(CCCCCCCCCC)CCOP(=O)([O-])OCCCCCCCCCCCC,0.5052630966207216
N(CCCCCCCCCC)(CCCCCCCCCC)CCOP(=O)([O-])OCCCCCCCCCCCCC,0.5072229288848615
N(CCCCCCCCCC)(CCCCCCCCCC)CCOP(=O)([O-])OCCCCCCCCCCCCCC,0.5089176935672307
N(CCCCCCCCCC)(CCCCCCCCCC)CCOP(=O)([O-])OCCCCCCCCCCCCCCC,0.5104493076638762
N(CCCCCCCCCC)(CCCCCCCCCC)CCOP(=O)([O-])OCCCCCCCCCCCCCCCC,0.5119111702687794
N(CCCCCCCCCC)(CCCCCCCCCC)CCOP(=O)([O-])OCCCC,0.37545795311809277
N(CCCCCCCCCC)(CCCCCCCCCC)CCOP(=O)([O-])OCCCCC,0.38971293027123427
N(CCCCCCCCCC)(CCCCCCCCCC)CCOP(=O)([O-])OCCCCCC,0.4016671803803539
N(CCCCCCCCCC)(CCCCCCCCCC)CCOP(=O)([O-])OCCCCCCC,0.4402508941089017
N(CCCCCCCCCC)(CCCCCCCCCC)CCOP(=O)([O-])OCCCCCCCC,0.4617006691346592
N(CCCCCCCCCC)(CCCCCCCCCC)CCOP(=O)([O-])OCCCCCCCCC,0.49816381242616614
N(CCCCCCCCCCC)(CCCCCCCCCCC)CCOP(=O)([O-])OCCCCCCCCCC,0.5052630966207216
N(CCCCCCCCCCC)(CCCCCCCCCCC)CCOP(=O)([O-])OCCCCCCCCCCC,0.5072228693191128
N(CCCCCCCCCCC)(CCCCCCCCCCC)CCOP(=O)([O-])OCCCCCCCCCCCC,0.5089177531329794
N(CCCCCCCCCCC)(CCCCCCCCCCC)CCOP(=O)([O-])OCCCCCCCCCCCCC,0.5104494267953736
N(CCCCCCCCCCC)(CCCCCCCCCCC)CCOP(=O)([O-])OCCCCCCCCCCCCCC,0.5119112894002769
N(CCCCCCCCCCC)(CCCCCCCCCCC)CCOP(=O)([O-])OCCCCCCCCCCCCCCC,0.5133082253390833
N(CCCCCCCCCCC)(CCCCCCCCCCC)CCOP(=O)([O-])OCCCCCCCCCCCCCCCC,0.5146608443608477
N(CCCCCCCCCCC)(CCCCCCCCCCC)CCOP(=O)([O-])OCCCC,0.3897178146626287
N(CCCCCCCCCCC)(CCCCCCCCCCC)CCOP(=O)([O-])OCCCCC,0.40262449131078754
N(CCCCCCCCCCC)(CCCCCCCCCCC)CCOP(=O)([O-])OCCCCCC,0.4136346540856878
N(CCCCCCCCCCC)(CCCCCCCCCCC)CCOP(=O)([O-])OCCCCCCC,0.4485459904917357
N(CCCCCCCCCCC)(CCCCCCCCCCC)CCOP(=O)([O-])OCCCCCCCC,0.46861080229417784
N(CCCCCCCCCCC)(CCCCCCCCCCC)CCOP(=O)([O-])OCCCCCCCCC,0.5030269984140527
N(CCCCCCCCCCCC)(CCCCCCCCCCCC)CCOP(=O)([O-])OCCCCCCCCCC,0.5089177531329794
N(CCCCCCCCCCCC)(CCCCCCCCCCCC)CCOP(=O)([O-])OCCCCCCCCCCC,0.510449367229625
N(CCCCCCCCCCCC)(CCCCCCCCCCCC)CCOP(=O)([O-])OCCCCCCCCCCCC,0.5119112894002769
N(CCCCCCCCCCCC)(CCCCCCCCCCCC)CCOP(=O)([O-])OCCCCCCCCCCCCC,0.5133082253390833
N(CCCCCCCCCCCC)(CCCCCCCCCCCC)CCOP(=O)([O-])OCCCCCCCCCCCCCC,0.5146609039265964
N(CCCCCCCCCCCC)(CCCCCCCCCCCC)CCOP(=O)([O-])OCCCCCCCCCCCCCCC,0.5160151907893247
N(CCCCCCCCCCCC)(CCCCCCCCCCCC)CCOP(=O)([O-])OCCCCCCCCCCCCCCCC,0.5173130688880222
N(CCCCCCCCCCCC)(CCCCCCCCCCCC)CCOP(=O)([O-])OCCCC,0.4023856624413246
N(CCCCCCCCCCCC)(CCCCCCCCCCCC)CCOP(=O)([O-])OCCCCC,0.4141788765487999
N(CCCCCCCCCCCC)(CCCCCCCCCCCC)CCOP(=O)([O-])OCCCCCC,0.42430508361280606
N(CCCCCCCCCCCC)(CCCCCCCCCCCC)CCOP(=O)([O-])OCCCCCCC,0.45593333464706487
N(CCCCCCCCCCCC)(CCCCCCCCCCCC)CCOP(=O)([O-])OCCCCCCCC,0.47480915453945605
N(CCCCCCCCCCCC)(CCCCCCCCCCCC)CCOP(=O)([O-])OCCCCCCCCC,0.5072229288848615
N(CCCCCCCCCCCCC)(CCCCCCCCCCCCC)CCOP(=O)([O-])OCCCCCCCCCC,0.5119112298345281
N(CCCCCCCCCCCCC)(CCCCCCCCCCCCC)CCOP(=O)([O-])OCCCCCCCCCCC,0.5133082253390833
N(CCCCCCCCCCCCC)(CCCCCCCCCCCCC)CCOP(=O)([O-])OCCCCCCCCCCCC,0.5146609634923451
N(CCCCCCCCCCCCC)(CCCCCCCCCCCCC)CCOP(=O)([O-])OCCCCCCCCCCCCC,0.5160151907893247
N(CCCCCCCCCCCCC)(CCCCCCCCCCCCC)CCOP(=O)([O-])OCCCCCCCCCCCCCC,0.517313128453771
N(CCCCCCCCCCCCC)(CCCCCCCCCCCCC)CCOP(=O)([O-])OCCCCCCCCCCCCCCC,0.5185582312991092
N(CCCCCCCCCCCCC)(CCCCCCCCCCCCC)CCOP(=O)([O-])OCCCCCCCCCCCCCCCC,0.5197532393497801
N(CCCCCCCCCCCCC)(CCCCCCCCCCCCC)CCOP(=O)([O-])OCCCC,0.4135623710496251
N(CCCCCCCCCCCCC)(CCCCCCCCCCCCC)CCOP(=O)([O-])OCCCCC,0.42451946074242247
N(CCCCCCCCCCCCC)(CCCCCCCCCCCCC)CCOP(=O)([O-])OCCCCCC,0.43365279612401364
N(CCCCCCCCCCCCC)(CCCCCCCCCCCCC)CCOP(=O)([O-])OCCCCCCC,0.46243675287437436
N(CCCCCCCCCCCCC)(CCCCCCCCCCCCC)CCOP(=O)([O-])OCCCCCCCC,0.4801053835204828
N(CCCCCCCCCCCCC)(CCCCCCCCCCCCC)CCOP(=O)([O-])OCCCCCCCCC,0.5104494267953736
[N+](CCCC)(CCCC)(CCCC)CCOP(=O)([O-])OCCCCCCCCCC,0.36000296439138846
[N+](CCCC)(CCCC)(CCCC)CCOP(=O)([O-])OCCCCCCCCCCC,0.36837621103653323
[N+](CCCC)(CCCC)(CCCC)CCOP(=O)([O-])OCCCCCCCCCCCC,0.37613816418551566
[N+](CCCC)(CCCC)(CCCC)CCOP(=O)([O-])OCCCCCCCCCCCCC,0.38342886291355877
[N+](CCCC)(CCCC)(CCCC)CCOP(=O)([O-])OCCCCCCCCCCCCCC,0.390234964492951
[N+](CCCC)(CCCC)(CCCC)CCOP(=O)([O-])OCCCCCCCCCCCCCCC,0.3966414990299795
[N+](CCCC)(CCCC)(CCCC)CCOP(=O)([O-])OCCCCCCCCCCCCCCCC,0.40276021186922906
[N+](CCCC)(CCCC)(CCCC)CCOP(=O)([O-])OCCCC,0.14062022708189872
[N+](CCCC)(CCCC)(CCCC)CCOP(=O)([O-])OCCCCC,0.16674531772410342
[N+](CCCC)(CCCC)(CCCC)CCOP(=O)([O-])OCCCCCC,0.1903831809630673
[N+](CCCC)(CCCC)(CCCC)CCOP(=O)([O-])OCCCCCCC,0.25227023668580933
[N+](CCCC)(CCCC)(CCCC)CCOP(=O)([O-])OCCCCCCCC,0.29159682464942555
[N+](CCCC)(CCCC)(CCCC)CCOP(=O)([O-])OCCCCCCCCC,0.3509461412140185
[N+](CCCCCC)(CCCCCC)(CCCCCC)CCOP(=O)([O-])OCCCCCCCCCC,0.5185413146264748
[N+](CCCCCC)(CCCCCC)(CCCCCC)CCOP(=O)([O-])OCCCCCCCCCCC,0.5204774992883759
[N+](CCCCCC)(CCCCCC)(CCCCCC)CCOP(=O)([O-])OCCCCCCCCCCCC,0.5223742514246293
[N+](CCCCCC)(CCCCCC)(CCCCCC)CCOP(=O)([O-])OCCCCCCCCCCCCC,0.5241904706686233
[N+](CCCCCC)(CCCCCC)(CCCCCC)CCOP(=O)([O-])OCCCCCCCCCCCCCC,0.5259158521458308
[N+](CCCCCC)(CCCCCC)(CCCCCC)CCOP(=O)([O-])OCCCCCCCCCCCCCCC,0.5275570076543588
[N+](CCCCCC)(CCCCCC)(CCCCCC)CCOP(=O)([O-])OCCCCCCCCCCCCCCCC,0.5291198342033296
[N+](CCCCCC)(CCCCCC)(CCCCCC)CCOP(=O)([O-])OCCCC,0.38833216643320323
[N+](CCCCCC)(CCCCCC)(CCCCCC)CCOP(=O)([O-])OCCCCC,0.4029655350050412
[N+](CCCCCC)(CCCCCC)(CCCCCC)CCOP(=O)([O-])OCCCCCC,0.41535226223268823
[N+](CCCCCC)(CCCCCC)(CCCCCC)CCOP(=O)([O-])OCCCCCCC,0.4554700024707044
[N+](CCCCCC)(CCCCCC)(CCCCCC)CCOP(=O)([O-])OCCCCCCCC,0.4782502678425795
[N+](CCCCCC)(CCCCCC)(CCCCCC)CCOP(=O)([O-])OCCCCCCCCC,0.5164742640146522
[N+](CCCCCCCC)(CCCCCCCC)(CCCCCCCC)CCOP(=O)([O-])OCCCCCCCCCC,0.53350214590186
[N+](CCCCCCCC)(CCCCCCCC)(CCCCCCCC)CCOP(=O)([O-])OCCCCCCCCCCC,0.5348904448071031
[N+](CCCCCCCC)(CCCCCCCC)(CCCCCCCC)CCOP(=O)([O-])OCCCCCCCCCCCC,0.5361502008266246
[N+](CCCCCCCC)(CCCCCCCC)(CCCCCCCC)CCOP(=O)([O-])OCCCCCCCCCCCCC,0.5373418731953676
[N+](CCCCCCCC)(CCCCCCCC)(CCCCCCCC)CCOP(=O)([O-])OCCCCCCCCCCCCCC,0.5384820807572231
[N+](CCCCCCCC)(CCCCCCCC)(CCCCCCCC)CCOP(=O)([O-])OCCCCCCCCCCCCCCC,0.5394815344548708
[N+](CCCCCCCC)(CCCCCCCC)(CCCCCCCC)CCOP(=O)([O-])OCCCCCCCCCCCCCCCC,0.5402195540814192
[N+](CCCCCCCC)(CCCCCCCC)(CCCCCCCC)CCOP(=O)([O-])OCCCC,0.43102502333668563
[N+](CCCCCCCC)(CCCCCCCC)(CCCCCCCC)CCOP(=O)([O-])OCCCCC,0.44184576703067996
[N+](CCCCCCCC)(CCCCCCCC)(CCCCCCCC)CCOP(=O)([O-])OCCCCCC,0.4504580808082826
[N+](CCCCCCCC)(CCCCCCCC)(CCCCCCCC)CCOP(=O)([O-])OCCCCCCC,0.4811387599120223
[N+](CCCCCCCC)(CCCCCCCC)(CCCCCCCC)CCOP(=O)([O-])OCCCCCCCC,0.4998650102093963
[N+](CCCCCCCC)(CCCCCCCC)(CCCCCCCC)CCOP(=O)([O-])OCCCCCCCCC,0.5320460611745819
[N+](CCCCCCCCCC)(CCCCCCCCCC)(CCCCCCCCCC)CCOP(=O)([O-])OCCCCCCCCCC,0.5424589879700158
[N+](CCCCCCCCCC)(CCCCCCCCCC)(CCCCCCCCCC)CCOP(=O)([O-])OCCCCCCCCCCC,0.543121418661448
[N+](CCCCCCCCCC)(CCCCCCCCCC)(CCCCCCCCCC)CCOP(=O)([O-])OCCCCCCCCCCCC,0.5438326337010757
[N+](CCCCCCCCCC)(CCCCCCCCCC)(CCCCCCCCCC)CCOP(=O)([O-])OCCCCCCCCCCCCC,0.5444974470224564
[N+](CCCCCCCCCC)(CCCCCCCCCC)(CCCCCCCCCC)CCOP(=O)([O-])OCCCCCCCCCCCCCC,0.5451211004114767
[N+](CCCCCCCCCC)(CCCCCCCCCC)(CCCCCCCCCC)CCOP(=O)([O-])OCCCCCCCCCCCCCCC,0.5457212848955042
[N+](CCCCCCCCCC)(CCCCCCCCCC)(CCCCCCCCCC)CCOP(=O)([O-])OCCCCCCCCCCCCCCCC,0.5462991322237646
[N+](CCCCCCCCCC)(CCCCCCCCCC)(CCCCCCCCCC)CCOP(=O)([O-])OCCCC,0.45734254113010614
[N+](CCCCCCCCCC)(CCCCCCCCCC)(CCCCCCCCCC)CCOP(=O)([O-])OCCCCC,0.46530246104493467
[N+](CCCCCCCCCC)(CCCCCCCCCC)(CCCCCCCCCC)CCOP(=O)([O-])OCCCCCC,0.47215984873396843
[N+](CCCCCCCCCC)(CCCCCCCCCC)(CCCCCCCCCC)CCOP(=O)([O-])OCCCCCCC,0.498154937129608
[N+](CCCCCCCCCC)(CCCCCCCCCC)(CCCCCCCCCC)CCOP(=O)([O-])OCCCCCCCC,0.5139969245256977
[N+](CCCCCCCCCC)(CCCCCCCCCC)(CCCCCCCCCC)CCOP(=O)([O-])OCCCCCCCCC,0.5417684422451914
[N+](CCCCCCCCCCCC)(CCCCCCCCCCCC)(CCCCCCCCCCCC)CCOP(=O)([O-])OCCCCCCCCCC,0.5462991917895132
[N+](CCCCCCCCCCCC)(CCCCCCCCCCCC)(CCCCCCCCCCCC)CCOP(=O)([O-])OCCCCCCCCCCC,0.5468560124084781
[N+](CCCCCCCCCCCC)(CCCCCCCCCCCC)(CCCCCCCCCCCC)CCOP(=O)([O-])OCCCCCCCCCCCC,0.5473931167646191
[N+](CCCCCCCCCCCC)(CCCCCCCCCCCC)(CCCCCCCCCCCC)CCOP(=O)([O-])OCCCCCCCCCCCCC,0.5479129470536335
[N+](CCCCCCCCCCCC)(CCCCCCCCCCCC)(CCCCCCCCCCCC)CCOP(=O)([O-])OCCCCCCCCCCCCCC,0.5484154437097725
[N+](CCCCCCCCCCCC)(CCCCCCCCCCCC)(CCCCCCCCCCCC)CCOP(=O)([O-])OCCCCCCCCCCCCCCC,0.5489009641275283
[N+](CCCCCCCCCCCC)(CCCCCCCCCCCC)(CCCCCCCCCCCC)CCOP(=O)([O-])OCCCCCCCCCCCCCCCC,0.5493704017931319
[N+](CCCCCCCCCCCC)(CCCCCCCCCCCC)(CCCCCCCCCCCC)CCOP(=O)([O-])OCCCC,0.47387849928157133
[N+](CCCCCCCCCCCC)(CCCCCCCCCCCC)(CCCCCCCCCCCC)CCOP(=O)([O-])OCCCCC,0.4802968278368449
[N+](CCCCCCCCCCCC)(CCCCCCCCCCCC)(CCCCCCCCCCCC)CCOP(=O)([O-])OCCCCCC,0.48575576066048004
[N+](CCCCCCCCCCCC)(CCCCCCCCCCCC)(CCCCCCCCCCCC)CCOP(=O)([O-])OCCCCCCC,0.5077600928067512
[N+](CCCCCCCCCCCC)(CCCCCCCCCCCC)(CCCCCCCCCCCC)CCOP(=O)([O-])OCCCCCCCC,0.5214001131701844
[N+](CCCCCCCCCCCC)(CCCCCCCCCCCC)(CCCCCCCCCCCC)CCOP(=O)([O-])OCCCCCCCCC,0.5457212848955042
N(CCOP(=O)([O-])OCCCCCCCCCC)CCOCCOCCNCCOP(=O)([O-])OCCCCCCCCCC,0.052170953747165724
N(CCOP(=O)([O-])OCCCCCCCCCCC)CCOCCOCCNCCOP(=O)([O-])OCCCCCCCCCCC,0.07593033483636248
N(CCOP(=O)([O-])OCCCCCCCCCCCC)CCOCCOCCNCCOP(=O)([O-])OCCCCCCCCCCCC,0.09767088006446017
N(CCOP(=O)([O-])OCCCCCCCCCCCCC)CCOCCOCCNCCOP(=O)([O-])OCCCCCCCCCCCCC,0.11720904129966042
N(CCOP(=O)([O-])OCCCCCCCCCCCCCC)CCOCCOCCNCCOP(=O)([O-])OCCCCCCCCCCCCCC,0.13530675381661966
N(CCOP(=O)([O-])OCCCCCCCCCCCCCCC)CCOCCOCCNCCOP(=O)([O-])OCCCCCCCCCCCCCCC,0.15218992071733023
N(CCOP(=O)([O-])OCCCCCCCCCCCCCCCC)CCOCCOCCNCCOP(=O)([O-])OCCCCCCCCCCCCCCCC,0.1678754884573008
N(CCOP(=O)([O-])OCCCC)CCOCCOCCNCCOP(=O)([O-])OCCCC,-0.2979903170246795
N(CCOP(=O)([O-])OCCCCC)CCOCCOCCNCCOP(=O)([O-])OCCCCC,-0.23973486586944354
N(CCOP(=O)([O-])OCCCCCC)CCOCCOCCNCCOP(=O)([O-])OCCCCCC,-0.19251274856535708
N(CCOP(=O)([O-])OCCCCCCC)CCOCCOCCNCCOP(=O)([O-])OCCCCCCC,-0.11442258809495555
N(CCOP(=O)([O-])OCCCCCCCC)CCOCCOCCNCCOP(=O)([O-])OCCCCCCCC,-0.05796376277524658
N(CCOP(=O)([O-])OCCCCCCCCC)CCOCCOCCNCCOP(=O)([O-])OCCCCCCCCC,0.02639539491840621
N(CCOP(=O)([O-])OCCCCCCCCCC)CCCC,0.2197817966743927
N(CCOP(=O)([O-])OCCCCCCCCCCC)CCCC,0.23869201578666535
N(CCOP(=O)([O-])OCCCCCCCCCCCC)CCCC,0.25583980352603136
N(CCOP(=O)([O-])OCCCCCCCCCCCCC)CCCC,0.27122950819214675
N(CCOP(=O)([O-])OCCCCCCCCCCCCCC)CCCC,0.2846167910837927
N(CCOP(=O)([O-])OCCCCCCCCCCCCCCC)CCCC,0.2969699530120402
N(CCOP(=O)([O-])OCCCCCCCCCCCCCCCC)CCCC,0.308427067382405
N(CCOP(=O)([O-])OCCCC)CCCC,-0.10888228845857914
N(CCOP(=O)([O-])OCCCCC)CCCC,-0.062341007662277
N(CCOP(=O)([O-])OCCCCCC)CCCC,-0.02084217969747116
N(CCOP(=O)([O-])OCCCCCCC)CCCC,0.06256270491893239
N(CCOP(=O)([O-])OCCCCCCCC)CCCC,0.11853819141643204
N(CCOP(=O)([O-])OCCCCCCCCC)CCCC,0.20078282459653837
C8CN(CCOP(=O)([O-])OCCCCCCCCCC)CCN8CCN(CCOP(=O)([O-])OCCCCCCCCCC)[H],0.17427943188426034
C8CN(CCOP(=O)([O-])OCCCCCCCCCCC)CCN8CCN(CCOP(=O)([O-])OCCCCCCCCCCC)[H],0.19327432370832787
C8CN(CCOP(=O)([O-])OCCCCCCCCCCCC)CCN8CCN(CCOP(=O)([O-])OCCCCCCCCCCCC)[H],0.21142558583337967
C8CN(CCOP(=O)([O-])OCCCCCCCCCCCCC)CCN8CCN(CCOP(=O)([O-])OCCCCCCCCCCCCC)[H],0.22887126188205711
C8CN(CCOP(=O)([O-])OCCCCCCCCCCCCCC)CCN8CCN(CCOP(=O)([O-])OCCCCCCCCCCCCCC)[H],0.24503952066671975
C8CN(CCOP(=O)([O-])OCCCCCCCCCCCCCCC)CCN8CCN(CCOP(=O)([O-])OCCCCCCCCCCCCCCC)[H],0.26023700666173977
C8CN(CCOP(=O)([O-])OCCCCCCCCCCCCCCCC)CCN8CCN(CCOP(=O)([O-])OCCCCCCCCCCCCCCCC)[H],0.27372483653721247
C8CN(CCOP(=O)([O-])OCCCC)CCN8CCN(CCOP(=O)([O-])OCCCC)[H],-0.1648058596832165
C8CN(CCOP(=O)([O-])OCCCCC)CCN8CCN(CCOP(=O)([O-])OCCCCC)[H],-0.11506875733698918
C8CN(CCOP(=O)([O-])OCCCCCC)CCN8CCN(CCOP(=O)([O-])OCCCCCC)[H],-0.07351989042040552
C8CN(CCOP(=O)([O-])OCCCCCCC)CCN8CCN(CCOP(=O)([O-])OCCCCCCC)[H],0.010182254272803486
C8CN(CCOP(=O)([O-])OCCCCCCCC)CCN8CCN(CCOP(=O)([O-])OCCCCCCCC)[H],0.0700218295243195
C8CN(CCOP(=O)([O-])OCCCCCCCCC)CCN8CCN(CCOP(=O)([O-])OCCCCCCCCC)[H],0.15359031146956204
C8CN(CCOP(=O)([O-])OCCCCCCCCCC)CCN8CCN(CCOP(=O)([O-])OCCCCCCCCCC)CCOP(=O)([O-])OCCCCCCCCCC,0.12793534349907107
C8CN(CCOP(=O)([O-])OCCCCCCCCCCC)CCN8CCN(CCOP(=O)([O-])OCCCCCCCCCCC)CCOP(=O)([O-])OCCCCCCCCCCC,0.15030219279200677
C8CN(CCOP(=O)([O-])OCCCCCCCCCCCC)CCN8CCN(CCOP(=O)([O-])OCCCCCCCCCCCC)CCOP(=O)([O-])OCCCCCCCCCCCC,0.17076323595488474
C8CN(CCOP(=O)([O-])OCCCCCCCCCCCCC)CCN8CCN(CCOP(=O)([O-])OCCCCCCCCCCCCC)CCOP(=O)([O-])OCCCCCCCCCCCCC,0.18901007132374584
C8CN(CCOP(=O)([O-])OCCCCCCCCCCCCCC)CCN8CCN(CCOP(=O)([O-])OCCCCCCCCCCCCCC)CCOP(=O)([O-])OCCCCCCCCCCCCCC,0.2063609187004729
C8CN(CCOP(=O)([O-])OCCCCCCCCCCCCCCC)CCN8CCN(CCOP(=O)([O-])OCCCCCCCCCCCCCCC)CCOP(=O)([O-])OCCCCCCCCCCCCCCC,0.2231711175590106
C8CN(CCOP(=O)([O-])OCCCCCCCCCCCCCCCC)CCN8CCN(CCOP(=O)([O-])OCCCCCCCCCCCCCCCC)CCOP(=O)([O-])OCCCCCCCCCCCCCCCC,0.2390508994226584
C8CN(CCOP(=O)([O-])OCCCC)CCN8CCN(CCOP(=O)([O-])OCCCC)CCOP(=O)([O-])OCCCC,-0.25300959927889716
C8CN(CCOP(=O)([O-])OCCCCC)CCN8CCN(CCOP(=O)([O-])OCCCCC)CCOP(=O)([O-])OCCCCC,-0.1885293189030803
C8CN(CCOP(=O)([O-])OCCCCCC)CCN8CCN(CCOP(=O)([O-])OCCCCCC)CCOP(=O)([O-])OCCCCCC,-0.14041341753956219
C8CN(CCOP(=O)([O-])OCCCCCCC)CCN8CCN(CCOP(=O)([O-])OCCCCCCC)CCOP(=O)([O-])OCCCCCCC,-0.05386474577759314
C8CN(CCOP(=O)([O-])OCCCCCCCC)CCN8CCN(CCOP(=O)([O-])OCCCCCCCC)CCOP(=O)([O-])OCCCCCCCC,0.011252501862796048
C8CN(CCOP(=O)([O-])OCCCCCCCCC)CCN8CCN(CCOP(=O)([O-])OCCCCCCCCC)CCOP(=O)([O-])OCCCCCCCCC,0.10345450578432731
N(CCOP(=O)([O-])OCCCCCCCCCC)([H])CCCN(CCOP(=O)([O-])OCCCCCCCCCC)CCCN(C)C,0.2978284443653597
N(CCOP(=O)([O-])OCCCCCCCCCCC)([H])CCCN(CCOP(=O)([O-])OCCCCCCCCCCC)CCCN(C)C,0.31178392493397455
N(CCOP(=O)([O-])OCCCCCCCCCCCC)([H])CCCN(CCOP(=O)([O-])OCCCCCCCCCCCC)CCCN(C)C,0.32457421010914905
N(CCOP(=O)([O-])OCCCCCCCCCCCCC)([H])CCCN(CCOP(=O)([O-])OCCCCCCCCCCCCC)CCCN(C)C,0.3363712662074163
N(CCOP(=O)([O-])OCCCCCCCCCCCCCC)([H])CCCN(CCOP(=O)([O-])OCCCCCCCCCCCCCC)CCCN(C)C,0.3472078543905682
N(CCOP(=O)([O-])OCCCCCCCCCCCCCCC)([H])CCCN(CCOP(=O)([O-])OCCCCCCCCCCCCCCC)CCCN(C)C,0.3571341588018951
N(CCOP(=O)([O-])OCCCCCCCCCCCCCCCC)([H])CCCN(CCOP(=O)([O-])OCCCCCCCCCCCCCCCC)CCCN(C)C,0.36635350712462716
N(CCOP(=O)([O-])OCCCC)([H])CCCN(CCOP(=O)([O-])OCCCC)CCCN(C)C,-0.021389320882270198
N(CCOP(=O)([O-])OCCCCC)([H])CCCN(CCOP(=O)([O-])OCCCCC)CCCN(C)C,0.02376723495371152
N(CCOP(=O)([O-])OCCCCCC)([H])CCCN(CCOP(=O)([O-])OCCCCCC)CCCN(C)C,0.06201243653232594
N(CCOP(=O)([O-])OCCCCCCC)([H])CCCN(CCOP(=O)([O-])OCCCCCCC)CCCN(C)C,0.14162414821069988
N(CCOP(=O)([O-])OCCCCCCCC)([H])CCCN(CCOP(=O)([O-])OCCCCCCCC)CCCN(C)C,0.1951180027624784
N(CCOP(=O)([O-])OCCCCCCCCC)([H])CCCN(CCOP(=O)([O-])OCCCCCCCCC)CCCN(C)C,0.2825973930709401
N(CCOP(=O)([O-])OCCCCCCCCCC)(CCOP(=O)([O-])OCCCCCCCCCC)CCCN(CCOP(=O)([O-])OCCCCCCCCCC)CCCN(C)C,0.21381688259831896
N(CCOP(=O)([O-])OCCCCCCCCCCC)(CCOP(=O)([O-])OCCCCCCCCCCC)CCCN(CCOP(=O)([O-])OCCCCCCCCCCC)CCCN(C)C,0.2341075379370047
N(CCOP(=O)([O-])OCCCCCCCCCCCC)(CCOP(=O)([O-])OCCCCCCCCCCCC)CCCN(CCOP(=O)([O-])OCCCCCCCCCCCC)CCCN(C)C,0.2523661673241109
N(CCOP(=O)([O-])OCCCCCCCCCCCCC)(CCOP(=O)([O-])OCCCCCCCCCCCCC)CCCN(CCOP(=O)([O-])OCCCCCCCCCCCCC)CCCN(C)C,0.2682714135453333
N(CCOP(=O)([O-])OCCCCCCCCCCCCCC)(CCOP(=O)([O-])OCCCCCCCCCCCCCC)CCCN(CCOP(=O)([O-])OCCCCCCCCCCCCCC)CCCN(C)C,0.2827537829441849
N(CCOP(=O)([O-])OCCCCCCCCCCCCCCC)(CCOP(=O)([O-])OCCCCCCCCCCCCCCC)CCCN(CCOP(=O)([O-])OCCCCCCCCCCCCCCC)CCCN(C)C,0.29606991454899373
N(CCOP(=O)([O-])OCCCCCCCCCCCCCCCC)(CCOP(=O)([O-])OCCCCCCCCCCCCCCCC)CCCN(CCOP(=O)([O-])OCCCCCCCCCCCCCCCC)CCCN(C)C,0.30828679004418696
N(CCOP(=O)([O-])OCCCC)(CCOP(=O)([O-])OCCCC)CCCN(CCOP(=O)([O-])OCCCC)CCCN(C)C,-0.14207461692253184
N(CCOP(=O)([O-])OCCCCC)(CCOP(=O)([O-])OCCCCC)CCCN(CCOP(=O)([O-])OCCCCC)CCCN(C)C,-0.09143059626928174
N(CCOP(=O)([O-])OCCCCCC)(CCOP(=O)([O-])OCCCCCC)CCCN(CCOP(=O)([O-])OCCCCCC)CCCN(C)C,-0.048304104438031396
N(CCOP(=O)([O-])OCCCCCCC)(CCOP(=O)([O-])OCCCCCCC)CCCN(CCOP(=O)([O-])OCCCCCCC)CCCN(C)C,0.042389155842215476
N(CCOP(=O)([O-])OCCCCCCCC)(CCOP(=O)([O-])OCCCCCCCC)CCCN(CCOP(=O)([O-])OCCCCCCCC)CCCN(C)C,0.1034449752645333
N(CCOP(=O)([O-])OCCCCCCCCC)(CCOP(=O)([O-])OCCCCCCCCC)CCCN(CCOP(=O)([O-])OCCCCCCCCC)CCCN(C)C,0.19214132360206662
N(CCOP(=O)([O-])OCCCCCCCCCC)([H])CCCN(C)CCCN(CCOP(=O)([O-])OCCCCCCCCCC),0.3200652616288559
N(CCOP(=O)([O-])OCCCCCCCCCCC)([H])CCCN(C)CCCN(CCOP(=O)([O-])OCCCCCCCCCCC),0.3332742642346052
N(CCOP(=O)([O-])OCCCCCCCCCCCC)([H])CCCN(C)CCCN(CCOP(=O)([O-])OCCCCCCCCCCCC),0.34549277778788806
N(CCOP(=O)([O-])OCCCCCCCCCCCCC)([H])CCCN(C)CCCN(CCOP(=O)([O-])OCCCCCCCCCCCCC),0.3564567771075361
N(CCOP(=O)([O-])OCCCCCCCCCCCCCC)([H])CCCN(C)CCCN(CCOP(=O)([O-])OCCCCCCCCCCCCCC),0.36647930998590805
N(CCOP(=O)([O-])OCCCCCCCCCCCCCCC)([H])CCCN(C)CCCN(CCOP(=O)([O-])OCCCCCCCCCCCCCCC),0.37583226428300237
N(CCOP(=O)([O-])OCCCCCCCCCCCCCCCC)([H])CCCN(C)CCCN(CCOP(=O)([O-])OCCCCCCCCCCCCCCCC),0.3845409554420219
N(CCOP(=O)([O-])OCCCC)([H])CCCN(C)CCCN(CCOP(=O)([O-])OCCCC),-0.0027152790329279496
N(CCOP(=O)([O-])OCCCCC)([H])CCCN(C)CCCN(CCOP(=O)([O-])OCCCCC),0.04259858901468877
N(CCOP(=O)([O-])OCCCCCC)([H])CCCN(C)CCCN(CCOP(=O)([O-])OCCCCCC),0.08087816375316961
N(CCOP(=O)([O-])OCCCCCCC)([H])CCCN(C)CCCN(CCOP(=O)([O-])OCCCCCCC),0.16334223715153295
N(CCOP(=O)([O-])OCCCCCCCC)([H])CCCN(C)CCCN(CCOP(=O)([O-])OCCCCCCCC),0.21756312144922238
N(CCOP(=O)([O-])OCCCCCCCCC)([H])CCCN(C)CCCN(CCOP(=O)([O-])OCCCCCCCCC),0.3058051022555764
N(CCOP(=O)([O-])OCCCCCCCCCC)(CCOP(=O)([O-])OCCCCCCCCCC)CCCN(C)CCCN(CCOP(=O)([O-])OCCCCCCCCCC),0.22653571865791278
N(CCOP(=O)([O-])OCCCCCCCCCCC)(CCOP(=O)([O-])OCCCCCCCCCCC)CCCN(C)CCCN(CCOP(=O)([O-])OCCCCCCCCCCC),0.24589530177847282
N(CCOP(=O)([O-])OCCCCCCCCCCCC)(CCOP(=O)([O-])OCCCCCCCCCCCC)CCCN(C)CCCN(CCOP(=O)([O-])OCCCCCCCCCCCC),0.26387123212218927
N(CCOP(=O)([O-])OCCCCCCCCCCCCC)(CCOP(=O)([O-])OCCCCCCCCCCCCC)CCCN(C)CCCN(CCOP(=O)([O-])OCCCCCCCCCCCCC),0.27963381837524515
N(CCOP(=O)([O-])OCCCCCCCCCCCCCC)(CCOP(=O)([O-])OCCCCCCCCCCCCCC)CCCN(C)CCCN(CCOP(=O)([O-])OCCCCCCCCCCCCCC),0.29356916572079517
N(CCOP(=O)([O-])OCCCCCCCCCCCCCCC)(CCOP(=O)([O-])OCCCCCCCCCCCCCCC)CCCN(C)CCCN(CCOP(=O)([O-])OCCCCCCCCCCCCCCC),0.30654955498298575
N(CCOP(=O)([O-])OCCCCCCCCCCCCCCCC)(CCOP(=O)([O-])OCCCCCCCCCCCCCCCC)CCCN(C)CCCN(CCOP(=O)([O-])OCCCCCCCCCCCCCCCC),0.3184041515945093
N(CCOP(=O)([O-])OCCCC)(CCOP(=O)([O-])OCCCC)CCCN(C)CCCN(CCOP(=O)([O-])OCCCC),-0.1369292977658683
N(CCOP(=O)([O-])OCCCCC)(CCOP(=O)([O-])OCCCCC)CCCN(C)CCCN(CCOP(=O)([O-])OCCCCC),-0.08517601395721891
N(CCOP(=O)([O-])OCCCCCC)(CCOP(=O)([O-])OCCCCCC)CCCN(C)CCCN(CCOP(=O)([O-])OCCCCCC),-0.03991072456982174
N(CCOP(=O)([O-])OCCCCCCC)(CCOP(=O)([O-])OCCCCCCC)CCCN(C)CCCN(CCOP(=O)([O-])OCCCCCCC),0.052874723068204385
N(CCOP(=O)([O-])OCCCCCCCC)(CCOP(=O)([O-])OCCCCCCCC)CCCN(C)CCCN(CCOP(=O)([O-])OCCCCCCCC),0.11528450174163261
N(CCOP(=O)([O-])OCCCCCCCCC)(CCOP(=O)([O-])OCCCCCCCCC)CCCN(C)CCCN(CCOP(=O)([O-])OCCCCCCCCC),0.20512266591623662
C8N(CCCN(CCOP(=O)([O-])OCCCCCCCCCC)([H]))CCN(CCCN(CCOP(=O)([O-])OCCCCCCCCCC)([H]))C8,0.3472844261605382
C8N(CCCN(CCOP(=O)([O-])OCCCCCCCCCCC)([H]))CCN(CCCN(CCOP(=O)([O-])OCCCCCCCCCCC)([H]))C8,0.35836445955867824
C8N(CCCN(CCOP(=O)([O-])OCCCCCCCCCCCC)([H]))CCN(CCCN(CCOP(=O)([O-])OCCCCCCCCCCCC)([H]))C8,0.3684684485984146
C8N(CCCN(CCOP(=O)([O-])OCCCCCCCCCCCCC)([H]))CCN(CCCN(CCOP(=O)([O-])OCCCCCCCCCCCCC)([H]))C8,0.377610242316323
C8N(CCCN(CCOP(=O)([O-])OCCCCCCCCCCCCCC)([H]))CCN(CCCN(CCOP(=O)([O-])OCCCCCCCCCCCCCC)([H]))C8,0.38615378743703693
C8N(CCCN(CCOP(=O)([O-])OCCCCCCCCCCCCCCC)([H]))CCN(CCCN(CCOP(=O)([O-])OCCCCCCCCCCCCCCC)([H]))C8,0.39410816773723517
C8N(CCCN(CCOP(=O)([O-])OCCCCCCCCCCCCCCCC)([H]))CCN(CCCN(CCOP(=O)([O-])OCCCCCCCCCCCCCCCC)([H]))C8,0.40160764441451574
C8N(CCCN(CCOP(=O)([O-])OCCCC)([H]))CCN(CCCN(CCOP(=O)([O-])OCCCC)([H]))C8,0.062204029763059825
C8N(CCCN(CCOP(=O)([O-])OCCCCC)([H]))CCN(CCCN(CCOP(=O)([O-])OCCCCC)([H]))C8,0.09908151612547055
C8N(CCCN(CCOP(=O)([O-])OCCCCCC)([H]))CCN(CCCN(CCOP(=O)([O-])OCCCCCC)([H]))C8,0.13091750270836439
C8N(CCCN(CCOP(=O)([O-])OCCCCCCC)([H]))CCN(CCCN(CCOP(=O)([O-])OCCCCCCC)([H]))C8,0.20399606912796198
C8N(CCCN(CCOP(=O)([O-])OCCCCCCCC)([H]))CCN(CCCN(CCOP(=O)([O-])OCCCCCCCC)([H]))C8,0.25680887869183566
C8N(CCCN(CCOP(=O)([O-])OCCCCCCCCC)([H]))CCN(CCCN(CCOP(=O)([O-])OCCCCCCCCC)([H]))C8,0.33522501272206656
C8N(CCCN(CCOP(=O)([O-])OCCCCCCCCCC)(CCOP(=O)([O-])OCCCCCCCCCC))CCN(CCCN(CCOP(=O)([O-])OCCCCCCCCCC)([H]))C8,0.2538246346813374
C8N(CCCN(CCOP(=O)([O-])OCCCCCCCCCCC)(CCOP(=O)([O-])OCCCCCCCCCCC))CCN(CCCN(CCOP(=O)([O-])OCCCCCCCCCCC)([H]))C8,0.27134226615445955
C8N(CCCN(CCOP(=O)([O-])OCCCCCCCCCCCC)(CCOP(=O)([O-])OCCCCCCCCCCCC))CCN(CCCN(CCOP(=O)([O-])OCCCCCCCCCCCC)([H]))C8,0.2866346403871787
C8N(CCCN(CCOP(=O)([O-])OCCCCCCCCCCCCC)(CCOP(=O)([O-])OCCCCCCCCCCCCC))CCN(CCCN(CCOP(=O)([O-])OCCCCCCCCCCCCC)([H]))C8,0.3000590625231469
C8N(CCCN(CCOP(=O)([O-])OCCCCCCCCCCCCCC)(CCOP(=O)([O-])OCCCCCCCCCCCCCC))CCN(CCCN(CCOP(=O)([O-])OCCCCCCCCCCCCCC)([H]))C8,0.31243739098022544
C8N(CCCN(CCOP(=O)([O-])OCCCCCCCCCCCCCCC)(CCOP(=O)([O-])OCCCCCCCCCCCCCCC))CCN(CCCN(CCOP(=O)([O-])OCCCCCCCCCCCCCCC)([H]))C8,0.32391440031066027
C8N(CCCN(CCOP(=O)([O-])OCCCCCCCCCCCCCCCC)(CCOP(=O)([O-])OCCCCCCCCCCCCCCCC))CCN(CCCN(CCOP(=O)([O-])OCCCCCCCCCCCCCCCC)([H]))C8,0.33443853635894055
C8N(CCCN(CCOP(=O)([O-])OCCCC)(CCOP(=O)([O-])OCCCC))CCN(CCCN(CCOP(=O)([O-])OCCCC)([H]))C8,-0.08379560751368015
C8N(CCCN(CCOP(=O)([O-])OCCCCC)(CCOP(=O)([O-])OCCCCC))CCN(CCCN(CCOP(=O)([O-])OCCCCC)([H]))C8,-0.034975434243118594
C8N(CCCN(CCOP(=O)([O-])OCCCCCC)(CCOP(=O)([O-])OCCCCCC))CCN(CCCN(CCOP(=O)([O-])OCCCCCC)([H]))C8,0.00670936264274191
C8N(CCCN(CCOP(=O)([O-])OCCCCCCC)(CCOP(=O)([O-])OCCCCCCC))CCN(CCCN(CCOP(=O)([O-])OCCCCCCC)([H]))C8,0.09208364261809829
C8N(CCCN(CCOP(=O)([O-])OCCCCCCCC)(CCOP(=O)([O-])OCCCCCCCC))CCN(CCCN(CCOP(=O)([O-])OCCCCCCCC)([H]))C8,0.14912267183600103
C8N(CCCN(CCOP(=O)([O-])OCCCCCCCCC)(CCOP(=O)([O-])OCCCCCCCCC))CCN(CCCN(CCOP(=O)([O-])OCCCCCCCCC)([H]))C8,0.23461771857472763
C8N(CCCN(CCOP(=O)([O-])OCCCCCCCCCC)(CCOP(=O)([O-])OCCCCCCCCCC))CCN(CCCN(CCOP(=O)([O-])OCCCCCCCCCC)(CCOP(=O)([O-])OCCCCCCCCCC))C8,0.19884842690709864
C8N(CCCN(CCOP(=O)([O-])OCCCCCCCCCCC)(CCOP(=O)([O-])OCCCCCCCCCCC))CCN(CCCN(CCOP(=O)([O-])OCCCCCCCCCCC)(CCOP(=O)([O-])OCCCCCCCCCCC))C8,0.21950809205905858
C8N(CCCN(CCOP(=O)([O-])OCCCCCCCCCCCC)(CCOP(=O)([O-])OCCCCCCCCCCCC))CCN(CCCN(CCOP(=O)([O-])OCCCCCCCCCCCC)(CCOP(=O)([O-])OCCCCCCCCCCCC))C8,0.2382766638208928
C8N(CCCN(CCOP(=O)([O-])OCCCCCCCCCCCCC)(CCOP(=O)([O-])OCCCCCCCCCCCCC))CCN(CCCN(CCOP(=O)([O-])OCCCCCCCCCCCCC)(CCOP(=O)([O-])OCCCCCCCCCCCCC))C8,0.25550450792652846
C8N(CCCN(CCOP(=O)([O-])OCCCCCCCCCCCCCC)(CCOP(=O)([O-])OCCCCCCCCCCCCCC))CCN(CCCN(CCOP(=O)([O-])OCCCCCCCCCCCCCC)(CCOP(=O)([O-])OCCCCCCCCCCCCCC))C8,0.2711305099177865
C8N(CCCN(CCOP(=O)([O-])OCCCCCCCCCCCCCCC)(CCOP(=O)([O-])OCCCCCCCCCCCCCCC))CCN(CCCN(CCOP(=O)([O-])OCCCCCCCCCCCCCCC)(CCOP(=O)([O-])OCCCCCCCCCCCCCCC))C8,0.28476165498466155
C8N(CCCN(CCOP(=O)([O-])OCCCCCCCCCCCCCCCC)(CCOP(=O)([O-])OCCCCCCCCCCCCCCCC))CCN(CCCN(CCOP(=O)([O-])OCCCCCCCCCCCCCCCC)(CCOP(=O)([O-])OCCCCCCCCCCCCCCCC))C8,0.2974481170598301
C8N(CCCN(CCOP(=O)([O-])OCCCC)(CCOP(=O)([O-])OCCCC))CCN(CCCN(CCOP(=O)([O-])OCCCC)(CCOP(=O)([O-])OCCCC))C8,-0.16027329338355886
C8N(CCCN(CCOP(=O)([O-])OCCCCC)(CCOP(=O)([O-])OCCCCC))CCN(CCCN(CCOP(=O)([O-])OCCCCC)(CCOP(=O)([O-])OCCCCC))C8,-0.10817932327514809
C8N(CCCN(CCOP(=O)([O-])OCCCCCC)(CCOP(=O)([O-])OCCCCCC))CCN(CCCN(CCOP(=O)([O-])OCCCCCC)(CCOP(=O)([O-])OCCCCCC))C8,-0.06444969473244963
C8N(CCCN(CCOP(=O)([O-])OCCCCCCC)(CCOP(=O)([O-])OCCCCCCC))CCN(CCCN(CCOP(=O)([O-])OCCCCCCC)(CCOP(=O)([O-])OCCCCCCC))C8,0.026728992894070793
C8N(CCCN(CCOP(=O)([O-])OCCCCCCCC)(CCOP(=O)([O-])OCCCCCCCC))CCN(CCCN(CCOP(=O)([O-])OCCCCCCCC)(CCOP(=O)([O-])OCCCCCCCC))C8,0.08923779962473362
C8N(CCCN(CCOP(=O)([O-])OCCCCCCCCC)(CCOP(=O)([O-])OCCCCCCCCC))CCN(CCCN(CCOP(=O)([O-])OCCCCCCCCC)(CCOP(=O)([O-])OCCCCCCCCC))C8,0.17880735205551843
N(CCOP(=O)([O-])OCCCCCCCCCC)CCN([H])CCN([H])CCN(CCOP(=O)([O-])OCCCCCCCCCC),0.28979111876007924
N(CCOP(=O)([O-])OCCCCCCCCCCC)CCN([H])CCN([H])CCN(CCOP(=O)([O-])OCCCCCCCCCCC),0.3053494838436742
N(CCOP(=O)([O-])OCCCCCCCCCCCC)CCN([H])CCN([H])CCN(CCOP(=O)([O-])OCCCCCCCCCCCC),0.31830920379106153
N(CCOP(=O)([O-])OCCCCCCCCCCCCC)CCN([H])CCN([H])CCN(CCOP(=O)([O-])OCCCCCCCCCCCCC),0.3303502411960553
N(CCOP(=O)([O-])OCCCCCCCCCCCCCC)CCN([H])CCN([H])CCN(CCOP(=O)([O-])OCCCCCCCCCCCCCC),0.341569926492052
N(CCOP(=O)([O-])OCCCCCCCCCCCCCCC)CCN([H])CCN([H])CCN(CCOP(=O)([O-])OCCCCCCCCCCCCCCC),0.3519542021623552
N(CCOP(=O)([O-])OCCCCCCCCCCCCCCCC)CCN([H])CCN([H])CCN(CCOP(=O)([O-])OCCCCCCCCCCCCCCCC),0.36136103367916
N(CCOP(=O)([O-])OCCCC)CCN([H])CCN([H])CCN(CCOP(=O)([O-])OCCCC),-0.034966350466439935
N(CCOP(=O)([O-])OCCCCC)CCN([H])CCN([H])CCN(CCOP(=O)([O-])OCCCCC),0.0124089113083013
N(CCOP(=O)([O-])OCCCCCC)CCN([H])CCN([H])CCN(CCOP(=O)([O-])OCCCCCC),0.05288878058490055
N(CCOP(=O)([O-])OCCCCCCC)CCN([H])CCN([H])CCN(CCOP(=O)([O-])OCCCCCCC),0.13539583439381928
N(CCOP(=O)([O-])OCCCCCCCC)CCN([H])CCN([H])CCN(CCOP(=O)([O-])OCCCCCCCC),0.18960144007696392
N(CCOP(=O)([O-])OCCCCCCCCC)CCN([H])CCN([H])CCN(CCOP(=O)([O-])OCCCCCCCCC),0.27268178071150717
N(CCOP(=O)([O-])OCCCCCCCCCC)CCN(CCOP(=O)([O-])OCCCCCCCCCC)CCN([H])CCN(CCOP(=O)([O-])OCCCCCCCCCC),0.26839298723845556
N(CCOP(=O)([O-])OCCCCCCCCCCC)CCN(CCOP(=O)([O-])OCCCCCCCCCCC)CCN([H])CCN(CCOP(=O)([O-])OCCCCCCCCCCC),0.28622908698706934
N(CCOP(=O)([O-])OCCCCCCCCCCCC)CCN(CCOP(=O)([O-])OCCCCCCCCCCCC)CCN([H])CCN(CCOP(=O)([O-])OCCCCCCCCCCCC),0.30212733423281807
N(CCOP(=O)([O-])OCCCCCCCCCCCCC)CCN(CCOP(=O)([O-])OCCCCCCCCCCCCC)CCN([H])CCN(CCOP(=O)([O-])OCCCCCCCCCCCCC),0.31574844247103506
N(CCOP(=O)([O-])OCCCCCCCCCCCCCC)CCN(CCOP(=O)([O-])OCCCCCCCCCCCCCC)CCN([H])CCN(CCOP(=O)([O-])OCCCCCCCCCCCCCC),0.32825730926641716
N(CCOP(=O)([O-])OCCCCCCCCCCCCCCC)CCN(CCOP(=O)([O-])OCCCCCCCCCCCCCCC)CCN([H])CCN(CCOP(=O)([O-])OCCCCCCCCCCCCCCC),0.33983355513420704
N(CCOP(=O)([O-])OCCCCCCCCCCCCCCCC)CCN(CCOP(=O)([O-])OCCCCCCCCCCCCCCCC)CCN([H])CCN(CCOP(=O)([O-])OCCCCCCCCCCCCCCCC),0.35030816226243283
N(CCOP(=O)([O-])OCCCC)CCN(CCOP(=O)([O-])OCCCC)CCN([H])CCN(CCOP(=O)([O-])OCCCC),-0.09573621706634462
N(CCOP(=O)([O-])OCCCCC)CCN(CCOP(=O)([O-])OCCCCC)CCN([H])CCN(CCOP(=O)([O-])OCCCCC),-0.04130215067687232
N(CCOP(=O)([O-])OCCCCCC)CCN(CCOP(=O)([O-])OCCCCCC)CCN([H])CCN(CCOP(=O)([O-])OCCCCCC),0.004626020798646467
N(CCOP(=O)([O-])OCCCCCCC)CCN(CCOP(=O)([O-])OCCCCCCC)CCN([H])CCN(CCOP(=O)([O-])OCCCCCCC),0.09767388813477015
N(CCOP(=O)([O-])OCCCCCCCC)CCN(CCOP(=O)([O-])OCCCCCCCC)CCN([H])CCN(CCOP(=O)([O-])OCCCCCCCC),0.15844503912113148
N(CCOP(=O)([O-])OCCCCCCCCC)CCN(CCOP(=O)([O-])OCCCCCCCCC)CCN([H])CCN(CCOP(=O)([O-])OCCCCCCCCC),0.24847911504325101
N(CCOP(=O)([O-])OCCCCCCCCCC)CCN(CCOP(=O)([O-])OCCCCCCCCCC)CCN(CCOP(=O)([O-])OCCCCCCCCCC)CCN(CCOP(=O)([O-])OCCCCCCCCCC),0.29388688942442787
N(CCOP(=O)([O-])OCCCCCCCCCCC)CCN(CCOP(=O)([O-])OCCCCCCCCCCC)CCN(CCOP(=O)([O-])OCCCCCCCCCCC)CCN(CCOP(=O)([O-])OCCCCCCCCCCC),0.310768180004054
N(CCOP(=O)([O-])OCCCCCCCCCCCC)CCN(CCOP(=O)([O-])OCCCCCCCCCCCC)CCN(CCOP(=O)([O-])OCCCCCCCCCCCC)CCN(CCOP(=O)([O-])OCCCCCCCCCCCC),0.32512319783215815
N(CCOP(=O)([O-])OCCCCCCCCCCCCC)CCN(CCOP(=O)([O-])OCCCCCCCCCCCCC)CCN(CCOP(=O)([O-])OCCCCCCCCCCCCC)CCN(CCOP(=O)([O-])OCCCCCCCCCCCCC),0.3382800208420353
N(CCOP(=O)([O-])OCCCCCCCCCCCCCC)CCN(CCOP(=O)([O-])OCCCCCCCCCCCCCC)CCN(CCOP(=O)([O-])OCCCCCCCCCCCCCC)CCN(CCOP(=O)([O-])OCCCCCCCCCCCCCC),0.35043116553352427
N(CCOP(=O)([O-])OCCCCCCCCCCCCCCC)CCN(CCOP(=O)([O-])OCCCCCCCCCCCCCCC)CCN(CCOP(=O)([O-])OCCCCCCCCCCCCCCC)CCN(CCOP(=O)([O-])OCCCCCCCCCCCCCCC),0.361398649449472
N(CCOP(=O)([O-])OCCCCCCCCCCCCCCCC)CCN(CCOP(=O)([O-])OCCCCCCCCCCCCCCCC)CCN(CCOP(=O)([O-])OCCCCCCCCCCCCCCCC)CCN(CCOP(=O)([O-])OCCCCCCCCCCCCCCCC),0.3714248754042641
N(CCOP(=O)([O-])OCCCC)CCN(CCOP(=O)([O-])OCCCC)CCN(CCOP(=O)([O-])OCCCC)CCN(CCOP(=O)([O-])OCCCC),-0.08919506393722576
N(CCOP(=O)([O-])OCCCCC)CCN(CCOP(=O)([O-])OCCCCC)CCN(CCOP(=O)([O-])OCCCCC)CCN(CCOP(=O)([O-])OCCCCC),-0.031524611722955016
N(CCOP(=O)([O-])OCCCCCC)CCN(CCOP(=O)([O-])OCCCCCC)CCN(CCOP(=O)([O-])OCCCCCC)CCN(CCOP(=O)([O-])OCCCCCC),0.01613927588717283
N(CCOP(=O)([O-])OCCCCCCC)CCN(CCOP(=O)([O-])OCCCCCCC)CCN(CCOP(=O)([O-])OCCCCCCC)CCN(CCOP(=O)([O-])OCCCCCCC),0.11336871834866555
N(CCOP(=O)([O-])OCCCCCCCC)CCN(CCOP(=O)([O-])OCCCCCCCC)CCN(CCOP(=O)([O-])OCCCCCCCC)CCN(CCOP(=O)([O-])OCCCCCCCC),0.17731606397075125
N(CCOP(=O)([O-])OCCCCCCCCC)CCN(CCOP(=O)([O-])OCCCCCCCCC)CCN(CCOP(=O)([O-])OCCCCCCCCC)CCN(CCOP(=O)([O-])OCCCCCCCCC),0.274631903758607
N(CCOP(=O)([O-])OCCCCCCCCCC)CCCN([H])CCCCN([H])CCCN(CCOP(=O)([O-])OCCCCCCCCCC),0.3386706828049665
N(CCOP(=O)([O-])OCCCCCCCCCCC)CCCN([H])CCCCN([H])CCCN(CCOP(=O)([O-])OCCCCCCCCCCC),0.35010751503789467
N(CCOP(=O)([O-])OCCCCCCCCCCCC)CCCN([H])CCCCN([H])CCCN(CCOP(=O)([O-])OCCCCCCCCCCCC),0.36051701680277765
N(CCOP(=O)([O-])OCCCCCCCCCCCCC)CCCN([H])CCCCN([H])CCCN(CCOP(=O)([O-])OCCCCCCCCCCCCC),0.3700178132881765
N(CCOP(=O)([O-])OCCCCCCCCCCCCCC)CCCN([H])CCCCN([H])CCCN(CCOP(=O)([O-])OCCCCCCCCCCCCCC),0.3788401558957395
N(CCOP(=O)([O-])OCCCCCCCCCCCCCCC)CCCN([H])CCCCN([H])CCCN(CCOP(=O)([O-])OCCCCCCCCCCCCCCC),0.3870914416703954
N(CCOP(=O)([O-])OCCCCCCCCCCCCCCCC)CCCN([H])CCCCN([H])CCCN(CCOP(=O)([O-])OCCCCCCCCCCCCCCCC),0.3948295387370184
N(CCOP(=O)([O-])OCCCC)CCCN([H])CCCCN([H])CCCN(CCOP(=O)([O-])OCCCC),0.05500095225137286
N(CCOP(=O)([O-])OCCCCC)CCCN([H])CCCCN([H])CCCN(CCOP(=O)([O-])OCCCCC),0.09272668465832451
N(CCOP(=O)([O-])OCCCCCC)CCCN([H])CCCCN([H])CCCN(CCOP(=O)([O-])OCCCCCC),0.12480742690267815
N(CCOP(=O)([O-])OCCCCCCC)CCCN([H])CCCCN([H])CCCN(CCOP(=O)([O-])OCCCCCCC),0.19683254327342015
N(CCOP(=O)([O-])OCCCCCCCC)CCCN([H])CCCCN([H])CCCN(CCOP(=O)([O-])OCCCCCCCC),0.24740776548690727
N(CCOP(=O)([O-])OCCCCCCCCC)CCCN([H])CCCCN([H])CCCN(CCOP(=O)([O-])OCCCCCCCCC),0.3264509481538351
N(CCOP(=O)([O-])OCCCCCCCCCC)CCCN(CCOP(=O)([O-])OCCCCCCCCCC)CCCCN([H])CCCN(CCOP(=O)([O-])OCCCCCCCCCC),0.338348461887306
N(CCOP(=O)([O-])OCCCCCCCCCCC)CCCN(CCOP(=O)([O-])OCCCCCCCCCCC)CCCCN([H])CCCN(CCOP(=O)([O-])OCCCCCCCCCCC),0.3510273591123881
N(CCOP(=O)([O-])OCCCCCCCCCCCC)CCCN(CCOP(=O)([O-])OCCCCCCCCCCCC)CCCCN([H])CCCN(CCOP(=O)([O-])OCCCCCCCCCCCC),0.3625696525034118
N(CCOP(=O)([O-])OCCCCCCCCCCCCC)CCCN(CCOP(=O)([O-])OCCCCCCCCCCCCC)CCCCN([H])CCCN(CCOP(=O)([O-])OCCCCCCCCCCCCC),0.3728773861866194
N(CCOP(=O)([O-])OCCCCCCCCCCCCCC)CCCN(CCOP(=O)([O-])OCCCCCCCCCCCCCC)CCCCN([H])CCCN(CCOP(=O)([O-])OCCCCCCCCCCCCCC),0.38244989983346817
N(CCOP(=O)([O-])OCCCCCCCCCCCCCCC)CCCN(CCOP(=O)([O-])OCCCCCCCCCCCCCCC)CCCCN([H])CCCN(CCOP(=O)([O-])OCCCCCCCCCCCCCCC),0.39133812215910724
N(CCOP(=O)([O-])OCCCCCCCCCCCCCCCC)CCCN(CCOP(=O)([O-])OCCCCCCCCCCCCCCCC)CCCCN([H])CCCN(CCOP(=O)([O-])OCCCCCCCCCCCCCCCC),0.39953877704735746
N(CCOP(=O)([O-])OCCCC)CCCN(CCOP(=O)([O-])OCCCC)CCCCN([H])CCCN(CCOP(=O)([O-])OCCCC),0.01286083664378334
N(CCOP(=O)([O-])OCCCCC)CCCN(CCOP(=O)([O-])OCCCCC)CCCCN([H])CCCN(CCOP(=O)([O-])OCCCCC),0.05836245593134198
N(CCOP(=O)([O-])OCCCCCC)CCCN(CCOP(=O)([O-])OCCCCCC)CCCCN([H])CCCN(CCOP(=O)([O-])OCCCCCC),0.09661597065476109
N(CCOP(=O)([O-])OCCCCCCC)CCCN(CCOP(=O)([O-])OCCCCCCC)CCCCN([H])CCCN(CCOP(=O)([O-])OCCCCCCC),0.17979828785110025
N(CCOP(=O)([O-])OCCCCCCCC)CCCN(CCOP(=O)([O-])OCCCCCCCC)CCCCN([H])CCCN(CCOP(=O)([O-])OCCCCCCCC),0.2361890034600157
N(CCOP(=O)([O-])OCCCCCCCCC)CCCN(CCOP(=O)([O-])OCCCCCCCCC)CCCCN([H])CCCN(CCOP(=O)([O-])OCCCCCCCCC),0.3247336080527038
N(CCOP(=O)([O-])OCCCCCCCCCC)CCCN(CCOP(=O)([O-])OCCCCCCCCCC)CCCCN(CCOP(=O)([O-])OCCCCCCCCCC)CCCN(CCOP(=O)([O-])OCCCCCCCCCC),0.3420393343747811
N(CCOP(=O)([O-])OCCCCCCCCCCC)CCCN(CCOP(=O)([O-])OCCCCCCCCCCC)CCCCN(CCOP(=O)([O-])OCCCCCCCCCCC)CCCN(CCOP(=O)([O-])OCCCCCCCCCCC),0.35526972108431826
N(CCOP(=O)([O-])OCCCCCCCCCCCC)CCCN(CCOP(=O)([O-])OCCCCCCCCCCCC)CCCCN(CCOP(=O)([O-])OCCCCCCCCCCCC)CCCN(CCOP(=O)([O-])OCCCCCCCCCCCC),0.3672239414105635
N(CCOP(=O)([O-])OCCCCCCCCCCCCC)CCCN(CCOP(=O)([O-])OCCCCCCCCCCCCC)CCCCN(CCOP(=O)([O-])OCCCCCCCCCCCCC)CCCN(CCOP(=O)([O-])OCCCCCCCCCCCCC),0.37788460215489295
N(CCOP(=O)([O-])OCCCCCCCCCCCCCC)CCCN(CCOP(=O)([O-])OCCCCCCCCCCCCCC)CCCCN(CCOP(=O)([O-])OCCCCCCCCCCCCCC)CCCN(CCOP(=O)([O-])OCCCCCCCCCCCCCC),0.3877413039888492
N(CCOP(=O)([O-])OCCCCCCCCCCCCCCC)CCCN(CCOP(=O)([O-])OCCCCCCCCCCCCCCC)CCCCN(CCOP(=O)([O-])OCCCCCCCCCCCCCCC)CCCN(CCOP(=O)([O-])OCCCCCCCCCCCCCCC),0.39678886469229435
N(CCOP(=O)([O-])OCCCCCCCCCCCCCCCC)CCCN(CCOP(=O)([O-])OCCCCCCCCCCCCCCCC)CCCCN(CCOP(=O)([O-])OCCCCCCCCCCCCCCCC)CCCN(CCOP(=O)([O-])OCCCCCCCCCCCCCCCC),0.4051999951536203
N(CCOP(=O)([O-])OCCCC)CCCN(CCOP(=O)([O-])OCCCC)CCCCN(CCOP(=O)([O-])OCCCC)CCCN(CCOP(=O)([O-])OCCCC),-0.00845640459108869
N(CCOP(=O)([O-])OCCCCC)CCCN(CCOP(=O)([O-])OCCCCC)CCCCN(CCOP(=O)([O-])OCCCCC)CCCN(CCOP(=O)([O-])OCCCCC),0.041760290450182834
N(CCOP(=O)([O-])OCCCCCC)CCCN(CCOP(=O)([O-])OCCCCCC)CCCCN(CCOP(=O)([O-])OCCCCCC)CCCN(CCOP(=O)([O-])OCCCCCC),0.08373210768835919
N(CCOP(=O)([O-])OCCCCCCC)CCCN(CCOP(=O)([O-])OCCCCCCC)CCCCN(CCOP(=O)([O-])OCCCCCCC)CCCN(CCOP(=O)([O-])OCCCCCCC),0.17348196564049684
N(CCOP(=O)([O-])OCCCCCCCC)CCCN(CCOP(=O)([O-])OCCCCCCCC)CCCCN(CCOP(=O)([O-])OCCCCCCCC)CCCN(CCOP(=O)([O-])OCCCCCCCC),0.23367797954016423
N(CCOP(=O)([O-])OCCCCCCCCC)CCCN(CCOP(=O)([O-])OCCCCCCCCC)CCCCN(CCOP(=O)([O-])OCCCCCCCCC)CCCN(CCOP(=O)([O-])OCCCCCCCCC),0.32764967906380055
N(CCN(CCOP(=O)([O-])OCCCCCCCCCC)C)(CCN(CCOP(=O)([O-])OCCCCCCCCCC)C)(CCN([H])C),0.23471778903256468
N(CCN(CCOP(=O)([O-])OCCCCCCCCCCC)C)(CCN(CCOP(=O)([O-])OCCCCCCCCCCC)C)(CCN([H])C),0.2515481211141672
N(CCN(CCOP(=O)([O-])OCCCCCCCCCCCC)C)(CCN(CCOP(=O)([O-])OCCCCCCCCCCCC)C)(CCN([H])C),0.26680627482425096
N(CCN(CCOP(=O)([O-])OCCCCCCCCCCCCC)C)(CCN(CCOP(=O)([O-])OCCCCCCCCCCCCC)C)(CCN([H])C),0.28015918827888975
N(CCN(CCOP(=O)([O-])OCCCCCCCCCCCCCC)C)(CCN(CCOP(=O)([O-])OCCCCCCCCCCCCCC)C)(CCN([H])C),0.2926900050526724
N(CCN(CCOP(=O)([O-])OCCCCCCCCCCCCCCC)C)(CCN(CCOP(=O)([O-])OCCCCCCCCCCCCCCC)C)(CCN([H])C),0.30433254759877937
N(CCN(CCOP(=O)([O-])OCCCCCCCCCCCCCCCC)C)(CCN(CCOP(=O)([O-])OCCCCCCCCCCCCCCCC)C)(CCN([H])C),0.3150641511498254
N(CCN(CCOP(=O)([O-])OCCCC)C)(CCN(CCOP(=O)([O-])OCCCC)C)(CCN([H])C),-0.07198094973666834
N(CCN(CCOP(=O)([O-])OCCCCC)C)(CCN(CCOP(=O)([O-])OCCCCC)C)(CCN([H])C),-0.028772346520817747
N(CCN(CCOP(=O)([O-])OCCCCCC)C)(CCN(CCOP(=O)([O-])OCCCCCC)C)(CCN([H])C),0.007966140374827792
N(CCN(CCOP(=O)([O-])OCCCCCCC)C)(CCN(CCOP(=O)([O-])OCCCCCCC)C)(CCN([H])C),0.08443584722652349
N(CCN(CCOP(=O)([O-])OCCCCCCCC)C)(CCN(CCOP(=O)([O-])OCCCCCCCC)C)(CCN([H])C),0.13719078866552295
N(CCN(CCOP(=O)([O-])OCCCCCCCCC)C)(CCN(CCOP(=O)([O-])OCCCCCCCCC)C)(CCN([H])C),0.2160387445910454
N(CCN(CCOP(=O)([O-])OCCCCCCCCCC)C)(CCN(CCOP(=O)([O-])OCCCCCCCCCC)C)(CCN(CCOP(=O)([O-])OCCCCCCCCCC)C),0.18951599301043578
N(CCN(CCOP(=O)([O-])OCCCCCCCCCCC)C)(CCN(CCOP(=O)([O-])OCCCCCCCCCCC)C)(CCN(CCOP(=O)([O-])OCCCCCCCCCCC)C),0.2100844927839912
N(CCN(CCOP(=O)([O-])OCCCCCCCCCCCC)C)(CCN(CCOP(=O)([O-])OCCCCCCCCCCCC)C)(CCN(CCOP(=O)([O-])OCCCCCCCCCCCC)C),0.22889997257293654
N(CCN(CCOP(=O)([O-])OCCCCCCCCCCCCC)C)(CCN(CCOP(=O)([O-])OCCCCCCCCCCCCC)C)(CCN(CCOP(=O)([O-])OCCCCCCCCCCCCC)C),0.24604647964870524
N(CCN(CCOP(=O)([O-])OCCCCCCCCCCCCCC)C)(CCN(CCOP(=O)([O-])OCCCCCCCCCCCCCC)C)(CCN(CCOP(=O)([O-])OCCCCCCCCCCCCCC)C),0.261483032776183
N(CCN(CCOP(=O)([O-])OCCCCCCCCCCCCCCC)C)(CCN(CCOP(=O)([O-])OCCCCCCCCCCCCCCC)C)(CCN(CCOP(=O)([O-])OCCCCCCCCCCCCCCC)C),0.27517484555812183
N(CCN(CCOP(=O)([O-])OCCCCCCCCCCCCCCCC)C)(CCN(CCOP(=O)([O-])OCCCCCCCCCCCCCCCC)C)(CCN(CCOP(=O)([O-])OCCCCCCCCCCCCCCCC)C),0.28800346129259285
N(CCN(CCOP(=O)([O-])OCCCC)C)(CCN(CCOP(=O)([O-])OCCCC)C)(CCN(CCOP(=O)([O-])OCCCC)C),-0.15266561552374197
N(CCN(CCOP(=O)([O-])OCCCCC)C)(CCN(CCOP(=O)([O-])OCCCCC)C)(CCN(CCOP(=O)([O-])OCCCCC)C),-0.10328894552297421
N(CCN(CCOP(=O)([O-])OCCCCCC)C)(CCN(CCOP(=O)([O-])OCCCCCC)C)(CCN(CCOP(=O)([O-])OCCCCCC)C),-0.06145335887496273
N(CCN(CCOP(=O)([O-])OCCCCCCC)C)(CCN(CCOP(=O)([O-])OCCCCCCC)C)(CCN(CCOP(=O)([O-])OCCCCCCC)C),0.024014968902606976
N(CCN(CCOP(=O)([O-])OCCCCCCCC)C)(CCN(CCOP(=O)([O-])OCCCCCCCC)C)(CCN(CCOP(=O)([O-])OCCCCCCCC)C),0.08365130675023062
N(CCN(CCOP(=O)([O-])OCCCCCCCCC)C)(CCN(CCOP(=O)([O-])OCCCCCCCCC)C)(CCN(CCOP(=O)([O-])OCCCCCCCCC)C),0.16950857280687814
[N+](CCOP(=O)([O-])OCCCCCCCCCC)(CCN(CCOP(=O)([O-])OCCCCCCCCCC)C)(CCN(CCOP(=O)([O-])OCCCCCCCCCC)C)(CCN(CCOP(=O)([O-])OCCCCCCCCCC)C),0.22230407852075085
[N+](CCOP(=O)([O-])OCCCCCCCCCCC)(CCN(CCOP(=O)([O-])OCCCCCCCCCCC)C)(CCN(CCOP(=O)([O-])OCCCCCCCCCCC)C)(CCN(CCOP(=O)([O-])OCCCCCCCCCCC)C),0.24258499485952212
[N+](CCOP(=O)([O-])OCCCCCCCCCCCC)(CCN(CCOP(=O)([O-])OCCCCCCCCCCCC)C)(CCN(CCOP(=O)([O-])OCCCCCCCCCCCC)C)(CCN(CCOP(=O)([O-])OCCCCCCCCCCCC)C),0.2608611663596241
[N+](CCOP(=O)([O-])OCCCCCCCCCCCCC)(CCN(CCOP(=O)([O-])OCCCCCCCCCCCCC)C)(CCN(CCOP(=O)([O-])OCCCCCCCCCCCCC)C)(CCN(CCOP(=O)([O-])OCCCCCCCCCCCCC)C),0.2762963494748815
[N+](CCOP(=O)([O-])OCCCCCCCCCCCCCC)(CCN(CCOP(=O)([O-])OCCCCCCCCCCCCCC)C)(CCN(CCOP(=O)([O-])OCCCCCCCCCCCCCC)C)(CCN(CCOP(=O)([O-])OCCCCCCCCCCCCCC)C),0.2906454107281145
[N+](CCOP(=O)([O-])OCCCCCCCCCCCCCCC)(CCN(CCOP(=O)([O-])OCCCCCCCCCCCCCCC)C)(CCN(CCOP(=O)([O-])OCCCCCCCCCCCCCCC)C)(CCN(CCOP(=O)([O-])OCCCCCCCCCCCCCCC)C),0.30388345163636116
[N+](CCOP(=O)([O-])OCCCCCCCCCCCCCCCC)(CCN(CCOP(=O)([O-])OCCCCCCCCCCCCCCCC)C)(CCN(CCOP(=O)([O-])OCCCCCCCCCCCCCCCC)C)(CCN(CCOP(=O)([O-])OCCCCCCCCCCCCCCCC)C),0.3160060643342168
[N+](CCOP(=O)([O-])OCCCC)(CCN(CCOP(=O)([O-])OCCCC)C)(CCN(CCOP(=O)([O-])OCCCC)C)(CCN(CCOP(=O)([O-])OCCCC)C),-0.14418422726180952
[N+](CCOP(=O)([O-])OCCCCC)(CCN(CCOP(=O)([O-])OCCCCC)C)(CCN(CCOP(=O)([O-])OCCCCC)C)(CCN(CCOP(=O)([O-])OCCCCC)C),-0.09208617689961196
[N+](CCOP(=O)([O-])OCCCCCC)(CCN(CCOP(=O)([O-])OCCCCCC)C)(CCN(CCOP(=O)([O-])OCCCCCC)C)(CCN(CCOP(=O)([O-])OCCCCCC)C),-0.04729172497291306
[N+](CCOP(=O)([O-])OCCCCCCC)(CCN(CCOP(=O)([O-])OCCCCCCC)C)(CCN(CCOP(=O)([O-])OCCCCCCC)C)(CCN(CCOP(=O)([O-])OCCCCCCC)C),0.045453754047726946
[N+](CCOP(=O)([O-])OCCCCCCCC)(CCN(CCOP(=O)([O-])OCCCCCCCC)C)(CCN(CCOP(=O)([O-])OCCCCCCCC)C)(CCN(CCOP(=O)([O-])OCCCCCCCC)C),0.10789891477589042
[N+](CCOP(=O)([O-])OCCCCCCCCC)(CCN(CCOP(=O)([O-])OCCCCCCCCC)C)(CCN(CCOP(=O)([O-])OCCCCCCCCC)C)(CCN(CCOP(=O)([O-])OCCCCCCCCC)C),0.1999825587625854
N(CCNCCOP(=O)([O-])OCCCCCCCCCC)(CCNCCOP(=O)([O-])OCCCCCCCCCC)(CCN([H])[H]),0.33564405776425926
N(CCNCCOP(=O)([O-])OCCCCCCCCCCC)(CCNCCOP(=O)([O-])OCCCCCCCCCCC)(CCN([H])[H]),0.348173206697078
N(CCNCCOP(=O)([O-])OCCCCCCCCCCCC)(CCNCCOP(=O)([O-])OCCCCCCCCCCCC)(CCN([H])[H]),0.35968872528405543
N(CCNCCOP(=O)([O-])OCCCCCCCCCCCCC)(CCNCCOP(=O)([O-])OCCCCCCCCCCCCC)(CCN([H])[H]),0.37011475654420617
N(CCNCCOP(=O)([O-])OCCCCCCCCCCCCCC)(CCNCCOP(=O)([O-])OCCCCCCCCCCCCCC)(CCN([H])[H]),0.37960366966273684
N(CCNCCOP(=O)([O-])OCCCCCCCCCCCCCCC)(CCNCCOP(=O)([O-])OCCCCCCCCCCCCCCC)(CCN([H])[H]),0.3883899749923288
N(CCNCCOP(=O)([O-])OCCCCCCCCCCCCCCCC)(CCNCCOP(=O)([O-])OCCCCCCCCCCCCCCCC)(CCN([H])[H]),0.3965485466791136
N(CCNCCOP(=O)([O-])OCCCC)(CCNCCOP(=O)([O-])OCCCC)(CCN([H])[H]),0.01700003073894339
N(CCNCCOP(=O)([O-])OCCCCC)(CCNCCOP(=O)([O-])OCCCCC)(CCN([H])[H]),0.06170597075519992
N(CCNCCOP(=O)([O-])OCCCCCC)(CCNCCOP(=O)([O-])OCCCCCC)(CCN([H])[H]),0.09901801903734297
N(CCNCCOP(=O)([O-])OCCCCCCC)(CCNCCOP(=O)([O-])OCCCCCCC)(CCN([H])[H]),0.18050158064614918
N(CCNCCOP(=O)([O-])OCCCCCCCC)(CCNCCOP(=O)([O-])OCCCCCCCC)(CCN([H])[H]),0.23402238869922012
N(CCNCCOP(=O)([O-])OCCCCCCCCC)(CCNCCOP(=O)([O-])OCCCCCCCCC)(CCN([H])[H]),0.3221128938065982
N(CCNCCOP(=O)([O-])OCCCCCCCCCC)(CCNCCOP(=O)([O-])OCCCCCCCCCC)(CCN(CCOP(=O)([O-])OCCCCCCCCCC)[H]),0.3072907315942159
N(CCNCCOP(=O)([O-])OCCCCCCCCCCC)(CCNCCOP(=O)([O-])OCCCCCCCCCCC)(CCN(CCOP(=O)([O-])OCCCCCCCCCCC)[H]),0.3218022584270623
N(CCNCCOP(=O)([O-])OCCCCCCCCCCCC)(CCNCCOP(=O)([O-])OCCCCCCCCCCCC)(CCN(CCOP(=O)([O-])OCCCCCCCCCCCC)[H]),0.3351249124813551
N(CCNCCOP(=O)([O-])OCCCCCCCCCCCCC)(CCNCCOP(=O)([O-])OCCCCCCCCCCCCC)(CCN(CCOP(=O)([O-])OCCCCCCCCCCCCC)[H]),0.3474659229968653
N(CCNCCOP(=O)([O-])OCCCCCCCCCCCCCC)(CCNCCOP(=O)([O-])OCCCCCCCCCCCCCC)(CCN(CCOP(=O)([O-])OCCCCCCCCCCCCCC)[H]),0.3587858574479451
N(CCNCCOP(=O)([O-])OCCCCCCCCCCCCCCC)(CCNCCOP(=O)([O-])OCCCCCCCCCCCCCCC)(CCN(CCOP(=O)([O-])OCCCCCCCCCCCCCCC)[H]),0.368971898306533
N(CCNCCOP(=O)([O-])OCCCCCCCCCCCCCCCC)(CCNCCOP(=O)([O-])OCCCCCCCCCCCCCCCC)(CCN(CCOP(=O)([O-])OCCCCCCCCCCCCCCCC)[H]),0.3783841205235963
N(CCNCCOP(=O)([O-])OCCCC)(CCNCCOP(=O)([O-])OCCCC)(CCN(CCOP(=O)([O-])OCCCC)[H]),-0.052980313540709346
N(CCNCCOP(=O)([O-])OCCCCC)(CCNCCOP(=O)([O-])OCCCCC)(CCN(CCOP(=O)([O-])OCCCCC)[H]),0.00025708161070215284
N(CCNCCOP(=O)([O-])OCCCCCC)(CCNCCOP(=O)([O-])OCCCCCC)(CCN(CCOP(=O)([O-])OCCCCCC)[H]),0.04490038824218745
N(CCNCCOP(=O)([O-])OCCCCCCC)(CCNCCOP(=O)([O-])OCCCCCCC)(CCN(CCOP(=O)([O-])OCCCCCCC)[H]),0.136057728993513
N(CCNCCOP(=O)([O-])OCCCCCCCC)(CCNCCOP(=O)([O-])OCCCCCCCC)(CCN(CCOP(=O)([O-])OCCCCCCCC)[H]),0.19545189856688655
N(CCNCCOP(=O)([O-])OCCCCCCCCC)(CCNCCOP(=O)([O-])OCCCCCCCCC)(CCN(CCOP(=O)([O-])OCCCCCCCCC)[H]),0.2896894698099013
N(CCNCCOP(=O)([O-])OCCCCCCCCCC)(CCNCCOP(=O)([O-])OCCCCCCCCCC)(CCN(CCOP(=O)([O-])OCCCCCCCCCC)CCOP(=O)([O-])OCCCCCCCCCC),0.2269614350639613
N(CCNCCOP(=O)([O-])OCCCCCCCCCCC)(CCNCCOP(=O)([O-])OCCCCCCCCCCC)(CCN(CCOP(=O)([O-])OCCCCCCCCCCC)CCOP(=O)([O-])OCCCCCCCCCCC),0.2472309445618541
N(CCNCCOP(=O)([O-])OCCCCCCCCCCCC)(CCNCCOP(=O)([O-])OCCCCCCCCCCCC)(CCN(CCOP(=O)([O-])OCCCCCCCCCCCC)CCOP(=O)([O-])OCCCCCCCCCCCC),0.2655036910314051
N(CCNCCOP(=O)([O-])OCCCCCCCCCCCCC)(CCNCCOP(=O)([O-])OCCCCCCCCCCCCC)(CCN(CCOP(=O)([O-])OCCCCCCCCCCCCC)CCOP(=O)([O-])OCCCCCCCCCCCCC),0.28246756952162116
N(CCNCCOP(=O)([O-])OCCCCCCCCCCCCCC)(CCNCCOP(=O)([O-])OCCCCCCCCCCCCCC)(CCN(CCOP(=O)([O-])OCCCCCCCCCCCCCC)CCOP(=O)([O-])OCCCCCCCCCCCCCC),0.2967492916959346
N(CCNCCOP(=O)([O-])OCCCCCCCCCCCCCCC)(CCNCCOP(=O)([O-])OCCCCCCCCCCCCCCC)(CCN(CCOP(=O)([O-])OCCCCCCCCCCCCCCC)CCOP(=O)([O-])OCCCCCCCCCCCCCCC),0.30985235661759863
N(CCNCCOP(=O)([O-])OCCCCCCCCCCCCCCCC)(CCNCCOP(=O)([O-])OCCCCCCCCCCCCCCCC)(CCN(CCOP(=O)([O-])OCCCCCCCCCCCCCCCC)CCOP(=O)([O-])OCCCCCCCCCCCCCCCC),0.3220015058565057
N(CCNCCOP(=O)([O-])OCCCC)(CCNCCOP(=O)([O-])OCCCC)(CCN(CCOP(=O)([O-])OCCCC)CCOP(=O)([O-])OCCCC),-0.1557888859917353
N(CCNCCOP(=O)([O-])OCCCCC)(CCNCCOP(=O)([O-])OCCCCC)(CCN(CCOP(=O)([O-])OCCCCC)CCOP(=O)([O-])OCCCCC),-0.10064485172049892
N(CCNCCOP(=O)([O-])OCCCCCC)(CCNCCOP(=O)([O-])OCCCCCC)(CCN(CCOP(=O)([O-])OCCCCCC)CCOP(=O)([O-])OCCCCCC),-0.05268034043019299
N(CCNCCOP(=O)([O-])OCCCCCCC)(CCNCCOP(=O)([O-])OCCCCCCC)(CCN(CCOP(=O)([O-])OCCCCCCC)CCOP(=O)([O-])OCCCCCCC),0.04611386167495932
N(CCNCCOP(=O)([O-])OCCCCCCCC)(CCNCCOP(=O)([O-])OCCCCCCCC)(CCN(CCOP(=O)([O-])OCCCCCCCC)CCOP(=O)([O-])OCCCCCCCC),0.11216680067114392
N(CCNCCOP(=O)([O-])OCCCCCCCCC)(CCNCCOP(=O)([O-])OCCCCCCCCC)(CCN(CCOP(=O)([O-])OCCCCCCCCC)CCOP(=O)([O-])OCCCCCCCCC),0.2056705814557689
N(CCOP(=O)([O-])OCCCCCCCCCC)CCN([H])CCN([H])CCN([H])CCN(CCOP(=O)([O-])OCCCCCCCCCC),0.31337427085885067
N(CCOP(=O)([O-])OCCCCCCCCCCC)CCN([H])CCN([H])CCN([H])CCN(CCOP(=O)([O-])OCCCCCCCCCCC),0.3258283669482916
N(CCOP(=O)([O-])OCCCCCCCCCCCC)CCN([H])CCN([H])CCN([H])CCN(CCOP(=O)([O-])OCCCCCCCCCCCC),0.33725962978371515
N(CCOP(=O)([O-])OCCCCCCCCCCCCC)CCN([H])CCN([H])CCN([H])CCN(CCOP(=O)([O-])OCCCCCCCCCCCCC),0.34798450240515666
N(CCOP(=O)([O-])OCCCCCCCCCCCCCC)CCN([H])CCN([H])CCN([H])CCN(CCOP(=O)([O-])OCCCCCCCCCCCCCC),0.3580723193441176
N(CCOP(=O)([O-])OCCCCCCCCCCCCCCC)CCN([H])CCN([H])CCN([H])CCN(CCOP(=O)([O-])OCCCCCCCCCCCCCCC),0.367154428181816
N(CCOP(=O)([O-])OCCCCCCCCCCCCCCCC)CCN([H])CCN([H])CCN([H])CCN(CCOP(=O)([O-])OCCCCCCCCCCCCCCCC),0.37559206540131906
N(CCOP(=O)([O-])OCCCC)CCN([H])CCN([H])CCN([H])CCN(CCOP(=O)([O-])OCCCC),0.019946062390927725
N(CCOP(=O)([O-])OCCCCC)CCN([H])CCN([H])CCN([H])CCN(CCOP(=O)([O-])OCCCCC),0.06117014706265627
N(CCOP(=O)([O-])OCCCCCC)CCN([H])CCN([H])CCN([H])CCN(CCOP(=O)([O-])OCCCCCC),0.09576051715462595
N(CCOP(=O)([O-])OCCCCCCC)CCN([H])CCN([H])CCN([H])CCN(CCOP(=O)([O-])OCCCCCCC),0.17070596348749764
N(CCOP(=O)([O-])OCCCCCCCC)CCN([H])CCN([H])CCN([H])CCN(CCOP(=O)([O-])OCCCCCCCC),0.2186455204519523
N(CCOP(=O)([O-])OCCCCCCCCC)CCN([H])CCN([H])CCN([H])CCN(CCOP(=O)([O-])OCCCCCCCCC),0.29845367624672087
N(CCOP(=O)([O-])OCCCCCCCCCC)CCN([H])CCN(CCOP(=O)([O-])OCCCCCCCCCC)CCN([H])CCN(CCOP(=O)([O-])OCCCCCCCCCC),0.27338218456774355
N(CCOP(=O)([O-])OCCCCCCCCCCC)CCN([H])CCN(CCOP(=O)([O-])OCCCCCCCCCCC)CCN([H])CCN(CCOP(=O)([O-])OCCCCCCCCCCC),0.29020465397051604
N(CCOP(=O)([O-])OCCCCCCCCCCCC)CCN([H])CCN(CCOP(=O)([O-])OCCCCCCCCCCCC)CCN([H])CCN(CCOP(=O)([O-])OCCCCCCCCCCCC),0.30516617025201137
N(CCOP(=O)([O-])OCCCCCCCCCCCCC)CCN([H])CCN(CCOP(=O)([O-])OCCCCCCCCCCCCC)CCN([H])CCN(CCOP(=O)([O-])OCCCCCCCCCCCCC),0.31810426783261603
N(CCOP(=O)([O-])OCCCCCCCCCCCCCC)CCN([H])CCN(CCOP(=O)([O-])OCCCCCCCCCCCCCC)CCN([H])CCN(CCOP(=O)([O-])OCCCCCCCCCCCCCC),0.33005443768794884
N(CCOP(=O)([O-])OCCCCCCCCCCCCCCC)CCN([H])CCN(CCOP(=O)([O-])OCCCCCCCCCCCCCCC)CCN([H])CCN(CCOP(=O)([O-])OCCCCCCCCCCCCCCC),0.34119275617120415
N(CCOP(=O)([O-])OCCCCCCCCCCCCCCCC)CCN([H])CCN(CCOP(=O)([O-])OCCCCCCCCCCCCCCCC)CCN([H])CCN(CCOP(=O)([O-])OCCCCCCCCCCCCCCCC),0.3512203521382167
N(CCOP(=O)([O-])OCCCC)CCN([H])CCN(CCOP(=O)([O-])OCCCC)CCN([H])CCN(CCOP(=O)([O-])OCCCC),-0.06821666246390501
N(CCOP(=O)([O-])OCCCCC)CCN([H])CCN(CCOP(=O)([O-])OCCCCC)CCN([H])CCN(CCOP(=O)([O-])OCCCCC),-0.017098442608013666
N(CCOP(=O)([O-])OCCCCCC)CCN([H])CCN(CCOP(=O)([O-])OCCCCCC)CCN([H])CCN(CCOP(=O)([O-])OCCCCCC),0.02582162784393267
N(CCOP(=O)([O-])OCCCCCCC)CCN([H])CCN(CCOP(=O)([O-])OCCCCCCC)CCN([H])CCN(CCOP(=O)([O-])OCCCCCCC),0.11255025517848088
N(CCOP(=O)([O-])OCCCCCCCC)CCN([H])CCN(CCOP(=O)([O-])OCCCCCCCC)CCN([H])CCN(CCOP(=O)([O-])OCCCCCCCC),0.16952471512477926
N(CCOP(=O)([O-])OCCCCCCCCC)CCN([H])CCN(CCOP(=O)([O-])OCCCCCCCCC)CCN([H])CCN(CCOP(=O)([O-])OCCCCCCCCC),0.2548673628954248
N(CCOP(=O)([O-])OCCCCCCCCCC)CCN(CCOP(=O)([O-])OCCCCCCCCCC)CCN(CCOP(=O)([O-])OCCCCCCCCCC)CCN([H])CCN(CCOP(=O)([O-])OCCCCCCCCCC),0.297053196145866
N(CCOP(=O)([O-])OCCCCCCCCCCC)CCN(CCOP(=O)([O-])OCCCCCCCCCCC)CCN(CCOP(=O)([O-])OCCCCCCCCCCC)CCN([H])CCN(CCOP(=O)([O-])OCCCCCCCCCCC),0.31309687316709633
N(CCOP(=O)([O-])OCCCCCCCCCCCC)CCN(CCOP(=O)([O-])OCCCCCCCCCCCC)CCN(CCOP(=O)([O-])OCCCCCCCCCCCC)CCN([H])CCN(CCOP(=O)([O-])OCCCCCCCCCCCC),0.32684467775282494
N(CCOP(=O)([O-])OCCCCCCCCCCCCC)CCN(CCOP(=O)([O-])OCCCCCCCCCCCCC)CCN(CCOP(=O)([O-])OCCCCCCCCCCCCC)CCN([H])CCN(CCOP(=O)([O-])OCCCCCCCCCCCCC),0.33951353814924895
N(CCOP(=O)([O-])OCCCCCCCCCCCCCC)CCN(CCOP(=O)([O-])OCCCCCCCCCCCCCC)CCN(CCOP(=O)([O-])OCCCCCCCCCCCCCC)CCN([H])CCN(CCOP(=O)([O-])OCCCCCCCCCCCCCC),0.35118348093976365
N(CCOP(=O)([O-])OCCCCCCCCCCCCCCC)CCN(CCOP(=O)([O-])OCCCCCCCCCCCCCCC)CCN(CCOP(=O)([O-])OCCCCCCCCCCCCCCC)CCN([H])CCN(CCOP(=O)([O-])OCCCCCCCCCCCCCCC),0.36178862640629295
N(CCOP(=O)([O-])OCCCCCCCCCCCCCCCC)CCN(CCOP(=O)([O-])OCCCCCCCCCCCCCCCC)CCN(CCOP(=O)([O-])OCCCCCCCCCCCCCCCC)CCN([H])CCN(CCOP(=O)([O-])OCCCCCCCCCCCCCCCC),0.3715177681893813
N(CCOP(=O)([O-])OCCCC)CCN(CCOP(=O)([O-])OCCCC)CCN(CCOP(=O)([O-])OCCCC)CCN([H])CCN(CCOP(=O)([O-])OCCCC),-0.06693993020600043
N(CCOP(=O)([O-])OCCCCC)CCN(CCOP(=O)([O-])OCCCCC)CCN(CCOP(=O)([O-])OCCCCC)CCN([H])CCN(CCOP(=O)([O-])OCCCCC),-0.012563462964818325
N(CCOP(=O)([O-])OCCCCCC)CCN(CCOP(=O)([O-])OCCCCCC)CCN(CCOP(=O)([O-])OCCCCCC)CCN([H])CCN(CCOP(=O)([O-])OCCCCCC),0.03255782901721075
N(CCOP(=O)([O-])OCCCCCCC)CCN(CCOP(=O)([O-])OCCCCCCC)CCN(CCOP(=O)([O-])OCCCCCCC)CCN([H])CCN(CCOP(=O)([O-])OCCCCCCC),0.12457235067538412
N(CCOP(=O)([O-])OCCCCCCCC)CCN(CCOP(=O)([O-])OCCCCCCCC)CCN(CCOP(=O)([O-])OCCCCCCCC)CCN([H])CCN(CCOP(=O)([O-])OCCCCCCCC),0.18519035812180548
N(CCOP(=O)([O-])OCCCCCCCCC)CCN(CCOP(=O)([O-])OCCCCCCCCC)CCN(CCOP(=O)([O-])OCCCCCCCCC)CCN([H])CCN(CCOP(=O)([O-])OCCCCCCCCC),0.27884025368802234
N(CCOP(=O)([O-])OCCCCCCCCCC)CCN(CCOP(=O)([O-])OCCCCCCCCCC)CCN(CCOP(=O)([O-])OCCCCCCCCCC)CCN(CCOP(=O)([O-])OCCCCCCCCCC)CCN(CCOP(=O)([O-])OCCCCCCCCCC),0.3112198968594155
N(CCOP(=O)([O-])OCCCCCCCCCCC)CCN(CCOP(=O)([O-])OCCCCCCCCCCC)CCN(CCOP(=O)([O-])OCCCCCCCCCCC)CCN(CCOP(=O)([O-])OCCCCCCCCCCC)CCN(CCOP(=O)([O-])OCCCCCCCCCCC),0.3263257409500413
N(CCOP(=O)([O-])OCCCCCCCCCCCC)CCN(CCOP(=O)([O-])OCCCCCCCCCCCC)CCN(CCOP(=O)([O-])OCCCCCCCCCCCC)CCN(CCOP(=O)([O-])OCCCCCCCCCCCC)CCN(CCOP(=O)([O-])OCCCCCCCCCCCC),0.33997165832259707
N(CCOP(=O)([O-])OCCCCCCCCCCCCC)CCN(CCOP(=O)([O-])OCCCCCCCCCCCCC)CCN(CCOP(=O)([O-])OCCCCCCCCCCCCC)CCN(CCOP(=O)([O-])OCCCCCCCCCCCCC)CCN(CCOP(=O)([O-])OCCCCCCCCCCCCC),0.35258190602228795
N(CCOP(=O)([O-])OCCCCCCCCCCCCCC)CCN(CCOP(=O)([O-])OCCCCCCCCCCCCCC)CCN(CCOP(=O)([O-])OCCCCCCCCCCCCCC)CCN(CCOP(=O)([O-])OCCCCCCCCCCCCCC)CCN(CCOP(=O)([O-])OCCCCCCCCCCCCCC),0.3639966989281925
N(CCOP(=O)([O-])OCCCCCCCCCCCCCCC)CCN(CCOP(=O)([O-])OCCCCCCCCCCCCCCC)CCN(CCOP(=O)([O-])OCCCCCCCCCCCCCCC)CCN(CCOP(=O)([O-])OCCCCCCCCCCCCCCC)CCN(CCOP(=O)([O-])OCCCCCCCCCCCCCCC),0.37430324129642584
N(CCOP(=O)([O-])OCCCCCCCCCCCCCCCC)CCN(CCOP(=O)([O-])OCCCCCCCCCCCCCCCC)CCN(CCOP(=O)([O-])OCCCCCCCCCCCCCCCC)CCN(CCOP(=O)([O-])OCCCCCCCCCCCCCCCC)CCN(CCOP(=O)([O-])OCCCCCCCCCCCCCCCC),0.3837759823141811
N(CCOP(=O)([O-])OCCCC)CCN(CCOP(=O)([O-])OCCCC)CCN(CCOP(=O)([O-])OCCCC)CCN(CCOP(=O)([O-])OCCCC)CCN(CCOP(=O)([O-])OCCCC),-0.06719811794379493
N(CCOP(=O)([O-])OCCCCC)CCN(CCOP(=O)([O-])OCCCCC)CCN(CCOP(=O)([O-])OCCCCC)CCN(CCOP(=O)([O-])OCCCCC)CCN(CCOP(=O)([O-])OCCCCC),-0.010683538152576206
N(CCOP(=O)([O-])OCCCCCC)CCN(CCOP(=O)([O-])OCCCCCC)CCN(CCOP(=O)([O-])OCCCCCC)CCN(CCOP(=O)([O-])OCCCCCC)CCN(CCOP(=O)([O-])OCCCCCC),0.036032477836859346
N(CCOP(=O)([O-])OCCCCCCC)CCN(CCOP(=O)([O-])OCCCCCCC)CCN(CCOP(=O)([O-])OCCCCCCC)CCN(CCOP(=O)([O-])OCCCCCCC)CCN(CCOP(=O)([O-])OCCCCCCC),0.13218461509785187
N(CCOP(=O)([O-])OCCCCCCCC)CCN(CCOP(=O)([O-])OCCCCCCCC)CCN(CCOP(=O)([O-])OCCCCCCCC)CCN(CCOP(=O)([O-])OCCCCCCCC)CCN(CCOP(=O)([O-])OCCCCCCCC),0.19471051347553592
N(CCOP(=O)([O-])OCCCCCCCCC)CCN(CCOP(=O)([O-])OCCCCCCCCC)CCN(CCOP(=O)([O-])OCCCCCCCCC)CCN(CCOP(=O)([O-])OCCCCCCCCC)CCN(CCOP(=O)([O-])OCCCCCCCCC),0.29311640646483117
N(CCOP(=O)([O-])OCCCCCCCCCC)CCCCCC,0.33979650523850785
N(CCOP(=O)([O-])OCCCCCCCCCCC)CCCCCC,0.351288257091749
N(CCOP(=O)([O-])OCCCCCCCCCCCC)CCCCCC,0.3616568669701408
N(CCOP(=O)([O-])OCCCCCCCCCCCCC)CCCCCC,0.3711264510032143
N(CCOP(=O)([O-])OCCCCCCCCCCCCCC)CCCCCC,0.3799059062717043
N(CCOP(=O)([O-])OCCCCCCCCCCCCCCC)CCCCCC,0.38808529618766413
N(CCOP(=O)([O-])OCCCCCCCCCCCCCCCC)CCCCCC,0.39577189866452517
N(CCOP(=O)([O-])OCCCC)CCCCCC,0.05310604665332953
N(CCOP(=O)([O-])OCCCCC)CCCCCC,0.09012419753132492
N(CCOP(=O)([O-])OCCCCCC)CCCCCC,0.12263458752114213
N(CCOP(=O)([O-])OCCCCCCC)CCCCCC,0.19641629782141692
N(CCOP(=O)([O-])OCCCCCCCC)CCCCCC,0.24942606153340863
N(CCOP(=O)([O-])OCCCCCCCCC)CCCCCC,0.3273953630996724
N(CCOP(=O)([O-])OCCCCCCCCCC)CCCCCCCC,0.3705017254307172
N(CCOP(=O)([O-])OCCCCCCCCCCC)CCCCCCCC,0.3796396473749592
N(CCOP(=O)([O-])OCCCCCCCCCCCC)CCCCCCCC,0.3881282133096115
N(CCOP(=O)([O-])OCCCCCCCCCCCCC)CCCCCCCC,0.396130514254649
N(CCOP(=O)([O-])OCCCCCCCCCCCCCC)CCCCCCCC,0.4036131933907926
N(CCOP(=O)([O-])OCCCCCCCCCCCCCCC)CCCCCCCC,0.4106080588278549
N(CCOP(=O)([O-])OCCCCCCCCCCCCCCCC)CCCCCCCC,0.4171586233452704
N(CCOP(=O)([O-])OCCCC)CCCCCCCC,0.11559379689182248
N(CCOP(=O)([O-])OCCCCC)CCCCCCCC,0.14767888743583213
N(CCOP(=O)([O-])OCCCCCC)CCCCCCCC,0.17535533822038057
N(CCOP(=O)([O-])OCCCCCCC)CCCCCCCC,0.24475953186489646
N(CCOP(=O)([O-])OCCCCCCCC)CCCCCCCC,0.2919620222547821
N(CCOP(=O)([O-])OCCCCCCCCC)CCCCCCCC,0.36062828562137267
N(CCOP(=O)([O-])OCCCCCCCCCC)CCCCCCCCCC,0.39219420109960385
N(CCOP(=O)([O-])OCCCCCCCCCCC)CCCCCCCCCC,0.40006191323542534
N(CCOP(=O)([O-])OCCCCCCCCCCCC)CCCCCCCCCC,0.40741146292319647
N(CCOP(=O)([O-])OCCCCCCCCCCCCC)CCCCCCCCCC,0.41427397326661947
N(CCOP(=O)([O-])OCCCCCCCCCCCCCC)CCCCCCCCCC,0.42070382779426896
N(CCOP(=O)([O-])OCCCCCCCCCCCCCCC)CCCCCCCCCC,0.4264989497036376
N(CCOP(=O)([O-])OCCCCCCCCCCCCCCCC)CCCCCCCCCC,0.43144957821063423
N(CCOP(=O)([O-])OCCCC)CCCCCCCCCC,0.16415602441044366
N(CCOP(=O)([O-])OCCCCC)CCCCCCCCCC,0.190871858365505
N(CCOP(=O)([O-])OCCCCCC)CCCCCCCCCC,0.2153632690006452
N(CCOP(=O)([O-])OCCCCCCC)CCCCCCCCCC,0.2811201029371204
N(CCOP(=O)([O-])OCCCCCCCC)CCCCCCCCCC,0.32142961510311663
N(CCOP(=O)([O-])OCCCCCCCCC)CCCCCCCCCC,0.3837555214794983
N(CCOP(=O)([O-])OCCCCCCCCCC)CCCCCCCCCCCC,0.40741158205469385
N(CCOP(=O)([O-])OCCCCCCCCCCC)CCCCCCCCCCCC,0.41427397326661947
N(CCOP(=O)([O-])OCCCCCCCCCCCC)CCCCCCCCCCCC,0.42070376822852024
N(CCOP(=O)([O-])OCCCCCCCCCCCCC)CCCCCCCCCCCC,0.4264989199207633
N(CCOP(=O)([O-])OCCCCCCCCCCCCCC)CCCCCCCCCCCC,0.43144963777638295
N(CCOP(=O)([O-])OCCCCCCCCCCCCCCC)CCCCCCCCCCCC,0.43610675605659854
N(CCOP(=O)([O-])OCCCCCCCCCCCCCCCC)CCCCCCCCCCCC,0.4404958880333564
N(CCOP(=O)([O-])OCCCC)CCCCCCCCCCCC,0.19945075575807983
N(CCOP(=O)([O-])OCCCCC)CCCCCCCCCCCC,0.22452227721993148
N(CCOP(=O)([O-])OCCCCCC)CCCCCCCCCCCC,0.24842315302233559
N(CCOP(=O)([O-])OCCCCCCC)CCCCCCCCCCCC,0.306070318751719
N(CCOP(=O)([O-])OCCCCCCCC)CCCCCCCCCCCC,0.34265098526543586
N(CCOP(=O)([O-])OCCCCCCCCC)CCCCCCCCCCCC,0.4000620323669228
N(CCOP(=O)([O-])OCCCCCCCCCC)CCCCCCCCCCCCCC,0.4207037384456459
N(CCOP(=O)([O-])OCCCCCCCCCCC)CCCCCCCCCCCCCC,0.4264989497036376
N(CCOP(=O)([O-])OCCCCCCCCCCCC)CCCCCCCCCCCCCC,0.43144957821063423
N(CCOP(=O)([O-])OCCCCCCCCCCCCC)CCCCCCCCCCCCCC,0.4361066667079755
N(CCOP(=O)([O-])OCCCCCCCCCCCCCC)CCCCCCCCCCCCCC,0.4404959773819795
N(CCOP(=O)([O-])OCCCCCCCCCCCCCCC)CCCCCCCCCCCCCC,0.44468958478858844
N(CCOP(=O)([O-])OCCCCCCCCCCCCCCCC)CCCCCCCCCCCCCC,0.44869189679320703
N(CCOP(=O)([O-])OCCCC)CCCCCCCCCCCCCC,0.23229185478474906
N(CCOP(=O)([O-])OCCCCC)CCCCCCCCCCCCCC,0.2555093625350485
N(CCOP(=O)([O-])OCCCCCC)CCCCCCCCCCCCCC,0.275422222112525
N(CCOP(=O)([O-])OCCCCCCC)CCCCCCCCCCCCCC,0.3275061553922777
N(CCOP(=O)([O-])OCCCCCCCC)CCCCCCCCCCCCCC,0.3611239322164097
N(CCOP(=O)([O-])OCCCCCCCCC)CCCCCCCCCCCCCC,0.41427397326661947
N(CCCC)(CCCC)CCOP(=O)([O-])OCCCCCCCCCC,0.2955102943398394
N(CCCC)(CCCC)CCOP(=O)([O-])OCCCCCCCCCCC,0.30756616361626266
N(CCCC)(CCCC)CCOP(=O)([O-])OCCCCCCCCCCCC,0.318827038627494
N(CCCC)(CCCC)CCOP(=O)([O-])OCCCCCCCCCCCCC,0.3293819403849843
N(CCCC)(CCCC)CCOP(=O)([O-])OCCCCCCCCCCCCCC,0.33907054767607375
N(CCCC)(CCCC)CCOP(=O)([O-])OCCCCCCCCCCCCCCC,0.3481653142353736
N(CCCC)(CCCC)CCOP(=O)([O-])OCCCCCCCCCCCCCCCC,0.35669941818491663
N(CCCC)(CCCC)CCOP(=O)([O-])OCCCC,0.030527768735338676
N(CCCC)(CCCC)CCOP(=O)([O-])OCCCCC,0.0655605336429964
N(CCCC)(CCCC)CCOP(=O)([O-])OCCCCCC,0.09538629533833942
N(CCCC)(CCCC)CCOP(=O)([O-])OCCCCCCC,0.1620404872791691
N(CCCC)(CCCC)CCOP(=O)([O-])OCCCCCCCC,0.20746565485897
N(CCCC)(CCCC)CCOP(=O)([O-])OCCCCCCCCC,0.28249005559176016
N(CCCCCC)(CCCCCC)CCOP(=O)([O-])OCCCCCCCCCC,0.4664456766771001
N(CCCCCC)(CCCCCC)CCOP(=O)([O-])OCCCCCCCCCCC,0.47055449224041673
N(CCCCCC)(CCCCCC)CCOP(=O)([O-])OCCCCCCCCCCCC,0.47440628159803877
N(CCCCCC)(CCCCCC)CCOP(=O)([O-])OCCCCCCCCCCCCC,0.4780247519179538
N(CCCCCC)(CCCCCC)CCOP(=O)([O-])OCCCCCCCCCCCCCC,0.4814302449033471
N(CCCCCC)(CCCCCC)CCOP(=O)([O-])OCCCCCCCCCCCCCCC,0.48462231381110343
N(CCCCCC)(CCCCCC)CCOP(=O)([O-])OCCCCCCCCCCCCCCCC,0.48763497068373757
N(CCCCCC)(CCCCCC)CCOP(=O)([O-])OCCCC,0.28049174385395187
N(CCCCCC)(CCCCCC)CCOP(=O)([O-])OCCCCC,0.3034722097072498
N(CCCCCC)(CCCCCC)CCOP(=O)([O-])OCCCCCC,0.32323296814538877
N(CCCCCC)(CCCCCC)CCOP(=O)([O-])OCCCCCCC,0.37785422362304955
N(CCCCCC)(CCCCCC)CCOP(=O)([O-])OCCCCCCCC,0.41092962452227955
N(CCCCCC)(CCCCCC)CCOP(=O)([O-])OCCCCCCCCC,0.46205353663003224
N(CCCCCCCC)(CCCCCCCC)CCOP(=O)([O-])OCCCCCCCCCC,0.48800132982119404
N(CCCCCCCC)(CCCCCCCC)CCOP(=O)([O-])OCCCCCCCCCCC,0.49100371160217526
N(CCCCCCCC)(CCCCCCCC)CCOP(=O)([O-])OCCCCCCCCCCCC,0.49383927950388706
N(CCCCCCCC)(CCCCCCCC)CCOP(=O)([O-])OCCCCCCCCCCCCC,0.4965216145170358
N(CCCCCCCC)(CCCCCCCC)CCOP(=O)([O-])OCCCCCCCCCCCCCC,0.4990627787057358
N(CCCCCCCC)(CCCCCCCC)CCOP(=O)([O-])OCCCCCCCCCCCCCCC,0.5014694136509686
N(CCCCCCCC)(CCCCCCCC)CCOP(=O)([O-])OCCCCCCCCCCCCCCCC,0.5036994361512687
N(CCCCCCCC)(CCCCCCCC)CCOP(=O)([O-])OCCCC,0.338257177377404
N(CCCCCCCC)(CCCCCCCC)CCOP(=O)([O-])OCCCCC,0.35584610905173514
N(CCCCCCCC)(CCCCCCCC)CCOP(=O)([O-])OCCCCCC,0.371072841829373
N(CCCCCCCC)(CCCCCCCC)CCOP(=O)([O-])OCCCCCCC,0.4156465765970769
N(CCCCCCCC)(CCCCCCCC)CCOP(=O)([O-])OCCCCCCCC,0.4433239506507304
N(CCCCCCCC)(CCCCCCCC)CCOP(=O)([O-])OCCCCCCCCC,0.48479529274536465
N(CCC(=O)OCCCCCCCC\C=C/CC(CCCCCC)OC(=O)CC/C=C\CC)(CCC(=O)OCCCCCCCC\C=C/CC(CCCCCC)OC(=O)CC/C=C\CC)CCCN(C)C,0.5579675858705615
N(CCC(=O)OCCCCCCCC\C=C/CC(CCCCCC)OC(=O)CCCCCCCCCCCCCCCCC)(CCC(=O)OCCCCCCCC\C=C/CC(CCCCCC)OC(=O)CCCCCCCCCCCCCCCCC)CCCN(C)C,0.5689341167345298
N(CCC(=O)OCCCCCCCC\C=C/CC(CCCCCC)OC(=O)CCCCCCC/C=C\CCCCCCCC)(CCC(=O)OCCCCCCCC\C=C/CC(CCCCCC)OC(=O)CCCCCCC/C=C\CCCCCCCC)CCCN(C)C,0.5727825406273496
N(CCC(=O)OCCCCCCCC\C=C/CC(CCCCCC)OC(=O)CCC/C=C\C/C=C\C/C=C\C/C=C\C/C=C\CC)(CCC(=O)OCCCCCCCC\C=C/CC(CCCCCC)OC(=O)CCC/C=C\C/C=C\C/C=C\C/C=C\C/C=C\CC)CCCN(C)C,0.6626745820216641
N(CCC(=O)OCCCCCCCC\C=C/CC(CCCCCC)OC(=O)CCCCCCCCCC)(CCC(=O)OCCCCCCCC\C=C/CC(CCCCCC)OC(=O)CCCCCCCCCC)CCCN(C)C,0.5687459485343469
N(CCC(=O)OCCCCCCCC\C=C/CC(CCCCCC)OC(=O)CCCCCCCCCCC)(CCC(=O)OCCCCCCCC\C=C/CC(CCCCCC)OC(=O)CCCCCCCCCCC)CCCN(C)C,0.5686912671770288
N(CCC(=O)OCCCCCCCC\C=C/CC(CCCCCC)OC(=O)CCCCCCCCCCCCC)(CCC(=O)OCCCCCCCC\C=C/CC(CCCCCC)OC(=O)CCCCCCCCCCCCC)CCCN(C)C,0.5685900054042174
N(CCC(=O)OCCCCCCCC\C=C/CC(CCCCCC)OC(=O)CCCCCCCCCCCCCCC)(CCC(=O)OCCCCCCCC\C=C/CC(CCCCCC)OC(=O)CCCCCCCCCCCCCCC)CCCN(C)C,0.5687109238741039
N(CCC(=O)OCCCCCCCC\C=C/CC(CCCCCC)OC(=O)C(CCCCCC)CCCCCCCC)(CCC(=O)OCCCCCCCC\C=C/CC(CCCCCC)OC(=O)C(CCCCCC)CCCCCCCC)CCCN(C)C,0.5524716329341015
N(CCC(=O)OCCCCCCCC\C=C/CC(CCCCCC)OC(=O)CC/C=C\CCCCC)(CCC(=O)OCCCCCCCC\C=C/CC(CCCCCC)OC(=O)CC/C=C\CCCCC)CCCN(C)C,0.5553815984559552
N(CCC(=O)OCCCCCCCC\C=C/CC(CCCCCC)OC(=O)CCC/C=C\C/C=C\C/C=C\C/C=C\CCCCC)(CCC(=O)OCCCCCCCC\C=C/CC(CCCCCC)OC(=O)CCC/C=C\C/C=C\C/C=C\C/C=C\CCCCC)CCCN(C)C,0.6215838650613029
N(CCC(=O)OCCCCCCCC\C=C/CC(CCCCCC)OC(=O)CC\C=C/C/C=C\C\C=C/C\C=C/C\C=C/C\C=C/CC)(CCC(=O)OCCCCCCCC\C=C/CC(CCCCCC)OC(=O)CC\C=C/C/C=C\C\C=C/C\C=C/C\C=C/C\C=C/CC)CCCN(C)C,0.7039714560383193
N(CCC(=O)OCCCCCCCC\C=C/CC(CCCCCC)OC(=O)C(CCCC)CCCCCC)(CCC(=O)OCCCCCCCC\C=C/CC(CCCCCC)OC(=O)C(CCCC)CCCCCC)CCCN(C)C,0.5354585829183233
N(CCC(=O)OCCCCCCCC\C=C/CC(CCCCCC)OC(=O)CCCCCCC/C=C\C/C=C\C/C=C\CC)(CCC(=O)OCCCCCCCC\C=C/CC(CCCCCC)OC(=O)CCCCCCC/C=C\C/C=C\C/C=C\CC)CCCN(C)C,0.6190365953833599
N(CCC(=O)OCCCCCCCC\C=C/CC(CCCCCC)OC(=O)CCCC\C=C/C\C=C/C\C=C/CCCCC)(CCC(=O)OCCCCCCCC\C=C/CC(CCCCCC)OC(=O)CCCC\C=C/C\C=C/C\C=C/CCCCC)CCCN(C)C,0.5978267809762908
N(CCC(=O)OCCCCCCCC\C=C/CC(CCCCCC)OC(=O)CC/C=C\CC)(CCC(=O)OCCCCCCCC\C=C/CC(CCCCCC)OC(=O)CC/C=C\CC)CCN(C)C,0.5523561945130966
N(CCC(=O)OCCCCCCCC\C=C/CC(CCCCCC)OC(=O)CCCCCCCCCCCCCCCCC)(CCC(=O)OCCCCCCCC\C=C/CC(CCCCCC)OC(=O)CCCCCCCCCCCCCCCCC)CCN(C)C,0.5652707040572111
N(CCC(=O)OCCCCCCCC\C=C/CC(CCCCCC)OC(=O)CCCCCCC/C=C\CCCCCCCC)(CCC(=O)OCCCCCCCC\C=C/CC(CCCCCC)OC(=O)CCCCCCC/C=C\CCCCCCCC)CCN(C)C,0.5689377502452012
N(CCC(=O)OCCCCCCCC\C=C/CC(CCCCCC)OC(=O)CCC/C=C\C/C=C\C/C=C\C/C=C\C/C=C\CC)(CCC(=O)OCCCCCCCC\C=C/CC(CCCCCC)OC(=O)CCC/C=C\C/C=C\C/C=C\C/C=C\C/C=C\CC)CCN(C)C,0.6608680719947101
N(CCC(=O)OCCCCCCCC\C=C/CC(CCCCCC)OC(=O)CCCCCCCCCC)(CCC(=O)OCCCCCCCC\C=C/CC(CCCCCC)OC(=O)CCCCCCCCCC)CCN(C)C,0.5641592071862351
N(CCC(=O)OCCCCCCCC\C=C/CC(CCCCCC)OC(=O)CCCCCCCCCCC)(CCC(=O)OCCCCCCCC\C=C/CC(CCCCCC)OC(=O)CCCCCCCCCCC)CCN(C)C,0.5642185942377016
N(CCC(=O)OCCCCCCCC\C=C/CC(CCCCCC)OC(=O)CCCCCCCCCCCCC)(CCC(=O)OCCCCCCCC\C=C/CC(CCCCCC)OC(=O)CCCCCCCCCCCCC)CCN(C)C,0.5645250600148276
N(CCC(=O)OCCCCCCCC\C=C/CC(CCCCCC)OC(=O)CCCCCCCCCCCCCCC)(CCC(=O)OCCCCCCCC\C=C/CC(CCCCCC)OC(=O)CCCCCCCCCCCCCCC)CCN(C)C,0.5648705413573603
N(CCC(=O)OCCCCCCCC\C=C/CC(CCCCCC)OC(=O)C(CCCCCC)CCCCCCCC)(CCC(=O)OCCCCCCCC\C=C/CC(CCCCCC)OC(=O)C(CCCCCC)CCCCCCCC)CCN(C)C,0.548288926059507
N(CCC(=O)OCCCCCCCC\C=C/CC(CCCCCC)OC(=O)CCC/C=C\C/C=C\C/C=C\C/C=C\CCCCC)(CCC(=O)OCCCCCCCC\C=C/CC(CCCCCC)OC(=O)CCC/C=C\C/C=C\C/C=C\C/C=C\CCCCC)CCN(C)C,0.6178396216629813
N(CCC(=O)OCCCCCCCC\C=C/CC(CCCCCC)OC(=O)CC\C=C/C/C=C\C\C=C/C\C=C/C\C=C/C\C=C/CC)(CCC(=O)OCCCCCCCC\C=C/CC(CCCCCC)OC(=O)CC\C=C/C/C=C\C\C=C/C\C=C/C\C=C/C\C=C/CC)CCN(C)C,0.7028073626112301
N(CCC(=O)OCCCCCCCC\C=C/CC(CCCCCC)OC(=O)C(CCCC)CCCCCC)(CCC(=O)OCCCCCCCC\C=C/CC(CCCCCC)OC(=O)C(CCCC)CCCCCC)CCN(C)C,0.5306449556333656
N(CCC(=O)OCCCCCCCC\C=C/CC(CCCCCC)OC(=O)CCCCCCC/C=C\C/C=C\C/C=C\CC)(CCC(=O)OCCCCCCCC\C=C/CC(CCCCCC)OC(=O)CCCCCCC/C=C\C/C=C\C/C=C\CC)CCN(C)C,0.6151645238883011
N(CCC(=O)OCCCCCCCC\C=C/CC(CCCCCC)OC(=O)CCCC\C=C/C\C=C/C\C=C/CCCCC)(CCC(=O)OCCCCCCCC\C=C/CC(CCCCCC)OC(=O)CCCC\C=C/C\C=C/C\C=C/CCCCC)CCN(C)C,0.5940386376211682
N(CCC(=O)OCCCCCCCC\C=C/CC(CCCCCC)OC(=O)CC/C=C\CC)(CCC(=O)OCCCCCCCC\C=C/CC(CCCCCC)OC(=O)CC/C=C\CC)CCCN(CC)CC,0.5646578320687078
N(CCC(=O)OCCCCCCCC\C=C/CC(CCCCCC)OC(=O)CCC/C=C\C/C=C\C/C=C\C/C=C\C/C=C\CC)(CCC(=O)OCCCCCCCC\C=C/CC(CCCCCC)OC(=O)CCC/C=C\C/C=C\C/C=C\C/C=C\C/C=C\CC)CCCN(CC)CC,0.6663061865891702
N(CCC(=O)OCCCCCCCC\C=C/CC(CCCCCC)OC(=O)CCCCCCCCCC)(CCC(=O)OCCCCCCCC\C=C/CC(CCCCCC)OC(=O)CCCCCCCCCC)CCCN(CC)CC,0.5746327123481098
N(CCC(=O)OCCCCCCCC\C=C/CC(CCCCCC)OC(=O)CCCCCCCCCCC)(CCC(=O)OCCCCCCCC\C=C/CC(CCCCCC)OC(=O)CCCCCCCCCCC)CCCN(CC)CC,0.5743490602527407
N(CCC(=O)OCCCCCCCC\C=C/CC(CCCCCC)OC(=O)CCCCCCCCCCCCC)(CCC(=O)OCCCCCCCC\C=C/CC(CCCCCC)OC(=O)CCCCCCCCCCCCC)CCCN(CC)CC,0.5739211399139897
N(CCC(=O)OCCCCCCCC\C=C/CC(CCCCCC)OC(=O)CCCCCCCCCCCCCCC)(CCC(=O)OCCCCCCCC\C=C/CC(CCCCCC)OC(=O)CCCCCCCCCCCCCCC)CCCN(CC)CC,0.5737455400867852
N(CCC(=O)OCCCCCCCC\C=C/CC(CCCCCC)OC(=O)CC\C=C/C/C=C\C\C=C/C\C=C/C\C=C/C\C=C/CC)(CCC(=O)OCCCCCCCC\C=C/CC(CCCCCC)OC(=O)CC\C=C/C/C=C\C\C=C/C\C=C/C\C=C/C\C=C/CC)CCCN(CC)CC,0.7070739976257607
N(CCC(=O)OCCCCCCCC\C=C/CC(CCCCCC)OC(=O)CCCCCCC/C=C\C/C=C\C/C=C\CC)(CCC(=O)OCCCCCCCC\C=C/CC(CCCCCC)OC(=O)CCCCCCC/C=C\C/C=C\C/C=C\CC)CCCN(CC)CC,0.6230202335257571
N(CCC(=O)OCCCCCCCC\C=C/CC(CCCCCC)OC(=O)CCCC\C=C/C\C=C/C\C=C/CCCCC)(CCC(=O)OCCCCCCCC\C=C/CC(CCCCCC)OC(=O)CCCC\C=C/C\C=C/C\C=C/CCCCC)CCCN(CC)CC,0.6021654309810148
N(CCC(=O)OCCCCCCCC\C=C/CC(CCCCCC)OC(=O)CC/C=C\CC)(CCC(=O)OCCCCCCCC\C=C/CC(CCCCCC)OC(=O)CC/C=C\CC)CCN(CC)CC,0.5449598559297119
N(CCC(=O)OCCCCCCCC\C=C/CC(CCCCCC)OC(=O)CCCCCCCCCCCCCCCCC)(CCC(=O)OCCCCCCCC\C=C/CC(CCCCCC)OC(=O)CCCCCCCCCCCCCCCCC)CCN(CC)CC,0.5601890904687956
N(CCC(=O)OCCCCCCCC\C=C/CC(CCCCCC)OC(=O)CCCCCCC/C=C\CCCCCCCC)(CCC(=O)OCCCCCCCC\C=C/CC(CCCCCC)OC(=O)CCCCCCC/C=C\CCCCCCCC)CCN(CC)CC,0.5636848851292372
N(CCC(=O)OCCCCCCCC\C=C/CC(CCCCCC)OC(=O)CCC/C=C\C/C=C\C/C=C\C/C=C\C/C=C\CC)(CCC(=O)OCCCCCCCC\C=C/CC(CCCCCC)OC(=O)CCC/C=C\C/C=C\C/C=C\C/C=C\C/C=C\CC)CCN(CC)CC,0.6525446520983633
N(CCC(=O)OCCCCCCCC\C=C/CC(CCCCCC)OC(=O)CCCCCCCCCC)(CCC(=O)OCCCCCCCC\C=C/CC(CCCCCC)OC(=O)CCCCCCCCCC)CCN(CC)CC,0.5577144314385332
N(CCC(=O)OCCCCCCCC\C=C/CC(CCCCCC)OC(=O)CCCCCCCCCCC)(CCC(=O)OCCCCCCCC\C=C/CC(CCCCCC)OC(=O)CCCCCCCCCCC)CCN(CC)CC,0.5583287925707543
N(CCC(=O)OCCCCCCCC\C=C/CC(CCCCCC)OC(=O)CCCCCCCCCCCCC)(CCC(=O)OCCCCCCCC\C=C/CC(CCCCCC)OC(=O)CCCCCCCCCCCCC)CCN(CC)CC,0.5589207569814595
N(CCC(=O)OCCCCCCCC\C=C/CC(CCCCCC)OC(=O)CCCCCCCCCCCCCCC)(CCC(=O)OCCCCCCCC\C=C/CC(CCCCCC)OC(=O)CCCCCCCCCCCCCCC)CCN(CC)CC,0.5595721084436311
N(CCC(=O)OCCCCCCCC\C=C/CC(CCCCCC)OC(=O)C(CCCCCC)CCCCCCCC)(CCC(=O)OCCCCCCCC\C=C/CC(CCCCCC)OC(=O)C(CCCCCC)CCCCCCCC)CCN(CC)CC,0.5428830365351004
N(CCC(=O)OCCCCCCCC\C=C/CC(CCCCCC)OC(=O)CC/C=C\CCCCC)(CCC(=O)OCCCCCCCC\C=C/CC(CCCCCC)OC(=O)CC/C=C\CCCCC)CCN(CC)CC,0.5440195510205357
N(CCC(=O)OCCCCCCCC\C=C/CC(CCCCCC)OC(=O)CCC/C=C\C/C=C\C/C=C\C/C=C\CCCCC)(CCC(=O)OCCCCCCCC\C=C/CC(CCCCCC)OC(=O)CCC/C=C\C/C=C\C/C=C\C/C=C\CCCCC)CCN(CC)CC,0.6112499820144105
N(CCC(=O)OCCCCCCCC\C=C/CC(CCCCCC)OC(=O)CC\C=C/C/C=C\C\C=C/C\C=C/C\C=C/C\C=C/CC)(CCC(=O)OCCCCCCCC\C=C/CC(CCCCCC)OC(=O)CC\C=C/C/C=C\C\C=C/C\C=C/C\C=C/C\C=C/CC)CCN(CC)CC,0.6949169857080235
N(CCC(=O)OCCCCCCCC\C=C/CC(CCCCCC)OC(=O)C(CCCC)CCCCCC)(CCC(=O)OCCCCCCCC\C=C/CC(CCCCCC)OC(=O)C(CCCC)CCCCCC)CCN(CC)CC,0.5251510279323618
N(CCC(=O)OCCCCCCCC\C=C/CC(CCCCCC)OC(=O)CCCCCCC/C=C\C/C=C\C/C=C\CC)(CCC(=O)OCCCCCCCC\C=C/CC(CCCCCC)OC(=O)CCCCCCC/C=C\C/C=C\C/C=C\CC)CCN(CC)CC,0.6083485939603713
N(CCC(=O)OCCCCCCCC\C=C/CC(CCCCCC)OC(=O)CCCC\C=C/C\C=C/C\C=C/CCCCC)(CCC(=O)OCCCCCCCC\C=C/CC(CCCCCC)OC(=O)CCCC\C=C/C\C=C/C\C=C/CCCCC)CCN(CC)CC,0.5872881108853247
CN(CCC(=O)OCCCCCCCC\C=C/CC(CCCCCC)OC(=O)CC/C=C\CC)CCCN(CCC(=O)OCCCCCCCC\C=C/CC(CCCCCC)OC(=O)CC/C=C\CC)C,0.5676001417921125
CN(CCC(=O)OCCCCCCCC\C=C/CC(CCCCCC)OC(=O)CCCCC)CCCN(CCC(=O)OCCCCCCCC\C=C/CC(CCCCCC)OC(=O)CCCCC)C,0.539966995306878
CN(CCC(=O)OCCCCCCCC\C=C/CC(CCCCCC)OC(=O)CCCCCC)CCCN(CCC(=O)OCCCCCCCC\C=C/CC(CCCCCC)OC(=O)CCCCCC)C,0.5412010784887045
CN(CCC(=O)OCCCCCCCC\C=C/CC(CCCCCC)OC(=O)CCCCCCC)CCCN(CCC(=O)OCCCCCCCC\C=C/CC(CCCCCC)OC(=O)CCCCCCC)C,0.5509696825803149
CN(CCC(=O)OCCCCCCCC\C=C/CC(CCCCCC)OC(=O)CCCCCCCCCCCCCCCCC)CCCN(CCC(=O)OCCCCCCCC\C=C/CC(CCCCCC)OC(=O)CCCCCCCCCCCCCCCCC)C,0.5753974174300813
CN(CCC(=O)OCCCCCCCC\C=C/CC(CCCCCC)OC(=O)CCCCCCC/C=C\CCCCCCCC)CCCN(CCC(=O)OCCCCCCCC\C=C/CC(CCCCCC)OC(=O)CCCCCCC/C=C\CCCCCCCC)C,0.5795064414735185
CN(CCC(=O)OCCCCCCCC\C=C/CC(CCCCCC)OC(=O)CCCCCCC/C=C\C/C=C\CCCCC)CCCN(CCC(=O)OCCCCCCCC\C=C/CC(CCCCCC)OC(=O)CCCCCCC/C=C\C/C=C\CCCCC)C,0.5844461694485007
CN(CCC(=O)OCCCCCCCC\C=C/CC(CCCCCC)OC(=O)CCC/C=C\C/C=C\C/C=C\C/C=C\C/C=C\CC)CCCN(CCC(=O)OCCCCCCCC\C=C/CC(CCCCCC)OC(=O)CCC/C=C\C/C=C\C/C=C\C/C=C\C/C=C\CC)C,0.6707477066419207
CN(CCC(=O)OCCCCCCCC\C=C/CC(CCCCCC)OC(=O)CCCCCCCCCC)CCCN(CCC(=O)OCCCCCCCC\C=C/CC(CCCCCC)OC(=O)CCCCCCCCCC)C,0.5769961025597772
CN(CCC(=O)OCCCCCCCC\C=C/CC(CCCCCC)OC(=O)CCCCCCCCCCC)CCCN(CCC(=O)OCCCCCCCC\C=C/CC(CCCCCC)OC(=O)CCCCCCCCCCC)C,0.576580869725502
CN(CCC(=O)OCCCCCCCC\C=C/CC(CCCCCC)OC(=O)CCCCCCCCCCCCC)CCCN(CCC(=O)OCCCCCCCC\C=C/CC(CCCCCC)OC(=O)CCCCCCCCCCCCC)C,0.5759653768440555
CN(CCC(=O)OCCCCCCCC\C=C/CC(CCCCCC)OC(=O)CCCCCCCCCCCCCCC)CCCN(CCC(=O)OCCCCCCCC\C=C/CC(CCCCCC)OC(=O)CCCCCCCCCCCCCCC)C,0.5755236372516033
CN(CCC(=O)OCCCCCCCC\C=C/CC(CCCCCC)OC(=O)C(CCCCCC)CCCCCCCC)CCCN(CCC(=O)OCCCCCCCC\C=C/CC(CCCCCC)OC(=O)C(CCCCCC)CCCCCCCC)C,0.5596994600143785
CN(CCC(=O)OCCCCCCCC\C=C/CC(CCCCCC)OC(=O)CC/C=C\CCCCC)CCCN(CCC(=O)OCCCCCCCC\C=C/CC(CCCCCC)OC(=O)CC/C=C\CCCCC)C,0.5642987697354687
CN(CCC(=O)OCCCCCCCC\C=C/CC(CCCCCC)OC(=O)CCC/C=C\C/C=C\C/C=C\C/C=C\CCCCC)CCCN(CCC(=O)OCCCCCCCC\C=C/CC(CCCCCC)OC(=O)CCC/C=C\C/C=C\C/C=C\C/C=C\CCCCC)C,0.6296737276569478
CN(CCC(=O)OCCCCCCCC\C=C/CC(CCCCCC)OC(=O)CC\C=C/C/C=C\C\C=C/C\C=C/C\C=C/C\C=C/CC)CCCN(CCC(=O)OCCCCCCCC\C=C/CC(CCCCCC)OC(=O)CC\C=C/C/C=C\C\C=C/C\C=C/C\C=C/C\C=C/CC)C,0.7116065937082927
CN(CCC(=O)OCCCCCCCC\C=C/CC(CCCCCC)OC(=O)CCCCCCC/C=C\C/C=C\C/C=C\CC)CCCN(CCC(=O)OCCCCCCCC\C=C/CC(CCCCCC)OC(=O)CCCCCCC/C=C\C/C=C\C/C=C\CC)C,0.626252390182397
CN(CCC(=O)OCCCCCCCC\C=C/CC(CCCCCC)OC(=O)CCCC\C=C/C\C=C/C\C=C/CCCCC)CCCN(CCC(=O)OCCCCCCCC\C=C/CC(CCCCCC)OC(=O)CCCC\C=C/C\C=C/C\C=C/CCCCC)C,0.6048685842233387
N(CCC(=O)OCCCCCCCC\C=C/CC(CCCCCC)OC(=O)CCC/C=C\C/C=C\C/C=C\C/C=C\C/C=C\CC)(CCC(=O)OCCCCCCCC\C=C/CC(CCCCCC)OC(=O)CCC/C=C\C/C=C\C/C=C\C/C=C\C/C=C\CC)CCCN1CCN(CCCN(CCC(=O)OCCCCCCCC\C=C/CC(CCCCCC)OC(=O)CCC/C=C\C/C=C\C/C=C\C/C=C\C/C=C\CC)(CCC(=O)OCCCCCCCC\C=C/CC(CCCCCC)OC(=O)CCC/C=C\C/C=C\C/C=C\C/C=C\C/C=C\CC))CC1,0.7004362288522301
N(CCC(=O)OCCCCCCCC\C=C/CC(CCCCCC)OC(=O)CC\C=C/C/C=C\C\C=C/C\C=C/C\C=C/C\C=C/CC)(CCC(=O)OCCCCCCCC\C=C/CC(CCCCCC)OC(=O)CC\C=C/C/C=C\C\C=C/C\C=C/C\C=C/C\C=C/CC)CCCN1CCN(CCCN(CCC(=O)OCCCCCCCC\C=C/CC(CCCCCC)OC(=O)CC\C=C/C/C=C\C\C=C/C\C=C/C\C=C/C\C=C/CC)(CCC(=O)OCCCCCCCC\C=C/CC(CCCCCC)OC(=O)CC\C=C/C/C=C\C\C=C/C\C=C/C\C=C/C\C=C/CC))CC1,0.7395142787293433
N(CCC(=O)OCCCCCCCC\C=C/CC(CCCCCC)OC(=O)CCCCCCC/C=C\C/C=C\C/C=C\CC)(CCC(=O)OCCCCCCCC\C=C/CC(CCCCCC)OC(=O)CCCCCCC/C=C\C/C=C\C/C=C\CC)CCCN1CCN(CCCN(CCC(=O)OCCCCCCCC\C=C/CC(CCCCCC)OC(=O)CCCCCCC/C=C\C/C=C\C/C=C\CC)(CCC(=O)OCCCCCCCC\C=C/CC(CCCCCC)OC(=O)CCCCCCC/C=C\C/C=C\C/C=C\CC))CC1,0.6535140846586599
N(CCC(=O)OCCCCCCCC\C=C/CC(CCCCCC)OC(=O)CCCC\C=C/C\C=C/C\C=C/CCCCC)(CCC(=O)OCCCCCCCC\C=C/CC(CCCCCC)OC(=O)CCCC\C=C/C\C=C/C\C=C/CCCCC)CCCN1CCN(CCCN(CCC(=O)OCCCCCCCC\C=C/CC(CCCCCC)OC(=O)CCCC\C=C/C\C=C/C\C=C/CCCCC)(CCC(=O)OCCCCCCCC\C=C/CC(CCCCCC)OC(=O)CCCC\C=C/C\C=C/C\C=C/CCCCC))CC1,0.6321505906199126
CCN(CC)CCN(CCC(=O)OCCCCCCCC\C=C/CC(CCCCCC)OC(=O)CC/C=C\CC)CCN(CC)CC,0.48649211244606444
CCN(CC)CCN(CCC(=O)OCCCCCCCC\C=C/CC(CCCCCC)OC(=O)CCCCC)CCN(CC)CC,0.4654423512057861
CCN(CC)CCN(CCC(=O)OCCCCCCCC\C=C/CC(CCCCCC)OC(=O)CCCCCC)CCN(CC)CC,0.4683515721557809
CCN(CC)CCN(CCC(=O)OCCCCCCCC\C=C/CC(CCCCCC)OC(=O)CCCCCCC)CCN(CC)CC,0.47678763088294307
CCN(CC)CCN(CCC(=O)OCCCCCCCC\C=C/CC(CCCCCC)OC(=O)CCCCCCCCCCCCCCCCC)CCN(CC)CC,0.5101567207062002
CCN(CC)CCN(CCC(=O)OCCCCCCCC\C=C/CC(CCCCCC)OC(=O)CCCCCCC/C=C\CCCCCCCC)CCN(CC)CC,0.5114453065480986
CCN(CC)CCN(CCC(=O)OCCCCCCCC\C=C/CC(CCCCCC)OC(=O)CCCCCCC/C=C\C/C=C\CCCCC)CCN(CC)CC,0.5134789407748934
CCN(CC)CCN(CCC(=O)OCCCCCCCC\C=C/CC(CCCCCC)OC(=O)CCC/C=C\C/C=C\C/C=C\C/C=C\C/C=C\CC)CCN(CC)CC,0.5692015073805003
CCN(CC)CCN(CCC(=O)OCCCCCCCC\C=C/CC(CCCCCC)OC(=O)CCCCCCCCCC)CCN(CC)CC,0.49966501820809395
CCN(CC)CCN(CCC(=O)OCCCCCCCC\C=C/CC(CCCCCC)OC(=O)CCCCCCCCCCC)CCN(CC)CC,0.5013601105020811
CCN(CC)CCN(CCC(=O)OCCCCCCCC\C=C/CC(CCCCCC)OC(=O)CCCCCCCCCCCCC)CCN(CC)CC,0.5044487732700724
CCN(CC)CCN(CCC(=O)OCCCCCCCC\C=C/CC(CCCCCC)OC(=O)CCCCCCCCCCCCCCC)CCN(CC)CC,0.5073979330545789
CCN(CC)CCN(CCC(=O)OCCCCCCCC\C=C/CC(CCCCCC)OC(=O)C(CCCCCC)CCCCCCCC)CCN(CC)CC,0.49341600529353574
CCN(CC)CCN(CCC(=O)OCCCCCCCC\C=C/CC(CCCCCC)OC(=O)CC/C=C\CCCCC)CCN(CC)CC,0.4888031145817392
CCN(CC)CCN(CCC(=O)OCCCCCCCC\C=C/CC(CCCCCC)OC(=O)CCC/C=C\C/C=C\C/C=C\C/C=C\CCCCC)CCN(CC)CC,0.5410378087714833
CCN(CC)CCN(CCC(=O)OCCCCCCCC\C=C/CC(CCCCCC)OC(=O)CC\C=C/C/C=C\C\C=C/C\C=C/C\C=C/C\C=C/CC)CCN(CC)CC,0.6009073428024573
N(CCC(=O)OCCCCCCCC\C=C/CC(CCCCCC)OC(=O)CC/C=C\CC)(CCC(=O)OCCCCCCCC\C=C/CC(CCCCCC)OC(=O)CC/C=C\CC)CCCN1CCN(C)CC1,0.5510966171908213
N(CCC(=O)OCCCCCCCC\C=C/CC(CCCCCC)OC(=O)CCCCC)(CCC(=O)OCCCCCCCC\C=C/CC(CCCCCC)OC(=O)CCCCC)CCCN1CCN(C)CC1,0.5251986209655831
N(CCC(=O)OCCCCCCCC\C=C/CC(CCCCCC)OC(=O)CCCCCC)(CCC(=O)OCCCCCCCC\C=C/CC(CCCCCC)OC(=O)CCCCCC)CCCN1CCN(C)CC1,0.5267664510374459
N(CCC(=O)OCCCCCCCC\C=C/CC(CCCCCC)OC(=O)CCCCCCC)(CCC(=O)OCCCCCCCC\C=C/CC(CCCCCC)OC(=O)CCCCCCC)CCCN1CCN(C)CC1,0.536319188855722
N(CCC(=O)OCCCCCCCC\C=C/CC(CCCCCC)OC(=O)CCCCCCCCCCCCCCCCC)(CCC(=O)OCCCCCCCC\C=C/CC(CCCCCC)OC(=O)CCCCCCCCCCCCCCCCC)CCCN1CCN(C)CC1,0.5637887082292431
N(CCC(=O)OCCCCCCCC\C=C/CC(CCCCCC)OC(=O)CCCCCCC/C=C\CCCCCCCC)(CCC(=O)OCCCCCCCC\C=C/CC(CCCCCC)OC(=O)CCCCCCC/C=C\CCCCCCCC)CCCN1CCN(C)CC1,0.5671847898263399
N(CCC(=O)OCCCCCCCC\C=C/CC(CCCCCC)OC(=O)CCCCCCC/C=C\C/C=C\CCCCC)(CCC(=O)OCCCCCCCC\C=C/CC(CCCCCC)OC(=O)CCCCCCC/C=C\C/C=C\CCCCC)CCCN1CCN(C)CC1,0.5709687635790527
N(CCC(=O)OCCCCCCCC\C=C/CC(CCCCCC)OC(=O)CCC/C=C\C/C=C\C/C=C\C/C=C\C/C=C\CC)(CCC(=O)OCCCCCCCC\C=C/CC(CCCCCC)OC(=O)CCC/C=C\C/C=C\C/C=C\C/C=C\C/C=C\CC)CCCN1CCN(C)CC1,0.6539602916822655
N(CCC(=O)OCCCCCCCC\C=C/CC(CCCCCC)OC(=O)CCCCCCCCCC)(CCC(=O)OCCCCCCCC\C=C/CC(CCCCCC)OC(=O)CCCCCCCCCC)CCCN1CCN(C)CC1,0.5619709998415313
N(CCC(=O)OCCCCCCCC\C=C/CC(CCCCCC)OC(=O)CCCCCCCCCCC)(CCC(=O)OCCCCCCCC\C=C/CC(CCCCCC)OC(=O)CCCCCCCCCCC)CCCN1CCN(C)CC1,0.5625117377083437
N(CCC(=O)OCCCCCCCC\C=C/CC(CCCCCC)OC(=O)CCCCCCCCCCCCC)(CCC(=O)OCCCCCCCC\C=C/CC(CCCCCC)OC(=O)CCCCCCCCCCCCC)CCCN1CCN(C)CC1,0.5628958772217909
N(CCC(=O)OCCCCCCCC\C=C/CC(CCCCCC)OC(=O)CCCCCCCCCCCCCCC)(CCC(=O)OCCCCCCCC\C=C/CC(CCCCCC)OC(=O)CCCCCCCCCCCCCCC)CCCN1CCN(C)CC1,0.5633463729793038
N(CCC(=O)OCCCCCCCC\C=C/CC(CCCCCC)OC(=O)CCC/C=C\C/C=C\C/C=C\C/C=C\CCCCC)(CCC(=O)OCCCCCCCC\C=C/CC(CCCCCC)OC(=O)CCC/C=C\C/C=C\C/C=C\C/C=C\CCCCC)CCCN1CCN(C)CC1,0.6145706533736371
N(CCC(=O)OCCCCCCCC\C=C/CC(CCCCCC)OC(=O)CC\C=C/C/C=C\C\C=C/C\C=C/C\C=C/C\C=C/CC)(CCC(=O)OCCCCCCCC\C=C/CC(CCCCCC)OC(=O)CC\C=C/C/C=C\C\C=C/C\C=C/C\C=C/C\C=C/CC)CCCN1CCN(C)CC1,0.6950428481350531
N(CCC(=O)OCCCCCCCC\C=C/CC(CCCCCC)OC(=O)CC/C=C\CC)(CCC(=O)OCCCCCCCC\C=C/CC(CCCCCC)OC(=O)CC/C=C\CC)CCc1ccncc1,0.38607200366405464
N(CCC(=O)OCCCCCCCC\C=C/CC(CCCCCC)OC(=O)CCCCC)(CCC(=O)OCCCCCCCC\C=C/CC(CCCCCC)OC(=O)CCCCC)CCc1ccncc1,0.3594982042367984
N(CCC(=O)OCCCCCCCC\C=C/CC(CCCCCC)OC(=O)CCCCCC)(CCC(=O)OCCCCCCCC\C=C/CC(CCCCCC)OC(=O)CCCCCC)CCc1ccncc1,0.3667397314392793
N(CCC(=O)OCCCCCCCC\C=C/CC(CCCCCC)OC(=O)CCCCCCC)(CCC(=O)OCCCCCCCC\C=C/CC(CCCCCC)OC(=O)CCCCCCC)CCc1ccncc1,0.38147626788788735
N(CCC(=O)OCCCCCCCC\C=C/CC(CCCCCC)OC(=O)CCCCCCCCCCCCCCCCC)(CCC(=O)OCCCCCCCC\C=C/CC(CCCCCC)OC(=O)CCCCCCCCCCCCCCCCC)CCc1ccncc1,0.4480353631108974
N(CCC(=O)OCCCCCCCC\C=C/CC(CCCCCC)OC(=O)CCC/C=C\C/C=C\C/C=C\C/C=C\C/C=C\CC)(CCC(=O)OCCCCCCCC\C=C/CC(CCCCCC)OC(=O)CCC/C=C\C/C=C\C/C=C\C/C=C\C/C=C\CC)CCc1ccncc1,0.5398408946168536
N(CCC(=O)OCCCCCCCC\C=C/CC(CCCCCC)OC(=O)CCCCCCCCCC)(CCC(=O)OCCCCCCCC\C=C/CC(CCCCCC)OC(=O)CCCCCCCCCC)CCc1ccncc1,0.421114622980265
N(CCC(=O)OCCCCCCCC\C=C/CC(CCCCCC)OC(=O)CCCCCCCCCCC)(CCC(=O)OCCCCCCCC\C=C/CC(CCCCCC)OC(=O)CCCCCCCCCCC)CCc1ccncc1,0.4255397028863709
N(CCC(=O)OCCCCCCCC\C=C/CC(CCCCCC)OC(=O)CCCCCCCCCCCCC)(CCC(=O)OCCCCCCCC\C=C/CC(CCCCCC)OC(=O)CCCCCCCCCCCCC)CCc1ccncc1,0.4339160171675744
N(CCC(=O)OCCCCCCCC\C=C/CC(CCCCCC)OC(=O)CCCCCCCCCCCCCCC)(CCC(=O)OCCCCCCCC\C=C/CC(CCCCCC)OC(=O)CCCCCCCCCCCCCCC)CCc1ccncc1,0.4412860276900282
O=C(CCN(CCC(OCCCCCCCC/C=C\CC(CCCCCC)OC(C(CCCCCCCC)CCCCCC)=O)=O)CCC1=CC=NC=C1)OCCCCCCCC/C=C\CC(CCCCCC)OC(C(CCCCCCCC)CCCCCC)=O,0.42220813099512977
N(CCC(=O)OCCCCCCCC\C=C/CC(CCCCCC)OC(=O)CC/C=C\CCCCC)(CCC(=O)OCCCCCCCC\C=C/CC(CCCCCC)OC(=O)CC/C=C\CCCCC)CCc1ccncc1,0.4035406125259864
O=C(CCN(CCC(OCCCCCCCC/C=C\CC(CCCCCC)OC(CCC/C=C\C/C=C\C/C=C\C/C=C\CCCCC)=O)=O)CCC1=CC=NC=C1)OCCCCCCCC/C=C\CC(CCCCCC)OC(CCC/C=C\C/C=C\C/C=C\C/C=C\CCCCC)=O,0.48058366669977015
N(CCC(=O)OCCCCCCCC\C=C/CC(CCCCCC)OC(=O)CC\C=C/C/C=C\C\C=C/C\C=C/C\C=C/C\C=C/CC)(CCC(=O)OCCCCCCCC\C=C/CC(CCCCCC)OC(=O)CC\C=C/C/C=C\C\C=C/C\C=C/C\C=C/C\C=C/CC)CCc1ccncc1,0.5863432789792464
O=C(CCN(CCC(OCCCCCCCC/C=C\CC(CCCCCC)OC(C(CCCCCC)CCCC)=O)=O)CCC1=CC=NC=C1)OCCCCCCCC/C=C\CC(CCCCCC)OC(C(CCCCCC)CCCC)=O,0.3900289265681543
O=C(CCN(CCC(OCCCCCCCC/C=C\CC(CCCCCC)OC(CCCC1CCCCC1)=O)=O)CCC2=CC=NC=C2)OCCCCCCCC/C=C\CC(CCCCCC)OC(CCCC3CCCCC3)=O,0.3276919409625121
N(CCC(=O)OCCCCCCCC\C=C/CC(CCCCCC)OC(=O)CCCCCCC/C=C\CCCCCCCC)(CCC(=O)OCCCCCCCC\C=C/CC(CCCCCC)OC(=O)CCCCCCC/C=C\CCCCCCCC)CCc1ccncc1,0.4505142513093185
O=C(CCN(CCC(OCCCCCCCC/C=C\CC(CCCCCC)OC(CCCCCCC/C=C\C/C=C\CCCCC)=O)=O)CCC1=CC=NC=C1)OCCCCCCCC/C=C\CC(CCCCCC)OC(CCCCCCC/C=C\C/C=C\CCCCC)=O,0.44784576533274545
CN(CCC(=O)OCCCCCCCC\C=C/CC(CCCCCC)OC(=O)CCCCCC)CCN(CCN(CCC(=O)OCCCCCCCC\C=C/CC(CCCCCC)OC(=O)CCCCCC)C)CCN(CCC(=O)OCCCCCCCC\C=C/CC(CCCCCC)OC(=O)CCCCCC)C,0.5620420617797454
CN(CCC(=O)OCCCCCCCC\C=C/CC(CCCCCC)OC(=O)CCCCCCC/C=C\CCCCCCCC)CCN(CCN(CCC(=O)OCCCCCCCC\C=C/CC(CCCCCC)OC(=O)CCCCCCC/C=C\CCCCCCCC)C)CCN(CCC(=O)OCCCCCCCC\C=C/CC(CCCCCC)OC(=O)CCCCCCC/C=C\CCCCCCCC)C,0.595109987177512
CN(CCC(=O)OCCCCCCCC\C=C/CC(CCCCCC)OC(=O)CCCCCCC/C=C\C/C=C\CCCCC)CCN(CCN(CCC(=O)OCCCCCCCC\C=C/CC(CCCCCC)OC(=O)CCCCCCC/C=C\C/C=C\CCCCC)C)CCN(CCC(=O)OCCCCCCCC\C=C/CC(CCCCCC)OC(=O)CCCCCCC/C=C\C/C=C\CCCCC)C,0.6004578000969237
CN(CCC(=O)OCCCCCCCC\C=C/CC(CCCCCC)OC(=O)CCC/C=C\C/C=C\C/C=C\C/C=C\C/C=C\CC)CCN(CCN(CCC(=O)OCCCCCCCC\C=C/CC(CCCCCC)OC(=O)CCC/C=C\C/C=C\C/C=C\C/C=C\C/C=C\CC)C)CCN(CCC(=O)OCCCCCCCC\C=C/CC(CCCCCC)OC(=O)CCC/C=C\C/C=C\C/C=C\C/C=C\C/C=C\CC)C,0.6851926985334552
CN(CCC(=O)OCCCCCCCC\C=C/CC(CCCCCC)OC(=O)CCCCCCCCCC)CCN(CCN(CCC(=O)OCCCCCCCC\C=C/CC(CCCCCC)OC(=O)CCCCCCCCCC)C)CCN(CCC(=O)OCCCCCCCC\C=C/CC(CCCCCC)OC(=O)CCCCCCCCCC)C,0.595380177413672
CN(CCC(=O)OCCCCCCCC\C=C/CC(CCCCCC)OC(=O)CCCCCCCCCCC)CCN(CCN(CCC(=O)OCCCCCCCC\C=C/CC(CCCCCC)OC(=O)CCCCCCCCCCC)C)CCN(CCC(=O)OCCCCCCCC\C=C/CC(CCCCCC)OC(=O)CCCCCCCCCCC)C,0.5945084922470126
CN(CCC(=O)OCCCCCCCC\C=C/CC(CCCCCC)OC(=O)CCCCCCCCCCCCC)CCN(CCN(CCC(=O)OCCCCCCCC\C=C/CC(CCCCCC)OC(=O)CCCCCCCCCCCCC)C)CCN(CCC(=O)OCCCCCCCC\C=C/CC(CCCCCC)OC(=O)CCCCCCCCCCCCC)C,0.5928859212520831
CN(CCC(=O)OCCCCCCCC\C=C/CC(CCCCCC)OC(=O)CCCCCCCCCCCCCCC)CCN(CCN(CCC(=O)OCCCCCCCC\C=C/CC(CCCCCC)OC(=O)CCCCCCCCCCCCCCC)C)CCN(CCC(=O)OCCCCCCCC\C=C/CC(CCCCCC)OC(=O)CCCCCCCCCCCCCCC)C,0.5914807056742055
CN(CCC(=O)OCCCCCCCC\C=C/CC(CCCCCC)OC(=O)C(CCCCCC)CCCCCCCC)CCN(CCN(CCC(=O)OCCCCCCCC\C=C/CC(CCCCCC)OC(=O)C(CCCCCC)CCCCCCCC)C)CCN(CCC(=O)OCCCCCCCC\C=C/CC(CCCCCC)OC(=O)C(CCCCCC)CCCCCCCC)C,0.5762277639671342
CN(CCC(=O)OCCCCCCCC\C=C/CC(CCCCCC)OC(=O)CC/C=C\CCCCC)CCN(CCN(CCC(=O)OCCCCCCCC\C=C/CC(CCCCCC)OC(=O)CC/C=C\CCCCC)C)CCN(CCC(=O)OCCCCCCCC\C=C/CC(CCCCCC)OC(=O)CC/C=C\CCCCC)C,0.5838878001200694
CN(CCC(=O)OCCCCCCCC\C=C/CC(CCCCCC)OC(=O)CCC/C=C\C/C=C\C/C=C\C/C=C\CCCCC)CCN(CCN(CCC(=O)OCCCCCCCC\C=C/CC(CCCCCC)OC(=O)CCC/C=C\C/C=C\C/C=C\C/C=C\CCCCC)C)CCN(CCC(=O)OCCCCCCCC\C=C/CC(CCCCCC)OC(=O)CCC/C=C\C/C=C\C/C=C\C/C=C\CCCCC)C,0.6448774680555827
CN(CCC(=O)OCCCCCCCC\C=C/CC(CCCCCC)OC(=O)CC\C=C/C/C=C\C\C=C/C\C=C/C\C=C/C\C=C/CC)CCN(CCN(CCC(=O)OCCCCCCCC\C=C/CC(CCCCCC)OC(=O)CC\C=C/C/C=C\C\C=C/C\C=C/C\C=C/C\C=C/CC)C)CCN(CCC(=O)OCCCCCCCC\C=C/CC(CCCCCC)OC(=O)CC\C=C/C/C=C\C\C=C/C\C=C/C\C=C/C\C=C/CC)C,0.72435163869732
CN(CCC(=O)OCCCCCCCC\C=C/CC(CCCCCC)OC(=O)C(CCCC)CCCCCC)CCN(CCN(CCC(=O)OCCCCCCCC\C=C/CC(CCCCCC)OC(=O)C(CCCC)CCCCCC)C)CCN(CCC(=O)OCCCCCCCC\C=C/CC(CCCCCC)OC(=O)C(CCCC)CCCCCC)C,0.5615819759366897
CN(CCC(=O)OCCCCCCCC\C=C/CC(CCCCCC)OC(=O)C)CCN(CCN(CCC(=O)OCCCCCCCC\C=C/CC(CCCCCC)OC(=O)C)C)CCN(CCC(=O)OCCCCCCCC\C=C/CC(CCCCCC)OC(=O)C)C,0.579367712844767
CN(CCC(=O)OCCCCCCCC\C=C/CC(CCCCCC)OC(=O)CCCCCCCCC)CCN(CCN(CCC(=O)OCCCCCCCC\C=C/CC(CCCCCC)OC(=O)CCCCCCCCC)C)CCN(CCC(=O)OCCCCCCCC\C=C/CC(CCCCCC)OC(=O)CCCCCCCCC)C,0.5962961199316247
CN(CCC(=O)OCCCCCCCC\C=C/CC(CCCCCC)OC(=O)CCCCCCC/C=C\C/C=C\C/C=C\CC)CCN(CCN(CCC(=O)OCCCCCCCC\C=C/CC(CCCCCC)OC(=O)CCCCCCC/C=C\C/C=C\C/C=C\CC)C)CCN(CCC(=O)OCCCCCCCC\C=C/CC(CCCCCC)OC(=O)CCCCCCC/C=C\C/C=C\C/C=C\CC)C,0.6411344159722353
CN(CCC(=O)OCCCCCCCC\C=C/CC(CCCCCC)OC(=O)CCCC\C=C/C\C=C/C\C=C/CCCCC)CCN(CCN(CCC(=O)OCCCCCCCC\C=C/CC(CCCCCC)OC(=O)CCCC\C=C/C\C=C/C\C=C/CCCCC)C)CCN(CCC(=O)OCCCCCCCC\C=C/CC(CCCCCC)OC(=O)CCCC\C=C/C\C=C/C\C=C/CCCCC)C,0.6202138528409145
CN(CCC(=O)OCCCCCCCC\C=C/CC(CCCCCC)O)CCN(CCN(CCC(=O)OCCCCCCCC\C=C/CC(CCCCCC)O)C)CCN(CCC(=O)OCCCCCCCC\C=C/CC(CCCCCC)O)C,0.5475207065983614
CN(CCC(=O)OCCCCCCCC\C=C/CC(CCCCCC)OC(=O)CCCCCCCC=C)CCN(CCN(CCC(=O)OCCCCCCCC\C=C/CC(CCCCCC)OC(=O)CCCCCCCC=C)C)CCN(CCC(=O)OCCCCCCCC\C=C/CC(CCCCCC)OC(=O)CCCCCCCC=C)C,0.5988662032913247
N(CCC(=O)OCCCCCCCC\C=C/CC(CCCCCC)OC(=O)CCC/C=C\C/C=C\C/C=C\C/C=C\C/C=C\CC)(CCC(=O)OCCCCCCCC\C=C/CC(CCCCCC)OC(=O)CCC/C=C\C/C=C\C/C=C\C/C=C\C/C=C\CC)CCCN(C)CCCN(CCC(=O)OCCCCCCCC\C=C/CC(CCCCCC)OC(=O)CCC/C=C\C/C=C\C/C=C\C/C=C\C/C=C\CC)(CCC(=O)OCCCCCCCC\C=C/CC(CCCCCC)OC(=O)CCC/C=C\C/C=C\C/C=C\C/C=C\C/C=C\CC),0.7013538987768955
N(CCC(=O)OCCCCCCCC\C=C/CC(CCCCCC)OC(=O)C(CCCCCC)CCCCCCCC)(CCC(=O)OCCCCCCCC\C=C/CC(CCCCCC)OC(=O)C(CCCCCC)CCCCCCCC)CCCN(C)CCCN(CCC(=O)OCCCCCCCC\C=C/CC(CCCCCC)OC(=O)C(CCCCCC)CCCCCCCC)(CCC(=O)OCCCCCCCC\C=C/CC(CCCCCC)OC(=O)C(CCCCCC)CCCCCCCC),0.5850283055106684
N(CCC(=O)OCCCCCCCC\C=C/CC(CCCCCC)OC(=O)CCC/C=C\C/C=C\C/C=C\C/C=C\CCCCC)(CCC(=O)OCCCCCCCC\C=C/CC(CCCCCC)OC(=O)CCC/C=C\C/C=C\C/C=C\C/C=C\CCCCC)CCCN(C)CCCN(CCC(=O)OCCCCCCCC\C=C/CC(CCCCCC)OC(=O)CCC/C=C\C/C=C\C/C=C\C/C=C\CCCCC)(CCC(=O)OCCCCCCCC\C=C/CC(CCCCCC)OC(=O)CCC/C=C\C/C=C\C/C=C\C/C=C\CCCCC),0.6567407017006696
N(CCC(=O)OCCCCCCCC\C=C/CC(CCCCCC)OC(=O)CC\C=C/C/C=C\C\C=C/C\C=C/C\C=C/C\C=C/CC)(CCC(=O)OCCCCCCCC\C=C/CC(CCCCCC)OC(=O)CC\C=C/C/C=C\C\C=C/C\C=C/C\C=C/C\C=C/CC)CCCN(C)CCCN(CCC(=O)OCCCCCCCC\C=C/CC(CCCCCC)OC(=O)CC\C=C/C/C=C\C\C=C/C\C=C/C\C=C/C\C=C/CC)(CCC(=O)OCCCCCCCC\C=C/CC(CCCCCC)OC(=O)CC\C=C/C/C=C\C\C=C/C\C=C/C\C=C/C\C=C/CC),0.7410738887278837
N(CCC(=O)OCCCCCCCC\C=C/CC(CCCCCC)OC(=O)C(CCCC)CCCCCC)(CCC(=O)OCCCCCCCC\C=C/CC(CCCCCC)OC(=O)C(CCCC)CCCCCC)CCCN(C)CCCN(CCC(=O)OCCCCCCCC\C=C/CC(CCCCCC)OC(=O)C(CCCC)CCCCCC)(CCC(=O)OCCCCCCCC\C=C/CC(CCCCCC)OC(=O)C(CCCC)CCCCCC),0.5711385259628835
N(CCC(=O)OCCCCCCCC\C=C/CC(CCCCCC)OC(=O)CCCCCCC/C=C\C/C=C\C/C=C\CC)(CCC(=O)OCCCCCCCC\C=C/CC(CCCCCC)OC(=O)CCCCCCC/C=C\C/C=C\C/C=C\CC)CCCN(C)CCCN(CCC(=O)OCCCCCCCC\C=C/CC(CCCCCC)OC(=O)CCCCCCC/C=C\C/C=C\C/C=C\CC)(CCC(=O)OCCCCCCCC\C=C/CC(CCCCCC)OC(=O)CCCCCCC/C=C\C/C=C\C/C=C\CC),0.6533746412409239
N(CCC(=O)OCCCCCCCC\C=C/CC(CCCCCC)OC(=O)CCCC\C=C/C\C=C/C\C=C/CCCCC)(CCC(=O)OCCCCCCCC\C=C/CC(CCCCCC)OC(=O)CCCC\C=C/C\C=C/C\C=C/CCCCC)CCCN(C)CCCN(CCC(=O)OCCCCCCCC\C=C/CC(CCCCCC)OC(=O)CCCC\C=C/C\C=C/C\C=C/CCCCC)(CCC(=O)OCCCCCCCC\C=C/CC(CCCCCC)OC(=O)CCCC\C=C/C\C=C/C\C=C/CCCCC),0.6315373016711683
N(CCC(=O)OCCCCCCCC\C=C/CC(CCCCCC)OC(=O)CC/C=C\CC)(CCC(=O)OCCCCCCCC\C=C/CC(CCCCCC)OC(=O)CC/C=C\CC)CCN1CCOCC1,0.14863795555585274
N(CCC(=O)OCCCCCCCC\C=C/CC(CCCCCC)OC(=O)CCCCC)(CCC(=O)OCCCCCCCC\C=C/CC(CCCCCC)OC(=O)CCCCC)CCN1CCOCC1,0.11737594452755296
N(CCC(=O)OCCCCCCCC\C=C/CC(CCCCCC)OC(=O)CCCCCC)(CCC(=O)OCCCCCCCC\C=C/CC(CCCCCC)OC(=O)CCCCCC)CCN1CCOCC1,0.1301105655105556
N(CCC(=O)OCCCCCCCC\C=C/CC(CCCCCC)OC(=O)CCCCCCC)(CCC(=O)OCCCCCCCC\C=C/CC(CCCCCC)OC(=O)CCCCCCC)CCN1CCOCC1,0.1500081464734873
N(CCC(=O)OCCCCCCCC\C=C/CC(CCCCCC)OC(=O)CCCCCCC/C=C\CCCCCCCC)(CCC(=O)OCCCCCCCC\C=C/CC(CCCCCC)OC(=O)CCCCCCC/C=C\CCCCCCCC)CCN1CCOCC1,0.269292936352879
N(CCC(=O)OCCCCCCCC\C=C/CC(CCCCCC)OC(=O)CCC/C=C\C/C=C\C/C=C\C/C=C\C/C=C\CC)(CCC(=O)OCCCCCCCC\C=C/CC(CCCCCC)OC(=O)CCC/C=C\C/C=C\C/C=C\C/C=C\C/C=C\CC)CCN1CCOCC1,0.35123140158460286
N(CCC(=O)OCCCCCCCC\C=C/CC(CCCCCC)OC(=O)CCCCCCCCCC)(CCC(=O)OCCCCCCCC\C=C/CC(CCCCCC)OC(=O)CCCCCCCCCC)CCN1CCOCC1,0.20370488196538072
N(CCC(=O)OCCCCCCCC\C=C/CC(CCCCCC)OC(=O)CCCCCCCCCCC)(CCC(=O)OCCCCCCCC\C=C/CC(CCCCCC)OC(=O)CCCCCCCCCCC)CCN1CCOCC1,0.2139478081139891
N(CCC(=O)OCCCCCCCC\C=C/CC(CCCCCC)OC(=O)CCCCCCCCCCCCC)(CCC(=O)OCCCCCCCC\C=C/CC(CCCCCC)OC(=O)CCCCCCCCCCCCC)CCN1CCOCC1,0.23356805095091523
N(CCC(=O)OCCCCCCCC\C=C/CC(CCCCCC)OC(=O)CCCCCCCCCCCCCCC)(CCC(=O)OCCCCCCCC\C=C/CC(CCCCCC)OC(=O)CCCCCCCCCCCCCCC)CCN1CCOCC1,0.25191403350850833
O=C(CCN(CCC(OCCCCCCCC/C=C\CC(CCCCCC)OC(C(CCCCCCCC)CCCCCC)=O)=O)CCN1CCOCC1)OCCCCCCCC/C=C\CC(CCCCCC)OC(C(CCCCCCCC)CCCCCC)=O,0.23084464535402918
N(CCC(=O)OCCCCCCCC\C=C/CC(CCCCCC)OC(=O)CC/C=C\CCCCC)(CCC(=O)OCCCCCCCC\C=C/CC(CCCCCC)OC(=O)CC/C=C\CCCCC)CCN1CCOCC1,0.18103835739067226
O=C(CCN(CCC(OCCCCCCCC/C=C\CC(CCCCCC)OC(CC/C=C\CCCCCC)=O)=O)CCN1CCOCC1)OCCCCCCCC/C=C\CC(CCCCCC)OC(CC/C=C\CCCCCC)=O,0.1915070079440268
O=C(CCN(CCC(OCCCCCCCC/C=C\CC(CCCCCC)OC(CCC/C=C\C/C=C\C/C=C\C/C=C\CCCCC)=O)=O)CCN1CCOCC1)OCCCCCCCC/C=C\CC(CCCCCC)OC(CCC/C=C\C/C=C\C/C=C\C/C=C\CCCCC)=O,0.30203834300424154
N(CCC(=O)OCCCCCCCC\C=C/CC(CCCCCC)OC(=O)CC\C=C/C/C=C\C\C=C/C\C=C/C\C=C/C\C=C/CC)(CCC(=O)OCCCCCCCC\C=C/CC(CCCCCC)OC(=O)CC\C=C/C/C=C\C\C=C/C\C=C/C\C=C/C\C=C/CC)CCN1CCOCC1,0.4042107569818768
O=C(CCN(CCC(OCCCCCCCC/C=C\CC(CCCCCC)OC(C(CCCCCC)CCCC)=O)=O)CCN1CCOCC1)OCCCCCCCC/C=C\CC(CCCCCC)OC(C(CCCCCC)CCCC)=O,0.17978411120290666
O=C(CCN(CCC(OCCCCCCCC/C=C\CC(CCCCCC)OC(CCCC1CCCCC1)=O)=O)CCN2CCOCC2)OCCCCCCCC/C=C\CC(CCCCCC)OC(CCCC3CCCCC3)=O,0.11406617370034067
O=C(CCN(CCC(OCCCCCCCC/C=C\CC(CCCCCC)OC(CCCCCCCCCCCCCCCCC)=O)=O)CCN1CCOCC1)OCCCCCCCC/C=C\CC(CCCCCC)OC(CCCCCCCCCCCCCCCCC)=O,0.2674354678279015
O=C(CCN(CCC(OCCCCCCCC/C=C\CC(CCCCCC)OC(CCCCCCC/C=C\C/C=C\CCCCC)=O)=O)CCN1CCOCC1)OCCCCCCCC/C=C\CC(CCCCCC)OC(CCCCCCC/C=C\C/C=C\CCCCC)=O,0.2644086938728225
N(CCC(=O)OCCCCCCCC\C=C/CC(CCCCCC)OC(=O)CCCCCCC/C=C\CCCCCCCC)(CCC(=O)OCCCCCCCC\C=C/CC(CCCCCC)OC(=O)CCCCCCC/C=C\CCCCCCCC)CCN(C)CCN(CCC(=O)OCCCCCCCC\C=C/CC(CCCCCC)OC(=O)CCCCCCC/C=C\CCCCCCCC)(CCC(=O)OCCCCCCCC\C=C/CC(CCCCCC)OC(=O)CCCCCCC/C=C\CCCCCCCC),0.6024148923366229
N(CCC(=O)OCCCCCCCC\C=C/CC(CCCCCC)OC(=O)CCC/C=C\C/C=C\C/C=C\C/C=C\C/C=C\CC)(CCC(=O)OCCCCCCCC\C=C/CC(CCCCCC)OC(=O)CCC/C=C\C/C=C\C/C=C\C/C=C\C/C=C\CC)CCN(C)CCN(CCC(=O)OCCCCCCCC\C=C/CC(CCCCCC)OC(=O)CCC/C=C\C/C=C\C/C=C\C/C=C\C/C=C\CC)(CCC(=O)OCCCCCCCC\C=C/CC(CCCCCC)OC(=O)CCC/C=C\C/C=C\C/C=C\C/C=C\C/C=C\CC),0.7010004356240352
N(CCC(=O)OCCCCCCCC\C=C/CC(CCCCCC)OC(=O)CC/C=C\CCCCC)(CCC(=O)OCCCCCCCC\C=C/CC(CCCCCC)OC(=O)CC/C=C\CCCCC)CCN(C)CCN(CCC(=O)OCCCCCCCC\C=C/CC(CCCCCC)OC(=O)CC/C=C\CCCCC)(CCC(=O)OCCCCCCCC\C=C/CC(CCCCCC)OC(=O)CC/C=C\CCCCC),0.5923492338561831
N(CCC(=O)OCCCCCCCC\C=C/CC(CCCCCC)OC(=O)CC\C=C/C/C=C\C\C=C/C\C=C/C\C=C/C\C=C/CC)(CCC(=O)OCCCCCCCC\C=C/CC(CCCCCC)OC(=O)CC\C=C/C/C=C\C\C=C/C\C=C/C\C=C/C\C=C/CC)CCN(C)CCN(CCC(=O)OCCCCCCCC\C=C/CC(CCCCCC)OC(=O)CC\C=C/C/C=C\C\C=C/C\C=C/C\C=C/C\C=C/CC)(CCC(=O)OCCCCCCCC\C=C/CC(CCCCCC)OC(=O)CC\C=C/C/C=C\C\C=C/C\C=C/C\C=C/C\C=C/CC),0.7413086969093085
N(CCC(=O)OCCCCCCCC\C=C/CC(CCCCCC)OC(=O)CCCC\C=C/C\C=C/C\C=C/CCCCC)(CCC(=O)OCCCCCCCC\C=C/CC(CCCCCC)OC(=O)CCCC\C=C/C\C=C/C\C=C/CCCCC)CCN(C)CCN(CCC(=O)OCCCCCCCC\C=C/CC(CCCCCC)OC(=O)CCCC\C=C/C\C=C/C\C=C/CCCCC)(CCC(=O)OCCCCCCCC\C=C/CC(CCCCCC)OC(=O)CCCC\C=C/C\C=C/C\C=C/CCCCC),0.6294955069367999
N(CCC(=O)OCCCCCCCC\C=C/CC(CCCCCC)OC(=O)CCCCCCCC=C)(CCC(=O)OCCCCCCCC\C=C/CC(CCCCCC)OC(=O)CCCCCCCC=C)CCN(C)CCN(CCC(=O)OCCCCCCCC\C=C/CC(CCCCCC)OC(=O)CCCCCCCC=C)(CCC(=O)OCCCCCCCC\C=C/CC(CCCCCC)OC(=O)CCCCCCCC=C),0.6076326136608466
N(CCC(=O)OCCCCCCCC\C=C/CC(CCCCCC)OC(=O)CC/C=C\CC)(CCC(=O)OCCCCCCCC\C=C/CC(CCCCCC)OC(=O)CC/C=C\CC)CCN1CCCCC1,0.5756829756294093
N(CCC(=O)OCCCCCCCC\C=C/CC(CCCCCC)OC(=O)CCCCC)(CCC(=O)OCCCCCCCC\C=C/CC(CCCCCC)OC(=O)CCCCC)CCN1CCCCC1,0.5486074241178729
N(CCC(=O)OCCCCCCCC\C=C/CC(CCCCCC)OC(=O)CCCCCC)(CCC(=O)OCCCCCCCC\C=C/CC(CCCCCC)OC(=O)CCCCCC)CCN1CCCCC1,0.5495334928131068
N(CCC(=O)OCCCCCCCC\C=C/CC(CCCCCC)OC(=O)CCCCCCC)(CCC(=O)OCCCCCCCC\C=C/CC(CCCCCC)OC(=O)CCCCCCC)CCN1CCCCC1,0.5587976941446194
N(CCC(=O)OCCCCCCCC\C=C/CC(CCCCCC)OC(=O)CCCCCCCCCCCCCCCCC)(CCC(=O)OCCCCCCCC\C=C/CC(CCCCCC)OC(=O)CCCCCCCCCCCCCCCCC)CCN1CCCCC1,0.5815913618099549
N(CCC(=O)OCCCCCCCC\C=C/CC(CCCCCC)OC(=O)CCCCCCC/C=C\CCCCCCCC)(CCC(=O)OCCCCCCCC\C=C/CC(CCCCCC)OC(=O)CCCCCCC/C=C\CCCCCCCC)CCN1CCCCC1,0.5858968336926459
N(CCC(=O)OCCCCCCCC\C=C/CC(CCCCCC)OC(=O)CCCCCCC/C=C\C/C=C\CCCCC)(CCC(=O)OCCCCCCCC\C=C/CC(CCCCCC)OC(=O)CCCCCCC/C=C\C/C=C\CCCCC)CCN1CCCCC1,0.5907585901025635
N(CCC(=O)OCCCCCCCC\C=C/CC(CCCCCC)OC(=O)CCC/C=C\C/C=C\C/C=C\C/C=C\C/C=C\CC)(CCC(=O)OCCCCCCCC\C=C/CC(CCCCCC)OC(=O)CCC/C=C\C/C=C\C/C=C\C/C=C\C/C=C\CC)CCN1CCCCC1,0.6795904803012921
N(CCC(=O)OCCCCCCCC\C=C/CC(CCCCCC)OC(=O)CCCCCCCCCC)(CCC(=O)OCCCCCCCC\C=C/CC(CCCCCC)OC(=O)CCCCCCCCCC)CCN1CCCCC1,0.5838650460040612
N(CCC(=O)OCCCCCCCC\C=C/CC(CCCCCC)OC(=O)CCCCCCCCCCC)(CCC(=O)OCCCCCCCC\C=C/CC(CCCCCC)OC(=O)CCCCCCCCCCC)CCN1CCCCC1,0.5836104619940637
N(CCC(=O)OCCCCCCCC\C=C/CC(CCCCCC)OC(=O)CCCCCCCCCCCCC)(CCC(=O)OCCCCCCCC\C=C/CC(CCCCCC)OC(=O)CCCCCCCCCCCCC)CCN1CCCCC1,0.5829296254862795
N(CCC(=O)OCCCCCCCC\C=C/CC(CCCCCC)OC(=O)CCCCCCCCCCCCCCC)(CCC(=O)OCCCCCCCC\C=C/CC(CCCCCC)OC(=O)CCCCCCCCCCCCCCC)CCN1CCCCC1,0.5821720682941534
N(CCC(=O)OCCCCCCCC\C=C/CC(CCCCCC)OC(=O)C(CCCCCC)CCCCCCCC)(CCC(=O)OCCCCCCCC\C=C/CC(CCCCCC)OC(=O)C(CCCCCC)CCCCCCCC)CCN1CCCCC1,0.5654614931503374
O=C(CCN(CCC(OCCCCCCCC/C=C\CC(CCCCCC)OC(CC/C=C\CCCCC)=O)=O)CCN1CCCCC1)OCCCCCCCC/C=C\CC(CCCCCC)OC(CC/C=C\CCCCC)=O,0.5715899747723758
N(CCC(=O)OCCCCCCCC\C=C/CC(CCCCCC)OC(=O)CCC/C=C\C/C=C\C/C=C\C/C=C\CCCCC)(CCC(=O)OCCCCCCCC\C=C/CC(CCCCCC)OC(=O)CCC/C=C\C/C=C\C/C=C\C/C=C\CCCCC)CCN1CCCCC1,0.6362681325654157
N(CCC(=O)OCCCCCCCC\C=C/CC(CCCCCC)OC(=O)CC\C=C/C/C=C\C\C=C/C\C=C/C\C=C/C\C=C/CC)(CCC(=O)OCCCCCCCC\C=C/CC(CCCCCC)OC(=O)CC\C=C/C/C=C\C\C=C/C\C=C/C\C=C/C\C=C/CC)CCN1CCCCC1,0.7199955359282233
N(CCC(=O)OCCCCCCCC\C=C/CC(CCCCCC)OC(=O)C(CCCC)CCCCCC)(CCC(=O)OCCCCCCCC\C=C/CC(CCCCCC)OC(=O)C(CCCC)CCCCCC)CCN1CCCCC1,0.5498819524430751
O=C(CCN(CCC(OCCCCCCCC/C=C\CC(CCCCCC)OC(CCCCCCC/C=C\CCCCCC)=O)=O)CCCN(C)C)OCCCCCCCC/C=C\CC(CCCCCC)OC(CCCCCCC/C=C\CCCCCCC)=O,0.5640550862574856
O=C(CCN(CCC(OCCCCCCCC/C=C\CC(CCCCCC)OC(CCCCCCCCC/C=C\CCCCCCCC)=O)=O)CCCN(C)C)OCCCCCCCC/C=C\CC(CCCCCC)OC(CCCCCCCCC/C=C\CCCCCCCC)=O,0.5724825079510845
N(CCC(=O)OCCCCCCCC\C=C/CC(CCCCCC)OC(=O)C)(CCC(=O)OCCCCCCCC\C=C/CC(CCCCCC)OC(=O)C)CCCN(C)C,0.5441902664563458
N(CCC(=O)OCCCCCCCC\C=C/CC(CCCCCC)OC(=O)CCC)(CCC(=O)OCCCCCCCC\C=C/CC(CCCCCC)OC(=O)CCC)CCCN(C)C,0.5350559780227753
N(CCC(=O)OCCCCCCCC\C=C/CC(CCCCCC)OC(=O)CCCCCCCCC)(CCC(=O)OCCCCCCCC\C=C/CC(CCCCCC)OC(=O)CCCCCCCCC)CCCN(C)C,0.5687365371460503
N(CCC(=O)OCCCCCCCC\C=C/CC(CCCCCC)OC(=O)CCCCC)(CCC(=O)OCCCCCCCC\C=C/CC(CCCCCC)OC(=O)CCCCC)CCCN(C)C,0.5307929765189162
N(CCC(=O)OCCCCCCCC\C=C/CC(CCCCCC)OC(=O)CCCCCC)(CCC(=O)OCCCCCCCC\C=C/CC(CCCCCC)OC(=O)CCCCCC)CCCN(C)C,0.5322855154844063
N(CCC(=O)OCCCCCCCC\C=C/CC(CCCCCC)OC(=O)CCCCCCC)(CCC(=O)OCCCCCCCC\C=C/CC(CCCCCC)OC(=O)CCCCCCC)CCCN(C)C,0.5422070248529618
O=C(CCN(CCC(OCCCCCCCC/C=C\CC(CCCCCC)OC(CCCCCCC/C=C\CCCCCCCCC)=O)=O)CCCN(C)C)OCCCCCCCC/C=C\CC(CCCCCC)OC(CCCCCCC/C=C\CCCCCCCCC)=O,0.5758655446492132
O=C(CCN(CCC(OCCCCCCCC/C=C\CC(CCCCCC)OC(CCCCCCC/C=C\C/C=C\CCCCC)=O)=O)CCCN(C)C)OCCCCCCCC/C=C\CC(CCCCCC)OC(CCCCCCC/C=C\C/C=C\CCCCC)=O,0.5772302555179663
N(CCC(=O)OCCCCCCCC\C=C/CC(CCCCCC)OC(=O)CC/C=C\CC)(CCC(=O)OCCCCCCCC\C=C/CC(CCCCCC)OC(=O)CC/C=C\CC)CCCN1CCCCCC1,0.5713589192331199
N(CCC(=O)OCCCCCCCC\C=C/CC(CCCCCC)OC(=O)CCCCC)(CCC(=O)OCCCCCCCC\C=C/CC(CCCCCC)OC(=O)CCCCC)CCCN1CCCCCC1,0.5452329648875588
N(CCC(=O)OCCCCCCCC\C=C/CC(CCCCCC)OC(=O)CCCCCC)(CCC(=O)OCCCCCCCC\C=C/CC(CCCCCC)OC(=O)CCCCCC)CCCN1CCCCCC1,0.546267562376947
N(CCC(=O)OCCCCCCCC\C=C/CC(CCCCCC)OC(=O)CCCCCCC)(CCC(=O)OCCCCCCCC\C=C/CC(CCCCCC)OC(=O)CCCCCCC)CCCN1CCCCCC1,0.5553758801440788
N(CCC(=O)OCCCCCCCC\C=C/CC(CCCCCC)OC(=O)CCCCCCCCCCCCCCCCC)(CCC(=O)OCCCCCCCC\C=C/CC(CCCCCC)OC(=O)CCCCCCCCCCCCCCCCC)CCCN1CCCCCC1,0.5785487433657183
N(CCC(=O)OCCCCCCCC\C=C/CC(CCCCCC)OC(=O)CCCCCCC/C=C\CCCCCCCC)(CCC(=O)OCCCCCCCC\C=C/CC(CCCCCC)OC(=O)CCCCCCC/C=C\CCCCCCCC)CCCN1CCCCCC1,0.5826948173048546
N(CCC(=O)OCCCCCCCC\C=C/CC(CCCCCC)OC(=O)CCCCCCC/C=C\C/C=C\CCCCC)(CCC(=O)OCCCCCCCC\C=C/CC(CCCCCC)OC(=O)CCCCCCC/C=C\C/C=C\CCCCC)CCCN1CCCCCC1,0.587100538342629
N(CCC(=O)OCCCCCCCC\C=C/CC(CCCCCC)OC(=O)CCC/C=C\C/C=C\C/C=C\C/C=C\C/C=C\CC)(CCC(=O)OCCCCCCCC\C=C/CC(CCCCCC)OC(=O)CCC/C=C\C/C=C\C/C=C\C/C=C\C/C=C\CC)CCCN1CCCCCC1,0.6733702674262364
N(CCC(=O)OCCCCCCCC\C=C/CC(CCCCCC)OC(=O)CCCCCCCCCC)(CCC(=O)OCCCCCCCC\C=C/CC(CCCCCC)OC(=O)CCCCCCCCCC)CCCN1CCCCCC1,0.5799888644723413
N(CCC(=O)OCCCCCCCC\C=C/CC(CCCCCC)OC(=O)CCCCCCCCCCC)(CCC(=O)OCCCCCCCC\C=C/CC(CCCCCC)OC(=O)CCCCCCCCCCC)CCCN1CCCCCC1,0.579836435721386
N(CCC(=O)OCCCCCCCC\C=C/CC(CCCCCC)OC(=O)CCCCCCCCCCCCC)(CCC(=O)OCCCCCCCC\C=C/CC(CCCCCC)OC(=O)CCCCCCCCCCCCC)CCCN1CCCCCC1,0.5795845321700807
N(CCC(=O)OCCCCCCCC\C=C/CC(CCCCCC)OC(=O)CCCCCCCCCCCCCCC)(CCC(=O)OCCCCCCCC\C=C/CC(CCCCCC)OC(=O)CCCCCCCCCCCCCCC)CCCN1CCCCCC1,0.5790007878326977
N(CCC(=O)OCCCCCCCC\C=C/CC(CCCCCC)OC(=O)C(CCCCCC)CCCCCCCC)(CCC(=O)OCCCCCCCC\C=C/CC(CCCCCC)OC(=O)C(CCCCCC)CCCCCCCC)CCCN1CCCCCC1,0.5623772978134995
N(CCC(=O)OCCCCCCCC\C=C/CC(CCCCCC)OC(=O)CC/C=C\CCCCC)(CCC(=O)OCCCCCCCC\C=C/CC(CCCCCC)OC(=O)CC/C=C\CCCCC)CCCN1CCCCCC1,0.5678353073680296
N(CCC(=O)OCCCCCCCC\C=C/CC(CCCCCC)OC(=O)CCC/C=C\C/C=C\C/C=C\C/C=C\CCCCC)(CCC(=O)OCCCCCCCC\C=C/CC(CCCCCC)OC(=O)CCC/C=C\C/C=C\C/C=C\C/C=C\CCCCC)CCCN1CCCCCC1,0.6321368904977087
N(CCC(=O)OCCCCCCCC\C=C/CC(CCCCCC)OC(=O)CC\C=C/C/C=C\C\C=C/C\C=C/C\C=C/C\C=C/CC)(CCC(=O)OCCCCCCCC\C=C/CC(CCCCCC)OC(=O)CC\C=C/C/C=C\C\C=C/C\C=C/C\C=C/C\C=C/CC)CCCN1CCCCCC1,0.7131713859269712
O=C(CCN(CCC(OCCCCCCCC/C=C\CC(CCCCCC)OC(CC/C=C\CCCCC)=O)=O)CCN(C)C)OCCCCCCCC/C=C\CC(CCCCCC)OC(CC/C=C\CCCCC)=O,0.550313208463754
N(CCC(=O)OCCCCCCCC\C=C/CC(CCCCCC)OC(=O)C)(CCC(=O)OCCCCCCCC\C=C/CC(CCCCCC)OC(=O)C)CCN(C)C,0.5379176357224231
N(CCC(=O)OCCCCCCCC\C=C/CC(CCCCCC)OC(=O)CCC)(CCC(=O)OCCCCCCCC\C=C/CC(CCCCCC)OC(=O)CCC)CCN(C)C,0.5290328682102093
N(CCC(=O)OCCCCCCCC\C=C/CC(CCCCCC)OC(=O)CCCCCCCCC)(CCC(=O)OCCCCCCCC\C=C/CC(CCCCCC)OC(=O)CCCCCCCCC)CCN(C)C,0.5638810947054963
N(CCC(=O)OCCCCCCCC\C=C/CC(CCCCCC)OC(=O)CCCCC)(CCC(=O)OCCCCCCCC\C=C/CC(CCCCCC)OC(=O)CCCCC)CCN(C)C,0.5250615006120468
N(CCC(=O)OCCCCCCCC\C=C/CC(CCCCCC)OC(=O)CCCCCC)(CCC(=O)OCCCCCCCC\C=C/CC(CCCCCC)OC(=O)CCCCCC)CCN(C)C,0.5267389316615407
N(CCC(=O)OCCCCCCCC\C=C/CC(CCCCCC)OC(=O)CCCCCCC)(CCC(=O)OCCCCCCCC\C=C/CC(CCCCCC)OC(=O)CCCCCCC)CCN(C)C,0.5369523131987877
N(CCC(=O)OCCCCCCCC\C=C/CC(CCCCCC)OC(=O)CCCCCCC/C=C\C/C=C\CCCCC)(CCC(=O)OCCCCCCCC\C=C/CC(CCCCCC)OC(=O)CCCCCCC/C=C\C/C=C\CCCCC)CCN(C)C,0.5732977247879644
N(CCC(=O)OCCCCCCCC\C=C/CC(CCCCCC)OC(=O)CC/C=C\CC)(CCC(=O)OCCCCCCCC\C=C/CC(CCCCCC)OC(=O)CC/C=C\CC)CCCN1CCCCC1,0.577139536882677
N(CCC(=O)OCCCCCCCC\C=C/CC(CCCCCC)OC(=O)CCCCC)(CCC(=O)OCCCCCCCC\C=C/CC(CCCCCC)OC(=O)CCCCC)CCCN1CCCCC1,0.5502871186658178
N(CCC(=O)OCCCCCCCC\C=C/CC(CCCCCC)OC(=O)CCCCCC)(CCC(=O)OCCCCCCCC\C=C/CC(CCCCCC)OC(=O)CCCCCC)CCCN1CCCCC1,0.5511154995331632
N(CCC(=O)OCCCCCCCC\C=C/CC(CCCCCC)OC(=O)CCCCCCC)(CCC(=O)OCCCCCCCC\C=C/CC(CCCCCC)OC(=O)CCCCCCC)CCCN1CCCCC1,0.5603767821429888
N(CCC(=O)OCCCCCCCC\C=C/CC(CCCCCC)OC(=O)CCCCCCCCCCCCCCCCC)(CCC(=O)OCCCCCCCC\C=C/CC(CCCCCC)OC(=O)CCCCCCCCCCCCCCCCC)CCCN1CCCCC1,0.5824388037168882
N(CCC(=O)OCCCCCCCC\C=C/CC(CCCCCC)OC(=O)CCCCCCC/C=C\CCCCCCCC)(CCC(=O)OCCCCCCCC\C=C/CC(CCCCCC)OC(=O)CCCCCCC/C=C\CCCCCCCC)CCCN1CCCCC1,0.5868338624856428
N(CCC(=O)OCCCCCCCC\C=C/CC(CCCCCC)OC(=O)CCCCCCC/C=C\C/C=C\CCCCC)(CCC(=O)OCCCCCCCC\C=C/CC(CCCCCC)OC(=O)CCCCCCC/C=C\C/C=C\CCCCC)CCCN1CCCCC1,0.5917181347485737
N(CCC(=O)OCCCCCCCC\C=C/CC(CCCCCC)OC(=O)CCC/C=C\C/C=C\C/C=C\C/C=C\C/C=C\CC)(CCC(=O)OCCCCCCCC\C=C/CC(CCCCCC)OC(=O)CCC/C=C\C/C=C\C/C=C\C/C=C\C/C=C\CC)CCCN1CCCCC1,0.6785585632705962
N(CCC(=O)OCCCCCCCC\C=C/CC(CCCCCC)OC(=O)CCCCCCCCCC)(CCC(=O)OCCCCCCCC\C=C/CC(CCCCCC)OC(=O)CCCCCCCCCC)CCCN1CCCCC1,0.5851402295524992
N(CCC(=O)OCCCCCCCC\C=C/CC(CCCCCC)OC(=O)CCCCCCCCCCC)(CCC(=O)OCCCCCCCC\C=C/CC(CCCCCC)OC(=O)CCCCCCCCCCC)CCCN1CCCCC1,0.5848581261665966
N(CCC(=O)OCCCCCCCC\C=C/CC(CCCCCC)OC(=O)CCCCCCCCCCCCC)(CCC(=O)OCCCCCCCC\C=C/CC(CCCCCC)OC(=O)CCCCCCCCCCCCC)CCCN1CCCCC1,0.5839884066696449
N(CCC(=O)OCCCCCCCC\C=C/CC(CCCCCC)OC(=O)CCCCCCCCCCCCCCC)(CCC(=O)OCCCCCCCC\C=C/CC(CCCCCC)OC(=O)CCCCCCCCCCCCCCC)CCCN1CCCCC1,0.5830514374423966
N(CCC(=O)OCCCCCCCC\C=C/CC(CCCCCC)OC(=O)C(CCCCCC)CCCCCCCC)(CCC(=O)OCCCCCCCC\C=C/CC(CCCCCC)OC(=O)C(CCCCCC)CCCCCCCC)CCCN1CCCCC1,0.5667669360991214
N(CCC(=O)OCCCCCCCC\C=C/CC(CCCCCC)OC(=O)CC/C=C\CCCCC)(CCC(=O)OCCCCCCCC\C=C/CC(CCCCCC)OC(=O)CC/C=C\CCCCC)CCCN1CCCCC1,0.573122482355252
N(CCC(=O)OCCCCCCCC\C=C/CC(CCCCCC)OC(=O)CCC/C=C\C/C=C\C/C=C\C/C=C\CCCCC)(CCC(=O)OCCCCCCCC\C=C/CC(CCCCCC)OC(=O)CCC/C=C\C/C=C\C/C=C\C/C=C\CCCCC)CCCN1CCCCC1,0.6366886071855775
N(CCC(=O)OCCCCCCCC\C=C/CC(CCCCCC)OC(=O)CC\C=C/C/C=C\C\C=C/C\C=C/C\C=C/C\C=C/CC)(CCC(=O)OCCCCCCCC\C=C/CC(CCCCCC)OC(=O)CC\C=C/C/C=C\C\C=C/C\C=C/C\C=C/C\C=C/CC)CCCN1CCCCC1,0.718420141006274
N(CCC(=O)OCCCCCCCC\C=C/CC(CCCCCC)OC(=O)C(CCCC)CCCCCC)(CCC(=O)OCCCCCCCC\C=C/CC(CCCCCC)OC(=O)C(CCCC)CCCCCC)CCCN1CCCCC1,0.5513842006256054
N(CCC(=O)OCCCCCCCC\C=C/CC(CCCCCC)OC(=O)CCC/C=C\C/C=C\C/C=C\C/C=C\C/C=C\CC)(CCC(=O)OCCCCCCCC\C=C/CC(CCCCCC)OC(=O)CCC/C=C\C/C=C\C/C=C\C/C=C\C/C=C\CC)CCCN(CCC(=O)OCCCCCCCC\C=C/CC(CCCCCC)OC(=O)CCC/C=C\C/C=C\C/C=C\C/C=C\C/C=C\CC)CCCN(C)C,0.6783963657368519
N(CCC(=O)OCCCCCCCC\C=C/CC(CCCCCC)OC(=O)C(CCCCCC)CCCCCCCC)(CCC(=O)OCCCCCCCC\C=C/CC(CCCCCC)OC(=O)C(CCCCCC)CCCCCCCC)CCCN(CCC(=O)OCCCCCCCC\C=C/CC(CCCCCC)OC(=O)C(CCCCCC)CCCCCCCC)CCCN(C)C,0.5676238489601
N(CCC(=O)OCCCCCCCC\C=C/CC(CCCCCC)OC(=O)CCC/C=C\C/C=C\C/C=C\C/C=C\CCCCC)(CCC(=O)OCCCCCCCC\C=C/CC(CCCCCC)OC(=O)CCC/C=C\C/C=C\C/C=C\C/C=C\CCCCC)CCCN(CCC(=O)OCCCCCCCC\C=C/CC(CCCCCC)OC(=O)CCC/C=C\C/C=C\C/C=C\C/C=C\CCCCC)CCCN(C)C,0.637882245224028
N(CCC(=O)OCCCCCCCC\C=C/CC(CCCCCC)OC(=O)CC\C=C/C/C=C\C\C=C/C\C=C/C\C=C/C\C=C/CC)(CCC(=O)OCCCCCCCC\C=C/CC(CCCCCC)OC(=O)CC\C=C/C/C=C\C\C=C/C\C=C/C\C=C/C\C=C/CC)CCCN(CCC(=O)OCCCCCCCC\C=C/CC(CCCCCC)OC(=O)CC\C=C/C/C=C\C\C=C/C\C=C/C\C=C/C\C=C/CC)CCCN(C)C,0.7184613009386344
N(CCC(=O)OCCCCCCCC\C=C/CC(CCCCCC)OC(=O)C(CCCC)CCCCCC)(CCC(=O)OCCCCCCCC\C=C/CC(CCCCCC)OC(=O)C(CCCC)CCCCCC)CCCN(CCC(=O)OCCCCCCCC\C=C/CC(CCCCCC)OC(=O)C(CCCC)CCCCCC)CCCN(C)C,0.5520381134149717
N(CCC(=O)OCCCCCCCC\C=C/CC(CCCCCC)OC(=O)CCCCCCC/C=C\C/C=C\C/C=C\CC)(CCC(=O)OCCCCCCCC\C=C/CC(CCCCCC)OC(=O)CCCCCCC/C=C\C/C=C\C/C=C\CC)CCCN(CCC(=O)OCCCCCCCC\C=C/CC(CCCCCC)OC(=O)CCCCCCC/C=C\C/C=C\C/C=C\CC)CCCN(C)C,0.6340360252639107
N(CCC(=O)OCCCCCCCC\C=C/CC(CCCCCC)OC(=O)CCCC\C=C/C\C=C/C\C=C/CCCCC)(CCC(=O)OCCCCCCCC\C=C/CC(CCCCCC)OC(=O)CCCC\C=C/C\C=C/C\C=C/CCCCC)CCCN(CCC(=O)OCCCCCCCC\C=C/CC(CCCCCC)OC(=O)CCCC\C=C/C\C=C/C\C=C/CCCCC)CCCN(C)C,0.6126394722346279
N(CCC(=O)OCCCCCCCC\C=C/CC(CCCCCC)OC(=O)CC/C=C\CC)(CCC(=O)OCCCCCCCC\C=C/CC(CCCCCC)OC(=O)CC/C=C\CC)CCN1CCN(C)CCCC1,0.5333744965023689
N(CCC(=O)OCCCCCCCC\C=C/CC(CCCCCC)OC(=O)CCCCC)(CCC(=O)OCCCCCCCC\C=C/CC(CCCCCC)OC(=O)CCCCC)CCN1CCN(C)CCCC1,0.5083332344408633
N(CCC(=O)OCCCCCCCC\C=C/CC(CCCCCC)OC(=O)CCCCCC)(CCC(=O)OCCCCCCCC\C=C/CC(CCCCCC)OC(=O)CCCCCC)CCN1CCN(C)CCCC1,0.5106489720535606
N(CCC(=O)OCCCCCCCC\C=C/CC(CCCCCC)OC(=O)CCCCCCC)(CCC(=O)OCCCCCCCC\C=C/CC(CCCCCC)OC(=O)CCCCCCC)CCN1CCN(C)CCCC1,0.5199870349134769
N(CCC(=O)OCCCCCCCC\C=C/CC(CCCCCC)OC(=O)CCCCCCCCCCCCCCCCC)(CCC(=O)OCCCCCCCC\C=C/CC(CCCCCC)OC(=O)CCCCCCCCCCCCCCCCC)CCN1CCN(C)CCCC1,0.5510453906469285
N(CCC(=O)OCCCCCCCC\C=C/CC(CCCCCC)OC(=O)CCCCCCC/C=C\CCCCCCCC)(CCC(=O)OCCCCCCCC\C=C/CC(CCCCCC)OC(=O)CCCCCCC/C=C\CCCCCCCC)CCN1CCN(C)CCCC1,0.5537079200486303
N(CCC(=O)OCCCCCCCC\C=C/CC(CCCCCC)OC(=O)CCCCCCC/C=C\C/C=C\CCCCC)(CCC(=O)OCCCCCCCC\C=C/CC(CCCCCC)OC(=O)CCCCCCC/C=C\C/C=C\CCCCC)CCN1CCN(C)CCCC1,0.5567184325543107
N(CCC(=O)OCCCCCCCC\C=C/CC(CCCCCC)OC(=O)CCC/C=C\C/C=C\C/C=C\C/C=C\C/C=C\CC)(CCC(=O)OCCCCCCCC\C=C/CC(CCCCCC)OC(=O)CCC/C=C\C/C=C\C/C=C\C/C=C\C/C=C\CC)CCN1CCN(C)CCCC1,0.6399392887900669
N(CCC(=O)OCCCCCCCC\C=C/CC(CCCCCC)OC(=O)CCCCCCCCCC)(CCC(=O)OCCCCCCCC\C=C/CC(CCCCCC)OC(=O)CCCCCCCCCC)CCN1CCN(C)CCCC1,0.5457993160263177
N(CCC(=O)OCCCCCCCC\C=C/CC(CCCCCC)OC(=O)CCCCCCCCCCC)(CCC(=O)OCCCCCCCC\C=C/CC(CCCCCC)OC(=O)CCCCCCCCCCC)CCN1CCN(C)CCCC1,0.546711386770604
N(CCC(=O)OCCCCCCCC\C=C/CC(CCCCCC)OC(=O)CCCCCCCCCCCCC)(CCC(=O)OCCCCCCCC\C=C/CC(CCCCCC)OC(=O)CCCCCCCCCCCCC)CCN1CCN(C)CCCC1,0.5485307629992799
N(CCC(=O)OCCCCCCCC\C=C/CC(CCCCCC)OC(=O)CCCCCCCCCCCCCCC)(CCC(=O)OCCCCCCCC\C=C/CC(CCCCCC)OC(=O)CCCCCCCCCCCCCCC)CCN1CCN(C)CCCC1,0.5500558844293157
N(CCC(=O)OCCCCCCCC\C=C/CC(CCCCCC)OC(=O)C(CCCCCC)CCCCCCCC)(CCC(=O)OCCCCCCCC\C=C/CC(CCCCCC)OC(=O)C(CCCCCC)CCCCCCCC)CCN1CCN(C)CCCC1,0.532743933486498
N(CCC(=O)OCCCCCCCC\C=C/CC(CCCCCC)OC(=O)CC/C=C\CCCCC)(CCC(=O)OCCCCCCCC\C=C/CC(CCCCCC)OC(=O)CC/C=C\CCCCC)CCN1CCN(C)CCCC1,0.5328061796939025
O=C(CCN(CCC(OCCCCCCCC/C=C\CC(CCCCCC)OC(CC/C=C\CCCCC)=O)=O)CCN1CCN(C)CCC1)OCCCCCCCC/C=C\CC(CCCCCC)OC(CC/C=C\CCCCC)=O,0.5416767705579227
N(CCC(=O)OCCCCCCCC\C=C/CC(CCCCCC)OC(=O)CCC/C=C\C/C=C\C/C=C\C/C=C\CCCCC)(CCC(=O)OCCCCCCCC\C=C/CC(CCCCCC)OC(=O)CCC/C=C\C/C=C\C/C=C\C/C=C\CCCCC)CCN1CCN(C)CCCC1,0.6002431251385638
N(CCC(=O)OCCCCCCCC\C=C/CC(CCCCCC)OC(=O)CC\C=C/C/C=C\C\C=C/C\C=C/C\C=C/C\C=C/CC)(CCC(=O)OCCCCCCCC\C=C/CC(CCCCCC)OC(=O)CC\C=C/C/C=C\C\C=C/C\C=C/C\C=C/C\C=C/CC)CCN1CCN(C)CCCC1,0.6818294376638991
N(CCC(=O)OCCCCCCCC\C=C/CC(CCCCCC)OC(=O)CC/C=C\CC)(CCC(=O)OCCCCCCCC\C=C/CC(CCCCCC)OC(=O)CC/C=C\CC)CCC1N(C)CCCC1,0.5232004283592723
N(CCC(=O)OCCCCCCCC\C=C/CC(CCCCCC)OC(=O)CCCCC)(CCC(=O)OCCCCCCCC\C=C/CC(CCCCCC)OC(=O)CCCCC)CCC1N(C)CCCC1,0.49838807747006886
N(CCC(=O)OCCCCCCCC\C=C/CC(CCCCCC)OC(=O)CCCCCC)(CCC(=O)OCCCCCCCC\C=C/CC(CCCCCC)OC(=O)CCCCCC)CCC1N(C)CCCC1,0.5009255485823487
N(CCC(=O)OCCCCCCCC\C=C/CC(CCCCCC)OC(=O)CCCCCCC)(CCC(=O)OCCCCCCCC\C=C/CC(CCCCCC)OC(=O)CCCCCCC)CCC1N(C)CCCC1,0.5106823288728397
N(CCC(=O)OCCCCCCCC\C=C/CC(CCCCCC)OC(=O)CCCCCCCCCCCCCCCCC)(CCC(=O)OCCCCCCCC\C=C/CC(CCCCCC)OC(=O)CCCCCCCCCCCCCCCCC)CCC1N(C)CCCC1,0.5440411138215696
N(CCC(=O)OCCCCCCCC\C=C/CC(CCCCCC)OC(=O)CCCCCCC/C=C\CCCCCCCC)(CCC(=O)OCCCCCCCC\C=C/CC(CCCCCC)OC(=O)CCCCCCC/C=C\CCCCCCCC)CCC1N(C)CCCC1,0.5466200129120791
N(CCC(=O)OCCCCCCCC\C=C/CC(CCCCCC)OC(=O)CCCCCCC/C=C\C/C=C\CCCCC)(CCC(=O)OCCCCCCCC\C=C/CC(CCCCCC)OC(=O)CCCCCCC/C=C\C/C=C\CCCCC)CCC1N(C)CCCC1,0.5492921323993236
N(CCC(=O)OCCCCCCCC\C=C/CC(CCCCCC)OC(=O)CCC/C=C\C/C=C\C/C=C\C/C=C\C/C=C\CC)(CCC(=O)OCCCCCCCC\C=C/CC(CCCCCC)OC(=O)CCC/C=C\C/C=C\C/C=C\C/C=C\C/C=C\CC)CCC1N(C)CCCC1,0.634794773771011
N(CCC(=O)OCCCCCCCC\C=C/CC(CCCCCC)OC(=O)CCCCCCCCCC)(CCC(=O)OCCCCCCCC\C=C/CC(CCCCCC)OC(=O)CCCCCCCCCC)CCC1N(C)CCCC1,0.5373761235008774
N(CCC(=O)OCCCCCCCC\C=C/CC(CCCCCC)OC(=O)CCCCCCCCCCC)(CCC(=O)OCCCCCCCC\C=C/CC(CCCCCC)OC(=O)CCCCCCCCCCC)CCC1N(C)CCCC1,0.5385196667446607
N(CCC(=O)OCCCCCCCC\C=C/CC(CCCCCC)OC(=O)CCCCCCCCCCCCC)(CCC(=O)OCCCCCCCC\C=C/CC(CCCCCC)OC(=O)CCCCCCCCCCCCC)CCC1N(C)CCCC1,0.5407736346759432
N(CCC(=O)OCCCCCCCC\C=C/CC(CCCCCC)OC(=O)CCCCCCCCCCCCCCC)(CCC(=O)OCCCCCCCC\C=C/CC(CCCCCC)OC(=O)CCCCCCCCCCCCCCC)CCC1N(C)CCCC1,0.5427379939369854
N(CCC(=O)OCCCCCCCC\C=C/CC(CCCCCC)OC(=O)C(CCCCCC)CCCCCCCC)(CCC(=O)OCCCCCCCC\C=C/CC(CCCCCC)OC(=O)C(CCCCCC)CCCCCCCC)CCC1N(C)CCCC1,0.5249635745211635
N(CCC(=O)OCCCCCCCC\C=C/CC(CCCCCC)OC(=O)CC/C=C\CCCCC)(CCC(=O)OCCCCCCCC\C=C/CC(CCCCCC)OC(=O)CC/C=C\CCCCC)CCC1N(C)CCCC1,0.5241827866870394
N(CCC(=O)OCCCCCCCC\C=C/CC(CCCCCC)OC(=O)CCC/C=C\C/C=C\C/C=C\C/C=C\CCCCC)(CCC(=O)OCCCCCCCC\C=C/CC(CCCCCC)OC(=O)CCC/C=C\C/C=C\C/C=C\C/C=C\CCCCC)CCC1N(C)CCCC1,0.5931114967424574
N(CCC(=O)OCCCCCCCC\C=C/CC(CCCCCC)OC(=O)CC\C=C/C/C=C\C\C=C/C\C=C/C\C=C/C\C=C/CC)(CCC(=O)OCCCCCCCC\C=C/CC(CCCCCC)OC(=O)CC\C=C/C/C=C\C\C=C/C\C=C/C\C=C/C\C=C/CC)CCC1N(C)CCCC1,0.6781803207662714
N(CCC(=O)OCCCCCCCC\C=C/CC(CCCCCC)OC(=O)C(CCCCCC)CCCCCCCC)(CCC(=O)OCCCCCCCC\C=C/CC(CCCCCC)OC(=O)C(CCCCCC)CCCCCCCC)CCCN(CC)CC,0.5577288463497216
O=C(CCN(CCC(OCCCCCCCC/C=C\CC(CCCCCC)OC(CC/C=C\CCCCCC)=O)=O)CCCN(CC)CC)OCCCCCCCC/C=C\CC(CCCCCC)OC(CC/C=C\CCCCCC)=O,0.5626851931685947
O=C(CCN(CCC(OCCCCCCCC/C=C\CC(CCCCCC)OC(CC/C=C\CCCCC)=O)=O)CCCN(CC)CC)OCCCCCCCC/C=C\CC(CCCCCC)OC(CC/C=C\CCCCC)=O,0.5617588266446172
O=C(CCN(CCC(OCCCCCCCC/C=C\CC(CCCCCC)OC(CCC/C=C\C/C=C\C/C=C\C/C=C\CCCCC)=O)=O)CCCN(CC)CC)OCCCCCCCC/C=C\CC(CCCCCC)OC(CCC/C=C\C/C=C\C/C=C\C/C=C\CCCCC)=O,0.6269246492223667
O=C(CCN(CCC(OCCCCCCCC/C=C\CC(CCCCCC)OC(C(CCCCCC)CCCC)=O)=O)CCCN(CC)CC)OCCCCCCCC/C=C\CC(CCCCCC)OC(C(CCCCCC)CCCC)=O,0.5416326919038755
O=C(OCCCCCCCC/C=C\CC(CCCCCC)OC(CCCC1CCCCC1)=O)CCN(CCC(OCCCCCCCC/C=C\CC(CCCCCC)OC(CCCC2CCCCC2)=O)=O)CCCN(CC)CC,0.4883077955983201
O=C(CCN(CCC(OCCCCCCCC/C=C\CC(CCCCCC)OC(CCCCCCCCCCC/C=C\CCCCCCCC)=O)=O)CCCN(CC)CC)OCCCCCCCC/C=C\CC(CCCCCC)OC(CCCCCCCCCCC/C=C\CCCCCCCC)=O,0.576696308146507
O=C(CCN(CCC(OCCCCCCCC/C=C\CC(CCCCCC)OC(CCCCCCC/C=C\CCCCCC)=O)=O)CCCN(CC)CC)OCCCCCCCC/C=C\CC(CCCCCC)OC(CCCCCCC/C=C\CCCCCCC)=O,0.5692696505970275
O=C(CCN(CCC(OCCCCCCCC/C=C\CC(CCCCCC)OC(CCCCCCCCC/C=C\CCCCCCCC)=O)=O)CCCN(CC)CC)OCCCCCCCC/C=C\CC(CCCCCC)OC(CCCCCCCCC/C=C\CCCCCCCC)=O,0.576975016284733
O=C(CCN(CCC(OCCCCCCCC/C=C\CC(CCCCCC)OC(CCCCCCCC/C=C\CCCC)=O)=O)CCCN(CC)CC)OCCCCCCCC/C=C\CC(CCCCCC)OC(CCCCCCCC/C=C\CCCC)=O,0.5641917896507809
N(CCC(=O)OCCCCCCCC\C=C/CC(CCCCCC)OC(=O)C)(CCC(=O)OCCCCCCCC\C=C/CC(CCCCCC)OC(=O)C)CCCN(CC)CC,0.5520578296777955
N(CCC(=O)OCCCCCCCC\C=C/CC(CCCCCC)OC(=O)CCC)(CCC(=O)OCCCCCCCC\C=C/CC(CCCCCC)OC(=O)CCC)CCCN(CC)CC,0.5427164311359515
N(CCC(=O)OCCCCCCCC\C=C/CC(CCCCCC)OC(=O)CCCCCCCCC)(CCC(=O)OCCCCCCCC\C=C/CC(CCCCCC)OC(=O)CCCCCCCCC)CCCN(CC)CC,0.5746413493816731
N(CCC(=O)OCCCCCCCC\C=C/CC(CCCCCC)OC(=O)CCCCC)(CCC(=O)OCCCCCCCC\C=C/CC(CCCCCC)OC(=O)CCCCC)CCCN(CC)CC,0.538142079463572
N(CCC(=O)OCCCCCCCC\C=C/CC(CCCCCC)OC(=O)CCCCCC)(CCC(=O)OCCCCCCCC\C=C/CC(CCCCCC)OC(=O)CCCCCC)CCCN(CC)CC,0.5394140464615795
N(CCC(=O)OCCCCCCCC\C=C/CC(CCCCCC)OC(=O)CCCCCCC)(CCC(=O)OCCCCCCCC\C=C/CC(CCCCCC)OC(=O)CCCCCCC)CCCN(CC)CC,0.5488595659321731
O=C(CCN(CCC(OCCCCCCCC/C=C\CC(CCCCCC)OC(CCCCCCCCCCCCCCCCC)=O)=O)CCCN(CC)CC)OCCCCCCCC/C=C\CC(CCCCCC)OC(CCCCCCCCCCCCCCCCC)=O,0.5736968153043384
O=C(CCN(CCC(OCCCCCCCC/C=C\CC(CCCCCC)OC(CCCCCCCC/C=C\CCCCCCC)=O)=O)CCCN(CC)CC)OCCCCCCCC/C=C\CC(CCCCCC)OC(CCCCCCCC/C=C\CCCCCCC)=O,0.5731143814134271
O=C(CCN(CCC(OCCCCCCCC/C=C\CC(CCCCCC)OC(CCCCCCC/C=C\CCCCCCCC)=O)=O)CCCN(CC)CC)OCCCCCCCC/C=C\CC(CCCCCC)OC(CCCCCCC/C=C\CCCCCCCC)=O,0.5775068788549872
N(CCC(=O)OCCCCCCCC\C=C/CC(CCCCCC)OC(=O)CCCCCCC/C=C\C/C=C\CCCCC)(CCC(=O)OCCCCCCCC\C=C/CC(CCCCCC)OC(=O)CCCCCCC/C=C\C/C=C\CCCCC)CCCN(CC)CC,0.58225688992032
N(CCC(=O)OCCCCCCCC\C=C/CC(CCCCCC)OC(=O)CC/C=C\CC)(CCC(=O)OCCCCCCCC\C=C/CC(CCCCCC)OC(=O)CC/C=C\CC)CCN1CCN(C)CC1,0.550263054103338
N(CCC(=O)OCCCCCCCC\C=C/CC(CCCCCC)OC(=O)CCCCC)(CCC(=O)OCCCCCCCC\C=C/CC(CCCCCC)OC(=O)CCCCC)CCN1CCN(C)CC1,0.5239267135333242
N(CCC(=O)OCCCCCCCC\C=C/CC(CCCCCC)OC(=O)CCCCCC)(CCC(=O)OCCCCCCCC\C=C/CC(CCCCCC)OC(=O)CCCCCC)CCN1CCN(C)CC1,0.5255933631823011
N(CCC(=O)OCCCCCCCC\C=C/CC(CCCCCC)OC(=O)CCCCCCC)(CCC(=O)OCCCCCCCC\C=C/CC(CCCCCC)OC(=O)CCCCCCC)CCN1CCN(C)CC1,0.5352009610551416
N(CCC(=O)OCCCCCCCC\C=C/CC(CCCCCC)OC(=O)CCCCCCCCCCCCCCCCC)(CCC(=O)OCCCCCCCC\C=C/CC(CCCCCC)OC(=O)CCCCCCCCCCCCCCCCC)CCN1CCN(C)CC1,0.5633704971075324
N(CCC(=O)OCCCCCCCC\C=C/CC(CCCCCC)OC(=O)CCCCCCC/C=C\CCCCCCCC)(CCC(=O)OCCCCCCCC\C=C/CC(CCCCCC)OC(=O)CCCCCCC/C=C\CCCCCCCC)CCN1CCN(C)CC1,0.5668112530161635
N(CCC(=O)OCCCCCCCC\C=C/CC(CCCCCC)OC(=O)CCCCCCC/C=C\C/C=C\CCCCC)(CCC(=O)OCCCCCCCC\C=C/CC(CCCCCC)OC(=O)CCCCCCC/C=C\C/C=C\CCCCC)CCN1CCN(C)CC1,0.5705029594241207
N(CCC(=O)OCCCCCCCC\C=C/CC(CCCCCC)OC(=O)CCC/C=C\C/C=C\C/C=C\C/C=C\C/C=C\CC)(CCC(=O)OCCCCCCCC\C=C/CC(CCCCCC)OC(=O)CCC/C=C\C/C=C\C/C=C\C/C=C\C/C=C\CC)CCN1CCN(C)CC1,0.6552891439702937
N(CCC(=O)OCCCCCCCC\C=C/CC(CCCCCC)OC(=O)CCCCCCCCCC)(CCC(=O)OCCCCCCCC\C=C/CC(CCCCCC)OC(=O)CCCCCCCCCC)CCN1CCN(C)CC1,0.561243940312746
N(CCC(=O)OCCCCCCCC\C=C/CC(CCCCCC)OC(=O)CCCCCCCCCCC)(CCC(=O)OCCCCCCCC\C=C/CC(CCCCCC)OC(=O)CCCCCCCCCCC)CCN1CCN(C)CC1,0.5618315564237952
N(CCC(=O)OCCCCCCCC\C=C/CC(CCCCCC)OC(=O)CCCCCCCCCCCCC)(CCC(=O)OCCCCCCCC\C=C/CC(CCCCCC)OC(=O)CCCCCCCCCCCCC)CCN1CCN(C)CC1,0.5624396035866528
N(CCC(=O)OCCCCCCCC\C=C/CC(CCCCCC)OC(=O)CCCCCCCCCCCCCCC)(CCC(=O)OCCCCCCCC\C=C/CC(CCCCCC)OC(=O)CCCCCCCCCCCCCCC)CCN1CCN(C)CC1,0.5629052886100875
N(CCC(=O)OCCCCCCCC\C=C/CC(CCCCCC)OC(=O)C(CCCCCC)CCCCCCCC)(CCC(=O)OCCCCCCCC\C=C/CC(CCCCCC)OC(=O)C(CCCCCC)CCCCCCCC)CCN1CCN(C)CC1,0.5463513713853855
N(CCC(=O)OCCCCCCCC\C=C/CC(CCCCCC)OC(=O)CC/C=C\CCCCC)(CCC(=O)OCCCCCCCC\C=C/CC(CCCCCC)OC(=O)CC/C=C\CCCCC)CCN1CCN(C)CC1,0.5480830668319564
N(CCC(=O)OCCCCCCCC\C=C/CC(CCCCCC)OC(=O)CCC/C=C\C/C=C\C/C=C\C/C=C\CCCCC)(CCC(=O)OCCCCCCCC\C=C/CC(CCCCCC)OC(=O)CCC/C=C\C/C=C\C/C=C\C/C=C\CCCCC)CCN1CCN(C)CC1,0.6145780395264775
N(CCC(=O)OCCCCCCCC\C=C/CC(CCCCCC)OC(=O)CC\C=C/C/C=C\C\C=C/C\C=C/C\C=C/C\C=C/CC)(CCC(=O)OCCCCCCCC\C=C/CC(CCCCCC)OC(=O)CC\C=C/C/C=C\C\C=C/C\C=C/C\C=C/C\C=C/CC)CCN1CCN(C)CC1,0.6967080682060609
N(CCC(=O)OCCCCCCCC\C=C/CC(CCCCCC)OC(=O)CC/C=C\CC)(CCC(=O)OCCCCCCCC\C=C/CC(CCCCCC)OC(=O)CC/C=C\CC)CC1N(C)CCCC1,0.5085879971481068
N(CCC(=O)OCCCCCCCC\C=C/CC(CCCCCC)OC(=O)CCCCC)(CCC(=O)OCCCCCCCC\C=C/CC(CCCCCC)OC(=O)CCCCC)CC1N(C)CCCC1,0.48328649233047605
N(CCC(=O)OCCCCCCCC\C=C/CC(CCCCCC)OC(=O)CCCCCC)(CCC(=O)OCCCCCCCC\C=C/CC(CCCCCC)OC(=O)CCCCCC)CC1N(C)CCCC1,0.4863435554687754
N(CCC(=O)OCCCCCCCC\C=C/CC(CCCCCC)OC(=O)CCCCCCC)(CCC(=O)OCCCCCCCC\C=C/CC(CCCCCC)OC(=O)CCCCCCC)CC1N(C)CCCC1,0.4964454001415581
N(CCC(=O)OCCCCCCCC\C=C/CC(CCCCCC)OC(=O)CCCCCCCCCCCCCCCCC)(CCC(=O)OCCCCCCCC\C=C/CC(CCCCCC)OC(=O)CCCCCCCCCCCCCCCCC)CC1N(C)CCCC1,0.5325346790112708
N(CCC(=O)OCCCCCCCC\C=C/CC(CCCCCC)OC(=O)CCCCCCC/C=C\CCCCCCCC)(CCC(=O)OCCCCCCCC\C=C/CC(CCCCCC)OC(=O)CCCCCCC/C=C\CCCCCCCC)CC1N(C)CCCC1,0.5346505735370377
N(CCC(=O)OCCCCCCCC\C=C/CC(CCCCCC)OC(=O)CCCCCCC/C=C\C/C=C\CCCCC)(CCC(=O)OCCCCCCCC\C=C/CC(CCCCCC)OC(=O)CCCCCCC/C=C\C/C=C\CCCCC)CC1N(C)CCCC1,0.5371927801263402
N(CCC(=O)OCCCCCCCC\C=C/CC(CCCCCC)OC(=O)CCC/C=C\C/C=C\C/C=C\C/C=C\C/C=C\CC)(CCC(=O)OCCCCCCCC\C=C/CC(CCCCCC)OC(=O)CCC/C=C\C/C=C\C/C=C\C/C=C\C/C=C\CC)CC1N(C)CCCC1,0.6241082614917404
N(CCC(=O)OCCCCCCCC\C=C/CC(CCCCCC)OC(=O)CCCCCCCCCC)(CCC(=O)OCCCCCCCC\C=C/CC(CCCCCC)OC(=O)CCCCCCCCCC)CC1N(C)CCCC1,0.5236625990035328
N(CCC(=O)OCCCCCCCC\C=C/CC(CCCCCC)OC(=O)CCCCCCCCCCC)(CCC(=O)OCCCCCCCC\C=C/CC(CCCCCC)OC(=O)CCCCCCCCCCC)CC1N(C)CCCC1,0.5251649663175605
N(CCC(=O)OCCCCCCCC\C=C/CC(CCCCCC)OC(=O)CCCCCCCCCCCCC)(CCC(=O)OCCCCCCCC\C=C/CC(CCCCCC)OC(=O)CCCCCCCCCCCCC)CC1N(C)CCCC1,0.5279280427030891
N(CCC(=O)OCCCCCCCC\C=C/CC(CCCCCC)OC(=O)CCCCCCCCCCCCCCC)(CCC(=O)OCCCCCCCC\C=C/CC(CCCCCC)OC(=O)CCCCCCCCCCCCCCC)CC1N(C)CCCC1,0.5304478525708757
N(CCC(=O)OCCCCCCCC\C=C/CC(CCCCCC)OC(=O)C(CCCCCC)CCCCCCCC)(CCC(=O)OCCCCCCCC\C=C/CC(CCCCCC)OC(=O)C(CCCCCC)CCCCCCCC)CC1N(C)CCCC1,0.5127830341326849
N(CCC(=O)OCCCCCCCC\C=C/CC(CCCCCC)OC(=O)CC/C=C\CCCCC)(CCC(=O)OCCCCCCCC\C=C/CC(CCCCCC)OC(=O)CC/C=C\CCCCC)CC1N(C)CCCC1,0.5103236239340928
N(CCC(=O)OCCCCCCCC\C=C/CC(CCCCCC)OC(=O)CCC/C=C\C/C=C\C/C=C\C/C=C\CCCCC)(CCC(=O)OCCCCCCCC\C=C/CC(CCCCCC)OC(=O)CCC/C=C\C/C=C\C/C=C\C/C=C\CCCCC)CC1N(C)CCCC1,0.5796958605544243
N(CCC(=O)OCCCCCCCC\C=C/CC(CCCCCC)OC(=O)CC\C=C/C/C=C\C\C=C/C\C=C/C\C=C/C\C=C/CC)(CCC(=O)OCCCCCCCC\C=C/CC(CCCCCC)OC(=O)CC\C=C/C/C=C\C\C=C/C\C=C/C\C=C/C\C=C/CC)CC1N(C)CCCC1,0.6695272044508008
N(CCC(=O)OCCCCCCCC\C=C/CC(CCCCCC)OC(=O)CC/C=C\CC)(CCC(=O)OCCCCCCCC\C=C/CC(CCCCCC)OC(=O)CC/C=C\CC)CCC1N(CC(C)C)CCCC1,0.5082102907355206
N(CCC(=O)OCCCCCCCC\C=C/CC(CCCCCC)OC(=O)CCCCC)(CCC(=O)OCCCCCCCC\C=C/CC(CCCCCC)OC(=O)CCCCC)CCC1N(CC(C)C)CCCC1,0.48406722059885127
N(CCC(=O)OCCCCCCCC\C=C/CC(CCCCCC)OC(=O)CCCCCC)(CCC(=O)OCCCCCCCC\C=C/CC(CCCCCC)OC(=O)CCCCCC)CCC1N(CC(C)C)CCCC1,0.4868763413081347
N(CCC(=O)OCCCCCCCC\C=C/CC(CCCCCC)OC(=O)CCCCCCC)(CCC(=O)OCCCCCCCC\C=C/CC(CCCCCC)OC(=O)CCCCCCC)CCC1N(CC(C)C)CCCC1,0.49646877969792774
N(CCC(=O)OCCCCCCCC\C=C/CC(CCCCCC)OC(=O)CCCCCCCCCCCCCCCCC)(CCC(=O)OCCCCCCCC\C=C/CC(CCCCCC)OC(=O)CCCCCCCCCCCCCCCCC)CCC1N(CC(C)C)CCCC1,0.5314803652590588
N(CCC(=O)OCCCCCCCC\C=C/CC(CCCCCC)OC(=O)CCCCCCC/C=C\CCCCCCCC)(CCC(=O)OCCCCCCCC\C=C/CC(CCCCCC)OC(=O)CCCCCCC/C=C\CCCCCCCC)CCC1N(CC(C)C)CCCC1,0.5332028875803281
N(CCC(=O)OCCCCCCCC\C=C/CC(CCCCCC)OC(=O)CCCCCCC/C=C\C/C=C\CCCCC)(CCC(=O)OCCCCCCCC\C=C/CC(CCCCCC)OC(=O)CCCCCCC/C=C\C/C=C\CCCCC)CCC1N(CC(C)C)CCCC1,0.5356844562374412
N(CCC(=O)OCCCCCCCC\C=C/CC(CCCCCC)OC(=O)CCC/C=C\C/C=C\C/C=C\C/C=C\C/C=C\CC)(CCC(=O)OCCCCCCCC\C=C/CC(CCCCCC)OC(=O)CCC/C=C\C/C=C\C/C=C\C/C=C\C/C=C\CC)CCC1N(CC(C)C)CCCC1,0.6128618907403205
N(CCC(=O)OCCCCCCCC\C=C/CC(CCCCCC)OC(=O)CCCCCCCCCC)(CCC(=O)OCCCCCCCC\C=C/CC(CCCCCC)OC(=O)CCCCCCCCCC)CCC1N(CC(C)C)CCCC1,0.5223404180793606
N(CCC(=O)OCCCCCCCC\C=C/CC(CCCCCC)OC(=O)CCCCCCCCCCC)(CCC(=O)OCCCCCCCC\C=C/CC(CCCCCC)OC(=O)CCCCCCCCCCC)CCC1N(CC(C)C)CCCC1,0.5237445614737614
N(CCC(=O)OCCCCCCCC\C=C/CC(CCCCCC)OC(=O)CCCCCCCCCCCCC)(CCC(=O)OCCCCCCCC\C=C/CC(CCCCCC)OC(=O)CCCCCCCCCCCCC)CCC1N(CC(C)C)CCCC1,0.5266175962314132
N(CCC(=O)OCCCCCCCC\C=C/CC(CCCCCC)OC(=O)CCCCCCCCCCCCCCC)(CCC(=O)OCCCCCCCC\C=C/CC(CCCCCC)OC(=O)CCCCCCCCCCCCCCC)CCC1N(CC(C)C)CCCC1,0.5293227151434445
N(CCC(=O)OCCCCCCCC\C=C/CC(CCCCCC)OC(=O)C(CCCCCC)CCCCCCCC)(CCC(=O)OCCCCCCCC\C=C/CC(CCCCCC)OC(=O)C(CCCCCC)CCCCCCCC)CCC1N(CC(C)C)CCCC1,0.5127357984939558
N(CCC(=O)OCCCCCCCC\C=C/CC(CCCCCC)OC(=O)CC/C=C\CCCCC)(CCC(=O)OCCCCCCCC\C=C/CC(CCCCCC)OC(=O)CC/C=C\CCCCC)CCC1N(CC(C)C)CCCC1,0.5096567853772559
N(CCC(=O)OCCCCCCCC\C=C/CC(CCCCCC)OC(=O)CCC/C=C\C/C=C\C/C=C\C/C=C\CCCCC)(CCC(=O)OCCCCCCCC\C=C/CC(CCCCCC)OC(=O)CCC/C=C\C/C=C\C/C=C\C/C=C\CCCCC)CCC1N(CC(C)C)CCCC1,0.5747895489644699
N(CCC(=O)OCCCCCCCC\C=C/CC(CCCCCC)OC(=O)CC\C=C/C/C=C\C\C=C/C\C=C/C\C=C/C\C=C/CC)(CCC(=O)OCCCCCCCC\C=C/CC(CCCCCC)OC(=O)CC\C=C/C/C=C\C\C=C/C\C=C/C\C=C/C\C=C/CC)CCC1N(CC(C)C)CCCC1,0.6557043768045687
C1N(CCC(=O)OCCCCCCCC\C=C/CC(CCCCCC)OC(=O)CCC/C=C\C/C=C\C/C=C\C/C=C\C/C=C\CC)CCN(CCC(=O)OCCCCCCCC\C=C/CC(CCCCCC)OC(=O)CCC/C=C\C/C=C\C/C=C\C/C=C\C/C=C\CC)CCN(CCC(=O)OCCCCCCCC\C=C/CC(CCCCCC)OC(=O)CCC/C=C\C/C=C\C/C=C\C/C=C\C/C=C\CC)C1,0.6588204993827166
C1N(CCC(=O)OCCCCCCCC\C=C/CC(CCCCCC)OC(=O)CC\C=C/C/C=C\C\C=C/C\C=C/C\C=C/C\C=C/CC)CCN(CCC(=O)OCCCCCCCC\C=C/CC(CCCCCC)OC(=O)CC\C=C/C/C=C\C\C=C/C\C=C/C\C=C/C\C=C/CC)CCN(CCC(=O)OCCCCCCCC\C=C/CC(CCCCCC)OC(=O)CC\C=C/C/C=C\C\C=C/C\C=C/C\C=C/C\C=C/CC)C1,0.7018190477085917
N(CCC(=O)OCCCCCCCC\C=C/CC(CCCCCC)OC(=O)CC/C=C\CC)(CCC(=O)OCCCCCCCC\C=C/CC(CCCCCC)OC(=O)CC/C=C\CC)CCN1CCCCCC1,0.5698439835461139
N(CCC(=O)OCCCCCCCC\C=C/CC(CCCCCC)OC(=O)CCCCC)(CCC(=O)OCCCCCCCC\C=C/CC(CCCCCC)OC(=O)CCCCC)CCN1CCCCCC1,0.5434838762423638
N(CCC(=O)OCCCCCCCC\C=C/CC(CCCCCC)OC(=O)CCCCCC)(CCC(=O)OCCCCCCCC\C=C/CC(CCCCCC)OC(=O)CCCCCC)CCN1CCCCCC1,0.5445995427157496
N(CCC(=O)OCCCCCCCC\C=C/CC(CCCCCC)OC(=O)CCCCCCC)(CCC(=O)OCCCCCCCC\C=C/CC(CCCCCC)OC(=O)CCCCCCC)CCN1CCCCCC1,0.5538767293804816
N(CCC(=O)OCCCCCCCC\C=C/CC(CCCCCC)OC(=O)CCCCCCCCCCCCCCCCC)(CCC(=O)OCCCCCCCC\C=C/CC(CCCCCC)OC(=O)CCCCCCCCCCCCCCCCC)CCN1CCCCCC1,0.577670208137957
N(CCC(=O)OCCCCCCCC\C=C/CC(CCCCCC)OC(=O)CCCCCCC/C=C\CCCCCCCC)(CCC(=O)OCCCCCCCC\C=C/CC(CCCCCC)OC(=O)CCCCCCC/C=C\CCCCCCCC)CCN1CCCCCC1,0.5815912426784574
N(CCC(=O)OCCCCCCCC\C=C/CC(CCCCCC)OC(=O)CCCCCCC/C=C\C/C=C\CCCCC)(CCC(=O)OCCCCCCCC\C=C/CC(CCCCCC)OC(=O)CCCCCCC/C=C\C/C=C\CCCCC)CCN1CCCCCC1,0.5861032885776836
N(CCC(=O)OCCCCCCCC\C=C/CC(CCCCCC)OC(=O)CCC/C=C\C/C=C\C/C=C\C/C=C\C/C=C\CC)(CCC(=O)OCCCCCCCC\C=C/CC(CCCCCC)OC(=O)CCC/C=C\C/C=C\C/C=C\C/C=C\C/C=C\CC)CCN1CCCCCC1,0.6744058179676039
N(CCC(=O)OCCCCCCCC\C=C/CC(CCCCCC)OC(=O)CCCCCCCCCC)(CCC(=O)OCCCCCCCC\C=C/CC(CCCCCC)OC(=O)CCCCCCCCCC)CCN1CCCCCC1,0.5786676961658972
N(CCC(=O)OCCCCCCCC\C=C/CC(CCCCCC)OC(=O)CCCCCCCCCCC)(CCC(=O)OCCCCCCCC\C=C/CC(CCCCCC)OC(=O)CCCCCCCCCCC)CCN1CCCCCC1,0.5785409998183857
N(CCC(=O)OCCCCCCCC\C=C/CC(CCCCCC)OC(=O)CCCCCCCCCCCCC)(CCC(=O)OCCCCCCCC\C=C/CC(CCCCCC)OC(=O)CCCCCCCCCCCCC)CCN1CCCCCC1,0.5785907372185606
N(CCC(=O)OCCCCCCCC\C=C/CC(CCCCCC)OC(=O)CCCCCCCCCCCCCCC)(CCC(=O)OCCCCCCCC\C=C/CC(CCCCCC)OC(=O)CCCCCCCCCCCCCCC)CCN1CCCCCC1,0.5780869301159499
N(CCC(=O)OCCCCCCCC\C=C/CC(CCCCCC)OC(=O)C(CCCCCC)CCCCCCCC)(CCC(=O)OCCCCCCCC\C=C/CC(CCCCCC)OC(=O)C(CCCCCC)CCCCCCCC)CCN1CCCCCC1,0.5611414872249605
N(CCC(=O)OCCCCCCCC\C=C/CC(CCCCCC)OC(=O)CC/C=C\CCCCC)(CCC(=O)OCCCCCCCC\C=C/CC(CCCCCC)OC(=O)CC/C=C\CCCCC)CCN1CCCCCC1,0.5664589811782776
N(CCC(=O)OCCCCCCCC\C=C/CC(CCCCCC)OC(=O)CCC/C=C\C/C=C\C/C=C\C/C=C\CCCCC)(CCC(=O)OCCCCCCCC\C=C/CC(CCCCCC)OC(=O)CCC/C=C\C/C=C\C/C=C\C/C=C\CCCCC)CCN1CCCCCC1,0.6316577436150651
N(CCC(=O)OCCCCCCCC\C=C/CC(CCCCCC)OC(=O)CC\C=C/C/C=C\C\C=C/C\C=C/C\C=C/C\C=C/CC)(CCC(=O)OCCCCCCCC\C=C/CC(CCCCCC)OC(=O)CC\C=C/C/C=C\C\C=C/C\C=C/C\C=C/C\C=C/CC)CCN1CCCCCC1,0.7146811989595879
N(CCC(=O)OCCCCCCCC\C=C/CC(CCCCCC)OC(=O)CCC)(CCC(=O)OCCCCCCCC\C=C/CC(CCCCCC)OC(=O)CCC)CCN(CC)CC,0.5223133752294451
N(CCC(=O)OCCCCCCCC\C=C/CC(CCCCCC)OC(=O)CCCCCCCCC)(CCC(=O)OCCCCCCCC\C=C/CC(CCCCCC)OC(=O)CCCCCCCCC)CCN(CC)CC,0.5569982724417623
N(CCC(=O)OCCCCCCCC\C=C/CC(CCCCCC)OC(=O)CCCCC)(CCC(=O)OCCCCCCCC\C=C/CC(CCCCCC)OC(=O)CCCCC)CCN(CC)CC,0.5191241059118783
N(CCC(=O)OCCCCCCCC\C=C/CC(CCCCCC)OC(=O)CCCCCC)(CCC(=O)OCCCCCCCC\C=C/CC(CCCCCC)OC(=O)CCCCCC)CCN(CC)CC,0.5209732650149104
N(CCC(=O)OCCCCCCCC\C=C/CC(CCCCCC)OC(=O)CCCCCCC)(CCC(=O)OCCCCCCCC\C=C/CC(CCCCCC)OC(=O)CCCCCCC)CCN(CC)CC,0.5307282285500656
N(CCC(=O)OCCCCCCCC\C=C/CC(CCCCCC)OC(=O)CCCCCCC/C=C\C/C=C\CCCCC)(CCC(=O)OCCCCCCCC\C=C/CC(CCCCCC)OC(=O)CCCCCCC/C=C\C/C=C\CCCCC)CCN(CC)CC,0.5671785354227251
N(CCC(=O)OCCCCCCCC\C=C/CC(CCCCCC)OC(=O)CC/C=C\CC)(CCC(=O)OCCCCCCCC\C=C/CC(CCCCCC)OC(=O)CC/C=C\CC)CCO,0.5082964228081589
N(CCC(=O)OCCCCCCCC\C=C/CC(CCCCCC)OC(=O)CCCCC)(CCC(=O)OCCCCCCCC\C=C/CC(CCCCCC)OC(=O)CCCCC)CCO,0.4810601033408474
N(CCC(=O)OCCCCCCCC\C=C/CC(CCCCCC)OC(=O)CCCCCC)(CCC(=O)OCCCCCCCC\C=C/CC(CCCCCC)OC(=O)CCCCCC)CCO,0.4846175783340808
N(CCC(=O)OCCCCCCCC\C=C/CC(CCCCCC)OC(=O)CCCCCCC)(CCC(=O)OCCCCCCCC\C=C/CC(CCCCCC)OC(=O)CCCCCCC)CCO,0.4956958247597595
N(CCC(=O)OCCCCCCCC\C=C/CC(CCCCCC)OC(=O)CCCCCCCCCCCCCCCCC)(CCC(=O)OCCCCCCCC\C=C/CC(CCCCCC)OC(=O)CCCCCCCCCCCCCCCCC)CCO,0.5342531508616276
N(CCC(=O)OCCCCCCCC\C=C/CC(CCCCCC)OC(=O)CCCCCCC/C=C\CCCCCCCC)(CCC(=O)OCCCCCCCC\C=C/CC(CCCCCC)OC(=O)CCCCCCC/C=C\CCCCCCCC)CCO,0.5370553023783117
N(CCC(=O)OCCCCCCCC\C=C/CC(CCCCCC)OC(=O)CCCCCCC/C=C\C/C=C\CCCCC)(CCC(=O)OCCCCCCCC\C=C/CC(CCCCCC)OC(=O)CCCCCCC/C=C\C/C=C\CCCCC)CCO,0.5393413762481502
N(CCC(=O)OCCCCCCCC\C=C/CC(CCCCCC)OC(=O)CCC/C=C\C/C=C\C/C=C\C/C=C\C/C=C\CC)(CCC(=O)OCCCCCCCC\C=C/CC(CCCCCC)OC(=O)CCC/C=C\C/C=C\C/C=C\C/C=C\C/C=C\CC)CCO,0.6317062301345171
N(CCC(=O)OCCCCCCCC\C=C/CC(CCCCCC)OC(=O)CCCCCCCCCC)(CCC(=O)OCCCCCCCC\C=C/CC(CCCCCC)OC(=O)CCCCCCCCCC)CCO,0.5255990219284288
N(CCC(=O)OCCCCCCCC\C=C/CC(CCCCCC)OC(=O)CCCCCCCCCCC)(CCC(=O)OCCCCCCCC\C=C/CC(CCCCCC)OC(=O)CCCCCCCCCCC)CCO,0.5271424896090682
N(CCC(=O)OCCCCCCCC\C=C/CC(CCCCCC)OC(=O)CCCCCCCCCCCCC)(CCC(=O)OCCCCCCCC\C=C/CC(CCCCCC)OC(=O)CCCCCCCCCCCCC)CCO,0.5300280927396984
N(CCC(=O)OCCCCCCCC\C=C/CC(CCCCCC)OC(=O)CCCCCCCCCCCCCCC)(CCC(=O)OCCCCCCCC\C=C/CC(CCCCCC)OC(=O)CCCCCCCCCCCCCCC)CCO,0.5323625935632403
N(CCC(=O)OCCCCCCCC\C=C/CC(CCCCCC)OC(=O)C(CCCCCC)CCCCCCCC)(CCC(=O)OCCCCCCCC\C=C/CC(CCCCCC)OC(=O)C(CCCCCC)CCCCCCCC)CCO,0.5138026806191461
N(CCC(=O)OCCCCCCCC\C=C/CC(CCCCCC)OC(=O)CC/C=C\CCCCC)(CCC(=O)OCCCCCCCC\C=C/CC(CCCCCC)OC(=O)CC/C=C\CCCCC)CCO,0.5109263101795662
N(CCC(=O)OCCCCCCCC\C=C/CC(CCCCCC)OC(=O)CCC/C=C\C/C=C\C/C=C\C/C=C\CCCCC)(CCC(=O)OCCCCCCCC\C=C/CC(CCCCCC)OC(=O)CCC/C=C\C/C=C\C/C=C\C/C=C\CCCCC)CCO,0.5831275624692512
N(CCC(=O)OCCCCCCCC\C=C/CC(CCCCCC)OC(=O)CC\C=C/C/C=C\C\C=C/C\C=C/C\C=C/C\C=C/CC)(CCC(=O)OCCCCCCCC\C=C/CC(CCCCCC)OC(=O)CC\C=C/C/C=C\C\C=C/C\C=C/C\C=C/C\C=C/CC)CCO,0.6791720309165865
N(CCC(=O)OCCCCCCCC\C=C/CC(CCCCCC)OC(=O)CC/C=C\CC)(CCC(=O)OCCCCCCCC\C=C/CC(CCCCCC)OC(=O)CC/C=C\CC)CCCCCO,0.5817548697901708
N(CCC(=O)OCCCCCCCC\C=C/CC(CCCCCC)OC(=O)CCCCC)(CCC(=O)OCCCCCCCC\C=C/CC(CCCCCC)OC(=O)CCCCC)CCCCCO,0.553597961676507
N(CCC(=O)OCCCCCCCC\C=C/CC(CCCCCC)OC(=O)CCCCCC)(CCC(=O)OCCCCCCCC\C=C/CC(CCCCCC)OC(=O)CCCCCC)CCCCCO,0.5543872674126968
N(CCC(=O)OCCCCCCCC\C=C/CC(CCCCCC)OC(=O)CCCCCCC)(CCC(=O)OCCCCCCCC\C=C/CC(CCCCCC)OC(=O)CCCCCCC)CCCCCO,0.5641839269719509
N(CCC(=O)OCCCCCCCC\C=C/CC(CCCCCC)OC(=O)CCCCCCCCCCCCCCCCC)(CCC(=O)OCCCCCCCC\C=C/CC(CCCCCC)OC(=O)CCCCCCCCCCCCCCCCC)CCCCCO,0.5856283708631985
N(CCC(=O)OCCCCCCCC\C=C/CC(CCCCCC)OC(=O)CCCCCCC/C=C\CCCCCCCC)(CCC(=O)OCCCCCCCC\C=C/CC(CCCCCC)OC(=O)CCCCCCC/C=C\CCCCCCCC)CCCCCO,0.590122963998052
N(CCC(=O)OCCCCCCCC\C=C/CC(CCCCCC)OC(=O)CCCCCCC/C=C\C/C=C\CCCCC)(CCC(=O)OCCCCCCCC\C=C/CC(CCCCCC)OC(=O)CCCCCCC/C=C\C/C=C\CCCCC)CCCCCO,0.5957119586340008
N(CCC(=O)OCCCCCCCC\C=C/CC(CCCCCC)OC(=O)CCC/C=C\C/C=C\C/C=C\C/C=C\C/C=C\CC)(CCC(=O)OCCCCCCCC\C=C/CC(CCCCCC)OC(=O)CCC/C=C\C/C=C\C/C=C\C/C=C\C/C=C\CC)CCCCCO,0.6853207648931872
N(CCC(=O)OCCCCCCCC\C=C/CC(CCCCCC)OC(=O)CCCCCCCCCC)(CCC(=O)OCCCCCCCC\C=C/CC(CCCCCC)OC(=O)CCCCCCCCCC)CCCCCO,0.5894321800102326
N(CCC(=O)OCCCCCCCC\C=C/CC(CCCCCC)OC(=O)CCCCCCCCCCC)(CCC(=O)OCCCCCCCC\C=C/CC(CCCCCC)OC(=O)CCCCCCCCCCC)CCCCCO,0.5888086457527097
N(CCC(=O)OCCCCCCCC\C=C/CC(CCCCCC)OC(=O)CCCCCCCCCCCCC)(CCC(=O)OCCCCCCCC\C=C/CC(CCCCCC)OC(=O)CCCCCCCCCCCCC)CCCCCO,0.587513924638694
N(CCC(=O)OCCCCCCCC\C=C/CC(CCCCCC)OC(=O)CCCCCCCCCCCCCCC)(CCC(=O)OCCCCCCCC\C=C/CC(CCCCCC)OC(=O)CCCCCCCCCCCCCCC)CCCCCO,0.5864775401768445
N(CCC(=O)OCCCCCCCC\C=C/CC(CCCCCC)OC(=O)C(CCCCCC)CCCCCCCC)(CCC(=O)OCCCCCCCC\C=C/CC(CCCCCC)OC(=O)C(CCCCCC)CCCCCCCC)CCCCCO,0.570110838100346
N(CCC(=O)OCCCCCCCC\C=C/CC(CCCCCC)OC(=O)CC/C=C\CCCCC)(CCC(=O)OCCCCCCCC\C=C/CC(CCCCCC)OC(=O)CC/C=C\CCCCC)CCCCCO,0.5773560583792471
N(CCC(=O)OCCCCCCCC\C=C/CC(CCCCCC)OC(=O)CCC/C=C\C/C=C\C/C=C\C/C=C\CCCCC)(CCC(=O)OCCCCCCCC\C=C/CC(CCCCCC)OC(=O)CCC/C=C\C/C=C\C/C=C\C/C=C\CCCCC)CCCCCO,0.6415392248004858
N(CCC(=O)OCCCCCCCC\C=C/CC(CCCCCC)OC(=O)CC\C=C/C/C=C\C\C=C/C\C=C/C\C=C/C\C=C/CC)(CCC(=O)OCCCCCCCC\C=C/CC(CCCCCC)OC(=O)CC\C=C/C/C=C\C\C=C/C\C=C/C\C=C/C\C=C/CC)CCCCCO,0.7262419577327125
N(CCC(=O)OCCCCCCCC\C=C/CC(CCCCCC)OC(=O)CCCCCCC/C=C\CCCCCCCC)(CCC(=O)OCCCCCCCC\C=C/CC(CCCCCC)OC(=O)CCCCCCC/C=C\CCCCCCCC)CCCN(CCC(=O)OCCCCCCCC\C=C/CC(CCCCCC)OC(=O)CCCCCCC/C=C\CCCCCCCC)(CCC(=O)OCCCCCCCC\C=C/CC(CCCCCC)OC(=O)CCCCCCC/C=C\CCCCCCCC),0.6037904441716416
N(CCC(=O)OCCCCCCCC\C=C/CC(CCCCCC)OC(=O)CCC/C=C\C/C=C\C/C=C\C/C=C\C/C=C\CC)(CCC(=O)OCCCCCCCC\C=C/CC(CCCCCC)OC(=O)CCC/C=C\C/C=C\C/C=C\C/C=C\C/C=C\CC)CCCN(CCC(=O)OCCCCCCCC\C=C/CC(CCCCCC)OC(=O)CCC/C=C\C/C=C\C/C=C\C/C=C\C/C=C\CC)(CCC(=O)OCCCCCCCC\C=C/CC(CCCCCC)OC(=O)CCC/C=C\C/C=C\C/C=C\C/C=C\C/C=C\CC),0.7048685162139302
N(CCC(=O)OCCCCCCCC\C=C/CC(CCCCCC)OC(=O)CC/C=C\CCCCC)(CCC(=O)OCCCCCCCC\C=C/CC(CCCCCC)OC(=O)CC/C=C\CCCCC)CCCN(CCC(=O)OCCCCCCCC\C=C/CC(CCCCCC)OC(=O)CC/C=C\CCCCC)(CCC(=O)OCCCCCCCC\C=C/CC(CCCCCC)OC(=O)CC/C=C\CCCCC),0.5938286683569565
N(CCC(=O)OCCCCCCCC\C=C/CC(CCCCCC)OC(=O)CC\C=C/C/C=C\C\C=C/C\C=C/C\C=C/C\C=C/CC)(CCC(=O)OCCCCCCCC\C=C/CC(CCCCCC)OC(=O)CC\C=C/C/C=C\C\C=C/C\C=C/C\C=C/C\C=C/CC)CCCN(CCC(=O)OCCCCCCCC\C=C/CC(CCCCCC)OC(=O)CC\C=C/C/C=C\C\C=C/C\C=C/C\C=C/C\C=C/CC)(CCC(=O)OCCCCCCCC\C=C/CC(CCCCCC)OC(=O)CC\C=C/C/C=C\C\C=C/C\C=C/C\C=C/C\C=C/CC),0.7458937704164562
N(CCC(=O)OCCCCCCCC\C=C/CC(CCCCCC)OC(=O)CCCC\C=C/C\C=C/C\C=C/CCCCC)(CCC(=O)OCCCCCCCC\C=C/CC(CCCCCC)OC(=O)CCCC\C=C/C\C=C/C\C=C/CCCCC)CCCN(CCC(=O)OCCCCCCCC\C=C/CC(CCCCCC)OC(=O)CCCC\C=C/C\C=C/C\C=C/CCCCC)(CCC(=O)OCCCCCCCC\C=C/CC(CCCCCC)OC(=O)CCCC\C=C/C\C=C/C\C=C/CCCCC),0.631438541659803
N(CCC(=O)OCCCCCCCC\C=C/CC(CCCCCC)OC(=O)CCCCCCCC=C)(CCC(=O)OCCCCCCCC\C=C/CC(CCCCCC)OC(=O)CCCCCCCC=C)CCCN(CCC(=O)OCCCCCCCC\C=C/CC(CCCCCC)OC(=O)CCCCCCCC=C)(CCC(=O)OCCCCCCCC\C=C/CC(CCCCCC)OC(=O)CCCCCCCC=C),0.6093323223003589
N(CCC(=O)OCCCCCCCC\C=C/CC(CCCCCC)OC(=O)CC\C=C/C/C=C\C\C=C/C\C=C/C\C=C/C\C=C/CC)(CCC(=O)OCCCCCCCC\C=C/CC(CCCCCC)OC(=O)CC\C=C/C/C=C\C\C=C/C\C=C/C\C=C/C\C=C/CC)CC(O)CO,0.6661987299784927
N(CCC(=O)OCCCCCCCC\C=C/CC(CCCCCC)OC(=O)CCC/C=C\C/C=C\C/C=C\C/C=C\C/C=C\CC)(CCC(=O)OCCCCCCCC\C=C/CC(CCCCCC)OC(=O)CCC/C=C\C/C=C\C/C=C\C/C=C\C/C=C\CC)CCCN(CCC(=O)OCCCCCCCC\C=C/CC(CCCCCC)OC(=O)CCC/C=C\C/C=C\C/C=C\C/C=C\C/C=C\CC)C,0.6934886586196456
N(CCC(=O)OCCCCCCCC\C=C/CC(CCCCCC)OC(=O)CC\C=C/C/C=C\C\C=C/C\C=C/C\C=C/C\C=C/CC)(CCC(=O)OCCCCCCCC\C=C/CC(CCCCCC)OC(=O)CC\C=C/C/C=C\C\C=C/C\C=C/C\C=C/C\C=C/CC)CCCN(CCC(=O)OCCCCCCCC\C=C/CC(CCCCCC)OC(=O)CC\C=C/C/C=C\C\C=C/C\C=C/C\C=C/C\C=C/CC)C,0.7341111292293774
N(CCC(=O)OCCCCCCCC\C=C/CC(CCCCCC)OC(=O)CCC/C=C\C/C=C\C/C=C\C/C=C\C/C=C\CC)(CCC(=O)OCCCCCCCC\C=C/CC(CCCCCC)OC(=O)CCC/C=C\C/C=C\C/C=C\C/C=C\C/C=C\CC)CCN(CCC(=O)OCCCCCCCC\C=C/CC(CCCCCC)OC(=O)CCC/C=C\C/C=C\C/C=C\C/C=C\C/C=C\CC)CCN(CC1)CCN1CCN(CCC(=O)OCCCCCCCC\C=C/CC(CCCCCC)OC(=O)CCC/C=C\C/C=C\C/C=C\C/C=C\C/C=C\CC)(CCC(=O)OCCCCCCCC\C=C/CC(CCCCCC)OC(=O)CCC/C=C\C/C=C\C/C=C\C/C=C\C/C=C\CC),0.7028009890761179
N(CCC(=O)OCCCCCCCC\C=C/CC(CCCCCC)OC(=O)CC/C=C\CCCCC)(CCC(=O)OCCCCCCCC\C=C/CC(CCCCCC)OC(=O)CC/C=C\CCCCC)CCN(CCC(=O)OCCCCCCCC\C=C/CC(CCCCCC)OC(=O)CC/C=C\CCCCC)CCN(CC1)CCN1CCN(CCC(=O)OCCCCCCCC\C=C/CC(CCCCCC)OC(=O)CC/C=C\CCCCC)(CCC(=O)OCCCCCCCC\C=C/CC(CCCCCC)OC(=O)CC/C=C\CCCCC),0.5976509428860914
N(CCC(=O)OCCCCCCCC\C=C/CC(CCCCCC)OC(=O)CC\C=C/C/C=C\C\C=C/C\C=C/C\C=C/C\C=C/CC)(CCC(=O)OCCCCCCCC\C=C/CC(CCCCCC)OC(=O)CC\C=C/C/C=C\C\C=C/C\C=C/C\C=C/C\C=C/CC)CCN(CCC(=O)OCCCCCCCC\C=C/CC(CCCCCC)OC(=O)CC\C=C/C/C=C\C\C=C/C\C=C/C\C=C/C\C=C/CC)CCN(CC1)CCN1CCN(CCC(=O)OCCCCCCCC\C=C/CC(CCCCCC)OC(=O)CC\C=C/C/C=C\C\C=C/C\C=C/C\C=C/C\C=C/CC)(CCC(=O)OCCCCCCCC\C=C/CC(CCCCCC)OC(=O)CC\C=C/C/C=C\C\C=C/C\C=C/C\C=C/C\C=C/CC),0.7421912826079822
N(CCC(=O)OCCCCCCCC\C=C/CC(CCCCCC)OC(=O)CCCC\C=C/C\C=C/C\C=C/CCCCC)(CCC(=O)OCCCCCCCC\C=C/CC(CCCCCC)OC(=O)CCCC\C=C/C\C=C/C\C=C/CCCCC)CCN(CCC(=O)OCCCCCCCC\C=C/CC(CCCCCC)OC(=O)CCCC\C=C/C\C=C/C\C=C/CCCCC)CCN(CC1)CCN1CCN(CCC(=O)OCCCCCCCC\C=C/CC(CCCCCC)OC(=O)CCCC\C=C/C\C=C/C\C=C/CCCCC)(CCC(=O)OCCCCCCCC\C=C/CC(CCCCCC)OC(=O)CCCC\C=C/C\C=C/C\C=C/CCCCC),0.6332463025674798
N(CCC(=O)OCCCCCCCC\C=C/CC(CCCCCC)OC(=O)CCCCCCCC=C)(CCC(=O)OCCCCCCCC\C=C/CC(CCCCCC)OC(=O)CCCCCCCC=C)CCN(CCC(=O)OCCCCCCCC\C=C/CC(CCCCCC)OC(=O)CCCCCCCC=C)CCN(CC1)CCN1CCN(CCC(=O)OCCCCCCCC\C=C/CC(CCCCCC)OC(=O)CCCCCCCC=C)(CCC(=O)OCCCCCCCC\C=C/CC(CCCCCC)OC(=O)CCCCCCCC=C),0.6127743290897131
N(CCC(=O)OCCCCCCCC\C=C/CC(CCCCCC)OC(=O)CC/C=C\CC)(CCC(=O)OCCCCCCCC\C=C/CC(CCCCCC)OC(=O)CC/C=C\CC)CCC1OCCO1,-0.10481776002943026
N(CCC(=O)OCCCCCCCC\C=C/CC(CCCCCC)OC(=O)CCCCC)(CCC(=O)OCCCCCCCC\C=C/CC(CCCCCC)OC(=O)CCCCC)CCC1OCCO1,-0.14151627737697486
N(CCC(=O)OCCCCCCCC\C=C/CC(CCCCCC)OC(=O)CCCCCC)(CCC(=O)OCCCCCCCC\C=C/CC(CCCCCC)OC(=O)CCCCCC)CCC1OCCO1,-0.12261552921874751
N(CCC(=O)OCCCCCCCC\C=C/CC(CCCCCC)OC(=O)CCCCCCC)(CCC(=O)OCCCCCCCC\C=C/CC(CCCCCC)OC(=O)CCCCCCC)CCC1OCCO1,-0.099852031605135
N(CCC(=O)OCCCCCCCC\C=C/CC(CCCCCC)OC(=O)CCCCCCCCCCCCCCCCC)(CCC(=O)OCCCCCCCC\C=C/CC(CCCCCC)OC(=O)CCCCCCCCCCCCCCCCC)CCC1OCCO1,0.0499185643082241
N(CCC(=O)OCCCCCCCC\C=C/CC(CCCCCC)OC(=O)CCCCCCC/C=C\CCCCCCCC)(CCC(=O)OCCCCCCCC\C=C/CC(CCCCCC)OC(=O)CCCCCCC/C=C\CCCCCCCC)CCC1OCCO1,0.049300242053713576
N(CCC(=O)OCCCCCCCC\C=C/CC(CCCCCC)OC(=O)CCCCCCC/C=C\C/C=C\CCCCC)(CCC(=O)OCCCCCCCC\C=C/CC(CCCCCC)OC(=O)CCCCCCC/C=C\C/C=C\CCCCC)CCC1OCCO1,0.04791402794967534
N(CCC(=O)OCCCCCCCC\C=C/CC(CCCCCC)OC(=O)CCC/C=C\C/C=C\C/C=C\C/C=C\C/C=C\CC)(CCC(=O)OCCCCCCCC\C=C/CC(CCCCCC)OC(=O)CCC/C=C\C/C=C\C/C=C\C/C=C\C/C=C\CC)CCC1OCCO1,0.14816985811959527
N(CCC(=O)OCCCCCCCC\C=C/CC(CCCCCC)OC(=O)CCCCCCCCCC)(CCC(=O)OCCCCCCCC\C=C/CC(CCCCCC)OC(=O)CCCCCCCCCC)CCC1OCCO1,-0.03773916585188303
N(CCC(=O)OCCCCCCCC\C=C/CC(CCCCCC)OC(=O)CCCCCCCCCCC)(CCC(=O)OCCCCCCCC\C=C/CC(CCCCCC)OC(=O)CCCCCCCCCCC)CCC1OCCO1,-0.023926851560298758
N(CCC(=O)OCCCCCCCC\C=C/CC(CCCCCC)OC(=O)CCCCCCCCCCCCC)(CCC(=O)OCCCCCCCC\C=C/CC(CCCCCC)OC(=O)CCCCCCCCCCCCC)CCC1OCCO1,0.001894395128438096
N(CCC(=O)OCCCCCCCC\C=C/CC(CCCCCC)OC(=O)CCCCCCCCCCCCCCC)(CCC(=O)OCCCCCCCC\C=C/CC(CCCCCC)OC(=O)CCCCCCCCCCCCCCC)CCC1OCCO1,0.026595386919708565
N(CCC(=O)OCCCCCCCC\C=C/CC(CCCCCC)OC(=O)C(CCCCCC)CCCCCCCC)(CCC(=O)OCCCCCCCC\C=C/CC(CCCCCC)OC(=O)C(CCCCCC)CCCCCCCC)CCC1OCCO1,0.007669622077736768
N(CCC(=O)OCCCCCCCC\C=C/CC(CCCCCC)OC(=O)CC/C=C\CCCCC)(CCC(=O)OCCCCCCCC\C=C/CC(CCCCCC)OC(=O)CC/C=C\CCCCC)CCC1OCCO1,-0.062474822116759726
N(CCC(=O)OCCCCCCCC\C=C/CC(CCCCCC)OC(=O)CCC/C=C\C/C=C\C/C=C\C/C=C\CCCCC)(CCC(=O)OCCCCCCCC\C=C/CC(CCCCCC)OC(=O)CCC/C=C\C/C=C\C/C=C\C/C=C\CCCCC)CCC1OCCO1,0.10143391645650053
N(CCC(=O)OCCCCCCCC\C=C/CC(CCCCCC)OC(=O)CC\C=C/C/C=C\C\C=C/C\C=C/C\C=C/C\C=C/CC)(CCC(=O)OCCCCCCCC\C=C/CC(CCCCCC)OC(=O)CC\C=C/C/C=C\C\C=C/C\C=C/C\C=C/C\C=C/CC)CCC1OCCO1,0.1983961441771243
N(CCC(=O)OCCCCCCCC\C=C/CC(CCCCCC)OC(=O)CC/C=C\CC)(CCC(=O)OCCCCCCCC\C=C/CC(CCCCCC)OC(=O)CC/C=C\CC)CCN1CCCC1,0.5811917947675911
N(CCC(=O)OCCCCCCCC\C=C/CC(CCCCCC)OC(=O)CCCCC)(CCC(=O)OCCCCCCCC\C=C/CC(CCCCCC)OC(=O)CCCCC)CCN1CCCC1,0.5533857289138442
N(CCC(=O)OCCCCCCCC\C=C/CC(CCCCCC)OC(=O)CCCCCC)(CCC(=O)OCCCCCCCC\C=C/CC(CCCCCC)OC(=O)CCCCCC)CCN1CCCC1,0.5541511487848003
N(CCC(=O)OCCCCCCCC\C=C/CC(CCCCCC)OC(=O)CCCCCCC)(CCC(=O)OCCCCCCCC\C=C/CC(CCCCCC)OC(=O)CCCCCCC)CCN1CCCC1,0.5637255089698592
N(CCC(=O)OCCCCCCCC\C=C/CC(CCCCCC)OC(=O)CCCCCCC/C=C\C/C=C\CCCCC)(CCC(=O)OCCCCCCCC\C=C/CC(CCCCCC)OC(=O)CCCCCCC/C=C\C/C=C\CCCCC)CCN1CCCC1,0.595132145636033
N(CCC(=O)OCCCCCCCC\C=C/CC(CCCCCC)OC(=O)CCC/C=C\C/C=C\C/C=C\C/C=C\C/C=C\CC)(CCC(=O)OCCCCCCCC\C=C/CC(CCCCCC)OC(=O)CCC/C=C\C/C=C\C/C=C\C/C=C\C/C=C\CC)CCN1CCCC1,0.6845490906186162
N(CCC(=O)OCCCCCCCC\C=C/CC(CCCCCC)OC(=O)CCCCCCCCCC)(CCC(=O)OCCCCCCCC\C=C/CC(CCCCCC)OC(=O)CCCCCCCCCC)CCN1CCCC1,0.5888247285048621
N(CCC(=O)OCCCCCCCC\C=C/CC(CCCCCC)OC(=O)CCCCCCCCCCC)(CCC(=O)OCCCCCCCC\C=C/CC(CCCCCC)OC(=O)CCCCCCCCCCC)CCN1CCCC1,0.5884459499087991
N(CCC(=O)OCCCCCCCC\C=C/CC(CCCCCC)OC(=O)CCCCCCCCCCCCC)(CCC(=O)OCCCCCCCC\C=C/CC(CCCCCC)OC(=O)CCCCCCCCCCCCC)CCN1CCCC1,0.5871578405928904
N(CCC(=O)OCCCCCCCC\C=C/CC(CCCCCC)OC(=O)CCCCCCCCCCCCCCC)(CCC(=O)OCCCCCCCC\C=C/CC(CCCCCC)OC(=O)CCCCCCCCCCCCCCC)CCN1CCCC1,0.5860330009942027
N(CCC(=O)OCCCCCCCC\C=C/CC(CCCCCC)OC(=O)C(CCCCCC)CCCCCCCC)(CCC(=O)OCCCCCCCC\C=C/CC(CCCCCC)OC(=O)C(CCCCCC)CCCCCCCC)CCN1CCCC1,0.569678807724934
N(CCC(=O)OCCCCCCCC\C=C/CC(CCCCCC)OC(=O)CC/C=C\CCCCC)(CCC(=O)OCCCCCCCC\C=C/CC(CCCCCC)OC(=O)CC/C=C\CCCCC)CCN1CCCC1,0.5766449029053681
O=C(CCN(CCC(OCCCCCCCC/C=C\CC(CCCCCC)OC(CC/C=C\CCCCCC)=O)=O)CCN1CCCC1)OCCCCCCCC/C=C\CC(CCCCCC)OC(CC/C=C\CCCCCC)=O,0.5772179254079827
N(CCC(=O)OCCCCCCCC\C=C/CC(CCCCCC)OC(=O)CCC/C=C\C/C=C\C/C=C\C/C=C\CCCCC)(CCC(=O)OCCCCCCCC\C=C/CC(CCCCCC)OC(=O)CCC/C=C\C/C=C\C/C=C\C/C=C\CCCCC)CCN1CCCC1,0.6406846945694556
N(CCC(=O)OCCCCCCCC\C=C/CC(CCCCCC)OC(=O)CC\C=C/C/C=C\C\C=C/C\C=C/C\C=C/C\C=C/CC)(CCC(=O)OCCCCCCCC\C=C/CC(CCCCCC)OC(=O)CC\C=C/C/C=C\C\C=C/C\C=C/C\C=C/C\C=C/CC)CCN1CCCC1,0.725073575571716
O=C(CCN(CCC(OCCCCCCCC/C=C\CC(CCCCCC)OC(C(CCCCCC)CCCC)=O)=O)CCN1CCCC1)OCCCCCCCC/C=C\CC(CCCCCC)OC(C(CCCCCC)CCCC)=O,0.5541735455063163
O=C(CCN(CCC(OCCCCCCCC/C=C\CC(CCCCCC)OC(CCCC1CCCCC1)=O)=O)CCN2CCCC2)OCCCCCCCC/C=C\CC(CCCCCC)OC(CCCC3CCCCC3)=O,0.5006389777652928
O=C(CCN(CCC(OCCCCCCCC/C=C\CC(CCCCCC)OC(CCCCCCCCCCCCCCCCC)=O)=O)CCN1CCCC1)OCCCCCCCC/C=C\CC(CCCCCC)OC(CCCCCCCCCCCCCCCCC)=O,0.5852862847683424
N(CCC(=O)OCCCCCCCC\C=C/CC(CCCCCC)OC(=O)CCCCCCC/C=C\CCCCCCCC)(CCC(=O)OCCCCCCCC\C=C/CC(CCCCCC)OC(=O)CCCCCCC/C=C\CCCCCCCC)CCN1CCCC1,0.5898355592605139
N(CCC(=O)OCCCCCCCC\C=C/CC(CCCCCC)OC(=O)CC/C=C\CC)(CCC(=O)OCCCCCCCC\C=C/CC(CCCCCC)OC(=O)CC/C=C\CC)CCCN1CCCC1,0.5826724205833387
N(CCC(=O)OCCCCCCCC\C=C/CC(CCCCCC)OC(=O)CCCCC)(CCC(=O)OCCCCCCCC\C=C/CC(CCCCCC)OC(=O)CCCCC)CCCN1CCCC1,0.5551512577056839
N(CCC(=O)OCCCCCCCC\C=C/CC(CCCCCC)OC(=O)CCCCCC)(CCC(=O)OCCCCCCCC\C=C/CC(CCCCCC)OC(=O)CCCCCC)CCCN1CCCC1,0.5558011200241376
N(CCC(=O)OCCCCCCCC\C=C/CC(CCCCCC)OC(=O)CCCCCCC)(CCC(=O)OCCCCCCCC\C=C/CC(CCCCCC)OC(=O)CCCCCCC)CCCN1CCCC1,0.5654485078171181
N(CCC(=O)OCCCCCCCC\C=C/CC(CCCCCC)OC(=O)CCCCCCCCCCCCCCCCC)(CCC(=O)OCCCCCCCC\C=C/CC(CCCCCC)OC(=O)CCCCCCCCCCCCCCCCC)CCCN1CCCC1,0.5861541577270841
N(CCC(=O)OCCCCCCCC\C=C/CC(CCCCCC)OC(=O)CCCCCCC/C=C\CCCCCCCC)(CCC(=O)OCCCCCCCC\C=C/CC(CCCCCC)OC(=O)CCCCCCC/C=C\CCCCCCCC)CCCN1CCCC1,0.590785632952479
N(CCC(=O)OCCCCCCCC\C=C/CC(CCCCCC)OC(=O)CCCCCCC/C=C\C/C=C\CCCCC)(CCC(=O)OCCCCCCCC\C=C/CC(CCCCCC)OC(=O)CCCCCCC/C=C\C/C=C\CCCCC)CCCN1CCCC1,0.5961140274378105
N(CCC(=O)OCCCCCCCC\C=C/CC(CCCCCC)OC(=O)CCC/C=C\C/C=C\C/C=C\C/C=C\C/C=C\CC)(CCC(=O)OCCCCCCCC\C=C/CC(CCCCCC)OC(=O)CCC/C=C\C/C=C\C/C=C\C/C=C\C/C=C\CC)CCCN1CCCC1,0.683465410952289
N(CCC(=O)OCCCCCCCC\C=C/CC(CCCCCC)OC(=O)CCCCCCCCCC)(CCC(=O)OCCCCCCCC\C=C/CC(CCCCCC)OC(=O)CCCCCCCCCC)CCCN1CCCC1,0.5901106338880684
N(CCC(=O)OCCCCCCCC\C=C/CC(CCCCCC)OC(=O)CCCCCCCCCCC)(CCC(=O)OCCCCCCCC\C=C/CC(CCCCCC)OC(=O)CCCCCCCCCCC)CCCN1CCCC1,0.5896138555438059
N(CCC(=O)OCCCCCCCC\C=C/CC(CCCCCC)OC(=O)CCCCCCCCCCCCC)(CCC(=O)OCCCCCCCC\C=C/CC(CCCCCC)OC(=O)CCCCCCCCCCCCC)CCCN1CCCC1,0.5882247822838295
N(CCC(=O)OCCCCCCCC\C=C/CC(CCCCCC)OC(=O)CCCCCCCCCCCCCCC)(CCC(=O)OCCCCCCCC\C=C/CC(CCCCCC)OC(=O)CCCCCCCCCCCCCCC)CCCN1CCCC1,0.5870412108569113
N(CCC(=O)OCCCCCCCC\C=C/CC(CCCCCC)OC(=O)C(CCCCCC)CCCCCCCC)(CCC(=O)OCCCCCCCC\C=C/CC(CCCCCC)OC(=O)C(CCCCCC)CCCCCCCC)CCCN1CCCC1,0.5710467351441174
N(CCC(=O)OCCCCCCCC\C=C/CC(CCCCCC)OC(=O)CC/C=C\CCCCC)(CCC(=O)OCCCCCCCC\C=C/CC(CCCCCC)OC(=O)CC/C=C\CCCCC)CCCN1CCCC1,0.5781741343720651
N(CCC(=O)OCCCCCCCC\C=C/CC(CCCCCC)OC(=O)CCC/C=C\C/C=C\C/C=C\C/C=C\CCCCC)(CCC(=O)OCCCCCCCC\C=C/CC(CCCCCC)OC(=O)CCC/C=C\C/C=C\C/C=C\C/C=C\CCCCC)CCCN1CCCC1,0.641084142480322
N(CCC(=O)OCCCCCCCC\C=C/CC(CCCCCC)OC(=O)CC\C=C/C/C=C\C\C=C/C\C=C/C\C=C/C\C=C/CC)(CCC(=O)OCCCCCCCC\C=C/CC(CCCCCC)OC(=O)CC\C=C/C/C=C\C\C=C/C\C=C/C\C=C/C\C=C/CC)CCCN1CCCC1,0.7234959171513157
N(CCC(=O)OCCCCCCCC\C=C/CC(CCCCCC)OC(=O)CC/C=C\CC)(CCC(=O)OCCCCCCCC\C=C/CC(CCCCCC)OC(=O)CC/C=C\CC)CCCn1ccnc1,0.39749722057598386
N(CCC(=O)OCCCCCCCC\C=C/CC(CCCCCC)OC(=O)CCCCC)(CCC(=O)OCCCCCCCC\C=C/CC(CCCCCC)OC(=O)CCCCC)CCCn1ccnc1,0.370316714215216
N(CCC(=O)OCCCCCCCC\C=C/CC(CCCCCC)OC(=O)CCCCCC)(CCC(=O)OCCCCCCCC\C=C/CC(CCCCCC)OC(=O)CCCCCC)CCCn1ccnc1,0.3771329419718894
N(CCC(=O)OCCCCCCCC\C=C/CC(CCCCCC)OC(=O)CCCCCCC)(CCC(=O)OCCCCCCCC\C=C/CC(CCCCCC)OC(=O)CCCCCCC)CCCn1ccnc1,0.39163124520852166
N(CCC(=O)OCCCCCCCC\C=C/CC(CCCCCC)OC(=O)CCCCCCC/C=C\CCCCCCCC)(CCC(=O)OCCCCCCCC\C=C/CC(CCCCCC)OC(=O)CCCCCCC/C=C\CCCCCCCC)CCCn1ccnc1,0.45896782236660216
N(CCC(=O)OCCCCCCCC\C=C/CC(CCCCCC)OC(=O)CCC/C=C\C/C=C\C/C=C\C/C=C\C/C=C\CC)(CCC(=O)OCCCCCCCC\C=C/CC(CCCCCC)OC(=O)CCC/C=C\C/C=C\C/C=C\C/C=C\C/C=C\CC)CCCn1ccnc1,0.545004172846754
N(CCC(=O)OCCCCCCCC\C=C/CC(CCCCCC)OC(=O)CCCCCCCCCC)(CCC(=O)OCCCCCCCC\C=C/CC(CCCCCC)OC(=O)CCCCCCCCCC)CCCn1ccnc1,0.430641598612223
O=C(CCN(CCC(OCCCCCCCC/C=C\CC(CCCCCC)OC(CCCCCCCCCCC)=O)=O)CCCN1C=NC=C1)OCCCCCCCC/C=C\CC(CCCCCC)OC(CCCCCCCCCCC)=O,0.4349549331737442
N(CCC(=O)OCCCCCCCC\C=C/CC(CCCCCC)OC(=O)CCCCCCCCCCCCC)(CCC(=O)OCCCCCCCC\C=C/CC(CCCCCC)OC(=O)CCCCCCCCCCCCC)CCCn1ccnc1,0.44298689786164047
N(CCC(=O)OCCCCCCCC\C=C/CC(CCCCCC)OC(=O)CCCCCCCCCCCCCCC)(CCC(=O)OCCCCCCCC\C=C/CC(CCCCCC)OC(=O)CCCCCCCCCCCCCCC)CCCn1ccnc1,0.4501509895907951
N(CCC(=O)OCCCCCCCC\C=C/CC(CCCCCC)OC(=O)C(CCCCCC)CCCCCCCC)(CCC(=O)OCCCCCCCC\C=C/CC(CCCCCC)OC(=O)C(CCCCCC)CCCCCCCC)CCCn1ccnc1,0.4306180701414815
N(CCC(=O)OCCCCCCCC\C=C/CC(CCCCCC)OC(=O)CC/C=C\CCCCC)(CCC(=O)OCCCCCCCC\C=C/CC(CCCCCC)OC(=O)CC/C=C\CCCCC)CCCn1ccnc1,0.41309397578462403
O=C(CCN(CCC(OCCCCCCCC/C=C\CC(CCCCCC)OC(CC/C=C\CCCCCC)=O)=O)CCCN1C=NC=C1)OCCCCCCCC/C=C\CC(CCCCCC)OC(CC/C=C\CCCCCC)=O,0.41870411626136594
O=C(CCN(CCC(OCCCCCCCC/C=C\CC(CCCCCC)OC(CCC/C=C\C/C=C\C/C=C\C/C=C\CCCCC)=O)=O)CCCN1C=NC=C1)OCCCCCCCC/C=C\CC(CCCCCC)OC(CCC/C=C\C/C=C\C/C=C\C/C=C\CCCCC)=O,0.4884580799823218
N(CCC(=O)OCCCCCCCC\C=C/CC(CCCCCC)OC(=O)CC\C=C/C/C=C\C\C=C/C\C=C/C\C=C/C\C=C/CC)(CCC(=O)OCCCCCCCC\C=C/CC(CCCCCC)OC(=O)CC\C=C/C/C=C\C\C=C/C\C=C/C\C=C/C\C=C/CC)CCCn1ccnc1,0.5915744025969304
N(CCC(=O)OCCCCCCCC\C=C/CC(CCCCCC)OC(=O)C(CCCC)CCCCCC)(CCC(=O)OCCCCCCCC\C=C/CC(CCCCCC)OC(=O)C(CCCC)CCCCCC)CCCn1ccnc1,0.399286694798806
N(CCC(=O)OCCCCCCCC\C=C/CC(CCCCCC)OC(=O)CCCCCCC/C=C\C/C=C\C/C=C\CC)(CCC(=O)OCCCCCCCC\C=C/CC(CCCCCC)OC(=O)CCCCCCC/C=C\C/C=C\C/C=C\CC)CCCn1ccnc1,0.48147465116901234
N(CCC(=O)OCCCCCCCC\C=C/CC(CCCCCC)OC(=O)CCCC\C=C/C\C=C/C\C=C/CCCCC)(CCC(=O)OCCCCCCCC\C=C/CC(CCCCCC)OC(=O)CCCC\C=C/C\C=C/C\C=C/CCCCC)CCCn1ccnc1,0.463576305212994
O=C(CCN(CCC(OCCCCCCCC/C=C\CC(CCCCCC)OC(CCCCCCCCCCCCCCCCC)=O)=O)CCCN1C=NC=C1)OCCCCCCCC/C=C\CC(CCCCCC)OC(CCCCCCCCCCCCCCCCC)=O,0.45652717537885457
O=C(CCN(CCC(OCCCCCCCC/C=C\CC(CCCCCC)OC(CCCCCCC/C=C\C/C=C\CCCCC)=O)=O)CCCN1C=NC=C1)OCCCCCCCC/C=C\CC(CCCCCC)OC(CCCCCCC/C=C\C/C=C\CCCCC)=O,0.45622892967505085
N(CCC(=O)OCCCCCCCC\C=C/CC(CCCCCC)OC(=O)CCC/C=C\C/C=C\C/C=C\C/C=C\C/C=C\CC)(CCC(=O)OCCCCCCCC\C=C/CC(CCCCCC)OC(=O)CCC/C=C\C/C=C\C/C=C\C/C=C\C/C=C\CC)CCCN(CCCC)CCCC,0.6841265907629982
N(CCC(=O)OCCCCCCCC\C=C/CC(CCCCCC)OC(=O)CC\C=C/C/C=C\C\C=C/C\C=C/C\C=C/C\C=C/CC)(CCC(=O)OCCCCCCCC\C=C/CC(CCCCCC)OC(=O)CC\C=C/C/C=C\C\C=C/C\C=C/C\C=C/C\C=C/CC)CCCN(CCCC)CCCC,0.7206540352802404
OCCN(CCO)CCCN(CCC(=O)OCCCCCCCC\C=C/CC(CCCCCC)OC(=O)CCCCCCC/C=C\C/C=C\C/C=C\CC)(CCC(=O)OCCCCCCCC\C=C/CC(CCCCCC)OC(=O)CCCCCCC/C=C\C/C=C\C/C=C\CC),0.5712976856434434
N(CCC(=O)OCCCCCCCC\C=C/CC(CCCCCC)OC(=O)CCCCCCC/C=C\C/C=C\C/C=C\CC)(CCC(=O)OCCCCCCCC\C=C/CC(CCCCCC)OC(=O)CCCCCCC/C=C\C/C=C\C/C=C\CC)CCCO,0.612504138853553
OCCN(CCC(=O)OCCCCCCCC\C=C/CC(CCCCCC)OC(=O)CC\C=C/C/C=C\C\C=C/C\C=C/C\C=C/C\C=C/CC)CCN(CCC(=O)OCCCCCCCC\C=C/CC(CCCCCC)OC(=O)CC\C=C/C/C=C\C\C=C/C\C=C/C\C=C/C\C=C/CC)CCO,0.683704746130616
CCN(CCC(=O)OCCCCCCCC\C=C/CC(CCCCCC)OC(=O)CC\C=C/C/C=C\C\C=C/C\C=C/C\C=C/C\C=C/CC)CCO,0.5723304365946214
C[N+](C)(C)CCCC[N+](CCC(=O)OCCCCCCCC\C=C/CC(CCCCCC)OC(=O)CC/C=C\CCCCC)(CCC(=O)OCCCCCCCC\C=C/CC(CCCCCC)OC(=O)CC/C=C\CCCCC)C,0.48791856321335797
N(CCC(=O)OCCCCCCCC\C=C/CC(CCCCCC)OC(=O)CCCC\C=C/C\C=C/C\C=C/CCCCC)(CCC(=O)OCCCCCCCC\C=C/CC(CCCCCC)OC(=O)CCCC\C=C/C\C=C/C\C=C/CCCCC)CCCCO,0.6015287922587752
CC[N+](CC)(C)CCC[N+](CCC(=O)OCCCCCCCC\C=C/CC(CCCCCC)OC(=O)CCCCCCC/C=C\CCCCCCCC)(CCC(=O)OCCCCCCCC\C=C/CC(CCCCCC)OC(=O)CCCCCCC/C=C\CCCCCCCC)C,0.5065909362910215
O=C(OCCCCCCCC/C=C\CC(CCCCCC)OC(CC/C=C\CCCCC)=O)CCN(C)CCCN1C=NC=C1,0.2481294045325597
O=C(OCCCCCCCC/C=C\CC(CCCCCC)OC(CC/C=C\CCCCC)=O)CCN1CCC(C2=CC=NC=C2)CC1,0.13568937440347467
O=C(OCCCCCCCC/C=C\CC(CCCCCC)OC(CC/C=C\CCCCC)=O)CCN1CCC(C2=CN=CC=C2)CC1,0.11634706535004126
CN(CCC(OCCCCCCCC/C=C\CC(CCCCCC)OC(C(CCCCCCCC)CCCCCC)=O)=O)CCCN(C)CCCN(CCC(OCCCCCCCC/C=C\CC(CCCCC)OC(C(CCCCCCCC)CCCCCC)=O)=O)C,0.5597609318670499
CN(CCC(OCCCCCCCC/C=C\CC(CCCCCC)OC(CC/C=C\CCCCC)=O)=O)CCCN(C)CCCN(CCC(OCCCCCCCC/C=C\CC(CCCCC)OC(CC/C=C\CCCCC)=O)=O)C,0.5645232730423662
O=C(OCCCCCCCC/C=C\CC(CCCCCC)OC(C(CCCCCCCC)CCCCCC)=O)CCN(C)CCCCCCN(CCC(OCCCCCCCC/C=C\CC(CCCCC)OC(C(CCCCCCCC)CCCCCC)=O)=O)C,0.558678026555456
CN(CCC(OCCCCCCCC/C=C\CC(CCCCCC)OC(CC/C=C\CCCCC)=O)=O)CCCCCCN(C)CCC(OCCCCCCCC/C=C\CC(CCCCCC)OC(CC/C=C\CCCCC)=O)=O,0.5670154444027502
O=C(CCN(CCC(OCCCCCCCC/C=C\CC(CCCCCC)OC(CC/C=C\CCCCC)=O)=O)CCCCN(C)C)OCCCCCCCC/C=C\CC(CCCCCC)OC(CC/C=C\CCCCC)=O,0.5599647062933955
CCCCN(CCCC)CCN(CCC(=O)OCCCCCCCC\C=C/CC(CCCCCC)OC(=O)CC/C=C\CCCCC)(CCC(=O)OCCCCCCCC\C=C/CC(CCCCCC)OC(=O)CC/C=C\CCCCC),0.5908360255758898
O=C(CCN(CCC(OCCCCCCCC/C=C\CC(CCCCCC)OC(CCCCCCC/C=C\CCCCCCCC)=O)=O)CCCN(CCCC)CCCC)OCCCCCCCC/C=C\CC(CCCCCC)OC(CCCCCCC/C=C\CCCCCCCC)=O,0.5999000264259795
O=C(CCN(CCC(OCCCCCCCC/C=C\CC(CCCCCC)OC(CCCCCCC/C=C\C/C=C\CCCCC)=O)=O)CCCN(CCCC)CCCC)OCCCCCCCC/C=C\CC(CCCCCC)OC(CCCCCCC/C=C\C/C=C\CCCCC)=O,0.6049491766813467
OCCN(C)(CCC(=O)OCCCCCCCC\C=C/CC(CCCCCC)OC(=O)CC/C=C\CCCCC),0.41344982156743276
O=C(CCN(CCC(OCCCCCCCC/C=C\CC(CCCCCC)OC(C(CCCCCCCC)CCCCCC)=O)=O)CCCN1CCN(C)CC1)OCCCCCCCC/C=C\CC(CCCCCC)OC(C(CCCCCCCC)CCCCCC)=O,0.5471550920327638
O=C(CCN(CCC(OCCCCCCCC/C=C\CC(CCCCCC)OC(CC/C=C\CCCCC)=O)=O)CCCN1CCN(C)CC1)OCCCCCCCC/C=C\CC(CCCCCC)OC(CC/C=C\CCCCC)=O,0.5489190125493882
C1N(C)CCN(CCC(=O)OCCOC(=O)C(C)CSCC(C)C)C1,0.31176676999834535
C1N(C)CCN(CCC(=O)OCCOC(=O)C(C)CSCCCCCCCCCC)C1,0.4339569984026886
C1N(C)CCN(CCC(=O)OCCOC(=O)C(C)CSCCCCCCCCCCC)C1,0.43936860623897156
C1N(C)CCN(CCC(=O)OCCOC(=O)C(C)CSCCCCCCCCCCCC)C1,0.4444713061024313
C1N(C)CCN(CCC(=O)OCCOC(=O)C(C)CSCCCCCCCCCCCCCC)C1,0.45392397346287044
C1N(C)CCN(CCC(=O)OCCOC(=O)C(C)CSCCCCCCCCCCCCCCCC)C1,0.4623523482084487
C1N(C)CCN(CCC(=O)OCCOC(=O)C(C)CSCCCCCCCCCCCCCCCCCC)C1,0.46990081771404535
C1N(C)CCN(CCC(=O)OCCOC(=O)C(C)CSCCc5ccccc5)C1,0.02320433862837802
C1N(C)CCN(CCC(=O)OCCOC(=O)C(C)CSCCC(C)C)C1,0.30898781934078484
C1N(C)CCN(CCC(=O)OCCOC(=O)C(C)CSCCCC)C1,0.36729101244361384
C1N(C)CCN(CCC(=O)OCCOC(=O)C(C)CSCCCCC)C1,0.3897761295306183
C1N(C)CCN(CCC(=O)OCCOC(=O)C(C)CSCCCCCC)C1,0.39584969153234373
C1N(C)CCN(CCC(=O)OCCOC(=O)C(C)CSCCCCCCC)C1,0.40842622501826326
C1N(C)CCN(CCC(=O)OCCOC(=O)C(C)CSCCCCCCCC)C1,0.4138727979490405
C1N(C)CCN(CCC(=O)OCCOC(=O)C(C)CSCCCCCCCCC)C1,0.42818480930657427
C1N(C)CCN(CCC(=O)OCCOC(=O)C(C)CSCCN(C)C)C1,0.20428570758107673
C1N(C)CCN(CCC(=O)OCCOC(=O)C(C)CSCCCC(=O)N(C)CCCN(C)C)C1,0.30093744883653634
C1N(C)CCN(CCC(=O)OCCOC(=O)C(C)CSCCCC(=O)N(C)CCN5(CCCCC5))C1,0.32918876866190955
C1N(C)CCN(CCC(=O)OCCOC(=O)C(C)CSCCNCCCC)C1,0.37818260959570177
C1N(C)CCN(CCC(=O)OCCOC(=O)C(C)CSCCN(CC)CC)C1,0.22385457495973826
C1N(C)CCN(CCC(=O)OCCOC(=O)C(C)CSCCN5CCCC5)C1,0.2950181025582277
C1N(C)CCN(CCC(=O)OCCOC(=O)C(C)CSCCN5CCCCC5)C1,0.29378541917149603
C1N(C)CCN(CCC(=O)OCCOC(=O)C(C)CSCCN5CCCCCC5)C1,0.2909392783493878
C1N(C)CCN(CCC(=O)OCCOC(=O)C(C)CSCCN(CCC)CCC)C1,0.18395392209290495
C1N(C)CCN(CCC(=O)OCCOC(=O)C(C)CSCCN(CCCC)CCCC)C1,0.39811646609959944
C1N(C)CCN(CCC(=O)OCCOC(=O)C(C)CSCCCC(=O)N5CCN(CCO)CC5)C1,0.2537113406272861
C1N(C)CCN(CCC(=O)OCCOC(=O)C(C)CSCCC(O)=O)C1,0.2825320494446025
C1N(C)CCN(CCC(=O)OCCOC(=O)C(C)CSCCCCCC(O)=O)C1,0.3446867042934356
C1N(C)CCN(CCC(=O)OCCOC(=O)C(C)CSCCCCCCCCCCC(O)=O)C1,0.38765996695898225
C1N(C)CCN(CCC(=O)OCCOC(=O)C(C)CSCCO)C1,0.24720119147037217
C1N(C)CCN(CCC(=O)OCCOC(=O)C(C)CSCC(O)CO)C1,0.1844518619692674
C1N(C)CCN(CCC(=O)OCCOC(=O)C(C)CSCCCO)C1,0.30049124181293074
C1N(C)CCN(CCC(=O)OCCOC(=O)C(C)CSCCCCO)C1,0.328309876039656
C1N(C)CCN(CCC(=O)OCCOC(=O)C(C)CSCCCCCCO)C1,0.35472460513497545
C1N(C)CCN(CCC(=O)OCCOC(=O)C(C)CSCCCCCCCCCCCO)C1,0.4062350989518725
CN(C)CCN1CCN(CCC(=O)OCCOC(=O)C(C)CSCC(C)C)CC1,0.37792799580283004
CN(C)CCN1CCN(CCC(=O)OCCOC(=O)C(C)CSCCCCCCCCCC)CC1,0.4736648071580651
CN(C)CCN1CCN(CCC(=O)OCCOC(=O)C(C)CSCCCCCCCCCCC)CC1,0.4775282714024348
CN(C)CCN1CCN(CCC(=O)OCCOC(=O)C(C)CSCCCCCCCCCCCC)CC1,0.48098147655254686
CN(C)CCN1CCN(CCC(=O)OCCOC(=O)C(C)CSCCCCCCCCCCCCCC)CC1,0.4864880917580263
CN(C)CCN1CCN(CCC(=O)OCCOC(=O)C(C)CSCCCCCCCCCCCCCCCC)CC1,0.4914491442710477
CN(C)CCN1CCN(CCC(=O)OCCOC(=O)C(C)CSCCCCCCCCCCCCCCCCCC)CC1,0.4959496344150236
CN(C)CCN1CCN(CCC(=O)OCCOC(=O)C(C)CSCCc5ccccc5)CC1,0.10172665232854831
CN(C)CCN1CCN(CCC(=O)OCCOC(=O)C(C)CSCCC(C)C)CC1,0.37306415459170755
CN(C)CCN1CCN(CCC(=O)OCCOC(=O)C(C)CSCCCC)CC1,0.42467468908356737
CN(C)CCN1CCN(CCC(=O)OCCOC(=O)C(C)CSCCCCC)CC1,0.4418839486756047
CN(C)CCN1CCN(CCC(=O)OCCOC(=O)C(C)CSCCCCCC)CC1,0.44538921429009154
CN(C)CCN1CCN(CCC(=O)OCCOC(=O)C(C)CSCCCCCCC)CC1,0.45450965368708646
CN(C)CCN1CCN(CCC(=O)OCCOC(=O)C(C)CSCCCCCCCC)CC1,0.4578982597827198
CN(C)CCN1CCN(CCC(=O)OCCOC(=O)C(C)CSCCCCCCCCC)CC1,0.4695741293652314
CN(C)CCN1CCN(CCC(=O)OCCOC(=O)C(C)CSCCN(C)C)CC1,0.28164451978878563
CN(C)CCN1CCN(CCC(=O)OCCOC(=O)C(C)CSCCCC(=O)N(C)CCCN(C)C)CC1,0.35238072270601134
CN(C)CCN1CCN(CCC(=O)OCCOC(=O)C(C)CSCCCC(=O)N(C)CCN5(CCCCC5))CC1,0.37501365219844596
CN(C)CCN1CCN(CCC(=O)OCCOC(=O)C(C)CSCCNCCCC)CC1,0.42854148900986494
CN(C)CCN1CCN(CCC(=O)OCCOC(=O)C(C)CSCCN(CC)CC)CC1,0.29402472456694867
CN(C)CCN1CCN(CCC(=O)OCCOC(=O)C(C)CSCCN5CCCC5)CC1,0.3561980532780032
CN(C)CCN1CCN(CCC(=O)OCCOC(=O)C(C)CSCCN5CCCCC5)CC1,0.35306304835751345
CN(C)CCN1CCN(CCC(=O)OCCOC(=O)C(C)CSCCN5CCCCCC5)CC1,0.3484669849697282
CN(C)CCN1CCN(CCC(=O)OCCOC(=O)C(C)CSCCN(CCC)CCC)CC1,0.2525546631359117
CN(C)CCN1CCN(CCC(=O)OCCOC(=O)C(C)CSCCN(CCCC)CCCC)CC1,0.4406059655369772
CN(C)CCN1CCN(CCC(=O)OCCOC(=O)C(C)CSCCCC(=O)N5CCN(CCO)CC5)CC1,0.3072146959159843
CN(C)CCN1CCN(CCC(=O)OCCOC(=O)C(C)CSCCC(O)=O)CC1,0.35040105504755004
CN(C)CCN1CCN(CCC(=O)OCCOC(=O)C(C)CSCCCCCC(O)=O)CC1,0.3980400432440012
CN(C)CCN1CCN(CCC(=O)OCCOC(=O)C(C)CSCCCCCCCCCCC(O)=O)CC1,0.42854413968568267
CN(C)CCN1CCN(CCC(=O)OCCOC(=O)C(C)CSCCO)CC1,0.323996720175381
CN(C)CCN1CCN(CCC(=O)OCCOC(=O)C(C)CSCC(O)CO)CC1,0.2568072108508717
CN(C)CCN1CCN(CCC(=O)OCCOC(=O)C(C)CSCCCO)CC1,0.3669282272510801
CN(C)CCN1CCN(CCC(=O)OCCOC(=O)C(C)CSCCCCO)CC1,0.38883111892729383
CN(C)CCN1CCN(CCC(=O)OCCOC(=O)C(C)CSCCCCCCO)CC1,0.40816455268416907
CN(C)CCN1CCN(CCC(=O)OCCOC(=O)C(C)CSCCCCCCCCCCCO)CC1,0.4464747404946289
OCCN1CCN(CCC(=O)OCCOC(=O)C(C)CSCC(C)C)CC1,0.26208241312260294
OCCN1CCN(CCC(=O)OCCOC(=O)C(C)CSCCCCCCCCCC)CC1,0.3871632779633427
OCCN1CCN(CCC(=O)OCCOC(=O)C(C)CSCCCCCCCCCCC)CC1,0.3938637099045189
OCCN1CCN(CCC(=O)OCCOC(=O)C(C)CSCCCCCCCCCCCC)CC1,0.40018107451572477
OCCN1CCN(CCC(=O)OCCOC(=O)C(C)CSCCCCCCCCCCCCCC)CC1,0.4120104450326686
OCCN1CCN(CCC(=O)OCCOC(=O)C(C)CSCCCCCCCCCCCCCCCC)CC1,0.42228306470701016
OCCN1CCN(CCC(=O)OCCOC(=O)C(C)CSCCCCCCCCCCCCCCCCCC)CC1,0.431549291273979
OCCN1CCN(CCC(=O)OCCOC(=O)C(C)CSCCc5ccccc5)CC1,0.002927622605605815
OCCN1CCN(CCC(=O)OCCOC(=O)C(C)CSCCC(C)C)CC1,0.2606813075813866
OCCN1CCN(CCC(=O)OCCOC(=O)C(C)CSCCCC)CC1,0.31333504681332347
OCCN1CCN(CCC(=O)OCCOC(=O)C(C)CSCCCCC)CC1,0.336402419093993
OCCN1CCN(CCC(=O)OCCOC(=O)C(C)CSCCCCCC)CC1,0.34396726918048554
OCCN1CCN(CCC(=O)OCCOC(=O)C(C)CSCCCCCCC)CC1,0.357868961878013
OCCN1CCN(CCC(=O)OCCOC(=O)C(C)CSCCCCCCCC)CC1,0.36460227411247853
OCCN1CCN(CCC(=O)OCCOC(=O)C(C)CSCCCCCCCCC)CC1,0.37995275473306667
OCCN1CCN(CCC(=O)OCCOC(=O)C(C)CSCCN(C)C)CC1,0.16578353936251639
OCCN1CCN(CCC(=O)OCCOC(=O)C(C)CSCCCC(=O)N(C)CCCN(C)C)CC1,0.26307501675914874
OCCN1CCN(CCC(=O)OCCOC(=O)C(C)CSCCCC(=O)N(C)CCN5(CCCCC5))CC1,0.2940947143216859
OCCN1CCN(CCC(=O)OCCOC(=O)C(C)CSCCNCCCC)CC1,0.32984759562554455
OCCN1CCN(CCC(=O)OCCOC(=O)C(C)CSCCN(CC)CC)CC1,0.18557342545177583
OCCN1CCN(CCC(=O)OCCOC(=O)C(C)CSCCN5CCCC5)CC1,0.2502447034008394
OCCN1CCN(CCC(=O)OCCOC(=O)C(C)CSCCN5CCCCC5)CC1,0.2505634992879489
OCCN1CCN(CCC(=O)OCCOC(=O)C(C)CSCCN5CCCCCC5)CC1,0.2493231617025077
OCCN1CCN(CCC(=O)OCCOC(=O)C(C)CSCCN(CCC)CCC)CC1,0.1524464108312864
OCCN1CCN(CCC(=O)OCCOC(=O)C(C)CSCCN(CCCC)CCCC)CC1,0.354991072511841
OCCN1CCN(CCC(=O)OCCOC(=O)C(C)CSCCCC(=O)N5CCN(CCO)CC5)CC1,0.21730713764413023
OCCN1CCN(CCC(=O)OCCOC(=O)C(C)CSCCC(O)=O)CC1,0.2390428580465822
OCCN1CCN(CCC(=O)OCCOC(=O)C(C)CSCCCCCC(O)=O)CC1,0.2998432855984357
OCCN1CCN(CCC(=O)OCCOC(=O)C(C)CSCCCCCCCCCCC(O)=O)CC1,0.34695252580871194
OCCN1CCN(CCC(=O)OCCOC(=O)C(C)CSCCO)CC1,0.20069853906211013
OCCN1CCN(CCC(=O)OCCOC(=O)C(C)CSCC(O)CO)CC1,0.15403419542896787
OCCN1CCN(CCC(=O)OCCOC(=O)C(C)CSCCCO)CC1,0.24733709072605983
OCCN1CCN(CCC(=O)OCCOC(=O)C(C)CSCCCCO)CC1,0.2759553355635022
OCCN1CCN(CCC(=O)OCCOC(=O)C(C)CSCCCCCCO)CC1,0.30528425934883396
OCCN1CCN(CCC(=O)OCCOC(=O)C(C)CSCCCCCCCCCCCO)CC1,0.36173701268503355
CN(C)CCN(CCC(=O)OCCOC(=O)C(C)CSCC(C)C)C,0.3644093406523986
CN(C)CCN(CCC(=O)OCCOC(=O)C(C)CSCCCCCCCCCC)C,0.4763932758435917
CN(C)CCN(CCC(=O)OCCOC(=O)C(C)CSCCCCCCCCCCC)C,0.4806270007819585
CN(C)CCN(CCC(=O)OCCOC(=O)C(C)CSCCCCCCCCCCCC)C,0.4843826808040329
CN(C)CCN(CCC(=O)OCCOC(=O)C(C)CSCCCCCCCCCCCCCC)C,0.49029732138819326
CN(C)CCN(CCC(=O)OCCOC(=O)C(C)CSCCCCCCCCCCCCCCCC)C,0.49542384755113805
CN(C)CCN(CCC(=O)OCCOC(=O)C(C)CSCCCCCCCCCCCCCCCCCC)C,0.49949358798329924
CN(C)CCN(CCC(=O)OCCOC(=O)C(C)CSCCc5ccccc5)C,0.05085806507979263
CN(C)CCN(CCC(=O)OCCOC(=O)C(C)CSCCC(C)C)C,0.358951033269125
CN(C)CCN(CCC(=O)OCCOC(=O)C(C)CSCCCC)C,0.41876445636481174
CN(C)CCN(CCC(=O)OCCOC(=O)C(C)CSCCCCC)C,0.4393405209884536
CN(C)CCN(CCC(=O)OCCOC(=O)C(C)CSCCCCCC)C,0.4432975630240507
CN(C)CCN(CCC(=O)OCCOC(=O)C(C)CSCCCCCCC)C,0.4543712526699529
CN(C)CCN(CCC(=O)OCCOC(=O)C(C)CSCCCCCCCC)C,0.45848641198550744
CN(C)CCN(CCC(=O)OCCOC(=O)C(C)CSCCCCCCCCC)C,0.47187744751932226
CN(C)CCN(CCC(=O)OCCOC(=O)C(C)CSCCN(C)C)C,0.2529876167804288
CN(C)CCN(CCC(=O)OCCOC(=O)C(C)CSCCCC(=O)N(C)CCCN(C)C)C,0.33825696889728357
CN(C)CCN(CCC(=O)OCCOC(=O)C(C)CSCCCC(=O)N(C)CCN5(CCCCC5))C,0.3642919365616862
CN(C)CCN(CCC(=O)OCCOC(=O)C(C)CSCCNCCCC)C,0.42304663803975623
CN(C)CCN(CCC(=O)OCCOC(=O)C(C)CSCCN(CC)CC)C,0.2687382303179935
CN(C)CCN(CCC(=O)OCCOC(=O)C(C)CSCCN5CCCC5)C,0.33954117665665157
CN(C)CCN(CCC(=O)OCCOC(=O)C(C)CSCCN5CCCCC5)C,0.3362931755108542
CN(C)CCN(CCC(=O)OCCOC(=O)C(C)CSCCN5CCCCCC5)C,0.33127904991573
CN(C)CCN(CCC(=O)OCCOC(=O)C(C)CSCCN(CCC)CCC)C,0.2238958242407217
CN(C)CCN(CCC(=O)OCCOC(=O)C(C)CSCCN(CCCC)CCCC)C,0.43742944328963485
CN(C)CCN(CCC(=O)OCCOC(=O)C(C)CSCCCC(=O)N5CCN(CCO)CC5)C,0.2877700826891371
CN(C)CCN(CCC(=O)OCCOC(=O)C(C)CSCCC(O)=O)C,0.33136101238595844
CN(C)CCN(CCC(=O)OCCOC(=O)C(C)CSCCCCCC(O)=O)C,0.387872616681886
CN(C)CCN(CCC(=O)OCCOC(=O)C(C)CSCCCCCCCCCCC(O)=O)C,0.42338809869425087
CN(C)CCN(CCC(=O)OCCOC(=O)C(C)CSCCO)C,0.3001449861156647
CN(C)CCN(CCC(=O)OCCOC(=O)C(C)CSCC(O)CO)C,0.22661943831772824
CN(C)CCN(CCC(=O)OCCOC(=O)C(C)CSCCCO)C,0.3507880834998098
CN(C)CCN(CCC(=O)OCCOC(=O)C(C)CSCCCCO)C,0.37644576171186717
CN(C)CCN(CCC(=O)OCCOC(=O)C(C)CSCCCCCCO)C,0.39921706243856103
CN(C)CCN(CCC(=O)OCCOC(=O)C(C)CSCCCCCCCCCCCO)C,0.44347489025796794
CN(C)CCCN(CCC(=O)OCCOC(=O)C(C)CSCC(C)C)C,0.3725732732565675
CN(C)CCCN(CCC(=O)OCCOC(=O)C(C)CSCCCCCCCCCC)C,0.4797434620313054
CN(C)CCCN(CCC(=O)OCCOC(=O)C(C)CSCCCCCCCCCCC)C,0.48364382725700256
CN(C)CCCN(CCC(=O)OCCOC(=O)C(C)CSCCCCCCCCCCCC)C,0.48691756080624377
CN(C)CCCN(CCC(=O)OCCOC(=O)C(C)CSCCCCCCCCCCCCCC)C,0.49257291168625844
CN(C)CCCN(CCC(=O)OCCOC(=O)C(C)CSCCCCCCCCCCCCCCCC)C,0.4974000306132996
CN(C)CCCN(CCC(=O)OCCOC(=O)C(C)CSCCCCCCCCCCCCCCCCCC)C,0.5012185822831401
CN(C)CCCN(CCC(=O)OCCOC(=O)C(C)CSCCc5ccccc5)C,0.06572850905436575
CN(C)CCCN(CCC(=O)OCCOC(=O)C(C)CSCCC(C)C)C,0.3669040733399772
CN(C)CCCN(CCC(=O)OCCOC(=O)C(C)CSCCCC)C,0.42493260877549266
CN(C)CCCN(CCC(=O)OCCOC(=O)C(C)CSCCCCC)C,0.4445862679974465
CN(C)CCCN(CCC(=O)OCCOC(=O)C(C)CSCCCCCC)C,0.44819383778534716
CN(C)CCCN(CCC(=O)OCCOC(=O)C(C)CSCCCCCCC)C,0.45863157371511987
CN(C)CCCN(CCC(=O)OCCOC(=O)C(C)CSCCCCCCCC)C,0.4624567967488161
CN(C)CCCN(CCC(=O)OCCOC(=O)C(C)CSCCCCCCCCC)C,0.4752662620950761
CN(C)CCCN(CCC(=O)OCCOC(=O)C(C)CSCCN(C)C)C,0.2650941169432577
CN(C)CCCN(CCC(=O)OCCOC(=O)C(C)CSCCCC(=O)N(C)CCCN(C)C)C,0.3449848606486162
CN(C)CCCN(CCC(=O)OCCOC(=O)C(C)CSCCCC(=O)N(C)CCN5(CCCCC5))C,0.36974678913153447
CN(C)CCCN(CCC(=O)OCCOC(=O)C(C)CSCCNCCCC)C,0.4280696984971873
CN(C)CCCN(CCC(=O)OCCOC(=O)C(C)CSCCN(CC)CC)C,0.2795745802381505
CN(C)CCCN(CCC(=O)OCCOC(=O)C(C)CSCCN5CCCC5)C,0.3477084747256228
CN(C)CCCN(CCC(=O)OCCOC(=O)C(C)CSCCN5CCCCC5)C,0.3440480999014885
CN(C)CCCN(CCC(=O)OCCOC(=O)C(C)CSCCN5CCCCCC5)C,0.33892249700764876
CN(C)CCCN(CCC(=O)OCCOC(=O)C(C)CSCCN(CCC)CCC)C,0.23528765455049755
CN(C)CCCN(CCC(=O)OCCOC(=O)C(C)CSCCN(CCCC)CCCC)C,0.4414491187100032
CN(C)CCCN(CCC(=O)OCCOC(=O)C(C)CSCCCC(=O)N5CCN(CCO)CC5)C,0.29542291138647814
CN(C)CCCN(CCC(=O)OCCOC(=O)C(C)CSCCC(O)=O)C,0.3405036102414744
CN(C)CCCN(CCC(=O)OCCOC(=O)C(C)CSCCCCCC(O)=O)C,0.3935229938218832
CN(C)CCCN(CCC(=O)OCCOC(=O)C(C)CSCCCCCCCCCCC(O)=O)C,0.42705106462845416
CN(C)CCCN(CCC(=O)OCCOC(=O)C(C)CSCCO)C,0.31088326103056657
CN(C)CCCN(CCC(=O)OCCOC(=O)C(C)CSCC(O)CO)C,0.2382937591907733
CN(C)CCCN(CCC(=O)OCCOC(=O)C(C)CSCCCO)C,0.3590508654639672
CN(C)CCCN(CCC(=O)OCCOC(=O)C(C)CSCCCCO)C,0.383535217557885
CN(C)CCCN(CCC(=O)OCCOC(=O)C(C)CSCCCCCCO)C,0.40477529136529994
CN(C)CCCN(CCC(=O)OCCOC(=O)C(C)CSCCCCCCCCCCCO)C,0.44671529677080446
CN(CCC(=O)OCCOC(=O)C(C)CSCC(C)C)CCCCCCCCCCCC,0.5345753419964138
CN(CCC(=O)OCCOC(=O)C(C)CSCCCCCCCCCC)CCCCCCCCCCCC,0.5865932168608442
CN(CCC(=O)OCCOC(=O)C(C)CSCCCCCCCCCCC)CCCCCCCCCCCC,0.5862038355615103
CN(CCC(=O)OCCOC(=O)C(C)CSCCCCCCCCCCCC)CCCCCCCCCCCC,0.5858540059193216
CN(CCC(=O)OCCOC(=O)C(C)CSCCCCCCCCCCCCCC)CCCCCCCCCCCC,0.5854090497764389
CN(CCC(=O)OCCOC(=O)C(C)CSCCCCCCCCCCCCCCCC)CCCCCCCCCCCC,0.5850619601586909
CN(CCC(=O)OCCOC(=O)C(C)CSCCCCCCCCCCCCCCCCCC)CCCCCCCCCCCC,0.5849044087533463
CN(CCC(=O)OCCOC(=O)C(C)CSCCc5ccccc5)CCCCCCCCCCCC,0.25265065333996195
CN(CCC(=O)OCCOC(=O)C(C)CSCCC(C)C)CCCCCCCCCCCC,0.5259466476379152
CN(CCC(=O)OCCOC(=O)C(C)CSCCCC)CCCCCCCCCCCC,0.5708318219227626
CN(CCC(=O)OCCOC(=O)C(C)CSCCCCC)CCCCCCCCCCCC,0.5809762263230004
CN(CCC(=O)OCCOC(=O)C(C)CSCCCCCC)CCCCCCCCCCCC,0.5786844937070341
CN(CCC(=O)OCCOC(=O)C(C)CSCCCCCCC)CCCCCCCCCCCC,0.5820902845211711
CN(CCC(=O)OCCOC(=O)C(C)CSCCCCCCCC)CCCCCCCCCCCC,0.5806805419463914
CN(CCC(=O)OCCOC(=O)C(C)CSCCCCCCCCC)CCCCCCCCCCCC,0.5870035653037249
CN(CCC(=O)OCCOC(=O)C(C)CSCCN(C)C)CCCCCCCCCCCC,0.4465412158701921
CN(CCC(=O)OCCOC(=O)C(C)CSCCCC(=O)N(C)CCCN(C)C)CCCCCCCCCCCC,0.48007452846264975
CN(CCC(=O)OCCOC(=O)C(C)CSCCCC(=O)N(C)CCN5(CCCCC5))CCCCCCCCCCCC,0.4885493644922238
CN(CCC(=O)OCCOC(=O)C(C)CSCCNCCCC)CCCCCCCCCCCC,0.5595867616178144
CN(CCC(=O)OCCOC(=O)C(C)CSCCN(CC)CC)CCCCCCCCCCCC,0.44700996852968544
CN(CCC(=O)OCCOC(=O)C(C)CSCCN5CCCC5)CCCCCCCCCCCC,0.49680020352376436
CN(CCC(=O)OCCOC(=O)C(C)CSCCN5CCCCC5)CCCCCCCCCCCC,0.4900749922311237
CN(CCC(=O)OCCOC(=O)C(C)CSCCN5CCCCCC5)CCCCCCCCCCCC,0.4827162694180509
CN(CCC(=O)OCCOC(=O)C(C)CSCCN(CCC)CCC)CCCCCCCCCCCC,0.40077628525973485
CN(CCC(=O)OCCOC(=O)C(C)CSCCN(CCCC)CCCC)CCCCCCCCCCCC,0.5571514755474509
CN(CCC(=O)OCCOC(=O)C(C)CSCCCC(=O)N5CCN(CCO)CC5)CCCCCCCCCCCC,0.4334780600001654
CN(CCC(=O)OCCOC(=O)C(C)CSCCC(O)=O)CCCCCCCCCCCC,0.5048081929978039
CN(CCC(=O)OCCOC(=O)C(C)CSCCCCCC(O)=O)CCCCCCCCCCCC,0.5317513894157009
CN(CCC(=O)OCCOC(=O)C(C)CSCCCCCCCCCCC(O)=O)CCCCCCCCCCCC,0.5413648842976639
CN(CCC(=O)OCCOC(=O)C(C)CSCCO)CCCCCCCCCCCC,0.49162218277105757
CN(CCC(=O)OCCOC(=O)C(C)CSCC(O)CO)CCCCCCCCCCCC,0.4235936303101835
CN(CCC(=O)OCCOC(=O)C(C)CSCCCO)CCCCCCCCCCCC,0.5211091344877237
CN(CCC(=O)OCCOC(=O)C(C)CSCCCCO)CCCCCCCCCCCC,0.5341892963790078
CN(CCC(=O)OCCOC(=O)C(C)CSCCCCCCO)CCCCCCCCCCCC,0.5413033528792438
CN(CCC(=O)OCCOC(=O)C(C)CSCCCCCCCCCCCO)CCCCCCCCCCCC,0.5560020948602937
CCCCCCCCN(CCC(=O)OCCOC(=O)C(C)CSCC(C)C)CCCCCCCC,0.5728291806085914
CCCCCCCCN(CCC(=O)OCCOC(=O)C(C)CSCCCCCCCCCC)CCCCCCCC,0.620468198587917
CCCCCCCCN(CCC(=O)OCCOC(=O)C(C)CSCCCCCCCCCCC)CCCCCCCC,0.6191296966485975
CCCCCCCCN(CCC(=O)OCCOC(=O)C(C)CSCCCCCCCCCCCC)CCCCCCCC,0.6178555257178876
CCCCCCCCN(CCC(=O)OCCOC(=O)C(C)CSCCCCCCCCCCCCCC)CCCCCCCC,0.6154914802829843
CCCCCCCCN(CCC(=O)OCCOC(=O)C(C)CSCCCCCCCCCCCCCCCC)CCCCCCCC,0.6137029591121416
CCCCCCCCN(CCC(=O)OCCOC(=O)C(C)CSCCCCCCCCCCCCCCCCCC)CCCCCCCC,0.6121983878654115
CCCCCCCCN(CCC(=O)OCCOC(=O)C(C)CSCCc5ccccc5)CCCCCCCC,0.3102080832689099
CCCCCCCCN(CCC(=O)OCCOC(=O)C(C)CSCCC(C)C)CCCCCCCC,0.5634887946844755
CCCCCCCCN(CCC(=O)OCCOC(=O)C(C)CSCCCC)CCCCCCCC,0.6121502587404518
CCCCCCCCN(CCC(=O)OCCOC(=O)C(C)CSCCCCC)CCCCCCCC,0.6205346143977315
CCCCCCCCN(CCC(=O)OCCOC(=O)C(C)CSCCCCCC)CCCCCCCC,0.6169768117928802
CCCCCCCCN(CCC(=O)OCCOC(=O)C(C)CSCCCCCCC)CCCCCCCC,0.6191946233146942
CCCCCCCCN(CCC(=O)OCCOC(=O)C(C)CSCCCCCCCC)CCCCCCCC,0.6165813547871777
CCCCCCCCN(CCC(=O)OCCOC(=O)C(C)CSCCCCCCCCC)CCCCCCCC,0.6218744267835227
CCCCCCCCN(CCC(=O)OCCOC(=O)C(C)CSCCN(C)C)CCCCCCCC,0.49630333583087866
CCCCCCCCN(CCC(=O)OCCOC(=O)C(C)CSCCCC(=O)N(C)CCCN(C)C)CCCCCCCC,0.515737673966073
CCCCCCCCN(CCC(=O)OCCOC(=O)C(C)CSCCCC(=O)N(C)CCN5(CCCCC5))CCCCCCCC,0.5210481987267908
CCCCCCCCN(CCC(=O)OCCOC(=O)C(C)CSCCNCCCC)CCCCCCCC,0.5967429821784662
CCCCCCCCN(CCC(=O)OCCOC(=O)C(C)CSCCN(CC)CC)CCCCCCCC,0.49158012935246653
CCCCCCCCN(CCC(=O)OCCOC(=O)C(C)CSCCN5CCCC5)CCCCCCCC,0.5355362566546444
CCCCCCCCN(CCC(=O)OCCOC(=O)C(C)CSCCN5CCCCC5)CCCCCCCC,0.5280508077111856
CCCCCCCCN(CCC(=O)OCCOC(=O)C(C)CSCCN5CCCCCC5)CCCCCCCC,0.5199496871890341
CCCCCCCCN(CCC(=O)OCCOC(=O)C(C)CSCCN(CCC)CCC)CCCCCCCC,0.4488940033785887
CCCCCCCCN(CCC(=O)OCCOC(=O)C(C)CSCCN(CCCC)CCCC)CCCCCCCC,0.5908186323772657
CCCCCCCCN(CCC(=O)OCCOC(=O)C(C)CSCCCC(=O)N5CCN(CCO)CC5)CCCCCCCC,0.4732603259414326
CCCCCCCCN(CCC(=O)OCCOC(=O)C(C)CSCCC(O)=O)CCCCCCCC,0.548132268140393
CCCCCCCCN(CCC(=O)OCCOC(=O)C(C)CSCCCCCC(O)=O)CCCCCCCC,0.5709542891021155
CCCCCCCCN(CCC(=O)OCCOC(=O)C(C)CSCCCCCCCCCCC(O)=O)CCCCCCCC,0.5734891691043265
CCCCCCCCN(CCC(=O)OCCOC(=O)C(C)CSCCO)CCCCCCCC,0.5363929312526282
CCCCCCCCN(CCC(=O)OCCOC(=O)C(C)CSCC(O)CO)CCCCCCCC,0.47264519045447817
CCCCCCCCN(CCC(=O)OCCOC(=O)C(C)CSCCCO)CCCCCCCC,0.562954489918524
CCCCCCCCN(CCC(=O)OCCOC(=O)C(C)CSCCCCO)CCCCCCCC,0.5747792440899426
CCCCCCCCN(CCC(=O)OCCOC(=O)C(C)CSCCCCCCO)CCCCCCCC,0.579147438706028
CCCCCCCCN(CCC(=O)OCCOC(=O)C(C)CSCCCCCCCCCCCO)CCCCCCCC,0.5874404800705314
CCCCCCCCCCN(CCC(=O)OCCOC(=O)C(C)CSCC(C)C)CCCCCCCCCC,0.5758306986862164
CCCCCCCCCCN(CCC(=O)OCCOC(=O)C(C)CSCCCCCCCCCC)CCCCCCCCCC,0.6171668265312732
CCCCCCCCCCN(CCC(=O)OCCOC(=O)C(C)CSCCCCCCCCCCC)CCCCCCCCCC,0.6161548640263959
CCCCCCCCCCN(CCC(=O)OCCOC(=O)C(C)CSCCCCCCCCCCCC)CCCCCCCCCC,0.6152616756244513
CCCCCCCCCCN(CCC(=O)OCCOC(=O)C(C)CSCCCCCCCCCCCCCC)CCCCCCCCCC,0.6136937859868399
CCCCCCCCCCN(CCC(=O)OCCOC(=O)C(C)CSCCCCCCCCCCCCCCCC)CCCCCCCCCC,0.6123719028914112
CCCCCCCCCCN(CCC(=O)OCCOC(=O)C(C)CSCCCCCCCCCCCCCCCCCC)CCCCCCCCCC,0.6111833279416011
CCCCCCCCCCN(CCC(=O)OCCOC(=O)C(C)CSCCc5ccccc5)CCCCCCCCCC,0.3396375242551941
CCCCCCCCCCN(CCC(=O)OCCOC(=O)C(C)CSCCC(C)C)CCCCCCCCCC,0.5674548609310025
CCCCCCCCCCN(CCC(=O)OCCOC(=O)C(C)CSCCCC)CCCCCCCCCC,0.6091791191946703
CCCCCCCCCCN(CCC(=O)OCCOC(=O)C(C)CSCCCCC)CCCCCCCCCC,0.6167376553117994
CCCCCCCCCCN(CCC(=O)OCCOC(=O)C(C)CSCCCCCC)CCCCCCCCCC,0.6136234984033591
CCCCCCCCCCN(CCC(=O)OCCOC(=O)C(C)CSCCCCCCC)CCCCCCCCCC,0.6157417159933257
CCCCCCCCCCN(CCC(=O)OCCOC(=O)C(C)CSCCCCCCCC)CCCCCCCCCC,0.6134789918969824
CCCCCCCCCCN(CCC(=O)OCCOC(=O)C(C)CSCCCCCCCCC)CCCCCCCCCC,0.618366242447349
CCCCCCCCCCN(CCC(=O)OCCOC(=O)C(C)CSCCN(C)C)CCCCCCCCCC,0.507180339374532
CCCCCCCCCCN(CCC(=O)OCCOC(=O)C(C)CSCCCC(=O)N(C)CCCN(C)C)CCCCCCCCCC,0.5231692159069469
CCCCCCCCCCN(CCC(=O)OCCOC(=O)C(C)CSCCCC(=O)N(C)CCN5(CCCCC5))CCCCCCCCCC,0.527392427490666
CCCCCCCCCCN(CCC(=O)OCCOC(=O)C(C)CSCCNCCCC)CCCCCCCCCC,0.5954673816697872
CCCCCCCCCCN(CCC(=O)OCCOC(=O)C(C)CSCCN(CC)CC)CCCCCCCCCC,0.5022136281153831
CCCCCCCCCCN(CCC(=O)OCCOC(=O)C(C)CSCCN5CCCC5)CCCCCCCCCC,0.5421609209634582
CCCCCCCCCCN(CCC(=O)OCCOC(=O)C(C)CSCCN5CCCCC5)CCCCCCCCCC,0.5349620428370555
CCCCCCCCCCN(CCC(=O)OCCOC(=O)C(C)CSCCN5CCCCCC5)CCCCCCCCCC,0.5274288221631294
CCCCCCCCCCN(CCC(=O)OCCOC(=O)C(C)CSCCN(CCC)CCC)CCCCCCCCCC,0.46546742838599403
CCCCCCCCCCN(CCC(=O)OCCOC(=O)C(C)CSCCN(CCCC)CCCC)CCCCCCCCCC,0.5905860876942919
CCCCCCCCCCN(CCC(=O)OCCOC(=O)C(C)CSCCCC(=O)N5CCN(CCO)CC5)CCCCCCCCCC,0.4837235560116543
CCCCCCCCCCN(CCC(=O)OCCOC(=O)C(C)CSCCC(O)=O)CCCCCCCCCC,0.5538439086529411
CCCCCCCCCCN(CCC(=O)OCCOC(=O)C(C)CSCCCCCC(O)=O)CCCCCCCCCC,0.5732447112716101
CCCCCCCCCCN(CCC(=O)OCCOC(=O)C(C)CSCCCCCCCCCCC(O)=O)CCCCCCCCCC,0.57446521346273
CCCCCCCCCCN(CCC(=O)OCCOC(=O)C(C)CSCCO)CCCCCCCCCC,0.5433533676869347
CCCCCCCCCCN(CCC(=O)OCCOC(=O)C(C)CSCC(O)CO)CCCCCCCCCC,0.48641009041008726
CCCCCCCCCCN(CCC(=O)OCCOC(=O)C(C)CSCCCO)CCCCCCCCCC,0.5672825372199772
CCCCCCCCCCN(CCC(=O)OCCOC(=O)C(C)CSCCCCO)CCCCCCCCCC,0.5771147575312126
CCCCCCCCCCN(CCC(=O)OCCOC(=O)C(C)CSCCCCCCO)CCCCCCCCCC,0.5808135522632665
CCCCCCCCCCN(CCC(=O)OCCOC(=O)C(C)CSCCCCCCCCCCCO)CCCCCCCCCC,0.5876567037383579
N(CCC(=O)OCCOC(=O)C(C)CSCC(C)C)(CCC(=O)OCCOC(=O)C(C)CSCC(C)C)CC1CCN(C)CC1,0.301739025116961
N(CCC(=O)OCCOC(=O)C(C)CSCCCCCCCCCC)(CCC(=O)OCCOC(=O)C(C)CSCCCCCCCCCC)CC1CCN(C)CC1,0.4368007863777227
N(CCC(=O)OCCOC(=O)C(C)CSCCCCCCCCCCC)(CCC(=O)OCCOC(=O)C(C)CSCCCCCCCCCCC)CC1CCN(C)CC1,0.442669442203877
N(CCC(=O)OCCOC(=O)C(C)CSCCCCCCCCCCCC)(CCC(=O)OCCOC(=O)C(C)CSCCCCCCCCCCCC)CC1CCN(C)CC1,0.44815318416185085
N(CCC(=O)OCCOC(=O)C(C)CSCCCCCCCCCCCCCC)(CCC(=O)OCCOC(=O)C(C)CSCCCCCCCCCCCCCC)CC1CCN(C)CC1,0.4580919378146586
N(CCC(=O)OCCOC(=O)C(C)CSCCCCCCCCCCCCCCCC)(CCC(=O)OCCOC(=O)C(C)CSCCCCCCCCCCCCCCCC)CC1CCN(C)CC1,0.46549670495148626
N(CCC(=O)OCCOC(=O)C(C)CSCCCCCCCCCCCCCCCCCC)(CCC(=O)OCCOC(=O)C(C)CSCCCCCCCCCCCCCCCCCC)CC1CCN(C)CC1,0.4720569786859419
N(CCC(=O)OCCOC(=O)C(C)CSCCc5ccccc5)(CCC(=O)OCCOC(=O)C(C)CSCCc5ccccc5)CC1CCN(C)CC1,-0.0067761143856566505
N(CCC(=O)OCCOC(=O)C(C)CSCCC(C)C)(CCC(=O)OCCOC(=O)C(C)CSCCC(C)C)CC1CCN(C)CC1,0.29913516797774103
N(CCC(=O)OCCOC(=O)C(C)CSCCCC)(CCC(=O)OCCOC(=O)C(C)CSCCCC)CC1CCN(C)CC1,0.36269229838001094
N(CCC(=O)OCCOC(=O)C(C)CSCCCCC)(CCC(=O)OCCOC(=O)C(C)CSCCCCC)CC1CCN(C)CC1,0.38794865236011755
N(CCC(=O)OCCOC(=O)C(C)CSCCCCCC)(CCC(=O)OCCOC(=O)C(C)CSCCCCCC)CC1CCN(C)CC1,0.3947125218236726
N(CCC(=O)OCCOC(=O)C(C)CSCCCCCCC)(CCC(=O)OCCOC(=O)C(C)CSCCCCCCC)CC1CCN(C)CC1,0.40866585802533384
N(CCC(=O)OCCOC(=O)C(C)CSCCCCCCCC)(CCC(=O)OCCOC(=O)C(C)CSCCCCCCCC)CC1CCN(C)CC1,0.41476074456509837
N(CCC(=O)OCCOC(=O)C(C)CSCCCCCCCCC)(CCC(=O)OCCOC(=O)C(C)CSCCCCCCCCC)CC1CCN(C)CC1,0.43050534196204304
N(CCC(=O)OCCOC(=O)C(C)CSCCN(C)C)(CCC(=O)OCCOC(=O)C(C)CSCCN(C)C)CC1CCN(C)CC1,0.18322087620637406
N(CCC(=O)OCCOC(=O)C(C)CSCCCC(=O)N(C)CCCN(C)C)(CCC(=O)OCCOC(=O)C(C)CSCCCC(=O)N(C)CCCN(C)C)CC1CCN(C)CC1,0.2926453009582637
N(CCC(=O)OCCOC(=O)C(C)CSCCCC(=O)N(C)CCN5(CCCCC5))(CCC(=O)OCCOC(=O)C(C)CSCCCC(=O)N(C)CCN5(CCCCC5))CC1CCN(C)CC1,0.32436105407738125
N(CCC(=O)OCCOC(=O)C(C)CSCCNCCCC)(CCC(=O)OCCOC(=O)C(C)CSCCNCCCC)CC1CCN(C)CC1,0.3753927584061269
N(CCC(=O)OCCOC(=O)C(C)CSCCN(CC)CC)(CCC(=O)OCCOC(=O)C(C)CSCCN(CC)CC)CC1CCN(C)CC1,0.20623076753953598
N(CCC(=O)OCCOC(=O)C(C)CSCCN5CCCC5)(CCC(=O)OCCOC(=O)C(C)CSCCN5CCCC5)CC1CCN(C)CC1,0.2846503861660665
N(CCC(=O)OCCOC(=O)C(C)CSCCN5CCCCC5)(CCC(=O)OCCOC(=O)C(C)CSCCN5CCCCC5)CC1CCN(C)CC1,0.2834783704943986
N(CCC(=O)OCCOC(=O)C(C)CSCCN5CCCCCC5)(CCC(=O)OCCOC(=O)C(C)CSCCN5CCCCCC5)CC1CCN(C)CC1,0.28076836719097287
N(CCC(=O)OCCOC(=O)C(C)CSCCN(CCC)CCC)(CCC(=O)OCCOC(=O)C(C)CSCCN(CCC)CCC)CC1CCN(C)CC1,0.16399013380027924
N(CCC(=O)OCCOC(=O)C(C)CSCCN(CCCC)CCCC)(CCC(=O)OCCOC(=O)C(C)CSCCN(CCCC)CCCC)CC1CCN(C)CC1,0.3980112134216244
N(CCC(=O)OCCOC(=O)C(C)CSCCCC(=O)N5CCN(CCO)CC5)(CCC(=O)OCCOC(=O)C(C)CSCCCC(=O)N5CCN(CCO)CC5)CC1CCN(C)CC1,0.24104215261924425
N(CCC(=O)OCCOC(=O)C(C)CSCCC(O)=O)(CCC(=O)OCCOC(=O)C(C)CSCCC(O)=O)CC1CCN(C)CC1,0.2712781138430962
N(CCC(=O)OCCOC(=O)C(C)CSCCCCCC(O)=O)(CCC(=O)OCCOC(=O)C(C)CSCCCCCC(O)=O)CC1CCN(C)CC1,0.33947624999055487
N(CCC(=O)OCCOC(=O)C(C)CSCCCCCCCCCCC(O)=O)(CCC(=O)OCCOC(=O)C(C)CSCCCCCCCCCCC(O)=O)CC1CCN(C)CC1,0.3870932286428568
N(CCC(=O)OCCOC(=O)C(C)CSCCO)(CCC(=O)OCCOC(=O)C(C)CSCCO)CC1CCN(C)CC1,0.22588484372173084
N(CCC(=O)OCCOC(=O)C(C)CSCC(O)CO)(CCC(=O)OCCOC(=O)C(C)CSCC(O)CO)CC1CCN(C)CC1,0.16566759463264744
N(CCC(=O)OCCOC(=O)C(C)CSCCCO)(CCC(=O)OCCOC(=O)C(C)CSCCCO)CC1CCN(C)CC1,0.288748986203479
N(CCC(=O)OCCOC(=O)C(C)CSCCCCO)(CCC(=O)OCCOC(=O)C(C)CSCCCCO)CC1CCN(C)CC1,0.32078064627089353
N(CCC(=O)OCCOC(=O)C(C)CSCCCCCCO)(CCC(=O)OCCOC(=O)C(C)CSCCCCCCO)CC1CCN(C)CC1,0.35117019777780073
N(CCC(=O)OCCOC(=O)C(C)CSCCCCCCCCCCCO)(CCC(=O)OCCOC(=O)C(C)CSCCCCCCCCCCCO)CC1CCN(C)CC1,0.40789180112081436
CCN(CCC(=O)OCCOC(=O)C(C)CSCC(C)C)CCN(CCC(=O)OCCOC(=O)C(C)CSCC(C)C)CC,0.4552914839218129
CCN(CCC(=O)OCCOC(=O)C(C)CSCCCCCCCCCC)CCN(CCC(=O)OCCOC(=O)C(C)CSCCCCCCCCCC)CC,0.5482879134417789
CCN(CCC(=O)OCCOC(=O)C(C)CSCCCCCCCCCCC)CCN(CCC(=O)OCCOC(=O)C(C)CSCCCCCCCCCCC)CC,0.5495855532774816
CCN(CCC(=O)OCCOC(=O)C(C)CSCCCCCCCCCCCC)CCN(CCC(=O)OCCOC(=O)C(C)CSCCCCCCCCCCCC)CC,0.5507966440803049
CCN(CCC(=O)OCCOC(=O)C(C)CSCCCCCCCCCCCCCC)CCN(CCC(=O)OCCOC(=O)C(C)CSCCCCCCCCCCCCCC)CC,0.552702152381619
CCN(CCC(=O)OCCOC(=O)C(C)CSCCCCCCCCCCCCCCCC)CCN(CCC(=O)OCCOC(=O)C(C)CSCCCCCCCCCCCCCCCC)CC,0.5538029274178268
CCN(CCC(=O)OCCOC(=O)C(C)CSCCCCCCCCCCCCCCCCCC)CCN(CCC(=O)OCCOC(=O)C(C)CSCCCCCCCCCCCCCCCCCC)CC,0.5549292561602323
CCN(CCC(=O)OCCOC(=O)C(C)CSCCc5ccccc5)CCN(CCC(=O)OCCOC(=O)C(C)CSCCc5ccccc5)CC,0.08530300539628065
CCN(CCC(=O)OCCOC(=O)C(C)CSCCC(C)C)CCN(CCC(=O)OCCOC(=O)C(C)CSCCC(C)C)CC,0.445060381574324
CCN(CCC(=O)OCCOC(=O)C(C)CSCCCC)CCN(CCC(=O)OCCOC(=O)C(C)CSCCCC)CC,0.5118162820310803
CCN(CCC(=O)OCCOC(=O)C(C)CSCCCCC)CCN(CCC(=O)OCCOC(=O)C(C)CSCCCCC)CC,0.5285919625382391
CCN(CCC(=O)OCCOC(=O)C(C)CSCCCCCC)CCN(CCC(=O)OCCOC(=O)C(C)CSCCCCCC)CC,0.5284422738117245
CCN(CCC(=O)OCCOC(=O)C(C)CSCCCCCCC)CCN(CCC(=O)OCCOC(=O)C(C)CSCCCCCCC)CC,0.5358107356247118
CCN(CCC(=O)OCCOC(=O)C(C)CSCCCCCCCC)CCN(CCC(=O)OCCOC(=O)C(C)CSCCCCCCCC)CC,0.5363343185558951
CCN(CCC(=O)OCCOC(=O)C(C)CSCCCCCCCCC)CCN(CCC(=O)OCCOC(=O)C(C)CSCCCCCCCCC)CC,0.5468941940534029
CCN(CCC(=O)OCCOC(=O)C(C)CSCCN(C)C)CCN(CCC(=O)OCCOC(=O)C(C)CSCCN(C)C)CC,0.3231445130085507
CCN(CCC(=O)OCCOC(=O)C(C)CSCCCC(=O)N(C)CCCN(C)C)CCN(CCC(=O)OCCOC(=O)C(C)CSCCCC(=O)N(C)CCCN(C)C)CC,0.39814860182102985
CCN(CCC(=O)OCCOC(=O)C(C)CSCCCC(=O)N(C)CCN5(CCCCC5))CCN(CCC(=O)OCCOC(=O)C(C)CSCCCC(=O)N(C)CCN5(CCCCC5))CC,0.4235552699680126
CCN(CCC(=O)OCCOC(=O)C(C)CSCCNCCCC)CCN(CCC(=O)OCCOC(=O)C(C)CSCCNCCCC)CC,0.5035194284586594
CCN(CCC(=O)OCCOC(=O)C(C)CSCCN(CC)CC)CCN(CCC(=O)OCCOC(=O)C(C)CSCCN(CC)CC)CC,0.3356254434677866
CCN(CCC(=O)OCCOC(=O)C(C)CSCCN5CCCC5)CCN(CCC(=O)OCCOC(=O)C(C)CSCCN5CCCC5)CC,0.4147021914341139
CCN(CCC(=O)OCCOC(=O)C(C)CSCCN5CCCCC5)CCN(CCC(=O)OCCOC(=O)C(C)CSCCN5CCCCC5)CC,0.40917740867527713
CCN(CCC(=O)OCCOC(=O)C(C)CSCCN5CCCCCC5)CCN(CCC(=O)OCCOC(=O)C(C)CSCCN5CCCCCC5)CC,0.40192426615179727
CCN(CCC(=O)OCCOC(=O)C(C)CSCCN(CCC)CCC)CCN(CCC(=O)OCCOC(=O)C(C)CSCCN(CCC)CCC)CC,0.28007651101967673
CCN(CCC(=O)OCCOC(=O)C(C)CSCCN(CCCC)CCCC)CCN(CCC(=O)OCCOC(=O)C(C)CSCCN(CCCC)CCCC)CC,0.5078660602737108
CCN(CCC(=O)OCCOC(=O)C(C)CSCCCC(=O)N5CCN(CCO)CC5)CCN(CCC(=O)OCCOC(=O)C(C)CSCCCC(=O)N5CCN(CCO)CC5)CC,0.34173942083001346
CCN(CCC(=O)OCCOC(=O)C(C)CSCCC(O)=O)CCN(CCC(=O)OCCOC(=O)C(C)CSCCC(O)=O)CC,0.41189834229359157
CCN(CCC(=O)OCCOC(=O)C(C)CSCCCCCC(O)=O)CCN(CCC(=O)OCCOC(=O)C(C)CSCCCCCC(O)=O)CC,0.4650579436464697
CCN(CCC(=O)OCCOC(=O)C(C)CSCCCCCCCCCCC(O)=O)CCN(CCC(=O)OCCOC(=O)C(C)CSCCCCCCCCCCC(O)=O)CC,0.4899417138683794
CCN(CCC(=O)OCCOC(=O)C(C)CSCCO)CCN(CCC(=O)OCCOC(=O)C(C)CSCCO)CC,0.3838596126253735
CCN(CCC(=O)OCCOC(=O)C(C)CSCC(O)CO)CCN(CCC(=O)OCCOC(=O)C(C)CSCC(O)CO)CC,0.29109376211867377
CCN(CCC(=O)OCCOC(=O)C(C)CSCCCO)CCN(CCC(=O)OCCOC(=O)C(C)CSCCCO)CC,0.4395090920573101
CCN(CCC(=O)OCCOC(=O)C(C)CSCCCCO)CCN(CCC(=O)OCCOC(=O)C(C)CSCCCCO)CC,0.46345714393269455
CCN(CCC(=O)OCCOC(=O)C(C)CSCCCCCCO)CCN(CCC(=O)OCCOC(=O)C(C)CSCCCCCCO)CC,0.47969857923965054
CCN(CCC(=O)OCCOC(=O)C(C)CSCCCCCCCCCCCO)CCN(CCC(=O)OCCOC(=O)C(C)CSCCCCCCCCCCCO)CC,0.5100523019487072
CN(CCC(=O)OCCOC(=O)C(C)CSCC(C)C)CCCN(C)CCCN(CCC(=O)OCCOC(=O)C(C)CSCC(C)C)C,0.5120179120904723
CN(CCC(=O)OCCOC(=O)C(C)CSCCCCCCCCCC)CCCN(C)CCCN(CCC(=O)OCCOC(=O)C(C)CSCCCCCCCCCC)C,0.5849900642999949
CN(CCC(=O)OCCOC(=O)C(C)CSCCCCCCCCCCC)CCCN(C)CCCN(CCC(=O)OCCOC(=O)C(C)CSCCCCCCCCCCC)C,0.5849258524228829
CN(CCC(=O)OCCOC(=O)C(C)CSCCCCCCCCCCCC)CCCN(C)CCCN(CCC(=O)OCCOC(=O)C(C)CSCCCCCCCCCCCC)C,0.584454389521823
CN(CCC(=O)OCCOC(=O)C(C)CSCCCCCCCCCCCCCC)CCCN(C)CCCN(CCC(=O)OCCOC(=O)C(C)CSCCCCCCCCCCCCCC)C,0.5834946661785666
CN(CCC(=O)OCCOC(=O)C(C)CSCCCCCCCCCCCCCCCC)CCCN(C)CCCN(CCC(=O)OCCOC(=O)C(C)CSCCCCCCCCCCCCCCCC)C,0.5827723123439297
CN(CCC(=O)OCCOC(=O)C(C)CSCCCCCCCCCCCCCCCCCC)CCCN(C)CCCN(CCC(=O)OCCOC(=O)C(C)CSCCCCCCCCCCCCCCCCCC)C,0.5823819184268677
CN(CCC(=O)OCCOC(=O)C(C)CSCCc5ccccc5)CCCN(C)CCCN(CCC(=O)OCCOC(=O)C(C)CSCCc5ccccc5)C,0.15285857602950284
CN(CCC(=O)OCCOC(=O)C(C)CSCCC(C)C)CCCN(C)CCCN(CCC(=O)OCCOC(=O)C(C)CSCCC(C)C)C,0.501182545005169
CN(CCC(=O)OCCOC(=O)C(C)CSCCCC)CCCN(C)CCCN(CCC(=O)OCCOC(=O)C(C)CSCCCC)C,0.561264252233057
CN(CCC(=O)OCCOC(=O)C(C)CSCCCCC)CCCN(C)CCCN(CCC(=O)OCCOC(=O)C(C)CSCCCCC)C,0.5755354312698483
CN(CCC(=O)OCCOC(=O)C(C)CSCCCCCC)CCCN(C)CCCN(CCC(=O)OCCOC(=O)C(C)CSCCCCCC)C,0.572736436737846
CN(CCC(=O)OCCOC(=O)C(C)CSCCCCCCC)CCCN(C)CCCN(CCC(=O)OCCOC(=O)C(C)CSCCCCCCC)C,0.5779016210717053
CN(CCC(=O)OCCOC(=O)C(C)CSCCCCCCCC)CCCN(C)CCCN(CCC(=O)OCCOC(=O)C(C)CSCCCCCCCC)C,0.5763198526146438
CN(CCC(=O)OCCOC(=O)C(C)CSCCCCCCCCC)CCCN(C)CCCN(CCC(=O)OCCOC(=O)C(C)CSCCCCCCCCC)C,0.5850584457795169
CN(CCC(=O)OCCOC(=O)C(C)CSCCN(C)C)CCCN(C)CCCN(CCC(=O)OCCOC(=O)C(C)CSCCN(C)C)C,0.3879144914032309
CN(CCC(=O)OCCOC(=O)C(C)CSCCCC(=O)N(C)CCCN(C)C)CCCN(C)CCCN(CCC(=O)OCCOC(=O)C(C)CSCCCC(=O)N(C)CCCN(C)C)C,0.44386820289671686
CN(CCC(=O)OCCOC(=O)C(C)CSCCCC(=O)N(C)CCN5(CCCCC5))CCCN(C)CCCN(CCC(=O)OCCOC(=O)C(C)CSCCCC(=O)N(C)CCN5(CCCCC5))C,0.46221117738399997
CN(CCC(=O)OCCOC(=O)C(C)CSCCNCCCC)CCCN(C)CCCN(CCC(=O)OCCOC(=O)C(C)CSCCNCCCC)C,0.546782270011572
CN(CCC(=O)OCCOC(=O)C(C)CSCCN(CC)CC)CCCN(C)CCCN(CCC(=O)OCCOC(=O)C(C)CSCCN(CC)CC)C,0.3938674625466878
CN(CCC(=O)OCCOC(=O)C(C)CSCCN5CCCC5)CCCN(C)CCCN(CCC(=O)OCCOC(=O)C(C)CSCCN5CCCC5)C,0.465406313927815
CN(CCC(=O)OCCOC(=O)C(C)CSCCN5CCCCC5)CCCN(C)CCCN(CCC(=O)OCCOC(=O)C(C)CSCCN5CCCCC5)C,0.4573343508396582
CN(CCC(=O)OCCOC(=O)C(C)CSCCN5CCCCCC5)CCCN(C)CCCN(CCC(=O)OCCOC(=O)C(C)CSCCN5CCCCCC5)C,0.44829906068044784
CN(CCC(=O)OCCOC(=O)C(C)CSCCN(CCC)CCC)CCCN(C)CCCN(CCC(=O)OCCOC(=O)C(C)CSCCN(CCC)CCC)C,0.33871872258130314
CN(CCC(=O)OCCOC(=O)C(C)CSCCN(CCCC)CCCC)CCCN(C)CCCN(CCC(=O)OCCOC(=O)C(C)CSCCN(CCCC)CCCC)C,0.5456143643765652
CN(CCC(=O)OCCOC(=O)C(C)CSCCCC(=O)N5CCN(CCO)CC5)CCCN(C)CCCN(CCC(=O)OCCOC(=O)C(C)CSCCCC(=O)N5CCN(CCO)CC5)C,0.3873025129009583
CN(CCC(=O)OCCOC(=O)C(C)CSCCC(O)=O)CCCN(C)CCCN(CCC(=O)OCCOC(=O)C(C)CSCCC(O)=O)C,0.4702943090500404
CN(CCC(=O)OCCOC(=O)C(C)CSCCCCCC(O)=O)CCCN(C)CCCN(CCC(=O)OCCOC(=O)C(C)CSCCCCCC(O)=O)C,0.5100640364012036
CN(CCC(=O)OCCOC(=O)C(C)CSCCCCCCCCCCC(O)=O)CCCN(C)CCCN(CCC(=O)OCCOC(=O)C(C)CSCCCCCCCCCCC(O)=O)C,0.525356946725661
CN(CCC(=O)OCCOC(=O)C(C)CSCCO)CCCN(C)CCCN(CCC(=O)OCCOC(=O)C(C)CSCCO)C,0.4512765737613416
CN(CCC(=O)OCCOC(=O)C(C)CSCC(O)CO)CCCN(C)CCCN(CCC(=O)OCCOC(=O)C(C)CSCC(O)CO)C,0.36059617968281665
CN(CCC(=O)OCCOC(=O)C(C)CSCCCO)CCCN(C)CCCN(CCC(=O)OCCOC(=O)C(C)CSCCCO)C,0.4930378819207085
CN(CCC(=O)OCCOC(=O)C(C)CSCCCCO)CCCN(C)CCCN(CCC(=O)OCCOC(=O)C(C)CSCCCCO)C,0.5115742068283126
CN(CCC(=O)OCCOC(=O)C(C)CSCCCCCCO)CCCN(C)CCCN(CCC(=O)OCCOC(=O)C(C)CSCCCCCCO)C,0.522769887127578
CN(CCC(=O)OCCOC(=O)C(C)CSCCCCCCCCCCCO)CCCN(C)CCCN(CCC(=O)OCCOC(=O)C(C)CSCCCCCCCCCCCO)C,0.5442797937766608
CN(CCC(=O)OCCOC(=O)C(C)CSCC(C)C)CCOCCN(CCC(=O)OCCOC(=O)C(C)CSCC(C)C)C,0.23238427104387657
CN(CCC(=O)OCCOC(=O)C(C)CSCCCCCCCCCC)CCOCCN(CCC(=O)OCCOC(=O)C(C)CSCCCCCCCCCC)C,0.3808389143766632
CN(CCC(=O)OCCOC(=O)C(C)CSCCCCCCCCCCC)CCOCCN(CCC(=O)OCCOC(=O)C(C)CSCCCCCCCCCCC)C,0.38884833342867176
CN(CCC(=O)OCCOC(=O)C(C)CSCCCCCCCCCCCC)CCOCCN(CCC(=O)OCCOC(=O)C(C)CSCCCCCCCCCCCC)C,0.39632395402359294
CN(CCC(=O)OCCOC(=O)C(C)CSCCCCCCCCCCCCCC)CCOCCN(CCC(=O)OCCOC(=O)C(C)CSCCCCCCCCCCCCCC)C,0.40987364292910367
CN(CCC(=O)OCCOC(=O)C(C)CSCCCCCCCCCCCCCCCC)CCOCCN(CCC(=O)OCCOC(=O)C(C)CSCCCCCCCCCCCCCCCC)C,0.42151764483605403
CN(CCC(=O)OCCOC(=O)C(C)CSCCCCCCCCCCCCCCCCCC)CCOCCN(CCC(=O)OCCOC(=O)C(C)CSCCCCCCCCCCCCCCCCCC)C,0.4317760580793277
CN(CCC(=O)OCCOC(=O)C(C)CSCCc5ccccc5)CCOCCN(CCC(=O)OCCOC(=O)C(C)CSCCc5ccccc5)C,-0.05513695103859557
CN(CCC(=O)OCCOC(=O)C(C)CSCCC(C)C)CCOCCN(CCC(=O)OCCOC(=O)C(C)CSCCC(C)C)C,0.2328324735200641
CN(CCC(=O)OCCOC(=O)C(C)CSCCCC)CCOCCN(CCC(=O)OCCOC(=O)C(C)CSCCCC)C,0.2915357697569952
CN(CCC(=O)OCCOC(=O)C(C)CSCCCCC)CCOCCN(CCC(=O)OCCOC(=O)C(C)CSCCCCC)C,0.31984665533108086
CN(CCC(=O)OCCOC(=O)C(C)CSCCCCCC)CCOCCN(CCC(=O)OCCOC(=O)C(C)CSCCCCCC)C,0.32951986487612817
CN(CCC(=O)OCCOC(=O)C(C)CSCCCCCCC)CCOCCN(CCC(=O)OCCOC(=O)C(C)CSCCCCCCC)C,0.34603884678921026
CN(CCC(=O)OCCOC(=O)C(C)CSCCCCCCCC)CCOCCN(CCC(=O)OCCOC(=O)C(C)CSCCCCCCCC)C,0.3545402789255845
CN(CCC(=O)OCCOC(=O)C(C)CSCCCCCCCCC)CCOCCN(CCC(=O)OCCOC(=O)C(C)CSCCCCCCCCC)C,0.3723006706075846
CN(CCC(=O)OCCOC(=O)C(C)CSCCN(C)C)CCOCCN(CCC(=O)OCCOC(=O)C(C)CSCCN(C)C)C,0.11760551092309109
CN(CCC(=O)OCCOC(=O)C(C)CSCCCC(=O)N(C)CCCN(C)C)CCOCCN(CCC(=O)OCCOC(=O)C(C)CSCCCC(=O)N(C)CCCN(C)C)C,0.2419064516330632
CN(CCC(=O)OCCOC(=O)C(C)CSCCCC(=O)N(C)CCN5(CCCCC5))CCOCCN(CCC(=O)OCCOC(=O)C(C)CSCCCC(=O)N(C)CCN5(CCCCC5))C,0.2751019966474464
CN(CCC(=O)OCCOC(=O)C(C)CSCCNCCCC)CCOCCN(CCC(=O)OCCOC(=O)C(C)CSCCNCCCC)C,0.31276300714556254
CN(CCC(=O)OCCOC(=O)C(C)CSCCN(CC)CC)CCOCCN(CCC(=O)OCCOC(=O)C(C)CSCCN(CC)CC)C,0.14411393694113533
CN(CCC(=O)OCCOC(=O)C(C)CSCCN5CCCC5)CCOCCN(CCC(=O)OCCOC(=O)C(C)CSCCN5CCCC5)C,0.22038376813088165
CN(CCC(=O)OCCOC(=O)C(C)CSCCN5CCCCC5)CCOCCN(CCC(=O)OCCOC(=O)C(C)CSCCN5CCCCC5)C,0.22243565925965686
CN(CCC(=O)OCCOC(=O)C(C)CSCCN5CCCCCC5)CCOCCN(CCC(=O)OCCOC(=O)C(C)CSCCN5CCCCCC5)C,0.2215625742979028
CN(CCC(=O)OCCOC(=O)C(C)CSCCN(CCC)CCC)CCOCCN(CCC(=O)OCCOC(=O)C(C)CSCCN(CCC)CCC)C,0.10896418862586549
CN(CCC(=O)OCCOC(=O)C(C)CSCCN(CCCC)CCCC)CCOCCN(CCC(=O)OCCOC(=O)C(C)CSCCN(CCCC)CCCC)C,0.34391068171920863
CN(CCC(=O)OCCOC(=O)C(C)CSCCCC(=O)N5CCN(CCO)CC5)CCOCCN(CCC(=O)OCCOC(=O)C(C)CSCCCC(=O)N5CCN(CCO)CC5)C,0.19074123067857837
CN(CCC(=O)OCCOC(=O)C(C)CSCCC(O)=O)CCOCCN(CCC(=O)OCCOC(=O)C(C)CSCCC(O)=O)C,0.2023684648272662
CN(CCC(=O)OCCOC(=O)C(C)CSCCCCCC(O)=O)CCOCCN(CCC(=O)OCCOC(=O)C(C)CSCCCCCC(O)=O)C,0.27849116861769246
CN(CCC(=O)OCCOC(=O)C(C)CSCCCCCCCCCCC(O)=O)CCOCCN(CCC(=O)OCCOC(=O)C(C)CSCCCCCCCCCCC(O)=O)C,0.3354301869435069
CN(CCC(=O)OCCOC(=O)C(C)CSCCO)CCOCCN(CCC(=O)OCCOC(=O)C(C)CSCCO)C,0.15383173144909396
CN(CCC(=O)OCCOC(=O)C(C)CSCC(O)CO)CCOCCN(CCC(=O)OCCOC(=O)C(C)CSCC(O)CO)C,0.09958809303539634
CN(CCC(=O)OCCOC(=O)C(C)CSCCCO)CCOCCN(CCC(=O)OCCOC(=O)C(C)CSCCCO)C,0.21472668984415427
CN(CCC(=O)OCCOC(=O)C(C)CSCCCCO)CCOCCN(CCC(=O)OCCOC(=O)C(C)CSCCCCO)C,0.25142187150977097
CN(CCC(=O)OCCOC(=O)C(C)CSCCCCCCO)CCOCCN(CCC(=O)OCCOC(=O)C(C)CSCCCCCCO)C,0.2865911573906185
CN(CCC(=O)OCCOC(=O)C(C)CSCCCCCCCCCCCO)CCOCCN(CCC(=O)OCCOC(=O)C(C)CSCCCCCCCCCCCO)C,0.35393041500739114
N(CCC(=O)OCCOC(=O)C(C)CSCC(C)C)(CCC(=O)OCCOC(=O)C(C)CSCC(C)C)CCCN1CCN(C)CC1,0.4767448626753675
N(CCC(=O)OCCOC(=O)C(C)CSCCCCCCCCCC)(CCC(=O)OCCOC(=O)C(C)CSCCCCCCCCCC)CCCN1CCN(C)CC1,0.5598542118295338
N(CCC(=O)OCCOC(=O)C(C)CSCCCCCCCCCCC)(CCC(=O)OCCOC(=O)C(C)CSCCCCCCCCCCC)CCCN1CCN(C)CC1,0.5607087420605639
N(CCC(=O)OCCOC(=O)C(C)CSCCCCCCCCCCCC)(CCC(=O)OCCOC(=O)C(C)CSCCCCCCCCCCCC)CCCN1CCN(C)CC1,0.5615090674602655
N(CCC(=O)OCCOC(=O)C(C)CSCCCCCCCCCCCCCC)(CCC(=O)OCCOC(=O)C(C)CSCCCCCCCCCCCCCC)CCCN1CCN(C)CC1,0.5628291040174841
N(CCC(=O)OCCOC(=O)C(C)CSCCCCCCCCCCCCCCCC)(CCC(=O)OCCOC(=O)C(C)CSCCCCCCCCCCCCCCCC)CCCN1CCN(C)CC1,0.5632925851082164
N(CCC(=O)OCCOC(=O)C(C)CSCCCCCCCCCCCCCCCCCC)(CCC(=O)OCCOC(=O)C(C)CSCCCCCCCCCCCCCCCCCC)CCCN1CCN(C)CC1,0.5638496439901761
N(CCC(=O)OCCOC(=O)C(C)CSCCc5ccccc5)(CCC(=O)OCCOC(=O)C(C)CSCCc5ccccc5)CCCN1CCN(C)CC1,0.122809293862116
N(CCC(=O)OCCOC(=O)C(C)CSCCC(C)C)(CCC(=O)OCCOC(=O)C(C)CSCCC(C)C)CCCN1CCN(C)CC1,0.46653380420232027
N(CCC(=O)OCCOC(=O)C(C)CSCCCC)(CCC(=O)OCCOC(=O)C(C)CSCCCC)CCCN1CCN(C)CC1,0.5287250324208629
N(CCC(=O)OCCOC(=O)C(C)CSCCCCC)(CCC(=O)OCCOC(=O)C(C)CSCCCCC)CCCN1CCN(C)CC1,0.5439920316446305
N(CCC(=O)OCCOC(=O)C(C)CSCCCCCC)(CCC(=O)OCCOC(=O)C(C)CSCCCCCC)CCCN1CCN(C)CC1,0.5429628546383752
N(CCC(=O)OCCOC(=O)C(C)CSCCCCCCC)(CCC(=O)OCCOC(=O)C(C)CSCCCCCCC)CCCN1CCN(C)CC1,0.549441463731346
N(CCC(=O)OCCOC(=O)C(C)CSCCCCCCCC)(CCC(=O)OCCOC(=O)C(C)CSCCCCCCCC)CCCN1CCN(C)CC1,0.5493939302638733
N(CCC(=O)OCCOC(=O)C(C)CSCCCCCCCCC)(CCC(=O)OCCOC(=O)C(C)CSCCCCCCCCC)CCCN1CCN(C)CC1,0.5590266053169217
N(CCC(=O)OCCOC(=O)C(C)CSCCN(C)C)(CCC(=O)OCCOC(=O)C(C)CSCCN(C)C)CCCN1CCN(C)CC1,0.35285376409941194
N(CCC(=O)OCCOC(=O)C(C)CSCCCC(=O)N(C)CCCN(C)C)(CCC(=O)OCCOC(=O)C(C)CSCCCC(=O)N(C)CCCN(C)C)CCCN1CCN(C)CC1,0.41679825056555947
N(CCC(=O)OCCOC(=O)C(C)CSCCCC(=O)N(C)CCN5(CCCCC5))(CCC(=O)OCCOC(=O)C(C)CSCCCC(=O)N(C)CCN5(CCCCC5))CCCN1CCN(C)CC1,0.43998377150880036
N(CCC(=O)OCCOC(=O)C(C)CSCCNCCCC)(CCC(=O)OCCOC(=O)C(C)CSCCNCCCC)CCCN1CCN(C)CC1,0.5190260011237487
N(CCC(=O)OCCOC(=O)C(C)CSCCN(CC)CC)(CCC(=O)OCCOC(=O)C(C)CSCCN(CC)CC)CCCN1CCN(C)CC1,0.36221836350037956
N(CCC(=O)OCCOC(=O)C(C)CSCCN5CCCC5)(CCC(=O)OCCOC(=O)C(C)CSCCN5CCCC5)CCCN1CCN(C)CC1,0.43649658409904774
N(CCC(=O)OCCOC(=O)C(C)CSCCN5CCCCC5)(CCC(=O)OCCOC(=O)C(C)CSCCN5CCCCC5)CCCN1CCN(C)CC1,0.430641181651982
N(CCC(=O)OCCOC(=O)C(C)CSCCN5CCCCCC5)(CCC(=O)OCCOC(=O)C(C)CSCCN5CCCCCC5)CCCN1CCN(C)CC1,0.4232327214387342
N(CCC(=O)OCCOC(=O)C(C)CSCCN(CCC)CCC)(CCC(=O)OCCOC(=O)C(C)CSCCN(CCC)CCC)CCCN1CCN(C)CC1,0.3081545540820451
N(CCC(=O)OCCOC(=O)C(C)CSCCN(CCCC)CCCC)(CCC(=O)OCCOC(=O)C(C)CSCCN(CCCC)CCCC)CCCN1CCN(C)CC1,0.5211462439491716
N(CCC(=O)OCCOC(=O)C(C)CSCCCC(=O)N5CCN(CCO)CC5)(CCC(=O)OCCOC(=O)C(C)CSCCCC(=O)N5CCN(CCO)CC5)CCCN1CCN(C)CC1,0.36245603083774264
N(CCC(=O)OCCOC(=O)C(C)CSCCC(O)=O)(CCC(=O)OCCOC(=O)C(C)CSCCC(O)=O)CCCN1CCN(C)CC1,0.4358327833953952
N(CCC(=O)OCCOC(=O)C(C)CSCCCCCC(O)=O)(CCC(=O)OCCOC(=O)C(C)CSCCCCCC(O)=O)CCCN1CCN(C)CC1,0.483868568826895
N(CCC(=O)OCCOC(=O)C(C)CSCCCCCCCCCCC(O)=O)(CCC(=O)OCCOC(=O)C(C)CSCCCCCCCCCCC(O)=O)CCCN1CCN(C)CC1,0.5038283364314826
N(CCC(=O)OCCOC(=O)C(C)CSCCO)(CCC(=O)OCCOC(=O)C(C)CSCCO)CCCN1CCN(C)CC1,0.41154321129976745
N(CCC(=O)OCCOC(=O)C(C)CSCC(O)CO)(CCC(=O)OCCOC(=O)C(C)CSCC(O)CO)CCCN1CCN(C)CC1,0.32046536476295806
N(CCC(=O)OCCOC(=O)C(C)CSCCCO)(CCC(=O)OCCOC(=O)C(C)CSCCCO)CCCN1CCN(C)CC1,0.462682580719311
N(CCC(=O)OCCOC(=O)C(C)CSCCCCO)(CCC(=O)OCCOC(=O)C(C)CSCCCCO)CCCN1CCN(C)CC1,0.48338992825311533
N(CCC(=O)OCCOC(=O)C(C)CSCCCCCCO)(CCC(=O)OCCOC(=O)C(C)CSCCCCCCO)CCCN1CCN(C)CC1,0.497011006708458
N(CCC(=O)OCCOC(=O)C(C)CSCCCCCCCCCCCO)(CCC(=O)OCCOC(=O)C(C)CSCCCCCCCCCCCO)CCCN1CCN(C)CC1,0.5224423350754077
N(CCC(=O)OCCOC(=O)C(C)CSCC(C)C)(CCC(=O)OCCOC(=O)C(C)CSCC(C)C)CCN1CCCCC1,0.510316535609996
N(CCC(=O)OCCOC(=O)C(C)CSCCCCCCCCCC)(CCC(=O)OCCOC(=O)C(C)CSCCCCCCCCCC)CCN1CCCCC1,0.5906380290271692
N(CCC(=O)OCCOC(=O)C(C)CSCCCCCCCCCCC)(CCC(=O)OCCOC(=O)C(C)CSCCCCCCCCCCC)CCN1CCCCC1,0.5901013416312693
N(CCC(=O)OCCOC(=O)C(C)CSCCCCCCCCCCCC)(CCC(=O)OCCOC(=O)C(C)CSCCCCCCCCCCCC)CCN1CCCCC1,0.5896217777883846
N(CCC(=O)OCCOC(=O)C(C)CSCCCCCCCCCCCCCC)(CCC(=O)OCCOC(=O)C(C)CSCCCCCCCCCCCCCC)CCN1CCCCC1,0.5889564879410143
N(CCC(=O)OCCOC(=O)C(C)CSCCCCCCCCCCCCCCCC)(CCC(=O)OCCOC(=O)C(C)CSCCCCCCCCCCCCCCCC)CCN1CCCCC1,0.5880895680342519
N(CCC(=O)OCCOC(=O)C(C)CSCCCCCCCCCCCCCCCCCC)(CCC(=O)OCCOC(=O)C(C)CSCCCCCCCCCCCCCCCCCC)CCN1CCCCC1,0.5870886251928864
N(CCC(=O)OCCOC(=O)C(C)CSCCc5ccccc5)(CCC(=O)OCCOC(=O)C(C)CSCCc5ccccc5)CCN1CCCCC1,0.1382355123321922
N(CCC(=O)OCCOC(=O)C(C)CSCCC(C)C)(CCC(=O)OCCOC(=O)C(C)CSCCC(C)C)CCN1CCCCC1,0.498725398305028
N(CCC(=O)OCCOC(=O)C(C)CSCCCC)(CCC(=O)OCCOC(=O)C(C)CSCCCC)CCN1CCCCC1,0.5657020792093873
N(CCC(=O)OCCOC(=O)C(C)CSCCCCC)(CCC(=O)OCCOC(=O)C(C)CSCCCCC)CCN1CCCCC1,0.5807127074506961
N(CCC(=O)OCCOC(=O)C(C)CSCCCCCC)(CCC(=O)OCCOC(=O)C(C)CSCCCCCC)CCN1CCCCC1,0.5780701921405618
N(CCC(=O)OCCOC(=O)C(C)CSCCCCCCC)(CCC(=O)OCCOC(=O)C(C)CSCCCCCCC)CCN1CCCCC1,0.5836400066054253
N(CCC(=O)OCCOC(=O)C(C)CSCCCCCCCC)(CCC(=O)OCCOC(=O)C(C)CSCCCCCCCC)CCN1CCCCC1,0.5820470397876057
N(CCC(=O)OCCOC(=O)C(C)CSCCCCCCCCC)(CCC(=O)OCCOC(=O)C(C)CSCCCCCCCCC)CCN1CCCCC1,0.5912067627958766
N(CCC(=O)OCCOC(=O)C(C)CSCCN(C)C)(CCC(=O)OCCOC(=O)C(C)CSCCN(C)C)CCN1CCCCC1,0.38228085223862196
N(CCC(=O)OCCOC(=O)C(C)CSCCCC(=O)N(C)CCCN(C)C)(CCC(=O)OCCOC(=O)C(C)CSCCCC(=O)N(C)CCCN(C)C)CCN1CCCCC1,0.4414759232969238
N(CCC(=O)OCCOC(=O)C(C)CSCCCC(=O)N(C)CCN5(CCCCC5))(CCC(=O)OCCOC(=O)C(C)CSCCCC(=O)N(C)CCN5(CCCCC5))CCN1CCCCC1,0.4619606140620407
N(CCC(=O)OCCOC(=O)C(C)CSCCNCCCC)(CCC(=O)OCCOC(=O)C(C)CSCCNCCCC)CCN1CCCCC1,0.5510686212889264
N(CCC(=O)OCCOC(=O)C(C)CSCCN(CC)CC)(CCC(=O)OCCOC(=O)C(C)CSCCN(CC)CC)CCN1CCCCC1,0.3902028585543949
N(CCC(=O)OCCOC(=O)C(C)CSCCN5CCCC5)(CCC(=O)OCCOC(=O)C(C)CSCCN5CCCC5)CCN1CCCCC1,0.46524128702100687
N(CCC(=O)OCCOC(=O)C(C)CSCCN5CCCCC5)(CCC(=O)OCCOC(=O)C(C)CSCCN5CCCCC5)CCN1CCCCC1,0.45691822451915237
N(CCC(=O)OCCOC(=O)C(C)CSCCN5CCCCCC5)(CCC(=O)OCCOC(=O)C(C)CSCCN5CCCCCC5)CCN1CCCCC1,0.4473524120190338
N(CCC(=O)OCCOC(=O)C(C)CSCCN(CCC)CCC)(CCC(=O)OCCOC(=O)C(C)CSCCN(CCC)CCC)CCN1CCCCC1,0.3316122904969023
N(CCC(=O)OCCOC(=O)C(C)CSCCN(CCCC)CCCC)(CCC(=O)OCCOC(=O)C(C)CSCCN(CCCC)CCCC)CCN1CCCCC1,0.5490832353185887
N(CCC(=O)OCCOC(=O)C(C)CSCCCC(=O)N5CCN(CCO)CC5)(CCC(=O)OCCOC(=O)C(C)CSCCCC(=O)N5CCN(CCO)CC5)CCN1CCCCC1,0.3863085094693178
N(CCC(=O)OCCOC(=O)C(C)CSCCC(O)=O)(CCC(=O)OCCOC(=O)C(C)CSCCC(O)=O)CCN1CCCCC1,0.4724044256981821
N(CCC(=O)OCCOC(=O)C(C)CSCCCCCC(O)=O)(CCC(=O)OCCOC(=O)C(C)CSCCCCCC(O)=O)CCN1CCCCC1,0.5145061521114412
N(CCC(=O)OCCOC(=O)C(C)CSCCCCCCCCCCC(O)=O)(CCC(=O)OCCOC(=O)C(C)CSCCCCCCCCCCC(O)=O)CCN1CCCCC1,0.5294501262799407
N(CCC(=O)OCCOC(=O)C(C)CSCCO)(CCC(=O)OCCOC(=O)C(C)CSCCO)CCN1CCCCC1,0.4479024421426454
N(CCC(=O)OCCOC(=O)C(C)CSCC(O)CO)(CCC(=O)OCCOC(=O)C(C)CSCC(O)CO)CCN1CCCCC1,0.34801371940490017
N(CCC(=O)OCCOC(=O)C(C)CSCCCO)(CCC(=O)OCCOC(=O)C(C)CSCCCO)CCN1CCCCC1,0.4939511439799692
N(CCC(=O)OCCOC(=O)C(C)CSCCCCO)(CCC(=O)OCCOC(=O)C(C)CSCCCCO)CCN1CCCCC1,0.5166055469248146
N(CCC(=O)OCCOC(=O)C(C)CSCCCCCCO)(CCC(=O)OCCOC(=O)C(C)CSCCCCCCO)CCN1CCCCC1,0.5281302684199682
N(CCC(=O)OCCOC(=O)C(C)CSCCCCCCCCCCCO)(CCC(=O)OCCOC(=O)C(C)CSCCCCCCCCCCCO)CCN1CCCCC1,0.5494377706549257
N(CCC(=O)OCCOC(=O)C(C)CSCC(C)C)(CCC(=O)OCCOC(=O)C(C)CSCC(C)C)CCc1ncccc1,0.3292886306396261
N(CCC(=O)OCCOC(=O)C(C)CSCCCCCCCCCC)(CCC(=O)OCCOC(=O)C(C)CSCCCCCCCCCC)CCc1ncccc1,0.45866189268121454
N(CCC(=O)OCCOC(=O)C(C)CSCCCCCCCCCCC)(CCC(=O)OCCOC(=O)C(C)CSCCCCCCCCCCC)CCc1ncccc1,0.46390683555259987
N(CCC(=O)OCCOC(=O)C(C)CSCCCCCCCCCCCC)(CCC(=O)OCCOC(=O)C(C)CSCCCCCCCCCCCC)CCc1ncccc1,0.46875956775158745
N(CCC(=O)OCCOC(=O)C(C)CSCCCCCCCCCCCCCC)(CCC(=O)OCCOC(=O)C(C)CSCCCCCCCCCCCCCC)CCc1ncccc1,0.47696504746548335
N(CCC(=O)OCCOC(=O)C(C)CSCCCCCCCCCCCCCCCC)(CCC(=O)OCCOC(=O)C(C)CSCCCCCCCCCCCCCCCC)CCc1ncccc1,0.4842252187473113
N(CCC(=O)OCCOC(=O)C(C)CSCCCCCCCCCCCCCCCCCC)(CCC(=O)OCCOC(=O)C(C)CSCCCCCCCCCCCCCCCCCC)CCc1ncccc1,0.4906664503329649
N(CCC(=O)OCCOC(=O)C(C)CSCCc5ccccc5)(CCC(=O)OCCOC(=O)C(C)CSCCc5ccccc5)CCc1ncccc1,0.025062641073837485
N(CCC(=O)OCCOC(=O)C(C)CSCCC(C)C)(CCC(=O)OCCOC(=O)C(C)CSCCC(C)C)CCc1ncccc1,0.325167157354708
N(CCC(=O)OCCOC(=O)C(C)CSCCCC)(CCC(=O)OCCOC(=O)C(C)CSCCCC)CCc1ncccc1,0.39066526746165037
N(CCC(=O)OCCOC(=O)C(C)CSCCCCC)(CCC(=O)OCCOC(=O)C(C)CSCCCCC)CCc1ncccc1,0.41401593444319673
N(CCC(=O)OCCOC(=O)C(C)CSCCCCCC)(CCC(=O)OCCOC(=O)C(C)CSCCCCCC)CCc1ncccc1,0.4197542008454193
N(CCC(=O)OCCOC(=O)C(C)CSCCCCCCC)(CCC(=O)OCCOC(=O)C(C)CSCCCCCCC)CCc1ncccc1,0.43273643664581996
N(CCC(=O)OCCOC(=O)C(C)CSCCCCCCCC)(CCC(=O)OCCOC(=O)C(C)CSCCCCCCCC)CCc1ncccc1,0.43801557025696625
N(CCC(=O)OCCOC(=O)C(C)CSCCCCCCCCC)(CCC(=O)OCCOC(=O)C(C)CSCCCCCCCCC)CCc1ncccc1,0.45304341299965295
N(CCC(=O)OCCOC(=O)C(C)CSCCN(C)C)(CCC(=O)OCCOC(=O)C(C)CSCCN(C)C)CCc1ncccc1,0.2122363054562317
N(CCC(=O)OCCOC(=O)C(C)CSCCCC(=O)N(C)CCCN(C)C)(CCC(=O)OCCOC(=O)C(C)CSCCCC(=O)N(C)CCCN(C)C)CCc1ncccc1,0.3126521255043342
N(CCC(=O)OCCOC(=O)C(C)CSCCCC(=O)N(C)CCN5(CCCCC5))(CCC(=O)OCCOC(=O)C(C)CSCCCC(=O)N(C)CCN5(CCCCC5))CCc1ncccc1,0.3428922265477216
N(CCC(=O)OCCOC(=O)C(C)CSCCNCCCC)(CCC(=O)OCCOC(=O)C(C)CSCCNCCCC)CCc1ncccc1,0.39954294664976736
N(CCC(=O)OCCOC(=O)C(C)CSCCN(CC)CC)(CCC(=O)OCCOC(=O)C(C)CSCCN(CC)CC)CCc1ncccc1,0.232345851135957
N(CCC(=O)OCCOC(=O)C(C)CSCCN5CCCC5)(CCC(=O)OCCOC(=O)C(C)CSCCN5CCCC5)CCc1ncccc1,0.30923737004501606
N(CCC(=O)OCCOC(=O)C(C)CSCCN5CCCCC5)(CCC(=O)OCCOC(=O)C(C)CSCCN5CCCCC5)CCc1ncccc1,0.3071611760907661
N(CCC(=O)OCCOC(=O)C(C)CSCCN5CCCCCC5)(CCC(=O)OCCOC(=O)C(C)CSCCN5CCCCCC5)CCc1ncccc1,0.30310022160654
N(CCC(=O)OCCOC(=O)C(C)CSCCN(CCC)CCC)(CCC(=O)OCCOC(=O)C(C)CSCCN(CCC)CCC)CCc1ncccc1,0.18739762650609737
N(CCC(=O)OCCOC(=O)C(C)CSCCN(CCCC)CCCC)(CCC(=O)OCCOC(=O)C(C)CSCCN(CCCC)CCCC)CCc1ncccc1,0.4178609035225912
N(CCC(=O)OCCOC(=O)C(C)CSCCCC(=O)N5CCN(CCO)CC5)(CCC(=O)OCCOC(=O)C(C)CSCCCC(=O)N5CCN(CCO)CC5)CCc1ncccc1,0.2608902046621215
N(CCC(=O)OCCOC(=O)C(C)CSCCC(O)=O)(CCC(=O)OCCOC(=O)C(C)CSCCC(O)=O)CCc1ncccc1,0.29702046476694843
N(CCC(=O)OCCOC(=O)C(C)CSCCCCCC(O)=O)(CCC(=O)OCCOC(=O)C(C)CSCCCCCC(O)=O)CCc1ncccc1,0.36240691887792914
N(CCC(=O)OCCOC(=O)C(C)CSCCCCCCCCCCC(O)=O)(CCC(=O)OCCOC(=O)C(C)CSCCCCCCCCCCC(O)=O)CCc1ncccc1,0.4054095772404654
N(CCC(=O)OCCOC(=O)C(C)CSCCO)(CCC(=O)OCCOC(=O)C(C)CSCCO)CCc1ncccc1,0.2591944571448985
N(CCC(=O)OCCOC(=O)C(C)CSCC(O)CO)(CCC(=O)OCCOC(=O)C(C)CSCC(O)CO)CCc1ncccc1,0.18224444467060374
N(CCC(=O)OCCOC(=O)C(C)CSCCCO)(CCC(=O)OCCOC(=O)C(C)CSCCCO)CCc1ncccc1,0.31743040051743104
N(CCC(=O)OCCOC(=O)C(C)CSCCCCO)(CCC(=O)OCCOC(=O)C(C)CSCCCCO)CCc1ncccc1,0.3476331240535014
N(CCC(=O)OCCOC(=O)C(C)CSCCCCCCO)(CCC(=O)OCCOC(=O)C(C)CSCCCCCCO)CCc1ncccc1,0.37506684441204624
N(CCC(=O)OCCOC(=O)C(C)CSCCCCCCCCCCCO)(CCC(=O)OCCOC(=O)C(C)CSCCCCCCCCCCCO)CCc1ncccc1,0.42715411337372683
N(CCC(=O)OCCOC(=O)C(C)CSCC(C)C)(CCC(=O)OCCOC(=O)C(C)CSCC(C)C)CCN1CCCC1,0.5170532430921382
N(CCC(=O)OCCOC(=O)C(C)CSCCCCCCCCCC)(CCC(=O)OCCOC(=O)C(C)CSCCCCCCCCCC)CCN1CCCC1,0.5979204183332669
N(CCC(=O)OCCOC(=O)C(C)CSCCCCCCCCCCC)(CCC(=O)OCCOC(=O)C(C)CSCCCCCCCCCCC)CCN1CCCC1,0.5971546410678186
N(CCC(=O)OCCOC(=O)C(C)CSCCCCCCCCCCCC)(CCC(=O)OCCOC(=O)C(C)CSCCCCCCCCCCCC)CCN1CCCC1,0.5964399116490168
N(CCC(=O)OCCOC(=O)C(C)CSCCCCCCCCCCCCCC)(CCC(=O)OCCOC(=O)C(C)CSCCCCCCCCCCCCCC)CCN1CCCC1,0.5951061749695943
N(CCC(=O)OCCOC(=O)C(C)CSCCCCCCCCCCCCCCCC)(CCC(=O)OCCOC(=O)C(C)CSCCCCCCCCCCCCCCCC)CCN1CCCC1,0.5933492236455692
N(CCC(=O)OCCOC(=O)C(C)CSCCCCCCCCCCCCCCCCCC)(CCC(=O)OCCOC(=O)C(C)CSCCCCCCCCCCCCCCCCCC)CCN1CCCC1,0.5920263874981612
N(CCC(=O)OCCOC(=O)C(C)CSCCc5ccccc5)(CCC(=O)OCCOC(=O)C(C)CSCCc5ccccc5)CCN1CCCC1,0.13676286832677206
N(CCC(=O)OCCOC(=O)C(C)CSCCC(C)C)(CCC(=O)OCCOC(=O)C(C)CSCCC(C)C)CCN1CCCC1,0.5048355932422116
N(CCC(=O)OCCOC(=O)C(C)CSCCCC)(CCC(=O)OCCOC(=O)C(C)CSCCCC)CCN1CCCC1,0.5745296636028371
N(CCC(=O)OCCOC(=O)C(C)CSCCCCC)(CCC(=O)OCCOC(=O)C(C)CSCCCCC)CCN1CCCC1,0.5895671559968152
N(CCC(=O)OCCOC(=O)C(C)CSCCCCCC)(CCC(=O)OCCOC(=O)C(C)CSCCCCCC)CCN1CCCC1,0.5864218462017983
N(CCC(=O)OCCOC(=O)C(C)CSCCCCCCC)(CCC(=O)OCCOC(=O)C(C)CSCCCCCCC)CCN1CCCC1,0.5917699569499537
N(CCC(=O)OCCOC(=O)C(C)CSCCCCCCCC)(CCC(=O)OCCOC(=O)C(C)CSCCCCCCCC)CCN1CCCC1,0.5898157834319414
N(CCC(=O)OCCOC(=O)C(C)CSCCCCCCCCC)(CCC(=O)OCCOC(=O)C(C)CSCCCCCCCCC)CCN1CCCC1,0.5987427830599923
N(CCC(=O)OCCOC(=O)C(C)CSCCN(C)C)(CCC(=O)OCCOC(=O)C(C)CSCCN(C)C)CCN1CCCC1,0.38574132441007697
N(CCC(=O)OCCOC(=O)C(C)CSCCCC(=O)N(C)CCCN(C)C)(CCC(=O)OCCOC(=O)C(C)CSCCCC(=O)N(C)CCCN(C)C)CCN1CCCC1,0.44479838162861185
N(CCC(=O)OCCOC(=O)C(C)CSCCCC(=O)N(C)CCN5(CCCCC5))(CCC(=O)OCCOC(=O)C(C)CSCCCC(=O)N(C)CCN5(CCCCC5))CCN1CCCC1,0.46553396332730596
N(CCC(=O)OCCOC(=O)C(C)CSCCNCCCC)(CCC(=O)OCCOC(=O)C(C)CSCCNCCCC)CCN1CCCC1,0.5580456170013749
N(CCC(=O)OCCOC(=O)C(C)CSCCN(CC)CC)(CCC(=O)OCCOC(=O)C(C)CSCCN(CC)CC)CCN1CCCC1,0.393280382527377
N(CCC(=O)OCCOC(=O)C(C)CSCCN5CCCC5)(CCC(=O)OCCOC(=O)C(C)CSCCN5CCCC5)CCN1CCCC1,0.4699615747777321
N(CCC(=O)OCCOC(=O)C(C)CSCCN5CCCCC5)(CCC(=O)OCCOC(=O)C(C)CSCCN5CCCCC5)CCN1CCCC1,0.46135551540374437
N(CCC(=O)OCCOC(=O)C(C)CSCCN5CCCCCC5)(CCC(=O)OCCOC(=O)C(C)CSCCN5CCCCCC5)CCN1CCCC1,0.4515447685449198
N(CCC(=O)OCCOC(=O)C(C)CSCCN(CCC)CCC)(CCC(=O)OCCOC(=O)C(C)CSCCN(CCC)CCC)CCN1CCCC1,0.3336032458647446
N(CCC(=O)OCCOC(=O)C(C)CSCCN(CCCC)CCCC)(CCC(=O)OCCOC(=O)C(C)CSCCN(CCCC)CCCC)CCN1CCCC1,0.5551831849469938
N(CCC(=O)OCCOC(=O)C(C)CSCCCC(=O)N5CCN(CCO)CC5)(CCC(=O)OCCOC(=O)C(C)CSCCCC(=O)N5CCN(CCO)CC5)CCN1CCCC1,0.38834583677253276
N(CCC(=O)OCCOC(=O)C(C)CSCCC(O)=O)(CCC(=O)OCCOC(=O)C(C)CSCCC(O)=O)CCN1CCCC1,0.4785321925312359
N(CCC(=O)OCCOC(=O)C(C)CSCCCCCC(O)=O)(CCC(=O)OCCOC(=O)C(C)CSCCCCCC(O)=O)CCN1CCCC1,0.5204612378389774
N(CCC(=O)OCCOC(=O)C(C)CSCCCCCCCCCCC(O)=O)(CCC(=O)OCCOC(=O)C(C)CSCCCCCCCCCCC(O)=O)CCN1CCCC1,0.5346403282282591
N(CCC(=O)OCCOC(=O)C(C)CSCCO)(CCC(=O)OCCOC(=O)C(C)CSCCO)CCN1CCCC1,0.45371257462068965
N(CCC(=O)OCCOC(=O)C(C)CSCC(O)CO)(CCC(=O)OCCOC(=O)C(C)CSCC(O)CO)CCN1CCCC1,0.35102747824388547
N(CCC(=O)OCCOC(=O)C(C)CSCCCO)(CCC(=O)OCCOC(=O)C(C)CSCCCO)CCN1CCCC1,0.5008427521916383
N(CCC(=O)OCCOC(=O)C(C)CSCCCCO)(CCC(=O)OCCOC(=O)C(C)CSCCCCO)CCN1CCCC1,0.5235758117076587
N(CCC(=O)OCCOC(=O)C(C)CSCCCCCCO)(CCC(=O)OCCOC(=O)C(C)CSCCCCCCO)CCN1CCCC1,0.534351493912752
N(CCC(=O)OCCOC(=O)C(C)CSCCCCCCCCCCCO)(CCC(=O)OCCOC(=O)C(C)CSCCCCCCCCCCCO)CCN1CCCC1,0.5547460319171924
N(CCC(=O)OCCOC(=O)C(C)CSCC(C)C)(CCC(=O)OCCOC(=O)C(C)CSCC(C)C)CCC1N(C)CCC1,0.4436425380577194
N(CCC(=O)OCCOC(=O)C(C)CSCCCCCCCCCC)(CCC(=O)OCCOC(=O)C(C)CSCCCCCCCCCC)CCC1N(C)CCC1,0.5365693650003147
N(CCC(=O)OCCOC(=O)C(C)CSCCCCCCCCCCC)(CCC(=O)OCCOC(=O)C(C)CSCCCCCCCCCCC)CCC1N(C)CCC1,0.5382423286186552
N(CCC(=O)OCCOC(=O)C(C)CSCCCCCCCCCCCC)(CCC(=O)OCCOC(=O)C(C)CSCCCCCCCCCCCC)CCC1N(C)CCC1,0.5398054529963696
N(CCC(=O)OCCOC(=O)C(C)CSCCCCCCCCCCCCCC)(CCC(=O)OCCOC(=O)C(C)CSCCCCCCCCCCCCCC)CCC1N(C)CCC1,0.5427301312581553
N(CCC(=O)OCCOC(=O)C(C)CSCCCCCCCCCCCCCCCC)(CCC(=O)OCCOC(=O)C(C)CSCCCCCCCCCCCCCCCC)CCC1N(C)CCC1,0.5454089816750044
N(CCC(=O)OCCOC(=O)C(C)CSCCCCCCCCCCCCCCCCCC)(CCC(=O)OCCOC(=O)C(C)CSCCCCCCCCCCCCCCCCCC)CCC1N(C)CCC1,0.5470535324312089
N(CCC(=O)OCCOC(=O)C(C)CSCCc5ccccc5)(CCC(=O)OCCOC(=O)C(C)CSCCc5ccccc5)CCC1N(C)CCC1,0.08358149569273952
N(CCC(=O)OCCOC(=O)C(C)CSCCC(C)C)(CCC(=O)OCCOC(=O)C(C)CSCCC(C)C)CCC1N(C)CCC1,0.4340290133928821
N(CCC(=O)OCCOC(=O)C(C)CSCCCC)(CCC(=O)OCCOC(=O)C(C)CSCCCC)CCC1N(C)CCC1,0.49912463773577376
N(CCC(=O)OCCOC(=O)C(C)CSCCCCC)(CCC(=O)OCCOC(=O)C(C)CSCCCCC)CCC1N(C)CCC1,0.5153451356820573
N(CCC(=O)OCCOC(=O)C(C)CSCCCCCC)(CCC(=O)OCCOC(=O)C(C)CSCCCCCC)CCC1N(C)CCC1,0.5156654207128847
N(CCC(=O)OCCOC(=O)C(C)CSCCCCCCC)(CCC(=O)OCCOC(=O)C(C)CSCCCCCCC)CCC1N(C)CCC1,0.523219132004368
N(CCC(=O)OCCOC(=O)C(C)CSCCCCCCCC)(CCC(=O)OCCOC(=O)C(C)CSCCCCCCCC)CCC1N(C)CCC1,0.5240551968532972
N(CCC(=O)OCCOC(=O)C(C)CSCCCCCCCCC)(CCC(=O)OCCOC(=O)C(C)CSCCCCCCCCC)CCC1N(C)CCC1,0.5347692285084731
N(CCC(=O)OCCOC(=O)C(C)CSCCN(C)C)(CCC(=O)OCCOC(=O)C(C)CSCCN(C)C)CCC1N(C)CCC1,0.31392879819649006
N(CCC(=O)OCCOC(=O)C(C)CSCCCC(=O)N(C)CCCN(C)C)(CCC(=O)OCCOC(=O)C(C)CSCCCC(=O)N(C)CCCN(C)C)CCC1N(C)CCC1,0.3911189202038451
N(CCC(=O)OCCOC(=O)C(C)CSCCCC(=O)N(C)CCN5(CCCCC5))(CCC(=O)OCCOC(=O)C(C)CSCCCC(=O)N(C)CCN5(CCCCC5))CCC1N(C)CCC1,0.4165431900295724
N(CCC(=O)OCCOC(=O)C(C)CSCCNCCCC)(CCC(=O)OCCOC(=O)C(C)CSCCNCCCC)CCC1N(C)CCC1,0.49276107988644136
N(CCC(=O)OCCOC(=O)C(C)CSCCN(CC)CC)(CCC(=O)OCCOC(=O)C(C)CSCCN(CC)CC)CCC1N(C)CCC1,0.3268606413734799
N(CCC(=O)OCCOC(=O)C(C)CSCCN5CCCC5)(CCC(=O)OCCOC(=O)C(C)CSCCN5CCCC5)CCC1N(C)CCC1,0.405719855225509
N(CCC(=O)OCCOC(=O)C(C)CSCCN5CCCCC5)(CCC(=O)OCCOC(=O)C(C)CSCCN5CCCCC5)CCC1N(C)CCC1,0.40087328808151323
N(CCC(=O)OCCOC(=O)C(C)CSCCN5CCCCCC5)(CCC(=O)OCCOC(=O)C(C)CSCCN5CCCCCC5)CCC1N(C)CCC1,0.3941029855170972
N(CCC(=O)OCCOC(=O)C(C)CSCCN(CCC)CCC)(CCC(=O)OCCOC(=O)C(C)CSCCN(CCC)CCC)CCC1N(C)CCC1,0.27308635127676273
N(CCC(=O)OCCOC(=O)C(C)CSCCN(CCCC)CCCC)(CCC(=O)OCCOC(=O)C(C)CSCCN(CCCC)CCCC)CCC1N(C)CCC1,0.49860861965467707
N(CCC(=O)OCCOC(=O)C(C)CSCCCC(=O)N5CCN(CCO)CC5)(CCC(=O)OCCOC(=O)C(C)CSCCCC(=O)N5CCN(CCO)CC5)CCC1N(C)CCC1,0.3361142995674704
N(CCC(=O)OCCOC(=O)C(C)CSCCC(O)=O)(CCC(=O)OCCOC(=O)C(C)CSCCC(O)=O)CCC1N(C)CCC1,0.4017913749664196
N(CCC(=O)OCCOC(=O)C(C)CSCCCCCC(O)=O)(CCC(=O)OCCOC(=O)C(C)CSCCCCCC(O)=O)CCC1N(C)CCC1,0.45577080950170273
N(CCC(=O)OCCOC(=O)C(C)CSCCCCCCCCCCC(O)=O)(CCC(=O)OCCOC(=O)C(C)CSCCCCCCCCCCC(O)=O)CCC1N(C)CCC1,0.48187537974347594
N(CCC(=O)OCCOC(=O)C(C)CSCCO)(CCC(=O)OCCOC(=O)C(C)CSCCO)CCC1N(C)CCC1,0.37462531329971455
N(CCC(=O)OCCOC(=O)C(C)CSCC(O)CO)(CCC(=O)OCCOC(=O)C(C)CSCC(O)CO)CCC1N(C)CCC1,0.28474634658724246
N(CCC(=O)OCCOC(=O)C(C)CSCCCO)(CCC(=O)OCCOC(=O)C(C)CSCCCO)CCC1N(C)CCC1,0.42783399682953177
N(CCC(=O)OCCOC(=O)C(C)CSCCCCO)(CCC(=O)OCCOC(=O)C(C)CSCCCCO)CCC1N(C)CCC1,0.4517428842251377
N(CCC(=O)OCCOC(=O)C(C)CSCCCCCCO)(CCC(=O)OCCOC(=O)C(C)CSCCCCCCO)CCC1N(C)CCC1,0.46935805461177665
N(CCC(=O)OCCOC(=O)C(C)CSCCCCCCCCCCCO)(CCC(=O)OCCOC(=O)C(C)CSCCCCCCCCCCCO)CCC1N(C)CCC1,0.501175188635203
N(CCC(=O)OCCOC(=O)C(C)CSCC(C)C)(CCC(=O)OCCOC(=O)C(C)CSCC(C)C)CCN1CCOCC1,-0.13127975454635307
N(CCC(=O)OCCOC(=O)C(C)CSCCCCCCCCCC)(CCC(=O)OCCOC(=O)C(C)CSCCCCCCCCCC)CCN1CCOCC1,0.05701466173522334
N(CCC(=O)OCCOC(=O)C(C)CSCCCCCCCCCCC)(CCC(=O)OCCOC(=O)C(C)CSCCCCCCCCCCC)CCN1CCOCC1,0.0745897778787124
N(CCC(=O)OCCOC(=O)C(C)CSCCCCCCCCCCCC)(CCC(=O)OCCOC(=O)C(C)CSCCCCCCCCCCCC)CCN1CCOCC1,0.09086698241777029
N(CCC(=O)OCCOC(=O)C(C)CSCCCCCCCCCCCCCC)(CCC(=O)OCCOC(=O)C(C)CSCCCCCCCCCCCCCC)CCN1CCOCC1,0.12114276334463656
N(CCC(=O)OCCOC(=O)C(C)CSCCCCCCCCCCCCCCCC)(CCC(=O)OCCOC(=O)C(C)CSCCCCCCCCCCCCCCCC)CCN1CCOCC1,0.148443532952055
N(CCC(=O)OCCOC(=O)C(C)CSCCCCCCCCCCCCCCCCCC)(CCC(=O)OCCOC(=O)C(C)CSCCCCCCCCCCCCCCCCCC)CCN1CCOCC1,0.17235843648828092
N(CCC(=O)OCCOC(=O)C(C)CSCCc5ccccc5)(CCC(=O)OCCOC(=O)C(C)CSCCc5ccccc5)CCN1CCOCC1,-0.3153484612056238
N(CCC(=O)OCCOC(=O)C(C)CSCCC(C)C)(CCC(=O)OCCOC(=O)C(C)CSCCC(C)C)CCN1CCOCC1,-0.1181074444418107
N(CCC(=O)OCCOC(=O)C(C)CSCCCC)(CCC(=O)OCCOC(=O)C(C)CSCCCC)CCN1CCOCC1,-0.09095672095539913
N(CCC(=O)OCCOC(=O)C(C)CSCCCCC)(CCC(=O)OCCOC(=O)C(C)CSCCCCC)CCN1CCOCC1,-0.05620025921886312
N(CCC(=O)OCCOC(=O)C(C)CSCCCCCC)(CCC(=O)OCCOC(=O)C(C)CSCCCCCC)CCN1CCOCC1,-0.03561904215795759
N(CCC(=O)OCCOC(=O)C(C)CSCCCCCCC)(CCC(=O)OCCOC(=O)C(C)CSCCCCCCC)CCN1CCOCC1,-0.008604425476639354
N(CCC(=O)OCCOC(=O)C(C)CSCCCCCCCC)(CCC(=O)OCCOC(=O)C(C)CSCCCCCCCC)CCN1CCOCC1,0.011097601133269087
N(CCC(=O)OCCOC(=O)C(C)CSCCCCCCCCC)(CCC(=O)OCCOC(=O)C(C)CSCCCCCCCCC)CCN1CCOCC1,0.03817869132872088
N(CCC(=O)OCCOC(=O)C(C)CSCCN(C)C)(CCC(=O)OCCOC(=O)C(C)CSCCN(C)C)CCN1CCOCC1,-0.2036636949873394
N(CCC(=O)OCCOC(=O)C(C)CSCCCC(=O)N(C)CCCN(C)C)(CCC(=O)OCCOC(=O)C(C)CSCCCC(=O)N(C)CCCN(C)C)CCN1CCOCC1,-0.03324933797692661
N(CCC(=O)OCCOC(=O)C(C)CSCCCC(=O)N(C)CCN5(CCCCC5))(CCC(=O)OCCOC(=O)C(C)CSCCCC(=O)N(C)CCN5(CCCCC5))CCN1CCOCC1,0.007519903568347798
N(CCC(=O)OCCOC(=O)C(C)CSCCNCCCC)(CCC(=O)OCCOC(=O)C(C)CSCCNCCCC)CCN1CCOCC1,-0.03756713996960121
N(CCC(=O)OCCOC(=O)C(C)CSCCN(CC)CC)(CCC(=O)OCCOC(=O)C(C)CSCCN(CC)CC)CCN1CCOCC1,-0.15546848182941053
N(CCC(=O)OCCOC(=O)C(C)CSCCN5CCCC5)(CCC(=O)OCCOC(=O)C(C)CSCCN5CCCC5)CCN1CCOCC1,-0.10397034790537131
N(CCC(=O)OCCOC(=O)C(C)CSCCN5CCCCC5)(CCC(=O)OCCOC(=O)C(C)CSCCN5CCCCC5)CCN1CCOCC1,-0.09172228974072705
N(CCC(=O)OCCOC(=O)C(C)CSCCN5CCCCCC5)(CCC(=O)OCCOC(=O)C(C)CSCCN5CCCCCC5)CCN1CCOCC1,-0.08207841632692069
N(CCC(=O)OCCOC(=O)C(C)CSCCN(CCC)CCC)(CCC(=O)OCCOC(=O)C(C)CSCCN(CCC)CCC)CCN1CCOCC1,-0.16497064832702976
N(CCC(=O)OCCOC(=O)C(C)CSCCN(CCCC)CCCC)(CCC(=O)OCCOC(=O)C(C)CSCCN(CCCC)CCCC)CCN1CCOCC1,0.03159709305622619
N(CCC(=O)OCCOC(=O)C(C)CSCCCC(=O)N5CCN(CCO)CC5)(CCC(=O)OCCOC(=O)C(C)CSCCCC(=O)N5CCN(CCO)CC5)CCN1CCOCC1,-0.06740680654440932
N(CCC(=O)OCCOC(=O)C(C)CSCCC(O)=O)(CCC(=O)OCCOC(=O)C(C)CSCCC(O)=O)CCN1CCOCC1,-0.15180640938143794
N(CCC(=O)OCCOC(=O)C(C)CSCCCCCC(O)=O)(CCC(=O)OCCOC(=O)C(C)CSCCCCCC(O)=O)CCN1CCOCC1,-0.05540154209437667
N(CCC(=O)OCCOC(=O)C(C)CSCCCCCCCCCCC(O)=O)(CCC(=O)OCCOC(=O)C(C)CSCCCCCCCCCCC(O)=O)CCN1CCOCC1,0.04730889950850465
N(CCC(=O)OCCOC(=O)C(C)CSCCO)(CCC(=O)OCCOC(=O)C(C)CSCCO)CCN1CCOCC1,-0.2201162015248583
N(CCC(=O)OCCOC(=O)C(C)CSCC(O)CO)(CCC(=O)OCCOC(=O)C(C)CSCC(O)CO)CCN1CCOCC1,-0.2345670010768923
N(CCC(=O)OCCOC(=O)C(C)CSCCCO)(CCC(=O)OCCOC(=O)C(C)CSCCCO)CCN1CCOCC1,-0.1530357273033673
N(CCC(=O)OCCOC(=O)C(C)CSCCCCO)(CCC(=O)OCCOC(=O)C(C)CSCCCCO)CCN1CCOCC1,-0.11042277785178285
N(CCC(=O)OCCOC(=O)C(C)CSCCCCCCO)(CCC(=O)OCCOC(=O)C(C)CSCCCCCCO)CCN1CCOCC1,-0.05803011901931235
N(CCC(=O)OCCOC(=O)C(C)CSCCCCCCCCCCCO)(CCC(=O)OCCOC(=O)C(C)CSCCCCCCCCCCCO)CCN1CCOCC1,0.05287796940150922
N(CCC(=O)OCCOC(=O)C(C)CSCC(C)C)(CCC(=O)OCCOC(=O)C(C)CSCC(C)C)CCCN1C=NC=C1,0.21263846360866442
N(CCC(=O)OCCOC(=O)C(C)CSCCCCCCCCCC)(CCC(=O)OCCOC(=O)C(C)CSCCCCCCCCCC)CCCN1C=NC=C1,0.36431165282451
N(CCC(=O)OCCOC(=O)C(C)CSCCCCCCCCCCC)(CCC(=O)OCCOC(=O)C(C)CSCCCCCCCCCCC)CCCN1C=NC=C1,0.37303088712105165
N(CCC(=O)OCCOC(=O)C(C)CSCCCCCCCCCCCC)(CCC(=O)OCCOC(=O)C(C)CSCCCCCCCCCCCC)CCCN1C=NC=C1,0.38106541313614256
N(CCC(=O)OCCOC(=O)C(C)CSCCCCCCCCCCCCCC)(CCC(=O)OCCOC(=O)C(C)CSCCCCCCCCCCCCCC)CCCN1C=NC=C1,0.3950456134904731
N(CCC(=O)OCCOC(=O)C(C)CSCCCCCCCCCCCCCCCC)(CCC(=O)OCCOC(=O)C(C)CSCCCCCCCCCCCCCCCC)CCCN1C=NC=C1,0.4072423855454759
N(CCC(=O)OCCOC(=O)C(C)CSCCCCCCCCCCCCCCCCCC)(CCC(=O)OCCOC(=O)C(C)CSCCCCCCCCCCCCCCCCCC)CCCN1C=NC=C1,0.4179234475587394
N(CCC(=O)OCCOC(=O)C(C)CSCCc5ccccc5)(CCC(=O)OCCOC(=O)C(C)CSCCc5ccccc5)CCCN1C=NC=C1,-0.04817157064714599
N(CCC(=O)OCCOC(=O)C(C)CSCCC(C)C)(CCC(=O)OCCOC(=O)C(C)CSCCC(C)C)CCCN1C=NC=C1,0.21317029639604432
N(CCC(=O)OCCOC(=O)C(C)CSCCCC)(CCC(=O)OCCOC(=O)C(C)CSCCCC)CCCN1C=NC=C1,0.27054265554374246
N(CCC(=O)OCCOC(=O)C(C)CSCCCCC)(CCC(=O)OCCOC(=O)C(C)CSCCCCC)CCCN1C=NC=C1,0.29920122639306324
N(CCC(=O)OCCOC(=O)C(C)CSCCCCCC)(CCC(=O)OCCOC(=O)C(C)CSCCCCCC)CCCN1C=NC=C1,0.3094989828133615
N(CCC(=O)OCCOC(=O)C(C)CSCCCCCCC)(CCC(=O)OCCOC(=O)C(C)CSCCCCCCC)CCCN1C=NC=C1,0.32666344896236704
N(CCC(=O)OCCOC(=O)C(C)CSCCCCCCCC)(CCC(=O)OCCOC(=O)C(C)CSCCCCCCCC)CCCN1C=NC=C1,0.33594012931823497
N(CCC(=O)OCCOC(=O)C(C)CSCCCCCCCCC)(CCC(=O)OCCOC(=O)C(C)CSCCCCCCCCC)CCCN1C=NC=C1,0.3549216784145909
N(CCC(=O)OCCOC(=O)C(C)CSCCN(C)C)(CCC(=O)OCCOC(=O)C(C)CSCCN(C)C)CCCN1C=NC=C1,0.10311810821847325
N(CCC(=O)OCCOC(=O)C(C)CSCCCC(=O)N(C)CCCN(C)C)(CCC(=O)OCCOC(=O)C(C)CSCCCC(=O)N(C)CCCN(C)C)CCCN1C=NC=C1,0.22736150841518907
N(CCC(=O)OCCOC(=O)C(C)CSCCCC(=O)N(C)CCN5(CCCCC5))(CCC(=O)OCCOC(=O)C(C)CSCCCC(=O)N(C)CCN5(CCCCC5))CCCN1C=NC=C1,0.26159415268040626
N(CCC(=O)OCCOC(=O)C(C)CSCCNCCCC)(CCC(=O)OCCOC(=O)C(C)CSCCNCCCC)CCCN1C=NC=C1,0.2942438073907134
N(CCC(=O)OCCOC(=O)C(C)CSCCN(CC)CC)(CCC(=O)OCCOC(=O)C(C)CSCCN(CC)CC)CCCN1C=NC=C1,0.1338123385300451
N(CCC(=O)OCCOC(=O)C(C)CSCCN5CCCC5)(CCC(=O)OCCOC(=O)C(C)CSCCN5CCCC5)CCCN1C=NC=C1,0.2064743914517703
N(CCC(=O)OCCOC(=O)C(C)CSCCN5CCCCC5)(CCC(=O)OCCOC(=O)C(C)CSCCN5CCCCC5)CCCN1C=NC=C1,0.2084056619394026
N(CCC(=O)OCCOC(=O)C(C)CSCCN5CCCCCC5)(CCC(=O)OCCOC(=O)C(C)CSCCN5CCCCCC5)CCCN1C=NC=C1,0.20843797635807917
N(CCC(=O)OCCOC(=O)C(C)CSCCN(CCC)CCC)(CCC(=O)OCCOC(=O)C(C)CSCCN(CCC)CCC)CCCN1C=NC=C1,0.0995505963965818
N(CCC(=O)OCCOC(=O)C(C)CSCCN(CCCC)CCCC)(CCC(=O)OCCOC(=O)C(C)CSCCN(CCCC)CCCC)CCCN1C=NC=C1,0.32679773994283945
N(CCC(=O)OCCOC(=O)C(C)CSCCCC(=O)N5CCN(CCO)CC5)(CCC(=O)OCCOC(=O)C(C)CSCCCC(=O)N5CCN(CCO)CC5)CCCN1C=NC=C1,0.18291682284207092
N(CCC(=O)OCCOC(=O)C(C)CSCCC(O)=O)(CCC(=O)OCCOC(=O)C(C)CSCCC(O)=O)CCCN1C=NC=C1,0.1840413943948893
N(CCC(=O)OCCOC(=O)C(C)CSCCCCCC(O)=O)(CCC(=O)OCCOC(=O)C(C)CSCCCCCC(O)=O)CCCN1C=NC=C1,0.2600573563636227
N(CCC(=O)OCCOC(=O)C(C)CSCCCCCCCCCCC(O)=O)(CCC(=O)OCCOC(=O)C(C)CSCCCCCCCCCCC(O)=O)CCCN1C=NC=C1,0.31972686861042
N(CCC(=O)OCCOC(=O)C(C)CSCCO)(CCC(=O)OCCOC(=O)C(C)CSCCO)CCCN1C=NC=C1,0.14106589801376596
N(CCC(=O)OCCOC(=O)C(C)CSCC(O)CO)(CCC(=O)OCCOC(=O)C(C)CSCC(O)CO)CCCN1C=NC=C1,0.07883571379556532
N(CCC(=O)OCCOC(=O)C(C)CSCCCO)(CCC(=O)OCCOC(=O)C(C)CSCCCO)CCCN1C=NC=C1,0.20000614679907555
N(CCC(=O)OCCOC(=O)C(C)CSCCCCO)(CCC(=O)OCCOC(=O)C(C)CSCCCCO)CCCN1C=NC=C1,0.23349067504333765
N(CCC(=O)OCCOC(=O)C(C)CSCCCCCCO)(CCC(=O)OCCOC(=O)C(C)CSCCCCCCO)CCCN1C=NC=C1,0.26961932687294937
N(CCC(=O)OCCOC(=O)C(C)CSCCCCCCCCCCCO)(CCC(=O)OCCOC(=O)C(C)CSCCCCCCCCCCCO)CCCN1C=NC=C1,0.33908228212857017
N(CCC(=O)OCCOC(=O)C(C)CSCC(C)C)(CCC(=O)OCCOC(=O)C(C)CSCC(C)C)CCN(C)C,0.47031420401011037
N(CCC(=O)OCCOC(=O)C(C)CSCCCCCCCCCC)(CCC(=O)OCCOC(=O)C(C)CSCCCCCCCCCC)CCN(C)C,0.5629904676307464
N(CCC(=O)OCCOC(=O)C(C)CSCCCCCCCCCCC)(CCC(=O)OCCOC(=O)C(C)CSCCCCCCCCCCC)CCN(C)C,0.5637006104868973
N(CCC(=O)OCCOC(=O)C(C)CSCCCCCCCCCCCC)(CCC(=O)OCCOC(=O)C(C)CSCCCCCCCCCCCC)CCN(C)C,0.564466745146838
N(CCC(=O)OCCOC(=O)C(C)CSCCCCCCCCCCCCCC)(CCC(=O)OCCOC(=O)C(C)CSCCCCCCCCCCCCCC)CCN(C)C,0.5650999290556523
N(CCC(=O)OCCOC(=O)C(C)CSCCCCCCCCCCCCCCCC)(CCC(=O)OCCOC(=O)C(C)CSCCCCCCCCCCCCCCCC)CCN(C)C,0.5655581087947491
N(CCC(=O)OCCOC(=O)C(C)CSCCCCCCCCCCCCCCCCCC)(CCC(=O)OCCOC(=O)C(C)CSCCCCCCCCCCCCCCCCCC)CCN(C)C,0.5660453566192177
N(CCC(=O)OCCOC(=O)C(C)CSCCc5ccccc5)(CCC(=O)OCCOC(=O)C(C)CSCCc5ccccc5)CCN(C)C,0.08042620863481321
N(CCC(=O)OCCOC(=O)C(C)CSCCC(C)C)(CCC(=O)OCCOC(=O)C(C)CSCCC(C)C)CCN(C)C,0.4591540844628263
N(CCC(=O)OCCOC(=O)C(C)CSCCCC)(CCC(=O)OCCOC(=O)C(C)CSCCCC)CCN(C)C,0.5295365561813226
N(CCC(=O)OCCOC(=O)C(C)CSCCCCC)(CCC(=O)OCCOC(=O)C(C)CSCCCCC)CCN(C)C,0.5463765081313422
N(CCC(=O)OCCOC(=O)C(C)CSCCCCCC)(CCC(=O)OCCOC(=O)C(C)CSCCCCCC)CCN(C)C,0.544893082725405
N(CCC(=O)OCCOC(=O)C(C)CSCCCCCCC)(CCC(=O)OCCOC(=O)C(C)CSCCCCCCC)CCN(C)C,0.5519858146876021
N(CCC(=O)OCCOC(=O)C(C)CSCCCCCCCC)(CCC(=O)OCCOC(=O)C(C)CSCCCCCCCC)CCN(C)C,0.5517094891793246
N(CCC(=O)OCCOC(=O)C(C)CSCCCCCCCCC)(CCC(=O)OCCOC(=O)C(C)CSCCCCCCCCC)CCN(C)C,0.562282290444303
N(CCC(=O)OCCOC(=O)C(C)CSCCN(C)C)(CCC(=O)OCCOC(=O)C(C)CSCCN(C)C)CCN(C)C,0.3298237395431852
N(CCC(=O)OCCOC(=O)C(C)CSCCCC(=O)N(C)CCCN(C)C)(CCC(=O)OCCOC(=O)C(C)CSCCCC(=O)N(C)CCCN(C)C)CCN(C)C,0.4058231720166509
N(CCC(=O)OCCOC(=O)C(C)CSCCCC(=O)N(C)CCN5(CCCCC5))(CCC(=O)OCCOC(=O)C(C)CSCCCC(=O)N(C)CCN5(CCCCC5))CCN(C)C,0.4309923515235168
N(CCC(=O)OCCOC(=O)C(C)CSCCNCCCC)(CCC(=O)OCCOC(=O)C(C)CSCCNCCCC)CCN(C)C,0.5184642365476407
N(CCC(=O)OCCOC(=O)C(C)CSCCN(CC)CC)(CCC(=O)OCCOC(=O)C(C)CSCCN(CC)CC)CCN(C)C,0.3423009471431266
N(CCC(=O)OCCOC(=O)C(C)CSCCN5CCCC5)(CCC(=O)OCCOC(=O)C(C)CSCCN5CCCC5)CCN(C)C,0.4240670886638251
N(CCC(=O)OCCOC(=O)C(C)CSCCN5CCCCC5)(CCC(=O)OCCOC(=O)C(C)CSCCN5CCCCC5)CCN(C)C,0.417643369408293
N(CCC(=O)OCCOC(=O)C(C)CSCCN5CCCCCC5)(CCC(=O)OCCOC(=O)C(C)CSCCN5CCCCCC5)CCN(C)C,0.4093232851938741
N(CCC(=O)OCCOC(=O)C(C)CSCCN(CCC)CCC)(CCC(=O)OCCOC(=O)C(C)CSCCN(CCC)CCC)CCN(C)C,0.2842344981085556
N(CCC(=O)OCCOC(=O)C(C)CSCCN(CCCC)CCCC)(CCC(=O)OCCOC(=O)C(C)CSCCN(CCCC)CCCC)CCN(C)C,0.5208213723556934
N(CCC(=O)OCCOC(=O)C(C)CSCCCC(=O)N5CCN(CCO)CC5)(CCC(=O)OCCOC(=O)C(C)CSCCCC(=O)N5CCN(CCO)CC5)CCN(C)C,0.3465733600352822
N(CCC(=O)OCCOC(=O)C(C)CSCCC(O)=O)(CCC(=O)OCCOC(=O)C(C)CSCCC(O)=O)CCN(C)C,0.4231289876873513
N(CCC(=O)OCCOC(=O)C(C)CSCCCCCC(O)=O)(CCC(=O)OCCOC(=O)C(C)CSCCCCCC(O)=O)CCN(C)C,0.4770728316877787
N(CCC(=O)OCCOC(=O)C(C)CSCCCCCCCCCCC(O)=O)(CCC(=O)OCCOC(=O)C(C)CSCCCCCCCCCCC(O)=O)CCN(C)C,0.5008148158554921
N(CCC(=O)OCCOC(=O)C(C)CSCCO)(CCC(=O)OCCOC(=O)C(C)CSCCO)CCN(C)C,0.39445224928467315
N(CCC(=O)OCCOC(=O)C(C)CSCC(O)CO)(CCC(=O)OCCOC(=O)C(C)CSCC(O)CO)CCN(C)C,0.29508821144446234
N(CCC(=O)OCCOC(=O)C(C)CSCCCO)(CCC(=O)OCCOC(=O)C(C)CSCCCO)CCN(C)C,0.45249281700142857
N(CCC(=O)OCCOC(=O)C(C)CSCCCCO)(CCC(=O)OCCOC(=O)C(C)CSCCCCO)CCN(C)C,0.47751147386129783
N(CCC(=O)OCCOC(=O)C(C)CSCCCCCCO)(CCC(=O)OCCOC(=O)C(C)CSCCCCCCO)CCN(C)C,0.49290588422156156
N(CCC(=O)OCCOC(=O)C(C)CSCCCCCCCCCCCO)(CCC(=O)OCCOC(=O)C(C)CSCCCCCCCCCCCO)CCN(C)C,0.5212103366947863
CCCCCCCCN(CCC(=O)OCCOC(=O)C(C)CSCC(C)C)CCC(=O)OCCOC(=O)C(C)CSCC(C)C,0.5494842319389215
CCCCCCCCN(CCC(=O)OCCOC(=O)C(C)CSCCCCCCCCCC)CCC(=O)OCCOC(=O)C(C)CSCCCCCCCCCC,0.6237617079657308
CCCCCCCCN(CCC(=O)OCCOC(=O)C(C)CSCCCCCCCCCCC)CCC(=O)OCCOC(=O)C(C)CSCCCCCCCCCCC,0.6217432630048576
CCCCCCCCN(CCC(=O)OCCOC(=O)C(C)CSCCCCCCCCCCCC)CCC(=O)OCCOC(=O)C(C)CSCCCCCCCCCCCC,0.6198574114006187
CCCCCCCCN(CCC(=O)OCCOC(=O)C(C)CSCCCCCCCCCCCCCC)CCC(=O)OCCOC(=O)C(C)CSCCCCCCCCCCCCCC,0.6164335125988731
CCCCCCCCN(CCC(=O)OCCOC(=O)C(C)CSCCCCCCCCCCCCCCCC)CCC(=O)OCCOC(=O)C(C)CSCCCCCCCCCCCCCCCC,0.6134088830107478
CCCCCCCCN(CCC(=O)OCCOC(=O)C(C)CSCCCCCCCCCCCCCCCCCC)CCC(=O)OCCOC(=O)C(C)CSCCCCCCCCCCCCCCCCCC,0.6110672342973604
CCCCCCCCN(CCC(=O)OCCOC(=O)C(C)CSCCc5ccccc5)CCC(=O)OCCOC(=O)C(C)CSCCc5ccccc5,0.16829944767376231
CCCCCCCCN(CCC(=O)OCCOC(=O)C(C)CSCCC(C)C)CCC(=O)OCCOC(=O)C(C)CSCCC(C)C,0.5362777906603668
CCCCCCCCN(CCC(=O)OCCOC(=O)C(C)CSCCCC)CCC(=O)OCCOC(=O)C(C)CSCCCC,0.6083699184984105
CCCCCCCCN(CCC(=O)OCCOC(=O)C(C)CSCCCCC)CCC(=O)OCCOC(=O)C(C)CSCCCCC,0.6221545644997177
CCCCCCCCN(CCC(=O)OCCOC(=O)C(C)CSCCCCCC)CCC(=O)OCCOC(=O)C(C)CSCCCCCC,0.6173215187806796
CCCCCCCCN(CCC(=O)OCCOC(=O)C(C)CSCCCCCCC)CCC(=O)OCCOC(=O)C(C)CSCCCCCCC,0.6214111839557852
CCCCCCCCN(CCC(=O)OCCOC(=O)C(C)CSCCCCCCCC)CCC(=O)OCCOC(=O)C(C)CSCCCCCCCC,0.6177971512841492
CCCCCCCCN(CCC(=O)OCCOC(=O)C(C)CSCCCCCCCCC)CCC(=O)OCCOC(=O)C(C)CSCCCCCCCCC,0.6259760646741195
CCCCCCCCN(CCC(=O)OCCOC(=O)C(C)CSCCN(C)C)CCC(=O)OCCOC(=O)C(C)CSCCN(C)C,0.42033565190147676
CCCCCCCCN(CCC(=O)OCCOC(=O)C(C)CSCCCC(=O)N(C)CCCN(C)C)CCC(=O)OCCOC(=O)C(C)CSCCCC(=O)N(C)CCCN(C)C,0.47022146013936494
CCCCCCCCN(CCC(=O)OCCOC(=O)C(C)CSCCCC(=O)N(C)CCN5(CCCCC5))CCC(=O)OCCOC(=O)C(C)CSCCCC(=O)N(C)CCN5(CCCCC5),0.4861787072592134
CCCCCCCCN(CCC(=O)OCCOC(=O)C(C)CSCCNCCCC)CCC(=O)OCCOC(=O)C(C)CSCCNCCCC,0.5869979065575972
CCCCCCCCN(CCC(=O)OCCOC(=O)C(C)CSCCN(CC)CC)CCC(=O)OCCOC(=O)C(C)CSCCN(CC)CC,0.4236777967131143
CCCCCCCCN(CCC(=O)OCCOC(=O)C(C)CSCCN5CCCC5)CCC(=O)OCCOC(=O)C(C)CSCCN5CCCC5,0.4975531443703652
CCCCCCCCN(CCC(=O)OCCOC(=O)C(C)CSCCN5CCCCC5)CCC(=O)OCCOC(=O)C(C)CSCCN5CCCCC5,0.4878101237678268
CCCCCCCCN(CCC(=O)OCCOC(=O)C(C)CSCCN5CCCCCC5)CCC(=O)OCCOC(=O)C(C)CSCCN5CCCCCC5,0.4771901762127424
CCCCCCCCN(CCC(=O)OCCOC(=O)C(C)CSCCN(CCC)CCC)CCC(=O)OCCOC(=O)C(C)CSCCN(CCC)CCC,0.3629179930018827
CCCCCCCCN(CCC(=O)OCCOC(=O)C(C)CSCCN(CCCC)CCCC)CCC(=O)OCCOC(=O)C(C)CSCCN(CCCC)CCCC,0.5799201255983271
CCCCCCCCN(CCC(=O)OCCOC(=O)C(C)CSCCCC(=O)N5CCN(CCO)CC5)CCC(=O)OCCOC(=O)C(C)CSCCCC(=O)N5CCN(CCO)CC5,0.41168179101414715
CCCCCCCCN(CCC(=O)OCCOC(=O)C(C)CSCCC(O)=O)CCC(=O)OCCOC(=O)C(C)CSCCC(O)=O,0.5097373182695153
CCCCCCCCN(CCC(=O)OCCOC(=O)C(C)CSCCCCCC(O)=O)CCC(=O)OCCOC(=O)C(C)CSCCCCCC(O)=O,0.5474650721890638
CCCCCCCCN(CCC(=O)OCCOC(=O)C(C)CSCCCCCCCCCCC(O)=O)CCC(=O)OCCOC(=O)C(C)CSCCCCCCCCCCC(O)=O,0.5569587207846172
CCCCCCCCN(CCC(=O)OCCOC(=O)C(C)CSCCO)CCC(=O)OCCOC(=O)C(C)CSCCO,0.4892787768680832
CCCCCCCCN(CCC(=O)OCCOC(=O)C(C)CSCC(O)CO)CCC(=O)OCCOC(=O)C(C)CSCC(O)CO,0.3885147652358815
CCCCCCCCN(CCC(=O)OCCOC(=O)C(C)CSCCCO)CCC(=O)OCCOC(=O)C(C)CSCCCO,0.5333192790533124
CCCCCCCCN(CCC(=O)OCCOC(=O)C(C)CSCCCCO)CCC(=O)OCCOC(=O)C(C)CSCCCCO,0.5534454137940541
CCCCCCCCN(CCC(=O)OCCOC(=O)C(C)CSCCCCCCO)CCC(=O)OCCOC(=O)C(C)CSCCCCCCO,0.5614355633263542
CCCCCCCCN(CCC(=O)OCCOC(=O)C(C)CSCCCCCCCCCCCO)CCC(=O)OCCOC(=O)C(C)CSCCCCCCCCCCCO,0.5766891006909128
CCCCCCCCCCN(CCC(=O)OCCOC(=O)C(C)CSCC(C)C)CCC(=O)OCCOC(=O)C(C)CSCC(C)C,0.5515692118411065
CCCCCCCCCCN(CCC(=O)OCCOC(=O)C(C)CSCCCCCCCCCC)CCC(=O)OCCOC(=O)C(C)CSCCCCCCCCCC,0.6223871687484402
CCCCCCCCCCN(CCC(=O)OCCOC(=O)C(C)CSCCCCCCCCCCC)CCC(=O)OCCOC(=O)C(C)CSCCCCCCCCCCC,0.620479992606162
CCCCCCCCCCN(CCC(=O)OCCOC(=O)C(C)CSCCCCCCCCCCCC)CCC(=O)OCCOC(=O)C(C)CSCCCCCCCCCCCC,0.618694032762514
CCCCCCCCCCN(CCC(=O)OCCOC(=O)C(C)CSCCCCCCCCCCCCCC)CCC(=O)OCCOC(=O)C(C)CSCCCCCCCCCCCCCC,0.6154419811458042
CCCCCCCCCCN(CCC(=O)OCCOC(=O)C(C)CSCCCCCCCCCCCCCCCC)CCC(=O)OCCOC(=O)C(C)CSCCCCCCCCCCCCCCCC,0.612627856913629
CCCCCCCCCCN(CCC(=O)OCCOC(=O)C(C)CSCCCCCCCCCCCCCCCCCC)CCC(=O)OCCOC(=O)C(C)CSCCCCCCCCCCCCCCCCCC,0.6106430666007784
CCCCCCCCCCN(CCC(=O)OCCOC(=O)C(C)CSCCc5ccccc5)CCC(=O)OCCOC(=O)C(C)CSCCc5ccccc5,0.18434976627597413
CCCCCCCCCCN(CCC(=O)OCCOC(=O)C(C)CSCCC(C)C)CCC(=O)OCCOC(=O)C(C)CSCCC(C)C,0.5388397730782419
CCCCCCCCCCN(CCC(=O)OCCOC(=O)C(C)CSCCCC)CCC(=O)OCCOC(=O)C(C)CSCCCC,0.6077800984546589
CCCCCCCCCCN(CCC(=O)OCCOC(=O)C(C)CSCCCCC)CCC(=O)OCCOC(=O)C(C)CSCCCCC,0.6211487968327065
CCCCCCCCCCN(CCC(=O)OCCOC(=O)C(C)CSCCCCCC)CCC(=O)OCCOC(=O)C(C)CSCCCCCC,0.6163596510704695
CCCCCCCCCCN(CCC(=O)OCCOC(=O)C(C)CSCCCCCCC)CCC(=O)OCCOC(=O)C(C)CSCCCCCCC,0.6203485905645022
CCCCCCCCCCN(CCC(=O)OCCOC(=O)C(C)CSCCCCCCCC)CCC(=O)OCCOC(=O)C(C)CSCCCCCCCC,0.6169550702946002
CCCCCCCCCCN(CCC(=O)OCCOC(=O)C(C)CSCCCCCCCCC)CCC(=O)OCCOC(=O)C(C)CSCCCCCCCCC,0.6244280104308293
CCCCCCCCCCN(CCC(=O)OCCOC(=O)C(C)CSCCN(C)C)CCC(=O)OCCOC(=O)C(C)CSCCN(C)C,0.42910685731377
CCCCCCCCCCN(CCC(=O)OCCOC(=O)C(C)CSCCCC(=O)N(C)CCCN(C)C)CCC(=O)OCCOC(=O)C(C)CSCCCC(=O)N(C)CCCN(C)C,0.47526745341005033
CCCCCCCCCCN(CCC(=O)OCCOC(=O)C(C)CSCCCC(=O)N(C)CCN5(CCCCC5))CCC(=O)OCCOC(=O)C(C)CSCCCC(=O)N(C)CCN5(CCCCC5),0.48983836729436314
CCCCCCCCCCN(CCC(=O)OCCOC(=O)C(C)CSCCNCCCC)CCC(=O)OCCOC(=O)C(C)CSCCNCCCC,0.587342137019407
CCCCCCCCCCN(CCC(=O)OCCOC(=O)C(C)CSCCN(CC)CC)CCC(=O)OCCOC(=O)C(C)CSCCN(CC)CC,0.43149341860168666
CCCCCCCCCCN(CCC(=O)OCCOC(=O)C(C)CSCCN5CCCC5)CCC(=O)OCCOC(=O)C(C)CSCCN5CCCC5,0.5014191997248039
CCCCCCCCCCN(CCC(=O)OCCOC(=O)C(C)CSCCN5CCCCC5)CCC(=O)OCCOC(=O)C(C)CSCCN5CCCCC5,0.4920951645987095
CCCCCCCCCCN(CCC(=O)OCCOC(=O)C(C)CSCCN5CCCCCC5)CCC(=O)OCCOC(=O)C(C)CSCCN5CCCCCC5,0.48207221476009654
CCCCCCCCCCN(CCC(=O)OCCOC(=O)C(C)CSCCN(CCC)CCC)CCC(=O)OCCOC(=O)C(C)CSCCN(CCC)CCC,0.37231481747290385
CCCCCCCCCCN(CCC(=O)OCCOC(=O)C(C)CSCCN(CCCC)CCCC)CCC(=O)OCCOC(=O)C(C)CSCCN(CCCC)CCCC,0.5803898610926742
CCCCCCCCCCN(CCC(=O)OCCOC(=O)C(C)CSCCCC(=O)N5CCN(CCO)CC5)CCC(=O)OCCOC(=O)C(C)CSCCCC(=O)N5CCN(CCO)CC5,0.4183963400377682
CCCCCCCCCCN(CCC(=O)OCCOC(=O)C(C)CSCCC(O)=O)CCC(=O)OCCOC(=O)C(C)CSCCC(O)=O,0.5136750312196552
CCCCCCCCCCN(CCC(=O)OCCOC(=O)C(C)CSCCCCCC(O)=O)CCC(=O)OCCOC(=O)C(C)CSCCCCCC(O)=O,0.5496004447146596
CCCCCCCCCCN(CCC(=O)OCCOC(=O)C(C)CSCCCCCCCCCCC(O)=O)CCC(=O)OCCOC(=O)C(C)CSCCCCCCCCCCC(O)=O,0.5585370939940021
CCCCCCCCCCN(CCC(=O)OCCOC(=O)C(C)CSCCO)CCC(=O)OCCOC(=O)C(C)CSCCO,0.49460749896503264
CCCCCCCCCCN(CCC(=O)OCCOC(=O)C(C)CSCC(O)CO)CCC(=O)OCCOC(=O)C(C)CSCC(O)CO,0.3979448571775586
CCCCCCCCCCN(CCC(=O)OCCOC(=O)C(C)CSCCCO)CCC(=O)OCCOC(=O)C(C)CSCCCO,0.5364211058517692
CCCCCCCCCCN(CCC(=O)OCCOC(=O)C(C)CSCCCCO)CCC(=O)OCCOC(=O)C(C)CSCCCCO,0.5549347957748625
CCCCCCCCCCN(CCC(=O)OCCOC(=O)C(C)CSCCCCCCO)CCC(=O)OCCOC(=O)C(C)CSCCCCCCO,0.5626978211073217
CCCCCCCCCCN(CCC(=O)OCCOC(=O)C(C)CSCCCCCCCCCCCO)CCC(=O)OCCOC(=O)C(C)CSCCCCCCCCCCCO,0.5772926804226169
CCCCCCCCCCCCN(CCC(=O)OCCOC(=O)C(C)CSCC(C)C)CCC(=O)OCCOC(=O)C(C)CSCC(C)C,0.5528017463134665
CCCCCCCCCCCCN(CCC(=O)OCCOC(=O)C(C)CSCCCCCCCCCC)CCC(=O)OCCOC(=O)C(C)CSCCCCCCCCCC,0.620479992606162
CCCCCCCCCCCCN(CCC(=O)OCCOC(=O)C(C)CSCCCCCCCCCCC)CCC(=O)OCCOC(=O)C(C)CSCCCCCCCCCCC,0.6186939731967653
CCCCCCCCCCCCN(CCC(=O)OCCOC(=O)C(C)CSCCCCCCCCCCCC)CCC(=O)OCCOC(=O)C(C)CSCCCCCCCCCCCC,0.6170178525937431
CCCCCCCCCCCCN(CCC(=O)OCCOC(=O)C(C)CSCCCCCCCCCCCCCC)CCC(=O)OCCOC(=O)C(C)CSCCCCCCCCCCCCCC,0.6139595087918465
CCCCCCCCCCCCN(CCC(=O)OCCOC(=O)C(C)CSCCCCCCCCCCCCCCCC)CCC(=O)OCCOC(=O)C(C)CSCCCCCCCCCCCCCCCC,0.6115689565987661
CCCCCCCCCCCCN(CCC(=O)OCCOC(=O)C(C)CSCCCCCCCCCCCCCCCCCC)CCC(=O)OCCOC(=O)C(C)CSCCCCCCCCCCCCCCCCCC,0.6098401203081334
CCCCCCCCCCCCN(CCC(=O)OCCOC(=O)C(C)CSCCc5ccccc5)CCC(=O)OCCOC(=O)C(C)CSCCc5ccccc5,0.19863696849916912
CCCCCCCCCCCCN(CCC(=O)OCCOC(=O)C(C)CSCCC(C)C)CCC(=O)OCCOC(=O)C(C)CSCCC(C)C,0.5405962478762772
CCCCCCCCCCCCN(CCC(=O)OCCOC(=O)C(C)CSCCCC)CCC(=O)OCCOC(=O)C(C)CSCCCC,0.6063722024180893
CCCCCCCCCCCCN(CCC(=O)OCCOC(=O)C(C)CSCCCCC)CCC(=O)OCCOC(=O)C(C)CSCCCCC,0.6192547847208939
CCCCCCCCCCCCN(CCC(=O)OCCOC(=O)C(C)CSCCCCCC)CCC(=O)OCCOC(=O)C(C)CSCCCCCC,0.6147326126443865
CCCCCCCCCCCCN(CCC(=O)OCCOC(=O)C(C)CSCCCCCCC)CCC(=O)OCCOC(=O)C(C)CSCCCCCCC,0.618666870781101
CCCCCCCCCCCCN(CCC(=O)OCCOC(=O)C(C)CSCCCCCCCC)CCC(=O)OCCOC(=O)C(C)CSCCCCCCCC,0.615151717252328
CCCCCCCCCCCCN(CCC(=O)OCCOC(=O)C(C)CSCCCCCCCCC)CCC(=O)OCCOC(=O)C(C)CSCCCCCCCCC,0.6223871687484402
CCCCCCCCCCCCN(CCC(=O)OCCOC(=O)C(C)CSCCN(C)C)CCC(=O)OCCOC(=O)C(C)CSCCN(C)C,0.43652365673183763
CCCCCCCCCCCCN(CCC(=O)OCCOC(=O)C(C)CSCCCC(=O)N(C)CCCN(C)C)CCC(=O)OCCOC(=O)C(C)CSCCCC(=O)N(C)CCCN(C)C,0.47954892029601026
CCCCCCCCCCCCN(CCC(=O)OCCOC(=O)C(C)CSCCCC(=O)N(C)CCN5(CCCCC5))CCC(=O)OCCOC(=O)C(C)CSCCCC(=O)N(C)CCN5(CCCCC5),0.4927706699719841
CCCCCCCCCCCCN(CCC(=O)OCCOC(=O)C(C)CSCCNCCCC)CCC(=O)OCCOC(=O)C(C)CSCCNCCCC,0.5869193393350454
CCCCCCCCCCCCN(CCC(=O)OCCOC(=O)C(C)CSCCN(CC)CC)CCC(=O)OCCOC(=O)C(C)CSCCN(CC)CC,0.43816993489475475
CCCCCCCCCCCCN(CCC(=O)OCCOC(=O)C(C)CSCCN5CCCC5)CCC(=O)OCCOC(=O)C(C)CSCCN5CCCC5,0.5044429358266985
CCCCCCCCCCCCN(CCC(=O)OCCOC(=O)C(C)CSCCN5CCCCC5)CCC(=O)OCCOC(=O)C(C)CSCCN5CCCCC5,0.4954355224378857
CCCCCCCCCCCCN(CCC(=O)OCCOC(=O)C(C)CSCCN5CCCCCC5)CCC(=O)OCCOC(=O)C(C)CSCCN5CCCCCC5,0.4860319968201344
CCCCCCCCCCCCN(CCC(=O)OCCOC(=O)C(C)CSCCN(CCC)CCC)CCC(=O)OCCOC(=O)C(C)CSCCN(CCC)CCC,0.38065890668405383
CCCCCCCCCCCCN(CCC(=O)OCCOC(=O)C(C)CSCCN(CCCC)CCCC)CCC(=O)OCCOC(=O)C(C)CSCCN(CCCC)CCCC,0.5802413041153851
CCCCCCCCCCCCN(CCC(=O)OCCOC(=O)C(C)CSCCCC(=O)N5CCN(CCO)CC5)CCC(=O)OCCOC(=O)C(C)CSCCCC(=O)N5CCN(CCO)CC5,0.42425180205058266
CCCCCCCCCCCCN(CCC(=O)OCCOC(=O)C(C)CSCCC(O)=O)CCC(=O)OCCOC(=O)C(C)CSCCC(O)=O,0.5167679231558051
CCCCCCCCCCCCN(CCC(=O)OCCOC(=O)C(C)CSCCCCCC(O)=O)CCC(=O)OCCOC(=O)C(C)CSCCCCCC(O)=O,0.5509684316995919
CCCCCCCCCCCCN(CCC(=O)OCCOC(=O)C(C)CSCCCCCCCCCCC(O)=O)CCC(=O)OCCOC(=O)C(C)CSCCCCCCCCCCC(O)=O,0.5595039056613553
CCCCCCCCCCCCN(CCC(=O)OCCOC(=O)C(C)CSCCO)CCC(=O)OCCOC(=O)C(C)CSCCO,0.498744459344616
CCCCCCCCCCCCN(CCC(=O)OCCOC(=O)C(C)CSCC(O)CO)CCC(=O)OCCOC(=O)C(C)CSCC(O)CO,0.4061901565944689
CCCCCCCCCCCCN(CCC(=O)OCCOC(=O)C(C)CSCCCO)CCC(=O)OCCOC(=O)C(C)CSCCCO,0.5387539984000959
CCCCCCCCCCCCN(CCC(=O)OCCOC(=O)C(C)CSCCCCO)CCC(=O)OCCOC(=O)C(C)CSCCCCO,0.5557522165444446
CCCCCCCCCCCCN(CCC(=O)OCCOC(=O)C(C)CSCCCCCCO)CCC(=O)OCCOC(=O)C(C)CSCCCCCCO,0.5630992346878955
CCCCCCCCCCCCN(CCC(=O)OCCOC(=O)C(C)CSCCCCCCCCCCCO)CCC(=O)OCCOC(=O)C(C)CSCCCCCCCCCCCO,0.5774337321155683
CCCCCCCCCCCCCCN(CCC(=O)OCCOC(=O)C(C)CSCC(C)C)CCC(=O)OCCOC(=O)C(C)CSCC(C)C,0.5541407247787756
CCCCCCCCCCCCCCN(CCC(=O)OCCOC(=O)C(C)CSCCCCCCCCCC)CCC(=O)OCCOC(=O)C(C)CSCCCCCCCCCC,0.6186939731967653
CCCCCCCCCCCCCCN(CCC(=O)OCCOC(=O)C(C)CSCCCCCCCCCCC)CCC(=O)OCCOC(=O)C(C)CSCCCCCCCCCCC,0.6170178525937431
CCCCCCCCCCCCCCN(CCC(=O)OCCOC(=O)C(C)CSCCCCCCCCCCCC)CCC(=O)OCCOC(=O)C(C)CSCCCCCCCCCCCC,0.6154419215800555
CCCCCCCCCCCCCCN(CCC(=O)OCCOC(=O)C(C)CSCCCCCCCCCCCCCC)CCC(=O)OCCOC(=O)C(C)CSCCCCCCCCCCCCCC,0.6126279164793776
CCCCCCCCCCCCCCN(CCC(=O)OCCOC(=O)C(C)CSCCCCCCCCCCCCCCCC)CCC(=O)OCCOC(=O)C(C)CSCCCCCCCCCCCCCCCC,0.6106430070350297
CCCCCCCCCCCCCCN(CCC(=O)OCCOC(=O)C(C)CSCCCCCCCCCCCCCCCCCC)CCC(=O)OCCOC(=O)C(C)CSCCCCCCCCCCCCCCCCCC,0.6091448688891606
CCCCCCCCCCCCCCN(CCC(=O)OCCOC(=O)C(C)CSCCc5ccccc5)CCC(=O)OCCOC(=O)C(C)CSCCc5ccccc5,0.2118914793369348
CCCCCCCCCCCCCCN(CCC(=O)OCCOC(=O)C(C)CSCCC(C)C)CCC(=O)OCCOC(=O)C(C)CSCCC(C)C,0.5423592153409224
CCCCCCCCCCCCCCN(CCC(=O)OCCOC(=O)C(C)CSCCCC)CCC(=O)OCCOC(=O)C(C)CSCCCC,0.6050673551267923
CCCCCCCCCCCCCCN(CCC(=O)OCCOC(=O)C(C)CSCCCCC)CCC(=O)OCCOC(=O)C(C)CSCCCCC,0.617520170552636
CCCCCCCCCCCCCCN(CCC(=O)OCCOC(=O)C(C)CSCCCCCC)CCC(=O)OCCOC(=O)C(C)CSCCCCCC,0.6133481855128097
CCCCCCCCCCCCCCN(CCC(=O)OCCOC(=O)C(C)CSCCCCCCC)CCC(=O)OCCOC(=O)C(C)CSCCCCCCC,0.6167705951708374
CCCCCCCCCCCCCCN(CCC(=O)OCCOC(=O)C(C)CSCCCCCCCC)CCC(=O)OCCOC(=O)C(C)CSCCCCCCCC,0.6134352706374274
CCCCCCCCCCCCCCN(CCC(=O)OCCOC(=O)C(C)CSCCCCCCCCC)CCC(=O)OCCOC(=O)C(C)CSCCCCCCCCC,0.6204799330404134
CCCCCCCCCCCCCCN(CCC(=O)OCCOC(=O)C(C)CSCCN(C)C)CCC(=O)OCCOC(=O)C(C)CSCCN(C)C,0.4433685653965161
CCCCCCCCCCCCCCN(CCC(=O)OCCOC(=O)C(C)CSCCCC(=O)N(C)CCCN(C)C)CCC(=O)OCCOC(=O)C(C)CSCCCC(=O)N(C)CCCN(C)C,0.48358721001285127
CCCCCCCCCCCCCCN(CCC(=O)OCCOC(=O)C(C)CSCCCC(=O)N(C)CCN5(CCCCC5))CCC(=O)OCCOC(=O)C(C)CSCCCC(=O)N(C)CCN5(CCCCC5),0.4953217518578447
CCCCCCCCCCCCCCN(CCC(=O)OCCOC(=O)C(C)CSCCNCCCC)CCC(=O)OCCOC(=O)C(C)CSCCNCCCC,0.5865259671305477
CCCCCCCCCCCCCCN(CCC(=O)OCCOC(=O)C(C)CSCCN(CC)CC)CCC(=O)OCCOC(=O)C(C)CSCCN(CC)CC,0.44433734273357683
CCCCCCCCCCCCCCN(CCC(=O)OCCOC(=O)C(C)CSCCN5CCCC5)CCC(=O)OCCOC(=O)C(C)CSCCN5CCCC5,0.5072658757896833
CCCCCCCCCCCCCCN(CCC(=O)OCCOC(=O)C(C)CSCCN5CCCCC5)CCC(=O)OCCOC(=O)C(C)CSCCN5CCCCC5,0.4985577207224022
CCCCCCCCCCCCCCN(CCC(=O)OCCOC(=O)C(C)CSCCN5CCCCCC5)CCC(=O)OCCOC(=O)C(C)CSCCN5CCCCCC5,0.48933277321929114
CCCCCCCCCCCCCCN(CCC(=O)OCCOC(=O)C(C)CSCCN(CCC)CCC)CCC(=O)OCCOC(=O)C(C)CSCCN(CCC)CCC,0.38839753984241526
CCCCCCCCCCCCCCN(CCC(=O)OCCOC(=O)C(C)CSCCN(CCCC)CCCC)CCC(=O)OCCOC(=O)C(C)CSCCN(CCCC)CCCC,0.5801018011319004
CCCCCCCCCCCCCCN(CCC(=O)OCCOC(=O)C(C)CSCCCC(=O)N5CCN(CCO)CC5)CCC(=O)OCCOC(=O)C(C)CSCCCC(=O)N5CCN(CCO)CC5,0.4297504950114834
CCCCCCCCCCCCCCN(CCC(=O)OCCOC(=O)C(C)CSCCC(O)=O)CCC(=O)OCCOC(=O)C(C)CSCCC(O)=O,0.5196624611487423
CCCCCCCCCCCCCCN(CCC(=O)OCCOC(=O)C(C)CSCCCCCC(O)=O)CCC(=O)OCCOC(=O)C(C)CSCCCCCC(O)=O,0.552256243186757
CCCCCCCCCCCCCCN(CCC(=O)OCCOC(=O)C(C)CSCCCCCCCCCCC(O)=O)CCC(=O)OCCOC(=O)C(C)CSCCCCCCCCCCC(O)=O,0.5603166803025379
CCCCCCCCCCCCCCN(CCC(=O)OCCOC(=O)C(C)CSCCO)CCC(=O)OCCOC(=O)C(C)CSCCO,0.5025769196167809
CCCCCCCCCCCCCCN(CCC(=O)OCCOC(=O)C(C)CSCC(O)CO)CCC(=O)OCCOC(=O)C(C)CSCC(O)CO,0.41381168349086145
CCCCCCCCCCCCCCN(CCC(=O)OCCOC(=O)C(C)CSCCCO)CCC(=O)OCCOC(=O)C(C)CSCCCO,0.5406198954785162
CCCCCCCCCCCCCCN(CCC(=O)OCCOC(=O)C(C)CSCCCCO)CCC(=O)OCCOC(=O)C(C)CSCCCCO,0.5567840144436433
CCCCCCCCCCCCCCN(CCC(=O)OCCOC(=O)C(C)CSCCCCCCO)CCC(=O)OCCOC(=O)C(C)CSCCCCCCO,0.5635373407696762
CCCCCCCCCCCCCCN(CCC(=O)OCCOC(=O)C(C)CSCCCCCCCCCCCO)CCC(=O)OCCOC(=O)C(C)CSCCCCCCCCCCCO,0.5776853974038787
CCCCCCCCCCCCCCCCN(CCC(=O)OCCOC(=O)C(C)CSCC(C)C)CCC(=O)OCCOC(=O)C(C)CSCC(C)C,0.5554053651896915
CCCCCCCCCCCCCCCCN(CCC(=O)OCCOC(=O)C(C)CSCCCCCCCCCC)CCC(=O)OCCOC(=O)C(C)CSCCCCCCCCCC,0.6170177930279944
CCCCCCCCCCCCCCCCN(CCC(=O)OCCOC(=O)C(C)CSCCCCCCCCCCC)CCC(=O)OCCOC(=O)C(C)CSCCCCCCCCCCC,0.6154419811458042
CCCCCCCCCCCCCCCCN(CCC(=O)OCCOC(=O)C(C)CSCCCCCCCCCCCC)CCC(=O)OCCOC(=O)C(C)CSCCCCCCCCCCCC,0.6139594492260978
CCCCCCCCCCCCCCCCN(CCC(=O)OCCOC(=O)C(C)CSCCCCCCCCCCCCCC)CCC(=O)OCCOC(=O)C(C)CSCCCCCCCCCCCCCC,0.6115690161645149
CCCCCCCCCCCCCCCCN(CCC(=O)OCCOC(=O)C(C)CSCCCCCCCCCCCCCCCC)CCC(=O)OCCOC(=O)C(C)CSCCCCCCCCCCCCCCCC,0.6098401798738821
CCCCCCCCCCCCCCCCN(CCC(=O)OCCOC(=O)C(C)CSCCCCCCCCCCCCCCCCCC)CCC(=O)OCCOC(=O)C(C)CSCCCCCCCCCCCCCCCCCC,0.6085456374571124
CCCCCCCCCCCCCCCCN(CCC(=O)OCCOC(=O)C(C)CSCCc5ccccc5)CCC(=O)OCCOC(=O)C(C)CSCCc5ccccc5,0.2244993146238028
CCCCCCCCCCCCCCCCN(CCC(=O)OCCOC(=O)C(C)CSCCC(C)C)CCC(=O)OCCOC(=O)C(C)CSCCC(C)C,0.5440816185306941
CCCCCCCCCCCCCCCCN(CCC(=O)OCCOC(=O)C(C)CSCCCC)CCC(=O)OCCOC(=O)C(C)CSCCCC,0.6039732514544405
CCCCCCCCCCCCCCCCN(CCC(=O)OCCOC(=O)C(C)CSCCCCC)CCC(=O)OCCOC(=O)C(C)CSCCCCC,0.6161084623081488
CCCCCCCCCCCCCCCCN(CCC(=O)OCCOC(=O)C(C)CSCCCCCC)CCC(=O)OCCOC(=O)C(C)CSCCCCCC,0.611759626560395
CCCCCCCCCCCCCCCCN(CCC(=O)OCCOC(=O)C(C)CSCCCCCCC)CCC(=O)OCCOC(=O)C(C)CSCCCCCCC,0.6149892218898402
CCCCCCCCCCCCCCCCN(CCC(=O)OCCOC(=O)C(C)CSCCCCCCCC)CCC(=O)OCCOC(=O)C(C)CSCCCCCCCC,0.6118216345048048
CCCCCCCCCCCCCCCCN(CCC(=O)OCCOC(=O)C(C)CSCCCCCCCCC)CCC(=O)OCCOC(=O)C(C)CSCCCCCCCCC,0.6186940923282628
CCCCCCCCCCCCCCCCN(CCC(=O)OCCOC(=O)C(C)CSCCN(C)C)CCC(=O)OCCOC(=O)C(C)CSCCN(C)C,0.4497155044019577
CCCCCCCCCCCCCCCCN(CCC(=O)OCCOC(=O)C(C)CSCCCC(=O)N(C)CCCN(C)C)CCC(=O)OCCOC(=O)C(C)CSCCCC(=O)N(C)CCCN(C)C,0.48739813726685655
CCCCCCCCCCCCCCCCN(CCC(=O)OCCOC(=O)C(C)CSCCCC(=O)N(C)CCN5(CCCCC5))CCC(=O)OCCOC(=O)C(C)CSCCCC(=O)N(C)CCN5(CCCCC5),0.4976986932773443
CCCCCCCCCCCCCCCCN(CCC(=O)OCCOC(=O)C(C)CSCCNCCCC)CCC(=O)OCCOC(=O)C(C)CSCCNCCCC,0.5861594590787195
CCCCCCCCCCCCCCCCN(CCC(=O)OCCOC(=O)C(C)CSCCN(CC)CC)CCC(=O)OCCOC(=O)C(C)CSCCN(CC)CC,0.4500863905363163
CCCCCCCCCCCCCCCCN(CCC(=O)OCCOC(=O)C(C)CSCCN5CCCC5)CCC(=O)OCCOC(=O)C(C)CSCCN5CCCC5,0.5099813591419905
CCCCCCCCCCCCCCCCN(CCC(=O)OCCOC(=O)C(C)CSCCN5CCCCC5)CCC(=O)OCCOC(=O)C(C)CSCCN5CCCCC5,0.5014394520793661
CCCCCCCCCCCCCCCCN(CCC(=O)OCCOC(=O)C(C)CSCCN5CCCCCC5)CCC(=O)OCCOC(=O)C(C)CSCCN5CCCCCC5,0.4924044597488994
CCCCCCCCCCCCCCCCN(CCC(=O)OCCOC(=O)C(C)CSCCN(CCC)CCC)CCC(=O)OCCOC(=O)C(C)CSCCN(CCC)CCC,0.3956447555738982
CCCCCCCCCCCCCCCCN(CCC(=O)OCCOC(=O)C(C)CSCCN(CCCC)CCCC)CCC(=O)OCCOC(=O)C(C)CSCCN(CCCC)CCCC,0.5800874457864607
CCCCCCCCCCCCCCCCN(CCC(=O)OCCOC(=O)C(C)CSCCCC(=O)N5CCN(CCO)CC5)CCC(=O)OCCOC(=O)C(C)CSCCCC(=O)N5CCN(CCO)CC5,0.4349478746325217
CCCCCCCCCCCCCCCCN(CCC(=O)OCCOC(=O)C(C)CSCCC(O)=O)CCC(=O)OCCOC(=O)C(C)CSCCC(O)=O,0.5223329127950228
CCCCCCCCCCCCCCCCN(CCC(=O)OCCOC(=O)C(C)CSCCCCCC(O)=O)CCC(=O)OCCOC(=O)C(C)CSCCCCCC(O)=O,0.5536161292298643
CCCCCCCCCCCCCCCCN(CCC(=O)OCCOC(=O)C(C)CSCCCCCCCCCCC(O)=O)CCC(=O)OCCOC(=O)C(C)CSCCCCCCCCCCC(O)=O,0.5607425754058326
CCCCCCCCCCCCCCCCN(CCC(=O)OCCOC(=O)C(C)CSCCO)CCC(=O)OCCOC(=O)C(C)CSCCO,0.5060018310362544
CCCCCCCCCCCCCCCCN(CCC(=O)OCCOC(=O)C(C)CSCC(O)CO)CCC(=O)OCCOC(=O)C(C)CSCC(O)CO,0.42090203282310995
CCCCCCCCCCCCCCCCN(CCC(=O)OCCOC(=O)C(C)CSCCCO)CCC(=O)OCCOC(=O)C(C)CSCCCO,0.5423119797021932
CCCCCCCCCCCCCCCCN(CCC(=O)OCCOC(=O)C(C)CSCCCCO)CCC(=O)OCCOC(=O)C(C)CSCCCCO,0.5575866629075448
CCCCCCCCCCCCCCCCN(CCC(=O)OCCOC(=O)C(C)CSCCCCCCO)CCC(=O)OCCOC(=O)C(C)CSCCCCCCO,0.5640566945327009
CCCCCCCCCCCCCCCCN(CCC(=O)OCCOC(=O)C(C)CSCCCCCCCCCCCO)CCC(=O)OCCOC(=O)C(C)CSCCCCCCCCCCCO,0.5777551488956211
CCCCCCCCCCCCCCCCCCN(CCC(=O)OCCOC(=O)C(C)CSCC(C)C)CCC(=O)OCCOC(=O)C(C)CSCC(C)C,0.5566001349773677
CCCCCCCCCCCCCCCCCCN(CCC(=O)OCCOC(=O)C(C)CSCCCCCCCCCC)CCC(=O)OCCOC(=O)C(C)CSCCCCCCCCCC,0.6154419215800555
CCCCCCCCCCCCCCCCCCN(CCC(=O)OCCOC(=O)C(C)CSCCCCCCCCCCC)CCC(=O)OCCOC(=O)C(C)CSCCCCCCCCCCC,0.6139595087918465
CCCCCCCCCCCCCCCCCCN(CCC(=O)OCCOC(=O)C(C)CSCCCCCCCCCCCC)CCC(=O)OCCOC(=O)C(C)CSCCCCCCCCCCCC,0.6126279164793776
CCCCCCCCCCCCCCCCCCN(CCC(=O)OCCOC(=O)C(C)CSCCCCCCCCCCCCCC)CCC(=O)OCCOC(=O)C(C)CSCCCCCCCCCCCCCC,0.6106430666007784
CCCCCCCCCCCCCCCCCCN(CCC(=O)OCCOC(=O)C(C)CSCCCCCCCCCCCCCCCC)CCC(=O)OCCOC(=O)C(C)CSCCCCCCCCCCCCCCCC,0.6091448688891606
CCCCCCCCCCCCCCCCCCN(CCC(=O)OCCOC(=O)C(C)CSCCCCCCCCCCCCCCCCCC)CCC(=O)OCCOC(=O)C(C)CSCCCCCCCCCCCCCCCCCC,0.6079751167159437
CCCCCCCCCCCCCCCCCCN(CCC(=O)OCCOC(=O)C(C)CSCCc5ccccc5)CCC(=O)OCCOC(=O)C(C)CSCCc5ccccc5,0.2362395449977983
CCCCCCCCCCCCCCCCCCN(CCC(=O)OCCOC(=O)C(C)CSCCC(C)C)CCC(=O)OCCOC(=O)C(C)CSCCC(C)C,0.5456831628163282
CCCCCCCCCCCCCCCCCCN(CCC(=O)OCCOC(=O)C(C)CSCCCC)CCC(=O)OCCOC(=O)C(C)CSCCCC,0.603108833309124
CCCCCCCCCCCCCCCCCCN(CCC(=O)OCCOC(=O)C(C)CSCCCCC)CCC(=O)OCCOC(=O)C(C)CSCCCCC,0.6144218581333533
CCCCCCCCCCCCCCCCCCN(CCC(=O)OCCOC(=O)C(C)CSCCCCCC)CCC(=O)OCCOC(=O)C(C)CSCCCCCC,0.6101988252468803
CCCCCCCCCCCCCCCCCCN(CCC(=O)OCCOC(=O)C(C)CSCCCCCCC)CCC(=O)OCCOC(=O)C(C)CSCCCCCCC,0.6133246570420682
CCCCCCCCCCCCCCCCCCN(CCC(=O)OCCOC(=O)C(C)CSCCCCCCCC)CCC(=O)OCCOC(=O)C(C)CSCCCCCCCC,0.6103104514599675
CCCCCCCCCCCCCCCCCCN(CCC(=O)OCCOC(=O)C(C)CSCCCCCCCCC)CCC(=O)OCCOC(=O)C(C)CSCCCCCCCCC,0.6170179121594919
CCCCCCCCCCCCCCCCCCN(CCC(=O)OCCOC(=O)C(C)CSCCN(C)C)CCC(=O)OCCOC(=O)C(C)CSCCN(C)C,0.45562308644489563
CCCCCCCCCCCCCCCCCCN(CCC(=O)OCCOC(=O)C(C)CSCCCC(=O)N(C)CCCN(C)C)CCC(=O)OCCOC(=O)C(C)CSCCCC(=O)N(C)CCCN(C)C,0.49100019722300126
CCCCCCCCCCCCCCCCCCN(CCC(=O)OCCOC(=O)C(C)CSCCCC(=O)N(C)CCN5(CCCCC5))CCC(=O)OCCOC(=O)C(C)CSCCCC(=O)N(C)CCN5(CCCCC5),0.4999984374865124
CCCCCCCCCCCCCCCCCCN(CCC(=O)OCCOC(=O)C(C)CSCCNCCCC)CCC(=O)OCCOC(=O)C(C)CSCCNCCCC,0.5858168368921249
CCCCCCCCCCCCCCCCCCN(CCC(=O)OCCOC(=O)C(C)CSCCN(CC)CC)CCC(=O)OCCOC(=O)C(C)CSCCN(CC)CC,0.4553372006339498
CCCCCCCCCCCCCCCCCCN(CCC(=O)OCCOC(=O)C(C)CSCCN5CCCC5)CCC(=O)OCCOC(=O)C(C)CSCCN5CCCC5,0.5124923532789677
CCCCCCCCCCCCCCCCCCN(CCC(=O)OCCOC(=O)C(C)CSCCN5CCCCC5)CCC(=O)OCCOC(=O)C(C)CSCCN5CCCCC5,0.5041380783247877
CCCCCCCCCCCCCCCCCCN(CCC(=O)OCCOC(=O)C(C)CSCCN5CCCCCC5)CCC(=O)OCCOC(=O)C(C)CSCCN5CCCCCC5,0.49528735263796325
CCCCCCCCCCCCCCCCCCN(CCC(=O)OCCOC(=O)C(C)CSCCN(CCC)CCC)CCC(=O)OCCOC(=O)C(C)CSCCN(CCC)CCC,0.4024321237253204
CCCCCCCCCCCCCCCCCCN(CCC(=O)OCCOC(=O)C(C)CSCCN(CCCC)CCCC)CCC(=O)OCCOC(=O)C(C)CSCCN(CCCC)CCCC,0.580125508299888
CCCCCCCCCCCCCCCCCCN(CCC(=O)OCCOC(=O)C(C)CSCCCC(=O)N5CCN(CCO)CC5)CCC(=O)OCCOC(=O)C(C)CSCCCC(=O)N5CCN(CCO)CC5,0.4398680650419262
CCCCCCCCCCCCCCCCCCN(CCC(=O)OCCOC(=O)C(C)CSCCC(O)=O)CCC(=O)OCCOC(=O)C(C)CSCCC(O)=O,0.524822761091207
CCCCCCCCCCCCCCCCCCN(CCC(=O)OCCOC(=O)C(C)CSCCCCCC(O)=O)CCC(=O)OCCOC(=O)C(C)CSCCCCCC(O)=O,0.5548228121672829
CCCCCCCCCCCCCCCCCCN(CCC(=O)OCCOC(=O)C(C)CSCCCCCCCCCCC(O)=O)CCC(=O)OCCOC(=O)C(C)CSCCCCCCCCCCC(O)=O,0.5611451207356319
CCCCCCCCCCCCCCCCCCN(CCC(=O)OCCOC(=O)C(C)CSCCO)CCC(=O)OCCOC(=O)C(C)CSCCO,0.5090557074069977
CCCCCCCCCCCCCCCCCCN(CCC(=O)OCCOC(=O)C(C)CSCC(O)CO)CCC(=O)OCCOC(=O)C(C)CSCC(O)CO,0.42720736515307584
CCCCCCCCCCCCCCCCCCN(CCC(=O)OCCOC(=O)C(C)CSCCCO)CCC(=O)OCCOC(=O)C(C)CSCCCO,0.5438590213277554
CCCCCCCCCCCCCCCCCCN(CCC(=O)OCCOC(=O)C(C)CSCCCCO)CCC(=O)OCCOC(=O)C(C)CSCCCCO,0.5583330217389129
CCCCCCCCCCCCCCCCCCN(CCC(=O)OCCOC(=O)C(C)CSCCCCCCO)CCC(=O)OCCOC(=O)C(C)CSCCCCCCO,0.5646955967533915
CCCCCCCCCCCCCCCCCCN(CCC(=O)OCCOC(=O)C(C)CSCCCCCCCCCCCO)CCC(=O)OCCOC(=O)C(C)CSCCCCCCCCCCCO,0.5777174437766861
C1C(CN(CCC(=O)OCCOC(=O)C(C)CSCC(C)C)(CCC(=O)OCCOC(=O)C(C)CSCC(C)C))CCN(CCC(=O)OCCOC(=O)C(C)CSCC(C)C)C1,0.39355265756474206
C1C(CN(CCC(=O)OCCOC(=O)C(C)CSCCCCCCCCCC)(CCC(=O)OCCOC(=O)C(C)CSCCCCCCCCCC))CCN(CCC(=O)OCCOC(=O)C(C)CSCCCCCCCCCC)C1,0.5095795286011757
C1C(CN(CCC(=O)OCCOC(=O)C(C)CSCCCCCCCCCCC)(CCC(=O)OCCOC(=O)C(C)CSCCCCCCCCCCC))CCN(CCC(=O)OCCOC(=O)C(C)CSCCCCCCCCCCC)C1,0.5122948928219856
C1C(CN(CCC(=O)OCCOC(=O)C(C)CSCCCCCCCCCCCC)(CCC(=O)OCCOC(=O)C(C)CSCCCCCCCCCCCC))CCN(CCC(=O)OCCOC(=O)C(C)CSCCCCCCCCCCCC)C1,0.5149300219792796
C1C(CN(CCC(=O)OCCOC(=O)C(C)CSCCCCCCCCCCCCCC)(CCC(=O)OCCOC(=O)C(C)CSCCCCCCCCCCCCCC))CCN(CCC(=O)OCCOC(=O)C(C)CSCCCCCCCCCCCCCC)C1,0.5198909553608035
C1C(CN(CCC(=O)OCCOC(=O)C(C)CSCCCCCCCCCCCCCCCC)(CCC(=O)OCCOC(=O)C(C)CSCCCCCCCCCCCCCCCC))CCN(CCC(=O)OCCOC(=O)C(C)CSCCCCCCCCCCCCCCCC)C1,0.5242120930354061
C1C(CN(CCC(=O)OCCOC(=O)C(C)CSCCCCCCCCCCCCCCCCCC)(CCC(=O)OCCOC(=O)C(C)CSCCCCCCCCCCCCCCCCCC))CCN(CCC(=O)OCCOC(=O)C(C)CSCCCCCCCCCCCCCCCCCC)C1,0.527401124089978
C1C(CN(CCC(=O)OCCOC(=O)C(C)CSCCc5ccccc5)(CCC(=O)OCCOC(=O)C(C)CSCCc5ccccc5))CCN(CCC(=O)OCCOC(=O)C(C)CSCCc5ccccc5)C1,0.029180451065209733
C1C(CN(CCC(=O)OCCOC(=O)C(C)CSCCC(C)C)(CCC(=O)OCCOC(=O)C(C)CSCCC(C)C))CCN(CCC(=O)OCCOC(=O)C(C)CSCCC(C)C)C1,0.3858173303054342
C1C(CN(CCC(=O)OCCOC(=O)C(C)CSCCCC)(CCC(=O)OCCOC(=O)C(C)CSCCCC))CCN(CCC(=O)OCCOC(=O)C(C)CSCCCC)C1,0.4596790969719786
C1C(CN(CCC(=O)OCCOC(=O)C(C)CSCCCCC)(CCC(=O)OCCOC(=O)C(C)CSCCCCC))CCN(CCC(=O)OCCOC(=O)C(C)CSCCCCC)C1,0.48123689448302626
C1C(CN(CCC(=O)OCCOC(=O)C(C)CSCCCCCC)(CCC(=O)OCCOC(=O)C(C)CSCCCCCC))CCN(CCC(=O)OCCOC(=O)C(C)CSCCCCCC)C1,0.4830447447393262
C1C(CN(CCC(=O)OCCOC(=O)C(C)CSCCCCCCC)(CCC(=O)OCCOC(=O)C(C)CSCCCCCCC))CCN(CCC(=O)OCCOC(=O)C(C)CSCCCCCCC)C1,0.4923110010891694
C1C(CN(CCC(=O)OCCOC(=O)C(C)CSCCCCCCCC)(CCC(=O)OCCOC(=O)C(C)CSCCCCCCCC))CCN(CCC(=O)OCCOC(=O)C(C)CSCCCCCCCC)C1,0.4946837431233847
C1C(CN(CCC(=O)OCCOC(=O)C(C)CSCCCCCCCCC)(CCC(=O)OCCOC(=O)C(C)CSCCCCCCCCC))CCN(CCC(=O)OCCOC(=O)C(C)CSCCCCCCCCC)C1,0.5066323344863767
C1C(CN(CCC(=O)OCCOC(=O)C(C)CSCCN(C)C)(CCC(=O)OCCOC(=O)C(C)CSCCN(C)C))CCN(CCC(=O)OCCOC(=O)C(C)CSCCN(C)C)C1,0.2575510679207939
C1C(CN(CCC(=O)OCCOC(=O)C(C)CSCCCC(=O)N(C)CCCN(C)C)(CCC(=O)OCCOC(=O)C(C)CSCCCC(=O)N(C)CCCN(C)C))CCN(CCC(=O)OCCOC(=O)C(C)CSCCCC(=O)N(C)CCCN(C)C)C1,0.35511952604893954
C1C(CN(CCC(=O)OCCOC(=O)C(C)CSCCCC(=O)N(C)CCN5(CCCCC5))(CCC(=O)OCCOC(=O)C(C)CSCCCC(=O)N(C)CCN5(CCCCC5)))CCN(CCC(=O)OCCOC(=O)C(C)CSCCCC(=O)N(C)CCN5(CCCCC5))C1,0.3838002553567814
C1C(CN(CCC(=O)OCCOC(=O)C(C)CSCCNCCCC)(CCC(=O)OCCOC(=O)C(C)CSCCNCCCC))CCN(CCC(=O)OCCOC(=O)C(C)CSCCNCCCC)C1,0.4598828118325755
C1C(CN(CCC(=O)OCCOC(=O)C(C)CSCCN(CC)CC)(CCC(=O)OCCOC(=O)C(C)CSCCN(CC)CC))CCN(CCC(=O)OCCOC(=O)C(C)CSCCN(CC)CC)C1,0.27645699829915926
C1C(CN(CCC(=O)OCCOC(=O)C(C)CSCCN5CCCC5)(CCC(=O)OCCOC(=O)C(C)CSCCN5CCCC5))CCN(CCC(=O)OCCOC(=O)C(C)CSCCN5CCCC5)C1,0.3612799646951622
C1C(CN(CCC(=O)OCCOC(=O)C(C)CSCCN5CCCCC5)(CCC(=O)OCCOC(=O)C(C)CSCCN5CCCCC5))CCN(CCC(=O)OCCOC(=O)C(C)CSCCN5CCCCC5)C1,0.3580007808799138
C1C(CN(CCC(=O)OCCOC(=O)C(C)CSCCN5CCCCCC5)(CCC(=O)OCCOC(=O)C(C)CSCCN5CCCCCC5))CCN(CCC(=O)OCCOC(=O)C(C)CSCCN5CCCCCC5)C1,0.3525800892669522
C1C(CN(CCC(=O)OCCOC(=O)C(C)CSCCN(CCC)CCC)(CCC(=O)OCCOC(=O)C(C)CSCCN(CCC)CCC))CCN(CCC(=O)OCCOC(=O)C(C)CSCCN(CCC)CCC)C1,0.22286119696845924
C1C(CN(CCC(=O)OCCOC(=O)C(C)CSCCN(CCCC)CCCC)(CCC(=O)OCCOC(=O)C(C)CSCCN(CCCC)CCCC))CCN(CCC(=O)OCCOC(=O)C(C)CSCCN(CCCC)CCCC)C1,0.4709557866894931
C1C(CN(CCC(=O)OCCOC(=O)C(C)CSCCCC(=O)N5CCN(CCO)CC5)(CCC(=O)OCCOC(=O)C(C)CSCCCC(=O)N5CCN(CCO)CC5))CCN(CCC(=O)OCCOC(=O)C(C)CSCCCC(=O)N5CCN(CCO)CC5)C1,0.2981338081761345
C1C(CN(CCC(=O)OCCOC(=O)C(C)CSCCC(O)=O)(CCC(=O)OCCOC(=O)C(C)CSCCC(O)=O))CCN(CCC(=O)OCCOC(=O)C(C)CSCCC(O)=O)C1,0.3525931639487946
C1C(CN(CCC(=O)OCCOC(=O)C(C)CSCCCCCC(O)=O)(CCC(=O)OCCOC(=O)C(C)CSCCCCCC(O)=O))CCN(CCC(=O)OCCOC(=O)C(C)CSCCCCCC(O)=O)C1,0.41714015796316944
C1C(CN(CCC(=O)OCCOC(=O)C(C)CSCCCCCCCCCCC(O)=O)(CCC(=O)OCCOC(=O)C(C)CSCCCCCCCCCCC(O)=O))CCN(CCC(=O)OCCOC(=O)C(C)CSCCCCCCCCCCC(O)=O)C1,0.45354507573530994
C1C(CN(CCC(=O)OCCOC(=O)C(C)CSCCO)(CCC(=O)OCCOC(=O)C(C)CSCCO))CCN(CCC(=O)OCCOC(=O)C(C)CSCCO)C1,0.3172850005248237
C1C(CN(CCC(=O)OCCOC(=O)C(C)CSCC(O)CO)(CCC(=O)OCCOC(=O)C(C)CSCC(O)CO))CCN(CCC(=O)OCCOC(=O)C(C)CSCC(O)CO)C1,0.23119018626231064
C1C(CN(CCC(=O)OCCOC(=O)C(C)CSCCCO)(CCC(=O)OCCOC(=O)C(C)CSCCCO))CCN(CCC(=O)OCCOC(=O)C(C)CSCCCO)C1,0.37939661912021205
C1C(CN(CCC(=O)OCCOC(=O)C(C)CSCCCCO)(CCC(=O)OCCOC(=O)C(C)CSCCCCO))CCN(CCC(=O)OCCOC(=O)C(C)CSCCCCO)C1,0.4091905131399939
C1C(CN(CCC(=O)OCCOC(=O)C(C)CSCCCCCCO)(CCC(=O)OCCOC(=O)C(C)CSCCCCCCO))CCN(CCC(=O)OCCOC(=O)C(C)CSCCCCCCO)C1,0.43368788035000533
C1C(CN(CCC(=O)OCCOC(=O)C(C)CSCCCCCCCCCCCO)(CCC(=O)OCCOC(=O)C(C)CSCCCCCCCCCCCO))CCN(CCC(=O)OCCOC(=O)C(C)CSCCCCCCCCCCCO)C1,0.4747495292249948
C1C(CCN(CCC(=O)OCCOC(=O)C(C)CSCC(C)C)(CCC(=O)OCCOC(=O)C(C)CSCC(C)C))CCN(CCC(=O)OCCOC(=O)C(C)CSCC(C)C)C1,0.42557017076683734
C1C(CCN(CCC(=O)OCCOC(=O)C(C)CSCCCCCCCCCC)(CCC(=O)OCCOC(=O)C(C)CSCCCCCCCCCC))CCN(CCC(=O)OCCOC(=O)C(C)CSCCCCCCCCCC)C1,0.5296839218436373
C1C(CCN(CCC(=O)OCCOC(=O)C(C)CSCCCCCCCCCCC)(CCC(=O)OCCOC(=O)C(C)CSCCCCCCCCCCC))CCN(CCC(=O)OCCOC(=O)C(C)CSCCCCCCCCCCC)C1,0.5316924788902242
C1C(CCN(CCC(=O)OCCOC(=O)C(C)CSCCCCCCCCCCCC)(CCC(=O)OCCOC(=O)C(C)CSCCCCCCCCCCCC))CCN(CCC(=O)OCCOC(=O)C(C)CSCCCCCCCCCCCC)C1,0.5335623668738083
C1C(CCN(CCC(=O)OCCOC(=O)C(C)CSCCCCCCCCCCCCCC)(CCC(=O)OCCOC(=O)C(C)CSCCCCCCCCCCCCCC))CCN(CCC(=O)OCCOC(=O)C(C)CSCCCCCCCCCCCCCC)C1,0.5371084350261632
C1C(CCN(CCC(=O)OCCOC(=O)C(C)CSCCCCCCCCCCCCCCCC)(CCC(=O)OCCOC(=O)C(C)CSCCCCCCCCCCCCCCCC))CCN(CCC(=O)OCCOC(=O)C(C)CSCCCCCCCCCCCCCCCC)C1,0.5400824337278829
C1C(CCN(CCC(=O)OCCOC(=O)C(C)CSCCCCCCCCCCCCCCCCCC)(CCC(=O)OCCOC(=O)C(C)CSCCCCCCCCCCCCCCCCCC))CCN(CCC(=O)OCCOC(=O)C(C)CSCCCCCCCCCCCCCCCCCC)C1,0.5420531069582886
C1C(CCN(CCC(=O)OCCOC(=O)C(C)CSCCc5ccccc5)(CCC(=O)OCCOC(=O)C(C)CSCCc5ccccc5))CCN(CCC(=O)OCCOC(=O)C(C)CSCCc5ccccc5)C1,0.0521679754597301
C1C(CCN(CCC(=O)OCCOC(=O)C(C)CSCCC(C)C)(CCC(=O)OCCOC(=O)C(C)CSCCC(C)C))CCN(CCC(=O)OCCOC(=O)C(C)CSCCC(C)C)C1,0.4164830286233727
C1C(CCN(CCC(=O)OCCOC(=O)C(C)CSCCCC)(CCC(=O)OCCOC(=O)C(C)CSCCCC))CCN(CCC(=O)OCCOC(=O)C(C)CSCCCC)C1,0.48826803546105446
C1C(CCN(CCC(=O)OCCOC(=O)C(C)CSCCCCC)(CCC(=O)OCCOC(=O)C(C)CSCCCCC))CCN(CCC(=O)OCCOC(=O)C(C)CSCCCCC)C1,0.5060646133353974
C1C(CCN(CCC(=O)OCCOC(=O)C(C)CSCCCCCC)(CCC(=O)OCCOC(=O)C(C)CSCCCCCC))CCN(CCC(=O)OCCOC(=O)C(C)CSCCCCCC)C1,0.5066222678748442
C1C(CCN(CCC(=O)OCCOC(=O)C(C)CSCCCCCCC)(CCC(=O)OCCOC(=O)C(C)CSCCCCCCC))CCN(CCC(=O)OCCOC(=O)C(C)CSCCCCCCC)C1,0.5147692540235045
C1C(CCN(CCC(=O)OCCOC(=O)C(C)CSCCCCCCCC)(CCC(=O)OCCOC(=O)C(C)CSCCCCCCCC))CCN(CCC(=O)OCCOC(=O)C(C)CSCCCCCCCC)C1,0.5161140103664388
C1C(CCN(CCC(=O)OCCOC(=O)C(C)CSCCCCCCCCC)(CCC(=O)OCCOC(=O)C(C)CSCCCCCCCCC))CCN(CCC(=O)OCCOC(=O)C(C)CSCCCCCCCCC)C1,0.5275209703763877
C1C(CCN(CCC(=O)OCCOC(=O)C(C)CSCCN(C)C)(CCC(=O)OCCOC(=O)C(C)CSCCN(C)C))CCN(CCC(=O)OCCOC(=O)C(C)CSCCN(C)C)C1,0.28902221429282343
C1C(CCN(CCC(=O)OCCOC(=O)C(C)CSCCCC(=O)N(C)CCCN(C)C)(CCC(=O)OCCOC(=O)C(C)CSCCCC(=O)N(C)CCCN(C)C))CCN(CCC(=O)OCCOC(=O)C(C)CSCCCC(=O)N(C)CCCN(C)C)C1,0.3765614086129926
C1C(CCN(CCC(=O)OCCOC(=O)C(C)CSCCCC(=O)N(C)CCN5(CCCCC5))(CCC(=O)OCCOC(=O)C(C)CSCCCC(=O)N(C)CCN5(CCCCC5)))CCN(CCC(=O)OCCOC(=O)C(C)CSCCCC(=O)N(C)CCN5(CCCCC5))C1,0.40399054240888654
C1C(CCN(CCC(=O)OCCOC(=O)C(C)CSCCNCCCC)(CCC(=O)OCCOC(=O)C(C)CSCCNCCCC))CCN(CCC(=O)OCCOC(=O)C(C)CSCCNCCCC)C1,0.4829802945992192
C1C(CCN(CCC(=O)OCCOC(=O)C(C)CSCCN(CC)CC)(CCC(=O)OCCOC(=O)C(C)CSCCN(CC)CC))CCN(CCC(=O)OCCOC(=O)C(C)CSCCN(CC)CC)C1,0.3049011920188636
C1C(CCN(CCC(=O)OCCOC(=O)C(C)CSCCN5CCCC5)(CCC(=O)OCCOC(=O)C(C)CSCCN5CCCC5))CCN(CCC(=O)OCCOC(=O)C(C)CSCCN5CCCC5)C1,0.3883747857264071
C1C(CCN(CCC(=O)OCCOC(=O)C(C)CSCCN5CCCCC5)(CCC(=O)OCCOC(=O)C(C)CSCCN5CCCCC5))CCN(CCC(=O)OCCOC(=O)C(C)CSCCN5CCCCC5)C1,0.3840021832449169
C1C(CCN(CCC(=O)OCCOC(=O)C(C)CSCCN5CCCCCC5)(CCC(=O)OCCOC(=O)C(C)CSCCN5CCCCCC5))CCN(CCC(=O)OCCOC(=O)C(C)CSCCN5CCCCCC5)C1,0.3775001052469535
C1C(CCN(CCC(=O)OCCOC(=O)C(C)CSCCN(CCC)CCC)(CCC(=O)OCCOC(=O)C(C)CSCCN(CCC)CCC))CCN(CCC(=O)OCCOC(=O)C(C)CSCCN(CCC)CCC)C1,0.2496370136324741
C1C(CCN(CCC(=O)OCCOC(=O)C(C)CSCCN(CCCC)CCCC)(CCC(=O)OCCOC(=O)C(C)CSCCN(CCCC)CCCC))CCN(CCC(=O)OCCOC(=O)C(C)CSCCN(CCCC)CCCC)C1,0.490441589631575
C1C(CCN(CCC(=O)OCCOC(=O)C(C)CSCCCC(=O)N5CCN(CCO)CC5)(CCC(=O)OCCOC(=O)C(C)CSCCCC(=O)N5CCN(CCO)CC5))CCN(CCC(=O)OCCOC(=O)C(C)CSCCCC(=O)N5CCN(CCO)CC5)C1,0.31954751614104654
C1C(CCN(CCC(=O)OCCOC(=O)C(C)CSCCC(O)=O)(CCC(=O)OCCOC(=O)C(C)CSCCC(O)=O))CCN(CCC(=O)OCCOC(=O)C(C)CSCCC(O)=O)C1,0.3824952293682384
C1C(CCN(CCC(=O)OCCOC(=O)C(C)CSCCCCCC(O)=O)(CCC(=O)OCCOC(=O)C(C)CSCCCCCC(O)=O))CCN(CCC(=O)OCCOC(=O)C(C)CSCCCCCC(O)=O)C1,0.4420076369528063
C1C(CCN(CCC(=O)OCCOC(=O)C(C)CSCCCCCCCCCCC(O)=O)(CCC(=O)OCCOC(=O)C(C)CSCCCCCCCCCCC(O)=O))CCN(CCC(=O)OCCOC(=O)C(C)CSCCCCCCCCCCC(O)=O)C1,0.47339970979341994
C1C(CCN(CCC(=O)OCCOC(=O)C(C)CSCCO)(CCC(=O)OCCOC(=O)C(C)CSCCO))CCN(CCC(=O)OCCOC(=O)C(C)CSCCO)C1,0.35142776007523374
C1C(CCN(CCC(=O)OCCOC(=O)C(C)CSCC(O)CO)(CCC(=O)OCCOC(=O)C(C)CSCC(O)CO))CCN(CCC(=O)OCCOC(=O)C(C)CSCC(O)CO)C1,0.2590654079503128
C1C(CCN(CCC(=O)OCCOC(=O)C(C)CSCCCO)(CCC(=O)OCCOC(=O)C(C)CSCCCO))CCN(CCC(=O)OCCOC(=O)C(C)CSCCCO)C1,0.40955508530498896
C1C(CCN(CCC(=O)OCCOC(=O)C(C)CSCCCCO)(CCC(=O)OCCOC(=O)C(C)CSCCCCO))CCN(CCC(=O)OCCOC(=O)C(C)CSCCCCO)C1,0.43799365006144003
C1C(CCN(CCC(=O)OCCOC(=O)C(C)CSCCCCCCO)(CCC(=O)OCCOC(=O)C(C)CSCCCCCCO))CCN(CCC(=O)OCCOC(=O)C(C)CSCCCCCCO)C1,0.4582362358409148
C1C(CCN(CCC(=O)OCCOC(=O)C(C)CSCCCCCCCCCCCO)(CCC(=O)OCCOC(=O)C(C)CSCCCCCCCCCCCO))CCN(CCC(=O)OCCOC(=O)C(C)CSCCCCCCCCCCCO)C1,0.4934702994734872
CN(C)CCCN(CCC(=O)OCCOC(=O)C(C)CSCC(C)C)CCCN(CCC(=O)OCCOC(=O)C(C)CSCC(C)C)CCC(=O)OCCOC(=O)C(C)CSCC(C)C,0.514542665915402
CN(C)CCCN(CCC(=O)OCCOC(=O)C(C)CSCCCCCCCCCC)CCCN(CCC(=O)OCCOC(=O)C(C)CSCCCCCCCCCC)CCC(=O)OCCOC(=O)C(C)CSCCCCCCCCCC,0.594797683957012
CN(C)CCCN(CCC(=O)OCCOC(=O)C(C)CSCCCCCCCCCCC)CCCN(CCC(=O)OCCOC(=O)C(C)CSCCCCCCCCCCC)CCC(=O)OCCOC(=O)C(C)CSCCCCCCCCCCC,0.59417873626214
CN(C)CCCN(CCC(=O)OCCOC(=O)C(C)CSCCCCCCCCCCCC)CCCN(CCC(=O)OCCOC(=O)C(C)CSCCCCCCCCCCCC)CCC(=O)OCCOC(=O)C(C)CSCCCCCCCCCCCC,0.5932963292607125
CN(C)CCCN(CCC(=O)OCCOC(=O)C(C)CSCCCCCCCCCCCCCC)CCCN(CCC(=O)OCCOC(=O)C(C)CSCCCCCCCCCCCCCC)CCC(=O)OCCOC(=O)C(C)CSCCCCCCCCCCCCCC,0.5917075320453029
CN(C)CCCN(CCC(=O)OCCOC(=O)C(C)CSCCCCCCCCCCCCCCCC)CCCN(CCC(=O)OCCOC(=O)C(C)CSCCCCCCCCCCCCCCCC)CCC(=O)OCCOC(=O)C(C)CSCCCCCCCCCCCCCCCC,0.5903996469008217
CN(C)CCCN(CCC(=O)OCCOC(=O)C(C)CSCCCCCCCCCCCCCCCCCC)CCCN(CCC(=O)OCCOC(=O)C(C)CSCCCCCCCCCCCCCCCCCC)CCC(=O)OCCOC(=O)C(C)CSCCCCCCCCCCCCCCCCCC,0.5896344057271117
CN(C)CCCN(CCC(=O)OCCOC(=O)C(C)CSCCc5ccccc5)CCCN(CCC(=O)OCCOC(=O)C(C)CSCCc5ccccc5)CCC(=O)OCCOC(=O)C(C)CSCCc5ccccc5,0.12486133390526301
CN(C)CCCN(CCC(=O)OCCOC(=O)C(C)CSCCC(C)C)CCCN(CCC(=O)OCCOC(=O)C(C)CSCCC(C)C)CCC(=O)OCCOC(=O)C(C)CSCCC(C)C,0.5025778726687602
CN(C)CCCN(CCC(=O)OCCOC(=O)C(C)CSCCCC)CCCN(CCC(=O)OCCOC(=O)C(C)CSCCCC)CCC(=O)OCCOC(=O)C(C)CSCCCC,0.5714165193121249
CN(C)CCCN(CCC(=O)OCCOC(=O)C(C)CSCCCCC)CCCN(CCC(=O)OCCOC(=O)C(C)CSCCCCC)CCC(=O)OCCOC(=O)C(C)CSCCCCC,0.5867332559360674
CN(C)CCCN(CCC(=O)OCCOC(=O)C(C)CSCCCCCC)CCCN(CCC(=O)OCCOC(=O)C(C)CSCCCCCC)CCC(=O)OCCOC(=O)C(C)CSCCCCCC,0.5831851625482563
CN(C)CCCN(CCC(=O)OCCOC(=O)C(C)CSCCCCCCC)CCCN(CCC(=O)OCCOC(=O)C(C)CSCCCCCCC)CCC(=O)OCCOC(=O)C(C)CSCCCCCCC,0.5884153926797095
CN(C)CCCN(CCC(=O)OCCOC(=O)C(C)CSCCCCCCCC)CCCN(CCC(=O)OCCOC(=O)C(C)CSCCCCCCCC)CCC(=O)OCCOC(=O)C(C)CSCCCCCCCC,0.5862012742343157
CN(C)CCCN(CCC(=O)OCCOC(=O)C(C)CSCCCCCCCCC)CCCN(CCC(=O)OCCOC(=O)C(C)CSCCCCCCCCC)CCC(=O)OCCOC(=O)C(C)CSCCCCCCCCC,0.5954532050215936
CN(C)CCCN(CCC(=O)OCCOC(=O)C(C)CSCCN(C)C)CCCN(CCC(=O)OCCOC(=O)C(C)CSCCN(C)C)CCC(=O)OCCOC(=O)C(C)CSCCN(C)C,0.37626447335566054
CN(C)CCCN(CCC(=O)OCCOC(=O)C(C)CSCCCC(=O)N(C)CCCN(C)C)CCCN(CCC(=O)OCCOC(=O)C(C)CSCCCC(=O)N(C)CCCN(C)C)CCC(=O)OCCOC(=O)C(C)CSCCCC(=O)N(C)CCCN(C)C,0.4394876483877736
CN(C)CCCN(CCC(=O)OCCOC(=O)C(C)CSCCCC(=O)N(C)CCN5(CCCCC5))CCCN(CCC(=O)OCCOC(=O)C(C)CSCCCC(=O)N(C)CCN5(CCCCC5))CCC(=O)OCCOC(=O)C(C)CSCCCC(=O)N(C)CCN5(CCCCC5),0.461131697102957
CN(C)CCCN(CCC(=O)OCCOC(=O)C(C)CSCCNCCCC)CCCN(CCC(=O)OCCOC(=O)C(C)CSCCNCCCC)CCC(=O)OCCOC(=O)C(C)CSCCNCCCC,0.5542639663128619
CN(C)CCCN(CCC(=O)OCCOC(=O)C(C)CSCCN(CC)CC)CCCN(CCC(=O)OCCOC(=O)C(C)CSCCN(CC)CC)CCC(=O)OCCOC(=O)C(C)CSCCN(CC)CC,0.3844080046908955
CN(C)CCCN(CCC(=O)OCCOC(=O)C(C)CSCCN5CCCC5)CCCN(CCC(=O)OCCOC(=O)C(C)CSCCN5CCCC5)CCC(=O)OCCOC(=O)C(C)CSCCN5CCCC5,0.46460822224369
CN(C)CCCN(CCC(=O)OCCOC(=O)C(C)CSCCN5CCCCC5)CCCN(CCC(=O)OCCOC(=O)C(C)CSCCN5CCCCC5)CCC(=O)OCCOC(=O)C(C)CSCCN5CCCCC5,0.456039093633904
CN(C)CCCN(CCC(=O)OCCOC(=O)C(C)CSCCN5CCCCCC5)CCCN(CCC(=O)OCCOC(=O)C(C)CSCCN5CCCCCC5)CCC(=O)OCCOC(=O)C(C)CSCCN5CCCCCC5,0.44613533485846485
CN(C)CCCN(CCC(=O)OCCOC(=O)C(C)CSCCN(CCC)CCC)CCCN(CCC(=O)OCCOC(=O)C(C)CSCCN(CCC)CCC)CCC(=O)OCCOC(=O)C(C)CSCCN(CCC)CCC,0.3251087531380954
CN(C)CCCN(CCC(=O)OCCOC(=O)C(C)CSCCN(CCCC)CCCC)CCCN(CCC(=O)OCCOC(=O)C(C)CSCCN(CCCC)CCCC)CCC(=O)OCCOC(=O)C(C)CSCCN(CCCC)CCCC,0.5519449525839852
CN(C)CCCN(CCC(=O)OCCOC(=O)C(C)CSCCCC(=O)N5CCN(CCO)CC5)CCCN(CCC(=O)OCCOC(=O)C(C)CSCCCC(=O)N5CCN(CCO)CC5)CCC(=O)OCCOC(=O)C(C)CSCCCC(=O)N5CCN(CCO)CC5,0.3793957256339814
CN(C)CCCN(CCC(=O)OCCOC(=O)C(C)CSCCC(O)=O)CCCN(CCC(=O)OCCOC(=O)C(C)CSCCC(O)=O)CCC(=O)OCCOC(=O)C(C)CSCCC(O)=O,0.46856547275940763
CN(C)CCCN(CCC(=O)OCCOC(=O)C(C)CSCCCCCC(O)=O)CCCN(CCC(=O)OCCOC(=O)C(C)CSCCCCCC(O)=O)CCC(=O)OCCOC(=O)C(C)CSCCCCCC(O)=O,0.514510738674092
CN(C)CCCN(CCC(=O)OCCOC(=O)C(C)CSCCCCCCCCCCC(O)=O)CCCN(CCC(=O)OCCOC(=O)C(C)CSCCCCCCCCCCC(O)=O)CCC(=O)OCCOC(=O)C(C)CSCCCCCCCCCCC(O)=O,0.5298311683744548
CN(C)CCCN(CCC(=O)OCCOC(=O)C(C)CSCCO)CCCN(CCC(=O)OCCOC(=O)C(C)CSCCO)CCC(=O)OCCOC(=O)C(C)CSCCO,0.445952021266802
CN(C)CCCN(CCC(=O)OCCOC(=O)C(C)CSCC(O)CO)CCCN(CCC(=O)OCCOC(=O)C(C)CSCC(O)CO)CCC(=O)OCCOC(=O)C(C)CSCC(O)CO,0.34402153357756265
CN(C)CCCN(CCC(=O)OCCOC(=O)C(C)CSCCCO)CCCN(CCC(=O)OCCOC(=O)C(C)CSCCCO)CCC(=O)OCCOC(=O)C(C)CSCCCO,0.49528899069605287
CN(C)CCCN(CCC(=O)OCCOC(=O)C(C)CSCCCCO)CCCN(CCC(=O)OCCOC(=O)C(C)CSCCCCO)CCC(=O)OCCOC(=O)C(C)CSCCCCO,0.5163515585723044
CN(C)CCCN(CCC(=O)OCCOC(=O)C(C)CSCCCCCCO)CCCN(CCC(=O)OCCOC(=O)C(C)CSCCCCCCO)CCC(=O)OCCOC(=O)C(C)CSCCCCCCO,0.5285016608631908
CN(C)CCCN(CCC(=O)OCCOC(=O)C(C)CSCCCCCCCCCCCO)CCCN(CCC(=O)OCCOC(=O)C(C)CSCCCCCCCCCCCO)CCC(=O)OCCOC(=O)C(C)CSCCCCCCCCCCCO,0.550017702784391
OCCN(CCC(=O)OCCOC(=O)C(C)CSCC(C)C)CCCN(CCC(=O)OCCOC(=O)C(C)CSCC(C)C)CCC(=O)OCCOC(=O)C(C)CSCC(C)C,0.5008923108945671
OCCN(CCC(=O)OCCOC(=O)C(C)CSCCCCCCCCCC)CCCN(CCC(=O)OCCOC(=O)C(C)CSCCCCCCCCCC)CCC(=O)OCCOC(=O)C(C)CSCCCCCCCCCC,0.5879541750874283
OCCN(CCC(=O)OCCOC(=O)C(C)CSCCCCCCCCCCC)CCCN(CCC(=O)OCCOC(=O)C(C)CSCCCCCCCCCCC)CCC(=O)OCCOC(=O)C(C)CSCCCCCCCCCCC,0.5875116015744942
OCCN(CCC(=O)OCCOC(=O)C(C)CSCCCCCCCCCCCC)CCCN(CCC(=O)OCCOC(=O)C(C)CSCCCCCCCCCCCC)CCC(=O)OCCOC(=O)C(C)CSCCCCCCCCCCCC,0.587100121382388
OCCN(CCC(=O)OCCOC(=O)C(C)CSCCCCCCCCCCCCCC)CCCN(CCC(=O)OCCOC(=O)C(C)CSCCCCCCCCCCCCCC)CCC(=O)OCCOC(=O)C(C)CSCCCCCCCCCCCCCC,0.5861355732134857
OCCN(CCC(=O)OCCOC(=O)C(C)CSCCCCCCCCCCCCCCCC)CCCN(CCC(=O)OCCOC(=O)C(C)CSCCCCCCCCCCCCCCCC)CCC(=O)OCCOC(=O)C(C)CSCCCCCCCCCCCCCCCC,0.5852488179124022
OCCN(CCC(=O)OCCOC(=O)C(C)CSCCCCCCCCCCCCCCCCCC)CCCN(CCC(=O)OCCOC(=O)C(C)CSCCCCCCCCCCCCCCCCCC)CCC(=O)OCCOC(=O)C(C)CSCCCCCCCCCCCCCCCCCC,0.5846266536670998
OCCN(CCC(=O)OCCOC(=O)C(C)CSCCc5ccccc5)CCCN(CCC(=O)OCCOC(=O)C(C)CSCCc5ccccc5)CCC(=O)OCCOC(=O)C(C)CSCCc5ccccc5,0.1014458593891174
OCCN(CCC(=O)OCCOC(=O)C(C)CSCCC(C)C)CCCN(CCC(=O)OCCOC(=O)C(C)CSCCC(C)C)CCC(=O)OCCOC(=O)C(C)CSCCC(C)C,0.48826568261398035
OCCN(CCC(=O)OCCOC(=O)C(C)CSCCCC)CCCN(CCC(=O)OCCOC(=O)C(C)CSCCCC)CCC(=O)OCCOC(=O)C(C)CSCCCC,0.5604112707114934
OCCN(CCC(=O)OCCOC(=O)C(C)CSCCCCC)CCCN(CCC(=O)OCCOC(=O)C(C)CSCCCCC)CCC(=O)OCCOC(=O)C(C)CSCCCCC,0.5769171779427331
OCCN(CCC(=O)OCCOC(=O)C(C)CSCCCCCC)CCCN(CCC(=O)OCCOC(=O)C(C)CSCCCCCC)CCC(=O)OCCOC(=O)C(C)CSCCCCCC,0.5742195643150396
OCCN(CCC(=O)OCCOC(=O)C(C)CSCCCCCCC)CCCN(CCC(=O)OCCOC(=O)C(C)CSCCCCCCC)CCC(=O)OCCOC(=O)C(C)CSCCCCCCC,0.5803753866157371
OCCN(CCC(=O)OCCOC(=O)C(C)CSCCCCCCCC)CCCN(CCC(=O)OCCOC(=O)C(C)CSCCCCCCCC)CCC(=O)OCCOC(=O)C(C)CSCCCCCCCC,0.5785522577448923
OCCN(CCC(=O)OCCOC(=O)C(C)CSCCCCCCCCC)CCCN(CCC(=O)OCCOC(=O)C(C)CSCCCCCCCCC)CCC(=O)OCCOC(=O)C(C)CSCCCCCCCCC,0.5884311180373697
OCCN(CCC(=O)OCCOC(=O)C(C)CSCCN(C)C)CCCN(CCC(=O)OCCOC(=O)C(C)CSCCN(C)C)CCC(=O)OCCOC(=O)C(C)CSCCN(C)C,0.3565548223299169
OCCN(CCC(=O)OCCOC(=O)C(C)CSCCCC(=O)N(C)CCCN(C)C)CCCN(CCC(=O)OCCOC(=O)C(C)CSCCCC(=O)N(C)CCCN(C)C)CCC(=O)OCCOC(=O)C(C)CSCCCC(=O)N(C)CCCN(C)C,0.4265878813664654
OCCN(CCC(=O)OCCOC(=O)C(C)CSCCCC(=O)N(C)CCN5(CCCCC5))CCCN(CCC(=O)OCCOC(=O)C(C)CSCCCC(=O)N(C)CCN5(CCCCC5))CCC(=O)OCCOC(=O)C(C)CSCCCC(=O)N(C)CCN5(CCCCC5),0.45149038501634525
OCCN(CCC(=O)OCCOC(=O)C(C)CSCCNCCCC)CCCN(CCC(=O)OCCOC(=O)C(C)CSCCNCCCC)CCC(=O)OCCOC(=O)C(C)CSCCNCCCC,0.5444148888947408
OCCN(CCC(=O)OCCOC(=O)C(C)CSCCN(CC)CC)CCCN(CCC(=O)OCCOC(=O)C(C)CSCCN(CC)CC)CCC(=O)OCCOC(=O)C(C)CSCCN(CC)CC,0.36696959566356097
OCCN(CCC(=O)OCCOC(=O)C(C)CSCCN5CCCC5)CCCN(CCC(=O)OCCOC(=O)C(C)CSCCN5CCCC5)CCC(=O)OCCOC(=O)C(C)CSCCN5CCCC5,0.4518160309645567
OCCN(CCC(=O)OCCOC(=O)C(C)CSCCN5CCCCC5)CCCN(CCC(=O)OCCOC(=O)C(C)CSCCN5CCCCC5)CCC(=O)OCCOC(=O)C(C)CSCCN5CCCCC5,0.4434215491299959
OCCN(CCC(=O)OCCOC(=O)C(C)CSCCN5CCCCCC5)CCCN(CCC(=O)OCCOC(=O)C(C)CSCCN5CCCCCC5)CCC(=O)OCCOC(=O)C(C)CSCCN5CCCCCC5,0.43379992352333363
OCCN(CCC(=O)OCCOC(=O)C(C)CSCCN(CCC)CCC)CCCN(CCC(=O)OCCOC(=O)C(C)CSCCN(CCC)CCC)CCC(=O)OCCOC(=O)C(C)CSCCN(CCC)CCC,0.3065297493715388
OCCN(CCC(=O)OCCOC(=O)C(C)CSCCN(CCCC)CCCC)CCCN(CCC(=O)OCCOC(=O)C(C)CSCCN(CCCC)CCCC)CCC(=O)OCCOC(=O)C(C)CSCCN(CCCC)CCCC,0.5435978850853996
OCCN(CCC(=O)OCCOC(=O)C(C)CSCCCC(=O)N5CCN(CCO)CC5)CCCN(CCC(=O)OCCOC(=O)C(C)CSCCCC(=O)N5CCN(CCO)CC5)CCC(=O)OCCOC(=O)C(C)CSCCCC(=O)N5CCN(CCO)CC5,0.36748129522787604
OCCN(CCC(=O)OCCOC(=O)C(C)CSCCC(O)=O)CCCN(CCC(=O)OCCOC(=O)C(C)CSCCC(O)=O)CCC(=O)OCCOC(=O)C(C)CSCCC(O)=O,0.45468736809837035
OCCN(CCC(=O)OCCOC(=O)C(C)CSCCCCCC(O)=O)CCCN(CCC(=O)OCCOC(=O)C(C)CSCCCCCC(O)=O)CCC(=O)OCCOC(=O)C(C)CSCCCCCC(O)=O,0.5050058917177808
OCCN(CCC(=O)OCCOC(=O)C(C)CSCCCCCCCCCCC(O)=O)CCCN(CCC(=O)OCCOC(=O)C(C)CSCCCCCCCCCCC(O)=O)CCC(=O)OCCOC(=O)C(C)CSCCCCCCCCCCC(O)=O,0.5225656957409914
OCCN(CCC(=O)OCCOC(=O)C(C)CSCCO)CCCN(CCC(=O)OCCOC(=O)C(C)CSCCO)CCC(=O)OCCOC(=O)C(C)CSCCO,0.4283598134762917
OCCN(CCC(=O)OCCOC(=O)C(C)CSCC(O)CO)CCCN(CCC(=O)OCCOC(=O)C(C)CSCC(O)CO)CCC(=O)OCCOC(=O)C(C)CSCC(O)CO,0.31995932394477067
OCCN(CCC(=O)OCCOC(=O)C(C)CSCCCO)CCCN(CCC(=O)OCCOC(=O)C(C)CSCCCO)CCC(=O)OCCOC(=O)C(C)CSCCCO,0.48143584408372614
OCCN(CCC(=O)OCCOC(=O)C(C)CSCCCCO)CCCN(CCC(=O)OCCOC(=O)C(C)CSCCCCO)CCC(=O)OCCOC(=O)C(C)CSCCCCO,0.5050699248976468
OCCN(CCC(=O)OCCOC(=O)C(C)CSCCCCCCO)CCCN(CCC(=O)OCCOC(=O)C(C)CSCCCCCCO)CCC(=O)OCCOC(=O)C(C)CSCCCCCCO,0.5188155553335473
OCCN(CCC(=O)OCCOC(=O)C(C)CSCCCCCCCCCCCO)CCCN(CCC(=O)OCCOC(=O)C(C)CSCCCCCCCCCCCO)CCC(=O)OCCOC(=O)C(C)CSCCCCCCCCCCCO,0.543951109975265
N(CCN(CCC(=O)OCCOC(=O)C(C)CSCC(C)C)C)(CCN(CCC(=O)OCCOC(=O)C(C)CSCC(C)C)C)CCN(CCC(=O)OCCOC(=O)C(C)CSCC(C)C)C,0.5325146649197035
N(CCN(CCC(=O)OCCOC(=O)C(C)CSCCCCCCCCCC)C)(CCN(CCC(=O)OCCOC(=O)C(C)CSCCCCCCCCCC)C)CCN(CCC(=O)OCCOC(=O)C(C)CSCCCCCCCCCC)C,0.6080324189662052
N(CCN(CCC(=O)OCCOC(=O)C(C)CSCCCCCCCCCCC)C)(CCN(CCC(=O)OCCOC(=O)C(C)CSCCCCCCCCCCC)C)CCN(CCC(=O)OCCOC(=O)C(C)CSCCCCCCCCCCC)C,0.6070420788281105
N(CCN(CCC(=O)OCCOC(=O)C(C)CSCCCCCCCCCCCC)C)(CCN(CCC(=O)OCCOC(=O)C(C)CSCCCCCCCCCCCC)C)CCN(CCC(=O)OCCOC(=O)C(C)CSCCCCCCCCCCCC)C,0.6058196109672831
N(CCN(CCC(=O)OCCOC(=O)C(C)CSCCCCCCCCCCCCCC)C)(CCN(CCC(=O)OCCOC(=O)C(C)CSCCCCCCCCCCCCCC)C)CCN(CCC(=O)OCCOC(=O)C(C)CSCCCCCCCCCCCCCC)C,0.6034191708599164
N(CCN(CCC(=O)OCCOC(=O)C(C)CSCCCCCCCCCCCCCCCC)C)(CCN(CCC(=O)OCCOC(=O)C(C)CSCCCCCCCCCCCCCCCC)C)CCN(CCC(=O)OCCOC(=O)C(C)CSCCCCCCCCCCCCCCCC)C,0.6015152708338175
N(CCN(CCC(=O)OCCOC(=O)C(C)CSCCCCCCCCCCCCCCCCCC)C)(CCN(CCC(=O)OCCOC(=O)C(C)CSCCCCCCCCCCCCCCCCCC)C)CCN(CCC(=O)OCCOC(=O)C(C)CSCCCCCCCCCCCCCCCCCC)C,0.599906578658338
N(CCN(CCC(=O)OCCOC(=O)C(C)CSCCc5ccccc5)C)(CCN(CCC(=O)OCCOC(=O)C(C)CSCCc5ccccc5)C)CCN(CCC(=O)OCCOC(=O)C(C)CSCCc5ccccc5)C,0.15044500167454508
N(CCN(CCC(=O)OCCOC(=O)C(C)CSCCC(C)C)C)(CCN(CCC(=O)OCCOC(=O)C(C)CSCCC(C)C)C)CCN(CCC(=O)OCCOC(=O)C(C)CSCCC(C)C)C,0.5201190921783726
N(CCN(CCC(=O)OCCOC(=O)C(C)CSCCCC)C)(CCN(CCC(=O)OCCOC(=O)C(C)CSCCCC)C)CCN(CCC(=O)OCCOC(=O)C(C)CSCCCC)C,0.588770881068026
N(CCN(CCC(=O)OCCOC(=O)C(C)CSCCCCC)C)(CCN(CCC(=O)OCCOC(=O)C(C)CSCCCCC)C)CCN(CCC(=O)OCCOC(=O)C(C)CSCCCCC)C,0.6028634819901771
N(CCN(CCC(=O)OCCOC(=O)C(C)CSCCCCCC)C)(CCN(CCC(=O)OCCOC(=O)C(C)CSCCCCCC)C)CCN(CCC(=O)OCCOC(=O)C(C)CSCCCCCC)C,0.599060923723866
N(CCN(CCC(=O)OCCOC(=O)C(C)CSCCCCCCC)C)(CCN(CCC(=O)OCCOC(=O)C(C)CSCCCCCCC)C)CCN(CCC(=O)OCCOC(=O)C(C)CSCCCCCCC)C,0.6035287718375475
N(CCN(CCC(=O)OCCOC(=O)C(C)CSCCCCCCCC)C)(CCN(CCC(=O)OCCOC(=O)C(C)CSCCCCCCCC)C)CCN(CCC(=O)OCCOC(=O)C(C)CSCCCCCCCC)C,0.6006350677650922
N(CCN(CCC(=O)OCCOC(=O)C(C)CSCCCCCCCCC)C)(CCN(CCC(=O)OCCOC(=O)C(C)CSCCCCCCCCC)C)CCN(CCC(=O)OCCOC(=O)C(C)CSCCCCCCCCC)C,0.6092049111638628
N(CCN(CCC(=O)OCCOC(=O)C(C)CSCCN(C)C)C)(CCN(CCC(=O)OCCOC(=O)C(C)CSCCN(C)C)C)CCN(CCC(=O)OCCOC(=O)C(C)CSCCN(C)C)C,0.40111268282558893
N(CCN(CCC(=O)OCCOC(=O)C(C)CSCCCC(=O)N(C)CCCN(C)C)C)(CCN(CCC(=O)OCCOC(=O)C(C)CSCCCC(=O)N(C)CCCN(C)C)C)CCN(CCC(=O)OCCOC(=O)C(C)CSCCCC(=O)N(C)CCCN(C)C)C,0.4564552199544098
N(CCN(CCC(=O)OCCOC(=O)C(C)CSCCCC(=O)N(C)CCN5(CCCCC5))C)(CCN(CCC(=O)OCCOC(=O)C(C)CSCCCC(=O)N(C)CCN5(CCCCC5))C)CCN(CCC(=O)OCCOC(=O)C(C)CSCCCC(=O)N(C)CCN5(CCCCC5))C,0.47380541210790106
N(CCN(CCC(=O)OCCOC(=O)C(C)CSCCNCCCC)C)(CCN(CCC(=O)OCCOC(=O)C(C)CSCCNCCCC)C)CCN(CCC(=O)OCCOC(=O)C(C)CSCCNCCCC)C,0.5695696832732926
N(CCN(CCC(=O)OCCOC(=O)C(C)CSCCN(CC)CC)C)(CCN(CCC(=O)OCCOC(=O)C(C)CSCCN(CC)CC)C)CCN(CCC(=O)OCCOC(=O)C(C)CSCCN(CC)CC)C,0.4060657535282827
N(CCN(CCC(=O)OCCOC(=O)C(C)CSCCN5CCCC5)C)(CCN(CCC(=O)OCCOC(=O)C(C)CSCCN5CCCC5)C)CCN(CCC(=O)OCCOC(=O)C(C)CSCCN5CCCC5)C,0.48168238671764735
N(CCN(CCC(=O)OCCOC(=O)C(C)CSCCN5CCCCC5)C)(CCN(CCC(=O)OCCOC(=O)C(C)CSCCN5CCCCC5)C)CCN(CCC(=O)OCCOC(=O)C(C)CSCCN5CCCCC5)C,0.4718734566141585
N(CCN(CCC(=O)OCCOC(=O)C(C)CSCCN5CCCCCC5)C)(CCN(CCC(=O)OCCOC(=O)C(C)CSCCN5CCCCCC5)C)CCN(CCC(=O)OCCOC(=O)C(C)CSCCN5CCCCCC5)C,0.4614540073692405
N(CCN(CCC(=O)OCCOC(=O)C(C)CSCCN(CCC)CCC)C)(CCN(CCC(=O)OCCOC(=O)C(C)CSCCN(CCC)CCC)C)CCN(CCC(=O)OCCOC(=O)C(C)CSCCN(CCC)CCC)C,0.34671149300654663
N(CCN(CCC(=O)OCCOC(=O)C(C)CSCCN(CCCC)CCCC)C)(CCN(CCC(=O)OCCOC(=O)C(C)CSCCN(CCCC)CCCC)C)CCN(CCC(=O)OCCOC(=O)C(C)CSCCN(CCCC)CCCC)C,0.5650351215210531
N(CCN(CCC(=O)OCCOC(=O)C(C)CSCCCC(=O)N5CCN(CCO)CC5)C)(CCN(CCC(=O)OCCOC(=O)C(C)CSCCCC(=O)N5CCN(CCO)CC5)C)CCN(CCC(=O)OCCOC(=O)C(C)CSCCCC(=O)N5CCN(CCO)CC5)C,0.39680518570744155
N(CCN(CCC(=O)OCCOC(=O)C(C)CSCCC(O)=O)C)(CCN(CCC(=O)OCCOC(=O)C(C)CSCCC(O)=O)C)CCN(CCC(=O)OCCOC(=O)C(C)CSCCC(O)=O)C,0.49006495540246564
N(CCN(CCC(=O)OCCOC(=O)C(C)CSCCCCCC(O)=O)C)(CCN(CCC(=O)OCCOC(=O)C(C)CSCCCCCC(O)=O)C)CCN(CCC(=O)OCCOC(=O)C(C)CSCCCCCC(O)=O)C,0.5300055768866851
N(CCN(CCC(=O)OCCOC(=O)C(C)CSCCCCCCCCCCC(O)=O)C)(CCN(CCC(=O)OCCOC(=O)C(C)CSCCCCCCCCCCC(O)=O)C)CCN(CCC(=O)OCCOC(=O)C(C)CSCCCCCCCCCCC(O)=O)C,0.5427312034416322
N(CCN(CCC(=O)OCCOC(=O)C(C)CSCCO)C)(CCN(CCC(=O)OCCOC(=O)C(C)CSCCO)C)CCN(CCC(=O)OCCOC(=O)C(C)CSCCO)C,0.469397040394309
N(CCN(CCC(=O)OCCOC(=O)C(C)CSCC(O)CO)C)(CCN(CCC(=O)OCCOC(=O)C(C)CSCC(O)CO)C)CCN(CCC(=O)OCCOC(=O)C(C)CSCC(O)CO)C,0.36990737839006343
N(CCN(CCC(=O)OCCOC(=O)C(C)CSCCCO)C)(CCN(CCC(=O)OCCOC(=O)C(C)CSCCCO)C)CCN(CCC(=O)OCCOC(=O)C(C)CSCCCO)C,0.5134645258637051
N(CCN(CCC(=O)OCCOC(=O)C(C)CSCCCCO)C)(CCN(CCC(=O)OCCOC(=O)C(C)CSCCCCO)C)CCN(CCC(=O)OCCOC(=O)C(C)CSCCCCO)C,0.5336945432702014
N(CCN(CCC(=O)OCCOC(=O)C(C)CSCCCCCCO)C)(CCN(CCC(=O)OCCOC(=O)C(C)CSCCCCCCO)C)CCN(CCC(=O)OCCOC(=O)C(C)CSCCCCCCO)C,0.5440002517179529
N(CCN(CCC(=O)OCCOC(=O)C(C)CSCCCCCCCCCCCO)C)(CCN(CCC(=O)OCCOC(=O)C(C)CSCCCCCCCCCCCO)C)CCN(CCC(=O)OCCOC(=O)C(C)CSCCCCCCCCCCCO)C,0.5625110229193592
N(CCC(=O)OCCOC(=O)C(C)CSCC(C)C)(CCC(=O)OCCOC(=O)C(C)CSCC(C)C)CCCN1CCN(CCCN(CCC(=O)OCCOC(=O)C(C)CSCC(C)C)(CCC(=O)OCCOC(=O)C(C)CSCC(C)C))CC1,0.5502136145319065
N(CCC(=O)OCCOC(=O)C(C)CSCCCCCCCCCC)(CCC(=O)OCCOC(=O)C(C)CSCCCCCCCCCC)CCCN1CCN(CCCN(CCC(=O)OCCOC(=O)C(C)CSCCCCCCCCCC)(CCC(=O)OCCOC(=O)C(C)CSCCCCCCCCCC))CC1,0.6277615479917779
N(CCC(=O)OCCOC(=O)C(C)CSCCCCCCCCCCC)(CCC(=O)OCCOC(=O)C(C)CSCCCCCCCCCCC)CCCN1CCN(CCCN(CCC(=O)OCCOC(=O)C(C)CSCCCCCCCCCCC)(CCC(=O)OCCOC(=O)C(C)CSCCCCCCCCCCC))CC1,0.6258946978613781
N(CCC(=O)OCCOC(=O)C(C)CSCCCCCCCCCCCC)(CCC(=O)OCCOC(=O)C(C)CSCCCCCCCCCCCC)CCCN1CCN(CCCN(CCC(=O)OCCOC(=O)C(C)CSCCCCCCCCCCCC)(CCC(=O)OCCOC(=O)C(C)CSCCCCCCCCCCCC))CC1,0.6237532496294136
N(CCC(=O)OCCOC(=O)C(C)CSCCCCCCCCCCCCCC)(CCC(=O)OCCOC(=O)C(C)CSCCCCCCCCCCCCCC)CCCN1CCN(CCCN(CCC(=O)OCCOC(=O)C(C)CSCCCCCCCCCCCCCC)(CCC(=O)OCCOC(=O)C(C)CSCCCCCCCCCCCCCC))CC1,0.6199712415464083
N(CCC(=O)OCCOC(=O)C(C)CSCCCCCCCCCCCCCCCC)(CCC(=O)OCCOC(=O)C(C)CSCCCCCCCCCCCCCCCC)CCCN1CCN(CCCN(CCC(=O)OCCOC(=O)C(C)CSCCCCCCCCCCCCCCCC)(CCC(=O)OCCOC(=O)C(C)CSCCCCCCCCCCCCCCCC))CC1,0.6166449114410539
N(CCC(=O)OCCOC(=O)C(C)CSCCCCCCCCCCCCCCCCCC)(CCC(=O)OCCOC(=O)C(C)CSCCCCCCCCCCCCCCCCCC)CCCN1CCN(CCCN(CCC(=O)OCCOC(=O)C(C)CSCCCCCCCCCCCCCCCCCC)(CCC(=O)OCCOC(=O)C(C)CSCCCCCCCCCCCCCCCCCC))CC1,0.613806484383404
N(CCC(=O)OCCOC(=O)C(C)CSCCc5ccccc5)(CCC(=O)OCCOC(=O)C(C)CSCCc5ccccc5)CCCN1CCN(CCCN(CCC(=O)OCCOC(=O)C(C)CSCCc5ccccc5)(CCC(=O)OCCOC(=O)C(C)CSCCc5ccccc5))CC1,0.1552704527606223
N(CCC(=O)OCCOC(=O)C(C)CSCCC(C)C)(CCC(=O)OCCOC(=O)C(C)CSCCC(C)C)CCCN1CCN(CCCN(CCC(=O)OCCOC(=O)C(C)CSCCC(C)C)(CCC(=O)OCCOC(=O)C(C)CSCCC(C)C))CC1,0.536402283075176
N(CCC(=O)OCCOC(=O)C(C)CSCCCC)(CCC(=O)OCCOC(=O)C(C)CSCCCC)CCCN1CCN(CCCN(CCC(=O)OCCOC(=O)C(C)CSCCCC)(CCC(=O)OCCOC(=O)C(C)CSCCCC))CC1,0.6122203676266864
N(CCC(=O)OCCOC(=O)C(C)CSCCCCC)(CCC(=O)OCCOC(=O)C(C)CSCCCCC)CCCN1CCN(CCCN(CCC(=O)OCCOC(=O)C(C)CSCCCCC)(CCC(=O)OCCOC(=O)C(C)CSCCCCC))CC1,0.6257516209329707
N(CCC(=O)OCCOC(=O)C(C)CSCCCCCC)(CCC(=O)OCCOC(=O)C(C)CSCCCCCC)CCCN1CCN(CCCN(CCC(=O)OCCOC(=O)C(C)CSCCCCCC)(CCC(=O)OCCOC(=O)C(C)CSCCCCCC))CC1,0.6209535403084268
N(CCC(=O)OCCOC(=O)C(C)CSCCCCCCC)(CCC(=O)OCCOC(=O)C(C)CSCCCCCCC)CCCN1CCN(CCCN(CCC(=O)OCCOC(=O)C(C)CSCCCCCCC)(CCC(=O)OCCOC(=O)C(C)CSCCCCCCC))CC1,0.6250953255136559
N(CCC(=O)OCCOC(=O)C(C)CSCCCCCCCC)(CCC(=O)OCCOC(=O)C(C)CSCCCCCCCC)CCCN1CCN(CCCN(CCC(=O)OCCOC(=O)C(C)CSCCCCCCCC)(CCC(=O)OCCOC(=O)C(C)CSCCCCCCCC))CC1,0.621161543902931
N(CCC(=O)OCCOC(=O)C(C)CSCCCCCCCCC)(CCC(=O)OCCOC(=O)C(C)CSCCCCCCCCC)CCCN1CCN(CCCN(CCC(=O)OCCOC(=O)C(C)CSCCCCCCCCC)(CCC(=O)OCCOC(=O)C(C)CSCCCCCCCCC))CC1,0.6297705219986057
N(CCC(=O)OCCOC(=O)C(C)CSCCN(C)C)(CCC(=O)OCCOC(=O)C(C)CSCCN(C)C)CCCN1CCN(CCCN(CCC(=O)OCCOC(=O)C(C)CSCCN(C)C)(CCC(=O)OCCOC(=O)C(C)CSCCN(C)C))CC1,0.4150054704436838
N(CCC(=O)OCCOC(=O)C(C)CSCCCC(=O)N(C)CCCN(C)C)(CCC(=O)OCCOC(=O)C(C)CSCCCC(=O)N(C)CCCN(C)C)CCCN1CCN(CCCN(CCC(=O)OCCOC(=O)C(C)CSCCCC(=O)N(C)CCCN(C)C)(CCC(=O)OCCOC(=O)C(C)CSCCCC(=O)N(C)CCCN(C)C))CC1,0.4679670156820927
N(CCC(=O)OCCOC(=O)C(C)CSCCCC(=O)N(C)CCN5(CCCCC5))(CCC(=O)OCCOC(=O)C(C)CSCCCC(=O)N(C)CCN5(CCCCC5))CCCN1CCN(CCCN(CCC(=O)OCCOC(=O)C(C)CSCCCC(=O)N(C)CCN5(CCCCC5))(CCC(=O)OCCOC(=O)C(C)CSCCCC(=O)N(C)CCN5(CCCCC5)))CC1,0.484661984599746
N(CCC(=O)OCCOC(=O)C(C)CSCCNCCCC)(CCC(=O)OCCOC(=O)C(C)CSCCNCCCC)CCCN1CCN(CCCN(CCC(=O)OCCOC(=O)C(C)CSCCNCCCC)(CCC(=O)OCCOC(=O)C(C)CSCCNCCCC))CC1,0.5895191460033529
N(CCC(=O)OCCOC(=O)C(C)CSCCN(CC)CC)(CCC(=O)OCCOC(=O)C(C)CSCCN(CC)CC)CCCN1CCN(CCCN(CCC(=O)OCCOC(=O)C(C)CSCCN(CC)CC)(CCC(=O)OCCOC(=O)C(C)CSCCN(CC)CC))CC1,0.41887015578590214
N(CCC(=O)OCCOC(=O)C(C)CSCCN5CCCC5)(CCC(=O)OCCOC(=O)C(C)CSCCN5CCCC5)CCCN1CCN(CCCN(CCC(=O)OCCOC(=O)C(C)CSCCN5CCCC5)(CCC(=O)OCCOC(=O)C(C)CSCCN5CCCC5))CC1,0.4961811366973949
N(CCC(=O)OCCOC(=O)C(C)CSCCN5CCCCC5)(CCC(=O)OCCOC(=O)C(C)CSCCN5CCCCC5)CCCN1CCN(CCCN(CCC(=O)OCCOC(=O)C(C)CSCCN5CCCCC5)(CCC(=O)OCCOC(=O)C(C)CSCCN5CCCCC5))CC1,0.4857605854861257
N(CCC(=O)OCCOC(=O)C(C)CSCCN5CCCCCC5)(CCC(=O)OCCOC(=O)C(C)CSCCN5CCCCCC5)CCCN1CCN(CCCN(CCC(=O)OCCOC(=O)C(C)CSCCN5CCCCCC5)(CCC(=O)OCCOC(=O)C(C)CSCCN5CCCCCC5))CC1,0.4748721155358452
N(CCC(=O)OCCOC(=O)C(C)CSCCN(CCC)CCC)(CCC(=O)OCCOC(=O)C(C)CSCCN(CCC)CCC)CCCN1CCN(CCCN(CCC(=O)OCCOC(=O)C(C)CSCCN(CCC)CCC)(CCC(=O)OCCOC(=O)C(C)CSCCN(CCC)CCC))CC1,0.35649522679833
N(CCC(=O)OCCOC(=O)C(C)CSCCN(CCCC)CCCC)(CCC(=O)OCCOC(=O)C(C)CSCCN(CCCC)CCCC)CCCN1CCN(CCCN(CCC(=O)OCCOC(=O)C(C)CSCCN(CCCC)CCCC)(CCC(=O)OCCOC(=O)C(C)CSCCN(CCCC)CCCC))CC1,0.5821412132363203
N(CCC(=O)OCCOC(=O)C(C)CSCCCC(=O)N5CCN(CCO)CC5)(CCC(=O)OCCOC(=O)C(C)CSCCCC(=O)N5CCN(CCO)CC5)CCCN1CCN(CCCN(CCC(=O)OCCOC(=O)C(C)CSCCCC(=O)N5CCN(CCO)CC5)(CCC(=O)OCCOC(=O)C(C)CSCCCC(=O)N5CCN(CCO)CC5))CC1,0.4075700269462692
N(CCC(=O)OCCOC(=O)C(C)CSCCC(O)=O)(CCC(=O)OCCOC(=O)C(C)CSCCC(O)=O)CCCN1CCN(CCCN(CCC(=O)OCCOC(=O)C(C)CSCCC(O)=O)(CCC(=O)OCCOC(=O)C(C)CSCCC(O)=O))CC1,0.5090616044161203
N(CCC(=O)OCCOC(=O)C(C)CSCCCCCC(O)=O)(CCC(=O)OCCOC(=O)C(C)CSCCCCCC(O)=O)CCCN1CCN(CCCN(CCC(=O)OCCOC(=O)C(C)CSCCCCCC(O)=O)(CCC(=O)OCCOC(=O)C(C)CSCCCCCC(O)=O))CC1,0.548675984294641
N(CCC(=O)OCCOC(=O)C(C)CSCCCCCCCCCCC(O)=O)(CCC(=O)OCCOC(=O)C(C)CSCCCCCCCCCCC(O)=O)CCCN1CCN(CCCN(CCC(=O)OCCOC(=O)C(C)CSCCCCCCCCCCC(O)=O)(CCC(=O)OCCOC(=O)C(C)CSCCCCCCCCCCC(O)=O))CC1,0.5581976287920893
N(CCC(=O)OCCOC(=O)C(C)CSCCO)(CCC(=O)OCCOC(=O)C(C)CSCCO)CCCN1CCN(CCCN(CCC(=O)OCCOC(=O)C(C)CSCCO)(CCC(=O)OCCOC(=O)C(C)CSCCO))CC1,0.48702203912948555
N(CCC(=O)OCCOC(=O)C(C)CSCC(O)CO)(CCC(=O)OCCOC(=O)C(C)CSCC(O)CO)CCCN1CCN(CCCN(CCC(=O)OCCOC(=O)C(C)CSCC(O)CO)(CCC(=O)OCCOC(=O)C(C)CSCC(O)CO))CC1,0.3807115925887901
N(CCC(=O)OCCOC(=O)C(C)CSCCCO)(CCC(=O)OCCOC(=O)C(C)CSCCCO)CCCN1CCN(CCCN(CCC(=O)OCCOC(=O)C(C)CSCCCO)(CCC(=O)OCCOC(=O)C(C)CSCCCO))CC1,0.5337816283948191
N(CCC(=O)OCCOC(=O)C(C)CSCCCCO)(CCC(=O)OCCOC(=O)C(C)CSCCCCO)CCCN1CCN(CCCN(CCC(=O)OCCOC(=O)C(C)CSCCCCO)(CCC(=O)OCCOC(=O)C(C)CSCCCCO))CC1,0.5557425073274045
N(CCC(=O)OCCOC(=O)C(C)CSCCCCCCO)(CCC(=O)OCCOC(=O)C(C)CSCCCCCCO)CCCN1CCN(CCCN(CCC(=O)OCCOC(=O)C(C)CSCCCCCCO)(CCC(=O)OCCOC(=O)C(C)CSCCCCCCO))CC1,0.5636433678023846
N(CCC(=O)OCCOC(=O)C(C)CSCCCCCCCCCCCO)(CCC(=O)OCCOC(=O)C(C)CSCCCCCCCCCCCO)CCCN1CCN(CCCN(CCC(=O)OCCOC(=O)C(C)CSCCCCCCCCCCCO)(CCC(=O)OCCOC(=O)C(C)CSCCCCCCCCCCCO))CC1,0.5789922699306319
c1c(CN(CCC(=O)OCCOC(=O)C(C)CSCC(C)C)(CCC(=O)OCCOC(=O)C(C)CSCC(C)C))ccc(CN(CCC(=O)OCCOC(=O)C(C)CSCC(C)C)(CCC(=O)OCCOC(=O)C(C)CSCC(C)C))c1,0.3619487093559579
c1c(CN(CCC(=O)OCCOC(=O)C(C)CSCCCCCCCCCC)(CCC(=O)OCCOC(=O)C(C)CSCCCCCCCCCC))ccc(CN(CCC(=O)OCCOC(=O)C(C)CSCCCCCCCCCC)(CCC(=O)OCCOC(=O)C(C)CSCCCCCCCCCC))c1,0.49160395565195153
c1c(CN(CCC(=O)OCCOC(=O)C(C)CSCCCCCCCCCCC)(CCC(=O)OCCOC(=O)C(C)CSCCCCCCCCCCC))ccc(CN(CCC(=O)OCCOC(=O)C(C)CSCCCCCCCCCCC)(CCC(=O)OCCOC(=O)C(C)CSCCCCCCCCCCC))c1,0.49600342228611105
c1c(CN(CCC(=O)OCCOC(=O)C(C)CSCCCCCCCCCCCC)(CCC(=O)OCCOC(=O)C(C)CSCCCCCCCCCCCC))ccc(CN(CCC(=O)OCCOC(=O)C(C)CSCCCCCCCCCCCC)(CCC(=O)OCCOC(=O)C(C)CSCCCCCCCCCCCC))c1,0.4999524527285063
c1c(CN(CCC(=O)OCCOC(=O)C(C)CSCCCCCCCCCCCCCC)(CCC(=O)OCCOC(=O)C(C)CSCCCCCCCCCCCCCC))ccc(CN(CCC(=O)OCCOC(=O)C(C)CSCCCCCCCCCCCCCC)(CCC(=O)OCCOC(=O)C(C)CSCCCCCCCCCCCCCC))c1,0.5065535885665787
c1c(CN(CCC(=O)OCCOC(=O)C(C)CSCCCCCCCCCCCCCCCC)(CCC(=O)OCCOC(=O)C(C)CSCCCCCCCCCCCCCCCC))ccc(CN(CCC(=O)OCCOC(=O)C(C)CSCCCCCCCCCCCCCCCC)(CCC(=O)OCCOC(=O)C(C)CSCCCCCCCCCCCCCCCC))c1,0.5124235548392047
c1c(CN(CCC(=O)OCCOC(=O)C(C)CSCCCCCCCCCCCCCCCCCC)(CCC(=O)OCCOC(=O)C(C)CSCCCCCCCCCCCCCCCCCC))ccc(CN(CCC(=O)OCCOC(=O)C(C)CSCCCCCCCCCCCCCCCCCC)(CCC(=O)OCCOC(=O)C(C)CSCCCCCCCCCCCCCCCCCC))c1,0.516418570039606
c1c(CN(CCC(=O)OCCOC(=O)C(C)CSCCc5ccccc5)(CCC(=O)OCCOC(=O)C(C)CSCCc5ccccc5))ccc(CN(CCC(=O)OCCOC(=O)C(C)CSCCc5ccccc5)(CCC(=O)OCCOC(=O)C(C)CSCCc5ccccc5))c1,0.018968767151801083
c1c(CN(CCC(=O)OCCOC(=O)C(C)CSCCC(C)C)(CCC(=O)OCCOC(=O)C(C)CSCCC(C)C))ccc(CN(CCC(=O)OCCOC(=O)C(C)CSCCC(C)C)(CCC(=O)OCCOC(=O)C(C)CSCCC(C)C))c1,0.3559132396505342
c1c(CN(CCC(=O)OCCOC(=O)C(C)CSCCCC)(CCC(=O)OCCOC(=O)C(C)CSCCCC))ccc(CN(CCC(=O)OCCOC(=O)C(C)CSCCCC)(CCC(=O)OCCOC(=O)C(C)CSCCCC))c1,0.42773339027995627
c1c(CN(CCC(=O)OCCOC(=O)C(C)CSCCCCC)(CCC(=O)OCCOC(=O)C(C)CSCCCCC))ccc(CN(CCC(=O)OCCOC(=O)C(C)CSCCCCC)(CCC(=O)OCCOC(=O)C(C)CSCCCCC))c1,0.4517707014297865
c1c(CN(CCC(=O)OCCOC(=O)C(C)CSCCCCCC)(CCC(=O)OCCOC(=O)C(C)CSCCCCCC))ccc(CN(CCC(=O)OCCOC(=O)C(C)CSCCCCCC)(CCC(=O)OCCOC(=O)C(C)CSCCCCCC))c1,0.4560541042025796
c1c(CN(CCC(=O)OCCOC(=O)C(C)CSCCCCCCC)(CCC(=O)OCCOC(=O)C(C)CSCCCCCCC))ccc(CN(CCC(=O)OCCOC(=O)C(C)CSCCCCCCC)(CCC(=O)OCCOC(=O)C(C)CSCCCCCCC))c1,0.4680346823726302
c1c(CN(CCC(=O)OCCOC(=O)C(C)CSCCCCCCCC)(CCC(=O)OCCOC(=O)C(C)CSCCCCCCCC))ccc(CN(CCC(=O)OCCOC(=O)C(C)CSCCCCCCCC)(CCC(=O)OCCOC(=O)C(C)CSCCCCCCCC))c1,0.47229160817012056
c1c(CN(CCC(=O)OCCOC(=O)C(C)CSCCCCCCCCC)(CCC(=O)OCCOC(=O)C(C)CSCCCCCCCCC))ccc(CN(CCC(=O)OCCOC(=O)C(C)CSCCCCCCCCC)(CCC(=O)OCCOC(=O)C(C)CSCCCCCCCCC))c1,0.4868624029229359
c1c(CN(CCC(=O)OCCOC(=O)C(C)CSCCN(C)C)(CCC(=O)OCCOC(=O)C(C)CSCCN(C)C))ccc(CN(CCC(=O)OCCOC(=O)C(C)CSCCN(C)C)(CCC(=O)OCCOC(=O)C(C)CSCCN(C)C))c1,0.22902815806416593
c1c(CN(CCC(=O)OCCOC(=O)C(C)CSCCCC(=O)N(C)CCCN(C)C)(CCC(=O)OCCOC(=O)C(C)CSCCCC(=O)N(C)CCCN(C)C))ccc(CN(CCC(=O)OCCOC(=O)C(C)CSCCCC(=O)N(C)CCCN(C)C)(CCC(=O)OCCOC(=O)C(C)CSCCCC(=O)N(C)CCCN(C)C))c1,0.3340445089312071
c1c(CN(CCC(=O)OCCOC(=O)C(C)CSCCCC(=O)N(C)CCN5(CCCCC5))(CCC(=O)OCCOC(=O)C(C)CSCCCC(=O)N(C)CCN5(CCCCC5)))ccc(CN(CCC(=O)OCCOC(=O)C(C)CSCCCC(=O)N(C)CCN5(CCCCC5))(CCC(=O)OCCOC(=O)C(C)CSCCCC(=O)N(C)CCN5(CCCCC5)))c1,0.3641935339448131
c1c(CN(CCC(=O)OCCOC(=O)C(C)CSCCNCCCC)(CCC(=O)OCCOC(=O)C(C)CSCCNCCCC))ccc(CN(CCC(=O)OCCOC(=O)C(C)CSCCNCCCC)(CCC(=O)OCCOC(=O)C(C)CSCCNCCCC))c1,0.43263285180880884
c1c(CN(CCC(=O)OCCOC(=O)C(C)CSCCN(CC)CC)(CCC(=O)OCCOC(=O)C(C)CSCCN(CC)CC))ccc(CN(CCC(=O)OCCOC(=O)C(C)CSCCN(CC)CC)(CCC(=O)OCCOC(=O)C(C)CSCCN(CC)CC))c1,0.2502877992200329
c1c(CN(CCC(=O)OCCOC(=O)C(C)CSCCN5CCCC5)(CCC(=O)OCCOC(=O)C(C)CSCCN5CCCC5))ccc(CN(CCC(=O)OCCOC(=O)C(C)CSCCN5CCCC5)(CCC(=O)OCCOC(=O)C(C)CSCCN5CCCC5))c1,0.3349045787768674
c1c(CN(CCC(=O)OCCOC(=O)C(C)CSCCN5CCCCC5)(CCC(=O)OCCOC(=O)C(C)CSCCN5CCCCC5))ccc(CN(CCC(=O)OCCOC(=O)C(C)CSCCN5CCCCC5)(CCC(=O)OCCOC(=O)C(C)CSCCN5CCCCC5))c1,0.331618872512135
c1c(CN(CCC(=O)OCCOC(=O)C(C)CSCCN5CCCCCC5)(CCC(=O)OCCOC(=O)C(C)CSCCN5CCCCCC5))ccc(CN(CCC(=O)OCCOC(=O)C(C)CSCCN5CCCCCC5)(CCC(=O)OCCOC(=O)C(C)CSCCN5CCCCCC5))c1,0.32669421467157705
c1c(CN(CCC(=O)OCCOC(=O)C(C)CSCCN(CCC)CCC)(CCC(=O)OCCOC(=O)C(C)CSCCN(CCC)CCC))ccc(CN(CCC(=O)OCCOC(=O)C(C)CSCCN(CCC)CCC)(CCC(=O)OCCOC(=O)C(C)CSCCN(CCC)CCC))c1,0.20015544834822355
c1c(CN(CCC(=O)OCCOC(=O)C(C)CSCCN(CCCC)CCCC)(CCC(=O)OCCOC(=O)C(C)CSCCN(CCCC)CCCC))ccc(CN(CCC(=O)OCCOC(=O)C(C)CSCCN(CCCC)CCCC)(CCC(=O)OCCOC(=O)C(C)CSCCN(CCCC)CCCC))c1,0.44751338845492944
c1c(CN(CCC(=O)OCCOC(=O)C(C)CSCCCC(=O)N5CCN(CCO)CC5)(CCC(=O)OCCOC(=O)C(C)CSCCCC(=O)N5CCN(CCO)CC5))ccc(CN(CCC(=O)OCCOC(=O)C(C)CSCCCC(=O)N5CCN(CCO)CC5)(CCC(=O)OCCOC(=O)C(C)CSCCCC(=O)N5CCN(CCO)CC5))c1,0.27768059790921223
c1c(CN(CCC(=O)OCCOC(=O)C(C)CSCCC(O)=O)(CCC(=O)OCCOC(=O)C(C)CSCCC(O)=O))ccc(CN(CCC(=O)OCCOC(=O)C(C)CSCCC(O)=O)(CCC(=O)OCCOC(=O)C(C)CSCCC(O)=O))c1,0.324050895223835
c1c(CN(CCC(=O)OCCOC(=O)C(C)CSCCCCCC(O)=O)(CCC(=O)OCCOC(=O)C(C)CSCCCCCC(O)=O))ccc(CN(CCC(=O)OCCOC(=O)C(C)CSCCCCCC(O)=O)(CCC(=O)OCCOC(=O)C(C)CSCCCCCC(O)=O))c1,0.3917887966138663
c1c(CN(CCC(=O)OCCOC(=O)C(C)CSCCCCCCCCCCC(O)=O)(CCC(=O)OCCOC(=O)C(C)CSCCCCCCCCCCC(O)=O))ccc(CN(CCC(=O)OCCOC(=O)C(C)CSCCCCCCCCCCC(O)=O)(CCC(=O)OCCOC(=O)C(C)CSCCCCCCCCCCC(O)=O))c1,0.4322715259771186
c1c(CN(CCC(=O)OCCOC(=O)C(C)CSCCO)(CCC(=O)OCCOC(=O)C(C)CSCCO))ccc(CN(CCC(=O)OCCOC(=O)C(C)CSCCO)(CCC(=O)OCCOC(=O)C(C)CSCCO))c1,0.28528112787918364
c1c(CN(CCC(=O)OCCOC(=O)C(C)CSCC(O)CO)(CCC(=O)OCCOC(=O)C(C)CSCC(O)CO))ccc(CN(CCC(=O)OCCOC(=O)C(C)CSCC(O)CO)(CCC(=O)OCCOC(=O)C(C)CSCC(O)CO))c1,0.1988261790999545
c1c(CN(CCC(=O)OCCOC(=O)C(C)CSCCCO)(CCC(=O)OCCOC(=O)C(C)CSCCCO))ccc(CN(CCC(=O)OCCOC(=O)C(C)CSCCCO)(CCC(=O)OCCOC(=O)C(C)CSCCCO))c1,0.3479319654147922
c1c(CN(CCC(=O)OCCOC(=O)C(C)CSCCCCO)(CCC(=O)OCCOC(=O)C(C)CSCCCCO))ccc(CN(CCC(=O)OCCOC(=O)C(C)CSCCCCO)(CCC(=O)OCCOC(=O)C(C)CSCCCCO))c1,0.37941990932795866
c1c(CN(CCC(=O)OCCOC(=O)C(C)CSCCCCCCO)(CCC(=O)OCCOC(=O)C(C)CSCCCCCCO))ccc(CN(CCC(=O)OCCOC(=O)C(C)CSCCCCCCO)(CCC(=O)OCCOC(=O)C(C)CSCCCCCCO))c1,0.40645614744534475
c1c(CN(CCC(=O)OCCOC(=O)C(C)CSCCCCCCCCCCCO)(CCC(=O)OCCOC(=O)C(C)CSCCCCCCCCCCCO))ccc(CN(CCC(=O)OCCOC(=O)C(C)CSCCCCCCCCCCCO)(CCC(=O)OCCOC(=O)C(C)CSCCCCCCCCCCCO))c1,0.4563554473253163
N(CCC(=O)OCCOC(=O)C(C)CSCC(C)C)(CCC(=O)OCCOC(=O)C(C)CSCC(C)C)CCCN(C)CCCN(CCC(=O)OCCOC(=O)C(C)CSCC(C)C)(CCC(=O)OCCOC(=O)C(C)CSCC(C)C),0.5460565209292584
N(CCC(=O)OCCOC(=O)C(C)CSCCCCCCCCCC)(CCC(=O)OCCOC(=O)C(C)CSCCCCCCCCCC)CCCN(C)CCCN(CCC(=O)OCCOC(=O)C(C)CSCCCCCCCCCC)(CCC(=O)OCCOC(=O)C(C)CSCCCCCCCCCC),0.6272933016411486
N(CCC(=O)OCCOC(=O)C(C)CSCCCCCCCCCCC)(CCC(=O)OCCOC(=O)C(C)CSCCCCCCCCCCC)CCCN(C)CCCN(CCC(=O)OCCOC(=O)C(C)CSCCCCCCCCCCC)(CCC(=O)OCCOC(=O)C(C)CSCCCCCCCCCCC),0.6250056790618435
N(CCC(=O)OCCOC(=O)C(C)CSCCCCCCCCCCCC)(CCC(=O)OCCOC(=O)C(C)CSCCCCCCCCCCCC)CCCN(C)CCCN(CCC(=O)OCCOC(=O)C(C)CSCCCCCCCCCCCC)(CCC(=O)OCCOC(=O)C(C)CSCCCCCCCCCCCC),0.622872927429191
N(CCC(=O)OCCOC(=O)C(C)CSCCCCCCCCCCCCCC)(CCC(=O)OCCOC(=O)C(C)CSCCCCCCCCCCCCCC)CCCN(C)CCCN(CCC(=O)OCCOC(=O)C(C)CSCCCCCCCCCCCCCC)(CCC(=O)OCCOC(=O)C(C)CSCCCCCCCCCCCCCC),0.6190269457320684
N(CCC(=O)OCCOC(=O)C(C)CSCCCCCCCCCCCCCCCC)(CCC(=O)OCCOC(=O)C(C)CSCCCCCCCCCCCCCCCC)CCCN(C)CCCN(CCC(=O)OCCOC(=O)C(C)CSCCCCCCCCCCCCCCCC)(CCC(=O)OCCOC(=O)C(C)CSCCCCCCCCCCCCCCCC),0.6156557030521848
N(CCC(=O)OCCOC(=O)C(C)CSCCCCCCCCCCCCCCCCCC)(CCC(=O)OCCOC(=O)C(C)CSCCCCCCCCCCCCCCCCCC)CCCN(C)CCCN(CCC(=O)OCCOC(=O)C(C)CSCCCCCCCCCCCCCCCCCC)(CCC(=O)OCCOC(=O)C(C)CSCCCCCCCCCCCCCCCCCC),0.6128644520675152
N(CCC(=O)OCCOC(=O)C(C)CSCCc5ccccc5)(CCC(=O)OCCOC(=O)C(C)CSCCc5ccccc5)CCCN(C)CCCN(CCC(=O)OCCOC(=O)C(C)CSCCc5ccccc5)(CCC(=O)OCCOC(=O)C(C)CSCCc5ccccc5),0.1349032554348409
N(CCC(=O)OCCOC(=O)C(C)CSCCC(C)C)(CCC(=O)OCCOC(=O)C(C)CSCCC(C)C)CCCN(C)CCCN(CCC(=O)OCCOC(=O)C(C)CSCCC(C)C)(CCC(=O)OCCOC(=O)C(C)CSCCC(C)C),0.5317642556174228
N(CCC(=O)OCCOC(=O)C(C)CSCCCC)(CCC(=O)OCCOC(=O)C(C)CSCCCC)CCCN(C)CCCN(CCC(=O)OCCOC(=O)C(C)CSCCCC)(CCC(=O)OCCOC(=O)C(C)CSCCCC),0.6105033253542987
N(CCC(=O)OCCOC(=O)C(C)CSCCCCC)(CCC(=O)OCCOC(=O)C(C)CSCCCCC)CCCN(C)CCCN(CCC(=O)OCCOC(=O)C(C)CSCCCCC)(CCC(=O)OCCOC(=O)C(C)CSCCCCC),0.6250230722604675
N(CCC(=O)OCCOC(=O)C(C)CSCCCCCC)(CCC(=O)OCCOC(=O)C(C)CSCCCCCC)CCCN(C)CCCN(CCC(=O)OCCOC(=O)C(C)CSCCCCCC)(CCC(=O)OCCOC(=O)C(C)CSCCCCCC),0.6199976887388366
N(CCC(=O)OCCOC(=O)C(C)CSCCCCCCC)(CCC(=O)OCCOC(=O)C(C)CSCCCCCCC)CCCN(C)CCCN(CCC(=O)OCCOC(=O)C(C)CSCCCCCCC)(CCC(=O)OCCOC(=O)C(C)CSCCCCCCC),0.6244489180086273
N(CCC(=O)OCCOC(=O)C(C)CSCCCCCCCC)(CCC(=O)OCCOC(=O)C(C)CSCCCCCCCC)CCCN(C)CCCN(CCC(=O)OCCOC(=O)C(C)CSCCCCCCCC)(CCC(=O)OCCOC(=O)C(C)CSCCCCCCCC),0.6204211416464341
N(CCC(=O)OCCOC(=O)C(C)CSCCCCCCCCC)(CCC(=O)OCCOC(=O)C(C)CSCCCCCCCCC)CCCN(C)CCCN(CCC(=O)OCCOC(=O)C(C)CSCCCCCCCCC)(CCC(=O)OCCOC(=O)C(C)CSCCCCCCCCC),0.6294182501607197
N(CCC(=O)OCCOC(=O)C(C)CSCCN(C)C)(CCC(=O)OCCOC(=O)C(C)CSCCN(C)C)CCCN(C)CCCN(CCC(=O)OCCOC(=O)C(C)CSCCN(C)C)(CCC(=O)OCCOC(=O)C(C)CSCCN(C)C),0.40268378901363083
N(CCC(=O)OCCOC(=O)C(C)CSCCCC(=O)N(C)CCCN(C)C)(CCC(=O)OCCOC(=O)C(C)CSCCCC(=O)N(C)CCCN(C)C)CCCN(C)CCCN(CCC(=O)OCCOC(=O)C(C)CSCCCC(=O)N(C)CCCN(C)C)(CCC(=O)OCCOC(=O)C(C)CSCCCC(=O)N(C)CCCN(C)C),0.46088351641094616
N(CCC(=O)OCCOC(=O)C(C)CSCCCC(=O)N(C)CCN5(CCCCC5))(CCC(=O)OCCOC(=O)C(C)CSCCCC(=O)N(C)CCN5(CCCCC5))CCCN(C)CCCN(CCC(=O)OCCOC(=O)C(C)CSCCCC(=O)N(C)CCN5(CCCCC5))(CCC(=O)OCCOC(=O)C(C)CSCCCC(=O)N(C)CCN5(CCCCC5)),0.4795385558557343
N(CCC(=O)OCCOC(=O)C(C)CSCCNCCCC)(CCC(=O)OCCOC(=O)C(C)CSCCNCCCC)CCCN(C)CCCN(CCC(=O)OCCOC(=O)C(C)CSCCNCCCC)(CCC(=O)OCCOC(=O)C(C)CSCCNCCCC),0.5869515048393502
N(CCC(=O)OCCOC(=O)C(C)CSCCN(CC)CC)(CCC(=O)OCCOC(=O)C(C)CSCCN(CC)CC)CCCN(C)CCCN(CCC(=O)OCCOC(=O)C(C)CSCCN(CC)CC)(CCC(=O)OCCOC(=O)C(C)CSCCN(CC)CC),0.40786282238406574
N(CCC(=O)OCCOC(=O)C(C)CSCCN5CCCC5)(CCC(=O)OCCOC(=O)C(C)CSCCN5CCCC5)CCCN(C)CCCN(CCC(=O)OCCOC(=O)C(C)CSCCN5CCCC5)(CCC(=O)OCCOC(=O)C(C)CSCCN5CCCC5),0.4900045259503968
N(CCC(=O)OCCOC(=O)C(C)CSCCN5CCCCC5)(CCC(=O)OCCOC(=O)C(C)CSCCN5CCCCC5)CCCN(C)CCCN(CCC(=O)OCCOC(=O)C(C)CSCCN5CCCCC5)(CCC(=O)OCCOC(=O)C(C)CSCCN5CCCCC5),0.47916832494461153
N(CCC(=O)OCCOC(=O)C(C)CSCCN5CCCCCC5)(CCC(=O)OCCOC(=O)C(C)CSCCN5CCCCCC5)CCCN(C)CCCN(CCC(=O)OCCOC(=O)C(C)CSCCN5CCCCCC5)(CCC(=O)OCCOC(=O)C(C)CSCCN5CCCCCC5),0.46802133964491854
N(CCC(=O)OCCOC(=O)C(C)CSCCN(CCC)CCC)(CCC(=O)OCCOC(=O)C(C)CSCCN(CCC)CCC)CCCN(C)CCCN(CCC(=O)OCCOC(=O)C(C)CSCCN(CCC)CCC)(CCC(=O)OCCOC(=O)C(C)CSCCN(CCC)CCC),0.3439466892143054
N(CCC(=O)OCCOC(=O)C(C)CSCCN(CCCC)CCCC)(CCC(=O)OCCOC(=O)C(C)CSCCN(CCCC)CCCC)CCCN(C)CCCN(CCC(=O)OCCOC(=O)C(C)CSCCN(CCCC)CCCC)(CCC(=O)OCCOC(=O)C(C)CSCCN(CCCC)CCCC),0.579614315044437
N(CCC(=O)OCCOC(=O)C(C)CSCCCC(=O)N5CCN(CCO)CC5)(CCC(=O)OCCOC(=O)C(C)CSCCCC(=O)N5CCN(CCO)CC5)CCCN(C)CCCN(CCC(=O)OCCOC(=O)C(C)CSCCCC(=O)N5CCN(CCO)CC5)(CCC(=O)OCCOC(=O)C(C)CSCCCC(=O)N5CCN(CCO)CC5),0.39833084322921586
N(CCC(=O)OCCOC(=O)C(C)CSCCC(O)=O)(CCC(=O)OCCOC(=O)C(C)CSCCC(O)=O)CCCN(C)CCCN(CCC(=O)OCCOC(=O)C(C)CSCCC(O)=O)(CCC(=O)OCCOC(=O)C(C)CSCCC(O)=O),0.5022348335219247
N(CCC(=O)OCCOC(=O)C(C)CSCCCCCC(O)=O)(CCC(=O)OCCOC(=O)C(C)CSCCCCCC(O)=O)CCCN(C)CCCN(CCC(=O)OCCOC(=O)C(C)CSCCCCCC(O)=O)(CCC(=O)OCCOC(=O)C(C)CSCCCCCC(O)=O),0.5440554691670093
N(CCC(=O)OCCOC(=O)C(C)CSCCCCCCCCCCC(O)=O)(CCC(=O)OCCOC(=O)C(C)CSCCCCCCCCCCC(O)=O)CCCN(C)CCCN(CCC(=O)OCCOC(=O)C(C)CSCCCCCCCCCCC(O)=O)(CCC(=O)OCCOC(=O)C(C)CSCCCCCCCCCCC(O)=O),0.5548383588276968
N(CCC(=O)OCCOC(=O)C(C)CSCCO)(CCC(=O)OCCOC(=O)C(C)CSCCO)CCCN(C)CCCN(CCC(=O)OCCOC(=O)C(C)CSCCO)(CCC(=O)OCCOC(=O)C(C)CSCCO),0.47830185178096457
N(CCC(=O)OCCOC(=O)C(C)CSCC(O)CO)(CCC(=O)OCCOC(=O)C(C)CSCC(O)CO)CCCN(C)CCCN(CCC(=O)OCCOC(=O)C(C)CSCC(O)CO)(CCC(=O)OCCOC(=O)C(C)CSCC(O)CO),0.36766749775835145
N(CCC(=O)OCCOC(=O)C(C)CSCCCO)(CCC(=O)OCCOC(=O)C(C)CSCCCO)CCCN(C)CCCN(CCC(=O)OCCOC(=O)C(C)CSCCCO)(CCC(=O)OCCOC(=O)C(C)CSCCCO),0.527732667047312
N(CCC(=O)OCCOC(=O)C(C)CSCCCCO)(CCC(=O)OCCOC(=O)C(C)CSCCCCO)CCCN(C)CCCN(CCC(=O)OCCOC(=O)C(C)CSCCCCO)(CCC(=O)OCCOC(=O)C(C)CSCCCCO),0.5510867888422837
N(CCC(=O)OCCOC(=O)C(C)CSCCCCCCO)(CCC(=O)OCCOC(=O)C(C)CSCCCCCCO)CCCN(C)CCCN(CCC(=O)OCCOC(=O)C(C)CSCCCCCCO)(CCC(=O)OCCOC(=O)C(C)CSCCCCCCO),0.5598563561964874
N(CCC(=O)OCCOC(=O)C(C)CSCCCCCCCCCCCO)(CCC(=O)OCCOC(=O)C(C)CSCCCCCCCCCCCO)CCCN(C)CCCN(CCC(=O)OCCOC(=O)C(C)CSCCCCCCCCCCCO)(CCC(=O)OCCOC(=O)C(C)CSCCCCCCCCCCCO),0.5762904867005285
N(CCC(=O)OCCOC(=O)C(C)CSCC(C)C)(CCC(=O)OCCOC(=O)C(C)CSCC(C)C)CCOCCOCCN(CCC(=O)OCCOC(=O)C(C)CSCC(C)C)CCC(=O)OCCOC(=O)C(C)CSCC(C)C,0.3614608658740022
N(CCC(=O)OCCOC(=O)C(C)CSCCCCCCCCCC)(CCC(=O)OCCOC(=O)C(C)CSCCCCCCCCCC)CCOCCOCCN(CCC(=O)OCCOC(=O)C(C)CSCCCCCCCCCC)CCC(=O)OCCOC(=O)C(C)CSCCCCCCCCCC,0.4895582593610424
N(CCC(=O)OCCOC(=O)C(C)CSCCCCCCCCCCC)(CCC(=O)OCCOC(=O)C(C)CSCCCCCCCCCCC)CCOCCOCCN(CCC(=O)OCCOC(=O)C(C)CSCCCCCCCCCCC)CCC(=O)OCCOC(=O)C(C)CSCCCCCCCCCCC,0.4930328783978167
N(CCC(=O)OCCOC(=O)C(C)CSCCCCCCCCCCCC)(CCC(=O)OCCOC(=O)C(C)CSCCCCCCCCCCCC)CCOCCOCCN(CCC(=O)OCCOC(=O)C(C)CSCCCCCCCCCCCC)CCC(=O)OCCOC(=O)C(C)CSCCCCCCCCCCCC,0.49630098298380454
N(CCC(=O)OCCOC(=O)C(C)CSCCCCCCCCCCCCCC)(CCC(=O)OCCOC(=O)C(C)CSCCCCCCCCCCCCCC)CCOCCOCCN(CCC(=O)OCCOC(=O)C(C)CSCCCCCCCCCCCCCC)CCC(=O)OCCOC(=O)C(C)CSCCCCCCCCCCCCCC,0.5022051102133172
N(CCC(=O)OCCOC(=O)C(C)CSCCCCCCCCCCCCCCCC)(CCC(=O)OCCOC(=O)C(C)CSCCCCCCCCCCCCCCCC)CCOCCOCCN(CCC(=O)OCCOC(=O)C(C)CSCCCCCCCCCCCCCCCC)CCC(=O)OCCOC(=O)C(C)CSCCCCCCCCCCCCCCCC,0.5075864586492541
N(CCC(=O)OCCOC(=O)C(C)CSCCCCCCCCCCCCCCCCCC)(CCC(=O)OCCOC(=O)C(C)CSCCCCCCCCCCCCCCCCCC)CCOCCOCCN(CCC(=O)OCCOC(=O)C(C)CSCCCCCCCCCCCCCCCCCC)CCC(=O)OCCOC(=O)C(C)CSCCCCCCCCCCCCCCCCCC,0.511952508898386
N(CCC(=O)OCCOC(=O)C(C)CSCCc5ccccc5)(CCC(=O)OCCOC(=O)C(C)CSCCc5ccccc5)CCOCCOCCN(CCC(=O)OCCOC(=O)C(C)CSCCc5ccccc5)CCC(=O)OCCOC(=O)C(C)CSCCc5ccccc5,0.003800975613229076
N(CCC(=O)OCCOC(=O)C(C)CSCCC(C)C)(CCC(=O)OCCOC(=O)C(C)CSCCC(C)C)CCOCCOCCN(CCC(=O)OCCOC(=O)C(C)CSCCC(C)C)CCC(=O)OCCOC(=O)C(C)CSCCC(C)C,0.3552302885586705
N(CCC(=O)OCCOC(=O)C(C)CSCCCC)(CCC(=O)OCCOC(=O)C(C)CSCCCC)CCOCCOCCN(CCC(=O)OCCOC(=O)C(C)CSCCCC)CCC(=O)OCCOC(=O)C(C)CSCCCC,0.42727589554696965
N(CCC(=O)OCCOC(=O)C(C)CSCCCCC)(CCC(=O)OCCOC(=O)C(C)CSCCCCC)CCOCCOCCN(CCC(=O)OCCOC(=O)C(C)CSCCCCC)CCC(=O)OCCOC(=O)C(C)CSCCCCC,0.45116911715066416
N(CCC(=O)OCCOC(=O)C(C)CSCCCCCC)(CCC(=O)OCCOC(=O)C(C)CSCCCCCC)CCOCCOCCN(CCC(=O)OCCOC(=O)C(C)CSCCCCCC)CCC(=O)OCCOC(=O)C(C)CSCCCCCC,0.45505733096362394
N(CCC(=O)OCCOC(=O)C(C)CSCCCCCCC)(CCC(=O)OCCOC(=O)C(C)CSCCCCCCC)CCOCCOCCN(CCC(=O)OCCOC(=O)C(C)CSCCCCCCC)CCC(=O)OCCOC(=O)C(C)CSCCCCCCC,0.4673259095286997
N(CCC(=O)OCCOC(=O)C(C)CSCCCCCCCC)(CCC(=O)OCCOC(=O)C(C)CSCCCCCCCC)CCOCCOCCN(CCC(=O)OCCOC(=O)C(C)CSCCCCCCCC)CCC(=O)OCCOC(=O)C(C)CSCCCCCCCC,0.4711461588223784
N(CCC(=O)OCCOC(=O)C(C)CSCCCCCCCCC)(CCC(=O)OCCOC(=O)C(C)CSCCCCCCCCC)CCOCCOCCN(CCC(=O)OCCOC(=O)C(C)CSCCCCCCCCC)CCC(=O)OCCOC(=O)C(C)CSCCCCCCCCC,0.4858074637303625
N(CCC(=O)OCCOC(=O)C(C)CSCCN(C)C)(CCC(=O)OCCOC(=O)C(C)CSCCN(C)C)CCOCCOCCN(CCC(=O)OCCOC(=O)C(C)CSCCN(C)C)CCC(=O)OCCOC(=O)C(C)CSCCN(C)C,0.225352683322733
N(CCC(=O)OCCOC(=O)C(C)CSCCCC(=O)N(C)CCCN(C)C)(CCC(=O)OCCOC(=O)C(C)CSCCCC(=O)N(C)CCCN(C)C)CCOCCOCCN(CCC(=O)OCCOC(=O)C(C)CSCCCC(=O)N(C)CCCN(C)C)CCC(=O)OCCOC(=O)C(C)CSCCCC(=O)N(C)CCCN(C)C,0.3320708871962401
N(CCC(=O)OCCOC(=O)C(C)CSCCCC(=O)N(C)CCN5(CCCCC5))(CCC(=O)OCCOC(=O)C(C)CSCCCC(=O)N(C)CCN5(CCCCC5))CCOCCOCCN(CCC(=O)OCCOC(=O)C(C)CSCCCC(=O)N(C)CCN5(CCCCC5))CCC(=O)OCCOC(=O)C(C)CSCCCC(=O)N(C)CCN5(CCCCC5),0.3615357102372595
N(CCC(=O)OCCOC(=O)C(C)CSCCNCCCC)(CCC(=O)OCCOC(=O)C(C)CSCCNCCCC)CCOCCOCCN(CCC(=O)OCCOC(=O)C(C)CSCCNCCCC)CCC(=O)OCCOC(=O)C(C)CSCCNCCCC,0.43114016392894694
N(CCC(=O)OCCOC(=O)C(C)CSCCN(CC)CC)(CCC(=O)OCCOC(=O)C(C)CSCCN(CC)CC)CCOCCOCCN(CCC(=O)OCCOC(=O)C(C)CSCCN(CC)CC)CCC(=O)OCCOC(=O)C(C)CSCCN(CC)CC,0.2466698947747307
N(CCC(=O)OCCOC(=O)C(C)CSCCN5CCCC5)(CCC(=O)OCCOC(=O)C(C)CSCCN5CCCC5)CCOCCOCCN(CCC(=O)OCCOC(=O)C(C)CSCCN5CCCC5)CCC(=O)OCCOC(=O)C(C)CSCCN5CCCC5,0.3315742577663493
N(CCC(=O)OCCOC(=O)C(C)CSCCN5CCCCC5)(CCC(=O)OCCOC(=O)C(C)CSCCN5CCCCC5)CCOCCOCCN(CCC(=O)OCCOC(=O)C(C)CSCCN5CCCCC5)CCC(=O)OCCOC(=O)C(C)CSCCN5CCCCC5,0.32929071544083105
N(CCC(=O)OCCOC(=O)C(C)CSCCN5CCCCCC5)(CCC(=O)OCCOC(=O)C(C)CSCCN5CCCCCC5)CCOCCOCCN(CCC(=O)OCCOC(=O)C(C)CSCCN5CCCCCC5)CCC(=O)OCCOC(=O)C(C)CSCCN5CCCCCC5,0.32494905736579704
N(CCC(=O)OCCOC(=O)C(C)CSCCN(CCC)CCC)(CCC(=O)OCCOC(=O)C(C)CSCCN(CCC)CCC)CCOCCOCCN(CCC(=O)OCCOC(=O)C(C)CSCCN(CCC)CCC)CCC(=O)OCCOC(=O)C(C)CSCCN(CCC)CCC,0.19564667856517653
N(CCC(=O)OCCOC(=O)C(C)CSCCN(CCCC)CCCC)(CCC(=O)OCCOC(=O)C(C)CSCCN(CCCC)CCCC)CCOCCOCCN(CCC(=O)OCCOC(=O)C(C)CSCCN(CCCC)CCCC)CCC(=O)OCCOC(=O)C(C)CSCCN(CCCC)CCCC,0.4469422124905249
N(CCC(=O)OCCOC(=O)C(C)CSCCCC(=O)N5CCN(CCO)CC5)(CCC(=O)OCCOC(=O)C(C)CSCCCC(=O)N5CCN(CCO)CC5)CCOCCOCCN(CCC(=O)OCCOC(=O)C(C)CSCCCC(=O)N5CCN(CCO)CC5)CCC(=O)OCCOC(=O)C(C)CSCCCC(=O)N5CCN(CCO)CC5,0.2748384777751421
N(CCC(=O)OCCOC(=O)C(C)CSCCC(O)=O)(CCC(=O)OCCOC(=O)C(C)CSCCC(O)=O)CCOCCOCCN(CCC(=O)OCCOC(=O)C(C)CSCCC(O)=O)CCC(=O)OCCOC(=O)C(C)CSCCC(O)=O,0.32086031545979654
N(CCC(=O)OCCOC(=O)C(C)CSCCCCCC(O)=O)(CCC(=O)OCCOC(=O)C(C)CSCCCCCC(O)=O)CCOCCOCCN(CCC(=O)OCCOC(=O)C(C)CSCCCCCC(O)=O)CCC(=O)OCCOC(=O)C(C)CSCCCCCC(O)=O,0.3889329763575923
N(CCC(=O)OCCOC(=O)C(C)CSCCCCCCCCCCC(O)=O)(CCC(=O)OCCOC(=O)C(C)CSCCCCCCCCCCC(O)=O)CCOCCOCCN(CCC(=O)OCCOC(=O)C(C)CSCCCCCCCCCCC(O)=O)CCC(=O)OCCOC(=O)C(C)CSCCCCCCCCCCC(O)=O,0.43032003291779836
N(CCC(=O)OCCOC(=O)C(C)CSCCO)(CCC(=O)OCCOC(=O)C(C)CSCCO)CCOCCOCCN(CCC(=O)OCCOC(=O)C(C)CSCCO)CCC(=O)OCCOC(=O)C(C)CSCCO,0.2803038734825125
N(CCC(=O)OCCOC(=O)C(C)CSCC(O)CO)(CCC(=O)OCCOC(=O)C(C)CSCC(O)CO)CCOCCOCCN(CCC(=O)OCCOC(=O)C(C)CSCC(O)CO)CCC(=O)OCCOC(=O)C(C)CSCC(O)CO,0.19927217764343966
N(CCC(=O)OCCOC(=O)C(C)CSCCCO)(CCC(=O)OCCOC(=O)C(C)CSCCCO)CCOCCOCCN(CCC(=O)OCCOC(=O)C(C)CSCCCO)CCC(=O)OCCOC(=O)C(C)CSCCCO,0.3454865233842732
N(CCC(=O)OCCOC(=O)C(C)CSCCCCO)(CCC(=O)OCCOC(=O)C(C)CSCCCCO)CCOCCOCCN(CCC(=O)OCCOC(=O)C(C)CSCCCCO)CCC(=O)OCCOC(=O)C(C)CSCCCCO,0.3766929595690242
N(CCC(=O)OCCOC(=O)C(C)CSCCCCCCO)(CCC(=O)OCCOC(=O)C(C)CSCCCCCCO)CCOCCOCCN(CCC(=O)OCCOC(=O)C(C)CSCCCCCCO)CCC(=O)OCCOC(=O)C(C)CSCCCCCCO,0.4038273322574142
N(CCC(=O)OCCOC(=O)C(C)CSCCCCCCCCCCCO)(CCC(=O)OCCOC(=O)C(C)CSCCCCCCCCCCCO)CCOCCOCCN(CCC(=O)OCCOC(=O)C(C)CSCCCCCCCCCCCO)CCC(=O)OCCOC(=O)C(C)CSCCCCCCCCCCCO,0.45480387870285205
N(CCC(=O)OCCOC(=O)C(C)CSCC(C)C)(CCC(=O)OCCOC(=O)C(C)CSCC(C)C)CCCN(CCC(=O)OCCOC(=O)C(C)CSCC(C)C)CCCN(CCC(=O)OCCOC(=O)C(C)CSCC(C)C)CCC(=O)OCCOC(=O)C(C)CSCC(C)C,0.5434691039366831
N(CCC(=O)OCCOC(=O)C(C)CSCCCCCCCCCC)(CCC(=O)OCCOC(=O)C(C)CSCCCCCCCCCC)CCCN(CCC(=O)OCCOC(=O)C(C)CSCCCCCCCCCC)CCCN(CCC(=O)OCCOC(=O)C(C)CSCCCCCCCCCC)CCC(=O)OCCOC(=O)C(C)CSCCCCCCCCCC,0.6275135757798875
N(CCC(=O)OCCOC(=O)C(C)CSCCCCCCCCCCC)(CCC(=O)OCCOC(=O)C(C)CSCCCCCCCCCCC)CCCN(CCC(=O)OCCOC(=O)C(C)CSCCCCCCCCCCC)CCCN(CCC(=O)OCCOC(=O)C(C)CSCCCCCCCCCCC)CCC(=O)OCCOC(=O)C(C)CSCCCCCCCCCCC,0.625158286510045
N(CCC(=O)OCCOC(=O)C(C)CSCCCCCCCCCCCC)(CCC(=O)OCCOC(=O)C(C)CSCCCCCCCCCCCC)CCCN(CCC(=O)OCCOC(=O)C(C)CSCCCCCCCCCCCC)CCCN(CCC(=O)OCCOC(=O)C(C)CSCCCCCCCCCCCC)CCC(=O)OCCOC(=O)C(C)CSCCCCCCCCCCCC,0.6229662669574235
N(CCC(=O)OCCOC(=O)C(C)CSCCCCCCCCCCCCCC)(CCC(=O)OCCOC(=O)C(C)CSCCCCCCCCCCCCCC)CCCN(CCC(=O)OCCOC(=O)C(C)CSCCCCCCCCCCCCCC)CCCN(CCC(=O)OCCOC(=O)C(C)CSCCCCCCCCCCCCCC)CCC(=O)OCCOC(=O)C(C)CSCCCCCCCCCCCCCC,0.6190236100501405
N(CCC(=O)OCCOC(=O)C(C)CSCCCCCCCCCCCCCCCC)(CCC(=O)OCCOC(=O)C(C)CSCCCCCCCCCCCCCCCC)CCCN(CCC(=O)OCCOC(=O)C(C)CSCCCCCCCCCCCCCCCC)CCCN(CCC(=O)OCCOC(=O)C(C)CSCCCCCCCCCCCCCCCC)CCC(=O)OCCOC(=O)C(C)CSCCCCCCCCCCCCCCCC,0.6155901211628523
N(CCC(=O)OCCOC(=O)C(C)CSCCCCCCCCCCCCCCCCCC)(CCC(=O)OCCOC(=O)C(C)CSCCCCCCCCCCCCCCCCCC)CCCN(CCC(=O)OCCOC(=O)C(C)CSCCCCCCCCCCCCCCCCCC)CCCN(CCC(=O)OCCOC(=O)C(C)CSCCCCCCCCCCCCCCCCCC)CCC(=O)OCCOC(=O)C(C)CSCCCCCCCCCCCCCCCCCC,0.6128231730036574
N(CCC(=O)OCCOC(=O)C(C)CSCCc5ccccc5)(CCC(=O)OCCOC(=O)C(C)CSCCc5ccccc5)CCCN(CCC(=O)OCCOC(=O)C(C)CSCCc5ccccc5)CCCN(CCC(=O)OCCOC(=O)C(C)CSCCc5ccccc5)CCC(=O)OCCOC(=O)C(C)CSCCc5ccccc5,0.12145590048561838
N(CCC(=O)OCCOC(=O)C(C)CSCCC(C)C)(CCC(=O)OCCOC(=O)C(C)CSCCC(C)C)CCCN(CCC(=O)OCCOC(=O)C(C)CSCCC(C)C)CCCN(CCC(=O)OCCOC(=O)C(C)CSCCC(C)C)CCC(=O)OCCOC(=O)C(C)CSCCC(C)C,0.5288271281141562
N(CCC(=O)OCCOC(=O)C(C)CSCCCC)(CCC(=O)OCCOC(=O)C(C)CSCCCC)CCCN(CCC(=O)OCCOC(=O)C(C)CSCCCC)CCCN(CCC(=O)OCCOC(=O)C(C)CSCCCC)CCC(=O)OCCOC(=O)C(C)CSCCCC,0.6102360538398256
N(CCC(=O)OCCOC(=O)C(C)CSCCCCC)(CCC(=O)OCCOC(=O)C(C)CSCCCCC)CCCN(CCC(=O)OCCOC(=O)C(C)CSCCCCC)CCCN(CCC(=O)OCCOC(=O)C(C)CSCCCCC)CCC(=O)OCCOC(=O)C(C)CSCCCCC,0.6251301714766526
N(CCC(=O)OCCOC(=O)C(C)CSCCCCCC)(CCC(=O)OCCOC(=O)C(C)CSCCCCCC)CCCN(CCC(=O)OCCOC(=O)C(C)CSCCCCCC)CCCN(CCC(=O)OCCOC(=O)C(C)CSCCCCCC)CCC(=O)OCCOC(=O)C(C)CSCCCCCC,0.6199385399503651
N(CCC(=O)OCCOC(=O)C(C)CSCCCCCCC)(CCC(=O)OCCOC(=O)C(C)CSCCCCCCC)CCCN(CCC(=O)OCCOC(=O)C(C)CSCCCCCCC)CCCN(CCC(=O)OCCOC(=O)C(C)CSCCCCCCC)CCC(=O)OCCOC(=O)C(C)CSCCCCCCC,0.6245062798246376
N(CCC(=O)OCCOC(=O)C(C)CSCCCCCCCC)(CCC(=O)OCCOC(=O)C(C)CSCCCCCCCC)CCCN(CCC(=O)OCCOC(=O)C(C)CSCCCCCCCC)CCCN(CCC(=O)OCCOC(=O)C(C)CSCCCCCCCC)CCC(=O)OCCOC(=O)C(C)CSCCCCCCCC,0.6203510923259482
N(CCC(=O)OCCOC(=O)C(C)CSCCCCCCCCC)(CCC(=O)OCCOC(=O)C(C)CSCCCCCCCCC)CCCN(CCC(=O)OCCOC(=O)C(C)CSCCCCCCCCC)CCCN(CCC(=O)OCCOC(=O)C(C)CSCCCCCCCCC)CCC(=O)OCCOC(=O)C(C)CSCCCCCCCCC,0.6296524626846575
N(CCC(=O)OCCOC(=O)C(C)CSCCN(C)C)(CCC(=O)OCCOC(=O)C(C)CSCCN(C)C)CCCN(CCC(=O)OCCOC(=O)C(C)CSCCN(C)C)CCCN(CCC(=O)OCCOC(=O)C(C)CSCCN(C)C)CCC(=O)OCCOC(=O)C(C)CSCCN(C)C,0.3946651372705718
N(CCC(=O)OCCOC(=O)C(C)CSCCCC(=O)N(C)CCCN(C)C)(CCC(=O)OCCOC(=O)C(C)CSCCCC(=O)N(C)CCCN(C)C)CCCN(CCC(=O)OCCOC(=O)C(C)CSCCCC(=O)N(C)CCCN(C)C)CCCN(CCC(=O)OCCOC(=O)C(C)CSCCCC(=O)N(C)CCCN(C)C)CCC(=O)OCCOC(=O)C(C)CSCCCC(=O)N(C)CCCN(C)C,0.4564703496545828
N(CCC(=O)OCCOC(=O)C(C)CSCCCC(=O)N(C)CCN5(CCCCC5))(CCC(=O)OCCOC(=O)C(C)CSCCCC(=O)N(C)CCN5(CCCCC5))CCCN(CCC(=O)OCCOC(=O)C(C)CSCCCC(=O)N(C)CCN5(CCCCC5))CCCN(CCC(=O)OCCOC(=O)C(C)CSCCCC(=O)N(C)CCN5(CCCCC5))CCC(=O)OCCOC(=O)C(C)CSCCCC(=O)N(C)CCN5(CCCCC5),0.47675999237554045
N(CCC(=O)OCCOC(=O)C(C)CSCCNCCCC)(CCC(=O)OCCOC(=O)C(C)CSCCNCCCC)CCCN(CCC(=O)OCCOC(=O)C(C)CSCCNCCCC)CCCN(CCC(=O)OCCOC(=O)C(C)CSCCNCCCC)CCC(=O)OCCOC(=O)C(C)CSCCNCCCC,0.5861547533845712
N(CCC(=O)OCCOC(=O)C(C)CSCCN(CC)CC)(CCC(=O)OCCOC(=O)C(C)CSCCN(CC)CC)CCCN(CCC(=O)OCCOC(=O)C(C)CSCCN(CC)CC)CCCN(CCC(=O)OCCOC(=O)C(C)CSCCN(CC)CC)CCC(=O)OCCOC(=O)C(C)CSCCN(CC)CC,0.4009907219551
N(CCC(=O)OCCOC(=O)C(C)CSCCN5CCCC5)(CCC(=O)OCCOC(=O)C(C)CSCCN5CCCC5)CCCN(CCC(=O)OCCOC(=O)C(C)CSCCN5CCCC5)CCCN(CCC(=O)OCCOC(=O)C(C)CSCCN5CCCC5)CCC(=O)OCCOC(=O)C(C)CSCCN5CCCC5,0.48648046734219114
N(CCC(=O)OCCOC(=O)C(C)CSCCN5CCCCC5)(CCC(=O)OCCOC(=O)C(C)CSCCN5CCCCC5)CCCN(CCC(=O)OCCOC(=O)C(C)CSCCN5CCCCC5)CCCN(CCC(=O)OCCOC(=O)C(C)CSCCN5CCCCC5)CCC(=O)OCCOC(=O)C(C)CSCCN5CCCCC5,0.4754363818733991
N(CCC(=O)OCCOC(=O)C(C)CSCCN5CCCCCC5)(CCC(=O)OCCOC(=O)C(C)CSCCN5CCCCCC5)CCCN(CCC(=O)OCCOC(=O)C(C)CSCCN5CCCCCC5)CCCN(CCC(=O)OCCOC(=O)C(C)CSCCN5CCCCCC5)CCC(=O)OCCOC(=O)C(C)CSCCN5CCCCCC5,0.464335947206325
N(CCC(=O)OCCOC(=O)C(C)CSCCN(CCC)CCC)(CCC(=O)OCCOC(=O)C(C)CSCCN(CCC)CCC)CCCN(CCC(=O)OCCOC(=O)C(C)CSCCN(CCC)CCC)CCCN(CCC(=O)OCCOC(=O)C(C)CSCCN(CCC)CCC)CCC(=O)OCCOC(=O)C(C)CSCCN(CCC)CCC,0.3359167199789909
N(CCC(=O)OCCOC(=O)C(C)CSCCN(CCCC)CCCC)(CCC(=O)OCCOC(=O)C(C)CSCCN(CCCC)CCCC)CCCN(CCC(=O)OCCOC(=O)C(C)CSCCN(CCCC)CCCC)CCCN(CCC(=O)OCCOC(=O)C(C)CSCCN(CCCC)CCCC)CCC(=O)OCCOC(=O)C(C)CSCCN(CCCC)CCCC,0.5787238071011844
N(CCC(=O)OCCOC(=O)C(C)CSCCCC(=O)N5CCN(CCO)CC5)(CCC(=O)OCCOC(=O)C(C)CSCCCC(=O)N5CCN(CCO)CC5)CCCN(CCC(=O)OCCOC(=O)C(C)CSCCCC(=O)N5CCN(CCO)CC5)CCCN(CCC(=O)OCCOC(=O)C(C)CSCCCC(=O)N5CCN(CCO)CC5)CCC(=O)OCCOC(=O)C(C)CSCCCC(=O)N5CCN(CCO)CC5,0.39291619753974855
N(CCC(=O)OCCOC(=O)C(C)CSCCC(O)=O)(CCC(=O)OCCOC(=O)C(C)CSCCC(O)=O)CCCN(CCC(=O)OCCOC(=O)C(C)CSCCC(O)=O)CCCN(CCC(=O)OCCOC(=O)C(C)CSCCC(O)=O)CCC(=O)OCCOC(=O)C(C)CSCCC(O)=O,0.4989546073060738
N(CCC(=O)OCCOC(=O)C(C)CSCCCCCC(O)=O)(CCC(=O)OCCOC(=O)C(C)CSCCCCCC(O)=O)CCCN(CCC(=O)OCCOC(=O)C(C)CSCCCCCC(O)=O)CCCN(CCC(=O)OCCOC(=O)C(C)CSCCCCCC(O)=O)CCC(=O)OCCOC(=O)C(C)CSCCCCCC(O)=O,0.5424107992793074
N(CCC(=O)OCCOC(=O)C(C)CSCCCCCCCCCCC(O)=O)(CCC(=O)OCCOC(=O)C(C)CSCCCCCCCCCCC(O)=O)CCCN(CCC(=O)OCCOC(=O)C(C)CSCCCCCCCCCCC(O)=O)CCCN(CCC(=O)OCCOC(=O)C(C)CSCCCCCCCCCCC(O)=O)CCC(=O)OCCOC(=O)C(C)CSCCCCCCCCCCC(O)=O,0.5537213819078394
N(CCC(=O)OCCOC(=O)C(C)CSCCO)(CCC(=O)OCCOC(=O)C(C)CSCCO)CCCN(CCC(=O)OCCOC(=O)C(C)CSCCO)CCCN(CCC(=O)OCCOC(=O)C(C)CSCCO)CCC(=O)OCCOC(=O)C(C)CSCCO,0.47321288182258303
N(CCC(=O)OCCOC(=O)C(C)CSCC(O)CO)(CCC(=O)OCCOC(=O)C(C)CSCC(O)CO)CCCN(CCC(=O)OCCOC(=O)C(C)CSCC(O)CO)CCCN(CCC(=O)OCCOC(=O)C(C)CSCC(O)CO)CCC(=O)OCCOC(=O)C(C)CSCC(O)CO,0.3578484414775815
N(CCC(=O)OCCOC(=O)C(C)CSCCCO)(CCC(=O)OCCOC(=O)C(C)CSCCCO)CCCN(CCC(=O)OCCOC(=O)C(C)CSCCCO)CCCN(CCC(=O)OCCOC(=O)C(C)CSCCCO)CCC(=O)OCCOC(=O)C(C)CSCCCO,0.525317156805521
N(CCC(=O)OCCOC(=O)C(C)CSCCCCO)(CCC(=O)OCCOC(=O)C(C)CSCCCCO)CCCN(CCC(=O)OCCOC(=O)C(C)CSCCCCO)CCCN(CCC(=O)OCCOC(=O)C(C)CSCCCCO)CCC(=O)OCCOC(=O)C(C)CSCCCCO,0.5495379006785115
N(CCC(=O)OCCOC(=O)C(C)CSCCCCCCO)(CCC(=O)OCCOC(=O)C(C)CSCCCCCCO)CCCN(CCC(=O)OCCOC(=O)C(C)CSCCCCCCO)CCCN(CCC(=O)OCCOC(=O)C(C)CSCCCCCCO)CCC(=O)OCCOC(=O)C(C)CSCCCCCCO,0.5586216773571738
N(CCC(=O)OCCOC(=O)C(C)CSCCCCCCCCCCCO)(CCC(=O)OCCOC(=O)C(C)CSCCCCCCCCCCCO)CCCN(CCC(=O)OCCOC(=O)C(C)CSCCCCCCCCCCCO)CCCN(CCC(=O)OCCOC(=O)C(C)CSCCCCCCCCCCCO)CCC(=O)OCCOC(=O)C(C)CSCCCCCCCCCCCO,0.575587313036977
N(CCC(=O)OCCOC(=O)C(C)CSCC(C)C)(CCC(=O)OCCOC(=O)C(C)CSCC(C)C)CCNCCN(CCC(=O)OCCOC(=O)C(C)CSCC(C)C)CCNCCN(CCC(=O)OCCOC(=O)C(C)CSCC(C)C)CCC(=O)OCCOC(=O)C(C)CSCC(C)C,0.5381256393169273
N(CCC(=O)OCCOC(=O)C(C)CSCCCCCCCCCC)(CCC(=O)OCCOC(=O)C(C)CSCCCCCCCCCC)CCNCCN(CCC(=O)OCCOC(=O)C(C)CSCCCCCCCCCC)CCNCCN(CCC(=O)OCCOC(=O)C(C)CSCCCCCCCCCC)CCC(=O)OCCOC(=O)C(C)CSCCCCCCCCCC,0.6198027300433006
N(CCC(=O)OCCOC(=O)C(C)CSCCCCCCCCCCC)(CCC(=O)OCCOC(=O)C(C)CSCCCCCCCCCCC)CCNCCN(CCC(=O)OCCOC(=O)C(C)CSCCCCCCCCCCC)CCNCCN(CCC(=O)OCCOC(=O)C(C)CSCCCCCCCCCCC)CCC(=O)OCCOC(=O)C(C)CSCCCCCCCCCCC,0.6179482100228842
N(CCC(=O)OCCOC(=O)C(C)CSCCCCCCCCCCCC)(CCC(=O)OCCOC(=O)C(C)CSCCCCCCCCCCCC)CCNCCN(CCC(=O)OCCOC(=O)C(C)CSCCCCCCCCCCCC)CCNCCN(CCC(=O)OCCOC(=O)C(C)CSCCCCCCCCCCCC)CCC(=O)OCCOC(=O)C(C)CSCCCCCCCCCCCC,0.616013514504701
N(CCC(=O)OCCOC(=O)C(C)CSCCCCCCCCCCCCCC)(CCC(=O)OCCOC(=O)C(C)CSCCCCCCCCCCCCCC)CCNCCN(CCC(=O)OCCOC(=O)C(C)CSCCCCCCCCCCCCCC)CCNCCN(CCC(=O)OCCOC(=O)C(C)CSCCCCCCCCCCCCCC)CCC(=O)OCCOC(=O)C(C)CSCCCCCCCCCCCCCC,0.612626606032906
N(CCC(=O)OCCOC(=O)C(C)CSCCCCCCCCCCCCCCCC)(CCC(=O)OCCOC(=O)C(C)CSCCCCCCCCCCCCCCCC)CCNCCN(CCC(=O)OCCOC(=O)C(C)CSCCCCCCCCCCCCCCCC)CCNCCN(CCC(=O)OCCOC(=O)C(C)CSCCCCCCCCCCCCCCCC)CCC(=O)OCCOC(=O)C(C)CSCCCCCCCCCCCCCCCC,0.6096943629210337
N(CCC(=O)OCCOC(=O)C(C)CSCCCCCCCCCCCCCCCCCC)(CCC(=O)OCCOC(=O)C(C)CSCCCCCCCCCCCCCCCCCC)CCNCCN(CCC(=O)OCCOC(=O)C(C)CSCCCCCCCCCCCCCCCCCC)CCNCCN(CCC(=O)OCCOC(=O)C(C)CSCCCCCCCCCCCCCCCCCC)CCC(=O)OCCOC(=O)C(C)CSCCCCCCCCCCCCCCCCCC,0.6075212257107542
N(CCC(=O)OCCOC(=O)C(C)CSCCc5ccccc5)(CCC(=O)OCCOC(=O)C(C)CSCCc5ccccc5)CCNCCN(CCC(=O)OCCOC(=O)C(C)CSCCc5ccccc5)CCNCCN(CCC(=O)OCCOC(=O)C(C)CSCCc5ccccc5)CCC(=O)OCCOC(=O)C(C)CSCCc5ccccc5,0.13214917347736793
N(CCC(=O)OCCOC(=O)C(C)CSCCC(C)C)(CCC(=O)OCCOC(=O)C(C)CSCCC(C)C)CCNCCN(CCC(=O)OCCOC(=O)C(C)CSCCC(C)C)CCNCCN(CCC(=O)OCCOC(=O)C(C)CSCCC(C)C)CCC(=O)OCCOC(=O)C(C)CSCCC(C)C,0.5242805340806768
N(CCC(=O)OCCOC(=O)C(C)CSCCCC)(CCC(=O)OCCOC(=O)C(C)CSCCCC)CCNCCN(CCC(=O)OCCOC(=O)C(C)CSCCCC)CCNCCN(CCC(=O)OCCOC(=O)C(C)CSCCCC)CCC(=O)OCCOC(=O)C(C)CSCCCC,0.6014935293355373
N(CCC(=O)OCCOC(=O)C(C)CSCCCCC)(CCC(=O)OCCOC(=O)C(C)CSCCCCC)CCNCCN(CCC(=O)OCCOC(=O)C(C)CSCCCCC)CCNCCN(CCC(=O)OCCOC(=O)C(C)CSCCCCC)CCC(=O)OCCOC(=O)C(C)CSCCCCC,0.6161156101979943
N(CCC(=O)OCCOC(=O)C(C)CSCCCCCC)(CCC(=O)OCCOC(=O)C(C)CSCCCCCC)CCNCCN(CCC(=O)OCCOC(=O)C(C)CSCCCCCC)CCNCCN(CCC(=O)OCCOC(=O)C(C)CSCCCCCC)CCC(=O)OCCOC(=O)C(C)CSCCCCCC,0.6114431537374853
N(CCC(=O)OCCOC(=O)C(C)CSCCCCCCC)(CCC(=O)OCCOC(=O)C(C)CSCCCCCCC)CCNCCN(CCC(=O)OCCOC(=O)C(C)CSCCCCCCC)CCNCCN(CCC(=O)OCCOC(=O)C(C)CSCCCCCCC)CCC(=O)OCCOC(=O)C(C)CSCCCCCCC,0.6158704375762935
N(CCC(=O)OCCOC(=O)C(C)CSCCCCCCCC)(CCC(=O)OCCOC(=O)C(C)CSCCCCCCCC)CCNCCN(CCC(=O)OCCOC(=O)C(C)CSCCCCCCCC)CCNCCN(CCC(=O)OCCOC(=O)C(C)CSCCCCCCCC)CCC(=O)OCCOC(=O)C(C)CSCCCCCCCC,0.6123935848239426
N(CCC(=O)OCCOC(=O)C(C)CSCCCCCCCCC)(CCC(=O)OCCOC(=O)C(C)CSCCCCCCCCC)CCNCCN(CCC(=O)OCCOC(=O)C(C)CSCCCCCCCCC)CCNCCN(CCC(=O)OCCOC(=O)C(C)CSCCCCCCCCC)CCC(=O)OCCOC(=O)C(C)CSCCCCCCCCC,0.6214507951786791
N(CCC(=O)OCCOC(=O)C(C)CSCCN(C)C)(CCC(=O)OCCOC(=O)C(C)CSCCN(C)C)CCNCCN(CCC(=O)OCCOC(=O)C(C)CSCCN(C)C)CCNCCN(CCC(=O)OCCOC(=O)C(C)CSCCN(C)C)CCC(=O)OCCOC(=O)C(C)CSCCN(C)C,0.3964597341477832
N(CCC(=O)OCCOC(=O)C(C)CSCCCC(=O)N(C)CCCN(C)C)(CCC(=O)OCCOC(=O)C(C)CSCCCC(=O)N(C)CCCN(C)C)CCNCCN(CCC(=O)OCCOC(=O)C(C)CSCCCC(=O)N(C)CCCN(C)C)CCNCCN(CCC(=O)OCCOC(=O)C(C)CSCCCC(=O)N(C)CCCN(C)C)CCC(=O)OCCOC(=O)C(C)CSCCCC(=O)N(C)CCCN(C)C,0.4558240314981774
N(CCC(=O)OCCOC(=O)C(C)CSCCCC(=O)N(C)CCN5(CCCCC5))(CCC(=O)OCCOC(=O)C(C)CSCCCC(=O)N(C)CCN5(CCCCC5))CCNCCN(CCC(=O)OCCOC(=O)C(C)CSCCCC(=O)N(C)CCN5(CCCCC5))CCNCCN(CCC(=O)OCCOC(=O)C(C)CSCCCC(=O)N(C)CCN5(CCCCC5))CCC(=O)OCCOC(=O)C(C)CSCCCC(=O)N(C)CCN5(CCCCC5),0.4754230093628131
N(CCC(=O)OCCOC(=O)C(C)CSCCNCCCC)(CCC(=O)OCCOC(=O)C(C)CSCCNCCCC)CCNCCN(CCC(=O)OCCOC(=O)C(C)CSCCNCCCC)CCNCCN(CCC(=O)OCCOC(=O)C(C)CSCCNCCCC)CCC(=O)OCCOC(=O)C(C)CSCCNCCCC,0.579572857283333
N(CCC(=O)OCCOC(=O)C(C)CSCCN(CC)CC)(CCC(=O)OCCOC(=O)C(C)CSCCN(CC)CC)CCNCCN(CCC(=O)OCCOC(=O)C(C)CSCCN(CC)CC)CCNCCN(CCC(=O)OCCOC(=O)C(C)CSCCN(CC)CC)CCC(=O)OCCOC(=O)C(C)CSCCN(CC)CC,0.4024877581346179
N(CCC(=O)OCCOC(=O)C(C)CSCCN5CCCC5)(CCC(=O)OCCOC(=O)C(C)CSCCN5CCCC5)CCNCCN(CCC(=O)OCCOC(=O)C(C)CSCCN5CCCC5)CCNCCN(CCC(=O)OCCOC(=O)C(C)CSCCN5CCCC5)CCC(=O)OCCOC(=O)C(C)CSCCN5CCCC5,0.4842978293949919
N(CCC(=O)OCCOC(=O)C(C)CSCCN5CCCCC5)(CCC(=O)OCCOC(=O)C(C)CSCCN5CCCCC5)CCNCCN(CCC(=O)OCCOC(=O)C(C)CSCCN5CCCCC5)CCNCCN(CCC(=O)OCCOC(=O)C(C)CSCCN5CCCCC5)CCC(=O)OCCOC(=O)C(C)CSCCN5CCCCC5,0.4737106430016994
N(CCC(=O)OCCOC(=O)C(C)CSCCN5CCCCCC5)(CCC(=O)OCCOC(=O)C(C)CSCCN5CCCCCC5)CCNCCN(CCC(=O)OCCOC(=O)C(C)CSCCN5CCCCCC5)CCNCCN(CCC(=O)OCCOC(=O)C(C)CSCCN5CCCCCC5)CCC(=O)OCCOC(=O)C(C)CSCCN5CCCCCC5,0.4631676543939516
N(CCC(=O)OCCOC(=O)C(C)CSCCN(CCC)CCC)(CCC(=O)OCCOC(=O)C(C)CSCCN(CCC)CCC)CCNCCN(CCC(=O)OCCOC(=O)C(C)CSCCN(CCC)CCC)CCNCCN(CCC(=O)OCCOC(=O)C(C)CSCCN(CCC)CCC)CCC(=O)OCCOC(=O)C(C)CSCCN(CCC)CCC,0.33940637936731505
N(CCC(=O)OCCOC(=O)C(C)CSCCN(CCCC)CCCC)(CCC(=O)OCCOC(=O)C(C)CSCCN(CCCC)CCCC)CCNCCN(CCC(=O)OCCOC(=O)C(C)CSCCN(CCCC)CCCC)CCNCCN(CCC(=O)OCCOC(=O)C(C)CSCCN(CCCC)CCCC)CCC(=O)OCCOC(=O)C(C)CSCCN(CCCC)CCCC,0.5733687867261784
N(CCC(=O)OCCOC(=O)C(C)CSCCCC(=O)N5CCN(CCO)CC5)(CCC(=O)OCCOC(=O)C(C)CSCCCC(=O)N5CCN(CCO)CC5)CCNCCN(CCC(=O)OCCOC(=O)C(C)CSCCCC(=O)N5CCN(CCO)CC5)CCNCCN(CCC(=O)OCCOC(=O)C(C)CSCCCC(=O)N5CCN(CCO)CC5)CCC(=O)OCCOC(=O)C(C)CSCCCC(=O)N5CCN(CCO)CC5,0.39462933825559554
N(CCC(=O)OCCOC(=O)C(C)CSCCC(O)=O)(CCC(=O)OCCOC(=O)C(C)CSCCC(O)=O)CCNCCN(CCC(=O)OCCOC(=O)C(C)CSCCC(O)=O)CCNCCN(CCC(=O)OCCOC(=O)C(C)CSCCC(O)=O)CCC(=O)OCCOC(=O)C(C)CSCCC(O)=O,0.49551194529348386
N(CCC(=O)OCCOC(=O)C(C)CSCCCCCC(O)=O)(CCC(=O)OCCOC(=O)C(C)CSCCCCCC(O)=O)CCNCCN(CCC(=O)OCCOC(=O)C(C)CSCCCCCC(O)=O)CCNCCN(CCC(=O)OCCOC(=O)C(C)CSCCCCCC(O)=O)CCC(=O)OCCOC(=O)C(C)CSCCCCCC(O)=O,0.5379420576793952
N(CCC(=O)OCCOC(=O)C(C)CSCCCCCCCCCCC(O)=O)(CCC(=O)OCCOC(=O)C(C)CSCCCCCCCCCCC(O)=O)CCNCCN(CCC(=O)OCCOC(=O)C(C)CSCCCCCCCCCCC(O)=O)CCNCCN(CCC(=O)OCCOC(=O)C(C)CSCCCCCCCCCCC(O)=O)CCC(=O)OCCOC(=O)C(C)CSCCCCCCCCCCC(O)=O,0.5496653713807563
N(CCC(=O)OCCOC(=O)C(C)CSCCO)(CCC(=O)OCCOC(=O)C(C)CSCCO)CCNCCN(CCC(=O)OCCOC(=O)C(C)CSCCO)CCNCCN(CCC(=O)OCCOC(=O)C(C)CSCCO)CCC(=O)OCCOC(=O)C(C)CSCCO,0.4709441118027455
N(CCC(=O)OCCOC(=O)C(C)CSCC(O)CO)(CCC(=O)OCCOC(=O)C(C)CSCC(O)CO)CCNCCN(CCC(=O)OCCOC(=O)C(C)CSCC(O)CO)CCNCCN(CCC(=O)OCCOC(=O)C(C)CSCC(O)CO)CCC(=O)OCCOC(=O)C(C)CSCC(O)CO,0.36032375573107983
N(CCC(=O)OCCOC(=O)C(C)CSCCCO)(CCC(=O)OCCOC(=O)C(C)CSCCCO)CCNCCN(CCC(=O)OCCOC(=O)C(C)CSCCCO)CCNCCN(CCC(=O)OCCOC(=O)C(C)CSCCCO)CCC(=O)OCCOC(=O)C(C)CSCCCO,0.520700453885807
N(CCC(=O)OCCOC(=O)C(C)CSCCCCO)(CCC(=O)OCCOC(=O)C(C)CSCCCCO)CCNCCN(CCC(=O)OCCOC(=O)C(C)CSCCCCO)CCNCCN(CCC(=O)OCCOC(=O)C(C)CSCCCCO)CCC(=O)OCCOC(=O)C(C)CSCCCCO,0.5438873746241425
N(CCC(=O)OCCOC(=O)C(C)CSCCCCCCO)(CCC(=O)OCCOC(=O)C(C)CSCCCCCCO)CCNCCN(CCC(=O)OCCOC(=O)C(C)CSCCCCCCO)CCNCCN(CCC(=O)OCCOC(=O)C(C)CSCCCCCCO)CCC(=O)OCCOC(=O)C(C)CSCCCCCCO,0.5534370745892344
N(CCC(=O)OCCOC(=O)C(C)CSCCCCCCCCCCCO)(CCC(=O)OCCOC(=O)C(C)CSCCCCCCCCCCCO)CCNCCN(CCC(=O)OCCOC(=O)C(C)CSCCCCCCCCCCCO)CCNCCN(CCC(=O)OCCOC(=O)C(C)CSCCCCCCCCCCCO)CCC(=O)OCCOC(=O)C(C)CSCCCCCCCCCCCO,0.5708598178246574
N(CCC(=O)OCCOC(=O)C(C)CSCC(C)C)(CCC(=O)OCCOC(=O)C(C)CSCC(C)C)CCCN(CCC(=O)OCCOC(=O)C(C)CSCC(C)C)CCCNCCCN(CCC(=O)OCCOC(=O)C(C)CSCC(C)C)CCC(=O)OCCOC(=O)C(C)CSCC(C)C,0.5453658560729365
N(CCC(=O)OCCOC(=O)C(C)CSCCCCCCCCCC)(CCC(=O)OCCOC(=O)C(C)CSCCCCCCCCCC)CCCN(CCC(=O)OCCOC(=O)C(C)CSCCCCCCCCCC)CCCNCCCN(CCC(=O)OCCOC(=O)C(C)CSCCCCCCCCCC)CCC(=O)OCCOC(=O)C(C)CSCCCCCCCCCC,0.6262513179989201
N(CCC(=O)OCCOC(=O)C(C)CSCCCCCCCCCCC)(CCC(=O)OCCOC(=O)C(C)CSCCCCCCCCCCC)CCCN(CCC(=O)OCCOC(=O)C(C)CSCCCCCCCCCCC)CCCNCCCN(CCC(=O)OCCOC(=O)C(C)CSCCCCCCCCCCC)CCC(=O)OCCOC(=O)C(C)CSCCCCCCCCCCC,0.6240066423244367
N(CCC(=O)OCCOC(=O)C(C)CSCCCCCCCCCCCC)(CCC(=O)OCCOC(=O)C(C)CSCCCCCCCCCCCC)CCCN(CCC(=O)OCCOC(=O)C(C)CSCCCCCCCCCCCC)CCCNCCCN(CCC(=O)OCCOC(=O)C(C)CSCCCCCCCCCCCC)CCC(=O)OCCOC(=O)C(C)CSCCCCCCCCCCCC,0.6219162419391189
N(CCC(=O)OCCOC(=O)C(C)CSCCCCCCCCCCCCCC)(CCC(=O)OCCOC(=O)C(C)CSCCCCCCCCCCCCCC)CCCN(CCC(=O)OCCOC(=O)C(C)CSCCCCCCCCCCCCCC)CCCNCCCN(CCC(=O)OCCOC(=O)C(C)CSCCCCCCCCCCCCCC)CCC(=O)OCCOC(=O)C(C)CSCCCCCCCCCCCCCC,0.6181452535196253
N(CCC(=O)OCCOC(=O)C(C)CSCCCCCCCCCCCCCCCC)(CCC(=O)OCCOC(=O)C(C)CSCCCCCCCCCCCCCCCC)CCCN(CCC(=O)OCCOC(=O)C(C)CSCCCCCCCCCCCCCCCC)CCCNCCCN(CCC(=O)OCCOC(=O)C(C)CSCCCCCCCCCCCCCCCC)CCC(=O)OCCOC(=O)C(C)CSCCCCCCCCCCCCCCCC,0.6148752130468044
N(CCC(=O)OCCOC(=O)C(C)CSCCCCCCCCCCCCCCCCCC)(CCC(=O)OCCOC(=O)C(C)CSCCCCCCCCCCCCCCCCCC)CCCN(CCC(=O)OCCOC(=O)C(C)CSCCCCCCCCCCCCCCCCCC)CCCNCCCN(CCC(=O)OCCOC(=O)C(C)CSCCCCCCCCCCCCCCCCCC)CCC(=O)OCCOC(=O)C(C)CSCCCCCCCCCCCCCCCCCC,0.612304176635125
N(CCC(=O)OCCOC(=O)C(C)CSCCc5ccccc5)(CCC(=O)OCCOC(=O)C(C)CSCCc5ccccc5)CCCN(CCC(=O)OCCOC(=O)C(C)CSCCc5ccccc5)CCCNCCCN(CCC(=O)OCCOC(=O)C(C)CSCCc5ccccc5)CCC(=O)OCCOC(=O)C(C)CSCCc5ccccc5,0.13747917623791472
N(CCC(=O)OCCOC(=O)C(C)CSCCC(C)C)(CCC(=O)OCCOC(=O)C(C)CSCCC(C)C)CCCN(CCC(=O)OCCOC(=O)C(C)CSCCC(C)C)CCCNCCCN(CCC(=O)OCCOC(=O)C(C)CSCCC(C)C)CCC(=O)OCCOC(=O)C(C)CSCCC(C)C,0.5311775925583531
N(CCC(=O)OCCOC(=O)C(C)CSCCCC)(CCC(=O)OCCOC(=O)C(C)CSCCCC)CCCN(CCC(=O)OCCOC(=O)C(C)CSCCCC)CCCNCCCN(CCC(=O)OCCOC(=O)C(C)CSCCCC)CCC(=O)OCCOC(=O)C(C)CSCCCC,0.6095744570688755
N(CCC(=O)OCCOC(=O)C(C)CSCCCCC)(CCC(=O)OCCOC(=O)C(C)CSCCCCC)CCCN(CCC(=O)OCCOC(=O)C(C)CSCCCCC)CCCNCCCN(CCC(=O)OCCOC(=O)C(C)CSCCCCC)CCC(=O)OCCOC(=O)C(C)CSCCCCC,0.6239470765757242
N(CCC(=O)OCCOC(=O)C(C)CSCCCCCC)(CCC(=O)OCCOC(=O)C(C)CSCCCCCC)CCCN(CCC(=O)OCCOC(=O)C(C)CSCCCCCC)CCCNCCCN(CCC(=O)OCCOC(=O)C(C)CSCCCCCC)CCC(=O)OCCOC(=O)C(C)CSCCCCCC,0.61891305602053
N(CCC(=O)OCCOC(=O)C(C)CSCCCCCCC)(CCC(=O)OCCOC(=O)C(C)CSCCCCCCC)CCCN(CCC(=O)OCCOC(=O)C(C)CSCCCCCCC)CCCNCCCN(CCC(=O)OCCOC(=O)C(C)CSCCCCCCC)CCC(=O)OCCOC(=O)C(C)CSCCCCCCC,0.6233260440796473
N(CCC(=O)OCCOC(=O)C(C)CSCCCCCCCC)(CCC(=O)OCCOC(=O)C(C)CSCCCCCCCC)CCCN(CCC(=O)OCCOC(=O)C(C)CSCCCCCCCC)CCCNCCCN(CCC(=O)OCCOC(=O)C(C)CSCCCCCCCC)CCC(=O)OCCOC(=O)C(C)CSCCCCCCCC,0.6193164352708114
N(CCC(=O)OCCOC(=O)C(C)CSCCCCCCCCC)(CCC(=O)OCCOC(=O)C(C)CSCCCCCCCCC)CCCN(CCC(=O)OCCOC(=O)C(C)CSCCCCCCCCC)CCCNCCCN(CCC(=O)OCCOC(=O)C(C)CSCCCCCCCCC)CCC(=O)OCCOC(=O)C(C)CSCCCCCCCCC,0.6282923383785552
N(CCC(=O)OCCOC(=O)C(C)CSCCN(C)C)(CCC(=O)OCCOC(=O)C(C)CSCCN(C)C)CCCN(CCC(=O)OCCOC(=O)C(C)CSCCN(C)C)CCCNCCCN(CCC(=O)OCCOC(=O)C(C)CSCCN(C)C)CCC(=O)OCCOC(=O)C(C)CSCCN(C)C,0.4031925996391334
N(CCC(=O)OCCOC(=O)C(C)CSCCCC(=O)N(C)CCCN(C)C)(CCC(=O)OCCOC(=O)C(C)CSCCCC(=O)N(C)CCCN(C)C)CCCN(CCC(=O)OCCOC(=O)C(C)CSCCCC(=O)N(C)CCCN(C)C)CCCNCCCN(CCC(=O)OCCOC(=O)C(C)CSCCCC(=O)N(C)CCCN(C)C)CCC(=O)OCCOC(=O)C(C)CSCCCC(=O)N(C)CCCN(C)C,0.46106590673350395
N(CCC(=O)OCCOC(=O)C(C)CSCCCC(=O)N(C)CCN5(CCCCC5))(CCC(=O)OCCOC(=O)C(C)CSCCCC(=O)N(C)CCN5(CCCCC5))CCCN(CCC(=O)OCCOC(=O)C(C)CSCCCC(=O)N(C)CCN5(CCCCC5))CCCNCCCN(CCC(=O)OCCOC(=O)C(C)CSCCCC(=O)N(C)CCN5(CCCCC5))CCC(=O)OCCOC(=O)C(C)CSCCCC(=O)N(C)CCN5(CCCCC5),0.4798680735776121
N(CCC(=O)OCCOC(=O)C(C)CSCCNCCCC)(CCC(=O)OCCOC(=O)C(C)CSCCNCCCC)CCCN(CCC(=O)OCCOC(=O)C(C)CSCCNCCCC)CCCNCCCN(CCC(=O)OCCOC(=O)C(C)CSCCNCCCC)CCC(=O)OCCOC(=O)C(C)CSCCNCCCC,0.5864562156388053
N(CCC(=O)OCCOC(=O)C(C)CSCCN(CC)CC)(CCC(=O)OCCOC(=O)C(C)CSCCN(CC)CC)CCCN(CCC(=O)OCCOC(=O)C(C)CSCCN(CC)CC)CCCNCCCN(CCC(=O)OCCOC(=O)C(C)CSCCN(CC)CC)CCC(=O)OCCOC(=O)C(C)CSCCN(CC)CC,0.4085658173503711
N(CCC(=O)OCCOC(=O)C(C)CSCCN5CCCC5)(CCC(=O)OCCOC(=O)C(C)CSCCN5CCCC5)CCCN(CCC(=O)OCCOC(=O)C(C)CSCCN5CCCC5)CCCNCCCN(CCC(=O)OCCOC(=O)C(C)CSCCN5CCCC5)CCC(=O)OCCOC(=O)C(C)CSCCN5CCCC5,0.49024088284128814
N(CCC(=O)OCCOC(=O)C(C)CSCCN5CCCCC5)(CCC(=O)OCCOC(=O)C(C)CSCCN5CCCCC5)CCCN(CCC(=O)OCCOC(=O)C(C)CSCCN5CCCCC5)CCCNCCCN(CCC(=O)OCCOC(=O)C(C)CSCCN5CCCCC5)CCC(=O)OCCOC(=O)C(C)CSCCN5CCCCC5,0.4795513624917075
N(CCC(=O)OCCOC(=O)C(C)CSCCN5CCCCCC5)(CCC(=O)OCCOC(=O)C(C)CSCCN5CCCCCC5)CCCN(CCC(=O)OCCOC(=O)C(C)CSCCN5CCCCCC5)CCCNCCCN(CCC(=O)OCCOC(=O)C(C)CSCCN5CCCCCC5)CCC(=O)OCCOC(=O)C(C)CSCCN5CCCCCC5,0.4686241450218895
N(CCC(=O)OCCOC(=O)C(C)CSCCN(CCC)CCC)(CCC(=O)OCCOC(=O)C(C)CSCCN(CCC)CCC)CCCN(CCC(=O)OCCOC(=O)C(C)CSCCN(CCC)CCC)CCCNCCCN(CCC(=O)OCCOC(=O)C(C)CSCCN(CCC)CCC)CCC(=O)OCCOC(=O)C(C)CSCCN(CCC)CCC,0.3448518801146155
N(CCC(=O)OCCOC(=O)C(C)CSCCN(CCCC)CCCC)(CCC(=O)OCCOC(=O)C(C)CSCCN(CCCC)CCCC)CCCN(CCC(=O)OCCOC(=O)C(C)CSCCN(CCCC)CCCC)CCCNCCCN(CCC(=O)OCCOC(=O)C(C)CSCCN(CCCC)CCCC)CCC(=O)OCCOC(=O)C(C)CSCCN(CCCC)CCCC,0.5791411843024132
N(CCC(=O)OCCOC(=O)C(C)CSCCCC(=O)N5CCN(CCO)CC5)(CCC(=O)OCCOC(=O)C(C)CSCCCC(=O)N5CCN(CCO)CC5)CCCN(CCC(=O)OCCOC(=O)C(C)CSCCCC(=O)N5CCN(CCO)CC5)CCCNCCCN(CCC(=O)OCCOC(=O)C(C)CSCCCC(=O)N5CCN(CCO)CC5)CCC(=O)OCCOC(=O)C(C)CSCCCC(=O)N5CCN(CCO)CC5,0.39915043814862605
N(CCC(=O)OCCOC(=O)C(C)CSCCC(O)=O)(CCC(=O)OCCOC(=O)C(C)CSCCC(O)=O)CCCN(CCC(=O)OCCOC(=O)C(C)CSCCC(O)=O)CCCNCCCN(CCC(=O)OCCOC(=O)C(C)CSCCC(O)=O)CCC(=O)OCCOC(=O)C(C)CSCCC(O)=O,0.5026420249801237
N(CCC(=O)OCCOC(=O)C(C)CSCCCCCC(O)=O)(CCC(=O)OCCOC(=O)C(C)CSCCCCCC(O)=O)CCCN(CCC(=O)OCCOC(=O)C(C)CSCCCCCC(O)=O)CCCNCCCN(CCC(=O)OCCOC(=O)C(C)CSCCCCCC(O)=O)CCC(=O)OCCOC(=O)C(C)CSCCCCCC(O)=O,0.5442235637098761
N(CCC(=O)OCCOC(=O)C(C)CSCCCCCCCCCCC(O)=O)(CCC(=O)OCCOC(=O)C(C)CSCCCCCCCCCCC(O)=O)CCCN(CCC(=O)OCCOC(=O)C(C)CSCCCCCCCCCCC(O)=O)CCCNCCCN(CCC(=O)OCCOC(=O)C(C)CSCCCCCCCCCCC(O)=O)CCC(=O)OCCOC(=O)C(C)CSCCCCCCCCCCC(O)=O,0.5549105525151364
N(CCC(=O)OCCOC(=O)C(C)CSCCO)(CCC(=O)OCCOC(=O)C(C)CSCCO)CCCN(CCC(=O)OCCOC(=O)C(C)CSCCO)CCCNCCCN(CCC(=O)OCCOC(=O)C(C)CSCCO)CCC(=O)OCCOC(=O)C(C)CSCCO,0.4787763525352086
N(CCC(=O)OCCOC(=O)C(C)CSCC(O)CO)(CCC(=O)OCCOC(=O)C(C)CSCC(O)CO)CCCN(CCC(=O)OCCOC(=O)C(C)CSCC(O)CO)CCCNCCCN(CCC(=O)OCCOC(=O)C(C)CSCC(O)CO)CCC(=O)OCCOC(=O)C(C)CSCC(O)CO,0.3677739715341751
N(CCC(=O)OCCOC(=O)C(C)CSCCCO)(CCC(=O)OCCOC(=O)C(C)CSCCCO)CCCN(CCC(=O)OCCOC(=O)C(C)CSCCCO)CCCNCCCN(CCC(=O)OCCOC(=O)C(C)CSCCCO)CCC(=O)OCCOC(=O)C(C)CSCCCO,0.5280827945182444
N(CCC(=O)OCCOC(=O)C(C)CSCCCCO)(CCC(=O)OCCOC(=O)C(C)CSCCCCO)CCCN(CCC(=O)OCCOC(=O)C(C)CSCCCCO)CCCNCCCN(CCC(=O)OCCOC(=O)C(C)CSCCCCO)CCC(=O)OCCOC(=O)C(C)CSCCCCO,0.5511403384503762
N(CCC(=O)OCCOC(=O)C(C)CSCCCCCCO)(CCC(=O)OCCOC(=O)C(C)CSCCCCCCO)CCCN(CCC(=O)OCCOC(=O)C(C)CSCCCCCCO)CCCNCCCN(CCC(=O)OCCOC(=O)C(C)CSCCCCCCO)CCC(=O)OCCOC(=O)C(C)CSCCCCCCO,0.5597780868026792
N(CCC(=O)OCCOC(=O)C(C)CSCCCCCCCCCCCO)(CCC(=O)OCCOC(=O)C(C)CSCCCCCCCCCCCO)CCCN(CCC(=O)OCCOC(=O)C(C)CSCCCCCCCCCCCO)CCCNCCCN(CCC(=O)OCCOC(=O)C(C)CSCCCCCCCCCCCO)CCC(=O)OCCOC(=O)C(C)CSCCCCCCCCCCCO,0.5760864740111881
N(CCN(CCC(=O)OCCOC(=O)C(C)CSCC(C)C)(CCC(=O)OCCOC(=O)C(C)CSCC(C)C))(CCN(CCC(=O)OCCOC(=O)C(C)CSCC(C)C)(CCC(=O)OCCOC(=O)C(C)CSCC(C)C))CCNCCC(=O)OCCOC(=O)C(C)CSCC(C)C,0.5447203420541387
N(CCN(CCC(=O)OCCOC(=O)C(C)CSCCCCCCCCCC)(CCC(=O)OCCOC(=O)C(C)CSCCCCCCCCCC))(CCN(CCC(=O)OCCOC(=O)C(C)CSCCCCCCCCCC)(CCC(=O)OCCOC(=O)C(C)CSCCCCCCCCCC))CCNCCC(=O)OCCOC(=O)C(C)CSCCCCCCCCCC,0.6277592249275781
N(CCN(CCC(=O)OCCOC(=O)C(C)CSCCCCCCCCCCC)(CCC(=O)OCCOC(=O)C(C)CSCCCCCCCCCCC))(CCN(CCC(=O)OCCOC(=O)C(C)CSCCCCCCCCCCC)(CCC(=O)OCCOC(=O)C(C)CSCCCCCCCCCCC))CCNCCC(=O)OCCOC(=O)C(C)CSCCCCCCCCCCC,0.625522352366176
N(CCN(CCC(=O)OCCOC(=O)C(C)CSCCCCCCCCCCCC)(CCC(=O)OCCOC(=O)C(C)CSCCCCCCCCCCCC))(CCN(CCC(=O)OCCOC(=O)C(C)CSCCCCCCCCCCCC)(CCC(=O)OCCOC(=O)C(C)CSCCCCCCCCCCCC))CCNCCC(=O)OCCOC(=O)C(C)CSCCCCCCCCCCCC,0.6233356937309387
N(CCN(CCC(=O)OCCOC(=O)C(C)CSCCCCCCCCCCCCCC)(CCC(=O)OCCOC(=O)C(C)CSCCCCCCCCCCCCCC))(CCN(CCC(=O)OCCOC(=O)C(C)CSCCCCCCCCCCCCCC)(CCC(=O)OCCOC(=O)C(C)CSCCCCCCCCCCCCCC))CCNCCC(=O)OCCOC(=O)C(C)CSCCCCCCCCCCCCCC,0.6193947046646197
N(CCN(CCC(=O)OCCOC(=O)C(C)CSCCCCCCCCCCCCCCCC)(CCC(=O)OCCOC(=O)C(C)CSCCCCCCCCCCCCCCCC))(CCN(CCC(=O)OCCOC(=O)C(C)CSCCCCCCCCCCCCCCCC)(CCC(=O)OCCOC(=O)C(C)CSCCCCCCCCCCCCCCCC))CCNCCC(=O)OCCOC(=O)C(C)CSCCCCCCCCCCCCCCCC,0.6159569270434241
N(CCN(CCC(=O)OCCOC(=O)C(C)CSCCCCCCCCCCCCCCCCCC)(CCC(=O)OCCOC(=O)C(C)CSCCCCCCCCCCCCCCCCCC))(CCN(CCC(=O)OCCOC(=O)C(C)CSCCCCCCCCCCCCCCCCCC)(CCC(=O)OCCOC(=O)C(C)CSCCCCCCCCCCCCCCCCCC))CCNCCC(=O)OCCOC(=O)C(C)CSCCCCCCCCCCCCCCCCCC,0.6132183321806164
N(CCN(CCC(=O)OCCOC(=O)C(C)CSCCc5ccccc5)(CCC(=O)OCCOC(=O)C(C)CSCCc5ccccc5))(CCN(CCC(=O)OCCOC(=O)C(C)CSCCc5ccccc5)(CCC(=O)OCCOC(=O)C(C)CSCCc5ccccc5))CCNCCC(=O)OCCOC(=O)C(C)CSCCc5ccccc5,0.12682182139263884
N(CCN(CCC(=O)OCCOC(=O)C(C)CSCCC(C)C)(CCC(=O)OCCOC(=O)C(C)CSCCC(C)C))(CCN(CCC(=O)OCCOC(=O)C(C)CSCCC(C)C)(CCC(=O)OCCOC(=O)C(C)CSCCC(C)C))CCNCCC(=O)OCCOC(=O)C(C)CSCCC(C)C,0.5301662852767115
N(CCN(CCC(=O)OCCOC(=O)C(C)CSCCCC)(CCC(=O)OCCOC(=O)C(C)CSCCCC))(CCN(CCC(=O)OCCOC(=O)C(C)CSCCCC)(CCC(=O)OCCOC(=O)C(C)CSCCCC))CCNCCC(=O)OCCOC(=O)C(C)CSCCCC,0.6107078741353776
N(CCN(CCC(=O)OCCOC(=O)C(C)CSCCCCC)(CCC(=O)OCCOC(=O)C(C)CSCCCCC))(CCN(CCC(=O)OCCOC(=O)C(C)CSCCCCC)(CCC(=O)OCCOC(=O)C(C)CSCCCCC))CCNCCC(=O)OCCOC(=O)C(C)CSCCCCC,0.6253430594625513
N(CCN(CCC(=O)OCCOC(=O)C(C)CSCCCCCC)(CCC(=O)OCCOC(=O)C(C)CSCCCCCC))(CCN(CCC(=O)OCCOC(=O)C(C)CSCCCCCC)(CCC(=O)OCCOC(=O)C(C)CSCCCCCC))CCNCCC(=O)OCCOC(=O)C(C)CSCCCCCC,0.6201889543579526
N(CCN(CCC(=O)OCCOC(=O)C(C)CSCCCCCCC)(CCC(=O)OCCOC(=O)C(C)CSCCCCCCC))(CCN(CCC(=O)OCCOC(=O)C(C)CSCCCCCCC)(CCC(=O)OCCOC(=O)C(C)CSCCCCCCC))CCNCCC(=O)OCCOC(=O)C(C)CSCCCCCCC,0.6247565751007276
N(CCN(CCC(=O)OCCOC(=O)C(C)CSCCCCCCCC)(CCC(=O)OCCOC(=O)C(C)CSCCCCCCCC))(CCN(CCC(=O)OCCOC(=O)C(C)CSCCCCCCCC)(CCC(=O)OCCOC(=O)C(C)CSCCCCCCCC))CCNCCC(=O)OCCOC(=O)C(C)CSCCCCCCCC,0.6207173025490329
N(CCN(CCC(=O)OCCOC(=O)C(C)CSCCCCCCCCC)(CCC(=O)OCCOC(=O)C(C)CSCCCCCCCCC))(CCN(CCC(=O)OCCOC(=O)C(C)CSCCCCCCCCC)(CCC(=O)OCCOC(=O)C(C)CSCCCCCCCCC))CCNCCC(=O)OCCOC(=O)C(C)CSCCCCCCCCC,0.6298003644387107
N(CCN(CCC(=O)OCCOC(=O)C(C)CSCCN(C)C)(CCC(=O)OCCOC(=O)C(C)CSCCN(C)C))(CCN(CCC(=O)OCCOC(=O)C(C)CSCCN(C)C)(CCC(=O)OCCOC(=O)C(C)CSCCN(C)C))CCNCCC(=O)OCCOC(=O)C(C)CSCCN(C)C,0.398243579407352
N(CCN(CCC(=O)OCCOC(=O)C(C)CSCCCC(=O)N(C)CCCN(C)C)(CCC(=O)OCCOC(=O)C(C)CSCCCC(=O)N(C)CCCN(C)C))(CCN(CCC(=O)OCCOC(=O)C(C)CSCCCC(=O)N(C)CCCN(C)C)(CCC(=O)OCCOC(=O)C(C)CSCCCC(=O)N(C)CCCN(C)C))CCNCCC(=O)OCCOC(=O)C(C)CSCCCC(=O)N(C)CCCN(C)C,0.45849966536459597
N(CCN(CCC(=O)OCCOC(=O)C(C)CSCCCC(=O)N(C)CCN5(CCCCC5))(CCC(=O)OCCOC(=O)C(C)CSCCCC(=O)N(C)CCN5(CCCCC5)))(CCN(CCC(=O)OCCOC(=O)C(C)CSCCCC(=O)N(C)CCN5(CCCCC5))(CCC(=O)OCCOC(=O)C(C)CSCCCC(=O)N(C)CCN5(CCCCC5)))CCNCCC(=O)OCCOC(=O)C(C)CSCCCC(=O)N(C)CCN5(CCCCC5),0.4780498886639105
N(CCN(CCC(=O)OCCOC(=O)C(C)CSCCNCCCC)(CCC(=O)OCCOC(=O)C(C)CSCCNCCCC))(CCN(CCC(=O)OCCOC(=O)C(C)CSCCNCCCC)(CCC(=O)OCCOC(=O)C(C)CSCCNCCCC))CCNCCC(=O)OCCOC(=O)C(C)CSCCNCCCC,0.5868030669935586
N(CCN(CCC(=O)OCCOC(=O)C(C)CSCCN(CC)CC)(CCC(=O)OCCOC(=O)C(C)CSCCN(CC)CC))(CCN(CCC(=O)OCCOC(=O)C(C)CSCCN(CC)CC)(CCC(=O)OCCOC(=O)C(C)CSCCN(CC)CC))CCNCCC(=O)OCCOC(=O)C(C)CSCCN(CC)CC,0.40403613998952603
N(CCN(CCC(=O)OCCOC(=O)C(C)CSCCN5CCCC5)(CCC(=O)OCCOC(=O)C(C)CSCCN5CCCC5))(CCN(CCC(=O)OCCOC(=O)C(C)CSCCN5CCCC5)(CCC(=O)OCCOC(=O)C(C)CSCCN5CCCC5))CCNCCC(=O)OCCOC(=O)C(C)CSCCN5CCCC5,0.48821895328411535
N(CCN(CCC(=O)OCCOC(=O)C(C)CSCCN5CCCCC5)(CCC(=O)OCCOC(=O)C(C)CSCCN5CCCCC5))(CCN(CCC(=O)OCCOC(=O)C(C)CSCCN5CCCCC5)(CCC(=O)OCCOC(=O)C(C)CSCCN5CCCCC5))CCNCCC(=O)OCCOC(=O)C(C)CSCCN5CCCCC5,0.47704278076755324
N(CCN(CCC(=O)OCCOC(=O)C(C)CSCCN5CCCCCC5)(CCC(=O)OCCOC(=O)C(C)CSCCN5CCCCCC5))(CCN(CCC(=O)OCCOC(=O)C(C)CSCCN5CCCCCC5)(CCC(=O)OCCOC(=O)C(C)CSCCN5CCCCCC5))CCNCCC(=O)OCCOC(=O)C(C)CSCCN5CCCCCC5,0.46597254593507637
N(CCN(CCC(=O)OCCOC(=O)C(C)CSCCN(CCC)CCC)(CCC(=O)OCCOC(=O)C(C)CSCCN(CCC)CCC))(CCN(CCC(=O)OCCOC(=O)C(C)CSCCN(CCC)CCC)(CCC(=O)OCCOC(=O)C(C)CSCCN(CCC)CCC))CCNCCC(=O)OCCOC(=O)C(C)CSCCN(CCC)CCC,0.33928569916042345
N(CCN(CCC(=O)OCCOC(=O)C(C)CSCCN(CCCC)CCCC)(CCC(=O)OCCOC(=O)C(C)CSCCN(CCCC)CCCC))(CCN(CCC(=O)OCCOC(=O)C(C)CSCCN(CCCC)CCCC)(CCC(=O)OCCOC(=O)C(C)CSCCN(CCCC)CCCC))CCNCCC(=O)OCCOC(=O)C(C)CSCCN(CCCC)CCCC,0.5794634945686967
N(CCN(CCC(=O)OCCOC(=O)C(C)CSCCCC(=O)N5CCN(CCO)CC5)(CCC(=O)OCCOC(=O)C(C)CSCCCC(=O)N5CCN(CCO)CC5))(CCN(CCC(=O)OCCOC(=O)C(C)CSCCCC(=O)N5CCN(CCO)CC5)(CCC(=O)OCCOC(=O)C(C)CSCCCC(=O)N5CCN(CCO)CC5))CCNCCC(=O)OCCOC(=O)C(C)CSCCCC(=O)N5CCN(CCO)CC5,0.3954567958538358
N(CCN(CCC(=O)OCCOC(=O)C(C)CSCCC(O)=O)(CCC(=O)OCCOC(=O)C(C)CSCCC(O)=O))(CCN(CCC(=O)OCCOC(=O)C(C)CSCCC(O)=O)(CCC(=O)OCCOC(=O)C(C)CSCCC(O)=O))CCNCCC(=O)OCCOC(=O)C(C)CSCCC(O)=O,0.5006789463826788
N(CCN(CCC(=O)OCCOC(=O)C(C)CSCCCCCC(O)=O)(CCC(=O)OCCOC(=O)C(C)CSCCCCCC(O)=O))(CCN(CCC(=O)OCCOC(=O)C(C)CSCCCCCC(O)=O)(CCC(=O)OCCOC(=O)C(C)CSCCCCCC(O)=O))CCNCCC(=O)OCCOC(=O)C(C)CSCCCCCC(O)=O,0.5440485595401586
N(CCN(CCC(=O)OCCOC(=O)C(C)CSCCCCCCCCCCC(O)=O)(CCC(=O)OCCOC(=O)C(C)CSCCCCCCCCCCC(O)=O))(CCN(CCC(=O)OCCOC(=O)C(C)CSCCCCCCCCCCC(O)=O)(CCC(=O)OCCOC(=O)C(C)CSCCCCCCCCCCC(O)=O))CCNCCC(=O)OCCOC(=O)C(C)CSCCCCCCCCCCC(O)=O,0.5545280212769046
N(CCN(CCC(=O)OCCOC(=O)C(C)CSCCO)(CCC(=O)OCCOC(=O)C(C)CSCCO))(CCN(CCC(=O)OCCOC(=O)C(C)CSCCO)(CCC(=O)OCCOC(=O)C(C)CSCCO))CCNCCC(=O)OCCOC(=O)C(C)CSCCO,0.4752529789331132
N(CCN(CCC(=O)OCCOC(=O)C(C)CSCC(O)CO)(CCC(=O)OCCOC(=O)C(C)CSCC(O)CO))(CCN(CCC(=O)OCCOC(=O)C(C)CSCC(O)CO)(CCC(=O)OCCOC(=O)C(C)CSCC(O)CO))CCNCCC(=O)OCCOC(=O)C(C)CSCC(O)CO,0.36157681060387115
N(CCN(CCC(=O)OCCOC(=O)C(C)CSCCCO)(CCC(=O)OCCOC(=O)C(C)CSCCCO))(CCN(CCC(=O)OCCOC(=O)C(C)CSCCCO)(CCC(=O)OCCOC(=O)C(C)CSCCCO))CCNCCC(=O)OCCOC(=O)C(C)CSCCCO,0.5273860539555537
N(CCN(CCC(=O)OCCOC(=O)C(C)CSCCCCO)(CCC(=O)OCCOC(=O)C(C)CSCCCCO))(CCN(CCC(=O)OCCOC(=O)C(C)CSCCCCO)(CCC(=O)OCCOC(=O)C(C)CSCCCCO))CCNCCC(=O)OCCOC(=O)C(C)CSCCCCO,0.5512661413116572
N(CCN(CCC(=O)OCCOC(=O)C(C)CSCCCCCCO)(CCC(=O)OCCOC(=O)C(C)CSCCCCCCO))(CCN(CCC(=O)OCCOC(=O)C(C)CSCCCCCCO)(CCC(=O)OCCOC(=O)C(C)CSCCCCCCO))CCNCCC(=O)OCCOC(=O)C(C)CSCCCCCCO,0.5602249490495206
N(CCN(CCC(=O)OCCOC(=O)C(C)CSCCCCCCCCCCCO)(CCC(=O)OCCOC(=O)C(C)CSCCCCCCCCCCCO))(CCN(CCC(=O)OCCOC(=O)C(C)CSCCCCCCCCCCCO)(CCC(=O)OCCOC(=O)C(C)CSCCCCCCCCCCCO))CCNCCC(=O)OCCOC(=O)C(C)CSCCCCCCCCCCCO,0.576848200805724
N(CCC(=O)OCCOC(=O)C(C)CSCC(C)C)(CCC(=O)OCCOC(=O)C(C)CSCC(C)C)CCN(CCC(=O)OCCOC(=O)C(C)CSCC(C)C)CCN(CCC(=O)OCCOC(=O)C(C)CSCC(C)C)CCNCCN(CCC(=O)OCCOC(=O)C(C)CSCC(C)C)CCC(=O)OCCOC(=O)C(C)CSCC(C)C,0.5429016210486988
N(CCC(=O)OCCOC(=O)C(C)CSCCCCCCCCCC)(CCC(=O)OCCOC(=O)C(C)CSCCCCCCCCCC)CCN(CCC(=O)OCCOC(=O)C(C)CSCCCCCCCCCC)CCN(CCC(=O)OCCOC(=O)C(C)CSCCCCCCCCCC)CCNCCN(CCC(=O)OCCOC(=O)C(C)CSCCCCCCCCCC)CCC(=O)OCCOC(=O)C(C)CSCCCCCCCCCC,0.6254981686721988
N(CCC(=O)OCCOC(=O)C(C)CSCCCCCCCCCCC)(CCC(=O)OCCOC(=O)C(C)CSCCCCCCCCCCC)CCN(CCC(=O)OCCOC(=O)C(C)CSCCCCCCCCCCC)CCN(CCC(=O)OCCOC(=O)C(C)CSCCCCCCCCCCC)CCNCCN(CCC(=O)OCCOC(=O)C(C)CSCCCCCCCCCCC)CCC(=O)OCCOC(=O)C(C)CSCCCCCCCCCCC,0.6233323580490108
N(CCC(=O)OCCOC(=O)C(C)CSCCCCCCCCCCCC)(CCC(=O)OCCOC(=O)C(C)CSCCCCCCCCCCCC)CCN(CCC(=O)OCCOC(=O)C(C)CSCCCCCCCCCCCC)CCN(CCC(=O)OCCOC(=O)C(C)CSCCCCCCCCCCCC)CCNCCN(CCC(=O)OCCOC(=O)C(C)CSCCCCCCCCCCCC)CCC(=O)OCCOC(=O)C(C)CSCCCCCCCCCCCC,0.6212336184588731
N(CCC(=O)OCCOC(=O)C(C)CSCCCCCCCCCCCCCC)(CCC(=O)OCCOC(=O)C(C)CSCCCCCCCCCCCCCC)CCN(CCC(=O)OCCOC(=O)C(C)CSCCCCCCCCCCCCCC)CCN(CCC(=O)OCCOC(=O)C(C)CSCCCCCCCCCCCCCC)CCNCCN(CCC(=O)OCCOC(=O)C(C)CSCCCCCCCCCCCCCC)CCC(=O)OCCOC(=O)C(C)CSCCCCCCCCCCCCCC,0.6174538143085703
N(CCC(=O)OCCOC(=O)C(C)CSCCCCCCCCCCCCCCCC)(CCC(=O)OCCOC(=O)C(C)CSCCCCCCCCCCCCCCCC)CCN(CCC(=O)OCCOC(=O)C(C)CSCCCCCCCCCCCCCCCC)CCN(CCC(=O)OCCOC(=O)C(C)CSCCCCCCCCCCCCCCCC)CCNCCN(CCC(=O)OCCOC(=O)C(C)CSCCCCCCCCCCCCCCCC)CCC(=O)OCCOC(=O)C(C)CSCCCCCCCCCCCCCCCC,0.6141608410224949
N(CCC(=O)OCCOC(=O)C(C)CSCCCCCCCCCCCCCCCCCC)(CCC(=O)OCCOC(=O)C(C)CSCCCCCCCCCCCCCCCCCC)CCN(CCC(=O)OCCOC(=O)C(C)CSCCCCCCCCCCCCCCCCCC)CCN(CCC(=O)OCCOC(=O)C(C)CSCCCCCCCCCCCCCCCCCC)CCNCCN(CCC(=O)OCCOC(=O)C(C)CSCCCCCCCCCCCCCCCCCC)CCC(=O)OCCOC(=O)C(C)CSCCCCCCCCCCCCCCCCCC,0.6116012412345683
N(CCC(=O)OCCOC(=O)C(C)CSCCc5ccccc5)(CCC(=O)OCCOC(=O)C(C)CSCCc5ccccc5)CCN(CCC(=O)OCCOC(=O)C(C)CSCCc5ccccc5)CCN(CCC(=O)OCCOC(=O)C(C)CSCCc5ccccc5)CCNCCN(CCC(=O)OCCOC(=O)C(C)CSCCc5ccccc5)CCC(=O)OCCOC(=O)C(C)CSCCc5ccccc5,0.12823787793678204
N(CCC(=O)OCCOC(=O)C(C)CSCCC(C)C)(CCC(=O)OCCOC(=O)C(C)CSCCC(C)C)CCN(CCC(=O)OCCOC(=O)C(C)CSCCC(C)C)CCN(CCC(=O)OCCOC(=O)C(C)CSCCC(C)C)CCNCCN(CCC(=O)OCCOC(=O)C(C)CSCCC(C)C)CCC(=O)OCCOC(=O)C(C)CSCCC(C)C,0.5285416890463257
N(CCC(=O)OCCOC(=O)C(C)CSCCCC)(CCC(=O)OCCOC(=O)C(C)CSCCCC)CCN(CCC(=O)OCCOC(=O)C(C)CSCCCC)CCN(CCC(=O)OCCOC(=O)C(C)CSCCCC)CCNCCN(CCC(=O)OCCOC(=O)C(C)CSCCCC)CCC(=O)OCCOC(=O)C(C)CSCCCC,0.6080924612409074
N(CCC(=O)OCCOC(=O)C(C)CSCCCCC)(CCC(=O)OCCOC(=O)C(C)CSCCCCC)CCN(CCC(=O)OCCOC(=O)C(C)CSCCCCC)CCN(CCC(=O)OCCOC(=O)C(C)CSCCCCC)CCNCCN(CCC(=O)OCCOC(=O)C(C)CSCCCCC)CCC(=O)OCCOC(=O)C(C)CSCCCCC,0.6226349622630843
N(CCC(=O)OCCOC(=O)C(C)CSCCCCCC)(CCC(=O)OCCOC(=O)C(C)CSCCCCCC)CCN(CCC(=O)OCCOC(=O)C(C)CSCCCCCC)CCN(CCC(=O)OCCOC(=O)C(C)CSCCCCCC)CCNCCN(CCC(=O)OCCOC(=O)C(C)CSCCCCCC)CCC(=O)OCCOC(=O)C(C)CSCCCCCC,0.6177129253154697
N(CCC(=O)OCCOC(=O)C(C)CSCCCCCCC)(CCC(=O)OCCOC(=O)C(C)CSCCCCCCC)CCN(CCC(=O)OCCOC(=O)C(C)CSCCCCCCC)CCN(CCC(=O)OCCOC(=O)C(C)CSCCCCCCC)CCNCCN(CCC(=O)OCCOC(=O)C(C)CSCCCCCCC)CCC(=O)OCCOC(=O)C(C)CSCCCCCCC,0.6222268773186548
N(CCC(=O)OCCOC(=O)C(C)CSCCCCCCCC)(CCC(=O)OCCOC(=O)C(C)CSCCCCCCCC)CCN(CCC(=O)OCCOC(=O)C(C)CSCCCCCCCC)CCN(CCC(=O)OCCOC(=O)C(C)CSCCCCCCCC)CCNCCN(CCC(=O)OCCOC(=O)C(C)CSCCCCCCCC)CCC(=O)OCCOC(=O)C(C)CSCCCCCCCC,0.618237342167135
N(CCC(=O)OCCOC(=O)C(C)CSCCCCCCCCC)(CCC(=O)OCCOC(=O)C(C)CSCCCCCCCCC)CCN(CCC(=O)OCCOC(=O)C(C)CSCCCCCCCCC)CCN(CCC(=O)OCCOC(=O)C(C)CSCCCCCCCCC)CCNCCN(CCC(=O)OCCOC(=O)C(C)CSCCCCCCCCC)CCC(=O)OCCOC(=O)C(C)CSCCCCCCCCC,0.6273984351876262
N(CCC(=O)OCCOC(=O)C(C)CSCCN(C)C)(CCC(=O)OCCOC(=O)C(C)CSCCN(C)C)CCN(CCC(=O)OCCOC(=O)C(C)CSCCN(C)C)CCN(CCC(=O)OCCOC(=O)C(C)CSCCN(C)C)CCNCCN(CCC(=O)OCCOC(=O)C(C)CSCCN(C)C)CCC(=O)OCCOC(=O)C(C)CSCCN(C)C,0.397661830522551
N(CCC(=O)OCCOC(=O)C(C)CSCCCC(=O)N(C)CCCN(C)C)(CCC(=O)OCCOC(=O)C(C)CSCCCC(=O)N(C)CCCN(C)C)CCN(CCC(=O)OCCOC(=O)C(C)CSCCCC(=O)N(C)CCCN(C)C)CCN(CCC(=O)OCCOC(=O)C(C)CSCCCC(=O)N(C)CCCN(C)C)CCNCCN(CCC(=O)OCCOC(=O)C(C)CSCCCC(=O)N(C)CCCN(C)C)CCC(=O)OCCOC(=O)C(C)CSCCCC(=O)N(C)CCCN(C)C,0.4577377003070652
N(CCC(=O)OCCOC(=O)C(C)CSCCCC(=O)N(C)CCN5(CCCCC5))(CCC(=O)OCCOC(=O)C(C)CSCCCC(=O)N(C)CCN5(CCCCC5))CCN(CCC(=O)OCCOC(=O)C(C)CSCCCC(=O)N(C)CCN5(CCCCC5))CCN(CCC(=O)OCCOC(=O)C(C)CSCCCC(=O)N(C)CCN5(CCCCC5))CCNCCN(CCC(=O)OCCOC(=O)C(C)CSCCCC(=O)N(C)CCN5(CCCCC5))CCC(=O)OCCOC(=O)C(C)CSCCCC(=O)N(C)CCN5(CCCCC5),0.47737268566679764
N(CCC(=O)OCCOC(=O)C(C)CSCCNCCCC)(CCC(=O)OCCOC(=O)C(C)CSCCNCCCC)CCN(CCC(=O)OCCOC(=O)C(C)CSCCNCCCC)CCN(CCC(=O)OCCOC(=O)C(C)CSCCNCCCC)CCNCCN(CCC(=O)OCCOC(=O)C(C)CSCCNCCCC)CCC(=O)OCCOC(=O)C(C)CSCCNCCCC,0.5847713388707225
N(CCC(=O)OCCOC(=O)C(C)CSCCN(CC)CC)(CCC(=O)OCCOC(=O)C(C)CSCCN(CC)CC)CCN(CCC(=O)OCCOC(=O)C(C)CSCCN(CC)CC)CCN(CCC(=O)OCCOC(=O)C(C)CSCCN(CC)CC)CCNCCN(CCC(=O)OCCOC(=O)C(C)CSCCN(CC)CC)CCC(=O)OCCOC(=O)C(C)CSCCN(CC)CC,0.40353790228442
N(CCC(=O)OCCOC(=O)C(C)CSCCN5CCCC5)(CCC(=O)OCCOC(=O)C(C)CSCCN5CCCC5)CCN(CCC(=O)OCCOC(=O)C(C)CSCCN5CCCC5)CCN(CCC(=O)OCCOC(=O)C(C)CSCCN5CCCC5)CCNCCN(CCC(=O)OCCOC(=O)C(C)CSCCN5CCCC5)CCC(=O)OCCOC(=O)C(C)CSCCN5CCCC5,0.4872346888523893
N(CCC(=O)OCCOC(=O)C(C)CSCCN5CCCCC5)(CCC(=O)OCCOC(=O)C(C)CSCCN5CCCCC5)CCN(CCC(=O)OCCOC(=O)C(C)CSCCN5CCCCC5)CCN(CCC(=O)OCCOC(=O)C(C)CSCCN5CCCCC5)CCNCCN(CCC(=O)OCCOC(=O)C(C)CSCCN5CCCCC5)CCC(=O)OCCOC(=O)C(C)CSCCN5CCCCC5,0.4761676407874686
N(CCC(=O)OCCOC(=O)C(C)CSCCN5CCCCCC5)(CCC(=O)OCCOC(=O)C(C)CSCCN5CCCCCC5)CCN(CCC(=O)OCCOC(=O)C(C)CSCCN5CCCCCC5)CCN(CCC(=O)OCCOC(=O)C(C)CSCCN5CCCCCC5)CCNCCN(CCC(=O)OCCOC(=O)C(C)CSCCN5CCCCCC5)CCC(=O)OCCOC(=O)C(C)CSCCN5CCCCCC5,0.46526058632358974
N(CCC(=O)OCCOC(=O)C(C)CSCCN(CCC)CCC)(CCC(=O)OCCOC(=O)C(C)CSCCN(CCC)CCC)CCN(CCC(=O)OCCOC(=O)C(C)CSCCN(CCC)CCC)CCN(CCC(=O)OCCOC(=O)C(C)CSCCN(CCC)CCC)CCNCCN(CCC(=O)OCCOC(=O)C(C)CSCCN(CCC)CCC)CCC(=O)OCCOC(=O)C(C)CSCCN(CCC)CCC,0.33929368097075097
N(CCC(=O)OCCOC(=O)C(C)CSCCN(CCCC)CCCC)(CCC(=O)OCCOC(=O)C(C)CSCCN(CCCC)CCCC)CCN(CCC(=O)OCCOC(=O)C(C)CSCCN(CCCC)CCCC)CCN(CCC(=O)OCCOC(=O)C(C)CSCCN(CCCC)CCCC)CCNCCN(CCC(=O)OCCOC(=O)C(C)CSCCN(CCCC)CCCC)CCC(=O)OCCOC(=O)C(C)CSCCN(CCCC)CCCC,0.5777200051038807
N(CCC(=O)OCCOC(=O)C(C)CSCCCC(=O)N5CCN(CCO)CC5)(CCC(=O)OCCOC(=O)C(C)CSCCCC(=O)N5CCN(CCO)CC5)CCN(CCC(=O)OCCOC(=O)C(C)CSCCCC(=O)N5CCN(CCO)CC5)CCN(CCC(=O)OCCOC(=O)C(C)CSCCCC(=O)N5CCN(CCO)CC5)CCNCCN(CCC(=O)OCCOC(=O)C(C)CSCCCC(=O)N5CCN(CCO)CC5)CCC(=O)OCCOC(=O)C(C)CSCCCC(=O)N5CCN(CCO)CC5,0.395176181611651
N(CCC(=O)OCCOC(=O)C(C)CSCCC(O)=O)(CCC(=O)OCCOC(=O)C(C)CSCCC(O)=O)CCN(CCC(=O)OCCOC(=O)C(C)CSCCC(O)=O)CCN(CCC(=O)OCCOC(=O)C(C)CSCCC(O)=O)CCNCCN(CCC(=O)OCCOC(=O)C(C)CSCCC(O)=O)CCC(=O)OCCOC(=O)C(C)CSCCC(O)=O,0.49925070864292387
N(CCC(=O)OCCOC(=O)C(C)CSCCCCCC(O)=O)(CCC(=O)OCCOC(=O)C(C)CSCCCCCC(O)=O)CCN(CCC(=O)OCCOC(=O)C(C)CSCCCCCC(O)=O)CCN(CCC(=O)OCCOC(=O)C(C)CSCCCCCC(O)=O)CCNCCN(CCC(=O)OCCOC(=O)C(C)CSCCCCCC(O)=O)CCC(=O)OCCOC(=O)C(C)CSCCCCCC(O)=O,0.5422702836780945
N(CCC(=O)OCCOC(=O)C(C)CSCCCCCCCCCCC(O)=O)(CCC(=O)OCCOC(=O)C(C)CSCCCCCCCCCCC(O)=O)CCN(CCC(=O)OCCOC(=O)C(C)CSCCCCCCCCCCC(O)=O)CCN(CCC(=O)OCCOC(=O)C(C)CSCCCCCCCCCCC(O)=O)CCNCCN(CCC(=O)OCCOC(=O)C(C)CSCCCCCCCCCCC(O)=O)CCC(=O)OCCOC(=O)C(C)CSCCCCCCCCCCC(O)=O,0.5531953567809589
N(CCC(=O)OCCOC(=O)C(C)CSCCO)(CCC(=O)OCCOC(=O)C(C)CSCCO)CCN(CCC(=O)OCCOC(=O)C(C)CSCCO)CCN(CCC(=O)OCCOC(=O)C(C)CSCCO)CCNCCN(CCC(=O)OCCOC(=O)C(C)CSCCO)CCC(=O)OCCOC(=O)C(C)CSCCO,0.47423193265155716
N(CCC(=O)OCCOC(=O)C(C)CSCC(O)CO)(CCC(=O)OCCOC(=O)C(C)CSCC(O)CO)CCN(CCC(=O)OCCOC(=O)C(C)CSCC(O)CO)CCN(CCC(=O)OCCOC(=O)C(C)CSCC(O)CO)CCNCCN(CCC(=O)OCCOC(=O)C(C)CSCC(O)CO)CCC(=O)OCCOC(=O)C(C)CSCC(O)CO,0.3614211057367366
N(CCC(=O)OCCOC(=O)C(C)CSCCCO)(CCC(=O)OCCOC(=O)C(C)CSCCCO)CCN(CCC(=O)OCCOC(=O)C(C)CSCCCO)CCN(CCC(=O)OCCOC(=O)C(C)CSCCCO)CCNCCN(CCC(=O)OCCOC(=O)C(C)CSCCCO)CCC(=O)OCCOC(=O)C(C)CSCCCO,0.5253980470922727
N(CCC(=O)OCCOC(=O)C(C)CSCCCCO)(CCC(=O)OCCOC(=O)C(C)CSCCCCO)CCN(CCC(=O)OCCOC(=O)C(C)CSCCCCO)CCN(CCC(=O)OCCOC(=O)C(C)CSCCCCO)CCNCCN(CCC(=O)OCCOC(=O)C(C)CSCCCCO)CCC(=O)OCCOC(=O)C(C)CSCCCCO,0.5491541185595566
N(CCC(=O)OCCOC(=O)C(C)CSCCCCCCO)(CCC(=O)OCCOC(=O)C(C)CSCCCCCCO)CCN(CCC(=O)OCCOC(=O)C(C)CSCCCCCCO)CCN(CCC(=O)OCCOC(=O)C(C)CSCCCCCCO)CCNCCN(CCC(=O)OCCOC(=O)C(C)CSCCCCCCO)CCC(=O)OCCOC(=O)C(C)CSCCCCCCO,0.5582022749204889
N(CCC(=O)OCCOC(=O)C(C)CSCCCCCCCCCCCO)(CCC(=O)OCCOC(=O)C(C)CSCCCCCCCCCCCO)CCN(CCC(=O)OCCOC(=O)C(C)CSCCCCCCCCCCCO)CCN(CCC(=O)OCCOC(=O)C(C)CSCCCCCCCCCCCO)CCNCCN(CCC(=O)OCCOC(=O)C(C)CSCCCCCCCCCCCO)CCC(=O)OCCOC(=O)C(C)CSCCCCCCCCCCCO,0.5750065469870297
N(CCC(=O)OCCOC(=O)C(C)CSCC(C)C)(CCC(=O)OCCOC(=O)C(C)CSCC(C)C)CCCN(CCC(=O)OCCOC(=O)C(C)CSCC(C)C)CCCN(CCC(=O)OCCOC(=O)C(C)CSCC(C)C)CCCN(CCC(=O)OCCOC(=O)C(C)CSCC(C)C)CCC(=O)OCCOC(=O)C(C)CSCC(C)C,0.5456225248841389
N(CCC(=O)OCCOC(=O)C(C)CSCCCCCCCCCC)(CCC(=O)OCCOC(=O)C(C)CSCCCCCCCCCC)CCCN(CCC(=O)OCCOC(=O)C(C)CSCCCCCCCCCC)CCCN(CCC(=O)OCCOC(=O)C(C)CSCCCCCCCCCC)CCCN(CCC(=O)OCCOC(=O)C(C)CSCCCCCCCCCC)CCC(=O)OCCOC(=O)C(C)CSCCCCCCCCCC,0.6281081015177874
N(CCC(=O)OCCOC(=O)C(C)CSCCCCCCCCCCC)(CCC(=O)OCCOC(=O)C(C)CSCCCCCCCCCCC)CCCN(CCC(=O)OCCOC(=O)C(C)CSCCCCCCCCCCC)CCCN(CCC(=O)OCCOC(=O)C(C)CSCCCCCCCCCCC)CCCN(CCC(=O)OCCOC(=O)C(C)CSCCCCCCCCCCC)CCC(=O)OCCOC(=O)C(C)CSCCCCCCCCCCC,0.6257622832019901
N(CCC(=O)OCCOC(=O)C(C)CSCCCCCCCCCCCC)(CCC(=O)OCCOC(=O)C(C)CSCCCCCCCCCCCC)CCCN(CCC(=O)OCCOC(=O)C(C)CSCCCCCCCCCCCC)CCCN(CCC(=O)OCCOC(=O)C(C)CSCCCCCCCCCCCC)CCCN(CCC(=O)OCCOC(=O)C(C)CSCCCCCCCCCCCC)CCC(=O)OCCOC(=O)C(C)CSCCCCCCCCCCCC,0.6235775306707116
N(CCC(=O)OCCOC(=O)C(C)CSCCCCCCCCCCCCCC)(CCC(=O)OCCOC(=O)C(C)CSCCCCCCCCCCCCCC)CCCN(CCC(=O)OCCOC(=O)C(C)CSCCCCCCCCCCCCCC)CCCN(CCC(=O)OCCOC(=O)C(C)CSCCCCCCCCCCCCCC)CCCN(CCC(=O)OCCOC(=O)C(C)CSCCCCCCCCCCCCCC)CCC(=O)OCCOC(=O)C(C)CSCCCCCCCCCCCCCC,0.6196421407847715
N(CCC(=O)OCCOC(=O)C(C)CSCCCCCCCCCCCCCCCC)(CCC(=O)OCCOC(=O)C(C)CSCCCCCCCCCCCCCCCC)CCCN(CCC(=O)OCCOC(=O)C(C)CSCCCCCCCCCCCCCCCC)CCCN(CCC(=O)OCCOC(=O)C(C)CSCCCCCCCCCCCCCCCC)CCCN(CCC(=O)OCCOC(=O)C(C)CSCCCCCCCCCCCCCCCC)CCC(=O)OCCOC(=O)C(C)CSCCCCCCCCCCCCCCCC,0.6162272364110816
N(CCC(=O)OCCOC(=O)C(C)CSCCCCCCCCCCCCCCCCCC)(CCC(=O)OCCOC(=O)C(C)CSCCCCCCCCCCCCCCCCCC)CCCN(CCC(=O)OCCOC(=O)C(C)CSCCCCCCCCCCCCCCCCCC)CCCN(CCC(=O)OCCOC(=O)C(C)CSCCCCCCCCCCCCCCCCCC)CCCN(CCC(=O)OCCOC(=O)C(C)CSCCCCCCCCCCCCCCCCCC)CCC(=O)OCCOC(=O)C(C)CSCCCCCCCCCCCCCCCCCC,0.6134802427777054
N(CCC(=O)OCCOC(=O)C(C)CSCCc5ccccc5)(CCC(=O)OCCOC(=O)C(C)CSCCc5ccccc5)CCCN(CCC(=O)OCCOC(=O)C(C)CSCCc5ccccc5)CCCN(CCC(=O)OCCOC(=O)C(C)CSCCc5ccccc5)CCCN(CCC(=O)OCCOC(=O)C(C)CSCCc5ccccc5)CCC(=O)OCCOC(=O)C(C)CSCCc5ccccc5,0.12989886883963123
N(CCC(=O)OCCOC(=O)C(C)CSCCC(C)C)(CCC(=O)OCCOC(=O)C(C)CSCCC(C)C)CCCN(CCC(=O)OCCOC(=O)C(C)CSCCC(C)C)CCCN(CCC(=O)OCCOC(=O)C(C)CSCCC(C)C)CCCN(CCC(=O)OCCOC(=O)C(C)CSCCC(C)C)CCC(=O)OCCOC(=O)C(C)CSCCC(C)C,0.5311293443018958
N(CCC(=O)OCCOC(=O)C(C)CSCCCC)(CCC(=O)OCCOC(=O)C(C)CSCCCC)CCCN(CCC(=O)OCCOC(=O)C(C)CSCCCC)CCCN(CCC(=O)OCCOC(=O)C(C)CSCCCC)CCCN(CCC(=O)OCCOC(=O)C(C)CSCCCC)CCC(=O)OCCOC(=O)C(C)CSCCCC,0.6113676839338664
N(CCC(=O)OCCOC(=O)C(C)CSCCCCC)(CCC(=O)OCCOC(=O)C(C)CSCCCCC)CCCN(CCC(=O)OCCOC(=O)C(C)CSCCCCC)CCCN(CCC(=O)OCCOC(=O)C(C)CSCCCCC)CCCN(CCC(=O)OCCOC(=O)C(C)CSCCCCC)CCC(=O)OCCOC(=O)C(C)CSCCCCC,0.6260333073586322
N(CCC(=O)OCCOC(=O)C(C)CSCCCCCC)(CCC(=O)OCCOC(=O)C(C)CSCCCCCC)CCCN(CCC(=O)OCCOC(=O)C(C)CSCCCCCC)CCCN(CCC(=O)OCCOC(=O)C(C)CSCCCCCC)CCCN(CCC(=O)OCCOC(=O)C(C)CSCCCCCC)CCC(=O)OCCOC(=O)C(C)CSCCCCCC,0.6208868266698687
N(CCC(=O)OCCOC(=O)C(C)CSCCCCCCC)(CCC(=O)OCCOC(=O)C(C)CSCCCCCCC)CCCN(CCC(=O)OCCOC(=O)C(C)CSCCCCCCC)CCCN(CCC(=O)OCCOC(=O)C(C)CSCCCCCCC)CCCN(CCC(=O)OCCOC(=O)C(C)CSCCCCCCC)CCC(=O)OCCOC(=O)C(C)CSCCCCCCC,0.6252862933040282
N(CCC(=O)OCCOC(=O)C(C)CSCCCCCCCC)(CCC(=O)OCCOC(=O)C(C)CSCCCCCCCC)CCCN(CCC(=O)OCCOC(=O)C(C)CSCCCCCCCC)CCCN(CCC(=O)OCCOC(=O)C(C)CSCCCCCCCC)CCCN(CCC(=O)OCCOC(=O)C(C)CSCCCCCCCC)CCC(=O)OCCOC(=O)C(C)CSCCCCCCCC,0.6211395045759074
N(CCC(=O)OCCOC(=O)C(C)CSCCCCCCCCC)(CCC(=O)OCCOC(=O)C(C)CSCCCCCCCCC)CCCN(CCC(=O)OCCOC(=O)C(C)CSCCCCCCCCC)CCCN(CCC(=O)OCCOC(=O)C(C)CSCCCCCCCCC)CCCN(CCC(=O)OCCOC(=O)C(C)CSCCCCCCCCC)CCC(=O)OCCOC(=O)C(C)CSCCCCCCCCC,0.6302411509791834
N(CCC(=O)OCCOC(=O)C(C)CSCCN(C)C)(CCC(=O)OCCOC(=O)C(C)CSCCN(C)C)CCCN(CCC(=O)OCCOC(=O)C(C)CSCCN(C)C)CCCN(CCC(=O)OCCOC(=O)C(C)CSCCN(C)C)CCCN(CCC(=O)OCCOC(=O)C(C)CSCCN(C)C)CCC(=O)OCCOC(=O)C(C)CSCCN(C)C,0.3999134753896337
N(CCC(=O)OCCOC(=O)C(C)CSCCCC(=O)N(C)CCCN(C)C)(CCC(=O)OCCOC(=O)C(C)CSCCCC(=O)N(C)CCCN(C)C)CCCN(CCC(=O)OCCOC(=O)C(C)CSCCCC(=O)N(C)CCCN(C)C)CCCN(CCC(=O)OCCOC(=O)C(C)CSCCCC(=O)N(C)CCCN(C)C)CCCN(CCC(=O)OCCOC(=O)C(C)CSCCCC(=O)N(C)CCCN(C)C)CCC(=O)OCCOC(=O)C(C)CSCCCC(=O)N(C)CCCN(C)C,0.4595480821076854
N(CCC(=O)OCCOC(=O)C(C)CSCCCC(=O)N(C)CCN5(CCCCC5))(CCC(=O)OCCOC(=O)C(C)CSCCCC(=O)N(C)CCN5(CCCCC5))CCCN(CCC(=O)OCCOC(=O)C(C)CSCCCC(=O)N(C)CCN5(CCCCC5))CCCN(CCC(=O)OCCOC(=O)C(C)CSCCCC(=O)N(C)CCN5(CCCCC5))CCCN(CCC(=O)OCCOC(=O)C(C)CSCCCC(=O)N(C)CCN5(CCCCC5))CCC(=O)OCCOC(=O)C(C)CSCCCC(=O)N(C)CCN5(CCCCC5),0.4790773382634531
N(CCC(=O)OCCOC(=O)C(C)CSCCNCCCC)(CCC(=O)OCCOC(=O)C(C)CSCCNCCCC)CCCN(CCC(=O)OCCOC(=O)C(C)CSCCNCCCC)CCCN(CCC(=O)OCCOC(=O)C(C)CSCCNCCCC)CCCN(CCC(=O)OCCOC(=O)C(C)CSCCNCCCC)CCC(=O)OCCOC(=O)C(C)CSCCNCCCC,0.5875751582283705
N(CCC(=O)OCCOC(=O)C(C)CSCCN(CC)CC)(CCC(=O)OCCOC(=O)C(C)CSCCN(CC)CC)CCCN(CCC(=O)OCCOC(=O)C(C)CSCCN(CC)CC)CCCN(CCC(=O)OCCOC(=O)C(C)CSCCN(CC)CC)CCCN(CCC(=O)OCCOC(=O)C(C)CSCCN(CC)CC)CCC(=O)OCCOC(=O)C(C)CSCCN(CC)CC,0.40563253183789644
N(CCC(=O)OCCOC(=O)C(C)CSCCN5CCCC5)(CCC(=O)OCCOC(=O)C(C)CSCCN5CCCC5)CCCN(CCC(=O)OCCOC(=O)C(C)CSCCN5CCCC5)CCCN(CCC(=O)OCCOC(=O)C(C)CSCCN5CCCC5)CCCN(CCC(=O)OCCOC(=O)C(C)CSCCN5CCCC5)CCC(=O)OCCOC(=O)C(C)CSCCN5CCCC5,0.48934516289502333
N(CCC(=O)OCCOC(=O)C(C)CSCCN5CCCCC5)(CCC(=O)OCCOC(=O)C(C)CSCCN5CCCCC5)CCCN(CCC(=O)OCCOC(=O)C(C)CSCCN5CCCCC5)CCCN(CCC(=O)OCCOC(=O)C(C)CSCCN5CCCCC5)CCCN(CCC(=O)OCCOC(=O)C(C)CSCCN5CCCCC5)CCC(=O)OCCOC(=O)C(C)CSCCN5CCCCC5,0.4784749498467232
N(CCC(=O)OCCOC(=O)C(C)CSCCN5CCCCCC5)(CCC(=O)OCCOC(=O)C(C)CSCCN5CCCCCC5)CCCN(CCC(=O)OCCOC(=O)C(C)CSCCN5CCCCCC5)CCCN(CCC(=O)OCCOC(=O)C(C)CSCCN5CCCCCC5)CCCN(CCC(=O)OCCOC(=O)C(C)CSCCN5CCCCCC5)CCC(=O)OCCOC(=O)C(C)CSCCN5CCCCCC5,0.46736778425004455
N(CCC(=O)OCCOC(=O)C(C)CSCCN(CCC)CCC)(CCC(=O)OCCOC(=O)C(C)CSCCN(CCC)CCC)CCCN(CCC(=O)OCCOC(=O)C(C)CSCCN(CCC)CCC)CCCN(CCC(=O)OCCOC(=O)C(C)CSCCN(CCC)CCC)CCCN(CCC(=O)OCCOC(=O)C(C)CSCCN(CCC)CCC)CCC(=O)OCCOC(=O)C(C)CSCCN(CCC)CCC,0.3411226770678438
N(CCC(=O)OCCOC(=O)C(C)CSCCN(CCCC)CCCC)(CCC(=O)OCCOC(=O)C(C)CSCCN(CCCC)CCCC)CCCN(CCC(=O)OCCOC(=O)C(C)CSCCN(CCCC)CCCC)CCCN(CCC(=O)OCCOC(=O)C(C)CSCCN(CCCC)CCCC)CCCN(CCC(=O)OCCOC(=O)C(C)CSCCN(CCCC)CCCC)CCC(=O)OCCOC(=O)C(C)CSCCN(CCCC)CCCC,0.5799871370656287
N(CCC(=O)OCCOC(=O)C(C)CSCCCC(=O)N5CCN(CCO)CC5)(CCC(=O)OCCOC(=O)C(C)CSCCCC(=O)N5CCN(CCO)CC5)CCCN(CCC(=O)OCCOC(=O)C(C)CSCCCC(=O)N5CCN(CCO)CC5)CCCN(CCC(=O)OCCOC(=O)C(C)CSCCCC(=O)N5CCN(CCO)CC5)CCCN(CCC(=O)OCCOC(=O)C(C)CSCCCC(=O)N5CCN(CCO)CC5)CCC(=O)OCCOC(=O)C(C)CSCCCC(=O)N5CCN(CCO)CC5,0.39670419198049944
N(CCC(=O)OCCOC(=O)C(C)CSCCC(O)=O)(CCC(=O)OCCOC(=O)C(C)CSCCC(O)=O)CCCN(CCC(=O)OCCOC(=O)C(C)CSCCC(O)=O)CCCN(CCC(=O)OCCOC(=O)C(C)CSCCC(O)=O)CCCN(CCC(=O)OCCOC(=O)C(C)CSCCC(O)=O)CCC(=O)OCCOC(=O)C(C)CSCCC(O)=O,0.5020683472542732
N(CCC(=O)OCCOC(=O)C(C)CSCCCCCC(O)=O)(CCC(=O)OCCOC(=O)C(C)CSCCCCCC(O)=O)CCCN(CCC(=O)OCCOC(=O)C(C)CSCCCCCC(O)=O)CCCN(CCC(=O)OCCOC(=O)C(C)CSCCCCCC(O)=O)CCCN(CCC(=O)OCCOC(=O)C(C)CSCCCCCC(O)=O)CCC(=O)OCCOC(=O)C(C)CSCCCCCC(O)=O,0.5446082988808104
N(CCC(=O)OCCOC(=O)C(C)CSCCCCCCCCCCC(O)=O)(CCC(=O)OCCOC(=O)C(C)CSCCCCCCCCCCC(O)=O)CCCN(CCC(=O)OCCOC(=O)C(C)CSCCCCCCCCCCC(O)=O)CCCN(CCC(=O)OCCOC(=O)C(C)CSCCCCCCCCCCC(O)=O)CCCN(CCC(=O)OCCOC(=O)C(C)CSCCCCCCCCCCC(O)=O)CCC(=O)OCCOC(=O)C(C)CSCCCCCCCCCCC(O)=O,0.5552899267686866
N(CCC(=O)OCCOC(=O)C(C)CSCCO)(CCC(=O)OCCOC(=O)C(C)CSCCO)CCCN(CCC(=O)OCCOC(=O)C(C)CSCCO)CCCN(CCC(=O)OCCOC(=O)C(C)CSCCO)CCCN(CCC(=O)OCCOC(=O)C(C)CSCCO)CCC(=O)OCCOC(=O)C(C)CSCCO,0.47737232827230536
N(CCC(=O)OCCOC(=O)C(C)CSCC(O)CO)(CCC(=O)OCCOC(=O)C(C)CSCC(O)CO)CCCN(CCC(=O)OCCOC(=O)C(C)CSCC(O)CO)CCCN(CCC(=O)OCCOC(=O)C(C)CSCC(O)CO)CCCN(CCC(=O)OCCOC(=O)C(C)CSCC(O)CO)CCC(=O)OCCOC(=O)C(C)CSCC(O)CO,0.3640771126889544
N(CCC(=O)OCCOC(=O)C(C)CSCCCO)(CCC(=O)OCCOC(=O)C(C)CSCCCO)CCCN(CCC(=O)OCCOC(=O)C(C)CSCCCO)CCCN(CCC(=O)OCCOC(=O)C(C)CSCCCO)CCCN(CCC(=O)OCCOC(=O)C(C)CSCCCO)CCC(=O)OCCOC(=O)C(C)CSCCCO,0.5282130052449299
N(CCC(=O)OCCOC(=O)C(C)CSCCCCO)(CCC(=O)OCCOC(=O)C(C)CSCCCCO)CCCN(CCC(=O)OCCOC(=O)C(C)CSCCCCO)CCCN(CCC(=O)OCCOC(=O)C(C)CSCCCCO)CCCN(CCC(=O)OCCOC(=O)C(C)CSCCCCO)CCC(=O)OCCOC(=O)C(C)CSCCCCO,0.5517589883165047
N(CCC(=O)OCCOC(=O)C(C)CSCCCCCCO)(CCC(=O)OCCOC(=O)C(C)CSCCCCCCO)CCCN(CCC(=O)OCCOC(=O)C(C)CSCCCCCCO)CCCN(CCC(=O)OCCOC(=O)C(C)CSCCCCCCO)CCCN(CCC(=O)OCCOC(=O)C(C)CSCCCCCCO)CCC(=O)OCCOC(=O)C(C)CSCCCCCCO,0.5605059802519463
N(CCC(=O)OCCOC(=O)C(C)CSCCCCCCCCCCCO)(CCC(=O)OCCOC(=O)C(C)CSCCCCCCCCCCCO)CCCN(CCC(=O)OCCOC(=O)C(C)CSCCCCCCCCCCCO)CCCN(CCC(=O)OCCOC(=O)C(C)CSCCCCCCCCCCCO)CCCN(CCC(=O)OCCOC(=O)C(C)CSCCCCCCCCCCCO)CCC(=O)OCCOC(=O)C(C)CSCCCCCCCCCCCO,0.5769294484869679
N(CCN(CCC(=O)OCCOC(=O)C(C)CSCC(C)C)(CCC(=O)OCCOC(=O)C(C)CSCC(C)C))(CCN(CCC(=O)OCCOC(=O)C(C)CSCC(C)C)(CCC(=O)OCCOC(=O)C(C)CSCC(C)C))CCN(CCC(=O)OCCOC(=O)C(C)CSCC(C)C)CCC(=O)OCCOC(=O)C(C)CSCC(C)C,0.5441827016062594
N(CCN(CCC(=O)OCCOC(=O)C(C)CSCCCCCCCCCC)(CCC(=O)OCCOC(=O)C(C)CSCCCCCCCCCC))(CCN(CCC(=O)OCCOC(=O)C(C)CSCCCCCCCCCC)(CCC(=O)OCCOC(=O)C(C)CSCCCCCCCCCC))CCN(CCC(=O)OCCOC(=O)C(C)CSCCCCCCCCCC)CCC(=O)OCCOC(=O)C(C)CSCCCCCCCCCC,0.6284461967074798
N(CCN(CCC(=O)OCCOC(=O)C(C)CSCCCCCCCCCCC)(CCC(=O)OCCOC(=O)C(C)CSCCCCCCCCCCC))(CCN(CCC(=O)OCCOC(=O)C(C)CSCCCCCCCCCCC)(CCC(=O)OCCOC(=O)C(C)CSCCCCCCCCCCC))CCN(CCC(=O)OCCOC(=O)C(C)CSCCCCCCCCCCC)CCC(=O)OCCOC(=O)C(C)CSCCCCCCCCCCC,0.6261327821589822
N(CCN(CCC(=O)OCCOC(=O)C(C)CSCCCCCCCCCCCC)(CCC(=O)OCCOC(=O)C(C)CSCCCCCCCCCCCC))(CCN(CCC(=O)OCCOC(=O)C(C)CSCCCCCCCCCCCC)(CCC(=O)OCCOC(=O)C(C)CSCCCCCCCCCCCC))CCN(CCC(=O)OCCOC(=O)C(C)CSCCCCCCCCCCCC)CCC(=O)OCCOC(=O)C(C)CSCCCCCCCCCCCC,0.6238989474507645
N(CCN(CCC(=O)OCCOC(=O)C(C)CSCCCCCCCCCCCCCC)(CCC(=O)OCCOC(=O)C(C)CSCCCCCCCCCCCCCC))(CCN(CCC(=O)OCCOC(=O)C(C)CSCCCCCCCCCCCCCC)(CCC(=O)OCCOC(=O)C(C)CSCCCCCCCCCCCCCC))CCN(CCC(=O)OCCOC(=O)C(C)CSCCCCCCCCCCCCCC)CCC(=O)OCCOC(=O)C(C)CSCCCCCCCCCCCCCC,0.6198756980854734
N(CCN(CCC(=O)OCCOC(=O)C(C)CSCCCCCCCCCCCCCCCC)(CCC(=O)OCCOC(=O)C(C)CSCCCCCCCCCCCCCCCC))(CCN(CCC(=O)OCCOC(=O)C(C)CSCCCCCCCCCCCCCCCC)(CCC(=O)OCCOC(=O)C(C)CSCCCCCCCCCCCCCCCC))CCN(CCC(=O)OCCOC(=O)C(C)CSCCCCCCCCCCCCCCCC)CCC(=O)OCCOC(=O)C(C)CSCCCCCCCCCCCCCCCC,0.6163631654496436
N(CCN(CCC(=O)OCCOC(=O)C(C)CSCCCCCCCCCCCCCCCCCC)(CCC(=O)OCCOC(=O)C(C)CSCCCCCCCCCCCCCCCCCC))(CCN(CCC(=O)OCCOC(=O)C(C)CSCCCCCCCCCCCCCCCCCC)(CCC(=O)OCCOC(=O)C(C)CSCCCCCCCCCCCCCCCCCC))CCN(CCC(=O)OCCOC(=O)C(C)CSCCCCCCCCCCCCCCCCCC)CCC(=O)OCCOC(=O)C(C)CSCCCCCCCCCCCCCCCCCC,0.6135398680921667
N(CCN(CCC(=O)OCCOC(=O)C(C)CSCCc5ccccc5)(CCC(=O)OCCOC(=O)C(C)CSCCc5ccccc5))(CCN(CCC(=O)OCCOC(=O)C(C)CSCCc5ccccc5)(CCC(=O)OCCOC(=O)C(C)CSCCc5ccccc5))CCN(CCC(=O)OCCOC(=O)C(C)CSCCc5ccccc5)CCC(=O)OCCOC(=O)C(C)CSCCc5ccccc5,0.11990826320256917
N(CCN(CCC(=O)OCCOC(=O)C(C)CSCCC(C)C)(CCC(=O)OCCOC(=O)C(C)CSCCC(C)C))(CCN(CCC(=O)OCCOC(=O)C(C)CSCCC(C)C)(CCC(=O)OCCOC(=O)C(C)CSCCC(C)C))CCN(CCC(=O)OCCOC(=O)C(C)CSCCC(C)C)CCC(=O)OCCOC(=O)C(C)CSCCC(C)C,0.52940944287357
N(CCN(CCC(=O)OCCOC(=O)C(C)CSCCCC)(CCC(=O)OCCOC(=O)C(C)CSCCCC))(CCN(CCC(=O)OCCOC(=O)C(C)CSCCCC)(CCC(=O)OCCOC(=O)C(C)CSCCCC))CCN(CCC(=O)OCCOC(=O)C(C)CSCCCC)CCC(=O)OCCOC(=O)C(C)CSCCCC,0.6111602759968494
N(CCN(CCC(=O)OCCOC(=O)C(C)CSCCCCC)(CCC(=O)OCCOC(=O)C(C)CSCCCCC))(CCN(CCC(=O)OCCOC(=O)C(C)CSCCCCC)(CCC(=O)OCCOC(=O)C(C)CSCCCCC))CCN(CCC(=O)OCCOC(=O)C(C)CSCCCCC)CCC(=O)OCCOC(=O)C(C)CSCCCCC,0.6261431465992581
N(CCN(CCC(=O)OCCOC(=O)C(C)CSCCCCCC)(CCC(=O)OCCOC(=O)C(C)CSCCCCCC))(CCN(CCC(=O)OCCOC(=O)C(C)CSCCCCCC)(CCC(=O)OCCOC(=O)C(C)CSCCCCCC))CCN(CCC(=O)OCCOC(=O)C(C)CSCCCCCC)CCC(=O)OCCOC(=O)C(C)CSCCCCCC,0.6208727691531726
N(CCN(CCC(=O)OCCOC(=O)C(C)CSCCCCCCC)(CCC(=O)OCCOC(=O)C(C)CSCCCCCCC))(CCN(CCC(=O)OCCOC(=O)C(C)CSCCCCCCC)(CCC(=O)OCCOC(=O)C(C)CSCCCCCCC))CCN(CCC(=O)OCCOC(=O)C(C)CSCCCCCCC)CCC(=O)OCCOC(=O)C(C)CSCCCCCCC,0.6254774397916468
N(CCN(CCC(=O)OCCOC(=O)C(C)CSCCCCCCCC)(CCC(=O)OCCOC(=O)C(C)CSCCCCCCCC))(CCN(CCC(=O)OCCOC(=O)C(C)CSCCCCCCCC)(CCC(=O)OCCOC(=O)C(C)CSCCCCCCCC))CCN(CCC(=O)OCCOC(=O)C(C)CSCCCCCCCC)CCC(=O)OCCOC(=O)C(C)CSCCCCCCCC,0.6213371437301356
N(CCN(CCC(=O)OCCOC(=O)C(C)CSCCCCCCCCC)(CCC(=O)OCCOC(=O)C(C)CSCCCCCCCCC))(CCN(CCC(=O)OCCOC(=O)C(C)CSCCCCCCCCC)(CCC(=O)OCCOC(=O)C(C)CSCCCCCCCCC))CCN(CCC(=O)OCCOC(=O)C(C)CSCCCCCCCCC)CCC(=O)OCCOC(=O)C(C)CSCCCCCCCCC,0.630563044285226
N(CCN(CCC(=O)OCCOC(=O)C(C)CSCCN(C)C)(CCC(=O)OCCOC(=O)C(C)CSCCN(C)C))(CCN(CCC(=O)OCCOC(=O)C(C)CSCCN(C)C)(CCC(=O)OCCOC(=O)C(C)CSCCN(C)C))CCN(CCC(=O)OCCOC(=O)C(C)CSCCN(C)C)CCC(=O)OCCOC(=O)C(C)CSCCN(C)C,0.39466096766816194
N(CCN(CCC(=O)OCCOC(=O)C(C)CSCCCC(=O)N(C)CCCN(C)C)(CCC(=O)OCCOC(=O)C(C)CSCCCC(=O)N(C)CCCN(C)C))(CCN(CCC(=O)OCCOC(=O)C(C)CSCCCC(=O)N(C)CCCN(C)C)(CCC(=O)OCCOC(=O)C(C)CSCCCC(=O)N(C)CCCN(C)C))CCN(CCC(=O)OCCOC(=O)C(C)CSCCCC(=O)N(C)CCCN(C)C)CCC(=O)OCCOC(=O)C(C)CSCCCC(=O)N(C)CCCN(C)C,0.45667406451517967
N(CCN(CCC(=O)OCCOC(=O)C(C)CSCCCC(=O)N(C)CCN5(CCCCC5))(CCC(=O)OCCOC(=O)C(C)CSCCCC(=O)N(C)CCN5(CCCCC5)))(CCN(CCC(=O)OCCOC(=O)C(C)CSCCCC(=O)N(C)CCN5(CCCCC5))(CCC(=O)OCCOC(=O)C(C)CSCCCC(=O)N(C)CCN5(CCCCC5)))CCN(CCC(=O)OCCOC(=O)C(C)CSCCCC(=O)N(C)CCN5(CCCCC5))CCC(=O)OCCOC(=O)C(C)CSCCCC(=O)N(C)CCN5(CCCCC5),0.4769493518906976
N(CCN(CCC(=O)OCCOC(=O)C(C)CSCCNCCCC)(CCC(=O)OCCOC(=O)C(C)CSCCNCCCC))(CCN(CCC(=O)OCCOC(=O)C(C)CSCCNCCCC)(CCC(=O)OCCOC(=O)C(C)CSCCNCCCC))CCN(CCC(=O)OCCOC(=O)C(C)CSCCNCCCC)CCC(=O)OCCOC(=O)C(C)CSCCNCCCC,0.5868539957087078
N(CCN(CCC(=O)OCCOC(=O)C(C)CSCCN(CC)CC)(CCC(=O)OCCOC(=O)C(C)CSCCN(CC)CC))(CCN(CCC(=O)OCCOC(=O)C(C)CSCCN(CC)CC)(CCC(=O)OCCOC(=O)C(C)CSCCN(CC)CC))CCN(CCC(=O)OCCOC(=O)C(C)CSCCN(CC)CC)CCC(=O)OCCOC(=O)C(C)CSCCN(CC)CC,0.40087385395612596
N(CCN(CCC(=O)OCCOC(=O)C(C)CSCCN5CCCC5)(CCC(=O)OCCOC(=O)C(C)CSCCN5CCCC5))(CCN(CCC(=O)OCCOC(=O)C(C)CSCCN5CCCC5)(CCC(=O)OCCOC(=O)C(C)CSCCN5CCCC5))CCN(CCC(=O)OCCOC(=O)C(C)CSCCN5CCCC5)CCC(=O)OCCOC(=O)C(C)CSCCN5CCCC5,0.486816596862176
N(CCN(CCC(=O)OCCOC(=O)C(C)CSCCN5CCCCC5)(CCC(=O)OCCOC(=O)C(C)CSCCN5CCCCC5))(CCN(CCC(=O)OCCOC(=O)C(C)CSCCN5CCCCC5)(CCC(=O)OCCOC(=O)C(C)CSCCN5CCCCC5))CCN(CCC(=O)OCCOC(=O)C(C)CSCCN5CCCCC5)CCC(=O)OCCOC(=O)C(C)CSCCN5CCCCC5,0.47555545380507547
N(CCN(CCC(=O)OCCOC(=O)C(C)CSCCN5CCCCCC5)(CCC(=O)OCCOC(=O)C(C)CSCCN5CCCCCC5))(CCN(CCC(=O)OCCOC(=O)C(C)CSCCN5CCCCCC5)(CCC(=O)OCCOC(=O)C(C)CSCCN5CCCCCC5))CCN(CCC(=O)OCCOC(=O)C(C)CSCCN5CCCCCC5)CCC(=O)OCCOC(=O)C(C)CSCCN5CCCCCC5,0.4643656109491838
N(CCN(CCC(=O)OCCOC(=O)C(C)CSCCN(CCC)CCC)(CCC(=O)OCCOC(=O)C(C)CSCCN(CCC)CCC))(CCN(CCC(=O)OCCOC(=O)C(C)CSCCN(CCC)CCC)(CCC(=O)OCCOC(=O)C(C)CSCCN(CCC)CCC))CCN(CCC(=O)OCCOC(=O)C(C)CSCCN(CCC)CCC)CCC(=O)OCCOC(=O)C(C)CSCCN(CCC)CCC,0.33552555170719567
N(CCN(CCC(=O)OCCOC(=O)C(C)CSCCN(CCCC)CCCC)(CCC(=O)OCCOC(=O)C(C)CSCCN(CCCC)CCCC))(CCN(CCC(=O)OCCOC(=O)C(C)CSCCN(CCCC)CCCC)(CCC(=O)OCCOC(=O)C(C)CSCCN(CCCC)CCCC))CCN(CCC(=O)OCCOC(=O)C(C)CSCCN(CCCC)CCCC)CCC(=O)OCCOC(=O)C(C)CSCCN(CCCC)CCCC,0.5793928495907237
N(CCN(CCC(=O)OCCOC(=O)C(C)CSCCCC(=O)N5CCN(CCO)CC5)(CCC(=O)OCCOC(=O)C(C)CSCCCC(=O)N5CCN(CCO)CC5))(CCN(CCC(=O)OCCOC(=O)C(C)CSCCCC(=O)N5CCN(CCO)CC5)(CCC(=O)OCCOC(=O)C(C)CSCCCC(=O)N5CCN(CCO)CC5))CCN(CCC(=O)OCCOC(=O)C(C)CSCCCC(=O)N5CCN(CCO)CC5)CCC(=O)OCCOC(=O)C(C)CSCCCC(=O)N5CCN(CCO)CC5,0.39282393019499284
N(CCN(CCC(=O)OCCOC(=O)C(C)CSCCC(O)=O)(CCC(=O)OCCOC(=O)C(C)CSCCC(O)=O))(CCN(CCC(=O)OCCOC(=O)C(C)CSCCC(O)=O)(CCC(=O)OCCOC(=O)C(C)CSCCC(O)=O))CCN(CCC(=O)OCCOC(=O)C(C)CSCCC(O)=O)CCC(=O)OCCOC(=O)C(C)CSCCC(O)=O,0.49932230667287636
N(CCN(CCC(=O)OCCOC(=O)C(C)CSCCCCCC(O)=O)(CCC(=O)OCCOC(=O)C(C)CSCCCCCC(O)=O))(CCN(CCC(=O)OCCOC(=O)C(C)CSCCCCCC(O)=O)(CCC(=O)OCCOC(=O)C(C)CSCCCCCC(O)=O))CCN(CCC(=O)OCCOC(=O)C(C)CSCCCCCC(O)=O)CCC(=O)OCCOC(=O)C(C)CSCCCCCC(O)=O,0.5433334727268646
N(CCN(CCC(=O)OCCOC(=O)C(C)CSCCCCCCCCCCC(O)=O)(CCC(=O)OCCOC(=O)C(C)CSCCCCCCCCCCC(O)=O))(CCN(CCC(=O)OCCOC(=O)C(C)CSCCCCCCCCCCC(O)=O)(CCC(=O)OCCOC(=O)C(C)CSCCCCCCCCCCC(O)=O))CCN(CCC(=O)OCCOC(=O)C(C)CSCCCCCCCCCCC(O)=O)CCC(=O)OCCOC(=O)C(C)CSCCCCCCCCCCC(O)=O,0.554155556650205
N(CCN(CCC(=O)OCCOC(=O)C(C)CSCCO)(CCC(=O)OCCOC(=O)C(C)CSCCO))(CCN(CCC(=O)OCCOC(=O)C(C)CSCCO)(CCC(=O)OCCOC(=O)C(C)CSCCO))CCN(CCC(=O)OCCOC(=O)C(C)CSCCO)CCC(=O)OCCOC(=O)C(C)CSCCO,0.4733011880450494
N(CCN(CCC(=O)OCCOC(=O)C(C)CSCC(O)CO)(CCC(=O)OCCOC(=O)C(C)CSCC(O)CO))(CCN(CCC(=O)OCCOC(=O)C(C)CSCC(O)CO)(CCC(=O)OCCOC(=O)C(C)CSCC(O)CO))CCN(CCC(=O)OCCOC(=O)C(C)CSCC(O)CO)CCC(=O)OCCOC(=O)C(C)CSCC(O)CO,0.35751412871293237
N(CCN(CCC(=O)OCCOC(=O)C(C)CSCCCO)(CCC(=O)OCCOC(=O)C(C)CSCCCO))(CCN(CCC(=O)OCCOC(=O)C(C)CSCCCO)(CCC(=O)OCCOC(=O)C(C)CSCCCO))CCN(CCC(=O)OCCOC(=O)C(C)CSCCCO)CCC(=O)OCCOC(=O)C(C)CSCCCO,0.526296060319863
N(CCN(CCC(=O)OCCOC(=O)C(C)CSCCCCO)(CCC(=O)OCCOC(=O)C(C)CSCCCCO))(CCN(CCC(=O)OCCOC(=O)C(C)CSCCCCO)(CCC(=O)OCCOC(=O)C(C)CSCCCCO))CCN(CCC(=O)OCCOC(=O)C(C)CSCCCCO)CCC(=O)OCCOC(=O)C(C)CSCCCCO,0.5506277156169561
N(CCN(CCC(=O)OCCOC(=O)C(C)CSCCCCCCO)(CCC(=O)OCCOC(=O)C(C)CSCCCCCCO))(CCN(CCC(=O)OCCOC(=O)C(C)CSCCCCCCO)(CCC(=O)OCCOC(=O)C(C)CSCCCCCCO))CCN(CCC(=O)OCCOC(=O)C(C)CSCCCCCCO)CCC(=O)OCCOC(=O)C(C)CSCCCCCCO,0.5596760506751345
N(CCN(CCC(=O)OCCOC(=O)C(C)CSCCCCCCCCCCCO)(CCC(=O)OCCOC(=O)C(C)CSCCCCCCCCCCCO))(CCN(CCC(=O)OCCOC(=O)C(C)CSCCCCCCCCCCCO)(CCC(=O)OCCOC(=O)C(C)CSCCCCCCCCCCCO))CCN(CCC(=O)OCCOC(=O)C(C)CSCCCCCCCCCCCO)CCC(=O)OCCOC(=O)C(C)CSCCCCCCCCCCCO,0.5765681226552776
