smiles,quantified_delivery
O=C(CCN(CCCN(CCCN(CCC(NCCSSCCCCCCCCCCCC)=O)CCC(NCCSSCCCCCCCCCCCC)=O)C)CCC(NCCSSCCCCCCCCCCCC)=O)NCCSSCCCCCCCCCCCC,0.29119610034622867
OCCCCN(CCCCCCOC(C(CCCCCC)CCCCCCCC)=O)CCCCCCOC(C(CCCCCC)CCCCCCCC)=O,0.24358398599815967
OCCCN(CCCCCCCC(OC(CCCCCCCC)CCCCCCCC)=O)CCCCCC(OCCCCCCCCCCC)=O,0.25974272518685615
OC(CCCCCCCCCC)CN(CCN(CC(CCCCCCCCCC)O)CC(CCCCCCCCCC)O)CCN1CCN(CCN(CC(CCCCCCCCCC)O)CC(CCCCCCCCCC)O)CC1,0.27905296590387735
CN(CCCN(CCCCCCCCCC(O)C)CCCCCCCCCC(O)C)CCCN(CCCCCCCCCC(O)C)CCCCCCCCCC(O)C,0.19267397482756368
CCCCCCCCCCC(O)CN(CCOCCN(CC(O)CCCCCCCCCC)CC(O)CCCCCCCCCC)CCN1CCN(CCOCCN(CC(O)CCCCCCCCCC)CC(O)CCCCCCCCCC)CC1,0.07435149150555255
CCCCCCCCCCCCC(O)CN(CC(O)CCCCCCCCCCCC)CCOCCN(CCN1CCN(CCOCCN(CC(O)CCCCCCCCCCCC)CC(O)CCCCCCCCCCCC)CC1)CC(O)CCCCCCCCCCCC,0.08950239063766126
O=C(NCCN(CC(O)CCCCCCCCCCCC)CC(CCCCCCCCCCCC)O)CCN1CCN(CCC(NCCN(CC(CCCCCCCCCCCC)O)CC(CCCCCCCCCCCC)O)=O)CC1,0.20845817216220022
OC(CCCCCCCCCCCCCC)CN(CC(CN(CC(CCCCCCCCCCCCCC)O)CC(CCCCCCCCCCCCCC)O)OCC)CCN1CCN(CC(CN(CC(CCCCCCCCCCCCCC)O)CC(CCCCCCCCCCCCCC)O)OCC)CC1,0.19246322087575837
CCCCC/C=C\C/C=C\CCCCCCCC(CCCCCCCC/C=C\C/C=C\CCCCC)OC(=O)CCCN(C)C,0.22808975558153574
CCCCC\C=C/C\C=C/CCCCCCCCC(CCCCCCCC\C=C/C\C=C/CCCCC)OC(=O)CCCN(C)C,0.22904417119352752
O=C(O[13CH]([13CH2]CCCCCCC/C=C\C/C=C\CCCCC)[13CH2]CCCCCCC/C=C\C/C=C\CCCCC)CCCN(C)C,0.22902885127969902
CC(OCCCCCC)OCCCCCCN(CCCCCCOC(C)OCCCCCC)CCCCCCNC(CC[C@H]1CC[C@@](C2=CC(F)=CC=C2F)(S(C3=CC=C(Cl)C=C3)(=O)=O)CC1)=O,-0.021978444461395293
O=C(OCCSSCCCCCCCCCCCC)CCN(CCC(=O)OCCSSCCCCCCCCCCCC)CCC1=CNC=2C=CC=CC21,0.04623459832422211
CCCCCCCCSSCCOC(CCN(CCC(OCCSSCCCCCCCC)=O)CCC1=CNC2=C1C=CC=C2)=O,0.026501948532188607
O=C(OCCSSCCCCCCCCCCCCCC)CCN(CCC1=CNC2=C1C=CC=C2)CCC(OCCSSCCCCCCCCCCCCCC)=O,0.055355759607716284
O=C(OCCSSCCCCCCCCCCCCCCCC)CCN(CCC(=O)OCCSSCCCCCCCCCCCCCCCC)CCC1=CNC2=C1C=CC=C2,0.06492707102587102
C1=CC=C2C(=C1)C(CCN(CC(=O)OCCSSCCCCCCCCCCCCCCCC)CC(=O)OCCSSCCCCCCCCCCCCCCCC)=CN2,0.04511806197706883
O=C(OCCSSCCCCCCCCCCCCCCCCCC)CCN(CCC(=O)OCCSSCCCCCCCCCCCCCCCCCC)CCc1c[nH]c2ccccc12,0.07385785985076113
Clc1cccc(N2CCC(NC(=O)CCCCCN(CCCCCCCCCCCC)CCCCCCCCCCCC)CC2)n1,0.10702281483381364
CCCCCC(CC)OC(=O)CCCCCCCCN(CCCCCCCCC(=O)OC(CC)CCCCC)CCCCCC(=O)NC1CCN(C2=CC=CC(Cl)=N2)CC1,0.12794157140520981
Clc1cccc(N2CCC(NC(=O)CCCCCN(CCCCCCOC(=O)OCCCCCC)CCCN(CCCCCCOC(=O)OCCCCCC)CCCCCCOC(=O)OCCCCCC)CC2)n1,0.13168590854012713
O=C(OC(CCCCCCCC)CCCCCCCC)CCCCCCCN(CCO)CCCCCC(OCCCCCCCCCCC)=O,0.2664257822626391
O=C1NC(CCCCN(CC(CCCCCCCCCC)O)CC(CCCCCCCCCC)O)C(NC1CCCCN(CC(CCCCCCCCCC)O)CC(CCCCCCCCCC)O)=O,0.3383632312756734
C=CCCN(CCC(=O)OCCCCCCCCCC)CCC(=O)OCCCCCCCCCC,0.26367210284958426
C=CCCN(CCC(=O)OCCCCCCCCCCC)CCC(=O)OCCCCCCCCCCC,0.2646273445353609
C=CCCN(CCC(=O)OCCCCCCCCCCCC)CCC(=O)OCCCCCCCCCCCC,0.265461709097126
C=CCCN(CCC(=O)OCCCCCCCCCCCCC)CCC(=O)OCCCCCCCCCCCCC,0.26619763570278143
C=CCCN(CCC(=O)OCCCCCCCCCCCCCC)CCC(=O)OCCCCCCCCCCCCCC,0.26685786391069605
CCCCCCCCCCCCCCOC(=O)CCN(C)CCCCCCN(C)CCC(=O)OCCCCCCCCCCCCCC,0.2571509862746825
CCCCCCCCCCCCCCOC(=O)CCN(C)CCCN(CC)CCCN(C)CCC(=O)OCCCCCCCCCCCCCC,0.2614657949459075
CCCCCCCCCCCCCCOC(=O)CCN(C)CCN(CCN(C)CCC(=O)OCCCCCCCCCCCCCC)CCN(C)CCC(=O)OCCCCCCCCCCCCCC,0.2773544080069516
CCCCCCCCCCCCCCOC(=O)CCN(C)CCOCCN(C)CCC(=O)OCCCCCCCCCCCCCC,0.07115251326388286
CCCCCCCCCCCCCCOC(=O)CCN(C)CCOCCOCCN(C)CCC(=O)OCCCCCCCCCCCCCC,0.01718207895462486
CCCCCCCCCCCCCCOC(=O)CCN(C)c1ccc(Cc2ccc(N(CCC(=O)OCCCCCCCCCCCCCC)CCC(=O)OCCCCCCCCCCCCCC)cc2)cc1,-0.02971090061490666
CCCCCCCCCCCCCCOC(=O)CCN(C)c1ccccc1N(CCC(=O)OCCCCCCCCCCCCCC)CCC(=O)OCCCCCCCCCCCCCC,0.03197749600781909
CCCCCCCCCCCCCCOC(=O)CCN(CC)CCN(CCC(=O)OCCCCCCCCCCCCCC)CCC(=O)OCCCCCCCCCCCCCC,0.2789348223331176
CCCCCCCCCCCCCCOC(=O)CCN(CCC(=O)OCCCCCCCCCCCCCC)C(=O)C1CCCN1C,0.17896111995967953
CCCCCCCCCCCCCCOC(=O)CCN(CCC(=O)OCCCCCCCCCCCCCC)C(C)(C)C,0.06534000278164234
CCCCCCCCCCCCCCOC(=O)CCN(CCC(=O)OCCCCCCCCCCCCCC)C(C)(C)CC,0.07989268931779513
CCCCCCCCCCCCCCOC(=O)CCN(CCC(=O)OCCCCCCCCCCCCCC)C(C)(C)CC(C)(C)C,-0.0016387275950242915
CCCCCCCCCCCCCCOC(=O)CCN(CCC(=O)OCCCCCCCCCCCCCC)C(C)C,0.15487788499177452
CCCCCCCCCCCCCCOC(=O)CCN(CCC(=O)OCCCCCCCCCCCCCC)C(C)C(C)C,0.10426553073515211
CCCCCCCCCCCCCCOC(=O)CCN(CCC(=O)OCCCCCCCCCCCCCC)C(C)CC,0.17423543720738371
CCCCCCCCCCCCCCOC(=O)CCN(CCC(=O)OCCCCCCCCCCCCCC)C(C)CCC,0.19861586348403815
CCCCCCCCCCCCCCOC(=O)CCN(CCC(=O)OCCCCCCCCCCCCCC)C(C)CO,0.15103018349708497
CCCCCCCCCCCCCCOC(=O)CCN(CCC(=O)OCCCCCCCCCCCCCC)C(C)c1ccc(C)cc1,0.007342218458770665
CCCCCCCCCCCCCCOC(=O)CCN(CCC(=O)OCCCCCCCCCCCCCC)C(CC)CC,0.18149616017116438
CCCCCCCCCCCCCCOC(=O)CCN(CCC(=O)OCCCCCCCCCCCCCC)C(CO)(CO)CO,-0.08823660616440353
CCCCCCCCCCCCCCOC(=O)CCN(CCC(=O)OCCCCCCCCCCCCCC)C(CO)C(C)(C)C,0.021471790002313165
CCCCCCCCCCCCCCOC(=O)CCN(CCC(=O)OCCCCCCCCCCCCCC)C(c1ccccc1)(c1ccccc1)c1ccccc1,0.02766653233457458
CCCCCCCCCCCCCCOC(=O)CCN(CCC(=O)OCCCCCCCCCCCCCC)C(c1ccccc1)c1ccccc1,0.017371550241827252
CCCCCCCCCCCCCCOC(=O)CCN(CCC(=O)OCCCCCCCCCCCCCC)C12C[C@H]3C[C@@H](C1)C[C@@H](C2)C3,0.0028985202171810673
CCCCCCCCCCCCCCOC(=O)CCN(CCC(=O)OCCCCCCCCCCCCCC)C1CC1,0.15703078347037863
CCCCCCCCCCCCCCOC(=O)CCN(CCC(=O)OCCCCCCCCCCCCCC)C1CC2CCC1C2,-0.006081870583609627
CCCCCCCCCCCCCCOC(=O)CCN(CCC(=O)OCCCCCCCCCCCCCC)C1CCC(CC2CCC(N(CCC(=O)OCCCCCCCCCCCCCC)CCC(=O)OCCCCCCCCCCCCCC)C(C)C2)CC1C,0.06014362318672775
CCCCCCCCCCCCCCOC(=O)CCN(CCC(=O)OCCCCCCCCCCCCCC)C1CCC1,0.16521076134196233
CCCCCCCCCCCCCCOC(=O)CCN(CCC(=O)OCCCCCCCCCCCCCC)C1CCCC(N(CCC(=O)OCCCCCCCCCCCCCC)CCC(=O)OCCCCCCCCCCCCCC)C1,0.18780689828234487
CCCCCCCCCCCCCCOC(=O)CCN(CCC(=O)OCCCCCCCCCCCCCC)C1CCCCC1,0.15968507869735193
CCCCCCCCCCCCCCOC(=O)CCN(CCC(=O)OCCCCCCCCCCCCCC)C1CCCCCCC1,0.1496213672253214
CCCCCCCCCCCCCCOC(=O)CCN(CCC(=O)OCCCCCCCCCCCCCC)C1CCN(C)CC1,0.09492630099197569
CCCCCCCCCCCCCCOC(=O)CCN(CCC(=O)OCCCCCCCCCCCCCC)C1CCc2ccccc21,0.06259682201541705
CCCCCCCCCCCCCCOC(=O)CCN(CCC(=O)OCCCCCCCCCCCCCC)C1Cc2ccccc2C1,0.0714454690670444
CCCCCCCCCCCCCCOC(=O)CCN(CCC(=O)OCCCCCCCCCCCCCC)CC(=O)N(C)c1ccccc1,0.04867555624137197
CCCCCCCCCCCCCCOC(=O)CCN(CCC(=O)OCCCCCCCCCCCCCC)CC(C)(C)CN(C)C,0.07745784434665329
CCCCCCCCCCCCCCOC(=O)CCN(CCC(=O)OCCCCCCCCCCCCCC)CC(C)C,0.18882128685111818
CCCCCCCCCCCCCCOC(=O)CCN(CCC(=O)OCCCCCCCCCCCCCC)CC(C)CC,0.20925570885268355
CCCCCCCCCCCCCCOC(=O)CCN(CCC(=O)OCCCCCCCCCCCCCC)CC(C)N(CCC(=O)OCCCCCCCCCCCCCC)CCC(=O)OCCCCCCCCCCCCCC,0.2489254241496974
CCCCCCCCCCCCCCOC(=O)CCN(CCC(=O)OCCCCCCCCCCCCCC)CC(CC)CCCC,0.25414575988437316
CCCCCCCCCCCCCCOC(=O)CCN(CCC(=O)OCCCCCCCCCCCCCC)CC1(C)CC(N(CCC(=O)OCCCCCCCCCCCCCC)CCC(=O)OCCCCCCCCCCCCCC)CC(C)(C)C1,0.09189040473496266
CCCCCCCCCCCCCCOC(=O)CCN(CCC(=O)OCCCCCCCCCCCCCC)CC12C[C@H]3C[C@@H](C1)C[C@@H](C2)C3,-0.019649066583296286
CCCCCCCCCCCCCCOC(=O)CCN(CCC(=O)OCCCCCCCCCCCCCC)CC1CCC(CN(CCC(=O)OCCCCCCCCCCCCCC)CCC(=O)OCCCCCCCCCCCCCC)CC1,0.13292333703081524
CCCCCCCCCCCCCCOC(=O)CCN(CCC(=O)OCCCCCCCCCCCCCC)CC1CCCC(CN(CCC(=O)OCCCCCCCCCCCCCC)CCC(=O)OCCCCCCCCCCCCCC)C1,0.17630807135314522
CCCCCCCCCCCCCCOC(=O)CCN(CCC(=O)OCCCCCCCCCCCCCC)CC1CCCCC1,0.15147105156630825
CCCCCCCCCCCCCCOC(=O)CCN(CCC(=O)OCCCCCCCCCCCCCC)CC1CCCN1C,0.16073106834327736
CCCCCCCCCCCCCCOC(=O)CCN(CCC(=O)OCCCCCCCCCCCCCC)CC1CCCN1CCC(=O)OCCCCCCCCCCCCCC,0.2174796789081924
CCCCCCCCCCCCCCOC(=O)CCN(CCC(=O)OCCCCCCCCCCCCCC)CC1CCN(C)CC1,0.08787364348531866
CCCCCCCCCCCCCCOC(=O)CCN(CCC(=O)OCCCCCCCCCCCCCC)CCC(=O)N1CCN(CCC(=O)OCCCCCCCCCCCCCC)CC1,0.21326637217584285
CCCCCCCCCCCCCCOC(=O)CCN(CCC(=O)OCCCCCCCCCCCCCC)CCC(C)(C)C,0.1612588093356222
CCCCCCCCCCCCCCOC(=O)CCN(CCC(=O)OCCCCCCCCCCCCCC)CCC(C)C,0.2410385222374621
CCCCCCCCCCCCCCOC(=O)CCN(CCC(=O)OCCCCCCCCCCCCCC)CCC(c1ccccc1)c1ccccc1,0.015231148006659714
CCCCCCCCCCCCCCOC(=O)CCN(CCC(=O)OCCCCCCCCCCCCCC)CCC1CCC(C)CC1,0.09589163579745108
CCCCCCCCCCCCCCOC(=O)CCN(CCC(=O)OCCCCCCCCCCCCCC)CCC1CCC(CC)CC1,0.0928436938827023
CCCCCCCCCCCCCCOC(=O)CCN(CCC(=O)OCCCCCCCCCCCCCC)CCN(C(C)C)C(C)C,0.14230863165214067
CCCCCCCCCCCCCCOC(=O)CCN(CCC(=O)OCCCCCCCCCCCCCC)CCN(C)C,0.2328111277306269
CCCCCCCCCCCCCCOC(=O)CCN(CCC(=O)OCCCCCCCCCCCCCC)CCN(C)CCCN(C)CCN(CCC(=O)OCCCCCCCCCCCCCC)CCC(=O)OCCCCCCCCCCCCCC,0.2968409178501406
CCCCCCCCCCCCCCOC(=O)CCN(CCC(=O)OCCCCCCCCCCCCCC)CCN(C)CCN(C)CCN(CCC(=O)OCCCCCCCCCCCCCC)CCC(=O)OCCCCCCCCCCCCCC,0.29861084852207914
CCCCCCCCCCCCCCOC(=O)CCN(CCC(=O)OCCCCCCCCCCCCCC)CCN(C)CCN(CCC(=O)OCCCCCCCCCCCCCC)CCC(=O)OCCCCCCCCCCCCCC,0.2970484275848999
CCCCCCCCCCCCCCOC(=O)CCN(CCC(=O)OCCCCCCCCCCCCCC)CCN(CC)CCN(CC)CCN(CCC(=O)OCCCCCCCCCCCCCC)CCC(=O)OCCCCCCCCCCCCCC,0.2900377947046077
CCCCCCCCCCCCCCOC(=O)CCN(CCC(=O)OCCCCCCCCCCCCCC)CCN(CCC(=O)OCCCCCCCCCCCCCC)C(C)C,0.2309262526464046
CCCCCCCCCCCCCCOC(=O)CCN(CCC(=O)OCCCCCCCCCCCCCC)CCN(CCC(=O)OCCCCCCCCCCCCCC)CCN(CC)CC,0.2811044825997929
CCCCCCCCCCCCCCOC(=O)CCN(CCC(=O)OCCCCCCCCCCCCCC)CCN(CCC(=O)OCCCCCCCCCCCCCC)CCN(CCC(=O)OCCCCCCCCCCCCCC)CCC(=O)OCCCCCCCCCCCCCC,0.3020834524403444
CCCCCCCCCCCCCCOC(=O)CCN(CCC(=O)OCCCCCCCCCCCCCC)CCN(CCC(=O)OCCCCCCCCCCCCCC)CCN(CCC(=O)OCCCCCCCCCCCCCC)CCN(CCC(=O)OCCCCCCCCCCCCCC)CCN(CCC(=O)OCCCCCCCCCCCCCC)CCC(=O)OCCCCCCCCCCCCCC,0.30377017495286146
CCCCCCCCCCCCCCOC(=O)CCN(CCC(=O)OCCCCCCCCCCCCCC)CCN(CCC(=O)OCCCCCCCCCCCCCC)CCN(CCC(=O)OCCCCCCCCCCCCCC)CCN(CCC(=O)OCCCCCCCCCCCCCC)CCN(CCC(=O)OCCCCCCCCCCCCCC)CCN(CCC(=O)OCCCCCCCCCCCCCC)CCC(=O)OCCCCCCCCCCCCCC,0.30427750441295837
CCCCCCCCCCCCCCOC(=O)CCN(CCC(=O)OCCCCCCCCCCCCCC)CCN(CCC(=O)OCCCCCCCCCCCCCC)CCN1CCN(CCN(CCC(=O)OCCCCCCCCCCCCCC)CCC(=O)OCCCCCCCCCCCCCC)CC1,0.2959536244880504
CCCCCCCCCCCCCCOC(=O)CCN(CCC(=O)OCCCCCCCCCCCCCC)CCN(CCC(=O)OCCCCCCCCCCCCCC)Cc1ccccc1,0.16235865899232113
CCCCCCCCCCCCCCOC(=O)CCN(CCC(=O)OCCCCCCCCCCCCCC)CCN(CCC(=O)OCCCCCCCCCCCCCC)c1ccccc1,0.12949972679775443
CCCCCCCCCCCCCCOC(=O)CCN(CCC(=O)OCCCCCCCCCCCCCC)CCN(CCCCCCCCCCCC)CCN(CCC(=O)OCCCCCCCCCCCCCC)CCC(=O)OCCCCCCCCCCCCCC,0.30260604173617633
CCCCCCCCCCCCCCOC(=O)CCN(CCC(=O)OCCCCCCCCCCCCCC)CCN(CCN(CCC(=O)OCCCCCCCCCCCCCC)CCC(=O)OCCCCCCCCCCCCCC)CCN(CCC(=O)OCCCCCCCCCCCCCC)CCC(=O)OCCCCCCCCCCCCCC,0.30259420635176765
CCCCCCCCCCCCCCOC(=O)CCN(CCC(=O)OCCCCCCCCCCCCCC)CCN1CCN(CCC(=O)OCCCCCCCCCCCCCC)CC1,0.25655254838587616
CCCCCCCCCCCCCCOC(=O)CCN(CCC(=O)OCCCCCCCCCCCCCC)CCN1CCN(CCN(CCC(=O)OCCCCCCCCCCCCCC)CCC(=O)OCCCCCCCCCCCCCC)CC1,0.28877200935381353
CCCCCCCCCCCCCCOC(=O)CCN(CCC(=O)OCCCCCCCCCCCCCC)CC[C@H](C)O,0.07642601811125757
CCCCCCCCCCCCCCOC(=O)CCN(CCC(=O)OCCCCCCCCCCCCCC)CCc1ccc(OC)cc1,0.04817488043012412
CCCCCCCCCCCCCCOC(=O)CCN(CCC(=O)OCCCCCCCCCCCCCC)CCc1ccccc1F,0.13179606172445865
CCCCCCCCCCCCCCOC(=O)CCN(CCC(=O)OCCCCCCCCCCCCCC)CN(CC)CCC,0.1957827458119256
CCCCCCCCCCCCCCOC(=O)CCN(CCC(=O)OCCCCCCCCCCCCCC)C[C@@H](C)O,0.1583935198444698
CCCCCCCCCCCCCCOC(=O)CCN(CCC(=O)OCCCCCCCCCCCCCC)C[C@@H]1CCCN1CC,0.05401875167714296
CCCCCCCCCCCCCCOC(=O)CCN(CCC(=O)OCCCCCCCCCCCCCC)C[C@H]1CCCN1CC,0.20833450140684354
CCCCCCCCCCCCCCOC(=O)CCN(CCC(=O)OCCCCCCCCCCCCCC)Cc1cc(C)c(OC)c(OC)c1,-0.06074619983175662
CCCCCCCCCCCCCCOC(=O)CCN(CCC(=O)OCCCCCCCCCCCCCC)Cc1cc(F)ccc1F,0.0972543571520189
CCCCCCCCCCCCCCOC(=O)CCN(CCC(=O)OCCCCCCCCCCCCCC)Cc1cccc(CN(CCC(=O)OCCCCCCCCCCCCCC)CCC(=O)OCCCCCCCCCCCCCC)c1,0.13553586296332087
CCCCCCCCCCCCCCOC(=O)CCN(CCC(=O)OCCCCCCCCCCCCCC)Cc1cccc(F)c1,0.07780984189614797
CCCCCCCCCCCCCCOC(=O)CCN(CCC(=O)OCCCCCCCCCCCCCC)Cc1cccc(N(CCC(=O)OCCCCCCCCCCCCCC)CCC(=O)OCCCCCCCCCCCCCC)c1,0.10824996997052265
CCCCCCCCCCCCCCOC(=O)CCN(CCC(=O)OCCCCCCCCCCCCCC)Cc1ccccc1F,0.10530207310088327
CCCCCCCCCCCCCCOC(=O)CCN(CCC(=O)OCCCCCCCCCCCCCC)Cc1ccccc1N(CCC(=O)OCCCCCCCCCCCCCC)CCC(=O)OCCCCCCCCCCCCCC,0.1274812830922804
CCCCCCCCCCCCCCOC(=O)CCN(CCC(=O)OCCCCCCCCCCCCCC)Cc1ccccc1OC,0.04316882823524351
CCCCCCCCCCCCCCOC(=O)CCN(CCC(=O)OCCCCCCCCCCCCCC)Cc1ccccc1OCC,0.0668124117153175
CCCCCCCCCCCCCCOC(=O)CCN(CCC(=O)OCCCCCCCCCCCCCC)Cc1nccn1C,0.02553152210829374
CCCCCCCCCCCCCCOC(=O)CCN(CCC(=O)OCCCCCCCCCCCCCC)[C@@H](CO)CC(C)C,0.22469698042993563
CCCCCCCCCCCCCCOC(=O)CCN(CCC(=O)OCCCCCCCCCCCCCC)[C@H]1CCCC[C@H]1N(CCC(=O)OCCCCCCCCCCCCCC)CCC(=O)OCCCCCCCCCCCCCC,0.2651010603021753
CCCCCCCCCCCCCCOC(=O)CCN(CCC(=O)OCCCCCCCCCCCCCC)[C@@H]1CCCC[C@H]1N(CCC(=O)OCCCCCCCCCCCCCC)CCC(=O)OCCCCCCCCCCCCCC,0.17723309375791896
CCCCCCCCCCCCCCOC(=O)CCN(CCC(=O)OCCCCCCCCCCCCCC)[C@@H](c1ccccc1)[C@@H](c1ccccc1)N(CCC(=O)OCCCCCCCCCCCCCC)CCC(=O)OCCCCCCCCCCCCCC,0.14586917487968615
CCCCCCCCCCCCCCOC(=O)CCN(CCC(=O)OCCCCCCCCCCCCCC)[C@H]1CC[C@H](N(CCC(=O)OCCCCCCCCCCCCCC)CCC(=O)OCCCCCCCCCCCCCC)CC1,0.057768000196199404
CCCCCCCCCCCCCCOC(=O)CCN(CCC(=O)OCCCCCCCCCCCCCC)c1c(-c2ccccc2)cc(-c2ccccc2)cc1-c1ccccc1,-0.12465950603784207
CCCCCCCCCCCCCCOC(=O)CCN(CCC(=O)OCCCCCCCCCCCCCC)c1c(C)c(C)c(N(CCC(=O)OCCCCCCCCCCCCCC)CCC(=O)OCCCCCCCCCCCCCC)c(C)c1C,-0.05498628021056558
CCCCCCCCCCCCCCOC(=O)CCN(CCC(=O)OCCCCCCCCCCCCCC)c1c(C)cc(-c2cc(C)c(N(CCC(=O)OCCCCCCCCCCCCCC)CCC(=O)OCCCCCCCCCCCCCC)c(C)c2)cc1C,-0.05577860512644253
CCCCCCCCCCCCCCOC(=O)CCN(CCC(=O)OCCCCCCCCCCCCCC)c1c(CC)cccc1CC,-0.0019008858655335384
CCCCCCCCCCCCCCOC(=O)CCN(CCC(=O)OCCCCCCCCCCCCCC)c1c(F)cc(F)cc1F,0.06531235183913425
CCCCCCCCCCCCCCOC(=O)CCN(CCC(=O)OCCCCCCCCCCCCCC)c1c(N(CCC(=O)OCCCCCCCCCCCCCC)CCC(=O)OCCCCCCCCCCCCCC)c2ccccc2c2ccccc12,0.027172495152652403
CCCCCCCCCCCCCCOC(=O)CCN(CCC(=O)OCCCCCCCCCCCCCC)c1cc(C(C)(C)C)ccc1C(C)(C)C,-0.10255405692567213
CCCCCCCCCCCCCCOC(=O)CCN(CCC(=O)OCCCCCCCCCCCCCC)c1cc(C(C)(C)C)ccc1OC,-0.08212709211745563
CCCCCCCCCCCCCCOC(=O)CCN(CCC(=O)OCCCCCCCCCCCCCC)c1cc(C)c(C)cc1N(CCC(=O)OCCCCCCCCCCCCCC)CCC(=O)OCCCCCCCCCCCCCC,0.012131088345847342
CCCCCCCCCCCCCCOC(=O)CCN(CCC(=O)OCCCCCCCCCCCCCC)c1cc(F)c(F)c(F)c1,0.054258042723334676
CCCCCCCCCCCCCCOC(=O)CCN(CCC(=O)OCCCCCCCCCCCCCC)c1cc(F)cc(F)c1,0.019382529244190747
CCCCCCCCCCCCCCOC(=O)CCN(CCC(=O)OCCCCCCCCCCCCCC)c1cc(F)ccc1F,0.041485560213099515
CCCCCCCCCCCCCCOC(=O)CCN(CCC(=O)OCCCCCCCCCCCCCC)c1cc(OC)ccc1OC,-0.059844209866057374
CCCCCCCCCCCCCCOC(=O)CCN(CCC(=O)OCCCCCCCCCCCCCC)c1ccc(-c2ccc(N(CCC(=O)OCCCCCCCCCCCCCC)CCC(=O)OCCCCCCCCCCCCCC)c(C)c2)cc1C,-0.022034257010205765
CCCCCCCCCCCCCCOC(=O)CCN(CCC(=O)OCCCCCCCCCCCCCC)c1ccc(-c2ccc(N(CCC(=O)OCCCCCCCCCCCCCC)CCC(=O)OCCCCCCCCCCCCCC)c(N(CCC(=O)OCCCCCCCCCCCCCC)CCC(=O)OCCCCCCCCCCCCCC)c2)cc1N(CCC(=O)OCCCCCCCCCCCCCC)CCC(=O)OCCCCCCCCCCCCCC,0.06108752513236662
CCCCCCCCCCCCCCOC(=O)CCN(CCC(=O)OCCCCCCCCCCCCCC)c1ccc(-c2ccccc2)cc1,-0.041399078675121825
CCCCCCCCCCCCCCOC(=O)CCN(CCC(=O)OCCCCCCCCCCCCCC)c1ccc(C(C)(C)C)cc1,-0.05198464348633959
CCCCCCCCCCCCCCOC(=O)CCN(CCC(=O)OCCCCCCCCCCCCCC)c1ccc(C(C)C)cc1,-0.010592436212563693
CCCCCCCCCCCCCCOC(=O)CCN(CCC(=O)OCCCCCCCCCCCCCC)c1ccc(C)c(F)c1,0.005351403166519674
CCCCCCCCCCCCCCOC(=O)CCN(CCC(=O)OCCCCCCCCCCCCCC)c1ccc(C)c(N(CCC(=O)OCCCCCCCCCCCCCC)CCC(=O)OCCCCCCCCCCCCCC)c1,0.0544545581669935
CCCCCCCCCCCCCCOC(=O)CCN(CCC(=O)OCCCCCCCCCCCCCC)c1ccc(C)cc1N(CCC(=O)OCCCCCCCCCCCCCC)CCC(=O)OCCCCCCCCCCCCCC,0.056614500802054046
CCCCCCCCCCCCCCOC(=O)CCN(CCC(=O)OCCCCCCCCCCCCCC)c1ccc(C2(c3ccc(N(CCC(=O)OCCCCCCCCCCCCCC)CCC(=O)OCCCCCCCCCCCCCC)cc3)c3ccccc3-c3ccccc32)cc1,0.05827101905309162
CCCCCCCCCCCCCCOC(=O)CCN(CCC(=O)OCCCCCCCCCCCCCC)c1ccc(Cc2ccc(N(CCC(=O)OCCCCCCCCCCCCCC)CCC(=O)OCCCCCCCCCCCCCC)cc2)cc1,0.023816262501390247
CCCCCCCCCCCCCCOC(=O)CCN(CCC(=O)OCCCCCCCCCCCCCC)c1ccc(F)c(F)c1,0.052302275488847194
CCCCCCCCCCCCCCOC(=O)CCN(CCC(=O)OCCCCCCCCCCCCCC)c1ccc(F)cc1,0.04351810725100978
CCCCCCCCCCCCCCOC(=O)CCN(CCC(=O)OCCCCCCCCCCCCCC)c1ccc(F)cc1C(F)(F)F,0.11114719096834111
CCCCCCCCCCCCCCOC(=O)CCN(CCC(=O)OCCCCCCCCCCCCCC)c1ccc(N(CCC(=O)OCCCCCCCCCCCCCC)CCC(=O)OCCCCCCCCCCCCCC)cc1,0.09619866489400213
CCCCCCCCCCCCCCOC(=O)CCN(CCC(=O)OCCCCCCCCCCCCCC)c1ccc(N(CCC(=O)OCCCCCCCCCCCCCC)c2ccccc2)cc1,0.006815273501163949
CCCCCCCCCCCCCCOC(=O)CCN(CCC(=O)OCCCCCCCCCCCCCC)c1ccc(OC(F)(F)F)cc1,0.04371511833893954
CCCCCCCCCCCCCCOC(=O)CCN(CCC(=O)OCCCCCCCCCCCCCC)c1ccc(OC(F)F)cc1,0.036129087518677175
CCCCCCCCCCCCCCOC(=O)CCN(CCC(=O)OCCCCCCCCCCCCCC)c1ccc(OC)c(F)c1,-0.00012580349708211577
CCCCCCCCCCCCCCOC(=O)CCN(CCC(=O)OCCCCCCCCCCCCCC)c1ccc(OCCCCCCCC)cc1,0.05990095274777976
CCCCCCCCCCCCCCOC(=O)CCN(CCC(=O)OCCCCCCCCCCCCCC)c1ccc(Oc2ccc(F)cc2)cc1,-0.04337344758929222
CCCCCCCCCCCCCCOC(=O)CCN(CCC(=O)OCCCCCCCCCCCCCC)c1ccc(Oc2ccc(N(CCC(=O)OCCCCCCCCCCCCCC)CCC(=O)OCCCCCCCCCCCCCC)cc2)cc1,0.024636779062616302
CCCCCCCCCCCCCCOC(=O)CCN(CCC(=O)OCCCCCCCCCCCCCC)c1ccc(Oc2ccccc2)cc1,-0.04479030681581572
CCCCCCCCCCCCCCOC(=O)CCN(CCC(=O)OCCCCCCCCCCCCCC)c1ccc2c(c1)CCCC2,-0.0022439392888665734
CCCCCCCCCCCCCCOC(=O)CCN(CCC(=O)OCCCCCCCCCCCCCC)c1ccc2c(c1)Cc1cc(N(CCC(=O)OCCCCCCCCCCCCCC)CCC(=O)OCCCCCCCCCCCCCC)ccc1-2,0.017337793863072805
CCCCCCCCCCCCCCOC(=O)CCN(CCC(=O)OCCCCCCCCCCCCCC)c1ccc2c(c1)OCCO2,-0.10391642532144096
CCCCCCCCCCCCCCOC(=O)CCN(CCC(=O)OCCCCCCCCCCCCCC)c1ccc2c(c1)OCO2,-0.14216786955673535
CCCCCCCCCCCCCCOC(=O)CCN(CCC(=O)OCCCCCCCCCCCCCC)c1ccc2cc3ccccc3cc2c1,-0.07316406388567057
CCCCCCCCCCCCCCOC(=O)CCN(CCC(=O)OCCCCCCCCCCCCCC)c1ccc2ccccc2c1-c1c(N(CCC(=O)OCCCCCCCCCCCCCC)CCC(=O)OCCCCCCCCCCCCCC)ccc2ccccc12,-0.014747595329580187
CCCCCCCCCCCCCCOC(=O)CCN(CCC(=O)OCCCCCCCCCCCCCC)c1cccc(-c2ccccc2)c1,-0.05017721657432968
CCCCCCCCCCCCCCOC(=O)CCN(CCC(=O)OCCCCCCCCCCCCCC)c1cccc(C(F)(F)F)c1,0.07914369572681543
CCCCCCCCCCCCCCOC(=O)CCN(CCC(=O)OCCCCCCCCCCCCCC)c1cccc(C)c1N(CCC(=O)OCCCCCCCCCCCCCC)CCC(=O)OCCCCCCCCCCCCCC,0.06502659038766277
CCCCCCCCCCCCCCOC(=O)CCN(CCC(=O)OCCCCCCCCCCCCCC)c1cccc(F)c1,0.0342117852835179
CCCCCCCCCCCCCCOC(=O)CCN(CCC(=O)OCCCCCCCCCCCCCC)c1cccc(N(CCC(=O)OCCCCCCCCCCCCCC)CCC(=O)OCCCCCCCCCCCCCC)c1,0.08239301941079208
CCCCCCCCCCCCCCOC(=O)CCN(CCC(=O)OCCCCCCCCCCCCCC)c1cccc(N(CCC(=O)OCCCCCCCCCCCCCC)CCC(=O)OCCCCCCCCCCCCCC)c1C,0.054491205803994996
CCCCCCCCCCCCCCOC(=O)CCN(CCC(=O)OCCCCCCCCCCCCCC)c1cccc(OC(C)C)c1,-0.009320485347429696
CCCCCCCCCCCCCCOC(=O)CCN(CCC(=O)OCCCCCCCCCCCCCC)c1cccc(OCc2ccccc2)c1,-0.06434284248370091
CCCCCCCCCCCCCCOC(=O)CCN(CCC(=O)OCCCCCCCCCCCCCC)c1cccc2c1CCC2,0.013525591011847603
CCCCCCCCCCCCCCOC(=O)CCN(CCC(=O)OCCCCCCCCCCCCCC)c1cccc2cccc(N(CCC(=O)OCCCCCCCCCCCCCC)CCC(=O)OCCCCCCCCCCCCCC)c12,0.0472527868324058
CCCCCCCCCCCCCCOC(=O)CCN(CCC(=O)OCCCCCCCCCCCCCC)c1ccccc1C(C)(C)C,-0.05199650140003331
CCCCCCCCCCCCCCOC(=O)CCN(CCC(=O)OCCCCCCCCCCCCCC)c1ccccc1C(C)C,-0.005415199000173038
CCCCCCCCCCCCCCOC(=O)CCN(CCC(=O)OCCCCCCCCCCCCCC)c1ccccc1Cc1ccccc1,-0.04149274793256437
CCCCCCCCCCCCCCOC(=O)CCN(CCC(=O)OCCCCCCCCCCCCCC)c1ccccc1N(CCC(=O)OCCCCCCCCCCCCCC)c1ccccc1,0.00020974767433196585
CCCCCCCCCCCCCCOC(=O)CCN(CCC(=O)OCCCCCCCCCCCCCC)c1ccccc1OC,-0.005435655590991084
CCCCCCCCCCCCCCOC(=O)CCN(CCC(=O)OCCCCCCCCCCCCCC)c1ccccc1OCC,0.01881827579055464
CCCCCCCCCCCCCCOC(=O)CCN(CCC(=O)OCCCCCCCCCCCCCC)c1ccccc1Oc1ccccc1,-0.04491155942791124
CCCCCCCCCCCCCCOC(=O)CCN(CCC(=O)OCCCCCCCCCCCCCC)c1nc(N(CCC(=O)OCCCCCCCCCCCCCC)CCC(=O)OCCCCCCCCCCCCCC)nc(N(CCC(=O)OCCCCCCCCCCCCCC)CCC(=O)OCCCCCCCCCCCCCC)n1,0.22115318397093797
CCCCCCCCCCCCCCOC(=O)CCN(CCC)CCC(=O)OCCCCCCCCCCCCCC,0.22246955507641292
CCCCCCCCCCCCCCOC(=O)CCN(CCC)CCCN(CCC(=O)OCCCCCCCCCCCCCC)CCC(=O)OCCCCCCCCCCCCCC,0.2833549779411985
CCCCCCCCCCCCCCOC(=O)CCN(CCCC)CCC(=O)OCCCCCCCCCCCCCC,0.27324125145637496
CCCCCCCCCCCCCCOC(=O)CCN(CCCCC)CCC(=O)OCCCCCCCCCCCCCC,0.28858780991931093
CCCCCCCCCCCCCCOC(=O)CCN(CCCCCC)CCC(=O)OCCCCCCCCCCCCCC,0.2951062830581011
CCCCCCCCCCCCCCOC(=O)CCN(CCCCCCCCN(CCC(=O)OCCCCCCCCCCCCCC)CCC(=O)OCCCCCCCCCCCCCC)CCC(=O)OCCCCCCCCCCCCCC,0.2929432914597982
CCCCCCCCCCCCCCOC(=O)CCN(CCCCCCN(CCC(=O)OCCCCCCCCCCCCCC)CCC(=O)OCCCCCCCCCCCCCC)CCCCCCN(CCC(=O)OCCCCCCCCCCCCCC)CCC(=O)OCCCCCCCCCCCCCC,0.2949251175673175
CCCCCCCCCCCCCCOC(=O)CCN(CCCCN(C)Cc1ccccc1)CCC(=O)OCCCCCCCCCCCCCC,0.1073043557992206
CCCCCCCCCCCCCCOC(=O)CCN(CCCCN1CCN(C)CC1)CCC(=O)OCCCCCCCCCCCCCC,0.22059052258677816
CCCCCCCCCCCCCCOC(=O)CCN(CCCCc1ccccc1)CCC(=O)OCCCCCCCCCCCCCC,0.12929583676812523
CCCCCCCCCCCCCCOC(=O)CCN(CCCN(C)C)CCC(=O)OCCCCCCCCCCCCCC,0.23877988631439467
CCCCCCCCCCCCCCOC(=O)CCN(CCCN(C)C)CCCN(CCC(=O)OCCCCCCCCCCCCCC)CCC(=O)OCCCCCCCCCCCCCC,0.2648117842822373
CCCCCCCCCCCCCCOC(=O)CCN(CCCN(C)CCCN(CCC(=O)OCCCCCCCCCCCCCC)CCC(=O)OCCCCCCCCCCCCCC)CCC(=O)OCCCCCCCCCCCCCC,0.2952955590914998
CCCCCCCCCCCCCCOC(=O)CCN(CCCN(CCC(=O)OCCCCCCCCCCCCCC)CCC(=O)OCCCCCCCCCCCCCC)CCCN(CCC(=O)OCCCCCCCCCCCCCC)CCC(=O)OCCCCCCCCCCCCCC,0.2956298636424749
CCCCCCCCCCCCCCOC(=O)CCN(CCCN(CCC(=O)OCCCCCCCCCCCCCC)CCN(CCC(=O)OCCCCCCCCCCCCCC)CCC(=O)OCCCCCCCCCCCCCC)CCC(=O)OCCCCCCCCCCCCCC,0.29899916327906134
CCCCCCCCCCCCCCOC(=O)CCN(CCCN(CCC(=O)OCCCCCCCCCCCCCC)CCN(CCC(=O)OCCCCCCCCCCCCCC)CCC(=O)OCCCCCCCCCCCCCC)CCN(CCC(=O)OCCCCCCCCCCCCCC)CCC(=O)OCCCCCCCCCCCCCC,0.30250943616191667
CCCCCCCCCCCCCCOC(=O)CCN(CCCN(CCCN(CCC(=O)OCCCCCCCCCCCCCC)CCC(=O)OCCCCCCCCCCCCCC)CCC(=O)OCCCCCCCCCCCCCC)CCCN(CCC(=O)OCCCCCCCCCCCCCC)CCC(=O)OCCCCCCCCCCCCCC,0.296935931354924
CCCCCCCCCCCCCCOC(=O)CCN(CCCN1CCN(C(C)C)CC1)CCC(=O)OCCCCCCCCCCCCCC,0.17988115588269735
CCCCCCCCCCCCCCOC(=O)CCN(CCCN1CCN(CCCN(CCC(=O)OCCCCCCCCCCCCCC)CCC(=O)OCCCCCCCCCCCCCC)CC1)CCC(=O)OCCCCCCCCCCCCCC,0.29169102368002914
CCCCCCCCCCCCCCOC(=O)CCN(CCCOC(C)C)CCC(=O)OCCCCCCCCCCCCCC,0.18072672500889
CCCCCCCCCCCCCCOC(=O)CCN(CCCOCCCCOCCCN(CCC(=O)OCCCCCCCCCCCCCC)CCC(=O)OCCCCCCCCCCCCCC)CCC(=O)OCCCCCCCCCCCCCC,0.1892551257834084
CCCCCCCCCCCCCCOC(=O)CCN(CCCOCCOCCOCCCN(CCC(=O)OCCCCCCCCCCCCCC)CCC(=O)OCCCCCCCCCCCCCC)CCC(=O)OCCCCCCCCCCCCCC,0.14458485543706415
CCCCCCCCCCCCCCOC(=O)CCN(CCCc1ccccc1)CCC(=O)OCCCCCCCCCCCCCC,0.1245741942676136
CCCCCCCCCCCCCCOC(=O)CCN(CCN(CCC(=O)OCCCCCCCCCCCCCC)C(C)(C)C)C(C)(C)C,-0.0018421595291909817
CCCCCCCCCCCCCCOC(=O)CCN(CCO)CCC(=O)OCCCCCCCCCCCCCC,0.14979120799549062
CCCCCCCCCCCCCCOC(=O)CCN(CCOCCN1CCCC1)CCC(=O)OCCCCCCCCCCCCCC,0.06147498377651725
CCCCCCCCCCCCCCOC(=O)CCN(CCOCCOCCN(CCC(=O)OCCCCCCCCCCCCCC)CCC(=O)OCCCCCCCCCCCCCC)CCC(=O)OCCCCCCCCCCCCCC,0.13504083449285684
CCCCCCCCCCCCCCOC(=O)CCN(CCOCCOCCOCCN(CCC(=O)OCCCCCCCCCCCCCC)CCC(=O)OCCCCCCCCCCCCCC)CCC(=O)OCCCCCCCCCCCCCC,0.0985436029983034
CCCCCCCCCCCCCCOC(=O)CCN(c1ccccc1)c1ccc(-c2ccc(N(CCC(=O)OCCCCCCCCCCCCCC)c3ccccc3)cc2)cc1,-0.08828364731157103
CCCCCCCCCCCCCCOC(=O)CCN1C(C)N(CCC(=O)OCCCCCCCCCCCCCC)C(C)N(CCC(=O)OCCCCCCCCCCCCCC)C1C,0.15032097662348926
CCCCCCCCCCCCCCOC(=O)CCN1CCC(N(CCC(=O)OCCCCCCCCCCCCCC)CCC(=O)OCCCCCCCCCCCCCC)CC1,0.1561030275123531
CCCCCCCCCCCCCCOC(=O)CCN1CCCCN(C)CCN(CCC(=O)OCCCCCCCCCCCCCC)CCCN(C)CC1,0.08285946572829961
CCCCCCCCCCCCCCOC(=O)CCN1CCCN(CCC(=O)OCCCCCCCCCCCCCC)CCCN(CCC(=O)OCCCCCCCCCCCCCC)CCC1,0.15710452933008245
CCCCCCCCCCCCCCOC(=O)CCN1CCCN(CCC(=O)OCCCCCCCCCCCCCC)CCCN(CCC(=O)OCCCCCCCCCCCCCC)CCN(CCC(=O)OCCCCCCCCCCCCCC)CCC1,0.16594661285000092
CCCCCCCCCCCCCCOC(=O)CCN1CCCN(CCC(=O)OCCCCCCCCCCCCCC)CCN(CCC(=O)OCCCCCCCCCCCCCC)CCCN(CCC(=O)OCCCCCCCCCCCCCC)CC1,0.17618016509220066
CCCCCCCCCCCCCCOC(=O)CCN1CCCN(CCC(=O)OCCCCCCCCCCCCCC)CCN(CCC(=O)OCCCCCCCCCCCCCC)CCN(CCC(=O)OCCCCCCCCCCCCCC)CC1,0.1863082802804043
CCCCCCCCCCCCCCOC(=O)CCN1CCN(CCC(=O)OCCCCCCCCCCCCCC)C(c2ccccc2)C1,0.08571132776556703
CCCCCCCCCCCCCCOC(=O)CCN1CCN(CCC(=O)OCCCCCCCCCCCCCC)C2C1N(CCC(=O)OCCCCCCCCCCCCCC)CCN2CCC(=O)OCCCCCCCCCCCCCC,0.2975517017736893
CCCCCCCCCCCCCCOC(=O)CCN1CCN(CCC(=O)OCCCCCCCCCCCCCC)CC1,0.19686041163261989
CCCCCCCCCCCCCCOC(=O)CCN1CCN(CCC(=O)OCCCCCCCCCCCCCC)CCN(CCC(=O)OCCCCCCCCCCCCCC)CCN(CCC(=O)OCCCCCCCCCCCCCC)CC1,0.1968604416716666
CCCCCCCCCCCCCCOC(=O)CCN1CCN(CCC(=O)OCCCCCCCCCCCCCC)[C@H](C)C1,0.024836215803568894
CCCCCCCCCCCCCCOC(=O)CCN1CCOCCN(CCC(=O)OCCCCCCCCCCCCCC)CCN(CCC(=O)OCCCCCCCCCCCCCC)CC1,-0.08184175872239995
CCCCCCCCCCCCCCOC(=O)CCN1CC[C@@H](N(CCC(=O)OCCCCCCCCCCCCCC)CCC(=O)OCCCCCCCCCCCCCC)C1,0.2395957618429021
CCCCCCCCCCCCCOC(=O)CCN(C)CCCCCCN(C)CCC(=O)OCCCCCCCCCCCCC,0.25596468424151614
CCCCCCCCCCCCCOC(=O)CCN(C)CCCN(CC)CCCN(C)CCC(=O)OCCCCCCCCCCCCC,0.260487693545575
CCCCCCCCCCCCCOC(=O)CCN(C)CCN(CCN(C)CCC(=O)OCCCCCCCCCCCCC)CCN(C)CCC(=O)OCCCCCCCCCCCCC,0.2771599952965633
CCCCCCCCCCCCCOC(=O)CCN(C)CCOCCN(C)CCC(=O)OCCCCCCCCCCCCC,0.06430762082388225
CCCCCCCCCCCCCOC(=O)CCN(C)CCOCCOCCN(C)CCC(=O)OCCCCCCCCCCCCC,0.009764401971718944
CCCCCCCCCCCCCOC(=O)CCN(C)c1ccc(Cc2ccc(N(CCC(=O)OCCCCCCCCCCCCC)CCC(=O)OCCCCCCCCCCCCC)cc2)cc1,-0.0363215635880883
CCCCCCCCCCCCCOC(=O)CCN(C)c1ccccc1N(CCC(=O)OCCCCCCCCCCCCC)CCC(=O)OCCCCCCCCCCCCC,0.02391381430562168
CCCCCCCCCCCCCOC(=O)CCN(CC(C)N(CCC(=O)OCCCCCCCCCCCCC)CCC(=O)OCCCCCCCCCCCCC)CC(C)N(CCC(=O)OCCCCCCCCCCCCC)CCC(=O)OCCCCCCCCCCCCC,0.23986366508109702
CCCCCCCCCCCCCOC(=O)CCN(CC)CCN(CCC(=O)OCCCCCCCCCCCCC)CCC(=O)OCCCCCCCCCCCCC,0.2788620076838622
CCCCCCCCCCCCCOC(=O)CCN(CCC(=O)OCCCCCCCCCCCCC)C(=O)C1CCCN1C,0.17626098514740765
CCCCCCCCCCCCCOC(=O)CCN(CCC(=O)OCCCCCCCCCCCCC)C(C)(C)C,0.057374023078909986
CCCCCCCCCCCCCOC(=O)CCN(CCC(=O)OCCCCCCCCCCCCC)C(C)(C)CC,0.07285834061011548
CCCCCCCCCCCCCOC(=O)CCN(CCC(=O)OCCCCCCCCCCCCC)C(C)(C)CC(C)(C)C,-0.007509296044817787
CCCCCCCCCCCCCOC(=O)CCN(CCC(=O)OCCCCCCCCCCCCC)C(C)C,0.1506414181544019
CCCCCCCCCCCCCOC(=O)CCN(CCC(=O)OCCCCCCCCCCCCC)C(C)C(C)C,0.09839882981262414
CCCCCCCCCCCCCOC(=O)CCN(CCC(=O)OCCCCCCCCCCCCC)C(C)CC,0.17108331987860118
CCCCCCCCCCCCCOC(=O)CCN(CCC(=O)OCCCCCCCCCCCCC)C(C)CCC,0.1962642416918411
CCCCCCCCCCCCCOC(=O)CCN(CCC(=O)OCCCCCCCCCCCCC)C(C)CO,0.14674620990732065
CCCCCCCCCCCCCOC(=O)CCN(CCC(=O)OCCCCCCCCCCCCC)C(C)c1ccc(C)cc1,0.0005688794974232376
CCCCCCCCCCCCCOC(=O)CCN(CCC(=O)OCCCCCCCCCCCCC)C(CC)CC,0.1787649649845814
CCCCCCCCCCCCCOC(=O)CCN(CCC(=O)OCCCCCCCCCCCCC)C(CO)(CO)CO,-0.09741810087323992
CCCCCCCCCCCCCOC(=O)CCN(CCC(=O)OCCCCCCCCCCCCC)C(CO)C(C)(C)C,0.012501995475253845
CCCCCCCCCCCCCOC(=O)CCN(CCC(=O)OCCCCCCCCCCCCC)C(c1ccccc1)(c1ccccc1)c1ccccc1,0.02315852753435361
CCCCCCCCCCCCCOC(=O)CCN(CCC(=O)OCCCCCCCCCCCCC)C(c1ccccc1)c1ccccc1,0.011714972451123419
CCCCCCCCCCCCCOC(=O)CCN(CCC(=O)OCCCCCCCCCCCCC)C12C[C@H]3C[C@@H](C1)C[C@@H](C2)C3,-0.0035747892148617812
CCCCCCCCCCCCCOC(=O)CCN(CCC(=O)OCCCCCCCCCCCCC)C1CC1,0.1531408020174271
CCCCCCCCCCCCCOC(=O)CCN(CCC(=O)OCCCCCCCCCCCCC)C1CC2CCC1C2,-0.013298061129984242
CCCCCCCCCCCCCOC(=O)CCN(CCC(=O)OCCCCCCCCCCCCC)C1CCC(CC2CCC(N(CCC(=O)OCCCCCCCCCCCCC)CCC(=O)OCCCCCCCCCCCCC)C(C)C2)CC1C,0.05348464240689292
CCCCCCCCCCCCCOC(=O)CCN(CCC(=O)OCCCCCCCCCCCCC)C1CCC1,0.16181477201236288
CCCCCCCCCCCCCOC(=O)CCN(CCC(=O)OCCCCCCCCCCCCC)C1CCCC(N(CCC(=O)OCCCCCCCCCCCCC)CCC(=O)OCCCCCCCCCCCCC)C1,0.1840741411999391
CCCCCCCCCCCCCOC(=O)CCN(CCC(=O)OCCCCCCCCCCCCC)C1CCCCC1,0.15620208126892068
CCCCCCCCCCCCCOC(=O)CCN(CCC(=O)OCCCCCCCCCCCCC)C1CCCCCCC1,0.14634563921927565
CCCCCCCCCCCCCOC(=O)CCN(CCC(=O)OCCCCCCCCCCCCC)C1CCN(C)CC1,0.08935851862338368
CCCCCCCCCCCCCOC(=O)CCN(CCC(=O)OCCCCCCCCCCCCC)C1CCc2ccccc21,0.056025855642479236
CCCCCCCCCCCCCOC(=O)CCN(CCC(=O)OCCCCCCCCCCCCC)C1Cc2ccccc2C1,0.06506484511366392
CCCCCCCCCCCCCOC(=O)CCN(CCC(=O)OCCCCCCCCCCCCC)CC(=O)N(C)c1ccccc1,0.04205394403565997
CCCCCCCCCCCCCOC(=O)CCN(CCC(=O)OCCCCCCCCCCCCC)CC(C)(C)CN(C)C,0.07072953344698284
CCCCCCCCCCCCCOC(=O)CCN(CCC(=O)OCCCCCCCCCCCCC)CC(C)C,0.18626968010536585
CCCCCCCCCCCCCOC(=O)CCN(CCC(=O)OCCCCCCCCCCCCC)CC(C)CC,0.20598304482940347
CCCCCCCCCCCCCOC(=O)CCN(CCC(=O)OCCCCCCCCCCCCC)CC(C)N(CCC(=O)OCCCCCCCCCCCCC)CCC(=O)OCCCCCCCCCCCCC,0.24725378123863503
CCCCCCCCCCCCCOC(=O)CCN(CCC(=O)OCCCCCCCCCCCCC)CC(CC)CCCC,0.2529286678283162
CCCCCCCCCCCCCOC(=O)CCN(CCC(=O)OCCCCCCCCCCCCC)CC1(C)CC(N(CCC(=O)OCCCCCCCCCCCCC)CCC(=O)OCCCCCCCCCCCCC)CC(C)(C)C1,0.08564060083005882
CCCCCCCCCCCCCOC(=O)CCN(CCC(=O)OCCCCCCCCCCCCC)CC12C[C@H]3C[C@@H](C1)C[C@@H](C2)C3,-0.0255001622210519
CCCCCCCCCCCCCOC(=O)CCN(CCC(=O)OCCCCCCCCCCCCC)CC1CCC(CN(CCC(=O)OCCCCCCCCCCCCC)CCC(=O)OCCCCCCCCCCCCC)CC1,0.1280574019693719
CCCCCCCCCCCCCOC(=O)CCN(CCC(=O)OCCCCCCCCCCCCC)CC1CCCC(CN(CCC(=O)OCCCCCCCCCCCCC)CCC(=O)OCCCCCCCCCCCCC)C1,0.1732462513988106
CCCCCCCCCCCCCOC(=O)CCN(CCC(=O)OCCCCCCCCCCCCC)CC1CCCCC1,0.14768918064251113
CCCCCCCCCCCCCOC(=O)CCN(CCC(=O)OCCCCCCCCCCCCC)CC1CCCN1C,0.15718004749354292
CCCCCCCCCCCCCOC(=O)CCN(CCC(=O)OCCCCCCCCCCCCC)CC1CCCN1CCC(=O)OCCCCCCCCCCCCC,0.21449689168578479
CCCCCCCCCCCCCOC(=O)CCN(CCC(=O)OCCCCCCCCCCCCC)CC1CCN(C)CC1,0.08219934265704854
CCCCCCCCCCCCCOC(=O)CCN(CCC(=O)OCCCCCCCCCCCCC)CCC(=O)N1CCN(CCC(=O)OCCCCCCCCCCCCC)CC1,0.21050706044152756
CCCCCCCCCCCCCOC(=O)CCN(CCC(=O)OCCCCCCCCCCCCC)CCC(C)(C)C,0.15761082244306743
CCCCCCCCCCCCCOC(=O)CCN(CCC(=O)OCCCCCCCCCCCCC)CCC(C)C,0.2389245994219805
CCCCCCCCCCCCCOC(=O)CCN(CCC(=O)OCCCCCCCCCCCCC)CCC(c1ccccc1)c1ccccc1,0.00977134099151185
CCCCCCCCCCCCCOC(=O)CCN(CCC(=O)OCCCCCCCCCCCCC)CCC1CCC(C)CC1,0.09085278096354947
CCCCCCCCCCCCCOC(=O)CCN(CCC(=O)OCCCCCCCCCCCCC)CCC1CCC(CC)CC1,0.08778588441031877
CCCCCCCCCCCCCOC(=O)CCN(CCC(=O)OCCCCCCCCCCCCC)CCN(C(C)C)C(C)C,0.1384123119603307
CCCCCCCCCCCCCOC(=O)CCN(CCC(=O)OCCCCCCCCCCCCC)CCN(C)C,0.2304178718196724
CCCCCCCCCCCCCOC(=O)CCN(CCC(=O)OCCCCCCCCCCCCC)CCN(C)CCCN(C)CCN(CCC(=O)OCCCCCCCCCCCCC)CCC(=O)OCCCCCCCCCCCCC,0.2975288120200867
CCCCCCCCCCCCCOC(=O)CCN(CCC(=O)OCCCCCCCCCCCCC)CCN(C)CCN(C)CCN(CCC(=O)OCCCCCCCCCCCCC)CCC(=O)OCCCCCCCCCCCCC,0.29931775740860056
CCCCCCCCCCCCCOC(=O)CCN(CCC(=O)OCCCCCCCCCCCCC)CCN(C)CCN(CCC(=O)OCCCCCCCCCCCCC)CCC(=O)OCCCCCCCCCCCCC,0.297734369216809
CCCCCCCCCCCCCOC(=O)CCN(CCC(=O)OCCCCCCCCCCCCC)CCN(C)CCN(CCC)CCN(CCC(=O)OCCCCCCCCCCCCC)CCC(=O)OCCCCCCCCCCCCC,0.303973869728687
CCCCCCCCCCCCCOC(=O)CCN(CCC(=O)OCCCCCCCCCCCCC)CCN(C)CCN(CCCCC)CCN(CCC(=O)OCCCCCCCCCCCCC)CCC(=O)OCCCCCCCCCCCCC,0.30448567500674556
CCCCCCCCCCCCCOC(=O)CCN(CCC(=O)OCCCCCCCCCCCCC)CCN(C)CCN(CCN(C)CCN(CCC(=O)OCCCCCCCCCCCCC)CCC(=O)OCCCCCCCCCCCCC)CCN(C)CCN(CCC(=O)OCCCCCCCCCCCCC)CCC(=O)OCCCCCCCCCCCCC,0.30399489706139277
CCCCCCCCCCCCCOC(=O)CCN(CCC(=O)OCCCCCCCCCCCCC)CCN(C)CCN(CCN(CCC(=O)OCCCCCCCCCCCCC)CCC(=O)OCCCCCCCCCCCCC)C1CCCCC1,0.26021523939180163
CCCCCCCCCCCCCOC(=O)CCN(CCC(=O)OCCCCCCCCCCCCC)CCN(CC)CCCN(CC)CCN(CCC(=O)OCCCCCCCCCCCCC)CCC(=O)OCCCCCCCCCCCCC,0.29536239597045744
CCCCCCCCCCCCCOC(=O)CCN(CCC(=O)OCCCCCCCCCCCCC)CCN(CC)CCN(CC)CCN(CC)CCN(CCC(=O)OCCCCCCCCCCCCC)CCC(=O)OCCCCCCCCCCCCC,0.28665200363137056
CCCCCCCCCCCCCOC(=O)CCN(CCC(=O)OCCCCCCCCCCCCC)CCN(CC)CCN(CC)CCN(CCC(=O)OCCCCCCCCCCCCC)CCC(=O)OCCCCCCCCCCCCC,0.29055545759677714
CCCCCCCCCCCCCOC(=O)CCN(CCC(=O)OCCCCCCCCCCCCC)CCN(CCC(=O)OCCCCCCCCCCCCC)C(C)C,0.2283446969710699
CCCCCCCCCCCCCOC(=O)CCN(CCC(=O)OCCCCCCCCCCCCC)CCN(CCC(=O)OCCCCCCCCCCCCC)CCN(CC)CC,0.2811361437550385
CCCCCCCCCCCCCOC(=O)CCN(CCC(=O)OCCCCCCCCCCCCC)CCN(CCC(=O)OCCCCCCCCCCCCC)CCN(CCC(=O)OCCCCCCCCCCCCC)CCC(=O)OCCCCCCCCCCCCC,0.3030270389759927
CCCCCCCCCCCCCOC(=O)CCN(CCC(=O)OCCCCCCCCCCCCC)CCN(CCC(=O)OCCCCCCCCCCCCC)CCN(CCC(=O)OCCCCCCCCCCCCC)CCN(CCC(=O)OCCCCCCCCCCCCC)CCN(CCC(=O)OCCCCCCCCCCCCC)CCC(=O)OCCCCCCCCCCCCC,0.30477720395518776
CCCCCCCCCCCCCOC(=O)CCN(CCC(=O)OCCCCCCCCCCCCC)CCN(CCC(=O)OCCCCCCCCCCCCC)CCN(CCC(=O)OCCCCCCCCCCCCC)CCN(CCC(=O)OCCCCCCCCCCCCC)CCN(CCC(=O)OCCCCCCCCCCCCC)CCN(CCC(=O)OCCCCCCCCCCCCC)CCC(=O)OCCCCCCCCCCCCC,0.30530736309079376
CCCCCCCCCCCCCOC(=O)CCN(CCC(=O)OCCCCCCCCCCCCC)CCN(CCC(=O)OCCCCCCCCCCCCC)CCN1CCN(CCN(CCC(=O)OCCCCCCCCCCCCC)CCC(=O)OCCCCCCCCCCCCC)CC1,0.29674082774646116
CCCCCCCCCCCCCOC(=O)CCN(CCC(=O)OCCCCCCCCCCCCC)CCN(CCC(=O)OCCCCCCCCCCCCC)Cc1ccccc1,0.15730630160691772
CCCCCCCCCCCCCOC(=O)CCN(CCC(=O)OCCCCCCCCCCCCC)CCN(CCC(=O)OCCCCCCCCCCCCC)c1ccccc1,0.12293562434699273
CCCCCCCCCCCCCOC(=O)CCN(CCC(=O)OCCCCCCCCCCCCC)CCN(CCC)CCN(CCC)CCN(CCC(=O)OCCCCCCCCCCCCC)CCC(=O)OCCCCCCCCCCCCC,0.30688047792860623
CCCCCCCCCCCCCOC(=O)CCN(CCC(=O)OCCCCCCCCCCCCC)CCN(CCCCCCCCCCCC)CCN(CCC(=O)OCCCCCCCCCCCCC)CCC(=O)OCCCCCCCCCCCCC,0.30348285147096044
CCCCCCCCCCCCCOC(=O)CCN(CCC(=O)OCCCCCCCCCCCCC)CCN(CCN(CCC(=O)OCCCCCCCCCCCCC)CCC(=O)OCCCCCCCCCCCCC)CCN(CCC(=O)OCCCCCCCCCCCCC)CCC(=O)OCCCCCCCCCCCCC,0.3035509199508337
CCCCCCCCCCCCCOC(=O)CCN(CCC(=O)OCCCCCCCCCCCCC)CCN(CCN(CCN(CCC(=O)OCCCCCCCCCCCCC)CCC(=O)OCCCCCCCCCCCCC)C1CCCCC1)C(C)CC,0.2472531353991305
CCCCCCCCCCCCCOC(=O)CCN(CCC(=O)OCCCCCCCCCCCCC)CCN1CCN(CCC(=O)OCCCCCCCCCCCCC)CC1,0.255375858847661
CCCCCCCCCCCCCOC(=O)CCN(CCC(=O)OCCCCCCCCCCCCC)CCN1CCN(CCN(CCC(=O)OCCCCCCCCCCCCC)CCC(=O)OCCCCCCCCCCCCC)CC1,0.2891578909480112
CCCCCCCCCCCCCOC(=O)CCN(CCC(=O)OCCCCCCCCCCCCC)CC[C@H](C)O,0.06950668891347851
CCCCCCCCCCCCCOC(=O)CCN(CCC(=O)OCCCCCCCCCCCCC)CCc1ccc(OC)cc1,0.041450895153181705
CCCCCCCCCCCCCOC(=O)CCN(CCC(=O)OCCCCCCCCCCCCC)CCc1ccccc1F,0.12581591834198302
CCCCCCCCCCCCCOC(=O)CCN(CCC(=O)OCCCCCCCCCCCCC)CN(CC)CCC,0.19254081173344267
CCCCCCCCCCCCCOC(=O)CCN(CCC(=O)OCCCCCCCCCCCCC)C[C@@H](C)O,0.15446893340969392
CCCCCCCCCCCCCOC(=O)CCN(CCC(=O)OCCCCCCCCCCCCC)C[C@@H]1CCCN1CC,0.04724732723566398
CCCCCCCCCCCCCOC(=O)CCN(CCC(=O)OCCCCCCCCCCCCC)C[C@H]1CCCN1CC,0.20546786015858864
CCCCCCCCCCCCCOC(=O)CCN(CCC(=O)OCCCCCCCCCCCCC)Cc1cc(C)c(OC)c(OC)c1,-0.06521754948521441
CCCCCCCCCCCCCOC(=O)CCN(CCC(=O)OCCCCCCCCCCCCC)Cc1cc(F)ccc1F,0.09173987907183602
CCCCCCCCCCCCCOC(=O)CCN(CCC(=O)OCCCCCCCCCCCCC)Cc1cccc(CN(CCC(=O)OCCCCCCCCCCCCC)CCC(=O)OCCCCCCCCCCCCC)c1,0.12900887375478484
CCCCCCCCCCCCCOC(=O)CCN(CCC(=O)OCCCCCCCCCCCCC)Cc1cccc(F)c1,0.07145901667711625
CCCCCCCCCCCCCOC(=O)CCN(CCC(=O)OCCCCCCCCCCCCC)Cc1cccc(N(CCC(=O)OCCCCCCCCCCCCC)CCC(=O)OCCCCCCCCCCCCC)c1,0.10157389697310269
CCCCCCCCCCCCCOC(=O)CCN(CCC(=O)OCCCCCCCCCCCCC)Cc1ccccc1F,0.0982834047755928
CCCCCCCCCCCCCOC(=O)CCN(CCC(=O)OCCCCCCCCCCCCC)Cc1ccccc1N(CCC(=O)OCCCCCCCCCCCCC)CCC(=O)OCCCCCCCCCCCCC,0.12047578688897775
CCCCCCCCCCCCCOC(=O)CCN(CCC(=O)OCCCCCCCCCCCCC)Cc1ccccc1OC,0.03618904545593535
CCCCCCCCCCCCCOC(=O)CCN(CCC(=O)OCCCCCCCCCCCCC)Cc1ccccc1OCC,0.060372851152267426
CCCCCCCCCCCCCOC(=O)CCN(CCC(=O)OCCCCCCCCCCCCC)Cc1nccn1C,0.01748476740892449
CCCCCCCCCCCCCOC(=O)CCN(CCC(=O)OCCCCCCCCCCCCC)[C@@H](CO)CC(C)C,0.22362338490007222
CCCCCCCCCCCCCOC(=O)CCN(CCC(=O)OCCCCCCCCCCCCC)[C@H]1CCCC[C@H]1N(CCC(=O)OCCCCCCCCCCCCC)CCC(=O)OCCCCCCCCCCCCC,0.2643012106050943
CCCCCCCCCCCCCOC(=O)CCN(CCC(=O)OCCCCCCCCCCCCC)[C@@H]1CCCC[C@H]1N(CCC(=O)OCCCCCCCCCCCCC)CCC(=O)OCCCCCCCCCCCCC,0.17413274872616272
CCCCCCCCCCCCCOC(=O)CCN(CCC(=O)OCCCCCCCCCCCCC)[C@@H](c1ccccc1)[C@@H](c1ccccc1)N(CCC(=O)OCCCCCCCCCCCCC)CCC(=O)OCCCCCCCCCCCCC,0.14016564605895498
CCCCCCCCCCCCCOC(=O)CCN(CCC(=O)OCCCCCCCCCCCCC)[C@H]1CC[C@H](N(CCC(=O)OCCCCCCCCCCCCC)CCC(=O)OCCCCCCCCCCCCC)CC1,0.050387947119313464
CCCCCCCCCCCCCOC(=O)CCN(CCC(=O)OCCCCCCCCCCCCC)c1c(-c2ccccc2)cc(-c2ccccc2)cc1-c1ccccc1,-0.1319025660421499
CCCCCCCCCCCCCOC(=O)CCN(CCC(=O)OCCCCCCCCCCCCC)c1c(C)c(C)c(N(CCC(=O)OCCCCCCCCCCCCC)CCC(=O)OCCCCCCCCCCCCC)c(C)c1C,-0.06099691322546458
CCCCCCCCCCCCCOC(=O)CCN(CCC(=O)OCCCCCCCCCCCCC)c1c(C)cc(-c2cc(C)c(N(CCC(=O)OCCCCCCCCCCCCC)CCC(=O)OCCCCCCCCCCCCC)c(C)c2)cc1C,-0.06023587397674915
CCCCCCCCCCCCCOC(=O)CCN(CCC(=O)OCCCCCCCCCCCCC)c1c(CC)cccc1CC,-0.009168510300298709
CCCCCCCCCCCCCOC(=O)CCN(CCC(=O)OCCCCCCCCCCCCC)c1c(F)cc(F)cc1F,0.05890957408879592
CCCCCCCCCCCCCOC(=O)CCN(CCC(=O)OCCCCCCCCCCCCC)c1c(N(CCC(=O)OCCCCCCCCCCCCC)CCC(=O)OCCCCCCCCCCCCC)c2ccccc2c2ccccc12,0.021696895108690165
CCCCCCCCCCCCCOC(=O)CCN(CCC(=O)OCCCCCCCCCCCCC)c1cc(C(C)(C)C)ccc1C(C)(C)C,-0.11144264088991708
CCCCCCCCCCCCCOC(=O)CCN(CCC(=O)OCCCCCCCCCCCCC)c1cc(C(C)(C)C)ccc1OC,-0.08785134788042534
CCCCCCCCCCCCCOC(=O)CCN(CCC(=O)OCCCCCCCCCCCCC)c1cc(C)c(C)cc1N(CCC(=O)OCCCCCCCCCCCCC)CCC(=O)OCCCCCCCCCCCCC,0.0026788071196907626
CCCCCCCCCCCCCOC(=O)CCN(CCC(=O)OCCCCCCCCCCCCC)c1cc(F)c(F)c(F)c1,0.04730606108176823
CCCCCCCCCCCCCOC(=O)CCN(CCC(=O)OCCCCCCCCCCCCC)c1cc(F)cc(F)c1,0.01129663366694203
CCCCCCCCCCCCCOC(=O)CCN(CCC(=O)OCCCCCCCCCCCCC)c1cc(F)ccc1F,0.03419110339984943
CCCCCCCCCCCCCOC(=O)CCN(CCC(=O)OCCCCCCCCCCCCC)c1cc(OC)ccc1OC,-0.06485287545800283
CCCCCCCCCCCCCOC(=O)CCN(CCC(=O)OCCCCCCCCCCCCC)c1ccc(-c2ccc(N(CCC(=O)OCCCCCCCCCCCCC)CCC(=O)OCCCCCCCCCCCCC)c(C)c2)cc1C,-0.028909841846195126
CCCCCCCCCCCCCOC(=O)CCN(CCC(=O)OCCCCCCCCCCCCC)c1ccc(-c2ccc(N(CCC(=O)OCCCCCCCCCCCCC)CCC(=O)OCCCCCCCCCCCCC)c(N(CCC(=O)OCCCCCCCCCCCCC)CCC(=O)OCCCCCCCCCCCCC)c2)cc1N(CCC(=O)OCCCCCCCCCCCCC)CCC(=O)OCCCCCCCCCCCCC,0.05332702752873977
CCCCCCCCCCCCCOC(=O)CCN(CCC(=O)OCCCCCCCCCCCCC)c1ccc(-c2ccccc2)cc1,-0.04623483200437069
CCCCCCCCCCCCCOC(=O)CCN(CCC(=O)OCCCCCCCCCCCCC)c1ccc(C(C)(C)C)cc1,-0.056573062814636796
CCCCCCCCCCCCCOC(=O)CCN(CCC(=O)OCCCCCCCCCCCCC)c1ccc(C(C)C)cc1,-0.01783091573160643
CCCCCCCCCCCCCOC(=O)CCN(CCC(=O)OCCCCCCCCCCCCC)c1ccc(C)c(F)c1,-0.002625592887238066
CCCCCCCCCCCCCOC(=O)CCN(CCC(=O)OCCCCCCCCCCCCC)c1ccc(C)c(N(CCC(=O)OCCCCCCCCCCCCC)CCC(=O)OCCCCCCCCCCCCC)c1,0.04671170850331614
CCCCCCCCCCCCCOC(=O)CCN(CCC(=O)OCCCCCCCCCCCCC)c1ccc(C)cc1N(CCC(=O)OCCCCCCCCCCCCC)CCC(=O)OCCCCCCCCCCCCC,0.048930632806616386
CCCCCCCCCCCCCOC(=O)CCN(CCC(=O)OCCCCCCCCCCCCC)c1ccc(C2(c3ccc(N(CCC(=O)OCCCCCCCCCCCCC)CCC(=O)OCCCCCCCCCCCCC)cc3)c3ccccc3-c3ccccc32)cc1,0.054322010873330315
CCCCCCCCCCCCCOC(=O)CCN(CCC(=O)OCCCCCCCCCCCCC)c1ccc(Cc2ccc(N(CCC(=O)OCCCCCCCCCCCCC)CCC(=O)OCCCCCCCCCCCCC)cc2)cc1,0.0156868703844873
CCCCCCCCCCCCCOC(=O)CCN(CCC(=O)OCCCCCCCCCCCCC)c1ccc(F)c(F)c1,0.045206842379657275
CCCCCCCCCCCCCOC(=O)CCN(CCC(=O)OCCCCCCCCCCCCC)c1ccc(F)cc1,0.036123500255986776
CCCCCCCCCCCCCOC(=O)CCN(CCC(=O)OCCCCCCCCCCCCC)c1ccc(F)cc1C(F)(F)F,0.10639666592440575
CCCCCCCCCCCCCOC(=O)CCN(CCC(=O)OCCCCCCCCCCCCC)c1ccc(N(CCC(=O)OCCCCCCCCCCCCC)CCC(=O)OCCCCCCCCCCCCC)cc1,0.08964008962783736
CCCCCCCCCCCCCOC(=O)CCN(CCC(=O)OCCCCCCCCCCCCC)c1ccc(N(CCC(=O)OCCCCCCCCCCCCC)c2ccccc2)cc1,-0.00013921593144372753
CCCCCCCCCCCCCOC(=O)CCN(CCC(=O)OCCCCCCCCCCCCC)c1ccc(OC(F)(F)F)cc1,0.03707196813672747
CCCCCCCCCCCCCOC(=O)CCN(CCC(=O)OCCCCCCCCCCCCC)c1ccc(OC(F)F)cc1,0.02911333298091878
CCCCCCCCCCCCCOC(=O)CCN(CCC(=O)OCCCCCCCCCCCCC)c1ccc(OC)c(F)c1,-0.0073592209673919995
CCCCCCCCCCCCCOC(=O)CCN(CCC(=O)OCCCCCCCCCCCCC)c1ccc(OCCCCCCCC)cc1,0.054029715929196684
CCCCCCCCCCCCCOC(=O)CCN(CCC(=O)OCCCCCCCCCCCCC)c1ccc(Oc2ccc(F)cc2)cc1,-0.048147891224180395
CCCCCCCCCCCCCOC(=O)CCN(CCC(=O)OCCCCCCCCCCCCC)c1ccc(Oc2ccc(N(CCC(=O)OCCCCCCCCCCCCC)CCC(=O)OCCCCCCCCCCCCC)cc2)cc1,0.016543493879873843
CCCCCCCCCCCCCOC(=O)CCN(CCC(=O)OCCCCCCCCCCCCC)c1ccc(Oc2ccccc2)cc1,-0.04949300218760713
CCCCCCCCCCCCCOC(=O)CCN(CCC(=O)OCCCCCCCCCCCCC)c1ccc2c(c1)CCCC2,-0.008881607365051773
CCCCCCCCCCCCCOC(=O)CCN(CCC(=O)OCCCCCCCCCCCCC)c1ccc2c(c1)Cc1cc(N(CCC(=O)OCCCCCCCCCCCCC)CCC(=O)OCCCCCCCCCCCCC)ccc1-2,0.010587231539542634
CCCCCCCCCCCCCOC(=O)CCN(CCC(=O)OCCCCCCCCCCCCC)c1ccc2c(c1)OCCO2,-0.11023444039168999
CCCCCCCCCCCCCOC(=O)CCN(CCC(=O)OCCCCCCCCCCCCC)c1ccc2c(c1)OCO2,-0.15155472620849034
CCCCCCCCCCCCCOC(=O)CCN(CCC(=O)OCCCCCCCCCCCCC)c1ccc2cc3ccccc3cc2c1,-0.07596880216839201
CCCCCCCCCCCCCOC(=O)CCN(CCC(=O)OCCCCCCCCCCCCC)c1ccc2ccccc2c1-c1c(N(CCC(=O)OCCCCCCCCCCCCC)CCC(=O)OCCCCCCCCCCCCC)ccc2ccccc12,-0.019396333063696237
CCCCCCCCCCCCCOC(=O)CCN(CCC(=O)OCCCCCCCCCCCCC)c1cccc(-c2ccccc2)c1,-0.055400713918673045
CCCCCCCCCCCCCOC(=O)CCN(CCC(=O)OCCCCCCCCCCCCC)c1cccc(C(F)(F)F)c1,0.0731649491600124
CCCCCCCCCCCCCOC(=O)CCN(CCC(=O)OCCCCCCCCCCCCC)c1cccc(C)c1N(CCC(=O)OCCCCCCCCCCCCC)CCC(=O)OCCCCCCCCCCCCC,0.057655038360999306
CCCCCCCCCCCCCOC(=O)CCN(CCC(=O)OCCCCCCCCCCCCC)c1cccc(F)c1,0.026630695886441395
CCCCCCCCCCCCCOC(=O)CCN(CCC(=O)OCCCCCCCCCCCCC)c1cccc(N(CCC(=O)OCCCCCCCCCCCCC)CCC(=O)OCCCCCCCCCCCCC)c1,0.07547305939303185
CCCCCCCCCCCCCOC(=O)CCN(CCC(=O)OCCCCCCCCCCCCC)c1cccc(N(CCC(=O)OCCCCCCCCCCCCC)CCC(=O)OCCCCCCCCCCCCC)c1C,0.04680346277153012
CCCCCCCCCCCCCOC(=O)CCN(CCC(=O)OCCCCCCCCCCCCC)c1cccc(OC(C)C)c1,-0.016485985002460034
CCCCCCCCCCCCCOC(=O)CCN(CCC(=O)OCCCCCCCCCCCCC)c1cccc(OCc2ccccc2)c1,-0.06899851172784818
CCCCCCCCCCCCCOC(=O)CCN(CCC(=O)OCCCCCCCCCCCCC)c1cccc2c1CCC2,0.006580758663401114
CCCCCCCCCCCCCOC(=O)CCN(CCC(=O)OCCCCCCCCCCCCC)c1cccc2cccc(N(CCC(=O)OCCCCCCCCCCCCC)CCC(=O)OCCCCCCCCCCCCC)c12,0.03984328047020842
CCCCCCCCCCCCCOC(=O)CCN(CCC(=O)OCCCCCCCCCCCCC)c1ccccc1C(C)(C)C,-0.0564155455633855
CCCCCCCCCCCCCOC(=O)CCN(CCC(=O)OCCCCCCCCCCCCC)c1ccccc1C(C)C,-0.012364988260688848
CCCCCCCCCCCCCOC(=O)CCN(CCC(=O)OCCCCCCCCCCCCC)c1ccccc1Cc1ccccc1,-0.04735905834748494
CCCCCCCCCCCCCOC(=O)CCN(CCC(=O)OCCCCCCCCCCCCC)c1ccccc1N(CCC(=O)OCCCCCCCCCCCCC)c1ccccc1,-0.0067578918203386055
CCCCCCCCCCCCCOC(=O)CCN(CCC(=O)OCCCCCCCCCCCCC)c1ccccc1OC,-0.01333855376496622
CCCCCCCCCCCCCOC(=O)CCN(CCC(=O)OCCCCCCCCCCCCC)c1ccccc1OCC,0.01088361179403053
CCCCCCCCCCCCCOC(=O)CCN(CCC(=O)OCCCCCCCCCCCCC)c1ccccc1Oc1ccccc1,-0.049400549511556854
CCCCCCCCCCCCCOC(=O)CCN(CCC(=O)OCCCCCCCCCCCCC)c1nc(N(CCC(=O)OCCCCCCCCCCCCC)CCC(=O)OCCCCCCCCCCCCC)nc(N(CCC(=O)OCCCCCCCCCCCCC)CCC(=O)OCCCCCCCCCCCCC)n1,0.2182812107918898
CCCCCCCCCCCCCOC(=O)CCN(CCC)CCC(=O)OCCCCCCCCCCCCC,0.21951921002446564
CCCCCCCCCCCCCOC(=O)CCN(CCC)CCCN(CCC(=O)OCCCCCCCCCCCCC)CCC(=O)OCCCCCCCCCCCCC,0.2834982041159716
CCCCCCCCCCCCCOC(=O)CCN(CCCC)CCC(=O)OCCCCCCCCCCCCC,0.27289228785059927
CCCCCCCCCCCCCOC(=O)CCN(CCCCC)CCC(=O)OCCCCCCCCCCCCC,0.28900321989643685
CCCCCCCCCCCCCOC(=O)CCN(CCCCCC)CCC(=O)OCCCCCCCCCCCCC,0.2957072141877854
CCCCCCCCCCCCCOC(=O)CCN(CCCCCCCCN(CCC(=O)OCCCCCCCCCCCCC)CCC(=O)OCCCCCCCCCCCCC)CCC(=O)OCCCCCCCCCCCCC,0.29343133585189923
CCCCCCCCCCCCCOC(=O)CCN(CCCCCCN(CCC(=O)OCCCCCCCCCCCCC)CCC(=O)OCCCCCCCCCCCCC)CCCCCCN(CCC(=O)OCCCCCCCCCCCCC)CCC(=O)OCCCCCCCCCCCCC,0.295471678022434
CCCCCCCCCCCCCOC(=O)CCN(CCCCN(C)Cc1ccccc1)CCC(=O)OCCCCCCCCCCCCC,0.10095491237633812
CCCCCCCCCCCCCOC(=O)CCN(CCCCN1CCN(C)CC1)CCC(=O)OCCCCCCCCCCCCC,0.2183611296756951
CCCCCCCCCCCCCOC(=O)CCN(CCCCc1ccccc1)CCC(=O)OCCCCCCCCCCCCC,0.123328805429544
CCCCCCCCCCCCCOC(=O)CCN(CCCN(C)C)CCCN(CCC(=O)OCCCCCCCCCCCCC)CCC(=O)OCCCCCCCCCCCCC,0.26399382103998265
CCCCCCCCCCCCCOC(=O)CCN(CCCN(C)CCCN(CCC(=O)OCCCCCCCCCCCCC)CCC(=O)OCCCCCCCCCCCCC)CCC(=O)OCCCCCCCCCCCCC,0.29607143762929616
CCCCCCCCCCCCCOC(=O)CCN(CCCN(CCC(=O)OCCCCCCCCCCCCC)CCC(=O)OCCCCCCCCCCCCC)CCCN(CCC(=O)OCCCCCCCCCCCCC)CCC(=O)OCCCCCCCCCCCCC,0.2962972111044627
CCCCCCCCCCCCCOC(=O)CCN(CCCN(CCC(=O)OCCCCCCCCCCCCC)CCN(CCC(=O)OCCCCCCCCCCCCC)CCC(=O)OCCCCCCCCCCCCC)CCC(=O)OCCCCCCCCCCCCC,0.2997759129492127
CCCCCCCCCCCCCOC(=O)CCN(CCCN(CCC(=O)OCCCCCCCCCCCCC)CCN(CCC(=O)OCCCCCCCCCCCCC)CCC(=O)OCCCCCCCCCCCCC)CCN(CCC(=O)OCCCCCCCCCCCCC)CCC(=O)OCCCCCCCCCCCCC,0.3034538938299199
CCCCCCCCCCCCCOC(=O)CCN(CCCN(CCCN(CCC(=O)OCCCCCCCCCCCCC)CCC(=O)OCCCCCCCCCCCCC)CCC(=O)OCCCCCCCCCCCCC)CCCN(CCC(=O)OCCCCCCCCCCCCC)CCC(=O)OCCCCCCCCCCCCC,0.2975884695668776
CCCCCCCCCCCCCOC(=O)CCN(CCCN1CCN(C(C)C)CC1)CCC(=O)OCCCCCCCCCCCCC,0.17749224061399427
CCCCCCCCCCCCCOC(=O)CCN(CCCN1CCN(CCCN(CCC(=O)OCCCCCCCCCCCCC)CCC(=O)OCCCCCCCCCCCCC)CC1)CCC(=O)OCCCCCCCCCCCCC,0.2922209725423081
CCCCCCCCCCCCCOC(=O)CCN(CCCOC(C)C)CCC(=O)OCCCCCCCCCCCCC,0.177887269097919
CCCCCCCCCCCCCOC(=O)CCN(CCCOCCCCOCCCN(CCC(=O)OCCCCCCCCCCCCC)CCC(=O)OCCCCCCCCCCCCC)CCC(=O)OCCCCCCCCCCCCC,0.18565484089704898
CCCCCCCCCCCCCOC(=O)CCN(CCCOCCOCCOCCCN(CCC(=O)OCCCCCCCCCCCCC)CCC(=O)OCCCCCCCCCCCCC)CCC(=O)OCCCCCCCCCCCCC,0.14043377459000034
CCCCCCCCCCCCCOC(=O)CCN(CCCc1ccccc1)CCC(=O)OCCCCCCCCCCCCC,0.11827236273378633
CCCCCCCCCCCCCOC(=O)CCN(CCN(CCC(=O)OCCCCCCCCCCCCC)C(C)(C)C)C(C)(C)C,-0.007075697424901349
CCCCCCCCCCCCCOC(=O)CCN(CCO)CCC(=O)OCCCCCCCCCCCCC,0.14549353660042086
CCCCCCCCCCCCCOC(=O)CCN(CCOCCN1CCCC1)CCC(=O)OCCCCCCCCCCCCC,0.05548812666709914
CCCCCCCCCCCCCOC(=O)CCN(CCOCCOCCN(CCC(=O)OCCCCCCCCCCCCC)CCC(=O)OCCCCCCCCCCCCC)CCC(=O)OCCCCCCCCCCCCC,0.1301501172178674
CCCCCCCCCCCCCOC(=O)CCN(CCOCCOCCOCCN(CCC(=O)OCCCCCCCCCCCCC)CCC(=O)OCCCCCCCCCCCCC)CCC(=O)OCCCCCCCCCCCCC,0.09234020942058589
CCCCCCCCCCCCCOC(=O)CCN(c1ccccc1)c1ccc(-c2ccc(N(CCC(=O)OCCCCCCCCCCCCC)c3ccccc3)cc2)cc1,-0.09209728452727722
CCCCCCCCCCCCCOC(=O)CCN1C(C)N(CCC(=O)OCCCCCCCCCCCCC)C(C)N(CCC(=O)OCCCCCCCCCCCCC)C1C,0.14612087205217428
CCCCCCCCCCCCCOC(=O)CCN1CCC(N(CCC(=O)OCCCCCCCCCCCCC)CCC(=O)OCCCCCCCCCCCCC)CC1,0.15223144497551916
CCCCCCCCCCCCCOC(=O)CCN1CCCCN(C)CCN(CCC(=O)OCCCCCCCCCCCCC)CCCN(C)CC1,0.07808764300023797
CCCCCCCCCCCCCOC(=O)CCN1CCCN(CCC(=O)OCCCCCCCCCCCCC)CCCN(CCC(=O)OCCCCCCCCCCCCC)CCC1,0.15361058266912084
CCCCCCCCCCCCCOC(=O)CCN1CCCN(CCC(=O)OCCCCCCCCCCCCC)CCCN(CCC(=O)OCCCCCCCCCCCCC)CCN(CCC(=O)OCCCCCCCCCCCCC)CCC1,0.16265208040070683
CCCCCCCCCCCCCOC(=O)CCN1CCCN(CCC(=O)OCCCCCCCCCCCCC)CCN(CCC(=O)OCCCCCCCCCCCCC)CCCN(CCC(=O)OCCCCCCCCCCCCC)CC1,0.17195548858066664
CCCCCCCCCCCCCOC(=O)CCN1CCCN(CCC(=O)OCCCCCCCCCCCCC)CCN(CCC(=O)OCCCCCCCCCCCCC)CCN(CCC(=O)OCCCCCCCCCCCCC)CC1,0.1822751627698199
CCCCCCCCCCCCCOC(=O)CCN1CCN(CCC(=O)OCCCCCCCCCCCCC)C(c2ccccc2)C1,0.08018495422288204
CCCCCCCCCCCCCOC(=O)CCN1CCN(CCC(=O)OCCCCCCCCCCCCC)C2C1N(CCC(=O)OCCCCCCCCCCCCC)CCN2CCC(=O)OCCCCCCCCCCCCC,0.2980789471217632
CCCCCCCCCCCCCOC(=O)CCN1CCN(CCC(=O)OCCCCCCCCCCCCC)CC1,0.1932299975823978
CCCCCCCCCCCCCOC(=O)CCN1CCN(CCC(=O)OCCCCCCCCCCCCC)CCN(CCC(=O)OCCCCCCCCCCCCC)CCN(CCC(=O)OCCCCCCCCCCCCC)CC1,0.19322998256287444
CCCCCCCCCCCCCOC(=O)CCN1CCN(CCC(=O)OCCCCCCCCCCCCC)[C@H](C)C1,0.017013304570614295
CCCCCCCCCCCCCOC(=O)CCN1CCOCCN(CCC(=O)OCCCCCCCCCCCCC)CCN(CCC(=O)OCCCCCCCCCCCCC)CC1,-0.08951930349850251
CCCCCCCCCCCCCOC(=O)CCN1CC[C@@H](N(CCC(=O)OCCCCCCCCCCCCC)CCC(=O)OCCCCCCCCCCCCC)C1,0.23747335299672137
CCCCCCCCCCCCN(CCN(CCC(=O)OCCCCCCCCCC)CCC(=O)OCCCCCCCCCC)CCN(CCC(=O)OCCCCCCCCCC)CCC(=O)OCCCCCCCCCC,0.3064070325132124
CCCCCCCCCCCCN(CCN(CCC(=O)OCCCCCCCCCCC)CCC(=O)OCCCCCCCCCCC)CCN(CCC(=O)OCCCCCCCCCCC)CCC(=O)OCCCCCCCCCCC,0.3053848337922912
CCCCCCCCCCCCOC(=O)CCN(C)CCCCCCN(C)CCC(=O)OCCCCCCCCCCCC,0.25467042187442895
CCCCCCCCCCCCOC(=O)CCN(C)CCCN(CC)CCCN(C)CCC(=O)OCCCCCCCCCCCC,0.2593799436195881
CCCCCCCCCCCCOC(=O)CCN(C)CCN(CCN(C)CCC(=O)OCCCCCCCCCCCC)CCN(C)CCC(=O)OCCCCCCCCCCCC,0.2770447655133357
CCCCCCCCCCCCOC(=O)CCN(C)CCOCCN(C)CCC(=O)OCCCCCCCCCCCC,0.057291430719946385
CCCCCCCCCCCCOC(=O)CCN(C)CCOCCOCCN(C)CCC(=O)OCCCCCCCCCCCC,0.0017358363845002929
CCCCCCCCCCCCOC(=O)CCN(C)c1ccc(Cc2ccc(N(CCC(=O)OCCCCCCCCCCCC)CCC(=O)OCCCCCCCCCCCC)cc2)cc1,-0.04353392368664569
CCCCCCCCCCCCOC(=O)CCN(C)c1ccccc1N(CCC(=O)OCCCCCCCCCCCC)CCC(=O)OCCCCCCCCCCCC,0.015043914628438154
CCCCCCCCCCCCOC(=O)CCN(CC(C)N(CCC(=O)OCCCCCCCCCCCC)CCC(=O)OCCCCCCCCCCCC)CC(C)N(CCC(=O)OCCCCCCCCCCCC)CCC(=O)OCCCCCCCCCCCC,0.23762324783986682
CCCCCCCCCCCCOC(=O)CCN(CC)CCN(CCC(=O)OCCCCCCCCCCCC)CCC(=O)OCCCCCCCCCCCC,0.27878147299959904
CCCCCCCCCCCCOC(=O)CCN(CCC(=O)OCCCCCCCCCCCC)C(=O)C1CCCN1C,0.17328256860629818
CCCCCCCCCCCCOC(=O)CCN(CCC(=O)OCCCCCCCCCCCC)C(C)(C)C,0.04890966555200406
CCCCCCCCCCCCOC(=O)CCN(CCC(=O)OCCCCCCCCCCCC)C(C)(C)CC,0.06512050746724078
CCCCCCCCCCCCOC(=O)CCN(CCC(=O)OCCCCCCCCCCCC)C(C)(C)CC(C)(C)C,-0.013611443484917092
CCCCCCCCCCCCOC(=O)CCN(CCC(=O)OCCCCCCCCCCCC)C(C)C,0.14591915985343246
CCCCCCCCCCCCOC(=O)CCN(CCC(=O)OCCCCCCCCCCCC)C(C)C(C)C,0.09188972885641139
CCCCCCCCCCCCOC(=O)CCN(CCC(=O)OCCCCCCCCCCCC)C(C)CC,0.16759665768646978
CCCCCCCCCCCCOC(=O)CCN(CCC(=O)OCCCCCCCCCCCC)C(C)CCC,0.19383049314590464
CCCCCCCCCCCCOC(=O)CCN(CCC(=O)OCCCCCCCCCCCC)C(C)CO,0.14201582604421276
CCCCCCCCCCCCOC(=O)CCN(CCC(=O)OCCCCCCCCCCCC)C(C)c1ccc(C)cc1,-0.006683072064714451
CCCCCCCCCCCCOC(=O)CCN(CCC(=O)OCCCCCCCCCCCC)C(CC)CC,0.17575218377402133
CCCCCCCCCCCCOC(=O)CCN(CCC(=O)OCCCCCCCCCCCC)C(CO)(CO)CO,-0.10611824238763272
CCCCCCCCCCCCOC(=O)CCN(CCC(=O)OCCCCCCCCCCCC)C(CO)C(C)(C)C,0.003432787192426401
CCCCCCCCCCCCOC(=O)CCN(CCC(=O)OCCCCCCCCCCCC)C(c1ccccc1)(c1ccccc1)c1ccccc1,0.01840477329289558
CCCCCCCCCCCCOC(=O)CCN(CCC(=O)OCCCCCCCCCCCC)C(c1ccccc1)c1ccccc1,0.006420703112701766
CCCCCCCCCCCCOC(=O)CCN(CCC(=O)OCCCCCCCCCCCC)C12C[C@H]3C[C@@H](C1)C[C@@H](C2)C3,-0.010339304675594569
CCCCCCCCCCCCOC(=O)CCN(CCC(=O)OCCCCCCCCCCCC)C1CC1,0.14880604741917836
CCCCCCCCCCCCOC(=O)CCN(CCC(=O)OCCCCCCCCCCCC)C1CC2CCC1C2,-0.02044478591145289
CCCCCCCCCCCCOC(=O)CCN(CCC(=O)OCCCCCCCCCCCC)C1CCC(CC2CCC(N(CCC(=O)OCCCCCCCCCCCC)CCC(=O)OCCCCCCCCCCCC)C(C)C2)CC1C,0.04628375722418354
CCCCCCCCCCCCOC(=O)CCN(CCC(=O)OCCCCCCCCCCCC)C1CCC1,0.15788377224111175
CCCCCCCCCCCCOC(=O)CCN(CCC(=O)OCCCCCCCCCCCC)C1CCCC(N(CCC(=O)OCCCCCCCCCCCC)CCC(=O)OCCCCCCCCCCCC)C1,0.1812788426876502
CCCCCCCCCCCCOC(=O)CCN(CCC(=O)OCCCCCCCCCCCC)C1CCCCC1,0.15268960051613126
CCCCCCCCCCCCOC(=O)CCN(CCC(=O)OCCCCCCCCCCCC)C1CCCCCCC1,0.14275203802081202
CCCCCCCCCCCCOC(=O)CCN(CCC(=O)OCCCCCCCCCCCC)C1CCN(C)CC1,0.08341110278231224
CCCCCCCCCCCCOC(=O)CCN(CCC(=O)OCCCCCCCCCCCC)C1CCc2ccccc21,0.04920583553316489
CCCCCCCCCCCCOC(=O)CCN(CCC(=O)OCCCCCCCCCCCC)C1Cc2ccccc2C1,0.05803232878783435
CCCCCCCCCCCCOC(=O)CCN(CCC(=O)OCCCCCCCCCCCC)CC(=O)N(C)c1ccccc1,0.034986597435155614
CCCCCCCCCCCCOC(=O)CCN(CCC(=O)OCCCCCCCCCCCC)CC(C)(C)CN(C)C,0.0634343256575647
CCCCCCCCCCCCOC(=O)CCN(CCC(=O)OCCCCCCCCCCCC)CC(C)C,0.18345895654258493
CCCCCCCCCCCCOC(=O)CCN(CCC(=O)OCCCCCCCCCCCC)CC(C)CC,0.20376442091657046
CCCCCCCCCCCCOC(=O)CCN(CCC(=O)OCCCCCCCCCCCC)CC(C)N(CCC(=O)OCCCCCCCCCCCC)CCC(=O)OCCCCCCCCCCCC,0.2453991554744623
CCCCCCCCCCCCOC(=O)CCN(CCC(=O)OCCCCCCCCCCCC)CC(CC)CCCC,0.2516139188313643
CCCCCCCCCCCCOC(=O)CCN(CCC(=O)OCCCCCCCCCCCC)CC1(C)CC(N(CCC(=O)OCCCCCCCCCCCC)CCC(=O)OCCCCCCCCCCCC)CC(C)(C)C1,0.07867176728328103
CCCCCCCCCCCCOC(=O)CCN(CCC(=O)OCCCCCCCCCCCC)CC12C[C@H]3C[C@@H](C1)C[C@@H](C2)C3,-0.031733054142650936
CCCCCCCCCCCCOC(=O)CCN(CCC(=O)OCCCCCCCCCCCC)CC1CCC(CN(CCC(=O)OCCCCCCCCCCCC)CCC(=O)OCCCCCCCCCCCC)CC1,0.12268391215498123
CCCCCCCCCCCCOC(=O)CCN(CCC(=O)OCCCCCCCCCCCC)CC1CCCC(CN(CCC(=O)OCCCCCCCCCCCC)CCC(=O)OCCCCCCCCCCCC)C1,0.17001915660940864
CCCCCCCCCCCCOC(=O)CCN(CCC(=O)OCCCCCCCCCCCC)CC1CCCCC1,0.14408733372572216
CCCCCCCCCCCCOC(=O)CCN(CCC(=O)OCCCCCCCCCCCC)CC1CCCN1C,0.15329090713389962
CCCCCCCCCCCCOC(=O)CCN(CCC(=O)OCCCCCCCCCCCC)CC1CCCN1CCC(=O)OCCCCCCCCCCCC,0.2113548073986076
CCCCCCCCCCCCOC(=O)CCN(CCC(=O)OCCCCCCCCCCCC)CC1CCN(C)CC1,0.07627798568900891
CCCCCCCCCCCCOC(=O)CCN(CCC(=O)OCCCCCCCCCCCC)CCC(=O)N1CCN(CCC(=O)OCCCCCCCCCCCC)CC1,0.20745431227930317
CCCCCCCCCCCCOC(=O)CCN(CCC(=O)OCCCCCCCCCCCC)CCC(C)(C)C,0.15392036033844697
CCCCCCCCCCCCOC(=O)CCN(CCC(=O)OCCCCCCCCCCCC)CCC(C)C,0.2365904903940227
CCCCCCCCCCCCOC(=O)CCN(CCC(=O)OCCCCCCCCCCCC)CCC(c1ccccc1)c1ccccc1,0.00395527135159482
CCCCCCCCCCCCOC(=O)CCN(CCC(=O)OCCCCCCCCCCCC)CCC1CCC(C)CC1,0.08537164622522861
CCCCCCCCCCCCOC(=O)CCN(CCC(=O)OCCCCCCCCCCCC)CCC1CCC(CC)CC1,0.08229985330738214
CCCCCCCCCCCCOC(=O)CCN(CCC(=O)OCCCCCCCCCCCC)CCN(C(C)C)C(C)C,0.13417671625531302
CCCCCCCCCCCCOC(=O)CCN(CCC(=O)OCCCCCCCCCCCC)CCN(C)C,0.22757984276342072
CCCCCCCCCCCCOC(=O)CCN(CCC(=O)OCCCCCCCCCCCC)CCN(C)CCCN(C)CCN(CCC(=O)OCCCCCCCCCCCC)CCC(=O)OCCCCCCCCCCCC,0.29844836731835694
CCCCCCCCCCCCOC(=O)CCN(CCC(=O)OCCCCCCCCCCCC)CCN(C)CCN(C)CCN(CCC(=O)OCCCCCCCCCCCC)CCC(=O)OCCCCCCCCCCCC,0.3001885292949934
CCCCCCCCCCCCOC(=O)CCN(CCC(=O)OCCCCCCCCCCCC)CCN(C)CCN(CCC(=O)OCCCCCCCCCCCC)CCC(=O)OCCCCCCCCCCCC,0.29869243457297756
CCCCCCCCCCCCOC(=O)CCN(CCC(=O)OCCCCCCCCCCCC)CCN(CC)CCN(CC)CCN(CCC(=O)OCCCCCCCCCCCC)CCC(=O)OCCCCCCCCCCCC,0.2911236161264872
CCCCCCCCCCCCOC(=O)CCN(CCC(=O)OCCCCCCCCCCCC)CCN(CCC(=O)OCCCCCCCCCCCC)C(C)C,0.22530792958170193
CCCCCCCCCCCCOC(=O)CCN(CCC(=O)OCCCCCCCCCCCC)CCN(CCC(=O)OCCCCCCCCCCCC)CCN(CC)CC,0.2811707787759095
CCCCCCCCCCCCOC(=O)CCN(CCC(=O)OCCCCCCCCCCCC)CCN(CCC(=O)OCCCCCCCCCCCC)CCN(CCC(=O)OCCCCCCCCCCCC)CCC(=O)OCCCCCCCCCCCC,0.30400264713544717
CCCCCCCCCCCCOC(=O)CCN(CCC(=O)OCCCCCCCCCCCC)CCN(CCC(=O)OCCCCCCCCCCCC)CCN(CCC(=O)OCCCCCCCCCCCC)CCN(CCC(=O)OCCCCCCCCCCCC)CCN(CCC(=O)OCCCCCCCCCCCC)CCC(=O)OCCCCCCCCCCCC,0.3058123194661996
CCCCCCCCCCCCOC(=O)CCN(CCC(=O)OCCCCCCCCCCCC)CCN(CCC(=O)OCCCCCCCCCCCC)CCN(CCC(=O)OCCCCCCCCCCCC)CCN(CCC(=O)OCCCCCCCCCCCC)CCN(CCC(=O)OCCCCCCCCCCCC)CCN(CCC(=O)OCCCCCCCCCCCC)CCC(=O)OCCCCCCCCCCCC,0.30635999136604486
CCCCCCCCCCCCOC(=O)CCN(CCC(=O)OCCCCCCCCCCCC)CCN(CCC(=O)OCCCCCCCCCCCC)CCN1CCN(CCN(CCC(=O)OCCCCCCCCCCCC)CCC(=O)OCCCCCCCCCCCC)CC1,0.2975711670759655
CCCCCCCCCCCCOC(=O)CCN(CCC(=O)OCCCCCCCCCCCC)CCN(CCC(=O)OCCCCCCCCCCCC)Cc1ccccc1,0.1518888196086019
CCCCCCCCCCCCOC(=O)CCN(CCC(=O)OCCCCCCCCCCCC)CCN(CCC(=O)OCCCCCCCCCCCC)c1ccccc1,0.11679705503210246
CCCCCCCCCCCCOC(=O)CCN(CCC(=O)OCCCCCCCCCCCC)CCN(CCCCCCCCCCCC)CCN(CCC(=O)OCCCCCCCCCCCC)CCC(=O)OCCCCCCCCCCCC,0.30439129232194334
CCCCCCCCCCCCOC(=O)CCN(CCC(=O)OCCCCCCCCCCCC)CCN(CCN(CCC(=O)OCCCCCCCCCCCC)CCC(=O)OCCCCCCCCCCCC)CCN(CCC(=O)OCCCCCCCCCCCC)CCC(=O)OCCCCCCCCCCCC,0.30454647403731194
CCCCCCCCCCCCOC(=O)CCN(CCC(=O)OCCCCCCCCCCCC)CCN1CCN(CCC(=O)OCCCCCCCCCCCC)CC1,0.25408985721842253
CCCCCCCCCCCCOC(=O)CCN(CCC(=O)OCCCCCCCCCCCC)CCN1CCN(CCN(CCC(=O)OCCCCCCCCCCCC)CCC(=O)OCCCCCCCCCCCC)CC1,0.28964914951811155
CCCCCCCCCCCCOC(=O)CCN(CCC(=O)OCCCCCCCCCCCC)CC[C@H](C)O,0.062251853602855456
CCCCCCCCCCCCOC(=O)CCN(CCC(=O)OCCCCCCCCCCCC)CCc1ccc(OC)cc1,0.03429955937804115
CCCCCCCCCCCCOC(=O)CCN(CCC(=O)OCCCCCCCCCCCC)CCc1ccccc1F,0.11951827725517357
CCCCCCCCCCCCOC(=O)CCN(CCC(=O)OCCCCCCCCCCCC)CN(CC)CCC,0.19031322116516297
CCCCCCCCCCCCOC(=O)CCN(CCC(=O)OCCCCCCCCCCCC)C[C@@H](C)O,0.150100204649602
CCCCCCCCCCCCOC(=O)CCN(CCC(=O)OCCCCCCCCCCCC)C[C@@H]1CCCN1CC,0.039846134179647066
CCCCCCCCCCCCOC(=O)CCN(CCC(=O)OCCCCCCCCCCCC)C[C@H]1CCCN1CC,0.20389850020161648
CCCCCCCCCCCCOC(=O)CCN(CCC(=O)OCCCCCCCCCCCC)Cc1cc(C)c(OC)c(OC)c1,-0.0700474827491608
CCCCCCCCCCCCOC(=O)CCN(CCC(=O)OCCCCCCCCCCCC)Cc1cc(F)ccc1F,0.08582023432945958
CCCCCCCCCCCCOC(=O)CCN(CCC(=O)OCCCCCCCCCCCC)Cc1cccc(CN(CCC(=O)OCCCCCCCCCCCC)CCC(=O)OCCCCCCCCCCCC)c1,0.12271709028208627
CCCCCCCCCCCCOC(=O)CCN(CCC(=O)OCCCCCCCCCCCC)Cc1cccc(F)c1,0.06461209660146187
CCCCCCCCCCCCOC(=O)CCN(CCC(=O)OCCCCCCCCCCCC)Cc1cccc(N(CCC(=O)OCCCCCCCCCCCC)CCC(=O)OCCCCCCCCCCCC)c1,0.09504073474046519
CCCCCCCCCCCCOC(=O)CCN(CCC(=O)OCCCCCCCCCCCC)Cc1ccccc1F,0.09243824184956488
CCCCCCCCCCCCOC(=O)CCN(CCC(=O)OCCCCCCCCCCCC)Cc1ccccc1N(CCC(=O)OCCCCCCCCCCCC)CCC(=O)OCCCCCCCCCCCC,0.11434746088901986
CCCCCCCCCCCCOC(=O)CCN(CCC(=O)OCCCCCCCCCCCC)Cc1ccccc1OC,0.028701722943203233
CCCCCCCCCCCCOC(=O)CCN(CCC(=O)OCCCCCCCCCCCC)Cc1ccccc1OCC,0.05352049400915626
CCCCCCCCCCCCOC(=O)CCN(CCC(=O)OCCCCCCCCCCCC)Cc1nccn1C,0.010053805657605532
CCCCCCCCCCCCOC(=O)CCN(CCC(=O)OCCCCCCCCCCCC)[C@@H](CO)CC(C)C,0.22249535861754757
CCCCCCCCCCCCOC(=O)CCN(CCC(=O)OCCCCCCCCCCCC)[C@H]1CCCC[C@H]1N(CCC(=O)OCCCCCCCCCCCC)CCC(=O)OCCCCCCCCCCCC,0.263417281616237
CCCCCCCCCCCCOC(=O)CCN(CCC(=O)OCCCCCCCCCCCC)[C@@H]1CCCC[C@H]1N(CCC(=O)OCCCCCCCCCCCC)CCC(=O)OCCCCCCCCCCCC,0.17079305257012134
CCCCCCCCCCCCOC(=O)CCN(CCC(=O)OCCCCCCCCCCCC)[C@@H](c1ccccc1)[C@@H](c1ccccc1)N(CCC(=O)OCCCCCCCCCCCC)CCC(=O)OCCCCCCCCCCCC,0.1339514985025108
CCCCCCCCCCCCOC(=O)CCN(CCC(=O)OCCCCCCCCCCCC)[C@H]1CC[C@H](N(CCC(=O)OCCCCCCCCCCCC)CCC(=O)OCCCCCCCCCCCC)CC1,0.04220212665314223
CCCCCCCCCCCCOC(=O)CCN(CCC(=O)OCCCCCCCCCCCC)c1c(-c2ccccc2)cc(-c2ccccc2)cc1-c1ccccc1,-0.14082488385586422
CCCCCCCCCCCCOC(=O)CCN(CCC(=O)OCCCCCCCCCCCC)c1c(C)c(C)c(N(CCC(=O)OCCCCCCCCCCCC)CCC(=O)OCCCCCCCCCCCC)c(C)c1C,-0.0664389746737611
CCCCCCCCCCCCOC(=O)CCN(CCC(=O)OCCCCCCCCCCCC)c1c(C)cc(-c2cc(C)c(N(CCC(=O)OCCCCCCCCCCCC)CCC(=O)OCCCCCCCCCCCC)c(C)c2)cc1C,-0.06539471227302225
CCCCCCCCCCCCOC(=O)CCN(CCC(=O)OCCCCCCCCCCCC)c1c(CC)cccc1CC,-0.01643307873141997
CCCCCCCCCCCCOC(=O)CCN(CCC(=O)OCCCCCCCCCCCC)c1c(F)cc(F)cc1F,0.051859890447764415
CCCCCCCCCCCCOC(=O)CCN(CCC(=O)OCCCCCCCCCCCC)c1c(N(CCC(=O)OCCCCCCCCCCCC)CCC(=O)OCCCCCCCCCCCC)c2ccccc2c2ccccc12,0.01608803434370508
CCCCCCCCCCCCOC(=O)CCN(CCC(=O)OCCCCCCCCCCCC)c1cc(C(C)(C)C)ccc1C(C)(C)C,-0.12194626669143746
CCCCCCCCCCCCOC(=O)CCN(CCC(=O)OCCCCCCCCCCCC)c1cc(C(C)(C)C)ccc1OC,-0.09394314639956862
CCCCCCCCCCCCOC(=O)CCN(CCC(=O)OCCCCCCCCCCCC)c1cc(C)c(C)cc1N(CCC(=O)OCCCCCCCCCCCC)CCC(=O)OCCCCCCCCCCCC,-0.007816047280186637
CCCCCCCCCCCCOC(=O)CCN(CCC(=O)OCCCCCCCCCCCC)c1cc(F)c(F)c(F)c1,0.03977096146522392
CCCCCCCCCCCCOC(=O)CCN(CCC(=O)OCCCCCCCCCCCC)c1cc(F)cc(F)c1,0.0024586734755463425
CCCCCCCCCCCCOC(=O)CCN(CCC(=O)OCCCCCCCCCCCC)c1cc(F)ccc1F,0.026316277184396615
CCCCCCCCCCCCOC(=O)CCN(CCC(=O)OCCCCCCCCCCCC)c1cc(OC)ccc1OC,-0.06989646895152493
CCCCCCCCCCCCOC(=O)CCN(CCC(=O)OCCCCCCCCCCCC)c1ccc(-c2ccc(N(CCC(=O)OCCCCCCCCCCCC)CCC(=O)OCCCCCCCCCCCC)c(C)c2)cc1C,-0.03619021034653233
CCCCCCCCCCCCOC(=O)CCN(CCC(=O)OCCCCCCCCCCCC)c1ccc(-c2ccc(N(CCC(=O)OCCCCCCCCCCCC)CCC(=O)OCCCCCCCCCCCC)c(N(CCC(=O)OCCCCCCCCCCCC)CCC(=O)OCCCCCCCCCCCC)c2)cc1N(CCC(=O)OCCCCCCCCCCCC)CCC(=O)OCCCCCCCCCCCC,0.045241507439575085
CCCCCCCCCCCCOC(=O)CCN(CCC(=O)OCCCCCCCCCCCC)c1ccc(-c2ccccc2)cc1,-0.05103239068571186
CCCCCCCCCCCCOC(=O)CCN(CCC(=O)OCCCCCCCCCCCC)c1ccc(C(C)(C)C)cc1,-0.061071447610144866
CCCCCCCCCCCCOC(=O)CCN(CCC(=O)OCCCCCCCCCCCC)c1ccc(C(C)C)cc1,-0.025094207033881873
CCCCCCCCCCCCOC(=O)CCN(CCC(=O)OCCCCCCCCCCCC)c1ccc(C)c(F)c1,-0.010609603527765622
CCCCCCCCCCCCOC(=O)CCN(CCC(=O)OCCCCCCCCCCCC)c1ccc(C)c(N(CCC(=O)OCCCCCCCCCCCC)CCC(=O)OCCCCCCCCCCCC)c1,0.038444106732442807
CCCCCCCCCCCCOC(=O)CCN(CCC(=O)OCCCCCCCCCCCC)c1ccc(C)cc1N(CCC(=O)OCCCCCCCCCCCC)CCC(=O)OCCCCCCCCCCCC,0.04074888263127606
CCCCCCCCCCCCOC(=O)CCN(CCC(=O)OCCCCCCCCCCCC)c1ccc(C2(c3ccc(N(CCC(=O)OCCCCCCCCCCCC)CCC(=O)OCCCCCCCCCCCC)cc3)c3ccccc3-c3ccccc32)cc1,0.049861280022888935
CCCCCCCCCCCCOC(=O)CCN(CCC(=O)OCCCCCCCCCCCC)c1ccc(Cc2ccc(N(CCC(=O)OCCCCCCCCCCCC)CCC(=O)OCCCCCCCCCCCC)cc2)cc1,0.006951125089966615
CCCCCCCCCCCCOC(=O)CCN(CCC(=O)OCCCCCCCCCCCC)c1ccc(F)c(F)c1,0.03746827328013788
CCCCCCCCCCCCOC(=O)CCN(CCC(=O)OCCCCCCCCCCCC)c1ccc(F)cc1,0.028241975333114833
CCCCCCCCCCCCOC(=O)CCN(CCC(=O)OCCCCCCCCCCCC)c1ccc(F)cc1C(F)(F)F,0.10146517064349048
CCCCCCCCCCCCOC(=O)CCN(CCC(=O)OCCCCCCCCCCCC)c1ccc(N(CCC(=O)OCCCCCCCCCCCC)CCC(=O)OCCCCCCCCCCCC)cc1,0.08268204009883295
CCCCCCCCCCCCOC(=O)CCN(CCC(=O)OCCCCCCCCCCCC)c1ccc(N(CCC(=O)OCCCCCCCCCCCC)c2ccccc2)cc1,-0.00699182840645203
CCCCCCCCCCCCOC(=O)CCN(CCC(=O)OCCCCCCCCCCCC)c1ccc(OC(F)(F)F)cc1,0.029897307041806865
CCCCCCCCCCCCOC(=O)CCN(CCC(=O)OCCCCCCCCCCCC)c1ccc(OC(F)F)cc1,0.02148544274904856
CCCCCCCCCCCCOC(=O)CCN(CCC(=O)OCCCCCCCCCCCC)c1ccc(OC)c(F)c1,-0.015085384409975098
CCCCCCCCCCCCOC(=O)CCN(CCC(=O)OCCCCCCCCCCCC)c1ccc(OCCCCCCCC)cc1,0.047766875078015275
CCCCCCCCCCCCOC(=O)CCN(CCC(=O)OCCCCCCCCCCCC)c1ccc(Oc2ccc(F)cc2)cc1,-0.05233269090119025
CCCCCCCCCCCCOC(=O)CCN(CCC(=O)OCCCCCCCCCCCC)c1ccc(Oc2ccc(N(CCC(=O)OCCCCCCCCCCCC)CCC(=O)OCCCCCCCCCCCC)cc2)cc1,0.008030976251309998
CCCCCCCCCCCCOC(=O)CCN(CCC(=O)OCCCCCCCCCCCC)c1ccc(Oc2ccccc2)cc1,-0.0538500833073324
CCCCCCCCCCCCOC(=O)CCN(CCC(=O)OCCCCCCCCCCCC)c1ccc2c(c1)CCCC2,-0.01572721370177215
CCCCCCCCCCCCOC(=O)CCN(CCC(=O)OCCCCCCCCCCCC)c1ccc2c(c1)Cc1cc(N(CCC(=O)OCCCCCCCCCCCC)CCC(=O)OCCCCCCCCCCCC)ccc1-2,0.0034360914875658797
CCCCCCCCCCCCOC(=O)CCN(CCC(=O)OCCCCCCCCCCCC)c1ccc2c(c1)OCCO2,-0.11698646711874787
CCCCCCCCCCCCOC(=O)CCN(CCC(=O)OCCCCCCCCCCCC)c1ccc2c(c1)OCO2,-0.16231565897447428
CCCCCCCCCCCCOC(=O)CCN(CCC(=O)OCCCCCCCCCCCC)c1ccc2cc3ccccc3cc2c1,-0.08035343660372353
CCCCCCCCCCCCOC(=O)CCN(CCC(=O)OCCCCCCCCCCCC)c1ccc2ccccc2c1-c1c(N(CCC(=O)OCCCCCCCCCCCC)CCC(=O)OCCCCCCCCCCCC)ccc2ccccc12,-0.024205689580637683
CCCCCCCCCCCCOC(=O)CCN(CCC(=O)OCCCCCCCCCCCC)c1cccc(-c2ccccc2)c1,-0.060841626373432434
CCCCCCCCCCCCOC(=O)CCN(CCC(=O)OCCCCCCCCCCCC)c1cccc(C(F)(F)F)c1,0.06662388665808687
CCCCCCCCCCCCOC(=O)CCN(CCC(=O)OCCCCCCCCCCCC)c1cccc(C)c1N(CCC(=O)OCCCCCCCCCCCC)CCC(=O)OCCCCCCCCCCCC,0.0496794611828391
CCCCCCCCCCCCOC(=O)CCN(CCC(=O)OCCCCCCCCCCCC)c1cccc(F)c1,0.018344620101833704
CCCCCCCCCCCCOC(=O)CCN(CCC(=O)OCCCCCCCCCCCC)c1cccc(N(CCC(=O)OCCCCCCCCCCCC)CCC(=O)OCCCCCCCCCCCC)c1,0.06784374230644231
CCCCCCCCCCCCOC(=O)CCN(CCC(=O)OCCCCCCCCCCCC)c1cccc(N(CCC(=O)OCCCCCCCCCCCC)CCC(=O)OCCCCCCCCCCCC)c1C,0.03855456030724157
CCCCCCCCCCCCOC(=O)CCN(CCC(=O)OCCCCCCCCCCCC)c1cccc(OC(C)C)c1,-0.023862012847085154
CCCCCCCCCCCCOC(=O)CCN(CCC(=O)OCCCCCCCCCCCC)c1cccc(OCc2ccccc2)c1,-0.0746673079008064
CCCCCCCCCCCCOC(=O)CCN(CCC(=O)OCCCCCCCCCCCC)c1cccc2c1CCC2,-0.0004320816174650864
CCCCCCCCCCCCOC(=O)CCN(CCC(=O)OCCCCCCCCCCCC)c1cccc2cccc(N(CCC(=O)OCCCCCCCCCCCC)CCC(=O)OCCCCCCCCCCCC)c12,0.031666907284231424
CCCCCCCCCCCCOC(=O)CCN(CCC(=O)OCCCCCCCCCCCC)c1ccccc1C(C)(C)C,-0.06099390932079232
CCCCCCCCCCCCOC(=O)CCN(CCC(=O)OCCCCCCCCCCCC)c1ccccc1C(C)C,-0.019961615354682587
CCCCCCCCCCCCOC(=O)CCN(CCC(=O)OCCCCCCCCCCCC)c1ccccc1Cc1ccccc1,-0.051952494196584806
CCCCCCCCCCCCOC(=O)CCN(CCC(=O)OCCCCCCCCCCCC)c1ccccc1N(CCC(=O)OCCCCCCCCCCCC)c1ccccc1,-0.013251402980662463
CCCCCCCCCCCCOC(=O)CCN(CCC(=O)OCCCCCCCCCCCC)c1ccccc1OC,-0.020654691260188287
CCCCCCCCCCCCOC(=O)CCN(CCC(=O)OCCCCCCCCCCCC)c1ccccc1OCC,0.0031189242127459896
CCCCCCCCCCCCOC(=O)CCN(CCC(=O)OCCCCCCCCCCCC)c1ccccc1Oc1ccccc1,-0.053641612323078014
CCCCCCCCCCCCOC(=O)CCN(CCC(=O)OCCCCCCCCCCCC)c1nc(N(CCC(=O)OCCCCCCCCCCCC)CCC(=O)OCCCCCCCCCCCC)nc(N(CCC(=O)OCCCCCCCCCCCC)CCC(=O)OCCCCCCCCCCCC)n1,0.21509876904544087
CCCCCCCCCCCCOC(=O)CCN(CCC)CCC(=O)OCCCCCCCCCCCC,0.21626485480016297
CCCCCCCCCCCCOC(=O)CCN(CCC)CCCN(CCC(=O)OCCCCCCCCCCCC)CCC(=O)OCCCCCCCCCCCC,0.2836862785875014
CCCCCCCCCCCCOC(=O)CCN(CCCC)CCC(=O)OCCCCCCCCCCCC,0.2725077279744574
CCCCCCCCCCCCOC(=O)CCN(CCCCC)CCC(=O)OCCCCCCCCCCCC,0.2895080260766091
CCCCCCCCCCCCOC(=O)CCN(CCCCCC)CCC(=O)OCCCCCCCCCCCC,0.29652664934332945
CCCCCCCCCCCCOC(=O)CCN(CCCCCCCCN(CCC(=O)OCCCCCCCCCCCC)CCC(=O)OCCCCCCCCCCCC)CCC(=O)OCCCCCCCCCCCC,0.2941662711690128
CCCCCCCCCCCCOC(=O)CCN(CCCCCCN(CCC(=O)OCCCCCCCCCCCC)CCC(=O)OCCCCCCCCCCCC)CCCCCCN(CCC(=O)OCCCCCCCCCCCC)CCC(=O)OCCCCCCCCCCCC,0.2961583706305112
CCCCCCCCCCCCOC(=O)CCN(CCCCN(C)Cc1ccccc1)CCC(=O)OCCCCCCCCCCCC,0.09594810920528946
CCCCCCCCCCCCOC(=O)CCN(CCCCN1CCN(C)CC1)CCC(=O)OCCCCCCCCCCCC,0.21593062534680468
CCCCCCCCCCCCOC(=O)CCN(CCCCc1ccccc1)CCC(=O)OCCCCCCCCCCCC,0.11686785706522747
CCCCCCCCCCCCOC(=O)CCN(CCCN(C)C)CCCN(CCC(=O)OCCCCCCCCCCCC)CCC(=O)OCCCCCCCCCCCC,0.26316594491230955
CCCCCCCCCCCCOC(=O)CCN(CCCN(C)CCCN(CCC(=O)OCCCCCCCCCCCC)CCC(=O)OCCCCCCCCCCCC)CCC(=O)OCCCCCCCCCCCC,0.296951521620173
CCCCCCCCCCCCOC(=O)CCN(CCCN(CCC(=O)OCCCCCCCCCCCC)CCC(=O)OCCCCCCCCCCCC)CCCN(CCC(=O)OCCCCCCCCCCCC)CCC(=O)OCCCCCCCCCCCC,0.29720655312684735
CCCCCCCCCCCCOC(=O)CCN(CCCN(CCC(=O)OCCCCCCCCCCCC)CCN(CCC(=O)OCCCCCCCCCCCC)CCC(=O)OCCCCCCCCCCCC)CCC(=O)OCCCCCCCCCCCC,0.3007142126126378
CCCCCCCCCCCCOC(=O)CCN(CCCN(CCC(=O)OCCCCCCCCCCCC)CCN(CCC(=O)OCCCCCCCCCCCC)CCC(=O)OCCCCCCCCCCCC)CCN(CCC(=O)OCCCCCCCCCCCC)CCC(=O)OCCCCCCCCCCCC,0.30445022893161294
CCCCCCCCCCCCOC(=O)CCN(CCCN(CCCN(CCC(=O)OCCCCCCCCCCCC)CCC(=O)OCCCCCCCCCCCC)CCC(=O)OCCCCCCCCCCCC)CCCN(CCC(=O)OCCCCCCCCCCCC)CCC(=O)OCCCCCCCCCCCC,0.2984880789381241
CCCCCCCCCCCCOC(=O)CCN(CCCN1CCN(C(C)C)CC1)CCC(=O)OCCCCCCCCCCCC,0.17490006613564318
CCCCCCCCCCCCOC(=O)CCN(CCCN1CCN(CCCN(CCC(=O)OCCCCCCCCCCCC)CCC(=O)OCCCCCCCCCCCC)CC1)CCC(=O)OCCCCCCCCCCCC,0.2928560881071627
CCCCCCCCCCCCOC(=O)CCN(CCCOC(C)C)CCC(=O)OCCCCCCCCCCCC,0.17490020131135342
CCCCCCCCCCCCOC(=O)CCN(CCCOCCCCOCCCN(CCC(=O)OCCCCCCCCCCCC)CCC(=O)OCCCCCCCCCCCC)CCC(=O)OCCCCCCCCCCCC,0.18307526779879799
CCCCCCCCCCCCOC(=O)CCN(CCCOCCOCCOCCCN(CCC(=O)OCCCCCCCCCCCC)CCC(=O)OCCCCCCCCCCCC)CCC(=O)OCCCCCCCCCCCC,0.13584891488873976
CCCCCCCCCCCCOC(=O)CCN(CCCc1ccccc1)CCC(=O)OCCCCCCCCCCCC,0.11162993346869561
CCCCCCCCCCCCOC(=O)CCN(CCN(CCC(=O)OCCCCCCCCCCCC)C(C)(C)C)C(C)(C)C,-0.012294929693970214
CCCCCCCCCCCCOC(=O)CCN(CCO)CCC(=O)OCCCCCCCCCCCC,0.1405799445913522
CCCCCCCCCCCCOC(=O)CCN(CCOCCN1CCCC1)CCC(=O)OCCCCCCCCCCCC,0.048852576343707876
CCCCCCCCCCCCOC(=O)CCN(CCOCCOCCN(CCC(=O)OCCCCCCCCCCCC)CCC(=O)OCCCCCCCCCCCC)CCC(=O)OCCCCCCCCCCCC,0.1248669998755415
CCCCCCCCCCCCOC(=O)CCN(CCOCCOCCOCCN(CCC(=O)OCCCCCCCCCCCC)CCC(=O)OCCCCCCCCCCCC)CCC(=O)OCCCCCCCCCCCC,0.0858284500087382
CCCCCCCCCCCCOC(=O)CCN(c1ccccc1)c1ccc(-c2ccc(N(CCC(=O)OCCCCCCCCCCCC)c3ccccc3)cc2)cc1,-0.09735629553460831
CCCCCCCCCCCCOC(=O)CCN1C(C)N(CCC(=O)OCCCCCCCCCCCC)C(C)N(CCC(=O)OCCCCCCCCCCCC)C1C,0.14150055125625774
CCCCCCCCCCCCOC(=O)CCN1CCC(N(CCC(=O)OCCCCCCCCCCCC)CCC(=O)OCCCCCCCCCCCC)CC1,0.14795918661397664
CCCCCCCCCCCCOC(=O)CCN1CCCCN(C)CCN(CCC(=O)OCCCCCCCCCCCC)CCCN(C)CC1,0.07296636102212972
CCCCCCCCCCCCOC(=O)CCN1CCCN(CCC(=O)OCCCCCCCCCCCC)CCCN(CCC(=O)OCCCCCCCCCCCC)CCC1,0.1501316104729504
CCCCCCCCCCCCOC(=O)CCN1CCCN(CCC(=O)OCCCCCCCCCCCC)CCCN(CCC(=O)OCCCCCCCCCCCC)CCN(CCC(=O)OCCCCCCCCCCCC)CCC1,0.15936651460685944
CCCCCCCCCCCCOC(=O)CCN1CCCN(CCC(=O)OCCCCCCCCCCCC)CCN(CCC(=O)OCCCCCCCCCCCC)CCCN(CCC(=O)OCCCCCCCCCCCC)CC1,0.1690482195217195
CCCCCCCCCCCCOC(=O)CCN1CCCN(CCC(=O)OCCCCCCCCCCCC)CCN(CCC(=O)OCCCCCCCCCCCC)CCN(CCC(=O)OCCCCCCCCCCCC)CC1,0.17879760240884543
CCCCCCCCCCCCOC(=O)CCN1CCN(CCC(=O)OCCCCCCCCCCCC)C(c2ccccc2)C1,0.0741876735642512
CCCCCCCCCCCCOC(=O)CCN1CCN(CCC(=O)OCCCCCCCCCCCC)C2C1N(CCC(=O)OCCCCCCCCCCCC)CCN2CCC(=O)OCCCCCCCCCCCC,0.2989186886728917
CCCCCCCCCCCCOC(=O)CCN1CCN(CCC(=O)OCCCCCCCCCCCC)CC1,0.18930347362910832
CCCCCCCCCCCCOC(=O)CCN1CCN(CCC(=O)OCCCCCCCCCCCC)CCN(CCC(=O)OCCCCCCCCCCCC)CCN(CCC(=O)OCCCCCCCCCCCC)CC1,0.18930341355101485
CCCCCCCCCCCCOC(=O)CCN1CCN(CCC(=O)OCCCCCCCCCCCC)[C@H](C)C1,0.00843406270951802
CCCCCCCCCCCCOC(=O)CCN1CCOCCN(CCC(=O)OCCCCCCCCCCCC)CCN(CCC(=O)OCCCCCCCCCCCC)CC1,-0.09782702992603548
CCCCCCCCCCCCOC(=O)CCN1CC[C@@H](N(CCC(=O)OCCCCCCCCCCCC)CCC(=O)OCCCCCCCCCCCC)C1,0.2352782496574721
CCCCCCCCCCCOC(=O)CCN(C)CCCCCCN(C)CCC(=O)OCCCCCCCCCCC,0.2532247026337668
CCCCCCCCCCCOC(=O)CCN(C)CCCN(CC)CCCN(C)CCC(=O)OCCCCCCCCCCC,0.258094332497957
CCCCCCCCCCCOC(=O)CCN(C)CCCN(CCC(=O)OCCCCCCCCCCC)CCC(=O)OCCCCCCCCCCC,0.27992821360823184
CCCCCCCCCCCOC(=O)CCN(C)CCN(C)CCC(=O)OCCCCCCCCCCC,0.24893906187690942
CCCCCCCCCCCOC(=O)CCN(C)CCN(CCC(=O)OCCCCCCCCCCC)CCC(=O)OCCCCCCCCCCC,0.28625509770702573
CCCCCCCCCCCOC(=O)CCN(C)CCN(CCN(C)CCC(=O)OCCCCCCCCCCC)CCN(C)CCC(=O)OCCCCCCCCCCC,0.27691544741719515
CCCCCCCCCCCOC(=O)CCN(C)CCOCCN(C)CCC(=O)OCCCCCCCCCCC,0.049907562684126675
CCCCCCCCCCCOC(=O)CCN(C)CCOCCOCCN(C)CCC(=O)OCCCCCCCCCCC,-0.006311879564364081
CCCCCCCCCCCOC(=O)CCN(C)c1ccc(Cc2ccc(N(CCC(=O)OCCCCCCCCCCC)CCC(=O)OCCCCCCCCCCC)cc2)cc1,-0.04963700186783329
CCCCCCCCCCCOC(=O)CCN(C)c1ccccc1N(CCC(=O)OCCCCCCCCCCC)CCC(=O)OCCCCCCCCCCC,0.005771807135163237
CCCCCCCCCCCOC(=O)CCN(CC)CCCN(CC)CCC(=O)OCCCCCCCCCCC,0.24958706419280793
CCCCCCCCCCCOC(=O)CCN(CC)CCN(CC)CCC(=O)OCCCCCCCCCCC,0.22876168399814878
CCCCCCCCCCCOC(=O)CCN(CC)CCN(CCC(=O)OCCCCCCCCCCC)CCC(=O)OCCCCCCCCCCC,0.2786919566403659
CCCCCCCCCCCOC(=O)CCN(CCC(=O)OCCCCCCCCCCC)C(=O)C1CCCN1C,0.1700108057544198
CCCCCCCCCCCOC(=O)CCN(CCC(=O)OCCCCCCCCCCC)C(C)(C)C,0.03981692871647108
CCCCCCCCCCCOC(=O)CCN(CCC(=O)OCCCCCCCCCCC)C(C)(C)CC,0.0565938489574323
CCCCCCCCCCCOC(=O)CCN(CCC(=O)OCCCCCCCCCCC)C(C)(C)CC(C)(C)C,-0.019421896292457115
CCCCCCCCCCCOC(=O)CCN(CCC(=O)OCCCCCCCCCCC)C(C)(CO)CO,-0.014739312062446448
CCCCCCCCCCCOC(=O)CCN(CCC(=O)OCCCCCCCCCCC)C(C)C,0.1409842851797609
CCCCCCCCCCCOC(=O)CCN(CCC(=O)OCCCCCCCCCCC)C(C)C(C)C,0.08478173942569145
CCCCCCCCCCCOC(=O)CCN(CCC(=O)OCCCCCCCCCCC)C(C)CC,0.16367107996315206
CCCCCCCCCCCOC(=O)CCN(CCC(=O)OCCCCCCCCCCC)C(C)CCC,0.19130500535127756
CCCCCCCCCCCOC(=O)CCN(CCC(=O)OCCCCCCCCCCC)C(C)CO,0.13693042570741457
CCCCCCCCCCCOC(=O)CCN(CCC(=O)OCCCCCCCCCCC)C(C)c1ccc(C)cc1,-0.013982590926697378
CCCCCCCCCCCOC(=O)CCN(CCC(=O)OCCCCCCCCCCC)C(CC)CC,0.17236471051416774
CCCCCCCCCCCOC(=O)CCN(CCC(=O)OCCCCCCCCCCC)C(CO)(CO)CO,-0.11399365436449663
CCCCCCCCCCCOC(=O)CCN(CCC(=O)OCCCCCCCCCCC)C(CO)C(C)(C)C,-0.0036078021272098475
CCCCCCCCCCCOC(=O)CCN(CCC(=O)OCCCCCCCCCCC)C(c1ccccc1)(c1ccccc1)c1ccccc1,0.013121633421284626
CCCCCCCCCCCOC(=O)CCN(CCC(=O)OCCCCCCCCCCC)C(c1ccccc1)c1ccccc1,0.0008096049080959554
CCCCCCCCCCCOC(=O)CCN(CCC(=O)OCCCCCCCCCCC)C12C[C@H]3C[C@@H](C1)C[C@@H](C2)C3,-0.016997204519107502
CCCCCCCCCCCOC(=O)CCN(CCC(=O)OCCCCCCCCCCC)C1CC1,0.14380335959753068
CCCCCCCCCCCOC(=O)CCN(CCC(=O)OCCCCCCCCCCC)C1CC2CCC1C2,-0.027844784915362592
CCCCCCCCCCCOC(=O)CCN(CCC(=O)OCCCCCCCCCCC)C1CCC(CC2CCC(N(CCC(=O)OCCCCCCCCCCC)CCC(=O)OCCCCCCCCCCC)C(C)C2)CC1C,0.038413496943832545
CCCCCCCCCCCOC(=O)CCN(CCC(=O)OCCCCCCCCCCC)C1CCC1,0.1536156292289702
CCCCCCCCCCCOC(=O)CCN(CCC(=O)OCCCCCCCCCCC)C1CCCC(N(CCC(=O)OCCCCCCCCCCC)CCC(=O)OCCCCCCCCCCC)C1,0.17823729908985333
CCCCCCCCCCCOC(=O)CCN(CCC(=O)OCCCCCCCCCCC)C1CCCCC1,0.1489520221667265
CCCCCCCCCCCOC(=O)CCN(CCC(=O)OCCCCCCCCCCC)C1CCCCCCC1,0.13892567926881882
CCCCCCCCCCCOC(=O)CCN(CCC(=O)OCCCCCCCCCCC)C1CCN(C)CC1,0.07707411054429626
CCCCCCCCCCCOC(=O)CCN(CCC(=O)OCCCCCCCCCCC)C1CCc2ccccc21,0.04176561424569371
CCCCCCCCCCCOC(=O)CCN(CCC(=O)OCCCCCCCCCCC)C1Cc2ccccc2C1,0.05073432736707102
CCCCCCCCCCCOC(=O)CCN(CCC(=O)OCCCCCCCCCCC)CC(=O)N(C)c1ccccc1,0.02741309289737655
CCCCCCCCCCCOC(=O)CCN(CCC(=O)OCCCCCCCCCCC)CC(C)(C)CN(C)C,0.05548651957809948
CCCCCCCCCCCOC(=O)CCN(CCC(=O)OCCCCCCCCCCC)CC(C)(C)CO,0.08352490571082058
CCCCCCCCCCCOC(=O)CCN(CCC(=O)OCCCCCCCCCCC)CC(C)C,0.18034437300268222
CCCCCCCCCCCOC(=O)CCN(CCC(=O)OCCCCCCCCCCC)CC(C)CC,0.2015375512854121
CCCCCCCCCCCOC(=O)CCN(CCC(=O)OCCCCCCCCCCC)CC(C)N(CCC(=O)OCCCCCCCCCCC)CCC(=O)OCCCCCCCCCCC,0.24329841980049188
CCCCCCCCCCCOC(=O)CCN(CCC(=O)OCCCCCCCCCCC)CC(CC)CCCC,0.250175679313336
CCCCCCCCCCCOC(=O)CCN(CCC(=O)OCCCCCCCCCCC)CC(OC)OC,-0.06082561556152932
CCCCCCCCCCCOC(=O)CCN(CCC(=O)OCCCCCCCCCCC)CC1(C)CC(N(CCC(=O)OCCCCCCCCCCC)CCC(=O)OCCCCCCCCCCC)CC(C)(C)C1,0.07130963249776509
CCCCCCCCCCCOC(=O)CCN(CCC(=O)OCCCCCCCCCCC)CC12C[C@H]3C[C@@H](C1)C[C@@H](C2)C3,-0.03886339262413244
CCCCCCCCCCCOC(=O)CCN(CCC(=O)OCCCCCCCCCCC)CC1CCC(CN(CCC(=O)OCCCCCCCCCCC)CCC(=O)OCCCCCCCCCCC)CC1,0.11700411418116088
CCCCCCCCCCCOC(=O)CCN(CCC(=O)OCCCCCCCCCCC)CC1CCCC(CN(CCC(=O)OCCCCCCCCCCC)CCC(=O)OCCCCCCCCCCC)C1,0.16644569659177247
CCCCCCCCCCCOC(=O)CCN(CCC(=O)OCCCCCCCCCCC)CC1CCCCC1,0.14009063855928883
CCCCCCCCCCCOC(=O)CCN(CCC(=O)OCCCCCCCCCCC)CC1CCCN1C,0.1492025778554392
CCCCCCCCCCCOC(=O)CCN(CCC(=O)OCCCCCCCCCCC)CC1CCCN1CCC(=O)OCCCCCCCCCCC,0.20929902515805743
CCCCCCCCCCCOC(=O)CCN(CCC(=O)OCCCCCCCCCCC)CC1CCCO1,-0.14656632195355923
CCCCCCCCCCCOC(=O)CCN(CCC(=O)OCCCCCCCCCCC)CC1CCN(C)CC1,0.06968570661242146
CCCCCCCCCCCOC(=O)CCN(CCC(=O)OCCCCCCCCCCC)CC1COC(C)(C)O1,-0.44789926426983273
CCCCCCCCCCCOC(=O)CCN(CCC(=O)OCCCCCCCCCCC)CCC(=O)N1CCN(CCC(=O)OCCCCCCCCCCC)CC1,0.2048761209772014
CCCCCCCCCCCOC(=O)CCN(CCC(=O)OCCCCCCCCCCC)CCC(C)(C)C,0.14985424493503788
CCCCCCCCCCCOC(=O)CCN(CCC(=O)OCCCCCCCCCCC)CCC(C)C,0.23476826174174023
CCCCCCCCCCCOC(=O)CCN(CCC(=O)OCCCCCCCCCCC)CCC(c1ccccc1)c1ccccc1,-0.0015895386560161396
CCCCCCCCCCCOC(=O)CCN(CCC(=O)OCCCCCCCCCCC)CCC1CCC(C)CC1,0.07935617692380728
CCCCCCCCCCCOC(=O)CCN(CCC(=O)OCCCCCCCCCCC)CCC1CCC(CC)CC1,0.07630640262720843
CCCCCCCCCCCOC(=O)CCN(CCC(=O)OCCCCCCCCCCC)CCC1OCCO1,-0.3405641630675234
CCCCCCCCCCCOC(=O)CCN(CCC(=O)OCCCCCCCCCCC)CCN(C(C)C)C(C)C,0.12956572258340385
CCCCCCCCCCCOC(=O)CCN(CCC(=O)OCCCCCCCCCCC)CCN(C)C,0.22615599194877253
CCCCCCCCCCCOC(=O)CCN(CCC(=O)OCCCCCCCCCCC)CCN(C)CCCN(C)CCN(CCC(=O)OCCCCCCCCCCC)CCC(=O)OCCCCCCCCCCC,0.29939916322521865
CCCCCCCCCCCOC(=O)CCN(CCC(=O)OCCCCCCCCCCC)CCN(C)CCN(C)CCN(CCC(=O)OCCCCCCCCCCC)CCC(=O)OCCCCCCCCCCC,0.3012246060555004
CCCCCCCCCCCOC(=O)CCN(CCC(=O)OCCCCCCCCCCC)CCN(C)CCN(CCC(=O)OCCCCCCCCCCC)CCC(=O)OCCCCCCCCCCC,0.2996942668202208
CCCCCCCCCCCOC(=O)CCN(CCC(=O)OCCCCCCCCCCC)CCN(CC)CCN(CC)CCN(CCC(=O)OCCCCCCCCCCC)CCC(=O)OCCCCCCCCCCC,0.29172797170749787
CCCCCCCCCCCOC(=O)CCN(CCC(=O)OCCCCCCCCCCC)CCN(CCC(=O)OCCCCCCCCCCC)C(C)C,0.22319565891379003
CCCCCCCCCCCOC(=O)CCN(CCC(=O)OCCCCCCCCCCC)CCN(CCC(=O)OCCCCCCCCCCC)CCC(=O)OCCCCCCCCCCC,0.30362791002758355
CCCCCCCCCCCOC(=O)CCN(CCC(=O)OCCCCCCCCCCC)CCN(CCC(=O)OCCCCCCCCCCC)CCN(CC)CC,0.2812508929135185
CCCCCCCCCCCOC(=O)CCN(CCC(=O)OCCCCCCCCCCC)CCN(CCC(=O)OCCCCCCCCCCC)CCN(CCC(=O)OCCCCCCCCCCC)CCC(=O)OCCCCCCCCCCC,0.3052142720850006
CCCCCCCCCCCOC(=O)CCN(CCC(=O)OCCCCCCCCCCC)CCN(CCC(=O)OCCCCCCCCCCC)CCN(CCC(=O)OCCCCCCCCCCC)CCN(CCC(=O)OCCCCCCCCCCC)CCC(=O)OCCCCCCCCCCC,0.3062320550660536
CCCCCCCCCCCOC(=O)CCN(CCC(=O)OCCCCCCCCCCC)CCN(CCC(=O)OCCCCCCCCCCC)CCN(CCC(=O)OCCCCCCCCCCC)CCN(CCC(=O)OCCCCCCCCCCC)CCN(CCC(=O)OCCCCCCCCCCC)CCC(=O)OCCCCCCCCCCC,0.3069584893329447
CCCCCCCCCCCOC(=O)CCN(CCC(=O)OCCCCCCCCCCC)CCN(CCC(=O)OCCCCCCCCCCC)CCN(CCC(=O)OCCCCCCCCCCC)CCN(CCC(=O)OCCCCCCCCCCC)CCN(CCC(=O)OCCCCCCCCCCC)CCN(CCC(=O)OCCCCCCCCCCC)CCC(=O)OCCCCCCCCCCC,0.30752751899500963
CCCCCCCCCCCOC(=O)CCN(CCC(=O)OCCCCCCCCCCC)CCN(CCC(=O)OCCCCCCCCCCC)CCN1CCN(CCN(CCC(=O)OCCCCCCCCCCC)CCC(=O)OCCCCCCCCCCC)CC1,0.2984553664162433
CCCCCCCCCCCOC(=O)CCN(CCC(=O)OCCCCCCCCCCC)CCN(CCC(=O)OCCCCCCCCCCC)Cc1ccccc1,0.1459608240112366
CCCCCCCCCCCOC(=O)CCN(CCC(=O)OCCCCCCCCCCC)CCN(CCC(=O)OCCCCCCCCCCC)c1ccccc1,0.1107926100608283
CCCCCCCCCCCOC(=O)CCN(CCC(=O)OCCCCCCCCCCC)CCN(CCN(CCC(=O)OCCCCCCCCCCC)CCC(=O)OCCCCCCCCCCC)CCN(CCC(=O)OCCCCCCCCCCC)CCC(=O)OCCCCCCCCCCC,0.3057278496668158
CCCCCCCCCCCOC(=O)CCN(CCC(=O)OCCCCCCCCCCC)CCN(CCO)CCO,0.11487691410702791
CCCCCCCCCCCOC(=O)CCN(CCC(=O)OCCCCCCCCCCC)CCN1CCCC1,0.2580071892234149
CCCCCCCCCCCOC(=O)CCN(CCC(=O)OCCCCCCCCCCC)CCN1CCCCC1,0.25014702206276274
CCCCCCCCCCCOC(=O)CCN(CCC(=O)OCCCCCCCCCCC)CCN1CCN(CCC(=O)OCCCCCCCCCCC)CC1,0.252668319410372
CCCCCCCCCCCOC(=O)CCN(CCC(=O)OCCCCCCCCCCC)CCN1CCN(CCN(CCC(=O)OCCCCCCCCCCC)CCC(=O)OCCCCCCCCCCC)CC1,0.29014713683467774
CCCCCCCCCCCOC(=O)CCN(CCC(=O)OCCCCCCCCCCC)CCN1CCOCC1,-0.14456316812286696
CCCCCCCCCCCOC(=O)CCN(CCC(=O)OCCCCCCCCCCC)CC[C@H](C)O,0.054344149650764825
CCCCCCCCCCCOC(=O)CCN(CCC(=O)OCCCCCCCCCCC)CCc1ccc(OC)c(OC)c1,-0.02747417066666163
CCCCCCCCCCCOC(=O)CCN(CCC(=O)OCCCCCCCCCCC)CCc1ccc(OC)cc1,0.026559007701438063
CCCCCCCCCCCOC(=O)CCN(CCC(=O)OCCCCCCCCCCC)CCc1ccccc1F,0.1141409124037557
CCCCCCCCCCCOC(=O)CCN(CCC(=O)OCCCCCCCCCCC)CN(CC)CCC,0.18777956274982738
CCCCCCCCCCCOC(=O)CCN(CCC(=O)OCCCCCCCCCCC)C[C@@H](C)O,0.14523463005671933
CCCCCCCCCCCOC(=O)CCN(CCC(=O)OCCCCCCCCCCC)C[C@@H]1CCCN1CC,0.03173913617207576
CCCCCCCCCCCOC(=O)CCN(CCC(=O)OCCCCCCCCCCC)C[C@H]1CCCN1CC,0.20219043494640304
CCCCCCCCCCCOC(=O)CCN(CCC(=O)OCCCCCCCCCCC)Cc1cc(C)c(OC)c(OC)c1,-0.07496956829869024
CCCCCCCCCCCOC(=O)CCN(CCC(=O)OCCCCCCCCCCC)Cc1cc(F)ccc1F,0.0795236145702387
CCCCCCCCCCCOC(=O)CCN(CCC(=O)OCCCCCCCCCCC)Cc1cccc(CN(CCC(=O)OCCCCCCCCCCC)CCC(=O)OCCCCCCCCCCC)c1,0.11671208958844775
CCCCCCCCCCCOC(=O)CCN(CCC(=O)OCCCCCCCCCCC)Cc1cccc(F)c1,0.057134656935101474
CCCCCCCCCCCOC(=O)CCN(CCC(=O)OCCCCCCCCCCC)Cc1cccc(N(CCC(=O)OCCCCCCCCCCC)CCC(=O)OCCCCCCCCCCC)c1,0.08790692674908723
CCCCCCCCCCCOC(=O)CCN(CCC(=O)OCCCCCCCCCCC)Cc1ccccc1F,0.08615350253332275
CCCCCCCCCCCOC(=O)CCN(CCC(=O)OCCCCCCCCCCC)Cc1ccccc1N(CCC(=O)OCCCCCCCCCCC)CCC(=O)OCCCCCCCCCCC,0.10780256840863721
CCCCCCCCCCCOC(=O)CCN(CCC(=O)OCCCCCCCCCCC)Cc1ccccc1OC,0.020771609862257588
CCCCCCCCCCCOC(=O)CCN(CCC(=O)OCCCCCCCCCCC)Cc1ccccc1OCC,0.04608760224908538
CCCCCCCCCCCOC(=O)CCN(CCC(=O)OCCCCCCCCCCC)Cc1nccn1C,0.002459604685994741
CCCCCCCCCCCOC(=O)CCN(CCC(=O)OCCCCCCCCCCC)[C@@H](CO)CC(C)C,0.22125234286416906
CCCCCCCCCCCOC(=O)CCN(CCC(=O)OCCCCCCCCCCC)[C@H]1CCCC[C@H]1N(CCC(=O)OCCCCCCCCCCC)CCC(=O)OCCCCCCCCCCC,0.26243491467126995
CCCCCCCCCCCOC(=O)CCN(CCC(=O)OCCCCCCCCCCC)[C@@H]1CCCC[C@H]1N(CCC(=O)OCCCCCCCCCCC)CCC(=O)OCCCCCCCCCCC,0.16704245229396236
CCCCCCCCCCCOC(=O)CCN(CCC(=O)OCCCCCCCCCCC)[C@@H](c1ccccc1)[C@@H](c1ccccc1)N(CCC(=O)OCCCCCCCCCCC)CCC(=O)OCCCCCCCCCCC,0.12732940567205125
CCCCCCCCCCCOC(=O)CCN(CCC(=O)OCCCCCCCCCCC)[C@H]1CC[C@H](N(CCC(=O)OCCCCCCCCCCC)CCC(=O)OCCCCCCCCCCC)CC1,0.03310519186082979
CCCCCCCCCCCOC(=O)CCN(CCC(=O)OCCCCCCCCCCC)c1c(-c2ccccc2)cc(-c2ccccc2)cc1-c1ccccc1,-0.14982468739059937
CCCCCCCCCCCOC(=O)CCN(CCC(=O)OCCCCCCCCCCC)c1c(C)c(C)c(N(CCC(=O)OCCCCCCCCCCC)CCC(=O)OCCCCCCCCCCC)c(C)c1C,-0.07260612614160787
CCCCCCCCCCCOC(=O)CCN(CCC(=O)OCCCCCCCCCCC)c1c(C)cc(-c2cc(C)c(N(CCC(=O)OCCCCCCCCCCC)CCC(=O)OCCCCCCCCCCC)c(C)c2)cc1C,-0.07078458087763836
CCCCCCCCCCCOC(=O)CCN(CCC(=O)OCCCCCCCCCCC)c1c(CC)cccc1CC,-0.023116105768156196
CCCCCCCCCCCOC(=O)CCN(CCC(=O)OCCCCCCCCCCC)c1c(F)cc(F)cc1F,0.04417531653472878
CCCCCCCCCCCOC(=O)CCN(CCC(=O)OCCCCCCCCCCC)c1c(N(CCC(=O)OCCCCCCCCCCC)CCC(=O)OCCCCCCCCCCC)c2ccccc2c2ccccc12,0.010179631714564551
CCCCCCCCCCCOC(=O)CCN(CCC(=O)OCCCCCCCCCCC)c1cc(C(C)(C)C)ccc1C(C)(C)C,-0.1330808176107946
CCCCCCCCCCCOC(=O)CCN(CCC(=O)OCCCCCCCCCCC)c1cc(C(C)(C)C)ccc1OC,-0.10028631166168608
CCCCCCCCCCCOC(=O)CCN(CCC(=O)OCCCCCCCCCCC)c1cc(C)c(C)cc1N(CCC(=O)OCCCCCCCCCCC)CCC(=O)OCCCCCCCCCCC,-0.017566797413298536
CCCCCCCCCCCOC(=O)CCN(CCC(=O)OCCCCCCCCCCC)c1cc(F)c(F)c(F)c1,0.03170561259593341
CCCCCCCCCCCOC(=O)CCN(CCC(=O)OCCCCCCCCCCC)c1cc(F)cc(F)c1,-0.005641911195549693
CCCCCCCCCCCOC(=O)CCN(CCC(=O)OCCCCCCCCCCC)c1cc(F)ccc1F,0.01775740179697822
CCCCCCCCCCCOC(=O)CCN(CCC(=O)OCCCCCCCCCCC)c1cc(OC)ccc1OC,-0.07572856489222854
CCCCCCCCCCCOC(=O)CCN(CCC(=O)OCCCCCCCCCCC)c1ccc(-c2ccc(N(CCC(=O)OCCCCCCCCCCC)CCC(=O)OCCCCCCCCCCC)c(C)c2)cc1C,-0.0429089012414899
CCCCCCCCCCCOC(=O)CCN(CCC(=O)OCCCCCCCCCCC)c1ccc(-c2ccc(N(CCC(=O)OCCCCCCCCCCC)CCC(=O)OCCCCCCCCCCC)c(N(CCC(=O)OCCCCCCCCCCC)CCC(=O)OCCCCCCCCCCC)c2)cc1N(CCC(=O)OCCCCCCCCCCC)CCC(=O)OCCCCCCCCCCC,0.03655790993016472
CCCCCCCCCCCOC(=O)CCN(CCC(=O)OCCCCCCCCCCC)c1ccc(-c2ccccc2)cc1,-0.05640098413548675
CCCCCCCCCCCOC(=O)CCN(CCC(=O)OCCCCCCCCCCC)c1ccc(C(C)(C)C)cc1,-0.06577193511200216
CCCCCCCCCCCOC(=O)CCN(CCC(=O)OCCCCCCCCCCC)c1ccc(C(C)C)cc1,-0.032303285366584826
CCCCCCCCCCCOC(=O)CCN(CCC(=O)OCCCCCCCCCCC)c1ccc(C)c(F)c1,-0.018466474372400152
CCCCCCCCCCCOC(=O)CCN(CCC(=O)OCCCCCCCCCCC)c1ccc(C)c(N(CCC(=O)OCCCCCCCCCCC)CCC(=O)OCCCCCCCCCCC)c1,0.02940909743494886
CCCCCCCCCCCOC(=O)CCN(CCC(=O)OCCCCCCCCCCC)c1ccc(C)cc1N(CCC(=O)OCCCCCCCCCCC)CCC(=O)OCCCCCCCCCCC,0.03181911513397451
CCCCCCCCCCCOC(=O)CCN(CCC(=O)OCCCCCCCCCCC)c1ccc(C2(c3ccc(N(CCC(=O)OCCCCCCCCCCC)CCC(=O)OCCCCCCCCCCC)cc3)c3ccccc3-c3ccccc32)cc1,0.045085604787085135
CCCCCCCCCCCOC(=O)CCN(CCC(=O)OCCCCCCCCCCC)c1ccc(Cc2ccc(N(CCC(=O)OCCCCCCCCCCC)CCC(=O)OCCCCCCCCCCC)cc2)cc1,-0.0010127063515649732
CCCCCCCCCCCOC(=O)CCN(CCC(=O)OCCCCCCCCCCC)c1ccc(F)c(F)c1,0.029223140716213004
CCCCCCCCCCCOC(=O)CCN(CCC(=O)OCCCCCCCCCCC)c1ccc(F)cc1,0.019617659882411393
CCCCCCCCCCCOC(=O)CCN(CCC(=O)OCCCCCCCCCCC)c1ccc(F)cc1C(F)(F)F,0.0960383615211673
CCCCCCCCCCCOC(=O)CCN(CCC(=O)OCCCCCCCCCCC)c1ccc(N(CCC(=O)OCCCCCCCCCCC)CCC(=O)OCCCCCCCCCCC)cc1,0.07495368427519922
CCCCCCCCCCCOC(=O)CCN(CCC(=O)OCCCCCCCCCCC)c1ccc(N(CCC(=O)OCCCCCCCCCCC)c2ccccc2)cc1,-0.013755052657535854
CCCCCCCCCCCOC(=O)CCN(CCC(=O)OCCCCCCCCCCC)c1ccc(OC(F)(F)F)cc1,0.02207679142282839
CCCCCCCCCCCOC(=O)CCN(CCC(=O)OCCCCCCCCCCC)c1ccc(OC(F)F)cc1,0.01378207941228797
CCCCCCCCCCCOC(=O)CCN(CCC(=O)OCCCCCCCCCCC)c1ccc(OC)c(F)c1,-0.0223180584138786
CCCCCCCCCCCOC(=O)CCN(CCC(=O)OCCCCCCCCCCC)c1ccc(OCCCCCCCC)cc1,0.0410705257240576
CCCCCCCCCCCOC(=O)CCN(CCC(=O)OCCCCCCCCCCC)c1ccc(Oc2ccc(F)cc2)cc1,-0.05695828354980659
CCCCCCCCCCCOC(=O)CCN(CCC(=O)OCCCCCCCCCCC)c1ccc(Oc2ccc(N(CCC(=O)OCCCCCCCCCCC)CCC(=O)OCCCCCCCCCCC)cc2)cc1,0.00012180085529006277
CCCCCCCCCCCOC(=O)CCN(CCC(=O)OCCCCCCCCCCC)c1ccc(Oc2ccccc2)cc1,-0.05884968461692934
CCCCCCCCCCCOC(=O)CCN(CCC(=O)OCCCCCCCCCCC)c1ccc2c(c1)CCCC2,-0.02318104267740864
CCCCCCCCCCCOC(=O)CCN(CCC(=O)OCCCCCCCCCCC)c1ccc2c(c1)Cc1cc(N(CCC(=O)OCCCCCCCCCCC)CCC(=O)OCCCCCCCCCCC)ccc1-2,-0.003497453689074614
CCCCCCCCCCCOC(=O)CCN(CCC(=O)OCCCCCCCCCCC)c1ccc2c(c1)OCCO2,-0.12422333156966917
CCCCCCCCCCCOC(=O)CCN(CCC(=O)OCCCCCCCCCCC)c1ccc2c(c1)OCO2,-0.17926540136099195
CCCCCCCCCCCOC(=O)CCN(CCC(=O)OCCCCCCCCCCC)c1ccc2cc3ccccc3cc2c1,-0.08538511961522013
CCCCCCCCCCCOC(=O)CCN(CCC(=O)OCCCCCCCCCCC)c1ccc2ccccc2c1-c1c(N(CCC(=O)OCCCCCCCCCCC)CCC(=O)OCCCCCCCCCCC)ccc2ccccc12,-0.029514069761257245
CCCCCCCCCCCOC(=O)CCN(CCC(=O)OCCCCCCCCCCC)c1cccc(-c2ccccc2)c1,-0.06672660605589106
CCCCCCCCCCCOC(=O)CCN(CCC(=O)OCCCCCCCCCCC)c1cccc(C(F)(F)F)c1,0.05943386059076769
CCCCCCCCCCCOC(=O)CCN(CCC(=O)OCCCCCCCCCCC)c1cccc(C)c1N(CCC(=O)OCCCCCCCCCCC)CCC(=O)OCCCCCCCCCCC,0.04109355065337042
CCCCCCCCCCCOC(=O)CCN(CCC(=O)OCCCCCCCCCCC)c1cccc(F)c1,0.009198383724087891
CCCCCCCCCCCOC(=O)CCN(CCC(=O)OCCCCCCCCCCC)c1cccc(N(CCC(=O)OCCCCCCCCCCC)CCC(=O)OCCCCCCCCCCC)c1,0.05938611352600222
CCCCCCCCCCCOC(=O)CCN(CCC(=O)OCCCCCCCCCCC)c1cccc(N(CCC(=O)OCCCCCCCCCCC)CCC(=O)OCCCCCCCCCCC)c1C,0.02953384959598755
CCCCCCCCCCCOC(=O)CCN(CCC(=O)OCCCCCCCCCCC)c1cccc(OC(C)C)c1,-0.030881649931632435
CCCCCCCCCCCOC(=O)CCN(CCC(=O)OCCCCCCCCCCC)c1cccc(OCc2ccccc2)c1,-0.08082722746815472
CCCCCCCCCCCOC(=O)CCN(CCC(=O)OCCCCCCCCCCC)c1cccc2c1CCC2,-0.007474706082516787
CCCCCCCCCCCOC(=O)CCN(CCC(=O)OCCCCCCCCCCC)c1cccc2cccc(N(CCC(=O)OCCCCCCCCCCC)CCC(=O)OCCCCCCCCCCC)c12,0.024174523192126565
CCCCCCCCCCCOC(=O)CCN(CCC(=O)OCCCCCCCCCCC)c1ccccc1C(C)(C)C,-0.06634248925568832
CCCCCCCCCCCOC(=O)CCN(CCC(=O)OCCCCCCCCCCC)c1ccccc1C(C)C,-0.026943268064649223
CCCCCCCCCCCOC(=O)CCN(CCC(=O)OCCCCCCCCCCC)c1ccccc1Cc1ccccc1,-0.056723851319422244
CCCCCCCCCCCOC(=O)CCN(CCC(=O)OCCCCCCCCCCC)c1ccccc1N(CCC(=O)OCCCCCCCCCCC)c1ccccc1,-0.02053528604946621
CCCCCCCCCCCOC(=O)CCN(CCC(=O)OCCCCCCCCCCC)c1ccccc1OC,-0.028137477876865297
CCCCCCCCCCCOC(=O)CCN(CCC(=O)OCCCCCCCCCCC)c1ccccc1OCC,-0.004614245368125035
CCCCCCCCCCCOC(=O)CCN(CCC(=O)OCCCCCCCCCCC)c1ccccc1Oc1ccccc1,-0.05874963206205826
CCCCCCCCCCCOC(=O)CCN(CCC(=O)OCCCCCCCCCCC)c1nc(N(CCC(=O)OCCCCCCCCCCC)CCC(=O)OCCCCCCCCCCC)nc(N(CCC(=O)OCCCCCCCCCCC)CCC(=O)OCCCCCCCCCCC)n1,0.21345934301198843
CCCCCCCCCCCOC(=O)CCN(CCC)CCC(=O)OCCCCCCCCCCC,0.2129681895785516
CCCCCCCCCCCOC(=O)CCN(CCC)CCCN(CCC(=O)OCCCCCCCCCCC)CCC(=O)OCCCCCCCCCCC,0.2839421211484372
CCCCCCCCCCCOC(=O)CCN(CCCC)CCC(=O)OCCCCCCCCCCC,0.27208150394051134
CCCCCCCCCCCOC(=O)CCN(CCCCC)CCC(=O)OCCCCCCCCCCC,0.2900657910961531
CCCCCCCCCCCOC(=O)CCN(CCCCCC)CCC(=O)OCCCCCCCCCCC,0.29742367535655784
CCCCCCCCCCCOC(=O)CCN(CCCCCCCCN(CCC(=O)OCCCCCCCCCCC)CCC(=O)OCCCCCCCCCCC)CCC(=O)OCCCCCCCCCCC,0.29497519265820393
CCCCCCCCCCCOC(=O)CCN(CCCCCCN(CCC(=O)OCCCCCCCCCCC)CCC(=O)OCCCCCCCCCCC)CCCCCCN(CCC(=O)OCCCCCCCCCCC)CCC(=O)OCCCCCCCCCCC,0.29705077063054425
CCCCCCCCCCCOC(=O)CCN(CCCCCCO)CCC(=O)OCCCCCCCCCCC,0.2524704221705639
CCCCCCCCCCCOC(=O)CCN(CCCCCO)CCC(=O)OCCCCCCCCCCC,0.24815379613701224
CCCCCCCCCCCOC(=O)CCN(CCCCN(C)Cc1ccccc1)CCC(=O)OCCCCCCCCCCC,0.0905170345383317
CCCCCCCCCCCOC(=O)CCN(CCCCN1CCN(C)CC1)CCC(=O)OCCCCCCCCCCC,0.2133930017773017
CCCCCCCCCCCOC(=O)CCN(CCCCO)CCC(=O)OCCCCCCCCCCC,0.21855507678085917
CCCCCCCCCCCOC(=O)CCN(CCCCc1ccccc1)CCC(=O)OCCCCCCCCCCC,0.1109452384572255
CCCCCCCCCCCOC(=O)CCN(CCCN(C)C)CCC(=O)OCCCCCCCCCCC,0.23260600610008206
CCCCCCCCCCCOC(=O)CCN(CCCN(C)C)CCCN(CCC(=O)OCCCCCCCCCCC)CCC(=O)OCCCCCCCCCCC,0.26206531424039586
CCCCCCCCCCCOC(=O)CCN(CCCN(C)CCCN(CCC(=O)OCCCCCCCCCCC)CCC(=O)OCCCCCCCCCCC)CCC(=O)OCCCCCCCCCCC,0.29788789878460786
CCCCCCCCCCCOC(=O)CCN(CCCN(CC)CC)CCC(=O)OCCCCCCCCCCC,0.2584006406573867
CCCCCCCCCCCOC(=O)CCN(CCCN(CCC(=O)OCCCCCCCCCCC)CCC(=O)OCCCCCCCCCCC)CCC(=O)OCCCCCCCCCCC,0.29608080981187357
CCCCCCCCCCCOC(=O)CCN(CCCN(CCC(=O)OCCCCCCCCCCC)CCC(=O)OCCCCCCCCCCC)CCCN(CCC(=O)OCCCCCCCCCCC)CCC(=O)OCCCCCCCCCCC,0.2981902417898702
CCCCCCCCCCCOC(=O)CCN(CCCN(CCC(=O)OCCCCCCCCCCC)CCN(CCC(=O)OCCCCCCCCCCC)CCC(=O)OCCCCCCCCCCC)CCC(=O)OCCCCCCCCCCC,0.3018474356502454
CCCCCCCCCCCOC(=O)CCN(CCCN(CCC(=O)OCCCCCCCCCCC)CCN(CCC(=O)OCCCCCCCCCCC)CCC(=O)OCCCCCCCCCCC)CCN(CCC(=O)OCCCCCCCCCCC)CCC(=O)OCCCCCCCCCCC,0.3055659992830748
CCCCCCCCCCCOC(=O)CCN(CCCN(CCCN(CCC(=O)OCCCCCCCCCCC)CCC(=O)OCCCCCCCCCCC)CCC(=O)OCCCCCCCCCCC)CCCN(CCC(=O)OCCCCCCCCCCC)CCC(=O)OCCCCCCCCCCC,0.2995255975728738
CCCCCCCCCCCOC(=O)CCN(CCCN1CCN(C(C)C)CC1)CCC(=O)OCCCCCCCCCCC,0.17207729691512652
CCCCCCCCCCCOC(=O)CCN(CCCN1CCN(CCCN(CCC(=O)OCCCCCCCCCCC)CCC(=O)OCCCCCCCCCCC)CC1)CCC(=O)OCCCCCCCCCCC,0.29350132683076274
CCCCCCCCCCCOC(=O)CCN(CCCN1CCOCC1)CCC(=O)OCCCCCCCCCCC,-0.13062967645680582
CCCCCCCCCCCOC(=O)CCN(CCCO)CCC(=O)OCCCCCCCCCCC,0.19140740846155468
CCCCCCCCCCCOC(=O)CCN(CCCOC(C)C)CCC(=O)OCCCCCCCCCCC,0.17163956792628574
CCCCCCCCCCCOC(=O)CCN(CCCOC)CCC(=O)OCCCCCCCCCCC,0.18337716021835948
CCCCCCCCCCCOC(=O)CCN(CCCOCCCCOCCCN(CCC(=O)OCCCCCCCCCCC)CCC(=O)OCCCCCCCCCCC)CCC(=O)OCCCCCCCCCCC,0.18020443610352527
CCCCCCCCCCCOC(=O)CCN(CCCOCCOCCOCCCN(CCC(=O)OCCCCCCCCCCC)CCC(=O)OCCCCCCCCCCC)CCC(=O)OCCCCCCCCCCC,0.13089495040087604
CCCCCCCCCCCOC(=O)CCN(CCCc1ccccc1)CCC(=O)OCCCCCCCCCCC,0.10628118080928095
CCCCCCCCCCCOC(=O)CCN(CCCn1ccnc1)CCC(=O)OCCCCCCCCCCC,-0.04888057361278976
CCCCCCCCCCCOC(=O)CCN(CCN(CCC(=O)OCCCCCCCCCCC)C(C)(C)C)C(C)(C)C,-0.017044658703167424
CCCCCCCCCCCOC(=O)CCN(CCN(CCC(=O)OCCCCCCCCCCC)C(C)C)C(C)C,0.12421543793260634
CCCCCCCCCCCOC(=O)CCN(CCO)CCC(=O)OCCCCCCCCCCC,0.13528326461943108
CCCCCCCCCCCOC(=O)CCN(CCO)CCN(CCC(=O)OCCCCCCCCCCC)CCC(=O)OCCCCCCCCCCC,0.2347212806726662
CCCCCCCCCCCOC(=O)CCN(CCO)CCN(CCO)CCC(=O)OCCCCCCCCCCC,0.14987974808570528
CCCCCCCCCCCOC(=O)CCN(CCOC)CCC(=O)OCCCCCCCCCCC,0.11403295206983491
CCCCCCCCCCCOC(=O)CCN(CCOCC)CCC(=O)OCCCCCCCCCCC,0.14333769429523793
CCCCCCCCCCCOC(=O)CCN(CCOCCN1CCCC1)CCC(=O)OCCCCCCCCCCC,0.041564683062166666
CCCCCCCCCCCOC(=O)CCN(CCOCCO)CCC(=O)OCCCCCCCCCCC,0.11373024859601193
CCCCCCCCCCCOC(=O)CCN(CCOCCOCCN(CCC(=O)OCCCCCCCCCCC)CCC(=O)OCCCCCCCCCCC)CCC(=O)OCCCCCCCCCCC,0.11900324277959234
CCCCCCCCCCCOC(=O)CCN(CCOCCOCCOCCN(CCC(=O)OCCCCCCCCCCC)CCC(=O)OCCCCCCCCCCC)CCC(=O)OCCCCCCCCCCC,0.07906146383641248
CCCCCCCCCCCOC(=O)CCN(c1ccccc1)c1ccc(-c2ccc(N(CCC(=O)OCCCCCCCCCCC)c3ccccc3)cc2)cc1,-0.10467650332066128
CCCCCCCCCCCOC(=O)CCN1C(C)N(CCC(=O)OCCCCCCCCCCC)C(C)N(CCC(=O)OCCCCCCCCCCC)C1C,0.13646336358944924
CCCCCCCCCCCOC(=O)CCN1CCC(N(CCC(=O)OCCCCCCCCCCC)CCC(=O)OCCCCCCCCCCC)CC1,0.1433064837256932
CCCCCCCCCCCOC(=O)CCN1CCCCN(C)CCN(CCC(=O)OCCCCCCCCCCC)CCCN(C)CC1,0.06733594724112121
CCCCCCCCCCCOC(=O)CCN1CCCN(CCC(=O)OCCCCCCCCCCC)CCCN(CCC(=O)OCCCCCCCCCCC)CCC1,0.1466248972171317
CCCCCCCCCCCOC(=O)CCN1CCCN(CCC(=O)OCCCCCCCCCCC)CCCN(CCC(=O)OCCCCCCCCCCC)CCN(CCC(=O)OCCCCCCCCCCC)CCC1,0.15618890914693284
CCCCCCCCCCCOC(=O)CCN1CCCN(CCC(=O)OCCCCCCCCCCC)CCN(CCC(=O)OCCCCCCCCCCC)CCCN(CCC(=O)OCCCCCCCCCCC)CC1,0.16606067111040637
CCCCCCCCCCCOC(=O)CCN1CCCN(CCC(=O)OCCCCCCCCCCC)CCN(CCC(=O)OCCCCCCCCCCC)CCN(CCC(=O)OCCCCCCCCCCC)CC1,0.17599503444724968
CCCCCCCCCCCOC(=O)CCN1CCN(CCC(=O)OCCCCCCCCCCC)C(c2ccccc2)C1,0.06766346296753702
CCCCCCCCCCCOC(=O)CCN1CCN(CCC(=O)OCCCCCCCCCCC)C2C1N(CCC(=O)OCCCCCCCCCCC)CCN2CCC(=O)OCCCCCCCCCCC,0.30011433284958877
CCCCCCCCCCCOC(=O)CCN1CCN(CCC(=O)OCCCCCCCCCCC)CC1,0.1865159402103972
CCCCCCCCCCCOC(=O)CCN1CCN(CCC(=O)OCCCCCCCCCCC)CCN(CCC(=O)OCCCCCCCCCCC)CCN(CCC(=O)OCCCCCCCCCCC)CC1,0.18651595522992054
CCCCCCCCCCCOC(=O)CCN1CCN(CCC(=O)OCCCCCCCCCCC)[C@H](C)C1,0.0006584108761797545
CCCCCCCCCCCOC(=O)CCN1CCOCCN(CCC(=O)OCCCCCCCCCCC)CCN(CCC(=O)OCCCCCCCCCCC)CC1,-0.10626626730011969
CCCCCCCCCCCOC(=O)CCN1CC[C@@H](N(CCC(=O)OCCCCCCCCCCC)CCC(=O)OCCCCCCCCCCC)C1,0.2328645671947463
CCCCCCCCCCOC(=O)CCN(C)CCCCCCN(C)CCC(=O)OCCCCCCCCCC,0.2515463309762386
CCCCCCCCCCOC(=O)CCN(C)CCCN(CC)CCCN(C)CCC(=O)OCCCCCCCCCC,0.25784693090915023
CCCCCCCCCCOC(=O)CCN(C)CCN(CCN(C)CCC(=O)OCCCCCCCCCC)CCN(C)CCC(=O)OCCCCCCCCCC,0.27668270488318897
CCCCCCCCCCOC(=O)CCN(C)CCOCCN(C)CCC(=O)OCCCCCCCCCC,0.04205948623978027
CCCCCCCCCCOC(=O)CCN(C)CCOCCOCCN(C)CCC(=O)OCCCCCCCCCC,-0.014250569262509116
CCCCCCCCCCOC(=O)CCN(C)c1ccc(Cc2ccc(N(CCC(=O)OCCCCCCCCCC)CCC(=O)OCCCCCCCCCC)cc2)cc1,-0.05476434422361781
CCCCCCCCCCOC(=O)CCN(C)c1ccccc1N(CCC(=O)OCCCCCCCCCC)CCC(=O)OCCCCCCCCCC,-0.0032925873904269226
CCCCCCCCCCOC(=O)CCN(CC)CCN(CCC(=O)OCCCCCCCCCC)CCC(=O)OCCCCCCCCCC,0.2786551287690841
CCCCCCCCCCOC(=O)CCN(CCC(=O)OCCCCCCCCCC)C(=O)C1CCCN1C,0.16673231415607556
CCCCCCCCCCOC(=O)CCN(CCC(=O)OCCCCCCCCCC)C(C)(C)C,0.029398065595040008
CCCCCCCCCCOC(=O)CCN(CCC(=O)OCCCCCCCCCC)C(C)(C)CC,0.04732441493931569
CCCCCCCCCCOC(=O)CCN(CCC(=O)OCCCCCCCCCC)C(C)(C)CC(C)(C)C,-0.024775492748155773
CCCCCCCCCCOC(=O)CCN(CCC(=O)OCCCCCCCCCC)C(C)C,0.13557459831406957
CCCCCCCCCCOC(=O)CCN(CCC(=O)OCCCCCCCCCC)C(C)C(C)C,0.07709132291806828
CCCCCCCCCCOC(=O)CCN(CCC(=O)OCCCCCCCCCC)C(C)CC,0.15926845213883373
CCCCCCCCCCOC(=O)CCN(CCC(=O)OCCCCCCCCCC)C(C)CCC,0.18849901293835544
CCCCCCCCCCOC(=O)CCN(CCC(=O)OCCCCCCCCCC)C(C)CO,0.1316633492160385
CCCCCCCCCCOC(=O)CCN(CCC(=O)OCCCCCCCCCC)C(C)c1ccc(C)cc1,-0.02203524078898593
CCCCCCCCCCOC(=O)CCN(CCC(=O)OCCCCCCCCCC)C(CC)CC,0.1685892829658926
CCCCCCCCCCOC(=O)CCN(CCC(=O)OCCCCCCCCCC)C(CO)(CO)CO,-0.12113002318460768
CCCCCCCCCCOC(=O)CCN(CCC(=O)OCCCCCCCCCC)C(CO)C(C)(C)C,-0.010507117810110012
CCCCCCCCCCOC(=O)CCN(CCC(=O)OCCCCCCCCCC)C(c1ccccc1)(c1ccccc1)c1ccccc1,0.007674134905531319
CCCCCCCCCCOC(=O)CCN(CCC(=O)OCCCCCCCCCC)C(c1ccccc1)c1ccccc1,-0.005172092995047559
CCCCCCCCCCOC(=O)CCN(CCC(=O)OCCCCCCCCCC)C12C[C@H]3C[C@@H](C1)C[C@@H](C2)C3,-0.023607627179915363
CCCCCCCCCCOC(=O)CCN(CCC(=O)OCCCCCCCCCC)C1CC1,0.13862680577345296
CCCCCCCCCCOC(=O)CCN(CCC(=O)OCCCCCCCCCC)C1CC2CCC1C2,-0.03564589531015831
CCCCCCCCCCOC(=O)CCN(CCC(=O)OCCCCCCCCCC)C1CCC(CC2CCC(N(CCC(=O)OCCCCCCCCCC)CCC(=O)OCCCCCCCCCC)C(C)C2)CC1C,0.029539662151528364
CCCCCCCCCCOC(=O)CCN(CCC(=O)OCCCCCCCCCC)C1CCC1,0.14938601129425033
CCCCCCCCCCOC(=O)CCN(CCC(=O)OCCCCCCCCCC)C1CCCC(N(CCC(=O)OCCCCCCCCCC)CCC(=O)OCCCCCCCCCC)C1,0.17482933920013496
CCCCCCCCCCOC(=O)CCN(CCC(=O)OCCCCCCCCCC)C1CCCCC1,0.14506988090496956
CCCCCCCCCCOC(=O)CCN(CCC(=O)OCCCCCCCCCC)C1CCCCCCC1,0.1350967671978542
CCCCCCCCCCOC(=O)CCN(CCC(=O)OCCCCCCCCCC)C1CCN(C)CC1,0.07008342359102783
CCCCCCCCCCOC(=O)CCN(CCC(=O)OCCCCCCCCCC)C1CCc2ccccc21,0.03448979666093496
CCCCCCCCCCOC(=O)CCN(CCC(=O)OCCCCCCCCCC)C1Cc2ccccc2C1,0.0430709910600682
CCCCCCCCCCOC(=O)CCN(CCC(=O)OCCCCCCCCCC)CC(=O)N(C)c1ccccc1,0.02093455667120398
CCCCCCCCCCOC(=O)CCN(CCC(=O)OCCCCCCCCCC)CC(C)(C)CN(C)C,0.046559080106918935
CCCCCCCCCCOC(=O)CCN(CCC(=O)OCCCCCCCCCC)CC(C)C,0.17687381173959407
CCCCCCCCCCOC(=O)CCN(CCC(=O)OCCCCCCCCCC)CC(C)CC,0.19932263719484933
CCCCCCCCCCOC(=O)CCN(CCC(=O)OCCCCCCCCCC)CC(C)N(CCC(=O)OCCCCCCCCCC)CCC(=O)OCCCCCCCCCC,0.2406497418752557
CCCCCCCCCCOC(=O)CCN(CCC(=O)OCCCCCCCCCC)CC(CC)CCCC,0.24845456209232167
CCCCCCCCCCOC(=O)CCN(CCC(=O)OCCCCCCCCCC)CC1(C)CC(N(CCC(=O)OCCCCCCCCCC)CCC(=O)OCCCCCCCCCC)CC(C)(C)C1,0.06341047465446702
CCCCCCCCCCOC(=O)CCN(CCC(=O)OCCCCCCCCCC)CC12C[C@H]3C[C@@H](C1)C[C@@H](C2)C3,-0.046433187339641274
CCCCCCCCCCOC(=O)CCN(CCC(=O)OCCCCCCCCCC)CC1CCC(CN(CCC(=O)OCCCCCCCCCC)CCC(=O)OCCCCCCCCCC)CC1,0.11106676142074151
CCCCCCCCCCOC(=O)CCN(CCC(=O)OCCCCCCCCCC)CC1CCCC(CN(CCC(=O)OCCCCCCCCCC)CCC(=O)OCCCCCCCCCC)C1,0.16263046730658998
CCCCCCCCCCOC(=O)CCN(CCC(=O)OCCCCCCCCCC)CC1CCCCC1,0.1359399482198324
CCCCCCCCCCOC(=O)CCN(CCC(=O)OCCCCCCCCCC)CC1CCCN1C,0.14507154807206266
CCCCCCCCCCOC(=O)CCN(CCC(=O)OCCCCCCCCCC)CC1CCCN1CCC(=O)OCCCCCCCCCC,0.20745085778893008
CCCCCCCCCCOC(=O)CCN(CCC(=O)OCCCCCCCCCC)CC1CCN(C)CC1,0.06232553938446583
CCCCCCCCCCOC(=O)CCN(CCC(=O)OCCCCCCCCCC)CCC(=O)N1CCN(CCC(=O)OCCCCCCCCCC)CC1,0.20311382022313043
CCCCCCCCCCOC(=O)CCN(CCC(=O)OCCCCCCCCCC)CCC(C)(C)C,0.1453900520844617
CCCCCCCCCCOC(=O)CCN(CCC(=O)OCCCCCCCCCC)CCC(c1ccccc1)c1ccccc1,-0.007653032883385118
CCCCCCCCCCOC(=O)CCN(CCC(=O)OCCCCCCCCCC)CCC1CCC(C)CC1,0.07272649923405028
CCCCCCCCCCOC(=O)CCN(CCC(=O)OCCCCCCCCCC)CCC1CCC(CC)CC1,0.0697012818581471
CCCCCCCCCCOC(=O)CCN(CCC(=O)OCCCCCCCCCC)CCN(C(C)C)C(C)C,0.12444594255763172
CCCCCCCCCCOC(=O)CCN(CCC(=O)OCCCCCCCCCC)CCN(C)C,0.22513751806964497
CCCCCCCCCCOC(=O)CCN(CCC(=O)OCCCCCCCCCC)CCN(C)CCCN(C)CCN(CCC(=O)OCCCCCCCCCC)CCC(=O)OCCCCCCCCCC,0.3004413979903037
CCCCCCCCCCOC(=O)CCN(CCC(=O)OCCCCCCCCCC)CCN(C)CCN(C)CCN(CCC(=O)OCCCCCCCCCC)CCC(=O)OCCCCCCCCCC,0.30238654642177476
CCCCCCCCCCOC(=O)CCN(CCC(=O)OCCCCCCCCCC)CCN(C)CCN(CCC(=O)OCCCCCCCCCC)CCC(=O)OCCCCCCCCCC,0.30080829490697275
CCCCCCCCCCOC(=O)CCN(CCC(=O)OCCCCCCCCCC)CCN(CC)CCN(CC)CCN(CCC(=O)OCCCCCCCCCC)CCC(=O)OCCCCCCCCCC,0.29233467033415295
CCCCCCCCCCOC(=O)CCN(CCC(=O)OCCCCCCCCCC)CCN(CCC(=O)OCCCCCCCCCC)C(C)C,0.22202518745824645
CCCCCCCCCCOC(=O)CCN(CCC(=O)OCCCCCCCCCC)CCN(CCC(=O)OCCCCCCCCCC)CCN(CC)CC,0.2813035814014699
CCCCCCCCCCOC(=O)CCN(CCC(=O)OCCCCCCCCCC)CCN(CCC(=O)OCCCCCCCCCC)CCN(CCC(=O)OCCCCCCCCCC)CCC(=O)OCCCCCCCCCC,0.3067047194662327
CCCCCCCCCCOC(=O)CCN(CCC(=O)OCCCCCCCCCC)CCN(CCC(=O)OCCCCCCCCCC)CCN(CCC(=O)OCCCCCCCCCC)CCN(CCC(=O)OCCCCCCCCCC)CCN(CCC(=O)OCCCCCCCCCC)CCC(=O)OCCCCCCCCCC,0.3084928838395318
CCCCCCCCCCOC(=O)CCN(CCC(=O)OCCCCCCCCCC)CCN(CCC(=O)OCCCCCCCCCC)CCN(CCC(=O)OCCCCCCCCCC)CCN(CCC(=O)OCCCCCCCCCC)CCN(CCC(=O)OCCCCCCCCCC)CCN(CCC(=O)OCCCCCCCCCC)CCC(=O)OCCCCCCCCCC,0.30903175429868734
CCCCCCCCCCOC(=O)CCN(CCC(=O)OCCCCCCCCCC)CCN(CCC(=O)OCCCCCCCCCC)CCN1CCN(CCN(CCC(=O)OCCCCCCCCCC)CCC(=O)OCCCCCCCCCC)CC1,0.29943785351739727
CCCCCCCCCCOC(=O)CCN(CCC(=O)OCCCCCCCCCC)CCN(CCC(=O)OCCCCCCCCCC)Cc1ccccc1,0.14028242285308884
CCCCCCCCCCOC(=O)CCN(CCC(=O)OCCCCCCCCCC)CCN(CCC(=O)OCCCCCCCCCC)c1ccccc1,0.10451551568197705
CCCCCCCCCCOC(=O)CCN(CCC(=O)OCCCCCCCCCC)CCN(CCN(CCC(=O)OCCCCCCCCCC)CCC(=O)OCCCCCCCCCC)CCN(CCC(=O)OCCCCCCCCCC)CCC(=O)OCCCCCCCCCC,0.3072251159116539
CCCCCCCCCCOC(=O)CCN(CCC(=O)OCCCCCCCCCC)CCN1CCN(CCC(=O)OCCCCCCCCCC)CC1,0.2510872442251781
CCCCCCCCCCOC(=O)CCN(CCC(=O)OCCCCCCCCCC)CCN1CCN(CCN(CCC(=O)OCCCCCCCCCC)CCC(=O)OCCCCCCCCCC)CC1,0.2906680739829399
CCCCCCCCCCOC(=O)CCN(CCC(=O)OCCCCCCCCCC)CC[C@H](C)O,0.04560745812627237
CCCCCCCCCCOC(=O)CCN(CCC(=O)OCCCCCCCCCC)CCc1ccc(OC)cc1,0.019360014978672204
CCCCCCCCCCOC(=O)CCN(CCC(=O)OCCCCCCCCCC)CCc1ccccc1F,0.10833568639034541
CCCCCCCCCCOC(=O)CCN(CCC(=O)OCCCCCCCCCC)CN(CC)CCC,0.18496413807623438
CCCCCCCCCCOC(=O)CCN(CCC(=O)OCCCCCCCCCC)C[C@@H](C)O,0.1398130777675726
CCCCCCCCCCOC(=O)CCN(CCC(=O)OCCCCCCCCCC)C[C@@H]1CCCN1CC,0.023247307936942064
CCCCCCCCCCOC(=O)CCN(CCC(=O)OCCCCCCCCCC)C[C@H]1CCCN1CC,0.2003871308935558
CCCCCCCCCCOC(=O)CCN(CCC(=O)OCCCCCCCCCC)Cc1cc(C)c(OC)c(OC)c1,-0.08056504666836042
CCCCCCCCCCOC(=O)CCN(CCC(=O)OCCCCCCCCCC)Cc1cc(F)ccc1F,0.07265538179093467
CCCCCCCCCCOC(=O)CCN(CCC(=O)OCCCCCCCCCC)Cc1cccc(CN(CCC(=O)OCCCCCCCCCC)CCC(=O)OCCCCCCCCCC)c1,0.109966761568809
CCCCCCCCCCOC(=O)CCN(CCC(=O)OCCCCCCCCCC)Cc1cccc(F)c1,0.04912524077080832
CCCCCCCCCCOC(=O)CCN(CCC(=O)OCCCCCCCCCC)Cc1cccc(N(CCC(=O)OCCCCCCCCCC)CCC(=O)OCCCCCCCCCC)c1,0.08011822248058792
CCCCCCCCCCOC(=O)CCN(CCC(=O)OCCCCCCCCCC)Cc1ccccc1F,0.07944593359541421
CCCCCCCCCCOC(=O)CCN(CCC(=O)OCCCCCCCCCC)Cc1ccccc1N(CCC(=O)OCCCCCCCCCC)CCC(=O)OCCCCCCCCCC,0.10079432363255945
CCCCCCCCCCOC(=O)CCN(CCC(=O)OCCCCCCCCCC)Cc1ccccc1OC,0.01367697278780582
CCCCCCCCCCOC(=O)CCN(CCC(=O)OCCCCCCCCCC)Cc1ccccc1OCC,0.03816381238747482
CCCCCCCCCCOC(=O)CCN(CCC(=O)OCCCCCCCCCC)Cc1nccn1C,-0.004727440005937228
CCCCCCCCCCOC(=O)CCN(CCC(=O)OCCCCCCCCCC)[C@@H](CO)CC(C)C,0.22005542202798628
CCCCCCCCCCOC(=O)CCN(CCC(=O)OCCCCCCCCCC)[C@H]1CCCC[C@H]1N(CCC(=O)OCCCCCCCCCC)CCC(=O)OCCCCCCCCCC,0.2610497541488004
CCCCCCCCCCOC(=O)CCN(CCC(=O)OCCCCCCCCCC)[C@@H]1CCCC[C@H]1N(CCC(=O)OCCCCCCCCCC)CCC(=O)OCCCCCCCCCC,0.16299176194104528
CCCCCCCCCCOC(=O)CCN(CCC(=O)OCCCCCCCCCC)[C@@H](c1ccccc1)[C@@H](c1ccccc1)N(CCC(=O)OCCCCCCCCCC)CCC(=O)OCCCCCCCCCC,0.12222979686615332
CCCCCCCCCCOC(=O)CCN(CCC(=O)OCCCCCCCCCC)[C@H]1CC[C@H](N(CCC(=O)OCCCCCCCCCC)CCC(=O)OCCCCCCCCCC)CC1,0.023167516719085332
CCCCCCCCCCOC(=O)CCN(CCC(=O)OCCCCCCCCCC)c1c(-c2ccccc2)cc(-c2ccccc2)cc1-c1ccccc1,-0.1594379933960722
CCCCCCCCCCOC(=O)CCN(CCC(=O)OCCCCCCCCCC)c1c(C)c(C)c(N(CCC(=O)OCCCCCCCCCC)CCC(=O)OCCCCCCCCCC)c(C)c1C,-0.0787554569449865
CCCCCCCCCCOC(=O)CCN(CCC(=O)OCCCCCCCCCC)c1c(C)cc(-c2cc(C)c(N(CCC(=O)OCCCCCCCCCC)CCC(=O)OCCCCCCCCCC)c(C)c2)cc1C,-0.07669715893427333
CCCCCCCCCCOC(=O)CCN(CCC(=O)OCCCCCCCCCC)c1c(CC)cccc1CC,-0.02991138121273286
CCCCCCCCCCOC(=O)CCN(CCC(=O)OCCCCCCCCCC)c1c(F)cc(F)cc1F,0.03584203438819662
CCCCCCCCCCOC(=O)CCN(CCC(=O)OCCCCCCCCCC)c1c(N(CCC(=O)OCCCCCCCCCC)CCC(=O)OCCCCCCCCCC)c2ccccc2c2ccccc12,0.0036786567898503533
CCCCCCCCCCOC(=O)CCN(CCC(=O)OCCCCCCCCCC)c1cc(C(C)(C)C)ccc1C(C)(C)C,-0.14441585663773965
CCCCCCCCCCOC(=O)CCN(CCC(=O)OCCCCCCCCCC)c1cc(C(C)(C)C)ccc1OC,-0.10659650156026389
CCCCCCCCCCOC(=O)CCN(CCC(=O)OCCCCCCCCCC)c1cc(C)c(C)cc1N(CCC(=O)OCCCCCCCCCC)CCC(=O)OCCCCCCCCCC,-0.02652773793133639
CCCCCCCCCCOC(=O)CCN(CCC(=O)OCCCCCCCCCC)c1cc(F)c(F)c(F)c1,0.023115571697540388
CCCCCCCCCCOC(=O)CCN(CCC(=O)OCCCCCCCCCC)c1cc(F)cc(F)c1,-0.014046168569085625
CCCCCCCCCCOC(=O)CCN(CCC(=O)OCCCCCCCCCC)c1cc(F)ccc1F,0.009031682034301181
CCCCCCCCCCOC(=O)CCN(CCC(=O)OCCCCCCCCCC)c1cc(OC)ccc1OC,-0.08166189242038709
CCCCCCCCCCOC(=O)CCN(CCC(=O)OCCCCCCCCCC)c1ccc(-c2ccc(N(CCC(=O)OCCCCCCCCCC)CCC(=O)OCCCCCCCCCC)c(C)c2)cc1C,-0.0481369945599818
CCCCCCCCCCOC(=O)CCN(CCC(=O)OCCCCCCCCCC)c1ccc(-c2ccc(N(CCC(=O)OCCCCCCCCCC)CCC(=O)OCCCCCCCCCC)c(N(CCC(=O)OCCCCCCCCCC)CCC(=O)OCCCCCCCCCC)c2)cc1N(CCC(=O)OCCCCCCCCCC)CCC(=O)OCCCCCCCCCC,0.02685861715344863
CCCCCCCCCCOC(=O)CCN(CCC(=O)OCCCCCCCCCC)c1ccc(-c2ccccc2)cc1,-0.06216564241629827
CCCCCCCCCCOC(=O)CCN(CCC(=O)OCCCCCCCCCC)c1ccc(C(C)(C)C)cc1,-0.07141700794781126
CCCCCCCCCCOC(=O)CCN(CCC(=O)OCCCCCCCCCC)c1ccc(C(C)C)cc1,-0.0398771729022096
CCCCCCCCCCOC(=O)CCN(CCC(=O)OCCCCCCCCCC)c1ccc(C)c(F)c1,-0.025913739816327767
CCCCCCCCCCOC(=O)CCN(CCC(=O)OCCCCCCCCCC)c1ccc(C)c(N(CCC(=O)OCCCCCCCCCC)CCC(=O)OCCCCCCCCCC)c1,0.01938021623759311
CCCCCCCCCCOC(=O)CCN(CCC(=O)OCCCCCCCCCC)c1ccc(C)cc1N(CCC(=O)OCCCCCCCCCC)CCC(=O)OCCCCCCCCCC,0.02193876200313834
CCCCCCCCCCOC(=O)CCN(CCC(=O)OCCCCCCCCCC)c1ccc(C2(c3ccc(N(CCC(=O)OCCCCCCCCCC)CCC(=O)OCCCCCCCCCC)cc3)c3ccccc3-c3ccccc32)cc1,0.040648387000465816
CCCCCCCCCCOC(=O)CCN(CCC(=O)OCCCCCCCCCC)c1ccc(Cc2ccc(N(CCC(=O)OCCCCCCCCCC)CCC(=O)OCCCCCCCCCC)cc2)cc1,-0.00954870700490416
CCCCCCCCCCOC(=O)CCN(CCC(=O)OCCCCCCCCCC)c1ccc(F)c(F)c1,0.02038837170417148
CCCCCCCCCCOC(=O)CCN(CCC(=O)OCCCCCCCCCC)c1ccc(F)cc1,0.010881531590044994
CCCCCCCCCCOC(=O)CCN(CCC(=O)OCCCCCCCCCC)c1ccc(F)cc1C(F)(F)F,0.09013146835412458
CCCCCCCCCCOC(=O)CCN(CCC(=O)OCCCCCCCCCC)c1ccc(N(CCC(=O)OCCCCCCCCCC)CCC(=O)OCCCCCCCCCC)cc1,0.0663986538857613
CCCCCCCCCCOC(=O)CCN(CCC(=O)OCCCCCCCCCC)c1ccc(N(CCC(=O)OCCCCCCCCCC)c2ccccc2)cc1,-0.020711585214680767
CCCCCCCCCCOC(=O)CCN(CCC(=O)OCCCCCCCCCC)c1ccc(OC(F)(F)F)cc1,0.014534857923154707
CCCCCCCCCCOC(=O)CCN(CCC(=O)OCCCCCCCCCC)c1ccc(OC(F)F)cc1,0.006526132656936185
CCCCCCCCCCOC(=O)CCN(CCC(=O)OCCCCCCCCCC)c1ccc(OC)c(F)c1,-0.029496279135835825
CCCCCCCCCCOC(=O)CCN(CCC(=O)OCCCCCCCCCC)c1ccc(OCCCCCCCC)cc1,0.03411722236443536
CCCCCCCCCCOC(=O)CCN(CCC(=O)OCCCCCCCCCC)c1ccc(Oc2ccc(F)cc2)cc1,-0.06268859218069088
CCCCCCCCCCOC(=O)CCN(CCC(=O)OCCCCCCCCCC)c1ccc(Oc2ccc(N(CCC(=O)OCCCCCCCCCC)CCC(=O)OCCCCCCCCCC)cc2)cc1,-0.008254857674709435
CCCCCCCCCCOC(=O)CCN(CCC(=O)OCCCCCCCCCC)c1ccc(Oc2ccccc2)cc1,-0.06472954264192178
CCCCCCCCCCOC(=O)CCN(CCC(=O)OCCCCCCCCCC)c1ccc2c(c1)CCCC2,-0.03023116188461761
CCCCCCCCCCOC(=O)CCN(CCC(=O)OCCCCCCCCCC)c1ccc2c(c1)Cc1cc(N(CCC(=O)OCCCCCCCCCC)CCC(=O)OCCCCCCCCCC)ccc1-2,-0.010596206112927373
CCCCCCCCCCOC(=O)CCN(CCC(=O)OCCCCCCCCCC)c1ccc2c(c1)OCCO2,-0.1328394989289491
CCCCCCCCCCOC(=O)CCN(CCC(=O)OCCCCCCCCCC)c1ccc2c(c1)OCO2,-0.1945704158223106
CCCCCCCCCCOC(=O)CCN(CCC(=O)OCCCCCCCCCC)c1ccc2cc3ccccc3cc2c1,-0.09538324082873201
CCCCCCCCCCOC(=O)CCN(CCC(=O)OCCCCCCCCCC)c1ccc2ccccc2c1-c1c(N(CCC(=O)OCCCCCCCCCC)CCC(=O)OCCCCCCCCCC)ccc2ccccc12,-0.0350716013051552
CCCCCCCCCCOC(=O)CCN(CCC(=O)OCCCCCCCCCC)c1cccc(C(F)(F)F)c1,0.05193697064165445
CCCCCCCCCCOC(=O)CCN(CCC(=O)OCCCCCCCCCC)c1cccc(C)c1N(CCC(=O)OCCCCCCCCCC)CCC(=O)OCCCCCCCCCC,0.0315956847044523
CCCCCCCCCCOC(=O)CCN(CCC(=O)OCCCCCCCCCC)c1cccc(F)c1,0.0011395012289645203
CCCCCCCCCCOC(=O)CCN(CCC(=O)OCCCCCCCCCC)c1cccc(N(CCC(=O)OCCCCCCCCCC)CCC(=O)OCCCCCCCCCC)c1,0.05026630399961056
CCCCCCCCCCOC(=O)CCN(CCC(=O)OCCCCCCCCCC)c1cccc(N(CCC(=O)OCCCCCCCCCC)CCC(=O)OCCCCCCCCCC)c1C,0.019517734993488876
CCCCCCCCCCOC(=O)CCN(CCC(=O)OCCCCCCCCCC)c1cccc(OC(C)C)c1,-0.03809147924050345
CCCCCCCCCCOC(=O)CCN(CCC(=O)OCCCCCCCCCC)c1cccc(OCc2ccccc2)c1,-0.08598165753432128
CCCCCCCCCCOC(=O)CCN(CCC(=O)OCCCCCCCCCC)c1cccc2c1CCC2,-0.0147771387320318
CCCCCCCCCCOC(=O)CCN(CCC(=O)OCCCCCCCCCC)c1cccc2cccc(N(CCC(=O)OCCCCCCCCCC)CCC(=O)OCCCCCCCCCC)c12,0.016309174295914705
CCCCCCCCCCOC(=O)CCN(CCC(=O)OCCCCCCCCCC)c1ccccc1C(C)(C)C,-0.0725154908278843
CCCCCCCCCCOC(=O)CCN(CCC(=O)OCCCCCCCCCC)c1ccccc1C(C)C,-0.03439210304876809
CCCCCCCCCCOC(=O)CCN(CCC(=O)OCCCCCCCCCC)c1ccccc1Cc1ccccc1,-0.062294615063401476
CCCCCCCCCCOC(=O)CCN(CCC(=O)OCCCCCCCCCC)c1ccccc1N(CCC(=O)OCCCCCCCCCC)c1ccccc1,-0.027461614345131613
CCCCCCCCCCOC(=O)CCN(CCC(=O)OCCCCCCCCCC)c1ccccc1OC,-0.03531209391321581
CCCCCCCCCCOC(=O)CCN(CCC(=O)OCCCCCCCCCC)c1ccccc1OCC,-0.012445778276849107
CCCCCCCCCCOC(=O)CCN(CCC(=O)OCCCCCCCCCC)c1ccccc1Oc1ccccc1,-0.06454428433102223
CCCCCCCCCCOC(=O)CCN(CCC(=O)OCCCCCCCCCC)c1nc(N(CCC(=O)OCCCCCCCCCC)CCC(=O)OCCCCCCCCCC)nc(N(CCC(=O)OCCCCCCCCCC)CCC(=O)OCCCCCCCCCC)n1,0.21184059886220444
CCCCCCCCCCOC(=O)CCN(CCC)CCC(=O)OCCCCCCCCCC,0.2108764055405045
CCCCCCCCCCOC(=O)CCN(CCC)CCCN(CCC(=O)OCCCCCCCCCC)CCC(=O)OCCCCCCCCCC,0.28422701146755375
CCCCCCCCCCOC(=O)CCN(CCCC)CCC(=O)OCCCCCCCCCC,0.2716066466899215
CCCCCCCCCCOC(=O)CCN(CCCCC)CCC(=O)OCCCCCCCCCC,0.2906563887937649
CCCCCCCCCCOC(=O)CCN(CCCCCC)CCC(=O)OCCCCCCCCCC,0.2983306743332981
CCCCCCCCCCOC(=O)CCN(CCCCCCCCN(CCC(=O)OCCCCCCCCCC)CCC(=O)OCCCCCCCCCC)CCC(=O)OCCCCCCCCCC,0.29586921476676004
CCCCCCCCCCOC(=O)CCN(CCCCCCN(CCC(=O)OCCCCCCCCCC)CCC(=O)OCCCCCCCCCC)CCCCCCN(CCC(=O)OCCCCCCCCCC)CCC(=O)OCCCCCCCCCC,0.2980361414801836
CCCCCCCCCCOC(=O)CCN(CCCCN(C)Cc1ccccc1)CCC(=O)OCCCCCCCCCC,0.08461640451253062
CCCCCCCCCCOC(=O)CCN(CCCCN1CCN(C)CC1)CCC(=O)OCCCCCCCCCC,0.21221784423046938
CCCCCCCCCCOC(=O)CCN(CCCCc1ccccc1)CCC(=O)OCCCCCCCCCC,0.10540210312646932
CCCCCCCCCCOC(=O)CCN(CCCN(C)C)CCCN(CCC(=O)OCCCCCCCCCC)CCC(=O)OCCCCCCCCCC,0.2607797031187648
CCCCCCCCCCOC(=O)CCN(CCCN(C)CCCN(CCC(=O)OCCCCCCCCCC)CCC(=O)OCCCCCCCCCC)CCC(=O)OCCCCCCCCCC,0.2988795477950122
CCCCCCCCCCOC(=O)CCN(CCCN(CCC(=O)OCCCCCCCCCC)CCC(=O)OCCCCCCCCCC)CCCN(CCC(=O)OCCCCCCCCCC)CCC(=O)OCCCCCCCCCC,0.29922709956559196
CCCCCCCCCCOC(=O)CCN(CCCN(CCC(=O)OCCCCCCCCCC)CCN(CCC(=O)OCCCCCCCCCC)CCC(=O)OCCCCCCCCCC)CCC(=O)OCCCCCCCCCC,0.3031168857647398
CCCCCCCCCCOC(=O)CCN(CCCN(CCC(=O)OCCCCCCCCCC)CCN(CCC(=O)OCCCCCCCCCC)CCC(=O)OCCCCCCCCCC)CCN(CCC(=O)OCCCCCCCCCC)CCC(=O)OCCCCCCCCCC,0.30703887382197415
CCCCCCCCCCOC(=O)CCN(CCCN(CCCN(CCC(=O)OCCCCCCCCCC)CCC(=O)OCCCCCCCCCC)CCC(=O)OCCCCCCCCCC)CCCN(CCC(=O)OCCCCCCCCCC)CCC(=O)OCCCCCCCCCC,0.3006179975459855
CCCCCCCCCCOC(=O)CCN(CCCN1CCN(C(C)C)CC1)CCC(=O)OCCCCCCCCCC,0.1689238128097181
CCCCCCCCCCOC(=O)CCN(CCCN1CCN(CCCN(CCC(=O)OCCCCCCCCCC)CCC(=O)OCCCCCCCCCC)CC1)CCC(=O)OCCCCCCCCCC,0.2941893711959424
CCCCCCCCCCOC(=O)CCN(CCCOC(C)C)CCC(=O)OCCCCCCCCCC,0.16803567835431962
CCCCCCCCCCOC(=O)CCN(CCCOCCCCOCCCN(CCC(=O)OCCCCCCCCCC)CCC(=O)OCCCCCCCCCC)CCC(=O)OCCCCCCCCCC,0.1770027092890805
CCCCCCCCCCOC(=O)CCN(CCCOCCOCCOCCCN(CCC(=O)OCCCCCCCCCC)CCC(=O)OCCCCCCCCCC)CCC(=O)OCCCCCCCCCC,0.12568461766875882
CCCCCCCCCCOC(=O)CCN(CCCc1ccccc1)CCC(=O)OCCCCCCCCCC,0.1003726354946685
CCCCCCCCCCOC(=O)CCN(CCN(CCC(=O)OCCCCCCCCCC)C(C)(C)C)C(C)(C)C,-0.022295972204775853
CCCCCCCCCCOC(=O)CCN(CCO)CCC(=O)OCCCCCCCCCC,0.1295388376365872
CCCCCCCCCCOC(=O)CCN(CCOCCN1CCCC1)CCC(=O)OCCCCCCCCCC,0.033515450141442804
CCCCCCCCCCOC(=O)CCN(CCOCCOCCN(CCC(=O)OCCCCCCCCCC)CCC(=O)OCCCCCCCCCC)CCC(=O)OCCCCCCCCCC,0.11280539140599515
CCCCCCCCCCOC(=O)CCN(CCOCCOCCOCCN(CCC(=O)OCCCCCCCCCC)CCC(=O)OCCCCCCCCCC)CCC(=O)OCCCCCCCCCC,0.07177722029904807
CCCCCCCCCCOC(=O)CCN(c1ccccc1)c1ccc(-c2ccc(N(CCC(=O)OCCCCCCCCCC)c3ccccc3)cc2)cc1,-0.1110010669030958
CCCCCCCCCCOC(=O)CCN1C(C)N(CCC(=O)OCCCCCCCCCC)C(C)N(CCC(=O)OCCCCCCCCCC)C1C,0.1312028956883521
CCCCCCCCCCOC(=O)CCN1CCC(N(CCC(=O)OCCCCCCCCCC)CCC(=O)OCCCCCCCCCC)CC1,0.138364805207939
CCCCCCCCCCOC(=O)CCN1CCCCN(C)CCN(CCC(=O)OCCCCCCCCCC)CCCN(C)CC1,0.06113884684369207
CCCCCCCCCCOC(=O)CCN1CCCN(CCC(=O)OCCCCCCCCCC)CCCN(CCC(=O)OCCCCCCCCCC)CCC1,0.14289694638220152
CCCCCCCCCCOC(=O)CCN1CCCN(CCC(=O)OCCCCCCCCCC)CCCN(CCC(=O)OCCCCCCCCCC)CCN(CCC(=O)OCCCCCCCCCC)CCC1,0.15284239412728542
CCCCCCCCCCOC(=O)CCN1CCCN(CCC(=O)OCCCCCCCCCC)CCN(CCC(=O)OCCCCCCCCCC)CCCN(CCC(=O)OCCCCCCCCCC)CC1,0.16299921162463246
CCCCCCCCCCOC(=O)CCN1CCCN(CCC(=O)OCCCCCCCCCC)CCN(CCC(=O)OCCCCCCCCCC)CCN(CCC(=O)OCCCCCCCCCC)CC1,0.17333743492513687
CCCCCCCCCCOC(=O)CCN1CCN(CCC(=O)OCCCCCCCCCC)C(c2ccccc2)C1,0.060792902162112
CCCCCCCCCCOC(=O)CCN1CCN(CCC(=O)OCCCCCCCCCC)C2C1N(CCC(=O)OCCCCCCCCCC)CCN2CCC(=O)OCCCCCCCCCC,0.30141295087845066
CCCCCCCCCCOC(=O)CCN1CCN(CCC(=O)OCCCCCCCCCC)CC1,0.1840663761063613
CCCCCCCCCCOC(=O)CCN1CCN(CCC(=O)OCCCCCCCCCC)CCN(CCC(=O)OCCCCCCCCCC)CCN(CCC(=O)OCCCCCCCCCC)CC1,0.18406636108683797
CCCCCCCCCCOC(=O)CCN1CCN(CCC(=O)OCCCCCCCCCC)[C@H](C)C1,-0.007963809351014789
CCCCCCCCCCOC(=O)CCN1CCOCCN(CCC(=O)OCCCCCCCCCC)CCN(CCC(=O)OCCCCCCCCCC)CC1,-0.11402680245255495
CCCCCCCCCCOC(=O)CCN1CC[C@@H](N(CCC(=O)OCCCCCCCCCC)CCC(=O)OCCCCCCCCCC)C1,0.23049274414362833
N(CCC(=O)OCCCCCCCC/C=C\CC(CCCCCC)OC(OCCCCCCCCCCCCCCCCCC)=O)(CCC(=O)OCCCCCCCC/C=C\CC(CCCCCC)OC(OCCCCCCCCCCCCCCCCCC)=O)CCCN(C)C,0.26197102167273384
N(CCC(=O)OCCCCCCCC/C=C\CC(CCCCCC)OC(OCCC#CCCCCCC)=O)(CCC(=O)OCCCCCCCC/C=C\CC(CCCCCC)OC(OCCC#CCCCCCC)=O)CCCN(C)C,0.24133741075235135
N(CCC(=O)OCCCCCCCC/C=C\CC(CCCCCC)OC(OCCCCCCCC/C=C\CCCCCCCC)=O)(CCC(=O)OCCCCCCCC/C=C\CC(CCCCCC)OC(OCCCCCCCC/C=C\CCCCCCCC)=O)CCCN(C)C,0.27041001122468256
N(CCC(=O)OCCCCCCCC/C=C\CC(CCCCCC)OC(OCCCCCCCC/C=C\C/C=C\CCCCC)=O)(CCC(=O)OCCCCCCCC/C=C\CC(CCCCCC)OC(OCCCCCCCC/C=C\C/C=C\CCCCC)=O)CCCN(C)C,0.2722054150082418
N(CCC(=O)OCCCCCCCC/C=C\CC(CCCCCC)OC(OCC#CCC)=O)(CCC(=O)OCCCCCCCC/C=C\CC(CCCCCC)OC(OCC#CCC)=O)CCCN(C)C,0.1897372825223518
N(CCC(=O)OCCCCCCCC/C=C\CC(CCCCCC)OC(OCC#CCCC)=O)(CCC(=O)OCCCCCCCC/C=C\CC(CCCCCC)OC(OCC#CCCC)=O)CCCN(C)C,0.19613753699276545
N(CCC(=O)OCCCCCCCC/C=C\CC(CCCCCC)OC(OCC#CCCCC)=O)(CCC(=O)OCCCCCCCC/C=C\CC(CCCCCC)OC(OCC#CCCCC)=O)CCCN(C)C,0.21194717739997598
N(CCC(=O)OCCCCCCCC/C=C\CC(CCCCCC)OC(OCC#CCCCCC)=O)(CCC(=O)OCCCCCCCC/C=C\CC(CCCCCC)OC(OCC#CCCCCC)=O)CCCN(C)C,0.21978610695459538
N(CCC(=O)OCCCCCCCC/C=C\CC(CCCCCC)OC(OCC#CCCCCCC)=O)(CCC(=O)OCCCCCCCC/C=C\CC(CCCCCC)OC(OCC#CCCCCCC)=O)CCCN(C)C,0.23372858029562657
N(CCC(=O)OCCCCCCCC/C=C\CC(CCCCCC)OC(OCCC#CCCCC)=O)(CCC(=O)OCCCCCCCC/C=C\CC(CCCCCC)OC(OCCC#CCCCC)=O)CCCN(C)C,0.22660938630047914
N(CCC(=O)OCCCCCCCC/C=C\CC(CCCCCC)OC(OCCCCCCCCCCCCCCCCCC)=O)(CCC(=O)OCCCCCCCC/C=C\CC(CCCCCC)OC(OCCCCCCCCCCCCCCCCCC)=O)CCC1=CC=NC=C1,0.11655515058884587
N(CCC(=O)OCCCCCCCC/C=C\CC(CCCCCC)OC(OCCC#CCCCCCC)=O)(CCC(=O)OCCCCCCCC/C=C\CC(CCCCCC)OC(OCCC#CCCCCCC)=O)CCC1=CC=NC=C1,0.08387969689166044
N(CCC(=O)OCCCCCCCC/C=C\CC(CCCCCC)OC(OCCCCCCCC/C=C\CCCCCCCC)=O)(CCC(=O)OCCCCCCCC/C=C\CC(CCCCCC)OC(OCCCCCCCC/C=C\CCCCCCCC)=O)CCC1=CC=NC=C1,0.12497046937197728
N(CCC(=O)OCCCCCCCC/C=C\CC(CCCCCC)OC(OCCCCCCCC/C=C\C/C=C\CCCCC)=O)(CCC(=O)OCCCCCCCC/C=C\CC(CCCCCC)OC(OCCCCCCCC/C=C\C/C=C\CCCCC)=O)CCC1=CC=NC=C1,0.12416410120175753
N(CCC(=O)OCCCCCCCC/C=C\CC(CCCCCC)OC(OCC#CCC)=O)(CCC(=O)OCCCCCCCC/C=C\CC(CCCCCC)OC(OCC#CCC)=O)CCC1=CC=NC=C1,0.02659792328646711
N(CCC(=O)OCCCCCCCC/C=C\CC(CCCCCC)OC(OCC#CCCC)=O)(CCC(=O)OCCCCCCCC/C=C\CC(CCCCCC)OC(OCC#CCCC)=O)CCC1=CC=NC=C1,0.03491074884218122
N(CCC(=O)OCCCCCCCC/C=C\CC(CCCCCC)OC(OCC#CCCCC)=O)(CCC(=O)OCCCCCCCC/C=C\CC(CCCCCC)OC(OCC#CCCCC)=O)CCC1=CC=NC=C1,0.050494075071384176
N(CCC(=O)OCCCCCCCC/C=C\CC(CCCCCC)OC(OCC#CCCCCC)=O)(CCC(=O)OCCCCCCCC/C=C\CC(CCCCCC)OC(OCC#CCCCCC)=O)CCC1=CC=NC=C1,0.0603307514282858
N(CCC(=O)OCCCCCCCC/C=C\CC(CCCCCC)OC(OCC#CCCCCCC)=O)(CCC(=O)OCCCCCCCC/C=C\CC(CCCCCC)OC(OCC#CCCCCCC)=O)CCC1=CC=NC=C1,0.07476014269716592
N(CCC(=O)OCCCCCCCC/C=C\CC(CCCCCC)OC(OCCC#CCCCC)=O)(CCC(=O)OCCCCCCCC/C=C\CC(CCCCCC)OC(OCCC#CCCCC)=O)CCC1=CC=NC=C1,0.06607544876255018
OCCN1CCC(CCCC2CCN(CCC(=O)OCCCCCCCC/C=C\CC(CCCCCC)OC(OCCCCCCCCCCCCCCCCCC)=O)CC2)CC1,0.03761219035298555
OCCN1CCC(CCCC2CCN(CCC(=O)OCCCCCCCC/C=C\CC(CCCCCC)OC(OCCC#CCCCCCC)=O)CC2)CC1,0.01097697315124417
OCCN1CCC(CCCC2CCN(CCC(=O)OCCCCCCCC/C=C\CC(CCCCCC)OC(OCCCCCCCC/C=C\CCCCCCCC)=O)CC2)CC1,0.04569153741804875
OCCN1CCC(CCCC2CCN(CCC(=O)OCCCCCCCC/C=C\CC(CCCCCC)OC(OCCCCCCCC/C=C\C/C=C\CCCCC)=O)CC2)CC1,0.044985679898162614
OCCN1CCC(CCCC2CCN(CCC(=O)OCCCCCCCC/C=C\CC(CCCCCC)OC(OCC#CCC)=O)CC2)CC1,-0.028805779078586582
OCCN1CCC(CCCC2CCN(CCC(=O)OCCCCCCCC/C=C\CC(CCCCCC)OC(OCC#CCCC)=O)CC2)CC1,-0.023009654896333213
OCCN1CCC(CCCC2CCN(CCC(=O)OCCCCCCCC/C=C\CC(CCCCCC)OC(OCC#CCCCC)=O)CC2)CC1,-0.01279401343574178
OCCN1CCC(CCCC2CCN(CCC(=O)OCCCCCCCC/C=C\CC(CCCCCC)OC(OCC#CCCCCC)=O)CC2)CC1,-0.0062763433720913215
OCCN1CCC(CCCC2CCN(CCC(=O)OCCCCCCCC/C=C\CC(CCCCCC)OC(OCC#CCCCCCC)=O)CC2)CC1,0.0037029884176956063
OCCN1CCC(CCCC2CCN(CCC(=O)OCCCCCCCC/C=C\CC(CCCCCC)OC(OCCC#CCCCC)=O)CC2)CC1,-0.0020725890565995507
CCN1CCN(C2CCN(CCC(=O)OCCCCCCCC/C=C\CC(CCCCCC)OC(OCCCCCCCCCCCCCCCCCC)=O)CC2)CC1,0.10479854358019677
CCN1CCN(C2CCN(CCC(=O)OCCCCCCCC/C=C\CC(CCCCCC)OC(OCCC#CCCCCCC)=O)CC2)CC1,0.08050004880347807
CCN1CCN(C2CCN(CCC(=O)OCCCCCCCC/C=C\CC(CCCCCC)OC(OCCCCCCCC/C=C\CCCCCCCC)=O)CC2)CC1,0.11355895093207666
CCN1CCN(C2CCN(CCC(=O)OCCCCCCCC/C=C\CC(CCCCCC)OC(OCCCCCCCC/C=C\C/C=C\CCCCC)=O)CC2)CC1,0.11327201795778301
CCN1CCN(C2CCN(CCC(=O)OCCCCCCCC/C=C\CC(CCCCCC)OC(OCC#CCC)=O)CC2)CC1,0.03602532514153585
CCN1CCN(C2CCN(CCC(=O)OCCCCCCCC/C=C\CC(CCCCCC)OC(OCC#CCCC)=O)CC2)CC1,0.04150777408815083
CCN1CCN(C2CCN(CCC(=O)OCCCCCCCC/C=C\CC(CCCCCC)OC(OCC#CCCCC)=O)CC2)CC1,0.05317952078980877
CCN1CCN(C2CCN(CCC(=O)OCCCCCCCC/C=C\CC(CCCCCC)OC(OCC#CCCCCC)=O)CC2)CC1,0.061080015370686
CCN1CCN(C2CCN(CCC(=O)OCCCCCCCC/C=C\CC(CCCCCC)OC(OCC#CCCCCCC)=O)CC2)CC1,0.07276711202521914
CCN1CCN(C2CCN(CCC(=O)OCCCCCCCC/C=C\CC(CCCCCC)OC(OCCC#CCCCC)=O)CC2)CC1,0.06591648212729452
N1(CCN2CCCC2)CCN(CCC(=O)OCCCCCCCC/C=C\CC(CCCCCC)OC(OCCCCCCCCCCCCCCCCCC)=O)CC1,0.2121244678537324
N1(CCN2CCCC2)CCN(CCC(=O)OCCCCCCCC/C=C\CC(CCCCCC)OC(OCCC#CCCCCCC)=O)CC1,0.19726015624688004
N1(CCN2CCCC2)CCN(CCC(=O)OCCCCCCCC/C=C\CC(CCCCCC)OC(OCCCCCCCC/C=C\CCCCCCCC)=O)CC1,0.21905377001502332
N1(CCN2CCCC2)CCN(CCC(=O)OCCCCCCCC/C=C\CC(CCCCCC)OC(OCCCCCCCC/C=C\C/C=C\CCCCC)=O)CC1,0.2214265092570663
N1(CCN2CCCC2)CCN(CCC(=O)OCCCCCCCC/C=C\CC(CCCCCC)OC(OCC#CCC)=O)CC1,0.15643363726058135
N1(CCN2CCCC2)CCN(CCC(=O)OCCCCCCCC/C=C\CC(CCCCCC)OC(OCC#CCCC)=O)CC1,0.1617565263007679
N1(CCN2CCCC2)CCN(CCC(=O)OCCCCCCCC/C=C\CC(CCCCCC)OC(OCC#CCCCC)=O)CC1,0.17410919811353226
N1(CCN2CCCC2)CCN(CCC(=O)OCCCCCCCC/C=C\CC(CCCCCC)OC(OCC#CCCCCC)=O)CC1,0.18048938650073526
N1(CCN2CCCC2)CCN(CCC(=O)OCCCCCCCC/C=C\CC(CCCCCC)OC(OCC#CCCCCCC)=O)CC1,0.19116126851271023
N1(CCN2CCCC2)CCN(CCC(=O)OCCCCCCCC/C=C\CC(CCCCCC)OC(OCCC#CCCCC)=O)CC1,0.1857201007260537
CN(CCC(=O)OCCCCCCCC/C=C\CC(CCCCCC)OC(OCCCCCCCCCCCCCCCCCC)=O)CCN(CCN(CCC(=O)OCCCCCCCC/C=C\CC(CCCCCC)OC(OCCCCCCCCCCCCCCCCCC)=O)C)CCN(CCC(=O)OCCCCCCCC/C=C\CC(CCCCCC)OC(OCCCCCCCCCCCCCCCCCC)=O)C,0.28018000089786016
CN(CCC(=O)OCCCCCCCC/C=C\CC(CCCCCC)OC(OCCC#CCCCCCC)=O)CCN(CCN(CCC(=O)OCCCCCCCC/C=C\CC(CCCCCC)OC(OCCC#CCCCCCC)=O)C)CCN(CCC(=O)OCCCCCCCC/C=C\CC(CCCCCC)OC(OCCC#CCCCCCC)=O)C,0.2619079396746165
CN(CCC(=O)OCCCCCCCC/C=C\CC(CCCCCC)OC(OCCCCCCCC/C=C\CCCCCCCC)=O)CCN(CCN(CCC(=O)OCCCCCCCC/C=C\CC(CCCCCC)OC(OCCCCCCCC/C=C\CCCCCCCC)=O)C)CCN(CCC(=O)OCCCCCCCC/C=C\CC(CCCCCC)OC(OCCCCCCCC/C=C\CCCCCCCC)=O)C,0.28881995167238267
CN(CCC(=O)OCCCCCCCC/C=C\CC(CCCCCC)OC(OCCCCCCCC/C=C\C/C=C\CCCCC)=O)CCN(CCN(CCC(=O)OCCCCCCCC/C=C\CC(CCCCCC)OC(OCCCCCCCC/C=C\C/C=C\CCCCC)=O)C)CCN(CCC(=O)OCCCCCCCC/C=C\CC(CCCCCC)OC(OCCCCCCCC/C=C\C/C=C\CCCCC)=O)C,0.2903931566273353
CN(CCC(=O)OCCCCCCCC/C=C\CC(CCCCCC)OC(OCC#CCC)=O)CCN(CCN(CCC(=O)OCCCCCCCC/C=C\CC(CCCCCC)OC(OCC#CCC)=O)C)CCN(CCC(=O)OCCCCCCCC/C=C\CC(CCCCCC)OC(OCC#CCC)=O)C,0.21094489456703186
CN(CCC(=O)OCCCCCCCC/C=C\CC(CCCCCC)OC(OCC#CCCC)=O)CCN(CCN(CCC(=O)OCCCCCCCC/C=C\CC(CCCCCC)OC(OCC#CCCC)=O)C)CCN(CCC(=O)OCCCCCCCC/C=C\CC(CCCCCC)OC(OCC#CCCC)=O)C,0.21690423590965213
CN(CCC(=O)OCCCCCCCC/C=C\CC(CCCCCC)OC(OCC#CCCCC)=O)CCN(CCN(CCC(=O)OCCCCCCCC/C=C\CC(CCCCCC)OC(OCC#CCCCC)=O)C)CCN(CCC(=O)OCCCCCCCC/C=C\CC(CCCCCC)OC(OCC#CCCCC)=O)C,0.23198005244447786
CN(CCC(=O)OCCCCCCCC/C=C\CC(CCCCCC)OC(OCC#CCCCCC)=O)CCN(CCN(CCC(=O)OCCCCCCCC/C=C\CC(CCCCCC)OC(OCC#CCCCCC)=O)C)CCN(CCC(=O)OCCCCCCCC/C=C\CC(CCCCCC)OC(OCC#CCCCCC)=O)C,0.24012272182003216
CN(CCC(=O)OCCCCCCCC/C=C\CC(CCCCCC)OC(OCC#CCCCCCC)=O)CCN(CCN(CCC(=O)OCCCCCCCC/C=C\CC(CCCCCC)OC(OCC#CCCCCCC)=O)C)CCN(CCC(=O)OCCCCCCCC/C=C\CC(CCCCCC)OC(OCC#CCCCCCC)=O)C,0.254738189963835
CN(CCC(=O)OCCCCCCCC/C=C\CC(CCCCCC)OC(OCCC#CCCCC)=O)CCN(CCN(CCC(=O)OCCCCCCCC/C=C\CC(CCCCCC)OC(OCCC#CCCCC)=O)C)CCN(CCC(=O)OCCCCCCCC/C=C\CC(CCCCCC)OC(OCCC#CCCCC)=O)C,0.24717453823338095
N(CCC(=O)OCCCCCCCC/C=C\CC(CCCCCC)OC(OCCCCCCCCCCCCCCCCCC)=O)(CCC(=O)OCCCCCCCC/C=C\CC(CCCCCC)OC(OCCCCCCCCCCCCCCCCCC)=O)CCCN(C)CCCN(CCC(=O)OCCCCCCCC/C=C\CC(CCCCCC)OC(OCCCCCCCCCCCCCCCCCC)=O)(CCC(=O)OCCCCCCCC/C=C\CC(CCCCCC)OC(OCCCCCCCCCCCCCCCCCC)=O),0.28856410911144686
N(CCC(=O)OCCCCCCCC/C=C\CC(CCCCCC)OC(OCCC#CCCCCCC)=O)(CCC(=O)OCCCCCCCC/C=C\CC(CCCCCC)OC(OCCC#CCCCCCC)=O)CCCN(C)CCCN(CCC(=O)OCCCCCCCC/C=C\CC(CCCCCC)OC(OCCC#CCCCCCC)=O)(CCC(=O)OCCCCCCCC/C=C\CC(CCCCCC)OC(OCCC#CCCCCCC)=O),0.26927702849944873
N(CCC(=O)OCCCCCCCC/C=C\CC(CCCCCC)OC(OCCCCCCCC/C=C\CCCCCCCC)=O)(CCC(=O)OCCCCCCCC/C=C\CC(CCCCCC)OC(OCCCCCCCC/C=C\CCCCCCCC)=O)CCCN(C)CCCN(CCC(=O)OCCCCCCCC/C=C\CC(CCCCCC)OC(OCCCCCCCC/C=C\CCCCCCCC)=O)(CCC(=O)OCCCCCCCC/C=C\CC(CCCCCC)OC(OCCCCCCCC/C=C\CCCCCCCC)=O),0.29742217340422167
N(CCC(=O)OCCCCCCCC/C=C\CC(CCCCCC)OC(OCCCCCCCC/C=C\C/C=C\CCCCC)=O)(CCC(=O)OCCCCCCCC/C=C\CC(CCCCCC)OC(OCCCCCCCC/C=C\C/C=C\CCCCC)=O)CCCN(C)CCCN(CCC(=O)OCCCCCCCC/C=C\CC(CCCCCC)OC(OCCCCCCCC/C=C\C/C=C\CCCCC)=O)(CCC(=O)OCCCCCCCC/C=C\CC(CCCCCC)OC(OCCCCCCCC/C=C\C/C=C\CCCCC)=O),0.2990881389354535
N(CCC(=O)OCCCCCCCC/C=C\CC(CCCCCC)OC(OCC#CCC)=O)(CCC(=O)OCCCCCCCC/C=C\CC(CCCCCC)OC(OCC#CCC)=O)CCCN(C)CCCN(CCC(=O)OCCCCCCCC/C=C\CC(CCCCCC)OC(OCC#CCC)=O)(CCC(=O)OCCCCCCCC/C=C\CC(CCCCCC)OC(OCC#CCC)=O),0.21491734822276012
N(CCC(=O)OCCCCCCCC/C=C\CC(CCCCCC)OC(OCC#CCCC)=O)(CCC(=O)OCCCCCCCC/C=C\CC(CCCCCC)OC(OCC#CCCC)=O)CCCN(C)CCCN(CCC(=O)OCCCCCCCC/C=C\CC(CCCCCC)OC(OCC#CCCC)=O)(CCC(=O)OCCCCCCCC/C=C\CC(CCCCCC)OC(OCC#CCCC)=O),0.22120609775173972
N(CCC(=O)OCCCCCCCC/C=C\CC(CCCCCC)OC(OCC#CCCCC)=O)(CCC(=O)OCCCCCCCC/C=C\CC(CCCCCC)OC(OCC#CCCCC)=O)CCCN(C)CCCN(CCC(=O)OCCCCCCCC/C=C\CC(CCCCCC)OC(OCC#CCCCC)=O)(CCC(=O)OCCCCCCCC/C=C\CC(CCCCCC)OC(OCC#CCCCC)=O),0.23806252383961382
N(CCC(=O)OCCCCCCCC/C=C\CC(CCCCCC)OC(OCC#CCCCCC)=O)(CCC(=O)OCCCCCCCC/C=C\CC(CCCCCC)OC(OCC#CCCCCC)=O)CCCN(C)CCCN(CCC(=O)OCCCCCCCC/C=C\CC(CCCCCC)OC(OCC#CCCCCC)=O)(CCC(=O)OCCCCCCCC/C=C\CC(CCCCCC)OC(OCC#CCCCCC)=O),0.24668367017088802
N(CCC(=O)OCCCCCCCC/C=C\CC(CCCCCC)OC(OCC#CCCCCCC)=O)(CCC(=O)OCCCCCCCC/C=C\CC(CCCCCC)OC(OCC#CCCCCCC)=O)CCCN(C)CCCN(CCC(=O)OCCCCCCCC/C=C\CC(CCCCCC)OC(OCC#CCCCCCC)=O)(CCC(=O)OCCCCCCCC/C=C\CC(CCCCCC)OC(OCC#CCCCCCC)=O),0.2619362064175824
N(CCC(=O)OCCCCCCCC/C=C\CC(CCCCCC)OC(OCCC#CCCCC)=O)(CCC(=O)OCCCCCCCC/C=C\CC(CCCCCC)OC(OCCC#CCCCC)=O)CCCN(C)CCCN(CCC(=O)OCCCCCCCC/C=C\CC(CCCCCC)OC(OCCC#CCCCC)=O)(CCC(=O)OCCCCCCCC/C=C\CC(CCCCCC)OC(OCCC#CCCCC)=O),0.25410562771795187
N(CCC(=O)OCCCCCCCC/C=C\CC(CCCCCC)OC(OCCCCCCCCCCCCCCCCCC)=O)(CCC(=O)OCCCCCCCC/C=C\CC(CCCCCC)OC(OCCCCCCCCCCCCCCCCCC)=O)CCC1=CN(CCC(=O)OCCCCCCCC/C=C\CC(CCCCCC)OC(OCCCCCCCCCCCCCCCCCC)=O)C=N1,0.1682107008600485
N(CCC(=O)OCCCCCCCC/C=C\CC(CCCCCC)OC(OCCC#CCCCCCC)=O)(CCC(=O)OCCCCCCCC/C=C\CC(CCCCCC)OC(OCCC#CCCCCCC)=O)CCC1=CN(CCC(=O)OCCCCCCCC/C=C\CC(CCCCCC)OC(OCCC#CCCCCCC)=O)C=N1,0.13925274440953378
N(CCC(=O)OCCCCCCCC/C=C\CC(CCCCCC)OC(OCCCCCCCC/C=C\CCCCCCCC)=O)(CCC(=O)OCCCCCCCC/C=C\CC(CCCCCC)OC(OCCCCCCCC/C=C\CCCCCCCC)=O)CCC1=CN(CCC(=O)OCCCCCCCC/C=C\CC(CCCCCC)OC(OCCCCCCCC/C=C\CCCCCCCC)=O)C=N1,0.17575602877200183
N(CCC(=O)OCCCCCCCC/C=C\CC(CCCCCC)OC(OCCCCCCCC/C=C\C/C=C\CCCCC)=O)(CCC(=O)OCCCCCCCC/C=C\CC(CCCCCC)OC(OCCCCCCCC/C=C\C/C=C\CCCCC)=O)CCC1=CN(CCC(=O)OCCCCCCCC/C=C\CC(CCCCCC)OC(OCCCCCCCC/C=C\C/C=C\CCCCC)=O)C=N1,0.17898566186085185
N(CCC(=O)OCCCCCCCC/C=C\CC(CCCCCC)OC(OCC#CCC)=O)(CCC(=O)OCCCCCCCC/C=C\CC(CCCCCC)OC(OCC#CCC)=O)CCC1=CN(CCC(=O)OCCCCCCCC/C=C\CC(CCCCCC)OC(OCC#CCC)=O)C=N1,0.0816457230259522
N(CCC(=O)OCCCCCCCC/C=C\CC(CCCCCC)OC(OCC#CCCC)=O)(CCC(=O)OCCCCCCCC/C=C\CC(CCCCCC)OC(OCC#CCCC)=O)CCC1=CN(CCC(=O)OCCCCCCCC/C=C\CC(CCCCCC)OC(OCC#CCCC)=O)C=N1,0.08986816109007821
N(CCC(=O)OCCCCCCCC/C=C\CC(CCCCCC)OC(OCC#CCCCC)=O)(CCC(=O)OCCCCCCCC/C=C\CC(CCCCCC)OC(OCC#CCCCC)=O)CCC1=CN(CCC(=O)OCCCCCCCC/C=C\CC(CCCCCC)OC(OCC#CCCCC)=O)C=N1,0.10621027363949241
N(CCC(=O)OCCCCCCCC/C=C\CC(CCCCCC)OC(OCC#CCCCCC)=O)(CCC(=O)OCCCCCCCC/C=C\CC(CCCCCC)OC(OCC#CCCCCC)=O)CCC1=CN(CCC(=O)OCCCCCCCC/C=C\CC(CCCCCC)OC(OCC#CCCCCC)=O)C=N1,0.11591758684168342
N(CCC(=O)OCCCCCCCC/C=C\CC(CCCCCC)OC(OCC#CCCCCCC)=O)(CCC(=O)OCCCCCCCC/C=C\CC(CCCCCC)OC(OCC#CCCCCCC)=O)CCC1=CN(CCC(=O)OCCCCCCCC/C=C\CC(CCCCCC)OC(OCC#CCCCCCC)=O)C=N1,0.13047075400258376
N(CCC(=O)OCCCCCCCC/C=C\CC(CCCCCC)OC(OCCC#CCCCC)=O)(CCC(=O)OCCCCCCCC/C=C\CC(CCCCCC)OC(OCCC#CCCCC)=O)CCC1=CN(CCC(=O)OCCCCCCCC/C=C\CC(CCCCCC)OC(OCCC#CCCCC)=O)C=N1,0.12227577162716216
N(CCC(=O)OCCCCCCCC/C=C\CC(CCCCCC)OC(OCCCCCCCCCCCCCCCCCC)=O)(CCC(=O)OCCCCCCCC/C=C\CC(CCCCCC)OC(OCCCCCCCCCCCCCCCCCC)=O)CCN1CCOCC1,0.032354726356560684
N(CCC(=O)OCCCCCCCC/C=C\CC(CCCCCC)OC(OCCC#CCCCCCC)=O)(CCC(=O)OCCCCCCCC/C=C\CC(CCCCCC)OC(OCCC#CCCCCCC)=O)CCN1CCOCC1,-0.005727755281321019
N(CCC(=O)OCCCCCCCC/C=C\CC(CCCCCC)OC(OCCCCCCCC/C=C\CCCCCCCC)=O)(CCC(=O)OCCCCCCCC/C=C\CC(CCCCCC)OC(OCCCCCCCC/C=C\CCCCCCCC)=O)CCN1CCOCC1,0.04261304579278316
N(CCC(=O)OCCCCCCCC/C=C\CC(CCCCCC)OC(OCCCCCCCC/C=C\C/C=C\CCCCC)=O)(CCC(=O)OCCCCCCCC/C=C\CC(CCCCCC)OC(OCCCCCCCC/C=C\C/C=C\CCCCC)=O)CCN1CCOCC1,0.04210962140876019
N(CCC(=O)OCCCCCCCC/C=C\CC(CCCCCC)OC(OCC#CCC)=O)(CCC(=O)OCCCCCCCC/C=C\CC(CCCCCC)OC(OCC#CCC)=O)CCN1CCOCC1,-0.06145227513473149
N(CCC(=O)OCCCCCCCC/C=C\CC(CCCCCC)OC(OCC#CCCC)=O)(CCC(=O)OCCCCCCCC/C=C\CC(CCCCCC)OC(OCC#CCCC)=O)CCN1CCOCC1,-0.05350020351063167
N(CCC(=O)OCCCCCCCC/C=C\CC(CCCCCC)OC(OCC#CCCCC)=O)(CCC(=O)OCCCCCCCC/C=C\CC(CCCCCC)OC(OCC#CCCCC)=O)CCN1CCOCC1,-0.03958529099496841
N(CCC(=O)OCCCCCCCC/C=C\CC(CCCCCC)OC(OCC#CCCCCC)=O)(CCC(=O)OCCCCCCCC/C=C\CC(CCCCCC)OC(OCC#CCCCCC)=O)CCN1CCOCC1,-0.030665105953571355
N(CCC(=O)OCCCCCCCC/C=C\CC(CCCCCC)OC(OCC#CCCCCCC)=O)(CCC(=O)OCCCCCCCC/C=C\CC(CCCCCC)OC(OCC#CCCCCCC)=O)CCN1CCOCC1,-0.015991947820537852
N(CCC(=O)OCCCCCCCC/C=C\CC(CCCCCC)OC(OCCC#CCCCC)=O)(CCC(=O)OCCCCCCCC/C=C\CC(CCCCCC)OC(OCCC#CCCCC)=O)CCN1CCOCC1,-0.02490484839310469
N(CCC(=O)OCCCCCCCC/C=C\CC(CCCCCC)OC(OCCCCCCCCCCCCCCCCCC)=O)(CCC(=O)OCCCCCCCC/C=C\CC(CCCCCC)OC(OCCCCCCCCCCCCCCCCCC)=O)CCN(C)CCN(CCC(=O)OCCCCCCCC/C=C\CC(CCCCCC)OC(OCCCCCCCCCCCCCCCCCC)=O)(CCC(=O)OCCCCCCCC/C=C\CC(CCCCCC)OC(OCCCCCCCCCCCCCCCCCC)=O),0.2891772360941005
N(CCC(=O)OCCCCCCCC/C=C\CC(CCCCCC)OC(OCCC#CCCCCCC)=O)(CCC(=O)OCCCCCCCC/C=C\CC(CCCCCC)OC(OCCC#CCCCCCC)=O)CCN(C)CCN(CCC(=O)OCCCCCCCC/C=C\CC(CCCCCC)OC(OCCC#CCCCCCC)=O)(CCC(=O)OCCCCCCCC/C=C\CC(CCCCCC)OC(OCCC#CCCCCCC)=O),0.2696946313269854
N(CCC(=O)OCCCCCCCC/C=C\CC(CCCCCC)OC(OCCCCCCCC/C=C\CCCCCCCC)=O)(CCC(=O)OCCCCCCCC/C=C\CC(CCCCCC)OC(OCCCCCCCC/C=C\CCCCCCCC)=O)CCN(C)CCN(CCC(=O)OCCCCCCCC/C=C\CC(CCCCCC)OC(OCCCCCCCC/C=C\CCCCCCCC)=O)(CCC(=O)OCCCCCCCC/C=C\CC(CCCCCC)OC(OCCCCCCCC/C=C\CCCCCCCC)=O),0.29810276808581415
N(CCC(=O)OCCCCCCCC/C=C\CC(CCCCCC)OC(OCCCCCCCC/C=C\C/C=C\CCCCC)=O)(CCC(=O)OCCCCCCCC/C=C\CC(CCCCCC)OC(OCCCCCCCC/C=C\C/C=C\CCCCC)=O)CCN(C)CCN(CCC(=O)OCCCCCCCC/C=C\CC(CCCCCC)OC(OCCCCCCCC/C=C\C/C=C\CCCCC)=O)(CCC(=O)OCCCCCCCC/C=C\CC(CCCCCC)OC(OCCCCCCCC/C=C\C/C=C\CCCCC)=O),0.29978507485846306
N(CCC(=O)OCCCCCCCC/C=C\CC(CCCCCC)OC(OCC#CCC)=O)(CCC(=O)OCCCCCCCC/C=C\CC(CCCCCC)OC(OCC#CCC)=O)CCN(C)CCN(CCC(=O)OCCCCCCCC/C=C\CC(CCCCCC)OC(OCC#CCC)=O)(CCC(=O)OCCCCCCCC/C=C\CC(CCCCCC)OC(OCC#CCC)=O),0.21464513438136051
N(CCC(=O)OCCCCCCCC/C=C\CC(CCCCCC)OC(OCC#CCCC)=O)(CCC(=O)OCCCCCCCC/C=C\CC(CCCCCC)OC(OCC#CCCC)=O)CCN(C)CCN(CCC(=O)OCCCCCCCC/C=C\CC(CCCCCC)OC(OCC#CCCC)=O)(CCC(=O)OCCCCCCCC/C=C\CC(CCCCCC)OC(OCC#CCCC)=O),0.22102548798332047
N(CCC(=O)OCCCCCCCC/C=C\CC(CCCCCC)OC(OCC#CCCCC)=O)(CCC(=O)OCCCCCCCC/C=C\CC(CCCCCC)OC(OCC#CCCCC)=O)CCN(C)CCN(CCC(=O)OCCCCCCCC/C=C\CC(CCCCCC)OC(OCC#CCCCC)=O)(CCC(=O)OCCCCCCCC/C=C\CC(CCCCCC)OC(OCC#CCCCC)=O),0.23810140938559612
N(CCC(=O)OCCCCCCCC/C=C\CC(CCCCCC)OC(OCC#CCCCCC)=O)(CCC(=O)OCCCCCCCC/C=C\CC(CCCCCC)OC(OCC#CCCCCC)=O)CCN(C)CCN(CCC(=O)OCCCCCCCC/C=C\CC(CCCCCC)OC(OCC#CCCCCC)=O)(CCC(=O)OCCCCCCCC/C=C\CC(CCCCCC)OC(OCC#CCCCCC)=O),0.24682534933475483
N(CCC(=O)OCCCCCCCC/C=C\CC(CCCCCC)OC(OCC#CCCCCCC)=O)(CCC(=O)OCCCCCCCC/C=C\CC(CCCCCC)OC(OCC#CCCCCCC)=O)CCN(C)CCN(CCC(=O)OCCCCCCCC/C=C\CC(CCCCCC)OC(OCC#CCCCCCC)=O)(CCC(=O)OCCCCCCCC/C=C\CC(CCCCCC)OC(OCC#CCCCCCC)=O),0.2622636921049515
N(CCC(=O)OCCCCCCCC/C=C\CC(CCCCCC)OC(OCCC#CCCCC)=O)(CCC(=O)OCCCCCCCC/C=C\CC(CCCCCC)OC(OCCC#CCCCC)=O)CCN(C)CCN(CCC(=O)OCCCCCCCC/C=C\CC(CCCCCC)OC(OCCC#CCCCC)=O)(CCC(=O)OCCCCCCCC/C=C\CC(CCCCCC)OC(OCCC#CCCCC)=O),0.2543732155461562
N(CCC(=O)OCCCCCCCC/C=C\CC(CCCCCC)OC(OCCCCCCCCCCCCCCCCCC)=O)(CCC(=O)OCCCCCCCC/C=C\CC(CCCCCC)OC(OCCCCCCCCCCCCCCCCCC)=O)CCN1CCCCC1,0.26925137515354763
N(CCC(=O)OCCCCCCCC/C=C\CC(CCCCCC)OC(OCCC#CCCCCCC)=O)(CCC(=O)OCCCCCCCC/C=C\CC(CCCCCC)OC(OCCC#CCCCCCC)=O)CCN1CCCCC1,0.24881175639689931
N(CCC(=O)OCCCCCCCC/C=C\CC(CCCCCC)OC(OCCCCCCCC/C=C\CCCCCCCC)=O)(CCC(=O)OCCCCCCCC/C=C\CC(CCCCCC)OC(OCCCCCCCC/C=C\CCCCCCCC)=O)CCN1CCCCC1,0.2775029210539478
N(CCC(=O)OCCCCCCCC/C=C\CC(CCCCCC)OC(OCCCCCCCC/C=C\C/C=C\CCCCC)=O)(CCC(=O)OCCCCCCCC/C=C\CC(CCCCCC)OC(OCCCCCCCC/C=C\C/C=C\CCCCC)=O)CCN1CCCCC1,0.27925320618932975
N(CCC(=O)OCCCCCCCC/C=C\CC(CCCCCC)OC(OCC#CCC)=O)(CCC(=O)OCCCCCCCC/C=C\CC(CCCCCC)OC(OCC#CCC)=O)CCN1CCCCC1,0.19938101808215455
N(CCC(=O)OCCCCCCCC/C=C\CC(CCCCCC)OC(OCC#CCCC)=O)(CCC(=O)OCCCCCCCC/C=C\CC(CCCCCC)OC(OCC#CCCC)=O)CCN1CCCCC1,0.2053112515885007
N(CCC(=O)OCCCCCCCC/C=C\CC(CCCCCC)OC(OCC#CCCCC)=O)(CCC(=O)OCCCCCCCC/C=C\CC(CCCCCC)OC(OCC#CCCCC)=O)CCN1CCCCC1,0.22002859715926304
N(CCC(=O)OCCCCCCCC/C=C\CC(CCCCCC)OC(OCC#CCCCCC)=O)(CCC(=O)OCCCCCCCC/C=C\CC(CCCCCC)OC(OCC#CCCCCC)=O)CCN1CCCCC1,0.2275718974355626
N(CCC(=O)OCCCCCCCC/C=C\CC(CCCCCC)OC(OCC#CCCCCCC)=O)(CCC(=O)OCCCCCCCC/C=C\CC(CCCCCC)OC(OCC#CCCCCCC)=O)CCN1CCCCC1,0.24150334644644664
N(CCC(=O)OCCCCCCCC/C=C\CC(CCCCCC)OC(OCCC#CCCCC)=O)(CCC(=O)OCCCCCCCC/C=C\CC(CCCCCC)OC(OCCC#CCCCC)=O)CCN1CCCCC1,0.23419474124219022
N(CCC(=O)OCCCCCCCC/C=C\CC(CCCCCC)OC(OCCCCCCCCCCCCCCCCCC)=O)(CCC(=O)OCCCCCCCC/C=C\CC(CCCCCC)OC(OCCCCCCCCCCCCCCCCCC)=O)CCN(C)C,0.2594414635872758
N(CCC(=O)OCCCCCCCC/C=C\CC(CCCCCC)OC(OCCC#CCCCCCC)=O)(CCC(=O)OCCCCCCCC/C=C\CC(CCCCCC)OC(OCCC#CCCCCCC)=O)CCN(C)C,0.23812820421527264
N(CCC(=O)OCCCCCCCC/C=C\CC(CCCCCC)OC(OCCCCCCCC/C=C\CCCCCCCC)=O)(CCC(=O)OCCCCCCCC/C=C\CC(CCCCCC)OC(OCCCCCCCC/C=C\CCCCCCCC)=O)CCN(C)C,0.26795476974081617
N(CCC(=O)OCCCCCCCC/C=C\CC(CCCCCC)OC(OCCCCCCCC/C=C\C/C=C\CCCCC)=O)(CCC(=O)OCCCCCCCC/C=C\CC(CCCCCC)OC(OCCCCCCCC/C=C\C/C=C\CCCCC)=O)CCN(C)C,0.26975681215370106
N(CCC(=O)OCCCCCCCC/C=C\CC(CCCCCC)OC(OCC#CCC)=O)(CCC(=O)OCCCCCCCC/C=C\CC(CCCCCC)OC(OCC#CCC)=O)CCN(C)C,0.18590607246431293
N(CCC(=O)OCCCCCCCC/C=C\CC(CCCCCC)OC(OCC#CCCC)=O)(CCC(=O)OCCCCCCCC/C=C\CC(CCCCCC)OC(OCC#CCCC)=O)CCN(C)C,0.19237247291560958
N(CCC(=O)OCCCCCCCC/C=C\CC(CCCCCC)OC(OCC#CCCCC)=O)(CCC(=O)OCCCCCCCC/C=C\CC(CCCCCC)OC(OCC#CCCCC)=O)CCN(C)C,0.20838714483622478
N(CCC(=O)OCCCCCCCC/C=C\CC(CCCCCC)OC(OCC#CCCCCC)=O)(CCC(=O)OCCCCCCCC/C=C\CC(CCCCCC)OC(OCC#CCCCCC)=O)CCN(C)C,0.2164421452539194
N(CCC(=O)OCCCCCCCC/C=C\CC(CCCCCC)OC(OCC#CCCCCCC)=O)(CCC(=O)OCCCCCCCC/C=C\CC(CCCCCC)OC(OCC#CCCCCCC)=O)CCN(C)C,0.2304899204732364
N(CCC(=O)OCCCCCCCC/C=C\CC(CCCCCC)OC(OCCC#CCCCC)=O)(CCC(=O)OCCCCCCCC/C=C\CC(CCCCCC)OC(OCCC#CCCCC)=O)CCN(C)C,0.2233539646900178
CC1=NCCN(CCC(=O)OCCCCCCCC/C=C\CC(CCCCCC)OC(OCCCCCCCCCCCCCCCCCC)=O)1,0.16006555326313956
CC1=NCCN(CCC(=O)OCCCCCCCC/C=C\CC(CCCCCC)OC(OCCC#CCCCCCC)=O)1,0.13394223145659692
CC1=NCCN(CCC(=O)OCCCCCCCC/C=C\CC(CCCCCC)OC(OCCCCCCCC/C=C\CCCCCCCC)=O)1,0.1689649963427747
CC1=NCCN(CCC(=O)OCCCCCCCC/C=C\CC(CCCCCC)OC(OCCCCCCCC/C=C\C/C=C\CCCCC)=O)1,0.16864614688133836
CC1=NCCN(CCC(=O)OCCCCCCCC/C=C\CC(CCCCCC)OC(OCC#CCC)=O)1,0.08148897928015401
CC1=NCCN(CCC(=O)OCCCCCCCC/C=C\CC(CCCCCC)OC(OCC#CCCC)=O)1,0.08901668929120458
CC1=NCCN(CCC(=O)OCCCCCCCC/C=C\CC(CCCCCC)OC(OCC#CCCCC)=O)1,0.10373481587718171
CC1=NCCN(CCC(=O)OCCCCCCCC/C=C\CC(CCCCCC)OC(OCC#CCCCCC)=O)1,0.11233214124440495
CC1=NCCN(CCC(=O)OCCCCCCCC/C=C\CC(CCCCCC)OC(OCC#CCCCCCC)=O)1,0.1256220012758657
CC1=NCCN(CCC(=O)OCCCCCCCC/C=C\CC(CCCCCC)OC(OCCC#CCCCC)=O)1,0.1181430896962159
CN(CCC(=O)OCCCCCCCC/C=C\CC(CCCCCC)OC(OCCCCCCCCCCCCCCCCCC)=O)CCOCCOCCN(CCC(=O)OCCCCCCCC/C=C\CC(CCCCCC)OC(OCCCCCCCCCCCCCCCCCC)=O)C,0.13706456507055406
CN(CCC(=O)OCCCCCCCC/C=C\CC(CCCCCC)OC(OCCC#CCCCCCC)=O)CCOCCOCCN(CCC(=O)OCCCCCCCC/C=C\CC(CCCCCC)OC(OCCC#CCCCCCC)=O)C,0.10879441267284524
CN(CCC(=O)OCCCCCCCC/C=C\CC(CCCCCC)OC(OCCCCCCCC/C=C\CCCCCCCC)=O)CCOCCOCCN(CCC(=O)OCCCCCCCC/C=C\CC(CCCCCC)OC(OCCCCCCCC/C=C\CCCCCCCC)=O)C,0.14597632415934544
CN(CCC(=O)OCCCCCCCC/C=C\CC(CCCCCC)OC(OCCCCCCCC/C=C\C/C=C\CCCCC)=O)CCOCCOCCN(CCC(=O)OCCCCCCCC/C=C\CC(CCCCCC)OC(OCCCCCCCC/C=C\C/C=C\CCCCC)=O)C,0.14569218481639698
CN(CCC(=O)OCCCCCCCC/C=C\CC(CCCCCC)OC(OCC#CCC)=O)CCOCCOCCN(CCC(=O)OCCCCCCCC/C=C\CC(CCCCCC)OC(OCC#CCC)=O)C,0.053238141989487786
CN(CCC(=O)OCCCCCCCC/C=C\CC(CCCCCC)OC(OCC#CCCC)=O)CCOCCOCCN(CCC(=O)OCCCCCCCC/C=C\CC(CCCCCC)OC(OCC#CCCC)=O)C,0.061671859688736744
CN(CCC(=O)OCCCCCCCC/C=C\CC(CCCCCC)OC(OCC#CCCCC)=O)CCOCCOCCN(CCC(=O)OCCCCCCCC/C=C\CC(CCCCCC)OC(OCC#CCCCC)=O)C,0.07725888072068658
CN(CCC(=O)OCCCCCCCC/C=C\CC(CCCCCC)OC(OCC#CCCCCC)=O)CCOCCOCCN(CCC(=O)OCCCCCCCC/C=C\CC(CCCCCC)OC(OCC#CCCCCC)=O)C,0.08653888848324952
CN(CCC(=O)OCCCCCCCC/C=C\CC(CCCCCC)OC(OCC#CCCCCCC)=O)CCOCCOCCN(CCC(=O)OCCCCCCCC/C=C\CC(CCCCCC)OC(OCC#CCCCCCC)=O)C,0.10024034353290245
CN(CCC(=O)OCCCCCCCC/C=C\CC(CCCCCC)OC(OCCC#CCCCC)=O)CCOCCOCCN(CCC(=O)OCCCCCCCC/C=C\CC(CCCCCC)OC(OCCC#CCCCC)=O)C,0.09251620819533322
N(CCC(=O)OCCCCCCCC/C=C\CC(CCCCCC)OC(OCCCCCCCCCCCCCCCCCC)=O)(CCC(=O)OCCCCCCCC/C=C\CC(CCCCCC)OC(OCCCCCCCCCCCCCCCCCC)=O)CCC1=NC=CC=C1,0.19357439525307166
N(CCC(=O)OCCCCCCCC/C=C\CC(CCCCCC)OC(OCCC#CCCCCCC)=O)(CCC(=O)OCCCCCCCC/C=C\CC(CCCCCC)OC(OCCC#CCCCCCC)=O)CCC1=NC=CC=C1,0.16797125961862316
N(CCC(=O)OCCCCCCCC/C=C\CC(CCCCCC)OC(OCCCCCCCC/C=C\CCCCCCCC)=O)(CCC(=O)OCCCCCCCC/C=C\CC(CCCCCC)OC(OCCCCCCCC/C=C\CCCCCCCC)=O)CCC1=NC=CC=C1,0.20118737109824414
N(CCC(=O)OCCCCCCCC/C=C\CC(CCCCCC)OC(OCCCCCCCC/C=C\C/C=C\CCCCC)=O)(CCC(=O)OCCCCCCCC/C=C\CC(CCCCCC)OC(OCCCCCCCC/C=C\C/C=C\CCCCC)=O)CCC1=NC=CC=C1,0.2043485902581836
N(CCC(=O)OCCCCCCCC/C=C\CC(CCCCCC)OC(OCC#CCC)=O)(CCC(=O)OCCCCCCCC/C=C\CC(CCCCCC)OC(OCC#CCC)=O)CCC1=NC=CC=C1,0.11347904706779471
N(CCC(=O)OCCCCCCCC/C=C\CC(CCCCCC)OC(OCC#CCCC)=O)(CCC(=O)OCCCCCCCC/C=C\CC(CCCCCC)OC(OCC#CCCC)=O)CCC1=NC=CC=C1,0.12100243145611723
N(CCC(=O)OCCCCCCCC/C=C\CC(CCCCCC)OC(OCC#CCCCC)=O)(CCC(=O)OCCCCCCCC/C=C\CC(CCCCCC)OC(OCC#CCCCC)=O)CCC1=NC=CC=C1,0.1366772716411604
N(CCC(=O)OCCCCCCCC/C=C\CC(CCCCCC)OC(OCC#CCCCCC)=O)(CCC(=O)OCCCCCCCC/C=C\CC(CCCCCC)OC(OCC#CCCCCC)=O)CCC1=NC=CC=C1,0.14576924999076363
N(CCC(=O)OCCCCCCCC/C=C\CC(CCCCCC)OC(OCC#CCCCCCC)=O)(CCC(=O)OCCCCCCCC/C=C\CC(CCCCCC)OC(OCC#CCCCCCC)=O)CCC1=NC=CC=C1,0.15988112853578657
N(CCC(=O)OCCCCCCCC/C=C\CC(CCCCCC)OC(OCCC#CCCCC)=O)(CCC(=O)OCCCCCCCC/C=C\CC(CCCCCC)OC(OCCC#CCCCC)=O)CCC1=NC=CC=C1,0.1521183479646088
C1(N2CCN(CCC(=O)OCCCCCCCC/C=C\CC(CCCCCC)OC(OCCCCCCCCCCCCCCCCCC)=O)CC2)=NC=CC=C1,0.06334519980593895
C1(N2CCN(CCC(=O)OCCCCCCCC/C=C\CC(CCCCCC)OC(OCCC#CCCCCCC)=O)CC2)=NC=CC=C1,0.03503719820935973
C1(N2CCN(CCC(=O)OCCCCCCCC/C=C\CC(CCCCCC)OC(OCCCCCCCC/C=C\CCCCCCCC)=O)CC2)=NC=CC=C1,0.07058467014416342
C1(N2CCN(CCC(=O)OCCCCCCCC/C=C\CC(CCCCCC)OC(OCCCCCCCC/C=C\C/C=C\CCCCC)=O)CC2)=NC=CC=C1,0.06928300315205915
C1(N2CCN(CCC(=O)OCCCCCCCC/C=C\CC(CCCCCC)OC(OCC#CCC)=O)CC2)=NC=CC=C1,-0.003017842759340933
C1(N2CCN(CCC(=O)OCCCCCCCC/C=C\CC(CCCCCC)OC(OCC#CCCC)=O)CC2)=NC=CC=C1,0.002494074492108851
C1(N2CCN(CCC(=O)OCCCCCCCC/C=C\CC(CCCCCC)OC(OCC#CCCCC)=O)CC2)=NC=CC=C1,0.012619733518882823
C1(N2CCN(CCC(=O)OCCCCCCCC/C=C\CC(CCCCCC)OC(OCC#CCCCCC)=O)CC2)=NC=CC=C1,0.018667134326970203
C1(N2CCN(CCC(=O)OCCCCCCCC/C=C\CC(CCCCCC)OC(OCC#CCCCCCC)=O)CC2)=NC=CC=C1,0.028308932368259366
C1(N2CCN(CCC(=O)OCCCCCCCC/C=C\CC(CCCCCC)OC(OCCC#CCCCC)=O)CC2)=NC=CC=C1,0.022645310421099095
C1(N2CCN(CCC(=O)OCCCCCCCC/C=C\CC(CCCCCC)OC(OCCCCCCCCCCCCCCCCCC)=O)CC2)=CN=CC=C1,-0.046786589214570226
C1(N2CCN(CCC(=O)OCCCCCCCC/C=C\CC(CCCCCC)OC(OCCC#CCCCCCC)=O)CC2)=CN=CC=C1,-0.06890581122966244
C1(N2CCN(CCC(=O)OCCCCCCCC/C=C\CC(CCCCCC)OC(OCCCCCCCC/C=C\C/C=C\CCCCC)=O)CC2)=CN=CC=C1,-0.0381849532441423
C1(N2CCN(CCC(=O)OCCCCCCCC/C=C\CC(CCCCCC)OC(OCC#CCC)=O)CC2)=CN=CC=C1,-0.10278524493901045
C1(N2CCN(CCC(=O)OCCCCCCCC/C=C\CC(CCCCCC)OC(OCC#CCCC)=O)CC2)=CN=CC=C1,-0.09769068269296188
C1(N2CCN(CCC(=O)OCCCCCCCC/C=C\CC(CCCCCC)OC(OCC#CCCCC)=O)CC2)=CN=CC=C1,-0.08885189595842123
C1(N2CCN(CCC(=O)OCCCCCCCC/C=C\CC(CCCCCC)OC(OCC#CCCCCC)=O)CC2)=CN=CC=C1,-0.08307856390286858
C1(N2CCN(CCC(=O)OCCCCCCCC/C=C\CC(CCCCCC)OC(OCC#CCCCCCC)=O)CC2)=CN=CC=C1,-0.07565045586098826
C1(N2CCN(CCC(=O)OCCCCCCCC/C=C\CC(CCCCCC)OC(OCCC#CCCCC)=O)CC2)=CN=CC=C1,-0.07925129646971202
C1(N2CCN(CCC(=O)OCCCCCCCC/C=C\CC(CCCCCC)OC(OCCCCCCCCCCCCCCCCCC)=O)CC2)=CC=NC=C1,-0.021624652078858952
C1(N2CCN(CCC(=O)OCCCCCCCC/C=C\CC(CCCCCC)OC(OCCC#CCCCCCC)=O)CC2)=CC=NC=C1,-0.04591834060810206
C1(N2CCN(CCC(=O)OCCCCCCCC/C=C\CC(CCCCCC)OC(OCCCCCCCC/C=C\CCCCCCCC)=O)CC2)=CN=CC=C1,-0.0379958724645473
C1(N2CCN(CCC(=O)OCCCCCCCC/C=C\CC(CCCCCC)OC(OCCCCCCCC/C=C\C/C=C\CCCCC)=O)CC2)=CC=NC=C1,-0.012183469811106247
C1(N2CCN(CCC(=O)OCCCCCCCC/C=C\CC(CCCCCC)OC(OCC#CCC)=O)CC2)=CC=NC=C1,-0.08097247376881986
C1(N2CCN(CCC(=O)OCCCCCCCC/C=C\CC(CCCCCC)OC(OCC#CCCC)=O)CC2)=CC=NC=C1,-0.07628874054527206
C1(N2CCN(CCC(=O)OCCCCCCCC/C=C\CC(CCCCCC)OC(OCC#CCCCC)=O)CC2)=CC=NC=C1,-0.06707766488517565
C1(N2CCN(CCC(=O)OCCCCCCCC/C=C\CC(CCCCCC)OC(OCC#CCCCCC)=O)CC2)=CC=NC=C1,-0.06095418268150177
C1(N2CCN(CCC(=O)OCCCCCCCC/C=C\CC(CCCCCC)OC(OCC#CCCCCCC)=O)CC2)=CC=NC=C1,-0.052141567466418126
C1(N2CCN(CCC(=O)OCCCCCCCC/C=C\CC(CCCCCC)OC(OCCC#CCCCC)=O)CC2)=CC=NC=C1,-0.05756628136523238
CN(CCC(=O)OCCCCCCCC/C=C\CC(CCCCCC)OC(OCCCCCCCCCCCCCCCCCC)=O)CCCN1C=CN=C1,-0.008551650966089765
CN(CCC(=O)OCCCCCCCC/C=C\CC(CCCCCC)OC(OCCC#CCCCCCC)=O)CCCN1C=CN=C1,-0.03816801122179078
CN(CCC(=O)OCCCCCCCC/C=C\CC(CCCCCC)OC(OCCCCCCCC/C=C\CCCCCCCC)=O)CCCN1C=CN=C1,-0.00012206363576516008
CN(CCC(=O)OCCCCCCCC/C=C\CC(CCCCCC)OC(OCCCCCCCC/C=C\C/C=C\CCCCC)=O)CCCN1C=CN=C1,-0.0008444050825402879
CN(CCC(=O)OCCCCCCCC/C=C\CC(CCCCCC)OC(OCC#CCC)=O)CCCN1C=CN=C1,-0.075937974596693
CN(CCC(=O)OCCCCCCCC/C=C\CC(CCCCCC)OC(OCC#CCCC)=O)CCCN1C=CN=C1,-0.07131869765765009
CN(CCC(=O)OCCCCCCCC/C=C\CC(CCCCCC)OC(OCC#CCCCC)=O)CCCN1C=CN=C1,-0.06138802161379199
CN(CCC(=O)OCCCCCCCC/C=C\CC(CCCCCC)OC(OCC#CCCCCC)=O)CCCN1C=CN=C1,-0.054747680062448484
CN(CCC(=O)OCCCCCCCC/C=C\CC(CCCCCC)OC(OCC#CCCCCCC)=O)CCCN1C=CN=C1,-0.04543137011192136
CN(CCC(=O)OCCCCCCCC/C=C\CC(CCCCCC)OC(OCCC#CCCCC)=O)CCCN1C=CN=C1,-0.05136849006972863
N(CCC(=O)OCCCCCCCC/C=C\CC(CCCCCC)OC(OCCCCCCCCCCCCCCCCCC)=O)(CCC(=O)OCCCCCCCC/C=C\CC(CCCCCC)OC(OCCCCCCCCCCCCCCCCCC)=O)CCCN1CCCCCC1,0.26500033937851464
N(CCC(=O)OCCCCCCCC/C=C\CC(CCCCCC)OC(OCCC#CCCCCCC)=O)(CCC(=O)OCCCCCCCC/C=C\CC(CCCCCC)OC(OCCC#CCCCCCC)=O)CCCN1CCCCCC1,0.24456971731635968
N(CCC(=O)OCCCCCCCC/C=C\CC(CCCCCC)OC(OCCCCCCCC/C=C\CCCCCCCC)=O)(CCC(=O)OCCCCCCCC/C=C\CC(CCCCCC)OC(OCCCCCCCC/C=C\CCCCCCCC)=O)CCCN1CCCCCC1,0.2730730027556821
N(CCC(=O)OCCCCCCCC/C=C\CC(CCCCCC)OC(OCCCCCCCC/C=C\C/C=C\CCCCC)=O)(CCC(=O)OCCCCCCCC/C=C\CC(CCCCCC)OC(OCCCCCCCC/C=C\C/C=C\CCCCC)=O)CCCN1CCCCCC1,0.2748479499484232
N(CCC(=O)OCCCCCCCC/C=C\CC(CCCCCC)OC(OCC#CCC)=O)(CCC(=O)OCCCCCCCC/C=C\CC(CCCCCC)OC(OCC#CCC)=O)CCCN1CCCCCC1,0.19672627226948042
N(CCC(=O)OCCCCCCCC/C=C\CC(CCCCCC)OC(OCC#CCCC)=O)(CCC(=O)OCCCCCCCC/C=C\CC(CCCCCC)OC(OCC#CCCC)=O)CCCN1CCCCCC1,0.20257045892648984
N(CCC(=O)OCCCCCCCC/C=C\CC(CCCCCC)OC(OCC#CCCCC)=O)(CCC(=O)OCCCCCCCC/C=C\CC(CCCCCC)OC(OCC#CCCCC)=O)CCCN1CCCCCC1,0.2169092073718847
N(CCC(=O)OCCCCCCCC/C=C\CC(CCCCCC)OC(OCC#CCCCCC)=O)(CCC(=O)OCCCCCCCC/C=C\CC(CCCCCC)OC(OCC#CCCCCC)=O)CCCN1CCCCCC1,0.22416342688204996
N(CCC(=O)OCCCCCCCC/C=C\CC(CCCCCC)OC(OCC#CCCCCCC)=O)(CCC(=O)OCCCCCCCC/C=C\CC(CCCCCC)OC(OCC#CCCCCCC)=O)CCCN1CCCCCC1,0.23748012680175729
N(CCC(=O)OCCCCCCCC/C=C\CC(CCCCCC)OC(OCCC#CCCCC)=O)(CCC(=O)OCCCCCCCC/C=C\CC(CCCCCC)OC(OCCC#CCCCC)=O)CCCN1CCCCCC1,0.23050753837413918
CN(CCCN(CCC(=O)OCCCCCCCC/C=C\CC(CCCCCC)OC(OCCCCCCCCCCCCCCCCCC)=O)C)CCCN(CCC(=O)OCCCCCCCC/C=C\CC(CCCCCC)OC(OCCCCCCCCCCCCCCCCCC)=O)C,0.2682963737801448
CN(CCCN(CCC(=O)OCCCCCCCC/C=C\CC(CCCCCC)OC(OCCC#CCCCCCC)=O)C)CCCN(CCC(=O)OCCCCCCCC/C=C\CC(CCCCCC)OC(OCCC#CCCCCCC)=O)C,0.24967856312912481
CN(CCCN(CCC(=O)OCCCCCCCC/C=C\CC(CCCCCC)OC(OCCCCCCCC/C=C\CCCCCCCC)=O)C)CCCN(CCC(=O)OCCCCCCCC/C=C\CC(CCCCCC)OC(OCCCCCCCC/C=C\CCCCCCCC)=O)C,0.27632358807962104
CN(CCCN(CCC(=O)OCCCCCCCC/C=C\CC(CCCCCC)OC(OCCCCCCCC/C=C\C/C=C\CCCCC)=O)C)CCCN(CCC(=O)OCCCCCCCC/C=C\CC(CCCCCC)OC(OCCCCCCCC/C=C\C/C=C\CCCCC)=O)C,0.27798324541104114
CN(CCCN(CCC(=O)OCCCCCCCC/C=C\CC(CCCCCC)OC(OCC#CCC)=O)C)CCCN(CCC(=O)OCCCCCCCC/C=C\CC(CCCCCC)OC(OCC#CCC)=O)C,0.20165812801895636
CN(CCCN(CCC(=O)OCCCCCCCC/C=C\CC(CCCCCC)OC(OCC#CCCC)=O)C)CCCN(CCC(=O)OCCCCCCCC/C=C\CC(CCCCCC)OC(OCC#CCCC)=O)C,0.20746245286096499
CN(CCCN(CCC(=O)OCCCCCCCC/C=C\CC(CCCCCC)OC(OCC#CCCCC)=O)C)CCCN(CCC(=O)OCCCCCCCC/C=C\CC(CCCCCC)OC(OCC#CCCCC)=O)C,0.22198648214654446
CN(CCCN(CCC(=O)OCCCCCCCC/C=C\CC(CCCCCC)OC(OCC#CCCCCC)=O)C)CCCN(CCC(=O)OCCCCCCCC/C=C\CC(CCCCCC)OC(OCC#CCCCCC)=O)C,0.2291724529425561
CN(CCCN(CCC(=O)OCCCCCCCC/C=C\CC(CCCCCC)OC(OCC#CCCCCCC)=O)C)CCCN(CCC(=O)OCCCCCCCC/C=C\CC(CCCCCC)OC(OCC#CCCCCCC)=O)C,0.24272103928343805
CN(CCCN(CCC(=O)OCCCCCCCC/C=C\CC(CCCCCC)OC(OCCC#CCCCC)=O)C)CCCN(CCC(=O)OCCCCCCCC/C=C\CC(CCCCCC)OC(OCCC#CCCCC)=O)C,0.23546129258867585
CN(CCC(=O)OCCCCCCCC/C=C\CC(CCCCCC)OC(OCCCCCCCCCCCCCCCCCC)=O)CCN(C)C,0.21955202768301002
CN(CCC(=O)OCCCCCCCC/C=C\CC(CCCCCC)OC(OCCC#CCCCCCC)=O)CCN(C)C,0.20217275696740683
CN(CCC(=O)OCCCCCCCC/C=C\CC(CCCCCC)OC(OCCCCCCCC/C=C\CCCCCCCC)=O)CCN(C)C,0.22786826267052715
CN(CCC(=O)OCCCCCCCC/C=C\CC(CCCCCC)OC(OCCCCCCCC/C=C\C/C=C\CCCCC)=O)CCN(C)C,0.22871784200945725
CN(CCC(=O)OCCCCCCCC/C=C\CC(CCCCCC)OC(OCC#CCC)=O)CCN(C)C,0.15388829365607068
CN(CCC(=O)OCCCCCCCC/C=C\CC(CCCCCC)OC(OCC#CCCC)=O)CCN(C)C,0.16021547814533174
CN(CCC(=O)OCCCCCCCC/C=C\CC(CCCCCC)OC(OCC#CCCCC)=O)CCN(C)C,0.17437351168564386
CN(CCC(=O)OCCCCCCCC/C=C\CC(CCCCCC)OC(OCC#CCCCCC)=O)CCN(C)C,0.18215357972821045
CN(CCC(=O)OCCCCCCCC/C=C\CC(CCCCCC)OC(OCC#CCCCCCC)=O)CCN(C)C,0.19494856148444076
CN(CCC(=O)OCCCCCCCC/C=C\CC(CCCCCC)OC(OCCC#CCCCC)=O)CCN(C)C,0.18823050891922607
N(CCC(=O)OCCCCCCCC/C=C\CC(CCCCCC)OC(OCCCCCCCCCCCCCCCCCC)=O)(CCC(=O)OCCCCCCCC/C=C\CC(CCCCCC)OC(OCCCCCCCCCCCCCCCCCC)=O)CCCN(CC)CC,0.2726891037385681
N(CCC(=O)OCCCCCCCC/C=C\CC(CCCCCC)OC(OCCC#CCCCCCC)=O)(CCC(=O)OCCCCCCCC/C=C\CC(CCCCCC)OC(OCCC#CCCCCCC)=O)CCCN(CC)CC,0.25318529140446683
N(CCC(=O)OCCCCCCCC/C=C\CC(CCCCCC)OC(OCCCCCCCC/C=C\CCCCCCCC)=O)(CCC(=O)OCCCCCCCC/C=C\CC(CCCCCC)OC(OCCCCCCCC/C=C\CCCCCCCC)=O)CCCN(CC)CC,0.28104632700533805
N(CCC(=O)OCCCCCCCC/C=C\CC(CCCCCC)OC(OCCCCCCCC/C=C\C/C=C\CCCCC)=O)(CCC(=O)OCCCCCCCC/C=C\CC(CCCCCC)OC(OCCCCCCCC/C=C\C/C=C\CCCCC)=O)CCCN(CC)CC,0.28277330184046334
N(CCC(=O)OCCCCCCCC/C=C\CC(CCCCCC)OC(OCC#CCC)=O)(CCC(=O)OCCCCCCCC/C=C\CC(CCCCCC)OC(OCC#CCC)=O)CCCN(CC)CC,0.202582729877076
N(CCC(=O)OCCCCCCCC/C=C\CC(CCCCCC)OC(OCC#CCCC)=O)(CCC(=O)OCCCCCCCC/C=C\CC(CCCCCC)OC(OCC#CCCC)=O)CCCN(CC)CC,0.2087139546450426
N(CCC(=O)OCCCCCCCC/C=C\CC(CCCCCC)OC(OCC#CCCCC)=O)(CCC(=O)OCCCCCCCC/C=C\CC(CCCCCC)OC(OCC#CCCCC)=O)CCCN(CC)CC,0.22380256781377214
N(CCC(=O)OCCCCCCCC/C=C\CC(CCCCCC)OC(OCC#CCCCCC)=O)(CCC(=O)OCCCCCCCC/C=C\CC(CCCCCC)OC(OCC#CCCCCC)=O)CCCN(CC)CC,0.23152449528140726
N(CCC(=O)OCCCCCCCC/C=C\CC(CCCCCC)OC(OCC#CCCCCCC)=O)(CCC(=O)OCCCCCCCC/C=C\CC(CCCCCC)OC(OCC#CCCCCCC)=O)CCCN(CC)CC,0.24600535845684646
N(CCC(=O)OCCCCCCCC/C=C\CC(CCCCCC)OC(OCCC#CCCCC)=O)(CCC(=O)OCCCCCCCC/C=C\CC(CCCCCC)OC(OCCC#CCCCC)=O)CCCN(CC)CC,0.23828873288095787
N(CCC(=O)OCCCCCCCC/C=C\CC(CCCCCC)OC(OCCCCCCCCCCCCCCCCCC)=O)(CCC(=O)OCCCCCCCC/C=C\CC(CCCCCC)OC(OCCCCCCCCCCCCCCCCCC)=O)CCCN1CCCCC1,0.26888408772927125
N(CCC(=O)OCCCCCCCC/C=C\CC(CCCCCC)OC(OCCC#CCCCCCC)=O)(CCC(=O)OCCCCCCCC/C=C\CC(CCCCCC)OC(OCCC#CCCCCCC)=O)CCCN1CCCCC1,0.2484863434037541
N(CCC(=O)OCCCCCCCC/C=C\CC(CCCCCC)OC(OCCCCCCCC/C=C\CCCCCCCC)=O)(CCC(=O)OCCCCCCCC/C=C\CC(CCCCCC)OC(OCCCCCCCC/C=C\CCCCCCCC)=O)CCCN1CCCCC1,0.2770808724474962
N(CCC(=O)OCCCCCCCC/C=C\CC(CCCCCC)OC(OCCCCCCCC/C=C\C/C=C\CCCCC)=O)(CCC(=O)OCCCCCCCC/C=C\CC(CCCCCC)OC(OCCCCCCCC/C=C\C/C=C\CCCCC)=O)CCCN1CCCCC1,0.27886368987047866
N(CCC(=O)OCCCCCCCC/C=C\CC(CCCCCC)OC(OCC#CCC)=O)(CCC(=O)OCCCCCCCC/C=C\CC(CCCCCC)OC(OCC#CCC)=O)CCCN1CCCCC1,0.19941080179697995
N(CCC(=O)OCCCCCCCC/C=C\CC(CCCCCC)OC(OCC#CCCC)=O)(CCC(=O)OCCCCCCCC/C=C\CC(CCCCCC)OC(OCC#CCCC)=O)CCCN1CCCCC1,0.20530552915010006
N(CCC(=O)OCCCCCCCC/C=C\CC(CCCCCC)OC(OCC#CCCCC)=O)(CCC(=O)OCCCCCCCC/C=C\CC(CCCCCC)OC(OCC#CCCCC)=O)CCCN1CCCCC1,0.2198958395922728
N(CCC(=O)OCCCCCCCC/C=C\CC(CCCCCC)OC(OCC#CCCCCC)=O)(CCC(=O)OCCCCCCCC/C=C\CC(CCCCCC)OC(OCC#CCCCCC)=O)CCCN1CCCCC1,0.2273274396733346
N(CCC(=O)OCCCCCCCC/C=C\CC(CCCCCC)OC(OCC#CCCCCCC)=O)(CCC(=O)OCCCCCCCC/C=C\CC(CCCCCC)OC(OCC#CCCCCCC)=O)CCCN1CCCCC1,0.24124667781172593
N(CCC(=O)OCCCCCCCC/C=C\CC(CCCCCC)OC(OCCC#CCCCC)=O)(CCC(=O)OCCCCCCCC/C=C\CC(CCCCCC)OC(OCCC#CCCCC)=O)CCCN1CCCCC1,0.2339570422654748
N(CCC(=O)OCCCCCCCC/C=C\CC(CCCCCC)OC(OCCCCCCCCCCCCCCCCCC)=O)(CCC(=O)OCCCCCCCC/C=C\CC(CCCCCC)OC(OCCCCCCCCCCCCCCCCCC)=O)CCCN(CCC(=O)OCCCCCCCC/C=C\CC(CCCCCC)OC(OCCCCCCCCCCCCCCCCCC)=O)CCCN(CCC(=O)OCCCCCCCC/C=C\CC(CCCCCC)OC(OCCCCCCCCCCCCCCCCCC)=O)(CCC(=O)OCCCCCCCC/C=C\CC(CCCCCC)OC(OCCCCCCCCCCCCCCCCCC)=O),0.2885422707244796
N(CCC(=O)OCCCCCCCC/C=C\CC(CCCCCC)OC(OCCC#CCCCCCC)=O)(CCC(=O)OCCCCCCCC/C=C\CC(CCCCCC)OC(OCCC#CCCCCCC)=O)CCCN(CCC(=O)OCCCCCCCC/C=C\CC(CCCCCC)OC(OCCC#CCCCCCC)=O)CCCN(CCC(=O)OCCCCCCCC/C=C\CC(CCCCCC)OC(OCCC#CCCCCCC)=O)(CCC(=O)OCCCCCCCC/C=C\CC(CCCCCC)OC(OCCC#CCCCCCC)=O),0.2684081190339527
N(CCC(=O)OCCCCCCCC/C=C\CC(CCCCCC)OC(OCCCCCCCC/C=C\CCCCCCCC)=O)(CCC(=O)OCCCCCCCC/C=C\CC(CCCCCC)OC(OCCCCCCCC/C=C\CCCCCCCC)=O)CCCN(CCC(=O)OCCCCCCCC/C=C\CC(CCCCCC)OC(OCCCCCCCC/C=C\CCCCCCCC)=O)CCCN(CCC(=O)OCCCCCCCC/C=C\CC(CCCCCC)OC(OCCCCCCCC/C=C\CCCCCCCC)=O)(CCC(=O)OCCCCCCCC/C=C\CC(CCCCCC)OC(OCCCCCCCC/C=C\CCCCCCCC)=O),0.29752400577261107
N(CCC(=O)OCCCCCCCC/C=C\CC(CCCCCC)OC(OCCCCCCCC/C=C\C/C=C\CCCCC)=O)(CCC(=O)OCCCCCCCC/C=C\CC(CCCCCC)OC(OCCCCCCCC/C=C\C/C=C\CCCCC)=O)CCCN(CCC(=O)OCCCCCCCC/C=C\CC(CCCCCC)OC(OCCCCCCCC/C=C\C/C=C\CCCCC)=O)CCCN(CCC(=O)OCCCCCCCC/C=C\CC(CCCCCC)OC(OCCCCCCCC/C=C\C/C=C\CCCCC)=O)(CCC(=O)OCCCCCCCC/C=C\CC(CCCCCC)OC(OCCCCCCCC/C=C\C/C=C\CCCCC)=O),0.2992473158440362
N(CCC(=O)OCCCCCCCC/C=C\CC(CCCCCC)OC(OCC#CCC)=O)(CCC(=O)OCCCCCCCC/C=C\CC(CCCCCC)OC(OCC#CCC)=O)CCCN(CCC(=O)OCCCCCCCC/C=C\CC(CCCCCC)OC(OCC#CCC)=O)CCCN(CCC(=O)OCCCCCCCC/C=C\CC(CCCCCC)OC(OCC#CCC)=O)(CCC(=O)OCCCCCCCC/C=C\CC(CCCCCC)OC(OCC#CCC)=O),0.21269168015347067
N(CCC(=O)OCCCCCCCC/C=C\CC(CCCCCC)OC(OCC#CCCC)=O)(CCC(=O)OCCCCCCCC/C=C\CC(CCCCCC)OC(OCC#CCCC)=O)CCCN(CCC(=O)OCCCCCCCC/C=C\CC(CCCCCC)OC(OCC#CCCC)=O)CCCN(CCC(=O)OCCCCCCCC/C=C\CC(CCCCCC)OC(OCC#CCCC)=O)(CCC(=O)OCCCCCCCC/C=C\CC(CCCCCC)OC(OCC#CCCC)=O),0.2192077351489997
N(CCC(=O)OCCCCCCCC/C=C\CC(CCCCCC)OC(OCC#CCCCC)=O)(CCC(=O)OCCCCCCCC/C=C\CC(CCCCCC)OC(OCC#CCCCC)=O)CCCN(CCC(=O)OCCCCCCCC/C=C\CC(CCCCCC)OC(OCC#CCCCC)=O)CCCN(CCC(=O)OCCCCCCCC/C=C\CC(CCCCCC)OC(OCC#CCCCC)=O)(CCC(=O)OCCCCCCCC/C=C\CC(CCCCCC)OC(OCC#CCCCC)=O),0.23651887730663615
N(CCC(=O)OCCCCCCCC/C=C\CC(CCCCCC)OC(OCC#CCCCCC)=O)(CCC(=O)OCCCCCCCC/C=C\CC(CCCCCC)OC(OCC#CCCCCC)=O)CCCN(CCC(=O)OCCCCCCCC/C=C\CC(CCCCCC)OC(OCC#CCCCCC)=O)CCCN(CCC(=O)OCCCCCCCC/C=C\CC(CCCCCC)OC(OCC#CCCCCC)=O)(CCC(=O)OCCCCCCCC/C=C\CC(CCCCCC)OC(OCC#CCCCCC)=O),0.2453604651822837
N(CCC(=O)OCCCCCCCC/C=C\CC(CCCCCC)OC(OCC#CCCCCCC)=O)(CCC(=O)OCCCCCCCC/C=C\CC(CCCCCC)OC(OCC#CCCCCCC)=O)CCCN(CCC(=O)OCCCCCCCC/C=C\CC(CCCCCC)OC(OCC#CCCCCCC)=O)CCCN(CCC(=O)OCCCCCCCC/C=C\CC(CCCCCC)OC(OCC#CCCCCCC)=O)(CCC(=O)OCCCCCCCC/C=C\CC(CCCCCC)OC(OCC#CCCCCCC)=O),0.260899198446627
N(CCC(=O)OCCCCCCCC/C=C\CC(CCCCCC)OC(OCCC#CCCCC)=O)(CCC(=O)OCCCCCCCC/C=C\CC(CCCCCC)OC(OCCC#CCCCC)=O)CCCN(CCC(=O)OCCCCCCCC/C=C\CC(CCCCCC)OC(OCCC#CCCCC)=O)CCCN(CCC(=O)OCCCCCCCC/C=C\CC(CCCCCC)OC(OCCC#CCCCC)=O)(CCC(=O)OCCCCCCCC/C=C\CC(CCCCCC)OC(OCCC#CCCCC)=O),0.25286837946154406
CN(C)CCCN(CCC(=O)OCCCCCCCC/C=C\CC(CCCCCC)OC(OCCCCCCCCCCCCCCCCCC)=O)CCCN(C)C,0.2224784015756727
CN(C)CCCN(CCC(=O)OCCCCCCCC/C=C\CC(CCCCCC)OC(OCCC#CCCCCCC)=O)CCCN(C)C,0.20780802205446103
CN(C)CCCN(CCC(=O)OCCCCCCCC/C=C\CC(CCCCCC)OC(OCCCCCCCC/C=C\CCCCCCCC)=O)CCCN(C)C,0.23008891421901392
CN(C)CCCN(CCC(=O)OCCCCCCCC/C=C\CC(CCCCCC)OC(OCCCCCCCC/C=C\C/C=C\CCCCC)=O)CCCN(C)C,0.2290534082003947
CN(C)CCCN(CCC(=O)OCCCCCCCC/C=C\CC(CCCCCC)OC(OCC#CCC)=O)CCCN(C)C,0.16586349480771967
CN(C)CCCN(CCC(=O)OCCCCCCCC/C=C\CC(CCCCCC)OC(OCC#CCCC)=O)CCCN(C)C,0.17122982030946698
CN(C)CCCN(CCC(=O)OCCCCCCCC/C=C\CC(CCCCCC)OC(OCC#CCCCC)=O)CCCN(C)C,0.18376105923547348
CN(C)CCCN(CCC(=O)OCCCCCCCC/C=C\CC(CCCCCC)OC(OCC#CCCCCC)=O)CCCN(C)C,0.19040818961137626
CN(C)CCCN(CCC(=O)OCCCCCCCC/C=C\CC(CCCCCC)OC(OCC#CCCCCCC)=O)CCCN(C)C,0.20162574592658947
CN(C)CCCN(CCC(=O)OCCCCCCCC/C=C\CC(CCCCCC)OC(OCCC#CCCCC)=O)CCCN(C)C,0.19579560252392283
N(CCC(=O)OCCCCCCCC/C=C\CC(CCCCCC)OC(OCCCCCCCCCCCCCCCCCC)=O)(CCC(=O)OCCCCCCCC/C=C\CC(CCCCCC)OC(OCCCCCCCCCCCCCCCCCC)=O)CCCN(CCC(=O)OCCCCCCCC/C=C\CC(CCCCCC)OC(OCCCCCCCCCCCCCCCCCC)=O)CCCN(C)C,0.2744113624433579
N(CCC(=O)OCCCCCCCC/C=C\CC(CCCCCC)OC(OCCC#CCCCCCC)=O)(CCC(=O)OCCCCCCCC/C=C\CC(CCCCCC)OC(OCCC#CCCCCCC)=O)CCCN(CCC(=O)OCCCCCCCC/C=C\CC(CCCCCC)OC(OCCC#CCCCCCC)=O)CCCN(C)C,0.2544048166233083
N(CCC(=O)OCCCCCCCC/C=C\CC(CCCCCC)OC(OCCCCCCCC/C=C\CCCCCCCC)=O)(CCC(=O)OCCCCCCCC/C=C\CC(CCCCCC)OC(OCCCCCCCC/C=C\CCCCCCCC)=O)CCCN(CCC(=O)OCCCCCCCC/C=C\CC(CCCCCC)OC(OCCCCCCCC/C=C\CCCCCCCC)=O)CCCN(C)C,0.28306161661090623
N(CCC(=O)OCCCCCCCC/C=C\CC(CCCCCC)OC(OCCCCCCCC/C=C\C/C=C\CCCCC)=O)(CCC(=O)OCCCCCCCC/C=C\CC(CCCCCC)OC(OCCCCCCCC/C=C\C/C=C\CCCCC)=O)CCCN(CCC(=O)OCCCCCCCC/C=C\CC(CCCCCC)OC(OCCCCCCCC/C=C\C/C=C\CCCCC)=O)CCCN(C)C,0.2847229260898961
N(CCC(=O)OCCCCCCCC/C=C\CC(CCCCCC)OC(OCC#CCC)=O)(CCC(=O)OCCCCCCCC/C=C\CC(CCCCCC)OC(OCC#CCC)=O)CCCN(CCC(=O)OCCCCCCCC/C=C\CC(CCCCCC)OC(OCC#CCC)=O)CCCN(C)C,0.20226939258071322
N(CCC(=O)OCCCCCCCC/C=C\CC(CCCCCC)OC(OCC#CCCC)=O)(CCC(=O)OCCCCCCCC/C=C\CC(CCCCCC)OC(OCC#CCCC)=O)CCCN(CCC(=O)OCCCCCCCC/C=C\CC(CCCCCC)OC(OCC#CCCC)=O)CCCN(C)C,0.20856487085615869
N(CCC(=O)OCCCCCCCC/C=C\CC(CCCCCC)OC(OCC#CCCCC)=O)(CCC(=O)OCCCCCCCC/C=C\CC(CCCCCC)OC(OCC#CCCCC)=O)CCCN(CCC(=O)OCCCCCCCC/C=C\CC(CCCCCC)OC(OCC#CCCCC)=O)CCCN(C)C,0.22402140226914583
N(CCC(=O)OCCCCCCCC/C=C\CC(CCCCCC)OC(OCC#CCCCCC)=O)(CCC(=O)OCCCCCCCC/C=C\CC(CCCCCC)OC(OCC#CCCCCC)=O)CCCN(CCC(=O)OCCCCCCCC/C=C\CC(CCCCCC)OC(OCC#CCCCCC)=O)CCCN(C)C,0.2320578685950126
N(CCC(=O)OCCCCCCCC/C=C\CC(CCCCCC)OC(OCC#CCCCCCC)=O)(CCC(=O)OCCCCCCCC/C=C\CC(CCCCCC)OC(OCC#CCCCCCC)=O)CCCN(CCC(=O)OCCCCCCCC/C=C\CC(CCCCCC)OC(OCC#CCCCCCC)=O)CCCN(C)C,0.24710540336734907
N(CCC(=O)OCCCCCCCC/C=C\CC(CCCCCC)OC(OCCC#CCCCC)=O)(CCC(=O)OCCCCCCCC/C=C\CC(CCCCCC)OC(OCCC#CCCCC)=O)CCCN(CCC(=O)OCCCCCCCC/C=C\CC(CCCCCC)OC(OCCC#CCCCC)=O)CCCN(C)C,0.23919236748446518
N(CCC(=O)OCCCCCCCC/C=C\CC(CCCCCC)OC(OCCCCCCCCCCCCCCCCCC)=O)(CCC(=O)OCCCCCCCC/C=C\CC(CCCCCC)OC(OCCCCCCCCCCCCCCCCCC)=O)CCCN(CCC(=O)OCCCCCCCC/C=C\CC(CCCCCC)OC(OCCCCCCCCCCCCCCCCCC)=O)CCN(CCC(=O)OCCCCCCCC/C=C\CC(CCCCCC)OC(OCCCCCCCCCCCCCCCCCC)=O)CCCN(CCC(=O)OCCCCCCCC/C=C\CC(CCCCCC)OC(OCCCCCCCCCCCCCCCCCC)=O)(CCC(=O)OCCCCCCCC/C=C\CC(CCCCCC)OC(OCCCCCCCCCCCCCCCCCC)=O),0.28956744331102624
N(CCC(=O)OCCCCCCCC/C=C\CC(CCCCCC)OC(OCCC#CCCCCCC)=O)(CCC(=O)OCCCCCCCC/C=C\CC(CCCCCC)OC(OCCC#CCCCCCC)=O)CCCN(CCC(=O)OCCCCCCCC/C=C\CC(CCCCCC)OC(OCCC#CCCCCCC)=O)CCN(CCC(=O)OCCCCCCCC/C=C\CC(CCCCCC)OC(OCCC#CCCCCCC)=O)CCCN(CCC(=O)OCCCCCCCC/C=C\CC(CCCCCC)OC(OCCC#CCCCCCC)=O)(CCC(=O)OCCCCCCCC/C=C\CC(CCCCCC)OC(OCCC#CCCCCCC)=O),0.269531519303282
N(CCC(=O)OCCCCCCCC/C=C\CC(CCCCCC)OC(OCCCCCCCC/C=C\CCCCCCCC)=O)(CCC(=O)OCCCCCCCC/C=C\CC(CCCCCC)OC(OCCCCCCCC/C=C\CCCCCCCC)=O)CCCN(CCC(=O)OCCCCCCCC/C=C\CC(CCCCCC)OC(OCCCCCCCC/C=C\CCCCCCCC)=O)CCN(CCC(=O)OCCCCCCCC/C=C\CC(CCCCCC)OC(OCCCCCCCC/C=C\CCCCCCCC)=O)CCCN(CCC(=O)OCCCCCCCC/C=C\CC(CCCCCC)OC(OCCCCCCCC/C=C\CCCCCCCC)=O)(CCC(=O)OCCCCCCCC/C=C\CC(CCCCCC)OC(OCCCCCCCC/C=C\CCCCCCCC)=O),0.2984979017064024
N(CCC(=O)OCCCCCCCC/C=C\CC(CCCCCC)OC(OCCCCCCCC/C=C\C/C=C\CCCCC)=O)(CCC(=O)OCCCCCCCC/C=C\CC(CCCCCC)OC(OCCCCCCCC/C=C\C/C=C\CCCCC)=O)CCCN(CCC(=O)OCCCCCCCC/C=C\CC(CCCCCC)OC(OCCCCCCCC/C=C\C/C=C\CCCCC)=O)CCN(CCC(=O)OCCCCCCCC/C=C\CC(CCCCCC)OC(OCCCCCCCC/C=C\C/C=C\CCCCC)=O)CCCN(CCC(=O)OCCCCCCCC/C=C\CC(CCCCCC)OC(OCCCCCCCC/C=C\C/C=C\CCCCC)=O)(CCC(=O)OCCCCCCCC/C=C\CC(CCCCCC)OC(OCCCCCCCC/C=C\C/C=C\CCCCC)=O),0.3002027678031399
N(CCC(=O)OCCCCCCCC/C=C\CC(CCCCCC)OC(OCC#CCC)=O)(CCC(=O)OCCCCCCCC/C=C\CC(CCCCCC)OC(OCC#CCC)=O)CCCN(CCC(=O)OCCCCCCCC/C=C\CC(CCCCCC)OC(OCC#CCC)=O)CCN(CCC(=O)OCCCCCCCC/C=C\CC(CCCCCC)OC(OCC#CCC)=O)CCCN(CCC(=O)OCCCCCCCC/C=C\CC(CCCCCC)OC(OCC#CCC)=O)(CCC(=O)OCCCCCCCC/C=C\CC(CCCCCC)OC(OCC#CCC)=O),0.21410597855126107
N(CCC(=O)OCCCCCCCC/C=C\CC(CCCCCC)OC(OCC#CCCC)=O)(CCC(=O)OCCCCCCCC/C=C\CC(CCCCCC)OC(OCC#CCCC)=O)CCCN(CCC(=O)OCCCCCCCC/C=C\CC(CCCCCC)OC(OCC#CCCC)=O)CCN(CCC(=O)OCCCCCCCC/C=C\CC(CCCCCC)OC(OCC#CCCC)=O)CCCN(CCC(=O)OCCCCCCCC/C=C\CC(CCCCCC)OC(OCC#CCCC)=O)(CCC(=O)OCCCCCCCC/C=C\CC(CCCCCC)OC(OCC#CCCC)=O),0.22057505247771605
N(CCC(=O)OCCCCCCCC/C=C\CC(CCCCCC)OC(OCC#CCCCC)=O)(CCC(=O)OCCCCCCCC/C=C\CC(CCCCCC)OC(OCC#CCCCC)=O)CCCN(CCC(=O)OCCCCCCCC/C=C\CC(CCCCCC)OC(OCC#CCCCC)=O)CCN(CCC(=O)OCCCCCCCC/C=C\CC(CCCCCC)OC(OCC#CCCCC)=O)CCCN(CCC(=O)OCCCCCCCC/C=C\CC(CCCCCC)OC(OCC#CCCCC)=O)(CCC(=O)OCCCCCCCC/C=C\CC(CCCCCC)OC(OCC#CCCCC)=O),0.23790638087475008
N(CCC(=O)OCCCCCCCC/C=C\CC(CCCCCC)OC(OCC#CCCCCC)=O)(CCC(=O)OCCCCCCCC/C=C\CC(CCCCCC)OC(OCC#CCCCCC)=O)CCCN(CCC(=O)OCCCCCCCC/C=C\CC(CCCCCC)OC(OCC#CCCCCC)=O)CCN(CCC(=O)OCCCCCCCC/C=C\CC(CCCCCC)OC(OCC#CCCCCC)=O)CCCN(CCC(=O)OCCCCCCCC/C=C\CC(CCCCCC)OC(OCC#CCCCCC)=O)(CCC(=O)OCCCCCCCC/C=C\CC(CCCCCC)OC(OCC#CCCCCC)=O),0.24666902613561079
N(CCC(=O)OCCCCCCCC/C=C\CC(CCCCCC)OC(OCC#CCCCCCC)=O)(CCC(=O)OCCCCCCCC/C=C\CC(CCCCCC)OC(OCC#CCCCCCC)=O)CCCN(CCC(=O)OCCCCCCCC/C=C\CC(CCCCCC)OC(OCC#CCCCCCC)=O)CCN(CCC(=O)OCCCCCCCC/C=C\CC(CCCCCC)OC(OCC#CCCCCCC)=O)CCCN(CCC(=O)OCCCCCCCC/C=C\CC(CCCCCC)OC(OCC#CCCCCCC)=O)(CCC(=O)OCCCCCCCC/C=C\CC(CCCCCC)OC(OCC#CCCCCCC)=O),0.26210082039362187
N(CCC(=O)OCCCCCCCC/C=C\CC(CCCCCC)OC(OCCC#CCCCC)=O)(CCC(=O)OCCCCCCCC/C=C\CC(CCCCCC)OC(OCCC#CCCCC)=O)CCCN(CCC(=O)OCCCCCCCC/C=C\CC(CCCCCC)OC(OCCC#CCCCC)=O)CCN(CCC(=O)OCCCCCCCC/C=C\CC(CCCCCC)OC(OCCC#CCCCC)=O)CCCN(CCC(=O)OCCCCCCCC/C=C\CC(CCCCCC)OC(OCCC#CCCCC)=O)(CCC(=O)OCCCCCCCC/C=C\CC(CCCCCC)OC(OCCC#CCCCC)=O),0.2541760392434695
CN(C)CCCN1CCN(CCC(=O)OCCCCCCCC/C=C\CC(CCCCCC)OC(OCCCCCCCCCCCCCCCCCC)=O)CC1,0.19699084117348914
CN(C)CCCN1CCN(CCC(=O)OCCCCCCCC/C=C\CC(CCCCCC)OC(OCCC#CCCCCCC)=O)CC1,0.1792330484301353
CN(C)CCCN1CCN(CCC(=O)OCCCCCCCC/C=C\CC(CCCCCC)OC(OCCCCCCCC/C=C\CCCCCCCC)=O)CC1,0.205083976160998
CN(C)CCCN1CCN(CCC(=O)OCCCCCCCC/C=C\CC(CCCCCC)OC(OCCCCCCCC/C=C\C/C=C\CCCCC)=O)CC1,0.20481730452371869
CN(C)CCCN1CCN(CCC(=O)OCCCCCCCC/C=C\CC(CCCCCC)OC(OCC#CCC)=O)CC1,0.13587051296333327
CN(C)CCCN1CCN(CCC(=O)OCCCCCCCC/C=C\CC(CCCCCC)OC(OCC#CCCC)=O)CC1,0.1415779618796617
CN(C)CCCN1CCN(CCC(=O)OCCCCCCCC/C=C\CC(CCCCCC)OC(OCC#CCCCC)=O)CC1,0.1542467345810873
CN(C)CCCN1CCN(CCC(=O)OCCCCCCCC/C=C\CC(CCCCCC)OC(OCC#CCCCCC)=O)CC1,0.1612105365875391
CN(C)CCCN1CCN(CCC(=O)OCCCCCCCC/C=C\CC(CCCCCC)OC(OCC#CCCCCCC)=O)CC1,0.17256640769338621
CN(C)CCCN1CCN(CCC(=O)OCCCCCCCC/C=C\CC(CCCCCC)OC(OCCC#CCCCC)=O)CC1,0.16657370798938056
CN(C)CCN1CCN(CCC(=O)OCCCCCCCC/C=C\CC(CCCCCC)OC(OCCCCCCCCCCCCCCCCCC)=O)CC1,0.1983431539983676
CN(C)CCN1CCN(CCC(=O)OCCCCCCCC/C=C\CC(CCCCCC)OC(OCCC#CCCCCCC)=O)CC1,0.181041444101402
CN(C)CCN1CCN(CCC(=O)OCCCCCCCC/C=C\CC(CCCCCC)OC(OCCCCCCCC/C=C\CCCCCCCC)=O)CC1,0.2068511582601614
CN(C)CCN1CCN(CCC(=O)OCCCCCCCC/C=C\CC(CCCCCC)OC(OCCCCCCCC/C=C\C/C=C\CCCCC)=O)CC1,0.20649112526566843
CN(C)CCN1CCN(CCC(=O)OCCCCCCCC/C=C\CC(CCCCCC)OC(OCC#CCC)=O)CC1,0.1367307111052798
CN(C)CCN1CCN(CCC(=O)OCCCCCCCC/C=C\CC(CCCCCC)OC(OCC#CCCC)=O)CC1,0.14254792269833239
CN(C)CCN1CCN(CCC(=O)OCCCCCCCC/C=C\CC(CCCCCC)OC(OCC#CCCCC)=O)CC1,0.15556366140892663
CN(C)CCN1CCN(CCC(=O)OCCCCCCCC/C=C\CC(CCCCCC)OC(OCC#CCCCCC)=O)CC1,0.16271358534887123
CN(C)CCN1CCN(CCC(=O)OCCCCCCCC/C=C\CC(CCCCCC)OC(OCC#CCCCCCC)=O)CC1,0.17427529902238453
CN(C)CCN1CCN(CCC(=O)OCCCCCCCC/C=C\CC(CCCCCC)OC(OCCC#CCCCC)=O)CC1,0.16818686487647416
N(CCC(=O)OCCCCCCCC/C=C\CC(CCCCCC)OC(OCCCCCCCCCCCCCCCCCC)=O)(CCC(=O)OCCCCCCCC/C=C\CC(CCCCCC)OC(OCCCCCCCCCCCCCCCCCC)=O)CCN1CCCCN(C)CC1,0.23787610151565375
N(CCC(=O)OCCCCCCCC/C=C\CC(CCCCCC)OC(OCCC#CCCCCCC)=O)(CCC(=O)OCCCCCCCC/C=C\CC(CCCCCC)OC(OCCC#CCCCCCC)=O)CCN1CCCCN(C)CC1,0.21835265866451936
N(CCC(=O)OCCCCCCCC/C=C\CC(CCCCCC)OC(OCCCCCCCC/C=C\CCCCCCCC)=O)(CCC(=O)OCCCCCCCC/C=C\CC(CCCCCC)OC(OCCCCCCCC/C=C\CCCCCCCC)=O)CCN1CCCCN(C)CC1,0.2458462716654039
N(CCC(=O)OCCCCCCCC/C=C\CC(CCCCCC)OC(OCCCCCCCC/C=C\C/C=C\CCCCC)=O)(CCC(=O)OCCCCCCCC/C=C\CC(CCCCCC)OC(OCCCCCCCC/C=C\C/C=C\CCCCC)=O)CCN1CCCCN(C)CC1,0.24800469732860494
N(CCC(=O)OCCCCCCCC/C=C\CC(CCCCCC)OC(OCC#CCC)=O)(CCC(=O)OCCCCCCCC/C=C\CC(CCCCCC)OC(OCC#CCC)=O)CCN1CCCCN(C)CC1,0.1706317879477914
N(CCC(=O)OCCCCCCCC/C=C\CC(CCCCCC)OC(OCC#CCCC)=O)(CCC(=O)OCCCCCCCC/C=C\CC(CCCCCC)OC(OCC#CCCC)=O)CCN1CCCCN(C)CC1,0.17673372464520354
N(CCC(=O)OCCCCCCCC/C=C\CC(CCCCCC)OC(OCC#CCCCC)=O)(CCC(=O)OCCCCCCCC/C=C\CC(CCCCCC)OC(OCC#CCCCC)=O)CCN1CCCCN(C)CC1,0.19106681073029122
N(CCC(=O)OCCCCCCCC/C=C\CC(CCCCCC)OC(OCC#CCCCCC)=O)(CCC(=O)OCCCCCCCC/C=C\CC(CCCCCC)OC(OCC#CCCCCC)=O)CCN1CCCCN(C)CC1,0.19857971149130757
N(CCC(=O)OCCCCCCCC/C=C\CC(CCCCCC)OC(OCC#CCCCCCC)=O)(CCC(=O)OCCCCCCCC/C=C\CC(CCCCCC)OC(OCC#CCCCCCC)=O)CCN1CCCCN(C)CC1,0.21138945743900203
N(CCC(=O)OCCCCCCCC/C=C\CC(CCCCCC)OC(OCCC#CCCCC)=O)(CCC(=O)OCCCCCCCC/C=C\CC(CCCCCC)OC(OCCC#CCCCC)=O)CCN1CCCCN(C)CC1,0.20503119755590649
N(CCC(=O)OCCCCCCCC/C=C\CC(CCCCCC)OC(OCCCCCCCCCCCCCCCCCC)=O)(CCC(=O)OCCCCCCCC/C=C\CC(CCCCCC)OC(OCCCCCCCCCCCCCCCCCC)=O)CCC1N(C)CCCC1,0.23042810011508144
N(CCC(=O)OCCCCCCCC/C=C\CC(CCCCCC)OC(OCCC#CCCCCCC)=O)(CCC(=O)OCCCCCCCC/C=C\CC(CCCCCC)OC(OCCC#CCCCCCC)=O)CCC1N(C)CCCC1,0.21080630942497747
N(CCC(=O)OCCCCCCCC/C=C\CC(CCCCCC)OC(OCCCCCCCC/C=C\CCCCCCCC)=O)(CCC(=O)OCCCCCCCC/C=C\CC(CCCCCC)OC(OCCCCCCCC/C=C\CCCCCCCC)=O)CCC1N(C)CCCC1,0.238373052485108
N(CCC(=O)OCCCCCCCC/C=C\CC(CCCCCC)OC(OCCCCCCCC/C=C\C/C=C\CCCCC)=O)(CCC(=O)OCCCCCCCC/C=C\CC(CCCCCC)OC(OCCCCCCCC/C=C\C/C=C\CCCCC)=O)CCC1N(C)CCCC1,0.2408006730655131
N(CCC(=O)OCCCCCCCC/C=C\CC(CCCCCC)OC(OCC#CCC)=O)(CCC(=O)OCCCCCCCC/C=C\CC(CCCCCC)OC(OCC#CCC)=O)CCC1N(C)CCCC1,0.16104924192616243
N(CCC(=O)OCCCCCCCC/C=C\CC(CCCCCC)OC(OCC#CCCC)=O)(CCC(=O)OCCCCCCCC/C=C\CC(CCCCCC)OC(OCC#CCCC)=O)CCC1N(C)CCCC1,0.16755904879997316
N(CCC(=O)OCCCCCCCC/C=C\CC(CCCCCC)OC(OCC#CCCCC)=O)(CCC(=O)OCCCCCCCC/C=C\CC(CCCCCC)OC(OCC#CCCCC)=O)CCC1N(C)CCCC1,0.18247535799670223
N(CCC(=O)OCCCCCCCC/C=C\CC(CCCCCC)OC(OCC#CCCCCC)=O)(CCC(=O)OCCCCCCCC/C=C\CC(CCCCCC)OC(OCC#CCCCCC)=O)CCC1N(C)CCCC1,0.19019384599348763
N(CCC(=O)OCCCCCCCC/C=C\CC(CCCCCC)OC(OCC#CCCCCCC)=O)(CCC(=O)OCCCCCCCC/C=C\CC(CCCCCC)OC(OCC#CCCCCCC)=O)CCC1N(C)CCCC1,0.20351305417359628
N(CCC(=O)OCCCCCCCC/C=C\CC(CCCCCC)OC(OCCC#CCCCC)=O)(CCC(=O)OCCCCCCCC/C=C\CC(CCCCCC)OC(OCCC#CCCCC)=O)CCC1N(C)CCCC1,0.19678611005055172
CN(CC1)CCC1CN2CCN(CCC(=O)OCCCCCCCC/C=C\CC(CCCCCC)OC(OCCCCCCCCCCCCCCCCCC)=O)CC2,0.09174546633452642
CN(CC1)CCC1CN2CCN(CCC(=O)OCCCCCCCC/C=C\CC(CCCCCC)OC(OCCC#CCCCCCC)=O)CC2,0.06517209952998673
CN(CC1)CCC1CN2CCN(CCC(=O)OCCCCCCCC/C=C\CC(CCCCCC)OC(OCCCCCCCC/C=C\CCCCCCCC)=O)CC2,0.10019842404320116
CN(CC1)CCC1CN2CCN(CCC(=O)OCCCCCCCC/C=C\CC(CCCCCC)OC(OCCCCCCCC/C=C\C/C=C\CCCCC)=O)CC2,0.09947382215816016
CN(CC1)CCC1CN2CCN(CCC(=O)OCCCCCCCC/C=C\CC(CCCCCC)OC(OCC#CCC)=O)CC2,0.02110255003999976
CN(CC1)CCC1CN2CCN(CCC(=O)OCCCCCCCC/C=C\CC(CCCCCC)OC(OCC#CCCC)=O)CC2,0.027322968247447264
CN(CC1)CCC1CN2CCN(CCC(=O)OCCCCCCCC/C=C\CC(CCCCCC)OC(OCC#CCCCC)=O)CC2,0.03862675915603918
CN(CC1)CCC1CN2CCN(CCC(=O)OCCCCCCCC/C=C\CC(CCCCCC)OC(OCC#CCCCCC)=O)CC2,0.04549188289400742
CN(CC1)CCC1CN2CCN(CCC(=O)OCCCCCCCC/C=C\CC(CCCCCC)OC(OCC#CCCCCCC)=O)CC2,0.05726411020695224
CN(CC1)CCC1CN2CCN(CCC(=O)OCCCCCCCC/C=C\CC(CCCCCC)OC(OCCC#CCCCC)=O)CC2,0.050297514569155266
N(CCC(=O)OCCCCCCCC/C=C\CC(CCCCCC)OC(OCCCCCCCCCCCCCCCCCC)=O)(CCC(=O)OCCCCCCCC/C=C\CC(CCCCCC)OC(OCCCCCCCCCCCCCCCCCC)=O)CCN(CC)CC,0.27040012837831084
N(CCC(=O)OCCCCCCCC/C=C\CC(CCCCCC)OC(OCCC#CCCCCCC)=O)(CCC(=O)OCCCCCCCC/C=C\CC(CCCCCC)OC(OCCC#CCCCCCC)=O)CCN(CC)CC,0.2502424561142002
N(CCC(=O)OCCCCCCCC/C=C\CC(CCCCCC)OC(OCCCCCCCC/C=C\CCCCCCCC)=O)(CCC(=O)OCCCCCCCC/C=C\CC(CCCCCC)OC(OCCCCCCCC/C=C\CCCCCCCC)=O)CCN(CC)CC,0.2787921368611856
N(CCC(=O)OCCCCCCCC/C=C\CC(CCCCCC)OC(OCCCCCCCC/C=C\C/C=C\CCCCC)=O)(CCC(=O)OCCCCCCCC/C=C\CC(CCCCCC)OC(OCCCCCCCC/C=C\C/C=C\CCCCC)=O)CCN(CC)CC,0.28052067372674044
N(CCC(=O)OCCCCCCCC/C=C\CC(CCCCCC)OC(OCC#CCC)=O)(CCC(=O)OCCCCCCCC/C=C\CC(CCCCCC)OC(OCC#CCC)=O)CCN(CC)CC,0.19914090096217799
N(CCC(=O)OCCCCCCCC/C=C\CC(CCCCCC)OC(OCC#CCCC)=O)(CCC(=O)OCCCCCCCC/C=C\CC(CCCCCC)OC(OCC#CCCC)=O)CCN(CC)CC,0.20527015817258426
N(CCC(=O)OCCCCCCCC/C=C\CC(CCCCCC)OC(OCC#CCCCC)=O)(CCC(=O)OCCCCCCCC/C=C\CC(CCCCCC)OC(OCC#CCCCC)=O)CCN(CC)CC,0.22059935406651457
N(CCC(=O)OCCCCCCCC/C=C\CC(CCCCCC)OC(OCC#CCCCCC)=O)(CCC(=O)OCCCCCCCC/C=C\CC(CCCCCC)OC(OCC#CCCCCC)=O)CCN(CC)CC,0.22830768886550776
N(CCC(=O)OCCCCCCCC/C=C\CC(CCCCCC)OC(OCC#CCCCCCC)=O)(CCC(=O)OCCCCCCCC/C=C\CC(CCCCCC)OC(OCC#CCCCCCC)=O)CCN(CC)CC,0.24292142976412406
N(CCC(=O)OCCCCCCCC/C=C\CC(CCCCCC)OC(OCCC#CCCCC)=O)(CCC(=O)OCCCCCCCC/C=C\CC(CCCCCC)OC(OCCC#CCCCC)=O)CCN(CC)CC,0.23522043951205457
N(CCC(=O)OCCCCCCCC/C=C\CC(CCCCCC)OC(OCCCCCCCCCCCCCCCCCC)=O)(CCC(=O)OCCCCCCCC/C=C\CC(CCCCCC)OC(OCCCCCCCCCCCCCCCCCC)=O)CCN1CCN(C)CC1,0.2509573553871498
N(CCC(=O)OCCCCCCCC/C=C\CC(CCCCCC)OC(OCCC#CCCCCCC)=O)(CCC(=O)OCCCCCCCC/C=C\CC(CCCCCC)OC(OCCC#CCCCCCC)=O)CCN1CCN(C)CC1,0.23006587427017774
N(CCC(=O)OCCCCCCCC/C=C\CC(CCCCCC)OC(OCCCCCCCC/C=C\CCCCCCCC)=O)(CCC(=O)OCCCCCCCC/C=C\CC(CCCCCC)OC(OCCCCCCCC/C=C\CCCCCCCC)=O)CCN1CCN(C)CC1,0.2591089613791041
N(CCC(=O)OCCCCCCCC/C=C\CC(CCCCCC)OC(OCCCCCCCC/C=C\C/C=C\CCCCC)=O)(CCC(=O)OCCCCCCCC/C=C\CC(CCCCCC)OC(OCCCCCCCC/C=C\C/C=C\CCCCC)=O)CCN1CCN(C)CC1,0.26087066135224063
N(CCC(=O)OCCCCCCCC/C=C\CC(CCCCCC)OC(OCC#CCC)=O)(CCC(=O)OCCCCCCCC/C=C\CC(CCCCCC)OC(OCC#CCC)=O)CCN1CCN(C)CC1,0.18117508782027056
N(CCC(=O)OCCCCCCCC/C=C\CC(CCCCCC)OC(OCC#CCCC)=O)(CCC(=O)OCCCCCCCC/C=C\CC(CCCCCC)OC(OCC#CCCC)=O)CCN1CCN(C)CC1,0.18719012155551443
N(CCC(=O)OCCCCCCCC/C=C\CC(CCCCCC)OC(OCC#CCCCC)=O)(CCC(=O)OCCCCCCCC/C=C\CC(CCCCCC)OC(OCC#CCCCC)=O)CCN1CCN(C)CC1,0.20223514806744955
N(CCC(=O)OCCCCCCCC/C=C\CC(CCCCCC)OC(OCC#CCCCCC)=O)(CCC(=O)OCCCCCCCC/C=C\CC(CCCCCC)OC(OCC#CCCCCC)=O)CCN1CCN(C)CC1,0.20974162047246728
N(CCC(=O)OCCCCCCCC/C=C\CC(CCCCCC)OC(OCC#CCCCCCC)=O)(CCC(=O)OCCCCCCCC/C=C\CC(CCCCCC)OC(OCC#CCCCCCC)=O)CCN1CCN(C)CC1,0.22303002361016197
N(CCC(=O)OCCCCCCCC/C=C\CC(CCCCCC)OC(OCCC#CCCCC)=O)(CCC(=O)OCCCCCCCC/C=C\CC(CCCCCC)OC(OCCC#CCCCC)=O)CCN1CCN(C)CC1,0.21644176976583535
OC[C@@H]1CCCN(CCC(=O)OCCCCCCCC/C=C\CC(CCCCCC)OC(OCCCCCCCCCCCCCCCCCC)=O)1,-0.0073130584623411436
OC[C@@H]1CCCN(CCC(=O)OCCCCCCCC/C=C\CC(CCCCCC)OC(OCCC#CCCCCCC)=O)1,-0.03953773918400663
OC[C@@H]1CCCN(CCC(=O)OCCCCCCCC/C=C\CC(CCCCCC)OC(OCCCCCCCC/C=C\CCCCCCCC)=O)1,0.002518218375912088
OC[C@@H]1CCCN(CCC(=O)OCCCCCCCC/C=C\CC(CCCCCC)OC(OCCCCCCCC/C=C\C/C=C\CCCCC)=O)1,0.0030447953551964533
OC[C@@H]1CCCN(CCC(=O)OCCCCCCCC/C=C\CC(CCCCCC)OC(OCC#CCC)=O)1,-0.08799009072747505
OC[C@@H]1CCCN(CCC(=O)OCCCCCCCC/C=C\CC(CCCCCC)OC(OCC#CCCC)=O)1,-0.08105688349011018
OC[C@@H]1CCCN(CCC(=O)OCCCCCCCC/C=C\CC(CCCCCC)OC(OCC#CCCCC)=O)1,-0.06814736284872681
OC[C@@H]1CCCN(CCC(=O)OCCCCCCCC/C=C\CC(CCCCCC)OC(OCC#CCCCCC)=O)1,-0.05968665506599767
OC[C@@H]1CCCN(CCC(=O)OCCCCCCCC/C=C\CC(CCCCCC)OC(OCC#CCCCCCC)=O)1,-0.04821591464548358
OC[C@@H]1CCCN(CCC(=O)OCCCCCCCC/C=C\CC(CCCCCC)OC(OCCC#CCCCC)=O)1,-0.05510415342990481
OCCC1CCCCN(CCC(=O)OCCCCCCCC/C=C\CC(CCCCCC)OC(OCCCCCCCCCCCCCCCCCC)=O)1,0.1265304871854187
OCCC1CCCCN(CCC(=O)OCCCCCCCC/C=C\CC(CCCCCC)OC(OCCC#CCCCCCC)=O)1,0.1015139390358445
OCCC1CCCCN(CCC(=O)OCCCCCCCC/C=C\CC(CCCCCC)OC(OCCCCCCCC/C=C\CCCCCCCC)=O)1,0.13566555654754542
OCCC1CCCCN(CCC(=O)OCCCCCCCC/C=C\CC(CCCCCC)OC(OCCCCCCCC/C=C\C/C=C\CCCCC)=O)1,0.13642931432998923
OCCC1CCCCN(CCC(=O)OCCCCCCCC/C=C\CC(CCCCCC)OC(OCC#CCC)=O)1,0.048434184991194715
OCCC1CCCCN(CCC(=O)OCCCCCCCC/C=C\CC(CCCCCC)OC(OCC#CCCC)=O)1,0.056397829158044394
OCCC1CCCCN(CCC(=O)OCCCCCCCC/C=C\CC(CCCCCC)OC(OCC#CCCCC)=O)1,0.07138767394115023
OCCC1CCCCN(CCC(=O)OCCCCCCCC/C=C\CC(CCCCCC)OC(OCC#CCCCCC)=O)1,0.08022179711368722
OCCC1CCCCN(CCC(=O)OCCCCCCCC/C=C\CC(CCCCCC)OC(OCC#CCCCCCC)=O)1,0.093185838624872
OCCC1CCCCN(CCC(=O)OCCCCCCCC/C=C\CC(CCCCCC)OC(OCCC#CCCCC)=O)1,0.0858641664352913
N(CCC(=O)OCCCCCCCC/C=C\CC(CCCCCC)OC(OCCCCCCCCCCCCCCCCCC)=O)(CCC(=O)OCCCCCCCC/C=C\CC(CCCCCC)OC(OCCCCCCCCCCCCCCCCCC)=O)CC1N(C)CCCC1,0.21500959813524503
N(CCC(=O)OCCCCCCCC/C=C\CC(CCCCCC)OC(OCCC#CCCCCCC)=O)(CCC(=O)OCCCCCCCC/C=C\CC(CCCCCC)OC(OCCC#CCCCCCC)=O)CC1N(C)CCCC1,0.19529926735492636
N(CCC(=O)OCCCCCCCC/C=C\CC(CCCCCC)OC(OCCCCCCCC/C=C\CCCCCCCC)=O)(CCC(=O)OCCCCCCCC/C=C\CC(CCCCCC)OC(OCCCCCCCC/C=C\CCCCCCCC)=O)CC1N(C)CCCC1,0.22301006266361484
N(CCC(=O)OCCCCCCCC/C=C\CC(CCCCCC)OC(OCCCCCCCC/C=C\C/C=C\CCCCC)=O)(CCC(=O)OCCCCCCCC/C=C\CC(CCCCCC)OC(OCCCCCCCC/C=C\C/C=C\CCCCC)=O)CC1N(C)CCCC1,0.2258585753471727
N(CCC(=O)OCCCCCCCC/C=C\CC(CCCCCC)OC(OCC#CCC)=O)(CCC(=O)OCCCCCCCC/C=C\CC(CCCCCC)OC(OCC#CCC)=O)CC1N(C)CCCC1,0.14384868851903498
N(CCC(=O)OCCCCCCCC/C=C\CC(CCCCCC)OC(OCC#CCCC)=O)(CCC(=O)OCCCCCCCC/C=C\CC(CCCCCC)OC(OCC#CCCC)=O)CC1N(C)CCCC1,0.15077540732230776
N(CCC(=O)OCCCCCCCC/C=C\CC(CCCCCC)OC(OCC#CCCCC)=O)(CCC(=O)OCCCCCCCC/C=C\CC(CCCCCC)OC(OCC#CCCCC)=O)CC1N(C)CCCC1,0.16625126886186087
N(CCC(=O)OCCCCCCCC/C=C\CC(CCCCCC)OC(OCC#CCCCCC)=O)(CCC(=O)OCCCCCCCC/C=C\CC(CCCCCC)OC(OCC#CCCCCC)=O)CC1N(C)CCCC1,0.17432612508943904
N(CCC(=O)OCCCCCCCC/C=C\CC(CCCCCC)OC(OCC#CCCCCCC)=O)(CCC(=O)OCCCCCCCC/C=C\CC(CCCCCC)OC(OCC#CCCCCCC)=O)CC1N(C)CCCC1,0.18757618338399243
N(CCC(=O)OCCCCCCCC/C=C\CC(CCCCCC)OC(OCCC#CCCCC)=O)(CCC(=O)OCCCCCCCC/C=C\CC(CCCCCC)OC(OCCC#CCCCC)=O)CC1N(C)CCCC1,0.1807447934954936
N(CCC(=O)OCCCCCCCC/C=C\CC(CCCCCC)OC(OCCCCCCCCCCCCCCCCCC)=O)(CCC(=O)OCCCCCCCC/C=C\CC(CCCCCC)OC(OCCCCCCCCCCCCCCCCCC)=O)CCC1N(C(C)C)CCCC1,0.21227553421970002
N(CCC(=O)OCCCCCCCC/C=C\CC(CCCCCC)OC(OCCC#CCCCCCC)=O)(CCC(=O)OCCCCCCCC/C=C\CC(CCCCCC)OC(OCCC#CCCCCCC)=O)CCC1N(C(C)C)CCCC1,0.19401804193411679
N(CCC(=O)OCCCCCCCC/C=C\CC(CCCCCC)OC(OCCCCCCCC/C=C\CCCCCCCC)=O)(CCC(=O)OCCCCCCCC/C=C\CC(CCCCCC)OC(OCCCCCCCC/C=C\CCCCCCCC)=O)CCC1N(C(C)C)CCCC1,0.22105166701253914
N(CCC(=O)OCCCCCCCC/C=C\CC(CCCCCC)OC(OCCCCCCCC/C=C\C/C=C\CCCCC)=O)(CCC(=O)OCCCCCCCC/C=C\CC(CCCCCC)OC(OCCCCCCCC/C=C\C/C=C\CCCCC)=O)CCC1N(C(C)C)CCCC1,0.2223142532048574
N(CCC(=O)OCCCCCCCC/C=C\CC(CCCCCC)OC(OCC#CCC)=O)(CCC(=O)OCCCCCCCC/C=C\CC(CCCCCC)OC(OCC#CCC)=O)CCC1N(C(C)C)CCCC1,0.14464368691007023
N(CCC(=O)OCCCCCCCC/C=C\CC(CCCCCC)OC(OCC#CCCC)=O)(CCC(=O)OCCCCCCCC/C=C\CC(CCCCCC)OC(OCC#CCCC)=O)CCC1N(C(C)C)CCCC1,0.15131791250611676
N(CCC(=O)OCCCCCCCC/C=C\CC(CCCCCC)OC(OCC#CCCCC)=O)(CCC(=O)OCCCCCCCC/C=C\CC(CCCCCC)OC(OCC#CCCCC)=O)CCC1N(C(C)C)CCCC1,0.16615421270190037
N(CCC(=O)OCCCCCCCC/C=C\CC(CCCCCC)OC(OCC#CCCCCC)=O)(CCC(=O)OCCCCCCCC/C=C\CC(CCCCCC)OC(OCC#CCCCCC)=O)CCC1N(C(C)C)CCCC1,0.1739103696632758
N(CCC(=O)OCCCCCCCC/C=C\CC(CCCCCC)OC(OCC#CCCCCCC)=O)(CCC(=O)OCCCCCCCC/C=C\CC(CCCCCC)OC(OCC#CCCCCCC)=O)CCC1N(C(C)C)CCCC1,0.1866749669237463
N(CCC(=O)OCCCCCCCC/C=C\CC(CCCCCC)OC(OCCC#CCCCC)=O)(CCC(=O)OCCCCCCCC/C=C\CC(CCCCCC)OC(OCCC#CCCCC)=O)CCC1N(C(C)C)CCCC1,0.18002328563226502
N(CCC(=O)OCCCCCCCC/C=C\CC(CCCCCC)OC(OCCCCCCCCCCCCCCCCCC)=O)(CCC(=O)OCCCCCCCC/C=C\CC(CCCCCC)OC(OCCCCCCCCCCCCCCCCCC)=O)CCC1N(CC(C)C)CCCC1,0.22514172353618614
N(CCC(=O)OCCCCCCCC/C=C\CC(CCCCCC)OC(OCCC#CCCCCCC)=O)(CCC(=O)OCCCCCCCC/C=C\CC(CCCCCC)OC(OCCC#CCCCCCC)=O)CCC1N(CC(C)C)CCCC1,0.20686776985299896
N(CCC(=O)OCCCCCCCC/C=C\CC(CCCCCC)OC(OCCCCCCCC/C=C\CCCCCCCC)=O)(CCC(=O)OCCCCCCCC/C=C\CC(CCCCCC)OC(OCCCCCCCC/C=C\CCCCCCCC)=O)CCC1N(CC(C)C)CCCC1,0.23269977298442646
N(CCC(=O)OCCCCCCCC/C=C\CC(CCCCCC)OC(OCCCCCCCC/C=C\C/C=C\CCCCC)=O)(CCC(=O)OCCCCCCCC/C=C\CC(CCCCCC)OC(OCCCCCCCC/C=C\C/C=C\CCCCC)=O)CCC1N(CC(C)C)CCCC1,0.23517939115470823
N(CCC(=O)OCCCCCCCC/C=C\CC(CCCCCC)OC(OCC#CCC)=O)(CCC(=O)OCCCCCCCC/C=C\CC(CCCCCC)OC(OCC#CCC)=O)CCC1N(CC(C)C)CCCC1,0.15875347774134596
N(CCC(=O)OCCCCCCCC/C=C\CC(CCCCCC)OC(OCC#CCCC)=O)(CCC(=O)OCCCCCCCC/C=C\CC(CCCCCC)OC(OCC#CCCC)=O)CCC1N(CC(C)C)CCCC1,0.16507079440375866
N(CCC(=O)OCCCCCCCC/C=C\CC(CCCCCC)OC(OCC#CCCCC)=O)(CCC(=O)OCCCCCCCC/C=C\CC(CCCCCC)OC(OCC#CCCCC)=O)CCC1N(CC(C)C)CCCC1,0.1794987888569662
N(CCC(=O)OCCCCCCCC/C=C\CC(CCCCCC)OC(OCC#CCCCCC)=O)(CCC(=O)OCCCCCCCC/C=C\CC(CCCCCC)OC(OCC#CCCCCC)=O)CCC1N(CC(C)C)CCCC1,0.18704905819210538
N(CCC(=O)OCCCCCCCC/C=C\CC(CCCCCC)OC(OCC#CCCCCCC)=O)(CCC(=O)OCCCCCCCC/C=C\CC(CCCCCC)OC(OCC#CCCCCCC)=O)CCC1N(CC(C)C)CCCC1,0.19977256203665944
N(CCC(=O)OCCCCCCCC/C=C\CC(CCCCCC)OC(OCCC#CCCCC)=O)(CCC(=O)OCCCCCCCC/C=C\CC(CCCCCC)OC(OCCC#CCCCC)=O)CCC1N(CC(C)C)CCCC1,0.19333319672741306
N(CCC(=O)OCCCCCCCC/C=C\CC(CCCCCC)OC(OCCCCCCCCCCCCCCCCCC)=O)(CCC(=O)OCCCCCCCC/C=C\CC(CCCCCC)OC(OCCCCCCCCCCCCCCCCCC)=O)CCN1CCC(C)CC1,0.2186520428236795
N(CCC(=O)OCCCCCCCC/C=C\CC(CCCCCC)OC(OCCC#CCCCCCC)=O)(CCC(=O)OCCCCCCCC/C=C\CC(CCCCCC)OC(OCCC#CCCCCCC)=O)CCN1CCC(C)CC1,0.19977790898697606
N(CCC(=O)OCCCCCCCC/C=C\CC(CCCCCC)OC(OCCCCCCCC/C=C\CCCCCCCC)=O)(CCC(=O)OCCCCCCCC/C=C\CC(CCCCCC)OC(OCCCCCCCC/C=C\CCCCCCCC)=O)CCN1CCC(C)CC1,0.2268077791845581
N(CCC(=O)OCCCCCCCC/C=C\CC(CCCCCC)OC(OCCCCCCCC/C=C\C/C=C\CCCCC)=O)(CCC(=O)OCCCCCCCC/C=C\CC(CCCCCC)OC(OCCCCCCCC/C=C\C/C=C\CCCCC)=O)CCN1CCC(C)CC1,0.22913199034662085
N(CCC(=O)OCCCCCCCC/C=C\CC(CCCCCC)OC(OCC#CCC)=O)(CCC(=O)OCCCCCCCC/C=C\CC(CCCCCC)OC(OCC#CCC)=O)CCN1CCC(C)CC1,0.14932973314021566
N(CCC(=O)OCCCCCCCC/C=C\CC(CCCCCC)OC(OCC#CCCC)=O)(CCC(=O)OCCCCCCCC/C=C\CC(CCCCCC)OC(OCC#CCCC)=O)CCN1CCC(C)CC1,0.15605233662100884
N(CCC(=O)OCCCCCCCC/C=C\CC(CCCCCC)OC(OCC#CCCCC)=O)(CCC(=O)OCCCCCCCC/C=C\CC(CCCCCC)OC(OCC#CCCCC)=O)CCN1CCC(C)CC1,0.17124851961605178
N(CCC(=O)OCCCCCCCC/C=C\CC(CCCCCC)OC(OCC#CCCCCC)=O)(CCC(=O)OCCCCCCCC/C=C\CC(CCCCCC)OC(OCC#CCCCCC)=O)CCN1CCC(C)CC1,0.1791101887290401
N(CCC(=O)OCCCCCCCC/C=C\CC(CCCCCC)OC(OCC#CCCCCCC)=O)(CCC(=O)OCCCCCCCC/C=C\CC(CCCCCC)OC(OCC#CCCCCCC)=O)CCN1CCC(C)CC1,0.19225344319297152
N(CCC(=O)OCCCCCCCC/C=C\CC(CCCCCC)OC(OCCC#CCCCC)=O)(CCC(=O)OCCCCCCCC/C=C\CC(CCCCCC)OC(OCCC#CCCCC)=O)CCN1CCC(C)CC1,0.1854640478917908
C1N(CCC(=O)OCCCCCCCC/C=C\CC(CCCCCC)OC(OCCCCCCCCCCCCCCCCCC)=O)CCN(CCC(=O)OCCCCCCCC/C=C\CC(CCCCCC)OC(OCCCCCCCCCCCCCCCCCC)=O)CCN(CCC(=O)OCCCCCCCC/C=C\CC(CCCCCC)OC(OCCCCCCCCCCCCCCCCCC)=O)C1,0.2412023251592401
C1N(CCC(=O)OCCCCCCCC/C=C\CC(CCCCCC)OC(OCCC#CCCCCCC)=O)CCN(CCC(=O)OCCCCCCCC/C=C\CC(CCCCCC)OC(OCCC#CCCCCCC)=O)CCN(CCC(=O)OCCCCCCCC/C=C\CC(CCCCCC)OC(OCCC#CCCCCCC)=O)C1,0.2186871734888215
C1N(CCC(=O)OCCCCCCCC/C=C\CC(CCCCCC)OC(OCCCCCCCC/C=C\CCCCCCCC)=O)CCN(CCC(=O)OCCCCCCCC/C=C\CC(CCCCCC)OC(OCCCCCCCC/C=C\CCCCCCCC)=O)CCN(CCC(=O)OCCCCCCCC/C=C\CC(CCCCCC)OC(OCCCCCCCC/C=C\CCCCCCCC)=O)C1,0.24960887254072853
C1N(CCC(=O)OCCCCCCCC/C=C\CC(CCCCCC)OC(OCCCCCCCC/C=C\C/C=C\CCCCC)=O)CCN(CCC(=O)OCCCCCCCC/C=C\CC(CCCCCC)OC(OCCCCCCCC/C=C\C/C=C\CCCCC)=O)CCN(CCC(=O)OCCCCCCCC/C=C\CC(CCCCCC)OC(OCCCCCCCC/C=C\C/C=C\CCCCC)=O)C1,0.2515922006005839
C1N(CCC(=O)OCCCCCCCC/C=C\CC(CCCCCC)OC(OCC#CCC)=O)CCN(CCC(=O)OCCCCCCCC/C=C\CC(CCCCCC)OC(OCC#CCC)=O)CCN(CCC(=O)OCCCCCCCC/C=C\CC(CCCCCC)OC(OCC#CCC)=O)C1,0.16647079421530916
C1N(CCC(=O)OCCCCCCCC/C=C\CC(CCCCCC)OC(OCC#CCCC)=O)CCN(CCC(=O)OCCCCCCCC/C=C\CC(CCCCCC)OC(OCC#CCCC)=O)CCN(CCC(=O)OCCCCCCCC/C=C\CC(CCCCCC)OC(OCC#CCCC)=O)C1,0.1731967470498119
C1N(CCC(=O)OCCCCCCCC/C=C\CC(CCCCCC)OC(OCC#CCCCC)=O)CCN(CCC(=O)OCCCCCCCC/C=C\CC(CCCCCC)OC(OCC#CCCCC)=O)CCN(CCC(=O)OCCCCCCCC/C=C\CC(CCCCCC)OC(OCC#CCCCC)=O)C1,0.1889602925398267
C1N(CCC(=O)OCCCCCCCC/C=C\CC(CCCCCC)OC(OCC#CCCCCC)=O)CCN(CCC(=O)OCCCCCCCC/C=C\CC(CCCCCC)OC(OCC#CCCCCC)=O)CCN(CCC(=O)OCCCCCCCC/C=C\CC(CCCCCC)OC(OCC#CCCCCC)=O)C1,0.19722769905689633
C1N(CCC(=O)OCCCCCCCC/C=C\CC(CCCCCC)OC(OCC#CCCCCCC)=O)CCN(CCC(=O)OCCCCCCCC/C=C\CC(CCCCCC)OC(OCC#CCCCCCC)=O)CCN(CCC(=O)OCCCCCCCC/C=C\CC(CCCCCC)OC(OCC#CCCCCCC)=O)C1,0.21115772121306103
C1N(CCC(=O)OCCCCCCCC/C=C\CC(CCCCCC)OC(OCCC#CCCCC)=O)CCN(CCC(=O)OCCCCCCCC/C=C\CC(CCCCCC)OC(OCCC#CCCCC)=O)CCN(CCC(=O)OCCCCCCCC/C=C\CC(CCCCCC)OC(OCCC#CCCCC)=O)C1,0.20420012226975748
C1N(CCC(=O)OCCCCCCCC/C=C\CC(CCCCCC)OC(OCCCCCCCCCCCCCCCCCC)=O)CCCN(CCC(=O)OCCCCCCCC/C=C\CC(CCCCCC)OC(OCCCCCCCCCCCCCCCCCC)=O)CCN(CCC(=O)OCCCCCCCC/C=C\CC(CCCCCC)OC(OCCCCCCCCCCCCCCCCCC)=O)CCCN(CCC(=O)OCCCCCCCC/C=C\CC(CCCCCC)OC(OCCCCCCCCCCCCCCCCCC)=O)C1,0.22949388576201057
C1N(CCC(=O)OCCCCCCCC/C=C\CC(CCCCCC)OC(OCCC#CCCCCCC)=O)CCCN(CCC(=O)OCCCCCCCC/C=C\CC(CCCCCC)OC(OCCC#CCCCCCC)=O)CCN(CCC(=O)OCCCCCCCC/C=C\CC(CCCCCC)OC(OCCC#CCCCCCC)=O)CCCN(CCC(=O)OCCCCCCCC/C=C\CC(CCCCCC)OC(OCCC#CCCCCCC)=O)C1,0.2081034410594538
C1N(CCC(=O)OCCCCCCCC/C=C\CC(CCCCCC)OC(OCCCCCCCC/C=C\CCCCCCCC)=O)CCCN(CCC(=O)OCCCCCCCC/C=C\CC(CCCCCC)OC(OCCCCCCCC/C=C\CCCCCCCC)=O)CCN(CCC(=O)OCCCCCCCC/C=C\CC(CCCCCC)OC(OCCCCCCCC/C=C\CCCCCCCC)=O)CCCN(CCC(=O)OCCCCCCCC/C=C\CC(CCCCCC)OC(OCCCCCCCC/C=C\CCCCCCCC)=O)C1,0.23772324782640614
C1N(CCC(=O)OCCCCCCCC/C=C\CC(CCCCCC)OC(OCCCCCCCC/C=C\C/C=C\CCCCC)=O)CCCN(CCC(=O)OCCCCCCCC/C=C\CC(CCCCCC)OC(OCCCCCCCC/C=C\C/C=C\CCCCC)=O)CCN(CCC(=O)OCCCCCCCC/C=C\CC(CCCCCC)OC(OCCCCCCCC/C=C\C/C=C\CCCCC)=O)CCCN(CCC(=O)OCCCCCCCC/C=C\CC(CCCCCC)OC(OCCCCCCCC/C=C\C/C=C\CCCCC)=O)C1,0.2403468131085823
C1N(CCC(=O)OCCCCCCCC/C=C\CC(CCCCCC)OC(OCC#CCC)=O)CCCN(CCC(=O)OCCCCCCCC/C=C\CC(CCCCCC)OC(OCC#CCC)=O)CCN(CCC(=O)OCCCCCCCC/C=C\CC(CCCCCC)OC(OCC#CCC)=O)CCCN(CCC(=O)OCCCCCCCC/C=C\CC(CCCCCC)OC(OCC#CCC)=O)C1,0.15599164272710597
C1N(CCC(=O)OCCCCCCCC/C=C\CC(CCCCCC)OC(OCC#CCCC)=O)CCCN(CCC(=O)OCCCCCCCC/C=C\CC(CCCCCC)OC(OCC#CCCC)=O)CCN(CCC(=O)OCCCCCCCC/C=C\CC(CCCCCC)OC(OCC#CCCC)=O)CCCN(CCC(=O)OCCCCCCCC/C=C\CC(CCCCCC)OC(OCC#CCCC)=O)C1,0.16289472080060813
C1N(CCC(=O)OCCCCCCCC/C=C\CC(CCCCCC)OC(OCC#CCCCC)=O)CCCN(CCC(=O)OCCCCCCCC/C=C\CC(CCCCCC)OC(OCC#CCCCC)=O)CCN(CCC(=O)OCCCCCCCC/C=C\CC(CCCCCC)OC(OCC#CCCCC)=O)CCCN(CCC(=O)OCCCCCCCC/C=C\CC(CCCCCC)OC(OCC#CCCCC)=O)C1,0.17852346606845557
C1N(CCC(=O)OCCCCCCCC/C=C\CC(CCCCCC)OC(OCC#CCCCCC)=O)CCCN(CCC(=O)OCCCCCCCC/C=C\CC(CCCCCC)OC(OCC#CCCCCC)=O)CCN(CCC(=O)OCCCCCCCC/C=C\CC(CCCCCC)OC(OCC#CCCCCC)=O)CCCN(CCC(=O)OCCCCCCCC/C=C\CC(CCCCCC)OC(OCC#CCCCCC)=O)C1,0.1865668563945919
C1N(CCC(=O)OCCCCCCCC/C=C\CC(CCCCCC)OC(OCC#CCCCCCC)=O)CCCN(CCC(=O)OCCCCCCCC/C=C\CC(CCCCCC)OC(OCC#CCCCCCC)=O)CCN(CCC(=O)OCCCCCCCC/C=C\CC(CCCCCC)OC(OCC#CCCCCCC)=O)CCCN(CCC(=O)OCCCCCCCC/C=C\CC(CCCCCC)OC(OCC#CCCCCCC)=O)C1,0.2004449560584967
C1N(CCC(=O)OCCCCCCCC/C=C\CC(CCCCCC)OC(OCCC#CCCCC)=O)CCCN(CCC(=O)OCCCCCCCC/C=C\CC(CCCCCC)OC(OCCC#CCCCC)=O)CCN(CCC(=O)OCCCCCCCC/C=C\CC(CCCCCC)OC(OCCC#CCCCC)=O)CCCN(CCC(=O)OCCCCCCCC/C=C\CC(CCCCCC)OC(OCCC#CCCCC)=O)C1,0.19345354816810692
N(CCC(=O)OCCCCCCCC/C=C\CC(CCCCCC)OC(OCCCCCCCCCCCCCCCCCC)=O)(CCC(=O)OCCCCCCCC/C=C\CC(CCCCCC)OC(OCCCCCCCCCCCCCCCCCC)=O)CCN1CCCCCC1,0.2653251215516787
N(CCC(=O)OCCCCCCCC/C=C\CC(CCCCCC)OC(OCCC#CCCCCCC)=O)(CCC(=O)OCCCCCCCC/C=C\CC(CCCCCC)OC(OCCC#CCCCCCC)=O)CCN1CCCCCC1,0.24484461965244095
N(CCC(=O)OCCCCCCCC/C=C\CC(CCCCCC)OC(OCCCCCCCC/C=C\CCCCCCCC)=O)(CCC(=O)OCCCCCCCC/C=C\CC(CCCCCC)OC(OCCCCCCCC/C=C\CCCCCCCC)=O)CCN1CCCCCC1,0.2734620684888323
N(CCC(=O)OCCCCCCCC/C=C\CC(CCCCCC)OC(OCCCCCCCC/C=C\C/C=C\CCCCC)=O)(CCC(=O)OCCCCCCCC/C=C\CC(CCCCCC)OC(OCCCCCCCC/C=C\C/C=C\CCCCC)=O)CCN1CCCCCC1,0.27520919952430845
N(CCC(=O)OCCCCCCCC/C=C\CC(CCCCCC)OC(OCC#CCC)=O)(CCC(=O)OCCCCCCCC/C=C\CC(CCCCCC)OC(OCC#CCC)=O)CCN1CCCCCC1,0.1966572125010653
N(CCC(=O)OCCCCCCCC/C=C\CC(CCCCCC)OC(OCC#CCCC)=O)(CCC(=O)OCCCCCCCC/C=C\CC(CCCCCC)OC(OCC#CCCC)=O)CCN1CCCCCC1,0.20257741296580611
N(CCC(=O)OCCCCCCCC/C=C\CC(CCCCCC)OC(OCC#CCCCC)=O)(CCC(=O)OCCCCCCCC/C=C\CC(CCCCCC)OC(OCC#CCCCC)=O)CCN1CCCCCC1,0.21703044496445686
N(CCC(=O)OCCCCCCCC/C=C\CC(CCCCCC)OC(OCC#CCCCCC)=O)(CCC(=O)OCCCCCCCC/C=C\CC(CCCCCC)OC(OCC#CCCCCC)=O)CCN1CCCCCC1,0.22434104776532032
N(CCC(=O)OCCCCCCCC/C=C\CC(CCCCCC)OC(OCC#CCCCCCC)=O)(CCC(=O)OCCCCCCCC/C=C\CC(CCCCCC)OC(OCC#CCCCCCC)=O)CCN1CCCCCC1,0.2376826200157139
N(CCC(=O)OCCCCCCCC/C=C\CC(CCCCCC)OC(OCCC#CCCCC)=O)(CCC(=O)OCCCCCCCC/C=C\CC(CCCCCC)OC(OCCC#CCCCC)=O)CCN1CCCCCC1,0.23077179186815733
CN(CCC(=O)OCCCCCCCC/C=C\CC(CCCCCC)OC(OCCCCCCCCCCCCCCCCCC)=O)CCCN(CCC(=O)OCCCCCCCC/C=C\CC(CCCCCC)OC(OCCCCCCCCCCCCCCCCCC)=O)C,0.26699324989427453
CN(CCC(=O)OCCCCCCCC/C=C\CC(CCCCCC)OC(OCCC#CCCCCCC)=O)CCCN(CCC(=O)OCCCCCCCC/C=C\CC(CCCCCC)OC(OCCC#CCCCCCC)=O)C,0.24670902312632184
CN(CCC(=O)OCCCCCCCC/C=C\CC(CCCCCC)OC(OCCCCCCCC/C=C\CCCCCCCC)=O)CCCN(CCC(=O)OCCCCCCCC/C=C\CC(CCCCCC)OC(OCCCCCCCC/C=C\CCCCCCCC)=O)C,0.2754249399578697
CN(CCC(=O)OCCCCCCCC/C=C\CC(CCCCCC)OC(OCCCCCCCC/C=C\C/C=C\CCCCC)=O)CCCN(CCC(=O)OCCCCCCCC/C=C\CC(CCCCCC)OC(OCCCCCCCC/C=C\C/C=C\CCCCC)=O)C,0.2772152971815795
CN(CCC(=O)OCCCCCCCC/C=C\CC(CCCCCC)OC(OCC#CCC)=O)CCCN(CCC(=O)OCCCCCCCC/C=C\CC(CCCCCC)OC(OCC#CCC)=O)C,0.19488659093105218
CN(CCC(=O)OCCCCCCCC/C=C\CC(CCCCCC)OC(OCC#CCCC)=O)CCCN(CCC(=O)OCCCCCCCC/C=C\CC(CCCCCC)OC(OCC#CCCC)=O)C,0.20132084960235574
CN(CCC(=O)OCCCCCCCC/C=C\CC(CCCCCC)OC(OCC#CCCCC)=O)CCCN(CCC(=O)OCCCCCCCC/C=C\CC(CCCCCC)OC(OCC#CCCCC)=O)C,0.21699106377420363
CN(CCC(=O)OCCCCCCCC/C=C\CC(CCCCCC)OC(OCC#CCCCCC)=O)CCCN(CCC(=O)OCCCCCCCC/C=C\CC(CCCCCC)OC(OCC#CCCCCC)=O)C,0.2247520570221014
CN(CCC(=O)OCCCCCCCC/C=C\CC(CCCCCC)OC(OCC#CCCCCCC)=O)CCCN(CCC(=O)OCCCCCCCC/C=C\CC(CCCCCC)OC(OCC#CCCCCCC)=O)C,0.23918424192232673
CN(CCC(=O)OCCCCCCCC/C=C\CC(CCCCCC)OC(OCCC#CCCCC)=O)CCCN(CCC(=O)OCCCCCCCC/C=C\CC(CCCCCC)OC(OCCC#CCCCC)=O)C,0.2315046244520003
OCC1N(CCC(=O)OCCCCCCCC/C=C\CC(CCCCCC)OC(OCCCCCCCCCCCCCCCCCC)=O)CCCC1,0.10946141468579577
OCC1N(CCC(=O)OCCCCCCCC/C=C\CC(CCCCCC)OC(OCCC#CCCCCCC)=O)CCCC1,0.08176284526912336
OCC1N(CCC(=O)OCCCCCCCC/C=C\CC(CCCCCC)OC(OCCCCCCCC/C=C\CCCCCCCC)=O)CCCC1,0.11867536658461586
OCC1N(CCC(=O)OCCCCCCCC/C=C\CC(CCCCCC)OC(OCCCCCCCC/C=C\C/C=C\CCCCC)=O)CCCC1,0.11957210722690036
OCC1N(CCC(=O)OCCCCCCCC/C=C\CC(CCCCCC)OC(OCC#CCC)=O)CCCC1,0.027480185108231334
OCC1N(CCC(=O)OCCCCCCCC/C=C\CC(CCCCCC)OC(OCC#CCCC)=O)CCCC1,0.03456905468571238
OCC1N(CCC(=O)OCCCCCCCC/C=C\CC(CCCCCC)OC(OCC#CCCCC)=O)CCCC1,0.05011405109129738
OCC1N(CCC(=O)OCCCCCCCC/C=C\CC(CCCCCC)OC(OCC#CCCCCC)=O)CCCC1,0.05924314268312632
OCC1N(CCC(=O)OCCCCCCCC/C=C\CC(CCCCCC)OC(OCC#CCCCCCC)=O)CCCC1,0.072804315384585
OCC1N(CCC(=O)OCCCCCCCC/C=C\CC(CCCCCC)OC(OCCC#CCCCC)=O)CCCC1,0.06488862104606617
OCC1CCN(CCC(=O)OCCCCCCCC/C=C\CC(CCCCCC)OC(OCCCCCCCCCCCCCCCCCC)=O)CC1,0.06514704696502015
OCC1CCN(CCC(=O)OCCCCCCCC/C=C\CC(CCCCCC)OC(OCCC#CCCCCCC)=O)CC1,0.03110450123196876
OCC1CCN(CCC(=O)OCCCCCCCC/C=C\CC(CCCCCC)OC(OCCCCCCCC/C=C\CCCCCCCC)=O)CC1,0.07470222741508487
OCC1CCN(CCC(=O)OCCCCCCCC/C=C\CC(CCCCCC)OC(OCCCCCCCC/C=C\C/C=C\CCCCC)=O)CC1,0.07381987547618048
OCC1CCN(CCC(=O)OCCCCCCCC/C=C\CC(CCCCCC)OC(OCC#CCC)=O)CC1,-0.02005952762747469
OCC1CCN(CCC(=O)OCCCCCCCC/C=C\CC(CCCCCC)OC(OCC#CCCC)=O)CC1,-0.012859491047835224
OCC1CCN(CCC(=O)OCCCCCCCC/C=C\CC(CCCCCC)OC(OCC#CCCCC)=O)CC1,0.0013710722401485452
OCC1CCN(CCC(=O)OCCCCCCCC/C=C\CC(CCCCCC)OC(OCC#CCCCCC)=O)CC1,0.010055495353983673
OCC1CCN(CCC(=O)OCCCCCCCC/C=C\CC(CCCCCC)OC(OCC#CCCCCCC)=O)CC1,0.02235748378516544
OCC1CCN(CCC(=O)OCCCCCCCC/C=C\CC(CCCCCC)OC(OCCC#CCCCC)=O)CC1,0.015449171407771876
OCCC1CCN(CCC(=O)OCCCCCCCC/C=C\CC(CCCCCC)OC(OCCCCCCCCCCCCCCCCCC)=O)CC1,0.08285713770217862
OCCC1CCN(CCC(=O)OCCCCCCCC/C=C\CC(CCCCCC)OC(OCCC#CCCCCCC)=O)CC1,0.05187726052653173
OCCC1CCN(CCC(=O)OCCCCCCCC/C=C\CC(CCCCCC)OC(OCCCCCCCC/C=C\CCCCCCCC)=O)CC1,0.09204839510119982
OCCC1CCN(CCC(=O)OCCCCCCCC/C=C\CC(CCCCCC)OC(OCCCCCCCC/C=C\C/C=C\CCCCC)=O)CC1,0.09202038369013106
OCCC1CCN(CCC(=O)OCCCCCCCC/C=C\CC(CCCCCC)OC(OCC#CCC)=O)CC1,0.000541273613485228
OCCC1CCN(CCC(=O)OCCCCCCCC/C=C\CC(CCCCCC)OC(OCC#CCCC)=O)CC1,0.007886646141569895
OCCC1CCN(CCC(=O)OCCCCCCCC/C=C\CC(CCCCCC)OC(OCC#CCCCC)=O)CC1,0.021654622660189877
OCCC1CCN(CCC(=O)OCCCCCCCC/C=C\CC(CCCCCC)OC(OCC#CCCCCC)=O)CC1,0.029870196802139776
OCCC1CCN(CCC(=O)OCCCCCCCC/C=C\CC(CCCCCC)OC(OCC#CCCCCCC)=O)CC1,0.042818873340925975
OCCC1CCN(CCC(=O)OCCCCCCCC/C=C\CC(CCCCCC)OC(OCCC#CCCCC)=O)CC1,0.03499535381727524
OC1CCN(CCC(=O)OCCCCCCCC/C=C\CC(CCCCCC)OC(OCCCCCCCCCCCCCCCCCC)=O)CC1,0.05041460677327972
OC1CCN(CCC(=O)OCCCCCCCC/C=C\CC(CCCCCC)OC(OCCC#CCCCCCC)=O)CC1,0.015541751749770731
OC1CCN(CCC(=O)OCCCCCCCC/C=C\CC(CCCCCC)OC(OCCCCCCCC/C=C\CCCCCCCC)=O)CC1,0.06072059817665086
OC1CCN(CCC(=O)OCCCCCCCC/C=C\CC(CCCCCC)OC(OCCCCCCCC/C=C\C/C=C\CCCCC)=O)CC1,0.05988048113743835
OC1CCN(CCC(=O)OCCCCCCCC/C=C\CC(CCCCCC)OC(OCC#CCC)=O)CC1,-0.03695564280583094
OC1CCN(CCC(=O)OCCCCCCCC/C=C\CC(CCCCCC)OC(OCC#CCCC)=O)CC1,-0.02947997544322717
OC1CCN(CCC(=O)OCCCCCCCC/C=C\CC(CCCCCC)OC(OCC#CCCCC)=O)CC1,-0.015453798298503633
OC1CCN(CCC(=O)OCCCCCCCC/C=C\CC(CCCCCC)OC(OCC#CCCCCC)=O)CC1,-0.006274390834054356
OC1CCN(CCC(=O)OCCCCCCCC/C=C\CC(CCCCCC)OC(OCC#CCCCCCC)=O)CC1,0.006332801352229946
OC1CCN(CCC(=O)OCCCCCCCC/C=C\CC(CCCCCC)OC(OCCC#CCCCC)=O)CC1,-0.0008994441258976535
OCCOCCN1CCN(CCC(=O)OCCCCCCCC/C=C\CC(CCCCCC)OC(OCCCCCCCCCCCCCCCCCC)=O)CC1,0.1049091323307058
OCCOCCN1CCN(CCC(=O)OCCCCCCCC/C=C\CC(CCCCCC)OC(OCCC#CCCCCCC)=O)CC1,0.07899039145186697
OCCOCCN1CCN(CCC(=O)OCCCCCCCC/C=C\CC(CCCCCC)OC(OCCCCCCCC/C=C\CCCCCCCC)=O)CC1,0.11370539128484902
OCCOCCN1CCN(CCC(=O)OCCCCCCCC/C=C\CC(CCCCCC)OC(OCCCCCCCC/C=C\C/C=C\CCCCC)=O)CC1,0.11451790244012353
OCCOCCN1CCN(CCC(=O)OCCCCCCCC/C=C\CC(CCCCCC)OC(OCC#CCC)=O)CC1,0.029452759189360068
OCCOCCN1CCN(CCC(=O)OCCCCCCCC/C=C\CC(CCCCCC)OC(OCC#CCCC)=O)CC1,0.0360317459877728
OCCOCCN1CCN(CCC(=O)OCCCCCCCC/C=C\CC(CCCCCC)OC(OCC#CCCCC)=O)CC1,0.049852035506260065
OCCOCCN1CCN(CCC(=O)OCCCCCCCC/C=C\CC(CCCCCC)OC(OCC#CCCCCC)=O)CC1,0.0583655669526508
OCCOCCN1CCN(CCC(=O)OCCCCCCCC/C=C\CC(CCCCCC)OC(OCC#CCCCCCC)=O)CC1,0.07071253134653789
OCCOCCN1CCN(CCC(=O)OCCCCCCCC/C=C\CC(CCCCCC)OC(OCCC#CCCCC)=O)CC1,0.0634800450866764
CN(CCC(=O)OCCCCCCCC/C=C\CC(CCCCCC)OC(OCCCCCCCC/C=C\CCCCCCCC)=O)CCO,0.16422890506078952
CN(CCC(=O)OCCCCCCCC/C=C\CC(CCCCCC)OC(OCCCCCCCC/C=C\C/C=C\CCCCC)=O)CCO,0.16423383146445203
CN(CCC(=O)OCCCCCCCC/C=C\CC(CCCCCC)OC(OCC#CCC)=O)CCO,0.07309477794686856
CN(CCC(=O)OCCCCCCCC/C=C\CC(CCCCCC)OC(OCC#CCCC)=O)CCO,0.0813594659302098
CN(CCC(=O)OCCCCCCCC/C=C\CC(CCCCCC)OC(OCC#CCCCC)=O)CCO,0.09717200510542907
CN(CCC(=O)OCCCCCCCC/C=C\CC(CCCCCC)OC(OCC#CCCCCC)=O)CCO,0.10629216008085804
CN(CCC(=O)OCCCCCCCC/C=C\CC(CCCCCC)OC(OCC#CCCCCCC)=O)CCO,0.11998563976360614
CN(CCC(=O)OCCCCCCCC/C=C\CC(CCCCCC)OC(OCCC#CCCCC)=O)CCO,0.11243000845862698
N(CCC(=O)OCCCCCCCC/C=C\CC(CCCCCC)OC(OCCCCCCCCCCCCCCCCCC)=O)(CCC(=O)OCCCCCCCC/C=C\CC(CCCCCC)OC(OCCCCCCCCCCCCCCCCCC)=O)CCO,0.21667750118499043
N(CCC(=O)OCCCCCCCC/C=C\CC(CCCCCC)OC(OCCC#CCCCCCC)=O)(CCC(=O)OCCCCCCCC/C=C\CC(CCCCCC)OC(OCCC#CCCCCCC)=O)CCO,0.1951015353298753
N(CCC(=O)OCCCCCCCC/C=C\CC(CCCCCC)OC(OCCCCCCCC/C=C\CCCCCCCC)=O)(CCC(=O)OCCCCCCCC/C=C\CC(CCCCCC)OC(OCCCCCCCC/C=C\CCCCCCCC)=O)CCO,0.22540379919931688
N(CCC(=O)OCCCCCCCC/C=C\CC(CCCCCC)OC(OCCCCCCCC/C=C\C/C=C\CCCCC)=O)(CCC(=O)OCCCCCCCC/C=C\CC(CCCCCC)OC(OCCCCCCCC/C=C\C/C=C\CCCCC)=O)CCO,0.2278881635389808
N(CCC(=O)OCCCCCCCC/C=C\CC(CCCCCC)OC(OCC#CCC)=O)(CCC(=O)OCCCCCCCC/C=C\CC(CCCCCC)OC(OCC#CCC)=O)CCO,0.13911375374034862
N(CCC(=O)OCCCCCCCC/C=C\CC(CCCCCC)OC(OCC#CCCC)=O)(CCC(=O)OCCCCCCCC/C=C\CC(CCCCCC)OC(OCC#CCCC)=O)CCO,0.14676623093196123
N(CCC(=O)OCCCCCCCC/C=C\CC(CCCCCC)OC(OCC#CCCCC)=O)(CCC(=O)OCCCCCCCC/C=C\CC(CCCCCC)OC(OCC#CCCCC)=O)CCO,0.16354781473492613
N(CCC(=O)OCCCCCCCC/C=C\CC(CCCCCC)OC(OCC#CCCCCC)=O)(CCC(=O)OCCCCCCCC/C=C\CC(CCCCCC)OC(OCC#CCCCCC)=O)CCO,0.17233166756277296
N(CCC(=O)OCCCCCCCC/C=C\CC(CCCCCC)OC(OCC#CCCCCCC)=O)(CCC(=O)OCCCCCCCC/C=C\CC(CCCCCC)OC(OCC#CCCCCCC)=O)CCO,0.18695212218833177
N(CCC(=O)OCCCCCCCC/C=C\CC(CCCCCC)OC(OCCC#CCCCC)=O)(CCC(=O)OCCCCCCCC/C=C\CC(CCCCCC)OC(OCCC#CCCCC)=O)CCO,0.17923054016973397
CN(CCC(=O)OCCCCCCCC/C=C\CC(CCCCCC)OC(OCCC#CCCCCCC)=O)CCO,0.12848670500560702
CN(CCC(=O)OCCCCCCCC/C=C\CC(CCCCCC)OC(OCCCCCCCCCCCCCCCCCC)=O)CCO,0.15520305767254597
N(CCC(=O)OCCCCCCCC/C=C\CC(CCCCCC)OC(OCCCCCCCCCCCCCCCCCC)=O)(CCC(=O)OCCCCCCCC/C=C\CC(CCCCCC)OC(OCCCCCCCCCCCCCCCCCC)=O)CCCCCO,0.26900235145621787
N(CCC(=O)OCCCCCCCC/C=C\CC(CCCCCC)OC(OCCC#CCCCCCC)=O)(CCC(=O)OCCCCCCCC/C=C\CC(CCCCCC)OC(OCCC#CCCCCCC)=O)CCCCCO,0.24881977682237424
N(CCC(=O)OCCCCCCCC/C=C\CC(CCCCCC)OC(OCCCCCCCC/C=C\CCCCCCCC)=O)(CCC(=O)OCCCCCCCC/C=C\CC(CCCCCC)OC(OCCCCCCCC/C=C\CCCCCCCC)=O)CCCCCO,0.27748438696211997
N(CCC(=O)OCCCCCCCC/C=C\CC(CCCCCC)OC(OCCCCCCCC/C=C\C/C=C\CCCCC)=O)(CCC(=O)OCCCCCCCC/C=C\CC(CCCCCC)OC(OCCCCCCCC/C=C\C/C=C\CCCCC)=O)CCCCCO,0.2794111815360436
N(CCC(=O)OCCCCCCCC/C=C\CC(CCCCCC)OC(OCC#CCC)=O)(CCC(=O)OCCCCCCCC/C=C\CC(CCCCCC)OC(OCC#CCC)=O)CCCCCO,0.19636954357012695
N(CCC(=O)OCCCCCCCC/C=C\CC(CCCCCC)OC(OCC#CCCC)=O)(CCC(=O)OCCCCCCCC/C=C\CC(CCCCCC)OC(OCC#CCCC)=O)CCCCCO,0.20250655085458766
N(CCC(=O)OCCCCCCCC/C=C\CC(CCCCCC)OC(OCC#CCCCC)=O)(CCC(=O)OCCCCCCCC/C=C\CC(CCCCCC)OC(OCC#CCCCC)=O)CCCCCO,0.2183036950183616
N(CCC(=O)OCCCCCCCC/C=C\CC(CCCCCC)OC(OCC#CCCCCC)=O)(CCC(=O)OCCCCCCCC/C=C\CC(CCCCCC)OC(OCC#CCCCCC)=O)CCCCCO,0.22638496458241505
N(CCC(=O)OCCCCCCCC/C=C\CC(CCCCCC)OC(OCC#CCCCCCC)=O)(CCC(=O)OCCCCCCCC/C=C\CC(CCCCCC)OC(OCC#CCCCCCC)=O)CCCCCO,0.24131841105529933
N(CCC(=O)OCCCCCCCC/C=C\CC(CCCCCC)OC(OCCC#CCCCC)=O)(CCC(=O)OCCCCCCCC/C=C\CC(CCCCCC)OC(OCCC#CCCCC)=O)CCCCCO,0.2332927137276826
N(CCC(=O)OCCCCCCCC/C=C\CC(CCCCCC)OC(OCCCCCCCCCCCCCCCCCC)=O)(CCC(=O)OCCCCCCCC/C=C\CC(CCCCCC)OC(OCCCCCCCCCCCCCCCCCC)=O)CCCN(CCC(=O)OCCCCCCCC/C=C\CC(CCCCCC)OC(OCCCCCCCCCCCCCCCCCC)=O)(CCC(=O)OCCCCCCCC/C=C\CC(CCCCCC)OC(OCCCCCCCCCCCCCCCCCC)=O),0.2876428415875134
N(CCC(=O)OCCCCCCCC/C=C\CC(CCCCCC)OC(OCCC#CCCCCCC)=O)(CCC(=O)OCCCCCCCC/C=C\CC(CCCCCC)OC(OCCC#CCCCCCC)=O)CCCN(CCC(=O)OCCCCCCCC/C=C\CC(CCCCCC)OC(OCCC#CCCCCCC)=O)(CCC(=O)OCCCCCCCC/C=C\CC(CCCCCC)OC(OCCC#CCCCCCC)=O),0.26731532855323353
N(CCC(=O)OCCCCCCCC/C=C\CC(CCCCCC)OC(OCCCCCCCC/C=C\CCCCCCCC)=O)(CCC(=O)OCCCCCCCC/C=C\CC(CCCCCC)OC(OCCCCCCCC/C=C\CCCCCCCC)=O)CCCN(CCC(=O)OCCCCCCCC/C=C\CC(CCCCCC)OC(OCCCCCCCC/C=C\CCCCCCCC)=O)(CCC(=O)OCCCCCCCC/C=C\CC(CCCCCC)OC(OCCCCCCCC/C=C\CCCCCCCC)=O),0.29672911251823936
N(CCC(=O)OCCCCCCCC/C=C\CC(CCCCCC)OC(OCCCCCCCC/C=C\C/C=C\CCCCC)=O)(CCC(=O)OCCCCCCCC/C=C\CC(CCCCCC)OC(OCCCCCCCC/C=C\C/C=C\CCCCC)=O)CCCN(CCC(=O)OCCCCCCCC/C=C\CC(CCCCCC)OC(OCCCCCCCC/C=C\C/C=C\CCCCC)=O)(CCC(=O)OCCCCCCCC/C=C\CC(CCCCCC)OC(OCCCCCCCC/C=C\C/C=C\CCCCC)=O),0.2984918638580112
N(CCC(=O)OCCCCCCCC/C=C\CC(CCCCCC)OC(OCC#CCC)=O)(CCC(=O)OCCCCCCCC/C=C\CC(CCCCCC)OC(OCC#CCC)=O)CCCN(CCC(=O)OCCCCCCCC/C=C\CC(CCCCCC)OC(OCC#CCC)=O)(CCC(=O)OCCCCCCCC/C=C\CC(CCCCCC)OC(OCC#CCC)=O),0.2109928969636945
N(CCC(=O)OCCCCCCCC/C=C\CC(CCCCCC)OC(OCC#CCCC)=O)(CCC(=O)OCCCCCCCC/C=C\CC(CCCCCC)OC(OCC#CCCC)=O)CCCN(CCC(=O)OCCCCCCCC/C=C\CC(CCCCCC)OC(OCC#CCCC)=O)(CCC(=O)OCCCCCCCC/C=C\CC(CCCCCC)OC(OCC#CCCC)=O),0.2175459450452623
N(CCC(=O)OCCCCCCCC/C=C\CC(CCCCCC)OC(OCC#CCCCC)=O)(CCC(=O)OCCCCCCCC/C=C\CC(CCCCCC)OC(OCC#CCCCC)=O)CCCN(CCC(=O)OCCCCCCCC/C=C\CC(CCCCCC)OC(OCC#CCCCC)=O)(CCC(=O)OCCCCCCCC/C=C\CC(CCCCCC)OC(OCC#CCCCC)=O),0.23485794331573037
N(CCC(=O)OCCCCCCCC/C=C\CC(CCCCCC)OC(OCC#CCCCCC)=O)(CCC(=O)OCCCCCCCC/C=C\CC(CCCCCC)OC(OCC#CCCCCC)=O)CCCN(CCC(=O)OCCCCCCCC/C=C\CC(CCCCCC)OC(OCC#CCCCCC)=O)(CCC(=O)OCCCCCCCC/C=C\CC(CCCCCC)OC(OCC#CCCCCC)=O),0.24391289854024809
N(CCC(=O)OCCCCCCCC/C=C\CC(CCCCCC)OC(OCC#CCCCCCC)=O)(CCC(=O)OCCCCCCCC/C=C\CC(CCCCCC)OC(OCC#CCCCCCC)=O)CCCN(CCC(=O)OCCCCCCCC/C=C\CC(CCCCCC)OC(OCC#CCCCCCC)=O)(CCC(=O)OCCCCCCCC/C=C\CC(CCCCCC)OC(OCC#CCCCCCC)=O),0.25966237073687337
N(CCC(=O)OCCCCCCCC/C=C\CC(CCCCCC)OC(OCCC#CCCCC)=O)(CCC(=O)OCCCCCCCC/C=C\CC(CCCCCC)OC(OCCC#CCCCC)=O)CCCN(CCC(=O)OCCCCCCCC/C=C\CC(CCCCCC)OC(OCCC#CCCCC)=O)(CCC(=O)OCCCCCCCC/C=C\CC(CCCCCC)OC(OCCC#CCCCC)=O),0.2515104943934986
N(CCC(=O)OCCCCCCCC/C=C\CC(CCCCCC)OC(OCCCCCCCCCCCCCCCCCC)=O)(CCC(=O)OCCCCCCCC/C=C\CC(CCCCCC)OC(OCCCCCCCCCCCCCCCCCC)=O)CCCN1CCN(CCCN(CCC(=O)OCCCCCCCC/C=C\CC(CCCCCC)OC(OCCCCCCCCCCCCCCCCCC)=O)(CCC(=O)OCCCCCCCC/C=C\CC(CCCCCC)OC(OCCCCCCCCCCCCCCCCCC)=O))CC1,0.2870147251205452
N(CCC(=O)OCCCCCCCC/C=C\CC(CCCCCC)OC(OCCC#CCCCCCC)=O)(CCC(=O)OCCCCCCCC/C=C\CC(CCCCCC)OC(OCCC#CCCCCCC)=O)CCCN1CCN(CCCN(CCC(=O)OCCCCCCCC/C=C\CC(CCCCCC)OC(OCCC#CCCCCCC)=O)(CCC(=O)OCCCCCCCC/C=C\CC(CCCCCC)OC(OCCC#CCCCCCC)=O))CC1,0.2676012101608919
N(CCC(=O)OCCCCCCCC/C=C\CC(CCCCCC)OC(OCCCCCCCC/C=C\CCCCCCCC)=O)(CCC(=O)OCCCCCCCC/C=C\CC(CCCCCC)OC(OCCCCCCCC/C=C\CCCCCCCC)=O)CCCN1CCN(CCCN(CCC(=O)OCCCCCCCC/C=C\CC(CCCCCC)OC(OCCCCCCCC/C=C\CCCCCCCC)=O)(CCC(=O)OCCCCCCCC/C=C\CC(CCCCCC)OC(OCCCCCCCC/C=C\CCCCCCCC)=O))CC1,0.29566206550056146
N(CCC(=O)OCCCCCCCC/C=C\CC(CCCCCC)OC(OCCCCCCCC/C=C\C/C=C\CCCCC)=O)(CCC(=O)OCCCCCCCC/C=C\CC(CCCCCC)OC(OCCCCCCCC/C=C\C/C=C\CCCCC)=O)CCCN1CCN(CCCN(CCC(=O)OCCCCCCCC/C=C\CC(CCCCCC)OC(OCCCCCCCC/C=C\C/C=C\CCCCC)=O)(CCC(=O)OCCCCCCCC/C=C\CC(CCCCCC)OC(OCCCCCCCC/C=C\C/C=C\CCCCC)=O))CC1,0.2973342190754181
N(CCC(=O)OCCCCCCCC/C=C\CC(CCCCCC)OC(OCC#CCC)=O)(CCC(=O)OCCCCCCCC/C=C\CC(CCCCCC)OC(OCC#CCC)=O)CCCN1CCN(CCCN(CCC(=O)OCCCCCCCC/C=C\CC(CCCCCC)OC(OCC#CCC)=O)(CCC(=O)OCCCCCCCC/C=C\CC(CCCCCC)OC(OCC#CCC)=O))CC1,0.21512673539793956
N(CCC(=O)OCCCCCCCC/C=C\CC(CCCCCC)OC(OCC#CCCC)=O)(CCC(=O)OCCCCCCCC/C=C\CC(CCCCCC)OC(OCC#CCCC)=O)CCCN1CCN(CCCN(CCC(=O)OCCCCCCCC/C=C\CC(CCCCCC)OC(OCC#CCCC)=O)(CCC(=O)OCCCCCCCC/C=C\CC(CCCCCC)OC(OCC#CCCC)=O))CC1,0.2211396063218194
N(CCC(=O)OCCCCCCCC/C=C\CC(CCCCCC)OC(OCC#CCCCC)=O)(CCC(=O)OCCCCCCCC/C=C\CC(CCCCCC)OC(OCC#CCCCC)=O)CCCN1CCN(CCCN(CCC(=O)OCCCCCCCC/C=C\CC(CCCCCC)OC(OCC#CCCCC)=O)(CCC(=O)OCCCCCCCC/C=C\CC(CCCCCC)OC(OCC#CCCCC)=O))CC1,0.23726710490192443
N(CCC(=O)OCCCCCCCC/C=C\CC(CCCCCC)OC(OCC#CCCCCC)=O)(CCC(=O)OCCCCCCCC/C=C\CC(CCCCCC)OC(OCC#CCCCCC)=O)CCCN1CCN(CCCN(CCC(=O)OCCCCCCCC/C=C\CC(CCCCCC)OC(OCC#CCCCCC)=O)(CCC(=O)OCCCCCCCC/C=C\CC(CCCCCC)OC(OCC#CCCCCC)=O))CC1,0.24572025786440288
N(CCC(=O)OCCCCCCCC/C=C\CC(CCCCCC)OC(OCC#CCCCCCC)=O)(CCC(=O)OCCCCCCCC/C=C\CC(CCCCCC)OC(OCC#CCCCCCC)=O)CCCN1CCN(CCCN(CCC(=O)OCCCCCCCC/C=C\CC(CCCCCC)OC(OCC#CCCCCCC)=O)(CCC(=O)OCCCCCCCC/C=C\CC(CCCCCC)OC(OCC#CCCCCCC)=O))CC1,0.26043611650235243
N(CCC(=O)OCCCCCCCC/C=C\CC(CCCCCC)OC(OCCC#CCCCC)=O)(CCC(=O)OCCCCCCCC/C=C\CC(CCCCCC)OC(OCCC#CCCCC)=O)CCCN1CCN(CCCN(CCC(=O)OCCCCCCCC/C=C\CC(CCCCCC)OC(OCCC#CCCCC)=O)(CCC(=O)OCCCCCCCC/C=C\CC(CCCCCC)OC(OCCC#CCCCC)=O))CC1,0.252729058362845
N(CCC(=O)OCCCCCCCC/C=C\CC(CCCCCC)OC(OCCCCCCCCCCCCCCCCCC)=O)(CCC(=O)OCCCCCCCC/C=C\CC(CCCCCC)OC(OCCCCCCCCCCCCCCCCCC)=O)CC(O)CO,0.20365649062169638
N(CCC(=O)OCCCCCCCC/C=C\CC(CCCCCC)OC(OCCC#CCCCCCC)=O)(CCC(=O)OCCCCCCCC/C=C\CC(CCCCCC)OC(OCCC#CCCCCCC)=O)CC(O)CO,0.18344363662875643
N(CCC(=O)OCCCCCCCC/C=C\CC(CCCCCC)OC(OCCCCCCCC/C=C\CCCCCCCC)=O)(CCC(=O)OCCCCCCCC/C=C\CC(CCCCCC)OC(OCCCCCCCC/C=C\CCCCCCCC)=O)CC(O)CO,0.2139971621045087
N(CCC(=O)OCCCCCCCC/C=C\CC(CCCCCC)OC(OCCCCCCCC/C=C\C/C=C\CCCCC)=O)(CCC(=O)OCCCCCCCC/C=C\CC(CCCCCC)OC(OCCCCCCCC/C=C\C/C=C\CCCCC)=O)CC(O)CO,0.21356758871685308
N(CCC(=O)OCCCCCCCC/C=C\CC(CCCCCC)OC(OCC#CCC)=O)(CCC(=O)OCCCCCCCC/C=C\CC(CCCCCC)OC(OCC#CCC)=O)CC(O)CO,0.12774280303304678
N(CCC(=O)OCCCCCCCC/C=C\CC(CCCCCC)OC(OCC#CCCC)=O)(CCC(=O)OCCCCCCCC/C=C\CC(CCCCCC)OC(OCC#CCCC)=O)CC(O)CO,0.13550794166939226
N(CCC(=O)OCCCCCCCC/C=C\CC(CCCCCC)OC(OCC#CCCCC)=O)(CCC(=O)OCCCCCCCC/C=C\CC(CCCCCC)OC(OCC#CCCCC)=O)CC(O)CO,0.15201540415149067
N(CCC(=O)OCCCCCCCC/C=C\CC(CCCCCC)OC(OCC#CCCCCC)=O)(CCC(=O)OCCCCCCCC/C=C\CC(CCCCCC)OC(OCC#CCCCCC)=O)CC(O)CO,0.16080775802956
N(CCC(=O)OCCCCCCCC/C=C\CC(CCCCCC)OC(OCC#CCCCCCC)=O)(CCC(=O)OCCCCCCCC/C=C\CC(CCCCCC)OC(OCC#CCCCCCC)=O)CC(O)CO,0.17539435864946248
N(CCC(=O)OCCCCCCCC/C=C\CC(CCCCCC)OC(OCCC#CCCCC)=O)(CCC(=O)OCCCCCCCC/C=C\CC(CCCCCC)OC(OCCC#CCCCC)=O)CC(O)CO,0.1675769520718198
CN(CCC(=O)OCCCCCCCC/C=C\CC(CCCCCC)OC(OCCCCCCCCCCCCCCCCCC)=O)CCN(CCC(=O)OCCCCCCCC/C=C\CC(CCCCCC)OC(OCCCCCCCCCCCCCCCCCC)=O)C,0.2693800924687537
CN(CCC(=O)OCCCCCCCC/C=C\CC(CCCCCC)OC(OCCC#CCCCCCC)=O)CCN(CCC(=O)OCCCCCCCC/C=C\CC(CCCCCC)OC(OCCC#CCCCCCC)=O)C,0.24901599187556586
CN(CCC(=O)OCCCCCCCC/C=C\CC(CCCCCC)OC(OCCCCCCCC/C=C\CCCCCCCC)=O)CCN(CCC(=O)OCCCCCCCC/C=C\CC(CCCCCC)OC(OCCCCCCCC/C=C\CCCCCCCC)=O)C,0.27796035565743854
CN(CCC(=O)OCCCCCCCC/C=C\CC(CCCCCC)OC(OCCCCCCCC/C=C\C/C=C\CCCCC)=O)CCN(CCC(=O)OCCCCCCCC/C=C\CC(CCCCCC)OC(OCCCCCCCC/C=C\C/C=C\CCCCC)=O)C,0.2797312175398255
CN(CCC(=O)OCCCCCCCC/C=C\CC(CCCCCC)OC(OCC#CCC)=O)CCN(CCC(=O)OCCCCCCCC/C=C\CC(CCCCCC)OC(OCC#CCC)=O)C,0.196371916654818
CN(CCC(=O)OCCCCCCCC/C=C\CC(CCCCCC)OC(OCC#CCCC)=O)CCN(CCC(=O)OCCCCCCCC/C=C\CC(CCCCCC)OC(OCC#CCCC)=O)C,0.20283460728384445
CN(CCC(=O)OCCCCCCCC/C=C\CC(CCCCCC)OC(OCC#CCCCC)=O)CCN(CCC(=O)OCCCCCCCC/C=C\CC(CCCCCC)OC(OCC#CCCCC)=O)C,0.2186702765250401
CN(CCC(=O)OCCCCCCCC/C=C\CC(CCCCCC)OC(OCC#CCCCCC)=O)CCN(CCC(=O)OCCCCCCCC/C=C\CC(CCCCCC)OC(OCC#CCCCCC)=O)C,0.22656037759575132
CN(CCC(=O)OCCCCCCCC/C=C\CC(CCCCCC)OC(OCC#CCCCCCC)=O)CCN(CCC(=O)OCCCCCCCC/C=C\CC(CCCCCC)OC(OCC#CCCCCCC)=O)C,0.24144448493439383
CN(CCC(=O)OCCCCCCCC/C=C\CC(CCCCCC)OC(OCCC#CCCCC)=O)CCN(CCC(=O)OCCCCCCCC/C=C\CC(CCCCCC)OC(OCCC#CCCCC)=O)C,0.23342754398889667
N(CCC(=O)OCCCCCCCC/C=C\CC(CCCCCC)OC(OCCCCCCCCCCCCCCCCCC)=O)(CCC(=O)OCCCCCCCC/C=C\CC(CCCCCC)OC(OCCCCCCCCCCCCCCCCCC)=O)CCCN(CCC(=O)OCCCCCCCC/C=C\CC(CCCCCC)OC(OCCCCCCCCCCCCCCCCCC)=O)C,0.2815813224274664
N(CCC(=O)OCCCCCCCC/C=C\CC(CCCCCC)OC(OCCC#CCCCCCC)=O)(CCC(=O)OCCCCCCCC/C=C\CC(CCCCCC)OC(OCCC#CCCCCCC)=O)CCCN(CCC(=O)OCCCCCCCC/C=C\CC(CCCCCC)OC(OCCC#CCCCCCC)=O)C,0.261581475314836
N(CCC(=O)OCCCCCCCC/C=C\CC(CCCCCC)OC(OCCCCCCCC/C=C\CCCCCCCC)=O)(CCC(=O)OCCCCCCCC/C=C\CC(CCCCCC)OC(OCCCCCCCC/C=C\CCCCCCCC)=O)CCCN(CCC(=O)OCCCCCCCC/C=C\CC(CCCCCC)OC(OCCCCCCCC/C=C\CCCCCCCC)=O)C,0.290618809946315
N(CCC(=O)OCCCCCCCC/C=C\CC(CCCCCC)OC(OCCCCCCCC/C=C\C/C=C\CCCCC)=O)(CCC(=O)OCCCCCCCC/C=C\CC(CCCCCC)OC(OCCCCCCCC/C=C\C/C=C\CCCCC)=O)CCCN(CCC(=O)OCCCCCCCC/C=C\CC(CCCCCC)OC(OCCCCCCCC/C=C\C/C=C\CCCCC)=O)C,0.2923068842159346
N(CCC(=O)OCCCCCCCC/C=C\CC(CCCCCC)OC(OCC#CCC)=O)(CCC(=O)OCCCCCCCC/C=C\CC(CCCCCC)OC(OCC#CCC)=O)CCCN(CCC(=O)OCCCCCCCC/C=C\CC(CCCCCC)OC(OCC#CCC)=O)C,0.20668637906936493
N(CCC(=O)OCCCCCCCC/C=C\CC(CCCCCC)OC(OCC#CCCC)=O)(CCC(=O)OCCCCCCCC/C=C\CC(CCCCCC)OC(OCC#CCCC)=O)CCCN(CCC(=O)OCCCCCCCC/C=C\CC(CCCCCC)OC(OCC#CCCC)=O)C,0.21310629409585846
N(CCC(=O)OCCCCCCCC/C=C\CC(CCCCCC)OC(OCC#CCCCC)=O)(CCC(=O)OCCCCCCCC/C=C\CC(CCCCCC)OC(OCC#CCCCC)=O)CCCN(CCC(=O)OCCCCCCCC/C=C\CC(CCCCCC)OC(OCC#CCCCC)=O)C,0.22944852680145955
N(CCC(=O)OCCCCCCCC/C=C\CC(CCCCCC)OC(OCC#CCCCCC)=O)(CCC(=O)OCCCCCCCC/C=C\CC(CCCCCC)OC(OCC#CCCCCC)=O)CCCN(CCC(=O)OCCCCCCCC/C=C\CC(CCCCCC)OC(OCC#CCCCCC)=O)C,0.23830843849560784
N(CCC(=O)OCCCCCCCC/C=C\CC(CCCCCC)OC(OCC#CCCCCCC)=O)(CCC(=O)OCCCCCCCC/C=C\CC(CCCCCC)OC(OCC#CCCCCCC)=O)CCCN(CCC(=O)OCCCCCCCC/C=C\CC(CCCCCC)OC(OCC#CCCCCCC)=O)C,0.2539538704539096
N(CCC(=O)OCCCCCCCC/C=C\CC(CCCCCC)OC(OCCC#CCCCC)=O)(CCC(=O)OCCCCCCCC/C=C\CC(CCCCCC)OC(OCCC#CCCCC)=O)CCCN(CCC(=O)OCCCCCCCC/C=C\CC(CCCCCC)OC(OCCC#CCCCC)=O)C,0.24577342697710175
N(CCC(=O)OCCCCCCCC/C=C\CC(CCCCCC)OC(OCCCCCCCCCCCCCCCCCC)=O)(CCC(=O)OCCCCCCCC/C=C\CC(CCCCCC)OC(OCCCCCCCCCCCCCCCCCC)=O)CCN(CCC(=O)OCCCCCCCC/C=C\CC(CCCCCC)OC(OCCCCCCCCCCCCCCCCCC)=O)CCN(CC1)CCN1CCN(CCC(=O)OCCCCCCCC/C=C\CC(CCCCCC)OC(OCCCCCCCCCCCCCCCCCC)=O)(CCC(=O)OCCCCCCCC/C=C\CC(CCCCCC)OC(OCCCCCCCCCCCCCCCCCC)=O),0.28893199731665775
N(CCC(=O)OCCCCCCCC/C=C\CC(CCCCCC)OC(OCCC#CCCCCCC)=O)(CCC(=O)OCCCCCCCC/C=C\CC(CCCCCC)OC(OCCC#CCCCCCC)=O)CCN(CCC(=O)OCCCCCCCC/C=C\CC(CCCCCC)OC(OCCC#CCCCCCC)=O)CCN(CC1)CCN1CCN(CCC(=O)OCCCCCCCC/C=C\CC(CCCCCC)OC(OCCC#CCCCCCC)=O)(CCC(=O)OCCCCCCCC/C=C\CC(CCCCCC)OC(OCCC#CCCCCCC)=O),0.26952770434434825
N(CCC(=O)OCCCCCCCC/C=C\CC(CCCCCC)OC(OCCCCCCCC/C=C\CCCCCCCC)=O)(CCC(=O)OCCCCCCCC/C=C\CC(CCCCCC)OC(OCCCCCCCC/C=C\CCCCCCCC)=O)CCN(CCC(=O)OCCCCCCCC/C=C\CC(CCCCCC)OC(OCCCCCCCC/C=C\CCCCCCCC)=O)CCN(CC1)CCN1CCN(CCC(=O)OCCCCCCCC/C=C\CC(CCCCCC)OC(OCCCCCCCC/C=C\CCCCCCCC)=O)(CCC(=O)OCCCCCCCC/C=C\CC(CCCCCC)OC(OCCCCCCCC/C=C\CCCCCCCC)=O),0.297645483677557
N(CCC(=O)OCCCCCCCC/C=C\CC(CCCCCC)OC(OCCCCCCCC/C=C\C/C=C\CCCCC)=O)(CCC(=O)OCCCCCCCC/C=C\CC(CCCCCC)OC(OCCCCCCCC/C=C\C/C=C\CCCCC)=O)CCN(CCC(=O)OCCCCCCCC/C=C\CC(CCCCCC)OC(OCCCCCCCC/C=C\C/C=C\CCCCC)=O)CCN(CC1)CCN1CCN(CCC(=O)OCCCCCCCC/C=C\CC(CCCCCC)OC(OCCCCCCCC/C=C\C/C=C\CCCCC)=O)(CCC(=O)OCCCCCCCC/C=C\CC(CCCCCC)OC(OCCCCCCCC/C=C\C/C=C\CCCCC)=O),0.29932788056734605
N(CCC(=O)OCCCCCCCC/C=C\CC(CCCCCC)OC(OCC#CCC)=O)(CCC(=O)OCCCCCCCC/C=C\CC(CCCCCC)OC(OCC#CCC)=O)CCN(CCC(=O)OCCCCCCCC/C=C\CC(CCCCCC)OC(OCC#CCC)=O)CCN(CC1)CCN1CCN(CCC(=O)OCCCCCCCC/C=C\CC(CCCCCC)OC(OCC#CCC)=O)(CCC(=O)OCCCCCCCC/C=C\CC(CCCCCC)OC(OCC#CCC)=O),0.21634815307672456
N(CCC(=O)OCCCCCCCC/C=C\CC(CCCCCC)OC(OCC#CCCC)=O)(CCC(=O)OCCCCCCCC/C=C\CC(CCCCCC)OC(OCC#CCCC)=O)CCN(CCC(=O)OCCCCCCCC/C=C\CC(CCCCCC)OC(OCC#CCCC)=O)CCN(CC1)CCN1CCN(CCC(=O)OCCCCCCCC/C=C\CC(CCCCCC)OC(OCC#CCCC)=O)(CCC(=O)OCCCCCCCC/C=C\CC(CCCCCC)OC(OCC#CCCC)=O),0.22243158572135563
N(CCC(=O)OCCCCCCCC/C=C\CC(CCCCCC)OC(OCC#CCCCC)=O)(CCC(=O)OCCCCCCCC/C=C\CC(CCCCCC)OC(OCC#CCCCC)=O)CCN(CCC(=O)OCCCCCCCC/C=C\CC(CCCCCC)OC(OCC#CCCCC)=O)CCN(CC1)CCN1CCN(CCC(=O)OCCCCCCCC/C=C\CC(CCCCCC)OC(OCC#CCCCC)=O)(CCC(=O)OCCCCCCCC/C=C\CC(CCCCCC)OC(OCC#CCCCC)=O),0.23893077244608196
N(CCC(=O)OCCCCCCCC/C=C\CC(CCCCCC)OC(OCC#CCCCCC)=O)(CCC(=O)OCCCCCCCC/C=C\CC(CCCCCC)OC(OCC#CCCCCC)=O)CCN(CCC(=O)OCCCCCCCC/C=C\CC(CCCCCC)OC(OCC#CCCCCC)=O)CCN(CC1)CCN1CCN(CCC(=O)OCCCCCCCC/C=C\CC(CCCCCC)OC(OCC#CCCCCC)=O)(CCC(=O)OCCCCCCCC/C=C\CC(CCCCCC)OC(OCC#CCCCCC)=O),0.2474483291247335
N(CCC(=O)OCCCCCCCC/C=C\CC(CCCCCC)OC(OCC#CCCCCCC)=O)(CCC(=O)OCCCCCCCC/C=C\CC(CCCCCC)OC(OCC#CCCCCCC)=O)CCN(CCC(=O)OCCCCCCCC/C=C\CC(CCCCCC)OC(OCC#CCCCCCC)=O)CCN(CC1)CCN1CCN(CCC(=O)OCCCCCCCC/C=C\CC(CCCCCC)OC(OCC#CCCCCCC)=O)(CCC(=O)OCCCCCCCC/C=C\CC(CCCCCC)OC(OCC#CCCCCCC)=O),0.2622739053808371
N(CCC(=O)OCCCCCCCC/C=C\CC(CCCCCC)OC(OCCC#CCCCC)=O)(CCC(=O)OCCCCCCCC/C=C\CC(CCCCCC)OC(OCCC#CCCCC)=O)CCN(CCC(=O)OCCCCCCCC/C=C\CC(CCCCCC)OC(OCCC#CCCCC)=O)CCN(CC1)CCN1CCN(CCC(=O)OCCCCCCCC/C=C\CC(CCCCCC)OC(OCCC#CCCCC)=O)(CCC(=O)OCCCCCCCC/C=C\CC(CCCCCC)OC(OCCC#CCCCC)=O),0.2546140385837308
CCOC(CN(CCC(=O)OCCCCCCCC/C=C\CC(CCCCCC)OC(OCCCCCCCCCCCCCCCCCC)=O)(CCC(=O)OCCCCCCCC/C=C\CC(CCCCCC)OC(OCCCCCCCCCCCCCCCCCC)=O))OCC,0.1294973837521101
CCOC(CN(CCC(=O)OCCCCCCCC/C=C\CC(CCCCCC)OC(OCCC#CCCCCCC)=O)(CCC(=O)OCCCCCCCC/C=C\CC(CCCCCC)OC(OCCC#CCCCCCC)=O))OCC,0.09926718355575584
CCOC(CN(CCC(=O)OCCCCCCCC/C=C\CC(CCCCCC)OC(OCCCCCCCC/C=C\CCCCCCCC)=O)(CCC(=O)OCCCCCCCC/C=C\CC(CCCCCC)OC(OCCCCCCCC/C=C\CCCCCCCC)=O))OCC,0.13873921188628868
CCOC(CN(CCC(=O)OCCCCCCCC/C=C\CC(CCCCCC)OC(OCCCCCCCC/C=C\C/C=C\CCCCC)=O)(CCC(=O)OCCCCCCCC/C=C\CC(CCCCCC)OC(OCCCCCCCC/C=C\C/C=C\CCCCC)=O))OCC,0.13905673962966925
CCOC(CN(CCC(=O)OCCCCCCCC/C=C\CC(CCCCCC)OC(OCC#CCC)=O)(CCC(=O)OCCCCCCCC/C=C\CC(CCCCCC)OC(OCC#CCC)=O))OCC,0.03987440843237465
CCOC(CN(CCC(=O)OCCCCCCCC/C=C\CC(CCCCCC)OC(OCC#CCCC)=O)(CCC(=O)OCCCCCCCC/C=C\CC(CCCCCC)OC(OCC#CCCC)=O))OCC,0.04941088206609291
CCOC(CN(CCC(=O)OCCCCCCCC/C=C\CC(CCCCCC)OC(OCC#CCCCC)=O)(CCC(=O)OCCCCCCCC/C=C\CC(CCCCCC)OC(OCC#CCCCC)=O))OCC,0.06600990356260161
CCOC(CN(CCC(=O)OCCCCCCCC/C=C\CC(CCCCCC)OC(OCC#CCCCCC)=O)(CCC(=O)OCCCCCCCC/C=C\CC(CCCCCC)OC(OCC#CCCCCC)=O))OCC,0.075786246494161
CCOC(CN(CCC(=O)OCCCCCCCC/C=C\CC(CCCCCC)OC(OCC#CCCCCCC)=O)(CCC(=O)OCCCCCCCC/C=C\CC(CCCCCC)OC(OCC#CCCCCCC)=O))OCC,0.08997672220493345
CCOC(CN(CCC(=O)OCCCCCCCC/C=C\CC(CCCCCC)OC(OCCC#CCCCC)=O)(CCC(=O)OCCCCCCCC/C=C\CC(CCCCCC)OC(OCCC#CCCCC)=O))OCC,0.0818716466963524
COC(CN(CCC(=O)OCCCCCCCC/C=C\CC(CCCCCC)OC(OCCCCCCCCCCCCCCCCCC)=O)(CCC(=O)OCCCCCCCC/C=C\CC(CCCCCC)OC(OCCCCCCCCCCCCCCCCCC)=O))OC,0.11485901083518127
COC(CN(CCC(=O)OCCCCCCCC/C=C\CC(CCCCCC)OC(OCCC#CCCCCCC)=O)(CCC(=O)OCCCCCCCC/C=C\CC(CCCCCC)OC(OCCC#CCCCCCC)=O))OC,0.08197365929902212
COC(CN(CCC(=O)OCCCCCCCC/C=C\CC(CCCCCC)OC(OCCCCCCCC/C=C\CCCCCCCC)=O)(CCC(=O)OCCCCCCCC/C=C\CC(CCCCCC)OC(OCCCCCCCC/C=C\CCCCCCCC)=O))OC,0.12410010301271518
COC(CN(CCC(=O)OCCCCCCCC/C=C\CC(CCCCCC)OC(OCCCCCCCC/C=C\C/C=C\CCCCC)=O)(CCC(=O)OCCCCCCCC/C=C\CC(CCCCCC)OC(OCCCCCCCC/C=C\C/C=C\CCCCC)=O))OC,0.12425792816419537
COC(CN(CCC(=O)OCCCCCCCC/C=C\CC(CCCCCC)OC(OCC#CCC)=O)(CCC(=O)OCCCCCCCC/C=C\CC(CCCCCC)OC(OCC#CCC)=O))OC,0.019023863026323674
COC(CN(CCC(=O)OCCCCCCCC/C=C\CC(CCCCCC)OC(OCC#CCCC)=O)(CCC(=O)OCCCCCCCC/C=C\CC(CCCCCC)OC(OCC#CCCC)=O))OC,0.028984750841422966
COC(CN(CCC(=O)OCCCCCCCC/C=C\CC(CCCCCC)OC(OCC#CCCCC)=O)(CCC(=O)OCCCCCCCC/C=C\CC(CCCCCC)OC(OCC#CCCCC)=O))OC,0.0466876772659381
COC(CN(CCC(=O)OCCCCCCCC/C=C\CC(CCCCCC)OC(OCC#CCCCCC)=O)(CCC(=O)OCCCCCCCC/C=C\CC(CCCCCC)OC(OCC#CCCCCC)=O))OC,0.05723904262246228
COC(CN(CCC(=O)OCCCCCCCC/C=C\CC(CCCCCC)OC(OCC#CCCCCCC)=O)(CCC(=O)OCCCCCCCC/C=C\CC(CCCCCC)OC(OCC#CCCCCCC)=O))OC,0.07222094207771
COC(CN(CCC(=O)OCCCCCCCC/C=C\CC(CCCCCC)OC(OCCC#CCCCC)=O)(CCC(=O)OCCCCCCCC/C=C\CC(CCCCCC)OC(OCCC#CCCCC)=O))OC,0.06347689098677053
N(CCC(=O)OCCCCCCCC/C=C\CC(CCCCCC)OC(OCCCCCCCCCCCCCCCCCC)=O)(CCC(=O)OCCCCCCCC/C=C\CC(CCCCCC)OC(OCCCCCCCCCCCCCCCCCC)=O)CCC1OCCO1,-0.0732310960184319
N(CCC(=O)OCCCCCCCC/C=C\CC(CCCCCC)OC(OCCC#CCCCCCC)=O)(CCC(=O)OCCCCCCCC/C=C\CC(CCCCCC)OC(OCCC#CCCCCCC)=O)CCC1OCCO1,-0.10766565131121236
N(CCC(=O)OCCCCCCCC/C=C\CC(CCCCCC)OC(OCCCCCCCC/C=C\CCCCCCCC)=O)(CCC(=O)OCCCCCCCC/C=C\CC(CCCCCC)OC(OCCCCCCCC/C=C\CCCCCCCC)=O)CCC1OCCO1,-0.06357585550373442
N(CCC(=O)OCCCCCCCC/C=C\CC(CCCCCC)OC(OCCCCCCCC/C=C\C/C=C\CCCCC)=O)(CCC(=O)OCCCCCCCC/C=C\CC(CCCCCC)OC(OCCCCCCCC/C=C\C/C=C\CCCCC)=O)CCC1OCCO1,-0.06457529964676324
N(CCC(=O)OCCCCCCCC/C=C\CC(CCCCCC)OC(OCC#CCC)=O)(CCC(=O)OCCCCCCCC/C=C\CC(CCCCCC)OC(OCC#CCC)=O)CCC1OCCO1,-0.14812168371475867
N(CCC(=O)OCCCCCCCC/C=C\CC(CCCCCC)OC(OCC#CCCC)=O)(CCC(=O)OCCCCCCCC/C=C\CC(CCCCCC)OC(OCC#CCCC)=O)CCC1OCCO1,-0.14188482663899227
N(CCC(=O)OCCCCCCCC/C=C\CC(CCCCCC)OC(OCC#CCCCC)=O)(CCC(=O)OCCCCCCCC/C=C\CC(CCCCCC)OC(OCC#CCCCC)=O)CCC1OCCO1,-0.13140008788809868
N(CCC(=O)OCCCCCCCC/C=C\CC(CCCCCC)OC(OCC#CCCCCC)=O)(CCC(=O)OCCCCCCCC/C=C\CC(CCCCCC)OC(OCC#CCCCCC)=O)CCC1OCCO1,-0.12418295909087408
N(CCC(=O)OCCCCCCCC/C=C\CC(CCCCCC)OC(OCC#CCCCCCC)=O)(CCC(=O)OCCCCCCCC/C=C\CC(CCCCCC)OC(OCC#CCCCCCC)=O)CCC1OCCO1,-0.11503200658279283
N(CCC(=O)OCCCCCCCC/C=C\CC(CCCCCC)OC(OCCC#CCCCC)=O)(CCC(=O)OCCCCCCCC/C=C\CC(CCCCCC)OC(OCCC#CCCCC)=O)CCC1OCCO1,-0.12044758110164176
N(CCC(=O)OCCCCCCCC/C=C\CC(CCCCCC)OC(OCCCCCCCCCCCCCCCCCC)=O)(CCC(=O)OCCCCCCCC/C=C\CC(CCCCCC)OC(OCCCCCCCCCCCCCCCCCC)=O)CC1OCCO1,-0.12152720697013474
N(CCC(=O)OCCCCCCCC/C=C\CC(CCCCCC)OC(OCCC#CCCCCCC)=O)(CCC(=O)OCCCCCCCC/C=C\CC(CCCCCC)OC(OCCC#CCCCCCC)=O)CC1OCCO1,-0.14799527940615023
N(CCC(=O)OCCCCCCCC/C=C\CC(CCCCCC)OC(OCCCCCCCC/C=C\CCCCCCCC)=O)(CCC(=O)OCCCCCCCC/C=C\CC(CCCCCC)OC(OCCCCCCCC/C=C\CCCCCCCC)=O)CC1OCCO1,-0.11212802679946181
N(CCC(=O)OCCCCCCCC/C=C\CC(CCCCCC)OC(OCCCCCCCC/C=C\C/C=C\CCCCC)=O)(CCC(=O)OCCCCCCCC/C=C\CC(CCCCCC)OC(OCCCCCCCC/C=C\C/C=C\CCCCC)=O)CC1OCCO1,-0.11171421640157383
N(CCC(=O)OCCCCCCCC/C=C\CC(CCCCCC)OC(OCC#CCC)=O)(CCC(=O)OCCCCCCCC/C=C\CC(CCCCCC)OC(OCC#CCC)=O)CC1OCCO1,-0.21554681732436734
N(CCC(=O)OCCCCCCCC/C=C\CC(CCCCCC)OC(OCC#CCCC)=O)(CCC(=O)OCCCCCCCC/C=C\CC(CCCCCC)OC(OCC#CCCC)=O)CC1OCCO1,-0.20156009646751386
N(CCC(=O)OCCCCCCCC/C=C\CC(CCCCCC)OC(OCC#CCCCC)=O)(CCC(=O)OCCCCCCCC/C=C\CC(CCCCCC)OC(OCC#CCCCC)=O)CC1OCCO1,-0.18044791847427127
N(CCC(=O)OCCCCCCCC/C=C\CC(CCCCCC)OC(OCC#CCCCCC)=O)(CCC(=O)OCCCCCCCC/C=C\CC(CCCCCC)OC(OCC#CCCCCC)=O)CC1OCCO1,-0.16684463102930758
N(CCC(=O)OCCCCCCCC/C=C\CC(CCCCCC)OC(OCC#CCCCCCC)=O)(CCC(=O)OCCCCCCCC/C=C\CC(CCCCCC)OC(OCC#CCCCCCC)=O)CC1OCCO1,-0.15609602929200325
N(CCC(=O)OCCCCCCCC/C=C\CC(CCCCCC)OC(OCCC#CCCCC)=O)(CCC(=O)OCCCCCCCC/C=C\CC(CCCCCC)OC(OCCC#CCCCC)=O)CC1OCCO1,-0.16248814318075508
N(CCC(=O)OCCCCCCCC/C=C\CC(CCCCCC)OC(OCCCCCCCCCCCCCCCCCC)=O)(CCC(=O)OCCCCCCCC/C=C\CC(CCCCCC)OC(OCCCCCCCCCCCCCCCCCC)=O)CCN1CCCC1,0.2726354239620749
N(CCC(=O)OCCCCCCCC/C=C\CC(CCCCCC)OC(OCCC#CCCCCCC)=O)(CCC(=O)OCCCCCCCC/C=C\CC(CCCCCC)OC(OCCC#CCCCCCC)=O)CCN1CCCC1,0.25217639998124375
N(CCC(=O)OCCCCCCCC/C=C\CC(CCCCCC)OC(OCCCCCCCC/C=C\CCCCCCCC)=O)(CCC(=O)OCCCCCCCC/C=C\CC(CCCCCC)OC(OCCCCCCCC/C=C\CCCCCCCC)=O)CCN1CCCC1,0.28104338317875927
N(CCC(=O)OCCCCCCCC/C=C\CC(CCCCCC)OC(OCCCCCCCC/C=C\C/C=C\CCCCC)=O)(CCC(=O)OCCCCCCCC/C=C\CC(CCCCCC)OC(OCCCCCCCC/C=C\C/C=C\CCCCC)=O)CCN1CCCC1,0.2828283033350123
N(CCC(=O)OCCCCCCCC/C=C\CC(CCCCCC)OC(OCC#CCC)=O)(CCC(=O)OCCCCCCCC/C=C\CC(CCCCCC)OC(OCC#CCC)=O)CCN1CCCC1,0.2015611319370893
N(CCC(=O)OCCCCCCCC/C=C\CC(CCCCCC)OC(OCC#CCCC)=O)(CCC(=O)OCCCCCCCC/C=C\CC(CCCCCC)OC(OCC#CCCC)=O)CCN1CCCC1,0.20759079468808703
N(CCC(=O)OCCCCCCCC/C=C\CC(CCCCCC)OC(OCC#CCCCC)=O)(CCC(=O)OCCCCCCCC/C=C\CC(CCCCCC)OC(OCC#CCCCC)=O)CCN1CCCC1,0.22259580918978772
N(CCC(=O)OCCCCCCCC/C=C\CC(CCCCCC)OC(OCC#CCCCCC)=O)(CCC(=O)OCCCCCCCC/C=C\CC(CCCCCC)OC(OCC#CCCCCC)=O)CCN1CCCC1,0.2302711010373861
N(CCC(=O)OCCCCCCCC/C=C\CC(CCCCCC)OC(OCC#CCCCCCC)=O)(CCC(=O)OCCCCCCCC/C=C\CC(CCCCCC)OC(OCC#CCCCCCC)=O)CCN1CCCC1,0.24487345713729458
N(CCC(=O)OCCCCCCCC/C=C\CC(CCCCCC)OC(OCCC#CCCCC)=O)(CCC(=O)OCCCCCCCC/C=C\CC(CCCCCC)OC(OCCC#CCCCC)=O)CCN1CCCC1,0.2371004182316611
N(CCC(=O)OCCCCCCCC/C=C\CC(CCCCCC)OC(OCCCCCCCCCCCCCCCCCC)=O)(CCC(=O)OCCCCCCCC/C=C\CC(CCCCCC)OC(OCCCCCCCCCCCCCCCCCC)=O)CCCN1CCCC1,0.27220105934646704
N(CCC(=O)OCCCCCCCC/C=C\CC(CCCCCC)OC(OCCC#CCCCCCC)=O)(CCC(=O)OCCCCCCCC/C=C\CC(CCCCCC)OC(OCCC#CCCCCCC)=O)CCCN1CCCC1,0.25179730721160537
N(CCC(=O)OCCCCCCCC/C=C\CC(CCCCCC)OC(OCCCCCCCC/C=C\CCCCCCCC)=O)(CCC(=O)OCCCCCCCC/C=C\CC(CCCCCC)OC(OCCCCCCCC/C=C\CCCCCCCC)=O)CCCN1CCCC1,0.2805495712896875
N(CCC(=O)OCCCCCCCC/C=C\CC(CCCCCC)OC(OCCCCCCCC/C=C\C/C=C\CCCCC)=O)(CCC(=O)OCCCCCCCC/C=C\CC(CCCCCC)OC(OCCCCCCCC/C=C\C/C=C\CCCCC)=O)CCCN1CCCC1,0.2823329894936044
N(CCC(=O)OCCCCCCCC/C=C\CC(CCCCCC)OC(OCC#CCC)=O)(CCC(=O)OCCCCCCCC/C=C\CC(CCCCCC)OC(OCC#CCC)=O)CCCN1CCCC1,0.2016037873834353
N(CCC(=O)OCCCCCCCC/C=C\CC(CCCCCC)OC(OCC#CCCC)=O)(CCC(=O)OCCCCCCCC/C=C\CC(CCCCCC)OC(OCC#CCCC)=O)CCCN1CCCC1,0.20753337505027689
N(CCC(=O)OCCCCCCCC/C=C\CC(CCCCCC)OC(OCC#CCCCC)=O)(CCC(=O)OCCCCCCCC/C=C\CC(CCCCCC)OC(OCC#CCCCC)=O)CCCN1CCCC1,0.22240746436683742
N(CCC(=O)OCCCCCCCC/C=C\CC(CCCCCC)OC(OCC#CCCCCC)=O)(CCC(=O)OCCCCCCCC/C=C\CC(CCCCCC)OC(OCC#CCCCCC)=O)CCCN1CCCC1,0.23013086374776195
N(CCC(=O)OCCCCCCCC/C=C\CC(CCCCCC)OC(OCC#CCCCCCC)=O)(CCC(=O)OCCCCCCCC/C=C\CC(CCCCCC)OC(OCC#CCCCCCC)=O)CCCN1CCCC1,0.24455918863048343
N(CCC(=O)OCCCCCCCC/C=C\CC(CCCCCC)OC(OCCC#CCCCC)=O)(CCC(=O)OCCCCCCCC/C=C\CC(CCCCCC)OC(OCCC#CCCCC)=O)CCCN1CCCC1,0.2368167895525069
CN(CCC(=O)OCCCCCCCC/C=C\CC(CCCCCC)OC(OCCCCCCCCCCCCCCCCCC)=O)CCCCCCN(CCC(=O)OCCCCCCCC/C=C\CC(CCCCCC)OC(OCCCCCCCCCCCCCCCCCC)=O)C,0.2702667249718161
CN(CCC(=O)OCCCCCCCC/C=C\CC(CCCCCC)OC(OCCC#CCCCCCC)=O)CCCCCCN(CCC(=O)OCCCCCCCC/C=C\CC(CCCCCC)OC(OCCC#CCCCCCC)=O)C,0.2502605996984206
CN(CCC(=O)OCCCCCCCC/C=C\CC(CCCCCC)OC(OCCCCCCCC/C=C\CCCCCCCC)=O)CCCCCCN(CCC(=O)OCCCCCCCC/C=C\CC(CCCCCC)OC(OCCCCCCCC/C=C\CCCCCCCC)=O)C,0.2785880515777527
CN(CCC(=O)OCCCCCCCC/C=C\CC(CCCCCC)OC(OCCCCCCCC/C=C\C/C=C\CCCCC)=O)CCCCCCN(CCC(=O)OCCCCCCCC/C=C\CC(CCCCCC)OC(OCCCCCCCC/C=C\C/C=C\CCCCC)=O)C,0.28026741452382276
CN(CCC(=O)OCCCCCCCC/C=C\CC(CCCCCC)OC(OCC#CCC)=O)CCCCCCN(CCC(=O)OCCCCCCCC/C=C\CC(CCCCCC)OC(OCC#CCC)=O)C,0.20000755749916985
CN(CCC(=O)OCCCCCCCC/C=C\CC(CCCCCC)OC(OCC#CCCC)=O)CCCCCCN(CCC(=O)OCCCCCCCC/C=C\CC(CCCCCC)OC(OCC#CCCC)=O)C,0.20613394598061413
CN(CCC(=O)OCCCCCCCC/C=C\CC(CCCCCC)OC(OCC#CCCCC)=O)CCCCCCN(CCC(=O)OCCCCCCCC/C=C\CC(CCCCCC)OC(OCC#CCCCC)=O)C,0.22106671657494714
CN(CCC(=O)OCCCCCCCC/C=C\CC(CCCCCC)OC(OCC#CCCCCC)=O)CCCCCCN(CCC(=O)OCCCCCCCC/C=C\CC(CCCCCC)OC(OCC#CCCCCC)=O)C,0.22862120639615086
CN(CCC(=O)OCCCCCCCC/C=C\CC(CCCCCC)OC(OCC#CCCCCCC)=O)CCCCCCN(CCC(=O)OCCCCCCCC/C=C\CC(CCCCCC)OC(OCC#CCCCCCC)=O)C,0.2430746739609791
CN(CCC(=O)OCCCCCCCC/C=C\CC(CCCCCC)OC(OCCC#CCCCC)=O)CCCCCCN(CCC(=O)OCCCCCCCC/C=C\CC(CCCCCC)OC(OCCC#CCCCC)=O)C,0.23533682579858103
N(CCC(=O)OCCCCCCCC/C=C\CC(CCCCCC)OC(OCCCCCCCCCCCCCCCCCC)=O)(CCC(=O)OCCCCCCCC/C=C\CC(CCCCCC)OC(OCCCCCCCCCCCCCCCCCC)=O)CCCN1CCOCC1,0.04307005984961981
N(CCC(=O)OCCCCCCCC/C=C\CC(CCCCCC)OC(OCCC#CCCCCCC)=O)(CCC(=O)OCCCCCCCC/C=C\CC(CCCCCC)OC(OCCC#CCCCCCC)=O)CCCN1CCOCC1,0.005398196491551703
N(CCC(=O)OCCCCCCCC/C=C\CC(CCCCCC)OC(OCCCCCCCC/C=C\CCCCCCCC)=O)(CCC(=O)OCCCCCCCC/C=C\CC(CCCCCC)OC(OCCCCCCCC/C=C\CCCCCCCC)=O)CCCN1CCOCC1,0.05344446518190152
N(CCC(=O)OCCCCCCCC/C=C\CC(CCCCCC)OC(OCCCCCCCC/C=C\C/C=C\CCCCC)=O)(CCC(=O)OCCCCCCCC/C=C\CC(CCCCCC)OC(OCCCCCCCC/C=C\C/C=C\CCCCC)=O)CCCN1CCOCC1,0.05246390057973781
N(CCC(=O)OCCCCCCCC/C=C\CC(CCCCCC)OC(OCC#CCC)=O)(CCC(=O)OCCCCCCCC/C=C\CC(CCCCCC)OC(OCC#CCC)=O)CCCN1CCOCC1,-0.050642949464477546
N(CCC(=O)OCCCCCCCC/C=C\CC(CCCCCC)OC(OCC#CCCC)=O)(CCC(=O)OCCCCCCCC/C=C\CC(CCCCCC)OC(OCC#CCCC)=O)CCCN1CCOCC1,-0.04301169485937441
N(CCC(=O)OCCCCCCCC/C=C\CC(CCCCCC)OC(OCC#CCCCC)=O)(CCC(=O)OCCCCCCCC/C=C\CC(CCCCCC)OC(OCC#CCCCC)=O)CCCN1CCOCC1,-0.02883548769579517
N(CCC(=O)OCCCCCCCC/C=C\CC(CCCCCC)OC(OCC#CCCCCC)=O)(CCC(=O)OCCCCCCCC/C=C\CC(CCCCCC)OC(OCC#CCCCCC)=O)CCCN1CCOCC1,-0.018134798238013276
N(CCC(=O)OCCCCCCCC/C=C\CC(CCCCCC)OC(OCC#CCCCCCC)=O)(CCC(=O)OCCCCCCCC/C=C\CC(CCCCCC)OC(OCC#CCCCCCC)=O)CCCN1CCOCC1,-0.004302522670523604
N(CCC(=O)OCCCCCCCC/C=C\CC(CCCCCC)OC(OCCC#CCCCC)=O)(CCC(=O)OCCCCCCCC/C=C\CC(CCCCCC)OC(OCCC#CCCCC)=O)CCCN1CCOCC1,-0.012291512752405526
N(CCC(=O)OCCCCCCCC/C=C\CC(CCCCCC)OC(OCCCCCCCCCCCCCCCCCC)=O)(CCC(=O)OCCCCCCCC/C=C\CC(CCCCCC)OC(OCCCCCCCCCCCCCCCCCC)=O)CCCN1C=NC=C1,0.10660973288280869
N(CCC(=O)OCCCCCCCC/C=C\CC(CCCCCC)OC(OCCC#CCCCCCC)=O)(CCC(=O)OCCCCCCCC/C=C\CC(CCCCCC)OC(OCCC#CCCCCCC)=O)CCCN1C=NC=C1,0.07257095705012098
N(CCC(=O)OCCCCCCCC/C=C\CC(CCCCCC)OC(OCCCCCCCC/C=C\CCCCCCCC)=O)(CCC(=O)OCCCCCCCC/C=C\CC(CCCCCC)OC(OCCCCCCCC/C=C\CCCCCCCC)=O)CCCN1C=NC=C1,0.11469529803054346
N(CCC(=O)OCCCCCCCC/C=C\CC(CCCCCC)OC(OCCCCCCCC/C=C\C/C=C\CCCCC)=O)(CCC(=O)OCCCCCCCC/C=C\CC(CCCCCC)OC(OCCCCCCCC/C=C\C/C=C\CCCCC)=O)CCCN1C=NC=C1,0.11335792963140946
N(CCC(=O)OCCCCCCCC/C=C\CC(CCCCCC)OC(OCC#CCC)=O)(CCC(=O)OCCCCCCCC/C=C\CC(CCCCCC)OC(OCC#CCC)=O)CCCN1C=NC=C1,0.016392202221055793
N(CCC(=O)OCCCCCCCC/C=C\CC(CCCCCC)OC(OCC#CCCC)=O)(CCC(=O)OCCCCCCCC/C=C\CC(CCCCCC)OC(OCC#CCCC)=O)CCCN1C=NC=C1,0.02385929343582028
N(CCC(=O)OCCCCCCCC/C=C\CC(CCCCCC)OC(OCC#CCCCC)=O)(CCC(=O)OCCCCCCCC/C=C\CC(CCCCCC)OC(OCC#CCCCC)=O)CCCN1C=NC=C1,0.03887552752147186
N(CCC(=O)OCCCCCCCC/C=C\CC(CCCCCC)OC(OCC#CCCCCC)=O)(CCC(=O)OCCCCCCCC/C=C\CC(CCCCCC)OC(OCC#CCCCCC)=O)CCCN1C=NC=C1,0.04866469712598177
N(CCC(=O)OCCCCCCCC/C=C\CC(CCCCCC)OC(OCC#CCCCCCC)=O)(CCC(=O)OCCCCCCCC/C=C\CC(CCCCCC)OC(OCC#CCCCCCC)=O)CCCN1C=NC=C1,0.06311552125469844
N(CCC(=O)OCCCCCCCC/C=C\CC(CCCCCC)OC(OCCC#CCCCC)=O)(CCC(=O)OCCCCCCCC/C=C\CC(CCCCCC)OC(OCCC#CCCCC)=O)CCCN1C=NC=C1,0.054256225361007965
C1(C2N(CCC(=O)OCCCCCCCC/C=C\CC(CCCCCC)OC(OCCCCCCCCCCCCCCCCCC)=O)CC2)=CC=CC=C1,0.08425662684993482
C1(C2N(CCC(=O)OCCCCCCCC/C=C\CC(CCCCCC)OC(OCCC#CCCCCCC)=O)CC2)=CC=CC=C1,0.05194084567868165
C1(C2N(CCC(=O)OCCCCCCCC/C=C\CC(CCCCCC)OC(OCCCCCCCC/C=C\CCCCCCCC)=O)CC2)=CC=CC=C1,0.09171668892776623
C1(C2N(CCC(=O)OCCCCCCCC/C=C\CC(CCCCCC)OC(OCCCCCCCC/C=C\C/C=C\CCCCC)=O)CC2)=CC=CC=C1,0.09110851838782177
C1(C2N(CCC(=O)OCCCCCCCC/C=C\CC(CCCCCC)OC(OCC#CCC)=O)CC2)=CC=CC=C1,0.008357267886571857
C1(C2N(CCC(=O)OCCCCCCCC/C=C\CC(CCCCCC)OC(OCC#CCCC)=O)CC2)=CC=CC=C1,0.01429971977517238
C1(C2N(CCC(=O)OCCCCCCCC/C=C\CC(CCCCCC)OC(OCC#CCCCC)=O)CC2)=CC=CC=C1,0.026045670431996657
C1(C2N(CCC(=O)OCCCCCCCC/C=C\CC(CCCCCC)OC(OCC#CCCCCC)=O)CC2)=CC=CC=C1,0.03312051177465827
C1(C2N(CCC(=O)OCCCCCCCC/C=C\CC(CCCCCC)OC(OCC#CCCCCCC)=O)CC2)=CC=CC=C1,0.043531054080147194
C1(C2N(CCC(=O)OCCCCCCCC/C=C\CC(CCCCCC)OC(OCCC#CCCCC)=O)CC2)=CC=CC=C1,0.037501316231532675
CCN(CC)CCN(CCC(=O)OCCCCCCCC/C=C\CC(CCCCCC)OC(OCCCCCCCCCCCCCCCCCC)=O)CCN(CC)CC,0.2481671184542337
CCN(CC)CCN(CCC(=O)OCCCCCCCC/C=C\CC(CCCCCC)OC(OCCC#CCCCCCC)=O)CCN(CC)CC,0.2336647773603879
CCN(CC)CCN(CCC(=O)OCCCCCCCC/C=C\CC(CCCCCC)OC(OCCCCCCCC/C=C\CCCCCCCC)=O)CCN(CC)CC,0.2546604489109171
CCN(CC)CCN(CCC(=O)OCCCCCCCC/C=C\CC(CCCCCC)OC(OCCCCCCCC/C=C\C/C=C\CCCCC)=O)CCN(CC)CC,0.2560265646777646
CCN(CC)CCN(CCC(=O)OCCCCCCCC/C=C\CC(CCCCCC)OC(OCC#CCC)=O)CCN(CC)CC,0.19535489966945652
CCN(CC)CCN(CCC(=O)OCCCCCCCC/C=C\CC(CCCCCC)OC(OCC#CCCC)=O)CCN(CC)CC,0.20009325889946925
CCN(CC)CCN(CCC(=O)OCCCCCCCC/C=C\CC(CCCCCC)OC(OCC#CCCCC)=O)CCN(CC)CC,0.21185115758712741
CCN(CC)CCN(CCC(=O)OCCCCCCCC/C=C\CC(CCCCCC)OC(OCC#CCCCCC)=O)CCN(CC)CC,0.2177780267202406
CCN(CC)CCN(CCC(=O)OCCCCCCCC/C=C\CC(CCCCCC)OC(OCC#CCCCCCC)=O)CCN(CC)CC,0.2280932250914322
CCN(CC)CCN(CCC(=O)OCCCCCCCC/C=C\CC(CCCCCC)OC(OCCC#CCCCC)=O)CCN(CC)CC,0.22301755740577212
CN(CC1)CCN1CCCN(CCC(=O)OCCCCCCCC/C=C\CC(CCCCCC)OC(OCCCCCCCCCCCCCCCCCC)=O)(CCC(=O)OCCCCCCCC/C=C\CC(CCCCCC)OC(OCCCCCCCCCCCCCCCCCC)=O),0.25114170501688604
CN(CC1)CCN1CCCN(CCC(=O)OCCCCCCCC/C=C\CC(CCCCCC)OC(OCCC#CCCCCCC)=O)(CCC(=O)OCCCCCCCC/C=C\CC(CCCCCC)OC(OCCC#CCCCCCC)=O),0.23020788386355853
CN(CC1)CCN1CCCN(CCC(=O)OCCCCCCCC/C=C\CC(CCCCCC)OC(OCCCCCCCC/C=C\CCCCCCCC)=O)(CCC(=O)OCCCCCCCC/C=C\CC(CCCCCC)OC(OCCCCCCCC/C=C\CCCCCCCC)=O),0.2592237405766309
CN(CC1)CCN1CCCN(CCC(=O)OCCCCCCCC/C=C\CC(CCCCCC)OC(OCCCCCCCC/C=C\C/C=C\CCCCC)=O)(CCC(=O)OCCCCCCCC/C=C\CC(CCCCCC)OC(OCCCCCCCC/C=C\C/C=C\CCCCC)=O),0.26096960997214463
CN(CC1)CCN1CCCN(CCC(=O)OCCCCCCCC/C=C\CC(CCCCCC)OC(OCC#CCC)=O)(CCC(=O)OCCCCCCCC/C=C\CC(CCCCCC)OC(OCC#CCC)=O),0.1816596326634284
CN(CC1)CCN1CCCN(CCC(=O)OCCCCCCCC/C=C\CC(CCCCCC)OC(OCC#CCCC)=O)(CCC(=O)OCCCCCCCC/C=C\CC(CCCCCC)OC(OCC#CCCC)=O),0.18768920529728597
CN(CC1)CCN1CCCN(CCC(=O)OCCCCCCCC/C=C\CC(CCCCCC)OC(OCC#CCCCC)=O)(CCC(=O)OCCCCCCCC/C=C\CC(CCCCCC)OC(OCC#CCCCC)=O),0.20259070524398085
CN(CC1)CCN1CCCN(CCC(=O)OCCCCCCCC/C=C\CC(CCCCCC)OC(OCC#CCCCCC)=O)(CCC(=O)OCCCCCCCC/C=C\CC(CCCCCC)OC(OCC#CCCCCC)=O),0.21002206501266887
CN(CC1)CCN1CCCN(CCC(=O)OCCCCCCCC/C=C\CC(CCCCCC)OC(OCC#CCCCCCC)=O)(CCC(=O)OCCCCCCCC/C=C\CC(CCCCCC)OC(OCC#CCCCCCC)=O),0.2232507355059558
CN(CC1)CCN1CCCN(CCC(=O)OCCCCCCCC/C=C\CC(CCCCCC)OC(OCCC#CCCCC)=O)(CCC(=O)OCCCCCCCC/C=C\CC(CCCCCC)OC(OCCC#CCCCC)=O),0.21665767541415357
N(CCC(=O)NCCCCCCCCCCCC)(CCC(=O)NCCCCCCCCCCCC)CCCN(CCC(=O)NCCCCCCCCCCCC)(CCC(=O)NCCCCCCCCCCCC),0.31503232423293426
N(CCC(=O)NCCCCCCCCCCCCCC)(CCC(=O)NCCCCCCCCCCCCCC)CCCN(CCC(=O)NCCCCCCCCCCCCCC)(CCC(=O)NCCCCCCCCCCCCCC),0.31213944387736725
N(CCC(=O)NCCCCCCCCCCCCCCC)(CCC(=O)NCCCCCCCCCCCCCCC)CCCN(CCC(=O)NCCCCCCCCCCCCCCC)(CCC(=O)NCCCCCCCCCCCCCCC),0.31092766873258015
N(CCC(=O)NCCCCCCCCCCCCCCCC)(CCC(=O)NCCCCCCCCCCCCCCCC)CCCN(CCC(=O)NCCCCCCCCCCCCCCCC)(CCC(=O)NCCCCCCCCCCCCCCCC),0.3098264673187787
N(CCC(=O)NCCCCCCCCCCCCCCCCCC)(CCC(=O)NCCCCCCCCCCCCCCCCCC)CCCN(CCC(=O)NCCCCCCCCCCCCCCCCCC)(CCC(=O)NCCCCCCCCCCCCCCCCCC),0.30787287791517864
CCCCCCCCCCOC(=O)CCN(CCCN(CCC(=O)OCCCCCCCCCC)CCC(=O)OCCCCCCCCCC)CCC(=O)OCCCCCCCCCC,0.2970229544732792
N(CCC(=O)OCCCCCCCCCCCC)(CCC(=O)OCCCCCCCCCCCC)CCCN(CCC(=O)OCCCCCCCCCCCC)(CCC(=O)OCCCCCCCCCCCC),0.29518774895281263
N(CCC(=O)OCCCCCCCCCCCCC)(CCC(=O)OCCCCCCCCCCCCC)CCCN(CCC(=O)OCCCCCCCCCCCCC)(CCC(=O)OCCCCCCCCCCCCC),0.29435734954521486
CCCCCCCCCCCCCCOC(=O)CCN(CCCN(CCC(=O)OCCCCCCCCCCCCCC)CCC(=O)OCCCCCCCCCCCCCC)CCC(=O)OCCCCCCCCCCCCCC,0.29360745478283345
N(CCC(=O)OCCCCCCCCCCCCCCC)(CCC(=O)OCCCCCCCCCCCCCCC)CCCN(CCC(=O)OCCCCCCCCCCCCCCC)(CCC(=O)OCCCCCCCCCCCCCCC),0.2931115701995379
N(CCC(=O)OCCCCCCCCCCCCCCCCCC)(CCC(=O)OCCCCCCCCCCCCCCCCCC)CCCN(CCC(=O)OCCCCCCCCCCCCCCCCCC)(CCC(=O)OCCCCCCCCCCCCCCCCCC),0.2919681639250913
OCCN(CCC(=O)NCCCCCCCCCCCC)CCN(CCC(=O)NCCCCCCCCCCCC)CCO,0.17149827927002628
OCCN(CCC(=O)NCCCCCCCCCCCCCC)CCN(CCC(=O)NCCCCCCCCCCCCCC)CCO,0.17701567113774125
OCCN(CCC(=O)NCCCCCCCCCCCCCCC)CCN(CCC(=O)NCCCCCCCCCCCCCCC)CCO,0.1793481730766994
OCCN(CCC(=O)NCCCCCCCCCCCCCCCC)CCN(CCC(=O)NCCCCCCCCCCCCCCCC)CCO,0.18155263357900275
OCCN(CCC(=O)NCCCCCCCCCCCCCCCCCC)CCN(CCC(=O)NCCCCCCCCCCCCCCCCCC)CCO,0.18717679923829297
CCCCCCCCCCOC(=O)CCN(CCO)CCN(CCO)CCC(=O)OCCCCCCCCCC,0.1459493490953886
OCCN(CCC(=O)OCCCCCCCCCCCC)CCN(CCC(=O)OCCCCCCCCCCCC)CCO,0.15362683379339773
CCCCCCCCCCCCCOC(=O)CCN(CCO)CCN(CCO)CCC(=O)OCCCCCCCCCCCCC,0.15706876784495927
OCCN(CCC(=O)OCCCCCCCCCCCCCC)CCN(CCC(=O)OCCCCCCCCCCCCCC)CCO,0.16035232102267627
OCCN(CCC(=O)OCCCCCCCCCCCCCCCCCC)CCN(CCC(=O)OCCCCCCCCCCCCCCCCCC)CCO,0.1715364288593639
N(CCC(=O)NCCCCCCCCCCCC)(CCC(=O)NCCCCCCCCCCCC)CCN(CCC(=O)NCCCCCCCCCCCC)CCO,0.2554699711810427
N(CCC(=O)NCCCCCCCCCCCCCC)(CCC(=O)NCCCCCCCCCCCCCC)CCN(CCC(=O)NCCCCCCCCCCCCCC)CCO,0.25792551305537637
N(CCC(=O)NCCCCCCCCCCCCCCC)(CCC(=O)NCCCCCCCCCCCCCCC)CCN(CCC(=O)NCCCCCCCCCCCCCCC)CCO,0.2589439568954572
N(CCC(=O)NCCCCCCCCCCCCCCCC)(CCC(=O)NCCCCCCCCCCCCCCCC)CCN(CCC(=O)NCCCCCCCCCCCCCCCC)CCO,0.2598900967500769
N(CCC(=O)NCCCCCCCCCCCCCCCCCC)(CCC(=O)NCCCCCCCCCCCCCCCCCC)CCN(CCC(=O)NCCCCCCCCCCCCCCCCCC)CCO,0.26167955280238503
CCCCCCCCCCOC(=O)CCN(CCO)CCN(CCC(=O)OCCCCCCCCCC)CCC(=O)OCCCCCCCCCC,0.23392760399968673
N(CCC(=O)OCCCCCCCCCCCC)(CCC(=O)OCCCCCCCCCCCC)CCN(CCC(=O)OCCCCCCCCCCCC)CCO,0.23673584934111302
CCCCCCCCCCCCCOC(=O)CCN(CCO)CCN(CCC(=O)OCCCCCCCCCCCCC)CCC(=O)OCCCCCCCCCCCCC,0.23889908125178969
CCCCCCCCCCCCCCOC(=O)CCN(CCO)CCN(CCC(=O)OCCCCCCCCCCCCCC)CCC(=O)OCCCCCCCCCCCCCC,0.2408620878965373
N(CCC(=O)OCCCCCCCCCCCCCCC)(CCC(=O)OCCCCCCCCCCCCCCC)CCN(CCC(=O)OCCCCCCCCCCCCCCC)CCO,0.2426493961570048
N(CCC(=O)OCCCCCCCCCCCCCCCCCC)(CCC(=O)OCCCCCCCCCCCCCCCCCC)CCN(CCC(=O)OCCCCCCCCCCCCCCCCCC)CCO,0.24726540634971664
COCCN(CCC(=O)NCCCCCCCCCCCC)(CCC(=O)NCCCCCCCCCCCC),0.14108203223779603
COCCN(CCC(=O)NCCCCCCCCCCCCCC)(CCC(=O)NCCCCCCCCCCCCCC),0.14980658798741256
COCCN(CCC(=O)NCCCCCCCCCCCCCCC)(CCC(=O)NCCCCCCCCCCCCCCC),0.15358715221267724
COCCN(CCC(=O)NCCCCCCCCCCCCCCCC)(CCC(=O)NCCCCCCCCCCCCCCCC),0.15842118580650127
COCCN(CCC(=O)NCCCCCCCCCCCCCCCCCC)(CCC(=O)NCCCCCCCCCCCCCCCCCC),0.16754083011813595
COCCN(CCC(=O)OCCCCCCCCCC)(CCC(=O)OCCCCCCCCCC),0.10759363181915861
CCCCCCCCCCCCOC(=O)CCN(CCOC)CCC(=O)OCCCCCCCCCCCC,0.1201232786756888
CCCCCCCCCCCCCOC(=O)CCN(CCOC)CCC(=O)OCCCCCCCCCCCCC,0.1257751853946273
COCCN(CCC(=O)OCCCCCCCCCCCCCC)(CCC(=O)OCCCCCCCCCCCCCC),0.13094965150495777
COCCN(CCC(=O)OCCCCCCCCCCCCCCC)(CCC(=O)OCCCCCCCCCCCCCCC),0.13559823904384022
COCCN(CCC(=O)OCCCCCCCCCCCCCCCCCC)(CCC(=O)OCCCCCCCCCCCCCCCCCC),0.1476003551813526
CCOCCN(CCC(=O)NCCCCCCCCCCCC)(CCC(=O)NCCCCCCCCCCCC),0.1671837109111751
CCOCCN(CCC(=O)NCCCCCCCCCCCCCC)(CCC(=O)NCCCCCCCCCCCCCC),0.1742649505707886
CCOCCN(CCC(=O)NCCCCCCCCCCCCCCC)(CCC(=O)NCCCCCCCCCCCCCCC),0.1786305552700214
CCOCCN(CCC(=O)NCCCCCCCCCCCCCCCC)(CCC(=O)NCCCCCCCCCCCCCCCC),0.1826324922501078
CCOCCN(CCC(=O)NCCCCCCCCCCCCCCCCCC)(CCC(=O)NCCCCCCCCCCCCCCCCCC),0.18971284575784303
CCOCCN(CCC(=O)OCCCCCCCCCC)(CCC(=O)OCCCCCCCCCC),0.1381308160534938
CCCCCCCCCCCCOC(=O)CCN(CCOCC)CCC(=O)OCCCCCCCCCCCC,0.1481133770408034
CCCCCCCCCCCCCOC(=O)CCN(CCOCC)CCC(=O)OCCCCCCCCCCCCC,0.15229969368967275
CCCCCCCCCCCCCCOC(=O)CCN(CCOCC)CCC(=O)OCCCCCCCCCCCCCC,0.15605104494199978
CCOCCN(CCC(=O)OCCCCCCCCCCCCCCC)(CCC(=O)OCCCCCCCCCCCCCCC),0.15952213188840556
CCOCCN(CCC(=O)OCCCCCCCCCCCCCCCCCC)(CCC(=O)OCCCCCCCCCCCCCCCCCC),0.17123992844868913
COC(OC)CN(CCC(=O)NCCCCCCCCCCCC)(CCC(=O)NCCCCCCCCCCCC),-0.034064985339721354
COC(OC)CN(CCC(=O)NCCCCCCCCCCCCCC)(CCC(=O)NCCCCCCCCCCCCCC),-0.01824474114901776
COC(OC)CN(CCC(=O)NCCCCCCCCCCCCCCC)(CCC(=O)NCCCCCCCCCCCCCCC),-0.010086526097424433
COC(OC)CN(CCC(=O)NCCCCCCCCCCCCCCCC)(CCC(=O)NCCCCCCCCCCCCCCCC),-0.002757208970452855
COC(OC)CN(CCC(=O)NCCCCCCCCCCCCCCCCCC)(CCC(=O)NCCCCCCCCCCCCCCCCCC),0.012453151985283004
CCCCCCCCCCOC(=O)CCN(CCC(=O)OCCCCCCCCCC)CC(OC)OC,-0.07035325020574948
COC(OC)CN(CCC(=O)OCCCCCCCCCCCC)(CCC(=O)OCCCCCCCCCCCC),-0.05217177172789762
COC(OC)CN(CCC(=O)OCCCCCCCCCCCCC)(CCC(=O)OCCCCCCCCCCCCC),-0.04368281222172593
CCCCCCCCCCCCCCOC(=O)CCN(CCC(=O)OCCCCCCCCCCCCCC)CC(OC)OC,-0.03581020889573058
COC(OC)CN(CCC(=O)OCCCCCCCCCCCCCCC)(CCC(=O)OCCCCCCCCCCCCCCC),-0.027260345222328945
COC(OC)CN(CCC(=O)OCCCCCCCCCCCCCCCCCC)(CCC(=O)OCCCCCCCCCCCCCCCCCC),-0.002304723299909624
O1CCCC1CN(CCC(=O)NCCCCCCCCCCCC)(CCC(=O)NCCCCCCCCCCCC),-0.12536153357927107
O1CCCC1CN(CCC(=O)NCCCCCCCCCCCCCC)(CCC(=O)NCCCCCCCCCCCCCC),-0.1116006162366309
O1CCCC1CN(CCC(=O)NCCCCCCCCCCCCCCC)(CCC(=O)NCCCCCCCCCCCCCCC),-0.10498465137170272
O1CCCC1CN(CCC(=O)NCCCCCCCCCCCCCCCC)(CCC(=O)NCCCCCCCCCCCCCCCC),-0.09850980243851534
O1CCCC1CN(CCC(=O)NCCCCCCCCCCCCCCCCCC)(CCC(=O)NCCCCCCCCCCCCCCCCCC),-0.08367729467238047
CCCCCCCCCCOC(=O)CCN(CCC(=O)OCCCCCCCCCC)CC1CCCO1,-0.15379092296365604
CCCCCCCCCCCCOC(=O)CCN(CCC(=O)OCCCCCCCCCCCC)CC1CCCO1,-0.13884702290251233
CCCCCCCCCCCCCOC(=O)CCN(CCC(=O)OCCCCCCCCCCCCC)CC1CCCO1,-0.13170988057694819
O1CCCC1CN(CCC(=O)OCCCCCCCCCCCCCC)(CCC(=O)OCCCCCCCCCCCCCC),-0.12517629779765657
O1CCCC1CN(CCC(=O)OCCCCCCCCCCCCCCC)(CCC(=O)OCCCCCCCCCCCCCCC),-0.1191152817916422
O1CCCC1CN(CCC(=O)OCCCCCCCCCCCCCCCCCC)(CCC(=O)OCCCCCCCCCCCCCCCCCC),-0.09688934606306818
c1c(OC)c(OC)ccc1CCN(CCC(=O)NCCCCCCCCCCCC)(CCC(=O)NCCCCCCCCCCCC),-0.008154114221763731
c1c(OC)c(OC)ccc1CCN(CCC(=O)NCCCCCCCCCCCCCC)(CCC(=O)NCCCCCCCCCCCCCC),0.004550967708027634
c1c(OC)c(OC)ccc1CCN(CCC(=O)NCCCCCCCCCCCCCCC)(CCC(=O)NCCCCCCCCCCCCCCC),0.010653828106126495
c1c(OC)c(OC)ccc1CCN(CCC(=O)NCCCCCCCCCCCCCCCC)(CCC(=O)NCCCCCCCCCCCCCCCC),0.016252670849029614
c1c(OC)c(OC)ccc1CCN(CCC(=O)NCCCCCCCCCCCCCCCCCC)(CCC(=O)NCCCCCCCCCCCCCCCCCC),0.02860654422366288
c1c(OC)c(OC)ccc1CCN(CCC(=O)OCCCCCCCCCC)(CCC(=O)OCCCCCCCCCC),-0.034096173379981026
CCCCCCCCCCCCOC(=O)CCN(CCC(=O)OCCCCCCCCCCCC)CCc1ccc(OC)c(OC)c1,-0.021182740152762055
CCCCCCCCCCCCCOC(=O)CCN(CCC(=O)OCCCCCCCCCCCCC)CCc1ccc(OC)c(OC)c1,-0.01455093720044943
CCCCCCCCCCCCCCOC(=O)CCN(CCC(=O)OCCCCCCCCCCCCCC)CCc1ccc(OC)c(OC)c1,-0.007737562760862333
c1c(OC)c(OC)ccc1CCN(CCC(=O)OCCCCCCCCCCCCCCC)(CCC(=O)OCCCCCCCCCCCCCCC),-0.0009407778541878622
c1c(OC)c(OC)ccc1CCN(CCC(=O)OCCCCCCCCCCCCCCCCCC)(CCC(=O)OCCCCCCCCCCCCCCCCCC),0.018728661804419636
COCCCN(CCC(=O)NCCCCCCCCCCCC)(CCC(=O)NCCCCCCCCCCCC),0.20760564899669132
COCCCN(CCC(=O)NCCCCCCCCCCCCCC)(CCC(=O)NCCCCCCCCCCCCCC),0.21379991070420518
COCCCN(CCC(=O)NCCCCCCCCCCCCCCC)(CCC(=O)NCCCCCCCCCCCCCCC),0.21666909025190814
COCCCN(CCC(=O)NCCCCCCCCCCCCCCCC)(CCC(=O)NCCCCCCCCCCCCCCCC),0.21936088922871452
COCCCN(CCC(=O)NCCCCCCCCCCCCCCCCCC)(CCC(=O)NCCCCCCCCCCCCCCCCCC),0.22413263685915935
COCCCN(CCC(=O)OCCCCCCCCCC)(CCC(=O)OCCCCCCCCCC),0.18028181668788254
CCCCCCCCCCCCOC(=O)CCN(CCCOC)CCC(=O)OCCCCCCCCCCCC,0.18624755634745468
COCCCN(CCC(=O)OCCCCCCCCCCCCC)(CCC(=O)OCCCCCCCCCCCCC),0.18879743584802047
COCCCN(CCC(=O)OCCCCCCCCCCCCCC)(CCC(=O)OCCCCCCCCCCCCCC),0.19103472902839155
COCCCN(CCC(=O)OCCCCCCCCCCCCCCC)(CCC(=O)OCCCCCCCCCCCCCCC),0.19449417584419235
COCCCN(CCC(=O)OCCCCCCCCCCCCCCCCCC)(CCC(=O)OCCCCCCCCCCCCCCCCCC),0.20437059385990786
OCCCN(CCC(=O)NCCCCCCCCCCCC)(CCC(=O)NCCCCCCCCCCCC),0.21615748022765327
OCCCN(CCC(=O)NCCCCCCCCCCCCCC)(CCC(=O)NCCCCCCCCCCCCCC),0.2219656801066891
OCCCN(CCC(=O)NCCCCCCCCCCCCCCC)(CCC(=O)NCCCCCCCCCCCCCCC),0.22450285309049126
OCCCN(CCC(=O)NCCCCCCCCCCCCCCCC)(CCC(=O)NCCCCCCCCCCCCCCCC),0.22684005614026148
OCCCN(CCC(=O)NCCCCCCCCCCCCCCCCCC)(CCC(=O)NCCCCCCCCCCCCCCCCCC),0.23114876688500177
OCCCN(CCC(=O)OCCCCCCCCCC)(CCC(=O)OCCCCCCCCCC),0.18863298708673795
CCCCCCCCCCCCOC(=O)CCN(CCCO)CCC(=O)OCCCCCCCCCCCC,0.1939396250026476
CCCCCCCCCCCCCOC(=O)CCN(CCCO)CCC(=O)OCCCCCCCCCCCCC,0.1962246502282608
OCCCN(CCC(=O)OCCCCCCCCCCCCCC)(CCC(=O)OCCCCCCCCCCCCCC),0.19823318104831641
OCCCN(CCC(=O)OCCCCCCCCCCCCCCCCCC)(CCC(=O)OCCCCCCCCCCCCCCCCCC),0.21101432982353102
CC(O)CN(CCC(=O)NCCCCCCCCCCCC)(CCC(=O)NCCCCCCCCCCCC),0.15576297048393067
CC(O)CN(CCC(=O)NCCCCCCCCCCCCCCC)(CCC(=O)NCCCCCCCCCCCCCCC),0.16684003417762255
CC(O)CN(CCC(=O)NCCCCCCCCCCCCCCCC)(CCC(=O)NCCCCCCCCCCCCCCCC),0.17082704175148788
CC(O)CN(CCC(=O)NCCCCCCCCCCCCCCCCCC)(CCC(=O)NCCCCCCCCCCCCCCCCCC),0.17897200911411645
CC(O)CN(CCC(=O)OCCCCCCCCCC)(CCC(=O)OCCCCCCCCCC),0.12290076403327121
CC(O)CN(CCC(=O)OCCCCCCCCCCCC)(CCC(=O)OCCCCCCCCCCCC),0.1343886116908938
CC(O)CN(CCC(=O)OCCCCCCCCCCCCC)(CCC(=O)OCCCCCCCCCCCCC),0.13948442055738133
CC(O)CN(CCC(=O)OCCCCCCCCCCCCCC)(CCC(=O)OCCCCCCCCCCCCCC),0.14410624330563399
CC(O)CN(CCC(=O)OCCCCCCCCCCCCCCCCCC)(CCC(=O)OCCCCCCCCCCCCCCCCCC),0.15899925722162972
CC(O)CN(CCC(=O)NCCCCCCCCCCCCCC)(CCC(=O)NCCCCCCCCCCCCCC),0.16349216740087263
CC(O)CN(CCC(=O)OCCCCCCCCCCCCCCC)(CCC(=O)OCCCCCCCCCCCCCCC),0.14831708683615227
OCC(O)CN(CCC(=O)NCCCCCCCCCCCC)(CCC(=O)NCCCCCCCCCCCC),0.14053075565234405
OCC(O)CN(CCC(=O)NCCCCCCCCCCCCCC)(CCC(=O)NCCCCCCCCCCCCCC),0.1491872579416107
OCC(O)CN(CCC(=O)NCCCCCCCCCCCCCCC)(CCC(=O)NCCCCCCCCCCCCCCC),0.15305745868229542
OCC(O)CN(CCC(=O)NCCCCCCCCCCCCCCCC)(CCC(=O)NCCCCCCCCCCCCCCCC),0.15658734706266056
OCC(O)CN(CCC(=O)NCCCCCCCCCCCCCCCCCC)(CCC(=O)NCCCCCCCCCCCCCCCCCC),0.16300446845780892
OCC(O)CN(CCC(=O)OCCCCCCCCCC)(CCC(=O)OCCCCCCCCCC),0.10865964248972458
OCC(O)CN(CCC(=O)OCCCCCCCCCCCC)(CCC(=O)OCCCCCCCCCCCC),0.11994101675969981
OCC(O)CN(CCC(=O)OCCCCCCCCCCCCC)(CCC(=O)OCCCCCCCCCCCCC),0.12542942094732754
OCC(O)CN(CCC(=O)OCCCCCCCCCCCCCC)(CCC(=O)OCCCCCCCCCCCCCC),0.13040268552271048
OCC(O)CN(CCC(=O)OCCCCCCCCCCCCCCCCCC)(CCC(=O)OCCCCCCCCCCCCCCCCCC),0.14680816544118588
OCC(CO)N(CCC(=O)NCCCCCCCCCCCCCC)(CCC(=O)NCCCCCCCCCCCCCC),0.0803146027485365
OCC(CO)N(CCC(=O)NCCCCCCCCCCCCCCC)(CCC(=O)NCCCCCCCCCCCCCCC),0.08646655445874166
OCC(CO)N(CCC(=O)NCCCCCCCCCCCCCCCC)(CCC(=O)NCCCCCCCCCCCCCCCC),0.09205525902337593
OCC(CO)N(CCC(=O)NCCCCCCCCCCCCCCCCCC)(CCC(=O)NCCCCCCCCCCCCCCCCCC),0.10193265330810992
OCC(CO)N(CCC(=O)OCCCCCCCCCC)(CCC(=O)OCCCCCCCCCC),0.028657099939296913
OCC(CO)N(CCC(=O)OCCCCCCCCCCCC)(CCC(=O)OCCCCCCCCCCCC),0.04696224917250544
OCC(CO)N(CCC(=O)OCCCCCCCCCCCCC)(CCC(=O)OCCCCCCCCCCCCC),0.0549962072379709
OCC(CO)N(CCC(=O)OCCCCCCCCCCCCCC)(CCC(=O)OCCCCCCCCCCCCCC),0.062268570332356554
OCC(CO)N(CCC(=O)OCCCCCCCCCCCCCCCCCC)(CCC(=O)OCCCCCCCCCCCCCCCCCC),0.0868277139174867
CC(CO)(CO)N(CCC(=O)NCCCCCCCCCCCC)(CCC(=O)NCCCCCCCCCCCC),0.013110789325417791
CC(CO)(CO)N(CCC(=O)NCCCCCCCCCCCCCC)(CCC(=O)NCCCCCCCCCCCCCC),0.028636132684684578
CC(CO)(CO)N(CCC(=O)NCCCCCCCCCCCCCCC)(CCC(=O)NCCCCCCCCCCCCCCC),0.036341163188538264
CC(CO)(CO)N(CCC(=O)NCCCCCCCCCCCCCCCC)(CCC(=O)NCCCCCCCCCCCCCCCC),0.04353314179389442
CC(CO)(CO)N(CCC(=O)NCCCCCCCCCCCCCCCCCC)(CCC(=O)NCCCCCCCCCCCCCCCCCC),0.056546672634554554
CCCCCCCCCCOC(=O)CCN(CCC(=O)OCCCCCCCCCC)C(C)(CO)CO,-0.024327190014868657
CC(CO)(CO)N(CCC(=O)OCCCCCCCCCCCC)(CCC(=O)OCCCCCCCCCCCC),-0.006313441594793652
CC(CO)(CO)N(CCC(=O)OCCCCCCCCCCCCC)(CCC(=O)OCCCCCCCCCCCCC),0.0025761937360865815
CC(CO)(CO)N(CCC(=O)OCCCCCCCCCCCCCC)(CCC(=O)OCCCCCCCCCCCCCC),0.011287051211037541
CC(CO)(CO)N(CCC(=O)OCCCCCCCCCCCCCCC)(CCC(=O)OCCCCCCCCCCCCCCC),0.019516368216863002
CC(CO)(CO)N(CCC(=O)OCCCCCCCCCCCCCCCCCC)(CCC(=O)OCCCCCCCCCCCCCCCCCC),0.04136723640805945
OCCCCN(CCC(=O)NCCCCCCCCCCCC)(CCC(=O)NCCCCCCCCCCCC),0.23765152960235608
OCCCCN(CCC(=O)NCCCCCCCCCCCCCC)(CCC(=O)NCCCCCCCCCCCCCC),0.24133490249195
OCCCCN(CCC(=O)NCCCCCCCCCCCCCCC)(CCC(=O)NCCCCCCCCCCCCCCC),0.24293632913129845
OCCCCN(CCC(=O)NCCCCCCCCCCCCCCCC)(CCC(=O)NCCCCCCCCCCCCCCCC),0.24441154671584217
OCCCCN(CCC(=O)NCCCCCCCCCCCCCCCCCC)(CCC(=O)NCCCCCCCCCCCCCCCCCC),0.24729905008204586
CCCCCCCCCCOC(=O)CCN(CCCCO)CCC(=O)OCCCCCCCCCC,0.21707760626781125
CCCCCCCCCCCCOC(=O)CCN(CCCCO)CCC(=O)OCCCCCCCCCCCC,0.21992137278198695
CCCCCCCCCCCCCOC(=O)CCN(CCCCO)CCC(=O)OCCCCCCCCCCCCC,0.22217358034905577
CCCCCCCCCCCCCCOC(=O)CCN(CCCCO)CCC(=O)OCCCCCCCCCCCCCC,0.22468313242939655
OCCCCN(CCC(=O)OCCCCCCCCCCCCCCC)(CCC(=O)OCCCCCCCCCCCCCCC),0.2269937659423407
OCCCCN(CCC(=O)OCCCCCCCCCCCCCCCCCC)(CCC(=O)OCCCCCCCCCCCCCCCCCC),0.2331911066521436
OCCOCCN(CCC(=O)NCCCCCCCCCCCC)(CCC(=O)NCCCCCCCCCCCC),0.1381018433929299
OCCOCCN(CCC(=O)NCCCCCCCCCCCCCC)(CCC(=O)NCCCCCCCCCCCCCC),0.14648924088213272
OCCOCCN(CCC(=O)NCCCCCCCCCCCCCCC)(CCC(=O)NCCCCCCCCCCCCCCC),0.1501231244422513
OCCOCCN(CCC(=O)NCCCCCCCCCCCCCCCC)(CCC(=O)NCCCCCCCCCCCCCCCC),0.15374991878734331
OCCOCCN(CCC(=O)NCCCCCCCCCCCCCCCCCC)(CCC(=O)NCCCCCCCCCCCCCCCCCC),0.16031191850483445
CCCCCCCCCCOC(=O)CCN(CCOCCO)CCC(=O)OCCCCCCCCCC,0.10769469819185658
CCCCCCCCCCCCOC(=O)CCN(CCOCCO)CCC(=O)OCCCCCCCCCCCC,0.11945770351745758
OCCOCCN(CCC(=O)OCCCCCCCCCCCCC)(CCC(=O)OCCCCCCCCCCCCC),0.12485614076015131
CCCCCCCCCCCCCCOC(=O)CCN(CCOCCO)CCC(=O)OCCCCCCCCCCCCCC,0.12969136089632086
OCCOCCN(CCC(=O)OCCCCCCCCCCCCCCC)(CCC(=O)OCCCCCCCCCCCCCCC),0.13409799893337662
OCCOCCN(CCC(=O)OCCCCCCCCCCCCCCCCCC)(CCC(=O)OCCCCCCCCCCCCCCCCCC),0.14554436266747536
OCCCCCN(CCC(=O)NCCCCCCCCCCCC)(CCC(=O)NCCCCCCCCCCCC),0.26793052823011104
OCCCCCN(CCC(=O)NCCCCCCCCCCCCCC)(CCC(=O)NCCCCCCCCCCCCCC),0.2691494526680181
OCCCCCN(CCC(=O)NCCCCCCCCCCCCCCC)(CCC(=O)NCCCCCCCCCCCCCCC),0.26965191580254594
OCCCCCN(CCC(=O)NCCCCCCCCCCCCCCCC)(CCC(=O)NCCCCCCCCCCCCCCCC),0.27013224015963927
OCCCCCN(CCC(=O)NCCCCCCCCCCCCCCCCCC)(CCC(=O)NCCCCCCCCCCCCCCCCCC),0.27104446593050924
OCCCCCN(CCC(=O)OCCCCCCCCCC)(CCC(=O)OCCCCCCCCCC),0.2476317926025914
CCCCCCCCCCCCOC(=O)CCN(CCCCCO)CCC(=O)OCCCCCCCCCCCC,0.2500266255634988
OCCCCCN(CCC(=O)OCCCCCCCCCCCCC)(CCC(=O)OCCCCCCCCCCCCC),0.2515330537175872
OCCCCCN(CCC(=O)OCCCCCCCCCCCCCC)(CCC(=O)OCCCCCCCCCCCCCC),0.25283182194168274
OCCCCCN(CCC(=O)OCCCCCCCCCCCCCCC)(CCC(=O)OCCCCCCCCCCCCCCC),0.25400511706761825
OCCCCCN(CCC(=O)OCCCCCCCCCCCCCCCCCC)(CCC(=O)OCCCCCCCCCCCCCCCCCC),0.25690580757533316
OCC(C)(C)CN(CCC(=O)NCCCCCCCCCCCC)(CCC(=O)NCCCCCCCCCCCC),0.11105818527290223
OCC(C)(C)CN(CCC(=O)NCCCCCCCCCCCCCC)(CCC(=O)NCCCCCCCCCCCCCC),0.1214889889154055
OCC(C)(C)CN(CCC(=O)NCCCCCCCCCCCCCCC)(CCC(=O)NCCCCCCCCCCCCCCC),0.1260767173456281
OCC(C)(C)CN(CCC(=O)NCCCCCCCCCCCCCCCC)(CCC(=O)NCCCCCCCCCCCCCCCC),0.13040735659447583
OCC(C)(C)CN(CCC(=O)NCCCCCCCCCCCCCCCCCC)(CCC(=O)NCCCCCCCCCCCCCCCCCC),0.13805801642376175
CCCCCCCCCCOC(=O)CCN(CCC(=O)OCCCCCCCCCC)CC(C)(C)CO,0.07624338070718455
CCCCCCCCCCCCOC(=O)CCN(CCC(=O)OCCCCCCCCCCCC)CC(C)(C)CO,0.09044271793674014
OCC(C)(C)CN(CCC(=O)OCCCCCCCCCCCCC)(CCC(=O)OCCCCCCCCCCCCC),0.09677685646531749
OCC(C)(C)CN(CCC(=O)OCCCCCCCCCCCCCC)(CCC(=O)OCCCCCCCCCCCCCC),0.10254795812165098
OCC(C)(C)CN(CCC(=O)OCCCCCCCCCCCCCCC)(CCC(=O)OCCCCCCCCCCCCCCC),0.10786118960831624
OCC(CO)(CC)N(CCC(=O)NCCCCCCCCCCCC)(CCC(=O)NCCCCCCCCCCCC),0.00035277108553963786
OCC(CO)(CC)N(CCC(=O)NCCCCCCCCCCCCCC)(CCC(=O)NCCCCCCCCCCCCCC),0.015089438803746157
OCC(CO)(CC)N(CCC(=O)NCCCCCCCCCCCCCCC)(CCC(=O)NCCCCCCCCCCCCCCC),0.022827091712340517
OCC(CO)(CC)N(CCC(=O)NCCCCCCCCCCCCCCCC)(CCC(=O)NCCCCCCCCCCCCCCCC),0.03000517725858749
OCC(CO)(CC)N(CCC(=O)NCCCCCCCCCCCCCCCCCC)(CCC(=O)NCCCCCCCCCCCCCCCCCC),0.043686506146936324
OCC(CO)(CC)N(CCC(=O)OCCCCCCCCCC)(CCC(=O)OCCCCCCCCCC),-0.03647123313838334
OCC(CO)(CC)N(CCC(=O)OCCCCCCCCCCCC)(CCC(=O)OCCCCCCCCCCCC),-0.018277814139459267
OCC(CO)(CC)N(CCC(=O)OCCCCCCCCCCCCC)(CCC(=O)OCCCCCCCCCCCCC),-0.010137186949721988
OCC(CO)(CC)N(CCC(=O)OCCCCCCCCCCCCCC)(CCC(=O)OCCCCCCCCCCCCCC),-0.0017222136156278978
OCC(CO)(CC)N(CCC(=O)OCCCCCCCCCCCCCCC)(CCC(=O)OCCCCCCCCCCCCCCC),0.0067101518571584355
OCC(CO)(CC)N(CCC(=O)OCCCCCCCCCCCCCCCCCC)(CCC(=O)OCCCCCCCCCCCCCCCCCC),0.028744198155268904
OCCCCCCN(CCC(=O)NCCCCCCCCCCCC)(CCC(=O)NCCCCCCCCCCCC),0.2715130149812873
OCCCCCCN(CCC(=O)NCCCCCCCCCCCCCC)(CCC(=O)NCCCCCCCCCCCCCC),0.27239826568820047
OCCCCCCN(CCC(=O)NCCCCCCCCCCCCCCC)(CCC(=O)NCCCCCCCCCCCCCCC),0.27279562219824616
OCCCCCCN(CCC(=O)NCCCCCCCCCCCCCCCC)(CCC(=O)NCCCCCCCCCCCCCCCC),0.27317080989181064
OCCCCCCN(CCC(=O)NCCCCCCCCCCCCCCCCCC)(CCC(=O)NCCCCCCCCCCCCCCCCCC),0.27384933187917926
CCCCCCCCCCOC(=O)CCN(CCCCCCO)CCC(=O)OCCCCCCCCCC,0.25075930795210816
OCCCCCCN(CCC(=O)OCCCCCCCCCCCC)(CCC(=O)OCCCCCCCCCCCC),0.2540839395262182
OCCCCCCN(CCC(=O)OCCCCCCCCCCCCC)(CCC(=O)OCCCCCCCCCCCCC),0.25530902196870336
CCCCCCCCCCCCCCOC(=O)CCN(CCCCCCO)CCC(=O)OCCCCCCCCCCCCCC,0.25638565144228576
OCCCCCCN(CCC(=O)OCCCCCCCCCCCCCCCCCC)(CCC(=O)OCCCCCCCCCCCCCCCCCC),0.25983287236607044
C1CC(O)CCC1N(CCC(=O)NCCCCCCCCCCCC)(CCC(=O)NCCCCCCCCCCCC),-0.026813229031387366
C1CC(O)CCC1N(CCC(=O)NCCCCCCCCCCCCCC)(CCC(=O)NCCCCCCCCCCCCCC),-0.01215402403555648
C1CC(O)CCC1N(CCC(=O)NCCCCCCCCCCCCCCC)(CCC(=O)NCCCCCCCCCCCCCCC),-0.0046918437355710245
C1CC(O)CCC1N(CCC(=O)NCCCCCCCCCCCCCCCC)(CCC(=O)NCCCCCCCCCCCCCCCC),0.0020809700118188633
C1CC(O)CCC1N(CCC(=O)NCCCCCCCCCCCCCCCCCC)(CCC(=O)NCCCCCCCCCCCCCCCCCC),0.01551280912825357
C1CC(O)CCC1N(CCC(=O)OCCCCCCCCCC)(CCC(=O)OCCCCCCCCCC),-0.06121801562886581
C1CC(O)CCC1N(CCC(=O)OCCCCCCCCCCCC)(CCC(=O)OCCCCCCCCCCCC),-0.04439745616277842
C1CC(O)CCC1N(CCC(=O)OCCCCCCCCCCCCC)(CCC(=O)OCCCCCCCCCCCCC),-0.036599034262664365
C1CC(O)CCC1N(CCC(=O)OCCCCCCCCCCCCCC)(CCC(=O)OCCCCCCCCCCCCCC),-0.029121399342500263
C1CC(O)CCC1N(CCC(=O)OCCCCCCCCCCCCCCCCCC)(CCC(=O)OCCCCCCCCCCCCCCCCCC),0.001070276245792437
CN(CCC(=O)NCCCCCCCCCCCC)CCN(CCC(=O)NCCCCCCCCCCCC)C,0.26993686619975593
CN(CCC(=O)NCCCCCCCCCCCCCC)CCN(CCC(=O)NCCCCCCCCCCCCCC)C,0.27138249532327796
CN(CCC(=O)NCCCCCCCCCCCCCCC)CCN(CCC(=O)NCCCCCCCCCCCCCCC)C,0.2720269530316632
CN(CCC(=O)NCCCCCCCCCCCCCCCC)CCN(CCC(=O)NCCCCCCCCCCCCCCCC)C,0.27261776100260204
CN(CCC(=O)NCCCCCCCCCCCCCCCCCC)CCN(CCC(=O)NCCCCCCCCCCCCCCCCCC)C,0.2736435644091299
CN(CCC(=O)OCCCCCCCCCC)CCN(CCC(=O)OCCCCCCCCCC)C,0.24767941951116998
CN(CCC(=O)OCCCCCCCCCCCC)CCN(CCC(=O)OCCCCCCCCCCCC)C,0.250802413984155
CCCCCCCCCCCCCOC(=O)CCN(C)CCN(C)CCC(=O)OCCCCCCCCCCCCC,0.25238886615871226
CCCCCCCCCCCCCCOC(=O)CCN(C)CCN(C)CCC(=O)OCCCCCCCCCCCCCC,0.2538767902600196
CN(CCC(=O)OCCCCCCCCCCCCCCC)CCN(CCC(=O)OCCCCCCCCCCCCCCC)C,0.2552411337231104
CN(CCC(=O)OCCCCCCCCCCCCCCCCCC)CCN(CCC(=O)OCCCCCCCCCCCCCCCCCC)C,0.2587142783442167
CCN(CCC(=O)NCCCCCCCCCCCC)CCN(CCC(=O)NCCCCCCCCCCCC)CC,0.2496047271522808
CCN(CCC(=O)NCCCCCCCCCCCCCC)CCN(CCC(=O)NCCCCCCCCCCCCCC)CC,0.2524432067942333
CCN(CCC(=O)NCCCCCCCCCCCCCCC)CCN(CCC(=O)NCCCCCCCCCCCCCCC)CC,0.25381971607124676
CCN(CCC(=O)NCCCCCCCCCCCCCCCC)CCN(CCC(=O)NCCCCCCCCCCCCCCCC)CC,0.25509838817308494
CCN(CCC(=O)NCCCCCCCCCCCCCCCCCC)CCN(CCC(=O)NCCCCCCCCCCCCCCCCCC)CC,0.25738475013627726
CCCCCCCCCCOC(=O)CCN(CC)CCN(CC)CCC(=O)OCCCCCCCCCC,0.2267338380710506
CCCCCCCCCCCCOC(=O)CCN(CC)CCN(CC)CCC(=O)OCCCCCCCCCCCC,0.2312206202847621
CCN(CCC(=O)OCCCCCCCCCCCCC)CCN(CCC(=O)OCCCCCCCCCCCCC)CC,0.23343467826249328
CCN(CCC(=O)OCCCCCCCCCCCCCC)CCN(CCC(=O)OCCCCCCCCCCCCCC)CC,0.2355045187769096
CCN(CCC(=O)OCCCCCCCCCCCCCCC)CCN(CCC(=O)OCCCCCCCCCCCCCCC)CC,0.2375912262160606
CCN(CCC(=O)OCCCCCCCCCCCCCCCCCC)CCN(CCC(=O)OCCCCCCCCCCCCCCCCCC)CC,0.2429141302757705
CC(C)N(CCC(=O)NCCCCCCCCCCCC)CCN(CCC(=O)NCCCCCCCCCCCC)C(C)C,0.14569165913307933
CC(C)N(CCC(=O)NCCCCCCCCCCCCCC)CCN(CCC(=O)NCCCCCCCCCCCCCC)C(C)C,0.15289249925721862
CC(C)N(CCC(=O)NCCCCCCCCCCCCCCC)CCN(CCC(=O)NCCCCCCCCCCCCCCC)C(C)C,0.1560537184171581
CC(C)N(CCC(=O)NCCCCCCCCCCCCCCCC)CCN(CCC(=O)NCCCCCCCCCCCCCCCC)C(C)C,0.1589718465914954
CC(C)N(CCC(=O)NCCCCCCCCCCCCCCCCCC)CCN(CCC(=O)NCCCCCCCCCCCCCCCCCC)C(C)C,0.16455343190205646
CC(C)N(CCC(=O)OCCCCCCCCCC)CCN(CCC(=O)OCCCCCCCCCC)C(C)C,0.11911971918325898
CCCCCCCCCCCCOC(=O)CCN(CCN(CCC(=O)OCCCCCCCCCCCC)C(C)C)C(C)C,0.12900705639245813
CCCCCCCCCCCCCOC(=O)CCN(CCN(CCC(=O)OCCCCCCCCCCCCC)C(C)C)C(C)C,0.1334392876973215
CCCCCCCCCCCCCCOC(=O)CCN(CCN(CCC(=O)OCCCCCCCCCCCCCC)C(C)C)C(C)C,0.13755573352351422
CC(C)N(CCC(=O)OCCCCCCCCCCCCCCC)CCN(CCC(=O)OCCCCCCCCCCCCCCC)C(C)C,0.14133045515419138
CC(C)N(CCC(=O)OCCCCCCCCCCCCCCCCCC)CCN(CCC(=O)OCCCCCCCCCCCCCCCCCC)C(C)C,0.15137971784474838
CN(CCC(=O)NCCCCCCCCCCCC)CCCN(CCC(=O)NCCCCCCCCCCCC)C,0.26444999400351105
CN(CCC(=O)NCCCCCCCCCCCCCC)CCCN(CCC(=O)NCCCCCCCCCCCCCC)C,0.26635687268945757
CN(CCC(=O)NCCCCCCCCCCCCCCC)CCCN(CCC(=O)NCCCCCCCCCCCCCCC)C,0.2672014505271084
CN(CCC(=O)NCCCCCCCCCCCCCCCC)CCCN(CCC(=O)NCCCCCCCCCCCCCCCC)C,0.2679771187915777
CN(CCC(=O)NCCCCCCCCCCCCCCCCCC)CCCN(CCC(=O)NCCCCCCCCCCCCCCCCCC)C,0.2692987767692758
CN(CCC(=O)OCCCCCCCCCC)CCCN(CCC(=O)OCCCCCCCCCC)C,0.24288098218771217
CN(CCC(=O)OCCCCCCCCCCCC)CCCN(CCC(=O)OCCCCCCCCCCCC)C,0.24567558980192647
CN(CCC(=O)OCCCCCCCCCCCCC)CCCN(CCC(=O)OCCCCCCCCCCCCC)C,0.2477549977527239
CN(CCC(=O)OCCCCCCCCCCCCCC)CCCN(CCC(=O)OCCCCCCCCCCCCCC)C,0.24943068091557044
CN(CCC(=O)OCCCCCCCCCCCCCCC)CCCN(CCC(=O)OCCCCCCCCCCCCCCC)C,0.2509626122203263
CN(CCC(=O)OCCCCCCCCCCCCCCCCCC)CCCN(CCC(=O)OCCCCCCCCCCCCCCCCCC)C,0.25478823501567477
CCN(CCC(=O)NCCCCCCCCCCCC)CCCN(CCC(=O)NCCCCCCCCCCCC)CC,0.2696278845651679
CCN(CCC(=O)NCCCCCCCCCCCCCC)CCCN(CCC(=O)NCCCCCCCCCCCCCC)CC,0.27067928123950336
CCN(CCC(=O)NCCCCCCCCCCCCCCC)CCCN(CCC(=O)NCCCCCCCCCCCCCCC)CC,0.27121091228839883
CCN(CCC(=O)NCCCCCCCCCCCCCCCC)CCCN(CCC(=O)NCCCCCCCCCCCCCCCC)CC,0.27176984883076505
CCN(CCC(=O)OCCCCCCCCCC)CCCN(CCC(=O)OCCCCCCCCCC)CC,0.24774684215153872
CCN(CCC(=O)OCCCCCCCCCCCC)CCCN(CCC(=O)OCCCCCCCCCCCC)CC,0.2511669077770862
CCCCCCCCCCCCCOC(=O)CCN(CC)CCCN(CC)CCC(=O)OCCCCCCCCCCCCC,0.2524971869611937
CCCCCCCCCCCCCCOC(=O)CCN(CC)CCCN(CC)CCC(=O)OCCCCCCCCCCCCCC,0.25372605432356593
CCN(CCC(=O)OCCCCCCCCCCCCCCC)CCCN(CCC(=O)OCCCCCCCCCCCCCCC)CC,0.25490259366654744
CCN(CCC(=O)OCCCCCCCCCCCCCCCCCC)CCCN(CCC(=O)OCCCCCCCCCCCCCCCCCC)CC,0.2581861318247411
O1CCOC1CCN(CCC(=O)NCCCCCCCCCCCC)(CCC(=O)NCCCCCCCCCCCC),-0.30073016422398396
O1CCOC1CCN(CCC(=O)NCCCCCCCCCCCCCC)(CCC(=O)NCCCCCCCCCCCCCC),-0.2650337136369599
O1CCOC1CCN(CCC(=O)NCCCCCCCCCCCCCCC)(CCC(=O)NCCCCCCCCCCCCCCC),-0.24709212698623417
O1CCOC1CCN(CCC(=O)NCCCCCCCCCCCCCCCC)(CCC(=O)NCCCCCCCCCCCCCCCC),-0.2309885545068436
O1CCOC1CCN(CCC(=O)NCCCCCCCCCCCCCCCCCC)(CCC(=O)NCCCCCCCCCCCCCCCCCC),-0.20024249376112327
CCCCCCCCCCOC(=O)CCN(CCC(=O)OCCCCCCCCCC)CCC1OCCO1,-0.366393718016643
O1CCOC1CCN(CCC(=O)OCCCCCCCCCCCC)(CCC(=O)OCCCCCCCCCCCC),-0.3186245445127852
CCCCCCCCCCCCCOC(=O)CCN(CCC(=O)OCCCCCCCCCCCCC)CCC1OCCO1,-0.29929309622877787
CCCCCCCCCCCCCCOC(=O)CCN(CCC(=O)OCCCCCCCCCCCCCC)CCC1OCCO1,-0.28185425808352393
O1CCOC1CCN(CCC(=O)OCCCCCCCCCCCCCCC)(CCC(=O)OCCCCCCCCCCCCCCC),-0.26373227193770604
O1CCOC1CCN(CCC(=O)OCCCCCCCCCCCCCCCCCC)(CCC(=O)OCCCCCCCCCCCCCCCCCC),-0.21529180083721636
C1N(CCC(=O)NCCCCCCCCCCCC)CCCN(CCC(=O)NCCCCCCCCCCCC)C1,0.19070336830399526
C1N(CCC(=O)NCCCCCCCCCCCCCC)CCCN(CCC(=O)NCCCCCCCCCCCCCC)C1,0.19793085306257743
C1N(CCC(=O)NCCCCCCCCCCCCCCC)CCCN(CCC(=O)NCCCCCCCCCCCCCCC)C1,0.2012457519855494
C1N(CCC(=O)NCCCCCCCCCCCCCCCC)CCCN(CCC(=O)NCCCCCCCCCCCCCCCC)C1,0.2042610264369874
C1N(CCC(=O)OCCCCCCCCCC)CCCN(CCC(=O)OCCCCCCCCCC)C1,0.16299930174177263
C1N(CCC(=O)OCCCCCCCCCCCC)CCCN(CCC(=O)OCCCCCCCCCCCC)C1,0.16904814442410268
C1N(CCC(=O)OCCCCCCCCCCCCC)CCCN(CCC(=O)OCCCCCCCCCCCCC)C1,0.17195544352209655
C1N(CCC(=O)OCCCCCCCCCCCCCC)CCCN(CCC(=O)OCCCCCCCCCCCCCC)C1,0.17618010501410722
C1N(CCC(=O)OCCCCCCCCCCCCCCCCCC)CCCN(CCC(=O)OCCCCCCCCCCCCCCCCCC)C1,0.19094207358877588
CCN(CC)CCN(CCC(=O)NCCCCCCCCCCCC)(CCC(=O)NCCCCCCCCCCCC),0.2672535382341253
CCN(CC)CCN(CCC(=O)NCCCCCCCCCCCCCC)(CCC(=O)NCCCCCCCCCCCCCC),0.26868471857617376
CCN(CC)CCN(CCC(=O)NCCCCCCCCCCCCCCC)(CCC(=O)NCCCCCCCCCCCCCCC),0.26931082242701154
CCN(CC)CCN(CCC(=O)NCCCCCCCCCCCCCCCC)(CCC(=O)NCCCCCCCCCCCCCCCC),0.2699828259412414
CCN(CC)CCN(CCC(=O)OCCCCCCCCCC)(CCC(=O)OCCCCCCCCCC),0.2506551625771211
CCN(CC)CCN(CCC(=O)OCCCCCCCCCCCC)(CCC(=O)OCCCCCCCCCCCC),0.25389703657751056
CCN(CC)CCN(CCC(=O)OCCCCCCCCCCCCC)(CCC(=O)OCCCCCCCCCCCCC),0.2551824073867679
CCN(CC)CCN(CCC(=O)OCCCCCCCCCCCCCC)(CCC(=O)OCCCCCCCCCCCCCC),0.2564057175254964
CCN(CC)CCN(CCC(=O)OCCCCCCCCCCCCCCC)(CCC(=O)OCCCCCCCCCCCCCCC),0.25752133768172464
CCN(CC)CCN(CCC(=O)OCCCCCCCCCCCCCCCCCC)(CCC(=O)OCCCCCCCCCCCCCCCCCC),0.2605901567339456
C1CCCN1CCN(CCC(=O)NCCCCCCCCCCCC)(CCC(=O)NCCCCCCCCCCCC),0.27380838865849644
C1CCCN1CCN(CCC(=O)NCCCCCCCCCCCCCC)(CCC(=O)NCCCCCCCCCCCCCC),0.2744640509313092
C1CCCN1CCN(CCC(=O)NCCCCCCCCCCCCCCC)(CCC(=O)NCCCCCCCCCCCCCCC),0.274765042179469
C1CCCN1CCN(CCC(=O)NCCCCCCCCCCCCCCCC)(CCC(=O)NCCCCCCCCCCCCCCCC),0.2750581031192941
C1CCCN1CCN(CCC(=O)NCCCCCCCCCCCCCCCCCC)(CCC(=O)NCCCCCCCCCCCCCCCCCC),0.275594660571852
CCCCCCCCCCOC(=O)CCN(CCC(=O)OCCCCCCCCCC)CCN1CCCC1,0.2567862521693775
CCCCCCCCCCCCOC(=O)CCN(CCC(=O)OCCCCCCCCCCCC)CCN1CCCC1,0.25911169493235586
CCCCCCCCCCCCCOC(=O)CCN(CCC(=O)OCCCCCCCCCCCCC)CCN1CCCC1,0.26011115409490804
CCCCCCCCCCCCCCOC(=O)CCN(CCC(=O)OCCCCCCCCCCCCCC)CCN1CCCC1,0.2610236201781518
C1CCCN1CCN(CCC(=O)OCCCCCCCCCCCCCCC)(CCC(=O)OCCCCCCCCCCCCCCC),0.2618599973560473
C1CCCN1CCN(CCC(=O)OCCCCCCCCCCCCCCCCCC)(CCC(=O)OCCCCCCCCCCCCCCCCCC),0.26400289283209283
N1(C)CCCC1CCN(CCC(=O)NCCCCCCCCCCCC)(CCC(=O)NCCCCCCCCCCCC),0.20069455049771423
N1(C)CCCC1CCN(CCC(=O)NCCCCCCCCCCCCCC)(CCC(=O)NCCCCCCCCCCCCCC),0.20702831353820755
N1(C)CCCC1CCN(CCC(=O)NCCCCCCCCCCCCCCC)(CCC(=O)NCCCCCCCCCCCCCCC),0.2098366189577273
N1(C)CCCC1CCN(CCC(=O)NCCCCCCCCCCCCCCCC)(CCC(=O)NCCCCCCCCCCCCCCCC),0.2124533803958208
N1(C)CCCC1CCN(CCC(=O)NCCCCCCCCCCCCCCCCCC)(CCC(=O)NCCCCCCCCCCCCCCCCCC),0.2171745723106316
N1(C)CCCC1CCN(CCC(=O)OCCCCCCCCCC)(CCC(=O)OCCCCCCCCCC),0.18057582385767934
N1(C)CCCC1CCN(CCC(=O)OCCCCCCCCCCCC)(CCC(=O)OCCCCCCCCCCCC),0.18580868587483845
N1(C)CCCC1CCN(CCC(=O)OCCCCCCCCCCCCC)(CCC(=O)OCCCCCCCCCCCCC),0.18809869758220757
N1(C)CCCC1CCN(CCC(=O)OCCCCCCCCCCCCCCC)(CCC(=O)OCCCCCCCCCCCCCCC),0.1933556809538849
N1(C)CCCC1CCN(CCC(=O)OCCCCCCCCCCCCCCCCCC)(CCC(=O)OCCCCCCCCCCCCCCCCCC),0.20229199696337194
CN(C)CC(C)N(CCC(=O)NCCCCCCCCCCCC)(CCC(=O)NCCCCCCCCCCCC),0.17263833619076333
CN(C)CC(C)N(CCC(=O)NCCCCCCCCCCCCCC)(CCC(=O)NCCCCCCCCCCCCCC),0.17854315666358217
CN(C)CC(C)N(CCC(=O)NCCCCCCCCCCCCCCC)(CCC(=O)NCCCCCCCCCCCCCCC),0.18109066307945687
CN(C)CC(C)N(CCC(=O)NCCCCCCCCCCCCCCCC)(CCC(=O)NCCCCCCCCCCCCCCCC),0.18491341714584336
CN(C)CC(C)N(CCC(=O)NCCCCCCCCCCCCCCCCCC)(CCC(=O)NCCCCCCCCCCCCCCCCCC),0.19168457874566353
CN(C)CC(C)N(CCC(=O)OCCCCCCCCCC)(CCC(=O)OCCCCCCCCCC),0.1417652703555001
CN(C)CC(C)N(CCC(=O)OCCCCCCCCCCCC)(CCC(=O)OCCCCCCCCCCCC),0.15083526012290244
CN(C)CC(C)N(CCC(=O)OCCCCCCCCCCCCC)(CCC(=O)OCCCCCCCCCCCCC),0.1550240850321731
CN(C)CC(C)N(CCC(=O)OCCCCCCCCCCCCCC)(CCC(=O)OCCCCCCCCCCCCCC),0.15883339662515125
CN(C)CC(C)N(CCC(=O)OCCCCCCCCCCCCCCC)(CCC(=O)OCCCCCCCCCCCCCCC),0.1622792958308802
C1OC(C)(C)OC1CN(CCC(=O)NCCCCCCCCCCCC)(CCC(=O)NCCCCCCCCCCCC),-0.40782840754288613
C1OC(C)(C)OC1CN(CCC(=O)NCCCCCCCCCCCCCC)(CCC(=O)NCCCCCCCCCCCCCC),-0.3621717600388374
C1OC(C)(C)OC1CN(CCC(=O)NCCCCCCCCCCCCCCC)(CCC(=O)NCCCCCCCCCCCCCCC),-0.3392403422784612
C1OC(C)(C)OC1CN(CCC(=O)NCCCCCCCCCCCCCCCC)(CCC(=O)NCCCCCCCCCCCCCCCC),-0.32025578490600576
C1OC(C)(C)OC1CN(CCC(=O)NCCCCCCCCCCCCCCCCCC)(CCC(=O)NCCCCCCCCCCCCCCCCCC),-0.292092105909405
CCCCCCCCCCOC(=O)CCN(CCC(=O)OCCCCCCCCCC)CC1COC(C)(C)O1,-0.46962927035654106
CCCCCCCCCCCCOC(=O)CCN(CCC(=O)OCCCCCCCCCCCC)CC1COC(C)(C)O1,-0.4252909164569575
C1OC(C)(C)OC1CN(CCC(=O)OCCCCCCCCCCCCC)(CCC(=O)OCCCCCCCCCCCCC),-0.40087722193605785
C1OC(C)(C)OC1CN(CCC(=O)OCCCCCCCCCCCCCC)(CCC(=O)OCCCCCCCCCCCCCC),-0.37838918050530634
C1OC(C)(C)OC1CN(CCC(=O)OCCCCCCCCCCCCCCC)(CCC(=O)OCCCCCCCCCCCCCCC),-0.3550530767074842
C1OC(C)(C)OC1CN(CCC(=O)OCCCCCCCCCCCCCCCCCC)(CCC(=O)OCCCCCCCCCCCCCCCCCC),-0.30378258195669444
CN(C)CCCN(CCC(=O)NCCCCCCCCCCCC)(CCC(=O)NCCCCCCCCCCCC),0.251372735325229
CN(C)CCCN(CCC(=O)NCCCCCCCCCCCCCC)(CCC(=O)NCCCCCCCCCCCCCC),0.25445804581410064
CN(C)CCCN(CCC(=O)NCCCCCCCCCCCCCCC)(CCC(=O)NCCCCCCCCCCCCCCC),0.25580917209663356
CN(C)CCCN(CCC(=O)NCCCCCCCCCCCCCCCC)(CCC(=O)NCCCCCCCCCCCCCCCC),0.25703461500767943
CN(C)CCCN(CCC(=O)NCCCCCCCCCCCCCCCCCC)(CCC(=O)NCCCCCCCCCCCCCCCCCC),0.259161259359448
CN(C)CCCN(CCC(=O)OCCCCCCCCCC)(CCC(=O)OCCCCCCCCCC),0.2318806982974431
CN(C)CCCN(CCC(=O)OCCCCCCCCCCCC)(CCC(=O)OCCCCCCCCCCCC),0.23375325737250913
CN(C)CCCN(CCC(=O)OCCCCCCCCCCCCC)(CCC(=O)OCCCCCCCCCCCCC),0.2363793008760399
CN(C)CCCN(CCC(=O)OCCCCCCCCCCCCCCC)(CCC(=O)OCCCCCCCCCCCCCCC),0.24076648863034283
CN(C)CCCN(CCC(=O)OCCCCCCCCCCCCCCCCCC)(CCC(=O)OCCCCCCCCCCCCCCCCCC),0.24571162163847013
CCN(CC)CCCN(CCC(=O)NCCCCCCCCCCCC)(CCC(=O)NCCCCCCCCCCCC),0.2758531165298527
CCN(CC)CCCN(CCC(=O)NCCCCCCCCCCCCCC)(CCC(=O)NCCCCCCCCCCCCCC),0.2764013892106324
CCN(CC)CCCN(CCC(=O)NCCCCCCCCCCCCCCC)(CCC(=O)NCCCCCCCCCCCCCCC),0.27669991725696097
CCN(CC)CCCN(CCC(=O)NCCCCCCCCCCCCCCCC)(CCC(=O)NCCCCCCCCCCCCCCCC),0.27697609625252795
CCN(CC)CCCN(CCC(=O)NCCCCCCCCCCCCCCCCCC)(CCC(=O)NCCCCCCCCCCCCCCCCCC),0.2776389979356009
CCN(CC)CCCN(CCC(=O)OCCCCCCCCCC)(CCC(=O)OCCCCCCCCCC),0.2569708721505342
CCN(CC)CCCN(CCC(=O)OCCCCCCCCCCCC)(CCC(=O)OCCCCCCCCCCCC),0.2596077897889785
CCN(CC)CCCN(CCC(=O)OCCCCCCCCCCCCC)(CCC(=O)OCCCCCCCCCCCCC),0.2605909978272538
CCN(CC)CCCN(CCC(=O)OCCCCCCCCCCCCCC)(CCC(=O)OCCCCCCCCCCCCCC),0.26149445219648076
CCN(CC)CCCN(CCC(=O)OCCCCCCCCCCCCCCC)(CCC(=O)OCCCCCCCCCCCCCCC),0.26238664192318684
CCN(CC)CCCN(CCC(=O)OCCCCCCCCCCCCCCCCCC)(CCC(=O)OCCCCCCCCCCCCCCCCCC),0.26479856710167937
C1CCCCN1CCN(CCC(=O)NCCCCCCCCCCCCCC)(CCC(=O)NCCCCCCCCCCCCCC),0.2672966142271254
C1CCCCN1CCN(CCC(=O)NCCCCCCCCCCCCCCC)(CCC(=O)NCCCCCCCCCCCCCCC),0.26788423805911166
C1CCCCN1CCN(CCC(=O)NCCCCCCCCCCCCCCCC)(CCC(=O)NCCCCCCCCCCCCCCCC),0.26844011061871215
C1CCCCN1CCN(CCC(=O)NCCCCCCCCCCCCCCCCCC)(CCC(=O)NCCCCCCCCCCCCCCCCCC),0.2695233486825735
CCCCCCCCCCOC(=O)CCN(CCC(=O)OCCCCCCCCCC)CCN1CCCCC1,0.24869904989359634
C1CCCCN1CCN(CCC(=O)OCCCCCCCCCCCC)(CCC(=O)OCCCCCCCCCCCC),0.25156375362333766
C1CCCCN1CCN(CCC(=O)OCCCCCCCCCCCCC)(CCC(=O)OCCCCCCCCCCCCC),0.2528764900041592
C1CCCCN1CCN(CCC(=O)OCCCCCCCCCCCCCC)(CCC(=O)OCCCCCCCCCCCCCC),0.2540774210530794
C1CCCCN1CCN(CCC(=O)OCCCCCCCCCCCCCCC)(CCC(=O)OCCCCCCCCCCCCCCC),0.25518021453635714
C1CCCCN1CCN(CCC(=O)OCCCCCCCCCCCCCCCCCC)(CCC(=O)OCCCCCCCCCCCCCCCCCC),0.25807294469669056
OCCN(CCO)CCN(CCC(=O)NCCCCCCCCCCCC)(CCC(=O)NCCCCCCCCCCCC),0.12942649160184488
OCCN(CCO)CCN(CCC(=O)NCCCCCCCCCCCCCC)(CCC(=O)NCCCCCCCCCCCCCC),0.13802719636182442
OCCN(CCO)CCN(CCC(=O)NCCCCCCCCCCCCCCC)(CCC(=O)NCCCCCCCCCCCCCCC),0.1417473821031768
OCCN(CCO)CCN(CCC(=O)NCCCCCCCCCCCCCCCC)(CCC(=O)NCCCCCCCCCCCCCCCC),0.14531557026811318
OCCN(CCO)CCN(CCC(=O)NCCCCCCCCCCCCCCCCCC)(CCC(=O)NCCCCCCCCCCCCCCCCCC),0.1517822560903537
OCCN(CCO)CCN(CCC(=O)OCCCCCCCCCC)(CCC(=O)OCCCCCCCCCC),0.10962449667045242
OCCN(CCO)CCN(CCC(=O)OCCCCCCCCCCCC)(CCC(=O)OCCCCCCCCCCCC),0.12002883591279315
CCCCCCCCCCCCCOC(=O)CCN(CCC(=O)OCCCCCCCCCCCCC)CCN(CCO)CCO,0.12495175504586914
CCCCCCCCCCCCCCOC(=O)CCN(CCC(=O)OCCCCCCCCCCCCCC)CCN(CCO)CCO,0.129554337784696
OCCN(CCO)CCN(CCC(=O)OCCCCCCCCCCCCCCC)(CCC(=O)OCCCCCCCCCCCCCCC),0.13379320774580641
OCCN(CCO)CCN(CCC(=O)OCCCCCCCCCCCCCCCCCC)(CCC(=O)OCCCCCCCCCCCCCCCCCC),0.1444434916831879
OCCN(CCO)CCCN(CCC(=O)NCCCCCCCCCCCC)(CCC(=O)NCCCCCCCCCCCC),0.14100397577488752
OCCN(CCO)CCCN(CCC(=O)NCCCCCCCCCCCCCC)(CCC(=O)NCCCCCCCCCCCCCC),0.14858234663823564
OCCN(CCO)CCCN(CCC(=O)NCCCCCCCCCCCCCCC)(CCC(=O)NCCCCCCCCCCCCCCC),0.1518932053094234
OCCN(CCO)CCCN(CCC(=O)NCCCCCCCCCCCCCCCC)(CCC(=O)NCCCCCCCCCCCCCCCC),0.15513333704510296
OCCN(CCO)CCCN(CCC(=O)NCCCCCCCCCCCCCCCCCC)(CCC(=O)NCCCCCCCCCCCCCCCCCC),0.16103575439418402
OCCN(CCO)CCCN(CCC(=O)OCCCCCCCCCC)(CCC(=O)OCCCCCCCCCC),0.11949959296811215
OCCN(CCO)CCCN(CCC(=O)OCCCCCCCCCCCC)(CCC(=O)OCCCCCCCCCCCC),0.1295132744078263
OCCN(CCO)CCCN(CCC(=O)OCCCCCCCCCCCCC)(CCC(=O)OCCCCCCCCCCCCC),0.1340047877713966
OCCN(CCO)CCCN(CCC(=O)OCCCCCCCCCCCCCC)(CCC(=O)OCCCCCCCCCCCCCC),0.13814783317346213
OCCN(CCO)CCCN(CCC(=O)OCCCCCCCCCCCCCCC)(CCC(=O)OCCCCCCCCCCCCCCC),0.14188538148382016
OCCN(CCO)CCCN(CCC(=O)OCCCCCCCCCCCCCCCCCC)(CCC(=O)OCCCCCCCCCCCCCCCCCC),0.1518650136640743
C1COCCN1CCN(CCC(=O)NCCCCCCCCCCCC)(CCC(=O)NCCCCCCCCCCCC),-0.1279926086231279
C1COCCN1CCN(CCC(=O)NCCCCCCCCCCCCCC)(CCC(=O)NCCCCCCCCCCCCCC),-0.1145648243086406
C1COCCN1CCN(CCC(=O)NCCCCCCCCCCCCCCC)(CCC(=O)NCCCCCCCCCCCCCCC),-0.10814095914750305
C1COCCN1CCN(CCC(=O)NCCCCCCCCCCCCCCCC)(CCC(=O)NCCCCCCCCCCCCCCCC),-0.10225714347810491
C1COCCN1CCN(CCC(=O)NCCCCCCCCCCCCCCCCCC)(CCC(=O)NCCCCCCCCCCCCCCCCCC),-0.09017829259573983
C1COCCN1CCN(CCC(=O)OCCCCCCCCCC)(CCC(=O)OCCCCCCCCCC),-0.15187314010374922
C1COCCN1CCN(CCC(=O)OCCCCCCCCCCCC)(CCC(=O)OCCCCCCCCCCCC),-0.13722306697812198
CCCCCCCCCCCCCOC(=O)CCN(CCC(=O)OCCCCCCCCCCCCC)CCN1CCOCC1,-0.13040878432673164
CCCCCCCCCCCCCCOC(=O)CCN(CCC(=O)OCCCCCCCCCCCCCC)CCN1CCOCC1,-0.12447101852941983
C1COCCN1CCN(CCC(=O)OCCCCCCCCCCCCCCC)(CCC(=O)OCCCCCCCCCCCCCCC),-0.11847569791858766
C1COCCN1CCN(CCC(=O)OCCCCCCCCCCCCCCCCCC)(CCC(=O)OCCCCCCCCCCCCCCCCCC),-0.09861049332312928
C1COCCN1CCCN(CCC(=O)NCCCCCCCCCCCC)(CCC(=O)NCCCCCCCCCCCC),-0.11388051980477788
C1COCCN1CCCN(CCC(=O)NCCCCCCCCCCCCCC)(CCC(=O)NCCCCCCCCCCCCCC),-0.10065873576295208
C1COCCN1CCCN(CCC(=O)NCCCCCCCCCCCCCCC)(CCC(=O)NCCCCCCCCCCCCCCC),-0.09473931631342607
C1COCCN1CCCN(CCC(=O)NCCCCCCCCCCCCCCCC)(CCC(=O)NCCCCCCCCCCCCCCCC),-0.08843552473180016
C1COCCN1CCCN(CCC(=O)NCCCCCCCCCCCCCCCCCC)(CCC(=O)NCCCCCCCCCCCCCCCCCC),-0.07536806629251139
C1COCCN1CCCN(CCC(=O)OCCCCCCCCCC)(CCC(=O)OCCCCCCCCCC),-0.1374110963910817
C1COCCN1CCCN(CCC(=O)OCCCCCCCCCCCC)(CCC(=O)OCCCCCCCCCCCC),-0.12437931682953762
CCCCCCCCCCCCCOC(=O)CCN(CCCN1CCOCC1)CCC(=O)OCCCCCCCCCCCCC,-0.1187345594037191
C1COCCN1CCCN(CCC(=O)OCCCCCCCCCCCCCC)(CCC(=O)OCCCCCCCCCCCCCC),-0.11197859756154055
C1COCCN1CCCN(CCC(=O)OCCCCCCCCCCCCCCC)(CCC(=O)OCCCCCCCCCCCCCCC),-0.10489343780632975
C1COCCN1CCCN(CCC(=O)OCCCCCCCCCCCCCCCCCC)(CCC(=O)OCCCCCCCCCCCCCCCCCC),-0.08436495603971443
c1nccn1CCCN(CCC(=O)NCCCCCCCCCCCC)(CCC(=O)NCCCCCCCCCCCC),-0.028002504930179264
c1nccn1CCCN(CCC(=O)NCCCCCCCCCCCCCC)(CCC(=O)NCCCCCCCCCCCCCC),-0.015247317401094605
c1nccn1CCCN(CCC(=O)NCCCCCCCCCCCCCCC)(CCC(=O)NCCCCCCCCCCCCCCC),-0.008893412710413731
c1nccn1CCCN(CCC(=O)NCCCCCCCCCCCCCCCC)(CCC(=O)NCCCCCCCCCCCCCCCC),-0.002042820361297518
c1nccn1CCCN(CCC(=O)NCCCCCCCCCCCCCCCCCC)(CCC(=O)NCCCCCCCCCCCCCCCCCC),0.01267985667089798
CCCCCCCCCCOC(=O)CCN(CCCn1ccnc1)CCC(=O)OCCCCCCCCCC,-0.05539970010084616
CCCCCCCCCCCCOC(=O)CCN(CCCn1ccnc1)CCC(=O)OCCCCCCCCCCCC,-0.041592695350771924
c1nccn1CCCN(CCC(=O)OCCCCCCCCCCCCC)(CCC(=O)OCCCCCCCCCCCCC),-0.03406898053293546
c1nccn1CCCN(CCC(=O)OCCCCCCCCCCCCCC)(CCC(=O)OCCCCCCCCCCCCCC),-0.027210097406923824
c1nccn1CCCN(CCC(=O)OCCCCCCCCCCCCCCC)(CCC(=O)OCCCCCCCCCCCCCCC),-0.020477656138329022
c1nccn1CCCN(CCC(=O)OCCCCCCCCCCCCCCCCCC)(CCC(=O)OCCCCCCCCCCCCCCCCCC),0.002667978043347288
N1=CNC=C1CCN(CCC(=O)NCCCCCCCCCCCC)(CCC(=O)NCCCCCCCCCCCC),0.07860066485968879
N1=CNC=C1CCN(CCC(=O)NCCCCCCCCCCCCCC)(CCC(=O)NCCCCCCCCCCCCCC),0.09302530995918676
N1=CNC=C1CCN(CCC(=O)NCCCCCCCCCCCCCCC)(CCC(=O)NCCCCCCCCCCCCCCC),0.09997563945318347
N1=CNC=C1CCN(CCC(=O)NCCCCCCCCCCCCCCCC)(CCC(=O)NCCCCCCCCCCCCCCCC),0.10644523906295608
N1=CNC=C1CCN(CCC(=O)NCCCCCCCCCCCCCCCCCC)(CCC(=O)NCCCCCCCCCCCCCCCCCC),0.11803886922361206
N1=CNC=C1CCN(CCC(=O)OCCCCCCCCCC)(CCC(=O)OCCCCCCCCCC),0.04803722649851809
N1=CNC=C1CCN(CCC(=O)OCCCCCCCCCCCC)(CCC(=O)OCCCCCCCCCCCC),0.06342315113218391
N1=CNC=C1CCN(CCC(=O)OCCCCCCCCCCCCC)(CCC(=O)OCCCCCCCCCCCCC),0.07043010422925261
N1=CNC=C1CCN(CCC(=O)OCCCCCCCCCCCCCC)(CCC(=O)OCCCCCCCCCCCCCC),0.07689629440722222
N1=CNC=C1CCN(CCC(=O)OCCCCCCCCCCCCCCCCCC)(CCC(=O)OCCCCCCCCCCCCCCCCCC),0.10241245198188563
CN(CCC(=O)NCCCCCCCCCCCC)CCN(CCC(=O)NCCCCCCCCCCCC)(CCC(=O)NCCCCCCCCCCCC),0.3033113885922682
CN(CCC(=O)NCCCCCCCCCCCCCC)CCN(CCC(=O)NCCCCCCCCCCCCCC)(CCC(=O)NCCCCCCCCCCCCCC),0.3015559067018032
CN(CCC(=O)NCCCCCCCCCCCCCCC)CCN(CCC(=O)NCCCCCCCCCCCCCCC)(CCC(=O)NCCCCCCCCCCCCCCC),0.30083869442225597
CN(CCC(=O)NCCCCCCCCCCCCCCCC)CCN(CCC(=O)NCCCCCCCCCCCCCCCC)(CCC(=O)NCCCCCCCCCCCCCCCC),0.3001861261712556
CN(CCC(=O)NCCCCCCCCCCCCCCCCCC)CCN(CCC(=O)NCCCCCCCCCCCCCCCCCC)(CCC(=O)NCCCCCCCCCCCCCCCCCC),0.2992006351654294
CN(CCC(=O)OCCCCCCCCCC)CCN(CCC(=O)OCCCCCCCCCC)(CCC(=O)OCCCCCCCCCC),0.2866410994574103
CN(CCC(=O)OCCCCCCCCCCCC)CCN(CCC(=O)OCCCCCCCCCCCC)(CCC(=O)OCCCCCCCCCCCC),0.28586161623400724
CCCCCCCCCCCCCOC(=O)CCN(C)CCN(CCC(=O)OCCCCCCCCCCCCC)CCC(=O)OCCCCCCCCCCCCC,0.2855080866931297
CCCCCCCCCCCCCCOC(=O)CCN(C)CCN(CCC(=O)OCCCCCCCCCCCCCC)CCC(=O)OCCCCCCCCCCCCCC,0.28517558448495794
CN(CCC(=O)OCCCCCCCCCCCCCCCCCC)CCN(CCC(=O)OCCCCCCCCCCCCCCCCCC)(CCC(=O)OCCCCCCCCCCCCCCCCCC),0.2847296848754086
CN(CCC(=O)NCCCCCCCCCCCC)CCCN(CCC(=O)NCCCCCCCCCCCC)(CCC(=O)NCCCCCCCCCCCC),0.29867975809526065
CN(CCC(=O)NCCCCCCCCCCCCCC)CCCN(CCC(=O)NCCCCCCCCCCCCCC)(CCC(=O)NCCCCCCCCCCCCCC),0.2972591815367052
CN(CCC(=O)NCCCCCCCCCCCCCCC)CCCN(CCC(=O)NCCCCCCCCCCCCCCC)(CCC(=O)NCCCCCCCCCCCCCCC),0.2967375835294151
CN(CCC(=O)NCCCCCCCCCCCCCCCC)CCCN(CCC(=O)NCCCCCCCCCCCCCCCC)(CCC(=O)NCCCCCCCCCCCCCCCC),0.29630727418511477
CN(CCC(=O)NCCCCCCCCCCCCCCCCCC)CCCN(CCC(=O)NCCCCCCCCCCCCCCCCCC)(CCC(=O)NCCCCCCCCCCCCCCCCCC),0.2956112394335069
CCCCCCCCCCOC(=O)CCN(C)CCCN(CCC(=O)OCCCCCCCCCC)CCC(=O)OCCCCCCCCCC,0.2799045428394145
CCCCCCCCCCCCOC(=O)CCN(C)CCCN(CCC(=O)OCCCCCCCCCCCC)CCC(=O)OCCCCCCCCCCCC,0.2798746539879256
CCCCCCCCCCCCCOC(=O)CCN(C)CCCN(CCC(=O)OCCCCCCCCCCCCC)CCC(=O)OCCCCCCCCCCCCC,0.27984644732305314
CN(CCC(=O)OCCCCCCCCCCCCCC)CCCN(CCC(=O)OCCCCCCCCCCCCCC)(CCC(=O)OCCCCCCCCCCCCCC),0.27985912380077005
CN(CCC(=O)OCCCCCCCCCCCCCCC)CCCN(CCC(=O)OCCCCCCCCCCCCCCC)(CCC(=O)OCCCCCCCCCCCCCCC),0.27986399012633906
CN(CCC(=O)OCCCCCCCCCCCCCCCCCC)CCCN(CCC(=O)OCCCCCCCCCCCCCCCCCC)(CCC(=O)OCCCCCCCCCCCCCCCCCC),0.2800195323102684
N(CCC(=O)NCCCCCCCCCCCC)(CCC(=O)NCCCCCCCCCCCC)CCN(CCC(=O)NCCCCCCCCCCCC)CCN(CCC(=O)NCCCCCCCCCCCC)CCN(CCC(=O)NCCCCCCCCCCCC)(CCC(=O)NCCCCCCCCCCCC),0.32114791367708184
N(CCC(=O)NCCCCCCCCCCCCCC)(CCC(=O)NCCCCCCCCCCCCCC)CCN(CCC(=O)NCCCCCCCCCCCCCC)CCN(CCC(=O)NCCCCCCCCCCCCCC)CCN(CCC(=O)NCCCCCCCCCCCCCC)(CCC(=O)NCCCCCCCCCCCCCC),0.3176136996739886
N(CCC(=O)NCCCCCCCCCCCCCCC)(CCC(=O)NCCCCCCCCCCCCCCC)CCN(CCC(=O)NCCCCCCCCCCCCCCC)CCN(CCC(=O)NCCCCCCCCCCCCCCC)CCN(CCC(=O)NCCCCCCCCCCCCCCC)(CCC(=O)NCCCCCCCCCCCCCCC),0.31617395820362426
N(CCC(=O)NCCCCCCCCCCCCCCCC)(CCC(=O)NCCCCCCCCCCCCCCCC)CCN(CCC(=O)NCCCCCCCCCCCCCCCC)CCN(CCC(=O)NCCCCCCCCCCCCCCCC)CCN(CCC(=O)NCCCCCCCCCCCCCCCC)(CCC(=O)NCCCCCCCCCCCCCCCC),0.3148497469069547
N(CCC(=O)NCCCCCCCCCCCCCCCCCC)(CCC(=O)NCCCCCCCCCCCCCCCCCC)CCN(CCC(=O)NCCCCCCCCCCCCCCCCCC)CCN(CCC(=O)NCCCCCCCCCCCCCCCCCC)CCN(CCC(=O)NCCCCCCCCCCCCCCCCCC)(CCC(=O)NCCCCCCCCCCCCCCCCCC),0.31248429213374196
CCCCCCCCCCOC(=O)CCN(CCC(=O)OCCCCCCCCCC)CCN(CCC(=O)OCCCCCCCCCC)CCN(CCC(=O)OCCCCCCCCCC)CCN(CCC(=O)OCCCCCCCCCC)CCC(=O)OCCCCCCCCCC,0.30775975086522156
CCCCCCCCCCCCOC(=O)CCN(CCC(=O)OCCCCCCCCCCCC)CCN(CCC(=O)OCCCCCCCCCCCC)CCN(CCC(=O)OCCCCCCCCCCCC)CCN(CCC(=O)OCCCCCCCCCCCC)CCC(=O)OCCCCCCCCCCCC,0.3050690933721906
N(CCC(=O)OCCCCCCCCCCCCC)(CCC(=O)OCCCCCCCCCCCCC)CCN(CCC(=O)OCCCCCCCCCCCCC)CCN(CCC(=O)OCCCCCCCCCCCCC)CCN(CCC(=O)OCCCCCCCCCCCCC)(CCC(=O)OCCCCCCCCCCCCC),0.30405779882522976
N(CCC(=O)OCCCCCCCCCCCCCC)(CCC(=O)OCCCCCCCCCCCCCC)CCN(CCC(=O)OCCCCCCCCCCCCCC)CCN(CCC(=O)OCCCCCCCCCCCCCC)CCN(CCC(=O)OCCCCCCCCCCCCCC)(CCC(=O)OCCCCCCCCCCCCCC),0.30307636309071107
N(CCC(=O)OCCCCCCCCCCCCCCC)(CCC(=O)OCCCCCCCCCCCCCCC)CCN(CCC(=O)OCCCCCCCCCCCCCCC)CCN(CCC(=O)OCCCCCCCCCCCCCCC)CCN(CCC(=O)OCCCCCCCCCCCCCCC)(CCC(=O)OCCCCCCCCCCCCCCC),0.30216374681223374
N(CCC(=O)OCCCCCCCCCCCCCCCCCC)(CCC(=O)OCCCCCCCCCCCCCCCCCC)CCN(CCC(=O)OCCCCCCCCCCCCCCCCCC)CCN(CCC(=O)OCCCCCCCCCCCCCCCCCC)CCN(CCC(=O)OCCCCCCCCCCCCCCCCCC)(CCC(=O)OCCCCCCCCCCCCCCCCCC),0.299830223545687
N(CCC(=O)NCCCCCCCCCCCC)(CCC(=O)NCCCCCCCCCCCC)CCN(CCC(=O)NCCCCCCCCCCCC)(CCC(=O)NCCCCCCCCCCCC),0.31888918763687424
N(CCC(=O)NCCCCCCCCCCCCCC)(CCC(=O)NCCCCCCCCCCCCCC)CCN(CCC(=O)NCCCCCCCCCCCCCC)(CCC(=O)NCCCCCCCCCCCCCC),0.3154872355565004
N(CCC(=O)NCCCCCCCCCCCCCCC)(CCC(=O)NCCCCCCCCCCCCCCC)CCN(CCC(=O)NCCCCCCCCCCCCCCC)(CCC(=O)NCCCCCCCCCCCCCCC),0.31409979206647987
N(CCC(=O)NCCCCCCCCCCCCCCCC)(CCC(=O)NCCCCCCCCCCCCCCCC)CCN(CCC(=O)NCCCCCCCCCCCCCCCC)(CCC(=O)NCCCCCCCCCCCCCCCC),0.3128417868287868
N(CCC(=O)NCCCCCCCCCCCCCCCCCC)(CCC(=O)NCCCCCCCCCCCCCCCCCC)CCN(CCC(=O)NCCCCCCCCCCCCCCCCCC)(CCC(=O)NCCCCCCCCCCCCCCCCCC),0.3106237336578415
CCCCCCCCCCOC(=O)CCN(CCC(=O)OCCCCCCCCCC)CCN(CCC(=O)OCCCCCCCCCC)CCC(=O)OCCCCCCCCCC,0.30505644693352046
CCCCCCCCCCCCOC(=O)CCN(CCC(=O)OCCCCCCCCCCCC)CCN(CCC(=O)OCCCCCCCCCCCC)CCC(=O)OCCCCCCCCCCCC,0.30236705108045187
N(CCC(=O)OCCCCCCCCCCCCC)(CCC(=O)OCCCCCCCCCCCCC)CCN(CCC(=O)OCCCCCCCCCCCCC)(CCC(=O)OCCCCCCCCCCCCC),0.3014268289180365
N(CCC(=O)OCCCCCCCCCCCCCC)(CCC(=O)OCCCCCCCCCCCCCC)CCN(CCC(=O)OCCCCCCCCCCCCCC)(CCC(=O)OCCCCCCCCCCCCCC),0.3005443117643751
N(CCC(=O)OCCCCCCCCCCCCCCCCCC)(CCC(=O)OCCCCCCCCCCCCCCCCCC)CCN(CCC(=O)OCCCCCCCCCCCCCCCCCC)(CCC(=O)OCCCCCCCCCCCCCCCCCC),0.2976957089636771
N(C(CCCCCOC(=O)CCCCCCC/C=C\CCCCCCCC)C(=O)NCC(=O)OC(C)(C)C)(C(=O)CCCCCCC/C=C\CCCCCCCC)CCN1CCCC1,0.18056867456455938
N(C(CCCCCOC(=O)CCCCCCC/C=C\CCCCCCCC)C(=O)NCC(=O)OC(C)(C)C)(C(=O)CCCCCCC/C=C\CCCCCCCC)CCCN(CCN1C)CC1,0.17592229489561106
N(C(CCCCCOC(=O)CCCCCCC/C=C\CCCCCCCC)C(=O)NCC(=O)OC(C)(C)C)(C(=O)CCCCCCC/C=C\CCCCCCCC)CCCN1CCCC1,0.19619510682580918
N(C(CCCCCOC(=O)CCCCCCC/C=C\CCCCCCCC)C(=O)NCC(=O)OC(C)(C)C)(C(=O)CCCCCCC/C=C\CCCCCCCC)CCCN1CCCCC1,0.1935796971448182
N(C(CCCCCOC(=O)CCCCCCC/C=C\CCCCCCCC)C(=O)NCC(=O)OC(C)(C)C)(C(=O)CCCCCCC/C=C\CCCCCCCC)CCCN1CCCCCC1,0.19037499646474787
N(C(CCCCCOC(=O)CCCCCCC/C=C\CCCCCCCC)C(=O)NCC(=O)OC(C)(C)C)(C(=O)CCCCCCC/C=C\CCCCCCCC)CCCN1CCOCC1,-0.06774017606064117
N(C(CCCCCOC(=O)CCCCCCC/C=C\CCCCCCCC)C(=O)NCC(=O)OC(C)(C)C)(C(=O)CCCCCCC/C=C\CCCCCCCC)CCN1CCCCCC1,0.17556577646958463
N(C(CCCCCOC(=O)CCCCCCC/C=C\CCCCCCCC)C(=O)NCC(=O)OC(C)(C)C)(C(=O)CCCCCCC/C=C\CCCCCCCC)CCN1CCCCC1CC,0.1517244459449362
N(C(CCCCCOC(=O)CCCCCCC/C=C\CCCCCCCC)C(=O)NCC(=O)OC(C)(C)C)(C(=O)CCCCCCC/C=C\CCCCCCCC)CCN1C=CN=C1,-0.017740453142401514
N(C(CCCCCOC(=O)CCCCCCC/C=C\CCCCCCCC)C(=O)NCC(=O)OC(C)(C)C)(C(=O)CCCCCCC/C=C\CCCCCCCC)CCN1CCN(C)CCC1,0.1532652838270453
N(C(CCCCCOC(=O)CCCCCCC/C=C\CCCCCCCC)C(=O)NCC(=O)OC(C)(C)C)(C(=O)CCCCCCC/C=C\CCCCCCCC)CCCN1CCN(C)CCC1,0.16763901274234855
N(C(CCCCCOC(=O)CCCCCCC/C=C\CCCCCCCC)C(=O)NCC(=O)OC(C)(C)C)(C(=O)CCCCCCC/C=C\CCCCCCCC)CCN1CCCCC1,0.1783998253521456
N(C(CCCCCOC(=O)CCCCCCC/C=C\CCCCCCCC)C(=O)NCC(=O)OC(C)(C)C)(C(=O)CCCCCCC/C=C\CCCCCCCC)CCCN(CCO)CCO,0.1191757420053965
N(C(CCCCCOC(=O)CCCCCCC/C=C\CCCCCCCC)C(=O)NCC(=O)OC(C)(C)C)(C(=O)CCCCCCC/C=C\CCCCCCCC)CCCN(CC)CC,0.19561876265586725
N(C(CCCCCOC(=O)CCCCCCC/C=C\CCCCCCCC)C(=O)NCC(=O)OC(C)(C)C)(C(=O)CCCCCCC/C=C\CCCCCCCC)CCCN(CCCC)CCCC,0.22473709757683358
N(C(CCCCCOC(=O)CCCCCCC/C=C\CCCCCCCC)C(=O)NCC(=O)OC(C)(C)C)(C(=O)CCCCCCC/C=C\CCCCCCCC)CCCN(C)C,0.1847812153012175
N(C(CCCCCOC(=O)CCCCCCC/C=C\CCCCCCCC)C(=O)NCC(=O)OC(C)(C)C)(C(=O)CCCCCCC/C=C\CCCCCCCC)CCCN1CCN(CC1)CCCN,0.21500784085101177
N(C(CCCCCOC(=O)CCCCCCC/C=C\CCCCCCCC)C(=O)NCC(=O)OC(C)(C)C)(C(=O)CCCCCCC/C=C\CCCCCCCC)CCN(C)CCN,0.2138209230173876
N(C(CCCCCOC(=O)CCCCCCC/C=C\CCCCCCCC)C(=O)NCC(=O)OC(C)(C)C)(C(=O)CCCCCCC/C=C\CCCCCCCC)CCCN1CCCCC1CC,0.16520721673444907
N(C(CCCCCOC(=O)CCCCCCC/C=C\CCCCCCCC)C(=O)NCC(=O)OC(C)(C)C)(C(=O)CCCCCCC/C=C\CCCCCCCC)CCN(CC1)CCS1(=O)=O,0.13639158528730574
N(C(CCCCCOC(=O)CCCCCCC/C=C\CCCCCCCC)C(=O)NCC(=O)OC(C)(C)C)(C(=O)CCCCCCC/C=C\CCCCCCCC)C1CCN(CC2=CC=CC=C2)CC1,0.05335894401588247
N(C(CCCCCOC(=O)CCCCCCC/C=C\CCCCCCCC)C(=O)NCC(=O)OC(C)(C)C)(C(=O)CCCCCCC/C=C\CCCCCCCC)CCCN1C=CN=C1,-0.0031040172746262065
N(C(CCCCCOC(=O)CCCCCCC/C=C\CCCCCCCC)C(=O)NCC(=O)OC(C)(C)C)(C(=O)CCCCCCC/C=C\CCCCCCCC)CC1=CC=CN=C1,0.005186060743597157
N(C(CCCCCOC(=O)CCCCCCC/C=C\CCCCCCCC)C(=O)NCC(=O)OC(C)(C)C)(C(=O)CCCCCCC/C=C\CCCCCCCC)CCN1CCOCC1,-0.08449757092123275
N(C(CCCCCOC(=O)CCCCCCC/C=C\CCCCCCCC)C(=O)NCC(=O)OC(C)(C)C)(C(=O)CCCCCCC/C=C\CCCCCCCC)CCN(C)C,0.16967037323791329
N(C(CCCCCOC(=O)CCCCCCC/C=C\CCCCCCCC)C(=O)NC(C)(C)C)(C(=O)CCCCCCC/C=C\CCCCCCCC)CCCN(CCCC)CCCC,0.22330470065339283
N(C(CCCCCOC(=O)CCCCCCC/C=C\CCCCCCCC)C(=O)NC(C)(C)C)(C(=O)CCCCCCC/C=C\CCCCCCCC)CCCN(C)C,0.18064267575616036
N(C(CCCCCOC(=O)CCCCCCC/C=C\CCCCCCCC)C(=O)NC(C)(C)C)(C(=O)CCCCCCC/C=C\CCCCCCCC)CCN(C)C,0.16462714772271356
N(C(CCCCCOC(=O)CCCCCCC/C=C\CCCCCCCC)C(=O)NC2CCCCC2)(C(=O)CCCCCCC/C=C\CCCCCCCC)CCCN(CCCC)CCCC,0.2505669078578503
N(C(CCCCCOC(=O)CCCCCCC/C=C\CCCCCCCC)C(=O)NC2CCCCC2)(C(=O)CCCCCCC/C=C\CCCCCCCC)CCCN(C)C,0.20615833768655284
N(C(CCCCCOC(=O)CCCCCCC/C=C\CCCCCCCC)C(=O)NC2CCCCC2)(C(=O)CCCCCCC/C=C\CCCCCCCC)CCN(C)C,0.19030595171585613
N(C(CCCCCOC(=O)CCCCCCC/C=C\CCCCCCCC)C(=O)NCCCC)(C(=O)CCCCCCC/C=C\CCCCCCCC)CCCN(CCCC)CCCC,0.2961266794362189
N(C(CCCCCOC(=O)CCCCCCC/C=C\CCCCCCCC)C(=O)NCCCC)(C(=O)CCCCCCC/C=C\CCCCCCCC)CCCN(C)C,0.24412219559828735
N(C(CCCCCOC(=O)CCCCCCC/C=C\CCCCCCCC)C(=O)NCCCC)(C(=O)CCCCCCC/C=C\CCCCCCCC)CCN(C)C,0.22724071694544665
N(C(CCCCCOC(=O)CCCCCCC/C=C\CCCCCCCC)C(=O)NCC(=O)OC(C)(C)C)(C(=O)CCCCCCC/C=C\C/C=C\CCCCC)CCCN(CCCC)CCCC,0.22391746716748584
N(C(CCCCCOC(=O)CCCCCCC/C=C\CCCCCCCC)C(=O)NCC(=O)OC(C)(C)C)(C(=O)CCCCCCC/C=C\C/C=C\CCCCC)CCCN(C)C,0.1839091817748623
N(C(CCCCCOC(=O)CCCCCCC/C=C\CCCCCCCC)C(=O)NCC(=O)OC(C)(C)C)(C(=O)CCCCCCC/C=C\C/C=C\CCCCC)CCN(C)C,0.16881956229806755
N(C(CCCCCOC(=O)CCCCCCC/C=C\CCCCCCCC)C(=O)NC(C)(C)C)(C(=O)CCCCCCC/C=C\C/C=C\CCCCC)CCCN(CCCC)CCCC,0.2220234602130599
N(C(CCCCCOC(=O)CCCCCCC/C=C\CCCCCCCC)C(=O)NC(C)(C)C)(C(=O)CCCCCCC/C=C\C/C=C\CCCCC)CCCN(C)C,0.1797085064616596
N(C(CCCCCOC(=O)CCCCCCC/C=C\CCCCCCCC)C(=O)NC(C)(C)C)(C(=O)CCCCCCC/C=C\C/C=C\CCCCC)CCN(C)C,0.1632747147416482
N(C(CCCCCOC(=O)CCCCCCC/C=C\CCCCCCCC)C(=O)NC2CCCCC2)(C(=O)CCCCCCC/C=C\C/C=C\CCCCC)CCCN(CCCC)CCCC,0.2521857721638212
N(C(CCCCCOC(=O)CCCCCCC/C=C\CCCCCCCC)C(=O)NC2CCCCC2)(C(=O)CCCCCCC/C=C\C/C=C\CCCCC)CCCN(C)C,0.2058726813717449
N(C(CCCCCOC(=O)CCCCCCC/C=C\CCCCCCCC)C(=O)NC2CCCCC2)(C(=O)CCCCCCC/C=C\C/C=C\CCCCC)CCN(C)C,0.19017902172393006
N(C(CCCCCOC(=O)CCCCCCC/C=C\CCCCCCCC)C(=O)NCCCC)(C(=O)CCCCCCC/C=C\C/C=C\CCCCC)CCCN(CCCC)CCCC,0.2973718279619147
N(C(CCCCCOC(=O)CCCCCCC/C=C\CCCCCCCC)C(=O)NCCCC)(C(=O)CCCCCCC/C=C\C/C=C\CCCCC)CCCN(C)C,0.24530475777013674
N(C(CCCCCOC(=O)CCCCCCC/C=C\CCCCCCCC)C(=O)NCCCC)(C(=O)CCCCCCC/C=C\C/C=C\CCCCC)CCN(C)C,0.22740071992781424
N(C(CCCCCOC(=O)CCCCCCC/C=C\CCCCCCCC)C(=O)NCC(=O)OC(C)(C)C)(C(=O)CCCCCCCCCCCCCCC)CCCN(CCCC)CCCC,0.21752843228102306
N(C(CCCCCOC(=O)CCCCCCC/C=C\CCCCCCCC)C(=O)NCC(=O)OC(C)(C)C)(C(=O)CCCCCCCCCCCCCCC)CCCN(C)C,0.17560581851886578
N(C(CCCCCOC(=O)CCCCCCC/C=C\CCCCCCCC)C(=O)NCC(=O)OC(C)(C)C)(C(=O)CCCCCCCCCCCCCCC)CCN(C)C,0.16021217385019226
N(C(CCCCCOC(=O)CCCCCCC/C=C\CCCCCCCC)C(=O)NC(C)(C)C)(C(=O)CCCCCCCCCCCCCCC)CCCN(CCCC)CCCC,0.21555341001758643
N(C(CCCCCOC(=O)CCCCCCC/C=C\CCCCCCCC)C(=O)NC(C)(C)C)(C(=O)CCCCCCCCCCCCCCC)CCCN(C)C,0.17074635687199113
N(C(CCCCCOC(=O)CCCCCCC/C=C\CCCCCCCC)C(=O)NC(C)(C)C)(C(=O)CCCCCCCCCCCCCCC)CCN(C)C,0.15455472492713349
N(C(CCCCCOC(=O)CCCCCCC/C=C\CCCCCCCC)C(=O)NC2CCCCC2)(C(=O)CCCCCCCCCCCCCCC)CCCN(CCCC)CCCC,0.2434915258123477
N(C(CCCCCOC(=O)CCCCCCC/C=C\CCCCCCCC)C(=O)NC2CCCCC2)(C(=O)CCCCCCCCCCCCCCC)CCCN(C)C,0.19681820677197473
N(C(CCCCCOC(=O)CCCCCCC/C=C\CCCCCCCC)C(=O)NC2CCCCC2)(C(=O)CCCCCCCCCCCCCCC)CCN(C)C,0.18068770428719744
N(C(CCCCCOC(=O)CCCCCCC/C=C\CCCCCCCC)C(=O)NCCCC)(C(=O)CCCCCCCCCCCCCCC)CCCN(CCCC)CCCC,0.2900034300351571
N(C(CCCCCOC(=O)CCCCCCC/C=C\CCCCCCCC)C(=O)NCCCC)(C(=O)CCCCCCCCCCCCCCC)CCCN(C)C,0.2355846629535653
N(C(CCCCCOC(=O)CCCCCCC/C=C\CCCCCCCC)C(=O)NCCCC)(C(=O)CCCCCCCCCCCCCCC)CCN(C)C,0.21863798454981334
N(C(CCCCCOC(=O)CCCCCCC/C=C\CCCCCCCC)C(=O)NCC(=O)OC(C)(C)C)(C(=O)CCCCC(=O)OC(CCCCCCCC)CCCCCCCC)CCCN(CCCC)CCCC,0.22013640729795023
N(C(CCCCCOC(=O)CCCCCCC/C=C\CCCCCCCC)C(=O)NCC(=O)OC(C)(C)C)(C(=O)CCCCC(=O)OC(CCCCCCCC)CCCCCCCC)CCCN(C)C,0.18373859002852502
N(C(CCCCCOC(=O)CCCCCCC/C=C\CCCCCCCC)C(=O)NCC(=O)OC(C)(C)C)(C(=O)CCCCC(=O)OC(CCCCCCCC)CCCCCCCC)CCN(C)C,0.16993854682752874
N(C(CCCCCOC(=O)CCCCCCC/C=C\CCCCCCCC)C(=O)NC(C)(C)C)(C(=O)CCCCC(=O)OC(CCCCCCCC)CCCCCCCC)CCCN(CCCC)CCCC,0.21859756701244817
N(C(CCCCCOC(=O)CCCCCCC/C=C\CCCCCCCC)C(=O)NC(C)(C)C)(C(=O)CCCCC(=O)OC(CCCCCCCC)CCCCCCCC)CCCN(C)C,0.1798062985782648
N(C(CCCCCOC(=O)CCCCCCC/C=C\CCCCCCCC)C(=O)NC(C)(C)C)(C(=O)CCCCC(=O)OC(CCCCCCCC)CCCCCCCC)CCN(C)C,0.16507367815224402
N(C(CCCCCOC(=O)CCCCCCC/C=C\CCCCCCCC)C(=O)NC2CCCCC2)(C(=O)CCCCC(=O)OC(CCCCCCCC)CCCCCCCC)CCCN(CCCC)CCCC,0.24178723045749795
N(C(CCCCCOC(=O)CCCCCCC/C=C\CCCCCCCC)C(=O)NC2CCCCC2)(C(=O)CCCCC(=O)OC(CCCCCCCC)CCCCCCCC)CCCN(C)C,0.20306308427321607
N(C(CCCCCOC(=O)CCCCCCC/C=C\CCCCCCCC)C(=O)NC2CCCCC2)(C(=O)CCCCC(=O)OC(CCCCCCCC)CCCCCCCC)CCN(C)C,0.18866183959111496
N(C(CCCCCOC(=O)CCCCCCC/C=C\CCCCCCCC)C(=O)NCCCC)(C(=O)CCCCC(=O)OC(CCCCCCCC)CCCCCCCC)CCCN(CCCC)CCCC,0.28181238277485615
N(C(CCCCCOC(=O)CCCCCCC/C=C\CCCCCCCC)C(=O)NCCCC)(C(=O)CCCCC(=O)OC(CCCCCCCC)CCCCCCCC)CCCN(C)C,0.23684077573131485
N(C(CCCCCOC(=O)CCCCCCC/C=C\CCCCCCCC)C(=O)NCCCC)(C(=O)CCCCC(=O)OC(CCCCCCCC)CCCCCCCC)CCN(C)C,0.2218141030769272
N(C(CCCCCOC(=O)CCCCCCC/C=C\C/C=C\CCCCC)C(=O)NCC(=O)OC(C)(C)C)(C(=O)CCCCCCC/C=C\CCCCCCCC)CCCN(CCCC)CCCC,0.22391752724557928
N(C(CCCCCOC(=O)CCCCCCC/C=C\C/C=C\CCCCC)C(=O)NCC(=O)OC(C)(C)C)(C(=O)CCCCCCC/C=C\CCCCCCCC)CCCN(C)C,0.1839091817748623
N(C(CCCCCOC(=O)CCCCCCC/C=C\C/C=C\CCCCC)C(=O)NCC(=O)OC(C)(C)C)(C(=O)CCCCCCC/C=C\CCCCCCCC)CCN(C)C,0.16881956229806755
N(C(CCCCCOC(=O)CCCCCCC/C=C\C/C=C\CCCCC)C(=O)NC(C)(C)C)(C(=O)CCCCCCC/C=C\CCCCCCCC)CCCN(CCCC)CCCC,0.22202347523258326
N(C(CCCCCOC(=O)CCCCCCC/C=C\C/C=C\CCCCC)C(=O)NC(C)(C)C)(C(=O)CCCCCCC/C=C\CCCCCCCC)CCCN(C)C,0.17970843136404277
N(C(CCCCCOC(=O)CCCCCCC/C=C\C/C=C\CCCCC)C(=O)NC(C)(C)C)(C(=O)CCCCCCC/C=C\CCCCCCCC)CCN(C)C,0.1632747147416482
N(C(CCCCCOC(=O)CCCCCCC/C=C\C/C=C\CCCCC)C(=O)NC2CCCCC2)(C(=O)CCCCCCC/C=C\CCCCCCCC)CCCN(CCCC)CCCC,0.25218574212477446
N(C(CCCCCOC(=O)CCCCCCC/C=C\C/C=C\CCCCC)C(=O)NC2CCCCC2)(C(=O)CCCCCCC/C=C\CCCCCCCC)CCCN(C)C,0.20587260627412807
N(C(CCCCCOC(=O)CCCCCCC/C=C\C/C=C\CCCCC)C(=O)NC2CCCCC2)(C(=O)CCCCCCC/C=C\CCCCCCCC)CCN(C)C,0.1901790818020235
N(C(CCCCCOC(=O)CCCCCCC/C=C\C/C=C\CCCCC)C(=O)NCCCC)(C(=O)CCCCCCC/C=C\CCCCCCCC)CCCN(CCCC)CCCC,0.29737188804000814
N(C(CCCCCOC(=O)CCCCCCC/C=C\C/C=C\CCCCC)C(=O)NCCCC)(C(=O)CCCCCCC/C=C\CCCCCCCC)CCCN(C)C,0.24530471271156667
N(C(CCCCCOC(=O)CCCCCCC/C=C\C/C=C\CCCCC)C(=O)NCCCC)(C(=O)CCCCCCC/C=C\CCCCCCCC)CCN(C)C,0.22740064483019742
N(C(CCCCCOC(=O)CCCCCCC/C=C\C/C=C\CCCCC)C(=O)NCC(=O)OC(C)(C)C)(C(=O)CCCCCCC/C=C\C/C=C\CCCCC)CCCN(CCCC)CCCC,0.2242101075606568
N(C(CCCCCOC(=O)CCCCCCC/C=C\C/C=C\CCCCC)C(=O)NCC(=O)OC(C)(C)C)(C(=O)CCCCCCC/C=C\C/C=C\CCCCC)CCCN(C)C,0.1832349103126049
N(C(CCCCCOC(=O)CCCCCCC/C=C\C/C=C\CCCCC)C(=O)NCC(=O)OC(C)(C)C)(C(=O)CCCCCCC/C=C\C/C=C\CCCCC)CCN(C)C,0.1681890877659316
N(C(CCCCCOC(=O)CCCCCCC/C=C\C/C=C\CCCCC)C(=O)NC(C)(C)C)(C(=O)CCCCCCC/C=C\C/C=C\CCCCC)CCCN(CCCC)CCCC,0.2240617747479409
N(C(CCCCCOC(=O)CCCCCCC/C=C\C/C=C\CCCCC)C(=O)NC(C)(C)C)(C(=O)CCCCCCC/C=C\C/C=C\CCCCC)CCCN(C)C,0.1789073500660462
N(C(CCCCCOC(=O)CCCCCCC/C=C\C/C=C\CCCCC)C(=O)NC(C)(C)C)(C(=O)CCCCCCC/C=C\C/C=C\CCCCC)CCN(C)C,0.16248498820331275
N(C(CCCCCOC(=O)CCCCCCC/C=C\C/C=C\CCCCC)C(=O)NC2CCCCC2)(C(=O)CCCCCCC/C=C\C/C=C\CCCCC)CCCN(CCCC)CCCC,0.2547756186160513
N(C(CCCCCOC(=O)CCCCCCC/C=C\C/C=C\CCCCC)C(=O)NC2CCCCC2)(C(=O)CCCCCCC/C=C\C/C=C\CCCCC)CCCN(C)C,0.20647337218905543
N(C(CCCCCOC(=O)CCCCCCC/C=C\C/C=C\CCCCC)C(=O)NC2CCCCC2)(C(=O)CCCCCCC/C=C\C/C=C\CCCCC)CCN(C)C,0.19009099229750967
N(C(CCCCCOC(=O)CCCCCCC/C=C\C/C=C\CCCCC)C(=O)NCCCC)(C(=O)CCCCCCC/C=C\C/C=C\CCCCC)CCCN(CCCC)CCCC,0.2992196498820048
N(C(CCCCCOC(=O)CCCCCCC/C=C\C/C=C\CCCCC)C(=O)NCCCC)(C(=O)CCCCCCC/C=C\C/C=C\CCCCC)CCCN(C)C,0.24816354380767372
N(C(CCCCCOC(=O)CCCCCCC/C=C\C/C=C\CCCCC)C(=O)NCCCC)(C(=O)CCCCCCC/C=C\C/C=C\CCCCC)CCN(C)C,0.23054758042342033
N(C(CCCCCOC(=O)CCCCCCC/C=C\C/C=C\CCCCC)C(=O)NCC(=O)OC(C)(C)C)(C(=O)CCCCCCCCCCCCCCC)CCCN(CCCC)CCCC,0.21628960697466235
N(C(CCCCCOC(=O)CCCCCCC/C=C\C/C=C\CCCCC)C(=O)NCC(=O)OC(C)(C)C)(C(=O)CCCCCCCCCCCCCCC)CCCN(C)C,0.17472496853229752
N(C(CCCCCOC(=O)CCCCCCC/C=C\C/C=C\CCCCC)C(=O)NCC(=O)OC(C)(C)C)(C(=O)CCCCCCCCCCCCCCC)CCN(C)C,0.15899709441026572
N(C(CCCCCOC(=O)CCCCCCC/C=C\C/C=C\CCCCC)C(=O)NC(C)(C)C)(C(=O)CCCCCCCCCCCCCCC)CCCN(CCCC)CCCC,0.21432272529288754
N(C(CCCCCOC(=O)CCCCCCC/C=C\C/C=C\CCCCC)C(=O)NC(C)(C)C)(C(=O)CCCCCCCCCCCCCCC)CCCN(C)C,0.16975838764481033
N(C(CCCCCOC(=O)CCCCCCC/C=C\C/C=C\CCCCC)C(=O)NC(C)(C)C)(C(=O)CCCCCCCCCCCCCCC)CCN(C)C,0.1525073986782357
N(C(CCCCCOC(=O)CCCCCCC/C=C\C/C=C\CCCCC)C(=O)NC2CCCCC2)(C(=O)CCCCCCCCCCCCCCC)CCCN(CCCC)CCCC,0.24518870191312425
N(C(CCCCCOC(=O)CCCCCCC/C=C\C/C=C\CCCCC)C(=O)NC2CCCCC2)(C(=O)CCCCCCCCCCCCCCC)CCCN(C)C,0.1965452569739304
N(C(CCCCCOC(=O)CCCCCCC/C=C\C/C=C\CCCCC)C(=O)NC2CCCCC2)(C(=O)CCCCCCCCCCCCCCC)CCN(C)C,0.18017064217596243
N(C(CCCCCOC(=O)CCCCCCC/C=C\C/C=C\CCCCC)C(=O)NCCCC)(C(=O)CCCCCCCCCCCCCCC)CCCN(CCCC)CCCC,0.29131469450268926
N(C(CCCCCOC(=O)CCCCCCC/C=C\C/C=C\CCCCC)C(=O)NCCCC)(C(=O)CCCCCCCCCCCCCCC)CCCN(C)C,0.23708077269510455
N(C(CCCCCOC(=O)CCCCCCC/C=C\C/C=C\CCCCC)C(=O)NCCCC)(C(=O)CCCCCCCCCCCCCCC)CCN(C)C,0.2187289427832892
N(C(CCCCCOC(=O)CCCCCCC/C=C\C/C=C\CCCCC)C(=O)NCC(=O)OC(C)(C)C)(C(=O)CCCCC(=O)OC(CCCCCCCC)CCCCCCCC)CCN1CCCC1,0.17953216223787494
N(C(CCCCCOC(=O)CCCCCCC/C=C\C/C=C\CCCCC)C(=O)NCC(=O)OC(C)(C)C)(C(=O)CCCCC(=O)OC(CCCCCCCC)CCCCCCCC)CCCN(CCN1C)CC1,0.17497324125345928
N(C(CCCCCOC(=O)CCCCCCC/C=C\C/C=C\CCCCC)C(=O)NCC(=O)OC(C)(C)C)(C(=O)CCCCC(=O)OC(CCCCCCCC)CCCCCCCC)CCCN1CCCC1,0.1938085946808439
N(C(CCCCCOC(=O)CCCCCCC/C=C\C/C=C\CCCCC)C(=O)NCC(=O)OC(C)(C)C)(C(=O)CCCCC(=O)OC(CCCCCCCC)CCCCCCCC)CCCN1CCCCC1,0.19160981155837112
N(C(CCCCCOC(=O)CCCCCCC/C=C\C/C=C\CCCCC)C(=O)NCC(=O)OC(C)(C)C)(C(=O)CCCCC(=O)OC(CCCCCCCC)CCCCCCCC)CCCN1CCCCCC1,0.1888773096732557
N(C(CCCCCOC(=O)CCCCCCC/C=C\C/C=C\CCCCC)C(=O)NCC(=O)OC(C)(C)C)(C(=O)CCCCC(=O)OC(CCCCCCCC)CCCCCCCC)CCCN1CCOCC1,-0.05655074380292195
N(C(CCCCCOC(=O)CCCCCCC/C=C\C/C=C\CCCCC)C(=O)NCC(=O)OC(C)(C)C)(C(=O)CCCCC(=O)OC(CCCCCCCC)CCCCCCCC)CCN1CCCCCC1,0.17538241812839028
N(C(CCCCCOC(=O)CCCCCCC/C=C\C/C=C\CCCCC)C(=O)NCC(=O)OC(C)(C)C)(C(=O)CCCCC(=O)OC(CCCCCCCC)CCCCCCCC)CCN1CCCCC1CC,0.15318916488265039
N(C(CCCCCOC(=O)CCCCCCC/C=C\C/C=C\CCCCC)C(=O)NCC(=O)OC(C)(C)C)(C(=O)CCCCC(=O)OC(CCCCCCCC)CCCCCCCC)CCN1C=CN=C1,-0.0031835982191558837
N(C(CCCCCOC(=O)CCCCCCC/C=C\C/C=C\CCCCC)C(=O)NCC(=O)OC(C)(C)C)(C(=O)CCCCC(=O)OC(CCCCCCCC)CCCCCCCC)CCN1CCN(C)CCC1,0.15439147772771986
N(C(CCCCCOC(=O)CCCCCCC/C=C\C/C=C\CCCCC)C(=O)NCC(=O)OC(C)(C)C)(C(=O)CCCCC(=O)OC(CCCCCCCC)CCCCCCCC)CCCN1CCN(C)CCC1,0.16750724646390017
N(C(CCCCCOC(=O)CCCCCCC/C=C\C/C=C\CCCCC)C(=O)NCC(=O)OC(C)(C)C)(C(=O)CCCCC(=O)OC(CCCCCCCC)CCCCCCCC)CCN1CCCCC1,0.17773977737851132
N(C(CCCCCOC(=O)CCCCCCC/C=C\C/C=C\CCCCC)C(=O)NCC(=O)OC(C)(C)C)(C(=O)CCCCC(=O)OC(CCCCCCCC)CCCCCCCC)CCCN(CCO)CCO,0.12319627315540416
N(C(CCCCCOC(=O)CCCCCCC/C=C\C/C=C\CCCCC)C(=O)NCC(=O)OC(C)(C)C)(C(=O)CCCCC(=O)OC(CCCCCCCC)CCCCCCCC)CCCN(CC)CC,0.1927274743697765
N(C(CCCCCOC(=O)CCCCCCC/C=C\C/C=C\CCCCC)C(=O)NCC(=O)OC(C)(C)C)(C(=O)CCCCC(=O)OC(CCCCCCCC)CCCCCCCC)CCCN(CCCC)CCCC,0.2195523130539539
N(C(CCCCCOC(=O)CCCCCCC/C=C\C/C=C\CCCCC)C(=O)NCC(=O)OC(C)(C)C)(C(=O)CCCCC(=O)OC(CCCCCCCC)CCCCCCCC)CCCN(C)C,0.18283385899981233
N(C(CCCCCOC(=O)CCCCCCC/C=C\C/C=C\CCCCC)C(=O)NCC(=O)OC(C)(C)C)(C(=O)CCCCC(=O)OC(CCCCCCCC)CCCCCCCC)CCCN1CCN(CC1)CCCN,0.2111388116331492
N(C(CCCCCOC(=O)CCCCCCC/C=C\C/C=C\CCCCC)C(=O)NCC(=O)OC(C)(C)C)(C(=O)CCCCC(=O)OC(CCCCCCCC)CCCCCCCC)CCN(C)CCN,0.20927936460197755
N(C(CCCCCOC(=O)CCCCCCC/C=C\C/C=C\CCCCC)C(=O)NCC(=O)OC(C)(C)C)(C(=O)CCCCC(=O)OC(CCCCCCCC)CCCCCCCC)CCCN1CCCCC1CC,0.1656317435622553
N(C(CCCCCOC(=O)CCCCCCC/C=C\C/C=C\CCCCC)C(=O)NCC(=O)OC(C)(C)C)(C(=O)CCCCC(=O)OC(CCCCCCCC)CCCCCCCC)CCN(CC1)CCS1(=O)=O,0.1396919302921406
N(C(CCCCCOC(=O)CCCCCCC/C=C\C/C=C\CCCCC)C(=O)NCC(=O)OC(C)(C)C)(C(=O)CCCCC(=O)OC(CCCCCCCC)CCCCCCCC)C1CCN(CC2=CC=CC=C2)CC1,0.06084811392998801
N(C(CCCCCOC(=O)CCCCCCC/C=C\C/C=C\CCCCC)C(=O)NCC(=O)OC(C)(C)C)(C(=O)CCCCC(=O)OC(CCCCCCCC)CCCCCCCC)CCCN1C=CN=C1,0.009860924938600132
N(C(CCCCCOC(=O)CCCCCCC/C=C\C/C=C\CCCCC)C(=O)NCC(=O)OC(C)(C)C)(C(=O)CCCCC(=O)OC(CCCCCCCC)CCCCCCCC)CC1=CC=CN=C1,0.017362598605903938
N(C(CCCCCOC(=O)CCCCCCC/C=C\C/C=C\CCCCC)C(=O)NCC(=O)OC(C)(C)C)(C(=O)CCCCC(=O)OC(CCCCCCCC)CCCCCCCC)CCN1CCOCC1,-0.07316954601169742
N(C(CCCCCOC(=O)CCCCCCC/C=C\C/C=C\CCCCC)C(=O)NCC(=O)OC(C)(C)C)(C(=O)CCCCC(=O)OC(CCCCCCCC)CCCCCCCC)CCN(C)C,0.16921432043057175
N(C(CCCCCOC(=O)CCCCCCC/C=C\C/C=C\CCCCC)C(=O)NC(C)(C)C)(C(=O)CCCCC(=O)OC(CCCCCCCC)CCCCCCCC)CCCN(CCCC)CCCC,0.2175179035951468
N(C(CCCCCOC(=O)CCCCCCC/C=C\C/C=C\CCCCC)C(=O)NC(C)(C)C)(C(=O)CCCCC(=O)OC(CCCCCCCC)CCCCCCCC)CCCN(C)C,0.17895671923933468
N(C(CCCCCOC(=O)CCCCCCC/C=C\C/C=C\CCCCC)C(=O)NC(C)(C)C)(C(=O)CCCCC(=O)OC(CCCCCCCC)CCCCCCCC)CCN(C)C,0.16426474164352953
N(C(CCCCCOC(=O)CCCCCCC/C=C\C/C=C\CCCCC)C(=O)NC2CCCCC2)(C(=O)CCCCC(=O)OC(CCCCCCCC)CCCCCCCC)CCCN(CCCC)CCCC,0.24241566233445674
N(C(CCCCCOC(=O)CCCCCCC/C=C\C/C=C\CCCCC)C(=O)NC2CCCCC2)(C(=O)CCCCC(=O)OC(CCCCCCCC)CCCCCCCC)CCCN(C)C,0.20270225524398497
N(C(CCCCCOC(=O)CCCCCCC/C=C\C/C=C\CCCCC)C(=O)NC2CCCCC2)(C(=O)CCCCC(=O)OC(CCCCCCCC)CCCCCCCC)CCN(C)C,0.1885682078824808
N(C(CCCCCOC(=O)CCCCCCC/C=C\C/C=C\CCCCC)C(=O)NCCCC)(C(=O)CCCCC(=O)OC(CCCCCCCC)CCCCCCCC)CCN1CCCC1,0.23265514998052014
N(C(CCCCCOC(=O)CCCCCCC/C=C\C/C=C\CCCCC)C(=O)NCCCC)(C(=O)CCCCC(=O)OC(CCCCCCCC)CCCCCCCC)CCCN(CCN1C)CC1,0.22402530734521975
N(C(CCCCCOC(=O)CCCCCCC/C=C\C/C=C\CCCCC)C(=O)NCCCC)(C(=O)CCCCC(=O)OC(CCCCCCCC)CCCCCCCC)CCCN1CCCC1,0.2503335345038629
N(C(CCCCCOC(=O)CCCCCCC/C=C\C/C=C\CCCCC)C(=O)NCCCC)(C(=O)CCCCC(=O)OC(CCCCCCCC)CCCCCCCC)CCCN1CCCCC1,0.24597817311956255
N(C(CCCCCOC(=O)CCCCCCC/C=C\C/C=C\CCCCC)C(=O)NCCCC)(C(=O)CCCCC(=O)OC(CCCCCCCC)CCCCCCCC)CCCN1CCCCCC1,0.24091450603306813
N(C(CCCCCOC(=O)CCCCCCC/C=C\C/C=C\CCCCC)C(=O)NCCCC)(C(=O)CCCCC(=O)OC(CCCCCCCC)CCCCCCCC)CCCN1CCOCC1,-0.041218694199553
N(C(CCCCCOC(=O)CCCCCCC/C=C\C/C=C\CCCCC)C(=O)NCCCC)(C(=O)CCCCC(=O)OC(CCCCCCCC)CCCCCCCC)CCN1CCCCCC1,0.22527371510748495
N(C(CCCCCOC(=O)CCCCCCC/C=C\C/C=C\CCCCC)C(=O)NCCCC)(C(=O)CCCCC(=O)OC(CCCCCCCC)CCCCCCCC)CCN1CCCCC1CC,0.19969458067136775
N(C(CCCCCOC(=O)CCCCCCC/C=C\C/C=C\CCCCC)C(=O)NCCCC)(C(=O)CCCCC(=O)OC(CCCCCCCC)CCCCCCCC)CCN1C=CN=C1,0.01902899970331323
N(C(CCCCCOC(=O)CCCCCCC/C=C\C/C=C\CCCCC)C(=O)NCCCC)(C(=O)CCCCC(=O)OC(CCCCCCCC)CCCCCCCC)CCN1CCN(C)CCC1,0.20103257989048293
N(C(CCCCCOC(=O)CCCCCCC/C=C\C/C=C\CCCCC)C(=O)NCCCC)(C(=O)CCCCC(=O)OC(CCCCCCCC)CCCCCCCC)CCCN1CCN(C)CCC1,0.21490524248693094
N(C(CCCCCOC(=O)CCCCCCC/C=C\C/C=C\CCCCC)C(=O)NCCCC)(C(=O)CCCCC(=O)OC(CCCCCCCC)CCCCCCCC)CCN1CCCCC1,0.22897784497836415
N(C(CCCCCOC(=O)CCCCCCC/C=C\C/C=C\CCCCC)C(=O)NCCCC)(C(=O)CCCCC(=O)OC(CCCCCCCC)CCCCCCCC)CCCN(CCO)CCO,0.1656121130452221
N(C(CCCCCOC(=O)CCCCCCC/C=C\C/C=C\CCCCC)C(=O)NCCCC)(C(=O)CCCCC(=O)OC(CCCCCCCC)CCCCCCCC)CCCN(CC)CC,0.24753267876793042
N(C(CCCCCOC(=O)CCCCCCC/C=C\C/C=C\CCCCC)C(=O)NCCCC)(C(=O)CCCCC(=O)OC(CCCCCCCC)CCCCCCCC)CCCN(CCCC)CCCC,0.28319369829934526
N(C(CCCCCOC(=O)CCCCCCC/C=C\C/C=C\CCCCC)C(=O)NCCCC)(C(=O)CCCCC(=O)OC(CCCCCCCC)CCCCCCCC)CCCN(C)C,0.23566693990253834
N(C(CCCCCOC(=O)CCCCCCC/C=C\C/C=C\CCCCC)C(=O)NCCCC)(C(=O)CCCCC(=O)OC(CCCCCCCC)CCCCCCCC)CCCN1CCN(CC1)CCCN,0.2698802125576372
N(C(CCCCCOC(=O)CCCCCCC/C=C\C/C=C\CCCCC)C(=O)NCCCC)(C(=O)CCCCC(=O)OC(CCCCCCCC)CCCCCCCC)CCN(C)CCN,0.2723779292535693
N(C(CCCCCOC(=O)CCCCCCC/C=C\C/C=C\CCCCC)C(=O)NCCCC)(C(=O)CCCCC(=O)OC(CCCCCCCC)CCCCCCCC)CCCN1CCCCC1CC,0.2128261499461241
N(C(CCCCCOC(=O)CCCCCCC/C=C\C/C=C\CCCCC)C(=O)NCCCC)(C(=O)CCCCC(=O)OC(CCCCCCCC)CCCCCCCC)CCN(CC1)CCS1(=O)=O,0.18412669451218017
N(C(CCCCCOC(=O)CCCCCCC/C=C\C/C=C\CCCCC)C(=O)NCCCC)(C(=O)CCCCC(=O)OC(CCCCCCCC)CCCCCCCC)C1CCN(CC2=CC=CC=C2)CC1,0.09153896290783235
N(C(CCCCCOC(=O)CCCCCCC/C=C\C/C=C\CCCCC)C(=O)NCCCC)(C(=O)CCCCC(=O)OC(CCCCCCCC)CCCCCCCC)CCCN1C=CN=C1,0.03372498751185586
N(C(CCCCCOC(=O)CCCCCCC/C=C\C/C=C\CCCCC)C(=O)NCCCC)(C(=O)CCCCC(=O)OC(CCCCCCCC)CCCCCCCC)CC1=CC=CN=C1,0.042555911525916895
N(C(CCCCCOC(=O)CCCCCCC/C=C\C/C=C\CCCCC)C(=O)NCCCC)(C(=O)CCCCC(=O)OC(CCCCCCCC)CCCCCCCC)CCN1CCOCC1,-0.061373242402804506
N(C(CCCCCOC(=O)CCCCCCC/C=C\C/C=C\CCCCC)C(=O)NCCCC)(C(=O)CCCCC(=O)OC(CCCCCCCC)CCCCCCCC)CCN(C)C,0.2210897264847366
N(C(CCCCCOC(=O)CCCCCCCCCCCCCCCCC)C(=O)NCC(=O)OC(C)(C)C)(C(=O)CCCCCCC/C=C\CCCCCCCC)CCCN(CCCC)CCCC,0.21835761510722856
N(C(CCCCCOC(=O)CCCCCCCCCCCCCCCCC)C(=O)NCC(=O)OC(C)(C)C)(C(=O)CCCCCCC/C=C\CCCCCCCC)CCCN(C)C,0.1776765001265903
N(C(CCCCCOC(=O)CCCCCCCCCCCCCCCCC)C(=O)NCC(=O)OC(C)(C)C)(C(=O)CCCCCCC/C=C\CCCCCCCC)CCN(C)C,0.16258755652834683
N(C(CCCCCOC(=O)CCCCCCCCCCCCCCCCC)C(=O)NC(C)(C)C)(C(=O)CCCCCCC/C=C\CCCCCCCC)CCCN(CCCC)CCCC,0.21647631466956627
N(C(CCCCCOC(=O)CCCCCCCCCCCCCCCCC)C(=O)NC(C)(C)C)(C(=O)CCCCCCC/C=C\CCCCCCCC)CCCN(C)C,0.1730986695622628
N(C(CCCCCOC(=O)CCCCCCCCCCCCCCCCC)C(=O)NC(C)(C)C)(C(=O)CCCCCCC/C=C\CCCCCCCC)CCN(C)C,0.15729015561930437
N(C(CCCCCOC(=O)CCCCCCCCCCCCCCCCC)C(=O)NC2CCCCC2)(C(=O)CCCCCCC/C=C\CCCCCCCC)CCCN(CCCC)CCCC,0.24454631689896283
N(C(CCCCCOC(=O)CCCCCCCCCCCCCCCCC)C(=O)NC2CCCCC2)(C(=O)CCCCCCC/C=C\CCCCCCCC)CCCN(C)C,0.19827905067266172
N(C(CCCCCOC(=O)CCCCCCCCCCCCCCCCC)C(=O)NC2CCCCC2)(C(=O)CCCCCCC/C=C\CCCCCCCC)CCN(C)C,0.18265481126182265
N(C(CCCCCOC(=O)CCCCCCCCCCCCCCCCC)C(=O)NCCCC)(C(=O)CCCCCCC/C=C\CCCCCCCC)CCCN(CCCC)CCCC,0.28970757546398684
N(C(CCCCCOC(=O)CCCCCCCCCCCCCCCCC)C(=O)NCCCC)(C(=O)CCCCCCC/C=C\CCCCCCCC)CCCN(C)C,0.23716019593463894
N(C(CCCCCOC(=O)CCCCCCCCCCCCCCCCC)C(=O)NCCCC)(C(=O)CCCCCCC/C=C\CCCCCCCC)CCN(C)C,0.21963400424151583
N(C(CCCCCOC(=O)CCCCCCCCCCCCCCCCC)C(=O)NCC(=O)OC(C)(C)C)(C(=O)CCCCCCC/C=C\C/C=C\CCCCC)CCCN(CCCC)CCCC,0.2171379997712469
N(C(CCCCCOC(=O)CCCCCCCCCCCCCCCCC)C(=O)NCC(=O)OC(C)(C)C)(C(=O)CCCCCCC/C=C\C/C=C\CCCCC)CCCN(C)C,0.17680580333781426
N(C(CCCCCOC(=O)CCCCCCCCCCCCCCCCC)C(=O)NCC(=O)OC(C)(C)C)(C(=O)CCCCCCC/C=C\C/C=C\CCCCC)CCN(C)C,0.1615958624593724
N(C(CCCCCOC(=O)CCCCCCCCCCCCCCCCC)C(=O)NC(C)(C)C)(C(=O)CCCCCCC/C=C\C/C=C\CCCCC)CCCN(CCCC)CCCC,0.21638848049694956
N(C(CCCCCOC(=O)CCCCCCCCCCCCCCCCC)C(=O)NC(C)(C)C)(C(=O)CCCCCCC/C=C\C/C=C\CCCCC)CCCN(C)C,0.17214785863587775
N(C(CCCCCOC(=O)CCCCCCCCCCCCCCCCC)C(=O)NC(C)(C)C)(C(=O)CCCCCCC/C=C\C/C=C\CCCCC)CCN(C)C,0.15561372148028974
N(C(CCCCCOC(=O)CCCCCCCCCCCCCCCCC)C(=O)NC2CCCCC2)(C(=O)CCCCCCC/C=C\C/C=C\CCCCC)CCCN(CCCC)CCCC,0.24610956390992692
N(C(CCCCCOC(=O)CCCCCCCCCCCCCCCCC)C(=O)NC2CCCCC2)(C(=O)CCCCCCC/C=C\C/C=C\CCCCC)CCCN(C)C,0.1978345779178317
N(C(CCCCCOC(=O)CCCCCCCCCCCCCCCCC)C(=O)NC2CCCCC2)(C(=O)CCCCCCC/C=C\C/C=C\CCCCC)CCN(C)C,0.18203819974974916
N(C(CCCCCOC(=O)CCCCCCCCCCCCCCCCC)C(=O)NCCCC)(C(=O)CCCCCCC/C=C\C/C=C\CCCCC)CCCN(CCCC)CCCC,0.29098201206023716
N(C(CCCCCOC(=O)CCCCCCCCCCCCCCCCC)C(=O)NCCCC)(C(=O)CCCCCCC/C=C\C/C=C\CCCCC)CCCN(C)C,0.23868841741712454
N(C(CCCCCOC(=O)CCCCCCCCCCCCCCCCC)C(=O)NCCCC)(C(=O)CCCCCCC/C=C\C/C=C\CCCCC)CCN(C)C,0.2208136225867864
N(C(CCCCCOC(=O)CCCCCCCCCCCCCCCCC)C(=O)NCC(=O)OC(C)(C)C)(C(=O)CCCCCCCCCCCCCCC)CCCN(CCCC)CCCC,0.21093896185530417
N(C(CCCCCOC(=O)CCCCCCCCCCCCCCCCC)C(=O)NCC(=O)OC(C)(C)C)(C(=O)CCCCCCCCCCCCCCC)CCCN(C)C,0.16847783810255199
N(C(CCCCCOC(=O)CCCCCCCCCCCCCCCCC)C(=O)NCC(=O)OC(C)(C)C)(C(=O)CCCCCCCCCCCCCCC)CCN(C)C,0.15311806245905815
N(C(CCCCCOC(=O)CCCCCCCCCCCCCCCCC)C(=O)NC(C)(C)C)(C(=O)CCCCCCCCCCCCCCC)CCCN(CCCC)CCCC,0.2085066551836104
N(C(CCCCCOC(=O)CCCCCCCCCCCCCCCCC)C(=O)NC(C)(C)C)(C(=O)CCCCCCCCCCCCCCC)CCCN(C)C,0.16333159367661731
N(C(CCCCCOC(=O)CCCCCCCCCCCCCCCCC)C(=O)NC(C)(C)C)(C(=O)CCCCCCCCCCCCCCC)CCN(C)C,0.14589834279405373
N(C(CCCCCOC(=O)CCCCCCCCCCCCCCCCC)C(=O)NC2CCCCC2)(C(=O)CCCCCCCCCCCCCCC)CCCN(CCCC)CCCC,0.23735615565593338
N(C(CCCCCOC(=O)CCCCCCCCCCCCCCCCC)C(=O)NC2CCCCC2)(C(=O)CCCCCCCCCCCCCCC)CCCN(C)C,0.1891274598348376
N(C(CCCCCOC(=O)CCCCCCCCCCCCCCCCC)C(=O)NC2CCCCC2)(C(=O)CCCCCCCCCCCCCCC)CCN(C)C,0.1728125776812774
N(C(CCCCCOC(=O)CCCCCCCCCCCCCCCCC)C(=O)NCCCC)(C(=O)CCCCCCCCCCCCCCC)CCCN(CCCC)CCCC,0.2834291743866032
N(C(CCCCCOC(=O)CCCCCCCCCCCCCCCCC)C(=O)NCCCC)(C(=O)CCCCCCCCCCCCCCC)CCCN(C)C,0.22929026608380187
N(C(CCCCCOC(=O)CCCCCCCCCCCCCCCCC)C(=O)NCCCC)(C(=O)CCCCCCCCCCCCCCC)CCN(C)C,0.21077463325020854
N(C(CCCCCOC(=O)CCCCCCCCCCCCCCCCC)C(=O)NCC(=O)OC(C)(C)C)(C(=O)CCCCC(=O)OC(CCCCCCCC)CCCCCCCC)CCCN(CCCC)CCCC,0.21430938795614274
N(C(CCCCCOC(=O)CCCCCCCCCCCCCCCCC)C(=O)NCC(=O)OC(C)(C)C)(C(=O)CCCCC(=O)OC(CCCCCCCC)CCCCCCCC)CCCN(C)C,0.1772779420546757
N(C(CCCCCOC(=O)CCCCCCCCCCCCCCCCC)C(=O)NCC(=O)OC(C)(C)C)(C(=O)CCCCC(=O)OC(CCCCCCCC)CCCCCCCC)CCN(C)C,0.16346532751262605
N(C(CCCCCOC(=O)CCCCCCCCCCCCCCCCC)C(=O)NC(C)(C)C)(C(=O)CCCCC(=O)OC(CCCCCCCC)CCCCCCCC)CCCN(CCCC)CCCC,0.2124656663659303
N(C(CCCCCOC(=O)CCCCCCCCCCCCCCCCC)C(=O)NC(C)(C)C)(C(=O)CCCCC(=O)OC(CCCCCCCC)CCCCCCCC)CCCN(C)C,0.1729772667549337
N(C(CCCCCOC(=O)CCCCCCCCCCCCCCCCC)C(=O)NC(C)(C)C)(C(=O)CCCCC(=O)OC(CCCCCCCC)CCCCCCCC)CCN(C)C,0.15830936545507662
N(C(CCCCCOC(=O)CCCCCCCCCCCCCCCCC)C(=O)NC2CCCCC2)(C(=O)CCCCC(=O)OC(CCCCCCCC)CCCCCCCC)CCCN(CCCC)CCCC,0.23555106427980615
N(C(CCCCCOC(=O)CCCCCCCCCCCCCCCCC)C(=O)NC2CCCCC2)(C(=O)CCCCC(=O)OC(CCCCCCCC)CCCCCCCC)CCCN(C)C,0.1958859299374175
N(C(CCCCCOC(=O)CCCCCCCCCCCCCCCCC)C(=O)NC2CCCCC2)(C(=O)CCCCC(=O)OC(CCCCCCCC)CCCCCCCC)CCN(C)C,0.1816413388839744
N(C(CCCCCOC(=O)CCCCCCCCCCCCCCCCC)C(=O)NCCCC)(C(=O)CCCCC(=O)OC(CCCCCCCC)CCCCCCCC)CCCN(CCCC)CCCC,0.27622590109967937
N(C(CCCCCOC(=O)CCCCCCCCCCCCCCCCC)C(=O)NCCCC)(C(=O)CCCCC(=O)OC(CCCCCCCC)CCCCCCCC)CCCN(C)C,0.22948986052974976
N(C(CCCCCOC(=O)CCCCCCCCCCCCCCCCC)C(=O)NCCCC)(C(=O)CCCCC(=O)OC(CCCCCCCC)CCCCCCCC)CCN(C)C,0.21464286643333294
N(C(CCCCCOC(=O)CCCCCCCCCCCCCCC)C(=O)NCC(=O)OC(C)(C)C)(C(=O)CCCCCCC/C=C\CCCCCCCC)CCCN(CCCC)CCCC,0.2175284172614997
N(C(CCCCCOC(=O)CCCCCCCCCCCCCCC)C(=O)NCC(=O)OC(C)(C)C)(C(=O)CCCCCCC/C=C\CCCCCCCC)CCCN(C)C,0.1756058485579125
N(C(CCCCCOC(=O)CCCCCCCCCCCCCCC)C(=O)NCC(=O)OC(C)(C)C)(C(=O)CCCCCCC/C=C\CCCCCCCC)CCN(C)C,0.16021221890876236
N(C(CCCCCOC(=O)CCCCCCCCCCCCCCC)C(=O)NC(C)(C)C)(C(=O)CCCCCCC/C=C\CCCCCCCC)CCCN(CCCC)CCCC,0.21555341001758643
N(C(CCCCCOC(=O)CCCCCCCCCCCCCCC)C(=O)NC(C)(C)C)(C(=O)CCCCCCC/C=C\CCCCCCCC)CCCN(C)C,0.17074638691103786
N(C(CCCCCOC(=O)CCCCCCCCCCCCCCC)C(=O)NC(C)(C)C)(C(=O)CCCCCCC/C=C\CCCCCCCC)CCN(C)C,0.1545547549661802
N(C(CCCCCOC(=O)CCCCCCCCCCCCCCC)C(=O)NC2CCCCC2)(C(=O)CCCCCCC/C=C\CCCCCCCC)CCCN(CCCC)CCCC,0.24349154083187108
N(C(CCCCCOC(=O)CCCCCCCCCCCCCCC)C(=O)NC2CCCCC2)(C(=O)CCCCCCC/C=C\CCCCCCCC)CCCN(C)C,0.19681820677197473
N(C(CCCCCOC(=O)CCCCCCCCCCCCCCC)C(=O)NC2CCCCC2)(C(=O)CCCCCCC/C=C\CCCCCCCC)CCN(C)C,0.18068770428719744
N(C(CCCCCOC(=O)CCCCCCCCCCCCCCC)C(=O)NCCCC)(C(=O)CCCCCCC/C=C\CCCCCCCC)CCCN(CCCC)CCCC,0.2900033999961104
N(C(CCCCCOC(=O)CCCCCCCCCCCCCCC)C(=O)NCCCC)(C(=O)CCCCCCC/C=C\CCCCCCCC)CCCN(C)C,0.2355846629535653
N(C(CCCCCOC(=O)CCCCCCCCCCCCCCC)C(=O)NCCCC)(C(=O)CCCCCCC/C=C\CCCCCCCC)CCN(C)C,0.2186380446279068
N(C(CCCCCOC(=O)CCCCCCCCCCCCCCC)C(=O)NCC(=O)OC(C)(C)C)(C(=O)CCCCCCC/C=C\C/C=C\CCCCC)CCCN(CCCC)CCCC,0.21628965203323242
N(C(CCCCCOC(=O)CCCCCCCCCCCCCCC)C(=O)NCC(=O)OC(C)(C)C)(C(=O)CCCCCCC/C=C\C/C=C\CCCCC)CCCN(C)C,0.17472492347372742
N(C(CCCCCOC(=O)CCCCCCCCCCCCCCC)C(=O)NCC(=O)OC(C)(C)C)(C(=O)CCCCCCC/C=C\C/C=C\CCCCC)CCN(C)C,0.15899710942978906
N(C(CCCCCOC(=O)CCCCCCCCCCCCCCC)C(=O)NC(C)(C)C)(C(=O)CCCCCCC/C=C\C/C=C\CCCCC)CCCN(CCCC)CCCC,0.21432272529288754
N(C(CCCCCOC(=O)CCCCCCCCCCCCCCC)C(=O)NC(C)(C)C)(C(=O)CCCCCCC/C=C\C/C=C\CCCCC)CCCN(C)C,0.16975838764481033
N(C(CCCCCOC(=O)CCCCCCCCCCCCCCC)C(=O)NC(C)(C)C)(C(=O)CCCCCCC/C=C\C/C=C\CCCCC)CCN(C)C,0.15250741369775908
N(C(CCCCCOC(=O)CCCCCCCCCCCCCCC)C(=O)NC2CCCCC2)(C(=O)CCCCCCC/C=C\C/C=C\CCCCC)CCCN(CCCC)CCCC,0.24518879203026442
N(C(CCCCCOC(=O)CCCCCCCCCCCCCCC)C(=O)NC2CCCCC2)(C(=O)CCCCCCC/C=C\C/C=C\CCCCC)CCCN(C)C,0.19654528701297713
N(C(CCCCCOC(=O)CCCCCCCCCCCCCCC)C(=O)NC2CCCCC2)(C(=O)CCCCCCC/C=C\C/C=C\CCCCC)CCN(C)C,0.18017064217596243
N(C(CCCCCOC(=O)CCCCCCCCCCCCCCC)C(=O)NCCCC)(C(=O)CCCCCCC/C=C\C/C=C\CCCCC)CCCN(CCCC)CCCC,0.2913147545807827
N(C(CCCCCOC(=O)CCCCCCCCCCCCCCC)C(=O)NCCCC)(C(=O)CCCCCCC/C=C\C/C=C\CCCCC)CCCN(C)C,0.237080832773198
N(C(CCCCCOC(=O)CCCCCCCCCCCCCCC)C(=O)NCCCC)(C(=O)CCCCCCC/C=C\C/C=C\CCCCC)CCN(C)C,0.21872903290042936
N(C(CCCCCOC(=O)CCCCCCCCCCCCCCC)C(=O)NCC(=O)OC(C)(C)C)(C(=O)CCCCCCCCCCCCCCC)CCCN(CCCC)CCCC,0.20985769134900314
N(C(CCCCCOC(=O)CCCCCCCCCCCCCCC)C(=O)NCC(=O)OC(C)(C)C)(C(=O)CCCCCCCCCCCCCCC)CCCN(C)C,0.16604871556981082
N(C(CCCCCOC(=O)CCCCCCCCCCCCCCC)C(=O)NCC(=O)OC(C)(C)C)(C(=O)CCCCCCCCCCCCCCC)CCN(C)C,0.150347906628876
N(C(CCCCCOC(=O)CCCCCCCCCCCCCCC)C(=O)NC(C)(C)C)(C(=O)CCCCCCCCCCCCCCC)CCCN(CCCC)CCCC,0.2073129184863802
N(C(CCCCCOC(=O)CCCCCCCCCCCCCCC)C(=O)NC(C)(C)C)(C(=O)CCCCCCCCCCCCCCC)CCCN(C)C,0.160543053949841
N(C(CCCCCOC(=O)CCCCCCCCCCCCCCC)C(=O)NC(C)(C)C)(C(=O)CCCCCCCCCCCCCCC)CCN(C)C,0.14257989926356854
N(C(CCCCCOC(=O)CCCCCCCCCCCCCCC)C(=O)NC2CCCCC2)(C(=O)CCCCCCCCCCCCCCC)CCCN(CCCC)CCCC,0.23601482210263203
N(C(CCCCCOC(=O)CCCCCCCCCCCCCCC)C(=O)NC2CCCCC2)(C(=O)CCCCCCCCCCCCCCC)CCCN(C)C,0.18734725580892
N(C(CCCCCOC(=O)CCCCCCCCCCCCCCC)C(=O)NC2CCCCC2)(C(=O)CCCCCCCCCCCCCCC)CCN(C)C,0.1704698174078635
N(C(CCCCCOC(=O)CCCCCCCCCCCCCCC)C(=O)NCCCC)(C(=O)CCCCCCCCCCCCCCC)CCCN(CCCC)CCCC,0.2835286336703015
N(C(CCCCCOC(=O)CCCCCCCCCCCCCCC)C(=O)NCCCC)(C(=O)CCCCCCCCCCCCCCC)CCCN(C)C,0.22716145892066925
N(C(CCCCCOC(=O)CCCCCCCCCCCCCCC)C(=O)NCCCC)(C(=O)CCCCCCCCCCCCCCC)CCN(C)C,0.2094647055202556
N(C(CCCCCOC(=O)CCCCCCCCCCCCCCC)C(=O)NCC(=O)OC(C)(C)C)(C(=O)CCCCC(=O)OC(CCCCCCCC)CCCCCCCC)CCCN(CCCC)CCCC,0.21346607175845428
N(C(CCCCCOC(=O)CCCCCCCCCCCCCCC)C(=O)NCC(=O)OC(C)(C)C)(C(=O)CCCCC(=O)OC(CCCCCCCC)CCCCCCCC)CCCN(C)C,0.17541531088455145
N(C(CCCCCOC(=O)CCCCCCCCCCCCCCC)C(=O)NCC(=O)OC(C)(C)C)(C(=O)CCCCC(=O)OC(CCCCCCCC)CCCCCCCC)CCN(C)C,0.16119616290368236
N(C(CCCCCOC(=O)CCCCCCCCCCCCCCC)C(=O)NC(C)(C)C)(C(=O)CCCCC(=O)OC(CCCCCCCC)CCCCCCCC)CCCN(CCCC)CCCC,0.2115007971656791
N(C(CCCCCOC(=O)CCCCCCCCCCCCCCC)C(=O)NC(C)(C)C)(C(=O)CCCCC(=O)OC(CCCCCCCC)CCCCCCCC)CCCN(C)C,0.17085350615165043
N(C(CCCCCOC(=O)CCCCCCCCCCCCCCC)C(=O)NC(C)(C)C)(C(=O)CCCCC(=O)OC(CCCCCCCC)CCCCCCCC)CCN(C)C,0.15573323182767534
N(C(CCCCCOC(=O)CCCCCCCCCCCCCCC)C(=O)NC2CCCCC2)(C(=O)CCCCC(=O)OC(CCCCCCCC)CCCCCCCC)CCCN(CCCC)CCCC,0.23482453989577493
N(C(CCCCCOC(=O)CCCCCCCCCCCCCCC)C(=O)NC2CCCCC2)(C(=O)CCCCC(=O)OC(CCCCCCCC)CCCCCCCC)CCCN(C)C,0.1946148276753534
N(C(CCCCCOC(=O)CCCCCCCCCCCCCCC)C(=O)NC2CCCCC2)(C(=O)CCCCC(=O)OC(CCCCCCCC)CCCCCCCC)CCN(C)C,0.17983304834937122
N(C(CCCCCOC(=O)CCCCCCCCCCCCCCC)C(=O)NCCCC)(C(=O)CCCCC(=O)OC(CCCCCCCC)CCCCCCCC)CCCN(CCCC)CCCC,0.27597834931563897
N(C(CCCCCOC(=O)CCCCCCCCCCCCCCC)C(=O)NCCCC)(C(=O)CCCCC(=O)OC(CCCCCCCC)CCCCCCCC)CCCN(C)C,0.22895092999250077
N(C(CCCCCOC(=O)CCCCCCCCCCCCCCC)C(=O)NCCCC)(C(=O)CCCCC(=O)OC(CCCCCCCC)CCCCCCCC)CCN(C)C,0.21364860402586375
N(C(CCCCCOC(=O)CCCCCCCCCCCC)C(=O)NCC(=O)OC(C)(C)C)(C(=O)CCCCCCC/C=C\CCCCCCCC)CCCN(CCCC)CCCC,0.2163534850075178
N(C(CCCCCOC(=O)CCCCCCCCCCCC)C(=O)NCC(=O)OC(C)(C)C)(C(=O)CCCCCCC/C=C\CCCCCCCC)CCCN(C)C,0.17229697246380843
N(C(CCCCCOC(=O)CCCCCCCCCCCC)C(=O)NCC(=O)OC(C)(C)C)(C(=O)CCCCCCC/C=C\CCCCCCCC)CCN(C)C,0.15638252582258294
N(C(CCCCCOC(=O)CCCCCCCCCCCC)C(=O)NC(C)(C)C)(C(=O)CCCCCCC/C=C\CCCCCCCC)CCCN(CCCC)CCCC,0.2142089674229493
N(C(CCCCCOC(=O)CCCCCCCCCCCC)C(=O)NC(C)(C)C)(C(=O)CCCCCCC/C=C\CCCCCCCC)CCCN(C)C,0.1670495715480356
N(C(CCCCCOC(=O)CCCCCCCCCCCC)C(=O)NC(C)(C)C)(C(=O)CCCCCCC/C=C\CCCCCCCC)CCN(C)C,0.1500126708674525
N(C(CCCCCOC(=O)CCCCCCCCCCCC)C(=O)NC2CCCCC2)(C(=O)CCCCCCC/C=C\CCCCCCCC)CCCN(CCCC)CCCC,0.2417899640107497
N(C(CCCCCOC(=O)CCCCCCCCCCCC)C(=O)NC2CCCCC2)(C(=O)CCCCCCC/C=C\CCCCCCCC)CCCN(C)C,0.1946291412811167
N(C(CCCCCOC(=O)CCCCCCCCCCCC)C(=O)NC2CCCCC2)(C(=O)CCCCCCC/C=C\CCCCCCCC)CCN(C)C,0.17747058246130734
N(C(CCCCCOC(=O)CCCCCCCCCCCC)C(=O)NCCCC)(C(=O)CCCCCCC/C=C\CCCCCCCC)CCCN(CCCC)CCCC,0.29049823321277074
N(C(CCCCCOC(=O)CCCCCCCCCCCC)C(=O)NCCCC)(C(=O)CCCCCCC/C=C\CCCCCCCC)CCCN(C)C,0.23482922598706363
N(C(CCCCCOC(=O)CCCCCCCCCCCC)C(=O)NCCCC)(C(=O)CCCCCCC/C=C\CCCCCCCC)CCN(C)C,0.2171113250977573
N(C(CCCCCOC(=O)CCCCCCCCCCCC)C(=O)NCC(=O)OC(C)(C)C)(C(=O)CCCCCCC/C=C\C/C=C\CCCCC)CCCN(CCCC)CCCC,0.21527978434099088
N(C(CCCCCOC(=O)CCCCCCCCCCCC)C(=O)NCC(=O)OC(C)(C)C)(C(=O)CCCCCCC/C=C\C/C=C\CCCCC)CCCN(C)C,0.17139221139604902
N(C(CCCCCOC(=O)CCCCCCCCCCCC)C(=O)NCC(=O)OC(C)(C)C)(C(=O)CCCCCCC/C=C\C/C=C\CCCCC)CCN(C)C,0.15489239385134151
N(C(CCCCCOC(=O)CCCCCCCCCCCC)C(=O)NC(C)(C)C)(C(=O)CCCCCCC/C=C\C/C=C\CCCCC)CCCN(CCCC)CCCC,0.21294297179882804
N(C(CCCCCOC(=O)CCCCCCCCCCCC)C(=O)NC(C)(C)C)(C(=O)CCCCCCC/C=C\C/C=C\CCCCC)CCCN(C)C,0.16584221214311673
N(C(CCCCCOC(=O)CCCCCCCCCCCC)C(=O)NC(C)(C)C)(C(=O)CCCCCCC/C=C\C/C=C\CCCCC)CCN(C)C,0.14737690973230702
N(C(CCCCCOC(=O)CCCCCCCCCCCC)C(=O)NC2CCCCC2)(C(=O)CCCCCCC/C=C\C/C=C\CCCCC)CCCN(CCCC)CCCC,0.2437233070968588
N(C(CCCCCOC(=O)CCCCCCCCCCCC)C(=O)NC2CCCCC2)(C(=O)CCCCCCC/C=C\C/C=C\CCCCC)CCCN(C)C,0.19446536839838544
N(C(CCCCCOC(=O)CCCCCCCCCCCC)C(=O)NC2CCCCC2)(C(=O)CCCCCCC/C=C\C/C=C\CCCCC)CCN(C)C,0.17712809227010035
N(C(CCCCCOC(=O)CCCCCCCCCCCC)C(=O)NCCCC)(C(=O)CCCCCCC/C=C\C/C=C\CCCCC)CCCN(CCCC)CCCC,0.29188735888940764
N(C(CCCCCOC(=O)CCCCCCCCCCCC)C(=O)NCCCC)(C(=O)CCCCCCC/C=C\C/C=C\CCCCC)CCCN(C)C,0.2346984359776337
N(C(CCCCCOC(=O)CCCCCCCCCCCC)C(=O)NCCCC)(C(=O)CCCCCCC/C=C\C/C=C\CCCCC)CCN(C)C,0.21604041806257554
N(C(CCCCCOC(=O)CCCCCCCCCCCC)C(=O)NCC(=O)OC(C)(C)C)(C(=O)CCCCCCCCCCCCCCC)CCCN(CCCC)CCCC,0.2082646906622604
N(C(CCCCCOC(=O)CCCCCCCCCCCC)C(=O)NCC(=O)OC(C)(C)C)(C(=O)CCCCCCCCCCCCCCC)CCCN(C)C,0.1620877668689773
N(C(CCCCCOC(=O)CCCCCCCCCCCC)C(=O)NCC(=O)OC(C)(C)C)(C(=O)CCCCCCCCCCCCCCC)CCN(C)C,0.1458661709750139
N(C(CCCCCOC(=O)CCCCCCCCCCCC)C(=O)NC(C)(C)C)(C(=O)CCCCCCCCCCCCCCC)CCCN(CCCC)CCCC,0.2054785690787452
N(C(CCCCCOC(=O)CCCCCCCCCCCC)C(=O)NC(C)(C)C)(C(=O)CCCCCCCCCCCCCCC)CCCN(C)C,0.15632370936910023
N(C(CCCCCOC(=O)CCCCCCCCCCCC)C(=O)NC(C)(C)C)(C(=O)CCCCCCCCCCCCCCC)CCN(C)C,0.13710275971846175
N(C(CCCCCOC(=O)CCCCCCCCCCCC)C(=O)NC2CCCCC2)(C(=O)CCCCCCCCCCCCCCC)CCCN(CCCC)CCCC,0.23394830090287855
N(C(CCCCCOC(=O)CCCCCCCCCCCC)C(=O)NC2CCCCC2)(C(=O)CCCCCCCCCCCCCCC)CCCN(C)C,0.1844381093095527
N(C(CCCCCOC(=O)CCCCCCCCCCCC)C(=O)NC2CCCCC2)(C(=O)CCCCCCCCCCCCCCC)CCN(C)C,0.16656531207582162
N(C(CCCCCOC(=O)CCCCCCCCCCCC)C(=O)NCCCC)(C(=O)CCCCCCCCCCCCCCC)CCCN(CCCC)CCCC,0.2836909046006966
N(C(CCCCCOC(=O)CCCCCCCCCCCC)C(=O)NCCCC)(C(=O)CCCCCCCCCCCCCCC)CCCN(C)C,0.2257055714626915
N(C(CCCCCOC(=O)CCCCCCCCCCCC)C(=O)NCCCC)(C(=O)CCCCCCCCCCCCCCC)CCN(C)C,0.2073361536890201
N(C(CCCCCOC(=O)CCCCCCCCCCCC)C(=O)NCC(=O)OC(C)(C)C)(C(=O)CCCCC(=O)OC(CCCCCCCC)CCCCCCCC)CCCN(CCCC)CCCC,0.21228429060181964
N(C(CCCCCOC(=O)CCCCCCCCCCCC)C(=O)NCC(=O)OC(C)(C)C)(C(=O)CCCCC(=O)OC(CCCCCCCC)CCCCCCCC)CCCN(C)C,0.17241187181752213
N(C(CCCCCOC(=O)CCCCCCCCCCCC)C(=O)NCC(=O)OC(C)(C)C)(C(=O)CCCCC(=O)OC(CCCCCCCC)CCCCCCCC)CCN(C)C,0.15751969899483462
N(C(CCCCCOC(=O)CCCCCCCCCCCC)C(=O)NC(C)(C)C)(C(=O)CCCCC(=O)OC(CCCCCCCC)CCCCCCCC)CCCN(CCCC)CCCC,0.21009794364468998
N(C(CCCCCOC(=O)CCCCCCCCCCCC)C(=O)NC(C)(C)C)(C(=O)CCCCC(=O)OC(CCCCCCCC)CCCCCCCC)CCCN(C)C,0.16747231105256186
N(C(CCCCCOC(=O)CCCCCCCCCCCC)C(=O)NC(C)(C)C)(C(=O)CCCCC(=O)OC(CCCCCCCC)CCCCCCCC)CCN(C)C,0.1518240704433915
N(C(CCCCCOC(=O)CCCCCCCCCCCC)C(=O)NC2CCCCC2)(C(=O)CCCCC(=O)OC(CCCCCCCC)CCCCCCCC)CCCN(CCCC)CCCC,0.2343565015087911
N(C(CCCCCOC(=O)CCCCCCCCCCCC)C(=O)NC2CCCCC2)(C(=O)CCCCC(=O)OC(CCCCCCCC)CCCCCCCC)CCCN(C)C,0.19256275525707348
N(C(CCCCCOC(=O)CCCCCCCCCCCC)C(=O)NC2CCCCC2)(C(=O)CCCCC(=O)OC(CCCCCCCC)CCCCCCCC)CCN(C)C,0.1769870739652614
N(C(CCCCCOC(=O)CCCCCCCCCCCC)C(=O)NCCCC)(C(=O)CCCCC(=O)OC(CCCCCCCC)CCCCCCCC)CCCN(CCCC)CCCC,0.275558613715785
N(C(CCCCCOC(=O)CCCCCCCCCCCC)C(=O)NCCCC)(C(=O)CCCCC(=O)OC(CCCCCCCC)CCCCCCCC)CCCN(C)C,0.22808287663983629
N(C(CCCCCOC(=O)CCCCCCCCCCCC)C(=O)NCCCC)(C(=O)CCCCC(=O)OC(CCCCCCCC)CCCCCCCC)CCN(C)C,0.21211990191863056
N(C(CCCCCOC(=O)CCCCCCCCCC)C(=O)NCC(=O)OC(C)(C)C)(C(=O)CCCCCCC/C=C\CCCCCCCC)CCN1CCCC1,0.1657260962080108
N(C(CCCCCOC(=O)CCCCCCCCCC)C(=O)NCC(=O)OC(C)(C)C)(C(=O)CCCCCCC/C=C\CCCCCCCC)CCCN(CCN1C)CC1,0.16116570331030572
N(C(CCCCCOC(=O)CCCCCCCCCC)C(=O)NCC(=O)OC(C)(C)C)(C(=O)CCCCCCC/C=C\CCCCCCCC)CCCN1CCCC1,0.18302412632175288
N(C(CCCCCOC(=O)CCCCCCCCCC)C(=O)NCC(=O)OC(C)(C)C)(C(=O)CCCCCCC/C=C\CCCCCCCC)CCCN1CCCCC1,0.18048283798854975
N(C(CCCCCOC(=O)CCCCCCCCCC)C(=O)NCC(=O)OC(C)(C)C)(C(=O)CCCCCCC/C=C\CCCCCCCC)CCCN1CCCCCC1,0.17733240284638366
N(C(CCCCCOC(=O)CCCCCCCCCC)C(=O)NCC(=O)OC(C)(C)C)(C(=O)CCCCCCC/C=C\CCCCCCCC)CCCN1CCOCC1,-0.09121806415899365
N(C(CCCCCOC(=O)CCCCCCCCCC)C(=O)NCC(=O)OC(C)(C)C)(C(=O)CCCCCCC/C=C\CCCCCCCC)CCN1CCCCCC1,0.16093359159628068
N(C(CCCCCOC(=O)CCCCCCCCCC)C(=O)NCC(=O)OC(C)(C)C)(C(=O)CCCCCCC/C=C\CCCCCCCC)CCN1CCCCC1CC,0.13555324055184986
N(C(CCCCCOC(=O)CCCCCCCCCC)C(=O)NCC(=O)OC(C)(C)C)(C(=O)CCCCCCC/C=C\CCCCCCCC)CCN1C=CN=C1,-0.04399527838573375
N(C(CCCCCOC(=O)CCCCCCCCCC)C(=O)NCC(=O)OC(C)(C)C)(C(=O)CCCCCCC/C=C\CCCCCCCC)CCN1CCN(C)CCC1,0.1371866888150045
N(C(CCCCCOC(=O)CCCCCCCCCC)C(=O)NCC(=O)OC(C)(C)C)(C(=O)CCCCCCC/C=C\CCCCCCCC)CCCN1CCN(C)CCC1,0.1528824211570432
N(C(CCCCCOC(=O)CCCCCCCCCC)C(=O)NCC(=O)OC(C)(C)C)(C(=O)CCCCCCC/C=C\CCCCCCCC)CCN1CCCCC1,0.1636248348507227
N(C(CCCCCOC(=O)CCCCCCCCCC)C(=O)NCC(=O)OC(C)(C)C)(C(=O)CCCCCCC/C=C\CCCCCCCC)CCCN(CCO)CCO,0.09872886881896464
N(C(CCCCCOC(=O)CCCCCCCCCC)C(=O)NCC(=O)OC(C)(C)C)(C(=O)CCCCCCC/C=C\CCCCCCCC)CCCN(CC)CC,0.18237774611437735
N(C(CCCCCOC(=O)CCCCCCCCCC)C(=O)NCC(=O)OC(C)(C)C)(C(=O)CCCCCCC/C=C\CCCCCCCC)CCCN(CCCC)CCCC,0.21553059536160069
N(C(CCCCCOC(=O)CCCCCCCCCC)C(=O)NCC(=O)OC(C)(C)C)(C(=O)CCCCCCC/C=C\CCCCCCCC)CCCN(C)C,0.16989631192783683
N(C(CCCCCOC(=O)CCCCCCCCCC)C(=O)NCC(=O)OC(C)(C)C)(C(=O)CCCCCCC/C=C\CCCCCCCC)CCCN1CCN(CC1)CCCN,0.20496381997410784
N(C(CCCCCOC(=O)CCCCCCCCCC)C(=O)NCC(=O)OC(C)(C)C)(C(=O)CCCCCCC/C=C\CCCCCCCC)CCN(C)CCN,0.20258088247570255
N(C(CCCCCOC(=O)CCCCCCCCCC)C(=O)NCC(=O)OC(C)(C)C)(C(=O)CCCCCCC/C=C\CCCCCCCC)CCCN1CCCCC1CC,0.15023073932713477
N(C(CCCCCOC(=O)CCCCCCCCCC)C(=O)NCC(=O)OC(C)(C)C)(C(=O)CCCCCCC/C=C\CCCCCCCC)CCN(CC1)CCS1(=O)=O,0.11842590732110857
N(C(CCCCCOC(=O)CCCCCCCCCC)C(=O)NCC(=O)OC(C)(C)C)(C(=O)CCCCCCC/C=C\CCCCCCCC)C1CCN(CC2=CC=CC=C2)CC1,0.03164624042008632
N(C(CCCCCOC(=O)CCCCCCCCCC)C(=O)NCC(=O)OC(C)(C)C)(C(=O)CCCCCCC/C=C\CCCCCCCC)CCCN1C=CN=C1,-0.02942064081618848
N(C(CCCCCOC(=O)CCCCCCCCCC)C(=O)NCC(=O)OC(C)(C)C)(C(=O)CCCCCCC/C=C\CCCCCCCC)CC1=CC=CN=C1,-0.02183691549276207
N(C(CCCCCOC(=O)CCCCCCCCCC)C(=O)NCC(=O)OC(C)(C)C)(C(=O)CCCCCCC/C=C\CCCCCCCC)CCN1CCOCC1,-0.109455542929698
N(C(CCCCCOC(=O)CCCCCCCCCC)C(=O)NCC(=O)OC(C)(C)C)(C(=O)CCCCCCC/C=C\CCCCCCCC)CCN(C)C,0.1537045598267923
N(C(CCCCCOC(=O)CCCCCCCCCC)C(=O)NC(C)(C)C)(C(=O)CCCCCCC/C=C\CCCCCCCC)CCCN(CCCC)CCCC,0.21327705105695272
N(C(CCCCCOC(=O)CCCCCCCCCC)C(=O)NC(C)(C)C)(C(=O)CCCCCCC/C=C\CCCCCCCC)CCCN(C)C,0.16451465149273764
N(C(CCCCCOC(=O)CCCCCCCCCC)C(=O)NC(C)(C)C)(C(=O)CCCCCCC/C=C\CCCCCCCC)CCN(C)C,0.14665800024661993
N(C(CCCCCOC(=O)CCCCCCCCCC)C(=O)NC2CCCCC2)(C(=O)CCCCCCC/C=C\CCCCCCCC)CCN1CCCC1,0.18956527894081857
N(C(CCCCCOC(=O)CCCCCCCCCC)C(=O)NC2CCCCC2)(C(=O)CCCCCCC/C=C\CCCCCCCC)CCCN(CCN1C)CC1,0.1831312605818888
N(C(CCCCCOC(=O)CCCCCCCCCC)C(=O)NC2CCCCC2)(C(=O)CCCCCCC/C=C\CCCCCCCC)CCCN1CCCC1,0.2075859884406114
N(C(CCCCCOC(=O)CCCCCCCCCC)C(=O)NC2CCCCC2)(C(=O)CCCCCCC/C=C\CCCCCCCC)CCCN1CCCCC1,0.2046701732728717
N(C(CCCCCOC(=O)CCCCCCCCCC)C(=O)NC2CCCCC2)(C(=O)CCCCCCC/C=C\CCCCCCCC)CCCN1CCCCCC1,0.2012466381374277
N(C(CCCCCOC(=O)CCCCCCCCCC)C(=O)NC2CCCCC2)(C(=O)CCCCCCC/C=C\CCCCCCCC)CCCN1CCOCC1,-0.08627320901204853
N(C(CCCCCOC(=O)CCCCCCCCCC)C(=O)NC2CCCCC2)(C(=O)CCCCCCC/C=C\CCCCCCCC)CCN1CCCCCC1,0.18423695283317523
N(C(CCCCCOC(=O)CCCCCCCCCC)C(=O)NC2CCCCC2)(C(=O)CCCCCCC/C=C\CCCCCCCC)CCN1CCCCC1CC,0.15572465567983607
N(C(CCCCCOC(=O)CCCCCCCCCC)C(=O)NC2CCCCC2)(C(=O)CCCCCCC/C=C\CCCCCCCC)CCN1C=CN=C1,-0.035180004715015145
N(C(CCCCCOC(=O)CCCCCCCCCC)C(=O)NC2CCCCC2)(C(=O)CCCCCCC/C=C\CCCCCCCC)CCN1CCN(C)CCC1,0.15712558670183496
N(C(CCCCCOC(=O)CCCCCCCCCC)C(=O)NC2CCCCC2)(C(=O)CCCCCCC/C=C\CCCCCCCC)CCCN1CCN(C)CCC1,0.17397309119283244
N(C(CCCCCOC(=O)CCCCCCCCCC)C(=O)NC2CCCCC2)(C(=O)CCCCCCC/C=C\CCCCCCCC)CCN1CCCCC1,0.18732831618996143
N(C(CCCCCOC(=O)CCCCCCCCCC)C(=O)NC2CCCCC2)(C(=O)CCCCCCC/C=C\CCCCCCCC)CCCN(CCO)CCO,0.11688159992910303
N(C(CCCCCOC(=O)CCCCCCCCCC)C(=O)NC2CCCCC2)(C(=O)CCCCCCC/C=C\CCCCCCCC)CCCN(CC)CC,0.2060700529282353
N(C(CCCCCOC(=O)CCCCCCCCCC)C(=O)NC2CCCCC2)(C(=O)CCCCCCC/C=C\CCCCCCCC)CCCN(CCCC)CCCC,0.24082797855898386
N(C(CCCCCOC(=O)CCCCCCCCCC)C(=O)NC2CCCCC2)(C(=O)CCCCCCC/C=C\CCCCCCCC)CCCN(C)C,0.19308115410588764
N(C(CCCCCOC(=O)CCCCCCCCCC)C(=O)NC2CCCCC2)(C(=O)CCCCCCC/C=C\CCCCCCCC)CCCN1CCN(CC1)CCCN,0.2286613235430488
N(C(CCCCCOC(=O)CCCCCCCCCC)C(=O)NC2CCCCC2)(C(=O)CCCCCCC/C=C\CCCCCCCC)CCN(C)CCN,0.22772758981472552
N(C(CCCCCOC(=O)CCCCCCCCCC)C(=O)NC2CCCCC2)(C(=O)CCCCCCC/C=C\CCCCCCCC)CCCN1CCCCC1CC,0.17165981424377671
N(C(CCCCCOC(=O)CCCCCCCCCC)C(=O)NC2CCCCC2)(C(=O)CCCCCCC/C=C\CCCCCCCC)CCN(CC1)CCS1(=O)=O,0.1373679444229283
N(C(CCCCCOC(=O)CCCCCCCCCC)C(=O)NC2CCCCC2)(C(=O)CCCCCCC/C=C\CCCCCCCC)C1CCN(CC2=CC=CC=C2)CC1,0.04156451784740969
N(C(CCCCCOC(=O)CCCCCCCCCC)C(=O)NC2CCCCC2)(C(=O)CCCCCCC/C=C\CCCCCCCC)CCCN1C=CN=C1,-0.019928264503058894
N(C(CCCCCOC(=O)CCCCCCCCCC)C(=O)NC2CCCCC2)(C(=O)CCCCCCC/C=C\CCCCCCCC)CC1=CC=CN=C1,-0.011270379948282915
N(C(CCCCCOC(=O)CCCCCCCCCC)C(=O)NC2CCCCC2)(C(=O)CCCCCCC/C=C\CCCCCCCC)CCN1CCOCC1,-0.10490277994986046
N(C(CCCCCOC(=O)CCCCCCCCCC)C(=O)NC2CCCCC2)(C(=O)CCCCCCC/C=C\CCCCCCCC)CCN(C)C,0.17510741065564547
N(C(CCCCCOC(=O)CCCCCCCCCC)C(=O)NCCCC)(C(=O)CCCCCCC/C=C\CCCCCCCC)CCCN(CCCC)CCCC,0.2908978126122739
N(C(CCCCCOC(=O)CCCCCCCCCC)C(=O)NCCCC)(C(=O)CCCCCCC/C=C\CCCCCCCC)CCCN(C)C,0.23435055377754002
N(C(CCCCCOC(=O)CCCCCCCCCC)C(=O)NCCCC)(C(=O)CCCCCCC/C=C\CCCCCCCC)CCN(C)C,0.21599210025592236
N(C(CCCCCOC(=O)CCCCCCCCCC)C(=O)NCC(=O)OC(C)(C)C)(C(=O)CCCCCCC/C=C\C/C=C\CCCCC)CCN1CCCC1,0.16511969797182297
N(C(CCCCCOC(=O)CCCCCCCCCC)C(=O)NCC(=O)OC(C)(C)C)(C(=O)CCCCCCC/C=C\C/C=C\CCCCC)CCCN(CCN1C)CC1,0.16047920595603224
N(C(CCCCCOC(=O)CCCCCCCCCC)C(=O)NCC(=O)OC(C)(C)C)(C(=O)CCCCCCC/C=C\C/C=C\CCCCC)CCCN1CCCC1,0.18269599479487925
N(C(CCCCCOC(=O)CCCCCCCCCC)C(=O)NCC(=O)OC(C)(C)C)(C(=O)CCCCCCC/C=C\C/C=C\CCCCC)CCCN1CCCCC1,0.18028351389402236
N(C(CCCCCOC(=O)CCCCCCCCCC)C(=O)NCC(=O)OC(C)(C)C)(C(=O)CCCCCCC/C=C\C/C=C\CCCCC)CCCN1CCCCCC1,0.1773252535532637
N(C(CCCCCOC(=O)CCCCCCCCCC)C(=O)NCC(=O)OC(C)(C)C)(C(=O)CCCCCCC/C=C\C/C=C\CCCCC)CCCN1CCOCC1,-0.09116481994867796
N(C(CCCCCOC(=O)CCCCCCCCCC)C(=O)NCC(=O)OC(C)(C)C)(C(=O)CCCCCCC/C=C\C/C=C\CCCCC)CCN1CCCCCC1,0.16077705812380955
N(C(CCCCCOC(=O)CCCCCCCCCC)C(=O)NCC(=O)OC(C)(C)C)(C(=O)CCCCCCC/C=C\C/C=C\CCCCC)CCN1CCCCC1CC,0.13429804396502534
N(C(CCCCCOC(=O)CCCCCCCCCC)C(=O)NCC(=O)OC(C)(C)C)(C(=O)CCCCCCC/C=C\C/C=C\CCCCC)CCN1C=CN=C1,-0.04497728486214016
N(C(CCCCCOC(=O)CCCCCCCCCC)C(=O)NCC(=O)OC(C)(C)C)(C(=O)CCCCCCC/C=C\C/C=C\CCCCC)CCN1CCN(C)CCC1,0.13594983106620412
N(C(CCCCCOC(=O)CCCCCCCCCC)C(=O)NCC(=O)OC(C)(C)C)(C(=O)CCCCCCC/C=C\C/C=C\CCCCC)CCCN1CCN(C)CCC1,0.1520072485503055
N(C(CCCCCOC(=O)CCCCCCCCCC)C(=O)NCC(=O)OC(C)(C)C)(C(=O)CCCCCCC/C=C\C/C=C\CCCCC)CCN1CCCCC1,0.16334410493957724
N(C(CCCCCOC(=O)CCCCCCCCCC)C(=O)NCC(=O)OC(C)(C)C)(C(=O)CCCCCCC/C=C\C/C=C\CCCCC)CCCN(CCO)CCO,0.09767311648285441
N(C(CCCCCOC(=O)CCCCCCCCCC)C(=O)NCC(=O)OC(C)(C)C)(C(=O)CCCCCCC/C=C\C/C=C\CCCCC)CCCN(CC)CC,0.18150380510855527
N(C(CCCCCOC(=O)CCCCCCCCCC)C(=O)NCC(=O)OC(C)(C)C)(C(=O)CCCCCCC/C=C\C/C=C\CCCCC)CCCN(CCCC)CCCC,0.2145876696849803
N(C(CCCCCOC(=O)CCCCCCCCCC)C(=O)NCC(=O)OC(C)(C)C)(C(=O)CCCCCCC/C=C\C/C=C\CCCCC)CCCN(C)C,0.16907686175276943
N(C(CCCCCOC(=O)CCCCCCCCCC)C(=O)NCC(=O)OC(C)(C)C)(C(=O)CCCCCCC/C=C\C/C=C\CCCCC)CCCN1CCN(CC1)CCCN,0.20435291588091165
N(C(CCCCCOC(=O)CCCCCCCCCC)C(=O)NCC(=O)OC(C)(C)C)(C(=O)CCCCCCC/C=C\C/C=C\CCCCC)CCN(C)CCN,0.20135610042368463
N(C(CCCCCOC(=O)CCCCCCCCCC)C(=O)NCC(=O)OC(C)(C)C)(C(=O)CCCCCCC/C=C\C/C=C\CCCCC)CCCN1CCCCC1CC,0.14956082352665215
N(C(CCCCCOC(=O)CCCCCCCCCC)C(=O)NCC(=O)OC(C)(C)C)(C(=O)CCCCCCC/C=C\C/C=C\CCCCC)CCN(CC1)CCS1(=O)=O,0.11713548995200189
N(C(CCCCCOC(=O)CCCCCCCCCC)C(=O)NCC(=O)OC(C)(C)C)(C(=O)CCCCCCC/C=C\C/C=C\CCCCC)C1CCN(CC2=CC=CC=C2)CC1,0.03307169832373416
N(C(CCCCCOC(=O)CCCCCCCCCC)C(=O)NCC(=O)OC(C)(C)C)(C(=O)CCCCCCC/C=C\C/C=C\CCCCC)CCCN1C=CN=C1,-0.03021599216602273
N(C(CCCCCOC(=O)CCCCCCCCCC)C(=O)NCC(=O)OC(C)(C)C)(C(=O)CCCCCCC/C=C\C/C=C\CCCCC)CC1=CC=CN=C1,-0.022273119999981685
N(C(CCCCCOC(=O)CCCCCCCCCC)C(=O)NCC(=O)OC(C)(C)C)(C(=O)CCCCCCC/C=C\C/C=C\CCCCC)CCN1CCOCC1,-0.10985039117934237
N(C(CCCCCOC(=O)CCCCCCCCCC)C(=O)NCC(=O)OC(C)(C)C)(C(=O)CCCCCCC/C=C\C/C=C\CCCCC)CCN(C)C,0.15195275771955083
N(C(CCCCCOC(=O)CCCCCCCCCC)C(=O)NC(C)(C)C)(C(=O)CCCCCCC/C=C\C/C=C\CCCCC)CCN1CCCC1,0.15850110469030657
N(C(CCCCCOC(=O)CCCCCCCCCC)C(=O)NC(C)(C)C)(C(=O)CCCCCCC/C=C\C/C=C\CCCCC)CCCN(CCN1C)CC1,0.15419246904318307
N(C(CCCCCOC(=O)CCCCCCCCCC)C(=O)NC(C)(C)C)(C(=O)CCCCCCC/C=C\C/C=C\CCCCC)CCCN1CCCC1,0.17745721508551582
N(C(CCCCCOC(=O)CCCCCCCCCC)C(=O)NC(C)(C)C)(C(=O)CCCCCCC/C=C\C/C=C\CCCCC)CCCN1CCCCC1,0.1748465065153369
N(C(CCCCCOC(=O)CCCCCCCCCC)C(=O)NC(C)(C)C)(C(=O)CCCCCCC/C=C\C/C=C\CCCCC)CCCN1CCCCCC1,0.17161790977359878
N(C(CCCCCOC(=O)CCCCCCCCCC)C(=O)NC(C)(C)C)(C(=O)CCCCCCC/C=C\C/C=C\CCCCC)CCCN1CCOCC1,-0.10132451368474868
N(C(CCCCCOC(=O)CCCCCCCCCC)C(=O)NC(C)(C)C)(C(=O)CCCCCCC/C=C\C/C=C\CCCCC)CCN1CCCCCC1,0.15368416331406767
N(C(CCCCCOC(=O)CCCCCCCCCC)C(=O)NC(C)(C)C)(C(=O)CCCCCCC/C=C\C/C=C\CCCCC)CCN1CCCCC1CC,0.12600599041011987
N(C(CCCCCOC(=O)CCCCCCCCCC)C(=O)NC(C)(C)C)(C(=O)CCCCCCC/C=C\C/C=C\CCCCC)CCN1C=CN=C1,-0.05599665856660142
N(C(CCCCCOC(=O)CCCCCCCCCC)C(=O)NC(C)(C)C)(C(=O)CCCCCCC/C=C\C/C=C\CCCCC)CCN1CCN(C)CCC1,0.12776321456529474
N(C(CCCCCOC(=O)CCCCCCCCCC)C(=O)NC(C)(C)C)(C(=O)CCCCCCC/C=C\C/C=C\CCCCC)CCCN1CCN(C)CCC1,0.14510038555691632
N(C(CCCCCOC(=O)CCCCCCCCCC)C(=O)NC(C)(C)C)(C(=O)CCCCCCC/C=C\C/C=C\CCCCC)CCN1CCCCC1,0.15646520829868674
N(C(CCCCCOC(=O)CCCCCCCCCC)C(=O)NC(C)(C)C)(C(=O)CCCCCCC/C=C\C/C=C\CCCCC)CCCN(CCO)CCO,0.08707035431738798
N(C(CCCCCOC(=O)CCCCCCCCCC)C(=O)NC(C)(C)C)(C(=O)CCCCCCC/C=C\C/C=C\CCCCC)CCCN(CC)CC,0.17667534375789828
N(C(CCCCCOC(=O)CCCCCCCCCC)C(=O)NC(C)(C)C)(C(=O)CCCCCCC/C=C\C/C=C\CCCCC)CCCN(CCCC)CCCC,0.21198100136658557
N(C(CCCCCOC(=O)CCCCCCCCCC)C(=O)NC(C)(C)C)(C(=O)CCCCCCC/C=C\C/C=C\CCCCC)CCCN(C)C,0.16302011880115136
N(C(CCCCCOC(=O)CCCCCCCCCC)C(=O)NC(C)(C)C)(C(=O)CCCCCCC/C=C\C/C=C\CCCCC)CCCN1CCN(CC1)CCCN,0.20096179287688126
N(C(CCCCCOC(=O)CCCCCCCCCC)C(=O)NC(C)(C)C)(C(=O)CCCCCCC/C=C\C/C=C\CCCCC)CCN(C)CCN,0.19756288975974975
N(C(CCCCCOC(=O)CCCCCCCCCC)C(=O)NC(C)(C)C)(C(=O)CCCCCCC/C=C\C/C=C\CCCCC)CCCN1CCCCC1CC,0.1424182891922013
N(C(CCCCCOC(=O)CCCCCCCCCC)C(=O)NC(C)(C)C)(C(=O)CCCCCCC/C=C\C/C=C\CCCCC)CCN(CC1)CCS1(=O)=O,0.10744974478535767
N(C(CCCCCOC(=O)CCCCCCCCCC)C(=O)NC(C)(C)C)(C(=O)CCCCCCC/C=C\C/C=C\CCCCC)C1CCN(CC2=CC=CC=C2)CC1,0.022656935532180716
N(C(CCCCCOC(=O)CCCCCCCCCC)C(=O)NC(C)(C)C)(C(=O)CCCCCCC/C=C\C/C=C\CCCCC)CCCN1C=CN=C1,-0.04302591834799753
N(C(CCCCCOC(=O)CCCCCCCCCC)C(=O)NC(C)(C)C)(C(=O)CCCCCCC/C=C\C/C=C\CCCCC)CC1=CC=CN=C1,-0.03621167324541559
N(C(CCCCCOC(=O)CCCCCCCCCC)C(=O)NC(C)(C)C)(C(=O)CCCCCCC/C=C\C/C=C\CCCCC)CCN1CCOCC1,-0.12195570646187001
N(C(CCCCCOC(=O)CCCCCCCCCC)C(=O)NC(C)(C)C)(C(=O)CCCCCCC/C=C\C/C=C\CCCCC)CCN(C)C,0.14399017242909812
N(C(CCCCCOC(=O)CCCCCCCCCC)C(=O)NC2CCCCC2)(C(=O)CCCCCCC/C=C\C/C=C\CCCCC)CCCN(CCCC)CCCC,0.24266473109035666
N(C(CCCCCOC(=O)CCCCCCCCCC)C(=O)NC2CCCCC2)(C(=O)CCCCCCC/C=C\C/C=C\CCCCC)CCCN(C)C,0.19295049927216798
N(C(CCCCCOC(=O)CCCCCCCCCC)C(=O)NC2CCCCC2)(C(=O)CCCCCCC/C=C\C/C=C\CCCCC)CCN(C)C,0.17500095227406082
N(C(CCCCCOC(=O)CCCCCCCCCC)C(=O)NCCCC)(C(=O)CCCCCCC/C=C\C/C=C\CCCCC)CCN1CCCC1,0.23055940078830564
N(C(CCCCCOC(=O)CCCCCCCCCC)C(=O)NCCCC)(C(=O)CCCCCCC/C=C\C/C=C\CCCCC)CCCN(CCN1C)CC1,0.21910714940104928
N(C(CCCCCOC(=O)CCCCCCCCCC)C(=O)NCCCC)(C(=O)CCCCCCC/C=C\C/C=C\CCCCC)CCCN1CCCC1,0.2522096832450123
N(C(CCCCCOC(=O)CCCCCCCCCC)C(=O)NCCCC)(C(=O)CCCCCCC/C=C\C/C=C\CCCCC)CCCN1CCCCC1,0.2467118017381437
N(C(CCCCCOC(=O)CCCCCCCCCC)C(=O)NCCCC)(C(=O)CCCCCCC/C=C\C/C=C\CCCCC)CCCN1CCCCCC1,0.2407117875262611
N(C(CCCCCOC(=O)CCCCCCCCCC)C(=O)NCCCC)(C(=O)CCCCCCC/C=C\C/C=C\CCCCC)CCCN1CCOCC1,-0.08331451310511241
N(C(CCCCCOC(=O)CCCCCCCCCC)C(=O)NCCCC)(C(=O)CCCCCCC/C=C\C/C=C\CCCCC)CCN1CCCCCC1,0.22064992480167198
N(C(CCCCCOC(=O)CCCCCCCCCC)C(=O)NCCCC)(C(=O)CCCCCCC/C=C\C/C=C\CCCCC)CCN1CCCCC1CC,0.18976275563397252
N(C(CCCCCOC(=O)CCCCCCCCCC)C(=O)NCCCC)(C(=O)CCCCCCC/C=C\C/C=C\CCCCC)CCN1C=CN=C1,-0.019792593148536562
N(C(CCCCCOC(=O)CCCCCCCCCC)C(=O)NCCCC)(C(=O)CCCCCCC/C=C\C/C=C\CCCCC)CCN1CCN(C)CCC1,0.19137124144930076
N(C(CCCCCOC(=O)CCCCCCCCCC)C(=O)NCCCC)(C(=O)CCCCCCC/C=C\C/C=C\CCCCC)CCCN1CCN(C)CCC1,0.20837340197234924
N(C(CCCCCOC(=O)CCCCCCCCCC)C(=O)NCCCC)(C(=O)CCCCCCC/C=C\C/C=C\CCCCC)CCN1CCCCC1,0.22598101450161376
N(C(CCCCCOC(=O)CCCCCCCCCC)C(=O)NCCCC)(C(=O)CCCCCCC/C=C\C/C=C\CCCCC)CCCN(CCO)CCO,0.14762731522578607
N(C(CCCCCOC(=O)CCCCCCCCCC)C(=O)NCCCC)(C(=O)CCCCCCC/C=C\C/C=C\CCCCC)CCCN(CC)CC,0.2487190558987136
N(C(CCCCCOC(=O)CCCCCCCCCC)C(=O)NCCCC)(C(=O)CCCCCCC/C=C\C/C=C\CCCCC)CCCN(CCCC)CCCC,0.2923219337783426
N(C(CCCCCOC(=O)CCCCCCCCCC)C(=O)NCCCC)(C(=O)CCCCCCC/C=C\C/C=C\CCCCC)CCCN(C)C,0.2332071174640467
N(C(CCCCCOC(=O)CCCCCCCCCC)C(=O)NCCCC)(C(=O)CCCCCCC/C=C\C/C=C\CCCCC)CCCN1CCN(CC1)CCCN,0.2758836362013228
N(C(CCCCCOC(=O)CCCCCCCCCC)C(=O)NCCCC)(C(=O)CCCCCCC/C=C\C/C=C\CCCCC)CCN(C)CCN,0.27983914783469954
N(C(CCCCCOC(=O)CCCCCCCCCC)C(=O)NCCCC)(C(=O)CCCCCCC/C=C\C/C=C\CCCCC)CCCN1CCCCC1CC,0.20561536689751964
N(C(CCCCCOC(=O)CCCCCCCCCC)C(=O)NCCCC)(C(=O)CCCCCCC/C=C\C/C=C\CCCCC)CCN(CC1)CCS1(=O)=O,0.17038058641957418
N(C(CCCCCOC(=O)CCCCCCCCCC)C(=O)NCCCC)(C(=O)CCCCCCC/C=C\C/C=C\CCCCC)C1CCN(CC2=CC=CC=C2)CC1,0.061244674405295574
N(C(CCCCCOC(=O)CCCCCCCCCC)C(=O)NCCCC)(C(=O)CCCCCCC/C=C\C/C=C\CCCCC)CCCN1C=CN=C1,-0.004074556344946283
N(C(CCCCCOC(=O)CCCCCCCCCC)C(=O)NCCCC)(C(=O)CCCCCCC/C=C\C/C=C\CCCCC)CC1=CC=CN=C1,0.0055932250023977646
N(C(CCCCCOC(=O)CCCCCCCCCC)C(=O)NCCCC)(C(=O)CCCCCCC/C=C\C/C=C\CCCCC)CCN1CCOCC1,-0.10187110417891193
N(C(CCCCCOC(=O)CCCCCCCCCC)C(=O)NCCCC)(C(=O)CCCCCCC/C=C\C/C=C\CCCCC)CCN(C)C,0.2150893818433401
N(C(CCCCCOC(=O)CCCCCCCCCC)C(=O)NCC(=O)OC(C)(C)C)(C(=O)CCCCCCCCCCCCCCC)CCCN(CCCC)CCCC,0.2071657571964865
N(C(CCCCCOC(=O)CCCCCCCCCC)C(=O)NCC(=O)OC(C)(C)C)(C(=O)CCCCCCCCCCCCCCC)CCCN(C)C,0.159345126805593
N(C(CCCCCOC(=O)CCCCCCCCCC)C(=O)NCC(=O)OC(C)(C)C)(C(=O)CCCCCCCCCCCCCCC)CCN(C)C,0.1426983432247955
N(C(CCCCCOC(=O)CCCCCCCCCC)C(=O)NC(C)(C)C)(C(=O)CCCCCCCCCCCCCCC)CCCN(CCCC)CCCC,0.20422152509054728
N(C(CCCCCOC(=O)CCCCCCCCCC)C(=O)NC(C)(C)C)(C(=O)CCCCCCCCCCCCCCC)CCCN(C)C,0.15322651843724985
N(C(CCCCCOC(=O)CCCCCCCCCC)C(=O)NC(C)(C)C)(C(=O)CCCCCCCCCCCCCCC)CCN(C)C,0.1330393027706876
N(C(CCCCCOC(=O)CCCCCCCCCC)C(=O)NC2CCCCC2)(C(=O)CCCCCCCCCCCCCCC)CCCN(CCCC)CCCC,0.23238469342335377
N(C(CCCCCOC(=O)CCCCCCCCCC)C(=O)NC2CCCCC2)(C(=O)CCCCCCCCCCCCCCC)CCCN(C)C,0.18228672780280808
N(C(CCCCCOC(=O)CCCCCCCCCC)C(=O)NC2CCCCC2)(C(=O)CCCCCCCCCCCCCCC)CCN(C)C,0.16374282822624883
N(C(CCCCCOC(=O)CCCCCCCCCC)C(=O)NCCCC)(C(=O)CCCCCCCCCCCCCCC)CCCN(CCCC)CCCC,0.28380850746861536
N(C(CCCCCOC(=O)CCCCCCCCCC)C(=O)NCCCC)(C(=O)CCCCCCCCCCCCCCC)CCCN(C)C,0.22471575483413722
N(C(CCCCCOC(=O)CCCCCCCCCC)C(=O)NCCCC)(C(=O)CCCCCCCCCCCCCCC)CCN(C)C,0.20577245609235514
N(C(CCCCCOC(=O)CCCCCCCCCC)C(=O)NCC(=O)OC(C)(C)C)(C(=O)CCCCC(=O)OC(CCCCCCCC)CCCCCCCC)CCCN(CCCC)CCCC,0.21144684703776545
N(C(CCCCCOC(=O)CCCCCCCCCC)C(=O)NCC(=O)OC(C)(C)C)(C(=O)CCCCC(=O)OC(CCCCCCCC)CCCCCCCC)CCCN(C)C,0.17025050232774225
N(C(CCCCCOC(=O)CCCCCCCCCC)C(=O)NCC(=O)OC(C)(C)C)(C(=O)CCCCC(=O)OC(CCCCCCCC)CCCCCCCC)CCN(C)C,0.1550283505768077
N(C(CCCCCOC(=O)CCCCCCCCCC)C(=O)NC(C)(C)C)(C(=O)CCCCC(=O)OC(CCCCCCCC)CCCCCCCC)CCCN(CCCC)CCCC,0.20911619250018074
N(C(CCCCCOC(=O)CCCCCCCCCC)C(=O)NC(C)(C)C)(C(=O)CCCCC(=O)OC(CCCCCCCC)CCCCCCCC)CCCN(C)C,0.1650273429226745
N(C(CCCCCOC(=O)CCCCCCCCCC)C(=O)NC(C)(C)C)(C(=O)CCCCC(=O)OC(CCCCCCCC)CCCCCCCC)CCN(C)C,0.14902336490269252
N(C(CCCCCOC(=O)CCCCCCCCCC)C(=O)NC2CCCCC2)(C(=O)CCCCC(=O)OC(CCCCCCCC)CCCCCCCC)CCCN(CCCC)CCCC,0.23404417052049353
N(C(CCCCCOC(=O)CCCCCCCCCC)C(=O)NC2CCCCC2)(C(=O)CCCCC(=O)OC(CCCCCCCC)CCCCCCCC)CCCN(C)C,0.19109641421083629
N(C(CCCCCOC(=O)CCCCCCCCCC)C(=O)NC2CCCCC2)(C(=O)CCCCC(=O)OC(CCCCCCCC)CCCCCCCC)CCN(C)C,0.17505278464918053
N(C(CCCCCOC(=O)CCCCCCCCCC)C(=O)NCCCC)(C(=O)CCCCC(=O)OC(CCCCCCCC)CCCCCCCC)CCCN(CCCC)CCCC,0.2752493617297765
N(C(CCCCCOC(=O)CCCCCCCCCC)C(=O)NCCCC)(C(=O)CCCCC(=O)OC(CCCCCCCC)CCCCCCCC)CCCN(C)C,0.2274970251116067
N(C(CCCCCOC(=O)CCCCCCCCCC)C(=O)NCCCC)(C(=O)CCCCC(=O)OC(CCCCCCCC)CCCCCCCC)CCN(C)C,0.21107491858077038
N(C(CCCCCOC(=O)CCCCCCCC)C(=O)NCC(=O)OC(C)(C)C)(C(=O)CCCCCCC/C=C\CCCCCCCC)CCCN(CCCC)CCCC,0.214655257540106
N(C(CCCCCOC(=O)CCCCCCCC)C(=O)NCC(=O)OC(C)(C)C)(C(=O)CCCCCCC/C=C\CCCCCCCC)CCCN(C)C,0.16757899472699694
N(C(CCCCCOC(=O)CCCCCCCC)C(=O)NCC(=O)OC(C)(C)C)(C(=O)CCCCCCC/C=C\CCCCCCCC)CCN(C)C,0.15083105465636126
N(C(CCCCCOC(=O)CCCCCCCC)C(=O)NC(C)(C)C)(C(=O)CCCCCCC/C=C\CCCCCCCC)CCCN(CCCC)CCCC,0.21228421550420284
N(C(CCCCCOC(=O)CCCCCCCC)C(=O)NC(C)(C)C)(C(=O)CCCCCCC/C=C\CCCCCCCC)CCCN(C)C,0.16180527967359856
N(C(CCCCCOC(=O)CCCCCCCC)C(=O)NC(C)(C)C)(C(=O)CCCCCCC/C=C\CCCCCCCC)CCN(C)C,0.143130364794759
N(C(CCCCCOC(=O)CCCCCCCC)C(=O)NC2CCCCC2)(C(=O)CCCCCCC/C=C\CCCCCCCC)CCCN(CCCC)CCCC,0.24069956163424502
N(C(CCCCCOC(=O)CCCCCCCC)C(=O)NC2CCCCC2)(C(=O)CCCCCCC/C=C\CCCCCCCC)CCCN(C)C,0.19141625496081446
N(C(CCCCCOC(=O)CCCCCCCC)C(=O)NC2CCCCC2)(C(=O)CCCCCCC/C=C\CCCCCCCC)CCN(C)C,0.17265611930642305
N(C(CCCCCOC(=O)CCCCCCCC)C(=O)NCCCC)(C(=O)CCCCCCC/C=C\CCCCCCCC)CCCN(CCCC)CCCC,0.29117645480967214
N(C(CCCCCOC(=O)CCCCCCCC)C(=O)NCCCC)(C(=O)CCCCCCC/C=C\CCCCCCCC)CCCN(C)C,0.23390699721363506
N(C(CCCCCOC(=O)CCCCCCCC)C(=O)NCCCC)(C(=O)CCCCCCC/C=C\CCCCCCCC)CCN(C)C,0.21490737525924825
N(C(CCCCCOC(=O)CCCCCCCC)C(=O)NCC(=O)OC(C)(C)C)(C(=O)CCCCCCC/C=C\C/C=C\CCCCC)CCCN(CCCC)CCCC,0.21385437149591313
N(C(CCCCCOC(=O)CCCCCCCC)C(=O)NCC(=O)OC(C)(C)C)(C(=O)CCCCCCC/C=C\C/C=C\CCCCC)CCCN(C)C,0.16665822284733442
N(C(CCCCCOC(=O)CCCCCCCC)C(=O)NCC(=O)OC(C)(C)C)(C(=O)CCCCCCC/C=C\C/C=C\CCCCC)CCN(C)C,0.14877905733569816
N(C(CCCCCOC(=O)CCCCCCCC)C(=O)NC(C)(C)C)(C(=O)CCCCCCC/C=C\C/C=C\CCCCC)CCCN(CCCC)CCCC,0.2109741976571097
N(C(CCCCCOC(=O)CCCCCCCC)C(=O)NC(C)(C)C)(C(=O)CCCCCCC/C=C\C/C=C\CCCCC)CCCN(C)C,0.16008947936385406
N(C(CCCCCOC(=O)CCCCCCCC)C(=O)NC(C)(C)C)(C(=O)CCCCCCC/C=C\C/C=C\CCCCC)CCN(C)C,0.14033491608723647
N(C(CCCCCOC(=O)CCCCCCCC)C(=O)NC2CCCCC2)(C(=O)CCCCCCC/C=C\C/C=C\CCCCC)CCCN(CCCC)CCCC,0.24147595083583567
N(C(CCCCCOC(=O)CCCCCCCC)C(=O)NC2CCCCC2)(C(=O)CCCCCCC/C=C\C/C=C\CCCCC)CCCN(C)C,0.19138653132408254
N(C(CCCCCOC(=O)CCCCCCCC)C(=O)NC2CCCCC2)(C(=O)CCCCCCC/C=C\C/C=C\CCCCC)CCN(C)C,0.17303115680475392
N(C(CCCCCOC(=O)CCCCCCCC)C(=O)NCCCC)(C(=O)CCCCCCC/C=C\C/C=C\CCCCC)CCCN(CCCC)CCCC,0.2927773557657029
N(C(CCCCCOC(=O)CCCCCCCC)C(=O)NCCCC)(C(=O)CCCCCCC/C=C\C/C=C\CCCCC)CCCN(C)C,0.23297332356340522
N(C(CCCCCOC(=O)CCCCCCCC)C(=O)NCCCC)(C(=O)CCCCCCC/C=C\C/C=C\CCCCC)CCN(C)C,0.21416907556890177
N(C(CCCCCOC(=O)CCCCCCCC)C(=O)NCC(=O)OC(C)(C)C)(C(=O)CCCCCCCCCCCCCCC)CCCN(CCCC)CCCC,0.20599387390574694
N(C(CCCCCOC(=O)CCCCCCCC)C(=O)NCC(=O)OC(C)(C)C)(C(=O)CCCCCCCCCCCCCCC)CCCN(C)C,0.15661154351479556
N(C(CCCCCOC(=O)CCCCCCCC)C(=O)NCC(=O)OC(C)(C)C)(C(=O)CCCCCCCCCCCCCCC)CCN(C)C,0.13914029323812796
N(C(CCCCCOC(=O)CCCCCCCC)C(=O)NC(C)(C)C)(C(=O)CCCCCCCCCCCCCCC)CCCN(CCCC)CCCC,0.20288053698628322
N(C(CCCCCOC(=O)CCCCCCCC)C(=O)NC(C)(C)C)(C(=O)CCCCCCCCCCCCCCC)CCCN(C)C,0.14980652790931911
N(C(CCCCCOC(=O)CCCCCCCC)C(=O)NC(C)(C)C)(C(=O)CCCCCCCCCCCCCCC)CCN(C)C,0.1287538422481105
N(C(CCCCCOC(=O)CCCCCCCC)C(=O)NC2CCCCC2)(C(=O)CCCCCCCCCCCCCCC)CCCN(CCCC)CCCC,0.23186232942037224
N(C(CCCCCOC(=O)CCCCCCCC)C(=O)NC2CCCCC2)(C(=O)CCCCCCCCCCCCCCC)CCCN(C)C,0.17996604622873524
N(C(CCCCCOC(=O)CCCCCCCC)C(=O)NC2CCCCC2)(C(=O)CCCCCCCCCCCCCCC)CCN(C)C,0.16073501847792135
N(C(CCCCCOC(=O)CCCCCCCC)C(=O)NCCCC)(C(=O)CCCCCCCCCCCCCCC)CCCN(CCCC)CCCC,0.28386020466802486
N(C(CCCCCOC(=O)CCCCCCCC)C(=O)NCCCC)(C(=O)CCCCCCCCCCCCCCC)CCCN(C)C,0.22366769249398796
N(C(CCCCCOC(=O)CCCCCCCC)C(=O)NCCCC)(C(=O)CCCCCCCCCCCCCCC)CCN(C)C,0.204095916816677
N(C(CCCCCOC(=O)CCCCCCCC)C(=O)NCC(=O)OC(C)(C)C)(C(=O)CCCCC(=O)OC(CCCCCCCC)CCCCCCCC)CCCN(CCCC)CCCC,0.21056688320307548
N(C(CCCCCOC(=O)CCCCCCCC)C(=O)NCC(=O)OC(C)(C)C)(C(=O)CCCCC(=O)OC(CCCCCCCC)CCCCCCCC)CCCN(C)C,0.16796215778746623
N(C(CCCCCOC(=O)CCCCCCCC)C(=O)NCC(=O)OC(C)(C)C)(C(=O)CCCCC(=O)OC(CCCCCCCC)CCCCCCCC)CCN(C)C,0.15254632928278813
N(C(CCCCCOC(=O)CCCCCCCC)C(=O)NC(C)(C)C)(C(=O)CCCCC(=O)OC(CCCCCCCC)CCCCCCCC)CCCN(CCCC)CCCC,0.20807376248129195
N(C(CCCCCOC(=O)CCCCCCCC)C(=O)NC(C)(C)C)(C(=O)CCCCC(=O)OC(CCCCCCCC)CCCCCCCC)CCCN(C)C,0.16241182810502
N(C(CCCCCOC(=O)CCCCCCCC)C(=O)NC(C)(C)C)(C(=O)CCCCC(=O)OC(CCCCCCCC)CCCCCCCC)CCN(C)C,0.14606220579392518
N(C(CCCCCOC(=O)CCCCCCCC)C(=O)NC2CCCCC2)(C(=O)CCCCC(=O)OC(CCCCCCCC)CCCCCCCC)CCCN(CCCC)CCCC,0.2337393042353065
N(C(CCCCCOC(=O)CCCCCCCC)C(=O)NC2CCCCC2)(C(=O)CCCCC(=O)OC(CCCCCCCC)CCCCCCCC)CCCN(C)C,0.1896351047049251
N(C(CCCCCOC(=O)CCCCCCCC)C(=O)NC2CCCCC2)(C(=O)CCCCC(=O)OC(CCCCCCCC)CCCCCCCC)CCN(C)C,0.17316051995946452
N(C(CCCCCOC(=O)CCCCCCCC)C(=O)NCCCC)(C(=O)CCCCC(=O)OC(CCCCCCCC)CCCCCCCC)CCCN(CCCC)CCCC,0.27566483178499585
N(C(CCCCCOC(=O)CCCCCCCC)C(=O)NCCCC)(C(=O)CCCCC(=O)OC(CCCCCCCC)CCCCCCCC)CCCN(C)C,0.22704448687273168
N(C(CCCCCOC(=O)CCCCCCCC)C(=O)NCCCC)(C(=O)CCCCC(=O)OC(CCCCCCCC)CCCCCCCC)CCN(C)C,0.2100566399554465
N(C(CCCCC(=O)OC(CCCCCCCC)CCCCCCCC)C(=O)NCC(=O)OC(C)(C)C)(C(=O)CCCCCCC/C=C\CCCCCCCC)CCCN(CCCC)CCCC,0.2212234302816986
N(C(CCCCC(=O)OC(CCCCCCCC)CCCCCCCC)C(=O)NCC(=O)OC(C)(C)C)(C(=O)CCCCCCC/C=C\CCCCCCCC)CCCN(C)C,0.18031642166970688
N(C(CCCCC(=O)OC(CCCCCCCC)CCCCCCCC)C(=O)NCC(=O)OC(C)(C)C)(C(=O)CCCCCCC/C=C\CCCCCCCC)CCN(C)C,0.16506475655536745
N(C(CCCCC(=O)OC(CCCCCCCC)CCCCCCCC)C(=O)NC(C)(C)C)(C(=O)CCCCCCC/C=C\CCCCCCCC)CCCN(CCCC)CCCC,0.2195417242899842
N(C(CCCCC(=O)OC(CCCCCCCC)CCCCCCCC)C(=O)NC(C)(C)C)(C(=O)CCCCCCC/C=C\CCCCCCCC)CCCN(C)C,0.17576086505852415
N(C(CCCCC(=O)OC(CCCCCCCC)CCCCCCCC)C(=O)NC(C)(C)C)(C(=O)CCCCCCC/C=C\CCCCCCCC)CCN(C)C,0.1596823000855301
N(C(CCCCC(=O)OC(CCCCCCCC)CCCCCCCC)C(=O)NC2CCCCC2)(C(=O)CCCCCCC/C=C\CCCCCCCC)CCCN(CCCC)CCCC,0.24631504600903242
N(C(CCCCC(=O)OC(CCCCCCCC)CCCCCCCC)C(=O)NC2CCCCC2)(C(=O)CCCCCCC/C=C\CCCCCCCC)CCCN(C)C,0.2018269024029669
N(C(CCCCC(=O)OC(CCCCCCCC)CCCCCCCC)C(=O)NC2CCCCC2)(C(=O)CCCCCCC/C=C\CCCCCCCC)CCN(C)C,0.18560763453512452
N(C(CCCCC(=O)OC(CCCCCCCC)CCCCCCCC)C(=O)NCCCC)(C(=O)CCCCCCC/C=C\CCCCCCCC)CCCN(CCCC)CCCC,0.29222511793075584
N(C(CCCCC(=O)OC(CCCCCCCC)CCCCCCCC)C(=O)NCCCC)(C(=O)CCCCCCC/C=C\CCCCCCCC)CCCN(C)C,0.23976802075633247
N(C(CCCCC(=O)OC(CCCCCCCC)CCCCCCCC)C(=O)NCCCC)(C(=O)CCCCCCC/C=C\CCCCCCCC)CCN(C)C,0.22300904133602628
N(C(CCCCC(=O)OC(CCCCCCCC)CCCCCCCC)C(=O)NCC(=O)OC(C)(C)C)(C(=O)CCCCCCC/C=C\C/C=C\CCCCC)CCCN(CCCC)CCCC,0.22034963947111014
N(C(CCCCC(=O)OC(CCCCCCCC)CCCCCCCC)C(=O)NCC(=O)OC(C)(C)C)(C(=O)CCCCCCC/C=C\C/C=C\CCCCC)CCCN(C)C,0.17941670716179686
N(C(CCCCC(=O)OC(CCCCCCCC)CCCCCCCC)C(=O)NCC(=O)OC(C)(C)C)(C(=O)CCCCCCC/C=C\C/C=C\CCCCC)CCN(C)C,0.16401274408057417
N(C(CCCCC(=O)OC(CCCCCCCC)CCCCCCCC)C(=O)NC(C)(C)C)(C(=O)CCCCCCC/C=C\C/C=C\CCCCC)CCCN(CCCC)CCCC,0.21830007531323156
N(C(CCCCC(=O)OC(CCCCCCCC)CCCCCCCC)C(=O)NC(C)(C)C)(C(=O)CCCCCCC/C=C\C/C=C\CCCCC)CCCN(C)C,0.17484015325695507
N(C(CCCCC(=O)OC(CCCCCCCC)CCCCCCCC)C(=O)NC(C)(C)C)(C(=O)CCCCCCC/C=C\C/C=C\CCCCC)CCN(C)C,0.1580350188413597
N(C(CCCCC(=O)OC(CCCCCCCC)CCCCCCCC)C(=O)NC2CCCCC2)(C(=O)CCCCCCC/C=C\C/C=C\CCCCC)CCCN(CCCC)CCCC,0.24806524102727426
N(C(CCCCC(=O)OC(CCCCCCCC)CCCCCCCC)C(=O)NC2CCCCC2)(C(=O)CCCCCCC/C=C\C/C=C\CCCCC)CCCN(C)C,0.20151491686370668
N(C(CCCCC(=O)OC(CCCCCCCC)CCCCCCCC)C(=O)NC2CCCCC2)(C(=O)CCCCCCC/C=C\C/C=C\CCCCC)CCN(C)C,0.1854767393890311
N(C(CCCCC(=O)OC(CCCCCCCC)CCCCCCCC)C(=O)NCCCC)(C(=O)CCCCCCC/C=C\C/C=C\CCCCC)CCCN(CCCC)CCCC,0.2935300741984762
N(C(CCCCC(=O)OC(CCCCCCCC)CCCCCCCC)C(=O)NCCCC)(C(=O)CCCCCCC/C=C\C/C=C\CCCCC)CCCN(C)C,0.2402848425551937
N(C(CCCCC(=O)OC(CCCCCCCC)CCCCCCCC)C(=O)NCCCC)(C(=O)CCCCCCC/C=C\C/C=C\CCCCC)CCN(C)C,0.22228325290863973
N(C(CCCCC(=O)OC(CCCCCCCC)CCCCCCCC)C(=O)NCC(=O)OC(C)(C)C)(C(=O)CCCCCCCCCCCCCCC)CCCN(CCCC)CCCC,0.21375892242495226
N(C(CCCCC(=O)OC(CCCCCCCC)CCCCCCCC)C(=O)NCC(=O)OC(C)(C)C)(C(=O)CCCCCCCCCCCCCCC)CCCN(C)C,0.1708426620557836
N(C(CCCCC(=O)OC(CCCCCCCC)CCCCCCCC)C(=O)NCC(=O)OC(C)(C)C)(C(=O)CCCCCCCCCCCCCCC)CCN(C)C,0.155365448759128
N(C(CCCCC(=O)OC(CCCCCCCC)CCCCCCCC)C(=O)NC(C)(C)C)(C(=O)CCCCCCCCCCCCCCC)CCCN(CCCC)CCCC,0.21154695216096828
N(C(CCCCC(=O)OC(CCCCCCCC)CCCCCCCC)C(=O)NC(C)(C)C)(C(=O)CCCCCCCCCCCCCCC)CCCN(C)C,0.16564770931558834
N(C(CCCCC(=O)OC(CCCCCCCC)CCCCCCCC)C(=O)NC(C)(C)C)(C(=O)CCCCCCCCCCCCCCC)CCN(C)C,0.14920383949540153
N(C(CCCCC(=O)OC(CCCCCCCC)CCCCCCCC)C(=O)NC2CCCCC2)(C(=O)CCCCCCCCCCCCCCC)CCCN(CCCC)CCCC,0.23901243359459717
N(C(CCCCC(=O)OC(CCCCCCCC)CCCCCCCC)C(=O)NC2CCCCC2)(C(=O)CCCCCCCCCCCCCCC)CCCN(C)C,0.19226116322797923
N(C(CCCCC(=O)OC(CCCCCCCC)CCCCCCCC)C(=O)NC2CCCCC2)(C(=O)CCCCCCCCCCCCCCC)CCN(C)C,0.17571328320851565
N(C(CCCCC(=O)OC(CCCCCCCC)CCCCCCCC)C(=O)NCCCC)(C(=O)CCCCCCCCCCCCCCC)CCCN(CCCC)CCCC,0.28587432275077085
N(C(CCCCC(=O)OC(CCCCCCCC)CCCCCCCC)C(=O)NCCCC)(C(=O)CCCCCCCCCCCCCCC)CCCN(C)C,0.23114810602597388
N(C(CCCCC(=O)OC(CCCCCCCC)CCCCCCCC)C(=O)NCCCC)(C(=O)CCCCCCCCCCCCCCC)CCN(C)C,0.21415199837084
N(C(CCCCC(=O)OC(CCCCCCCC)CCCCCCCC)C(=O)NCC(=O)OC(C)(C)C)(C(=O)CCCCC(=O)OC(CCCCCCCC)CCCCCCCC)CCCN(CCCC)CCCC,0.21687620947906003
N(C(CCCCC(=O)OC(CCCCCCCC)CCCCCCCC)C(=O)NCC(=O)OC(C)(C)C)(C(=O)CCCCC(=O)OC(CCCCCCCC)CCCCCCCC)CCCN(C)C,0.17971161550299536
N(C(CCCCC(=O)OC(CCCCCCCC)CCCCCCCC)C(=O)NCC(=O)OC(C)(C)C)(C(=O)CCCCC(=O)OC(CCCCCCCC)CCCCCCCC)CCN(C)C,0.1656438042395144
N(C(CCCCC(=O)OC(CCCCCCCC)CCCCCCCC)C(=O)NC(C)(C)C)(C(=O)CCCCC(=O)OC(CCCCCCCC)CCCCCCCC)CCCN(CCCC)CCCC,0.21515350018856932
N(C(CCCCC(=O)OC(CCCCCCCC)CCCCCCCC)C(=O)NC(C)(C)C)(C(=O)CCCCC(=O)OC(CCCCCCCC)CCCCCCCC)CCCN(C)C,0.17550493238044815
N(C(CCCCC(=O)OC(CCCCCCCC)CCCCCCCC)C(=O)NC(C)(C)C)(C(=O)CCCCC(=O)OC(CCCCCCCC)CCCCCCCC)CCN(C)C,0.16044024531243312
N(C(CCCCC(=O)OC(CCCCCCCC)CCCCCCCC)C(=O)NC2CCCCC2)(C(=O)CCCCC(=O)OC(CCCCCCCC)CCCCCCCC)CCCN(CCCC)CCCC,0.23833053221447226
N(C(CCCCC(=O)OC(CCCCCCCC)CCCCCCCC)C(=O)NC2CCCCC2)(C(=O)CCCCC(=O)OC(CCCCCCCC)CCCCCCCC)CCCN(C)C,0.199137867018459
N(C(CCCCC(=O)OC(CCCCCCCC)CCCCCCCC)C(=O)NC2CCCCC2)(C(=O)CCCCC(=O)OC(CCCCCCCC)CCCCCCCC)CCN(C)C,0.18444528864171938
N(C(CCCCC(=O)OC(CCCCCCCC)CCCCCCCC)C(=O)NCCCC)(C(=O)CCCCC(=O)OC(CCCCCCCC)CCCCCCCC)CCCN(CCCC)CCCC,0.27796420065541905
N(C(CCCCC(=O)OC(CCCCCCCC)CCCCCCCC)C(=O)NCCCC)(C(=O)CCCCC(=O)OC(CCCCCCCC)CCCCCCCC)CCCN(C)C,0.2328547894850381
N(C(CCCCC(=O)OC(CCCCCCCC)CCCCCCCC)C(=O)NCCCC)(C(=O)CCCCC(=O)OC(CCCCCCCC)CCCCCCCC)CCN(C)C,0.21791306725478177
CCCCN(CCCC)CCCN(CC(C(O)CCCCCOC(=O)CCCCCCCC)CCCCOC(=O)CCCCCCCC),0.27888648950694106
CCCCN(CCCC)CCCN(CC(C(O)CCCCCOC(=O)CCCCCCCCCCCCCCCCC)CCCCOC(=O)CCCCCCCCCCCCCCCCC),0.27960307096650716
CCCCCCCC/C=C\CCCCCCCC(OCCCCCC(C(CNCCCN(CCCC)CCCC)CCCCOC(CCCCCCC/C=C\CCCCCCCC)=O)O)=O,0.2920075451153445
CCCCN(CCCNCC(CCCCOC(CCCCCCC/C=C\C/C=C\CCCCC)=O)C(O)CCCCCOC(CCCCCCC/C=C\C/C=C\CCCCC)=O)CCCC,0.29481935008380744
CCCCN(CCCC)CCCN(CC(C(O)CCCCCOC(=O)CCCCCCCCC)CCCCOC(=O)CCCCCCCCC),0.27883196863713966
CCCCN(CCCC)CCCN(CC(C(O)CCCCCOC(=O)CCCCCCCCCC)CCCCOC(=O)CCCCCCCCCC),0.2790849574886368
CCCCN(CCCC)CCCN(CC(C(O)CCCCCOC(=O)CCCCCCCCCCC)CCCCOC(=O)CCCCCCCCCCC),0.2792223861273924
CCCCN(CCCC)CCCN(CC(C(O)CCCCCOC(=O)CCCCCCCCCCCC)CCCCOC(=O)CCCCCCCCCCCC),0.27926813559555086
CCCCN(CCCC)CCCN(CC(C(O)CCCCCOC(=O)CCCCCCCCCCCCC)CCCCOC(=O)CCCCCCCCCCCCC),0.27931061080761654
CCCCN(CCCC)CCCN(CC(C(O)CCCCCOC(=O)CCCCCCCCCCCCCC)CCCCOC(=O)CCCCCCCCCCCCCC),0.27936341945175475
CCCCN(CCCC)CCCN(CC(C(O)CCCCCOC(=O)CCCCCCCCCCCCCCC)CCCCOC(=O)CCCCCCCCCCCCCCC),0.27944888053968037
CCCCN(CCCC)CCCN(CC(C(O)CCCCCOC(=O)CCCCCCCCCCCCCCCC)CCCCOC(=O)CCCCCCCCCCCCCCCC),0.27952827374016803
OC(C(CN(CCCNC)C)CCCCOC(CCCCCCC/C=C\C/C=C\CCCCC)=O)CCCCCOC(CCCCCCC/C=C\C/C=C\CCCCC)=O,0.2826335301560634
CCCCCCCC/C=C\CCCCCCCC(OCCCCCC(C(CNCCO)CCCCOC(CCCCCCC/C=C\CCCCCCCC)=O)O)=O,0.22951713598417384
CCCCCCCC/C=C\CCCCCCCC(OCCCCCC(C(CNCCCO)CCCCOC(CCCCCCC/C=C\CCCCCCCC)=O)O)=O,0.23681788597771228
CN(CC(CCCCOC(CCCCCCC/C=C\CCCCCCCC)=O)C(O)CCCCCOC(CCCCCCC/C=C\CCCCCCCC)=O)CCO,0.19699907187229113
CCCCCCCC/C=C\CCCCCCCC(OCCCCCC(C(CN(C)CC1=CC=CN=C1)CCCCOC(CCCCCCC/C=C\CCCCCCCC)=O)O)=O,0.02288933261714961
OC(C(CN(C)CC1=CC=CN=C1)CCCCOC(CCCCCCC/C=C\C/C=C\CCCCC)=O)CCCCCOC(CCCCCCC/C=C\C/C=C\CCCCC)=O,0.022082513861229034
O=C(OCCCCCC(C(CN(C)CC1=CC=CN=C1)CCCCOC(CCCCCCCCCCCCCCC)=O)O)CCCCCCCCCCCCCCC,-0.0027964850240425696
CCCCCCCC/C=C\CCCCCCCC(OCCCCCC(C(CNCCCN1C=NC=C1)CCCCOC(CCCCCCC/C=C\CCCCCCCC)=O)O)=O,0.020737200134236924
OC(C(CNCCCN1C=CN=C1)CCCCOC(CCCCCCC/C=C\C/C=C\CCCCC)=O)CCCCCOC(CCCCCCC/C=C\C/C=C\CCCCC)=O,0.01971431051524115
n1cccn1CCCN(CC(C(O)CCCCCOC(=O)CCCCCCCCCCCCCCCCC)CCCCOC(=O)CCCCCCCCCCCCCCCCC)C,0.2210879091224099
CCCCCCCC/C=C\CCCCCCCC(OCCCCCC(C(CN(C)CCCN1N=CC=C1)CCCCOC(CCCCCCC/C=C\CCCCCCCC)=O)O)=O,0.2330695386300575
n1cccn1CCCN(CC(C(O)CCCCCOC(=O)CCCCCCC/C=C\C/C=C\CCCCC)CCCCOC(=O)CCCCCCC/C=C\C/C=C\CCCCC)C,0.23762114510659624
n1cccn1CCCN(CC(C(O)CCCCCOC(=O)CCCCCCCCC)CCCCOC(=O)CCCCCCCCC)C,0.20776940685989922
n1cccn1CCCN(CC(C(O)CCCCCOC(=O)CCCCCCCCCC)CCCCOC(=O)CCCCCCCCCC)C,0.20900608437441928
n1cccn1CCCN(CC(C(O)CCCCCOC(=O)CCCCCCCCCCC)CCCCOC(=O)CCCCCCCCCCC)C,0.21014941555124905
n1cccn1CCCN(CC(C(O)CCCCCOC(=O)CCCCCCCCCCCC)CCCCOC(=O)CCCCCCCCCCCC)C,0.21130305012110467
n1cccn1CCCN(CC(C(O)CCCCCOC(=O)CCCCCCCCCCCCC)CCCCOC(=O)CCCCCCCCCCCCC)C,0.2132049273057719
n1cccn1CCCN(CC(C(O)CCCCCOC(=O)CCCCCCCCCCCCCC)CCCCOC(=O)CCCCCCCCCCCCCC)C,0.21537433224055005
O=C(OCCCCCC(C(CN(C)CCCN1N=CC=C1)CCCCOC(CCCCCCCCCCCCCCC)=O)O)CCCCCCCCCCCCCCC,0.21739651580734104
n1cccn1CCCN(CC(C(O)CCCCCOC(=O)CCCCCCCCCCCCCCCC)CCCCOC(=O)CCCCCCCCCCCCCCCC)C,0.21929250533885067
CCCCCCCC/C=C\CCCCCCCC(OCCCCCC(C(CN1CCN(C2=CN=CC=C2)CC1)CCCCOC(CCCCCCC/C=C\CCCCCCCC)=O)O)=O,-0.007471694668082852
O=C(OCCCCCC(C(CN1CCN(C2=CN=CC=C2)CC1)CCCCOC(CCCCCCCCCCCCCCC)=O)O)CCCCCCCCCCCCCCC,-0.033293500012508165
CCCCCCCC/C=C\CCCCCCCC(OCCCCCC(C(CNCCCN(CCO)CCO)CCCCOC(CCCCCCC/C=C\CCCCCCCC)=O)O)=O,0.16068039247145643
OCCN(CCCNCC(CCCCOC(CCCCCCC/C=C\C/C=C\CCCCC)=O)C(O)CCCCCOC(CCCCCCC/C=C\C/C=C\CCCCC)=O)CCO,0.16104493132295775
CCCCCCCC/C=C\CCCCCCCC(OCCCCCC(C(CNCCNCCN1CCN(CCNCC(CCCCOC(CCCCCCC/C=C\CCCCCCCC)=O)C(O)CCCCCOC(CCCCCCC/C=C\CCCCCCCC)=O)CC1)CCCCOC(CCCCCCC/C=C\CCCCCCCC)=O)O)=O,0.27437609660250567
OC(C(CNCCNCCN1CCN(CCNCC(CCCCOC(CCCCCCC/C=C\C/C=C\CCCCC)=O)C(O)CCCCCOC(CCCCCCC/C=C\C/C=C\CCCCC)=O)CC1)CCCCOC(CCCCCCC/C=C\C/C=C\CCCCC)=O)CCCCCOC(CCCCCCC/C=C\C/C=C\CCCCC)=O,0.2769422722859184
CCCCCCCC/C=C\CCCCCCCC(OCCCCCC(C(CNCCN1CCOCC1)CCCCOC(CCCCCCC/C=C\CCCCCCCC)=O)O)=O,-0.07466787864269413
OC(C(CNCCN1CCOCC1)CCCCOC(CCCCCCC/C=C\C/C=C\CCCCC)=O)CCCCCOC(CCCCCCC/C=C\C/C=C\CCCCC)=O,-0.07602322541129157
CN(CCNCC(CCCCOC(CCCCCCC/C=C\CCCCCCCC)=O)C(O)CCCCCOC(CCCCCCC/C=C\CCCCCCCC)=O)CCNCC(CCCCOC(CCCCCCC/C=C\CCCCCCCC)=O)C(O)CCCCCOC(CCCCCCC/C=C\CCCCCCCC)=O,0.2862763353130585
OC(C(CNCCN(C)CCNCC(CCCCOC(CCCCCCC/C=C\C/C=C\CCCCC)=O)C(O)CCCCCOC(CCCCCCC/C=C\C/C=C\CCCCC)=O)CCCCOC(CCCCCCC/C=C\C/C=C\CCCCC)=O)CCCCCOC(CCCCCCC/C=C\C/C=C\CCCCC)=O,0.2892158663081857
CCCCCCCC/C=C\CCCCCCCC(OCCCCCC(C(CN1CCN(C)CC1)CCCCOC(CCCCCCC/C=C\CCCCCCCC)=O)O)=O,0.212333239228454
OC(C(CN1CCN(C)CC1)CCCCOC(CCCCCCC/C=C\C/C=C\CCCCC)=O)CCCCCOC(CCCCCCC/C=C\C/C=C\CCCCC)=O,0.21697954379978554
O=C(OCCCCCC(C(CN1CCN(C)CC1)CCCCOC(CCCCCCCCCCCCCCC)=O)O)CCCCCCCCCCCCCCC,0.1935873721212558
OC(C(CNCCCNCC(CCCCOC(CCCCCCC/C=C\C/C=C\CCCCC)=O)C(O)CCCCCOC(CCCCCCC/C=C\C/C=C\CCCCC)=O)CCCCOC(CCCCCCC/C=C\C/C=C\CCCCC)=O)CCCCCOC(CCCCCCC/C=C\C/C=C\CCCCC)=O,0.2902143942602895
CCCCCCCC/C=C\CCCCCCCC(OCCCCCC(C(CN1CCN(CC1)CC(CCCCOC(CCCCCCC/C=C\CCCCCCCC)=O)C(O)CCCCCOC(CCCCCCC/C=C\CCCCCCCC)=O)CCCCOC(CCCCCCC/C=C\CCCCCCCC)=O)O)=O,0.2690639615410458
OC(C(CN1CCN(CC(CCCCOC(CCCCCCC/C=C\C/C=C\CCCCC)=O)C(O)CCCCCOC(CCCCCCC/C=C\C/C=C\CCCCC)=O)CC1)CCCCOC(CCCCCCC/C=C\C/C=C\CCCCC)=O)CCCCCOC(CCCCCCC/C=C\C/C=C\CCCCC)=O,0.2721359647322193
CCCCCCCC/C=C\CCCCCCCC(OCCCCCC(C(CN(CCCN(C)C)CCCN(C)C)CCCCOC(CCCCCCC/C=C\CCCCCCCC)=O)O)=O,0.22756820263281574
OC[C@H]1N(CC(CCCCOC(CCCCCCC/C=C\CCCCCCCC)=O)C(O)CCCCCOC(CCCCCCC/C=C\CCCCCCCC)=O)CCC1,0.20339046482392162
CCCCCCCC/C=C\CCCCCCCC(OCCCCCC(C(CNC[C@@H](O)C)CCCCOC(CCCCCCC/C=C\CCCCCCCC)=O)O)=O,0.231984423125776
CCCCCCCC/C=C\CCCCCCCC(OCCCCCC(C(CN[C@H]1CCCC[C@H]1O)CCCCOC(CCCCCCC/C=C\CCCCCCCC)=O)O)=O,0.2288995632226052
CN(CC(CCCCOC(CCCCCCC/C=C\C/C=C\CCCCC)=O)C(O)CCCCCOC(CCCCCCC/C=C\C/C=C\CCCCC)=O)CCCN(CC(CCCCOC(CCCCCCC/C=C\C/C=C\CCCCC)=O)C(O)CCCCCOC(CCCCCCC/C=C\C/C=C\CCCCC)=O)C,0.28637134881784193
CCCCCCCCCCCCCCCC(OCCCCCC(C(CN(CCCN(C)CC(CCCCOC(CCCCCCCCCCCCCCC)=O)C(O)CCCCCOC(CCCCCCCCCCCCCCC)=O)C)CCCCOC(CCCCCCCCCCCCCCC)=O)O)=O,0.26783317167968335
OC[C@H]1N(CC(CCCCOC(CCCCCCC/C=C\CCCCCCCC)=O)C(O)CCCCCOC(CCCCCCC/C=C\CCCCCCCC)=O)CCCC1,0.1975857044157355
CN1CCN(CC(CCCCOC(CCCCCCC/C=C\CCCCCCCC)=O)C(O)CCCCCOC(CCCCCCC/C=C\CCCCCCCC)=O)CCC1,0.2023183412073476
OC(C(CN1CCN(C)CCC1)CCCCOC(CCCCCCC/C=C\C/C=C\CCCCC)=O)CCCCCOC(CCCCCCC/C=C\C/C=C\CCCCC)=O,0.20534904070927765
CCCCCCCC/C=C\CCCCCCCC(OCCCCCC(C(CNCCN1CCCC1)CCCCOC(CCCCCCC/C=C\CCCCCCCC)=O)O)=O,0.24830155820784042
OC(C(CNCCN1CCCC1)CCCCOC(CCCCCCC/C=C\C/C=C\CCCCC)=O)CCCCCOC(CCCCCCC/C=C\C/C=C\CCCCC)=O,0.2520719542157895
CCCCCCCC/C=C\CCCCCCCC(OCCCCCC(C(CNCCN1CCCCC1)CCCCOC(CCCCCCC/C=C\CCCCCCCC)=O)O)=O,0.2435594741360341
OC(C(CNCCN1CCCCC1)CCCCOC(CCCCCCC/C=C\C/C=C\CCCCC)=O)CCCCCOC(CCCCCCC/C=C\C/C=C\CCCCC)=O,0.24756500078220386
CCCCCCCC/C=C\CCCCCCCC(OCCCCCC(C(CNCCCN1C(CC)CCCC1)CCCCOC(CCCCCCC/C=C\CCCCCCCC)=O)O)=O,0.21291622202772162
OC(C(CNCCCN1CCCCC1CC)CCCCOC(CCCCCCC/C=C\C/C=C\CCCCC)=O)CCCCCOC(CCCCCCC/C=C\C/C=C\CCCCC)=O,0.21546030399226995
CN1CCN(CCNCC(CCCCOC(CCCCCCC/C=C\CCCCCCCC)=O)C(O)CCCCCOC(CCCCCCC/C=C\CCCCCCCC)=O)CC1,0.2189358967956841
OC(C(CNCCN1CCN(C)CC1)CCCCOC(CCCCCCC/C=C\C/C=C\CCCCC)=O)CCCCCOC(CCCCCCC/C=C\C/C=C\CCCCC)=O,0.22318084966375581
CN(CC(CCCCOC(CCCCCCC/C=C\CCCCCCCC)=O)C(O)CCCCCOC(CCCCCCC/C=C\CCCCCCCC)=O)CCN(C)C,0.2380215355603609
OC(C(CN(CCN(C)C)C)CCCCOC(CCCCCCC/C=C\C/C=C\CCCCC)=O)CCCCCOC(CCCCCCC/C=C\C/C=C\CCCCC)=O,0.24184676784810202
CCCCCCCC/C=C\CCCCCCCC(OCCCCCC(C(CNCCCN(C)C)CCCCOC(CCCCCCC/C=C\CCCCCCCC)=O)O)=O,0.23974341877706673
OC(C(CNCCCN(C)C)CCCCOC(CCCCCCC/C=C\C/C=C\CCCCC)=O)CCCCCOC(CCCCCCC/C=C\C/C=C\CCCCC)=O,0.2437693719750078
N3(CCCN1CCN(CC1)CCCN)C(CCCC(=O)OCCCCCCCC/C=C\C/C=C\CCCCC)(CCCC(=O)OCCCCCCCC/C=C\C/C=C\CCCCC)C=NC3(C(=O)OC),0.31366470651375067
N3(CCCN1CCN(CC1)CCCN)C(CCCC(=O)OCCCCCCCC/C=C\CCCCCCCC)(CCCC(=O)OCCCCCCCC/C=C\CCCCCCCC)C=NC3(C(=O)OC),0.3106855239769498
N3(CCCN1CCN(CC1)CCCN)C(CCCC(=O)OCCC#CCCCCCC)(CCCC(=O)OCCC#CCCCCCC)C=NC3(C(=O)OC),0.2884130427454792
N3(CCCN1CCN(CC1)CCCN)C(CCCC(=O)OC(CCCCCCCC)CCCCCCCC)(CCCC(=O)OCCCCCCCC/C=C\CCCCCCCC)C=NC3(C(=O)OC),0.308946263171715
N3(CCCN1CCN(CC1)CCCN)C(CCCC(=O)OCCCCCCCC/C=C\CCCCCCCC)(CCCC(=O)OCCC#CCCCCCC)C=NC3(C(=O)OC),0.2988171266559228
N3(CCCN1CCN(CC1)CCCN)C(CCCC(=O)OCCCCCCCCCCCC)(CCCC(=O)OCCCCCCCCCCCC)C=NC3(C(=O)OC),0.30306230481684493
N3(CCCN1CCN(CC1)CCCN)C(CCCC(=O)OC(CCCCCCCC)CCCCCCCC)(CCCC(=O)OC(CCCCCCCC)CCCCCCCC)C=NC3(C(=O)OC),0.30715975094598563
N3(CCCN1CCN(CC1)CCCN)C(CCCCCCC/C=C\CCCCCCCC)(CCCCCCC/C=C\CCCCCCCC)C=NC3(C(=O)OC),0.3555280231976777
N3(CCCN1CCN(CC1)CCCN)C(CCCC(=O)OCCCCCCCC/C=C\C/C=C\CCCCC)(CCCC(=O)OCCCCCCCC/C=C\C/C=C\CCCCC)C=NC3(C(=O)OCC),0.3130622433926835
N3(CCCN1CCN(CC1)CCCN)C(CCCC(=O)OCCCCCCCC/C=C\CCCCCCCC)(CCCC(=O)OCCCCCCCC/C=C\CCCCCCCC)C=NC3(C(=O)OCC),0.3102042083313146
N3(CCCN1CCN(CC1)CCCN)C(CCCC(=O)OCCC#CCCCCCC)(CCCC(=O)OCCC#CCCCCCC)C=NC3(C(=O)OCC),0.28845930287743193
N3(CCCN1CCN(CC1)CCCN)C(CCCC(=O)OC(CCCCCCCC)CCCCCCCC)(CCCC(=O)OCCCCCCCC/C=C\CCCCCCCC)C=NC3(C(=O)OCC),0.3084414870305895
N3(CCCN1CCN(CC1)CCCN)C(CCCC(=O)OCCCCCCCC/C=C\CCCCCCCC)(CCCC(=O)OCCC#CCCCCCC)C=NC3(C(=O)OCC),0.29849201405324477
N3(CCCN1CCN(CC1)CCCN)C(CCCC(=O)OCCCCCCCCCCCC)(CCCC(=O)OCCCCCCCCCCCC)C=NC3(C(=O)OCC),0.3026357503533849
N3(CCCN1CCN(CC1)CCCN)C(CCCC(=O)OC(CCCCCCCC)CCCCCCCC)(CCCC(=O)OC(CCCCCCCC)CCCCCCCC)C=NC3(C(=O)OCC),0.30665677714766354
N3(CCCN1CCN(CC1)CCCN)C(CCCCCCC/C=C\CCCCCCCC)(CCCCCCC/C=C\CCCCCCCC)C=NC3(C(=O)OCC),0.35419044452521664
N3(CCCN1CCN(CC1)CCCN)C(CCCC(=O)OCCCCCCCC/C=C\C/C=C\CCCCC)(CCCC(=O)OCCCCCCCC/C=C\C/C=C\CCCCC)C=NC3(C(=O)OC(C)(C)C),0.24946744870875884
N3(CCCN1CCN(CC1)CCCN)C(CCCC(=O)OCCCCCCCC/C=C\CCCCCCCC)(CCCC(=O)OCCCCCCCC/C=C\CCCCCCCC)C=NC3(C(=O)OC(C)(C)C),0.2478609604900376
N3(CCCN1CCN(CC1)CCCN)C(CCCC(=O)OCCC#CCCCCCC)(CCCC(=O)OCCC#CCCCCCC)C=NC3(C(=O)OC(C)(C)C),0.22539124287778686
N3(CCCN1CCN(CC1)CCCN)C(CCCC(=O)OC(CCCCCCCC)CCCCCCCC)(CCCC(=O)OCCCCCCCC/C=C\CCCCCCCC)C=NC3(C(=O)OC(C)(C)C),0.24606988232920646
N3(CCCN1CCN(CC1)CCCN)C(CCCC(=O)OCCCCCCCC/C=C\CCCCCCCC)(CCCC(=O)OCCC#CCCCCCC)C=NC3(C(=O)OC(C)(C)C),0.23756330492213198
N3(CCCN1CCN(CC1)CCCN)C(CCCC(=O)OCCCCCCCCCCCC)(CCCC(=O)OCCCCCCCCCCCC)C=NC3(C(=O)OC(C)(C)C),0.23430351263037252
N3(CCCN1CCN(CC1)CCCN)C(CCCC(=O)OC(CCCCCCCC)CCCCCCCC)(CCCC(=O)OC(CCCCCCCC)CCCCCCCC)C=NC3(C(=O)OC(C)(C)C),0.24422830853083471
N3(CCCN1CCN(CC1)CCCN)C(CCCCCCC/C=C\CCCCCCCC)(CCCCCCC/C=C\CCCCCCCC)C=NC3(C(=O)OC(C)(C)C),0.2667768786407321
N(CCCN1CCN(CC1)CCCNC(CCCC(=O)OCCCCCCCC/C=C\C/C=C\CCCCC)(CCCC(=O)OCCCCCCCC/C=C\C/C=C\CCCCC)C=NC(C)(C)C),0.19479013555202612
N(CCCN1CCN(CC1)CCCNC(CCCC(=O)OCCCCCCCC/C=C\CCCCCCCC)(CCCC(=O)OCCCCCCCC/C=C\CCCCCCCC)C=NC(C)(C)C),0.1961196787794889
N(CCCN1CCN(CC1)CCCNC(CCCC(=O)OCCC#CCCCCCC)(CCCC(=O)OCCC#CCCCCCC)C=NC(C)(C)C),0.15804149225592842
N(CCCN1CCN(CC1)CCCNC(CCCC(=O)OC(CCCCCCCC)CCCCCCCC)(CCCC(=O)OCCCCCCCC/C=C\CCCCCCCC)C=NC(C)(C)C),0.1934936502954815
N(CCCN1CCN(CC1)CCCNC(CCCC(=O)OCCCCCCCC/C=C\CCCCCCCC)(CCCC(=O)OCCC#CCCCCCC)C=NC(C)(C)C),0.17856143542351285
N(CCCN1CCN(CC1)CCCNC(CCCC(=O)OCCCCCCCCCCCC)(CCCC(=O)OCCCCCCCCCCCC)C=NC(C)(C)C),0.17090260497351842
N(CCCN1CCN(CC1)CCCNC(CCCC(=O)OC(CCCCCCCC)CCCCCCCC)(CCCC(=O)OC(CCCCCCCC)CCCCCCCC)C=NC(C)(C)C),0.19078953530951887
N(CCCN1CCN(CC1)CCCNC(CCCCCCC/C=C\CCCCCCCC)(CCCCCCC/C=C\CCCCCCCC)C=NC(C)(C)C),0.19447049005585162
N(CCCN1CCN(CC1)CCCNC(CCCC(=O)OCCCCCCCC/C=C\C/C=C\CCCCC)(CCCC(=O)OCCCCCCCC/C=C\C/C=C\CCCCC)C=NCCCC),0.2760427830708588
N(CCCN1CCN(CC1)CCCNC(CCCC(=O)OCCCCCCCC/C=C\CCCCCCCC)(CCCC(=O)OCCCCCCCC/C=C\CCCCCCCC)C=NCCCC),0.27336522260219887
N(CCCN1CCN(CC1)CCCNC(CCCC(=O)OCCC#CCCCCCC)(CCCC(=O)OCCC#CCCCCCC)C=NCCCC),0.2435844365838605
N(CCCN1CCN(CC1)CCCNC(CCCC(=O)OC(CCCCCCCC)CCCCCCCC)(CCCC(=O)OCCCCCCCC/C=C\CCCCCCCC)C=NCCCC),0.27100703727829295
N(CCCN1CCN(CC1)CCCNC(CCCC(=O)OCCCCCCCC/C=C\CCCCCCCC)(CCCC(=O)OCCC#CCCCCCC)C=NCCCC),0.2578029237057017
N(CCCN1CCN(CC1)CCCNC(CCCC(=O)OCCCCCCCCCCCC)(CCCC(=O)OCCCCCCCCCCCC)C=NCCCC),0.2571584359582697
N(CCCN1CCN(CC1)CCCNC(CCCC(=O)OC(CCCCCCCC)CCCCCCCC)(CCCC(=O)OC(CCCCCCCC)CCCCCCCC)C=NCCCC),0.2685633608274147
N(CCCN1CCN(CC1)CCCNC(CCCCCCC/C=C\CCCCCCCC)(CCCCCCC/C=C\CCCCCCCC)C=NCCCC),0.293873720892982
N(CCCN1CCN(CC1)CCCNC(CCCC(=O)OCCCCCCCC/C=C\C/C=C\CCCCC)(CCCC(=O)OCCCCCCCC/C=C\C/C=C\CCCCC)C=NC5CCCCC5),0.22445955180464072
N(CCCN1CCN(CC1)CCCNC(CCCC(=O)OCCCCCCCC/C=C\CCCCCCCC)(CCCC(=O)OCCCCCCCC/C=C\CCCCCCCC)C=NC5CCCCC5),0.22140847080950943
N(CCCN1CCN(CC1)CCCNC(CCCC(=O)OCCC#CCCCCCC)(CCCC(=O)OCCC#CCCCCCC)C=NC5CCCCC5),0.1917831668970069
N(CCCN1CCN(CC1)CCCNC(CCCC(=O)OC(CCCCCCCC)CCCCCCCC)(CCCC(=O)OCCCCCCCC/C=C\CCCCCCCC)C=NC5CCCCC5),0.2191626765789159
N(CCCN1CCN(CC1)CCCNC(CCCC(=O)OCCCCCCCC/C=C\CCCCCCCC)(CCCC(=O)OCCC#CCCCCCC)C=NC5CCCCC5),0.20753513233451015
N(CCCN1CCN(CC1)CCCNC(CCCC(=O)OCCCCCCCCCCCC)(CCCC(=O)OCCCCCCCCCCCC)C=NC5CCCCC5),0.20114067540011396
N(CCCN1CCN(CC1)CCCNC(CCCC(=O)OC(CCCCCCCC)CCCCCCCC)(CCCC(=O)OC(CCCCCCCC)CCCCCCCC)C=NC5CCCCC5),0.21684873877083224
N(CCCN1CCN(CC1)CCCNC(CCCCCCC/C=C\CCCCCCCC)(CCCCCCC/C=C\CCCCCCCC)C=NC5CCCCC5),0.2288164301608006
N3(CCN1CCCC1)C(CCCC(=O)OCCCCCCCC/C=C\C/C=C\CCCCC)(CCCC(=O)OCCCCCCCC/C=C\C/C=C\CCCCC)C=NC3(C(=O)OC),0.30881874741837784
N3(CCN1CCCC1)C(CCCC(=O)OCCCCCCCC/C=C\CCCCCCCC)(CCCC(=O)OCCCCCCCC/C=C\CCCCCCCC)C=NC3(C(=O)OC),0.30485170079105967
N3(CCN1CCCC1)C(CCCC(=O)OCCC#CCCCCCC)(CCCC(=O)OCCC#CCCCCCC)C=NC3(C(=O)OC),0.2810634192229232
N3(CCN1CCCC1)C(CCCC(=O)OC(CCCCCCCC)CCCCCCCC)(CCCC(=O)OCCCCCCCC/C=C\CCCCCCCC)C=NC3(C(=O)OC),0.3028239149420549
N3(CCN1CCCC1)C(CCCC(=O)OCCCCCCCC/C=C\CCCCCCCC)(CCCC(=O)OCCC#CCCCCCC)C=NC3(C(=O)OC),0.2907097081016974
N3(CCN1CCCC1)C(CCCC(=O)OCCCCCCCCCCCC)(CCCC(=O)OCCCCCCCCCCCC)C=NC3(C(=O)OC),0.2949569289177967
N3(CCN1CCCC1)C(CCCC(=O)OC(CCCCCCCC)CCCCCCCC)(CCCC(=O)OC(CCCCCCCC)CCCCCCCC)C=NC3(C(=O)OC),0.30066831294924573
N3(CCN1CCCC1)C(CCCCCCC/C=C\CCCCCCCC)(CCCCCCC/C=C\CCCCCCCC)C=NC3(C(=O)OC),0.35365568941546205
N3(CCN1CCCC1)C(CCCC(=O)OCCCCCCCC/C=C\C/C=C\CCCCC)(CCCC(=O)OCCCCCCCC/C=C\C/C=C\CCCCC)C=NC3(C(=O)OCC),0.3080830310860495
N3(CCN1CCCC1)C(CCCC(=O)OCCCCCCCC/C=C\CCCCCCCC)(CCCC(=O)OCCCCCCCC/C=C\CCCCCCCC)C=NC3(C(=O)OCC),0.3041711661875606
N3(CCN1CCCC1)C(CCCC(=O)OCCC#CCCCCCC)(CCCC(=O)OCCC#CCCCCCC)C=NC3(C(=O)OCC),0.28107050843794973
N3(CCN1CCCC1)C(CCCC(=O)OC(CCCCCCCC)CCCCCCCC)(CCCC(=O)OCCCCCCCC/C=C\CCCCCCCC)C=NC3(C(=O)OCC),0.3021660598188314
N3(CCN1CCCC1)C(CCCC(=O)OCCCCCCCC/C=C\CCCCCCCC)(CCCC(=O)OCCC#CCCCCCC)C=NC3(C(=O)OCC),0.2902211830848488
N3(CCN1CCCC1)C(CCCC(=O)OCCCCCCCCCCCC)(CCCC(=O)OCCCCCCCCCCCC)C=NC3(C(=O)OCC),0.2942770852123722
N3(CCN1CCCC1)C(CCCC(=O)OC(CCCCCCCC)CCCCCCCC)(CCCC(=O)OC(CCCCCCCC)CCCCCCCC)C=NC3(C(=O)OCC),0.3000699952166263
N3(CCN1CCCC1)C(CCCCCCC/C=C\CCCCCCCC)(CCCCCCC/C=C\CCCCCCCC)C=NC3(C(=O)OCC),0.3517898440673385
N3(CCN1CCCC1)C(CCCC(=O)OCCCCCCCC/C=C\C/C=C\CCCCC)(CCCC(=O)OCCCCCCCC/C=C\C/C=C\CCCCC)C=NC3(C(=O)OC(C)(C)C),0.23851395063376007
N3(CCN1CCCC1)C(CCCC(=O)OCCCCCCCC/C=C\CCCCCCCC)(CCCC(=O)OCCCCCCCC/C=C\CCCCCCCC)C=NC3(C(=O)OC(C)(C)C),0.2383460323625811
N3(CCN1CCCC1)C(CCCC(=O)OCCC#CCCCCCC)(CCCC(=O)OCCC#CCCCCCC)C=NC3(C(=O)OC(C)(C)C),0.21168248833978037
N3(CCN1CCCC1)C(CCCC(=O)OC(CCCCCCCC)CCCCCCCC)(CCCC(=O)OCCCCCCCC/C=C\CCCCCCCC)C=NC3(C(=O)OC(C)(C)C),0.23625303174314172
N3(CCN1CCCC1)C(CCCC(=O)OCCCCCCCC/C=C\CCCCCCCC)(CCCC(=O)OCCC#CCCCCCC)C=NC3(C(=O)OC(C)(C)C),0.22619070206726044
N3(CCN1CCCC1)C(CCCC(=O)OCCCCCCCCCCCC)(CCCC(=O)OCCCCCCCCCCCC)C=NC3(C(=O)OC(C)(C)C),0.22153274234580056
N3(CCN1CCCC1)C(CCCC(=O)OC(CCCCCCCC)CCCCCCCC)(CCCC(=O)OC(CCCCCCCC)CCCCCCCC)C=NC3(C(=O)OC(C)(C)C),0.23409541713420218
N3(CCN1CCCC1)C(CCCCCCC/C=C\CCCCCCCC)(CCCCCCC/C=C\CCCCCCCC)C=NC3(C(=O)OC(C)(C)C),0.2545423654182508
N(CCN1CCCC1)C(CCCC(=O)OCCCCCCCC/C=C\C/C=C\CCCCC)(CCCC(=O)OCCCCCCCC/C=C\C/C=C\CCCCC)C=NC(C)(C)C,0.16784802442944396
N(CCN1CCCC1)C(CCCC(=O)OCCCCCCCC/C=C\CCCCCCCC)(CCCC(=O)OCCCCCCCC/C=C\CCCCCCCC)C=NC(C)(C)C,0.16932693681673455
N(CCN1CCCC1)C(CCCC(=O)OCCC#CCCCCCC)(CCCC(=O)OCCC#CCCCCCC)C=NC(C)(C)C,0.12153804267870341
N(CCN1CCCC1)C(CCCC(=O)OC(CCCCCCCC)CCCCCCCC)(CCCC(=O)OCCCCCCCC/C=C\CCCCCCCC)C=NC(C)(C)C,0.16595063808226174
N(CCN1CCCC1)C(CCCC(=O)OCCCCCCCC/C=C\CCCCCCCC)(CCCC(=O)OCCC#CCCCCCC)C=NC(C)(C)C,0.14771399289510395
N(CCN1CCCC1)C(CCCC(=O)OCCCCCCCCCCCC)(CCCC(=O)OCCCCCCCCCCCC)C=NC(C)(C)C,0.1366515582171659
N(CCN1CCCC1)C(CCCC(=O)OC(CCCCCCCC)CCCCCCCC)(CCCC(=O)OC(CCCCCCCC)CCCCCCCC)C=NC(C)(C)C,0.16246349526538276
N(CCN1CCCC1)C(CCCCCCC/C=C\CCCCCCCC)(CCCCCCC/C=C\CCCCCCCC)C=NC(C)(C)C,0.16162361853854404
N(CCN1CCCC1)C(CCCC(=O)OCCCCCCCC/C=C\C/C=C\CCCCC)(CCCC(=O)OCCCCCCCC/C=C\C/C=C\CCCCC)C=NCCCC,0.24949950037161175
N(CCN1CCCC1)C(CCCC(=O)OCCCCCCCC/C=C\CCCCCCCC)(CCCC(=O)OCCCCCCCC/C=C\CCCCCCCC)C=NCCCC,0.24552740718444419
N(CCN1CCCC1)C(CCCC(=O)OCCC#CCCCCCC)(CCCC(=O)OCCC#CCCCCCC)C=NCCCC,0.21231704818227057
N(CCN1CCCC1)C(CCCC(=O)OC(CCCCCCCC)CCCCCCCC)(CCCC(=O)OCCCCCCCC/C=C\CCCCCCCC)C=NCCCC,0.24250234000377463
N(CCN1CCCC1)C(CCCC(=O)OCCCCCCCC/C=C\CCCCCCCC)(CCCC(=O)OCCC#CCCCCCC)C=NCCCC,0.22939336009215364
N(CCN1CCCC1)C(CCCC(=O)OCCCCCCCCCCCC)(CCCC(=O)OCCCCCCCCCCCC)C=NCCCC,0.22417616343786032
N(CCN1CCCC1)C(CCCC(=O)OC(CCCCCCCC)CCCCCCCC)(CCCC(=O)OC(CCCCCCCC)CCCCCCCC)C=NCCCC,0.23933206407124832
N(CCN1CCCC1)C(CCCCCCC/C=C\CCCCCCCC)(CCCCCCC/C=C\CCCCCCCC)C=NCCCC,0.2607789521425967
N(CCN1CCCC1)C(CCCC(=O)OCCCCCCCC/C=C\C/C=C\CCCCC)(CCCC(=O)OCCCCCCCC/C=C\C/C=C\CCCCC)C=NC5CCCCC5,0.19784181732809186
N(CCN1CCCC1)C(CCCC(=O)OCCCCCCCC/C=C\CCCCCCCC)(CCCC(=O)OCCCCCCCC/C=C\CCCCCCCC)C=NC5CCCCC5,0.19700500458401882
N(CCN1CCCC1)C(CCCC(=O)OCCC#CCCCCCC)(CCCC(=O)OCCC#CCCCCCC)C=NC5CCCCC5,0.15941471225732576
N(CCN1CCCC1)C(CCCC(=O)OC(CCCCCCCC)CCCCCCCC)(CCCC(=O)OCCCCCCCC/C=C\CCCCCCCC)C=NC5CCCCC5,0.1941682972458229
N(CCN1CCCC1)C(CCCC(=O)OCCCCCCCC/C=C\CCCCCCCC)(CCCC(=O)OCCC#CCCCCCC)C=NC5CCCCC5,0.1801661062799073
N(CCN1CCCC1)C(CCCC(=O)OCCCCCCCCCCCC)(CCCC(=O)OCCCCCCCCCCCC)C=NC5CCCCC5,0.17056061042658235
N(CCN1CCCC1)C(CCCC(=O)OC(CCCCCCCC)CCCCCCCC)(CCCC(=O)OC(CCCCCCCC)CCCCCCCC)C=NC5CCCCC5,0.1912919533854766
N(CCN1CCCC1)C(CCCCCCC/C=C\CCCCCCCC)(CCCCCCC/C=C\CCCCCCCC)C=NC5CCCCC5,0.19444066128245613
N3(CCN1CCCCC1)C(CCCC(=O)OCCCCCCCC/C=C\C/C=C\CCCCC)(CCCC(=O)OCCCCCCCC/C=C\C/C=C\CCCCC)C=NC3(C(=O)OC),0.3038095861821615
N3(CCN1CCCCC1)C(CCCC(=O)OCCCCCCCC/C=C\CCCCCCCC)(CCCC(=O)OCCCCCCCC/C=C\CCCCCCCC)C=NC3(C(=O)OC),0.2994843840007705
N3(CCN1CCCCC1)C(CCCC(=O)OCCC#CCCCCCC)(CCCC(=O)OCCC#CCCCCCC)C=NC3(C(=O)OC),0.27613710567756755
N3(CCN1CCCCC1)C(CCCC(=O)OC(CCCCCCCC)CCCCCCCC)(CCCC(=O)OCCCCCCCC/C=C\CCCCCCCC)C=NC3(C(=O)OC),0.2974362917561813
N3(CCN1CCCCC1)C(CCCC(=O)OCCCCCCCC/C=C\CCCCCCCC)(CCCC(=O)OCCC#CCCCCCC)C=NC3(C(=O)OC),0.2853442236932583
N3(CCN1CCCCC1)C(CCCC(=O)OCCCCCCCCCCCC)(CCCC(=O)OCCCCCCCCCCCC)C=NC3(C(=O)OC),0.2889144545133718
N3(CCN1CCCCC1)C(CCCC(=O)OC(CCCCCCCC)CCCCCCCC)(CCCC(=O)OC(CCCCCCCC)CCCCCCCC)C=NC3(C(=O)OC),0.2952365023256433
N3(CCN1CCCCC1)C(CCCCCCC/C=C\CCCCCCCC)(CCCCCCC/C=C\CCCCCCCC)C=NC3(C(=O)OC),0.34550231111975116
N3(CCN1CCCCC1)C(CCCC(=O)OCCCCCCCC/C=C\C/C=C\CCCCC)(CCCC(=O)OCCCCCCCC/C=C\C/C=C\CCCCC)C=NC3(C(=O)OCC),0.3031683426517755
N3(CCN1CCCCC1)C(CCCC(=O)OCCCCCCCC/C=C\CCCCCCCC)(CCCC(=O)OCCCCCCCC/C=C\CCCCCCCC)C=NC3(C(=O)OCC),0.29890463039902554
N3(CCN1CCCCC1)C(CCCC(=O)OCCC#CCCCCCC)(CCCC(=O)OCCC#CCCCCCC)C=NC3(C(=O)OCC),0.27630625554966215
N3(CCN1CCCCC1)C(CCCC(=O)OC(CCCCCCCC)CCCCCCCC)(CCCC(=O)OCCCCCCCC/C=C\CCCCCCCC)C=NC3(C(=O)OCC),0.29689396680665264
N3(CCN1CCCCC1)C(CCCC(=O)OCCCCCCCC/C=C\CCCCCCCC)(CCCC(=O)OCCC#CCCCCCC)C=NC3(C(=O)OCC),0.28499610118079083
N3(CCN1CCCCC1)C(CCCC(=O)OCCCCCCCCCCCC)(CCCC(=O)OCCCCCCCCCCCC)C=NC3(C(=O)OCC),0.2884338297658112
N3(CCN1CCCCC1)C(CCCC(=O)OC(CCCCCCCC)CCCCCCCC)(CCCC(=O)OC(CCCCCCCC)CCCCCCCC)C=NC3(C(=O)OCC),0.29474007703950666
N3(CCN1CCCCC1)C(CCCCCCC/C=C\CCCCCCCC)(CCCCCCC/C=C\CCCCCCCC)C=NC3(C(=O)OCC),0.3438455976149099
N3(CCN1CCCCC1)C(CCCC(=O)OCCCCCCCC/C=C\C/C=C\CCCCC)(CCCC(=O)OCCCCCCCC/C=C\C/C=C\CCCCC)C=NC3(C(=O)OC(C)(C)C),0.23494884147111275
N3(CCN1CCCCC1)C(CCCC(=O)OCCCCCCCC/C=C\CCCCCCCC)(CCCC(=O)OCCCCCCCC/C=C\CCCCCCCC)C=NC3(C(=O)OC(C)(C)C),0.23519774501225568
N3(CCN1CCCCC1)C(CCCC(=O)OCCC#CCCCCCC)(CCCC(=O)OCCC#CCCCCCC)C=NC3(C(=O)OC(C)(C)C),0.20865429709825167
N3(CCN1CCCCC1)C(CCCC(=O)OC(CCCCCCCC)CCCCCCCC)(CCCC(=O)OCCCCCCCC/C=C\CCCCCCCC)C=NC3(C(=O)OC(C)(C)C),0.23308673598430615
N3(CCN1CCCCC1)C(CCCC(=O)OCCCCCCCC/C=C\CCCCCCCC)(CCCC(=O)OCCC#CCCCCCC)C=NC3(C(=O)OC(C)(C)C),0.22296006267034518
N3(CCN1CCCCC1)C(CCCC(=O)OCCCCCCCCCCCC)(CCCC(=O)OCCCCCCCCCCCC)C=NC3(C(=O)OC(C)(C)C),0.21815989810170083
N3(CCN1CCCCC1)C(CCCC(=O)OC(CCCCCCCC)CCCCCCCC)(CCCC(=O)OC(CCCCCCCC)CCCCCCCC)C=NC3(C(=O)OC(C)(C)C),0.23091369632487457
N3(CCN1CCCCC1)C(CCCCCCC/C=C\CCCCCCCC)(CCCCCCC/C=C\CCCCCCCC)C=NC3(C(=O)OC(C)(C)C),0.2494587974633027
N(CCN1CCCCC1)C(CCCC(=O)OCCCCCCCC/C=C\C/C=C\CCCCC)(CCCC(=O)OCCCCCCCC/C=C\C/C=C\CCCCC)C=NC(C)(C)C,0.16583618931424887
N(CCN1CCCCC1)C(CCCC(=O)OCCCCCCCC/C=C\CCCCCCCC)(CCCC(=O)OCCCCCCCC/C=C\CCCCCCCC)C=NC(C)(C)C,0.16718584368349237
N(CCN1CCCCC1)C(CCCC(=O)OCCC#CCCCCCC)(CCCC(=O)OCCC#CCCCCCC)C=NC(C)(C)C,0.12037164151399071
N(CCN1CCCCC1)C(CCCC(=O)OC(CCCCCCCC)CCCCCCCC)(CCCC(=O)OCCCCCCCC/C=C\CCCCCCCC)C=NC(C)(C)C,0.16382883001701545
N(CCN1CCCCC1)C(CCCC(=O)OCCCCCCCC/C=C\CCCCCCCC)(CCCC(=O)OCCC#CCCCCCC)C=NC(C)(C)C,0.1461520375631489
N(CCN1CCCCC1)C(CCCC(=O)OCCCCCCCCCCCC)(CCCC(=O)OCCCCCCCCCCCC)C=NC(C)(C)C,0.1349798552280101
N(CCN1CCCCC1)C(CCCC(=O)OC(CCCCCCCC)CCCCCCCC)(CCCC(=O)OC(CCCCCCCC)CCCCCCCC)C=NC(C)(C)C,0.16043266045313567
N(CCN1CCCCC1)C(CCCCCCC/C=C\CCCCCCCC)(CCCCCCC/C=C\CCCCCCCC)C=NC(C)(C)C,0.15917319832167656
N(CCN1CCCCC1)C(CCCC(=O)OCCCCCCCC/C=C\C/C=C\CCCCC)(CCCC(=O)OCCCCCCCC/C=C\C/C=C\CCCCC)C=NCCCC,0.245209894460587
N(CCN1CCCCC1)C(CCCC(=O)OCCCCCCCC/C=C\CCCCCCCC)(CCCC(=O)OCCCCCCCC/C=C\CCCCCCCC)C=NCCCC,0.2410533765460664
N(CCN1CCCCC1)C(CCCC(=O)OCCC#CCCCCCC)(CCCC(=O)OCCC#CCCCCCC)C=NCCCC,0.20883393059765243
N(CCN1CCCCC1)C(CCCC(=O)OC(CCCCCCCC)CCCCCCCC)(CCCC(=O)OCCCCCCCC/C=C\CCCCCCCC)C=NCCCC,0.237966744339139
N(CCN1CCCCC1)C(CCCC(=O)OCCCCCCCC/C=C\CCCCCCCC)(CCCC(=O)OCCC#CCCCCCC)C=NCCCC,0.2255279205403744
N(CCN1CCCCC1)C(CCCC(=O)OCCCCCCCCCCCC)(CCCC(=O)OCCCCCCCCCCCC)C=NCCCC,0.22007928805060734
N(CCN1CCCCC1)C(CCCC(=O)OC(CCCCCCCC)CCCCCCCC)(CCCC(=O)OC(CCCCCCCC)CCCCCCCC)C=NCCCC,0.23543197447907466
N(CCN1CCCCC1)C(CCCCCCC/C=C\CCCCCCCC)(CCCCCCC/C=C\CCCCCCCC)C=NCCCC,0.254884780511841
N(CCN1CCCCC1)C(CCCC(=O)OCCCCCCCC/C=C\C/C=C\CCCCC)(CCCC(=O)OCCCCCCCC/C=C\C/C=C\CCCCC)C=NC5CCCCC5,0.1954960531500057
N(CCN1CCCCC1)C(CCCC(=O)OCCCCCCCC/C=C\CCCCCCCC)(CCCC(=O)OCCCCCCCC/C=C\CCCCCCCC)C=NC5CCCCC5,0.19461787663859573
N(CCN1CCCCC1)C(CCCC(=O)OCCC#CCCCCCC)(CCCC(=O)OCCC#CCCCCCC)C=NC5CCCCC5,0.15761154338018876
N(CCN1CCCCC1)C(CCCC(=O)OC(CCCCCCCC)CCCCCCCC)(CCCC(=O)OCCCCCCCC/C=C\CCCCCCCC)C=NC5CCCCC5,0.19186197433608346
N(CCN1CCCCC1)C(CCCC(=O)OCCCCCCCC/C=C\CCCCCCCC)(CCCC(=O)OCCC#CCCCCCC)C=NC5CCCCC5,0.17808443038108235
N(CCN1CCCCC1)C(CCCC(=O)OCCCCCCCCCCCC)(CCCC(=O)OCCCCCCCCCCCC)C=NC5CCCCC5,0.16845362663089364
N(CCN1CCCCC1)C(CCCC(=O)OC(CCCCCCCC)CCCCCCCC)(CCCC(=O)OC(CCCCCCCC)CCCCCCCC)C=NC5CCCCC5,0.1890489377667049
N(CCN1CCCCC1)C(CCCCCCC/C=C\CCCCCCCC)(CCCCCCC/C=C\CCCCCCCC)C=NC5CCCCC5,0.19065034938653
N3(CCCN1C(CC)CCCC1)C(CCCC(=O)OCCCCCCCC/C=C\C/C=C\CCCCC)(CCCC(=O)OCCCCCCCC/C=C\C/C=C\CCCCC)C=NC3(C(=O)OC),0.25687579856765735
N3(CCCN1C(CC)CCCC1)C(CCCC(=O)OCCCCCCCC/C=C\CCCCCCCC)(CCCC(=O)OCCCCCCCC/C=C\CCCCCCCC)C=NC3(C(=O)OC),0.2519339848741929
N3(CCCN1C(CC)CCCC1)C(CCCC(=O)OCCC#CCCCCCC)(CCCC(=O)OCCC#CCCCCCC)C=NC3(C(=O)OC),0.22738473915495785
N3(CCCN1C(CC)CCCC1)C(CCCC(=O)OC(CCCCCCCC)CCCCCCCC)(CCCC(=O)OCCCCCCCC/C=C\CCCCCCCC)C=NC3(C(=O)OC),0.24931358871144602
N3(CCCN1C(CC)CCCC1)C(CCCC(=O)OCCCCCCCC/C=C\CCCCCCCC)(CCCC(=O)OCCC#CCCCCCC)C=NC3(C(=O)OC),0.24002749804192175
N3(CCCN1C(CC)CCCC1)C(CCCC(=O)OCCCCCCCCCCCC)(CCCC(=O)OCCCCCCCCCCCC)C=NC3(C(=O)OC),0.23585831866920762
N3(CCCN1C(CC)CCCC1)C(CCCC(=O)OC(CCCCCCCC)CCCCCCCC)(CCCC(=O)OC(CCCCCCCC)CCCCCCCC)C=NC3(C(=O)OC),0.24684373323134903
N3(CCCN1C(CC)CCCC1)C(CCCCCCC/C=C\CCCCCCCC)(CCCCCCC/C=C\CCCCCCCC)C=NC3(C(=O)OC),0.27659790465429124
N3(CCCN1C(CC)CCCC1)C(CCCC(=O)OCCCCCCCC/C=C\C/C=C\CCCCC)(CCCC(=O)OCCCCCCCC/C=C\C/C=C\CCCCC)C=NC3(C(=O)OCC),0.2572299889675628
N3(CCCN1C(CC)CCCC1)C(CCCC(=O)OCCCCCCCC/C=C\CCCCCCCC)(CCCC(=O)OCCCCCCCC/C=C\CCCCCCCC)C=NC3(C(=O)OCC),0.2523861626445072
N3(CCCN1C(CC)CCCC1)C(CCCC(=O)OCCC#CCCCCCC)(CCCC(=O)OCCC#CCCCCCC)C=NC3(C(=O)OCC),0.22875199640558078
N3(CCCN1C(CC)CCCC1)C(CCCC(=O)OC(CCCCCCCC)CCCCCCCC)(CCCC(=O)OCCCCCCCC/C=C\CCCCCCCC)C=NC3(C(=O)OCC),0.24976294281136838
N3(CCCN1C(CC)CCCC1)C(CCCC(=O)OCCCCCCCC/C=C\CCCCCCCC)(CCCC(=O)OCCC#CCCCCCC)C=NC3(C(=O)OCC),0.24094065502324008
N3(CCCN1C(CC)CCCC1)C(CCCC(=O)OCCCCCCCCCCCC)(CCCC(=O)OCCCCCCCCCCCC)C=NC3(C(=O)OCC),0.23690394784657234
N3(CCCN1C(CC)CCCC1)C(CCCC(=O)OC(CCCCCCCC)CCCCCCCC)(CCCC(=O)OC(CCCCCCCC)CCCCCCCC)C=NC3(C(=O)OCC),0.2475378004253966
N3(CCCN1C(CC)CCCC1)C(CCCCCCC/C=C\CCCCCCCC)(CCCCCCC/C=C\CCCCCCCC)C=NC3(C(=O)OCC),0.27673854747104615
N3(CCCN1C(CC)CCCC1)C(CCCC(=O)OCCCCCCCC/C=C\C/C=C\CCCCC)(CCCC(=O)OCCCCCCCC/C=C\C/C=C\CCCCC)C=NC3(C(=O)OC(C)(C)C),0.20187652690815255
N3(CCCN1C(CC)CCCC1)C(CCCC(=O)OCCCCCCCC/C=C\CCCCCCCC)(CCCC(=O)OCCCCCCCC/C=C\CCCCCCCC)C=NC3(C(=O)OC(C)(C)C),0.20301023057050777
N3(CCCN1C(CC)CCCC1)C(CCCC(=O)OCCC#CCCCCCC)(CCCC(=O)OCCC#CCCCCCC)C=NC3(C(=O)OC(C)(C)C),0.17089734814034196
N3(CCCN1C(CC)CCCC1)C(CCCC(=O)OC(CCCCCCCC)CCCCCCCC)(CCCC(=O)OCCCCCCCC/C=C\CCCCCCCC)C=NC3(C(=O)OC(C)(C)C),0.20052464964945158
N3(CCCN1C(CC)CCCC1)C(CCCC(=O)OCCCCCCCC/C=C\CCCCCCCC)(CCCC(=O)OCCC#CCCCCCC)C=NC3(C(=O)OC(C)(C)C),0.18865862541311565
N3(CCCN1C(CC)CCCC1)C(CCCC(=O)OCCCCCCCCCCCC)(CCCC(=O)OCCCCCCCCCCCC)C=NC3(C(=O)OC(C)(C)C),0.18164336651962817
N3(CCCN1C(CC)CCCC1)C(CCCC(=O)OC(CCCCCCCC)CCCCCCCC)(CCCC(=O)OC(CCCCCCCC)CCCCCCCC)C=NC3(C(=O)OC(C)(C)C),0.19802151090558606
N3(CCCN1C(CC)CCCC1)C(CCCCCCC/C=C\CCCCCCCC)(CCCCCCC/C=C\CCCCCCCC)C=NC3(C(=O)OC(C)(C)C),0.2081508727142287
N(CCCN1C(CC)CCCC1)C(CCCC(=O)OCCCCCCCC/C=C\C/C=C\CCCCC)(CCCC(=O)OCCCCCCCC/C=C\C/C=C\CCCCC)C=NC(C)(C)C,0.14511579558788495
N(CCCN1C(CC)CCCC1)C(CCCC(=O)OCCCCCCCC/C=C\CCCCCCCC)(CCCC(=O)OCCCCCCCC/C=C\CCCCCCCC)C=NC(C)(C)C,0.14668105521497948
N(CCCN1C(CC)CCCC1)C(CCCC(=O)OCCC#CCCCCCC)(CCCC(=O)OCCC#CCCCCCC)C=NC(C)(C)C,0.09785937359205749
N(CCCN1C(CC)CCCC1)C(CCCC(=O)OC(CCCCCCCC)CCCCCCCC)(CCCC(=O)OCCCCCCCC/C=C\CCCCCCCC)C=NC(C)(C)C,0.14341280693156763
N(CCCN1C(CC)CCCC1)C(CCCC(=O)OCCCCCCCC/C=C\CCCCCCCC)(CCCC(=O)OCCC#CCCCCCC)C=NC(C)(C)C,0.12502254205947078
N(CCCN1C(CC)CCCC1)C(CCCC(=O)OCCCCCCCCCCCC)(CCCC(=O)OCCCCCCCCCCCC)C=NC(C)(C)C,0.11297598315233243
N(CCCN1C(CC)CCCC1)C(CCCC(=O)OC(CCCCCCCC)CCCCCCCC)(CCCC(=O)OC(CCCCCCCC)CCCCCCCC)C=NC(C)(C)C,0.14004660131679358
N(CCCN1C(CC)CCCC1)C(CCCCCCC/C=C\CCCCCCCC)(CCCCCCC/C=C\CCCCCCCC)C=NC(C)(C)C,0.1340174342100668
N(CCCN1C(CC)CCCC1)C(CCCC(=O)OCCCCCCCC/C=C\C/C=C\CCCCC)(CCCC(=O)OCCCCCCCC/C=C\C/C=C\CCCCC)C=NCCCC,0.2149953746466219
N(CCCN1C(CC)CCCC1)C(CCCC(=O)OCCCCCCCC/C=C\CCCCCCCC)(CCCC(=O)OCCCCCCCC/C=C\CCCCCCCC)C=NCCCC,0.212992776538294
N(CCCN1C(CC)CCCC1)C(CCCC(=O)OCCC#CCCCCCC)(CCCC(=O)OCCC#CCCCCCC)C=NCCCC,0.1782084165464296
N(CCCN1C(CC)CCCC1)C(CCCC(=O)OC(CCCCCCCC)CCCCCCCC)(CCCC(=O)OCCCCCCCC/C=C\CCCCCCCC)C=NCCCC,0.21049384326096965
N(CCCN1C(CC)CCCC1)C(CCCC(=O)OCCCCCCCC/C=C\CCCCCCCC)(CCCC(=O)OCCC#CCCCCCC)C=NCCCC,0.19699165222775064
N(CCCN1C(CC)CCCC1)C(CCCC(=O)OCCCCCCCCCCCC)(CCCC(=O)OCCCCCCCCCCCC)C=NCCCC,0.18956242523137992
N(CCCN1C(CC)CCCC1)C(CCCC(=O)OC(CCCCCCCC)CCCCCCCC)(CCCC(=O)OC(CCCCCCCC)CCCCCCCC)C=NCCCC,0.2079178448092786
N(CCCN1C(CC)CCCC1)C(CCCCCCC/C=C\CCCCCCCC)(CCCCCCC/C=C\CCCCCCCC)C=NCCCC,0.2160547466878622
N(CCCN1C(CC)CCCC1)C(CCCC(=O)OCCCCCCCC/C=C\C/C=C\CCCCC)(CCCC(=O)OCCCCCCCC/C=C\C/C=C\CCCCC)C=NC5CCCCC5,0.17340020151326363
N(CCCN1C(CC)CCCC1)C(CCCC(=O)OCCCCCCCC/C=C\CCCCCCCC)(CCCC(=O)OCCCCCCCC/C=C\CCCCCCCC)C=NC5CCCCC5,0.17258046596725235
N(CCCN1C(CC)CCCC1)C(CCCC(=O)OCCC#CCCCCCC)(CCCC(=O)OCCC#CCCCCCC)C=NC5CCCCC5,0.13309057942344296
N(CCCN1C(CC)CCCC1)C(CCCC(=O)OC(CCCCCCCC)CCCCCCCC)(CCCC(=O)OCCCCCCCC/C=C\CCCCCCCC)C=NC5CCCCC5,0.16963988360548993
N(CCCN1C(CC)CCCC1)C(CCCC(=O)OCCCCCCCC/C=C\CCCCCCCC)(CCCC(=O)OCCC#CCCCCCC)C=NC5CCCCC5,0.15448730228676474
N(CCCN1C(CC)CCCC1)C(CCCC(=O)OCCCCCCCCCCCC)(CCCC(=O)OCCCCCCCCCCCC)C=NC5CCCCC5,0.14352971890141172
N(CCCN1C(CC)CCCC1)C(CCCC(=O)OC(CCCCCCCC)CCCCCCCC)(CCCC(=O)OC(CCCCCCCC)CCCCCCCC)C=NC5CCCCC5,0.16658305013291128
N(CCCN1C(CC)CCCC1)C(CCCCCCC/C=C\CCCCCCCC)(CCCCCCC/C=C\CCCCCCCC)C=NC5CCCCC5,0.16276131739411334
N3(CCN(CC1)CCS1(=O)=O)C(CCCC(=O)OCCCCCCCC/C=C\C/C=C\CCCCC)(CCCC(=O)OCCCCCCCC/C=C\C/C=C\CCCCC)C=NC3(C(=O)OC),0.24571917645872085
N3(CCN(CC1)CCS1(=O)=O)C(CCCC(=O)OCCCCCCCC/C=C\CCCCCCCC)(CCCC(=O)OCCCCCCCC/C=C\CCCCCCCC)C=NC3(C(=O)OC),0.24312719723417345
N3(CCN(CC1)CCS1(=O)=O)C(CCCC(=O)OCCC#CCCCCCC)(CCCC(=O)OCCC#CCCCCCC)C=NC3(C(=O)OC),0.21804406753753874
N3(CCN(CC1)CCS1(=O)=O)C(CCCC(=O)OC(CCCCCCCC)CCCCCCCC)(CCCC(=O)OCCCCCCCC/C=C\CCCCCCCC)C=NC3(C(=O)OC),0.2410877261959936
N3(CCN(CC1)CCS1(=O)=O)C(CCCC(=O)OCCCCCCCC/C=C\CCCCCCCC)(CCCC(=O)OCCC#CCCCCCC)C=NC3(C(=O)OC),0.23137004952268334
N3(CCN(CC1)CCS1(=O)=O)C(CCCC(=O)OCCCCCCCCCCCC)(CCCC(=O)OCCCCCCCCCCCC)C=NC3(C(=O)OC),0.2264698699479763
N3(CCN(CC1)CCS1(=O)=O)C(CCCC(=O)OC(CCCCCCCC)CCCCCCCC)(CCCC(=O)OC(CCCCCCCC)CCCCCCCC)C=NC3(C(=O)OC),0.2389853533939768
N3(CCN(CC1)CCS1(=O)=O)C(CCCCCCC/C=C\CCCCCCCC)(CCCCCCC/C=C\CCCCCCCC)C=NC3(C(=O)OC),0.2617010607598384
N3(CCN(CC1)CCS1(=O)=O)C(CCCC(=O)OCCCCCCCC/C=C\C/C=C\CCCCC)(CCCC(=O)OCCCCCCCC/C=C\C/C=C\CCCCC)C=NC3(C(=O)OCC),0.2459382211874216
N3(CCN(CC1)CCS1(=O)=O)C(CCCC(=O)OCCCCCCCC/C=C\CCCCCCCC)(CCCC(=O)OCCCCCCCC/C=C\CCCCCCCC)C=NC3(C(=O)OCC),0.24365091299425748
N3(CCN(CC1)CCS1(=O)=O)C(CCCC(=O)OCCC#CCCCCCC)(CCCC(=O)OCCC#CCCCCCC)C=NC3(C(=O)OCC),0.219337128342757
N3(CCN(CC1)CCS1(=O)=O)C(CCCC(=O)OC(CCCCCCCC)CCCCCCCC)(CCCC(=O)OCCCCCCCC/C=C\CCCCCCCC)C=NC3(C(=O)OCC),0.24164963660398536
N3(CCN(CC1)CCS1(=O)=O)C(CCCC(=O)OCCCCCCCC/C=C\CCCCCCCC)(CCCC(=O)OCCC#CCCCCCC)C=NC3(C(=O)OCC),0.23224939755691548
N3(CCN(CC1)CCS1(=O)=O)C(CCCC(=O)OCCCCCCCCCCCC)(CCCC(=O)OCCCCCCCCCCCC)C=NC3(C(=O)OCC),0.22741402722551232
N3(CCN(CC1)CCS1(=O)=O)C(CCCC(=O)OC(CCCCCCCC)CCCCCCCC)(CCCC(=O)OC(CCCCCCCC)CCCCCCCC)C=NC3(C(=O)OCC),0.23958790663218416
N3(CCN(CC1)CCS1(=O)=O)C(CCCCCCC/C=C\CCCCCCCC)(CCCCCCC/C=C\CCCCCCCC)C=NC3(C(=O)OCC),0.26177393548718725
N3(CCN(CC1)CCS1(=O)=O)C(CCCC(=O)OCCCCCCCC/C=C\C/C=C\CCCCC)(CCCC(=O)OCCCCCCCC/C=C\C/C=C\CCCCC)C=NC3(C(=O)OC(C)(C)C),0.19387655802405365
N3(CCN(CC1)CCS1(=O)=O)C(CCCC(=O)OCCCCCCCC/C=C\CCCCCCCC)(CCCC(=O)OCCCCCCCC/C=C\CCCCCCCC)C=NC3(C(=O)OC(C)(C)C),0.19493161946208926
N3(CCN(CC1)CCS1(=O)=O)C(CCCC(=O)OCCC#CCCCCCC)(CCCC(=O)OCCC#CCCCCCC)C=NC3(C(=O)OC(C)(C)C),0.15995923005726514
N3(CCN(CC1)CCS1(=O)=O)C(CCCC(=O)OC(CCCCCCCC)CCCCCCCC)(CCCC(=O)OCCCCCCCC/C=C\CCCCCCCC)C=NC3(C(=O)OC(C)(C)C),0.19231575919539742
N3(CCN(CC1)CCS1(=O)=O)C(CCCC(=O)OCCCCCCCC/C=C\CCCCCCCC)(CCCC(=O)OCCC#CCCCCCC)C=NC3(C(=O)OC(C)(C)C),0.178851507478189
N3(CCN(CC1)CCS1(=O)=O)C(CCCC(=O)OCCCCCCCCCCCC)(CCCC(=O)OCCCCCCCCCCCC)C=NC3(C(=O)OC(C)(C)C),0.17087576508527183
N3(CCN(CC1)CCS1(=O)=O)C(CCCC(=O)OC(CCCCCCCC)CCCCCCCC)(CCCC(=O)OC(CCCCCCCC)CCCCCCCC)C=NC3(C(=O)OC(C)(C)C),0.18962293889100248
N3(CCN(CC1)CCS1(=O)=O)C(CCCCCCC/C=C\CCCCCCCC)(CCCCCCC/C=C\CCCCCCCC)C=NC3(C(=O)OC(C)(C)C),0.19792939616881142
N(CCN(CC1)CCS1(=O)=O)C(CCCC(=O)OCCCCCCCC/C=C\C/C=C\CCCCC)(CCCC(=O)OCCCCCCCC/C=C\C/C=C\CCCCC)C=NC(C)(C)C,0.12104320946204308
N(CCN(CC1)CCS1(=O)=O)C(CCCC(=O)OCCCCCCCC/C=C\CCCCCCCC)(CCCC(=O)OCCCCCCCC/C=C\CCCCCCCC)C=NC(C)(C)C,0.12258307107513369
N(CCN(CC1)CCS1(=O)=O)C(CCCC(=O)OCCC#CCCCCCC)(CCCC(=O)OCCC#CCCCCCC)C=NC(C)(C)C,0.06500572826971397
N(CCN(CC1)CCS1(=O)=O)C(CCCC(=O)OC(CCCCCCCC)CCCCCCCC)(CCCC(=O)OCCCCCCCC/C=C\CCCCCCCC)C=NC(C)(C)C,0.11897242271765501
N(CCN(CC1)CCS1(=O)=O)C(CCCC(=O)OCCCCCCCC/C=C\CCCCCCCC)(CCCC(=O)OCCC#CCCCCCC)C=NC(C)(C)C,0.09759629162086153
N(CCN(CC1)CCS1(=O)=O)C(CCCC(=O)OCCCCCCCCCCCC)(CCCC(=O)OCCCCCCCCCCCC)C=NC(C)(C)C,0.08123846865001143
N(CCN(CC1)CCS1(=O)=O)C(CCCC(=O)OC(CCCCCCCC)CCCCCCCC)(CCCC(=O)OC(CCCCCCCC)CCCCCCCC)C=NC(C)(C)C,0.1152492631106771
N(CCN(CC1)CCS1(=O)=O)C(CCCCCCC/C=C\CCCCCCCC)(CCCCCCC/C=C\CCCCCCCC)C=NC(C)(C)C,0.1008948493024164
N(CCN(CC1)CCS1(=O)=O)C(CCCC(=O)OCCCCCCCC/C=C\C/C=C\CCCCC)(CCCC(=O)OCCCCCCCC/C=C\C/C=C\CCCCC)C=NCCCC,0.187477009471238
N(CCN(CC1)CCS1(=O)=O)C(CCCC(=O)OCCCCCCCC/C=C\CCCCCCCC)(CCCC(=O)OCCCCCCCC/C=C\CCCCCCCC)C=NCCCC,0.18765353392930298
N(CCN(CC1)CCS1(=O)=O)C(CCCC(=O)OCCC#CCCCCCC)(CCCC(=O)OCCC#CCCCCCC)C=NCCCC,0.1466167866745166
N(CCN(CC1)CCS1(=O)=O)C(CCCC(=O)OC(CCCCCCCC)CCCCCCCC)(CCCC(=O)OCCCCCCCC/C=C\CCCCCCCC)C=NCCCC,0.1847316508741253
N(CCN(CC1)CCS1(=O)=O)C(CCCC(=O)OCCCCCCCC/C=C\CCCCCCCC)(CCCC(=O)OCCC#CCCCCCC)C=NCCCC,0.16896703899795185
N(CCN(CC1)CCS1(=O)=O)C(CCCC(=O)OCCCCCCCCCCCC)(CCCC(=O)OCCCCCCCCCCCC)C=NCCCC,0.15909987300862685
N(CCN(CC1)CCS1(=O)=O)C(CCCC(=O)OC(CCCCCCCC)CCCCCCCC)(CCCC(=O)OC(CCCCCCCC)CCCCCCCC)C=NCCCC,0.18175042568214728
N(CCN(CC1)CCS1(=O)=O)C(CCCCCCC/C=C\CCCCCCCC)(CCCCCCC/C=C\CCCCCCCC)C=NCCCC,0.1800283772506845
N(CCN(CC1)CCS1(=O)=O)C(CCCC(=O)OCCCCCCCC/C=C\C/C=C\CCCCC)(CCCC(=O)OCCCCCCCC/C=C\C/C=C\CCCCC)C=NC5CCCCC5,0.1500276453322437
N(CCN(CC1)CCS1(=O)=O)C(CCCC(=O)OCCCCCCCC/C=C\CCCCCCCC)(CCCC(=O)OCCCCCCCC/C=C\CCCCCCCC)C=NC5CCCCC5,0.14889787678500915
N(CCN(CC1)CCS1(=O)=O)C(CCCC(=O)OCCC#CCCCCCC)(CCCC(=O)OCCC#CCCCCCC)C=NC5CCCCC5,0.10219262623797011
N(CCN(CC1)CCS1(=O)=O)C(CCCC(=O)OC(CCCCCCCC)CCCCCCCC)(CCCC(=O)OCCCCCCCC/C=C\CCCCCCCC)C=NC5CCCCC5,0.14548760388869314
N(CCN(CC1)CCS1(=O)=O)C(CCCC(=O)OCCCCCCCC/C=C\CCCCCCCC)(CCCC(=O)OCCC#CCCCCCC)C=NC5CCCCC5,0.12784511602618373
N(CCN(CC1)CCS1(=O)=O)C(CCCC(=O)OCCCCCCCCCCCC)(CCCC(=O)OCCCCCCCCCCCC)C=NC5CCCCC5,0.1147878032749255
N(CCN(CC1)CCS1(=O)=O)C(CCCC(=O)OC(CCCCCCCC)CCCCCCCC)(CCCC(=O)OC(CCCCCCCC)CCCCCCCC)C=NC5CCCCC5,0.14199452836008647
N(CCN(CC1)CCS1(=O)=O)C(CCCCCCC/C=C\CCCCCCCC)(CCCCCCC/C=C\CCCCCCCC)C=NC5CCCCC5,0.1331254247176411
N3(C1CCN(CC2=CC=CC=C2)CC1)C(CCCC(=O)OCCCCCCCC/C=C\C/C=C\CCCCC)(CCCC(=O)OCCCCCCCC/C=C\C/C=C\CCCCC)C=NC3(C(=O)OC),0.12506737533670417
N3(C1CCN(CC2=CC=CC=C2)CC1)C(CCCC(=O)OCCCCCCCC/C=C\CCCCCCCC)(CCCC(=O)OCCCCCCCC/C=C\CCCCCCCC)C=NC3(C(=O)OC),0.1256864049920388
N3(C1CCN(CC2=CC=CC=C2)CC1)C(CCCC(=O)OCCC#CCCCCCC)(CCCC(=O)OCCC#CCCCCCC)C=NC3(C(=O)OC),0.0785379958984639
N3(C1CCN(CC2=CC=CC=C2)CC1)C(CCCC(=O)OC(CCCCCCCC)CCCCCCCC)(CCCC(=O)OCCCCCCCC/C=C\CCCCCCCC)C=NC3(C(=O)OC),0.12212213692269974
N3(C1CCN(CC2=CC=CC=C2)CC1)C(CCCC(=O)OCCCCCCCC/C=C\CCCCCCCC)(CCCC(=O)OCCC#CCCCCCC)C=NC3(C(=O)OC),0.1034861826874593
N3(C1CCN(CC2=CC=CC=C2)CC1)C(CCCC(=O)OCCCCCCCCCCCC)(CCCC(=O)OCCCCCCCCCCCC)C=NC3(C(=O)OC),0.09207687211749278
N3(C1CCN(CC2=CC=CC=C2)CC1)C(CCCC(=O)OC(CCCCCCCC)CCCCCCCC)(CCCC(=O)OC(CCCCCCCC)CCCCCCCC)C=NC3(C(=O)OC),0.1185456429613446
N3(C1CCN(CC2=CC=CC=C2)CC1)C(CCCCCCC/C=C\CCCCCCCC)(CCCCCCC/C=C\CCCCCCCC)C=NC3(C(=O)OC),0.11270732893796942
N3(C1CCN(CC2=CC=CC=C2)CC1)C(CCCC(=O)OCCCCCCCC/C=C\C/C=C\CCCCC)(CCCC(=O)OCCCCCCCC/C=C\C/C=C\CCCCC)C=NC3(C(=O)OCC),0.12781533231135836
N3(C1CCN(CC2=CC=CC=C2)CC1)C(CCCC(=O)OCCCCCCCC/C=C\CCCCCCCC)(CCCC(=O)OCCCCCCCC/C=C\CCCCCCCC)C=NC3(C(=O)OCC),0.12843799669134642
N3(C1CCN(CC2=CC=CC=C2)CC1)C(CCCC(=O)OCCC#CCCCCCC)(CCCC(=O)OCCC#CCCCCCC)C=NC3(C(=O)OCC),0.0824355547009512
N3(C1CCN(CC2=CC=CC=C2)CC1)C(CCCC(=O)OC(CCCCCCCC)CCCCCCCC)(CCCC(=O)OCCCCCCCC/C=C\CCCCCCCC)C=NC3(C(=O)OCC),0.12496393587931512
N3(C1CCN(CC2=CC=CC=C2)CC1)C(CCCC(=O)OCCCCCCCC/C=C\CCCCCCCC)(CCCC(=O)OCCC#CCCCCCC)C=NC3(C(=O)OCC),0.10689116871155212
N3(C1CCN(CC2=CC=CC=C2)CC1)C(CCCC(=O)OCCCCCCCCCCCC)(CCCC(=O)OCCCCCCCCCCCC)C=NC3(C(=O)OCC),0.09592274123033227
N3(C1CCN(CC2=CC=CC=C2)CC1)C(CCCC(=O)OC(CCCCCCCC)CCCCCCCC)(CCCC(=O)OC(CCCCCCCC)CCCCCCCC)C=NC3(C(=O)OCC),0.12143868853166861
N3(C1CCN(CC2=CC=CC=C2)CC1)C(CCCCCCC/C=C\CCCCCCCC)(CCCCCCC/C=C\CCCCCCCC)C=NC3(C(=O)OCC),0.11626461292894551
N3(C1CCN(CC2=CC=CC=C2)CC1)C(CCCC(=O)OCCCCCCCC/C=C\C/C=C\CCCCC)(CCCC(=O)OCCCCCCCC/C=C\C/C=C\CCCCC)C=NC3(C(=O)OC(C)(C)C),0.0926945199766782
N3(C1CCN(CC2=CC=CC=C2)CC1)C(CCCC(=O)OCCCCCCCC/C=C\CCCCCCCC)(CCCC(=O)OCCCCCCCC/C=C\CCCCCCCC)C=NC3(C(=O)OC(C)(C)C),0.0949553787892031
N3(C1CCN(CC2=CC=CC=C2)CC1)C(CCCC(=O)OCCC#CCCCCCC)(CCCC(=O)OCCC#CCCCCCC)C=NC3(C(=O)OC(C)(C)C),0.04704551741002032
N3(C1CCN(CC2=CC=CC=C2)CC1)C(CCCC(=O)OC(CCCCCCCC)CCCCCCCC)(CCCC(=O)OCCCCCCCC/C=C\CCCCCCCC)C=NC3(C(=O)OC(C)(C)C),0.09134504584171502
N3(C1CCN(CC2=CC=CC=C2)CC1)C(CCCC(=O)OCCCCCCCC/C=C\CCCCCCCC)(CCCC(=O)OCCC#CCCCCCC)C=NC3(C(=O)OC(C)(C)C),0.07116524981969322
N3(C1CCN(CC2=CC=CC=C2)CC1)C(CCCC(=O)OCCCCCCCCCCCC)(CCCC(=O)OCCCCCCCCCCCC)C=NC3(C(=O)OC(C)(C)C),0.056471049334430576
N3(C1CCN(CC2=CC=CC=C2)CC1)C(CCCC(=O)OC(CCCCCCCC)CCCCCCCC)(CCCC(=O)OC(CCCCCCCC)CCCCCCCC)C=NC3(C(=O)OC(C)(C)C),0.08761048641650589
N3(C1CCN(CC2=CC=CC=C2)CC1)C(CCCCCCC/C=C\CCCCCCCC)(CCCCCCC/C=C\CCCCCCCC)C=NC3(C(=O)OC(C)(C)C),0.07497757282710531
N(C1CCN(CC2=CC=CC=C2)CC1)C(CCCC(=O)OCCCCCCCC/C=C\C/C=C\CCCCC)(CCCC(=O)OCCCCCCCC/C=C\C/C=C\CCCCC)C=NC(C)(C)C,0.03060062626224495
N(C1CCN(CC2=CC=CC=C2)CC1)C(CCCC(=O)OCCCCCCCC/C=C\CCCCCCCC)(CCCC(=O)OCCCCCCCC/C=C\CCCCCCCC)C=NC(C)(C)C,0.02888309119755222
N(C1CCN(CC2=CC=CC=C2)CC1)C(CCCC(=O)OCCC#CCCCCCC)(CCCC(=O)OCCC#CCCCCCC)C=NC(C)(C)C,-0.027777114452858402
N(C1CCN(CC2=CC=CC=C2)CC1)C(CCCC(=O)OC(CCCCCCCC)CCCCCCCC)(CCCC(=O)OCCCCCCCC/C=C\CCCCCCCC)C=NC(C)(C)C,0.024773742096147702
N(C1CCN(CC2=CC=CC=C2)CC1)C(CCCC(=O)OCCCCCCCC/C=C\CCCCCCCC)(CCCC(=O)OCCC#CCCCCCC)C=NC(C)(C)C,0.003131901080930125
N(C1CCN(CC2=CC=CC=C2)CC1)C(CCCC(=O)OCCCCCCCCCCCC)(CCCC(=O)OCCCCCCCCCCCC)C=NC(C)(C)C,-0.01574234587155863
N(C1CCN(CC2=CC=CC=C2)CC1)C(CCCC(=O)OC(CCCCCCCC)CCCCCCCC)(CCCC(=O)OC(CCCCCCCC)CCCCCCCC)C=NC(C)(C)C,0.020433753194007552
N(C1CCN(CC2=CC=CC=C2)CC1)C(CCCCCCC/C=C\CCCCCCCC)(CCCCCCC/C=C\CCCCCCCC)C=NC(C)(C)C,-0.00037210866068354467
N(C1CCN(CC2=CC=CC=C2)CC1)C(CCCC(=O)OCCCCCCCC/C=C\C/C=C\CCCCC)(CCCC(=O)OCCCCCCCC/C=C\C/C=C\CCCCC)C=NCCCC,0.07927980264751523
N(C1CCN(CC2=CC=CC=C2)CC1)C(CCCC(=O)OCCCCCCCC/C=C\CCCCCCCC)(CCCC(=O)OCCCCCCCC/C=C\CCCCCCCC)C=NCCCC,0.07966428742604033
N(C1CCN(CC2=CC=CC=C2)CC1)C(CCCC(=O)OCCC#CCCCCCC)(CCCC(=O)OCCC#CCCCCCC)C=NCCCC,0.025149815941590485
N(C1CCN(CC2=CC=CC=C2)CC1)C(CCCC(=O)OC(CCCCCCCC)CCCCCCCC)(CCCC(=O)OCCCCCCCC/C=C\CCCCCCCC)C=NCCCC,0.07559036187048335
N(C1CCN(CC2=CC=CC=C2)CC1)C(CCCC(=O)OCCCCCCCC/C=C\CCCCCCCC)(CCCC(=O)OCCC#CCCCCCC)C=NCCCC,0.05283324567871474
N(C1CCN(CC2=CC=CC=C2)CC1)C(CCCC(=O)OCCCCCCCCCCCC)(CCCC(=O)OCCCCCCCCCCCC)C=NCCCC,0.03757165265943349
N(C1CCN(CC2=CC=CC=C2)CC1)C(CCCC(=O)OC(CCCCCCCC)CCCCCCCC)(CCCC(=O)OC(CCCCCCCC)CCCCCCCC)C=NCCCC,0.07139492837093372
N(C1CCN(CC2=CC=CC=C2)CC1)C(CCCCCCC/C=C\CCCCCCCC)(CCCCCCC/C=C\CCCCCCCC)C=NCCCC,0.05466776030110669
N(C1CCN(CC2=CC=CC=C2)CC1)C(CCCC(=O)OCCCCCCCC/C=C\C/C=C\CCCCC)(CCCC(=O)OCCCCCCCC/C=C\C/C=C\CCCCC)C=NC5CCCCC5,0.04993694087182132
N(C1CCN(CC2=CC=CC=C2)CC1)C(CCCC(=O)OCCCCCCCC/C=C\CCCCCCCC)(CCCC(=O)OCCCCCCCC/C=C\CCCCCCCC)C=NC5CCCCC5,0.04964758975426649
N(C1CCN(CC2=CC=CC=C2)CC1)C(CCCC(=O)OCCC#CCCCCCC)(CCCC(=O)OCCC#CCCCCCC)C=NC5CCCCC5,0.0006130293863436838
N(C1CCN(CC2=CC=CC=C2)CC1)C(CCCC(=O)OC(CCCCCCCC)CCCCCCCC)(CCCC(=O)OCCCCCCCC/C=C\CCCCCCCC)C=NC5CCCCC5,0.04550874981874212
N(C1CCN(CC2=CC=CC=C2)CC1)C(CCCC(=O)OCCCCCCCC/C=C\CCCCCCCC)(CCCC(=O)OCCC#CCCCCCC)C=NC5CCCCC5,0.027304336528717613
N(C1CCN(CC2=CC=CC=C2)CC1)C(CCCC(=O)OCCCCCCCCCCCC)(CCCC(=O)OCCCCCCCCCCCC)C=NC5CCCCC5,0.011415971289808983
N(C1CCN(CC2=CC=CC=C2)CC1)C(CCCC(=O)OC(CCCCCCCC)CCCCCCCC)(CCCC(=O)OC(CCCCCCCC)CCCCCCCC)C=NC5CCCCC5,0.041736521428942935
N(C1CCN(CC2=CC=CC=C2)CC1)C(CCCCCCC/C=C\CCCCCCCC)(CCCCCCC/C=C\CCCCCCCC)C=NC5CCCCC5,0.027170767907465858
N3(CCCN1C=CN=C1)C(CCCC(=O)OCCCCCCCC/C=C\C/C=C\CCCCC)(CCCC(=O)OCCCCCCCC/C=C\C/C=C\CCCCC)C=NC3(C(=O)OC),0.06621793898067853
N3(CCCN1C=CN=C1)C(CCCC(=O)OCCCCCCCC/C=C\CCCCCCCC)(CCCC(=O)OCCCCCCCC/C=C\CCCCCCCC)C=NC3(C(=O)OC),0.07185586252336768
N3(CCCN1C=CN=C1)C(CCCC(=O)OCCC#CCCCCCC)(CCCC(=O)OCCC#CCCCCCC)C=NC3(C(=O)OC),0.013268306576669085
N3(CCCN1C=CN=C1)C(CCCC(=O)OC(CCCCCCCC)CCCCCCCC)(CCCC(=O)OCCCCCCCC/C=C\CCCCCCCC)C=NC3(C(=O)OC),0.06778379938870749
N3(CCCN1C=CN=C1)C(CCCC(=O)OCCCCCCCC/C=C\CCCCCCCC)(CCCC(=O)OCCC#CCCCCCC)C=NC3(C(=O)OC),0.043169106096425686
N3(CCCN1C=CN=C1)C(CCCC(=O)OCCCCCCCCCCCC)(CCCC(=O)OCCCCCCCCCCCC)C=NC3(C(=O)OC),0.02618467612070519
N3(CCCN1C=CN=C1)C(CCCC(=O)OC(CCCCCCCC)CCCCCCCC)(CCCC(=O)OC(CCCCCCCC)CCCCCCCC)C=NC3(C(=O)OC),0.06358689397586846
N3(CCCN1C=CN=C1)C(CCCCCCC/C=C\CCCCCCCC)(CCCCCCC/C=C\CCCCCCCC)C=NC3(C(=O)OC),0.04988929894371938
N3(CCCN1C=CN=C1)C(CCCC(=O)OCCCCCCCC/C=C\C/C=C\CCCCC)(CCCC(=O)OCCCCCCCC/C=C\C/C=C\CCCCC)C=NC3(C(=O)OCC),0.06942286495359927
N3(CCCN1C=CN=C1)C(CCCC(=O)OCCCCCCCC/C=C\CCCCCCCC)(CCCC(=O)OCCCCCCCC/C=C\CCCCCCCC)C=NC3(C(=O)OCC),0.07492694952361616
N3(CCCN1C=CN=C1)C(CCCC(=O)OCCC#CCCCCCC)(CCCC(=O)OCCC#CCCCCCC)C=NC3(C(=O)OCC),0.017589543603892692
N3(CCCN1C=CN=C1)C(CCCC(=O)OC(CCCCCCCC)CCCCCCCC)(CCCC(=O)OCCCCCCCC/C=C\CCCCCCCC)C=NC3(C(=O)OCC),0.0709650095342408
N3(CCCN1C=CN=C1)C(CCCC(=O)OCCCCCCCC/C=C\CCCCCCCC)(CCCC(=O)OCCC#CCCCCCC)C=NC3(C(=O)OCC),0.046641732543975994
N3(CCCN1C=CN=C1)C(CCCC(=O)OCCCCCCCCCCCC)(CCCC(=O)OCCCCCCCCCCCC)C=NC3(C(=O)OCC),0.030231626612305326
N3(CCCN1C=CN=C1)C(CCCC(=O)OC(CCCCCCCC)CCCCCCCC)(CCCC(=O)OC(CCCCCCCC)CCCCCCCC)C=NC3(C(=O)OCC),0.0668805853318543
N3(CCCN1C=CN=C1)C(CCCCCCC/C=C\CCCCCCCC)(CCCCCCC/C=C\CCCCCCCC)C=NC3(C(=O)OCC),0.05386562012671316
N3(CCCN1C=CN=C1)C(CCCC(=O)OCCCCCCCC/C=C\C/C=C\CCCCC)(CCCC(=O)OCCCCCCCC/C=C\C/C=C\CCCCC)C=NC3(C(=O)OC(C)(C)C),0.038435155096519485
N3(CCCN1C=CN=C1)C(CCCC(=O)OCCCCCCCC/C=C\CCCCCCCC)(CCCC(=O)OCCCCCCCC/C=C\CCCCCCCC)C=NC3(C(=O)OC(C)(C)C),0.04040212689543447
N3(CCCN1C=CN=C1)C(CCCC(=O)OCCC#CCCCCCC)(CCCC(=O)OCCC#CCCCCCC)C=NC3(C(=O)OC(C)(C)C),-0.01295469229666062
N3(CCCN1C=CN=C1)C(CCCC(=O)OC(CCCCCCCC)CCCCCCCC)(CCCC(=O)OCCCCCCCC/C=C\CCCCCCCC)C=NC3(C(=O)OC(C)(C)C),0.03638177597970714
N3(CCCN1C=CN=C1)C(CCCC(=O)OCCCCCCCC/C=C\CCCCCCCC)(CCCC(=O)OCCC#CCCCCCC)C=NC3(C(=O)OC(C)(C)C),0.014378579782580718
N3(CCCN1C=CN=C1)C(CCCC(=O)OCCCCCCCCCCCC)(CCCC(=O)OCCCCCCCCCCCC)C=NC3(C(=O)OC(C)(C)C),-0.0023357010668422383
N3(CCCN1C=CN=C1)C(CCCC(=O)OC(CCCCCCCC)CCCCCCCC)(CCCC(=O)OC(CCCCCCCC)CCCCCCCC)C=NC3(C(=O)OC(C)(C)C),0.03250912705671451
N3(CCCN1C=CN=C1)C(CCCCCCC/C=C\CCCCCCCC)(CCCCCCC/C=C\CCCCCCCC)C=NC3(C(=O)OC(C)(C)C),0.019056485431064345
N(CCCN1C=CN=C1)C(CCCC(=O)OCCCCCCCC/C=C\C/C=C\CCCCC)(CCCC(=O)OCCCCCCCC/C=C\C/C=C\CCCCC)C=NC(C)(C)C,-0.02022514040181771
N(CCCN1C=CN=C1)C(CCCC(=O)OCCCCCCCC/C=C\CCCCCCCC)(CCCC(=O)OCCCCCCCC/C=C\CCCCCCCC)C=NC(C)(C)C,-0.020996415455703847
N(CCCN1C=CN=C1)C(CCCC(=O)OCCC#CCCCCCC)(CCCC(=O)OCCC#CCCCCCC)C=NC(C)(C)C,-0.07314812066162257
N(CCCN1C=CN=C1)C(CCCC(=O)OC(CCCCCCCC)CCCCCCCC)(CCCC(=O)OCCCCCCCC/C=C\CCCCCCCC)C=NC(C)(C)C,-0.025568508562107347
N(CCCN1C=CN=C1)C(CCCC(=O)OCCCCCCCC/C=C\CCCCCCCC)(CCCC(=O)OCCC#CCCCCCC)C=NC(C)(C)C,-0.04876907618111739
N(CCCN1C=CN=C1)C(CCCC(=O)OCCCCCCCCCCCC)(CCCC(=O)OCCCCCCCCCCCC)C=NC(C)(C)C,-0.06730325812606189
N(CCCN1C=CN=C1)C(CCCC(=O)OC(CCCCCCCC)CCCCCCCC)(CCCC(=O)OC(CCCCCCCC)CCCCCCCC)C=NC(C)(C)C,-0.030258031811910918
N(CCCN1C=CN=C1)C(CCCCCCC/C=C\CCCCCCCC)(CCCCCCC/C=C\CCCCCCCC)C=NC(C)(C)C,-0.050202524471193416
N(CCCN1C=CN=C1)C(CCCC(=O)OCCCCCCCC/C=C\C/C=C\CCCCC)(CCCC(=O)OCCCCCCCC/C=C\C/C=C\CCCCC)C=NCCCC,0.025648764507651797
N(CCCN1C=CN=C1)C(CCCC(=O)OCCCCCCCC/C=C\CCCCCCCC)(CCCC(=O)OCCCCCCCC/C=C\CCCCCCCC)C=NCCCC,0.027592456045356813
N(CCCN1C=CN=C1)C(CCCC(=O)OCCC#CCCCCCC)(CCCC(=O)OCCC#CCCCCCC)C=NCCCC,-0.03614848611063473
N(CCCN1C=CN=C1)C(CCCC(=O)OC(CCCCCCCC)CCCCCCCC)(CCCC(=O)OCCCCCCCC/C=C\CCCCCCCC)C=NCCCC,0.022823126558173142
N(CCCN1C=CN=C1)C(CCCC(=O)OCCCCCCCC/C=C\CCCCCCCC)(CCCC(=O)OCCC#CCCCCCC)C=NCCCC,-0.0031861515381272987
N(CCCN1C=CN=C1)C(CCCC(=O)OCCCCCCCCCCCC)(CCCC(=O)OCCCCCCCCCCCC)C=NCCCC,-0.023211239429126465
N(CCCN1C=CN=C1)C(CCCC(=O)OC(CCCCCCCC)CCCCCCCC)(CCCC(=O)OC(CCCCCCCC)CCCCCCCC)C=NCCCC,0.017899749329634635
N(CCCN1C=CN=C1)C(CCCCCCC/C=C\CCCCCCCC)(CCCCCCC/C=C\CCCCCCCC)C=NCCCC,-0.006928491076437565
N(CCCN1C=CN=C1)C(CCCC(=O)OCCCCCCCC/C=C\C/C=C\CCCCC)(CCCC(=O)OCCCCCCCC/C=C\C/C=C\CCCCC)C=NC5CCCCC5,0.0013955540632274114
N(CCCN1C=CN=C1)C(CCCC(=O)OCCCCCCCC/C=C\CCCCCCCC)(CCCC(=O)OCCCCCCCC/C=C\CCCCCCCC)C=NC5CCCCC5,0.001977710788710148
N(CCCN1C=CN=C1)C(CCCC(=O)OCCC#CCCCCCC)(CCCC(=O)OCCC#CCCCCCC)C=NC5CCCCC5,-0.0549465685907984
N(CCCN1C=CN=C1)C(CCCC(=O)OC(CCCCCCCC)CCCCCCCC)(CCCC(=O)OCCCCCCCC/C=C\CCCCCCCC)C=NC5CCCCC5,-0.0025958241919360335
N(CCCN1C=CN=C1)C(CCCC(=O)OCCCCCCCC/C=C\CCCCCCCC)(CCCC(=O)OCCC#CCCCCCC)C=NC5CCCCC5,-0.026110570669977178
N(CCCN1C=CN=C1)C(CCCC(=O)OCCCCCCCCCCCC)(CCCC(=O)OCCCCCCCCCCCC)C=NC5CCCCC5,-0.0456171766354236
N(CCCN1C=CN=C1)C(CCCC(=O)OC(CCCCCCCC)CCCCCCCC)(CCCC(=O)OC(CCCCCCCC)CCCCCCCC)C=NC5CCCCC5,-0.007202972865864732
N(CCCN1C=CN=C1)C(CCCCCCC/C=C\CCCCCCCC)(CCCCCCC/C=C\CCCCCCCC)C=NC5CCCCC5,-0.03189839656557345
N3(CC1=CC=CN=C1)C(CCCC(=O)OCCCCCCCC/C=C\C/C=C\CCCCC)(CCCC(=O)OCCCCCCCC/C=C\C/C=C\CCCCC)C=NC3(C(=O)OC),0.07880791926255093
N3(CC1=CC=CN=C1)C(CCCC(=O)OCCCCCCCC/C=C\CCCCCCCC)(CCCC(=O)OCCCCCCCC/C=C\CCCCCCCC)C=NC3(C(=O)OC),0.08287356906073584
N3(CC1=CC=CN=C1)C(CCCC(=O)OCCC#CCCCCCC)(CCCC(=O)OCCC#CCCCCCC)C=NC3(C(=O)OC),0.025988318382041655
N3(CC1=CC=CN=C1)C(CCCC(=O)OC(CCCCCCCC)CCCCCCCC)(CCCC(=O)OCCCCCCCC/C=C\CCCCCCCC)C=NC3(C(=O)OC),0.07884907275656079
N3(CC1=CC=CN=C1)C(CCCC(=O)OCCCCCCCC/C=C\CCCCCCCC)(CCCC(=O)OCCC#CCCCCCC)C=NC3(C(=O)OC),0.054968150768332044
N3(CC1=CC=CN=C1)C(CCCC(=O)OCCCCCCCCCCCC)(CCCC(=O)OCCCCCCCCCCCC)C=NC3(C(=O)OC),0.03915723370163579
N3(CC1=CC=CN=C1)C(CCCC(=O)OC(CCCCCCCC)CCCCCCCC)(CCCC(=O)OC(CCCCCCCC)CCCCCCCC)C=NC3(C(=O)OC),0.07470433014835545
N3(CC1=CC=CN=C1)C(CCCCCCC/C=C\CCCCCCCC)(CCCCCCC/C=C\CCCCCCCC)C=NC3(C(=O)OC),0.06558333407961825
N3(CC1=CC=CN=C1)C(CCCC(=O)OCCCCCCCC/C=C\C/C=C\CCCCC)(CCCC(=O)OCCCCCCCC/C=C\C/C=C\CCCCC)C=NC3(C(=O)OCC),0.08223593021595658
N3(CC1=CC=CN=C1)C(CCCC(=O)OCCCCCCCC/C=C\CCCCCCCC)(CCCC(=O)OCCCCCCCC/C=C\CCCCCCCC)C=NC3(C(=O)OCC),0.08612012915241402
N3(CC1=CC=CN=C1)C(CCCC(=O)OCCC#CCCCCCC)(CCCC(=O)OCCC#CCCCCCC)C=NC3(C(=O)OCC),0.030473080469861063
N3(CC1=CC=CN=C1)C(CCCC(=O)OC(CCCCCCCC)CCCCCCCC)(CCCC(=O)OCCCCCCCC/C=C\CCCCCCCC)C=NC3(C(=O)OCC),0.0822091654253268
N3(CC1=CC=CN=C1)C(CCCC(=O)OCCCCCCCC/C=C\CCCCCCCC)(CCCC(=O)OCCC#CCCCCCC)C=NC3(C(=O)OCC),0.05891134639255255
N3(CC1=CC=CN=C1)C(CCCC(=O)OCCCCCCCCCCCC)(CCCC(=O)OCCCCCCCCCCCC)C=NC3(C(=O)OCC),0.043600264043795925
N3(CC1=CC=CN=C1)C(CCCC(=O)OC(CCCCCCCC)CCCCCCCC)(CCCC(=O)OC(CCCCCCCC)CCCCCCCC)C=NC3(C(=O)OCC),0.07817415545479887
N3(CC1=CC=CN=C1)C(CCCCCCC/C=C\CCCCCCCC)(CCCCCCC/C=C\CCCCCCCC)C=NC3(C(=O)OCC),0.06954778232939494
N3(CC1=CC=CN=C1)C(CCCC(=O)OCCCCCCCC/C=C\C/C=C\CCCCC)(CCCC(=O)OCCCCCCCC/C=C\C/C=C\CCCCC)C=NC3(C(=O)OC(C)(C)C),0.049442220301586196
N3(CC1=CC=CN=C1)C(CCCC(=O)OCCCCCCCC/C=C\CCCCCCCC)(CCCC(=O)OCCCCCCCC/C=C\CCCCCCCC)C=NC3(C(=O)OC(C)(C)C),0.05138883313658499
N3(CC1=CC=CN=C1)C(CCCC(=O)OCCC#CCCCCCC)(CCCC(=O)OCCC#CCCCCCC)C=NC3(C(=O)OC(C)(C)C),-0.0035915209638862334
N3(CC1=CC=CN=C1)C(CCCC(=O)OC(CCCCCCCC)CCCCCCCC)(CCCC(=O)OCCCCCCCC/C=C\CCCCCCCC)C=NC3(C(=O)OC(C)(C)C),0.04733528907422925
N3(CC1=CC=CN=C1)C(CCCC(=O)OCCCCCCCC/C=C\CCCCCCCC)(CCCC(=O)OCCC#CCCCCCC)C=NC3(C(=O)OC(C)(C)C),0.025975183808862226
N3(CC1=CC=CN=C1)C(CCCC(=O)OCCCCCCCCCCCC)(CCCC(=O)OCCCCCCCCCCCC)C=NC3(C(=O)OC(C)(C)C),0.00881568626884279
N3(CC1=CC=CN=C1)C(CCCC(=O)OC(CCCCCCCC)CCCCCCCC)(CCCC(=O)OC(CCCCCCCC)CCCCCCCC)C=NC3(C(=O)OC(C)(C)C),0.04335014392126073
N3(CC1=CC=CN=C1)C(CCCCCCC/C=C\CCCCCCCC)(CCCCCCC/C=C\CCCCCCCC)C=NC3(C(=O)OC(C)(C)C),0.03176830408644335
N(CC1=CC=CN=C1)C(CCCC(=O)OCCCCCCCC/C=C\C/C=C\CCCCC)(CCCC(=O)OCCCCCCCC/C=C\C/C=C\CCCCC)C=NC(C)(C)C,-0.014626462873671564
N(CC1=CC=CN=C1)C(CCCC(=O)OCCCCCCCC/C=C\CCCCCCCC)(CCCC(=O)OCCCCCCCC/C=C\CCCCCCCC)C=NC(C)(C)C,-0.016317803889622236
N(CC1=CC=CN=C1)C(CCCC(=O)OCCC#CCCCCCC)(CCCC(=O)OCCC#CCCCCCC)C=NC(C)(C)C,-0.07018684890643
N(CC1=CC=CN=C1)C(CCCC(=O)OC(CCCCCCCC)CCCCCCCC)(CCCC(=O)OCCCCCCCC/C=C\CCCCCCCC)C=NC(C)(C)C,-0.02106289186610082
N(CC1=CC=CN=C1)C(CCCC(=O)OCCCCCCCC/C=C\CCCCCCCC)(CCCC(=O)OCCC#CCCCCCC)C=NC(C)(C)C,-0.0455459840946912
N(CC1=CC=CN=C1)C(CCCC(=O)OCCCCCCCCCCCC)(CCCC(=O)OCCCCCCCCCCCC)C=NC(C)(C)C,-0.06473310226895841
N(CC1=CC=CN=C1)C(CCCC(=O)OC(CCCCCCCC)CCCCCCCC)(CCCC(=O)OC(CCCCCCCC)CCCCCCCC)C=NC(C)(C)C,-0.025839656017348313
N(CC1=CC=CN=C1)C(CCCCCCC/C=C\CCCCCCCC)(CCCCCCC/C=C\CCCCCCCC)C=NC(C)(C)C,-0.04648368297718186
N(CC1=CC=CN=C1)C(CCCC(=O)OCCCCCCCC/C=C\C/C=C\CCCCC)(CCCC(=O)OCCCCCCCC/C=C\C/C=C\CCCCC)C=NCCCC,0.03407524279664062
N(CC1=CC=CN=C1)C(CCCC(=O)OCCCCCCCC/C=C\CCCCCCCC)(CCCC(=O)OCCCCCCCC/C=C\CCCCCCCC)C=NCCCC,0.035900940958819516
N(CC1=CC=CN=C1)C(CCCC(=O)OCCC#CCCCCCC)(CCCC(=O)OCCC#CCCCCCC)C=NCCCC,-0.028171121609194535
N(CC1=CC=CN=C1)C(CCCC(=O)OC(CCCCCCCC)CCCCCCCC)(CCCC(=O)OCCCCCCCC/C=C\CCCCCCCC)C=NCCCC,0.031180695273980468
N(CC1=CC=CN=C1)C(CCCC(=O)OCCCCCCCC/C=C\CCCCCCCC)(CCCC(=O)OCCC#CCCCCCC)C=NCCCC,0.005317511612054973
N(CC1=CC=CN=C1)C(CCCC(=O)OCCCCCCCCCCCC)(CCCC(=O)OCCCCCCCCCCCC)C=NCCCC,-0.013915799106309822
N(CC1=CC=CN=C1)C(CCCC(=O)OC(CCCCCCCC)CCCCCCCC)(CCCC(=O)OC(CCCCCCCC)CCCCCCCC)C=NCCCC,0.02630576351804373
N(CC1=CC=CN=C1)C(CCCCCCC/C=C\CCCCCCCC)(CCCCCCC/C=C\CCCCCCCC)C=NCCCC,0.004192834683239886
N(CC1=CC=CN=C1)C(CCCC(=O)OCCCCCCCC/C=C\C/C=C\CCCCC)(CCCC(=O)OCCCCCCCC/C=C\C/C=C\CCCCC)C=NC5CCCCC5,0.007992481212935068
N(CC1=CC=CN=C1)C(CCCC(=O)OCCCCCCCC/C=C\CCCCCCCC)(CCCC(=O)OCCCCCCCC/C=C\CCCCCCCC)C=NC5CCCCC5,0.008723083397558893
N(CC1=CC=CN=C1)C(CCCC(=O)OCCC#CCCCCCC)(CCCC(=O)OCCC#CCCCCCC)C=NC5CCCCC5,-0.04843292422876885
N(CC1=CC=CN=C1)C(CCCC(=O)OC(CCCCCCCC)CCCCCCCC)(CCCC(=O)OCCCCCCCC/C=C\CCCCCCCC)C=NC5CCCCC5,0.0041785590956451065
N(CC1=CC=CN=C1)C(CCCC(=O)OCCCCCCCC/C=C\CCCCCCCC)(CCCC(=O)OCCC#CCCCCCC)C=NC5CCCCC5,-0.01897434453533806
N(CC1=CC=CN=C1)C(CCCC(=O)OCCCCCCCCCCCC)(CCCC(=O)OCCCCCCCCCCCC)C=NC5CCCCC5,-0.03925483895173548
N(CC1=CC=CN=C1)C(CCCC(=O)OC(CCCCCCCC)CCCCCCCC)(CCCC(=O)OC(CCCCCCCC)CCCCCCCC)C=NC5CCCCC5,-0.0005102507267988042
N(CC1=CC=CN=C1)C(CCCCCCC/C=C\CCCCCCCC)(CCCCCCC/C=C\CCCCCCCC)C=NC5CCCCC5,-0.022264348598338705
N3(CCN1CCOCC1)C(CCCC(=O)OCCCCCCCC/C=C\C/C=C\CCCCC)(CCCC(=O)OCCCCCCCC/C=C\C/C=C\CCCCC)C=NC3(C(=O)OC),-0.02337219615122749
N3(CCN1CCOCC1)C(CCCC(=O)OCCCCCCCC/C=C\CCCCCCCC)(CCCC(=O)OCCCCCCCC/C=C\CCCCCCCC)C=NC3(C(=O)OC),-0.02333793661844044
N3(CCN1CCOCC1)C(CCCC(=O)OCCC#CCCCCCC)(CCCC(=O)OCCC#CCCCCCC)C=NC3(C(=O)OC),-0.07413633771093886
N3(CCN1CCOCC1)C(CCCC(=O)OC(CCCCCCCC)CCCCCCCC)(CCCC(=O)OCCCCCCCC/C=C\CCCCCCCC)C=NC3(C(=O)OC),-0.027078188443003488
N3(CCN1CCOCC1)C(CCCC(=O)OCCCCCCCC/C=C\CCCCCCCC)(CCCC(=O)OCCC#CCCCCCC)C=NC3(C(=O)OC),-0.04580529616552348
N3(CCN1CCOCC1)C(CCCC(=O)OCCCCCCCCCCCC)(CCCC(=O)OCCCCCCCCCCCC)C=NC3(C(=O)OC),-0.06504775377361528
N3(CCN1CCOCC1)C(CCCC(=O)OC(CCCCCCCC)CCCCCCCC)(CCCC(=O)OC(CCCCCCCC)CCCCCCCC)C=NC3(C(=O)OC),-0.030993177402351527
N3(CCN1CCOCC1)C(CCCCCCC/C=C\CCCCCCCC)(CCCCCCC/C=C\CCCCCCCC)C=NC3(C(=O)OC),-0.04530643771660234
N3(CCN1CCOCC1)C(CCCC(=O)OCCCCCCCC/C=C\C/C=C\CCCCC)(CCCC(=O)OCCCCCCCC/C=C\C/C=C\CCCCC)C=NC3(C(=O)OCC),-0.019904864085662038
N3(CCN1CCOCC1)C(CCCC(=O)OCCCCCCCC/C=C\CCCCCCCC)(CCCC(=O)OCCCCCCCC/C=C\CCCCCCCC)C=NC3(C(=O)OCC),-0.019963695558668122
N3(CCN1CCOCC1)C(CCCC(=O)OCCC#CCCCCCC)(CCCC(=O)OCCC#CCCCCCC)C=NC3(C(=O)OCC),-0.06904231616773131
N3(CCN1CCOCC1)C(CCCC(=O)OC(CCCCCCCC)CCCCCCCC)(CCCC(=O)OCCCCCCCC/C=C\CCCCCCCC)C=NC3(C(=O)OCC),-0.023594620272684504
N3(CCN1CCOCC1)C(CCCC(=O)OCCCCCCCC/C=C\CCCCCCCC)(CCCC(=O)OCCC#CCCCCCC)C=NC3(C(=O)OCC),-0.04185182718732387
N3(CCN1CCOCC1)C(CCCC(=O)OCCCCCCCCCCCC)(CCCC(=O)OCCCCCCCCCCCC)C=NC3(C(=O)OCC),-0.06049015450725541
N3(CCN1CCOCC1)C(CCCC(=O)OC(CCCCCCCC)CCCCCCCC)(CCCC(=O)OC(CCCCCCCC)CCCCCCCC)C=NC3(C(=O)OCC),-0.02746773480090133
N3(CCN1CCOCC1)C(CCCCCCC/C=C\CCCCCCCC)(CCCCCCC/C=C\CCCCCCCC)C=NC3(C(=O)OCC),-0.04134527874244176
N3(CCN1CCOCC1)C(CCCC(=O)OCCCCCCCC/C=C\C/C=C\CCCCC)(CCCC(=O)OCCCCCCCC/C=C\C/C=C\CCCCC)C=NC3(C(=O)OC(C)(C)C),-0.03811112477705998
N3(CCN1CCOCC1)C(CCCC(=O)OCCCCCCCC/C=C\CCCCCCCC)(CCCC(=O)OCCCCCCCC/C=C\CCCCCCCC)C=NC3(C(=O)OC(C)(C)C),-0.03786677215149552
N3(CCN1CCOCC1)C(CCCC(=O)OCCC#CCCCCCC)(CCCC(=O)OCCC#CCCCCCC)C=NC3(C(=O)OC(C)(C)C),-0.08738797305544518
N3(CCN1CCOCC1)C(CCCC(=O)OC(CCCCCCCC)CCCCCCCC)(CCCC(=O)OCCCCCCCC/C=C\CCCCCCCC)C=NC3(C(=O)OC(C)(C)C),-0.04122226884611298
N3(CCN1CCOCC1)C(CCCC(=O)OCCCCCCCC/C=C\CCCCCCCC)(CCCC(=O)OCCC#CCCCCCC)C=NC3(C(=O)OC(C)(C)C),-0.05914146889726869
N3(CCN1CCOCC1)C(CCCC(=O)OCCCCCCCCCCCC)(CCCC(=O)OCCCCCCCCCCCC)C=NC3(C(=O)OC(C)(C)C),-0.07758031441767754
N3(CCN1CCOCC1)C(CCCC(=O)OC(CCCCCCCC)CCCCCCCC)(CCCC(=O)OC(CCCCCCCC)CCCCCCCC)C=NC3(C(=O)OC(C)(C)C),-0.04467931253817596
N3(CCN1CCOCC1)C(CCCCCCC/C=C\CCCCCCCC)(CCCCCCC/C=C\CCCCCCCC)C=NC3(C(=O)OC(C)(C)C),-0.05946420090549394
N(CCN1CCOCC1)C(CCCC(=O)OCCCCCCCC/C=C\C/C=C\CCCCC)(CCCC(=O)OCCCCCCCC/C=C\C/C=C\CCCCC)C=NC(C)(C)C,-0.09594462555340612
N(CCN1CCOCC1)C(CCCC(=O)OCCCCCCCC/C=C\CCCCCCCC)(CCCC(=O)OCCCCCCCC/C=C\CCCCCCCC)C=NC(C)(C)C,-0.09727170557903765
N(CCN1CCOCC1)C(CCCC(=O)OCCC#CCCCCCC)(CCCC(=O)OCCC#CCCCCCC)C=NC(C)(C)C,-0.1653446612702645
N(CCN1CCOCC1)C(CCCC(=O)OC(CCCCCCCC)CCCCCCCC)(CCCC(=O)OCCCCCCCC/C=C\CCCCCCCC)C=NC(C)(C)C,-0.10145784199362665
N(CCN1CCOCC1)C(CCCC(=O)OCCCCCCCC/C=C\CCCCCCCC)(CCCC(=O)OCCC#CCCCCCC)C=NC(C)(C)C,-0.12193119459974443
N(CCN1CCOCC1)C(CCCC(=O)OCCCCCCCCCCCC)(CCCC(=O)OCCCCCCCCCCCC)C=NC(C)(C)C,-0.14185645475936282
N(CCN1CCOCC1)C(CCCC(=O)OC(CCCCCCCC)CCCCCCCC)(CCCC(=O)OC(CCCCCCCC)CCCCCCCC)C=NC(C)(C)C,-0.10550893036391282
N(CCN1CCOCC1)C(CCCCCCC/C=C\CCCCCCCC)(CCCCCCC/C=C\CCCCCCCC)C=NC(C)(C)C,-0.1306507788871284
N(CCN1CCOCC1)C(CCCC(=O)OCCCCCCCC/C=C\C/C=C\CCCCC)(CCCC(=O)OCCCCCCCC/C=C\C/C=C\CCCCC)C=NCCCC,-0.07032439770137248
N(CCN1CCOCC1)C(CCCC(=O)OCCCCCCCC/C=C\CCCCCCCC)(CCCC(=O)OCCCCCCCC/C=C\CCCCCCCC)C=NCCCC,-0.06868398037937819
N(CCN1CCOCC1)C(CCCC(=O)OCCC#CCCCCCC)(CCCC(=O)OCCC#CCCCCCC)C=NCCCC,-0.12568416796059448
N(CCN1CCOCC1)C(CCCC(=O)OC(CCCCCCCC)CCCCCCCC)(CCCC(=O)OCCCCCCCC/C=C\CCCCCCCC)C=NCCCC,-0.07344794789672188
N(CCN1CCOCC1)C(CCCC(=O)OCCCCCCCC/C=C\CCCCCCCC)(CCCC(=O)OCCC#CCCCCCC)C=NCCCC,-0.09808169345438746
N(CCN1CCOCC1)C(CCCC(=O)OCCCCCCCCCCCC)(CCCC(=O)OCCCCCCCCCCCC)C=NCCCC,-0.11882020072592504
N(CCN1CCOCC1)C(CCCC(=O)OC(CCCCCCCC)CCCCCCCC)(CCCC(=O)OC(CCCCCCCC)CCCCCCCC)C=NCCCC,-0.0778446430093125
N(CCN1CCOCC1)C(CCCCCCC/C=C\CCCCCCCC)(CCCCCCC/C=C\CCCCCCCC)C=NCCCC,-0.10663462111055479
N(CCN1CCOCC1)C(CCCC(=O)OCCCCCCCC/C=C\C/C=C\CCCCC)(CCCC(=O)OCCCCCCCC/C=C\C/C=C\CCCCC)C=NC5CCCCC5,-0.08004063250044009
N(CCN1CCOCC1)C(CCCC(=O)OCCCCCCCC/C=C\CCCCCCCC)(CCCC(=O)OCCCCCCCC/C=C\CCCCCCCC)C=NC5CCCCC5,-0.08102941278188243
N(CCN1CCOCC1)C(CCCC(=O)OCCC#CCCCCCC)(CCCC(=O)OCCC#CCCCCCC)C=NC5CCCCC5,-0.13219320883871377
N(CCN1CCOCC1)C(CCCC(=O)OC(CCCCCCCC)CCCCCCCC)(CCCC(=O)OCCCCCCCC/C=C\CCCCCCCC)C=NC5CCCCC5,-0.08495490038805999
N(CCN1CCOCC1)C(CCCC(=O)OCCCCCCCC/C=C\CCCCCCCC)(CCCC(=O)OCCC#CCCCCCC)C=NC5CCCCC5,-0.10620456709815161
N(CCN1CCOCC1)C(CCCC(=O)OCCCCCCCCCCCC)(CCCC(=O)OCCCCCCCCCCCC)C=NC5CCCCC5,-0.1248131707813512
N(CCN1CCOCC1)C(CCCC(=O)OC(CCCCCCCC)CCCCCCCC)(CCCC(=O)OC(CCCCCCCC)CCCCCCCC)C=NC5CCCCC5,-0.08895772352002472
N(CCN1CCOCC1)C(CCCCCCC/C=C\CCCCCCCC)(CCCCCCC/C=C\CCCCCCCC)C=NC5CCCCC5,-0.11439939176857791
N3(CCN1CCN(C)CC1)C(CCCC(=O)OCCCCCCCC/C=C\C/C=C\CCCCC)(CCCC(=O)OCCCCCCCC/C=C\C/C=C\CCCCC)C=NC3(C(=O)OC),0.27742265672110517
N3(CCN1CCN(C)CC1)C(CCCC(=O)OCCCCCCCC/C=C\CCCCCCCC)(CCCC(=O)OCCCCCCCC/C=C\CCCCCCCC)C=NC3(C(=O)OC),0.2729765774157027
N3(CCN1CCN(C)CC1)C(CCCC(=O)OCCC#CCCCCCC)(CCCC(=O)OCCC#CCCCCCC)C=NC3(C(=O)OC),0.24792323143389347
N3(CCN1CCN(C)CC1)C(CCCC(=O)OC(CCCCCCCC)CCCCCCCC)(CCCC(=O)OCCCCCCCC/C=C\CCCCCCCC)C=NC3(C(=O)OC),0.2705768180511328
N3(CCN1CCN(C)CC1)C(CCCC(=O)OCCCCCCCC/C=C\CCCCCCCC)(CCCC(=O)OCCC#CCCCCCC)C=NC3(C(=O)OC),0.2589449181449523
N3(CCN1CCN(C)CC1)C(CCCC(=O)OCCCCCCCCCCCC)(CCCC(=O)OCCCCCCCCCCCC)C=NC3(C(=O)OC),0.2569450085313061
N3(CCN1CCN(C)CC1)C(CCCC(=O)OC(CCCCCCCC)CCCCCCCC)(CCCC(=O)OC(CCCCCCCC)CCCCCCCC)C=NC3(C(=O)OC),0.26805726296823346
N3(CCN1CCN(C)CC1)C(CCCCCCC/C=C\CCCCCCCC)(CCCCCCC/C=C\CCCCCCCC)C=NC3(C(=O)OC),0.3045891895617514
N3(CCN1CCN(C)CC1)C(CCCC(=O)OCCCCCCCC/C=C\C/C=C\CCCCC)(CCCC(=O)OCCCCCCCC/C=C\C/C=C\CCCCC)C=NC3(C(=O)OCC),0.27724945157770303
N3(CCN1CCN(C)CC1)C(CCCC(=O)OCCCCCCCC/C=C\CCCCCCCC)(CCCC(=O)OCCCCCCCC/C=C\CCCCCCCC)C=NC3(C(=O)OCC),0.272864171302867
N3(CCN1CCN(C)CC1)C(CCCC(=O)OCCC#CCCCCCC)(CCCC(=O)OCCC#CCCCCCC)C=NC3(C(=O)OCC),0.24864119468960874
N3(CCN1CCN(C)CC1)C(CCCC(=O)OC(CCCCCCCC)CCCCCCCC)(CCCC(=O)OCCCCCCCC/C=C\CCCCCCCC)C=NC3(C(=O)OCC),0.2704537180376639
N3(CCN1CCN(C)CC1)C(CCCC(=O)OCCCCCCCC/C=C\CCCCCCCC)(CCCC(=O)OCCC#CCCCCCC)C=NC3(C(=O)OCC),0.25932097697087175
N3(CCN1CCN(C)CC1)C(CCCC(=O)OCCCCCCCCCCCC)(CCCC(=O)OCCCCCCCCCCCC)C=NC3(C(=O)OCC),0.25707853209398773
N3(CCN1CCN(C)CC1)C(CCCC(=O)OC(CCCCCCCC)CCCCCCCC)(CCCC(=O)OC(CCCCCCCC)CCCCCCCC)C=NC3(C(=O)OCC),0.2679710809431865
N3(CCN1CCN(C)CC1)C(CCCCCCC/C=C\CCCCCCCC)(CCCCCCC/C=C\CCCCCCCC)C=NC3(C(=O)OCC),0.30375530562473385
N3(CCN1CCN(C)CC1)C(CCCC(=O)OCCCCCCCC/C=C\C/C=C\CCCCC)(CCCC(=O)OCCCCCCCC/C=C\C/C=C\CCCCC)C=NC3(C(=O)OC(C)(C)C),0.2156468765114636
N3(CCN1CCN(C)CC1)C(CCCC(=O)OCCCCCCCC/C=C\CCCCCCCC)(CCCC(=O)OCCCCCCCC/C=C\CCCCCCCC)C=NC3(C(=O)OC(C)(C)C),0.2172679486873686
N3(CCN1CCN(C)CC1)C(CCCC(=O)OCCC#CCCCCCC)(CCCC(=O)OCCC#CCCCCCC)C=NC3(C(=O)OC(C)(C)C),0.1863236752918496
N3(CCN1CCN(C)CC1)C(CCCC(=O)OC(CCCCCCCC)CCCCCCCC)(CCCC(=O)OCCCCCCCC/C=C\CCCCCCCC)C=NC3(C(=O)OC(C)(C)C),0.21491509529425593
N3(CCN1CCN(C)CC1)C(CCCC(=O)OCCCCCCCC/C=C\CCCCCCCC)(CCCC(=O)OCCC#CCCCCCC)C=NC3(C(=O)OC(C)(C)C),0.20312161535575493
N3(CCN1CCN(C)CC1)C(CCCC(=O)OCCCCCCCCCCCC)(CCCC(=O)OCCCCCCCCCCCC)C=NC3(C(=O)OC(C)(C)C),0.19683103344492525
N3(CCN1CCN(C)CC1)C(CCCC(=O)OC(CCCCCCCC)CCCCCCCC)(CCCC(=O)OC(CCCCCCCC)CCCCCCCC)C=NC3(C(=O)OC(C)(C)C),0.21249202562942934
N3(CCN1CCN(C)CC1)C(CCCCCCC/C=C\CCCCCCCC)(CCCCCCC/C=C\CCCCCCCC)C=NC3(C(=O)OC(C)(C)C),0.22523248651585828
N(CCN1CCN(C)CC1)C(CCCC(=O)OCCCCCCCC/C=C\C/C=C\CCCCC)(CCCC(=O)OCCCCCCCC/C=C\C/C=C\CCCCC)C=NC(C)(C)C,0.14787279431560263
N(CCN1CCN(C)CC1)C(CCCC(=O)OCCCCCCCC/C=C\CCCCCCCC)(CCCC(=O)OCCCCCCCC/C=C\CCCCCCCC)C=NC(C)(C)C,0.1498610187400738
N(CCN1CCN(C)CC1)C(CCCC(=O)OCCC#CCCCCCC)(CCCC(=O)OCCC#CCCCCCC)C=NC(C)(C)C,0.09942786241667467
N(CCN1CCN(C)CC1)C(CCCC(=O)OC(CCCCCCCC)CCCCCCCC)(CCCC(=O)OCCCCCCCC/C=C\CCCCCCCC)C=NC(C)(C)C,0.146479898738602
N(CCN1CCN(C)CC1)C(CCCC(=O)OCCCCCCCC/C=C\CCCCCCCC)(CCCC(=O)OCCC#CCCCCCC)C=NC(C)(C)C,0.1273874711493659
N(CCN1CCN(C)CC1)C(CCCC(=O)OCCCCCCCCCCCC)(CCCC(=O)OCCCCCCCCCCCC)C=NC(C)(C)C,0.11524639438171509
N(CCN1CCN(C)CC1)C(CCCC(=O)OC(CCCCCCCC)CCCCCCCC)(CCCC(=O)OC(CCCCCCCC)CCCCCCCC)C=NC(C)(C)C,0.14304479857016986
N(CCN1CCN(C)CC1)C(CCCCCCC/C=C\CCCCCCCC)(CCCCCCC/C=C\CCCCCCCC)C=NC(C)(C)C,0.1370805608629338
N(CCN1CCN(C)CC1)C(CCCC(=O)OCCCCCCCC/C=C\C/C=C\CCCCC)(CCCC(=O)OCCCCCCCC/C=C\C/C=C\CCCCC)C=NCCCC,0.22187545782985796
N(CCN1CCN(C)CC1)C(CCCC(=O)OCCCCCCCC/C=C\CCCCCCCC)(CCCC(=O)OCCCCCCCC/C=C\CCCCCCCC)C=NCCCC,0.21809315133988336
N(CCN1CCN(C)CC1)C(CCCC(=O)OCCC#CCCCCCC)(CCCC(=O)OCCC#CCCCCCC)C=NCCCC,0.18319320109623066
N(CCN1CCN(C)CC1)C(CCCC(=O)OC(CCCCCCCC)CCCCCCCC)(CCCC(=O)OCCCCCCCC/C=C\CCCCCCCC)C=NCCCC,0.21559951995430554
N(CCN1CCN(C)CC1)C(CCCC(=O)OCCCCCCCC/C=C\CCCCCCCC)(CCCC(=O)OCCC#CCCCCCC)C=NCCCC,0.20218339078994663
N(CCN1CCN(C)CC1)C(CCCC(=O)OCCCCCCCCCCCC)(CCCC(=O)OCCCCCCCCCCCC)C=NCCCC,0.19491298023359793
N(CCN1CCN(C)CC1)C(CCCC(=O)OC(CCCCCCCC)CCCCCCCC)(CCCC(=O)OC(CCCCCCCC)CCCCCCCC)C=NCCCC,0.21302295076072678
N(CCN1CCN(C)CC1)C(CCCCCCC/C=C\CCCCCCCC)(CCCCCCC/C=C\CCCCCCCC)C=NCCCC,0.22482786055650572
N(CCN1CCN(C)CC1)C(CCCC(=O)OCCCCCCCC/C=C\C/C=C\CCCCC)(CCCC(=O)OCCCCCCCC/C=C\C/C=C\CCCCC)C=NC5CCCCC5,0.17673764474080084
N(CCN1CCN(C)CC1)C(CCCC(=O)OCCCCCCCC/C=C\CCCCCCCC)(CCCC(=O)OCCCCCCCC/C=C\CCCCCCCC)C=NC5CCCCC5,0.17612723629187554
N(CCN1CCN(C)CC1)C(CCCC(=O)OCCC#CCCCCCC)(CCCC(=O)OCCC#CCCCCCC)C=NC5CCCCC5,0.13546967192386777
N(CCN1CCN(C)CC1)C(CCCC(=O)OC(CCCCCCCC)CCCCCCCC)(CCCC(=O)OCCCCCCCC/C=C\CCCCCCCC)C=NC5CCCCC5,0.173127987671864
N(CCN1CCN(C)CC1)C(CCCC(=O)OCCCCCCCC/C=C\CCCCCCCC)(CCCC(=O)OCCC#CCCCCCC)C=NC5CCCCC5,0.15771935351887595
N(CCN1CCN(C)CC1)C(CCCC(=O)OCCCCCCCCCCCC)(CCCC(=O)OCCCCCCCCCCCC)C=NC5CCCCC5,0.14655370467639928
N(CCN1CCN(C)CC1)C(CCCC(=O)OC(CCCCCCCC)CCCCCCCC)(CCCC(=O)OC(CCCCCCCC)CCCCCCCC)C=NC5CCCCC5,0.17003826144312417
N(CCN1CCN(C)CC1)C(CCCCCCC/C=C\CCCCCCCC)(CCCCCCC/C=C\CCCCCCCC)C=NC5CCCCC5,0.16692325735656735
N(C3CCCCC3)C(=O)C(CCCCCCC/C=C\CCCCCCCC)(CCCCCCC/C=C\CCCCCCCC)N(C)CCO,0.14119983035951844
N(C3CCCCC3)C(=O)C(CCCCCCCCC)(CCCCCCCCC)N(C)CCO,0.07401838100668467
N(C3CCCCC3)C(=O)C(CCCCCCCCCC)(CCCCCCCCCC)N(C)CCO,0.08219620357666603
N(C3CCCCC3)C(=O)C(CCCCC)(CCCCC)N(C)CCO,0.022404322168767556
N(C3CCCCC3)C(=O)C(CCCCCC)(CCCCCC)N(C)CCO,0.042762850518788434
N(C3CCCCC3)C(=O)C(CCCCCCC)(CCCCCCC)N(C)CCO,0.05524496058388022
N(C3CCCCC3)C(=O)C(CCCCCCCC)(CCCCCCCC)N(C)CCO,0.06500693734134455
N(C3CCCCC3)C(=O)C5(CCCCCCCCCCC5)N(C)CCO,-0.06472106412098436
N(C3CCCCC3)C(=O)C5(CCCCCCCCCCCCCC5)N(C)CCO,-0.05546840691046227
N(C(C)(C)C)C(=O)C(CCCCCCC/C=C\CCCCCCCC)(CCCCCCC/C=C\CCCCCCCC)N(C)CCO,0.10836210573193787
N(C(C)(C)C)C(=O)C(CCCCCCCCC)(CCCCCCCCC)N(C)CCO,0.021125597498597628
N(C(C)(C)C)C(=O)C(CCCCCCCCCC)(CCCCCCCCCC)N(C)CCO,0.03024616551091903
N(C(C)(C)C)C(=O)C(CCCCC)(CCCCC)N(C)CCO,-0.022700485517703196
N(C(C)(C)C)C(=O)C(CCCCCC)(CCCCCC)N(C)CCO,-0.006742023693907426
N(C(C)(C)C)C(=O)C(CCCCCCC)(CCCCCCC)N(C)CCO,0.0037635696651732798
N(C(C)(C)C)C(=O)C(CCCCCCCC)(CCCCCCCC)N(C)CCO,0.012911337564941835
N(C(C)(C)C)C(=O)C5(CCCCCCCCCCC5)N(C)CCO,-0.125507373151109
N(C(C)(C)C)C(=O)C5(CCCCCCCCCCCCCC5)N(C)CCO,-0.10680862228869507
N(CCCC)C(=O)C(CCCCCCC/C=C\CCCCCCCC)(CCCCCCC/C=C\CCCCCCCC)N(C)CCO,0.17983434002838028
N(CCCC)C(=O)C(CCCCCCCCC)(CCCCCCCCC)N(C)CCO,0.12182479541871674
N(CCCC)C(=O)C(CCCCCCCCCC)(CCCCCCCCCC)N(C)CCO,0.12823131303037202
N(CCCC)C(=O)C(CCCCC)(CCCCC)N(C)CCO,0.06313009019235886
N(CCCC)C(=O)C(CCCCCC)(CCCCCC)N(C)CCO,0.09067374824508316
N(CCCC)C(=O)C(CCCCCCC)(CCCCCCC)N(C)CCO,0.10468386951933349
N(CCCC)C(=O)C(CCCCCCCC)(CCCCCCCC)N(C)CCO,0.11452538216275743
N(CCCC)C(=O)C5(CCCCCCCCCCC5)N(C)CCO,-0.05854056029686941
N(CCCC)C(=O)C5(CCCCCCCCCCCCCC5)N(C)CCO,-0.04838969053077345
N(CCCCC)C(=O)C(CCCCCCC/C=C\CCCCCCCC)(CCCCCCC/C=C\CCCCCCCC)N(C)CCO,0.18376714214243478
N(CCCCC)C(=O)C(CCCCCCCCC)(CCCCCCCCC)N(C)CCO,0.12902970583368692
N(CCCCC)C(=O)C(CCCCCCCCCC)(CCCCCCCCCC)N(C)CCO,0.13479347796262012
N(CCCCC)C(=O)C(CCCCC)(CCCCC)N(C)CCO,0.07547788066003082
N(CCCCC)C(=O)C(CCCCCC)(CCCCCC)N(C)CCO,0.10045548318552924
N(CCCCC)C(=O)C(CCCCCCC)(CCCCCCC)N(C)CCO,0.11330372417159865
N(CCCCC)C(=O)C(CCCCCCCC)(CCCCCCCC)N(C)CCO,0.12245828887504828
N(CCCCC)C(=O)C5(CCCCCCCCCCC5)N(C)CCO,-0.05089062140470485
N(CCCCC)C(=O)C5(CCCCCCCCCCCCCC5)N(C)CCO,-0.041432136646039966
N(CC(=O)OC)C(=O)C(CCCCCCC/C=C\CCCCCCCC)(CCCCCCC/C=C\CCCCCCCC)N(C)CCO,0.1818340994467929
N(CC(=O)OC)C(=O)C(CCCCCCCCC)(CCCCCCCCC)N(C)CCO,0.12618987443463187
N(CC(=O)OC)C(=O)C(CCCCCCCCCC)(CCCCCCCCCC)N(C)CCO,0.13215220466240105
N(CC(=O)OC)C(=O)C(CCCCC)(CCCCC)N(C)CCO,0.07210668856350085
N(CC(=O)OC)C(=O)C(CCCCCC)(CCCCCC)N(C)CCO,0.09713268399326927
N(CC(=O)OC)C(=O)C(CCCCCCC)(CCCCCCC)N(C)CCO,0.11064995462794297
N(CC(=O)OC)C(=O)C(CCCCCCCC)(CCCCCCCC)N(C)CCO,0.11961246468617208
N(CC(=O)OC)C(=O)C5(CCCCCCCCCCC5)N(C)CCO,-0.05657899552636449
N(CC(=O)OC)C(=O)C5(CCCCCCCCCCCCCC5)N(C)CCO,-0.04638665685626807
N(CC(=O)OCC)C(=O)C(CCCCCCC/C=C\CCCCCCCC)(CCCCCCC/C=C\CCCCCCCC)N(C)CCO,0.18025200293401042
N(CC(=O)OCC)C(=O)C(CCCCCCCCC)(CCCCCCCCC)N(C)CCO,0.1259189973308114
N(CC(=O)OCC)C(=O)C(CCCCCCCCCC)(CCCCCCCCCC)N(C)CCO,0.13170601968190784
N(CC(=O)OCC)C(=O)C(CCCCC)(CCCCC)N(C)CCO,0.07388968622076365
N(CC(=O)OCC)C(=O)C(CCCCCC)(CCCCCC)N(C)CCO,0.09793353999841543
N(CC(=O)OCC)C(=O)C(CCCCCCC)(CCCCCCC)N(C)CCO,0.11092571307685585
N(CC(=O)OCC)C(=O)C(CCCCCCCC)(CCCCCCCC)N(C)CCO,0.119623353840609
N(CC(=O)OCC)C(=O)C5(CCCCCCCCCCC5)N(C)CCO,-0.05225122500647873
N(CC(=O)OCC)C(=O)C5(CCCCCCCCCCCCCC5)N(C)CCO,-0.04293966122533377
N(CC(=O)OC(C)(C)C)C(=O)C(CCCCCCC/C=C\CCCCCCCC)(CCCCCCC/C=C\CCCCCCCC)N(C)CCO,0.1158177821089478
N(CC(=O)OC(C)(C)C)C(=O)C(CCCCCCCCC)(CCCCCCCCC)N(C)CCO,0.034735448475270186
N(CC(=O)OC(C)(C)C)C(=O)C(CCCCCCCCCC)(CCCCCCCCCC)N(C)CCO,0.04502371684107502
N(CC(=O)OC(C)(C)C)C(=O)C(CCCCC)(CCCCC)N(C)CCO,-0.01163307186777091
N(CC(=O)OC(C)(C)C)C(=O)C(CCCCCC)(CCCCCC)N(C)CCO,0.004602161753404515
N(CC(=O)OC(C)(C)C)C(=O)C(CCCCCCC)(CCCCCCC)N(C)CCO,0.016506786164778905
N(CC(=O)OC(C)(C)C)C(=O)C(CCCCCCCC)(CCCCCCCC)N(C)CCO,0.025338205823110863
N(CC(=O)OC(C)(C)C)C(=O)C5(CCCCCCCCCCC5)N(C)CCO,-0.0901471646335736
N(CC(=O)OC(C)(C)C)C(=O)C5(CCCCCCCCCCCCCC5)N(C)CCO,-0.0778062531076011
N(C(C)C(=O)OC(C)(C)C)C(=O)C(CCCCCCC/C=C\CCCCCCCC)(CCCCCCC/C=C\CCCCCCCC)N(C)CCO,0.10907744057106497
N(C(C)C(=O)OC(C)(C)C)C(=O)C(CCCCCCCCC)(CCCCCCCCC)N(C)CCO,0.028413708563227568
N(C(C)C(=O)OC(C)(C)C)C(=O)C(CCCCCCCCCC)(CCCCCCCCCC)N(C)CCO,0.03844165104037324
N(C(C)C(=O)OC(C)(C)C)C(=O)C(CCCCC)(CCCCC)N(C)CCO,-0.014295477637359307
N(C(C)C(=O)OC(C)(C)C)C(=O)C(CCCCCC)(CCCCCC)N(C)CCO,0.0002130970280415285
N(C(C)C(=O)OC(C)(C)C)C(=O)C(CCCCCCC)(CCCCCCC)N(C)CCO,0.011564003712057637
N(C(C)C(=O)OC(C)(C)C)C(=O)C(CCCCCCCC)(CCCCCCCC)N(C)CCO,0.020597413430313606
N(C(C)C(=O)OC(C)(C)C)C(=O)C5(CCCCCCCCCCC5)N(C)CCO,-0.08617173711221982
N(C(C)C(=O)OC(C)(C)C)C(=O)C5(CCCCCCCCCCCCCC5)N(C)CCO,-0.0746277915348429
N(CCC(=O)OCC)C(=O)C(CCCCCCC/C=C\CCCCCCCC)(CCCCCCC/C=C\CCCCCCCC)N(C)CCO,0.16804987180389602
N(CCC(=O)OCC)C(=O)C(CCCCCCCCC)(CCCCCCCCC)N(C)CCO,0.11068960616961672
N(CCC(=O)OCC)C(=O)C(CCCCCCCCCC)(CCCCCCCCCC)N(C)CCO,0.11703221570936982
N(CCC(=O)OCC)C(=O)C(CCCCC)(CCCCC)N(C)CCO,0.055443819073183395
N(CCC(=O)OCC)C(=O)C(CCCCCC)(CCCCCC)N(C)CCO,0.08076742635835535
N(CCC(=O)OCC)C(=O)C(CCCCCCC)(CCCCCCC)N(C)CCO,0.09421281355422202
N(CCC(=O)OCC)C(=O)C(CCCCCCCC)(CCCCCCCC)N(C)CCO,0.1037553325460932
N(CCC(=O)OCC)C(=O)C5(CCCCCCCCCCC5)N(C)CCO,-0.06188327537710643
N(CCC(=O)OCC)C(=O)C5(CCCCCCCCCCCCCC5)N(C)CCO,-0.05234374527038414
N(CS(=O)(=O)c3ccc(C)cc3)C(=O)C(CCCCCCC/C=C\CCCCCCCC)(CCCCCCC/C=C\CCCCCCCC)N(C)CCO,0.09403184331724211
N(CS(=O)(=O)c3ccc(C)cc3)C(=O)C(CCCCCCCCC)(CCCCCCCCC)N(C)CCO,0.029625018102790442
N(CS(=O)(=O)c3ccc(C)cc3)C(=O)C(CCCCCCCCCC)(CCCCCCCCCC)N(C)CCO,0.03534231982644388
N(CS(=O)(=O)c3ccc(C)cc3)C(=O)C(CCCCC)(CCCCC)N(C)CCO,-0.013601725853302353
N(CS(=O)(=O)c3ccc(C)cc3)C(=O)C(CCCCCC)(CCCCCC)N(C)CCO,0.002353018638461505
N(CS(=O)(=O)c3ccc(C)cc3)C(=O)C(CCCCCCC)(CCCCCCC)N(C)CCO,0.014534212083650171
N(CS(=O)(=O)c3ccc(C)cc3)C(=O)C(CCCCCCCC)(CCCCCCCC)N(C)CCO,0.023239497784794207
N(CS(=O)(=O)c3ccc(C)cc3)C(=O)C5(CCCCCCCCCCC5)N(C)CCO,-0.085334684055773
N(CS(=O)(=O)c3ccc(C)cc3)C(=O)C5(CCCCCCCCCCCCCC5)N(C)CCO,-0.07583361894837892
N(C3CCCCC3)C(=O)C(CCCCCCC/C=C\CCCCCCCC)(CCCCCCC/C=C\CCCCCCCC)N(CC)CCO,0.14297395147847475
N(C3CCCCC3)C(=O)C(CCCCCCCCC)(CCCCCCCCC)N(CC)CCO,0.07920761881824098
N(C3CCCCC3)C(=O)C(CCCCCCCCCC)(CCCCCCCCCC)N(CC)CCO,0.08658334627239887
N(C3CCCCC3)C(=O)C(CCCCC)(CCCCC)N(CC)CCO,0.032946105069387235
N(C3CCCCC3)C(=O)C(CCCCCC)(CCCCCC)N(CC)CCO,0.04883381695902965
N(C3CCCCC3)C(=O)C(CCCCCCC)(CCCCCCC)N(CC)CCO,0.06045927348968816
N(C3CCCCC3)C(=O)C(CCCCCCCC)(CCCCCCCC)N(CC)CCO,0.07084384703928545
N(C3CCCCC3)C(=O)C5(CCCCCCCCCCC5)N(CC)CCO,-0.049355175531482456
N(C3CCCCC3)C(=O)C5(CCCCCCCCCCCCCC5)N(CC)CCO,-0.04126005796688992
N(C(C)(C)C)C(=O)C(CCCCCCC/C=C\CCCCCCCC)(CCCCCCC/C=C\CCCCCCCC)N(CC)CCO,0.11340732884374467
N(C(C)(C)C)C(=O)C(CCCCCCCCC)(CCCCCCCCC)N(CC)CCO,0.027107317931026182
N(C(C)(C)C)C(=O)C(CCCCCCCCCC)(CCCCCCCCCC)N(CC)CCO,0.03791705663817256
N(C(C)(C)C)C(=O)C(CCCCC)(CCCCC)N(CC)CCO,-0.012817098443148047
N(C(C)(C)C)C(=O)C(CCCCCC)(CCCCCC)N(CC)CCO,-0.0007426102629592961
N(C(C)(C)C)C(=O)C(CCCCCCC)(CCCCCCC)N(CC)CCO,0.009806419088322091
N(C(C)(C)C)C(=O)C(CCCCCCCC)(CCCCCCCC)N(CC)CCO,0.01908293481170354
N(C(C)(C)C)C(=O)C5(CCCCCCCCCCC5)N(CC)CCO,-0.10151652327139912
N(C(C)(C)C)C(=O)C5(CCCCCCCCCCCCCC5)N(CC)CCO,-0.08508569039748991
N(CCCC)C(=O)C(CCCCCCC/C=C\CCCCCCCC)(CCCCCCC/C=C\CCCCCCCC)N(CC)CCO,0.18155038065049856
N(CCCC)C(=O)C(CCCCCCCCC)(CCCCCCCCC)N(CC)CCO,0.1252080481925058
N(CCCC)C(=O)C(CCCCCCCCCC)(CCCCCCCCCC)N(CC)CCO,0.13139556613403044
N(CCCC)C(=O)C(CCCCC)(CCCCC)N(CC)CCO,0.07754018137371976
N(CCCC)C(=O)C(CCCCCC)(CCCCCC)N(CC)CCO,0.09647937978562421
N(CCCC)C(=O)C(CCCCCCC)(CCCCCCC)N(CC)CCO,0.10918834473156457
N(CCCC)C(=O)C(CCCCCCCC)(CCCCCCCC)N(CC)CCO,0.11836725608238283
N(CCCC)C(=O)C5(CCCCCCCCCCC5)N(CC)CCO,-0.042053809737486195
N(CCCC)C(=O)C5(CCCCCCCCCCCCCC5)N(CC)CCO,-0.03323731948537534
N(CCCCC)C(=O)C(CCCCCCC/C=C\CCCCCCCC)(CCCCCCC/C=C\CCCCCCCC)N(CC)CCO,0.18549552881275602
N(CCCCC)C(=O)C(CCCCCCCCC)(CCCCCCCCC)N(CC)CCO,0.1322609910701067
N(CCCCC)C(=O)C(CCCCCCCCCC)(CCCCCCCCCC)N(CC)CCO,0.13803781516484084
N(CCCCC)C(=O)C(CCCCC)(CCCCC)N(CC)CCO,0.0882845175663895
N(CCCCC)C(=O)C(CCCCCC)(CCCCCC)N(CC)CCO,0.10568385436520335
N(CCCCC)C(=O)C(CCCCCCC)(CCCCCCC)N(CC)CCO,0.11753011290879584
N(CCCCC)C(=O)C(CCCCCCCC)(CCCCCCCC)N(CC)CCO,0.12614610754355715
N(CCCCC)C(=O)C5(CCCCCCCCCCC5)N(CC)CCO,-0.03433290359743965
N(CCCCC)C(=O)C5(CCCCCCCCCCCCCC5)N(CC)CCO,-0.025515031549179553
N(CC(=O)OC)C(=O)C(CCCCCCC/C=C\CCCCCCCC)(CCCCCCC/C=C\CCCCCCCC)N(CC)CCO,0.18326053361945924
N(CC(=O)OC)C(=O)C(CCCCCCCCC)(CCCCCCCCC)N(CC)CCO,0.12934499566808666
N(CC(=O)OC)C(=O)C(CCCCCCCCCC)(CCCCCCCCCC)N(CC)CCO,0.1353589029390784
N(CC(=O)OC)C(=O)C(CCCCC)(CCCCC)N(CC)CCO,0.08464407047456207
N(CC(=O)OC)C(=O)C(CCCCCC)(CCCCCC)N(CC)CCO,0.10257281543281388
N(CC(=O)OC)C(=O)C(CCCCCCC)(CCCCCCC)N(CC)CCO,0.11462996310392194
N(CC(=O)OC)C(=O)C(CCCCCCCC)(CCCCCCCC)N(CC)CCO,0.12300267149927743
N(CC(=O)OC)C(=O)C5(CCCCCCCCCCC5)N(CC)CCO,-0.036025603880254525
N(CC(=O)OC)C(=O)C5(CCCCCCCCCCCCCC5)N(CC)CCO,-0.026543808821332945
N(CC(=O)OCC)C(=O)C(CCCCCCC/C=C\CCCCCCCC)(CCCCCCC/C=C\CCCCCCCC)N(CC)CCO,0.1817019426607371
N(CC(=O)OCC)C(=O)C(CCCCCCCCC)(CCCCCCCCC)N(CC)CCO,0.12895333155739488
N(CC(=O)OCC)C(=O)C(CCCCCCCCCC)(CCCCCCCCCC)N(CC)CCO,0.1346656768383391
N(CC(=O)OCC)C(=O)C(CCCCC)(CCCCC)N(CC)CCO,0.08597296786252032
N(CC(=O)OCC)C(=O)C(CCCCCC)(CCCCCC)N(CC)CCO,0.10317553388577819
N(CC(=O)OCC)C(=O)C(CCCCCCC)(CCCCCCC)N(CC)CCO,0.11490968670700219
N(CC(=O)OCC)C(=O)C(CCCCCCCC)(CCCCCCCC)N(CC)CCO,0.12298098330754376
N(CC(=O)OCC)C(=O)C5(CCCCCCCCCCC5)N(CC)CCO,-0.03212181948533399
N(CC(=O)OCC)C(=O)C5(CCCCCCCCCCCCCC5)N(CC)CCO,-0.02336126193822049
N(CC(=O)OC(C)(C)C)C(=O)C(CCCCCCC/C=C\CCCCCCCC)(CCCCCCC/C=C\CCCCCCCC)N(CC)CCO,0.11854956305694189
N(CC(=O)OC(C)(C)C)C(=O)C(CCCCCCCCC)(CCCCCCCCC)N(CC)CCO,0.04101071798203304
N(CC(=O)OC(C)(C)C)C(=O)C(CCCCCCCCCC)(CCCCCCCCCC)N(CC)CCO,0.05087198880843871
N(CC(=O)OC(C)(C)C)C(=O)C(CCCCC)(CCCCC)N(CC)CCO,-0.004287480617877294
N(CC(=O)OC(C)(C)C)C(=O)C(CCCCCC)(CCCCCC)N(CC)CCO,0.009643314574380404
N(CC(=O)OC(C)(C)C)C(=O)C(CCCCCCC)(CCCCCCC)N(CC)CCO,0.021189798451205364
N(CC(=O)OC(C)(C)C)C(=O)C(CCCCCCCC)(CCCCCCCC)N(CC)CCO,0.03076172566981791
N(CC(=O)OC(C)(C)C)C(=O)C5(CCCCCCCCCCC5)N(CC)CCO,-0.07149488417643944
N(CC(=O)OC(C)(C)C)C(=O)C5(CCCCCCCCCCCCCC5)N(CC)CCO,-0.06015236542686049
N(C(C)C(=O)OC(C)(C)C)C(=O)C(CCCCCCC/C=C\CCCCCCCC)(CCCCCCC/C=C\CCCCCCCC)N(CC)CCO,0.11136100890291212
N(C(C)C(=O)OC(C)(C)C)C(=O)C(CCCCCCCCC)(CCCCCCCCC)N(CC)CCO,0.0333961725966693
N(C(C)C(=O)OC(C)(C)C)C(=O)C(CCCCCCCCCC)(CCCCCCCCCC)N(CC)CCO,0.04324008085406936
N(C(C)C(=O)OC(C)(C)C)C(=O)C(CCCCC)(CCCCC)N(CC)CCO,-0.00804511003096933
N(C(C)C(=O)OC(C)(C)C)C(=O)C(CCCCCC)(CCCCCC)N(CC)CCO,0.004278430946875751
N(C(C)C(=O)OC(C)(C)C)C(=O)C(CCCCCCC)(CCCCCCC)N(CC)CCO,0.015391226086644106
N(C(C)C(=O)OC(C)(C)C)C(=O)C(CCCCCCCC)(CCCCCCCC)N(CC)CCO,0.024066217409168464
N(C(C)C(=O)OC(C)(C)C)C(=O)C5(CCCCCCCCCCC5)N(CC)CCO,-0.06984503459377427
N(C(C)C(=O)OC(C)(C)C)C(=O)C5(CCCCCCCCCCCCCC5)N(CC)CCO,-0.05877008865287631
N(CCC(=O)OCC)C(=O)C(CCCCCCC/C=C\CCCCCCCC)(CCCCCCC/C=C\CCCCCCCC)N(CC)CCO,0.17019547079414657
N(CCC(=O)OCC)C(=O)C(CCCCCCCCC)(CCCCCCCCC)N(CC)CCO,0.11449381112465205
N(CCC(=O)OCC)C(=O)C(CCCCCCCCCC)(CCCCCCCCCC)N(CC)CCO,0.12049432098080555
N(CCC(=O)OCC)C(=O)C(CCCCC)(CCCCC)N(CC)CCO,0.06940126687900577
N(CCC(=O)OCC)C(=O)C(CCCCCC)(CCCCCC)N(CC)CCO,0.08693791216038832
N(CCC(=O)OCC)C(=O)C(CCCCCCC)(CCCCCCC)N(CC)CCO,0.09921921119813995
N(CCC(=O)OCC)C(=O)C(CCCCCCCC)(CCCCCCCC)N(CC)CCO,0.10801512470324587
N(CCC(=O)OCC)C(=O)C5(CCCCCCCCCCC5)N(CC)CCO,-0.043507038739829015
N(CCC(=O)OCC)C(=O)C5(CCCCCCCCCCCCCC5)N(CC)CCO,-0.03411919079953217
N(CS(=O)(=O)c3ccc(C)cc3)C(=O)C(CCCCCCC/C=C\CCCCCCCC)(CCCCCCC/C=C\CCCCCCCC)N(CC)CCO,0.09568625883500911
N(CS(=O)(=O)c3ccc(C)cc3)C(=O)C(CCCCCCCCC)(CCCCCCCCC)N(CC)CCO,0.03297585874516591
N(CS(=O)(=O)c3ccc(C)cc3)C(=O)C(CCCCCCCCCC)(CCCCCCCCCC)N(CC)CCO,0.038965043880705014
N(CS(=O)(=O)c3ccc(C)cc3)C(=O)C(CCCCC)(CCCCC)N(CC)CCO,-0.005473895297468872
N(CS(=O)(=O)c3ccc(C)cc3)C(=O)C(CCCCCC)(CCCCCC)N(CC)CCO,0.008006997582263734
N(CS(=O)(=O)c3ccc(C)cc3)C(=O)C(CCCCCCC)(CCCCCCC)N(CC)CCO,0.01934229194110591
N(CS(=O)(=O)c3ccc(C)cc3)C(=O)C(CCCCCCCC)(CCCCCCCC)N(CC)CCO,0.027388355742400543
N(CS(=O)(=O)c3ccc(C)cc3)C(=O)C5(CCCCCCCCCCC5)N(CC)CCO,-0.07116197644113693
N(CS(=O)(=O)c3ccc(C)cc3)C(=O)C5(CCCCCCCCCCCCCC5)N(CC)CCO,-0.06379476505672489
N(C3CCCCC3)C(=O)C(CCCCCCC/C=C\CCCCCCCC)(CCCCCCC/C=C\CCCCCCCC)NCCCN(C)C,0.18732236845871036
N(C3CCCCC3)C(=O)C(CCCCCCCCC)(CCCCCCCCC)NCCCN(C)C,0.13970280442705418
N(C3CCCCC3)C(=O)C(CCCCCCCCCC)(CCCCCCCCCC)NCCCN(C)C,0.14436528502504578
N(C3CCCCC3)C(=O)C(CCCCC)(CCCCC)NCCCN(C)C,0.10109764290684024
N(C3CCCCC3)C(=O)C(CCCCCC)(CCCCCC)NCCCN(C)C,0.11659233892868837
N(C3CCCCC3)C(=O)C(CCCCCCC)(CCCCCCC)NCCCN(C)C,0.12731928251330576
N(C3CCCCC3)C(=O)C(CCCCCCCC)(CCCCCCCC)NCCCN(C)C,0.13453814606547856
N(C3CCCCC3)C(=O)C5(CCCCCCCCCCC5)NCCCN(C)C,0.03821268591649239
N(C3CCCCC3)C(=O)C5(CCCCCCCCCCCCCC5)NCCCN(C)C,0.039562024875745325
N(C(C)(C)C)C(=O)C(CCCCCCC/C=C\CCCCCCCC)(CCCCCCC/C=C\CCCCCCCC)NCCCN(C)C,0.16497581093802202
N(C(C)(C)C)C(=O)C(CCCCCCCCC)(CCCCCCCCC)NCCCN(C)C,0.10318655821592536
N(C(C)(C)C)C(=O)C(CCCCCCCCCC)(CCCCCCCCCC)NCCCN(C)C,0.11042961822023317
N(C(C)(C)C)C(=O)C(CCCCC)(CCCCC)NCCCN(C)C,0.05355968745536749
N(C(C)(C)C)C(=O)C(CCCCCC)(CCCCCC)NCCCN(C)C,0.07087565838976462
N(C(C)(C)C)C(=O)C(CCCCCCC)(CCCCCCC)NCCCN(C)C,0.0851119136077422
N(C(C)(C)C)C(=O)C(CCCCCCCC)(CCCCCCCC)NCCCN(C)C,0.09532126939780694
N(C(C)(C)C)C(=O)C5(CCCCCCCCCCC5)NCCCN(C)C,-0.012162570144349042
N(C(C)(C)C)C(=O)C5(CCCCCCCCCCCCCC5)NCCCN(C)C,-0.007577079153747187
N(CCCC)C(=O)C(CCCCCCC/C=C\CCCCCCCC)(CCCCCCC/C=C\CCCCCCCC)NCCCN(C)C,0.23539281858167183
N(CCCC)C(=O)C(CCCCCCCCC)(CCCCCCCCC)NCCCN(C)C,0.19841739550234236
N(CCCC)C(=O)C(CCCCCCCCCC)(CCCCCCCCCC)NCCCN(C)C,0.2009948208087527
N(CCCC)C(=O)C(CCCCC)(CCCCC)NCCCN(C)C,0.1665893282936763
N(CCCC)C(=O)C(CCCCCC)(CCCCCC)NCCCN(C)C,0.1813124563809327
N(CCCC)C(=O)C(CCCCCCC)(CCCCCCC)NCCCN(C)C,0.19047709918455777
N(CCCC)C(=O)C(CCCCCCCC)(CCCCCCCC)NCCCN(C)C,0.1956878524633291
N(CCCC)C(=O)C5(CCCCCCCCCCC5)NCCCN(C)C,0.05742140967511479
N(CCCC)C(=O)C5(CCCCCCCCCCCCCC5)NCCCN(C)C,0.056369652532218664
N(CCCCC)C(=O)C(CCCCCCC/C=C\CCCCCCCC)(CCCCCCC/C=C\CCCCCCCC)NCCCN(C)C,0.2399195527275243
N(CCCCC)C(=O)C(CCCCCCCCC)(CCCCCCCCC)NCCCN(C)C,0.20457597082234982
N(CCCCC)C(=O)C(CCCCCCCCCC)(CCCCCCCCCC)NCCCN(C)C,0.20688586837864928
N(CCCCC)C(=O)C(CCCCC)(CCCCC)NCCCN(C)C,0.17560575844077234
N(CCCCC)C(=O)C(CCCCCC)(CCCCCC)NCCCN(C)C,0.18930365386338865
N(CCCCC)C(=O)C(CCCCCCC)(CCCCCCC)NCCCN(C)C,0.19763019224393158
N(CCCCC)C(=O)C(CCCCCCCC)(CCCCCCCC)NCCCN(C)C,0.20226248359996704
N(CCCCC)C(=O)C5(CCCCCCCCCCC5)NCCCN(C)C,0.0639043916802023
N(CCCCC)C(=O)C5(CCCCCCCCCCCCCC5)NCCCN(C)C,0.06185934839885546
C1(C(=O)OC)N=CC(CCCCCCC/C=C\CCCCCCCC)(CCCCCCC/C=C\CCCCCCCC)N1(CCCN(C)C),0.32135007646152447
C1(C(=O)OC)N=CC(CCCCCCCCC)(CCCCCCCCC)N1(CCCN(C)C),0.316867950300055
C1(C(=O)OC)N=CC(CCCCCCCCCC)(CCCCCCCCCC)N1(CCCN(C)C),0.31516701931843816
C1(C(=O)OC)N=CC(CCCCC)(CCCCC)N1(CCCN(C)C),0.3092278191566453
C1(C(=O)OC)N=CC(CCCCCC)(CCCCCC)N1(CCCN(C)C),0.3162224111859877
C1(C(=O)OC)N=CC(CCCCCCC)(CCCCCCC)N1(CCCN(C)C),0.3185411552415469
C1(C(=O)OC)N=CC(CCCCCCCC)(CCCCCCCC)N1(CCCN(C)C),0.31879669741201555
C1(C(=O)OC)N=CC5(CCCCCCCCCCC5)N1(CCCN(C)C),0.1258840619194731
C1(C(=O)OC)N=CC5(CCCCCCCCCCCCCC5)N1(CCCN(C)C),0.11775681759441081
C1(C(=O)OCC)N=CC(CCCCCCC/C=C\CCCCCCCC)(CCCCCCC/C=C\CCCCCCCC)N1(CCCN(C)C),0.32047065332967556
C1(C(=O)OCC)N=CC(CCCCCCCCC)(CCCCCCCCC)N1(CCCN(C)C),0.31587885460862203
C1(C(=O)OCC)N=CC(CCCCCCCCCC)(CCCCCCCCCC)N1(CCCN(C)C),0.31431679414000346
C1(C(=O)OCC)N=CC(CCCCC)(CCCCC)N1(CCCN(C)C),0.3090872964960773
C1(C(=O)OCC)N=CC(CCCCCC)(CCCCCC)N1(CCCN(C)C),0.315686154123897
C1(C(=O)OCC)N=CC(CCCCCCC)(CCCCCCC)N1(CCCN(C)C),0.3174455410904359
C1(C(=O)OCC)N=CC(CCCCCCCC)(CCCCCCCC)N1(CCCN(C)C),0.3176693620275655
C1(C(=O)OCC)N=CC5(CCCCCCCCCCC5)N1(CCCN(C)C),0.13199777392320047
C1(C(=O)OCC)N=CC5(CCCCCCCCCCCCCC5)N1(CCCN(C)C),0.12334429055812945
C1(C(=O)OC(C)(C)C)N=CC(CCCCCCC/C=C\CCCCCCCC)(CCCCCCC/C=C\CCCCCCCC)N1(CCCN(C)C),0.23656968835416733
C1(C(=O)OC(C)(C)C)N=CC(CCCCCCCCC)(CCCCCCCCC)N1(CCCN(C)C),0.21173465114441406
C1(C(=O)OC(C)(C)C)N=CC(CCCCCCCCCC)(CCCCCCCCCC)N1(CCCN(C)C),0.21269846897802996
C1(C(=O)OC(C)(C)C)N=CC(CCCCC)(CCCCC)N1(CCCN(C)C),0.19215526056875892
C1(C(=O)OC(C)(C)C)N=CC(CCCCCC)(CCCCCC)N1(CCCN(C)C),0.20297784847814088
C1(C(=O)OC(C)(C)C)N=CC(CCCCCCC)(CCCCCCC)N1(CCCN(C)C),0.20792585021523016
C1(C(=O)OC(C)(C)C)N=CC(CCCCCCCC)(CCCCCCCC)N1(CCCN(C)C),0.21076694325424758
C1(C(=O)OC(C)(C)C)N=CC5(CCCCCCCCCCC5)N1(CCCN(C)C),0.06688283826035848
C1(C(=O)OC(C)(C)C)N=CC5(CCCCCCCCCCCCCC5)N1(CCCN(C)C),0.06644558989626527
C1(C)(C(=O)OC(C)(C)C)N=CC(CCCCCCC/C=C\CCCCCCCC)(CCCCCCC/C=C\CCCCCCCC)N1(CCCN(C)C),0.16252639702921975
C1(C)(C(=O)OC(C)(C)C)N=CC(CCCCCCCCC)(CCCCCCCCC)N1(CCCN(C)C),0.10789363177877657
C1(C)(C(=O)OC(C)(C)C)N=CC(CCCCCCCCCC)(CCCCCCCCCC)N1(CCCN(C)C),0.11423080425107289
C1(C)(C(=O)OC(C)(C)C)N=CC(CCCCC)(CCCCC)N1(CCCN(C)C),0.07115995543770837
C1(C)(C(=O)OC(C)(C)C)N=CC(CCCCCC)(CCCCCC)N1(CCCN(C)C),0.08286698299974192
C1(C)(C(=O)OC(C)(C)C)N=CC(CCCCCCC)(CCCCCCC)N1(CCCN(C)C),0.09422278651773391
C1(C)(C(=O)OC(C)(C)C)N=CC(CCCCCCCC)(CCCCCCCC)N1(CCCN(C)C),0.10224187525507171
C1(C)(C(=O)OC(C)(C)C)N=CC5(CCCCCCCCCCC5)N1(CCCN(C)C),-0.014842263385326258
C1(C)(C(=O)OC(C)(C)C)N=CC5(CCCCCCCCCCCCCC5)N1(CCCN(C)C),-0.011008124050871818
C1(CC(=O)OCC)N=CC(CCCCCCC/C=C\CCCCCCCC)(CCCCCCC/C=C\CCCCCCCC)N1(CCCN(C)C),0.22666396724837398
C1(CC(=O)OCC)N=CC(CCCCCCCCC)(CCCCCCCCC)N1(CCCN(C)C),0.19438082350138486
C1(CC(=O)OCC)N=CC(CCCCCCCCCC)(CCCCCCCCCC)N1(CCCN(C)C),0.19658298601661392
C1(CC(=O)OCC)N=CC(CCCCC)(CCCCC)N1(CCCN(C)C),0.16709787433516543
C1(CC(=O)OCC)N=CC(CCCCCC)(CCCCCC)N1(CCCN(C)C),0.17918288322210865
C1(CC(=O)OCC)N=CC(CCCCCCC)(CCCCCCC)N1(CCCN(C)C),0.18721658595567697
C1(CC(=O)OCC)N=CC(CCCCCCCC)(CCCCCCCC)N1(CCCN(C)C),0.19195508036139994
C1(CC(=O)OCC)N=CC5(CCCCCCCCCCC5)N1(CCCN(C)C),0.01499981730784947
C1(CC(=O)OCC)N=CC5(CCCCCCCCCCCCCC5)N1(CCCN(C)C),0.018511111518293356
N(CS(=O)(=O)c3ccc(C)cc3)C(=O)C(CCCCCCC/C=C\CCCCCCCC)(CCCCCCC/C=C\CCCCCCCC)NCCCN(C)C,0.1370740123507483
N(CS(=O)(=O)c3ccc(C)cc3)C(=O)C(CCCCCCCCC)(CCCCCCCCC)NCCCN(C)C,0.08496400134168043
N(CS(=O)(=O)c3ccc(C)cc3)C(=O)C(CCCCCCCCCC)(CCCCCCCCCC)NCCCN(C)C,0.0910592994097669
N(CS(=O)(=O)c3ccc(C)cc3)C(=O)C(CCCCC)(CCCCC)NCCCN(C)C,0.05122284487415793
N(CS(=O)(=O)c3ccc(C)cc3)C(=O)C(CCCCCC)(CCCCCC)NCCCN(C)C,0.06274931523610401
N(CS(=O)(=O)c3ccc(C)cc3)C(=O)C(CCCCCCC)(CCCCCCC)NCCCN(C)C,0.07215939207097553
N(CS(=O)(=O)c3ccc(C)cc3)C(=O)C(CCCCCCCC)(CCCCCCCC)NCCCN(C)C,0.07893827370580336
N(CS(=O)(=O)c3ccc(C)cc3)C(=O)C5(CCCCCCCCCCC5)NCCCN(C)C,-0.002541070519522532
N(CS(=O)(=O)c3ccc(C)cc3)C(=O)C5(CCCCCCCCCCCCCC5)NCCCN(C)C,-0.00073637716076437
N(C3CCCCC3)C(=O)C(CCCCCCC/C=C\CCCCCCCC)(CCCCCCC/C=C\CCCCCCCC)NCCN(CC)CC,0.19276916856662737
N(C3CCCCC3)C(=O)C(CCCCCCCCC)(CCCCCCCCC)NCCN(CC)CC,0.14848167077314506
N(C3CCCCC3)C(=O)C(CCCCCCCCCC)(CCCCCCCCCC)NCCN(CC)CC,0.15283141485570834
N(C3CCCCC3)C(=O)C(CCCCC)(CCCCC)NCCN(CC)CC,0.11493319226106258
N(C3CCCCC3)C(=O)C(CCCCCC)(CCCCCC)NCCN(CC)CC,0.12876112671694073
N(C3CCCCC3)C(=O)C(CCCCCCC)(CCCCCCC)NCCN(CC)CC,0.1383070251015682
N(C3CCCCC3)C(=O)C(CCCCCCCC)(CCCCCCCC)NCCN(CC)CC,0.1444408182080296
N(C3CCCCC3)C(=O)C5(CCCCCCCCCCC5)NCCN(CC)CC,0.05441432086390867
N(C3CCCCC3)C(=O)C5(CCCCCCCCCCCCCC5)NCCN(CC)CC,0.05443407153712873
N(C(C)(C)C)C(=O)C(CCCCCCC/C=C\CCCCCCCC)(CCCCCCC/C=C\CCCCCCCC)NCCN(CC)CC,0.1705033560035292
N(C(C)(C)C)C(=O)C(CCCCCCCCC)(CCCCCCCCC)NCCN(CC)CC,0.11276405767770493
N(C(C)(C)C)C(=O)C(CCCCCCCCCC)(CCCCCCCCCC)NCCN(CC)CC,0.11924439624668086
N(C(C)(C)C)C(=O)C(CCCCC)(CCCCC)NCCN(CC)CC,0.0656965061881454
N(C(C)(C)C)C(=O)C(CCCCCC)(CCCCCC)NCCN(CC)CC,0.08102049030746936
N(C(C)(C)C)C(=O)C(CCCCCCC)(CCCCCCC)NCCN(CC)CC,0.09543782089909038
N(C(C)(C)C)C(=O)C(CCCCCCCC)(CCCCCCCC)NCCN(CC)CC,0.10552706556083506
N(C(C)(C)C)C(=O)C5(CCCCCCCCCCC5)NCCN(CC)CC,0.00010461101080309204
N(C(C)(C)C)C(=O)C5(CCCCCCCCCCCCCC5)NCCN(CC)CC,0.004430458562338502
N(CCCC)C(=O)C(CCCCCCC/C=C\CCCCCCCC)(CCCCCCC/C=C\CCCCCCCC)NCCN(CC)CC,0.24275881338469163
N(CCCC)C(=O)C(CCCCCCCCC)(CCCCCCCCC)NCCN(CC)CC,0.20691119129503638
N(CCCC)C(=O)C(CCCCCCCCCC)(CCCCCCCCCC)NCCN(CC)CC,0.20899590113758032
N(CCCC)C(=O)C(CCCCC)(CCCCC)NCCN(CC)CC,0.1790129373152759
N(CCCC)C(=O)C(CCCCCC)(CCCCCC)NCCN(CC)CC,0.1922032329263748
N(CCCC)C(=O)C(CCCCCCC)(CCCCCCC)NCCN(CC)CC,0.20028800203937144
N(CCCC)C(=O)C(CCCCCCCC)(CCCCCCCC)NCCN(CC)CC,0.20468435170292473
N(CCCC)C(=O)C5(CCCCCCCCCCC5)NCCN(CC)CC,0.07435157411293103
N(CCCC)C(=O)C5(CCCCCCCCCCCCCC5)NCCN(CC)CC,0.0715934414111996
N(CCCCC)C(=O)C(CCCCCCC/C=C\CCCCCCCC)(CCCCCCC/C=C\CCCCCCCC)NCCN(CC)CC,0.24712278095587806
N(CCCCC)C(=O)C(CCCCCCCCC)(CCCCCCCCC)NCCN(CC)CC,0.2127290937861636
N(CCCCC)C(=O)C(CCCCCCCCCC)(CCCCCCCCCC)NCCN(CC)CC,0.21443819538848896
N(CCCCC)C(=O)C(CCCCC)(CCCCC)NCCN(CC)CC,0.18724199898920424
N(CCCCC)C(=O)C(CCCCCC)(CCCCCC)NCCN(CC)CC,0.1996361997840625
N(CCCCC)C(=O)C(CCCCCCC)(CCCCCCC)NCCN(CC)CC,0.20697685665117183
N(CCCCC)C(=O)C(CCCCCCCC)(CCCCCCCC)NCCN(CC)CC,0.21085787144867668
N(CCCCC)C(=O)C5(CCCCCCCCCCC5)NCCN(CC)CC,0.07992104617790119
N(CCCCC)C(=O)C5(CCCCCCCCCCCCCC5)NCCN(CC)CC,0.07666684114883213
C1(C(=O)OC)N=CC(CCCCCCC/C=C\CCCCCCCC)(CCCCCCC/C=C\CCCCCCCC)N1(CCN(CC)CC),0.3500069966053093
C1(C(=O)OC)N=CC(CCCCCCCCC)(CCCCCCCCC)N1(CCN(CC)CC),0.3583434028127006
C1(C(=O)OC)N=CC(CCCCCCCCCC)(CCCCCCCCCC)N1(CCN(CC)CC),0.35433054663913055
C1(C(=O)OC)N=CC(CCCCC)(CCCCC)N1(CCN(CC)CC),0.35622150463031416
C1(C(=O)OC)N=CC(CCCCCC)(CCCCCC)N1(CCN(CC)CC),0.36570861660050563
C1(C(=O)OC)N=CC(CCCCCCC)(CCCCCCC)N1(CCN(CC)CC),0.365706513867235
C1(C(=O)OC)N=CC(CCCCCCCC)(CCCCCCCC)N1(CCN(CC)CC),0.36281255210598595
C1(C(=O)OC)N=CC5(CCCCCCCCCCC5)N1(CCN(CC)CC),0.16397770353257232
C1(C(=O)OC)N=CC5(CCCCCCCCCCCCCC5)N1(CCN(CC)CC),0.15276888857995538
C1(C(=O)OCC)N=CC(CCCCCCC/C=C\CCCCCCCC)(CCCCCCC/C=C\CCCCCCCC)N1(CCN(CC)CC),0.34821970336436514
C1(C(=O)OCC)N=CC(CCCCCCCCC)(CCCCCCCCC)N1(CCN(CC)CC),0.355368515859581
C1(C(=O)OCC)N=CC(CCCCCCCCCC)(CCCCCCCCCC)N1(CCN(CC)CC),0.35162237638186034
C1(C(=O)OCC)N=CC(CCCCC)(CCCCC)N1(CCN(CC)CC),0.35294292291482976
C1(C(=O)OCC)N=CC(CCCCCC)(CCCCCC)N1(CCN(CC)CC),0.36222090304173893
C1(C(=O)OCC)N=CC(CCCCCCC)(CCCCCCC)N1(CCN(CC)CC),0.362275994653428
C1(C(=O)OCC)N=CC(CCCCCCCC)(CCCCCCCC)N1(CCN(CC)CC),0.35952213500609287
C1(C(=O)OCC)N=CC5(CCCCCCCCCCC5)N1(CCN(CC)CC),0.16851128658107753
C1(C(=O)OCC)N=CC5(CCCCCCCCCCCCCC5)N1(CCN(CC)CC),0.15742232742488352
C1(C(=O)OC(C)(C)C)N=CC(CCCCCCC/C=C\CCCCCCCC)(CCCCCCC/C=C\CCCCCCCC)N1(CCN(CC)CC),0.25422100769641315
C1(C(=O)OC(C)(C)C)N=CC(CCCCCCCCC)(CCCCCCCCC)N1(CCN(CC)CC),0.23605249106722206
C1(C(=O)OC(C)(C)C)N=CC(CCCCCCCCCC)(CCCCCCCCCC)N1(CCN(CC)CC),0.2358221816960004
C1(C(=O)OC(C)(C)C)N=CC(CCCCC)(CCCCC)N1(CCN(CC)CC),0.22317463158108428
C1(C(=O)OC(C)(C)C)N=CC(CCCCCC)(CCCCCC)N1(CCN(CC)CC),0.2327852641113988
C1(C(=O)OC(C)(C)C)N=CC(CCCCCCC)(CCCCCCC)N1(CCN(CC)CC),0.2359120284847475
C1(C(=O)OC(C)(C)C)N=CC(CCCCCCCC)(CCCCCCCC)N1(CCN(CC)CC),0.23666022604098905
C1(C(=O)OC(C)(C)C)N=CC5(CCCCCCCCCCC5)N1(CCN(CC)CC),0.09378085206235197
C1(C(=O)OC(C)(C)C)N=CC5(CCCCCCCCCCCCCC5)N1(CCN(CC)CC),0.08936270156063979
C1(C)(C(=O)OC(C)(C)C)N=CC(CCCCCCC/C=C\CCCCCCCC)(CCCCCCC/C=C\CCCCCCCC)N1(CCN(CC)CC),0.17620897253800757
C1(C)(C(=O)OC(C)(C)C)N=CC(CCCCCCCCC)(CCCCCCCCC)N1(CCN(CC)CC),0.12718168865979318
C1(C)(C(=O)OC(C)(C)C)N=CC(CCCCCCCCCC)(CCCCCCCCCC)N1(CCN(CC)CC),0.1322946948805294
C1(C)(C(=O)OC(C)(C)C)N=CC(CCCCC)(CCCCC)N1(CCN(CC)CC),0.0899756933675832
C1(C)(C(=O)OC(C)(C)C)N=CC(CCCCCC)(CCCCCC)N1(CCN(CC)CC),0.10276736331891238
C1(C)(C(=O)OC(C)(C)C)N=CC(CCCCCCC)(CCCCCCC)N1(CCN(CC)CC),0.11310346886662286
C1(C)(C(=O)OC(C)(C)C)N=CC(CCCCCCCC)(CCCCCCCC)N1(CCN(CC)CC),0.12138331154903562
C1(C)(C(=O)OC(C)(C)C)N=CC5(CCCCCCCCCCC5)N1(CCN(CC)CC),0.00327602842710485
C1(C)(C(=O)OC(C)(C)C)N=CC5(CCCCCCCCCCCCCC5)N1(CCN(CC)CC),0.005702446976280903
C1(CC(=O)OCC)N=CC(CCCCCCC/C=C\CCCCCCCC)(CCCCCCC/C=C\CCCCCCCC)N1(CCN(CC)CC),0.24429133045085857
C1(CC(=O)OCC)N=CC(CCCCCCCCC)(CCCCCCCCC)N1(CCN(CC)CC),0.21546045418750356
C1(CC(=O)OCC)N=CC(CCCCCCCCCC)(CCCCCCCCCC)N1(CCN(CC)CC),0.21686601122269772
C1(CC(=O)OCC)N=CC(CCCCC)(CCCCC)N1(CCN(CC)CC),0.19380212126627522
C1(CC(=O)OCC)N=CC(CCCCCC)(CCCCCC)N1(CCN(CC)CC),0.20339388927524799
C1(CC(=O)OCC)N=CC(CCCCCCC)(CCCCCCC)N1(CCN(CC)CC),0.2102093134104138
C1(CC(=O)OCC)N=CC(CCCCCCCC)(CCCCCCCC)N1(CCN(CC)CC),0.2139024339706692
C1(CC(=O)OCC)N=CC5(CCCCCCCCCCC5)N1(CCN(CC)CC),0.04114679486368612
C1(CC(=O)OCC)N=CC5(CCCCCCCCCCCCCC5)N1(CCN(CC)CC),0.04246220471966594
N(CS(=O)(=O)c3ccc(C)cc3)C(=O)C(CCCCCCC/C=C\CCCCCCCC)(CCCCCCC/C=C\CCCCCCCC)NCCN(CC)CC,0.14219955987349114
N(CS(=O)(=O)c3ccc(C)cc3)C(=O)C(CCCCCCCCC)(CCCCCCCCC)NCCN(CC)CC,0.09087789360660951
N(CS(=O)(=O)c3ccc(C)cc3)C(=O)C(CCCCCCCCCC)(CCCCCCCCCC)NCCN(CC)CC,0.09652721696752985
N(CS(=O)(=O)c3ccc(C)cc3)C(=O)C(CCCCC)(CCCCC)NCCN(CC)CC,0.05960993446313183
N(CS(=O)(=O)c3ccc(C)cc3)C(=O)C(CCCCCC)(CCCCCC)NCCN(CC)CC,0.07070330935919407
N(CS(=O)(=O)c3ccc(C)cc3)C(=O)C(CCCCCCC)(CCCCCCC)NCCN(CC)CC,0.07930098017545462
N(CS(=O)(=O)c3ccc(C)cc3)C(=O)C(CCCCCCCC)(CCCCCCCC)NCCN(CC)CC,0.0852716011801192
N(CS(=O)(=O)c3ccc(C)cc3)C(=O)C5(CCCCCCCCCCC5)NCCN(CC)CC,0.008791602463132998
N(CS(=O)(=O)c3ccc(C)cc3)C(=O)C5(CCCCCCCCCCCCCC5)NCCN(CC)CC,0.010283679462649733
N(C3CCCCC3)C(=O)C(CCCCCCC/C=C\CCCCCCCC)(CCCCCCC/C=C\CCCCCCCC)NCCCN1CCCC1,0.20490248024070043
N(C3CCCCC3)C(=O)C(CCCCCCCCC)(CCCCCCCCC)NCCCN1CCCC1,0.16548680516181907
N(C3CCCCC3)C(=O)C(CCCCCCCCCC)(CCCCCCCCCC)NCCCN1CCCC1,0.1685183607765807
N(C3CCCCC3)C(=O)C(CCCCC)(CCCCC)NCCCN1CCCC1,0.1378730660130911
N(C3CCCCC3)C(=O)C(CCCCCC)(CCCCCC)NCCCN1CCCC1,0.14987419086206163
N(C3CCCCC3)C(=O)C(CCCCCCC)(CCCCCCC)NCCCN1CCCC1,0.15773207505516293
N(C3CCCCC3)C(=O)C(CCCCCCCC)(CCCCCCCC)NCCCN1CCCC1,0.16258718104026282
N(C3CCCCC3)C(=O)C5(CCCCCCCCCCC5)NCCCN1CCCC1,0.06804967499124866
N(C3CCCCC3)C(=O)C5(CCCCCCCCCCCCCC5)NCCCN1CCCC1,0.06710394066375971
N(C(C)(C)C)C(=O)C(CCCCCCC/C=C\CCCCCCCC)(CCCCCCC/C=C\CCCCCCCC)NCCCN1CCCC1,0.18062618431950966
N(C(C)(C)C)C(=O)C(CCCCCCCCC)(CCCCCCCCC)NCCCN1CCCC1,0.1311749443553768
N(C(C)(C)C)C(=O)C(CCCCCCCCCC)(CCCCCCCCCC)NCCCN1CCCC1,0.13662928426402116
N(C(C)(C)C)C(=O)C(CCCCC)(CCCCC)NCCCN1CCCC1,0.08711299474421062
N(C(C)(C)C)C(=O)C(CCCCCC)(CCCCCC)NCCCN1CCCC1,0.10394005766391344
N(C(C)(C)C)C(=O)C(CCCCCCC)(CCCCCCC)NCCCN1CCCC1,0.11648748763610337
N(C(C)(C)C)C(=O)C(CCCCCCCC)(CCCCCCCC)NCCCN1CCCC1,0.12511950810229114
N(C(C)(C)C)C(=O)C5(CCCCCCCCCCC5)NCCCN1CCCC1,0.013243869812160303
N(C(C)(C)C)C(=O)C5(CCCCCCCCCCCCCC5)NCCCN1CCCC1,0.0164425326438394
N(CCCC)C(=O)C(CCCCCCC/C=C\CCCCCCCC)(CCCCCCC/C=C\CCCCCCCC)NCCCN1CCCC1,0.256026084053017
N(CCCC)C(=O)C(CCCCCCCCC)(CCCCCCCCC)NCCCN1CCCC1,0.2232838535549674
N(CCCC)C(=O)C(CCCCCCCCCC)(CCCCCCCCCC)NCCCN1CCCC1,0.22599672492304965
N(CCCC)C(=O)C(CCCCC)(CCCCC)NCCCN1CCCC1,0.20148674023788093
N(CCCC)C(=O)C(CCCCCC)(CCCCCC)NCCCN1CCCC1,0.21245917793183824
N(CCCC)C(=O)C(CCCCCCC)(CCCCCCC)NCCCN1CCCC1,0.21901797849085342
N(CCCC)C(=O)C(CCCCCCCC)(CCCCCCCC)NCCCN1CCCC1,0.22223307268108974
N(CCCC)C(=O)C5(CCCCCCCCCCC5)NCCCN1CCCC1,0.0912042528297265
N(CCCC)C(=O)C5(CCCCCCCCCCCCCC5)NCCCN1CCCC1,0.0866785325017009
N(CCCCC)C(=O)C(CCCCCCC/C=C\CCCCCCCC)(CCCCCCC/C=C\CCCCCCCC)NCCCN1CCCC1,0.2601601177410658
N(CCCCC)C(=O)C(CCCCCCCCC)(CCCCCCCCC)NCCCN1CCCC1,0.22950312276887777
N(CCCCC)C(=O)C(CCCCCCCCCC)(CCCCCCCCCC)NCCCN1CCCC1,0.2321431794877046
N(CCCCC)C(=O)C(CCCCC)(CCCCC)NCCCN1CCCC1,0.20855839744158997
N(CCCCC)C(=O)C(CCCCCC)(CCCCCC)NCCCN1CCCC1,0.2189312107043954
N(CCCCC)C(=O)C(CCCCCCC)(CCCCCCC)NCCCN1CCCC1,0.2250331173627608
N(CCCCC)C(=O)C(CCCCCCCC)(CCCCCCCC)NCCCN1CCCC1,0.22785282260051176
N(CCCCC)C(=O)C5(CCCCCCCCCCC5)NCCCN1CCCC1,0.09706032743947637
N(CCCCC)C(=O)C5(CCCCCCCCCCCCCC5)NCCCN1CCCC1,0.09122618133383395
C1(C(=O)OC)N=CC(CCCCCCC/C=C\CCCCCCCC)(CCCCCCC/C=C\CCCCCCCC)N1(CCCN3CCCC3),0.3381433454536644
C1(C(=O)OC)N=CC(CCCCCCCCC)(CCCCCCCCC)N1(CCCN3CCCC3),0.34096779686079753
C1(C(=O)OC)N=CC(CCCCCCCCCC)(CCCCCCCCCC)N1(CCCN3CCCC3),0.3376924894014059
C1(C(=O)OC)N=CC(CCCCC)(CCCCC)N1(CCCN3CCCC3),0.3353243611530348
C1(C(=O)OC)N=CC(CCCCCC)(CCCCCC)N1(CCCN3CCCC3),0.345392007740186
C1(C(=O)OC)N=CC(CCCCCCC)(CCCCCCC)N1(CCCN3CCCC3),0.3464877120084372
C1(C(=O)OC)N=CC(CCCCCCCC)(CCCCCCCC)N1(CCCN3CCCC3),0.3445914671450305
C1(C(=O)OC)N=CC5(CCCCCCCCCCC5)N1(CCCN3CCCC3),0.1589521109377987
C1(C(=O)OC)N=CC5(CCCCCCCCCCCCCC5)N1(CCCN3CCCC3),0.14864644996394152
C1(C(=O)OCC)N=CC(CCCCCCC/C=C\CCCCCCCC)(CCCCCCC/C=C\CCCCCCCC)N1(CCCN3CCCC3),0.33697969286172685
C1(C(=O)OCC)N=CC(CCCCCCCCC)(CCCCCCCCC)N1(CCCN3CCCC3),0.33927227290759077
C1(C(=O)OCC)N=CC(CCCCCCCCCC)(CCCCCCCCCC)N1(CCCN3CCCC3),0.33616284106420097
C1(C(=O)OCC)N=CC(CCCCC)(CCCCC)N1(CCCN3CCCC3),0.3336613694874285
C1(C(=O)OCC)N=CC(CCCCCC)(CCCCCC)N1(CCCN3CCCC3),0.3432684273711831
C1(C(=O)OCC)N=CC(CCCCCCC)(CCCCCCC)N1(CCCN3CCCC3),0.3444625395564973
C1(C(=O)OCC)N=CC(CCCCCCCC)(CCCCCCCC)N1(CCCN3CCCC3),0.34268966505798
C1(C(=O)OCC)N=CC5(CCCCCCCCCCC5)N1(CCCN3CCCC3),0.1640597702082183
C1(C(=O)OCC)N=CC5(CCCCCCCCCCCCCC5)N1(CCCN3CCCC3),0.15355371875367507
C1(C(=O)OC(C)(C)C)N=CC(CCCCCCC/C=C\CCCCCCCC)(CCCCCCC/C=C\CCCCCCCC)N1(CCCN3CCCC3),0.24595553869785713
C1(C(=O)OC(C)(C)C)N=CC(CCCCCCCCC)(CCCCCCCCC)N1(CCCN3CCCC3),0.2248690140505156
C1(C(=O)OC(C)(C)C)N=CC(CCCCCCCCCC)(CCCCCCCCCC)N1(CCCN3CCCC3),0.2251064426758105
C1(C(=O)OC(C)(C)C)N=CC(CCCCC)(CCCCC)N1(CCCN3CCCC3),0.20938960790344924
C1(C(=O)OC(C)(C)C)N=CC(CCCCCC)(CCCCCC)N1(CCCN3CCCC3),0.21923586671625533
C1(C(=O)OC(C)(C)C)N=CC(CCCCCCC)(CCCCCCC)N1(CCCN3CCCC3),0.22336297640403455
C1(C(=O)OC(C)(C)C)N=CC(CCCCCCCC)(CCCCCCCC)N1(CCCN3CCCC3),0.2247789720079648
C1(C(=O)OC(C)(C)C)N=CC5(CCCCCCCCCCC5)N1(CCCN3CCCC3),0.08957556575547734
C1(C(=O)OC(C)(C)C)N=CC5(CCCCCCCCCCCCCC5)N1(CCCN3CCCC3),0.0850837970600099
C1(C)(C(=O)OC(C)(C)C)N=CC(CCCCCCC/C=C\CCCCCCCC)(CCCCCCC/C=C\CCCCCCCC)N1(CCCN3CCCC3),0.18165853623822306
C1(C)(C(=O)OC(C)(C)C)N=CC(CCCCCCCCC)(CCCCCCCCC)N1(CCCN3CCCC3),0.1356086776125763
C1(C)(C(=O)OC(C)(C)C)N=CC(CCCCCCCCCC)(CCCCCCCCCC)N1(CCCN3CCCC3),0.14029463372558157
C1(C)(C(=O)OC(C)(C)C)N=CC(CCCCC)(CCCCC)N1(CCCN3CCCC3),0.09795226183428525
C1(C)(C(=O)OC(C)(C)C)N=CC(CCCCCC)(CCCCCC)N1(CCCN3CCCC3),0.1121890352258188
C1(C)(C(=O)OC(C)(C)C)N=CC(CCCCCCC)(CCCCCCC)N1(CCCN3CCCC3),0.1231579883903563
C1(C)(C(=O)OC(C)(C)C)N=CC(CCCCCCCC)(CCCCCCCC)N1(CCCN3CCCC3),0.13049558127469993
C1(C)(C(=O)OC(C)(C)C)N=CC5(CCCCCCCCCCC5)N1(CCCN3CCCC3),0.009392788924714459
C1(C)(C(=O)OC(C)(C)C)N=CC5(CCCCCCCCCCCCCC5)N1(CCCN3CCCC3),0.012685398875018288
C1(CC(=O)OCC)N=CC(CCCCCCC/C=C\CCCCCCCC)(CCCCCCC/C=C\CCCCCCCC)N1(CCCN3CCCC3),0.24431836559290887
C1(CC(=O)OCC)N=CC(CCCCCCCCC)(CCCCCCCCC)N1(CCCN3CCCC3),0.21498597242499776
C1(CC(=O)OCC)N=CC(CCCCCCCCCC)(CCCCCCCCCC)N1(CCCN3CCCC3),0.2163250380302716
C1(CC(=O)OCC)N=CC(CCCCC)(CCCCC)N1(CCCN3CCCC3),0.19471628455565876
C1(CC(=O)OCC)N=CC(CCCCCC)(CCCCCC)N1(CCCN3CCCC3),0.20395970475931366
C1(CC(=O)OCC)N=CC(CCCCCCC)(CCCCCCC)N1(CCCN3CCCC3),0.21025039180680685
C1(CC(=O)OCC)N=CC(CCCCCCCC)(CCCCCCCC)N1(CCCN3CCCC3),0.21357867312509368
C1(CC(=O)OCC)N=CC5(CCCCCCCCCCC5)N1(CCCN3CCCC3),0.048903597664566104
C1(CC(=O)OCC)N=CC5(CCCCCCCCCCCCCC5)N1(CCCN3CCCC3),0.0495807378557855
N(CS(=O)(=O)c3ccc(C)cc3)C(=O)C(CCCCCCC/C=C\CCCCCCCC)(CCCCCCC/C=C\CCCCCCCC)NCCCN1CCCC1,0.15175074513034179
N(CS(=O)(=O)c3ccc(C)cc3)C(=O)C(CCCCCCCCC)(CCCCCCCCC)NCCCN1CCCC1,0.10147305589325513
N(CS(=O)(=O)c3ccc(C)cc3)C(=O)C(CCCCCCCCCC)(CCCCCCCCCC)NCCCN1CCCC1,0.10650699934301762
N(CS(=O)(=O)c3ccc(C)cc3)C(=O)C(CCCCC)(CCCCC)NCCCN1CCCC1,0.07109839792121221
N(CS(=O)(=O)c3ccc(C)cc3)C(=O)C(CCCCCC)(CCCCCC)NCCCN1CCCC1,0.08199982330871745
N(CS(=O)(=O)c3ccc(C)cc3)C(=O)C(CCCCCCC)(CCCCCCC)NCCCN1CCCC1,0.08989312353790463
N(CS(=O)(=O)c3ccc(C)cc3)C(=O)C(CCCCCCCC)(CCCCCCCC)NCCCN1CCCC1,0.09602880910430954
N(CS(=O)(=O)c3ccc(C)cc3)C(=O)C5(CCCCCCCCCCC5)NCCCN1CCCC1,0.018045468745285655
N(CS(=O)(=O)c3ccc(C)cc3)C(=O)C5(CCCCCCCCCCCCCC5)NCCCN1CCCC1,0.01868296490459298
N(C3CCCCC3)C(=O)C(CCCCCCC/C=C\CCCCCCCC)(CCCCCCC/C=C\CCCCCCCC)N(CC)CCCNCC,0.23008050328593163
N(C3CCCCC3)C(=O)C(CCCCCCCCC)(CCCCCCCCC)N(CC)CCCNCC,0.1964169151468084
N(C3CCCCC3)C(=O)C(CCCCCCCCCC)(CCCCCCCCCC)N(CC)CCCNCC,0.19833917382467686
N(C3CCCCC3)C(=O)C(CCCCC)(CCCCC)N(CC)CCCNCC,0.17400295000527466
N(C3CCCCC3)C(=O)C(CCCCCC)(CCCCCC)N(CC)CCCNCC,0.18439671550316905
N(C3CCCCC3)C(=O)C(CCCCCCC)(CCCCCCC)N(CC)CCCNCC,0.19083106429161276
N(C3CCCCC3)C(=O)C(CCCCCCCC)(CCCCCCCC)N(CC)CCCNCC,0.19442451529484278
N(C3CCCCC3)C(=O)C5(CCCCCCCCCCC5)N(CC)CCCNCC,0.06607507327446616
N(C3CCCCC3)C(=O)C5(CCCCCCCCCCCCCC5)N(CC)CCCNCC,0.06536226922502543
N(C(C)(C)C)C(=O)C(CCCCCCC/C=C\CCCCCCCC)(CCCCCCC/C=C\CCCCCCCC)N(CC)CCCNCC,0.1990404954485079
N(C(C)(C)C)C(=O)C(CCCCCCCCC)(CCCCCCCCC)N(CC)CCCNCC,0.15655990639347953
N(C(C)(C)C)C(=O)C(CCCCCCCCCC)(CCCCCCCCCC)N(CC)CCCNCC,0.16084751470789727
N(C(C)(C)C)C(=O)C(CCCCC)(CCCCC)N(CC)CCCNCC,0.11873304155432314
N(C(C)(C)C)C(=O)C(CCCCCC)(CCCCCC)N(CC)CCCNCC,0.13448754529127446
N(C(C)(C)C)C(=O)C(CCCCCCC)(CCCCCCC)N(CC)CCCNCC,0.14497318521356972
N(C(C)(C)C)C(=O)C(CCCCCCCC)(CCCCCCCC)N(CC)CCCNCC,0.15176567453656287
N(C(C)(C)C)C(=O)C5(CCCCCCCCCCC5)N(CC)CCCNCC,0.010143329526600367
N(C(C)(C)C)C(=O)C5(CCCCCCCCCCCCCC5)N(CC)CCCNCC,0.01356561804160538
N(CCCC)C(=O)C(CCCCCCC/C=C\CCCCCCCC)(CCCCCCC/C=C\CCCCCCCC)N(CC)CCCNCC,0.28540523299715176
N(CCCC)C(=O)C(CCCCCCCCC)(CCCCCCCCC)N(CC)CCCNCC,0.26411899374767545
N(CCCC)C(=O)C(CCCCCCCCCC)(CCCCCCCCCC)N(CC)CCCNCC,0.26507078094307895
N(CCCC)C(=O)C(CCCCC)(CCCCC)N(CC)CCCNCC,0.24843722956236272
N(CCCC)C(=O)C(CCCCCC)(CCCCCC)N(CC)CCCNCC,0.25801857402212275
N(CCCC)C(=O)C(CCCCCCC)(CCCCCCC)N(CC)CCCNCC,0.26202800574436647
N(CCCC)C(=O)C(CCCCCCCC)(CCCCCCCC)N(CC)CCCNCC,0.26297108161622046
N(CCCC)C(=O)C5(CCCCCCCCCCC5)N(CC)CCCNCC,0.09151023806940392
N(CCCC)C(=O)C5(CCCCCCCCCCCCCC5)N(CC)CCCNCC,0.08589094624544444
N(CCCCC)C(=O)C(CCCCCCC/C=C\CCCCCCCC)(CCCCCCC/C=C\CCCCCCCC)N(CC)CCCNCC,0.2883524840272866
N(CCCCC)C(=O)C(CCCCCCCCC)(CCCCCCCCC)N(CC)CCCNCC,0.26896194893837605
N(CCCCC)C(=O)C(CCCCCCCCCC)(CCCCCCCCCC)N(CC)CCCNCC,0.2696338623354657
N(CCCCC)C(=O)C(CCCCC)(CCCCC)N(CC)CCCNCC,0.25373957189459106
N(CCCCC)C(=O)C(CCCCCC)(CCCCCC)N(CC)CCCNCC,0.26281106361432954
N(CCCCC)C(=O)C(CCCCCCC)(CCCCCCC)N(CC)CCCNCC,0.26653368251846643
N(CCCCC)C(=O)C(CCCCCCCC)(CCCCCCCC)N(CC)CCCNCC,0.2680725528430152
N(CCCCC)C(=O)C5(CCCCCCCCCCC5)N(CC)CCCNCC,0.09770641476614633
N(CCCCC)C(=O)C5(CCCCCCCCCCCCCC5)N(CC)CCCNCC,0.09151299415194071
N(CC(=O)OC)C(=O)C(CCCCCCC/C=C\CCCCCCCC)(CCCCCCC/C=C\CCCCCCCC)N(CC)CCCNCC,0.28407600517967957
N(CC(=O)OC)C(=O)C(CCCCCCCCC)(CCCCCCCCC)N(CC)CCCNCC,0.26226687624390405
N(CC(=O)OC)C(=O)C(CCCCCCCCCC)(CCCCCCCCCC)N(CC)CCCNCC,0.26355176642841377
N(CC(=O)OC)C(=O)C(CCCCC)(CCCCC)N(CC)CCCNCC,0.247152339377853
N(CC(=O)OC)C(=O)C(CCCCCC)(CCCCCC)N(CC)CCCNCC,0.2566586462989002
N(CC(=O)OC)C(=O)C(CCCCCCC)(CCCCCCC)N(CC)CCCNCC,0.26074578903501505
N(CC(=O)OC)C(=O)C(CCCCCCCC)(CCCCCCCC)N(CC)CCCNCC,0.26173004843992564
N(CC(=O)OC)C(=O)C5(CCCCCCCCCCC5)N(CC)CCCNCC,0.09555598699913516
N(CC(=O)OC)C(=O)C5(CCCCCCCCCCCCCC5)N(CC)CCCNCC,0.08983321065921654
N(CC(=O)OCC)C(=O)C(CCCCCCC/C=C\CCCCCCCC)(CCCCCCC/C=C\CCCCCCCC)N(CC)CCCNCC,0.2792724311792322
N(CC(=O)OCC)C(=O)C(CCCCCCCCC)(CCCCCCCCC)N(CC)CCCNCC,0.2558807551449734
N(CC(=O)OCC)C(=O)C(CCCCCCCCCC)(CCCCCCCCCC)N(CC)CCCNCC,0.2572617702789952
N(CC(=O)OCC)C(=O)C(CCCCC)(CCCCC)N(CC)CCCNCC,0.2422003124085029
N(CC(=O)OCC)C(=O)C(CCCCCC)(CCCCCC)N(CC)CCCNCC,0.2509386410610417
N(CC(=O)OCC)C(=O)C(CCCCCCC)(CCCCCCC)N(CC)CCCNCC,0.254962942111413
N(CC(=O)OCC)C(=O)C(CCCCCCCC)(CCCCCCCC)N(CC)CCCNCC,0.2562439872979423
N(CC(=O)OCC)C(=O)C5(CCCCCCCCCCC5)N(CC)CCCNCC,0.0953376481880324
N(CC(=O)OCC)C(=O)C5(CCCCCCCCCCCCCC5)N(CC)CCCNCC,0.08967610644485767
N(CC(=O)OC(C)(C)C)C(=O)C(CCCCCCC/C=C\CCCCCCCC)(CCCCCCC/C=C\CCCCCCCC)N(CC)CCCNCC,0.2001108017027552
N(CC(=O)OC(C)(C)C)C(=O)C(CCCCCCCCC)(CCCCCCCCC)N(CC)CCCNCC,0.16204383476314557
N(CC(=O)OC(C)(C)C)C(=O)C(CCCCCCCCCC)(CCCCCCCCCC)N(CC)CCCNCC,0.1654829902028853
N(CC(=O)OC(C)(C)C)C(=O)C(CCCCC)(CCCCC)N(CC)CCCNCC,0.1305150615964995
N(CC(=O)OC(C)(C)C)C(=O)C(CCCCCC)(CCCCCC)N(CC)CCCNCC,0.1438711727455068
N(CC(=O)OC(C)(C)C)C(=O)C(CCCCCCC)(CCCCCCC)N(CC)CCCNCC,0.15239279971498926
N(CC(=O)OC(C)(C)C)C(=O)C(CCCCCCCC)(CCCCCCCC)N(CC)CCCNCC,0.15809421078292646
N(CC(=O)OC(C)(C)C)C(=O)C5(CCCCCCCCCCC5)N(CC)CCCNCC,0.027516577413335686
N(CC(=O)OC(C)(C)C)C(=O)C5(CCCCCCCCCCCCCC5)N(CC)CCCNCC,0.029824131923990773
N(C(C)C(=O)OC(C)(C)C)C(=O)C(CCCCCCC/C=C\CCCCCCCC)(CCCCCCC/C=C\CCCCCCCC)N(CC)CCCNCC,0.1899782857942067
N(C(C)C(=O)OC(C)(C)C)C(=O)C(CCCCCCCCC)(CCCCCCCCC)N(CC)CCCNCC,0.1500379937838396
N(C(C)C(=O)OC(C)(C)C)C(=O)C(CCCCCCCCCC)(CCCCCCCCCC)N(CC)CCCNCC,0.15406707104263984
N(C(C)C(=O)OC(C)(C)C)C(=O)C(CCCCC)(CCCCC)N(CC)CCCNCC,0.11687864108300086
N(C(C)C(=O)OC(C)(C)C)C(=O)C(CCCCCC)(CCCCCC)N(CC)CCCNCC,0.13028807153994065
N(C(C)C(=O)OC(C)(C)C)C(=O)C(CCCCCCC)(CCCCCCC)N(CC)CCCNCC,0.1396110801978869
N(C(C)C(=O)OC(C)(C)C)C(=O)C(CCCCCCCC)(CCCCCCCC)N(CC)CCCNCC,0.1456608841297121
N(C(C)C(=O)OC(C)(C)C)C(=O)C5(CCCCCCCCCCC5)N(CC)CCCNCC,0.02649686442353082
N(C(C)C(=O)OC(C)(C)C)C(=O)C5(CCCCCCCCCCCCCC5)N(CC)CCCNCC,0.028313235461702366
N(CCC(=O)OCC)C(=O)C(CCCCCCC/C=C\CCCCCCCC)(CCCCCCC/C=C\CCCCCCCC)N(CC)CCCNCC,0.26313689715412886
N(CCC(=O)OCC)C(=O)C(CCCCCCCCC)(CCCCCCCCC)N(CC)CCCNCC,0.23768632983798413
N(CCC(=O)OCC)C(=O)C(CCCCCCCCCC)(CCCCCCCCCC)N(CC)CCCNCC,0.2383304721363788
N(CCC(=O)OCC)C(=O)C(CCCCC)(CCCCC)N(CC)CCCNCC,0.22169975944557785
N(CCC(=O)OCC)C(=O)C(CCCCCC)(CCCCCC)N(CC)CCCNCC,0.23116213426079332
N(CCC(=O)OCC)C(=O)C(CCCCCCC)(CCCCCCC)N(CC)CCCNCC,0.23548416732275507
N(CCC(=O)OCC)C(=O)C(CCCCCCCC)(CCCCCCCC)N(CC)CCCNCC,0.2371687420434315
N(CCC(=O)OCC)C(=O)C5(CCCCCCCCCCC5)N(CC)CCCNCC,0.08146840253314908
N(CCC(=O)OCC)C(=O)C5(CCCCCCCCCCCCCC5)N(CC)CCCNCC,0.07740862536859842
N(CS(=O)(=O)c3ccc(C)cc3)C(=O)C(CCCCCCC/C=C\CCCCCCCC)(CCCCCCC/C=C\CCCCCCCC)N(CC)CCCNCC,0.17357256556335754
N(CS(=O)(=O)c3ccc(C)cc3)C(=O)C(CCCCCCCCC)(CCCCCCCCC)N(CC)CCCNCC,0.12788849240965108
N(CS(=O)(=O)c3ccc(C)cc3)C(=O)C(CCCCCCCCCC)(CCCCCCCCCC)N(CC)CCCNCC,0.13218302472433835
N(CS(=O)(=O)c3ccc(C)cc3)C(=O)C(CCCCC)(CCCCC)N(CC)CCCNCC,0.09766084553226825
N(CS(=O)(=O)c3ccc(C)cc3)C(=O)C(CCCCCC)(CCCCCC)N(CC)CCCNCC,0.10881360762370094
N(CS(=O)(=O)c3ccc(C)cc3)C(=O)C(CCCCCCC)(CCCCCCC)N(CC)CCCNCC,0.11726162390918982
N(CS(=O)(=O)c3ccc(C)cc3)C(=O)C(CCCCCCCC)(CCCCCCCC)N(CC)CCCNCC,0.12332251224925561
N(CS(=O)(=O)c3ccc(C)cc3)C(=O)C5(CCCCCCCCCCC5)N(CC)CCCNCC,0.017740835262710742
N(CS(=O)(=O)c3ccc(C)cc3)C(=O)C5(CCCCCCCCCCCCCC5)N(CC)CCCNCC,0.018386104025357525
N(C3CCCCC3)C(=O)C(CCCCCCC/C=C\CCCCCCCC)(CCCCCCC/C=C\CCCCCCCC)N(C)CCN(C)C,0.18029868361261722
N(C3CCCCC3)C(=O)C(CCCCCCCCC)(CCCCCCCCC)N(C)CCN(C)C,0.13101651842296214
N(C3CCCCC3)C(=O)C(CCCCCCCCCC)(CCCCCCCCCC)N(C)CCN(C)C,0.13619853935354337
N(C3CCCCC3)C(=O)C(CCCCC)(CCCCC)N(C)CCN(C)C,0.08801752300935793
N(C3CCCCC3)C(=O)C(CCCCCC)(CCCCCC)N(C)CCN(C)C,0.10722949849478804
N(C3CCCCC3)C(=O)C(CCCCCCC)(CCCCCCC)N(C)CCN(C)C,0.1182219271743392
N(C3CCCCC3)C(=O)C(CCCCCCCC)(CCCCCCCC)N(C)CCN(C)C,0.12543030709920586
N(C3CCCCC3)C(=O)C5(CCCCCCCCCCC5)N(C)CCN(C)C,0.001407809994290206
N(C3CCCCC3)C(=O)C5(CCCCCCCCCCCCCC5)N(C)CCN(C)C,0.006134093058160374
N(C(C)(C)C)C(=O)C(CCCCCCC/C=C\CCCCCCCC)(CCCCCCC/C=C\CCCCCCCC)N(C)CCN(C)C,0.15134532313625107
N(C(C)(C)C)C(=O)C(CCCCCCCCC)(CCCCCCCCC)N(C)CCN(C)C,0.08517313318496272
N(C(C)(C)C)C(=O)C(CCCCCCCCCC)(CCCCCCCCCC)N(C)CCN(C)C,0.09321933216196761
N(C(C)(C)C)C(=O)C(CCCCC)(CCCCC)N(C)CCN(C)C,0.037548162124896464
N(C(C)(C)C)C(=O)C(CCCCCC)(CCCCCC)N(C)CCN(C)C,0.05418213405226682
N(C(C)(C)C)C(=O)C(CCCCCCC)(CCCCCCC)N(C)CCN(C)C,0.06733108091555216
N(C(C)(C)C)C(=O)C(CCCCCCCC)(CCCCCCCC)N(C)CCN(C)C,0.0776230741231506
N(C(C)(C)C)C(=O)C5(CCCCCCCCCCC5)N(C)CCN(C)C,-0.04291303161041424
N(C(C)(C)C)C(=O)C5(CCCCCCCCCCCCCC5)N(C)CCN(C)C,-0.035264474514398916
N(CCCC)C(=O)C(CCCCCCC/C=C\CCCCCCCC)(CCCCCCC/C=C\CCCCCCCC)N(C)CCN(C)C,0.22493837420939794
N(CCCC)C(=O)C(CCCCCCCCC)(CCCCCCCCC)N(C)CCN(C)C,0.18711739702339916
N(CCCC)C(=O)C(CCCCCCCCCC)(CCCCCCCCCC)N(C)CCN(C)C,0.19021530889237087
N(CCCC)C(=O)C(CCCCC)(CCCCC)N(C)CCN(C)C,0.14845023491074993
N(CCCC)C(=O)C(CCCCCC)(CCCCCC)N(C)CCN(C)C,0.16916394494921808
N(CCCC)C(=O)C(CCCCCCC)(CCCCCCC)N(C)CCN(C)C,0.17829581515286883
N(CCCC)C(=O)C(CCCCCCCC)(CCCCCCCC)N(C)CCN(C)C,0.18368914575761972
N(CCCC)C(=O)C5(CCCCCCCCCCC5)N(C)CCN(C)C,0.01837169279269239
N(CCCC)C(=O)C5(CCCCCCCCCCCCCC5)N(C)CCN(C)C,0.0220418485017284
N(CCCCC)C(=O)C(CCCCCCC/C=C\CCCCCCCC)(CCCCCCC/C=C\CCCCCCCC)N(C)CCN(C)C,0.22881766176171622
N(CCCCC)C(=O)C(CCCCCCCCC)(CCCCCCCCC)N(C)CCN(C)C,0.19261623977976294
N(CCCCC)C(=O)C(CCCCCCCCCC)(CCCCCCCCCC)N(C)CCN(C)C,0.19529340974081547
N(CCCCC)C(=O)C(CCCCC)(CCCCC)N(C)CCN(C)C,0.1564882632670463
N(CCCCC)C(=O)C(CCCCCC)(CCCCCC)N(C)CCN(C)C,0.17608441563077257
N(CCCCC)C(=O)C(CCCCCCC)(CCCCCCC)N(C)CCN(C)C,0.18449814234442768
N(CCCCC)C(=O)C(CCCCCCCC)(CCCCCCCC)N(C)CCN(C)C,0.18961023237423885
N(CCCCC)C(=O)C5(CCCCCCCCCCC5)N(C)CCN(C)C,0.024278863820917294
N(CCCCC)C(=O)C5(CCCCCCCCCCCCCC5)N(C)CCN(C)C,0.027579111198850325
N(CC(=O)OC)C(=O)C(CCCCCCC/C=C\CCCCCCCC)(CCCCCCC/C=C\CCCCCCCC)N(C)CCN(C)C,0.22504783649565485
N(CC(=O)OC)C(=O)C(CCCCCCCCC)(CCCCCCCCC)N(C)CCN(C)C,0.18876778730890534
N(CC(=O)OC)C(=O)C(CCCCCCCCCC)(CCCCCCCCCC)N(C)CCN(C)C,0.19168804825555996
N(CC(=O)OC)C(=O)C(CCCCC)(CCCCC)N(C)CCN(C)C,0.15205347864321148
N(CC(=O)OC)C(=O)C(CCCCCC)(CCCCCC)N(C)CCN(C)C,0.17148280916096417
N(CC(=O)OC)C(=O)C(CCCCCCC)(CCCCCCC)N(C)CCN(C)C,0.18021329762230842
N(CC(=O)OC)C(=O)C(CCCCCCCC)(CCCCCCCC)N(C)CCN(C)C,0.18552143749055422
N(CC(=O)OC)C(=O)C5(CCCCCCCCCCC5)N(C)CCN(C)C,0.019069597474958733
N(CC(=O)OC)C(=O)C5(CCCCCCCCCCCCCC5)N(C)CCN(C)C,0.023179629964676193
N(CC(=O)OCC)C(=O)C(CCCCCCC/C=C\CCCCCCCC)(CCCCCCC/C=C\CCCCCCCC)N(C)CCN(C)C,0.2213930157199707
N(CC(=O)OCC)C(=O)C(CCCCCCCCC)(CCCCCCCCC)N(C)CCN(C)C,0.18613657708933828
N(CC(=O)OCC)C(=O)C(CCCCCCCCCC)(CCCCCCCCCC)N(C)CCN(C)C,0.18911999513172706
N(CC(=O)OCC)C(=O)C(CCCCC)(CCCCC)N(C)CCN(C)C,0.15058501984418035
N(CC(=O)OCC)C(=O)C(CCCCCC)(CCCCCC)N(C)CCN(C)C,0.16927079383841012
N(CC(=O)OCC)C(=O)C(CCCCCCC)(CCCCCCC)N(C)CCN(C)C,0.17774270618556678
N(CC(=O)OCC)C(=O)C(CCCCCCCC)(CCCCCCCC)N(C)CCN(C)C,0.1828479773517719
N(CC(=O)OCC)C(=O)C5(CCCCCCCCCCC5)N(C)CCN(C)C,0.020525575050076662
N(CC(=O)OCC)C(=O)C5(CCCCCCCCCCCCCC5)N(C)CCN(C)C,0.024424973744175703
N(CC(=O)OC(C)(C)C)C(=O)C(CCCCCCC/C=C\CCCCCCCC)(CCCCCCC/C=C\CCCCCCCC)N(C)CCN(C)C,0.15745020366024204
N(CC(=O)OC(C)(C)C)C(=O)C(CCCCCCCCC)(CCCCCCCCC)N(C)CCN(C)C,0.09940300510551178
N(CC(=O)OC(C)(C)C)C(=O)C(CCCCCCCCCC)(CCCCCCCCCC)N(C)CCN(C)C,0.10609699639430173
N(CC(=O)OC(C)(C)C)C(=O)C(CCCCC)(CCCCC)N(C)CCN(C)C,0.04966712264439782
N(CC(=O)OC(C)(C)C)C(=O)C(CCCCCC)(CCCCCC)N(C)CCN(C)C,0.0695769202047158
N(CC(=O)OC(C)(C)C)C(=O)C(CCCCCCC)(CCCCCCC)N(C)CCN(C)C,0.08207176682561793
N(CC(=O)OC(C)(C)C)C(=O)C(CCCCCCCC)(CCCCCCCC)N(C)CCN(C)C,0.09196955762307653
N(CC(=O)OC(C)(C)C)C(=O)C5(CCCCCCCCCCC5)N(C)CCN(C)C,-0.023375185036376384
N(CC(=O)OC(C)(C)C)C(=O)C5(CCCCCCCCCCCCCC5)N(C)CCN(C)C,-0.018622572278693808
N(C(C)C(=O)OC(C)(C)C)C(=O)C(CCCCCCC/C=C\CCCCCCCC)(CCCCCCC/C=C\CCCCCCCC)N(C)CCN(C)C,0.1483078498292851
N(C(C)C(=O)OC(C)(C)C)C(=O)C(CCCCCCCCC)(CCCCCCCCC)N(C)CCN(C)C,0.08883773167035508
N(C(C)C(=O)OC(C)(C)C)C(=O)C(CCCCCCCCCC)(CCCCCCCCCC)N(C)CCN(C)C,0.09592850872730299
N(C(C)C(=O)OC(C)(C)C)C(=O)C(CCCCC)(CCCCC)N(C)CCN(C)C,0.041836408769057046
N(C(C)C(=O)OC(C)(C)C)C(=O)C(CCCCCC)(CCCCCC)N(C)CCN(C)C,0.05869434431902895
N(C(C)C(=O)OC(C)(C)C)C(=O)C(CCCCCCC)(CCCCCCC)N(C)CCN(C)C,0.07145873130617239
N(C(C)C(=O)OC(C)(C)C)C(=O)C(CCCCCCCC)(CCCCCCCC)N(C)CCN(C)C,0.08090847470224102
N(C(C)C(=O)OC(C)(C)C)C(=O)C5(CCCCCCCCCCC5)N(C)CCN(C)C,-0.021320213850087737
N(C(C)C(=O)OC(C)(C)C)C(=O)C5(CCCCCCCCCCCCCC5)N(C)CCN(C)C,-0.016999367330471526
N(CCC(=O)OCC)C(=O)C(CCCCCCC/C=C\CCCCCCCC)(CCCCCCC/C=C\CCCCCCCC)N(C)CCN(C)C,0.20926718376853154
N(CCC(=O)OCC)C(=O)C(CCCCCCCCC)(CCCCCCCCC)N(C)CCN(C)C,0.17016206737419112
N(CCC(=O)OCC)C(=O)C(CCCCCCCCCC)(CCCCCCCCCC)N(C)CCN(C)C,0.17383441593363788
N(CCC(=O)OCC)C(=O)C(CCCCC)(CCCCC)N(C)CCN(C)C,0.1325875004884573
N(CCC(=O)OCC)C(=O)C(CCCCCC)(CCCCCC)N(C)CCN(C)C,0.15136681607418104
N(CCC(=O)OCC)C(=O)C(CCCCCCC)(CCCCCCC)N(C)CCN(C)C,0.16044388003708654
N(CCC(=O)OCC)C(=O)C(CCCCCCCC)(CCCCCCCC)N(C)CCN(C)C,0.16613528810246517
N(CCC(=O)OCC)C(=O)C5(CCCCCCCCCCC5)N(C)CCN(C)C,0.009599637800445837
N(CCC(=O)OCC)C(=O)C5(CCCCCCCCCCCCCC5)N(C)CCN(C)C,0.014188372538733621
N(CS(=O)(=O)c3ccc(C)cc3)C(=O)C(CCCCCCC/C=C\CCCCCCCC)(CCCCCCC/C=C\CCCCCCCC)N(C)CCN(C)C,0.13173970847280717
N(CS(=O)(=O)c3ccc(C)cc3)C(=O)C(CCCCCCCCC)(CCCCCCCCC)N(C)CCN(C)C,0.0784777000219301
N(CS(=O)(=O)c3ccc(C)cc3)C(=O)C(CCCCCCCCCC)(CCCCCCCCCC)N(C)CCN(C)C,0.08484168234342628
N(CS(=O)(=O)c3ccc(C)cc3)C(=O)C(CCCCC)(CCCCC)N(C)CCN(C)C,0.04271668801373758
N(CS(=O)(=O)c3ccc(C)cc3)C(=O)C(CCCCCC)(CCCCCC)N(C)CCN(C)C,0.058193533332070835
N(CS(=O)(=O)c3ccc(C)cc3)C(=O)C(CCCCCCC)(CCCCCCC)N(C)CCN(C)C,0.06663844057622394
N(CS(=O)(=O)c3ccc(C)cc3)C(=O)C(CCCCCCCC)(CCCCCCCC)N(C)CCN(C)C,0.07313083982245897
N(CS(=O)(=O)c3ccc(C)cc3)C(=O)C5(CCCCCCCCCCC5)N(C)CCN(C)C,-0.026396121848121602
N(CS(=O)(=O)c3ccc(C)cc3)C(=O)C5(CCCCCCCCCCCCCC5)N(C)CCN(C)C,-0.022972391458873906
N(C3CCCCC3)C(=O)C(CCCCCCC/C=C\CCCCCCCC)(CCCCCCC/C=C\CCCCCCCC)NCCN(C)C,0.18445207746627867
N(C3CCCCC3)C(=O)C(CCCCCCCCC)(CCCCCCCCC)NCCN(C)C,0.13445498296462724
N(C3CCCCC3)C(=O)C(CCCCCCCCCC)(CCCCCCCCCC)NCCN(C)C,0.13954978552304959
N(C3CCCCC3)C(=O)C(CCCCC)(CCCCC)NCCN(C)C,0.09357957542978762
N(C3CCCCC3)C(=O)C(CCCCCC)(CCCCCC)NCCN(C)C,0.11020668343498188
N(C3CCCCC3)C(=O)C(CCCCCCC)(CCCCCCC)NCCN(C)C,0.12151677503362385
N(C3CCCCC3)C(=O)C(CCCCCCCC)(CCCCCCCC)NCCN(C)C,0.12913799659712166
N(C3CCCCC3)C(=O)C5(CCCCCCCCCCC5)NCCN(C)C,0.0290247177930873
N(C3CCCCC3)C(=O)C5(CCCCCCCCCCCCCC5)NCCN(C)C,0.03132339576543587
N(C(C)(C)C)C(=O)C(CCCCCCC/C=C\CCCCCCCC)(CCCCCCC/C=C\CCCCCCCC)NCCN(C)C,0.16138715116274424
N(C(C)(C)C)C(=O)C(CCCCCCCCC)(CCCCCCCCC)NCCN(C)C,0.09618399081967816
N(C(C)(C)C)C(=O)C(CCCCCCCCCC)(CCCCCCCCCC)NCCN(C)C,0.10397358124005579
N(C(C)(C)C)C(=O)C(CCCCC)(CCCCC)NCCN(C)C,0.04532461046233298
N(C(C)(C)C)C(=O)C(CCCCCC)(CCCCCC)NCCN(C)C,0.0619428944975525
N(C(C)(C)C)C(=O)C(CCCCCCC)(CCCCCCC)NCCN(C)C,0.0771474658963927
N(C(C)(C)C)C(=O)C(CCCCCCCC)(CCCCCCCC)NCCN(C)C,0.08763412714627652
N(C(C)(C)C)C(=O)C5(CCCCCCCCCCC5)NCCN(C)C,-0.021648180162204378
N(C(C)(C)C)C(=O)C5(CCCCCCCCCCCCCC5)NCCN(C)C,-0.01563882380679109
N(CCCC)C(=O)C(CCCCCCC/C=C\CCCCCCCC)(CCCCCCC/C=C\CCCCCCCC)NCCN(C)C,0.2331864205608549
N(CCCC)C(=O)C(CCCCCCCCC)(CCCCCCCCC)NCCN(C)C,0.1939948067314769
N(CCCC)C(=O)C(CCCCCCCCCC)(CCCCCCCCCC)NCCN(C)C,0.19684464113309055
N(CCCC)C(=O)C(CCCCC)(CCCCC)NCCN(C)C,0.15989338446684936
N(CCCC)C(=O)C(CCCCCC)(CCCCCC)NCCN(C)C,0.17527261039309605
N(CCCC)C(=O)C(CCCCCCC)(CCCCCCC)NCCN(C)C,0.18514003171431817
N(CCCC)C(=O)C(CCCCCCCC)(CCCCCCCC)NCCN(C)C,0.19088034334776108
N(CCCC)C(=O)C5(CCCCCCCCCCC5)NCCN(C)C,0.047169758907264714
N(CCCC)C(=O)C5(CCCCCCCCCCCCCC5)NCCN(C)C,0.04787136590203962
N(CCCCC)C(=O)C(CCCCCCC/C=C\CCCCCCCC)(CCCCCCC/C=C\CCCCCCCC)NCCN(C)C,0.23784127124097898
N(CCCCC)C(=O)C(CCCCCCCCC)(CCCCCCCCC)NCCN(C)C,0.2003931086638536
N(CCCCC)C(=O)C(CCCCCCCCCC)(CCCCCCCCCC)NCCN(C)C,0.202897614184345
N(CCCCC)C(=O)C(CCCCC)(CCCCC)NCCN(C)C,0.16922250607080364
N(CCCCC)C(=O)C(CCCCCC)(CCCCCC)NCCN(C)C,0.18372553806272407
N(CCCCC)C(=O)C(CCCCCCC)(CCCCCCC)NCCN(C)C,0.19272371948893618
N(CCCCC)C(=O)C(CCCCCCCC)(CCCCCCCC)NCCN(C)C,0.19778974464059834
N(CCCCC)C(=O)C5(CCCCCCCCCCC5)NCCN(C)C,0.053194600391263475
N(CCCCC)C(=O)C5(CCCCCCCCCCCCCC5)NCCN(C)C,0.05257497746475606
C1(C(=O)OC)N=CC(CCCCCCC/C=C\CCCCCCCC)(CCCCCCC/C=C\CCCCCCCC)N1(CCN(C)C),0.3502973239918826
C1(C(=O)OC)N=CC(CCCCCCCCC)(CCCCCCCCC)N1(CCN(C)C),0.3591999662299937
C1(C(=O)OC)N=CC(CCCCCCCCCC)(CCCCCCCCCC)N1(CCN(C)C),0.355095911510574
C1(C(=O)OC)N=CC(CCCCC)(CCCCC)N1(CCN(C)C),0.35642703178798973
C1(C(=O)OC)N=CC(CCCCCC)(CCCCCC)N1(CCN(C)C),0.36649152427523507
C1(C(=O)OC)N=CC(CCCCCCC)(CCCCCCC)N1(CCN(C)C),0.3668233656243789
C1(C(=O)OC)N=CC(CCCCCCCC)(CCCCCCCC)N1(CCN(C)C),0.36391729812730067
C1(C(=O)OC)N=CC5(CCCCCCCCCCC5)N1(CCN(C)C),0.1423088569449911
C1(C(=O)OC)N=CC5(CCCCCCCCCCCCCC5)N1(CCN(C)C),0.13193933295780177
C1(C(=O)OCC)N=CC(CCCCCCC/C=C\CCCCCCCC)(CCCCCCC/C=C\CCCCCCCC)N1(CCN(C)C),0.3484463780109334
C1(C(=O)OCC)N=CC(CCCCCCCCC)(CCCCCCCCC)N1(CCN(C)C),0.3561704983289793
C1(C(=O)OCC)N=CC(CCCCCCCCCC)(CCCCCCCCCC)N1(CCN(C)C),0.35232820386269975
C1(C(=O)OCC)N=CC(CCCCC)(CCCCC)N1(CCN(C)C),0.35339525088037765
C1(C(=O)OCC)N=CC(CCCCCC)(CCCCCC)N1(CCN(C)C),0.36296998674985875
C1(C(=O)OCC)N=CC(CCCCCCC)(CCCCCCC)N1(CCN(C)C),0.3633270308592028
C1(C(=O)OCC)N=CC(CCCCCCCC)(CCCCCCCC)N1(CCN(C)C),0.3605234565895419
C1(C(=O)OCC)N=CC5(CCCCCCCCCCC5)N1(CCN(C)C),0.14762895235383244
C1(C(=O)OCC)N=CC5(CCCCCCCCCCCCCC5)N1(CCN(C)C),0.13701747886481647
C1(C(=O)OC(C)(C)C)N=CC(CCCCCCC/C=C\CCCCCCCC)(CCCCCCC/C=C\CCCCCCCC)N1(CCN(C)C),0.25192419214496137
C1(C(=O)OC(C)(C)C)N=CC(CCCCCCCCC)(CCCCCCCCC)N1(CCN(C)C),0.23356246436725095
C1(C(=O)OC(C)(C)C)N=CC(CCCCCCCCCC)(CCCCCCCCCC)N1(CCN(C)C),0.2332537380645601
C1(C(=O)OC(C)(C)C)N=CC(CCCCC)(CCCCC)N1(CCN(C)C),0.21965575251134295
C1(C(=O)OC(C)(C)C)N=CC(CCCCCC)(CCCCCC)N1(CCN(C)C),0.23010264206336614
C1(C(=O)OC(C)(C)C)N=CC(CCCCCCC)(CCCCCCC)N1(CCN(C)C),0.23361151813054884
C1(C(=O)OC(C)(C)C)N=CC(CCCCCCCC)(CCCCCCCC)N1(CCN(C)C),0.23426784126238953
C1(C(=O)OC(C)(C)C)N=CC5(CCCCCCCCCCC5)N1(CCN(C)C),0.07447193306338655
C1(C(=O)OC(C)(C)C)N=CC5(CCCCCCCCCCCCCC5)N1(CCN(C)C),0.07321868901459902
C1(C)(C(=O)OC(C)(C)C)N=CC(CCCCCCC/C=C\CCCCCCCC)(CCCCCCC/C=C\CCCCCCCC)N1(CCN(C)C),0.1650892834370164
C1(C)(C(=O)OC(C)(C)C)N=CC(CCCCCCCCC)(CCCCCCCCC)N1(CCN(C)C),0.11006881923004881
C1(C)(C(=O)OC(C)(C)C)N=CC(CCCCCCCCCC)(CCCCCCCCCC)N1(CCN(C)C),0.11648335726717901
C1(C)(C(=O)OC(C)(C)C)N=CC(CCCCC)(CCCCC)N1(CCN(C)C),0.07459805200105112
C1(C)(C(=O)OC(C)(C)C)N=CC(CCCCCC)(CCCCCC)N1(CCN(C)C),0.08517543868179868
C1(C)(C(=O)OC(C)(C)C)N=CC(CCCCCCC)(CCCCCCC)N1(CCN(C)C),0.09620832244752342
C1(C)(C(=O)OC(C)(C)C)N=CC(CCCCCCCC)(CCCCCCCC)N1(CCN(C)C),0.10425770556348089
C1(C)(C(=O)OC(C)(C)C)N=CC5(CCCCCCCCCCC5)N1(CCN(C)C),-0.015728099853650465
C1(C)(C(=O)OC(C)(C)C)N=CC5(CCCCCCCCCCCCCC5)N1(CCN(C)C),-0.011767691855657954
C1(CC(=O)OCC)N=CC(CCCCCCC/C=C\CCCCCCCC)(CCCCCCC/C=C\CCCCCCCC)N1(CCN(C)C),0.23332918113040374
C1(CC(=O)OCC)N=CC(CCCCCCCCC)(CCCCCCCCC)N1(CCN(C)C),0.20126326474978865
C1(CC(=O)OCC)N=CC(CCCCCCCCCC)(CCCCCCCCCC)N1(CCN(C)C),0.20328236931429058
C1(CC(=O)OCC)N=CC(CCCCC)(CCCCC)N1(CCN(C)C),0.17501416945461873
C1(CC(=O)OCC)N=CC(CCCCCC)(CCCCCC)N1(CCN(C)C),0.1869385445392132
C1(CC(=O)OCC)N=CC(CCCCCCC)(CCCCCCC)N1(CCN(C)C),0.1947973148841928
C1(CC(=O)OCC)N=CC(CCCCCCCC)(CCCCCCCC)N1(CCN(C)C),0.1991934692939424
C1(CC(=O)OCC)N=CC5(CCCCCCCCCCC5)N1(CCN(C)C),0.01363587937188939
C1(CC(=O)OCC)N=CC5(CCCCCCCCCCCCCC5)N1(CCN(C)C),0.01738690019470247
N(CS(=O)(=O)c3ccc(C)cc3)C(=O)C(CCCCCCC/C=C\CCCCCCCC)(CCCCCCC/C=C\CCCCCCCC)NCCN(C)C,0.13352338200862124
N(CS(=O)(=O)c3ccc(C)cc3)C(=O)C(CCCCCCCCC)(CCCCCCCCC)NCCN(C)C,0.07896168914272358
N(CS(=O)(=O)c3ccc(C)cc3)C(=O)C(CCCCCCCCCC)(CCCCCCCCCC)NCCN(C)C,0.0854927937006606
N(CS(=O)(=O)c3ccc(C)cc3)C(=O)C(CCCCC)(CCCCC)NCCN(C)C,0.04491622211237843
N(CS(=O)(=O)c3ccc(C)cc3)C(=O)C(CCCCCC)(CCCCCC)NCCN(C)C,0.05678989879586693
N(CS(=O)(=O)c3ccc(C)cc3)C(=O)C(CCCCCCC)(CCCCCCC)NCCN(C)C,0.06611439438662595
N(CS(=O)(=O)c3ccc(C)cc3)C(=O)C(CCCCCCCC)(CCCCCCCC)NCCN(C)C,0.07332038620727815
N(CS(=O)(=O)c3ccc(C)cc3)C(=O)C5(CCCCCCCCCCC5)NCCN(C)C,-0.00992311368325384
N(CS(=O)(=O)c3ccc(C)cc3)C(=O)C5(CCCCCCCCCCCCCC5)NCCN(C)C,-0.007592173774725261
N(C3CCCCC3)C(=O)C(CCCCCCC/C=C\CCCCCCCC)(CCCCCCC/C=C\CCCCCCCC)N(C)CCCN(C)C,0.17546012914226147
N(C3CCCCC3)C(=O)C(CCCCCCCCC)(CCCCCCCCC)N(C)CCCN(C)C,0.125760706574107
N(C3CCCCC3)C(=O)C(CCCCCCCCCC)(CCCCCCCCCC)N(C)CCCN(C)C,0.13109332826543166
N(C3CCCCC3)C(=O)C(CCCCC)(CCCCC)N(C)CCCN(C)C,0.08261903319833243
N(C3CCCCC3)C(=O)C(CCCCCC)(CCCCCC)N(C)CCCN(C)C,0.10126420942091671
N(C3CCCCC3)C(=O)C(CCCCCCC)(CCCCCCC)N(C)CCCN(C)C,0.11249663506425756
N(C3CCCCC3)C(=O)C(CCCCCCCC)(CCCCCCCC)N(C)CCCN(C)C,0.11991189390390232
N(C3CCCCC3)C(=O)C5(CCCCCCCCCCC5)N(C)CCCN(C)C,-0.0012172272011753554
N(C3CCCCC3)C(=O)C5(CCCCCCCCCCCCCC5)N(C)CCCN(C)C,0.0031710269392862273
N(C(C)(C)C)C(=O)C(CCCCCCC/C=C\CCCCCCCC)(CCCCCCC/C=C\CCCCCCCC)N(C)CCCN(C)C,0.14700824051188133
N(C(C)(C)C)C(=O)C(CCCCCCCCC)(CCCCCCCCC)N(C)CCCN(C)C,0.08117008476014757
N(C(C)(C)C)C(=O)C(CCCCCCCCCC)(CCCCCCCCCC)N(C)CCCN(C)C,0.08904591728366561
N(C(C)(C)C)C(=O)C(CCCCC)(CCCCC)N(C)CCCN(C)C,0.035294550232393376
N(C(C)(C)C)C(=O)C(CCCCCC)(CCCCCC)N(C)CCCN(C)C,0.0512641936219715
N(C(C)(C)C)C(=O)C(CCCCCCC)(CCCCCCC)N(C)CCCN(C)C,0.06336944131664403
N(C(C)(C)C)C(=O)C(CCCCCCCC)(CCCCCCCC)N(C)CCCN(C)C,0.07359998965417151
N(C(C)(C)C)C(=O)C5(CCCCCCCCCCC5)N(C)CCCN(C)C,-0.042128531866208505
N(C(C)(C)C)C(=O)C5(CCCCCCCCCCCCCC5)N(C)CCCN(C)C,-0.035221924204716454
N(CCCC)C(=O)C(CCCCCCC/C=C\CCCCCCCC)(CCCCCCC/C=C\CCCCCCCC)N(C)CCCN(C)C,0.21721985617356582
N(CCCC)C(=O)C(CCCCCCCCC)(CCCCCCCCC)N(C)CCCN(C)C,0.17907041703117949
N(CCCC)C(=O)C(CCCCCCCCCC)(CCCCCCCCCC)N(C)CCCN(C)C,0.1824743667081604
N(CCCC)C(=O)C(CCCCC)(CCCCC)N(C)CCCN(C)C,0.1403981933391575
N(CCCC)C(=O)C(CCCCCC)(CCCCCC)N(C)CCCN(C)C,0.1605214558752475
N(CCCC)C(=O)C(CCCCCCC)(CCCCCCC)N(C)CCCN(C)C,0.16991223262259977
N(CCCC)C(=O)C(CCCCCCCC)(CCCCCCCC)N(C)CCCN(C)C,0.17542797234274501
N(CCCC)C(=O)C5(CCCCCCCCCCC5)N(C)CCCN(C)C,0.01448418205133379
N(CCCC)C(=O)C5(CCCCCCCCCCCCCC5)N(C)CCCN(C)C,0.018540594842651525
N(CCCCC)C(=O)C(CCCCCCC/C=C\CCCCCCCC)(CCCCCCC/C=C\CCCCCCCC)N(C)CCCN(C)C,0.22089055258544285
N(CCCCC)C(=O)C(CCCCCCCCC)(CCCCCCCCC)N(C)CCCN(C)C,0.18459006182739865
N(CCCCC)C(=O)C(CCCCCCCCCC)(CCCCCCCCCC)N(C)CCCN(C)C,0.18763001335571922
N(CCCCC)C(=O)C(CCCCC)(CCCCC)N(C)CCCN(C)C,0.14829476782443743
N(CCCCC)C(=O)C(CCCCCC)(CCCCCC)N(C)CCCN(C)C,0.16749527590378122
N(CCCCC)C(=O)C(CCCCCCC)(CCCCCCC)N(C)CCCN(C)C,0.17614135464383515
N(CCCCC)C(=O)C(CCCCCCCC)(CCCCCCCC)N(C)CCCN(C)C,0.18119862341337767
N(CCCCC)C(=O)C5(CCCCCCCCCCC5)N(C)CCCN(C)C,0.02014368864909307
N(CCCCC)C(=O)C5(CCCCCCCCCCCCCC5)N(C)CCCN(C)C,0.023666525363240088
N(CC(=O)OC)C(=O)C(CCCCCCC/C=C\CCCCCCCC)(CCCCCCC/C=C\CCCCCCCC)N(C)CCCN(C)C,0.21764074827671862
N(CC(=O)OC)C(=O)C(CCCCCCCCC)(CCCCCCCCC)N(C)CCCN(C)C,0.18099899892838306
N(CC(=O)OC)C(=O)C(CCCCCCCCCC)(CCCCCCCCCC)N(C)CCCN(C)C,0.184245423844351
N(CC(=O)OC)C(=O)C(CCCCC)(CCCCC)N(C)CCCN(C)C,0.14402590387517458
N(CC(=O)OC)C(=O)C(CCCCCC)(CCCCCC)N(C)CCCN(C)C,0.16329326385299936
N(CC(=O)OC)C(=O)C(CCCCCCC)(CCCCCCC)N(C)CCCN(C)C,0.17209066429091804
N(CC(=O)OC)C(=O)C(CCCCCCCC)(CCCCCCCC)N(C)CCCN(C)C,0.17741546081057147
N(CC(=O)OC)C(=O)C5(CCCCCCCCCCC5)N(C)CCCN(C)C,0.01458218444126606
N(CC(=O)OC)C(=O)C5(CCCCCCCCCCCCCC5)N(C)CCCN(C)C,0.019050755482902023
N(CC(=O)OCC)C(=O)C(CCCCCCC/C=C\CCCCCCCC)(CCCCCCC/C=C\CCCCCCCC)N(C)CCCN(C)C,0.21534849866036868
N(CC(=O)OCC)C(=O)C(CCCCCCCCC)(CCCCCCCCC)N(C)CCCN(C)C,0.17865667422114664
N(CC(=O)OCC)C(=O)C(CCCCCCCCCC)(CCCCCCCCCC)N(C)CCCN(C)C,0.1819583109049906
N(CC(=O)OCC)C(=O)C(CCCCC)(CCCCC)N(C)CCCN(C)C,0.14287350090623457
N(CC(=O)OCC)C(=O)C(CCCCCC)(CCCCCC)N(C)CCCN(C)C,0.16144943712612342
N(CC(=O)OCC)C(=O)C(CCCCCCC)(CCCCCCC)N(C)CCCN(C)C,0.1700441490962818
N(CC(=O)OCC)C(=O)C(CCCCCCCC)(CCCCCCCC)N(C)CCCN(C)C,0.17518536198189044
N(CC(=O)OCC)C(=O)C5(CCCCCCCCCCC5)N(C)CCCN(C)C,0.016137861612456086
N(CC(=O)OCC)C(=O)C5(CCCCCCCCCCCCCC5)N(C)CCCN(C)C,0.020316916321780253
N(CC(=O)OC(C)(C)C)C(=O)C(CCCCCCC/C=C\CCCCCCCC)(CCCCCCC/C=C\CCCCCCCC)N(C)CCCN(C)C,0.1529621147479981
N(CC(=O)OC(C)(C)C)C(=O)C(CCCCCCCCC)(CCCCCCCCC)N(C)CCCN(C)C,0.09500757163288351
N(CC(=O)OC(C)(C)C)C(=O)C(CCCCCCCCCC)(CCCCCCCCCC)N(C)CCCN(C)C,0.10176563620833264
N(CC(=O)OC(C)(C)C)C(=O)C(CCCCC)(CCCCC)N(C)CCCN(C)C,0.04657816992111111
N(CC(=O)OC(C)(C)C)C(=O)C(CCCCCC)(CCCCCC)N(C)CCCN(C)C,0.06541430436371054
N(CC(=O)OC(C)(C)C)C(=O)C(CCCCCCC)(CCCCCCC)N(C)CCCN(C)C,0.07797373493506611
N(CC(=O)OC(C)(C)C)C(=O)C(CCCCCCCC)(CCCCCCCC)N(C)CCCN(C)C,0.08753647020538156
N(CC(=O)OC(C)(C)C)C(=O)C5(CCCCCCCCCCC5)N(C)CCCN(C)C,-0.024300988456364924
N(CC(=O)OC(C)(C)C)C(=O)C5(CCCCCCCCCCCCCC5)N(C)CCCN(C)C,-0.019856140751878085
N(C(C)C(=O)OC(C)(C)C)C(=O)C(CCCCCCC/C=C\CCCCCCCC)(CCCCCCC/C=C\CCCCCCCC)N(C)CCCN(C)C,0.1443829179454719
N(C(C)C(=O)OC(C)(C)C)C(=O)C(CCCCCCCCC)(CCCCCCCCC)N(C)CCCN(C)C,0.08479374002485711
N(C(C)C(=O)OC(C)(C)C)C(=O)C(CCCCCCCCCC)(CCCCCCCCCC)N(C)CCCN(C)C,0.09194786943134287
N(C(C)C(=O)OC(C)(C)C)C(=O)C(CCCCC)(CCCCC)N(C)CCCN(C)C,0.039244422034747956
N(C(C)C(=O)OC(C)(C)C)C(=O)C(CCCCCC)(CCCCCC)N(C)CCCN(C)C,0.05508540818721347
N(C(C)C(=O)OC(C)(C)C)C(=O)C(CCCCCCC)(CCCCCCC)N(C)CCCN(C)C,0.06760885198059545
N(C(C)C(=O)OC(C)(C)C)C(=O)C(CCCCCCCC)(CCCCCCCC)N(C)CCCN(C)C,0.07679779637301902
N(C(C)C(=O)OC(C)(C)C)C(=O)C5(CCCCCCCCCCC5)N(C)CCCN(C)C,-0.022552730956636725
N(C(C)C(=O)OC(C)(C)C)C(=O)C5(CCCCCCCCCCCCCC5)N(C)CCCN(C)C,-0.018375741431774735
N(CCC(=O)OCC)C(=O)C(CCCCCCC/C=C\CCCCCCCC)(CCCCCCC/C=C\CCCCCCCC)N(C)CCCN(C)C,0.20364563150630619
N(CCC(=O)OCC)C(=O)C(CCCCCCCCC)(CCCCCCCCC)N(C)CCCN(C)C,0.16324044018933778
N(CCC(=O)OCC)C(=O)C(CCCCCCCCCC)(CCCCCCCCCC)N(C)CCCN(C)C,0.16719378901135049
N(CCC(=O)OCC)C(=O)C(CCCCC)(CCCCC)N(C)CCCN(C)C,0.12570771769568845
N(CCC(=O)OCC)C(=O)C(CCCCCC)(CCCCCC)N(C)CCCN(C)C,0.14425750492540532
N(CCC(=O)OCC)C(=O)C(CCCCCCC)(CCCCCCC)N(C)CCCN(C)C,0.1534374976819056
N(CCC(=O)OCC)C(=O)C(CCCCCCCC)(CCCCCCCC)N(C)CCCN(C)C,0.15927144102398264
N(CCC(=O)OCC)C(=O)C5(CCCCCCCCCCC5)N(C)CCCN(C)C,0.005565303708469168
N(CCC(=O)OCC)C(=O)C5(CCCCCCCCCCCCCC5)N(C)CCCN(C)C,0.01034999065828973
N(CS(=O)(=O)c3ccc(C)cc3)C(=O)C(CCCCCCC/C=C\CCCCCCCC)(CCCCCCC/C=C\CCCCCCCC)N(C)CCCN(C)C,0.12910055292538203
N(CS(=O)(=O)c3ccc(C)cc3)C(=O)C(CCCCCCCCC)(CCCCCCCCC)N(C)CCCN(C)C,0.07624371113669849
N(CS(=O)(=O)c3ccc(C)cc3)C(=O)C(CCCCCCCCCC)(CCCCCCCCCC)N(C)CCCN(C)C,0.0824365159504463
N(CS(=O)(=O)c3ccc(C)cc3)C(=O)C(CCCCC)(CCCCC)N(C)CCCN(C)C,0.04012911701929671
N(CS(=O)(=O)c3ccc(C)cc3)C(=O)C(CCCCCC)(CCCCCC)N(C)CCCN(C)C,0.05589307554620396
N(CS(=O)(=O)c3ccc(C)cc3)C(=O)C(CCCCCCC)(CCCCCCC)N(C)CCCN(C)C,0.06443865114568595
N(CS(=O)(=O)c3ccc(C)cc3)C(=O)C(CCCCCCCC)(CCCCCCCC)N(C)CCCN(C)C,0.07103079504656315
N(CS(=O)(=O)c3ccc(C)cc3)C(=O)C5(CCCCCCCCCCC5)N(C)CCCN(C)C,-0.02694218665896721
N(CS(=O)(=O)c3ccc(C)cc3)C(=O)C5(CCCCCCCCCCCCCC5)N(C)CCCN(C)C,-0.023888131798210397
N(C3CCCCC3)C(=O)C(CCCCCCC/C=C\CCCCCCCC)(CCCCCCC/C=C\CCCCCCCC)N(CC)CCN(C)C,0.18247487737195467
N(C3CCCCC3)C(=O)C(CCCCCCCCC)(CCCCCCCCC)N(CC)CCN(C)C,0.13490971405391297
N(C3CCCCC3)C(=O)C(CCCCCCCCCC)(CCCCCCCCCC)N(CC)CCN(C)C,0.13973599757368257
N(C3CCCCC3)C(=O)C(CCCCC)(CCCCC)N(CC)CCN(C)C,0.09825632457497244
N(C3CCCCC3)C(=O)C(CCCCCC)(CCCCCC)N(CC)CCN(C)C,0.11281718173183373
N(C3CCCCC3)C(=O)C(CCCCCCC)(CCCCCCC)N(CC)CCN(C)C,0.12304251829475488
N(C3CCCCC3)C(=O)C(CCCCCCCC)(CCCCCCCC)N(CC)CCN(C)C,0.12977048374538802
N(C3CCCCC3)C(=O)C5(CCCCCCCCCCC5)N(CC)CCN(C)C,0.01731219308550352
N(C3CCCCC3)C(=O)C5(CCCCCCCCCCCCCC5)N(CC)CCN(C)C,0.020833204927562146
N(C(C)(C)C)C(=O)C(CCCCCCC/C=C\CCCCCCCC)(CCCCCCC/C=C\CCCCCCCC)N(CC)CCN(C)C,0.15549173291154952
N(C(C)(C)C)C(=O)C(CCCCCCCCC)(CCCCCCCCC)N(CC)CCN(C)C,0.09247101444953917
N(C(C)(C)C)C(=O)C(CCCCCCCCCC)(CCCCCCCCCC)N(CC)CCN(C)C,0.09999897979248688
N(C(C)(C)C)C(=O)C(CCCCC)(CCCCC)N(CC)CCN(C)C,0.04770391323608485
N(C(C)(C)C)C(=O)C(CCCCCC)(CCCCCC)N(CC)CCN(C)C,0.061943330063729984
N(C(C)(C)C)C(=O)C(CCCCCCC)(CCCCCCC)N(CC)CCN(C)C,0.07532900714447394
N(C(C)(C)C)C(=O)C(CCCCCCCC)(CCCCCCCC)N(CC)CCN(C)C,0.08480216597746278
N(C(C)(C)C)C(=O)C5(CCCCCCCCCCC5)N(CC)CCN(C)C,-0.028542546912157005
N(C(C)(C)C)C(=O)C5(CCCCCCCCCCCCCC5)N(CC)CCN(C)C,-0.022576521881640974
N(CCCC)C(=O)C(CCCCCCC/C=C\CCCCCCCC)(CCCCCCC/C=C\CCCCCCCC)N(CC)CCN(C)C,0.2269619245528148
N(CCCC)C(=O)C(CCCCCCCCC)(CCCCCCCCC)N(CC)CCN(C)C,0.19080000391730165
N(CCCC)C(=O)C(CCCCCCCCCC)(CCCCCCCCCC)N(CC)CCN(C)C,0.19360736310684964
N(CCCC)C(=O)C(CCCCC)(CCCCC)N(CC)CCN(C)C,0.16006451691602763
N(CCCC)C(=O)C(CCCCCC)(CCCCCC)N(CC)CCN(C)C,0.17380638950304575
N(CCCC)C(=O)C(CCCCCCC)(CCCCCCC)N(CC)CCN(C)C,0.1824450035399891
N(CCCC)C(=O)C(CCCCCCCC)(CCCCCCCC)N(CC)CCN(C)C,0.18768058409087662
N(CCCC)C(=O)C5(CCCCCCCCCCC5)N(CC)CCN(C)C,0.032924987619541296
N(CCCC)C(=O)C5(CCCCCCCCCCCCCC5)N(CC)CCN(C)C,0.03546305426498343
N(CCCCC)C(=O)C(CCCCCCC/C=C\CCCCCCCC)(CCCCCCC/C=C\CCCCCCCC)N(CC)CCN(C)C,0.2308536632899996
N(CCCCC)C(=O)C(CCCCCCCCC)(CCCCCCCCC)N(CC)CCN(C)C,0.19612477039790838
N(CCCCC)C(=O)C(CCCCCCCCCC)(CCCCCCCCCC)N(CC)CCN(C)C,0.19853327112507455
N(CCCCC)C(=O)C(CCCCC)(CCCCC)N(CC)CCN(C)C,0.16772737259828288
N(CCCCC)C(=O)C(CCCCCC)(CCCCCC)N(CC)CCN(C)C,0.18070871660037985
N(CCCCC)C(=O)C(CCCCCCC)(CCCCCCC)N(CC)CCN(C)C,0.18872026553699028
N(CCCCC)C(=O)C(CCCCCCCC)(CCCCCCCC)N(CC)CCN(C)C,0.19342254787188926
N(CCCCC)C(=O)C5(CCCCCCCCCCC5)N(CC)CCN(C)C,0.03852696944282692
N(CCCCC)C(=O)C5(CCCCCCCCCCCCCC5)N(CC)CCN(C)C,0.04021154416350334
N(CC(=O)OC)C(=O)C(CCCCCCC/C=C\CCCCCCCC)(CCCCCCC/C=C\CCCCCCCC)N(CC)CCN(C)C,0.22624978887216365
N(CC(=O)OC)C(=O)C(CCCCCCCCC)(CCCCCCCCC)N(CC)CCN(C)C,0.1916044345690078
N(CC(=O)OC)C(=O)C(CCCCCCCCCC)(CCCCCCCCCC)N(CC)CCN(C)C,0.19429458139824446
N(CC(=O)OC)C(=O)C(CCCCC)(CCCCC)N(CC)CCN(C)C,0.16227369354866641
N(CC(=O)OC)C(=O)C(CCCCCC)(CCCCCC)N(CC)CCN(C)C,0.17535493240063915
N(CC(=O)OC)C(=O)C(CCCCCCC)(CCCCCCC)N(CC)CCN(C)C,0.18364249511805963
N(CC(=O)OC)C(=O)C(CCCCCCCC)(CCCCCCCC)N(CC)CCN(C)C,0.18862597296932823
N(CC(=O)OC)C(=O)C5(CCCCCCCCCCC5)N(CC)CCN(C)C,0.03768096475045679
N(CC(=O)OC)C(=O)C5(CCCCCCCCCCCCCC5)N(CC)CCN(C)C,0.03958101706303564
N(CC(=O)OCC)C(=O)C(CCCCCCC/C=C\CCCCCCCC)(CCCCCCC/C=C\CCCCCCCC)N(CC)CCN(C)C,0.2226985727686255
N(CC(=O)OCC)C(=O)C(CCCCCCCCC)(CCCCCCCCC)N(CC)CCN(C)C,0.18904877255194794
N(CC(=O)OCC)C(=O)C(CCCCCCCCCC)(CCCCCCCCCC)N(CC)CCN(C)C,0.19180261717975972
N(CC(=O)OCC)C(=O)C(CCCCC)(CCCCC)N(CC)CCN(C)C,0.16058620504045792
N(CC(=O)OCC)C(=O)C(CCCCCC)(CCCCCC)N(CC)CCN(C)C,0.17286517605208854
N(CC(=O)OCC)C(=O)C(CCCCCCC)(CCCCCCC)N(CC)CCN(C)C,0.18104165437472905
N(CC(=O)OCC)C(=O)C(CCCCCCCC)(CCCCCCCC)N(CC)CCN(C)C,0.18601524937962596
N(CC(=O)OCC)C(=O)C5(CCCCCCCCCCC5)N(CC)CCN(C)C,0.03862334972423617
N(CC(=O)OCC)C(=O)C5(CCCCCCCCCCCCCC5)N(CC)CCN(C)C,0.040402277090668084
N(CC(=O)OC(C)(C)C)C(=O)C(CCCCCCC/C=C\CCCCCCCC)(CCCCCCC/C=C\CCCCCCCC)N(CC)CCN(C)C,0.15966968368590664
N(CC(=O)OC(C)(C)C)C(=O)C(CCCCCCCCC)(CCCCCCCCC)N(CC)CCN(C)C,0.10336158072165422
N(CC(=O)OC(C)(C)C)C(=O)C(CCCCCCCCCC)(CCCCCCCCCC)N(CC)CCN(C)C,0.10964950417684893
N(CC(=O)OC(C)(C)C)C(=O)C(CCCCC)(CCCCC)N(CC)CCN(C)C,0.05923161519894654
N(CC(=O)OC(C)(C)C)C(=O)C(CCCCCC)(CCCCCC)N(CC)CCN(C)C,0.07506771249655796
N(CC(=O)OC(C)(C)C)C(=O)C(CCCCCCC)(CCCCCCC)N(CC)CCN(C)C,0.08718345132829833
N(CC(=O)OC(C)(C)C)C(=O)C(CCCCCCCC)(CCCCCCCC)N(CC)CCN(C)C,0.09636602744281672
N(CC(=O)OC(C)(C)C)C(=O)C5(CCCCCCCCCCC5)N(CC)CCN(C)C,-0.010815799054230786
N(CC(=O)OC(C)(C)C)C(=O)C5(CCCCCCCCCCCCCC5)N(CC)CCN(C)C,-0.007046244139589903
N(C(C)C(=O)OC(C)(C)C)C(=O)C(CCCCCCC/C=C\CCCCCCCC)(CCCCCCC/C=C\CCCCCCCC)N(CC)CCN(C)C,0.15040807483946125
N(C(C)C(=O)OC(C)(C)C)C(=O)C(CCCCCCCCC)(CCCCCCCCC)N(CC)CCN(C)C,0.09274343856426585
N(C(C)C(=O)OC(C)(C)C)C(=O)C(CCCCCCCCCC)(CCCCCCCCCC)N(CC)CCN(C)C,0.09940784139203411
N(C(C)C(=O)OC(C)(C)C)C(=O)C(CCCCC)(CCCCC)N(CC)CCN(C)C,0.05003728630739794
N(C(C)C(=O)OC(C)(C)C)C(=O)C(CCCCCC)(CCCCCC)N(CC)CCN(C)C,0.06398509157922239
N(C(C)C(=O)OC(C)(C)C)C(=O)C(CCCCCCC)(CCCCCCC)N(CC)CCN(C)C,0.07582059614408823
N(C(C)C(=O)OC(C)(C)C)C(=O)C(CCCCCCCC)(CCCCCCCC)N(CC)CCN(C)C,0.08544316919547496
N(C(C)C(=O)OC(C)(C)C)C(=O)C5(CCCCCCCCCCC5)N(CC)CCN(C)C,-0.0106029423691549
N(C(C)C(=O)OC(C)(C)C)C(=O)C5(CCCCCCCCCCCCCC5)N(CC)CCN(C)C,-0.007021657179847508
N(CCC(=O)OCC)C(=O)C(CCCCCCC/C=C\CCCCCCCC)(CCCCCCC/C=C\CCCCCCCC)N(CC)CCN(C)C,0.21154119968352092
N(CCC(=O)OCC)C(=O)C(CCCCCCCCC)(CCCCCCCCC)N(CC)CCN(C)C,0.17431975681153386
N(CCC(=O)OCC)C(=O)C(CCCCCCCCCC)(CCCCCCCCCC)N(CC)CCN(C)C,0.1777187350262822
N(CCC(=O)OCC)C(=O)C(CCCCC)(CCCCC)N(CC)CCN(C)C,0.1439449186052106
N(CCC(=O)OCC)C(=O)C(CCCCCC)(CCCCCC)N(CC)CCN(C)C,0.15656025184251685
N(CCC(=O)OCC)C(=O)C(CCCCCCC)(CCCCCCC)N(CC)CCN(C)C,0.1649345523073486
N(CCC(=O)OCC)C(=O)C(CCCCCCCC)(CCCCCCCC)N(CC)CCN(C)C,0.17062148455476556
N(CCC(=O)OCC)C(=O)C5(CCCCCCCCCCC5)N(CC)CCN(C)C,0.025610975386874846
N(CCC(=O)OCC)C(=O)C5(CCCCCCCCCCCCCC5)N(CC)CCN(C)C,0.028233001167906478
N(CS(=O)(=O)c3ccc(C)cc3)C(=O)C(CCCCCCC/C=C\CCCCCCCC)(CCCCCCC/C=C\CCCCCCCC)N(CC)CCN(C)C,0.1339951752764454
N(CS(=O)(=O)c3ccc(C)cc3)C(=O)C(CCCCCCCCC)(CCCCCCCCC)N(CC)CCN(C)C,0.08256838736555824
N(CS(=O)(=O)c3ccc(C)cc3)C(=O)C(CCCCCCCCCC)(CCCCCCCCCC)N(CC)CCN(C)C,0.08863399183595948
N(CS(=O)(=O)c3ccc(C)cc3)C(=O)C(CCCCC)(CCCCC)N(CC)CCN(C)C,0.05121333000610857
N(CS(=O)(=O)c3ccc(C)cc3)C(=O)C(CCCCCC)(CCCCCC)N(CC)CCN(C)C,0.062259633715956594
N(CS(=O)(=O)c3ccc(C)cc3)C(=O)C(CCCCCCC)(CCCCCCC)N(CC)CCN(C)C,0.0706994193026435
N(CS(=O)(=O)c3ccc(C)cc3)C(=O)C(CCCCCCCC)(CCCCCCCC)N(CC)CCN(C)C,0.07704964374074076
N(CS(=O)(=O)c3ccc(C)cc3)C(=O)C5(CCCCCCCCCCC5)N(CC)CCN(C)C,-0.015663275590823235
N(CS(=O)(=O)c3ccc(C)cc3)C(=O)C5(CCCCCCCCCCCCCC5)N(CC)CCN(C)C,-0.013716084504175044
N(C3CCCCC3)C(=O)C(CCCCCCC/C=C\CCCCCCCC)(CCCCCCC/C=C\CCCCCCCC)N3CCN(C)CC3,0.165921755538838
N(C3CCCCC3)C(=O)C(CCCCCCCCC)(CCCCCCCCC)N3CCN(C)CC3,0.11381315636496613
N(C3CCCCC3)C(=O)C(CCCCCCCCCC)(CCCCCCCCCC)N3CCN(C)CC3,0.11901384656308539
N(C3CCCCC3)C(=O)C(CCCCC)(CCCCC)N3CCN(C)CC3,0.0753596169330842
N(C3CCCCC3)C(=O)C(CCCCCC)(CCCCCC)N3CCN(C)CC3,0.08771596852907207
N(C3CCCCC3)C(=O)C(CCCCCCC)(CCCCCCC)N3CCN(C)CC3,0.0998000011469968
N(C3CCCCC3)C(=O)C(CCCCCCCC)(CCCCCCCC)N3CCN(C)CC3,0.10795340948175441
N(C3CCCCC3)C(=O)C5(CCCCCCCCCCC5)N3CCN(C)CC3,0.01261587350137898
N(C3CCCCC3)C(=O)C5(CCCCCCCCCCCCCC5)N3CCN(C)CC3,0.016802250228341763
N(C(C)(C)C)C(=O)C(CCCCCCC/C=C\CCCCCCCC)(CCCCCCC/C=C\CCCCCCCC)N3CCN(C)CC3,0.1375456253842921
N(C(C)(C)C)C(=O)C(CCCCCCCCC)(CCCCCCCCC)N3CCN(C)CC3,0.06650969322197116
N(C(C)(C)C)C(=O)C(CCCCCCCCCC)(CCCCCCCCCC)N3CCN(C)CC3,0.07525461544526557
N(C(C)(C)C)C(=O)C(CCCCC)(CCCCC)N3CCN(C)CC3,0.026959142823305596
N(C(C)(C)C)C(=O)C(CCCCCC)(CCCCCC)N3CCN(C)CC3,0.039487032395602514
N(C(C)(C)C)C(=O)C(CCCCCCC)(CCCCCCC)N3CCN(C)CC3,0.050568406692499096
N(C(C)(C)C)C(=O)C(CCCCCCCC)(CCCCCCCC)N3CCN(C)CC3,0.05748127749523281
N(C(C)(C)C)C(=O)C5(CCCCCCCCCCC5)N3CCN(C)CC3,-0.030647473033145228
N(C(C)(C)C)C(=O)C5(CCCCCCCCCCCCCC5)N3CCN(C)CC3,-0.024783565741962457
N(CCCC)C(=O)C(CCCCCCC/C=C\CCCCCCCC)(CCCCCCC/C=C\CCCCCCCC)N3CCN(C)CC3,0.21001946663512736
N(CCCC)C(=O)C(CCCCCCCCC)(CCCCCCCCC)N3CCN(C)CC3,0.16411070141193634
N(CCCC)C(=O)C(CCCCCCCCCC)(CCCCCCCCCC)N3CCN(C)CC3,0.16832669663896757
N(CCCC)C(=O)C(CCCCC)(CCCCC)N3CCN(C)CC3,0.12876554245680896
N(CCCC)C(=O)C(CCCCCC)(CCCCCC)N3CCN(C)CC3,0.14248372925548633
N(CCCC)C(=O)C(CCCCCCC)(CCCCCCC)N3CCN(C)CC3,0.15309418141691372
N(CCCC)C(=O)C(CCCCCCCC)(CCCCCCCC)N3CCN(C)CC3,0.15939222803085393
N(CCCC)C(=O)C5(CCCCCCCCCCC5)N3CCN(C)CC3,0.02911040417386333
N(CCCC)C(=O)C5(CCCCCCCCCCCCCC5)N3CCN(C)CC3,0.031847637208837556
N(CCCCC)C(=O)C(CCCCCCC/C=C\CCCCCCCC)(CCCCCCC/C=C\CCCCCCCC)N3CCN(C)CC3,0.21337901860105235
N(CCCCC)C(=O)C(CCCCCCCCC)(CCCCCCCCC)N3CCN(C)CC3,0.16927989566956705
N(CCCCC)C(=O)C(CCCCCCCCCC)(CCCCCCCCCC)N3CCN(C)CC3,0.1730063445521611
N(CCCCC)C(=O)C(CCCCC)(CCCCC)N3CCN(C)CC3,0.1358919458231698
N(CCCCC)C(=O)C(CCCCCC)(CCCCCC)N3CCN(C)CC3,0.1487867923902292
N(CCCCC)C(=O)C(CCCCCCC)(CCCCCCC)N3CCN(C)CC3,0.15888772224114897
N(CCCCC)C(=O)C(CCCCCCCC)(CCCCCCCC)N3CCN(C)CC3,0.164956435752886
N(CCCCC)C(=O)C5(CCCCCCCCCCC5)N3CCN(C)CC3,0.03505639316021543
N(CCCCC)C(=O)C5(CCCCCCCCCCCCCC5)N3CCN(C)CC3,0.03702910241705441
N(CC(=O)OC)C(=O)C(CCCCCCC/C=C\CCCCCCCC)(CCCCCCC/C=C\CCCCCCCC)N3CCN(C)CC3,0.2115144949709846
N(CC(=O)OC)C(=O)C(CCCCCCCCC)(CCCCCCCCC)N3CCN(C)CC3,0.167942857699947
N(CC(=O)OC)C(=O)C(CCCCCCCCCC)(CCCCCCCCCC)N3CCN(C)CC3,0.17196627259844002
N(CC(=O)OC)C(=O)C(CCCCC)(CCCCC)N3CCN(C)CC3,0.13510854250416943
N(CC(=O)OC)C(=O)C(CCCCCC)(CCCCCC)N3CCN(C)CC3,0.14794739628813805
N(CC(=O)OC)C(=O)C(CCCCCCC)(CCCCCCC)N3CCN(C)CC3,0.15759759024298614
N(CC(=O)OC)C(=O)C(CCCCCCCC)(CCCCCCCC)N3CCN(C)CC3,0.16345199017588125
N(CC(=O)OC)C(=O)C5(CCCCCCCCCCC5)N3CCN(C)CC3,0.03716916698215991
N(CC(=O)OC)C(=O)C5(CCCCCCCCCCCCCC5)N3CCN(C)CC3,0.039231490225133905
N(CC(=O)OCC)C(=O)C(CCCCCCC/C=C\CCCCCCCC)(CCCCCCC/C=C\CCCCCCCC)N3CCN(C)CC3,0.20842326678990863
N(CC(=O)OCC)C(=O)C(CCCCCCCCC)(CCCCCCCCC)N3CCN(C)CC3,0.16595640557923247
N(CC(=O)OCC)C(=O)C(CCCCCCCCCC)(CCCCCCCCCC)N3CCN(C)CC3,0.16997839362300618
N(CC(=O)OCC)C(=O)C(CCCCC)(CCCCC)N3CCN(C)CC3,0.13438982827228604
N(CC(=O)OCC)C(=O)C(CCCCCC)(CCCCCC)N3CCN(C)CC3,0.146837438492217
N(CC(=O)OCC)C(=O)C(CCCCCCC)(CCCCCCC)N3CCN(C)CC3,0.1562386838473521
N(CC(=O)OCC)C(=O)C(CCCCCCCC)(CCCCCCCC)N3CCN(C)CC3,0.16150395799592482
N(CC(=O)OCC)C(=O)C5(CCCCCCCCCCC5)N3CCN(C)CC3,0.038484997384793856
N(CC(=O)OCC)C(=O)C5(CCCCCCCCCCCCCC5)N3CCN(C)CC3,0.040252269601097415
N(CC(=O)OC(C)(C)C)C(=O)C(CCCCCCC/C=C\CCCCCCCC)(CCCCCCC/C=C\CCCCCCCC)N3CCN(C)CC3,0.14455751990454666
N(CC(=O)OC(C)(C)C)C(=O)C(CCCCCCCCC)(CCCCCCCCC)N3CCN(C)CC3,0.08128050829589963
N(CC(=O)OC(C)(C)C)C(=O)C(CCCCCCCCCC)(CCCCCCCCCC)N3CCN(C)CC3,0.08877211137278969
N(CC(=O)OC(C)(C)C)C(=O)C(CCCCC)(CCCCC)N3CCN(C)CC3,0.04087468615895003
N(CC(=O)OC(C)(C)C)C(=O)C(CCCCCC)(CCCCCC)N3CCN(C)CC3,0.052121575603287784
N(CC(=O)OC(C)(C)C)C(=O)C(CCCCCCC)(CCCCCCC)N3CCN(C)CC3,0.06326826980728253
N(CC(=O)OC(C)(C)C)C(=O)C(CCCCCCCC)(CCCCCCCC)N3CCN(C)CC3,0.07345460066803444
N(CC(=O)OC(C)(C)C)C(=O)C5(CCCCCCCCCCC5)N3CCN(C)CC3,-0.014090611338711615
N(CC(=O)OC(C)(C)C)C(=O)C5(CCCCCCCCCCCCCC5)N3CCN(C)CC3,-0.009204609724697516
N(C(C)C(=O)OC(C)(C)C)C(=O)C(CCCCCCC/C=C\CCCCCCCC)(CCCCCCC/C=C\CCCCCCCC)N3CCN(C)CC3,0.1352191162351551
N(C(C)C(=O)OC(C)(C)C)C(=O)C(CCCCCCCCC)(CCCCCCCCC)N3CCN(C)CC3,0.07076422854594737
N(C(C)C(=O)OC(C)(C)C)C(=O)C(CCCCCCCCCC)(CCCCCCCCCC)N3CCN(C)CC3,0.07848875439112399
N(C(C)C(=O)OC(C)(C)C)C(=O)C(CCCCC)(CCCCC)N3CCN(C)CC3,0.03195864650600069
N(C(C)C(=O)OC(C)(C)C)C(=O)C(CCCCCC)(CCCCCC)N3CCN(C)CC3,0.04352507630984942
N(C(C)C(=O)OC(C)(C)C)C(=O)C(CCCCCCC)(CCCCCCC)N3CCN(C)CC3,0.05310370974564277
N(C(C)C(=O)OC(C)(C)C)C(=O)C(CCCCCCCC)(CCCCCCCC)N3CCN(C)CC3,0.062364680262345304
N(C(C)C(=O)OC(C)(C)C)C(=O)C5(CCCCCCCCCCC5)N3CCN(C)CC3,-0.014410812557250482
N(C(C)C(=O)OC(C)(C)C)C(=O)C5(CCCCCCCCCCCCCC5)N3CCN(C)CC3,-0.00959492207828678
N(CCC(=O)OCC)C(=O)C(CCCCCCC/C=C\CCCCCCCC)(CCCCCCC/C=C\CCCCCCCC)N3CCN(C)CC3,0.19489809588594692
N(CCC(=O)OCC)C(=O)C(CCCCCCCCC)(CCCCCCCCC)N3CCN(C)CC3,0.1500997390443778
N(CCC(=O)OCC)C(=O)C(CCCCCCCCCC)(CCCCCCCCCC)N3CCN(C)CC3,0.15481773180071265
N(CCC(=O)OCC)C(=O)C(CCCCC)(CCCCC)N3CCN(C)CC3,0.11637207761859539
N(CCC(=O)OCC)C(=O)C(CCCCCC)(CCCCCC)N3CCN(C)CC3,0.12967818877433301
N(CCC(=O)OCC)C(=O)C(CCCCCCC)(CCCCCCC)N3CCN(C)CC3,0.13987799214754
N(CCC(=O)OCC)C(=O)C(CCCCCCCC)(CCCCCCCC)N3CCN(C)CC3,0.14582570837907866
N(CCC(=O)OCC)C(=O)C5(CCCCCCCCCCC5)N3CCN(C)CC3,0.02548152211502408
N(CCC(=O)OCC)C(=O)C5(CCCCCCCCCCCCCC5)N3CCN(C)CC3,0.028229554187295062
N(CS(=O)(=O)c3ccc(C)cc3)C(=O)C(CCCCCCC/C=C\CCCCCCCC)(CCCCCCC/C=C\CCCCCCCC)N3CCN(C)CC3,0.11917408985782676
N(CS(=O)(=O)c3ccc(C)cc3)C(=O)C(CCCCCCCCC)(CCCCCCCCC)N3CCN(C)CC3,0.06457920384530069
N(CS(=O)(=O)c3ccc(C)cc3)C(=O)C(CCCCCCCCCC)(CCCCCCCCCC)N3CCN(C)CC3,0.06960874657471833
N(CS(=O)(=O)c3ccc(C)cc3)C(=O)C(CCCCC)(CCCCC)N3CCN(C)CC3,0.0342956618117289
N(CS(=O)(=O)c3ccc(C)cc3)C(=O)C(CCCCCC)(CCCCCC)N3CCN(C)CC3,0.045136445873663014
N(CS(=O)(=O)c3ccc(C)cc3)C(=O)C(CCCCCCC)(CCCCCCC)N3CCN(C)CC3,0.05417696733623055
N(CS(=O)(=O)c3ccc(C)cc3)C(=O)C(CCCCCCCC)(CCCCCCCC)N3CCN(C)CC3,0.05998761539757427
N(CS(=O)(=O)c3ccc(C)cc3)C(=O)C5(CCCCCCCCCCC5)N3CCN(C)CC3,-0.017915378021228518
N(CS(=O)(=O)c3ccc(C)cc3)C(=O)C5(CCCCCCCCCCCCCC5)N3CCN(C)CC3,-0.015300974648302735
N(C3CCCCC3)C(=O)C(CCCCCCC/C=C\CCCCCCCC)(CCCCCCC/C=C\CCCCCCCC)N(C)CCN(CC)CC,0.18806655580221446
N(C3CCCCC3)C(=O)C(CCCCCCCCC)(CCCCCCCCC)N(C)CCN(CC)CC,0.14400310423871218
N(C3CCCCC3)C(=O)C(CCCCCCCCCC)(CCCCCCCCCC)N(C)CCN(CC)CC,0.14818179096971398
N(C3CCCCC3)C(=O)C(CCCCC)(CCCCC)N(C)CCN(CC)CC,0.10613836016163866
N(C3CCCCC3)C(=O)C(CCCCCC)(CCCCCC)N(C)CCN(CC)CC,0.12422593657943587
N(C3CCCCC3)C(=O)C(CCCCCCC)(CCCCCCC)N(C)CCN(CC)CC,0.13370182896567648
N(C3CCCCC3)C(=O)C(CCCCCCCC)(CCCCCCCC)N(C)CCN(CC)CC,0.13968237787528284
N(C3CCCCC3)C(=O)C5(CCCCCCCCCCC5)N(C)CCN(CC)CC,0.023867058529398053
N(C3CCCCC3)C(=O)C5(CCCCCCCCCCCCCC5)N(C)CCN(CC)CC,0.026638641214299506
N(C(C)(C)C)C(=O)C(CCCCCCC/C=C\CCCCCCCC)(CCCCCCC/C=C\CCCCCCCC)N(C)CCN(CC)CC,0.1602961179662584
N(C(C)(C)C)C(=O)C(CCCCCCCCC)(CCCCCCCCC)N(C)CCN(CC)CC,0.10061036451043064
N(C(C)(C)C)C(=O)C(CCCCCCCCCC)(CCCCCCCCCC)N(C)CCN(CC)CC,0.1075525684422889
N(C(C)(C)C)C(=O)C(CCCCC)(CCCCC)N(C)CCN(CC)CC,0.05415483606855773
N(C(C)(C)C)C(=O)C(CCCCCC)(CCCCCC)N(C)CCN(CC)CC,0.07167480216924758
N(C(C)(C)C)C(=O)C(CCCCCCC)(CCCCCCC)N(C)CCN(CC)CC,0.08379599308796809
N(C(C)(C)C)C(=O)C(CCCCCCCC)(CCCCCCCC)N(C)CCN(CC)CC,0.09301780019750612
N(C(C)(C)C)C(=O)C5(CCCCCCCCCCC5)N(C)CCN(CC)CC,-0.021821205071326184
N(C(C)(C)C)C(=O)C5(CCCCCCCCCCCCCC5)N(C)CCN(CC)CC,-0.01676770620214733
N(CCCC)C(=O)C(CCCCCCC/C=C\CCCCCCCC)(CCCCCCC/C=C\CCCCCCCC)N(C)CCN(CC)CC,0.23356842711802536
N(CCCC)C(=O)C(CCCCCCCCC)(CCCCCCCCC)N(C)CCN(CC)CC,0.1990065363061881
N(CCCC)C(=O)C(CCCCCCCCCC)(CCCCCCCCCC)N(C)CCN(CC)CC,0.20122852459225402
N(CCCC)C(=O)C(CCCCC)(CCCCC)N(C)CCN(CC)CC,0.16505850843364916
N(CCCC)C(=O)C(CCCCCC)(CCCCCC)N(C)CCN(CC)CC,0.18388632206030645
N(CCCC)C(=O)C(CCCCCCC)(CCCCCCC)N(C)CCN(CC)CC,0.1919751464446106
N(CCCC)C(=O)C(CCCCCCCC)(CCCCCCCC)N(C)CCN(CC)CC,0.19647998212540235
N(CCCC)C(=O)C5(CCCCCCCCCCC5)N(C)CCN(CC)CC,0.04268405809923523
N(CCCC)C(=O)C5(CCCCCCCCCCCCCC5)N(C)CCN(CC)CC,0.04375587381558034
N(CCCCC)C(=O)C(CCCCCCC/C=C\CCCCCCCC)(CCCCCCC/C=C\CCCCCCCC)N(C)CCN(CC)CC,0.23723994960368727
N(CCCCC)C(=O)C(CCCCCCCCC)(CCCCCCCCC)N(C)CCN(CC)CC,0.20383698023392874
N(CCCCC)C(=O)C(CCCCCCCCCC)(CCCCCCCCCC)N(C)CCN(CC)CC,0.2057462620436131
N(CCCCC)C(=O)C(CCCCC)(CCCCC)N(C)CCN(CC)CC,0.17205174870588902
N(CCCCC)C(=O)C(CCCCCC)(CCCCCC)N(C)CCN(CC)CC,0.19016880844804437
N(CCCCC)C(=O)C(CCCCCCC)(CCCCCCC)N(C)CCN(CC)CC,0.197680597764332
N(CCCCC)C(=O)C(CCCCCCCC)(CCCCCCCC)N(C)CCN(CC)CC,0.20170579998610502
N(CCCCC)C(=O)C5(CCCCCCCCCCC5)N(C)CCN(CC)CC,0.04744072612822535
N(CCCCC)C(=O)C5(CCCCCCCCCCCCCC5)N(C)CCN(CC)CC,0.04799752989827426
N(CC(=O)OC)C(=O)C(CCCCCCC/C=C\CCCCCCCC)(CCCCCCC/C=C\CCCCCCCC)N(C)CCN(CC)CC,0.23343886870951108
N(CC(=O)OC)C(=O)C(CCCCCCCCC)(CCCCCCCCC)N(C)CCN(CC)CC,0.20025287137422942
N(CC(=O)OC)C(=O)C(CCCCCCCCCC)(CCCCCCCCCC)N(C)CCN(CC)CC,0.2024169894367844
N(CC(=O)OC)C(=O)C(CCCCC)(CCCCC)N(C)CCN(CC)CC,0.16767457897366803
N(CC(=O)OC)C(=O)C(CCCCCC)(CCCCCC)N(C)CCN(CC)CC,0.18600644793893628
N(CC(=O)OC)C(=O)C(CCCCCCC)(CCCCCCC)N(C)CCN(CC)CC,0.19371548865552743
N(CC(=O)OC)C(=O)C(CCCCCCCC)(CCCCCCCC)N(C)CCN(CC)CC,0.19787069987151557
N(CC(=O)OC)C(=O)C5(CCCCCCCCCCC5)N(C)CCN(CC)CC,0.04387545175082107
N(CC(=O)OC)C(=O)C5(CCCCCCCCCCCCCC5)N(C)CCN(CC)CC,0.044715621358365334
N(CC(=O)OCC)C(=O)C(CCCCCCC/C=C\CCCCCCCC)(CCCCCCC/C=C\CCCCCCCC)N(C)CCN(CC)CC,0.2298392296626562
N(CC(=O)OCC)C(=O)C(CCCCCCCCC)(CCCCCCCCC)N(C)CCN(CC)CC,0.1974508441154747
N(CC(=O)OCC)C(=O)C(CCCCCCCCCC)(CCCCCCCCCC)N(C)CCN(CC)CC,0.19970321689730047
N(CC(=O)OCC)C(=O)C(CCCCC)(CCCCC)N(C)CCN(CC)CC,0.1657543929900234
N(CC(=O)OCC)C(=O)C(CCCCCC)(CCCCCC)N(C)CCN(CC)CC,0.18307601877496604
N(CC(=O)OCC)C(=O)C(CCCCCCC)(CCCCCCC)N(C)CCN(CC)CC,0.1907325512378862
N(CC(=O)OCC)C(=O)C(CCCCCCCC)(CCCCCCCC)N(C)CCN(CC)CC,0.19497682822740667
N(CC(=O)OCC)C(=O)C5(CCCCCCCCCCC5)N(C)CCN(CC)CC,0.04463869886947061
N(CC(=O)OCC)C(=O)C5(CCCCCCCCCCCCCC5)N(C)CCN(CC)CC,0.04540244163239107
N(CC(=O)OC(C)(C)C)C(=O)C(CCCCCCC/C=C\CCCCCCCC)(CCCCCCC/C=C\CCCCCCCC)N(C)CCN(CC)CC,0.16531723474307036
N(CC(=O)OC(C)(C)C)C(=O)C(CCCCCCCCC)(CCCCCCCCC)N(C)CCN(CC)CC,0.11340534626666098
N(CC(=O)OC(C)(C)C)C(=O)C(CCCCCCCCCC)(CCCCCCCCCC)N(C)CCN(CC)CC,0.11901755638535563
N(CC(=O)OC(C)(C)C)C(=O)C(CCCCC)(CCCCC)N(C)CCN(CC)CC,0.06737386402784673
N(CC(=O)OC(C)(C)C)C(=O)C(CCCCCC)(CCCCCC)N(C)CCN(CC)CC,0.08702206654978151
N(CC(=O)OC(C)(C)C)C(=O)C(CCCCCCC)(CCCCCCC)N(C)CCN(CC)CC,0.09890006134623637
N(CC(=O)OC(C)(C)C)C(=O)C(CCCCCCCC)(CCCCCCCC)N(C)CCN(CC)CC,0.10722511279396654
N(CC(=O)OC(C)(C)C)C(=O)C5(CCCCCCCCCCC5)N(C)CCN(CC)CC,-0.0051458613974971045
N(CC(=O)OC(C)(C)C)C(=O)C5(CCCCCCCCCCCCCC5)N(C)CCN(CC)CC,-0.0020900417427453435
N(C(C)C(=O)OC(C)(C)C)C(=O)C(CCCCCCC/C=C\CCCCCCCC)(CCCCCCC/C=C\CCCCCCCC)N(C)CCN(CC)CC,0.1569555957364321
N(C(C)C(=O)OC(C)(C)C)C(=O)C(CCCCCCCCC)(CCCCCCCCC)N(C)CCN(CC)CC,0.1029422806879777
N(C(C)C(=O)OC(C)(C)C)C(=O)C(CCCCCCCCCC)(CCCCCCCCCC)N(C)CCN(CC)CC,0.10890429550575628
N(C(C)C(=O)OC(C)(C)C)C(=O)C(CCCCC)(CCCCC)N(C)CCN(CC)CC,0.058929940562473804
N(C(C)C(=O)OC(C)(C)C)C(=O)C(CCCCCC)(CCCCCC)N(C)CCN(CC)CC,0.07564024170756613
N(C(C)C(=O)OC(C)(C)C)C(=O)C(CCCCCCC)(CCCCCCC)N(C)CCN(CC)CC,0.08779479098767201
N(C(C)C(=O)OC(C)(C)C)C(=O)C(CCCCCCCC)(CCCCCCCC)N(C)CCN(CC)CC,0.09632226055174199
N(C(C)C(=O)OC(C)(C)C)C(=O)C5(CCCCCCCCCCC5)N(C)CCN(CC)CC,-0.004092159226325689
N(C(C)C(=O)OC(C)(C)C)C(=O)C5(CCCCCCCCCCCCCC5)N(C)CCN(CC)CC,-0.0010886300421561815
N(CCC(=O)OCC)C(=O)C(CCCCCCC/C=C\CCCCCCCC)(CCCCCCC/C=C\CCCCCCCC)N(C)CCN(CC)CC,0.21627389655322646
N(CCC(=O)OCC)C(=O)C(CCCCCCCCC)(CCCCCCCCC)N(C)CCN(CC)CC,0.18187845209927872
N(CCC(=O)OCC)C(=O)C(CCCCCCCCCC)(CCCCCCCCCC)N(C)CCN(CC)CC,0.18485010985487563
N(CCC(=O)OCC)C(=O)C(CCCCC)(CCCCC)N(C)CCN(CC)CC,0.14853547070582512
N(CCC(=O)OCC)C(=O)C(CCCCCC)(CCCCCC)N(C)CCN(CC)CC,0.16532444411428376
N(CCC(=O)OCC)C(=O)C(CCCCCCC)(CCCCCCC)N(C)CCN(CC)CC,0.1736446592754916
N(CCC(=O)OCC)C(=O)C(CCCCCCCC)(CCCCCCCC)N(C)CCN(CC)CC,0.17868964207492463
N(CCC(=O)OCC)C(=O)C5(CCCCCCCCCCC5)N(C)CCN(CC)CC,0.03348776915988799
N(CCC(=O)OCC)C(=O)C5(CCCCCCCCCCCCCC5)N(C)CCN(CC)CC,0.03521067370418238
N(CS(=O)(=O)c3ccc(C)cc3)C(=O)C(CCCCCCC/C=C\CCCCCCCC)(CCCCCCC/C=C\CCCCCCCC)N(C)CCN(CC)CC,0.13884470901837823
N(CS(=O)(=O)c3ccc(C)cc3)C(=O)C(CCCCCCCCC)(CCCCCCCCC)N(C)CCN(CC)CC,0.08973848252537701
N(CS(=O)(=O)c3ccc(C)cc3)C(=O)C(CCCCCCCCCC)(CCCCCCCCCC)N(C)CCN(CC)CC,0.09533435140265462
N(CS(=O)(=O)c3ccc(C)cc3)C(=O)C(CCCCC)(CCCCC)N(C)CCN(CC)CC,0.057351598930531614
N(CS(=O)(=O)c3ccc(C)cc3)C(=O)C(CCCCCC)(CCCCCC)N(C)CCN(CC)CC,0.07079985485536029
N(CS(=O)(=O)c3ccc(C)cc3)C(=O)C(CCCCCCC)(CCCCCCC)N(C)CCN(CC)CC,0.07896302588030274
N(CS(=O)(=O)c3ccc(C)cc3)C(=O)C(CCCCCCCC)(CCCCCCCC)N(C)CCN(CC)CC,0.08460476438192564
N(CS(=O)(=O)c3ccc(C)cc3)C(=O)C5(CCCCCCCCCCC5)N(C)CCN(CC)CC,-0.010016204689046977
N(CS(=O)(=O)c3ccc(C)cc3)C(=O)C5(CCCCCCCCCCCCCC5)N(C)CCN(CC)CC,-0.007823234122115004
CN(C)CCNC(=O)CCC(SCCCCCCCCCC)CSCCCCCCCCCC,0.18606350710818573
CN(C)CCNC(=O)CCC(SCCCCCCCCCCC)CSCCCCCCCCCCC,0.19025075496750346
CN(C)CCNC(=O)CCC(SCCCCCCCCCCCC)CSCCCCCCCCCCCC,0.19473289614849632
CN(C)CCNC(=O)CCC(SCCCCCCCCCCCCCCCC)CSCCCCCCCCCCCCCCCC,0.2089799353842473
CN(C)CCNC(=O)CCC(SCCCCCC)CSCCCCCC,0.14801956509788894
CN(C)CCNC(=O)CCC(SCCCCCCC)CSCCCCCCC,0.1608611524351093
CN(C)CCNC(=O)CCC(SCCCCCCCC)CSCCCCCCCC,0.17622971449976949
CN(C)CCNC(=O)CCC(SCCCCCCCCC)CSCCCCCCCCC,0.18279172923678397
C1COCCN1CCNC(=O)CCC(SCCCCCCCCCC)CSCCCCCCCCCC,-0.19899557293167083
C1COCCN1CCNC(=O)CCC(SCCCCCCCCCCC)CSCCCCCCCCCCC,-0.18006076022058787
C1COCCN1CCNC(=O)CCC(SCCCCCCCCCCCC)CSCCCCCCCCCCCC,-0.16515877964914547
C1COCCN1CCNC(=O)CCC(SCCCCCCCCCCCCCCCC)CSCCCCCCCCCCCCCCCC,-0.13600223506074807
C1COCCN1CCNC(=O)CCC(SCCCCCC)CSCCCCCC,-0.30199258520154526
C1COCCN1CCNC(=O)CCC(SCCCCCCC)CSCCCCCCC,-0.2743772089247709
C1COCCN1CCNC(=O)CCC(SCCCCCCCC)CSCCCCCCCC,-0.24514705365237993
C1COCCN1CCNC(=O)CCC(SCCCCCCCCC)CSCCCCCCCCC,-0.2208682945293579
C1CCCN1CCNC(=O)CCC(SCCCCCCCCCC)CSCCCCCCCCCC,0.20572320707525354
C1CCCN1CCNC(=O)CCC(SCCCCCCCCCCC)CSCCCCCCCCCCC,0.20927089359080178
C1CCCN1CCNC(=O)CCC(SCCCCCCCCCCCC)CSCCCCCCCCCCCC,0.21247796735556318
C1CCCN1CCNC(=O)CCC(SCCCCCCCCCCCCCCCC)CSCCCCCCCCCCCCCCCC,0.22384592917771612
C1CCCN1CCNC(=O)CCC(SCCCCCC)CSCCCCCC,0.17201170665660787
C1CCCN1CCNC(=O)CCC(SCCCCCCC)CSCCCCCCC,0.18268277761432133
C1CCCN1CCNC(=O)CCC(SCCCCCCCC)CSCCCCCCCC,0.19578507383804658
C1CCCN1CCNC(=O)CCC(SCCCCCCCCC)CSCCCCCCCCC,0.20179252271399298
CCN(CC)CCNC(=O)CCC(SCCCCCCCCCC)CSCCCCCCCCCC,0.20578277450490434
CCN(CC)CCNC(=O)CCC(SCCCCCCCCCCC)CSCCCCCCCCCCC,0.20955827715079628
CCN(CC)CCNC(=O)CCC(SCCCCCCCCCCCC)CSCCCCCCCCCCCC,0.2129781174834934
CCN(CC)CCNC(=O)CCC(SCCCCCCCCCCCCCCCC)CSCCCCCCCCCCCCCCCC,0.2243202757645117
CCN(CC)CCNC(=O)CCC(SCCCCCC)CSCCCCCC,0.17138476171246184
CCN(CC)CCNC(=O)CCC(SCCCCCCC)CSCCCCCCC,0.1825228046710005
CCN(CC)CCNC(=O)CCC(SCCCCCCCC)CSCCCCCCCC,0.19596276981893374
CCN(CC)CCNC(=O)CCC(SCCCCCCCCC)CSCCCCCCCCC,0.2015631896117898
CCN(CC)CCCNC(=O)CCC(SCCCCCCCCCC)CSCCCCCCCCCC,0.23731297452626973
CCN(CC)CCCNC(=O)CCC(SCCCCCCCCCCC)CSCCCCCCCCCCC,0.2397141156869889
CCN(CC)CCCNC(=O)CCC(SCCCCCCCCCCCC)CSCCCCCCCCCCCC,0.24186931215266727
CCN(CC)CCCNC(=O)CCC(SCCCCCCCCCCCCCCCC)CSCCCCCCCCCCCCCCCC,0.24874828389117462
CCN(CC)CCCNC(=O)CCC(SCCCCCC)CSCCCCCC,0.20727582026367788
CCN(CC)CCCNC(=O)CCC(SCCCCCCC)CSCCCCCCC,0.2162695408914517
CCN(CC)CCCNC(=O)CCC(SCCCCCCCC)CSCCCCCCCC,0.2287769288143605
CCN(CC)CCCNC(=O)CCC(SCCCCCCCCC)CSCCCCCCCCC,0.23480175527883587
CN(C)CCCNC(=O)CCC(SCCCCCCCCCC)CSCCCCCCCCCC,0.21508709887578917
CN(C)CCCNC(=O)CCC(SCCCCCCCCCCC)CSCCCCCCCCCCC,0.21853175146107912
CN(C)CCCNC(=O)CCC(SCCCCCCCCCCCC)CSCCCCCCCCCCCC,0.2217338387440846
CN(C)CCCNC(=O)CCC(SCCCCCCCCCCCCCCCC)CSCCCCCCCCCCCCCCCC,0.23203798274608228
CN(C)CCCNC(=O)CCC(SCCCCCC)CSCCCCCC,0.18239919399373725
CN(C)CCCNC(=O)CCC(SCCCCCCC)CSCCCCCCC,0.19336093778706134
CN(C)CCCNC(=O)CCC(SCCCCCCCC)CSCCCCCCCC,0.20687924476884695
CN(C)CCCNC(=O)CCC(SCCCCCCCCC)CSCCCCCCCCC,0.21187724649920592
C1CN(CCN(C)C)CCN1C(=O)CCC(SCCCCCCCCCC)CSCCCCCCCCCC,0.19134306482347502
C1CN(CCN(C)C)CCN1C(=O)CCC(SCCCCCCCCCCC)CSCCCCCCCCCCC,0.19516421180086185
C1CN(CCN(C)C)CCN1C(=O)CCC(SCCCCCCCCCCCC)CSCCCCCCCCCCCC,0.19874611279062707
C1CN(CCN(C)C)CCN1C(=O)CCC(SCCCCCCCCCCCCCCCC)CSCCCCCCCCCCCCCCCC,0.2106877903661337
C1CN(CCN(C)C)CCN1C(=O)CCC(SCCCCCC)CSCCCCCC,0.16093527378289713
C1CN(CCN(C)C)CCN1C(=O)CCC(SCCCCCCC)CSCCCCCCC,0.17101579210156892
C1CN(CCN(C)C)CCN1C(=O)CCC(SCCCCCCCC)CSCCCCCCCC,0.18377160294087308
C1CN(CCN(C)C)CCN1C(=O)CCC(SCCCCCCCCC)CSCCCCCCCCC,0.1889778203235893
CN(C)CCNC(=O)CCCC(SCCCCCCCCCC)CSCCCCCCCCCC,0.18471849377166083
CN(C)CCNC(=O)CCCC(SCCCCCCCCCCC)CSCCCCCCCCCCC,0.18907920210627785
CN(C)CCNC(=O)CCCC(SCCCCCCCCCCCC)CSCCCCCCCCCCCC,0.19349666921967712
CN(C)CCNC(=O)CCCC(SCCCCCCCCCCCCCCCC)CSCCCCCCCCCCCCCCCC,0.20771611759101344
CN(C)CCNC(=O)CCCC(SCCCCCC)CSCCCCCC,0.14721573522711726
CN(C)CCNC(=O)CCCC(SCCCCCCC)CSCCCCCCC,0.15973338148448177
CN(C)CCNC(=O)CCCC(SCCCCCCCC)CSCCCCCCCC,0.17496646744842334
CN(C)CCNC(=O)CCCC(SCCCCCCCCC)CSCCCCCCCCC,0.18140303912632452
C1COCCN1CCNC(=O)CCCC(SCCCCCCCCCC)CSCCCCCCCCCC,-0.19066368760081126
C1COCCN1CCNC(=O)CCCC(SCCCCCCCCCCC)CSCCCCCCCCCCC,-0.17350712637760896
C1COCCN1CCNC(=O)CCCC(SCCCCCCCCCCCC)CSCCCCCCCCCCCC,-0.16258533451642584
C1COCCN1CCNC(=O)CCCC(SCCCCCCCCCCCCCCCC)CSCCCCCCCCCCCCCCCC,-0.13440103371425005
C1COCCN1CCNC(=O)CCCC(SCCCCCC)CSCCCCCC,-0.2914925866149166
C1COCCN1CCNC(=O)CCCC(SCCCCCCC)CSCCCCCCC,-0.26480106122009384
C1COCCN1CCNC(=O)CCCC(SCCCCCCCC)CSCCCCCCCC,-0.23569158781791066
C1COCCN1CCNC(=O)CCCC(SCCCCCCCCC)CSCCCCCCCCC,-0.21156263342089393
C1CCCN1CCNC(=O)CCCC(SCCCCCCCCCC)CSCCCCCCCCCC,0.20447380802444648
C1CCCN1CCNC(=O)CCCC(SCCCCCCCCCCC)CSCCCCCCCCCCC,0.2080111911469689
C1CCCN1CCNC(=O)CCCC(SCCCCCCCCCCCC)CSCCCCCCCCCCCC,0.21126252744707597
C1CCCN1CCNC(=O)CCCC(SCCCCCCCCCCCCCCCC)CSCCCCCCCCCCCCCCCC,0.22265693864986807
C1CCCN1CCNC(=O)CCCC(SCCCCCC)CSCCCCCC,0.17076166176629629
C1CCCN1CCNC(=O)CCCC(SCCCCCCC)CSCCCCCCC,0.18143447498871965
C1CCCN1CCNC(=O)CCCC(SCCCCCCCC)CSCCCCCCCC,0.1942885886084233
C1CCCN1CCNC(=O)CCCC(SCCCCCCCCC)CSCCCCCCCCC,0.20058185901393463
CCN(CC)CCNC(=O)CCCC(SCCCCCCCCCC)CSCCCCCCCCCC,0.20486676381414734
CCN(CC)CCNC(=O)CCCC(SCCCCCCCCCCC)CSCCCCCCCCCCC,0.20858655904789233
CCN(CC)CCNC(=O)CCCC(SCCCCCCCCCCCC)CSCCCCCCCCCCCC,0.21204800346030017
CCN(CC)CCNC(=O)CCCC(SCCCCCCCCCCCCCCCC)CSCCCCCCCCCCCCCCCC,0.2233178577558573
CCN(CC)CCNC(=O)CCCC(SCCCCCC)CSCCCCCC,0.17082704175148788
CCN(CC)CCNC(=O)CCCC(SCCCCCCC)CSCCCCCCC,0.18171494956796796
CCN(CC)CCNC(=O)CCCC(SCCCCCCCC)CSCCCCCCCC,0.1948152331755628
CCN(CC)CCNC(=O)CCCC(SCCCCCCCCC)CSCCCCCCCCC,0.2007154276351864
CCN(CC)CCCNC(=O)CCCC(SCCCCCCCCCC)CSCCCCCCCCCC,0.23555396304781487
CCN(CC)CCCNC(=O)CCCC(SCCCCCCCCCCC)CSCCCCCCCCCCC,0.23798286028770566
CCN(CC)CCCNC(=O)CCCC(SCCCCCCCCCCCC)CSCCCCCCCCCCCC,0.24016093148746323
CCN(CC)CCCNC(=O)CCCC(SCCCCCCCCCCCCCCCC)CSCCCCCCCCCCCCCCCC,0.2471639344498879
CCN(CC)CCCNC(=O)CCCC(SCCCCCC)CSCCCCCC,0.20530079800024126
CCN(CC)CCCNC(=O)CCCC(SCCCCCCC)CSCCCCCCC,0.2142617460280408
CCN(CC)CCCNC(=O)CCCC(SCCCCCCCC)CSCCCCCCCC,0.22700375392537595
CCN(CC)CCCNC(=O)CCCC(SCCCCCCCCC)CSCCCCCCCCC,0.23293376213887165
CN(C)CCCNC(=O)CCCC(SCCCCCCCCCC)CSCCCCCCCCCC,0.21373194736099543
CN(C)CCCNC(=O)CCCC(SCCCCCCCCCCC)CSCCCCCCCCCCC,0.21716650682658659
CN(C)CCCNC(=O)CCCC(SCCCCCCCCCCCC)CSCCCCCCCCCCCC,0.22039939915200601
CN(C)CCCNC(=O)CCCC(SCCCCCCCCCCCCCCCC)CSCCCCCCCCCCCCCCCC,0.2307268234152137
CN(C)CCCNC(=O)CCCC(SCCCCCC)CSCCCCCC,0.1813045110530746
CN(C)CCCNC(=O)CCCC(SCCCCCCC)CSCCCCCCC,0.19196562406679957
CN(C)CCCNC(=O)CCCC(SCCCCCCCC)CSCCCCCCCC,0.20529644233846647
CN(C)CCCNC(=O)CCCC(SCCCCCCCCC)CSCCCCCCCCC,0.21024394843128488
C1CN(CCN(C)C)CCN1C(=O)CCCC(SCCCCCCCCCC)CSCCCCCCCCCC,0.1902414729020662
C1CN(CCN(C)C)CCN1C(=O)CCCC(SCCCCCCCCCCC)CSCCCCCCCCCCC,0.19411287520461984
C1CN(CCN(C)C)CCN1C(=O)CCCC(SCCCCCCCCCCCC)CSCCCCCCCCCCCC,0.19772547610013547
C1CN(CCN(C)C)CCN1C(=O)CCCC(SCCCCCCCCCCCCCCCC)CSCCCCCCCCCCCCCCCC,0.20961327864534524
C1CN(CCN(C)C)CCN1C(=O)CCCC(SCCCCCC)CSCCCCCC,0.16010855415852288
C1CN(CCN(C)C)CCN1C(=O)CCCC(SCCCCCCC)CSCCCCCCC,0.17006469580424002
C1CN(CCN(C)C)CCN1C(=O)CCCC(SCCCCCCCC)CSCCCCCCCC,0.18269594973630918
C1CN(CCN(C)C)CCN1C(=O)CCCC(SCCCCCCCCC)CSCCCCCCCCC,0.18780442006099027
N(CCCCCCCCCC)(CCCCCCCCCC)CCOP(=O)([O-])OCCCCCCCCCC,0.185714708717167
N(CCCCCCCCCC)(CCCCCCCCCC)CCOP(=O)([O-])OCCCCCCCCCCC,0.18712409573081829
N(CCCCCCCCCC)(CCCCCCCCCC)CCOP(=O)([O-])OCCCCCCCCCCCC,0.18846457317128806
N(CCCCCCCCCC)(CCCCCCCCCC)CCOP(=O)([O-])OCCCCCCCCCCCCC,0.18975662766844112
N(CCCCCCCCCC)(CCCCCCCCCC)CCOP(=O)([O-])OCCCCCCCCCCCCCC,0.19110153586830247
N(CCCCCCCCCC)(CCCCCCCCCC)CCOP(=O)([O-])OCCCCCCCCCCCCCCC,0.1923839478314576
N(CCCCCCCCCC)(CCCCCCCCCC)CCOP(=O)([O-])OCCCCCCCCCCCCCCCC,0.1936082792977747
N(CCCCCCCCCC)(CCCCCCCCCC)CCOP(=O)([O-])OCCCC,0.11570898068171877
N(CCCCCCCCCC)(CCCCCCCCCC)CCOP(=O)([O-])OCCCCC,0.12794477056368575
N(CCCCCCCCCC)(CCCCCCCCCC)CCOP(=O)([O-])OCCCCCC,0.13397595028654297
N(CCCCCCCCCC)(CCCCCCCCCC)CCOP(=O)([O-])OCCCCCCC,0.152512565394272
N(CCCCCCCCCC)(CCCCCCCCCC)CCOP(=O)([O-])OCCCCCCCC,0.17044934579752208
N(CCCCCCCCCC)(CCCCCCCCCC)CCOP(=O)([O-])OCCCCCCCCC,0.18423249203473693
N(CCCCCCCCCCC)(CCCCCCCCCCC)CCOP(=O)([O-])OCCCCCCCCCC,0.1884645881908114
N(CCCCCCCCCCC)(CCCCCCCCCCC)CCOP(=O)([O-])OCCCCCCCCCCC,0.18975665770748784
N(CCCCCCCCCCC)(CCCCCCCCCCC)CCOP(=O)([O-])OCCCCCCCCCCCC,0.19110150582925575
N(CCCCCCCCCCC)(CCCCCCCCCCC)CCOP(=O)([O-])OCCCCCCCCCCCCC,0.1923840980266912
N(CCCCCCCCCCC)(CCCCCCCCCCC)CCOP(=O)([O-])OCCCCCCCCCCCCCC,0.19360818918063452
N(CCCCCCCCCCC)(CCCCCCCCCCC)CCOP(=O)([O-])OCCCCCCCCCCCCCCC,0.1947780147966736
N(CCCCCCCCCCC)(CCCCCCCCCCC)CCOP(=O)([O-])OCCCCCCCCCCCCCCCC,0.1958968941894712
N(CCCCCCCCCCC)(CCCCCCCCCCC)CCOP(=O)([O-])OCCCC,0.1225111726168033
N(CCCCCCCCCCC)(CCCCCCCCCCC)CCOP(=O)([O-])OCCCCC,0.1337988400670669
N(CCCCCCCCCCC)(CCCCCCCCCCC)CCOP(=O)([O-])OCCCCCC,0.13932635509352737
N(CCCCCCCCCCC)(CCCCCCCCCCC)CCOP(=O)([O-])OCCCCCCC,0.1569508645865733
N(CCCCCCCCCCC)(CCCCCCCCCCC)CCOP(=O)([O-])OCCCCCCCC,0.17418413051558163
N(CCCCCCCCCCC)(CCCCCCCCCCC)CCOP(=O)([O-])OCCCCCCCCC,0.18712409573081829
N(CCCCCCCCCCCC)(CCCCCCCCCCCC)CCOP(=O)([O-])OCCCCCCCCCC,0.1911015208487791
N(CCCCCCCCCCCC)(CCCCCCCCCCCC)CCOP(=O)([O-])OCCCCCCCCCCC,0.19238403794859776
N(CCCCCCCCCCCC)(CCCCCCCCCCCC)CCOP(=O)([O-])OCCCCCCCCCCCC,0.1936082642782513
N(CCCCCCCCCCCC)(CCCCCCCCCCCC)CCOP(=O)([O-])OCCCCCCCCCCCCC,0.1947780147966736
N(CCCCCCCCCCCC)(CCCCCCCCCCCC)CCOP(=O)([O-])OCCCCCCCCCCCCCC,0.1958968941894712
N(CCCCCCCCCCCC)(CCCCCCCCCCCC)CCOP(=O)([O-])OCCCCCCCCCCCCCCC,0.19748872335339182
N(CCCCCCCCCCCC)(CCCCCCCCCCCC)CCOP(=O)([O-])OCCCCCCCCCCCCCCCC,0.19920148971941734
N(CCCCCCCCCCCC)(CCCCCCCCCCCC)CCOP(=O)([O-])OCCCC,0.12853569869081147
N(CCCCCCCCCCCC)(CCCCCCCCCCCC)CCOP(=O)([O-])OCCCCC,0.13905238396789446
N(CCCCCCCCCCCC)(CCCCCCCCCCCC)CCOP(=O)([O-])OCCCCCC,0.14421855930132954
N(CCCCCCCCCCCC)(CCCCCCCCCCCC)CCOP(=O)([O-])OCCCCCCC,0.1612008790340178
N(CCCCCCCCCCCC)(CCCCCCCCCCCC)CCOP(=O)([O-])OCCCCCCCC,0.17754820335803836
N(CCCCCCCCCCCC)(CCCCCCCCCCCC)CCOP(=O)([O-])OCCCCCCCCC,0.18975664268796447
N(CCCCCCCCCCCCC)(CCCCCCCCCCCCC)CCOP(=O)([O-])OCCCCCCCCCC,0.1936082792977747
N(CCCCCCCCCCCCC)(CCCCCCCCCCCCC)CCOP(=O)([O-])OCCCCCCCCCCC,0.19477792467953342
N(CCCCCCCCCCCCC)(CCCCCCCCCCCCC)CCOP(=O)([O-])OCCCCCCCCCCCC,0.19589687916994786
N(CCCCCCCCCCCCC)(CCCCCCCCCCCCC)CCOP(=O)([O-])OCCCCCCCCCCCCC,0.19748885852910206
N(CCCCCCCCCCCCC)(CCCCCCCCCCCCC)CCOP(=O)([O-])OCCCCCCCCCCCCCC,0.1992015047389407
N(CCCCCCCCCCCCC)(CCCCCCCCCCCCC)CCOP(=O)([O-])OCCCCCCCCCCCCCCC,0.2008441299308691
N(CCCCCCCCCCCCC)(CCCCCCCCCCCCC)CCOP(=O)([O-])OCCCCCCCCCCCCCCCC,0.20242127000094237
N(CCCCCCCCCCCCC)(CCCCCCCCCCCCC)CCOP(=O)([O-])OCCCC,0.13395304551341702
N(CCCCCCCCCCCCC)(CCCCCCCCCCCCC)CCOP(=O)([O-])OCCCCC,0.14391005829148912
N(CCCCCCCCCCCCC)(CCCCCCCCCCCCC)CCOP(=O)([O-])OCCCCCC,0.14890109096300846
N(CCCCCCCCCCCCC)(CCCCCCCCCCCCC)CCOP(=O)([O-])OCCCCCCC,0.16506723477672205
N(CCCCCCCCCCCCC)(CCCCCCCCCCCCC)CCOP(=O)([O-])OCCCCCCCC,0.1805830933069862
N(CCCCCCCCCCCCC)(CCCCCCCCCCCCC)CCOP(=O)([O-])OCCCCCCCCC,0.19238403794859776
[N+](CCCC)(CCCC)(CCCC)CCOP(=O)([O-])OCCCCCCCCCC,0.10240599358684027
[N+](CCCC)(CCCC)(CCCC)CCOP(=O)([O-])OCCCCCCCCCCC,0.10661115973752801
[N+](CCCC)(CCCC)(CCCC)CCOP(=O)([O-])OCCCCCCCCCCCC,0.11055340913177675
[N+](CCCC)(CCCC)(CCCC)CCOP(=O)([O-])OCCCCCCCCCCCCC,0.1142330872186238
[N+](CCCC)(CCCC)(CCCC)CCOP(=O)([O-])OCCCCCCCCCCCCCC,0.11764241388496804
[N+](CCCC)(CCCC)(CCCC)CCOP(=O)([O-])OCCCCCCCCCCCCCCC,0.12096919325091875
[N+](CCCC)(CCCC)(CCCC)CCOP(=O)([O-])OCCCCCCCCCCCCCCCC,0.12413323608125013
[N+](CCCC)(CCCC)(CCCC)CCOP(=O)([O-])OCCCC,7.879245014507296e-05
[N+](CCCC)(CCCC)(CCCC)CCOP(=O)([O-])OCCCCC,0.02026868112250554
[N+](CCCC)(CCCC)(CCCC)CCOP(=O)([O-])OCCCCCC,0.031481378621911374
[N+](CCCC)(CCCC)(CCCC)CCOP(=O)([O-])OCCCCCCC,0.05646357712155835
[N+](CCCC)(CCCC)(CCCC)CCOP(=O)([O-])OCCCCCCCC,0.08008557003680052
[N+](CCCC)(CCCC)(CCCC)CCOP(=O)([O-])OCCCCCCCCC,0.09815018160337835
[N+](CCCCCC)(CCCCCC)(CCCCCC)CCOP(=O)([O-])OCCCCCCCCCC,0.18256251629076767
[N+](CCCCCC)(CCCCCC)(CCCCCC)CCOP(=O)([O-])OCCCCCCCCCCC,0.18415745449602405
[N+](CCCCCC)(CCCCCC)(CCCCCC)CCOP(=O)([O-])OCCCCCCCCCCCC,0.18570861079068232
[N+](CCCCCC)(CCCCCC)(CCCCCC)CCOP(=O)([O-])OCCCCCCCCCCCCC,0.1872365469022241
[N+](CCCCCC)(CCCCCC)(CCCCCC)CCOP(=O)([O-])OCCCCCCCCCCCCCC,0.18858792851665415
[N+](CCCCCC)(CCCCCC)(CCCCCC)CCOP(=O)([O-])OCCCCCCCCCCCCCCC,0.1898724582326032
[N+](CCCCCC)(CCCCCC)(CCCCCC)CCOP(=O)([O-])OCCCCCCCCCCCCCCCC,0.1910958284494252
[N+](CCCCCC)(CCCCCC)(CCCCCC)CCOP(=O)([O-])OCCCC,0.10819414240218882
[N+](CCCCCC)(CCCCCC)(CCCCCC)CCOP(=O)([O-])OCCCCC,0.12164362992793312
[N+](CCCCCC)(CCCCCC)(CCCCCC)CCOP(=O)([O-])OCCCCCC,0.12838179363492855
[N+](CCCCCC)(CCCCCC)(CCCCCC)CCOP(=O)([O-])OCCCCCCC,0.14810831546143066
[N+](CCCCCC)(CCCCCC)(CCCCCC)CCOP(=O)([O-])OCCCCCCCC,0.16684395427321985
[N+](CCCCCC)(CCCCCC)(CCCCCC)CCOP(=O)([O-])OCCCCCCCCC,0.18096099953427905
[N+](CCCCCCCC)(CCCCCCCC)(CCCCCCCC)CCOP(=O)([O-])OCCCCCCCCCC,0.19407606235286137
[N+](CCCCCCCC)(CCCCCCCC)(CCCCCCCC)CCOP(=O)([O-])OCCCCCCCCCCC,0.19515712258583534
[N+](CCCCCCCC)(CCCCCCCC)(CCCCCCCC)CCOP(=O)([O-])OCCCCCCCCCCCC,0.1962047944183772
[N+](CCCCCCCC)(CCCCCCCC)(CCCCCCCC)CCOP(=O)([O-])OCCCCCCCCCCCCC,0.19731671977185858
[N+](CCCCCCCC)(CCCCCCCC)(CCCCCCCC)CCOP(=O)([O-])OCCCCCCCCCCCCCC,0.198380462494397
[N+](CCCCCCCC)(CCCCCCCC)(CCCCCCCC)CCOP(=O)([O-])OCCCCCCCCCCCCCCC,0.19939878617829093
[N+](CCCCCCCC)(CCCCCCCC)(CCCCCCCC)CCOP(=O)([O-])OCCCCCCCCCCCCCCCC,0.20037478484535284
[N+](CCCCCCCC)(CCCCCCCC)(CCCCCCCC)CCOP(=O)([O-])OCCCC,0.13216965734854683
[N+](CCCCCCCC)(CCCCCCCC)(CCCCCCCC)CCOP(=O)([O-])OCCCCC,0.14288401457258748
[N+](CCCCCCCC)(CCCCCCCC)(CCCCCCCC)CCOP(=O)([O-])OCCCCCC,0.14808082973367953
[N+](CCCCCCCC)(CCCCCCCC)(CCCCCCCC)CCOP(=O)([O-])OCCCCCCC,0.16453721081682626
[N+](CCCCCCCC)(CCCCCCCC)(CCCCCCCC)CCOP(=O)([O-])OCCCCCCCC,0.1807606991707332
[N+](CCCCCCCC)(CCCCCCCC)(CCCCCCCC)CCOP(=O)([O-])OCCCCCCCCC,0.1929424187685996
[N+](CCCCCCCCCC)(CCCCCCCCCC)(CCCCCCCCCC)CCOP(=O)([O-])OCCCCCCCCCC,0.2002503631138281
[N+](CCCCCCCCCC)(CCCCCCCCCC)(CCCCCCCCCC)CCOP(=O)([O-])OCCCCCCCCCCC,0.20118908332390734
[N+](CCCCCCCCCC)(CCCCCCCCCC)(CCCCCCCCCC)CCOP(=O)([O-])OCCCCCCCCCCCC,0.2020902096670133
[N+](CCCCCCCCCC)(CCCCCCCCCC)(CCCCCCCCCC)CCOP(=O)([O-])OCCCCCCCCCCCCC,0.20295602511069694
[N+](CCCCCCCCCC)(CCCCCCCCCC)(CCCCCCCCCC)CCOP(=O)([O-])OCCCCCCCCCCCCCC,0.20378851223204192
[N+](CCCCCCCCCC)(CCCCCCCCCC)(CCCCCCCCCC)CCOP(=O)([O-])OCCCCCCCCCCCCCCC,0.2048088034734962
[N+](CCCCCCCCCC)(CCCCCCCCCC)(CCCCCCCCCC)CCOP(=O)([O-])OCCCCCCCCCCCCCCCC,0.2061955410459187
[N+](CCCCCCCCCC)(CCCCCCCCCC)(CCCCCCCCCC)CCOP(=O)([O-])OCCCC,0.1464135575039153
[N+](CCCCCCCCCC)(CCCCCCCCCC)(CCCCCCCCCC)CCOP(=O)([O-])OCCCCC,0.1555269536938317
[N+](CCCCCCCCCC)(CCCCCCCCCC)(CCCCCCCCCC)CCOP(=O)([O-])OCCCCCC,0.159872582426994
[N+](CCCCCCCCCC)(CCCCCCCCCC)(CCCCCCCCCC)CCOP(=O)([O-])OCCCCCCC,0.17447061290417445
[N+](CCCCCCCCCC)(CCCCCCCCCC)(CCCCCCCCCC)CCOP(=O)([O-])OCCCCCCCC,0.18855419466718473
[N+](CCCCCCCCCC)(CCCCCCCCCC)(CCCCCCCCCC)CCOP(=O)([O-])OCCCCCCCCC,0.19927173603017798
[N+](CCCCCCCCCCCC)(CCCCCCCCCCCC)(CCCCCCCCCCCC)CCOP(=O)([O-])OCCCCCCCCCC,0.20619555606544204
[N+](CCCCCCCCCCCC)(CCCCCCCCCCCC)(CCCCCCCCCCCC)CCOP(=O)([O-])OCCCCCCCCCCC,0.20753202329317438
[N+](CCCCCCCCCCCC)(CCCCCCCCCCCC)(CCCCCCCCCCCC)CCOP(=O)([O-])OCCCCCCCCCCCC,0.20882057824138425
[N+](CCCCCCCCCCCC)(CCCCCCCCCCCC)(CCCCCCCCCCCC)CCOP(=O)([O-])OCCCCCCCCCCCCC,0.21006393944380009
[N+](CCCCCCCCCCCC)(CCCCCCCCCCCC)(CCCCCCCCCCCC)CCOP(=O)([O-])OCCCCCCCCCCCCCC,0.21126455508272973
[N+](CCCCCCCCCCCC)(CCCCCCCCCCCC)(CCCCCCCCCCCC)CCOP(=O)([O-])OCCCCCCCCCCCCCCC,0.21243688895917012
[N+](CCCCCCCCCCCC)(CCCCCCCCCCCC)(CCCCCCCCCCCC)CCOP(=O)([O-])OCCCCCCCCCCCCCCCC,0.21357394197523488
[N+](CCCCCCCCCCCC)(CCCCCCCCCCCC)(CCCCCCCCCCCC)CCOP(=O)([O-])OCCCC,0.15802904107106192
[N+](CCCCCCCCCCCC)(CCCCCCCCCCCC)(CCCCCCCCCCCC)CCOP(=O)([O-])OCCCCC,0.16596038575292318
[N+](CCCCCCCCCCCC)(CCCCCCCCCCCC)(CCCCCCCCCCCC)CCOP(=O)([O-])OCCCCCC,0.16954308277742655
[N+](CCCCCCCCCCCC)(CCCCCCCCCCCC)(CCCCCCCCCCCC)CCOP(=O)([O-])OCCCCCCC,0.18235095128470086
[N+](CCCCCCCCCCCC)(CCCCCCCCCCCC)(CCCCCCCCCCCC)CCOP(=O)([O-])OCCCCCCCC,0.19505048396997032
[N+](CCCCCCCCCCCC)(CCCCCCCCCCCC)(CCCCCCCCCCCC)CCOP(=O)([O-])OCCCCCCCCC,0.20480878845397285
N(CCOP(=O)([O-])OCCCCCCCCCC)CCOCCOCCNCCOP(=O)([O-])OCCCCCCCCCC,-0.09079719458512589
N(CCOP(=O)([O-])OCCCCCCCCCCC)CCOCCOCCNCCOP(=O)([O-])OCCCCCCCCCCC,-0.08237505693838848
N(CCOP(=O)([O-])OCCCCCCCCCCCC)CCOCCOCCNCCOP(=O)([O-])OCCCCCCCCCCCC,-0.07438674320441792
N(CCOP(=O)([O-])OCCCCCCCCCCCCC)CCOCCOCCNCCOP(=O)([O-])OCCCCCCCCCCCCC,-0.06665119302909414
N(CCOP(=O)([O-])OCCCCCCCCCCCCCC)CCOCCOCCNCCOP(=O)([O-])OCCCCCCCCCCCCCC,-0.0589993466574627
N(CCOP(=O)([O-])OCCCCCCCCCCCCCCC)CCOCCOCCNCCOP(=O)([O-])OCCCCCCCCCCCCCCC,-0.051979972414574235
N(CCOP(=O)([O-])OCCCCCCCCCCCCCCCC)CCOCCOCCNCCOP(=O)([O-])OCCCCCCCCCCCCCCCC,-0.04546197990053162
N(CCOP(=O)([O-])OCCCC)CCOCCOCCNCCOP(=O)([O-])OCCCC,-0.22035416122517837
N(CCOP(=O)([O-])OCCCCC)CCOCCOCCNCCOP(=O)([O-])OCCCCC,-0.18378641306844376
N(CCOP(=O)([O-])OCCCCCC)CCOCCOCCNCCOP(=O)([O-])OCCCCCC,-0.16202312371796687
N(CCOP(=O)([O-])OCCCCCCC)CCOCCOCCNCCOP(=O)([O-])OCCCCCCC,-0.13649398927511933
N(CCOP(=O)([O-])OCCCCCCCC)CCOCCOCCNCCOP(=O)([O-])OCCCCCCCC,-0.11581351744184967
N(CCOP(=O)([O-])OCCCCCCCCC)CCOCCOCCNCCOP(=O)([O-])OCCCCCCCCC,-0.09849537618632685
N(CCOP(=O)([O-])OCCCCCCCCCC)CCCC,0.03916353439168585
N(CCOP(=O)([O-])OCCCCCCCCCCC)CCCC,0.04663205246116965
N(CCOP(=O)([O-])OCCCCCCCCCCCC)CCCC,0.053673873381721526
N(CCOP(=O)([O-])OCCCCCCCCCCCCC)CCCC,0.060196461869912704
N(CCOP(=O)([O-])OCCCCCCCCCCCCCC)CCCC,0.06643829040791169
N(CCOP(=O)([O-])OCCCCCCCCCCCCCCC)CCCC,0.07250919677005946
N(CCOP(=O)([O-])OCCCCCCCCCCCCCCCC)CCCC,0.07822660363037642
N(CCOP(=O)([O-])OCCCC)CCCC,-0.1004805816866024
N(CCOP(=O)([O-])OCCCCC)CCCC,-0.07762738560389176
N(CCOP(=O)([O-])OCCCCCC)CCCC,-0.06288009110354705
N(CCOP(=O)([O-])OCCCCCCC)CCCC,-0.03113089141205099
N(CCOP(=O)([O-])OCCCCCCCC)CCCC,0.003961061377850589
N(CCOP(=O)([O-])OCCCCCCCCC)CCCC,0.03141783852833152
C8CN(CCOP(=O)([O-])OCCCCCCCCCC)CCN8CCN(CCOP(=O)([O-])OCCCCCCCCCC)[H],-0.026917855031121957
C8CN(CCOP(=O)([O-])OCCCCCCCCCCC)CCN8CCN(CCOP(=O)([O-])OCCCCCCCCCCC)[H],-0.018201019316513106
C8CN(CCOP(=O)([O-])OCCCCCCCCCCCC)CCN8CCN(CCOP(=O)([O-])OCCCCCCCCCCCC)[H],-0.010244982068885806
C8CN(CCOP(=O)([O-])OCCCCCCCCCCCCC)CCN8CCN(CCOP(=O)([O-])OCCCCCCCCCCCCC)[H],-0.0018285293117406313
C8CN(CCOP(=O)([O-])OCCCCCCCCCCCCCC)CCN8CCN(CCOP(=O)([O-])OCCCCCCCCCCCCCC)[H],0.006018322572091724
C8CN(CCOP(=O)([O-])OCCCCCCCCCCCCCCC)CCN8CCN(CCOP(=O)([O-])OCCCCCCCCCCCCCCC)[H],0.013373263005917624
C8CN(CCOP(=O)([O-])OCCCCCCCCCCCCCCCC)CCN8CCN(CCOP(=O)([O-])OCCCCCCCCCCCCCCCC)[H],0.020300740295120166
C8CN(CCOP(=O)([O-])OCCCC)CCN8CCN(CCOP(=O)([O-])OCCCC)[H],-0.14618888133149058
C8CN(CCOP(=O)([O-])OCCCCC)CCN8CCN(CCOP(=O)([O-])OCCCCC)[H],-0.12366629499700815
C8CN(CCOP(=O)([O-])OCCCCCC)CCN8CCN(CCOP(=O)([O-])OCCCCCC)[H],-0.1113073750625255
C8CN(CCOP(=O)([O-])OCCCCCCC)CCN8CCN(CCOP(=O)([O-])OCCCCCCC)[H],-0.0859419834633625
C8CN(CCOP(=O)([O-])OCCCCCCCC)CCN8CCN(CCOP(=O)([O-])OCCCCCCCC)[H],-0.05784782984040103
C8CN(CCOP(=O)([O-])OCCCCCCCCC)CCN8CCN(CCOP(=O)([O-])OCCCCCCCCC)[H],-0.035763167748563085
C8CN(CCOP(=O)([O-])OCCCCCCCCCC)CCN8CCN(CCOP(=O)([O-])OCCCCCCCCCC)CCOP(=O)([O-])OCCCCCCCCCC,-0.05405329745841035
C8CN(CCOP(=O)([O-])OCCCCCCCCCCC)CCN8CCN(CCOP(=O)([O-])OCCCCCCCCCCC)CCOP(=O)([O-])OCCCCCCCCCCC,-0.0455207362759209
C8CN(CCOP(=O)([O-])OCCCCCCCCCCCC)CCN8CCN(CCOP(=O)([O-])OCCCCCCCCCCCC)CCOP(=O)([O-])OCCCCCCCCCCCC,-0.036376114496936424
C8CN(CCOP(=O)([O-])OCCCCCCCCCCCCC)CCN8CCN(CCOP(=O)([O-])OCCCCCCCCCCCCC)CCOP(=O)([O-])OCCCCCCCCCCCCC,-0.02665286558045911
C8CN(CCOP(=O)([O-])OCCCCCCCCCCCCCC)CCN8CCN(CCOP(=O)([O-])OCCCCCCCCCCCCCC)CCOP(=O)([O-])OCCCCCCCCCCCCCC,-0.016927528950234583
C8CN(CCOP(=O)([O-])OCCCCCCCCCCCCCCC)CCN8CCN(CCOP(=O)([O-])OCCCCCCCCCCCCCCC)CCOP(=O)([O-])OCCCCCCCCCCCCCCC,-0.00843430343006818
C8CN(CCOP(=O)([O-])OCCCCCCCCCCCCCCCC)CCN8CCN(CCOP(=O)([O-])OCCCCCCCCCCCCCCCC)CCOP(=O)([O-])OCCCCCCCCCCCCCCCC,-0.0007924901000420661
C8CN(CCOP(=O)([O-])OCCCC)CCN8CCN(CCOP(=O)([O-])OCCCC)CCOP(=O)([O-])OCCCC,-0.1876278814609384
C8CN(CCOP(=O)([O-])OCCCCC)CCN8CCN(CCOP(=O)([O-])OCCCCC)CCOP(=O)([O-])OCCCCC,-0.15370652826188907
C8CN(CCOP(=O)([O-])OCCCCCC)CCN8CCN(CCOP(=O)([O-])OCCCCCC)CCOP(=O)([O-])OCCCCCC,-0.1379679452197007
C8CN(CCOP(=O)([O-])OCCCCCCC)CCN8CCN(CCOP(=O)([O-])OCCCCCCC)CCOP(=O)([O-])OCCCCCCC,-0.11230699943983467
C8CN(CCOP(=O)([O-])OCCCCCCCC)CCN8CCN(CCOP(=O)([O-])OCCCCCCCC)CCOP(=O)([O-])OCCCCCCCC,-0.08745308268921628
C8CN(CCOP(=O)([O-])OCCCCCCCCC)CCN8CCN(CCOP(=O)([O-])OCCCCCCCCC)CCOP(=O)([O-])OCCCCCCCCC,-0.06255355164614973
N(CCOP(=O)([O-])OCCCCCCCCCC)([H])CCCN(CCOP(=O)([O-])OCCCCCCCCCC)CCCN(C)C,0.05897271616500668
N(CCOP(=O)([O-])OCCCCCCCCCCC)([H])CCCN(CCOP(=O)([O-])OCCCCCCCCCCC)CCCN(C)C,0.06580868700813071
N(CCOP(=O)([O-])OCCCCCCCCCCCC)([H])CCCN(CCOP(=O)([O-])OCCCCCCCCCCCC)CCCN(C)C,0.07230987267553207
N(CCOP(=O)([O-])OCCCCCCCCCCCCC)([H])CCCN(CCOP(=O)([O-])OCCCCCCCCCCCCC)CCCN(C)C,0.07855506558676398
N(CCOP(=O)([O-])OCCCCCCCCCCCCCC)([H])CCCN(CCOP(=O)([O-])OCCCCCCCCCCCCCC)CCCN(C)C,0.08433447303951626
N(CCOP(=O)([O-])OCCCCCCCCCCCCCCC)([H])CCCN(CCOP(=O)([O-])OCCCCCCCCCCCCCCC)CCCN(C)C,0.08959441525729574
N(CCOP(=O)([O-])OCCCCCCCCCCCCCCCC)([H])CCCN(CCOP(=O)([O-])OCCCCCCCCCCCCCCCC)CCCN(C)C,0.09455303579740146
N(CCOP(=O)([O-])OCCCC)([H])CCCN(CCOP(=O)([O-])OCCCC)CCCN(C)C,-0.07996465624151712
N(CCOP(=O)([O-])OCCCCC)([H])CCCN(CCOP(=O)([O-])OCCCCC)CCCN(C)C,-0.056328890423352665
N(CCOP(=O)([O-])OCCCCCC)([H])CCCN(CCOP(=O)([O-])OCCCCCC)CCCN(C)C,-0.04272748041880914
N(CCOP(=O)([O-])OCCCCCCC)([H])CCCN(CCOP(=O)([O-])OCCCCCCC)CCCN(C)C,-0.008943773172244061
N(CCOP(=O)([O-])OCCCCCCCC)([H])CCCN(CCOP(=O)([O-])OCCCCCCCC)CCCN(C)C,0.026086636181964513
N(CCOP(=O)([O-])OCCCCCCCCC)([H])CCCN(CCOP(=O)([O-])OCCCCCCCCC)CCCN(C)C,0.05196639388791917
N(CCOP(=O)([O-])OCCCCCCCCCC)(CCOP(=O)([O-])OCCCCCCCCCC)CCCN(CCOP(=O)([O-])OCCCCCCCCCC)CCCN(C)C,0.011271543553167031
N(CCOP(=O)([O-])OCCCCCCCCCCC)(CCOP(=O)([O-])OCCCCCCCCCCC)CCCN(CCOP(=O)([O-])OCCCCCCCCCCC)CCCN(C)C,0.02016217768235079
N(CCOP(=O)([O-])OCCCCCCCCCCCC)(CCOP(=O)([O-])OCCCCCCCCCCCC)CCCN(CCOP(=O)([O-])OCCCCCCCCCCCC)CCCN(C)C,0.028285960007278305
N(CCOP(=O)([O-])OCCCCCCCCCCCCC)(CCOP(=O)([O-])OCCCCCCCCCCCCC)CCCN(CCOP(=O)([O-])OCCCCCCCCCCCCC)CCCN(C)C,0.03599886825113498
N(CCOP(=O)([O-])OCCCCCCCCCCCCCC)(CCOP(=O)([O-])OCCCCCCCCCCCCCC)CCCN(CCOP(=O)([O-])OCCCCCCCCCCCCCC)CCCN(C)C,0.043221689447713485
N(CCOP(=O)([O-])OCCCCCCCCCCCCCCC)(CCOP(=O)([O-])OCCCCCCCCCCCCCCC)CCCN(CCOP(=O)([O-])OCCCCCCCCCCCCCCC)CCCN(C)C,0.05009157437458725
N(CCOP(=O)([O-])OCCCCCCCCCCCCCCCC)(CCOP(=O)([O-])OCCCCCCCCCCCCCCCC)CCCN(CCOP(=O)([O-])OCCCCCCCCCCCCCCCC)CCCN(C)C,0.056497378558882885
N(CCOP(=O)([O-])OCCCC)(CCOP(=O)([O-])OCCCC)CCCN(CCOP(=O)([O-])OCCCC)CCCN(C)C,-0.12703108877658625
N(CCOP(=O)([O-])OCCCCC)(CCOP(=O)([O-])OCCCCC)CCCN(CCOP(=O)([O-])OCCCCC)CCCN(C)C,-0.10377949983671797
N(CCOP(=O)([O-])OCCCCCC)(CCOP(=O)([O-])OCCCCCC)CCCN(CCOP(=O)([O-])OCCCCCC)CCCN(C)C,-0.09046563109716423
N(CCOP(=O)([O-])OCCCCCCC)(CCOP(=O)([O-])OCCCCCCC)CCCN(CCOP(=O)([O-])OCCCCCCC)CCCN(C)C,-0.061147836905960276
N(CCOP(=O)([O-])OCCCCCCCC)(CCOP(=O)([O-])OCCCCCCCC)CCCN(CCOP(=O)([O-])OCCCCCCCC)CCCN(C)C,-0.029209473827490735
N(CCOP(=O)([O-])OCCCCCCCCC)(CCOP(=O)([O-])OCCCCCCCCC)CCCN(CCOP(=O)([O-])OCCCCCCCCC)CCCN(C)C,0.0014636826211941222
N(CCOP(=O)([O-])OCCCCCCCCCC)([H])CCCN(C)CCCN(CCOP(=O)([O-])OCCCCCCCCCC),0.06997798653703173
N(CCOP(=O)([O-])OCCCCCCCCCCC)([H])CCCN(C)CCCN(CCOP(=O)([O-])OCCCCCCCCCCC),0.076571422116918
N(CCOP(=O)([O-])OCCCCCCCCCCCC)([H])CCCN(C)CCCN(CCOP(=O)([O-])OCCCCCCCCCCCC),0.0829789460366385
N(CCOP(=O)([O-])OCCCCCCCCCCCCC)([H])CCCN(C)CCCN(CCOP(=O)([O-])OCCCCCCCCCCCCC),0.08894949194368626
N(CCOP(=O)([O-])OCCCCCCCCCCCCCC)([H])CCCN(C)CCCN(CCOP(=O)([O-])OCCCCCCCCCCCCCC),0.09446796521708324
N(CCOP(=O)([O-])OCCCCCCCCCCCCCCC)([H])CCCN(C)CCCN(CCOP(=O)([O-])OCCCCCCCCCCCCCCC),0.09957909399739928
N(CCOP(=O)([O-])OCCCCCCCCCCCCCCCC)([H])CCCN(C)CCCN(CCOP(=O)([O-])OCCCCCCCCCCCCCCCC),0.10433119609128758
N(CCOP(=O)([O-])OCCCC)([H])CCCN(C)CCCN(CCOP(=O)([O-])OCCCC),-0.07617738579907161
N(CCOP(=O)([O-])OCCCCC)([H])CCCN(C)CCCN(CCOP(=O)([O-])OCCCCC),-0.05140733806690255
N(CCOP(=O)([O-])OCCCCCC)([H])CCCN(C)CCCN(CCOP(=O)([O-])OCCCCCC),-0.0366448137698695
N(CCOP(=O)([O-])OCCCCCCC)([H])CCCN(C)CCCN(CCOP(=O)([O-])OCCCCCCC),-0.00014706363239999024
N(CCOP(=O)([O-])OCCCCCCCC)([H])CCCN(C)CCCN(CCOP(=O)([O-])OCCCCCCCC),0.03567672200432083
N(CCOP(=O)([O-])OCCCCCCCCC)([H])CCCN(C)CCCN(CCOP(=O)([O-])OCCCCCCCCC),0.06287502864663781
N(CCOP(=O)([O-])OCCCCCCCCCC)(CCOP(=O)([O-])OCCCCCCCCCC)CCCN(C)CCCN(CCOP(=O)([O-])OCCCCCCCCCC),0.015657056630615184
N(CCOP(=O)([O-])OCCCCCCCCCCC)(CCOP(=O)([O-])OCCCCCCCCCCC)CCCN(C)CCCN(CCOP(=O)([O-])OCCCCCCCCCCC),0.024370873421028418
N(CCOP(=O)([O-])OCCCCCCCCCCCC)(CCOP(=O)([O-])OCCCCCCCCCCCC)CCCN(C)CCCN(CCOP(=O)([O-])OCCCCCCCCCCCC),0.0324073772957036
N(CCOP(=O)([O-])OCCCCCCCCCCCCC)(CCOP(=O)([O-])OCCCCCCCCCCCCC)CCCN(C)CCCN(CCOP(=O)([O-])OCCCCCCCCCCCCC),0.03996538919513552
N(CCOP(=O)([O-])OCCCCCCCCCCCCCC)(CCOP(=O)([O-])OCCCCCCCCCCCCCC)CCCN(C)CCCN(CCOP(=O)([O-])OCCCCCCCCCCCCCC),0.04740936536344702
N(CCOP(=O)([O-])OCCCCCCCCCCCCCCC)(CCOP(=O)([O-])OCCCCCCCCCCCCCCC)CCCN(C)CCCN(CCOP(=O)([O-])OCCCCCCCCCCCCCCC),0.05431607816160261
N(CCOP(=O)([O-])OCCCCCCCCCCCCCCCC)(CCOP(=O)([O-])OCCCCCCCCCCCCCCCC)CCCN(C)CCCN(CCOP(=O)([O-])OCCCCCCCCCCCCCCCC),0.06089583095570676
N(CCOP(=O)([O-])OCCCC)(CCOP(=O)([O-])OCCCC)CCCN(C)CCCN(CCOP(=O)([O-])OCCCC),-0.12875154513857273
N(CCOP(=O)([O-])OCCCCC)(CCOP(=O)([O-])OCCCCC)CCCN(C)CCCN(CCOP(=O)([O-])OCCCCC),-0.10601582425783224
N(CCOP(=O)([O-])OCCCCCC)(CCOP(=O)([O-])OCCCCCC)CCCN(C)CCCN(CCOP(=O)([O-])OCCCCCC),-0.09184477630052759
N(CCOP(=O)([O-])OCCCCCCC)(CCOP(=O)([O-])OCCCCCCC)CCCN(C)CCCN(CCOP(=O)([O-])OCCCCCCC),-0.05948075242023805
N(CCOP(=O)([O-])OCCCCCCCC)(CCOP(=O)([O-])OCCCCCCCC)CCCN(C)CCCN(CCOP(=O)([O-])OCCCCCCCC),-0.025941090368368634
N(CCOP(=O)([O-])OCCCCCCCCC)(CCOP(=O)([O-])OCCCCCCCCC)CCCN(C)CCCN(CCOP(=O)([O-])OCCCCCCCCC),0.0058325911462062865
C8N(CCCN(CCOP(=O)([O-])OCCCCCCCCCC)([H]))CCN(CCCN(CCOP(=O)([O-])OCCCCCCCCCC)([H]))C8,0.0788453479147672
C8N(CCCN(CCOP(=O)([O-])OCCCCCCCCCCC)([H]))CCN(CCCN(CCOP(=O)([O-])OCCCCCCCCCCC)([H]))C8,0.08450344267733052
C8N(CCCN(CCOP(=O)([O-])OCCCCCCCCCCCC)([H]))CCN(CCCN(CCOP(=O)([O-])OCCCCCCCCCCCC)([H]))C8,0.08973809201776962
C8N(CCCN(CCOP(=O)([O-])OCCCCCCCCCCCCC)([H]))CCN(CCCN(CCOP(=O)([O-])OCCCCCCCCCCCCC)([H]))C8,0.0946019994435592
C8N(CCCN(CCOP(=O)([O-])OCCCCCCCCCCCCCC)([H]))CCN(CCCN(CCOP(=O)([O-])OCCCCCCCCCCCCCC)([H]))C8,0.09942772724096442
C8N(CCCN(CCOP(=O)([O-])OCCCCCCCCCCCCCCC)([H]))CCN(CCCN(CCOP(=O)([O-])OCCCCCCCCCCCCCCC)([H]))C8,0.10398968216909907
C8N(CCCN(CCOP(=O)([O-])OCCCCCCCCCCCCCCCC)([H]))CCN(CCCN(CCOP(=O)([O-])OCCCCCCCCCCCCCCCC)([H]))C8,0.10825114149334483
C8N(CCCN(CCOP(=O)([O-])OCCCC)([H]))CCN(CCCN(CCOP(=O)([O-])OCCCC)([H]))C8,-0.05022489605124003
C8N(CCCN(CCOP(=O)([O-])OCCCCC)([H]))CCN(CCCN(CCOP(=O)([O-])OCCCCC)([H]))C8,-0.028534376291448477
C8N(CCCN(CCOP(=O)([O-])OCCCCCC)([H]))CCN(CCCN(CCOP(=O)([O-])OCCCCCC)([H]))C8,-0.013735865216441835
C8N(CCCN(CCOP(=O)([O-])OCCCCCCC)([H]))CCN(CCCN(CCOP(=O)([O-])OCCCCCCC)([H]))C8,0.017575012215040667
C8N(CCCN(CCOP(=O)([O-])OCCCCCCCC)([H]))CCN(CCCN(CCOP(=O)([O-])OCCCCCCCC)([H]))C8,0.04881396114914606
C8N(CCCN(CCOP(=O)([O-])OCCCCCCCCC)([H]))CCN(CCCN(CCOP(=O)([O-])OCCCCCCCCC)([H]))C8,0.07269643014828102
C8N(CCCN(CCOP(=O)([O-])OCCCCCCCCCC)(CCOP(=O)([O-])OCCCCCCCCCC))CCN(CCCN(CCOP(=O)([O-])OCCCCCCCCCC)([H]))C8,0.02665111492845104
C8N(CCCN(CCOP(=O)([O-])OCCCCCCCCCCC)(CCOP(=O)([O-])OCCCCCCCCCCC))CCN(CCCN(CCOP(=O)([O-])OCCCCCCCCCCC)([H]))C8,0.03436728240887711
C8N(CCCN(CCOP(=O)([O-])OCCCCCCCCCCCC)(CCOP(=O)([O-])OCCCCCCCCCCCC))CCN(CCCN(CCOP(=O)([O-])OCCCCCCCCCCCC)([H]))C8,0.04163026581092365
C8N(CCCN(CCOP(=O)([O-])OCCCCCCCCCCCCC)(CCOP(=O)([O-])OCCCCCCCCCCCCC))CCN(CCCN(CCOP(=O)([O-])OCCCCCCCCCCCCC)([H]))C8,0.048401817918351187
C8N(CCCN(CCOP(=O)([O-])OCCCCCCCCCCCCCC)(CCOP(=O)([O-])OCCCCCCCCCCCCCC))CCN(CCCN(CCOP(=O)([O-])OCCCCCCCCCCCCCC)([H]))C8,0.05490153918222483
C8N(CCCN(CCOP(=O)([O-])OCCCCCCCCCCCCCCC)(CCOP(=O)([O-])OCCCCCCCCCCCCCCC))CCN(CCCN(CCOP(=O)([O-])OCCCCCCCCCCCCCCC)([H]))C8,0.06108991323658107
C8N(CCCN(CCOP(=O)([O-])OCCCCCCCCCCCCCCCC)(CCOP(=O)([O-])OCCCCCCCCCCCCCCCC))CCN(CCCN(CCOP(=O)([O-])OCCCCCCCCCCCCCCCC)([H]))C8,0.0669079208643718
C8N(CCCN(CCOP(=O)([O-])OCCCC)(CCOP(=O)([O-])OCCCC))CCN(CCCN(CCOP(=O)([O-])OCCCC)([H]))C8,-0.11022153862112265
C8N(CCCN(CCOP(=O)([O-])OCCCCC)(CCOP(=O)([O-])OCCCCC))CCN(CCCN(CCOP(=O)([O-])OCCCCC)([H]))C8,-0.08793444339342155
C8N(CCCN(CCOP(=O)([O-])OCCCCCC)(CCOP(=O)([O-])OCCCCCC))CCN(CCCN(CCOP(=O)([O-])OCCCCCC)([H]))C8,-0.07282675543002322
C8N(CCCN(CCOP(=O)([O-])OCCCCCCC)(CCOP(=O)([O-])OCCCCCCC))CCN(CCCN(CCOP(=O)([O-])OCCCCCCC)([H]))C8,-0.042711980270700306
C8N(CCCN(CCOP(=O)([O-])OCCCCCCCC)(CCOP(=O)([O-])OCCCCCCCC))CCN(CCCN(CCOP(=O)([O-])OCCCCCCCC)([H]))C8,-0.010377514343025633
C8N(CCCN(CCOP(=O)([O-])OCCCCCCCCC)(CCOP(=O)([O-])OCCCCCCCCC))CCN(CCCN(CCOP(=O)([O-])OCCCCCCCCC)([H]))C8,0.018188867644577358
C8N(CCCN(CCOP(=O)([O-])OCCCCCCCCCC)(CCOP(=O)([O-])OCCCCCCCCCC))CCN(CCCN(CCOP(=O)([O-])OCCCCCCCCCC)(CCOP(=O)([O-])OCCCCCCCCCC))C8,-0.0029503750604021185
C8N(CCCN(CCOP(=O)([O-])OCCCCCCCCCCC)(CCOP(=O)([O-])OCCCCCCCCCCC))CCN(CCCN(CCOP(=O)([O-])OCCCCCCCCCCC)(CCOP(=O)([O-])OCCCCCCCCCCC))C8,0.006676748437202977
C8N(CCCN(CCOP(=O)([O-])OCCCCCCCCCCCC)(CCOP(=O)([O-])OCCCCCCCCCCCC))CCN(CCCN(CCOP(=O)([O-])OCCCCCCCCCCCC)(CCOP(=O)([O-])OCCCCCCCCCCCC))C8,0.015411487423658457
C8N(CCCN(CCOP(=O)([O-])OCCCCCCCCCCCCC)(CCOP(=O)([O-])OCCCCCCCCCCCCC))CCN(CCCN(CCOP(=O)([O-])OCCCCCCCCCCCCC)(CCOP(=O)([O-])OCCCCCCCCCCCCC))C8,0.023351498370499178
C8N(CCCN(CCOP(=O)([O-])OCCCCCCCCCCCCCC)(CCOP(=O)([O-])OCCCCCCCCCCCCCC))CCN(CCCN(CCOP(=O)([O-])OCCCCCCCCCCCCCC)(CCOP(=O)([O-])OCCCCCCCCCCCCCC))C8,0.03074461843270942
C8N(CCCN(CCOP(=O)([O-])OCCCCCCCCCCCCCCC)(CCOP(=O)([O-])OCCCCCCCCCCCCCCC))CCN(CCCN(CCOP(=O)([O-])OCCCCCCCCCCCCCCC)(CCOP(=O)([O-])OCCCCCCCCCCCCCCC))C8,0.037752667954983485
C8N(CCCN(CCOP(=O)([O-])OCCCCCCCCCCCCCCCC)(CCOP(=O)([O-])OCCCCCCCCCCCCCCCC))CCN(CCCN(CCOP(=O)([O-])OCCCCCCCCCCCCCCCC)(CCOP(=O)([O-])OCCCCCCCCCCCCCCCC))C8,0.0444563318168181
C8N(CCCN(CCOP(=O)([O-])OCCCC)(CCOP(=O)([O-])OCCCC))CCN(CCCN(CCOP(=O)([O-])OCCCC)(CCOP(=O)([O-])OCCCC))C8,-0.13839972647729043
C8N(CCCN(CCOP(=O)([O-])OCCCCC)(CCOP(=O)([O-])OCCCCC))CCN(CCCN(CCOP(=O)([O-])OCCCCC)(CCOP(=O)([O-])OCCCCC))C8,-0.11556297677266036
C8N(CCCN(CCOP(=O)([O-])OCCCCCC)(CCOP(=O)([O-])OCCCCCC))CCN(CCCN(CCOP(=O)([O-])OCCCCCC)(CCOP(=O)([O-])OCCCCCC))C8,-0.1022726586457371
C8N(CCCN(CCOP(=O)([O-])OCCCCCCC)(CCOP(=O)([O-])OCCCCCCC))CCN(CCCN(CCOP(=O)([O-])OCCCCCCC)(CCOP(=O)([O-])OCCCCCCC))C8,-0.07232945150176996
C8N(CCCN(CCOP(=O)([O-])OCCCCCCCC)(CCOP(=O)([O-])OCCCCCCCC))CCN(CCCN(CCOP(=O)([O-])OCCCCCCCC)(CCOP(=O)([O-])OCCCCCCCC))C8,-0.04239274030165657
C8N(CCCN(CCOP(=O)([O-])OCCCCCCCCC)(CCOP(=O)([O-])OCCCCCCCCC))CCN(CCCN(CCOP(=O)([O-])OCCCCCCCCC)(CCOP(=O)([O-])OCCCCCCCCC))C8,-0.013454729778165626
N(CCOP(=O)([O-])OCCCCCCCCCC)CCN([H])CCN([H])CCN(CCOP(=O)([O-])OCCCCCCCCCC),0.05561280373052102
N(CCOP(=O)([O-])OCCCCCCCCCCC)CCN([H])CCN([H])CCN(CCOP(=O)([O-])OCCCCCCCCCCC),0.06254982592681965
N(CCOP(=O)([O-])OCCCCCCCCCCCC)CCN([H])CCN([H])CCN(CCOP(=O)([O-])OCCCCCCCCCCCC),0.06926511489973589
N(CCOP(=O)([O-])OCCCCCCCCCCCCC)CCN([H])CCN([H])CCN(CCOP(=O)([O-])OCCCCCCCCCCCCC),0.0755098422057436
N(CCOP(=O)([O-])OCCCCCCCCCCCCCC)CCN([H])CCN([H])CCN(CCOP(=O)([O-])OCCCCCCCCCCCCCC),0.0813054857632494
N(CCOP(=O)([O-])OCCCCCCCCCCCCCCC)CCN([H])CCN([H])CCN(CCOP(=O)([O-])OCCCCCCCCCCCCCCC),0.08692684277167106
N(CCOP(=O)([O-])OCCCCCCCCCCCCCCCC)CCN([H])CCN([H])CCN(CCOP(=O)([O-])OCCCCCCCCCCCCCCCC),0.09218041671154537
N(CCOP(=O)([O-])OCCCC)CCN([H])CCN([H])CCN(CCOP(=O)([O-])OCCCC),-0.08873226545484873
N(CCOP(=O)([O-])OCCCCC)CCN([H])CCN([H])CCN(CCOP(=O)([O-])OCCCCC),-0.06445937896546099
N(CCOP(=O)([O-])OCCCCCC)CCN([H])CCN([H])CCN(CCOP(=O)([O-])OCCCCCC),-0.04985784893933737
N(CCOP(=O)([O-])OCCCCCCC)CCN([H])CCN([H])CCN(CCOP(=O)([O-])OCCCCCCC),-0.015152957245577442
N(CCOP(=O)([O-])OCCCCCCCC)CCN([H])CCN([H])CCN(CCOP(=O)([O-])OCCCCCCCC),0.020531748074178145
N(CCOP(=O)([O-])OCCCCCCCCC)CCN([H])CCN([H])CCN(CCOP(=O)([O-])OCCCCCCCCC),0.04815820124943143
N(CCOP(=O)([O-])OCCCCCCCCCC)CCN(CCOP(=O)([O-])OCCCCCCCCCC)CCN([H])CCN(CCOP(=O)([O-])OCCCCCCCCCC),0.04109630673590722
N(CCOP(=O)([O-])OCCCCCCCCCCC)CCN(CCOP(=O)([O-])OCCCCCCCCCCC)CCN([H])CCN(CCOP(=O)([O-])OCCCCCCCCCCC),0.049178327276128725
N(CCOP(=O)([O-])OCCCCCCCCCCCC)CCN(CCOP(=O)([O-])OCCCCCCCCCCCC)CCN([H])CCN(CCOP(=O)([O-])OCCCCCCCCCCCC),0.05664859512008412
N(CCOP(=O)([O-])OCCCCCCCCCCCCC)CCN(CCOP(=O)([O-])OCCCCCCCCCCCCC)CCN([H])CCN(CCOP(=O)([O-])OCCCCCCCCCCCCC),0.06363373986923225
N(CCOP(=O)([O-])OCCCCCCCCCCCCCC)CCN(CCOP(=O)([O-])OCCCCCCCCCCCCCC)CCN([H])CCN(CCOP(=O)([O-])OCCCCCCCCCCCCCC),0.07009021241558712
N(CCOP(=O)([O-])OCCCCCCCCCCCCCCC)CCN(CCOP(=O)([O-])OCCCCCCCCCCCCCCC)CCN([H])CCN(CCOP(=O)([O-])OCCCCCCCCCCCCCCC),0.07638325752824804
N(CCOP(=O)([O-])OCCCCCCCCCCCCCCCC)CCN(CCOP(=O)([O-])OCCCCCCCCCCCCCCCC)CCN([H])CCN(CCOP(=O)([O-])OCCCCCCCCCCCCCCCC),0.08231566886548156
N(CCOP(=O)([O-])OCCCC)CCN(CCOP(=O)([O-])OCCCC)CCN([H])CCN(CCOP(=O)([O-])OCCCC),-0.11118923149176577
N(CCOP(=O)([O-])OCCCCC)CCN(CCOP(=O)([O-])OCCCCC)CCN([H])CCN(CCOP(=O)([O-])OCCCCC),-0.08662055050930122
N(CCOP(=O)([O-])OCCCCCC)CCN(CCOP(=O)([O-])OCCCCCC)CCN([H])CCN(CCOP(=O)([O-])OCCCCCC),-0.07064569534511672
N(CCOP(=O)([O-])OCCCCCCC)CCN(CCOP(=O)([O-])OCCCCCCC)CCN([H])CCN(CCOP(=O)([O-])OCCCCCCC),-0.03655834637387868
N(CCOP(=O)([O-])OCCCCCCCC)CCN(CCOP(=O)([O-])OCCCCCCCC)CCN([H])CCN(CCOP(=O)([O-])OCCCCCCCC),0.0016047685138881902
N(CCOP(=O)([O-])OCCCCCCCCC)CCN(CCOP(=O)([O-])OCCCCCCCCC)CCN([H])CCN(CCOP(=O)([O-])OCCCCCCCCC),0.03239405497848216
N(CCOP(=O)([O-])OCCCCCCCCCC)CCN(CCOP(=O)([O-])OCCCCCCCCCC)CCN(CCOP(=O)([O-])OCCCCCCCCCC)CCN(CCOP(=O)([O-])OCCCCCCCCCC),0.05063009187494383
N(CCOP(=O)([O-])OCCCCCCCCCCC)CCN(CCOP(=O)([O-])OCCCCCCCCCCC)CCN(CCOP(=O)([O-])OCCCCCCCCCCC)CCN(CCOP(=O)([O-])OCCCCCCCCCCC),0.058646792508067175
N(CCOP(=O)([O-])OCCCCCCCCCCCC)CCN(CCOP(=O)([O-])OCCCCCCCCCCCC)CCN(CCOP(=O)([O-])OCCCCCCCCCCCC)CCN(CCOP(=O)([O-])OCCCCCCCCCCCC),0.06602143855654306
N(CCOP(=O)([O-])OCCCCCCCCCCCCC)CCN(CCOP(=O)([O-])OCCCCCCCCCCCCC)CCN(CCOP(=O)([O-])OCCCCCCCCCCCCC)CCN(CCOP(=O)([O-])OCCCCCCCCCCCCC),0.07295117628401147
N(CCOP(=O)([O-])OCCCCCCCCCCCCCC)CCN(CCOP(=O)([O-])OCCCCCCCCCCCCCC)CCN(CCOP(=O)([O-])OCCCCCCCCCCCCCC)CCN(CCOP(=O)([O-])OCCCCCCCCCCCCCC),0.07964166802385826
N(CCOP(=O)([O-])OCCCCCCCCCCCCCCC)CCN(CCOP(=O)([O-])OCCCCCCCCCCCCCCC)CCN(CCOP(=O)([O-])OCCCCCCCCCCCCCCC)CCN(CCOP(=O)([O-])OCCCCCCCCCCCCCCC),0.0858770381668119
N(CCOP(=O)([O-])OCCCCCCCCCCCCCCCC)CCN(CCOP(=O)([O-])OCCCCCCCCCCCCCCCC)CCN(CCOP(=O)([O-])OCCCCCCCCCCCCCCCC)CCN(CCOP(=O)([O-])OCCCCCCCCCCCCCCCC),0.09169528610697641
N(CCOP(=O)([O-])OCCCC)CCN(CCOP(=O)([O-])OCCCC)CCN(CCOP(=O)([O-])OCCCC)CCN(CCOP(=O)([O-])OCCCC),-0.11120357513657578
N(CCOP(=O)([O-])OCCCCC)CCN(CCOP(=O)([O-])OCCCCC)CCN(CCOP(=O)([O-])OCCCCC)CCN(CCOP(=O)([O-])OCCCCC),-0.08464088721314596
N(CCOP(=O)([O-])OCCCCCC)CCN(CCOP(=O)([O-])OCCCCCC)CCN(CCOP(=O)([O-])OCCCCCC)CCN(CCOP(=O)([O-])OCCCCCC),-0.0683463414942169
N(CCOP(=O)([O-])OCCCCCCC)CCN(CCOP(=O)([O-])OCCCCCCC)CCN(CCOP(=O)([O-])OCCCCCCC)CCN(CCOP(=O)([O-])OCCCCCCC),-0.03161306317051776
N(CCOP(=O)([O-])OCCCCCCCC)CCN(CCOP(=O)([O-])OCCCCCCCC)CCN(CCOP(=O)([O-])OCCCCCCCC)CCN(CCOP(=O)([O-])OCCCCCCCC),0.009597670242885511
N(CCOP(=O)([O-])OCCCCCCCCC)CCN(CCOP(=O)([O-])OCCCCCCCCC)CCN(CCOP(=O)([O-])OCCCCCCCCC)CCN(CCOP(=O)([O-])OCCCCCCCCC),0.04200965146126759
N(CCOP(=O)([O-])OCCCCCCCCCC)CCCN([H])CCCCN([H])CCCN(CCOP(=O)([O-])OCCCCCCCCCC),0.079868072319006
N(CCOP(=O)([O-])OCCCCCCCCCCC)CCCN([H])CCCCN([H])CCCN(CCOP(=O)([O-])OCCCCCCCCCCC),0.08560982582669159
N(CCOP(=O)([O-])OCCCCCCCCCCCC)CCCN([H])CCCCN([H])CCCN(CCOP(=O)([O-])OCCCCCCCCCCCC),0.09115231531794322
N(CCOP(=O)([O-])OCCCCCCCCCCCCC)CCCN([H])CCCCN([H])CCCN(CCOP(=O)([O-])OCCCCCCCCCCCCC),0.09637679644106675
N(CCOP(=O)([O-])OCCCCCCCCCCCCCC)CCCN([H])CCCCN([H])CCCN(CCOP(=O)([O-])OCCCCCCCCCCCCCC),0.10123702408363282
N(CCOP(=O)([O-])OCCCCCCCCCCCCCCC)CCCN([H])CCCCN([H])CCCN(CCOP(=O)([O-])OCCCCCCCCCCCCCCC),0.10576207604286882
N(CCOP(=O)([O-])OCCCCCCCCCCCCCCCC)CCCN([H])CCCCN([H])CCCN(CCOP(=O)([O-])OCCCCCCCCCCCCCCCC),0.10995419022775561
N(CCOP(=O)([O-])OCCCC)CCCN([H])CCCCN([H])CCCN(CCOP(=O)([O-])OCCCC),-0.056590230129838714
N(CCOP(=O)([O-])OCCCCC)CCCN([H])CCCCN([H])CCCN(CCOP(=O)([O-])OCCCCC),-0.032601392866259266
N(CCOP(=O)([O-])OCCCCCC)CCCN([H])CCCCN([H])CCCN(CCOP(=O)([O-])OCCCCCC),-0.017781126011663827
N(CCOP(=O)([O-])OCCCCCCC)CCCN([H])CCCCN([H])CCCN(CCOP(=O)([O-])OCCCCCCC),0.016765234613017918
N(CCOP(=O)([O-])OCCCCCCCC)CCCN([H])CCCCN([H])CCCN(CCOP(=O)([O-])OCCCCCCCC),0.04863214981885791
N(CCOP(=O)([O-])OCCCCCCCCC)CCCN([H])CCCCN([H])CCCN(CCOP(=O)([O-])OCCCCCCCCC),0.07376349218548228
N(CCOP(=O)([O-])OCCCCCCCCCC)CCCN(CCOP(=O)([O-])OCCCCCCCCCC)CCCCN([H])CCCN(CCOP(=O)([O-])OCCCCCCCCCC),0.07976362655355175
N(CCOP(=O)([O-])OCCCCCCCCCCC)CCCN(CCOP(=O)([O-])OCCCCCCCCCCC)CCCCN([H])CCCN(CCOP(=O)([O-])OCCCCCCCCCCC),0.08635604080584945
N(CCOP(=O)([O-])OCCCCCCCCCCCC)CCCN(CCOP(=O)([O-])OCCCCCCCCCCCC)CCCCN([H])CCCN(CCOP(=O)([O-])OCCCCCCCCCCCC),0.09249192162605806
N(CCOP(=O)([O-])OCCCCCCCCCCCCC)CCCN(CCOP(=O)([O-])OCCCCCCCCCCCCC)CCCCN([H])CCCN(CCOP(=O)([O-])OCCCCCCCCCCCCC),0.09813073132062551
N(CCOP(=O)([O-])OCCCCCCCCCCCCCC)CCCN(CCOP(=O)([O-])OCCCCCCCCCCCCCC)CCCCN([H])CCCN(CCOP(=O)([O-])OCCCCCCCCCCCCCC),0.10336164079974766
N(CCOP(=O)([O-])OCCCCCCCCCCCCCCC)CCCN(CCOP(=O)([O-])OCCCCCCCCCCCCCCC)CCCCN([H])CCCN(CCOP(=O)([O-])OCCCCCCCCCCCCCCC),0.10820468610758843
N(CCOP(=O)([O-])OCCCCCCCCCCCCCCCC)CCCN(CCOP(=O)([O-])OCCCCCCCCCCCCCCCC)CCCCN([H])CCCN(CCOP(=O)([O-])OCCCCCCCCCCCCCCCC),0.11268179574825526
N(CCOP(=O)([O-])OCCCC)CCCN(CCOP(=O)([O-])OCCCC)CCCCN([H])CCCN(CCOP(=O)([O-])OCCCC),-0.07237882818482012
N(CCOP(=O)([O-])OCCCCC)CCCN(CCOP(=O)([O-])OCCCCC)CCCCN([H])CCCN(CCOP(=O)([O-])OCCCCC),-0.046686566698745866
N(CCOP(=O)([O-])OCCCCCC)CCCN(CCOP(=O)([O-])OCCCCCC)CCCCN([H])CCCN(CCOP(=O)([O-])OCCCCCC),-0.02980288768573274
N(CCOP(=O)([O-])OCCCCCCC)CCCN(CCOP(=O)([O-])OCCCCCCC)CCCCN([H])CCCN(CCOP(=O)([O-])OCCCCCCC),0.00931175108641874
N(CCOP(=O)([O-])OCCCCCCCC)CCCN(CCOP(=O)([O-])OCCCCCCCC)CCCCN([H])CCCN(CCOP(=O)([O-])OCCCCCCCC),0.04510929808518753
N(CCOP(=O)([O-])OCCCCCCCCC)CCCN(CCOP(=O)([O-])OCCCCCCCCC)CCCCN([H])CCCN(CCOP(=O)([O-])OCCCCCCCCC),0.07301218558790494
N(CCOP(=O)([O-])OCCCCCCCCCC)CCCN(CCOP(=O)([O-])OCCCCCCCCCC)CCCCN(CCOP(=O)([O-])OCCCCCCCCCC)CCCN(CCOP(=O)([O-])OCCCCCCCCCC),0.08321533831482149
N(CCOP(=O)([O-])OCCCCCCCCCCC)CCCN(CCOP(=O)([O-])OCCCCCCCCCCC)CCCCN(CCOP(=O)([O-])OCCCCCCCCCCC)CCCN(CCOP(=O)([O-])OCCCCCCCCCCC),0.09008101777515409
N(CCOP(=O)([O-])OCCCCCCCCCCCC)CCCN(CCOP(=O)([O-])OCCCCCCCCCCCC)CCCCN(CCOP(=O)([O-])OCCCCCCCCCCCC)CCCN(CCOP(=O)([O-])OCCCCCCCCCCCC),0.09636587724758311
N(CCOP(=O)([O-])OCCCCCCCCCCCCC)CCCN(CCOP(=O)([O-])OCCCCCCCCCCCCC)CCCCN(CCOP(=O)([O-])OCCCCCCCCCCCCC)CCCN(CCOP(=O)([O-])OCCCCCCCCCCCCC),0.1021204273891725
N(CCOP(=O)([O-])OCCCCCCCCCCCCCC)CCCN(CCOP(=O)([O-])OCCCCCCCCCCCCCC)CCCCN(CCOP(=O)([O-])OCCCCCCCCCCCCCC)CCCN(CCOP(=O)([O-])OCCCCCCCCCCCCCC),0.10741972075815849
N(CCOP(=O)([O-])OCCCCCCCCCCCCCCC)CCCN(CCOP(=O)([O-])OCCCCCCCCCCCCCCC)CCCCN(CCOP(=O)([O-])OCCCCCCCCCCCCCCC)CCCN(CCOP(=O)([O-])OCCCCCCCCCCCCCCC),0.11233218630297503
N(CCOP(=O)([O-])OCCCCCCCCCCCCCCCC)CCCN(CCOP(=O)([O-])OCCCCCCCCCCCCCCCC)CCCCN(CCOP(=O)([O-])OCCCCCCCCCCCCCCCC)CCCN(CCOP(=O)([O-])OCCCCCCCCCCCCCCCC),0.11685837974598651
N(CCOP(=O)([O-])OCCCC)CCCN(CCOP(=O)([O-])OCCCC)CCCCN(CCOP(=O)([O-])OCCCC)CCCN(CCOP(=O)([O-])OCCCC),-0.07757868479939285
N(CCOP(=O)([O-])OCCCCC)CCCN(CCOP(=O)([O-])OCCCCC)CCCCN(CCOP(=O)([O-])OCCCCC)CCCN(CCOP(=O)([O-])OCCCCC),-0.05112681842908415
N(CCOP(=O)([O-])OCCCCCC)CCCN(CCOP(=O)([O-])OCCCCCC)CCCCN(CCOP(=O)([O-])OCCCCCC)CCCN(CCOP(=O)([O-])OCCCCCC),-0.03366819957156339
N(CCOP(=O)([O-])OCCCCCCC)CCCN(CCOP(=O)([O-])OCCCCCCC)CCCCN(CCOP(=O)([O-])OCCCCCCC)CCCN(CCOP(=O)([O-])OCCCCCCC),0.008298699255224595
N(CCOP(=O)([O-])OCCCCCCCC)CCCN(CCOP(=O)([O-])OCCCCCCCC)CCCCN(CCOP(=O)([O-])OCCCCCCCC)CCCN(CCOP(=O)([O-])OCCCCCCCC),0.04681876015607357
N(CCOP(=O)([O-])OCCCCCCCCC)CCCN(CCOP(=O)([O-])OCCCCCCCCC)CCCCN(CCOP(=O)([O-])OCCCCCCCCC)CCCN(CCOP(=O)([O-])OCCCCCCCCC),0.07608177063581731
N(CCN(CCOP(=O)([O-])OCCCCCCCCCC)C)(CCN(CCOP(=O)([O-])OCCCCCCCCCC)C)(CCN([H])C),0.03318492300059307
N(CCN(CCOP(=O)([O-])OCCCCCCCCCCC)C)(CCN(CCOP(=O)([O-])OCCCCCCCCCCC)C)(CCN([H])C),0.04012753245958209
N(CCN(CCOP(=O)([O-])OCCCCCCCCCCCC)C)(CCN(CCOP(=O)([O-])OCCCCCCCCCCCC)C)(CCN([H])C),0.04661936847369107
N(CCN(CCOP(=O)([O-])OCCCCCCCCCCCCC)C)(CCN(CCOP(=O)([O-])OCCCCCCCCCCCCC)C)(CCN([H])C),0.05265506907308001
N(CCN(CCOP(=O)([O-])OCCCCCCCCCCCCCC)C)(CCN(CCOP(=O)([O-])OCCCCCCCCCCCCCC)C)(CCN([H])C),0.058522025327505126
N(CCN(CCOP(=O)([O-])OCCCCCCCCCCCCCCC)C)(CCN(CCOP(=O)([O-])OCCCCCCCCCCCCCCC)C)(CCN([H])C),0.06418273348713331
N(CCN(CCOP(=O)([O-])OCCCCCCCCCCCCCCCC)C)(CCN(CCOP(=O)([O-])OCCCCCCCCCCCCCCCC)C)(CCN([H])C),0.06945640354926498
N(CCN(CCOP(=O)([O-])OCCCC)C)(CCN(CCOP(=O)([O-])OCCCC)C)(CCN([H])C),-0.09134826840701249
N(CCN(CCOP(=O)([O-])OCCCCC)C)(CCN(CCOP(=O)([O-])OCCCCC)C)(CCN([H])C),-0.071935181503775
N(CCN(CCOP(=O)([O-])OCCCCCC)C)(CCN(CCOP(=O)([O-])OCCCCCC)C)(CCN([H])C),-0.05975455082135228
N(CCN(CCOP(=O)([O-])OCCCCCCC)C)(CCN(CCOP(=O)([O-])OCCCCCCC)C)(CCN([H])C),-0.031232235645931146
N(CCN(CCOP(=O)([O-])OCCCCCCCC)C)(CCN(CCOP(=O)([O-])OCCCCCCCC)C)(CCN([H])C),-0.00024266289859445908
N(CCN(CCOP(=O)([O-])OCCCCCCCCC)C)(CCN(CCOP(=O)([O-])OCCCCCCCCC)C)(CCN([H])C),0.025625198875497968
N(CCN(CCOP(=O)([O-])OCCCCCCCCCC)C)(CCN(CCOP(=O)([O-])OCCCCCCCCCC)C)(CCN(CCOP(=O)([O-])OCCCCCCCCCC)C),0.007732448204981441
N(CCN(CCOP(=O)([O-])OCCCCCCCCCCC)C)(CCN(CCOP(=O)([O-])OCCCCCCCCCCC)C)(CCN(CCOP(=O)([O-])OCCCCCCCCCCC)C),0.016445393863039722
N(CCN(CCOP(=O)([O-])OCCCCCCCCCCCC)C)(CCN(CCOP(=O)([O-])OCCCCCCCCCCCC)C)(CCN(CCOP(=O)([O-])OCCCCCCCCCCCC)C),0.024452444452403462
N(CCN(CCOP(=O)([O-])OCCCCCCCCCCCCC)C)(CCN(CCOP(=O)([O-])OCCCCCCCCCCCCC)C)(CCN(CCOP(=O)([O-])OCCCCCCCCCCCCC)C),0.031856851686419704
N(CCN(CCOP(=O)([O-])OCCCCCCCCCCCCCC)C)(CCN(CCOP(=O)([O-])OCCCCCCCCCCCCCC)C)(CCN(CCOP(=O)([O-])OCCCCCCCCCCCCCC)C),0.03884200394532951
N(CCN(CCOP(=O)([O-])OCCCCCCCCCCCCCCC)C)(CCN(CCOP(=O)([O-])OCCCCCCCCCCCCCCC)C)(CCN(CCOP(=O)([O-])OCCCCCCCCCCCCCCC)C),0.045494023176086404
N(CCN(CCOP(=O)([O-])OCCCCCCCCCCCCCCCC)C)(CCN(CCOP(=O)([O-])OCCCCCCCCCCCCCCCC)C)(CCN(CCOP(=O)([O-])OCCCCCCCCCCCCCCCC)C),0.05177178592372722
N(CCN(CCOP(=O)([O-])OCCCC)C)(CCN(CCOP(=O)([O-])OCCCC)C)(CCN(CCOP(=O)([O-])OCCCC)C),-0.12243003051938053
N(CCN(CCOP(=O)([O-])OCCCCC)C)(CCN(CCOP(=O)([O-])OCCCCC)C)(CCN(CCOP(=O)([O-])OCCCCC)C),-0.101227908110489
N(CCN(CCOP(=O)([O-])OCCCCCC)C)(CCN(CCOP(=O)([O-])OCCCCCC)C)(CCN(CCOP(=O)([O-])OCCCCCC)C),-0.08862196207528358
N(CCN(CCOP(=O)([O-])OCCCCCCC)C)(CCN(CCOP(=O)([O-])OCCCCCCC)C)(CCN(CCOP(=O)([O-])OCCCCCCC)C),-0.060914133122458955
N(CCN(CCOP(=O)([O-])OCCCCCCCC)C)(CCN(CCOP(=O)([O-])OCCCCCCCC)C)(CCN(CCOP(=O)([O-])OCCCCCCCC)C),-0.030527917627189538
N(CCN(CCOP(=O)([O-])OCCCCCCCCC)C)(CCN(CCOP(=O)([O-])OCCCCCCCCC)C)(CCN(CCOP(=O)([O-])OCCCCCCCCC)C),-0.002052297680538478
[N+](CCOP(=O)([O-])OCCCCCCCCCC)(CCN(CCOP(=O)([O-])OCCCCCCCCCC)C)(CCN(CCOP(=O)([O-])OCCCCCCCCCC)C)(CCN(CCOP(=O)([O-])OCCCCCCCCCC)C),-0.0012936014774674017
[N+](CCOP(=O)([O-])OCCCCCCCCCCC)(CCN(CCOP(=O)([O-])OCCCCCCCCCCC)C)(CCN(CCOP(=O)([O-])OCCCCCCCCCCC)C)(CCN(CCOP(=O)([O-])OCCCCCCCCCCC)C),0.00850893503347394
[N+](CCOP(=O)([O-])OCCCCCCCCCCCC)(CCN(CCOP(=O)([O-])OCCCCCCCCCCCC)C)(CCN(CCOP(=O)([O-])OCCCCCCCCCCCC)C)(CCN(CCOP(=O)([O-])OCCCCCCCCCCCC)C),0.017290677618288508
[N+](CCOP(=O)([O-])OCCCCCCCCCCCCC)(CCN(CCOP(=O)([O-])OCCCCCCCCCCCCC)C)(CCN(CCOP(=O)([O-])OCCCCCCCCCCCCC)C)(CCN(CCOP(=O)([O-])OCCCCCCCCCCCCC)C),0.02531696070731635
[N+](CCOP(=O)([O-])OCCCCCCCCCCCCCC)(CCN(CCOP(=O)([O-])OCCCCCCCCCCCCCC)C)(CCN(CCOP(=O)([O-])OCCCCCCCCCCCCCC)C)(CCN(CCOP(=O)([O-])OCCCCCCCCCCCCCC)C),0.03278272269426337
[N+](CCOP(=O)([O-])OCCCCCCCCCCCCCCC)(CCN(CCOP(=O)([O-])OCCCCCCCCCCCCCCC)C)(CCN(CCOP(=O)([O-])OCCCCCCCCCCCCCCC)C)(CCN(CCOP(=O)([O-])OCCCCCCCCCCCCCCC)C),0.039960980965028994
[N+](CCOP(=O)([O-])OCCCCCCCCCCCCCCCC)(CCN(CCOP(=O)([O-])OCCCCCCCCCCCCCCCC)C)(CCN(CCOP(=O)([O-])OCCCCCCCCCCCCCCCC)C)(CCN(CCOP(=O)([O-])OCCCCCCCCCCCCCCCC)C),0.04678826301388851
[N+](CCOP(=O)([O-])OCCCC)(CCN(CCOP(=O)([O-])OCCCC)C)(CCN(CCOP(=O)([O-])OCCCC)C)(CCN(CCOP(=O)([O-])OCCCC)C),-0.13769574639782445
[N+](CCOP(=O)([O-])OCCCCC)(CCN(CCOP(=O)([O-])OCCCCC)C)(CCN(CCOP(=O)([O-])OCCCCC)C)(CCN(CCOP(=O)([O-])OCCCCC)C),-0.11352207887976123
[N+](CCOP(=O)([O-])OCCCCCC)(CCN(CCOP(=O)([O-])OCCCCCC)C)(CCN(CCOP(=O)([O-])OCCCCCC)C)(CCN(CCOP(=O)([O-])OCCCCCC)C),-0.0997724637284504
[N+](CCOP(=O)([O-])OCCCCCCC)(CCN(CCOP(=O)([O-])OCCCCCCC)C)(CCN(CCOP(=O)([O-])OCCCCCCC)C)(CCN(CCOP(=O)([O-])OCCCCCCC)C),-0.07233306369713835
[N+](CCOP(=O)([O-])OCCCCCCCC)(CCN(CCOP(=O)([O-])OCCCCCCCC)C)(CCN(CCOP(=O)([O-])OCCCCCCCC)C)(CCN(CCOP(=O)([O-])OCCCCCCCC)C),-0.04152769836342604
[N+](CCOP(=O)([O-])OCCCCCCCCC)(CCN(CCOP(=O)([O-])OCCCCCCCCC)C)(CCN(CCOP(=O)([O-])OCCCCCCCCC)C)(CCN(CCOP(=O)([O-])OCCCCCCCCC)C),-0.01221205947382442
N(CCNCCOP(=O)([O-])OCCCCCCCCCC)(CCNCCOP(=O)([O-])OCCCCCCCCCC)(CCN([H])[H]),0.08401475244572496
N(CCNCCOP(=O)([O-])OCCCCCCCCCCC)(CCNCCOP(=O)([O-])OCCCCCCCCCCC)(CCN([H])[H]),0.09015452332248414
N(CCNCCOP(=O)([O-])OCCCCCCCCCCCC)(CCNCCOP(=O)([O-])OCCCCCCCCCCCC)(CCN([H])[H]),0.09604067452776495
N(CCNCCOP(=O)([O-])OCCCCCCCCCCCCC)(CCNCCOP(=O)([O-])OCCCCCCCCCCCCC)(CCN([H])[H]),0.10147470804082487
N(CCNCCOP(=O)([O-])OCCCCCCCCCCCCCC)(CCNCCOP(=O)([O-])OCCCCCCCCCCCCCC)(CCN([H])[H]),0.106493586908656
N(CCNCCOP(=O)([O-])OCCCCCCCCCCCCCCC)(CCNCCOP(=O)([O-])OCCCCCCCCCCCCCCC)(CCN([H])[H]),0.11115561692094678
N(CCNCCOP(=O)([O-])OCCCCCCCCCCCCCCCC)(CCNCCOP(=O)([O-])OCCCCCCCCCCCCCCCC)(CCN([H])[H]),0.11548798341498108
N(CCNCCOP(=O)([O-])OCCCC)(CCNCCOP(=O)([O-])OCCCC)(CCN([H])[H]),-0.06633746522512397
N(CCNCCOP(=O)([O-])OCCCCC)(CCNCCOP(=O)([O-])OCCCCC)(CCN([H])[H]),-0.040906167957451736
N(CCNCCOP(=O)([O-])OCCCCCC)(CCNCCOP(=O)([O-])OCCCCCC)(CCN([H])[H]),-0.0238902645705277
N(CCNCCOP(=O)([O-])OCCCCCCC)(CCNCCOP(=O)([O-])OCCCCCCC)(CCN([H])[H]),0.014104856479083293
N(CCNCCOP(=O)([O-])OCCCCCCCC)(CCNCCOP(=O)([O-])OCCCCCCCC)(CCN([H])[H]),0.05015578283695667
N(CCNCCOP(=O)([O-])OCCCCCCCCC)(CCNCCOP(=O)([O-])OCCCCCCCCC)(CCN([H])[H]),0.07752196269188255
N(CCNCCOP(=O)([O-])OCCCCCCCCCC)(CCNCCOP(=O)([O-])OCCCCCCCCCC)(CCN(CCOP(=O)([O-])OCCCCCCCCCC)[H]),0.06615729014534573
N(CCNCCOP(=O)([O-])OCCCCCCCCCCC)(CCNCCOP(=O)([O-])OCCCCCCCCCCC)(CCN(CCOP(=O)([O-])OCCCCCCCCCCC)[H]),0.07338800410145059
N(CCNCCOP(=O)([O-])OCCCCCCCCCCCC)(CCNCCOP(=O)([O-])OCCCCCCCCCCCC)(CCN(CCOP(=O)([O-])OCCCCCCCCCCCC)[H]),0.08014967336250642
N(CCNCCOP(=O)([O-])OCCCCCCCCCCCCC)(CCNCCOP(=O)([O-])OCCCCCCCCCCCCC)(CCN(CCOP(=O)([O-])OCCCCCCCCCCCCC)[H]),0.08668735647167565
N(CCNCCOP(=O)([O-])OCCCCCCCCCCCCCC)(CCNCCOP(=O)([O-])OCCCCCCCCCCCCCC)(CCN(CCOP(=O)([O-])OCCCCCCCCCCCCCC)[H]),0.09273517782641715
N(CCNCCOP(=O)([O-])OCCCCCCCCCCCCCCC)(CCNCCOP(=O)([O-])OCCCCCCCCCCCCCCC)(CCN(CCOP(=O)([O-])OCCCCCCCCCCCCCCC)[H]),0.09831164147951198
N(CCNCCOP(=O)([O-])OCCCCCCCCCCCCCCCC)(CCNCCOP(=O)([O-])OCCCCCCCCCCCCCCCC)(CCN(CCOP(=O)([O-])OCCCCCCCCCCCCCCCC)[H]),0.10345707485118515
N(CCNCCOP(=O)([O-])OCCCC)(CCNCCOP(=O)([O-])OCCCC)(CCN(CCOP(=O)([O-])OCCCC)[H]),-0.09317435707679877
N(CCNCCOP(=O)([O-])OCCCCC)(CCNCCOP(=O)([O-])OCCCCC)(CCN(CCOP(=O)([O-])OCCCCC)[H]),-0.067808912909304
N(CCNCCOP(=O)([O-])OCCCCCC)(CCNCCOP(=O)([O-])OCCCCCC)(CCN(CCOP(=O)([O-])OCCCCCC)[H]),-0.05127172679047366
N(CCNCCOP(=O)([O-])OCCCCCCC)(CCNCCOP(=O)([O-])OCCCCCCC)(CCN(CCOP(=O)([O-])OCCCCCCC)[H]),-0.01280292752285669
N(CCNCCOP(=O)([O-])OCCCCCCCC)(CCNCCOP(=O)([O-])OCCCCCCCC)(CCN(CCOP(=O)([O-])OCCCCCCCC)[H]),0.027705200097468168
N(CCNCCOP(=O)([O-])OCCCCCCCCC)(CCNCCOP(=O)([O-])OCCCCCCCCC)(CCN(CCOP(=O)([O-])OCCCCCCCCC)[H]),0.058490304094166126
N(CCNCCOP(=O)([O-])OCCCCCCCCCC)(CCNCCOP(=O)([O-])OCCCCCCCCCC)(CCN(CCOP(=O)([O-])OCCCCCCCCCC)CCOP(=O)([O-])OCCCCCCCCCC),0.01371229870675152
N(CCNCCOP(=O)([O-])OCCCCCCCCCCC)(CCNCCOP(=O)([O-])OCCCCCCCCCCC)(CCN(CCOP(=O)([O-])OCCCCCCCCCCC)CCOP(=O)([O-])OCCCCCCCCCCC),0.023264820701181303
N(CCNCCOP(=O)([O-])OCCCCCCCCCCCC)(CCNCCOP(=O)([O-])OCCCCCCCCCCCC)(CCN(CCOP(=O)([O-])OCCCCCCCCCCCC)CCOP(=O)([O-])OCCCCCCCCCCCC),0.031786620395182416
N(CCNCCOP(=O)([O-])OCCCCCCCCCCCCC)(CCNCCOP(=O)([O-])OCCCCCCCCCCCCC)(CCN(CCOP(=O)([O-])OCCCCCCCCCCCCC)CCOP(=O)([O-])OCCCCCCCCCCCCC),0.03999334052811085
N(CCNCCOP(=O)([O-])OCCCCCCCCCCCCCC)(CCNCCOP(=O)([O-])OCCCCCCCCCCCCCC)(CCN(CCOP(=O)([O-])OCCCCCCCCCCCCCC)CCOP(=O)([O-])OCCCCCCCCCCCCCC),0.04764635842256447
N(CCNCCOP(=O)([O-])OCCCCCCCCCCCCCCC)(CCNCCOP(=O)([O-])OCCCCCCCCCCCCCCC)(CCN(CCOP(=O)([O-])OCCCCCCCCCCCCCCC)CCOP(=O)([O-])OCCCCCCCCCCCCCCC),0.05478009131632562
N(CCNCCOP(=O)([O-])OCCCCCCCCCCCCCCCC)(CCNCCOP(=O)([O-])OCCCCCCCCCCCCCCCC)(CCN(CCOP(=O)([O-])OCCCCCCCCCCCCCCCC)CCOP(=O)([O-])OCCCCCCCCCCCCCCCC),0.06138629349106896
N(CCNCCOP(=O)([O-])OCCCC)(CCNCCOP(=O)([O-])OCCCC)(CCN(CCOP(=O)([O-])OCCCC)CCOP(=O)([O-])OCCCC),-0.13872243595623063
N(CCNCCOP(=O)([O-])OCCCCC)(CCNCCOP(=O)([O-])OCCCCC)(CCN(CCOP(=O)([O-])OCCCCC)CCOP(=O)([O-])OCCCCC),-0.11327688516088853
N(CCNCCOP(=O)([O-])OCCCCCC)(CCNCCOP(=O)([O-])OCCCCCC)(CCN(CCOP(=O)([O-])OCCCCCC)CCOP(=O)([O-])OCCCCCC),-0.09727417629063058
N(CCNCCOP(=O)([O-])OCCCCCCC)(CCNCCOP(=O)([O-])OCCCCCCC)(CCN(CCOP(=O)([O-])OCCCCCCC)CCOP(=O)([O-])OCCCCCCC),-0.0645149361823743
N(CCNCCOP(=O)([O-])OCCCCCCCC)(CCNCCOP(=O)([O-])OCCCCCCCC)(CCN(CCOP(=O)([O-])OCCCCCCCC)CCOP(=O)([O-])OCCCCCCCC),-0.029679344596324635
N(CCNCCOP(=O)([O-])OCCCCCCCCC)(CCNCCOP(=O)([O-])OCCCCCCCCC)(CCN(CCOP(=O)([O-])OCCCCCCCCC)CCOP(=O)([O-])OCCCCCCCCC),0.00306477883102862
N(CCOP(=O)([O-])OCCCCCCCCCC)CCN([H])CCN([H])CCN([H])CCN(CCOP(=O)([O-])OCCCCCCCCCC),0.0700715731870958
N(CCOP(=O)([O-])OCCCCCCCCCCC)CCN([H])CCN([H])CCN([H])CCN(CCOP(=O)([O-])OCCCCCCCCCCC),0.07624537830379159
N(CCOP(=O)([O-])OCCCCCCCCCCCC)CCN([H])CCN([H])CCN([H])CCN(CCOP(=O)([O-])OCCCCCCCCCCCC),0.08204708974873536
N(CCOP(=O)([O-])OCCCCCCCCCCCCC)CCN([H])CCN([H])CCN([H])CCN(CCOP(=O)([O-])OCCCCCCCCCCCCC),0.0874220965349855
N(CCOP(=O)([O-])OCCCCCCCCCCCCCC)CCN([H])CCN([H])CCN([H])CCN(CCOP(=O)([O-])OCCCCCCCCCCCCCC),0.09251491651632415
N(CCOP(=O)([O-])OCCCCCCCCCCCCCCC)CCN([H])CCN([H])CCN([H])CCN(CCOP(=O)([O-])OCCCCCCCCCCCCCCC),0.09740848750075223
N(CCOP(=O)([O-])OCCCCCCCCCCCCCCCC)CCN([H])CCN([H])CCN([H])CCN(CCOP(=O)([O-])OCCCCCCCCCCCCCCCC),0.10197491824684854
N(CCOP(=O)([O-])OCCCC)CCN([H])CCN([H])CCN([H])CCN(CCOP(=O)([O-])OCCCC),-0.0666692014376043
N(CCOP(=O)([O-])OCCCCC)CCN([H])CCN([H])CCN([H])CCN(CCOP(=O)([O-])OCCCCC),-0.04413414889873203
N(CCOP(=O)([O-])OCCCCCC)CCN([H])CCN([H])CCN([H])CCN(CCOP(=O)([O-])OCCCCCC),-0.028551153099043013
N(CCOP(=O)([O-])OCCCCCCC)CCN([H])CCN([H])CCN([H])CCN(CCOP(=O)([O-])OCCCCCCC),0.0047002842995236774
N(CCOP(=O)([O-])OCCCCCCCC)CCN([H])CCN([H])CCN([H])CCN(CCOP(=O)([O-])OCCCCCCCC),0.03764785421120688
N(CCOP(=O)([O-])OCCCCCCCCC)CCN([H])CCN([H])CCN([H])CCN(CCOP(=O)([O-])OCCCCCCCCC),0.06339595077537666
N(CCOP(=O)([O-])OCCCCCCCCCC)CCN([H])CCN(CCOP(=O)([O-])OCCCCCCCCCC)CCN([H])CCN(CCOP(=O)([O-])OCCCCCCCCCC),0.044304026340173164
N(CCOP(=O)([O-])OCCCCCCCCCCC)CCN([H])CCN(CCOP(=O)([O-])OCCCCCCCCCCC)CCN([H])CCN(CCOP(=O)([O-])OCCCCCCCCCCC),0.051937729127584195
N(CCOP(=O)([O-])OCCCCCCCCCCCC)CCN([H])CCN(CCOP(=O)([O-])OCCCCCCCCCCCC)CCN([H])CCN(CCOP(=O)([O-])OCCCCCCCCCCCC),0.05899357828295548
N(CCOP(=O)([O-])OCCCCCCCCCCCCC)CCN([H])CCN(CCOP(=O)([O-])OCCCCCCCCCCCCC)CCN([H])CCN(CCOP(=O)([O-])OCCCCCCCCCCCCC),0.06559545483497078
N(CCOP(=O)([O-])OCCCCCCCCCCCCCC)CCN([H])CCN(CCOP(=O)([O-])OCCCCCCCCCCCCCC)CCN([H])CCN(CCOP(=O)([O-])OCCCCCCCCCCCCCC),0.07176514460226562
N(CCOP(=O)([O-])OCCCCCCCCCCCCCCC)CCN([H])CCN(CCOP(=O)([O-])OCCCCCCCCCCCCCCC)CCN([H])CCN(CCOP(=O)([O-])OCCCCCCCCCCCCCCC),0.0777589106924299
N(CCOP(=O)([O-])OCCCCCCCCCCCCCCCC)CCN([H])CCN(CCOP(=O)([O-])OCCCCCCCCCCCCCCCC)CCN([H])CCN(CCOP(=O)([O-])OCCCCCCCCCCCCCCCC),0.08350694236088049
N(CCOP(=O)([O-])OCCCC)CCN([H])CCN(CCOP(=O)([O-])OCCCC)CCN([H])CCN(CCOP(=O)([O-])OCCCC),-0.10120498831783971
N(CCOP(=O)([O-])OCCCCC)CCN([H])CCN(CCOP(=O)([O-])OCCCCC)CCN([H])CCN(CCOP(=O)([O-])OCCCCC),-0.07781157001887098
N(CCOP(=O)([O-])OCCCCCC)CCN([H])CCN(CCOP(=O)([O-])OCCCCCC)CCN([H])CCN(CCOP(=O)([O-])OCCCCCC),-0.061717489878244755
N(CCOP(=O)([O-])OCCCCCCC)CCN([H])CCN(CCOP(=O)([O-])OCCCCCCC)CCN([H])CCN(CCOP(=O)([O-])OCCCCCCC),-0.028504487439959553
N(CCOP(=O)([O-])OCCCCCCCC)CCN([H])CCN(CCOP(=O)([O-])OCCCCCCCC)CCN([H])CCN(CCOP(=O)([O-])OCCCCCCCC),0.007713711349588259
N(CCOP(=O)([O-])OCCCCCCCCC)CCN([H])CCN(CCOP(=O)([O-])OCCCCCCCCC)CCN([H])CCN(CCOP(=O)([O-])OCCCCCCCCC),0.03625236025666477
N(CCOP(=O)([O-])OCCCCCCCCCC)CCN(CCOP(=O)([O-])OCCCCCCCCCC)CCN(CCOP(=O)([O-])OCCCCCCCCCC)CCN([H])CCN(CCOP(=O)([O-])OCCCCCCCCCC),0.05286411079922214
N(CCOP(=O)([O-])OCCCCCCCCCCC)CCN(CCOP(=O)([O-])OCCCCCCCCCCC)CCN(CCOP(=O)([O-])OCCCCCCCCCCC)CCN([H])CCN(CCOP(=O)([O-])OCCCCCCCCCCC),0.06049590610716629
N(CCOP(=O)([O-])OCCCCCCCCCCCC)CCN(CCOP(=O)([O-])OCCCCCCCCCCCC)CCN(CCOP(=O)([O-])OCCCCCCCCCCCC)CCN([H])CCN(CCOP(=O)([O-])OCCCCCCCCCCCC),0.06754991537092583
N(CCOP(=O)([O-])OCCCCCCCCCCCCC)CCN(CCOP(=O)([O-])OCCCCCCCCCCCCC)CCN(CCOP(=O)([O-])OCCCCCCCCCCCCC)CCN([H])CCN(CCOP(=O)([O-])OCCCCCCCCCCCCC),0.0742331226419424
N(CCOP(=O)([O-])OCCCCCCCCCCCCCC)CCN(CCOP(=O)([O-])OCCCCCCCCCCCCCC)CCN(CCOP(=O)([O-])OCCCCCCCCCCCCCC)CCN([H])CCN(CCOP(=O)([O-])OCCCCCCCCCCCCCC),0.08064761562050252
N(CCOP(=O)([O-])OCCCCCCCCCCCCCCC)CCN(CCOP(=O)([O-])OCCCCCCCCCCCCCCC)CCN(CCOP(=O)([O-])OCCCCCCCCCCCCCCC)CCN([H])CCN(CCOP(=O)([O-])OCCCCCCCCCCCCCCC),0.08671834174836995
N(CCOP(=O)([O-])OCCCCCCCCCCCCCCCC)CCN(CCOP(=O)([O-])OCCCCCCCCCCCCCCCC)CCN(CCOP(=O)([O-])OCCCCCCCCCCCCCCCC)CCN([H])CCN(CCOP(=O)([O-])OCCCCCCCCCCCCCCCC),0.09235950950810512
N(CCOP(=O)([O-])OCCCC)CCN(CCOP(=O)([O-])OCCCC)CCN(CCOP(=O)([O-])OCCCC)CCN([H])CCN(CCOP(=O)([O-])OCCCC),-0.1027968550305687
N(CCOP(=O)([O-])OCCCCC)CCN(CCOP(=O)([O-])OCCCCC)CCN(CCOP(=O)([O-])OCCCCC)CCN([H])CCN(CCOP(=O)([O-])OCCCCC),-0.07761696205467904
N(CCOP(=O)([O-])OCCCCCC)CCN(CCOP(=O)([O-])OCCCCCC)CCN(CCOP(=O)([O-])OCCCCCC)CCN([H])CCN(CCOP(=O)([O-])OCCCCCC),-0.061258973869071975
N(CCOP(=O)([O-])OCCCCCCC)CCN(CCOP(=O)([O-])OCCCCCCC)CCN(CCOP(=O)([O-])OCCCCCCC)CCN([H])CCN(CCOP(=O)([O-])OCCCCCCC),-0.025555186244885904
N(CCOP(=O)([O-])OCCCCCCCC)CCN(CCOP(=O)([O-])OCCCCCCCC)CCN(CCOP(=O)([O-])OCCCCCCCC)CCN([H])CCN(CCOP(=O)([O-])OCCCCCCCC),0.014122977534018661
N(CCOP(=O)([O-])OCCCCCCCCC)CCN(CCOP(=O)([O-])OCCCCCCCCC)CCN(CCOP(=O)([O-])OCCCCCCCCC)CCN([H])CCN(CCOP(=O)([O-])OCCCCCCCCC),0.04466783674479147
N(CCOP(=O)([O-])OCCCCCCCCCC)CCN(CCOP(=O)([O-])OCCCCCCCCCC)CCN(CCOP(=O)([O-])OCCCCCCCCCC)CCN(CCOP(=O)([O-])OCCCCCCCCCC)CCN(CCOP(=O)([O-])OCCCCCCCCCC),0.05704225682738295
N(CCOP(=O)([O-])OCCCCCCCCCCC)CCN(CCOP(=O)([O-])OCCCCCCCCCCC)CCN(CCOP(=O)([O-])OCCCCCCCCCCC)CCN(CCOP(=O)([O-])OCCCCCCCCCCC)CCN(CCOP(=O)([O-])OCCCCCCCCCCC),0.06471199145133766
N(CCOP(=O)([O-])OCCCCCCCCCCCC)CCN(CCOP(=O)([O-])OCCCCCCCCCCCC)CCN(CCOP(=O)([O-])OCCCCCCCCCCCC)CCN(CCOP(=O)([O-])OCCCCCCCCCCCC)CCN(CCOP(=O)([O-])OCCCCCCCCCCCC),0.07181104426565764
N(CCOP(=O)([O-])OCCCCCCCCCCCCC)CCN(CCOP(=O)([O-])OCCCCCCCCCCCCC)CCN(CCOP(=O)([O-])OCCCCCCCCCCCCC)CCN(CCOP(=O)([O-])OCCCCCCCCCCCCC)CCN(CCOP(=O)([O-])OCCCCCCCCCCCCC),0.07872101630038263
N(CCOP(=O)([O-])OCCCCCCCCCCCCCC)CCN(CCOP(=O)([O-])OCCCCCCCCCCCCCC)CCN(CCOP(=O)([O-])OCCCCCCCCCCCCCC)CCN(CCOP(=O)([O-])OCCCCCCCCCCCCCC)CCN(CCOP(=O)([O-])OCCCCCCCCCCCCCC),0.08520930019721666
N(CCOP(=O)([O-])OCCCCCCCCCCCCCCC)CCN(CCOP(=O)([O-])OCCCCCCCCCCCCCCC)CCN(CCOP(=O)([O-])OCCCCCCCCCCCCCCC)CCN(CCOP(=O)([O-])OCCCCCCCCCCCCCCC)CCN(CCOP(=O)([O-])OCCCCCCCCCCCCCCC),0.09125450815489329
N(CCOP(=O)([O-])OCCCCCCCCCCCCCCCC)CCN(CCOP(=O)([O-])OCCCCCCCCCCCCCCCC)CCN(CCOP(=O)([O-])OCCCCCCCCCCCCCCCC)CCN(CCOP(=O)([O-])OCCCCCCCCCCCCCCCC)CCN(CCOP(=O)([O-])OCCCCCCCCCCCCCCCC),0.09685543861154364
N(CCOP(=O)([O-])OCCCC)CCN(CCOP(=O)([O-])OCCCC)CCN(CCOP(=O)([O-])OCCCC)CCN(CCOP(=O)([O-])OCCCC)CCN(CCOP(=O)([O-])OCCCC),-0.10512569971558838
N(CCOP(=O)([O-])OCCCCC)CCN(CCOP(=O)([O-])OCCCCC)CCN(CCOP(=O)([O-])OCCCCC)CCN(CCOP(=O)([O-])OCCCCC)CCN(CCOP(=O)([O-])OCCCCC),-0.0785132070526926
N(CCOP(=O)([O-])OCCCCCC)CCN(CCOP(=O)([O-])OCCCCCC)CCN(CCOP(=O)([O-])OCCCCCC)CCN(CCOP(=O)([O-])OCCCCCC)CCN(CCOP(=O)([O-])OCCCCCC),-0.06205508370483598
N(CCOP(=O)([O-])OCCCCCCC)CCN(CCOP(=O)([O-])OCCCCCCC)CCN(CCOP(=O)([O-])OCCCCCCC)CCN(CCOP(=O)([O-])OCCCCCCC)CCN(CCOP(=O)([O-])OCCCCCCC),-0.02488242424472632
N(CCOP(=O)([O-])OCCCCCCCC)CCN(CCOP(=O)([O-])OCCCCCCCC)CCN(CCOP(=O)([O-])OCCCCCCCC)CCN(CCOP(=O)([O-])OCCCCCCCC)CCN(CCOP(=O)([O-])OCCCCCCCC),0.016838875336058212
N(CCOP(=O)([O-])OCCCCCCCCC)CCN(CCOP(=O)([O-])OCCCCCCCCC)CCN(CCOP(=O)([O-])OCCCCCCCCC)CCN(CCOP(=O)([O-])OCCCCCCCCC)CCN(CCOP(=O)([O-])OCCCCCCCCC),0.048741912495582046
N(CCOP(=O)([O-])OCCCCCCCCCC)CCCCCC,0.09529065960919668
N(CCOP(=O)([O-])OCCCCCCCCCCC)CCCCCC,0.10074328729217787
N(CCOP(=O)([O-])OCCCCCCCCCCCC)CCCCCC,0.10577699042956656
N(CCOP(=O)([O-])OCCCCCCCCCCCCC)CCCCCC,0.11046300662066527
N(CCOP(=O)([O-])OCCCCCCCCCCCCCC)CCCCCC,0.11482017034776903
N(CCOP(=O)([O-])OCCCCCCCCCCCCCCC)CCCCCC,0.11886546869179943
N(CCOP(=O)([O-])OCCCCCCCCCCCCCCCC)CCCCCC,0.12249721947960068
N(CCOP(=O)([O-])OCCCC)CCCCCC,-0.0416128290218377
N(CCOP(=O)([O-])OCCCCC)CCCCCC,-0.016369298325466346
N(CCOP(=O)([O-])OCCCCCC)CCCCCC,7.291981651081714e-05
N(CCOP(=O)([O-])OCCCCCCC)CCCCCC,0.03367463455978721
N(CCOP(=O)([O-])OCCCCCCCC)CCCCCC,0.06540954317480502
N(CCOP(=O)([O-])OCCCCCCCCC)CCCCCC,0.08959683340055691
N(CCOP(=O)([O-])OCCCCCCCCCC)CCCCCCCC,0.10867955837770163
N(CCOP(=O)([O-])OCCCCCCCCCCC)CCCCCCCC,0.11325674310252459
N(CCOP(=O)([O-])OCCCCCCCCCCCC)CCCCCCCC,0.11751420723355627
N(CCOP(=O)([O-])OCCCCCCCCCCCCC)CCCCCCCC,0.12136344071962868
N(CCOP(=O)([O-])OCCCCCCCCCCCCCC)CCCCCCCC,0.12485683165822592
N(CCOP(=O)([O-])OCCCCCCCCCCCCCCC)CCCCCCCC,0.12824911116555512
N(CCOP(=O)([O-])OCCCCCCCCCCCCCCCC)CCCCCCCC,0.13150666554833376
N(CCOP(=O)([O-])OCCCC)CCCCCCCC,-0.01668069059355383
N(CCOP(=O)([O-])OCCCCC)CCCCCCCC,0.008077078678267409
N(CCOP(=O)([O-])OCCCCCC)CCCCCCCC,0.021649253180588225
N(CCOP(=O)([O-])OCCCCCCC)CCCCCCCC,0.05214060533938651
N(CCOP(=O)([O-])OCCCCCCCC)CCCCCCCC,0.08144028598541679
N(CCOP(=O)([O-])OCCCCCCCCC)CCCCCCCC,0.1037620012144656
N(CCOP(=O)([O-])OCCCCCCCCCC)CCCCCCCCCC,0.11792813027786944
N(CCOP(=O)([O-])OCCCCCCCCCCC)CCCCCCCCCC,0.12173745689037097
N(CCOP(=O)([O-])OCCCCCCCCCCCC)CCCCCCCCCC,0.12522024404547516
N(CCOP(=O)([O-])OCCCCCCCCCCCCC)CCCCCCCCCC,0.12860381222925482
N(CCOP(=O)([O-])OCCCCCCCCCCCCCC)CCCCCCCCCC,0.13185035730140965
N(CCOP(=O)([O-])OCCCCCCCCCCCCCCC)CCCCCCCCCC,0.13502698649231776
N(CCOP(=O)([O-])OCCCCCCCCCCCCCCCC)CCCCCCCCCC,0.13795935317480157
N(CCOP(=O)([O-])OCCCC)CCCCCCCCCC,0.004187728514657161
N(CCOP(=O)([O-])OCCCCC)CCCCCCCCCC,0.02539513732641175
N(CCOP(=O)([O-])OCCCCCC)CCCCCCCCCC,0.03735316365309713
N(CCOP(=O)([O-])OCCCCCCC)CCCCCCCCCC,0.06579622080374085
N(CCOP(=O)([O-])OCCCCCCCC)CCCCCCCCCC,0.09326449586871495
N(CCOP(=O)([O-])OCCCCCCCCC)CCCCCCCCCC,0.11368601609971299
N(CCOP(=O)([O-])OCCCCCCCCCC)CCCCCCCCCCCC,0.125220153928335
N(CCOP(=O)([O-])OCCCCCCCCCCC)CCCCCCCCCCCC,0.12860382724877817
N(CCOP(=O)([O-])OCCCCCCCCCCCC)CCCCCCCCCCCC,0.13185038734045637
N(CCOP(=O)([O-])OCCCCCCCCCCCCC)CCCCCCCCCCCC,0.13502694143374766
N(CCOP(=O)([O-])OCCCCCCCCCCCCCC)CCCCCCCCCCCC,0.13795936819432494
N(CCOP(=O)([O-])OCCCCCCCCCCCCCCC)CCCCCCCCCCCC,0.14072290041470475
N(CCOP(=O)([O-])OCCCCCCCCCCCCCCCC)CCCCCCCCCCCC,0.14334280093318075
N(CCOP(=O)([O-])OCCCC)CCCCCCCCCCCC,0.02067550744203052
N(CCOP(=O)([O-])OCCCCC)CCCCCCCCCCCC,0.03992467126730313
N(CCOP(=O)([O-])OCCCCCC)CCCCCCCCCCCC,0.050786099664097306
N(CCOP(=O)([O-])OCCCCCCC)CCCCCCCCCCCC,0.07775347362497313
N(CCOP(=O)([O-])OCCCCCCCC)CCCCCCCCCCCC,0.10317912355186153
N(CCOP(=O)([O-])OCCCCCCCCC)CCCCCCCCCCCC,0.12173742685132424
N(CCOP(=O)([O-])OCCCCCCCCCC)CCCCCCCCCCCCCC,0.13185032726236293
N(CCOP(=O)([O-])OCCCCCCCCCCC)CCCCCCCCCCCCCC,0.13502697147279438
N(CCOP(=O)([O-])OCCCCCCCCCCCC)CCCCCCCCCCCCCC,0.13795935317480157
N(CCOP(=O)([O-])OCCCCCCCCCCCCC)CCCCCCCCCCCCCC,0.14072278025851787
N(CCOP(=O)([O-])OCCCCCCCCCCCCCC)CCCCCCCCCCCCCC,0.1433427859136574
N(CCOP(=O)([O-])OCCCCCCCCCCCCCCC)CCCCCCCCCCCCCC,0.14583012411894686
N(CCOP(=O)([O-])OCCCCCCCCCCCCCCCC)CCCCCCCCCCCCCC,0.14822569303649896
N(CCOP(=O)([O-])OCCCC)CCCCCCCCCCCCCC,0.03516798821878965
N(CCOP(=O)([O-])OCCCCC)CCCCCCCCCCCCCC,0.05318910324571326
N(CCOP(=O)([O-])OCCCCCC)CCCCCCCCCCCCCC,0.06301651255670096
N(CCOP(=O)([O-])OCCCCCCC)CCCCCCCCCCCCCC,0.08843571910806738
N(CCOP(=O)([O-])OCCCCCCCC)CCCCCCCCCCCCCC,0.11155896622081361
N(CCOP(=O)([O-])OCCCCCCCCC)CCCCCCCCCCCCCC,0.12860382724877817
N(CCCC)(CCCC)CCOP(=O)([O-])OCCCCCCCCCC,0.09506308379122676
N(CCCC)(CCCC)CCOP(=O)([O-])OCCCCCCCCCCC,0.09998610806096628
N(CCCC)(CCCC)CCOP(=O)([O-])OCCCCCCCCCCCC,0.10470850153764598
N(CCCC)(CCCC)CCOP(=O)([O-])OCCCCCCCCCCCCC,0.10908954630689416
N(CCCC)(CCCC)CCOP(=O)([O-])OCCCCCCCCCCCCCC,0.11320441508313395
N(CCCC)(CCCC)CCOP(=O)([O-])OCCCCCCCCCCCCCCC,0.11700064467126443
N(CCCC)(CCCC)CCOP(=O)([O-])OCCCCCCCCCCCCCCCC,0.1204685925372877
N(CCCC)(CCCC)CCOP(=O)([O-])OCCCC,-0.02743553294281477
N(CCCC)(CCCC)CCOP(=O)([O-])OCCCCC,-0.004152552729761346
N(CCCC)(CCCC)CCOP(=O)([O-])OCCCCCC,0.0096657687618055
N(CCCC)(CCCC)CCOP(=O)([O-])OCCCCCCC,0.040279297233386024
N(CCCC)(CCCC)CCOP(=O)([O-])OCCCCCCCC,0.0679720991530877
N(CCCC)(CCCC)CCOP(=O)([O-])OCCCCCCCCC,0.08980118903541032
N(CCCCCC)(CCCCCC)CCOP(=O)([O-])OCCCCCCCCCC,0.16841831573147129
N(CCCCCC)(CCCCCC)CCOP(=O)([O-])OCCCCCCCCCCC,0.1705225509543849
N(CCCCCC)(CCCCCC)CCOP(=O)([O-])OCCCCCCCCCCCC,0.17255811691649078
N(CCCCCC)(CCCCCC)CCOP(=O)([O-])OCCCCCCCCCCCCC,0.17452711635105952
N(CCCCCC)(CCCCCC)CCOP(=O)([O-])OCCCCCCCCCCCCCC,0.17638018008480266
N(CCCCCC)(CCCCCC)CCOP(=O)([O-])OCCCCCCCCCCCCCCC,0.1781379299232952
N(CCCCCC)(CCCCCC)CCOP(=O)([O-])OCCCCCCCCCCCCCCCC,0.1798911438657326
N(CCCCCC)(CCCCCC)CCOP(=O)([O-])OCCCC,0.07385035008908049
N(CCCCCC)(CCCCCC)CCOP(=O)([O-])OCCCCC,0.09127968087604678
N(CCCCCC)(CCCCCC)CCOP(=O)([O-])OCCCCCC,0.10051460002947919
N(CCCCCC)(CCCCCC)CCOP(=O)([O-])OCCCCCCC,0.1257946506969035
N(CCCCCC)(CCCCCC)CCOP(=O)([O-])OCCCCCCCC,0.14921860368686565
N(CCCCCC)(CCCCCC)CCOP(=O)([O-])OCCCCCCCCC,0.16617490960509218
N(CCCCCCCC)(CCCCCCCC)CCOP(=O)([O-])OCCCCCCCCCC,0.17926036894312944
N(CCCCCCCC)(CCCCCCCC)CCOP(=O)([O-])OCCCCCCCCCCC,0.1809890560039179
N(CCCCCCCC)(CCCCCCCC)CCOP(=O)([O-])OCCCCCCCCCCCC,0.18266305698014798
N(CCCCCCCC)(CCCCCCCC)CCOP(=O)([O-])OCCCCCCCCCCCCC,0.1842398816402307
N(CCCCCCCC)(CCCCCCCC)CCOP(=O)([O-])OCCCCCCCCCCCCCC,0.18572188804933368
N(CCCCCCCC)(CCCCCCCC)CCOP(=O)([O-])OCCCCCCCCCCCCCCC,0.18713004346206935
N(CCCCCCCC)(CCCCCCCC)CCOP(=O)([O-])OCCCCCCCCCCCCCCCC,0.1884703406682588
N(CCCCCCCC)(CCCCCCCC)CCOP(=O)([O-])OCCCC,0.09924086935082689
N(CCCCCCCC)(CCCCCCCC)CCOP(=O)([O-])OCCCCC,0.11392108665984019
N(CCCCCCCC)(CCCCCCCC)CCOP(=O)([O-])OCCCCCC,0.12129346476028852
N(CCCCCCCC)(CCCCCCCC)CCOP(=O)([O-])OCCCCCCC,0.14239814801137382
N(CCCCCCCC)(CCCCCCCC)CCOP(=O)([O-])OCCCCCCCC,0.16236396088406765
N(CCCCCCCC)(CCCCCCCC)CCOP(=O)([O-])OCCCCCCCCC,0.17749453860106856
N(CCC(=O)OCCCCCCCC\C=C/CC(CCCCCC)OC(=O)CC/C=C\CC)(CCC(=O)OCCCCCCCC\C=C/CC(CCCCCC)OC(=O)CC/C=C\CC)CCCN(C)C,0.25650791036244647
N(CCC(=O)OCCCCCCCC\C=C/CC(CCCCCC)OC(=O)CCCCCCCCCCCCCCCCC)(CCC(=O)OCCCCCCCC\C=C/CC(CCCCCC)OC(=O)CCCCCCCCCCCCCCCCC)CCCN(C)C,0.26635747347039207
N(CCC(=O)OCCCCCCCC\C=C/CC(CCCCCC)OC(=O)CCCCCCC/C=C\CCCCCCCC)(CCC(=O)OCCCCCCCC\C=C/CC(CCCCCC)OC(=O)CCCCCCC/C=C\CCCCCCCC)CCCN(C)C,0.27516402079803776
N(CCC(=O)OCCCCCCCC\C=C/CC(CCCCCC)OC(=O)CCC/C=C\C/C=C\C/C=C\C/C=C\C/C=C\CC)(CCC(=O)OCCCCCCCC\C=C/CC(CCCCCC)OC(=O)CCC/C=C\C/C=C\C/C=C\C/C=C\C/C=C\CC)CCCN(C)C,0.34029837670458585
N(CCC(=O)OCCCCCCCC\C=C/CC(CCCCCC)OC(=O)CCCCCCCCCC)(CCC(=O)OCCCCCCCC\C=C/CC(CCCCCC)OC(=O)CCCCCCCCCC)CCCN(C)C,0.2632874828953489
N(CCC(=O)OCCCCCCCC\C=C/CC(CCCCCC)OC(=O)CCCCCCCCCCC)(CCC(=O)OCCCCCCCC\C=C/CC(CCCCCC)OC(=O)CCCCCCCCCCC)CCCN(C)C,0.2638606279068149
N(CCC(=O)OCCCCCCCC\C=C/CC(CCCCCC)OC(=O)CCCCCCCCCCCCC)(CCC(=O)OCCCCCCCC\C=C/CC(CCCCCC)OC(=O)CCCCCCCCCCCCC)CCCN(C)C,0.2649135265334865
N(CCC(=O)OCCCCCCCC\C=C/CC(CCCCCC)OC(=O)CCCCCCCCCCCCCCC)(CCC(=O)OCCCCCCCC\C=C/CC(CCCCCC)OC(=O)CCCCCCCCCCCCCCC)CCCN(C)C,0.26569499233397326
N(CCC(=O)OCCCCCCCC\C=C/CC(CCCCCC)OC(=O)C(CCCCCC)CCCCCCCC)(CCC(=O)OCCCCCCCC\C=C/CC(CCCCCC)OC(=O)C(CCCCCC)CCCCCCCC)CCCN(C)C,0.2643509853055136
N(CCC(=O)OCCCCCCCC\C=C/CC(CCCCCC)OC(=O)CC/C=C\CCCCC)(CCC(=O)OCCCCCCCC\C=C/CC(CCCCCC)OC(=O)CC/C=C\CCCCC)CCCN(C)C,0.26334044173472076
N(CCC(=O)OCCCCCCCC\C=C/CC(CCCCCC)OC(=O)CCC/C=C\C/C=C\C/C=C\C/C=C\CCCCC)(CCC(=O)OCCCCCCCC\C=C/CC(CCCCCC)OC(=O)CCC/C=C\C/C=C\C/C=C\C/C=C\CCCCC)CCCN(C)C,0.3025011153459745
N(CCC(=O)OCCCCCCCC\C=C/CC(CCCCCC)OC(=O)CC\C=C/C/C=C\C\C=C/C\C=C/C\C=C/C\C=C/CC)(CCC(=O)OCCCCCCCC\C=C/CC(CCCCCC)OC(=O)CC\C=C/C/C=C\C\C=C/C\C=C/C\C=C/C\C=C/CC)CCCN(C)C,0.3712773752381161
N(CCC(=O)OCCCCCCCC\C=C/CC(CCCCCC)OC(=O)C(CCCC)CCCCCC)(CCC(=O)OCCCCCCCC\C=C/CC(CCCCCC)OC(=O)C(CCCC)CCCCCC)CCCN(C)C,0.2549626417209458
N(CCC(=O)OCCCCCCCC\C=C/CC(CCCCCC)OC(=O)CCCCCCC/C=C\C/C=C\C/C=C\CC)(CCC(=O)OCCCCCCCC\C=C/CC(CCCCCC)OC(=O)CCCCCCC/C=C\C/C=C\C/C=C\CC)CCCN(C)C,0.2961492087212608
N(CCC(=O)OCCCCCCCC\C=C/CC(CCCCCC)OC(=O)CCCC\C=C/C\C=C/C\C=C/CCCCC)(CCC(=O)OCCCCCCCC\C=C/CC(CCCCCC)OC(=O)CCCC\C=C/C\C=C/C\C=C/CCCCC)CCCN(C)C,0.28400204904664866
N(CCC(=O)OCCCCCCCC\C=C/CC(CCCCCC)OC(=O)CC/C=C\CC)(CCC(=O)OCCCCCCCC\C=C/CC(CCCCCC)OC(=O)CC/C=C\CC)CCN(C)C,0.2532200165424781
N(CCC(=O)OCCCCCCCC\C=C/CC(CCCCCC)OC(=O)CCCCCCCCCCCCCCCCC)(CCC(=O)OCCCCCCCC\C=C/CC(CCCCCC)OC(=O)CCCCCCCCCCCCCCCCC)CCN(C)C,0.2637514059329318
N(CCC(=O)OCCCCCCCC\C=C/CC(CCCCCC)OC(=O)CCCCCCC/C=C\CCCCCCCC)(CCC(=O)OCCCCCCCC\C=C/CC(CCCCCC)OC(=O)CCCCCCC/C=C\CCCCCCCC)CCN(C)C,0.27263431251734616
N(CCC(=O)OCCCCCCCC\C=C/CC(CCCCCC)OC(=O)CCC/C=C\C/C=C\C/C=C\C/C=C\C/C=C\CC)(CCC(=O)OCCCCCCCC\C=C/CC(CCCCCC)OC(=O)CCC/C=C\C/C=C\C/C=C\C/C=C\C/C=C\CC)CCN(C)C,0.338823609705743
N(CCC(=O)OCCCCCCCC\C=C/CC(CCCCCC)OC(=O)CCCCCCCCCC)(CCC(=O)OCCCCCCCC\C=C/CC(CCCCCC)OC(=O)CCCCCCCCCC)CCN(C)C,0.2602844193164036
N(CCC(=O)OCCCCCCCC\C=C/CC(CCCCCC)OC(=O)CCCCCCCCCCC)(CCC(=O)OCCCCCCCC\C=C/CC(CCCCCC)OC(=O)CCCCCCCCCCC)CCN(C)C,0.26093987131588936
N(CCC(=O)OCCCCCCCC\C=C/CC(CCCCCC)OC(=O)CCCCCCCCCCCCC)(CCC(=O)OCCCCCCCC\C=C/CC(CCCCCC)OC(=O)CCCCCCCCCCCCC)CCN(C)C,0.2620993484803325
N(CCC(=O)OCCCCCCCC\C=C/CC(CCCCCC)OC(=O)CCCCCCCCCCCCCCC)(CCC(=O)OCCCCCCCC\C=C/CC(CCCCCC)OC(=O)CCCCCCCCCCCCCCC)CCN(C)C,0.262963121268839
N(CCC(=O)OCCCCCCCC\C=C/CC(CCCCCC)OC(=O)C(CCCCCC)CCCCCCCC)(CCC(=O)OCCCCCCCC\C=C/CC(CCCCCC)OC(=O)C(CCCCCC)CCCCCCCC)CCN(C)C,0.26170142122839907
N(CCC(=O)OCCCCCCCC\C=C/CC(CCCCCC)OC(=O)CCC/C=C\C/C=C\C/C=C\C/C=C\CCCCC)(CCC(=O)OCCCCCCCC\C=C/CC(CCCCCC)OC(=O)CCC/C=C\C/C=C\C/C=C\C/C=C\CCCCC)CCN(C)C,0.3008365916889854
N(CCC(=O)OCCCCCCCC\C=C/CC(CCCCCC)OC(=O)CC\C=C/C/C=C\C\C=C/C\C=C/C\C=C/C\C=C/CC)(CCC(=O)OCCCCCCCC\C=C/CC(CCCCCC)OC(=O)CC\C=C/C/C=C\C\C=C/C\C=C/C\C=C/C\C=C/CC)CCN(C)C,0.370795939436294
N(CCC(=O)OCCCCCCCC\C=C/CC(CCCCCC)OC(=O)C(CCCC)CCCCCC)(CCC(=O)OCCCCCCCC\C=C/CC(CCCCCC)OC(=O)C(CCCC)CCCCCC)CCN(C)C,0.2518680491666369
N(CCC(=O)OCCCCCCCC\C=C/CC(CCCCCC)OC(=O)CCCCCCC/C=C\C/C=C\C/C=C\CC)(CCC(=O)OCCCCCCCC\C=C/CC(CCCCCC)OC(=O)CCCCCCC/C=C\C/C=C\C/C=C\CC)CCN(C)C,0.29423433964888607
N(CCC(=O)OCCCCCCCC\C=C/CC(CCCCCC)OC(=O)CCCC\C=C/C\C=C/C\C=C/CCCCC)(CCC(=O)OCCCCCCCC\C=C/CC(CCCCCC)OC(=O)CCCC\C=C/C\C=C/C\C=C/CCCCC)CCN(C)C,0.28196053535329174
N(CCC(=O)OCCCCCCCC\C=C/CC(CCCCCC)OC(=O)CC/C=C\CC)(CCC(=O)OCCCCCCCC\C=C/CC(CCCCCC)OC(=O)CC/C=C\CC)CCCN(CC)CC,0.27110953050571024
N(CCC(=O)OCCCCCCCC\C=C/CC(CCCCCC)OC(=O)CCC/C=C\C/C=C\C/C=C\C/C=C\C/C=C\CC)(CCC(=O)OCCCCCCCC\C=C/CC(CCCCCC)OC(=O)CCC/C=C\C/C=C\C/C=C\C/C=C\C/C=C\CC)CCCN(CC)CC,0.34953024689477596
N(CCC(=O)OCCCCCCCC\C=C/CC(CCCCCC)OC(=O)CCCCCCCCCC)(CCC(=O)OCCCCCCCC\C=C/CC(CCCCCC)OC(=O)CCCCCCCCCC)CCCN(CC)CC,0.27678787158576457
N(CCC(=O)OCCCCCCCC\C=C/CC(CCCCCC)OC(=O)CCCCCCCCCCC)(CCC(=O)OCCCCCCCC\C=C/CC(CCCCCC)OC(=O)CCCCCCCCCCC)CCCN(CC)CC,0.27699790460044854
N(CCC(=O)OCCCCCCCC\C=C/CC(CCCCCC)OC(=O)CCCCCCCCCCCCC)(CCC(=O)OCCCCCCCC\C=C/CC(CCCCCC)OC(=O)CCCCCCCCCCCCC)CCCN(CC)CC,0.27718384629966103
N(CCC(=O)OCCCCCCCC\C=C/CC(CCCCCC)OC(=O)CCCCCCCCCCCCCCC)(CCC(=O)OCCCCCCCC\C=C/CC(CCCCCC)OC(=O)CCCCCCCCCCCCCCC)CCCN(CC)CC,0.27732490966307005
N(CCC(=O)OCCCCCCCC\C=C/CC(CCCCCC)OC(=O)CC\C=C/C/C=C\C\C=C/C\C=C/C\C=C/C\C=C/CC)(CCC(=O)OCCCCCCCC\C=C/CC(CCCCCC)OC(=O)CC\C=C/C/C=C\C\C=C/C\C=C/C\C=C/C\C=C/CC)CCCN(CC)CC,0.38081894800001553
N(CCC(=O)OCCCCCCCC\C=C/CC(CCCCCC)OC(=O)CCCCCCC/C=C\C/C=C\C/C=C\CC)(CCC(=O)OCCCCCCCC\C=C/CC(CCCCCC)OC(=O)CCCCCCC/C=C\C/C=C\C/C=C\CC)CCCN(CC)CC,0.30575812902591215
N(CCC(=O)OCCCCCCCC\C=C/CC(CCCCCC)OC(=O)CCCC\C=C/C\C=C/C\C=C/CCCCC)(CCC(=O)OCCCCCCCC\C=C/CC(CCCCCC)OC(=O)CCCC\C=C/C\C=C/C\C=C/CCCCC)CCCN(CC)CC,0.2945269199639636
N(CCC(=O)OCCCCCCCC\C=C/CC(CCCCCC)OC(=O)CC/C=C\CC)(CCC(=O)OCCCCCCCC\C=C/CC(CCCCCC)OC(=O)CC/C=C\CC)CCN(CC)CC,0.2679968244062277
N(CCC(=O)OCCCCCCCC\C=C/CC(CCCCCC)OC(=O)CCCCCCCCCCCCCCCCC)(CCC(=O)OCCCCCCCC\C=C/CC(CCCCCC)OC(=O)CCCCCCCCCCCCCCCCC)CCN(CC)CC,0.27508261498141967
N(CCC(=O)OCCCCCCCC\C=C/CC(CCCCCC)OC(=O)CCCCCCC/C=C\CCCCCCCC)(CCC(=O)OCCCCCCCC\C=C/CC(CCCCCC)OC(=O)CCCCCCC/C=C\CCCCCCCC)CCN(CC)CC,0.28388357504637496
N(CCC(=O)OCCCCCCCC\C=C/CC(CCCCCC)OC(=O)CCC/C=C\C/C=C\C/C=C\C/C=C\C/C=C\CC)(CCC(=O)OCCCCCCCC\C=C/CC(CCCCCC)OC(=O)CCC/C=C\C/C=C\C/C=C\C/C=C\C/C=C\CC)CCN(CC)CC,0.34832297760699726
N(CCC(=O)OCCCCCCCC\C=C/CC(CCCCCC)OC(=O)CCCCCCCCCC)(CCC(=O)OCCCCCCCC\C=C/CC(CCCCCC)OC(=O)CCCCCCCCCC)CCN(CC)CC,0.27400859890490215
N(CCC(=O)OCCCCCCCC\C=C/CC(CCCCCC)OC(=O)CCCCCCCCCCC)(CCC(=O)OCCCCCCCC\C=C/CC(CCCCCC)OC(=O)CCCCCCCCCCC)CCN(CC)CC,0.27425479893184007
N(CCC(=O)OCCCCCCCC\C=C/CC(CCCCCC)OC(=O)CCCCCCCCCCCCC)(CCC(=O)OCCCCCCCC\C=C/CC(CCCCCC)OC(=O)CCCCCCCCCCCCC)CCN(CC)CC,0.27457195118713656
N(CCC(=O)OCCCCCCCC\C=C/CC(CCCCCC)OC(=O)CCCCCCCCCCCCCCC)(CCC(=O)OCCCCCCCC\C=C/CC(CCCCCC)OC(=O)CCCCCCCCCCCCCCC)CCN(CC)CC,0.2748466582694142
N(CCC(=O)OCCCCCCCC\C=C/CC(CCCCCC)OC(=O)C(CCCCCC)CCCCCCCC)(CCC(=O)OCCCCCCCC\C=C/CC(CCCCCC)OC(=O)C(CCCCCC)CCCCCCCC)CCN(CC)CC,0.2738451264126381
N(CCC(=O)OCCCCCCCC\C=C/CC(CCCCCC)OC(=O)CC/C=C\CCCCC)(CCC(=O)OCCCCCCCC\C=C/CC(CCCCCC)OC(=O)CC/C=C\CCCCC)CCN(CC)CC,0.27432322788027397
N(CCC(=O)OCCCCCCCC\C=C/CC(CCCCCC)OC(=O)CCC/C=C\C/C=C\C/C=C\C/C=C\CCCCC)(CCC(=O)OCCCCCCCC\C=C/CC(CCCCCC)OC(=O)CCC/C=C\C/C=C\C/C=C\C/C=C\CCCCC)CCN(CC)CC,0.30997230689061667
N(CCC(=O)OCCCCCCCC\C=C/CC(CCCCCC)OC(=O)CC\C=C/C/C=C\C\C=C/C\C=C/C\C=C/C\C=C/CC)(CCC(=O)OCCCCCCCC\C=C/CC(CCCCCC)OC(=O)CC\C=C/C/C=C\C\C=C/C\C=C/C\C=C/C\C=C/CC)CCN(CC)CC,0.3802200294864616
N(CCC(=O)OCCCCCCCC\C=C/CC(CCCCCC)OC(=O)C(CCCC)CCCCCC)(CCC(=O)OCCCCCCCC\C=C/CC(CCCCCC)OC(=O)C(CCCC)CCCCCC)CCN(CC)CC,0.26383758795797874
N(CCC(=O)OCCCCCCCC\C=C/CC(CCCCCC)OC(=O)CCCCCCC/C=C\C/C=C\C/C=C\CC)(CCC(=O)OCCCCCCCC\C=C/CC(CCCCCC)OC(=O)CCCCCCC/C=C\C/C=C\C/C=C\CC)CCN(CC)CC,0.30387675349063303
N(CCC(=O)OCCCCCCCC\C=C/CC(CCCCCC)OC(=O)CCCC\C=C/C\C=C/C\C=C/CCCCC)(CCC(=O)OCCCCCCCC\C=C/CC(CCCCCC)OC(=O)CCCC\C=C/C\C=C/C\C=C/CCCCC)CCN(CC)CC,0.2924647394064615
CN(CCC(=O)OCCCCCCCC\C=C/CC(CCCCCC)OC(=O)CC/C=C\CC)CCCN(CCC(=O)OCCCCCCCC\C=C/CC(CCCCCC)OC(=O)CC/C=C\CC)C,0.26324681002608663
CN(CCC(=O)OCCCCCCCC\C=C/CC(CCCCCC)OC(=O)CCCCC)CCCN(CCC(=O)OCCCCCCCC\C=C/CC(CCCCCC)OC(=O)CCCCC)C,0.246149936388722
CN(CCC(=O)OCCCCCCCC\C=C/CC(CCCCCC)OC(=O)CCCCCC)CCCN(CCC(=O)OCCCCCCCC\C=C/CC(CCCCCC)OC(=O)CCCCCC)C,0.2555696707771148
CN(CCC(=O)OCCCCCCCC\C=C/CC(CCCCCC)OC(=O)CCCCCCC)CCCN(CCC(=O)OCCCCCCCC\C=C/CC(CCCCCC)OC(=O)CCCCCCC)C,0.2644213367529378
CN(CCC(=O)OCCCCCCCC\C=C/CC(CCCCCC)OC(=O)CCCCCCCCCCCCCCCCC)CCCN(CCC(=O)OCCCCCCCC\C=C/CC(CCCCCC)OC(=O)CCCCCCCCCCCCCCCCC)C,0.2715723721376111
CN(CCC(=O)OCCCCCCCC\C=C/CC(CCCCCC)OC(=O)CCCCCCC/C=C\CCCCCCCC)CCCN(CCC(=O)OCCCCCCCC\C=C/CC(CCCCCC)OC(=O)CCCCCCC/C=C\CCCCCCCC)C,0.28042674162763903
CN(CCC(=O)OCCCCCCCC\C=C/CC(CCCCCC)OC(=O)CCCCCCC/C=C\C/C=C\CCCCC)CCCN(CCC(=O)OCCCCCCCC\C=C/CC(CCCCCC)OC(=O)CCCCCCC/C=C\C/C=C\CCCCC)C,0.2822851372921754
CN(CCC(=O)OCCCCCCCC\C=C/CC(CCCCCC)OC(=O)CCC/C=C\C/C=C\C/C=C\C/C=C\C/C=C\CC)CCCN(CCC(=O)OCCCCCCCC\C=C/CC(CCCCCC)OC(=O)CCC/C=C\C/C=C\C/C=C\C/C=C\C/C=C\CC)C,0.34494376508499236
CN(CCC(=O)OCCCCCCCC\C=C/CC(CCCCCC)OC(=O)CCCCCCCCCC)CCCN(CCC(=O)OCCCCCCCC\C=C/CC(CCCCCC)OC(=O)CCCCCCCCCC)C,0.2696057157486867
CN(CCC(=O)OCCCCCCCC\C=C/CC(CCCCCC)OC(=O)CCCCCCCCCCC)CCCN(CCC(=O)OCCCCCCCC\C=C/CC(CCCCCC)OC(=O)CCCCCCCCCCC)C,0.2700167099859444
CN(CCC(=O)OCCCCCCCC\C=C/CC(CCCCCC)OC(=O)CCCCCCCCCCCCC)CCCN(CCC(=O)OCCCCCCCC\C=C/CC(CCCCCC)OC(=O)CCCCCCCCCCCCC)C,0.27069324939622935
CN(CCC(=O)OCCCCCCCC\C=C/CC(CCCCCC)OC(=O)CCCCCCCCCCCCCCC)CCCN(CCC(=O)OCCCCCCCC\C=C/CC(CCCCCC)OC(=O)CCCCCCCCCCCCCCC)C,0.2711607771194189
CN(CCC(=O)OCCCCCCCC\C=C/CC(CCCCCC)OC(=O)C(CCCCCC)CCCCCCCC)CCCN(CCC(=O)OCCCCCCCC\C=C/CC(CCCCCC)OC(=O)C(CCCCCC)CCCCCCCC)C,0.2699593954847978
CN(CCC(=O)OCCCCCCCC\C=C/CC(CCCCCC)OC(=O)CC/C=C\CCCCC)CCCN(CCC(=O)OCCCCCCCC\C=C/CC(CCCCCC)OC(=O)CC/C=C\CCCCC)C,0.2699033726626603
CN(CCC(=O)OCCCCCCCC\C=C/CC(CCCCCC)OC(=O)CCC/C=C\C/C=C\C/C=C\C/C=C\CCCCC)CCCN(CCC(=O)OCCCCCCCC\C=C/CC(CCCCCC)OC(=O)CCC/C=C\C/C=C\C/C=C\C/C=C\CCCCC)C,0.30697431991056745
CN(CCC(=O)OCCCCCCCC\C=C/CC(CCCCCC)OC(=O)CC\C=C/C/C=C\C\C=C/C\C=C/C\C=C/C\C=C/CC)CCCN(CCC(=O)OCCCCCCCC\C=C/CC(CCCCCC)OC(=O)CC\C=C/C/C=C\C\C=C/C\C=C/C\C=C/C\C=C/CC)C,0.3762179873697117
CN(CCC(=O)OCCCCCCCC\C=C/CC(CCCCCC)OC(=O)CCCCCCC/C=C\C/C=C\C/C=C\CC)CCCN(CCC(=O)OCCCCCCCC\C=C/CC(CCCCCC)OC(=O)CCCCCCC/C=C\C/C=C\C/C=C\CC)C,0.3007836028105668
CN(CCC(=O)OCCCCCCCC\C=C/CC(CCCCCC)OC(=O)CCCC\C=C/C\C=C/C\C=C/CCCCC)CCCN(CCC(=O)OCCCCCCCC\C=C/CC(CCCCCC)OC(=O)CCCC\C=C/C\C=C/C\C=C/CCCCC)C,0.2890064941525296
N(CCC(=O)OCCCCCCCC\C=C/CC(CCCCCC)OC(=O)CCC/C=C\C/C=C\C/C=C\C/C=C\C/C=C\CC)(CCC(=O)OCCCCCCCC\C=C/CC(CCCCCC)OC(=O)CCC/C=C\C/C=C\C/C=C\C/C=C\C/C=C\CC)CCCN1CCN(CCCN(CCC(=O)OCCCCCCCC\C=C/CC(CCCCCC)OC(=O)CCC/C=C\C/C=C\C/C=C\C/C=C\C/C=C\CC)(CCC(=O)OCCCCCCCC\C=C/CC(CCCCCC)OC(=O)CCC/C=C\C/C=C\C/C=C\C/C=C\C/C=C\CC))CC1,0.3642633179064975
N(CCC(=O)OCCCCCCCC\C=C/CC(CCCCCC)OC(=O)CC\C=C/C/C=C\C\C=C/C\C=C/C\C=C/C\C=C/CC)(CCC(=O)OCCCCCCCC\C=C/CC(CCCCCC)OC(=O)CC\C=C/C/C=C\C\C=C/C\C=C/C\C=C/C\C=C/CC)CCCN1CCN(CCCN(CCC(=O)OCCCCCCCC\C=C/CC(CCCCCC)OC(=O)CC\C=C/C/C=C\C\C=C/C\C=C/C\C=C/C\C=C/CC)(CCC(=O)OCCCCCCCC\C=C/CC(CCCCCC)OC(=O)CC\C=C/C/C=C\C\C=C/C\C=C/C\C=C/C\C=C/CC))CC1,0.39910825163607794
N(CCC(=O)OCCCCCCCC\C=C/CC(CCCCCC)OC(=O)CCCCCCC/C=C\C/C=C\C/C=C\CC)(CCC(=O)OCCCCCCCC\C=C/CC(CCCCCC)OC(=O)CCCCCCC/C=C\C/C=C\C/C=C\CC)CCCN1CCN(CCCN(CCC(=O)OCCCCCCCC\C=C/CC(CCCCCC)OC(=O)CCCCCCC/C=C\C/C=C\C/C=C\CC)(CCC(=O)OCCCCCCCC\C=C/CC(CCCCCC)OC(=O)CCCCCCC/C=C\C/C=C\C/C=C\CC))CC1,0.3204041769192786
N(CCC(=O)OCCCCCCCC\C=C/CC(CCCCCC)OC(=O)CCCC\C=C/C\C=C/C\C=C/CCCCC)(CCC(=O)OCCCCCCCC\C=C/CC(CCCCCC)OC(=O)CCCC\C=C/C\C=C/C\C=C/CCCCC)CCCN1CCN(CCCN(CCC(=O)OCCCCCCCC\C=C/CC(CCCCCC)OC(=O)CCCC\C=C/C\C=C/C\C=C/CCCCC)(CCC(=O)OCCCCCCCC\C=C/CC(CCCCCC)OC(=O)CCCC\C=C/C\C=C/C\C=C/CCCCC))CC1,0.3096796664974457
CCN(CC)CCN(CCC(=O)OCCCCCCCC\C=C/CC(CCCCCC)OC(=O)CC/C=C\CC)CCN(CC)CC,0.24049860041167126
CCN(CC)CCN(CCC(=O)OCCCCCCCC\C=C/CC(CCCCCC)OC(=O)CCCCC)CCN(CC)CC,0.23200029876196887
CCN(CC)CCN(CCC(=O)OCCCCCCCC\C=C/CC(CCCCCC)OC(=O)CCCCCC)CCN(CC)CC,0.23873053216062956
CCN(CC)CCN(CCC(=O)OCCCCCCCC\C=C/CC(CCCCCC)OC(=O)CCCCCCC)CCN(CC)CC,0.24522258595782725
CCN(CC)CCN(CCC(=O)OCCCCCCCC\C=C/CC(CCCCCC)OC(=O)CCCCCCCCCCCCCCCCC)CCN(CC)CC,0.2511226001831705
CCN(CC)CCN(CCC(=O)OCCCCCCCC\C=C/CC(CCCCCC)OC(=O)CCCCCCC/C=C\CCCCCCCC)CCN(CC)CC,0.2577438369007985
CCN(CC)CCN(CCC(=O)OCCCCCCCC\C=C/CC(CCCCCC)OC(=O)CCCCCCC/C=C\C/C=C\CCCCC)CCN(CC)CC,0.2594569637353847
CCN(CC)CCN(CCC(=O)OCCCCCCCC\C=C/CC(CCCCCC)OC(=O)CCC/C=C\C/C=C\C/C=C\C/C=C\C/C=C\CC)CCN(CC)CC,0.30923598977735384
CCN(CC)CCN(CCC(=O)OCCCCCCCC\C=C/CC(CCCCCC)OC(=O)CCCCCCCCCC)CCN(CC)CC,0.24804953060583837
CCN(CC)CCN(CCC(=O)OCCCCCCCC\C=C/CC(CCCCCC)OC(=O)CCCCCCCCCCC)CCN(CC)CC,0.24802485352895579
CCN(CC)CCN(CCC(=O)OCCCCCCCC\C=C/CC(CCCCCC)OC(=O)CCCCCCCCCCCCC)CCN(CC)CC,0.24853695919748156
CCN(CC)CCN(CCC(=O)OCCCCCCCC\C=C/CC(CCCCCC)OC(=O)CCCCCCCCCCCCCCC)CCN(CC)CC,0.24989108938468677
CCN(CC)CCN(CCC(=O)OCCCCCCCC\C=C/CC(CCCCCC)OC(=O)C(CCCCCC)CCCCCCCC)CCN(CC)CC,0.2497121467833606
CCN(CC)CCN(CCC(=O)OCCCCCCCC\C=C/CC(CCCCCC)OC(=O)CC/C=C\CCCCC)CCN(CC)CC,0.24939586566041902
CCN(CC)CCN(CCC(=O)OCCCCCCCC\C=C/CC(CCCCCC)OC(=O)CCC/C=C\C/C=C\C/C=C\C/C=C\CCCCC)CCN(CC)CC,0.2812153867602925
CCN(CC)CCN(CCC(=O)OCCCCCCCC\C=C/CC(CCCCCC)OC(=O)CC\C=C/C/C=C\C\C=C/C\C=C/C\C=C/C\C=C/CC)CCN(CC)CC,0.3353009907746847
N(CCC(=O)OCCCCCCCC\C=C/CC(CCCCCC)OC(=O)CC/C=C\CC)(CCC(=O)OCCCCCCCC\C=C/CC(CCCCCC)OC(=O)CC/C=C\CC)CCCN1CCN(C)CC1,0.24371808030272907
N(CCC(=O)OCCCCCCCC\C=C/CC(CCCCCC)OC(=O)CCCCC)(CCC(=O)OCCCCCCCC\C=C/CC(CCCCCC)OC(=O)CCCCC)CCCN1CCN(C)CC1,0.22726673075990836
N(CCC(=O)OCCCCCCCC\C=C/CC(CCCCCC)OC(=O)CCCCCC)(CCC(=O)OCCCCCCCC\C=C/CC(CCCCCC)OC(=O)CCCCCC)CCCN1CCN(C)CC1,0.23614723422058495
N(CCC(=O)OCCCCCCCC\C=C/CC(CCCCCC)OC(=O)CCCCCCC)(CCC(=O)OCCCCCCCC\C=C/CC(CCCCCC)OC(=O)CCCCCCC)CCCN1CCN(C)CC1,0.24449553589047837
N(CCC(=O)OCCCCCCCC\C=C/CC(CCCCCC)OC(=O)CCCCCCCCCCCCCCCCC)(CCC(=O)OCCCCCCCC\C=C/CC(CCCCCC)OC(=O)CCCCCCCCCCCCCCCCC)CCCN1CCN(C)CC1,0.2548772106720669
N(CCC(=O)OCCCCCCCC\C=C/CC(CCCCCC)OC(=O)CCCCCCC/C=C\CCCCCCCC)(CCC(=O)OCCCCCCCC\C=C/CC(CCCCCC)OC(=O)CCCCCCC/C=C\CCCCCCCC)CCCN1CCN(C)CC1,0.26326273072084955
N(CCC(=O)OCCCCCCCC\C=C/CC(CCCCCC)OC(=O)CCCCCCC/C=C\C/C=C\CCCCC)(CCC(=O)OCCCCCCCC\C=C/CC(CCCCCC)OC(=O)CCCCCCC/C=C\C/C=C\CCCCC)CCCN1CCN(C)CC1,0.26511109334378063
N(CCC(=O)OCCCCCCCC\C=C/CC(CCCCCC)OC(=O)CCC/C=C\C/C=C\C/C=C\C/C=C\C/C=C\CC)(CCC(=O)OCCCCCCCC\C=C/CC(CCCCCC)OC(=O)CCC/C=C\C/C=C\C/C=C\C/C=C\C/C=C\CC)CCCN1CCN(C)CC1,0.3285609496272691
N(CCC(=O)OCCCCCCCC\C=C/CC(CCCCCC)OC(=O)CCCCCCCCCC)(CCC(=O)OCCCCCCCC\C=C/CC(CCCCCC)OC(=O)CCCCCCCCCC)CCCN1CCN(C)CC1,0.2503685600323414
N(CCC(=O)OCCCCCCCC\C=C/CC(CCCCCC)OC(=O)CCCCCCCCCCC)(CCC(=O)OCCCCCCCC\C=C/CC(CCCCCC)OC(=O)CCCCCCCCCCC)CCCN1CCN(C)CC1,0.2511754088273087
N(CCC(=O)OCCCCCCCC\C=C/CC(CCCCCC)OC(=O)CCCCCCCCCCCCC)(CCC(=O)OCCCCCCCC\C=C/CC(CCCCCC)OC(=O)CCCCCCCCCCCCC)CCCN1CCN(C)CC1,0.25252016683193645
N(CCC(=O)OCCCCCCCC\C=C/CC(CCCCCC)OC(=O)CCCCCCCCCCCCCCC)(CCC(=O)OCCCCCCCC\C=C/CC(CCCCCC)OC(=O)CCCCCCCCCCCCCCC)CCCN1CCN(C)CC1,0.25374930454572914
N(CCC(=O)OCCCCCCCC\C=C/CC(CCCCCC)OC(=O)CCC/C=C\C/C=C\C/C=C\C/C=C\CCCCC)(CCC(=O)OCCCCCCCC\C=C/CC(CCCCCC)OC(=O)CCC/C=C\C/C=C\C/C=C\C/C=C\CCCCC)CCCN1CCN(C)CC1,0.29206735285736907
N(CCC(=O)OCCCCCCCC\C=C/CC(CCCCCC)OC(=O)CC\C=C/C/C=C\C\C=C/C\C=C/C\C=C/C\C=C/CC)(CCC(=O)OCCCCCCCC\C=C/CC(CCCCCC)OC(=O)CC\C=C/C/C=C\C\C=C/C\C=C/C\C=C/C\C=C/CC)CCCN1CCN(C)CC1,0.35783364018981917
N(CCC(=O)OCCCCCCCC\C=C/CC(CCCCCC)OC(=O)CC/C=C\CC)(CCC(=O)OCCCCCCCC\C=C/CC(CCCCCC)OC(=O)CC/C=C\CC)CCc1ccncc1,0.07105734956386588
N(CCC(=O)OCCCCCCCC\C=C/CC(CCCCCC)OC(=O)CCCCC)(CCC(=O)OCCCCCCCC\C=C/CC(CCCCCC)OC(=O)CCCCC)CCc1ccncc1,0.05991044508654407
N(CCC(=O)OCCCCCCCC\C=C/CC(CCCCCC)OC(=O)CCCCCC)(CCC(=O)OCCCCCCCC\C=C/CC(CCCCCC)OC(=O)CCCCCC)CCc1ccncc1,0.07084368182452848
N(CCC(=O)OCCCCCCCC\C=C/CC(CCCCCC)OC(=O)CCCCCCC)(CCC(=O)OCCCCCCCC\C=C/CC(CCCCCC)OC(=O)CCCCCCC)CCc1ccncc1,0.08109979339081684
N(CCC(=O)OCCCCCCCC\C=C/CC(CCCCCC)OC(=O)CCCCCCCCCCCCCCCCC)(CCC(=O)OCCCCCCCC\C=C/CC(CCCCCC)OC(=O)CCCCCCCCCCCCCCCCC)CCc1ccncc1,0.11344285001649407
N(CCC(=O)OCCCCCCCC\C=C/CC(CCCCCC)OC(=O)CCC/C=C\C/C=C\C/C=C\C/C=C\C/C=C\CC)(CCC(=O)OCCCCCCCC\C=C/CC(CCCCCC)OC(=O)CCC/C=C\C/C=C\C/C=C\C/C=C\C/C=C\CC)CCc1ccncc1,0.18690155145317439
N(CCC(=O)OCCCCCCCC\C=C/CC(CCCCCC)OC(=O)CCCCCCCCCC)(CCC(=O)OCCCCCCCC\C=C/CC(CCCCCC)OC(=O)CCCCCCCCCC)CCc1ccncc1,0.0939777880526649
N(CCC(=O)OCCCCCCCC\C=C/CC(CCCCCC)OC(=O)CCCCCCCCCCC)(CCC(=O)OCCCCCCCC\C=C/CC(CCCCCC)OC(=O)CCCCCCCCCCC)CCc1ccncc1,0.0969698423209864
N(CCC(=O)OCCCCCCCC\C=C/CC(CCCCCC)OC(=O)CCCCCCCCCCCCC)(CCC(=O)OCCCCCCCC\C=C/CC(CCCCCC)OC(=O)CCCCCCCCCCCCC)CCc1ccncc1,0.10275473189976556
N(CCC(=O)OCCCCCCCC\C=C/CC(CCCCCC)OC(=O)CCCCCCCCCCCCCCC)(CCC(=O)OCCCCCCCC\C=C/CC(CCCCCC)OC(=O)CCCCCCCCCCCCCCC)CCc1ccncc1,0.10808217185553057
O=C(CCN(CCC(OCCCCCCCC/C=C\CC(CCCCCC)OC(C(CCCCCCCC)CCCCCC)=O)=O)CCC1=CC=NC=C1)OCCCCCCCC/C=C\CC(CCCCCC)OC(C(CCCCCCCC)CCCCCC)=O,0.10989256512340433
N(CCC(=O)OCCCCCCCC\C=C/CC(CCCCCC)OC(=O)CC/C=C\CCCCC)(CCC(=O)OCCCCCCCC\C=C/CC(CCCCCC)OC(=O)CC/C=C\CCCCC)CCc1ccncc1,0.09276039560614072
O=C(CCN(CCC(OCCCCCCCC/C=C\CC(CCCCCC)OC(CCC/C=C\C/C=C\C/C=C\C/C=C\CCCCC)=O)=O)CCC1=CC=NC=C1)OCCCCCCCC/C=C\CC(CCCCCC)OC(CCC/C=C\C/C=C\C/C=C\C/C=C\CCCCC)=O,0.1546593809659148
N(CCC(=O)OCCCCCCCC\C=C/CC(CCCCCC)OC(=O)CC\C=C/C/C=C\C\C=C/C\C=C/C\C=C/C\C=C/CC)(CCC(=O)OCCCCCCCC\C=C/CC(CCCCCC)OC(=O)CC\C=C/C/C=C\C\C=C/C\C=C/C\C=C/C\C=C/CC)CCc1ccncc1,0.2187260740543272
O=C(CCN(CCC(OCCCCCCCC/C=C\CC(CCCCCC)OC(C(CCCCCC)CCCC)=O)=O)CCC1=CC=NC=C1)OCCCCCCCC/C=C\CC(CCCCCC)OC(C(CCCCCC)CCCC)=O,0.09261909193035792
O=C(CCN(CCC(OCCCCCCCC/C=C\CC(CCCCCC)OC(CCCC1CCCCC1)=O)=O)CCC2=CC=NC=C2)OCCCCCCCC/C=C\CC(CCCCCC)OC(CCCC3CCCCC3)=O,0.026407640945003207
N(CCC(=O)OCCCCCCCC\C=C/CC(CCCCCC)OC(=O)CCCCCCC/C=C\CCCCCCCC)(CCC(=O)OCCCCCCCC\C=C/CC(CCCCCC)OC(=O)CCCCCCC/C=C\CCCCCCCC)CCc1ccncc1,0.1219830260973277
O=C(CCN(CCC(OCCCCCCCC/C=C\CC(CCCCCC)OC(CCCCCCC/C=C\C/C=C\CCCCC)=O)=O)CCC1=CC=NC=C1)OCCCCCCCC/C=C\CC(CCCCCC)OC(CCCCCCC/C=C\C/C=C\CCCCC)=O,0.12225502966540025
CN(CCC(=O)OCCCCCCCC\C=C/CC(CCCCCC)OC(=O)CCCCCC)CCN(CCN(CCC(=O)OCCCCCCCC\C=C/CC(CCCCCC)OC(=O)CCCCCC)C)CCN(CCC(=O)OCCCCCCCC\C=C/CC(CCCCCC)OC(=O)CCCCCC)C,0.27275603073466587
CN(CCC(=O)OCCCCCCCC\C=C/CC(CCCCCC)OC(=O)CCCCCCC/C=C\CCCCCCCC)CCN(CCN(CCC(=O)OCCCCCCCC\C=C/CC(CCCCCC)OC(=O)CCCCCCC/C=C\CCCCCCCC)C)CCN(CCC(=O)OCCCCCCCC\C=C/CC(CCCCCC)OC(=O)CCCCCCC/C=C\CCCCCCCC)C,0.2942183889150764
CN(CCC(=O)OCCCCCCCC\C=C/CC(CCCCCC)OC(=O)CCCCCCC/C=C\C/C=C\CCCCC)CCN(CCN(CCC(=O)OCCCCCCCC\C=C/CC(CCCCCC)OC(=O)CCCCCCC/C=C\C/C=C\CCCCC)C)CCN(CCC(=O)OCCCCCCCC\C=C/CC(CCCCCC)OC(=O)CCCCCCC/C=C\C/C=C\CCCCC)C,0.29592103212235643
CN(CCC(=O)OCCCCCCCC\C=C/CC(CCCCCC)OC(=O)CCC/C=C\C/C=C\C/C=C\C/C=C\C/C=C\CC)CCN(CCN(CCC(=O)OCCCCCCCC\C=C/CC(CCCCCC)OC(=O)CCC/C=C\C/C=C\C/C=C\C/C=C\C/C=C\CC)C)CCN(CCC(=O)OCCCCCCCC\C=C/CC(CCCCCC)OC(=O)CCC/C=C\C/C=C\C/C=C\C/C=C\C/C=C\CC)C,0.35632736223096434
CN(CCC(=O)OCCCCCCCC\C=C/CC(CCCCCC)OC(=O)CCCCCCCCCC)CCN(CCN(CCC(=O)OCCCCCCCC\C=C/CC(CCCCCC)OC(=O)CCCCCCCCCC)C)CCN(CCC(=O)OCCCCCCCC\C=C/CC(CCCCCC)OC(=O)CCCCCCCCCC)C,0.2863551878107052
CN(CCC(=O)OCCCCCCCC\C=C/CC(CCCCCC)OC(=O)CCCCCCCCCCC)CCN(CCN(CCC(=O)OCCCCCCCC\C=C/CC(CCCCCC)OC(=O)CCCCCCCCCCC)C)CCN(CCC(=O)OCCCCCCCC\C=C/CC(CCCCCC)OC(=O)CCCCCCCCCCC)C,0.2861748333741831
CN(CCC(=O)OCCCCCCCC\C=C/CC(CCCCCC)OC(=O)CCCCCCCCCCCCC)CCN(CCN(CCC(=O)OCCCCCCCC\C=C/CC(CCCCCC)OC(=O)CCCCCCCCCCCCC)C)CCN(CCC(=O)OCCCCCCCC\C=C/CC(CCCCCC)OC(=O)CCCCCCCCCCCCC)C,0.28583965769085307
CN(CCC(=O)OCCCCCCCC\C=C/CC(CCCCCC)OC(=O)CCCCCCCCCCCCCCC)CCN(CCN(CCC(=O)OCCCCCCCC\C=C/CC(CCCCCC)OC(=O)CCCCCCCCCCCCCCC)C)CCN(CCC(=O)OCCCCCCCC\C=C/CC(CCCCCC)OC(=O)CCCCCCCCCCCCCCC)C,0.2855339202733111
CN(CCC(=O)OCCCCCCCC\C=C/CC(CCCCCC)OC(=O)C(CCCCCC)CCCCCCCC)CCN(CCN(CCC(=O)OCCCCCCCC\C=C/CC(CCCCCC)OC(=O)C(CCCCCC)CCCCCCCC)C)CCN(CCC(=O)OCCCCCCCC\C=C/CC(CCCCCC)OC(=O)C(CCCCCC)CCCCCCCC)C,0.2847518837309366
CN(CCC(=O)OCCCCCCCC\C=C/CC(CCCCCC)OC(=O)CC/C=C\CCCCC)CCN(CCN(CCC(=O)OCCCCCCCC\C=C/CC(CCCCCC)OC(=O)CC/C=C\CCCCC)C)CCN(CCC(=O)OCCCCCCCC\C=C/CC(CCCCCC)OC(=O)CC/C=C\CCCCC)C,0.28701373383200335
CN(CCC(=O)OCCCCCCCC\C=C/CC(CCCCCC)OC(=O)CCC/C=C\C/C=C\C/C=C\C/C=C\CCCCC)CCN(CCN(CCC(=O)OCCCCCCCC\C=C/CC(CCCCCC)OC(=O)CCC/C=C\C/C=C\C/C=C\C/C=C\CCCCC)C)CCN(CCC(=O)OCCCCCCCC\C=C/CC(CCCCCC)OC(=O)CCC/C=C\C/C=C\C/C=C\C/C=C\CCCCC)C,0.31808161790478556
CN(CCC(=O)OCCCCCCCC\C=C/CC(CCCCCC)OC(=O)CC\C=C/C/C=C\C\C=C/C\C=C/C\C=C/C\C=C/CC)CCN(CCN(CCC(=O)OCCCCCCCC\C=C/CC(CCCCCC)OC(=O)CC\C=C/C/C=C\C\C=C/C\C=C/C\C=C/C\C=C/CC)C)CCN(CCC(=O)OCCCCCCCC\C=C/CC(CCCCCC)OC(=O)CC\C=C/C/C=C\C\C=C/C\C=C/C\C=C/C\C=C/CC)C,0.3875676103538405
CN(CCC(=O)OCCCCCCCC\C=C/CC(CCCCCC)OC(=O)C(CCCC)CCCCCC)CCN(CCN(CCC(=O)OCCCCCCCC\C=C/CC(CCCCCC)OC(=O)C(CCCC)CCCCCC)C)CCN(CCC(=O)OCCCCCCCC\C=C/CC(CCCCCC)OC(=O)C(CCCC)CCCCCC)C,0.275481533521895
CN(CCC(=O)OCCCCCCCC\C=C/CC(CCCCCC)OC(=O)C)CCN(CCN(CCC(=O)OCCCCCCCC\C=C/CC(CCCCCC)OC(=O)C)C)CCN(CCC(=O)OCCCCCCCC\C=C/CC(CCCCCC)OC(=O)C)C,0.2616679577303502
CN(CCC(=O)OCCCCCCCC\C=C/CC(CCCCCC)OC(=O)CCCCCCCCC)CCN(CCN(CCC(=O)OCCCCCCCC\C=C/CC(CCCCCC)OC(=O)CCCCCCCCC)C)CCN(CCC(=O)OCCCCCCCC\C=C/CC(CCCCCC)OC(=O)CCCCCCCCC)C,0.28644446385756456
CN(CCC(=O)OCCCCCCCC\C=C/CC(CCCCCC)OC(=O)CCCCCCC/C=C\C/C=C\C/C=C\CC)CCN(CCN(CCC(=O)OCCCCCCCC\C=C/CC(CCCCCC)OC(=O)CCCCCCC/C=C\C/C=C\C/C=C\CC)C)CCN(CCC(=O)OCCCCCCCC\C=C/CC(CCCCCC)OC(=O)CCCCCCC/C=C\C/C=C\C/C=C\CC)C,0.31278819716943385
CN(CCC(=O)OCCCCCCCC\C=C/CC(CCCCCC)OC(=O)CCCC\C=C/C\C=C/C\C=C/CCCCC)CCN(CCN(CCC(=O)OCCCCCCCC\C=C/CC(CCCCCC)OC(=O)CCCC\C=C/C\C=C/C\C=C/CCCCC)C)CCN(CCC(=O)OCCCCCCCC\C=C/CC(CCCCCC)OC(=O)CCCC\C=C/C\C=C/C\C=C/CCCCC)C,0.30226404718924027
CN(CCC(=O)OCCCCCCCC\C=C/CC(CCCCCC)O)CCN(CCN(CCC(=O)OCCCCCCCC\C=C/CC(CCCCCC)O)C)CCN(CCC(=O)OCCCCCCCC\C=C/CC(CCCCCC)O)C,0.26670989156654085
CN(CCC(=O)OCCCCCCCC\C=C/CC(CCCCCC)OC(=O)CCCCCCCC=C)CCN(CCN(CCC(=O)OCCCCCCCC\C=C/CC(CCCCCC)OC(=O)CCCCCCCC=C)C)CCN(CCC(=O)OCCCCCCCC\C=C/CC(CCCCCC)OC(=O)CCCCCCCC=C)C,0.28908732922725994
N(CCC(=O)OCCCCCCCC\C=C/CC(CCCCCC)OC(=O)CCC/C=C\C/C=C\C/C=C\C/C=C\C/C=C\CC)(CCC(=O)OCCCCCCCC\C=C/CC(CCCCCC)OC(=O)CCC/C=C\C/C=C\C/C=C\C/C=C\C/C=C\CC)CCCN(C)CCCN(CCC(=O)OCCCCCCCC\C=C/CC(CCCCCC)OC(=O)CCC/C=C\C/C=C\C/C=C\C/C=C\C/C=C\CC)(CCC(=O)OCCCCCCCC\C=C/CC(CCCCCC)OC(=O)CCC/C=C\C/C=C\C/C=C\C/C=C\C/C=C\CC),0.3670281117668397
N(CCC(=O)OCCCCCCCC\C=C/CC(CCCCCC)OC(=O)C(CCCCCC)CCCCCCCC)(CCC(=O)OCCCCCCCC\C=C/CC(CCCCCC)OC(=O)C(CCCCCC)CCCCCCCC)CCCN(C)CCCN(CCC(=O)OCCCCCCCC\C=C/CC(CCCCCC)OC(=O)C(CCCCCC)CCCCCCCC)(CCC(=O)OCCCCCCCC\C=C/CC(CCCCCC)OC(=O)C(CCCCCC)CCCCCCCC),0.29400475121478575
N(CCC(=O)OCCCCCCCC\C=C/CC(CCCCCC)OC(=O)CCC/C=C\C/C=C\C/C=C\C/C=C\CCCCC)(CCC(=O)OCCCCCCCC\C=C/CC(CCCCCC)OC(=O)CCC/C=C\C/C=C\C/C=C\C/C=C\CCCCC)CCCN(C)CCCN(CCC(=O)OCCCCCCCC\C=C/CC(CCCCCC)OC(=O)CCC/C=C\C/C=C\C/C=C\C/C=C\CCCCC)(CCC(=O)OCCCCCCCC\C=C/CC(CCCCCC)OC(=O)CCC/C=C\C/C=C\C/C=C\C/C=C\CCCCC),0.3273847407138015
N(CCC(=O)OCCCCCCCC\C=C/CC(CCCCCC)OC(=O)CC\C=C/C/C=C\C\C=C/C\C=C/C\C=C/C\C=C/CC)(CCC(=O)OCCCCCCCC\C=C/CC(CCCCCC)OC(=O)CC\C=C/C/C=C\C\C=C/C\C=C/C\C=C/C\C=C/CC)CCCN(C)CCCN(CCC(=O)OCCCCCCCC\C=C/CC(CCCCCC)OC(=O)CC\C=C/C/C=C\C\C=C/C\C=C/C\C=C/C\C=C/CC)(CCC(=O)OCCCCCCCC\C=C/CC(CCCCCC)OC(=O)CC\C=C/C/C=C\C\C=C/C\C=C/C\C=C/C\C=C/CC),0.4063024831699383
N(CCC(=O)OCCCCCCCC\C=C/CC(CCCCCC)OC(=O)C(CCCC)CCCCCC)(CCC(=O)OCCCCCCCC\C=C/CC(CCCCCC)OC(=O)C(CCCC)CCCCCC)CCCN(C)CCCN(CCC(=O)OCCCCCCCC\C=C/CC(CCCCCC)OC(=O)C(CCCC)CCCCCC)(CCC(=O)OCCCCCCCC\C=C/CC(CCCCCC)OC(=O)C(CCCC)CCCCCC),0.2854907842022175
N(CCC(=O)OCCCCCCCC\C=C/CC(CCCCCC)OC(=O)CCCCCCC/C=C\C/C=C\C/C=C\CC)(CCC(=O)OCCCCCCCC\C=C/CC(CCCCCC)OC(=O)CCCCCCC/C=C\C/C=C\C/C=C\CC)CCCN(C)CCCN(CCC(=O)OCCCCCCCC\C=C/CC(CCCCCC)OC(=O)CCCCCCC/C=C\C/C=C\C/C=C\CC)(CCC(=O)OCCCCCCCC\C=C/CC(CCCCCC)OC(=O)CCCCCCC/C=C\C/C=C\C/C=C\CC),0.32269594591088097
N(CCC(=O)OCCCCCCCC\C=C/CC(CCCCCC)OC(=O)CCCC\C=C/C\C=C/C\C=C/CCCCC)(CCC(=O)OCCCCCCCC\C=C/CC(CCCCCC)OC(=O)CCCC\C=C/C\C=C/C\C=C/CCCCC)CCCN(C)CCCN(CCC(=O)OCCCCCCCC\C=C/CC(CCCCCC)OC(=O)CCCC\C=C/C\C=C/C\C=C/CCCCC)(CCC(=O)OCCCCCCCC\C=C/CC(CCCCCC)OC(=O)CCCC\C=C/C\C=C/C\C=C/CCCCC),0.3117780140672017
N(CCC(=O)OCCCCCCCC\C=C/CC(CCCCCC)OC(=O)CC/C=C\CC)(CCC(=O)OCCCCCCCC\C=C/CC(CCCCCC)OC(=O)CC/C=C\CC)CCN1CCOCC1,-0.028631627705212683
N(CCC(=O)OCCCCCCCC\C=C/CC(CCCCCC)OC(=O)CCCCC)(CCC(=O)OCCCCCCCC\C=C/CC(CCCCCC)OC(=O)CCCCC)CCN1CCOCC1,-0.03827602412404334
N(CCC(=O)OCCCCCCCC\C=C/CC(CCCCCC)OC(=O)CCCCCC)(CCC(=O)OCCCCCCCC\C=C/CC(CCCCCC)OC(=O)CCCCCC)CCN1CCOCC1,-0.027864490530012574
N(CCC(=O)OCCCCCCCC\C=C/CC(CCCCCC)OC(=O)CCCCCCC)(CCC(=O)OCCCCCCCC\C=C/CC(CCCCCC)OC(=O)CCCCCCC)CCN1CCOCC1,-0.017452701604084665
N(CCC(=O)OCCCCCCCC\C=C/CC(CCCCCC)OC(=O)CCCCCCC/C=C\CCCCCCCC)(CCC(=O)OCCCCCCCC\C=C/CC(CCCCCC)OC(=O)CCCCCCC/C=C\CCCCCCCC)CCN1CCOCC1,0.03747009064246459
N(CCC(=O)OCCCCCCCC\C=C/CC(CCCCCC)OC(=O)CCC/C=C\C/C=C\C/C=C\C/C=C\C/C=C\CC)(CCC(=O)OCCCCCCCC\C=C/CC(CCCCCC)OC(=O)CCC/C=C\C/C=C\C/C=C\C/C=C\C/C=C\CC)CCN1CCOCC1,0.07066715736646349
N(CCC(=O)OCCCCCCCC\C=C/CC(CCCCCC)OC(=O)CCCCCCCCCC)(CCC(=O)OCCCCCCCC\C=C/CC(CCCCCC)OC(=O)CCCCCCCCCC)CCN1CCOCC1,-0.0018370228522014281
N(CCC(=O)OCCCCCCCC\C=C/CC(CCCCCC)OC(=O)CCCCCCCCCCC)(CCC(=O)OCCCCCCCC\C=C/CC(CCCCCC)OC(=O)CCCCCCCCCCC)CCN1CCOCC1,0.0021740760371353612
N(CCC(=O)OCCCCCCCC\C=C/CC(CCCCCC)OC(=O)CCCCCCCCCCCCC)(CCC(=O)OCCCCCCCC\C=C/CC(CCCCCC)OC(=O)CCCCCCCCCCCCC)CCN1CCOCC1,0.011006786905116287
N(CCC(=O)OCCCCCCCC\C=C/CC(CCCCCC)OC(=O)CCCCCCCCCCCCCCC)(CCC(=O)OCCCCCCCC\C=C/CC(CCCCCC)OC(=O)CCCCCCCCCCCCCCC)CCN1CCOCC1,0.01925758182934836
O=C(CCN(CCC(OCCCCCCCC/C=C\CC(CCCCCC)OC(C(CCCCCCCC)CCCCCC)=O)=O)CCN1CCOCC1)OCCCCCCCC/C=C\CC(CCCCCC)OC(C(CCCCCCCC)CCCCCC)=O,0.022395896216161882
N(CCC(=O)OCCCCCCCC\C=C/CC(CCCCCC)OC(=O)CC/C=C\CCCCC)(CCC(=O)OCCCCCCCC\C=C/CC(CCCCCC)OC(=O)CC/C=C\CCCCC)CCN1CCOCC1,-0.0010860917427081272
O=C(CCN(CCC(OCCCCCCCC/C=C\CC(CCCCCC)OC(CC/C=C\CCCCCC)=O)=O)CCN1CCOCC1)OCCCCCCCC/C=C\CC(CCCCCC)OC(CC/C=C\CCCCCC)=O,0.0050667456500152475
O=C(CCN(CCC(OCCCCCCCC/C=C\CC(CCCCCC)OC(CCC/C=C\C/C=C\C/C=C\C/C=C\CCCCC)=O)=O)CCN1CCOCC1)OCCCCCCCC/C=C\CC(CCCCCC)OC(CCC/C=C\C/C=C\C/C=C\C/C=C\CCCCC)=O,0.04573640073432886
N(CCC(=O)OCCCCCCCC\C=C/CC(CCCCCC)OC(=O)CC\C=C/C/C=C\C\C=C/C\C=C/C\C=C/C\C=C/CC)(CCC(=O)OCCCCCCCC\C=C/CC(CCCCCC)OC(=O)CC\C=C/C/C=C\C\C=C/C\C=C/C\C=C/C\C=C/CC)CCN1CCOCC1,0.10655845623005332
O=C(CCN(CCC(OCCCCCCCC/C=C\CC(CCCCCC)OC(C(CCCCCC)CCCC)=O)=O)CCN1CCOCC1)OCCCCCCCC/C=C\CC(CCCCCC)OC(C(CCCCCC)CCCC)=O,0.0006723640133823724
O=C(CCN(CCC(OCCCCCCCC/C=C\CC(CCCCCC)OC(CCCC1CCCCC1)=O)=O)CCN2CCOCC2)OCCCCCCCC/C=C\CC(CCCCCC)OC(CCCC3CCCCC3)=O,-0.04690359881131617
O=C(CCN(CCC(OCCCCCCCC/C=C\CC(CCCCCC)OC(CCCCCCCCCCCCCCCCC)=O)=O)CCN1CCOCC1)OCCCCCCCC/C=C\CC(CCCCCC)OC(CCCCCCCCCCCCCCCCC)=O,0.02696816955684572
O=C(CCN(CCC(OCCCCCCCC/C=C\CC(CCCCCC)OC(CCCCCCC/C=C\C/C=C\CCCCC)=O)=O)CCN1CCOCC1)OCCCCCCCC/C=C\CC(CCCCCC)OC(CCCCCCC/C=C\C/C=C\CCCCC)=O,0.03669708083363023
N(CCC(=O)OCCCCCCCC\C=C/CC(CCCCCC)OC(=O)CCCCCCC/C=C\CCCCCCCC)(CCC(=O)OCCCCCCCC\C=C/CC(CCCCCC)OC(=O)CCCCCCC/C=C\CCCCCCCC)CCN(C)CCN(CCC(=O)OCCCCCCCC\C=C/CC(CCCCCC)OC(=O)CCCCCCC/C=C\CCCCCCCC)(CCC(=O)OCCCCCCCC\C=C/CC(CCCCCC)OC(=O)CCCCCCC/C=C\CCCCCCCC),0.30415900037363797
N(CCC(=O)OCCCCCCCC\C=C/CC(CCCCCC)OC(=O)CCC/C=C\C/C=C\C/C=C\C/C=C\C/C=C\CC)(CCC(=O)OCCCCCCCC\C=C/CC(CCCCCC)OC(=O)CCC/C=C\C/C=C\C/C=C\C/C=C\C/C=C\CC)CCN(C)CCN(CCC(=O)OCCCCCCCC\C=C/CC(CCCCCC)OC(=O)CCC/C=C\C/C=C\C/C=C\C/C=C\C/C=C\CC)(CCC(=O)OCCCCCCCC\C=C/CC(CCCCCC)OC(=O)CCC/C=C\C/C=C\C/C=C\C/C=C\C/C=C\CC),0.36906235601088977
N(CCC(=O)OCCCCCCCC\C=C/CC(CCCCCC)OC(=O)CC/C=C\CCCCC)(CCC(=O)OCCCCCCCC\C=C/CC(CCCCCC)OC(=O)CC/C=C\CCCCC)CCN(C)CCN(CCC(=O)OCCCCCCCC\C=C/CC(CCCCCC)OC(=O)CC/C=C\CCCCC)(CCC(=O)OCCCCCCCC\C=C/CC(CCCCCC)OC(=O)CC/C=C\CCCCC),0.29869991429561144
N(CCC(=O)OCCCCCCCC\C=C/CC(CCCCCC)OC(=O)CC\C=C/C/C=C\C\C=C/C\C=C/C\C=C/C\C=C/CC)(CCC(=O)OCCCCCCCC\C=C/CC(CCCCCC)OC(=O)CC\C=C/C/C=C\C\C=C/C\C=C/C\C=C/C\C=C/CC)CCN(C)CCN(CCC(=O)OCCCCCCCC\C=C/CC(CCCCCC)OC(=O)CC\C=C/C/C=C\C\C=C/C\C=C/C\C=C/C\C=C/CC)(CCC(=O)OCCCCCCCC\C=C/CC(CCCCCC)OC(=O)CC\C=C/C/C=C\C\C=C/C\C=C/C\C=C/C\C=C/CC),0.41106466336400194
N(CCC(=O)OCCCCCCCC\C=C/CC(CCCCCC)OC(=O)CCCC\C=C/C\C=C/C\C=C/CCCCC)(CCC(=O)OCCCCCCCC\C=C/CC(CCCCCC)OC(=O)CCCC\C=C/C\C=C/C\C=C/CCCCC)CCN(C)CCN(CCC(=O)OCCCCCCCC\C=C/CC(CCCCCC)OC(=O)CCCC\C=C/C\C=C/C\C=C/CCCCC)(CCC(=O)OCCCCCCCC\C=C/CC(CCCCCC)OC(=O)CCCC\C=C/C\C=C/C\C=C/CCCCC),0.31265677634002276
N(CCC(=O)OCCCCCCCC\C=C/CC(CCCCCC)OC(=O)CCCCCCCC=C)(CCC(=O)OCCCCCCCC\C=C/CC(CCCCCC)OC(=O)CCCCCCCC=C)CCN(C)CCN(CCC(=O)OCCCCCCCC\C=C/CC(CCCCCC)OC(=O)CCCCCCCC=C)(CCC(=O)OCCCCCCCC\C=C/CC(CCCCCC)OC(=O)CCCCCCCC=C),0.30089775118811246
N(CCC(=O)OCCCCCCCC\C=C/CC(CCCCCC)OC(=O)CC/C=C\CC)(CCC(=O)OCCCCCCCC\C=C/CC(CCCCCC)OC(=O)CC/C=C\CC)CCN1CCCCC1,0.26656978945262694
N(CCC(=O)OCCCCCCCC\C=C/CC(CCCCCC)OC(=O)CCCCC)(CCC(=O)OCCCCCCCC\C=C/CC(CCCCCC)OC(=O)CCCCC)CCN1CCCCC1,0.24865624425201674
N(CCC(=O)OCCCCCCCC\C=C/CC(CCCCCC)OC(=O)CCCCCC)(CCC(=O)OCCCCCCCC\C=C/CC(CCCCCC)OC(=O)CCCCCC)CCN1CCCCC1,0.25771271644839394
N(CCC(=O)OCCCCCCCC\C=C/CC(CCCCCC)OC(=O)CCCCCCC)(CCC(=O)OCCCCCCCC\C=C/CC(CCCCCC)OC(=O)CCCCCCC)CCN1CCCCC1,0.26694569808331275
N(CCC(=O)OCCCCCCCC\C=C/CC(CCCCCC)OC(=O)CCCCCCCCCCCCCCCCC)(CCC(=O)OCCCCCCCC\C=C/CC(CCCCCC)OC(=O)CCCCCCCCCCCCCCCCC)CCN1CCCCC1,0.2738296863426227
N(CCC(=O)OCCCCCCCC\C=C/CC(CCCCCC)OC(=O)CCCCCCC/C=C\CCCCCCCC)(CCC(=O)OCCCCCCCC\C=C/CC(CCCCCC)OC(=O)CCCCCCC/C=C\CCCCCCCC)CCN1CCCCC1,0.2824319080744617
N(CCC(=O)OCCCCCCCC\C=C/CC(CCCCCC)OC(=O)CCCCCCC/C=C\C/C=C\CCCCC)(CCC(=O)OCCCCCCCC\C=C/CC(CCCCCC)OC(=O)CCCCCCC/C=C\C/C=C\CCCCC)CCN1CCCCC1,0.28418582793449715
N(CCC(=O)OCCCCCCCC\C=C/CC(CCCCCC)OC(=O)CCC/C=C\C/C=C\C/C=C\C/C=C\C/C=C\CC)(CCC(=O)OCCCCCCCC\C=C/CC(CCCCCC)OC(=O)CCC/C=C\C/C=C\C/C=C\C/C=C\C/C=C\CC)CCN1CCCCC1,0.3478790605745316
N(CCC(=O)OCCCCCCCC\C=C/CC(CCCCCC)OC(=O)CCCCCCCCCC)(CCC(=O)OCCCCCCCC\C=C/CC(CCCCCC)OC(=O)CCCCCCCCCC)CCN1CCCCC1,0.27251487726757734
N(CCC(=O)OCCCCCCCC\C=C/CC(CCCCCC)OC(=O)CCCCCCCCCCC)(CCC(=O)OCCCCCCCC\C=C/CC(CCCCCC)OC(=O)CCCCCCCCCCC)CCN1CCCCC1,0.2727380373456791
N(CCC(=O)OCCCCCCCC\C=C/CC(CCCCCC)OC(=O)CCCCCCCCCCCCC)(CCC(=O)OCCCCCCCC\C=C/CC(CCCCCC)OC(=O)CCCCCCCCCCCCC)CCN1CCCCC1,0.27315272638568366
N(CCC(=O)OCCCCCCCC\C=C/CC(CCCCCC)OC(=O)CCCCCCCCCCCCCCC)(CCC(=O)OCCCCCCCC\C=C/CC(CCCCCC)OC(=O)CCCCCCCCCCCCCCC)CCN1CCCCC1,0.2735127143216065
N(CCC(=O)OCCCCCCCC\C=C/CC(CCCCCC)OC(=O)C(CCCCCC)CCCCCCCC)(CCC(=O)OCCCCCCCC\C=C/CC(CCCCCC)OC(=O)C(CCCCCC)CCCCCCCC)CCN1CCCCC1,0.27248234497997686
O=C(CCN(CCC(OCCCCCCCC/C=C\CC(CCCCCC)OC(CC/C=C\CCCCC)=O)=O)CCN1CCCCC1)OCCCCCCCC/C=C\CC(CCCCCC)OC(CC/C=C\CCCCC)=O,0.27245954534351446
N(CCC(=O)OCCCCCCCC\C=C/CC(CCCCCC)OC(=O)CCC/C=C\C/C=C\C/C=C\C/C=C\CCCCC)(CCC(=O)OCCCCCCCC\C=C/CC(CCCCCC)OC(=O)CCC/C=C\C/C=C\C/C=C\C/C=C\CCCCC)CCN1CCCCC1,0.3091850135150657
N(CCC(=O)OCCCCCCCC\C=C/CC(CCCCCC)OC(=O)CC\C=C/C/C=C\C\C=C/C\C=C/C\C=C/C\C=C/CC)(CCC(=O)OCCCCCCCC\C=C/CC(CCCCCC)OC(=O)CC\C=C/C/C=C\C\C=C/C\C=C/C\C=C/C\C=C/CC)CCN1CCCCC1,0.380550188648989
N(CCC(=O)OCCCCCCCC\C=C/CC(CCCCCC)OC(=O)C(CCCC)CCCCCC)(CCC(=O)OCCCCCCCC\C=C/CC(CCCCCC)OC(=O)C(CCCC)CCCCCC)CCN1CCCCC1,0.2621655845783557
O=C(CCN(CCC(OCCCCCCCC/C=C\CC(CCCCCC)OC(CCCCCCC/C=C\CCCCCC)=O)=O)CCCN(C)C)OCCCCCCCC/C=C\CC(CCCCCC)OC(CCCCCCC/C=C\CCCCCCC)=O,0.27213512363891107
O=C(CCN(CCC(OCCCCCCCC/C=C\CC(CCCCCC)OC(CCCCCCCCC/C=C\CCCCCCCC)=O)=O)CCCN(C)C)OCCCCCCCC/C=C\CC(CCCCCC)OC(CCCCCCCCC/C=C\CCCCCCCC)=O,0.2754424226830622
N(CCC(=O)OCCCCCCCC\C=C/CC(CCCCCC)OC(=O)C)(CCC(=O)OCCCCCCCC\C=C/CC(CCCCCC)OC(=O)C)CCCN(C)C,0.23470226595609084
N(CCC(=O)OCCCCCCCC\C=C/CC(CCCCCC)OC(=O)CCC)(CCC(=O)OCCCCCCCC\C=C/CC(CCCCCC)OC(=O)CCC)CCCN(C)C,0.2424968879167945
N(CCC(=O)OCCCCCCCC\C=C/CC(CCCCCC)OC(=O)CCCCCCCCC)(CCC(=O)OCCCCCCCC\C=C/CC(CCCCCC)OC(=O)CCCCCCCCC)CCCN(C)C,0.2626845391495342
N(CCC(=O)OCCCCCCCC\C=C/CC(CCCCCC)OC(=O)CCCCC)(CCC(=O)OCCCCCCCC\C=C/CC(CCCCCC)OC(=O)CCCCC)CCCN(C)C,0.23987695735927175
N(CCC(=O)OCCCCCCCC\C=C/CC(CCCCCC)OC(=O)CCCCCC)(CCC(=O)OCCCCCCCC\C=C/CC(CCCCCC)OC(=O)CCCCCC)CCCN(C)C,0.24940800143529493
N(CCC(=O)OCCCCCCCC\C=C/CC(CCCCCC)OC(=O)CCCCCCC)(CCC(=O)OCCCCCCCC\C=C/CC(CCCCCC)OC(=O)CCCCCCC)CCCN(C)C,0.25842097709201783
O=C(CCN(CCC(OCCCCCCCC/C=C\CC(CCCCCC)OC(CCCCCCC/C=C\CCCCCCCCC)=O)=O)CCCN(C)C)OCCCCCCCC/C=C\CC(CCCCCC)OC(CCCCCCC/C=C\CCCCCCCCC)=O,0.2754523956465741
O=C(CCN(CCC(OCCCCCCCC/C=C\CC(CCCCCC)OC(CCCCCCC/C=C\C/C=C\CCCCC)=O)=O)CCCN(C)C)OCCCCCCCC/C=C\CC(CCCCCC)OC(CCCCCCC/C=C\C/C=C\CCCCC)=O,0.2770280938424047
N(CCC(=O)OCCCCCCCC\C=C/CC(CCCCCC)OC(=O)CC/C=C\CC)(CCC(=O)OCCCCCCCC\C=C/CC(CCCCCC)OC(=O)CC/C=C\CC)CCCN1CCCCCC1,0.26140818005429367
N(CCC(=O)OCCCCCCCC\C=C/CC(CCCCCC)OC(=O)CCCCC)(CCC(=O)OCCCCCCCC\C=C/CC(CCCCCC)OC(=O)CCCCC)CCCN1CCCCCC1,0.2440462869272195
N(CCC(=O)OCCCCCCCC\C=C/CC(CCCCCC)OC(=O)CCCCCC)(CCC(=O)OCCCCCCCC\C=C/CC(CCCCCC)OC(=O)CCCCCC)CCCN1CCCCCC1,0.25264588024247026
N(CCC(=O)OCCCCCCCC\C=C/CC(CCCCCC)OC(=O)CCCCCCC)(CCC(=O)OCCCCCCCC\C=C/CC(CCCCCC)OC(=O)CCCCCCC)CCCN1CCCCCC1,0.2614340737125685
N(CCC(=O)OCCCCCCCC\C=C/CC(CCCCCC)OC(=O)CCCCCCCCCCCCCCCCC)(CCC(=O)OCCCCCCCC\C=C/CC(CCCCCC)OC(=O)CCCCCCCCCCCCCCCCC)CCCN1CCCCCC1,0.26930508496908756
N(CCC(=O)OCCCCCCCC\C=C/CC(CCCCCC)OC(=O)CCCCCCC/C=C\CCCCCCCC)(CCC(=O)OCCCCCCCC\C=C/CC(CCCCCC)OC(=O)CCCCCCC/C=C\CCCCCCCC)CCCN1CCCCCC1,0.277715417270463
N(CCC(=O)OCCCCCCCC\C=C/CC(CCCCCC)OC(=O)CCCCCCC/C=C\C/C=C\CCCCC)(CCC(=O)OCCCCCCCC\C=C/CC(CCCCCC)OC(=O)CCCCCCC/C=C\C/C=C\CCCCC)CCCN1CCCCCC1,0.2794718303713764
N(CCC(=O)OCCCCCCCC\C=C/CC(CCCCCC)OC(=O)CCC/C=C\C/C=C\C/C=C\C/C=C\C/C=C\CC)(CCC(=O)OCCCCCCCC\C=C/CC(CCCCCC)OC(=O)CCC/C=C\C/C=C\C/C=C\C/C=C\C/C=C\CC)CCCN1CCCCCC1,0.3423220171651429
N(CCC(=O)OCCCCCCCC\C=C/CC(CCCCCC)OC(=O)CCCCCCCCCC)(CCC(=O)OCCCCCCCC\C=C/CC(CCCCCC)OC(=O)CCCCCCCCCC)CCCN1CCCCCC1,0.26724584823816433
N(CCC(=O)OCCCCCCCC\C=C/CC(CCCCCC)OC(=O)CCCCCCCCCCC)(CCC(=O)OCCCCCCCC\C=C/CC(CCCCCC)OC(=O)CCCCCCCCCCC)CCCN1CCCCCC1,0.2675885937612684
N(CCC(=O)OCCCCCCCC\C=C/CC(CCCCCC)OC(=O)CCCCCCCCCCCCC)(CCC(=O)OCCCCCCCC\C=C/CC(CCCCCC)OC(=O)CCCCCCCCCCCCC)CCCN1CCCCCC1,0.2682252112784591
N(CCC(=O)OCCCCCCCC\C=C/CC(CCCCCC)OC(=O)CCCCCCCCCCCCCCC)(CCC(=O)OCCCCCCCC\C=C/CC(CCCCCC)OC(=O)CCCCCCCCCCCCCCC)CCCN1CCCCCC1,0.26879333976912245
N(CCC(=O)OCCCCCCCC\C=C/CC(CCCCCC)OC(=O)C(CCCCCC)CCCCCCCC)(CCC(=O)OCCCCCCCC\C=C/CC(CCCCCC)OC(=O)C(CCCCCC)CCCCCCCC)CCCN1CCCCCC1,0.2677977856826442
N(CCC(=O)OCCCCCCCC\C=C/CC(CCCCCC)OC(=O)CC/C=C\CCCCC)(CCC(=O)OCCCCCCCC\C=C/CC(CCCCCC)OC(=O)CC/C=C\CCCCC)CCCN1CCCCCC1,0.2670922285532253
N(CCC(=O)OCCCCCCCC\C=C/CC(CCCCCC)OC(=O)CCC/C=C\C/C=C\C/C=C\C/C=C\CCCCC)(CCC(=O)OCCCCCCCC\C=C/CC(CCCCCC)OC(=O)CCC/C=C\C/C=C\C/C=C\C/C=C\CCCCC)CCCN1CCCCCC1,0.3047354196411967
N(CCC(=O)OCCCCCCCC\C=C/CC(CCCCCC)OC(=O)CC\C=C/C/C=C\C\C=C/C\C=C/C\C=C/C\C=C/CC)(CCC(=O)OCCCCCCCC\C=C/CC(CCCCCC)OC(=O)CC\C=C/C/C=C\C\C=C/C\C=C/C\C=C/C\C=C/CC)CCCN1CCCCCC1,0.3735756627028573
O=C(CCN(CCC(OCCCCCCCC/C=C\CC(CCCCCC)OC(CC/C=C\CCCCC)=O)=O)CCN(C)C)OCCCCCCCC/C=C\CC(CCCCCC)OC(CC/C=C\CCCCC)=O,0.26017129226644653
N(CCC(=O)OCCCCCCCC\C=C/CC(CCCCCC)OC(=O)C)(CCC(=O)OCCCCCCCC\C=C/CC(CCCCCC)OC(=O)C)CCN(C)C,0.2306273941705621
N(CCC(=O)OCCCCCCCC\C=C/CC(CCCCCC)OC(=O)CCC)(CCC(=O)OCCCCCCCC\C=C/CC(CCCCCC)OC(=O)CCC)CCN(C)C,0.23866015067415866
N(CCC(=O)OCCCCCCCC\C=C/CC(CCCCCC)OC(=O)CCCCCCCCC)(CCC(=O)OCCCCCCCC\C=C/CC(CCCCCC)OC(=O)CCCCCCCCC)CCN(C)C,0.2595946927646075
N(CCC(=O)OCCCCCCCC\C=C/CC(CCCCCC)OC(=O)CCCCC)(CCC(=O)OCCCCCCCC\C=C/CC(CCCCCC)OC(=O)CCCCC)CCN(C)C,0.23621742045325217
N(CCC(=O)OCCCCCCCC\C=C/CC(CCCCCC)OC(=O)CCCCCC)(CCC(=O)OCCCCCCCC\C=C/CC(CCCCCC)OC(=O)CCCCCC)CCN(C)C,0.24579179585417257
N(CCC(=O)OCCCCCCCC\C=C/CC(CCCCCC)OC(=O)CCCCCCC)(CCC(=O)OCCCCCCCC\C=C/CC(CCCCCC)OC(=O)CCCCCCC)CCN(C)C,0.25503065012272563
N(CCC(=O)OCCCCCCCC\C=C/CC(CCCCCC)OC(=O)CCCCCCC/C=C\C/C=C\CCCCC)(CCC(=O)OCCCCCCCC\C=C/CC(CCCCCC)OC(=O)CCCCCCC/C=C\C/C=C\CCCCC)CCN(C)C,0.27451250391367266
N(CCC(=O)OCCCCCCCC\C=C/CC(CCCCCC)OC(=O)CC/C=C\CC)(CCC(=O)OCCCCCCCC\C=C/CC(CCCCCC)OC(=O)CC/C=C\CC)CCCN1CCCCC1,0.2662713214843918
N(CCC(=O)OCCCCCCCC\C=C/CC(CCCCCC)OC(=O)CCCCC)(CCC(=O)OCCCCCCCC\C=C/CC(CCCCCC)OC(=O)CCCCC)CCCN1CCCCC1,0.24828431579502167
N(CCC(=O)OCCCCCCCC\C=C/CC(CCCCCC)OC(=O)CCCCCC)(CCC(=O)OCCCCCCCC\C=C/CC(CCCCCC)OC(=O)CCCCCC)CCCN1CCCCC1,0.25722686490670366
N(CCC(=O)OCCCCCCCC\C=C/CC(CCCCCC)OC(=O)CCCCCCC)(CCC(=O)OCCCCCCCC\C=C/CC(CCCCCC)OC(=O)CCCCCCC)CCCN1CCCCC1,0.26655645211588214
N(CCC(=O)OCCCCCCCC\C=C/CC(CCCCCC)OC(=O)CCCCCCCCCCCCCCCCC)(CCC(=O)OCCCCCCCC\C=C/CC(CCCCCC)OC(=O)CCCCCCCCCCCCCCCCC)CCCN1CCCCC1,0.2734259014765784
N(CCC(=O)OCCCCCCCC\C=C/CC(CCCCCC)OC(=O)CCCCCCC/C=C\CCCCCCCC)(CCC(=O)OCCCCCCCC\C=C/CC(CCCCCC)OC(=O)CCCCCCC/C=C\CCCCCCCC)CCCN1CCCCC1,0.28193860684918426
N(CCC(=O)OCCCCCCCC\C=C/CC(CCCCCC)OC(=O)CCCCCCC/C=C\C/C=C\CCCCC)(CCC(=O)OCCCCCCCC\C=C/CC(CCCCCC)OC(=O)CCCCCCC/C=C\C/C=C\CCCCC)CCCN1CCCCC1,0.2837288439167072
N(CCC(=O)OCCCCCCCC\C=C/CC(CCCCCC)OC(=O)CCC/C=C\C/C=C\C/C=C\C/C=C\C/C=C\CC)(CCC(=O)OCCCCCCCC\C=C/CC(CCCCCC)OC(=O)CCC/C=C\C/C=C\C/C=C\C/C=C\C/C=C\CC)CCCN1CCCCC1,0.3465071773107134
N(CCC(=O)OCCCCCCCC\C=C/CC(CCCCCC)OC(=O)CCCCCCCCCC)(CCC(=O)OCCCCCCCC\C=C/CC(CCCCCC)OC(=O)CCCCCCCCCC)CCCN1CCCCC1,0.2720583137964415
N(CCC(=O)OCCCCCCCC\C=C/CC(CCCCCC)OC(=O)CCCCCCCCCCC)(CCC(=O)OCCCCCCCC\C=C/CC(CCCCCC)OC(=O)CCCCCCCCCCC)CCCN1CCCCC1,0.27228976465143867
N(CCC(=O)OCCCCCCCC\C=C/CC(CCCCCC)OC(=O)CCCCCCCCCCCCC)(CCC(=O)OCCCCCCCC\C=C/CC(CCCCCC)OC(=O)CCCCCCCCCCCCC)CCCN1CCCCC1,0.2727212755576079
N(CCC(=O)OCCCCCCCC\C=C/CC(CCCCCC)OC(=O)CCCCCCCCCCCCCCC)(CCC(=O)OCCCCCCCC\C=C/CC(CCCCCC)OC(=O)CCCCCCCCCCCCCCC)CCCN1CCCCC1,0.27310027821010613
N(CCC(=O)OCCCCCCCC\C=C/CC(CCCCCC)OC(=O)C(CCCCCC)CCCCCCCC)(CCC(=O)OCCCCCCCC\C=C/CC(CCCCCC)OC(=O)C(CCCCCC)CCCCCCCC)CCCN1CCCCC1,0.2720609271935064
N(CCC(=O)OCCCCCCCC\C=C/CC(CCCCCC)OC(=O)CC/C=C\CCCCC)(CCC(=O)OCCCCCCCC\C=C/CC(CCCCCC)OC(=O)CC/C=C\CCCCC)CCCN1CCCCC1,0.2720282447106723
N(CCC(=O)OCCCCCCCC\C=C/CC(CCCCCC)OC(=O)CCC/C=C\C/C=C\C/C=C\C/C=C\CCCCC)(CCC(=O)OCCCCCCCC\C=C/CC(CCCCCC)OC(=O)CCC/C=C\C/C=C\C/C=C\C/C=C\CCCCC)CCCN1CCCCC1,0.3083756414401737
N(CCC(=O)OCCCCCCCC\C=C/CC(CCCCCC)OC(=O)CC\C=C/C/C=C\C\C=C/C\C=C/C\C=C/C\C=C/CC)(CCC(=O)OCCCCCCCC\C=C/CC(CCCCCC)OC(=O)CC\C=C/C/C=C\C\C=C/C\C=C/C\C=C/C\C=C/CC)CCCN1CCCCC1,0.3781253767194525
N(CCC(=O)OCCCCCCCC\C=C/CC(CCCCCC)OC(=O)C(CCCC)CCCCCC)(CCC(=O)OCCCCCCCC\C=C/CC(CCCCCC)OC(=O)C(CCCC)CCCCCC)CCCN1CCCCC1,0.26168586100219676
N(CCC(=O)OCCCCCCCC\C=C/CC(CCCCCC)OC(=O)CCC/C=C\C/C=C\C/C=C\C/C=C\C/C=C\CC)(CCC(=O)OCCCCCCCC\C=C/CC(CCCCCC)OC(=O)CCC/C=C\C/C=C\C/C=C\C/C=C\C/C=C\CC)CCCN(CCC(=O)OCCCCCCCC\C=C/CC(CCCCCC)OC(=O)CCC/C=C\C/C=C\C/C=C\C/C=C\C/C=C\CC)CCCN(C)C,0.35155373716009936
N(CCC(=O)OCCCCCCCC\C=C/CC(CCCCCC)OC(=O)C(CCCCCC)CCCCCCCC)(CCC(=O)OCCCCCCCC\C=C/CC(CCCCCC)OC(=O)C(CCCCCC)CCCCCCCC)CCCN(CCC(=O)OCCCCCCCC\C=C/CC(CCCCCC)OC(=O)C(CCCCCC)CCCCCCCC)CCCN(C)C,0.27833368093010624
N(CCC(=O)OCCCCCCCC\C=C/CC(CCCCCC)OC(=O)CCC/C=C\C/C=C\C/C=C\C/C=C\CCCCC)(CCC(=O)OCCCCCCCC\C=C/CC(CCCCCC)OC(=O)CCC/C=C\C/C=C\C/C=C\C/C=C\CCCCC)CCCN(CCC(=O)OCCCCCCCC\C=C/CC(CCCCCC)OC(=O)CCC/C=C\C/C=C\C/C=C\C/C=C\CCCCC)CCCN(C)C,0.31334178676148344
N(CCC(=O)OCCCCCCCC\C=C/CC(CCCCCC)OC(=O)CC\C=C/C/C=C\C\C=C/C\C=C/C\C=C/C\C=C/CC)(CCC(=O)OCCCCCCCC\C=C/CC(CCCCCC)OC(=O)CC\C=C/C/C=C\C\C=C/C\C=C/C\C=C/C\C=C/CC)CCCN(CCC(=O)OCCCCCCCC\C=C/CC(CCCCCC)OC(=O)CC\C=C/C/C=C\C\C=C/C\C=C/C\C=C/C\C=C/CC)CCCN(C)C,0.38379020022848165
N(CCC(=O)OCCCCCCCC\C=C/CC(CCCCCC)OC(=O)C(CCCC)CCCCCC)(CCC(=O)OCCCCCCCC\C=C/CC(CCCCCC)OC(=O)C(CCCC)CCCCCC)CCCN(CCC(=O)OCCCCCCCC\C=C/CC(CCCCCC)OC(=O)C(CCCC)CCCCCC)CCCN(C)C,0.26816221939748197
N(CCC(=O)OCCCCCCCC\C=C/CC(CCCCCC)OC(=O)CCCCCCC/C=C\C/C=C\C/C=C\CC)(CCC(=O)OCCCCCCCC\C=C/CC(CCCCCC)OC(=O)CCCCCCC/C=C\C/C=C\C/C=C\CC)CCCN(CCC(=O)OCCCCCCCC\C=C/CC(CCCCCC)OC(=O)CCCCCCC/C=C\C/C=C\C/C=C\CC)CCCN(C)C,0.30756371604631033
N(CCC(=O)OCCCCCCCC\C=C/CC(CCCCCC)OC(=O)CCCC\C=C/C\C=C/C\C=C/CCCCC)(CCC(=O)OCCCCCCCC\C=C/CC(CCCCCC)OC(=O)CCCC\C=C/C\C=C/C\C=C/CCCCC)CCCN(CCC(=O)OCCCCCCCC\C=C/CC(CCCCCC)OC(=O)CCCC\C=C/C\C=C/C\C=C/CCCCC)CCCN(C)C,0.29662202331667353
N(CCC(=O)OCCCCCCCC\C=C/CC(CCCCCC)OC(=O)CC/C=C\CC)(CCC(=O)OCCCCCCCC\C=C/CC(CCCCCC)OC(=O)CC/C=C\CC)CCN1CCN(C)CCCC1,0.22788421340433682
N(CCC(=O)OCCCCCCCC\C=C/CC(CCCCCC)OC(=O)CCCCC)(CCC(=O)OCCCCCCCC\C=C/CC(CCCCCC)OC(=O)CCCCC)CCN1CCN(C)CCCC1,0.21339575035007682
N(CCC(=O)OCCCCCCCC\C=C/CC(CCCCCC)OC(=O)CCCCCC)(CCC(=O)OCCCCCCCC\C=C/CC(CCCCCC)OC(=O)CCCCCC)CCN1CCN(C)CCCC1,0.22186728720914944
N(CCC(=O)OCCCCCCCC\C=C/CC(CCCCCC)OC(=O)CCCCCCC)(CCC(=O)OCCCCCCCC\C=C/CC(CCCCCC)OC(=O)CCCCCCC)CCN1CCN(C)CCCC1,0.22994594337613802
N(CCC(=O)OCCCCCCCC\C=C/CC(CCCCCC)OC(=O)CCCCCCCCCCCCCCCCC)(CCC(=O)OCCCCCCCC\C=C/CC(CCCCCC)OC(=O)CCCCCCCCCCCCCCCCC)CCN1CCN(C)CCCC1,0.2410601653706257
N(CCC(=O)OCCCCCCCC\C=C/CC(CCCCCC)OC(=O)CCCCCCC/C=C\CCCCCCCC)(CCC(=O)OCCCCCCCC\C=C/CC(CCCCCC)OC(=O)CCCCCCC/C=C\CCCCCCCC)CCN1CCN(C)CCCC1,0.24930466711456942
N(CCC(=O)OCCCCCCCC\C=C/CC(CCCCCC)OC(=O)CCCCCCC/C=C\C/C=C\CCCCC)(CCC(=O)OCCCCCCCC\C=C/CC(CCCCCC)OC(=O)CCCCCCC/C=C\C/C=C\CCCCC)CCN1CCN(C)CCCC1,0.2516967364831783
N(CCC(=O)OCCCCCCCC\C=C/CC(CCCCCC)OC(=O)CCC/C=C\C/C=C\C/C=C\C/C=C\C/C=C\CC)(CCC(=O)OCCCCCCCC\C=C/CC(CCCCCC)OC(=O)CCC/C=C\C/C=C\C/C=C\C/C=C\C/C=C\CC)CCN1CCN(C)CCCC1,0.31670327624592204
N(CCC(=O)OCCCCCCCC\C=C/CC(CCCCCC)OC(=O)CCCCCCCCCC)(CCC(=O)OCCCCCCCC\C=C/CC(CCCCCC)OC(=O)CCCCCCCCCC)CCN1CCN(C)CCCC1,0.23456201364694332
N(CCC(=O)OCCCCCCCC\C=C/CC(CCCCCC)OC(=O)CCCCCCCCCCC)(CCC(=O)OCCCCCCCC\C=C/CC(CCCCCC)OC(=O)CCCCCCCCCCC)CCN1CCN(C)CCCC1,0.2357118933359586
N(CCC(=O)OCCCCCCCC\C=C/CC(CCCCCC)OC(=O)CCCCCCCCCCCCC)(CCC(=O)OCCCCCCCC\C=C/CC(CCCCCC)OC(=O)CCCCCCCCCCCCC)CCN1CCN(C)CCCC1,0.23769275819398275
N(CCC(=O)OCCCCCCCC\C=C/CC(CCCCCC)OC(=O)CCCCCCCCCCCCCCC)(CCC(=O)OCCCCCCCC\C=C/CC(CCCCCC)OC(=O)CCCCCCCCCCCCCCC)CCN1CCN(C)CCCC1,0.23945243053146553
N(CCC(=O)OCCCCCCCC\C=C/CC(CCCCCC)OC(=O)C(CCCCCC)CCCCCCCC)(CCC(=O)OCCCCCCCC\C=C/CC(CCCCCC)OC(=O)C(CCCCCC)CCCCCCCC)CCN1CCN(C)CCCC1,0.23846847151702216
N(CCC(=O)OCCCCCCCC\C=C/CC(CCCCCC)OC(=O)CC/C=C\CCCCC)(CCC(=O)OCCCCCCCC\C=C/CC(CCCCCC)OC(=O)CC/C=C\CCCCC)CCN1CCN(C)CCCC1,0.2358795262361937
O=C(CCN(CCC(OCCCCCCCC/C=C\CC(CCCCCC)OC(CC/C=C\CCCCC)=O)=O)CCN1CCN(C)CCC1)OCCCCCCCC/C=C\CC(CCCCCC)OC(CC/C=C\CCCCC)=O,0.24112458410632218
N(CCC(=O)OCCCCCCCC\C=C/CC(CCCCCC)OC(=O)CCC/C=C\C/C=C\C/C=C\C/C=C\CCCCC)(CCC(=O)OCCCCCCCC\C=C/CC(CCCCCC)OC(=O)CCC/C=C\C/C=C\C/C=C\C/C=C\CCCCC)CCN1CCN(C)CCCC1,0.28045413723825
N(CCC(=O)OCCCCCCCC\C=C/CC(CCCCCC)OC(=O)CC\C=C/C/C=C\C\C=C/C\C=C/C\C=C/C\C=C/CC)(CCC(=O)OCCCCCCCC\C=C/CC(CCCCCC)OC(=O)CC\C=C/C/C=C\C\C=C/C\C=C/C\C=C/C\C=C/CC)CCN1CCN(C)CCCC1,0.34615343749650884
N(CCC(=O)OCCCCCCCC\C=C/CC(CCCCCC)OC(=O)CC/C=C\CC)(CCC(=O)OCCCCCCCC\C=C/CC(CCCCCC)OC(=O)CC/C=C\CC)CCC1N(C)CCCC1,0.2177327428573064
N(CCC(=O)OCCCCCCCC\C=C/CC(CCCCCC)OC(=O)CCCCC)(CCC(=O)OCCCCCCCC\C=C/CC(CCCCCC)OC(=O)CCCCC)CCC1N(C)CCCC1,0.20447476927394162
N(CCC(=O)OCCCCCCCC\C=C/CC(CCCCCC)OC(=O)CCCCCC)(CCC(=O)OCCCCCCCC\C=C/CC(CCCCCC)OC(=O)CCCCCC)CCC1N(C)CCCC1,0.21328420035007267
N(CCC(=O)OCCCCCCCC\C=C/CC(CCCCCC)OC(=O)CCCCCCC)(CCC(=O)OCCCCCCCC\C=C/CC(CCCCCC)OC(=O)CCCCCCC)CCC1N(C)CCCC1,0.22161938997607172
N(CCC(=O)OCCCCCCCC\C=C/CC(CCCCCC)OC(=O)CCCCCCCCCCCCCCCCC)(CCC(=O)OCCCCCCCC\C=C/CC(CCCCCC)OC(=O)CCCCCCCCCCCCCCCCC)CCC1N(C)CCCC1,0.2333872466077184
N(CCC(=O)OCCCCCCCC\C=C/CC(CCCCCC)OC(=O)CCCCCCC/C=C\CCCCCCCC)(CCC(=O)OCCCCCCCC\C=C/CC(CCCCCC)OC(=O)CCCCCCC/C=C\CCCCCCCC)CCC1N(C)CCCC1,0.2417461520611049
N(CCC(=O)OCCCCCCCC\C=C/CC(CCCCCC)OC(=O)CCCCCCC/C=C\C/C=C\CCCCC)(CCC(=O)OCCCCCCCC\C=C/CC(CCCCCC)OC(=O)CCCCCCC/C=C\C/C=C\CCCCC)CCC1N(C)CCCC1,0.2442441991865509
N(CCC(=O)OCCCCCCCC\C=C/CC(CCCCCC)OC(=O)CCC/C=C\C/C=C\C/C=C\C/C=C\C/C=C\CC)(CCC(=O)OCCCCCCCC\C=C/CC(CCCCCC)OC(=O)CCC/C=C\C/C=C\C/C=C\C/C=C\C/C=C\CC)CCC1N(C)CCCC1,0.31113055245414417
N(CCC(=O)OCCCCCCCC\C=C/CC(CCCCCC)OC(=O)CCCCCCCCCC)(CCC(=O)OCCCCCCCC\C=C/CC(CCCCCC)OC(=O)CCCCCCCCCC)CCC1N(C)CCCC1,0.2265074938539963
N(CCC(=O)OCCCCCCCC\C=C/CC(CCCCCC)OC(=O)CCCCCCCCCCC)(CCC(=O)OCCCCCCCC\C=C/CC(CCCCCC)OC(=O)CCCCCCCCCCC)CCC1N(C)CCCC1,0.2269942315475649
N(CCC(=O)OCCCCCCCC\C=C/CC(CCCCCC)OC(=O)CCCCCCCCCCCCC)(CCC(=O)OCCCCCCCC\C=C/CC(CCCCCC)OC(=O)CCCCCCCCCCCCC)CCC1N(C)CCCC1,0.2291097914910929
N(CCC(=O)OCCCCCCCC\C=C/CC(CCCCCC)OC(=O)CCCCCCCCCCCCCCC)(CCC(=O)OCCCCCCCC\C=C/CC(CCCCCC)OC(=O)CCCCCCCCCCCCCCC)CCC1N(C)CCCC1,0.23139268394438878
N(CCC(=O)OCCCCCCCC\C=C/CC(CCCCCC)OC(=O)C(CCCCCC)CCCCCCCC)(CCC(=O)OCCCCCCCC\C=C/CC(CCCCCC)OC(=O)C(CCCCCC)CCCCCCCC)CCC1N(C)CCCC1,0.230865528713455
N(CCC(=O)OCCCCCCCC\C=C/CC(CCCCCC)OC(=O)CC/C=C\CCCCC)(CCC(=O)OCCCCCCCC\C=C/CC(CCCCCC)OC(=O)CC/C=C\CCCCC)CCC1N(C)CCCC1,0.22798102925192354
N(CCC(=O)OCCCCCCCC\C=C/CC(CCCCCC)OC(=O)CCC/C=C\C/C=C\C/C=C\C/C=C\CCCCC)(CCC(=O)OCCCCCCCC\C=C/CC(CCCCCC)OC(=O)CCC/C=C\C/C=C\C/C=C\C/C=C\CCCCC)CCC1N(C)CCCC1,0.27454143151566646
N(CCC(=O)OCCCCCCCC\C=C/CC(CCCCCC)OC(=O)CC\C=C/C/C=C\C\C=C/C\C=C/C\C=C/C\C=C/CC)(CCC(=O)OCCCCCCCC\C=C/CC(CCCCCC)OC(=O)CC\C=C/C/C=C\C\C=C/C\C=C/C\C=C/C\C=C/CC)CCC1N(C)CCCC1,0.3413405213525308
N(CCC(=O)OCCCCCCCC\C=C/CC(CCCCCC)OC(=O)C(CCCCCC)CCCCCCCC)(CCC(=O)OCCCCCCCC\C=C/CC(CCCCCC)OC(=O)C(CCCCCC)CCCCCCCC)CCCN(CC)CC,0.27631463644369775
O=C(CCN(CCC(OCCCCCCCC/C=C\CC(CCCCCC)OC(CC/C=C\CCCCCC)=O)=O)CCCN(CC)CC)OCCCCCCCC/C=C\CC(CCCCCC)OC(CC/C=C\CCCCCC)=O,0.28072974549192925
O=C(CCN(CCC(OCCCCCCCC/C=C\CC(CCCCCC)OC(CC/C=C\CCCCC)=O)=O)CCCN(CC)CC)OCCCCCCCC/C=C\CC(CCCCCC)OC(CC/C=C\CCCCC)=O,0.27716801572203825
O=C(CCN(CCC(OCCCCCCCC/C=C\CC(CCCCCC)OC(CCC/C=C\C/C=C\C/C=C\C/C=C\CCCCC)=O)=O)CCCN(CC)CC)OCCCCCCCC/C=C\CC(CCCCCC)OC(CCC/C=C\C/C=C\C/C=C\C/C=C\CCCCC)=O,0.3114808678170224
O=C(CCN(CCC(OCCCCCCCC/C=C\CC(CCCCCC)OC(C(CCCCCC)CCCC)=O)=O)CCCN(CC)CC)OCCCCCCCC/C=C\CC(CCCCCC)OC(C(CCCCCC)CCCC)=O,0.266611784039945
O=C(OCCCCCCCC/C=C\CC(CCCCCC)OC(CCCC1CCCCC1)=O)CCN(CCC(OCCCCCCCC/C=C\CC(CCCCCC)OC(CCCC2CCCCC2)=O)=O)CCCN(CC)CC,0.18741292116505545
O=C(CCN(CCC(OCCCCCCCC/C=C\CC(CCCCCC)OC(CCCCCCCCCCC/C=C\CCCCCCCC)=O)=O)CCCN(CC)CC)OCCCCCCCC/C=C\CC(CCCCCC)OC(CCCCCCCCCCC/C=C\CCCCCCCC)=O,0.28575837203042187
O=C(CCN(CCC(OCCCCCCCC/C=C\CC(CCCCCC)OC(CCCCCCC/C=C\CCCCCC)=O)=O)CCCN(CC)CC)OCCCCCCCC/C=C\CC(CCCCCC)OC(CCCCCCC/C=C\CCCCCCC)=O,0.2837054434993104
O=C(CCN(CCC(OCCCCCCCC/C=C\CC(CCCCCC)OC(CCCCCCCCC/C=C\CCCCCCCC)=O)=O)CCCN(CC)CC)OCCCCCCCC/C=C\CC(CCCCCC)OC(CCCCCCCCC/C=C\CCCCCCCC)=O,0.2859752839868053
O=C(CCN(CCC(OCCCCCCCC/C=C\CC(CCCCCC)OC(CCCCCCCC/C=C\CCCC)=O)=O)CCCN(CC)CC)OCCCCCCCC/C=C\CC(CCCCCC)OC(CCCCCCCC/C=C\CCCC)=O,0.27803623428945967
N(CCC(=O)OCCCCCCCC\C=C/CC(CCCCCC)OC(=O)C)(CCC(=O)OCCCCCCCC\C=C/CC(CCCCCC)OC(=O)C)CCCN(CC)CC,0.25048099618422387
N(CCC(=O)OCCCCCCCC\C=C/CC(CCCCCC)OC(=O)CCC)(CCC(=O)OCCCCCCCC\C=C/CC(CCCCCC)OC(=O)CCC)CCCN(CC)CC,0.25724206466434524
N(CCC(=O)OCCCCCCCC\C=C/CC(CCCCCC)OC(=O)CCCCCCCCC)(CCC(=O)OCCCCCCCC\C=C/CC(CCCCCC)OC(=O)CCCCCCCCC)CCCN(CC)CC,0.2765537172165624
N(CCC(=O)OCCCCCCCC\C=C/CC(CCCCCC)OC(=O)CCCCC)(CCC(=O)OCCCCCCCC\C=C/CC(CCCCCC)OC(=O)CCCCC)CCCN(CC)CC,0.2539138584436752
N(CCC(=O)OCCCCCCCC\C=C/CC(CCCCCC)OC(=O)CCCCCC)(CCC(=O)OCCCCCCCC\C=C/CC(CCCCCC)OC(=O)CCCCCC)CCCN(CC)CC,0.26282602305959735
N(CCC(=O)OCCCCCCCC\C=C/CC(CCCCCC)OC(=O)CCCCCCC)(CCC(=O)OCCCCCCCC\C=C/CC(CCCCCC)OC(=O)CCCCCCC)CCCN(CC)CC,0.27164164217935327
O=C(CCN(CCC(OCCCCCCCC/C=C\CC(CCCCCC)OC(CCCCCCCCCCCCCCCCC)=O)=O)CCCN(CC)CC)OCCCCCCCC/C=C\CC(CCCCCC)OC(CCCCCCCCCCCCCCCCC)=O,0.27745407756397694
O=C(CCN(CCC(OCCCCCCCC/C=C\CC(CCCCCC)OC(CCCCCCCC/C=C\CCCCCCC)=O)=O)CCCN(CC)CC)OCCCCCCCC/C=C\CC(CCCCCC)OC(CCCCCCCC/C=C\CCCCCCC)=O,0.2847456055701716
O=C(CCN(CCC(OCCCCCCCC/C=C\CC(CCCCCC)OC(CCCCCCC/C=C\CCCCCCCC)=O)=O)CCCN(CC)CC)OCCCCCCCC/C=C\CC(CCCCCC)OC(CCCCCCC/C=C\CCCCCCCC)=O,0.2861737519685011
N(CCC(=O)OCCCCCCCC\C=C/CC(CCCCCC)OC(=O)CCCCCCC/C=C\C/C=C\CCCCC)(CCC(=O)OCCCCCCCC\C=C/CC(CCCCCC)OC(=O)CCCCCCC/C=C\C/C=C\CCCCC)CCCN(CC)CC,0.28797885836415166
N(CCC(=O)OCCCCCCCC\C=C/CC(CCCCCC)OC(=O)CC/C=C\CC)(CCC(=O)OCCCCCCCC\C=C/CC(CCCCCC)OC(=O)CC/C=C\CC)CCN1CCN(C)CC1,0.24348287456689163
N(CCC(=O)OCCCCCCCC\C=C/CC(CCCCCC)OC(=O)CCCCC)(CCC(=O)OCCCCCCCC\C=C/CC(CCCCCC)OC(=O)CCCCC)CCN1CCN(C)CC1,0.22706800744631545
N(CCC(=O)OCCCCCCCC\C=C/CC(CCCCCC)OC(=O)CCCCCC)(CCC(=O)OCCCCCCCC\C=C/CC(CCCCCC)OC(=O)CCCCCC)CCN1CCN(C)CC1,0.23595846885098054
N(CCC(=O)OCCCCCCCC\C=C/CC(CCCCCC)OC(=O)CCCCCCC)(CCC(=O)OCCCCCCCC\C=C/CC(CCCCCC)OC(=O)CCCCCCC)CCN1CCN(C)CC1,0.24442142956221388
N(CCC(=O)OCCCCCCCC\C=C/CC(CCCCCC)OC(=O)CCCCCCCCCCCCCCCCC)(CCC(=O)OCCCCCCCC\C=C/CC(CCCCCC)OC(=O)CCCCCCCCCCCCCCCCC)CCN1CCN(C)CC1,0.25471208603223316
N(CCC(=O)OCCCCCCCC\C=C/CC(CCCCCC)OC(=O)CCCCCCC/C=C\CCCCCCCC)(CCC(=O)OCCCCCCCC\C=C/CC(CCCCCC)OC(=O)CCCCCCC/C=C\CCCCCCCC)CCN1CCN(C)CC1,0.26318366794987585
N(CCC(=O)OCCCCCCCC\C=C/CC(CCCCCC)OC(=O)CCCCCCC/C=C\C/C=C\CCCCC)(CCC(=O)OCCCCCCCC\C=C/CC(CCCCCC)OC(=O)CCCCCCC/C=C\C/C=C\CCCCC)CCN1CCN(C)CC1,0.2650512255236626
N(CCC(=O)OCCCCCCCC\C=C/CC(CCCCCC)OC(=O)CCC/C=C\C/C=C\C/C=C\C/C=C\C/C=C\CC)(CCC(=O)OCCCCCCCC\C=C/CC(CCCCCC)OC(=O)CCC/C=C\C/C=C\C/C=C\C/C=C\C/C=C\CC)CCN1CCN(C)CC1,0.32942051694923447
N(CCC(=O)OCCCCCCCC\C=C/CC(CCCCCC)OC(=O)CCCCCCCCCC)(CCC(=O)OCCCCCCCC\C=C/CC(CCCCCC)OC(=O)CCCCCCCCCC)CCN1CCN(C)CC1,0.25011442969706876
N(CCC(=O)OCCCCCCCC\C=C/CC(CCCCCC)OC(=O)CCCCCCCCCCC)(CCC(=O)OCCCCCCCC\C=C/CC(CCCCCC)OC(=O)CCCCCCCCCCC)CCN1CCN(C)CC1,0.25094266629330253
N(CCC(=O)OCCCCCCCC\C=C/CC(CCCCCC)OC(=O)CCCCCCCCCCCCC)(CCC(=O)OCCCCCCCC\C=C/CC(CCCCCC)OC(=O)CCCCCCCCCCCCC)CCN1CCN(C)CC1,0.2523134681514387
N(CCC(=O)OCCCCCCCC\C=C/CC(CCCCCC)OC(=O)CCCCCCCCCCCCCCC)(CCC(=O)OCCCCCCCC\C=C/CC(CCCCCC)OC(=O)CCCCCCCCCCCCCCC)CCN1CCN(C)CC1,0.25356486479885276
N(CCC(=O)OCCCCCCCC\C=C/CC(CCCCCC)OC(=O)C(CCCCCC)CCCCCCCC)(CCC(=O)OCCCCCCCC\C=C/CC(CCCCCC)OC(=O)C(CCCCCC)CCCCCCCC)CCN1CCN(C)CC1,0.2525864930470998
N(CCC(=O)OCCCCCCCC\C=C/CC(CCCCCC)OC(=O)CC/C=C\CCCCC)(CCC(=O)OCCCCCCCC\C=C/CC(CCCCCC)OC(=O)CC/C=C\CCCCC)CCN1CCN(C)CC1,0.24984266644137001
N(CCC(=O)OCCCCCCCC\C=C/CC(CCCCCC)OC(=O)CCC/C=C\C/C=C\C/C=C\C/C=C\CCCCC)(CCC(=O)OCCCCCCCC\C=C/CC(CCCCCC)OC(=O)CCC/C=C\C/C=C\C/C=C\C/C=C\CCCCC)CCN1CCN(C)CC1,0.2924483681259977
N(CCC(=O)OCCCCCCCC\C=C/CC(CCCCCC)OC(=O)CC\C=C/C/C=C\C\C=C/C\C=C/C\C=C/C\C=C/CC)(CCC(=O)OCCCCCCCC\C=C/CC(CCCCCC)OC(=O)CC\C=C/C/C=C\C\C=C/C\C=C/C\C=C/C\C=C/CC)CCN1CCN(C)CC1,0.35939729272791404
N(CCC(=O)OCCCCCCCC\C=C/CC(CCCCCC)OC(=O)CC/C=C\CC)(CCC(=O)OCCCCCCCC\C=C/CC(CCCCCC)OC(=O)CC/C=C\CC)CC1N(C)CCCC1,0.19798184434438895
N(CCC(=O)OCCCCCCCC\C=C/CC(CCCCCC)OC(=O)CCCCC)(CCC(=O)OCCCCCCCC\C=C/CC(CCCCCC)OC(=O)CCCCC)CC1N(C)CCCC1,0.18650425502122212
N(CCC(=O)OCCCCCCCC\C=C/CC(CCCCCC)OC(=O)CCCCCC)(CCC(=O)OCCCCCCCC\C=C/CC(CCCCCC)OC(=O)CCCCCC)CC1N(C)CCCC1,0.1954826707546908
N(CCC(=O)OCCCCCCCC\C=C/CC(CCCCCC)OC(=O)CCCCCCC)(CCC(=O)OCCCCCCCC\C=C/CC(CCCCCC)OC(=O)CCCCCCC)CC1N(C)CCCC1,0.2041301913689874
N(CCC(=O)OCCCCCCCC\C=C/CC(CCCCCC)OC(=O)CCCCCCCCCCCCCCCCC)(CCC(=O)OCCCCCCCC\C=C/CC(CCCCCC)OC(=O)CCCCCCCCCCCCCCCCC)CC1N(C)CCCC1,0.2171269153630063
N(CCC(=O)OCCCCCCCC\C=C/CC(CCCCCC)OC(=O)CCCCCCC/C=C\CCCCCCCC)(CCC(=O)OCCCCCCCC\C=C/CC(CCCCCC)OC(=O)CCCCCCC/C=C\CCCCCCCC)CC1N(C)CCCC1,0.22529881273102162
N(CCC(=O)OCCCCCCCC\C=C/CC(CCCCCC)OC(=O)CCCCCCC/C=C\C/C=C\CCCCC)(CCC(=O)OCCCCCCCC\C=C/CC(CCCCCC)OC(=O)CCCCCCC/C=C\C/C=C\CCCCC)CC1N(C)CCCC1,0.22856618988207852
N(CCC(=O)OCCCCCCCC\C=C/CC(CCCCCC)OC(=O)CCC/C=C\C/C=C\C/C=C\C/C=C\C/C=C\CC)(CCC(=O)OCCCCCCCC\C=C/CC(CCCCCC)OC(=O)CCC/C=C\C/C=C\C/C=C\C/C=C\C/C=C\CC)CC1N(C)CCCC1,0.29709162373408693
N(CCC(=O)OCCCCCCCC\C=C/CC(CCCCCC)OC(=O)CCCCCCCCCC)(CCC(=O)OCCCCCCCC\C=C/CC(CCCCCC)OC(=O)CCCCCCCCCC)CC1N(C)CCCC1,0.20979545044419406
N(CCC(=O)OCCCCCCCC\C=C/CC(CCCCCC)OC(=O)CCCCCCCCCCC)(CCC(=O)OCCCCCCCC\C=C/CC(CCCCCC)OC(=O)CCCCCCCCCCC)CC1N(C)CCCC1,0.21051506584747912
N(CCC(=O)OCCCCCCCC\C=C/CC(CCCCCC)OC(=O)CCCCCCCCCCCCC)(CCC(=O)OCCCCCCCC\C=C/CC(CCCCCC)OC(=O)CCCCCCCCCCCCC)CC1N(C)CCCC1,0.2119230560454578
N(CCC(=O)OCCCCCCCC\C=C/CC(CCCCCC)OC(=O)CCCCCCCCCCCCCCC)(CCC(=O)OCCCCCCCC\C=C/CC(CCCCCC)OC(=O)CCCCCCCCCCCCCCC)CC1N(C)CCCC1,0.21442901845971524
N(CCC(=O)OCCCCCCCC\C=C/CC(CCCCCC)OC(=O)C(CCCCCC)CCCCCCCC)(CCC(=O)OCCCCCCCC\C=C/CC(CCCCCC)OC(=O)C(CCCCCC)CCCCCCCC)CC1N(C)CCCC1,0.21554193510173844
N(CCC(=O)OCCCCCCCC\C=C/CC(CCCCCC)OC(=O)CC/C=C\CCCCC)(CCC(=O)OCCCCCCCC\C=C/CC(CCCCCC)OC(=O)CC/C=C\CCCCC)CC1N(C)CCCC1,0.21145685004032405
N(CCC(=O)OCCCCCCCC\C=C/CC(CCCCCC)OC(=O)CCC/C=C\C/C=C\C/C=C\C/C=C\CCCCC)(CCC(=O)OCCCCCCCC\C=C/CC(CCCCCC)OC(=O)CCC/C=C\C/C=C\C/C=C\C/C=C\CCCCC)CC1N(C)CCCC1,0.2605280960634168
N(CCC(=O)OCCCCCCCC\C=C/CC(CCCCCC)OC(=O)CC\C=C/C/C=C\C\C=C/C\C=C/C\C=C/C\C=C/CC)(CCC(=O)OCCCCCCCC\C=C/CC(CCCCCC)OC(=O)CC\C=C/C/C=C\C\C=C/C\C=C/C\C=C/C\C=C/CC)CC1N(C)CCCC1,0.3279793636436741
N(CCC(=O)OCCCCCCCC\C=C/CC(CCCCCC)OC(=O)CC/C=C\CC)(CCC(=O)OCCCCCCCC\C=C/CC(CCCCCC)OC(=O)CC/C=C\CC)CCC1N(CC(C)C)CCCC1,0.2110511727143362
N(CCC(=O)OCCCCCCCC\C=C/CC(CCCCCC)OC(=O)CCCCC)(CCC(=O)OCCCCCCCC\C=C/CC(CCCCCC)OC(=O)CCCCC)CCC1N(CC(C)C)CCCC1,0.20041427117226962
N(CCC(=O)OCCCCCCCC\C=C/CC(CCCCCC)OC(=O)CCCCCC)(CCC(=O)OCCCCCCCC\C=C/CC(CCCCCC)OC(=O)CCCCCC)CCC1N(CC(C)C)CCCC1,0.20883173774724167
N(CCC(=O)OCCCCCCCC\C=C/CC(CCCCCC)OC(=O)CCCCCCC)(CCC(=O)OCCCCCCCC\C=C/CC(CCCCCC)OC(=O)CCCCCCC)CCC1N(CC(C)C)CCCC1,0.2167687297698868
N(CCC(=O)OCCCCCCCC\C=C/CC(CCCCCC)OC(=O)CCCCCCCCCCCCCCCCC)(CCC(=O)OCCCCCCCC\C=C/CC(CCCCCC)OC(=O)CCCCCCCCCCCCCCCCC)CCC1N(CC(C)C)CCCC1,0.22767722935289517
N(CCC(=O)OCCCCCCCC\C=C/CC(CCCCCC)OC(=O)CCCCCCC/C=C\CCCCCCCC)(CCC(=O)OCCCCCCCC\C=C/CC(CCCCCC)OC(=O)CCCCCCC/C=C\CCCCCCCC)CCC1N(CC(C)C)CCCC1,0.23556301982040173
N(CCC(=O)OCCCCCCCC\C=C/CC(CCCCCC)OC(=O)CCCCCCC/C=C\C/C=C\CCCCC)(CCC(=O)OCCCCCCCC\C=C/CC(CCCCCC)OC(=O)CCCCCCC/C=C\C/C=C\CCCCC)CCC1N(CC(C)C)CCCC1,0.2381543532054446
N(CCC(=O)OCCCCCCCC\C=C/CC(CCCCCC)OC(=O)CCC/C=C\C/C=C\C/C=C\C/C=C\C/C=C\CC)(CCC(=O)OCCCCCCCC\C=C/CC(CCCCCC)OC(=O)CCC/C=C\C/C=C\C/C=C\C/C=C\C/C=C\CC)CCC1N(CC(C)C)CCCC1,0.30313013298434444
N(CCC(=O)OCCCCCCCC\C=C/CC(CCCCCC)OC(=O)CCCCCCCCCC)(CCC(=O)OCCCCCCCC\C=C/CC(CCCCCC)OC(=O)CCCCCCCCCC)CCC1N(CC(C)C)CCCC1,0.22154867806008688
N(CCC(=O)OCCCCCCCC\C=C/CC(CCCCCC)OC(=O)CCCCCCCCCCC)(CCC(=O)OCCCCCCCC\C=C/CC(CCCCCC)OC(=O)CCCCCCCCCCC)CCC1N(CC(C)C)CCCC1,0.22201611566613624
N(CCC(=O)OCCCCCCCC\C=C/CC(CCCCCC)OC(=O)CCCCCCCCCCCCC)(CCC(=O)OCCCCCCCC\C=C/CC(CCCCCC)OC(=O)CCCCCCCCCCCCC)CCC1N(CC(C)C)CCCC1,0.22308804402890656
N(CCC(=O)OCCCCCCCC\C=C/CC(CCCCCC)OC(=O)CCCCCCCCCCCCCCC)(CCC(=O)OCCCCCCCC\C=C/CC(CCCCCC)OC(=O)CCCCCCCCCCCCCCC)CCC1N(CC(C)C)CCCC1,0.22544291003814962
N(CCC(=O)OCCCCCCCC\C=C/CC(CCCCCC)OC(=O)C(CCCCCC)CCCCCCCC)(CCC(=O)OCCCCCCCC\C=C/CC(CCCCCC)OC(=O)C(CCCCCC)CCCCCCCC)CCC1N(CC(C)C)CCCC1,0.22615498564070732
N(CCC(=O)OCCCCCCCC\C=C/CC(CCCCCC)OC(=O)CC/C=C\CCCCC)(CCC(=O)OCCCCCCCC\C=C/CC(CCCCCC)OC(=O)CC/C=C\CCCCC)CCC1N(CC(C)C)CCCC1,0.22313005363574803
N(CCC(=O)OCCCCCCCC\C=C/CC(CCCCCC)OC(=O)CCC/C=C\C/C=C\C/C=C\C/C=C\CCCCC)(CCC(=O)OCCCCCCCC\C=C/CC(CCCCCC)OC(=O)CCC/C=C\C/C=C\C/C=C\C/C=C\CCCCC)CCC1N(CC(C)C)CCCC1,0.2674411621199542
N(CCC(=O)OCCCCCCCC\C=C/CC(CCCCCC)OC(=O)CC\C=C/C/C=C\C\C=C/C\C=C/C\C=C/C\C=C/CC)(CCC(=O)OCCCCCCCC\C=C/CC(CCCCCC)OC(=O)CC\C=C/C/C=C\C\C=C/C\C=C/C\C=C/C\C=C/CC)CCC1N(CC(C)C)CCCC1,0.33151937518278474
C1N(CCC(=O)OCCCCCCCC\C=C/CC(CCCCCC)OC(=O)CCC/C=C\C/C=C\C/C=C\C/C=C\C/C=C\CC)CCN(CCC(=O)OCCCCCCCC\C=C/CC(CCCCCC)OC(=O)CCC/C=C\C/C=C\C/C=C\C/C=C\C/C=C\CC)CCN(CCC(=O)OCCCCCCCC\C=C/CC(CCCCCC)OC(=O)CCC/C=C\C/C=C\C/C=C\C/C=C\C/C=C\CC)C1,0.32406614698808267
C1N(CCC(=O)OCCCCCCCC\C=C/CC(CCCCCC)OC(=O)CC\C=C/C/C=C\C\C=C/C\C=C/C\C=C/C\C=C/CC)CCN(CCC(=O)OCCCCCCCC\C=C/CC(CCCCCC)OC(=O)CC\C=C/C/C=C\C\C=C/C\C=C/C\C=C/C\C=C/CC)CCN(CCC(=O)OCCCCCCCC\C=C/CC(CCCCCC)OC(=O)CC\C=C/C/C=C\C\C=C/C\C=C/C\C=C/C\C=C/CC)C1,0.3568649410111108
N(CCC(=O)OCCCCCCCC\C=C/CC(CCCCCC)OC(=O)CC/C=C\CC)(CCC(=O)OCCCCCCCC\C=C/CC(CCCCCC)OC(=O)CC/C=C\CC)CCN1CCCCCC1,0.2616397811045244
N(CCC(=O)OCCCCCCCC\C=C/CC(CCCCCC)OC(=O)CCCCC)(CCC(=O)OCCCCCCCC\C=C/CC(CCCCCC)OC(=O)CCCCC)CCN1CCCCCC1,0.24433418115100827
N(CCC(=O)OCCCCCCCC\C=C/CC(CCCCCC)OC(=O)CCCCCC)(CCC(=O)OCCCCCCCC\C=C/CC(CCCCCC)OC(=O)CCCCCC)CCN1CCCCCC1,0.2530619510786241
N(CCC(=O)OCCCCCCCC\C=C/CC(CCCCCC)OC(=O)CCCCCCC)(CCC(=O)OCCCCCCCC\C=C/CC(CCCCCC)OC(=O)CCCCCCC)CCN1CCCCCC1,0.2617519469049864
N(CCC(=O)OCCCCCCCC\C=C/CC(CCCCCC)OC(=O)CCCCCCCCCCCCCCCCC)(CCC(=O)OCCCCCCCC\C=C/CC(CCCCCC)OC(=O)CCCCCCCCCCCCCCCCC)CCN1CCCCCC1,0.269686010120576
N(CCC(=O)OCCCCCCCC\C=C/CC(CCCCCC)OC(=O)CCCCCCC/C=C\CCCCCCCC)(CCC(=O)OCCCCCCCC\C=C/CC(CCCCCC)OC(=O)CCCCCCC/C=C\CCCCCCCC)CCN1CCCCCC1,0.27815948449816225
N(CCC(=O)OCCCCCCCC\C=C/CC(CCCCCC)OC(=O)CCCCCCC/C=C\C/C=C\CCCCC)(CCC(=O)OCCCCCCCC\C=C/CC(CCCCCC)OC(=O)CCCCCCC/C=C\C/C=C\CCCCC)CCN1CCCCCC1,0.279903191082312
N(CCC(=O)OCCCCCCCC\C=C/CC(CCCCCC)OC(=O)CCC/C=C\C/C=C\C/C=C\C/C=C\C/C=C\CC)(CCC(=O)OCCCCCCCC\C=C/CC(CCCCCC)OC(=O)CCC/C=C\C/C=C\C/C=C\C/C=C\C/C=C\CC)CCN1CCCCCC1,0.34362508097291977
N(CCC(=O)OCCCCCCCC\C=C/CC(CCCCCC)OC(=O)CCCCCCCCCC)(CCC(=O)OCCCCCCCC\C=C/CC(CCCCCC)OC(=O)CCCCCCCCCC)CCN1CCCCCC1,0.2676572029439827
N(CCC(=O)OCCCCCCCC\C=C/CC(CCCCCC)OC(=O)CCCCCCCCCCC)(CCC(=O)OCCCCCCCC\C=C/CC(CCCCCC)OC(=O)CCCCCCCCCCC)CCN1CCCCCC1,0.2679941208920227
N(CCC(=O)OCCCCCCCC\C=C/CC(CCCCCC)OC(=O)CCCCCCCCCCCCC)(CCC(=O)OCCCCCCCC\C=C/CC(CCCCCC)OC(=O)CCCCCCCCCCCCC)CCN1CCCCCC1,0.26862184685138346
N(CCC(=O)OCCCCCCCC\C=C/CC(CCCCCC)OC(=O)CCCCCCCCCCCCCCC)(CCC(=O)OCCCCCCCC\C=C/CC(CCCCCC)OC(=O)CCCCCCCCCCCCCCC)CCN1CCCCCC1,0.26918006245662834
N(CCC(=O)OCCCCCCCC\C=C/CC(CCCCCC)OC(=O)C(CCCCCC)CCCCCCCC)(CCC(=O)OCCCCCCCC\C=C/CC(CCCCCC)OC(=O)C(CCCCCC)CCCCCCCC)CCN1CCCCCC1,0.2681849889948977
N(CCC(=O)OCCCCCCCC\C=C/CC(CCCCCC)OC(=O)CC/C=C\CCCCC)(CCC(=O)OCCCCCCCC\C=C/CC(CCCCCC)OC(=O)CC/C=C\CCCCC)CCN1CCCCCC1,0.26745648203378275
N(CCC(=O)OCCCCCCCC\C=C/CC(CCCCCC)OC(=O)CCC/C=C\C/C=C\C/C=C\C/C=C\CCCCC)(CCC(=O)OCCCCCCCC\C=C/CC(CCCCCC)OC(=O)CCC/C=C\C/C=C\C/C=C\C/C=C\CCCCC)CCN1CCCCCC1,0.30550366826112557
N(CCC(=O)OCCCCCCCC\C=C/CC(CCCCCC)OC(=O)CC\C=C/C/C=C\C\C=C/C\C=C/C\C=C/C\C=C/CC)(CCC(=O)OCCCCCCCC\C=C/CC(CCCCCC)OC(=O)CC\C=C/C/C=C\C\C=C/C\C=C/C\C=C/C\C=C/CC)CCN1CCCCCC1,0.3757755722895822
N(CCC(=O)OCCCCCCCC\C=C/CC(CCCCCC)OC(=O)CCC)(CCC(=O)OCCCCCCCC\C=C/CC(CCCCCC)OC(=O)CCC)CCN(CC)CC,0.2536744772803433
N(CCC(=O)OCCCCCCCC\C=C/CC(CCCCCC)OC(=O)CCCCCCCCC)(CCC(=O)OCCCCCCCC\C=C/CC(CCCCCC)OC(=O)CCCCCCCCC)CCN(CC)CC,0.27370018801220186
N(CCC(=O)OCCCCCCCC\C=C/CC(CCCCCC)OC(=O)CCCCC)(CCC(=O)OCCCCCCCC\C=C/CC(CCCCCC)OC(=O)CCCCC)CCN(CC)CC,0.25047615989770156
N(CCC(=O)OCCCCCCCC\C=C/CC(CCCCCC)OC(=O)CCCCCC)(CCC(=O)OCCCCCCCC\C=C/CC(CCCCCC)OC(=O)CCCCCC)CCN(CC)CC,0.25960766963279164
N(CCC(=O)OCCCCCCCC\C=C/CC(CCCCCC)OC(=O)CCCCCCC)(CCC(=O)OCCCCCCCC\C=C/CC(CCCCCC)OC(=O)CCCCCCC)CCN(CC)CC,0.26859249870273555
N(CCC(=O)OCCCCCCCC\C=C/CC(CCCCCC)OC(=O)CCCCCCC/C=C\C/C=C\CCCCC)(CCC(=O)OCCCCCCCC\C=C/CC(CCCCCC)OC(=O)CCCCCCC/C=C\C/C=C\CCCCC)CCN(CC)CC,0.2856854372249795
N(CCC(=O)OCCCCCCCC\C=C/CC(CCCCCC)OC(=O)CC/C=C\CC)(CCC(=O)OCCCCCCCC\C=C/CC(CCCCCC)OC(=O)CC/C=C\CC)CCO,0.19814796027276457
N(CCC(=O)OCCCCCCCC\C=C/CC(CCCCCC)OC(=O)CCCCC)(CCC(=O)OCCCCCCCC\C=C/CC(CCCCCC)OC(=O)CCCCC)CCO,0.18545736420389505
N(CCC(=O)OCCCCCCCC\C=C/CC(CCCCCC)OC(=O)CCCCCC)(CCC(=O)OCCCCCCCC\C=C/CC(CCCCCC)OC(=O)CCCCCC)CCO,0.19564494168508595
N(CCC(=O)OCCCCCCCC\C=C/CC(CCCCCC)OC(=O)CCCCCCC)(CCC(=O)OCCCCCCCC\C=C/CC(CCCCCC)OC(=O)CCCCCCC)CCO,0.20519479020435744
N(CCC(=O)OCCCCCCCC\C=C/CC(CCCCCC)OC(=O)CCCCCCCCCCCCCCCCC)(CCC(=O)OCCCCCCCC\C=C/CC(CCCCCC)OC(=O)CCCCCCCCCCCCCCCCC)CCO,0.21922264953569742
N(CCC(=O)OCCCCCCCC\C=C/CC(CCCCCC)OC(=O)CCCCCCC/C=C\CCCCCCCC)(CCC(=O)OCCCCCCCC\C=C/CC(CCCCCC)OC(=O)CCCCCCC/C=C\CCCCCCCC)CCO,0.22810071983358948
N(CCC(=O)OCCCCCCCC\C=C/CC(CCCCCC)OC(=O)CCCCCCC/C=C\C/C=C\CCCCC)(CCC(=O)OCCCCCCCC\C=C/CC(CCCCCC)OC(=O)CCCCCCC/C=C\C/C=C\CCCCC)CCO,0.23082533646894024
N(CCC(=O)OCCCCCCCC\C=C/CC(CCCCCC)OC(=O)CCC/C=C\C/C=C\C/C=C\C/C=C\C/C=C\CC)(CCC(=O)OCCCCCCCC\C=C/CC(CCCCCC)OC(=O)CCC/C=C\C/C=C\C/C=C\C/C=C\C/C=C\CC)CCO,0.30065497561250093
N(CCC(=O)OCCCCCCCC\C=C/CC(CCCCCC)OC(=O)CCCCCCCCCC)(CCC(=O)OCCCCCCCC\C=C/CC(CCCCCC)OC(=O)CCCCCCCCCC)CCO,0.21146877554187288
N(CCC(=O)OCCCCCCCC\C=C/CC(CCCCCC)OC(=O)CCCCCCCCCCC)(CCC(=O)OCCCCCCCC\C=C/CC(CCCCCC)OC(=O)CCCCCCCCCCC)CCO,0.2122634435033942
N(CCC(=O)OCCCCCCCC\C=C/CC(CCCCCC)OC(=O)CCCCCCCCCCCCC)(CCC(=O)OCCCCCCCC\C=C/CC(CCCCCC)OC(=O)CCCCCCCCCCCCC)CCO,0.2138486790965592
N(CCC(=O)OCCCCCCCC\C=C/CC(CCCCCC)OC(=O)CCCCCCCCCCCCCCC)(CCC(=O)OCCCCCCCC\C=C/CC(CCCCCC)OC(=O)CCCCCCCCCCCCCCC)CCO,0.2165047316077658
N(CCC(=O)OCCCCCCCC\C=C/CC(CCCCCC)OC(=O)C(CCCCCC)CCCCCCCC)(CCC(=O)OCCCCCCCC\C=C/CC(CCCCCC)OC(=O)C(CCCCCC)CCCCCCCC)CCO,0.21775087142200344
N(CCC(=O)OCCCCCCCC\C=C/CC(CCCCCC)OC(=O)CC/C=C\CCCCC)(CCC(=O)OCCCCCCCC\C=C/CC(CCCCCC)OC(=O)CC/C=C\CCCCC)CCO,0.21296991682373814
N(CCC(=O)OCCCCCCCC\C=C/CC(CCCCCC)OC(=O)CCC/C=C\C/C=C\C/C=C\C/C=C\CCCCC)(CCC(=O)OCCCCCCCC\C=C/CC(CCCCCC)OC(=O)CCC/C=C\C/C=C\C/C=C\C/C=C\CCCCC)CCO,0.26396477328180196
N(CCC(=O)OCCCCCCCC\C=C/CC(CCCCCC)OC(=O)CC\C=C/C/C=C\C\C=C/C\C=C/C\C=C/C\C=C/CC)(CCC(=O)OCCCCCCCC\C=C/CC(CCCCCC)OC(=O)CC\C=C/C/C=C\C\C=C/C\C=C/C\C=C/C\C=C/CC)CCO,0.33342721511822637
N(CCC(=O)OCCCCCCCC\C=C/CC(CCCCCC)OC(=O)CC/C=C\CC)(CCC(=O)OCCCCCCCC\C=C/CC(CCCCCC)OC(=O)CC/C=C\CC)CCCCCO,0.26590971143994596
N(CCC(=O)OCCCCCCCC\C=C/CC(CCCCCC)OC(=O)CCCCC)(CCC(=O)OCCCCCCCC\C=C/CC(CCCCCC)OC(=O)CCCCC)CCCCCO,0.24876159118887267
N(CCC(=O)OCCCCCCCC\C=C/CC(CCCCCC)OC(=O)CCCCCC)(CCC(=O)OCCCCCCCC\C=C/CC(CCCCCC)OC(=O)CCCCCC)CCCCCO,0.25819808736533667
N(CCC(=O)OCCCCCCCC\C=C/CC(CCCCCC)OC(=O)CCCCCCC)(CCC(=O)OCCCCCCCC\C=C/CC(CCCCCC)OC(=O)CCCCCCC)CCCCCO,0.267201390449015
N(CCC(=O)OCCCCCCCC\C=C/CC(CCCCCC)OC(=O)CCCCCCCCCCCCCCCCC)(CCC(=O)OCCCCCCCC\C=C/CC(CCCCCC)OC(=O)CCCCCCCCCCCCCCCCC)CCCCCO,0.2736990164893797
N(CCC(=O)OCCCCCCCC\C=C/CC(CCCCCC)OC(=O)CCCCCCC/C=C\CCCCCCCC)(CCC(=O)OCCCCCCCC\C=C/CC(CCCCCC)OC(=O)CCCCCCC/C=C\CCCCCCCC)CCCCCO,0.2824865190614033
N(CCC(=O)OCCCCCCCC\C=C/CC(CCCCCC)OC(=O)CCCCCCC/C=C\C/C=C\CCCCC)(CCC(=O)OCCCCCCCC\C=C/CC(CCCCCC)OC(=O)CCCCCCC/C=C\C/C=C\CCCCC)CCCCCO,0.2845957107270261
N(CCC(=O)OCCCCCCCC\C=C/CC(CCCCCC)OC(=O)CCC/C=C\C/C=C\C/C=C\C/C=C\C/C=C\CC)(CCC(=O)OCCCCCCCC\C=C/CC(CCCCCC)OC(=O)CCC/C=C\C/C=C\C/C=C\C/C=C\C/C=C\CC)CCCCCO,0.34733072781565844
N(CCC(=O)OCCCCCCCC\C=C/CC(CCCCCC)OC(=O)CCCCCCCCCC)(CCC(=O)OCCCCCCCC\C=C/CC(CCCCCC)OC(=O)CCCCCCCCCC)CCCCCO,0.2721879022440026
N(CCC(=O)OCCCCCCCC\C=C/CC(CCCCCC)OC(=O)CCCCCCCCCCC)(CCC(=O)OCCCCCCCC\C=C/CC(CCCCCC)OC(=O)CCCCCCCCCCC)CCCCCO,0.27253632514693726
N(CCC(=O)OCCCCCCCC\C=C/CC(CCCCCC)OC(=O)CCCCCCCCCCCCC)(CCC(=O)OCCCCCCCC\C=C/CC(CCCCCC)OC(=O)CCCCCCCCCCCCC)CCCCCO,0.27300187029304307
N(CCC(=O)OCCCCCCCC\C=C/CC(CCCCCC)OC(=O)CCCCCCCCCCCCCCC)(CCC(=O)OCCCCCCCC\C=C/CC(CCCCCC)OC(=O)CCCCCCCCCCCCCCC)CCCCCO,0.27336612377360053
N(CCC(=O)OCCCCCCCC\C=C/CC(CCCCCC)OC(=O)C(CCCCCC)CCCCCCCC)(CCC(=O)OCCCCCCCC\C=C/CC(CCCCCC)OC(=O)C(CCCCCC)CCCCCCCC)CCCCCO,0.27223482323498316
N(CCC(=O)OCCCCCCCC\C=C/CC(CCCCCC)OC(=O)CC/C=C\CCCCC)(CCC(=O)OCCCCCCCC\C=C/CC(CCCCCC)OC(=O)CC/C=C\CCCCC)CCCCCO,0.2722687673577796
N(CCC(=O)OCCCCCCCC\C=C/CC(CCCCCC)OC(=O)CCC/C=C\C/C=C\C/C=C\C/C=C\CCCCC)(CCC(=O)OCCCCCCCC\C=C/CC(CCCCCC)OC(=O)CCC/C=C\C/C=C\C/C=C\C/C=C\CCCCC)CCCCCO,0.3092436497342681
N(CCC(=O)OCCCCCCCC\C=C/CC(CCCCCC)OC(=O)CC\C=C/C/C=C\C\C=C/C\C=C/C\C=C/C\C=C/CC)(CCC(=O)OCCCCCCCC\C=C/CC(CCCCCC)OC(=O)CC\C=C/C/C=C\C\C=C/C\C=C/C\C=C/C\C=C/CC)CCCCCO,0.3807185274668221
N(CCC(=O)OCCCCCCCC\C=C/CC(CCCCCC)OC(=O)CCCCCCC/C=C\CCCCCCCC)(CCC(=O)OCCCCCCCC\C=C/CC(CCCCCC)OC(=O)CCCCCCC/C=C\CCCCCCCC)CCCN(CCC(=O)OCCCCCCCC\C=C/CC(CCCCCC)OC(=O)CCCCCCC/C=C\CCCCCCCC)(CCC(=O)OCCCCCCCC\C=C/CC(CCCCCC)OC(=O)CCCCCCC/C=C\CCCCCCCC),0.3028261678705591
N(CCC(=O)OCCCCCCCC\C=C/CC(CCCCCC)OC(=O)CCC/C=C\C/C=C\C/C=C\C/C=C\C/C=C\CC)(CCC(=O)OCCCCCCCC\C=C/CC(CCCCCC)OC(=O)CCC/C=C\C/C=C\C/C=C\C/C=C\C/C=C\CC)CCCN(CCC(=O)OCCCCCCCC\C=C/CC(CCCCCC)OC(=O)CCC/C=C\C/C=C\C/C=C\C/C=C\C/C=C\CC)(CCC(=O)OCCCCCCCC\C=C/CC(CCCCCC)OC(=O)CCC/C=C\C/C=C\C/C=C\C/C=C\C/C=C\CC),0.36925556715940916
N(CCC(=O)OCCCCCCCC\C=C/CC(CCCCCC)OC(=O)CC/C=C\CCCCC)(CCC(=O)OCCCCCCCC\C=C/CC(CCCCCC)OC(=O)CC/C=C\CCCCC)CCCN(CCC(=O)OCCCCCCCC\C=C/CC(CCCCCC)OC(=O)CC/C=C\CCCCC)(CCC(=O)OCCCCCCCC\C=C/CC(CCCCCC)OC(=O)CC/C=C\CCCCC),0.29686158471428575
N(CCC(=O)OCCCCCCCC\C=C/CC(CCCCCC)OC(=O)CC\C=C/C/C=C\C\C=C/C\C=C/C\C=C/C\C=C/CC)(CCC(=O)OCCCCCCCC\C=C/CC(CCCCCC)OC(=O)CC\C=C/C/C=C\C\C=C/C\C=C/C\C=C/C\C=C/CC)CCCN(CCC(=O)OCCCCCCCC\C=C/CC(CCCCCC)OC(=O)CC\C=C/C/C=C\C\C=C/C\C=C/C\C=C/C\C=C/CC)(CCC(=O)OCCCCCCCC\C=C/CC(CCCCCC)OC(=O)CC\C=C/C/C=C\C\C=C/C\C=C/C\C=C/C\C=C/CC),0.4143430348061593
N(CCC(=O)OCCCCCCCC\C=C/CC(CCCCCC)OC(=O)CCCC\C=C/C\C=C/C\C=C/CCCCC)(CCC(=O)OCCCCCCCC\C=C/CC(CCCCCC)OC(=O)CCCC\C=C/C\C=C/C\C=C/CCCCC)CCCN(CCC(=O)OCCCCCCCC\C=C/CC(CCCCCC)OC(=O)CCCC\C=C/C\C=C/C\C=C/CCCCC)(CCC(=O)OCCCCCCCC\C=C/CC(CCCCCC)OC(=O)CCCC\C=C/C\C=C/C\C=C/CCCCC),0.31146620876222175
N(CCC(=O)OCCCCCCCC\C=C/CC(CCCCCC)OC(=O)CCCCCCCC=C)(CCC(=O)OCCCCCCCC\C=C/CC(CCCCCC)OC(=O)CCCCCCCC=C)CCCN(CCC(=O)OCCCCCCCC\C=C/CC(CCCCCC)OC(=O)CCCCCCCC=C)(CCC(=O)OCCCCCCCC\C=C/CC(CCCCCC)OC(=O)CCCCCCCC=C),0.2991151139994103
N(CCC(=O)OCCCCCCCC\C=C/CC(CCCCCC)OC(=O)CC\C=C/C/C=C\C\C=C/C\C=C/C\C=C/C\C=C/CC)(CCC(=O)OCCCCCCCC\C=C/CC(CCCCCC)OC(=O)CC\C=C/C/C=C\C\C=C/C\C=C/C\C=C/C\C=C/CC)CC(O)CO,0.31681285868836584
N(CCC(=O)OCCCCCCCC\C=C/CC(CCCCCC)OC(=O)CCC/C=C\C/C=C\C/C=C\C/C=C\C/C=C\CC)(CCC(=O)OCCCCCCCC\C=C/CC(CCCCCC)OC(=O)CCC/C=C\C/C=C\C/C=C\C/C=C\C/C=C\CC)CCCN(CCC(=O)OCCCCCCCC\C=C/CC(CCCCCC)OC(=O)CCC/C=C\C/C=C\C/C=C\C/C=C\C/C=C\CC)C,0.36107953942246945
N(CCC(=O)OCCCCCCCC\C=C/CC(CCCCCC)OC(=O)CC\C=C/C/C=C\C\C=C/C\C=C/C\C=C/C\C=C/CC)(CCC(=O)OCCCCCCCC\C=C/CC(CCCCCC)OC(=O)CC\C=C/C/C=C\C\C=C/C\C=C/C\C=C/C\C=C/CC)CCCN(CCC(=O)OCCCCCCCC\C=C/CC(CCCCCC)OC(=O)CC\C=C/C/C=C\C\C=C/C\C=C/C\C=C/C\C=C/CC)C,0.4015923606438447
N(CCC(=O)OCCCCCCCC\C=C/CC(CCCCCC)OC(=O)CCC/C=C\C/C=C\C/C=C\C/C=C\C/C=C\CC)(CCC(=O)OCCCCCCCC\C=C/CC(CCCCCC)OC(=O)CCC/C=C\C/C=C\C/C=C\C/C=C\C/C=C\CC)CCN(CCC(=O)OCCCCCCCC\C=C/CC(CCCCCC)OC(=O)CCC/C=C\C/C=C\C/C=C\C/C=C\C/C=C\CC)CCN(CC1)CCN1CCN(CCC(=O)OCCCCCCCC\C=C/CC(CCCCCC)OC(=O)CCC/C=C\C/C=C\C/C=C\C/C=C\C/C=C\CC)(CCC(=O)OCCCCCCCC\C=C/CC(CCCCCC)OC(=O)CCC/C=C\C/C=C\C/C=C\C/C=C\C/C=C\CC),0.3669614250831157
N(CCC(=O)OCCCCCCCC\C=C/CC(CCCCCC)OC(=O)CC/C=C\CCCCC)(CCC(=O)OCCCCCCCC\C=C/CC(CCCCCC)OC(=O)CC/C=C\CCCCC)CCN(CCC(=O)OCCCCCCCC\C=C/CC(CCCCCC)OC(=O)CC/C=C\CCCCC)CCN(CC1)CCN1CCN(CCC(=O)OCCCCCCCC\C=C/CC(CCCCCC)OC(=O)CC/C=C\CCCCC)(CCC(=O)OCCCCCCCC\C=C/CC(CCCCCC)OC(=O)CC/C=C\CCCCC),0.29803533042592206
N(CCC(=O)OCCCCCCCC\C=C/CC(CCCCCC)OC(=O)CC\C=C/C/C=C\C\C=C/C\C=C/C\C=C/C\C=C/CC)(CCC(=O)OCCCCCCCC\C=C/CC(CCCCCC)OC(=O)CC\C=C/C/C=C\C\C=C/C\C=C/C\C=C/C\C=C/CC)CCN(CCC(=O)OCCCCCCCC\C=C/CC(CCCCCC)OC(=O)CC\C=C/C/C=C\C\C=C/C\C=C/C\C=C/C\C=C/CC)CCN(CC1)CCN1CCN(CCC(=O)OCCCCCCCC\C=C/CC(CCCCCC)OC(=O)CC\C=C/C/C=C\C\C=C/C\C=C/C\C=C/C\C=C/CC)(CCC(=O)OCCCCCCCC\C=C/CC(CCCCCC)OC(=O)CC\C=C/C/C=C\C\C=C/C\C=C/C\C=C/C\C=C/CC),0.4050801943587983
N(CCC(=O)OCCCCCCCC\C=C/CC(CCCCCC)OC(=O)CCCC\C=C/C\C=C/C\C=C/CCCCC)(CCC(=O)OCCCCCCCC\C=C/CC(CCCCCC)OC(=O)CCCC\C=C/C\C=C/C\C=C/CCCCC)CCN(CCC(=O)OCCCCCCCC\C=C/CC(CCCCCC)OC(=O)CCCC\C=C/C\C=C/C\C=C/CCCCC)CCN(CC1)CCN1CCN(CCC(=O)OCCCCCCCC\C=C/CC(CCCCCC)OC(=O)CCCC\C=C/C\C=C/C\C=C/CCCCC)(CCC(=O)OCCCCCCCC\C=C/CC(CCCCCC)OC(=O)CCCC\C=C/C\C=C/C\C=C/CCCCC),0.3118839918240388
N(CCC(=O)OCCCCCCCC\C=C/CC(CCCCCC)OC(=O)CCCCCCCC=C)(CCC(=O)OCCCCCCCC\C=C/CC(CCCCCC)OC(=O)CCCCCCCC=C)CCN(CCC(=O)OCCCCCCCC\C=C/CC(CCCCCC)OC(=O)CCCCCCCC=C)CCN(CC1)CCN1CCN(CCC(=O)OCCCCCCCC\C=C/CC(CCCCCC)OC(=O)CCCCCCCC=C)(CCC(=O)OCCCCCCCC\C=C/CC(CCCCCC)OC(=O)CCCCCCCC=C),0.30017696426200524
N(CCC(=O)OCCCCCCCC\C=C/CC(CCCCCC)OC(=O)CC/C=C\CC)(CCC(=O)OCCCCCCCC\C=C/CC(CCCCCC)OC(=O)CC/C=C\CC)CCC1OCCO1,-0.1329743442096866
N(CCC(=O)OCCCCCCCC\C=C/CC(CCCCCC)OC(=O)CCCCC)(CCC(=O)OCCCCCCCC\C=C/CC(CCCCCC)OC(=O)CCCCC)CCC1OCCO1,-0.1369588285036272
N(CCC(=O)OCCCCCCCC\C=C/CC(CCCCCC)OC(=O)CCCCCC)(CCC(=O)OCCCCCCCC\C=C/CC(CCCCCC)OC(=O)CCCCCC)CCC1OCCO1,-0.12860690712860373
N(CCC(=O)OCCCCCCCC\C=C/CC(CCCCCC)OC(=O)CCCCCCC)(CCC(=O)OCCCCCCCC\C=C/CC(CCCCCC)OC(=O)CCCCCCC)CCC1OCCO1,-0.1215941114369475
N(CCC(=O)OCCCCCCCC\C=C/CC(CCCCCC)OC(=O)CCCCCCCCCCCCCCCCC)(CCC(=O)OCCCCCCCC\C=C/CC(CCCCCC)OC(=O)CCCCCCCCCCCCCCCCC)CCC1OCCO1,-0.07898267229439575
N(CCC(=O)OCCCCCCCC\C=C/CC(CCCCCC)OC(=O)CCCCCCC/C=C\CCCCCCCC)(CCC(=O)OCCCCCCCC\C=C/CC(CCCCCC)OC(=O)CCCCCCC/C=C\CCCCCCCC)CCC1OCCO1,-0.06901262257004609
N(CCC(=O)OCCCCCCCC\C=C/CC(CCCCCC)OC(=O)CCCCCCC/C=C\C/C=C\CCCCC)(CCC(=O)OCCCCCCCC\C=C/CC(CCCCCC)OC(=O)CCCCCCC/C=C\C/C=C\CCCCC)CCC1OCCO1,-0.07002903877447315
N(CCC(=O)OCCCCCCCC\C=C/CC(CCCCCC)OC(=O)CCC/C=C\C/C=C\C/C=C\C/C=C\C/C=C\CC)(CCC(=O)OCCCCCCCC\C=C/CC(CCCCCC)OC(=O)CCC/C=C\C/C=C\C/C=C\C/C=C\C/C=C\CC)CCC1OCCO1,-0.0673998862296066
N(CCC(=O)OCCCCCCCC\C=C/CC(CCCCCC)OC(=O)CCCCCCCCCC)(CCC(=O)OCCCCCCCC\C=C/CC(CCCCCC)OC(=O)CCCCCCCCCC)CCC1OCCO1,-0.10947329600631102
N(CCC(=O)OCCCCCCCC\C=C/CC(CCCCCC)OC(=O)CCCCCCCCCCC)(CCC(=O)OCCCCCCCC\C=C/CC(CCCCCC)OC(=O)CCCCCCCCCCC)CCC1OCCO1,-0.1054136239784239
N(CCC(=O)OCCCCCCCC\C=C/CC(CCCCCC)OC(=O)CCCCCCCCCCCCC)(CCC(=O)OCCCCCCCC\C=C/CC(CCCCCC)OC(=O)CCCCCCCCCCCCC)CCC1OCCO1,-0.09673665758857752
N(CCC(=O)OCCCCCCCC\C=C/CC(CCCCCC)OC(=O)CCCCCCCCCCCCCCC)(CCC(=O)OCCCCCCCC\C=C/CC(CCCCCC)OC(=O)CCCCCCCCCCCCCCC)CCC1OCCO1,-0.08741234974186052
N(CCC(=O)OCCCCCCCC\C=C/CC(CCCCCC)OC(=O)C(CCCCCC)CCCCCCCC)(CCC(=O)OCCCCCCCC\C=C/CC(CCCCCC)OC(=O)C(CCCCCC)CCCCCCCC)CCC1OCCO1,-0.08375572662337301
N(CCC(=O)OCCCCCCCC\C=C/CC(CCCCCC)OC(=O)CC/C=C\CCCCC)(CCC(=O)OCCCCCCCC\C=C/CC(CCCCCC)OC(=O)CC/C=C\CCCCC)CCC1OCCO1,-0.10769225088708517
N(CCC(=O)OCCCCCCCC\C=C/CC(CCCCCC)OC(=O)CCC/C=C\C/C=C\C/C=C\C/C=C\CCCCC)(CCC(=O)OCCCCCCCC\C=C/CC(CCCCCC)OC(=O)CCC/C=C\C/C=C\C/C=C\C/C=C\CCCCC)CCC1OCCO1,-0.07458569181086128
N(CCC(=O)OCCCCCCCC\C=C/CC(CCCCCC)OC(=O)CC\C=C/C/C=C\C\C=C/C\C=C/C\C=C/C\C=C/CC)(CCC(=O)OCCCCCCCC\C=C/CC(CCCCCC)OC(=O)CC\C=C/C/C=C\C\C=C/C\C=C/C\C=C/C\C=C/CC)CCC1OCCO1,-0.03156237227917349
N(CCC(=O)OCCCCCCCC\C=C/CC(CCCCCC)OC(=O)CC/C=C\CC)(CCC(=O)OCCCCCCCC\C=C/CC(CCCCCC)OC(=O)CC/C=C\CC)CCN1CCCC1,0.27098090330764435
N(CCC(=O)OCCCCCCCC\C=C/CC(CCCCCC)OC(=O)CCCCC)(CCC(=O)OCCCCCCCC\C=C/CC(CCCCCC)OC(=O)CCCCC)CCN1CCCC1,0.2526198964670553
N(CCC(=O)OCCCCCCCC\C=C/CC(CCCCCC)OC(=O)CCCCCC)(CCC(=O)OCCCCCCCC\C=C/CC(CCCCCC)OC(=O)CCCCCC)CCN1CCCC1,0.2617082701310518
N(CCC(=O)OCCCCCCCC\C=C/CC(CCCCCC)OC(=O)CCCCCCC)(CCC(=O)OCCCCCCCC\C=C/CC(CCCCCC)OC(=O)CCCCCCC)CCN1CCCC1,0.27151929314205236
N(CCC(=O)OCCCCCCCC\C=C/CC(CCCCCC)OC(=O)CCCCCCC/C=C\C/C=C\CCCCC)(CCC(=O)OCCCCCCCC\C=C/CC(CCCCCC)OC(=O)CCCCCCC/C=C\C/C=C\CCCCC)CCN1CCCC1,0.2879658214178741
N(CCC(=O)OCCCCCCCC\C=C/CC(CCCCCC)OC(=O)CCC/C=C\C/C=C\C/C=C\C/C=C\C/C=C\CC)(CCC(=O)OCCCCCCCC\C=C/CC(CCCCCC)OC(=O)CCC/C=C\C/C=C\C/C=C\C/C=C\C/C=C\CC)CCN1CCCC1,0.35133661493038887
N(CCC(=O)OCCCCCCCC\C=C/CC(CCCCCC)OC(=O)CCCCCCCCCC)(CCC(=O)OCCCCCCCC\C=C/CC(CCCCCC)OC(=O)CCCCCCCCCC)CCN1CCCC1,0.2767995267358929
N(CCC(=O)OCCCCCCCC\C=C/CC(CCCCCC)OC(=O)CCCCCCCCCCC)(CCC(=O)OCCCCCCCC\C=C/CC(CCCCCC)OC(=O)CCCCCCCCCCC)CCN1CCCC1,0.2769209746017921
N(CCC(=O)OCCCCCCCC\C=C/CC(CCCCCC)OC(=O)CCCCCCCCCCCCC)(CCC(=O)OCCCCCCCC\C=C/CC(CCCCCC)OC(=O)CCCCCCCCCCCCC)CCN1CCCC1,0.27713283999832616
N(CCC(=O)OCCCCCCCC\C=C/CC(CCCCCC)OC(=O)CCCCCCCCCCCCCCC)(CCC(=O)OCCCCCCCC\C=C/CC(CCCCCC)OC(=O)CCCCCCCCCCCCCCC)CCN1CCCC1,0.2772900042907785
N(CCC(=O)OCCCCCCCC\C=C/CC(CCCCCC)OC(=O)C(CCCCCC)CCCCCCCC)(CCC(=O)OCCCCCCCC\C=C/CC(CCCCCC)OC(=O)C(CCCCCC)CCCCCCCC)CCN1CCCC1,0.27628267489798497
N(CCC(=O)OCCCCCCCC\C=C/CC(CCCCCC)OC(=O)CC/C=C\CCCCC)(CCC(=O)OCCCCCCCC\C=C/CC(CCCCCC)OC(=O)CC/C=C\CCCCC)CCN1CCCC1,0.2768724615413352
O=C(CCN(CCC(OCCCCCCCC/C=C\CC(CCCCCC)OC(CC/C=C\CCCCCC)=O)=O)CCN1CCCC1)OCCCCCCCC/C=C\CC(CCCCCC)OC(CC/C=C\CCCCCC)=O,0.28059868513107883
N(CCC(=O)OCCCCCCCC\C=C/CC(CCCCCC)OC(=O)CCC/C=C\C/C=C\C/C=C\C/C=C\CCCCC)(CCC(=O)OCCCCCCCC\C=C/CC(CCCCCC)OC(=O)CCC/C=C\C/C=C\C/C=C\C/C=C\CCCCC)CCN1CCCC1,0.31242884005349214
N(CCC(=O)OCCCCCCCC\C=C/CC(CCCCCC)OC(=O)CC\C=C/C/C=C\C\C=C/C\C=C/C\C=C/C\C=C/CC)(CCC(=O)OCCCCCCCC\C=C/CC(CCCCCC)OC(=O)CC\C=C/C/C=C\C\C=C/C\C=C/C\C=C/C\C=C/CC)CCN1CCCC1,0.3850192177860875
O=C(CCN(CCC(OCCCCCCCC/C=C\CC(CCCCCC)OC(C(CCCCCC)CCCC)=O)=O)CCN1CCCC1)OCCCCCCCC/C=C\CC(CCCCCC)OC(C(CCCCCC)CCCC)=O,0.26601983458523076
O=C(CCN(CCC(OCCCCCCCC/C=C\CC(CCCCCC)OC(CCCC1CCCCC1)=O)=O)CCN2CCCC2)OCCCCCCCC/C=C\CC(CCCCCC)OC(CCCC3CCCCC3)=O,0.18684387648346712
O=C(CCN(CCC(OCCCCCCCC/C=C\CC(CCCCCC)OC(CCCCCCCCCCCCCCCCC)=O)=O)CCN1CCCC1)OCCCCCCCC/C=C\CC(CCCCCC)OC(CCCCCCCCCCCCCCCCC)=O,0.2774338913245794
N(CCC(=O)OCCCCCCCC\C=C/CC(CCCCCC)OC(=O)CCCCCCC/C=C\CCCCCCCC)(CCC(=O)OCCCCCCCC\C=C/CC(CCCCCC)OC(=O)CCCCCCC/C=C\CCCCCCCC)CCN1CCCC1,0.28617294091423956
N(CCC(=O)OCCCCCCCC\C=C/CC(CCCCCC)OC(=O)CC/C=C\CC)(CCC(=O)OCCCCCCCC\C=C/CC(CCCCCC)OC(=O)CC/C=C\CC)CCCN1CCCC1,0.2705573527488566
N(CCC(=O)OCCCCCCCC\C=C/CC(CCCCCC)OC(=O)CCCCC)(CCC(=O)OCCCCCCCC\C=C/CC(CCCCCC)OC(=O)CCCCC)CCCN1CCCC1,0.252171713889955
N(CCC(=O)OCCCCCCCC\C=C/CC(CCCCCC)OC(=O)CCCCCC)(CCC(=O)OCCCCCCCC\C=C/CC(CCCCCC)OC(=O)CCCCCC)CCCN1CCCC1,0.26113031887211025
N(CCC(=O)OCCCCCCCC\C=C/CC(CCCCCC)OC(=O)CCCCCCC)(CCC(=O)OCCCCCCCC\C=C/CC(CCCCCC)OC(=O)CCCCCCC)CCCN1CCCC1,0.27105044370080705
N(CCC(=O)OCCCCCCCC\C=C/CC(CCCCCC)OC(=O)CCCCCCCCCCCCCCCCC)(CCC(=O)OCCCCCCCC\C=C/CC(CCCCCC)OC(=O)CCCCCCCCCCCCCCCCC)CCCN1CCCC1,0.27695597009122386
N(CCC(=O)OCCCCCCCC\C=C/CC(CCCCCC)OC(=O)CCCCCCC/C=C\CCCCCCCC)(CCC(=O)OCCCCCCCC\C=C/CC(CCCCCC)OC(=O)CCCCCCC/C=C\CCCCCCCC)CCCN1CCCC1,0.28560228914365154
N(CCC(=O)OCCCCCCCC\C=C/CC(CCCCCC)OC(=O)CCCCCCC/C=C\C/C=C\CCCCC)(CCC(=O)OCCCCCCCC\C=C/CC(CCCCCC)OC(=O)CCCCCCC/C=C\C/C=C\CCCCC)CCCN1CCCC1,0.28742559920161603
N(CCC(=O)OCCCCCCCC\C=C/CC(CCCCCC)OC(=O)CCC/C=C\C/C=C\C/C=C\C/C=C\C/C=C\CC)(CCC(=O)OCCCCCCCC\C=C/CC(CCCCCC)OC(=O)CCC/C=C\C/C=C\C/C=C\C/C=C\C/C=C\CC)CCCN1CCCC1,0.3499047436902658
N(CCC(=O)OCCCCCCCC\C=C/CC(CCCCCC)OC(=O)CCCCCCCCCC)(CCC(=O)OCCCCCCCC\C=C/CC(CCCCCC)OC(=O)CCCCCCCCCC)CCCN1CCCC1,0.2762418818725358
N(CCC(=O)OCCCCCCCC\C=C/CC(CCCCCC)OC(=O)CCCCCCCCCCC)(CCC(=O)OCCCCCCCC\C=C/CC(CCCCCC)OC(=O)CCCCCCCCCCC)CCCN1CCCC1,0.27637540543521744
N(CCC(=O)OCCCCCCCC\C=C/CC(CCCCCC)OC(=O)CCCCCCCCCCCCC)(CCC(=O)OCCCCCCCC\C=C/CC(CCCCCC)OC(=O)CCCCCCCCCCCCC)CCCN1CCCC1,0.27661776046417486
N(CCC(=O)OCCCCCCCC\C=C/CC(CCCCCC)OC(=O)CCCCCCCCCCCCCCC)(CCC(=O)OCCCCCCCC\C=C/CC(CCCCCC)OC(=O)CCCCCCCCCCCCCCC)CCCN1CCCC1,0.27679598212837964
N(CCC(=O)OCCCCCCCC\C=C/CC(CCCCCC)OC(=O)C(CCCCCC)CCCCCCCC)(CCC(=O)OCCCCCCCC\C=C/CC(CCCCCC)OC(=O)C(CCCCCC)CCCCCCCC)CCCN1CCCC1,0.27578988433650176
N(CCC(=O)OCCCCCCCC\C=C/CC(CCCCCC)OC(=O)CC/C=C\CCCCC)(CCC(=O)OCCCCCCCC\C=C/CC(CCCCCC)OC(=O)CC/C=C\CCCCC)CCCN1CCCC1,0.2763369554554126
N(CCC(=O)OCCCCCCCC\C=C/CC(CCCCCC)OC(=O)CCC/C=C\C/C=C\C/C=C\C/C=C\CCCCC)(CCC(=O)OCCCCCCCC\C=C/CC(CCCCCC)OC(=O)CCC/C=C\C/C=C\C/C=C\C/C=C\CCCCC)CCCN1CCCC1,0.3115649771478455
N(CCC(=O)OCCCCCCCC\C=C/CC(CCCCCC)OC(=O)CC\C=C/C/C=C\C\C=C/C\C=C/C\C=C/C\C=C/CC)(CCC(=O)OCCCCCCCC\C=C/CC(CCCCCC)OC(=O)CC\C=C/C/C=C\C\C=C/C\C=C/C\C=C/C\C=C/CC)CCCN1CCCC1,0.3821516303078608
N(CCC(=O)OCCCCCCCC\C=C/CC(CCCCCC)OC(=O)CC/C=C\CC)(CCC(=O)OCCCCCCCC\C=C/CC(CCCCCC)OC(=O)CC/C=C\CC)CCCn1ccnc1,0.058103311055239706
N(CCC(=O)OCCCCCCCC\C=C/CC(CCCCCC)OC(=O)CCCCC)(CCC(=O)OCCCCCCCC\C=C/CC(CCCCCC)OC(=O)CCCCC)CCCn1ccnc1,0.046848446243997116
N(CCC(=O)OCCCCCCCC\C=C/CC(CCCCCC)OC(=O)CCCCCC)(CCC(=O)OCCCCCCCC\C=C/CC(CCCCCC)OC(=O)CCCCCC)CCCn1ccnc1,0.05797202540153887
N(CCC(=O)OCCCCCCCC\C=C/CC(CCCCCC)OC(=O)CCCCCCC)(CCC(=O)OCCCCCCCC\C=C/CC(CCCCCC)OC(=O)CCCCCCC)CCCn1ccnc1,0.06860209306047609
N(CCC(=O)OCCCCCCCC\C=C/CC(CCCCCC)OC(=O)CCCCCCC/C=C\CCCCCCCC)(CCC(=O)OCCCCCCCC\C=C/CC(CCCCCC)OC(=O)CCCCCCC/C=C\CCCCCCCC)CCCn1ccnc1,0.11122041114472728
N(CCC(=O)OCCCCCCCC\C=C/CC(CCCCCC)OC(=O)CCC/C=C\C/C=C\C/C=C\C/C=C\C/C=C\CC)(CCC(=O)OCCCCCCCC\C=C/CC(CCCCCC)OC(=O)CCC/C=C\C/C=C\C/C=C\C/C=C\C/C=C\CC)CCCn1ccnc1,0.17296972695420632
N(CCC(=O)OCCCCCCCC\C=C/CC(CCCCCC)OC(=O)CCCCCCCCCC)(CCC(=O)OCCCCCCCC\C=C/CC(CCCCCC)OC(=O)CCCCCCCCCC)CCCn1ccnc1,0.08250215126753505
O=C(CCN(CCC(OCCCCCCCC/C=C\CC(CCCCCC)OC(CCCCCCCCCCC)=O)=O)CCCN1C=NC=C1)OCCCCCCCC/C=C\CC(CCCCCC)OC(CCCCCCCCCCC)=O,0.08584905679478987
N(CCC(=O)OCCCCCCCC\C=C/CC(CCCCCC)OC(=O)CCCCCCCCCCCCC)(CCC(=O)OCCCCCCCC\C=C/CC(CCCCCC)OC(=O)CCCCCCCCCCCCC)CCCn1ccnc1,0.09198713046540921
N(CCC(=O)OCCCCCCCC\C=C/CC(CCCCCC)OC(=O)CCCCCCCCCCCCCCC)(CCC(=O)OCCCCCCCC\C=C/CC(CCCCCC)OC(=O)CCCCCCCCCCCCCCC)CCCn1ccnc1,0.09753435110651966
N(CCC(=O)OCCCCCCCC\C=C/CC(CCCCCC)OC(=O)C(CCCCCC)CCCCCCCC)(CCC(=O)OCCCCCCCC\C=C/CC(CCCCCC)OC(=O)C(CCCCCC)CCCCCCCC)CCCn1ccnc1,0.09919237130989336
N(CCC(=O)OCCCCCCCC\C=C/CC(CCCCCC)OC(=O)CC/C=C\CCCCC)(CCC(=O)OCCCCCCCC\C=C/CC(CCCCCC)OC(=O)CC/C=C\CCCCC)CCCn1ccnc1,0.0811769036237536
O=C(CCN(CCC(OCCCCCCCC/C=C\CC(CCCCCC)OC(CC/C=C\CCCCCC)=O)=O)CCCN1C=NC=C1)OCCCCCCCC/C=C\CC(CCCCCC)OC(CC/C=C\CCCCCC)=O,0.08692065472804622
O=C(CCN(CCC(OCCCCCCCC/C=C\CC(CCCCCC)OC(CCC/C=C\C/C=C\C/C=C\C/C=C\CCCCC)=O)=O)CCCN1C=NC=C1)OCCCCCCCC/C=C\CC(CCCCCC)OC(CCC/C=C\C/C=C\C/C=C\C/C=C\CCCCC)=O,0.1418633027844791
N(CCC(=O)OCCCCCCCC\C=C/CC(CCCCCC)OC(=O)CC\C=C/C/C=C\C\C=C/C\C=C/C\C=C/C\C=C/CC)(CCC(=O)OCCCCCCCC\C=C/CC(CCCCCC)OC(=O)CC\C=C/C/C=C\C\C=C/C\C=C/C\C=C/C\C=C/CC)CCCn1ccnc1,0.20560605479303565
N(CCC(=O)OCCCCCCCC\C=C/CC(CCCCCC)OC(=O)C(CCCC)CCCCCC)(CCC(=O)OCCCCCCCC\C=C/CC(CCCCCC)OC(=O)C(CCCC)CCCCCC)CCCn1ccnc1,0.08151386663036364
N(CCC(=O)OCCCCCCCC\C=C/CC(CCCCCC)OC(=O)CCCCCCC/C=C\C/C=C\C/C=C\CC)(CCC(=O)OCCCCCCCC\C=C/CC(CCCCCC)OC(=O)CCCCCCC/C=C\C/C=C\C/C=C\CC)CCCn1ccnc1,0.13018787629959763
N(CCC(=O)OCCCCCCCC\C=C/CC(CCCCCC)OC(=O)CCCC\C=C/C\C=C/C\C=C/CCCCC)(CCC(=O)OCCCCCCCC\C=C/CC(CCCCCC)OC(=O)CCCC\C=C/C\C=C/C\C=C/CCCCC)CCCn1ccnc1,0.11933547463634359
O=C(CCN(CCC(OCCCCCCCC/C=C\CC(CCCCCC)OC(CCCCCCCCCCCCCCCCC)=O)=O)CCCN1C=NC=C1)OCCCCCCCC/C=C\CC(CCCCCC)OC(CCCCCCCCCCCCCCCCC)=O,0.10261453966871148
O=C(CCN(CCC(OCCCCCCCC/C=C\CC(CCCCCC)OC(CCCCCCC/C=C\C/C=C\CCCCC)=O)=O)CCCN1C=NC=C1)OCCCCCCCC/C=C\CC(CCCCCC)OC(CCCCCCC/C=C\C/C=C\CCCCC)=O,0.1105302340072303
N(CCC(=O)OCCCCCCCC\C=C/CC(CCCCCC)OC(=O)CCC/C=C\C/C=C\C/C=C\C/C=C\C/C=C\CC)(CCC(=O)OCCCCCCCC\C=C/CC(CCCCCC)OC(=O)CCC/C=C\C/C=C\C/C=C\C/C=C\C/C=C\CC)CCCN(CCCC)CCCC,0.362519911712815
N(CCC(=O)OCCCCCCCC\C=C/CC(CCCCCC)OC(=O)CC\C=C/C/C=C\C\C=C/C\C=C/C\C=C/C\C=C/CC)(CCC(=O)OCCCCCCCC\C=C/CC(CCCCCC)OC(=O)CC\C=C/C/C=C\C\C=C/C\C=C/C\C=C/C\C=C/CC)CCCN(CCCC)CCCC,0.39189185128573634
OCCN(CCO)CCCN(CCC(=O)OCCCCCCCC\C=C/CC(CCCCCC)OC(=O)CCCCCCC/C=C\C/C=C\C/C=C\CC)(CCC(=O)OCCCCCCCC\C=C/CC(CCCCCC)OC(=O)CCCCCCC/C=C\C/C=C\C/C=C\CC),0.23750336200439717
N(CCC(=O)OCCCCCCCC\C=C/CC(CCCCCC)OC(=O)CCCCCCC/C=C\C/C=C\C/C=C\CC)(CCC(=O)OCCCCCCCC\C=C/CC(CCCCCC)OC(=O)CCCCCCC/C=C\C/C=C\C/C=C\CC)CCCO,0.28031926191846585
OCCN(CCC(=O)OCCCCCCCC\C=C/CC(CCCCCC)OC(=O)CC\C=C/C/C=C\C\C=C/C\C=C/C\C=C/C\C=C/CC)CCN(CCC(=O)OCCCCCCCC\C=C/CC(CCCCCC)OC(=O)CC\C=C/C/C=C\C\C=C/C\C=C/C\C=C/C\C=C/CC)CCO,0.3259154408214621
CCN(CCC(=O)OCCCCCCCC\C=C/CC(CCCCCC)OC(=O)CC\C=C/C/C=C\C\C=C/C\C=C/C\C=C/C\C=C/CC)CCO,0.24510504316800197
C[N+](C)(C)CCCC[N+](CCC(=O)OCCCCCCCC\C=C/CC(CCCCCC)OC(=O)CC/C=C\CCCCC)(CCC(=O)OCCCCCCCC\C=C/CC(CCCCCC)OC(=O)CC/C=C\CCCCC)C,0.19074324513851942
N(CCC(=O)OCCCCCCCC\C=C/CC(CCCCCC)OC(=O)CCCC\C=C/C\C=C/C\C=C/CCCCC)(CCC(=O)OCCCCCCCC\C=C/CC(CCCCCC)OC(=O)CCCC\C=C/C\C=C/C\C=C/CCCCC)CCCCO,0.27897189051677324
CC[N+](CC)(C)CCC[N+](CCC(=O)OCCCCCCCC\C=C/CC(CCCCCC)OC(=O)CCCCCCC/C=C\CCCCCCCC)(CCC(=O)OCCCCCCCC\C=C/CC(CCCCCC)OC(=O)CCCCCCC/C=C\CCCCCCCC)C,0.2056163131274914
O=C(OCCCCCCCC/C=C\CC(CCCCCC)OC(CC/C=C\CCCCC)=O)CCN(C)CCCN1C=NC=C1,-0.036191126537457374
O=C(OCCCCCCCC/C=C\CC(CCCCCC)OC(CC/C=C\CCCCC)=O)CCN1CCC(C2=CC=NC=C2)CC1,-0.06847485604585758
O=C(OCCCCCCCC/C=C\CC(CCCCCC)OC(CC/C=C\CCCCC)=O)CCN1CCC(C2=CN=CC=C2)CC1,-0.0848190938578274
CN(CCC(OCCCCCCCC/C=C\CC(CCCCCC)OC(C(CCCCCCCC)CCCCCC)=O)=O)CCCN(C)CCCN(CCC(OCCCCCCCC/C=C\CC(CCCCC)OC(C(CCCCCCCC)CCCCCC)=O)=O)C,0.269883156384216
CN(CCC(OCCCCCCCC/C=C\CC(CCCCCC)OC(CC/C=C\CCCCC)=O)=O)CCCN(C)CCCN(CCC(OCCCCCCCC/C=C\CC(CCCCC)OC(CC/C=C\CCCCC)=O)=O)C,0.2699917775771647
O=C(OCCCCCCCC/C=C\CC(CCCCCC)OC(C(CCCCCCCC)CCCCCC)=O)CCN(C)CCCCCCN(CCC(OCCCCCCCC/C=C\CC(CCCCC)OC(C(CCCCCCCC)CCCCCC)=O)=O)C,0.27238582952285734
CN(CCC(OCCCCCCCC/C=C\CC(CCCCCC)OC(CC/C=C\CCCCC)=O)=O)CCCCCCN(C)CCC(OCCCCCCCC/C=C\CC(CCCCCC)OC(CC/C=C\CCCCC)=O)=O,0.2740843874197831
O=C(CCN(CCC(OCCCCCCCC/C=C\CC(CCCCCC)OC(CC/C=C\CCCCC)=O)=O)CCCCN(C)C)OCCCCCCCC/C=C\CC(CCCCCC)OC(CC/C=C\CCCCC)=O,0.26928219521548497
CCCCN(CCCC)CCN(CCC(=O)OCCCCCCCC\C=C/CC(CCCCCC)OC(=O)CC/C=C\CCCCC)(CCC(=O)OCCCCCCCC\C=C/CC(CCCCCC)OC(=O)CC/C=C\CCCCC),0.3036298926046672
O=C(CCN(CCC(OCCCCCCCC/C=C\CC(CCCCCC)OC(CCCCCCC/C=C\CCCCCCCC)=O)=O)CCCN(CCCC)CCCC)OCCCCCCCC/C=C\CC(CCCCCC)OC(CCCCCCC/C=C\CCCCCCCC)=O,0.3042268285411375
O=C(CCN(CCC(OCCCCCCCC/C=C\CC(CCCCCC)OC(CCCCCCC/C=C\C/C=C\CCCCC)=O)=O)CCCN(CCCC)CCCC)OCCCCCCCC/C=C\CC(CCCCCC)OC(CCCCCCC/C=C\C/C=C\CCCCC)=O,0.30578573490985017
OCCN(C)(CCC(=O)OCCCCCCCC\C=C/CC(CCCCCC)OC(=O)CC/C=C\CCCCC),0.14007223964317128
O=C(CCN(CCC(OCCCCCCCC/C=C\CC(CCCCCC)OC(C(CCCCCCCC)CCCCCC)=O)=O)CCCN1CCN(C)CC1)OCCCCCCCC/C=C\CC(CCCCCC)OC(C(CCCCCCCC)CCCCCC)=O,0.252775498729078
O=C(CCN(CCC(OCCCCCCCC/C=C\CC(CCCCCC)OC(CC/C=C\CCCCC)=O)=O)CCCN1CCN(C)CC1)OCCCCCCCC/C=C\CC(CCCCCC)OC(CC/C=C\CCCCC)=O,0.25009865919753943
C1N(C)CCN(CCC(=O)OCCOC(=O)C(C)CSCC(C)C)C1,0.07895452483008025
C1N(C)CCN(CCC(=O)OCCOC(=O)C(C)CSCCCCCCCCCC)C1,0.13587652077267778
C1N(C)CCN(CCC(=O)OCCOC(=O)C(C)CSCCCCCCCCCCC)C1,0.1385788634548838
C1N(C)CCN(CCC(=O)OCCOC(=O)C(C)CSCCCCCCCCCCCC)C1,0.14114193009696074
C1N(C)CCN(CCC(=O)OCCOC(=O)C(C)CSCCCCCCCCCCCCCC)C1,0.1461266095100983
C1N(C)CCN(CCC(=O)OCCOC(=O)C(C)CSCCCCCCCCCCCCCCCC)C1,0.15082935745022144
C1N(C)CCN(CCC(=O)OCCOC(=O)C(C)CSCCCCCCCCCCCCCCCCCC)C1,0.15540401889511973
C1N(C)CCN(CCC(=O)OCCOC(=O)C(C)CSCCc5ccccc5)C1,-0.06527520943539832
C1N(C)CCN(CCC(=O)OCCOC(=O)C(C)CSCCC(C)C)C1,0.04869196507064416
C1N(C)CCN(CCC(=O)OCCOC(=O)C(C)CSCCCC)C1,0.10381031902111881
C1N(C)CCN(CCC(=O)OCCOC(=O)C(C)CSCCCCC)C1,0.11376928433722786
C1N(C)CCN(CCC(=O)OCCOC(=O)C(C)CSCCCCCC)C1,0.11439481744617794
C1N(C)CCN(CCC(=O)OCCOC(=O)C(C)CSCCCCCCC)C1,0.12110139509554463
C1N(C)CCN(CCC(=O)OCCOC(=O)C(C)CSCCCCCCCC)C1,0.12908619426104864
C1N(C)CCN(CCC(=O)OCCOC(=O)C(C)CSCCCCCCCCC)C1,0.1332423366874852
C1N(C)CCN(CCC(=O)OCCOC(=O)C(C)CSCCN(C)C)C1,0.005736616391927787
C1N(C)CCN(CCC(=O)OCCOC(=O)C(C)CSCCCC(=O)N(C)CCCN(C)C)C1,0.06653214740939625
C1N(C)CCN(CCC(=O)OCCOC(=O)C(C)CSCCCC(=O)N(C)CCN5(CCCCC5))C1,0.07037888765459069
C1N(C)CCN(CCC(=O)OCCOC(=O)C(C)CSCCNCCCC)C1,0.09839723774314785
C1N(C)CCN(CCC(=O)OCCOC(=O)C(C)CSCCN(CC)CC)C1,0.029286763417171336
C1N(C)CCN(CCC(=O)OCCOC(=O)C(C)CSCCN5CCCC5)C1,0.02629367280173791
C1N(C)CCN(CCC(=O)OCCOC(=O)C(C)CSCCN5CCCCC5)C1,0.02850722011567482
C1N(C)CCN(CCC(=O)OCCOC(=O)C(C)CSCCN5CCCCCC5)C1,0.029578712912267654
C1N(C)CCN(CCC(=O)OCCOC(=O)C(C)CSCCN(CCC)CCC)C1,0.036520286024144755
C1N(C)CCN(CCC(=O)OCCOC(=O)C(C)CSCCN(CCCC)CCCC)C1,0.10741464415926238
C1N(C)CCN(CCC(=O)OCCOC(=O)C(C)CSCCCC(=O)N5CCN(CCO)CC5)C1,-0.005566625834701339
C1N(C)CCN(CCC(=O)OCCOC(=O)C(C)CSCCC(O)=O)C1,0.042136791726520725
C1N(C)CCN(CCC(=O)OCCOC(=O)C(C)CSCCCCCC(O)=O)C1,0.08941276914176456
C1N(C)CCN(CCC(=O)OCCOC(=O)C(C)CSCCCCCCCCCCC(O)=O)C1,0.11448128484216875
C1N(C)CCN(CCC(=O)OCCOC(=O)C(C)CSCCO)C1,0.0055686080036086456
C1N(C)CCN(CCC(=O)OCCOC(=O)C(C)CSCC(O)CO)C1,-0.03688757432595767
C1N(C)CCN(CCC(=O)OCCOC(=O)C(C)CSCCCO)C1,0.03213542629596282
C1N(C)CCN(CCC(=O)OCCOC(=O)C(C)CSCCCCO)C1,0.05260168968705407
C1N(C)CCN(CCC(=O)OCCOC(=O)C(C)CSCCCCCCO)C1,0.06294127976418437
C1N(C)CCN(CCC(=O)OCCOC(=O)C(C)CSCCCCCCCCCCCO)C1,0.10509830322744096
CN(C)CCN1CCN(CCC(=O)OCCOC(=O)C(C)CSCC(C)C)CC1,0.1224202744614209
CN(C)CCN1CCN(CCC(=O)OCCOC(=O)C(C)CSCCCCCCCCCC)CC1,0.1663901243553358
CN(C)CCN1CCN(CCC(=O)OCCOC(=O)C(C)CSCCCCCCCCCCC)CC1,0.16813730044938197
CN(C)CCN1CCN(CCC(=O)OCCOC(=O)C(C)CSCCCCCCCCCCCC)CC1,0.16979975141214726
CN(C)CCN1CCN(CCC(=O)OCCOC(=O)C(C)CSCCCCCCCCCCCCCC)CC1,0.17312795763281727
CN(C)CCN1CCN(CCC(=O)OCCOC(=O)C(C)CSCCCCCCCCCCCCCCCC)CC1,0.17640775592969396
CN(C)CCN1CCN(CCC(=O)OCCOC(=O)C(C)CSCCCCCCCCCCCCCCCCCC)CC1,0.17938253774614998
CN(C)CCN1CCN(CCC(=O)OCCOC(=O)C(C)CSCCc5ccccc5)CC1,-0.03124224615825143
CN(C)CCN1CCN(CCC(=O)OCCOC(=O)C(C)CSCCC(C)C)CC1,0.09161131195186357
CN(C)CCN1CCN(CCC(=O)OCCOC(=O)C(C)CSCCCC)CC1,0.14436253645227068
CN(C)CCN1CCN(CCC(=O)OCCOC(=O)C(C)CSCCCCC)CC1,0.15152883167267905
CN(C)CCN1CCN(CCC(=O)OCCOC(=O)C(C)CSCCCCCC)CC1,0.15085370409759005
CN(C)CCN1CCN(CCC(=O)OCCOC(=O)C(C)CSCCCCCCC)CC1,0.15554260403717415
CN(C)CCN1CCN(CCC(=O)OCCOC(=O)C(C)CSCCCCCCCC)CC1,0.16166218867453577
CN(C)CCN1CCN(CCC(=O)OCCOC(=O)C(C)CSCCCCCCCCC)CC1,0.16471181277590102
CN(C)CCN1CCN(CCC(=O)OCCOC(=O)C(C)CSCCN(C)C)CC1,0.046351269981692436
CN(C)CCN1CCN(CCC(=O)OCCOC(=O)C(C)CSCCCC(=O)N(C)CCCN(C)C)CC1,0.09989240125471532
CN(C)CCN1CCN(CCC(=O)OCCOC(=O)C(C)CSCCCC(=O)N(C)CCN5(CCCCC5))CC1,0.10242993470707813
CN(C)CCN1CCN(CCC(=O)OCCOC(=O)C(C)CSCCNCCCC)CC1,0.13602620534249618
CN(C)CCN1CCN(CCC(=O)OCCOC(=O)C(C)CSCCN(CC)CC)CC1,0.06669007769753998
CN(C)CCN1CCN(CCC(=O)OCCOC(=O)C(C)CSCCN5CCCC5)CC1,0.06478877876452215
CN(C)CCN1CCN(CCC(=O)OCCOC(=O)C(C)CSCCN5CCCCC5)CC1,0.06561546834984967
CN(C)CCN1CCN(CCC(=O)OCCOC(=O)C(C)CSCCN5CCCCCC5)CC1,0.06547854286512668
CN(C)CCN1CCN(CCC(=O)OCCOC(=O)C(C)CSCCN(CCC)CCC)CC1,0.07543798880598329
CN(C)CCN1CCN(CCC(=O)OCCOC(=O)C(C)CSCCN(CCCC)CCCC)CC1,0.13974015798165365
CN(C)CCN1CCN(CCC(=O)OCCOC(=O)C(C)CSCCCC(=O)N5CCN(CCO)CC5)CC1,0.0267646700348239
CN(C)CCN1CCN(CCC(=O)OCCOC(=O)C(C)CSCCC(O)=O)CC1,0.08867005371154989
CN(C)CCN1CCN(CCC(=O)OCCOC(=O)C(C)CSCCCCCC(O)=O)CC1,0.1270199884712858
CN(C)CCN1CCN(CCC(=O)OCCOC(=O)C(C)CSCCCCCCCCCCC(O)=O)CC1,0.1447318364926775
CN(C)CCN1CCN(CCC(=O)OCCOC(=O)C(C)CSCCO)CC1,0.052462744076438986
CN(C)CCN1CCN(CCC(=O)OCCOC(=O)C(C)CSCC(O)CO)CC1,0.005759130657446326
CN(C)CCN1CCN(CCC(=O)OCCOC(=O)C(C)CSCCCO)CC1,0.07762040064799229
CN(C)CCN1CCN(CCC(=O)OCCOC(=O)C(C)CSCCCCO)CC1,0.09680802197629211
CN(C)CCN1CCN(CCC(=O)OCCOC(=O)C(C)CSCCCCCCO)CC1,0.10387038209504051
CN(C)CCN1CCN(CCC(=O)OCCOC(=O)C(C)CSCCCCCCCCCCCO)CC1,0.13650298509207626
OCCN1CCN(CCC(=O)OCCOC(=O)C(C)CSCC(C)C)CC1,0.006026297938996556
OCCN1CCN(CCC(=O)OCCOC(=O)C(C)CSCCCCCCCCCC)CC1,0.060163478996611355
OCCN1CCN(CCC(=O)OCCOC(=O)C(C)CSCCCCCCCCCCC)CC1,0.06458193739855245
OCCN1CCN(CCC(=O)OCCOC(=O)C(C)CSCCCCCCCCCCCC)CC1,0.06884673105698441
OCCN1CCN(CCC(=O)OCCOC(=O)C(C)CSCCCCCCCCCCCCCC)CC1,0.07668142510601592
OCCN1CCN(CCC(=O)OCCOC(=O)C(C)CSCCCCCCCCCCCCCCCC)CC1,0.08369659388236322
OCCN1CCN(CCC(=O)OCCOC(=O)C(C)CSCCCCCCCCCCCCCCCCCC)CC1,0.09002322264925994
OCCN1CCN(CCC(=O)OCCOC(=O)C(C)CSCCc5ccccc5)CC1,-0.10573830101492442
OCCN1CCN(CCC(=O)OCCOC(=O)C(C)CSCCC(C)C)CC1,-0.016449637755925763
OCCN1CCN(CCC(=O)OCCOC(=O)C(C)CSCCCC)CC1,0.0218892201053312
OCCN1CCN(CCC(=O)OCCOC(=O)C(C)CSCCCCC)CC1,0.031125964130852012
OCCN1CCN(CCC(=O)OCCOC(=O)C(C)CSCCCCCC)CC1,0.033442785687421
OCCN1CCN(CCC(=O)OCCOC(=O)C(C)CSCCCCCCC)CC1,0.040220435721333214
OCCN1CCN(CCC(=O)OCCOC(=O)C(C)CSCCCCCCCC)CC1,0.04947862011645224
OCCN1CCN(CCC(=O)OCCOC(=O)C(C)CSCCCCCCCCC)CC1,0.05548470221577277
OCCN1CCN(CCC(=O)OCCOC(=O)C(C)CSCCN(C)C)CC1,-0.05095754840080266
OCCN1CCN(CCC(=O)OCCOC(=O)C(C)CSCCCC(=O)N(C)CCCN(C)C)CC1,0.009682455452259868
OCCN1CCN(CCC(=O)OCCOC(=O)C(C)CSCCCC(=O)N(C)CCN5(CCCCC5))CC1,0.020204712972509902
OCCN1CCN(CCC(=O)OCCOC(=O)C(C)CSCCNCCCC)CC1,0.024881462117694715
OCCN1CCN(CCC(=O)OCCOC(=O)C(C)CSCCN(CC)CC)CC1,-0.0278654893283161
OCCN1CCN(CCC(=O)OCCOC(=O)C(C)CSCCN5CCCC5)CC1,-0.026926205886110822
OCCN1CCN(CCC(=O)OCCOC(=O)C(C)CSCCN5CCCCC5)CC1,-0.022945371336346988
OCCN1CCN(CCC(=O)OCCOC(=O)C(C)CSCCN5CCCCCC5)CC1,-0.019957552573613365
OCCN1CCN(CCC(=O)OCCOC(=O)C(C)CSCCN(CCC)CCC)CC1,-0.020208168340419476
OCCN1CCN(CCC(=O)OCCOC(=O)C(C)CSCCN(CCCC)CCCC)CC1,0.0378054765991217
OCCN1CCN(CCC(=O)OCCOC(=O)C(C)CSCCCC(=O)N5CCN(CCO)CC5)CC1,-0.04713048373121148
OCCN1CCN(CCC(=O)OCCOC(=O)C(C)CSCCC(O)=O)CC1,-0.024184880031020643
OCCN1CCN(CCC(=O)OCCOC(=O)C(C)CSCCCCCC(O)=O)CC1,0.016930982563071188
OCCN1CCN(CCC(=O)OCCOC(=O)C(C)CSCCCCCCCCCCC(O)=O)CC1,0.046449152215437814
OCCN1CCN(CCC(=O)OCCOC(=O)C(C)CSCCO)CC1,-0.052263405839924726
OCCN1CCN(CCC(=O)OCCOC(=O)C(C)CSCC(O)CO)CC1,-0.08105847555958648
OCCN1CCN(CCC(=O)OCCOC(=O)C(C)CSCCCO)CC1,-0.030024673477446903
OCCN1CCN(CCC(=O)OCCOC(=O)C(C)CSCCCCO)CC1,-0.011329992436503785
OCCN1CCN(CCC(=O)OCCOC(=O)C(C)CSCCCCCCO)CC1,-0.002146109623452956
OCCN1CCN(CCC(=O)OCCOC(=O)C(C)CSCCCCCCCCCCCO)CC1,0.03718939077036586
CN(C)CCN(CCC(=O)OCCOC(=O)C(C)CSCC(C)C)C,0.1457306798547719
CN(C)CCN(CCC(=O)OCCOC(=O)C(C)CSCCCCCCCCCC)C,0.19450115992255532
CN(C)CCN(CCC(=O)OCCOC(=O)C(C)CSCCCCCCCCCCC)C,0.195956626833879
CN(C)CCN(CCC(=O)OCCOC(=O)C(C)CSCCCCCCCCCCCC)C,0.19732352361594122
CN(C)CCN(CCC(=O)OCCOC(=O)C(C)CSCCCCCCCCCCCCCC)C,0.19980781285798835
CN(C)CCN(CCC(=O)OCCOC(=O)C(C)CSCCCCCCCCCCCCCCCC)C,0.20209560167590002
CN(C)CCN(CCC(=O)OCCOC(=O)C(C)CSCCCCCCCCCCCCCCCCCC)C,0.2041488456170021
CN(C)CCN(CCC(=O)OCCOC(=O)C(C)CSCCc5ccccc5)C,-0.03881960320377266
CN(C)CCN(CCC(=O)OCCOC(=O)C(C)CSCCC(C)C)C,0.10933516057242096
CN(C)CCN(CCC(=O)OCCOC(=O)C(C)CSCCCC)C,0.17143027086824647
CN(C)CCN(CCC(=O)OCCOC(=O)C(C)CSCCCCC)C,0.17922867774883716
CN(C)CCN(CCC(=O)OCCOC(=O)C(C)CSCCCCCC)C,0.1776585968547437
CN(C)CCN(CCC(=O)OCCOC(=O)C(C)CSCCCCCCC)C,0.18281703713364772
CN(C)CCN(CCC(=O)OCCOC(=O)C(C)CSCCCCCCCC)C,0.18984883252235593
CN(C)CCN(CCC(=O)OCCOC(=O)C(C)CSCCCCCCCCC)C,0.19294845661699084
CN(C)CCN(CCC(=O)OCCOC(=O)C(C)CSCCN(C)C)C,0.05307668211335416
CN(C)CCN(CCC(=O)OCCOC(=O)C(C)CSCCCC(=O)N(C)CCCN(C)C)C,0.1145959739225554
CN(C)CCN(CCC(=O)OCCOC(=O)C(C)CSCCCC(=O)N(C)CCN5(CCCCC5))C,0.11542873139532088
CN(C)CCN(CCC(=O)OCCOC(=O)C(C)CSCCNCCCC)C,0.15828019754070904
CN(C)CCN(CCC(=O)OCCOC(=O)C(C)CSCCN(CC)CC)C,0.0798638518329415
CN(C)CCN(CCC(=O)OCCOC(=O)C(C)CSCCN5CCCC5)C,0.07532532736125042
CN(C)CCN(CCC(=O)OCCOC(=O)C(C)CSCCN5CCCCC5)C,0.07501323668532664
CN(C)CCN(CCC(=O)OCCOC(=O)C(C)CSCCN5CCCCCC5)C,0.07349296053069912
CN(C)CCN(CCC(=O)OCCOC(=O)C(C)CSCCN(CCC)CCC)C,0.08865999063089783
CN(C)CCN(CCC(=O)OCCOC(=O)C(C)CSCCN(CCCC)CCCC)C,0.1606785000115129
CN(C)CCN(CCC(=O)OCCOC(=O)C(C)CSCCCC(=O)N5CCN(CCO)CC5)C,0.027066952961992775
CN(C)CCN(CCC(=O)OCCOC(=O)C(C)CSCCC(O)=O)C,0.10575021061941342
CN(C)CCN(CCC(=O)OCCOC(=O)C(C)CSCCCCCC(O)=O)C,0.147413287017888
CN(C)CCN(CCC(=O)OCCOC(=O)C(C)CSCCCCCCCCCCC(O)=O)C,0.16656007026216854
CN(C)CCN(CCC(=O)OCCOC(=O)C(C)CSCCO)C,0.061414920702595535
CN(C)CCN(CCC(=O)OCCOC(=O)C(C)CSCC(O)CO)C,0.002737683651266932
CN(C)CCN(CCC(=O)OCCOC(=O)C(C)CSCCCO)C,0.0923114320138257
CN(C)CCN(CCC(=O)OCCOC(=O)C(C)CSCCCCO)C,0.11386626539957156
CN(C)CCN(CCC(=O)OCCOC(=O)C(C)CSCCCCCCO)C,0.12119381022278651
CN(C)CCN(CCC(=O)OCCOC(=O)C(C)CSCCCCCCCCCCCO)C,0.15669333983902103
CN(C)CCCN(CCC(=O)OCCOC(=O)C(C)CSCC(C)C)C,0.13915352543820925
CN(C)CCCN(CCC(=O)OCCOC(=O)C(C)CSCCCCCCCCCC)C,0.18726316149762026
CN(C)CCCN(CCC(=O)OCCOC(=O)C(C)CSCCCCCCCCCCC)C,0.1888870423243938
CN(C)CCCN(CCC(=O)OCCOC(=O)C(C)CSCCCCCCCCCCCC)C,0.19040951132943207
CN(C)CCCN(CCC(=O)OCCOC(=O)C(C)CSCCCCCCCCCCCCCC)C,0.19322529647158573
CN(C)CCCN(CCC(=O)OCCOC(=O)C(C)CSCCCCCCCCCCCCCCCC)C,0.19579932736571642
CN(C)CCCN(CCC(=O)OCCOC(=O)C(C)CSCCCCCCCCCCCCCCCCCC)C,0.19811601374657514
CN(C)CCCN(CCC(=O)OCCOC(=O)C(C)CSCCc5ccccc5)C,-0.03719273349185023
CN(C)CCCN(CCC(=O)OCCOC(=O)C(C)CSCCC(C)C)C,0.10468355410934291
CN(C)CCCN(CCC(=O)OCCOC(=O)C(C)CSCCCC)C,0.1635639907615862
CN(C)CCCN(CCC(=O)OCCOC(=O)C(C)CSCCCCC)C,0.17120305551883722
CN(C)CCCN(CCC(=O)OCCOC(=O)C(C)CSCCCCCC)C,0.17013288444030017
CN(C)CCCN(CCC(=O)OCCOC(=O)C(C)CSCCCCCCC)C,0.17508183240736122
CN(C)CCCN(CCC(=O)OCCOC(=O)C(C)CSCCCCCCCC)C,0.18228373891765917
CN(C)CCCN(CCC(=O)OCCOC(=O)C(C)CSCCCCCCCCC)C,0.18552731012418847
CN(C)CCCN(CCC(=O)OCCOC(=O)C(C)CSCCN(C)C)C,0.05040220064698331
CN(C)CCCN(CCC(=O)OCCOC(=O)C(C)CSCCCC(=O)N(C)CCCN(C)C)C,0.11086142951686963
CN(C)CCCN(CCC(=O)OCCOC(=O)C(C)CSCCCC(=O)N(C)CCN5(CCCCC5))C,0.11123051928394942
CN(C)CCCN(CCC(=O)OCCOC(=O)C(C)CSCCNCCCC)C,0.15169344564871853
CN(C)CCCN(CCC(=O)OCCOC(=O)C(C)CSCCN(CC)CC)C,0.07658241640801844
CN(C)CCCN(CCC(=O)OCCOC(=O)C(C)CSCCN5CCCC5)C,0.0719249523308295
CN(C)CCCN(CCC(=O)OCCOC(=O)C(C)CSCCN5CCCCC5)C,0.07160413531183282
CN(C)CCCN(CCC(=O)OCCOC(=O)C(C)CSCCN5CCCCCC5)C,0.07017815172486734
CN(C)CCCN(CCC(=O)OCCOC(=O)C(C)CSCCN(CCC)CCC)C,0.08520969070482405
CN(C)CCCN(CCC(=O)OCCOC(=O)C(C)CSCCN(CCCC)CCCC)C,0.15498628089187277
CN(C)CCCN(CCC(=O)OCCOC(=O)C(C)CSCCCC(=O)N5CCN(CCO)CC5)C,0.025421609236335983
CN(C)CCCN(CCC(=O)OCCOC(=O)C(C)CSCCC(O)=O)C,0.10090609892541401
CN(C)CCCN(CCC(=O)OCCOC(=O)C(C)CSCCCCCC(O)=O)C,0.14147782671741216
CN(C)CCCN(CCC(=O)OCCOC(=O)C(C)CSCCCCCCCCCCC(O)=O)C,0.16075844893436494
CN(C)CCCN(CCC(=O)OCCOC(=O)C(C)CSCCO)C,0.05775473795707141
CN(C)CCCN(CCC(=O)OCCOC(=O)C(C)CSCC(O)CO)C,0.0016754128420179131
CN(C)CCCN(CCC(=O)OCCOC(=O)C(C)CSCCCO)C,0.08774127642593581
CN(C)CCCN(CCC(=O)OCCOC(=O)C(C)CSCCCCO)C,0.10851126461843863
CN(C)CCCN(CCC(=O)OCCOC(=O)C(C)CSCCCCCCO)C,0.11593514466449274
CN(C)CCCN(CCC(=O)OCCOC(=O)C(C)CSCCCCCCCCCCCO)C,0.15116599002731754
CN(CCC(=O)OCCOC(=O)C(C)CSCC(C)C)CCCCCCCCCCCC,0.23000220651064934
CN(CCC(=O)OCCOC(=O)C(C)CSCCCCCCCCCC)CCCCCCCCCCCC,0.26980439400370954
CN(CCC(=O)OCCOC(=O)C(C)CSCCCCCCCCCCC)CCCCCCCCCCCC,0.2700560310981042
CN(CCC(=O)OCCOC(=O)C(C)CSCCCCCCCCCCCC)CCCCCCCCCCCC,0.2702951419100156
CN(CCC(=O)OCCOC(=O)C(C)CSCCCCCCCCCCCCCC)CCCCCCCCCCCC,0.27076528303027
CN(CCC(=O)OCCOC(=O)C(C)CSCCCCCCCCCCCCCCCC)CCCCCCCCCCCC,0.27127381405223583
CN(CCC(=O)OCCOC(=O)C(C)CSCCCCCCCCCCCCCCCCCC)CCCCCCCCCCCC,0.2718239191148656
CN(CCC(=O)OCCOC(=O)C(C)CSCCc5ccccc5)CCCCCCCCCCCC,0.032361665376353585
CN(CCC(=O)OCCOC(=O)C(C)CSCCC(C)C)CCCCCCCCCCCC,0.19456479764303702
CN(CCC(=O)OCCOC(=O)C(C)CSCCCC)CCCCCCCCCCCC,0.25703362371913757
CN(CCC(=O)OCCOC(=O)C(C)CSCCCCC)CCCCCCCCCCCC,0.26247675906335444
CN(CCC(=O)OCCOC(=O)C(C)CSCCCCCC)CCCCCCCCCCCC,0.2584096824104502
CN(CCC(=O)OCCOC(=O)C(C)CSCCCCCCC)CCCCCCCCCCCC,0.2614934008298455
CN(CCC(=O)OCCOC(=O)C(C)CSCCCCCCCC)CCCCCCCCCCCC,0.26763683647030484
CN(CCC(=O)OCCOC(=O)C(C)CSCCCCCCCCC)CCCCCCCCCCCC,0.269539209299243
CN(CCC(=O)OCCOC(=O)C(C)CSCCN(C)C)CCCCCCCCCCCC,0.14465460610355388
CN(CCC(=O)OCCOC(=O)C(C)CSCCCC(=O)N(C)CCCN(C)C)CCCCCCCCCCCC,0.18158369395331386
CN(CCC(=O)OCCOC(=O)C(C)CSCCCC(=O)N(C)CCN5(CCCCC5))CCCCCCCCCCCC,0.17887071744856806
CN(CCC(=O)OCCOC(=O)C(C)CSCCNCCCC)CCCCCCCCCCCC,0.23593792214302234
CN(CCC(=O)OCCOC(=O)C(C)CSCCN(CC)CC)CCCCCCCCCCCC,0.16272309270715893
CN(CCC(=O)OCCOC(=O)C(C)CSCCN5CCCC5)CCCCCCCCCCCC,0.15893847321058668
CN(CCC(=O)OCCOC(=O)C(C)CSCCN5CCCCC5)CCCCCCCCCCCC,0.15609810110869063
CN(CCC(=O)OCCOC(=O)C(C)CSCCN5CCCCCC5)CCCCCCCCCCCC,0.15227220796192162
CN(CCC(=O)OCCOC(=O)C(C)CSCCN(CCC)CCC)CCCCCCCCCCCC,0.16666744483467824
CN(CCC(=O)OCCOC(=O)C(C)CSCCN(CCCC)CCCC)CCCCCCCCCCCC,0.22979254898404938
CN(CCC(=O)OCCOC(=O)C(C)CSCCCC(=O)N5CCN(CCO)CC5)CCCCCCCCCCCC,0.09762856857656489
CN(CCC(=O)OCCOC(=O)C(C)CSCCC(O)=O)CCCCCCCCCCCC,0.19449548254272478
CN(CCC(=O)OCCOC(=O)C(C)CSCCCCCC(O)=O)CCCCCCCCCCCC,0.22597829596788538
CN(CCC(=O)OCCOC(=O)C(C)CSCCCCCCCCCCC(O)=O)CCCCCCCCCCCC,0.23559031029434915
CN(CCC(=O)OCCOC(=O)C(C)CSCCO)CCCCCCCCCCCC,0.16058461297098162
CN(CCC(=O)OCCOC(=O)C(C)CSCC(O)CO)CCCCCCCCCCCC,0.09848414070531614
CN(CCC(=O)OCCOC(=O)C(C)CSCCCO)CCCCCCCCCCCC,0.18461232076102005
CN(CCC(=O)OCCOC(=O)C(C)CSCCCCO)CCCCCCCCCCCC,0.20054642795832542
CN(CCC(=O)OCCOC(=O)C(C)CSCCCCCCO)CCCCCCCCCCCC,0.2025763315601241
CN(CCC(=O)OCCOC(=O)C(C)CSCCCCCCCCCCCO)CCCCCCCCCCCC,0.22692607295055145
CCCCCCCCN(CCC(=O)OCCOC(=O)C(C)CSCC(C)C)CCCCCCCC,0.2624828569898391
CCCCCCCCN(CCC(=O)OCCOC(=O)C(C)CSCCCCCCCCCC)CCCCCCCC,0.30164608392006426
CCCCCCCCN(CCC(=O)OCCOC(=O)C(C)CSCCCCCCCCCCC)CCCCCCCC,0.3012152639119697
CCCCCCCCN(CCC(=O)OCCOC(=O)C(C)CSCCCCCCCCCCCC)CCCCCCCC,0.30080429971375866
CCCCCCCCN(CCC(=O)OCCOC(=O)C(C)CSCCCCCCCCCCCCCC)CCCCCCCC,0.29996876362917135
CCCCCCCCN(CCC(=O)OCCOC(=O)C(C)CSCCCCCCCCCCCCCCCC)CCCCCCCC,0.29926801274722803
CCCCCCCCN(CCC(=O)OCCOC(=O)C(C)CSCCCCCCCCCCCCCCCCCC)CCCCCCCC,0.2986299233167479
CCCCCCCCN(CCC(=O)OCCOC(=O)C(C)CSCCc5ccccc5)CCCCCCCC,0.06495892743492027
CCCCCCCCN(CCC(=O)OCCOC(=O)C(C)CSCCC(C)C)CCCCCCCC,0.2244908074327555
CCCCCCCCN(CCC(=O)OCCOC(=O)C(C)CSCCCC)CCCCCCCC,0.292484174669691
CCCCCCCCN(CCC(=O)OCCOC(=O)C(C)CSCCCCC)CCCCCCCC,0.29784488286970123
CCCCCCCCN(CCC(=O)OCCOC(=O)C(C)CSCCCCCC)CCCCCCCC,0.29345107150559596
CCCCCCCCN(CCC(=O)OCCOC(=O)C(C)CSCCCCCCC)CCCCCCCC,0.29662136245764564
CCCCCCCCN(CCC(=O)OCCOC(=O)C(C)CSCCCCCCCC)CCCCCCCC,0.3011613738621495
CCCCCCCCN(CCC(=O)OCCOC(=O)C(C)CSCCCCCCCCC)CCCCCCCC,0.30209859211989254
CCCCCCCCN(CCC(=O)OCCOC(=O)C(C)CSCCN(C)C)CCCCCCCC,0.17691492017503388
CCCCCCCCN(CCC(=O)OCCOC(=O)C(C)CSCCCC(=O)N(C)CCCN(C)C)CCCCCCCC,0.20709624684237055
CCCCCCCCN(CCC(=O)OCCOC(=O)C(C)CSCCCC(=O)N(C)CCN5(CCCCC5))CCCCCCCC,0.20336394034566563
CCCCCCCCN(CCC(=O)OCCOC(=O)C(C)CSCCNCCCC)CCCCCCCC,0.26825245669383646
CCCCCCCCN(CCC(=O)OCCOC(=O)C(C)CSCCN(CC)CC)CCCCCCCC,0.19318516430516441
CCCCCCCCN(CCC(=O)OCCOC(=O)C(C)CSCCN5CCCC5)CCCCCCCC,0.18984064688212404
CCCCCCCCN(CCC(=O)OCCOC(=O)C(C)CSCCN5CCCCC5)CCCCCCCC,0.18610204720513074
CCCCCCCCN(CCC(=O)OCCOC(=O)C(C)CSCCN5CCCCCC5)CCCCCCCC,0.18151035362074078
CCCCCCCCN(CCC(=O)OCCOC(=O)C(C)CSCCN(CCC)CCC)CCCCCCCC,0.19557999726607184
CCCCCCCCN(CCC(=O)OCCOC(=O)C(C)CSCCN(CCCC)CCCC)CCCCCCCC,0.2582252727026205
CCCCCCCCN(CCC(=O)OCCOC(=O)C(C)CSCCCC(=O)N5CCN(CCO)CC5)CCCCCCCC,0.12511549788955367
CCCCCCCCN(CCC(=O)OCCOC(=O)C(C)CSCCC(O)=O)CCCCCCCC,0.22692460103726206
CCCCCCCCN(CCC(=O)OCCOC(=O)C(C)CSCCCCCC(O)=O)CCCCCCCC,0.2573657053806552
CCCCCCCCN(CCC(=O)OCCOC(=O)C(C)CSCCCCCCCCCCC(O)=O)CCCCCCCC,0.2649574135807481
CCCCCCCCN(CCC(=O)OCCOC(=O)C(C)CSCCO)CCCCCCCC,0.19535877470648372
CCCCCCCCN(CCC(=O)OCCOC(=O)C(C)CSCC(O)CO)CCCCCCCC,0.1340552834089372
CCCCCCCCN(CCC(=O)OCCOC(=O)C(C)CSCCCO)CCCCCCCC,0.2172879997510559
CCCCCCCCN(CCC(=O)OCCOC(=O)C(C)CSCCCCO)CCCCCCCC,0.2327933295954438
CCCCCCCCN(CCC(=O)OCCOC(=O)C(C)CSCCCCCCO)CCCCCCCC,0.23352803961970692
CCCCCCCCN(CCC(=O)OCCOC(=O)C(C)CSCCCCCCCCCCCO)CCCCCCCC,0.2575937618233727
CCCCCCCCCCN(CCC(=O)OCCOC(=O)C(C)CSCC(C)C)CCCCCCCCCC,0.2618932205417224
CCCCCCCCCCN(CCC(=O)OCCOC(=O)C(C)CSCCCCCCCCCC)CCCCCCCCCC,0.30011673597332655
CCCCCCCCCCN(CCC(=O)OCCOC(=O)C(C)CSCCCCCCCCCCC)CCCCCCCCCC,0.29975013944712475
CCCCCCCCCCN(CCC(=O)OCCOC(=O)C(C)CSCCCCCCCCCCCC)CCCCCCCCCC,0.2994061022450115
CCCCCCCCCCN(CCC(=O)OCCOC(=O)C(C)CSCCCCCCCCCCCCCC)CCCCCCCCCC,0.2987623955127943
CCCCCCCCCCN(CCC(=O)OCCOC(=O)C(C)CSCCCCCCCCCCCCCCCC)CCCCCCCCCC,0.29816888402765046
CCCCCCCCCCN(CCC(=O)OCCOC(=O)C(C)CSCCCCCCCCCCCCCCCCCC)CCCCCCCCCC,0.2975841739831963
CCCCCCCCCCN(CCC(=O)OCCOC(=O)C(C)CSCCc5ccccc5)CCCCCCCCCC,0.07958177016469352
CCCCCCCCCCN(CCC(=O)OCCOC(=O)C(C)CSCCC(C)C)CCCCCCCCCC,0.22677291887083662
CCCCCCCCCCN(CCC(=O)OCCOC(=O)C(C)CSCCCC)CCCCCCCCCC,0.29137765634461965
CCCCCCCCCCN(CCC(=O)OCCOC(=O)C(C)CSCCCCC)CCCCCCCCCC,0.29622950309315016
CCCCCCCCCCN(CCC(=O)OCCOC(=O)C(C)CSCCCCCC)CCCCCCCCCC,0.292264829550523
CCCCCCCCCCN(CCC(=O)OCCOC(=O)C(C)CSCCCCCCC)CCCCCCCCCC,0.2951611043183697
CCCCCCCCCCN(CCC(=O)OCCOC(=O)C(C)CSCCCCCCCC)CCCCCCCCCC,0.2995687036049206
CCCCCCCCCCN(CCC(=O)OCCOC(=O)C(C)CSCCCCCCCCC)CCCCCCCCCC,0.3005261681801547
CCCCCCCCCCN(CCC(=O)OCCOC(=O)C(C)CSCCN(C)C)CCCCCCCCCC,0.18333084000831332
CCCCCCCCCCN(CCC(=O)OCCOC(=O)C(C)CSCCCC(=O)N(C)CCCN(C)C)CCCCCCCCCC,0.20994843930915194
CCCCCCCCCCN(CCC(=O)OCCOC(=O)C(C)CSCCCC(=O)N(C)CCN5(CCCCC5))CCCCCCCCCC,0.20580557414136674
CCCCCCCCCCN(CCC(=O)OCCOC(=O)C(C)CSCCNCCCC)CCCCCCCCCC,0.2695665448317605
CCCCCCCCCCN(CCC(=O)OCCOC(=O)C(C)CSCCN(CC)CC)CCCCCCCCCC,0.19774229796630008
CCCCCCCCCCN(CCC(=O)OCCOC(=O)C(C)CSCCN5CCCC5)CCCCCCCCCC,0.19421596921297157
CCCCCCCCCCN(CCC(=O)OCCOC(=O)C(C)CSCCN5CCCCC5)CCCCCCCCCC,0.1905992830071017
CCCCCCCCCCN(CCC(=O)OCCOC(=O)C(C)CSCCN5CCCCCC5)CCCCCCCCCC,0.1860164809805416
CCCCCCCCCCN(CCC(=O)OCCOC(=O)C(C)CSCCN(CCC)CCC)CCCCCCCCCC,0.19972385372239887
CCCCCCCCCCN(CCC(=O)OCCOC(=O)C(C)CSCCN(CCCC)CCCC)CCCCCCCCCC,0.26032845655889886
CCCCCCCCCCN(CCC(=O)OCCOC(=O)C(C)CSCCCC(=O)N5CCN(CCO)CC5)CCCCCCCCCC,0.13330339104994876
CCCCCCCCCCN(CCC(=O)OCCOC(=O)C(C)CSCCC(O)=O)CCCCCCCCCC,0.22922846074517025
CCCCCCCCCCN(CCC(=O)OCCOC(=O)C(C)CSCCCCCC(O)=O)CCCCCCCCCC,0.25734368675940755
CCCCCCCCCCN(CCC(=O)OCCOC(=O)C(C)CSCCCCCCCCCCC(O)=O)CCCCCCCCCC,0.26630736834045887
CCCCCCCCCCN(CCC(=O)OCCOC(=O)C(C)CSCCO)CCCCCCCCCC,0.20012265210668725
CCCCCCCCCCN(CCC(=O)OCCOC(=O)C(C)CSCC(O)CO)CCCCCCCCCC,0.14336427885158737
CCCCCCCCCCN(CCC(=O)OCCOC(=O)C(C)CSCCCO)CCCCCCCCCC,0.22015847097776792
CCCCCCCCCCN(CCC(=O)OCCOC(=O)C(C)CSCCCCO)CCCCCCCCCC,0.23432333840120942
CCCCCCCCCCN(CCC(=O)OCCOC(=O)C(C)CSCCCCCCO)CCCCCCCCCC,0.2352085590690758
CCCCCCCCCCN(CCC(=O)OCCOC(=O)C(C)CSCCCCCCCCCCCO)CCCCCCCCCC,0.2596536594133238
N(CCC(=O)OCCOC(=O)C(C)CSCC(C)C)(CCC(=O)OCCOC(=O)C(C)CSCC(C)C)CC1CCN(C)CC1,0.06097763478969391
N(CCC(=O)OCCOC(=O)C(C)CSCCCCCCCCCC)(CCC(=O)OCCOC(=O)C(C)CSCCCCCCCCCC)CC1CCN(C)CC1,0.1263920522385979
N(CCC(=O)OCCOC(=O)C(C)CSCCCCCCCCCCC)(CCC(=O)OCCOC(=O)C(C)CSCCCCCCCCCCC)CC1CCN(C)CC1,0.12961729962662644
N(CCC(=O)OCCOC(=O)C(C)CSCCCCCCCCCCCC)(CCC(=O)OCCOC(=O)C(C)CSCCCCCCCCCCCC)CC1CCN(C)CC1,0.13269000873539794
N(CCC(=O)OCCOC(=O)C(C)CSCCCCCCCCCCCCCC)(CCC(=O)OCCOC(=O)C(C)CSCCCCCCCCCCCCCC)CC1CCN(C)CC1,0.13854919989624528
N(CCC(=O)OCCOC(=O)C(C)CSCCCCCCCCCCCCCCCC)(CCC(=O)OCCOC(=O)C(C)CSCCCCCCCCCCCCCCCC)CC1CCN(C)CC1,0.14392564855673812
N(CCC(=O)OCCOC(=O)C(C)CSCCCCCCCCCCCCCCCCCC)(CCC(=O)OCCOC(=O)C(C)CSCCCCCCCCCCCCCCCCCC)CC1CCN(C)CC1,0.14916106389286865
N(CCC(=O)OCCOC(=O)C(C)CSCCc5ccccc5)(CCC(=O)OCCOC(=O)C(C)CSCCc5ccccc5)CC1CCN(C)CC1,-0.08897875836249218
N(CCC(=O)OCCOC(=O)C(C)CSCCC(C)C)(CCC(=O)OCCOC(=O)C(C)CSCCC(C)C)CC1CCN(C)CC1,0.027844964272106445
N(CCC(=O)OCCOC(=O)C(C)CSCCCC)(CCC(=O)OCCOC(=O)C(C)CSCCCC)CC1CCN(C)CC1,0.08818373656463539
N(CCC(=O)OCCOC(=O)C(C)CSCCCCC)(CCC(=O)OCCOC(=O)C(C)CSCCCCC)CC1CCN(C)CC1,0.09964603601302045
N(CCC(=O)OCCOC(=O)C(C)CSCCCCCC)(CCC(=O)OCCOC(=O)C(C)CSCCCCCC)CC1CCN(C)CC1,0.10098739960536854
N(CCC(=O)OCCOC(=O)C(C)CSCCCCCCC)(CCC(=O)OCCOC(=O)C(C)CSCCCCCCC)CC1CCN(C)CC1,0.10894815251397118
N(CCC(=O)OCCOC(=O)C(C)CSCCCCCCCC)(CCC(=O)OCCOC(=O)C(C)CSCCCCCCCC)CC1CCN(C)CC1,0.11820147058352115
N(CCC(=O)OCCOC(=O)C(C)CSCCCCCCCCC)(CCC(=O)OCCOC(=O)C(C)CSCCCCCCCCC)CC1CCN(C)CC1,0.12307209173625319
N(CCC(=O)OCCOC(=O)C(C)CSCCN(C)C)(CCC(=O)OCCOC(=O)C(C)CSCCN(C)C)CC1CCN(C)CC1,-0.01985844624871404
N(CCC(=O)OCCOC(=O)C(C)CSCCCC(=O)N(C)CCCN(C)C)(CCC(=O)OCCOC(=O)C(C)CSCCCC(=O)N(C)CCCN(C)C)CC1CCN(C)CC1,0.0513267799758179
N(CCC(=O)OCCOC(=O)C(C)CSCCCC(=O)N(C)CCN5(CCCCC5))(CCC(=O)OCCOC(=O)C(C)CSCCCC(=O)N(C)CCN5(CCCCC5))CC1CCN(C)CC1,0.058318916313090705
N(CCC(=O)OCCOC(=O)C(C)CSCCNCCCC)(CCC(=O)OCCOC(=O)C(C)CSCCNCCCC)CC1CCN(C)CC1,0.08417744392277421
N(CCC(=O)OCCOC(=O)C(C)CSCCN(CC)CC)(CCC(=O)OCCOC(=O)C(C)CSCCN(CC)CC)CC1CCN(C)CC1,0.008310767442245372
N(CCC(=O)OCCOC(=O)C(C)CSCCN5CCCC5)(CCC(=O)OCCOC(=O)C(C)CSCCN5CCCC5)CC1CCN(C)CC1,0.0076048798833125136
N(CCC(=O)OCCOC(=O)C(C)CSCCN5CCCCC5)(CCC(=O)OCCOC(=O)C(C)CSCCN5CCCCC5)CC1CCN(C)CC1,0.010831704321293989
N(CCC(=O)OCCOC(=O)C(C)CSCCN5CCCCCC5)(CCC(=O)OCCOC(=O)C(C)CSCCN5CCCCCC5)CC1CCN(C)CC1,0.012811622949346381
N(CCC(=O)OCCOC(=O)C(C)CSCCN(CCC)CCC)(CCC(=O)OCCOC(=O)C(C)CSCCN(CCC)CCC)CC1CCN(C)CC1,0.017929405378511457
N(CCC(=O)OCCOC(=O)C(C)CSCCN(CCCC)CCCC)(CCC(=O)OCCOC(=O)C(C)CSCCN(CCCC)CCCC)CC1CCN(C)CC1,0.0956727262444606
N(CCC(=O)OCCOC(=O)C(C)CSCCCC(=O)N5CCN(CCO)CC5)(CCC(=O)OCCOC(=O)C(C)CSCCCC(=O)N5CCN(CCO)CC5)CC1CCN(C)CC1,-0.0235616223798598
N(CCC(=O)OCCOC(=O)C(C)CSCCC(O)=O)(CCC(=O)OCCOC(=O)C(C)CSCCC(O)=O)CC1CCN(C)CC1,0.02229572350510391
N(CCC(=O)OCCOC(=O)C(C)CSCCCCCC(O)=O)(CCC(=O)OCCOC(=O)C(C)CSCCCCCC(O)=O)CC1CCN(C)CC1,0.07488594622483989
N(CCC(=O)OCCOC(=O)C(C)CSCCCCCCCCCCC(O)=O)(CCC(=O)OCCOC(=O)C(C)CSCCCCCCCCCCC(O)=O)CC1CCN(C)CC1,0.10415238866567168
N(CCC(=O)OCCOC(=O)C(C)CSCCO)(CCC(=O)OCCOC(=O)C(C)CSCCO)CC1CCN(C)CC1,-0.0198804873992467
N(CCC(=O)OCCOC(=O)C(C)CSCC(O)CO)(CCC(=O)OCCOC(=O)C(C)CSCC(O)CO)CC1CCN(C)CC1,-0.0633922117915962
N(CCC(=O)OCCOC(=O)C(C)CSCCCO)(CCC(=O)OCCOC(=O)C(C)CSCCCO)CC1CCN(C)CC1,0.011432335060511084
N(CCC(=O)OCCOC(=O)C(C)CSCCCCO)(CCC(=O)OCCOC(=O)C(C)CSCCCCO)CC1CCN(C)CC1,0.034643341248257215
N(CCC(=O)OCCOC(=O)C(C)CSCCCCCCO)(CCC(=O)OCCOC(=O)C(C)CSCCCCCCO)CC1CCN(C)CC1,0.045990673755073444
N(CCC(=O)OCCOC(=O)C(C)CSCCCCCCCCCCCO)(CCC(=O)OCCOC(=O)C(C)CSCCCCCCCCCCCO)CC1CCN(C)CC1,0.09386538193982918
CCN(CCC(=O)OCCOC(=O)C(C)CSCC(C)C)CCN(CCC(=O)OCCOC(=O)C(C)CSCC(C)C)CC,0.19751952839580578
CCN(CCC(=O)OCCOC(=O)C(C)CSCCCCCCCCCC)CCN(CCC(=O)OCCOC(=O)C(C)CSCCCCCCCCCC)CC,0.24659858457104641
CCN(CCC(=O)OCCOC(=O)C(C)CSCCCCCCCCCCC)CCN(CCC(=O)OCCOC(=O)C(C)CSCCCCCCCCCCC)CC,0.24669380834915686
CCN(CCC(=O)OCCOC(=O)C(C)CSCCCCCCCCCCCC)CCN(CCC(=O)OCCOC(=O)C(C)CSCCCCCCCCCCCC)CC,0.24679293720334125
CCN(CCC(=O)OCCOC(=O)C(C)CSCCCCCCCCCCCCCC)CCN(CCC(=O)OCCOC(=O)C(C)CSCCCCCCCCCCCCCC)CC,0.24739397346968908
CCN(CCC(=O)OCCOC(=O)C(C)CSCCCCCCCCCCCCCCCC)CCN(CCC(=O)OCCOC(=O)C(C)CSCCCCCCCCCCCCCCCC)CC,0.24944630121986613
CCN(CCC(=O)OCCOC(=O)C(C)CSCCCCCCCCCCCCCCCCCC)CCN(CCC(=O)OCCOC(=O)C(C)CSCCCCCCCCCCCCCCCCCC)CC,0.2512311012199323
CCN(CCC(=O)OCCOC(=O)C(C)CSCCc5ccccc5)CCN(CCC(=O)OCCOC(=O)C(C)CSCCc5ccccc5)CC,-0.03357444019698068
CCN(CCC(=O)OCCOC(=O)C(C)CSCCC(C)C)CCN(CCC(=O)OCCOC(=O)C(C)CSCCC(C)C)CC,0.1490209767984781
CCN(CCC(=O)OCCOC(=O)C(C)CSCCCC)CCN(CCC(=O)OCCOC(=O)C(C)CSCCCC)CC,0.2310859402187816
CCN(CCC(=O)OCCOC(=O)C(C)CSCCCCC)CCN(CCC(=O)OCCOC(=O)C(C)CSCCCCC)CC,0.238150793578408
CCN(CCC(=O)OCCOC(=O)C(C)CSCCCCCC)CCN(CCC(=O)OCCOC(=O)C(C)CSCCCCCC)CC,0.23366314023234153
CCN(CCC(=O)OCCOC(=O)C(C)CSCCCCCCC)CCN(CCC(=O)OCCOC(=O)C(C)CSCCCCCCC)CC,0.2377238035487705
CCN(CCC(=O)OCCOC(=O)C(C)CSCCCCCCCC)CCN(CCC(=O)OCCOC(=O)C(C)CSCCCCCCCC)CC,0.2445737425486205
CCN(CCC(=O)OCCOC(=O)C(C)CSCCCCCCCCC)CCN(CCC(=O)OCCOC(=O)C(C)CSCCCCCCCCC)CC,0.2465458660440484
CCN(CCC(=O)OCCOC(=O)C(C)CSCCN(C)C)CCN(CCC(=O)OCCOC(=O)C(C)CSCCN(C)C)CC,0.08325055909710366
CCN(CCC(=O)OCCOC(=O)C(C)CSCCCC(=O)N(C)CCCN(C)C)CCN(CCC(=O)OCCOC(=O)C(C)CSCCCC(=O)N(C)CCCN(C)C)CC,0.14429565451474294
CCN(CCC(=O)OCCOC(=O)C(C)CSCCCC(=O)N(C)CCN5(CCCCC5))CCN(CCC(=O)OCCOC(=O)C(C)CSCCCC(=O)N(C)CCN5(CCCCC5))CC,0.1461952036732892
CCN(CCC(=O)OCCOC(=O)C(C)CSCCNCCCC)CCN(CCC(=O)OCCOC(=O)C(C)CSCCNCCCC)CC,0.20834375343323408
CCN(CCC(=O)OCCOC(=O)C(C)CSCCN(CC)CC)CCN(CCC(=O)OCCOC(=O)C(C)CSCCN(CC)CC)CC,0.11141634082697502
CCN(CCC(=O)OCCOC(=O)C(C)CSCCN5CCCC5)CCN(CCC(=O)OCCOC(=O)C(C)CSCCN5CCCC5)CC,0.10935453575755699
CCN(CCC(=O)OCCOC(=O)C(C)CSCCN5CCCCC5)CCN(CCC(=O)OCCOC(=O)C(C)CSCCN5CCCCC5)CC,0.10822307000418262
CCN(CCC(=O)OCCOC(=O)C(C)CSCCN5CCCCCC5)CCN(CCC(=O)OCCOC(=O)C(C)CSCCN5CCCCCC5)CC,0.10560489673089316
CCN(CCC(=O)OCCOC(=O)C(C)CSCCN(CCC)CCC)CCN(CCC(=O)OCCOC(=O)C(C)CSCCN(CCC)CCC)CC,0.11912189701414636
CCN(CCC(=O)OCCOC(=O)C(C)CSCCN(CCCC)CCCC)CCN(CCC(=O)OCCOC(=O)C(C)CSCCN(CCCC)CCCC)CC,0.20339373908001437
CCN(CCC(=O)OCCOC(=O)C(C)CSCCCC(=O)N5CCN(CCO)CC5)CCN(CCC(=O)OCCOC(=O)C(C)CSCCCC(=O)N5CCN(CCO)CC5)CC,0.042916905769904964
CCN(CCC(=O)OCCOC(=O)C(C)CSCCC(O)=O)CCN(CCC(=O)OCCOC(=O)C(C)CSCCC(O)=O)CC,0.14856481885447304
CCN(CCC(=O)OCCOC(=O)C(C)CSCCCCCC(O)=O)CCN(CCC(=O)OCCOC(=O)C(C)CSCCCCCC(O)=O)CC,0.19493421783963075
CCN(CCC(=O)OCCOC(=O)C(C)CSCCCCCCCCCCC(O)=O)CCN(CCC(=O)OCCOC(=O)C(C)CSCCCCCCCCCCC(O)=O)CC,0.2092501816680866
CCN(CCC(=O)OCCOC(=O)C(C)CSCCO)CCN(CCC(=O)OCCOC(=O)C(C)CSCCO)CC,0.10058511669166036
CCN(CCC(=O)OCCOC(=O)C(C)CSCC(O)CO)CCN(CCC(=O)OCCOC(=O)C(C)CSCC(O)CO)CC,0.025181492116359398
CCN(CCC(=O)OCCOC(=O)C(C)CSCCCO)CCN(CCC(=O)OCCOC(=O)C(C)CSCCCO)CC,0.13597315638598417
CCN(CCC(=O)OCCOC(=O)C(C)CSCCCCO)CCN(CCC(=O)OCCOC(=O)C(C)CSCCCCO)CC,0.1597613328174571
CCN(CCC(=O)OCCOC(=O)C(C)CSCCCCCCO)CCN(CCC(=O)OCCOC(=O)C(C)CSCCCCCCO)CC,0.16425871881466164
CCN(CCC(=O)OCCOC(=O)C(C)CSCCCCCCCCCCCO)CCN(CCC(=O)OCCOC(=O)C(C)CSCCCCCCCCCCCO)CC,0.19889295867053017
CN(CCC(=O)OCCOC(=O)C(C)CSCC(C)C)CCCN(C)CCCN(CCC(=O)OCCOC(=O)C(C)CSCC(C)C)C,0.2189601383063892
CN(CCC(=O)OCCOC(=O)C(C)CSCCCCCCCCCC)CCCN(C)CCCN(CCC(=O)OCCOC(=O)C(C)CSCCCCCCCCCC)C,0.26187669906602506
CN(CCC(=O)OCCOC(=O)C(C)CSCCCCCCCCCCC)CCCN(C)CCCN(CCC(=O)OCCOC(=O)C(C)CSCCCCCCCCCCC)C,0.2614331124630734
CN(CCC(=O)OCCOC(=O)C(C)CSCCCCCCCCCCCC)CCCN(C)CCCN(CCC(=O)OCCOC(=O)C(C)CSCCCCCCCCCCCC)C,0.26102043603919917
CN(CCC(=O)OCCOC(=O)C(C)CSCCCCCCCCCCCCCC)CCCN(C)CCCN(CCC(=O)OCCOC(=O)C(C)CSCCCCCCCCCCCCCC)C,0.2603395710061862
CN(CCC(=O)OCCOC(=O)C(C)CSCCCCCCCCCCCCCCCC)CCCN(C)CCCN(CCC(=O)OCCOC(=O)C(C)CSCCCCCCCCCCCCCCCC)C,0.2611250019608403
CN(CCC(=O)OCCOC(=O)C(C)CSCCCCCCCCCCCCCCCCCC)CCCN(C)CCCN(CCC(=O)OCCOC(=O)C(C)CSCCCCCCCCCCCCCCCCCC)C,0.26234936346620413
CN(CCC(=O)OCCOC(=O)C(C)CSCCc5ccccc5)CCCN(C)CCCN(CCC(=O)OCCOC(=O)C(C)CSCCc5ccccc5)C,-0.00847659840785351
CN(CCC(=O)OCCOC(=O)C(C)CSCCC(C)C)CCCN(C)CCCN(CCC(=O)OCCOC(=O)C(C)CSCCC(C)C)C,0.17254079940605524
CN(CCC(=O)OCCOC(=O)C(C)CSCCCC)CCCN(C)CCCN(CCC(=O)OCCOC(=O)C(C)CSCCCC)C,0.25029250116603996
CN(CCC(=O)OCCOC(=O)C(C)CSCCCCC)CCCN(C)CCCN(CCC(=O)OCCOC(=O)C(C)CSCCCCC)C,0.256532211951245
CN(CCC(=O)OCCOC(=O)C(C)CSCCCCCC)CCCN(C)CCCN(CCC(=O)OCCOC(=O)C(C)CSCCCCCC)C,0.25181196626640595
CN(CCC(=O)OCCOC(=O)C(C)CSCCCCCCC)CCCN(C)CCCN(CCC(=O)OCCOC(=O)C(C)CSCCCCCCC)C,0.2551292983521624
CN(CCC(=O)OCCOC(=O)C(C)CSCCCCCCCC)CCCN(C)CCCN(CCC(=O)OCCOC(=O)C(C)CSCCCCCCCC)C,0.261091688658025
CN(CCC(=O)OCCOC(=O)C(C)CSCCCCCCCCC)CCCN(C)CCCN(CCC(=O)OCCOC(=O)C(C)CSCCCCCCCCC)C,0.2623562724469503
CN(CCC(=O)OCCOC(=O)C(C)CSCCN(C)C)CCCN(C)CCCN(CCC(=O)OCCOC(=O)C(C)CSCCN(C)C)C,0.11098083472759171
CN(CCC(=O)OCCOC(=O)C(C)CSCCCC(=O)N(C)CCCN(C)C)CCCN(C)CCCN(CCC(=O)OCCOC(=O)C(C)CSCCCC(=O)N(C)CCCN(C)C)C,0.16214725920101128
CN(CCC(=O)OCCOC(=O)C(C)CSCCCC(=O)N(C)CCN5(CCCCC5))CCCN(C)CCCN(CCC(=O)OCCOC(=O)C(C)CSCCCC(=O)N(C)CCN5(CCCCC5))C,0.1622863399873366
CN(CCC(=O)OCCOC(=O)C(C)CSCCNCCCC)CCCN(C)CCCN(CCC(=O)OCCOC(=O)C(C)CSCCNCCCC)C,0.22610857531352102
CN(CCC(=O)OCCOC(=O)C(C)CSCCN(CC)CC)CCCN(C)CCCN(CCC(=O)OCCOC(=O)C(C)CSCCN(CC)CC)C,0.13521734393139848
CN(CCC(=O)OCCOC(=O)C(C)CSCCN5CCCC5)CCCN(C)CCCN(CCC(=O)OCCOC(=O)C(C)CSCCN5CCCC5)C,0.1325893929484008
CN(CCC(=O)OCCOC(=O)C(C)CSCCN5CCCCC5)CCCN(C)CCCN(CCC(=O)OCCOC(=O)C(C)CSCCN5CCCCC5)C,0.13039036951355426
CN(CCC(=O)OCCOC(=O)C(C)CSCCN5CCCCCC5)CCCN(C)CCCN(CCC(=O)OCCOC(=O)C(C)CSCCN5CCCCCC5)C,0.1268845273900905
CN(CCC(=O)OCCOC(=O)C(C)CSCCN(CCC)CCC)CCCN(C)CCCN(CCC(=O)OCCOC(=O)C(C)CSCCN(CCC)CCC)C,0.14095284931736576
CN(CCC(=O)OCCOC(=O)C(C)CSCCN(CCCC)CCCC)CCCN(C)CCCN(CCC(=O)OCCOC(=O)C(C)CSCCN(CCCC)CCCC)C,0.21970118656951076
CN(CCC(=O)OCCOC(=O)C(C)CSCCCC(=O)N5CCN(CCO)CC5)CCCN(C)CCCN(CCC(=O)OCCOC(=O)C(C)CSCCCC(=O)N5CCN(CCO)CC5)C,0.06402313603189648
CN(CCC(=O)OCCOC(=O)C(C)CSCCC(O)=O)CCCN(C)CCCN(CCC(=O)OCCOC(=O)C(C)CSCCC(O)=O)C,0.17261696340902022
CN(CCC(=O)OCCOC(=O)C(C)CSCCCCCC(O)=O)CCCN(C)CCCN(CCC(=O)OCCOC(=O)C(C)CSCCCCCC(O)=O)C,0.2132995503029479
CN(CCC(=O)OCCOC(=O)C(C)CSCCCCCCCCCCC(O)=O)CCCN(C)CCCN(CCC(=O)OCCOC(=O)C(C)CSCCCCCCCCCCC(O)=O)C,0.22459306034779902
CN(CCC(=O)OCCOC(=O)C(C)CSCCO)CCCN(C)CCCN(CCC(=O)OCCOC(=O)C(C)CSCCO)C,0.12808575882947798
CN(CCC(=O)OCCOC(=O)C(C)CSCC(O)CO)CCCN(C)CCCN(CCC(=O)OCCOC(=O)C(C)CSCC(O)CO)C,0.05279300086586822
CN(CCC(=O)OCCOC(=O)C(C)CSCCCO)CCCN(C)CCCN(CCC(=O)OCCOC(=O)C(C)CSCCCO)C,0.16030506960218172
CN(CCC(=O)OCCOC(=O)C(C)CSCCCCO)CCCN(C)CCCN(CCC(=O)OCCOC(=O)C(C)CSCCCCO)C,0.18193016431821157
CN(CCC(=O)OCCOC(=O)C(C)CSCCCCCCO)CCCN(C)CCCN(CCC(=O)OCCOC(=O)C(C)CSCCCCCCO)C,0.18485442045808032
CN(CCC(=O)OCCOC(=O)C(C)CSCCCCCCCCCCCO)CCCN(C)CCCN(CCC(=O)OCCOC(=O)C(C)CSCCCCCCCCCCCO)C,0.21470160778919886
CN(CCC(=O)OCCOC(=O)C(C)CSCC(C)C)CCOCCN(CCC(=O)OCCOC(=O)C(C)CSCC(C)C)C,0.043963909233657256
CN(CCC(=O)OCCOC(=O)C(C)CSCCCCCCCCCC)CCOCCN(CCC(=O)OCCOC(=O)C(C)CSCCCCCCCCCC)C,0.11223265192165992
CN(CCC(=O)OCCOC(=O)C(C)CSCCCCCCCCCCC)CCOCCN(CCC(=O)OCCOC(=O)C(C)CSCCCCCCCCCCC)C,0.11588044356041101
CN(CCC(=O)OCCOC(=O)C(C)CSCCCCCCCCCCCC)CCOCCN(CCC(=O)OCCOC(=O)C(C)CSCCCCCCCCCCCC)C,0.11927095076398357
CN(CCC(=O)OCCOC(=O)C(C)CSCCCCCCCCCCCCCC)CCOCCN(CCC(=O)OCCOC(=O)C(C)CSCCCCCCCCCCCCCC)C,0.12607416402665667
CN(CCC(=O)OCCOC(=O)C(C)CSCCCCCCCCCCCCCCCC)CCOCCN(CCC(=O)OCCOC(=O)C(C)CSCCCCCCCCCCCCCCCC)C,0.13251423525350103
CN(CCC(=O)OCCOC(=O)C(C)CSCCCCCCCCCCCCCCCCCC)CCOCCN(CCC(=O)OCCOC(=O)C(C)CSCCCCCCCCCCCCCCCCCC)C,0.1383597586480896
CN(CCC(=O)OCCOC(=O)C(C)CSCCc5ccccc5)CCOCCN(CCC(=O)OCCOC(=O)C(C)CSCCc5ccccc5)C,-0.0945187320835808
CN(CCC(=O)OCCOC(=O)C(C)CSCCC(C)C)CCOCCN(CCC(=O)OCCOC(=O)C(C)CSCCC(C)C)C,0.013183281054920948
CN(CCC(=O)OCCOC(=O)C(C)CSCCCC)CCOCCN(CCC(=O)OCCOC(=O)C(C)CSCCCC)C,0.07040506668380937
CN(CCC(=O)OCCOC(=O)C(C)CSCCCCC)CCOCCN(CCC(=O)OCCOC(=O)C(C)CSCCCCC)C,0.08251685538090574
CN(CCC(=O)OCCOC(=O)C(C)CSCCCCCC)CCOCCN(CCC(=O)OCCOC(=O)C(C)CSCCCCCC)C,0.0846953621468408
CN(CCC(=O)OCCOC(=O)C(C)CSCCCCCCC)CCOCCN(CCC(=O)OCCOC(=O)C(C)CSCCCCCCC)C,0.0929802363695796
CN(CCC(=O)OCCOC(=O)C(C)CSCCCCCCCC)CCOCCN(CCC(=O)OCCOC(=O)C(C)CSCCCCCCCC)C,0.10279570515949508
CN(CCC(=O)OCCOC(=O)C(C)CSCCCCCCCCC)CCOCCN(CCC(=O)OCCOC(=O)C(C)CSCCCCCCCCC)C,0.10836138479481654
CN(CCC(=O)OCCOC(=O)C(C)CSCCN(C)C)CCOCCN(CCC(=O)OCCOC(=O)C(C)CSCCN(C)C)C,-0.031384135595445325
CN(CCC(=O)OCCOC(=O)C(C)CSCCCC(=O)N(C)CCCN(C)C)CCOCCN(CCC(=O)OCCOC(=O)C(C)CSCCCC(=O)N(C)CCCN(C)C)C,0.04030116565940002
CN(CCC(=O)OCCOC(=O)C(C)CSCCCC(=O)N(C)CCN5(CCCCC5))CCOCCN(CCC(=O)OCCOC(=O)C(C)CSCCCC(=O)N(C)CCN5(CCCCC5))C,0.046365583587455725
CN(CCC(=O)OCCOC(=O)C(C)CSCCNCCCC)CCOCCN(CCC(=O)OCCOC(=O)C(C)CSCCNCCCC)C,0.06808869571294122
CN(CCC(=O)OCCOC(=O)C(C)CSCCN(CC)CC)CCOCCN(CCC(=O)OCCOC(=O)C(C)CSCCN(CC)CC)C,-0.004551253487147878
CN(CCC(=O)OCCOC(=O)C(C)CSCCN5CCCC5)CCOCCN(CCC(=O)OCCOC(=O)C(C)CSCCN5CCCC5)C,-0.007420350427472359
CN(CCC(=O)OCCOC(=O)C(C)CSCCN5CCCCC5)CCOCCN(CCC(=O)OCCOC(=O)C(C)CSCCN5CCCCC5)C,-0.003526223586073122
CN(CCC(=O)OCCOC(=O)C(C)CSCCN5CCCCCC5)CCOCCN(CCC(=O)OCCOC(=O)C(C)CSCCN5CCCCCC5)C,-0.0007587787798577009
CN(CCC(=O)OCCOC(=O)C(C)CSCCN(CCC)CCC)CCOCCN(CCC(=O)OCCOC(=O)C(C)CSCCN(CCC)CCC)C,0.0053034833772355496
CN(CCC(=O)OCCOC(=O)C(C)CSCCN(CCCC)CCCC)CCOCCN(CCC(=O)OCCOC(=O)C(C)CSCCN(CCCC)CCCC)C,0.08244773553439717
CN(CCC(=O)OCCOC(=O)C(C)CSCCCC(=O)N5CCN(CCO)CC5)CCOCCN(CCC(=O)OCCOC(=O)C(C)CSCCCC(=O)N5CCN(CCO)CC5)C,-0.035730229933831834
CN(CCC(=O)OCCOC(=O)C(C)CSCCC(O)=O)CCOCCN(CCC(=O)OCCOC(=O)C(C)CSCCC(O)=O)C,0.004468773366433096
CN(CCC(=O)OCCOC(=O)C(C)CSCCCCCC(O)=O)CCOCCN(CCC(=O)OCCOC(=O)C(C)CSCCCCCC(O)=O)C,0.05951995249867448
CN(CCC(=O)OCCOC(=O)C(C)CSCCCCCCCCCCC(O)=O)CCOCCN(CCC(=O)OCCOC(=O)C(C)CSCCCCCCCCCCC(O)=O)C,0.09131913716391683
CN(CCC(=O)OCCOC(=O)C(C)CSCCO)CCOCCN(CCC(=O)OCCOC(=O)C(C)CSCCO)C,-0.037430860524981444
CN(CCC(=O)OCCOC(=O)C(C)CSCC(O)CO)CCOCCN(CCC(=O)OCCOC(=O)C(C)CSCC(O)CO)C,-0.0781818162892496
CN(CCC(=O)OCCOC(=O)C(C)CSCCCO)CCOCCN(CCC(=O)OCCOC(=O)C(C)CSCCCO)C,-0.006193075134576453
CN(CCC(=O)OCCOC(=O)C(C)CSCCCCO)CCOCCN(CCC(=O)OCCOC(=O)C(C)CSCCCCO)C,0.018449861902026105
CN(CCC(=O)OCCOC(=O)C(C)CSCCCCCCO)CCOCCN(CCC(=O)OCCOC(=O)C(C)CSCCCCCCO)C,0.030377376067003064
CN(CCC(=O)OCCOC(=O)C(C)CSCCCCCCCCCCCO)CCOCCN(CCC(=O)OCCOC(=O)C(C)CSCCCCCCCCCCCO)C,0.08034764569993129
N(CCC(=O)OCCOC(=O)C(C)CSCC(C)C)(CCC(=O)OCCOC(=O)C(C)CSCC(C)C)CCCN1CCN(C)CC1,0.1876068682702195
N(CCC(=O)OCCOC(=O)C(C)CSCCCCCCCCCC)(CCC(=O)OCCOC(=O)C(C)CSCCCCCCCCCC)CCCN1CCN(C)CC1,0.23320511986743966
N(CCC(=O)OCCOC(=O)C(C)CSCCCCCCCCCCC)(CCC(=O)OCCOC(=O)C(C)CSCCCCCCCCCCC)CCCN1CCN(C)CC1,0.23335010332644598
N(CCC(=O)OCCOC(=O)C(C)CSCCCCCCCCCCCC)(CCC(=O)OCCOC(=O)C(C)CSCCCCCCCCCCCC)CCCN1CCN(C)CC1,0.23364836102135403
N(CCC(=O)OCCOC(=O)C(C)CSCCCCCCCCCCCCCC)(CCC(=O)OCCOC(=O)C(C)CSCCCCCCCCCCCCCC)CCCN1CCN(C)CC1,0.23461073698072726
N(CCC(=O)OCCOC(=O)C(C)CSCCCCCCCCCCCCCCCC)(CCC(=O)OCCOC(=O)C(C)CSCCCCCCCCCCCCCCCC)CCCN1CCN(C)CC1,0.23689754952962044
N(CCC(=O)OCCOC(=O)C(C)CSCCCCCCCCCCCCCCCCCC)(CCC(=O)OCCOC(=O)C(C)CSCCCCCCCCCCCCCCCCCC)CCCN1CCN(C)CC1,0.23927287212968157
N(CCC(=O)OCCOC(=O)C(C)CSCCc5ccccc5)(CCC(=O)OCCOC(=O)C(C)CSCCc5ccccc5)CCCN1CCN(C)CC1,-0.0266778430478089
N(CCC(=O)OCCOC(=O)C(C)CSCCC(C)C)(CCC(=O)OCCOC(=O)C(C)CSCCC(C)C)CCCN1CCN(C)CC1,0.14334128396132126
N(CCC(=O)OCCOC(=O)C(C)CSCCCC)(CCC(=O)OCCOC(=O)C(C)CSCCCC)CCCN1CCN(C)CC1,0.21811476443400024
N(CCC(=O)OCCOC(=O)C(C)CSCCCCC)(CCC(=O)OCCOC(=O)C(C)CSCCCCC)CCCN1CCN(C)CC1,0.22528389834432389
N(CCC(=O)OCCOC(=O)C(C)CSCCCCCC)(CCC(=O)OCCOC(=O)C(C)CSCCCCCC)CCCN1CCN(C)CC1,0.22174972939980078
N(CCC(=O)OCCOC(=O)C(C)CSCCCCCCC)(CCC(=O)OCCOC(=O)C(C)CSCCCCCCC)CCCN1CCN(C)CC1,0.2257905669453929
N(CCC(=O)OCCOC(=O)C(C)CSCCCCCCCC)(CCC(=O)OCCOC(=O)C(C)CSCCCCCCCC)CCCN1CCN(C)CC1,0.23166552860576956
N(CCC(=O)OCCOC(=O)C(C)CSCCCCCCCCC)(CCC(=O)OCCOC(=O)C(C)CSCCCCCCCCC)CCCN1CCN(C)CC1,0.2331943208301429
N(CCC(=O)OCCOC(=O)C(C)CSCCN(C)C)(CCC(=O)OCCOC(=O)C(C)CSCCN(C)C)CCCN1CCN(C)CC1,0.08187818018901455
N(CCC(=O)OCCOC(=O)C(C)CSCCCC(=O)N(C)CCCN(C)C)(CCC(=O)OCCOC(=O)C(C)CSCCCC(=O)N(C)CCCN(C)C)CCCN1CCN(C)CC1,0.14031420416452128
N(CCC(=O)OCCOC(=O)C(C)CSCCCC(=O)N(C)CCN5(CCCCC5))(CCC(=O)OCCOC(=O)C(C)CSCCCC(=O)N(C)CCN5(CCCCC5))CCCN1CCN(C)CC1,0.14271187581534397
N(CCC(=O)OCCOC(=O)C(C)CSCCNCCCC)(CCC(=O)OCCOC(=O)C(C)CSCCNCCCC)CCCN1CCN(C)CC1,0.19875667151555002
N(CCC(=O)OCCOC(=O)C(C)CSCCN(CC)CC)(CCC(=O)OCCOC(=O)C(C)CSCCN(CC)CC)CCCN1CCN(C)CC1,0.1086106638240435
N(CCC(=O)OCCOC(=O)C(C)CSCCN5CCCC5)(CCC(=O)OCCOC(=O)C(C)CSCCN5CCCC5)CCCN1CCN(C)CC1,0.10687897285858278
N(CCC(=O)OCCOC(=O)C(C)CSCCN5CCCCC5)(CCC(=O)OCCOC(=O)C(C)CSCCN5CCCCC5)CCCN1CCN(C)CC1,0.10595073627580971
N(CCC(=O)OCCOC(=O)C(C)CSCCN5CCCCCC5)(CCC(=O)OCCOC(=O)C(C)CSCCN5CCCCCC5)CCCN1CCN(C)CC1,0.10357828240471058
N(CCC(=O)OCCOC(=O)C(C)CSCCN(CCC)CCC)(CCC(=O)OCCOC(=O)C(C)CSCCN(CCC)CCC)CCCN1CCN(C)CC1,0.11590591667203172
N(CCC(=O)OCCOC(=O)C(C)CSCCN(CCCC)CCCC)(CCC(=O)OCCOC(=O)C(C)CSCCN(CCCC)CCCC)CCCN1CCN(C)CC1,0.1949727429170524
N(CCC(=O)OCCOC(=O)C(C)CSCCCC(=O)N5CCN(CCO)CC5)(CCC(=O)OCCOC(=O)C(C)CSCCCC(=O)N5CCN(CCO)CC5)CCCN1CCN(C)CC1,0.044881602111030705
N(CCC(=O)OCCOC(=O)C(C)CSCCC(O)=O)(CCC(=O)OCCOC(=O)C(C)CSCCC(O)=O)CCCN1CCN(C)CC1,0.14295833117417903
N(CCC(=O)OCCOC(=O)C(C)CSCCCCCC(O)=O)(CCC(=O)OCCOC(=O)C(C)CSCCCCCC(O)=O)CCCN1CCN(C)CC1,0.18616931965026584
N(CCC(=O)OCCOC(=O)C(C)CSCCCCCCCCCCC(O)=O)(CCC(=O)OCCOC(=O)C(C)CSCCCCCCCCCCC(O)=O)CCCN1CCN(C)CC1,0.20064875597098572
N(CCC(=O)OCCOC(=O)C(C)CSCCO)(CCC(=O)OCCOC(=O)C(C)CSCCO)CCCN1CCN(C)CC1,0.09824423385866661
N(CCC(=O)OCCOC(=O)C(C)CSCC(O)CO)(CCC(=O)OCCOC(=O)C(C)CSCC(O)CO)CCCN1CCN(C)CC1,0.029356296300572324
N(CCC(=O)OCCOC(=O)C(C)CSCCCO)(CCC(=O)OCCOC(=O)C(C)CSCCCO)CCCN1CCN(C)CC1,0.13092366772954278
N(CCC(=O)OCCOC(=O)C(C)CSCCCCO)(CCC(=O)OCCOC(=O)C(C)CSCCCCO)CCCN1CCN(C)CC1,0.15337914683364706
N(CCC(=O)OCCOC(=O)C(C)CSCCCCCCO)(CCC(=O)OCCOC(=O)C(C)CSCCCCCCO)CCCN1CCN(C)CC1,0.15786100264369607
N(CCC(=O)OCCOC(=O)C(C)CSCCCCCCCCCCCO)(CCC(=O)OCCOC(=O)C(C)CSCCCCCCCCCCCO)CCCN1CCN(C)CC1,0.1908950324416084
N(CCC(=O)OCCOC(=O)C(C)CSCC(C)C)(CCC(=O)OCCOC(=O)C(C)CSCC(C)C)CCN1CCCCC1,0.21549605045786976
N(CCC(=O)OCCOC(=O)C(C)CSCCCCCCCCCC)(CCC(=O)OCCOC(=O)C(C)CSCCCCCCCCCC)CCN1CCCCC1,0.2608439566397043
N(CCC(=O)OCCOC(=O)C(C)CSCCCCCCCCCCC)(CCC(=O)OCCOC(=O)C(C)CSCCCCCCCCCCC)CCN1CCCCC1,0.26059051720250626
N(CCC(=O)OCCOC(=O)C(C)CSCCCCCCCCCCCC)(CCC(=O)OCCOC(=O)C(C)CSCCCCCCCCCCCC)CCN1CCCCC1,0.26018048421474366
N(CCC(=O)OCCOC(=O)C(C)CSCCCCCCCCCCCCCC)(CCC(=O)OCCOC(=O)C(C)CSCCCCCCCCCCCCCC)CCN1CCCCC1,0.2608420041016673
N(CCC(=O)OCCOC(=O)C(C)CSCCCCCCCCCCCCCCCC)(CCC(=O)OCCOC(=O)C(C)CSCCCCCCCCCCCCCCCC)CCN1CCCCC1,0.262050354795128
N(CCC(=O)OCCOC(=O)C(C)CSCCCCCCCCCCCCCCCCCC)(CCC(=O)OCCOC(=O)C(C)CSCCCCCCCCCCCCCCCCCC)CCN1CCCCC1,0.26311767216422643
N(CCC(=O)OCCOC(=O)C(C)CSCCc5ccccc5)(CCC(=O)OCCOC(=O)C(C)CSCCc5ccccc5)CCN1CCCCC1,-0.019505434881392485
N(CCC(=O)OCCOC(=O)C(C)CSCCC(C)C)(CCC(=O)OCCOC(=O)C(C)CSCCC(C)C)CCN1CCCCC1,0.16662354276789323
N(CCC(=O)OCCOC(=O)C(C)CSCCCC)(CCC(=O)OCCOC(=O)C(C)CSCCCC)CCN1CCCCC1,0.24790833206671906
N(CCC(=O)OCCOC(=O)C(C)CSCCCCC)(CCC(=O)OCCOC(=O)C(C)CSCCCCC)CCN1CCCCC1,0.2544288178216396
N(CCC(=O)OCCOC(=O)C(C)CSCCCCCC)(CCC(=O)OCCOC(=O)C(C)CSCCCCCC)CCN1CCCCC1,0.24936639735558422
N(CCC(=O)OCCOC(=O)C(C)CSCCCCCCC)(CCC(=O)OCCOC(=O)C(C)CSCCCCCCC)CCN1CCCCC1,0.2533344352714442
N(CCC(=O)OCCOC(=O)C(C)CSCCCCCCCC)(CCC(=O)OCCOC(=O)C(C)CSCCCCCCCC)CCN1CCCCC1,0.25983942087825596
N(CCC(=O)OCCOC(=O)C(C)CSCCCCCCCCC)(CCC(=O)OCCOC(=O)C(C)CSCCCCCCCCC)CCN1CCCCC1,0.2612261434311551
N(CCC(=O)OCCOC(=O)C(C)CSCCN(C)C)(CCC(=O)OCCOC(=O)C(C)CSCCN(C)C)CCN1CCCCC1,0.10016267757760133
N(CCC(=O)OCCOC(=O)C(C)CSCCCC(=O)N(C)CCCN(C)C)(CCC(=O)OCCOC(=O)C(C)CSCCCC(=O)N(C)CCCN(C)C)CCN1CCCCC1,0.15772168154499694
N(CCC(=O)OCCOC(=O)C(C)CSCCCC(=O)N(C)CCN5(CCCCC5))(CCC(=O)OCCOC(=O)C(C)CSCCCC(=O)N(C)CCN5(CCCCC5))CCN1CCCCC1,0.15906704033055913
N(CCC(=O)OCCOC(=O)C(C)CSCCNCCCC)(CCC(=O)OCCOC(=O)C(C)CSCCNCCCC)CCN1CCCCC1,0.22401269094559628
N(CCC(=O)OCCOC(=O)C(C)CSCCN(CC)CC)(CCC(=O)OCCOC(=O)C(C)CSCCN(CC)CC)CCN1CCCCC1,0.1290316133131538
N(CCC(=O)OCCOC(=O)C(C)CSCCN5CCCC5)(CCC(=O)OCCOC(=O)C(C)CSCCN5CCCC5)CCN1CCCCC1,0.12763003645165039
N(CCC(=O)OCCOC(=O)C(C)CSCCN5CCCCC5)(CCC(=O)OCCOC(=O)C(C)CSCCN5CCCCC5)CCN1CCCCC1,0.1258493217619385
N(CCC(=O)OCCOC(=O)C(C)CSCCN5CCCCCC5)(CCC(=O)OCCOC(=O)C(C)CSCCN5CCCCCC5)CCN1CCCCC1,0.12263455800121612
N(CCC(=O)OCCOC(=O)C(C)CSCCN(CCC)CCC)(CCC(=O)OCCOC(=O)C(C)CSCCN(CCC)CCC)CCN1CCCCC1,0.13501038991900355
N(CCC(=O)OCCOC(=O)C(C)CSCCN(CCCC)CCCC)(CCC(=O)OCCOC(=O)C(C)CSCCN(CCCC)CCCC)CCN1CCCCC1,0.21728098563364617
N(CCC(=O)OCCOC(=O)C(C)CSCCCC(=O)N5CCN(CCO)CC5)(CCC(=O)OCCOC(=O)C(C)CSCCCC(=O)N5CCN(CCO)CC5)CCN1CCCCC1,0.05750622492353587
N(CCC(=O)OCCOC(=O)C(C)CSCCC(O)=O)(CCC(=O)OCCOC(=O)C(C)CSCCC(O)=O)CCN1CCCCC1,0.1670291299767409
N(CCC(=O)OCCOC(=O)C(C)CSCCCCCC(O)=O)(CCC(=O)OCCOC(=O)C(C)CSCCCCCC(O)=O)CCN1CCCCC1,0.2099302206273147
N(CCC(=O)OCCOC(=O)C(C)CSCCCCCCCCCCC(O)=O)(CCC(=O)OCCOC(=O)C(C)CSCCCCCCCCCCC(O)=O)CCN1CCCCC1,0.2217310751517861
N(CCC(=O)OCCOC(=O)C(C)CSCCO)(CCC(=O)OCCOC(=O)C(C)CSCCO)CCN1CCCCC1,0.12188666083544178
N(CCC(=O)OCCOC(=O)C(C)CSCC(O)CO)(CCC(=O)OCCOC(=O)C(C)CSCC(O)CO)CCN1CCCCC1,0.04610030125608733
N(CCC(=O)OCCOC(=O)C(C)CSCCCO)(CCC(=O)OCCOC(=O)C(C)CSCCCO)CCN1CCCCC1,0.15562997260456662
N(CCC(=O)OCCOC(=O)C(C)CSCCCCO)(CCC(=O)OCCOC(=O)C(C)CSCCCCO)CCN1CCCCC1,0.17828416000274047
N(CCC(=O)OCCOC(=O)C(C)CSCCCCCCO)(CCC(=O)OCCOC(=O)C(C)CSCCCCCCO)CCN1CCCCC1,0.18159602498199345
N(CCC(=O)OCCOC(=O)C(C)CSCCCCCCCCCCCO)(CCC(=O)OCCOC(=O)C(C)CSCCCCCCCCCCCO)CCN1CCCCC1,0.2129982887033676
N(CCC(=O)OCCOC(=O)C(C)CSCC(C)C)(CCC(=O)OCCOC(=O)C(C)CSCC(C)C)CCc1ncccc1,0.08233076348645962
N(CCC(=O)OCCOC(=O)C(C)CSCCCCCCCCCC)(CCC(=O)OCCOC(=O)C(C)CSCCCCCCCCCC)CCc1ncccc1,0.14512854716321869
N(CCC(=O)OCCOC(=O)C(C)CSCCCCCCCCCCC)(CCC(=O)OCCOC(=O)C(C)CSCCCCCCCCCCC)CCc1ncccc1,0.14789724609963475
N(CCC(=O)OCCOC(=O)C(C)CSCCCCCCCCCCCC)(CCC(=O)OCCOC(=O)C(C)CSCCCCCCCCCCCC)CCc1ncccc1,0.15057528719304225
N(CCC(=O)OCCOC(=O)C(C)CSCCCCCCCCCCCCCC)(CCC(=O)OCCOC(=O)C(C)CSCCCCCCCCCCCCCC)CCc1ncccc1,0.15563546975011686
N(CCC(=O)OCCOC(=O)C(C)CSCCCCCCCCCCCCCCCC)(CCC(=O)OCCOC(=O)C(C)CSCCCCCCCCCCCCCCCC)CCc1ncccc1,0.16022427958602145
N(CCC(=O)OCCOC(=O)C(C)CSCCCCCCCCCCCCCCCCCC)(CCC(=O)OCCOC(=O)C(C)CSCCCCCCCCCCCCCCCCCC)CCc1ncccc1,0.16541463635206818
N(CCC(=O)OCCOC(=O)C(C)CSCCc5ccccc5)(CCC(=O)OCCOC(=O)C(C)CSCCc5ccccc5)CCc1ncccc1,-0.06892418010673326
N(CCC(=O)OCCOC(=O)C(C)CSCCC(C)C)(CCC(=O)OCCOC(=O)C(C)CSCCC(C)C)CCc1ncccc1,0.049221891403638085
N(CCC(=O)OCCOC(=O)C(C)CSCCCC)(CCC(=O)OCCOC(=O)C(C)CSCCCC)CCc1ncccc1,0.10976814339187958
N(CCC(=O)OCCOC(=O)C(C)CSCCCCC)(CCC(=O)OCCOC(=O)C(C)CSCCCCC)CCc1ncccc1,0.12030433902980887
N(CCC(=O)OCCOC(=O)C(C)CSCCCCCC)(CCC(=O)OCCOC(=O)C(C)CSCCCCCC)CCc1ncccc1,0.12076216414090704
N(CCC(=O)OCCOC(=O)C(C)CSCCCCCCC)(CCC(=O)OCCOC(=O)C(C)CSCCCCCCC)CCc1ncccc1,0.12827222621200812
N(CCC(=O)OCCOC(=O)C(C)CSCCCCCCCC)(CCC(=O)OCCOC(=O)C(C)CSCCCCCCCC)CCc1ncccc1,0.13743728956228726
N(CCC(=O)OCCOC(=O)C(C)CSCCCCCCCCC)(CCC(=O)OCCOC(=O)C(C)CSCCCCCCCCC)CCc1ncccc1,0.14217860763840218
N(CCC(=O)OCCOC(=O)C(C)CSCCN(C)C)(CCC(=O)OCCOC(=O)C(C)CSCCN(C)C)CCc1ncccc1,0.0020287321095683744
N(CCC(=O)OCCOC(=O)C(C)CSCCCC(=O)N(C)CCCN(C)C)(CCC(=O)OCCOC(=O)C(C)CSCCCC(=O)N(C)CCCN(C)C)CCc1ncccc1,0.06850278397201137
N(CCC(=O)OCCOC(=O)C(C)CSCCCC(=O)N(C)CCN5(CCCCC5))(CCC(=O)OCCOC(=O)C(C)CSCCCC(=O)N(C)CCN5(CCCCC5))CCc1ncccc1,0.06863746403799187
N(CCC(=O)OCCOC(=O)C(C)CSCCNCCCC)(CCC(=O)OCCOC(=O)C(C)CSCCNCCCC)CCc1ncccc1,0.10117551913546842
N(CCC(=O)OCCOC(=O)C(C)CSCCN(CC)CC)(CCC(=O)OCCOC(=O)C(C)CSCCN(CC)CC)CCc1ncccc1,0.028554351379982478
N(CCC(=O)OCCOC(=O)C(C)CSCCN5CCCC5)(CCC(=O)OCCOC(=O)C(C)CSCCN5CCCC5)CCc1ncccc1,0.025133489719696787
N(CCC(=O)OCCOC(=O)C(C)CSCCN5CCCCC5)(CCC(=O)OCCOC(=O)C(C)CSCCN5CCCCC5)CCc1ncccc1,0.02645990137653874
N(CCC(=O)OCCOC(=O)C(C)CSCCN5CCCCCC5)(CCC(=O)OCCOC(=O)C(C)CSCCN5CCCCCC5)CCc1ncccc1,0.027044731577179782
N(CCC(=O)OCCOC(=O)C(C)CSCCN(CCC)CCC)(CCC(=O)OCCOC(=O)C(C)CSCCN(CCC)CCC)CCc1ncccc1,0.03673152060069762
N(CCC(=O)OCCOC(=O)C(C)CSCCN(CCCC)CCCC)(CCC(=O)OCCOC(=O)C(C)CSCCN(CCCC)CCCC)CCc1ncccc1,0.11133446940513275
N(CCC(=O)OCCOC(=O)C(C)CSCCCC(=O)N5CCN(CCO)CC5)(CCC(=O)OCCOC(=O)C(C)CSCCCC(=O)N5CCN(CCO)CC5)CCc1ncccc1,-0.009962667598025738
N(CCC(=O)OCCOC(=O)C(C)CSCCC(O)=O)(CCC(=O)OCCOC(=O)C(C)CSCCC(O)=O)CCc1ncccc1,0.04324021602977961
N(CCC(=O)OCCOC(=O)C(C)CSCCCCCC(O)=O)(CCC(=O)OCCOC(=O)C(C)CSCCCCCC(O)=O)CCc1ncccc1,0.09252341756654664
N(CCC(=O)OCCOC(=O)C(C)CSCCCCCCCCCCC(O)=O)(CCC(=O)OCCOC(=O)C(C)CSCCCCCCCCCCC(O)=O)CCc1ncccc1,0.1207329061093993
N(CCC(=O)OCCOC(=O)C(C)CSCCO)(CCC(=O)OCCOC(=O)C(C)CSCCO)CCc1ncccc1,-0.00024233246908051103
N(CCC(=O)OCCOC(=O)C(C)CSCC(O)CO)(CCC(=O)OCCOC(=O)C(C)CSCC(O)CO)CCc1ncccc1,-0.050302772279868194
N(CCC(=O)OCCOC(=O)C(C)CSCCCO)(CCC(=O)OCCOC(=O)C(C)CSCCCO)CCc1ncccc1,0.026666337215377683
N(CCC(=O)OCCOC(=O)C(C)CSCCCCO)(CCC(=O)OCCOC(=O)C(C)CSCCCCO)CCc1ncccc1,0.04856248926950835
N(CCC(=O)OCCOC(=O)C(C)CSCCCCCCO)(CCC(=O)OCCOC(=O)C(C)CSCCCCCCO)CCc1ncccc1,0.05918865185237164
N(CCC(=O)OCCOC(=O)C(C)CSCCCCCCCCCCCO)(CCC(=O)OCCOC(=O)C(C)CSCCCCCCCCCCCO)CCc1ncccc1,0.10742251438950369
N(CCC(=O)OCCOC(=O)C(C)CSCC(C)C)(CCC(=O)OCCOC(=O)C(C)CSCC(C)C)CCN1CCCC1,0.2194871583616127
N(CCC(=O)OCCOC(=O)C(C)CSCCCCCCCCCC)(CCC(=O)OCCOC(=O)C(C)CSCCCCCCCCCC)CCN1CCCC1,0.2660436855883284
N(CCC(=O)OCCOC(=O)C(C)CSCCCCCCCCCCC)(CCC(=O)OCCOC(=O)C(C)CSCCCCCCCCCCC)CCN1CCCC1,0.2656466895468434
N(CCC(=O)OCCOC(=O)C(C)CSCCCCCCCCCCCC)(CCC(=O)OCCOC(=O)C(C)CSCCCCCCCCCCCC)CCN1CCCC1,0.26511848294927437
N(CCC(=O)OCCOC(=O)C(C)CSCCCCCCCCCCCCCC)(CCC(=O)OCCOC(=O)C(C)CSCCCCCCCCCCCCCC)CCN1CCCC1,0.2660463590634867
N(CCC(=O)OCCOC(=O)C(C)CSCCCCCCCCCCCCCCCC)(CCC(=O)OCCOC(=O)C(C)CSCCCCCCCCCCCCCCCC)CCN1CCCC1,0.266883637412784
N(CCC(=O)OCCOC(=O)C(C)CSCCCCCCCCCCCCCCCCCC)(CCC(=O)OCCOC(=O)C(C)CSCCCCCCCCCCCCCCCCCC)CCN1CCCC1,0.2676920782772276
N(CCC(=O)OCCOC(=O)C(C)CSCCc5ccccc5)(CCC(=O)OCCOC(=O)C(C)CSCCc5ccccc5)CCN1CCCC1,-0.021024930020805216
N(CCC(=O)OCCOC(=O)C(C)CSCCC(C)C)(CCC(=O)OCCOC(=O)C(C)CSCCC(C)C)CCN1CCCC1,0.16902101916491225
N(CCC(=O)OCCOC(=O)C(C)CSCCCC)(CCC(=O)OCCOC(=O)C(C)CSCCCC)CCN1CCCC1,0.25306204119576425
N(CCC(=O)OCCOC(=O)C(C)CSCCCCC)(CCC(=O)OCCOC(=O)C(C)CSCCCCC)CCN1CCCC1,0.2601981772132632
N(CCC(=O)OCCOC(=O)C(C)CSCCCCCC)(CCC(=O)OCCOC(=O)C(C)CSCCCCCC)CCN1CCCC1,0.2547712329152298
N(CCC(=O)OCCOC(=O)C(C)CSCCCCCCC)(CCC(=O)OCCOC(=O)C(C)CSCCCCCCC)CCN1CCCC1,0.2588520974905797
N(CCC(=O)OCCOC(=O)C(C)CSCCCCCCCC)(CCC(=O)OCCOC(=O)C(C)CSCCCCCCCC)CCN1CCCC1,0.26525389897189955
N(CCC(=O)OCCOC(=O)C(C)CSCCCCCCCCC)(CCC(=O)OCCOC(=O)C(C)CSCCCCCCCCC)CCN1CCCC1,0.2664764881735067
N(CCC(=O)OCCOC(=O)C(C)CSCCN(C)C)(CCC(=O)OCCOC(=O)C(C)CSCCN(C)C)CCN1CCCC1,0.10110055669437233
N(CCC(=O)OCCOC(=O)C(C)CSCCCC(=O)N(C)CCCN(C)C)(CCC(=O)OCCOC(=O)C(C)CSCCCC(=O)N(C)CCCN(C)C)CCN1CCCC1,0.15927112561399204
N(CCC(=O)OCCOC(=O)C(C)CSCCCC(=O)N(C)CCN5(CCCCC5))(CCC(=O)OCCOC(=O)C(C)CSCCCC(=O)N(C)CCN5(CCCCC5))CCN1CCCC1,0.1606024261256881
N(CCC(=O)OCCOC(=O)C(C)CSCCNCCCC)(CCC(=O)OCCOC(=O)C(C)CSCCNCCCC)CCN1CCCC1,0.22773335731169622
N(CCC(=O)OCCOC(=O)C(C)CSCCN(CC)CC)(CCC(=O)OCCOC(=O)C(C)CSCCN(CC)CC)CCN1CCCC1,0.13029514573544382
N(CCC(=O)OCCOC(=O)C(C)CSCCN5CCCC5)(CCC(=O)OCCOC(=O)C(C)CSCCN5CCCC5)CCN1CCCC1,0.12868111771599527
N(CCC(=O)OCCOC(=O)C(C)CSCCN5CCCCC5)(CCC(=O)OCCOC(=O)C(C)CSCCN5CCCCC5)CCN1CCCC1,0.1268252453313836
N(CCC(=O)OCCOC(=O)C(C)CSCCN5CCCCCC5)(CCC(=O)OCCOC(=O)C(C)CSCCN5CCCCCC5)CCN1CCCC1,0.1235122989464486
N(CCC(=O)OCCOC(=O)C(C)CSCCN(CCC)CCC)(CCC(=O)OCCOC(=O)C(C)CSCCN(CCC)CCC)CCN1CCCC1,0.13628140206392747
N(CCC(=O)OCCOC(=O)C(C)CSCCN(CCCC)CCCC)(CCC(=O)OCCOC(=O)C(C)CSCCN(CCCC)CCCC)CCN1CCCC1,0.22044738652914528
N(CCC(=O)OCCOC(=O)C(C)CSCCCC(=O)N5CCN(CCO)CC5)(CCC(=O)OCCOC(=O)C(C)CSCCCC(=O)N5CCN(CCO)CC5)CCN1CCCC1,0.05720678068628228
N(CCC(=O)OCCOC(=O)C(C)CSCCC(O)=O)(CCC(=O)OCCOC(=O)C(C)CSCCC(O)=O)CCN1CCCC1,0.1696194870927653
N(CCC(=O)OCCOC(=O)C(C)CSCCCCCC(O)=O)(CCC(=O)OCCOC(=O)C(C)CSCCCCCC(O)=O)CCN1CCCC1,0.2133889615255175
N(CCC(=O)OCCOC(=O)C(C)CSCCCCCCCCCCC(O)=O)(CCC(=O)OCCOC(=O)C(C)CSCCCCCCCCCCC(O)=O)CCN1CCCC1,0.2253709815407725
N(CCC(=O)OCCOC(=O)C(C)CSCCO)(CCC(=O)OCCOC(=O)C(C)CSCCO)CCN1CCCC1,0.12321808150332472
N(CCC(=O)OCCOC(=O)C(C)CSCC(O)CO)(CCC(=O)OCCOC(=O)C(C)CSCC(O)CO)CCN1CCCC1,0.04486556876984256
N(CCC(=O)OCCOC(=O)C(C)CSCCCO)(CCC(=O)OCCOC(=O)C(C)CSCCCO)CCN1CCCC1,0.15773566472124628
N(CCC(=O)OCCOC(=O)C(C)CSCCCCO)(CCC(=O)OCCOC(=O)C(C)CSCCCCO)CCN1CCCC1,0.18093683312119077
N(CCC(=O)OCCOC(=O)C(C)CSCCCCCCO)(CCC(=O)OCCOC(=O)C(C)CSCCCCCCO)CCN1CCCC1,0.18420406007701406
N(CCC(=O)OCCOC(=O)C(C)CSCCCCCCCCCCCO)(CCC(=O)OCCOC(=O)C(C)CSCCCCCCCCCCCO)CCN1CCCC1,0.21593869083084968
N(CCC(=O)OCCOC(=O)C(C)CSCC(C)C)(CCC(=O)OCCOC(=O)C(C)CSCC(C)C)CCC1N(C)CCC1,0.1611952166737106
N(CCC(=O)OCCOC(=O)C(C)CSCCCCCCCCCC)(CCC(=O)OCCOC(=O)C(C)CSCCCCCCCCCC)CCC1N(C)CCC1,0.21261964651943002
N(CCC(=O)OCCOC(=O)C(C)CSCCCCCCCCCCC)(CCC(=O)OCCOC(=O)C(C)CSCCCCCCCCCCC)CCC1N(C)CCC1,0.21322415229567432
N(CCC(=O)OCCOC(=O)C(C)CSCCCCCCCCCCCC)(CCC(=O)OCCOC(=O)C(C)CSCCCCCCCCCCCC)CCC1N(C)CCC1,0.21397239491048597
N(CCC(=O)OCCOC(=O)C(C)CSCCCCCCCCCCCCCC)(CCC(=O)OCCOC(=O)C(C)CSCCCCCCCCCCCCCC)CCC1N(C)CCC1,0.21550372543430737
N(CCC(=O)OCCOC(=O)C(C)CSCCCCCCCCCCCCCCCC)(CCC(=O)OCCOC(=O)C(C)CSCCCCCCCCCCCCCCCC)CCC1N(C)CCC1,0.21704231038791227
N(CCC(=O)OCCOC(=O)C(C)CSCCCCCCCCCCCCCCCCCC)(CCC(=O)OCCOC(=O)C(C)CSCCCCCCCCCCCCCCCCCC)CCC1N(C)CCC1,0.219125097731466
N(CCC(=O)OCCOC(=O)C(C)CSCCc5ccccc5)(CCC(=O)OCCOC(=O)C(C)CSCCc5ccccc5)CCC1N(C)CCC1,-0.045543588480715075
N(CCC(=O)OCCOC(=O)C(C)CSCCC(C)C)(CCC(=O)OCCOC(=O)C(C)CSCCC(C)C)CCC1N(C)CCC1,0.11825109508870678
N(CCC(=O)OCCOC(=O)C(C)CSCCCC)(CCC(=O)OCCOC(=O)C(C)CSCCCC)CCC1N(C)CCC1,0.19248079371809104
N(CCC(=O)OCCOC(=O)C(C)CSCCCCC)(CCC(=O)OCCOC(=O)C(C)CSCCCCC)CCC1N(C)CCC1,0.20053124322020716
N(CCC(=O)OCCOC(=O)C(C)CSCCCCCC)(CCC(=O)OCCOC(=O)C(C)CSCCCCCC)CCC1N(C)CCC1,0.1979536677185632
N(CCC(=O)OCCOC(=O)C(C)CSCCCCCCC)(CCC(=O)OCCOC(=O)C(C)CSCCCCCCC)CCC1N(C)CCC1,0.20291302421531363
N(CCC(=O)OCCOC(=O)C(C)CSCCCCCCCC)(CCC(=O)OCCOC(=O)C(C)CSCCCCCCCC)CCC1N(C)CCC1,0.20965390645603746
N(CCC(=O)OCCOC(=O)C(C)CSCCCCCCCCC)(CCC(=O)OCCOC(=O)C(C)CSCCCCCCCCC)CCC1N(C)CCC1,0.2120111155109249
N(CCC(=O)OCCOC(=O)C(C)CSCCN(C)C)(CCC(=O)OCCOC(=O)C(C)CSCCN(C)C)CCC1N(C)CCC1,0.05464952659974612
N(CCC(=O)OCCOC(=O)C(C)CSCCCC(=O)N(C)CCCN(C)C)(CCC(=O)OCCOC(=O)C(C)CSCCCC(=O)N(C)CCCN(C)C)CCC1N(C)CCC1,0.12151606911602586
N(CCC(=O)OCCOC(=O)C(C)CSCCCC(=O)N(C)CCN5(CCCCC5))(CCC(=O)OCCOC(=O)C(C)CSCCCC(=O)N(C)CCN5(CCCCC5))CCC1N(C)CCC1,0.12501672950392997
N(CCC(=O)OCCOC(=O)C(C)CSCCNCCCC)(CCC(=O)OCCOC(=O)C(C)CSCCNCCCC)CCC1N(C)CCC1,0.1757302102113438
N(CCC(=O)OCCOC(=O)C(C)CSCCN(CC)CC)(CCC(=O)OCCOC(=O)C(C)CSCCN(CC)CC)CCC1N(C)CCC1,0.08422395938662405
N(CCC(=O)OCCOC(=O)C(C)CSCCN5CCCC5)(CCC(=O)OCCOC(=O)C(C)CSCCN5CCCC5)CCC1N(C)CCC1,0.08288176972049109
N(CCC(=O)OCCOC(=O)C(C)CSCCN5CCCCC5)(CCC(=O)OCCOC(=O)C(C)CSCCN5CCCCC5)CCC1N(C)CCC1,0.08288854352552702
N(CCC(=O)OCCOC(=O)C(C)CSCCN5CCCCCC5)(CCC(=O)OCCOC(=O)C(C)CSCCN5CCCCCC5)CCC1N(C)CCC1,0.08135562093222933
N(CCC(=O)OCCOC(=O)C(C)CSCCN(CCC)CCC)(CCC(=O)OCCOC(=O)C(C)CSCCN(CCC)CCC)CCC1N(C)CCC1,0.09364862017867936
N(CCC(=O)OCCOC(=O)C(C)CSCCN(CCCC)CCCC)(CCC(=O)OCCOC(=O)C(C)CSCCN(CCCC)CCCC)CCC1N(C)CCC1,0.17485159813375636
N(CCC(=O)OCCOC(=O)C(C)CSCCCC(=O)N5CCN(CCO)CC5)(CCC(=O)OCCOC(=O)C(C)CSCCCC(=O)N5CCN(CCO)CC5)CCC1N(C)CCC1,0.028852458879656918
N(CCC(=O)OCCOC(=O)C(C)CSCCC(O)=O)(CCC(=O)OCCOC(=O)C(C)CSCCC(O)=O)CCC1N(C)CCC1,0.11601593468065301
N(CCC(=O)OCCOC(=O)C(C)CSCCCCCC(O)=O)(CCC(=O)OCCOC(=O)C(C)CSCCCCCC(O)=O)CCC1N(C)CCC1,0.16318043719350953
N(CCC(=O)OCCOC(=O)C(C)CSCCCCCCCCCCC(O)=O)(CCC(=O)OCCOC(=O)C(C)CSCCCCCCCCCCC(O)=O)CCC1N(C)CCC1,0.18135568256916645
N(CCC(=O)OCCOC(=O)C(C)CSCCO)(CCC(=O)OCCOC(=O)C(C)CSCCO)CCC1N(C)CCC1,0.0697254032126653
N(CCC(=O)OCCOC(=O)C(C)CSCC(O)CO)(CCC(=O)OCCOC(=O)C(C)CSCC(O)CO)CCC1N(C)CCC1,0.004128423926665195
N(CCC(=O)OCCOC(=O)C(C)CSCCCO)(CCC(=O)OCCOC(=O)C(C)CSCCCO)CCC1N(C)CCC1,0.10455722489835129
N(CCC(=O)OCCOC(=O)C(C)CSCCCCO)(CCC(=O)OCCOC(=O)C(C)CSCCCCO)CCC1N(C)CCC1,0.12792937555224046
N(CCC(=O)OCCOC(=O)C(C)CSCCCCCCO)(CCC(=O)OCCOC(=O)C(C)CSCCCCCCO)CCC1N(C)CCC1,0.13474709767448054
N(CCC(=O)OCCOC(=O)C(C)CSCCCCCCCCCCCO)(CCC(=O)OCCOC(=O)C(C)CSCCCCCCCCCCCO)CCC1N(C)CCC1,0.17126505611127252
N(CCC(=O)OCCOC(=O)C(C)CSCC(C)C)(CCC(=O)OCCOC(=O)C(C)CSCC(C)C)CCN1CCOCC1,-0.12444663433324282
N(CCC(=O)OCCOC(=O)C(C)CSCCCCCCCCCC)(CCC(=O)OCCOC(=O)C(C)CSCCCCCCCCCC)CCN1CCOCC1,-0.0780429157372046
N(CCC(=O)OCCOC(=O)C(C)CSCCCCCCCCCCC)(CCC(=O)OCCOC(=O)C(C)CSCCCCCCCCCCC)CCN1CCOCC1,-0.07161825454132889
N(CCC(=O)OCCOC(=O)C(C)CSCCCCCCCCCCCC)(CCC(=O)OCCOC(=O)C(C)CSCCCCCCCCCCCC)CCN1CCOCC1,-0.06553742027423934
N(CCC(=O)OCCOC(=O)C(C)CSCCCCCCCCCCCCCC)(CCC(=O)OCCOC(=O)C(C)CSCCCCCCCCCCCCCC)CCN1CCOCC1,-0.05447970172663674
N(CCC(=O)OCCOC(=O)C(C)CSCCCCCCCCCCCCCCCC)(CCC(=O)OCCOC(=O)C(C)CSCCCCCCCCCCCCCCCC)CCN1CCOCC1,-0.043876098467862085
N(CCC(=O)OCCOC(=O)C(C)CSCCCCCCCCCCCCCCCCCC)(CCC(=O)OCCOC(=O)C(C)CSCCCCCCCCCCCCCCCCCC)CCN1CCOCC1,-0.034223786760220046
N(CCC(=O)OCCOC(=O)C(C)CSCCc5ccccc5)(CCC(=O)OCCOC(=O)C(C)CSCCc5ccccc5)CCN1CCOCC1,-0.23971859238248702
N(CCC(=O)OCCOC(=O)C(C)CSCCC(C)C)(CCC(=O)OCCOC(=O)C(C)CSCCC(C)C)CCN1CCOCC1,-0.13778068180243241
N(CCC(=O)OCCOC(=O)C(C)CSCCCC)(CCC(=O)OCCOC(=O)C(C)CSCCCC)CCN1CCOCC1,-0.11973793866186859
N(CCC(=O)OCCOC(=O)C(C)CSCCCCC)(CCC(=O)OCCOC(=O)C(C)CSCCCCC)CCN1CCOCC1,-0.11051114507057462
N(CCC(=O)OCCOC(=O)C(C)CSCCCCCC)(CCC(=O)OCCOC(=O)C(C)CSCCCCCC)CCN1CCOCC1,-0.1056283731234433
N(CCC(=O)OCCOC(=O)C(C)CSCCCCCCC)(CCC(=O)OCCOC(=O)C(C)CSCCCCCCC)CCN1CCOCC1,-0.0980858238233118
N(CCC(=O)OCCOC(=O)C(C)CSCCCCCCCC)(CCC(=O)OCCOC(=O)C(C)CSCCCCCCCC)CCN1CCOCC1,-0.09035916520581788
N(CCC(=O)OCCOC(=O)C(C)CSCCCCCCCCC)(CCC(=O)OCCOC(=O)C(C)CSCCCCCCCCC)CCN1CCOCC1,-0.08381138897694987
N(CCC(=O)OCCOC(=O)C(C)CSCCN(C)C)(CCC(=O)OCCOC(=O)C(C)CSCCN(C)C)CCN1CCOCC1,-0.1780636141992401
N(CCC(=O)OCCOC(=O)C(C)CSCCCC(=O)N(C)CCCN(C)C)(CCC(=O)OCCOC(=O)C(C)CSCCCC(=O)N(C)CCCN(C)C)CCN1CCOCC1,-0.09505329193953169
N(CCC(=O)OCCOC(=O)C(C)CSCCCC(=O)N(C)CCN5(CCCCC5))(CCC(=O)OCCOC(=O)C(C)CSCCCC(=O)N(C)CCN5(CCCCC5))CCN1CCOCC1,-0.08273818395469384
N(CCC(=O)OCCOC(=O)C(C)CSCCNCCCC)(CCC(=O)OCCOC(=O)C(C)CSCCNCCCC)CCN1CCOCC1,-0.10721043959717906
N(CCC(=O)OCCOC(=O)C(C)CSCCN(CC)CC)(CCC(=O)OCCOC(=O)C(C)CSCCN(CC)CC)CCN1CCOCC1,-0.13586334952822643
N(CCC(=O)OCCOC(=O)C(C)CSCCN5CCCC5)(CCC(=O)OCCOC(=O)C(C)CSCCN5CCCC5)CCN1CCOCC1,-0.13622112959421517
N(CCC(=O)OCCOC(=O)C(C)CSCCN5CCCCC5)(CCC(=O)OCCOC(=O)C(C)CSCCN5CCCCC5)CCN1CCOCC1,-0.12949960751910403
N(CCC(=O)OCCOC(=O)C(C)CSCCN5CCCCCC5)(CCC(=O)OCCOC(=O)C(C)CSCCN5CCCCCC5)CCN1CCOCC1,-0.12390433942276088
N(CCC(=O)OCCOC(=O)C(C)CSCCN(CCC)CCC)(CCC(=O)OCCOC(=O)C(C)CSCCN(CCC)CCC)CCN1CCOCC1,-0.12638311649973444
N(CCC(=O)OCCOC(=O)C(C)CSCCN(CCCC)CCCC)(CCC(=O)OCCOC(=O)C(C)CSCCN(CCCC)CCCC)CCN1CCOCC1,-0.08402693415670742
N(CCC(=O)OCCOC(=O)C(C)CSCCCC(=O)N5CCN(CCO)CC5)(CCC(=O)OCCOC(=O)C(C)CSCCCC(=O)N5CCN(CCO)CC5)CCN1CCOCC1,-0.1316369607910292
N(CCC(=O)OCCOC(=O)C(C)CSCCC(O)=O)(CCC(=O)OCCOC(=O)C(C)CSCCC(O)=O)CCN1CCOCC1,-0.15466226559193663
N(CCC(=O)OCCOC(=O)C(C)CSCCCCCC(O)=O)(CCC(=O)OCCOC(=O)C(C)CSCCCCCC(O)=O)CCN1CCOCC1,-0.11837969312526243
N(CCC(=O)OCCOC(=O)C(C)CSCCCCCCCCCCC(O)=O)(CCC(=O)OCCOC(=O)C(C)CSCCCCCCCCCCC(O)=O)CCN1CCOCC1,-0.08400838504535627
N(CCC(=O)OCCOC(=O)C(C)CSCCO)(CCC(=O)OCCOC(=O)C(C)CSCCO)CCN1CCOCC1,-0.19571485844386913
N(CCC(=O)OCCOC(=O)C(C)CSCC(O)CO)(CCC(=O)OCCOC(=O)C(C)CSCC(O)CO)CCN1CCOCC1,-0.21841102540983773
N(CCC(=O)OCCOC(=O)C(C)CSCCCO)(CCC(=O)OCCOC(=O)C(C)CSCCCO)CCN1CCOCC1,-0.15691528421326695
N(CCC(=O)OCCOC(=O)C(C)CSCCCCO)(CCC(=O)OCCOC(=O)C(C)CSCCCCO)CCN1CCOCC1,-0.13595992506343937
N(CCC(=O)OCCOC(=O)C(C)CSCCCCCCO)(CCC(=O)OCCOC(=O)C(C)CSCCCCCCO)CCN1CCOCC1,-0.1245581242551535
N(CCC(=O)OCCOC(=O)C(C)CSCCCCCCCCCCCO)(CCC(=O)OCCOC(=O)C(C)CSCCCCCCCCCCCO)CCN1CCOCC1,-0.08628086896896278
N(CCC(=O)OCCOC(=O)C(C)CSCC(C)C)(CCC(=O)OCCOC(=O)C(C)CSCC(C)C)CCCN1C=NC=C1,-0.03848630496086278
N(CCC(=O)OCCOC(=O)C(C)CSCCCCCCCCCC)(CCC(=O)OCCOC(=O)C(C)CSCCCCCCCCCC)CCCN1C=NC=C1,0.01829822479417075
N(CCC(=O)OCCOC(=O)C(C)CSCCCCCCCCCCC)(CCC(=O)OCCOC(=O)C(C)CSCCCCCCCCCCC)CCCN1C=NC=C1,0.024446331506395427
N(CCC(=O)OCCOC(=O)C(C)CSCCCCCCCCCCCC)(CCC(=O)OCCOC(=O)C(C)CSCCCCCCCCCCCC)CCCN1C=NC=C1,0.030308151083830986
N(CCC(=O)OCCOC(=O)C(C)CSCCCCCCCCCCCCCC)(CCC(=O)OCCOC(=O)C(C)CSCCCCCCCCCCCCCC)CCCN1C=NC=C1,0.0409505497714478
N(CCC(=O)OCCOC(=O)C(C)CSCCCCCCCCCCCCCCCC)(CCC(=O)OCCOC(=O)C(C)CSCCCCCCCCCCCCCCCC)CCCN1C=NC=C1,0.050765763229466146
N(CCC(=O)OCCOC(=O)C(C)CSCCCCCCCCCCCCCCCCCC)(CCC(=O)OCCOC(=O)C(C)CSCCCCCCCCCCCCCCCCCC)CCCN1C=NC=C1,0.05962861875019325
N(CCC(=O)OCCOC(=O)C(C)CSCCc5ccccc5)(CCC(=O)OCCOC(=O)C(C)CSCCc5ccccc5)CCCN1C=NC=C1,-0.12760729777081792
N(CCC(=O)OCCOC(=O)C(C)CSCCC(C)C)(CCC(=O)OCCOC(=O)C(C)CSCCC(C)C)CCCN1C=NC=C1,-0.05426522293303784
N(CCC(=O)OCCOC(=O)C(C)CSCCCC)(CCC(=O)OCCOC(=O)C(C)CSCCCC)CCCN1C=NC=C1,-0.025299433801090235
N(CCC(=O)OCCOC(=O)C(C)CSCCCCC)(CCC(=O)OCCOC(=O)C(C)CSCCCCC)CCCN1C=NC=C1,-0.01524760277203847
N(CCC(=O)OCCOC(=O)C(C)CSCCCCCC)(CCC(=O)OCCOC(=O)C(C)CSCCCCCC)CCCN1C=NC=C1,-0.011100989763814538
N(CCC(=O)OCCOC(=O)C(C)CSCCCCCCC)(CCC(=O)OCCOC(=O)C(C)CSCCCCCCC)CCCN1C=NC=C1,-0.0031241359261686245
N(CCC(=O)OCCOC(=O)C(C)CSCCCCCCCC)(CCC(=O)OCCOC(=O)C(C)CSCCCCCCCC)CCCN1C=NC=C1,0.006651470579385962
N(CCC(=O)OCCOC(=O)C(C)CSCCCCCCCCC)(CCC(=O)OCCOC(=O)C(C)CSCCCCCCCCC)CCCN1C=NC=C1,0.012758348699983962
N(CCC(=O)OCCOC(=O)C(C)CSCCN(C)C)(CCC(=O)OCCOC(=O)C(C)CSCCN(C)C)CCCN1C=NC=C1,-0.08612270587820696
N(CCC(=O)OCCOC(=O)C(C)CSCCCC(=O)N(C)CCCN(C)C)(CCC(=O)OCCOC(=O)C(C)CSCCCC(=O)N(C)CCCN(C)C)CCCN1C=NC=C1,-0.021692975890629358
N(CCC(=O)OCCOC(=O)C(C)CSCCCC(=O)N(C)CCN5(CCCCC5))(CCC(=O)OCCOC(=O)C(C)CSCCCC(=O)N(C)CCN5(CCCCC5))CCCN1C=NC=C1,-0.013373579293444696
N(CCC(=O)OCCOC(=O)C(C)CSCCNCCCC)(CCC(=O)OCCOC(=O)C(C)CSCCNCCCC)CCCN1C=NC=C1,-0.018929285965254256
N(CCC(=O)OCCOC(=O)C(C)CSCCN(CC)CC)(CCC(=O)OCCOC(=O)C(C)CSCCN(CC)CC)CCCN1C=NC=C1,-0.06181578514888257
N(CCC(=O)OCCOC(=O)C(C)CSCCN5CCCC5)(CCC(=O)OCCOC(=O)C(C)CSCCN5CCCC5)CCCN1C=NC=C1,-0.06769990120874793
N(CCC(=O)OCCOC(=O)C(C)CSCCN5CCCCC5)(CCC(=O)OCCOC(=O)C(C)CSCCN5CCCCC5)CCCN1C=NC=C1,-0.06357646379443053
N(CCC(=O)OCCOC(=O)C(C)CSCCN5CCCCCC5)(CCC(=O)OCCOC(=O)C(C)CSCCN5CCCCCC5)CCCN1C=NC=C1,-0.05997522516833771
N(CCC(=O)OCCOC(=O)C(C)CSCCN(CCC)CCC)(CCC(=O)OCCOC(=O)C(C)CSCCN(CCC)CCC)CCCN1C=NC=C1,-0.055756819307807015
N(CCC(=O)OCCOC(=O)C(C)CSCCN(CCCC)CCCC)(CCC(=O)OCCOC(=O)C(C)CSCCN(CCCC)CCCC)CCCN1C=NC=C1,6.844399854915922e-05
N(CCC(=O)OCCOC(=O)C(C)CSCCCC(=O)N5CCN(CCO)CC5)(CCC(=O)OCCOC(=O)C(C)CSCCCC(=O)N5CCN(CCO)CC5)CCCN1C=NC=C1,-0.07790950482094813
N(CCC(=O)OCCOC(=O)C(C)CSCCC(O)=O)(CCC(=O)OCCOC(=O)C(C)CSCCC(O)=O)CCCN1C=NC=C1,-0.07065316755798895
N(CCC(=O)OCCOC(=O)C(C)CSCCCCCC(O)=O)(CCC(=O)OCCOC(=O)C(C)CSCCCCCC(O)=O)CCCN1C=NC=C1,-0.025989092765031245
N(CCC(=O)OCCOC(=O)C(C)CSCCCCCCCCCCC(O)=O)(CCC(=O)OCCOC(=O)C(C)CSCCCCCCCCCCC(O)=O)CCCN1C=NC=C1,0.006929662191083364
N(CCC(=O)OCCOC(=O)C(C)CSCCO)(CCC(=O)OCCOC(=O)C(C)CSCCO)CCCN1C=NC=C1,-0.1067773591508186
N(CCC(=O)OCCOC(=O)C(C)CSCC(O)CO)(CCC(=O)OCCOC(=O)C(C)CSCC(O)CO)CCCN1C=NC=C1,-0.14015782176482025
N(CCC(=O)OCCOC(=O)C(C)CSCCCO)(CCC(=O)OCCOC(=O)C(C)CSCCCO)CCCN1C=NC=C1,-0.08109582160442427
N(CCC(=O)OCCOC(=O)C(C)CSCCCCO)(CCC(=O)OCCOC(=O)C(C)CSCCCCO)CCCN1C=NC=C1,-0.06091835360852346
N(CCC(=O)OCCOC(=O)C(C)CSCCCCCCO)(CCC(=O)OCCOC(=O)C(C)CSCCCCCCO)CCCN1C=NC=C1,-0.04880607677691787
N(CCC(=O)OCCOC(=O)C(C)CSCCCCCCCCCCCO)(CCC(=O)OCCOC(=O)C(C)CSCCCCCCCCCCCO)CCCN1C=NC=C1,-0.0041182631579275725
N(CCC(=O)OCCOC(=O)C(C)CSCC(C)C)(CCC(=O)OCCOC(=O)C(C)CSCC(C)C)CCN(C)C,0.19511751610273168
N(CCC(=O)OCCOC(=O)C(C)CSCCCCCCCCCC)(CCC(=O)OCCOC(=O)C(C)CSCCCCCCCCCC)CCN(C)C,0.24593240863188076
N(CCC(=O)OCCOC(=O)C(C)CSCCCCCCCCCCC)(CCC(=O)OCCOC(=O)C(C)CSCCCCCCCCCCC)CCN(C)C,0.24595649994735225
N(CCC(=O)OCCOC(=O)C(C)CSCCCCCCCCCCCC)(CCC(=O)OCCOC(=O)C(C)CSCCCCCCCCCCCC)CCN(C)C,0.2460225558110951
N(CCC(=O)OCCOC(=O)C(C)CSCCCCCCCCCCCCCC)(CCC(=O)OCCOC(=O)C(C)CSCCCCCCCCCCCCCC)CCN(C)C,0.2461806963725659
N(CCC(=O)OCCOC(=O)C(C)CSCCCCCCCCCCCCCCCC)(CCC(=O)OCCOC(=O)C(C)CSCCCCCCCCCCCCCCCC)CCN(C)C,0.2474983140984798
N(CCC(=O)OCCOC(=O)C(C)CSCCCCCCCCCCCCCCCCCC)(CCC(=O)OCCOC(=O)C(C)CSCCCCCCCCCCCCCCCCCC)CCN(C)C,0.24968153699475035
N(CCC(=O)OCCOC(=O)C(C)CSCCc5ccccc5)(CCC(=O)OCCOC(=O)C(C)CSCCc5ccccc5)CCN(C)C,-0.039849026315430594
N(CCC(=O)OCCOC(=O)C(C)CSCCC(C)C)(CCC(=O)OCCOC(=O)C(C)CSCCC(C)C)CCN(C)C,0.14531017825922649
N(CCC(=O)OCCOC(=O)C(C)CSCCCC)(CCC(=O)OCCOC(=O)C(C)CSCCCC)CCN(C)C,0.23032879102661674
N(CCC(=O)OCCOC(=O)C(C)CSCCCCC)(CCC(=O)OCCOC(=O)C(C)CSCCCCC)CCN(C)C,0.2378577025995362
N(CCC(=O)OCCOC(=O)C(C)CSCCCCCC)(CCC(=O)OCCOC(=O)C(C)CSCCCCCC)CCN(C)C,0.2331840474761638
N(CCC(=O)OCCOC(=O)C(C)CSCCCCCCC)(CCC(=O)OCCOC(=O)C(C)CSCCCCCCC)CCN(C)C,0.23725134942191847
N(CCC(=O)OCCOC(=O)C(C)CSCCCCCCCC)(CCC(=O)OCCOC(=O)C(C)CSCCCCCCCC)CCN(C)C,0.2440503572180504
N(CCC(=O)OCCOC(=O)C(C)CSCCCCCCCCC)(CCC(=O)OCCOC(=O)C(C)CSCCCCCCCCC)CCN(C)C,0.24593087664049793
N(CCC(=O)OCCOC(=O)C(C)CSCCN(C)C)(CCC(=O)OCCOC(=O)C(C)CSCCN(C)C)CCN(C)C,0.07749114262994522
N(CCC(=O)OCCOC(=O)C(C)CSCCCC(=O)N(C)CCCN(C)C)(CCC(=O)OCCOC(=O)C(C)CSCCCC(=O)N(C)CCCN(C)C)CCN(C)C,0.1413939276599161
N(CCC(=O)OCCOC(=O)C(C)CSCCCC(=O)N(C)CCN5(CCCCC5))(CCC(=O)OCCOC(=O)C(C)CSCCCC(=O)N(C)CCN5(CCCCC5))CCN(C)C,0.14315702444872525
N(CCC(=O)OCCOC(=O)C(C)CSCCNCCCC)(CCC(=O)OCCOC(=O)C(C)CSCCNCCCC)CCN(C)C,0.20650210453724552
N(CCC(=O)OCCOC(=O)C(C)CSCCN(CC)CC)(CCC(=O)OCCOC(=O)C(C)CSCCN(CC)CC)CCN(C)C,0.10656109966616491
N(CCC(=O)OCCOC(=O)C(C)CSCCN5CCCC5)(CCC(=O)OCCOC(=O)C(C)CSCCN5CCCC5)CCN(C)C,0.10357326588390792
N(CCC(=O)OCCOC(=O)C(C)CSCCN5CCCCC5)(CCC(=O)OCCOC(=O)C(C)CSCCN5CCCCC5)CCN(C)C,0.10256680762346937
N(CCC(=O)OCCOC(=O)C(C)CSCCN5CCCCCC5)(CCC(=O)OCCOC(=O)C(C)CSCCN5CCCCCC5)CCN(C)C,0.10005175839757838
N(CCC(=O)OCCOC(=O)C(C)CSCCN(CCC)CCC)(CCC(=O)OCCOC(=O)C(C)CSCCN(CCC)CCC)CCN(C)C,0.11502638840351924
N(CCC(=O)OCCOC(=O)C(C)CSCCN(CCCC)CCCC)(CCC(=O)OCCOC(=O)C(C)CSCCN(CCCC)CCCC)CCN(C)C,0.20177520520355743
N(CCC(=O)OCCOC(=O)C(C)CSCCCC(=O)N5CCN(CCO)CC5)(CCC(=O)OCCOC(=O)C(C)CSCCCC(=O)N5CCN(CCO)CC5)CCN(C)C,0.03826033535435601
N(CCC(=O)OCCOC(=O)C(C)CSCCC(O)=O)(CCC(=O)OCCOC(=O)C(C)CSCCC(O)=O)CCN(C)C,0.14365694928380504
N(CCC(=O)OCCOC(=O)C(C)CSCCCCCC(O)=O)(CCC(=O)OCCOC(=O)C(C)CSCCCCCC(O)=O)CCN(C)C,0.1926574082932962
N(CCC(=O)OCCOC(=O)C(C)CSCCCCCCCCCCC(O)=O)(CCC(=O)OCCOC(=O)C(C)CSCCCCCCCCCCC(O)=O)CCN(C)C,0.20785686554443186
N(CCC(=O)OCCOC(=O)C(C)CSCCO)(CCC(=O)OCCOC(=O)C(C)CSCCO)CCN(C)C,0.09308026639516563
N(CCC(=O)OCCOC(=O)C(C)CSCC(O)CO)(CCC(=O)OCCOC(=O)C(C)CSCC(O)CO)CCN(C)C,0.01536567787740659
N(CCC(=O)OCCOC(=O)C(C)CSCCCO)(CCC(=O)OCCOC(=O)C(C)CSCCCO)CCN(C)C,0.1299932683354057
N(CCC(=O)OCCOC(=O)C(C)CSCCCCO)(CCC(=O)OCCOC(=O)C(C)CSCCCCO)CCN(C)C,0.15554895729555596
N(CCC(=O)OCCOC(=O)C(C)CSCCCCCCO)(CCC(=O)OCCOC(=O)C(C)CSCCCCCCO)CCN(C)C,0.16054943724726953
N(CCC(=O)OCCOC(=O)C(C)CSCCCCCCCCCCCO)(CCC(=O)OCCOC(=O)C(C)CSCCCCCCCCCCCO)CCN(C)C,0.19714758491928733
CCCCCCCCN(CCC(=O)OCCOC(=O)C(C)CSCC(C)C)CCC(=O)OCCOC(=O)C(C)CSCC(C)C,0.24371973245029882
CCCCCCCCN(CCC(=O)OCCOC(=O)C(C)CSCCCCCCCCCC)CCC(=O)OCCOC(=O)C(C)CSCCCCCCCCCC,0.292826499646141
CCCCCCCCN(CCC(=O)OCCOC(=O)C(C)CSCCCCCCCCCCC)CCC(=O)OCCOC(=O)C(C)CSCCCCCCCCCCC,0.292516977308712
CCCCCCCCN(CCC(=O)OCCOC(=O)C(C)CSCCCCCCCCCCCC)CCC(=O)OCCOC(=O)C(C)CSCCCCCCCCCCCC,0.2921145141607235
CCCCCCCCN(CCC(=O)OCCOC(=O)C(C)CSCCCCCCCCCCCCCC)CCC(=O)OCCOC(=O)C(C)CSCCCCCCCCCCCCCC,0.291384114739665
CCCCCCCCN(CCC(=O)OCCOC(=O)C(C)CSCCCCCCCCCCCCCCCC)CCC(=O)OCCOC(=O)C(C)CSCCCCCCCCCCCCCCCC,0.29074058824172816
CCCCCCCCN(CCC(=O)OCCOC(=O)C(C)CSCCCCCCCCCCCCCCCCCC)CCC(=O)OCCOC(=O)C(C)CSCCCCCCCCCCCCCCCCCC,0.2900924657696427
CCCCCCCCN(CCC(=O)OCCOC(=O)C(C)CSCCc5ccccc5)CCC(=O)OCCOC(=O)C(C)CSCCc5ccccc5,-0.00989218097489131
CCCCCCCCN(CCC(=O)OCCOC(=O)C(C)CSCCC(C)C)CCC(=O)OCCOC(=O)C(C)CSCCC(C)C,0.19163499929904798
CCCCCCCCN(CCC(=O)OCCOC(=O)C(C)CSCCCC)CCC(=O)OCCOC(=O)C(C)CSCCCC,0.28317666615985354
CCCCCCCCN(CCC(=O)OCCOC(=O)C(C)CSCCCCC)CCC(=O)OCCOC(=O)C(C)CSCCCCC,0.2899195309776611
CCCCCCCCN(CCC(=O)OCCOC(=O)C(C)CSCCCCCC)CCC(=O)OCCOC(=O)C(C)CSCCCCCC,0.28311334384936243
CCCCCCCCN(CCC(=O)OCCOC(=O)C(C)CSCCCCCCC)CCC(=O)OCCOC(=O)C(C)CSCCCCCCC,0.2862656113733786
CCCCCCCCN(CCC(=O)OCCOC(=O)C(C)CSCCCCCCCC)CCC(=O)OCCOC(=O)C(C)CSCCCCCCCC,0.29188747904559453
CCCCCCCCN(CCC(=O)OCCOC(=O)C(C)CSCCCCCCCCC)CCC(=O)OCCOC(=O)C(C)CSCCCCCCCCC,0.29310321934454897
CCCCCCCCN(CCC(=O)OCCOC(=O)C(C)CSCCN(C)C)CCC(=O)OCCOC(=O)C(C)CSCCN(C)C,0.12256787131749208
CCCCCCCCN(CCC(=O)OCCOC(=O)C(C)CSCCCC(=O)N(C)CCCN(C)C)CCC(=O)OCCOC(=O)C(C)CSCCCC(=O)N(C)CCCN(C)C,0.17597011705799334
CCCCCCCCN(CCC(=O)OCCOC(=O)C(C)CSCCCC(=O)N(C)CCN5(CCCCC5))CCC(=O)OCCOC(=O)C(C)CSCCCC(=O)N(C)CCN5(CCCCC5),0.17536801440548683
CCCCCCCCN(CCC(=O)OCCOC(=O)C(C)CSCCNCCCC)CCC(=O)OCCOC(=O)C(C)CSCCNCCCC,0.250893462334771
CCCCCCCCN(CCC(=O)OCCOC(=O)C(C)CSCCN(CC)CC)CCC(=O)OCCOC(=O)C(C)CSCCN(CC)CC,0.14967775051601961
CCCCCCCCN(CCC(=O)OCCOC(=O)C(C)CSCCN5CCCC5)CCC(=O)OCCOC(=O)C(C)CSCCN5CCCC5,0.14745848076368206
CCCCCCCCN(CCC(=O)OCCOC(=O)C(C)CSCCN5CCCCC5)CCC(=O)OCCOC(=O)C(C)CSCCN5CCCCC5,0.14435944243045826
CCCCCCCCN(CCC(=O)OCCOC(=O)C(C)CSCCN5CCCCCC5)CCC(=O)OCCOC(=O)C(C)CSCCN5CCCCCC5,0.13984457370806117
CCCCCCCCN(CCC(=O)OCCOC(=O)C(C)CSCCN(CCC)CCC)CCC(=O)OCCOC(=O)C(C)CSCCN(CCC)CCC,0.15485508535531212
CCCCCCCCN(CCC(=O)OCCOC(=O)C(C)CSCCN(CCCC)CCCC)CCC(=O)OCCOC(=O)C(C)CSCCN(CCCC)CCCC,0.23970849838525177
CCCCCCCCN(CCC(=O)OCCOC(=O)C(C)CSCCCC(=O)N5CCN(CCO)CC5)CCC(=O)OCCOC(=O)C(C)CSCCCC(=O)N5CCN(CCO)CC5,0.07117247421042999
CCCCCCCCN(CCC(=O)OCCOC(=O)C(C)CSCCC(O)=O)CCC(=O)OCCOC(=O)C(C)CSCCC(O)=O,0.1933114634771093
CCCCCCCCN(CCC(=O)OCCOC(=O)C(C)CSCCCCCC(O)=O)CCC(=O)OCCOC(=O)C(C)CSCCCCCC(O)=O,0.2361214306794503
CCCCCCCCN(CCC(=O)OCCOC(=O)C(C)CSCCCCCCCCCCC(O)=O)CCC(=O)OCCOC(=O)C(C)CSCCCCCCCCCCC(O)=O,0.2479349917206853
CCCCCCCCN(CCC(=O)OCCOC(=O)C(C)CSCCO)CCC(=O)OCCOC(=O)C(C)CSCCO,0.14646659144090393
CCCCCCCCN(CCC(=O)OCCOC(=O)C(C)CSCC(O)CO)CCC(=O)OCCOC(=O)C(C)CSCC(O)CO,0.06301337347631845
CCCCCCCCN(CCC(=O)OCCOC(=O)C(C)CSCCCO)CCC(=O)OCCOC(=O)C(C)CSCCCO,0.18073421975104728
CCCCCCCCN(CCC(=O)OCCOC(=O)C(C)CSCCCCO)CCC(=O)OCCOC(=O)C(C)CSCCCCO,0.20317825397835027
CCCCCCCCN(CCC(=O)OCCOC(=O)C(C)CSCCCCCCO)CCC(=O)OCCOC(=O)C(C)CSCCCCCCO,0.20525003201128017
CCCCCCCCN(CCC(=O)OCCOC(=O)C(C)CSCCCCCCCCCCCO)CCC(=O)OCCOC(=O)C(C)CSCCCCCCCCCCCO,0.23642111522907766
CCCCCCCCCCN(CCC(=O)OCCOC(=O)C(C)CSCC(C)C)CCC(=O)OCCOC(=O)C(C)CSCC(C)C,0.2434232770981941
CCCCCCCCCCN(CCC(=O)OCCOC(=O)C(C)CSCCCCCCCCCC)CCC(=O)OCCOC(=O)C(C)CSCCCCCCCCCC,0.292559092052217
CCCCCCCCCCN(CCC(=O)OCCOC(=O)C(C)CSCCCCCCCCCCC)CCC(=O)OCCOC(=O)C(C)CSCCCCCCCCCCC,0.29215554749854644
CCCCCCCCCCN(CCC(=O)OCCOC(=O)C(C)CSCCCCCCCCCCCC)CCC(=O)OCCOC(=O)C(C)CSCCCCCCCCCCCC,0.29178327359251405
CCCCCCCCCCN(CCC(=O)OCCOC(=O)C(C)CSCCCCCCCCCCCCCC)CCC(=O)OCCOC(=O)C(C)CSCCCCCCCCCCCCCC,0.29109246563503594
CCCCCCCCCCN(CCC(=O)OCCOC(=O)C(C)CSCCCCCCCCCCCCCCCC)CCC(=O)OCCOC(=O)C(C)CSCCCCCCCCCCCCCCCC,0.2904400776183159
CCCCCCCCCCN(CCC(=O)OCCOC(=O)C(C)CSCCCCCCCCCCCCCCCCCC)CCC(=O)OCCOC(=O)C(C)CSCCCCCCCCCCCCCCCCCC,0.2898253285271392
CCCCCCCCCCN(CCC(=O)OCCOC(=O)C(C)CSCCc5ccccc5)CCC(=O)OCCOC(=O)C(C)CSCCc5ccccc5,-0.004728581489712685
CCCCCCCCCCN(CCC(=O)OCCOC(=O)C(C)CSCCC(C)C)CCC(=O)OCCOC(=O)C(C)CSCCC(C)C,0.19326207928429748
CCCCCCCCCCN(CCC(=O)OCCOC(=O)C(C)CSCCCC)CCC(=O)OCCOC(=O)C(C)CSCCCC,0.28158504726926004
CCCCCCCCCCN(CCC(=O)OCCOC(=O)C(C)CSCCCCC)CCC(=O)OCCOC(=O)C(C)CSCCCCC,0.28816035428444925
CCCCCCCCCCN(CCC(=O)OCCOC(=O)C(C)CSCCCCCC)CCC(=O)OCCOC(=O)C(C)CSCCCCCC,0.281955849262003
CCCCCCCCCCN(CCC(=O)OCCOC(=O)C(C)CSCCCCCCC)CCC(=O)OCCOC(=O)C(C)CSCCCCCCC,0.2850948395273678
CCCCCCCCCCN(CCC(=O)OCCOC(=O)C(C)CSCCCCCCCC)CCC(=O)OCCOC(=O)C(C)CSCCCCCCCC,0.2909849859258627
CCCCCCCCCCN(CCC(=O)OCCOC(=O)C(C)CSCCCCCCCCC)CCC(=O)OCCOC(=O)C(C)CSCCCCCCCCC,0.29287149813813135
CCCCCCCCCCN(CCC(=O)OCCOC(=O)C(C)CSCCN(C)C)CCC(=O)OCCOC(=O)C(C)CSCCN(C)C,0.12664049017451662
CCCCCCCCCCN(CCC(=O)OCCOC(=O)C(C)CSCCCC(=O)N(C)CCCN(C)C)CCC(=O)OCCOC(=O)C(C)CSCCCC(=O)N(C)CCCN(C)C,0.1775514475750844
CCCCCCCCCCN(CCC(=O)OCCOC(=O)C(C)CSCCCC(=O)N(C)CCN5(CCCCC5))CCC(=O)OCCOC(=O)C(C)CSCCCC(=O)N(C)CCN5(CCCCC5),0.17682702592432373
CCCCCCCCCCN(CCC(=O)OCCOC(=O)C(C)CSCCNCCCC)CCC(=O)OCCOC(=O)C(C)CSCCNCCCC,0.25101806430057605
CCCCCCCCCCN(CCC(=O)OCCOC(=O)C(C)CSCCN(CC)CC)CCC(=O)OCCOC(=O)C(C)CSCCN(CC)CC,0.15244952845472476
CCCCCCCCCCN(CCC(=O)OCCOC(=O)C(C)CSCCN5CCCC5)CCC(=O)OCCOC(=O)C(C)CSCCN5CCCC5,0.15022015056316507
CCCCCCCCCCN(CCC(=O)OCCOC(=O)C(C)CSCCN5CCCCC5)CCC(=O)OCCOC(=O)C(C)CSCCN5CCCCC5,0.14701651626925338
CCCCCCCCCCN(CCC(=O)OCCOC(=O)C(C)CSCCN5CCCCCC5)CCC(=O)OCCOC(=O)C(C)CSCCN5CCCCCC5,0.14254011254618454
CCCCCCCCCCN(CCC(=O)OCCOC(=O)C(C)CSCCN(CCC)CCC)CCC(=O)OCCOC(=O)C(C)CSCCN(CCC)CCC,0.15729870172809693
CCCCCCCCCCN(CCC(=O)OCCOC(=O)C(C)CSCCN(CCCC)CCCC)CCC(=O)OCCOC(=O)C(C)CSCCN(CCCC)CCCC,0.2399355635394274
CCCCCCCCCCN(CCC(=O)OCCOC(=O)C(C)CSCCCC(=O)N5CCN(CCO)CC5)CCC(=O)OCCOC(=O)C(C)CSCCCC(=O)N5CCN(CCO)CC5,0.075265774951123
CCCCCCCCCCN(CCC(=O)OCCOC(=O)C(C)CSCCC(O)=O)CCC(=O)OCCOC(=O)C(C)CSCCC(O)=O,0.1948839775339873
CCCCCCCCCCN(CCC(=O)OCCOC(=O)C(C)CSCCCCCC(O)=O)CCC(=O)OCCOC(=O)C(C)CSCCCCCC(O)=O,0.23661606864230691
CCCCCCCCCCN(CCC(=O)OCCOC(=O)C(C)CSCCCCCCCCCCC(O)=O)CCC(=O)OCCOC(=O)C(C)CSCCCCCCCCCCC(O)=O,0.24809119476364253
CCCCCCCCCCN(CCC(=O)OCCOC(=O)C(C)CSCCO)CCC(=O)OCCOC(=O)C(C)CSCCO,0.14973159550726975
CCCCCCCCCCN(CCC(=O)OCCOC(=O)C(C)CSCC(O)CO)CCC(=O)OCCOC(=O)C(C)CSCC(O)CO,0.06897397645890106
CCCCCCCCCCN(CCC(=O)OCCOC(=O)C(C)CSCCCO)CCC(=O)OCCOC(=O)C(C)CSCCCO,0.18292729545464279
CCCCCCCCCCN(CCC(=O)OCCOC(=O)C(C)CSCCCCO)CCC(=O)OCCOC(=O)C(C)CSCCCCO,0.20442485939781213
CCCCCCCCCCN(CCC(=O)OCCOC(=O)C(C)CSCCCCCCO)CCC(=O)OCCOC(=O)C(C)CSCCCCCCO,0.20611631306018802
CCCCCCCCCCN(CCC(=O)OCCOC(=O)C(C)CSCCCCCCCCCCCO)CCC(=O)OCCOC(=O)C(C)CSCCCCCCCCCCCO,0.23683197429062514
CCCCCCCCCCCCN(CCC(=O)OCCOC(=O)C(C)CSCC(C)C)CCC(=O)OCCOC(=O)C(C)CSCC(C)C,0.24330517858600448
CCCCCCCCCCCCN(CCC(=O)OCCOC(=O)C(C)CSCCCCCCCCCC)CCC(=O)OCCOC(=O)C(C)CSCCCCCCCCCC,0.29215554749854644
CCCCCCCCCCCCN(CCC(=O)OCCOC(=O)C(C)CSCCCCCCCCCCC)CCC(=O)OCCOC(=O)C(C)CSCCCCCCCCCCC,0.29178324355346735
CCCCCCCCCCCCN(CCC(=O)OCCOC(=O)C(C)CSCCCCCCCCCCCC)CCC(=O)OCCOC(=O)C(C)CSCCCCCCCCCCCC,0.29142310542231087
CCCCCCCCCCCCN(CCC(=O)OCCOC(=O)C(C)CSCCCCCCCCCCCCCC)CCC(=O)OCCOC(=O)C(C)CSCCCCCCCCCCCCCC,0.29077405173977705
CCCCCCCCCCCCN(CCC(=O)OCCOC(=O)C(C)CSCCCCCCCCCCCCCCCC)CCC(=O)OCCOC(=O)C(C)CSCCCCCCCCCCCCCCCC,0.2901243071591686
CCCCCCCCCCCCN(CCC(=O)OCCOC(=O)C(C)CSCCCCCCCCCCCCCCCCCC)CCC(=O)OCCOC(=O)C(C)CSCCCCCCCCCCCCCCCCCC,0.28954194016035883
CCCCCCCCCCCCN(CCC(=O)OCCOC(=O)C(C)CSCCc5ccccc5)CCC(=O)OCCOC(=O)C(C)CSCCc5ccccc5,0.000404475794710802
CCCCCCCCCCCCN(CCC(=O)OCCOC(=O)C(C)CSCCC(C)C)CCC(=O)OCCOC(=O)C(C)CSCCC(C)C,0.1948867411262858
CCCCCCCCCCCCN(CCC(=O)OCCOC(=O)C(C)CSCCCC)CCC(=O)OCCOC(=O)C(C)CSCCCC,0.28045434751157705
CCCCCCCCCCCCN(CCC(=O)OCCOC(=O)C(C)CSCCCCC)CCC(=O)OCCOC(=O)C(C)CSCCCCC,0.2866100991611926
CCCCCCCCCCCCN(CCC(=O)OCCOC(=O)C(C)CSCCCCCC)CCC(=O)OCCOC(=O)C(C)CSCCCCCC,0.2809130137159835
CCCCCCCCCCCCN(CCC(=O)OCCOC(=O)C(C)CSCCCCCCC)CCC(=O)OCCOC(=O)C(C)CSCCCCCCC,0.28393635365146647
CCCCCCCCCCCCN(CCC(=O)OCCOC(=O)C(C)CSCCCCCCCC)CCC(=O)OCCOC(=O)C(C)CSCCCCCCCC,0.29078258282904623
CCCCCCCCCCCCN(CCC(=O)OCCOC(=O)C(C)CSCCCCCCCCC)CCC(=O)OCCOC(=O)C(C)CSCCCCCCCCC,0.2925591220912637
CCCCCCCCCCCCN(CCC(=O)OCCOC(=O)C(C)CSCCN(C)C)CCC(=O)OCCOC(=O)C(C)CSCCN(C)C,0.13047431362962036
CCCCCCCCCCCCN(CCC(=O)OCCOC(=O)C(C)CSCCCC(=O)N(C)CCCN(C)C)CCC(=O)OCCOC(=O)C(C)CSCCCC(=O)N(C)CCCN(C)C,0.17913672822681947
CCCCCCCCCCCCN(CCC(=O)OCCOC(=O)C(C)CSCCCC(=O)N(C)CCN5(CCCCC5))CCC(=O)OCCOC(=O)C(C)CSCCCC(=O)N(C)CCN5(CCCCC5),0.178150726557199
CCCCCCCCCCCCN(CCC(=O)OCCOC(=O)C(C)CSCCNCCCC)CCC(=O)OCCOC(=O)C(C)CSCCNCCCC,0.2510276767955273
CCCCCCCCCCCCN(CCC(=O)OCCOC(=O)C(C)CSCCN(CC)CC)CCC(=O)OCCOC(=O)C(C)CSCCN(CC)CC,0.1549892998160684
CCCCCCCCCCCCN(CCC(=O)OCCOC(=O)C(C)CSCCN5CCCC5)CCC(=O)OCCOC(=O)C(C)CSCCN5CCCC5,0.15270006912391407
CCCCCCCCCCCCN(CCC(=O)OCCOC(=O)C(C)CSCCN5CCCCC5)CCC(=O)OCCOC(=O)C(C)CSCCN5CCCCC5,0.14958614644303925
CCCCCCCCCCCCN(CCC(=O)OCCOC(=O)C(C)CSCCN5CCCCCC5)CCC(=O)OCCOC(=O)C(C)CSCCN5CCCCCC5,0.14506082413238272
CCCCCCCCCCCCN(CCC(=O)OCCOC(=O)C(C)CSCCN(CCC)CCC)CCC(=O)OCCOC(=O)C(C)CSCCN(CCC)CCC,0.1599314889976169
CCCCCCCCCCCCN(CCC(=O)OCCOC(=O)C(C)CSCCN(CCCC)CCCC)CCC(=O)OCCOC(=O)C(C)CSCCN(CCCC)CCCC,0.24020855839604183
CCCCCCCCCCCCN(CCC(=O)OCCOC(=O)C(C)CSCCCC(=O)N5CCN(CCO)CC5)CCC(=O)OCCOC(=O)C(C)CSCCCC(=O)N5CCN(CCO)CC5,0.07916541395759581
CCCCCCCCCCCCN(CCC(=O)OCCOC(=O)C(C)CSCCC(O)=O)CCC(=O)OCCOC(=O)C(C)CSCCC(O)=O,0.19631188361994303
CCCCCCCCCCCCN(CCC(=O)OCCOC(=O)C(C)CSCCCCCC(O)=O)CCC(=O)OCCOC(=O)C(C)CSCCCCCC(O)=O,0.2372425630007521
CCCCCCCCCCCCN(CCC(=O)OCCOC(=O)C(C)CSCCCCCCCCCCC(O)=O)CCC(=O)OCCOC(=O)C(C)CSCCCCCCCCCCC(O)=O,0.24812808271301776
CCCCCCCCCCCCN(CCC(=O)OCCOC(=O)C(C)CSCCO)CCC(=O)OCCOC(=O)C(C)CSCCO,0.15296152898658702
CCCCCCCCCCCCN(CCC(=O)OCCOC(=O)C(C)CSCC(O)CO)CCC(=O)OCCOC(=O)C(C)CSCC(O)CO,0.07442971318321803
CCCCCCCCCCCCN(CCC(=O)OCCOC(=O)C(C)CSCCCO)CCC(=O)OCCOC(=O)C(C)CSCCCO,0.18467040125785805
CCCCCCCCCCCCN(CCC(=O)OCCOC(=O)C(C)CSCCCCO)CCC(=O)OCCOC(=O)C(C)CSCCCCO,0.20550638523601028
CCCCCCCCCCCCN(CCC(=O)OCCOC(=O)C(C)CSCCCCCCO)CCC(=O)OCCOC(=O)C(C)CSCCCCCCO,0.2069789293453957
CCCCCCCCCCCCN(CCC(=O)OCCOC(=O)C(C)CSCCCCCCCCCCCO)CCC(=O)OCCOC(=O)C(C)CSCCCCCCCCCCCO,0.23721560295631863
CCCCCCCCCCCCCCN(CCC(=O)OCCOC(=O)C(C)CSCC(C)C)CCC(=O)OCCOC(=O)C(C)CSCC(C)C,0.24322932999303007
CCCCCCCCCCCCCCN(CCC(=O)OCCOC(=O)C(C)CSCCCCCCCCCC)CCC(=O)OCCOC(=O)C(C)CSCCCCCCCCCC,0.29178327359251405
CCCCCCCCCCCCCCN(CCC(=O)OCCOC(=O)C(C)CSCCCCCCCCCCC)CCC(=O)OCCOC(=O)C(C)CSCCCCCCCCCCC,0.2914230753832641
CCCCCCCCCCCCCCN(CCC(=O)OCCOC(=O)C(C)CSCCCCCCCCCCCC)CCC(=O)OCCOC(=O)C(C)CSCCCCCCCCCCCC,0.2910924355959892
CCCCCCCCCCCCCCN(CCC(=O)OCCOC(=O)C(C)CSCCCCCCCCCCCCCC)CCC(=O)OCCOC(=O)C(C)CSCCCCCCCCCCCCCC,0.2904400175402225
CCCCCCCCCCCCCCN(CCC(=O)OCCOC(=O)C(C)CSCCCCCCCCCCCCCCCC)CCC(=O)OCCOC(=O)C(C)CSCCCCCCCCCCCCCCCC,0.2898253585661859
CCCCCCCCCCCCCCN(CCC(=O)OCCOC(=O)C(C)CSCCCCCCCCCCCCCCCCCC)CCC(=O)OCCOC(=O)C(C)CSCCCCCCCCCCCCCCCCCC,0.2893021084113261
CCCCCCCCCCCCCCN(CCC(=O)OCCOC(=O)C(C)CSCCc5ccccc5)CCC(=O)OCCOC(=O)C(C)CSCCc5ccccc5,0.005205113008980926
CCCCCCCCCCCCCCN(CCC(=O)OCCOC(=O)C(C)CSCCC(C)C)CCC(=O)OCCOC(=O)C(C)CSCCC(C)C,0.19659542218195705
CCCCCCCCCCCCCCN(CCC(=O)OCCOC(=O)C(C)CSCCCC)CCC(=O)OCCOC(=O)C(C)CSCCCC,0.2794353329296085
CCCCCCCCCCCCCCN(CCC(=O)OCCOC(=O)C(C)CSCCCCC)CCC(=O)OCCOC(=O)C(C)CSCCCCC,0.2854065246761608
CCCCCCCCCCCCCCN(CCC(=O)OCCOC(=O)C(C)CSCCCCCC)CCC(=O)OCCOC(=O)C(C)CSCCCCCC,0.27978663958102856
CCCCCCCCCCCCCCN(CCC(=O)OCCOC(=O)C(C)CSCCCCCCC)CCC(=O)OCCOC(=O)C(C)CSCCCCCCC,0.28398216319771835
CCCCCCCCCCCCCCN(CCC(=O)OCCOC(=O)C(C)CSCCCCCCCC)CCC(=O)OCCOC(=O)C(C)CSCCCCCCCC,0.2905939976937222
CCCCCCCCCCCCCCN(CCC(=O)OCCOC(=O)C(C)CSCCCCCCCCC)CCC(=O)OCCOC(=O)C(C)CSCCCCCCCCC,0.292155487420453
CCCCCCCCCCCCCCN(CCC(=O)OCCOC(=O)C(C)CSCCN(C)C)CCC(=O)OCCOC(=O)C(C)CSCCN(C)C,0.13410384152796415
CCCCCCCCCCCCCCN(CCC(=O)OCCOC(=O)C(C)CSCCCC(=O)N(C)CCCN(C)C)CCC(=O)OCCOC(=O)C(C)CSCCCC(=O)N(C)CCCN(C)C,0.18068983705951472
CCCCCCCCCCCCCCN(CCC(=O)OCCOC(=O)C(C)CSCCCC(=O)N(C)CCN5(CCCCC5))CCC(=O)OCCOC(=O)C(C)CSCCCC(=O)N(C)CCN5(CCCCC5),0.17934360714159758
CCCCCCCCCCCCCCN(CCC(=O)OCCOC(=O)C(C)CSCCNCCCC)CCC(=O)OCCOC(=O)C(C)CSCCNCCCC,0.2508583166501056
CCCCCCCCCCCCCCN(CCC(=O)OCCOC(=O)C(C)CSCCN(CC)CC)CCC(=O)OCCOC(=O)C(C)CSCCN(CC)CC,0.15743755722157185
CCCCCCCCCCCCCCN(CCC(=O)OCCOC(=O)C(C)CSCCN5CCCC5)CCC(=O)OCCOC(=O)C(C)CSCCN5CCCC5,0.15501507331815634
CCCCCCCCCCCCCCN(CCC(=O)OCCOC(=O)C(C)CSCCN5CCCCC5)CCC(=O)OCCOC(=O)C(C)CSCCN5CCCCC5,0.1519375729814326
CCCCCCCCCCCCCCN(CCC(=O)OCCOC(=O)C(C)CSCCN5CCCCCC5)CCC(=O)OCCOC(=O)C(C)CSCCN5CCCCCC5,0.1474717279832867
CCCCCCCCCCCCCCN(CCC(=O)OCCOC(=O)C(C)CSCCN(CCC)CCC)CCC(=O)OCCOC(=O)C(C)CSCCN(CCC)CCC,0.1625351834503861
CCCCCCCCCCCCCCN(CCC(=O)OCCOC(=O)C(C)CSCCN(CCCC)CCCC)CCC(=O)OCCOC(=O)C(C)CSCCN(CCCC)CCCC,0.24046626337787444
CCCCCCCCCCCCCCN(CCC(=O)OCCOC(=O)C(C)CSCCCC(=O)N5CCN(CCO)CC5)CCC(=O)OCCOC(=O)C(C)CSCCCC(=O)N5CCN(CCO)CC5,0.08284518216158304
CCCCCCCCCCCCCCN(CCC(=O)OCCOC(=O)C(C)CSCCC(O)=O)CCC(=O)OCCOC(=O)C(C)CSCCC(O)=O,0.1976498377804881
CCCCCCCCCCCCCCN(CCC(=O)OCCOC(=O)C(C)CSCCCCCC(O)=O)CCC(=O)OCCOC(=O)C(C)CSCCCCCC(O)=O,0.23783368638168154
CCCCCCCCCCCCCCN(CCC(=O)OCCOC(=O)C(C)CSCCCCCCCCCCC(O)=O)CCC(=O)OCCOC(=O)C(C)CSCCCCCCCCCCC(O)=O,0.24816531611143036
CCCCCCCCCCCCCCN(CCC(=O)OCCOC(=O)C(C)CSCCO)CCC(=O)OCCOC(=O)C(C)CSCCO,0.15595751837002916
CCCCCCCCCCCCCCN(CCC(=O)OCCOC(=O)C(C)CSCC(O)CO)CCC(=O)OCCOC(=O)C(C)CSCC(O)CO,0.07962664850049699
CCCCCCCCCCCCCCN(CCC(=O)OCCOC(=O)C(C)CSCCCO)CCC(=O)OCCOC(=O)C(C)CSCCCO,0.1862852102925214
CCCCCCCCCCCCCCN(CCC(=O)OCCOC(=O)C(C)CSCCCCO)CCC(=O)OCCOC(=O)C(C)CSCCCCO,0.2063491006527643
CCCCCCCCCCCCCCN(CCC(=O)OCCOC(=O)C(C)CSCCCCCCO)CCC(=O)OCCOC(=O)C(C)CSCCCCCCO,0.20792819326087453
CCCCCCCCCCCCCCN(CCC(=O)OCCOC(=O)C(C)CSCCCCCCCCCCCO)CCC(=O)OCCOC(=O)C(C)CSCCCCCCCCCCCO,0.2375761766536526
CCCCCCCCCCCCCCCCN(CCC(=O)OCCOC(=O)C(C)CSCC(C)C)CCC(=O)OCCOC(=O)C(C)CSCC(C)C,0.243270153057526
CCCCCCCCCCCCCCCCN(CCC(=O)OCCOC(=O)C(C)CSCCCCCCCCCC)CCC(=O)OCCOC(=O)C(C)CSCCCCCCCCCC,0.29142313546135756
CCCCCCCCCCCCCCCCN(CCC(=O)OCCOC(=O)C(C)CSCCCCCCCCCCC)CCC(=O)OCCOC(=O)C(C)CSCCCCCCCCCCC,0.29109237551789574
CCCCCCCCCCCCCCCCN(CCC(=O)OCCOC(=O)C(C)CSCCCCCCCCCCCC)CCC(=O)OCCOC(=O)C(C)CSCCCCCCCCCCCC,0.29077408177882375
CCCCCCCCCCCCCCCCN(CCC(=O)OCCOC(=O)C(C)CSCCCCCCCCCCCCCC)CCC(=O)OCCOC(=O)C(C)CSCCCCCCCCCCCCCC,0.2901242771201219
CCCCCCCCCCCCCCCCN(CCC(=O)OCCOC(=O)C(C)CSCCCCCCCCCCCCCCCC)CCC(=O)OCCOC(=O)C(C)CSCCCCCCCCCCCCCCCC,0.28954197019940553
CCCCCCCCCCCCCCCCN(CCC(=O)OCCOC(=O)C(C)CSCCCCCCCCCCCCCCCCCC)CCC(=O)OCCOC(=O)C(C)CSCCCCCCCCCCCCCCCCCC,0.2891226251071589
CCCCCCCCCCCCCCCCN(CCC(=O)OCCOC(=O)C(C)CSCCc5ccccc5)CCC(=O)OCCOC(=O)C(C)CSCCc5ccccc5,0.010028715543830533
CCCCCCCCCCCCCCCCN(CCC(=O)OCCOC(=O)C(C)CSCCC(C)C)CCC(=O)OCCOC(=O)C(C)CSCCC(C)C,0.198213790843657
CCCCCCCCCCCCCCCCN(CCC(=O)OCCOC(=O)C(C)CSCCCC)CCC(=O)OCCOC(=O)C(C)CSCCCC,0.27847582569919727
CCCCCCCCCCCCCCCCN(CCC(=O)OCCOC(=O)C(C)CSCCCCC)CCC(=O)OCCOC(=O)C(C)CSCCCCC,0.2843650709262905
CCCCCCCCCCCCCCCCN(CCC(=O)OCCOC(=O)C(C)CSCCCCCC)CCC(=O)OCCOC(=O)C(C)CSCCCCCC,0.2793185411159513
CCCCCCCCCCCCCCCCN(CCC(=O)OCCOC(=O)C(C)CSCCCCCCC)CCC(=O)OCCOC(=O)C(C)CSCCCCCCC,0.28402493880025126
CCCCCCCCCCCCCCCCN(CCC(=O)OCCOC(=O)C(C)CSCCCCCCCC)CCC(=O)OCCOC(=O)C(C)CSCCCCCCCC,0.290271498488109
CCCCCCCCCCCCCCCCN(CCC(=O)OCCOC(=O)C(C)CSCCCCCCCCC)CCC(=O)OCCOC(=O)C(C)CSCCCCCCCCC,0.2917833036315608
CCCCCCCCCCCCCCCCN(CCC(=O)OCCOC(=O)C(C)CSCCN(C)C)CCC(=O)OCCOC(=O)C(C)CSCCN(C)C,0.13757266052634237
CCCCCCCCCCCCCCCCN(CCC(=O)OCCOC(=O)C(C)CSCCCC(=O)N(C)CCCN(C)C)CCC(=O)OCCOC(=O)C(C)CSCCCC(=O)N(C)CCCN(C)C,0.18235874641732536
CCCCCCCCCCCCCCCCN(CCC(=O)OCCOC(=O)C(C)CSCCCC(=O)N(C)CCN5(CCCCC5))CCC(=O)OCCOC(=O)C(C)CSCCCC(=O)N(C)CCN5(CCCCC5),0.180443727149717
CCCCCCCCCCCCCCCCN(CCC(=O)OCCOC(=O)C(C)CSCCNCCCC)CCC(=O)OCCOC(=O)C(C)CSCCNCCCC,0.2507424560468968
CCCCCCCCCCCCCCCCN(CCC(=O)OCCOC(=O)C(C)CSCCN(CC)CC)CCC(=O)OCCOC(=O)C(C)CSCCN(CC)CC,0.1601244898728092
CCCCCCCCCCCCCCCCN(CCC(=O)OCCOC(=O)C(C)CSCCN5CCCC5)CCC(=O)OCCOC(=O)C(C)CSCCN5CCCC5,0.1572007594162581
CCCCCCCCCCCCCCCCN(CCC(=O)OCCOC(=O)C(C)CSCCN5CCCCC5)CCC(=O)OCCOC(=O)C(C)CSCCN5CCCCC5,0.1541101770746867
CCCCCCCCCCCCCCCCN(CCC(=O)OCCOC(=O)C(C)CSCCN5CCCCCC5)CCC(=O)OCCOC(=O)C(C)CSCCN5CCCCCC5,0.1497753173397744
CCCCCCCCCCCCCCCCN(CCC(=O)OCCOC(=O)C(C)CSCCN(CCC)CCC)CCC(=O)OCCOC(=O)C(C)CSCCN(CCC)CCC,0.16497378330236825
CCCCCCCCCCCCCCCCN(CCC(=O)OCCOC(=O)C(C)CSCCN(CCCC)CCCC)CCC(=O)OCCOC(=O)C(C)CSCCN(CCCC)CCCC,0.2407275279867437
CCCCCCCCCCCCCCCCN(CCC(=O)OCCOC(=O)C(C)CSCCCC(=O)N5CCN(CCO)CC5)CCC(=O)OCCOC(=O)C(C)CSCCCC(=O)N5CCN(CCO)CC5,0.08637741358759253
CCCCCCCCCCCCCCCCN(CCC(=O)OCCOC(=O)C(C)CSCCC(O)=O)CCC(=O)OCCOC(=O)C(C)CSCCC(O)=O,0.19912594151691015
CCCCCCCCCCCCCCCCN(CCC(=O)OCCOC(=O)C(C)CSCCCCCC(O)=O)CCC(=O)OCCOC(=O)C(C)CSCCCCCC(O)=O,0.23842096476463046
CCCCCCCCCCCCCCCCN(CCC(=O)OCCOC(=O)C(C)CSCCCCCCCCCCC(O)=O)CCC(=O)OCCOC(=O)C(C)CSCCCCCCCCCCC(O)=O,0.24820061199132934
CCCCCCCCCCCCCCCCN(CCC(=O)OCCOC(=O)C(C)CSCCO)CCC(=O)OCCOC(=O)C(C)CSCCO,0.15873812778847074
CCCCCCCCCCCCCCCCN(CCC(=O)OCCOC(=O)C(C)CSCC(O)CO)CCC(=O)OCCOC(=O)C(C)CSCC(O)CO,0.08443743187215776
CCCCCCCCCCCCCCCCN(CCC(=O)OCCOC(=O)C(C)CSCCCO)CCC(=O)OCCOC(=O)C(C)CSCCCO,0.1877742758776042
CCCCCCCCCCCCCCCCN(CCC(=O)OCCOC(=O)C(C)CSCCCCO)CCC(=O)OCCOC(=O)C(C)CSCCCCO,0.20717035317063506
CCCCCCCCCCCCCCCCN(CCC(=O)OCCOC(=O)C(C)CSCCCCCCO)CCC(=O)OCCOC(=O)C(C)CSCCCCCCO,0.2089846665341061
CCCCCCCCCCCCCCCCN(CCC(=O)OCCOC(=O)C(C)CSCCCCCCCCCCCO)CCC(=O)OCCOC(=O)C(C)CSCCCCCCCCCCCO,0.2379159483111312
CCCCCCCCCCCCCCCCCCN(CCC(=O)OCCOC(=O)C(C)CSCC(C)C)CCC(=O)OCCOC(=O)C(C)CSCC(C)C,0.2434442593723298
CCCCCCCCCCCCCCCCCCN(CCC(=O)OCCOC(=O)C(C)CSCCCCCCCCCC)CCC(=O)OCCOC(=O)C(C)CSCCCCCCCCCC,0.2910924355959892
CCCCCCCCCCCCCCCCCCN(CCC(=O)OCCOC(=O)C(C)CSCCCCCCCCCCC)CCC(=O)OCCOC(=O)C(C)CSCCCCCCCCCCC,0.29077408177882375
CCCCCCCCCCCCCCCCCCN(CCC(=O)OCCOC(=O)C(C)CSCCCCCCCCCCCC)CCC(=O)OCCOC(=O)C(C)CSCCCCCCCCCCCC,0.29044013769640936
CCCCCCCCCCCCCCCCCCN(CCC(=O)OCCOC(=O)C(C)CSCCCCCCCCCCCCCC)CCC(=O)OCCOC(=O)C(C)CSCCCCCCCCCCCCCC,0.28982541864427935
CCCCCCCCCCCCCCCCCCN(CCC(=O)OCCOC(=O)C(C)CSCCCCCCCCCCCCCCCC)CCC(=O)OCCOC(=O)C(C)CSCCCCCCCCCCCCCCCC,0.28930213845037284
CCCCCCCCCCCCCCCCCCN(CCC(=O)OCCOC(=O)C(C)CSCCCCCCCCCCCCCCCCCC)CCC(=O)OCCOC(=O)C(C)CSCCCCCCCCCCCCCCCCCC,0.2889518230874946
CCCCCCCCCCCCCCCCCCN(CCC(=O)OCCOC(=O)C(C)CSCCc5ccccc5)CCC(=O)OCCOC(=O)C(C)CSCCc5ccccc5,0.014921941079221297
CCCCCCCCCCCCCCCCCCN(CCC(=O)OCCOC(=O)C(C)CSCCC(C)C)CCC(=O)OCCOC(=O)C(C)CSCCC(C)C,0.19971978343156796
CCCCCCCCCCCCCCCCCCN(CCC(=O)OCCOC(=O)C(C)CSCCCC)CCC(=O)OCCOC(=O)C(C)CSCCCC,0.2774533265878089
CCCCCCCCCCCCCCCCCCN(CCC(=O)OCCOC(=O)C(C)CSCCCCC)CCC(=O)OCCOC(=O)C(C)CSCCCCC,0.28440337071086175
CCCCCCCCCCCCCCCCCCN(CCC(=O)OCCOC(=O)C(C)CSCCCCCC)CCC(=O)OCCOC(=O)C(C)CSCCCCCC,0.27951872132331024
CCCCCCCCCCCCCCCCCCN(CCC(=O)OCCOC(=O)C(C)CSCCCCCCC)CCC(=O)OCCOC(=O)C(C)CSCCCCCCC,0.283991835770763
CCCCCCCCCCCCCCCCCCN(CCC(=O)OCCOC(=O)C(C)CSCCCCCCCC)CCC(=O)OCCOC(=O)C(C)CSCCCCCCCC,0.289949960531991
CCCCCCCCCCCCCCCCCCN(CCC(=O)OCCOC(=O)C(C)CSCCCCCCCCC)CCC(=O)OCCOC(=O)C(C)CSCCCCCCCCC,0.2914230753832641
CCCCCCCCCCCCCCCCCCN(CCC(=O)OCCOC(=O)C(C)CSCCN(C)C)CCC(=O)OCCOC(=O)C(C)CSCCN(C)C,0.14089442337149044
CCCCCCCCCCCCCCCCCCN(CCC(=O)OCCOC(=O)C(C)CSCCCC(=O)N(C)CCCN(C)C)CCC(=O)OCCOC(=O)C(C)CSCCCC(=O)N(C)CCCN(C)C,0.18396661643219578
CCCCCCCCCCCCCCCCCCN(CCC(=O)OCCOC(=O)C(C)CSCCCC(=O)N(C)CCN5(CCCCC5))CCC(=O)OCCOC(=O)C(C)CSCCCC(=O)N(C)CCN5(CCCCC5),0.18156485947101883
CCCCCCCCCCCCCCCCCCN(CCC(=O)OCCOC(=O)C(C)CSCCNCCCC)CCC(=O)OCCOC(=O)C(C)CSCCNCCCC,0.2506342253615555
CCCCCCCCCCCCCCCCCCN(CCC(=O)OCCOC(=O)C(C)CSCCN(CC)CC)CCC(=O)OCCOC(=O)C(C)CSCCN(CC)CC,0.16274484097698602
CCCCCCCCCCCCCCCCCCN(CCC(=O)OCCOC(=O)C(C)CSCCN5CCCC5)CCC(=O)OCCOC(=O)C(C)CSCCN5CCCC5,0.1593751808718389
CCCCCCCCCCCCCCCCCCN(CCC(=O)OCCOC(=O)C(C)CSCCN5CCCCC5)CCC(=O)OCCOC(=O)C(C)CSCCN5CCCCC5,0.15618007766719644
CCCCCCCCCCCCCCCCCCN(CCC(=O)OCCOC(=O)C(C)CSCCN5CCCCCC5)CCC(=O)OCCOC(=O)C(C)CSCCN5CCCCCC5,0.15188063396837
CCCCCCCCCCCCCCCCCCN(CCC(=O)OCCOC(=O)C(C)CSCCN(CCC)CCC)CCC(=O)OCCOC(=O)C(C)CSCCN(CCC)CCC,0.16727906986499577
CCCCCCCCCCCCCCCCCCN(CCC(=O)OCCOC(=O)C(C)CSCCN(CCCC)CCCC)CCC(=O)OCCOC(=O)C(C)CSCCN(CCCC)CCCC,0.24104440989061973
CCCCCCCCCCCCCCCCCCN(CCC(=O)OCCOC(=O)C(C)CSCCCC(=O)N5CCN(CCO)CC5)CCC(=O)OCCOC(=O)C(C)CSCCCC(=O)N5CCN(CCO)CC5,0.08976068138090497
CCCCCCCCCCCCCCCCCCN(CCC(=O)OCCOC(=O)C(C)CSCCC(O)=O)CCC(=O)OCCOC(=O)C(C)CSCCC(O)=O,0.20041087675998998
CCCCCCCCCCCCCCCCCCN(CCC(=O)OCCOC(=O)C(C)CSCCCCCC(O)=O)CCC(=O)OCCOC(=O)C(C)CSCCCCCC(O)=O,0.23888906322970774
CCCCCCCCCCCCCCCCCCN(CCC(=O)OCCOC(=O)C(C)CSCCCCCCCCCCC(O)=O)CCC(=O)OCCOC(=O)C(C)CSCCCCCCCCCCC(O)=O,0.2482361932421722
CCCCCCCCCCCCCCCCCCN(CCC(=O)OCCOC(=O)C(C)CSCCO)CCC(=O)OCCOC(=O)C(C)CSCCO,0.1613583887755074
CCCCCCCCCCCCCCCCCCN(CCC(=O)OCCOC(=O)C(C)CSCC(O)CO)CCC(=O)OCCOC(=O)C(C)CSCC(O)CO,0.08892585121391564
CCCCCCCCCCCCCCCCCCN(CCC(=O)OCCOC(=O)C(C)CSCCCO)CCC(=O)OCCOC(=O)C(C)CSCCCO,0.1891800431861254
CCCCCCCCCCCCCCCCCCN(CCC(=O)OCCOC(=O)C(C)CSCCCCO)CCC(=O)OCCOC(=O)C(C)CSCCCCO,0.20802341703898497
CCCCCCCCCCCCCCCCCCN(CCC(=O)OCCOC(=O)C(C)CSCCCCCCO)CCC(=O)OCCOC(=O)C(C)CSCCCCCCO,0.20997168953131518
CCCCCCCCCCCCCCCCCCN(CCC(=O)OCCOC(=O)C(C)CSCCCCCCCCCCCO)CCC(=O)OCCOC(=O)C(C)CSCCCCCCCCCCCO,0.23823685544726805
C1C(CN(CCC(=O)OCCOC(=O)C(C)CSCC(C)C)(CCC(=O)OCCOC(=O)C(C)CSCC(C)C))CCN(CCC(=O)OCCOC(=O)C(C)CSCC(C)C)C1,0.1187936603506092
C1C(CN(CCC(=O)OCCOC(=O)C(C)CSCCCCCCCCCC)(CCC(=O)OCCOC(=O)C(C)CSCCCCCCCCCC))CCN(CCC(=O)OCCOC(=O)C(C)CSCCCCCCCCCC)C1,0.18083500075280137
C1C(CN(CCC(=O)OCCOC(=O)C(C)CSCCCCCCCCCCC)(CCC(=O)OCCOC(=O)C(C)CSCCCCCCCCCCC))CCN(CCC(=O)OCCOC(=O)C(C)CSCCCCCCCCCCC)C1,0.1826427355650402
C1C(CN(CCC(=O)OCCOC(=O)C(C)CSCCCCCCCCCCCC)(CCC(=O)OCCOC(=O)C(C)CSCCCCCCCCCCCC))CCN(CCC(=O)OCCOC(=O)C(C)CSCCCCCCCCCCCC)C1,0.18437100207917456
C1C(CN(CCC(=O)OCCOC(=O)C(C)CSCCCCCCCCCCCCCC)(CCC(=O)OCCOC(=O)C(C)CSCCCCCCCCCCCCCC))CCN(CCC(=O)OCCOC(=O)C(C)CSCCCCCCCCCCCCCC)C1,0.18779542336649685
C1C(CN(CCC(=O)OCCOC(=O)C(C)CSCCCCCCCCCCCCCCCC)(CCC(=O)OCCOC(=O)C(C)CSCCCCCCCCCCCCCCCC))CCN(CCC(=O)OCCOC(=O)C(C)CSCCCCCCCCCCCCCCCC)C1,0.19085212166336527
C1C(CN(CCC(=O)OCCOC(=O)C(C)CSCCCCCCCCCCCCCCCCCC)(CCC(=O)OCCOC(=O)C(C)CSCCCCCCCCCCCCCCCCCC))CCN(CCC(=O)OCCOC(=O)C(C)CSCCCCCCCCCCCCCCCCCC)C1,0.1935265280321193
C1C(CN(CCC(=O)OCCOC(=O)C(C)CSCCc5ccccc5)(CCC(=O)OCCOC(=O)C(C)CSCCc5ccccc5))CCN(CCC(=O)OCCOC(=O)C(C)CSCCc5ccccc5)C1,-0.07537503535135101
C1C(CN(CCC(=O)OCCOC(=O)C(C)CSCCC(C)C)(CCC(=O)OCCOC(=O)C(C)CSCCC(C)C))CCN(CCC(=O)OCCOC(=O)C(C)CSCCC(C)C)C1,0.07550384941592245
C1C(CN(CCC(=O)OCCOC(=O)C(C)CSCCCC)(CCC(=O)OCCOC(=O)C(C)CSCCCC))CCN(CCC(=O)OCCOC(=O)C(C)CSCCCC)C1,0.15193189560160203
C1C(CN(CCC(=O)OCCOC(=O)C(C)CSCCCCC)(CCC(=O)OCCOC(=O)C(C)CSCCCCC))CCN(CCC(=O)OCCOC(=O)C(C)CSCCCCC)C1,0.16216176806057825
C1C(CN(CCC(=O)OCCOC(=O)C(C)CSCCCCCC)(CCC(=O)OCCOC(=O)C(C)CSCCCCCC))CCN(CCC(=O)OCCOC(=O)C(C)CSCCCCCC)C1,0.16066649941234726
C1C(CN(CCC(=O)OCCOC(=O)C(C)CSCCCCCCC)(CCC(=O)OCCOC(=O)C(C)CSCCCCCCC))CCN(CCC(=O)OCCOC(=O)C(C)CSCCCCCCC)C1,0.16723208879592172
C1C(CN(CCC(=O)OCCOC(=O)C(C)CSCCCCCCCC)(CCC(=O)OCCOC(=O)C(C)CSCCCCCCCC))CCN(CCC(=O)OCCOC(=O)C(C)CSCCCCCCCC)C1,0.17552070287997748
C1C(CN(CCC(=O)OCCOC(=O)C(C)CSCCCCCCCCC)(CCC(=O)OCCOC(=O)C(C)CSCCCCCCCCC))CCN(CCC(=O)OCCOC(=O)C(C)CSCCCCCCCCC)C1,0.17906568588132069
C1C(CN(CCC(=O)OCCOC(=O)C(C)CSCCN(C)C)(CCC(=O)OCCOC(=O)C(C)CSCCN(C)C))CCN(CCC(=O)OCCOC(=O)C(C)CSCCN(C)C)C1,0.011570529694958108
C1C(CN(CCC(=O)OCCOC(=O)C(C)CSCCCC(=O)N(C)CCCN(C)C)(CCC(=O)OCCOC(=O)C(C)CSCCCC(=O)N(C)CCCN(C)C))CCN(CCC(=O)OCCOC(=O)C(C)CSCCCC(=O)N(C)CCCN(C)C)C1,0.09028061222110198
C1C(CN(CCC(=O)OCCOC(=O)C(C)CSCCCC(=O)N(C)CCN5(CCCCC5))(CCC(=O)OCCOC(=O)C(C)CSCCCC(=O)N(C)CCN5(CCCCC5)))CCN(CCC(=O)OCCOC(=O)C(C)CSCCCC(=O)N(C)CCN5(CCCCC5))C1,0.09582024800291498
C1C(CN(CCC(=O)OCCOC(=O)C(C)CSCCNCCCC)(CCC(=O)OCCOC(=O)C(C)CSCCNCCCC))CCN(CCC(=O)OCCOC(=O)C(C)CSCCNCCCC)C1,0.13897419232927571
C1C(CN(CCC(=O)OCCOC(=O)C(C)CSCCN(CC)CC)(CCC(=O)OCCOC(=O)C(C)CSCCN(CC)CC))CCN(CCC(=O)OCCOC(=O)C(C)CSCCN(CC)CC)C1,0.04386608707800532
C1C(CN(CCC(=O)OCCOC(=O)C(C)CSCCN5CCCC5)(CCC(=O)OCCOC(=O)C(C)CSCCN5CCCC5))CCN(CCC(=O)OCCOC(=O)C(C)CSCCN5CCCC5)C1,0.04274078683897074
C1C(CN(CCC(=O)OCCOC(=O)C(C)CSCCN5CCCCC5)(CCC(=O)OCCOC(=O)C(C)CSCCN5CCCCC5))CCN(CCC(=O)OCCOC(=O)C(C)CSCCN5CCCCC5)C1,0.045151119947986984
C1C(CN(CCC(=O)OCCOC(=O)C(C)CSCCN5CCCCCC5)(CCC(=O)OCCOC(=O)C(C)CSCCN5CCCCCC5))CCN(CCC(=O)OCCOC(=O)C(C)CSCCN5CCCCCC5)C1,0.04608579990628203
C1C(CN(CCC(=O)OCCOC(=O)C(C)CSCCN(CCC)CCC)(CCC(=O)OCCOC(=O)C(C)CSCCN(CCC)CCC))CCN(CCC(=O)OCCOC(=O)C(C)CSCCN(CCC)CCC)C1,0.05548892270183728
C1C(CN(CCC(=O)OCCOC(=O)C(C)CSCCN(CCCC)CCCC)(CCC(=O)OCCOC(=O)C(C)CSCCN(CCCC)CCCC))CCN(CCC(=O)OCCOC(=O)C(C)CSCCN(CCCC)CCCC)C1,0.14305274389802797
C1C(CN(CCC(=O)OCCOC(=O)C(C)CSCCCC(=O)N5CCN(CCO)CC5)(CCC(=O)OCCOC(=O)C(C)CSCCCC(=O)N5CCN(CCO)CC5))CCN(CCC(=O)OCCOC(=O)C(C)CSCCCC(=O)N5CCN(CCO)CC5)C1,-0.0009296183483304401
C1C(CN(CCC(=O)OCCOC(=O)C(C)CSCCC(O)=O)(CCC(=O)OCCOC(=O)C(C)CSCCC(O)=O))CCN(CCC(=O)OCCOC(=O)C(C)CSCCC(O)=O)C1,0.07251640614127286
C1C(CN(CCC(=O)OCCOC(=O)C(C)CSCCCCCC(O)=O)(CCC(=O)OCCOC(=O)C(C)CSCCCCCC(O)=O))CCN(CCC(=O)OCCOC(=O)C(C)CSCCCCCC(O)=O)C1,0.12741732996180813
C1C(CN(CCC(=O)OCCOC(=O)C(C)CSCCCCCCCCCCC(O)=O)(CCC(=O)OCCOC(=O)C(C)CSCCCCCCCCCCC(O)=O))CCN(CCC(=O)OCCOC(=O)C(C)CSCCCCCCCCCCC(O)=O)C1,0.1515407121156578
C1C(CN(CCC(=O)OCCOC(=O)C(C)CSCCO)(CCC(=O)OCCOC(=O)C(C)CSCCO))CCN(CCC(=O)OCCOC(=O)C(C)CSCCO)C1,0.02142359986160854
C1C(CN(CCC(=O)OCCOC(=O)C(C)CSCC(O)CO)(CCC(=O)OCCOC(=O)C(C)CSCC(O)CO))CCN(CCC(=O)OCCOC(=O)C(C)CSCC(O)CO)C1,-0.03797621941822908
C1C(CN(CCC(=O)OCCOC(=O)C(C)CSCCCO)(CCC(=O)OCCOC(=O)C(C)CSCCCO))CCN(CCC(=O)OCCOC(=O)C(C)CSCCCO)C1,0.058044419504140174
C1C(CN(CCC(=O)OCCOC(=O)C(C)CSCCCCO)(CCC(=O)OCCOC(=O)C(C)CSCCCCO))CCN(CCC(=O)OCCOC(=O)C(C)CSCCCCO)C1,0.08539229806985035
C1C(CN(CCC(=O)OCCOC(=O)C(C)CSCCCCCCO)(CCC(=O)OCCOC(=O)C(C)CSCCCCCCO))CCN(CCC(=O)OCCOC(=O)C(C)CSCCCCCCO)C1,0.09575633993101279
C1C(CN(CCC(=O)OCCOC(=O)C(C)CSCCCCCCCCCCCO)(CCC(=O)OCCOC(=O)C(C)CSCCCCCCCCCCCO))CCN(CCC(=O)OCCOC(=O)C(C)CSCCCCCCCCCCCO)C1,0.13996391884068982
C1C(CCN(CCC(=O)OCCOC(=O)C(C)CSCC(C)C)(CCC(=O)OCCOC(=O)C(C)CSCC(C)C))CCN(CCC(=O)OCCOC(=O)C(C)CSCC(C)C)C1,0.15008318752963368
C1C(CCN(CCC(=O)OCCOC(=O)C(C)CSCCCCCCCCCC)(CCC(=O)OCCOC(=O)C(C)CSCCCCCCCCCC))CCN(CCC(=O)OCCOC(=O)C(C)CSCCCCCCCCCC)C1,0.20631443559284648
C1C(CCN(CCC(=O)OCCOC(=O)C(C)CSCCCCCCCCCCC)(CCC(=O)OCCOC(=O)C(C)CSCCCCCCCCCCC))CCN(CCC(=O)OCCOC(=O)C(C)CSCCCCCCCCCCC)C1,0.2071824288674175
C1C(CCN(CCC(=O)OCCOC(=O)C(C)CSCCCCCCCCCCCC)(CCC(=O)OCCOC(=O)C(C)CSCCCCCCCCCCCC))CCN(CCC(=O)OCCOC(=O)C(C)CSCCCCCCCCCCCC)C1,0.20822514425725017
C1C(CCN(CCC(=O)OCCOC(=O)C(C)CSCCCCCCCCCCCCCC)(CCC(=O)OCCOC(=O)C(C)CSCCCCCCCCCCCCCC))CCN(CCC(=O)OCCOC(=O)C(C)CSCCCCCCCCCCCCCC)C1,0.21035459725988734
C1C(CCN(CCC(=O)OCCOC(=O)C(C)CSCCCCCCCCCCCCCCCC)(CCC(=O)OCCOC(=O)C(C)CSCCCCCCCCCCCCCCCC))CCN(CCC(=O)OCCOC(=O)C(C)CSCCCCCCCCCCCCCCCC)C1,0.21209584064220582
C1C(CCN(CCC(=O)OCCOC(=O)C(C)CSCCCCCCCCCCCCCCCCCC)(CCC(=O)OCCOC(=O)C(C)CSCCCCCCCCCCCCCCCCCC))CCN(CCC(=O)OCCOC(=O)C(C)CSCCCCCCCCCCCCCCCCCC)C1,0.2149524488488554
C1C(CCN(CCC(=O)OCCOC(=O)C(C)CSCCc5ccccc5)(CCC(=O)OCCOC(=O)C(C)CSCCc5ccccc5))CCN(CCC(=O)OCCOC(=O)C(C)CSCCc5ccccc5)C1,-0.06069715357822039
C1C(CCN(CCC(=O)OCCOC(=O)C(C)CSCCC(C)C)(CCC(=O)OCCOC(=O)C(C)CSCCC(C)C))CCN(CCC(=O)OCCOC(=O)C(C)CSCCC(C)C)C1,0.1044692705695477
C1C(CCN(CCC(=O)OCCOC(=O)C(C)CSCCCC)(CCC(=O)OCCOC(=O)C(C)CSCCCC))CCN(CCC(=O)OCCOC(=O)C(C)CSCCCC)C1,0.18367245906716534
C1C(CCN(CCC(=O)OCCOC(=O)C(C)CSCCCCC)(CCC(=O)OCCOC(=O)C(C)CSCCCCC))CCN(CCC(=O)OCCOC(=O)C(C)CSCCCCC)C1,0.19266909348247124
C1C(CCN(CCC(=O)OCCOC(=O)C(C)CSCCCCCC)(CCC(=O)OCCOC(=O)C(C)CSCCCCCC))CCN(CCC(=O)OCCOC(=O)C(C)CSCCCCCC)C1,0.1900660749082533
C1C(CCN(CCC(=O)OCCOC(=O)C(C)CSCCCCCCC)(CCC(=O)OCCOC(=O)C(C)CSCCCCCCC))CCN(CCC(=O)OCCOC(=O)C(C)CSCCCCCCC)C1,0.19543586991989711
C1C(CCN(CCC(=O)OCCOC(=O)C(C)CSCCCCCCCC)(CCC(=O)OCCOC(=O)C(C)CSCCCCCCCC))CCN(CCC(=O)OCCOC(=O)C(C)CSCCCCCCCC)C1,0.20269860549980817
C1C(CCN(CCC(=O)OCCOC(=O)C(C)CSCCCCCCCCC)(CCC(=O)OCCOC(=O)C(C)CSCCCCCCCCC))CCN(CCC(=O)OCCOC(=O)C(C)CSCCCCCCCCC)C1,0.20541849098530016
C1C(CCN(CCC(=O)OCCOC(=O)C(C)CSCCN(C)C)(CCC(=O)OCCOC(=O)C(C)CSCCN(C)C))CCN(CCC(=O)OCCOC(=O)C(C)CSCCN(C)C)C1,0.03738589119450132
C1C(CCN(CCC(=O)OCCOC(=O)C(C)CSCCCC(=O)N(C)CCCN(C)C)(CCC(=O)OCCOC(=O)C(C)CSCCCC(=O)N(C)CCCN(C)C))CCN(CCC(=O)OCCOC(=O)C(C)CSCCCC(=O)N(C)CCCN(C)C)C1,0.11142580312669262
C1C(CCN(CCC(=O)OCCOC(=O)C(C)CSCCCC(=O)N(C)CCN5(CCCCC5))(CCC(=O)OCCOC(=O)C(C)CSCCCC(=O)N(C)CCN5(CCCCC5)))CCN(CCC(=O)OCCOC(=O)C(C)CSCCCC(=O)N(C)CCN5(CCCCC5))C1,0.11599405123511564
C1C(CCN(CCC(=O)OCCOC(=O)C(C)CSCCNCCCC)(CCC(=O)OCCOC(=O)C(C)CSCCNCCCC))CCN(CCC(=O)OCCOC(=O)C(C)CSCCNCCCC)C1,0.16674613211756792
C1C(CCN(CCC(=O)OCCOC(=O)C(C)CSCCN(CC)CC)(CCC(=O)OCCOC(=O)C(C)CSCCN(CC)CC))CCN(CCC(=O)OCCOC(=O)C(C)CSCCN(CC)CC)C1,0.06955554742297271
C1C(CCN(CCC(=O)OCCOC(=O)C(C)CSCCN5CCCC5)(CCC(=O)OCCOC(=O)C(C)CSCCN5CCCC5))CCN(CCC(=O)OCCOC(=O)C(C)CSCCN5CCCC5)C1,0.06799024273730812
C1C(CCN(CCC(=O)OCCOC(=O)C(C)CSCCN5CCCCC5)(CCC(=O)OCCOC(=O)C(C)CSCCN5CCCCC5))CCN(CCC(=O)OCCOC(=O)C(C)CSCCN5CCCCC5)C1,0.06862242949510723
C1C(CCN(CCC(=O)OCCOC(=O)C(C)CSCCN5CCCCCC5)(CCC(=O)OCCOC(=O)C(C)CSCCN5CCCCCC5))CCN(CCC(=O)OCCOC(=O)C(C)CSCCN5CCCCCC5)C1,0.06764937465462414
C1C(CCN(CCC(=O)OCCOC(=O)C(C)CSCCN(CCC)CCC)(CCC(=O)OCCOC(=O)C(C)CSCCN(CCC)CCC))CCN(CCC(=O)OCCOC(=O)C(C)CSCCN(CCC)CCC)C1,0.08034683464566977
C1C(CCN(CCC(=O)OCCOC(=O)C(C)CSCCN(CCCC)CCCC)(CCC(=O)OCCOC(=O)C(C)CSCCN(CCCC)CCCC))CCN(CCC(=O)OCCOC(=O)C(C)CSCCN(CCCC)CCCC)C1,0.16699177642214144
C1C(CCN(CCC(=O)OCCOC(=O)C(C)CSCCCC(=O)N5CCN(CCO)CC5)(CCC(=O)OCCOC(=O)C(C)CSCCCC(=O)N5CCN(CCO)CC5))CCN(CCC(=O)OCCOC(=O)C(C)CSCCCC(=O)N5CCN(CCO)CC5)C1,0.016247924679647453
C1C(CCN(CCC(=O)OCCOC(=O)C(C)CSCCC(O)=O)(CCC(=O)OCCOC(=O)C(C)CSCCC(O)=O))CCN(CCC(=O)OCCOC(=O)C(C)CSCCC(O)=O)C1,0.10232234986124138
C1C(CCN(CCC(=O)OCCOC(=O)C(C)CSCCCCCC(O)=O)(CCC(=O)OCCOC(=O)C(C)CSCCCCCC(O)=O))CCN(CCC(=O)OCCOC(=O)C(C)CSCCCCCC(O)=O)C1,0.15410600164719224
C1C(CCN(CCC(=O)OCCOC(=O)C(C)CSCCCCCCCCCCC(O)=O)(CCC(=O)OCCOC(=O)C(C)CSCCCCCCCCCCC(O)=O))CCN(CCC(=O)OCCOC(=O)C(C)CSCCCCCCCCCCC(O)=O)C1,0.174346161133603
C1C(CCN(CCC(=O)OCCOC(=O)C(C)CSCCO)(CCC(=O)OCCOC(=O)C(C)CSCCO))CCN(CCC(=O)OCCOC(=O)C(C)CSCCO)C1,0.051112894453391775
C1C(CCN(CCC(=O)OCCOC(=O)C(C)CSCC(O)CO)(CCC(=O)OCCOC(=O)C(C)CSCC(O)CO))CCN(CCC(=O)OCCOC(=O)C(C)CSCC(O)CO)C1,-0.014721191007511078
C1C(CCN(CCC(=O)OCCOC(=O)C(C)CSCCCO)(CCC(=O)OCCOC(=O)C(C)CSCCCO))CCN(CCC(=O)OCCOC(=O)C(C)CSCCCO)C1,0.08908387161919953
C1C(CCN(CCC(=O)OCCOC(=O)C(C)CSCCCCO)(CCC(=O)OCCOC(=O)C(C)CSCCCCO))CCN(CCC(=O)OCCOC(=O)C(C)CSCCCCO)C1,0.11502336947932362
C1C(CCN(CCC(=O)OCCOC(=O)C(C)CSCCCCCCO)(CCC(=O)OCCOC(=O)C(C)CSCCCCCCO))CCN(CCC(=O)OCCOC(=O)C(C)CSCCCCCCO)C1,0.12320193551571137
C1C(CCN(CCC(=O)OCCOC(=O)C(C)CSCCCCCCCCCCCO)(CCC(=O)OCCOC(=O)C(C)CSCCCCCCCCCCCO))CCN(CCC(=O)OCCOC(=O)C(C)CSCCCCCCCCCCCO)C1,0.1634058952586855
CN(C)CCCN(CCC(=O)OCCOC(=O)C(C)CSCC(C)C)CCCN(CCC(=O)OCCOC(=O)C(C)CSCC(C)C)CCC(=O)OCCOC(=O)C(C)CSCC(C)C,0.22170250801835298
CN(C)CCCN(CCC(=O)OCCOC(=O)C(C)CSCCCCCCCCCC)CCCN(CCC(=O)OCCOC(=O)C(C)CSCCCCCCCCCC)CCC(=O)OCCOC(=O)C(C)CSCCCCCCCCCC,0.26993374213889676
CN(C)CCCN(CCC(=O)OCCOC(=O)C(C)CSCCCCCCCCCCC)CCCN(CCC(=O)OCCOC(=O)C(C)CSCCCCCCCCCCC)CCC(=O)OCCOC(=O)C(C)CSCCCCCCCCCCC,0.2692566620257708
CN(C)CCCN(CCC(=O)OCCOC(=O)C(C)CSCCCCCCCCCCCC)CCCN(CCC(=O)OCCOC(=O)C(C)CSCCCCCCCCCCCC)CCC(=O)OCCOC(=O)C(C)CSCCCCCCCCCCCC,0.2685833668325319
CN(C)CCCN(CCC(=O)OCCOC(=O)C(C)CSCCCCCCCCCCCCCC)CCCN(CCC(=O)OCCOC(=O)C(C)CSCCCCCCCCCCCCCC)CCC(=O)OCCOC(=O)C(C)CSCCCCCCCCCCCCCC,0.268797605313757
CN(C)CCCN(CCC(=O)OCCOC(=O)C(C)CSCCCCCCCCCCCCCCCC)CCCN(CCC(=O)OCCOC(=O)C(C)CSCCCCCCCCCCCCCCCC)CCC(=O)OCCOC(=O)C(C)CSCCCCCCCCCCCCCCCC,0.26972656283365143
CN(C)CCCN(CCC(=O)OCCOC(=O)C(C)CSCCCCCCCCCCCCCCCCCC)CCCN(CCC(=O)OCCOC(=O)C(C)CSCCCCCCCCCCCCCCCCCC)CCC(=O)OCCOC(=O)C(C)CSCCCCCCCCCCCCCCCCCC,0.27026200884148066
CN(C)CCCN(CCC(=O)OCCOC(=O)C(C)CSCCc5ccccc5)CCCN(CCC(=O)OCCOC(=O)C(C)CSCCc5ccccc5)CCC(=O)OCCOC(=O)C(C)CSCCc5ccccc5,-0.02339681315001661
CN(C)CCCN(CCC(=O)OCCOC(=O)C(C)CSCCC(C)C)CCCN(CCC(=O)OCCOC(=O)C(C)CSCCC(C)C)CCC(=O)OCCOC(=O)C(C)CSCCC(C)C,0.1694359935758607
CN(C)CCCN(CCC(=O)OCCOC(=O)C(C)CSCCCC)CCCN(CCC(=O)OCCOC(=O)C(C)CSCCCC)CCC(=O)OCCOC(=O)C(C)CSCCCC,0.2572266245943299
CN(C)CCCN(CCC(=O)OCCOC(=O)C(C)CSCCCCC)CCCN(CCC(=O)OCCOC(=O)C(C)CSCCCCC)CCC(=O)OCCOC(=O)C(C)CSCCCCC,0.26435092522742015
CN(C)CCCN(CCC(=O)OCCOC(=O)C(C)CSCCCCCC)CCCN(CCC(=O)OCCOC(=O)C(C)CSCCCCCC)CCC(=O)OCCOC(=O)C(C)CSCCCCCC,0.25877808127945534
CN(C)CCCN(CCC(=O)OCCOC(=O)C(C)CSCCCCCCC)CCCN(CCC(=O)OCCOC(=O)C(C)CSCCCCCCC)CCC(=O)OCCOC(=O)C(C)CSCCCCCCC,0.2630055364028112
CN(C)CCCN(CCC(=O)OCCOC(=O)C(C)CSCCCCCCCC)CCCN(CCC(=O)OCCOC(=O)C(C)CSCCCCCCCC)CCC(=O)OCCOC(=O)C(C)CSCCCCCCCC,0.2695805430275332
CN(C)CCCN(CCC(=O)OCCOC(=O)C(C)CSCCCCCCCCC)CCCN(CCC(=O)OCCOC(=O)C(C)CSCCCCCCCCC)CCC(=O)OCCOC(=O)C(C)CSCCCCCCCCC,0.27068003221567144
CN(C)CCCN(CCC(=O)OCCOC(=O)C(C)CSCCN(C)C)CCCN(CCC(=O)OCCOC(=O)C(C)CSCCN(C)C)CCC(=O)OCCOC(=O)C(C)CSCCN(C)C,0.10132467802196918
CN(C)CCCN(CCC(=O)OCCOC(=O)C(C)CSCCCC(=O)N(C)CCCN(C)C)CCCN(CCC(=O)OCCOC(=O)C(C)CSCCCC(=O)N(C)CCCN(C)C)CCC(=O)OCCOC(=O)C(C)CSCCCC(=O)N(C)CCCN(C)C,0.15907584177124884
CN(C)CCCN(CCC(=O)OCCOC(=O)C(C)CSCCCC(=O)N(C)CCN5(CCCCC5))CCCN(CCC(=O)OCCOC(=O)C(C)CSCCCC(=O)N(C)CCN5(CCCCC5))CCC(=O)OCCOC(=O)C(C)CSCCCC(=O)N(C)CCN5(CCCCC5),0.1601084640413827
CN(C)CCCN(CCC(=O)OCCOC(=O)C(C)CSCCNCCCC)CCCN(CCC(=O)OCCOC(=O)C(C)CSCCNCCCC)CCC(=O)OCCOC(=O)C(C)CSCCNCCCC,0.22952743937719966
CN(C)CCCN(CCC(=O)OCCOC(=O)C(C)CSCCN(CC)CC)CCCN(CCC(=O)OCCOC(=O)C(C)CSCCN(CC)CC)CCC(=O)OCCOC(=O)C(C)CSCCN(CC)CC,0.1289395586544726
CN(C)CCCN(CCC(=O)OCCOC(=O)C(C)CSCCN5CCCC5)CCCN(CCC(=O)OCCOC(=O)C(C)CSCCN5CCCC5)CCC(=O)OCCOC(=O)C(C)CSCCN5CCCC5,0.12675968511191166
CN(C)CCCN(CCC(=O)OCCOC(=O)C(C)CSCCN5CCCCC5)CCCN(CCC(=O)OCCOC(=O)C(C)CSCCN5CCCCC5)CCC(=O)OCCOC(=O)C(C)CSCCN5CCCCC5,0.12464675358497188
CN(C)CCCN(CCC(=O)OCCOC(=O)C(C)CSCCN5CCCCCC5)CCCN(CCC(=O)OCCOC(=O)C(C)CSCCN5CCCCCC5)CCC(=O)OCCOC(=O)C(C)CSCCN5CCCCCC5,0.1213088297326871
CN(C)CCCN(CCC(=O)OCCOC(=O)C(C)CSCCN(CCC)CCC)CCCN(CCC(=O)OCCOC(=O)C(C)CSCCN(CCC)CCC)CCC(=O)OCCOC(=O)C(C)CSCCN(CCC)CCC,0.1355332195272093
CN(C)CCCN(CCC(=O)OCCOC(=O)C(C)CSCCN(CCCC)CCCC)CCCN(CCC(=O)OCCOC(=O)C(C)CSCCN(CCCC)CCCC)CCC(=O)OCCOC(=O)C(C)CSCCN(CCCC)CCCC,0.22203383870370252
CN(C)CCCN(CCC(=O)OCCOC(=O)C(C)CSCCCC(=O)N5CCN(CCO)CC5)CCCN(CCC(=O)OCCOC(=O)C(C)CSCCCC(=O)N5CCN(CCO)CC5)CCC(=O)OCCOC(=O)C(C)CSCCCC(=O)N5CCN(CCO)CC5,0.05467888976791739
CN(C)CCCN(CCC(=O)OCCOC(=O)C(C)CSCCC(O)=O)CCCN(CCC(=O)OCCOC(=O)C(C)CSCCC(O)=O)CCC(=O)OCCOC(=O)C(C)CSCCC(O)=O,0.17011873604929384
CN(C)CCCN(CCC(=O)OCCOC(=O)C(C)CSCCCCCC(O)=O)CCCN(CCC(=O)OCCOC(=O)C(C)CSCCCCCC(O)=O)CCC(=O)OCCOC(=O)C(C)CSCCCCCC(O)=O,0.21497922865900854
CN(C)CCCN(CCC(=O)OCCOC(=O)C(C)CSCCCCCCCCCCC(O)=O)CCCN(CCC(=O)OCCOC(=O)C(C)CSCCCCCCCCCCC(O)=O)CCC(=O)OCCOC(=O)C(C)CSCCCCCCCCCCC(O)=O,0.2281108730313817
CN(C)CCCN(CCC(=O)OCCOC(=O)C(C)CSCCO)CCCN(CCC(=O)OCCOC(=O)C(C)CSCCO)CCC(=O)OCCOC(=O)C(C)CSCCO,0.12077125095254061
CN(C)CCCN(CCC(=O)OCCOC(=O)C(C)CSCC(O)CO)CCCN(CCC(=O)OCCOC(=O)C(C)CSCC(O)CO)CCC(=O)OCCOC(=O)C(C)CSCC(O)CO,0.039038466820656564
CN(C)CCCN(CCC(=O)OCCOC(=O)C(C)CSCCCO)CCCN(CCC(=O)OCCOC(=O)C(C)CSCCCO)CCC(=O)OCCOC(=O)C(C)CSCCCO,0.1569945413605079
CN(C)CCCN(CCC(=O)OCCOC(=O)C(C)CSCCCCO)CCCN(CCC(=O)OCCOC(=O)C(C)CSCCCCO)CCC(=O)OCCOC(=O)C(C)CSCCCCO,0.18072648469651623
CN(C)CCCN(CCC(=O)OCCOC(=O)C(C)CSCCCCCCO)CCCN(CCC(=O)OCCOC(=O)C(C)CSCCCCCCO)CCC(=O)OCCOC(=O)C(C)CSCCCCCCO,0.18446320693308937
CN(C)CCCN(CCC(=O)OCCOC(=O)C(C)CSCCCCCCCCCCCO)CCCN(CCC(=O)OCCOC(=O)C(C)CSCCCCCCCCCCCO)CCC(=O)OCCOC(=O)C(C)CSCCCCCCCCCCCO,0.2171476573247682
OCCN(CCC(=O)OCCOC(=O)C(C)CSCC(C)C)CCCN(CCC(=O)OCCOC(=O)C(C)CSCC(C)C)CCC(=O)OCCOC(=O)C(C)CSCC(C)C,0.19925182014220094
OCCN(CCC(=O)OCCOC(=O)C(C)CSCCCCCCCCCC)CCCN(CCC(=O)OCCOC(=O)C(C)CSCCCCCCCCCC)CCC(=O)OCCOC(=O)C(C)CSCCCCCCCCCC,0.2515529696055643
OCCN(CCC(=O)OCCOC(=O)C(C)CSCCCCCCCCCCC)CCCN(CCC(=O)OCCOC(=O)C(C)CSCCCCCCCCCCC)CCC(=O)OCCOC(=O)C(C)CSCCCCCCCCCCC,0.2514741171079176
OCCN(CCC(=O)OCCOC(=O)C(C)CSCCCCCCCCCCCC)CCCN(CCC(=O)OCCOC(=O)C(C)CSCCCCCCCCCCCC)CCC(=O)OCCOC(=O)C(C)CSCCCCCCCCCCCC,0.25141154577359454
OCCN(CCC(=O)OCCOC(=O)C(C)CSCCCCCCCCCCCCCC)CCCN(CCC(=O)OCCOC(=O)C(C)CSCCCCCCCCCCCCCC)CCC(=O)OCCOC(=O)C(C)CSCCCCCCCCCCCCCC,0.25130646918815913
OCCN(CCC(=O)OCCOC(=O)C(C)CSCCCCCCCCCCCCCCCC)CCCN(CCC(=O)OCCOC(=O)C(C)CSCCCCCCCCCCCCCCCC)CCC(=O)OCCOC(=O)C(C)CSCCCCCCCCCCCCCCCC,0.2530611099853159
OCCN(CCC(=O)OCCOC(=O)C(C)CSCCCCCCCCCCCCCCCCCC)CCCN(CCC(=O)OCCOC(=O)C(C)CSCCCCCCCCCCCCCCCCCC)CCC(=O)OCCOC(=O)C(C)CSCCCCCCCCCCCCCCCCCC,0.2546788328075113
OCCN(CCC(=O)OCCOC(=O)C(C)CSCCc5ccccc5)CCCN(CCC(=O)OCCOC(=O)C(C)CSCCc5ccccc5)CCC(=O)OCCOC(=O)C(C)CSCCc5ccccc5,-0.044146509966458344
OCCN(CCC(=O)OCCOC(=O)C(C)CSCCC(C)C)CCCN(CCC(=O)OCCOC(=O)C(C)CSCCC(C)C)CCC(=O)OCCOC(=O)C(C)CSCCC(C)C,0.14678960131031135
OCCN(CCC(=O)OCCOC(=O)C(C)CSCCCC)CCCN(CCC(=O)OCCOC(=O)C(C)CSCCCC)CCC(=O)OCCOC(=O)C(C)CSCCCC,0.23470288175654863
OCCN(CCC(=O)OCCOC(=O)C(C)CSCCCCC)CCCN(CCC(=O)OCCOC(=O)C(C)CSCCCCC)CCC(=O)OCCOC(=O)C(C)CSCCCCC,0.24234658754651828
OCCN(CCC(=O)OCCOC(=O)C(C)CSCCCCCC)CCCN(CCC(=O)OCCOC(=O)C(C)CSCCCCCC)CCC(=O)OCCOC(=O)C(C)CSCCCCCC,0.23746063146043436
OCCN(CCC(=O)OCCOC(=O)C(C)CSCCCCCCC)CCCN(CCC(=O)OCCOC(=O)C(C)CSCCCCCCC)CCC(=O)OCCOC(=O)C(C)CSCCCCCCC,0.24223403123844894
OCCN(CCC(=O)OCCOC(=O)C(C)CSCCCCCCCC)CCCN(CCC(=O)OCCOC(=O)C(C)CSCCCCCCCC)CCC(=O)OCCOC(=O)C(C)CSCCCCCCCC,0.24970289475697008
OCCN(CCC(=O)OCCOC(=O)C(C)CSCCCCCCCCC)CCCN(CCC(=O)OCCOC(=O)C(C)CSCCCCCCCCC)CCC(=O)OCCOC(=O)C(C)CSCCCCCCCCC,0.2517549221166799
OCCN(CCC(=O)OCCOC(=O)C(C)CSCCN(C)C)CCCN(CCC(=O)OCCOC(=O)C(C)CSCCN(C)C)CCC(=O)OCCOC(=O)C(C)CSCCN(C)C,0.07586464840610682
OCCN(CCC(=O)OCCOC(=O)C(C)CSCCCC(=O)N(C)CCCN(C)C)CCCN(CCC(=O)OCCOC(=O)C(C)CSCCCC(=O)N(C)CCCN(C)C)CCC(=O)OCCOC(=O)C(C)CSCCCC(=O)N(C)CCCN(C)C,0.14268245256907927
OCCN(CCC(=O)OCCOC(=O)C(C)CSCCCC(=O)N(C)CCN5(CCCCC5))CCCN(CCC(=O)OCCOC(=O)C(C)CSCCCC(=O)N(C)CCN5(CCCCC5))CCC(=O)OCCOC(=O)C(C)CSCCCC(=O)N(C)CCN5(CCCCC5),0.14506668174649362
OCCN(CCC(=O)OCCOC(=O)C(C)CSCCNCCCC)CCCN(CCC(=O)OCCOC(=O)C(C)CSCCNCCCC)CCC(=O)OCCOC(=O)C(C)CSCCNCCCC,0.21068466630527455
OCCN(CCC(=O)OCCOC(=O)C(C)CSCCN(CC)CC)CCCN(CCC(=O)OCCOC(=O)C(C)CSCCN(CC)CC)CCC(=O)OCCOC(=O)C(C)CSCCN(CC)CC,0.10755304906703647
OCCN(CCC(=O)OCCOC(=O)C(C)CSCCN5CCCC5)CCCN(CCC(=O)OCCOC(=O)C(C)CSCCN5CCCC5)CCC(=O)OCCOC(=O)C(C)CSCCN5CCCC5,0.10601191079446015
OCCN(CCC(=O)OCCOC(=O)C(C)CSCCN5CCCCC5)CCCN(CCC(=O)OCCOC(=O)C(C)CSCCN5CCCCC5)CCC(=O)OCCOC(=O)C(C)CSCCN5CCCCC5,0.10499295629058503
OCCN(CCC(=O)OCCOC(=O)C(C)CSCCN5CCCCCC5)CCCN(CCC(=O)OCCOC(=O)C(C)CSCCN5CCCCCC5)CCC(=O)OCCOC(=O)C(C)CSCCN5CCCCCC5,0.10242119334448188
OCCN(CCC(=O)OCCOC(=O)C(C)CSCCN(CCC)CCC)CCCN(CCC(=O)OCCOC(=O)C(C)CSCCN(CCC)CCC)CCC(=O)OCCOC(=O)C(C)CSCCN(CCC)CCC,0.11569514770070305
OCCN(CCC(=O)OCCOC(=O)C(C)CSCCN(CCCC)CCCC)CCCN(CCC(=O)OCCOC(=O)C(C)CSCCN(CCCC)CCCC)CCC(=O)OCCOC(=O)C(C)CSCCN(CCCC)CCCC,0.2050174697115543
OCCN(CCC(=O)OCCOC(=O)C(C)CSCCCC(=O)N5CCN(CCO)CC5)CCCN(CCC(=O)OCCOC(=O)C(C)CSCCCC(=O)N5CCN(CCO)CC5)CCC(=O)OCCOC(=O)C(C)CSCCCC(=O)N5CCN(CCO)CC5,0.038357812060970636
OCCN(CCC(=O)OCCOC(=O)C(C)CSCCC(O)=O)CCCN(CCC(=O)OCCOC(=O)C(C)CSCCC(O)=O)CCC(=O)OCCOC(=O)C(C)CSCCC(O)=O,0.14700035526211666
OCCN(CCC(=O)OCCOC(=O)C(C)CSCCCCCC(O)=O)CCCN(CCC(=O)OCCOC(=O)C(C)CSCCCCCC(O)=O)CCC(=O)OCCOC(=O)C(C)CSCCCCCC(O)=O,0.19617603203114037
OCCN(CCC(=O)OCCOC(=O)C(C)CSCCCCCCCCCCC(O)=O)CCCN(CCC(=O)OCCOC(=O)C(C)CSCCCCCCCCCCC(O)=O)CCC(=O)OCCOC(=O)C(C)CSCCCCCCCCCCC(O)=O,0.21110857733262298
OCCN(CCC(=O)OCCOC(=O)C(C)CSCCO)CCCN(CCC(=O)OCCOC(=O)C(C)CSCCO)CCC(=O)OCCOC(=O)C(C)CSCCO,0.09586767965768986
OCCN(CCC(=O)OCCOC(=O)C(C)CSCC(O)CO)CCCN(CCC(=O)OCCOC(=O)C(C)CSCC(O)CO)CCC(=O)OCCOC(=O)C(C)CSCC(O)CO,0.016830592068924476
OCCN(CCC(=O)OCCOC(=O)C(C)CSCCCO)CCCN(CCC(=O)OCCOC(=O)C(C)CSCCCO)CCC(=O)OCCOC(=O)C(C)CSCCCO,0.13352512427333116
OCCN(CCC(=O)OCCOC(=O)C(C)CSCCCCO)CCCN(CCC(=O)OCCOC(=O)C(C)CSCCCCO)CCC(=O)OCCOC(=O)C(C)CSCCCCO,0.15921517788947132
OCCN(CCC(=O)OCCOC(=O)C(C)CSCCCCCCO)CCCN(CCC(=O)OCCOC(=O)C(C)CSCCCCCCO)CCC(=O)OCCOC(=O)C(C)CSCCCCCCO,0.16458145833264856
OCCN(CCC(=O)OCCOC(=O)C(C)CSCCCCCCCCCCCO)CCCN(CCC(=O)OCCOC(=O)C(C)CSCCCCCCCCCCCO)CCC(=O)OCCOC(=O)C(C)CSCCCCCCCCCCCO,0.2009447156788195
N(CCN(CCC(=O)OCCOC(=O)C(C)CSCC(C)C)C)(CCN(CCC(=O)OCCOC(=O)C(C)CSCC(C)C)C)CCN(CCC(=O)OCCOC(=O)C(C)CSCC(C)C)C,0.2354074475974257
N(CCN(CCC(=O)OCCOC(=O)C(C)CSCCCCCCCCCC)C)(CCN(CCC(=O)OCCOC(=O)C(C)CSCCCCCCCCCC)C)CCN(CCC(=O)OCCOC(=O)C(C)CSCCCCCCCCCC)C,0.2800893130158048
N(CCN(CCC(=O)OCCOC(=O)C(C)CSCCCCCCCCCCC)C)(CCN(CCC(=O)OCCOC(=O)C(C)CSCCCCCCCCCCC)C)CCN(CCC(=O)OCCOC(=O)C(C)CSCCCCCCCCCCC)C,0.2790812927249367
N(CCN(CCC(=O)OCCOC(=O)C(C)CSCCCCCCCCCCCC)C)(CCN(CCC(=O)OCCOC(=O)C(C)CSCCCCCCCCCCCC)C)CCN(CCC(=O)OCCOC(=O)C(C)CSCCCCCCCCCCCC)C,0.27813998915683935
N(CCN(CCC(=O)OCCOC(=O)C(C)CSCCCCCCCCCCCCCC)C)(CCN(CCC(=O)OCCOC(=O)C(C)CSCCCCCCCCCCCCCC)C)CCN(CCC(=O)OCCOC(=O)C(C)CSCCCCCCCCCCCCCC)C,0.27795233523196367
N(CCN(CCC(=O)OCCOC(=O)C(C)CSCCCCCCCCCCCCCCCC)C)(CCN(CCC(=O)OCCOC(=O)C(C)CSCCCCCCCCCCCCCCCC)C)CCN(CCC(=O)OCCOC(=O)C(C)CSCCCCCCCCCCCCCCCC)C,0.2781065256587904
N(CCN(CCC(=O)OCCOC(=O)C(C)CSCCCCCCCCCCCCCCCCCC)C)(CCN(CCC(=O)OCCOC(=O)C(C)CSCCCCCCCCCCCCCCCCCC)C)CCN(CCC(=O)OCCOC(=O)C(C)CSCCCCCCCCCCCCCCCCCC)C,0.27815044274509876
N(CCN(CCC(=O)OCCOC(=O)C(C)CSCCc5ccccc5)C)(CCN(CCC(=O)OCCOC(=O)C(C)CSCCc5ccccc5)C)CCN(CCC(=O)OCCOC(=O)C(C)CSCCc5ccccc5)C,-0.0114465138987405
N(CCN(CCC(=O)OCCOC(=O)C(C)CSCCC(C)C)C)(CCN(CCC(=O)OCCOC(=O)C(C)CSCCC(C)C)C)CCN(CCC(=O)OCCOC(=O)C(C)CSCCC(C)C)C,0.1834985630256886
N(CCN(CCC(=O)OCCOC(=O)C(C)CSCCCC)C)(CCN(CCC(=O)OCCOC(=O)C(C)CSCCCC)C)CCN(CCC(=O)OCCOC(=O)C(C)CSCCCC)C,0.27044728968166526
N(CCN(CCC(=O)OCCOC(=O)C(C)CSCCCCC)C)(CCN(CCC(=O)OCCOC(=O)C(C)CSCCCCC)C)CCN(CCC(=O)OCCOC(=O)C(C)CSCCCCC)C,0.27697952070385434
N(CCN(CCC(=O)OCCOC(=O)C(C)CSCCCCCC)C)(CCN(CCC(=O)OCCOC(=O)C(C)CSCCCCCC)C)CCN(CCC(=O)OCCOC(=O)C(C)CSCCCCCC)C,0.2710904256719947
N(CCN(CCC(=O)OCCOC(=O)C(C)CSCCCCCCC)C)(CCN(CCC(=O)OCCOC(=O)C(C)CSCCCCCCC)C)CCN(CCC(=O)OCCOC(=O)C(C)CSCCCCCCC)C,0.27468279526954276
N(CCN(CCC(=O)OCCOC(=O)C(C)CSCCCCCCCC)C)(CCN(CCC(=O)OCCOC(=O)C(C)CSCCCCCCCC)C)CCN(CCC(=O)OCCOC(=O)C(C)CSCCCCCCCC)C,0.28050565420337914
N(CCN(CCC(=O)OCCOC(=O)C(C)CSCCCCCCCCC)C)(CCN(CCC(=O)OCCOC(=O)C(C)CSCCCCCCCCC)C)CCN(CCC(=O)OCCOC(=O)C(C)CSCCCCCCCCC)C,0.281191836147662
N(CCN(CCC(=O)OCCOC(=O)C(C)CSCCN(C)C)C)(CCN(CCC(=O)OCCOC(=O)C(C)CSCCN(C)C)C)CCN(CCC(=O)OCCOC(=O)C(C)CSCCN(C)C)C,0.11634053661953672
N(CCN(CCC(=O)OCCOC(=O)C(C)CSCCCC(=O)N(C)CCCN(C)C)C)(CCN(CCC(=O)OCCOC(=O)C(C)CSCCCC(=O)N(C)CCCN(C)C)C)CCN(CCC(=O)OCCOC(=O)C(C)CSCCCC(=O)N(C)CCCN(C)C)C,0.1695636144658614
N(CCN(CCC(=O)OCCOC(=O)C(C)CSCCCC(=O)N(C)CCN5(CCCCC5))C)(CCN(CCC(=O)OCCOC(=O)C(C)CSCCCC(=O)N(C)CCN5(CCCCC5))C)CCN(CCC(=O)OCCOC(=O)C(C)CSCCCC(=O)N(C)CCN5(CCCCC5))C,0.16987608062986922
N(CCN(CCC(=O)OCCOC(=O)C(C)CSCCNCCCC)C)(CCN(CCC(=O)OCCOC(=O)C(C)CSCCNCCCC)C)CCN(CCC(=O)OCCOC(=O)C(C)CSCCNCCCC)C,0.24138871744415344
N(CCN(CCC(=O)OCCOC(=O)C(C)CSCCN(CC)CC)C)(CCN(CCC(=O)OCCOC(=O)C(C)CSCCN(CC)CC)C)CCN(CCC(=O)OCCOC(=O)C(C)CSCCN(CC)CC)C,0.14248218224458012
N(CCN(CCC(=O)OCCOC(=O)C(C)CSCCN5CCCC5)C)(CCN(CCC(=O)OCCOC(=O)C(C)CSCCN5CCCC5)C)CCN(CCC(=O)OCCOC(=O)C(C)CSCCN5CCCC5)C,0.1401811612265872
N(CCN(CCC(=O)OCCOC(=O)C(C)CSCCN5CCCCC5)C)(CCN(CCC(=O)OCCOC(=O)C(C)CSCCN5CCCCC5)C)CCN(CCC(=O)OCCOC(=O)C(C)CSCCN5CCCCC5)C,0.13759748779845857
N(CCN(CCC(=O)OCCOC(=O)C(C)CSCCN5CCCCCC5)C)(CCN(CCC(=O)OCCOC(=O)C(C)CSCCN5CCCCCC5)C)CCN(CCC(=O)OCCOC(=O)C(C)CSCCN5CCCCCC5)C,0.13364996655151
N(CCN(CCC(=O)OCCOC(=O)C(C)CSCCN(CCC)CCC)C)(CCN(CCC(=O)OCCOC(=O)C(C)CSCCN(CCC)CCC)C)CCN(CCC(=O)OCCOC(=O)C(C)CSCCN(CCC)CCC)C,0.148060102791441
N(CCN(CCC(=O)OCCOC(=O)C(C)CSCCN(CCCC)CCCC)C)(CCN(CCC(=O)OCCOC(=O)C(C)CSCCN(CCCC)CCCC)C)CCN(CCC(=O)OCCOC(=O)C(C)CSCCN(CCCC)CCCC)C,0.23212056008552254
N(CCN(CCC(=O)OCCOC(=O)C(C)CSCCCC(=O)N5CCN(CCO)CC5)C)(CCN(CCC(=O)OCCOC(=O)C(C)CSCCCC(=O)N5CCN(CCO)CC5)C)CCN(CCC(=O)OCCOC(=O)C(C)CSCCCC(=O)N5CCN(CCO)CC5)C,0.0660397323359971
N(CCN(CCC(=O)OCCOC(=O)C(C)CSCCC(O)=O)C)(CCN(CCC(=O)OCCOC(=O)C(C)CSCCC(O)=O)C)CCN(CCC(=O)OCCOC(=O)C(C)CSCCC(O)=O)C,0.18454076775172695
N(CCN(CCC(=O)OCCOC(=O)C(C)CSCCCCCC(O)=O)C)(CCN(CCC(=O)OCCOC(=O)C(C)CSCCCCCC(O)=O)C)CCN(CCC(=O)OCCOC(=O)C(C)CSCCCCCC(O)=O)C,0.22693684194880148
N(CCN(CCC(=O)OCCOC(=O)C(C)CSCCCCCCCCCCC(O)=O)C)(CCN(CCC(=O)OCCOC(=O)C(C)CSCCCCCCCCCCC(O)=O)C)CCN(CCC(=O)OCCOC(=O)C(C)CSCCCCCCCCCCC(O)=O)C,0.23816844151835748
N(CCN(CCC(=O)OCCOC(=O)C(C)CSCCO)C)(CCN(CCC(=O)OCCOC(=O)C(C)CSCCO)C)CCN(CCC(=O)OCCOC(=O)C(C)CSCCO)C,0.13710555334980695
N(CCN(CCC(=O)OCCOC(=O)C(C)CSCC(O)CO)C)(CCN(CCC(=O)OCCOC(=O)C(C)CSCC(O)CO)C)CCN(CCC(=O)OCCOC(=O)C(C)CSCC(O)CO)C,0.055429880955504135
N(CCN(CCC(=O)OCCOC(=O)C(C)CSCCCO)C)(CCN(CCC(=O)OCCOC(=O)C(C)CSCCCO)C)CCN(CCC(=O)OCCOC(=O)C(C)CSCCCO)C,0.17192291123449605
N(CCN(CCC(=O)OCCOC(=O)C(C)CSCCCCO)C)(CCN(CCC(=O)OCCOC(=O)C(C)CSCCCCO)C)CCN(CCC(=O)OCCOC(=O)C(C)CSCCCCO)C,0.19455892500940278
N(CCN(CCC(=O)OCCOC(=O)C(C)CSCCCCCCO)C)(CCN(CCC(=O)OCCOC(=O)C(C)CSCCCCCCO)C)CCN(CCC(=O)OCCOC(=O)C(C)CSCCCCCCO)C,0.19698339148990196
N(CCN(CCC(=O)OCCOC(=O)C(C)CSCCCCCCCCCCCO)C)(CCN(CCC(=O)OCCOC(=O)C(C)CSCCCCCCCCCCCO)C)CCN(CCC(=O)OCCOC(=O)C(C)CSCCCCCCCCCCCO)C,0.22714669472920512
N(CCC(=O)OCCOC(=O)C(C)CSCC(C)C)(CCC(=O)OCCOC(=O)C(C)CSCC(C)C)CCCN1CCN(CCCN(CCC(=O)OCCOC(=O)C(C)CSCC(C)C)(CCC(=O)OCCOC(=O)C(C)CSCC(C)C))CC1,0.2418966476851848
N(CCC(=O)OCCOC(=O)C(C)CSCCCCCCCCCC)(CCC(=O)OCCOC(=O)C(C)CSCCCCCCCCCC)CCCN1CCN(CCCN(CCC(=O)OCCOC(=O)C(C)CSCCCCCCCCCC)(CCC(=O)OCCOC(=O)C(C)CSCCCCCCCCCC))CC1,0.289102048360154
N(CCC(=O)OCCOC(=O)C(C)CSCCCCCCCCCCC)(CCC(=O)OCCOC(=O)C(C)CSCCCCCCCCCCC)CCCN1CCN(CCCN(CCC(=O)OCCOC(=O)C(C)CSCCCCCCCCCCC)(CCC(=O)OCCOC(=O)C(C)CSCCCCCCCCCCC))CC1,0.2888120814421414
N(CCC(=O)OCCOC(=O)C(C)CSCCCCCCCCCCCC)(CCC(=O)OCCOC(=O)C(C)CSCCCCCCCCCCCC)CCCN1CCN(CCCN(CCC(=O)OCCOC(=O)C(C)CSCCCCCCCCCCCC)(CCC(=O)OCCOC(=O)C(C)CSCCCCCCCCCCCC))CC1,0.2886911142009897
N(CCC(=O)OCCOC(=O)C(C)CSCCCCCCCCCCCCCC)(CCC(=O)OCCOC(=O)C(C)CSCCCCCCCCCCCCCC)CCCN1CCN(CCCN(CCC(=O)OCCOC(=O)C(C)CSCCCCCCCCCCCCCC)(CCC(=O)OCCOC(=O)C(C)CSCCCCCCCCCCCCCC))CC1,0.2883330187250104
N(CCC(=O)OCCOC(=O)C(C)CSCCCCCCCCCCCCCCCC)(CCC(=O)OCCOC(=O)C(C)CSCCCCCCCCCCCCCCCC)CCCN1CCN(CCCN(CCC(=O)OCCOC(=O)C(C)CSCCCCCCCCCCCCCCCC)(CCC(=O)OCCOC(=O)C(C)CSCCCCCCCCCCCCCCCC))CC1,0.28787161896735225
N(CCC(=O)OCCOC(=O)C(C)CSCCCCCCCCCCCCCCCCCC)(CCC(=O)OCCOC(=O)C(C)CSCCCCCCCCCCCCCCCCCC)CCCN1CCN(CCCN(CCC(=O)OCCOC(=O)C(C)CSCCCCCCCCCCCCCCCCCC)(CCC(=O)OCCOC(=O)C(C)CSCCCCCCCCCCCCCCCCCC))CC1,0.2874244577178406
N(CCC(=O)OCCOC(=O)C(C)CSCCc5ccccc5)(CCC(=O)OCCOC(=O)C(C)CSCCc5ccccc5)CCCN1CCN(CCCN(CCC(=O)OCCOC(=O)C(C)CSCCc5ccccc5)(CCC(=O)OCCOC(=O)C(C)CSCCc5ccccc5))CC1,-0.013906291748022138
N(CCC(=O)OCCOC(=O)C(C)CSCCC(C)C)(CCC(=O)OCCOC(=O)C(C)CSCCC(C)C)CCCN1CCN(CCCN(CCC(=O)OCCOC(=O)C(C)CSCCC(C)C)(CCC(=O)OCCOC(=O)C(C)CSCCC(C)C))CC1,0.18853551038012334
N(CCC(=O)OCCOC(=O)C(C)CSCCCC)(CCC(=O)OCCOC(=O)C(C)CSCCCC)CCCN1CCN(CCCN(CCC(=O)OCCOC(=O)C(C)CSCCCC)(CCC(=O)OCCOC(=O)C(C)CSCCCC))CC1,0.2809116018807875
N(CCC(=O)OCCOC(=O)C(C)CSCCCCC)(CCC(=O)OCCOC(=O)C(C)CSCCCCC)CCCN1CCN(CCCN(CCC(=O)OCCOC(=O)C(C)CSCCCCC)(CCC(=O)OCCOC(=O)C(C)CSCCCCC))CC1,0.2877623969934691
N(CCC(=O)OCCOC(=O)C(C)CSCCCCCC)(CCC(=O)OCCOC(=O)C(C)CSCCCCCC)CCCN1CCN(CCCN(CCC(=O)OCCOC(=O)C(C)CSCCCCCC)(CCC(=O)OCCOC(=O)C(C)CSCCCCCC))CC1,0.2806724610298294
N(CCC(=O)OCCOC(=O)C(C)CSCCCCCCC)(CCC(=O)OCCOC(=O)C(C)CSCCCCCCC)CCCN1CCN(CCCN(CCC(=O)OCCOC(=O)C(C)CSCCCCCCC)(CCC(=O)OCCOC(=O)C(C)CSCCCCCCC))CC1,0.28399483967543526
N(CCC(=O)OCCOC(=O)C(C)CSCCCCCCCC)(CCC(=O)OCCOC(=O)C(C)CSCCCCCCCC)CCCN1CCN(CCCN(CCC(=O)OCCOC(=O)C(C)CSCCCCCCCC)(CCC(=O)OCCOC(=O)C(C)CSCCCCCCCC))CC1,0.28993187702586404
N(CCC(=O)OCCOC(=O)C(C)CSCCCCCCCCC)(CCC(=O)OCCOC(=O)C(C)CSCCCCCCCCC)CCCN1CCN(CCCN(CCC(=O)OCCOC(=O)C(C)CSCCCCCCCCC)(CCC(=O)OCCOC(=O)C(C)CSCCCCCCCCC))CC1,0.29043545160512063
N(CCC(=O)OCCOC(=O)C(C)CSCCN(C)C)(CCC(=O)OCCOC(=O)C(C)CSCCN(C)C)CCCN1CCN(CCCN(CCC(=O)OCCOC(=O)C(C)CSCCN(C)C)(CCC(=O)OCCOC(=O)C(C)CSCCN(C)C))CC1,0.11693490421751217
N(CCC(=O)OCCOC(=O)C(C)CSCCCC(=O)N(C)CCCN(C)C)(CCC(=O)OCCOC(=O)C(C)CSCCCC(=O)N(C)CCCN(C)C)CCCN1CCN(CCCN(CCC(=O)OCCOC(=O)C(C)CSCCCC(=O)N(C)CCCN(C)C)(CCC(=O)OCCOC(=O)C(C)CSCCCC(=O)N(C)CCCN(C)C))CC1,0.17306911114028783
N(CCC(=O)OCCOC(=O)C(C)CSCCCC(=O)N(C)CCN5(CCCCC5))(CCC(=O)OCCOC(=O)C(C)CSCCCC(=O)N(C)CCN5(CCCCC5))CCCN1CCN(CCCN(CCC(=O)OCCOC(=O)C(C)CSCCCC(=O)N(C)CCN5(CCCCC5))(CCC(=O)OCCOC(=O)C(C)CSCCCC(=O)N(C)CCN5(CCCCC5)))CC1,0.17305449714405732
N(CCC(=O)OCCOC(=O)C(C)CSCCNCCCC)(CCC(=O)OCCOC(=O)C(C)CSCCNCCCC)CCCN1CCN(CCCN(CCC(=O)OCCOC(=O)C(C)CSCCNCCCC)(CCC(=O)OCCOC(=O)C(C)CSCCNCCCC))CC1,0.24810556844749923
N(CCC(=O)OCCOC(=O)C(C)CSCCN(CC)CC)(CCC(=O)OCCOC(=O)C(C)CSCCN(CC)CC)CCCN1CCN(CCCN(CCC(=O)OCCOC(=O)C(C)CSCCN(CC)CC)(CCC(=O)OCCOC(=O)C(C)CSCCN(CC)CC))CC1,0.14565839088883412
N(CCC(=O)OCCOC(=O)C(C)CSCCN5CCCC5)(CCC(=O)OCCOC(=O)C(C)CSCCN5CCCC5)CCCN1CCN(CCCN(CCC(=O)OCCOC(=O)C(C)CSCCN5CCCC5)(CCC(=O)OCCOC(=O)C(C)CSCCN5CCCC5))CC1,0.1436803797402486
N(CCC(=O)OCCOC(=O)C(C)CSCCN5CCCCC5)(CCC(=O)OCCOC(=O)C(C)CSCCN5CCCCC5)CCCN1CCN(CCCN(CCC(=O)OCCOC(=O)C(C)CSCCN5CCCCC5)(CCC(=O)OCCOC(=O)C(C)CSCCN5CCCCC5))CC1,0.14069395779318758
N(CCC(=O)OCCOC(=O)C(C)CSCCN5CCCCCC5)(CCC(=O)OCCOC(=O)C(C)CSCCN5CCCCCC5)CCCN1CCN(CCCN(CCC(=O)OCCOC(=O)C(C)CSCCN5CCCCCC5)(CCC(=O)OCCOC(=O)C(C)CSCCN5CCCCCC5))CC1,0.1367868991421743
N(CCC(=O)OCCOC(=O)C(C)CSCCN(CCC)CCC)(CCC(=O)OCCOC(=O)C(C)CSCCN(CCC)CCC)CCCN1CCN(CCCN(CCC(=O)OCCOC(=O)C(C)CSCCN(CCC)CCC)(CCC(=O)OCCOC(=O)C(C)CSCCN(CCC)CCC))CC1,0.15111286597318874
N(CCC(=O)OCCOC(=O)C(C)CSCCN(CCCC)CCCC)(CCC(=O)OCCOC(=O)C(C)CSCCN(CCCC)CCCC)CCCN1CCN(CCCN(CCC(=O)OCCOC(=O)C(C)CSCCN(CCCC)CCCC)(CCC(=O)OCCOC(=O)C(C)CSCCN(CCCC)CCCC))CC1,0.23767212136888438
N(CCC(=O)OCCOC(=O)C(C)CSCCCC(=O)N5CCN(CCO)CC5)(CCC(=O)OCCOC(=O)C(C)CSCCCC(=O)N5CCN(CCO)CC5)CCCN1CCN(CCCN(CCC(=O)OCCOC(=O)C(C)CSCCCC(=O)N5CCN(CCO)CC5)(CCC(=O)OCCOC(=O)C(C)CSCCCC(=O)N5CCN(CCO)CC5))CC1,0.06670140241815438
N(CCC(=O)OCCOC(=O)C(C)CSCCC(O)=O)(CCC(=O)OCCOC(=O)C(C)CSCCC(O)=O)CCCN1CCN(CCCN(CCC(=O)OCCOC(=O)C(C)CSCCC(O)=O)(CCC(=O)OCCOC(=O)C(C)CSCCC(O)=O))CC1,0.1896640323069189
N(CCC(=O)OCCOC(=O)C(C)CSCCCCCC(O)=O)(CCC(=O)OCCOC(=O)C(C)CSCCCCCC(O)=O)CCCN1CCN(CCCN(CCC(=O)OCCOC(=O)C(C)CSCCCCCC(O)=O)(CCC(=O)OCCOC(=O)C(C)CSCCCCCC(O)=O))CC1,0.23316076721495385
N(CCC(=O)OCCOC(=O)C(C)CSCCCCCCCCCCC(O)=O)(CCC(=O)OCCOC(=O)C(C)CSCCCCCCCCCCC(O)=O)CCCN1CCN(CCCN(CCC(=O)OCCOC(=O)C(C)CSCCCCCCCCCCC(O)=O)(CCC(=O)OCCOC(=O)C(C)CSCCCCCCCCCCC(O)=O))CC1,0.24493838653678535
N(CCC(=O)OCCOC(=O)C(C)CSCCO)(CCC(=O)OCCOC(=O)C(C)CSCCO)CCCN1CCN(CCCN(CCC(=O)OCCOC(=O)C(C)CSCCO)(CCC(=O)OCCOC(=O)C(C)CSCCO))CC1,0.14152853262827977
N(CCC(=O)OCCOC(=O)C(C)CSCC(O)CO)(CCC(=O)OCCOC(=O)C(C)CSCC(O)CO)CCCN1CCN(CCCN(CCC(=O)OCCOC(=O)C(C)CSCC(O)CO)(CCC(=O)OCCOC(=O)C(C)CSCC(O)CO))CC1,0.0558771173026326
N(CCC(=O)OCCOC(=O)C(C)CSCCCO)(CCC(=O)OCCOC(=O)C(C)CSCCCO)CCCN1CCN(CCCN(CCC(=O)OCCOC(=O)C(C)CSCCCO)(CCC(=O)OCCOC(=O)C(C)CSCCCO))CC1,0.17706227671873126
N(CCC(=O)OCCOC(=O)C(C)CSCCCCO)(CCC(=O)OCCOC(=O)C(C)CSCCCCO)CCCN1CCN(CCCN(CCC(=O)OCCOC(=O)C(C)CSCCCCO)(CCC(=O)OCCOC(=O)C(C)CSCCCCO))CC1,0.2001022405744393
N(CCC(=O)OCCOC(=O)C(C)CSCCCCCCO)(CCC(=O)OCCOC(=O)C(C)CSCCCCCCO)CCCN1CCN(CCCN(CCC(=O)OCCOC(=O)C(C)CSCCCCCCO)(CCC(=O)OCCOC(=O)C(C)CSCCCCCCO))CC1,0.202250633196035
N(CCC(=O)OCCOC(=O)C(C)CSCCCCCCCCCCCO)(CCC(=O)OCCOC(=O)C(C)CSCCCCCCCCCCCO)CCCN1CCN(CCCN(CCC(=O)OCCOC(=O)C(C)CSCCCCCCCCCCCO)(CCC(=O)OCCOC(=O)C(C)CSCCCCCCCCCCCO))CC1,0.23362508076014407
c1c(CN(CCC(=O)OCCOC(=O)C(C)CSCC(C)C)(CCC(=O)OCCOC(=O)C(C)CSCC(C)C))ccc(CN(CCC(=O)OCCOC(=O)C(C)CSCC(C)C)(CCC(=O)OCCOC(=O)C(C)CSCC(C)C))c1,0.10079219086024215
c1c(CN(CCC(=O)OCCOC(=O)C(C)CSCCCCCCCCCC)(CCC(=O)OCCOC(=O)C(C)CSCCCCCCCCCC))ccc(CN(CCC(=O)OCCOC(=O)C(C)CSCCCCCCCCCC)(CCC(=O)OCCOC(=O)C(C)CSCCCCCCCCCC))c1,0.16883027121822414
c1c(CN(CCC(=O)OCCOC(=O)C(C)CSCCCCCCCCCCC)(CCC(=O)OCCOC(=O)C(C)CSCCCCCCCCCCC))ccc(CN(CCC(=O)OCCOC(=O)C(C)CSCCCCCCCCCCC)(CCC(=O)OCCOC(=O)C(C)CSCCCCCCCCCCC))c1,0.1711057590465029
c1c(CN(CCC(=O)OCCOC(=O)C(C)CSCCCCCCCCCCCC)(CCC(=O)OCCOC(=O)C(C)CSCCCCCCCCCCCC))ccc(CN(CCC(=O)OCCOC(=O)C(C)CSCCCCCCCCCCCC)(CCC(=O)OCCOC(=O)C(C)CSCCCCCCCCCCCC))c1,0.17324559053978272
c1c(CN(CCC(=O)OCCOC(=O)C(C)CSCCCCCCCCCCCCCC)(CCC(=O)OCCOC(=O)C(C)CSCCCCCCCCCCCCCC))ccc(CN(CCC(=O)OCCOC(=O)C(C)CSCCCCCCCCCCCCCC)(CCC(=O)OCCOC(=O)C(C)CSCCCCCCCCCCCCCC))c1,0.1771044965988998
c1c(CN(CCC(=O)OCCOC(=O)C(C)CSCCCCCCCCCCCCCCCC)(CCC(=O)OCCOC(=O)C(C)CSCCCCCCCCCCCCCCCC))ccc(CN(CCC(=O)OCCOC(=O)C(C)CSCCCCCCCCCCCCCCCC)(CCC(=O)OCCOC(=O)C(C)CSCCCCCCCCCCCCCCCC))c1,0.18115125183669623
c1c(CN(CCC(=O)OCCOC(=O)C(C)CSCCCCCCCCCCCCCCCCCC)(CCC(=O)OCCOC(=O)C(C)CSCCCCCCCCCCCCCCCCCC))ccc(CN(CCC(=O)OCCOC(=O)C(C)CSCCCCCCCCCCCCCCCCCC)(CCC(=O)OCCOC(=O)C(C)CSCCCCCCCCCCCCCCCCCC))c1,0.18659168366670806
c1c(CN(CCC(=O)OCCOC(=O)C(C)CSCCc5ccccc5)(CCC(=O)OCCOC(=O)C(C)CSCCc5ccccc5))ccc(CN(CCC(=O)OCCOC(=O)C(C)CSCCc5ccccc5)(CCC(=O)OCCOC(=O)C(C)CSCCc5ccccc5))c1,-0.07478960436977553
c1c(CN(CCC(=O)OCCOC(=O)C(C)CSCCC(C)C)(CCC(=O)OCCOC(=O)C(C)CSCCC(C)C))ccc(CN(CCC(=O)OCCOC(=O)C(C)CSCCC(C)C)(CCC(=O)OCCOC(=O)C(C)CSCCC(C)C))c1,0.062150727152064045
c1c(CN(CCC(=O)OCCOC(=O)C(C)CSCCCC)(CCC(=O)OCCOC(=O)C(C)CSCCCC))ccc(CN(CCC(=O)OCCOC(=O)C(C)CSCCCC)(CCC(=O)OCCOC(=O)C(C)CSCCCC))c1,0.13416058528722302
c1c(CN(CCC(=O)OCCOC(=O)C(C)CSCCCCC)(CCC(=O)OCCOC(=O)C(C)CSCCCCC))ccc(CN(CCC(=O)OCCOC(=O)C(C)CSCCCCC)(CCC(=O)OCCOC(=O)C(C)CSCCCCC))c1,0.14569475315489175
c1c(CN(CCC(=O)OCCOC(=O)C(C)CSCCCCCC)(CCC(=O)OCCOC(=O)C(C)CSCCCCCC))ccc(CN(CCC(=O)OCCOC(=O)C(C)CSCCCCCC)(CCC(=O)OCCOC(=O)C(C)CSCCCCCC))c1,0.14513991694240316
c1c(CN(CCC(=O)OCCOC(=O)C(C)CSCCCCCCC)(CCC(=O)OCCOC(=O)C(C)CSCCCCCCC))ccc(CN(CCC(=O)OCCOC(=O)C(C)CSCCCCCCC)(CCC(=O)OCCOC(=O)C(C)CSCCCCCCC))c1,0.15264493245365485
c1c(CN(CCC(=O)OCCOC(=O)C(C)CSCCCCCCCC)(CCC(=O)OCCOC(=O)C(C)CSCCCCCCCC))ccc(CN(CCC(=O)OCCOC(=O)C(C)CSCCCCCCCC)(CCC(=O)OCCOC(=O)C(C)CSCCCCCCCC))c1,0.1620941651859292
c1c(CN(CCC(=O)OCCOC(=O)C(C)CSCCCCCCCCC)(CCC(=O)OCCOC(=O)C(C)CSCCCCCCCCC))ccc(CN(CCC(=O)OCCOC(=O)C(C)CSCCCCCCCCC)(CCC(=O)OCCOC(=O)C(C)CSCCCCCCCCC))c1,0.16638261459365516
c1c(CN(CCC(=O)OCCOC(=O)C(C)CSCCN(C)C)(CCC(=O)OCCOC(=O)C(C)CSCCN(C)C))ccc(CN(CCC(=O)OCCOC(=O)C(C)CSCCN(C)C)(CCC(=O)OCCOC(=O)C(C)CSCCN(C)C))c1,0.0035139001283389275
c1c(CN(CCC(=O)OCCOC(=O)C(C)CSCCCC(=O)N(C)CCCN(C)C)(CCC(=O)OCCOC(=O)C(C)CSCCCC(=O)N(C)CCCN(C)C))ccc(CN(CCC(=O)OCCOC(=O)C(C)CSCCCC(=O)N(C)CCCN(C)C)(CCC(=O)OCCOC(=O)C(C)CSCCCC(=O)N(C)CCCN(C)C))c1,0.08015877519366334
c1c(CN(CCC(=O)OCCOC(=O)C(C)CSCCCC(=O)N(C)CCN5(CCCCC5))(CCC(=O)OCCOC(=O)C(C)CSCCCC(=O)N(C)CCN5(CCCCC5)))ccc(CN(CCC(=O)OCCOC(=O)C(C)CSCCCC(=O)N(C)CCN5(CCCCC5))(CCC(=O)OCCOC(=O)C(C)CSCCCC(=O)N(C)CCN5(CCCCC5)))c1,0.08147507120152148
c1c(CN(CCC(=O)OCCOC(=O)C(C)CSCCNCCCC)(CCC(=O)OCCOC(=O)C(C)CSCCNCCCC))ccc(CN(CCC(=O)OCCOC(=O)C(C)CSCCNCCCC)(CCC(=O)OCCOC(=O)C(C)CSCCNCCCC))c1,0.12271540809546982
c1c(CN(CCC(=O)OCCOC(=O)C(C)CSCCN(CC)CC)(CCC(=O)OCCOC(=O)C(C)CSCCN(CC)CC))ccc(CN(CCC(=O)OCCOC(=O)C(C)CSCCN(CC)CC)(CCC(=O)OCCOC(=O)C(C)CSCCN(CC)CC))c1,0.03411994840792543
c1c(CN(CCC(=O)OCCOC(=O)C(C)CSCCN5CCCC5)(CCC(=O)OCCOC(=O)C(C)CSCCN5CCCC5))ccc(CN(CCC(=O)OCCOC(=O)C(C)CSCCN5CCCC5)(CCC(=O)OCCOC(=O)C(C)CSCCN5CCCC5))c1,0.02970694960272616
c1c(CN(CCC(=O)OCCOC(=O)C(C)CSCCN5CCCCC5)(CCC(=O)OCCOC(=O)C(C)CSCCN5CCCCC5))ccc(CN(CCC(=O)OCCOC(=O)C(C)CSCCN5CCCCC5)(CCC(=O)OCCOC(=O)C(C)CSCCN5CCCCC5))c1,0.03128083043623005
c1c(CN(CCC(=O)OCCOC(=O)C(C)CSCCN5CCCCCC5)(CCC(=O)OCCOC(=O)C(C)CSCCN5CCCCCC5))ccc(CN(CCC(=O)OCCOC(=O)C(C)CSCCN5CCCCCC5)(CCC(=O)OCCOC(=O)C(C)CSCCN5CCCCCC5))c1,0.03209153924870119
c1c(CN(CCC(=O)OCCOC(=O)C(C)CSCCN(CCC)CCC)(CCC(=O)OCCOC(=O)C(C)CSCCN(CCC)CCC))ccc(CN(CCC(=O)OCCOC(=O)C(C)CSCCN(CCC)CCC)(CCC(=O)OCCOC(=O)C(C)CSCCN(CCC)CCC))c1,0.04550944071681674
c1c(CN(CCC(=O)OCCOC(=O)C(C)CSCCN(CCCC)CCCC)(CCC(=O)OCCOC(=O)C(C)CSCCN(CCCC)CCCC))ccc(CN(CCC(=O)OCCOC(=O)C(C)CSCCN(CCCC)CCCC)(CCC(=O)OCCOC(=O)C(C)CSCCN(CCCC)CCCC))c1,0.12939975685026184
c1c(CN(CCC(=O)OCCOC(=O)C(C)CSCCCC(=O)N5CCN(CCO)CC5)(CCC(=O)OCCOC(=O)C(C)CSCCCC(=O)N5CCN(CCO)CC5))ccc(CN(CCC(=O)OCCOC(=O)C(C)CSCCCC(=O)N5CCN(CCO)CC5)(CCC(=O)OCCOC(=O)C(C)CSCCCC(=O)N5CCN(CCO)CC5))c1,-0.0095899506160542
c1c(CN(CCC(=O)OCCOC(=O)C(C)CSCCC(O)=O)(CCC(=O)OCCOC(=O)C(C)CSCCC(O)=O))ccc(CN(CCC(=O)OCCOC(=O)C(C)CSCCC(O)=O)(CCC(=O)OCCOC(=O)C(C)CSCCC(O)=O))c1,0.054925044736285206
c1c(CN(CCC(=O)OCCOC(=O)C(C)CSCCCCCC(O)=O)(CCC(=O)OCCOC(=O)C(C)CSCCCCCC(O)=O))ccc(CN(CCC(=O)OCCOC(=O)C(C)CSCCCCCC(O)=O)(CCC(=O)OCCOC(=O)C(C)CSCCCCCC(O)=O))c1,0.11215163661264924
c1c(CN(CCC(=O)OCCOC(=O)C(C)CSCCCCCCCCCCC(O)=O)(CCC(=O)OCCOC(=O)C(C)CSCCCCCCCCCCC(O)=O))ccc(CN(CCC(=O)OCCOC(=O)C(C)CSCCCCCCCCCCC(O)=O)(CCC(=O)OCCOC(=O)C(C)CSCCCCCCCCCCC(O)=O))c1,0.1402036905116291
c1c(CN(CCC(=O)OCCOC(=O)C(C)CSCCO)(CCC(=O)OCCOC(=O)C(C)CSCCO))ccc(CN(CCC(=O)OCCOC(=O)C(C)CSCCO)(CCC(=O)OCCOC(=O)C(C)CSCCO))c1,0.003926997098867234
c1c(CN(CCC(=O)OCCOC(=O)C(C)CSCC(O)CO)(CCC(=O)OCCOC(=O)C(C)CSCC(O)CO))ccc(CN(CCC(=O)OCCOC(=O)C(C)CSCC(O)CO)(CCC(=O)OCCOC(=O)C(C)CSCC(O)CO))c1,-0.05182435513302815
c1c(CN(CCC(=O)OCCOC(=O)C(C)CSCCCO)(CCC(=O)OCCOC(=O)C(C)CSCCCO))ccc(CN(CCC(=O)OCCOC(=O)C(C)CSCCCO)(CCC(=O)OCCOC(=O)C(C)CSCCCO))c1,0.03654574411624209
c1c(CN(CCC(=O)OCCOC(=O)C(C)CSCCCCO)(CCC(=O)OCCOC(=O)C(C)CSCCCCO))ccc(CN(CCC(=O)OCCOC(=O)C(C)CSCCCCO)(CCC(=O)OCCOC(=O)C(C)CSCCCCO))c1,0.06406115044552385
c1c(CN(CCC(=O)OCCOC(=O)C(C)CSCCCCCCO)(CCC(=O)OCCOC(=O)C(C)CSCCCCCCO))ccc(CN(CCC(=O)OCCOC(=O)C(C)CSCCCCCCO)(CCC(=O)OCCOC(=O)C(C)CSCCCCCCO))c1,0.07658842421736295
c1c(CN(CCC(=O)OCCOC(=O)C(C)CSCCCCCCCCCCCO)(CCC(=O)OCCOC(=O)C(C)CSCCCCCCCCCCCO))ccc(CN(CCC(=O)OCCOC(=O)C(C)CSCCCCCCCCCCCO)(CCC(=O)OCCOC(=O)C(C)CSCCCCCCCCCCCO))c1,0.1271105261581075
N(CCC(=O)OCCOC(=O)C(C)CSCC(C)C)(CCC(=O)OCCOC(=O)C(C)CSCC(C)C)CCCN(C)CCCN(CCC(=O)OCCOC(=O)C(C)CSCC(C)C)(CCC(=O)OCCOC(=O)C(C)CSCC(C)C),0.24311632309925987
N(CCC(=O)OCCOC(=O)C(C)CSCCCCCCCCCC)(CCC(=O)OCCOC(=O)C(C)CSCCCCCCCCCC)CCCN(C)CCCN(CCC(=O)OCCOC(=O)C(C)CSCCCCCCCCCC)(CCC(=O)OCCOC(=O)C(C)CSCCCCCCCCCC),0.2923929160457479
N(CCC(=O)OCCOC(=O)C(C)CSCCCCCCCCCCC)(CCC(=O)OCCOC(=O)C(C)CSCCCCCCCCCCC)CCCN(C)CCCN(CCC(=O)OCCOC(=O)C(C)CSCCCCCCCCCCC)(CCC(=O)OCCOC(=O)C(C)CSCCCCCCCCCCC),0.2915613751543747
N(CCC(=O)OCCOC(=O)C(C)CSCCCCCCCCCCCC)(CCC(=O)OCCOC(=O)C(C)CSCCCCCCCCCCCC)CCCN(C)CCCN(CCC(=O)OCCOC(=O)C(C)CSCCCCCCCCCCCC)(CCC(=O)OCCOC(=O)C(C)CSCCCCCCCCCCCC),0.29133884589625414
N(CCC(=O)OCCOC(=O)C(C)CSCCCCCCCCCCCCCC)(CCC(=O)OCCOC(=O)C(C)CSCCCCCCCCCCCCCC)CCCN(C)CCCN(CCC(=O)OCCOC(=O)C(C)CSCCCCCCCCCCCCCC)(CCC(=O)OCCOC(=O)C(C)CSCCCCCCCCCCCCCC),0.29078342392235446
N(CCC(=O)OCCOC(=O)C(C)CSCCCCCCCCCCCCCCCC)(CCC(=O)OCCOC(=O)C(C)CSCCCCCCCCCCCCCCCC)CCCN(C)CCCN(CCC(=O)OCCOC(=O)C(C)CSCCCCCCCCCCCCCCCC)(CCC(=O)OCCOC(=O)C(C)CSCCCCCCCCCCCCCCCC),0.2901438926176317
N(CCC(=O)OCCOC(=O)C(C)CSCCCCCCCCCCCCCCCCCC)(CCC(=O)OCCOC(=O)C(C)CSCCCCCCCCCCCCCCCCCC)CCCN(C)CCCN(CCC(=O)OCCOC(=O)C(C)CSCCCCCCCCCCCCCCCCCC)(CCC(=O)OCCOC(=O)C(C)CSCCCCCCCCCCCCCCCCCC),0.28953998762232186
N(CCC(=O)OCCOC(=O)C(C)CSCCc5ccccc5)(CCC(=O)OCCOC(=O)C(C)CSCCc5ccccc5)CCCN(C)CCCN(CCC(=O)OCCOC(=O)C(C)CSCCc5ccccc5)(CCC(=O)OCCOC(=O)C(C)CSCCc5ccccc5),-0.02199424499997135
N(CCC(=O)OCCOC(=O)C(C)CSCCC(C)C)(CCC(=O)OCCOC(=O)C(C)CSCCC(C)C)CCCN(C)CCCN(CCC(=O)OCCOC(=O)C(C)CSCCC(C)C)(CCC(=O)OCCOC(=O)C(C)CSCCC(C)C),0.1867335580843786
N(CCC(=O)OCCOC(=O)C(C)CSCCCC)(CCC(=O)OCCOC(=O)C(C)CSCCCC)CCCN(C)CCCN(CCC(=O)OCCOC(=O)C(C)CSCCCC)(CCC(=O)OCCOC(=O)C(C)CSCCCC),0.28497005732728237
N(CCC(=O)OCCOC(=O)C(C)CSCCCCC)(CCC(=O)OCCOC(=O)C(C)CSCCCCC)CCCN(C)CCCN(CCC(=O)OCCOC(=O)C(C)CSCCCCC)(CCC(=O)OCCOC(=O)C(C)CSCCCCC),0.291966241426101
N(CCC(=O)OCCOC(=O)C(C)CSCCCCCC)(CCC(=O)OCCOC(=O)C(C)CSCCCCCC)CCCN(C)CCCN(CCC(=O)OCCOC(=O)C(C)CSCCCCCC)(CCC(=O)OCCOC(=O)C(C)CSCCCCCC),0.28444109975354526
N(CCC(=O)OCCOC(=O)C(C)CSCCCCCCC)(CCC(=O)OCCOC(=O)C(C)CSCCCCCCC)CCCN(C)CCCN(CCC(=O)OCCOC(=O)C(C)CSCCCCCCC)(CCC(=O)OCCOC(=O)C(C)CSCCCCCCC),0.28776380882866504
N(CCC(=O)OCCOC(=O)C(C)CSCCCCCCCC)(CCC(=O)OCCOC(=O)C(C)CSCCCCCCCC)CCCN(C)CCCN(CCC(=O)OCCOC(=O)C(C)CSCCCCCCCC)(CCC(=O)OCCOC(=O)C(C)CSCCCCCCCC),0.29385810058868633
N(CCC(=O)OCCOC(=O)C(C)CSCCCCCCCCC)(CCC(=O)OCCOC(=O)C(C)CSCCCCCCCCC)CCCN(C)CCCN(CCC(=O)OCCOC(=O)C(C)CSCCCCCCCCC)(CCC(=O)OCCOC(=O)C(C)CSCCCCCCCCC),0.29415113148946465
N(CCC(=O)OCCOC(=O)C(C)CSCCN(C)C)(CCC(=O)OCCOC(=O)C(C)CSCCN(C)C)CCCN(C)CCCN(CCC(=O)OCCOC(=O)C(C)CSCCN(C)C)(CCC(=O)OCCOC(=O)C(C)CSCCN(C)C),0.11213223138846648
N(CCC(=O)OCCOC(=O)C(C)CSCCCC(=O)N(C)CCCN(C)C)(CCC(=O)OCCOC(=O)C(C)CSCCCC(=O)N(C)CCCN(C)C)CCCN(C)CCCN(CCC(=O)OCCOC(=O)C(C)CSCCCC(=O)N(C)CCCN(C)C)(CCC(=O)OCCOC(=O)C(C)CSCCCC(=O)N(C)CCCN(C)C),0.1712692615778137
N(CCC(=O)OCCOC(=O)C(C)CSCCCC(=O)N(C)CCN5(CCCCC5))(CCC(=O)OCCOC(=O)C(C)CSCCCC(=O)N(C)CCN5(CCCCC5))CCCN(C)CCCN(CCC(=O)OCCOC(=O)C(C)CSCCCC(=O)N(C)CCN5(CCCCC5))(CCC(=O)OCCOC(=O)C(C)CSCCCC(=O)N(C)CCN5(CCCCC5)),0.17122067341973998
N(CCC(=O)OCCOC(=O)C(C)CSCCNCCCC)(CCC(=O)OCCOC(=O)C(C)CSCCNCCCC)CCCN(C)CCCN(CCC(=O)OCCOC(=O)C(C)CSCCNCCCC)(CCC(=O)OCCOC(=O)C(C)CSCCNCCCC),0.24979835884745424
N(CCC(=O)OCCOC(=O)C(C)CSCCN(CC)CC)(CCC(=O)OCCOC(=O)C(C)CSCCN(CC)CC)CCCN(C)CCCN(CCC(=O)OCCOC(=O)C(C)CSCCN(CC)CC)(CCC(=O)OCCOC(=O)C(C)CSCCN(CC)CC),0.14184766746066
N(CCC(=O)OCCOC(=O)C(C)CSCCN5CCCC5)(CCC(=O)OCCOC(=O)C(C)CSCCN5CCCC5)CCCN(C)CCCN(CCC(=O)OCCOC(=O)C(C)CSCCN5CCCC5)(CCC(=O)OCCOC(=O)C(C)CSCCN5CCCC5),0.13968939199269256
N(CCC(=O)OCCOC(=O)C(C)CSCCN5CCCCC5)(CCC(=O)OCCOC(=O)C(C)CSCCN5CCCCC5)CCCN(C)CCCN(CCC(=O)OCCOC(=O)C(C)CSCCN5CCCCC5)(CCC(=O)OCCOC(=O)C(C)CSCCN5CCCCC5),0.1367734867078127
N(CCC(=O)OCCOC(=O)C(C)CSCCN5CCCCCC5)(CCC(=O)OCCOC(=O)C(C)CSCCN5CCCCCC5)CCCN(C)CCCN(CCC(=O)OCCOC(=O)C(C)CSCCN5CCCCCC5)(CCC(=O)OCCOC(=O)C(C)CSCCN5CCCCCC5),0.13279993662687906
N(CCC(=O)OCCOC(=O)C(C)CSCCN(CCC)CCC)(CCC(=O)OCCOC(=O)C(C)CSCCN(CCC)CCC)CCCN(C)CCCN(CCC(=O)OCCOC(=O)C(C)CSCCN(CCC)CCC)(CCC(=O)OCCOC(=O)C(C)CSCCN(CCC)CCC),0.14802165281163615
N(CCC(=O)OCCOC(=O)C(C)CSCCN(CCCC)CCCC)(CCC(=O)OCCOC(=O)C(C)CSCCN(CCCC)CCCC)CCCN(C)CCCN(CCC(=O)OCCOC(=O)C(C)CSCCN(CCCC)CCCC)(CCC(=O)OCCOC(=O)C(C)CSCCN(CCCC)CCCC),0.2384348277846929
N(CCC(=O)OCCOC(=O)C(C)CSCCCC(=O)N5CCN(CCO)CC5)(CCC(=O)OCCOC(=O)C(C)CSCCCC(=O)N5CCN(CCO)CC5)CCCN(C)CCCN(CCC(=O)OCCOC(=O)C(C)CSCCCC(=O)N5CCN(CCO)CC5)(CCC(=O)OCCOC(=O)C(C)CSCCCC(=O)N5CCN(CCO)CC5),0.061322400438690125
N(CCC(=O)OCCOC(=O)C(C)CSCCC(O)=O)(CCC(=O)OCCOC(=O)C(C)CSCCC(O)=O)CCCN(C)CCCN(CCC(=O)OCCOC(=O)C(C)CSCCC(O)=O)(CCC(=O)OCCOC(=O)C(C)CSCCC(O)=O),0.18814126291141342
N(CCC(=O)OCCOC(=O)C(C)CSCCCCCC(O)=O)(CCC(=O)OCCOC(=O)C(C)CSCCCCCC(O)=O)CCCN(C)CCCN(CCC(=O)OCCOC(=O)C(C)CSCCCCCC(O)=O)(CCC(=O)OCCOC(=O)C(C)CSCCCCCC(O)=O),0.23388922911749868
N(CCC(=O)OCCOC(=O)C(C)CSCCCCCCCCCCC(O)=O)(CCC(=O)OCCOC(=O)C(C)CSCCCCCCCCCCC(O)=O)CCCN(C)CCCN(CCC(=O)OCCOC(=O)C(C)CSCCCCCCCCCCC(O)=O)(CCC(=O)OCCOC(=O)C(C)CSCCCCCCCCCCC(O)=O),0.24618865671994736
N(CCC(=O)OCCOC(=O)C(C)CSCCO)(CCC(=O)OCCOC(=O)C(C)CSCCO)CCCN(C)CCCN(CCC(=O)OCCOC(=O)C(C)CSCCO)(CCC(=O)OCCOC(=O)C(C)CSCCO),0.13661243235880982
N(CCC(=O)OCCOC(=O)C(C)CSCC(O)CO)(CCC(=O)OCCOC(=O)C(C)CSCC(O)CO)CCCN(C)CCCN(CCC(=O)OCCOC(=O)C(C)CSCC(O)CO)(CCC(=O)OCCOC(=O)C(C)CSCC(O)CO),0.0472966062918123
N(CCC(=O)OCCOC(=O)C(C)CSCCCO)(CCC(=O)OCCOC(=O)C(C)CSCCCO)CCCN(C)CCCN(CCC(=O)OCCOC(=O)C(C)CSCCCO)(CCC(=O)OCCOC(=O)C(C)CSCCCO),0.17438525695291235
N(CCC(=O)OCCOC(=O)C(C)CSCCCCO)(CCC(=O)OCCOC(=O)C(C)CSCCCCO)CCCN(C)CCCN(CCC(=O)OCCOC(=O)C(C)CSCCCCO)(CCC(=O)OCCOC(=O)C(C)CSCCCCO),0.19873007193967723
N(CCC(=O)OCCOC(=O)C(C)CSCCCCCCO)(CCC(=O)OCCOC(=O)C(C)CSCCCCCCO)CCCN(C)CCCN(CCC(=O)OCCOC(=O)C(C)CSCCCCCCO)(CCC(=O)OCCOC(=O)C(C)CSCCCCCCO),0.20149154648535653
N(CCC(=O)OCCOC(=O)C(C)CSCCCCCCCCCCCO)(CCC(=O)OCCOC(=O)C(C)CSCCCCCCCCCCCO)CCCN(C)CCCN(CCC(=O)OCCOC(=O)C(C)CSCCCCCCCCCCCO)(CCC(=O)OCCOC(=O)C(C)CSCCCCCCCCCCCO),0.23422761897882804
N(CCC(=O)OCCOC(=O)C(C)CSCC(C)C)(CCC(=O)OCCOC(=O)C(C)CSCC(C)C)CCOCCOCCN(CCC(=O)OCCOC(=O)C(C)CSCC(C)C)CCC(=O)OCCOC(=O)C(C)CSCC(C)C,0.10338760955563929
N(CCC(=O)OCCOC(=O)C(C)CSCCCCCCCCCC)(CCC(=O)OCCOC(=O)C(C)CSCCCCCCCCCC)CCOCCOCCN(CCC(=O)OCCOC(=O)C(C)CSCCCCCCCCCC)CCC(=O)OCCOC(=O)C(C)CSCCCCCCCCCC,0.16939090496673018
N(CCC(=O)OCCOC(=O)C(C)CSCCCCCCCCCCC)(CCC(=O)OCCOC(=O)C(C)CSCCCCCCCCCCC)CCOCCOCCN(CCC(=O)OCCOC(=O)C(C)CSCCCCCCCCCCC)CCC(=O)OCCOC(=O)C(C)CSCCCCCCCCCCC,0.1714945994868028
N(CCC(=O)OCCOC(=O)C(C)CSCCCCCCCCCCCC)(CCC(=O)OCCOC(=O)C(C)CSCCCCCCCCCCCC)CCOCCOCCN(CCC(=O)OCCOC(=O)C(C)CSCCCCCCCCCCCC)CCC(=O)OCCOC(=O)C(C)CSCCCCCCCCCCCC,0.17357436790616088
N(CCC(=O)OCCOC(=O)C(C)CSCCCCCCCCCCCCCC)(CCC(=O)OCCOC(=O)C(C)CSCCCCCCCCCCCCCC)CCOCCOCCN(CCC(=O)OCCOC(=O)C(C)CSCCCCCCCCCCCCCC)CCC(=O)OCCOC(=O)C(C)CSCCCCCCCCCCCCCC,0.17777172390470075
N(CCC(=O)OCCOC(=O)C(C)CSCCCCCCCCCCCCCCCC)(CCC(=O)OCCOC(=O)C(C)CSCCCCCCCCCCCCCCCC)CCOCCOCCN(CCC(=O)OCCOC(=O)C(C)CSCCCCCCCCCCCCCCCC)CCC(=O)OCCOC(=O)C(C)CSCCCCCCCCCCCCCCCC,0.18150760504796568
N(CCC(=O)OCCOC(=O)C(C)CSCCCCCCCCCCCCCCCCCC)(CCC(=O)OCCOC(=O)C(C)CSCCCCCCCCCCCCCCCCCC)CCOCCOCCN(CCC(=O)OCCOC(=O)C(C)CSCCCCCCCCCCCCCCCCCC)CCC(=O)OCCOC(=O)C(C)CSCCCCCCCCCCCCCCCCCC,0.18497857183818456
N(CCC(=O)OCCOC(=O)C(C)CSCCc5ccccc5)(CCC(=O)OCCOC(=O)C(C)CSCCc5ccccc5)CCOCCOCCN(CCC(=O)OCCOC(=O)C(C)CSCCc5ccccc5)CCC(=O)OCCOC(=O)C(C)CSCCc5ccccc5,-0.0837897007852162
N(CCC(=O)OCCOC(=O)C(C)CSCCC(C)C)(CCC(=O)OCCOC(=O)C(C)CSCCC(C)C)CCOCCOCCN(CCC(=O)OCCOC(=O)C(C)CSCCC(C)C)CCC(=O)OCCOC(=O)C(C)CSCCC(C)C,0.061340919510994574
N(CCC(=O)OCCOC(=O)C(C)CSCCCC)(CCC(=O)OCCOC(=O)C(C)CSCCCC)CCOCCOCCN(CCC(=O)OCCOC(=O)C(C)CSCCCC)CCC(=O)OCCOC(=O)C(C)CSCCCC,0.1367728558878315
N(CCC(=O)OCCOC(=O)C(C)CSCCCCC)(CCC(=O)OCCOC(=O)C(C)CSCCCCC)CCOCCOCCN(CCC(=O)OCCOC(=O)C(C)CSCCCCC)CCC(=O)OCCOC(=O)C(C)CSCCCCC,0.1479788621895799
N(CCC(=O)OCCOC(=O)C(C)CSCCCCCC)(CCC(=O)OCCOC(=O)C(C)CSCCCCCC)CCOCCOCCN(CCC(=O)OCCOC(=O)C(C)CSCCCCCC)CCC(=O)OCCOC(=O)C(C)CSCCCCCC,0.1471409079617314
N(CCC(=O)OCCOC(=O)C(C)CSCCCCCCC)(CCC(=O)OCCOC(=O)C(C)CSCCCCCCC)CCOCCOCCN(CCC(=O)OCCOC(=O)C(C)CSCCCCCCC)CCC(=O)OCCOC(=O)C(C)CSCCCCCCC,0.1543124299762695
N(CCC(=O)OCCOC(=O)C(C)CSCCCCCCCC)(CCC(=O)OCCOC(=O)C(C)CSCCCCCCCC)CCOCCOCCN(CCC(=O)OCCOC(=O)C(C)CSCCCCCCCC)CCC(=O)OCCOC(=O)C(C)CSCCCCCCCC,0.16317171085043664
N(CCC(=O)OCCOC(=O)C(C)CSCCCCCCCCC)(CCC(=O)OCCOC(=O)C(C)CSCCCCCCCCC)CCOCCOCCN(CCC(=O)OCCOC(=O)C(C)CSCCCCCCCCC)CCC(=O)OCCOC(=O)C(C)CSCCCCCCCCC,0.1671835907549882
N(CCC(=O)OCCOC(=O)C(C)CSCCN(C)C)(CCC(=O)OCCOC(=O)C(C)CSCCN(C)C)CCOCCOCCN(CCC(=O)OCCOC(=O)C(C)CSCCN(C)C)CCC(=O)OCCOC(=O)C(C)CSCCN(C)C,-0.001777605617784253
N(CCC(=O)OCCOC(=O)C(C)CSCCCC(=O)N(C)CCCN(C)C)(CCC(=O)OCCOC(=O)C(C)CSCCCC(=O)N(C)CCCN(C)C)CCOCCOCCN(CCC(=O)OCCOC(=O)C(C)CSCCCC(=O)N(C)CCCN(C)C)CCC(=O)OCCOC(=O)C(C)CSCCCC(=O)N(C)CCCN(C)C,0.07994072175350446
N(CCC(=O)OCCOC(=O)C(C)CSCCCC(=O)N(C)CCN5(CCCCC5))(CCC(=O)OCCOC(=O)C(C)CSCCCC(=O)N(C)CCN5(CCCCC5))CCOCCOCCN(CCC(=O)OCCOC(=O)C(C)CSCCCC(=O)N(C)CCN5(CCCCC5))CCC(=O)OCCOC(=O)C(C)CSCCCC(=O)N(C)CCN5(CCCCC5),0.08568450289684382
N(CCC(=O)OCCOC(=O)C(C)CSCCNCCCC)(CCC(=O)OCCOC(=O)C(C)CSCCNCCCC)CCOCCOCCN(CCC(=O)OCCOC(=O)C(C)CSCCNCCCC)CCC(=O)OCCOC(=O)C(C)CSCCNCCCC,0.12566781082211756
N(CCC(=O)OCCOC(=O)C(C)CSCCN(CC)CC)(CCC(=O)OCCOC(=O)C(C)CSCCN(CC)CC)CCOCCOCCN(CCC(=O)OCCOC(=O)C(C)CSCCN(CC)CC)CCC(=O)OCCOC(=O)C(C)CSCCN(CC)CC,0.03177238188703593
N(CCC(=O)OCCOC(=O)C(C)CSCCN5CCCC5)(CCC(=O)OCCOC(=O)C(C)CSCCN5CCCC5)CCOCCOCCN(CCC(=O)OCCOC(=O)C(C)CSCCN5CCCC5)CCC(=O)OCCOC(=O)C(C)CSCCN5CCCC5,0.030399935391091693
N(CCC(=O)OCCOC(=O)C(C)CSCCN5CCCCC5)(CCC(=O)OCCOC(=O)C(C)CSCCN5CCCCC5)CCOCCOCCN(CCC(=O)OCCOC(=O)C(C)CSCCN5CCCCC5)CCC(=O)OCCOC(=O)C(C)CSCCN5CCCCC5,0.033224191544421106
N(CCC(=O)OCCOC(=O)C(C)CSCCN5CCCCCC5)(CCC(=O)OCCOC(=O)C(C)CSCCN5CCCCCC5)CCOCCOCCN(CCC(=O)OCCOC(=O)C(C)CSCCN5CCCCCC5)CCC(=O)OCCOC(=O)C(C)CSCCN5CCCCCC5,0.034591809263604695
N(CCC(=O)OCCOC(=O)C(C)CSCCN(CCC)CCC)(CCC(=O)OCCOC(=O)C(C)CSCCN(CCC)CCC)CCOCCOCCN(CCC(=O)OCCOC(=O)C(C)CSCCN(CCC)CCC)CCC(=O)OCCOC(=O)C(C)CSCCN(CCC)CCC,0.04367753949148964
N(CCC(=O)OCCOC(=O)C(C)CSCCN(CCCC)CCCC)(CCC(=O)OCCOC(=O)C(C)CSCCN(CCCC)CCCC)CCOCCOCCN(CCC(=O)OCCOC(=O)C(C)CSCCN(CCCC)CCCC)CCC(=O)OCCOC(=O)C(C)CSCCN(CCCC)CCCC,0.1316972332607415
N(CCC(=O)OCCOC(=O)C(C)CSCCCC(=O)N5CCN(CCO)CC5)(CCC(=O)OCCOC(=O)C(C)CSCCCC(=O)N5CCN(CCO)CC5)CCOCCOCCN(CCC(=O)OCCOC(=O)C(C)CSCCCC(=O)N5CCN(CCO)CC5)CCC(=O)OCCOC(=O)C(C)CSCCCC(=O)N5CCN(CCO)CC5,-0.010060647458672968
N(CCC(=O)OCCOC(=O)C(C)CSCCC(O)=O)(CCC(=O)OCCOC(=O)C(C)CSCCC(O)=O)CCOCCOCCN(CCC(=O)OCCOC(=O)C(C)CSCCC(O)=O)CCC(=O)OCCOC(=O)C(C)CSCCC(O)=O,0.05758988366865812
N(CCC(=O)OCCOC(=O)C(C)CSCCCCCC(O)=O)(CCC(=O)OCCOC(=O)C(C)CSCCCCCC(O)=O)CCOCCOCCN(CCC(=O)OCCOC(=O)C(C)CSCCCCCC(O)=O)CCC(=O)OCCOC(=O)C(C)CSCCCCCC(O)=O,0.11464613913058203
N(CCC(=O)OCCOC(=O)C(C)CSCCCCCCCCCCC(O)=O)(CCC(=O)OCCOC(=O)C(C)CSCCCCCCCCCCC(O)=O)CCOCCOCCN(CCC(=O)OCCOC(=O)C(C)CSCCCCCCCCCCC(O)=O)CCC(=O)OCCOC(=O)C(C)CSCCCCCCCCCCC(O)=O,0.14119551975631375
N(CCC(=O)OCCOC(=O)C(C)CSCCO)(CCC(=O)OCCOC(=O)C(C)CSCCO)CCOCCOCCN(CCC(=O)OCCOC(=O)C(C)CSCCO)CCC(=O)OCCOC(=O)C(C)CSCCO,0.00600632197292607
N(CCC(=O)OCCOC(=O)C(C)CSCC(O)CO)(CCC(=O)OCCOC(=O)C(C)CSCC(O)CO)CCOCCOCCN(CCC(=O)OCCOC(=O)C(C)CSCC(O)CO)CCC(=O)OCCOC(=O)C(C)CSCC(O)CO,-0.051193430015191374
N(CCC(=O)OCCOC(=O)C(C)CSCCCO)(CCC(=O)OCCOC(=O)C(C)CSCCCO)CCOCCOCCN(CCC(=O)OCCOC(=O)C(C)CSCCCO)CCC(=O)OCCOC(=O)C(C)CSCCCO,0.04258981809990496
N(CCC(=O)OCCOC(=O)C(C)CSCCCCO)(CCC(=O)OCCOC(=O)C(C)CSCCCCO)CCOCCOCCN(CCC(=O)OCCOC(=O)C(C)CSCCCCO)CCC(=O)OCCOC(=O)C(C)CSCCCCO,0.07049096333791247
N(CCC(=O)OCCOC(=O)C(C)CSCCCCCCO)(CCC(=O)OCCOC(=O)C(C)CSCCCCCCO)CCOCCOCCN(CCC(=O)OCCOC(=O)C(C)CSCCCCCCO)CCC(=O)OCCOC(=O)C(C)CSCCCCCCO,0.08207021981471171
N(CCC(=O)OCCOC(=O)C(C)CSCCCCCCCCCCCO)(CCC(=O)OCCOC(=O)C(C)CSCCCCCCCCCCCO)CCOCCOCCN(CCC(=O)OCCOC(=O)C(C)CSCCCCCCCCCCCO)CCC(=O)OCCOC(=O)C(C)CSCCCCCCCCCCCO,0.12903876260627378
N(CCC(=O)OCCOC(=O)C(C)CSCC(C)C)(CCC(=O)OCCOC(=O)C(C)CSCC(C)C)CCCN(CCC(=O)OCCOC(=O)C(C)CSCC(C)C)CCCN(CCC(=O)OCCOC(=O)C(C)CSCC(C)C)CCC(=O)OCCOC(=O)C(C)CSCC(C)C,0.2402549837427515
N(CCC(=O)OCCOC(=O)C(C)CSCCCCCCCCCC)(CCC(=O)OCCOC(=O)C(C)CSCCCCCCCCCC)CCCN(CCC(=O)OCCOC(=O)C(C)CSCCCCCCCCCC)CCCN(CCC(=O)OCCOC(=O)C(C)CSCCCCCCCCCC)CCC(=O)OCCOC(=O)C(C)CSCCCCCCCCCC,0.29191403356289725
N(CCC(=O)OCCOC(=O)C(C)CSCCCCCCCCCCC)(CCC(=O)OCCOC(=O)C(C)CSCCCCCCCCCCC)CCCN(CCC(=O)OCCOC(=O)C(C)CSCCCCCCCCCCC)CCCN(CCC(=O)OCCOC(=O)C(C)CSCCCCCCCCCCC)CCC(=O)OCCOC(=O)C(C)CSCCCCCCCCCCC,0.291665490490315
N(CCC(=O)OCCOC(=O)C(C)CSCCCCCCCCCCCC)(CCC(=O)OCCOC(=O)C(C)CSCCCCCCCCCCCC)CCCN(CCC(=O)OCCOC(=O)C(C)CSCCCCCCCCCCCC)CCCN(CCC(=O)OCCOC(=O)C(C)CSCCCCCCCCCCCC)CCC(=O)OCCOC(=O)C(C)CSCCCCCCCCCCCC,0.2914336190886638
N(CCC(=O)OCCOC(=O)C(C)CSCCCCCCCCCCCCCC)(CCC(=O)OCCOC(=O)C(C)CSCCCCCCCCCCCCCC)CCCN(CCC(=O)OCCOC(=O)C(C)CSCCCCCCCCCCCCCC)CCCN(CCC(=O)OCCOC(=O)C(C)CSCCCCCCCCCCCCCC)CCC(=O)OCCOC(=O)C(C)CSCCCCCCCCCCCCCC,0.29079330676872617
N(CCC(=O)OCCOC(=O)C(C)CSCCCCCCCCCCCCCCCC)(CCC(=O)OCCOC(=O)C(C)CSCCCCCCCCCCCCCCCC)CCCN(CCC(=O)OCCOC(=O)C(C)CSCCCCCCCCCCCCCCCC)CCCN(CCC(=O)OCCOC(=O)C(C)CSCCCCCCCCCCCCCCCC)CCC(=O)OCCOC(=O)C(C)CSCCCCCCCCCCCCCCCC,0.2901390262920627
N(CCC(=O)OCCOC(=O)C(C)CSCCCCCCCCCCCCCCCCCC)(CCC(=O)OCCOC(=O)C(C)CSCCCCCCCCCCCCCCCCCC)CCCN(CCC(=O)OCCOC(=O)C(C)CSCCCCCCCCCCCCCCCCCC)CCCN(CCC(=O)OCCOC(=O)C(C)CSCCCCCCCCCCCCCCCCCC)CCC(=O)OCCOC(=O)C(C)CSCCCCCCCCCCCCCCCCCC,0.28951667732206515
N(CCC(=O)OCCOC(=O)C(C)CSCCc5ccccc5)(CCC(=O)OCCOC(=O)C(C)CSCCc5ccccc5)CCCN(CCC(=O)OCCOC(=O)C(C)CSCCc5ccccc5)CCCN(CCC(=O)OCCOC(=O)C(C)CSCCc5ccccc5)CCC(=O)OCCOC(=O)C(C)CSCCc5ccccc5,-0.029389265031886793
N(CCC(=O)OCCOC(=O)C(C)CSCCC(C)C)(CCC(=O)OCCOC(=O)C(C)CSCCC(C)C)CCCN(CCC(=O)OCCOC(=O)C(C)CSCCC(C)C)CCCN(CCC(=O)OCCOC(=O)C(C)CSCCC(C)C)CCC(=O)OCCOC(=O)C(C)CSCCC(C)C,0.1822153700473187
N(CCC(=O)OCCOC(=O)C(C)CSCCCC)(CCC(=O)OCCOC(=O)C(C)CSCCCC)CCCN(CCC(=O)OCCOC(=O)C(C)CSCCCC)CCCN(CCC(=O)OCCOC(=O)C(C)CSCCCC)CCC(=O)OCCOC(=O)C(C)CSCCCC,0.28394815899682846
N(CCC(=O)OCCOC(=O)C(C)CSCCCCC)(CCC(=O)OCCOC(=O)C(C)CSCCCCC)CCCN(CCC(=O)OCCOC(=O)C(C)CSCCCCC)CCCN(CCC(=O)OCCOC(=O)C(C)CSCCCCC)CCC(=O)OCCOC(=O)C(C)CSCCCCC,0.2912127119390662
N(CCC(=O)OCCOC(=O)C(C)CSCCCCCC)(CCC(=O)OCCOC(=O)C(C)CSCCCCCC)CCCN(CCC(=O)OCCOC(=O)C(C)CSCCCCCC)CCCN(CCC(=O)OCCOC(=O)C(C)CSCCCCCC)CCC(=O)OCCOC(=O)C(C)CSCCCCCC,0.28339526030285345
N(CCC(=O)OCCOC(=O)C(C)CSCCCCCCC)(CCC(=O)OCCOC(=O)C(C)CSCCCCCCC)CCCN(CCC(=O)OCCOC(=O)C(C)CSCCCCCCC)CCCN(CCC(=O)OCCOC(=O)C(C)CSCCCCCCC)CCC(=O)OCCOC(=O)C(C)CSCCCCCCC,0.2868693361344081
N(CCC(=O)OCCOC(=O)C(C)CSCCCCCCCC)(CCC(=O)OCCOC(=O)C(C)CSCCCCCCCC)CCCN(CCC(=O)OCCOC(=O)C(C)CSCCCCCCCC)CCCN(CCC(=O)OCCOC(=O)C(C)CSCCCCCCCC)CCC(=O)OCCOC(=O)C(C)CSCCCCCCCC,0.29317675493092576
N(CCC(=O)OCCOC(=O)C(C)CSCCCCCCCCC)(CCC(=O)OCCOC(=O)C(C)CSCCCCCCCCC)CCCN(CCC(=O)OCCOC(=O)C(C)CSCCCCCCCCC)CCCN(CCC(=O)OCCOC(=O)C(C)CSCCCCCCCCC)CCC(=O)OCCOC(=O)C(C)CSCCCCCCCCC,0.2935571694186199
N(CCC(=O)OCCOC(=O)C(C)CSCCN(C)C)(CCC(=O)OCCOC(=O)C(C)CSCCN(C)C)CCCN(CCC(=O)OCCOC(=O)C(C)CSCCN(C)C)CCCN(CCC(=O)OCCOC(=O)C(C)CSCCN(C)C)CCC(=O)OCCOC(=O)C(C)CSCCN(C)C,0.10540627855396376
N(CCC(=O)OCCOC(=O)C(C)CSCCCC(=O)N(C)CCCN(C)C)(CCC(=O)OCCOC(=O)C(C)CSCCCC(=O)N(C)CCCN(C)C)CCCN(CCC(=O)OCCOC(=O)C(C)CSCCCC(=O)N(C)CCCN(C)C)CCCN(CCC(=O)OCCOC(=O)C(C)CSCCCC(=O)N(C)CCCN(C)C)CCC(=O)OCCOC(=O)C(C)CSCCCC(=O)N(C)CCCN(C)C,0.16761071596033592
N(CCC(=O)OCCOC(=O)C(C)CSCCCC(=O)N(C)CCN5(CCCCC5))(CCC(=O)OCCOC(=O)C(C)CSCCCC(=O)N(C)CCN5(CCCCC5))CCCN(CCC(=O)OCCOC(=O)C(C)CSCCCC(=O)N(C)CCN5(CCCCC5))CCCN(CCC(=O)OCCOC(=O)C(C)CSCCCC(=O)N(C)CCN5(CCCCC5))CCC(=O)OCCOC(=O)C(C)CSCCCC(=O)N(C)CCN5(CCCCC5),0.1679233923976708
N(CCC(=O)OCCOC(=O)C(C)CSCCNCCCC)(CCC(=O)OCCOC(=O)C(C)CSCCNCCCC)CCCN(CCC(=O)OCCOC(=O)C(C)CSCCNCCCC)CCCN(CCC(=O)OCCOC(=O)C(C)CSCCNCCCC)CCC(=O)OCCOC(=O)C(C)CSCCNCCCC,0.24762417770424724
N(CCC(=O)OCCOC(=O)C(C)CSCCN(CC)CC)(CCC(=O)OCCOC(=O)C(C)CSCCN(CC)CC)CCCN(CCC(=O)OCCOC(=O)C(C)CSCCN(CC)CC)CCCN(CCC(=O)OCCOC(=O)C(C)CSCCN(CC)CC)CCC(=O)OCCOC(=O)C(C)CSCCN(CC)CC,0.13651500071076528
N(CCC(=O)OCCOC(=O)C(C)CSCCN5CCCC5)(CCC(=O)OCCOC(=O)C(C)CSCCN5CCCC5)CCCN(CCC(=O)OCCOC(=O)C(C)CSCCN5CCCC5)CCCN(CCC(=O)OCCOC(=O)C(C)CSCCN5CCCC5)CCC(=O)OCCOC(=O)C(C)CSCCN5CCCC5,0.13429960599545493
N(CCC(=O)OCCOC(=O)C(C)CSCCN5CCCCC5)(CCC(=O)OCCOC(=O)C(C)CSCCN5CCCCC5)CCCN(CCC(=O)OCCOC(=O)C(C)CSCCN5CCCCC5)CCCN(CCC(=O)OCCOC(=O)C(C)CSCCN5CCCCC5)CCC(=O)OCCOC(=O)C(C)CSCCN5CCCCC5,0.13160947418574162
N(CCC(=O)OCCOC(=O)C(C)CSCCN5CCCCCC5)(CCC(=O)OCCOC(=O)C(C)CSCCN5CCCCCC5)CCCN(CCC(=O)OCCOC(=O)C(C)CSCCN5CCCCCC5)CCCN(CCC(=O)OCCOC(=O)C(C)CSCCN5CCCCCC5)CCC(=O)OCCOC(=O)C(C)CSCCN5CCCCCC5,0.12781006045865853
N(CCC(=O)OCCOC(=O)C(C)CSCCN(CCC)CCC)(CCC(=O)OCCOC(=O)C(C)CSCCN(CCC)CCC)CCCN(CCC(=O)OCCOC(=O)C(C)CSCCN(CCC)CCC)CCCN(CCC(=O)OCCOC(=O)C(C)CSCCN(CCC)CCC)CCC(=O)OCCOC(=O)C(C)CSCCN(CCC)CCC,0.1432314161479336
N(CCC(=O)OCCOC(=O)C(C)CSCCN(CCCC)CCCC)(CCC(=O)OCCOC(=O)C(C)CSCCN(CCCC)CCCC)CCCN(CCC(=O)OCCOC(=O)C(C)CSCCN(CCCC)CCCC)CCCN(CCC(=O)OCCOC(=O)C(C)CSCCN(CCCC)CCCC)CCC(=O)OCCOC(=O)C(C)CSCCN(CCCC)CCCC,0.23619736938956487
N(CCC(=O)OCCOC(=O)C(C)CSCCCC(=O)N5CCN(CCO)CC5)(CCC(=O)OCCOC(=O)C(C)CSCCCC(=O)N5CCN(CCO)CC5)CCCN(CCC(=O)OCCOC(=O)C(C)CSCCCC(=O)N5CCN(CCO)CC5)CCCN(CCC(=O)OCCOC(=O)C(C)CSCCCC(=O)N5CCN(CCO)CC5)CCC(=O)OCCOC(=O)C(C)CSCCCC(=O)N5CCN(CCO)CC5,0.055790770062828676
N(CCC(=O)OCCOC(=O)C(C)CSCCC(O)=O)(CCC(=O)OCCOC(=O)C(C)CSCCC(O)=O)CCCN(CCC(=O)OCCOC(=O)C(C)CSCCC(O)=O)CCCN(CCC(=O)OCCOC(=O)C(C)CSCCC(O)=O)CCC(=O)OCCOC(=O)C(C)CSCCC(O)=O,0.18353819954783898
N(CCC(=O)OCCOC(=O)C(C)CSCCCCCC(O)=O)(CCC(=O)OCCOC(=O)C(C)CSCCCCCC(O)=O)CCCN(CCC(=O)OCCOC(=O)C(C)CSCCCCCC(O)=O)CCCN(CCC(=O)OCCOC(=O)C(C)CSCCCCCC(O)=O)CCC(=O)OCCOC(=O)C(C)CSCCCCCC(O)=O,0.23123720183855292
N(CCC(=O)OCCOC(=O)C(C)CSCCCCCCCCCCC(O)=O)(CCC(=O)OCCOC(=O)C(C)CSCCCCCCCCCCC(O)=O)CCCN(CCC(=O)OCCOC(=O)C(C)CSCCCCCCCCCCC(O)=O)CCCN(CCC(=O)OCCOC(=O)C(C)CSCCCCCCCCCCC(O)=O)CCC(=O)OCCOC(=O)C(C)CSCCCCCCCCCCC(O)=O,0.24450725111870017
N(CCC(=O)OCCOC(=O)C(C)CSCCO)(CCC(=O)OCCOC(=O)C(C)CSCCO)CCCN(CCC(=O)OCCOC(=O)C(C)CSCCO)CCCN(CCC(=O)OCCOC(=O)C(C)CSCCO)CCC(=O)OCCOC(=O)C(C)CSCCO,0.12998996404026622
N(CCC(=O)OCCOC(=O)C(C)CSCC(O)CO)(CCC(=O)OCCOC(=O)C(C)CSCC(O)CO)CCCN(CCC(=O)OCCOC(=O)C(C)CSCC(O)CO)CCCN(CCC(=O)OCCOC(=O)C(C)CSCC(O)CO)CCC(=O)OCCOC(=O)C(C)CSCC(O)CO,0.03903707000498398
N(CCC(=O)OCCOC(=O)C(C)CSCCCO)(CCC(=O)OCCOC(=O)C(C)CSCCCO)CCCN(CCC(=O)OCCOC(=O)C(C)CSCCCO)CCCN(CCC(=O)OCCOC(=O)C(C)CSCCCO)CCC(=O)OCCOC(=O)C(C)CSCCCO,0.1692161978709919
N(CCC(=O)OCCOC(=O)C(C)CSCCCCO)(CCC(=O)OCCOC(=O)C(C)CSCCCCO)CCCN(CCC(=O)OCCOC(=O)C(C)CSCCCCO)CCCN(CCC(=O)OCCOC(=O)C(C)CSCCCCO)CCC(=O)OCCOC(=O)C(C)CSCCCCO,0.19452362912950377
N(CCC(=O)OCCOC(=O)C(C)CSCCCCCCO)(CCC(=O)OCCOC(=O)C(C)CSCCCCCCO)CCCN(CCC(=O)OCCOC(=O)C(C)CSCCCCCCO)CCCN(CCC(=O)OCCOC(=O)C(C)CSCCCCCCO)CCC(=O)OCCOC(=O)C(C)CSCCCCCCO,0.19771712524514662
N(CCC(=O)OCCOC(=O)C(C)CSCCCCCCCCCCCO)(CCC(=O)OCCOC(=O)C(C)CSCCCCCCCCCCCO)CCCN(CCC(=O)OCCOC(=O)C(C)CSCCCCCCCCCCCO)CCCN(CCC(=O)OCCOC(=O)C(C)CSCCCCCCCCCCCO)CCC(=O)OCCOC(=O)C(C)CSCCCCCCCCCCCO,0.23218200495559346
N(CCC(=O)OCCOC(=O)C(C)CSCC(C)C)(CCC(=O)OCCOC(=O)C(C)CSCC(C)C)CCNCCN(CCC(=O)OCCOC(=O)C(C)CSCC(C)C)CCNCCN(CCC(=O)OCCOC(=O)C(C)CSCC(C)C)CCC(=O)OCCOC(=O)C(C)CSCC(C)C,0.23970179967783264
N(CCC(=O)OCCOC(=O)C(C)CSCCCCCCCCCC)(CCC(=O)OCCOC(=O)C(C)CSCCCCCCCCCC)CCNCCN(CCC(=O)OCCOC(=O)C(C)CSCCCCCCCCCC)CCNCCN(CCC(=O)OCCOC(=O)C(C)CSCCCCCCCCCC)CCC(=O)OCCOC(=O)C(C)CSCCCCCCCCCC,0.2893253285944426
N(CCC(=O)OCCOC(=O)C(C)CSCCCCCCCCCCC)(CCC(=O)OCCOC(=O)C(C)CSCCCCCCCCCCC)CCNCCN(CCC(=O)OCCOC(=O)C(C)CSCCCCCCCCCCC)CCNCCN(CCC(=O)OCCOC(=O)C(C)CSCCCCCCCCCCC)CCC(=O)OCCOC(=O)C(C)CSCCCCCCCCCCC,0.28868793006203713
N(CCC(=O)OCCOC(=O)C(C)CSCCCCCCCCCCCC)(CCC(=O)OCCOC(=O)C(C)CSCCCCCCCCCCCC)CCNCCN(CCC(=O)OCCOC(=O)C(C)CSCCCCCCCCCCCC)CCNCCN(CCC(=O)OCCOC(=O)C(C)CSCCCCCCCCCCCC)CCC(=O)OCCOC(=O)C(C)CSCCCCCCCCCCCC,0.2885664821961379
N(CCC(=O)OCCOC(=O)C(C)CSCCCCCCCCCCCCCC)(CCC(=O)OCCOC(=O)C(C)CSCCCCCCCCCCCCCC)CCNCCN(CCC(=O)OCCOC(=O)C(C)CSCCCCCCCCCCCCCC)CCNCCN(CCC(=O)OCCOC(=O)C(C)CSCCCCCCCCCCCCCC)CCC(=O)OCCOC(=O)C(C)CSCCCCCCCCCCCCCC,0.2882167976532409
N(CCC(=O)OCCOC(=O)C(C)CSCCCCCCCCCCCCCCCC)(CCC(=O)OCCOC(=O)C(C)CSCCCCCCCCCCCCCCCC)CCNCCN(CCC(=O)OCCOC(=O)C(C)CSCCCCCCCCCCCCCCCC)CCNCCN(CCC(=O)OCCOC(=O)C(C)CSCCCCCCCCCCCCCCCC)CCC(=O)OCCOC(=O)C(C)CSCCCCCCCCCCCCCCCC,0.2877385459903714
N(CCC(=O)OCCOC(=O)C(C)CSCCCCCCCCCCCCCCCCCC)(CCC(=O)OCCOC(=O)C(C)CSCCCCCCCCCCCCCCCCCC)CCNCCN(CCC(=O)OCCOC(=O)C(C)CSCCCCCCCCCCCCCCCCCC)CCNCCN(CCC(=O)OCCOC(=O)C(C)CSCCCCCCCCCCCCCCCCCC)CCC(=O)OCCOC(=O)C(C)CSCCCCCCCCCCCCCCCCCC,0.28728030033261914
N(CCC(=O)OCCOC(=O)C(C)CSCCc5ccccc5)(CCC(=O)OCCOC(=O)C(C)CSCCc5ccccc5)CCNCCN(CCC(=O)OCCOC(=O)C(C)CSCCc5ccccc5)CCNCCN(CCC(=O)OCCOC(=O)C(C)CSCCc5ccccc5)CCC(=O)OCCOC(=O)C(C)CSCCc5ccccc5,-0.023437846487839593
N(CCC(=O)OCCOC(=O)C(C)CSCCC(C)C)(CCC(=O)OCCOC(=O)C(C)CSCCC(C)C)CCNCCN(CCC(=O)OCCOC(=O)C(C)CSCCC(C)C)CCNCCN(CCC(=O)OCCOC(=O)C(C)CSCCC(C)C)CCC(=O)OCCOC(=O)C(C)CSCCC(C)C,0.18400326406919726
N(CCC(=O)OCCOC(=O)C(C)CSCCCC)(CCC(=O)OCCOC(=O)C(C)CSCCCC)CCNCCN(CCC(=O)OCCOC(=O)C(C)CSCCCC)CCNCCN(CCC(=O)OCCOC(=O)C(C)CSCCCC)CCC(=O)OCCOC(=O)C(C)CSCCCC,0.2803706587274081
N(CCC(=O)OCCOC(=O)C(C)CSCCCCC)(CCC(=O)OCCOC(=O)C(C)CSCCCCC)CCNCCN(CCC(=O)OCCOC(=O)C(C)CSCCCCC)CCNCCN(CCC(=O)OCCOC(=O)C(C)CSCCCCC)CCC(=O)OCCOC(=O)C(C)CSCCCCC,0.28753169711464
N(CCC(=O)OCCOC(=O)C(C)CSCCCCCC)(CCC(=O)OCCOC(=O)C(C)CSCCCCCC)CCNCCN(CCC(=O)OCCOC(=O)C(C)CSCCCCCC)CCNCCN(CCC(=O)OCCOC(=O)C(C)CSCCCCCC)CCC(=O)OCCOC(=O)C(C)CSCCCCCC,0.28035194440129996
N(CCC(=O)OCCOC(=O)C(C)CSCCCCCCC)(CCC(=O)OCCOC(=O)C(C)CSCCCCCCC)CCNCCN(CCC(=O)OCCOC(=O)C(C)CSCCCCCCC)CCNCCN(CCC(=O)OCCOC(=O)C(C)CSCCCCCCC)CCC(=O)OCCOC(=O)C(C)CSCCCCCCC,0.2839419709532036
N(CCC(=O)OCCOC(=O)C(C)CSCCCCCCCC)(CCC(=O)OCCOC(=O)C(C)CSCCCCCCCC)CCNCCN(CCC(=O)OCCOC(=O)C(C)CSCCCCCCCC)CCNCCN(CCC(=O)OCCOC(=O)C(C)CSCCCCCCCC)CCC(=O)OCCOC(=O)C(C)CSCCCCCCCC,0.2900672029313491
N(CCC(=O)OCCOC(=O)C(C)CSCCCCCCCCC)(CCC(=O)OCCOC(=O)C(C)CSCCCCCCCCC)CCNCCN(CCC(=O)OCCOC(=O)C(C)CSCCCCCCCCC)CCNCCN(CCC(=O)OCCOC(=O)C(C)CSCCCCCCCCC)CCC(=O)OCCOC(=O)C(C)CSCCCCCCCCC,0.2907122614206688
N(CCC(=O)OCCOC(=O)C(C)CSCCN(C)C)(CCC(=O)OCCOC(=O)C(C)CSCCN(C)C)CCNCCN(CCC(=O)OCCOC(=O)C(C)CSCCN(C)C)CCNCCN(CCC(=O)OCCOC(=O)C(C)CSCCN(C)C)CCC(=O)OCCOC(=O)C(C)CSCCN(C)C,0.1096703813143211
N(CCC(=O)OCCOC(=O)C(C)CSCCCC(=O)N(C)CCCN(C)C)(CCC(=O)OCCOC(=O)C(C)CSCCCC(=O)N(C)CCCN(C)C)CCNCCN(CCC(=O)OCCOC(=O)C(C)CSCCCC(=O)N(C)CCCN(C)C)CCNCCN(CCC(=O)OCCOC(=O)C(C)CSCCCC(=O)N(C)CCCN(C)C)CCC(=O)OCCOC(=O)C(C)CSCCCC(=O)N(C)CCCN(C)C,0.16929870011281536
N(CCC(=O)OCCOC(=O)C(C)CSCCCC(=O)N(C)CCN5(CCCCC5))(CCC(=O)OCCOC(=O)C(C)CSCCCC(=O)N(C)CCN5(CCCCC5))CCNCCN(CCC(=O)OCCOC(=O)C(C)CSCCCC(=O)N(C)CCN5(CCCCC5))CCNCCN(CCC(=O)OCCOC(=O)C(C)CSCCCC(=O)N(C)CCN5(CCCCC5))CCC(=O)OCCOC(=O)C(C)CSCCCC(=O)N(C)CCN5(CCCCC5),0.1695009830534449
N(CCC(=O)OCCOC(=O)C(C)CSCCNCCCC)(CCC(=O)OCCOC(=O)C(C)CSCCNCCCC)CCNCCN(CCC(=O)OCCOC(=O)C(C)CSCCNCCCC)CCNCCN(CCC(=O)OCCOC(=O)C(C)CSCCNCCCC)CCC(=O)OCCOC(=O)C(C)CSCCNCCCC,0.24650444219861803
N(CCC(=O)OCCOC(=O)C(C)CSCCN(CC)CC)(CCC(=O)OCCOC(=O)C(C)CSCCN(CC)CC)CCNCCN(CCC(=O)OCCOC(=O)C(C)CSCCN(CC)CC)CCNCCN(CCC(=O)OCCOC(=O)C(C)CSCCN(CC)CC)CCC(=O)OCCOC(=O)C(C)CSCCN(CC)CC,0.139720632601284
N(CCC(=O)OCCOC(=O)C(C)CSCCN5CCCC5)(CCC(=O)OCCOC(=O)C(C)CSCCN5CCCC5)CCNCCN(CCC(=O)OCCOC(=O)C(C)CSCCN5CCCC5)CCNCCN(CCC(=O)OCCOC(=O)C(C)CSCCN5CCCC5)CCC(=O)OCCOC(=O)C(C)CSCCN5CCCC5,0.13759326731239405
N(CCC(=O)OCCOC(=O)C(C)CSCCN5CCCCC5)(CCC(=O)OCCOC(=O)C(C)CSCCN5CCCCC5)CCNCCN(CCC(=O)OCCOC(=O)C(C)CSCCN5CCCCC5)CCNCCN(CCC(=O)OCCOC(=O)C(C)CSCCN5CCCCC5)CCC(=O)OCCOC(=O)C(C)CSCCN5CCCCC5,0.13480420190230008
N(CCC(=O)OCCOC(=O)C(C)CSCCN5CCCCCC5)(CCC(=O)OCCOC(=O)C(C)CSCCN5CCCCCC5)CCNCCN(CCC(=O)OCCOC(=O)C(C)CSCCN5CCCCCC5)CCNCCN(CCC(=O)OCCOC(=O)C(C)CSCCN5CCCCCC5)CCC(=O)OCCOC(=O)C(C)CSCCN5CCCCCC5,0.13099507054360224
N(CCC(=O)OCCOC(=O)C(C)CSCCN(CCC)CCC)(CCC(=O)OCCOC(=O)C(C)CSCCN(CCC)CCC)CCNCCN(CCC(=O)OCCOC(=O)C(C)CSCCN(CCC)CCC)CCNCCN(CCC(=O)OCCOC(=O)C(C)CSCCN(CCC)CCC)CCC(=O)OCCOC(=O)C(C)CSCCN(CCC)CCC,0.1458907128761862
N(CCC(=O)OCCOC(=O)C(C)CSCCN(CCCC)CCCC)(CCC(=O)OCCOC(=O)C(C)CSCCN(CCCC)CCCC)CCNCCN(CCC(=O)OCCOC(=O)C(C)CSCCN(CCCC)CCCC)CCNCCN(CCC(=O)OCCOC(=O)C(C)CSCCN(CCCC)CCCC)CCC(=O)OCCOC(=O)C(C)CSCCN(CCCC)CCCC,0.23591238895330818
N(CCC(=O)OCCOC(=O)C(C)CSCCCC(=O)N5CCN(CCO)CC5)(CCC(=O)OCCOC(=O)C(C)CSCCCC(=O)N5CCN(CCO)CC5)CCNCCN(CCC(=O)OCCOC(=O)C(C)CSCCCC(=O)N5CCN(CCO)CC5)CCNCCN(CCC(=O)OCCOC(=O)C(C)CSCCCC(=O)N5CCN(CCO)CC5)CCC(=O)OCCOC(=O)C(C)CSCCCC(=O)N5CCN(CCO)CC5,0.06010886800966979
N(CCC(=O)OCCOC(=O)C(C)CSCCC(O)=O)(CCC(=O)OCCOC(=O)C(C)CSCCC(O)=O)CCNCCN(CCC(=O)OCCOC(=O)C(C)CSCCC(O)=O)CCNCCN(CCC(=O)OCCOC(=O)C(C)CSCCC(O)=O)CCC(=O)OCCOC(=O)C(C)CSCCC(O)=O,0.18513776376629063
N(CCC(=O)OCCOC(=O)C(C)CSCCCCCC(O)=O)(CCC(=O)OCCOC(=O)C(C)CSCCCCCC(O)=O)CCNCCN(CCC(=O)OCCOC(=O)C(C)CSCCCCCC(O)=O)CCNCCN(CCC(=O)OCCOC(=O)C(C)CSCCCCCC(O)=O)CCC(=O)OCCOC(=O)C(C)CSCCCCCC(O)=O,0.23078888408574244
N(CCC(=O)OCCOC(=O)C(C)CSCCCCCCCCCCC(O)=O)(CCC(=O)OCCOC(=O)C(C)CSCCCCCCCCCCC(O)=O)CCNCCN(CCC(=O)OCCOC(=O)C(C)CSCCCCCCCCCCC(O)=O)CCNCCN(CCC(=O)OCCOC(=O)C(C)CSCCCCCCCCCCC(O)=O)CCC(=O)OCCOC(=O)C(C)CSCCCCCCCCCCC(O)=O,0.2436149562553306
N(CCC(=O)OCCOC(=O)C(C)CSCCO)(CCC(=O)OCCOC(=O)C(C)CSCCO)CCNCCN(CCC(=O)OCCOC(=O)C(C)CSCCO)CCNCCN(CCC(=O)OCCOC(=O)C(C)CSCCO)CCC(=O)OCCOC(=O)C(C)CSCCO,0.13402706172454135
N(CCC(=O)OCCOC(=O)C(C)CSCC(O)CO)(CCC(=O)OCCOC(=O)C(C)CSCC(O)CO)CCNCCN(CCC(=O)OCCOC(=O)C(C)CSCC(O)CO)CCNCCN(CCC(=O)OCCOC(=O)C(C)CSCC(O)CO)CCC(=O)OCCOC(=O)C(C)CSCC(O)CO,0.045495960694600004
N(CCC(=O)OCCOC(=O)C(C)CSCCCO)(CCC(=O)OCCOC(=O)C(C)CSCCCO)CCNCCN(CCC(=O)OCCOC(=O)C(C)CSCCCO)CCNCCN(CCC(=O)OCCOC(=O)C(C)CSCCCO)CCC(=O)OCCOC(=O)C(C)CSCCCO,0.17151322369577074
N(CCC(=O)OCCOC(=O)C(C)CSCCCCO)(CCC(=O)OCCOC(=O)C(C)CSCCCCO)CCNCCN(CCC(=O)OCCOC(=O)C(C)CSCCCCO)CCNCCN(CCC(=O)OCCOC(=O)C(C)CSCCCCO)CCC(=O)OCCOC(=O)C(C)CSCCCCO,0.1957535027999412
N(CCC(=O)OCCOC(=O)C(C)CSCCCCCCO)(CCC(=O)OCCOC(=O)C(C)CSCCCCCCO)CCNCCN(CCC(=O)OCCOC(=O)C(C)CSCCCCCCO)CCNCCN(CCC(=O)OCCOC(=O)C(C)CSCCCCCCO)CCC(=O)OCCOC(=O)C(C)CSCCCCCCO,0.19866969345576493
N(CCC(=O)OCCOC(=O)C(C)CSCCCCCCCCCCCO)(CCC(=O)OCCOC(=O)C(C)CSCCCCCCCCCCCO)CCNCCN(CCC(=O)OCCOC(=O)C(C)CSCCCCCCCCCCCO)CCNCCN(CCC(=O)OCCOC(=O)C(C)CSCCCCCCCCCCCO)CCC(=O)OCCOC(=O)C(C)CSCCCCCCCCCCCO,0.23182448022150184
N(CCC(=O)OCCOC(=O)C(C)CSCC(C)C)(CCC(=O)OCCOC(=O)C(C)CSCC(C)C)CCCN(CCC(=O)OCCOC(=O)C(C)CSCC(C)C)CCCNCCCN(CCC(=O)OCCOC(=O)C(C)CSCC(C)C)CCC(=O)OCCOC(=O)C(C)CSCC(C)C,0.2406322140914931
N(CCC(=O)OCCOC(=O)C(C)CSCCCCCCCCCC)(CCC(=O)OCCOC(=O)C(C)CSCCCCCCCCCC)CCCN(CCC(=O)OCCOC(=O)C(C)CSCCCCCCCCCC)CCCNCCCN(CCC(=O)OCCOC(=O)C(C)CSCCCCCCCCCC)CCC(=O)OCCOC(=O)C(C)CSCCCCCCCCCC,0.2911459952162955
N(CCC(=O)OCCOC(=O)C(C)CSCCCCCCCCCCC)(CCC(=O)OCCOC(=O)C(C)CSCCCCCCCCCCC)CCCN(CCC(=O)OCCOC(=O)C(C)CSCCCCCCCCCCC)CCCNCCCN(CCC(=O)OCCOC(=O)C(C)CSCCCCCCCCCCC)CCC(=O)OCCOC(=O)C(C)CSCCCCCCCCCCC,0.2909312160322293
N(CCC(=O)OCCOC(=O)C(C)CSCCCCCCCCCCCC)(CCC(=O)OCCOC(=O)C(C)CSCCCCCCCCCCCC)CCCN(CCC(=O)OCCOC(=O)C(C)CSCCCCCCCCCCCC)CCCNCCCN(CCC(=O)OCCOC(=O)C(C)CSCCCCCCCCCCCC)CCC(=O)OCCOC(=O)C(C)CSCCCCCCCCCCCC,0.2907314263324778
N(CCC(=O)OCCOC(=O)C(C)CSCCCCCCCCCCCCCC)(CCC(=O)OCCOC(=O)C(C)CSCCCCCCCCCCCCCC)CCCN(CCC(=O)OCCOC(=O)C(C)CSCCCCCCCCCCCCCC)CCCNCCCN(CCC(=O)OCCOC(=O)C(C)CSCCCCCCCCCCCCCC)CCC(=O)OCCOC(=O)C(C)CSCCCCCCCCCCCCCC,0.290145484687108
N(CCC(=O)OCCOC(=O)C(C)CSCCCCCCCCCCCCCCCC)(CCC(=O)OCCOC(=O)C(C)CSCCCCCCCCCCCCCCCC)CCCN(CCC(=O)OCCOC(=O)C(C)CSCCCCCCCCCCCCCCCC)CCCNCCCN(CCC(=O)OCCOC(=O)C(C)CSCCCCCCCCCCCCCCCC)CCC(=O)OCCOC(=O)C(C)CSCCCCCCCCCCCCCCCC,0.28954269113652686
N(CCC(=O)OCCOC(=O)C(C)CSCCCCCCCCCCCCCCCCCC)(CCC(=O)OCCOC(=O)C(C)CSCCCCCCCCCCCCCCCCCC)CCCN(CCC(=O)OCCOC(=O)C(C)CSCCCCCCCCCCCCCCCCCC)CCCNCCCN(CCC(=O)OCCOC(=O)C(C)CSCCCCCCCCCCCCCCCCCC)CCC(=O)OCCOC(=O)C(C)CSCCCCCCCCCCCCCCCCCC,0.28895437640646604
N(CCC(=O)OCCOC(=O)C(C)CSCCc5ccccc5)(CCC(=O)OCCOC(=O)C(C)CSCCc5ccccc5)CCCN(CCC(=O)OCCOC(=O)C(C)CSCCc5ccccc5)CCCNCCCN(CCC(=O)OCCOC(=O)C(C)CSCCc5ccccc5)CCC(=O)OCCOC(=O)C(C)CSCCc5ccccc5,-0.02333510543828684
N(CCC(=O)OCCOC(=O)C(C)CSCCC(C)C)(CCC(=O)OCCOC(=O)C(C)CSCCC(C)C)CCCN(CCC(=O)OCCOC(=O)C(C)CSCCC(C)C)CCCNCCCN(CCC(=O)OCCOC(=O)C(C)CSCCC(C)C)CCC(=O)OCCOC(=O)C(C)CSCCC(C)C,0.18469853282511373
N(CCC(=O)OCCOC(=O)C(C)CSCCCC)(CCC(=O)OCCOC(=O)C(C)CSCCCC)CCCN(CCC(=O)OCCOC(=O)C(C)CSCCCC)CCCNCCCN(CCC(=O)OCCOC(=O)C(C)CSCCCC)CCC(=O)OCCOC(=O)C(C)CSCCCC,0.28259886509614557
N(CCC(=O)OCCOC(=O)C(C)CSCCCCC)(CCC(=O)OCCOC(=O)C(C)CSCCCCC)CCCN(CCC(=O)OCCOC(=O)C(C)CSCCCCC)CCCNCCCN(CCC(=O)OCCOC(=O)C(C)CSCCCCC)CCC(=O)OCCOC(=O)C(C)CSCCCCC,0.2896568094750258
N(CCC(=O)OCCOC(=O)C(C)CSCCCCCC)(CCC(=O)OCCOC(=O)C(C)CSCCCCCC)CCCN(CCC(=O)OCCOC(=O)C(C)CSCCCCCC)CCCNCCCN(CCC(=O)OCCOC(=O)C(C)CSCCCCCC)CCC(=O)OCCOC(=O)C(C)CSCCCCCC,0.282295470724248
N(CCC(=O)OCCOC(=O)C(C)CSCCCCCCC)(CCC(=O)OCCOC(=O)C(C)CSCCCCCCC)CCCN(CCC(=O)OCCOC(=O)C(C)CSCCCCCCC)CCCNCCCN(CCC(=O)OCCOC(=O)C(C)CSCCCCCCC)CCC(=O)OCCOC(=O)C(C)CSCCCCCCC,0.2857000662407334
N(CCC(=O)OCCOC(=O)C(C)CSCCCCCCCC)(CCC(=O)OCCOC(=O)C(C)CSCCCCCCCC)CCCN(CCC(=O)OCCOC(=O)C(C)CSCCCCCCCC)CCCNCCCN(CCC(=O)OCCOC(=O)C(C)CSCCCCCCCC)CCC(=O)OCCOC(=O)C(C)CSCCCCCCCC,0.29186909514900033
N(CCC(=O)OCCOC(=O)C(C)CSCCCCCCCCC)(CCC(=O)OCCOC(=O)C(C)CSCCCCCCCCC)CCCN(CCC(=O)OCCOC(=O)C(C)CSCCCCCCCCC)CCCNCCCN(CCC(=O)OCCOC(=O)C(C)CSCCCCCCCCC)CCC(=O)OCCOC(=O)C(C)CSCCCCCCCCC,0.2922814111043139
N(CCC(=O)OCCOC(=O)C(C)CSCCN(C)C)(CCC(=O)OCCOC(=O)C(C)CSCCN(C)C)CCCN(CCC(=O)OCCOC(=O)C(C)CSCCN(C)C)CCCNCCCN(CCC(=O)OCCOC(=O)C(C)CSCCN(C)C)CCC(=O)OCCOC(=O)C(C)CSCCN(C)C,0.11026863896884712
N(CCC(=O)OCCOC(=O)C(C)CSCCCC(=O)N(C)CCCN(C)C)(CCC(=O)OCCOC(=O)C(C)CSCCCC(=O)N(C)CCCN(C)C)CCCN(CCC(=O)OCCOC(=O)C(C)CSCCCC(=O)N(C)CCCN(C)C)CCCNCCCN(CCC(=O)OCCOC(=O)C(C)CSCCCC(=O)N(C)CCCN(C)C)CCC(=O)OCCOC(=O)C(C)CSCCCC(=O)N(C)CCCN(C)C,0.16988076672115793
N(CCC(=O)OCCOC(=O)C(C)CSCCCC(=O)N(C)CCN5(CCCCC5))(CCC(=O)OCCOC(=O)C(C)CSCCCC(=O)N(C)CCN5(CCCCC5))CCCN(CCC(=O)OCCOC(=O)C(C)CSCCCC(=O)N(C)CCN5(CCCCC5))CCCNCCCN(CCC(=O)OCCOC(=O)C(C)CSCCCC(=O)N(C)CCN5(CCCCC5))CCC(=O)OCCOC(=O)C(C)CSCCCC(=O)N(C)CCN5(CCCCC5),0.16991468080490768
N(CCC(=O)OCCOC(=O)C(C)CSCCNCCCC)(CCC(=O)OCCOC(=O)C(C)CSCCNCCCC)CCCN(CCC(=O)OCCOC(=O)C(C)CSCCNCCCC)CCCNCCCN(CCC(=O)OCCOC(=O)C(C)CSCCNCCCC)CCC(=O)OCCOC(=O)C(C)CSCCNCCCC,0.24783246845422133
N(CCC(=O)OCCOC(=O)C(C)CSCCN(CC)CC)(CCC(=O)OCCOC(=O)C(C)CSCCN(CC)CC)CCCN(CCC(=O)OCCOC(=O)C(C)CSCCN(CC)CC)CCCNCCCN(CCC(=O)OCCOC(=O)C(C)CSCCN(CC)CC)CCC(=O)OCCOC(=O)C(C)CSCCN(CC)CC,0.14025881216236494
N(CCC(=O)OCCOC(=O)C(C)CSCCN5CCCC5)(CCC(=O)OCCOC(=O)C(C)CSCCN5CCCC5)CCCN(CCC(=O)OCCOC(=O)C(C)CSCCN5CCCC5)CCCNCCCN(CCC(=O)OCCOC(=O)C(C)CSCCN5CCCC5)CCC(=O)OCCOC(=O)C(C)CSCCN5CCCC5,0.13810164813912623
N(CCC(=O)OCCOC(=O)C(C)CSCCN5CCCCC5)(CCC(=O)OCCOC(=O)C(C)CSCCN5CCCCC5)CCCN(CCC(=O)OCCOC(=O)C(C)CSCCN5CCCCC5)CCCNCCCN(CCC(=O)OCCOC(=O)C(C)CSCCN5CCCCC5)CCC(=O)OCCOC(=O)C(C)CSCCN5CCCCC5,0.13518945267651658
N(CCC(=O)OCCOC(=O)C(C)CSCCN5CCCCCC5)(CCC(=O)OCCOC(=O)C(C)CSCCN5CCCCCC5)CCCN(CCC(=O)OCCOC(=O)C(C)CSCCN5CCCCCC5)CCCNCCCN(CCC(=O)OCCOC(=O)C(C)CSCCN5CCCCCC5)CCC(=O)OCCOC(=O)C(C)CSCCN5CCCCCC5,0.1313522648481799
N(CCC(=O)OCCOC(=O)C(C)CSCCN(CCC)CCC)(CCC(=O)OCCOC(=O)C(C)CSCCN(CCC)CCC)CCCN(CCC(=O)OCCOC(=O)C(C)CSCCN(CCC)CCC)CCCNCCCN(CCC(=O)OCCOC(=O)C(C)CSCCN(CCC)CCC)CCC(=O)OCCOC(=O)C(C)CSCCN(CCC)CCC,0.1464623709548394
N(CCC(=O)OCCOC(=O)C(C)CSCCN(CCCC)CCCC)(CCC(=O)OCCOC(=O)C(C)CSCCN(CCCC)CCCC)CCCN(CCC(=O)OCCOC(=O)C(C)CSCCN(CCCC)CCCC)CCCNCCCN(CCC(=O)OCCOC(=O)C(C)CSCCN(CCCC)CCCC)CCC(=O)OCCOC(=O)C(C)CSCCN(CCCC)CCCC,0.23670771777385738
N(CCC(=O)OCCOC(=O)C(C)CSCCCC(=O)N5CCN(CCO)CC5)(CCC(=O)OCCOC(=O)C(C)CSCCCC(=O)N5CCN(CCO)CC5)CCCN(CCC(=O)OCCOC(=O)C(C)CSCCCC(=O)N5CCN(CCO)CC5)CCCNCCCN(CCC(=O)OCCOC(=O)C(C)CSCCCC(=O)N5CCN(CCO)CC5)CCC(=O)OCCOC(=O)C(C)CSCCCC(=O)N5CCN(CCO)CC5,0.06035194397574854
N(CCC(=O)OCCOC(=O)C(C)CSCCC(O)=O)(CCC(=O)OCCOC(=O)C(C)CSCCC(O)=O)CCCN(CCC(=O)OCCOC(=O)C(C)CSCCC(O)=O)CCCNCCCN(CCC(=O)OCCOC(=O)C(C)CSCCC(O)=O)CCC(=O)OCCOC(=O)C(C)CSCCC(O)=O,0.18608373840615336
N(CCC(=O)OCCOC(=O)C(C)CSCCCCCC(O)=O)(CCC(=O)OCCOC(=O)C(C)CSCCCCCC(O)=O)CCCN(CCC(=O)OCCOC(=O)C(C)CSCCCCCC(O)=O)CCCNCCCN(CCC(=O)OCCOC(=O)C(C)CSCCCCCC(O)=O)CCC(=O)OCCOC(=O)C(C)CSCCCCCC(O)=O,0.23205502990509733
N(CCC(=O)OCCOC(=O)C(C)CSCCCCCCCCCCC(O)=O)(CCC(=O)OCCOC(=O)C(C)CSCCCCCCCCCCC(O)=O)CCCN(CCC(=O)OCCOC(=O)C(C)CSCCCCCCCCCCC(O)=O)CCCNCCCN(CCC(=O)OCCOC(=O)C(C)CSCCCCCCCCCCC(O)=O)CCC(=O)OCCOC(=O)C(C)CSCCCCCCCCCCC(O)=O,0.24495068752641824
N(CCC(=O)OCCOC(=O)C(C)CSCCO)(CCC(=O)OCCOC(=O)C(C)CSCCO)CCCN(CCC(=O)OCCOC(=O)C(C)CSCCO)CCCNCCCN(CCC(=O)OCCOC(=O)C(C)CSCCO)CCC(=O)OCCOC(=O)C(C)CSCCO,0.13480176873951555
N(CCC(=O)OCCOC(=O)C(C)CSCC(O)CO)(CCC(=O)OCCOC(=O)C(C)CSCC(O)CO)CCCN(CCC(=O)OCCOC(=O)C(C)CSCC(O)CO)CCCNCCCN(CCC(=O)OCCOC(=O)C(C)CSCC(O)CO)CCC(=O)OCCOC(=O)C(C)CSCC(O)CO,0.04602239498841244
N(CCC(=O)OCCOC(=O)C(C)CSCCCO)(CCC(=O)OCCOC(=O)C(C)CSCCCO)CCCN(CCC(=O)OCCOC(=O)C(C)CSCCCO)CCCNCCCN(CCC(=O)OCCOC(=O)C(C)CSCCCO)CCC(=O)OCCOC(=O)C(C)CSCCCO,0.17230257474602217
N(CCC(=O)OCCOC(=O)C(C)CSCCCCO)(CCC(=O)OCCOC(=O)C(C)CSCCCCO)CCCN(CCC(=O)OCCOC(=O)C(C)CSCCCCO)CCCNCCCN(CCC(=O)OCCOC(=O)C(C)CSCCCCO)CCC(=O)OCCOC(=O)C(C)CSCCCCO,0.19659738973951738
N(CCC(=O)OCCOC(=O)C(C)CSCCCCCCO)(CCC(=O)OCCOC(=O)C(C)CSCCCCCCO)CCCN(CCC(=O)OCCOC(=O)C(C)CSCCCCCCO)CCCNCCCN(CCC(=O)OCCOC(=O)C(C)CSCCCCCCO)CCC(=O)OCCOC(=O)C(C)CSCCCCCCO,0.19953942899504584
N(CCC(=O)OCCOC(=O)C(C)CSCCCCCCCCCCCO)(CCC(=O)OCCOC(=O)C(C)CSCCCCCCCCCCCO)CCCN(CCC(=O)OCCOC(=O)C(C)CSCCCCCCCCCCCO)CCCNCCCN(CCC(=O)OCCOC(=O)C(C)CSCCCCCCCCCCCO)CCC(=O)OCCOC(=O)C(C)CSCCCCCCCCCCCO,0.23289223315677773
N(CCN(CCC(=O)OCCOC(=O)C(C)CSCC(C)C)(CCC(=O)OCCOC(=O)C(C)CSCC(C)C))(CCN(CCC(=O)OCCOC(=O)C(C)CSCC(C)C)(CCC(=O)OCCOC(=O)C(C)CSCC(C)C))CCNCCC(=O)OCCOC(=O)C(C)CSCC(C)C,0.24599697756281086
N(CCN(CCC(=O)OCCOC(=O)C(C)CSCCCCCCCCCC)(CCC(=O)OCCOC(=O)C(C)CSCCCCCCCCCC))(CCN(CCC(=O)OCCOC(=O)C(C)CSCCCCCCCCCC)(CCC(=O)OCCOC(=O)C(C)CSCCCCCCCCCC))CCNCCC(=O)OCCOC(=O)C(C)CSCCCCCCCCCC,0.2963933961320683
N(CCN(CCC(=O)OCCOC(=O)C(C)CSCCCCCCCCCCC)(CCC(=O)OCCOC(=O)C(C)CSCCCCCCCCCCC))(CCN(CCC(=O)OCCOC(=O)C(C)CSCCCCCCCCCCC)(CCC(=O)OCCOC(=O)C(C)CSCCCCCCCCCCC))CCNCCC(=O)OCCOC(=O)C(C)CSCCCCCCCCCCC,0.29600556199983363
N(CCN(CCC(=O)OCCOC(=O)C(C)CSCCCCCCCCCCCC)(CCC(=O)OCCOC(=O)C(C)CSCCCCCCCCCCCC))(CCN(CCC(=O)OCCOC(=O)C(C)CSCCCCCCCCCCCC)(CCC(=O)OCCOC(=O)C(C)CSCCCCCCCCCCCC))CCNCCC(=O)OCCOC(=O)C(C)CSCCCCCCCCCCCC,0.29562625895686817
N(CCN(CCC(=O)OCCOC(=O)C(C)CSCCCCCCCCCCCCCC)(CCC(=O)OCCOC(=O)C(C)CSCCCCCCCCCCCCCC))(CCN(CCC(=O)OCCOC(=O)C(C)CSCCCCCCCCCCCCCC)(CCC(=O)OCCOC(=O)C(C)CSCCCCCCCCCCCCCC))CCNCCC(=O)OCCOC(=O)C(C)CSCCCCCCCCCCCCCC,0.29476107433316573
N(CCN(CCC(=O)OCCOC(=O)C(C)CSCCCCCCCCCCCCCCCC)(CCC(=O)OCCOC(=O)C(C)CSCCCCCCCCCCCCCCCC))(CCN(CCC(=O)OCCOC(=O)C(C)CSCCCCCCCCCCCCCCCC)(CCC(=O)OCCOC(=O)C(C)CSCCCCCCCCCCCCCCCC))CCNCCC(=O)OCCOC(=O)C(C)CSCCCCCCCCCCCCCCCC,0.29385161215459427
N(CCN(CCC(=O)OCCOC(=O)C(C)CSCCCCCCCCCCCCCCCCCC)(CCC(=O)OCCOC(=O)C(C)CSCCCCCCCCCCCCCCCCCC))(CCN(CCC(=O)OCCOC(=O)C(C)CSCCCCCCCCCCCCCCCCCC)(CCC(=O)OCCOC(=O)C(C)CSCCCCCCCCCCCCCCCCCC))CCNCCC(=O)OCCOC(=O)C(C)CSCCCCCCCCCCCCCCCCCC,0.2930668120199213
N(CCN(CCC(=O)OCCOC(=O)C(C)CSCCc5ccccc5)(CCC(=O)OCCOC(=O)C(C)CSCCc5ccccc5))(CCN(CCC(=O)OCCOC(=O)C(C)CSCCc5ccccc5)(CCC(=O)OCCOC(=O)C(C)CSCCc5ccccc5))CCNCCC(=O)OCCOC(=O)C(C)CSCCc5ccccc5,-0.024750462712474223
N(CCN(CCC(=O)OCCOC(=O)C(C)CSCCC(C)C)(CCC(=O)OCCOC(=O)C(C)CSCCC(C)C))(CCN(CCC(=O)OCCOC(=O)C(C)CSCCC(C)C)(CCC(=O)OCCOC(=O)C(C)CSCCC(C)C))CCNCCC(=O)OCCOC(=O)C(C)CSCCC(C)C,0.1881702355719773
N(CCN(CCC(=O)OCCOC(=O)C(C)CSCCCC)(CCC(=O)OCCOC(=O)C(C)CSCCCC))(CCN(CCC(=O)OCCOC(=O)C(C)CSCCCC)(CCC(=O)OCCOC(=O)C(C)CSCCCC))CCNCCC(=O)OCCOC(=O)C(C)CSCCCC,0.2897879299139697
N(CCN(CCC(=O)OCCOC(=O)C(C)CSCCCCC)(CCC(=O)OCCOC(=O)C(C)CSCCCCC))(CCN(CCC(=O)OCCOC(=O)C(C)CSCCCCC)(CCC(=O)OCCOC(=O)C(C)CSCCCCC))CCNCCC(=O)OCCOC(=O)C(C)CSCCCCC,0.2967637175000637
N(CCN(CCC(=O)OCCOC(=O)C(C)CSCCCCCC)(CCC(=O)OCCOC(=O)C(C)CSCCCCCC))(CCN(CCC(=O)OCCOC(=O)C(C)CSCCCCCC)(CCC(=O)OCCOC(=O)C(C)CSCCCCCC))CCNCCC(=O)OCCOC(=O)C(C)CSCCCCCC,0.2887317570312053
N(CCN(CCC(=O)OCCOC(=O)C(C)CSCCCCCCC)(CCC(=O)OCCOC(=O)C(C)CSCCCCCCC))(CCN(CCC(=O)OCCOC(=O)C(C)CSCCCCCCC)(CCC(=O)OCCOC(=O)C(C)CSCCCCCCC))CCNCCC(=O)OCCOC(=O)C(C)CSCCCCCCC,0.2919912939910676
N(CCN(CCC(=O)OCCOC(=O)C(C)CSCCCCCCCC)(CCC(=O)OCCOC(=O)C(C)CSCCCCCCCC))(CCN(CCC(=O)OCCOC(=O)C(C)CSCCCCCCCC)(CCC(=O)OCCOC(=O)C(C)CSCCCCCCCC))CCNCCC(=O)OCCOC(=O)C(C)CSCCCCCCCC,0.2981743210951073
N(CCN(CCC(=O)OCCOC(=O)C(C)CSCCCCCCCCC)(CCC(=O)OCCOC(=O)C(C)CSCCCCCCCCC))(CCN(CCC(=O)OCCOC(=O)C(C)CSCCCCCCCCC)(CCC(=O)OCCOC(=O)C(C)CSCCCCCCCCC))CCNCCC(=O)OCCOC(=O)C(C)CSCCCCCCCCC,0.2983601125990861
N(CCN(CCC(=O)OCCOC(=O)C(C)CSCCN(C)C)(CCC(=O)OCCOC(=O)C(C)CSCCN(C)C))(CCN(CCC(=O)OCCOC(=O)C(C)CSCCN(C)C)(CCC(=O)OCCOC(=O)C(C)CSCCN(C)C))CCNCCC(=O)OCCOC(=O)C(C)CSCCN(C)C,0.11144948891503334
N(CCN(CCC(=O)OCCOC(=O)C(C)CSCCCC(=O)N(C)CCCN(C)C)(CCC(=O)OCCOC(=O)C(C)CSCCCC(=O)N(C)CCCN(C)C))(CCN(CCC(=O)OCCOC(=O)C(C)CSCCCC(=O)N(C)CCCN(C)C)(CCC(=O)OCCOC(=O)C(C)CSCCCC(=O)N(C)CCCN(C)C))CCNCCC(=O)OCCOC(=O)C(C)CSCCCC(=O)N(C)CCCN(C)C,0.17199691242609702
N(CCN(CCC(=O)OCCOC(=O)C(C)CSCCCC(=O)N(C)CCN5(CCCCC5))(CCC(=O)OCCOC(=O)C(C)CSCCCC(=O)N(C)CCN5(CCCCC5)))(CCN(CCC(=O)OCCOC(=O)C(C)CSCCCC(=O)N(C)CCN5(CCCCC5))(CCC(=O)OCCOC(=O)C(C)CSCCCC(=O)N(C)CCN5(CCCCC5)))CCNCCC(=O)OCCOC(=O)C(C)CSCCCC(=O)N(C)CCN5(CCCCC5),0.17189662706861383
N(CCN(CCC(=O)OCCOC(=O)C(C)CSCCNCCCC)(CCC(=O)OCCOC(=O)C(C)CSCCNCCCC))(CCN(CCC(=O)OCCOC(=O)C(C)CSCCNCCCC)(CCC(=O)OCCOC(=O)C(C)CSCCNCCCC))CCNCCC(=O)OCCOC(=O)C(C)CSCCNCCCC,0.2528658261425727
N(CCN(CCC(=O)OCCOC(=O)C(C)CSCCN(CC)CC)(CCC(=O)OCCOC(=O)C(C)CSCCN(CC)CC))(CCN(CCC(=O)OCCOC(=O)C(C)CSCCN(CC)CC)(CCC(=O)OCCOC(=O)C(C)CSCCN(CC)CC))CCNCCC(=O)OCCOC(=O)C(C)CSCCN(CC)CC,0.14222237452947692
N(CCN(CCC(=O)OCCOC(=O)C(C)CSCCN5CCCC5)(CCC(=O)OCCOC(=O)C(C)CSCCN5CCCC5))(CCN(CCC(=O)OCCOC(=O)C(C)CSCCN5CCCC5)(CCC(=O)OCCOC(=O)C(C)CSCCN5CCCC5))CCNCCC(=O)OCCOC(=O)C(C)CSCCN5CCCC5,0.1399957151716456
N(CCN(CCC(=O)OCCOC(=O)C(C)CSCCN5CCCCC5)(CCC(=O)OCCOC(=O)C(C)CSCCN5CCCCC5))(CCN(CCC(=O)OCCOC(=O)C(C)CSCCN5CCCCC5)(CCC(=O)OCCOC(=O)C(C)CSCCN5CCCCC5))CCNCCC(=O)OCCOC(=O)C(C)CSCCN5CCCCC5,0.1368678693926149
N(CCN(CCC(=O)OCCOC(=O)C(C)CSCCN5CCCCCC5)(CCC(=O)OCCOC(=O)C(C)CSCCN5CCCCCC5))(CCN(CCC(=O)OCCOC(=O)C(C)CSCCN5CCCCCC5)(CCC(=O)OCCOC(=O)C(C)CSCCN5CCCCCC5))CCNCCC(=O)OCCOC(=O)C(C)CSCCN5CCCCCC5,0.13286283839071605
N(CCN(CCC(=O)OCCOC(=O)C(C)CSCCN(CCC)CCC)(CCC(=O)OCCOC(=O)C(C)CSCCN(CCC)CCC))(CCN(CCC(=O)OCCOC(=O)C(C)CSCCN(CCC)CCC)(CCC(=O)OCCOC(=O)C(C)CSCCN(CCC)CCC))CCNCCC(=O)OCCOC(=O)C(C)CSCCN(CCC)CCC,0.14841879904835478
N(CCN(CCC(=O)OCCOC(=O)C(C)CSCCN(CCCC)CCCC)(CCC(=O)OCCOC(=O)C(C)CSCCN(CCCC)CCCC))(CCN(CCC(=O)OCCOC(=O)C(C)CSCCN(CCCC)CCCC)(CCC(=O)OCCOC(=O)C(C)CSCCN(CCCC)CCCC))CCNCCC(=O)OCCOC(=O)C(C)CSCCN(CCCC)CCCC,0.24080638048439035
N(CCN(CCC(=O)OCCOC(=O)C(C)CSCCCC(=O)N5CCN(CCO)CC5)(CCC(=O)OCCOC(=O)C(C)CSCCCC(=O)N5CCN(CCO)CC5))(CCN(CCC(=O)OCCOC(=O)C(C)CSCCCC(=O)N5CCN(CCO)CC5)(CCC(=O)OCCOC(=O)C(C)CSCCCC(=O)N5CCN(CCO)CC5))CCNCCC(=O)OCCOC(=O)C(C)CSCCCC(=O)N5CCN(CCO)CC5,0.06025003650974234
N(CCN(CCC(=O)OCCOC(=O)C(C)CSCCC(O)=O)(CCC(=O)OCCOC(=O)C(C)CSCCC(O)=O))(CCN(CCC(=O)OCCOC(=O)C(C)CSCCC(O)=O)(CCC(=O)OCCOC(=O)C(C)CSCCC(O)=O))CCNCCC(=O)OCCOC(=O)C(C)CSCCC(O)=O,0.18946542914951287
N(CCN(CCC(=O)OCCOC(=O)C(C)CSCCCCCC(O)=O)(CCC(=O)OCCOC(=O)C(C)CSCCCCCC(O)=O))(CCN(CCC(=O)OCCOC(=O)C(C)CSCCCCCC(O)=O)(CCC(=O)OCCOC(=O)C(C)CSCCCCCC(O)=O))CCNCCC(=O)OCCOC(=O)C(C)CSCCCCCC(O)=O,0.2362832059655745
N(CCN(CCC(=O)OCCOC(=O)C(C)CSCCCCCCCCCCC(O)=O)(CCC(=O)OCCOC(=O)C(C)CSCCCCCCCCCCC(O)=O))(CCN(CCC(=O)OCCOC(=O)C(C)CSCCCCCCCCCCC(O)=O)(CCC(=O)OCCOC(=O)C(C)CSCCCCCCCCCCC(O)=O))CCNCCC(=O)OCCOC(=O)C(C)CSCCCCCCCCCCC(O)=O,0.2488198369004677
N(CCN(CCC(=O)OCCOC(=O)C(C)CSCCO)(CCC(=O)OCCOC(=O)C(C)CSCCO))(CCN(CCC(=O)OCCOC(=O)C(C)CSCCO)(CCC(=O)OCCOC(=O)C(C)CSCCO))CCNCCC(=O)OCCOC(=O)C(C)CSCCO,0.13669176548120404
N(CCN(CCC(=O)OCCOC(=O)C(C)CSCC(O)CO)(CCC(=O)OCCOC(=O)C(C)CSCC(O)CO))(CCN(CCC(=O)OCCOC(=O)C(C)CSCC(O)CO)(CCC(=O)OCCOC(=O)C(C)CSCC(O)CO))CCNCCC(=O)OCCOC(=O)C(C)CSCC(O)CO,0.045270555197755774
N(CCN(CCC(=O)OCCOC(=O)C(C)CSCCCO)(CCC(=O)OCCOC(=O)C(C)CSCCCO))(CCN(CCC(=O)OCCOC(=O)C(C)CSCCCO)(CCC(=O)OCCOC(=O)C(C)CSCCCO))CCNCCC(=O)OCCOC(=O)C(C)CSCCCO,0.1754517031896558
N(CCN(CCC(=O)OCCOC(=O)C(C)CSCCCCO)(CCC(=O)OCCOC(=O)C(C)CSCCCCO))(CCN(CCC(=O)OCCOC(=O)C(C)CSCCCCO)(CCC(=O)OCCOC(=O)C(C)CSCCCCO))CCNCCC(=O)OCCOC(=O)C(C)CSCCCCO,0.20021487198012541
N(CCN(CCC(=O)OCCOC(=O)C(C)CSCCCCCCO)(CCC(=O)OCCOC(=O)C(C)CSCCCCCCO))(CCN(CCC(=O)OCCOC(=O)C(C)CSCCCCCCO)(CCC(=O)OCCOC(=O)C(C)CSCCCCCCO))CCNCCC(=O)OCCOC(=O)C(C)CSCCCCCCO,0.20291113175537012
N(CCN(CCC(=O)OCCOC(=O)C(C)CSCCCCCCCCCCCO)(CCC(=O)OCCOC(=O)C(C)CSCCCCCCCCCCCO))(CCN(CCC(=O)OCCOC(=O)C(C)CSCCCCCCCCCCCO)(CCC(=O)OCCOC(=O)C(C)CSCCCCCCCCCCCO))CCNCCC(=O)OCCOC(=O)C(C)CSCCCCCCCCCCCO,0.23681432635067565
N(CCC(=O)OCCOC(=O)C(C)CSCC(C)C)(CCC(=O)OCCOC(=O)C(C)CSCC(C)C)CCN(CCC(=O)OCCOC(=O)C(C)CSCC(C)C)CCN(CCC(=O)OCCOC(=O)C(C)CSCC(C)C)CCNCCN(CCC(=O)OCCOC(=O)C(C)CSCC(C)C)CCC(=O)OCCOC(=O)C(C)CSCC(C)C,0.24390650022329619
N(CCC(=O)OCCOC(=O)C(C)CSCCCCCCCCCC)(CCC(=O)OCCOC(=O)C(C)CSCCCCCCCCCC)CCN(CCC(=O)OCCOC(=O)C(C)CSCCCCCCCCCC)CCN(CCC(=O)OCCOC(=O)C(C)CSCCCCCCCCCC)CCNCCN(CCC(=O)OCCOC(=O)C(C)CSCCCCCCCCCC)CCC(=O)OCCOC(=O)C(C)CSCCCCCCCCCC,0.29424596475996767
N(CCC(=O)OCCOC(=O)C(C)CSCCCCCCCCCCC)(CCC(=O)OCCOC(=O)C(C)CSCCCCCCCCCCC)CCN(CCC(=O)OCCOC(=O)C(C)CSCCCCCCCCCCC)CCN(CCC(=O)OCCOC(=O)C(C)CSCCCCCCCCCCC)CCNCCN(CCC(=O)OCCOC(=O)C(C)CSCCCCCCCCCCC)CCC(=O)OCCOC(=O)C(C)CSCCCCCCCCCCC,0.29391962055637405
N(CCC(=O)OCCOC(=O)C(C)CSCCCCCCCCCCCC)(CCC(=O)OCCOC(=O)C(C)CSCCCCCCCCCCCC)CCN(CCC(=O)OCCOC(=O)C(C)CSCCCCCCCCCCCC)CCN(CCC(=O)OCCOC(=O)C(C)CSCCCCCCCCCCCC)CCNCCN(CCC(=O)OCCOC(=O)C(C)CSCCCCCCCCCCCC)CCC(=O)OCCOC(=O)C(C)CSCCCCCCCCCCCC,0.2936165566139904
N(CCC(=O)OCCOC(=O)C(C)CSCCCCCCCCCCCCCC)(CCC(=O)OCCOC(=O)C(C)CSCCCCCCCCCCCCCC)CCN(CCC(=O)OCCOC(=O)C(C)CSCCCCCCCCCCCCCC)CCN(CCC(=O)OCCOC(=O)C(C)CSCCCCCCCCCCCCCC)CCNCCN(CCC(=O)OCCOC(=O)C(C)CSCCCCCCCCCCCCCC)CCC(=O)OCCOC(=O)C(C)CSCCCCCCCCCCCCCC,0.29286936536581404
N(CCC(=O)OCCOC(=O)C(C)CSCCCCCCCCCCCCCCCC)(CCC(=O)OCCOC(=O)C(C)CSCCCCCCCCCCCCCCCC)CCN(CCC(=O)OCCOC(=O)C(C)CSCCCCCCCCCCCCCCCC)CCN(CCC(=O)OCCOC(=O)C(C)CSCCCCCCCCCCCCCCCC)CCNCCN(CCC(=O)OCCOC(=O)C(C)CSCCCCCCCCCCCCCCCC)CCC(=O)OCCOC(=O)C(C)CSCCCCCCCCCCCCCCCC,0.292090963548093
N(CCC(=O)OCCOC(=O)C(C)CSCCCCCCCCCCCCCCCCCC)(CCC(=O)OCCOC(=O)C(C)CSCCCCCCCCCCCCCCCCCC)CCN(CCC(=O)OCCOC(=O)C(C)CSCCCCCCCCCCCCCCCCCC)CCN(CCC(=O)OCCOC(=O)C(C)CSCCCCCCCCCCCCCCCCCC)CCNCCN(CCC(=O)OCCOC(=O)C(C)CSCCCCCCCCCCCCCCCCCC)CCC(=O)OCCOC(=O)C(C)CSCCCCCCCCCCCCCCCCCC,0.2914111198426686
N(CCC(=O)OCCOC(=O)C(C)CSCCc5ccccc5)(CCC(=O)OCCOC(=O)C(C)CSCCc5ccccc5)CCN(CCC(=O)OCCOC(=O)C(C)CSCCc5ccccc5)CCN(CCC(=O)OCCOC(=O)C(C)CSCCc5ccccc5)CCNCCN(CCC(=O)OCCOC(=O)C(C)CSCCc5ccccc5)CCC(=O)OCCOC(=O)C(C)CSCCc5ccccc5,-0.02462554533667856
N(CCC(=O)OCCOC(=O)C(C)CSCCC(C)C)(CCC(=O)OCCOC(=O)C(C)CSCCC(C)C)CCN(CCC(=O)OCCOC(=O)C(C)CSCCC(C)C)CCN(CCC(=O)OCCOC(=O)C(C)CSCCC(C)C)CCNCCN(CCC(=O)OCCOC(=O)C(C)CSCCC(C)C)CCC(=O)OCCOC(=O)C(C)CSCCC(C)C,0.18667343493236344
N(CCC(=O)OCCOC(=O)C(C)CSCCCC)(CCC(=O)OCCOC(=O)C(C)CSCCCC)CCN(CCC(=O)OCCOC(=O)C(C)CSCCCC)CCN(CCC(=O)OCCOC(=O)C(C)CSCCCC)CCNCCN(CCC(=O)OCCOC(=O)C(C)CSCCCC)CCC(=O)OCCOC(=O)C(C)CSCCCC,0.2868752838656592
N(CCC(=O)OCCOC(=O)C(C)CSCCCCC)(CCC(=O)OCCOC(=O)C(C)CSCCCCC)CCN(CCC(=O)OCCOC(=O)C(C)CSCCCCC)CCN(CCC(=O)OCCOC(=O)C(C)CSCCCCC)CCNCCN(CCC(=O)OCCOC(=O)C(C)CSCCCCC)CCC(=O)OCCOC(=O)C(C)CSCCCCC,0.293889311158231
N(CCC(=O)OCCOC(=O)C(C)CSCCCCCC)(CCC(=O)OCCOC(=O)C(C)CSCCCCCC)CCN(CCC(=O)OCCOC(=O)C(C)CSCCCCCC)CCN(CCC(=O)OCCOC(=O)C(C)CSCCCCCC)CCNCCN(CCC(=O)OCCOC(=O)C(C)CSCCCCCC)CCC(=O)OCCOC(=O)C(C)CSCCCCCC,0.2860928568156773
N(CCC(=O)OCCOC(=O)C(C)CSCCCCCCC)(CCC(=O)OCCOC(=O)C(C)CSCCCCCCC)CCN(CCC(=O)OCCOC(=O)C(C)CSCCCCCCC)CCN(CCC(=O)OCCOC(=O)C(C)CSCCCCCCC)CCNCCN(CCC(=O)OCCOC(=O)C(C)CSCCCCCCC)CCC(=O)OCCOC(=O)C(C)CSCCCCCCC,0.2894387860739136
N(CCC(=O)OCCOC(=O)C(C)CSCCCCCCCC)(CCC(=O)OCCOC(=O)C(C)CSCCCCCCCC)CCN(CCC(=O)OCCOC(=O)C(C)CSCCCCCCCC)CCN(CCC(=O)OCCOC(=O)C(C)CSCCCCCCCC)CCNCCN(CCC(=O)OCCOC(=O)C(C)CSCCCCCCCC)CCC(=O)OCCOC(=O)C(C)CSCCCCCCCC,0.29563046442340934
N(CCC(=O)OCCOC(=O)C(C)CSCCCCCCCCC)(CCC(=O)OCCOC(=O)C(C)CSCCCCCCCCC)CCN(CCC(=O)OCCOC(=O)C(C)CSCCCCCCCCC)CCN(CCC(=O)OCCOC(=O)C(C)CSCCCCCCCCC)CCNCCN(CCC(=O)OCCOC(=O)C(C)CSCCCCCCCCC)CCC(=O)OCCOC(=O)C(C)CSCCCCCCCCC,0.29590652326278943
N(CCC(=O)OCCOC(=O)C(C)CSCCN(C)C)(CCC(=O)OCCOC(=O)C(C)CSCCN(C)C)CCN(CCC(=O)OCCOC(=O)C(C)CSCCN(C)C)CCN(CCC(=O)OCCOC(=O)C(C)CSCCN(C)C)CCNCCN(CCC(=O)OCCOC(=O)C(C)CSCCN(C)C)CCC(=O)OCCOC(=O)C(C)CSCCN(C)C,0.11071465873458332
N(CCC(=O)OCCOC(=O)C(C)CSCCCC(=O)N(C)CCCN(C)C)(CCC(=O)OCCOC(=O)C(C)CSCCCC(=O)N(C)CCCN(C)C)CCN(CCC(=O)OCCOC(=O)C(C)CSCCCC(=O)N(C)CCCN(C)C)CCN(CCC(=O)OCCOC(=O)C(C)CSCCCC(=O)N(C)CCCN(C)C)CCNCCN(CCC(=O)OCCOC(=O)C(C)CSCCCC(=O)N(C)CCCN(C)C)CCC(=O)OCCOC(=O)C(C)CSCCCC(=O)N(C)CCCN(C)C,0.17104967614627195
N(CCC(=O)OCCOC(=O)C(C)CSCCCC(=O)N(C)CCN5(CCCCC5))(CCC(=O)OCCOC(=O)C(C)CSCCCC(=O)N(C)CCN5(CCCCC5))CCN(CCC(=O)OCCOC(=O)C(C)CSCCCC(=O)N(C)CCN5(CCCCC5))CCN(CCC(=O)OCCOC(=O)C(C)CSCCCC(=O)N(C)CCN5(CCCCC5))CCNCCN(CCC(=O)OCCOC(=O)C(C)CSCCCC(=O)N(C)CCN5(CCCCC5))CCC(=O)OCCOC(=O)C(C)CSCCCC(=O)N(C)CCN5(CCCCC5),0.17103055629303304
N(CCC(=O)OCCOC(=O)C(C)CSCCNCCCC)(CCC(=O)OCCOC(=O)C(C)CSCCNCCCC)CCN(CCC(=O)OCCOC(=O)C(C)CSCCNCCCC)CCN(CCC(=O)OCCOC(=O)C(C)CSCCNCCCC)CCNCCN(CCC(=O)OCCOC(=O)C(C)CSCCNCCCC)CCC(=O)OCCOC(=O)C(C)CSCCNCCCC,0.25080568824024774
N(CCC(=O)OCCOC(=O)C(C)CSCCN(CC)CC)(CCC(=O)OCCOC(=O)C(C)CSCCN(CC)CC)CCN(CCC(=O)OCCOC(=O)C(C)CSCCN(CC)CC)CCN(CCC(=O)OCCOC(=O)C(C)CSCCN(CC)CC)CCNCCN(CCC(=O)OCCOC(=O)C(C)CSCCN(CC)CC)CCC(=O)OCCOC(=O)C(C)CSCCN(CC)CC,0.14122351614785916
N(CCC(=O)OCCOC(=O)C(C)CSCCN5CCCC5)(CCC(=O)OCCOC(=O)C(C)CSCCN5CCCC5)CCN(CCC(=O)OCCOC(=O)C(C)CSCCN5CCCC5)CCN(CCC(=O)OCCOC(=O)C(C)CSCCN5CCCC5)CCNCCN(CCC(=O)OCCOC(=O)C(C)CSCCN5CCCC5)CCC(=O)OCCOC(=O)C(C)CSCCN5CCCC5,0.1390190556455558
N(CCC(=O)OCCOC(=O)C(C)CSCCN5CCCCC5)(CCC(=O)OCCOC(=O)C(C)CSCCN5CCCCC5)CCN(CCC(=O)OCCOC(=O)C(C)CSCCN5CCCCC5)CCN(CCC(=O)OCCOC(=O)C(C)CSCCN5CCCCC5)CCNCCN(CCC(=O)OCCOC(=O)C(C)CSCCN5CCCCC5)CCC(=O)OCCOC(=O)C(C)CSCCN5CCCCC5,0.13600580882977156
N(CCC(=O)OCCOC(=O)C(C)CSCCN5CCCCCC5)(CCC(=O)OCCOC(=O)C(C)CSCCN5CCCCCC5)CCN(CCC(=O)OCCOC(=O)C(C)CSCCN5CCCCCC5)CCN(CCC(=O)OCCOC(=O)C(C)CSCCN5CCCCCC5)CCNCCN(CCC(=O)OCCOC(=O)C(C)CSCCN5CCCCCC5)CCC(=O)OCCOC(=O)C(C)CSCCN5CCCCCC5,0.13207875919316445
N(CCC(=O)OCCOC(=O)C(C)CSCCN(CCC)CCC)(CCC(=O)OCCOC(=O)C(C)CSCCN(CCC)CCC)CCN(CCC(=O)OCCOC(=O)C(C)CSCCN(CCC)CCC)CCN(CCC(=O)OCCOC(=O)C(C)CSCCN(CCC)CCC)CCNCCN(CCC(=O)OCCOC(=O)C(C)CSCCN(CCC)CCC)CCC(=O)OCCOC(=O)C(C)CSCCN(CCC)CCC,0.14744874811254396
N(CCC(=O)OCCOC(=O)C(C)CSCCN(CCCC)CCCC)(CCC(=O)OCCOC(=O)C(C)CSCCN(CCCC)CCCC)CCN(CCC(=O)OCCOC(=O)C(C)CSCCN(CCCC)CCCC)CCN(CCC(=O)OCCOC(=O)C(C)CSCCN(CCCC)CCCC)CCNCCN(CCC(=O)OCCOC(=O)C(C)CSCCN(CCCC)CCCC)CCC(=O)OCCOC(=O)C(C)CSCCN(CCCC)CCCC,0.23912152039277007
N(CCC(=O)OCCOC(=O)C(C)CSCCCC(=O)N5CCN(CCO)CC5)(CCC(=O)OCCOC(=O)C(C)CSCCCC(=O)N5CCN(CCO)CC5)CCN(CCC(=O)OCCOC(=O)C(C)CSCCCC(=O)N5CCN(CCO)CC5)CCN(CCC(=O)OCCOC(=O)C(C)CSCCCC(=O)N5CCN(CCO)CC5)CCNCCN(CCC(=O)OCCOC(=O)C(C)CSCCCC(=O)N5CCN(CCO)CC5)CCC(=O)OCCOC(=O)C(C)CSCCCC(=O)N5CCN(CCO)CC5,0.059990363970349375
N(CCC(=O)OCCOC(=O)C(C)CSCCC(O)=O)(CCC(=O)OCCOC(=O)C(C)CSCCC(O)=O)CCN(CCC(=O)OCCOC(=O)C(C)CSCCC(O)=O)CCN(CCC(=O)OCCOC(=O)C(C)CSCCC(O)=O)CCNCCN(CCC(=O)OCCOC(=O)C(C)CSCCC(O)=O)CCC(=O)OCCOC(=O)C(C)CSCCC(O)=O,0.18798354289659674
N(CCC(=O)OCCOC(=O)C(C)CSCCCCCC(O)=O)(CCC(=O)OCCOC(=O)C(C)CSCCCCCC(O)=O)CCN(CCC(=O)OCCOC(=O)C(C)CSCCCCCC(O)=O)CCN(CCC(=O)OCCOC(=O)C(C)CSCCCCCC(O)=O)CCNCCN(CCC(=O)OCCOC(=O)C(C)CSCCCCCC(O)=O)CCC(=O)OCCOC(=O)C(C)CSCCCCCC(O)=O,0.23449405030373358
N(CCC(=O)OCCOC(=O)C(C)CSCCCCCCCCCCC(O)=O)(CCC(=O)OCCOC(=O)C(C)CSCCCCCCCCCCC(O)=O)CCN(CCC(=O)OCCOC(=O)C(C)CSCCCCCCCCCCC(O)=O)CCN(CCC(=O)OCCOC(=O)C(C)CSCCCCCCCCCCC(O)=O)CCNCCN(CCC(=O)OCCOC(=O)C(C)CSCCCCCCCCCCC(O)=O)CCC(=O)OCCOC(=O)C(C)CSCCCCCCCCCCC(O)=O,0.24720047695022587
N(CCC(=O)OCCOC(=O)C(C)CSCCO)(CCC(=O)OCCOC(=O)C(C)CSCCO)CCN(CCC(=O)OCCOC(=O)C(C)CSCCO)CCN(CCC(=O)OCCOC(=O)C(C)CSCCO)CCNCCN(CCC(=O)OCCOC(=O)C(C)CSCCO)CCC(=O)OCCOC(=O)C(C)CSCCO,0.13565693534113604
N(CCC(=O)OCCOC(=O)C(C)CSCC(O)CO)(CCC(=O)OCCOC(=O)C(C)CSCC(O)CO)CCN(CCC(=O)OCCOC(=O)C(C)CSCC(O)CO)CCN(CCC(=O)OCCOC(=O)C(C)CSCC(O)CO)CCNCCN(CCC(=O)OCCOC(=O)C(C)CSCC(O)CO)CCC(=O)OCCOC(=O)C(C)CSCC(O)CO,0.04506791178856555
N(CCC(=O)OCCOC(=O)C(C)CSCCCO)(CCC(=O)OCCOC(=O)C(C)CSCCCO)CCN(CCC(=O)OCCOC(=O)C(C)CSCCCO)CCN(CCC(=O)OCCOC(=O)C(C)CSCCCO)CCNCCN(CCC(=O)OCCOC(=O)C(C)CSCCCO)CCC(=O)OCCOC(=O)C(C)CSCCCO,0.17401230716832872
N(CCC(=O)OCCOC(=O)C(C)CSCCCCO)(CCC(=O)OCCOC(=O)C(C)CSCCCCO)CCN(CCC(=O)OCCOC(=O)C(C)CSCCCCO)CCN(CCC(=O)OCCOC(=O)C(C)CSCCCCO)CCNCCN(CCC(=O)OCCOC(=O)C(C)CSCCCCO)CCC(=O)OCCOC(=O)C(C)CSCCCCO,0.19866224377217773
N(CCC(=O)OCCOC(=O)C(C)CSCCCCCCO)(CCC(=O)OCCOC(=O)C(C)CSCCCCCCO)CCN(CCC(=O)OCCOC(=O)C(C)CSCCCCCCO)CCN(CCC(=O)OCCOC(=O)C(C)CSCCCCCCO)CCNCCN(CCC(=O)OCCOC(=O)C(C)CSCCCCCCO)CCC(=O)OCCOC(=O)C(C)CSCCCCCCO,0.20147239659307092
N(CCC(=O)OCCOC(=O)C(C)CSCCCCCCCCCCCO)(CCC(=O)OCCOC(=O)C(C)CSCCCCCCCCCCCO)CCN(CCC(=O)OCCOC(=O)C(C)CSCCCCCCCCCCCO)CCN(CCC(=O)OCCOC(=O)C(C)CSCCCCCCCCCCCO)CCNCCN(CCC(=O)OCCOC(=O)C(C)CSCCCCCCCCCCCO)CCC(=O)OCCOC(=O)C(C)CSCCCCCCCCCCCO,0.23514043051110908
N(CCC(=O)OCCOC(=O)C(C)CSCC(C)C)(CCC(=O)OCCOC(=O)C(C)CSCC(C)C)CCCN(CCC(=O)OCCOC(=O)C(C)CSCC(C)C)CCCN(CCC(=O)OCCOC(=O)C(C)CSCC(C)C)CCCN(CCC(=O)OCCOC(=O)C(C)CSCC(C)C)CCC(=O)OCCOC(=O)C(C)CSCC(C)C,0.24161419052885277
N(CCC(=O)OCCOC(=O)C(C)CSCCCCCCCCCC)(CCC(=O)OCCOC(=O)C(C)CSCCCCCCCCCC)CCCN(CCC(=O)OCCOC(=O)C(C)CSCCCCCCCCCC)CCCN(CCC(=O)OCCOC(=O)C(C)CSCCCCCCCCCC)CCCN(CCC(=O)OCCOC(=O)C(C)CSCCCCCCCCCC)CCC(=O)OCCOC(=O)C(C)CSCCCCCCCCCC,0.29297269968653955
N(CCC(=O)OCCOC(=O)C(C)CSCCCCCCCCCCC)(CCC(=O)OCCOC(=O)C(C)CSCCCCCCCCCCC)CCCN(CCC(=O)OCCOC(=O)C(C)CSCCCCCCCCCCC)CCCN(CCC(=O)OCCOC(=O)C(C)CSCCCCCCCCCCC)CCCN(CCC(=O)OCCOC(=O)C(C)CSCCCCCCCCCCC)CCC(=O)OCCOC(=O)C(C)CSCCCCCCCCCCC,0.2926872386255353
N(CCC(=O)OCCOC(=O)C(C)CSCCCCCCCCCCCC)(CCC(=O)OCCOC(=O)C(C)CSCCCCCCCCCCCC)CCCN(CCC(=O)OCCOC(=O)C(C)CSCCCCCCCCCCCC)CCCN(CCC(=O)OCCOC(=O)C(C)CSCCCCCCCCCCCC)CCCN(CCC(=O)OCCOC(=O)C(C)CSCCCCCCCCCCCC)CCC(=O)OCCOC(=O)C(C)CSCCCCCCCCCCCC,0.2924219638039286
N(CCC(=O)OCCOC(=O)C(C)CSCCCCCCCCCCCCCC)(CCC(=O)OCCOC(=O)C(C)CSCCCCCCCCCCCCCC)CCCN(CCC(=O)OCCOC(=O)C(C)CSCCCCCCCCCCCCCC)CCCN(CCC(=O)OCCOC(=O)C(C)CSCCCCCCCCCCCCCC)CCCN(CCC(=O)OCCOC(=O)C(C)CSCCCCCCCCCCCCCC)CCC(=O)OCCOC(=O)C(C)CSCCCCCCCCCCCCCC,0.2916854364173388
N(CCC(=O)OCCOC(=O)C(C)CSCCCCCCCCCCCCCCCC)(CCC(=O)OCCOC(=O)C(C)CSCCCCCCCCCCCCCCCC)CCCN(CCC(=O)OCCOC(=O)C(C)CSCCCCCCCCCCCCCCCC)CCCN(CCC(=O)OCCOC(=O)C(C)CSCCCCCCCCCCCCCCCC)CCCN(CCC(=O)OCCOC(=O)C(C)CSCCCCCCCCCCCCCCCC)CCC(=O)OCCOC(=O)C(C)CSCCCCCCCCCCCCCCCC,0.29098291323163883
N(CCC(=O)OCCOC(=O)C(C)CSCCCCCCCCCCCCCCCCCC)(CCC(=O)OCCOC(=O)C(C)CSCCCCCCCCCCCCCCCCCC)CCCN(CCC(=O)OCCOC(=O)C(C)CSCCCCCCCCCCCCCCCCCC)CCCN(CCC(=O)OCCOC(=O)C(C)CSCCCCCCCCCCCCCCCCCC)CCCN(CCC(=O)OCCOC(=O)C(C)CSCCCCCCCCCCCCCCCCCC)CCC(=O)OCCOC(=O)C(C)CSCCCCCCCCCCCCCCCCCC,0.2903160163553518
N(CCC(=O)OCCOC(=O)C(C)CSCCc5ccccc5)(CCC(=O)OCCOC(=O)C(C)CSCCc5ccccc5)CCCN(CCC(=O)OCCOC(=O)C(C)CSCCc5ccccc5)CCCN(CCC(=O)OCCOC(=O)C(C)CSCCc5ccccc5)CCCN(CCC(=O)OCCOC(=O)C(C)CSCCc5ccccc5)CCC(=O)OCCOC(=O)C(C)CSCCc5ccccc5,-0.026209203879890623
N(CCC(=O)OCCOC(=O)C(C)CSCCC(C)C)(CCC(=O)OCCOC(=O)C(C)CSCCC(C)C)CCCN(CCC(=O)OCCOC(=O)C(C)CSCCC(C)C)CCCN(CCC(=O)OCCOC(=O)C(C)CSCCC(C)C)CCCN(CCC(=O)OCCOC(=O)C(C)CSCCC(C)C)CCC(=O)OCCOC(=O)C(C)CSCCC(C)C,0.1844134472521935
N(CCC(=O)OCCOC(=O)C(C)CSCCCC)(CCC(=O)OCCOC(=O)C(C)CSCCCC)CCCN(CCC(=O)OCCOC(=O)C(C)CSCCCC)CCCN(CCC(=O)OCCOC(=O)C(C)CSCCCC)CCCN(CCC(=O)OCCOC(=O)C(C)CSCCCC)CCC(=O)OCCOC(=O)C(C)CSCCCC,0.2848941186171678
N(CCC(=O)OCCOC(=O)C(C)CSCCCCC)(CCC(=O)OCCOC(=O)C(C)CSCCCCC)CCCN(CCC(=O)OCCOC(=O)C(C)CSCCCCC)CCCN(CCC(=O)OCCOC(=O)C(C)CSCCCCC)CCCN(CCC(=O)OCCOC(=O)C(C)CSCCCCC)CCC(=O)OCCOC(=O)C(C)CSCCCCC,0.2919880497740216
N(CCC(=O)OCCOC(=O)C(C)CSCCCCCC)(CCC(=O)OCCOC(=O)C(C)CSCCCCCC)CCCN(CCC(=O)OCCOC(=O)C(C)CSCCCCCC)CCCN(CCC(=O)OCCOC(=O)C(C)CSCCCCCC)CCCN(CCC(=O)OCCOC(=O)C(C)CSCCCCCC)CCC(=O)OCCOC(=O)C(C)CSCCCCCC,0.2843485494505931
N(CCC(=O)OCCOC(=O)C(C)CSCCCCCCC)(CCC(=O)OCCOC(=O)C(C)CSCCCCCCC)CCCN(CCC(=O)OCCOC(=O)C(C)CSCCCCCCC)CCCN(CCC(=O)OCCOC(=O)C(C)CSCCCCCCC)CCCN(CCC(=O)OCCOC(=O)C(C)CSCCCCCCC)CCC(=O)OCCOC(=O)C(C)CSCCCCCCC,0.28773398005526957
N(CCC(=O)OCCOC(=O)C(C)CSCCCCCCCC)(CCC(=O)OCCOC(=O)C(C)CSCCCCCCCC)CCCN(CCC(=O)OCCOC(=O)C(C)CSCCCCCCCC)CCCN(CCC(=O)OCCOC(=O)C(C)CSCCCCCCCC)CCCN(CCC(=O)OCCOC(=O)C(C)CSCCCCCCCC)CCC(=O)OCCOC(=O)C(C)CSCCCCCCCC,0.29392749078661534
N(CCC(=O)OCCOC(=O)C(C)CSCCCCCCCCC)(CCC(=O)OCCOC(=O)C(C)CSCCCCCCCCC)CCCN(CCC(=O)OCCOC(=O)C(C)CSCCCCCCCCC)CCCN(CCC(=O)OCCOC(=O)C(C)CSCCCCCCCCC)CCCN(CCC(=O)OCCOC(=O)C(C)CSCCCCCCCCC)CCC(=O)OCCOC(=O)C(C)CSCCCCCCCCC,0.2942779863837739
N(CCC(=O)OCCOC(=O)C(C)CSCCN(C)C)(CCC(=O)OCCOC(=O)C(C)CSCCN(C)C)CCCN(CCC(=O)OCCOC(=O)C(C)CSCCN(C)C)CCCN(CCC(=O)OCCOC(=O)C(C)CSCCN(C)C)CCCN(CCC(=O)OCCOC(=O)C(C)CSCCN(C)C)CCC(=O)OCCOC(=O)C(C)CSCCN(C)C,0.10855554217330764
N(CCC(=O)OCCOC(=O)C(C)CSCCCC(=O)N(C)CCCN(C)C)(CCC(=O)OCCOC(=O)C(C)CSCCCC(=O)N(C)CCCN(C)C)CCCN(CCC(=O)OCCOC(=O)C(C)CSCCCC(=O)N(C)CCCN(C)C)CCCN(CCC(=O)OCCOC(=O)C(C)CSCCCC(=O)N(C)CCCN(C)C)CCCN(CCC(=O)OCCOC(=O)C(C)CSCCCC(=O)N(C)CCCN(C)C)CCC(=O)OCCOC(=O)C(C)CSCCCC(=O)N(C)CCCN(C)C,0.1694535213596233
N(CCC(=O)OCCOC(=O)C(C)CSCCCC(=O)N(C)CCN5(CCCCC5))(CCC(=O)OCCOC(=O)C(C)CSCCCC(=O)N(C)CCN5(CCCCC5))CCCN(CCC(=O)OCCOC(=O)C(C)CSCCCC(=O)N(C)CCN5(CCCCC5))CCCN(CCC(=O)OCCOC(=O)C(C)CSCCCC(=O)N(C)CCN5(CCCCC5))CCCN(CCC(=O)OCCOC(=O)C(C)CSCCCC(=O)N(C)CCN5(CCCCC5))CCC(=O)OCCOC(=O)C(C)CSCCCC(=O)N(C)CCN5(CCCCC5),0.16951481603446064
N(CCC(=O)OCCOC(=O)C(C)CSCCNCCCC)(CCC(=O)OCCOC(=O)C(C)CSCCNCCCC)CCCN(CCC(=O)OCCOC(=O)C(C)CSCCNCCCC)CCCN(CCC(=O)OCCOC(=O)C(C)CSCCNCCCC)CCCN(CCC(=O)OCCOC(=O)C(C)CSCCNCCCC)CCC(=O)OCCOC(=O)C(C)CSCCNCCCC,0.24899175036486074
N(CCC(=O)OCCOC(=O)C(C)CSCCN(CC)CC)(CCC(=O)OCCOC(=O)C(C)CSCCN(CC)CC)CCCN(CCC(=O)OCCOC(=O)C(C)CSCCN(CC)CC)CCCN(CCC(=O)OCCOC(=O)C(C)CSCCN(CC)CC)CCCN(CCC(=O)OCCOC(=O)C(C)CSCCN(CC)CC)CCC(=O)OCCOC(=O)C(C)CSCCN(CC)CC,0.13915764078761023
N(CCC(=O)OCCOC(=O)C(C)CSCCN5CCCC5)(CCC(=O)OCCOC(=O)C(C)CSCCN5CCCC5)CCCN(CCC(=O)OCCOC(=O)C(C)CSCCN5CCCC5)CCCN(CCC(=O)OCCOC(=O)C(C)CSCCN5CCCC5)CCCN(CCC(=O)OCCOC(=O)C(C)CSCCN5CCCC5)CCC(=O)OCCOC(=O)C(C)CSCCN5CCCC5,0.13694431876652374
N(CCC(=O)OCCOC(=O)C(C)CSCCN5CCCCC5)(CCC(=O)OCCOC(=O)C(C)CSCCN5CCCCC5)CCCN(CCC(=O)OCCOC(=O)C(C)CSCCN5CCCCC5)CCCN(CCC(=O)OCCOC(=O)C(C)CSCCN5CCCCC5)CCCN(CCC(=O)OCCOC(=O)C(C)CSCCN5CCCCC5)CCC(=O)OCCOC(=O)C(C)CSCCN5CCCCC5,0.13401614253105773
N(CCC(=O)OCCOC(=O)C(C)CSCCN5CCCCCC5)(CCC(=O)OCCOC(=O)C(C)CSCCN5CCCCCC5)CCCN(CCC(=O)OCCOC(=O)C(C)CSCCN5CCCCCC5)CCCN(CCC(=O)OCCOC(=O)C(C)CSCCN5CCCCCC5)CCCN(CCC(=O)OCCOC(=O)C(C)CSCCN5CCCCCC5)CCC(=O)OCCOC(=O)C(C)CSCCN5CCCCCC5,0.13016911691491942
N(CCC(=O)OCCOC(=O)C(C)CSCCN(CCC)CCC)(CCC(=O)OCCOC(=O)C(C)CSCCN(CCC)CCC)CCCN(CCC(=O)OCCOC(=O)C(C)CSCCN(CCC)CCC)CCCN(CCC(=O)OCCOC(=O)C(C)CSCCN(CCC)CCC)CCCN(CCC(=O)OCCOC(=O)C(C)CSCCN(CCC)CCC)CCC(=O)OCCOC(=O)C(C)CSCCN(CCC)CCC,0.14557961348880427
N(CCC(=O)OCCOC(=O)C(C)CSCCN(CCCC)CCCC)(CCC(=O)OCCOC(=O)C(C)CSCCN(CCCC)CCCC)CCCN(CCC(=O)OCCOC(=O)C(C)CSCCN(CCCC)CCCC)CCCN(CCC(=O)OCCOC(=O)C(C)CSCCN(CCCC)CCCC)CCCN(CCC(=O)OCCOC(=O)C(C)CSCCN(CCCC)CCCC)CCC(=O)OCCOC(=O)C(C)CSCCN(CCCC)CCCC,0.2373889582949544
N(CCC(=O)OCCOC(=O)C(C)CSCCCC(=O)N5CCN(CCO)CC5)(CCC(=O)OCCOC(=O)C(C)CSCCCC(=O)N5CCN(CCO)CC5)CCCN(CCC(=O)OCCOC(=O)C(C)CSCCCC(=O)N5CCN(CCO)CC5)CCCN(CCC(=O)OCCOC(=O)C(C)CSCCCC(=O)N5CCN(CCO)CC5)CCCN(CCC(=O)OCCOC(=O)C(C)CSCCCC(=O)N5CCN(CCO)CC5)CCC(=O)OCCOC(=O)C(C)CSCCCC(=O)N5CCN(CCO)CC5,0.058471094123787065
N(CCC(=O)OCCOC(=O)C(C)CSCCC(O)=O)(CCC(=O)OCCOC(=O)C(C)CSCCC(O)=O)CCCN(CCC(=O)OCCOC(=O)C(C)CSCCC(O)=O)CCCN(CCC(=O)OCCOC(=O)C(C)CSCCC(O)=O)CCCN(CCC(=O)OCCOC(=O)C(C)CSCCC(O)=O)CCC(=O)OCCOC(=O)C(C)CSCCC(O)=O,0.18583950593677578
N(CCC(=O)OCCOC(=O)C(C)CSCCCCCC(O)=O)(CCC(=O)OCCOC(=O)C(C)CSCCCCCC(O)=O)CCCN(CCC(=O)OCCOC(=O)C(C)CSCCCCCC(O)=O)CCCN(CCC(=O)OCCOC(=O)C(C)CSCCCCCC(O)=O)CCCN(CCC(=O)OCCOC(=O)C(C)CSCCCCCC(O)=O)CCC(=O)OCCOC(=O)C(C)CSCCCCCC(O)=O,0.23272936144544815
N(CCC(=O)OCCOC(=O)C(C)CSCCCCCCCCCCC(O)=O)(CCC(=O)OCCOC(=O)C(C)CSCCCCCCCCCCC(O)=O)CCCN(CCC(=O)OCCOC(=O)C(C)CSCCCCCCCCCCC(O)=O)CCCN(CCC(=O)OCCOC(=O)C(C)CSCCCCCCCCCCC(O)=O)CCCN(CCC(=O)OCCOC(=O)C(C)CSCCCCCCCCCCC(O)=O)CCC(=O)OCCOC(=O)C(C)CSCCCCCCCCCCC(O)=O,0.24578774058286504
N(CCC(=O)OCCOC(=O)C(C)CSCCO)(CCC(=O)OCCOC(=O)C(C)CSCCO)CCCN(CCC(=O)OCCOC(=O)C(C)CSCCO)CCCN(CCC(=O)OCCOC(=O)C(C)CSCCO)CCCN(CCC(=O)OCCOC(=O)C(C)CSCCO)CCC(=O)OCCOC(=O)C(C)CSCCO,0.1333037665380328
N(CCC(=O)OCCOC(=O)C(C)CSCC(O)CO)(CCC(=O)OCCOC(=O)C(C)CSCC(O)CO)CCCN(CCC(=O)OCCOC(=O)C(C)CSCC(O)CO)CCCN(CCC(=O)OCCOC(=O)C(C)CSCC(O)CO)CCCN(CCC(=O)OCCOC(=O)C(C)CSCC(O)CO)CCC(=O)OCCOC(=O)C(C)CSCC(O)CO,0.04297207998897258
N(CCC(=O)OCCOC(=O)C(C)CSCCCO)(CCC(=O)OCCOC(=O)C(C)CSCCCO)CCCN(CCC(=O)OCCOC(=O)C(C)CSCCCO)CCCN(CCC(=O)OCCOC(=O)C(C)CSCCCO)CCCN(CCC(=O)OCCOC(=O)C(C)CSCCCO)CCC(=O)OCCOC(=O)C(C)CSCCCO,0.17172032790339928
N(CCC(=O)OCCOC(=O)C(C)CSCCCCO)(CCC(=O)OCCOC(=O)C(C)CSCCCCO)CCCN(CCC(=O)OCCOC(=O)C(C)CSCCCCO)CCCN(CCC(=O)OCCOC(=O)C(C)CSCCCCO)CCCN(CCC(=O)OCCOC(=O)C(C)CSCCCCO)CCC(=O)OCCOC(=O)C(C)CSCCCCO,0.1965695735822523
N(CCC(=O)OCCOC(=O)C(C)CSCCCCCCO)(CCC(=O)OCCOC(=O)C(C)CSCCCCCCO)CCCN(CCC(=O)OCCOC(=O)C(C)CSCCCCCCO)CCCN(CCC(=O)OCCOC(=O)C(C)CSCCCCCCO)CCCN(CCC(=O)OCCOC(=O)C(C)CSCCCCCCO)CCC(=O)OCCOC(=O)C(C)CSCCCCCCO,0.19956550288760103
N(CCC(=O)OCCOC(=O)C(C)CSCCCCCCCCCCCO)(CCC(=O)OCCOC(=O)C(C)CSCCCCCCCCCCCO)CCCN(CCC(=O)OCCOC(=O)C(C)CSCCCCCCCCCCCO)CCCN(CCC(=O)OCCOC(=O)C(C)CSCCCCCCCCCCCO)CCCN(CCC(=O)OCCOC(=O)C(C)CSCCCCCCCCCCCO)CCC(=O)OCCOC(=O)C(C)CSCCCCCCCCCCCO,0.23358400236375101
N(CCN(CCC(=O)OCCOC(=O)C(C)CSCC(C)C)(CCC(=O)OCCOC(=O)C(C)CSCC(C)C))(CCN(CCC(=O)OCCOC(=O)C(C)CSCC(C)C)(CCC(=O)OCCOC(=O)C(C)CSCC(C)C))CCN(CCC(=O)OCCOC(=O)C(C)CSCC(C)C)CCC(=O)OCCOC(=O)C(C)CSCC(C)C,0.245827151812165
N(CCN(CCC(=O)OCCOC(=O)C(C)CSCCCCCCCCCC)(CCC(=O)OCCOC(=O)C(C)CSCCCCCCCCCC))(CCN(CCC(=O)OCCOC(=O)C(C)CSCCCCCCCCCC)(CCC(=O)OCCOC(=O)C(C)CSCCCCCCCCCC))CCN(CCC(=O)OCCOC(=O)C(C)CSCCCCCCCCCC)CCC(=O)OCCOC(=O)C(C)CSCCCCCCCCCC,0.2971793377505167
N(CCN(CCC(=O)OCCOC(=O)C(C)CSCCCCCCCCCCC)(CCC(=O)OCCOC(=O)C(C)CSCCCCCCCCCCC))(CCN(CCC(=O)OCCOC(=O)C(C)CSCCCCCCCCCCC)(CCC(=O)OCCOC(=O)C(C)CSCCCCCCCCCCC))CCN(CCC(=O)OCCOC(=O)C(C)CSCCCCCCCCCCC)CCC(=O)OCCOC(=O)C(C)CSCCCCCCCCCCC,0.2966557571661429
N(CCN(CCC(=O)OCCOC(=O)C(C)CSCCCCCCCCCCCC)(CCC(=O)OCCOC(=O)C(C)CSCCCCCCCCCCCC))(CCN(CCC(=O)OCCOC(=O)C(C)CSCCCCCCCCCCCC)(CCC(=O)OCCOC(=O)C(C)CSCCCCCCCCCCCC))CCN(CCC(=O)OCCOC(=O)C(C)CSCCCCCCCCCCCC)CCC(=O)OCCOC(=O)C(C)CSCCCCCCCCCCCC,0.2962479470678378
N(CCN(CCC(=O)OCCOC(=O)C(C)CSCCCCCCCCCCCCCC)(CCC(=O)OCCOC(=O)C(C)CSCCCCCCCCCCCCCC))(CCN(CCC(=O)OCCOC(=O)C(C)CSCCCCCCCCCCCCCC)(CCC(=O)OCCOC(=O)C(C)CSCCCCCCCCCCCCCC))CCN(CCC(=O)OCCOC(=O)C(C)CSCCCCCCCCCCCCCC)CCC(=O)OCCOC(=O)C(C)CSCCCCCCCCCCCCCC,0.2952874785879314
N(CCN(CCC(=O)OCCOC(=O)C(C)CSCCCCCCCCCCCCCCCC)(CCC(=O)OCCOC(=O)C(C)CSCCCCCCCCCCCCCCCC))(CCN(CCC(=O)OCCOC(=O)C(C)CSCCCCCCCCCCCCCCCC)(CCC(=O)OCCOC(=O)C(C)CSCCCCCCCCCCCCCCCC))CCN(CCC(=O)OCCOC(=O)C(C)CSCCCCCCCCCCCCCCCC)CCC(=O)OCCOC(=O)C(C)CSCCCCCCCCCCCCCCCC,0.29434458295035776
N(CCN(CCC(=O)OCCOC(=O)C(C)CSCCCCCCCCCCCCCCCCCC)(CCC(=O)OCCOC(=O)C(C)CSCCCCCCCCCCCCCCCCCC))(CCN(CCC(=O)OCCOC(=O)C(C)CSCCCCCCCCCCCCCCCCCC)(CCC(=O)OCCOC(=O)C(C)CSCCCCCCCCCCCCCCCCCC))CCN(CCC(=O)OCCOC(=O)C(C)CSCCCCCCCCCCCCCCCCCC)CCC(=O)OCCOC(=O)C(C)CSCCCCCCCCCCCCCCCCCC,0.29352262451488903
N(CCN(CCC(=O)OCCOC(=O)C(C)CSCCc5ccccc5)(CCC(=O)OCCOC(=O)C(C)CSCCc5ccccc5))(CCN(CCC(=O)OCCOC(=O)C(C)CSCCc5ccccc5)(CCC(=O)OCCOC(=O)C(C)CSCCc5ccccc5))CCN(CCC(=O)OCCOC(=O)C(C)CSCCc5ccccc5)CCC(=O)OCCOC(=O)C(C)CSCCc5ccccc5,-0.02749154074542894
N(CCN(CCC(=O)OCCOC(=O)C(C)CSCCC(C)C)(CCC(=O)OCCOC(=O)C(C)CSCCC(C)C))(CCN(CCC(=O)OCCOC(=O)C(C)CSCCC(C)C)(CCC(=O)OCCOC(=O)C(C)CSCCC(C)C))CCN(CCC(=O)OCCOC(=O)C(C)CSCCC(C)C)CCC(=O)OCCOC(=O)C(C)CSCCC(C)C,0.1869839034997642
N(CCN(CCC(=O)OCCOC(=O)C(C)CSCCCC)(CCC(=O)OCCOC(=O)C(C)CSCCCC))(CCN(CCC(=O)OCCOC(=O)C(C)CSCCCC)(CCC(=O)OCCOC(=O)C(C)CSCCCC))CCN(CCC(=O)OCCOC(=O)C(C)CSCCCC)CCC(=O)OCCOC(=O)C(C)CSCCCC,0.2905335591317164
N(CCN(CCC(=O)OCCOC(=O)C(C)CSCCCCC)(CCC(=O)OCCOC(=O)C(C)CSCCCCC))(CCN(CCC(=O)OCCOC(=O)C(C)CSCCCCC)(CCC(=O)OCCOC(=O)C(C)CSCCCCC))CCN(CCC(=O)OCCOC(=O)C(C)CSCCCCC)CCC(=O)OCCOC(=O)C(C)CSCCCCC,0.29756260594764955
N(CCN(CCC(=O)OCCOC(=O)C(C)CSCCCCCC)(CCC(=O)OCCOC(=O)C(C)CSCCCCCC))(CCN(CCC(=O)OCCOC(=O)C(C)CSCCCCCC)(CCC(=O)OCCOC(=O)C(C)CSCCCCCC))CCN(CCC(=O)OCCOC(=O)C(C)CSCCCCCC)CCC(=O)OCCOC(=O)C(C)CSCCCCCC,0.28937309067873146
N(CCN(CCC(=O)OCCOC(=O)C(C)CSCCCCCCC)(CCC(=O)OCCOC(=O)C(C)CSCCCCCCC))(CCN(CCC(=O)OCCOC(=O)C(C)CSCCCCCCC)(CCC(=O)OCCOC(=O)C(C)CSCCCCCCC))CCN(CCC(=O)OCCOC(=O)C(C)CSCCCCCCC)CCC(=O)OCCOC(=O)C(C)CSCCCCCCC,0.2926514921599355
N(CCN(CCC(=O)OCCOC(=O)C(C)CSCCCCCCCC)(CCC(=O)OCCOC(=O)C(C)CSCCCCCCCC))(CCN(CCC(=O)OCCOC(=O)C(C)CSCCCCCCCC)(CCC(=O)OCCOC(=O)C(C)CSCCCCCCCC))CCN(CCC(=O)OCCOC(=O)C(C)CSCCCCCCCC)CCC(=O)OCCOC(=O)C(C)CSCCCCCCCC,0.2988264988385002
N(CCN(CCC(=O)OCCOC(=O)C(C)CSCCCCCCCCC)(CCC(=O)OCCOC(=O)C(C)CSCCCCCCCCC))(CCN(CCC(=O)OCCOC(=O)C(C)CSCCCCCCCCC)(CCC(=O)OCCOC(=O)C(C)CSCCCCCCCCC))CCN(CCC(=O)OCCOC(=O)C(C)CSCCCCCCCCC)CCC(=O)OCCOC(=O)C(C)CSCCCCCCCCC,0.29897531227596363
N(CCN(CCC(=O)OCCOC(=O)C(C)CSCCN(C)C)(CCC(=O)OCCOC(=O)C(C)CSCCN(C)C))(CCN(CCC(=O)OCCOC(=O)C(C)CSCCN(C)C)(CCC(=O)OCCOC(=O)C(C)CSCCN(C)C))CCN(CCC(=O)OCCOC(=O)C(C)CSCCN(C)C)CCC(=O)OCCOC(=O)C(C)CSCCN(C)C,0.1092898166313933
N(CCN(CCC(=O)OCCOC(=O)C(C)CSCCCC(=O)N(C)CCCN(C)C)(CCC(=O)OCCOC(=O)C(C)CSCCCC(=O)N(C)CCCN(C)C))(CCN(CCC(=O)OCCOC(=O)C(C)CSCCCC(=O)N(C)CCCN(C)C)(CCC(=O)OCCOC(=O)C(C)CSCCCC(=O)N(C)CCCN(C)C))CCN(CCC(=O)OCCOC(=O)C(C)CSCCCC(=O)N(C)CCCN(C)C)CCC(=O)OCCOC(=O)C(C)CSCCCC(=O)N(C)CCCN(C)C,0.17097346708473687
N(CCN(CCC(=O)OCCOC(=O)C(C)CSCCCC(=O)N(C)CCN5(CCCCC5))(CCC(=O)OCCOC(=O)C(C)CSCCCC(=O)N(C)CCN5(CCCCC5)))(CCN(CCC(=O)OCCOC(=O)C(C)CSCCCC(=O)N(C)CCN5(CCCCC5))(CCC(=O)OCCOC(=O)C(C)CSCCCC(=O)N(C)CCN5(CCCCC5)))CCN(CCC(=O)OCCOC(=O)C(C)CSCCCC(=O)N(C)CCN5(CCCCC5))CCC(=O)OCCOC(=O)C(C)CSCCCC(=O)N(C)CCN5(CCCCC5),0.1709725659133352
N(CCN(CCC(=O)OCCOC(=O)C(C)CSCCNCCCC)(CCC(=O)OCCOC(=O)C(C)CSCCNCCCC))(CCN(CCC(=O)OCCOC(=O)C(C)CSCCNCCCC)(CCC(=O)OCCOC(=O)C(C)CSCCNCCCC))CCN(CCC(=O)OCCOC(=O)C(C)CSCCNCCCC)CCC(=O)OCCOC(=O)C(C)CSCCNCCCC,0.2528847807810546
N(CCN(CCC(=O)OCCOC(=O)C(C)CSCCN(CC)CC)(CCC(=O)OCCOC(=O)C(C)CSCCN(CC)CC))(CCN(CCC(=O)OCCOC(=O)C(C)CSCCN(CC)CC)(CCC(=O)OCCOC(=O)C(C)CSCCN(CC)CC))CCN(CCC(=O)OCCOC(=O)C(C)CSCCN(CC)CC)CCC(=O)OCCOC(=O)C(C)CSCCN(CC)CC,0.14048099597144817
N(CCN(CCC(=O)OCCOC(=O)C(C)CSCCN5CCCC5)(CCC(=O)OCCOC(=O)C(C)CSCCN5CCCC5))(CCN(CCC(=O)OCCOC(=O)C(C)CSCCN5CCCC5)(CCC(=O)OCCOC(=O)C(C)CSCCN5CCCC5))CCN(CCC(=O)OCCOC(=O)C(C)CSCCN5CCCC5)CCC(=O)OCCOC(=O)C(C)CSCCN5CCCC5,0.13821390405672834
N(CCN(CCC(=O)OCCOC(=O)C(C)CSCCN5CCCCC5)(CCC(=O)OCCOC(=O)C(C)CSCCN5CCCCC5))(CCN(CCC(=O)OCCOC(=O)C(C)CSCCN5CCCCC5)(CCC(=O)OCCOC(=O)C(C)CSCCN5CCCCC5))CCN(CCC(=O)OCCOC(=O)C(C)CSCCN5CCCCC5)CCC(=O)OCCOC(=O)C(C)CSCCN5CCCCC5,0.13514305736885363
N(CCN(CCC(=O)OCCOC(=O)C(C)CSCCN5CCCCCC5)(CCC(=O)OCCOC(=O)C(C)CSCCN5CCCCCC5))(CCN(CCC(=O)OCCOC(=O)C(C)CSCCN5CCCCCC5)(CCC(=O)OCCOC(=O)C(C)CSCCN5CCCCCC5))CCN(CCC(=O)OCCOC(=O)C(C)CSCCN5CCCCCC5)CCC(=O)OCCOC(=O)C(C)CSCCN5CCCCCC5,0.13117088908406924
N(CCN(CCC(=O)OCCOC(=O)C(C)CSCCN(CCC)CCC)(CCC(=O)OCCOC(=O)C(C)CSCCN(CCC)CCC))(CCN(CCC(=O)OCCOC(=O)C(C)CSCCN(CCC)CCC)(CCC(=O)OCCOC(=O)C(C)CSCCN(CCC)CCC))CCN(CCC(=O)OCCOC(=O)C(C)CSCCN(CCC)CCC)CCC(=O)OCCOC(=O)C(C)CSCCN(CCC)CCC,0.14693737840066287
N(CCN(CCC(=O)OCCOC(=O)C(C)CSCCN(CCCC)CCCC)(CCC(=O)OCCOC(=O)C(C)CSCCN(CCCC)CCCC))(CCN(CCC(=O)OCCOC(=O)C(C)CSCCN(CCCC)CCCC)(CCC(=O)OCCOC(=O)C(C)CSCCN(CCCC)CCCC))CCN(CCC(=O)OCCOC(=O)C(C)CSCCN(CCCC)CCCC)CCC(=O)OCCOC(=O)C(C)CSCCN(CCCC)CCCC,0.24059000923084795
N(CCN(CCC(=O)OCCOC(=O)C(C)CSCCCC(=O)N5CCN(CCO)CC5)(CCC(=O)OCCOC(=O)C(C)CSCCCC(=O)N5CCN(CCO)CC5))(CCN(CCC(=O)OCCOC(=O)C(C)CSCCCC(=O)N5CCN(CCO)CC5)(CCC(=O)OCCOC(=O)C(C)CSCCCC(=O)N5CCN(CCO)CC5))CCN(CCC(=O)OCCOC(=O)C(C)CSCCCC(=O)N5CCN(CCO)CC5)CCC(=O)OCCOC(=O)C(C)CSCCCC(=O)N5CCN(CCO)CC5,0.05816064057590967
N(CCN(CCC(=O)OCCOC(=O)C(C)CSCCC(O)=O)(CCC(=O)OCCOC(=O)C(C)CSCCC(O)=O))(CCN(CCC(=O)OCCOC(=O)C(C)CSCCC(O)=O)(CCC(=O)OCCOC(=O)C(C)CSCCC(O)=O))CCN(CCC(=O)OCCOC(=O)C(C)CSCCC(O)=O)CCC(=O)OCCOC(=O)C(C)CSCCC(O)=O,0.18834739085002344
N(CCN(CCC(=O)OCCOC(=O)C(C)CSCCCCCC(O)=O)(CCC(=O)OCCOC(=O)C(C)CSCCCCCC(O)=O))(CCN(CCC(=O)OCCOC(=O)C(C)CSCCCCCC(O)=O)(CCC(=O)OCCOC(=O)C(C)CSCCCCCC(O)=O))CCN(CCC(=O)OCCOC(=O)C(C)CSCCCCCC(O)=O)CCC(=O)OCCOC(=O)C(C)CSCCCCCC(O)=O,0.23603530873249678
N(CCN(CCC(=O)OCCOC(=O)C(C)CSCCCCCCCCCCC(O)=O)(CCC(=O)OCCOC(=O)C(C)CSCCCCCCCCCCC(O)=O))(CCN(CCC(=O)OCCOC(=O)C(C)CSCCCCCCCCCCC(O)=O)(CCC(=O)OCCOC(=O)C(C)CSCCCCCCCCCCC(O)=O))CCN(CCC(=O)OCCOC(=O)C(C)CSCCCCCCCCCCC(O)=O)CCC(=O)OCCOC(=O)C(C)CSCCCCCCCCCCC(O)=O,0.24872106851484396
N(CCN(CCC(=O)OCCOC(=O)C(C)CSCCO)(CCC(=O)OCCOC(=O)C(C)CSCCO))(CCN(CCC(=O)OCCOC(=O)C(C)CSCCO)(CCC(=O)OCCOC(=O)C(C)CSCCO))CCN(CCC(=O)OCCOC(=O)C(C)CSCCO)CCC(=O)OCCOC(=O)C(C)CSCCO,0.13453123708473239
N(CCN(CCC(=O)OCCOC(=O)C(C)CSCC(O)CO)(CCC(=O)OCCOC(=O)C(C)CSCC(O)CO))(CCN(CCC(=O)OCCOC(=O)C(C)CSCC(O)CO)(CCC(=O)OCCOC(=O)C(C)CSCC(O)CO))CCN(CCC(=O)OCCOC(=O)C(C)CSCC(O)CO)CCC(=O)OCCOC(=O)C(C)CSCC(O)CO,0.04205898308574767
N(CCN(CCC(=O)OCCOC(=O)C(C)CSCCCO)(CCC(=O)OCCOC(=O)C(C)CSCCCO))(CCN(CCC(=O)OCCOC(=O)C(C)CSCCCO)(CCC(=O)OCCOC(=O)C(C)CSCCCO))CCN(CCC(=O)OCCOC(=O)C(C)CSCCCO)CCC(=O)OCCOC(=O)C(C)CSCCCO,0.17401947148097205
N(CCN(CCC(=O)OCCOC(=O)C(C)CSCCCCO)(CCC(=O)OCCOC(=O)C(C)CSCCCCO))(CCN(CCC(=O)OCCOC(=O)C(C)CSCCCCO)(CCC(=O)OCCOC(=O)C(C)CSCCCCO))CCN(CCC(=O)OCCOC(=O)C(C)CSCCCCO)CCC(=O)OCCOC(=O)C(C)CSCCCCO,0.1992886329939594
N(CCN(CCC(=O)OCCOC(=O)C(C)CSCCCCCCO)(CCC(=O)OCCOC(=O)C(C)CSCCCCCCO))(CCN(CCC(=O)OCCOC(=O)C(C)CSCCCCCCO)(CCC(=O)OCCOC(=O)C(C)CSCCCCCCO))CCN(CCC(=O)OCCOC(=O)C(C)CSCCCCCCO)CCC(=O)OCCOC(=O)C(C)CSCCCCCCO,0.2021094496764391
N(CCN(CCC(=O)OCCOC(=O)C(C)CSCCCCCCCCCCCO)(CCC(=O)OCCOC(=O)C(C)CSCCCCCCCCCCCO))(CCN(CCC(=O)OCCOC(=O)C(C)CSCCCCCCCCCCCO)(CCC(=O)OCCOC(=O)C(C)CSCCCCCCCCCCCO))CCN(CCC(=O)OCCOC(=O)C(C)CSCCCCCCCCCCCO)CCC(=O)OCCOC(=O)C(C)CSCCCCCCCCCCCO,0.23651437144962778
