smiles,quantified_delivery
C=CCCN(CCC(=O)OCCCCCCCCCCCCCC)CCC(=O)OCCCCCCCCCCCCCC,0.11694366576408448
CCCCCCCCCCCCCCOC(=O)CCN(C)c1ccccc1N(CCC(=O)OCCCCCCCCCCCCCC)CCC(=O)OCCCCCCCCCCCCCC,0.14717847910491078
CCCCCCCCCCCCCCOC(=O)CCN(C)CCN(CCN(C)CCC(=O)OCCCCCCCCCCCCCC)CCN(C)CCC(=O)OCCCCCCCCCCCCCC,0.11346515643397763
CCCCCCCCCCCCCCOC(=O)CCN(C)CCOCCOCCN(C)CCC(=O)OCCCCCCCCCCCCCC,0.10832311463446215
CCCCCCCCCCCCCCOC(=O)CCN(C)CCOCCOCCN(C)CCC(=O)OCCCCCCCCCCCCCC,0.10832311463446215
CCCCCCCCCCCCCCOC(=O)CCN(CC)CCN(CCC(=O)OCCCCCCCCCCCCCC)CCC(=O)OCCCCCCCCCCCCCC,0.1156353872148161
CCCCCCCCCCCCCCOC(=O)CCN(CCC(=O)OCCCCCCCCCCCCCC)C(C)c1ccc(C)cc1,0.1384671239639708
CCCCCCCCCCCCCCOC(=O)CCN(CCC(=O)OCCCCCCCCCCCCCC)C(CO)C(C)(C)C,0.1182467853333995
CCCCCCCCCCCCCCOC(=O)CCN(CCC(=O)OCCCCCCCCCCCCCC)C[C@@H](C)O,0.11175302368954602
CCCCCCCCCCCCCCOC(=O)CCN(CCC(=O)OCCCCCCCCCCCCCC)C1CC1,0.12660070964358305
CCCCCCCCCCCCCCOC(=O)CCN(CCC(=O)OCCCCCCCCCCCCCC)c1ccc(-c2ccc(N(CCC(=O)OCCCCCCCCCCCCCC)CCC(=O)OCCCCCCCCCCCCCC)c(N(CCC(=O)OCCCCCCCCCCCCCC)CCC(=O)OCCCCCCCCCCCCCC)c2)cc1N(CCC(=O)OCCCCCCCCCCCCCC)CCC(=O)OCCCCCCCCCCCCCC,0.1510866002540809
CCCCCCCCCCCCCCOC(=O)CCN(CCC(=O)OCCCCCCCCCCCCCC)c1ccc(-c2ccccc2)cc1,0.16885063819229645
CCCCCCCCCCCCCCOC(=O)CCN(CCC(=O)OCCCCCCCCCCCCCC)c1ccc(C)c(F)c1,0.1454975462609196
CCCCCCCCCCCCCCOC(=O)CCN(CCC(=O)OCCCCCCCCCCCCCC)c1ccc(N(CCC(=O)OCCCCCCCCCCCCCC)c2ccccc2)cc1,0.16129902472693905
CCCCCCCCCCCCCCOC(=O)CCN(CCC(=O)OCCCCCCCCCCCCCC)c1ccc(OC)c(F)c1,0.15019299335649647
CCCCCCCCCCCCCCOC(=O)CCN(CCC(=O)OCCCCCCCCCCCCCC)c1ccc2c(c1)CCCC2,0.1654679874810338
CCCCCCCCCCCCCCOC(=O)CCN(CCC(=O)OCCCCCCCCCCCCCC)c1ccc2c(c1)OCCO2,0.16921026084401572
CCCCCCCCCCCCCCOC(=O)CCN(CCC(=O)OCCCCCCCCCCCCCC)c1cccc(C)c1N(CCC(=O)OCCCCCCCCCCCCCC)CCC(=O)OCCCCCCCCCCCCCC,0.14619834746550756
CCCCCCCCCCCCCCOC(=O)CCN(CCC(=O)OCCCCCCCCCCCCCC)CC(CC)CCCC,0.11280805745552629
CCCCCCCCCCCCCCOC(=O)CCN(CCC(=O)OCCCCCCCCCCCCCC)CCC1CCC(C)CC1,0.11936931078365387
CCCCCCCCCCCCCCOC(=O)CCN(CCC(=O)OCCCCCCCCCCCCCC)CCN(CCC(=O)OCCCCCCCCCCCCCC)Cc1ccccc1,0.1374896165455843
CCCCCCCCCCCCCCOC(=O)CCN(CCC(=O)OCCCCCCCCCCCCCC)CCN(CCC(=O)OCCCCCCCCCCCCCC)CCC(=O)OCCCCCCCCCCCCCC,0.11824175309139298
CCCCCCCCCCCCCCOC(=O)CCN(CCC(=O)OCCCCCCCCCCCCCC)CCN(CCC(=O)OCCCCCCCCCCCCCC)CCN(CC)CC,0.11657637173899527
CCCCCCCCCCCCCCOC(=O)CCN(CCC(=O)OCCCCCCCCCCCCCC)CCN(CCC(=O)OCCCCCCCCCCCCCC)CCN(CCC(=O)OCCCCCCCCCCCCCC)CCN(CCC(=O)OCCCCCCCCCCCCCC)CCN(CCC(=O)OCCCCCCCCCCCCCC)CCC(=O)OCCCCCCCCCCCCCC,0.12161880496747504
CCCCCCCCCCCCCCOC(=O)CCN(CCC(=O)OCCCCCCCCCCCCCC)CCN(CCC(=O)OCCCCCCCCCCCCCC)CCN(CCC(=O)OCCCCCCCCCCCCCC)CCN(CCC(=O)OCCCCCCCCCCCCCC)CCN(CCC(=O)OCCCCCCCCCCCCCC)CCN(CCC(=O)OCCCCCCCCCCCCCC)CCC(=O)OCCCCCCCCCCCCCC,0.12221310156568503
CCCCCCCCCCCCCCOC(=O)CCN(CCC(=O)OCCCCCCCCCCCCCC)CCN(CCC(=O)OCCCCCCCCCCCCCC)CCN1CCN(CCN(CCC(=O)OCCCCCCCCCCCCCC)CCC(=O)OCCCCCCCCCCCCCC)CC1,0.1267946037918876
CCCCCCCCCCCCCCOC(=O)CCN(CCC)CCCN(CCC(=O)OCCCCCCCCCCCCCC)CCC(=O)OCCCCCCCCCCCCCC,0.11720590894159758
CCCCCCCCCCCCCCOC(=O)CCN(CCCc1ccccc1)CCC(=O)OCCCCCCCCCCCCCC,0.13837673744236037
CCCCCCCCCCCCCCOC(=O)CCN(CCCCCCCCN(CCC(=O)OCCCCCCCCCCCCCC)CCC(=O)OCCCCCCCCCCCCCC)CCC(=O)OCCCCCCCCCCCCCC,0.11723668389715745
CCCCCCCCCCCCCCOC(=O)CCN(CCCCCO)CCC(=O)OCCCCCCCCCCCCCC,0.1142507676905155
CCCCCCCCCCCCCCOC(=O)CCN(CCCN(C)C)CCC(=O)OCCCCCCCCCCCCCC,0.11088630760220974
CCCCCCCCCCCCCCOC(=O)CCN(CCCN(C)C)CCC(=O)OCCCCCCCCCCCCCC,0.11088630760220974
CCCCCCCCCCCCCCOC(=O)CCN(CCCOCCOCCOCCCN(CCC(=O)OCCCCCCCCCCCCCC)CCC(=O)OCCCCCCCCCCCCCC)CCC(=O)OCCCCCCCCCCCCCC,0.1175477137290271
CCCCCCCCCCCCCCOC(=O)CCN1CC[C@@H](N(CCC(=O)OCCCCCCCCCCCCCC)CCC(=O)OCCCCCCCCCCCCCC)C1,0.12803263969791828
CCCCCCCCCCCCCCOC(=O)CCN1CCCN(CCC(=O)OCCCCCCCCCCCCCC)CCCN(CCC(=O)OCCCCCCCCCCCCCC)CCN(CCC(=O)OCCCCCCCCCCCCCC)CCC1,0.1269493731904881
CCCCCCCCCCCCCOC(=O)CCN(CC)CCN(CCC(=O)OCCCCCCCCCCCCC)CCC(=O)OCCCCCCCCCCCCC,0.11639065591584799
CCCCCCCCCCCCCOC(=O)CCN(CCC(=O)OCCCCCCCCCCCCC)[C@@H](c1ccccc1)[C@@H](c1ccccc1)N(CCC(=O)OCCCCCCCCCCCCC)CCC(=O)OCCCCCCCCCCCCC,0.1488623492871991
CCCCCCCCCCCCCOC(=O)CCN(CCC(=O)OCCCCCCCCCCCCC)[C@H]1CCCC[C@H]1N(CCC(=O)OCCCCCCCCCCCCC)CCC(=O)OCCCCCCCCCCCCC,0.12771861288636477
CCCCCCCCCCCCCOC(=O)CCN(CCC(=O)OCCCCCCCCCCCCC)C[C@@H]1CCCN1CC,0.1305769710771081
CCCCCCCCCCCCCOC(=O)CCN(CCC(=O)OCCCCCCCCCCCCC)c1c(-c2ccccc2)cc(-c2ccccc2)cc1-c1ccccc1,0.1924037076934257
CCCCCCCCCCCCCOC(=O)CCN(CCC(=O)OCCCCCCCCCCCCC)c1c(F)cc(F)cc1F,0.1513743997658138
CCCCCCCCCCCCCOC(=O)CCN(CCC(=O)OCCCCCCCCCCCCC)c1c(N(CCC(=O)OCCCCCCCCCCCCC)CCC(=O)OCCCCCCCCCCCCC)c2ccccc2c2ccccc12,0.175816304853588
CCCCCCCCCCCCCOC(=O)CCN(CCC(=O)OCCCCCCCCCCCCC)c1cc(C(C)(C)C)ccc1OC,0.15191531732288796
CCCCCCCCCCCCCOC(=O)CCN(CCC(=O)OCCCCCCCCCCCCC)c1cc(C)c(C)cc1N(CCC(=O)OCCCCCCCCCCCCC)CCC(=O)OCCCCCCCCCCCCC,0.14663517589236685
CCCCCCCCCCCCCOC(=O)CCN(CCC(=O)OCCCCCCCCCCCCC)c1cc(F)ccc1F,0.15040546579677175
CCCCCCCCCCCCCOC(=O)CCN(CCC(=O)OCCCCCCCCCCCCC)c1ccc(Cc2ccc(N(CCC(=O)OCCCCCCCCCCCCC)CCC(=O)OCCCCCCCCCCCCC)cc2)cc1,0.1552663879198697
CCCCCCCCCCCCCOC(=O)CCN(CCC(=O)OCCCCCCCCCCCCC)c1ccc(F)cc1,0.14667552329049913
CCCCCCCCCCCCCOC(=O)CCN(CCC(=O)OCCCCCCCCCCCCC)c1ccc(N(CCC(=O)OCCCCCCCCCCCCC)CCC(=O)OCCCCCCCCCCCCC)cc1,0.142683784917114
CCCCCCCCCCCCCOC(=O)CCN(CCC(=O)OCCCCCCCCCCCCC)c1ccc(Oc2ccc(F)cc2)cc1,0.16815526435390216
CCCCCCCCCCCCCOC(=O)CCN(CCC(=O)OCCCCCCCCCCCCC)c1ccc(OCCCCCCCC)cc1,0.14761070023464412
CCCCCCCCCCCCCOC(=O)CCN(CCC(=O)OCCCCCCCCCCCCC)c1cccc(C)c1N(CCC(=O)OCCCCCCCCCCCCC)CCC(=O)OCCCCCCCCCCCCC,0.14805705637303576
CCCCCCCCCCCCCOC(=O)CCN(CCC(=O)OCCCCCCCCCCCCC)C1CCCCC1,0.12514191114451964
CCCCCCCCCCCCCOC(=O)CCN(CCC(=O)OCCCCCCCCCCCCC)c1ccccc1OCC,0.15669816887073806
CCCCCCCCCCCCCOC(=O)CCN(CCC(=O)OCCCCCCCCCCCCC)C1CCCCCCC1,0.12243860564896386
CCCCCCCCCCCCCOC(=O)CCN(CCC(=O)OCCCCCCCCCCCCC)C1CCN(C)CC1,0.12790370993012457
CCCCCCCCCCCCCOC(=O)CCN(CCC(=O)OCCCCCCCCCCCCC)CC[C@H](C)O,0.11134688075616647
CCCCCCCCCCCCCOC(=O)CCN(CCC(=O)OCCCCCCCCCCCCC)CC12C[C@H]3C[C@@H](C1)C[C@@H](C2)C3,0.1520765578119502
CCCCCCCCCCCCCOC(=O)CCN(CCC(=O)OCCCCCCCCCCCCC)CC1CCCC(CN(CCC(=O)OCCCCCCCCCCCCC)CCC(=O)OCCCCCCCCCCCCC)C1,0.1264757311176611
CCCCCCCCCCCCCOC(=O)CCN(CCC(=O)OCCCCCCCCCCCCC)Cc1cccc(CN(CCC(=O)OCCCCCCCCCCCCC)CCC(=O)OCCCCCCCCCCCCC)c1,0.14003203940039835
CCCCCCCCCCCCCOC(=O)CCN(CCC(=O)OCCCCCCCCCCCCC)Cc1cccc(F)c1,0.14433957891659263
CCCCCCCCCCCCCOC(=O)CCN(CCC(=O)OCCCCCCCCCCCCC)Cc1cccc(N(CCC(=O)OCCCCCCCCCCCCC)CCC(=O)OCCCCCCCCCCCCC)c1,0.14172558639768587
CCCCCCCCCCCCCOC(=O)CCN(CCC(=O)OCCCCCCCCCCCCC)CC1CCCCC1,0.1231344417081054
CCCCCCCCCCCCCOC(=O)CCN(CCC(=O)OCCCCCCCCCCCCC)Cc1ccccc1N(CCC(=O)OCCCCCCCCCCCCC)CCC(=O)OCCCCCCCCCCCCC,0.1440610834611918
CCCCCCCCCCCCCOC(=O)CCN(CCC(=O)OCCCCCCCCCCCCC)Cc1ccccc1OC,0.15069378717063864
CCCCCCCCCCCCCOC(=O)CCN(CCC(=O)OCCCCCCCCCCCCC)Cc1ccccc1OCC,0.15192162439953613
CCCCCCCCCCCCCOC(=O)CCN(CCC(=O)OCCCCCCCCCCCCC)CC1CCCN1C,0.1309437059641966
CCCCCCCCCCCCCOC(=O)CCN(CCC(=O)OCCCCCCCCCCCCC)CC1CCCO1,0.12495577037649182
CCCCCCCCCCCCCOC(=O)CCN(CCC(=O)OCCCCCCCCCCCCC)CCC(C)C,0.11051738089415843
CCCCCCCCCCCCCOC(=O)CCN(CCC(=O)OCCCCCCCCCCCCC)CCC1OCCO1,0.12474586251584653
CCCCCCCCCCCCCOC(=O)CCN(CCC(=O)OCCCCCCCCCCCCC)CCN(C)C,0.11143639502249579
CCCCCCCCCCCCCOC(=O)CCN(CCC(=O)OCCCCCCCCCCCCC)CCN(C)CCN(CCC(=O)OCCCCCCCCCCCCC)CCC(=O)OCCCCCCCCCCCCC,0.11862570942890378
CCCCCCCCCCCCCOC(=O)CCN(CCC(=O)OCCCCCCCCCCCCC)CCN(CCC(=O)OCCCCCCCCCCCCC)CCN(CCC(=O)OCCCCCCCCCCCCC)CCC(=O)OCCCCCCCCCCCCC,0.12078903671922664
CCCCCCCCCCCCCOC(=O)CCN(CCC(=O)OCCCCCCCCCCCCC)CCN(CCCCCCCCCCCC)CCN(CCC(=O)OCCCCCCCCCCCCC)CCC(=O)OCCCCCCCCCCCCC,0.11885696145083006
CCCCCCCCCCCCCOC(=O)CCN(CCC(=O)OCCCCCCCCCCCCC)CCN1CCCCC1,0.12494084511945915
CCCCCCCCCCCCCOC(=O)CCN(CCC)CCC(=O)OCCCCCCCCCCCCC,0.11338924785899929
CCCCCCCCCCCCCOC(=O)CCN(CCC)CCCN(CCC(=O)OCCCCCCCCCCCCC)CCC(=O)OCCCCCCCCCCCCC,0.11800678839314188
CCCCCCCCCCCCCOC(=O)CCN(CCCCCCCCN(CCC(=O)OCCCCCCCCCCCCC)CCC(=O)OCCCCCCCCCCCCC)CCC(=O)OCCCCCCCCCCCCC,0.1179313569492575
CCCCCCCCCCCCCOC(=O)CCN(CCCCO)CCC(=O)OCCCCCCCCCCCCC,0.11512187487495079
CCCCCCCCCCCCCOC(=O)CCN(CCCN(CCC(=O)OCCCCCCCCCCCCC)CCC(=O)OCCCCCCCCCCCCC)CCCN(CCC(=O)OCCCCCCCCCCCCC)CCC(=O)OCCCCCCCCCCCCC,0.12067706747078824
CCCCCCCCCCCCCOC(=O)CCN(CCCN(CCC(=O)OCCCCCCCCCCCCC)CCN(CCC(=O)OCCCCCCCCCCCCC)CCC(=O)OCCCCCCCCCCCCC)CCN(CCC(=O)OCCCCCCCCCCCCC)CCC(=O)OCCCCCCCCCCCCC,0.1218980161195168
CCCCCCCCCCCCCOC(=O)CCN(CCCN1CCN(CCCN(CCC(=O)OCCCCCCCCCCCCC)CCC(=O)OCCCCCCCCCCCCC)CC1)CCC(=O)OCCCCCCCCCCCCC,0.12802982164239463
CCCCCCCCCCCCCOC(=O)CCN(CCCn1ccnc1)CCC(=O)OCCCCCCCCCCCCC,0.1411258624332822
CCCCCCCCCCCCCOC(=O)CCN(CCCN1CCOCC1)CCC(=O)OCCCCCCCCCCCCC,0.1272577191599543
CCCCCCCCCCCCCOC(=O)CCN(CCN(CCC(=O)OCCCCCCCCCCCCC)C(C)C)C(C)C,0.10993312641444145
CCCCCCCCCCCCCOC(=O)CCN(CCOCC)CCC(=O)OCCCCCCCCCCCCC,0.11383654334923214
CCCCCCCCCCCCCOC(=O)CCN(CCOCCN1CCCC1)CCC(=O)OCCCCCCCCCCCCC,0.12480085187442445
CCCCCCCCCCCCCOC(=O)CCN1CCC(N(CCC(=O)OCCCCCCCCCCCCC)CCC(=O)OCCCCCCCCCCCCC)CC1,0.12817698676418532
CCCCCCCCCCCCCOC(=O)CCN1CCCN(CCC(=O)OCCCCCCCCCCCCC)CCN(CCC(=O)OCCCCCCCCCCCCC)CCN(CCC(=O)OCCCCCCCCCCCCC)CC1,0.12947124958756884
CCCCCCCCCCCCCOC(=O)CCN1CCN(CCC(=O)OCCCCCCCCCCCCC)[C@H](C)C1,0.1308317739916249
CCCCCCCCCCCCCOC(=O)CCN1CCN(CCC(=O)OCCCCCCCCCCCCC)C2C1N(CCC(=O)OCCCCCCCCCCCCC)CCN2CCC(=O)OCCCCCCCCCCCCC,0.14485822041571794
CCCCCCCCCCCCOC(=O)CCN(C)CCCN(CCC(=O)OCCCCCCCCCCCC)CCC(=O)OCCCCCCCCCCCC,0.11582503936948849
CCCCCCCCCCCCOC(=O)CCN(C)CCN(C)CCC(=O)OCCCCCCCCCCCC,0.10838898854612082
CCCCCCCCCCCCOC(=O)CCN(CC(C)N(CCC(=O)OCCCCCCCCCCCC)CCC(=O)OCCCCCCCCCCCC)CC(C)N(CCC(=O)OCCCCCCCCCCCC)CCC(=O)OCCCCCCCCCCCC,0.11946005515358478
CCCCCCCCCCCCOC(=O)CCN(CC)CCN(CC)CCC(=O)OCCCCCCCCCCCC,0.11223248079758055
CCCCCCCCCCCCOC(=O)CCN(CCC(=O)OCCCCCCCCCCCC)C[C@H]1CCCN1CC,0.1328285825301587
CCCCCCCCCCCCOC(=O)CCN(CCC(=O)OCCCCCCCCCCCC)c1c(C)c(C)c(N(CCC(=O)OCCCCCCCCCCCC)CCC(=O)OCCCCCCCCCCCC)c(C)c1C,0.15515576805780637
CCCCCCCCCCCCOC(=O)CCN(CCC(=O)OCCCCCCCCCCCC)c1c(N(CCC(=O)OCCCCCCCCCCCC)CCC(=O)OCCCCCCCCCCCC)c2ccccc2c2ccccc12,0.1775032912983337
CCCCCCCCCCCCOC(=O)CCN(CCC(=O)OCCCCCCCCCCCC)c1cc(C(C)(C)C)ccc1OC,0.15263079030861493
CCCCCCCCCCCCOC(=O)CCN(CCC(=O)OCCCCCCCCCCCC)c1ccc(-c2ccccc2)cc1,0.17115562868648285
CCCCCCCCCCCCOC(=O)CCN(CCC(=O)OCCCCCCCCCCCC)c1ccc(F)cc1,0.14837199271573712
CCCCCCCCCCCCOC(=O)CCN(CCC(=O)OCCCCCCCCCCCC)c1ccc(OC(F)(F)F)cc1,0.15282270138081025
CCCCCCCCCCCCOC(=O)CCN(CCC(=O)OCCCCCCCCCCCC)C1CCC1,0.12932253378972283
CCCCCCCCCCCCOC(=O)CCN(CCC(=O)OCCCCCCCCCCCC)c1cccc(OC(C)C)c1,0.1525742204532883
CCCCCCCCCCCCOC(=O)CCN(CCC(=O)OCCCCCCCCCCCC)c1ccccc1Oc1ccccc1,0.17462247812548126
CCCCCCCCCCCCOC(=O)CCN(CCC(=O)OCCCCCCCCCCCC)c1ccccc1OCC,0.15800598519925918
CCCCCCCCCCCCOC(=O)CCN(CCC(=O)OCCCCCCCCCCCC)C1CCCCCCC1,0.12371631798752596
CCCCCCCCCCCCOC(=O)CCN(CCC(=O)OCCCCCCCCCCCC)CC(C)N(CCC(=O)OCCCCCCCCCCCC)CCC(=O)OCCCCCCCCCCCC,0.11830767173409172
CCCCCCCCCCCCOC(=O)CCN(CCC(=O)OCCCCCCCCCCCC)CC1CCCC(CN(CCC(=O)OCCCCCCCCCCCC)CCC(=O)OCCCCCCCCCCCC)C1,0.1281111277628733
CCCCCCCCCCCCOC(=O)CCN(CCC(=O)OCCCCCCCCCCCC)Cc1cccc(CN(CCC(=O)OCCCCCCCCCCCC)CCC(=O)OCCCCCCCCCCCC)c1,0.14140452190249655
CCCCCCCCCCCCOC(=O)CCN(CCC(=O)OCCCCCCCCCCCC)Cc1cccc(N(CCC(=O)OCCCCCCCCCCCC)CCC(=O)OCCCCCCCCCCCC)c1,0.14322049775642273
CCCCCCCCCCCCOC(=O)CCN(CCC(=O)OCCCCCCCCCCCC)CC1CCCCC1,0.1243715382622949
CCCCCCCCCCCCOC(=O)CCN(CCC(=O)OCCCCCCCCCCCC)CC1CCCN1C,0.13275491050718324
CCCCCCCCCCCCOC(=O)CCN(CCC(=O)OCCCCCCCCCCCC)CC1CCCO1,0.12641662650339788
CCCCCCCCCCCCOC(=O)CCN(CCC(=O)OCCCCCCCCCCCC)CC1CCN(C)CC1,0.12914906681637808
CCCCCCCCCCCCOC(=O)CCN(CCC(=O)OCCCCCCCCCCCC)Cc1nccn1C,0.14864142268035288
CCCCCCCCCCCCOC(=O)CCN(CCC(=O)OCCCCCCCCCCCC)CCC(c1ccccc1)c1ccccc1,0.16205790173186893
CCCCCCCCCCCCOC(=O)CCN(CCC(=O)OCCCCCCCCCCCC)CCc1ccc(OC)cc1,0.14737860577813008
CCCCCCCCCCCCOC(=O)CCN(CCC(=O)OCCCCCCCCCCCC)CCN(C)CCN(C)CCN(CCC(=O)OCCCCCCCCCCCC)CCC(=O)OCCCCCCCCCCCC,0.11913616514769847
CCCCCCCCCCCCOC(=O)CCN(CCC(=O)OCCCCCCCCCCCC)CCN(CCC(=O)OCCCCCCCCCCCC)C(C)C,0.11607209635890192
CCCCCCCCCCCCOC(=O)CCN(CCC(=O)OCCCCCCCCCCCC)CCN(CCC(=O)OCCCCCCCCCCCC)CCN(CC)CC,0.11797183854050994
CCCCCCCCCCCCOC(=O)CCN(CCC(=O)OCCCCCCCCCCCC)CCN(CCCCCCCCCCCC)CCN(CCC(=O)OCCCCCCCCCCCC)CCC(=O)OCCCCCCCCCCCC,0.11968348669867426
CCCCCCCCCCCCOC(=O)CCN(CCC(=O)OCCCCCCCCCCCC)CCN1CCN(CCC(=O)OCCCCCCCCCCCC)CC1,0.13077790290904845
CCCCCCCCCCCCOC(=O)CCN(CCCCC)CCC(=O)OCCCCCCCCCCCC,0.11390246199193088
CCCCCCCCCCCCOC(=O)CCN(CCCN(CCC(=O)OCCCCCCCCCCCC)CCC(=O)OCCCCCCCCCCCC)CCCN(CCC(=O)OCCCCCCCCCCCC)CCC(=O)OCCCCCCCCCCCC,0.12180458043200906
CCCCCCCCCCCCOC(=O)CCN(CCCn1ccnc1)CCC(=O)OCCCCCCCCCCCC,0.14255656983918918
CCCCCCCCCCCCOC(=O)CCN(CCCOC(C)C)CCC(=O)OCCCCCCCCCCCC,0.1113141450900174
CCCCCCCCCCCCOC(=O)CCN(CCO)CCC(=O)OCCCCCCCCCCCC,0.1160901453335653
CCCCCCCCCCCCOC(=O)CCN(CCOCC)CCC(=O)OCCCCCCCCCCCC,0.11433051567976549
CCCCCCCCCCCCOC(=O)CCN(CCOCCN1CCCC1)CCC(=O)OCCCCCCCCCCCC,0.1261861423643259
CCCCCCCCCCCCOC(=O)CCN(CCOCCO)CCC(=O)OCCCCCCCCCCCC,0.11619061870470881
CCCCCCCCCCCCOC(=O)CCN(CCOCCO)CCC(=O)OCCCCCCCCCCCC,0.11619061870470881
CCCCCCCCCCCCOC(=O)CCN(CCOCCOCCOCCN(CCC(=O)OCCCCCCCCCCCC)CCC(=O)OCCCCCCCCCCCC)CCC(=O)OCCCCCCCCCCCC,0.11908800472790274
CCCCCCCCCCCCOC(=O)CCN1CCCN(CCC(=O)OCCCCCCCCCCCC)CCN(CCC(=O)OCCCCCCCCCCCC)CCN(CCC(=O)OCCCCCCCCCCCC)CC1,0.13132323392874165
CCCCCCCCCCCCOC(=O)CCN1CCN(CCC(=O)OCCCCCCCCCCCC)C(c2ccccc2)C1,0.16292592247454024
CCCCCCCCCCCOC(=O)CCN(CC)CCCN(CC)CCC(=O)OCCCCCCCCCCC,0.1127423401025078
CCCCCCCCCCCOC(=O)CCN(CCC(=O)OCCCCCCCCCCC)[C@H]1CCCC[C@H]1N(CCC(=O)OCCCCCCCCCCC)CCC(=O)OCCCCCCCCCCC,0.13127358247427734
CCCCCCCCCCCOC(=O)CCN(CCC(=O)OCCCCCCCCCCC)C(C)(C)CC(C)(C)C,0.11327036766487193
CCCCCCCCCCCOC(=O)CCN(CCC(=O)OCCCCCCCCCCC)C(C)C,0.10878539502311442
CCCCCCCCCCCOC(=O)CCN(CCC(=O)OCCCCCCCCCCC)C(C)CO,0.11200014032034619
CCCCCCCCCCCOC(=O)CCN(CCC(=O)OCCCCCCCCCCC)C(CC)CC,0.1125627077008084
CCCCCCCCCCCOC(=O)CCN(CCC(=O)OCCCCCCCCCCC)c1c(C)c(C)c(N(CCC(=O)OCCCCCCCCCCC)CCC(=O)OCCCCCCCCCCC)c(C)c1C,0.15649464263847437
CCCCCCCCCCCOC(=O)CCN(CCC(=O)OCCCCCCCCCCC)c1c(CC)cccc1CC,0.16036384778279408
CCCCCCCCCCCOC(=O)CCN(CCC(=O)OCCCCCCCCCCC)c1c(F)cc(F)cc1F,0.15440000731533385
CCCCCCCCCCCOC(=O)CCN(CCC(=O)OCCCCCCCCCCC)c1cc(C(C)(C)C)ccc1C(C)(C)C,0.14991852369470085
CCCCCCCCCCCOC(=O)CCN(CCC(=O)OCCCCCCCCCCC)c1cc(C(C)(C)C)ccc1OC,0.15385861262716574
CCCCCCCCCCCOC(=O)CCN(CCC(=O)OCCCCCCCCCCC)c1cc(OC)ccc1OC,0.16040452320855345
CCCCCCCCCCCOC(=O)CCN(CCC(=O)OCCCCCCCCCCC)C1Cc2ccccc2C1,0.16790207175682745
CCCCCCCCCCCOC(=O)CCN(CCC(=O)OCCCCCCCCCCC)c1ccc(C(C)(C)C)cc1,0.14829502550614407
CCCCCCCCCCCOC(=O)CCN(CCC(=O)OCCCCCCCCCCC)c1ccc(C)c(N(CCC(=O)OCCCCCCCCCCC)CCC(=O)OCCCCCCCCCCC)c1,0.14961315979457188
CCCCCCCCCCCOC(=O)CCN(CCC(=O)OCCCCCCCCCCC)c1ccc(C)cc1N(CCC(=O)OCCCCCCCCCCC)CCC(=O)OCCCCCCCCCCC,0.15000118665672796
CCCCCCCCCCCOC(=O)CCN(CCC(=O)OCCCCCCCCCCC)c1ccc(OC(F)(F)F)cc1,0.15501792190269442
CCCCCCCCCCCOC(=O)CCN(CCC(=O)OCCCCCCCCCCC)c1ccc(OC)c(F)c1,0.15525223800086468
CCCCCCCCCCCOC(=O)CCN(CCC(=O)OCCCCCCCCCCC)c1ccc(Oc2ccc(F)cc2)cc1,0.17133455284671467
CCCCCCCCCCCOC(=O)CCN(CCC(=O)OCCCCCCCCCCC)c1ccc(Oc2ccc(N(CCC(=O)OCCCCCCCCCCC)CCC(=O)OCCCCCCCCCCC)cc2)cc1,0.16048736509474076
CCCCCCCCCCCOC(=O)CCN(CCC(=O)OCCCCCCCCCCC)c1ccccc1C(C)C,0.1523979652451133
CCCCCCCCCCCOC(=O)CCN(CCC(=O)OCCCCCCCCCCC)C1CCCCCCC1,0.12506704629380933
CCCCCCCCCCCOC(=O)CCN(CCC(=O)OCCCCCCCCCCC)CC(C)(C)CO,0.11998672587440048
CCCCCCCCCCCOC(=O)CCN(CCC(=O)OCCCCCCCCCCC)Cc1cccc(CN(CCC(=O)OCCCCCCCCCCC)CCC(=O)OCCCCCCCCCCC)c1,0.14314045901541236
CCCCCCCCCCCOC(=O)CCN(CCC(=O)OCCCCCCCCCCC)Cc1ccccc1OC,0.15450002592090342
CCCCCCCCCCCOC(=O)CCN(CCC(=O)OCCCCCCCCCCC)CC1CCN(C)CC1,0.13080462225030973
CCCCCCCCCCCOC(=O)CCN(CCC(=O)OCCCCCCCCCCC)CCC(=O)N1CCN(CCC(=O)OCCCCCCCCCCC)CC1,0.1388971383623946
CCCCCCCCCCCOC(=O)CCN(CCC(=O)OCCCCCCCCCCC)CCC(C)(C)C,0.11196799361289121
CCCCCCCCCCCOC(=O)CCN(CCC(=O)OCCCCCCCCCCC)CCN(C)CCN(C)CCN(CCC(=O)OCCCCCCCCCCC)CCC(=O)OCCCCCCCCCCC,0.12020785377092698
CCCCCCCCCCCOC(=O)CCN(CCC(=O)OCCCCCCCCCCC)CCN(CC)CCN(CC)CCN(CCC(=O)OCCCCCCCCCCC)CCC(=O)OCCCCCCCCCCC,0.12173723785120182
CCCCCCCCCCCOC(=O)CCN(CCC(=O)OCCCCCCCCCCC)CCN(CCC(=O)OCCCCCCCCCCC)C(C)C,0.11651052019285663
CCCCCCCCCCCOC(=O)CCN(CCC(=O)OCCCCCCCCCCC)CCN(CCC(=O)OCCCCCCCCCCC)Cc1ccccc1,0.1414418275899049
CCCCCCCCCCCOC(=O)CCN(CCC(=O)OCCCCCCCCCCC)CCN1CCN(CCN(CCC(=O)OCCCCCCCCCCC)CCC(=O)OCCCCCCCCCCC)CC1,0.13227388781274668
CCCCCCCCCCCOC(=O)CCN(CCC(=O)OCCCCCCCCCCC)CN(CC)CCC,0.11838538446101908
CCCCCCCCCCCOC(=O)CCN(CCC)CCCN(CCC(=O)OCCCCCCCCCCC)CCC(=O)OCCCCCCCCCCC,0.11989937360834063
CCCCCCCCCCCOC(=O)CCN(CCCN(C)C)CCC(=O)OCCCCCCCCCCC,0.11214861755264523
CCCCCCCCCCCOC(=O)CCN(CCCN(C)C)CCC(=O)OCCCCCCCCCCC,0.11214861755264523
CCCCCCCCCCCOC(=O)CCN(CCCN(CCC(=O)OCCCCCCCCCCC)CCN(CCC(=O)OCCCCCCCCCCC)CCC(=O)OCCCCCCCCCCC)CCN(CCC(=O)OCCCCCCCCCCC)CCC(=O)OCCCCCCCCCCC,0.12448039870344925
CCCCCCCCCCCOC(=O)CCN(CCCN1CCN(C(C)C)CC1)CCC(=O)OCCCCCCCCCCC,0.13210064449460224
CCCCCCCCCCCOC(=O)CCN(CCCN1CCN(CCCN(CCC(=O)OCCCCCCCCCCC)CCC(=O)OCCCCCCCCCCC)CC1)CCC(=O)OCCCCCCCCCCC,0.13153833059003367
CCCCCCCCCCCOC(=O)CCN(CCCn1ccnc1)CCC(=O)OCCCCCCCCCCC,0.1441012817558572
CCCCCCCCCCCOC(=O)CCN(CCO)CCN(CCO)CCC(=O)OCCCCCCCCCCC,0.12094225544177183
CCCCCCCCCCCOC(=O)CCN(CCO)CCN(CCO)CCC(=O)OCCCCCCCCCCC,0.12094225544177183
CCCCCCCCCCCOC(=O)CCN(CCOCCOCCN(CCC(=O)OCCCCCCCCCCC)CCC(=O)OCCCCCCCCCCC)CCC(=O)OCCCCCCCCCCC,0.12024730654825809
CCCCCCCCCCCOC(=O)CCN1CC[C@@H](N(CCC(=O)OCCCCCCCCCCC)CCC(=O)OCCCCCCCCCCC)C1,0.13362234974633377
CCCCCCCCCCCOC(=O)CCN1CCCN(CCC(=O)OCCCCCCCCCCC)CCCN(CCC(=O)OCCCCCCCCCCC)CCC1,0.13143804359822375
CCCCCCCCCCCOC(=O)CCN1CCCN(CCC(=O)OCCCCCCCCCCC)CCN(CCC(=O)OCCCCCCCCCCC)CCCN(CCC(=O)OCCCCCCCCCCC)CC1,0.13293569846075082
CCCCCCCCCCCOC(=O)CCN1CCN(CCC(=O)OCCCCCCCCCCC)[C@H](C)C1,0.13397231049340053
CCCCCCCCCCCOC(=O)CCN1CCN(CCC(=O)OCCCCCCCCCCC)CC1,0.13379231278820733
CCCCCCCCCCCOC(=O)CCN1CCN(CCC(=O)OCCCCCCCCCCC)CCN(CCC(=O)OCCCCCCCCCCC)CCN(CCC(=O)OCCCCCCCCCCC)CC1,0.1337923426089007
CCCCCCCCCCOC(=O)CCN(CC)CCCN(CC)CCC(=O)OCCCCCCCCCC,0.1131022087749474
CCCCCCCCCCOC(=O)CCN(CC)CCN(CC)CCC(=O)OCCCCCCCCCC,0.11315098051895725
CCCCCCCCCCOC(=O)CCN(CCC(=O)OCCCCCCCCCC)[C@@H]1CCCC[C@H]1N(CCC(=O)OCCCCCCCCCC)CCC(=O)OCCCCCCCCCC,0.13210212061892415
CCCCCCCCCCOC(=O)CCN(CCC(=O)OCCCCCCCCCC)[C@H]1CCCC[C@H]1N(CCC(=O)OCCCCCCCCCC)CCC(=O)OCCCCCCCCCC,0.13312714731219885
CCCCCCCCCCOC(=O)CCN(CCC(=O)OCCCCCCCCCC)C(c1ccccc1)(c1ccccc1)c1ccccc1,0.18437047511976434
CCCCCCCCCCOC(=O)CCN(CCC(=O)OCCCCCCCCCC)C(CC)CC,0.1128830415890101
CCCCCCCCCCOC(=O)CCN(CCC(=O)OCCCCCCCCCC)C[C@@H]1CCCN1CC,0.13486645416346568
CCCCCCCCCCOC(=O)CCN(CCC(=O)OCCCCCCCCCC)C[C@H]1CCCN1CC,0.13564841238506548
CCCCCCCCCCOC(=O)CCN(CCC(=O)OCCCCCCCCCC)c1c(C)c(C)c(N(CCC(=O)OCCCCCCCCCC)CCC(=O)OCCCCCCCCCC)c(C)c1C,0.1582886406413854
CCCCCCCCCCOC(=O)CCN(CCC(=O)OCCCCCCCCCC)c1cc(F)c(F)c(F)c1,0.15476635453340848
CCCCCCCCCCOC(=O)CCN(CCC(=O)OCCCCCCCCCC)C1Cc2ccccc2C1,0.16969835104278141
CCCCCCCCCCOC(=O)CCN(CCC(=O)OCCCCCCCCCC)c1ccc(C(C)(C)C)cc1,0.1496553709860399
CCCCCCCCCCOC(=O)CCN(CCC(=O)OCCCCCCCCCC)c1ccc(C)cc1N(CCC(=O)OCCCCCCCCCC)CCC(=O)OCCCCCCCCCC,0.15214845550367
CCCCCCCCCCOC(=O)CCN(CCC(=O)OCCCCCCCCCC)c1ccc(OC)c(F)c1,0.15688551737684747
CCCCCCCCCCOC(=O)CCN(CCC(=O)OCCCCCCCCCC)c1ccc2c(c1)Cc1cc(N(CCC(=O)OCCCCCCCCCC)CCC(=O)OCCCCCCCCCC)ccc1-2,0.1723946486753948
CCCCCCCCCCOC(=O)CCN(CCC(=O)OCCCCCCCCCC)c1ccc2ccccc2c1-c1c(N(CCC(=O)OCCCCCCCCCC)CCC(=O)OCCCCCCCCCC)ccc2ccccc12,0.19108767576388064
CCCCCCCCCCOC(=O)CCN(CCC(=O)OCCCCCCCCCC)c1cccc(N(CCC(=O)OCCCCCCCCCC)CCC(=O)OCCCCCCCCCC)c1C,0.15477497271379298
CCCCCCCCCCOC(=O)CCN(CCC(=O)OCCCCCCCCCC)C1CCCCCCC1,0.12650450808676506
CCCCCCCCCCOC(=O)CCN(CCC(=O)OCCCCCCCCCC)C1CCN(C)CC1,0.13178813853841068
CCCCCCCCCCOC(=O)CCN(CCC(=O)OCCCCCCCCCC)c1nc(N(CCC(=O)OCCCCCCCCCC)CCC(=O)OCCCCCCCCCC)nc(N(CCC(=O)OCCCCCCCCCC)CCC(=O)OCCCCCCCCCC)n1,0.15599211922411663
CCCCCCCCCCOC(=O)CCN(CCC(=O)OCCCCCCCCCC)CC(C)(C)CN(C)C,0.12228404499521695
CCCCCCCCCCOC(=O)CCN(CCC(=O)OCCCCCCCCCC)CC(C)N(CCC(=O)OCCCCCCCCCC)CCC(=O)OCCCCCCCCCC,0.1201732617666155
CCCCCCCCCCOC(=O)CCN(CCC(=O)OCCCCCCCCCC)CC[C@H](C)O,0.1123233369951116
CCCCCCCCCCOC(=O)CCN(CCC(=O)OCCCCCCCCCC)CC12C[C@H]3C[C@@H](C1)C[C@@H](C2)C3,0.1589023654213272
CCCCCCCCCCOC(=O)CCN(CCC(=O)OCCCCCCCCCC)CC1CCCO1,0.12967382155764465
CCCCCCCCCCOC(=O)CCN(CCC(=O)OCCCCCCCCCC)Cc1nccn1C,0.15224884686790674
CCCCCCCCCCOC(=O)CCN(CCC(=O)OCCCCCCCCCC)CCC(=O)N1CCN(CCC(=O)OCCCCCCCCCC)CC1,0.14099603804468733
CCCCCCCCCCOC(=O)CCN(CCC(=O)OCCCCCCCCCC)CCC(c1ccccc1)c1ccccc1,0.1640221758939339
CCCCCCCCCCOC(=O)CCN(CCC(=O)OCCCCCCCCCC)CCC1CCC(C)CC1,0.1235923533651787
CCCCCCCCCCOC(=O)CCN(CCC(=O)OCCCCCCCCCC)CCC1CCC(CC)CC1,0.12335120832822626
CCCCCCCCCCOC(=O)CCN(CCC(=O)OCCCCCCCCCC)CCc1ccc(OC)cc1,0.15141755030912302
CCCCCCCCCCOC(=O)CCN(CCC(=O)OCCCCCCCCCC)CCN(C(C)C)C(C)C,0.11377831099025003
CCCCCCCCCCOC(=O)CCN(CCC(=O)OCCCCCCCCCC)CCN(C)CCN(CCC(=O)OCCCCCCCCCC)CCC(=O)OCCCCCCCCCC,0.12160432702084295
CCCCCCCCCCOC(=O)CCN(CCC(=O)OCCCCCCCCCC)CCN(CCC(=O)OCCCCCCCCCC)C(C)C,0.11748608926617392
CCCCCCCCCCOC(=O)CCN(CCC(=O)OCCCCCCCCCC)CCN(CCC(=O)OCCCCCCCCCC)CCN(CCC(=O)OCCCCCCCCCC)CCC(=O)OCCCCCCCCCC,0.1244050269009516
CCCCCCCCCCOC(=O)CCN(CCC(=O)OCCCCCCCCCC)CCN(CCN(CCC(=O)OCCCCCCCCCC)CCC(=O)OCCCCCCCCCC)CCN(CCC(=O)OCCCCCCCCCC)CCC(=O)OCCCCCCCCCC,0.1258597697857164
CCCCCCCCCCOC(=O)CCN(CCC(=O)OCCCCCCCCCC)CCN(CCO)CCO,0.12150500920156761
CCCCCCCCCCOC(=O)CCN(CCCCCCO)CCC(=O)OCCCCCCCCCC,0.11631413601665551
CCCCCCCCCCOC(=O)CCN(CCCCN1CCN(C)CC1)CCC(=O)OCCCCCCCCCC,0.13281572981131537
CCCCCCCCCCOC(=O)CCN(CCCCO)CCC(=O)OCCCCCCCCCC,0.11680323266382253
CCCCCCCCCCOC(=O)CCN(CCCN(C)CCCN(CCC(=O)OCCCCCCCCCC)CCC(=O)OCCCCCCCCCC)CCC(=O)OCCCCCCCCCC,0.12135793354185705
CCCCCCCCCCOC(=O)CCN(CCCN(CC)CC)CCC(=O)OCCCCCCCCCC,0.11400834036374806
CCCCCCCCCCOC(=O)CCN(CCCN(CCC(=O)OCCCCCCCCCC)CCC(=O)OCCCCCCCCCC)CCCN(CCC(=O)OCCCCCCCCCC)CCC(=O)OCCCCCCCCCC,0.12438607585031371
CCCCCCCCCCOC(=O)CCN(CCCN(CCC(=O)OCCCCCCCCCC)CCN(CCC(=O)OCCCCCCCCCC)CCC(=O)OCCCCCCCCCC)CCN(CCC(=O)OCCCCCCCCCC)CCC(=O)OCCCCCCCCCC,0.1256615665472196
CCCCCCCCCCOC(=O)CCN(CCCN(CCCN(CCC(=O)OCCCCCCCCCC)CCC(=O)OCCCCCCCCCC)CCC(=O)OCCCCCCCCCC)CCCN(CCC(=O)OCCCCCCCCCC)CCC(=O)OCCCCCCCCCC,0.12569314666150053
CCCCCCCCCCOC(=O)CCN(CCCO)CCC(=O)OCCCCCCCCCC,0.1168976300686915
CCCCCCCCCCOC(=O)CCN(CCCOCCCCOCCCN(CCC(=O)OCCCCCCCCCC)CCC(=O)OCCCCCCCCCC)CCC(=O)OCCCCCCCCCC,0.11962601476737313
CCCCCCCCCCOC(=O)CCN(CCN(CCC(=O)OCCCCCCCCCC)C(C)C)C(C)C,0.1119089486400147
CCCCCCCCCCOC(=O)CCN(CCOC)CCC(=O)OCCCCCCCCCC,0.11591063966981273
CCCCCCCCCCOC(=O)CCN1CCN(CCC(=O)OCCCCCCCCCC)[C@H](C)C1,0.13560473997962222
CCCCCCCCCCOC(=O)CCN1CCN(CCC(=O)OCCCCCCCCCC)C(c2ccccc2)C1,0.1678815998508276
CCCCCCCCCCOC(=O)CCN1CCOCCN(CCC(=O)OCCCCCCCCCC)CCN(CCC(=O)OCCCCCCCCCC)CC1,0.13410668253773464
CCCCCCCCCCCCCCOC(=O)CCN(CCCCCO)CCC(=O)OCCCCCCCCCCCCCC,0.010762464805713445
CCCCCCCCCCOC(=O)CCN(CCC(=O)OCCCCCCCCCC)CCN(CCN(CCC(=O)OCCCCCCCCCC)CCC(=O)OCCCCCCCCCC)CCN(CCC(=O)OCCCCCCCCCC)CCC(=O)OCCCCCCCCCC,0.024089422135726853
CCCCCCCCCCOC(=O)CCN(CCC(=O)OCCCCCCCCCC)CCN(C)CCN(CCC(=O)OCCCCCCCCCC)CCC(=O)OCCCCCCCCCC,0.02074638821560887
CCCCCCCCCCCCCOC(=O)CCN(CCC(=O)OCCCCCCCCCCCCC)CCN(C)CCN(CCC(=O)OCCCCCCCCCCCCC)CCC(=O)OCCCCCCCCCCCCC,0.016068878267095233
CCCCCCCCCCCCOC(=O)CCN(CCC(=O)OCCCCCCCCCCCC)CCN(CCC(=O)OCCCCCCCCCCCC)CCN(CC)CC,0.018798977655645754
CCCCCCCCCCCCCCOC(=O)CCN(CCCOCCOCCOCCCN(CCC(=O)OCCCCCCCCCCCCCC)CCC(=O)OCCCCCCCCCCCCCC)CCC(=O)OCCCCCCCCCCCCCC,0.015149327366277176
CCCCCCCCCCCCCCOC(=O)CCN(CCC(=O)OCCCCCCCCCCCCCC)CCN(CCC(=O)OCCCCCCCCCCCCCC)CCN1CCN(CCN(CCC(=O)OCCCCCCCCCCCCCC)CCC(=O)OCCCCCCCCCCCCCC)CC1,0.028688384377898717
CCCCCCCCCCCCOC(=O)CCN(CCC(=O)OCCCCCCCCCCCC)CCN1CCN(CCC(=O)OCCCCCCCCCCCC)CC1,0.03625814373517296
CCCCCCCCCCCCOC(=O)CCN(CC(C)N(CCC(=O)OCCCCCCCCCCCC)CCC(=O)OCCCCCCCCCCCC)CC(C)N(CCC(=O)OCCCCCCCCCCCC)CCC(=O)OCCCCCCCCCCCC,0.019105087073109022
CCCCCCCCCCCCCCOC(=O)CCN(C)CCN(CCN(C)CCC(=O)OCCCCCCCCCCCCCC)CCN(C)CCC(=O)OCCCCCCCCCCCCCC,0.013417460778006658
CCCCCCCCCCCCOC(=O)CCN(CCC(=O)OCCCCCCCCCCCC)CC(C)N(CCC(=O)OCCCCCCCCCCCC)CCC(=O)OCCCCCCCCCCCC,0.016864091786898867
CCCCCCCCCCOC(=O)CCN(CCCN(C)CCCN(CCC(=O)OCCCCCCCCCC)CCC(=O)OCCCCCCCCCC)CCC(=O)OCCCCCCCCCC,0.020934705894252857
CCCCCCCCCCCOC(=O)CCN(CCCN1CCN(CCCN(CCC(=O)OCCCCCCCCCCC)CCC(=O)OCCCCCCCCCCC)CC1)CCC(=O)OCCCCCCCCCCC,0.03543925258483198
CCCCCCCCCCCCCOC(=O)CCN(CCCN1CCN(CCCN(CCC(=O)OCCCCCCCCCCCCC)CCC(=O)OCCCCCCCCCCCCC)CC1)CCC(=O)OCCCCCCCCCCCCC,0.03170662621615589
CCCCCCCCCCCOC(=O)CCN(CCC(=O)OCCCCCCCCCCC)Cc1cccc(CN(CCC(=O)OCCCCCCCCCCC)CCC(=O)OCCCCCCCCCCC)c1,0.03601289835288187
CCCCCCCCCCCCOC(=O)CCN(CCC(=O)OCCCCCCCCCCCC)Cc1cccc(CN(CCC(=O)OCCCCCCCCCCCC)CCC(=O)OCCCCCCCCCCCC)c1,0.03371536303203846
CCCCCCCCCCCCCOC(=O)CCN(CCC(=O)OCCCCCCCCCCCCC)Cc1cccc(CN(CCC(=O)OCCCCCCCCCCCCC)CCC(=O)OCCCCCCCCCCCCC)c1,0.03149934257652733
CCCCCCCCCCCCCCOC(=O)CCN(CCC(=O)OCCCCCCCCCCCCCC)c1ccc2c(c1)OCCO2,0.06064152571220468
CCCCCCCCCCCOC(=O)CCN(CCC(=O)OCCCCCCCCCCC)CCN(CC)CCN(CC)CCN(CCC(=O)OCCCCCCCCCCC)CCC(=O)OCCCCCCCCCCC,0.022285583304003088
CCCCCCCCCCCOC(=O)CCN(CCC(=O)OCCCCCCCCCCC)CCN1CCN(CCN(CCC(=O)OCCCCCCCCCCC)CCC(=O)OCCCCCCCCCCC)CC1,0.03545304465551651
CCCCCCCCCCCCCOC(=O)CCN(CCC(=O)OCCCCCCCCCCCCC)CCN(CCC)CCN(CCC)CCN(CCC(=O)OCCCCCCCCCCCCC)CCC(=O)OCCCCCCCCCCCCC,0.02135896489885587
N(CC(=O)OCC)C(=O)C(CCCCCCC/C=C\CCCCCCCC)(CCCCCCC/C=C\CCCCCCCC)N(C)CCN(C)C,0.1268508605299338
N(CC(=O)OCC)C(=O)C(CCCCCCC/C=C\CCCCCCCC)(CCCCCCC/C=C\CCCCCCCC)N(CC)CCO,0.13419111983101736
C1(C(=O)OC(C)(C)C)N=CC(CCCCCCC/C=C\CCCCCCCC)(CCCCCCC/C=C\CCCCCCCC)N1(CCCN(C)C),0.14223608684752062
C1(C(=O)OC(C)(C)C)N=CC(CCCCCCC/C=C\CCCCCCCC)(CCCCCCC/C=C\CCCCCCCC)N1(CCN(CC)CC),0.14283491619112315
N(CS(=O)(=O)c3ccc(C)cc3)C(=O)C(CCCCCCC/C=C\CCCCCCCC)(CCCCCCC/C=C\CCCCCCCC)NCCN(C)C,0.13486848197061496
N(CC(=O)OC(C)(C)C)C(=O)C(CCCCCCC/C=C\CCCCCCCC)(CCCCCCC/C=C\CCCCCCCC)N(CC)CCO,0.12812754405457458
N(CC(=O)OC(C)(C)C)C(=O)C(CCCCCCC/C=C\CCCCCCCC)(CCCCCCC/C=C\CCCCCCCC)N(CC)CCN(C)C,0.1241025854287731
N(CC(=O)OC(C)(C)C)C(=O)C(CCCCCCC/C=C\CCCCCCCC)(CCCCCCC/C=C\CCCCCCCC)N(C)CCO,0.12605703367237198
C1(C(=O)OC)N=CC(CCCCCCC/C=C\CCCCCCCC)(CCCCCCC/C=C\CCCCCCCC)N1(CCN(CC)CC),0.1479829817706998
N(C(C)(C)C)C(=O)C(CCCCCCCCCC)(CCCCCCCCCC)NCCN(CC)CC,0.12752905764894584
N(CCCC)C(=O)C(CCCCCCCCCC)(CCCCCCCCCC)NCCN(CC)CC,0.1354250703020561
N(CCCCC)C(=O)C(CCCCCCCCCC)(CCCCCCCCCC)NCCN(CC)CC,0.13595974042386882
C1(C)(C(=O)OC(C)(C)C)N=CC(CCCCCCCCCC)(CCCCCCCCCC)N1(CCN(CC)CC),0.151025438011975
N(C3CCCCC3)C(=O)C(CCCCCCCCCC)(CCCCCCCCCC)NCCN(CC)CC,0.16064556387307907
N(CCCC)C(=O)C(CCCCCCCCC)(CCCCCCCCC)NCCN(CC)CC,0.13343981728220397
C1(C(=O)OC)N=CC(CCCCCCCCC)(CCCCCCCCC)N1(CCN(CC)CC),0.1633372691189132
C1(C(=O)OCC)N=CC(CCCCCCCC)(CCCCCCCC)N1(CCN(CC)CC),0.1599747473756766
N(CS(=O)(=O)c3ccc(C)cc3)C(=O)C(CCCCCCCC)(CCCCCCCC)NCCN(CC)CC,0.1415259815866006
N(C(C)(C)C)C(=O)C(CCCCCCC)(CCCCCCC)NCCN(CC)CC,0.11815350620453198
N(CCCCC)C(=O)C(CCCCCCC)(CCCCCCC)NCCN(CC)CC,0.12945186613687706
C1(C(=O)OC(C)(C)C)N=CC(CCCCCC)(CCCCCC)N1(CCN(CC)CC),0.14381464525116586
C1(CC(=O)OCC)N=CC(CCCCCC)(CCCCCC)N1(CCN(CC)CC),0.15570928485783017
C1(C(=O)OCC)N=CC5(CCCCCCCCCCCCCC5)N1(CCN(CC)CC),0.19353173506160723
N(C3CCCCC3)C(=O)C5(CCCCCCCCCCCCCC5)NCCN(CC)CC,0.1957927102123766
C1(C(=O)OC(C)(C)C)N=CC5(CCCCCCCCCCC5)N1(CCN(CC)CC),0.1784842877378447
N(CS(=O)(=O)c3ccc(C)cc3)C(=O)C5(CCCCCCCCCCC5)NCCN(CC)CC,0.1670531362579142
N(CCCCC)C(=O)C(CCCCC)(CCCCC)NCCN(CC)CC,0.12120885989569057
C1(C(=O)OC)N=CC(CCCCC)(CCCCC)N1(CCN(CC)CC),0.15220311683462082
N(CCCCC)C(=O)C(CCCCCCC/C=C\CCCCCCCC)(CCCCCCC/C=C\CCCCCCCC)NCCCN1CCCC1,0.15215471784927811
N(CCCCC)C(=O)C(CCCCCCCCCC)(CCCCCCCCCC)NCCCN1CCCC1,0.16567935655565433
N(CS(=O)(=O)c3ccc(C)cc3)C(=O)C(CCCCCCCCC)(CCCCCCCCC)NCCCN1CCCC1,0.16994305965259182
N(C(C)(C)C)C(=O)C(CCCCCC)(CCCCCC)NCCCN1CCCC1,0.15574635197969153
C1(C(=O)OC)N=CC5(CCCCCCCCCCCCCC5)N1(CCCN3CCCC3),0.2257958167657027
C1(CC(=O)OCC)N=CC5(CCCCCCCCCCC5)N1(CCCN3CCCC3),0.2209771207444195
C1(CC(=O)OCC)N=CC(CCCCC)(CCCCC)N1(CCCN3CCCC3),0.19001539818195803
N(CCCCC)C(=O)C(CCCCCCC/C=C\CCCCCCCC)(CCCCCCC/C=C\CCCCCCCC)N(CC)CCCNCC,0.13434387633281528
N(CCC(=O)OCC)C(=O)C(CCCCCCC/C=C\CCCCCCCC)(CCCCCCC/C=C\CCCCCCCC)N(CC)CCCNCC,0.131578200857072
N(CC(=O)OCC)C(=O)C(CCCCCCCCCC)(CCCCCCCCCC)N(CC)CCCNCC,0.14245935437879656
N(CC(=O)OC(C)(C)C)C(=O)C(CCCCCCCCCC)(CCCCCCCCCC)N(CC)CCCNCC,0.13681751775836687
N(CCCCC)C(=O)C(CCCCCCCC)(CCCCCCCC)N(CC)CCCNCC,0.13977893626540375
N(CC(=O)OCC)C(=O)C(CCCCCCCC)(CCCCCCCC)N(CC)CCCNCC,0.1389423614438932
N(C(C)C(=O)OC(C)(C)C)C(=O)C(CCCCCCCC)(CCCCCCCC)N(CC)CCCNCC,0.12788174698945612
N(C(C)(C)C)C(=O)C(CCCCCCC)(CCCCCCC)N(CC)CCCNCC,0.1271446987320745
N(CCCC)C(=O)C(CCCCCCC)(CCCCCCC)N(CC)CCCNCC,0.13734245142379364
N(CS(=O)(=O)c3ccc(C)cc3)C(=O)C(CCCCCCC)(CCCCCCC)N(CC)CCCNCC,0.1421445074981753
N(CCCC)C(=O)C(CCCCCC)(CCCCCC)N(CC)CCCNCC,0.134508039249828
N(CC(=O)OC)C(=O)C(CCCCCC)(CCCCCC)N(CC)CCCNCC,0.13152444905726904
N(C(C)C(=O)OC(C)(C)C)C(=O)C5(CCCCCCCCCCCCCC5)N(CC)CCCNCC,0.16216164792411003
N(CS(=O)(=O)c3ccc(C)cc3)C(=O)C5(CCCCCCCCCCCCCC5)N(CC)CCCNCC,0.17690168863024758
N(CC(=O)OC(C)(C)C)C(=O)C5(CCCCCCCCCCC5)N(CC)CCCNCC,0.16402893028098264
N(C3CCCCC3)C(=O)C5(CCCCCCCCCCC5)N(CC)CCCNCC,0.20226888510231397
N(CC(=O)OC)C(=O)C(CCCCC)(CCCCC)N(CC)CCCNCC,0.12627411340977324
N(CS(=O)(=O)c3ccc(C)cc3)C(=O)C(CCCCC)(CCCCC)N(CC)CCCNCC,0.13639146951216152
N(C3CCCCC3)C(=O)C(CCCCC)(CCCCC)N(CC)CCCNCC,0.16565300997306018
N(C(C)C(=O)OC(C)(C)C)C(=O)C(CCCCCCC/C=C\CCCCCCCC)(CCCCCCC/C=C\CCCCCCCC)N(C)CCN(C)C,0.11928773627693486
N(CC(=O)OCC)C(=O)C(CCCCCCCCCC)(CCCCCCCCCC)N(C)CCN(C)C,0.13562491367868837
N(C(C)C(=O)OC(C)(C)C)C(=O)C(CCCCCCCCC)(CCCCCCCCC)N(C)CCN(C)C,0.12353439684761026
N(C(C)(C)C)C(=O)C(CCCCCCCC)(CCCCCCCC)N(C)CCN(C)C,0.12161817127774088
N(CCCCC)C(=O)C(CCCCCCCC)(CCCCCCCC)N(C)CCN(C)C,0.13211054496480173
N(CC(=O)OC(C)(C)C)C(=O)C(CCCCCCCC)(CCCCCCCC)N(C)CCN(C)C,0.12342437339941438
N(CCC(=O)OCC)C(=O)C(CCCCCCCC)(CCCCCCCC)N(C)CCN(C)C,0.1290192722484766
N(CC(=O)OCC)C(=O)C(CCCCCCC)(CCCCCCC)N(C)CCN(C)C,0.12600542896249178
N(CC(=O)OC(C)(C)C)C(=O)C(CCCCCCC)(CCCCCCC)N(C)CCN(C)C,0.11931066093496455
N(CCC(=O)OCC)C(=O)C(CCCCCCC)(CCCCCCC)N(C)CCN(C)C,0.12521084167724897
N(CC(=O)OC)C(=O)C(CCCCCC)(CCCCCC)N(C)CCN(C)C,0.12020440202566918
N(CC(=O)OCC)C(=O)C(CCCCCC)(CCCCCC)N(C)CCN(C)C,0.1205050095252053
N(CCC(=O)OCC)C(=O)C(CCCCCC)(CCCCCC)N(C)CCN(C)C,0.11993601578532144
N(CCCCC)C(=O)C5(CCCCCCCCCCCCCC5)N(C)CCN(C)C,0.17162542388986485
N(CC(=O)OC)C(=O)C5(CCCCCCCCCCCCCC5)N(C)CCN(C)C,0.16930343560045644
N(CC(=O)OC(C)(C)C)C(=O)C5(CCCCCCCCCCCCCC5)N(C)CCN(C)C,0.15963461254707592
N(C(C)(C)C)C(=O)C5(CCCCCCCCCCC5)N(C)CCN(C)C,0.1542549296420792
N(CCCC)C(=O)C5(CCCCCCCCCCC5)N(C)CCN(C)C,0.16992940177502744
N(CS(=O)(=O)c3ccc(C)cc3)C(=O)C5(CCCCCCCCCCC5)N(C)CCN(C)C,0.16566880003020065
N(CCCCC)C(=O)C(CCCCC)(CCCCC)N(C)CCN(C)C,0.12039422564932845
N(C(C)C(=O)OC(C)(C)C)C(=O)C(CCCCC)(CCCCC)N(C)CCN(C)C,0.10192387713342446
N(C(C)(C)C)C(=O)C(CCCCCCC/C=C\CCCCCCCC)(CCCCCCC/C=C\CCCCCCCC)NCCN(C)C,0.11919442732737395
C1(CC(=O)OCC)N=CC(CCCCCCC/C=C\CCCCCCCC)(CCCCCCC/C=C\CCCCCCCC)N1(CCN(C)C),0.14707155700882557
C1(C(=O)OC(C)(C)C)N=CC(CCCCCCCCCC)(CCCCCCCCCC)N1(CCN(C)C),0.15396872553744173
N(CCCC)C(=O)C(CCCCCCCCC)(CCCCCCCCC)NCCN(C)C,0.1320095870073909
C1(C(=O)OC(C)(C)C)N=CC(CCCCCCCCC)(CCCCCCCCC)N1(CCN(C)C),0.15196478985319203
N(C3CCCCC3)C(=O)C(CCCCCCCCC)(CCCCCCCCC)NCCN(C)C,0.16126395559153361
N(C(C)(C)C)C(=O)C(CCCCCCCC)(CCCCCCCC)NCCN(C)C,0.1190785142922371
C1(C(=O)OC(C)(C)C)N=CC(CCCCCCCC)(CCCCCCCC)N1(CCN(C)C),0.14922189738718494
N(C3CCCCC3)C(=O)C(CCCCCCCC)(CCCCCCCC)NCCN(C)C,0.16159032817014313
N(C(C)(C)C)C(=O)C(CCCCCCC)(CCCCCCC)NCCN(C)C,0.11499748530772295
C1(C(=O)OC)N=CC(CCCCCCC)(CCCCCCC)N1(CCN(C)C),0.15879753077377806
C1(C(=O)OC(C)(C)C)N=CC(CCCCCCC)(CCCCCCC)N1(CCN(C)C),0.14589863458677257
N(C3CCCCC3)C(=O)C(CCCCCCC)(CCCCCCC)NCCN(C)C,0.1617705942615767
N(CCCC)C(=O)C5(CCCCCCCCCCCCCC5)NCCN(C)C,0.16974551246934919
C1(C(=O)OC)N=CC5(CCCCCCCCCCCCCC5)N1(CCN(C)C),0.1983990984544735
C1(C(=O)OCC)N=CC5(CCCCCCCCCCCCCC5)N1(CCN(C)C),0.19500835142496037
C1(CC(=O)OCC)N=CC5(CCCCCCCCCCCCCC5)N1(CCN(C)C),0.19469423515132672
C1(C(=O)OCC)N=CC5(CCCCCCCCCCC5)N1(CCN(C)C),0.1931348216328263
C1(C)(C(=O)OC(C)(C)C)N=CC5(CCCCCCCCCCC5)N1(CCN(C)C),0.17287828068050143
N(CS(=O)(=O)c3ccc(C)cc3)C(=O)C5(CCCCCCCCCCC5)NCCN(C)C,0.1668801613260101
N(CCCC)C(=O)C(CCCCC)(CCCCC)NCCN(C)C,0.11598351398924048
C1(CC(=O)OCC)N=CC(CCCCC)(CCCCC)N1(CCN(C)C),0.1517464278259758
N(CC(=O)OC)C(=O)C(CCCCCCC/C=C\CCCCCCCC)(CCCCCCC/C=C\CCCCCCCC)N(C)CCCN(C)C,0.12657691273027222
N(CC(=O)OCC)C(=O)C(CCCCCCCCCC)(CCCCCCCCCC)N(C)CCCN(C)C,0.13586248023243616
N(C(C)C(=O)OC(C)(C)C)C(=O)C(CCCCCCCCCC)(CCCCCCCCCC)N(C)CCCN(C)C,0.1264253341458625
N(CCC(=O)OCC)C(=O)C(CCCCCCCCCC)(CCCCCCCCCC)N(C)CCCN(C)C,0.13404091299850276
N(CCCC)C(=O)C(CCCCCCCCC)(CCCCCCCCC)N(C)CCCN(C)C,0.13363338340288142
N(CC(=O)OCC)C(=O)C(CCCCCCCCC)(CCCCCCCCC)N(C)CCCN(C)C,0.13356640612556797
N(CC(=O)OC(C)(C)C)C(=O)C(CCCCCCCC)(CCCCCCCC)N(C)CCCN(C)C,0.12385434306679811
N(CCCC)C(=O)C(CCCCCCC)(CCCCCCC)N(C)CCCN(C)C,0.12883694852920036
N(CCC(=O)OCC)C(=O)C(CCCCCCC)(CCCCCCC)N(C)CCCN(C)C,0.12615287738086947
N(CC(=O)OCC)C(=O)C(CCCCCC)(CCCCCC)N(C)CCCN(C)C,0.12189633125034127
N(CS(=O)(=O)c3ccc(C)cc3)C(=O)C(CCCCCC)(CCCCCC)N(C)CCCN(C)C,0.13070609467940875
N(C(C)(C)C)C(=O)C5(CCCCCCCCCCCCCC5)N(C)CCCN(C)C,0.16012450689779065
N(CCCCC)C(=O)C5(CCCCCCCCCCC5)N(C)CCCN(C)C,0.16908736976662983
N(CCC(=O)OCC)C(=O)C5(CCCCCCCCCCC5)N(C)CCCN(C)C,0.16468025895526653
N(CS(=O)(=O)c3ccc(C)cc3)C(=O)C5(CCCCCCCCCCC5)N(C)CCCN(C)C,0.16616650740257882
N(CCCC)C(=O)C(CCCCC)(CCCCC)N(C)CCCN(C)C,0.11931423196299584
N(CC(=O)OC)C(=O)C(CCCCC)(CCCCC)N(C)CCCN(C)C,0.11482306407219031
N(C(C)(C)C)C(=O)C(CCCCCCCCCC)(CCCCCCCCCC)N(CC)CCN(C)C,0.1308584784225395
N(CCCCC)C(=O)C(CCCCCCCCCC)(CCCCCCCCCC)N(CC)CCN(C)C,0.13890827639136905
N(CC(=O)OCC)C(=O)C(CCCCCCCCC)(CCCCCCCCC)N(CC)CCN(C)C,0.13685971403948818
N(CCCC)C(=O)C(CCCCCCCC)(CCCCCCCC)N(CC)CCN(C)C,0.13512522323020096
N(CC(=O)OCC)C(=O)C(CCCCCCCC)(CCCCCCCC)N(CC)CCN(C)C,0.13392669974288812
N(CCC(=O)OCC)C(=O)C(CCCCCCCC)(CCCCCCCC)N(CC)CCN(C)C,0.13298684094988375
N(CS(=O)(=O)c3ccc(C)cc3)C(=O)C(CCCCCCCC)(CCCCCCCC)N(CC)CCN(C)C,0.1393482210806857
N(CC(=O)OC)C(=O)C(CCCCCCC)(CCCCCCC)N(CC)CCN(C)C,0.1304622956007462
N(CC(=O)OC(C)(C)C)C(=O)C(CCCCCCC)(CCCCCCC)N(CC)CCN(C)C,0.12339312131276055
N(CCC(=O)OCC)C(=O)C(CCCCCCC)(CCCCCCC)N(CC)CCN(C)C,0.12947104084271524
N(CC(=O)OC(C)(C)C)C(=O)C(CCCCCC)(CCCCCC)N(CC)CCN(C)C,0.11794430658535426
N(C(C)(C)C)C(=O)C5(CCCCCCCCCCCCCC5)N(CC)CCN(C)C,0.1634825853577148
N(CC(=O)OC)C(=O)C5(CCCCCCCCCCCCCC5)N(CC)CCN(C)C,0.17335263844996934
N(C(C)C(=O)OC(C)(C)C)C(=O)C5(CCCCCCCCCCCCCC5)N(CC)CCN(C)C,0.1569672708077267
N(CCCC)C(=O)C5(CCCCCCCCCCC5)N(CC)CCN(C)C,0.17472683564193645
N(C(C)C(=O)OC(C)(C)C)C(=O)C5(CCCCCCCCCCC5)N(CC)CCN(C)C,0.15089443570599193
N(CS(=O)(=O)c3ccc(C)cc3)C(=O)C5(CCCCCCCCCCC5)N(CC)CCN(C)C,0.16963237275869594
N(CS(=O)(=O)c3ccc(C)cc3)C(=O)C(CCCCC)(CCCCC)N(CC)CCN(C)C,0.13056789067597635
N(CC(=O)OC)C(=O)C(CCCCCCC/C=C\CCCCCCCC)(CCCCCCC/C=C\CCCCCCCC)N3CCN(C)CC3,0.1520912146827425
N(C(C)C(=O)OC(C)(C)C)C(=O)C(CCCCCCC/C=C\CCCCCCCC)(CCCCCCC/C=C\CCCCCCCC)N3CCN(C)CC3,0.1451893493949203
N(C(C)(C)C)C(=O)C(CCCCCCCCCC)(CCCCCCCCCC)N3CCN(C)CC3,0.16360680345595574
N(CCCCC)C(=O)C(CCCCCCCCCC)(CCCCCCCCCC)N3CCN(C)CC3,0.17221235477681196
N(CC(=O)OC)C(=O)C(CCCCCCCCCC)(CCCCCCCCCC)N3CCN(C)CC3,0.1728374561512752
N(CS(=O)(=O)c3ccc(C)cc3)C(=O)C(CCCCCCCCCC)(CCCCCCCCCC)N3CCN(C)CC3,0.17134391654443346
N(CC(=O)OC)C(=O)C(CCCCCCCCC)(CCCCCCCCC)N3CCN(C)CC3,0.1727959457461014
N(CCCCC)C(=O)C(CCCCCCC)(CCCCCCC)N3CCN(C)CC3,0.1744856309635973
N(C(C)(C)C)C(=O)C(CCCCCC)(CCCCCC)N3CCN(C)CC3,0.15596121007543656
N(CCCC)C(=O)C(CCCCCC)(CCCCCC)N3CCN(C)CC3,0.17437806772260458
N(CC(=O)OC)C(=O)C(CCCCCC)(CCCCCC)N3CCN(C)CC3,0.16650858057624868
N(CCCCC)C(=O)C5(CCCCCCCCCCCCCC5)N3CCN(C)CC3,0.20747850059301035
N(CC(=O)OC(C)(C)C)C(=O)C5(CCCCCCCCCCCCCC5)N3CCN(C)CC3,0.1929128960327521
N(CCCCC)C(=O)C5(CCCCCCCCCCC5)N3CCN(C)CC3,0.20720911535943465
N(CS(=O)(=O)c3ccc(C)cc3)C(=O)C5(CCCCCCCCCCC5)N3CCN(C)CC3,0.20081937574923595
N(CC(=O)OC)C(=O)C(CCCCC)(CCCCC)N3CCN(C)CC3,0.16272546777369384
N(C(C)C(=O)OC(C)(C)C)C(=O)C(CCCCCCC/C=C\CCCCCCCC)(CCCCCCC/C=C\CCCCCCCC)N(C)CCN(CC)CC,0.12071496957206401
N(CCC(=O)OCC)C(=O)C(CCCCCCCCCC)(CCCCCCCCCC)N(C)CCN(CC)CC,0.13500764023623527
N(CCCC)C(=O)C(CCCCCCCCC)(CCCCCCCCC)N(C)CCN(CC)CC,0.13482072413017976
N(C(C)C(=O)OC(C)(C)C)C(=O)C(CCCCCCCCC)(CCCCCCCCC)N(C)CCN(CC)CC,0.1250975230424355
N(CCCC)C(=O)C(CCCCCCC)(CCCCCCC)N(C)CCN(CC)CC,0.13058356145034333
N(C3CCCCC3)C(=O)C(CCCCCCC)(CCCCCCC)N(C)CCN(CC)CC,0.16190094051230558
N(CCCC)C(=O)C(CCCCCC)(CCCCCC)N(C)CCN(CC)CC,0.1270552515623053
N(CS(=O)(=O)c3ccc(C)cc3)C(=O)C(CCCCCC)(CCCCCC)N(C)CCN(CC)CC,0.13230188944382296
N(C3CCCCC3)C(=O)C(CCCCCC)(CCCCCC)N(C)CCN(CC)CC,0.1595186995119391
N(CCC(=O)OCC)C(=O)C5(CCCCCCCCCCCCCC5)N(C)CCN(CC)CC,0.1687917423228868
N(CC(=O)OCC)C(=O)C5(CCCCCCCCCCC5)N(C)CCN(CC)CC,0.16507426486644367
N(CCC(=O)OCC)C(=O)C5(CCCCCCCCCCC5)N(C)CCN(CC)CC,0.1643059197913682
N(C(C)(C)C)C(=O)C(CCCCC)(CCCCC)N(C)CCN(CC)CC,0.10881158504706835
N(CS(=O)(=O)c3ccc(C)cc3)C(=O)C(CCCCC)(CCCCC)N(C)CCN(CC)CC,0.12788797951437086
N(CC(=O)OC)C(=O)C(CCCCCCC/C=C\CCCCCCCC)(CCCCCCC/C=C\CCCCCCCC)N(C)CCO,0.13151666585629895
N(C3CCCCC3)C(=O)C(CCCCCCC/C=C\CCCCCCCC)(CCCCCCC/C=C\CCCCCCCC)N(C)CCO,0.14970500753015756
N(C(C)(C)C)C(=O)C(CCCCCCCCC)(CCCCCCCCC)N(C)CCO,0.13098184663101936
N(CCCC)C(=O)C(CCCCCCCCC)(CCCCCCCCC)N(C)CCO,0.14060450725106005
N(CC(=O)OCC)C(=O)C(CCCCCCCCC)(CCCCCCCCC)N(C)CCO,0.1402944316813783
N(CC(=O)OC(C)(C)C)C(=O)C(CCCCCCCCC)(CCCCCCCCC)N(C)CCO,0.13269670051372115
N(CCCC)C(=O)C(CCCCCCCC)(CCCCCCCC)N(C)CCO,0.1390541741336914
N(C(C)C(=O)OC(C)(C)C)C(=O)C(CCCCCCCC)(CCCCCCCC)N(C)CCO,0.12496959226786973
N(C3CCCCC3)C(=O)C(CCCCCCCC)(CCCCCCCC)N(C)CCO,0.17028510300556832
N(CCC(=O)OCC)C(=O)C(CCCCCCC)(CCCCCCC)N(C)CCO,0.1320750434293424
N(C(C)(C)C)C(=O)C5(CCCCCCCCCCCCCC5)N(C)CCO,0.16947988464313837
N(CS(=O)(=O)c3ccc(C)cc3)C(=O)C5(CCCCCCCCCCCCCC5)N(C)CCO,0.17769059507340304
N(C3CCCCC3)C(=O)C5(CCCCCCCCCCCCCC5)N(C)CCO,0.20527208240076497
N(CC(=O)OC(C)(C)C)C(=O)C5(CCCCCCCCCCC5)N(C)CCO,0.16261322268384176
N(CS(=O)(=O)c3ccc(C)cc3)C(=O)C5(CCCCCCCCCCC5)N(C)CCO,0.17467792970480642
N(CCCC)C(=O)C(CCCCC)(CCCCC)N(C)CCO,0.1269766293042301
N(CC(=O)OC)C(=O)C(CCCCC)(CCCCC)N(C)CCO,0.12074804072101353
N(CC(=O)OCC)C(=O)C(CCCCC)(CCCCC)N(C)CCO,0.1214800567363886
N(CC(=O)OC(C)(C)C)C(=O)C(CCCCC)(CCCCC)N(C)CCO,0.11370253660839186
N(CC(=O)OC)C(=O)C(CCCCCCC/C=C\CCCCCCCC)(CCCCCCC/C=C\CCCCCCCC)N(CC)CCO,0.1336390344242754
N(C(C)C(=O)OC(C)(C)C)C(=O)C(CCCCCCC/C=C\CCCCCCCC)(CCCCCCC/C=C\CCCCCCCC)N(CC)CCO,0.1250936463522971
N(CCC(=O)OCC)C(=O)C(CCCCCCC/C=C\CCCCCCCC)(CCCCCCC/C=C\CCCCCCCC)N(CC)CCO,0.13307440941597054
N(CCCCC)C(=O)C(CCCCCCCCCC)(CCCCCCCCCC)N(CC)CCO,0.1451624063984587
N(CS(=O)(=O)c3ccc(C)cc3)C(=O)C(CCCCCCCCCC)(CCCCCCCCCC)N(CC)CCO,0.15157570435642126
N(C3CCCCC3)C(=O)C(CCCCCCCCCC)(CCCCCCCCCC)N(CC)CCO,0.1722569068927097
N(CCCC)C(=O)C(CCCCCCCCC)(CCCCCCCCC)N(CC)CCO,0.14407271353160686
N(CC(=O)OC)C(=O)C(CCCCCCCCC)(CCCCCCCCC)N(CC)CCO,0.1441556747005677
N(C(C)C(=O)OC(C)(C)C)C(=O)C(CCCCCCCCC)(CCCCCCCCC)N(CC)CCO,0.13164452207913127
N(CCCC)C(=O)C(CCCCCCCC)(CCCCCCCC)N(CC)CCO,0.14326279840997086
N(C(C)C(=O)OC(C)(C)C)C(=O)C(CCCCCCCC)(CCCCCCCC)N(CC)CCO,0.12817384068103457
N(CCCCC)C(=O)C(CCCCCCC)(CCCCCCC)N(CC)CCO,0.14203543831216733
N(C(C)C(=O)OC(C)(C)C)C(=O)C(CCCCCCC)(CCCCCCC)N(CC)CCO,0.12387599289018618
N(CS(=O)(=O)c3ccc(C)cc3)C(=O)C(CCCCCCC)(CCCCCCC)N(CC)CCO,0.1446735706823587
N(C(C)C(=O)OC(C)(C)C)C(=O)C5(CCCCCCCCCCCCCC5)N(CC)CCO,0.16545802736944756
N(C3CCCCC3)C(=O)C5(CCCCCCCCCCCCCC5)N(CC)CCO,0.20784041943811923
N(CC(=O)OCC)C(=O)C5(CCCCCCCCCCC5)N(CC)CCO,0.17755295766314472
N(C(C)C(=O)OC(C)(C)C)C(=O)C(CCCCC)(CCCCC)N(CC)CCO,0.11208793989680661
N(C(C)(C)C)C(=O)C(CCCCCCCCCC)(CCCCCCCCCC)NCCCN(C)C,0.12636387369682286
N(CCCCC)C(=O)C(CCCCCCCCCC)(CCCCCCCCCC)NCCCN(C)C,0.1358045684459078
C1(C(=O)OC)N=CC(CCCCCCCCCC)(CCCCCCCCCC)N1(CCCN(C)C),0.16564157373715202
C1(C(=O)OCC)N=CC(CCCCCCCCC)(CCCCCCCCC)N1(CCCN(C)C),0.16330846232911586
N(CS(=O)(=O)c3ccc(C)cc3)C(=O)C(CCCCCCCCC)(CCCCCCCCC)NCCCN(C)C,0.14436933996857787
N(CCCCC)C(=O)C(CCCCCCCC)(CCCCCCCC)NCCCN(C)C,0.13166578423350547
C1(C(=O)OC(C)(C)C)N=CC(CCCCCCCC)(CCCCCCCC)N1(CCCN(C)C),0.15113303107366108
C1(C)(C(=O)OC(C)(C)C)N=CC(CCCCCCCC)(CCCCCCCC)N1(CCCN(C)C),0.14775075312106556
N(C3CCCCC3)C(=O)C(CCCCCCCC)(CCCCCCCC)NCCCN(C)C,0.1615795330791425
C1(C(=O)OCC)N=CC(CCCCCCC)(CCCCCCC)N1(CCCN(C)C),0.15877886301972718
N(C3CCCCC3)C(=O)C(CCCCCCC)(CCCCCCC)NCCCN(C)C,0.1618057081280222
N(CCCC)C(=O)C(CCCCCC)(CCCCCC)NCCCN(C)C,0.12302619259116516
N(C3CCCCC3)C(=O)C(CCCCCC)(CCCCCC)NCCCN(C)C,0.16071987704096202
N(CCCC)C(=O)C5(CCCCCCCCCCCCCC5)NCCCN(C)C,0.17060844878380058
C1(CC(=O)OCC)N=CC5(CCCCCCCCCCC5)N1(CCCN(C)C),0.19265402259359005
N(CCCC)C(=O)C(CCCCC)(CCCCC)NCCCN(C)C,0.11822097552328606
C1(C(=O)OCC)N=CC(CCCCC)(CCCCC)N1(CCCN(C)C),0.15228279772731074
N(CC(=O)OCC)C(=O)C(CCCCCCC/C=C\CCCCCCCC)(CCCCCCC/C=C\CCCCCCCC)N(C)CCN(C)C,-0.6435085576517898
N(CC(=O)OCC)C(=O)C(CCCCCCC/C=C\CCCCCCCC)(CCCCCCC/C=C\CCCCCCCC)N(CC)CCO,-0.6384985618825254
C1(C(=O)OC(C)(C)C)N=CC(CCCCCCC/C=C\CCCCCCCC)(CCCCCCC/C=C\CCCCCCCC)N1(CCCN(C)C),-0.6192901586608385
C1(C(=O)OC(C)(C)C)N=CC(CCCCCCC/C=C\CCCCCCCC)(CCCCCCC/C=C\CCCCCCCC)N1(CCN(CC)CC),-0.616948041403404
N(CS(=O)(=O)c3ccc(C)cc3)C(=O)C(CCCCCCC/C=C\CCCCCCCC)(CCCCCCC/C=C\CCCCCCCC)NCCN(C)C,-0.6459039943089734
N(CC(=O)OC(C)(C)C)C(=O)C(CCCCCCC/C=C\CCCCCCCC)(CCCCCCC/C=C\CCCCCCCC)N(CC)CCO,-0.6405114586851334
N(CC(=O)OC(C)(C)C)C(=O)C(CCCCCCC/C=C\CCCCCCCC)(CCCCCCC/C=C\CCCCCCCC)N(CC)CCN(C)C,-0.6443440738386856
N(CC(=O)OC(C)(C)C)C(=O)C(CCCCCCC/C=C\CCCCCCCC)(CCCCCCC/C=C\CCCCCCCC)N(C)CCO,-0.6409044357823892
N(CC(=O)OCC)C(=O)C(CCCCCCC/C=C\CCCCCCCC)(CCCCCCC/C=C\CCCCCCCC)N(C)CCN(C)C,-0.7563604389726168
N(CC(=O)OCC)C(=O)C(CCCCCCC/C=C\CCCCCCCC)(CCCCCCC/C=C\CCCCCCCC)N(CC)CCO,-0.7528181580897341
 OCCN1CCC(CCCC2CCN(CCC(=O)OCCCCCCCC/C=C\CC(CCCCCC)OC(OCCCCCCCC/C=C\CCCCCCCC)=O)CC2)CC1,0.03993241100692009
 CN(CC1)CCN1CCCN(CCC(=O)OCCCCCCCC/C=C\CC(CCCCCC)OC(OCCCCCCCCCCCCCCCCCC)=O)(CCC(=O)OCCCCCCCC/C=C\CC(CCCCCC)OC(OCCCCCCCCCCCCCCCCCC)=O),0.03701764697466365
 N(CCC(=O)OCCCCCCCC/C=C\CC(CCCCCC)OC(OCCCCCCCCCCCCCCCCCC)=O)(CCC(=O)OCCCCCCCC/C=C\CC(CCCCCC)OC(OCCCCCCCCCCCCCCCCCC)=O)CCCN1CCN(CCCN(CCC(=O)OCCCCCCCC/C=C\CC(CCCCCC)OC(OCCCCCCCCCCCCCCCCCC)=O)(CCC(=O)OCCCCCCCC/C=C\CC(CCCCCC)OC(OCCCCCCCCCCCCCCCCCC)=O))CC1,0.03817256515309333
 N(CCC(=O)OCCCCCCCC/C=C\CC(CCCCCC)OC(OCCCCCCCCCCCCCCCCCC)=O)(CCC(=O)OCCCCCCCC/C=C\CC(CCCCCC)OC(OCCCCCCCCCCCCCCCCCC)=O)CCC1=NC=CC=C1,0.04578434932250201
 N(CCC(=O)OCCCCCCCC/C=C\CC(CCCCCC)OC(OCCCCCCCCCCCCCCCCCC)=O)(CCC(=O)OCCCCCCCC/C=C\CC(CCCCCC)OC(OCCCCCCCCCCCCCCCCCC)=O)CCCN(CCC(=O)OCCCCCCCC/C=C\CC(CCCCCC)OC(OCCCCCCCCCCCCCCCCCC)=O)CCCN(C)C,0.034918232885410266
 N(CCC(=O)OCCCCCCCC/C=C\CC(CCCCCC)OC(OCCCCCCCC/C=C\CCCCCCCC)=O)(CCC(=O)OCCCCCCCC/C=C\CC(CCCCCC)OC(OCCCCCCCC/C=C\CCCCCCCC)=O)CCCN(C)C,0.031113500080160755
 N(CCC(=O)OCCCCCCCC/C=C\CC(CCCCCC)OC(OCCCCCCCC/C=C\CCCCCCCC)=O)(CCC(=O)OCCCCCCCC/C=C\CC(CCCCCC)OC(OCCCCCCCC/C=C\CCCCCCCC)=O)CCN(C)C,0.031048304589276286
 CCN1CCN(C2CCN(CCC(=O)OCCCCCCCC/C=C\CC(CCCCCC)OC(OCCCCCCCC/C=C\C/C=C\CCCCC)=O)CC2)CC1,0.04147379046110381
 C1N(CCC(=O)OCCCCCCCC/C=C\CC(CCCCCC)OC(OCC#CCCC)=O)CCN(CCC(=O)OCCCCCCCC/C=C\CC(CCCCCC)OC(OCC#CCCC)=O)CCN(CCC(=O)OCCCCCCCC/C=C\CC(CCCCCC)OC(OCC#CCCC)=O)C1,0.047064283302720326
 N(CCC(=O)OCCCCCCCC/C=C\CC(CCCCCC)OC(OCC#CCCC)=O)(CCC(=O)OCCCCCCCC/C=C\CC(CCCCCC)OC(OCC#CCCC)=O)CCN(C)C,0.03791398246569163
 N(CCC(=O)OCCCCCCCC/C=C\CC(CCCCCC)OC(OCC#CCCCCCC)=O)(CCC(=O)OCCCCCCCC/C=C\CC(CCCCCC)OC(OCC#CCCCCCC)=O)CCN(C)CCN(CCC(=O)OCCCCCCCC/C=C\CC(CCCCCC)OC(OCC#CCCCCCC)=O)(CCC(=O)OCCCCCCCC/C=C\CC(CCCCCC)OC(OCC#CCCCCCC)=O),0.041202970106659596
 N(CCC(=O)OCCCCCCCC/C=C\CC(CCCCCC)OC(OCCCCCCCC/C=C\CCCCCCCC)=O)(CCC(=O)OCCCCCCCC/C=C\CC(CCCCCC)OC(OCCCCCCCC/C=C\CCCCCCCC)=O)CCCN(CC)CC,0.03063969772110689
 N(CCC(=O)OCCCCCCCC/C=C\CC(CCCCCC)OC(OCC#CCCCC)=O)(CCC(=O)OCCCCCCCC/C=C\CC(CCCCCC)OC(OCC#CCCCC)=O)CCN(CC)CC,0.036770657081810314
 N(CCC(=O)OCCCCCCCC/C=C\CC(CCCCCC)OC(OCC#CCCCCC)=O)(CCC(=O)OCCCCCCCC/C=C\CC(CCCCCC)OC(OCC#CCCCCC)=O)CCCN(CCC(=O)OCCCCCCCC/C=C\CC(CCCCCC)OC(OCC#CCCCCC)=O)CCN(CCC(=O)OCCCCCCCC/C=C\CC(CCCCCC)OC(OCC#CCCCCC)=O)CCCN(CCC(=O)OCCCCCCCC/C=C\CC(CCCCCC)OC(OCC#CCCCCC)=O)(CCC(=O)OCCCCCCCC/C=C\CC(CCCCCC)OC(OCC#CCCCCC)=O),0.04227656352667723
 C1N(CCC(=O)OCCCCCCCC/C=C\CC(CCCCCC)OC(OCC#CCC)=O)CCN(CCC(=O)OCCCCCCCC/C=C\CC(CCCCCC)OC(OCC#CCC)=O)CCN(CCC(=O)OCCCCCCCC/C=C\CC(CCCCCC)OC(OCC#CCC)=O)C1,0.047213110928166484
 N(CCC(=O)OCCCCCCCC/C=C\CC(CCCCCC)OC(OCC#CCCCC)=O)(CCC(=O)OCCCCCCCC/C=C\CC(CCCCCC)OC(OCC#CCCCC)=O)CCN(CCC(=O)OCCCCCCCC/C=C\CC(CCCCCC)OC(OCC#CCCCC)=O)CCN(CC1)CCN1CCN(CCC(=O)OCCCCCCCC/C=C\CC(CCCCCC)OC(OCC#CCCCC)=O)(CCC(=O)OCCCCCCCC/C=C\CC(CCCCCC)OC(OCC#CCCCC)=O),0.0447108304542178
 N(CCC(=O)OCCCCCCCC/C=C\CC(CCCCCC)OC(OCC#CCCCCC)=O)(CCC(=O)OCCCCCCCC/C=C\CC(CCCCCC)OC(OCC#CCCCCC)=O)CCCN(CCC(=O)OCCCCCCCC/C=C\CC(CCCCCC)OC(OCC#CCCCCC)=O)CCCN(C)C,0.039237801323793474
 CN(CCC(=O)OCCCCCCCC/C=C\CC(CCCCCC)OC(OCCCCCCCC/C=C\CCCCCCCC)=O)CCN(CCN(CCC(=O)OCCCCCCCC/C=C\CC(CCCCCC)OC(OCCCCCCCC/C=C\CCCCCCCC)=O)C)CCN(CCC(=O)OCCCCCCCC/C=C\CC(CCCCCC)OC(OCCCCCCCC/C=C\CCCCCCCC)=O)C,0.031501970525130735
 N(CCC(=O)OCCCCCCCC/C=C\CC(CCCCCC)OC(OCC#CCCCCCC)=O)(CCC(=O)OCCCCCCCC/C=C\CC(CCCCCC)OC(OCC#CCCCCCC)=O)CCCN(CCC(=O)OCCCCCCCC/C=C\CC(CCCCCC)OC(OCC#CCCCCCC)=O)CCN(CCC(=O)OCCCCCCCC/C=C\CC(CCCCCC)OC(OCC#CCCCCCC)=O)CCCN(CCC(=O)OCCCCCCCC/C=C\CC(CCCCCC)OC(OCC#CCCCCCC)=O)(CCC(=O)OCCCCCCCC/C=C\CC(CCCCCC)OC(OCC#CCCCCCC)=O),0.04242325151737396
 N(CCC(=O)OCCCCCCCC/C=C\CC(CCCCCC)OC(OCCCCCCCCCCCCCCCCCC)=O)(CCC(=O)OCCCCCCCC/C=C\CC(CCCCCC)OC(OCCCCCCCCCCCCCCCCCC)=O)CCN1CCOCC1,0.03915464259273906
 C1(N2CCN(CCC(=O)OCCCCCCCC/C=C\CC(CCCCCC)OC(OCCCCCCCCCCCCCCCCCC)=O)CC2)=CC=NC=C1,0.06303407721730453
 N(CCC(=O)OCCCCCCCC/C=C\CC(CCCCCC)OC(OCC#CCC)=O)(CCC(=O)OCCCCCCCC/C=C\CC(CCCCCC)OC(OCC#CCC)=O)CCCN(CCC(=O)OCCCCCCCC/C=C\CC(CCCCCC)OC(OCC#CCC)=O)CCN(CCC(=O)OCCCCCCCC/C=C\CC(CCCCCC)OC(OCC#CCC)=O)CCCN(CCC(=O)OCCCCCCCC/C=C\CC(CCCCCC)OC(OCC#CCC)=O)(CCC(=O)OCCCCCCCC/C=C\CC(CCCCCC)OC(OCC#CCC)=O),0.042367117789687894
 N(CCC(=O)OCCCCCCCC/C=C\CC(CCCCCC)OC(OCCCCCCCC/C=C\C/C=C\CCCCC)=O)(CCC(=O)OCCCCCCCC/C=C\CC(CCCCCC)OC(OCCCCCCCC/C=C\C/C=C\CCCCC)=O)CCC1=NC=CC=C1,0.04260371144331443
 N(CCC(=O)OCCCCCCCC/C=C\CC(CCCCCC)OC(OCCCCCCCC/C=C\C/C=C\CCCCC)=O)(CCC(=O)OCCCCCCCC/C=C\CC(CCCCCC)OC(OCCCCCCCC/C=C\C/C=C\CCCCC)=O)CCN1CCCCC1,0.03387649169350056
 OCCC1CCN(CCC(=O)OCCCCCCCC/C=C\CC(CCCCCC)OC(OCCC#CCCCC)=O)CC1,0.04268551706040709
 CN(CCCN(CCC(=O)OCCCCCCCC/C=C\CC(CCCCCC)OC(OCCC#CCCCC)=O)C)CCCN(CCC(=O)OCCCCCCCC/C=C\CC(CCCCCC)OC(OCCC#CCCCC)=O)C,0.034961279056292704
 CN(C)CCCN1CCN(CCC(=O)OCCCCCCCC/C=C\CC(CCCCCC)OC(OCCCCCCCCCCCCCCCCCC)=O)CC1,0.03585849053018848
 N(CCC(=O)OCCCCCCCC/C=C\CC(CCCCCC)OC(OCCCCCCCC/C=C\CCCCCCCC)=O)(CCC(=O)OCCCCCCCC/C=C\CC(CCCCCC)OC(OCCCCCCCC/C=C\CCCCCCCC)=O)CCC1=CN(CCC(=O)OCCCCCCCC/C=C\CC(CCCCCC)OC(OCCCCCCCC/C=C\CCCCCCCC)=O)C=N1,0.03780766423864722
 CN(CCC(=O)OCCCCCCCC/C=C\CC(CCCCCC)OC(OCC#CCCCCCC)=O)CCCCCCN(CCC(=O)OCCCCCCCC/C=C\CC(CCCCCC)OC(OCC#CCCCCCC)=O)C,0.03847789923252892
 N(CCC(=O)OCCCCCCCC/C=C\CC(CCCCCC)OC(OCC#CCCC)=O)(CCC(=O)OCCCCCCCC/C=C\CC(CCCCCC)OC(OCC#CCCC)=O)CCN(CC)CC,0.03706706731875435
 N(CCC(=O)OCCCCCCCC/C=C\CC(CCCCCC)OC(OCCC#CCCCCCC)=O)(CCC(=O)OCCCCCCCC/C=C\CC(CCCCCC)OC(OCCC#CCCCCCC)=O)CCC1N(C(C)C)CCCC1,0.03656656425637255
 N(CCC(=O)OCCCCCCCC/C=C\CC(CCCCCC)OC(OCC#CCCCC)=O)(CCC(=O)OCCCCCCCC/C=C\CC(CCCCCC)OC(OCC#CCCCC)=O)CCN1CCCCC1,0.04353141084859638
 N(CCC(=O)OCCCCCCCC/C=C\CC(CCCCCC)OC(OCCCCCCCCCCCCCCCCCC)=O)(CCC(=O)OCCCCCCCC/C=C\CC(CCCCCC)OC(OCCCCCCCCCCCCCCCCCC)=O)CCC1=CC=NC=C1,0.045711609196194436
 OC[C@@H]1CCCN(CCC(=O)OCCCCCCCC/C=C\CC(CCCCCC)OC(OCCC#CCCCCCC)=O)1,0.043309395786442065
 N(CCC(=O)OCCCCCCCC/C=C\CC(CCCCCC)OC(OCC#CCC)=O)(CCC(=O)OCCCCCCCC/C=C\CC(CCCCCC)OC(OCC#CCC)=O)CCC1N(C)CCCC1,0.041423304027225064
 N(CCC(=O)OCCCCCCCC/C=C\CC(CCCCCC)OC(OCC#CCC)=O)(CCC(=O)OCCCCCCCC/C=C\CC(CCCCCC)OC(OCC#CCC)=O)CCCN(CCC(=O)OCCCCCCCC/C=C\CC(CCCCCC)OC(OCC#CCC)=O)CCCN(C)C,0.03873654156131736
 N(CCC(=O)OCCCCCCCC/C=C\CC(CCCCCC)OC(OCCCCCCCC/C=C\CCCCCCCC)=O)(CCC(=O)OCCCCCCCC/C=C\CC(CCCCCC)OC(OCCCCCCCC/C=C\CCCCCCCC)=O)CCN(CCC(=O)OCCCCCCCC/C=C\CC(CCCCCC)OC(OCCCCCCCC/C=C\CCCCCCCC)=O)CCN(CC1)CCN1CCN(CCC(=O)OCCCCCCCC/C=C\CC(CCCCCC)OC(OCCCCCCCC/C=C\CCCCCCCC)=O)(CCC(=O)OCCCCCCCC/C=C\CC(CCCCCC)OC(OCCCCCCCC/C=C\CCCCCCCC)=O),0.035728181555326324
 N(CCC(=O)OCCCCCCCC/C=C\CC(CCCCCC)OC(OCCCCCCCCCCCCCCCCCC)=O)(CCC(=O)OCCCCCCCC/C=C\CC(CCCCCC)OC(OCCCCCCCCCCCCCCCCCC)=O)CCN(C)C,0.033589355692195205
 N(CCC(=O)OCCCCCCCC/C=C\CC(CCCCCC)OC(OCC#CCCC)=O)(CCC(=O)OCCCCCCCC/C=C\CC(CCCCCC)OC(OCC#CCCC)=O)CCC1N(CC(C)C)CCCC1,0.03991507772889764
 N(CCC(=O)OCCCCCCCC/C=C\CC(CCCCCC)OC(OCC#CCCCC)=O)(CCC(=O)OCCCCCCCC/C=C\CC(CCCCCC)OC(OCC#CCCCC)=O)CCCN1CCN(CCCN(CCC(=O)OCCCCCCCC/C=C\CC(CCCCCC)OC(OCC#CCCCC)=O)(CCC(=O)OCCCCCCCC/C=C\CC(CCCCCC)OC(OCC#CCCCC)=O))CC1,0.04431398784958364
 CN(CCC(=O)OCCCCCCCC/C=C\CC(CCCCCC)OC(OCC#CCCCC)=O)CCN(C)C,0.03109376623632186
 N(CCC(=O)OCCCCCCCC/C=C\CC(CCCCCC)OC(OCCC#CCCCCCC)=O)(CCC(=O)OCCCCCCCC/C=C\CC(CCCCCC)OC(OCCC#CCCCCCC)=O)CCCN1CCCCCC1,0.04141132356366287
 N(CCC(=O)OCCCCCCCC/C=C\CC(CCCCCC)OC(OCC#CCCCC)=O)(CCC(=O)OCCCCCCCC/C=C\CC(CCCCCC)OC(OCC#CCCCC)=O)CCC1N(CC(C)C)CCCC1,0.039525127432019073
 N(CCC(=O)OCCCCCCCC/C=C\CC(CCCCCC)OC(OCCC#CCCCCCC)=O)(CCC(=O)OCCCCCCCC/C=C\CC(CCCCCC)OC(OCCC#CCCCCCC)=O)CCN1CCN(C)CC1,0.04221045850464492
 C1N(CCC(=O)OCCCCCCCC/C=C\CC(CCCCCC)OC(OCCC#CCCCCCC)=O)CCN(CCC(=O)OCCCCCCCC/C=C\CC(CCCCCC)OC(OCCC#CCCCCCC)=O)CCN(CCC(=O)OCCCCCCCC/C=C\CC(CCCCCC)OC(OCCC#CCCCCCC)=O)C1,0.04439156638339082
 N1(CCN2CCCC2)CCN(CCC(=O)OCCCCCCCC/C=C\CC(CCCCCC)OC(OCCCCCCCCCCCCCCCCCC)=O)CC1,0.04309213712488058
 OC1CCN(CCC(=O)OCCCCCCCC/C=C\CC(CCCCCC)OC(OCCC#CCCCC)=O)CC1,0.043828529327008
 CN(CCC(=O)OCCCCCCCC/C=C\CC(CCCCCC)OC(OCCC#CCCCCCC)=O)CCCN1C=CN=C1,0.054275821580863776
 N(CCC(=O)OCCCCCCCC/C=C\CC(CCCCCC)OC(OCC#CCC)=O)(CCC(=O)OCCCCCCCC/C=C\CC(CCCCCC)OC(OCC#CCC)=O)CCCN(CCC(=O)OCCCCCCCC/C=C\CC(CCCCCC)OC(OCC#CCC)=O)C,0.03971698259041431
 OCC1CCN(CCC(=O)OCCCCCCCC/C=C\CC(CCCCCC)OC(OCC#CCCCC)=O)CC1,0.04466387031733029
 N(CCC(=O)OCCCCCCCC/C=C\CC(CCCCCC)OC(OCC#CCC)=O)(CCC(=O)OCCCCCCCC/C=C\CC(CCCCCC)OC(OCC#CCC)=O)CCCN1CCCC1,0.04383204071365255
 N(CCC(=O)OCCCCCCCC/C=C\CC(CCCCCC)OC(OCC#CCCCCCC)=O)(CCC(=O)OCCCCCCCC/C=C\CC(CCCCCC)OC(OCC#CCCCCCC)=O)CCCN(CC)CC,0.037163753461839616
 N(CCC(=O)OCCCCCCCC/C=C\CC(CCCCCC)OC(OCC#CCCC)=O)(CCC(=O)OCCCCCCCC/C=C\CC(CCCCCC)OC(OCC#CCCC)=O)CCC1N(C(C)C)CCCC1,0.038573549106519514
 CN(CC1)CCN1CCCN(CCC(=O)OCCCCCCCC/C=C\CC(CCCCCC)OC(OCCC#CCCCCCC)=O)(CCC(=O)OCCCCCCCC/C=C\CC(CCCCCC)OC(OCCC#CCCCCCC)=O),0.041750668143889204
 N(CCC(=O)OCCCCCCCC/C=C\CC(CCCCCC)OC(OCCC#CCCCCCC)=O)(CCC(=O)OCCCCCCCC/C=C\CC(CCCCCC)OC(OCCC#CCCCCCC)=O)CCCN1CCCCC1,0.04176722235629732
 C1(N2CCN(CCC(=O)OCCCCCCCC/C=C\CC(CCCCCC)OC(OCC#CCCCC)=O)CC2)=CN=CC=C1,0.07284544318500305
 CN(CC1)CCC1CN2CCN(CCC(=O)OCCCCCCCC/C=C\CC(CCCCCC)OC(OCC#CCCCCC)=O)CC2,0.054746276567086645
 OCCOCCN1CCN(CCC(=O)OCCCCCCCC/C=C\CC(CCCCCC)OC(OCC#CCCCCC)=O)CC1,0.050774980279007995
 CN(C)CCCN(CCC(=O)OCCCCCCCC/C=C\CC(CCCCCC)OC(OCCCCCCCC/C=C\C/C=C\CCCCC)=O)CCCN(C)C,0.024146700232521065
 CN(C)CCN1CCN(CCC(=O)OCCCCCCCC/C=C\CC(CCCCCC)OC(OCCC#CCCCCCC)=O)CC1,0.042234512621436085
 OCCOCCN1CCN(CCC(=O)OCCCCCCCC/C=C\CC(CCCCCC)OC(OCCCCCCCC/C=C\CCCCCCCC)=O)CC1,0.04056320813381737
 CCN1CCN(C2CCN(CCC(=O)OCCCCCCCC/C=C\CC(CCCCCC)OC(OCC#CCCCCCC)=O)CC2)CC1,0.05336512742597719
 N(CCC(=O)OCCCCCCCC/C=C\CC(CCCCCC)OC(OCCC#CCCCC)=O)(CCC(=O)OCCCCCCCC/C=C\CC(CCCCCC)OC(OCCC#CCCCC)=O)CCC1N(C(C)C)CCCC1,0.0368117350869302
 OC[C@@H]1CCCN(CCC(=O)OCCCCCCCC/C=C\CC(CCCCCC)OC(OCCCCCCCC/C=C\C/C=C\CCCCC)=O)1,0.03484376688647378
 N(CCC(=O)OCCCCCCCC/C=C\CC(CCCCCC)OC(OCC#CCCC)=O)(CCC(=O)OCCCCCCCC/C=C\CC(CCCCCC)OC(OCC#CCCC)=O)CCCN(CC)CC,0.03652792409293582
 CN(C)CCCN(CCC(=O)OCCCCCCCC/C=C\CC(CCCCCC)OC(OCCCCCCCCCCCCCCCCCC)=O)CCCN(C)C,0.026567037168670246
 N(CCC(=O)OCCCCCCCC/C=C\CC(CCCCCC)OC(OCC#CCC)=O)(CCC(=O)OCCCCCCCC/C=C\CC(CCCCCC)OC(OCC#CCC)=O)CCCN1CCN(CCCN(CCC(=O)OCCCCCCCC/C=C\CC(CCCCCC)OC(OCC#CCC)=O)(CCC(=O)OCCCCCCCC/C=C\CC(CCCCCC)OC(OCC#CCC)=O))CC1,0.044669819545658
 CN(C)CCCN(CCC(=O)OCCCCCCCC/C=C\CC(CCCCCC)OC(OCC#CCCC)=O)CCCN(C)C,0.030812467635744065
 CN(CCC(=O)OCCCCCCCC/C=C\CC(CCCCCC)OC(OCCCCCCCCCCCCCCCCCC)=O)CCCN1C=CN=C1,0.046501589184311284
 N(CCC(=O)OCCCCCCCC/C=C\CC(CCCCCC)OC(OCCC#CCCCCCC)=O)(CCC(=O)OCCCCCCCC/C=C\CC(CCCCCC)OC(OCCC#CCCCCCC)=O)CCC1N(C)CCCC1,0.03981141354356332
 N1(CCN2CCCC2)CCN(CCC(=O)OCCCCCCCC/C=C\CC(CCCCCC)OC(OCC#CCCCC)=O)CC1,0.05495169268579279
 CCN(CC)CCN(CCC(=O)OCCCCCCCC/C=C\CC(CCCCCC)OC(OCC#CCC)=O)CCN(CC)CC,0.026440247035625974
 N(CCC(=O)OCCCCCCCC/C=C\CC(CCCCCC)OC(OCC#CCC)=O)(CCC(=O)OCCCCCCCC/C=C\CC(CCCCCC)OC(OCC#CCC)=O)CCN1CCOCC1,0.046250670415106186
 CN(C)CCCN(CCC(=O)OCCCCCCCC/C=C\CC(CCCCCC)OC(OCCCCCCCC/C=C\CCCCCCCC)=O)CCCN(C)C,0.024636751141875985
 N(CCC(=O)OCCCCCCCC/C=C\CC(CCCCCC)OC(OCCC#CCCCC)=O)(CCC(=O)OCCCCCCCC/C=C\CC(CCCCCC)OC(OCCC#CCCCC)=O)CCN1CCN(C)CC1,0.0427113566912139
 N(CCC(=O)OCCCCCCCC/C=C\CC(CCCCCC)OC(OCC#CCCC)=O)(CCC(=O)OCCCCCCCC/C=C\CC(CCCCCC)OC(OCC#CCCC)=O)CCC1=CN(CCC(=O)OCCCCCCCC/C=C\CC(CCCCCC)OC(OCC#CCCC)=O)C=N1,0.04953468918304105
 CN(CCC(=O)OCCCCCCCC/C=C\CC(CCCCCC)OC(OCC#CCCC)=O)CCN(C)C,0.031124250440121355
 N(CCC(=O)OCCCCCCCC/C=C\CC(CCCCCC)OC(OCC#CCC)=O)(CCC(=O)OCCCCCCCC/C=C\CC(CCCCCC)OC(OCC#CCC)=O)CCC1=CC=NC=C1,0.05594325310593081
 OCCC1CCN(CCC(=O)OCCCCCCCC/C=C\CC(CCCCCC)OC(OCCCCCCCC/C=C\C/C=C\CCCCC)=O)CC1,0.035025829674683005
 CC1=NCCN(CCC(=O)OCCCCCCCC/C=C\CC(CCCCCC)OC(OCCCCCCCC/C=C\CCCCCCCC)=O)1,0.03245937506859784
 N(CCC(=O)OCCCCCCCC/C=C\CC(CCCCCC)OC(OCCC#CCCCC)=O)(CCC(=O)OCCCCCCCC/C=C\CC(CCCCCC)OC(OCCC#CCCCC)=O)CCN1CCC(C)CC1,0.040391262015834595
 OCCOCCN1CCN(CCC(=O)OCCCCCCCC/C=C\CC(CCCCCC)OC(OCCCCCCCCCCCCCCCCCC)=O)CC1,0.04302756041338358
 N(CCC(=O)OCCCCCCCC/C=C\CC(CCCCCC)OC(OCCC#CCCCCCC)=O)(CCC(=O)OCCCCCCCC/C=C\CC(CCCCCC)OC(OCCC#CCCCCCC)=O)CCC1=CC=NC=C1,0.05340598177589679
 CN(CCCN(CCC(=O)OCCCCCCCC/C=C\CC(CCCCCC)OC(OCC#CCCC)=O)C)CCCN(CCC(=O)OCCCCCCCC/C=C\CC(CCCCCC)OC(OCC#CCCC)=O)C,0.03595134844176213
 CN(CCCN(CCC(=O)OCCCCCCCC/C=C\CC(CCCCCC)OC(OCC#CCCCCC)=O)C)CCCN(CCC(=O)OCCCCCCCC/C=C\CC(CCCCCC)OC(OCC#CCCCCC)=O)C,0.03610942420974027
 N(CCC(=O)OCCCCCCCC/C=C\CC(CCCCCC)OC(OCCC#CCCCCCC)=O)(CCC(=O)OCCCCCCCC/C=C\CC(CCCCCC)OC(OCCC#CCCCCCC)=O)CCC1OCCO1,0.04304811059870354
 N(CCC(=O)OCCCCCCCC/C=C\CC(CCCCCC)OC(OCCCCCCCC/C=C\C/C=C\CCCCC)=O)(CCC(=O)OCCCCCCCC/C=C\CC(CCCCCC)OC(OCCCCCCCC/C=C\C/C=C\CCCCC)=O)CCCN(CCC(=O)OCCCCCCCC/C=C\CC(CCCCCC)OC(OCCCCCCCC/C=C\C/C=C\CCCCC)=O)(CCC(=O)OCCCCCCCC/C=C\CC(CCCCCC)OC(OCCCCCCCC/C=C\C/C=C\CCCCC)=O),0.032940162925074096
 OCC1CCN(CCC(=O)OCCCCCCCC/C=C\CC(CCCCCC)OC(OCC#CCCC)=O)CC1,0.04547448249767387
 C1N(CCC(=O)OCCCCCCCC/C=C\CC(CCCCCC)OC(OCCC#CCCCCCC)=O)CCCN(CCC(=O)OCCCCCCCC/C=C\CC(CCCCCC)OC(OCCC#CCCCCCC)=O)CCN(CCC(=O)OCCCCCCCC/C=C\CC(CCCCCC)OC(OCCC#CCCCCCC)=O)CCCN(CCC(=O)OCCCCCCCC/C=C\CC(CCCCCC)OC(OCCC#CCCCCCC)=O)C1,0.043494388457775084
 N(CCC(=O)OCCCCCCCC/C=C\CC(CCCCCC)OC(OCCCCCCCC/C=C\C/C=C\CCCCC)=O)(CCC(=O)OCCCCCCCC/C=C\CC(CCCCCC)OC(OCCCCCCCC/C=C\C/C=C\CCCCC)=O)CCC1N(CC(C)C)CCCC1,0.03112501086780234
 OCC1N(CCC(=O)OCCCCCCCC/C=C\CC(CCCCCC)OC(OCC#CCCCC)=O)CCCC1,0.04376974528519851
 N(CCC(=O)OCCCCCCCC/C=C\CC(CCCCCC)OC(OCC#CCCCCC)=O)(CCC(=O)OCCCCCCCC/C=C\CC(CCCCCC)OC(OCC#CCCCCC)=O)CC(O)CO,0.04008139519100645
 N(CCC(=O)OCCCCCCCC/C=C\CC(CCCCCC)OC(OCCC#CCCCC)=O)(CCC(=O)OCCCCCCCC/C=C\CC(CCCCCC)OC(OCCC#CCCCC)=O)CCCN(CCC(=O)OCCCCCCCC/C=C\CC(CCCCCC)OC(OCCC#CCCCC)=O)(CCC(=O)OCCCCCCCC/C=C\CC(CCCCCC)OC(OCCC#CCCCC)=O),0.04058406025365772
 N(CCC(=O)OCCCCCCCC/C=C\CC(CCCCCC)OC(OCCC#CCCCC)=O)(CCC(=O)OCCCCCCCC/C=C\CC(CCCCCC)OC(OCCC#CCCCC)=O)CCCN(CCC(=O)OCCCCCCCC/C=C\CC(CCCCCC)OC(OCCC#CCCCC)=O)C,0.038849785644397415
 N(CCC(=O)OCCCCCCCC/C=C\CC(CCCCCC)OC(OCCC#CCCCC)=O)(CCC(=O)OCCCCCCCC/C=C\CC(CCCCCC)OC(OCCC#CCCCC)=O)CCN1CCCCC1,0.042049829339796806
 N(CCC(=O)OCCCCCCCC/C=C\CC(CCCCCC)OC(OCC#CCCCCCC)=O)(CCC(=O)OCCCCCCCC/C=C\CC(CCCCCC)OC(OCC#CCCCCCC)=O)CCCN1CCCCC1,0.04293851955056155
 N(CCC(=O)OCCCCCCCC/C=C\CC(CCCCCC)OC(OCCC#CCCCC)=O)(CCC(=O)OCCCCCCCC/C=C\CC(CCCCCC)OC(OCCC#CCCCC)=O)CCN(C)C,0.036543930350103226
 N(CCC(=O)OCCCCCCCC/C=C\CC(CCCCCC)OC(OCCCCCCCC/C=C\C/C=C\CCCCC)=O)(CCC(=O)OCCCCCCCC/C=C\CC(CCCCCC)OC(OCCCCCCCC/C=C\C/C=C\CCCCC)=O)CCC1N(C(C)C)CCCC1,0.02967572516992461
 N(CCC(=O)OCCCCCCCC/C=C\CC(CCCCCC)OC(OCC#CCCCCC)=O)(CCC(=O)OCCCCCCCC/C=C\CC(CCCCCC)OC(OCC#CCCCCC)=O)CCCN(CCC(=O)OCCCCCCCC/C=C\CC(CCCCCC)OC(OCC#CCCCCC)=O)C,0.04016062877329578
 N(CCC(=O)OCCCCCCCC/C=C\CC(CCCCCC)OC(OCCC#CCCCCCC)=O)(CCC(=O)OCCCCCCCC/C=C\CC(CCCCCC)OC(OCCC#CCCCCCC)=O)CCN(C)C,0.037107869482460545
 N(CCC(=O)OCCCCCCCC/C=C\CC(CCCCCC)OC(OCCC#CCCCC)=O)(CCC(=O)OCCCCCCCC/C=C\CC(CCCCCC)OC(OCCC#CCCCC)=O)CCC1OCCO1,0.04350859056299348
 CN(CCC(=O)OCCCCCCCC/C=C\CC(CCCCCC)OC(OCCCCCCCC/C=C\CCCCCCCC)=O)CCO,0.0307182789757287
 N(CCC(=O)OCCCCCCCC/C=C\CC(CCCCCC)OC(OCC#CCCCC)=O)(CCC(=O)OCCCCCCCC/C=C\CC(CCCCCC)OC(OCC#CCCCC)=O)CCN1CCC(C)CC1,0.041737043814604885
 C1(C2N(CCC(=O)OCCCCCCCC/C=C\CC(CCCCCC)OC(OCC#CCCCCC)=O)CC2)=CC=CC=C1,0.07126777940215899
 CC1=NCCN(CCC(=O)OCCCCCCCC/C=C\CC(CCCCCC)OC(OCCC#CCCCC)=O)1,0.04062984992833038
 CCOC(CN(CCC(=O)OCCCCCCCC/C=C\CC(CCCCCC)OC(OCCCCCCCC/C=C\C/C=C\CCCCC)=O)(CCC(=O)OCCCCCCCC/C=C\CC(CCCCCC)OC(OCCCCCCCC/C=C\C/C=C\CCCCC)=O))OCC,0.03116050494808832
 N(CCC(=O)OCCCCCCCC/C=C\CC(CCCCCC)OC(OCC#CCCCCCC)=O)(CCC(=O)OCCCCCCCC/C=C\CC(CCCCCC)OC(OCC#CCCCCCC)=O)CCCN1CCCCCC1,0.04258029474384409
 N(CCC(=O)OCCCCCCCC/C=C\CC(CCCCCC)OC(OCCC#CCCCCCC)=O)(CCC(=O)OCCCCCCCC/C=C\CC(CCCCCC)OC(OCCC#CCCCCCC)=O)CC1OCCO1,0.04437212701889897
 OCC1N(CCC(=O)OCCCCCCCC/C=C\CC(CCCCCC)OC(OCCCCCCCCCCCCCCCCCC)=O)CCCC1,0.03776575125411291
 CN(CCC(=O)OCCCCCCCC/C=C\CC(CCCCCC)OC(OCCCCCCCC/C=C\CCCCCCCC)=O)CCO,0.0307182789757287
 N(CCC(=O)OCCCCCCCC/C=C\CC(CCCCCC)OC(OCC#CCC)=O)(CCC(=O)OCCCCCCCC/C=C\CC(CCCCCC)OC(OCC#CCC)=O)CCCN1CCCCCC1,0.04288461491970504
 CN(C)CCCN1CCN(CCC(=O)OCCCCCCCC/C=C\CC(CCCCCC)OC(OCC#CCCC)=O)CC1,0.0448304375277461
 CN(CC1)CCC1CN2CCN(CCC(=O)OCCCCCCCC/C=C\CC(CCCCCC)OC(OCCC#CCCCCCC)=O)CC2,0.05307185954459723
 COC(CN(CCC(=O)OCCCCCCCC/C=C\CC(CCCCCC)OC(OCCC#CCCCC)=O)(CCC(=O)OCCCCCCCC/C=C\CC(CCCCCC)OC(OCCC#CCCCC)=O))OC,0.03886551606015113
 N(CCC(=O)OCCCCCCCC/C=C\CC(CCCCCC)OC(OCCCCCCCC/C=C\C/C=C\CCCCC)=O)(CCC(=O)OCCCCCCCC/C=C\CC(CCCCCC)OC(OCCCCCCCC/C=C\C/C=C\CCCCC)=O)CCN1CCC(C)CC1,0.03265156198220684
 N(CCC(=O)OCCCCCCCC/C=C\CC(CCCCCC)OC(OCCCCCCCCCCCCCCCCCC)=O)(CCC(=O)OCCCCCCCC/C=C\CC(CCCCCC)OC(OCCCCCCCCCCCCCCCCCC)=O)CCCN(CCC(=O)OCCCCCCCC/C=C\CC(CCCCCC)OC(OCCCCCCCCCCCCCCCCCC)=O)(CCC(=O)OCCCCCCCC/C=C\CC(CCCCCC)OC(OCCCCCCCCCCCCCCCCCC)=O),0.036977217569624604
 COC(CN(CCC(=O)OCCCCCCCC/C=C\CC(CCCCCC)OC(OCC#CCCCCC)=O)(CCC(=O)OCCCCCCCC/C=C\CC(CCCCCC)OC(OCC#CCCCCC)=O))OC,0.040151749661844274
 N(CCC(=O)OCCCCCCCC/C=C\CC(CCCCCC)OC(OCC#CCCCC)=O)(CCC(=O)OCCCCCCCC/C=C\CC(CCCCCC)OC(OCC#CCCCC)=O)CCC1OCCO1,0.04497720379776292
 OCCN1CCC(CCCC2CCN(CCC(=O)OCCCCCCCC/C=C\CC(CCCCCC)OC(OCC#CCCCC)=O)CC2)CC1,0.05110586323749003
 N(CCC(=O)OCCCCCCCC/C=C\CC(CCCCCC)OC(OCCC#CCCCC)=O)(CCC(=O)OCCCCCCCC/C=C\CC(CCCCCC)OC(OCCC#CCCCC)=O)CCO,0.04014832773727984
 N(CCC(=O)OCCCCCCCC/C=C\CC(CCCCCC)OC(OCCCCCCCC/C=C\CCCCCCCC)=O)(CCC(=O)OCCCCCCCC/C=C\CC(CCCCCC)OC(OCCCCCCCC/C=C\CCCCCCCC)=O)CC1N(C)CCCC1,0.033804582819020726
 CN(CCC(=O)OCCCCCCCC/C=C\CC(CCCCCC)OC(OCC#CCCCCC)=O)CCO,0.03751625642301633
 OCCOCCN1CCN(CCC(=O)OCCCCCCCC/C=C\CC(CCCCCC)OC(OCC#CCCCC)=O)CC1,0.05114716862539688
 N(CCC(=O)OCCCCCCCC/C=C\CC(CCCCCC)OC(OCC#CCCCCC)=O)(CCC(=O)OCCCCCCCC/C=C\CC(CCCCCC)OC(OCC#CCCCCC)=O)CCCN(CCC(=O)OCCCCCCCC/C=C\CC(CCCCCC)OC(OCC#CCCCCC)=O)(CCC(=O)OCCCCCCCC/C=C\CC(CCCCCC)OC(OCC#CCCCCC)=O),0.04186906747933594
 N(CCC(=O)OCCCCCCCC/C=C\CC(CCCCCC)OC(OCCCCCCCC/C=C\CCCCCCCC)=O)(CCC(=O)OCCCCCCCC/C=C\CC(CCCCCC)OC(OCCCCCCCC/C=C\CCCCCCCC)=O)CCCN(CCC(=O)OCCCCCCCC/C=C\CC(CCCCCC)OC(OCCCCCCCC/C=C\CCCCCCCC)=O)(CCC(=O)OCCCCCCCC/C=C\CC(CCCCCC)OC(OCCCCCCCC/C=C\CCCCCCCC)=O),0.034360082695153775
 CCN(CC)CCN(CCC(=O)OCCCCCCCC/C=C\CC(CCCCCC)OC(OCCC#CCCCCCC)=O)CCN(CC)CC,0.026547359238631416
 CN(CCC(=O)OCCCCCCCC/C=C\CC(CCCCCC)OC(OCC#CCCCC)=O)CCN(CCN(CCC(=O)OCCCCCCCC/C=C\CC(CCCCCC)OC(OCC#CCCCC)=O)C)CCN(CCC(=O)OCCCCCCCC/C=C\CC(CCCCCC)OC(OCC#CCCCC)=O)C,0.03811321451810976
 CN(CCC(=O)OCCCCCCCC/C=C\CC(CCCCCC)OC(OCC#CCCCCC)=O)CCN(CCN(CCC(=O)OCCCCCCCC/C=C\CC(CCCCCC)OC(OCC#CCCCCC)=O)C)CCN(CCC(=O)OCCCCCCCC/C=C\CC(CCCCCC)OC(OCC#CCCCCC)=O)C,0.03814772824310115
 N(CCC(=O)OCCCCCCCC/C=C\CC(CCCCCC)OC(OCCCCCCCC/C=C\CCCCCCCC)=O)(CCC(=O)OCCCCCCCC/C=C\CC(CCCCCC)OC(OCCCCCCCC/C=C\CCCCCCCC)=O)CCN1CCC(C)CC1,0.03366764619505664
 N(CCC(=O)OCCCCCCCC/C=C\CC(CCCCCC)OC(OCC#CCCCCC)=O)(CCC(=O)OCCCCCCCC/C=C\CC(CCCCCC)OC(OCC#CCCCCC)=O)CCCN1CCCC1,0.04334590749788937
 CN(CCC(=O)OCCCCCCCC/C=C\CC(CCCCCC)OC(OCC#CCCC)=O)CCN(CCC(=O)OCCCCCCCC/C=C\CC(CCCCCC)OC(OCC#CCCC)=O)C,0.03748431846041495
 CN(CCC(=O)OCCCCCCCC/C=C\CC(CCCCCC)OC(OCC#CCCCCCC)=O)CCN(CCN(CCC(=O)OCCCCCCCC/C=C\CC(CCCCCC)OC(OCC#CCCCCCC)=O)C)CCN(CCC(=O)OCCCCCCCC/C=C\CC(CCCCCC)OC(OCC#CCCCCCC)=O)C,0.03831671092968009
 N(CCC(=O)OCCCCCCCC/C=C\CC(CCCCCC)OC(OCC#CCCCCCC)=O)(CCC(=O)OCCCCCCCC/C=C\CC(CCCCCC)OC(OCC#CCCCCCC)=O)CCCN1CCCC1,0.043321749008671404
 CN(CCC(=O)OCCCCCCCC/C=C\CC(CCCCCC)OC(OCC#CCC)=O)CCN(CCC(=O)OCCCCCCCC/C=C\CC(CCCCCC)OC(OCC#CCC)=O)C,0.03670256898366876
 CN(CCC(=O)OCCCCCCCC/C=C\CC(CCCCCC)OC(OCC#CCCCCC)=O)CCN(CCC(=O)OCCCCCCCC/C=C\CC(CCCCCC)OC(OCC#CCCCCC)=O)C,0.037450896918318315
 N(CCC(=O)OCCCCCCCC/C=C\CC(CCCCCC)OC(OCC#CCCCC)=O)(CCC(=O)OCCCCCCCC/C=C\CC(CCCCCC)OC(OCC#CCCCC)=O)CCO,0.041106064035960704
 COC(CN(CCC(=O)OCCCCCCCC/C=C\CC(CCCCCC)OC(OCCCCCCCC/C=C\CCCCCCCC)=O)(CCC(=O)OCCCCCCCC/C=C\CC(CCCCCC)OC(OCCCCCCCC/C=C\CCCCCCCC)=O))OC,0.03225035810116703
 N(CCC(=O)OCCCCCCCC/C=C\CC(CCCCCC)OC(OCCCCCCCC/C=C\CCCCCCCC)=O)(CCC(=O)OCCCCCCCC/C=C\CC(CCCCCC)OC(OCCCCCCCC/C=C\CCCCCCCC)=O)CCCN1CCOCC1,0.036426533735471125
 N(CCC(=O)OCCCCCCCC/C=C\CC(CCCCCC)OC(OCCCCCCCCCCCCCCCCCC)=O)(CCC(=O)OCCCCCCCC/C=C\CC(CCCCCC)OC(OCCCCCCCCCCCCCCCCCC)=O)CCC1OCCO1,0.03876787192729129
 N(CCC(=O)OCCCCCCCC/C=C\CC(CCCCCC)OC(OCCCCCCCC/C=C\CCCCCCCC)=O)(CCC(=O)OCCCCCCCC/C=C\CC(CCCCCC)OC(OCCCCCCCC/C=C\CCCCCCCC)=O)CCN1CCCC1,0.035424152131225746
 CN(CCC(=O)OCCCCCCCC/C=C\CC(CCCCCC)OC(OCC#CCCCCC)=O)CCO,0.03751625642301633
 N(CCC(=O)OCCCCCCCC/C=C\CC(CCCCCC)OC(OCCCCCCCC/C=C\CCCCCCCC)=O)(CCC(=O)OCCCCCCCC/C=C\CC(CCCCCC)OC(OCCCCCCCC/C=C\CCCCCCCC)=O)CCCN1C=NC=C1,0.04051283352753877
 N(CCC(=O)OCCCCCCCC/C=C\CC(CCCCCC)OC(OCCCCCCCC/C=C\C/C=C\CCCCC)=O)(CCC(=O)OCCCCCCCC/C=C\CC(CCCCCC)OC(OCCCCCCCC/C=C\C/C=C\CCCCC)=O)CCCN1CCCC1,0.034007057871843056
 N(CCC(=O)OCCCCCCCC/C=C\CC(CCCCCC)OC(OCCCCCCCC/C=C\CCCCCCCC)=O)(CCC(=O)OCCCCCCCC/C=C\CC(CCCCCC)OC(OCCCCCCCC/C=C\CCCCCCCC)=O)CCCN1CCCC1,0.03522223994399081
OC(C(CN1CCN(C)CC1)CCCCOC(CCCCCCC/C=C\C/C=C\CCCCC)=O)CCCCCOC(CCCCCCC/C=C\C/C=C\CCCCC)=O,0.10822512383604185
OC(C(CN1CCN(C)CC1)CCCCOC(CCCCCCC/C=C\C/C=C\CCCCC)=O)CCCCCOC(CCCCCCC/C=C\C/C=C\CCCCC)=O,0.14917560076072497
OC(C(CN1CCN(C)CC1)CCCCOC(CCCCCCC/C=C\C/C=C\CCCCC)=O)CCCCCOC(CCCCCCC/C=C\C/C=C\CCCCC)=O,0.09421081443415123
OC(C(CN1CCN(C)CC1)CCCCOC(CCCCCCC/C=C\C/C=C\CCCCC)=O)CCCCCOC(CCCCCCC/C=C\C/C=C\CCCCC)=O,0.11435338069640844
OC(C(CN1CCN(C)CC1)CCCCOC(CCCCCCC/C=C\C/C=C\CCCCC)=O)CCCCCOC(CCCCCCC/C=C\C/C=C\CCCCC)=O,0.15998727206689284
OC(C(CN1CCN(C)CC1)CCCCOC(CCCCCCC/C=C\C/C=C\CCCCC)=O)CCCCCOC(CCCCCCC/C=C\C/C=C\CCCCC)=O,0.036371611473453296
OC(C(CN1CCN(C)CC1)CCCCOC(CCCCCCC/C=C\C/C=C\CCCCC)=O)CCCCCOC(CCCCCCC/C=C\C/C=C\CCCCC)=O,0.05284146114001872
OC(C(CN1CCN(C)CC1)CCCCOC(CCCCCCC/C=C\C/C=C\CCCCC)=O)CCCCCOC(CCCCCCC/C=C\C/C=C\CCCCC)=O,0.17915860816671839
OC(C(CN1CCN(C)CC1)CCCCOC(CCCCCCC/C=C\C/C=C\CCCCC)=O)CCCCCOC(CCCCCCC/C=C\C/C=C\CCCCC)=O,0.15610918035594828
OC(C(CN1CCN(C)CC1)CCCCOC(CCCCCCC/C=C\C/C=C\CCCCC)=O)CCCCCOC(CCCCCCC/C=C\C/C=C\CCCCC)=O,0.1728390366480239
OC(C(CN1CCN(C)CC1)CCCCOC(CCCCCCC/C=C\C/C=C\CCCCC)=O)CCCCCOC(CCCCCCC/C=C\C/C=C\CCCCC)=O,0.09227638333097826
OC(C(CN1CCN(C)CC1)CCCCOC(CCCCCCC/C=C\C/C=C\CCCCC)=O)CCCCCOC(CCCCCCC/C=C\C/C=C\CCCCC)=O,0.19676356761614114
OC(C(CN1CCN(C)CC1)CCCCOC(CCCCCCC/C=C\C/C=C\CCCCC)=O)CCCCCOC(CCCCCCC/C=C\C/C=C\CCCCC)=O,0.10057510208255696
OC(C(CN1CCN(C)CC1)CCCCOC(CCCCCCC/C=C\C/C=C\CCCCC)=O)CCCCCOC(CCCCCCC/C=C\C/C=C\CCCCC)=O,0.09235112144374176
OC(C(CN1CCN(C)CC1)CCCCOC(CCCCCCC/C=C\C/C=C\CCCCC)=O)CCCCCOC(CCCCCCC/C=C\C/C=C\CCCCC)=O,0.2056615406562029
OC(C(CN1CCN(C)CC1)CCCCOC(CCCCCCC/C=C\C/C=C\CCCCC)=O)CCCCCOC(CCCCCCC/C=C\C/C=C\CCCCC)=O,0.2478116891648937
OC(C(CN1CCN(C)CC1)CCCCOC(CCCCCCC/C=C\C/C=C\CCCCC)=O)CCCCCOC(CCCCCCC/C=C\C/C=C\CCCCC)=O,0.0445848156592012
OC(C(CN1CCN(C)CC1)CCCCOC(CCCCCCC/C=C\C/C=C\CCCCC)=O)CCCCCOC(CCCCCCC/C=C\C/C=C\CCCCC)=O,0.09396382454129788
OC(C(CN1CCN(C)CC1)CCCCOC(CCCCCCC/C=C\C/C=C\CCCCC)=O)CCCCCOC(CCCCCCC/C=C\C/C=C\CCCCC)=O,0.06665042524734996
OC(C(CN1CCN(C)CC1)CCCCOC(CCCCCCC/C=C\C/C=C\CCCCC)=O)CCCCCOC(CCCCCCC/C=C\C/C=C\CCCCC)=O,0.17866826650560308
OC(C(CN1CCN(C)CC1)CCCCOC(CCCCCCC/C=C\C/C=C\CCCCC)=O)CCCCCOC(CCCCCCC/C=C\C/C=C\CCCCC)=O,0.06352666288559607
OC(C(CN1CCN(C)CC1)CCCCOC(CCCCCCC/C=C\C/C=C\CCCCC)=O)CCCCCOC(CCCCCCC/C=C\C/C=C\CCCCC)=O,0.08335894483331795
CCCCCCCC/C=C\CCCCCCCC(OCCCCCC(C(CN1CCN(CC1)CC(CCCCOC(CCCCCCC/C=C\CCCCCCCC)=O)C(O)CCCCCOC(CCCCCCC/C=C\CCCCCCCC)=O)CCCCOC(CCCCCCC/C=C\CCCCCCCC)=O)O)=O,0.08746318177244883
CCCCCCCC/C=C\CCCCCCCC(OCCCCCC(C(CN1CCN(CC1)CC(CCCCOC(CCCCCCC/C=C\CCCCCCCC)=O)C(O)CCCCCOC(CCCCCCC/C=C\CCCCCCCC)=O)CCCCOC(CCCCCCC/C=C\CCCCCCCC)=O)O)=O,0.2520520128382276
CCCCCCCC/C=C\CCCCCCCC(OCCCCCC(C(CN1CCN(CC1)CC(CCCCOC(CCCCCCC/C=C\CCCCCCCC)=O)C(O)CCCCCOC(CCCCCCC/C=C\CCCCCCCC)=O)CCCCOC(CCCCCCC/C=C\CCCCCCCC)=O)O)=O,0.23291476179092618
CCCCCCCC/C=C\CCCCCCCC(OCCCCCC(C(CN1CCN(CC1)CC(CCCCOC(CCCCCCC/C=C\CCCCCCCC)=O)C(O)CCCCCOC(CCCCCCC/C=C\CCCCCCCC)=O)CCCCOC(CCCCCCC/C=C\CCCCCCCC)=O)O)=O,0.21713154849959707
CCCCCCCC/C=C\CCCCCCCC(OCCCCCC(C(CN1CCN(CC1)CC(CCCCOC(CCCCCCC/C=C\CCCCCCCC)=O)C(O)CCCCCOC(CCCCCCC/C=C\CCCCCCCC)=O)CCCCOC(CCCCCCC/C=C\CCCCCCCC)=O)O)=O,0.13293534061243034
CCCCCCCC/C=C\CCCCCCCC(OCCCCCC(C(CN1CCN(CC1)CC(CCCCOC(CCCCCCC/C=C\CCCCCCCC)=O)C(O)CCCCCOC(CCCCCCC/C=C\CCCCCCCC)=O)CCCCOC(CCCCCCC/C=C\CCCCCCCC)=O)O)=O,0.24308800187269355
CCCCCCCC/C=C\CCCCCCCC(OCCCCCC(C(CN1CCN(CC1)CC(CCCCOC(CCCCCCC/C=C\CCCCCCCC)=O)C(O)CCCCCOC(CCCCCCC/C=C\CCCCCCCC)=O)CCCCOC(CCCCCCC/C=C\CCCCCCCC)=O)O)=O,0.14608634094120246
CCCCCCCC/C=C\CCCCCCCC(OCCCCCC(C(CN1CCN(CC1)CC(CCCCOC(CCCCCCC/C=C\CCCCCCCC)=O)C(O)CCCCCOC(CCCCCCC/C=C\CCCCCCCC)=O)CCCCOC(CCCCCCC/C=C\CCCCCCCC)=O)O)=O,0.1169917889080135
CCCCCCCC/C=C\CCCCCCCC(OCCCCCC(C(CNCCCN(C)C)CCCCOC(CCCCCCC/C=C\CCCCCCCC)=O)O)=O,0.054694269277845924
CCCCCCCC/C=C\CCCCCCCC(OCCCCCC(C(CNCCCN(C)C)CCCCOC(CCCCCCC/C=C\CCCCCCCC)=O)O)=O,0.17582095688175403
CCCCCCCC/C=C\CCCCCCCC(OCCCCCC(C(CNCCCN(C)C)CCCCOC(CCCCCCC/C=C\CCCCCCCC)=O)O)=O,0.14158411702832926
CCCCCCCC/C=C\CCCCCCCC(OCCCCCC(C(CNCCCN(C)C)CCCCOC(CCCCCCC/C=C\CCCCCCCC)=O)O)=O,0.16989123128751132
CCCCCCCC/C=C\CCCCCCCC(OCCCCCC(C(CNCCCN(C)C)CCCCOC(CCCCCCC/C=C\CCCCCCCC)=O)O)=O,0.08202734650183269
CCCCCCCC/C=C\CCCCCCCC(OCCCCCC(C(CNCCCN(C)C)CCCCOC(CCCCCCC/C=C\CCCCCCCC)=O)O)=O,0.18975888057757234
CCCCCCCC/C=C\CCCCCCCC(OCCCCCC(C(CNCCCN(C)C)CCCCOC(CCCCCCC/C=C\CCCCCCCC)=O)O)=O,0.0973019380470095
CCCCCCCC/C=C\CCCCCCCC(OCCCCCC(C(CNCCCN(C)C)CCCCOC(CCCCCCC/C=C\CCCCCCCC)=O)O)=O,0.09050388604798844
CCCCCCCC/C=C\CCCCCCCC(OCCCCCC(C(CNCCCN(C)C)CCCCOC(CCCCCCC/C=C\CCCCCCCC)=O)O)=O,0.2045387319093615
CCCCCCCC/C=C\CCCCCCCC(OCCCCCC(C(CNCCCN(C)C)CCCCOC(CCCCCCC/C=C\CCCCCCCC)=O)O)=O,0.23635226766764658
CCCCCCCC/C=C\CCCCCCCC(OCCCCCC(C(CNCCCN(C)C)CCCCOC(CCCCCCC/C=C\CCCCCCCC)=O)O)=O,0.03949370014879169
CCCCCCCC/C=C\CCCCCCCC(OCCCCCC(C(CNCCCN(C)C)CCCCOC(CCCCCCC/C=C\CCCCCCCC)=O)O)=O,0.08728320643277565
CCCCCCCC/C=C\CCCCCCCC(OCCCCCC(C(CNCCCN(C)C)CCCCOC(CCCCCCC/C=C\CCCCCCCC)=O)O)=O,0.05952418906259702
CCCCCCCC/C=C\CCCCCCCC(OCCCCCC(C(CNCCCN(C)C)CCCCOC(CCCCCCC/C=C\CCCCCCCC)=O)O)=O,0.16609293975203016
CCCCCCCC/C=C\CCCCCCCC(OCCCCCC(C(CNCCCN(C)C)CCCCOC(CCCCCCC/C=C\CCCCCCCC)=O)O)=O,0.05966607219407419
CCCCCCCC/C=C\CCCCCCCC(OCCCCCC(C(CNCCCN(C)C)CCCCOC(CCCCCCC/C=C\CCCCCCCC)=O)O)=O,0.07178138865927777
CCCCCCCC/C=C\CCCCCCCC(OCCCCCC(C(CN[C@H]1CCCC[C@H]1O)CCCCOC(CCCCCCC/C=C\CCCCCCCC)=O)O)=O,0.06333244816483778
CCCCCCCC/C=C\CCCCCCCC(OCCCCCC(C(CN[C@H]1CCCC[C@H]1O)CCCCOC(CCCCCCC/C=C\CCCCCCCC)=O)O)=O,0.1893259139305047
CCCCCCCC/C=C\CCCCCCCC(OCCCCCC(C(CN[C@H]1CCCC[C@H]1O)CCCCOC(CCCCCCC/C=C\CCCCCCCC)=O)O)=O,0.1601058391437398
CCCCCCCC/C=C\CCCCCCCC(OCCCCCC(C(CN[C@H]1CCCC[C@H]1O)CCCCOC(CCCCCCC/C=C\CCCCCCCC)=O)O)=O,0.18368309322719376
CCCCCCCC/C=C\CCCCCCCC(OCCCCCC(C(CN[C@H]1CCCC[C@H]1O)CCCCOC(CCCCCCC/C=C\CCCCCCCC)=O)O)=O,0.22077038878761832
CCCCCCCC/C=C\CCCCCCCC(OCCCCCC(C(CN[C@H]1CCCC[C@H]1O)CCCCOC(CCCCCCC/C=C\CCCCCCCC)=O)O)=O,0.2597892302991321
CCCCCCCC/C=C\CCCCCCCC(OCCCCCC(C(CN[C@H]1CCCC[C@H]1O)CCCCOC(CCCCCCC/C=C\CCCCCCCC)=O)O)=O,0.05659169290054428
CCCCCCCC/C=C\CCCCCCCC(OCCCCCC(C(CN[C@H]1CCCC[C@H]1O)CCCCOC(CCCCCCC/C=C\CCCCCCCC)=O)O)=O,0.09767215450004917
CCCCCCCC/C=C\CCCCCCCC(OCCCCCC(C(CN[C@H]1CCCC[C@H]1O)CCCCOC(CCCCCCC/C=C\CCCCCCCC)=O)O)=O,0.07450071532234766
CCCCCCCC/C=C\CCCCCCCC(OCCCCCC(C(CN[C@H]1CCCC[C@H]1O)CCCCOC(CCCCCCC/C=C\CCCCCCCC)=O)O)=O,0.18025286359965612
CCCCCCCC/C=C\CCCCCCCC(OCCCCCC(C(CN[C@H]1CCCC[C@H]1O)CCCCOC(CCCCCCC/C=C\CCCCCCCC)=O)O)=O,0.07203546096680695
CCCCCCCC/C=C\CCCCCCCC(OCCCCCC(C(CN[C@H]1CCCC[C@H]1O)CCCCOC(CCCCCCC/C=C\CCCCCCCC)=O)O)=O,0.08177158932512799
OC[C@H]1N(CC(CCCCOC(CCCCCCC/C=C\CCCCCCCC)=O)C(O)CCCCCOC(CCCCCCC/C=C\CCCCCCCC)=O)CCCC1,0.18057753639874344
OC[C@H]1N(CC(CCCCOC(CCCCCCC/C=C\CCCCCCCC)=O)C(O)CCCCCOC(CCCCCCC/C=C\CCCCCCCC)=O)CCCC1,0.22098163857946534
OC[C@H]1N(CC(CCCCOC(CCCCCCC/C=C\CCCCCCCC)=O)C(O)CCCCCOC(CCCCCCC/C=C\CCCCCCCC)=O)CCCC1,0.2658556539517919
OC[C@H]1N(CC(CCCCOC(CCCCCCC/C=C\CCCCCCCC)=O)C(O)CCCCCOC(CCCCCCC/C=C\CCCCCCCC)=O)CCCC1,0.05939502445684301
OC[C@H]1N(CC(CCCCOC(CCCCCCC/C=C\CCCCCCCC)=O)C(O)CCCCCOC(CCCCCCC/C=C\CCCCCCCC)=O)CCCC1,0.10330995041652696
OC[C@H]1N(CC(CCCCOC(CCCCCCC/C=C\CCCCCCCC)=O)C(O)CCCCCOC(CCCCCCC/C=C\CCCCCCCC)=O)CCCC1,0.07914617548065978
OC[C@H]1N(CC(CCCCOC(CCCCCCC/C=C\CCCCCCCC)=O)C(O)CCCCCOC(CCCCCCC/C=C\CCCCCCCC)=O)CCCC1,0.18566475285349457
OC[C@H]1N(CC(CCCCOC(CCCCCCC/C=C\CCCCCCCC)=O)C(O)CCCCCOC(CCCCCCC/C=C\CCCCCCCC)=O)CCCC1,0.07653547814837063
OC[C@H]1N(CC(CCCCOC(CCCCCCC/C=C\CCCCCCCC)=O)C(O)CCCCCOC(CCCCCCC/C=C\CCCCCCCC)=O)CCCC1,0.08716075521061699
CCCCCCCC/C=C\CCCCCCCC(OCCCCCC(C(CNCCN1CCCCC1)CCCCOC(CCCCCCC/C=C\CCCCCCCC)=O)O)=O,0.17953952279350524
CCCCCCCC/C=C\CCCCCCCC(OCCCCCC(C(CNCCN1CCCCC1)CCCCOC(CCCCCCC/C=C\CCCCCCCC)=O)O)=O,0.21741584407985873
CCCCCCCC/C=C\CCCCCCCC(OCCCCCC(C(CNCCN1CCCCC1)CCCCOC(CCCCCCC/C=C\CCCCCCCC)=O)O)=O,0.25591456796792533
CCCCCCCC/C=C\CCCCCCCC(OCCCCCC(C(CNCCN1CCCCC1)CCCCOC(CCCCCCC/C=C\CCCCCCCC)=O)O)=O,0.05536193969209764
CCCCCCCC/C=C\CCCCCCCC(OCCCCCC(C(CNCCN1CCCCC1)CCCCOC(CCCCCCC/C=C\CCCCCCCC)=O)O)=O,0.10021096159579183
CCCCCCCC/C=C\CCCCCCCC(OCCCCCC(C(CNCCN1CCCCC1)CCCCOC(CCCCCCC/C=C\CCCCCCCC)=O)O)=O,0.07483071857037522
CCCCCCCC/C=C\CCCCCCCC(OCCCCCC(C(CNCCN1CCCCC1)CCCCOC(CCCCCCC/C=C\CCCCCCCC)=O)O)=O,0.18052857082022666
CCCCCCCC/C=C\CCCCCCCC(OCCCCCC(C(CNCCN1CCCCC1)CCCCOC(CCCCCCC/C=C\CCCCCCCC)=O)O)=O,0.06947774755146645
CCCCCCCC/C=C\CCCCCCCC(OCCCCCC(C(CNCCN1CCCCC1)CCCCOC(CCCCCCC/C=C\CCCCCCCC)=O)O)=O,0.0834971786574437
CCCCCCCC/C=C\CCCCCCCC(OCCCCCC(C(CNCCCO)CCCCOC(CCCCCCC/C=C\CCCCCCCC)=O)O)=O,0.21579522358821235
CCCCCCCC/C=C\CCCCCCCC(OCCCCCC(C(CNCCCO)CCCCOC(CCCCCCC/C=C\CCCCCCCC)=O)O)=O,0.20576555523468434
CCCCCCCC/C=C\CCCCCCCC(OCCCCCC(C(CNCCCO)CCCCOC(CCCCCCC/C=C\CCCCCCCC)=O)O)=O,0.23627685113410887
CCCCCCCC/C=C\CCCCCCCC(OCCCCCC(C(CNCCCO)CCCCOC(CCCCCCC/C=C\CCCCCCCC)=O)O)=O,0.04242170084131861
CCCCCCCC/C=C\CCCCCCCC(OCCCCCC(C(CNCCCO)CCCCOC(CCCCCCC/C=C\CCCCCCCC)=O)O)=O,0.09274507516870552
CCCCCCCC/C=C\CCCCCCCC(OCCCCCC(C(CNCCCO)CCCCOC(CCCCCCC/C=C\CCCCCCCC)=O)O)=O,0.05845619820534664
CCCCCCCC/C=C\CCCCCCCC(OCCCCCC(C(CNCCCO)CCCCOC(CCCCCCC/C=C\CCCCCCCC)=O)O)=O,0.16683790540350202
CCCCCCCC/C=C\CCCCCCCC(OCCCCCC(C(CNCCCO)CCCCOC(CCCCCCC/C=C\CCCCCCCC)=O)O)=O,0.06372189896510236
CCCCCCCC/C=C\CCCCCCCC(OCCCCCC(C(CNCCCO)CCCCOC(CCCCCCC/C=C\CCCCCCCC)=O)O)=O,0.07535978240183402
OC(C(CNCCN1CCOCC1)CCCCOC(CCCCCCC/C=C\C/C=C\CCCCC)=O)CCCCCOC(CCCCCCC/C=C\C/C=C\CCCCC)=O,0.06415485070182331
OC(C(CNCCN1CCOCC1)CCCCOC(CCCCCCC/C=C\C/C=C\CCCCC)=O)CCCCCOC(CCCCCCC/C=C\C/C=C\CCCCC)=O,0.08404750464327672
OC(C(CNCCN(C)CCNCC(CCCCOC(CCCCCCC/C=C\C/C=C\CCCCC)=O)C(O)CCCCCOC(CCCCCCC/C=C\C/C=C\CCCCC)=O)CCCCOC(CCCCCCC/C=C\C/C=C\CCCCC)=O)CCCCCOC(CCCCCCC/C=C\C/C=C\CCCCC)=O,0.0831493426347797
OC(C(CNCCN(C)CCNCC(CCCCOC(CCCCCCC/C=C\C/C=C\CCCCC)=O)C(O)CCCCCOC(CCCCCCC/C=C\C/C=C\CCCCC)=O)CCCCOC(CCCCCCC/C=C\C/C=C\CCCCC)=O)CCCCCOC(CCCCCCC/C=C\C/C=C\CCCCC)=O,0.10726266095746152
OC(C(CN1CCN(CC(CCCCOC(CCCCCCC/C=C\C/C=C\CCCCC)=O)C(O)CCCCCOC(CCCCCCC/C=C\C/C=C\CCCCC)=O)CC1)CCCCOC(CCCCCCC/C=C\C/C=C\CCCCC)=O)CCCCCOC(CCCCCCC/C=C\C/C=C\CCCCC)=O,0.09333949104968899
OC(C(CN1CCN(CC(CCCCOC(CCCCCCC/C=C\C/C=C\CCCCC)=O)C(O)CCCCCOC(CCCCCCC/C=C\C/C=C\CCCCC)=O)CC1)CCCCOC(CCCCCCC/C=C\C/C=C\CCCCC)=O)CCCCCOC(CCCCCCC/C=C\C/C=C\CCCCC)=O,0.11775317830635997
CCCCN(CCCC)CCCN(CC(C(O)CCCCCOC(=O)CCCCCCCCC)CCCCOC(=O)CCCCCCCCC),0.13658815189529636
CCCCN(CCCC)CCCN(CC(C(O)CCCCCOC(=O)CCCCCCCCCC)CCCCOC(=O)CCCCCCCCCC),0.1391582185328662
CCCCN(CCCC)CCCN(CC(C(O)CCCCCOC(=O)CCCCCCCCCCCCCCC)CCCCOC(=O)CCCCCCCCCCCCCCC),0.1505127606515241
CCCCN(CCCC)CCCN(CC(C(O)CCCCCOC(=O)CCCCCCCC)CCCCOC(=O)CCCCCCCC),0.13333875495236636
O=C(CCN(CCC(OCCCCCCCC/C=C\CC(CCCCCC)OC(CCCC1CCCCC1)=O)=O)CCN2CCOCC2)OCCCCCCCC/C=C\CC(CCCCCC)OC(CCCC3CCCCC3)=O,0.13400718579429904
O=C(CCN(CCC(OCCCCCCCC/C=C\CC(CCCCCC)OC(CCCC1CCCCC1)=O)=O)CCN2CCOCC2)OCCCCCCCC/C=C\CC(CCCCCC)OC(CCCC3CCCCC3)=O,0.18893745466829476
O=C(CCN(CCC(OCCCCCCCC/C=C\CC(CCCCCC)OC(CCCC1CCCCC1)=O)=O)CCN2CCOCC2)OCCCCCCCC/C=C\CC(CCCCCC)OC(CCCC3CCCCC3)=O,0.1355592336015366
O=C(CCN(CCC(OCCCCCCCC/C=C\CC(CCCCCC)OC(CCCC1CCCCC1)=O)=O)CCN2CCOCC2)OCCCCCCCC/C=C\CC(CCCCCC)OC(CCCC3CCCCC3)=O,0.13280502418239484
O=C(CCN(CCC(OCCCCCCCC/C=C\CC(CCCCCC)OC(CCCC1CCCCC1)=O)=O)CCN2CCOCC2)OCCCCCCCC/C=C\CC(CCCCCC)OC(CCCC3CCCCC3)=O,0.20769048099184498
O=C(CCN(CCC(OCCCCCCCC/C=C\CC(CCCCCC)OC(CCCC1CCCCC1)=O)=O)CCN2CCOCC2)OCCCCCCCC/C=C\CC(CCCCCC)OC(CCCC3CCCCC3)=O,0.055754152634085806
O=C(CCN(CCC(OCCCCCCCC/C=C\CC(CCCCCC)OC(CCCC1CCCCC1)=O)=O)CCN2CCOCC2)OCCCCCCCC/C=C\CC(CCCCCC)OC(CCCC3CCCCC3)=O,0.07809302787353528
O=C(CCN(CCC(OCCCCCCCC/C=C\CC(CCCCCC)OC(CCCC1CCCCC1)=O)=O)CCN2CCOCC2)OCCCCCCCC/C=C\CC(CCCCCC)OC(CCCC3CCCCC3)=O,0.2198083135780518
O=C(CCN(CCC(OCCCCCCCC/C=C\CC(CCCCCC)OC(CCCC1CCCCC1)=O)=O)CCN2CCOCC2)OCCCCCCCC/C=C\CC(CCCCCC)OC(CCCC3CCCCC3)=O,0.21956871921715473
O=C(CCN(CCC(OCCCCCCCC/C=C\CC(CCCCCC)OC(CCCC1CCCCC1)=O)=O)CCN2CCOCC2)OCCCCCCCC/C=C\CC(CCCCCC)OC(CCCC3CCCCC3)=O,0.20653269257167825
O=C(CCN(CCC(OCCCCCCCC/C=C\CC(CCCCCC)OC(CCCC1CCCCC1)=O)=O)CCN2CCOCC2)OCCCCCCCC/C=C\CC(CCCCCC)OC(CCCC3CCCCC3)=O,0.12481758128340613
O=C(CCN(CCC(OCCCCCCCC/C=C\CC(CCCCCC)OC(CCCC1CCCCC1)=O)=O)CCN2CCOCC2)OCCCCCCCC/C=C\CC(CCCCCC)OC(CCCC3CCCCC3)=O,0.24521982360046893
O=C(CCN(CCC(OCCCCCCCC/C=C\CC(CCCCCC)OC(CCCC1CCCCC1)=O)=O)CCN2CCOCC2)OCCCCCCCC/C=C\CC(CCCCCC)OC(CCCC3CCCCC3)=O,0.14989559158149782
O=C(CCN(CCC(OCCCCCCCC/C=C\CC(CCCCCC)OC(CCCC1CCCCC1)=O)=O)CCN2CCOCC2)OCCCCCCCC/C=C\CC(CCCCCC)OC(CCCC3CCCCC3)=O,0.11348586690552447
O=C(CCN(CCC(OCCCCCCCC/C=C\CC(CCCCCC)OC(CC/C=C\CCCCCC)=O)=O)CCN1CCCC1)OCCCCCCCC/C=C\CC(CCCCCC)OC(CC/C=C\CCCCCC)=O,0.12223797202395725
O=C(CCN(CCC(OCCCCCCCC/C=C\CC(CCCCCC)OC(CC/C=C\CCCCCC)=O)=O)CCN1CCCC1)OCCCCCCCC/C=C\CC(CCCCCC)OC(CC/C=C\CCCCCC)=O,0.1625209276378555
O=C(CCN(CCC(OCCCCCCCC/C=C\CC(CCCCCC)OC(CC/C=C\CCCCCC)=O)=O)CCN1CCCC1)OCCCCCCCC/C=C\CC(CCCCCC)OC(CC/C=C\CCCCCC)=O,0.11941691206544888
O=C(CCN(CCC(OCCCCCCCC/C=C\CC(CCCCCC)OC(CC/C=C\CCCCCC)=O)=O)CCN1CCCC1)OCCCCCCCC/C=C\CC(CCCCCC)OC(CC/C=C\CCCCCC)=O,0.12164495771556226
O=C(CCN(CCC(OCCCCCCCC/C=C\CC(CCCCCC)OC(CC/C=C\CCCCCC)=O)=O)CCN1CCCC1)OCCCCCCCC/C=C\CC(CCCCCC)OC(CC/C=C\CCCCCC)=O,0.18929440836795725
O=C(CCN(CCC(OCCCCCCCC/C=C\CC(CCCCCC)OC(CC/C=C\CCCCCC)=O)=O)CCN1CCCC1)OCCCCCCCC/C=C\CC(CCCCCC)OC(CC/C=C\CCCCCC)=O,0.04893703030165337
O=C(CCN(CCC(OCCCCCCCC/C=C\CC(CCCCCC)OC(CC/C=C\CCCCCC)=O)=O)CCN1CCCC1)OCCCCCCCC/C=C\CC(CCCCCC)OC(CC/C=C\CCCCCC)=O,0.06385006830521509
O=C(CCN(CCC(OCCCCCCCC/C=C\CC(CCCCCC)OC(CC/C=C\CCCCCC)=O)=O)CCN1CCCC1)OCCCCCCCC/C=C\CC(CCCCCC)OC(CC/C=C\CCCCCC)=O,0.20361861441536938
O=C(CCN(CCC(OCCCCCCCC/C=C\CC(CCCCCC)OC(CC/C=C\CCCCCC)=O)=O)CCN1CCCC1)OCCCCCCCC/C=C\CC(CCCCCC)OC(CC/C=C\CCCCCC)=O,0.18715082237664663
O=C(CCN(CCC(OCCCCCCCC/C=C\CC(CCCCCC)OC(CC/C=C\CCCCCC)=O)=O)CCN1CCCC1)OCCCCCCCC/C=C\CC(CCCCCC)OC(CC/C=C\CCCCCC)=O,0.1919316759380408
O=C(CCN(CCC(OCCCCCCCC/C=C\CC(CCCCCC)OC(CC/C=C\CCCCCC)=O)=O)CCN1CCCC1)OCCCCCCCC/C=C\CC(CCCCCC)OC(CC/C=C\CCCCCC)=O,0.10027984739748108
O=C(CCN(CCC(OCCCCCCCC/C=C\CC(CCCCCC)OC(CC/C=C\CCCCCC)=O)=O)CCN1CCCC1)OCCCCCCCC/C=C\CC(CCCCCC)OC(CC/C=C\CCCCCC)=O,0.21952366014946967
O=C(CCN(CCC(OCCCCCCCC/C=C\CC(CCCCCC)OC(CC/C=C\CCCCCC)=O)=O)CCN1CCCC1)OCCCCCCCC/C=C\CC(CCCCCC)OC(CC/C=C\CCCCCC)=O,0.123950216595989
O=C(CCN(CCC(OCCCCCCCC/C=C\CC(CCCCCC)OC(CC/C=C\CCCCCC)=O)=O)CCN1CCCC1)OCCCCCCCC/C=C\CC(CCCCCC)OC(CC/C=C\CCCCCC)=O,0.1043651183756274
O=C(CCN(CCC(OCCCCCCCC/C=C\CC(CCCCCC)OC(CC/C=C\CCCCCC)=O)=O)CCN1CCCC1)OCCCCCCCC/C=C\CC(CCCCCC)OC(CC/C=C\CCCCCC)=O,0.17830877804700399
O=C(CCN(CCC(OCCCCCCCC/C=C\CC(CCCCCC)OC(CC/C=C\CCCCCC)=O)=O)CCN1CCCC1)OCCCCCCCC/C=C\CC(CCCCCC)OC(CC/C=C\CCCCCC)=O,0.24753162812309082
O=C(CCN(CCC(OCCCCCCCC/C=C\CC(CCCCCC)OC(CC/C=C\CCCCCC)=O)=O)CCN1CCCC1)OCCCCCCCC/C=C\CC(CCCCCC)OC(CC/C=C\CCCCCC)=O,0.21507414431213145
O=C(CCN(CCC(OCCCCCCCC/C=C\CC(CCCCCC)OC(CC/C=C\CCCCCC)=O)=O)CCN1CCCC1)OCCCCCCCC/C=C\CC(CCCCCC)OC(CC/C=C\CCCCCC)=O,0.2710245940167289
O=C(CCN(CCC(OCCCCCCCC/C=C\CC(CCCCCC)OC(CC/C=C\CCCCCC)=O)=O)CCN1CCCC1)OCCCCCCCC/C=C\CC(CCCCCC)OC(CC/C=C\CCCCCC)=O,0.048461941925197836
O=C(CCN(CCC(OCCCCCCCC/C=C\CC(CCCCCC)OC(CC/C=C\CCCCCC)=O)=O)CCN1CCCC1)OCCCCCCCC/C=C\CC(CCCCCC)OC(CC/C=C\CCCCCC)=O,0.09643585564940738
O=C(CCN(CCC(OCCCCCCCC/C=C\CC(CCCCCC)OC(CC/C=C\CCCCCC)=O)=O)CCN1CCCC1)OCCCCCCCC/C=C\CC(CCCCCC)OC(CC/C=C\CCCCCC)=O,0.07938095379957728
O=C(CCN(CCC(OCCCCCCCC/C=C\CC(CCCCCC)OC(CC/C=C\CCCCCC)=O)=O)CCN1CCCC1)OCCCCCCCC/C=C\CC(CCCCCC)OC(CC/C=C\CCCCCC)=O,0.19736572196705462
O=C(CCN(CCC(OCCCCCCCC/C=C\CC(CCCCCC)OC(CC/C=C\CCCCCC)=O)=O)CCN1CCCC1)OCCCCCCCC/C=C\CC(CCCCCC)OC(CC/C=C\CCCCCC)=O,0.07702523830596517
O=C(CCN(CCC(OCCCCCCCC/C=C\CC(CCCCCC)OC(CC/C=C\CCCCCC)=O)=O)CCN1CCCC1)OCCCCCCCC/C=C\CC(CCCCCC)OC(CC/C=C\CCCCCC)=O,0.10304137034167232
O=C(CCN(CCC(OCCCCCCCC/C=C\CC(CCCCCC)OC(C(CCCCCCCC)CCCCCC)=O)=O)CCCN(CC)CC)OCCCCCCCC/C=C\CC(CCCCCC)OC(C(CCCCCCCC)CCCCCC)=O,0.12599354541618304
O=C(CCN(CCC(OCCCCCCCC/C=C\CC(CCCCCC)OC(C(CCCCCCCC)CCCCCC)=O)=O)CCCN(CC)CC)OCCCCCCCC/C=C\CC(CCCCCC)OC(C(CCCCCCCC)CCCCCC)=O,0.1785551566156432
O=C(CCN(CCC(OCCCCCCCC/C=C\CC(CCCCCC)OC(C(CCCCCCCC)CCCCCC)=O)=O)CCCN(CC)CC)OCCCCCCCC/C=C\CC(CCCCCC)OC(C(CCCCCCCC)CCCCCC)=O,0.13354511415050038
O=C(CCN(CCC(OCCCCCCCC/C=C\CC(CCCCCC)OC(C(CCCCCCCC)CCCCCC)=O)=O)CCCN(CC)CC)OCCCCCCCC/C=C\CC(CCCCCC)OC(C(CCCCCCCC)CCCCCC)=O,0.12733408995567988
O=C(CCN(CCC(OCCCCCCCC/C=C\CC(CCCCCC)OC(C(CCCCCCCC)CCCCCC)=O)=O)CCCN(CC)CC)OCCCCCCCC/C=C\CC(CCCCCC)OC(C(CCCCCCCC)CCCCCC)=O,0.19850681079893306
O=C(CCN(CCC(OCCCCCCCC/C=C\CC(CCCCCC)OC(C(CCCCCCCC)CCCCCC)=O)=O)CCCN(CC)CC)OCCCCCCCC/C=C\CC(CCCCCC)OC(C(CCCCCCCC)CCCCCC)=O,0.05713190594373752
O=C(CCN(CCC(OCCCCCCCC/C=C\CC(CCCCCC)OC(C(CCCCCCCC)CCCCCC)=O)=O)CCCN(CC)CC)OCCCCCCCC/C=C\CC(CCCCCC)OC(C(CCCCCCCC)CCCCCC)=O,0.07314473111885748
O=C(CCN(CCC(OCCCCCCCC/C=C\CC(CCCCCC)OC(C(CCCCCCCC)CCCCCC)=O)=O)CCCN(CC)CC)OCCCCCCCC/C=C\CC(CCCCCC)OC(C(CCCCCCCC)CCCCCC)=O,0.22348047849091623
O=C(CCN(CCC(OCCCCCCCC/C=C\CC(CCCCCC)OC(C(CCCCCCCC)CCCCCC)=O)=O)CCCN(CC)CC)OCCCCCCCC/C=C\CC(CCCCCC)OC(C(CCCCCCCC)CCCCCC)=O,0.2058033529635333
O=C(CCN(CCC(OCCCCCCCC/C=C\CC(CCCCCC)OC(C(CCCCCCCC)CCCCCC)=O)=O)CCCN(CC)CC)OCCCCCCCC/C=C\CC(CCCCCC)OC(C(CCCCCCCC)CCCCCC)=O,0.19965115008638903
O=C(CCN(CCC(OCCCCCCCC/C=C\CC(CCCCCC)OC(C(CCCCCCCC)CCCCCC)=O)=O)CCCN(CC)CC)OCCCCCCCC/C=C\CC(CCCCCC)OC(C(CCCCCCCC)CCCCCC)=O,0.11379639724078014
O=C(CCN(CCC(OCCCCCCCC/C=C\CC(CCCCCC)OC(C(CCCCCCCC)CCCCCC)=O)=O)CCCN(CC)CC)OCCCCCCCC/C=C\CC(CCCCCC)OC(C(CCCCCCCC)CCCCCC)=O,0.22664700372696553
O=C(CCN(CCC(OCCCCCCCC/C=C\CC(CCCCCC)OC(C(CCCCCCCC)CCCCCC)=O)=O)CCCN(CC)CC)OCCCCCCCC/C=C\CC(CCCCCC)OC(C(CCCCCCCC)CCCCCC)=O,0.13377887856584325
O=C(CCN(CCC(OCCCCCCCC/C=C\CC(CCCCCC)OC(C(CCCCCCCC)CCCCCC)=O)=O)CCCN(CC)CC)OCCCCCCCC/C=C\CC(CCCCCC)OC(C(CCCCCCCC)CCCCCC)=O,0.10610388845441353
O=C(CCN(CCC(OCCCCCCCC/C=C\CC(CCCCCC)OC(C(CCCCCCCC)CCCCCC)=O)=O)CCCN(CC)CC)OCCCCCCCC/C=C\CC(CCCCCC)OC(C(CCCCCCCC)CCCCCC)=O,0.17742933597877122
O=C(CCN(CCC(OCCCCCCCC/C=C\CC(CCCCCC)OC(C(CCCCCCCC)CCCCCC)=O)=O)CCCN(CC)CC)OCCCCCCCC/C=C\CC(CCCCCC)OC(C(CCCCCCCC)CCCCCC)=O,0.254918676092075
O=C(CCN(CCC(OCCCCCCCC/C=C\CC(CCCCCC)OC(C(CCCCCCCC)CCCCCC)=O)=O)CCCN(CC)CC)OCCCCCCCC/C=C\CC(CCCCCC)OC(C(CCCCCCCC)CCCCCC)=O,0.21336440467834292
O=C(CCN(CCC(OCCCCCCCC/C=C\CC(CCCCCC)OC(C(CCCCCCCC)CCCCCC)=O)=O)CCCN(CC)CC)OCCCCCCCC/C=C\CC(CCCCCC)OC(C(CCCCCCCC)CCCCCC)=O,0.2837957830843689
O=C(CCN(CCC(OCCCCCCCC/C=C\CC(CCCCCC)OC(C(CCCCCCCC)CCCCCC)=O)=O)CCCN(CC)CC)OCCCCCCCC/C=C\CC(CCCCCC)OC(C(CCCCCCCC)CCCCCC)=O,0.05661811403487184
O=C(CCN(CCC(OCCCCCCCC/C=C\CC(CCCCCC)OC(C(CCCCCCCC)CCCCCC)=O)=O)CCCN(CC)CC)OCCCCCCCC/C=C\CC(CCCCCC)OC(C(CCCCCCCC)CCCCCC)=O,0.1006195349156812
O=C(CCN(CCC(OCCCCCCCC/C=C\CC(CCCCCC)OC(C(CCCCCCCC)CCCCCC)=O)=O)CCCN(CC)CC)OCCCCCCCC/C=C\CC(CCCCCC)OC(C(CCCCCCCC)CCCCCC)=O,0.09539395044368412
O=C(CCN(CCC(OCCCCCCCC/C=C\CC(CCCCCC)OC(C(CCCCCCCC)CCCCCC)=O)=O)CCCN(CC)CC)OCCCCCCCC/C=C\CC(CCCCCC)OC(C(CCCCCCCC)CCCCCC)=O,0.20707539937035474
O=C(CCN(CCC(OCCCCCCCC/C=C\CC(CCCCCC)OC(C(CCCCCCCC)CCCCCC)=O)=O)CCCN(CC)CC)OCCCCCCCC/C=C\CC(CCCCCC)OC(C(CCCCCCCC)CCCCCC)=O,0.08628691197756481
O=C(CCN(CCC(OCCCCCCCC/C=C\CC(CCCCCC)OC(C(CCCCCCCC)CCCCCC)=O)=O)CCCN(CC)CC)OCCCCCCCC/C=C\CC(CCCCCC)OC(C(CCCCCCCC)CCCCCC)=O,0.10933424488462552
O=C(OCCCCCCCC/C=C\CC(CCCCCC)OC(CCCC1CCCCC1)=O)CCN(CCC(OCCCCCCCC/C=C\CC(CCCCCC)OC(CCCC2CCCCC2)=O)=O)CCCN(CC)CC,0.12593781054027084
O=C(OCCCCCCCC/C=C\CC(CCCCCC)OC(CCCC1CCCCC1)=O)CCN(CCC(OCCCCCCCC/C=C\CC(CCCCCC)OC(CCCC2CCCCC2)=O)=O)CCCN(CC)CC,0.17628541418102245
O=C(OCCCCCCCC/C=C\CC(CCCCCC)OC(CCCC1CCCCC1)=O)CCN(CCC(OCCCCCCCC/C=C\CC(CCCCCC)OC(CCCC2CCCCC2)=O)=O)CCCN(CC)CC,0.1261774347218613
O=C(OCCCCCCCC/C=C\CC(CCCCCC)OC(CCCC1CCCCC1)=O)CCN(CCC(OCCCCCCCC/C=C\CC(CCCCCC)OC(CCCC2CCCCC2)=O)=O)CCCN(CC)CC,0.12427658917459854
O=C(OCCCCCCCC/C=C\CC(CCCCCC)OC(CCCC1CCCCC1)=O)CCN(CCC(OCCCCCCCC/C=C\CC(CCCCCC)OC(CCCC2CCCCC2)=O)=O)CCCN(CC)CC,0.19707920474513674
O=C(OCCCCCCCC/C=C\CC(CCCCCC)OC(CCCC1CCCCC1)=O)CCN(CCC(OCCCCCCCC/C=C\CC(CCCCCC)OC(CCCC2CCCCC2)=O)=O)CCCN(CC)CC,0.050957609660391284
O=C(OCCCCCCCC/C=C\CC(CCCCCC)OC(CCCC1CCCCC1)=O)CCN(CCC(OCCCCCCCC/C=C\CC(CCCCCC)OC(CCCC2CCCCC2)=O)=O)CCCN(CC)CC,0.06944469876803697
O=C(OCCCCCCCC/C=C\CC(CCCCCC)OC(CCCC1CCCCC1)=O)CCN(CCC(OCCCCCCCC/C=C\CC(CCCCCC)OC(CCCC2CCCCC2)=O)=O)CCCN(CC)CC,0.21024937977974703
O=C(OCCCCCCCC/C=C\CC(CCCCCC)OC(CCCC1CCCCC1)=O)CCN(CCC(OCCCCCCCC/C=C\CC(CCCCCC)OC(CCCC2CCCCC2)=O)=O)CCCN(CC)CC,0.206410293535733
O=C(OCCCCCCCC/C=C\CC(CCCCCC)OC(CCCC1CCCCC1)=O)CCN(CCC(OCCCCCCCC/C=C\CC(CCCCCC)OC(CCCC2CCCCC2)=O)=O)CCCN(CC)CC,0.19844356110829112
O=C(OCCCCCCCC/C=C\CC(CCCCCC)OC(CCCC1CCCCC1)=O)CCN(CCC(OCCCCCCCC/C=C\CC(CCCCCC)OC(CCCC2CCCCC2)=O)=O)CCCN(CC)CC,0.1154641120624342
O=C(OCCCCCCCC/C=C\CC(CCCCCC)OC(CCCC1CCCCC1)=O)CCN(CCC(OCCCCCCCC/C=C\CC(CCCCCC)OC(CCCC2CCCCC2)=O)=O)CCCN(CC)CC,0.23293110353089402
O=C(OCCCCCCCC/C=C\CC(CCCCCC)OC(CCCC1CCCCC1)=O)CCN(CCC(OCCCCCCCC/C=C\CC(CCCCCC)OC(CCCC2CCCCC2)=O)=O)CCCN(CC)CC,0.13756673285864424
O=C(OCCCCCCCC/C=C\CC(CCCCCC)OC(CCCC1CCCCC1)=O)CCN(CCC(OCCCCCCCC/C=C\CC(CCCCCC)OC(CCCC2CCCCC2)=O)=O)CCCN(CC)CC,0.10641764687972671
O=C(OCCCCCCCC/C=C\CC(CCCCCC)OC(CCCC1CCCCC1)=O)CCN(CCC(OCCCCCCCC/C=C\CC(CCCCCC)OC(CCCC2CCCCC2)=O)=O)CCCN(CC)CC,0.18065022433883762
O=C(OCCCCCCCC/C=C\CC(CCCCCC)OC(CCCC1CCCCC1)=O)CCN(CCC(OCCCCCCCC/C=C\CC(CCCCCC)OC(CCCC2CCCCC2)=O)=O)CCCN(CC)CC,0.25874860738322386
O=C(OCCCCCCCC/C=C\CC(CCCCCC)OC(CCCC1CCCCC1)=O)CCN(CCC(OCCCCCCCC/C=C\CC(CCCCCC)OC(CCCC2CCCCC2)=O)=O)CCCN(CC)CC,0.2227670929537253
O=C(OCCCCCCCC/C=C\CC(CCCCCC)OC(CCCC1CCCCC1)=O)CCN(CCC(OCCCCCCCC/C=C\CC(CCCCCC)OC(CCCC2CCCCC2)=O)=O)CCCN(CC)CC,0.28825785343361676
O=C(OCCCCCCCC/C=C\CC(CCCCCC)OC(CCCC1CCCCC1)=O)CCN(CCC(OCCCCCCCC/C=C\CC(CCCCCC)OC(CCCC2CCCCC2)=O)=O)CCCN(CC)CC,0.0586834393440144
O=C(OCCCCCCCC/C=C\CC(CCCCCC)OC(CCCC1CCCCC1)=O)CCN(CCC(OCCCCCCCC/C=C\CC(CCCCCC)OC(CCCC2CCCCC2)=O)=O)CCCN(CC)CC,0.09876068435985949
O=C(OCCCCCCCC/C=C\CC(CCCCCC)OC(CCCC1CCCCC1)=O)CCN(CCC(OCCCCCCCC/C=C\CC(CCCCCC)OC(CCCC2CCCCC2)=O)=O)CCCN(CC)CC,0.09337540261968218
O=C(OCCCCCCCC/C=C\CC(CCCCCC)OC(CCCC1CCCCC1)=O)CCN(CCC(OCCCCCCCC/C=C\CC(CCCCCC)OC(CCCC2CCCCC2)=O)=O)CCCN(CC)CC,0.20744369984384525
O=C(OCCCCCCCC/C=C\CC(CCCCCC)OC(CCCC1CCCCC1)=O)CCN(CCC(OCCCCCCCC/C=C\CC(CCCCCC)OC(CCCC2CCCCC2)=O)=O)CCCN(CC)CC,0.08740210899242302
O=C(OCCCCCCCC/C=C\CC(CCCCCC)OC(CCCC1CCCCC1)=O)CCN(CCC(OCCCCCCCC/C=C\CC(CCCCCC)OC(CCCC2CCCCC2)=O)=O)CCCN(CC)CC,0.09866116525090388
O=C(CCN(CCC(OCCCCCCCC/C=C\CC(CCCCCC)OC(CC/C=C\CCCCCC)=O)=O)CCCN1C=NC=C1)OCCCCCCCC/C=C\CC(CCCCCC)OC(CC/C=C\CCCCCC)=O,0.1195456852746024
O=C(CCN(CCC(OCCCCCCCC/C=C\CC(CCCCCC)OC(CC/C=C\CCCCCC)=O)=O)CCCN1C=NC=C1)OCCCCCCCC/C=C\CC(CCCCCC)OC(CC/C=C\CCCCCC)=O,0.15666104210748996
O=C(CCN(CCC(OCCCCCCCC/C=C\CC(CCCCCC)OC(CC/C=C\CCCCCC)=O)=O)CCCN1C=NC=C1)OCCCCCCCC/C=C\CC(CCCCCC)OC(CC/C=C\CCCCCC)=O,0.11473434005423536
O=C(CCN(CCC(OCCCCCCCC/C=C\CC(CCCCCC)OC(CC/C=C\CCCCCC)=O)=O)CCCN1C=NC=C1)OCCCCCCCC/C=C\CC(CCCCCC)OC(CC/C=C\CCCCCC)=O,0.12095897739558015
O=C(CCN(CCC(OCCCCCCCC/C=C\CC(CCCCCC)OC(CC/C=C\CCCCCC)=O)=O)CCCN1C=NC=C1)OCCCCCCCC/C=C\CC(CCCCCC)OC(CC/C=C\CCCCCC)=O,0.18852868751389848
O=C(CCN(CCC(OCCCCCCCC/C=C\CC(CCCCCC)OC(CC/C=C\CCCCCC)=O)=O)CCCN1C=NC=C1)OCCCCCCCC/C=C\CC(CCCCCC)OC(CC/C=C\CCCCCC)=O,0.049150002238542635
O=C(CCN(CCC(OCCCCCCCC/C=C\CC(CCCCCC)OC(CC/C=C\CCCCCC)=O)=O)CCCN1C=NC=C1)OCCCCCCCC/C=C\CC(CCCCCC)OC(CC/C=C\CCCCCC)=O,0.06094773950209475
O=C(CCN(CCC(OCCCCCCCC/C=C\CC(CCCCCC)OC(CC/C=C\CCCCCC)=O)=O)CCCN1C=NC=C1)OCCCCCCCC/C=C\CC(CCCCCC)OC(CC/C=C\CCCCCC)=O,0.1993995528964097
O=C(CCN(CCC(OCCCCCCCC/C=C\CC(CCCCCC)OC(CC/C=C\CCCCCC)=O)=O)CCCN1C=NC=C1)OCCCCCCCC/C=C\CC(CCCCCC)OC(CC/C=C\CCCCCC)=O,0.17905202900860695
O=C(CCN(CCC(OCCCCCCCC/C=C\CC(CCCCCC)OC(CC/C=C\CCCCCC)=O)=O)CCCN1C=NC=C1)OCCCCCCCC/C=C\CC(CCCCCC)OC(CC/C=C\CCCCCC)=O,0.18405291455604622
O=C(CCN(CCC(OCCCCCCCC/C=C\CC(CCCCCC)OC(CC/C=C\CCCCCC)=O)=O)CCCN1C=NC=C1)OCCCCCCCC/C=C\CC(CCCCCC)OC(CC/C=C\CCCCCC)=O,0.09520849555160385
O=C(CCN(CCC(OCCCCCCCC/C=C\CC(CCCCCC)OC(CC/C=C\CCCCCC)=O)=O)CCCN1C=NC=C1)OCCCCCCCC/C=C\CC(CCCCCC)OC(CC/C=C\CCCCCC)=O,0.21330108043596754
O=C(CCN(CCC(OCCCCCCCC/C=C\CC(CCCCCC)OC(CC/C=C\CCCCCC)=O)=O)CCCN1C=NC=C1)OCCCCCCCC/C=C\CC(CCCCCC)OC(CC/C=C\CCCCCC)=O,0.12121509987577865
O=C(CCN(CCC(OCCCCCCCC/C=C\CC(CCCCCC)OC(CC/C=C\CCCCCC)=O)=O)CCCN1C=NC=C1)OCCCCCCCC/C=C\CC(CCCCCC)OC(CC/C=C\CCCCCC)=O,0.09709041986892211
O=C(CCN(CCC(OCCCCCCCC/C=C\CC(CCCCCC)OC(CCCCCCC/C=C\CCCCCCCC)=O)=O)CCCN1C=NC=C1)OCCCCCCCC/C=C\CC(CCCCCC)OC(CCCCCCC/C=C\CCCCCCCC)=O,0.12979082304808956
O=C(CCN(CCC(OCCCCCCCC/C=C\CC(CCCCCC)OC(CCCCCCC/C=C\CCCCCCCC)=O)=O)CCCN1C=NC=C1)OCCCCCCCC/C=C\CC(CCCCCC)OC(CCCCCCC/C=C\CCCCCCCC)=O,0.17677665046293892
O=C(CCN(CCC(OCCCCCCCC/C=C\CC(CCCCCC)OC(CCCCCCC/C=C\CCCCCCCC)=O)=O)CCCN1C=NC=C1)OCCCCCCCC/C=C\CC(CCCCCC)OC(CCCCCCC/C=C\CCCCCCCC)=O,0.1342041812947143
O=C(CCN(CCC(OCCCCCCCC/C=C\CC(CCCCCC)OC(CCCCCCC/C=C\CCCCCCCC)=O)=O)CCCN1C=NC=C1)OCCCCCCCC/C=C\CC(CCCCCC)OC(CCCCCCC/C=C\CCCCCCCC)=O,0.13178594671744784
O=C(CCN(CCC(OCCCCCCCC/C=C\CC(CCCCCC)OC(CCCCCCC/C=C\CCCCCCCC)=O)=O)CCCN1C=NC=C1)OCCCCCCCC/C=C\CC(CCCCCC)OC(CCCCCCC/C=C\CCCCCCCC)=O,0.19894226747389723
O=C(CCN(CCC(OCCCCCCCC/C=C\CC(CCCCCC)OC(CCCCCCC/C=C\CCCCCCCC)=O)=O)CCCN1C=NC=C1)OCCCCCCCC/C=C\CC(CCCCCC)OC(CCCCCCC/C=C\CCCCCCCC)=O,0.059499747276792025
O=C(CCN(CCC(OCCCCCCCC/C=C\CC(CCCCCC)OC(CCCCCCC/C=C\CCCCCCCC)=O)=O)CCCN1C=NC=C1)OCCCCCCCC/C=C\CC(CCCCCC)OC(CCCCCCC/C=C\CCCCCCCC)=O,0.07137394852573654
O=C(CCN(CCC(OCCCCCCCC/C=C\CC(CCCCCC)OC(CCCCCCC/C=C\CCCCCCCC)=O)=O)CCCN1C=NC=C1)OCCCCCCCC/C=C\CC(CCCCCC)OC(CCCCCCC/C=C\CCCCCCCC)=O,0.2235483802097242
O=C(CCN(CCC(OCCCCCCCC/C=C\CC(CCCCCC)OC(CCCCCCC/C=C\CCCCCCCC)=O)=O)CCCN1C=NC=C1)OCCCCCCCC/C=C\CC(CCCCCC)OC(CCCCCCC/C=C\CCCCCCCC)=O,0.20101125700073788
O=C(CCN(CCC(OCCCCCCCC/C=C\CC(CCCCCC)OC(CCCCCCC/C=C\CCCCCCCC)=O)=O)CCCN1C=NC=C1)OCCCCCCCC/C=C\CC(CCCCCC)OC(CCCCCCC/C=C\CCCCCCCC)=O,0.19749541216252933
O=C(CCN(CCC(OCCCCCCCC/C=C\CC(CCCCCC)OC(CCCCCCC/C=C\CCCCCCCC)=O)=O)CCCN1C=NC=C1)OCCCCCCCC/C=C\CC(CCCCCC)OC(CCCCCCC/C=C\CCCCCCCC)=O,0.10754539840649452
O=C(CCN(CCC(OCCCCCCCC/C=C\CC(CCCCCC)OC(CCCCCCC/C=C\CCCCCCCC)=O)=O)CCCN1C=NC=C1)OCCCCCCCC/C=C\CC(CCCCCC)OC(CCCCCCC/C=C\CCCCCCCC)=O,0.22587600461017993
O=C(CCN(CCC(OCCCCCCCC/C=C\CC(CCCCCC)OC(CCCCCCC/C=C\CCCCCCCC)=O)=O)CCCN1C=NC=C1)OCCCCCCCC/C=C\CC(CCCCCC)OC(CCCCCCC/C=C\CCCCCCCC)=O,0.13335089197456876
O=C(CCN(CCC(OCCCCCCCC/C=C\CC(CCCCCC)OC(CCCCCCC/C=C\CCCCCCCC)=O)=O)CCCN1C=NC=C1)OCCCCCCCC/C=C\CC(CCCCCC)OC(CCCCCCC/C=C\CCCCCCCC)=O,0.10691159684474001
O=C(CCN(CCC(OCCCCCCCC/C=C\CC(CCCCCC)OC(CCCCCCC/C=C\CCCCCCCC)=O)=O)CCCN(CC)CC)OCCCCCCCC/C=C\CC(CCCCCC)OC(CCCCCCC/C=C\CCCCCCCC)=O,0.12440729327364787
O=C(CCN(CCC(OCCCCCCCC/C=C\CC(CCCCCC)OC(CCCCCCC/C=C\CCCCCCCC)=O)=O)CCCN(CC)CC)OCCCCCCCC/C=C\CC(CCCCCC)OC(CCCCCCC/C=C\CCCCCCCC)=O,0.17466865546916774
O=C(CCN(CCC(OCCCCCCCC/C=C\CC(CCCCCC)OC(CCCCCCC/C=C\CCCCCCCC)=O)=O)CCCN(CC)CC)OCCCCCCCC/C=C\CC(CCCCCC)OC(CCCCCCC/C=C\CCCCCCCC)=O,0.13258611047235122
O=C(CCN(CCC(OCCCCCCCC/C=C\CC(CCCCCC)OC(CCCCCCC/C=C\CCCCCCCC)=O)=O)CCCN(CC)CC)OCCCCCCCC/C=C\CC(CCCCCC)OC(CCCCCCC/C=C\CCCCCCCC)=O,0.1265322562419477
O=C(CCN(CCC(OCCCCCCCC/C=C\CC(CCCCCC)OC(CCCCCCC/C=C\CCCCCCCC)=O)=O)CCCN(CC)CC)OCCCCCCCC/C=C\CC(CCCCCC)OC(CCCCCCC/C=C\CCCCCCCC)=O,0.19135078374150152
O=C(CCN(CCC(OCCCCCCCC/C=C\CC(CCCCCC)OC(CCCCCCC/C=C\CCCCCCCC)=O)=O)CCCN(CC)CC)OCCCCCCCC/C=C\CC(CCCCCC)OC(CCCCCCC/C=C\CCCCCCCC)=O,0.05309672627528278
O=C(CCN(CCC(OCCCCCCCC/C=C\CC(CCCCCC)OC(CCCCCCC/C=C\CCCCCCCC)=O)=O)CCCN(CC)CC)OCCCCCCCC/C=C\CC(CCCCCC)OC(CCCCCCC/C=C\CCCCCCCC)=O,0.06854128086233313
O=C(CCN(CCC(OCCCCCCCC/C=C\CC(CCCCCC)OC(CCCCCCC/C=C\CCCCCCCC)=O)=O)CCCN(CC)CC)OCCCCCCCC/C=C\CC(CCCCCC)OC(CCCCCCC/C=C\CCCCCCCC)=O,0.22131931320086284
O=C(CCN(CCC(OCCCCCCCC/C=C\CC(CCCCCC)OC(CCCCCCC/C=C\CCCCCCCC)=O)=O)CCCN(CC)CC)OCCCCCCCC/C=C\CC(CCCCCC)OC(CCCCCCC/C=C\CCCCCCCC)=O,0.19422438030655798
O=C(CCN(CCC(OCCCCCCCC/C=C\CC(CCCCCC)OC(CCCCCCC/C=C\CCCCCCCC)=O)=O)CCCN(CC)CC)OCCCCCCCC/C=C\CC(CCCCCC)OC(CCCCCCC/C=C\CCCCCCCC)=O,0.19655755135598088
O=C(CCN(CCC(OCCCCCCCC/C=C\CC(CCCCCC)OC(CCCCCCC/C=C\CCCCCCCC)=O)=O)CCCN(CC)CC)OCCCCCCCC/C=C\CC(CCCCCC)OC(CCCCCCC/C=C\CCCCCCCC)=O,0.10573839112609998
O=C(CCN(CCC(OCCCCCCCC/C=C\CC(CCCCCC)OC(CCCCCCC/C=C\CCCCCCCC)=O)=O)CCCN(CC)CC)OCCCCCCCC/C=C\CC(CCCCCC)OC(CCCCCCC/C=C\CCCCCCCC)=O,0.21937610735866517
O=C(CCN(CCC(OCCCCCCCC/C=C\CC(CCCCCC)OC(CCCCCCC/C=C\CCCCCCCC)=O)=O)CCCN(CC)CC)OCCCCCCCC/C=C\CC(CCCCCC)OC(CCCCCCC/C=C\CCCCCCCC)=O,0.12602081644027172
O=C(CCN(CCC(OCCCCCCCC/C=C\CC(CCCCCC)OC(CCCCCCC/C=C\CCCCCCCC)=O)=O)CCCN(CC)CC)OCCCCCCCC/C=C\CC(CCCCCC)OC(CCCCCCC/C=C\CCCCCCCC)=O,0.10678145933886474
O=C(CCN(CCC(OCCCCCCCC/C=C\CC(CCCCCC)OC(CCCCCCC/C=C\CCCCCCCC)=O)=O)CCCN(CC)CC)OCCCCCCCC/C=C\CC(CCCCCC)OC(CCCCCCC/C=C\CCCCCCCC)=O,0.1767478287627949
O=C(CCN(CCC(OCCCCCCCC/C=C\CC(CCCCCC)OC(CCCCCCC/C=C\CCCCCCCC)=O)=O)CCCN(CC)CC)OCCCCCCCC/C=C\CC(CCCCCC)OC(CCCCCCC/C=C\CCCCCCCC)=O,0.24762101565147332
O=C(CCN(CCC(OCCCCCCCC/C=C\CC(CCCCCC)OC(CCCCCCC/C=C\CCCCCCCC)=O)=O)CCCN(CC)CC)OCCCCCCCC/C=C\CC(CCCCCC)OC(CCCCCCC/C=C\CCCCCCCC)=O,0.20390963456198644
O=C(CCN(CCC(OCCCCCCCC/C=C\CC(CCCCCC)OC(CCCCCCC/C=C\CCCCCCCC)=O)=O)CCCN(CC)CC)OCCCCCCCC/C=C\CC(CCCCCC)OC(CCCCCCC/C=C\CCCCCCCC)=O,0.2716618025927012
O=C(CCN(CCC(OCCCCCCCC/C=C\CC(CCCCCC)OC(CCCCCCC/C=C\CCCCCCCC)=O)=O)CCCN(CC)CC)OCCCCCCCC/C=C\CC(CCCCCC)OC(CCCCCCC/C=C\CCCCCCCC)=O,0.05438402223917729
O=C(CCN(CCC(OCCCCCCCC/C=C\CC(CCCCCC)OC(CCCCCCC/C=C\CCCCCCCC)=O)=O)CCCN(CC)CC)OCCCCCCCC/C=C\CC(CCCCCC)OC(CCCCCCC/C=C\CCCCCCCC)=O,0.0978605840062933
O=C(CCN(CCC(OCCCCCCCC/C=C\CC(CCCCCC)OC(CCCCCCC/C=C\CCCCCCCC)=O)=O)CCCN(CC)CC)OCCCCCCCC/C=C\CC(CCCCCC)OC(CCCCCCC/C=C\CCCCCCCC)=O,0.08998537128680997
O=C(CCN(CCC(OCCCCCCCC/C=C\CC(CCCCCC)OC(CCCCCCC/C=C\CCCCCCCC)=O)=O)CCCN(CC)CC)OCCCCCCCC/C=C\CC(CCCCCC)OC(CCCCCCC/C=C\CCCCCCCC)=O,0.19804202547203753
O=C(CCN(CCC(OCCCCCCCC/C=C\CC(CCCCCC)OC(CCCCCCC/C=C\CCCCCCCC)=O)=O)CCCN(CC)CC)OCCCCCCCC/C=C\CC(CCCCCC)OC(CCCCCCC/C=C\CCCCCCCC)=O,0.08124465767324528
O=C(CCN(CCC(OCCCCCCCC/C=C\CC(CCCCCC)OC(CCCCCCC/C=C\CCCCCCCC)=O)=O)CCCN(CC)CC)OCCCCCCCC/C=C\CC(CCCCCC)OC(CCCCCCC/C=C\CCCCCCCC)=O,0.10734681495415722
O=C(CCN(CCC(OCCCCCCCC/C=C\CC(CCCCCC)OC(CCC/C=C\C/C=C\C/C=C\C/C=C\CCCCC)=O)=O)CCN1CCCC1)OCCCCCCCC/C=C\CC(CCCCCC)OC(CCC/C=C\C/C=C\C/C=C\C/C=C\CCCCC)=O,0.10481142978297898
O=C(CCN(CCC(OCCCCCCCC/C=C\CC(CCCCCC)OC(CCC/C=C\C/C=C\C/C=C\C/C=C\CCCCC)=O)=O)CCN1CCCC1)OCCCCCCCC/C=C\CC(CCCCCC)OC(CCC/C=C\C/C=C\C/C=C\C/C=C\CCCCC)=O,0.16569727879237087
O=C(CCN(CCC(OCCCCCCCC/C=C\CC(CCCCCC)OC(CCC/C=C\C/C=C\C/C=C\C/C=C\CCCCC)=O)=O)CCN1CCCC1)OCCCCCCCC/C=C\CC(CCCCCC)OC(CCC/C=C\C/C=C\C/C=C\C/C=C\CCCCC)=O,0.12369126860509351
O=C(CCN(CCC(OCCCCCCCC/C=C\CC(CCCCCC)OC(CCC/C=C\C/C=C\C/C=C\C/C=C\CCCCC)=O)=O)CCN1CCCC1)OCCCCCCCC/C=C\CC(CCCCCC)OC(CCC/C=C\C/C=C\C/C=C\C/C=C\CCCCC)=O,0.10629943765120022
O=C(CCN(CCC(OCCCCCCCC/C=C\CC(CCCCCC)OC(CCC/C=C\C/C=C\C/C=C\C/C=C\CCCCC)=O)=O)CCN1CCCC1)OCCCCCCCC/C=C\CC(CCCCCC)OC(CCC/C=C\C/C=C\C/C=C\C/C=C\CCCCC)=O,0.17996990995059617
O=C(CCN(CCC(OCCCCCCCC/C=C\CC(CCCCCC)OC(CCC/C=C\C/C=C\C/C=C\C/C=C\CCCCC)=O)=O)CCN1CCCC1)OCCCCCCCC/C=C\CC(CCCCCC)OC(CCC/C=C\C/C=C\C/C=C\C/C=C\CCCCC)=O,0.04226164199723124
O=C(CCN(CCC(OCCCCCCCC/C=C\CC(CCCCCC)OC(CCC/C=C\C/C=C\C/C=C\C/C=C\CCCCC)=O)=O)CCN1CCCC1)OCCCCCCCC/C=C\CC(CCCCCC)OC(CCC/C=C\C/C=C\C/C=C\C/C=C\CCCCC)=O,0.04968901872641433
O=C(CCN(CCC(OCCCCCCCC/C=C\CC(CCCCCC)OC(CCC/C=C\C/C=C\C/C=C\C/C=C\CCCCC)=O)=O)CCN1CCCC1)OCCCCCCCC/C=C\CC(CCCCCC)OC(CCC/C=C\C/C=C\C/C=C\C/C=C\CCCCC)=O,0.21099831158343735
O=C(CCN(CCC(OCCCCCCCC/C=C\CC(CCCCCC)OC(CCC/C=C\C/C=C\C/C=C\C/C=C\CCCCC)=O)=O)CCN1CCCC1)OCCCCCCCC/C=C\CC(CCCCCC)OC(CCC/C=C\C/C=C\C/C=C\C/C=C\CCCCC)=O,0.18926964228211182
O=C(CCN(CCC(OCCCCCCCC/C=C\CC(CCCCCC)OC(CCC/C=C\C/C=C\C/C=C\C/C=C\CCCCC)=O)=O)CCN1CCCC1)OCCCCCCCC/C=C\CC(CCCCCC)OC(CCC/C=C\C/C=C\C/C=C\C/C=C\CCCCC)=O,0.1898999920986085
O=C(CCN(CCC(OCCCCCCCC/C=C\CC(CCCCCC)OC(CCC/C=C\C/C=C\C/C=C\C/C=C\CCCCC)=O)=O)CCN1CCCC1)OCCCCCCCC/C=C\CC(CCCCCC)OC(CCC/C=C\C/C=C\C/C=C\C/C=C\CCCCC)=O,0.09623853212136506
O=C(CCN(CCC(OCCCCCCCC/C=C\CC(CCCCCC)OC(CCC/C=C\C/C=C\C/C=C\C/C=C\CCCCC)=O)=O)CCN1CCCC1)OCCCCCCCC/C=C\CC(CCCCCC)OC(CCC/C=C\C/C=C\C/C=C\C/C=C\CCCCC)=O,0.21229709224186677
O=C(CCN(CCC(OCCCCCCCC/C=C\CC(CCCCCC)OC(CCC/C=C\C/C=C\C/C=C\C/C=C\CCCCC)=O)=O)CCN1CCCC1)OCCCCCCCC/C=C\CC(CCCCCC)OC(CCC/C=C\C/C=C\C/C=C\C/C=C\CCCCC)=O,0.11231474118024713
O=C(CCN(CCC(OCCCCCCCC/C=C\CC(CCCCCC)OC(CCC/C=C\C/C=C\C/C=C\C/C=C\CCCCC)=O)=O)CCN1CCCC1)OCCCCCCCC/C=C\CC(CCCCCC)OC(CCC/C=C\C/C=C\C/C=C\C/C=C\CCCCC)=O,0.09777984447898869
O=C(CCN(CCC(OCCCCCCCC/C=C\CC(CCCCCC)OC(CCC/C=C\C/C=C\C/C=C\C/C=C\CCCCC)=O)=O)CCN1CCCC1)OCCCCCCCC/C=C\CC(CCCCCC)OC(CCC/C=C\C/C=C\C/C=C\C/C=C\CCCCC)=O,0.16874575881370724
O=C(CCN(CCC(OCCCCCCCC/C=C\CC(CCCCCC)OC(CCC/C=C\C/C=C\C/C=C\C/C=C\CCCCC)=O)=O)CCN1CCCC1)OCCCCCCCC/C=C\CC(CCCCCC)OC(CCC/C=C\C/C=C\C/C=C\C/C=C\CCCCC)=O,0.24153526818950846
O=C(CCN(CCC(OCCCCCCCC/C=C\CC(CCCCCC)OC(CCC/C=C\C/C=C\C/C=C\C/C=C\CCCCC)=O)=O)CCN1CCCC1)OCCCCCCCC/C=C\CC(CCCCCC)OC(CCC/C=C\C/C=C\C/C=C\C/C=C\CCCCC)=O,0.19336393402000315
O=C(CCN(CCC(OCCCCCCCC/C=C\CC(CCCCCC)OC(CCC/C=C\C/C=C\C/C=C\C/C=C\CCCCC)=O)=O)CCN1CCCC1)OCCCCCCCC/C=C\CC(CCCCCC)OC(CCC/C=C\C/C=C\C/C=C\C/C=C\CCCCC)=O,0.2644157021309396
O=C(CCN(CCC(OCCCCCCCC/C=C\CC(CCCCCC)OC(CCC/C=C\C/C=C\C/C=C\C/C=C\CCCCC)=O)=O)CCN1CCCC1)OCCCCCCCC/C=C\CC(CCCCCC)OC(CCC/C=C\C/C=C\C/C=C\C/C=C\CCCCC)=O,0.04423444860518726
O=C(CCN(CCC(OCCCCCCCC/C=C\CC(CCCCCC)OC(CCC/C=C\C/C=C\C/C=C\C/C=C\CCCCC)=O)=O)CCN1CCCC1)OCCCCCCCC/C=C\CC(CCCCCC)OC(CCC/C=C\C/C=C\C/C=C\C/C=C\CCCCC)=O,0.08879342326238565
O=C(CCN(CCC(OCCCCCCCC/C=C\CC(CCCCCC)OC(CCC/C=C\C/C=C\C/C=C\C/C=C\CCCCC)=O)=O)CCN1CCCC1)OCCCCCCCC/C=C\CC(CCCCCC)OC(CCC/C=C\C/C=C\C/C=C\C/C=C\CCCCC)=O,0.08218077396923147
O=C(CCN(CCC(OCCCCCCCC/C=C\CC(CCCCCC)OC(CCC/C=C\C/C=C\C/C=C\C/C=C\CCCCC)=O)=O)CCN1CCCC1)OCCCCCCCC/C=C\CC(CCCCCC)OC(CCC/C=C\C/C=C\C/C=C\C/C=C\CCCCC)=O,0.1978297021352291
O=C(CCN(CCC(OCCCCCCCC/C=C\CC(CCCCCC)OC(CCC/C=C\C/C=C\C/C=C\C/C=C\CCCCC)=O)=O)CCN1CCCC1)OCCCCCCCC/C=C\CC(CCCCCC)OC(CCC/C=C\C/C=C\C/C=C\C/C=C\CCCCC)=O,0.07824642552024069
O=C(CCN(CCC(OCCCCCCCC/C=C\CC(CCCCCC)OC(CCC/C=C\C/C=C\C/C=C\C/C=C\CCCCC)=O)=O)CCN1CCCC1)OCCCCCCCC/C=C\CC(CCCCCC)OC(CCC/C=C\C/C=C\C/C=C\C/C=C\CCCCC)=O,0.10618636503710704
O=C(CCN(CCC(OCCCCCCCC/C=C\CC(CCCCCC)OC(CCC/C=C\C/C=C\C/C=C\C/C=C\CCCCC)=O)=O)CCN1CCOCC1)OCCCCCCCC/C=C\CC(CCCCCC)OC(CCC/C=C\C/C=C\C/C=C\C/C=C\CCCCC)=O,0.10553540166631697
O=C(CCN(CCC(OCCCCCCCC/C=C\CC(CCCCCC)OC(CCC/C=C\C/C=C\C/C=C\C/C=C\CCCCC)=O)=O)CCN1CCOCC1)OCCCCCCCC/C=C\CC(CCCCCC)OC(CCC/C=C\C/C=C\C/C=C\C/C=C\CCCCC)=O,0.16776920565750864
O=C(CCN(CCC(OCCCCCCCC/C=C\CC(CCCCCC)OC(CCC/C=C\C/C=C\C/C=C\C/C=C\CCCCC)=O)=O)CCN1CCOCC1)OCCCCCCCC/C=C\CC(CCCCCC)OC(CCC/C=C\C/C=C\C/C=C\C/C=C\CCCCC)=O,0.12565008558027138
O=C(CCN(CCC(OCCCCCCCC/C=C\CC(CCCCCC)OC(CCC/C=C\C/C=C\C/C=C\C/C=C\CCCCC)=O)=O)CCN1CCOCC1)OCCCCCCCC/C=C\CC(CCCCCC)OC(CCC/C=C\C/C=C\C/C=C\C/C=C\CCCCC)=O,0.1075572744976299
O=C(CCN(CCC(OCCCCCCCC/C=C\CC(CCCCCC)OC(CCC/C=C\C/C=C\C/C=C\C/C=C\CCCCC)=O)=O)CCN1CCOCC1)OCCCCCCCC/C=C\CC(CCCCCC)OC(CCC/C=C\C/C=C\C/C=C\C/C=C\CCCCC)=O,0.18238578869308625
O=C(CCN(CCC(OCCCCCCCC/C=C\CC(CCCCCC)OC(CCC/C=C\C/C=C\C/C=C\C/C=C\CCCCC)=O)=O)CCN1CCOCC1)OCCCCCCCC/C=C\CC(CCCCCC)OC(CCC/C=C\C/C=C\C/C=C\C/C=C\CCCCC)=O,0.04337002871124063
O=C(CCN(CCC(OCCCCCCCC/C=C\CC(CCCCCC)OC(CCC/C=C\C/C=C\C/C=C\C/C=C\CCCCC)=O)=O)CCN1CCOCC1)OCCCCCCCC/C=C\CC(CCCCCC)OC(CCC/C=C\C/C=C\C/C=C\C/C=C\CCCCC)=O,0.05050429411768396
O=C(CCN(CCC(OCCCCCCCC/C=C\CC(CCCCCC)OC(CCC/C=C\C/C=C\C/C=C\C/C=C\CCCCC)=O)=O)CCN1CCOCC1)OCCCCCCCC/C=C\CC(CCCCCC)OC(CCC/C=C\C/C=C\C/C=C\C/C=C\CCCCC)=O,0.2136500869208464
O=C(CCN(CCC(OCCCCCCCC/C=C\CC(CCCCCC)OC(CCC/C=C\C/C=C\C/C=C\C/C=C\CCCCC)=O)=O)CCN1CCOCC1)OCCCCCCCC/C=C\CC(CCCCCC)OC(CCC/C=C\C/C=C\C/C=C\C/C=C\CCCCC)=O,0.1914854987238094
O=C(CCN(CCC(OCCCCCCCC/C=C\CC(CCCCCC)OC(CCC/C=C\C/C=C\C/C=C\C/C=C\CCCCC)=O)=O)CCN1CCOCC1)OCCCCCCCC/C=C\CC(CCCCCC)OC(CCC/C=C\C/C=C\C/C=C\C/C=C\CCCCC)=O,0.1933502761424388
O=C(CCN(CCC(OCCCCCCCC/C=C\CC(CCCCCC)OC(CCC/C=C\C/C=C\C/C=C\C/C=C\CCCCC)=O)=O)CCN1CCOCC1)OCCCCCCCC/C=C\CC(CCCCCC)OC(CCC/C=C\C/C=C\C/C=C\C/C=C\CCCCC)=O,0.09826079262169181
O=C(CCN(CCC(OCCCCCCCC/C=C\CC(CCCCCC)OC(CCC/C=C\C/C=C\C/C=C\C/C=C\CCCCC)=O)=O)CCN1CCOCC1)OCCCCCCCC/C=C\CC(CCCCCC)OC(CCC/C=C\C/C=C\C/C=C\C/C=C\CCCCC)=O,0.2143386467308052
O=C(CCN(CCC(OCCCCCCCC/C=C\CC(CCCCCC)OC(CCC/C=C\C/C=C\C/C=C\C/C=C\CCCCC)=O)=O)CCN1CCOCC1)OCCCCCCCC/C=C\CC(CCCCCC)OC(CCC/C=C\C/C=C\C/C=C\C/C=C\CCCCC)=O,0.11536594233985367
O=C(CCN(CCC(OCCCCCCCC/C=C\CC(CCCCCC)OC(CCC/C=C\C/C=C\C/C=C\C/C=C\CCCCC)=O)=O)CCN1CCOCC1)OCCCCCCCC/C=C\CC(CCCCCC)OC(CCC/C=C\C/C=C\C/C=C\C/C=C\CCCCC)=O,0.0988805262713481
O=C(OCCCCCCCC/C=C\CC(CCCCCC)OC(CC/C=C\CCCCC)=O)CCN1CCC(C2=CC=NC=C2)CC1,0.10290164548287796
O=C(OCCCCCCCC/C=C\CC(CCCCCC)OC(CC/C=C\CCCCC)=O)CCN1CCC(C2=CC=NC=C2)CC1,0.1432946618208388
O=C(OCCCCCCCC/C=C\CC(CCCCCC)OC(CC/C=C\CCCCC)=O)CCN1CCC(C2=CC=NC=C2)CC1,0.07968742106536102
O=C(OCCCCCCCC/C=C\CC(CCCCCC)OC(CC/C=C\CCCCC)=O)CCN1CCC(C2=CC=NC=C2)CC1,0.1076040258896638
O=C(OCCCCCCCC/C=C\CC(CCCCCC)OC(CC/C=C\CCCCC)=O)CCN1CCC(C2=CC=NC=C2)CC1,0.15058504601225775
O=C(OCCCCCCCC/C=C\CC(CCCCCC)OC(CC/C=C\CCCCC)=O)CCN1CCC(C2=CC=NC=C2)CC1,0.04091732141243617
O=C(OCCCCCCCC/C=C\CC(CCCCCC)OC(CC/C=C\CCCCC)=O)CCN1CCC(C2=CC=NC=C2)CC1,0.065756676701472
O=C(OCCCCCCCC/C=C\CC(CCCCCC)OC(CC/C=C\CCCCC)=O)CCN1CCC(C2=CC=NC=C2)CC1,0.16237823562007064
O=C(OCCCCCCCC/C=C\CC(CCCCCC)OC(CC/C=C\CCCCC)=O)CCN1CCC(C2=CC=NC=C2)CC1,0.15127837713315603
O=C(OCCCCCCCC/C=C\CC(CCCCCC)OC(CC/C=C\CCCCC)=O)CCN1CCC(C2=CC=NC=C2)CC1,0.1726647645159581
O=C(OCCCCCCCC/C=C\CC(CCCCCC)OC(CC/C=C\CCCCC)=O)CCN1CCC(C2=CC=NC=C2)CC1,0.08297285631623105
O=C(OCCCCCCCC/C=C\CC(CCCCCC)OC(CC/C=C\CCCCC)=O)CCN1CCC(C2=CC=NC=C2)CC1,0.1963162423052149
O=C(OCCCCCCCC/C=C\CC(CCCCCC)OC(CC/C=C\CCCCC)=O)CCN1CCC(C2=CC=NC=C2)CC1,0.08965017178296235
O=C(OCCCCCCCC/C=C\CC(CCCCCC)OC(CC/C=C\CCCCC)=O)CCN1CCC(C2=CC=NC=C2)CC1,0.09402167668643951
O=C(OCCCCCCCC/C=C\CC(CCCCCC)OC(C(CCCCCCCC)CCCCCC)=O)CCN(C)CCCCCCN(CCC(OCCCCCCCC/C=C\CC(CCCCC)OC(C(CCCCCCCC)CCCCCC)=O)=O)C,0.12746917769665492
O=C(OCCCCCCCC/C=C\CC(CCCCCC)OC(C(CCCCCCCC)CCCCCC)=O)CCN(C)CCCCCCN(CCC(OCCCCCCCC/C=C\CC(CCCCC)OC(C(CCCCCCCC)CCCCCC)=O)=O)C,0.17837712707621253
O=C(OCCCCCCCC/C=C\CC(CCCCCC)OC(C(CCCCCCCC)CCCCCC)=O)CCN(C)CCCCCCN(CCC(OCCCCCCCC/C=C\CC(CCCCC)OC(C(CCCCCCCC)CCCCCC)=O)=O)C,0.1346856662098981
O=C(OCCCCCCCC/C=C\CC(CCCCCC)OC(C(CCCCCCCC)CCCCCC)=O)CCN(C)CCCCCCN(CCC(OCCCCCCCC/C=C\CC(CCCCC)OC(C(CCCCCCCC)CCCCCC)=O)=O)C,0.12859735416830329
O=C(OCCCCCCCC/C=C\CC(CCCCCC)OC(C(CCCCCCCC)CCCCCC)=O)CCN(C)CCCCCCN(CCC(OCCCCCCCC/C=C\CC(CCCCC)OC(C(CCCCCCCC)CCCCCC)=O)=O)C,0.19775501620867902
O=C(OCCCCCCCC/C=C\CC(CCCCCC)OC(C(CCCCCCCC)CCCCCC)=O)CCN(C)CCCCCCN(CCC(OCCCCCCCC/C=C\CC(CCCCC)OC(C(CCCCCCCC)CCCCCC)=O)=O)C,0.057133982209513545
O=C(OCCCCCCCC/C=C\CC(CCCCCC)OC(C(CCCCCCCC)CCCCCC)=O)CCN(C)CCCCCCN(CCC(OCCCCCCCC/C=C\CC(CCCCC)OC(C(CCCCCCCC)CCCCCC)=O)=O)C,0.07337088380221715
O=C(OCCCCCCCC/C=C\CC(CCCCCC)OC(C(CCCCCCCC)CCCCCC)=O)CCN(C)CCCCCCN(CCC(OCCCCCCCC/C=C\CC(CCCCC)OC(C(CCCCCCCC)CCCCCC)=O)=O)C,0.2228488911156446
O=C(OCCCCCCCC/C=C\CC(CCCCCC)OC(C(CCCCCCCC)CCCCCC)=O)CCN(C)CCCCCCN(CCC(OCCCCCCCC/C=C\CC(CCCCC)OC(C(CCCCCCCC)CCCCCC)=O)=O)C,0.20398570715077832
O=C(OCCCCCCCC/C=C\CC(CCCCCC)OC(C(CCCCCCCC)CCCCCC)=O)CCN(C)CCCCCCN(CCC(OCCCCCCCC/C=C\CC(CCCCC)OC(C(CCCCCCCC)CCCCCC)=O)=O)C,0.19958485868502313
O=C(OCCCCCCCC/C=C\CC(CCCCCC)OC(C(CCCCCCCC)CCCCCC)=O)CCN(C)CCCCCCN(CCC(OCCCCCCCC/C=C\CC(CCCCC)OC(C(CCCCCCCC)CCCCCC)=O)=O)C,0.11281773427052548
O=C(OCCCCCCCC/C=C\CC(CCCCCC)OC(C(CCCCCCCC)CCCCCC)=O)CCN(C)CCCCCCN(CCC(OCCCCCCCC/C=C\CC(CCCCC)OC(C(CCCCCCCC)CCCCCC)=O)=O)C,0.22568568894508004
O=C(OCCCCCCCC/C=C\CC(CCCCCC)OC(C(CCCCCCCC)CCCCCC)=O)CCN(C)CCCCCCN(CCC(OCCCCCCCC/C=C\CC(CCCCC)OC(C(CCCCCCCC)CCCCCC)=O)=O)C,0.13319194767889614
O=C(OCCCCCCCC/C=C\CC(CCCCCC)OC(C(CCCCCCCC)CCCCCC)=O)CCN(C)CCCCCCN(CCC(OCCCCCCCC/C=C\CC(CCCCC)OC(C(CCCCCCCC)CCCCCC)=O)=O)C,0.10651571222988043
O=C(CCN(CCC(OCCCCCCCC/C=C\CC(CCCCCC)OC(CC/C=C\CCCCC)=O)=O)CCCN(CC)CC)OCCCCCCCC/C=C\CC(CCCCCC)OC(CC/C=C\CCCCC)=O,0.05498586347281039
O=C(CCN(CCC(OCCCCCCCC/C=C\CC(CCCCCC)OC(CC/C=C\CCCCC)=O)=O)CCCN(CC)CC)OCCCCCCCC/C=C\CC(CCCCCC)OC(CC/C=C\CCCCC)=O,0.19345193488614384
O=C(CCN(CCC(OCCCCCCCC/C=C\CC(CCCCCC)OC(CC/C=C\CCCCC)=O)=O)CCCN(CC)CC)OCCCCCCCC/C=C\CC(CCCCCC)OC(CC/C=C\CCCCC)=O,0.1719383622461103
O=C(CCN(CCC(OCCCCCCCC/C=C\CC(CCCCCC)OC(CC/C=C\CCCCC)=O)=O)CCCN(CC)CC)OCCCCCCCC/C=C\CC(CCCCCC)OC(CC/C=C\CCCCC)=O,0.18285941585556656
O=C(CCN(CCC(OCCCCCCCC/C=C\CC(CCCCCC)OC(CC/C=C\CCCCC)=O)=O)CCCN(CC)CC)OCCCCCCCC/C=C\CC(CCCCCC)OC(CC/C=C\CCCCC)=O,0.09178539306978212
O=C(CCN(CCC(OCCCCCCCC/C=C\CC(CCCCCC)OC(CC/C=C\CCCCC)=O)=O)CCCN(CC)CC)OCCCCCCCC/C=C\CC(CCCCCC)OC(CC/C=C\CCCCC)=O,0.20694341298149038
O=C(CCN(CCC(OCCCCCCCC/C=C\CC(CCCCCC)OC(CC/C=C\CCCCC)=O)=O)CCCN(CC)CC)OCCCCCCCC/C=C\CC(CCCCCC)OC(CC/C=C\CCCCC)=O,0.11292681091170681
O=C(CCN(CCC(OCCCCCCCC/C=C\CC(CCCCCC)OC(CC/C=C\CCCCC)=O)=O)CCCN(CC)CC)OCCCCCCCC/C=C\CC(CCCCCC)OC(CC/C=C\CCCCC)=O,0.09396398109993809
O=C(CCN(CCC(OCCCCCCCC/C=C\CC(CCCCCC)OC(CC/C=C\CCCCC)=O)=O)CCCN(CC)CC)OCCCCCCCC/C=C\CC(CCCCCC)OC(CC/C=C\CCCCC)=O,0.16774253104728742
O=C(CCN(CCC(OCCCCCCCC/C=C\CC(CCCCCC)OC(CC/C=C\CCCCC)=O)=O)CCCN(CC)CC)OCCCCCCCC/C=C\CC(CCCCCC)OC(CC/C=C\CCCCC)=O,0.23491403053666315
O=C(CCN(CCC(OCCCCCCCC/C=C\CC(CCCCCC)OC(CC/C=C\CCCCC)=O)=O)CCCN(CC)CC)OCCCCCCCC/C=C\CC(CCCCCC)OC(CC/C=C\CCCCC)=O,0.20801507923919887
O=C(CCN(CCC(OCCCCCCCC/C=C\CC(CCCCCC)OC(CC/C=C\CCCCC)=O)=O)CCCN(CC)CC)OCCCCCCCC/C=C\CC(CCCCCC)OC(CC/C=C\CCCCC)=O,0.2552198054537452
O=C(CCN(CCC(OCCCCCCCC/C=C\CC(CCCCCC)OC(CC/C=C\CCCCC)=O)=O)CCCN(CC)CC)OCCCCCCCC/C=C\CC(CCCCCC)OC(CC/C=C\CCCCC)=O,0.03741886949363682
O=C(CCN(CCC(OCCCCCCCC/C=C\CC(CCCCCC)OC(CC/C=C\CCCCC)=O)=O)CCCN(CC)CC)OCCCCCCCC/C=C\CC(CCCCCC)OC(CC/C=C\CCCCC)=O,0.087060423487767
O=C(CCN(CCC(OCCCCCCCC/C=C\CC(CCCCCC)OC(CC/C=C\CCCCC)=O)=O)CCCN(CC)CC)OCCCCCCCC/C=C\CC(CCCCCC)OC(CC/C=C\CCCCC)=O,0.06808931843358756
O=C(CCN(CCC(OCCCCCCCC/C=C\CC(CCCCCC)OC(CC/C=C\CCCCC)=O)=O)CCCN(CC)CC)OCCCCCCCC/C=C\CC(CCCCCC)OC(CC/C=C\CCCCC)=O,0.18521030039685243
O=C(CCN(CCC(OCCCCCCCC/C=C\CC(CCCCCC)OC(CC/C=C\CCCCC)=O)=O)CCCN(CC)CC)OCCCCCCCC/C=C\CC(CCCCCC)OC(CC/C=C\CCCCC)=O,0.06911371889230147
O=C(CCN(CCC(OCCCCCCCC/C=C\CC(CCCCCC)OC(CC/C=C\CCCCC)=O)=O)CCCN(CC)CC)OCCCCCCCC/C=C\CC(CCCCCC)OC(CC/C=C\CCCCC)=O,0.09639474782359413
O=C(CCN(CCC(OCCCCCCCC/C=C\CC(CCCCCC)OC(CC/C=C\CCCCC)=O)=O)CCCN(C)C)OCCCCCCCC/C=C\CC(CCCCCC)OC(CC/C=C\CCCCC)=O,0.05319631620838514
O=C(CCN(CCC(OCCCCCCCC/C=C\CC(CCCCCC)OC(CC/C=C\CCCCC)=O)=O)CCCN(C)C)OCCCCCCCC/C=C\CC(CCCCCC)OC(CC/C=C\CCCCC)=O,0.18917312760801344
O=C(CCN(CCC(OCCCCCCCC/C=C\CC(CCCCCC)OC(CC/C=C\CCCCC)=O)=O)CCCN(C)C)OCCCCCCCC/C=C\CC(CCCCCC)OC(CC/C=C\CCCCC)=O,0.1679564050601512
O=C(CCN(CCC(OCCCCCCCC/C=C\CC(CCCCCC)OC(CC/C=C\CCCCC)=O)=O)CCCN(C)C)OCCCCCCCC/C=C\CC(CCCCCC)OC(CC/C=C\CCCCC)=O,0.17965759782891155
O=C(CCN(CCC(OCCCCCCCC/C=C\CC(CCCCCC)OC(CC/C=C\CCCCC)=O)=O)CCCN(C)C)OCCCCCCCC/C=C\CC(CCCCCC)OC(CC/C=C\CCCCC)=O,0.08845762734467058
O=C(CCN(CCC(OCCCCCCCC/C=C\CC(CCCCCC)OC(CC/C=C\CCCCC)=O)=O)CCCN(C)C)OCCCCCCCC/C=C\CC(CCCCCC)OC(CC/C=C\CCCCC)=O,0.20390311874048464
O=C(CCN(CCC(OCCCCCCCC/C=C\CC(CCCCCC)OC(CC/C=C\CCCCC)=O)=O)CCCN(C)C)OCCCCCCCC/C=C\CC(CCCCCC)OC(CC/C=C\CCCCC)=O,0.10893822607664576
O=C(CCN(CCC(OCCCCCCCC/C=C\CC(CCCCCC)OC(CC/C=C\CCCCC)=O)=O)CCCN(C)C)OCCCCCCCC/C=C\CC(CCCCCC)OC(CC/C=C\CCCCC)=O,0.09254149675022842
O=C(CCN(CCC(OCCCCCCCC/C=C\CC(CCCCCC)OC(CC/C=C\CCCCC)=O)=O)CCCN(C)C)OCCCCCCCC/C=C\CC(CCCCCC)OC(CC/C=C\CCCCC)=O,0.1658764116974563
O=C(CCN(CCC(OCCCCCCCC/C=C\CC(CCCCCC)OC(CC/C=C\CCCCC)=O)=O)CCCN(C)C)OCCCCCCCC/C=C\CC(CCCCCC)OC(CC/C=C\CCCCC)=O,0.2319700422249022
O=C(CCN(CCC(OCCCCCCCC/C=C\CC(CCCCCC)OC(CC/C=C\CCCCC)=O)=O)CCCN(C)C)OCCCCCCCC/C=C\CC(CCCCCC)OC(CC/C=C\CCCCC)=O,0.20608888610256992
O=C(CCN(CCC(OCCCCCCCC/C=C\CC(CCCCCC)OC(CC/C=C\CCCCC)=O)=O)CCCN(C)C)OCCCCCCCC/C=C\CC(CCCCCC)OC(CC/C=C\CCCCC)=O,0.2515700209712564
O=C(CCN(CCC(OCCCCCCCC/C=C\CC(CCCCCC)OC(CC/C=C\CCCCC)=O)=O)CCCN(C)C)OCCCCCCCC/C=C\CC(CCCCCC)OC(CC/C=C\CCCCC)=O,0.03690028390831159
O=C(CCN(CCC(OCCCCCCCC/C=C\CC(CCCCCC)OC(CC/C=C\CCCCC)=O)=O)CCCN(C)C)OCCCCCCCC/C=C\CC(CCCCCC)OC(CC/C=C\CCCCC)=O,0.08456039820375458
O=C(CCN(CCC(OCCCCCCCC/C=C\CC(CCCCCC)OC(CC/C=C\CCCCC)=O)=O)CCCN(C)C)OCCCCCCCC/C=C\CC(CCCCCC)OC(CC/C=C\CCCCC)=O,0.06547979156351326
O=C(CCN(CCC(OCCCCCCCC/C=C\CC(CCCCCC)OC(CC/C=C\CCCCC)=O)=O)CCCN(C)C)OCCCCCCCC/C=C\CC(CCCCCC)OC(CC/C=C\CCCCC)=O,0.18296104477857825
O=C(CCN(CCC(OCCCCCCCC/C=C\CC(CCCCCC)OC(CC/C=C\CCCCC)=O)=O)CCCN(C)C)OCCCCCCCC/C=C\CC(CCCCCC)OC(CC/C=C\CCCCC)=O,0.06736683758491817
O=C(CCN(CCC(OCCCCCCCC/C=C\CC(CCCCCC)OC(CC/C=C\CCCCC)=O)=O)CCCN(C)C)OCCCCCCCC/C=C\CC(CCCCCC)OC(CC/C=C\CCCCC)=O,0.09274570885843966
O=C(CCN(CCC(OCCCCCCCC/C=C\CC(CCCCCC)OC(CC/C=C\CCCCC)=O)=O)CCN(CCCC)CCCC)OCCCCCCCC/C=C\CC(CCCCCC)OC(CC/C=C\CCCCC)=O,0.059098021533618206
O=C(CCN(CCC(OCCCCCCCC/C=C\CC(CCCCCC)OC(CC/C=C\CCCCC)=O)=O)CCN(CCCC)CCCC)OCCCCCCCC/C=C\CC(CCCCCC)OC(CC/C=C\CCCCC)=O,0.2007479253679167
O=C(CCN(CCC(OCCCCCCCC/C=C\CC(CCCCCC)OC(CC/C=C\CCCCC)=O)=O)CCN(CCCC)CCCC)OCCCCCCCC/C=C\CC(CCCCCC)OC(CC/C=C\CCCCC)=O,0.17913518401207468
O=C(CCN(CCC(OCCCCCCCC/C=C\CC(CCCCCC)OC(CC/C=C\CCCCC)=O)=O)CCN(CCCC)CCCC)OCCCCCCCC/C=C\CC(CCCCCC)OC(CC/C=C\CCCCC)=O,0.1873181910181968
O=C(CCN(CCC(OCCCCCCCC/C=C\CC(CCCCCC)OC(CC/C=C\CCCCC)=O)=O)CCN(CCCC)CCCC)OCCCCCCCC/C=C\CC(CCCCCC)OC(CC/C=C\CCCCC)=O,0.09599966836745558
O=C(CCN(CCC(OCCCCCCCC/C=C\CC(CCCCCC)OC(CC/C=C\CCCCC)=O)=O)CCN(CCCC)CCCC)OCCCCCCCC/C=C\CC(CCCCCC)OC(CC/C=C\CCCCC)=O,0.21197717584337228
O=C(CCN(CCC(OCCCCCCCC/C=C\CC(CCCCCC)OC(CC/C=C\CCCCC)=O)=O)CCN(CCCC)CCCC)OCCCCCCCC/C=C\CC(CCCCCC)OC(CC/C=C\CCCCC)=O,0.11686532680259631
O=C(CCN(CCC(OCCCCCCCC/C=C\CC(CCCCCC)OC(CC/C=C\CCCCC)=O)=O)CCN(CCCC)CCCC)OCCCCCCCC/C=C\CC(CCCCCC)OC(CC/C=C\CCCCC)=O,0.09809275301454076
N(CCC(=O)OCCCCCCCC\C=C/CC(CCCCCC)OC(=O)CCCC5CCCCC5)(CCC(=O)OCCCCCCCC\C=C/CC(CCCCCC)OC(=O)CCCC5CCCCC5)CCN1CCCC1,0.18809510954261674
N(CCC(=O)OCCCCCCCC\C=C/CC(CCCCCC)OC(=O)CCCCCCC/C=C\CCCCCCCC)(CCC(=O)OCCCCCCCC\C=C/CC(CCCCCC)OC(=O)CCCCCCC/C=C\CCCCCCCC)CCc1ccncc1,0.17543082766071524
N(CCC(=O)OCCCCCCCC\C=C/CC(CCCCCC)OC(=O)CCCCCCC/C=C\C/C=C\CCCCC)(CCC(=O)OCCCCCCCC\C=C/CC(CCCCCC)OC(=O)CCCCCCC/C=C\C/C=C\CCCCC)CCc1ccncc1,0.1673808209470321
N(CCC(=O)OCCCCCCCC\C=C/CC(CCCCCC)OC(=O)CCCCCC)(CCC(=O)OCCCCCCCC\C=C/CC(CCCCCC)OC(=O)CCCCCC)CCCN(C)C,0.14665421640508486
N(CCC(=O)OCCCCCCCC\C=C/CC(CCCCCC)OC(=O)CCCCCC)(CCC(=O)OCCCCCCCC\C=C/CC(CCCCCC)OC(=O)CCCCCC)CCN(C)C,0.14576719988073564
N(CCC(=O)OCCCCCCCC\C=C/CC(CCCCCC)OC(=O)CCCCCCC/C=C\C/C=C\CCCCC)(CCC(=O)OCCCCCCCC\C=C/CC(CCCCCC)OC(=O)CCCCCCC/C=C\C/C=C\CCCCC)CCCN(C)C,0.16410023155883502
N(CCC(=O)OCCCCCCCC\C=C/CC(CCCCCC)OC(=O)CCCCCCC/C=C\C/C=C\CCCCC)(CCC(=O)OCCCCCCCC\C=C/CC(CCCCCC)OC(=O)CCCCCCC/C=C\C/C=C\CCCCC)CCN(C)C,0.1629902158894502
N(CCC(=O)OCCCCCCCC\C=C/CC(CCCCCC)OC(=O)CC/C=C\CC)(CCC(=O)OCCCCCCCC\C=C/CC(CCCCCC)OC(=O)CC/C=C\CC)CCCN(C)C,-0.26987003094422773
N(CCC(=O)OCCCCCCCC\C=C/CC(CCCCCC)OC(=O)CCCCCCCCCCC)(CCC(=O)OCCCCCCCC\C=C/CC(CCCCCC)OC(=O)CCCCCCCCCCC)CCCN(C)C,-0.27482336739608537
N(CCC(=O)OCCCCCCCC\C=C/CC(CCCCCC)OC(=O)CCCCCC)(CCC(=O)OCCCCCCCC\C=C/CC(CCCCCC)OC(=O)CCCCCC)CCCN(C)C,-0.2699534990649759
N(CCC(=O)OCCCCCCCC\C=C/CC(CCCCCC)OC(=O)CCCCCCC/C=C\C/C=C\CCCCC)(CCC(=O)OCCCCCCCC\C=C/CC(CCCCCC)OC(=O)CCCCCCC/C=C\C/C=C\CCCCC)CCCN(C)C,-0.27971214204679273
N(CCC(=O)OCCCCCCCC\C=C/CC(CCCCCC)OC(=O)C(CCCCCC)CCCCCCCC)(CCC(=O)OCCCCCCCC\C=C/CC(CCCCCC)OC(=O)C(CCCCCC)CCCCCCCC)CCN(C)C,-0.2718645880204119
N(CCC(=O)OCCCCCCCC\C=C/CC(CCCCCC)OC(=O)CCC/C=C\C/C=C\C/C=C\C/C=C\CCCCC)(CCC(=O)OCCCCCCCC\C=C/CC(CCCCCC)OC(=O)CCC/C=C\C/C=C\C/C=C\C/C=C\CCCCC)CCN(C)C,-0.28314524937124075
N(CCC(=O)OCCCCCCCC\C=C/CC(CCCCCC)OC(=O)CCCCCC)(CCC(=O)OCCCCCCCC\C=C/CC(CCCCCC)OC(=O)CCCCCC)CCN(C)C,-0.26937942089687206
N(CCC(=O)OCCCCCCCC\C=C/CC(CCCCCC)OC(=O)CCCCCCC/C=C\C/C=C\CCCCC)(CCC(=O)OCCCCCCCC\C=C/CC(CCCCCC)OC(=O)CCCCCCC/C=C\C/C=C\CCCCC)CCN(C)C,-0.2793055667133593
N(CCC(=O)OCCCCCCCC\C=C/CC(CCCCCC)OC(=O)CCC/C=C\C/C=C\C/C=C\C/C=C\CCCCC)(CCC(=O)OCCCCCCCC\C=C/CC(CCCCCC)OC(=O)CCC/C=C\C/C=C\C/C=C\C/C=C\CCCCC)CCCN(CC)CC,-0.282101375999755
N(CCC(=O)OCCCCCCCC\C=C/CC(CCCCCC)OC(=O)CC\C=C/C/C=C\C\C=C/C\C=C/C\C=C/C\C=C/CC)(CCC(=O)OCCCCCCCC\C=C/CC(CCCCCC)OC(=O)CC\C=C/C/C=C\C\C=C/C\C=C/C\C=C/C\C=C/CC)CCCN(CC)CC,-0.2840382300342644
N(CCC(=O)OCCCCCCCC\C=C/CC(CCCCCC)OC(=O)CCCCCCCCCCCCCCCCC)(CCC(=O)OCCCCCCCC\C=C/CC(CCCCCC)OC(=O)CCCCCCCCCCCCCCCCC)CCCN(CC)CC,-0.2787702256259457
N(CCC(=O)OCCCCCCCC\C=C/CC(CCCCCC)OC(=O)CCCCCCCCCC)(CCC(=O)OCCCCCCCC\C=C/CC(CCCCCC)OC(=O)CCCCCCCCCC)CCN(CC)CC,-0.2719416446920851
CN(CCC(=O)OCCCCCCCC\C=C/CC(CCCCCC)OC(=O)CC/C=C\CC)CCCN(CCC(=O)OCCCCCCCC\C=C/CC(CCCCCC)OC(=O)CC/C=C\CC)C,-0.27201911885346547
CN(CCC(=O)OCCCCCCCC\C=C/CC(CCCCCC)OC(=O)CCCCCCC/C=C\CCCCCCCC)CCCN(CCC(=O)OCCCCCCCC\C=C/CC(CCCCCC)OC(=O)CCCCCCC/C=C\CCCCCCCC)C,-0.28124254003064225
CCN(CC)CCN(CCC(=O)OCCCCCCCC\C=C/CC(CCCCCC)OC(=O)CCCCCCCCCCC)CCN(CC)CC,-0.2700545315741201
CCN(CC)CCN(CCC(=O)OCCCCCCCC\C=C/CC(CCCCCC)OC(=O)CCCCC)CCN(CC)CC,-0.2648812376879508
CCN(CC)CCN(CCC(=O)OCCCCCCCC\C=C/CC(CCCCCC)OC(=O)CCCCCCCCCC)CCN(CC)CC,-0.26913235645228534
N(CCC(=O)OCCCCCCCC\C=C/CC(CCCCCC)OC(=O)CCCCCCCCCCCCC)(CCC(=O)OCCCCCCCC\C=C/CC(CCCCCC)OC(=O)CCCCCCCCCCCCC)CCCN1CCN(C)CC1,-0.2628793149005037
N(CCC(=O)OCCCCCCCC\C=C/CC(CCCCCC)OC(=O)CCCCCCC)(CCC(=O)OCCCCCCCC\C=C/CC(CCCCCC)OC(=O)CCCCCCC)CCCN1CCN(C)CC1,-0.25569762713642563
N(CCC(=O)OCCCCCCCC\C=C/CC(CCCCCC)OC(=O)CCCCCCCCCCCCC)(CCC(=O)OCCCCCCCC\C=C/CC(CCCCCC)OC(=O)CCCCCCCCCCCCC)CCc1ccncc1,-0.26286980209931804
N(CCC(=O)OCCCCCCCC\C=C/CC(CCCCCC)OC(=O)CC/C=C\CCCCC)(CCC(=O)OCCCCCCCC\C=C/CC(CCCCCC)OC(=O)CC/C=C\CCCCC)CCc1ccncc1,-0.2577546883859175
N(CCC(=O)OCCCCCCCC\C=C/CC(CCCCCC)OC(=O)CCCCCCC/C=C\CCCCCCCC)(CCC(=O)OCCCCCCCC\C=C/CC(CCCCCC)OC(=O)CCCCCCC/C=C\CCCCCCCC)CCc1ccncc1,-0.26741259706552384
N(CCC(=O)OCCCCCCCC\C=C/CC(CCCCCC)OC(=O)CCCCCCC/C=C\C/C=C\CCCCC)(CCC(=O)OCCCCCCCC\C=C/CC(CCCCCC)OC(=O)CCCCCCC/C=C\C/C=C\CCCCC)CCc1ccncc1,-0.26729874165822964
N(CCC(=O)OCCCCCCCC\C=C/CC(CCCCCC)OC(=O)CCCCCCCCCCC)(CCC(=O)OCCCCCCCC\C=C/CC(CCCCCC)OC(=O)CCCCCCCCCCC)CCN1CCOCC1,-0.2596588887611846
N(CCC(=O)OCCCCCCCC\C=C/CC(CCCCCC)OC(=O)CC/C=C\CCCCC)(CCC(=O)OCCCCCCCC\C=C/CC(CCCCCC)OC(=O)CC/C=C\CCCCC)CCN1CCOCC1,-0.25719095799841374
N(CCC(=O)OCCCCCCCC\C=C/CC(CCCCCC)OC(=O)CCCCCCCCCCCCCCCCC)(CCC(=O)OCCCCCCCC\C=C/CC(CCCCCC)OC(=O)CCCCCCCCCCCCCCCCC)CCN1CCOCC1,-0.26675421579725744
N(CCC(=O)OCCCCCCCC\C=C/CC(CCCCCC)OC(=O)CCCCCCC/C=C\CCCCCCCC)(CCC(=O)OCCCCCCCC\C=C/CC(CCCCCC)OC(=O)CCCCCCC/C=C\CCCCCCCC)CCN1CCOCC1,-0.2665441588331453
N(CCC(=O)OCCCCCCCC\C=C/CC(CCCCCC)OC(=O)CCCCCCCCCCCCCCC)(CCC(=O)OCCCCCCCC\C=C/CC(CCCCCC)OC(=O)CCCCCCCCCCCCCCC)CCN1CCCCC1,-0.26681093475605094
N(CCC(=O)OCCCCCCCC\C=C/CC(CCCCCC)OC(=O)CCCCCCC/C=C\CCCCCCCC)(CCC(=O)OCCCCCCCC\C=C/CC(CCCCCC)OC(=O)CCCCCCC/C=C\CCCCCCCC)CCN1CCCCC1,-0.2686801554579928
N(CCC(=O)OCCCCCCCC\C=C/CC(CCCCCC)OC(=O)CCCCCCCCCCC)(CCC(=O)OCCCCCCCC\C=C/CC(CCCCCC)OC(=O)CCCCCCCCCCC)CCCN1CCCCCC1,-0.26234621036509304
N(CCC(=O)OCCCCCCCC\C=C/CC(CCCCCC)OC(=O)CCCCCCCCCCCCC)(CCC(=O)OCCCCCCCC\C=C/CC(CCCCCC)OC(=O)CCCCCCCCCCCCC)CCCN1CCCCCC1,-0.2647428100293181
N(CCC(=O)OCCCCCCCC\C=C/CC(CCCCCC)OC(=O)CCCCCCCCCCCCCCCCC)(CCC(=O)OCCCCCCCC\C=C/CC(CCCCCC)OC(=O)CCCCCCCCCCCCCCCCC)CCCN1CCCCCC1,-0.2689008882303321
N(CCC(=O)OCCCCCCCC\C=C/CC(CCCCCC)OC(=O)CCCCCCCCCCC)(CCC(=O)OCCCCCCCC\C=C/CC(CCCCCC)OC(=O)CCCCCCCCCCC)CCCN1CCCCC1,-0.2624578292203843
N(CCC(=O)OCCCCCCCC\C=C/CC(CCCCCC)OC(=O)CCCCCCCCCCCCC)(CCC(=O)OCCCCCCCC\C=C/CC(CCCCCC)OC(=O)CCCCCCCCCCCCC)CCCN1CCCCC1,-0.2649056011944357
N(CCC(=O)OCCCCCCCC\C=C/CC(CCCCCC)OC(=O)CCC/C=C\C/C=C\C/C=C\C/C=C\CCCCC)(CCC(=O)OCCCCCCCC\C=C/CC(CCCCCC)OC(=O)CCC/C=C\C/C=C\C/C=C\C/C=C\CCCCC)CCCN1CCCCC1,-0.27311950243889116
N(CCC(=O)OCCCCCCCC\C=C/CC(CCCCCC)OC(=O)CCCCCC)(CCC(=O)OCCCCCCCC\C=C/CC(CCCCCC)OC(=O)CCCCCC)CCCN1CCCCC1,-0.2562503536880751
N(CCC(=O)OCCCCCCCC\C=C/CC(CCCCCC)OC(=O)CCCCCCC)(CCC(=O)OCCCCCCCC\C=C/CC(CCCCCC)OC(=O)CCCCCCC)CCCN1CCCCC1,-0.2573217813802366
N(CCC(=O)OCCCCCCCC\C=C/CC(CCCCCC)OC(=O)CCCCCCCCCCCCCCCCC)(CCC(=O)OCCCCCCCC\C=C/CC(CCCCCC)OC(=O)CCCCCCCCCCCCCCCCC)CCCN1CCCCC1,-0.26913375802487377
N(CCC(=O)OCCCCCCCC\C=C/CC(CCCCCC)OC(=O)CCCCCCCCCC)(CCC(=O)OCCCCCCCC\C=C/CC(CCCCCC)OC(=O)CCCCCCCCCC)CCCN1CCCCC1,-0.2612304393018874
N(CCC(=O)OCCCCCCCC\C=C/CC(CCCCCC)OC(=O)CC\C=C/C/C=C\C\C=C/C\C=C/C\C=C/C\C=C/CC)(CCC(=O)OCCCCCCCC\C=C/CC(CCCCCC)OC(=O)CC\C=C/C/C=C\C\C=C/C\C=C/C\C=C/C\C=C/CC)CCN1CCN(C)CCCC1,-0.27366760678306795
N(CCC(=O)OCCCCCCCC\C=C/CC(CCCCCC)OC(=O)CCC/C=C\C/C=C\C/C=C\C/C=C\C/C=C\CC)(CCC(=O)OCCCCCCCC\C=C/CC(CCCCCC)OC(=O)CCC/C=C\C/C=C\C/C=C\C/C=C\C/C=C\CC)CCN1CCN(C)CCCC1,-0.2720785514953558
N(CCC(=O)OCCCCCCCC\C=C/CC(CCCCCC)OC(=O)CC/C=C\CC)(CCC(=O)OCCCCCCCC\C=C/CC(CCCCCC)OC(=O)CC/C=C\CC)CCC1N(C)CCCC1,-0.2556250733894516
N(CCC(=O)OCCCCCCCC\C=C/CC(CCCCCC)OC(=O)CCCCCCCCCCCCCCC)(CCC(=O)OCCCCCCCC\C=C/CC(CCCCCC)OC(=O)CCCCCCCCCCCCCCC)CCC1N(C)CCCC1,-0.2663876001929425
N(CCC(=O)OCCCCCCCC\C=C/CC(CCCCCC)OC(=O)C(CCCCCC)CCCCCCCC)(CCC(=O)OCCCCCCCC\C=C/CC(CCCCCC)OC(=O)C(CCCCCC)CCCCCCCC)CCC1N(C)CCCC1,-0.2606905058276945
N(CCC(=O)OCCCCCCCC\C=C/CC(CCCCCC)OC(=O)CCCCCC)(CCC(=O)OCCCCCCCC\C=C/CC(CCCCCC)OC(=O)CCCCCC)CCC1N(C)CCCC1,-0.25568259750696615
N(CCC(=O)OCCCCCCCC\C=C/CC(CCCCCC)OC(=O)CCCCCCCCCC)(CCC(=O)OCCCCCCCC\C=C/CC(CCCCCC)OC(=O)CCCCCCCCCC)CCC1N(C)CCCC1,-0.26050403703203956
N(CCC(=O)OCCCCCCCC\C=C/CC(CCCCCC)OC(=O)CCCCCCCCCCCCCCC)(CCC(=O)OCCCCCCCC\C=C/CC(CCCCCC)OC(=O)CCCCCCCCCCCCCCC)CCN1CCN(C)CC1,-0.26465421274931
N(CCC(=O)OCCCCCCCC\C=C/CC(CCCCCC)OC(=O)CCCCCC)(CCC(=O)OCCCCCCCC\C=C/CC(CCCCCC)OC(=O)CCCCCC)CCN1CCN(C)CC1,-0.2540176187339289
N(CCC(=O)OCCCCCCCC\C=C/CC(CCCCCC)OC(=O)CCCCCCCCCCC)(CCC(=O)OCCCCCCCC\C=C/CC(CCCCCC)OC(=O)CCCCCCCCCCC)CC1N(C)CCCC1,-0.2613066013527594
N(CCC(=O)OCCCCCCCC\C=C/CC(CCCCCC)OC(=O)CC/C=C\CCCCC)(CCC(=O)OCCCCCCCC\C=C/CC(CCCCCC)OC(=O)CC/C=C\CCCCC)CC1N(C)CCCC1,-0.2587870211490683
N(CCC(=O)OCCCCCCCC\C=C/CC(CCCCCC)OC(=O)CC/C=C\CCCCC)(CCC(=O)OCCCCCCCC\C=C/CC(CCCCCC)OC(=O)CC/C=C\CCCCC)CCC1N(CC(C)C)CCCC1,-0.2580086115899798
N(CCC(=O)OCCCCCCCC\C=C/CC(CCCCCC)OC(=O)CC\C=C/C/C=C\C\C=C/C\C=C/C\C=C/C\C=C/CC)(CCC(=O)OCCCCCCCC\C=C/CC(CCCCCC)OC(=O)CC\C=C/C/C=C\C\C=C/C\C=C/C\C=C/C\C=C/CC)CCC1N(CC(C)C)CCCC1,-0.27386573546983134
N(CCC(=O)OCCCCCCCC\C=C/CC(CCCCCC)OC(=O)CCCCCCC/C=C\C/C=C\CCCCC)(CCC(=O)OCCCCCCCC\C=C/CC(CCCCCC)OC(=O)CCCCCCC/C=C\C/C=C\CCCCC)CCC1N(CC(C)C)CCCC1,-0.266248307734202
N(CCC(=O)OCCCCCCCC\C=C/CC(CCCCCC)OC(=O)CCC/C=C\C/C=C\C/C=C\C/C=C\C/C=C\CC)(CCC(=O)OCCCCCCCC\C=C/CC(CCCCCC)OC(=O)CCC/C=C\C/C=C\C/C=C\C/C=C\C/C=C\CC)CCC1N(CC(C)C)CCCC1,-0.27227817121678777
N(CCC(=O)OCCCCCCCC\C=C/CC(CCCCCC)OC(=O)C(CCCCCC)CCCCCCCC)(CCC(=O)OCCCCCCCC\C=C/CC(CCCCCC)OC(=O)C(CCCCCC)CCCCCCCC)CCN1CCCCCC1,-0.26107465599971225
N(CCC(=O)OCCCCCCCC\C=C/CC(CCCCCC)OC(=O)CC/C=C\CCCCC)(CCC(=O)OCCCCCCCC\C=C/CC(CCCCCC)OC(=O)CC/C=C\CCCCC)CCN1CCCCCC1,-0.2594864953328012
N(CCC(=O)OCCCCCCCC\C=C/CC(CCCCCC)OC(=O)CCCCCCCCCCC)(CCC(=O)OCCCCCCCC\C=C/CC(CCCCCC)OC(=O)CCCCCCCCCCC)CCO,-0.27466000963779374
N(CCC(=O)OCCCCCCCC\C=C/CC(CCCCCC)OC(=O)CCCCC)(CCC(=O)OCCCCCCCC\C=C/CC(CCCCCC)OC(=O)CCCCC)CCO,-0.26804181369567237
N(CCC(=O)OCCCCCCCC\C=C/CC(CCCCCC)OC(=O)CCCCCC)(CCC(=O)OCCCCCCCC\C=C/CC(CCCCCC)OC(=O)CCCCCC)CCO,-0.2692698298487301
N(CCC(=O)OCCCCCCCC\C=C/CC(CCCCCC)OC(=O)CCC/C=C\C/C=C\C/C=C\C/C=C\C/C=C\CC)(CCC(=O)OCCCCCCCC\C=C/CC(CCCCCC)OC(=O)CCC/C=C\C/C=C\C/C=C\C/C=C\C/C=C\CC)CCO,-0.28434586030708964
N(CCC(=O)OCCCCCCCC\C=C/CC(CCCCCC)OC(=O)C(CCCCCC)CCCCCCCC)(CCC(=O)OCCCCCCCC\C=C/CC(CCCCCC)OC(=O)C(CCCCCC)CCCCCCCC)CCCCCO,-0.27309451269784546
N(CCC(=O)OCCCCCCCC\C=C/CC(CCCCCC)OC(=O)CCC/C=C\C/C=C\C/C=C\C/C=C\CCCCC)(CCC(=O)OCCCCCCCC\C=C/CC(CCCCCC)OC(=O)CCC/C=C\C/C=C\C/C=C\C/C=C\CCCCC)CCCCCO,-0.28387678080034856
N(CCC(=O)OCCCCCCCC\C=C/CC(CCCCCC)OC(=O)CCCCCCC/C=C\CCCCCCCC)(CCC(=O)OCCCCCCCC\C=C/CC(CCCCCC)OC(=O)CCCCCCC/C=C\CCCCCCCC)CCCCCO,-0.28037505606045166
N(CCC(=O)OCCCCCCCC\C=C/CC(CCCCCC)OC(=O)CCC/C=C\C/C=C\C/C=C\C/C=C\C/C=C\CC)(CCC(=O)OCCCCCCCC\C=C/CC(CCCCCC)OC(=O)CCC/C=C\C/C=C\C/C=C\C/C=C\C/C=C\CC)CCCCCO,-0.2849625820667154
N(CCC(=O)OCCCCCCCC\C=C/CC(CCCCCC)OC(=O)CCCCCCCCCC)(CCC(=O)OCCCCCCCC\C=C/CC(CCCCCC)OC(=O)CCCCCCCCCC)CCCCCO,-0.2747109135613797
N(CCC(=O)OCCCCCCCC\C=C/CC(CCCCCC)OC(=O)CCCCCCCCCCCCCCC)(CCC(=O)OCCCCCCCC\C=C/CC(CCCCCC)OC(=O)CCCCCCCCCCCCCCC)CCC1OCCO1,-0.2659005984494848
N(CCC(=O)OCCCCCCCC\C=C/CC(CCCCCC)OC(=O)CC/C=C\CCCCC)(CCC(=O)OCCCCCCCC\C=C/CC(CCCCCC)OC(=O)CC/C=C\CCCCC)CCC1OCCO1,-0.2585938426974047
N(CCC(=O)OCCCCCCCC\C=C/CC(CCCCCC)OC(=O)CCCCCCC)(CCC(=O)OCCCCCCCC\C=C/CC(CCCCCC)OC(=O)CCCCCCC)CCC1OCCO1,-0.2559030618930651
N(CCC(=O)OCCCCCCCC\C=C/CC(CCCCCC)OC(=O)CCC/C=C\C/C=C\C/C=C\C/C=C\C/C=C\CC)(CCC(=O)OCCCCCCCC\C=C/CC(CCCCCC)OC(=O)CCC/C=C\C/C=C\C/C=C\C/C=C\C/C=C\CC)CCC1OCCO1,-0.27327558394800006
N(CCC(=O)OCCCCCCCC\C=C/CC(CCCCCC)OC(=O)CCCCCCCCCCCCC)(CCC(=O)OCCCCCCCC\C=C/CC(CCCCCC)OC(=O)CCCCCCCCCCCCC)CCN1CCCC1,-0.2647523526511971
N(CCC(=O)OCCCCCCCC\C=C/CC(CCCCCC)OC(=O)CCCCCCCCCCCCCCC)(CCC(=O)OCCCCCCCC\C=C/CC(CCCCCC)OC(=O)CCCCCCCCCCCCCCC)CCN1CCCC1,-0.2670753548441802
N(CCC(=O)OCCCCCCCC\C=C/CC(CCCCCC)OC(=O)C(CCCCCC)CCCCCCCC)(CCC(=O)OCCCCCCCC\C=C/CC(CCCCCC)OC(=O)C(CCCCCC)CCCCCCCC)CCN1CCCC1,-0.26124275524825
N(CCC(=O)OCCCCCCCC\C=C/CC(CCCCCC)OC(=O)CCC/C=C\C/C=C\C/C=C\C/C=C\C/C=C\CC)(CCC(=O)OCCCCCCCC\C=C/CC(CCCCCC)OC(=O)CCC/C=C\C/C=C\C/C=C\C/C=C\C/C=C\CC)CCN1CCCC1,-0.27456896706092915
N(CCC(=O)OCCCCCCCC\C=C/CC(CCCCCC)OC(=O)CCCCCCCCCCC)(CCC(=O)OCCCCCCCC\C=C/CC(CCCCCC)OC(=O)CCCCCCCCCCC)CCCN1CCCC1,-0.26258901045052757
N(CCC(=O)OCCCCCCCC\C=C/CC(CCCCCC)OC(=O)CCCCCCC)(CCC(=O)OCCCCCCCC\C=C/CC(CCCCCC)OC(=O)CCCCCCC)CCCN1CCCC1,-0.25743700853942586
N(CCC(=O)OCCCCCCCC\C=C/CC(CCCCCC)OC(=O)CCCCCCCCCCCCC)(CCC(=O)OCCCCCCCC\C=C/CC(CCCCCC)OC(=O)CCCCCCCCCCCCC)CCCn1ccnc1,-0.2643178949694609
N(CCC(=O)OCCCCCCCC\C=C/CC(CCCCCC)OC(=O)CCCCCCCCCCCCCCC)(CCC(=O)OCCCCCCCC\C=C/CC(CCCCCC)OC(=O)CCCCCCCCCCCCCCC)CCCn1ccnc1,-0.26654222048807613
N(CCC(=O)OCCCCCCCC\C=C/CC(CCCCCC)OC(=O)CCCCC)(CCC(=O)OCCCCCCCC\C=C/CC(CCCCCC)OC(=O)CCCCC)CCCn1ccnc1,-0.2538281678689368
N(CCC(=O)OCCCCCCCC\C=C/CC(CCCCCC)OC(=O)CCC/C=C\C/C=C\C/C=C\C/C=C\C/C=C\CC)(CCC(=O)OCCCCCCCC\C=C/CC(CCCCCC)OC(=O)CCC/C=C\C/C=C\C/C=C\C/C=C\C/C=C\CC)CCCN(CCC(=O)OCCCCCCCC\C=C/CC(CCCCCC)OC(=O)CCC/C=C\C/C=C\C/C=C\C/C=C\C/C=C\CC)(CCC(=O)OCCCCCCCC\C=C/CC(CCCCCC)OC(=O)CCC/C=C\C/C=C\C/C=C\C/C=C\C/C=C\CC),-0.06109276224674399
N(CCC(=O)OCCCCCCCC\C=C/CC(CCCCCC)OC(=O)CC\C=C/C/C=C\C\C=C/C\C=C/C\C=C/C\C=C/CC)(CCC(=O)OCCCCCCCC\C=C/CC(CCCCCC)OC(=O)CC\C=C/C/C=C\C\C=C/C\C=C/C\C=C/C\C=C/CC)CCCN(CCCC)CCCC,-0.15193124628592994
N(CCC(=O)OCCCCCCCC\C=C/CC(CCCCCC)OC(=O)CC\C=C/C/C=C\C\C=C/C\C=C/C\C=C/C\C=C/CC)(CCC(=O)OCCCCCCCC\C=C/CC(CCCCCC)OC(=O)CC\C=C/C/C=C\C\C=C/C\C=C/C\C=C/C\C=C/CC)CCCN(CCC(=O)OCCCCCCCC\C=C/CC(CCCCCC)OC(=O)CC\C=C/C/C=C\C\C=C/C\C=C/C\C=C/C\C=C/CC)(CCC(=O)OCCCCCCCC\C=C/CC(CCCCCC)OC(=O)CC\C=C/C/C=C\C\C=C/C\C=C/C\C=C/C\C=C/CC),-0.05592203294020466
N(CCC(=O)OCCCCCCCC\C=C/CC(CCCCCC)OC(=O)CC\C=C/C/C=C\C\C=C/C\C=C/C\C=C/C\C=C/CC)(CCC(=O)OCCCCCCCC\C=C/CC(CCCCCC)OC(=O)CC\C=C/C/C=C\C\C=C/C\C=C/C\C=C/C\C=C/CC)CCCN(CC)CC,-0.15844077562140385
CN(CCC(=O)OCCCCCCCC\C=C/CC(CCCCCC)OC(=O)CC\C=C/C/C=C\C\C=C/C\C=C/C\C=C/C\C=C/CC)CCN(CCN(CCC(=O)OCCCCCCCC\C=C/CC(CCCCCC)OC(=O)CC\C=C/C/C=C\C\C=C/C\C=C/C\C=C/C\C=C/CC)C)CCN(CCC(=O)OCCCCCCCC\C=C/CC(CCCCCC)OC(=O)CC\C=C/C/C=C\C\C=C/C\C=C/C\C=C/C\C=C/CC)C,-0.0957107403821559
C1N(CCC(=O)OCCCCCCCC\C=C/CC(CCCCCC)OC(=O)CCC/C=C\C/C=C\C/C=C\C/C=C\C/C=C\CC)CCN(CCC(=O)OCCCCCCCC\C=C/CC(CCCCCC)OC(=O)CCC/C=C\C/C=C\C/C=C\C/C=C\C/C=C\CC)CCN(CCC(=O)OCCCCCCCC\C=C/CC(CCCCCC)OC(=O)CCC/C=C\C/C=C\C/C=C\C/C=C\C/C=C\CC)C1,-0.09806526304803315
N(CCC(=O)OCCCCCCCC\C=C/CC(CCCCCC)OC(=O)CC\C=C/C/C=C\C\C=C/C\C=C/C\C=C/C\C=C/CC)(CCC(=O)OCCCCCCCC\C=C/CC(CCCCCC)OC(=O)CC\C=C/C/C=C\C\C=C/C\C=C/C\C=C/C\C=C/CC)CCCN(CCC(=O)OCCCCCCCC\C=C/CC(CCCCCC)OC(=O)CC\C=C/C/C=C\C\C=C/C\C=C/C\C=C/C\C=C/CC)C,-0.10469502941918284
N(CCC(=O)OCCCCCCCC\C=C/CC(CCCCCC)OC(=O)CCCCCCC/C=C\C/C=C\C/C=C\CC)(CCC(=O)OCCCCCCCC\C=C/CC(CCCCCC)OC(=O)CCCCCCC/C=C\C/C=C\C/C=C\CC)CCCN1CCN(CCCN(CCC(=O)OCCCCCCCC\C=C/CC(CCCCCC)OC(=O)CCCCCCC/C=C\C/C=C\C/C=C\CC)(CCC(=O)OCCCCCCCC\C=C/CC(CCCCCC)OC(=O)CCCCCCC/C=C\C/C=C\C/C=C\CC))CC1,-0.04848782354465271
N(CCC(=O)OCCCCCCCC\C=C/CC(CCCCCC)OC(=O)CCCCCCC/C=C\C/C=C\C/C=C\CC)(CCC(=O)OCCCCCCCC\C=C/CC(CCCCCC)OC(=O)CCCCCCC/C=C\C/C=C\C/C=C\CC)CCCN(CCC(=O)OCCCCCCCC\C=C/CC(CCCCCC)OC(=O)CCCCCCC/C=C\C/C=C\C/C=C\CC)CCCN(C)C,-0.10390752454861586
N(CCC(=O)OCCCCCCCC\C=C/CC(CCCCCC)OC(=O)CCCCCCC/C=C\C/C=C\C/C=C\CC)(CCC(=O)OCCCCCCCC\C=C/CC(CCCCCC)OC(=O)CCCCCCC/C=C\C/C=C\C/C=C\CC)CCCn1ccnc1,-0.14965923747861296
OCCN(CCO)CCCN(CCC(=O)OCCCCCCCC\C=C/CC(CCCCCC)OC(=O)CCCCCCC/C=C\C/C=C\C/C=C\CC)(CCC(=O)OCCCCCCCC\C=C/CC(CCCCCC)OC(=O)CCCCCCC/C=C\C/C=C\C/C=C\CC),-0.15281210483709787
N(CCC(=O)OCCCCCCCC\C=C/CC(CCCCCC)OC(=O)CCCC\C=C/C\C=C/C\C=C/CCCCC)(CCC(=O)OCCCCCCCC\C=C/CC(CCCCCC)OC(=O)CCCC\C=C/C\C=C/C\C=C/CCCCC)CCN(CCC(=O)OCCCCCCCC\C=C/CC(CCCCCC)OC(=O)CCCC\C=C/C\C=C/C\C=C/CCCCC)CCN(CC1)CCN1CCN(CCC(=O)OCCCCCCCC\C=C/CC(CCCCCC)OC(=O)CCCC\C=C/C\C=C/C\C=C/CCCCC)(CCC(=O)OCCCCCCCC\C=C/CC(CCCCCC)OC(=O)CCCC\C=C/C\C=C/C\C=C/CCCCC),-0.01768003540137737
N(CCC(=O)OCCCCCCCC\C=C/CC(CCCCCC)OC(=O)CCCCCCC/C=C\CCCCCCCC)(CCC(=O)OCCCCCCCC\C=C/CC(CCCCCC)OC(=O)CCCCCCC/C=C\CCCCCCCC)CCCN(CCC(=O)OCCCCCCCC\C=C/CC(CCCCCC)OC(=O)CCCCCCC/C=C\CCCCCCCC)(CCC(=O)OCCCCCCCC\C=C/CC(CCCCCC)OC(=O)CCCCCCC/C=C\CCCCCCCC),-0.0568252271907082
CN(CCC(=O)OCCCCCCCC\C=C/CC(CCCCCC)OC(=O)CCCCCCCCCCCCC)CCN(CCN(CCC(=O)OCCCCCCCC\C=C/CC(CCCCCC)OC(=O)CCCCCCCCCCCCC)C)CCN(CCC(=O)OCCCCCCCC\C=C/CC(CCCCCC)OC(=O)CCCCCCCCCCCCC)C,-0.10396889553557538
CN(CCC(=O)OCCCCCCCC\C=C/CC(CCCCCC)OC(=O)CCCCCCCCCCCCCCC)CCN(CCN(CCC(=O)OCCCCCCCC\C=C/CC(CCCCCC)OC(=O)CCCCCCCCCCCCCCC)C)CCN(CCC(=O)OCCCCCCCC\C=C/CC(CCCCCC)OC(=O)CCCCCCCCCCCCCCC)C,-0.09734753859995658
N(CCC(=O)OCCCCCCCC\C=C/CC(CCCCCC)OC(=O)CCCC\C=C/C\C=C/C\C=C/CCCCC)(CCC(=O)OCCCCCCCC\C=C/CC(CCCCCC)OC(=O)CCCC\C=C/C\C=C/C\C=C/CCCCC)CCCN(C)C,-0.16419643782843438
N(CCC(=O)OCCCCCCCC\C=C/CC(CCCCCC)OC(=O)CCCC\C=C/C\C=C/C\C=C/CCCCC)(CCC(=O)OCCCCCCCC\C=C/CC(CCCCCC)OC(=O)CCCC\C=C/C\C=C/C\C=C/CCCCC)CCN(CC)CC,-0.16137587736654
CN(CCC(=O)OCCCCCCCC\C=C/CC(CCCCCC)OC(=O)CCCC\C=C/C\C=C/C\C=C/CCCCC)CCCN(CCC(=O)OCCCCCCCC\C=C/CC(CCCCCC)OC(=O)CCCC\C=C/C\C=C/C\C=C/CCCCC)C,-0.1662231117913802
N(CCC(=O)OCCCCCCCC\C=C/CC(CCCCCC)OC(=O)CCC/C=C\C/C=C\C/C=C\C/C=C\CCCCC)(CCC(=O)OCCCCCCCC\C=C/CC(CCCCCC)OC(=O)CCC/C=C\C/C=C\C/C=C\C/C=C\CCCCC)CCN(C)C,-0.16311335024516443
N(CCC(=O)OCCCCCCCC\C=C/CC(CCCCCC)OC(=O)CCC/C=C\C/C=C\C/C=C\C/C=C\CCCCC)(CCC(=O)OCCCCCCCC\C=C/CC(CCCCCC)OC(=O)CCC/C=C\C/C=C\C/C=C\C/C=C\CCCCC)CCCN(CC)CC,-0.1572158757308035
N(CCC(=O)OCCCCCCCC\C=C/CC(CCCCCC)OC(=O)CCC/C=C\C/C=C\C/C=C\C/C=C\CCCCC)(CCC(=O)OCCCCCCCC\C=C/CC(CCCCCC)OC(=O)CCC/C=C\C/C=C\C/C=C\C/C=C\CCCCC)CCCN(C)CCCN(CCC(=O)OCCCCCCCC\C=C/CC(CCCCCC)OC(=O)CCC/C=C\C/C=C\C/C=C\C/C=C\CCCCC)(CCC(=O)OCCCCCCCC\C=C/CC(CCCCCC)OC(=O)CCC/C=C\C/C=C\C/C=C\C/C=C\CCCCC),-0.05553624263005149
CN(CCC(=O)OCCCCCCCC\C=C/CC(CCCCCC)OC(=O)C(CCCCCC)CCCCCCCC)CCN(CCN(CCC(=O)OCCCCCCCC\C=C/CC(CCCCCC)OC(=O)C(CCCCCC)CCCCCCCC)C)CCN(CCC(=O)OCCCCCCCC\C=C/CC(CCCCCC)OC(=O)C(CCCCCC)CCCCCCCC)C,-0.08917933756809365
N(CCC(=O)OCCCCCCCC\C=C/CC(CCCCCC)OC(=O)CCC/C=C\C/C=C\C/C=C\C/C=C\C/C=C\CC)(CCC(=O)OCCCCCCCC\C=C/CC(CCCCCC)OC(=O)CCC/C=C\C/C=C\C/C=C\C/C=C\C/C=C\CC)CCCN(CCC(=O)OCCCCCCCC\C=C/CC(CCCCCC)OC(=O)CCC/C=C\C/C=C\C/C=C\C/C=C\C/C=C\CC)(CCC(=O)OCCCCCCCC\C=C/CC(CCCCCC)OC(=O)CCC/C=C\C/C=C\C/C=C\C/C=C\C/C=C\CC),-0.10958979802925796
N(CCC(=O)OCCCCCCCC\C=C/CC(CCCCCC)OC(=O)CC\C=C/C/C=C\C\C=C/C\C=C/C\C=C/C\C=C/CC)(CCC(=O)OCCCCCCCC\C=C/CC(CCCCCC)OC(=O)CC\C=C/C/C=C\C\C=C/C\C=C/C\C=C/C\C=C/CC)CCCN(CCCC)CCCC,-0.16769207914688342
N(CCC(=O)OCCCCCCCC\C=C/CC(CCCCCC)OC(=O)CC\C=C/C/C=C\C\C=C/C\C=C/C\C=C/C\C=C/CC)(CCC(=O)OCCCCCCCC\C=C/CC(CCCCCC)OC(=O)CC\C=C/C/C=C\C\C=C/C\C=C/C\C=C/C\C=C/CC)CCCN(CCC(=O)OCCCCCCCC\C=C/CC(CCCCCC)OC(=O)CC\C=C/C/C=C\C\C=C/C\C=C/C\C=C/C\C=C/CC)(CCC(=O)OCCCCCCCC\C=C/CC(CCCCCC)OC(=O)CC\C=C/C/C=C\C\C=C/C\C=C/C\C=C/C\C=C/CC),-0.10767697947360633
N(CCC(=O)OCCCCCCCC\C=C/CC(CCCCCC)OC(=O)CC\C=C/C/C=C\C\C=C/C\C=C/C\C=C/C\C=C/CC)(CCC(=O)OCCCCCCCC\C=C/CC(CCCCCC)OC(=O)CC\C=C/C/C=C\C\C=C/C\C=C/C\C=C/C\C=C/CC)CCCN(CC)CC,-0.17323037831992563
CN(CCC(=O)OCCCCCCCC\C=C/CC(CCCCCC)OC(=O)CC\C=C/C/C=C\C\C=C/C\C=C/C\C=C/C\C=C/CC)CCN(CCN(CCC(=O)OCCCCCCCC\C=C/CC(CCCCCC)OC(=O)CC\C=C/C/C=C\C\C=C/C\C=C/C\C=C/C\C=C/CC)C)CCN(CCC(=O)OCCCCCCCC\C=C/CC(CCCCCC)OC(=O)CC\C=C/C/C=C\C\C=C/C\C=C/C\C=C/C\C=C/CC)C,-0.12824234352649133
C1N(CCC(=O)OCCCCCCCC\C=C/CC(CCCCCC)OC(=O)CCC/C=C\C/C=C\C/C=C\C/C=C\C/C=C\CC)CCN(CCC(=O)OCCCCCCCC\C=C/CC(CCCCCC)OC(=O)CCC/C=C\C/C=C\C/C=C\C/C=C\C/C=C\CC)CCN(CCC(=O)OCCCCCCCC\C=C/CC(CCCCCC)OC(=O)CCC/C=C\C/C=C\C/C=C\C/C=C\C/C=C\CC)C1,-0.12619873140971025
N(CCC(=O)OCCCCCCCC\C=C/CC(CCCCCC)OC(=O)CC\C=C/C/C=C\C\C=C/C\C=C/C\C=C/C\C=C/CC)(CCC(=O)OCCCCCCCC\C=C/CC(CCCCCC)OC(=O)CC\C=C/C/C=C\C\C=C/C\C=C/C\C=C/C\C=C/CC)CCCN(CCC(=O)OCCCCCCCC\C=C/CC(CCCCCC)OC(=O)CC\C=C/C/C=C\C\C=C/C\C=C/C\C=C/C\C=C/CC)C,-0.1349707567513155
N(CCC(=O)OCCCCCCCC\C=C/CC(CCCCCC)OC(=O)CCCCCCC/C=C\C/C=C\C/C=C\CC)(CCC(=O)OCCCCCCCC\C=C/CC(CCCCCC)OC(=O)CCCCCCC/C=C\C/C=C\C/C=C\CC)CCCN1CCN(CCCN(CCC(=O)OCCCCCCCC\C=C/CC(CCCCCC)OC(=O)CCCCCCC/C=C\C/C=C\C/C=C\CC)(CCC(=O)OCCCCCCCC\C=C/CC(CCCCCC)OC(=O)CCCCCCC/C=C\C/C=C\C/C=C\CC))CC1,-0.0894223911294219
N(CCC(=O)OCCCCCCCC\C=C/CC(CCCCCC)OC(=O)CCCCCCC/C=C\C/C=C\C/C=C\CC)(CCC(=O)OCCCCCCCC\C=C/CC(CCCCCC)OC(=O)CCCCCCC/C=C\C/C=C\C/C=C\CC)CCCN(CCC(=O)OCCCCCCCC\C=C/CC(CCCCCC)OC(=O)CCCCCCC/C=C\C/C=C\C/C=C\CC)CCCN(C)C,-0.12555239770156618
N(CCC(=O)OCCCCCCCC\C=C/CC(CCCCCC)OC(=O)CCCCCCC/C=C\C/C=C\C/C=C\CC)(CCC(=O)OCCCCCCCC\C=C/CC(CCCCCC)OC(=O)CCCCCCC/C=C\C/C=C\C/C=C\CC)CCCn1ccnc1,-0.17326019901329762
OCCN(CCO)CCCN(CCC(=O)OCCCCCCCC\C=C/CC(CCCCCC)OC(=O)CCCCCCC/C=C\C/C=C\C/C=C\CC)(CCC(=O)OCCCCCCCC\C=C/CC(CCCCCC)OC(=O)CCCCCCC/C=C\C/C=C\C/C=C\CC),-0.16622785328162631
N(CCC(=O)OCCCCCCCC\C=C/CC(CCCCCC)OC(=O)CCCC\C=C/C\C=C/C\C=C/CCCCC)(CCC(=O)OCCCCCCCC\C=C/CC(CCCCCC)OC(=O)CCCC\C=C/C\C=C/C\C=C/CCCCC)CCN(CCC(=O)OCCCCCCCC\C=C/CC(CCCCCC)OC(=O)CCCC\C=C/C\C=C/C\C=C/CCCCC)CCN(CC1)CCN1CCN(CCC(=O)OCCCCCCCC\C=C/CC(CCCCCC)OC(=O)CCCC\C=C/C\C=C/C\C=C/CCCCC)(CCC(=O)OCCCCCCCC\C=C/CC(CCCCCC)OC(=O)CCCC\C=C/C\C=C/C\C=C/CCCCC),-0.06879455272392261
N(CCC(=O)OCCCCCCCC\C=C/CC(CCCCCC)OC(=O)CCCCCCC/C=C\CCCCCCCC)(CCC(=O)OCCCCCCCC\C=C/CC(CCCCCC)OC(=O)CCCCCCC/C=C\CCCCCCCC)CCCN(CCC(=O)OCCCCCCCC\C=C/CC(CCCCCC)OC(=O)CCCCCCC/C=C\CCCCCCCC)(CCC(=O)OCCCCCCCC\C=C/CC(CCCCCC)OC(=O)CCCCCCC/C=C\CCCCCCCC),-0.08988595380788916
CN(CCC(=O)OCCCCCCCC\C=C/CC(CCCCCC)OC(=O)CCCCCCCCCCCCC)CCN(CCN(CCC(=O)OCCCCCCCC\C=C/CC(CCCCCC)OC(=O)CCCCCCCCCCCCC)C)CCN(CCC(=O)OCCCCCCCC\C=C/CC(CCCCCC)OC(=O)CCCCCCCCCCCCC)C,-0.12132758078878572
CN(CCC(=O)OCCCCCCCC\C=C/CC(CCCCCC)OC(=O)CCCCCCCCCCCCCCC)CCN(CCN(CCC(=O)OCCCCCCCC\C=C/CC(CCCCCC)OC(=O)CCCCCCCCCCCCCCC)C)CCN(CCC(=O)OCCCCCCCC\C=C/CC(CCCCCC)OC(=O)CCCCCCCCCCCCCCC)C,-0.11667701383673366
N(CCC(=O)OCCCCCCCC\C=C/CC(CCCCCC)OC(=O)CCCC\C=C/C\C=C/C\C=C/CCCCC)(CCC(=O)OCCCCCCCC\C=C/CC(CCCCCC)OC(=O)CCCC\C=C/C\C=C/C\C=C/CCCCC)CCCN(C)C,-0.17543311365653955
N(CCC(=O)OCCCCCCCC\C=C/CC(CCCCCC)OC(=O)CCCC\C=C/C\C=C/C\C=C/CCCCC)(CCC(=O)OCCCCCCCC\C=C/CC(CCCCCC)OC(=O)CCCC\C=C/C\C=C/C\C=C/CCCCC)CCN(CC)CC,-0.17191391399032666
CN(CCC(=O)OCCCCCCCC\C=C/CC(CCCCCC)OC(=O)CCCC\C=C/C\C=C/C\C=C/CCCCC)CCCN(CCC(=O)OCCCCCCCC\C=C/CC(CCCCCC)OC(=O)CCCC\C=C/C\C=C/C\C=C/CCCCC)C,-0.17704653245073662
N(CCC(=O)OCCCCCCCC\C=C/CC(CCCCCC)OC(=O)CCC/C=C\C/C=C\C/C=C\C/C=C\CCCCC)(CCC(=O)OCCCCCCCC\C=C/CC(CCCCCC)OC(=O)CCC/C=C\C/C=C\C/C=C\C/C=C\CCCCC)CCN(C)C,-0.17583643853439546
N(CCC(=O)OCCCCCCCC\C=C/CC(CCCCCC)OC(=O)CCC/C=C\C/C=C\C/C=C\C/C=C\CCCCC)(CCC(=O)OCCCCCCCC\C=C/CC(CCCCCC)OC(=O)CCC/C=C\C/C=C\C/C=C\C/C=C\CCCCC)CCCN(CC)CC,-0.17013916524498726
N(CCC(=O)OCCCCCCCC\C=C/CC(CCCCCC)OC(=O)CCC/C=C\C/C=C\C/C=C\C/C=C\CCCCC)(CCC(=O)OCCCCCCCC\C=C/CC(CCCCCC)OC(=O)CCC/C=C\C/C=C\C/C=C\C/C=C\CCCCC)CCCN(C)CCCN(CCC(=O)OCCCCCCCC\C=C/CC(CCCCCC)OC(=O)CCC/C=C\C/C=C\C/C=C\C/C=C\CCCCC)(CCC(=O)OCCCCCCCC\C=C/CC(CCCCCC)OC(=O)CCC/C=C\C/C=C\C/C=C\C/C=C\CCCCC),-0.09906243721369845
CN(CCC(=O)OCCCCCCCC\C=C/CC(CCCCCC)OC(=O)C(CCCCCC)CCCCCCCC)CCN(CCN(CCC(=O)OCCCCCCCC\C=C/CC(CCCCCC)OC(=O)C(CCCCCC)CCCCCCCC)C)CCN(CCC(=O)OCCCCCCCC\C=C/CC(CCCCCC)OC(=O)C(CCCCCC)CCCCCCCC)C,-0.10911412814928166
N(CCC(=O)OCCCCCCCC\C=C/CC(CCCCCC)OC(=O)CCC/C=C\C/C=C\C/C=C\C/C=C\C/C=C\CC)(CCC(=O)OCCCCCCCC\C=C/CC(CCCCCC)OC(=O)CCC/C=C\C/C=C\C/C=C\C/C=C\C/C=C\CC)CCCN(CCC(=O)OCCCCCCCC\C=C/CC(CCCCCC)OC(=O)CCC/C=C\C/C=C\C/C=C\C/C=C\C/C=C\CC)(CCC(=O)OCCCCCCCC\C=C/CC(CCCCCC)OC(=O)CCC/C=C\C/C=C\C/C=C\C/C=C\C/C=C\CC),-0.4984921659220363
N(CCC(=O)OCCCCCCCC\C=C/CC(CCCCCC)OC(=O)CC\C=C/C/C=C\C\C=C/C\C=C/C\C=C/C\C=C/CC)(CCC(=O)OCCCCCCCC\C=C/CC(CCCCCC)OC(=O)CC\C=C/C/C=C\C\C=C/C\C=C/C\C=C/C\C=C/CC)CCCN(CCCC)CCCC,-0.5344124137370021
N(CCC(=O)OCCCCCCCC\C=C/CC(CCCCCC)OC(=O)CC\C=C/C/C=C\C\C=C/C\C=C/C\C=C/C\C=C/CC)(CCC(=O)OCCCCCCCC\C=C/CC(CCCCCC)OC(=O)CC\C=C/C/C=C\C\C=C/C\C=C/C\C=C/C\C=C/CC)CCCN(CCC(=O)OCCCCCCCC\C=C/CC(CCCCCC)OC(=O)CC\C=C/C/C=C\C\C=C/C\C=C/C\C=C/C\C=C/CC)(CCC(=O)OCCCCCCCC\C=C/CC(CCCCCC)OC(=O)CC\C=C/C/C=C\C\C=C/C\C=C/C\C=C/C\C=C/CC),-0.4948481368333683
N(CCC(=O)OCCCCCCCC\C=C/CC(CCCCCC)OC(=O)CC\C=C/C/C=C\C\C=C/C\C=C/C\C=C/C\C=C/CC)(CCC(=O)OCCCCCCCC\C=C/CC(CCCCCC)OC(=O)CC\C=C/C/C=C\C\C=C/C\C=C/C\C=C/C\C=C/CC)CCCN(CC)CC,-0.53872794519902
CN(CCC(=O)OCCCCCCCC\C=C/CC(CCCCCC)OC(=O)CC\C=C/C/C=C\C\C=C/C\C=C/C\C=C/C\C=C/CC)CCN(CCN(CCC(=O)OCCCCCCCC\C=C/CC(CCCCCC)OC(=O)CC\C=C/C/C=C\C\C=C/C\C=C/C\C=C/C\C=C/CC)C)CCN(CCC(=O)OCCCCCCCC\C=C/CC(CCCCCC)OC(=O)CC\C=C/C/C=C\C\C=C/C\C=C/C\C=C/C\C=C/CC)C,-0.5103107925812954
C1N(CCC(=O)OCCCCCCCC\C=C/CC(CCCCCC)OC(=O)CCC/C=C\C/C=C\C/C=C\C/C=C\C/C=C\CC)CCN(CCC(=O)OCCCCCCCC\C=C/CC(CCCCCC)OC(=O)CCC/C=C\C/C=C\C/C=C\C/C=C\C/C=C\CC)CCN(CCC(=O)OCCCCCCCC\C=C/CC(CCCCCC)OC(=O)CCC/C=C\C/C=C\C/C=C\C/C=C\C/C=C\CC)C1,-0.510627190137972
N(CCC(=O)OCCCCCCCC\C=C/CC(CCCCCC)OC(=O)CC\C=C/C/C=C\C\C=C/C\C=C/C\C=C/C\C=C/CC)(CCC(=O)OCCCCCCCC\C=C/CC(CCCCCC)OC(=O)CC\C=C/C/C=C\C\C=C/C\C=C/C\C=C/C\C=C/CC)CCCN(CCC(=O)OCCCCCCCC\C=C/CC(CCCCCC)OC(=O)CC\C=C/C/C=C\C\C=C/C\C=C/C\C=C/C\C=C/CC)C,-0.5141499682873896
N(CCC(=O)OCCCCCCCC\C=C/CC(CCCCCC)OC(=O)CCCC\C=C/C\C=C/C\C=C/CCCCC)(CCC(=O)OCCCCCCCC\C=C/CC(CCCCCC)OC(=O)CCCC\C=C/C\C=C/C\C=C/CCCCC)CCN(CCC(=O)OCCCCCCCC\C=C/CC(CCCCCC)OC(=O)CCCC\C=C/C\C=C/C\C=C/CCCCC)CCN(CC1)CCN1CCN(CCC(=O)OCCCCCCCC\C=C/CC(CCCCCC)OC(=O)CCCC\C=C/C\C=C/C\C=C/CCCCC)(CCC(=O)OCCCCCCCC\C=C/CC(CCCCCC)OC(=O)CCCC\C=C/C\C=C/C\C=C/CCCCC),-0.04288007197674717
CN(CCC(=O)OCCCCCCCC\C=C/CC(CCCCCC)OC(=O)CCCCCCCCCCCCC)CCN(CCN(CCC(=O)OCCCCCCCC\C=C/CC(CCCCCC)OC(=O)CCCCCCCCCCCCC)C)CCN(CCC(=O)OCCCCCCCC\C=C/CC(CCCCCC)OC(=O)CCCCCCCCCCCCC)C,-0.08403578982356287
CN(CCC(=O)OCCCCCCCC\C=C/CC(CCCCCC)OC(=O)CCCCCCCCCCCCCCC)CCN(CCN(CCC(=O)OCCCCCCCC\C=C/CC(CCCCCC)OC(=O)CCCCCCCCCCCCCCC)C)CCN(CCC(=O)OCCCCCCCC\C=C/CC(CCCCCC)OC(=O)CCCCCCCCCCCCCCC)C,-0.07853912033846792
N(CCC(=O)OCCCCCCCC\C=C/CC(CCCCCC)OC(=O)CCCC\C=C/C\C=C/C\C=C/CCCCC)(CCC(=O)OCCCCCCCC\C=C/CC(CCCCCC)OC(=O)CCCC\C=C/C\C=C/C\C=C/CCCCC)CCCN(C)C,-0.1272903178905912
N(CCC(=O)OCCCCCCCC\C=C/CC(CCCCCC)OC(=O)CCCC\C=C/C\C=C/C\C=C/CCCCC)(CCC(=O)OCCCCCCCC\C=C/CC(CCCCCC)OC(=O)CCCC\C=C/C\C=C/C\C=C/CCCCC)CCN(CC)CC,-0.12682873828823316
CN(CCC(=O)OCCCCCCCC\C=C/CC(CCCCCC)OC(=O)CCCC\C=C/C\C=C/C\C=C/CCCCC)CCCN(CCC(=O)OCCCCCCCC\C=C/CC(CCCCCC)OC(=O)CCCC\C=C/C\C=C/C\C=C/CCCCC)C,-0.127267773446402
N(C(CCCCCOC(=O)CCCCCCCCCCCCCCC)C(=O)NCC(=O)OC(C)(C)C)(C(=O)CCCCC(=O)OC(CCCCCCCC)CCCCCCCC)CCN(C)C,0.1297444966009362
N(C(CCCCCOC(=O)CCCCCCCCCCCCCCCCC)C(=O)NCC(=O)OC(C)(C)C)(C(=O)CCCCCCC/C=C\C/C=C\CCCCC)CCCN(C)C,0.12120147927408101
N(C(CCCCCOC(=O)CCCCCCCCCCCCCCC)C(=O)NC(C)(C)C)(C(=O)CCCCC(=O)OC(CCCCCCCC)CCCCCCCC)CCCN(C)C,0.12873557308208236
N(C(CCCCCOC(=O)CCCCCCCCCCCCCCC)C(=O)NC2CCCCC2)(C(=O)CCCCC(=O)OC(CCCCCCCC)CCCCCCCC)CCCN(C)C,0.1460356308521234
N(C(CCCCCOC(=O)CCCCCCCC)C(=O)NC(C)(C)C)(C(=O)CCCCCCC/C=C\CCCCCCCC)CCCN(C)C,0.11619243031183116
N(C(CCCCCOC(=O)CCCCCCCCCC)C(=O)NCC(=O)OC(C)(C)C)(C(=O)CCCCCCC/C=C\CCCCCCCC)CCCN(C)C,0.1198404255527176
N(C(CCCCCOC(=O)CCCCCCCC)C(=O)NCCCC)(C(=O)CCCCCCC/C=C\CCCCCCCC)CCCN(C)C,0.12436078790233428
N(C(CCCCCOC(=O)CCCCCCCCCC)C(=O)NCC(=O)OC(C)(C)C)(C(=O)CCCCC(=O)OC(CCCCCCCC)CCCCCCCC)CCCN(C)C,0.12584842301188837
N(C(CCCCCOC(=O)CCCCCCCCCC)C(=O)NCCCC)(C(=O)CCCCC(=O)OC(CCCCCCCC)CCCCCCCC)CCCN(C)C,0.13095876541434945
N(C(CCCCCOC(=O)CCCCCCCCCC)C(=O)NC(C)(C)C)(C(=O)CCCCCCC/C=C\C/C=C\CCCCC)CCCN(C)C,0.11200989168707882
N(C(CCCCCOC(=O)CCCCCCCCCCCCCCC)C(=O)NC2CCCCC2)(C(=O)CCCCCCCCCCCCCCC)CCCN(C)C,0.1495033301808829
N(C(CCCCCOC(=O)CCCCCCCCCCCC)C(=O)NC(C)(C)C)(C(=O)CCCCCCCCCCCCCCC)CCCN(CCCC)CCCC,0.13493273065448488
N(C(CCCCCOC(=O)CCCCCCCCCC)C(=O)NCC(=O)OC(C)(C)C)(C(=O)CCCCCCC/C=C\C/C=C\CCCCC)CCCN(C)C,0.11398335062270236
N(C(CCCCCOC(=O)CCCCCCCCCCCCCCC)C(=O)NCC(=O)OC(C)(C)C)(C(=O)CCCCCCCCCCCCCCC)CCN(C)C,0.13142092652022824
N(C(CCCCCOC(=O)CCCCCCC/C=C\CCCCCCCC)C(=O)NCCCC)(C(=O)CCCCCCCCCCCCCCC)CCN(C)C,0.1300480414387695
N(C(CCCCCOC(=O)CCCCCCCCCCCC)C(=O)NCC(=O)OC(C)(C)C)(C(=O)CCCCCCC/C=C\C/C=C\CCCCC)CCN(C)C,0.11623075735798749
N(C(CCCCCOC(=O)CCCCCCCCCCCCCCC)C(=O)NC2CCCCC2)(C(=O)CCCCCCC/C=C\CCCCCCCC)CCCN(C)C,0.14354567750729735
N(C(CCCCCOC(=O)CCCCCCC/C=C\C/C=C\CCCCC)C(=O)NC(C)(C)C)(C(=O)CCCCCCCCCCCCCCC)CCCN(C)C,0.11872907540730437
N(C(CCCCCOC(=O)CCCCCCC/C=C\C/C=C\CCCCC)C(=O)NC(C)(C)C)(C(=O)CCCCC(=O)OC(CCCCCCCC)CCCCCCCC)CCN(C)C,0.1183777429083425
N(C(CCCCCOC(=O)CCCCCCCCCCCC)C(=O)NC2CCCCC2)(C(=O)CCCCCCC/C=C\C/C=C\CCCCC)CCCN(CCCC)CCCC,0.14429784485621855
N(C(CCCCCOC(=O)CCCCCCCCCC)C(=O)NCCCC)(C(=O)CCCCCCC/C=C\CCCCCCCC)CCCN(CCCC)CCCC,0.13388703822070339
N(C(CCCCCOC(=O)CCCCCCCCCCCC)C(=O)NCC(=O)OC(C)(C)C)(C(=O)CCCCC(=O)OC(CCCCCCCC)CCCCCCCC)CCCN(CCCC)CCCC,0.13344661640029276
N(C(CCCCCOC(=O)CCCCCCCCCC)C(=O)NC2CCCCC2)(C(=O)CCCCCCC/C=C\CCCCCCCC)CCN(C)C,0.14147859650483255
N(C(CCCCCOC(=O)CCCCCCCCCCCCCCCCC)C(=O)NC(C)(C)C)(C(=O)CCCCCCCCCCCCCCC)CCN(C)C,0.13152252562254654
N(C(CCCCCOC(=O)CCCCCCC/C=C\C/C=C\CCCCC)C(=O)NCC(=O)OC(C)(C)C)(C(=O)CCCCC(=O)OC(CCCCCCCC)CCCCCCCC)CCCN(C)C,0.11919711118977744
N(C(CCCCCOC(=O)CCCCCCC/C=C\CCCCCCCC)C(=O)NC2CCCCC2)(C(=O)CCCCCCC/C=C\CCCCCCCC)CCN(C)C,0.13778272414073742
N(C(CCCCCOC(=O)CCCCCCC/C=C\C/C=C\CCCCC)C(=O)NCCCC)(C(=O)CCCCCCC/C=C\CCCCCCCC)CCN(C)C,0.11870987088077282
N(C(CCCCCOC(=O)CCCCCCCC)C(=O)NCC(=O)OC(C)(C)C)(C(=O)CCCCCCC/C=C\CCCCCCCC)CCCN(CCCC)CCCC,0.12627014725755475
N(C(CCCCCOC(=O)CCCCCCCC)C(=O)NC(C)(C)C)(C(=O)CCCCCCCCCCCCCCC)CCCN(C)C,0.12398479368995381
N(C(CCCCCOC(=O)CCCCCCCCCC)C(=O)NC(C)(C)C)(C(=O)CCCCCCC/C=C\CCCCCCCC)CCCN(CCCC)CCCC,0.12757213364052164
N(C(CCCCCOC(=O)CCCCCCCCCC)C(=O)NCCCC)(C(=O)CCCCC(=O)OC(CCCCCCCC)CCCCCCCC)CCCN(CCCC)CCCC,0.1372045307169483
N(C(CCCCCOC(=O)CCCCCCCCCCCCCCCCC)C(=O)NC2CCCCC2)(C(=O)CCCCCCC/C=C\CCCCCCCC)CCCN(C)C,0.14439719249618727
N(C(CCCCCOC(=O)CCCCCCCCCC)C(=O)NC2CCCCC2)(C(=O)CCCCCCC/C=C\CCCCCCCC)CCCN(CCCC)CCCC,0.1474477301453663
N(C(CCCCCOC(=O)CCCCCCCCCCCCCCCCC)C(=O)NC2CCCCC2)(C(=O)CCCCC(=O)OC(CCCCCCCC)CCCCCCCC)CCN(C)C,0.14707762551992679
N(C(CCCCC(=O)OC(CCCCCCCC)CCCCCCCC)C(=O)NC(C)(C)C)(C(=O)CCCCCCC/C=C\C/C=C\CCCCC)CCCN(CCCC)CCCC,0.12465607240810354
N(C(CCCCCOC(=O)CCCCCCCCCCCC)C(=O)NC2CCCCC2)(C(=O)CCCCC(=O)OC(CCCCCCCC)CCCCCCCC)CCCN(CCCC)CCCC,0.14982035397212032
N(C(CCCCCOC(=O)CCCCCCCCCC)C(=O)NC(C)(C)C)(C(=O)CCCCCCC/C=C\C/C=C\CCCCC)CCN(C)C,0.11199569703703377
N(C(CCCCC(=O)OC(CCCCCCCC)CCCCCCCC)C(=O)NCC(=O)OC(C)(C)C)(C(=O)CCCCCCC/C=C\C/C=C\CCCCC)CCN(C)C,0.11729847982899752
N(C(CCCCCOC(=O)CCCCCCC/C=C\C/C=C\CCCCC)C(=O)NCCCC)(C(=O)CCCCC(=O)OC(CCCCCCCC)CCCCCCCC)CCCN(CCCC)CCCC,0.13164485010675836
N(C(CCCCCOC(=O)CCCCCCCCCCCC)C(=O)NCC(=O)OC(C)(C)C)(C(=O)CCCCCCC/C=C\CCCCCCCC)CCN(C)C,0.12202399363866669
N(C(CCCCCOC(=O)CCCCCCCCCCCC)C(=O)NC(C)(C)C)(C(=O)CCCCCCC/C=C\C/C=C\CCCCC)CCN(C)C,0.11477327096943246
N(C(CCCCCOC(=O)CCCCCCCCCCCC)C(=O)NCCCC)(C(=O)CCCCCCCCCCCCCCC)CCN(C)C,0.13395529778783183
N(C(CCCCC(=O)OC(CCCCCCCC)CCCCCCCC)C(=O)NC(C)(C)C)(C(=O)CCCCCCC/C=C\C/C=C\CCCCC)CCCN(C)C,0.11584996201397411
N(C(CCCCCOC(=O)CCCCCCCCCCCCCCC)C(=O)NC2CCCCC2)(C(=O)CCCCCCCCCCCCCCC)CCN(C)C,0.15010866043564053
N(C(CCCCCOC(=O)CCCCCCCCCCCC)C(=O)NC2CCCCC2)(C(=O)CCCCCCCCCCCCCCC)CCN(C)C,0.14929021659570013
N(C(CCCCCOC(=O)CCCCCCCCCCCCCCCCC)C(=O)NCCCC)(C(=O)CCCCCCCCCCCCCCC)CCN(C)C,0.13733076171199182
N(C(CCCCCOC(=O)CCCCCCCCCCCCCCCCC)C(=O)NCCCC)(C(=O)CCCCCCC/C=C\C/C=C\CCCCC)CCN(C)C,0.1275850609110984
N(C(CCCCCOC(=O)CCCCCCCC)C(=O)NC2CCCCC2)(C(=O)CCCCC(=O)OC(CCCCCCCC)CCCCCCCC)CCCN(C)C,0.1438659815748057
N(C(CCCCCOC(=O)CCCCCCC/C=C\CCCCCCCC)C(=O)NC2CCCCC2)(C(=O)CCCCCCCCCCCCCCC)CCN(C)C,0.14400901653056436
N(C(CCCCC(=O)OC(CCCCCCCC)CCCCCCCC)C(=O)NC(C)(C)C)(C(=O)CCCCC(=O)OC(CCCCCCCC)CCCCCCCC)CCN(C)C,0.12697328938657243
N(C(CCCCCOC(=O)CCCCCCCCCCCCCCC)C(=O)NC2CCCCC2)(C(=O)CCCCC(=O)OC(CCCCCCCC)CCCCCCCC)CCN(C)C,0.1465840632239273
N(C(CCCCCOC(=O)CCCCCCCCCCCCCCC)C(=O)NCCCC)(C(=O)CCCCCCCCCCCCCCC)CCCN(CCCC)CCCC,0.142409524000172
N(C(CCCCCOC(=O)CCCCCCC/C=C\CCCCCCCC)C(=O)NC(C)(C)C)(C(=O)CCCCC(=O)OC(CCCCCCCC)CCCCCCCC)CCCN(C)C,0.12323847119693353
N(C(CCCCCOC(=O)CCCCCCCCCCCC)C(=O)NCCCC)(C(=O)CCCCCCC/C=C\C/C=C\CCCCC)CCCN(CCCC)CCCC,0.13125771786540344
N(C(CCCCCOC(=O)CCCCCCCCCCCCCCCCC)C(=O)NC2CCCCC2)(C(=O)CCCCC(=O)OC(CCCCCCCC)CCCCCCCC)CCCN(CCCC)CCCC,0.15110420937351707
N(C(CCCCCOC(=O)CCCCCCCCCCCCCCC)C(=O)NCC(=O)OC(C)(C)C)(C(=O)CCCCCCC/C=C\C/C=C\CCCCC)CCCN(C)C,0.11917233764875867
N(C(CCCCCOC(=O)CCCCCCCC)C(=O)NCC(=O)OC(C)(C)C)(C(=O)CCCCCCC/C=C\CCCCCCCC)CCN(C)C,0.1180114031454412
N(C(CCCCCOC(=O)CCCCCCC/C=C\C/C=C\CCCCC)C(=O)NC(C)(C)C)(C(=O)CCCCCCCCCCCCCCC)CCN(C)C,0.11869569114107445
N(C(CCCCCOC(=O)CCCCCCCCCCCCCCCCC)C(=O)NCC(=O)OC(C)(C)C)(C(=O)CCCCCCC/C=C\CCCCCCCC)CCCN(CCCC)CCCC,0.13309766955680066
N(C(CCCCCOC(=O)CCCCCCC/C=C\C/C=C\CCCCC)C(=O)NC2CCCCC2)(C(=O)CCCCC(=O)OC(CCCCCCCC)CCCCCCCC)CCCN(CCCC)CCCC,0.14271727355577074
N(C(CCCCCOC(=O)CCCCCCCC)C(=O)NC(C)(C)C)(C(=O)CCCCC(=O)OC(CCCCCCCC)CCCCCCCC)CCN(C)C,0.12351701138337441
N(C(CCCCCOC(=O)CCCCCCC/C=C\CCCCCCCC)C(=O)NCCCC)(C(=O)CCCCC(=O)OC(CCCCCCCC)CCCCCCCC)CCN(C)C,0.1291596829832185
N(C(CCCCCOC(=O)CCCCCCCC)C(=O)NCCCC)(C(=O)CCCCC(=O)OC(CCCCCCCC)CCCCCCCC)CCN(C)C,0.129837999385004
N(C(CCCCCOC(=O)CCCCCCC/C=C\C/C=C\CCCCC)C(=O)NC(C)(C)C)(C(=O)CCCCCCC/C=C\CCCCCCCC)CCCN(CCCC)CCCC,0.12170488985406658
N(C(CCCCCOC(=O)CCCCCCCCCCCCCCC)C(=O)NC(C)(C)C)(C(=O)CCCCCCC/C=C\CCCCCCCC)CCCN(CCCC)CCCC,0.13157444344970715
N(C(CCCCCOC(=O)CCCCCCCC)C(=O)NC(C)(C)C)(C(=O)CCCCCCC/C=C\CCCCCCCC)CCCN(CCCC)CCCC,0.12565124858731289
N(C(CCCCCOC(=O)CCCCCCC/C=C\C/C=C\CCCCC)C(=O)NC2CCCCC2)(C(=O)CCCCCCC/C=C\CCCCCCCC)CCCN(CCCC)CCCC,0.1399541179286174
N(C(CCCCCOC(=O)CCCCCCCCCCCCCCC)C(=O)NC2CCCCC2)(C(=O)CCCCCCC/C=C\C/C=C\CCCCC)CCCN(CCCC)CCCC,0.1456843430842016
N(C(CCCCCOC(=O)CCCCCCC/C=C\CCCCCCCC)C(=O)NCCCC)(C(=O)CCCCCCC/C=C\C/C=C\CCCCC)CCCN(CCCC)CCCC,0.1275698523574787
N(C(CCCCCOC(=O)CCCCCCCCCCCCCCCCC)C(=O)NCCCC)(C(=O)CCCCCCC/C=C\C/C=C\CCCCC)CCCN(CCCC)CCCC,0.13470166501189218
N(C(CCCCCOC(=O)CCCCCCCCCCCCCCCCC)C(=O)NC2CCCCC2)(C(=O)CCCCCCCCCCCCCCC)CCCN(CCCC)CCCC,0.1553118942979553
N(C(CCCCCOC(=O)CCCCCCCCCCCCCCCCC)C(=O)NCC(=O)OC(C)(C)C)(C(=O)CCCCC(=O)OC(CCCCCCCC)CCCCCCCC)CCCN(CCCC)CCCC,0.13605035060067958
N(C(CCCCCOC(=O)CCCCCCCCCCCCCCC)C(=O)NCC(=O)OC(C)(C)C)(C(=O)CCCCC(=O)OC(CCCCCCCC)CCCCCCCC)CCCN(CCCC)CCCC,0.1351112224146628
N(C(CCCCCOC(=O)CCCCCCCC)C(=O)NCC(=O)OC(C)(C)C)(C(=O)CCCCC(=O)OC(CCCCCCCC)CCCCCCCC)CCCN(CCCC)CCCC,0.13105390833655273
N(C(CCCCCOC(=O)CCCCCCC/C=C\CCCCCCCC)C(=O)NC(C)(C)C)(C(=O)CCCCC(=O)OC(CCCCCCCC)CCCCCCCC)CCCN(CCCC)CCCC,0.1301048349492964
N(C(CCCCCOC(=O)CCCCCCCCCCCCCCCCC)C(=O)NC(C)(C)C)(C(=O)CCCCC(=O)OC(CCCCCCCC)CCCCCCCC)CCCN(CCCC)CCCC,0.13569694556352835
N(C(CCCCC(=O)OC(CCCCCCCC)CCCCCCCC)C(=O)NC(C)(C)C)(C(=O)CCCCC(=O)OC(CCCCCCCC)CCCCCCCC)CCCN(CCCC)CCCC,0.13313961236202834
N(C(CCCCCOC(=O)CCCCCCCCCCCCCCCCC)C(=O)NC(C)(C)C)(C(=O)CCCCCCC/C=C\CCCCCCCC)CCCN(C)C,0.12562333641831674
N(C(CCCCCOC(=O)CCCCCCCCCCCCCCCCC)C(=O)NC(C)(C)C)(C(=O)CCCCCCC/C=C\C/C=C\CCCCC)CCCN(C)C,0.12099837798669787
N(C(CCCCCOC(=O)CCCCCCCCCC)C(=O)NC2CCCCC2)(C(=O)CCCCCCC/C=C\CCCCCCCC)CCN(C)CCN,0.14561682903440748
N(C(CCCCCOC(=O)CCCCCCCCCC)C(=O)NC(C)(C)C)(C(=O)CCCCCCC/C=C\C/C=C\CCCCC)CCN(C)CCN,0.11740211419363845
N(C(CCCCCOC(=O)CCCCCCC/C=C\C/C=C\CCCCC)C(=O)NCC(=O)OC(C)(C)C)(C(=O)CCCCC(=O)OC(CCCCCCCC)CCCCCCCC)CCCN(CCN1C)CC1,0.13755894965767415
N(C(CCCCCOC(=O)CCCCCCC/C=C\C/C=C\CCCCC)C(=O)NCC(=O)OC(C)(C)C)(C(=O)CCCCC(=O)OC(CCCCCCCC)CCCCCCCC)CCCN1CCN(C)CCC1,0.13852862914405048
N(C(CCCCCOC(=O)CCCCCCC/C=C\CCCCCCCC)C(=O)NCC(=O)OC(C)(C)C)(C(=O)CCCCCCC/C=C\CCCCCCCC)CCCN(CC)CC,0.12046480377536656
N(C(CCCCCOC(=O)CCCCCCC/C=C\CCCCCCCC)C(=O)NCC(=O)OC(C)(C)C)(C(=O)CCCCCCC/C=C\CCCCCCCC)CCN1CCCCC1CC,0.13810340096691287
N(C(CCCCCOC(=O)CCCCCCCCCC)C(=O)NC(C)(C)C)(C(=O)CCCCCCC/C=C\C/C=C\CCCCC)CCCN1CCCCC1,0.13641496821853863
N(C(CCCCCOC(=O)CCCCCCCCCC)C(=O)NCCCC)(C(=O)CCCCCCC/C=C\C/C=C\CCCCC)CCCN1CCN(CC1)CCCN,0.14774629492740646
N(C(CCCCCOC(=O)CCCCCCC/C=C\C/C=C\CCCCC)C(=O)NCCCC)(C(=O)CCCCC(=O)OC(CCCCCCCC)CCCCCCCC)CCN1CCCC1,0.14074631955839045
N(C(CCCCCOC(=O)CCCCCCCCCC)C(=O)NCCCC)(C(=O)CCCCCCC/C=C\C/C=C\CCCCC)CCCN(CC)CC,0.12268295641045378
N(C(CCCCCOC(=O)CCCCCCCCCC)C(=O)NCCCC)(C(=O)CCCCCCC/C=C\C/C=C\CCCCC)CCCN1CCCC1,0.14200551324636856
N(C(CCCCCOC(=O)CCCCCCC/C=C\C/C=C\CCCCC)C(=O)NCC(=O)OC(C)(C)C)(C(=O)CCCCC(=O)OC(CCCCCCCC)CCCCCCCC)CCN1CCCCC1CC,0.13764668213757447
N(C(CCCCCOC(=O)CCCCCCCCCC)C(=O)NCC(=O)OC(C)(C)C)(C(=O)CCCCCCC/C=C\C/C=C\CCCCC)CCN1C=CN=C1,0.12462477559040964
N(C(CCCCCOC(=O)CCCCCCC/C=C\CCCCCCCC)C(=O)NCC(=O)OC(C)(C)C)(C(=O)CCCCCCC/C=C\CCCCCCCC)CCCN1CCCCC1,0.13803175675108673
N(C(CCCCCOC(=O)CCCCCCC/C=C\C/C=C\CCCCC)C(=O)NCC(=O)OC(C)(C)C)(C(=O)CCCCC(=O)OC(CCCCCCCC)CCCCCCCC)CCCN1CCCC1,0.13606549951291252
N(C(CCCCCOC(=O)CCCCCCCCCC)C(=O)NC2CCCCC2)(C(=O)CCCCCCC/C=C\CCCCCCCC)CCCN1C=CN=C1,0.15196241910806899
N(C(CCCCCOC(=O)CCCCCCC/C=C\C/C=C\CCCCC)C(=O)NCCCC)(C(=O)CCCCC(=O)OC(CCCCCCCC)CCCCCCCC)CCCN1CCN(C)CCC1,0.14353941516168925
N(C(CCCCCOC(=O)CCCCCCC/C=C\CCCCCCCC)C(=O)NCC(=O)OC(C)(C)C)(C(=O)CCCCCCC/C=C\CCCCCCCC)CCN1CCN(C)CCC1,0.13912068919025758
N(C(CCCCCOC(=O)CCCCCCCCCC)C(=O)NC2CCCCC2)(C(=O)CCCCCCC/C=C\CCCCCCCC)CCN1CCCC1,0.16111922085625274
N(C(CCCCCOC(=O)CCCCCCCCCC)C(=O)NC(C)(C)C)(C(=O)CCCCCCC/C=C\C/C=C\CCCCC)CCCN1C=CN=C1,0.12487859442204517
N(C(CCCCCOC(=O)CCCCCCC/C=C\C/C=C\CCCCC)C(=O)NCCCC)(C(=O)CCCCC(=O)OC(CCCCCCCC)CCCCCCCC)CCN1C=CN=C1,0.13406933211928623
N(C(CCCCCOC(=O)CCCCCCCCCC)C(=O)NCC(=O)OC(C)(C)C)(C(=O)CCCCCCC/C=C\CCCCCCCC)CCCN1CCCC1,0.14096961691035975
N(C(CCCCCOC(=O)CCCCCCC/C=C\CCCCCCCC)C(=O)NCC(=O)OC(C)(C)C)(C(=O)CCCCCCC/C=C\CCCCCCCC)CCN1CCCCCC1,0.13854316673206932
N(C(CCCCCOC(=O)CCCCCCC/C=C\C/C=C\CCCCC)C(=O)NCCCC)(C(=O)CCCCC(=O)OC(CCCCCCCC)CCCCCCCC)CCCN1C=CN=C1,0.13377540445506542
N(C(CCCCCOC(=O)CCCCCCC/C=C\C/C=C\CCCCC)C(=O)NCC(=O)OC(C)(C)C)(C(=O)CCCCC(=O)OC(CCCCCCCC)CCCCCCCC)CCCN1CCCCC1CC,0.138557853423555
N(C(CCCCCOC(=O)CCCCCCCCCC)C(=O)NCCCC)(C(=O)CCCCCCC/C=C\C/C=C\CCCCC)CCN1CCCCC1CC,0.14196714892434553
N(C(CCCCCOC(=O)CCCCCCCCCC)C(=O)NCC(=O)OC(C)(C)C)(C(=O)CCCCCCC/C=C\C/C=C\CCCCC)CCCN(CCO)CCO,0.12463671877810513
N(C(CCCCCOC(=O)CCCCCCCCCC)C(=O)NC(C)(C)C)(C(=O)CCCCCCC/C=C\C/C=C\CCCCC)CCN1CCOCC1,0.13458798852875822
N(C(CCCCCOC(=O)CCCCCCCCCC)C(=O)NC(C)(C)C)(C(=O)CCCCCCC/C=C\C/C=C\CCCCC)C1CCN(CC2=CC=CC=C2)CC1,0.14426234332075924
N(C(CCCCCOC(=O)CCCCCCCCCC)C(=O)NCC(=O)OC(C)(C)C)(C(=O)CCCCCCC/C=C\C/C=C\CCCCC)CCCN1CCCCC1CC,0.1387524632685005
N(C(CCCCCOC(=O)CCCCCCCCCC)C(=O)NCCCC)(C(=O)CCCCCCC/C=C\C/C=C\CCCCC)CCN(CC1)CCS1(=O)=O,0.13849991181633328
N(C(CCCCCOC(=O)CCCCCCCCCC)C(=O)NC2CCCCC2)(C(=O)CCCCCCC/C=C\CCCCCCCC)CC1=CC=CN=C1,0.15543001406440168
N(C(CCCCCOC(=O)CCCCCCC/C=C\C/C=C\CCCCC)C(=O)NCC(=O)OC(C)(C)C)(C(=O)CCCCC(=O)OC(CCCCCCCC)CCCCCCCC)CCCN1CCOCC1,0.13616832126365908
N(C(CCCCCOC(=O)CCCCCCCCCC)C(=O)NC2CCCCC2)(C(=O)CCCCCCC/C=C\CCCCCCCC)CCN(C)CCN,-0.11589733689817683
N(C(CCCCCOC(=O)CCCCCCCCCC)C(=O)NC(C)(C)C)(C(=O)CCCCCCC/C=C\C/C=C\CCCCC)CCN(C)CCN,-0.129317752281218
N(C(CCCCCOC(=O)CCCCCCC/C=C\CCCCCCCC)C(=O)NCC(=O)OC(C)(C)C)(C(=O)CCCCCCC/C=C\CCCCCCCC)CCN1CCCCC1CC,-0.1158238587097083
N(C(CCCCCOC(=O)CCCCCCC/C=C\C/C=C\CCCCC)C(=O)NCC(=O)OC(C)(C)C)(C(=O)CCCCC(=O)OC(CCCCCCCC)CCCCCCCC)CCCN1CCN(C)CCC1,-0.11397087537530752
N(C(CCCCCOC(=O)CCCCCCCCCC)C(=O)NC2CCCCC2)(C(=O)CCCCCCC/C=C\CCCCCCCC)CCCN(CCCC)CCCC,-0.11583994697378247
N(C(CCCCCOC(=O)CCCCCCCCCC)C(=O)NC2CCCCC2)(C(=O)CCCCCCC/C=C\CCCCCCCC)CCN(C)C,-0.11548454395017534
N(C(CCCCCOC(=O)CCCCCCC/C=C\C/C=C\CCCCC)C(=O)NCC(=O)OC(C)(C)C)(C(=O)CCCCC(=O)OC(CCCCCCCC)CCCCCCCC)CCCN(CCN1C)CC1,-0.1144074205055798
N(C(CCCCCOC(=O)CCCCCCC/C=C\CCCCCCCC)C(=O)NCC(=O)OC(C)(C)C)(C(=O)CCCCCCC/C=C\CCCCCCCC)CCCN(CC)CC,-0.12484858460694763
N(C(CCCCCOC(=O)CCCCCCCCCC)C(=O)NC(C)(C)C)(C(=O)CCCCCCC/C=C\C/C=C\CCCCC)CCCN1CCCCC1,-0.11996547588798094
N(C(CCCCCOC(=O)CCCCCCCCCC)C(=O)NCCCC)(C(=O)CCCCCCC/C=C\C/C=C\CCCCC)CCCN1CCN(CC1)CCCN,-0.11821477753184603
N(C(CCCCCOC(=O)CCCCCCC/C=C\C/C=C\CCCCC)C(=O)NCCCC)(C(=O)CCCCC(=O)OC(CCCCCCCC)CCCCCCCC)CCN1CCCC1,-0.11849792501541288
C1COCCN1CCN(CCC(=O)OCCCCCCCCCCCC)(CCC(=O)OCCCCCCCCCCCC),-0.04199075925900829
CN(CCC(=O)OCCCCCCCCCCCC)CCN(CCC(=O)OCCCCCCCCCCCC)(CCC(=O)OCCCCCCCCCCCC),-0.05492691640238203
OCC(O)CN(CCC(=O)OCCCCCCCCCCCC)(CCC(=O)OCCCCCCCCCCCC),-0.05533376012205581
OCCN(CCC(=O)OCCCCCCCCCCCCC)CCN(CCC(=O)OCCCCCCCCCCCCC)CCO,-0.05229798371609592
C1COCCN1CCCN(CCC(=O)OCCCCCCCCCCCC)(CCC(=O)OCCCCCCCCCCCC),-0.041361438256432924
CC(O)CN(CCC(=O)OCCCCCCCCCCCCC)(CCC(=O)OCCCCCCCCCCCCC),-0.05579390087595865
CC(O)CN(CCC(=O)OCCCCCCCCCCCCC)(CCC(=O)OCCCCCCCCCCCCC),-0.05579390087595865
OCCOCCN(CCC(=O)OCCCCCCCCCCCCCCC)(CCC(=O)OCCCCCCCCCCCCCCC),-0.052300399192259046
c1nccn1CCCN(CCC(=O)NCCCCCCCCCCCC)(CCC(=O)NCCCCCCCCCCCC),-0.05648338512741197
OCCCCN(CCC(=O)NCCCCCCCCCCCCCC)(CCC(=O)NCCCCCCCCCCCCCC),-0.058235171938854954
COCCCN(CCC(=O)NCCCCCCCCCCCCCCCC)(CCC(=O)NCCCCCCCCCCCCCCCC),-0.05494933410862441
C1N(CCC(=O)NCCCCCCCCCCCCCCCC)CCCN(CCC(=O)NCCCCCCCCCCCCCCCC)C1,-0.046321551460859374
N(CCC(=O)NCCCCCCCCCCCCCCCC)(CCC(=O)NCCCCCCCCCCCCCCCC)CCCN(CCC(=O)NCCCCCCCCCCCCCCCC)(CCC(=O)NCCCCCCCCCCCCCCCC),-0.055777506949777414
OCC(O)CN(CCC(=O)NCCCCCCCCCCCCCCCCCC)(CCC(=O)NCCCCCCCCCCCCCCCCCC),-0.05578066794327484
COCCN(CCC(=O)OCCCCCCCCCC)(CCC(=O)OCCCCCCCCCC),-0.05430363409021449
OCCOCCN(CCC(=O)OCCCCCCCCCC)(CCC(=O)OCCCCCCCCCC),-0.053639281228100404
CCN(CCC(=O)OCCCCCCCCCC)CCCN(CCC(=O)OCCCCCCCCCC)CC,-0.05848511408035212
C1CCCCN1CCN(CCC(=O)OCCCCCCCCCC)(CCC(=O)OCCCCCCCCCC),-0.044339660724184916
CN(CCC(=O)OCCCCCCCCCC)CCN(CCC(=O)OCCCCCCCCCC)(CCC(=O)OCCCCCCCCCC),-0.05564434264352488
N(CCC(=O)OCCCCCCCCCC)(CCC(=O)OCCCCCCCCCC)CCCN(CCC(=O)OCCCCCCCCCC)(CCC(=O)OCCCCCCCCCC),-0.054223945742351246
O1CCCC1CN(CCC(=O)OCCCCCCCCCCCC)(CCC(=O)OCCCCCCCCCCCC),-0.04232316307285229
c1c(OC)c(OC)ccc1CCN(CCC(=O)OCCCCCCCCCCCC)(CCC(=O)OCCCCCCCCCCCC),-0.05181270411768051
OCCCCN(CCC(=O)OCCCCCCCCCCCC)(CCC(=O)OCCCCCCCCCCCC),-0.055436976996989545
OCC(CO)(CC)N(CCC(=O)OCCCCCCCCCCCC)(CCC(=O)OCCCCCCCCCCCC),-0.05837134813513806
CCN(CCC(=O)OCCCCCCCCCCCC)CCN(CCC(=O)OCCCCCCCCCCCC)CC,-0.057434985818431546
OCCN(CCO)CCCN(CCC(=O)OCCCCCCCCCCCC)(CCC(=O)OCCCCCCCCCCCC),-0.05183771622424625
N(CCC(=O)OCCCCCCCCCCCC)(CCC(=O)OCCCCCCCCCCCC)CCN(CCC(=O)OCCCCCCCCCCCC)CCO,-0.05360225883727911
OCCCCN(CCC(=O)OCCCCCCCCCCCCC)(CCC(=O)OCCCCCCCCCCCCC),-0.05505875368777951
CCN(CCC(=O)OCCCCCCCCCCCCC)CCN(CCC(=O)OCCCCCCCCCCCCC)CC,-0.056944360860729216
CCN(CCC(=O)OCCCCCCCCCCCCC)CCCN(CCC(=O)OCCCCCCCCCCCCC)CC,-0.05693064334177811
C1N(CCC(=O)OCCCCCCCCCCCCC)CCCN(CCC(=O)OCCCCCCCCCCCCC)C1,-0.04179571701400892
CCN(CC)CCN(CCC(=O)OCCCCCCCCCCCCC)(CCC(=O)OCCCCCCCCCCCCC),-0.05724293309794272
N1(C)CCCC1CCN(CCC(=O)OCCCCCCCCCCCCC)(CCC(=O)OCCCCCCCCCCCCC),-0.042928702072463513
CN(C)CCCN(CCC(=O)OCCCCCCCCCCCCC)(CCC(=O)OCCCCCCCCCCCCC),-0.05454398887879257
CCN(CC)CCCN(CCC(=O)OCCCCCCCCCCCCC)(CCC(=O)OCCCCCCCCCCCCC),-0.056939060232482346
OCCN(CCO)CCCN(CCC(=O)OCCCCCCCCCCCCC)(CCC(=O)OCCCCCCCCCCCCC),-0.05170312052471187
N1=CNC=C1CCN(CCC(=O)OCCCCCCCCCCCCC)(CCC(=O)OCCCCCCCCCCCCC),-0.05127814582346792
CN(CCC(=O)OCCCCCCCCCCCCC)CCN(CCC(=O)OCCCCCCCCCCCCC)(CCC(=O)OCCCCCCCCCCCCC),-0.05463319748301482
CN(CCC(=O)OCCCCCCCCCCCCC)CCCN(CCC(=O)OCCCCCCCCCCCCC)(CCC(=O)OCCCCCCCCCCCCC),-0.05431571892620348
N(CCC(=O)OCCCCCCCCCCCCC)(CCC(=O)OCCCCCCCCCCCCC)CCN(CCC(=O)OCCCCCCCCCCCCC)CCN(CCC(=O)OCCCCCCCCCCCCC)CCN(CCC(=O)OCCCCCCCCCCCCC)(CCC(=O)OCCCCCCCCCCCCC),-0.05223131955606288
OCC(O)CN(CCC(=O)OCCCCCCCCCCCCC)(CCC(=O)OCCCCCCCCCCCCC),-0.054947477770462
c1c(OC)c(OC)ccc1CCN(CCC(=O)OCCCCCCCCCCCCCC)(CCC(=O)OCCCCCCCCCCCCCC),-0.05286534477301767
OCCCCN(CCC(=O)OCCCCCCCCCCCCCC)(CCC(=O)OCCCCCCCCCCCCCC),-0.05444388081114286
OCCOCCN(CCC(=O)OCCCCCCCCCCCCCC)(CCC(=O)OCCCCCCCCCCCCCC),-0.05253781664253999
OCCCCCN(CCC(=O)OCCCCCCCCCCCCCC)(CCC(=O)OCCCCCCCCCCCCCC),-0.054375397588814135
OCCCCCCN(CCC(=O)OCCCCCCCCCCCCCC)(CCC(=O)OCCCCCCCCCCCCCC),-0.054012442474610546
CC(C)N(CCC(=O)OCCCCCCCCCCCCCC)CCN(CCC(=O)OCCCCCCCCCCCCCC)C(C)C,-0.05994767744195372
CN(CCC(=O)OCCCCCCCCCCCCCC)CCCN(CCC(=O)OCCCCCCCCCCCCCC)C,-0.055060908232875634
N1=CNC=C1CCN(CCC(=O)OCCCCCCCCCCCCCC)(CCC(=O)OCCCCCCCCCCCCCC),-0.051344645969687415
O1CCOC1CCN(CCC(=O)OCCCCCCCCCCCCCCC)(CCC(=O)OCCCCCCCCCCCCCCC),-0.04168558919338623
CCOCCN(CCC(=O)OCCCCCCCCCCCCCCC)(CCC(=O)OCCCCCCCCCCCCCCC),-0.05366983998363333
c1c(OC)c(OC)ccc1CCN(CCC(=O)OCCCCCCCCCCCCCCC)(CCC(=O)OCCCCCCCCCCCCCCC),-0.05314184224196258
CC(C)N(CCC(=O)OCCCCCCCCCCCCCCC)CCN(CCC(=O)OCCCCCCCCCCCCCCC)C(C)C,-0.05935862183060386
CN(CCC(=O)OCCCCCCCCCCCCCCC)CCCN(CCC(=O)OCCCCCCCCCCCCCCC)C,-0.054719871328300446
C1CCCCN1CCN(CCC(=O)OCCCCCCCCCCCCCCC)(CCC(=O)OCCCCCCCCCCCCCCC),-0.044355734077912407
C1COCCN1CCN(CCC(=O)OCCCCCCCCCCCCCCC)(CCC(=O)OCCCCCCCCCCCCCCC),-0.042360185463673594
COCCCN(CCC(=O)OCCCCCCCCCCCCCCCCCC)(CCC(=O)OCCCCCCCCCCCCCCCCCC),-0.050635748446848955
OCCOCCN(CCC(=O)OCCCCCCCCCCCCCCCCCC)(CCC(=O)OCCCCCCCCCCCCCCCCCC),-0.05095508334182269
OCCCCCN(CCC(=O)OCCCCCCCCCCCCCCCCCC)(CCC(=O)OCCCCCCCCCCCCCCCCCC),-0.052135013626818105
C1N(CCC(=O)OCCCCCCCCCCCCCCCCCC)CCCN(CCC(=O)OCCCCCCCCCCCCCCCCCC)C1,-0.042394412164491274
C1CCCN1CCN(CCC(=O)OCCCCCCCCCCCCCCCCCC)(CCC(=O)OCCCCCCCCCCCCCCCCCC),-0.04492908909420193
OCCN(CCO)CCCN(CCC(=O)OCCCCCCCCCCCCCCCCCC)(CCC(=O)OCCCCCCCCCCCCCCCCCC),-0.050490253283887114
C1COCCN1CCN(CCC(=O)OCCCCCCCCCCCCCCCCCC)(CCC(=O)OCCCCCCCCCCCCCCCCCC),-0.04275138822967378
CN(CCC(=O)OCCCCCCCCCCCCCCCCCC)CCN(CCC(=O)OCCCCCCCCCCCCCCCCCC)(CCC(=O)OCCCCCCCCCCCCCCCCCC),-0.05245214179048232
N(CCC(=O)OCCCCCCCCCCCCCCCCCC)(CCC(=O)OCCCCCCCCCCCCCCCCCC)CCCN(CCC(=O)OCCCCCCCCCCCCCCCCCC)(CCC(=O)OCCCCCCCCCCCCCCCCCC),-0.05094062030553729
CCOCCN(CCC(=O)NCCCCCCCCCCCC)(CCC(=O)NCCCCCCCCCCCC),-0.05992322447338871
OCC(CO)(CC)N(CCC(=O)NCCCCCCCCCCCC)(CCC(=O)NCCCCCCCCCCCC),-0.06305781920200997
C1N(CCC(=O)NCCCCCCCCCCCC)CCCN(CCC(=O)NCCCCCCCCCCCC)C1,-0.04646735228592828
N1(C)CCCC1CCN(CCC(=O)NCCCCCCCCCCCC)(CCC(=O)NCCCCCCCCCCCC),-0.04705024992409682
CN(C)CCCN(CCC(=O)NCCCCCCCCCCCC)(CCC(=O)NCCCCCCCCCCCC),-0.060481408211925235
C1COCCN1CCN(CCC(=O)NCCCCCCCCCCCC)(CCC(=O)NCCCCCCCCCCCC),-0.04617102405589101
COC(OC)CN(CCC(=O)NCCCCCCCCCCCCCC)(CCC(=O)NCCCCCCCCCCCCCC),-0.0537594511672161
C1CC(O)CCC1N(CCC(=O)NCCCCCCCCCCCCCC)(CCC(=O)NCCCCCCCCCCCCCC),-0.04890043756849397
CCN(CC)CCN(CCC(=O)NCCCCCCCCCCCCCC)(CCC(=O)NCCCCCCCCCCCCCC),-0.06143782494492439
c1nccn1CCCN(CCC(=O)NCCCCCCCCCCCCCC)(CCC(=O)NCCCCCCCCCCCCCC),-0.05589421768846196
N(CCC(=O)NCCCCCCCCCCCCCC)(CCC(=O)NCCCCCCCCCCCCCC)CCN(CCC(=O)NCCCCCCCCCCCCCC)CCN(CCC(=O)NCCCCCCCCCCCCCC)CCN(CCC(=O)NCCCCCCCCCCCCCC)(CCC(=O)NCCCCCCCCCCCCCC),-0.0569707670847101
COC(OC)CN(CCC(=O)NCCCCCCCCCCCCCCC)(CCC(=O)NCCCCCCCCCCCCCCC),-0.053304044448386066
OCC(CO)N(CCC(=O)NCCCCCCCCCCCCCCC)(CCC(=O)NCCCCCCCCCCCCCCC),-0.059439570102762074
N1(C)CCCC1CCN(CCC(=O)NCCCCCCCCCCCCCCC)(CCC(=O)NCCCCCCCCCCCCCCC),-0.047291454602436
CCN(CC)CCCN(CCC(=O)NCCCCCCCCCCCCCCC)(CCC(=O)NCCCCCCCCCCCCCCC),-0.060022646665090856
C1CCCCN1CCN(CCC(=O)NCCCCCCCCCCCCCCC)(CCC(=O)NCCCCCCCCCCCCCCC),-0.0481565976481969
COC(OC)CN(CCC(=O)NCCCCCCCCCCCCCCCC)(CCC(=O)NCCCCCCCCCCCCCCCC),-0.05291847779343318
OCC(CO)N(CCC(=O)NCCCCCCCCCCCCCCCC)(CCC(=O)NCCCCCCCCCCCCCCCC),-0.05866016900561893
C1CC(O)CCC1N(CCC(=O)NCCCCCCCCCCCCCCCC)(CCC(=O)NCCCCCCCCCCCCCCCC),-0.048758058667989504
C1CCCCN1CCN(CCC(=O)NCCCCCCCCCCCCCCCC)(CCC(=O)NCCCCCCCCCCCCCCCC),-0.04791657088724592
CN(CCC(=O)NCCCCCCCCCCCCCCCC)CCCN(CCC(=O)NCCCCCCCCCCCCCCCC)(CCC(=O)NCCCCCCCCCCCCCCCC),-0.05636388615389714
N(CCC(=O)NCCCCCCCCCCCCCCCC)(CCC(=O)NCCCCCCCCCCCCCCCC)CCN(CCC(=O)NCCCCCCCCCCCCCCCC)(CCC(=O)NCCCCCCCCCCCCCCCC),-0.056396465261406015
COCCCN(CCC(=O)NCCCCCCCCCCCCCCCCCC)(CCC(=O)NCCCCCCCCCCCCCCCCCC),-0.05352367385507062
C1OC(C)(C)OC1CN(CCC(=O)NCCCCCCCCCCCCCCCCCC)(CCC(=O)NCCCCCCCCCCCCCCCCCC),-0.04272834428887059
CCOCCN(CCC(=O)NCCCCCCCCCCCCCCCCCC)(CCC(=O)NCCCCCCCCCCCCCCCCCC),-0.05530179233876106
OCC(CO)N(CCC(=O)NCCCCCCCCCCCCCCCCCC)(CCC(=O)NCCCCCCCCCCCCCCCCCC),-0.05739148488197519
OCCOCCN(CCC(=O)NCCCCCCCCCCCCCCCCCC)(CCC(=O)NCCCCCCCCCCCCCCCCCC),-0.054058850928670674
OCCCCCN(CCC(=O)NCCCCCCCCCCCCCCCCCC)(CCC(=O)NCCCCCCCCCCCCCCCCCC),-0.054882587941684595
C1CC(O)CCC1N(CCC(=O)NCCCCCCCCCCCCCCCCCC)(CCC(=O)NCCCCCCCCCCCCCCCCCC),-0.04840650251382735
CCN(CCC(=O)NCCCCCCCCCCCCCCCCCC)CCN(CCC(=O)NCCCCCCCCCCCCCCCCCC)CC,-0.05794937786875134
CCN(CC)CCCN(CCC(=O)NCCCCCCCCCCCCCCCCCC)(CCC(=O)NCCCCCCCCCCCCCCCCCC),-0.05763425514671639
c1nccn1CCCN(CCC(=O)NCCCCCCCCCCCCCCCCCC)(CCC(=O)NCCCCCCCCCCCCCCCCCC),-0.05452463524879416
N1=CNC=C1CCN(CCC(=O)NCCCCCCCCCCCCCCCCCC)(CCC(=O)NCCCCCCCCCCCCCCCCCC),-0.053816744174357
CN(CCC(=O)NCCCCCCCCCCCCCCCCCC)CCN(CCC(=O)NCCCCCCCCCCCCCCCCCC)(CCC(=O)NCCCCCCCCCCCCCCCCCC),-0.05543248152746372
CN(C)CCNC(=O)CCC(SCCCCCCCCCCC)CSCCCCCCCCCCC,-0.3536189135204682
CN(C)CCNC(=O)CCC(SCCCCCCCCCCCCCCCC)CSCCCCCCCCCCCCCCCC,-0.3651724043949572
CN(C)CCNC(=O)CCC(SCCCCCCCC)CSCCCCCCCC,-0.3436990002288957
CN(C)CCNC(=O)CCC(SCCCCCCCCC)CSCCCCCCCCC,-0.34735561365016665
C1CCCN1CCNC(=O)CCC(SCCCCCC)CSCCCCCC,-0.3246766781338499
CCN(CC)CCNC(=O)CCC(SCCCCCCCCC)CSCCCCCCCCC,-0.34996725033429704
CN(C)CCCNC(=O)CCC(SCCCCCC)CSCCCCCC,-0.3369960836969046
CN(C)CCCNC(=O)CCC(SCCCCCCC)CSCCCCCCC,-0.34179453146738825
CN(C)CCCNC(=O)CCC(SCCCCCCCC)CSCCCCCCCC,-0.3453714043545825
CN(C)CCCNC(=O)CCC(SCCCCCCCCC)CSCCCCCCCCC,-0.34880814980362196
CN(C)CCNC(=O)CCCC(SCCCCCCCCCCC)CSCCCCCCCCCCC,-0.3556565614985749
CN(C)CCNC(=O)CCCC(SCCCCCCCCCCCC)CSCCCCCCCCCCCC,-0.35823110124015056
CN(C)CCNC(=O)CCCC(SCCCCCC)CSCCCCCC,-0.33812509514796735
C1COCCN1CCNC(=O)CCCC(SCCCCCCCCC)CSCCCCCCCCC,-0.335524760506625
C1CCCN1CCNC(=O)CCCC(SCCCCCCCCCCC)CSCCCCCCCCCCC,-0.34728308972388605
C1CCCN1CCNC(=O)CCCC(SCCCCCC)CSCCCCCC,-0.3277882587423614
CCN(CC)CCNC(=O)CCCC(SCCCCCCCCCCC)CSCCCCCCCCCCC,-0.35766695336293963
CCN(CC)CCNC(=O)CCCC(SCCCCCCCCCCCCCCCC)CSCCCCCCCCCCCCCCCC,-0.367593755234681
C1CN(CCN(C)C)CCN1C(=O)CCCC(SCCCCCCCCCC)CSCCCCCCCCCC,-0.3368710753502893
C1CN(CCN(C)C)CCN1C(=O)CCCC(SCCCCCCCCCCC)CSCCCCCCCCCCC,-0.33985508303255546
C1CN(CCN(C)C)CCN1C(=O)CCCC(SCCCCCC)CSCCCCCC,-0.32293756511709004
C1CN(CCN(C)C)CCN1C(=O)CCCC(SCCCCCCC)CSCCCCCCC,-0.3271668253131829
C1CN(CCN(C)C)CCN1C(=O)CCCC(SCCCCCCCCC)CSCCCCCCCCC,-0.33379065736635155
N(CCCCCCCCCCCC)(CCCCCCCCCCCC)CCOP(=O)([O-])OCCCCCCCCCC,0.17508620481776208
N(CCCCCCCCCC)(CCCCCCCCCC)CCOP(=O)([O-])OCCCCCCCCCCC,0.181187712516174
N(CCCCCCCC)(CCCCCCCC)CCOP(=O)([O-])OCCCCCCCCCCCCC,0.1843831638247941
N(CCCCCCCCCCCC)(CCCCCCCCCCCC)CCOP(=O)([O-])OCCCCC,0.18382541248631146
N(CCCCCCCCCC)(CCCCCCCCCC)CCOP(=O)([O-])OCCCCCC,0.18863115141632458
N(CCN(CCOP(=O)([O-])OCCCCCCCCC)C)(CCN(CCOP(=O)([O-])OCCCCCCCCC)C)(CCN(CCOP(=O)([O-])OCCCCCCCCC)C),0.1559530839364927
N(CCOP(=O)([O-])OCCCCCCCCC)CCN([H])CCN(CCOP(=O)([O-])OCCCCCCCCC)CCN([H])CCN(CCOP(=O)([O-])OCCCCCCCCC),0.15448272991874767
N(CCCCCCCCCC)(CCCCCCCCCC)CCOP(=O)([O-])OCCCCCCCCCC,0.18276598762323218
[N+](CCCC)(CCCC)(CCCC)CCOP(=O)([O-])OCCCCCCCCCC,0.18325027568359298
[N+](CCCCCCCCCCCC)(CCCCCCCCCCCC)(CCCCCCCCCCCC)CCOP(=O)([O-])OCCCCCCCCCC,0.1474851551155481
C8N(CCCN(CCOP(=O)([O-])OCCCCCCCCCC)([H]))CCN(CCCN(CCOP(=O)([O-])OCCCCCCCCCC)([H]))C8,0.19034569218174596
N(CCOP(=O)([O-])OCCCCCCCCCC)CCN([H])CCN([H])CCN([H])CCN(CCOP(=O)([O-])OCCCCCCCCCC),0.17001146832318711
[N+](CCCCCCCC)(CCCCCCCC)(CCCCCCCC)CCOP(=O)([O-])OCCCCCCCCCCC,0.16472343931926914
[N+](CCCC)(CCCC)(CCCC)CCOP(=O)([O-])OCCCCCCCCCCCC,0.18052453011627476
[N+](CCCCCCCCCCCC)(CCCCCCCCCCCC)(CCCCCCCCCCCC)CCOP(=O)([O-])OCCCCCCCCCCCCC,0.14448602834174237
N(CCCCCCCCCCCC)(CCCCCCCCCCCC)CCOP(=O)([O-])OCCCCCCCCCCCCCC,0.16603716014507788
[N+](CCCCCC)(CCCCCC)(CCCCCC)CCOP(=O)([O-])OCCCCCCCCCCCCCC,0.16946381128941088
[N+](CCCCCCCCCCCC)(CCCCCCCCCCCC)(CCCCCCCCCCCC)CCOP(=O)([O-])OCCCCCCCCCCCCCC,0.1432805119018338
N(CCOP(=O)([O-])OCCCC)CCCC,0.2077888892799725
C8N(CCCN(CCOP(=O)([O-])OCCCC)(CCOP(=O)([O-])OCCCC))CCN(CCCN(CCOP(=O)([O-])OCCCC)([H]))C8,0.18665311500426846
N(CCNCCOP(=O)([O-])OCCCC)(CCNCCOP(=O)([O-])OCCCC)(CCN(CCOP(=O)([O-])OCCCC)[H]),0.172320424969592
N(CCOP(=O)([O-])OCCCCC)CCCCCCCC,0.2109117719312719
N(CCOP(=O)([O-])OCCCCC)(CCOP(=O)([O-])OCCCCC)CCCN(C)CCCN(CCOP(=O)([O-])OCCCCC),0.16822073568620033
N(CCOP(=O)([O-])OCCCCCC)([H])CCCN(CCOP(=O)([O-])OCCCCCC)CCCN(C)C,0.17946519471527558
C8N(CCCN(CCOP(=O)([O-])OCCCCCC)([H]))CCN(CCCN(CCOP(=O)([O-])OCCCCCC)([H]))C8,0.19848013618871183
N(CCN(CCOP(=O)([O-])OCCCCCC)C)(CCN(CCOP(=O)([O-])OCCCCCC)C)(CCN([H])C),0.17559646670204984
N(CCN(CCOP(=O)([O-])OCCCCCC)C)(CCN(CCOP(=O)([O-])OCCCCCC)C)(CCN(CCOP(=O)([O-])OCCCCCC)C),0.1603828882955121
N(CCOP(=O)([O-])OCCCCCC)CCN([H])CCN([H])CCN([H])CCN(CCOP(=O)([O-])OCCCCCC),0.18158010810990907
N(CCOP(=O)([O-])OCCCCCCC)CCCC,0.21105671541140636
N(CCOP(=O)([O-])OCCCCCCC)CCCCCCCCCC,0.20796651624004261
N(CCOP(=O)([O-])OCCCCCCC)CCCCCCCCCCCCCC,0.20146587347119355
N(CCCCCCCCCCCCC)(CCCCCCCCCCCCC)CCOP(=O)([O-])OCCCCCCC,0.1771278487687806
N(CCOP(=O)([O-])OCCCCCCC)(CCOP(=O)([O-])OCCCCCCC)CCCN(C)CCCN(CCOP(=O)([O-])OCCCCCCC),0.16351899642432197
C8N(CCCN(CCOP(=O)([O-])OCCCCCCC)(CCOP(=O)([O-])OCCCCCCC))CCN(CCCN(CCOP(=O)([O-])OCCCCCCC)([H]))C8,0.18091656786168936
N(CCN(CCOP(=O)([O-])OCCCCCCC)C)(CCN(CCOP(=O)([O-])OCCCCCCC)C)(CCN([H])C),0.1741952817825811
N(CCOP(=O)([O-])OCCCCCCC)CCN([H])CCN([H])CCN([H])CCN(CCOP(=O)([O-])OCCCCCCC),0.17948696382143714
N(CCCCCCCC)(CCCCCCCC)CCOP(=O)([O-])OCCCCCCCC,0.19175139493626056
N(CCCCCCCCCCCCC)(CCCCCCCCCCCCC)CCOP(=O)([O-])OCCCCCCCC,0.17504566358512288
[N+](CCCCCCCCCC)(CCCCCCCCCC)(CCCCCCCCCC)CCOP(=O)([O-])OCCCCCCCC,0.15905093211570637
N(CCOP(=O)([O-])OCCCCCCCC)CCOCCOCCNCCOP(=O)([O-])OCCCCCCCC,0.18952214900323897
N(CCOP(=O)([O-])OCCCCCCCC)CCN([H])CCN([H])CCN(CCOP(=O)([O-])OCCCCCCCC),0.18253399753914495
N(CCNCCOP(=O)([O-])OCCCCCCCC)(CCNCCOP(=O)([O-])OCCCCCCCC)(CCN(CCOP(=O)([O-])OCCCCCCCC)CCOP(=O)([O-])OCCCCCCCC),0.1537226899067763
N(CCOP(=O)([O-])OCCCCCCCCC)CCCCCCCCCCCC,0.20173496049783554
[N+](CCCCCC)(CCCCCC)(CCCCCC)CCOP(=O)([O-])OCCCCCCCCC,0.17619586263882644
N(CCOP(=O)([O-])OCCCCCCCCC)(CCOP(=O)([O-])OCCCCCCCCC)CCCN(CCOP(=O)([O-])OCCCCCCCCC)CCCN(C)C,0.15565408675439865
N(CCOP(=O)([O-])OCCCCCCCCC)([H])CCCN(C)CCCN(CCOP(=O)([O-])OCCCCCCCCC),0.1793454944520805
N(CCOP(=O)([O-])OCCCCCCCCC)CCN([H])CCN([H])CCN(CCOP(=O)([O-])OCCCCCCCCC),0.18010656327797323
N(CCOP(=O)([O-])OCCCCCCCCC)CCN(CCOP(=O)([O-])OCCCCCCCCC)CCN(CCOP(=O)([O-])OCCCCCCCCC)CCN(CCOP(=O)([O-])OCCCCCCCCC),0.15083981910608119
N(CCOP(=O)([O-])OCCCCCCCCCC)CCCCCCCCCC,0.2033280415791529
[N+](CCCCCC)(CCCCCC)(CCCCCC)CCOP(=O)([O-])OCCCCCCCCCC,0.17490203221549677
C8CN(CCOP(=O)([O-])OCCCCCCCCCC)CCN8CCN(CCOP(=O)([O-])OCCCCCCCCCC)[H],0.1965386897674231
N(CCOP(=O)([O-])OCCCCCCCCCC)([H])CCCN(CCOP(=O)([O-])OCCCCCCCCCC)CCCN(C)C,0.17243618890126197
N(CCOP(=O)([O-])OCCCCCCCCCC)CCN(CCOP(=O)([O-])OCCCCCCCCCC)CCN([H])CCN(CCOP(=O)([O-])OCCCCCCCCCC),0.155012718191701
[N+](CCCCCCCCCC)(CCCCCCCCCC)(CCCCCCCCCC)CCOP(=O)([O-])OCCCCCCCCCCC,0.15422582464534818
C8N(CCCN(CCOP(=O)([O-])OCCCCCCCCCCC)(CCOP(=O)([O-])OCCCCCCCCCCC))CCN(CCCN(CCOP(=O)([O-])OCCCCCCCCCCC)([H]))C8,0.16978672466758926
N(CCOP(=O)([O-])OCCCCCCCCCCC)CCN([H])CCN([H])CCN(CCOP(=O)([O-])OCCCCCCCCCCC),0.17306355664842146
N(CCOP(=O)([O-])OCCCCCCCCCCC)CCN(CCOP(=O)([O-])OCCCCCCCCCCC)CCN([H])CCN(CCOP(=O)([O-])OCCCCCCCCCCC),0.15290098070091165
N(CCOP(=O)([O-])OCCCCCCCCCCC)CCCN(CCOP(=O)([O-])OCCCCCCCCCCC)CCCCN(CCOP(=O)([O-])OCCCCCCCCCCC)CCCN(CCOP(=O)([O-])OCCCCCCCCCCC),0.13829847303260562
N(CCN(CCOP(=O)([O-])OCCCCCCCCCCC)C)(CCN(CCOP(=O)([O-])OCCCCCCCCCCC)C)(CCN(CCOP(=O)([O-])OCCCCCCCCCCC)C),0.15266225114012236
N(CCOP(=O)([O-])OCCCCCCCCCCC)CCN([H])CCN([H])CCN([H])CCN(CCOP(=O)([O-])OCCCCCCCCCCC),0.16579857968775547
N(CCOP(=O)([O-])OCCCCCCCCCCCC)CCCCCC,0.2061867725285634
[N+](CCCCCCCCCCCC)(CCCCCCCCCCCC)(CCCCCCCCCCCC)CCOP(=O)([O-])OCCCCCCCCCCCC,0.1455229385813258
C8CN(CCOP(=O)([O-])OCCCCCCCCCCCC)CCN8CCN(CCOP(=O)([O-])OCCCCCCCCCCCC)[H],0.19222734811282388
N(CCOP(=O)([O-])OCCCCCCCCCCCC)(CCOP(=O)([O-])OCCCCCCCCCCCC)CCCN(CCOP(=O)([O-])OCCCCCCCCCCCC)CCCN(C)C,0.14962264277506418
N(CCOP(=O)([O-])OCCCCCCCCCCCC)CCN([H])CCN([H])CCN(CCOP(=O)([O-])OCCCCCCCCCCCC),0.16858436922117812
N(CCOP(=O)([O-])OCCCCCCCCCCCC)CCN(CCOP(=O)([O-])OCCCCCCCCCCCC)CCN([H])CCN(CCOP(=O)([O-])OCCCCCCCCCCCC),0.15025707802655283
N(CCN(CCOP(=O)([O-])OCCCCCCCCCCCC)C)(CCN(CCOP(=O)([O-])OCCCCCCCCCCCC)C)(CCN([H])C),0.16379628414164124
N(CCOP(=O)([O-])OCCCCCCCCCCCCC)CCCCCC,0.2045179767067746
N(CCCCCCCCCCCCC)(CCCCCCCCCCCCC)CCOP(=O)([O-])OCCCCCCCCCCCCC,0.16388104946255105
N(CCOP(=O)([O-])OCCCCCCCCCCCCC)CCOCCOCCNCCOP(=O)([O-])OCCCCCCCCCCCCC,0.17029011288205478
N(CCOP(=O)([O-])OCCCCCCCCCCCCC)CCN([H])CCN(CCOP(=O)([O-])OCCCCCCCCCCCCC)CCN([H])CCN(CCOP(=O)([O-])OCCCCCCCCCCCCC),0.1446547240041476
N(CCOP(=O)([O-])OCCCCCCCCCCCCCC)CCCCCCCC,0.20010366419796197
[N+](CCCC)(CCCC)(CCCC)CCOP(=O)([O-])OCCCCCCCCCCCCCC,0.17806875128605298
N(CCOP(=O)([O-])OCCCCCCCCCCCCCC)([H])CCCN(CCOP(=O)([O-])OCCCCCCCCCCCCCC)CCCN(C)C,0.16030322231316887
C8N(CCCN(CCOP(=O)([O-])OCCCCCCCCCCCCCC)([H]))CCN(CCCN(CCOP(=O)([O-])OCCCCCCCCCCCCCC)([H]))C8,0.177974070584597
N(CCOP(=O)([O-])OCCCCCCCCCCCCCC)CCCN(CCOP(=O)([O-])OCCCCCCCCCCCCCC)CCCCN([H])CCCN(CCOP(=O)([O-])OCCCCCCCCCCCCCC),0.1424881462582472
N(CCOP(=O)([O-])OCCCCCCCCCCCCCC)CCN([H])CCN(CCOP(=O)([O-])OCCCCCCCCCCCCCC)CCN([H])CCN(CCOP(=O)([O-])OCCCCCCCCCCCCCC),0.14222541103929345
N(CCOP(=O)([O-])OCCCCCCCCCCCCCCC)CCN([H])CCN(CCOP(=O)([O-])OCCCCCCCCCCCCCCC)CCN([H])CCN(CCOP(=O)([O-])OCCCCCCCCCCCCCCC),0.13970064203495564
[N+](CCCCCCCCCCCC)(CCCCCCCCCCCC)(CCCCCCCCCCCC)CCOP(=O)([O-])OCCCCCCCCCCCCCCCC,0.14117942039857825
N(CCOP(=O)([O-])OCCCCCCCCCCCCCCCC)CCCN(CCOP(=O)([O-])OCCCCCCCCCCCCCCCC)CCCCN([H])CCCN(CCOP(=O)([O-])OCCCCCCCCCCCCCCCC),0.13597235457716517
N(CCOP(=O)([O-])OCCCC)CCN(CCOP(=O)([O-])OCCCC)CCN(CCOP(=O)([O-])OCCCC)CCN([H])CCN(CCOP(=O)([O-])OCCCC),0.15863239868423076
[N+](CCCCCCCC)(CCCCCCCC)(CCCCCCCC)CCOP(=O)([O-])OCCCCC,0.17264761761726924
N(CCOP(=O)([O-])OCCCCC)CCN(CCOP(=O)([O-])OCCCCC)CCN([H])CCN(CCOP(=O)([O-])OCCCCC),0.16934139734311895
N(CCOP(=O)([O-])OCCCCC)CCN(CCOP(=O)([O-])OCCCCC)CCN(CCOP(=O)([O-])OCCCCC)CCN(CCOP(=O)([O-])OCCCCC),0.15826836256989243
N(CCN(CCOP(=O)([O-])OCCCCC)C)(CCN(CCOP(=O)([O-])OCCCCC)C)(CCN([H])C),0.17670415635735165
N(CCOP(=O)([O-])OCCCCC)CCN([H])CCN([H])CCN([H])CCN(CCOP(=O)([O-])OCCCCC),0.18252387341374515
N(CCOP(=O)([O-])OCCCCC)CCN([H])CCN(CCOP(=O)([O-])OCCCCC)CCN([H])CCN(CCOP(=O)([O-])OCCCCC),0.16445609680318943
[N+](CCCC)(CCCC)(CCCC)CCOP(=O)([O-])OCCCCCC,0.18601030013794226
N(CCOP(=O)([O-])OCCCCCC)CCN([H])CCN(CCOP(=O)([O-])OCCCCCC)CCN([H])CCN(CCOP(=O)([O-])OCCCCCC),0.1623454179470148
[N+](CCCCCCCCCCCC)(CCCCCCCCCCCC)(CCCCCCCCCCCC)CCOP(=O)([O-])OCCCCCCC,0.15086133473634905
C8CN(CCOP(=O)([O-])OCCCCCCC)CCN8CCN(CCOP(=O)([O-])OCCCCCCC)CCOP(=O)([O-])OCCCCCCC,0.18497251018790434
N(CCOP(=O)([O-])OCCCCCCC)([H])CCCN(C)CCCN(CCOP(=O)([O-])OCCCCCCC),0.18329259124748778
N(CCN(CCOP(=O)([O-])OCCCCCCCC)C)(CCN(CCOP(=O)([O-])OCCCCCCCC)C)(CCN(CCOP(=O)([O-])OCCCCCCCC)C),0.15699352792824073
[N+](CCOP(=O)([O-])OCCCCCCCC)(CCN(CCOP(=O)([O-])OCCCCCCCC)C)(CCN(CCOP(=O)([O-])OCCCCCCCC)C)(CCN(CCOP(=O)([O-])OCCCCCCCC)C),0.15180645688173358
N(CCN(CCOP(=O)([O-])OCCCCCCCCC)C)(CCN(CCOP(=O)([O-])OCCCCCCCCC)C)(CCN([H])C),0.1714440842534699
N(CCOP(=O)([O-])OCCCCCCCCCC)CCCCCCCCCCCCCC,0.1970088279087789
C8CN(CCOP(=O)([O-])OCCCCCCCCCCC)CCN8CCN(CCOP(=O)([O-])OCCCCCCCCCCC)[H],0.1948281897059536
N(CCOP(=O)([O-])OCCCCCCCCCCC)([H])CCCN(CCOP(=O)([O-])OCCCCCCCCCCC)CCCN(C)C,0.16987235478860688
N(CCOP(=O)([O-])OCCCCCCCCCCC)(CCOP(=O)([O-])OCCCCCCCCCCC)CCCN(C)CCCN(CCOP(=O)([O-])OCCCCCCCCCCC),0.15318791541253676
[N+](CCOP(=O)([O-])OCCCCCCCCCCC)(CCN(CCOP(=O)([O-])OCCCCCCCCCCC)C)(CCN(CCOP(=O)([O-])OCCCCCCCCCCC)C)(CCN(CCOP(=O)([O-])OCCCCCCCCCCC)C),0.142706672299277
N(CCOP(=O)([O-])OCCCCCCCCCCCC)CCCCCCCC,0.20329157087115898
N(CCOP(=O)([O-])OCCCCCCCCCCCC)CCCCCCCCCCCCCC,0.19377963448560842
[N+](CCOP(=O)([O-])OCCCCCCCCCCCC)(CCN(CCOP(=O)([O-])OCCCCCCCCCCCC)C)(CCN(CCOP(=O)([O-])OCCCCCCCCCCCC)C)(CCN(CCOP(=O)([O-])OCCCCCCCCCCCC)C),0.13635428310752667
N(CCNCCOP(=O)([O-])OCCCCCCCCCCCC)(CCNCCOP(=O)([O-])OCCCCCCCCCCCC)(CCN(CCOP(=O)([O-])OCCCCCCCCCCCC)CCOP(=O)([O-])OCCCCCCCCCCCC),0.13788110260817155
N(CCN(CCOP(=O)([O-])OCCCCCCCCCCCCC)C)(CCN(CCOP(=O)([O-])OCCCCCCCCCCCCC)C)(CCN([H])C),0.1612624794672117
[N+](CCOP(=O)([O-])OCCCCCCCCCCCCC)(CCN(CCOP(=O)([O-])OCCCCCCCCCCCCC)C)(CCN(CCOP(=O)([O-])OCCCCCCCCCCCCC)C)(CCN(CCOP(=O)([O-])OCCCCCCCCCCCCC)C),0.13154047767995647
N(CCOP(=O)([O-])OCCCCCCCCCCCCC)CCN(CCOP(=O)([O-])OCCCCCCCCCCCCC)CCN(CCOP(=O)([O-])OCCCCCCCCCCCCC)CCN([H])CCN(CCOP(=O)([O-])OCCCCCCCCCCCCC),0.12934978990346482
N(CCOP(=O)([O-])OCCCCCCCCCCCCC)CCN(CCOP(=O)([O-])OCCCCCCCCCCCCC)CCN(CCOP(=O)([O-])OCCCCCCCCCCCCC)CCN(CCOP(=O)([O-])OCCCCCCCCCCCCC)CCN(CCOP(=O)([O-])OCCCCCCCCCCCCC),0.1197861146149139
N(CCOP(=O)([O-])OCCCCCCCCCCCCCC)CCCCCCCCCC,0.19700885772947227
N(CCOP(=O)([O-])OCCCCCCCCCCCCCC)CCCCCCCCCCCCCC,0.19042543271582263
N(CCOP(=O)([O-])OCCCCCCCCCCCCCC)CCN(CCOP(=O)([O-])OCCCCCCCCCCCCCC)CCN(CCOP(=O)([O-])OCCCCCCCCCCCCCC)CCN(CCOP(=O)([O-])OCCCCCCCCCCCCCC)CCN(CCOP(=O)([O-])OCCCCCCCCCCCCCC),0.11630950635400951
N(CCOP(=O)([O-])OCCCCCCCCCCCCCCC)CCN([H])CCN([H])CCN(CCOP(=O)([O-])OCCCCCCCCCCCCCCC),0.15888785765400174
N(CCOP(=O)([O-])OCCCCCCCCCCCCCCC)CCN(CCOP(=O)([O-])OCCCCCCCCCCCCCCC)CCN([H])CCN(CCOP(=O)([O-])OCCCCCCCCCCCCCCC),0.1425179520412725
N(CCOP(=O)([O-])OCCCCCCCCCCCCCCCC)CCCCCCCCCC,0.19377957484422167
N(CCOP(=O)([O-])OCCCCCCCCCCCCCCCC)CCOCCOCCNCCOP(=O)([O-])OCCCCCCCCCCCCCCCC,0.1598509318567962
N(CCC(=O)OCCOC(=O)C(C)CSCCCC)(CCC(=O)OCCOC(=O)C(C)CSCCCC)CCCN1CCN(CCCN(CCC(=O)OCCOC(=O)C(C)CSCCCC)(CCC(=O)OCCOC(=O)C(C)CSCCCC))CC1,0.08605088864469902
CN(C)CCCN(CCC(=O)OCCOC(=O)C(C)CSCCCCCCC)CCCN(CCC(=O)OCCOC(=O)C(C)CSCCCCCCC)CCC(=O)OCCOC(=O)C(C)CSCCCCCCC,0.07626782997018385
N(CCC(=O)OCCOC(=O)C(C)CSCCCCCCC)(CCC(=O)OCCOC(=O)C(C)CSCCCCCCC)CCCN(C)CCCN(CCC(=O)OCCOC(=O)C(C)CSCCCCCCC)(CCC(=O)OCCOC(=O)C(C)CSCCCCCCC),0.07528645331683236
CN(C)CCCN(CCC(=O)OCCOC(=O)C(C)CSCCCCCCCC)CCCN(CCC(=O)OCCOC(=O)C(C)CSCCCCCCCC)CCC(=O)OCCOC(=O)C(C)CSCCCCCCCC,0.07669355764393543
N(CCN(CCC(=O)OCCOC(=O)C(C)CSCCCCCCCC)C)(CCN(CCC(=O)OCCOC(=O)C(C)CSCCCCCCCC)C)CCN(CCC(=O)OCCOC(=O)C(C)CSCCCCCCCC)C,0.07715577839120095
N(CCC(=O)OCCOC(=O)C(C)CSCCCCCCCC)(CCC(=O)OCCOC(=O)C(C)CSCCCCCCCC)CCCN1CCN(CCCN(CCC(=O)OCCOC(=O)C(C)CSCCCCCCCC)(CCC(=O)OCCOC(=O)C(C)CSCCCCCCCC))CC1,0.08300342998211066
CN(C)CCCN(CCC(=O)OCCOC(=O)C(C)CSCCCCCCCCC)CCCN(CCC(=O)OCCOC(=O)C(C)CSCCCCCCCCC)CCC(=O)OCCOC(=O)C(C)CSCCCCCCCCC,0.07716521664065319
N(CCN(CCC(=O)OCCOC(=O)C(C)CSCCCCCCCCCC)C)(CCN(CCC(=O)OCCOC(=O)C(C)CSCCCCCCCCCC)C)CCN(CCC(=O)OCCOC(=O)C(C)CSCCCCCCCCCC)C,0.07848511034998995
N(CCN(CCC(=O)OCCOC(=O)C(C)CSCCCCCCCCCCCC)C)(CCN(CCC(=O)OCCOC(=O)C(C)CSCCCCCCCCCCCC)C)CCN(CCC(=O)OCCOC(=O)C(C)CSCCCCCCCCCCCC)C,0.0801494256125996
N(CCC(=O)OCCOC(=O)C(C)CSCCCCCCCCCCCCCC)(CCC(=O)OCCOC(=O)C(C)CSCCCCCCCCCCCCCC)CCN(C)C,0.07232490807184863
CN(C)CCCN(CCC(=O)OCCOC(=O)C(C)CSCCCCCCCCCCCCCC)CCCN(CCC(=O)OCCOC(=O)C(C)CSCCCCCCCCCCCCCC)CCC(=O)OCCOC(=O)C(C)CSCCCCCCCCCCCCCC,0.08069841712240422
C1N(C)CCN(CCC(=O)OCCOC(=O)C(C)CSCCC(C)C)C1,0.08053415728813808
N(CCC(=O)OCCOC(=O)C(C)CSCCCCC)(CCC(=O)OCCOC(=O)C(C)CSCCCCC)CCCN1CCN(CCCN(CCC(=O)OCCOC(=O)C(C)CSCCCCC)(CCC(=O)OCCOC(=O)C(C)CSCCCCC))CC1,0.08449898994092835
N(CCC(=O)OCCOC(=O)C(C)CSCCCCCCC)(CCC(=O)OCCOC(=O)C(C)CSCCCCCCC)CCOCCOCCN(CCC(=O)OCCOC(=O)C(C)CSCCCCCCC)CCC(=O)OCCOC(=O)C(C)CSCCCCCCC,0.07483054710138834
N(CCN(CCC(=O)OCCOC(=O)C(C)CSCCCCCCC)(CCC(=O)OCCOC(=O)C(C)CSCCCCCCC))(CCN(CCC(=O)OCCOC(=O)C(C)CSCCCCCCC)(CCC(=O)OCCOC(=O)C(C)CSCCCCCCC))CCNCCC(=O)OCCOC(=O)C(C)CSCCCCCCC,0.07189035347285895
N(CCC(=O)OCCOC(=O)C(C)CSCCCCCCC)(CCC(=O)OCCOC(=O)C(C)CSCCCCCCC)CCCN(CCC(=O)OCCOC(=O)C(C)CSCCCCCCC)CCCN(CCC(=O)OCCOC(=O)C(C)CSCCCCCCC)CCCN(CCC(=O)OCCOC(=O)C(C)CSCCCCCCC)CCC(=O)OCCOC(=O)C(C)CSCCCCCCC,0.06223170673109162
N(CCC(=O)OCCOC(=O)C(C)CSCCCCCCCC)(CCC(=O)OCCOC(=O)C(C)CSCCCCCCCC)CCCN(CCC(=O)OCCOC(=O)C(C)CSCCCCCCCC)CCCN(CCC(=O)OCCOC(=O)C(C)CSCCCCCCCC)CCC(=O)OCCOC(=O)C(C)CSCCCCCCCC,0.07131698354622273
N(CCC(=O)OCCOC(=O)C(C)CSCCCCCCCC)(CCC(=O)OCCOC(=O)C(C)CSCCCCCCCC)CCN(CCC(=O)OCCOC(=O)C(C)CSCCCCCCCC)CCN(CCC(=O)OCCOC(=O)C(C)CSCCCCCCCC)CCNCCN(CCC(=O)OCCOC(=O)C(C)CSCCCCCCCC)CCC(=O)OCCOC(=O)C(C)CSCCCCCCCC,0.0604003732200789
N(CCC(=O)OCCOC(=O)C(C)CSCCCCCCCCC)(CCC(=O)OCCOC(=O)C(C)CSCCCCCCCCC)CCCN(CCC(=O)OCCOC(=O)C(C)CSCCCCCCCCC)CCCNCCCN(CCC(=O)OCCOC(=O)C(C)CSCCCCCCCCC)CCC(=O)OCCOC(=O)C(C)CSCCCCCCCCC,0.06856313197540145
N(CCC(=O)OCCOC(=O)C(C)CSCCCCCCCCCC)(CCC(=O)OCCOC(=O)C(C)CSCCCCCCCCCC)CCCN(C)CCCN(CCC(=O)OCCOC(=O)C(C)CSCCCCCCCCCC)(CCC(=O)OCCOC(=O)C(C)CSCCCCCCCCCC),0.0753212466108241
N(CCC(=O)OCCOC(=O)C(C)CSCCCCCCCCCC)(CCC(=O)OCCOC(=O)C(C)CSCCCCCCCCCC)CCCN(CCC(=O)OCCOC(=O)C(C)CSCCCCCCCCCC)CCCN(CCC(=O)OCCOC(=O)C(C)CSCCCCCCCCCC)CCCN(CCC(=O)OCCOC(=O)C(C)CSCCCCCCCCCC)CCC(=O)OCCOC(=O)C(C)CSCCCCCCCCCC,0.057996631499791215
N(CCN(CCC(=O)OCCOC(=O)C(C)CSCCCCCCCCCC)(CCC(=O)OCCOC(=O)C(C)CSCCCCCCCCCC))(CCN(CCC(=O)OCCOC(=O)C(C)CSCCCCCCCCCC)(CCC(=O)OCCOC(=O)C(C)CSCCCCCCCCCC))CCN(CCC(=O)OCCOC(=O)C(C)CSCCCCCCCCCC)CCC(=O)OCCOC(=O)C(C)CSCCCCCCCCCC,0.05801318198461266
N(CCN(CCC(=O)OCCOC(=O)C(C)CSCCCCCCCCCCCC)(CCC(=O)OCCOC(=O)C(C)CSCCCCCCCCCCCC))(CCN(CCC(=O)OCCOC(=O)C(C)CSCCCCCCCCCCCC)(CCC(=O)OCCOC(=O)C(C)CSCCCCCCCCCCCC))CCN(CCC(=O)OCCOC(=O)C(C)CSCCCCCCCCCCCC)CCC(=O)OCCOC(=O)C(C)CSCCCCCCCCCCCC,0.05454692150430835
N(CCC(=O)OCCOC(=O)C(C)CSCCCCCCCCCCCO)(CCC(=O)OCCOC(=O)C(C)CSCCCCCCCCCCCO)CCCN(C)CCCN(CCC(=O)OCCOC(=O)C(C)CSCCCCCCCCCCCO)(CCC(=O)OCCOC(=O)C(C)CSCCCCCCCCCCCO),0.07597139736771978
N(CCC(=O)OCCOC(=O)C(C)CSCCN5CCCCC5)(CCC(=O)OCCOC(=O)C(C)CSCCN5CCCCC5)CCCN(CCC(=O)OCCOC(=O)C(C)CSCCN5CCCCC5)CCCN(CCC(=O)OCCOC(=O)C(C)CSCCN5CCCCC5)CCCN(CCC(=O)OCCOC(=O)C(C)CSCCN5CCCCC5)CCC(=O)OCCOC(=O)C(C)CSCCN5CCCCC5,0.09761132774074369
CN(C)CCCN(CCC(=O)OCCOC(=O)C(C)CSCC(C)C)C,0.05256948896129301
N(CCN(CCC(=O)OCCOC(=O)C(C)CSCC(C)C)C)(CCN(CCC(=O)OCCOC(=O)C(C)CSCC(C)C)C)CCN(CCC(=O)OCCOC(=O)C(C)CSCC(C)C)C,0.07974115049964396
N(CCC(=O)OCCOC(=O)C(C)CSCC(C)C)(CCC(=O)OCCOC(=O)C(C)CSCC(C)C)CCCN(CCC(=O)OCCOC(=O)C(C)CSCC(C)C)CCCN(CCC(=O)OCCOC(=O)C(C)CSCC(C)C)CCC(=O)OCCOC(=O)C(C)CSCC(C)C,0.07654748843262618
N(CCC(=O)OCCOC(=O)C(C)CSCC(C)C)(CCC(=O)OCCOC(=O)C(C)CSCC(C)C)CCN(CCC(=O)OCCOC(=O)C(C)CSCC(C)C)CCN(CCC(=O)OCCOC(=O)C(C)CSCC(C)C)CCNCCN(CCC(=O)OCCOC(=O)C(C)CSCC(C)C)CCC(=O)OCCOC(=O)C(C)CSCC(C)C,0.07290187139203616
OCCN1CCN(CCC(=O)OCCOC(=O)C(C)CSCCC(C)C)CC1,0.08368273792195079
N(CCN(CCC(=O)OCCOC(=O)C(C)CSCCC(C)C)C)(CCN(CCC(=O)OCCOC(=O)C(C)CSCCC(C)C)C)CCN(CCC(=O)OCCOC(=O)C(C)CSCCC(C)C)C,0.07888958332454066
C1N(C)CCN(CCC(=O)OCCOC(=O)C(C)CSCCC(C)C)C1,0.08053415728813808
OCCN1CCN(CCC(=O)OCCOC(=O)C(C)CSCCC(C)C)CC1,0.08368273792195079
N(CCN(CCC(=O)OCCOC(=O)C(C)CSCCC(C)C)C)(CCN(CCC(=O)OCCOC(=O)C(C)CSCCC(C)C)C)CCN(CCC(=O)OCCOC(=O)C(C)CSCCC(C)C)C,0.07888958332454066
CCCCCCCCN(CCC(=O)OCCOC(=O)C(C)CSCCC(C)C)CCCCCCCC,0.06406643234597541
CCCCCCCCCCN(CCC(=O)OCCOC(=O)C(C)CSCCC(C)C)CCCCCCCCCC,0.06558830161152052
N(CCN(CCC(=O)OCCOC(=O)C(C)CSCCCC)(CCC(=O)OCCOC(=O)C(C)CSCCCC))(CCN(CCC(=O)OCCOC(=O)C(C)CSCCCC)(CCC(=O)OCCOC(=O)C(C)CSCCCC))CCNCCC(=O)OCCOC(=O)C(C)CSCCCC,0.07133674721075502
CCCCCCCCN(CCC(=O)OCCOC(=O)C(C)CSCCCC)CCCCCCCC,0.06317292236564442
CN(C)CCCN(CCC(=O)OCCOC(=O)C(C)CSCCCCC)C,0.052883791614260225
N(CCC(=O)OCCOC(=O)C(C)CSCCCCC)(CCC(=O)OCCOC(=O)C(C)CSCCCCC)CC1CCN(C)CC1,0.08703758083664408
CN(CCC(=O)OCCOC(=O)C(C)CSCCCCC)CCCN(C)CCCN(CCC(=O)OCCOC(=O)C(C)CSCCCCC)C,0.06821178456609289
c1c(CN(CCC(=O)OCCOC(=O)C(C)CSCCCCC)(CCC(=O)OCCOC(=O)C(C)CSCCCCC))ccc(CN(CCC(=O)OCCOC(=O)C(C)CSCCCCC)(CCC(=O)OCCOC(=O)C(C)CSCCCCC))c1,0.09330483194881742
N(CCC(=O)OCCOC(=O)C(C)CSCCCCCC)(CCC(=O)OCCOC(=O)C(C)CSCCCCCC)CCN1CCCCC1,0.08167171982302526
C1C(CCN(CCC(=O)OCCOC(=O)C(C)CSCCCCCC)(CCC(=O)OCCOC(=O)C(C)CSCCCCCC))CCN(CCC(=O)OCCOC(=O)C(C)CSCCCCCC)C1,0.08484385134942848
CN(CCC(=O)OCCOC(=O)C(C)CSCCCCCC)CCCCCCCCCCCC,0.06260717162616476
CCCCCCCCN(CCC(=O)OCCOC(=O)C(C)CSCCCCCC)CCC(=O)OCCOC(=O)C(C)CSCCCCCC,0.06815288124150992
CCCCCCCCCCN(CCC(=O)OCCOC(=O)C(C)CSCCCCCC)CCC(=O)OCCOC(=O)C(C)CSCCCCCC,0.06842508453060926
OCCN1CCN(CCC(=O)OCCOC(=O)C(C)CSCCCCCCC)CC1,0.08271705440848628
CN(C)CCN(CCC(=O)OCCOC(=O)C(C)CSCCCCCCC)C,0.05638591893351767
N(CCC(=O)OCCOC(=O)C(C)CSCCCCCCC)(CCC(=O)OCCOC(=O)C(C)CSCCCCCCC)CCC1N(C)CCC1,0.08416723472716518
CCCCCCCCCCN(CCC(=O)OCCOC(=O)C(C)CSCCCCCCC)CCCCCCCCCC,0.06609808636471434
CN(C)CCN1CCN(CCC(=O)OCCOC(=O)C(C)CSCCCCCCCC)CC1,0.0812397521691856
CN(C)CCN(CCC(=O)OCCOC(=O)C(C)CSCCCCCCCC)C,0.057322191788144065
N(CCC(=O)OCCOC(=O)C(C)CSCCCCCCCC)(CCC(=O)OCCOC(=O)C(C)CSCCCCCCCC)CCN1CCCCC1,0.08078251147771318
N(CCC(=O)OCCOC(=O)C(C)CSCCCCCCCC)(CCC(=O)OCCOC(=O)C(C)CSCCCCCCCC)CCN1CCOCC1,0.080954740892283
N(CCC(=O)OCCOC(=O)C(C)CSCCCCCCCC)(CCC(=O)OCCOC(=O)C(C)CSCCCCCCCC)CCOCCOCCN(CCC(=O)OCCOC(=O)C(C)CSCCCCCCCC)CCC(=O)OCCOC(=O)C(C)CSCCCCCCCC,0.07425734864373902
CCCCCCCCN(CCC(=O)OCCOC(=O)C(C)CSCCCCCCCC)CCCCCCCC,0.06514029042464672
CCCCCCCCCCCCCCN(CCC(=O)OCCOC(=O)C(C)CSCCCCCCCC)CCC(=O)OCCOC(=O)C(C)CSCCCCCCCC,0.07119709690369408
CN(C)CCN1CCN(CCC(=O)OCCOC(=O)C(C)CSCCCCCCCCC)CC1,0.08066455572508036
C1C(CN(CCC(=O)OCCOC(=O)C(C)CSCCCCCCCCC)(CCC(=O)OCCOC(=O)C(C)CSCCCCCCCCC))CCN(CCC(=O)OCCOC(=O)C(C)CSCCCCCCCCC)C1,0.0875347588917149
CCCCCCCCCCCCCCN(CCC(=O)OCCOC(=O)C(C)CSCCCCCCCCC)CCC(=O)OCCOC(=O)C(C)CSCCCCCCCCC,0.07198212665671118
CCCCCCCCCCCCCCCCCCN(CCC(=O)OCCOC(=O)C(C)CSCCCCCCCCC)CCC(=O)OCCOC(=O)C(C)CSCCCCCCCCC,0.07369138915940575
N(CCC(=O)OCCOC(=O)C(C)CSCCCCCCCCCC)(CCC(=O)OCCOC(=O)C(C)CSCCCCCCCCCC)CCC1N(C)CCC1,0.08247022107427315
CCCCCCCCCCCCCCN(CCC(=O)OCCOC(=O)C(C)CSCCCCCCCCCC)CCC(=O)OCCOC(=O)C(C)CSCCCCCCCCCC,0.07276382394724397
CCCCCCCCCCCCCCCCN(CCC(=O)OCCOC(=O)C(C)CSCCCCCCCCCC)CCC(=O)OCCOC(=O)C(C)CSCCCCCCCCCC,0.07369140406975243
C1C(CN(CCC(=O)OCCOC(=O)C(C)CSCCCCCCCCCCC)(CCC(=O)OCCOC(=O)C(C)CSCCCCCCCCCCC))CCN(CCC(=O)OCCOC(=O)C(C)CSCCCCCCCCCCC)C1,0.08791248270431096
N(CCC(=O)OCCOC(=O)C(C)CSCCCCCCCCCCCC)(CCC(=O)OCCOC(=O)C(C)CSCCCCCCCCCCCC)CCc1ncccc1,0.09116889496535671
N(CCC(=O)OCCOC(=O)C(C)CSCCCCCCCCCCCC)(CCC(=O)OCCOC(=O)C(C)CSCCCCCCCCCCCC)CCOCCOCCN(CCC(=O)OCCOC(=O)C(C)CSCCCCCCCCCCCC)CCC(=O)OCCOC(=O)C(C)CSCCCCCCCCCCCC,0.07318118691650471
CCCCCCCCCCCCN(CCC(=O)OCCOC(=O)C(C)CSCCCCCCCCCCCC)CCC(=O)OCCOC(=O)C(C)CSCCCCCCCCCCCC,0.07369135933871238
c1c(CN(CCC(=O)OCCOC(=O)C(C)CSCCCCCCCCCCCCCC)(CCC(=O)OCCOC(=O)C(C)CSCCCCCCCCCCCCCC))ccc(CN(CCC(=O)OCCOC(=O)C(C)CSCCCCCCCCCCCCCC)(CCC(=O)OCCOC(=O)C(C)CSCCCCCCCCCCCCCC))c1,0.0830902603860365
N(CCC(=O)OCCOC(=O)C(C)CSCCCCCCCCCCCCCCCC)(CCC(=O)OCCOC(=O)C(C)CSCCCCCCCCCCCCCCCC)CCN1CCCCC1,0.08299412592577861
CN(CCC(=O)OCCOC(=O)C(C)CSCCCCCCCCCCCCCCCC)CCCN(C)CCCN(CCC(=O)OCCOC(=O)C(C)CSCCCCCCCCCCCCCCCC)C,0.07653370381711498
N(CCC(=O)OCCOC(=O)C(C)CSCCCCCCCCCCCCCCCC)(CCC(=O)OCCOC(=O)C(C)CSCCCCCCCCCCCCCCCC)CCCN(CCC(=O)OCCOC(=O)C(C)CSCCCCCCCCCCCCCCCC)CCCN(CCC(=O)OCCOC(=O)C(C)CSCCCCCCCCCCCCCCCC)CCCN(CCC(=O)OCCOC(=O)C(C)CSCCCCCCCCCCCCCCCC)CCC(=O)OCCOC(=O)C(C)CSCCCCCCCCCCCCCCCC,0.04495218050843717
CCCCCCCCCCCCCCCCCCN(CCC(=O)OCCOC(=O)C(C)CSCCCCCCCCCCCCCCCC)CCC(=O)OCCOC(=O)C(C)CSCCCCCCCCCCCCCCCC,0.07675573378961599
CN(CCC(=O)OCCOC(=O)C(C)CSCCc5ccccc5)CCCN(C)CCCN(CCC(=O)OCCOC(=O)C(C)CSCCc5ccccc5)C,0.10557734447154465
N(CCC(=O)OCCOC(=O)C(C)CSCCc5ccccc5)(CCC(=O)OCCOC(=O)C(C)CSCCc5ccccc5)CCCN(CCC(=O)OCCOC(=O)C(C)CSCCc5ccccc5)CCCN(CCC(=O)OCCOC(=O)C(C)CSCCc5ccccc5)CCC(=O)OCCOC(=O)C(C)CSCCc5ccccc5,0.11361021174171224
CCN(CCC(=O)OCCOC(=O)C(C)CSCCCCCC(O)=O)CCN(CCC(=O)OCCOC(=O)C(C)CSCCCCCC(O)=O)CC,0.06914683477229104
c1c(CN(CCC(=O)OCCOC(=O)C(C)CSCCCCCC(O)=O)(CCC(=O)OCCOC(=O)C(C)CSCCCCCC(O)=O))ccc(CN(CCC(=O)OCCOC(=O)C(C)CSCCCCCC(O)=O)(CCC(=O)OCCOC(=O)C(C)CSCCCCCC(O)=O))c1,0.09351544059575695
c1c(CN(CCC(=O)OCCOC(=O)C(C)CSCCCCCCCCCCC(O)=O)(CCC(=O)OCCOC(=O)C(C)CSCCCCCCCCCCC(O)=O))ccc(CN(CCC(=O)OCCOC(=O)C(C)CSCCCCCCCCCCC(O)=O)(CCC(=O)OCCOC(=O)C(C)CSCCCCCCCCCCC(O)=O))c1,0.08479455774328462
CCN(CCC(=O)OCCOC(=O)C(C)CSCCO)CCN(CCC(=O)OCCOC(=O)C(C)CSCCO)CC,0.06454448042624811
N(CCC(=O)OCCOC(=O)C(C)CSCC(O)CO)(CCC(=O)OCCOC(=O)C(C)CSCC(O)CO)CCCN1CCN(C)CC1,0.09357075798196196
N(CCC(=O)OCCOC(=O)C(C)CSCC(O)CO)(CCC(=O)OCCOC(=O)C(C)CSCC(O)CO)CCN1CCCCC1,0.09285268314073826
N(CCC(=O)OCCOC(=O)C(C)CSCCCO)(CCC(=O)OCCOC(=O)C(C)CSCCCO)CCCN1C=NC=C1,0.0839987552647869
CCN(CCC(=O)OCCOC(=O)C(C)CSCCCO)CCN(CCC(=O)OCCOC(=O)C(C)CSCCCO)CC,0.06578408937385419
N(CCC(=O)OCCOC(=O)C(C)CSCCCO)(CCC(=O)OCCOC(=O)C(C)CSCCCO)CCCN1CCN(CCCN(CCC(=O)OCCOC(=O)C(C)CSCCCO)(CCC(=O)OCCOC(=O)C(C)CSCCCO))CC1,0.08996519758774384
N(CCC(=O)OCCOC(=O)C(C)CSCCCO)(CCC(=O)OCCOC(=O)C(C)CSCCCO)CCCN(C)CCCN(CCC(=O)OCCOC(=O)C(C)CSCCCO)(CCC(=O)OCCOC(=O)C(C)CSCCCO),0.08088597437336723
N(CCN(CCC(=O)OCCOC(=O)C(C)CSCCCO)(CCC(=O)OCCOC(=O)C(C)CSCCCO))(CCN(CCC(=O)OCCOC(=O)C(C)CSCCCO)(CCC(=O)OCCOC(=O)C(C)CSCCCO))CCNCCC(=O)OCCOC(=O)C(C)CSCCCO,0.07538411608762555
N(CCN(CCC(=O)OCCOC(=O)C(C)CSCCCO)(CCC(=O)OCCOC(=O)C(C)CSCCCO))(CCN(CCC(=O)OCCOC(=O)C(C)CSCCCO)(CCC(=O)OCCOC(=O)C(C)CSCCCO))CCN(CCC(=O)OCCOC(=O)C(C)CSCCCO)CCC(=O)OCCOC(=O)C(C)CSCCCO,0.07008140039222188
N(CCC(=O)OCCOC(=O)C(C)CSCCCCO)(CCC(=O)OCCOC(=O)C(C)CSCCCCO)CCNCCN(CCC(=O)OCCOC(=O)C(C)CSCCCCO)CCNCCN(CCC(=O)OCCOC(=O)C(C)CSCCCCO)CCC(=O)OCCOC(=O)C(C)CSCCCCO,0.07440915833852237
CCCCCCCCCCN(CCC(=O)OCCOC(=O)C(C)CSCCCCO)CCC(=O)OCCOC(=O)C(C)CSCCCCO,0.07101859023316946
N(CCC(=O)OCCOC(=O)C(C)CSCCCCCCCCCCCO)(CCC(=O)OCCOC(=O)C(C)CSCCCCCCCCCCCO)CCCN(CCC(=O)OCCOC(=O)C(C)CSCCCCCCCCCCCO)CCCNCCCN(CCC(=O)OCCOC(=O)C(C)CSCCCCCCCCCCCO)CCC(=O)OCCOC(=O)C(C)CSCCCCCCCCCCCO,0.06351348213912567
CN(CCC(=O)OCCOC(=O)C(C)CSCCN(C)C)CCOCCN(CCC(=O)OCCOC(=O)C(C)CSCCN(C)C)C,0.06686025855626183
N(CCN(CCC(=O)OCCOC(=O)C(C)CSCCNCCCC)(CCC(=O)OCCOC(=O)C(C)CSCCNCCCC))(CCN(CCC(=O)OCCOC(=O)C(C)CSCCNCCCC)(CCC(=O)OCCOC(=O)C(C)CSCCNCCCC))CCNCCC(=O)OCCOC(=O)C(C)CSCCNCCCC,0.07366291785240886
N(CCC(=O)OCCOC(=O)C(C)CSCCN(CC)CC)(CCC(=O)OCCOC(=O)C(C)CSCCN(CC)CC)CCc1ncccc1,0.08448343844933486
CCCCCCCCCCCCCCCCN(CCC(=O)OCCOC(=O)C(C)CSCCN(CC)CC)CCC(=O)OCCOC(=O)C(C)CSCCN(CC)CC,0.0651201540014473
N(CCC(=O)OCCOC(=O)C(C)CSCCN5CCCC5)(CCC(=O)OCCOC(=O)C(C)CSCCN5CCCC5)CCN1CCCCC1,0.10916007712498653
CCCCCCCCCCCCCCCCN(CCC(=O)OCCOC(=O)C(C)CSCCN5CCCC5)CCC(=O)OCCOC(=O)C(C)CSCCN5CCCC5,0.09221949290319789
N(CCC(=O)OCCOC(=O)C(C)CSCCN5CCCCC5)(CCC(=O)OCCOC(=O)C(C)CSCCN5CCCCC5)CCc1ncccc1,0.11971949518592091
N(CCC(=O)OCCOC(=O)C(C)CSCCN5CCCCC5)(CCC(=O)OCCOC(=O)C(C)CSCCN5CCCCC5)CCN1CCCC1,0.10882609281439382
CN(CCC(=O)OCCOC(=O)C(C)CSCCN5CCCCC5)CCOCCN(CCC(=O)OCCOC(=O)C(C)CSCCN5CCCCC5)C,0.09723988118410243
N(CCC(=O)OCCOC(=O)C(C)CSCCN5CCCCC5)(CCC(=O)OCCOC(=O)C(C)CSCCN5CCCCC5)CCCN(CCC(=O)OCCOC(=O)C(C)CSCCN5CCCCC5)CCCN(CCC(=O)OCCOC(=O)C(C)CSCCN5CCCCC5)CCC(=O)OCCOC(=O)C(C)CSCCN5CCCCC5,0.10336625934078658
N(CCC(=O)OCCOC(=O)C(C)CSCCN5CCCCC5)(CCC(=O)OCCOC(=O)C(C)CSCCN5CCCCC5)CCN(CCC(=O)OCCOC(=O)C(C)CSCCN5CCCCC5)CCN(CCC(=O)OCCOC(=O)C(C)CSCCN5CCCCC5)CCNCCN(CCC(=O)OCCOC(=O)C(C)CSCCN5CCCCC5)CCC(=O)OCCOC(=O)C(C)CSCCN5CCCCC5,0.09736316738567549
CCCCCCCCCCCCCCN(CCC(=O)OCCOC(=O)C(C)CSCCN5CCCCC5)CCC(=O)OCCOC(=O)C(C)CSCCN5CCCCC5,0.0931327590928878
CN(CCC(=O)OCCOC(=O)C(C)CSCCN5CCCCCC5)CCOCCN(CCC(=O)OCCOC(=O)C(C)CSCCN5CCCCCC5)C,0.0973606699026056
N(CCC(=O)OCCOC(=O)C(C)CSCCN5CCCCCC5)(CCC(=O)OCCOC(=O)C(C)CSCCN5CCCCCC5)CCN(CCC(=O)OCCOC(=O)C(C)CSCCN5CCCCCC5)CCN(CCC(=O)OCCOC(=O)C(C)CSCCN5CCCCCC5)CCNCCN(CCC(=O)OCCOC(=O)C(C)CSCCN5CCCCCC5)CCC(=O)OCCOC(=O)C(C)CSCCN5CCCCCC5,0.09585386754238667
N(CCC(=O)OCCOC(=O)C(C)CSCCN(CCCC)CCCC)(CCC(=O)OCCOC(=O)C(C)CSCCN(CCCC)CCCC)CCOCCOCCN(CCC(=O)OCCOC(=O)C(C)CSCCN(CCCC)CCCC)CCC(=O)OCCOC(=O)C(C)CSCCN(CCCC)CCCC,0.07650309287536866
C1N(C)CCN(CCC(=O)OCCOC(=O)C(C)CSCCCC(=O)N5CCN(CCO)CC5)C1,0.09895046325247871
CCCCCCCCCCN(CCC(=O)OCCOC(=O)C(C)CSCCCC(=O)N(C)CCCN(C)C)CCC(=O)OCCOC(=O)C(C)CSCCCC(=O)N(C)CCCN(C)C,0.06966980027195527
N(CCC(=O)OCCOC(=O)C(C)CSCCCC(=O)N(C)CCN5(CCCCC5))(CCC(=O)OCCOC(=O)C(C)CSCCCC(=O)N(C)CCN5(CCCCC5))CC1CCN(C)CC1,0.10446810414018749
CN(CCC(=O)OCCOC(=O)C(C)CSCCCC(=O)N(C)CCN5(CCCCC5))CCCN(C)CCCN(CCC(=O)OCCOC(=O)C(C)CSCCCC(=O)N(C)CCN5(CCCCC5))C,0.09277692366922678
N(CCN(CCC(=O)OCCOC(=O)C(C)CSCCCC(=O)N(C)CCN5(CCCCC5))C)(CCN(CCC(=O)OCCOC(=O)C(C)CSCCCC(=O)N(C)CCN5(CCCCC5))C)CCN(CCC(=O)OCCOC(=O)C(C)CSCCCC(=O)N(C)CCN5(CCCCC5))C,0.091411471395591
CCCCCCCCCCCCCCN(CCC(=O)OCCOC(=O)C(C)CSCCCC(=O)N(C)CCN5(CCCCC5))CCC(=O)OCCOC(=O)C(C)CSCCCC(=O)N(C)CCN5(CCCCC5),0.08995139060671262
N(CCC(=O)OCCOC(=O)C(C)CSCC(C)C)(CCC(=O)OCCOC(=O)C(C)CSCC(C)C)CCN1CCOCC1,0.08345833720432672
CN(CCC(=O)OCCOC(=O)C(C)CSCC(C)C)CCOCCN(CCC(=O)OCCOC(=O)C(C)CSCC(C)C)C,0.06744859847097076
CCCCCCCCCCCCCCCCN(CCC(=O)OCCOC(=O)C(C)CSCC(C)C)CCC(=O)OCCOC(=O)C(C)CSCC(C)C,0.07137585705011235
N(CCC(=O)OCCOC(=O)C(C)CSCCC(C)C)(CCC(=O)OCCOC(=O)C(C)CSCCC(C)C)CC1CCN(C)CC1,0.08780576935307936
N(CCC(=O)OCCOC(=O)C(C)CSCCC(C)C)(CCC(=O)OCCOC(=O)C(C)CSCCC(C)C)CCCN1C=NC=C1,0.0829434382022196
N(CCC(=O)OCCOC(=O)C(C)CSCCC(C)C)(CCC(=O)OCCOC(=O)C(C)CSCCC(C)C)CCN(C)C,0.0671087618493038
C1C(CN(CCC(=O)OCCOC(=O)C(C)CSCCC(C)C)(CCC(=O)OCCOC(=O)C(C)CSCCC(C)C))CCN(CCC(=O)OCCOC(=O)C(C)CSCCC(C)C)C1,0.09016255093647953
CCCCCCCCN(CCC(=O)OCCOC(=O)C(C)CSCCC(C)C)CCCCCCCC,0.06406641743562873
CCCCCCCCCCN(CCC(=O)OCCOC(=O)C(C)CSCCC(C)C)CCCCCCCCCC,0.06558825688048046
N(CCC(=O)OCCOC(=O)C(C)CSCCC(C)C)(CCC(=O)OCCOC(=O)C(C)CSCCC(C)C)CC1CCN(C)CC1,0.08780576935307936
N(CCC(=O)OCCOC(=O)C(C)CSCCC(C)C)(CCC(=O)OCCOC(=O)C(C)CSCCC(C)C)CCCN1C=NC=C1,0.0829434382022196
N(CCC(=O)OCCOC(=O)C(C)CSCCC(C)C)(CCC(=O)OCCOC(=O)C(C)CSCCC(C)C)CCN(C)C,0.0671087618493038
C1C(CN(CCC(=O)OCCOC(=O)C(C)CSCCC(C)C)(CCC(=O)OCCOC(=O)C(C)CSCCC(C)C))CCN(CCC(=O)OCCOC(=O)C(C)CSCCC(C)C)C1,0.09016255093647953
N(CCC(=O)OCCOC(=O)C(C)CSCCCC)(CCC(=O)OCCOC(=O)C(C)CSCCCC)CCCN1C=NC=C1,0.08078804321633368
CCN(CCC(=O)OCCOC(=O)C(C)CSCCCCC)CCN(CCC(=O)OCCOC(=O)C(C)CSCCCCC)CC,0.06359512374240477
CN(C)CCCN(CCC(=O)OCCOC(=O)C(C)CSCCCCCC)C,0.05511688441672681
N(CCC(=O)OCCOC(=O)C(C)CSCCCCCC)(CCC(=O)OCCOC(=O)C(C)CSCCCCCC)CCC1N(C)CCC1,0.0845449361742412
N(CCC(=O)OCCOC(=O)C(C)CSCCCCCC)(CCC(=O)OCCOC(=O)C(C)CSCCCCCC)CCN1CCOCC1,0.08186517411610257
c1c(CN(CCC(=O)OCCOC(=O)C(C)CSCCCCCC)(CCC(=O)OCCOC(=O)C(C)CSCCCCCC))ccc(CN(CCC(=O)OCCOC(=O)C(C)CSCCCCCC)(CCC(=O)OCCOC(=O)C(C)CSCCCCCC))c1,0.09220308406666997
N(CCC(=O)OCCOC(=O)C(C)CSCCCCCCC)(CCC(=O)OCCOC(=O)C(C)CSCCCCCCC)CCN1CCCCC1,0.08113896568076168
N(CCC(=O)OCCOC(=O)C(C)CSCCCCCCC)(CCC(=O)OCCOC(=O)C(C)CSCCCCCCC)CCc1ncccc1,0.08790983611777418
N(CCC(=O)OCCOC(=O)C(C)CSCCCCCCC)(CCC(=O)OCCOC(=O)C(C)CSCCCCCCC)CCN1CCCC1,0.08087328566833746
CN(CCC(=O)OCCOC(=O)C(C)CSCCCCCCC)CCOCCN(CCC(=O)OCCOC(=O)C(C)CSCCCCCCC)C,0.06916225952593769
C1N(C)CCN(CCC(=O)OCCOC(=O)C(C)CSCCCCCCCCC)C1,0.08040886564493574
N(CCC(=O)OCCOC(=O)C(C)CSCCCCCCCCC)(CCC(=O)OCCOC(=O)C(C)CSCCCCCCCCC)CCN1CCCCC1,0.08057358769994916
N(CCC(=O)OCCOC(=O)C(C)CSCCCCCCCCC)(CCC(=O)OCCOC(=O)C(C)CSCCCCCCCCC)CCN1CCOCC1,0.08066683700812331
CCN(CCC(=O)OCCOC(=O)C(C)CSCCCCCCCCC)CCN(CCC(=O)OCCOC(=O)C(C)CSCCCCCCCCC)CC,0.06680234676973346
CN(CCC(=O)OCCOC(=O)C(C)CSCCCCCCCCC)CCCN(C)CCCN(CCC(=O)OCCOC(=O)C(C)CSCCCCCCCCC)C,0.07146639267518966
CN(C)CCN(CCC(=O)OCCOC(=O)C(C)CSCCCCCCCCCC)C,0.0589628666960831
N(CCC(=O)OCCOC(=O)C(C)CSCCCCCCCCCC)(CCC(=O)OCCOC(=O)C(C)CSCCCCCCCCCC)CCc1ncccc1,0.08987950782533947
CCCCCCCCCCCCCCCCCCN(CCC(=O)OCCOC(=O)C(C)CSCCCCCCCCCC)CCC(=O)OCCOC(=O)C(C)CSCCCCCCCCCC,0.07431058603658132
CCN(CCC(=O)OCCOC(=O)C(C)CSCCCCCCCCCCC)CCN(CCC(=O)OCCOC(=O)C(C)CSCCCCCCCCCCC)CC,0.06779360152776442
CN(CCC(=O)OCCOC(=O)C(C)CSCCCCCCCCCCC)CCCN(C)CCCN(CCC(=O)OCCOC(=O)C(C)CSCCCCCCCCCCC)C,0.07226537851270484
CN(CCC(=O)OCCOC(=O)C(C)CSCCCCCCCCCCC)CCCCCCCCCCCC,0.06403224292102444
CCCCCCCCCCN(CCC(=O)OCCOC(=O)C(C)CSCCCCCCCCCCC)CCCCCCCCCC,0.06651174411282362
CCCCCCCCN(CCC(=O)OCCOC(=O)C(C)CSCCCCCCCCCCC)CCC(=O)OCCOC(=O)C(C)CSCCCCCCCCCCC,0.0711780265702827
CCCCCCCCCCN(CCC(=O)OCCOC(=O)C(C)CSCCCCCCCCCCC)CCC(=O)OCCOC(=O)C(C)CSCCCCCCCCCCC,0.0719820968360178
CCCCCCCCCCCCCCCCN(CCC(=O)OCCOC(=O)C(C)CSCCCCCCCCCCC)CCC(=O)OCCOC(=O)C(C)CSCCCCCCCCCCC,0.07431057112623464
OCCN1CCN(CCC(=O)OCCOC(=O)C(C)CSCCCCCCCCCCCC)CC1,0.07938489013110239
N(CCC(=O)OCCOC(=O)C(C)CSCCCCCCCCCCCC)(CCC(=O)OCCOC(=O)C(C)CSCCCCCCCCCCCC)CCN1CCCCC1,0.0815934852339639
N(CCC(=O)OCCOC(=O)C(C)CSCCCCCCCCCCCC)(CCC(=O)OCCOC(=O)C(C)CSCCCCCCCCCCCC)CCN1CCOCC1,0.08102824144627156
N(CCC(=O)OCCOC(=O)C(C)CSCCCCCCCCCCCC)(CCC(=O)OCCOC(=O)C(C)CSCCCCCCCCCCCC)CCCN1C=NC=C1,0.08743024481661948
C1C(CN(CCC(=O)OCCOC(=O)C(C)CSCCCCCCCCCCCCCC)(CCC(=O)OCCOC(=O)C(C)CSCCCCCCCCCCCCCC))CCN(CCC(=O)OCCOC(=O)C(C)CSCCCCCCCCCCCCCC)C1,0.08989170448892861
OCCN(CCC(=O)OCCOC(=O)C(C)CSCCCCCCCCCCCCCC)CCCN(CCC(=O)OCCOC(=O)C(C)CSCCCCCCCCCCCCCC)CCC(=O)OCCOC(=O)C(C)CSCCCCCCCCCCCCCC,0.08131710704779248
N(CCC(=O)OCCOC(=O)C(C)CSCCCCCCCCCCCCCC)(CCC(=O)OCCOC(=O)C(C)CSCCCCCCCCCCCCCC)CCCN1CCN(CCCN(CCC(=O)OCCOC(=O)C(C)CSCCCCCCCCCCCCCC)(CCC(=O)OCCOC(=O)C(C)CSCCCCCCCCCCCCCC))CC1,0.0803908912220058
CCCCCCCCN(CCC(=O)OCCOC(=O)C(C)CSCCCCCCCCCCCCCC)CCC(=O)OCCOC(=O)C(C)CSCCCCCCCCCCCCCC,0.07365734138274829
CN(C)CCN(CCC(=O)OCCOC(=O)C(C)CSCCCCCCCCCCCCCCCC)C,0.06138786311557164
N(CCC(=O)OCCOC(=O)C(C)CSCCCCCCCCCCCCCCCC)(CCC(=O)OCCOC(=O)C(C)CSCCCCCCCCCCCCCCCC)CCN1CCCC1,0.08249087935960658
N(CCC(=O)OCCOC(=O)C(C)CSCCCCCCCCCCCCCCCC)(CCC(=O)OCCOC(=O)C(C)CSCCCCCCCCCCCCCCCC)CCC1N(C)CCC1,0.0842216202167023
N(CCC(=O)OCCOC(=O)C(C)CSCCCCCCCCCCCCCCCC)(CCC(=O)OCCOC(=O)C(C)CSCCCCCCCCCCCCCCCC)CCN1CCOCC1,0.08252143065996617
C1C(CCN(CCC(=O)OCCOC(=O)C(C)CSCCCCCCCCCCCCCCCC)(CCC(=O)OCCOC(=O)C(C)CSCCCCCCCCCCCCCCCC))CCN(CCC(=O)OCCOC(=O)C(C)CSCCCCCCCCCCCCCCCC)C1,0.0879222713469103
N(CCC(=O)OCCOC(=O)C(C)CSCCCCCCCCCCCCCCCC)(CCC(=O)OCCOC(=O)C(C)CSCCCCCCCCCCCCCCCC)CCCN1CCN(CCCN(CCC(=O)OCCOC(=O)C(C)CSCCCCCCCCCCCCCCCC)(CCC(=O)OCCOC(=O)C(C)CSCCCCCCCCCCCCCCCC))CC1,0.07596073646983931
N(CCC(=O)OCCOC(=O)C(C)CSCCCCCCCCCCCCCCCC)(CCC(=O)OCCOC(=O)C(C)CSCCCCCCCCCCCCCCCC)CCCN(C)CCCN(CCC(=O)OCCOC(=O)C(C)CSCCCCCCCCCCCCCCCC)(CCC(=O)OCCOC(=O)C(C)CSCCCCCCCCCCCCCCCC),0.07023105554190912
N(CCC(=O)OCCOC(=O)C(C)CSCCCCCCCCCCCCCCCC)(CCC(=O)OCCOC(=O)C(C)CSCCCCCCCCCCCCCCCC)CCOCCOCCN(CCC(=O)OCCOC(=O)C(C)CSCCCCCCCCCCCCCCCC)CCC(=O)OCCOC(=O)C(C)CSCCCCCCCCCCCCCCCC,0.06833740423692232
CN(CCC(=O)OCCOC(=O)C(C)CSCCCCCCCCCCCCCCCC)CCCCCCCCCCCC,0.06489340490422019
CCCCCCCCN(CCC(=O)OCCOC(=O)C(C)CSCCCCCCCCCCCCCCCC)CCCCCCCC,0.06643299511680159
CCCCCCCCN(CCC(=O)OCCOC(=O)C(C)CSCCCCCCCCCCCCCCCC)CCC(=O)OCCOC(=O)C(C)CSCCCCCCCCCCCCCCCC,0.07469437836027858
CN(C)CCN1CCN(CCC(=O)OCCOC(=O)C(C)CSCCCCCCCCCCCCCCCCCC)CC1,0.07905036904802898
CN(C)CCN(CCC(=O)OCCOC(=O)C(C)CSCCCCCCCCCCCCCCCCCC)C,0.06185161217337249
N(CCC(=O)OCCOC(=O)C(C)CSCCCCCCCCCCCCCCCCCC)(CCC(=O)OCCOC(=O)C(C)CSCCCCCCCCCCCCCCCCCC)CCc1ncccc1,0.09265651516456411
N(CCC(=O)OCCOC(=O)C(C)CSCCCCCCCCCCCCCCCCCC)(CCC(=O)OCCOC(=O)C(C)CSCCCCCCCCCCCCCCCCCC)CCN1CCCC1,0.08318590280485375
CCN(CCC(=O)OCCOC(=O)C(C)CSCCCCCCCCCCCCCCCCCC)CCN(CCC(=O)OCCOC(=O)C(C)CSCCCCCCCCCCCCCCCCCC)CC,0.07332451262402374
CCCCCCCCN(CCC(=O)OCCOC(=O)C(C)CSCCCCCCCCCCCCCCCCCC)CCCCCCCC,0.06677807272532868
CCCCCCCCCCN(CCC(=O)OCCOC(=O)C(C)CSCCCCCCCCCCCCCCCCCC)CCCCCCCCCC,0.06803115317116554
N(CCC(=O)OCCOC(=O)C(C)CSCCc5ccccc5)(CCC(=O)OCCOC(=O)C(C)CSCCc5ccccc5)CCC1N(C)CCC1,0.11743169632146346
N(CCC(=O)OCCOC(=O)C(C)CSCCc5ccccc5)(CCC(=O)OCCOC(=O)C(C)CSCCc5ccccc5)CCN1CCOCC1,0.11555151651470744
N(CCC(=O)OCCOC(=O)C(C)CSCCc5ccccc5)(CCC(=O)OCCOC(=O)C(C)CSCCc5ccccc5)CCNCCN(CCC(=O)OCCOC(=O)C(C)CSCCc5ccccc5)CCNCCN(CCC(=O)OCCOC(=O)C(C)CSCCc5ccccc5)CCC(=O)OCCOC(=O)C(C)CSCCc5ccccc5,0.11226038551140337
N(CCC(=O)OCCOC(=O)C(C)CSCCc5ccccc5)(CCC(=O)OCCOC(=O)C(C)CSCCc5ccccc5)CCCN(CCC(=O)OCCOC(=O)C(C)CSCCc5ccccc5)CCCN(CCC(=O)OCCOC(=O)C(C)CSCCc5ccccc5)CCCN(CCC(=O)OCCOC(=O)C(C)CSCCc5ccccc5)CCC(=O)OCCOC(=O)C(C)CSCCc5ccccc5,0.10929366637611962
N(CCN(CCC(=O)OCCOC(=O)C(C)CSCCc5ccccc5)(CCC(=O)OCCOC(=O)C(C)CSCCc5ccccc5))(CCN(CCC(=O)OCCOC(=O)C(C)CSCCc5ccccc5)(CCC(=O)OCCOC(=O)C(C)CSCCc5ccccc5))CCN(CCC(=O)OCCOC(=O)C(C)CSCCc5ccccc5)CCC(=O)OCCOC(=O)C(C)CSCCc5ccccc5,0.11013750253646624
CCCCCCCCCCN(CCC(=O)OCCOC(=O)C(C)CSCCc5ccccc5)CCC(=O)OCCOC(=O)C(C)CSCCc5ccccc5,0.10532394312961635
C1N(C)CCN(CCC(=O)OCCOC(=O)C(C)CSCCC(O)=O)C1,0.080291998347611
CN(C)CCN(CCC(=O)OCCOC(=O)C(C)CSCCC(O)=O)C,0.05106500515998376
CN(C)CCCN(CCC(=O)OCCOC(=O)C(C)CSCCC(O)=O)C,0.05014256165190862
C1C(CCN(CCC(=O)OCCOC(=O)C(C)CSCCC(O)=O)(CCC(=O)OCCOC(=O)C(C)CSCCC(O)=O))CCN(CCC(=O)OCCOC(=O)C(C)CSCCC(O)=O)C1,0.09150693489024801
N(CCC(=O)OCCOC(=O)C(C)CSCCC(O)=O)(CCC(=O)OCCOC(=O)C(C)CSCCC(O)=O)CCCN1CCN(CCCN(CCC(=O)OCCOC(=O)C(C)CSCCC(O)=O)(CCC(=O)OCCOC(=O)C(C)CSCCC(O)=O))CC1,0.0930266347003503
N(CCC(=O)OCCOC(=O)C(C)CSCCC(O)=O)(CCC(=O)OCCOC(=O)C(C)CSCCC(O)=O)CCCN(CCC(=O)OCCOC(=O)C(C)CSCCC(O)=O)CCCN(CCC(=O)OCCOC(=O)C(C)CSCCC(O)=O)CCC(=O)OCCOC(=O)C(C)CSCCC(O)=O,0.07714795045919082
N(CCC(=O)OCCOC(=O)C(C)CSCCC(O)=O)(CCC(=O)OCCOC(=O)C(C)CSCCC(O)=O)CCCN(CCC(=O)OCCOC(=O)C(C)CSCCC(O)=O)CCCN(CCC(=O)OCCOC(=O)C(C)CSCCC(O)=O)CCCN(CCC(=O)OCCOC(=O)C(C)CSCCC(O)=O)CCC(=O)OCCOC(=O)C(C)CSCCC(O)=O,0.06826526052448219
N(CCN(CCC(=O)OCCOC(=O)C(C)CSCCC(O)=O)(CCC(=O)OCCOC(=O)C(C)CSCCC(O)=O))(CCN(CCC(=O)OCCOC(=O)C(C)CSCCC(O)=O)(CCC(=O)OCCOC(=O)C(C)CSCCC(O)=O))CCN(CCC(=O)OCCOC(=O)C(C)CSCCC(O)=O)CCC(=O)OCCOC(=O)C(C)CSCCC(O)=O,0.06823846663148747
CN(C)CCN1CCN(CCC(=O)OCCOC(=O)C(C)CSCCCCCC(O)=O)CC1,0.08370062288280063
CCCCCCCCCCN(CCC(=O)OCCOC(=O)C(C)CSCCCCCC(O)=O)CCCCCCCCCC,0.06514281027323666
CCCCCCCCCCCCN(CCC(=O)OCCOC(=O)C(C)CSCCCCCC(O)=O)CCC(=O)OCCOC(=O)C(C)CSCCCCCC(O)=O,0.07219289931746427
N(CCC(=O)OCCOC(=O)C(C)CSCCCCCCCCCCC(O)=O)(CCC(=O)OCCOC(=O)C(C)CSCCCCCCCCCCC(O)=O)CC1CCN(C)CC1,0.0890058360612742
N(CCC(=O)OCCOC(=O)C(C)CSCCCCCCCCCCC(O)=O)(CCC(=O)OCCOC(=O)C(C)CSCCCCCCCCCCC(O)=O)CCCN1C=NC=C1,0.08957669359449381
CCN(CCC(=O)OCCOC(=O)C(C)CSCCCCCCCCCCC(O)=O)CCN(CCC(=O)OCCOC(=O)C(C)CSCCCCCCCCCCC(O)=O)CC,0.07106405188021503
CN(CCC(=O)OCCOC(=O)C(C)CSCCCCCCCCCCC(O)=O)CCOCCN(CCC(=O)OCCOC(=O)C(C)CSCCCCCCCCCCC(O)=O)C,0.0737781524667715
C1C(CN(CCC(=O)OCCOC(=O)C(C)CSCCCCCCCCCCC(O)=O)(CCC(=O)OCCOC(=O)C(C)CSCCCCCCCCCCC(O)=O))CCN(CCC(=O)OCCOC(=O)C(C)CSCCCCCCCCCCC(O)=O)C1,0.0898918386820488
OCCN(CCC(=O)OCCOC(=O)C(C)CSCCCCCCCCCCC(O)=O)CCCN(CCC(=O)OCCOC(=O)C(C)CSCCCCCCCCCCC(O)=O)CCC(=O)OCCOC(=O)C(C)CSCCCCCCCCCCC(O)=O,0.08083712807762394
N(CCN(CCC(=O)OCCOC(=O)C(C)CSCCCCCCCCCCC(O)=O)C)(CCN(CCC(=O)OCCOC(=O)C(C)CSCCCCCCCCCCC(O)=O)C)CCN(CCC(=O)OCCOC(=O)C(C)CSCCCCCCCCCCC(O)=O)C,0.07836725896978392
N(CCC(=O)OCCOC(=O)C(C)CSCCCCCCCCCCC(O)=O)(CCC(=O)OCCOC(=O)C(C)CSCCCCCCCCCCC(O)=O)CCN(CCC(=O)OCCOC(=O)C(C)CSCCCCCCCCCCC(O)=O)CCN(CCC(=O)OCCOC(=O)C(C)CSCCCCCCCCCCC(O)=O)CCNCCN(CCC(=O)OCCOC(=O)C(C)CSCCCCCCCCCCC(O)=O)CCC(=O)OCCOC(=O)C(C)CSCCCCCCCCCCC(O)=O,0.054443756815588024
N(CCC(=O)OCCOC(=O)C(C)CSCCO)(CCC(=O)OCCOC(=O)C(C)CSCCO)CCN1CCOCC1,0.08469731246219862
C1C(CCN(CCC(=O)OCCOC(=O)C(C)CSCCO)(CCC(=O)OCCOC(=O)C(C)CSCCO))CCN(CCC(=O)OCCOC(=O)C(C)CSCCO)C1,0.09218912052699854
OCCN(CCC(=O)OCCOC(=O)C(C)CSCCO)CCCN(CCC(=O)OCCOC(=O)C(C)CSCCO)CCC(=O)OCCOC(=O)C(C)CSCCO,0.08002561754889254
N(CCN(CCC(=O)OCCOC(=O)C(C)CSCCO)C)(CCN(CCC(=O)OCCOC(=O)C(C)CSCCO)C)CCN(CCC(=O)OCCOC(=O)C(C)CSCCO)C,0.08101492650668098
N(CCC(=O)OCCOC(=O)C(C)CSCCO)(CCC(=O)OCCOC(=O)C(C)CSCCO)CCNCCN(CCC(=O)OCCOC(=O)C(C)CSCCO)CCNCCN(CCC(=O)OCCOC(=O)C(C)CSCCO)CCC(=O)OCCOC(=O)C(C)CSCCO,0.07758788023816081
N(CCC(=O)OCCOC(=O)C(C)CSCCO)(CCC(=O)OCCOC(=O)C(C)CSCCO)CCCN(CCC(=O)OCCOC(=O)C(C)CSCCO)CCCNCCCN(CCC(=O)OCCOC(=O)C(C)CSCCO)CCC(=O)OCCOC(=O)C(C)CSCCO,0.07781319048693272
CCCCCCCCN(CCC(=O)OCCOC(=O)C(C)CSCCO)CCCCCCCC,0.06542102243205045
CCCCCCCCN(CCC(=O)OCCOC(=O)C(C)CSCCO)CCC(=O)OCCOC(=O)C(C)CSCCO,0.06895265732739946
CCCCCCCCCCCCCCN(CCC(=O)OCCOC(=O)C(C)CSCCO)CCC(=O)OCCOC(=O)C(C)CSCCO,0.07081718127013518
CN(C)CCN(CCC(=O)OCCOC(=O)C(C)CSCC(O)CO)C,0.0587136998926136
N(CCC(=O)OCCOC(=O)C(C)CSCC(O)CO)(CCC(=O)OCCOC(=O)C(C)CSCC(O)CO)CCCN1C=NC=C1,0.0895327155269435
N(CCC(=O)OCCOC(=O)C(C)CSCC(O)CO)(CCC(=O)OCCOC(=O)C(C)CSCC(O)CO)CCN(C)C,0.07536862423741882
CN(CCC(=O)OCCOC(=O)C(C)CSCC(O)CO)CCOCCN(CCC(=O)OCCOC(=O)C(C)CSCC(O)CO)C,0.07674028667044931
N(CCC(=O)OCCOC(=O)C(C)CSCC(O)CO)(CCC(=O)OCCOC(=O)C(C)CSCC(O)CO)CCCN(C)CCCN(CCC(=O)OCCOC(=O)C(C)CSCC(O)CO)(CCC(=O)OCCOC(=O)C(C)CSCC(O)CO),0.08873903031767517
N(CCN(CCC(=O)OCCOC(=O)C(C)CSCC(O)CO)(CCC(=O)OCCOC(=O)C(C)CSCC(O)CO))(CCN(CCC(=O)OCCOC(=O)C(C)CSCC(O)CO)(CCC(=O)OCCOC(=O)C(C)CSCC(O)CO))CCN(CCC(=O)OCCOC(=O)C(C)CSCC(O)CO)CCC(=O)OCCOC(=O)C(C)CSCC(O)CO,0.07612510067653226
CCCCCCCCN(CCC(=O)OCCOC(=O)C(C)CSCC(O)CO)CCCCCCCC,0.06936000799886057
OCCN1CCN(CCC(=O)OCCOC(=O)C(C)CSCCCO)CC1,0.08536729398018668
CN(CCC(=O)OCCOC(=O)C(C)CSCCCO)CCOCCN(CCC(=O)OCCOC(=O)C(C)CSCCCO)C,0.06900754231355057
C1C(CCN(CCC(=O)OCCOC(=O)C(C)CSCCCO)(CCC(=O)OCCOC(=O)C(C)CSCCCO))CCN(CCC(=O)OCCOC(=O)C(C)CSCCCO)C1,0.0907197356817881
OCCN(CCC(=O)OCCOC(=O)C(C)CSCCCO)CCCN(CCC(=O)OCCOC(=O)C(C)CSCCCO)CCC(=O)OCCOC(=O)C(C)CSCCCO,0.07967249580832834
CCCCCCCCCCN(CCC(=O)OCCOC(=O)C(C)CSCCCO)CCC(=O)OCCOC(=O)C(C)CSCCCO,0.07008708868948259
CN(C)CCN1CCN(CCC(=O)OCCOC(=O)C(C)CSCCCCO)CC1,0.08361845196221417
N(CCC(=O)OCCOC(=O)C(C)CSCCCCO)(CCC(=O)OCCOC(=O)C(C)CSCCCCO)CCCN1CCN(C)CC1,0.08853041965719156
N(CCC(=O)OCCOC(=O)C(C)CSCCCCO)(CCC(=O)OCCOC(=O)C(C)CSCCCCO)CCN1CCOCC1,0.08561616257672244
OCCN(CCC(=O)OCCOC(=O)C(C)CSCCCCO)CCCN(CCC(=O)OCCOC(=O)C(C)CSCCCCO)CCC(=O)OCCOC(=O)C(C)CSCCCCO,0.07976133165388345
CCCCCCCCCCCCCCCCN(CCC(=O)OCCOC(=O)C(C)CSCCCCO)CCC(=O)OCCOC(=O)C(C)CSCCCCO,0.07199417421683346
N(CCC(=O)OCCOC(=O)C(C)CSCCCCCCO)(CCC(=O)OCCOC(=O)C(C)CSCCCCCCO)CCN1CCCCC1,0.0843766952774099
N(CCC(=O)OCCOC(=O)C(C)CSCCCCCCO)(CCC(=O)OCCOC(=O)C(C)CSCCCCCCO)CCc1ncccc1,0.09075253098932393
C1C(CN(CCC(=O)OCCOC(=O)C(C)CSCCCCCCO)(CCC(=O)OCCOC(=O)C(C)CSCCCCCCO))CCN(CCC(=O)OCCOC(=O)C(C)CSCCCCCCO)C1,0.08969834711310476
C1C(CCN(CCC(=O)OCCOC(=O)C(C)CSCCCCCCO)(CCC(=O)OCCOC(=O)C(C)CSCCCCCCO))CCN(CCC(=O)OCCOC(=O)C(C)CSCCCCCCO)C1,0.08736189578741094
c1c(CN(CCC(=O)OCCOC(=O)C(C)CSCCCCCCO)(CCC(=O)OCCOC(=O)C(C)CSCCCCCCO))ccc(CN(CCC(=O)OCCOC(=O)C(C)CSCCCCCCO)(CCC(=O)OCCOC(=O)C(C)CSCCCCCCO))c1,0.09373888705119313
N(CCN(CCC(=O)OCCOC(=O)C(C)CSCCCCCCO)(CCC(=O)OCCOC(=O)C(C)CSCCCCCCO))(CCN(CCC(=O)OCCOC(=O)C(C)CSCCCCCCO)(CCC(=O)OCCOC(=O)C(C)CSCCCCCCO))CCN(CCC(=O)OCCOC(=O)C(C)CSCCCCCCO)CCC(=O)OCCOC(=O)C(C)CSCCCCCCO,0.06468158851919908
CCCCCCCCCCCCCCN(CCC(=O)OCCOC(=O)C(C)CSCCCCCCO)CCC(=O)OCCOC(=O)C(C)CSCCCCCCO,0.07260426832735724
CN(C)CCN(CCC(=O)OCCOC(=O)C(C)CSCCCCCCCCCCCO)C,0.062010884496672185
OCCN(CCC(=O)OCCOC(=O)C(C)CSCCCCCCCCCCCO)CCCN(CCC(=O)OCCOC(=O)C(C)CSCCCCCCCCCCCO)CCC(=O)OCCOC(=O)C(C)CSCCCCCCCCCCCO,0.08095840883756775
N(CCC(=O)OCCOC(=O)C(C)CSCCCCCCCCCCCO)(CCC(=O)OCCOC(=O)C(C)CSCCCCCCCCCCCO)CCCN1CCN(CCCN(CCC(=O)OCCOC(=O)C(C)CSCCCCCCCCCCCO)(CCC(=O)OCCOC(=O)C(C)CSCCCCCCCCCCCO))CC1,0.0835106874315412
CCCCCCCCCCCCCCCCCCN(CCC(=O)OCCOC(=O)C(C)CSCCCCCCCCCCCO)CCC(=O)OCCOC(=O)C(C)CSCCCCCCCCCCCO,0.07643308134250462
OCCN1CCN(CCC(=O)OCCOC(=O)C(C)CSCCN(C)C)CC1,0.08043900691076146
CN(C)CCN(CCC(=O)OCCOC(=O)C(C)CSCCN(C)C)C,0.05042783385987823
N(CCC(=O)OCCOC(=O)C(C)CSCCN(C)C)(CCC(=O)OCCOC(=O)C(C)CSCCN(C)C)CCN1CCCCC1,0.08273744430757937
N(CCC(=O)OCCOC(=O)C(C)CSCCN(C)C)(CCC(=O)OCCOC(=O)C(C)CSCCN(C)C)CCC1N(C)CCC1,0.08285572063266596
N(CCC(=O)OCCOC(=O)C(C)CSCCN(C)C)(CCC(=O)OCCOC(=O)C(C)CSCCN(C)C)CCCN(CCC(=O)OCCOC(=O)C(C)CSCCN(C)C)CCCN(CCC(=O)OCCOC(=O)C(C)CSCCN(C)C)CCC(=O)OCCOC(=O)C(C)CSCCN(C)C,0.07288772147303116
N(CCN(CCC(=O)OCCOC(=O)C(C)CSCCN(C)C)(CCC(=O)OCCOC(=O)C(C)CSCCN(C)C))(CCN(CCC(=O)OCCOC(=O)C(C)CSCCN(C)C)(CCC(=O)OCCOC(=O)C(C)CSCCN(C)C))CCN(CCC(=O)OCCOC(=O)C(C)CSCCN(C)C)CCC(=O)OCCOC(=O)C(C)CSCCN(C)C,0.06858587770927092
CN(CCC(=O)OCCOC(=O)C(C)CSCCN(C)C)CCCCCCCCCCCC,0.05969163225588064
CCCCCCCCN(CCC(=O)OCCOC(=O)C(C)CSCCN(C)C)CCC(=O)OCCOC(=O)C(C)CSCCN(C)C,0.06700785607810639
CN(C)CCN(CCC(=O)OCCOC(=O)C(C)CSCCNCCCC)C,0.05606414619686077
C1C(CN(CCC(=O)OCCOC(=O)C(C)CSCCNCCCC)(CCC(=O)OCCOC(=O)C(C)CSCCNCCCC))CCN(CCC(=O)OCCOC(=O)C(C)CSCCNCCCC)C1,0.0888051875259209
CN(C)CCCN(CCC(=O)OCCOC(=O)C(C)CSCCNCCCC)CCCN(CCC(=O)OCCOC(=O)C(C)CSCCNCCCC)CCC(=O)OCCOC(=O)C(C)CSCCNCCCC,0.07769077654064079
N(CCC(=O)OCCOC(=O)C(C)CSCCNCCCC)(CCC(=O)OCCOC(=O)C(C)CSCCNCCCC)CCOCCOCCN(CCC(=O)OCCOC(=O)C(C)CSCCNCCCC)CCC(=O)OCCOC(=O)C(C)CSCCNCCCC,0.07552060540118906
N(CCC(=O)OCCOC(=O)C(C)CSCCNCCCC)(CCC(=O)OCCOC(=O)C(C)CSCCNCCCC)CCCN(CCC(=O)OCCOC(=O)C(C)CSCCNCCCC)CCCNCCCN(CCC(=O)OCCOC(=O)C(C)CSCCNCCCC)CCC(=O)OCCOC(=O)C(C)CSCCNCCCC,0.07449568308034114
N(CCN(CCC(=O)OCCOC(=O)C(C)CSCCNCCCC)(CCC(=O)OCCOC(=O)C(C)CSCCNCCCC))(CCN(CCC(=O)OCCOC(=O)C(C)CSCCNCCCC)(CCC(=O)OCCOC(=O)C(C)CSCCNCCCC))CCN(CCC(=O)OCCOC(=O)C(C)CSCCNCCCC)CCC(=O)OCCOC(=O)C(C)CSCCNCCCC,0.06779418303128518
CN(C)CCCN(CCC(=O)OCCOC(=O)C(C)CSCCN(CC)CC)C,0.05027130504036876
N(CCC(=O)OCCOC(=O)C(C)CSCCN(CC)CC)(CCC(=O)OCCOC(=O)C(C)CSCCN(CC)CC)CCCN1C=NC=C1,0.08106898396859101
N(CCC(=O)OCCOC(=O)C(C)CSCCN(CC)CC)(CCC(=O)OCCOC(=O)C(C)CSCCN(CC)CC)CCN(C)C,0.06349420306086068
N(CCC(=O)OCCOC(=O)C(C)CSCCN(CC)CC)(CCC(=O)OCCOC(=O)C(C)CSCCN(CC)CC)CCOCCOCCN(CCC(=O)OCCOC(=O)C(C)CSCCN(CC)CC)CCC(=O)OCCOC(=O)C(C)CSCCN(CC)CC,0.06663249555546007
N(CCN(CCC(=O)OCCOC(=O)C(C)CSCCN(CC)CC)(CCC(=O)OCCOC(=O)C(C)CSCCN(CC)CC))(CCN(CCC(=O)OCCOC(=O)C(C)CSCCN(CC)CC)(CCC(=O)OCCOC(=O)C(C)CSCCN(CC)CC))CCNCCC(=O)OCCOC(=O)C(C)CSCCN(CC)CC,0.06416595145493102
N(CCC(=O)OCCOC(=O)C(C)CSCCN(CC)CC)(CCC(=O)OCCOC(=O)C(C)CSCCN(CC)CC)CCCN(CCC(=O)OCCOC(=O)C(C)CSCCN(CC)CC)CCCN(CCC(=O)OCCOC(=O)C(C)CSCCN(CC)CC)CCCN(CCC(=O)OCCOC(=O)C(C)CSCCN(CC)CC)CCC(=O)OCCOC(=O)C(C)CSCCN(CC)CC,0.059674992308979075
CCCCCCCCCCCCN(CCC(=O)OCCOC(=O)C(C)CSCCN(CC)CC)CCC(=O)OCCOC(=O)C(C)CSCCN(CC)CC,0.06460077444016105
N(CCC(=O)OCCOC(=O)C(C)CSCCN5CCCC5)(CCC(=O)OCCOC(=O)C(C)CSCCN5CCCC5)CCCN1CCN(C)CC1,0.11117571743138471
N(CCC(=O)OCCOC(=O)C(C)CSCCN5CCCC5)(CCC(=O)OCCOC(=O)C(C)CSCCN5CCCC5)CCN1CCCC1,0.10948881299354579
N(CCN(CCC(=O)OCCOC(=O)C(C)CSCCN5CCCC5)(CCC(=O)OCCOC(=O)C(C)CSCCN5CCCC5))(CCN(CCC(=O)OCCOC(=O)C(C)CSCCN5CCCC5)(CCC(=O)OCCOC(=O)C(C)CSCCN5CCCC5))CCN(CCC(=O)OCCOC(=O)C(C)CSCCN5CCCC5)CCC(=O)OCCOC(=O)C(C)CSCCN5CCCC5,0.10081168455342349
CCCCCCCCCCN(CCC(=O)OCCOC(=O)C(C)CSCCN5CCCC5)CCCCCCCCCC,0.07839271838675024
CCCCCCCCCCCCCCN(CCC(=O)OCCOC(=O)C(C)CSCCN5CCCC5)CCC(=O)OCCOC(=O)C(C)CSCCN5CCCC5,0.0926758837049092
CCCCCCCCCCCCCCCCCCN(CCC(=O)OCCOC(=O)C(C)CSCCN5CCCC5)CCC(=O)OCCOC(=O)C(C)CSCCN5CCCC5,0.09212112934611044
CN(C)CCCN(CCC(=O)OCCOC(=O)C(C)CSCCN5CCCCC5)CCCN(CCC(=O)OCCOC(=O)C(C)CSCCN5CCCCC5)CCC(=O)OCCOC(=O)C(C)CSCCN5CCCCC5,0.10245640016531442
N(CCC(=O)OCCOC(=O)C(C)CSCCN5CCCCC5)(CCC(=O)OCCOC(=O)C(C)CSCCN5CCCCC5)CCCN(CCC(=O)OCCOC(=O)C(C)CSCCN5CCCCC5)CCCNCCCN(CCC(=O)OCCOC(=O)C(C)CSCCN5CCCCC5)CCC(=O)OCCOC(=O)C(C)CSCCN5CCCCC5,0.1030080382616558
CN(C)CCN(CCC(=O)OCCOC(=O)C(C)CSCCN5CCCCCC5)C,0.07901847581646765
CN(C)CCCN(CCC(=O)OCCOC(=O)C(C)CSCCN5CCCCCC5)C,0.07788094310227384
N(CCC(=O)OCCOC(=O)C(C)CSCCN5CCCCCC5)(CCC(=O)OCCOC(=O)C(C)CSCCN5CCCCCC5)CCc1ncccc1,0.12032896306188388
CN(C)CCCN(CCC(=O)OCCOC(=O)C(C)CSCCN5CCCCCC5)CCCN(CCC(=O)OCCOC(=O)C(C)CSCCN5CCCCCC5)CCC(=O)OCCOC(=O)C(C)CSCCN5CCCCCC5,0.1024158887533686
N(CCN(CCC(=O)OCCOC(=O)C(C)CSCCN5CCCCCC5)(CCC(=O)OCCOC(=O)C(C)CSCCN5CCCCCC5))(CCN(CCC(=O)OCCOC(=O)C(C)CSCCN5CCCCCC5)(CCC(=O)OCCOC(=O)C(C)CSCCN5CCCCCC5))CCN(CCC(=O)OCCOC(=O)C(C)CSCCN5CCCCCC5)CCC(=O)OCCOC(=O)C(C)CSCCN5CCCCCC5,0.0970728853012194
CCCCCCCCCCCCN(CCC(=O)OCCOC(=O)C(C)CSCCN5CCCCCC5)CCC(=O)OCCOC(=O)C(C)CSCCN5CCCCCC5,0.09453700808860052
OCCN1CCN(CCC(=O)OCCOC(=O)C(C)CSCCN(CCC)CCC)CC1,0.08189413000936675
CN(C)CCN(CCC(=O)OCCOC(=O)C(C)CSCCN(CCC)CCC)C,0.05932294784096296
N(CCC(=O)OCCOC(=O)C(C)CSCCN(CCC)CCC)(CCC(=O)OCCOC(=O)C(C)CSCCN(CCC)CCC)CCCN1C=NC=C1,0.08954808809437675
N(CCN(CCC(=O)OCCOC(=O)C(C)CSCCN(CCC)CCC)C)(CCN(CCC(=O)OCCOC(=O)C(C)CSCCN(CCC)CCC)C)CCN(CCC(=O)OCCOC(=O)C(C)CSCCN(CCC)CCC)C,0.0804643321346076
N(CCN(CCC(=O)OCCOC(=O)C(C)CSCCN(CCC)CCC)(CCC(=O)OCCOC(=O)C(C)CSCCN(CCC)CCC))(CCN(CCC(=O)OCCOC(=O)C(C)CSCCN(CCC)CCC)(CCC(=O)OCCOC(=O)C(C)CSCCN(CCC)CCC))CCN(CCC(=O)OCCOC(=O)C(C)CSCCN(CCC)CCC)CCC(=O)OCCOC(=O)C(C)CSCCN(CCC)CCC,0.0675059511194984
CCCCCCCCCCCCCCCCCCN(CCC(=O)OCCOC(=O)C(C)CSCCN(CCC)CCC)CCC(=O)OCCOC(=O)C(C)CSCCN(CCC)CCC,0.07453427851273782
CN(C)CCN1CCN(CCC(=O)OCCOC(=O)C(C)CSCCN(CCCC)CCCC)CC1,0.08269762622675446
N(CCC(=O)OCCOC(=O)C(C)CSCCN(CCCC)CCCC)(CCC(=O)OCCOC(=O)C(C)CSCCN(CCCC)CCCC)CC1CCN(C)CC1,0.08973608520056699
N(CCC(=O)OCCOC(=O)C(C)CSCCN(CCCC)CCCC)(CCC(=O)OCCOC(=O)C(C)CSCCN(CCCC)CCCC)CCCN1CCN(C)CC1,0.08811700047462927
N(CCC(=O)OCCOC(=O)C(C)CSCCN(CCCC)CCCC)(CCC(=O)OCCOC(=O)C(C)CSCCN(CCCC)CCCC)CCN1CCCC1,0.08536866573208178
C1C(CN(CCC(=O)OCCOC(=O)C(C)CSCCN(CCCC)CCCC)(CCC(=O)OCCOC(=O)C(C)CSCCN(CCCC)CCCC))CCN(CCC(=O)OCCOC(=O)C(C)CSCCN(CCCC)CCCC)C1,0.08976774732175467
C1C(CCN(CCC(=O)OCCOC(=O)C(C)CSCCN(CCCC)CCCC)(CCC(=O)OCCOC(=O)C(C)CSCCN(CCCC)CCCC))CCN(CCC(=O)OCCOC(=O)C(C)CSCCN(CCCC)CCCC)C1,0.0880056798262717
CN(CCC(=O)OCCOC(=O)C(C)CSCCN(CCCC)CCCC)CCCCCCCCCCCC,0.06343503880521069
N(CCC(=O)OCCOC(=O)C(C)CSCCCC(=O)N5CCN(CCO)CC5)(CCC(=O)OCCOC(=O)C(C)CSCCCC(=O)N5CCN(CCO)CC5)CCN1CCOCC1,0.10686574752868061
N(CCC(=O)OCCOC(=O)C(C)CSCCCC(=O)N5CCN(CCO)CC5)(CCC(=O)OCCOC(=O)C(C)CSCCCC(=O)N5CCN(CCO)CC5)CCNCCN(CCC(=O)OCCOC(=O)C(C)CSCCCC(=O)N5CCN(CCO)CC5)CCNCCN(CCC(=O)OCCOC(=O)C(C)CSCCCC(=O)N5CCN(CCO)CC5)CCC(=O)OCCOC(=O)C(C)CSCCCC(=O)N5CCN(CCO)CC5,0.09233416092438645
N(CCN(CCC(=O)OCCOC(=O)C(C)CSCCCC(=O)N5CCN(CCO)CC5)(CCC(=O)OCCOC(=O)C(C)CSCCCC(=O)N5CCN(CCO)CC5))(CCN(CCC(=O)OCCOC(=O)C(C)CSCCCC(=O)N5CCN(CCO)CC5)(CCC(=O)OCCOC(=O)C(C)CSCCCC(=O)N5CCN(CCO)CC5))CCN(CCC(=O)OCCOC(=O)C(C)CSCCCC(=O)N5CCN(CCO)CC5)CCC(=O)OCCOC(=O)C(C)CSCCCC(=O)N5CCN(CCO)CC5,0.08816839643965585
CCCCCCCCN(CCC(=O)OCCOC(=O)C(C)CSCCCC(=O)N5CCN(CCO)CC5)CCCCCCCC,0.07801028290460141
CCCCCCCCN(CCC(=O)OCCOC(=O)C(C)CSCCCC(=O)N5CCN(CCO)CC5)CCC(=O)OCCOC(=O)C(C)CSCCCC(=O)N5CCN(CCO)CC5,0.0984887494570005
OCCN1CCN(CCC(=O)OCCOC(=O)C(C)CSCCCC(=O)N(C)CCCN(C)C)CC1,0.07548122717559137
N(CCC(=O)OCCOC(=O)C(C)CSCCCC(=O)N(C)CCCN(C)C)(CCC(=O)OCCOC(=O)C(C)CSCCCC(=O)N(C)CCCN(C)C)CCC1N(C)CCC1,0.08242027886804845
N(CCC(=O)OCCOC(=O)C(C)CSCCCC(=O)N(C)CCCN(C)C)(CCC(=O)OCCOC(=O)C(C)CSCCCC(=O)N(C)CCCN(C)C)CCN1CCOCC1,0.0822154778011431
CN(C)CCCN(CCC(=O)OCCOC(=O)C(C)CSCCCC(=O)N(C)CCCN(C)C)CCCN(CCC(=O)OCCOC(=O)C(C)CSCCCC(=O)N(C)CCCN(C)C)CCC(=O)OCCOC(=O)C(C)CSCCCC(=O)N(C)CCCN(C)C,0.07076099162864904
OCCN(CCC(=O)OCCOC(=O)C(C)CSCCCC(=O)N(C)CCCN(C)C)CCCN(CCC(=O)OCCOC(=O)C(C)CSCCCC(=O)N(C)CCCN(C)C)CCC(=O)OCCOC(=O)C(C)CSCCCC(=O)N(C)CCCN(C)C,0.0723598430141339
CN(CCC(=O)OCCOC(=O)C(C)CSCCCC(=O)N(C)CCCN(C)C)CCCCCCCCCCCC,0.05758215741020088
CCCCCCCCN(CCC(=O)OCCOC(=O)C(C)CSCCCC(=O)N(C)CCCN(C)C)CCC(=O)OCCOC(=O)C(C)CSCCCC(=O)N(C)CCCN(C)C,0.06951445682500734
CCCCCCCCCCCCN(CCC(=O)OCCOC(=O)C(C)CSCCCC(=O)N(C)CCCN(C)C)CCC(=O)OCCOC(=O)C(C)CSCCCC(=O)N(C)CCCN(C)C,0.06954586547030137
CCCCCCCCCCCCCCCCN(CCC(=O)OCCOC(=O)C(C)CSCCCC(=O)N(C)CCCN(C)C)CCC(=O)OCCOC(=O)C(C)CSCCCC(=O)N(C)CCCN(C)C,0.06973029154846032
N(CCC(=O)OCCOC(=O)C(C)CSCCCC(=O)N(C)CCN5(CCCCC5))(CCC(=O)OCCOC(=O)C(C)CSCCCC(=O)N(C)CCN5(CCCCC5))CCC1N(C)CCC1,0.1022157620801493
CCN(CCC(=O)OCCOC(=O)C(C)CSCCCC(=O)N(C)CCN5(CCCCC5))CCN(CCC(=O)OCCOC(=O)C(C)CSCCCC(=O)N(C)CCN5(CCCCC5))CC,0.09136357936203561
N(CCC(=O)OCCOC(=O)C(C)CSCCCC(=O)N(C)CCN5(CCCCC5))(CCC(=O)OCCOC(=O)C(C)CSCCCC(=O)N(C)CCN5(CCCCC5))CCNCCN(CCC(=O)OCCOC(=O)C(C)CSCCCC(=O)N(C)CCN5(CCCCC5))CCNCCN(CCC(=O)OCCOC(=O)C(C)CSCCCC(=O)N(C)CCN5(CCCCC5))CCC(=O)OCCOC(=O)C(C)CSCCCC(=O)N(C)CCN5(CCCCC5),0.08048077824700225
N(CCC(=O)OCCOC(=O)C(C)CSCCCCCCCCCCCCCC)(CCC(=O)OCCOC(=O)C(C)CSCCCCCCCCCCCCCC)CCN(C)C,-0.058149042321223365
CN(C)CCCN(CCC(=O)OCCOC(=O)C(C)CSCCCCCCCCCCCCCC)CCCN(CCC(=O)OCCOC(=O)C(C)CSCCCCCCCCCCCCCC)CCC(=O)OCCOC(=O)C(C)CSCCCCCCCCCCCCCC,-0.055524105607849095
N(CCN(CCC(=O)OCCOC(=O)C(C)CSCCCCCCCCCC)C)(CCN(CCC(=O)OCCOC(=O)C(C)CSCCCCCCCCCC)C)CCN(CCC(=O)OCCOC(=O)C(C)CSCCCCCCCCCC)C,-0.05211100796865367
N(CCC(=O)OCCOC(=O)C(C)CSCCCCCCCC)(CCC(=O)OCCOC(=O)C(C)CSCCCCCCCC)CCCN1CCN(CCCN(CCC(=O)OCCOC(=O)C(C)CSCCCCCCCC)(CCC(=O)OCCOC(=O)C(C)CSCCCCCCCC))CC1,-0.038772167092331535
N(CCC(=O)OCCOC(=O)C(C)CSCCCCCCCC)(CCC(=O)OCCOC(=O)C(C)CSCCCCCCCC)CCCN(CCC(=O)OCCOC(=O)C(C)CSCCCCCCCC)CCCN(CCC(=O)OCCOC(=O)C(C)CSCCCCCCCC)CCC(=O)OCCOC(=O)C(C)CSCCCCCCCC,-0.048946629822527156
N(CCC(=O)OCCOC(=O)C(C)CSCCCCCCCC)(CCC(=O)OCCOC(=O)C(C)CSCCCCCCCC)CCN(CCC(=O)OCCOC(=O)C(C)CSCCCCCCCC)CCN(CCC(=O)OCCOC(=O)C(C)CSCCCCCCCC)CCNCCN(CCC(=O)OCCOC(=O)C(C)CSCCCCCCCC)CCC(=O)OCCOC(=O)C(C)CSCCCCCCCC,-0.046962748554570125
N(CCN(CCC(=O)OCCOC(=O)C(C)CSCCCCCCCCCCCC)(CCC(=O)OCCOC(=O)C(C)CSCCCCCCCCCCCC))(CCN(CCC(=O)OCCOC(=O)C(C)CSCCCCCCCCCCCC)(CCC(=O)OCCOC(=O)C(C)CSCCCCCCCCCCCC))CCN(CCC(=O)OCCOC(=O)C(C)CSCCCCCCCCCCCC)CCC(=O)OCCOC(=O)C(C)CSCCCCCCCCCCCC,-0.05154808273987099
CN(C)CCCN(CCC(=O)OCCOC(=O)C(C)CSCCCCCCCC)CCCN(CCC(=O)OCCOC(=O)C(C)CSCCCCCCCC)CCC(=O)OCCOC(=O)C(C)CSCCCCCCCC,-0.05138664841630184
CCCCCCCCC(CCCCCC)C(=O)OCCCCCCN(CCCCO)CCCCCCOC(=O)C(CCCCCC)CCCCCCCC,0.19845402817166466
CCCCCC(CC)OC(=O)CCCCCCCCN(CCCCCCCCC(=O)OC(CC)CCCCC)CCCCCC(=O)NC1CCN(c2cccc(Cl)n2)CC1,0.2159292228738793
CCCCCC(CC)OC(=O)CCCCCCCCN(CCCCCCCCC(=O)OC(CC)CCCCC)CCCCCC(=O)NC1CCN(c2cccc(Cl)n2)CC1,0.2159292228738793
CCCCCC(CC)OC(=O)CCCCCCCCN(CCCCCCCCC(=O)OC(CC)CCCCC)CCCCCC(=O)NC1CCN(c2cccc(Cl)n2)CC1,0.2159292228738793
CCCCCC(CC)OC(=O)CCCCCCCCN(CCCCCCCCC(=O)OC(CC)CCCCC)CCCCCC(=O)NC1CCN(c2cccc(Cl)n2)CC1,0.2159292228738793
CCCCCC(CC)OC(=O)CCCCCCCCN(CCCCCCCCC(=O)OC(CC)CCCCC)CCCCCC(=O)NC1CCN(c2cccc(Cl)n2)CC1,0.2159292228738793
CCCCCC(CC)OC(=O)CCCCCCCCN(CCCCCCCCC(=O)OC(CC)CCCCC)CCCCCC(=O)NC1CCN(c2cccc(Cl)n2)CC1,0.2159292228738793
CCCCCC(CC)OC(=O)CCCCCCCCN(CCCCCCCCC(=O)OC(CC)CCCCC)CCCCCC(=O)NC1CCN(c2cccc(Cl)n2)CC1,0.2159292228738793
CCCCCC(CC)OC(=O)CCCCCCCCN(CCCCCCCCC(=O)OC(CC)CCCCC)CCCCCC(=O)NC1CCN(c2cccc(Cl)n2)CC1,0.2159292228738793
CCCCCCCCCCC(O)CN(CCCCC1NC(=O)C(CCCCN(CC(O)CCCCCCCCCC)CC(O)CCCCCCCCCC)NC1=O)CC(O)CCCCCCCCCC,0.25824335537542253
CCCCCCCCCCC(O)CN(CCCCC1NC(=O)C(CCCCN(CC(O)CCCCCCCCCC)CC(O)CCCCCCCCCC)NC1=O)CC(O)CCCCCCCCCC,0.25824335537542253
CCCCCCCCCCC(O)CN(CCCCC1NC(=O)C(CCCCN(CC(O)CCCCCCCCCC)CC(O)CCCCCCCCCC)NC1=O)CC(O)CCCCCCCCCC,0.25824335537542253
CCCCCCCCCCC(O)CN(CCCCC1NC(=O)C(CCCCN(CC(O)CCCCCCCCCC)CC(O)CCCCCCCCCC)NC1=O)CC(O)CCCCCCCCCC,0.25824335537542253
CCCCCCCCCCC(O)CN(CCCCC1NC(=O)C(CCCCN(CC(O)CCCCCCCCCC)CC(O)CCCCCCCCCC)NC1=O)CC(O)CCCCCCCCCC,0.25824335537542253
CCCCCCCCCCC(O)CN(CCCCC1NC(=O)C(CCCCN(CC(O)CCCCCCCCCC)CC(O)CCCCCCCCCC)NC1=O)CC(O)CCCCCCCCCC,0.25824335537542253
CCCCCCCCCCC(O)CN(CCCCC1NC(=O)C(CCCCN(CC(O)CCCCCCCCCC)CC(O)CCCCCCCCCC)NC1=O)CC(O)CCCCCCCCCC,0.25824335537542253
CCCCCCCCCCC(O)CN(CCCCC1NC(=O)C(CCCCN(CC(O)CCCCCCCCCC)CC(O)CCCCCCCCCC)NC1=O)CC(O)CCCCCCCCCC,0.25824335537542253
CCCCCCCCCCC(O)CN(CCCCC1NC(=O)C(CCCCN(CC(O)CCCCCCCCCC)CC(O)CCCCCCCCCC)NC1=O)CC(O)CCCCCCCCCC,0.25824344483750267
CCCCCCCCCCC(O)CN(CCCCC1NC(=O)C(CCCCN(CC(O)CCCCCCCCCC)CC(O)CCCCCCCCCC)NC1=O)CC(O)CCCCCCCCCC,0.25824344483750267
